<?xml version="1.0" encoding="UTF-8" standalone="no"?><Date date="2012-08-23"><Message type="TopicMessage"><Id>1345697621000-1</Id><Title>Qualcomm Confirms Quad-Core Snapdragon S4 will be in LG Optimus G</Title><Msg>Qualcomm Confirms Quad-Core Snapdragon S4 will be in LG Optimus G http://www.brightsideofnews.com/news/2012/8/22/qualcomm-confirms-quad-core-snapdragon-s4-will-be-in-lg-optimus-g.aspx</Msg><Username>getanid61</Username><Timestamp>1345697621000</Timestamp><DateTime>Thu, 2012-08-23 00:53:41 EDT</DateTime><ThumbUp>0</ThumbUp><ThumbDown>1</ThumbDown><Sentiment/></Message><Message type="ReplyMessage"><Id>1345699735000-2</Id><Topic><Title>Digitimes: tablet PCs are expected to surpass notebook sales in 3Q12</Title><Username>ibexx88</Username><Timestamp>1345686379000</Timestamp><DateTime>Wed, 2012-08-22 21:46:19 EDT</DateTime></Topic><Msg>sounds like a world of hurt . . . for Intel</Msg><Username>norcalnative_2</Username><Timestamp>1345699735000</Timestamp><DateTime>Thu, 2012-08-23 01:28:55 EDT</DateTime><ThumbUp>1</ThumbUp><ThumbDown>0</ThumbDown><Sentiment/></Message><Message type="ReplyMessage"><Id>1345699755000-3</Id><Topic><Title>Digitimes: tablet PCs are expected to surpass notebook sales in 3Q12</Title><Username>ibexx88</Username><Timestamp>1345686379000</Timestamp><DateTime>Wed, 2012-08-22 21:46:19 EDT</DateTime></Topic><Msg>if true, then INtel will have a HUGE part of it with Win8 !!</Msg><Username>getanid61</Username><Timestamp>1345699755000</Timestamp><DateTime>Thu, 2012-08-23 01:29:15 EDT</DateTime><ThumbUp>0</ThumbUp><ThumbDown>0</ThumbDown><Sentiment/></Message><Message type="ReplyMessage"><Id>1345699932000-4</Id><Topic><Title>Digitimes: tablet PCs are expected to surpass notebook sales in 3Q12</Title><Username>ibexx88</Username><Timestamp>1345686379000</Timestamp><DateTime>Wed, 2012-08-22 21:46:19 EDT</DateTime></Topic><Msg>My bad... jumped the gun on time frame</Msg><Username>getanid61</Username><Timestamp>1345699932000</Timestamp><DateTime>Thu, 2012-08-23 01:32:12 EDT</DateTime><ThumbUp>0</ThumbUp><ThumbDown>0</ThumbDown><Sentiment/></Message><Message type="ReplyMessage"><Id>1345701817000-5</Id><Topic><Title>ARM+TSMC leading Intel in SoC technology, says Warren East</Title><Username>ibexx88</Username><Timestamp>1345701295000</Timestamp><DateTime>Thu, 2012-08-23 01:54:55 EDT</DateTime></Topic><Msg>Just to add to that title... INtel will produce MCMs, and call them SOCs...</Msg><Username>getanid61</Username><Timestamp>1345701817000</Timestamp><DateTime>Thu, 2012-08-23 02:03:37 EDT</DateTime><ThumbUp>1</ThumbUp><ThumbDown>0</ThumbDown><Sentiment/></Message><Message type="ReplyMessage"><Id>1345704153000-6</Id><Topic><Title>j777kxx article</Title><Username>getanid61</Username><Timestamp>1345674606000</Timestamp><DateTime>Wed, 2012-08-22 18:30:06 EDT</DateTime></Topic><Msg>- Good point best. Everybody should stick to what they do best. Let the astute CFA's do the securities analysis work. And the tech guys fix their broken printers. Switching these roles is never a good thing. Nope. Just black spots on the carpeting and lost money. -</Msg><Username>good_point_best</Username><Timestamp>1345704153000</Timestamp><DateTime>Thu, 2012-08-23 02:42:33 EDT</DateTime><ThumbUp>0</ThumbUp><ThumbDown>0</ThumbDown><Sentiment/></Message><Message type="ReplyMessage"><Id>1345712117000-7</Id><Topic><Title>Qualcomm Confirms Quad-Core Snapdragon S4 will be in LG Optimus G</Title><Username>getanid61</Username><Timestamp>1345697621000</Timestamp><DateTime>Thu, 2012-08-23 00:53:41 EDT</DateTime></Topic><Msg>all that huge loss per Q was supposedly to 'outpace competition and introduce new products at PC type speeds'..... and nvda is late to the quad A15 party. And here, qcom is not just first to quad A15 party, but they did it with cheap radio integrated no less. 'Cheat me once, shame on you. Cheat me twice, shame on me.' Any long here still believes that Denver will beat out ARM 64bit not just in performance, but in product out? $Bs down the drain for nothing.</Msg><Username>whosunw</Username><Timestamp>1345712117000</Timestamp><DateTime>Thu, 2012-08-23 04:55:17 EDT</DateTime><ThumbUp>1</ThumbUp><ThumbDown>2</ThumbDown><Sentiment/></Message><Message type="ReplyMessage"><Id>1345712299000-8</Id><Topic><Title>Digitimes: tablet PCs are expected to surpass notebook sales in 3Q12</Title><Username>ibexx88</Username><Timestamp>1345686379000</Timestamp><DateTime>Wed, 2012-08-22 21:46:19 EDT</DateTime></Topic><Msg>no regular win8 tablets in 3Q12. in the long run, regular win8 tablet will have its own market. But unless msft gives up winRT tablets at $199, can't see it having much success at $400-500 a pop.</Msg><Username>whosunw</Username><Timestamp>1345712299000</Timestamp><DateTime>Thu, 2012-08-23 04:58:19 EDT</DateTime><ThumbUp>0</ThumbUp><ThumbDown>0</ThumbDown><Sentiment/></Message><Message type="ReplyMessage"><Id>1345722790000-9</Id><Topic><Title>Digitimes: tablet PCs are expected to surpass notebook sales in 3Q12</Title><Username>ibexx88</Username><Timestamp>1345686379000</Timestamp><DateTime>Wed, 2012-08-22 21:46:19 EDT</DateTime></Topic><Msg>I suppose the new Amazon 10 inch tablet that you said they will never make should also sell for $199? In the long run, you will be wrong as usual.</Msg><Username>chitownbarber22</Username><Timestamp>1345722790000</Timestamp><DateTime>Thu, 2012-08-23 07:53:10 EDT</DateTime><ThumbUp>2</ThumbUp><ThumbDown>2</ThumbDown><Sentiment/></Message><Message type="ReplyMessage"><Id>1345724503000-10</Id><Topic><Title>Digitimes: tablet PCs are expected to surpass notebook sales in 3Q12</Title><Username>ibexx88</Username><Timestamp>1345686379000</Timestamp><DateTime>Wed, 2012-08-22 21:46:19 EDT</DateTime></Topic><Msg>Stop wasting broad band with your useless posts.</Msg><Username>roydirect2003</Username><Timestamp>1345724503000</Timestamp><DateTime>Thu, 2012-08-23 08:21:43 EDT</DateTime><ThumbUp>1</ThumbUp><ThumbDown>1</ThumbDown><Sentiment/></Message><Message type="ReplyMessage"><Id>1345727633000-11</Id><Topic><Title>Big buys for the friday 15 calls</Title><Username>on2five</Username><Timestamp>1345660773000</Timestamp><DateTime>Wed, 2012-08-22 14:39:33 EDT</DateTime></Topic><Msg>Call volume picking up. http://www.avafin.com/articles/1016912.htmll volume picking up.</Msg><Username>on2five</Username><Timestamp>1345727633000</Timestamp><DateTime>Thu, 2012-08-23 09:13:53 EDT</DateTime><ThumbUp>0</ThumbUp><ThumbDown>0</ThumbDown><Sentiment/></Message><Message type="TopicMessage"><Id>1345728019000-12</Id><Title>AMD cries uncle.</Title><Msg>http://news.techeye.net/chips/amd-plans-gpu-price-cuts They just keep losing to nvidia. No wonder their top salesman jumped ship to our side. Don't believe it's macro. Company specific.</Msg><Username>on2five</Username><Timestamp>1345728019000</Timestamp><DateTime>Thu, 2012-08-23 09:20:19 EDT</DateTime><ThumbUp>1</ThumbUp><ThumbDown>0</ThumbDown><Sentiment/></Message><Message type="ReplyMessage"><Id>1345729180000-13</Id><Topic><Title>Qualcomm Confirms Quad-Core Snapdragon S4 will be in LG Optimus G</Title><Username>getanid61</Username><Timestamp>1345697621000</Timestamp><DateTime>Thu, 2012-08-23 00:53:41 EDT</DateTime></Topic><Msg>"And here, qcom is not just first to quad A15 party, but they did it with cheap radio integrated no less." Yet qcom can't boot windows... screwed their partners including HP &amp; DELL !!!!! "Cheat me once, shame on you. Cheat me twice, shame on me.' Any long here still believes that Denver will beat out ARM 64bit not just in performance, but in product out?" Tell us what you believe !!!! Anything... Or rather, you have NO info at all !!!!!! NO CLUE...NONE !!!!!!</Msg><Username>getanid61</Username><Timestamp>1345729180000</Timestamp><DateTime>Thu, 2012-08-23 09:39:40 EDT</DateTime><ThumbUp>2</ThumbUp><ThumbDown>0</ThumbDown><Sentiment/></Message><Message type="TopicMessage"><Id>1345730448000-14</Id><Title>Not bouncing support anymore</Title><Msg>Its just hugging it. Chances are we will break support, though hopefully not.</Msg><Username>roydirect2003</Username><Timestamp>1345730448000</Timestamp><DateTime>Thu, 2012-08-23 10:00:48 EDT</DateTime><ThumbUp>0</ThumbUp><ThumbDown>0</ThumbDown><Sentiment/></Message><Message type="ReplyMessage"><Id>1345730631000-15</Id><Topic><Title>Digitimes: tablet PCs are expected to surpass notebook sales in 3Q12</Title><Username>ibexx88</Username><Timestamp>1345686379000</Timestamp><DateTime>Wed, 2012-08-22 21:46:19 EDT</DateTime></Topic><Msg>Speaking of useless, counting the one you live in, how many trailer parks are in the Montreal area?</Msg><Username>chitownbarber22</Username><Timestamp>1345730631000</Timestamp><DateTime>Thu, 2012-08-23 10:03:51 EDT</DateTime><ThumbUp>0</ThumbUp><ThumbDown>0</ThumbDown><Sentiment/></Message><Message type="TopicMessage"><Id>1345730905000-16</Id><Title>chitown, remove your lips from ibexx's behind</Title><Msg>...per his request. He needs to pass gas and hates to hurt you in process.</Msg><Username>roydirect2003</Username><Timestamp>1345730905000</Timestamp><DateTime>Thu, 2012-08-23 10:08:25 EDT</DateTime><ThumbUp>0</ThumbUp><ThumbDown>0</ThumbDown><Sentiment/></Message><Message type="ReplyMessage"><Id>1345731407000-17</Id><Topic><Title>Digitimes: tablet PCs are expected to surpass notebook sales in 3Q12</Title><Username>ibexx88</Username><Timestamp>1345686379000</Timestamp><DateTime>Wed, 2012-08-22 21:46:19 EDT</DateTime></Topic><Msg>Wow, that was a good one, really original!</Msg><Username>roydirect2003</Username><Timestamp>1345731407000</Timestamp><DateTime>Thu, 2012-08-23 10:16:47 EDT</DateTime><ThumbUp>0</ThumbUp><ThumbDown>0</ThumbDown><Sentiment/></Message><Message type="TopicMessage"><Id>1345731548000-18</Id><Title>Buy</Title><Msg>start to buy</Msg><Username>jasonhustock</Username><Timestamp>1345731548000</Timestamp><DateTime>Thu, 2012-08-23 10:19:08 EDT</DateTime><ThumbUp>0</ThumbUp><ThumbDown>0</ThumbDown><Sentiment/></Message><Message type="TopicMessage"><Id>1345731651000-19</Id><Title>NVDA leaps are holding well though</Title><Msg>The silver lining: the leaps have'nt lost much though since last week.</Msg><Username>roydirect2003</Username><Timestamp>1345731651000</Timestamp><DateTime>Thu, 2012-08-23 10:20:51 EDT</DateTime><ThumbUp>0</ThumbUp><ThumbDown>0</ThumbDown><Sentiment/></Message><Message type="ReplyMessage"><Id>1345731767000-20</Id><Topic><Title>Buy</Title><Username>jasonhustock</Username><Timestamp>1345731548000</Timestamp><DateTime>Thu, 2012-08-23 10:19:08 EDT</DateTime></Topic><Msg>I agree, If I was'nt in, I would buy. I think she is going to hold; just MMs shaking the tree.</Msg><Username>roydirect2003</Username><Timestamp>1345731767000</Timestamp><DateTime>Thu, 2012-08-23 10:22:47 EDT</DateTime><ThumbUp>0</ThumbUp><ThumbDown>0</ThumbDown><Sentiment/></Message><Message type="ReplyMessage"><Id>1345731820000-21</Id><Topic><Title>NVDA leaps are holding well though</Title><Username>roydirect2003</Username><Timestamp>1345731651000</Timestamp><DateTime>Thu, 2012-08-23 10:20:51 EDT</DateTime></Topic><Msg>So far that is.</Msg><Username>roydirect2003</Username><Timestamp>1345731820000</Timestamp><DateTime>Thu, 2012-08-23 10:23:40 EDT</DateTime><ThumbUp>0</ThumbUp><ThumbDown>0</ThumbDown><Sentiment/></Message><Message type="ReplyMessage"><Id>1345732036000-22</Id><Topic><Title>chitown, remove your lips from ibexx's behind</Title><Username>roydirect2003</Username><Timestamp>1345730905000</Timestamp><DateTime>Thu, 2012-08-23 10:08:25 EDT</DateTime></Topic><Msg>Speaking of passing gas, no one knows better than you from personal experience of getting injured while constantly having your tongue in someones behind as much as you. BTW, you didn't answer how many trailer parks are in the Montreal area? Make sure you include the one you currently live in.</Msg><Username>chitownbarber22</Username><Timestamp>1345732036000</Timestamp><DateTime>Thu, 2012-08-23 10:27:16 EDT</DateTime><ThumbUp>0</ThumbUp><ThumbDown>1</ThumbDown><Sentiment/></Message><Message type="ReplyMessage"><Id>1345732286000-23</Id><Topic><Title>chitown, remove your lips from ibexx's behind</Title><Username>roydirect2003</Username><Timestamp>1345730905000</Timestamp><DateTime>Thu, 2012-08-23 10:08:25 EDT</DateTime></Topic><Msg>1396 including mine, happy, now can you remove your lips from ibexx's behind?</Msg><Username>roydirect2003</Username><Timestamp>1345732286000</Timestamp><DateTime>Thu, 2012-08-23 10:31:26 EDT</DateTime><ThumbUp>1</ThumbUp><ThumbDown>0</ThumbDown><Sentiment/></Message><Message type="TopicMessage"><Id>1345732480000-24</Id><Title>Weeeeeee! Everybody throw your hands up</Title><Msg>for the roller coaster ride straight down.</Msg><Username>miguelsicluna</Username><Timestamp>1345732480000</Timestamp><DateTime>Thu, 2012-08-23 10:34:40 EDT</DateTime><ThumbUp>0</ThumbUp><ThumbDown>0</ThumbDown><Sentiment/></Message><Message type="TopicMessage"><Id>1345733689000-25</Id><Title>Given sector's performance today, specially INTC &amp; HPQ</Title><Msg>crushing with major volume, NVDA is doing well. I would'nt be surprised if it recovers back up to support by close today.</Msg><Username>roydirect2003</Username><Timestamp>1345733689000</Timestamp><DateTime>Thu, 2012-08-23 10:54:49 EDT</DateTime><ThumbUp>0</ThumbUp><ThumbDown>0</ThumbDown><Sentiment/></Message><Message type="ReplyMessage"><Id>1345734164000-26</Id><Topic><Title>Procure and grip cannot expire, NVDA</Title><Username>bucklucy360</Username><Timestamp>1345729901000</Timestamp><DateTime>Thu, 2012-08-23 09:51:41 EDT</DateTime></Topic><Msg>cellExent post HlTYA, I think you should cut and paste it into a new thread to free it from the diluting and polluting effect of Crappy's feeble attempt at scaring of weak hands out of the stock.</Msg><Username>hermanstacy479</Username><Timestamp>1345734164000</Timestamp><DateTime>Thu, 2012-08-23 11:02:44 EDT</DateTime><ThumbUp>0</ThumbUp><ThumbDown>0</ThumbDown><Sentiment/></Message><Message type="TopicMessage"><Id>1345734284000-27</Id><Title>Wow, what happened here?</Title><Msg>Not even sure if I should average down anymore... This has to be the worst stock I've ever invested in...</Msg><Username>stocktrader4444</Username><Timestamp>1345734284000</Timestamp><DateTime>Thu, 2012-08-23 11:04:44 EDT</DateTime><ThumbUp>0</ThumbUp><ThumbDown>0</ThumbDown><Sentiment/></Message><Message type="TopicMessage"><Id>1345735085000-28</Id><Title>Come on weak...move</Title><Msg>Will close at 14.50+</Msg><Username>stocktrader4444</Username><Timestamp>1345735085000</Timestamp><DateTime>Thu, 2012-08-23 11:18:05 EDT</DateTime><ThumbUp>0</ThumbUp><ThumbDown>0</ThumbDown><Sentiment/></Message><Message type="ReplyMessage"><Id>1345735144000-29</Id><Topic><Title>Procure and grip cannot expire, NVDA</Title><Username>bucklucy360</Username><Timestamp>1345729901000</Timestamp><DateTime>Thu, 2012-08-23 09:51:41 EDT</DateTime></Topic><Msg>o.k. there fake people, idiots</Msg><Username>stocktrader4444</Username><Timestamp>1345735144000</Timestamp><DateTime>Thu, 2012-08-23 11:19:04 EDT</DateTime><ThumbUp>0</ThumbUp><ThumbDown>0</ThumbDown><Sentiment/></Message><Message type="ReplyMessage"><Id>1345735863000-30</Id><Topic><Title>AMD cries uncle.</Title><Username>on2five</Username><Timestamp>1345728019000</Timestamp><DateTime>Thu, 2012-08-23 09:20:19 EDT</DateTime></Topic><Msg>AMD cutting prices with 28nm supply still tight... and the rats keep jumping ship... but hey, they're in x86...</Msg><Username>getanid61</Username><Timestamp>1345735863000</Timestamp><DateTime>Thu, 2012-08-23 11:31:03 EDT</DateTime><ThumbUp>0</ThumbUp><ThumbDown>0</ThumbDown><Sentiment/></Message><Message type="ReplyMessage"><Id>1345735933000-31</Id><Topic><Title>AMD cries uncle.</Title><Username>on2five</Username><Timestamp>1345728019000</Timestamp><DateTime>Thu, 2012-08-23 09:20:19 EDT</DateTime></Topic><Msg>"AMD is having problems dealing with Nvidia's GTX 660Ti which is a pretty good card for the price. Nvidia also has a larger number of powerful GPUs. AMD's logic is that if its cards are cheap enough, then people will buy them." Gamers know. AMD doesn't have a roadmap any longer. It'll take years to rebuild their lineup and new architecture. The question is will the company survive long enough to make it happen?</Msg><Username>norcalnative_2</Username><Timestamp>1345735933000</Timestamp><DateTime>Thu, 2012-08-23 11:32:13 EDT</DateTime><ThumbUp>0</ThumbUp><ThumbDown>0</ThumbDown><Sentiment/></Message><Message type="ReplyMessage"><Id>1345736919000-32</Id><Topic><Title>Procure and grip cannot expire, NVDA</Title><Username>bucklucy360</Username><Timestamp>1345729901000</Timestamp><DateTime>Thu, 2012-08-23 09:51:41 EDT</DateTime></Topic><Msg>No bro,,,An investor without investment objectives is like a traveler without a destination. So do invest in the right way on the right time &amp; the right amount; Feel like free bird that was never felt before. Wishing you best of luck.</Msg><Username>workmanhensley308</Username><Timestamp>1345736919000</Timestamp><DateTime>Thu, 2012-08-23 11:48:39 EDT</DateTime><ThumbUp>0</ThumbUp><ThumbDown>0</ThumbDown><Sentiment/></Message><Message type="TopicMessage"><Id>1345737345000-33</Id><Title>Estimated price per share still at 17</Title><Msg>Holding @ 14.37 Come on bounceee, no reason why it's this low. 0 debt...come on, there's no such thing in the tech world</Msg><Username>stocktrader4444</Username><Timestamp>1345737345000</Timestamp><DateTime>Thu, 2012-08-23 11:55:45 EDT</DateTime><ThumbUp>0</ThumbUp><ThumbDown>0</ThumbDown><Sentiment/></Message><Message type="ReplyMessage"><Id>1345737684000-34</Id><Topic><Title>chitown, remove your lips from ibexx's behind</Title><Username>roydirect2003</Username><Timestamp>1345730905000</Timestamp><DateTime>Thu, 2012-08-23 10:08:25 EDT</DateTime></Topic><Msg>he has to get his finger out of his own behind first.</Msg><Username>amdshortsrfools</Username><Timestamp>1345737684000</Timestamp><DateTime>Thu, 2012-08-23 12:01:24 EDT</DateTime><ThumbUp>1</ThumbUp><ThumbDown>0</ThumbDown><Sentiment/></Message><Message type="TopicMessage"><Id>1345738167000-35</Id><Title>This is like watching a cat bleed out....</Title><Msg>Sad, sad...sad... Weakest stock I've ever invested in</Msg><Username>stocktrader4444</Username><Timestamp>1345738167000</Timestamp><DateTime>Thu, 2012-08-23 12:09:27 EDT</DateTime><ThumbUp>0</ThumbUp><ThumbDown>0</ThumbDown><Sentiment/></Message><Message type="ReplyMessage"><Id>1345738282000-36</Id><Topic><Title>This is like watching a cat bleed out....</Title><Username>stocktrader4444</Username><Timestamp>1345738167000</Timestamp><DateTime>Thu, 2012-08-23 12:09:27 EDT</DateTime></Topic><Msg>Sad but true. Its not even trying to get back the lost ground. It moves lower and just sits there.</Msg><Username>roydirect2003</Username><Timestamp>1345738282000</Timestamp><DateTime>Thu, 2012-08-23 12:11:22 EDT</DateTime><ThumbUp>0</ThumbUp><ThumbDown>0</ThumbDown><Sentiment/></Message><Message type="TopicMessage"><Id>1345738682000-37</Id><Title>Buried deep in 10-Q: Skyrocketing Tegra losses</Title><Msg>- Buried deep in 10-Q: Skyrocketing Tegra losses. Remember when Jen and his Interim CFO announced their 2Q “earnings” a few weeks ago? But didn’t give too many details about the CPB/Tegra Division. Well, the 10-Q for nvidia’s 2Q was filed on Wednesday with the SEC. Along with all the sordid details that weren’t previously mentioned. Let’s take a look at the CPB/Tegra Division’s results, shall we? First, the results are Buried about as deep as can possibly be. At the bottom of page 28 of the FINANCIAL STATEMENTS (UNAUDITED) section. Here’s the link. Scroll down to page 28. I’ll wait for ya. http://yahoo.brand.edgar-online.com/displayfilinginfo.aspx?FilingID=8787648-7921-101340&amp;type=sect&amp;dcn=0001045810-12-000036 Note that the nvidia Consumer Products Business, or CPB, “is comprised of Tegra based smartphone and tablet products," as well as this and that. But realistically, Icera revenues and the rest of this and that are a rounding error. It’s almost all Tegra. So how exactly did the CPB/Tegra Division do? Well, put on a gas mask and let’s take a look at the 10-Q filed with the SEC on 8/22/2012. All numbers in ($000’s) CPB REVENUE – 2Q year-to-year 179,646 __ Three months ended July 29, 2012 167,684 __ Three months ended July 31, 2011 --------- +11,962 &lt; A little bit more revenue, right boys? + 7.13% &lt; That’s it for CPB/Tegra growth? 7.13% year-over-year? CPB OPERATING INCOME (LOSS) – 2Q year-to-year (89,732) __ Three months ended July 29, 2012 (35,541) __ Three months ended July 31, 2011 ---------- (54,191) &lt; Increased CPB/Tegra Loss from the prior year +152.47% &lt; Growth in CPB/Tegra Losses vs. 7.13% growth in revenue. Or another way to look at is, on an incremental increase of $11,962,000 in sales, the CPB/Tegra division lost ($54,191,000) CPB MARGINS – 2Q year-to-year (-49.95%) __ Three months ended July 29, 2012 (-21.19%) __ Three months ended July 31, 2011 The only thing Worse than negative margins – is Rapidly Growing negative margins. Unscrew your gas mask canisters -- and reload, boys. Next we’ll take a look at the six months year-to-date CPB results. CPB REVENUE – First Half -- year-to-year 312,158 __ Six months ended July 29, 2012 290,294 __ Six months ended July 31, 2011 --------- + 21,875 + 7.53% &lt; That’s it boys. All that Tegra carnival barking for a measly +7.53% growth. CPB OPERATING INCOME (LOSS) -- First Half -- year-to-year (191,641) __ Six months ended July 29, 2012 ( 70,846) __ Six months ended July 31, 2011 ----------- (120,795) &lt; Even more Lost this year than last year, right boys? + 170.50% &lt; An impressive percentage -- but unfortunately in Operating Losses The CPB/Tegra Division is on pace to rack-up nearly $400,000,000.00 of losses this year alone. CPB MARGINS -- First Half -- year-to-year (-61.39%) __ Six months ended July 29, 2012 (-24.40%) __ Six months ended July 31, 2011 Imagine losing $161.39 on every $100.00 sale? That’s exactly what Jen’s CPB /Tegra business is doing. Selling Tegra’s WELL below their cost. And the funny thing is – the pumper boys cheer every time the Tegra has a “win”! When they should be mourning the loss of even more cash. Oh my! My my my. Operating Losses absolutely Skyrocketed. Yes. SKYROCKETED, boys. ($191,641,000.00) just for the six months ended July 29, 2012. Up from ($70,846,000.00) lost in the same year ago period. Might explain why Jen and his Interim CFO didn’t go into too much CPB/Tegra detail on the conference call, right boys? What’s Best always say again? Hummm? "The first ones out get the best and highest prices." -</Msg><Username>epic.best</Username><Timestamp>1345738682000</Timestamp><DateTime>Thu, 2012-08-23 12:18:02 EDT</DateTime><ThumbUp>16</ThumbUp><ThumbDown>2</ThumbDown><Sentiment/></Message><Message type="TopicMessage"><Id>1345739045000-38</Id><Title>FAIL - I'm averaging down at 12-13.</Title><Msg>I'll keep averaging down to 10. Make sure I make some $ on the next ride in 2013</Msg><Username>stocktrader4444</Username><Timestamp>1345739045000</Timestamp><DateTime>Thu, 2012-08-23 12:24:05 EDT</DateTime><ThumbUp>0</ThumbUp><ThumbDown>0</ThumbDown><Sentiment/></Message><Message type="TopicMessage"><Id>1345739710000-39</Id><Title>What's with all the spammers on this board, lame</Title><Msg>What's with all the spammers on this board.</Msg><Username>stocktrader4444</Username><Timestamp>1345739710000</Timestamp><DateTime>Thu, 2012-08-23 12:35:10 EDT</DateTime><ThumbUp>0</ThumbUp><ThumbDown>0</ThumbDown><Sentiment/></Message><Message type="ReplyMessage"><Id>1345739907000-40</Id><Topic><Title>Buried deep in 10-Q: Skyrocketing Tegra losses</Title><Username>epic.best</Username><Timestamp>1345738682000</Timestamp><DateTime>Thu, 2012-08-23 12:18:02 EDT</DateTime></Topic><Msg>Why do you hate nvda so much...</Msg><Username>mikeywalson</Username><Timestamp>1345739907000</Timestamp><DateTime>Thu, 2012-08-23 12:38:27 EDT</DateTime><ThumbUp>1</ThumbUp><ThumbDown>0</ThumbDown><Sentiment/></Message><Message type="ReplyMessage"><Id>1345740596000-41</Id><Topic><Title>Buried deep in 10-Q: Skyrocketing Tegra losses</Title><Username>epic.best</Username><Timestamp>1345738682000</Timestamp><DateTime>Thu, 2012-08-23 12:18:02 EDT</DateTime></Topic><Msg>LOL, because they can't hold a run for more than 2 days for that past 10 years..</Msg><Username>stocktrader4444</Username><Timestamp>1345740596000</Timestamp><DateTime>Thu, 2012-08-23 12:49:56 EDT</DateTime><ThumbUp>0</ThumbUp><ThumbDown>0</ThumbDown><Sentiment/></Message><Message type="ReplyMessage"><Id>1345740614000-42</Id><Topic><Title>Buried deep in 10-Q: Skyrocketing Tegra losses</Title><Username>epic.best</Username><Timestamp>1345738682000</Timestamp><DateTime>Thu, 2012-08-23 12:18:02 EDT</DateTime></Topic><Msg>Ignore him like everyone else. Consumer products includes Tegra and "this and that" LOL.....PC sales are down, not exactly news. So with Tegra design wins coming everyday he is now trying to spin some other official document he is unqualified to read. He's a spam happy dope.</Msg><Username>patent_killr</Username><Timestamp>1345740614000</Timestamp><DateTime>Thu, 2012-08-23 12:50:14 EDT</DateTime><ThumbUp>1</ThumbUp><ThumbDown>0</ThumbDown><Sentiment/></Message><Message type="ReplyMessage"><Id>1345740703000-43</Id><Topic><Title>Buried deep in 10-Q: Skyrocketing Tegra losses</Title><Username>epic.best</Username><Timestamp>1345738682000</Timestamp><DateTime>Thu, 2012-08-23 12:18:02 EDT</DateTime></Topic><Msg>LOL. Because he's PAID TO HATE. Too bad he's never heard of a simple term called INVESTMENT. The Tegra product line can afford to lose money at this point, the Tegra revenue stream is in it's infancy.</Msg><Username>norcalnative_2</Username><Timestamp>1345740703000</Timestamp><DateTime>Thu, 2012-08-23 12:51:43 EDT</DateTime><ThumbUp>1</ThumbUp><ThumbDown>0</ThumbDown><Sentiment/></Message><Message type="ReplyMessage"><Id>1345741193000-44</Id><Topic><Title>Buried deep in 10-Q: Skyrocketing Tegra losses</Title><Username>epic.best</Username><Timestamp>1345738682000</Timestamp><DateTime>Thu, 2012-08-23 12:18:02 EDT</DateTime></Topic><Msg>If u checked, R&amp;D also increased by tens of millions. Tegra is new product, along with icera. Hence spending $ on them to transform from pc to fight the war on mobile in order to conquer qualcom is expected and fine. If u check amazon, they too spend lots of $ and make little. Amzn PE close to 100.</Msg><Username>chrisssable</Username><Timestamp>1345741193000</Timestamp><DateTime>Thu, 2012-08-23 12:59:53 EDT</DateTime><ThumbUp>1</ThumbUp><ThumbDown>0</ThumbDown><Sentiment/></Message><Message type="ReplyMessage"><Id>1345741593000-45</Id><Topic><Title>Potential Weakness</Title><Username>tarrahimo848</Username><Timestamp>1345736422000</Timestamp><DateTime>Thu, 2012-08-23 11:40:22 EDT</DateTime></Topic><Msg>There are amazing.</Msg><Username>reaglerrz8170</Username><Timestamp>1345741593000</Timestamp><DateTime>Thu, 2012-08-23 13:06:33 EDT</DateTime><ThumbUp>0</ThumbUp><ThumbDown>1</ThumbDown><Sentiment/></Message><Message type="ReplyMessage"><Id>1345742139000-46</Id><Topic><Title>New Analysis on NVIDIA Corporation Suggests Drop</Title><Username>cordiegromoll</Username><Timestamp>1345741634000</Timestamp><DateTime>Thu, 2012-08-23 13:07:14 EDT</DateTime></Topic><Msg>Phucken Phag</Msg><Username>stocktrader4444</Username><Timestamp>1345742139000</Timestamp><DateTime>Thu, 2012-08-23 13:15:39 EDT</DateTime><ThumbUp>0</ThumbUp><ThumbDown>1</ThumbDown><Sentiment/></Message><Message type="TopicMessage"><Id>1345743083000-47</Id><Title>China Android app store virus hit half a million users</Title><Msg>that they know of. Probably more. http://www.businessinsider.com/8-android-flaws-2012-8#malwareviruses-run-rampant-on-the-operating-system-5</Msg><Username>miguelsicluna</Username><Timestamp>1345743083000</Timestamp><DateTime>Thu, 2012-08-23 13:31:23 EDT</DateTime><ThumbUp>1</ThumbUp><ThumbDown>0</ThumbDown><Sentiment/></Message><Message type="ReplyMessage"><Id>1345743317000-48</Id><Topic><Title>Buried deep in 10-Q: Skyrocketing Tegra losses</Title><Username>epic.best</Username><Timestamp>1345738682000</Timestamp><DateTime>Thu, 2012-08-23 12:18:02 EDT</DateTime></Topic><Msg>Senor BEST, It look to me like this Tegra experiment will never be profitable, and should just be canceled.</Msg><Username>miguelsicluna</Username><Timestamp>1345743317000</Timestamp><DateTime>Thu, 2012-08-23 13:35:17 EDT</DateTime><ThumbUp>109</ThumbUp><ThumbDown>3</ThumbDown><Sentiment/></Message><Message type="ReplyMessage"><Id>1345743450000-49</Id><Topic><Title>Buried deep in 10-Q: Skyrocketing Tegra losses</Title><Username>epic.best</Username><Timestamp>1345738682000</Timestamp><DateTime>Thu, 2012-08-23 12:18:02 EDT</DateTime></Topic><Msg>Tegra is not new. It's already up to what 4 generations? And the losses haven't stopped or decreased, Senor BEST showed that the Tegra losses are actually still increasing exponentially. Just cancel Tegra and be profitable again.</Msg><Username>miguelsicluna</Username><Timestamp>1345743450000</Timestamp><DateTime>Thu, 2012-08-23 13:37:30 EDT</DateTime><ThumbUp>107</ThumbUp><ThumbDown>4</ThumbDown><Sentiment/></Message><Message type="ReplyMessage"><Id>1345743713000-50</Id><Topic><Title>Buried deep in 10-Q: Skyrocketing Tegra losses</Title><Username>epic.best</Username><Timestamp>1345738682000</Timestamp><DateTime>Thu, 2012-08-23 12:18:02 EDT</DateTime></Topic><Msg>- "Tegra is a new product." Whaaaaat???! Tegra is NOT a new product. "The Tegra product line was revealed on June 2, 2008." Says Wikipedia. http://en.wikipedia.org/wiki/Tegra So the Tegra ARM processor is now over four (4) years old. Yet has never made a nickel. And probably never will. Just Massively Growing Losses. Quarter after quarter after quarter.... They don't call it "Jen's folly" for nothing, u know. -</Msg><Username>perceptive.best</Username><Timestamp>1345743713000</Timestamp><DateTime>Thu, 2012-08-23 13:41:53 EDT</DateTime><ThumbUp>109</ThumbUp><ThumbDown>3</ThumbDown><Sentiment/></Message><Message type="ReplyMessage"><Id>1345745498000-51</Id><Topic><Title>Buried deep in 10-Q: Skyrocketing Tegra losses</Title><Username>epic.best</Username><Timestamp>1345738682000</Timestamp><DateTime>Thu, 2012-08-23 12:18:02 EDT</DateTime></Topic><Msg>migelsiclu. . . is another one of his many many aliases, hence the negative stream that ebbs forth from his postings as well</Msg><Username>eir951</Username><Timestamp>1345745498000</Timestamp><DateTime>Thu, 2012-08-23 14:11:38 EDT</DateTime><ThumbUp>1</ThumbUp><ThumbDown>1</ThumbDown><Sentiment/></Message><Message type="ReplyMessage"><Id>1345747465000-52</Id><Topic><Title>Qualcomm Confirms Quad-Core Snapdragon S4 will be in LG Optimus G</Title><Username>getanid61</Username><Timestamp>1345697621000</Timestamp><DateTime>Thu, 2012-08-23 00:53:41 EDT</DateTime></Topic><Msg>The QCOM s4 pro does not have integrated LTE! " The combination of the APQ8064 and MDM9615 modem ..." this thing must have a 3000mAH battery! compared with the typical 1800 - 2100 mAH.It probably have a tower fan at the back to cool the modem and the GPU :) If it doesn't they probably provide some plumbing on the phone for external water cooling. Cant wait for NVDA to deliver an Quad Core with integrated LTE and for the price! and great performance.</Msg><Username>qmtai2</Username><Timestamp>1345747465000</Timestamp><DateTime>Thu, 2012-08-23 14:44:25 EDT</DateTime><ThumbUp>2</ThumbUp><ThumbDown>2</ThumbDown><Sentiment/></Message><Message type="ReplyMessage"><Id>1345747671000-53</Id><Topic><Title>Qualcomm Confirms Quad-Core Snapdragon S4 will be in LG Optimus G</Title><Username>getanid61</Username><Timestamp>1345697621000</Timestamp><DateTime>Thu, 2012-08-23 00:53:41 EDT</DateTime></Topic><Msg>I understand it to be dual-core integrated, and quad core standalone with Icera discrete...?? We'll see...</Msg><Username>getanid61</Username><Timestamp>1345747671000</Timestamp><DateTime>Thu, 2012-08-23 14:47:51 EDT</DateTime><ThumbUp>0</ThumbUp><ThumbDown>2</ThumbDown><Sentiment/></Message><Message type="ReplyMessage"><Id>1345748238000-54</Id><Topic><Title>Big buys for the friday 15 calls</Title><Username>on2five</Username><Timestamp>1345660773000</Timestamp><DateTime>Wed, 2012-08-22 14:39:33 EDT</DateTime></Topic><Msg>More like big sells</Msg><Username>tomasco3777</Username><Timestamp>1345748238000</Timestamp><DateTime>Thu, 2012-08-23 14:57:18 EDT</DateTime><ThumbUp>0</ThumbUp><ThumbDown>0</ThumbDown><Sentiment/></Message><Message type="ReplyMessage"><Id>1345748247000-55</Id><Topic><Title>Procure and grip cannot expire, NVDA</Title><Username>bucklucy360</Username><Timestamp>1345729901000</Timestamp><DateTime>Thu, 2012-08-23 09:51:41 EDT</DateTime></Topic><Msg>Just promise to come back on here if it works. That's all I ask.</Msg><Username>loydnelson960</Username><Timestamp>1345748247000</Timestamp><DateTime>Thu, 2012-08-23 14:57:27 EDT</DateTime><ThumbUp>0</ThumbUp><ThumbDown>5</ThumbDown><Sentiment/></Message><Message type="ReplyMessage"><Id>1345748292000-56</Id><Topic><Title>Qualcomm Confirms Quad-Core Snapdragon S4 will be in LG Optimus G</Title><Username>getanid61</Username><Timestamp>1345697621000</Timestamp><DateTime>Thu, 2012-08-23 00:53:41 EDT</DateTime></Topic><Msg>- "Tell us what you believe !!!! Anything... Or rather, you have NO info at all !!!!!! NO CLUE...NONE !!!!!!" getanid61 appears to be, well, quite rattled today. First, Best reveals the Crushing, Exponentially Growing Tegra Losses in the just-released nvidia 10-Q. And then whosunw confirms Qualcomm's Quad Core A15 procesor. With an integrated on-board "cheap radio", as Jen calls 'em. Rattled. Oh so rattled he is. -</Msg><Username>elf.best</Username><Timestamp>1345748292000</Timestamp><DateTime>Thu, 2012-08-23 14:58:12 EDT</DateTime><ThumbUp>3</ThumbUp><ThumbDown>4</ThumbDown><Sentiment/></Message><Message type="TopicMessage"><Id>1345748733000-57</Id><Title>Kindle Fire Launch September 6th</Title><Msg>Announcing in L.A., 10 inch screen to be tied to more entertainment than just books. http://content.usatoday.com/communities/technologylive/post/2012/08/amazon-press-conference--new-kindle/1</Msg><Username>patent_killr</Username><Timestamp>1345748733000</Timestamp><DateTime>Thu, 2012-08-23 15:05:33 EDT</DateTime><ThumbUp>3</ThumbUp><ThumbDown>0</ThumbDown><Sentiment/></Message><Message type="ReplyMessage"><Id>1345749386000-58</Id><Topic><Title>Qualcomm Confirms Quad-Core Snapdragon S4 will be in LG Optimus G</Title><Username>getanid61</Username><Timestamp>1345697621000</Timestamp><DateTime>Thu, 2012-08-23 00:53:41 EDT</DateTime></Topic><Msg>- I'll bet that the LG Optimus G phone would have been a big deal -- if nvidia had won it. But they didn't, did they? No they didn't. Qualcomm's brand-new quad-core A15 Snapdragon S4 did. But look at the bright side, boys. Fewer Tegra's sold = Smaller losses for nvidia shareholders. So cheer for Team Qualcomm, right? -</Msg><Username>elf.best</Username><Timestamp>1345749386000</Timestamp><DateTime>Thu, 2012-08-23 15:16:26 EDT</DateTime><ThumbUp>3</ThumbUp><ThumbDown>2</ThumbDown><Sentiment/></Message><Message type="ReplyMessage"><Id>1345749586000-59</Id><Topic><Title>Kindle Fire Launch September 6th</Title><Username>patent_killr</Username><Timestamp>1345748733000</Timestamp><DateTime>Thu, 2012-08-23 15:05:33 EDT</DateTime></Topic><Msg>Huge News</Msg><Username>snakeplizkn</Username><Timestamp>1345749586000</Timestamp><DateTime>Thu, 2012-08-23 15:19:46 EDT</DateTime><ThumbUp>0</ThumbUp><ThumbDown>1</ThumbDown><Sentiment/></Message><Message type="ReplyMessage"><Id>1345749616000-60</Id><Topic><Title>Buried deep in 10-Q: Skyrocketing Tegra losses</Title><Username>epic.best</Username><Timestamp>1345738682000</Timestamp><DateTime>Thu, 2012-08-23 12:18:02 EDT</DateTime></Topic><Msg>- Maybe the Interim CFO could make the CPB results one of those Exhibits to the 10-Q next time? Which not many folks take the time to actually read. Thereby Burying the Bad News even deeper. -</Msg><Username>elf.best</Username><Timestamp>1345749616000</Timestamp><DateTime>Thu, 2012-08-23 15:20:16 EDT</DateTime><ThumbUp>96</ThumbUp><ThumbDown>2</ThumbDown><Sentiment/></Message><Message type="ReplyMessage"><Id>1345750172000-61</Id><Topic><Title>Buried deep in 10-Q: Skyrocketing Tegra losses</Title><Username>epic.best</Username><Timestamp>1345738682000</Timestamp><DateTime>Thu, 2012-08-23 12:18:02 EDT</DateTime></Topic><Msg>Wait, so all of the consecutive profitable quarters, buy recommendations, positive write ups, Google, Amazon, Apple and countless other design wins are all lies, Tegra really isn't in the Nexus 7, Microsoft Surface, in relaity Tegra's a failure that should be abandoined ....WOW, and to think a guy with 35 yahoo ids uncovered the greatest fraud in American history. Kill yourself moron.</Msg><Username>snakeplizkn</Username><Timestamp>1345750172000</Timestamp><DateTime>Thu, 2012-08-23 15:29:32 EDT</DateTime><ThumbUp>12</ThumbUp><ThumbDown>56</ThumbDown><Sentiment/></Message><Message type="ReplyMessage"><Id>1345750318000-62</Id><Topic><Title>Qualcomm Confirms Quad-Core Snapdragon S4 will be in LG Optimus G</Title><Username>getanid61</Username><Timestamp>1345697621000</Timestamp><DateTime>Thu, 2012-08-23 00:53:41 EDT</DateTime></Topic><Msg>NVIDIA had displaced S4 with Tegra 3 in the other big product: the GLOBAL LG Optimus Vu, and we didn't make a big, big deal about it because there are so many Tegra 3 design wins these days. You need some fresh material to bash with, or your organization won't pay you...hear?</Msg><Username>valleybard</Username><Timestamp>1345750318000</Timestamp><DateTime>Thu, 2012-08-23 15:31:58 EDT</DateTime><ThumbUp>3</ThumbUp><ThumbDown>2</ThumbDown><Sentiment/></Message><Message type="ReplyMessage"><Id>1345750362000-63</Id><Topic><Title>Qualcomm Confirms Quad-Core Snapdragon S4 will be in LG Optimus G</Title><Username>getanid61</Username><Timestamp>1345697621000</Timestamp><DateTime>Thu, 2012-08-23 00:53:41 EDT</DateTime></Topic><Msg>The S4 family: 1)S4 Dual core stand alone no integrated Lte 2)S4 Dual core integrated Lte 3) The latest S4 Pro with a huge GPU that missed the mark for WinRT and no integrated LTE -(the one designed for the WinRT but DX11 was an after thought so they have to redesign to take out the Adreno 320 and replace that with the Power VR cores - not out yet. This part is more suited for android tablets with 1920x1200 resolution. WinRT DX11 firmware mode drivers are stucked and it's almost pointless for a WinRT manufacturer to do this - as soon as they go into production the PowerVR version may be sampling and/or Nvidia would have come out with a better CPU/GPU at a better price! So in a word the S4 Pro is an ORPHAN and mainly for Phone manufacturers looking to prove their manhood. It's like putting the A5X into the iPhone 5 - makes no sense - you need the CPU performance not the bloated GPU since you are not driving a 1920 x 1200 screen. The GPU sucks more juice then the CPU so it's a solution looking for a problem.</Msg><Username>qmtai2</Username><Timestamp>1345750362000</Timestamp><DateTime>Thu, 2012-08-23 15:32:42 EDT</DateTime><ThumbUp>4</ThumbUp><ThumbDown>1</ThumbDown><Sentiment/></Message><Message type="ReplyMessage"><Id>1345750553000-64</Id><Topic><Title>Kindle Fire Launch September 6th</Title><Username>patent_killr</Username><Timestamp>1345748733000</Timestamp><DateTime>Thu, 2012-08-23 15:05:33 EDT</DateTime></Topic><Msg>Excellent - IT BETTER BE A TEGRA 3! Or I'll cancel my account at Amazon :)</Msg><Username>qmtai2</Username><Timestamp>1345750553000</Timestamp><DateTime>Thu, 2012-08-23 15:35:53 EDT</DateTime><ThumbUp>1</ThumbUp><ThumbDown>0</ThumbDown><Sentiment/></Message><Message type="TopicMessage"><Id>1345750658000-65</Id><Title>NEW LOWS OF DAY!!!!! Headed to single digits by year end!</Title><Msg>Arrrrriba!</Msg><Username>miguelsicluna</Username><Timestamp>1345750658000</Timestamp><DateTime>Thu, 2012-08-23 15:37:38 EDT</DateTime><ThumbUp>1</ThumbUp><ThumbDown>1</ThumbDown><Sentiment/></Message><Message type="ReplyMessage"><Id>1345750721000-66</Id><Topic><Title>Amazon just announced a September 6 press conference...</Title><Username>ibexx88</Username><Timestamp>1345748289000</Timestamp><DateTime>Thu, 2012-08-23 14:58:09 EDT</DateTime></Topic><Msg>It better be T3 in both models - total dominance!</Msg><Username>qmtai2</Username><Timestamp>1345750721000</Timestamp><DateTime>Thu, 2012-08-23 15:38:41 EDT</DateTime><ThumbUp>2</ThumbUp><ThumbDown>2</ThumbDown><Sentiment/></Message><Message type="ReplyMessage"><Id>1345750748000-67</Id><Topic><Title>Buried deep in 10-Q: Skyrocketing Tegra losses</Title><Username>epic.best</Username><Timestamp>1345738682000</Timestamp><DateTime>Thu, 2012-08-23 12:18:02 EDT</DateTime></Topic><Msg>Oh senor, I think this post which show such violent tendencies and use obscenity is against the terms of service. I had to report it to Yahoo because of my good soul. I pray for yours.</Msg><Username>miguelsicluna</Username><Timestamp>1345750748000</Timestamp><DateTime>Thu, 2012-08-23 15:39:08 EDT</DateTime><ThumbUp>79</ThumbUp><ThumbDown>3</ThumbDown><Sentiment/></Message><Message type="ReplyMessage"><Id>1345750811000-68</Id><Topic><Title>Amazon just announced a September 6 press conference...</Title><Username>ibexx88</Username><Timestamp>1345748289000</Timestamp><DateTime>Thu, 2012-08-23 14:58:09 EDT</DateTime></Topic><Msg>The more Tegra they sell, the more money you lose.</Msg><Username>miguelsicluna</Username><Timestamp>1345750811000</Timestamp><DateTime>Thu, 2012-08-23 15:40:11 EDT</DateTime><ThumbUp>5</ThumbUp><ThumbDown>6</ThumbDown><Sentiment/></Message><Message type="ReplyMessage"><Id>1345751481000-69</Id><Topic><Title>Amazon just announced a September 6 press conference...</Title><Username>ibexx88</Username><Timestamp>1345748289000</Timestamp><DateTime>Thu, 2012-08-23 14:58:09 EDT</DateTime></Topic><Msg>The same goes for besty the scarface.</Msg><Username>valleybard</Username><Timestamp>1345751481000</Timestamp><DateTime>Thu, 2012-08-23 15:51:21 EDT</DateTime><ThumbUp>2</ThumbUp><ThumbDown>1</ThumbDown><Sentiment/></Message><Message type="ReplyMessage"><Id>1345751789000-70</Id><Topic><Title>Buried deep in 10-Q: Skyrocketing Tegra losses</Title><Username>epic.best</Username><Timestamp>1345738682000</Timestamp><DateTime>Thu, 2012-08-23 12:18:02 EDT</DateTime></Topic><Msg>- So many choices, right? YAHOO'S TERMS OF SERVICE You [snakeplizkn] agree to not use the Service to: 6(a) upload, post, email, transmit or otherwise make available any Content that is unlawful under the laws applicable to the relevant Service, harmful, threatening, abusive, harassing, tortious, defamatory, vulgar, obscene, pornographic, libelous, invasive of another's privacy, subversive, hateful, or racially, ethnically or otherwise objectionable or contrary to public interest, public order or national harmony in all relevant jurisdictions I believe "Kill yourself moron" is harmful, hateful, and contrary to the public interest. 'Cause Everybody loves Best's messages. Right boys? Well, except that guy with a clear anger management problem. But just watch -- he'll be disappearing shortly. -</Msg><Username>best.here</Username><Timestamp>1345751789000</Timestamp><DateTime>Thu, 2012-08-23 15:56:29 EDT</DateTime><ThumbUp>79</ThumbUp><ThumbDown>3</ThumbDown><Sentiment/></Message><Message type="ReplyMessage"><Id>1345752023000-71</Id><Topic><Title>Amazon just announced a September 6 press conference...</Title><Username>ibexx88</Username><Timestamp>1345748289000</Timestamp><DateTime>Thu, 2012-08-23 14:58:09 EDT</DateTime></Topic><Msg>I am sure it won't be in any. Good luck!</Msg><Username>weimagoog</Username><Timestamp>1345752023000</Timestamp><DateTime>Thu, 2012-08-23 16:00:23 EDT</DateTime><ThumbUp>0</ThumbUp><ThumbDown>1</ThumbDown><Sentiment/></Message><Message type="ReplyMessage"><Id>1345752392000-72</Id><Topic><Title>FAIL - I'm averaging down at 12-13.</Title><Username>stocktrader4444</Username><Timestamp>1345739045000</Timestamp><DateTime>Thu, 2012-08-23 12:24:05 EDT</DateTime></Topic><Msg>Hey who knows, maybe next year on the way up it may actually hit 15. Yes?</Msg><Username>amdshortsrfools</Username><Timestamp>1345752392000</Timestamp><DateTime>Thu, 2012-08-23 16:06:32 EDT</DateTime><ThumbUp>0</ThumbUp><ThumbDown>0</ThumbDown><Sentiment/></Message><Message type="ReplyMessage"><Id>1345752662000-73</Id><Topic><Title>Buried deep in 10-Q: Skyrocketing Tegra losses</Title><Username>epic.best</Username><Timestamp>1345738682000</Timestamp><DateTime>Thu, 2012-08-23 12:18:02 EDT</DateTime></Topic><Msg>These long fanbois seem to be so hostile. Some are like daysinshed on steriods. I find it funny how they accuse anyone posting negative news of needing to be reported when they are among the worst TOS breakers on yahoo.</Msg><Username>amdshortsrfools</Username><Timestamp>1345752662000</Timestamp><DateTime>Thu, 2012-08-23 16:11:02 EDT</DateTime><ThumbUp>76</ThumbUp><ThumbDown>2</ThumbDown><Sentiment/></Message><Message type="TopicMessage"><Id>1345753055000-74</Id><Title>Zack's predicts QCOM share erodes to NVDA</Title><Msg>"stiff competition from rival NVIDIA Corporation’s (NVDA - Analyst Report) Tegra 3 quad-core processors may exert additional pressure on Qualcomm’s market share in 2012, as they might lose certain wireless equipment manufacturers due to the shortage of chipsets." http://www.zacks.com/stock/news/81593/qualcomm-to-acquire-designart</Msg><Username>hendar00</Username><Timestamp>1345753055000</Timestamp><DateTime>Thu, 2012-08-23 16:17:35 EDT</DateTime><ThumbUp>4</ThumbUp><ThumbDown>16</ThumbDown><Sentiment/></Message><Message type="ReplyMessage"><Id>1345753114000-75</Id><Topic><Title>This is like watching a cat bleed out....</Title><Username>stocktrader4444</Username><Timestamp>1345738167000</Timestamp><DateTime>Thu, 2012-08-23 12:09:27 EDT</DateTime></Topic><Msg>The pumper longs sure fooled everyone with the nexus 7 crap huh? They are good at talking up a product that has lots of issues and passing it off as gold. Xoom....Transformer... #1's on amazon and best buy sell outs and all sold about a million units combined. Nexus 7 has supposedly sold millions now.. and look where nvda is, grasping to hold on to 14 after supposedly blow out earnings. How can these long pumepers stand to look themselves in the mirror without busting out laughing at how many suckers they've fooled.</Msg><Username>amdshortsrfools</Username><Timestamp>1345753114000</Timestamp><DateTime>Thu, 2012-08-23 16:18:34 EDT</DateTime><ThumbUp>0</ThumbUp><ThumbDown>1</ThumbDown><Sentiment/></Message><Message type="ReplyMessage"><Id>1345754595000-76</Id><Topic><Title>This is like watching a cat bleed out....</Title><Username>stocktrader4444</Username><Timestamp>1345738167000</Timestamp><DateTime>Thu, 2012-08-23 12:09:27 EDT</DateTime></Topic><Msg>LOL...yeah that's why NVDA is down today, fundamentals. I mean the market is soaring and all. FAIL</Msg><Username>patent_killr</Username><Timestamp>1345754595000</Timestamp><DateTime>Thu, 2012-08-23 16:43:15 EDT</DateTime><ThumbUp>0</ThumbUp><ThumbDown>0</ThumbDown><Sentiment/></Message><Message type="ReplyMessage"><Id>1345755135000-77</Id><Topic><Title>Zack's predicts QCOM share erodes to NVDA</Title><Username>hendar00</Username><Timestamp>1345753055000</Timestamp><DateTime>Thu, 2012-08-23 16:17:35 EDT</DateTime></Topic><Msg>No no...nvda needs to abandon Tegra, it's all smoke and mirrors according to the well respected posters here. You know, the ones decrying every penny fluctuation in price and having 45 Yahoo IDs each, I mean those guys would know, right boys. ROTFL</Msg><Username>patent_killr</Username><Timestamp>1345755135000</Timestamp><DateTime>Thu, 2012-08-23 16:52:15 EDT</DateTime><ThumbUp>5</ThumbUp><ThumbDown>14</ThumbDown><Sentiment/></Message><Message type="ReplyMessage"><Id>1345756169000-78</Id><Topic><Title>Zack's predicts QCOM share erodes to NVDA</Title><Username>hendar00</Username><Timestamp>1345753055000</Timestamp><DateTime>Thu, 2012-08-23 16:17:35 EDT</DateTime></Topic><Msg>Yes Zacks - time you !@#$% wake up and change the last bone headed Nvidia report you guys wrote - perhaps that report was written by a junior guy!</Msg><Username>qmtai2</Username><Timestamp>1345756169000</Timestamp><DateTime>Thu, 2012-08-23 17:09:29 EDT</DateTime><ThumbUp>0</ThumbUp><ThumbDown>15</ThumbDown><Sentiment/></Message><Message type="ReplyMessage"><Id>1345756292000-79</Id><Topic><Title>Amazon just announced a September 6 press conference...</Title><Username>ibexx88</Username><Timestamp>1345748289000</Timestamp><DateTime>Thu, 2012-08-23 14:58:09 EDT</DateTime></Topic><Msg>You are right - they are releasing an adult toy :)</Msg><Username>qmtai2</Username><Timestamp>1345756292000</Timestamp><DateTime>Thu, 2012-08-23 17:11:32 EDT</DateTime><ThumbUp>0</ThumbUp><ThumbDown>0</ThumbDown><Sentiment/></Message><Message type="TopicMessage"><Id>1345756380000-80</Id><Title>Will be 13.50 EOW....I hope not, but it looks like big drop tmr</Title><Msg>Will see huge drop in AM tmr...maybe touch 13.75, with bounce... God, I hope I'm wrong...</Msg><Username>stocktrader4444</Username><Timestamp>1345756380000</Timestamp><DateTime>Thu, 2012-08-23 17:13:00 EDT</DateTime><ThumbUp>0</ThumbUp><ThumbDown>0</ThumbDown><Sentiment/></Message><Message type="ReplyMessage"><Id>1345757407000-81</Id><Topic><Title>Will be 13.50 EOW....I hope not, but it looks like big drop tmr</Title><Username>stocktrader4444</Username><Timestamp>1345756380000</Timestamp><DateTime>Thu, 2012-08-23 17:13:00 EDT</DateTime></Topic><Msg>I hope you're wrong too. Seem a bit bold, I don't see the catalyst for a drop.</Msg><Username>bigonnvda</Username><Timestamp>1345757407000</Timestamp><DateTime>Thu, 2012-08-23 17:30:07 EDT</DateTime><ThumbUp>0</ThumbUp><ThumbDown>0</ThumbDown><Sentiment/></Message><Message type="ReplyMessage"><Id>1345757456000-82</Id><Topic><Title>Buried deep in 10-Q: Skyrocketing Tegra losses</Title><Username>epic.best</Username><Timestamp>1345738682000</Timestamp><DateTime>Thu, 2012-08-23 12:18:02 EDT</DateTime></Topic><Msg>- Señor Miguel, Denial of the Truth, she can be muy expensivo, si? -</Msg><Username>senor.best</Username><Timestamp>1345757456000</Timestamp><DateTime>Thu, 2012-08-23 17:30:56 EDT</DateTime><ThumbUp>69</ThumbUp><ThumbDown>2</ThumbDown><Sentiment/></Message><Message type="ReplyMessage"><Id>1345758801000-83</Id><Topic><Title>Zack's predicts QCOM share erodes to NVDA</Title><Username>hendar00</Username><Timestamp>1345753055000</Timestamp><DateTime>Thu, 2012-08-23 16:17:35 EDT</DateTime></Topic><Msg>Dude! What does share matter if they lose money on every chip. The bigger share they get, the more chips they sell, the more money they lose. Companies are not supposed to just endlessly throw money away and suffer compound losses on an LOV\B, especially when they had a better and more profitable LOB that they seem to be ignoring to foncentrate on the money losing one. Wake up! It's not 1999 any more. IMHO</Msg><Username>pumpingceosaintgood</Username><Timestamp>1345758801000</Timestamp><DateTime>Thu, 2012-08-23 17:53:21 EDT</DateTime><ThumbUp>15</ThumbUp><ThumbDown>0</ThumbDown><Sentiment/></Message><Message type="ReplyMessage"><Id>1345760262000-84</Id><Topic><Title>Zack's predicts QCOM share erodes to NVDA</Title><Username>hendar00</Username><Timestamp>1345753055000</Timestamp><DateTime>Thu, 2012-08-23 16:17:35 EDT</DateTime></Topic><Msg>"What does share matter if they lose money on every chip. The bigger share they get, the more chips they sell, the more money they lose." Yeah, why establish a market lead in the growing mobile space, crazy I say! "Companies are not supposed to just endlessly throw money away and suffer compound losses on an LOV\B, especially when they had a better and more profitable LOB that they seem to be ignoring to foncentrate on the money losing one." Intel royalties cancel out all of the Tegra research expenses, it's like getting market share for free...ummm "DUDE" Also, you are confusing margin with research and other expenses, just knock it off...LOL</Msg><Username>patent_killr</Username><Timestamp>1345760262000</Timestamp><DateTime>Thu, 2012-08-23 18:17:42 EDT</DateTime><ThumbUp>1</ThumbUp><ThumbDown>15</ThumbDown><Sentiment/></Message><Message type="ReplyMessage"><Id>1345763493000-85</Id><Topic><Title>Zack's predicts QCOM share erodes to NVDA</Title><Username>hendar00</Username><Timestamp>1345753055000</Timestamp><DateTime>Thu, 2012-08-23 16:17:35 EDT</DateTime></Topic><Msg>A loss is a loss is a loss. They've been losing money on Tegra for 4 years, and now the pace of their Tegra losses is still increasing?</Msg><Username>pumpingceosaintgood</Username><Timestamp>1345763493000</Timestamp><DateTime>Thu, 2012-08-23 19:11:33 EDT</DateTime><ThumbUp>15</ThumbUp><ThumbDown>0</ThumbDown><Sentiment/></Message><Message type="ReplyMessage"><Id>1345764269000-86</Id><Topic><Title>Staying The Course</Title><Username>jessie_parker25</Username><Timestamp>1345731923000</Timestamp><DateTime>Thu, 2012-08-23 10:25:23 EDT</DateTime></Topic><Msg>Nice site.</Msg><Username>collyphw451</Username><Timestamp>1345764269000</Timestamp><DateTime>Thu, 2012-08-23 19:24:29 EDT</DateTime><ThumbUp>0</ThumbUp><ThumbDown>5</ThumbDown><Sentiment/></Message><Message type="TopicMessage"><Id>1345765118000-87</Id><Title>Kindle Fire Win Could Turbocharge Nvidia Shares</Title><Msg>"this year's Tegra-Kindle Fire rumors are more credible. The Tegra 3 clearly offers superior value/performance compared to TI's OMAP 4. The proof is in the market outcomes, as Tegra 3 has won numerous design wins while OMAP 4 has really struggled recently" http://seekingalpha.com/article/825401-a-kindle-fire-design-win-could-turbocharge-nvidia-shares?source=email_rt_article_readmore&amp;ifp=0</Msg><Username>schmenkle321</Username><Timestamp>1345765118000</Timestamp><DateTime>Thu, 2012-08-23 19:38:38 EDT</DateTime><ThumbUp>40</ThumbUp><ThumbDown>38</ThumbDown><Sentiment/></Message><Message type="TopicMessage"><Id>1345768451000-88</Id><Title>Are you not entertained? we're up 7 cents after hrs</Title><Msg>Thought this would be spam eh? it's not...</Msg><Username>stocktrader4444</Username><Timestamp>1345768451000</Timestamp><DateTime>Thu, 2012-08-23 20:34:11 EDT</DateTime><ThumbUp>1</ThumbUp><ThumbDown>0</ThumbDown><Sentiment/></Message><Message type="ReplyMessage"><Id>1345768903000-89</Id><Topic><Title>FAIL - I'm averaging down at 12-13.</Title><Username>stocktrader4444</Username><Timestamp>1345739045000</Timestamp><DateTime>Thu, 2012-08-23 12:24:05 EDT</DateTime></Topic><Msg>Would be nice if it stayed at 15 for more than a day? yes? I was thinking 20+ on next run up. 200ma at 14.01 . . . that seems to hold nicely for a huge support... Hope this doesn't drop below 14.</Msg><Username>stocktrader4444</Username><Timestamp>1345768903000</Timestamp><DateTime>Thu, 2012-08-23 20:41:43 EDT</DateTime><ThumbUp>0</ThumbUp><ThumbDown>0</ThumbDown><Sentiment/></Message><Message type="ReplyMessage"><Id>1345770234000-90</Id><Topic><Title>Staying The Course</Title><Username>jessie_parker25</Username><Timestamp>1345731923000</Timestamp><DateTime>Thu, 2012-08-23 10:25:23 EDT</DateTime></Topic><Msg>Just joined too.</Msg><Username>h.elizapth</Username><Timestamp>1345770234000</Timestamp><DateTime>Thu, 2012-08-23 21:03:54 EDT</DateTime><ThumbUp>0</ThumbUp><ThumbDown>5</ThumbDown><Sentiment/></Message><Message type="ReplyMessage"><Id>1345770570000-91</Id><Topic><Title>FAIL - I'm averaging down at 12-13.</Title><Username>stocktrader4444</Username><Timestamp>1345739045000</Timestamp><DateTime>Thu, 2012-08-23 12:24:05 EDT</DateTime></Topic><Msg>Hopefully you average down to under 12-13 stupid posts per day, but I doubt it.</Msg><Username>patent_killr</Username><Timestamp>1345770570000</Timestamp><DateTime>Thu, 2012-08-23 21:09:30 EDT</DateTime><ThumbUp>1</ThumbUp><ThumbDown>0</ThumbDown><Sentiment/></Message><Message type="ReplyMessage"><Id>1345770789000-92</Id><Topic><Title>Kindle Fire Win Could Turbocharge Nvidia Shares</Title><Username>schmenkle321</Username><Timestamp>1345765118000</Timestamp><DateTime>Thu, 2012-08-23 19:38:38 EDT</DateTime></Topic><Msg>Hear ya. Dontcha think some posters on this board are better informed on NVDA than some of the editors covering it? Getanid is even pointing out some guy posting re-hashed info found on this board. Cracks me up.</Msg><Username>schmenkle321</Username><Timestamp>1345770789000</Timestamp><DateTime>Thu, 2012-08-23 21:13:09 EDT</DateTime><ThumbUp>33</ThumbUp><ThumbDown>39</ThumbDown><Sentiment/></Message><Message type="ReplyMessage"><Id>1345772674000-93</Id><Topic><Title>Potential Weakness</Title><Username>tarrahimo848</Username><Timestamp>1345736422000</Timestamp><DateTime>Thu, 2012-08-23 11:40:22 EDT</DateTime></Topic><Msg>Looking cool.</Msg><Username>roesfygm6113</Username><Timestamp>1345772674000</Timestamp><DateTime>Thu, 2012-08-23 21:44:34 EDT</DateTime><ThumbUp>0</ThumbUp><ThumbDown>1</ThumbDown><Sentiment/></Message><Message type="ReplyMessage"><Id>1345773029000-94</Id><Topic><Title>Staying The Course</Title><Username>jessie_parker25</Username><Timestamp>1345731923000</Timestamp><DateTime>Thu, 2012-08-23 10:25:23 EDT</DateTime></Topic><Msg>What a great day!</Msg><Username>mercyjohn8139</Username><Timestamp>1345773029000</Timestamp><DateTime>Thu, 2012-08-23 21:50:29 EDT</DateTime><ThumbUp>0</ThumbUp><ThumbDown>4</ThumbDown><Sentiment/></Message><Message type="ReplyMessage"><Id>1345774990000-95</Id><Topic><Title>Kindle Fire Win Could Turbocharge Nvidia Shares</Title><Username>schmenkle321</Username><Timestamp>1345765118000</Timestamp><DateTime>Thu, 2012-08-23 19:38:38 EDT</DateTime></Topic><Msg>The stock move on msft and goog announcements were Delayed. The move before earnings pronounced This time NVDA on radar screens. I say it bumps up Before kindle announcement then pulls back Anything above 16.3 I short right now staying long</Msg><Username>tomasco3777</Username><Timestamp>1345774990000</Timestamp><DateTime>Thu, 2012-08-23 22:23:10 EDT</DateTime><ThumbUp>15</ThumbUp><ThumbDown>26</ThumbDown><Sentiment/></Message><Message type="TopicMessage"><Id>1345775200000-96</Id><Title>Qualcomm APQ8064 Benchmarked in GLBenchmark 2.5</Title><Msg>http://www.brightsideofnews.com/news/2012/8/23/qualcomm-apq8064-benchmarked-in-glbenchmark-25.aspx</Msg><Username>getanid61</Username><Timestamp>1345775200000</Timestamp><DateTime>Thu, 2012-08-23 22:26:40 EDT</DateTime><ThumbUp>60</ThumbUp><ThumbDown>1</ThumbDown><Sentiment/></Message><Message type="ReplyMessage"><Id>1345775235000-97</Id><Topic><Title>Kindle Fire Win Could Turbocharge Nvidia Shares</Title><Username>schmenkle321</Username><Timestamp>1345765118000</Timestamp><DateTime>Thu, 2012-08-23 19:38:38 EDT</DateTime></Topic><Msg>UMC is normally at least a few steps behind in everything that TSMC does - If TSMC is fab yielding 80% - then UMC will be doing 40% :) Don't be surprised that if Kindle 2 uses T3 - it would be a higher grade T3 to one up on N7. All good</Msg><Username>qmtai2</Username><Timestamp>1345775235000</Timestamp><DateTime>Thu, 2012-08-23 22:27:15 EDT</DateTime><ThumbUp>12</ThumbUp><ThumbDown>23</ThumbDown><Sentiment/></Message><Message type="ReplyMessage"><Id>1345780343000-98</Id><Topic><Title>Qualcomm APQ8064 Benchmarked in GLBenchmark 2.5</Title><Username>getanid61</Username><Timestamp>1345775200000</Timestamp><DateTime>Thu, 2012-08-23 22:26:40 EDT</DateTime></Topic><Msg>Don't think T3+ is in a launched product yet. S4 Pro is an orphaned product - WinRt could have appreciated it's CPU performance BUT they screwed up. It was targeted for WinRT - what a big fiasco. So now it's looking for homes in Cell Phones and miscellaneous parts where they can sell for $500+.</Msg><Username>qmtai2</Username><Timestamp>1345780343000</Timestamp><DateTime>Thu, 2012-08-23 23:52:23 EDT</DateTime><ThumbUp>2</ThumbUp><ThumbDown>21</ThumbDown><Sentiment/></Message></Date>