<?xml version="1.0" encoding="UTF-8" standalone="no"?><Date date="2012-08-06"><Message type="ReplyMessage"><Id>1344226817000-1</Id><Topic><Title>Qualcomm quad-core tablet arrives - for deep pockets</Title><Username>valleybard</Username><Timestamp>1344218910000</Timestamp><DateTime>Sun, 2012-08-05 22:08:30 EDT</DateTime></Topic><Msg>- Well, nvidia charges $629.00 for their Tegra 3 Development Kit. But it only comes with that Cuda Toolkit that nobody really wants. So you need to buy OpenCL seperately. And there's apparently no baseband radio of any kind. None. So the Tegra 3 Development Kit is a stripped-down no-frills kind of kit. Take a look. http://www.seco.com/carmakit So if you want the best, buy the Qualcomm Development Kit. It's got ALL the pieces parts inside. -</Msg><Username>bestonica</Username><Timestamp>1344226817000</Timestamp><DateTime>Mon, 2012-08-06 00:20:17 EDT</DateTime><ThumbUp>6</ThumbUp><ThumbDown>2</ThumbDown><Sentiment/></Message><Message type="ReplyMessage"><Id>1344228828000-2</Id><Topic><Title>NVIDIA's Google Nexus 7 win is a big deal (SeekingAlpha)</Title><Username>valleybard</Username><Timestamp>1344200839000</Timestamp><DateTime>Sun, 2012-08-05 17:07:19 EDT</DateTime></Topic><Msg>b bbb...but...the screen isn't that great. LOL</Msg><Username>snakeplizkn</Username><Timestamp>1344228828000</Timestamp><DateTime>Mon, 2012-08-06 00:53:48 EDT</DateTime><ThumbUp>2</ThumbUp><ThumbDown>7</ThumbDown><Sentiment/></Message><Message type="ReplyMessage"><Id>1344228943000-3</Id><Topic><Title>Qualcomm quad-core tablet arrives - for deep pockets</Title><Username>valleybard</Username><Timestamp>1344218910000</Timestamp><DateTime>Sun, 2012-08-05 22:08:30 EDT</DateTime></Topic><Msg>Sigh..... Beyond any hope of educating this idiot!</Msg><Username>moorelawyer</Username><Timestamp>1344228943000</Timestamp><DateTime>Mon, 2012-08-06 00:55:43 EDT</DateTime><ThumbUp>1</ThumbUp><ThumbDown>8</ThumbDown><Sentiment/></Message><Message type="ReplyMessage"><Id>1344228956000-4</Id><Topic><Title>Engadget: HTC One X+, another flagship phone with Tegra 3 and Jelly Bean</Title><Username>ibexx88</Username><Timestamp>1344053596000</Timestamp><DateTime>Sat, 2012-08-04 00:13:16 EDT</DateTime></Topic><Msg>- "AT&amp;T cites incompatibility between Nvidia's Tegra 3 processor and LTE radios currently available on the market." What a bummer, right boys? From AT&amp;T yet -- The #1 largest mobile telecom provider. -</Msg><Username>best.zilla</Username><Timestamp>1344228956000</Timestamp><DateTime>Mon, 2012-08-06 00:55:56 EDT</DateTime><ThumbUp>10</ThumbUp><ThumbDown>0</ThumbDown><Sentiment/></Message><Message type="ReplyMessage"><Id>1344228961000-5</Id><Topic><Title>HTC One+ leaked with quad core (Tegra 3/1.7GHz) &amp; Jelly Bean</Title><Username>ibexx88</Username><Timestamp>1344040002000</Timestamp><DateTime>Fri, 2012-08-03 20:26:42 EDT</DateTime></Topic><Msg>She cant debate facts, she's rather spend time with her 50 aliases rating her own posts with 5 stars and everyone elses with 1....because nobody will see through that pre-school stunt.</Msg><Username>snakeplizkn</Username><Timestamp>1344228961000</Timestamp><DateTime>Mon, 2012-08-06 00:56:01 EDT</DateTime><ThumbUp>4</ThumbUp><ThumbDown>9</ThumbDown><Sentiment/></Message><Message type="ReplyMessage"><Id>1344229065000-6</Id><Topic><Title>Nvidia Making Millions From Sale of Google's Nexus 7 Tablet</Title><Username>getanid61</Username><Timestamp>1344135251000</Timestamp><DateTime>Sat, 2012-08-04 22:54:11 EDT</DateTime></Topic><Msg>NVDA beats estimates handily this week on Nexus 7 alone, HTC and other news is icing in the cake.</Msg><Username>snakeplizkn</Username><Timestamp>1344229065000</Timestamp><DateTime>Mon, 2012-08-06 00:57:45 EDT</DateTime><ThumbUp>0</ThumbUp><ThumbDown>10</ThumbDown><Sentiment/></Message><Message type="ReplyMessage"><Id>1344229110000-7</Id><Topic><Title>Broke 200 day MA</Title><Username>on2five</Username><Timestamp>1344017966000</Timestamp><DateTime>Fri, 2012-08-03 14:19:26 EDT</DateTime></Topic><Msg>Another move up this week.</Msg><Username>snakeplizkn</Username><Timestamp>1344229110000</Timestamp><DateTime>Mon, 2012-08-06 00:58:30 EDT</DateTime><ThumbUp>5</ThumbUp><ThumbDown>10</ThumbDown><Sentiment/></Message><Message type="ReplyMessage"><Id>1344229158000-8</Id><Topic><Title>Nvidia lands orders for at least 3 million Tegra 3 chips for Nexus 7</Title><Username>getanid61</Username><Timestamp>1343968998000</Timestamp><DateTime>Fri, 2012-08-03 00:43:18 EDT</DateTime></Topic><Msg>Can't wait to hear all about it on Thursday's call.</Msg><Username>snakeplizkn</Username><Timestamp>1344229158000</Timestamp><DateTime>Mon, 2012-08-06 00:59:18 EDT</DateTime><ThumbUp>3</ThumbUp><ThumbDown>11</ThumbDown><Sentiment/></Message><Message type="ReplyMessage"><Id>1344230794000-9</Id><Topic><Title>Sept. 12th: New iPad Mini and iPhone 5</Title><Username>seeking.best</Username><Timestamp>1344143588000</Timestamp><DateTime>Sun, 2012-08-05 01:13:08 EDT</DateTime></Topic><Msg>- Thanks Best! For that great quote from Dear Leader. VERY appropriate for Google. I might just use that quote myself... with your permission? -</Msg><Username>charlie_best_here</Username><Timestamp>1344230794000</Timestamp><DateTime>Mon, 2012-08-06 01:26:34 EDT</DateTime><ThumbUp>12</ThumbUp><ThumbDown>0</ThumbDown><Sentiment/></Message><Message type="ReplyMessage"><Id>1344245563000-10</Id><Topic><Title>Nvidia lands orders for at least 3 million Tegra 3 chips for Nexus 7</Title><Username>getanid61</Username><Timestamp>1343968998000</Timestamp><DateTime>Fri, 2012-08-03 00:43:18 EDT</DateTime></Topic><Msg>I think at $200 it will be way MUCH higher than that, I'm thinking 10+ million, it's so cheap that 3 million teenagers alone get one.</Msg><Username>razorgarf</Username><Timestamp>1344245563000</Timestamp><DateTime>Mon, 2012-08-06 05:32:43 EDT</DateTime><ThumbUp>0</ThumbUp><ThumbDown>0</ThumbDown><Sentiment/></Message><Message type="ReplyMessage"><Id>1344255997000-11</Id><Topic><Title>10-K</Title><Username>marsavian</Username><Timestamp>1331677995000</Timestamp><DateTime>Tue, 2012-03-13 18:33:15 EDT</DateTime></Topic><Msg>- You know how small businesses frame their first dollar ever made? And hang it on the wall right there by the cash register. It's a Big Deal, right? An entrepreneur's first-ever sale. Well, Jen should frame the Tegra's billionth dollar Lost. It's a Big Deal too, right? How many companies can you think of that have lost a Billion Dollars on one CEO's folly? Hummm? Not many. So Jen should frame it. "My first Billionth Dollar Lost" -</Msg><Username>bests.idea</Username><Timestamp>1344255997000</Timestamp><DateTime>Mon, 2012-08-06 08:26:37 EDT</DateTime><ThumbUp>10</ThumbUp><ThumbDown>0</ThumbDown><Sentiment/></Message><Message type="ReplyMessage"><Id>1344256232000-12</Id><Topic><Title>10-K</Title><Username>marsavian</Username><Timestamp>1331677995000</Timestamp><DateTime>Tue, 2012-03-13 18:33:15 EDT</DateTime></Topic><Msg>- So Best? I know it's early and all on a Monday, after partying on the yacht this weekend, but if Jen LOST his Billionth Dollar on the Tegra folly, how's he gonna frame it? Hummm? Maybe just leave the frame empty, right? -</Msg><Username>ask.best</Username><Timestamp>1344256232000</Timestamp><DateTime>Mon, 2012-08-06 08:30:32 EDT</DateTime><ThumbUp>7</ThumbUp><ThumbDown>0</ThumbDown><Sentiment/></Message><Message type="ReplyMessage"><Id>1344256705000-13</Id><Topic><Title>10-K</Title><Username>marsavian</Username><Timestamp>1331677995000</Timestamp><DateTime>Tue, 2012-03-13 18:33:15 EDT</DateTime></Topic><Msg>Loss?? What loss? I ain't no see no billion $/$100M/Q loss no where from where I'm at. You sir, you are LYING pure and simple. no clothes, no clothes, no clothes, no clothes.....</Msg><Username>whosunw</Username><Timestamp>1344256705000</Timestamp><DateTime>Mon, 2012-08-06 08:38:25 EDT</DateTime><ThumbUp>7</ThumbUp><ThumbDown>0</ThumbDown><Sentiment/></Message><Message type="ReplyMessage"><Id>1344257082000-14</Id><Topic><Title>10-K</Title><Username>marsavian</Username><Timestamp>1331677995000</Timestamp><DateTime>Tue, 2012-03-13 18:33:15 EDT</DateTime></Topic><Msg>- Ha ha ha ha! Somebody's been makin' too many movies... -</Msg><Username>director.best</Username><Timestamp>1344257082000</Timestamp><DateTime>Mon, 2012-08-06 08:44:42 EDT</DateTime><ThumbUp>7</ThumbUp><ThumbDown>0</ThumbDown><Sentiment/></Message><Message type="ReplyMessage"><Id>1344258541000-15</Id><Topic><Title>10-K</Title><Username>marsavian</Username><Timestamp>1331677995000</Timestamp><DateTime>Tue, 2012-03-13 18:33:15 EDT</DateTime></Topic><Msg>Take your Pamprin and get lost you witch.</Msg><Username>chitownbarber22</Username><Timestamp>1344258541000</Timestamp><DateTime>Mon, 2012-08-06 09:09:01 EDT</DateTime><ThumbUp>0</ThumbUp><ThumbDown>9</ThumbDown><Sentiment/></Message><Message type="TopicMessage"><Id>1344258719000-16</Id><Title>Short-term NVIDIA Corporation looks like a buy, but check this out</Title><Msg>Bullish technical all the way on NVIDIA Corporation! http://HEWLETTPACKARDSTOCKS.INFO</Msg><Username>deborahshouse25</Username><Timestamp>1344258719000</Timestamp><DateTime>Mon, 2012-08-06 09:11:59 EDT</DateTime><ThumbUp>3</ThumbUp><ThumbDown>21</ThumbDown><Sentiment/></Message><Message type="ReplyMessage"><Id>1344259591000-17</Id><Topic><Title>Sept. 12th: New iPad Mini and iPhone 5</Title><Username>seeking.best</Username><Timestamp>1344143588000</Timestamp><DateTime>Sun, 2012-08-05 01:13:08 EDT</DateTime></Topic><Msg>- Not a problem, Charlie. -</Msg><Username>bestnhighest.wins</Username><Timestamp>1344259591000</Timestamp><DateTime>Mon, 2012-08-06 09:26:31 EDT</DateTime><ThumbUp>7</ThumbUp><ThumbDown>0</ThumbDown><Sentiment/></Message><Message type="TopicMessage"><Id>1344261265000-18</Id><Title>Knock Knock Knocking on 14s door</Title><Msg>Very Soon</Msg><Username>salemthecat100</Username><Timestamp>1344261265000</Timestamp><DateTime>Mon, 2012-08-06 09:54:25 EDT</DateTime><ThumbUp>1</ThumbUp><ThumbDown>15</ThumbDown><Sentiment/></Message><Message type="TopicMessage"><Id>1344263264000-19</Id><Title>You think NVIDIA Corporation could increase after this?</Title><Msg>Careful on NVIDIA Corporation, looks to be a technical trade trap http://INSTOCKS.INFO</Msg><Username>alexialovorn</Username><Timestamp>1344263264000</Timestamp><DateTime>Mon, 2012-08-06 10:27:44 EDT</DateTime><ThumbUp>3</ThumbUp><ThumbDown>2</ThumbDown><Sentiment/></Message><Message type="ReplyMessage"><Id>1344263598000-20</Id><Topic><Title>You think NVIDIA Corporation could increase after this?</Title><Username>alexialovorn</Username><Timestamp>1344263264000</Timestamp><DateTime>Mon, 2012-08-06 10:27:44 EDT</DateTime></Topic><Msg>SURE WHY NOT ?</Msg><Username>eemoss57</Username><Timestamp>1344263598000</Timestamp><DateTime>Mon, 2012-08-06 10:33:18 EDT</DateTime><ThumbUp>0</ThumbUp><ThumbDown>0</ThumbDown><Sentiment/></Message><Message type="TopicMessage"><Id>1344266228000-21</Id><Title>200sma @ $14.02, upper BB @ $13.96</Title><Msg>Quiet a task to break through both in one day.</Msg><Username>roydirect2003</Username><Timestamp>1344266228000</Timestamp><DateTime>Mon, 2012-08-06 11:17:08 EDT</DateTime><ThumbUp>0</ThumbUp><ThumbDown>0</ThumbDown><Sentiment/></Message><Message type="TopicMessage"><Id>1344266621000-22</Id><Title>GETANAL61 short position is toasted</Title><Msg>this is wrong time to be short NVDA, cover your position now.</Msg><Username>nvdia_cloud</Username><Timestamp>1344266621000</Timestamp><DateTime>Mon, 2012-08-06 11:23:41 EDT</DateTime><ThumbUp>1</ThumbUp><ThumbDown>0</ThumbDown><Sentiment/></Message><Message type="TopicMessage"><Id>1344270369000-23</Id><Title>Industrial Light and Magic claims game graphics will match reality in 10 years</Title><Msg>http://vr-zone.com/articles/industrial-light-and-magic-claims-game-graphics-will-match-reality-in-10-years/16931.html</Msg><Username>getanid61</Username><Timestamp>1344270369000</Timestamp><DateTime>Mon, 2012-08-06 12:26:09 EDT</DateTime><ThumbUp>0</ThumbUp><ThumbDown>1</ThumbDown><Sentiment/></Message><Message type="TopicMessage"><Id>1344271264000-24</Id><Title>Could start going down tomorrow</Title><Msg>Revenve and earning would be down from last year.</Msg><Username>nikolpedi</Username><Timestamp>1344271264000</Timestamp><DateTime>Mon, 2012-08-06 12:41:04 EDT</DateTime><ThumbUp>1</ThumbUp><ThumbDown>1</ThumbDown><Sentiment/></Message><Message type="ReplyMessage"><Id>1344271267000-25</Id><Topic><Title>Google’s Nexus 7 Production SOARS</Title><Username>sisula3</Username><Timestamp>1344028907000</Timestamp><DateTime>Fri, 2012-08-03 17:21:47 EDT</DateTime></Topic><Msg>Nvidia is up over $0.70 (5.2%) since the news was released. You should get your eyes checked out since you can not even read a basic chart.</Msg><Username>salemthecat100</Username><Timestamp>1344271267000</Timestamp><DateTime>Mon, 2012-08-06 12:41:07 EDT</DateTime><ThumbUp>0</ThumbUp><ThumbDown>1</ThumbDown><Sentiment/></Message><Message type="ReplyMessage"><Id>1344271900000-26</Id><Topic><Title>Could start going down tomorrow</Title><Username>nikolpedi</Username><Timestamp>1344271264000</Timestamp><DateTime>Mon, 2012-08-06 12:41:04 EDT</DateTime></Topic><Msg>At least by 45% or more.</Msg><Username>amdshortsrfools</Username><Timestamp>1344271900000</Timestamp><DateTime>Mon, 2012-08-06 12:51:40 EDT</DateTime><ThumbUp>1</ThumbUp><ThumbDown>1</ThumbDown><Sentiment/></Message><Message type="TopicMessage"><Id>1344274059000-27</Id><Title>15.50 tomorrow or more</Title><Msg>Eom...</Msg><Username>jtownzu</Username><Timestamp>1344274059000</Timestamp><DateTime>Mon, 2012-08-06 13:27:39 EDT</DateTime><ThumbUp>1</ThumbUp><ThumbDown>1</ThumbDown><Sentiment/></Message><Message type="TopicMessage"><Id>1344275654000-28</Id><Title>THURSDAY AFTER THE BELL IS EARNINGS?</Title><Msg>I assume so since press conference is 5PM EDT? Thanks!</Msg><Username>ohthestupidity344</Username><Timestamp>1344275654000</Timestamp><DateTime>Mon, 2012-08-06 13:54:14 EDT</DateTime><ThumbUp>0</ThumbUp><ThumbDown>0</ThumbDown><Sentiment/></Message><Message type="ReplyMessage"><Id>1344275938000-29</Id><Topic><Title>THURSDAY AFTER THE BELL IS EARNINGS?</Title><Username>ohthestupidity344</Username><Timestamp>1344275654000</Timestamp><DateTime>Mon, 2012-08-06 13:54:14 EDT</DateTime></Topic><Msg>Yes. NVIDIA will distribute a summary of financial results prior to the conference, thus the CC is mostly about Q&amp;A. We should know the key figures by 5 PM. BTW, for the newbies, Street expects earnings of $0.15 for quarter ending July, 2012.</Msg><Username>valleybard</Username><Timestamp>1344275938000</Timestamp><DateTime>Mon, 2012-08-06 13:58:58 EDT</DateTime><ThumbUp>0</ThumbUp><ThumbDown>0</ThumbDown><Sentiment/></Message><Message type="ReplyMessage"><Id>1344276532000-30</Id><Topic><Title>Industrial Light and Magic claims game graphics will match reality in 10 years</Title><Username>getanid61</Username><Timestamp>1344270369000</Timestamp><DateTime>Mon, 2012-08-06 12:26:09 EDT</DateTime></Topic><Msg>I don't think he "knows" what can and cannot be done in hardware in the next 10 years, certainly not to the extent that NVDA and ATI do, where they are always striving to improve. I know GPU architects who say there are decades (plural) of work ahead. Quite a bold statement if you ask me.</Msg><Username>norcalnative_2</Username><Timestamp>1344276532000</Timestamp><DateTime>Mon, 2012-08-06 14:08:52 EDT</DateTime><ThumbUp>3</ThumbUp><ThumbDown>1</ThumbDown><Sentiment/></Message><Message type="ReplyMessage"><Id>1344276979000-31</Id><Topic><Title>Industrial Light and Magic claims game graphics will match reality in 10 years</Title><Username>getanid61</Username><Timestamp>1344270369000</Timestamp><DateTime>Mon, 2012-08-06 12:26:09 EDT</DateTime></Topic><Msg>"I know GPU architects who say" Do any work at NVidia ??</Msg><Username>getanid61</Username><Timestamp>1344276979000</Timestamp><DateTime>Mon, 2012-08-06 14:16:19 EDT</DateTime><ThumbUp>0</ThumbUp><ThumbDown>1</ThumbDown><Sentiment/></Message><Message type="ReplyMessage"><Id>1344280480000-32</Id><Topic><Title>Industrial Light and Magic claims game graphics will match reality in 10 years</Title><Username>getanid61</Username><Timestamp>1344270369000</Timestamp><DateTime>Mon, 2012-08-06 12:26:09 EDT</DateTime></Topic><Msg>thats an affirmative</Msg><Username>norcalnative_2</Username><Timestamp>1344280480000</Timestamp><DateTime>Mon, 2012-08-06 15:14:40 EDT</DateTime><ThumbUp>1</ThumbUp><ThumbDown>1</ThumbDown><Sentiment/></Message><Message type="TopicMessage"><Id>1344280937000-33</Id><Title>AMD debt refinance announced this morning...</Title><Msg>$300 million Just can't make ends meet. Survival hanging on a bare thread....</Msg><Username>valleybard</Username><Timestamp>1344280937000</Timestamp><DateTime>Mon, 2012-08-06 15:22:17 EDT</DateTime><ThumbUp>1</ThumbUp><ThumbDown>0</ThumbDown><Sentiment/></Message><Message type="ReplyMessage"><Id>1344281143000-34</Id><Topic><Title>AMD debt refinance announced this morning...</Title><Username>valleybard</Username><Timestamp>1344280937000</Timestamp><DateTime>Mon, 2012-08-06 15:22:17 EDT</DateTime></Topic><Msg>Oooops, the link http://finance.yahoo.com/news/amd-announces-private-offering-300-115600591.html Stock back in the $3s</Msg><Username>valleybard</Username><Timestamp>1344281143000</Timestamp><DateTime>Mon, 2012-08-06 15:25:43 EDT</DateTime><ThumbUp>0</ThumbUp><ThumbDown>0</ThumbDown><Sentiment/></Message><Message type="ReplyMessage"><Id>1344281466000-35</Id><Topic><Title>Could start going down tomorrow</Title><Username>nikolpedi</Username><Timestamp>1344271264000</Timestamp><DateTime>Mon, 2012-08-06 12:41:04 EDT</DateTime></Topic><Msg>Revenue is expected to be down - already baked in. If it is up or down from .14, the stock will be punished or rewarded accordingly. More important will be future guidance, which should be good.</Msg><Username>floridadavesmom</Username><Timestamp>1344281466000</Timestamp><DateTime>Mon, 2012-08-06 15:31:06 EDT</DateTime><ThumbUp>0</ThumbUp><ThumbDown>0</ThumbDown><Sentiment/></Message><Message type="ReplyMessage"><Id>1344281538000-36</Id><Topic><Title>Industrial Light and Magic claims game graphics will match reality in 10 years</Title><Username>getanid61</Username><Timestamp>1344270369000</Timestamp><DateTime>Mon, 2012-08-06 12:26:09 EDT</DateTime></Topic><Msg>Any Project Denver info ??</Msg><Username>getanid61</Username><Timestamp>1344281538000</Timestamp><DateTime>Mon, 2012-08-06 15:32:18 EDT</DateTime><ThumbUp>0</ThumbUp><ThumbDown>0</ThumbDown><Sentiment/></Message><Message type="ReplyMessage"><Id>1344282058000-37</Id><Topic><Title>Industrial Light and Magic claims game graphics will match reality in 10 years</Title><Username>getanid61</Username><Timestamp>1344270369000</Timestamp><DateTime>Mon, 2012-08-06 12:26:09 EDT</DateTime></Topic><Msg>Agreed. Making a 10 year projection in a high tech area is inherently and fundamentally foolish. Say what you want. It's no different from throwing a dart.</Msg><Username>valleybard</Username><Timestamp>1344282058000</Timestamp><DateTime>Mon, 2012-08-06 15:40:58 EDT</DateTime><ThumbUp>1</ThumbUp><ThumbDown>0</ThumbDown><Sentiment/></Message><Message type="TopicMessage"><Id>1344282415000-38</Id><Title>Lenovo unveils lighter, quicker ThinkPad with Nvidia Chips</Title><Msg>http://news.yahoo.com/lenovo-unveils-lighter-quicker-thinkpad-laptop-095538578--finance.html?_esi=1 All models contain Nvidia chips Thinkpad W700 NVIDIA Quadro FX 2700M/NVIDIA Quadro FX 3700M ThinkPad T61p 15W NVIDIA Quadro FX 570M ThinkPad T61p 14W NVIDIA Quadro FX 570M ThinkPad T61 Quadro NVS 140M ThinkPad R61 Quadro NVS 140M This may explain the sudden jump of NVDA price today</Msg><Username>aluoaluo</Username><Timestamp>1344282415000</Timestamp><DateTime>Mon, 2012-08-06 15:46:55 EDT</DateTime><ThumbUp>9</ThumbUp><ThumbDown>0</ThumbDown><Sentiment/></Message><Message type="ReplyMessage"><Id>1344282600000-39</Id><Topic><Title>Lenovo unveils lighter, quicker ThinkPad with Nvidia Chips</Title><Username>aluoaluo</Username><Timestamp>1344282415000</Timestamp><DateTime>Mon, 2012-08-06 15:46:55 EDT</DateTime></Topic><Msg>nice, I think NVDA was up on overall market sentiment, this is just another catalyst to the upside.</Msg><Username>patent_killr</Username><Timestamp>1344282600000</Timestamp><DateTime>Mon, 2012-08-06 15:50:00 EDT</DateTime><ThumbUp>0</ThumbUp><ThumbDown>0</ThumbDown><Sentiment/></Message><Message type="ReplyMessage"><Id>1344283860000-40</Id><Topic><Title>Is the Party Over for Bulls? NVDA Hold doesnt exist!</Title><Username>klein.christensen33</Username><Timestamp>1344257279000</Timestamp><DateTime>Mon, 2012-08-06 08:47:59 EDT</DateTime></Topic><Msg>Not going anywhere, best platform there is</Msg><Username>estradasandoval62</Username><Timestamp>1344283860000</Timestamp><DateTime>Mon, 2012-08-06 16:11:00 EDT</DateTime><ThumbUp>0</ThumbUp><ThumbDown>0</ThumbDown><Sentiment/></Message><Message type="TopicMessage"><Id>1344285826000-41</Id><Title>If there numbers are good $ 16.00 could be near</Title><Msg>We all hope they can show us good numbers.</Msg><Username>deputyhatchet</Username><Timestamp>1344285826000</Timestamp><DateTime>Mon, 2012-08-06 16:43:46 EDT</DateTime><ThumbUp>1</ThumbUp><ThumbDown>0</ThumbDown><Sentiment/></Message><Message type="TopicMessage"><Id>1344286180000-42</Id><Title>INTC Device Problems LEAD TO NVDA BUYOUT AT $21.50</Title><Msg>NVDA is ripe for INTC now with notebooks and all the news coming out all over with phones, laps. NVDA is in sweet spot.</Msg><Username>ohthestupidity344</Username><Timestamp>1344286180000</Timestamp><DateTime>Mon, 2012-08-06 16:49:40 EDT</DateTime><ThumbUp>2</ThumbUp><ThumbDown>15</ThumbDown><Sentiment/></Message><Message type="ReplyMessage"><Id>1344286550000-43</Id><Topic><Title>INTC Device Problems LEAD TO NVDA BUYOUT AT $21.50</Title><Username>ohthestupidity344</Username><Timestamp>1344286180000</Timestamp><DateTime>Mon, 2012-08-06 16:49:40 EDT</DateTime></Topic><Msg>One need not look farther than this poster's ID, prophetic.</Msg><Username>eir951</Username><Timestamp>1344286550000</Timestamp><DateTime>Mon, 2012-08-06 16:55:50 EDT</DateTime><ThumbUp>2</ThumbUp><ThumbDown>13</ThumbDown><Sentiment/></Message><Message type="ReplyMessage"><Id>1344294706000-44</Id><Topic><Title>Important Resistance Ranges</Title><Username>arethaurk872</Username><Timestamp>1344268165000</Timestamp><DateTime>Mon, 2012-08-06 11:49:25 EDT</DateTime></Topic><Msg>Clear videos</Msg><Username>bentleevvf398</Username><Timestamp>1344294706000</Timestamp><DateTime>Mon, 2012-08-06 19:11:46 EDT</DateTime><ThumbUp>0</ThumbUp><ThumbDown>1</ThumbDown><Sentiment/></Message><Message type="ReplyMessage"><Id>1344298681000-45</Id><Topic><Title>Lenovo unveils lighter, quicker ThinkPad with Nvidia Chips</Title><Username>aluoaluo</Username><Timestamp>1344282415000</Timestamp><DateTime>Mon, 2012-08-06 15:46:55 EDT</DateTime></Topic><Msg>2.1% isn't meager . . . not a jump either but nothing to complain about.</Msg><Username>roundhouse_c</Username><Timestamp>1344298681000</Timestamp><DateTime>Mon, 2012-08-06 20:18:01 EDT</DateTime><ThumbUp>1</ThumbUp><ThumbDown>0</ThumbDown><Sentiment/></Message><Message type="ReplyMessage"><Id>1344311677000-46</Id><Topic><Title>Re: Puffy, what&amp;&amp;39;s your take on NVDA for now? -&gt; 16.45</Title><Username>screwherbes</Username><Timestamp>1343747993000</Timestamp><DateTime>Tue, 2012-07-31 11:19:53 EDT</DateTime></Topic><Msg>Incredibly aware.</Msg><Username>broitzie</Username><Timestamp>1344311677000</Timestamp><DateTime>Mon, 2012-08-06 23:54:37 EDT</DateTime><ThumbUp>0</ThumbUp><ThumbDown>5</ThumbDown><Sentiment/></Message><Message type="ReplyMessage"><Id>1344311716000-47</Id><Topic><Title>INTC Device Problems LEAD TO NVDA BUYOUT AT $21.50</Title><Username>ohthestupidity344</Username><Timestamp>1344286180000</Timestamp><DateTime>Mon, 2012-08-06 16:49:40 EDT</DateTime></Topic><Msg>You are right - ripe for buyout. Let me repeat my earlier post on how to make $1m from this with a mere $10K investment in CALL options. Buy ~ 500 contracts of the August 15 calls with the $10K and see Intel buy this thing for $35 a share! Pocket $20 a share x 500 X 100 = $1M</Msg><Username>qmtai2</Username><Timestamp>1344311716000</Timestamp><DateTime>Mon, 2012-08-06 23:55:16 EDT</DateTime><ThumbUp>0</ThumbUp><ThumbDown>12</ThumbDown><Sentiment/></Message></Date>