<?xml version="1.0" encoding="UTF-8" standalone="no"?><Date date="2012-10-19"><Message type="ReplyMessage"><Id>1350620732346-1</Id><Topic><Title>Google shares slides on prematurely announced earnings</Title><Username>valleybard</Username><Timestamp>1350587039844</Timestamp><DateTime>Thu, 2012-10-18 15:03:59 EDT</DateTime></Topic><Msg>And what's Jen's fanciful "guidance" again? "NVIDIA Corp announced that for the third quarter of 2013, it expects revenue to be between $1.15 billion and $1.25 billion." None of the analysts believed him, of course. "According to I/B/E/S Estimates, analysts are expecting the Company to report revenue of $1.04 billion for the third quarter of 2013." Google it : NVIDIA Corp Issues Q3 2013 Revenue Guidance Below Analysts' Estimates</Msg><Username>where_is_nvidia</Username><Timestamp>1350620732346</Timestamp><DateTime>Fri, 2012-10-19 00:25:32 EDT</DateTime><ThumbUp>4</ThumbUp><ThumbDown>0</ThumbDown><Sentiment/></Message><Message type="TopicMessage"><Id>1350620971827-2</Id><Title>And what's Jen's fanciful "guidance" again?</Title><Msg>And what's Jen's fanciful "guidance" again? "NVIDIA Corp announced that for the third quarter of 2013, it expects revenue to be between $1.15 billion and $1.25 billion." None of the analysts believe him, of course. "According to I/B/E/S Estimates, analysts are expecting the Company to report revenue of $1.04 billion for the third quarter of 2013." Google it : NVIDIA Corp Issues Q3 2013 Revenue Guidance Below Analysts' Estimates</Msg><Username>where_is_nvidia</Username><Timestamp>1350620971827</Timestamp><DateTime>Fri, 2012-10-19 00:29:31 EDT</DateTime><ThumbUp>19</ThumbUp><ThumbDown>2</ThumbDown><Sentiment/></Message><Message type="ReplyMessage"><Id>1350621553605-3</Id><Topic><Title>And what's Jen's fanciful "guidance" again?</Title><Username>where_is_nvidia</Username><Timestamp>1350620971827</Timestamp><DateTime>Fri, 2012-10-19 00:29:31 EDT</DateTime></Topic><Msg>So Best? It appears most of the best analysts don't care what current CEO Jen's guidance is. Nope. It doesn't matter. They just adjust their nvda spreadsheets as each one of nvidia's customers report their plunging results.</Msg><Username>ask.best</Username><Timestamp>1350621553605</Timestamp><DateTime>Fri, 2012-10-19 00:39:13 EDT</DateTime><ThumbUp>18</ThumbUp><ThumbDown>1</ThumbDown><Sentiment/></Message><Message type="TopicMessage"><Id>1350640123384-4</Id><Title>$666 million of Nexus 7 sales</Title><Msg>From Google's earnings call: " And our other revenue grew 73% year-over-year to $666 million, 52% quarter-over-quarter and this driven by the Nexus 7 sales." Any guesstimates of how many Tegra's that is? :) source: seeking alpha transcript</Msg><Username>chip_guru</Username><Timestamp>1350640123384</Timestamp><DateTime>Fri, 2012-10-19 05:48:43 EDT</DateTime><ThumbUp>5</ThumbUp><ThumbDown>8</ThumbDown><Sentiment>Strong Buy</Sentiment></Message><Message type="TopicMessage"><Id>1350649946937-5</Id><Title>Getting painted with the Marvel/Intel brush</Title><Msg>If at the worst this is a zero sum game they are missing who the winners are. NVDA is in the winners block.</Msg><Username>on2five</Username><Timestamp>1350649946937</Timestamp><DateTime>Fri, 2012-10-19 08:32:26 EDT</DateTime><ThumbUp>1</ThumbUp><ThumbDown>5</ThumbDown><Sentiment>Strong Buy</Sentiment></Message><Message type="ReplyMessage"><Id>1350651010909-6</Id><Topic><Title>Getting painted with the Marvel/Intel brush</Title><Username>on2five</Username><Timestamp>1350649946937</Timestamp><DateTime>Fri, 2012-10-19 08:32:26 EDT</DateTime></Topic><Msg>If it's a zero sum game, Apple would be THE Most Valuable Company on the Planet. In the History of Mankind.</Msg><Username>ibest.here</Username><Timestamp>1350651010909</Timestamp><DateTime>Fri, 2012-10-19 08:50:10 EDT</DateTime><ThumbUp>0</ThumbUp><ThumbDown>0</ThumbDown><Sentiment/></Message><Message type="ReplyMessage"><Id>1350651975471-7</Id><Topic><Title>$666 million of Nexus 7 sales</Title><Username>chip_guru</Username><Timestamp>1350640123384</Timestamp><DateTime>Fri, 2012-10-19 05:48:43 EDT</DateTime></Topic><Msg>Q : "Any guesstimates of how many Tegra's that is?" A : Probably enough for Google to start making their own ARM chips. And cut out the middleman. Like Apple and Samsung do -- and Amazon soon will too.</Msg><Username>best.replies</Username><Timestamp>1350651975471</Timestamp><DateTime>Fri, 2012-10-19 09:06:15 EDT</DateTime><ThumbUp>1</ThumbUp><ThumbDown>3</ThumbDown><Sentiment/></Message><Message type="ReplyMessage"><Id>1350652940980-8</Id><Topic><Title>$666 million of Nexus 7 sales</Title><Username>chip_guru</Username><Timestamp>1350640123384</Timestamp><DateTime>Fri, 2012-10-19 05:48:43 EDT</DateTime></Topic><Msg>Actually it does make sense for Google to buy Nvidia, not only because of the Tegra division also the whole explosive cloud/data center technology that Nvidia is pioneering.</Msg><Username>razorgarf</Username><Timestamp>1350652940980</Timestamp><DateTime>Fri, 2012-10-19 09:22:20 EDT</DateTime><ThumbUp>4</ThumbUp><ThumbDown>4</ThumbDown><Sentiment>Strong Buy</Sentiment></Message><Message type="ReplyMessage"><Id>1350652963043-9</Id><Topic><Title>Getting painted with the Marvel/Intel brush</Title><Username>on2five</Username><Timestamp>1350649946937</Timestamp><DateTime>Fri, 2012-10-19 08:32:26 EDT</DateTime></Topic><Msg>While we do think NVIDIA is the most resilient PC chip stock in the sector today thanks to its ‘premium’ product positioning in PCs (GPUs are a luxury item), its growth strategies in mobile, and its growing parallel compute server business, shares have been quite resilient Putting my money where my mouth is. Thank goodness we didn't get another upgrade...sold off after each one. Funny how they are "used" for buying and selling.</Msg><Username>on2five</Username><Timestamp>1350652963043</Timestamp><DateTime>Fri, 2012-10-19 09:22:43 EDT</DateTime><ThumbUp>0</ThumbUp><ThumbDown>5</ThumbDown><Sentiment>Strong Buy</Sentiment></Message><Message type="TopicMessage"><Id>1350653898365-10</Id><Title>FBR Capital : “We are downgrading shares of NVDA."</Title><Msg>"FBR Capital analyst Craig Berger this morning reduced his ratings on Advanced Micro Devices, Marvell and Nvidia, citing the continuing weak condition of the personal computer market. Note that AMD after the close yesterday reported grim Q3 results, while Marvell chopped its guidance for its October quarter." "Nvidia: Rating to Market Perform from Outperform. “We are downgrading shares of NVDA … as we meaningfully reduce exposure to PC chip stocks given ongoing Demand Weakness, Poor Reports about Win8 uptake and consumer receptivity, and continuing smartphone/tablet cannibalization impacts." Looks like the PC parts makers -- like nvidia -- are now decidedly out-of-fashion, boys.</Msg><Username>bestville_daily_gazette</Username><Timestamp>1350653898365</Timestamp><DateTime>Fri, 2012-10-19 09:38:18 EDT</DateTime><ThumbUp>17</ThumbUp><ThumbDown>2</ThumbDown><Sentiment/></Message><Message type="ReplyMessage"><Id>1350654506129-11</Id><Topic><Title>FBR Capital : “We are downgrading shares of NVDA."</Title><Username>bestville_daily_gazette</Username><Timestamp>1350653898365</Timestamp><DateTime>Fri, 2012-10-19 09:38:18 EDT</DateTime></Topic><Msg>For those left searching for words, here they are. Google this : Chips: FBR Cuts Views On MRVL, AMD, NVDA On PC Woes</Msg><Username>i_read_best</Username><Timestamp>1350654506129</Timestamp><DateTime>Fri, 2012-10-19 09:48:26 EDT</DateTime><ThumbUp>7</ThumbUp><ThumbDown>1</ThumbDown><Sentiment/></Message><Message type="ReplyMessage"><Id>1350654629935-12</Id><Topic><Title>$666 million of Nexus 7 sales</Title><Username>chip_guru</Username><Timestamp>1350640123384</Timestamp><DateTime>Fri, 2012-10-19 05:48:43 EDT</DateTime></Topic><Msg>I caught this in the call yesterday... but was a little troubled by the math. 666/1.52 = $438.6, about leaving about $228M in Q/Q growth. Given the retail price around the world from the play store, and and assumed ASAP of approximately $225, that'd suggest roughly 1M Nexus 7's have been sold from the play store. This is less than I had expected. I don't think this 1M number represents all Nexus 7 sales -- just those sold directly from Google -- but that it should capture all of the 8GB model sales in the quarter (since I think Google doesn't distribute that model through any other channels). 1M is less than I thought.</Msg><Username>thetrade50</Username><Timestamp>1350654629935</Timestamp><DateTime>Fri, 2012-10-19 09:50:29 EDT</DateTime><ThumbUp>1</ThumbUp><ThumbDown>1</ThumbDown><Sentiment/></Message><Message type="ReplyMessage"><Id>1350654928110-13</Id><Topic><Title>$666 million of Nexus 7 sales</Title><Username>chip_guru</Username><Timestamp>1350640123384</Timestamp><DateTime>Fri, 2012-10-19 05:48:43 EDT</DateTime></Topic><Msg>"I don't think this 1M number represents all Nexus 7 sales -- just those sold directly from Google", writes thetrade50, desperately. Those sold by others appear on Google's "Other" 10-Q Income Statement, right? HA HA HA HA HA HA HA HA HA HA HA!</Msg><Username>i_read_best</Username><Timestamp>1350654928110</Timestamp><DateTime>Fri, 2012-10-19 09:55:28 EDT</DateTime><ThumbUp>0</ThumbUp><ThumbDown>1</ThumbDown><Sentiment/></Message><Message type="ReplyMessage"><Id>1350654971428-14</Id><Topic><Title>Nvidia's Top End Kepler Unveiled: Tesla K20 Comes with Disappointing Specs, Performance</Title><Username>getanid61</Username><Timestamp>1350536513410</Timestamp><DateTime>Thu, 2012-10-18 01:01:53 EDT</DateTime></Topic><Msg>'As it stands right now, the K20 will barely outperform the Xeon Phi' In theory, however in practice an x86 FLOP is far easily attainable than a gpu GLOP and easier to program too. If Nvidia is selling any Teslas/Quadros on workstation/FP apps they will be severely challenged by your old friend Larrabee. Watch PSB's profits closely for any dip as that will be a tell tale sign.</Msg><Username>marsavian</Username><Timestamp>1350654971428</Timestamp><DateTime>Fri, 2012-10-19 09:56:11 EDT</DateTime><ThumbUp>0</ThumbUp><ThumbDown>0</ThumbDown><Sentiment/></Message><Message type="ReplyMessage"><Id>1350655768094-15</Id><Topic><Title>$666 million of Nexus 7 sales</Title><Username>chip_guru</Username><Timestamp>1350640123384</Timestamp><DateTime>Fri, 2012-10-19 05:48:43 EDT</DateTime></Topic><Msg>desperately? Are you arguing that Google should be accounting for all Nexus 7 sales? Nexus 7's are made by Asus, and at the time Andy Rubin made some comments about how revenue from the Play Store would show up in Google's numbers, but not all sales would. Also, in recent the past, Google's never included the device sales for any other Nexus Devices (e.g. the Galaxy Nexus or Nexus S). Are you arguing that's not the case? Why not just harp on the actual 1M number being lower than expectations, or explain why my math getting to that number is too optimistic.</Msg><Username>thetrade50</Username><Timestamp>1350655768094</Timestamp><DateTime>Fri, 2012-10-19 10:09:28 EDT</DateTime><ThumbUp>0</ThumbUp><ThumbDown>0</ThumbDown><Sentiment/></Message><Message type="ReplyMessage"><Id>1350655807470-16</Id><Topic><Title>Volume Action for NVDA</Title><Username>junehatfield760</Username><Timestamp>1350647863987</Timestamp><DateTime>Fri, 2012-10-19 07:57:43 EDT</DateTime></Topic><Msg>Thanks for this guys!</Msg><Username>ffrancis34</Username><Timestamp>1350655807470</Timestamp><DateTime>Fri, 2012-10-19 10:10:07 EDT</DateTime><ThumbUp>0</ThumbUp><ThumbDown>1</ThumbDown><Sentiment/></Message><Message type="ReplyMessage"><Id>1350655889771-17</Id><Topic><Title>$666 million of Nexus 7 sales</Title><Username>chip_guru</Username><Timestamp>1350640123384</Timestamp><DateTime>Fri, 2012-10-19 05:48:43 EDT</DateTime></Topic><Msg>just to fix one of my more egregious typos, I meant to write "at the time *of the Nexus 7 announcement*, Andy Rubin made some comments"</Msg><Username>thetrade50</Username><Timestamp>1350655889771</Timestamp><DateTime>Fri, 2012-10-19 10:11:29 EDT</DateTime><ThumbUp>0</ThumbUp><ThumbDown>0</ThumbDown><Sentiment/></Message><Message type="ReplyMessage"><Id>1350656042832-18</Id><Topic><Title>$666 million of Nexus 7 sales</Title><Username>chip_guru</Username><Timestamp>1350640123384</Timestamp><DateTime>Fri, 2012-10-19 05:48:43 EDT</DateTime></Topic><Msg>"Those sold by others appear on Google's "Other" 10-Q Income Statement, right?" No, wrong. Same reason you won't see device sales or the Galaxy Nexus, Nexus S, or any of the upcoming Nexus devices -- unless they're sold directly by Google, through Google Play.</Msg><Username>thetrade50</Username><Timestamp>1350656042832</Timestamp><DateTime>Fri, 2012-10-19 10:14:02 EDT</DateTime><ThumbUp>0</ThumbUp><ThumbDown>0</ThumbDown><Sentiment/></Message><Message type="ReplyMessage"><Id>1350656561492-19</Id><Topic><Title>FBR Capital : “We are downgrading shares of NVDA."</Title><Username>bestville_daily_gazette</Username><Timestamp>1350653898365</Timestamp><DateTime>Fri, 2012-10-19 09:38:18 EDT</DateTime></Topic><Msg>Just a suggestion to you paid pumper boys. Maybe try hyping the cloud today? The Market, she doesn't like to hear about PC parts anymore. And 80% of nvidia's Graphics Processor Units still get attached to PC's, right boys?</Msg><Username>best.here</Username><Timestamp>1350656561492</Timestamp><DateTime>Fri, 2012-10-19 10:22:41 EDT</DateTime><ThumbUp>7</ThumbUp><ThumbDown>0</ThumbDown><Sentiment/></Message><Message type="TopicMessage"><Id>1350657417665-20</Id><Title>another Friday scalping, yes, feels good Jen!</Title><Msg>oh, you're okay with that? think long term right!</Msg><Username>smallstock1</Username><Timestamp>1350657417665</Timestamp><DateTime>Fri, 2012-10-19 10:36:57 EDT</DateTime><ThumbUp>0</ThumbUp><ThumbDown>0</ThumbDown><Sentiment/></Message><Message type="TopicMessage"><Id>1350658175306-21</Id><Title>Jen, take charge, earn your pay, silence is weird!</Title><Msg>it has become a weird thing with you..</Msg><Username>smallstock1</Username><Timestamp>1350658175306</Timestamp><DateTime>Fri, 2012-10-19 10:49:35 EDT</DateTime><ThumbUp>0</ThumbUp><ThumbDown>0</ThumbDown><Sentiment/></Message><Message type="TopicMessage"><Id>1350658393395-22</Id><Title>Timberrrrrrrrrrrrrrrr</Title><Msg>Tankkkkkkkkkkkkkkkking What a POS</Msg><Username>crhiafkk</Username><Timestamp>1350658393395</Timestamp><DateTime>Fri, 2012-10-19 10:53:13 EDT</DateTime><ThumbUp>0</ThumbUp><ThumbDown>0</ThumbDown><Sentiment/></Message><Message type="ReplyMessage"><Id>1350658750982-23</Id><Topic><Title>NVIDIA Corporation</Title><Username>jennelljar1579</Username><Timestamp>1350658011588</Timestamp><DateTime>Fri, 2012-10-19 10:46:51 EDT</DateTime></Topic><Msg>Thank you for sharing this.</Msg><Username>tenishaqjcz03936</Username><Timestamp>1350658750982</Timestamp><DateTime>Fri, 2012-10-19 10:59:10 EDT</DateTime><ThumbUp>2</ThumbUp><ThumbDown>2</ThumbDown><Sentiment/></Message><Message type="TopicMessage"><Id>1350659327590-24</Id><Title>Headed for new 52 week LOW,,,OH NO</Title><Msg>Not even a Romney win can save this stock ! Even New MSFT tablets with Tegra have done nothing to increase NVDA valuation, NADA, ZILCH!</Msg><Username>crhiafkk</Username><Timestamp>1350659327590</Timestamp><DateTime>Fri, 2012-10-19 11:08:47 EDT</DateTime><ThumbUp>1</ThumbUp><ThumbDown>1</ThumbDown><Sentiment/></Message><Message type="TopicMessage"><Id>1350659349321-25</Id><Title>if ya got a warning, put it out, just put it out!</Title><Msg>if not, put that out....do something my goodness...</Msg><Username>smallstock1</Username><Timestamp>1350659349321</Timestamp><DateTime>Fri, 2012-10-19 11:09:09 EDT</DateTime><ThumbUp>1</ThumbUp><ThumbDown>0</ThumbDown><Sentiment/></Message><Message type="TopicMessage"><Id>1350660183188-26</Id><Title>DOWNGRADE........KO'D</Title><Msg>NVIDIA (NVDA) downgraded to Market Perform from Outperform at FBR Capita</Msg><Username>crhiafkk</Username><Timestamp>1350660183188</Timestamp><DateTime>Fri, 2012-10-19 11:23:03 EDT</DateTime><ThumbUp>0</ThumbUp><ThumbDown>1</ThumbDown><Sentiment/></Message><Message type="ReplyMessage"><Id>1350660430684-27</Id><Topic><Title>NVIDIA Corporation</Title><Username>jennelljar1579</Username><Timestamp>1350658011588</Timestamp><DateTime>Fri, 2012-10-19 10:46:51 EDT</DateTime></Topic><Msg>Good job! Very informative.</Msg><Username>cristalxwhv46591</Username><Timestamp>1350660430684</Timestamp><DateTime>Fri, 2012-10-19 11:27:10 EDT</DateTime><ThumbUp>1</ThumbUp><ThumbDown>2</ThumbDown><Sentiment/></Message><Message type="ReplyMessage"><Id>1350660470711-28</Id><Topic><Title>Headed for new 52 week LOW,,,OH NO</Title><Username>crhiafkk</Username><Timestamp>1350659327590</Timestamp><DateTime>Fri, 2012-10-19 11:08:47 EDT</DateTime></Topic><Msg>ANyone buying here? Really? the falling...... Knife has turned into a sword!</Msg><Username>uppauaz</Username><Timestamp>1350660470711</Timestamp><DateTime>Fri, 2012-10-19 11:27:50 EDT</DateTime><ThumbUp>0</ThumbUp><ThumbDown>0</ThumbDown><Sentiment/></Message><Message type="TopicMessage"><Id>1350660788719-29</Id><Title>mother ---</Title><Msg>guess it's back to "would you like fries with that order"</Msg><Username>on2five</Username><Timestamp>1350660788719</Timestamp><DateTime>Fri, 2012-10-19 11:33:08 EDT</DateTime><ThumbUp>1</ThumbUp><ThumbDown>0</ThumbDown><Sentiment>Strong Buy</Sentiment></Message><Message type="ReplyMessage"><Id>1350660986140-30</Id><Topic><Title>Jen, take charge, earn your pay, silence is weird!</Title><Username>smallstock1</Username><Timestamp>1350658175306</Timestamp><DateTime>Fri, 2012-10-19 10:49:35 EDT</DateTime></Topic><Msg>He can: 1. Stay quiet because earnings will be in line with guidance 2. Issue warning they will miss However, he can hardly say "no worry boys, earnings will be fine". So, until point 2 comes through, we are in the "point number 1" mode. :-)</Msg><Username>sisula3</Username><Timestamp>1350660986140</Timestamp><DateTime>Fri, 2012-10-19 11:36:26 EDT</DateTime><ThumbUp>0</ThumbUp><ThumbDown>0</ThumbDown><Sentiment/></Message><Message type="ReplyMessage"><Id>1350661237080-31</Id><Topic><Title>Headed for new 52 week LOW,,,OH NO</Title><Username>crhiafkk</Username><Timestamp>1350659327590</Timestamp><DateTime>Fri, 2012-10-19 11:08:47 EDT</DateTime></Topic><Msg>yes i bought</Msg><Username>dbmarlowe1</Username><Timestamp>1350661237080</Timestamp><DateTime>Fri, 2012-10-19 11:40:37 EDT</DateTime><ThumbUp>0</ThumbUp><ThumbDown>0</ThumbDown><Sentiment/></Message><Message type="ReplyMessage"><Id>1350662363785-32</Id><Topic><Title>Headed for new 52 week LOW,,,OH NO</Title><Username>crhiafkk</Username><Timestamp>1350659327590</Timestamp><DateTime>Fri, 2012-10-19 11:08:47 EDT</DateTime></Topic><Msg>Buy in limit order, $12.25 500shs. More to come if lower price. Problem is Pockets ain't too deep!</Msg><Username>sadimman</Username><Timestamp>1350662363785</Timestamp><DateTime>Fri, 2012-10-19 11:59:23 EDT</DateTime><ThumbUp>2</ThumbUp><ThumbDown>0</ThumbDown><Sentiment/></Message><Message type="ReplyMessage"><Id>1350662801786-33</Id><Topic><Title>Nvidia's Top End Kepler Unveiled: Tesla K20 Comes with Disappointing Specs, Performance</Title><Username>getanid61</Username><Timestamp>1350536513410</Timestamp><DateTime>Thu, 2012-10-18 01:01:53 EDT</DateTime></Topic><Msg>"In theory, however in practice an x86 FLOP is far easily attainable than a gpu GLOP and easier to program too." In many cases, but GPGPU will excel with others... But Project Denver cores will counter one of Phi's advantages going forward... "If Nvidia is selling any Teslas/Quadros on workstation/FP apps they will be severely challenged by your old friend Larrabee." Tesla will be challenged... especially with INtel's pricing... But a Quadro can have dual use... and Phi doesn't offer the GPU side</Msg><Username>getanid61</Username><Timestamp>1350662801786</Timestamp><DateTime>Fri, 2012-10-19 12:06:41 EDT</DateTime><ThumbUp>0</ThumbUp><ThumbDown>0</ThumbDown><Sentiment/></Message><Message type="ReplyMessage"><Id>1350663391532-34</Id><Topic><Title>Headed for new 52 week LOW,,,OH NO</Title><Username>crhiafkk</Username><Timestamp>1350659327590</Timestamp><DateTime>Fri, 2012-10-19 11:08:47 EDT</DateTime></Topic><Msg>$12.25........BINGO! DO IT GO LOWER?</Msg><Username>sadimman</Username><Timestamp>1350663391532</Timestamp><DateTime>Fri, 2012-10-19 12:16:31 EDT</DateTime><ThumbUp>0</ThumbUp><ThumbDown>0</ThumbDown><Sentiment/></Message><Message type="TopicMessage"><Id>1350663682023-35</Id><Title>okay, a big put bet nov 13's, did the co sell them?</Title><Msg>are they going to use some cash to buy back shares in this range? i hope so</Msg><Username>smallstock1</Username><Timestamp>1350663682023</Timestamp><DateTime>Fri, 2012-10-19 12:21:22 EDT</DateTime><ThumbUp>1</ThumbUp><ThumbDown>0</ThumbDown><Sentiment/></Message><Message type="ReplyMessage"><Id>1350663961496-36</Id><Topic><Title>NVIDIA Corporation</Title><Username>jennelljar1579</Username><Timestamp>1350658011588</Timestamp><DateTime>Fri, 2012-10-19 10:46:51 EDT</DateTime></Topic><Msg>Nice one, I will subscribe now.</Msg><Username>regeniarunmp23502</Username><Timestamp>1350663961496</Timestamp><DateTime>Fri, 2012-10-19 12:26:01 EDT</DateTime><ThumbUp>0</ThumbUp><ThumbDown>0</ThumbDown><Sentiment/></Message><Message type="ReplyMessage"><Id>1350664497334-37</Id><Topic><Title>FBR Capital : “We are downgrading shares of NVDA."</Title><Username>bestville_daily_gazette</Username><Timestamp>1350653898365</Timestamp><DateTime>Fri, 2012-10-19 09:38:18 EDT</DateTime></Topic><Msg>Hey all you idiot bests GO you know the rest</Msg><Username>nine_feet_underground</Username><Timestamp>1350664497334</Timestamp><DateTime>Fri, 2012-10-19 12:34:57 EDT</DateTime><ThumbUp>2</ThumbUp><ThumbDown>2</ThumbDown><Sentiment/></Message><Message type="TopicMessage"><Id>1350665896431-38</Id><Title>When do we see a bounce,,,,,,,WAY OVERSOLD!</Title><Msg>Is Jen buying here? Show us some confidence Jen, Nvda should be a gift at these levels IF you believe in Nvda's future.</Msg><Username>crkerjak</Username><Timestamp>1350665896431</Timestamp><DateTime>Fri, 2012-10-19 12:58:16 EDT</DateTime><ThumbUp>0</ThumbUp><ThumbDown>0</ThumbDown><Sentiment/></Message><Message type="TopicMessage"><Id>1350666020173-39</Id><Title>Will NVda buyout AMD? Curent Market Cap?</Title><Msg>I tghink sooo</Msg><Username>citioec</Username><Timestamp>1350666020173</Timestamp><DateTime>Fri, 2012-10-19 13:00:20 EDT</DateTime><ThumbUp>0</ThumbUp><ThumbDown>0</ThumbDown><Sentiment/></Message><Message type="TopicMessage"><Id>1350666241566-40</Id><Title>surface, nexes, gaming graphics, servers, ailing shareholders</Title><Msg>why I ask?</Msg><Username>smallstock1</Username><Timestamp>1350666241566</Timestamp><DateTime>Fri, 2012-10-19 13:04:01 EDT</DateTime><ThumbUp>0</ThumbUp><ThumbDown>0</ThumbDown><Sentiment/></Message><Message type="ReplyMessage"><Id>1350666327136-41</Id><Topic><Title>Will NVda buyout AMD? Curent Market Cap?</Title><Username>citioec</Username><Timestamp>1350666020173</Timestamp><DateTime>Fri, 2012-10-19 13:00:20 EDT</DateTime></Topic><Msg>We need Jen to buy NVDA shares at these bargain prices. Not buy another loser company.</Msg><Username>moochitn</Username><Timestamp>1350666327136</Timestamp><DateTime>Fri, 2012-10-19 13:05:27 EDT</DateTime><ThumbUp>3</ThumbUp><ThumbDown>0</ThumbDown><Sentiment/></Message><Message type="ReplyMessage"><Id>1350667228475-42</Id><Topic><Title>Volume Action for NVDA</Title><Username>junehatfield760</Username><Timestamp>1350647863987</Timestamp><DateTime>Fri, 2012-10-19 07:57:43 EDT</DateTime></Topic><Msg>Beautiful women always come around when there is money. The game is get those beautiful women to pay for you :)</Msg><Username>maddenalexandra700</Username><Timestamp>1350667228475</Timestamp><DateTime>Fri, 2012-10-19 13:20:28 EDT</DateTime><ThumbUp>0</ThumbUp><ThumbDown>1</ThumbDown><Sentiment/></Message><Message type="ReplyMessage"><Id>1350667301750-43</Id><Topic><Title>NVIDIA Corporation</Title><Username>jennelljar1579</Username><Timestamp>1350658011588</Timestamp><DateTime>Fri, 2012-10-19 10:46:51 EDT</DateTime></Topic><Msg>I'm looking for great articles. Nice to be here.</Msg><Username>mariannaltm1657</Username><Timestamp>1350667301750</Timestamp><DateTime>Fri, 2012-10-19 13:21:41 EDT</DateTime><ThumbUp>0</ThumbUp><ThumbDown>0</ThumbDown><Sentiment/></Message><Message type="TopicMessage"><Id>1350668681237-44</Id><Title>Nvda keeps going lower.</Title><Msg>Why no support? Should be a bargain at these prices. But traders are just saying NO. More downgrades coming. Jen coming out with lower expectations, What?</Msg><Username>hopawong</Username><Timestamp>1350668681237</Timestamp><DateTime>Fri, 2012-10-19 13:44:41 EDT</DateTime><ThumbUp>0</ThumbUp><ThumbDown>0</ThumbDown><Sentiment/></Message><Message type="ReplyMessage"><Id>1350669603742-45</Id><Topic><Title>NVIDIA Corporation</Title><Username>jennelljar1579</Username><Timestamp>1350658011588</Timestamp><DateTime>Fri, 2012-10-19 10:46:51 EDT</DateTime></Topic><Msg>Cool picks. I love it.</Msg><Username>tressacjb885</Username><Timestamp>1350669603742</Timestamp><DateTime>Fri, 2012-10-19 14:00:03 EDT</DateTime><ThumbUp>0</ThumbUp><ThumbDown>0</ThumbDown><Sentiment/></Message><Message type="ReplyMessage"><Id>1350669628909-46</Id><Topic><Title>Nvda keeps going lower.</Title><Username>hopawong</Username><Timestamp>1350668681237</Timestamp><DateTime>Fri, 2012-10-19 13:44:41 EDT</DateTime></Topic><Msg>Well no, are you paying attention to the rest of the market? You are right about the stock being a bargain now, if that is really what you mean.</Msg><Username>roundhouse_c</Username><Timestamp>1350669628909</Timestamp><DateTime>Fri, 2012-10-19 14:00:28 EDT</DateTime><ThumbUp>0</ThumbUp><ThumbDown>0</ThumbDown><Sentiment>Strong Buy</Sentiment></Message><Message type="TopicMessage"><Id>1350669856904-47</Id><Title>chemical weapons used by wall st on us!</Title><Msg>I think they are going for the final kill to win the election...</Msg><Username>smallstock1</Username><Timestamp>1350669856904</Timestamp><DateTime>Fri, 2012-10-19 14:04:16 EDT</DateTime><ThumbUp>0</ThumbUp><ThumbDown>0</ThumbDown><Sentiment/></Message><Message type="ReplyMessage"><Id>1350670421721-48</Id><Topic><Title>Nvda keeps going lower.</Title><Username>hopawong</Username><Timestamp>1350668681237</Timestamp><DateTime>Fri, 2012-10-19 13:44:41 EDT</DateTime></Topic><Msg>buy order in @ $12.10.</Msg><Username>hopawong</Username><Timestamp>1350670421721</Timestamp><DateTime>Fri, 2012-10-19 14:13:41 EDT</DateTime><ThumbUp>0</ThumbUp><ThumbDown>0</ThumbDown><Sentiment/></Message><Message type="ReplyMessage"><Id>1350670507308-49</Id><Topic><Title>Nvda keeps going lower.</Title><Username>hopawong</Username><Timestamp>1350668681237</Timestamp><DateTime>Fri, 2012-10-19 13:44:41 EDT</DateTime></Topic><Msg>NVDA is down more than a lot of the other chip companies. ie TXN and QCOM</Msg><Username>hopawong</Username><Timestamp>1350670507308</Timestamp><DateTime>Fri, 2012-10-19 14:15:07 EDT</DateTime><ThumbUp>0</ThumbUp><ThumbDown>0</ThumbDown><Sentiment/></Message><Message type="ReplyMessage"><Id>1350671039442-50</Id><Topic><Title>Nvda keeps going lower.</Title><Username>hopawong</Username><Timestamp>1350668681237</Timestamp><DateTime>Fri, 2012-10-19 13:44:41 EDT</DateTime></Topic><Msg>Right, but there is always a more exaggerated sell pressure on a stock that is listed in a downgrade than the others that are not listed or cited. Plus, Nvidia is a high-beta stock and it also the last day for options today as well . . a perfect storm so to speak to see it drop this much. Don't forget that AMD and MRVL today which is part of that analyst's downgrade are both down over or around 15%(!!). Frankly, I'm more upset with this particular analyst because he could just as easily note that Nvidia is benefiting from AMD's fall rather than being a part of that fall. Of course, the analyst has no other motive to mention at this time right ;)? Rigggght.</Msg><Username>roundhouse_c</Username><Timestamp>1350671039442</Timestamp><DateTime>Fri, 2012-10-19 14:23:59 EDT</DateTime><ThumbUp>0</ThumbUp><ThumbDown>0</ThumbDown><Sentiment>Strong Buy</Sentiment></Message><Message type="TopicMessage"><Id>1350671280842-51</Id><Title>Down 6% and still falling</Title><Msg>Where's the bottom......Hell?</Msg><Username>moochitn</Username><Timestamp>1350671280842</Timestamp><DateTime>Fri, 2012-10-19 14:28:00 EDT</DateTime><ThumbUp>0</ThumbUp><ThumbDown>0</ThumbDown><Sentiment/></Message><Message type="TopicMessage"><Id>1350671821618-52</Id><Title>slaughterhouse style shareholder killings today</Title><Msg>someone is drinking the blood as well......</Msg><Username>smallstock1</Username><Timestamp>1350671821618</Timestamp><DateTime>Fri, 2012-10-19 14:37:01 EDT</DateTime><ThumbUp>0</ThumbUp><ThumbDown>0</ThumbDown><Sentiment/></Message><Message type="TopicMessage"><Id>1350672085591-53</Id><Title>Semi in general is overvalued. Someone has to cut NVDA into half.</Title><Msg>Who would take the first medal?</Msg><Username>after8before12</Username><Timestamp>1350672085591</Timestamp><DateTime>Fri, 2012-10-19 14:41:25 EDT</DateTime><ThumbUp>0</ThumbUp><ThumbDown>3</ThumbDown><Sentiment/></Message><Message type="TopicMessage"><Id>1350672142531-54</Id><Title>wall st traders have eaten my children</Title><Msg>they have blood dripping from their chins</Msg><Username>smallstock1</Username><Timestamp>1350672142531</Timestamp><DateTime>Fri, 2012-10-19 14:42:22 EDT</DateTime><ThumbUp>0</ThumbUp><ThumbDown>0</ThumbDown><Sentiment/></Message><Message type="ReplyMessage"><Id>1350672695306-55</Id><Topic><Title>Volume Action for NVDA</Title><Username>junehatfield760</Username><Timestamp>1350647863987</Timestamp><DateTime>Fri, 2012-10-19 07:57:43 EDT</DateTime></Topic><Msg>Need some advise from someone that knows the anwser</Msg><Username>maynardwatson194</Username><Timestamp>1350672695306</Timestamp><DateTime>Fri, 2012-10-19 14:51:35 EDT</DateTime><ThumbUp>0</ThumbUp><ThumbDown>0</ThumbDown><Sentiment/></Message><Message type="ReplyMessage"><Id>1350672710544-56</Id><Topic><Title>Down 6% and still falling</Title><Username>moochitn</Username><Timestamp>1350671280842</Timestamp><DateTime>Fri, 2012-10-19 14:28:00 EDT</DateTime></Topic><Msg>Headed for new yearly low. $11 and change.</Msg><Username>moochitn</Username><Timestamp>1350672710544</Timestamp><DateTime>Fri, 2012-10-19 14:51:50 EDT</DateTime><ThumbUp>0</ThumbUp><ThumbDown>0</ThumbDown><Sentiment/></Message><Message type="ReplyMessage"><Id>1350672722416-57</Id><Topic><Title>Volume Action for NVDA</Title><Username>junehatfield760</Username><Timestamp>1350647863987</Timestamp><DateTime>Fri, 2012-10-19 07:57:43 EDT</DateTime></Topic><Msg>Great Info thanks for your help the hedge naked shorts.</Msg><Username>maynardwatson194</Username><Timestamp>1350672722416</Timestamp><DateTime>Fri, 2012-10-19 14:52:02 EDT</DateTime><ThumbUp>0</ThumbUp><ThumbDown>0</ThumbDown><Sentiment/></Message><Message type="ReplyMessage"><Id>1350672809304-58</Id><Topic><Title>NVIDIA Corporation</Title><Username>jennelljar1579</Username><Timestamp>1350658011588</Timestamp><DateTime>Fri, 2012-10-19 10:46:51 EDT</DateTime></Topic><Msg>I love this report.</Msg><Username>hilmaqkf8393</Username><Timestamp>1350672809304</Timestamp><DateTime>Fri, 2012-10-19 14:53:29 EDT</DateTime><ThumbUp>0</ThumbUp><ThumbDown>2</ThumbDown><Sentiment/></Message><Message type="TopicMessage"><Id>1350675185666-59</Id><Title>Considering going long</Title><Msg>If this drops below 12 its hard not to bite on this. I bought in before last earnings and that worked out pretty well. I seem to remember them being pretty confident about the future as well. I would have to imagine Tegra 3 has done fairly well? Kinda surprised by the drop today, I guess its getting taken down by AMD and the market being down. Might be a good point to jump in seeing as earnings isn't too far off?</Msg><Username>stockbird14</Username><Timestamp>1350675185666</Timestamp><DateTime>Fri, 2012-10-19 15:33:05 EDT</DateTime><ThumbUp>2</ThumbUp><ThumbDown>0</ThumbDown><Sentiment>Buy</Sentiment></Message><Message type="ReplyMessage"><Id>1350675225874-60</Id><Topic><Title>Down 6% and still falling</Title><Username>moochitn</Username><Timestamp>1350671280842</Timestamp><DateTime>Fri, 2012-10-19 14:28:00 EDT</DateTime></Topic><Msg>You'd be better off investing in AMD which dropped 16+ percent, or to MRVL, which dropped 15% You idiots made me LMAO!</Msg><Username>valleybard</Username><Timestamp>1350675225874</Timestamp><DateTime>Fri, 2012-10-19 15:33:45 EDT</DateTime><ThumbUp>0</ThumbUp><ThumbDown>0</ThumbDown><Sentiment/></Message><Message type="ReplyMessage"><Id>1350675225936-61</Id><Topic><Title>Down 6% and still falling</Title><Username>moochitn</Username><Timestamp>1350671280842</Timestamp><DateTime>Fri, 2012-10-19 14:28:00 EDT</DateTime></Topic><Msg>You'd be better off investing in AMD which dropped 16+ percent, or to MRVL, which dropped 15% You idiots made me LMAO!</Msg><Username>valleybard</Username><Timestamp>1350675225936</Timestamp><DateTime>Fri, 2012-10-19 15:33:45 EDT</DateTime><ThumbUp>0</ThumbUp><ThumbDown>0</ThumbDown><Sentiment/></Message><Message type="ReplyMessage"><Id>1350675226023-62</Id><Topic><Title>Down 6% and still falling</Title><Username>moochitn</Username><Timestamp>1350671280842</Timestamp><DateTime>Fri, 2012-10-19 14:28:00 EDT</DateTime></Topic><Msg>You'd be better off investing in AMD which dropped 16+ percent, or to MRVL, which dropped 15% You idiots made me LMAO!</Msg><Username>valleybard</Username><Timestamp>1350675226023</Timestamp><DateTime>Fri, 2012-10-19 15:33:46 EDT</DateTime><ThumbUp>0</ThumbUp><ThumbDown>0</ThumbDown><Sentiment/></Message><Message type="ReplyMessage"><Id>1350676465344-63</Id><Topic><Title>Considering going long</Title><Username>stockbird14</Username><Timestamp>1350675185666</Timestamp><DateTime>Fri, 2012-10-19 15:33:05 EDT</DateTime></Topic><Msg>IMO, it's a perfect storm to allow someone to buy at the bottom today. If I had the freed up capital, I'd be buying now. Also, you have to consider that both MRVL and AMD were lumped into the same analyst's update which were all downgrades, and those stocks were both down over 15% at one point. Add to that another options expiry and the general market being extremely skittish and you have the high beta NVDA go down a full half a point or 50c more than a day like this should normally cause.</Msg><Username>roundhouse_c</Username><Timestamp>1350676465344</Timestamp><DateTime>Fri, 2012-10-19 15:54:25 EDT</DateTime><ThumbUp>0</ThumbUp><ThumbDown>0</ThumbDown><Sentiment>Strong Buy</Sentiment></Message><Message type="ReplyMessage"><Id>1350676752152-64</Id><Topic><Title>Considering going long</Title><Username>stockbird14</Username><Timestamp>1350675185666</Timestamp><DateTime>Fri, 2012-10-19 15:33:05 EDT</DateTime></Topic><Msg>I don't have any free capital until Monday morning, will see what this does Monday morning. Probably going to buy in if its the right price still.</Msg><Username>stockbird14</Username><Timestamp>1350676752152</Timestamp><DateTime>Fri, 2012-10-19 15:59:12 EDT</DateTime><ThumbUp>0</ThumbUp><ThumbDown>0</ThumbDown><Sentiment/></Message><Message type="ReplyMessage"><Id>1350676928238-65</Id><Topic><Title>NVIDIA Corporation</Title><Username>jennelljar1579</Username><Timestamp>1350658011588</Timestamp><DateTime>Fri, 2012-10-19 10:46:51 EDT</DateTime></Topic><Msg>This is what I am looking for.</Msg><Username>lorettagcf830</Username><Timestamp>1350676928238</Timestamp><DateTime>Fri, 2012-10-19 16:02:08 EDT</DateTime><ThumbUp>0</ThumbUp><ThumbDown>1</ThumbDown><Sentiment/></Message><Message type="ReplyMessage"><Id>1350677832825-66</Id><Topic><Title>Semi in general is overvalued. Someone has to cut NVDA into half.</Title><Username>after8before12</Username><Timestamp>1350672085591</Timestamp><DateTime>Fri, 2012-10-19 14:41:25 EDT</DateTime></Topic><Msg>on ignore.</Msg><Username>roundhouse_c</Username><Timestamp>1350677832825</Timestamp><DateTime>Fri, 2012-10-19 16:17:12 EDT</DateTime><ThumbUp>1</ThumbUp><ThumbDown>0</ThumbDown><Sentiment>Strong Buy</Sentiment></Message><Message type="ReplyMessage"><Id>1350679002454-67</Id><Topic><Title>Semi in general is overvalued. Someone has to cut NVDA into half.</Title><Username>after8before12</Username><Timestamp>1350672085591</Timestamp><DateTime>Fri, 2012-10-19 14:41:25 EDT</DateTime></Topic><Msg>You mean Nvda only got circumcised today? My feeling is it got blown-up!</Msg><Username>sunholen1</Username><Timestamp>1350679002454</Timestamp><DateTime>Fri, 2012-10-19 16:36:42 EDT</DateTime><ThumbUp>1</ThumbUp><ThumbDown>0</ThumbDown><Sentiment/></Message><Message type="ReplyMessage"><Id>1350679545344-68</Id><Topic><Title>NVIDIA Corporation</Title><Username>jennelljar1579</Username><Timestamp>1350658011588</Timestamp><DateTime>Fri, 2012-10-19 10:46:51 EDT</DateTime></Topic><Msg>I will be waiting for more great news to come.</Msg><Username>cherishord078532</Username><Timestamp>1350679545344</Timestamp><DateTime>Fri, 2012-10-19 16:45:45 EDT</DateTime><ThumbUp>0</ThumbUp><ThumbDown>1</ThumbDown><Sentiment/></Message><Message type="ReplyMessage"><Id>1350681453974-69</Id><Topic><Title>NVIDIA Corporation</Title><Username>jennelljar1579</Username><Timestamp>1350658011588</Timestamp><DateTime>Fri, 2012-10-19 10:46:51 EDT</DateTime></Topic><Msg>Glad you shared this to us.</Msg><Username>ngadtb89567</Username><Timestamp>1350681453974</Timestamp><DateTime>Fri, 2012-10-19 17:17:33 EDT</DateTime><ThumbUp>0</ThumbUp><ThumbDown>2</ThumbDown><Sentiment/></Message><Message type="ReplyMessage"><Id>1350685175105-70</Id><Topic><Title>NVIDIA Corporation</Title><Username>jennelljar1579</Username><Timestamp>1350658011588</Timestamp><DateTime>Fri, 2012-10-19 10:46:51 EDT</DateTime></Topic><Msg>Continue sharing this to us please. Thanks in advance.</Msg><Username>sherrimtl76498</Username><Timestamp>1350685175105</Timestamp><DateTime>Fri, 2012-10-19 18:19:35 EDT</DateTime><ThumbUp>0</ThumbUp><ThumbDown>2</ThumbDown><Sentiment/></Message><Message type="TopicMessage"><Id>1350686653256-71</Id><Title>AMD down 16.8%</Title><Msg>ouch!</Msg><Username>best_ivideo</Username><Timestamp>1350686653256</Timestamp><DateTime>Fri, 2012-10-19 18:44:13 EDT</DateTime><ThumbUp>1</ThumbUp><ThumbDown>3</ThumbDown><Sentiment/></Message><Message type="ReplyMessage"><Id>1350691032255-72</Id><Topic><Title>NVIDIA Corporation</Title><Username>jennelljar1579</Username><Timestamp>1350658011588</Timestamp><DateTime>Fri, 2012-10-19 10:46:51 EDT</DateTime></Topic><Msg>You are extremely good. So far I am very happy.</Msg><Username>elmakko43317</Username><Timestamp>1350691032255</Timestamp><DateTime>Fri, 2012-10-19 19:57:12 EDT</DateTime><ThumbUp>0</ThumbUp><ThumbDown>0</ThumbDown><Sentiment/></Message><Message type="TopicMessage"><Id>1350692998162-73</Id><Title>Sold in AH's at $12.11 - NVDA is dropping like a rock.............</Title><Msg>Crash on Monday - did not want to get in the way.......................... 800 point drop coming.............</Msg><Username>iroc88joe1234</Username><Timestamp>1350692998162</Timestamp><DateTime>Fri, 2012-10-19 20:29:58 EDT</DateTime><ThumbUp>0</ThumbUp><ThumbDown>1</ThumbDown><Sentiment>Strong Sell</Sentiment></Message><Message type="ReplyMessage"><Id>1350693218390-74</Id><Topic><Title>Sold in AH's at $12.11 - NVDA is dropping like a rock.............</Title><Username>iroc88joe1234</Username><Timestamp>1350692998162</Timestamp><DateTime>Fri, 2012-10-19 20:29:58 EDT</DateTime></Topic><Msg>Could be some positive news about the election... Only 18 days left. good luck in your investing.</Msg><Username>gendfairly</Username><Timestamp>1350693218390</Timestamp><DateTime>Fri, 2012-10-19 20:33:38 EDT</DateTime><ThumbUp>0</ThumbUp><ThumbDown>0</ThumbDown><Sentiment/></Message><Message type="ReplyMessage"><Id>1350693829784-75</Id><Topic><Title>Sold in AH's at $12.11 - NVDA is dropping like a rock.............</Title><Username>iroc88joe1234</Username><Timestamp>1350692998162</Timestamp><DateTime>Fri, 2012-10-19 20:29:58 EDT</DateTime></Topic><Msg>I cut my losers pretty fast. NVDA may bounce back up, but I bought this morning thinking the bottom was in at $12.43. When it dropped to $12 today, I thought about it and sold at $12.11. If Monday holds, I may find other investment, but I think the chip sector is done for a while.</Msg><Username>iroc88joe1234</Username><Timestamp>1350693829784</Timestamp><DateTime>Fri, 2012-10-19 20:43:49 EDT</DateTime><ThumbUp>0</ThumbUp><ThumbDown>0</ThumbDown><Sentiment/></Message><Message type="ReplyMessage"><Id>1350696155243-76</Id><Topic><Title>Sold in AH's at $12.11 - NVDA is dropping like a rock.............</Title><Username>iroc88joe1234</Username><Timestamp>1350692998162</Timestamp><DateTime>Fri, 2012-10-19 20:29:58 EDT</DateTime></Topic><Msg>Hope you won't be regretted next week, it could bounce back easily to 12.43 where you brought. IMHO.</Msg><Username>emilpati</Username><Timestamp>1350696155243</Timestamp><DateTime>Fri, 2012-10-19 21:22:35 EDT</DateTime><ThumbUp>0</ThumbUp><ThumbDown>0</ThumbDown><Sentiment/></Message><Message type="ReplyMessage"><Id>1350696291435-77</Id><Topic><Title>And what's Jen's fanciful "guidance" again?</Title><Username>where_is_nvidia</Username><Timestamp>1350620971827</Timestamp><DateTime>Fri, 2012-10-19 00:29:31 EDT</DateTime></Topic><Msg>"It appears most of the best analysts don't care what current CEO Jen's guidance is. Nope. It doesn't matter. They just adjust their nvda spreadsheets as each one of nvidia's customers report their plunging results." Don't be sayin' that you weren't warned, boys. Oh no no no. nvidia had it's First Trip to the Woodshed today. WACK! WACK! WACK! WACK! WACK! WACK! WACK! Because Jen didn't pre-warn and chop his fanciful guidance. LIKE REST OF THE PC PARTS MAKERS HAVE. But it's not over. Oh no no no. The Second Trip to the Woodshed will follow next week. Down she goes some more, boys. WACK! WACK! WACK! WACK! WACK! WACK! WACK! As the grim news spreads to the slower sheep. That PC parts makers -- such as nvidia -- are decidedly out-of-fashion. Like that hapless nvda shareholder who spent the afternoon in the dentist's chair. And won't read the grim news until Sunday afternoon. After the football game. When the fresh crop of analyst downgrades are released. Then, the Third Trip to the Woodshed will come when Jen finally chops his guidance. Usually a week or so before his Quarterly Confessional. And comes clean on the fact that things aren't as rosy as that P/E of 15 might suggest. WACK! WACK! WACK! WACK! WACK! WACK! WACK! Down she goes even more. Have you ever heard of a stock going Up after the CEO chops his guidance? Hummm? Of course not. Finally, nvda really sails off the flat side of the 52-Week Low List on "Earnings" Day. For some odd reason there's always those folks who don't believe the fore-telling of plunging revenues, margins and Net Income until they actually See it in black and white and red towards the bottom. All GAAP compliant and properly SEC filed. With footnotes describing the Extraordinary Charges and this and that. WACK! WACK! WACK! WACK! WACK! WACK! WACK! Maybe a new Multi-Year Low for nvda is established the following day. Did I mention? Don't be sayin' that you weren't warned, boys.</Msg><Username>best.again</Username><Timestamp>1350696291435</Timestamp><DateTime>Fri, 2012-10-19 21:24:51 EDT</DateTime><ThumbUp>0</ThumbUp><ThumbDown>0</ThumbDown><Sentiment/></Message><Message type="ReplyMessage"><Id>1350700636366-78</Id><Topic><Title>And what's Jen's fanciful "guidance" again?</Title><Username>where_is_nvidia</Username><Timestamp>1350620971827</Timestamp><DateTime>Fri, 2012-10-19 00:29:31 EDT</DateTime></Topic><Msg>That's what a loser likes you does at home by himself on Friday night...'whack wack whack'</Msg><Username>mikeywalson</Username><Timestamp>1350700636366</Timestamp><DateTime>Fri, 2012-10-19 22:37:16 EDT</DateTime><ThumbUp>0</ThumbUp><ThumbDown>2</ThumbDown><Sentiment/></Message><Message type="ReplyMessage"><Id>1350704957796-79</Id><Topic><Title>Sold in AH's at $12.11 - NVDA is dropping like a rock.............</Title><Username>iroc88joe1234</Username><Timestamp>1350692998162</Timestamp><DateTime>Fri, 2012-10-19 20:29:58 EDT</DateTime></Topic><Msg>Some parts are done, but not Nvidia. There will be plenty of good news in the next few weeks. Today's reaction was an overreaction based on a number of things converging at once. If you actually 'thought' about it, you'd realize it was a great time to buy whether you got it at 12.11 or at 12.43. Bye bye.</Msg><Username>roundhouse_c</Username><Timestamp>1350704957796</Timestamp><DateTime>Fri, 2012-10-19 23:49:17 EDT</DateTime><ThumbUp>2</ThumbUp><ThumbDown>0</ThumbDown><Sentiment>Strong Buy</Sentiment></Message><Message type="TopicMessage"><Id>1350705445461-80</Id><Title>NVDA News: Analyst Downgrades: NVIDIA -- today.</Title><Msg>NVDA News: Analyst Downgrades: NVIDIA -- today.</Msg><Username>rigged_markets</Username><Timestamp>1350705445461</Timestamp><DateTime>Fri, 2012-10-19 23:57:25 EDT</DateTime><ThumbUp>0</ThumbUp><ThumbDown>0</ThumbDown><Sentiment>Strong Sell</Sentiment></Message></Date>