<?xml version="1.0" encoding="UTF-8" standalone="no"?><Date date="2012-08-16"><Message type="ReplyMessage"><Id>1345090391000-1</Id><Topic><Title>Apple iPads Gain 11.5% Market Share in 2Q</Title><Username>ibest.here</Username><Timestamp>1345087597000</Timestamp><DateTime>Wed, 2012-08-15 23:26:37 EDT</DateTime></Topic><Msg>- "Apple does what Apple does and nobody else is going to compete with them." -- Jen Hsun Huang, MobileBeat, March 4, 2011 -</Msg><Username>epic.best</Username><Timestamp>1345090391000</Timestamp><DateTime>Thu, 2012-08-16 00:13:11 EDT</DateTime><ThumbUp>17</ThumbUp><ThumbDown>3</ThumbDown><Sentiment/></Message><Message type="ReplyMessage"><Id>1345092097000-2</Id><Topic><Title>Holding on to NVDA! Gonna Rise like Bread...</Title><Username>pbarlow67</Username><Timestamp>1345033269000</Timestamp><DateTime>Wed, 2012-08-15 08:21:09 EDT</DateTime></Topic><Msg>you're responding to a bot...</Msg><Username>getanid61</Username><Timestamp>1345092097000</Timestamp><DateTime>Thu, 2012-08-16 00:41:37 EDT</DateTime><ThumbUp>0</ThumbUp><ThumbDown>0</ThumbDown><Sentiment/></Message><Message type="TopicMessage"><Id>1345093493000-3</Id><Title>AMD takes the video card war to an appalling new low</Title><Msg>http://www.extremetech.com/computing/134409-amd-takes-the-video-card-war-to-appalling-new-low</Msg><Username>getanid61</Username><Timestamp>1345093493000</Timestamp><DateTime>Thu, 2012-08-16 01:04:53 EDT</DateTime><ThumbUp>9</ThumbUp><ThumbDown>2</ThumbDown><Sentiment/></Message><Message type="ReplyMessage"><Id>1345116206000-4</Id><Topic><Title>AMD takes the video card war to an appalling new low</Title><Username>getanid61</Username><Timestamp>1345093493000</Timestamp><DateTime>Thu, 2012-08-16 01:04:53 EDT</DateTime></Topic><Msg>NVDA has their foot on AMD's neck.</Msg><Username>patent_killr</Username><Timestamp>1345116206000</Timestamp><DateTime>Thu, 2012-08-16 07:23:26 EDT</DateTime><ThumbUp>8</ThumbUp><ThumbDown>0</ThumbDown><Sentiment/></Message><Message type="ReplyMessage"><Id>1345117646000-5</Id><Topic><Title>AMD takes the video card war to an appalling new low</Title><Username>getanid61</Username><Timestamp>1345093493000</Timestamp><DateTime>Thu, 2012-08-16 01:04:53 EDT</DateTime></Topic><Msg>http://www.extremetech.com/computing/134516-the-amd-radeon-hd-7950-bios-issue-take-two</Msg><Username>marsavian</Username><Timestamp>1345117646000</Timestamp><DateTime>Thu, 2012-08-16 07:47:26 EDT</DateTime><ThumbUp>5</ThumbUp><ThumbDown>1</ThumbDown><Sentiment/></Message><Message type="TopicMessage"><Id>1345117799000-6</Id><Title>uh huh!</Title><Msg>http://us.rd.yahoo.com/finance/external/pssa/SIG=138qlrsqq/*http://seekingalpha.com/article/811091-2-tech-stocks-that-analysts-consider-to-be-top-takeover-targets?source=yahoo Since we can only paste what yahoo allows.</Msg><Username>on2five</Username><Timestamp>1345117799000</Timestamp><DateTime>Thu, 2012-08-16 07:49:59 EDT</DateTime><ThumbUp>5</ThumbUp><ThumbDown>0</ThumbDown><Sentiment/></Message><Message type="ReplyMessage"><Id>1345118053000-7</Id><Topic><Title>Kindle Fire to be 10 Inches</Title><Username>snakeplizkn</Username><Timestamp>1345060235000</Timestamp><DateTime>Wed, 2012-08-15 15:50:35 EDT</DateTime></Topic><Msg>Looks like someone spent all night applying his 30 Yahoo IDs to no avail...LOL</Msg><Username>snakeplizkn</Username><Timestamp>1345118053000</Timestamp><DateTime>Thu, 2012-08-16 07:54:13 EDT</DateTime><ThumbUp>4</ThumbUp><ThumbDown>1</ThumbDown><Sentiment/></Message><Message type="ReplyMessage"><Id>1345118145000-8</Id><Topic><Title>NVDA: Analysts' recent ratings updates</Title><Username>ibexx88</Username><Timestamp>1345042480000</Timestamp><DateTime>Wed, 2012-08-15 10:54:40 EDT</DateTime></Topic><Msg>"Best efforts" fail again</Msg><Username>snakeplizkn</Username><Timestamp>1345118145000</Timestamp><DateTime>Thu, 2012-08-16 07:55:45 EDT</DateTime><ThumbUp>4</ThumbUp><ThumbDown>0</ThumbDown><Sentiment/></Message><Message type="ReplyMessage"><Id>1345118306000-9</Id><Topic><Title>Microsoft Surface for Windows RT tablet coming Oct. 26th for $199?</Title><Username>chitownbarber22</Username><Timestamp>1344964216000</Timestamp><DateTime>Tue, 2012-08-14 13:10:16 EDT</DateTime></Topic><Msg>Another all nighter of "best efforts" for naught</Msg><Username>snakeplizkn</Username><Timestamp>1345118306000</Timestamp><DateTime>Thu, 2012-08-16 07:58:26 EDT</DateTime><ThumbUp>3</ThumbUp><ThumbDown>0</ThumbDown><Sentiment/></Message><Message type="TopicMessage"><Id>1345119403000-10</Id><Title>NVDA Takover Speculation</Title><Msg>http://seekingalpha.com/article/811091-2-tech-stocks-that-analysts-consider-to-be-top-takeover-targets?source=yahoo</Msg><Username>snakeplizkn</Username><Timestamp>1345119403000</Timestamp><DateTime>Thu, 2012-08-16 08:16:43 EDT</DateTime><ThumbUp>3</ThumbUp><ThumbDown>2</ThumbDown><Sentiment/></Message><Message type="ReplyMessage"><Id>1345119417000-11</Id><Topic><Title>huge nvda writeup, nobody posts this???</Title><Username>whosunw</Username><Timestamp>1345027125000</Timestamp><DateTime>Wed, 2012-08-15 06:38:45 EDT</DateTime></Topic><Msg>- "If Cupertino [Apple] does decide to come to the 7-inch tablet party, and there’s a good chance of that, the Nexus 7’s and the Kindle Fire’s prospects will certainly be dented big time. And again, as I said, NVIDIA is competing through tablets belonging to the second rung of the ladder so far, way behind what Apple and Samsung sell." Dented boys. Those Nexus 7 and Kindle Fire tablets will be dented -- and dented Big time -- when the Genuine Apple iPad Mini launches in less than one month from now. -</Msg><Username>it_is_best</Username><Timestamp>1345119417000</Timestamp><DateTime>Thu, 2012-08-16 08:16:57 EDT</DateTime><ThumbUp>2</ThumbUp><ThumbDown>3</ThumbDown><Sentiment/></Message><Message type="ReplyMessage"><Id>1345119589000-12</Id><Topic><Title>NVDA Takover Speculation</Title><Username>snakeplizkn</Username><Timestamp>1345119403000</Timestamp><DateTime>Thu, 2012-08-16 08:16:43 EDT</DateTime></Topic><Msg>Nice to have the chatter</Msg><Username>patent_killr</Username><Timestamp>1345119589000</Timestamp><DateTime>Thu, 2012-08-16 08:19:49 EDT</DateTime><ThumbUp>2</ThumbUp><ThumbDown>1</ThumbDown><Sentiment/></Message><Message type="ReplyMessage"><Id>1345119621000-13</Id><Topic><Title>Microsoft Surface for Windows RT tablet coming Oct. 26th for $199?</Title><Username>chitownbarber22</Username><Timestamp>1344964216000</Timestamp><DateTime>Tue, 2012-08-14 13:10:16 EDT</DateTime></Topic><Msg>Nice!</Msg><Username>patent_killr</Username><Timestamp>1345119621000</Timestamp><DateTime>Thu, 2012-08-16 08:20:21 EDT</DateTime><ThumbUp>0</ThumbUp><ThumbDown>0</ThumbDown><Sentiment/></Message><Message type="ReplyMessage"><Id>1345119665000-14</Id><Topic><Title>Kindle Fire to be 10 Inches</Title><Username>snakeplizkn</Username><Timestamp>1345060235000</Timestamp><DateTime>Wed, 2012-08-15 15:50:35 EDT</DateTime></Topic><Msg>Ha ha...he's a moron.</Msg><Username>patent_killr</Username><Timestamp>1345119665000</Timestamp><DateTime>Thu, 2012-08-16 08:21:05 EDT</DateTime><ThumbUp>1</ThumbUp><ThumbDown>1</ThumbDown><Sentiment/></Message><Message type="ReplyMessage"><Id>1345119726000-15</Id><Topic><Title>NVDA: Analysts' recent ratings updates</Title><Username>ibexx88</Username><Timestamp>1345042480000</Timestamp><DateTime>Wed, 2012-08-15 10:54:40 EDT</DateTime></Topic><Msg>News has been great for sure</Msg><Username>patent_killr</Username><Timestamp>1345119726000</Timestamp><DateTime>Thu, 2012-08-16 08:22:06 EDT</DateTime><ThumbUp>0</ThumbUp><ThumbDown>0</ThumbDown><Sentiment/></Message><Message type="ReplyMessage"><Id>1345120151000-16</Id><Topic><Title>Apple iPads Gain 11.5% Market Share in 2Q</Title><Username>ibest.here</Username><Timestamp>1345087597000</Timestamp><DateTime>Wed, 2012-08-15 23:26:37 EDT</DateTime></Topic><Msg>- It makes you wonder, right? It sure does. The millions and millions of dollars of nvidia stock that Jen has sold -- what did he do with the money? Buy AAPL? It would make sense, right?. Jen himself says, "nobody else is going to compete with them." So he buys some portfolio insurance for his woefully undiversified portfolio. -</Msg><Username>elf.best</Username><Timestamp>1345120151000</Timestamp><DateTime>Thu, 2012-08-16 08:29:11 EDT</DateTime><ThumbUp>12</ThumbUp><ThumbDown>1</ThumbDown><Sentiment/></Message><Message type="ReplyMessage"><Id>1345120953000-17</Id><Topic><Title>Apple iPads Gain 11.5% Market Share in 2Q</Title><Username>ibest.here</Username><Timestamp>1345087597000</Timestamp><DateTime>Wed, 2012-08-15 23:26:37 EDT</DateTime></Topic><Msg>"I started this market and there will never be another auto manufacturer that can compete" --Henry Ford 1912</Msg><Username>bestrepellant</Username><Timestamp>1345120953000</Timestamp><DateTime>Thu, 2012-08-16 08:42:33 EDT</DateTime><ThumbUp>5</ThumbUp><ThumbDown>1</ThumbDown><Sentiment/></Message><Message type="ReplyMessage"><Id>1345125488000-18</Id><Topic><Title>NVIDIA Corporation (NVDA)</Title><Username>ludiewrp6217</Username><Timestamp>1344955078000</Timestamp><DateTime>Tue, 2012-08-14 10:37:58 EDT</DateTime></Topic><Msg>Keep them coming.</Msg><Username>tressacjb885</Username><Timestamp>1345125488000</Timestamp><DateTime>Thu, 2012-08-16 09:58:08 EDT</DateTime><ThumbUp>0</ThumbUp><ThumbDown>5</ThumbDown><Sentiment/></Message><Message type="TopicMessage"><Id>1345125747000-19</Id><Title>she'll be engineered down this afternoon!</Title><Msg>like clockwork...</Msg><Username>smallstock1</Username><Timestamp>1345125747000</Timestamp><DateTime>Thu, 2012-08-16 10:02:27 EDT</DateTime><ThumbUp>0</ThumbUp><ThumbDown>3</ThumbDown><Sentiment/></Message><Message type="ReplyMessage"><Id>1345125779000-20</Id><Topic><Title>NVDA Takover Speculation</Title><Username>snakeplizkn</Username><Timestamp>1345119403000</Timestamp><DateTime>Thu, 2012-08-16 08:16:43 EDT</DateTime></Topic><Msg>Not sure why my posts are being deleted. A lot of other posts show up many minutes later than posted. Looks like someone has pulled back the curtain on Intel!</Msg><Username>on2five</Username><Timestamp>1345125779000</Timestamp><DateTime>Thu, 2012-08-16 10:02:59 EDT</DateTime><ThumbUp>2</ThumbUp><ThumbDown>1</ThumbDown><Sentiment/></Message><Message type="ReplyMessage"><Id>1345127024000-21</Id><Topic><Title>she'll be engineered down this afternoon!</Title><Username>smallstock1</Username><Timestamp>1345125747000</Timestamp><DateTime>Thu, 2012-08-16 10:02:27 EDT</DateTime></Topic><Msg>I was thinking the same thing... Tiny pop, then straight down, When I buy, everyone should short, LOL</Msg><Username>sparks1112222</Username><Timestamp>1345127024000</Timestamp><DateTime>Thu, 2012-08-16 10:23:44 EDT</DateTime><ThumbUp>0</ThumbUp><ThumbDown>0</ThumbDown><Sentiment/></Message><Message type="TopicMessage"><Id>1345128222000-22</Id><Title>There it is....down she goes...</Title><Msg>boooooooo</Msg><Username>sparks1112222</Username><Timestamp>1345128222000</Timestamp><DateTime>Thu, 2012-08-16 10:43:42 EDT</DateTime><ThumbUp>0</ThumbUp><ThumbDown>4</ThumbDown><Sentiment/></Message><Message type="ReplyMessage"><Id>1345128844000-23</Id><Topic><Title>AMD takes the video card war to an appalling new low</Title><Username>getanid61</Username><Timestamp>1345093493000</Timestamp><DateTime>Thu, 2012-08-16 01:04:53 EDT</DateTime></Topic><Msg>Nice, a guy who can admit when he's wrong... maybe some of these pumpers on here could do the same.</Msg><Username>amdshortsrfools</Username><Timestamp>1345128844000</Timestamp><DateTime>Thu, 2012-08-16 10:54:04 EDT</DateTime><ThumbUp>0</ThumbUp><ThumbDown>2</ThumbDown><Sentiment/></Message><Message type="ReplyMessage"><Id>1345129026000-24</Id><Topic><Title>Toshiba cancels ARM-based computer</Title><Username>getanid61</Username><Timestamp>1345064501000</Timestamp><DateTime>Wed, 2012-08-15 17:01:41 EDT</DateTime></Topic><Msg>They are postponing it because they can't get parts for it, that's what they say and it is as simple as that, so Toshiba fanboys just have to wait.</Msg><Username>razorgarf</Username><Timestamp>1345129026000</Timestamp><DateTime>Thu, 2012-08-16 10:57:06 EDT</DateTime><ThumbUp>2</ThumbUp><ThumbDown>0</ThumbDown><Sentiment/></Message><Message type="TopicMessage"><Id>1345129553000-25</Id><Title>Quotidian trading quirks vs growth investing</Title><Msg>They, the fundamentals-investors are and will be coming aboard, slowly but surely (so will the mo players n swing traders). Doesn’t hurt to take another cursory once-over of NVDA’s FYQ2: double-digit sequential growths in all 3 key areas 1) overall rev up 13%, 2) Keplar chip sales up 15% 3) Tegra chips up 36%. “International Data Corporation in an update of the Semiconductor Applications Forecaster (SAF) forecasts that worldwide semiconductor revenues will increase 4.6 percent in 2012 to $315 billion.” If NVDA can keep at a growth rate of about 15-16% this year -- a plausible objective, has another major client sign-up i.e., Lenovo on 8/13/12 -- it would stand ready to fulfill its earlier forecast of 4.7 to $5 billion in sales (a forecast that was retracted in February). NVDA would be recognized as a GROWTH stock as such and thus be reflected in its share price accordingly. This recognition would happen sooner than later, IMHO. For the chartist, the 12-month graph movement tells a compelling history particularly since the last Feb drop. Here’s the link: http://finance.yahoo.com/echarts?s=NVDA+Interactive#symbol=nvda;range=1y;compare=;indicator=volume;charttype=area;crosshair=on;ohlcvalues=0;logscale=off;source=undefined GLTA P.S. I maintain my call of 16.5 for the high for this Q with most of the trading in the 15-16 range.</Msg><Username>doggonedogeatdog1</Username><Timestamp>1345129553000</Timestamp><DateTime>Thu, 2012-08-16 11:05:53 EDT</DateTime><ThumbUp>2</ThumbUp><ThumbDown>0</ThumbDown><Sentiment/></Message><Message type="ReplyMessage"><Id>1345129955000-26</Id><Topic><Title>Quotidian trading quirks vs growth investing</Title><Username>doggonedogeatdog1</Username><Timestamp>1345129553000</Timestamp><DateTime>Thu, 2012-08-16 11:05:53 EDT</DateTime></Topic><Msg>Starting next week....if you are correct.</Msg><Username>ezmony647</Username><Timestamp>1345129955000</Timestamp><DateTime>Thu, 2012-08-16 11:12:35 EDT</DateTime><ThumbUp>0</ThumbUp><ThumbDown>0</ThumbDown><Sentiment/></Message><Message type="TopicMessage"><Id>1345129962000-27</Id><Title>NVIDIA Unveils New Weapon of Choice for Gamers -- the NVIDIA GeForce GTX 660 Ti GPU</Title><Msg>http://finance.yahoo.com/news/nvidia-unveils-weapon-choice-gamers-130000101.html</Msg><Username>getanid61</Username><Timestamp>1345129962000</Timestamp><DateTime>Thu, 2012-08-16 11:12:42 EDT</DateTime><ThumbUp>2</ThumbUp><ThumbDown>0</ThumbDown><Sentiment/></Message><Message type="TopicMessage"><Id>1345130203000-28</Id><Title>Cray adds Nvidia Tesla support in Cascade cluster</Title><Msg>http://www.theinquirer.net/inquirer/news/2199255/cray-adds-nvidia-tesla-support-in-cascade-cluster</Msg><Username>getanid61</Username><Timestamp>1345130203000</Timestamp><DateTime>Thu, 2012-08-16 11:16:43 EDT</DateTime><ThumbUp>1</ThumbUp><ThumbDown>0</ThumbDown><Sentiment/></Message><Message type="ReplyMessage"><Id>1345130748000-29</Id><Topic><Title>Kindle Fire to be 10 Inches</Title><Username>snakeplizkn</Username><Timestamp>1345060235000</Timestamp><DateTime>Wed, 2012-08-15 15:50:35 EDT</DateTime></Topic><Msg>All tech blogs picking up this story today.</Msg><Username>bestrepellant</Username><Timestamp>1345130748000</Timestamp><DateTime>Thu, 2012-08-16 11:25:48 EDT</DateTime><ThumbUp>0</ThumbUp><ThumbDown>1</ThumbDown><Sentiment/></Message><Message type="ReplyMessage"><Id>1345131248000-30</Id><Topic><Title>AMD takes the video card war to an appalling new low</Title><Username>getanid61</Username><Timestamp>1345093493000</Timestamp><DateTime>Thu, 2012-08-16 01:04:53 EDT</DateTime></Topic><Msg>Who would buy cards from them anyways? Their driver support sucks too. Monthly intervals of solutions/updates.</Msg><Username>daysofshred30000000000</Username><Timestamp>1345131248000</Timestamp><DateTime>Thu, 2012-08-16 11:34:08 EDT</DateTime><ThumbUp>0</ThumbUp><ThumbDown>0</ThumbDown><Sentiment/></Message><Message type="ReplyMessage"><Id>1345131578000-31</Id><Topic><Title>NVDA Takover Speculation</Title><Username>snakeplizkn</Username><Timestamp>1345119403000</Timestamp><DateTime>Thu, 2012-08-16 08:16:43 EDT</DateTime></Topic><Msg>as the years will go by... the tech press will continually post articles about NVidia's takeover speculation... Besides, INtel thinks they're going to crush NVidia... NOT buy them...</Msg><Username>getanid61</Username><Timestamp>1345131578000</Timestamp><DateTime>Thu, 2012-08-16 11:39:38 EDT</DateTime><ThumbUp>1</ThumbUp><ThumbDown>1</ThumbDown><Sentiment/></Message><Message type="ReplyMessage"><Id>1345132080000-32</Id><Topic><Title>AMD takes the video card war to an appalling new low</Title><Username>getanid61</Username><Timestamp>1345093493000</Timestamp><DateTime>Thu, 2012-08-16 01:04:53 EDT</DateTime></Topic><Msg>Maybe you will admit that you should stop taking government checks and get a job.</Msg><Username>chitownbarber22</Username><Timestamp>1345132080000</Timestamp><DateTime>Thu, 2012-08-16 11:48:00 EDT</DateTime><ThumbUp>0</ThumbUp><ThumbDown>0</ThumbDown><Sentiment/></Message><Message type="ReplyMessage"><Id>1345132212000-33</Id><Topic><Title>NVDA Takover Speculation</Title><Username>snakeplizkn</Username><Timestamp>1345119403000</Timestamp><DateTime>Thu, 2012-08-16 08:16:43 EDT</DateTime></Topic><Msg>It it Facebook? many NVDa bagholders also own FB or wish they did.</Msg><Username>gr8shick</Username><Timestamp>1345132212000</Timestamp><DateTime>Thu, 2012-08-16 11:50:12 EDT</DateTime><ThumbUp>0</ThumbUp><ThumbDown>2</ThumbDown><Sentiment/></Message><Message type="ReplyMessage"><Id>1345132307000-34</Id><Topic><Title>Kindle Fire to be 10 Inches</Title><Username>snakeplizkn</Username><Timestamp>1345060235000</Timestamp><DateTime>Wed, 2012-08-15 15:50:35 EDT</DateTime></Topic><Msg>Call me "Kindle" Jen!!</Msg><Username>gr8shick</Username><Timestamp>1345132307000</Timestamp><DateTime>Thu, 2012-08-16 11:51:47 EDT</DateTime><ThumbUp>0</ThumbUp><ThumbDown>1</ThumbDown><Sentiment/></Message><Message type="ReplyMessage"><Id>1345132411000-35</Id><Topic><Title>NVDA Takover Speculation</Title><Username>snakeplizkn</Username><Timestamp>1345119403000</Timestamp><DateTime>Thu, 2012-08-16 08:16:43 EDT</DateTime></Topic><Msg>A literal army of Chinese goon squaders are paid to harass this board.</Msg><Username>meanoldladywithcane</Username><Timestamp>1345132411000</Timestamp><DateTime>Thu, 2012-08-16 11:53:31 EDT</DateTime><ThumbUp>0</ThumbUp><ThumbDown>1</ThumbDown><Sentiment/></Message><Message type="TopicMessage"><Id>1345132716000-36</Id><Title>she'll be engineered down.clockwork!</Title><Msg>the algorithm already programmed..</Msg><Username>smallstock1</Username><Timestamp>1345132716000</Timestamp><DateTime>Thu, 2012-08-16 11:58:36 EDT</DateTime><ThumbUp>0</ThumbUp><ThumbDown>0</ThumbDown><Sentiment/></Message><Message type="TopicMessage"><Id>1345132913000-37</Id><Title>Anyone buying/adding here?</Title><Msg>Volume seems to be drying up... Looks like it will break one way or another... Thoughts?</Msg><Username>mslans</Username><Timestamp>1345132913000</Timestamp><DateTime>Thu, 2012-08-16 12:01:53 EDT</DateTime><ThumbUp>0</ThumbUp><ThumbDown>1</ThumbDown><Sentiment/></Message><Message type="TopicMessage"><Id>1345133408000-38</Id><Title>No matter how many design wins NVDA gardners</Title><Msg>They need chip orders from AAPL or Samsung......KAPEESH. These two companies own, OWN the space NVDA and others are competing in. The bad news is Apple and Samsung make their own chips...others die on scraps, like NVDA</Msg><Username>moehawg</Username><Timestamp>1345133408000</Timestamp><DateTime>Thu, 2012-08-16 12:10:08 EDT</DateTime><ThumbUp>2</ThumbUp><ThumbDown>5</ThumbDown><Sentiment/></Message><Message type="TopicMessage"><Id>1345133475000-39</Id><Title>does anyone have access to the algorithm?</Title><Msg>ya know, the trading algorithm!!!!</Msg><Username>smallstock1</Username><Timestamp>1345133475000</Timestamp><DateTime>Thu, 2012-08-16 12:11:15 EDT</DateTime><ThumbUp>0</ThumbUp><ThumbDown>0</ThumbDown><Sentiment/></Message><Message type="ReplyMessage"><Id>1345133583000-40</Id><Topic><Title>does anyone have access to the algorithm?</Title><Username>smallstock1</Username><Timestamp>1345133475000</Timestamp><DateTime>Thu, 2012-08-16 12:11:15 EDT</DateTime></Topic><Msg>BUY LOW, SELL HIGH.</Msg><Username>moehawg</Username><Timestamp>1345133583000</Timestamp><DateTime>Thu, 2012-08-16 12:13:03 EDT</DateTime><ThumbUp>0</ThumbUp><ThumbDown>0</ThumbDown><Sentiment/></Message><Message type="ReplyMessage"><Id>1345133968000-41</Id><Topic><Title>Anyone buying/adding here?</Title><Username>mslans</Username><Timestamp>1345132913000</Timestamp><DateTime>Thu, 2012-08-16 12:01:53 EDT</DateTime></Topic><Msg>It's back where I bought in at 14.73</Msg><Username>sparks1112222</Username><Timestamp>1345133968000</Timestamp><DateTime>Thu, 2012-08-16 12:19:28 EDT</DateTime><ThumbUp>0</ThumbUp><ThumbDown>1</ThumbDown><Sentiment/></Message><Message type="ReplyMessage"><Id>1345134070000-42</Id><Topic><Title>Watch For Any Signs&gt;</Title><Username>williamhenna2012</Username><Timestamp>1345118087000</Timestamp><DateTime>Thu, 2012-08-16 07:54:47 EDT</DateTime></Topic><Msg>HUGE RETURN TODAY!</Msg><Username>charlesck466</Username><Timestamp>1345134070000</Timestamp><DateTime>Thu, 2012-08-16 12:21:10 EDT</DateTime><ThumbUp>0</ThumbUp><ThumbDown>2</ThumbDown><Sentiment/></Message><Message type="ReplyMessage"><Id>1345134211000-43</Id><Topic><Title>No matter how many design wins NVDA gardners</Title><Username>moehawg</Username><Timestamp>1345133408000</Timestamp><DateTime>Thu, 2012-08-16 12:10:08 EDT</DateTime></Topic><Msg>Thanks for the in-depth, and substantive market research summary.</Msg><Username>chitownbarber22</Username><Timestamp>1345134211000</Timestamp><DateTime>Thu, 2012-08-16 12:23:31 EDT</DateTime><ThumbUp>2</ThumbUp><ThumbDown>3</ThumbDown><Sentiment/></Message><Message type="TopicMessage"><Id>1345134909000-44</Id><Title>16,000 share buy just went through @ 14.825</Title><Msg>nice!</Msg><Username>sparks1112222</Username><Timestamp>1345134909000</Timestamp><DateTime>Thu, 2012-08-16 12:35:09 EDT</DateTime><ThumbUp>0</ThumbUp><ThumbDown>6</ThumbDown><Sentiment/></Message><Message type="ReplyMessage"><Id>1345134954000-45</Id><Topic><Title>does anyone have access to the algorithm?</Title><Username>smallstock1</Username><Timestamp>1345133475000</Timestamp><DateTime>Thu, 2012-08-16 12:11:15 EDT</DateTime></Topic><Msg>one would think so, but the algorithm probes for what is right, and makes it a wrong....</Msg><Username>smallstock1</Username><Timestamp>1345134954000</Timestamp><DateTime>Thu, 2012-08-16 12:35:54 EDT</DateTime><ThumbUp>0</ThumbUp><ThumbDown>0</ThumbDown><Sentiment/></Message><Message type="TopicMessage"><Id>1345136510000-46</Id><Title>PUSHHHHHHHHH</Title><Msg>come onnnn!!!!</Msg><Username>sparks1112222</Username><Timestamp>1345136510000</Timestamp><DateTime>Thu, 2012-08-16 13:01:50 EDT</DateTime><ThumbUp>0</ThumbUp><ThumbDown>0</ThumbDown><Sentiment/></Message><Message type="ReplyMessage"><Id>1345136595000-47</Id><Topic><Title>No matter how many design wins NVDA gardners</Title><Username>moehawg</Username><Timestamp>1345133408000</Timestamp><DateTime>Thu, 2012-08-16 12:10:08 EDT</DateTime></Topic><Msg>It wasn't an "in-depth research", but sad fact.</Msg><Username>sisula3</Username><Timestamp>1345136595000</Timestamp><DateTime>Thu, 2012-08-16 13:03:15 EDT</DateTime><ThumbUp>3</ThumbUp><ThumbDown>4</ThumbDown><Sentiment/></Message><Message type="ReplyMessage"><Id>1345137309000-48</Id><Topic><Title>No matter how many design wins NVDA gardners</Title><Username>moehawg</Username><Timestamp>1345133408000</Timestamp><DateTime>Thu, 2012-08-16 12:10:08 EDT</DateTime></Topic><Msg>You were saying? http://www.forbes.com/sites/erikkain/2012/06/12/impressive-nvidia-graphics-on-display-in-new-macbook-pro-as-apple-tip-toes-toward-gaming/</Msg><Username>bestrepellant</Username><Timestamp>1345137309000</Timestamp><DateTime>Thu, 2012-08-16 13:15:09 EDT</DateTime><ThumbUp>3</ThumbUp><ThumbDown>0</ThumbDown><Sentiment/></Message><Message type="ReplyMessage"><Id>1345137419000-49</Id><Topic><Title>No matter how many design wins NVDA gardners</Title><Username>moehawg</Username><Timestamp>1345133408000</Timestamp><DateTime>Thu, 2012-08-16 12:10:08 EDT</DateTime></Topic><Msg>I am not surprised you are the same guy that wrote the half ars_e article on Motley Fools - the guy is such a prolific commentator of virtually every semi company that most of it - if not all of it half baked. The fact is Tegra grew almost 40% Qtr on Qtr - Samsung and Apple combined did not! Tegra growth rates will continue exceed Apple and Samsung combined in the coming quarters and years. Hey - go back to school and learn some basic math and then take some basic finance. Last I checked - Samsung and Apple are not the largest PC/NB manufacturers in the world and last time I checked the CP market is more than 1B units and Sammy and Apple combined for less than 350m units!</Msg><Username>qmtai2</Username><Timestamp>1345137419000</Timestamp><DateTime>Thu, 2012-08-16 13:16:59 EDT</DateTime><ThumbUp>3</ThumbUp><ThumbDown>1</ThumbDown><Sentiment/></Message><Message type="ReplyMessage"><Id>1345137451000-50</Id><Topic><Title>No matter how many design wins NVDA gardners</Title><Username>moehawg</Username><Timestamp>1345133408000</Timestamp><DateTime>Thu, 2012-08-16 12:10:08 EDT</DateTime></Topic><Msg>LOL...never let facts get in the way of putting your foot in your mouth, RIGHT BOYS?</Msg><Username>patent_killr</Username><Timestamp>1345137451000</Timestamp><DateTime>Thu, 2012-08-16 13:17:31 EDT</DateTime><ThumbUp>1</ThumbUp><ThumbDown>1</ThumbDown><Sentiment/></Message><Message type="ReplyMessage"><Id>1345137557000-51</Id><Topic><Title>No matter how many design wins NVDA gardners</Title><Username>moehawg</Username><Timestamp>1345133408000</Timestamp><DateTime>Thu, 2012-08-16 12:10:08 EDT</DateTime></Topic><Msg>So doing this research you found the easy deal with Apple? Did you also find any other deals we are unaware of? Say what? You didn't know we had a deal with Apple?</Msg><Username>on2five</Username><Timestamp>1345137557000</Timestamp><DateTime>Thu, 2012-08-16 13:19:17 EDT</DateTime><ThumbUp>0</ThumbUp><ThumbDown>2</ThumbDown><Sentiment/></Message><Message type="ReplyMessage"><Id>1345137765000-52</Id><Topic><Title>Anyone buying/adding here?</Title><Username>mslans</Username><Timestamp>1345132913000</Timestamp><DateTime>Thu, 2012-08-16 12:01:53 EDT</DateTime></Topic><Msg>Don't mind it going below $14 so I can "do" more! Fat chance it'll do that.</Msg><Username>qmtai2</Username><Timestamp>1345137765000</Timestamp><DateTime>Thu, 2012-08-16 13:22:45 EDT</DateTime><ThumbUp>0</ThumbUp><ThumbDown>1</ThumbDown><Sentiment/></Message><Message type="ReplyMessage"><Id>1345138056000-53</Id><Topic><Title>No matter how many design wins NVDA gardners</Title><Username>moehawg</Username><Timestamp>1345133408000</Timestamp><DateTime>Thu, 2012-08-16 12:10:08 EDT</DateTime></Topic><Msg>did you vote for Obama or Biden in '08?</Msg><Username>moehawg</Username><Timestamp>1345138056000</Timestamp><DateTime>Thu, 2012-08-16 13:27:36 EDT</DateTime><ThumbUp>0</ThumbUp><ThumbDown>0</ThumbDown><Sentiment/></Message><Message type="TopicMessage"><Id>1345138173000-54</Id><Title>nVidia’s GTX 660 Ti is out still can’t beat AMD’s HD 7950 for the same price.</Title><Msg>LOL. AMD’s HD 7950 beating GTX 660 Ti at the same price point. Crysis Warhead: 2560 x 1600 HD 7950B: 32.2 FPS GTX 660 Ti: 25 FPS http://www.anandtech.com/show/6159/the-geforce-gtx-660-ti-review/7 Metro 2033: 2560 x 1600 HD 7950B: 34.5 FPS GTX 660 Ti: 32 FPS http://www.anandtech.com/show/6159/the-geforce-gtx-660-ti-review/8 The Elder Scrolls V: Skyrim: 2560 x 1600 HD 7950B: 86 GTX 660Ti : 75.9 http://www.anandtech.com/show/6159/the-geforce-gtx-660-ti-review/14 GTX 660 Ti: $319.0 http://www.newegg.com/Product/Product.aspx?Item=N82E16814125440 AMD’s HD 7950: $319.0 http://www.newegg.com/Product/Product.aspx?Item=N82E16814150590 So for the same price you get a faster product. What’s more astonishing is that AMD is able to beat GTX 670 a $400 GPU in certain benches like Skyrim, Crysis Warhead, and Metro 2033. Was expecting more from nVidia.</Msg><Username>impulse9266</Username><Timestamp>1345138173000</Timestamp><DateTime>Thu, 2012-08-16 13:29:33 EDT</DateTime><ThumbUp>24</ThumbUp><ThumbDown>9</ThumbDown><Sentiment/></Message><Message type="ReplyMessage"><Id>1345138175000-55</Id><Topic><Title>Anyone buying/adding here?</Title><Username>mslans</Username><Timestamp>1345132913000</Timestamp><DateTime>Thu, 2012-08-16 12:01:53 EDT</DateTime></Topic><Msg>I would drop another 10K if it goes to 12-13... Would be a steal down there</Msg><Username>sparks1112222</Username><Timestamp>1345138175000</Timestamp><DateTime>Thu, 2012-08-16 13:29:35 EDT</DateTime><ThumbUp>0</ThumbUp><ThumbDown>0</ThumbDown><Sentiment/></Message><Message type="ReplyMessage"><Id>1345138248000-56</Id><Topic><Title>No matter how many design wins NVDA gardners</Title><Username>moehawg</Username><Timestamp>1345133408000</Timestamp><DateTime>Thu, 2012-08-16 12:10:08 EDT</DateTime></Topic><Msg>LOL. Have you heard of Google's tablet. Guess's who supplies the SoC on that? Looks like you don't know.</Msg><Username>impulse9266</Username><Timestamp>1345138248000</Timestamp><DateTime>Thu, 2012-08-16 13:30:48 EDT</DateTime><ThumbUp>0</ThumbUp><ThumbDown>0</ThumbDown><Sentiment/></Message><Message type="TopicMessage"><Id>1345138295000-57</Id><Title>Push Push P U S H</Title><Msg>Come on everyone P U S H. Once it breaks the 14.75 ceiling look out above.</Msg><Username>salemthecat100</Username><Timestamp>1345138295000</Timestamp><DateTime>Thu, 2012-08-16 13:31:35 EDT</DateTime><ThumbUp>0</ThumbUp><ThumbDown>0</ThumbDown><Sentiment/></Message><Message type="ReplyMessage"><Id>1345138643000-58</Id><Topic><Title>No matter how many design wins NVDA gardners</Title><Username>moehawg</Username><Timestamp>1345133408000</Timestamp><DateTime>Thu, 2012-08-16 12:10:08 EDT</DateTime></Topic><Msg>You mean you voted for the foreign policy expert - "I can see Alaska from my window" team. You don't have to be ashamed of it. She's more predictable then Rmoney and has more integrity than Rmoney and more guts to speak her own mind and doesn't evade taxes by hiding it in Swiss, Cayman Island and Bahamas accounts - a true American who pay her fair share of Taxes to support the Military!</Msg><Username>qmtai2</Username><Timestamp>1345138643000</Timestamp><DateTime>Thu, 2012-08-16 13:37:23 EDT</DateTime><ThumbUp>0</ThumbUp><ThumbDown>0</ThumbDown><Sentiment/></Message><Message type="ReplyMessage"><Id>1345138732000-59</Id><Topic><Title>No matter how many design wins NVDA gardners</Title><Username>moehawg</Username><Timestamp>1345133408000</Timestamp><DateTime>Thu, 2012-08-16 12:10:08 EDT</DateTime></Topic><Msg>You on the other hand MAY NOT EVEN BE AN AMERICAN trying to get AMERICANS TO SHED THEIR BLOOD AROUND THE WORLD and drive us BANKRUPT along the way.</Msg><Username>qmtai2</Username><Timestamp>1345138732000</Timestamp><DateTime>Thu, 2012-08-16 13:38:52 EDT</DateTime><ThumbUp>0</ThumbUp><ThumbDown>0</ThumbDown><Sentiment/></Message><Message type="ReplyMessage"><Id>1345138739000-60</Id><Topic><Title>nVidia’s GTX 660 Ti is out still can’t beat AMD’s HD 7950 for the same price.</Title><Username>impulse9266</Username><Timestamp>1345138173000</Timestamp><DateTime>Thu, 2012-08-16 13:29:33 EDT</DateTime></Topic><Msg>Keep trying, it's entertaining to watch someone in desperation that is on a sinking ship like the AMD-titanic . .</Msg><Username>roundhouse_c</Username><Timestamp>1345138739000</Timestamp><DateTime>Thu, 2012-08-16 13:38:59 EDT</DateTime><ThumbUp>7</ThumbUp><ThumbDown>23</ThumbDown><Sentiment/></Message><Message type="ReplyMessage"><Id>1345139180000-61</Id><Topic><Title>No matter how many design wins NVDA gardners</Title><Username>moehawg</Username><Timestamp>1345133408000</Timestamp><DateTime>Thu, 2012-08-16 12:10:08 EDT</DateTime></Topic><Msg>MacBook is just a raindrop in the sea.</Msg><Username>sisula3</Username><Timestamp>1345139180000</Timestamp><DateTime>Thu, 2012-08-16 13:46:20 EDT</DateTime><ThumbUp>0</ThumbUp><ThumbDown>0</ThumbDown><Sentiment/></Message><Message type="TopicMessage"><Id>1345139991000-62</Id><Title>testing 14.75 again</Title><Msg>Keeps bouncingggg</Msg><Username>sparks1112222</Username><Timestamp>1345139991000</Timestamp><DateTime>Thu, 2012-08-16 13:59:51 EDT</DateTime><ThumbUp>0</ThumbUp><ThumbDown>0</ThumbDown><Sentiment/></Message><Message type="ReplyMessage"><Id>1345140587000-63</Id><Topic><Title>nVidia’s GTX 660 Ti is out still can’t beat AMD’s HD 7950 for the same price.</Title><Username>impulse9266</Username><Timestamp>1345138173000</Timestamp><DateTime>Thu, 2012-08-16 13:29:33 EDT</DateTime></Topic><Msg>LMAO. Did you read the benchmarks or are you too blind? Try trolling harder next time.</Msg><Username>impulse9266</Username><Timestamp>1345140587000</Timestamp><DateTime>Thu, 2012-08-16 14:09:47 EDT</DateTime><ThumbUp>23</ThumbUp><ThumbDown>3</ThumbDown><Sentiment/></Message><Message type="ReplyMessage"><Id>1345141191000-64</Id><Topic><Title>nVidia’s GTX 660 Ti is out still can’t beat AMD’s HD 7950 for the same price.</Title><Username>impulse9266</Username><Timestamp>1345138173000</Timestamp><DateTime>Thu, 2012-08-16 13:29:33 EDT</DateTime></Topic><Msg>No I'm not blind, but I'm not stupid either, because you are cherrypicking the benchmarks out of desperation and don't get that Kepler is a gamechanger in ways that involve energy savings as well. Just keep hanging on to those benchmarks as your company sinks into more debt and loses marketshare . . take care now.</Msg><Username>roundhouse_c</Username><Timestamp>1345141191000</Timestamp><DateTime>Thu, 2012-08-16 14:19:51 EDT</DateTime><ThumbUp>7</ThumbUp><ThumbDown>23</ThumbDown><Sentiment/></Message><Message type="ReplyMessage"><Id>1345141694000-65</Id><Topic><Title>nVidia’s GTX 660 Ti is out still can’t beat AMD’s HD 7950 for the same price.</Title><Username>impulse9266</Username><Timestamp>1345138173000</Timestamp><DateTime>Thu, 2012-08-16 13:29:33 EDT</DateTime></Topic><Msg>Cherry pick benchmarks? No I don't think you know how to read or know anything about GPU's. Metro 2033 and Crysis are the two most demanding games. Did you know that didn't think so. Which means any future demanding games AMD will run better. LOL. Straight from the editor's mouth: "If we had to pick something, on a pure performance-per-dollar basis the 7950 looks good both now and in the future; in particular we suspect it’s going to weather newer games better than the GTX 660 Ti and its relatively narrow memory bus. It has a narrow memory bus and is getting beat on now computationally intensive apps like Crysis and Metro 2033. When Metro Last Night comes out and Crysis 3 comes out those games along with other's in the future will require more memory bandwidth. That's why it's more future proof because 660 Ti can't handle computational intensive due to it's very narrow memory bus. Typically clueless. You got owned!</Msg><Username>impulse9266</Username><Timestamp>1345141694000</Timestamp><DateTime>Thu, 2012-08-16 14:28:14 EDT</DateTime><ThumbUp>23</ThumbUp><ThumbDown>3</ThumbDown><Sentiment/></Message><Message type="ReplyMessage"><Id>1345142472000-66</Id><Topic><Title>nVidia’s GTX 660 Ti is out still can’t beat AMD’s HD 7950 for the same price.</Title><Username>impulse9266</Username><Timestamp>1345138173000</Timestamp><DateTime>Thu, 2012-08-16 13:29:33 EDT</DateTime></Topic><Msg>LOL, when some fool company buys AMD out of bankruptcy they will get owned. Until then, NVDA will make monye hands over fist in GROWING mobile markets while AMD tries to sell their new "BIOS updates" to the uber geeks...good luck with that.</Msg><Username>patent_killr</Username><Timestamp>1345142472000</Timestamp><DateTime>Thu, 2012-08-16 14:41:12 EDT</DateTime><ThumbUp>1</ThumbUp><ThumbDown>22</ThumbDown><Sentiment/></Message><Message type="ReplyMessage"><Id>1345142642000-67</Id><Topic><Title>does anyone have access to the algorithm?</Title><Username>smallstock1</Username><Timestamp>1345133475000</Timestamp><DateTime>Thu, 2012-08-16 12:11:15 EDT</DateTime></Topic><Msg>I know that algorithm well, he lives in the White House.</Msg><Username>patent_killr</Username><Timestamp>1345142642000</Timestamp><DateTime>Thu, 2012-08-16 14:44:02 EDT</DateTime><ThumbUp>0</ThumbUp><ThumbDown>0</ThumbDown><Sentiment/></Message><Message type="ReplyMessage"><Id>1345142707000-68</Id><Topic><Title>NVIDIA Unveils New Weapon of Choice for Gamers -- the NVIDIA GeForce GTX 660 Ti GPU</Title><Username>getanid61</Username><Timestamp>1345129962000</Timestamp><DateTime>Thu, 2012-08-16 11:12:42 EDT</DateTime></Topic><Msg>low power consumption is impressive</Msg><Username>patent_killr</Username><Timestamp>1345142707000</Timestamp><DateTime>Thu, 2012-08-16 14:45:07 EDT</DateTime><ThumbUp>0</ThumbUp><ThumbDown>0</ThumbDown><Sentiment/></Message><Message type="ReplyMessage"><Id>1345142746000-69</Id><Topic><Title>nVidia’s GTX 660 Ti is out still can’t beat AMD’s HD 7950 for the same price.</Title><Username>impulse9266</Username><Timestamp>1345138173000</Timestamp><DateTime>Thu, 2012-08-16 13:29:33 EDT</DateTime></Topic><Msg>LMAO. How do you know it will go into bankruptcy? Oh right you just pulled that out of your behind. And you admit that HD 7950 beat the GTX 660 Ti or do you also fail at reading comprehension. Try harder next time.</Msg><Username>impulse9266</Username><Timestamp>1345142746000</Timestamp><DateTime>Thu, 2012-08-16 14:45:46 EDT</DateTime><ThumbUp>19</ThumbUp><ThumbDown>0</ThumbDown><Sentiment/></Message><Message type="ReplyMessage"><Id>1345143172000-70</Id><Topic><Title>Amazing news in the works for NVIDIA Corporation</Title><Username>candradickerson</Username><Timestamp>1345142897000</Timestamp><DateTime>Thu, 2012-08-16 14:48:17 EDT</DateTime></Topic><Msg>SPAM SPAM</Msg><Username>patent_killr</Username><Timestamp>1345143172000</Timestamp><DateTime>Thu, 2012-08-16 14:52:52 EDT</DateTime><ThumbUp>0</ThumbUp><ThumbDown>0</ThumbDown><Sentiment/></Message><Message type="TopicMessage"><Id>1345143215000-71</Id><Title>Where's the Volume</Title><Msg>This and OVTI (maybe most of the market) appear to be on vacation still. The volume has been declining as the values are increasing. I would prefer a stronger showing upward to cement gains instead of risking downward pressures.</Msg><Username>seagoat1_1999</Username><Timestamp>1345143215000</Timestamp><DateTime>Thu, 2012-08-16 14:53:35 EDT</DateTime><ThumbUp>0</ThumbUp><ThumbDown>0</ThumbDown><Sentiment/></Message><Message type="ReplyMessage"><Id>1345143787000-72</Id><Topic><Title>nVidia’s GTX 660 Ti is out still can’t beat AMD’s HD 7950 for the same price.</Title><Username>impulse9266</Username><Timestamp>1345138173000</Timestamp><DateTime>Thu, 2012-08-16 13:29:33 EDT</DateTime></Topic><Msg>Ok we agree with you the AMD 7950 is the BEST card that never sold - the BEST card that lost market share to Kepler, the BEST part that lost at Apple .... I am sure you can add a few more. Now happy? Oh - it will loose even more market share this Qtr and the next and the next - and then it'll disappear.</Msg><Username>qmtai2</Username><Timestamp>1345143787000</Timestamp><DateTime>Thu, 2012-08-16 15:03:07 EDT</DateTime><ThumbUp>5</ThumbUp><ThumbDown>20</ThumbDown><Sentiment/></Message><Message type="ReplyMessage"><Id>1345143947000-73</Id><Topic><Title>Anyone buying/adding here?</Title><Username>mslans</Username><Timestamp>1345132913000</Timestamp><DateTime>Thu, 2012-08-16 12:01:53 EDT</DateTime></Topic><Msg>Not just you - all the bashers would get on board the bandwagon too.</Msg><Username>qmtai2</Username><Timestamp>1345143947000</Timestamp><DateTime>Thu, 2012-08-16 15:05:47 EDT</DateTime><ThumbUp>0</ThumbUp><ThumbDown>0</ThumbDown><Sentiment/></Message><Message type="ReplyMessage"><Id>1345145867000-74</Id><Topic><Title>Anyone buying/adding here?</Title><Username>mslans</Username><Timestamp>1345132913000</Timestamp><DateTime>Thu, 2012-08-16 12:01:53 EDT</DateTime></Topic><Msg>It does seem like that you were occasionally trying to talk down NVDA to suit your personal trading needs. Careful though. Your credibility is at risk if not already compromised. Such a shame on a otherwise intelligent poster.</Msg><Username>valleybard</Username><Timestamp>1345145867000</Timestamp><DateTime>Thu, 2012-08-16 15:37:47 EDT</DateTime><ThumbUp>0</ThumbUp><ThumbDown>0</ThumbDown><Sentiment/></Message><Message type="ReplyMessage"><Id>1345146377000-75</Id><Topic><Title>Anyone buying/adding here?</Title><Username>mslans</Username><Timestamp>1345132913000</Timestamp><DateTime>Thu, 2012-08-16 12:01:53 EDT</DateTime></Topic><Msg>15+ by monday</Msg><Username>chienbui74</Username><Timestamp>1345146377000</Timestamp><DateTime>Thu, 2012-08-16 15:46:17 EDT</DateTime><ThumbUp>0</ThumbUp><ThumbDown>0</ThumbDown><Sentiment/></Message><Message type="ReplyMessage"><Id>1345147294000-76</Id><Topic><Title>does anyone have access to the algorithm?</Title><Username>smallstock1</Username><Timestamp>1345133475000</Timestamp><DateTime>Thu, 2012-08-16 12:11:15 EDT</DateTime></Topic><Msg>yes, and I'm thrilled romney paid at least 14% tax rate. He is one great american</Msg><Username>smallstock1</Username><Timestamp>1345147294000</Timestamp><DateTime>Thu, 2012-08-16 16:01:34 EDT</DateTime><ThumbUp>0</ThumbUp><ThumbDown>0</ThumbDown><Sentiment/></Message><Message type="ReplyMessage"><Id>1345148071000-77</Id><Topic><Title>does anyone have access to the algorithm?</Title><Username>smallstock1</Username><Timestamp>1345133475000</Timestamp><DateTime>Thu, 2012-08-16 12:11:15 EDT</DateTime></Topic><Msg>Man, what must you think of the nearly 50% of Americans paying no income taxes?</Msg><Username>ezmony647</Username><Timestamp>1345148071000</Timestamp><DateTime>Thu, 2012-08-16 16:14:31 EDT</DateTime><ThumbUp>0</ThumbUp><ThumbDown>0</ThumbDown><Sentiment/></Message><Message type="ReplyMessage"><Id>1345148330000-78</Id><Topic><Title>does anyone have access to the algorithm?</Title><Username>smallstock1</Username><Timestamp>1345133475000</Timestamp><DateTime>Thu, 2012-08-16 12:11:15 EDT</DateTime></Topic><Msg>oh, are you mr. romney? Also, let's get the bottom 50% making some money again...oh, na, things would be too swell if that were to be...</Msg><Username>smallstock1</Username><Timestamp>1345148330000</Timestamp><DateTime>Thu, 2012-08-16 16:18:50 EDT</DateTime><ThumbUp>0</ThumbUp><ThumbDown>0</ThumbDown><Sentiment/></Message><Message type="ReplyMessage"><Id>1345148857000-79</Id><Topic><Title>nVidia’s GTX 660 Ti is out still can’t beat AMD’s HD 7950 for the same price.</Title><Username>impulse9266</Username><Timestamp>1345138173000</Timestamp><DateTime>Thu, 2012-08-16 13:29:33 EDT</DateTime></Topic><Msg>Reading comprehension fail. GTX 660 Ti has a narrow bus width that's why it got beat. Taken from the straight from the editors mouth who knows a lot about GPU's then you ever will. And lost market share? LMAO. AMD still has the overall market share in discrete GPU/Mobile GPU. It still has no answer to sub $200 GPU market where AMD HD 7770 reigns supreme. Where is a GTX 6XX part in the sub $200 GPU market. You do realize that most GPU's sold are in the sub $200 GPU market. LMAO.</Msg><Username>impulse9266</Username><Timestamp>1345148857000</Timestamp><DateTime>Thu, 2012-08-16 16:27:37 EDT</DateTime><ThumbUp>21</ThumbUp><ThumbDown>2</ThumbDown><Sentiment/></Message><Message type="TopicMessage"><Id>1345150021000-80</Id><Title>sold today will go down. eom</Title><Msg>777777777777777777777777777777777777777777</Msg><Username>indexit</Username><Timestamp>1345150021000</Timestamp><DateTime>Thu, 2012-08-16 16:47:01 EDT</DateTime><ThumbUp>0</ThumbUp><ThumbDown>1</ThumbDown><Sentiment/></Message><Message type="ReplyMessage"><Id>1345150204000-81</Id><Topic><Title>sold today will go down. eom</Title><Username>indexit</Username><Timestamp>1345150021000</Timestamp><DateTime>Thu, 2012-08-16 16:47:01 EDT</DateTime></Topic><Msg>How much did you short ??</Msg><Username>getanid61</Username><Timestamp>1345150204000</Timestamp><DateTime>Thu, 2012-08-16 16:50:04 EDT</DateTime><ThumbUp>0</ThumbUp><ThumbDown>0</ThumbDown><Sentiment/></Message><Message type="ReplyMessage"><Id>1345150215000-82</Id><Topic><Title>sold today will go down. eom</Title><Username>indexit</Username><Timestamp>1345150021000</Timestamp><DateTime>Thu, 2012-08-16 16:47:01 EDT</DateTime></Topic><Msg>You had NOTHING to sell - it's obvious. LOL</Msg><Username>valleybard</Username><Timestamp>1345150215000</Timestamp><DateTime>Thu, 2012-08-16 16:50:15 EDT</DateTime><ThumbUp>0</ThumbUp><ThumbDown>0</ThumbDown><Sentiment/></Message><Message type="ReplyMessage"><Id>1345150746000-83</Id><Topic><Title>NVDA Takover Speculation</Title><Username>snakeplizkn</Username><Timestamp>1345119403000</Timestamp><DateTime>Thu, 2012-08-16 08:16:43 EDT</DateTime></Topic><Msg>The article mention IBM and CISCO in another regard, but they could actually become interested in NVDA at some point when they realize what cloud tech Nvidia is bringing to the market.</Msg><Username>razorgarf</Username><Timestamp>1345150746000</Timestamp><DateTime>Thu, 2012-08-16 16:59:06 EDT</DateTime><ThumbUp>1</ThumbUp><ThumbDown>1</ThumbDown><Sentiment/></Message><Message type="ReplyMessage"><Id>1345151384000-84</Id><Topic><Title>nVidia’s GTX 660 Ti is out still can’t beat AMD’s HD 7950 for the same price.</Title><Username>impulse9266</Username><Timestamp>1345138173000</Timestamp><DateTime>Thu, 2012-08-16 13:29:33 EDT</DateTime></Topic><Msg>Du-b_a$#^, NVDA saw a 15% gain in GPU business and sold out last qtr at the high end making big bucks earnings whilst AMD is having yet another apologetic qtr - are there any doubts this qtr and the next are going to be different tune - whineeee. Now they have the GTX660 - is there any doubt NVDA GPU business is going to increase even more :) Since you like AMD so much - you should go buy more - you should have mortgage your house and buy AMD a year back and make a lot of money now and if you haven't done it - you should do it now - this qtr AMD will outshine NVDA in revenue and earnings gains.</Msg><Username>qmtai2</Username><Timestamp>1345151384000</Timestamp><DateTime>Thu, 2012-08-16 17:09:44 EDT</DateTime><ThumbUp>3</ThumbUp><ThumbDown>20</ThumbDown><Sentiment/></Message><Message type="TopicMessage"><Id>1345151674000-85</Id><Title>Hey smallstock</Title><Msg>re: Algorithm Other thread got polluted, so starting new one. My beliefs align with your views on this subject and feel NVDA is the posterchild for manipulated stocks. Let me tell you what the HFT shops are about: Millions$ in investment in hardware and software. GPGPU, the SW to run on it, and some very bright and expensive minds to think about the problem and program solutions are a big capital investment to these hedge funds. No one will turn over their formula, it's incredible IP to these guys. (Side note: its sort of amazing that NVDA IR sits idly by and watches while these guys regularly skim all the cream off any gain.) The constant noise we hear from certain IDs are also part of the investment. That said I've watched this stock for a long time. With the setup from Tues and Wed, I would bet tomorrow or Friday will be a down day, under Wed's close for sure. Today was a classic headfake to suck the little guy in, but there was no volume. Volume is key.</Msg><Username>norcalnative_2</Username><Timestamp>1345151674000</Timestamp><DateTime>Thu, 2012-08-16 17:14:34 EDT</DateTime><ThumbUp>1</ThumbUp><ThumbDown>1</ThumbDown><Sentiment/></Message><Message type="TopicMessage"><Id>1345153115000-86</Id><Title>Oh Baby! The wins just keep coming!!!</Title><Msg>http://us.rd.yahoo.com/finance/external/xwscheats/SIG=13vhvg38a/*http://wallstcheatsheet.com/stocks/tech-business-rewind-apple-time-warner-collaborate-samsung-launches-galaxy-note-10-1.html/?ref=YF I believe! I Believe!!!!</Msg><Username>on2five</Username><Timestamp>1345153115000</Timestamp><DateTime>Thu, 2012-08-16 17:38:35 EDT</DateTime><ThumbUp>1</ThumbUp><ThumbDown>2</ThumbDown><Sentiment/></Message><Message type="TopicMessage"><Id>1345156176000-87</Id><Title>Cray to Add NVIDIA to Its Next-Gen Supercomputer</Title><Msg>Cray to Add NVIDIA Kepler GPUs to Its Next-Generation "Cascade" Supercomputer "Cascade will be the first system to combine three key technologies: the latest Intel Xeon CPUs, Cray's next-generation Aries system interconnect, and new Tesla Kepler-based GPUs, the highest performance, most energy-efficient accelerators ever built," said Sumit Gupta, senior director of the Tesla business unit at NVIDIA. "This combination enables applications to scale to tens of thousands of CPU-GPU nodes to solve the world's most complex scientific computing problems." http://investors.cray.com/phoenix.zhtml?c=98390&amp;p=irol-newsArticle&amp;ID=1726178 Hello Best ;)</Msg><Username>razorgarf</Username><Timestamp>1345156176000</Timestamp><DateTime>Thu, 2012-08-16 18:29:36 EDT</DateTime><ThumbUp>4</ThumbUp><ThumbDown>1</ThumbDown><Sentiment/></Message><Message type="ReplyMessage"><Id>1345159246000-88</Id><Topic><Title>Hey smallstock</Title><Username>norcalnative_2</Username><Timestamp>1345151674000</Timestamp><DateTime>Thu, 2012-08-16 17:14:34 EDT</DateTime></Topic><Msg>yes, I ask myself all the time how NVDA management can watch it and not burn. I've said in the past it creates distrust in the shares themselves. I hold the shares, but the holders get shafted... Like the housing market, the holders got that shaft.</Msg><Username>smallstock1</Username><Timestamp>1345159246000</Timestamp><DateTime>Thu, 2012-08-16 19:20:46 EDT</DateTime><ThumbUp>0</ThumbUp><ThumbDown>0</ThumbDown><Sentiment/></Message><Message type="ReplyMessage"><Id>1345162432000-89</Id><Topic><Title>Helpful Analysis</Title><Username>arlynzxw318</Username><Timestamp>1345128713000</Timestamp><DateTime>Thu, 2012-08-16 10:51:53 EDT</DateTime></Topic><Msg>Excellent commentary!</Msg><Username>diannkrg352</Username><Timestamp>1345162432000</Timestamp><DateTime>Thu, 2012-08-16 20:13:52 EDT</DateTime><ThumbUp>0</ThumbUp><ThumbDown>0</ThumbDown><Sentiment/></Message><Message type="ReplyMessage"><Id>1345162459000-90</Id><Topic><Title>Hey smallstock</Title><Username>norcalnative_2</Username><Timestamp>1345151674000</Timestamp><DateTime>Thu, 2012-08-16 17:14:34 EDT</DateTime></Topic><Msg>Smallstock, you need to sell your nVDA shares and move on....I am tired of hearing your rant day in and day out. There is obviously a mismatch of your investment philosophy/expectations and NVIDIA's vision and executional style. Go find another mate, mate!</Msg><Username>valleybard</Username><Timestamp>1345162459000</Timestamp><DateTime>Thu, 2012-08-16 20:14:19 EDT</DateTime><ThumbUp>0</ThumbUp><ThumbDown>1</ThumbDown><Sentiment/></Message><Message type="ReplyMessage"><Id>1345162711000-91</Id><Topic><Title>Hey smallstock</Title><Username>norcalnative_2</Username><Timestamp>1345151674000</Timestamp><DateTime>Thu, 2012-08-16 17:14:34 EDT</DateTime></Topic><Msg>You seem to want the high growth of a smaller, innovative company, and also the stability and dividend payout of a Dow dog on the big board. Well...I hate to say this to you, such combination probably doesn't exist. Just face the reality, pick one out of the two, and move the h*ll on for heaven's sake!</Msg><Username>valleybard</Username><Timestamp>1345162711000</Timestamp><DateTime>Thu, 2012-08-16 20:18:31 EDT</DateTime><ThumbUp>0</ThumbUp><ThumbDown>1</ThumbDown><Sentiment/></Message><Message type="TopicMessage"><Id>1345164185000-92</Id><Title>What's the diff?</Title><Msg>CSCO had good earnings, but NVDA earnings were better plus guidance more positive yet CSCO was ahead today by almost 10% while NVDA is still stuck in shyte.</Msg><Username>goostepp</Username><Timestamp>1345164185000</Timestamp><DateTime>Thu, 2012-08-16 20:43:05 EDT</DateTime><ThumbUp>0</ThumbUp><ThumbDown>0</ThumbDown><Sentiment/></Message><Message type="TopicMessage"><Id>1345166005000-93</Id><Title>Judge Koh to Apple's lawyer: "Are you smoking crack?</Title><Msg>http://vr-zone.com/articles/judge-koh-to-apple-s-lawyer--are-you-smoking-crack-/17003.html</Msg><Username>getanid61</Username><Timestamp>1345166005000</Timestamp><DateTime>Thu, 2012-08-16 21:13:25 EDT</DateTime><ThumbUp>3</ThumbUp><ThumbDown>7</ThumbDown><Sentiment/></Message><Message type="TopicMessage"><Id>1345166760000-94</Id><Title>Rumored US$199 price for Windows RT Surface expected to squeeze PC vendors out of the market</Title><Msg>Rumored US$199 price for Windows RT Surface expected to squeeze PC vendors out of the market http://www.digitimes.com/news/a20120815PD209.html</Msg><Username>getanid61</Username><Timestamp>1345166760000</Timestamp><DateTime>Thu, 2012-08-16 21:26:00 EDT</DateTime><ThumbUp>1</ThumbUp><ThumbDown>0</ThumbDown><Sentiment/></Message><Message type="ReplyMessage"><Id>1345167426000-95</Id><Topic><Title>Cray to Add NVIDIA to Its Next-Gen Supercomputer</Title><Username>razorgarf</Username><Timestamp>1345156176000</Timestamp><DateTime>Thu, 2012-08-16 18:29:36 EDT</DateTime></Topic><Msg>Flippin OUTSTANDING!!!!! 5 Computers to start with. How many more we aren't told about.</Msg><Username>on2five</Username><Timestamp>1345167426000</Timestamp><DateTime>Thu, 2012-08-16 21:37:06 EDT</DateTime><ThumbUp>1</ThumbUp><ThumbDown>0</ThumbDown><Sentiment/></Message><Message type="ReplyMessage"><Id>1345168428000-96</Id><Topic><Title>Rumored US$199 price for Windows RT Surface expected to squeeze PC vendors out of the market</Title><Username>getanid61</Username><Timestamp>1345166760000</Timestamp><DateTime>Thu, 2012-08-16 21:26:00 EDT</DateTime></Topic><Msg>http://messages.finance.yahoo.com/Stocks_(A_to_Z)/Stocks_N/threadview?m=tm&amp;bn=13029&amp;tid=691984&amp;mid=691991&amp;tof=40&amp;rt=2&amp;frt=2&amp;off=1</Msg><Username>whosunw</Username><Timestamp>1345168428000</Timestamp><DateTime>Thu, 2012-08-16 21:53:48 EDT</DateTime><ThumbUp>0</ThumbUp><ThumbDown>0</ThumbDown><Sentiment/></Message><Message type="ReplyMessage"><Id>1345168454000-97</Id><Topic><Title>What's the diff?</Title><Username>goostepp</Username><Timestamp>1345164185000</Timestamp><DateTime>Thu, 2012-08-16 20:43:05 EDT</DateTime></Topic><Msg>Cisco cried uncle and admitted they had nothing better to do with their money than to pay a dividend. But you're right we are not getting the respect we deserve. With Marvell missing it shows there are those who are perfoming and those who aren't. It's not macro.</Msg><Username>on2five</Username><Timestamp>1345168454000</Timestamp><DateTime>Thu, 2012-08-16 21:54:14 EDT</DateTime><ThumbUp>1</ThumbUp><ThumbDown>0</ThumbDown><Sentiment/></Message><Message type="ReplyMessage"><Id>1345168826000-98</Id><Topic><Title>Judge Koh to Apple's lawyer: "Are you smoking crack?</Title><Username>getanid61</Username><Timestamp>1345166005000</Timestamp><DateTime>Thu, 2012-08-16 21:13:25 EDT</DateTime></Topic><Msg>- "Apparently Judge Koh feels that she and her staff cannot handle the overwhelming heap of papers." Maybe she should ask Apple if they have an app for that. They have over a half million (500,000) apps, don't you know. For Anything you can imagine. Ah, here it is. "iOrganization for Judge's Caseload, ver. 9.2" Apple could send over one of those helpful Certified Apple Experts too. To help her download and install it. On those brand-new Apple iPad(s) for her overwhelmed staff. And then Judge Lucy could say, "Thank you so much Apple." "For bringing miraculous, fantastic, unprecedented, and sui generis organization to my Courtroom." Apple: An app for everything in your life. -</Msg><Username>it_is_best</Username><Timestamp>1345168826000</Timestamp><DateTime>Thu, 2012-08-16 22:00:26 EDT</DateTime><ThumbUp>8</ThumbUp><ThumbDown>3</ThumbDown><Sentiment/></Message><Message type="ReplyMessage"><Id>1345169437000-99</Id><Topic><Title>16,000 share buy just went through @ 14.825</Title><Username>sparks1112222</Username><Timestamp>1345134909000</Timestamp><DateTime>Thu, 2012-08-16 12:35:09 EDT</DateTime></Topic><Msg>- C O R R E C T I O N. That was 16,000 nvda shares being Sold. At the princely price of $14.825 "Ya gotta know when to hold em'. Know when to fold 'em." Right boys? -</Msg><Username>it_is_best</Username><Timestamp>1345169437000</Timestamp><DateTime>Thu, 2012-08-16 22:10:37 EDT</DateTime><ThumbUp>5</ThumbUp><ThumbDown>0</ThumbDown><Sentiment/></Message><Message type="TopicMessage"><Id>1345170742000-100</Id><Title>My my my. So Many options expiring Friday.</Title><Msg>- My my my. So many many nvda options expiring Friday, August 17th. At the Closing Bell, don't u know. Let's count them, shall we? 78,650 __ Calls with a strike of $14 or higher. 17,742 __ Puts with a strike of $14 or lower. 96,392 __ Total options vulnerable to Worthlessness @ $14.00000 So if by chance -- just by Chance mind you -- the closing price at the Final Bell happens to be say, Exactly $14.00000, about 100,000 nvda options enter Worthlessness tomorrow. Check it out for yourself. Best doesn't make this stuff up, u know. Like ibbey does. http://finance.yahoo.com/q/op?s=NVDA+Options Now say it ain't so. -</Msg><Username>ct.bestula</Username><Timestamp>1345170742000</Timestamp><DateTime>Thu, 2012-08-16 22:32:22 EDT</DateTime><ThumbUp>39</ThumbUp><ThumbDown>5</ThumbDown><Sentiment/></Message><Message type="ReplyMessage"><Id>1345172306000-101</Id><Topic><Title>nVidia’s GTX 660 Ti is out still can’t beat AMD’s HD 7950 for the same price.</Title><Username>impulse9266</Username><Timestamp>1345138173000</Timestamp><DateTime>Thu, 2012-08-16 13:29:33 EDT</DateTime></Topic><Msg>Stupid dip s*it. JPR research still shows AMD has more market share than nVidia. Where are the 6XX in the $200 price range. Oh right there aren't any. AMD already has 7XXX series in the $200 price rage for the last couple of months. You think most GPU are sold in the $300+ price range ignoramus. Your too stupid to read that HD 7950 is still beating GTX 660 Ti for the same price. Grow a brain.</Msg><Username>impulse9266</Username><Timestamp>1345172306000</Timestamp><DateTime>Thu, 2012-08-16 22:58:26 EDT</DateTime><ThumbUp>21</ThumbUp><ThumbDown>2</ThumbDown><Sentiment/></Message><Message type="ReplyMessage"><Id>1345174988000-102</Id><Topic><Title>nVidia’s GTX 660 Ti is out still can’t beat AMD’s HD 7950 for the same price.</Title><Username>impulse9266</Username><Timestamp>1345138173000</Timestamp><DateTime>Thu, 2012-08-16 13:29:33 EDT</DateTime></Topic><Msg>Only those that rode on the short bus are impressed by greater "bus width"...LOL. AMD is getting killed on the slow death of PCs, and NVDA is growing into the mobile space...go back to the "gamers that never get laid" blog and debate MIPS, nerd.</Msg><Username>patent_killr</Username><Timestamp>1345174988000</Timestamp><DateTime>Thu, 2012-08-16 23:43:08 EDT</DateTime><ThumbUp>1</ThumbUp><ThumbDown>0</ThumbDown><Sentiment/></Message><Message type="ReplyMessage"><Id>1345175082000-103</Id><Topic><Title>Kindle Fire to be 10 Inches</Title><Username>snakeplizkn</Username><Timestamp>1345060235000</Timestamp><DateTime>Wed, 2012-08-15 15:50:35 EDT</DateTime></Topic><Msg>Amazon may be waiting until closer to the end of the month to announce.</Msg><Username>patent_killr</Username><Timestamp>1345175082000</Timestamp><DateTime>Thu, 2012-08-16 23:44:42 EDT</DateTime><ThumbUp>0</ThumbUp><ThumbDown>1</ThumbDown><Sentiment/></Message><Message type="ReplyMessage"><Id>1345175165000-104</Id><Topic><Title>NVDA Takover Speculation</Title><Username>snakeplizkn</Username><Timestamp>1345119403000</Timestamp><DateTime>Thu, 2012-08-16 08:16:43 EDT</DateTime></Topic><Msg>Cisco is the more likely of the two, IBM is too enterprise focused.</Msg><Username>patent_killr</Username><Timestamp>1345175165000</Timestamp><DateTime>Thu, 2012-08-16 23:46:05 EDT</DateTime><ThumbUp>0</ThumbUp><ThumbDown>1</ThumbDown><Sentiment/></Message><Message type="ReplyMessage"><Id>1345175719000-105</Id><Topic><Title>16,000 share buy just went through @ 14.825</Title><Username>sparks1112222</Username><Timestamp>1345134909000</Timestamp><DateTime>Thu, 2012-08-16 12:35:09 EDT</DateTime></Topic><Msg>You can't have a buyer without a seller. It remains to be seen who was the more savvy of the two.</Msg><Username>investandprosper</Username><Timestamp>1345175719000</Timestamp><DateTime>Thu, 2012-08-16 23:55:19 EDT</DateTime><ThumbUp>0</ThumbUp><ThumbDown>0</ThumbDown><Sentiment/></Message><Message type="ReplyMessage"><Id>1345175810000-106</Id><Topic><Title>My my my. So Many options expiring Friday.</Title><Username>ct.bestula</Username><Timestamp>1345170742000</Timestamp><DateTime>Thu, 2012-08-16 22:32:22 EDT</DateTime></Topic><Msg>- So Best? 100,000 nvda options teetering on the brink of Worthlessness represents what? Ten Million (10,000,000) shares of nvidia, right? And let's assume that the option writers received a buck a share, on average, in option premium. So the Call Writers have Ten Million Dollars ($10,000,000.00) cash -- of what was previously option buyer's money, right? With which to toss nvda around like a rag doll tomorrow. Dragging it mercilessly to the price of Maximun Pain. They could sell tickets to watch this one tomorrow. But unlike boxing, the excitement Ends with the Bell. Rather than begins with the bell. Other than that, it's pretty much the same sport. -</Msg><Username>ask.best</Username><Timestamp>1345175810000</Timestamp><DateTime>Thu, 2012-08-16 23:56:50 EDT</DateTime><ThumbUp>38</ThumbUp><ThumbDown>2</ThumbDown><Sentiment/></Message></Date>