<?xml version="1.0" encoding="UTF-8" standalone="no"?><Date date="2013-01-02"><Message type="ReplyMessage"><Id>1357103033350-1</Id><Topic><Title>Don't Forget R&amp;D Tax Credit Extended</Title><Username>j7777kxx</Username><Timestamp>1357102489744</Timestamp><DateTime>Tue, 2013-01-01 23:54:49 EST</DateTime></Topic><Msg>Asia stocks jump as US budget deal appears near . NVDA was up1.32% Monday and will surely jump 2% tomorrow.</Msg><Username>iroc88joe1234</Username><Timestamp>1357103033350</Timestamp><DateTime>Wed, 2013-01-02 00:03:53 EST</DateTime><ThumbUp>0</ThumbUp><ThumbDown>6</ThumbDown><Sentiment>Buy</Sentiment></Message><Message type="ReplyMessage"><Id>1357109100334-2</Id><Topic><Title>Clover Trail vs Tegra 3 Windows 8/RT power comparison</Title><Username>marsavian</Username><Timestamp>1356663337074</Timestamp><DateTime>Thu, 2012-12-27 21:55:37 EST</DateTime></Topic><Msg>Thanks Best, For that nice summary of the dire straits facing nvidia and its doomed tegra program.</Msg><Username>thanks.best</Username><Timestamp>1357109100334</Timestamp><DateTime>Wed, 2013-01-02 01:45:00 EST</DateTime><ThumbUp>3</ThumbUp><ThumbDown>0</ThumbDown><Sentiment/></Message><Message type="ReplyMessage"><Id>1357131218970-3</Id><Topic><Title>Clover Trail vs Tegra 3 Windows 8/RT power comparison</Title><Username>marsavian</Username><Timestamp>1356663337074</Timestamp><DateTime>Thu, 2012-12-27 21:55:37 EST</DateTime></Topic><Msg>Speaking of doom, how's Rambus doing?</Msg><Username>chitownbarber20</Username><Timestamp>1357131218970</Timestamp><DateTime>Wed, 2013-01-02 07:53:38 EST</DateTime><ThumbUp>0</ThumbUp><ThumbDown>0</ThumbDown><Sentiment/></Message><Message type="ReplyMessage"><Id>1357132601319-4</Id><Topic><Title>Turn NVDA Into Your Personal ATM!</Title><Username>stricklandtownsend330</Username><Timestamp>1356973016619</Timestamp><DateTime>Mon, 2012-12-31 11:56:56 EST</DateTime></Topic><Msg>Thank you</Msg><Username>jackwhite565</Username><Timestamp>1357132601319</Timestamp><DateTime>Wed, 2013-01-02 08:16:41 EST</DateTime><ThumbUp>0</ThumbUp><ThumbDown>6</ThumbDown><Sentiment/></Message><Message type="TopicMessage"><Id>1357132904766-5</Id><Title>Good Morning Shorts - Welcome to the High $12 range $13 today!!</Title><Msg>Shorts will be running for cover today - I will be taking all your money......................... 0_O</Msg><Username>iroc88joe1234</Username><Timestamp>1357132904766</Timestamp><DateTime>Wed, 2013-01-02 08:21:44 EST</DateTime><ThumbUp>0</ThumbUp><ThumbDown>6</ThumbDown><Sentiment>Buy</Sentiment></Message><Message type="ReplyMessage"><Id>1357133595099-6</Id><Topic><Title>Good Morning Shorts - Welcome to the High $12 range $13 today!!</Title><Username>iroc88joe1234</Username><Timestamp>1357132904766</Timestamp><DateTime>Wed, 2013-01-02 08:21:44 EST</DateTime></Topic><Msg>You need to relax....Nvidia will go up for sure but the most positive sign will be a reasonable rise to $12.55 today followed on to $13 Monday. Reasonable progress drives the Day Traders and option sellers away as the growth and income mutual funds buy into Nvidia in 2013. Love that dividend! Don't you?</Msg><Username>j7777kxx</Username><Timestamp>1357133595099</Timestamp><DateTime>Wed, 2013-01-02 08:33:15 EST</DateTime><ThumbUp>2</ThumbUp><ThumbDown>4</ThumbDown><Sentiment>Buy</Sentiment></Message><Message type="ReplyMessage"><Id>1357134090322-7</Id><Topic><Title>nvda Underperformed the S&amp;P 500 by (-26.67%)</Title><Username>bestnhighest.wins</Username><Timestamp>1357007102153</Timestamp><DateTime>Mon, 2012-12-31 21:25:02 EST</DateTime></Topic><Msg>Jeepers Best, A year ago, on January 3, 2012, nvidia was at $14.30 at the opening bell. This year -- not so much. Maybe it can coattail its way to $12.30? So two bucks gets chucked in one year. Like Jim Cramer said on his CNBC Mad Money Show, "Nvidia IS an expensive stock."</Msg><Username>jeepers.best</Username><Timestamp>1357134090322</Timestamp><DateTime>Wed, 2013-01-02 08:41:30 EST</DateTime><ThumbUp>5</ThumbUp><ThumbDown>0</ThumbDown><Sentiment/></Message><Message type="ReplyMessage"><Id>1357134349283-8</Id><Topic><Title>Good Morning Shorts - Welcome to the High $12 range $13 today!!</Title><Username>iroc88joe1234</Username><Timestamp>1357132904766</Timestamp><DateTime>Wed, 2013-01-02 08:21:44 EST</DateTime></Topic><Msg>NASDAQ futures up almost 2% - its going to be a rough day for shorts as the seasonal Christmas bull market gets a huge bump from Cliff enthusiasm. Many traders sat on the side or bet against fiscal continuity so I suspect not only shorts covering but lots of longs reentering. When the CES news begins to roll in we could see 13. If not I would be very cautious about holding any longer. The market and economic conditions are ripe for a 10-15% bump and anything less is suspect.</Msg><Username>brokeagain73</Username><Timestamp>1357134349283</Timestamp><DateTime>Wed, 2013-01-02 08:45:49 EST</DateTime><ThumbUp>1</ThumbUp><ThumbDown>4</ThumbDown><Sentiment/></Message><Message type="ReplyMessage"><Id>1357134531747-9</Id><Topic><Title>Good Morning Shorts - Welcome to the High $12 range $13 today!!</Title><Username>iroc88joe1234</Username><Timestamp>1357132904766</Timestamp><DateTime>Wed, 2013-01-02 08:21:44 EST</DateTime></Topic><Msg>We are going to have a few good days in the markets, tax selling over and the shorts are going to cover. NVDA could be $16 this year easily. $13 this week is almost a given. And the DIV sure helps....</Msg><Username>iroc88joe1234</Username><Timestamp>1357134531747</Timestamp><DateTime>Wed, 2013-01-02 08:48:51 EST</DateTime><ThumbUp>0</ThumbUp><ThumbDown>5</ThumbDown><Sentiment>Buy</Sentiment></Message><Message type="TopicMessage"><Id>1357134970426-10</Id><Title>Looks to open around $12.60 ---- then straight up!</Title><Msg>Shorts will be covering, the volume will pick up in regular hours and the Nasq. is up almost 60 points.</Msg><Username>iroc88joe1234</Username><Timestamp>1357134970426</Timestamp><DateTime>Wed, 2013-01-02 08:56:10 EST</DateTime><ThumbUp>0</ThumbUp><ThumbDown>4</ThumbDown><Sentiment>Buy</Sentiment></Message><Message type="ReplyMessage"><Id>1357135031002-11</Id><Topic><Title>Good Morning Shorts - Welcome to the High $12 range $13 today!!</Title><Username>iroc88joe1234</Username><Timestamp>1357132904766</Timestamp><DateTime>Wed, 2013-01-02 08:21:44 EST</DateTime></Topic><Msg>SHORTS are Just SCREWED today - get over it and give me your money!!!!!!!!!!!!!!!!!!!!</Msg><Username>iroc88joe1234</Username><Timestamp>1357135031002</Timestamp><DateTime>Wed, 2013-01-02 08:57:11 EST</DateTime><ThumbUp>0</ThumbUp><ThumbDown>2</ThumbDown><Sentiment>Strong Buy</Sentiment></Message><Message type="TopicMessage"><Id>1357135558087-12</Id><Title>Nvidia at 12.50 - longs explode with excitement</Title><Msg>Here's my bet - if Nvidia closes above 13, I will stop posting on Yahoo board. If it closes below 12.50 will fanboy longs quit posting here? Can I get one of you longs to take my bet?</Msg><Username>o.investor</Username><Timestamp>1357135558087</Timestamp><DateTime>Wed, 2013-01-02 09:05:58 EST</DateTime><ThumbUp>0</ThumbUp><ThumbDown>3</ThumbDown><Sentiment/></Message><Message type="TopicMessage"><Id>1357135675228-13</Id><Title>Shorts are hoping for a pull back. But it's not happening today.</Title><Msg>Looks like shorts are getting nervous, we should see a sharp rise at the open and all through the day. No relief................. AMD is up 6% - and that is a #$%$ company............ NVDA is heading up a buck.</Msg><Username>maveric_trader1</Username><Timestamp>1357135675228</Timestamp><DateTime>Wed, 2013-01-02 09:07:55 EST</DateTime><ThumbUp>2</ThumbUp><ThumbDown>2</ThumbDown><Sentiment>Strong Buy</Sentiment></Message><Message type="ReplyMessage"><Id>1357136340685-14</Id><Topic><Title>Shorts are hoping for a pull back. But it's not happening today.</Title><Username>maveric_trader1</Username><Timestamp>1357135675228</Timestamp><DateTime>Wed, 2013-01-02 09:07:55 EST</DateTime></Topic><Msg>The sad thing is that the CES starts this week. Yes, the Consumer Electronics Show, boys. Historically THE pinnacle of hype and bravado and carnival barking for nvidia. Yet the best thing nvidia has going this year is that Congress didn't raise taxes. Sad. Oh so sad for nvidia.</Msg><Username>perceptive.best</Username><Timestamp>1357136340685</Timestamp><DateTime>Wed, 2013-01-02 09:19:00 EST</DateTime><ThumbUp>1</ThumbUp><ThumbDown>0</ThumbDown><Sentiment/></Message><Message type="TopicMessage"><Id>1357136698096-15</Id><Title>Shorts prepare for your reaming!!!!!!!!!!!!!!!!!!</Title><Msg>Shorts are getting screwed today!!! About time,,,,,,,</Msg><Username>maveric_trader1</Username><Timestamp>1357136698096</Timestamp><DateTime>Wed, 2013-01-02 09:24:58 EST</DateTime><ThumbUp>1</ThumbUp><ThumbDown>3</ThumbDown><Sentiment>Strong Buy</Sentiment></Message><Message type="ReplyMessage"><Id>1357137092113-16</Id><Topic><Title>nvda Underperformed the S&amp;P 500 by (-26.67%)</Title><Username>bestnhighest.wins</Username><Timestamp>1357007102153</Timestamp><DateTime>Mon, 2012-12-31 21:25:02 EST</DateTime></Topic><Msg>So Master? Does this sinker take an Act of Congress to go up? And why not cut out the middleman, and just invest in Congress?</Msg><Username>best.clone185</Username><Timestamp>1357137092113</Timestamp><DateTime>Wed, 2013-01-02 09:31:32 EST</DateTime><ThumbUp>0</ThumbUp><ThumbDown>0</ThumbDown><Sentiment/></Message><Message type="ReplyMessage"><Id>1357137681172-17</Id><Topic><Title>Shorts prepare for your reaming!!!!!!!!!!!!!!!!!!</Title><Username>maveric_trader1</Username><Timestamp>1357136698096</Timestamp><DateTime>Wed, 2013-01-02 09:24:58 EST</DateTime></Topic><Msg>I think most of them like getting reamed.</Msg><Username>chitownbarber20</Username><Timestamp>1357137681172</Timestamp><DateTime>Wed, 2013-01-02 09:41:21 EST</DateTime><ThumbUp>1</ThumbUp><ThumbDown>1</ThumbDown><Sentiment/></Message><Message type="ReplyMessage"><Id>1357138242991-18</Id><Topic><Title>Nvidia at 12.50 - longs explode with excitement</Title><Username>o.investor</Username><Timestamp>1357135558087</Timestamp><DateTime>Wed, 2013-01-02 09:05:58 EST</DateTime></Topic><Msg>ha - Nvidia longs are chicken, no surprise there. You have to take the bet now and not wait for close of day. NVDA is underperforming INTC, AMD, QCOM, TXN, BRCM, MRVL</Msg><Username>o.investor</Username><Timestamp>1357138242991</Timestamp><DateTime>Wed, 2013-01-02 09:50:42 EST</DateTime><ThumbUp>0</ThumbUp><ThumbDown>0</ThumbDown><Sentiment/></Message><Message type="ReplyMessage"><Id>1357138494518-19</Id><Topic><Title>Nvidia at 12.50 - longs explode with excitement</Title><Username>o.investor</Username><Timestamp>1357135558087</Timestamp><DateTime>Wed, 2013-01-02 09:05:58 EST</DateTime></Topic><Msg>13 When? Today? What if it closes about 12.50?</Msg><Username>brokeagain73</Username><Timestamp>1357138494518</Timestamp><DateTime>Wed, 2013-01-02 09:54:54 EST</DateTime><ThumbUp>0</ThumbUp><ThumbDown>3</ThumbDown><Sentiment/></Message><Message type="ReplyMessage"><Id>1357139063233-20</Id><Topic><Title>Nvidia at 12.50 - longs explode with excitement</Title><Username>o.investor</Username><Timestamp>1357135558087</Timestamp><DateTime>Wed, 2013-01-02 09:05:58 EST</DateTime></Topic><Msg>yes today - above 13, I quit this board. below 12.5 longboy go bye-bye. If it closes between 12.5 and 13 then its a push. Heck I will be generous and even come down from 13 to 12.75.</Msg><Username>o.investor</Username><Timestamp>1357139063233</Timestamp><DateTime>Wed, 2013-01-02 10:04:23 EST</DateTime><ThumbUp>0</ThumbUp><ThumbDown>0</ThumbDown><Sentiment/></Message><Message type="ReplyMessage"><Id>1357139081792-21</Id><Topic><Title>Good Morning Shorts - Welcome to the High $12 range $13 today!!</Title><Username>iroc88joe1234</Username><Timestamp>1357132904766</Timestamp><DateTime>Wed, 2013-01-02 08:21:44 EST</DateTime></Topic><Msg>13 this week - I don't see that happening (I hope I am wrong) but I expect it to stay relatively positive. This company still needs some more news to keep the mobile sentiment moving, Without it this won't move over 13 and 16 by years end? Well there would only come with some very good news. I think this is an 18-20 stock in the long run but it needs some positive sentiment to get there In the interim I am still going to sell covered calls (which may screw me if they get assigned early on news but that is the strategy I picked when investing NVDA). That being said if it goes to 16 soon I would be happy for all longs despite not being able to cash in on it.</Msg><Username>brokeagain73</Username><Timestamp>1357139081792</Timestamp><DateTime>Wed, 2013-01-02 10:04:41 EST</DateTime><ThumbUp>1</ThumbUp><ThumbDown>0</ThumbDown><Sentiment/></Message><Message type="ReplyMessage"><Id>1357139775045-22</Id><Topic><Title>Nvidia at 12.50 - longs explode with excitement</Title><Username>o.investor</Username><Timestamp>1357135558087</Timestamp><DateTime>Wed, 2013-01-02 09:05:58 EST</DateTime></Topic><Msg>Come on O! You want to take that big of a spread off of a 12.30 prior close on top of being able to spot of the morning high? You are spotting yourself .50 (about 3%) that is not a fair bet. I would take a 12.30/12.50 split but no way on that much of a spread. You are essentially asking for a 1:3 handicap.</Msg><Username>brokeagain73</Username><Timestamp>1357139775045</Timestamp><DateTime>Wed, 2013-01-02 10:16:15 EST</DateTime><ThumbUp>0</ThumbUp><ThumbDown>2</ThumbDown><Sentiment/></Message><Message type="ReplyMessage"><Id>1357139924002-23</Id><Topic><Title>Nvidia at 12.50 - longs explode with excitement</Title><Username>o.investor</Username><Timestamp>1357135558087</Timestamp><DateTime>Wed, 2013-01-02 09:05:58 EST</DateTime></Topic><Msg>Oh and what #$%$ is thumbs downing a innocuous question? Shows you the quality of people posting on here. Nobody is objective.</Msg><Username>brokeagain73</Username><Timestamp>1357139924002</Timestamp><DateTime>Wed, 2013-01-02 10:18:44 EST</DateTime><ThumbUp>0</ThumbUp><ThumbDown>2</ThumbDown><Sentiment/></Message><Message type="ReplyMessage"><Id>1357140005153-24</Id><Topic><Title>Nvidia at 12.50 - longs explode with excitement</Title><Username>o.investor</Username><Timestamp>1357135558087</Timestamp><DateTime>Wed, 2013-01-02 09:05:58 EST</DateTime></Topic><Msg>come on now - on a day when Nasdaq is up 2.5%? AMD up 6%, INTC up 3%, QCOM up 4%... thats not much in show of confidence btw - I think you are playing this well with covered calls.</Msg><Username>o.investor</Username><Timestamp>1357140005153</Timestamp><DateTime>Wed, 2013-01-02 10:20:05 EST</DateTime><ThumbUp>0</ThumbUp><ThumbDown>0</ThumbDown><Sentiment/></Message><Message type="TopicMessage"><Id>1357140186001-25</Id><Title>Looks like the rallyette is over boys.</Title><Msg>Looks like the rallyette is over boys. Same taxes as last year. Same everything, actually. You may now return to your regularly scheduled broadcast. "Lost in Mobile Space", right?</Msg><Username>todays.best</Username><Timestamp>1357140186001</Timestamp><DateTime>Wed, 2013-01-02 10:23:06 EST</DateTime><ThumbUp>5</ThumbUp><ThumbDown>0</ThumbDown><Sentiment/></Message><Message type="ReplyMessage"><Id>1357140337258-26</Id><Topic><Title>Nvidia at 12.50 - longs explode with excitement</Title><Username>o.investor</Username><Timestamp>1357135558087</Timestamp><DateTime>Wed, 2013-01-02 09:05:58 EST</DateTime></Topic><Msg>Sorry not enough news to think it will swing that much, as I said earlier in this week I think the sell off was mostly macro and agreed with you that it needs news to push it higher. Call me chicken but I am not willing to take that bet, especially after seeing the 10am move. The stock will stay positive until 2 pm and drop off a bit after that then pick up a bit in the last hour - I think it closes between 12.45-12.55. Secondly, if I left this board who would you have to banter with? BTW AMD up 6% is a shock!</Msg><Username>brokeagain73</Username><Timestamp>1357140337258</Timestamp><DateTime>Wed, 2013-01-02 10:25:37 EST</DateTime><ThumbUp>0</ThumbUp><ThumbDown>0</ThumbDown><Sentiment/></Message><Message type="ReplyMessage"><Id>1357142085969-27</Id><Topic><Title>Nvidia at 12.50 - longs explode with excitement</Title><Username>o.investor</Username><Timestamp>1357135558087</Timestamp><DateTime>Wed, 2013-01-02 09:05:58 EST</DateTime></Topic><Msg>Nvidia longs are investors - not gamblers. It is not just about the pps today but about the company you invest in. But I guess that concept is too far out for a guy like you. Anyway - happy new year all. :-D</Msg><Username>frankduxbusborg</Username><Timestamp>1357142085969</Timestamp><DateTime>Wed, 2013-01-02 10:54:45 EST</DateTime><ThumbUp>2</ThumbUp><ThumbDown>0</ThumbDown><Sentiment/></Message><Message type="ReplyMessage"><Id>1357143020995-28</Id><Topic><Title>Nvidia tegra out. Samsung Exynos in.</Title><Username>i_read_best</Username><Timestamp>1356963025211</Timestamp><DateTime>Mon, 2012-12-31 09:10:25 EST</DateTime></Topic><Msg>Amazing, best. You mean that NVDA doesn't win every deal? At $12/share, aren't they priced for complete market dominance? Oh right, they aren't... and until their A15 parts are widely available, they are going to miss a few.</Msg><Username>panacro</Username><Timestamp>1357143020995</Timestamp><DateTime>Wed, 2013-01-02 11:10:20 EST</DateTime><ThumbUp>0</ThumbUp><ThumbDown>0</ThumbDown><Sentiment/></Message><Message type="ReplyMessage"><Id>1357143317660-29</Id><Topic><Title>Nvidia at 12.50 - longs explode with excitement</Title><Username>o.investor</Username><Timestamp>1357135558087</Timestamp><DateTime>Wed, 2013-01-02 09:05:58 EST</DateTime></Topic><Msg>Frank....This O.Investor guy is just a another sock puppet for you know who. Leave him Be. He is a great contrarian indicator. LOL Happy New Year to all too.</Msg><Username>j7777kxx</Username><Timestamp>1357143317660</Timestamp><DateTime>Wed, 2013-01-02 11:15:17 EST</DateTime><ThumbUp>0</ThumbUp><ThumbDown>0</ThumbDown><Sentiment>Buy</Sentiment></Message><Message type="ReplyMessage"><Id>1357143954332-30</Id><Topic><Title>Nvidia at 12.50 - longs explode with excitement</Title><Username>o.investor</Username><Timestamp>1357135558087</Timestamp><DateTime>Wed, 2013-01-02 09:05:58 EST</DateTime></Topic><Msg>You are such a tool.. complete tool..</Msg><Username>fdigiovanni01</Username><Timestamp>1357143954332</Timestamp><DateTime>Wed, 2013-01-02 11:25:54 EST</DateTime><ThumbUp>0</ThumbUp><ThumbDown>0</ThumbDown><Sentiment/></Message><Message type="TopicMessage"><Id>1357144036890-31</Id><Title>Tegrazone Interesting new avenue for revenue!</Title><Msg>NVIDIA offers one of the largest developer relations teams in the world – a dedicated support team of over 100 employees to help Windows RT and Android developers create games that take advantage of the ultra-efficient power of the quad-core Tegra 3 processor,” the company wrote in a blog post announcing the TegraZone Windows RT app. “With over 6 million downloads for Android devices, TegraZone is primed to make a splash on Windows RT.” Say what you will I personally like how the CEO has seen the future and is adapting.</Msg><Username>on2five</Username><Timestamp>1357144036890</Timestamp><DateTime>Wed, 2013-01-02 11:27:16 EST</DateTime><ThumbUp>5</ThumbUp><ThumbDown>0</ThumbDown><Sentiment>Strong Buy</Sentiment></Message><Message type="ReplyMessage"><Id>1357144224224-32</Id><Topic><Title>Nvidia tegra out. Samsung Exynos in.</Title><Username>i_read_best</Username><Timestamp>1356963025211</Timestamp><DateTime>Mon, 2012-12-31 09:10:25 EST</DateTime></Topic><Msg>Another timely news alert from 43 days ago from best the pest.</Msg><Username>chitownbarber22</Username><Timestamp>1357144224224</Timestamp><DateTime>Wed, 2013-01-02 11:30:24 EST</DateTime><ThumbUp>2</ThumbUp><ThumbDown>0</ThumbDown><Sentiment/></Message><Message type="TopicMessage"><Id>1357144614895-33</Id><Title>12.73 double top?</Title><Msg>12.73 looks like double top - needs a lot more volume buying to take 12.80 out all in all, NVDA looks bullish but low volume</Msg><Username>o.investor</Username><Timestamp>1357144614895</Timestamp><DateTime>Wed, 2013-01-02 11:36:54 EST</DateTime><ThumbUp>0</ThumbUp><ThumbDown>1</ThumbDown><Sentiment/></Message><Message type="ReplyMessage"><Id>1357145225366-34</Id><Topic><Title>12.73 double top?</Title><Username>o.investor</Username><Timestamp>1357144614895</Timestamp><DateTime>Wed, 2013-01-02 11:36:54 EST</DateTime></Topic><Msg>Go talk in the mirror... only one who is interested..</Msg><Username>fdigiovanni01</Username><Timestamp>1357145225366</Timestamp><DateTime>Wed, 2013-01-02 11:47:05 EST</DateTime><ThumbUp>0</ThumbUp><ThumbDown>0</ThumbDown><Sentiment/></Message><Message type="ReplyMessage"><Id>1357145314615-35</Id><Topic><Title>Nvidia at 12.50 - longs explode with excitement</Title><Username>o.investor</Username><Timestamp>1357135558087</Timestamp><DateTime>Wed, 2013-01-02 09:05:58 EST</DateTime></Topic><Msg>"I will stop posting on Yahoo board." You're having too much fun twisting it all... But Hey... it's far more fun to be a basher...</Msg><Username>getanid61</Username><Timestamp>1357145314615</Timestamp><DateTime>Wed, 2013-01-02 11:48:34 EST</DateTime><ThumbUp>0</ThumbUp><ThumbDown>1</ThumbDown><Sentiment/></Message><Message type="ReplyMessage"><Id>1357145476055-36</Id><Topic><Title>Nvidia at 12.50 - longs explode with excitement</Title><Username>o.investor</Username><Timestamp>1357135558087</Timestamp><DateTime>Wed, 2013-01-02 09:05:58 EST</DateTime></Topic><Msg>"Here's my bet - if Nvidia closes above 13," You expect longs to act like day traders... Would you take the bet if NVidia closes above 13 any time this year...??? That would be how a long thinks...</Msg><Username>getanid61</Username><Timestamp>1357145476055</Timestamp><DateTime>Wed, 2013-01-02 11:51:16 EST</DateTime><ThumbUp>0</ThumbUp><ThumbDown>1</ThumbDown><Sentiment/></Message><Message type="ReplyMessage"><Id>1357145512886-37</Id><Topic><Title>12.73 double top?</Title><Username>o.investor</Username><Timestamp>1357144614895</Timestamp><DateTime>Wed, 2013-01-02 11:36:54 EST</DateTime></Topic><Msg>I call it like I see it - NVDA is not going anywhere but down.</Msg><Username>o.investor</Username><Timestamp>1357145512886</Timestamp><DateTime>Wed, 2013-01-02 11:51:52 EST</DateTime><ThumbUp>0</ThumbUp><ThumbDown>1</ThumbDown><Sentiment/></Message><Message type="ReplyMessage"><Id>1357145725892-38</Id><Topic><Title>12.73 double top?</Title><Username>o.investor</Username><Timestamp>1357144614895</Timestamp><DateTime>Wed, 2013-01-02 11:36:54 EST</DateTime></Topic><Msg>And you are double stupid! Now go change your propane tank, or take your afternoon nap numb-nuts!</Msg><Username>chitownbarber22</Username><Timestamp>1357145725892</Timestamp><DateTime>Wed, 2013-01-02 11:55:25 EST</DateTime><ThumbUp>0</ThumbUp><ThumbDown>0</ThumbDown><Sentiment/></Message><Message type="ReplyMessage"><Id>1357146175388-39</Id><Topic><Title>12.73 double top?</Title><Username>o.investor</Username><Timestamp>1357144614895</Timestamp><DateTime>Wed, 2013-01-02 11:36:54 EST</DateTime></Topic><Msg>you have the intellect of a barber from chicago - oh wait!...</Msg><Username>o.investor</Username><Timestamp>1357146175388</Timestamp><DateTime>Wed, 2013-01-02 12:02:55 EST</DateTime><ThumbUp>1</ThumbUp><ThumbDown>0</ThumbDown><Sentiment/></Message><Message type="ReplyMessage"><Id>1357146308899-40</Id><Topic><Title>12.73 double top?</Title><Username>o.investor</Username><Timestamp>1357144614895</Timestamp><DateTime>Wed, 2013-01-02 11:36:54 EST</DateTime></Topic><Msg>You have longs and you have shorts.. you nothing but a waste... a schizophrenic..... that needs to hear himself..</Msg><Username>fdigiovanni01</Username><Timestamp>1357146308899</Timestamp><DateTime>Wed, 2013-01-02 12:05:08 EST</DateTime><ThumbUp>0</ThumbUp><ThumbDown>0</ThumbDown><Sentiment/></Message><Message type="TopicMessage"><Id>1357146685882-41</Id><Title>Apple add a $10 spot while Nvidia inches to the BEND spot?</Title><Msg>Your bend spot is in the middle right? Nvidia is trying to get back to where you bought it, right? What the mid point between $26 and 0, anyone? Would that be your BEND spot? lol imho</Msg><Username>xc3155</Username><Timestamp>1357146685882</Timestamp><DateTime>Wed, 2013-01-02 12:11:25 EST</DateTime><ThumbUp>0</ThumbUp><ThumbDown>7</ThumbDown><Sentiment/></Message><Message type="ReplyMessage"><Id>1357146924300-42</Id><Topic><Title>Optimistic future about NVDA</Title><Username>keaton.walter</Username><Timestamp>1355244954869</Timestamp><DateTime>Tue, 2012-12-11 11:55:54 EST</DateTime></Topic><Msg>usefull info</Msg><Username>amberslynn</Username><Timestamp>1357146924300</Timestamp><DateTime>Wed, 2013-01-02 12:15:24 EST</DateTime><ThumbUp>0</ThumbUp><ThumbDown>0</ThumbDown><Sentiment/></Message><Message type="ReplyMessage"><Id>1357146945679-43</Id><Topic><Title>12.73 double top?</Title><Username>o.investor</Username><Timestamp>1357144614895</Timestamp><DateTime>Wed, 2013-01-02 11:36:54 EST</DateTime></Topic><Msg>you have the intellect of an out of work used car salesman with nothing better to do but constantly post your blather.</Msg><Username>chitownbarber22</Username><Timestamp>1357146945679</Timestamp><DateTime>Wed, 2013-01-02 12:15:45 EST</DateTime><ThumbUp>0</ThumbUp><ThumbDown>0</ThumbDown><Sentiment/></Message><Message type="TopicMessage"><Id>1357147157593-44</Id><Title>Check Out Microsoft Surface on Bestbuy on-line</Title><Msg>Rankings are consistently good but check the availability of units in-store in your area. In my area approx. 50% are out of stock. Setting up for a switcheroo to Tegra 4 possibly?</Msg><Username>j7777kxx</Username><Timestamp>1357147157593</Timestamp><DateTime>Wed, 2013-01-02 12:19:17 EST</DateTime><ThumbUp>1</ThumbUp><ThumbDown>0</ThumbDown><Sentiment>Buy</Sentiment></Message><Message type="TopicMessage"><Id>1357148838918-45</Id><Title>Does AMD Pay A Dividend?</Title><Msg>Does it? Gota pay a dividend you know? Oh it doesn't...Why not?</Msg><Username>j7777kxx</Username><Timestamp>1357148838918</Timestamp><DateTime>Wed, 2013-01-02 12:47:18 EST</DateTime><ThumbUp>0</ThumbUp><ThumbDown>0</ThumbDown><Sentiment/></Message><Message type="ReplyMessage"><Id>1357149844321-46</Id><Topic><Title>Check Out Microsoft Surface on Bestbuy on-line</Title><Username>j7777kxx</Username><Timestamp>1357147157593</Timestamp><DateTime>Wed, 2013-01-02 12:19:17 EST</DateTime></Topic><Msg>The reviews are pretty good there.</Msg><Username>sisula3</Username><Timestamp>1357149844321</Timestamp><DateTime>Wed, 2013-01-02 13:04:04 EST</DateTime><ThumbUp>0</ThumbUp><ThumbDown>0</ThumbDown><Sentiment/></Message><Message type="ReplyMessage"><Id>1357150952065-47</Id><Topic><Title>(((AMD lands the new Wii, SP4 &amp; Xbox)))</Title><Username>keeperoftheq</Username><Timestamp>1357148663090</Timestamp><DateTime>Wed, 2013-01-02 12:44:23 EST</DateTime></Topic><Msg>The 720 or whatever they are going to call it won't be out until 2016 - will AMD even be around then?</Msg><Username>brokeagain73</Username><Timestamp>1357150952065</Timestamp><DateTime>Wed, 2013-01-02 13:22:32 EST</DateTime><ThumbUp>17</ThumbUp><ThumbDown>4</ThumbDown><Sentiment/></Message><Message type="ReplyMessage"><Id>1357151305067-48</Id><Topic><Title>Does AMD Pay A Dividend?</Title><Username>j7777kxx</Username><Timestamp>1357148838918</Timestamp><DateTime>Wed, 2013-01-02 12:47:18 EST</DateTime></Topic><Msg>I do! I have traded AMD in the past, but when I did I saw something that made me think their business was truning around. Now just because the stock is low you say it is going to rise. Do you have a fundamental reason why the stock will rise or you just counting on a bunch of traders pushing it up and then bailing? LOL</Msg><Username>j7777kxx</Username><Timestamp>1357151305067</Timestamp><DateTime>Wed, 2013-01-02 13:28:25 EST</DateTime><ThumbUp>0</ThumbUp><ThumbDown>0</ThumbDown><Sentiment/></Message><Message type="ReplyMessage"><Id>1357151397767-49</Id><Topic><Title>Check Out Microsoft Surface on Bestbuy on-line</Title><Username>j7777kxx</Username><Timestamp>1357147157593</Timestamp><DateTime>Wed, 2013-01-02 12:19:17 EST</DateTime></Topic><Msg>Yes...but you never know if they aren't PR guys posting. Actually I think not. What I referring to is the best selling rankings and they do appear to be selling because the inventory is dropping.</Msg><Username>j7777kxx</Username><Timestamp>1357151397767</Timestamp><DateTime>Wed, 2013-01-02 13:29:57 EST</DateTime><ThumbUp>0</ThumbUp><ThumbDown>0</ThumbDown><Sentiment>Buy</Sentiment></Message><Message type="TopicMessage"><Id>1357152325612-50</Id><Title>Project Denver revealed</Title><Msg>its really an omelette recipe from Denny's that Jen used to like when he worked there nytimesDOTcom/2010/06/06/business/06corner.html?pagewanted=all&amp;_r=0</Msg><Username>o.investor</Username><Timestamp>1357152325612</Timestamp><DateTime>Wed, 2013-01-02 13:45:25 EST</DateTime><ThumbUp>0</ThumbUp><ThumbDown>1</ThumbDown><Sentiment/></Message><Message type="ReplyMessage"><Id>1357153304360-51</Id><Topic><Title>Does AMD Pay A Dividend?</Title><Username>j7777kxx</Username><Timestamp>1357148838918</Timestamp><DateTime>Wed, 2013-01-02 12:47:18 EST</DateTime></Topic><Msg>bump...LOL</Msg><Username>j7777kxx</Username><Timestamp>1357153304360</Timestamp><DateTime>Wed, 2013-01-02 14:01:44 EST</DateTime><ThumbUp>0</ThumbUp><ThumbDown>0</ThumbDown><Sentiment/></Message><Message type="ReplyMessage"><Id>1357153376400-52</Id><Topic><Title>Check Out Microsoft Surface on Bestbuy on-line</Title><Username>j7777kxx</Username><Timestamp>1357147157593</Timestamp><DateTime>Wed, 2013-01-02 12:19:17 EST</DateTime></Topic><Msg>Microsoft Rumored To Deliver Three New Surface Tablets In 2013 Jordan #$%$ Monday, December 3rd, 2012 A relatively reliable MSFT tipster @MS_nerd recently tweeted that Redmond will release three new and distinct generations of the Surface tablet sometime in 2013. Ballmer recently said on a shareholders’ call that the company would never again let hardware or anything else stand as a barrier to innovation, admitting that Microsoft was late to the game (especially with the tablet). It only makes sense that they would go big with both Surface and Windows 8, making up for lost time with plenty of shapes and sizes. After all, the company bet a lot on the popularity of a brand-new Microsoft, complete with Metro, touch, and true entry into the hardware space. The first tablet is said to be an 8.6-inch Surface RT 2, running on a Qualcomm chipset instead of the NVIDIA Tegra 3 chip. The Microsoft Pro will allegedly upgrade to an 11.6-inch display with an unreleased AMD “Temash” APU, and a new Surface Book product will sport a hefty 14.6-inch display with a next-gen 22nm “Haswell” chip from Intel under the hood. It’s interesting that none of the new models have the same 10.6-inch screen size as current-generation Surface RT and Pro slates do. However, in our reviews, we felt the form factor was a bit awkward and larger than the tablet that currently dominates the large tablet space, the 9.7-inch iPad. And then there’s Amazon and Google’s 7- to 8-inch offerings, and Barnes &amp; Noble, and we can’t forget the iPad Mini now, either. Microsoft is late to a very feisty and competitive game, and a big push is necessary. And so far Surface sales have been slow going. The breadth of the lineup also sounds plausible alongside rumors of a Surface phone, as DigiTimes recently reported that Microsoft has sent orders to Foxconn for a self-branded and Microsoft-designed Surface phone. Of course, it’ll still be a while. Though the tipster specified 2013, I wouldn’t expect to see new models in stores until the holidays next year.</Msg><Username>justfine790</Username><Timestamp>1357153376400</Timestamp><DateTime>Wed, 2013-01-02 14:02:56 EST</DateTime><ThumbUp>1</ThumbUp><ThumbDown>0</ThumbDown><Sentiment/></Message><Message type="ReplyMessage"><Id>1357153775390-53</Id><Topic><Title>12.73 double top?</Title><Username>o.investor</Username><Timestamp>1357144614895</Timestamp><DateTime>Wed, 2013-01-02 11:36:54 EST</DateTime></Topic><Msg>The only thing that is going down is your mommy on my big black d......k.Now where is the $11.50 you promised last week cum breath</Msg><Username>galondan</Username><Timestamp>1357153775390</Timestamp><DateTime>Wed, 2013-01-02 14:09:35 EST</DateTime><ThumbUp>0</ThumbUp><ThumbDown>0</ThumbDown><Sentiment/></Message><Message type="TopicMessage"><Id>1357154272148-54</Id><Title>o.investor - Project Denver</Title><Msg>"PD dealt a major setback with big.LITTLE announcement and support by Samsung et al. Nvidia may even consider setting up some hurdles for big.LITTLE through its vSMP patent." -o.investor- --------------------------------------------------------------------------------------------- How's it going with that...???</Msg><Username>getanid61</Username><Timestamp>1357154272148</Timestamp><DateTime>Wed, 2013-01-02 14:17:52 EST</DateTime><ThumbUp>0</ThumbUp><ThumbDown>2</ThumbDown><Sentiment/></Message><Message type="ReplyMessage"><Id>1357154312916-55</Id><Topic><Title>Little guys selling....</Title><Username>ibexx</Username><Timestamp>1272554019000</Timestamp><DateTime>Thu, 2010-04-29 11:13:39 EDT</DateTime></Topic><Msg>"I had an order in at open for mid-xxxx shares at $16.01. Amazingly! When the confirmations came in, there were nearly ALL 100 share trades and some 50 shares trades too - so there were over 40 conformations. Never seen anything like this. Retail shorts are playing with their lunch money." Its 2013 and I bet the "little guy" is still laughing, hmm? How much LESS is $12 than $16? Anyone? lol CLUELESS. imho</Msg><Username>xc3155</Username><Timestamp>1357154312916</Timestamp><DateTime>Wed, 2013-01-02 14:18:32 EST</DateTime><ThumbUp>3</ThumbUp><ThumbDown>7</ThumbDown><Sentiment/></Message><Message type="TopicMessage"><Id>1357155222090-56</Id><Title>Will Nvidia Increase the Dividend Each Quarter</Title><Msg>I remember when Microchip first started a dividend in 2003. The CEO said they were doing well and was confident about the company's future. Almost word for word of which Nvidia's CEO said in Nvember when he started a dividend at $0.75 per quarter. Microchip started their dividend in 2003 at $.035 per quarter. Prior to that it was considered a speculative stock play and a favorite of the day traders. Then Mcirochip shocked everyone and raised their dividend each and every quarter except for 2009 when they kept it flat. Today the dividend is $352 per quarter and all the traders are gone and it is a favorite of the growth and income mutual funds. Just saying</Msg><Username>j7777kxx</Username><Timestamp>1357155222090</Timestamp><DateTime>Wed, 2013-01-02 14:33:42 EST</DateTime><ThumbUp>1</ThumbUp><ThumbDown>0</ThumbDown><Sentiment>Buy</Sentiment></Message><Message type="ReplyMessage"><Id>1357156615706-57</Id><Topic><Title>Will Nvidia Increase the Dividend Each Quarter</Title><Username>j7777kxx</Username><Timestamp>1357155222090</Timestamp><DateTime>Wed, 2013-01-02 14:33:42 EST</DateTime></Topic><Msg>You read between the lines too much... NVidia's revenues will be lower this Q, and they constantly issue more shares...</Msg><Username>getanid61</Username><Timestamp>1357156615706</Timestamp><DateTime>Wed, 2013-01-02 14:56:55 EST</DateTime><ThumbUp>0</ThumbUp><ThumbDown>1</ThumbDown><Sentiment/></Message><Message type="ReplyMessage"><Id>1357157518313-58</Id><Topic><Title>Does AMD Pay A Dividend?</Title><Username>j7777kxx</Username><Timestamp>1357148838918</Timestamp><DateTime>Wed, 2013-01-02 12:47:18 EST</DateTime></Topic><Msg>bump again....go elsewhere daytrader. LOL</Msg><Username>j7777kxx</Username><Timestamp>1357157518313</Timestamp><DateTime>Wed, 2013-01-02 15:11:58 EST</DateTime><ThumbUp>0</ThumbUp><ThumbDown>0</ThumbDown><Sentiment/></Message><Message type="ReplyMessage"><Id>1357158617082-59</Id><Topic><Title>o.investor - Project Denver</Title><Username>getanid61</Username><Timestamp>1357154272148</Timestamp><DateTime>Wed, 2013-01-02 14:17:52 EST</DateTime></Topic><Msg>bump...</Msg><Username>getanid61</Username><Timestamp>1357158617082</Timestamp><DateTime>Wed, 2013-01-02 15:30:17 EST</DateTime><ThumbUp>0</ThumbUp><ThumbDown>1</ThumbDown><Sentiment/></Message><Message type="ReplyMessage"><Id>1357158635003-60</Id><Topic><Title>o.investor - Project Denver</Title><Username>getanid61</Username><Timestamp>1357154272148</Timestamp><DateTime>Wed, 2013-01-02 14:17:52 EST</DateTime></Topic><Msg>bump...</Msg><Username>getanid61</Username><Timestamp>1357158635003</Timestamp><DateTime>Wed, 2013-01-02 15:30:35 EST</DateTime><ThumbUp>0</ThumbUp><ThumbDown>1</ThumbDown><Sentiment/></Message><Message type="ReplyMessage"><Id>1357158671227-61</Id><Topic><Title>o.investor - Project Denver</Title><Username>getanid61</Username><Timestamp>1357154272148</Timestamp><DateTime>Wed, 2013-01-02 14:17:52 EST</DateTime></Topic><Msg>bump...</Msg><Username>getanid61</Username><Timestamp>1357158671227</Timestamp><DateTime>Wed, 2013-01-02 15:31:11 EST</DateTime><ThumbUp>0</ThumbUp><ThumbDown>1</ThumbDown><Sentiment/></Message><Message type="ReplyMessage"><Id>1357158861759-62</Id><Topic><Title>o.investor - Project Denver</Title><Username>getanid61</Username><Timestamp>1357154272148</Timestamp><DateTime>Wed, 2013-01-02 14:17:52 EST</DateTime></Topic><Msg>bump....</Msg><Username>j7777kxx</Username><Timestamp>1357158861759</Timestamp><DateTime>Wed, 2013-01-02 15:34:21 EST</DateTime><ThumbUp>0</ThumbUp><ThumbDown>0</ThumbDown><Sentiment>Buy</Sentiment></Message><Message type="TopicMessage"><Id>1357159454482-63</Id><Title>short 10K at 12.68</Title><Msg>anayone with L2 access would know why - enjoy!</Msg><Username>o.investor</Username><Timestamp>1357159454482</Timestamp><DateTime>Wed, 2013-01-02 15:44:14 EST</DateTime><ThumbUp>0</ThumbUp><ThumbDown>0</ThumbDown><Sentiment/></Message><Message type="TopicMessage"><Id>1357159900533-64</Id><Title>For All You Technical Day traders...Important Factoid</Title><Msg>A stock trying to reach $12.75 from $12.70 must go through 12.71, 12.72, 12.73, and 12.74. And then be sure and look at Level 2 Bids and Asks. LOL</Msg><Username>j7777kxx</Username><Timestamp>1357159900533</Timestamp><DateTime>Wed, 2013-01-02 15:51:40 EST</DateTime><ThumbUp>0</ThumbUp><ThumbDown>0</ThumbDown><Sentiment>Buy</Sentiment></Message><Message type="ReplyMessage"><Id>1357160106452-65</Id><Topic><Title>Did anyone even notice this?????</Title><Username>qsand1us</Username><Timestamp>1357157614704</Timestamp><DateTime>Wed, 2013-01-02 15:13:34 EST</DateTime></Topic><Msg>Do you understand the fuel short selling has to any catalyst....I happy to let it climb, all the more buyers when covering ensues. The only thing AMD will rally in 2013 is a bankruptcy court.</Msg><Username>brokeagain73</Username><Timestamp>1357160106452</Timestamp><DateTime>Wed, 2013-01-02 15:55:06 EST</DateTime><ThumbUp>4</ThumbUp><ThumbDown>1</ThumbDown><Sentiment/></Message><Message type="ReplyMessage"><Id>1357160151273-66</Id><Topic><Title>Does AMD Pay A Dividend?</Title><Username>j7777kxx</Username><Timestamp>1357148838918</Timestamp><DateTime>Wed, 2013-01-02 12:47:18 EST</DateTime></Topic><Msg>Of course it does....you wait for the traders to pump iut up and then you short it!</Msg><Username>j7777kxx</Username><Timestamp>1357160151273</Timestamp><DateTime>Wed, 2013-01-02 15:55:51 EST</DateTime><ThumbUp>0</ThumbUp><ThumbDown>0</ThumbDown><Sentiment/></Message><Message type="ReplyMessage"><Id>1357160914787-67</Id><Topic><Title>short 10K at 12.68</Title><Username>o.investor</Username><Timestamp>1357159454482</Timestamp><DateTime>Wed, 2013-01-02 15:44:14 EST</DateTime></Topic><Msg>You are pathetic and annoying ...</Msg><Username>fdigiovanni01</Username><Timestamp>1357160914787</Timestamp><DateTime>Wed, 2013-01-02 16:08:34 EST</DateTime><ThumbUp>0</ThumbUp><ThumbDown>0</ThumbDown><Sentiment/></Message><Message type="ReplyMessage"><Id>1357161137959-68</Id><Topic><Title>short 10K at 12.68</Title><Username>o.investor</Username><Timestamp>1357159454482</Timestamp><DateTime>Wed, 2013-01-02 15:44:14 EST</DateTime></Topic><Msg>O - you're not going to hold through the weekend. Selling into the 3pm hour on a green thursday may get you a small return on friday as there are decent odds that the whole market is red tomorrow pulling NVDA with it a bit. If you hold through next week I'd be impressed, so will you?</Msg><Username>brokeagain73</Username><Timestamp>1357161137959</Timestamp><DateTime>Wed, 2013-01-02 16:12:17 EST</DateTime><ThumbUp>0</ThumbUp><ThumbDown>0</ThumbDown><Sentiment/></Message><Message type="ReplyMessage"><Id>1357161338907-69</Id><Topic><Title>Did anyone even notice this?????</Title><Username>qsand1us</Username><Timestamp>1357157614704</Timestamp><DateTime>Wed, 2013-01-02 15:13:34 EST</DateTime></Topic><Msg>Uh yeah, I noticed . . I noticed AMD losing much of it's talent and leadership along with assets like whole campuses to find some cash to stay out of bankruptcy . . that's what I noticed.</Msg><Username>roundhouse_c</Username><Timestamp>1357161338907</Timestamp><DateTime>Wed, 2013-01-02 16:15:38 EST</DateTime><ThumbUp>2</ThumbUp><ThumbDown>2</ThumbDown><Sentiment>Strong Buy</Sentiment></Message><Message type="ReplyMessage"><Id>1357163343610-70</Id><Topic><Title>Will Nvidia do a double?</Title><Username>keeperoftheq</Username><Timestamp>1357163246704</Timestamp><DateTime>Wed, 2013-01-02 16:47:26 EST</DateTime></Topic><Msg>I agree 100 percent with you, but I bought more today regardless, lol.</Msg><Username>guy_8619</Username><Timestamp>1357163343610</Timestamp><DateTime>Wed, 2013-01-02 16:49:03 EST</DateTime><ThumbUp>2</ThumbUp><ThumbDown>7</ThumbDown><Sentiment/></Message><Message type="ReplyMessage"><Id>1357163610065-71</Id><Topic><Title>Did anyone even notice this?????</Title><Username>qsand1us</Username><Timestamp>1357157614704</Timestamp><DateTime>Wed, 2013-01-02 15:13:34 EST</DateTime></Topic><Msg>Good luck with that . . but really why post here if you weren't a little desperate? You could just go back to the AMD board couldn't you now? AMD 'looks' really cheap now probably because it IS cheap. I mean REALLY cheap . . and desperate. If it pops at all . . it's going down twice as fast.</Msg><Username>roundhouse_c</Username><Timestamp>1357163610065</Timestamp><DateTime>Wed, 2013-01-02 16:53:30 EST</DateTime><ThumbUp>1</ThumbUp><ThumbDown>1</ThumbDown><Sentiment>Strong Buy</Sentiment></Message><Message type="ReplyMessage"><Id>1357164356275-72</Id><Topic><Title>Will Nvidia do a double?</Title><Username>keeperoftheq</Username><Timestamp>1357163246704</Timestamp><DateTime>Wed, 2013-01-02 16:47:26 EST</DateTime></Topic><Msg>...and the bankruptcy will slaughter AMD investors. With all that debt even after the fire sale there will be almost nothing left for AMD longs.</Msg><Username>brokeagain73</Username><Timestamp>1357164356275</Timestamp><DateTime>Wed, 2013-01-02 17:05:56 EST</DateTime><ThumbUp>1</ThumbUp><ThumbDown>6</ThumbDown><Sentiment/></Message><Message type="ReplyMessage"><Id>1357164662565-73</Id><Topic><Title>Will Nvidia do a double?</Title><Username>keeperoftheq</Username><Timestamp>1357163246704</Timestamp><DateTime>Wed, 2013-01-02 16:47:26 EST</DateTime></Topic><Msg>You don't get it....Please by all means pump up AMD all you want. But it is quite telling that you have to post on the Nvidia Message Board to get your point across...Why is That? Exposure maybe... by they way please let us know when you short AMD after inflating it.... LOL</Msg><Username>j7777kxx</Username><Timestamp>1357164662565</Timestamp><DateTime>Wed, 2013-01-02 17:11:02 EST</DateTime><ThumbUp>2</ThumbUp><ThumbDown>6</ThumbDown><Sentiment/></Message><Message type="ReplyMessage"><Id>1357167195699-74</Id><Topic><Title>short 10K at 12.68</Title><Username>o.investor</Username><Timestamp>1357159454482</Timestamp><DateTime>Wed, 2013-01-02 15:44:14 EST</DateTime></Topic><Msg>I will cover before Friday - I expect a sell-off since volume was not quite there. Just called killed on my position on MLNX, didn't see that coming but warning season is upon us...</Msg><Username>o.investor</Username><Timestamp>1357167195699</Timestamp><DateTime>Wed, 2013-01-02 17:53:15 EST</DateTime><ThumbUp>0</ThumbUp><ThumbDown>0</ThumbDown><Sentiment/></Message><Message type="ReplyMessage"><Id>1357167334614-75</Id><Topic><Title>o.investor - Project Denver</Title><Username>getanid61</Username><Timestamp>1357154272148</Timestamp><DateTime>Wed, 2013-01-02 14:17:52 EST</DateTime></Topic><Msg>"PD dealt a major setback with big.LITTLE announcement and support by Samsung et al. Nvidia may even consider setting up some hurdles for big.LITTLE through its vSMP patent." -o.investor- --------------------------------------------------------------------------------------------- How's it going with that...???</Msg><Username>getanid61</Username><Timestamp>1357167334614</Timestamp><DateTime>Wed, 2013-01-02 17:55:34 EST</DateTime><ThumbUp>0</ThumbUp><ThumbDown>0</ThumbDown><Sentiment/></Message><Message type="ReplyMessage"><Id>1357167838590-76</Id><Topic><Title>o.investor - Project Denver</Title><Username>getanid61</Username><Timestamp>1357154272148</Timestamp><DateTime>Wed, 2013-01-02 14:17:52 EST</DateTime></Topic><Msg>its working great - unfortunately no revenue to report from a powerpoint slide. other than that its expected to do as well as transmeta.</Msg><Username>o.investor</Username><Timestamp>1357167838590</Timestamp><DateTime>Wed, 2013-01-02 18:03:58 EST</DateTime><ThumbUp>0</ThumbUp><ThumbDown>0</ThumbDown><Sentiment/></Message><Message type="ReplyMessage"><Id>1357168022777-77</Id><Topic><Title>o.investor - Project Denver</Title><Username>getanid61</Username><Timestamp>1357154272148</Timestamp><DateTime>Wed, 2013-01-02 14:17:52 EST</DateTime></Topic><Msg>weak... it appears you don't like me bringing up your own comments... You continue to run from them...</Msg><Username>getanid61</Username><Timestamp>1357168022777</Timestamp><DateTime>Wed, 2013-01-02 18:07:02 EST</DateTime><ThumbUp>0</ThumbUp><ThumbDown>0</ThumbDown><Sentiment/></Message><Message type="TopicMessage"><Id>1357168191906-78</Id><Title>holiday gadget trends</Title><Msg>uh oh - Nvidia/Tegra has successfully killed some more product line (remember Zune, Kin, Motorola everything...) even outgoing OMAP/Kindle beat Tegra based products. Now why is it? I wonder... techcrunchDOTcom/2013/01/02/iphone-5-galaxy-s-iii-kindle-fire-and-galaxy-tablets-the-big-winners-in-mobile-traffic-share-growth-this-holiday/</Msg><Username>o.investor</Username><Timestamp>1357168191906</Timestamp><DateTime>Wed, 2013-01-02 18:09:51 EST</DateTime><ThumbUp>0</ThumbUp><ThumbDown>0</ThumbDown><Sentiment/></Message><Message type="ReplyMessage"><Id>1357168626183-79</Id><Topic><Title>holiday gadget trends</Title><Username>o.investor</Username><Timestamp>1357168191906</Timestamp><DateTime>Wed, 2013-01-02 18:09:51 EST</DateTime></Topic><Msg>By the looks of all your stupid posts today It appears you've been sniffing too much propane. Are you from some trailer park in Canada?</Msg><Username>chitownbarber20</Username><Timestamp>1357168626183</Timestamp><DateTime>Wed, 2013-01-02 18:17:06 EST</DateTime><ThumbUp>0</ThumbUp><ThumbDown>0</ThumbDown><Sentiment/></Message><Message type="ReplyMessage"><Id>1357169408233-80</Id><Topic><Title>holiday gadget trends</Title><Username>o.investor</Username><Timestamp>1357168191906</Timestamp><DateTime>Wed, 2013-01-02 18:09:51 EST</DateTime></Topic><Msg>Then double your short... Just last trading day you claimed NVDA couldn't break 12.19</Msg><Username>getanid61</Username><Timestamp>1357169408233</Timestamp><DateTime>Wed, 2013-01-02 18:30:08 EST</DateTime><ThumbUp>1</ThumbUp><ThumbDown>0</ThumbDown><Sentiment/></Message><Message type="TopicMessage"><Id>1357169919053-81</Id><Title>2013, the year Nvidia dumps tegra. Its</Title><Msg>too little too late. Too much of a power hog for the performance. QCOM and the chinese mediatek have the ARM smartphone market cornered.</Msg><Username>will_amd_yu</Username><Timestamp>1357169919053</Timestamp><DateTime>Wed, 2013-01-02 18:38:39 EST</DateTime><ThumbUp>0</ThumbUp><ThumbDown>0</ThumbDown><Sentiment/></Message><Message type="ReplyMessage"><Id>1357170273560-82</Id><Topic><Title>holiday gadget trends</Title><Username>o.investor</Username><Timestamp>1357168191906</Timestamp><DateTime>Wed, 2013-01-02 18:09:51 EST</DateTime></Topic><Msg>but seriously does it not bother your objectivity that Nvidia makes all these tall claims and it never materializes as successful products? Didn't Nvidia tout 4+1 core strategy as amazing and differentiated leading to longer battery life? I have not seen any evidence of that. In fact, Ipad mini has better battery life than a Nexus 7 in tests. Qualcomm has been smoking Nvidia in all tests also. and remember when Nvidia claimed 30 new "superphones" with Tegra 3, how did that work out? thevergeDOTcom/2012/5/24/3041735/nvidia-30-tegra-3-phones-icera-i500-grey</Msg><Username>o.investor</Username><Timestamp>1357170273560</Timestamp><DateTime>Wed, 2013-01-02 18:44:33 EST</DateTime><ThumbUp>0</ThumbUp><ThumbDown>1</ThumbDown><Sentiment/></Message><Message type="ReplyMessage"><Id>1357170653214-83</Id><Topic><Title>holiday gadget trends</Title><Username>o.investor</Username><Timestamp>1357168191906</Timestamp><DateTime>Wed, 2013-01-02 18:09:51 EST</DateTime></Topic><Msg>Maybe that was the catalyst that resulted in Mike being asked to leave.</Msg><Username>brokeagain73</Username><Timestamp>1357170653214</Timestamp><DateTime>Wed, 2013-01-02 18:50:53 EST</DateTime><ThumbUp>0</ThumbUp><ThumbDown>0</ThumbDown><Sentiment/></Message><Message type="ReplyMessage"><Id>1357172032208-84</Id><Topic><Title>holiday gadget trends</Title><Username>o.investor</Username><Timestamp>1357168191906</Timestamp><DateTime>Wed, 2013-01-02 18:09:51 EST</DateTime></Topic><Msg>What the ####stock do you care? ?? I don't get why you post such BS</Msg><Username>fdigiovanni01</Username><Timestamp>1357172032208</Timestamp><DateTime>Wed, 2013-01-02 19:13:52 EST</DateTime><ThumbUp>0</ThumbUp><ThumbDown>0</ThumbDown><Sentiment/></Message><Message type="ReplyMessage"><Id>1357172071268-85</Id><Topic><Title>holiday gadget trends</Title><Username>o.investor</Username><Timestamp>1357168191906</Timestamp><DateTime>Wed, 2013-01-02 18:09:51 EST</DateTime></Topic><Msg>"seriously does it not bother your objectivity that Nvidia makes all these tall claims and it never materializes as successful products?" Sure, they're entire roadmap slipped a year... Tegra team probably has mucho politics dues to Porta Player, MCP, and Icera attempting to merge into a cohesive team.. "Didn't Nvidia tout 4+1 core strategy as amazing and differentiated leading to longer battery life? I have not seen any evidence of that. In fact, Ipad mini has better battery life than a Nexus 7 in tests. Qualcomm has been smoking Nvidia in all tests also." Even INtel has claimed better power numbers now... Most of the power is NOT used by the SOC... IF you re-read those tests, INtel got it by lowering the brightness on the display... "remember when Nvidia claimed 30 new "superphones" with Tegra 3, how did that work out?" Don't remember, but it worked out pathetically...</Msg><Username>getanid61</Username><Timestamp>1357172071268</Timestamp><DateTime>Wed, 2013-01-02 19:14:31 EST</DateTime><ThumbUp>0</ThumbUp><ThumbDown>0</ThumbDown><Sentiment/></Message><Message type="ReplyMessage"><Id>1357172614522-86</Id><Topic><Title>holiday gadget trends</Title><Username>o.investor</Username><Timestamp>1357168191906</Timestamp><DateTime>Wed, 2013-01-02 18:09:51 EST</DateTime></Topic><Msg>" NVIDIA could do better with some re-structuring by moving some of the Tegra R*D to the GPU group" Tegra is trivial compared to the Kepler design... It would appear to me the opposite of what you suggest... Get some talent on the Tegra team..</Msg><Username>getanid61</Username><Timestamp>1357172614522</Timestamp><DateTime>Wed, 2013-01-02 19:23:34 EST</DateTime><ThumbUp>0</ThumbUp><ThumbDown>0</ThumbDown><Sentiment/></Message><Message type="ReplyMessage"><Id>1357173426831-87</Id><Topic><Title>holiday gadget trends</Title><Username>o.investor</Username><Timestamp>1357168191906</Timestamp><DateTime>Wed, 2013-01-02 18:09:51 EST</DateTime></Topic><Msg>oh stop it ibexx88 - I want to stay civil but this is too much. So you are saying that Nvidia turned down Amazon Kindle business, at least 10-15M unit/year deal but are pursuing $99 Ouya game console business. and "no compromise on NVIDIA's execution of Roadmap targets" - do you even believe what you are saying here?? Wayne is late, Grey is no where to be found. Heck not even a standalone LTE modem since 410 (and that was mostly pre-acquisition work, only data - no voice support). Next you will be telling me that Nvidia has better carrier relationships than Qualcomm and Intel.</Msg><Username>o.investor</Username><Timestamp>1357173426831</Timestamp><DateTime>Wed, 2013-01-02 19:37:06 EST</DateTime><ThumbUp>0</ThumbUp><ThumbDown>0</ThumbDown><Sentiment/></Message><Message type="TopicMessage"><Id>1357174473567-88</Id><Title>The x86 Power Myth Busted: In-Depth Clover Trail Power Analysis</Title><Msg>From AnandTech Anand Lal Shimpi on 12/24/2012 5:00:00 PM anandtechDOTcom/show/6529/busting-the-x86-power-myth-indepth-clover-trail-power-analysis "Ultimately I don't know that this data really changes what we already knew about Clover Trail: it is a more power efficient platform than NVIDIA's Tegra 3."</Msg><Username>justfine790</Username><Timestamp>1357174473567</Timestamp><DateTime>Wed, 2013-01-02 19:54:33 EST</DateTime><ThumbUp>0</ThumbUp><ThumbDown>0</ThumbDown><Sentiment/></Message><Message type="TopicMessage"><Id>1357175891304-89</Id><Title>Good Sign-The Same Day Trading Shorts Are Still Pxxx Away</Title><Msg>Extremely good sign indeed...Same cast of characters posting doom and gloom are still here. LOL</Msg><Username>j7777kxx</Username><Timestamp>1357175891304</Timestamp><DateTime>Wed, 2013-01-02 20:18:11 EST</DateTime><ThumbUp>0</ThumbUp><ThumbDown>0</ThumbDown><Sentiment>Buy</Sentiment></Message><Message type="ReplyMessage"><Id>1357176111742-90</Id><Topic><Title>The x86 Power Myth Busted: In-Depth Clover Trail Power Analysis</Title><Username>justfine790</Username><Timestamp>1357174473567</Timestamp><DateTime>Wed, 2013-01-02 19:54:33 EST</DateTime></Topic><Msg>The W510 has low max brightness on the display for power savings...</Msg><Username>getanid61</Username><Timestamp>1357176111742</Timestamp><DateTime>Wed, 2013-01-02 20:21:51 EST</DateTime><ThumbUp>0</ThumbUp><ThumbDown>0</ThumbDown><Sentiment/></Message><Message type="ReplyMessage"><Id>1357176509739-91</Id><Topic><Title>The x86 Power Myth Busted: In-Depth Clover Trail Power Analysis</Title><Username>justfine790</Username><Timestamp>1357174473567</Timestamp><DateTime>Wed, 2013-01-02 19:54:33 EST</DateTime></Topic><Msg>are you counting on your lies not being called out? the test was very detailed and actually measured power draw at CPU and GPU level. display brightness is inconsequential in this comparison. I can concede that Microsoft does not utilize 4+1 majik but by all accounts it would not have helped in these tests as they were not comparing standby battery life.</Msg><Username>o.investor</Username><Timestamp>1357176509739</Timestamp><DateTime>Wed, 2013-01-02 20:28:29 EST</DateTime><ThumbUp>0</ThumbUp><ThumbDown>0</ThumbDown><Sentiment/></Message><Message type="ReplyMessage"><Id>1357177132762-92</Id><Topic><Title>The x86 Power Myth Busted: In-Depth Clover Trail Power Analysis</Title><Username>justfine790</Username><Timestamp>1357174473567</Timestamp><DateTime>Wed, 2013-01-02 19:54:33 EST</DateTime></Topic><Msg>"are you counting on your lies not being called out?" Hmmm... I said: "the W510 has low max brightness on the display for power savings..." Is that a lie... or is it true now...</Msg><Username>getanid61</Username><Timestamp>1357177132762</Timestamp><DateTime>Wed, 2013-01-02 20:38:52 EST</DateTime><ThumbUp>0</ThumbUp><ThumbDown>0</ThumbDown><Sentiment/></Message><Message type="TopicMessage"><Id>1357177155320-93</Id><Title>Good Stocks Rallied Today. nvda coat-tailed weakly.</Title><Msg>It was a curious little rally today, right boys? It sure was. Washington's ballooning budget deficit was not fixed. The Federal Government's debt cap was not lifted. The same politicians that previously voted for automatic tax increases on most Everything, changed their minds. Except for the Social Security Tax. For which each and every employee must now pay 2% more. Nevertheless, the market rallied. The Good semiconductor stocks had a huge day, of course. Yes boys, Huge. While the struggling, shrinking tech stocks -- like nvda -- coat-tailed weakly. Let's take a look at today's trading action, shall we? + 7.60% __ Rambus Inc. + 5.48% __ Taiwan Semiconductor Manufacturing Co. Ltd. + 5.42% __ Advancing Micro Devices + 5.40% __ Hewlett-Packard Company + 5.28% __ Dell Inc. + 5.09% __ Freescale Semiconductor, Ltd. + 5.03% __ Seagate Technology Public Limited Company + 4.67% __ QUALCOMM Incorporated + 4.60% __ Texas Instruments, Inc. + 4.57% __ Micron Technology Inc. + 4.11% __ Oracle Corporation + 4.10% __ The Entire PHLX Semiconductor Stock Average + 3.75% __ nvidia This is exactly how nvidia ends up the year Way behind it peer averages. Waaaay behind, boys. Like today -- it's already .35% Behind the PHLX Semiconductor Stock Average. On just the first (1st) trading day of 2013. Enjoy your weakly coat-tailing "investment".</Msg><Username>dr.bester</Username><Timestamp>1357177155320</Timestamp><DateTime>Wed, 2013-01-02 20:39:15 EST</DateTime><ThumbUp>17</ThumbUp><ThumbDown>0</ThumbDown><Sentiment/></Message><Message type="ReplyMessage"><Id>1357177461656-94</Id><Topic><Title>Good Stocks Rallied Today. nvda coat-tailed weakly.</Title><Username>dr.bester</Username><Timestamp>1357177155320</Timestamp><DateTime>Wed, 2013-01-02 20:39:15 EST</DateTime></Topic><Msg>"Kill the Tegra!" "Kill the Tegra!"</Msg><Username>naziba.adongo</Username><Timestamp>1357177461656</Timestamp><DateTime>Wed, 2013-01-02 20:44:21 EST</DateTime><ThumbUp>14</ThumbUp><ThumbDown>0</ThumbDown><Sentiment/></Message><Message type="ReplyMessage"><Id>1357178015716-95</Id><Topic><Title>The x86 Power Myth Busted: In-Depth Clover Trail Power Analysis</Title><Username>justfine790</Username><Timestamp>1357174473567</Timestamp><DateTime>Wed, 2013-01-02 19:54:33 EST</DateTime></Topic><Msg>I don't know what W510 brightness is and its not pertinent to the premise of this analysis. You tried to obfuscate the truth - Intel has a competitive solution now with ARM. That was the biggest knock against x86. If they keep on this track - Intel will further splinter the merchant App Processor market (non-Apple, non-Samsung).</Msg><Username>o.investor</Username><Timestamp>1357178015716</Timestamp><DateTime>Wed, 2013-01-02 20:53:35 EST</DateTime><ThumbUp>0</ThumbUp><ThumbDown>0</ThumbDown><Sentiment/></Message><Message type="ReplyMessage"><Id>1357178065000-96</Id><Topic><Title>The x86 Power Myth Busted: In-Depth Clover Trail Power Analysis</Title><Username>justfine790</Username><Timestamp>1357174473567</Timestamp><DateTime>Wed, 2013-01-02 19:54:33 EST</DateTime></Topic><Msg>read the article!!!!!</Msg><Username>justfine790</Username><Timestamp>1357178065000</Timestamp><DateTime>Wed, 2013-01-02 20:54:25 EST</DateTime><ThumbUp>0</ThumbUp><ThumbDown>0</ThumbDown><Sentiment/></Message><Message type="ReplyMessage"><Id>1357178258257-97</Id><Topic><Title>The x86 Power Myth Busted: In-Depth Clover Trail Power Analysis</Title><Username>justfine790</Username><Timestamp>1357174473567</Timestamp><DateTime>Wed, 2013-01-02 19:54:33 EST</DateTime></Topic><Msg>"I don't know what W510 brightness is" Then what makes you think my statement is incorrect... "You tried to obfuscate the truth - " see above...</Msg><Username>getanid61</Username><Timestamp>1357178258257</Timestamp><DateTime>Wed, 2013-01-02 20:57:38 EST</DateTime><ThumbUp>0</ThumbUp><ThumbDown>2</ThumbDown><Sentiment/></Message><Message type="TopicMessage"><Id>1357178587678-98</Id><Title>10 points more on nvda and getanid61 will break even. lol</Title><Msg>i told him not to buy it above nvda above 20 and yet he still holding the bag, a year and a half now</Msg><Username>mystk7</Username><Timestamp>1357178587678</Timestamp><DateTime>Wed, 2013-01-02 21:03:07 EST</DateTime><ThumbUp>0</ThumbUp><ThumbDown>0</ThumbDown><Sentiment/></Message><Message type="ReplyMessage"><Id>1357178870525-99</Id><Topic><Title>(((AMD lands the new Wii, SP4 &amp; Xbox)))</Title><Username>keeperoftheq</Username><Timestamp>1357148663090</Timestamp><DateTime>Wed, 2013-01-02 12:44:23 EST</DateTime></Topic><Msg>Geez Best. I thought nvidia was supposed to be the self-proclaimed leader in graphics and gaming and this and that. Yet Advancing Micro Devices won all three (3) gaming consoles. 1. Nintendo 2. Sony Playstation 3. Xbox Yes, ALL THREE GAMING CONSOLES will be using AMD's incredible graphics. Instead of nvidia's. So how come nvidia still purports to be the "world leader in graphics", when they got kicked to the curb by ALL THREE gaming console manufacturers. Hummm? Looks like yet another business line lost by current CEO Jen -- Gaming.</Msg><Username>geez.best</Username><Timestamp>1357178870525</Timestamp><DateTime>Wed, 2013-01-02 21:07:50 EST</DateTime><ThumbUp>15</ThumbUp><ThumbDown>13</ThumbDown><Sentiment/></Message><Message type="ReplyMessage"><Id>1357179409750-100</Id><Topic><Title>(((AMD lands the new Wii, SP4 &amp; Xbox)))</Title><Username>keeperoftheq</Username><Timestamp>1357148663090</Timestamp><DateTime>Wed, 2013-01-02 12:44:23 EST</DateTime></Topic><Msg>don't worry - Nvidia has Ouya, oh yeah the future of gaming... not! some longs here would have you believe that Nvidia turned down Wii, PS4 and XBOX just like they turned down Amazon/Kindle. They are too busy working on Project Denver Omelette which by all accounts is looking like scrambled egg. They have nothing to show for but had the gall to announce it 2 years earlier to much fan fare. Oh how misleading upper management can be...</Msg><Username>o.investor</Username><Timestamp>1357179409750</Timestamp><DateTime>Wed, 2013-01-02 21:16:49 EST</DateTime><ThumbUp>8</ThumbUp><ThumbDown>14</ThumbDown><Sentiment/></Message><Message type="ReplyMessage"><Id>1357179935790-101</Id><Topic><Title>(((AMD lands the new Wii, SP4 &amp; Xbox)))</Title><Username>keeperoftheq</Username><Timestamp>1357148663090</Timestamp><DateTime>Wed, 2013-01-02 12:44:23 EST</DateTime></Topic><Msg>What option will they have when AMD finally goes bankrupt? If I were any of these companies I would be considering the viability of AMD to weather the storm and be around in the same capacity two years from now. As of now there are already rumors flying about that the XBOX is delatyed due to AMD's inability to deliver. I suspect this only gets worse and willing to bet dollars to donuts at least 1 if not 2 of these guys end up using NVIDIA graphics when all is said and done. Not for nothing O but it would seem odd that you'd defend a company so steeped in financial, product and management turmoil as AMD is. Really odd...</Msg><Username>brokeagain73</Username><Timestamp>1357179935790</Timestamp><DateTime>Wed, 2013-01-02 21:25:35 EST</DateTime><ThumbUp>13</ThumbUp><ThumbDown>7</ThumbDown><Sentiment/></Message><Message type="ReplyMessage"><Id>1357180484463-102</Id><Topic><Title>(((AMD lands the new Wii, SP4 &amp; Xbox)))</Title><Username>keeperoftheq</Username><Timestamp>1357148663090</Timestamp><DateTime>Wed, 2013-01-02 12:44:23 EST</DateTime></Topic><Msg>I don't much care for AMD or, any penny stock - But xbox 720 is moving ahead according to schedule, its slated to debut later this year in time for holiday season semiaccurateDOTcom/2013/01/02/xbox-next720-silicon-production-day-arrives/#.UOTt2-Q8DTo</Msg><Username>o.investor</Username><Timestamp>1357180484463</Timestamp><DateTime>Wed, 2013-01-02 21:34:44 EST</DateTime><ThumbUp>7</ThumbUp><ThumbDown>12</ThumbDown><Sentiment/></Message><Message type="ReplyMessage"><Id>1357180933793-103</Id><Topic><Title>(((AMD lands the new Wii, SP4 &amp; Xbox)))</Title><Username>keeperoftheq</Username><Timestamp>1357148663090</Timestamp><DateTime>Wed, 2013-01-02 12:44:23 EST</DateTime></Topic><Msg>btw, there was a rumor that Nvidia was replacing AMD in next-gen XBOX but I have been skeptical of this because Nvidia has been bashing custom game consoles so publicly eurogamerDOTnet/articles/digitalfoundry-the-curious-case-of-the-durango-devkit-leak</Msg><Username>o.investor</Username><Timestamp>1357180933793</Timestamp><DateTime>Wed, 2013-01-02 21:42:13 EST</DateTime><ThumbUp>3</ThumbUp><ThumbDown>11</ThumbDown><Sentiment/></Message><Message type="ReplyMessage"><Id>1357181467957-104</Id><Topic><Title>(((AMD lands the new Wii, SP4 &amp; Xbox)))</Title><Username>keeperoftheq</Username><Timestamp>1357148663090</Timestamp><DateTime>Wed, 2013-01-02 12:44:23 EST</DateTime></Topic><Msg>"Nvidia turned down Wii, PS4 and XBOX" " turned down Amazon/Kindle." IT's a how cheap can you go... "They are too busy working on Project Denver Omelette which by all accounts is looking like scrambled egg." What accounts... Provide a shred of info... "They have nothing to show for but had the gall to announce it 2 years" Shame...</Msg><Username>getanid61</Username><Timestamp>1357181467957</Timestamp><DateTime>Wed, 2013-01-02 21:51:07 EST</DateTime><ThumbUp>12</ThumbUp><ThumbDown>8</ThumbDown><Sentiment/></Message><Message type="TopicMessage"><Id>1357182187479-105</Id><Title>Hey Daytraders..You Guys Just don't get it Nvidia is a Growth and Income Stock</Title><Msg>Pxxx and moaning and quoting articles from no-name people and no-name websites only works with speculative stocks. But feel free to continue and all you technical guys like o.investor please keep us informed about how arithmetic works.i.e. you have to go through $12.70 to get to $12.71. Oh don't forget to log onto the Sunday evening Press Conference coming live from CES....rumors are touting it might just be quite illuminating for all concerned. Love that Dividend....Don't You? LOL</Msg><Username>j7777kxx</Username><Timestamp>1357182187479</Timestamp><DateTime>Wed, 2013-01-02 22:03:07 EST</DateTime><ThumbUp>0</ThumbUp><ThumbDown>5</ThumbDown><Sentiment>Buy</Sentiment></Message><Message type="ReplyMessage"><Id>1357182655022-106</Id><Topic><Title>Hey Daytraders..You Guys Just don't get it Nvidia is a Growth and Income Stock</Title><Username>j7777kxx</Username><Timestamp>1357182187479</Timestamp><DateTime>Wed, 2013-01-02 22:03:07 EST</DateTime></Topic><Msg>"o.investor please keep us informed about how arithmetic works.i.e. you have to go through $12.70 to get to $12.71." so true...</Msg><Username>getanid61</Username><Timestamp>1357182655022</Timestamp><DateTime>Wed, 2013-01-02 22:10:55 EST</DateTime><ThumbUp>0</ThumbUp><ThumbDown>4</ThumbDown><Sentiment/></Message><Message type="ReplyMessage"><Id>1357183302825-107</Id><Topic><Title>Good Stocks Rallied Today. nvda coat-tailed weakly.</Title><Username>dr.bester</Username><Timestamp>1357177155320</Timestamp><DateTime>Wed, 2013-01-02 20:39:15 EST</DateTime></Topic><Msg>Attention. Attention. Will the Owner of the Green 1995 nvidia Please Remove Your Doors from the Race Track. Thank You.</Msg><Username>good_one_best</Username><Timestamp>1357183302825</Timestamp><DateTime>Wed, 2013-01-02 22:21:42 EST</DateTime><ThumbUp>7</ThumbUp><ThumbDown>0</ThumbDown><Sentiment/></Message><Message type="ReplyMessage"><Id>1357185279796-108</Id><Topic><Title>nvda Underperformed the S&amp;P 500 by (-26.67%)</Title><Username>bestnhighest.wins</Username><Timestamp>1357007102153</Timestamp><DateTime>Mon, 2012-12-31 21:25:02 EST</DateTime></Topic><Msg>Too bad you didn't buy RMBS yesterday, Frank. Rambus was UP + 7.60% today. Yes, just today. It seem that the US ITC might throw-out the prior finding that Rambus' patents on virtually all memory on the planet are not valid. And you know what that means. CHA-CHING!</Msg><Username>todays.best</Username><Timestamp>1357185279796</Timestamp><DateTime>Wed, 2013-01-02 22:54:39 EST</DateTime><ThumbUp>0</ThumbUp><ThumbDown>0</ThumbDown><Sentiment/></Message><Message type="ReplyMessage"><Id>1357185633715-109</Id><Topic><Title>nvda Underperformed the S&amp;P 500 by (-26.67%)</Title><Username>bestnhighest.wins</Username><Timestamp>1357007102153</Timestamp><DateTime>Mon, 2012-12-31 21:25:02 EST</DateTime></Topic><Msg>Ha ha ha..... you are a little rmbs cry baby .. wah wah wah...</Msg><Username>fdigiovanni01</Username><Timestamp>1357185633715</Timestamp><DateTime>Wed, 2013-01-02 23:00:33 EST</DateTime><ThumbUp>0</ThumbUp><ThumbDown>0</ThumbDown><Sentiment/></Message><Message type="ReplyMessage"><Id>1357185879101-110</Id><Topic><Title>nvda Underperformed the S&amp;P 500 by (-26.67%)</Title><Username>bestnhighest.wins</Username><Timestamp>1357007102153</Timestamp><DateTime>Mon, 2012-12-31 21:25:02 EST</DateTime></Topic><Msg>Down 7% after hrs you worthless person</Msg><Username>fdigiovanni01</Username><Timestamp>1357185879101</Timestamp><DateTime>Wed, 2013-01-02 23:04:39 EST</DateTime><ThumbUp>0</ThumbUp><ThumbDown>0</ThumbDown><Sentiment/></Message><Message type="TopicMessage"><Id>1357185928281-111</Id><Title>Rambus Barred From Enforcing Chip Patents in Micron Case</Title><Msg>Ha ha ha ha.. best is rmbs</Msg><Username>fdigiovanni01</Username><Timestamp>1357185928281</Timestamp><DateTime>Wed, 2013-01-02 23:05:28 EST</DateTime><ThumbUp>3</ThumbUp><ThumbDown>11</ThumbDown><Sentiment/></Message><Message type="ReplyMessage"><Id>1357186613081-112</Id><Topic><Title>Good Stocks Rallied Today. nvda coat-tailed weakly.</Title><Username>dr.bester</Username><Timestamp>1357177155320</Timestamp><DateTime>Wed, 2013-01-02 20:39:15 EST</DateTime></Topic><Msg>RMBS down 7%to after hrs . How funny but appropriate ..</Msg><Username>fdigiovanni01</Username><Timestamp>1357186613081</Timestamp><DateTime>Wed, 2013-01-02 23:16:53 EST</DateTime><ThumbUp>0</ThumbUp><ThumbDown>1</ThumbDown><Sentiment/></Message><Message type="ReplyMessage"><Id>1357186628794-113</Id><Topic><Title>Rambus Barred From Enforcing Chip Patents in Micron Case</Title><Username>fdigiovanni01</Username><Timestamp>1357185928281</Timestamp><DateTime>Wed, 2013-01-02 23:05:28 EST</DateTime></Topic><Msg>justice...</Msg><Username>getanid61</Username><Timestamp>1357186628794</Timestamp><DateTime>Wed, 2013-01-02 23:17:08 EST</DateTime><ThumbUp>0</ThumbUp><ThumbDown>8</ThumbDown><Sentiment/></Message><Message type="ReplyMessage"><Id>1357186743557-114</Id><Topic><Title>Hey Daytraders..You Guys Just don't get it Nvidia is a Growth and Income Stock</Title><Username>j7777kxx</Username><Timestamp>1357182187479</Timestamp><DateTime>Wed, 2013-01-02 22:03:07 EST</DateTime></Topic><Msg>As Einstein once said "Those that do not understand arithmetic are doom to fail Algebra like I did" My take on this is stocks go up and stocks go down but the laws of 1st grade arithmetic stay the same and for all those that did not pass 1st grade arithmetic in elementary school should and must depend on the technical geniuses such as o.investor. Save us...Please....LOL Love that Dividend....Don't You?</Msg><Username>j7777kxx</Username><Timestamp>1357186743557</Timestamp><DateTime>Wed, 2013-01-02 23:19:03 EST</DateTime><ThumbUp>0</ThumbUp><ThumbDown>1</ThumbDown><Sentiment>Buy</Sentiment></Message><Message type="ReplyMessage"><Id>1357187193623-115</Id><Topic><Title>Hey Daytraders..You Guys Just don't get it Nvidia is a Growth and Income Stock</Title><Username>j7777kxx</Username><Timestamp>1357182187479</Timestamp><DateTime>Wed, 2013-01-02 22:03:07 EST</DateTime></Topic><Msg>"Love that Dividend....Don't You?" About Time !!!!!</Msg><Username>getanid61</Username><Timestamp>1357187193623</Timestamp><DateTime>Wed, 2013-01-02 23:26:33 EST</DateTime><ThumbUp>0</ThumbUp><ThumbDown>0</ThumbDown><Sentiment/></Message><Message type="TopicMessage"><Id>1357187704674-116</Id><Title>ARM has proven to be a power hog with low performance.</Title><Msg>Its only a matter of time, before people switch to X86.</Msg><Username>will_amd_yu</Username><Timestamp>1357187704674</Timestamp><DateTime>Wed, 2013-01-02 23:35:04 EST</DateTime><ThumbUp>0</ThumbUp><ThumbDown>0</ThumbDown><Sentiment/></Message><Message type="ReplyMessage"><Id>1357188266381-117</Id><Topic><Title>Hey Daytraders..You Guys Just don't get it Nvidia is a Growth and Income Stock</Title><Username>j7777kxx</Username><Timestamp>1357182187479</Timestamp><DateTime>Wed, 2013-01-02 22:03:07 EST</DateTime></Topic><Msg>Much more to come. Once Tech CEO's realize that their Restricted Stock units collect dividends too. They start thinking..."Hey the business is looking good and I don't need all this cash on the books earning nothing. The cash flow is great. Let's buy back a little stock and raise the dividend every quarter. TJ Rodgers laughed 2 quarters when an analyst questioned him about Cypress Semi's dividend policy and said...Hey cash flow is great business is in a little slow period so I raised the dividend so I now collect $3M a year after tax. By the way I can live very well on that and the company is still investing for the next upswing which should come in the 1Q of 2014." Microchip tech does the same. Shareholders love it, Day traders hate it because 95% of the shares end up in growth and income funds who just play the semi cycle and don't even read the Tout Sheet Website articles. Yes...We all love the dividend Jen Hsung!!!!</Msg><Username>j7777kxx</Username><Timestamp>1357188266381</Timestamp><DateTime>Wed, 2013-01-02 23:44:26 EST</DateTime><ThumbUp>1</ThumbUp><ThumbDown>1</ThumbDown><Sentiment>Buy</Sentiment></Message><Message type="ReplyMessage"><Id>1357188800760-118</Id><Topic><Title>Rambus Barred From Enforcing Chip Patents in Micron Case</Title><Username>fdigiovanni01</Username><Timestamp>1357185928281</Timestamp><DateTime>Wed, 2013-01-02 23:05:28 EST</DateTime></Topic><Msg>And Mr. TFG aka Bestie I must add....Nvidia GPU's are almost all using GDDR5. But not to worry I'am sure your right and that "Rambus will win that $12B in triple damages at that AT trial in SF." LOL, LOL, LOL, PS. What every happened to FREE RAMBUS NOW website you use to run on that I forget the name message board!</Msg><Username>j7777kxx</Username><Timestamp>1357188800760</Timestamp><DateTime>Wed, 2013-01-02 23:53:20 EST</DateTime><ThumbUp>1</ThumbUp><ThumbDown>7</ThumbDown><Sentiment>Buy</Sentiment></Message></Date>