<?xml version="1.0" encoding="UTF-8" standalone="no"?><Date date="2012-12-19"><Message type="ReplyMessage"><Id>1355893816490-1</Id><Topic><Title>Sipped tea with the future king and queen of England in St. Moritz</Title><Username>bapsycho</Username><Timestamp>1355885011954</Timestamp><DateTime>Tue, 2012-12-18 21:43:31 EST</DateTime></Topic><Msg>frozen lake soschi people ar ready 20124-16 iofnot weill freeze using lake 4daniel craig my twin...</Msg><Username>bapsycho</Username><Timestamp>1355893816490</Timestamp><DateTime>Wed, 2012-12-19 00:10:16 EST</DateTime><ThumbUp>2</ThumbUp><ThumbDown>0</ThumbDown><Sentiment/></Message><Message type="ReplyMessage"><Id>1355894306440-2</Id><Topic><Title>Life is Dangerous.....Ban Everything !</Title><Username>spartacus67517</Username><Timestamp>1355886479309</Timestamp><DateTime>Tue, 2012-12-18 22:07:59 EST</DateTime></Topic><Msg>Your forgot people who text on cell phones!</Msg><Username>chris_genna2</Username><Timestamp>1355894306440</Timestamp><DateTime>Wed, 2012-12-19 00:18:26 EST</DateTime><ThumbUp>6</ThumbUp><ThumbDown>0</ThumbDown><Sentiment/></Message><Message type="TopicMessage"><Id>1355894397536-3</Id><Title>about the lowest bidder</Title><Msg>for security By law, the State Department is required to award local security contracts to the lowest "technically acceptable" bidder, except in Iraq, Afghanistan and Pakistan. The State Department has expanded its use of local contracting relationships to protect diplomats overseas, and is expected to become more reliant on such arrangements as the war in Afghanistan winds down. State Department officials say the Blue Mountain guards were unarmed because of a Libyan government requirement. Sen. Collins questioned why the U.S. would agree to such a demand, especially in a country awash in weapons. "It's like they are the only ones in the country without arms," she said. wunnnerfull wunnerfull</Msg><Username>donwshuper50</Username><Timestamp>1355894397536</Timestamp><DateTime>Wed, 2012-12-19 00:19:57 EST</DateTime><ThumbUp>0</ThumbUp><ThumbDown>4</ThumbDown><Sentiment/></Message><Message type="ReplyMessage"><Id>1355895046518-4</Id><Topic><Title>THE LIGHT FROM OUR MOON</Title><Username>bapsycho</Username><Timestamp>1355880935897</Timestamp><DateTime>Tue, 2012-12-18 20:35:35 EST</DateTime></Topic><Msg>so I wrote a check with branch transfer papers twicie it was u.s. who invented the one-hand bump eat at the dean's office in the eucalptrsus trees a yogurt a hugh slice of chocolate cake and a coke a yogurt and a coke and a huge slice of choclolate cake eating at the deans office in the eucalptus overlooking the pacific ocean the waves</Msg><Username>bapsycho</Username><Timestamp>1355895046518</Timestamp><DateTime>Wed, 2012-12-19 00:30:46 EST</DateTime><ThumbUp>1</ThumbUp><ThumbDown>0</ThumbDown><Sentiment/></Message><Message type="TopicMessage"><Id>1355895671675-5</Id><Title>There is some truth to be said in RWNJ fiction/fantasy</Title><Msg>but not much a bagel a coke and their wide-receiver has been rendered ineffective and intercepted the ball</Msg><Username>bapsycho</Username><Timestamp>1355895671675</Timestamp><DateTime>Wed, 2012-12-19 00:41:11 EST</DateTime><ThumbUp>2</ThumbUp><ThumbDown>1</ThumbDown><Sentiment/></Message><Message type="ReplyMessage"><Id>1355896256767-6</Id><Topic><Title>There is some truth to be said in RWNJ fiction/fantasy</Title><Username>bapsycho</Username><Timestamp>1355895671675</Timestamp><DateTime>Wed, 2012-12-19 00:41:11 EST</DateTime></Topic><Msg>apperrently their dean was unawar e</Msg><Username>bapsycho</Username><Timestamp>1355896256767</Timestamp><DateTime>Wed, 2012-12-19 00:50:56 EST</DateTime><ThumbUp>2</ThumbUp><ThumbDown>1</ThumbDown><Sentiment/></Message><Message type="ReplyMessage"><Id>1355897811999-7</Id><Topic><Title>There is some truth to be said in RWNJ fiction/fantasy</Title><Username>bapsycho</Username><Timestamp>1355895671675</Timestamp><DateTime>Wed, 2012-12-19 00:41:11 EST</DateTime></Topic><Msg>the dean's list is a good thing oh, the other deans list mrs. scratchy her head storli and the fill-in-the-blank poop quidz possibly was the only teach under 30 these sandy hook got babes for teachy's</Msg><Username>bapsycho</Username><Timestamp>1355897811999</Timestamp><DateTime>Wed, 2012-12-19 01:16:51 EST</DateTime><ThumbUp>3</ThumbUp><ThumbDown>1</ThumbDown><Sentiment/></Message><Message type="ReplyMessage"><Id>1355897900183-8</Id><Topic><Title>There is some truth to be said in RWNJ fiction/fantasy</Title><Username>bapsycho</Username><Timestamp>1355895671675</Timestamp><DateTime>Wed, 2012-12-19 00:41:11 EST</DateTime></Topic><Msg>the other dean's list...</Msg><Username>bapsycho</Username><Timestamp>1355897900183</Timestamp><DateTime>Wed, 2012-12-19 01:18:20 EST</DateTime><ThumbUp>2</ThumbUp><ThumbDown>1</ThumbDown><Sentiment/></Message><Message type="ReplyMessage"><Id>1355898507921-9</Id><Topic><Title>THE LIGHT FROM OUR MOON</Title><Username>bapsycho</Username><Timestamp>1355880935897</Timestamp><DateTime>Tue, 2012-12-18 20:35:35 EST</DateTime></Topic><Msg>Is a ricochet from the sun.</Msg><Username>albucucu</Username><Timestamp>1355898507921</Timestamp><DateTime>Wed, 2012-12-19 01:28:27 EST</DateTime><ThumbUp>4</ThumbUp><ThumbDown>0</ThumbDown><Sentiment>Strong Buy</Sentiment></Message><Message type="ReplyMessage"><Id>1355898996821-10</Id><Topic><Title>There is some truth to be said in RWNJ fiction/fantasy</Title><Username>bapsycho</Username><Timestamp>1355895671675</Timestamp><DateTime>Wed, 2012-12-19 00:41:11 EST</DateTime></Topic><Msg>apparently was a different person who made the dean's list than wildbill and friends the 1920 pennies spent it is not only possible but also true</Msg><Username>bapsycho</Username><Timestamp>1355898996821</Timestamp><DateTime>Wed, 2012-12-19 01:36:36 EST</DateTime><ThumbUp>2</ThumbUp><ThumbDown>1</ThumbDown><Sentiment/></Message><Message type="TopicMessage"><Id>1355899143842-11</Id><Title>Nobody said there would be days like these...</Title><Msg>cont.,</Msg><Username>bapsycho</Username><Timestamp>1355899143842</Timestamp><DateTime>Wed, 2012-12-19 01:39:03 EST</DateTime><ThumbUp>2</ThumbUp><ThumbDown>1</ThumbDown><Sentiment/></Message><Message type="ReplyMessage"><Id>1355900355855-12</Id><Topic><Title>There is some truth to be said in RWNJ fiction/fantasy</Title><Username>bapsycho</Username><Timestamp>1355895671675</Timestamp><DateTime>Wed, 2012-12-19 00:41:11 EST</DateTime></Topic><Msg>john a. has decided to sit near the back door or open window in a classroom with five johns but no bathroom in spanish jose can u see</Msg><Username>bapsycho</Username><Timestamp>1355900355855</Timestamp><DateTime>Wed, 2012-12-19 01:59:15 EST</DateTime><ThumbUp>2</ThumbUp><ThumbDown>0</ThumbDown><Sentiment/></Message><Message type="ReplyMessage"><Id>1355902404040-13</Id><Topic><Title>There is some truth to be said in RWNJ fiction/fantasy</Title><Username>bapsycho</Username><Timestamp>1355895671675</Timestamp><DateTime>Wed, 2012-12-19 00:41:11 EST</DateTime></Topic><Msg>their team - zero shots on goal * - zero pts.scored - zero yet they wanna play the same game our team - more than zero shots on goal* - more than zero pts. scored - more than zero not too shabby corner of grand/garnet @ pacific ocean two bits for the juke box two bits for the Michelob and three bits for the slice of pie</Msg><Username>bapsycho</Username><Timestamp>1355902404040</Timestamp><DateTime>Wed, 2012-12-19 02:33:24 EST</DateTime><ThumbUp>2</ThumbUp><ThumbDown>0</ThumbDown><Sentiment/></Message><Message type="ReplyMessage"><Id>1355904372769-14</Id><Topic><Title>There is some truth to be said in RWNJ fiction/fantasy</Title><Username>bapsycho</Username><Timestamp>1355895671675</Timestamp><DateTime>Wed, 2012-12-19 00:41:11 EST</DateTime></Topic><Msg>7 bits a bottle of Michelob the deans'; list free-parking and th\e waves are breaking favorably corner of pacific ocean and san diego que ? nah, it cannot get better than this soschi</Msg><Username>bapsycho</Username><Timestamp>1355904372769</Timestamp><DateTime>Wed, 2012-12-19 03:06:12 EST</DateTime><ThumbUp>3</ThumbUp><ThumbDown>0</ThumbDown><Sentiment/></Message><Message type="ReplyMessage"><Id>1355904579621-15</Id><Topic><Title>There is some truth to be said in RWNJ fiction/fantasy</Title><Username>bapsycho</Username><Timestamp>1355895671675</Timestamp><DateTime>Wed, 2012-12-19 00:41:11 EST</DateTime></Topic><Msg>kinda wanna go to soschi winter olypmpics kinda wanna</Msg><Username>bapsycho</Username><Timestamp>1355904579621</Timestamp><DateTime>Wed, 2012-12-19 03:09:39 EST</DateTime><ThumbUp>3</ThumbUp><ThumbDown>0</ThumbDown><Sentiment/></Message><Message type="ReplyMessage"><Id>1355904611837-16</Id><Topic><Title>There is some truth to be said in RWNJ fiction/fantasy</Title><Username>bapsycho</Username><Timestamp>1355895671675</Timestamp><DateTime>Wed, 2012-12-19 00:41:11 EST</DateTime></Topic><Msg>from the kamchatka peninsula</Msg><Username>bapsycho</Username><Timestamp>1355904611837</Timestamp><DateTime>Wed, 2012-12-19 03:10:11 EST</DateTime><ThumbUp>3</ThumbUp><ThumbDown>0</ThumbDown><Sentiment/></Message><Message type="ReplyMessage"><Id>1355905209708-17</Id><Topic><Title>There is some truth to be said in RWNJ fiction/fantasy</Title><Username>bapsycho</Username><Timestamp>1355895671675</Timestamp><DateTime>Wed, 2012-12-19 00:41:11 EST</DateTime></Topic><Msg>run, forrest run from our 46 to their 46 or about 8 yards per carry whnce they converge upon me but some people do not play fair</Msg><Username>bapsycho</Username><Timestamp>1355905209708</Timestamp><DateTime>Wed, 2012-12-19 03:20:09 EST</DateTime><ThumbUp>3</ThumbUp><ThumbDown>0</ThumbDown><Sentiment/></Message><Message type="TopicMessage"><Id>1355905483763-18</Id><Title>d claration</Title><Msg>of indy sign it/no problemo</Msg><Username>bapsycho</Username><Timestamp>1355905483763</Timestamp><DateTime>Wed, 2012-12-19 03:24:43 EST</DateTime><ThumbUp>3</ThumbUp><ThumbDown>0</ThumbDown><Sentiment/></Message><Message type="ReplyMessage"><Id>1355906832755-19</Id><Topic><Title>THE LIGHT FROM OUR MOON</Title><Username>bapsycho</Username><Timestamp>1355880935897</Timestamp><DateTime>Tue, 2012-12-18 20:35:35 EST</DateTime></Topic><Msg>on rainy days a yogurt a coke and a huge slice of chocolate cake INSIDE NOT A PROBLEM ABOUT NOT WEARING SHOES IS THERE</Msg><Username>bapsycho</Username><Timestamp>1355906832755</Timestamp><DateTime>Wed, 2012-12-19 03:47:12 EST</DateTime><ThumbUp>3</ThumbUp><ThumbDown>0</ThumbDown><Sentiment/></Message><Message type="ReplyMessage"><Id>1355907738499-20</Id><Topic><Title>THE LIGHT FROM OUR MOON</Title><Username>bapsycho</Username><Timestamp>1355880935897</Timestamp><DateTime>Tue, 2012-12-18 20:35:35 EST</DateTime></Topic><Msg>speaking of astronomy, once again, your head, is apparently stuck in Uranus</Msg><Username>panthers_108</Username><Timestamp>1355907738499</Timestamp><DateTime>Wed, 2012-12-19 04:02:18 EST</DateTime><ThumbUp>0</ThumbUp><ThumbDown>5</ThumbDown><Sentiment/></Message><Message type="TopicMessage"><Id>1355910135693-21</Id><Title>The cusotmer can wait for the new 737 apparently not! maybe less stock buyback more plane improvement</Title><Msg>Airbus is poised to win an order from Turkish low-cost carrier Pegasus Airlines, a longtime Boeing customer, for as many as 100 A320neo single-aisle aircraft, three people familiar with the talks said. Pegasus plans to take 75 planes on firm order, mixing A320neos and the larger A321neo variant, said two of the people, who asked not to be named because talks are private. Pegasus, with 42 Boeing 737s in its fleet, may make an announcement, including 25 options, as early as Tuesday, the people said. The A320neo is a variant of the existing A320 with more efficient engines and has helped Airbus persuade loyal Boeing customers to consider the alternative, making the aircraft the fastest-selling jet in aviation history. Boeing plans to deliver its competing 737 MAX in late 2017. The firm part of the Airbus order would have a value of about $8 billion</Msg><Username>waynedickenson961</Username><Timestamp>1355910135693</Timestamp><DateTime>Wed, 2012-12-19 04:42:15 EST</DateTime><ThumbUp>3</ThumbUp><ThumbDown>3</ThumbDown><Sentiment/></Message><Message type="ReplyMessage"><Id>1355911162141-22</Id><Topic><Title>Boeing Raises Dividend 10 Percent and Resumes $3.6 Billion Share Repurchase Program</Title><Username>retiredbill</Username><Timestamp>1355799156984</Timestamp><DateTime>Mon, 2012-12-17 21:52:36 EST</DateTime></Topic><Msg>Of note the Boeing CEO said the customer can wait for the 737 improved plane, that is for only one reason the executives are taking excessive pay from teh shareholder, and trying to go cheap like the 787. the result is Airbust keeps taking away the last money making plane of any real significance the 737 a totally SPEEA designed and IAM built plane . The corporate fail must be MD killing Boeing off in retailiation for being run to bankruptcy by a better Boeing Seattle run company up until the last good Boeing CEO T. Wilson, since then total failure of leadership. Boeing has been goingout of business since 1986, subsidy sure drags it out. Only one good plane, the 777 was built since the 1960 era. Boeing managment has simply paid themselves for failur for almost 30 years now. Wage and benefits are based in Seattle and not in China, if Boeing wants to compete with China at 50 dollar per month wage, then move to China, in Seattle the cost of living is more than 50 dollar per month. Aibust pays more wage and benefits make Obama care look weak . Vacation time is more for Airbust as is pensions, the only competition so far is airbust and other than actually stepping up to engineer new planes the comparison between Boeing is that the Boeing companyleadership is robbing the shareholders and giving nothing. the stock buyback increases teh EPS which is used to determin excessive executive pay and has been on the books since 2009 it will not help the stock price,the divident up 10% , nothing the tax just went from 15% on dividends to about 50% so that 10 % pay increase is a total loss. Kind of like incresing social security 1.5% and then incrresing medical donut hole and ss pay requriements nice story but the result is a net loss.</Msg><Username>waynedickenson961</Username><Timestamp>1355911162141</Timestamp><DateTime>Wed, 2012-12-19 04:59:22 EST</DateTime><ThumbUp>5</ThumbUp><ThumbDown>0</ThumbDown><Sentiment>Strong Sell</Sentiment></Message><Message type="ReplyMessage"><Id>1355913415509-23</Id><Topic><Title>This board is like watching The View</Title><Username>alangonquin11</Username><Timestamp>1355829785805</Timestamp><DateTime>Tue, 2012-12-18 06:23:05 EST</DateTime></Topic><Msg>Is that why he's so effeminate and emotional?</Msg><Username>harry_caul</Username><Timestamp>1355913415509</Timestamp><DateTime>Wed, 2012-12-19 05:36:55 EST</DateTime><ThumbUp>0</ThumbUp><ThumbDown>6</ThumbDown><Sentiment/></Message><Message type="ReplyMessage"><Id>1355913665964-24</Id><Topic><Title>Life is Dangerous.....Ban Everything !</Title><Username>spartacus67517</Username><Timestamp>1355886479309</Timestamp><DateTime>Tue, 2012-12-18 22:07:59 EST</DateTime></Topic><Msg>What do you think of the movie, The Drk Knght Rss?</Msg><Username>harry_caul</Username><Timestamp>1355913665964</Timestamp><DateTime>Wed, 2012-12-19 05:41:05 EST</DateTime><ThumbUp>0</ThumbUp><ThumbDown>6</ThumbDown><Sentiment/></Message><Message type="TopicMessage"><Id>1355918533189-25</Id><Title>Fitch Warns US Could Lose AAA If 'Fiscal Cliff' Hits****</Title><Msg>http://www.cnbc.com/id/100326843</Msg><Username>low_mac</Username><Timestamp>1355918533189</Timestamp><DateTime>Wed, 2012-12-19 07:02:13 EST</DateTime><ThumbUp>0</ThumbUp><ThumbDown>6</ThumbDown><Sentiment/></Message><Message type="ReplyMessage"><Id>1355918710142-26</Id><Topic><Title>Fitch Warns US Could Lose AAA If 'Fiscal Cliff' Hits****</Title><Username>low_mac</Username><Timestamp>1355918533189</Timestamp><DateTime>Wed, 2012-12-19 07:02:13 EST</DateTime></Topic><Msg>If that happens it is the GOPig that is 100% to blame.</Msg><Username>lucid_luke</Username><Timestamp>1355918710142</Timestamp><DateTime>Wed, 2012-12-19 07:05:10 EST</DateTime><ThumbUp>5</ThumbUp><ThumbDown>0</ThumbDown><Sentiment/></Message><Message type="ReplyMessage"><Id>1355920478061-27</Id><Topic><Title>Life is Dangerous.....Ban Everything !</Title><Username>spartacus67517</Username><Timestamp>1355886479309</Timestamp><DateTime>Tue, 2012-12-18 22:07:59 EST</DateTime></Topic><Msg>Cell phones give you brain cancer....I don't use one myself. Looks like you;ve been sticking one in your ear for a long long time</Msg><Username>spartacus67517</Username><Timestamp>1355920478061</Timestamp><DateTime>Wed, 2012-12-19 07:34:38 EST</DateTime><ThumbUp>0</ThumbUp><ThumbDown>7</ThumbDown><Sentiment/></Message><Message type="ReplyMessage"><Id>1355920913782-28</Id><Topic><Title>787 electrical failures</Title><Username>h_iamiam1</Username><Timestamp>1355892513587</Timestamp><DateTime>Tue, 2012-12-18 23:48:33 EST</DateTime></Topic><Msg>Has the problem been identified and fixed. Do they need to go back a and get the elecrical teathing pain out of the 50 planes built?</Msg><Username>art.constantine</Username><Timestamp>1355920913782</Timestamp><DateTime>Wed, 2012-12-19 07:41:53 EST</DateTime><ThumbUp>1</ThumbUp><ThumbDown>4</ThumbDown><Sentiment/></Message><Message type="ReplyMessage"><Id>1355920958151-29</Id><Topic><Title>Life is Dangerous.....Ban Everything !</Title><Username>spartacus67517</Username><Timestamp>1355886479309</Timestamp><DateTime>Tue, 2012-12-18 22:07:59 EST</DateTime></Topic><Msg>Liked the second one better...You know...Sometimes you have to sacrifice yourself for the greater good. .... A Dark Knight is the hero but no one knows it. The Third one seemed to be a warning about what happens when the people rise up in some sort of "Occupy Wall Street" revolt......propaganda in a sense....that only the rich can save us......In the end we need to save oureselves.</Msg><Username>spartacus67517</Username><Timestamp>1355920958151</Timestamp><DateTime>Wed, 2012-12-19 07:42:38 EST</DateTime><ThumbUp>0</ThumbUp><ThumbDown>9</ThumbDown><Sentiment/></Message><Message type="TopicMessage"><Id>1355921134550-30</Id><Title>BA might blow up tomorrow! This is the key reasons why.</Title><Msg>I just simply wanted to show this link with absolutely everyone... This newsletter has a newsletter with extensive research of fast moving small-cap stocks.... accountingsDOTbiz/BA</Msg><Username>rayford.roudabush</Username><Timestamp>1355921134550</Timestamp><DateTime>Wed, 2012-12-19 07:45:34 EST</DateTime><ThumbUp>12</ThumbUp><ThumbDown>10</ThumbDown><Sentiment/></Message><Message type="ReplyMessage"><Id>1355924543459-31</Id><Topic><Title>Life is Dangerous.....Ban Everything !</Title><Username>spartacus67517</Username><Timestamp>1355886479309</Timestamp><DateTime>Tue, 2012-12-18 22:07:59 EST</DateTime></Topic><Msg>"Sometimes you have to sacrifice yourself for the greater good." Be my guest.</Msg><Username>lucid_luke</Username><Timestamp>1355924543459</Timestamp><DateTime>Wed, 2012-12-19 08:42:23 EST</DateTime><ThumbUp>4</ThumbUp><ThumbDown>1</ThumbDown><Sentiment/></Message><Message type="ReplyMessage"><Id>1355926882406-32</Id><Topic><Title>787 electrical failures</Title><Username>h_iamiam1</Username><Timestamp>1355892513587</Timestamp><DateTime>Tue, 2012-12-18 23:48:33 EST</DateTime></Topic><Msg>h there already working on it!!! do you want them to call you personaly$$$$$</Msg><Username>tucsonlighting747</Username><Timestamp>1355926882406</Timestamp><DateTime>Wed, 2012-12-19 09:21:22 EST</DateTime><ThumbUp>0</ThumbUp><ThumbDown>6</ThumbDown><Sentiment>Strong Buy</Sentiment></Message><Message type="ReplyMessage"><Id>1355926917303-33</Id><Topic><Title>787 electrical failures</Title><Username>h_iamiam1</Username><Timestamp>1355892513587</Timestamp><DateTime>Tue, 2012-12-18 23:48:33 EST</DateTime></Topic><Msg>Artr it being handeled$$$</Msg><Username>tucsonlighting747</Username><Timestamp>1355926917303</Timestamp><DateTime>Wed, 2012-12-19 09:21:57 EST</DateTime><ThumbUp>0</ThumbUp><ThumbDown>5</ThumbDown><Sentiment>Strong Buy</Sentiment></Message><Message type="TopicMessage"><Id>1355930546709-34</Id><Title>snow in everett</Title><Msg>Plows just started onthe runway. Check paine field webcam. As of last nite, BA has delivered 37 planes. 30 737's. 2 747's. 1 767. 2 777's. 2 787.</Msg><Username>falmouthharbor</Username><Timestamp>1355930546709</Timestamp><DateTime>Wed, 2012-12-19 10:22:26 EST</DateTime><ThumbUp>1</ThumbUp><ThumbDown>5</ThumbDown><Sentiment/></Message><Message type="ReplyMessage"><Id>1355931195034-35</Id><Topic><Title>snow in everett</Title><Username>falmouthharbor</Username><Timestamp>1355930546709</Timestamp><DateTime>Wed, 2012-12-19 10:22:26 EST</DateTime></Topic><Msg>How'bout that mud slide in Everett where the hillside slide into the Burlington Northern?</Msg><Username>smalltowndude01</Username><Timestamp>1355931195034</Timestamp><DateTime>Wed, 2012-12-19 10:33:15 EST</DateTime><ThumbUp>2</ThumbUp><ThumbDown>5</ThumbDown><Sentiment/></Message><Message type="ReplyMessage"><Id>1355932410166-36</Id><Topic><Title>Life is Dangerous.....Ban Everything !</Title><Username>spartacus67517</Username><Timestamp>1355886479309</Timestamp><DateTime>Tue, 2012-12-18 22:07:59 EST</DateTime></Topic><Msg>u first</Msg><Username>spartacus67517</Username><Timestamp>1355932410166</Timestamp><DateTime>Wed, 2012-12-19 10:53:30 EST</DateTime><ThumbUp>0</ThumbUp><ThumbDown>6</ThumbDown><Sentiment/></Message><Message type="ReplyMessage"><Id>1355932558258-37</Id><Topic><Title>Life is Dangerous.....Ban Everything !</Title><Username>spartacus67517</Username><Timestamp>1355886479309</Timestamp><DateTime>Tue, 2012-12-18 22:07:59 EST</DateTime></Topic><Msg>Drug Use ? You mean when the CIA brings in the Pot from South America and Afganistn launders the money for wallstreet and then the DEA arrests the low level perpetrators ? There WILL be gun control but there will STILL be enough folks refusing to turn in guns to start a civil war...which is what the powers that be REALLY want anyway...and yet they willcry fake tears and make speeches about Peace....disgusting</Msg><Username>spartacus67517</Username><Timestamp>1355932558258</Timestamp><DateTime>Wed, 2012-12-19 10:55:58 EST</DateTime><ThumbUp>0</ThumbUp><ThumbDown>7</ThumbDown><Sentiment/></Message><Message type="ReplyMessage"><Id>1355932714876-38</Id><Topic><Title>NBCNews: Barack Obama named 2012 TIME Magazine Person of the Year.</Title><Username>hoozdik_hertz_333</Username><Timestamp>1355921383607</Timestamp><DateTime>Wed, 2012-12-19 07:49:43 EST</DateTime></Topic><Msg>A fine choice. Second place was that guy who recorded the Willard "47%" speech.</Msg><Username>orly_taint</Username><Timestamp>1355932714876</Timestamp><DateTime>Wed, 2012-12-19 10:58:34 EST</DateTime><ThumbUp>9</ThumbUp><ThumbDown>3</ThumbDown><Sentiment/></Message><Message type="ReplyMessage"><Id>1355932992568-39</Id><Topic><Title>This board is like watching The View</Title><Username>alangonquin11</Username><Timestamp>1355829785805</Timestamp><DateTime>Tue, 2012-12-18 06:23:05 EST</DateTime></Topic><Msg>jumbosca*ski: translate please.</Msg><Username>orly_taint</Username><Timestamp>1355932992568</Timestamp><DateTime>Wed, 2012-12-19 11:03:12 EST</DateTime><ThumbUp>5</ThumbUp><ThumbDown>0</ThumbDown><Sentiment/></Message><Message type="ReplyMessage"><Id>1355934849833-40</Id><Topic><Title>NBCNews: Barack Obama named 2012 TIME Magazine Person of the Year.</Title><Username>hoozdik_hertz_333</Username><Timestamp>1355921383607</Timestamp><DateTime>Wed, 2012-12-19 07:49:43 EST</DateTime></Topic><Msg>Awe inspiring...I see he shares the past award with such past luminaries as Joseph Stalin (who won it twice) and Adolph Hitler.....these three are certainly on the top of the list for doing the most to stifle freedom and circumvent the rule of law of any triumverate of indivuduals in the last century.</Msg><Username>spartacus67517</Username><Timestamp>1355934849833</Timestamp><DateTime>Wed, 2012-12-19 11:34:09 EST</DateTime><ThumbUp>4</ThumbUp><ThumbDown>8</ThumbDown><Sentiment/></Message><Message type="TopicMessage"><Id>1355935051624-41</Id><Title>I bought my Assault rifle a few years ago</Title><Msg>... and its been sitting in the safe ever since.... Not getting any use... Because, the rifle is not good for anything except shooting cans.... and i am not a collector... so if the government wants my rifle, they can have it... but i want top $$.</Msg><Username>stick.man007</Username><Timestamp>1355935051624</Timestamp><DateTime>Wed, 2012-12-19 11:37:31 EST</DateTime><ThumbUp>6</ThumbUp><ThumbDown>1</ThumbDown><Sentiment/></Message><Message type="ReplyMessage"><Id>1355935277438-42</Id><Topic><Title>Life is Dangerous.....Ban Everything !</Title><Username>spartacus67517</Username><Timestamp>1355886479309</Timestamp><DateTime>Tue, 2012-12-18 22:07:59 EST</DateTime></Topic><Msg>My my; you've certainly mastered the "lash out," Spart.</Msg><Username>chris_genna2</Username><Timestamp>1355935277438</Timestamp><DateTime>Wed, 2012-12-19 11:41:17 EST</DateTime><ThumbUp>2</ThumbUp><ThumbDown>1</ThumbDown><Sentiment/></Message><Message type="ReplyMessage"><Id>1355935596906-43</Id><Topic><Title>Life is Dangerous.....Ban Everything !</Title><Username>spartacus67517</Username><Timestamp>1355886479309</Timestamp><DateTime>Tue, 2012-12-18 22:07:59 EST</DateTime></Topic><Msg>What do you think of Analgonqueen?</Msg><Username>lucid_luke</Username><Timestamp>1355935596906</Timestamp><DateTime>Wed, 2012-12-19 11:46:36 EST</DateTime><ThumbUp>0</ThumbUp><ThumbDown>0</ThumbDown><Sentiment/></Message><Message type="ReplyMessage"><Id>1355935612682-44</Id><Topic><Title>I bought my Assault rifle a few years ago</Title><Username>stick.man007</Username><Timestamp>1355935051624</Timestamp><DateTime>Wed, 2012-12-19 11:37:31 EST</DateTime></Topic><Msg>Just out of curiousity, why did you buy it in the first place? You can shoot cans with a .22.</Msg><Username>oldbuck56</Username><Timestamp>1355935612682</Timestamp><DateTime>Wed, 2012-12-19 11:46:52 EST</DateTime><ThumbUp>5</ThumbUp><ThumbDown>0</ThumbDown><Sentiment/></Message><Message type="ReplyMessage"><Id>1355935759335-45</Id><Topic><Title>Life is Dangerous.....Ban Everything !</Title><Username>spartacus67517</Username><Timestamp>1355886479309</Timestamp><DateTime>Tue, 2012-12-18 22:07:59 EST</DateTime></Topic><Msg>I merely communicate down to the level of the person I talk to</Msg><Username>spartacus67517</Username><Timestamp>1355935759335</Timestamp><DateTime>Wed, 2012-12-19 11:49:19 EST</DateTime><ThumbUp>1</ThumbUp><ThumbDown>5</ThumbDown><Sentiment/></Message><Message type="ReplyMessage"><Id>1355936470254-46</Id><Topic><Title>I bought my Assault rifle a few years ago</Title><Username>stick.man007</Username><Timestamp>1355935051624</Timestamp><DateTime>Wed, 2012-12-19 11:37:31 EST</DateTime></Topic><Msg>cause its pretty and makes a lot of noise when you pull the button .. and i didnt buy it cause of the new world order thing</Msg><Username>stick.man007</Username><Timestamp>1355936470254</Timestamp><DateTime>Wed, 2012-12-19 12:01:10 EST</DateTime><ThumbUp>4</ThumbUp><ThumbDown>1</ThumbDown><Sentiment/></Message><Message type="ReplyMessage"><Id>1355937559013-47</Id><Topic><Title>Jamie Foxx "I kill all the white people" echos</Title><Username>team_hozomeen</Username><Timestamp>1355891900610</Timestamp><DateTime>Tue, 2012-12-18 23:38:20 EST</DateTime></Topic><Msg>Jamie Foxx and atitude like his is what keeps the hatred between the races alive and well in America today! Blacks still can't give up the bondage issue of a past that has long since been gone.</Msg><Username>sdmiller4747</Username><Timestamp>1355937559013</Timestamp><DateTime>Wed, 2012-12-19 12:19:19 EST</DateTime><ThumbUp>0</ThumbUp><ThumbDown>7</ThumbDown><Sentiment/></Message><Message type="ReplyMessage"><Id>1355938043998-48</Id><Topic><Title>This board is like watching The View</Title><Username>alangonquin11</Username><Timestamp>1355829785805</Timestamp><DateTime>Tue, 2012-12-18 06:23:05 EST</DateTime></Topic><Msg>What other things does Djumbot "hear?"</Msg><Username>georgewbushisachickenhawk</Username><Timestamp>1355938043998</Timestamp><DateTime>Wed, 2012-12-19 12:27:23 EST</DateTime><ThumbUp>3</ThumbUp><ThumbDown>1</ThumbDown><Sentiment/></Message><Message type="ReplyMessage"><Id>1355939122134-49</Id><Topic><Title>I bought my Assault rifle a few years ago</Title><Username>stick.man007</Username><Timestamp>1355935051624</Timestamp><DateTime>Wed, 2012-12-19 11:37:31 EST</DateTime></Topic><Msg>Just wondering - I'm a gun owner too and had a chance to get one a few years ago but didn't because I couldn't figure out what I'd do with it.</Msg><Username>oldbuck56</Username><Timestamp>1355939122134</Timestamp><DateTime>Wed, 2012-12-19 12:45:22 EST</DateTime><ThumbUp>5</ThumbUp><ThumbDown>0</ThumbDown><Sentiment/></Message><Message type="ReplyMessage"><Id>1355939912906-50</Id><Topic><Title>I bought my Assault rifle a few years ago</Title><Username>stick.man007</Username><Timestamp>1355935051624</Timestamp><DateTime>Wed, 2012-12-19 11:37:31 EST</DateTime></Topic><Msg>I am as liberal as they come and I own several guns. Pistols, rifles, shotguns. Nothing wrong with owning them. I don't own any huge magazines though.</Msg><Username>skunked.again</Username><Timestamp>1355939912906</Timestamp><DateTime>Wed, 2012-12-19 12:58:32 EST</DateTime><ThumbUp>4</ThumbUp><ThumbDown>2</ThumbDown><Sentiment/></Message><Message type="TopicMessage"><Id>1355940081452-51</Id><Title>Fiscal cliff snag</Title><Msg>Veto threatened</Msg><Username>fortuneking1</Username><Timestamp>1355940081452</Timestamp><DateTime>Wed, 2012-12-19 13:01:21 EST</DateTime><ThumbUp>2</ThumbUp><ThumbDown>1</ThumbDown><Sentiment/></Message><Message type="ReplyMessage"><Id>1355943935098-52</Id><Topic><Title>Obama man of the year after hking the price of gas and filling the pockets of his supporters and freinds</Title><Username>gregjanetommax</Username><Timestamp>1355941200873</Timestamp><DateTime>Wed, 2012-12-19 13:20:00 EST</DateTime></Topic><Msg>If you really believe the tripe you post, your have one sad, pathetic excuse for a brain.</Msg><Username>marxmoronic</Username><Timestamp>1355943935098</Timestamp><DateTime>Wed, 2012-12-19 14:05:35 EST</DateTime><ThumbUp>9</ThumbUp><ThumbDown>2</ThumbDown><Sentiment/></Message><Message type="ReplyMessage"><Id>1355944134761-53</Id><Topic><Title>Obama man of the year after hking the price of gas and filling the pockets of his supporters and freinds</Title><Username>gregjanetommax</Username><Timestamp>1355941200873</Timestamp><DateTime>Wed, 2012-12-19 13:20:00 EST</DateTime></Topic><Msg>Maybe his posts are a 'hokes.'</Msg><Username>instant_karma48</Username><Timestamp>1355944134761</Timestamp><DateTime>Wed, 2012-12-19 14:08:54 EST</DateTime><ThumbUp>9</ThumbUp><ThumbDown>2</ThumbDown><Sentiment>Hold</Sentiment></Message><Message type="ReplyMessage"><Id>1355945318963-54</Id><Topic><Title>Obama man of the year after hking the price of gas and filling the pockets of his supporters and freinds</Title><Username>gregjanetommax</Username><Timestamp>1355941200873</Timestamp><DateTime>Wed, 2012-12-19 13:20:00 EST</DateTime></Topic><Msg>I told ya...Media like MSNBC, the Intelligence community and the World central bankers are all in the same VERY VERY TIGHT club.....and YOU'RE NOT IN IT</Msg><Username>spartacus67517</Username><Timestamp>1355945318963</Timestamp><DateTime>Wed, 2012-12-19 14:28:38 EST</DateTime><ThumbUp>1</ThumbUp><ThumbDown>5</ThumbDown><Sentiment/></Message><Message type="ReplyMessage"><Id>1355945420738-55</Id><Topic><Title>NBCNews: Barack Obama named 2012 TIME Magazine Person of the Year.</Title><Username>hoozdik_hertz_333</Username><Timestamp>1355921383607</Timestamp><DateTime>Wed, 2012-12-19 07:49:43 EST</DateTime></Topic><Msg>Should have been willard. mittford....he did win by a landslide,.........ain't that right foxvda?</Msg><Username>imshockedshocked</Username><Timestamp>1355945420738</Timestamp><DateTime>Wed, 2012-12-19 14:30:20 EST</DateTime><ThumbUp>2</ThumbUp><ThumbDown>1</ThumbDown><Sentiment/></Message><Message type="ReplyMessage"><Id>1355945439213-56</Id><Topic><Title>I bought my Assault rifle a few years ago</Title><Username>stick.man007</Username><Timestamp>1355935051624</Timestamp><DateTime>Wed, 2012-12-19 11:37:31 EST</DateTime></Topic><Msg>Above poster: *****PAID TROLL ALERT*****</Msg><Username>spartacus67517</Username><Timestamp>1355945439213</Timestamp><DateTime>Wed, 2012-12-19 14:30:39 EST</DateTime><ThumbUp>0</ThumbUp><ThumbDown>5</ThumbDown><Sentiment/></Message><Message type="ReplyMessage"><Id>1355945447016-57</Id><Topic><Title>I bought my Assault rifle a few years ago</Title><Username>stick.man007</Username><Timestamp>1355935051624</Timestamp><DateTime>Wed, 2012-12-19 11:37:31 EST</DateTime></Topic><Msg>Above poster: *****PAID TROLL ALERT*****</Msg><Username>spartacus67517</Username><Timestamp>1355945447016</Timestamp><DateTime>Wed, 2012-12-19 14:30:47 EST</DateTime><ThumbUp>0</ThumbUp><ThumbDown>3</ThumbDown><Sentiment/></Message><Message type="ReplyMessage"><Id>1355945458511-58</Id><Topic><Title>I bought my Assault rifle a few years ago</Title><Username>stick.man007</Username><Timestamp>1355935051624</Timestamp><DateTime>Wed, 2012-12-19 11:37:31 EST</DateTime></Topic><Msg>Above poster: *****PAID TROLL ALERT*****</Msg><Username>spartacus67517</Username><Timestamp>1355945458511</Timestamp><DateTime>Wed, 2012-12-19 14:30:58 EST</DateTime><ThumbUp>0</ThumbUp><ThumbDown>5</ThumbDown><Sentiment/></Message><Message type="ReplyMessage"><Id>1355946092383-59</Id><Topic><Title>Obama man of the year after hking the price of gas and filling the pockets of his supporters and freinds</Title><Username>gregjanetommax</Username><Timestamp>1355941200873</Timestamp><DateTime>Wed, 2012-12-19 13:20:00 EST</DateTime></Topic><Msg>Price of gas has gone way down the last I checked. Must be Obama's fault.</Msg><Username>techpath2000</Username><Timestamp>1355946092383</Timestamp><DateTime>Wed, 2012-12-19 14:41:32 EST</DateTime><ThumbUp>3</ThumbUp><ThumbDown>1</ThumbDown><Sentiment/></Message><Message type="TopicMessage"><Id>1355946646473-60</Id><Title>"Lurch Ahead"</Title><Msg>In keeping with the Obama theme of "Forward" I think "Lurch Ahead" is perfectly suited for Kerry as part of the Obama team. As always be sure to let me know how you feel by selecting one of the thumb ratings.</Msg><Username>ali_infesto</Username><Timestamp>1355946646473</Timestamp><DateTime>Wed, 2012-12-19 14:50:46 EST</DateTime><ThumbUp>6</ThumbUp><ThumbDown>6</ThumbDown><Sentiment/></Message><Message type="ReplyMessage"><Id>1355946649938-61</Id><Topic><Title>I bought my Assault rifle a few years ago</Title><Username>stick.man007</Username><Timestamp>1355935051624</Timestamp><DateTime>Wed, 2012-12-19 11:37:31 EST</DateTime></Topic><Msg>hey maggot - Please do tell what does one such as you - do with your AR please note, i said your AR, - Not the NRA's AR, not Americas AR and not the worlds AR... but YOU!</Msg><Username>stick.man007</Username><Timestamp>1355946649938</Timestamp><DateTime>Wed, 2012-12-19 14:50:49 EST</DateTime><ThumbUp>3</ThumbUp><ThumbDown>1</ThumbDown><Sentiment/></Message><Message type="ReplyMessage"><Id>1355946954462-62</Id><Topic><Title>Life is Dangerous.....Ban Everything !</Title><Username>spartacus67517</Username><Timestamp>1355886479309</Timestamp><DateTime>Tue, 2012-12-18 22:07:59 EST</DateTime></Topic><Msg>loons like sparty are incapable of having adult discussions !</Msg><Username>stick.man007</Username><Timestamp>1355946954462</Timestamp><DateTime>Wed, 2012-12-19 14:55:54 EST</DateTime><ThumbUp>4</ThumbUp><ThumbDown>1</ThumbDown><Sentiment/></Message><Message type="TopicMessage"><Id>1355947929756-63</Id><Title>Fiscal cliff talks sour</Title><Msg>The climate of goodwill has soured since Republicans announced plans on Tuesday to put an alternative tax plan to a vote in the House this week that would largely disregard the progress made so far in negotiations.</Msg><Username>fortuneking1</Username><Timestamp>1355947929756</Timestamp><DateTime>Wed, 2012-12-19 15:12:09 EST</DateTime><ThumbUp>1</ThumbUp><ThumbDown>2</ThumbDown><Sentiment/></Message><Message type="ReplyMessage"><Id>1355948076298-64</Id><Topic><Title>Obama man of the year after hking the price of gas and filling the pockets of his supporters and freinds</Title><Username>gregjanetommax</Username><Timestamp>1355941200873</Timestamp><DateTime>Wed, 2012-12-19 13:20:00 EST</DateTime></Topic><Msg>I'm not in the Petroleum Club either -- but there's STILL no reason to envy mir. As Marx once said: "I wouldn't join any club that would have me as a member." Harharharhar</Msg><Username>chris_genna2</Username><Timestamp>1355948076298</Timestamp><DateTime>Wed, 2012-12-19 15:14:36 EST</DateTime><ThumbUp>3</ThumbUp><ThumbDown>0</ThumbDown><Sentiment/></Message><Message type="ReplyMessage"><Id>1355948794985-65</Id><Topic><Title>"Lurch Ahead"</Title><Username>ali_infesto</Username><Timestamp>1355946646473</Timestamp><DateTime>Wed, 2012-12-19 14:50:46 EST</DateTime></Topic><Msg>Good one !</Msg><Username>stick.man007</Username><Timestamp>1355948794985</Timestamp><DateTime>Wed, 2012-12-19 15:26:34 EST</DateTime><ThumbUp>3</ThumbUp><ThumbDown>2</ThumbDown><Sentiment/></Message><Message type="ReplyMessage"><Id>1355950025463-66</Id><Topic><Title>Obama man of the year after hking the price of gas and filling the pockets of his supporters and freinds</Title><Username>gregjanetommax</Username><Timestamp>1355941200873</Timestamp><DateTime>Wed, 2012-12-19 13:20:00 EST</DateTime></Topic><Msg>tripe? It is a known fact. Co's GIVEN to his supporters, billionaire supporters paid for by the tax payer. And when those co.'s went BK? Investors got screwed, and the billionaire got the money. That is a fact. Wanna tell us where all the $800 BBBBBBILLION of taxpayer money went from the stimulus bill? Obama admitted it did NOTHING to stimulate the economy. Black folks are crying, "where's the money?" They didn't get any of it as promised. So where'd it go?</Msg><Username>smalltowndude01</Username><Timestamp>1355950025463</Timestamp><DateTime>Wed, 2012-12-19 15:47:05 EST</DateTime><ThumbUp>1</ThumbUp><ThumbDown>3</ThumbDown><Sentiment/></Message><Message type="ReplyMessage"><Id>1355950793037-67</Id><Topic><Title>"Lurch Ahead"</Title><Username>ali_infesto</Username><Timestamp>1355946646473</Timestamp><DateTime>Wed, 2012-12-19 14:50:46 EST</DateTime></Topic><Msg>That made laugh and was a good one. Took you long enough. :-)</Msg><Username>ali_infesto</Username><Timestamp>1355950793037</Timestamp><DateTime>Wed, 2012-12-19 15:59:53 EST</DateTime><ThumbUp>1</ThumbUp><ThumbDown>3</ThumbDown><Sentiment/></Message><Message type="ReplyMessage"><Id>1355951582667-68</Id><Topic><Title>NBCNews: Barack Obama named 2012 TIME Magazine Person of the Year.</Title><Username>hoozdik_hertz_333</Username><Timestamp>1355921383607</Timestamp><DateTime>Wed, 2012-12-19 07:49:43 EST</DateTime></Topic><Msg>hmmm 1938 Hitler 1939 Stalin 1942 Stalin 1979 Khomeini</Msg><Username>jetstream_2010</Username><Timestamp>1355951582667</Timestamp><DateTime>Wed, 2012-12-19 16:13:02 EST</DateTime><ThumbUp>1</ThumbUp><ThumbDown>4</ThumbDown><Sentiment/></Message><Message type="ReplyMessage"><Id>1355952492900-69</Id><Topic><Title>NBCNews: Barack Obama named 2012 TIME Magazine Person of the Year.</Title><Username>hoozdik_hertz_333</Username><Timestamp>1355921383607</Timestamp><DateTime>Wed, 2012-12-19 07:49:43 EST</DateTime></Topic><Msg>"Wow" is right. Majority of people who admit they know nothing about politics or govenment in general admit voting for "O" because he seems like a nice guy.</Msg><Username>db0865</Username><Timestamp>1355952492900</Timestamp><DateTime>Wed, 2012-12-19 16:28:12 EST</DateTime><ThumbUp>1</ThumbUp><ThumbDown>3</ThumbDown><Sentiment/></Message><Message type="ReplyMessage"><Id>1355952699393-70</Id><Topic><Title>NBCNews: Barack Obama named 2012 TIME Magazine Person of the Year.</Title><Username>hoozdik_hertz_333</Username><Timestamp>1355921383607</Timestamp><DateTime>Wed, 2012-12-19 07:49:43 EST</DateTime></Topic><Msg>Don't be jealous now. All of those guys are dead.</Msg><Username>chris_genna2</Username><Timestamp>1355952699393</Timestamp><DateTime>Wed, 2012-12-19 16:31:39 EST</DateTime><ThumbUp>2</ThumbUp><ThumbDown>1</ThumbDown><Sentiment/></Message><Message type="ReplyMessage"><Id>1355952782073-71</Id><Topic><Title>NBCNews: Barack Obama named 2012 TIME Magazine Person of the Year.</Title><Username>hoozdik_hertz_333</Username><Timestamp>1355921383607</Timestamp><DateTime>Wed, 2012-12-19 07:49:43 EST</DateTime></Topic><Msg>You forgot 2007 Putin</Msg><Username>donwshuper50</Username><Timestamp>1355952782073</Timestamp><DateTime>Wed, 2012-12-19 16:33:02 EST</DateTime><ThumbUp>0</ThumbUp><ThumbDown>2</ThumbDown><Sentiment/></Message><Message type="ReplyMessage"><Id>1355953608552-72</Id><Topic><Title>I bought my Assault rifle a few years ago</Title><Username>stick.man007</Username><Timestamp>1355935051624</Timestamp><DateTime>Wed, 2012-12-19 11:37:31 EST</DateTime></Topic><Msg>You should have bought a bb gun for can plinking because the most harm you could probably do would be blind someone! Than again in the wrong hands the bb gun could slaughter many song birds!</Msg><Username>natsu4fun</Username><Timestamp>1355953608552</Timestamp><DateTime>Wed, 2012-12-19 16:46:48 EST</DateTime><ThumbUp>3</ThumbUp><ThumbDown>2</ThumbDown><Sentiment/></Message><Message type="ReplyMessage"><Id>1355954549645-73</Id><Topic><Title>I bought my Assault rifle a few years ago</Title><Username>stick.man007</Username><Timestamp>1355935051624</Timestamp><DateTime>Wed, 2012-12-19 11:37:31 EST</DateTime></Topic><Msg>***PAID TROLL ALERT**** (and I do mean PAID to write the excrment he posts)</Msg><Username>spartacus67517</Username><Timestamp>1355954549645</Timestamp><DateTime>Wed, 2012-12-19 17:02:29 EST</DateTime><ThumbUp>0</ThumbUp><ThumbDown>4</ThumbDown><Sentiment/></Message><Message type="ReplyMessage"><Id>1355954838335-74</Id><Topic><Title>I bought my Assault rifle a few years ago</Title><Username>stick.man007</Username><Timestamp>1355935051624</Timestamp><DateTime>Wed, 2012-12-19 11:37:31 EST</DateTime></Topic><Msg>‘If Chris Matthews Could Carry Barack Obama’s Next Child, He Would’ natsu4fun, you love him so much you would,too, wouldn't you?</Msg><Username>greedyoilbastards</Username><Timestamp>1355954838335</Timestamp><DateTime>Wed, 2012-12-19 17:07:18 EST</DateTime><ThumbUp>0</ThumbUp><ThumbDown>5</ThumbDown><Sentiment/></Message><Message type="ReplyMessage"><Id>1355955090214-75</Id><Topic><Title>I bought my Assault rifle a few years ago</Title><Username>stick.man007</Username><Timestamp>1355935051624</Timestamp><DateTime>Wed, 2012-12-19 11:37:31 EST</DateTime></Topic><Msg>These assault rifles shoot .22 ammo, most of them. The attraction is in the looks, the Swartzenagger "mow'um down look" like I could hold off 50 bad guys with this thing. They go to bed at nite with a smile on their face dreaming about using them. I am an avid hunter, and own a number of hunting guns, BUT...a saw from the getgo the PR nitemare these things could cause for gun ownership. These large clip guns that hold a lot of ammo will be banned. It won't do any good, but they will be regulated.</Msg><Username>smalltowndude01</Username><Timestamp>1355955090214</Timestamp><DateTime>Wed, 2012-12-19 17:11:30 EST</DateTime><ThumbUp>2</ThumbUp><ThumbDown>3</ThumbDown><Sentiment/></Message><Message type="TopicMessage"><Id>1355955400653-76</Id><Title>I believe in the 2nd ammendment!</Title><Msg>A well regulated Militia, being necessary to the security of a free State, the right of the people to keep and bear Arms We need some regulation in the regulated militia! Also is a militia some sort of highly regulated and well trained state or town army type unit?</Msg><Username>natsu4fun</Username><Timestamp>1355955400653</Timestamp><DateTime>Wed, 2012-12-19 17:16:40 EST</DateTime><ThumbUp>6</ThumbUp><ThumbDown>1</ThumbDown><Sentiment/></Message><Message type="ReplyMessage"><Id>1355955463188-77</Id><Topic><Title>NBCNews: Barack Obama named 2012 TIME Magazine Person of the Year.</Title><Username>hoozdik_hertz_333</Username><Timestamp>1355921383607</Timestamp><DateTime>Wed, 2012-12-19 07:49:43 EST</DateTime></Topic><Msg>LOL ! and I don't mean 'lots of luck'.</Msg><Username>greedyoilbastards</Username><Timestamp>1355955463188</Timestamp><DateTime>Wed, 2012-12-19 17:17:43 EST</DateTime><ThumbUp>0</ThumbUp><ThumbDown>6</ThumbDown><Sentiment/></Message><Message type="ReplyMessage"><Id>1355955498974-78</Id><Topic><Title>Life is Dangerous.....Ban Everything !</Title><Username>spartacus67517</Username><Timestamp>1355886479309</Timestamp><DateTime>Tue, 2012-12-18 22:07:59 EST</DateTime></Topic><Msg>Above individual ***PAID TROLL ALERT*** This has been a public service announcement</Msg><Username>spartacus67517</Username><Timestamp>1355955498974</Timestamp><DateTime>Wed, 2012-12-19 17:18:18 EST</DateTime><ThumbUp>0</ThumbUp><ThumbDown>6</ThumbDown><Sentiment/></Message><Message type="ReplyMessage"><Id>1355955537664-79</Id><Topic><Title>NBCNews: Barack Obama named 2012 TIME Magazine Person of the Year.</Title><Username>hoozdik_hertz_333</Username><Timestamp>1355921383607</Timestamp><DateTime>Wed, 2012-12-19 07:49:43 EST</DateTime></Topic><Msg>George W Bush 2000, George W Bush 2004</Msg><Username>jetstream_2010</Username><Timestamp>1355955537664</Timestamp><DateTime>Wed, 2012-12-19 17:18:57 EST</DateTime><ThumbUp>1</ThumbUp><ThumbDown>5</ThumbDown><Sentiment/></Message><Message type="ReplyMessage"><Id>1355955674518-80</Id><Topic><Title>This board is like watching The View</Title><Username>alangonquin11</Username><Timestamp>1355829785805</Timestamp><DateTime>Tue, 2012-12-18 06:23:05 EST</DateTime></Topic><Msg>****Above poster is a Paid Troll****</Msg><Username>spartacus67517</Username><Timestamp>1355955674518</Timestamp><DateTime>Wed, 2012-12-19 17:21:14 EST</DateTime><ThumbUp>0</ThumbUp><ThumbDown>5</ThumbDown><Sentiment/></Message><Message type="ReplyMessage"><Id>1355955805400-81</Id><Topic><Title>I bought my Assault rifle a few years ago</Title><Username>stick.man007</Username><Timestamp>1355935051624</Timestamp><DateTime>Wed, 2012-12-19 11:37:31 EST</DateTime></Topic><Msg>weak response little man - and i do mean little !!</Msg><Username>stick.man007</Username><Timestamp>1355955805400</Timestamp><DateTime>Wed, 2012-12-19 17:23:25 EST</DateTime><ThumbUp>5</ThumbUp><ThumbDown>1</ThumbDown><Sentiment/></Message><Message type="ReplyMessage"><Id>1355955880844-82</Id><Topic><Title>I believe in the 2nd ammendment!</Title><Username>natsu4fun</Username><Timestamp>1355955400653</Timestamp><DateTime>Wed, 2012-12-19 17:16:40 EST</DateTime></Topic><Msg>Natsu: "is a militia some sort of highly regulated and well trained state or town army type unit?" Let the founding fathers tell you what a milita is...in fact one of the writers of the second amendment himself: ----------------------------------------------------- "I ask, Sir, what is the militia? It is the whole people. To disarm the people is the best and most effectual way to enslave them." George Mason Co-author of the Second Amendment during Virginia's Convention to Ratify the Constitution, 1788 -------------------------------------------------------------------------------- "A militia, when properly formed, are in fact the people themselves …" Richard Henry Lee writing in Letters from the Federal Farmer to the Republic, Letter XVIII, May, 1788. .</Msg><Username>spartacus67517</Username><Timestamp>1355955880844</Timestamp><DateTime>Wed, 2012-12-19 17:24:40 EST</DateTime><ThumbUp>0</ThumbUp><ThumbDown>6</ThumbDown><Sentiment/></Message><Message type="TopicMessage"><Id>1355956130338-83</Id><Title>Tell that Tea Party Wannabee Obama</Title><Msg>He did not get re-elected to propose a chained CPI to avoid the fiscal cliff! The only thing the voters want changed on Social Security is to remove the very unfair FICA Tax Cap and have "Everyone pay FICA tax on all incomes"</Msg><Username>natsu4fun</Username><Timestamp>1355956130338</Timestamp><DateTime>Wed, 2012-12-19 17:28:50 EST</DateTime><ThumbUp>7</ThumbUp><ThumbDown>0</ThumbDown><Sentiment/></Message><Message type="ReplyMessage"><Id>1355956190395-84</Id><Topic><Title>I bought my Assault rifle a few years ago</Title><Username>stick.man007</Username><Timestamp>1355935051624</Timestamp><DateTime>Wed, 2012-12-19 11:37:31 EST</DateTime></Topic><Msg>Paid trolll alert! HAHAHA Sounds like ol Spart has thrown in the towel, and can not debate me without getting his lunch handed to him. HAHAHA No, I am no paid shill, only a gun owner that has some commonsense, and saw, long ago where these assault rifles were headed.</Msg><Username>smalltowndude01</Username><Timestamp>1355956190395</Timestamp><DateTime>Wed, 2012-12-19 17:29:50 EST</DateTime><ThumbUp>3</ThumbUp><ThumbDown>3</ThumbDown><Sentiment/></Message><Message type="TopicMessage"><Id>1355956226481-85</Id><Title>People like spartacus are a distraction to Real Americans</Title><Msg>the little man cannot be taken serious.... he is utterly clueless on how to combat the new world order !!</Msg><Username>stick.man007</Username><Timestamp>1355956226481</Timestamp><DateTime>Wed, 2012-12-19 17:30:26 EST</DateTime><ThumbUp>4</ThumbUp><ThumbDown>1</ThumbDown><Sentiment/></Message><Message type="ReplyMessage"><Id>1355956476135-86</Id><Topic><Title>I believe in the 2nd ammendment!</Title><Username>natsu4fun</Username><Timestamp>1355955400653</Timestamp><DateTime>Wed, 2012-12-19 17:16:40 EST</DateTime></Topic><Msg>~~"A militia, when properly formed, are in fact the people themselves …"~~ Yes exactly and that means the people can join a state guard unit practice drilling and even march in parades! ~~"I ask, Sir, what is the militia? It is the whole people~~ Yes exactly the whole population that qualifies may join the state or town guard!</Msg><Username>natsu4fun</Username><Timestamp>1355956476135</Timestamp><DateTime>Wed, 2012-12-19 17:34:36 EST</DateTime><ThumbUp>6</ThumbUp><ThumbDown>0</ThumbDown><Sentiment/></Message><Message type="TopicMessage"><Id>1355956562425-87</Id><Title>What is a Militia...?</Title><Msg>we'll... i can say for Certain... it is not One individual hunkered down (coward down) in his bunker loaded with 47 Assault rifles... then exclaiming his right to bear arms !</Msg><Username>stick.man007</Username><Timestamp>1355956562425</Timestamp><DateTime>Wed, 2012-12-19 17:36:02 EST</DateTime><ThumbUp>4</ThumbUp><ThumbDown>1</ThumbDown><Sentiment/></Message><Message type="ReplyMessage"><Id>1355956608240-88</Id><Topic><Title>I believe in the 2nd ammendment!</Title><Username>natsu4fun</Username><Timestamp>1355955400653</Timestamp><DateTime>Wed, 2012-12-19 17:16:40 EST</DateTime></Topic><Msg>' We need some regulation in the regulated militia ' Agree !</Msg><Username>stick.man007</Username><Timestamp>1355956608240</Timestamp><DateTime>Wed, 2012-12-19 17:36:48 EST</DateTime><ThumbUp>6</ThumbUp><ThumbDown>1</ThumbDown><Sentiment/></Message><Message type="TopicMessage"><Id>1355956864064-89</Id><Title>Those guys from Red Dawn !!</Title><Msg>how did they win the battle against the red army.... when they had no Assault rifles to begin with... eh?</Msg><Username>stick.man007</Username><Timestamp>1355956864064</Timestamp><DateTime>Wed, 2012-12-19 17:41:04 EST</DateTime><ThumbUp>4</ThumbUp><ThumbDown>3</ThumbDown><Sentiment/></Message><Message type="ReplyMessage"><Id>1355956980750-90</Id><Topic><Title>I believe in the 2nd ammendment!</Title><Username>natsu4fun</Username><Timestamp>1355955400653</Timestamp><DateTime>Wed, 2012-12-19 17:16:40 EST</DateTime></Topic><Msg>Too narrow...the founders meant EVERYONE...WE THE PEOPLE...regardless if you wear a uniform or not.....I see I'll have to show you even MORE: "The people (ALL OF US) are not to be disarmed of their weapons. They are left in full posession of them." Zachariah Johnson Elliot's Debates, vol. 3 "The Debates in the Several State Conventions on the Adoption of the Federal Constitution." -------------------------------------------------------------------------------- "… the people(ALL OF US) are confirmed by the next article in their right to keep and bear their private arms" Philadelphia Federal Gazette June 18, 1789, Pg. 2, Col. 2 Article on the Bill of Rights -------------------------------------------------------------------------------- "And that the said Constitution be never construed to authorize Congress to infringe the just liberty of the Press, or the rights of Conscience; or to prevent the people (ALL OF US)of the United States, who are peaceable citizens, from keeping their own arms; …" Samuel Adams quoted in the Philadelphia Independent Gazetteer, August 20, 1789, "Propositions submitted to the Convention of this State" -------------------------------------------------------------------------------- The Founding Fathers on Arms "Firearms stand next in importance to the constitution itself. They are the American people's (ALL OF US) liberty teeth and keystone under independence … from the hour the Pilgrims landed to the present day, events, occurences and tendencies prove that to ensure peace security and happiness, the rifle and pistol are equally indispensable … the very atmosphere of firearms anywhere restrains evil interference — they deserve a place of honor with all that's good." George Washington First President of the United States -------------------------------------------------------------------------------- "To preserve liberty, it is essential that the whole body of the people always possess arms and be taught alike, especially when young, how to use them." Richard Henry Lee American Statesman, 1788 -------------------------------------------------------------------------------- "The great object is that every man be armed." and "Everyone who is able may have a gun." Patrick Henry American Patriot Notice he said "every man" -------------------------------------------------------------------------------- "Are we at last brought to such humiliating and debasing degradation, that we cannot be trusted with arms for our defense? Where is the difference between having our arms in possession and under our direction and having them under the management of Congress? If our defense be the real object of having those arms, in whose hands can they be trusted with more propriety, or equal safety to us, as in our own hands?" Patrick Henry American Patriot -------------------------------------------------------------------------------- "Those who hammer their guns into plowshares will plow for those who do not." Thomas Jefferson Third President of the United States -------------------------------------------------------------------------------- "The constitutions of most of our States assert that all power is inherent in the people; that … it is their right and duty to be at all times armed; … " Thomas Jefferson letter to Justice John Cartwright, June 5, 1824. ME 16:45. -------------------------------------------------------------------------------- "The best we can help for concerning the people at large is that they be properly armed." Alexander Hamilton The Federalist Papers at 184-8</Msg><Username>spartacus67517</Username><Timestamp>1355956980750</Timestamp><DateTime>Wed, 2012-12-19 17:43:00 EST</DateTime><ThumbUp>0</ThumbUp><ThumbDown>6</ThumbDown><Sentiment/></Message><Message type="ReplyMessage"><Id>1355957193885-91</Id><Topic><Title>I bought my Assault rifle a few years ago</Title><Username>stick.man007</Username><Timestamp>1355935051624</Timestamp><DateTime>Wed, 2012-12-19 11:37:31 EST</DateTime></Topic><Msg>So you admit you are a paid troll ?</Msg><Username>spartacus67517</Username><Timestamp>1355957193885</Timestamp><DateTime>Wed, 2012-12-19 17:46:33 EST</DateTime><ThumbUp>0</ThumbUp><ThumbDown>5</ThumbDown><Sentiment/></Message><Message type="ReplyMessage"><Id>1355957363890-92</Id><Topic><Title>I bought my Assault rifle a few years ago</Title><Username>stick.man007</Username><Timestamp>1355935051624</Timestamp><DateTime>Wed, 2012-12-19 11:37:31 EST</DateTime></Topic><Msg>Go away Dip****.</Msg><Username>oldbuck56</Username><Timestamp>1355957363890</Timestamp><DateTime>Wed, 2012-12-19 17:49:23 EST</DateTime><ThumbUp>5</ThumbUp><ThumbDown>0</ThumbDown><Sentiment/></Message><Message type="ReplyMessage"><Id>1355957516874-93</Id><Topic><Title>I bought my Assault rifle a few years ago</Title><Username>stick.man007</Username><Timestamp>1355935051624</Timestamp><DateTime>Wed, 2012-12-19 11:37:31 EST</DateTime></Topic><Msg>Go away. Doesn't it bother you that most people think you are absolutely NUTS?</Msg><Username>oldbuck56</Username><Timestamp>1355957516874</Timestamp><DateTime>Wed, 2012-12-19 17:51:56 EST</DateTime><ThumbUp>6</ThumbUp><ThumbDown>0</ThumbDown><Sentiment/></Message><Message type="ReplyMessage"><Id>1355957590747-94</Id><Topic><Title>What is a Militia...?</Title><Username>stick.man007</Username><Timestamp>1355956562425</Timestamp><DateTime>Wed, 2012-12-19 17:36:02 EST</DateTime></Topic><Msg>****PAID TROLL ALERT*****</Msg><Username>spartacus67517</Username><Timestamp>1355957590747</Timestamp><DateTime>Wed, 2012-12-19 17:53:10 EST</DateTime><ThumbUp>0</ThumbUp><ThumbDown>4</ThumbDown><Sentiment/></Message><Message type="ReplyMessage"><Id>1355957734541-95</Id><Topic><Title>Those guys from Red Dawn !!</Title><Username>stick.man007</Username><Timestamp>1355956864064</Timestamp><DateTime>Wed, 2012-12-19 17:41:04 EST</DateTime></Topic><Msg>*****PAID TROLL ALERT*****</Msg><Username>spartacus67517</Username><Timestamp>1355957734541</Timestamp><DateTime>Wed, 2012-12-19 17:55:34 EST</DateTime><ThumbUp>2</ThumbUp><ThumbDown>5</ThumbDown><Sentiment/></Message><Message type="ReplyMessage"><Id>1355957852588-96</Id><Topic><Title>Those guys from Red Dawn !!</Title><Username>stick.man007</Username><Timestamp>1355956864064</Timestamp><DateTime>Wed, 2012-12-19 17:41:04 EST</DateTime></Topic><Msg>You embarrass yourself by posting such nutty stuff.</Msg><Username>oldbuck56</Username><Timestamp>1355957852588</Timestamp><DateTime>Wed, 2012-12-19 17:57:32 EST</DateTime><ThumbUp>5</ThumbUp><ThumbDown>2</ThumbDown><Sentiment/></Message><Message type="ReplyMessage"><Id>1355957962047-97</Id><Topic><Title>Those guys from Red Dawn !!</Title><Username>stick.man007</Username><Timestamp>1355956864064</Timestamp><DateTime>Wed, 2012-12-19 17:41:04 EST</DateTime></Topic><Msg>"Firearms stand next in importance to the constitution itself. They are the American people's liberty teeth and keystone under independence … from the hour the Pilgrims landed to the present day, events, occurences and tendencies prove that to ensure peace security and happiness, the rifle and pistol are equally indispensable … the very atmosphere of firearms anywhere restrains evil interference — they deserve a place of honor with all that's good." George Washington First President of the United States</Msg><Username>spartacus67517</Username><Timestamp>1355957962047</Timestamp><DateTime>Wed, 2012-12-19 17:59:22 EST</DateTime><ThumbUp>3</ThumbUp><ThumbDown>7</ThumbDown><Sentiment/></Message><Message type="ReplyMessage"><Id>1355957997572-98</Id><Topic><Title>Those guys from Red Dawn !!</Title><Username>stick.man007</Username><Timestamp>1355956864064</Timestamp><DateTime>Wed, 2012-12-19 17:41:04 EST</DateTime></Topic><Msg>"The great object is that every man be armed." and "Everyone who is able may have a gun." Patrick Henry American Patriot</Msg><Username>spartacus67517</Username><Timestamp>1355957997572</Timestamp><DateTime>Wed, 2012-12-19 17:59:57 EST</DateTime><ThumbUp>3</ThumbUp><ThumbDown>6</ThumbDown><Sentiment/></Message><Message type="TopicMessage"><Id>1355958005385-99</Id><Title>Same losers stiil posting on BA board</Title><Msg>Show some respect for the babies that got murdered, gunslingers.</Msg><Username>wutangbk2</Username><Timestamp>1355958005385</Timestamp><DateTime>Wed, 2012-12-19 18:00:05 EST</DateTime><ThumbUp>5</ThumbUp><ThumbDown>0</ThumbDown><Sentiment/></Message><Message type="ReplyMessage"><Id>1355958141945-100</Id><Topic><Title>Same losers stiil posting on BA board</Title><Username>wutangbk2</Username><Timestamp>1355958005385</Timestamp><DateTime>Wed, 2012-12-19 18:00:05 EST</DateTime></Topic><Msg>"This year will go down in history. For the first time, a civilized nation has full gun registration. Our streets will be safer, our police more efficient, and the world will follow our lead into the future!" Adolph Hitler Chancellor, Germany, 1933</Msg><Username>spartacus67517</Username><Timestamp>1355958141945</Timestamp><DateTime>Wed, 2012-12-19 18:02:21 EST</DateTime><ThumbUp>2</ThumbUp><ThumbDown>6</ThumbDown><Sentiment/></Message><Message type="ReplyMessage"><Id>1355958155791-101</Id><Topic><Title>Those guys from Red Dawn !!</Title><Username>stick.man007</Username><Timestamp>1355956864064</Timestamp><DateTime>Wed, 2012-12-19 17:41:04 EST</DateTime></Topic><Msg>Spart was told by his Special Ed teacher to send up a Red Alert when anyone asks him to accept anything knowing they are talking to a mentally unarmed person.</Msg><Username>smalltowndude01</Username><Timestamp>1355958155791</Timestamp><DateTime>Wed, 2012-12-19 18:02:35 EST</DateTime><ThumbUp>3</ThumbUp><ThumbDown>6</ThumbDown><Sentiment/></Message><Message type="TopicMessage"><Id>1355958158419-102</Id><Title>Show some respect for the babies that got murdered, gunslingers.</Title><Msg>Don't bury your head. Help find solutions</Msg><Username>wutangbk2</Username><Timestamp>1355958158419</Timestamp><DateTime>Wed, 2012-12-19 18:02:38 EST</DateTime><ThumbUp>5</ThumbUp><ThumbDown>1</ThumbDown><Sentiment/></Message><Message type="ReplyMessage"><Id>1355958301777-103</Id><Topic><Title>Show some respect for the babies that got murdered, gunslingers.</Title><Username>wutangbk2</Username><Timestamp>1355958158419</Timestamp><DateTime>Wed, 2012-12-19 18:02:38 EST</DateTime></Topic><Msg>Yes..by ALL means ...let us find solutions to achieve the Socialist paradise to wit: "Our main agenda is to have all guns banned. We must use whatever means possible. It doesn't matter if you have to distort the facts or even lie. Our task of creating a socialist America can only succeed when those who would resist us have been totally disarmed." Sara Brady Chairman, Handgun Control Inc, to Senator Howard Metzenbaum The National Educator, January 1994, Page 3.</Msg><Username>spartacus67517</Username><Timestamp>1355958301777</Timestamp><DateTime>Wed, 2012-12-19 18:05:01 EST</DateTime><ThumbUp>1</ThumbUp><ThumbDown>7</ThumbDown><Sentiment/></Message><Message type="ReplyMessage"><Id>1355958847391-104</Id><Topic><Title>What is a Militia...?</Title><Username>stick.man007</Username><Timestamp>1355956562425</Timestamp><DateTime>Wed, 2012-12-19 17:36:02 EST</DateTime></Topic><Msg>"A militia, when properly formed, are in fact the people themselves …" Richard Henry Lee writing in Letters from the Federal Farmer to the Republic, Letter XVIII, May, 1788.</Msg><Username>spartacus67517</Username><Timestamp>1355958847391</Timestamp><DateTime>Wed, 2012-12-19 18:14:07 EST</DateTime><ThumbUp>1</ThumbUp><ThumbDown>6</ThumbDown><Sentiment/></Message><Message type="ReplyMessage"><Id>1355958919312-105</Id><Topic><Title>Those guys from Red Dawn !!</Title><Username>stick.man007</Username><Timestamp>1355956864064</Timestamp><DateTime>Wed, 2012-12-19 17:41:04 EST</DateTime></Topic><Msg>No he does not.</Msg><Username>greedyoilbastards</Username><Timestamp>1355958919312</Timestamp><DateTime>Wed, 2012-12-19 18:15:19 EST</DateTime><ThumbUp>1</ThumbUp><ThumbDown>7</ThumbDown><Sentiment/></Message><Message type="TopicMessage"><Id>1355959008931-106</Id><Title>Hillary being accused of lying about illness to avoid testifying on Benghazi.</Title><Msg>State dept. denies. This is the same state department that lied about protesters and other events at Benghazi. At Hillary's direction.</Msg><Username>h_iamiam1</Username><Timestamp>1355959008931</Timestamp><DateTime>Wed, 2012-12-19 18:16:48 EST</DateTime><ThumbUp>3</ThumbUp><ThumbDown>7</ThumbDown><Sentiment/></Message><Message type="ReplyMessage"><Id>1355959392718-107</Id><Topic><Title>Hillary being accused of lying about illness to avoid testifying on Benghazi.</Title><Username>h_iamiam1</Username><Timestamp>1355959008931</Timestamp><DateTime>Wed, 2012-12-19 18:16:48 EST</DateTime></Topic><Msg>Just ignore the allegation which was made by a loser Puke. They have been exposed as making wild accusations about everyone who isn't a fellow Puke.</Msg><Username>oldbuck56</Username><Timestamp>1355959392718</Timestamp><DateTime>Wed, 2012-12-19 18:23:12 EST</DateTime><ThumbUp>8</ThumbUp><ThumbDown>1</ThumbDown><Sentiment/></Message><Message type="ReplyMessage"><Id>1355959570054-108</Id><Topic><Title>Hillary being accused of lying about illness to avoid testifying on Benghazi.</Title><Username>h_iamiam1</Username><Timestamp>1355959008931</Timestamp><DateTime>Wed, 2012-12-19 18:16:48 EST</DateTime></Topic><Msg>Bill and Hilary repeatedly lied about Filegate, Travelgate, Dead Body Trail .....Whitewatergate ...A couple of pathological liars, so it comes easy to them.</Msg><Username>greedyoilbastards</Username><Timestamp>1355959570054</Timestamp><DateTime>Wed, 2012-12-19 18:26:10 EST</DateTime><ThumbUp>1</ThumbUp><ThumbDown>9</ThumbDown><Sentiment/></Message><Message type="ReplyMessage"><Id>1355959672608-109</Id><Topic><Title>Those guys from Red Dawn !!</Title><Username>stick.man007</Username><Timestamp>1355956864064</Timestamp><DateTime>Wed, 2012-12-19 17:41:04 EST</DateTime></Topic><Msg>Just to let you know...these same few guys (like stickman) go from board to board stating the same #$%$ over and over again...and trying to disrupt REAL posters. This is a public service announcement</Msg><Username>spartacus67517</Username><Timestamp>1355959672608</Timestamp><DateTime>Wed, 2012-12-19 18:27:52 EST</DateTime><ThumbUp>2</ThumbUp><ThumbDown>7</ThumbDown><Sentiment/></Message><Message type="TopicMessage"><Id>1355959863322-110</Id><Title>More Americans Want School Officials Armed Than Assault Weapons Banned</Title><Msg>More Americans Want School Officials Armed Than Assault Weapons Banned Gallup December 19, 2012 PRINCETON, NJ — Americans are most likely to say that an increased police presence at schools, increased government spending on mental health screening and treatment, and decreased depiction of gun violence in entertainment venues would be effective in preventing mass shootings at schools. Americans rate the potential effectiveness of a ban on assault and semi-automatic guns as fourth on a list of six actions Gallup asked about.</Msg><Username>spartacus67517</Username><Timestamp>1355959863322</Timestamp><DateTime>Wed, 2012-12-19 18:31:03 EST</DateTime><ThumbUp>2</ThumbUp><ThumbDown>9</ThumbDown><Sentiment/></Message><Message type="ReplyMessage"><Id>1355960964914-111</Id><Topic><Title>Those guys from Red Dawn !!</Title><Username>stick.man007</Username><Timestamp>1355956864064</Timestamp><DateTime>Wed, 2012-12-19 17:41:04 EST</DateTime></Topic><Msg>And spartapoop NEVER blathered the same #$%$ over and over and over and over and over and over and over and over and over and over and over and over and over and over again. EVER. NOTHING about a birth certificate and the new world order and Sheriff Joe and Orly and Kenya and Obama would resign and Hillary and and and and . . . . .</Msg><Username>sammy.shakedown</Username><Timestamp>1355960964914</Timestamp><DateTime>Wed, 2012-12-19 18:49:24 EST</DateTime><ThumbUp>7</ThumbUp><ThumbDown>0</ThumbDown><Sentiment/></Message><Message type="ReplyMessage"><Id>1355961048329-112</Id><Topic><Title>Those guys from Red Dawn !!</Title><Username>stick.man007</Username><Timestamp>1355956864064</Timestamp><DateTime>Wed, 2012-12-19 17:41:04 EST</DateTime></Topic><Msg>"Sparty is a kook and needs help." Sammy American Patriot</Msg><Username>sammy.shakedown</Username><Timestamp>1355961048329</Timestamp><DateTime>Wed, 2012-12-19 18:50:48 EST</DateTime><ThumbUp>7</ThumbUp><ThumbDown>1</ThumbDown><Sentiment/></Message><Message type="ReplyMessage"><Id>1355961296513-113</Id><Topic><Title>Obama man of the year after hking the price of gas and filling the pockets of his supporters and freinds</Title><Username>gregjanetommax</Username><Timestamp>1355941200873</Timestamp><DateTime>Wed, 2012-12-19 13:20:00 EST</DateTime></Topic><Msg>Mir's Petroleum Club: that type of frequent flyer like deal somebody gets from Jiffy Lube or whatever. Get 6 oil changes, next one is free.</Msg><Username>sammy.shakedown</Username><Timestamp>1355961296513</Timestamp><DateTime>Wed, 2012-12-19 18:54:56 EST</DateTime><ThumbUp>6</ThumbUp><ThumbDown>0</ThumbDown><Sentiment/></Message><Message type="TopicMessage"><Id>1355961736000-114</Id><Title>Society</Title><Msg>Time to #$%$ the damage that leftists like hooz have done to destroy our society, and bring about mass murders that recently happened. Someone could write a lengthy book on all the damage folks like hooz have done.</Msg><Username>smalltowndude01</Username><Timestamp>1355961736000</Timestamp><DateTime>Wed, 2012-12-19 19:02:16 EST</DateTime><ThumbUp>3</ThumbUp><ThumbDown>14</ThumbDown><Sentiment/></Message><Message type="ReplyMessage"><Id>1355962569700-115</Id><Topic><Title>Society</Title><Username>smalltowndude01</Username><Timestamp>1355961736000</Timestamp><DateTime>Wed, 2012-12-19 19:02:16 EST</DateTime></Topic><Msg>You're probably worried that your guns will be taken away because gun ownership restrictions will most likely be put on people with mental illness.</Msg><Username>oldbuck56</Username><Timestamp>1355962569700</Timestamp><DateTime>Wed, 2012-12-19 19:16:09 EST</DateTime><ThumbUp>7</ThumbUp><ThumbDown>2</ThumbDown><Sentiment/></Message><Message type="ReplyMessage"><Id>1355963597847-116</Id><Topic><Title>The Founding Fathers</Title><Username>hoozdik_hertz_333</Username><Timestamp>1355961996574</Timestamp><DateTime>Wed, 2012-12-19 19:06:36 EST</DateTime></Topic><Msg>the City with the most stringent gun control laws (Chicago) has the highest murder rate Mayor Rahm Emanuel attended funerals for 260 public school kids over the last 3 years -- where was the lib outrage?</Msg><Username>jetstream_2010</Username><Timestamp>1355963597847</Timestamp><DateTime>Wed, 2012-12-19 19:33:17 EST</DateTime><ThumbUp>1</ThumbUp><ThumbDown>8</ThumbDown><Sentiment/></Message><Message type="ReplyMessage"><Id>1355964290183-117</Id><Topic><Title>The Founding Fathers</Title><Username>hoozdik_hertz_333</Username><Timestamp>1355961996574</Timestamp><DateTime>Wed, 2012-12-19 19:06:36 EST</DateTime></Topic><Msg>LOL...Great post...Notice the potypical liberal poster (I choke at it because taking liberty is NOT liberal) NEVER mentions all the kids killed overseas in the Bush/Obama wars. Notice he never brought up the kids killed by abortions...notice he never brought up the fact that mass shooting have been flat for the past 20 years.....(and most of those were gang killings)....Its time to get it straight. This is an agenda...every single liberty in the bill of rights is under attack...and for the traitors to REALLY have their way with us they have to take the guns.</Msg><Username>spartacus67517</Username><Timestamp>1355964290183</Timestamp><DateTime>Wed, 2012-12-19 19:44:50 EST</DateTime><ThumbUp>1</ThumbUp><ThumbDown>8</ThumbDown><Sentiment/></Message><Message type="ReplyMessage"><Id>1355964521957-118</Id><Topic><Title>More Americans Want School Officials Armed Than Assault Weapons Banned</Title><Username>spartacus67517</Username><Timestamp>1355959863322</Timestamp><DateTime>Wed, 2012-12-19 18:31:03 EST</DateTime></Topic><Msg>I never picked Romeny...never even voted for him....both Romney and OBama are working for the same criminals...no substantive difference in liberty between the two.....btw...the above is a Gallup poll that includes ALL the people....Here is a simple idea if you want a more sane solution...hire retired police officers to work security in schools...They can even be clandestine and wear custodial outfits so no one is alarmed.......</Msg><Username>spartacus67517</Username><Timestamp>1355964521957</Timestamp><DateTime>Wed, 2012-12-19 19:48:41 EST</DateTime><ThumbUp>0</ThumbUp><ThumbDown>7</ThumbDown><Sentiment/></Message><Message type="ReplyMessage"><Id>1355965207935-119</Id><Topic><Title>More Americans Want School Officials Armed Than Assault Weapons Banned</Title><Username>spartacus67517</Username><Timestamp>1355959863322</Timestamp><DateTime>Wed, 2012-12-19 18:31:03 EST</DateTime></Topic><Msg>There is no legitimate reason for Sparty to have any weapon.</Msg><Username>mbfield50</Username><Timestamp>1355965207935</Timestamp><DateTime>Wed, 2012-12-19 20:00:07 EST</DateTime><ThumbUp>8</ThumbUp><ThumbDown>0</ThumbDown><Sentiment/></Message><Message type="TopicMessage"><Id>1355965872018-120</Id><Title>Would you give up your right to buy a assault rifle</Title><Msg>If it also kept a mentally ill person from getting a assault rifle and killing your family while you were at work or bowling or elsewhere? Please tell the truth!</Msg><Username>gin.haruko</Username><Timestamp>1355965872018</Timestamp><DateTime>Wed, 2012-12-19 20:11:12 EST</DateTime><ThumbUp>7</ThumbUp><ThumbDown>1</ThumbDown><Sentiment/></Message><Message type="ReplyMessage"><Id>1355966023439-121</Id><Topic><Title>The Founding Fathers</Title><Username>hoozdik_hertz_333</Username><Timestamp>1355961996574</Timestamp><DateTime>Wed, 2012-12-19 19:06:36 EST</DateTime></Topic><Msg>Is it REALLY the same thing that 26 kids killed at a school...by ANY estimation an extremly rare event...the same thing as the MILLIONS of unborn killed...YES KILLED since there is no other word for it ... really the same thing ? Do you REALLY want to claim that is more outlandish.. I remember Joe Stalin...your spiritual mentor...once said a small member of people killed is a tragedy....Millions of killed is a statistic.</Msg><Username>spartacus67517</Username><Timestamp>1355966023439</Timestamp><DateTime>Wed, 2012-12-19 20:13:43 EST</DateTime><ThumbUp>1</ThumbUp><ThumbDown>9</ThumbDown><Sentiment/></Message><Message type="ReplyMessage"><Id>1355966207484-122</Id><Topic><Title>More Americans Want School Officials Armed Than Assault Weapons Banned</Title><Username>spartacus67517</Username><Timestamp>1355959863322</Timestamp><DateTime>Wed, 2012-12-19 18:31:03 EST</DateTime></Topic><Msg>The Air Force trusted me with Nuclear Weapons.....I doubt no one else on this board can say that</Msg><Username>spartacus67517</Username><Timestamp>1355966207484</Timestamp><DateTime>Wed, 2012-12-19 20:16:47 EST</DateTime><ThumbUp>0</ThumbUp><ThumbDown>10</ThumbDown><Sentiment/></Message><Message type="ReplyMessage"><Id>1355966841373-123</Id><Topic><Title>The Founding Fathers</Title><Username>hoozdik_hertz_333</Username><Timestamp>1355961996574</Timestamp><DateTime>Wed, 2012-12-19 19:06:36 EST</DateTime></Topic><Msg>I notice that the Dik never brought up the Kids killed by The Kenyans endless wars in Afganistan...not a lot of phony tears for those kids</Msg><Username>spartacus67517</Username><Timestamp>1355966841373</Timestamp><DateTime>Wed, 2012-12-19 20:27:21 EST</DateTime><ThumbUp>1</ThumbUp><ThumbDown>8</ThumbDown><Sentiment/></Message><Message type="ReplyMessage"><Id>1355967104435-124</Id><Topic><Title>NBCNews: Barack Obama named 2012 TIME Magazine Person of the Year.</Title><Username>hoozdik_hertz_333</Username><Timestamp>1355921383607</Timestamp><DateTime>Wed, 2012-12-19 07:49:43 EST</DateTime></Topic><Msg>Poor poor Time Magazine! They are so irrelevant! Truly dripping with Liberal Bias!</Msg><Username>sdmiller4747</Username><Timestamp>1355967104435</Timestamp><DateTime>Wed, 2012-12-19 20:31:44 EST</DateTime><ThumbUp>1</ThumbUp><ThumbDown>10</ThumbDown><Sentiment/></Message><Message type="ReplyMessage"><Id>1355967198994-125</Id><Topic><Title>Right-wing author, the "Daily Show" host has helped "drive [God] out of our society"</Title><Username>hoozdik_hertz_333</Username><Timestamp>1355963975117</Timestamp><DateTime>Wed, 2012-12-19 19:39:35 EST</DateTime></Topic><Msg>~~~~~"drive [God] out of our society"~~~~ The main reason God is being driven out of our society is from the groups that change god to their positions and liking! I am sure the "Real Jesus" is not the same as the "republican jesus with the imprimatur of Ayn Rand Philosophies! I am also sure Muhammad teachings were really different than what the taliban says they were! So what is sadly lost is good religions to serve the interests of the most ungodly!</Msg><Username>gin.haruko</Username><Timestamp>1355967198994</Timestamp><DateTime>Wed, 2012-12-19 20:33:18 EST</DateTime><ThumbUp>12</ThumbUp><ThumbDown>1</ThumbDown><Sentiment/></Message><Message type="ReplyMessage"><Id>1355967637963-126</Id><Topic><Title>Hillary being accused of lying about illness to avoid testifying on Benghazi.</Title><Username>h_iamiam1</Username><Timestamp>1355959008931</Timestamp><DateTime>Wed, 2012-12-19 18:16:48 EST</DateTime></Topic><Msg>I can't get sued if I say that Hillary is a pathological liar just like her husband can I? It's crazy how these kind of people always make it to Washington! Who can the American people trust if they can't trust their own elected?</Msg><Username>sdmiller4747</Username><Timestamp>1355967637963</Timestamp><DateTime>Wed, 2012-12-19 20:40:37 EST</DateTime><ThumbUp>0</ThumbUp><ThumbDown>11</ThumbDown><Sentiment/></Message><Message type="ReplyMessage"><Id>1355968179269-127</Id><Topic><Title>Society</Title><Username>smalltowndude01</Username><Timestamp>1355961736000</Timestamp><DateTime>Wed, 2012-12-19 19:02:16 EST</DateTime></Topic><Msg>Your wittnessing a Giant PSYOP...as a tragedy is manipulated for political end....They KNOW there are LARGE segments of society, such as veterans, that will never turn in guns and it will trigger a civil war. Then you will REALLY see violence.</Msg><Username>spartacus67517</Username><Timestamp>1355968179269</Timestamp><DateTime>Wed, 2012-12-19 20:49:39 EST</DateTime><ThumbUp>1</ThumbUp><ThumbDown>11</ThumbDown><Sentiment/></Message><Message type="ReplyMessage"><Id>1355968760261-128</Id><Topic><Title>The Founding Fathers</Title><Username>hoozdik_hertz_333</Username><Timestamp>1355961996574</Timestamp><DateTime>Wed, 2012-12-19 19:06:36 EST</DateTime></Topic><Msg>Now that the Dik found something our founding Fathers state that the Dik can twist for the Dim cause, they must have ben right all along eh? Poor, pitiful Dim Dik! Not an original thought in the Dik parrots head!</Msg><Username>badolt</Username><Timestamp>1355968760261</Timestamp><DateTime>Wed, 2012-12-19 20:59:20 EST</DateTime><ThumbUp>0</ThumbUp><ThumbDown>9</ThumbDown><Sentiment/></Message><Message type="ReplyMessage"><Id>1355968939332-129</Id><Topic><Title>The Founding Fathers</Title><Username>hoozdik_hertz_333</Username><Timestamp>1355961996574</Timestamp><DateTime>Wed, 2012-12-19 19:06:36 EST</DateTime></Topic><Msg>Dik pretending to understand why his W_O_N wants taxpayer funded abortions. "Together"?..."Together"?... Funny shiot right there!</Msg><Username>badolt</Username><Timestamp>1355968939332</Timestamp><DateTime>Wed, 2012-12-19 21:02:19 EST</DateTime><ThumbUp>0</ThumbUp><ThumbDown>8</ThumbDown><Sentiment/></Message><Message type="TopicMessage"><Id>1355969009770-130</Id><Title>GOOGLE OATHKEEPERS</Title><Msg>Read carefully....what happens over the next 4 years may have never before happenned in the US... Assault Weapons ban is Treason...Declaring Wars without Congress approval is TREASON...NDAA and loss of Habeus Corpus is TREASON.... Its all HAPPENNING ...Veterans and OTHER Public officials who took an oath to defend their families and to defend the constitution are the last line of defense. Time to take our Oath seriously</Msg><Username>spartacus67517</Username><Timestamp>1355969009770</Timestamp><DateTime>Wed, 2012-12-19 21:03:29 EST</DateTime><ThumbUp>0</ThumbUp><ThumbDown>9</ThumbDown><Sentiment/></Message><Message type="ReplyMessage"><Id>1355969095173-131</Id><Topic><Title>The Founding Fathers</Title><Username>hoozdik_hertz_333</Username><Timestamp>1355961996574</Timestamp><DateTime>Wed, 2012-12-19 19:06:36 EST</DateTime></Topic><Msg>I see Barry just wants to EXECUTIVE ORDER a ban onsemi auto guns...are you in favor of that kind of end run around Congress ?</Msg><Username>spartacus67517</Username><Timestamp>1355969095173</Timestamp><DateTime>Wed, 2012-12-19 21:04:55 EST</DateTime><ThumbUp>0</ThumbUp><ThumbDown>9</ThumbDown><Sentiment/></Message><Message type="ReplyMessage"><Id>1355969149309-132</Id><Topic><Title>Show some respect for the babies that got murdered, gunslingers.</Title><Username>wutangbk2</Username><Timestamp>1355958158419</Timestamp><DateTime>Wed, 2012-12-19 18:02:38 EST</DateTime></Topic><Msg>bump!</Msg><Username>spartacus67517</Username><Timestamp>1355969149309</Timestamp><DateTime>Wed, 2012-12-19 21:05:49 EST</DateTime><ThumbUp>0</ThumbUp><ThumbDown>7</ThumbDown><Sentiment/></Message><Message type="TopicMessage"><Id>1355969329825-133</Id><Title>Anyone Crying for the Kids Killed by False Flag "Fast and Furious" ?</Title><Msg>Anyone Crying for the Kids Killed by False Flag "Fast and Furious" ? You know...when Eric Holder gave guns to American Drug Lords as a pretext for demonizing the second amendment ? Notice the Socilalists and the Govt run media arent mentioning it</Msg><Username>spartacus67517</Username><Timestamp>1355969329825</Timestamp><DateTime>Wed, 2012-12-19 21:08:49 EST</DateTime><ThumbUp>3</ThumbUp><ThumbDown>9</ThumbDown><Sentiment/></Message><Message type="ReplyMessage"><Id>1355970626464-134</Id><Topic><Title>Society</Title><Username>smalltowndude01</Username><Timestamp>1355961736000</Timestamp><DateTime>Wed, 2012-12-19 19:02:16 EST</DateTime></Topic><Msg>Do you think it will come to Obama not only banning the SALE of Semi Auto weapons that he will call for CONFISCATION ? Answer that and I will answer YOU</Msg><Username>spartacus67517</Username><Timestamp>1355970626464</Timestamp><DateTime>Wed, 2012-12-19 21:30:26 EST</DateTime><ThumbUp>0</ThumbUp><ThumbDown>10</ThumbDown><Sentiment/></Message><Message type="ReplyMessage"><Id>1355971004814-135</Id><Topic><Title>NBCNews: Barack Obama named 2012 TIME Magazine Person of the Year.</Title><Username>hoozdik_hertz_333</Username><Timestamp>1355921383607</Timestamp><DateTime>Wed, 2012-12-19 07:49:43 EST</DateTime></Topic><Msg>This all began with a little infatuation over a intelligent black man with personality plus. From infatuation to the demise of the Republic, my how quickly this all happened!</Msg><Username>sdmiller4747</Username><Timestamp>1355971004814</Timestamp><DateTime>Wed, 2012-12-19 21:36:44 EST</DateTime><ThumbUp>1</ThumbUp><ThumbDown>8</ThumbDown><Sentiment/></Message><Message type="ReplyMessage"><Id>1355971135627-136</Id><Topic><Title>The Founding Fathers</Title><Username>hoozdik_hertz_333</Username><Timestamp>1355961996574</Timestamp><DateTime>Wed, 2012-12-19 19:06:36 EST</DateTime></Topic><Msg>Whomever you plagiarized the above from without giving attribution I can state with confidence what the "Militia" REALLY WAS...We the People....If you need more quotes from the founding fahters..including the first guy WHO WROTE THE SECOND AMENDMENT..let me know Man you're ignorant. ------------------------------------------------------------------------------------- "I ask, Sir, what is the militia? It is the whole people. To disarm the people is the best and most effectual way to enslave them." George Mason Co-author of the Second Amendment during Virginia's Convention to Ratify the Constitution, 1788 -------------------------------------------------------------------------------- "A militia, when properly formed, are in fact the people themselves …" Richard Henry Lee writing in Letters from the Federal Farmer to the Republic, Letter XVIII, May, 1788. -------------------------------------------------------------------------------- "The people are not to be disarmed of their weapons. They are left in full posession of them." Zachariah Johnson Elliot's Debates, vol. 3 "The Debates in the Several State Conventions on the Adoption of the Federal Constitution."</Msg><Username>spartacus67517</Username><Timestamp>1355971135627</Timestamp><DateTime>Wed, 2012-12-19 21:38:55 EST</DateTime><ThumbUp>0</ThumbUp><ThumbDown>5</ThumbDown><Sentiment/></Message><Message type="ReplyMessage"><Id>1355971311710-137</Id><Topic><Title>Anyone Crying for the Kids Killed by False Flag "Fast and Furious" ?</Title><Username>spartacus67517</Username><Timestamp>1355969329825</Timestamp><DateTime>Wed, 2012-12-19 21:08:49 EST</DateTime></Topic><Msg>I see Barry just wants to EXECUTIVE ORDER a ban on semi auto guns EVEN IF CONGRESS SAYS NO...I guess after the latest string of PSYOPs and false flags the Globalists are in favor of a United Nations Gun ban are on a full court press to get our guns.... you spineless punks REALLY in favor of that kind of end run around Congress ?</Msg><Username>spartacus67517</Username><Timestamp>1355971311710</Timestamp><DateTime>Wed, 2012-12-19 21:41:51 EST</DateTime><ThumbUp>2</ThumbUp><ThumbDown>7</ThumbDown><Sentiment/></Message><Message type="ReplyMessage"><Id>1355971359386-138</Id><Topic><Title>GOOGLE OATHKEEPERS</Title><Username>spartacus67517</Username><Timestamp>1355969009770</Timestamp><DateTime>Wed, 2012-12-19 21:03:29 EST</DateTime></Topic><Msg>bump!!!!</Msg><Username>spartacus67517</Username><Timestamp>1355971359386</Timestamp><DateTime>Wed, 2012-12-19 21:42:39 EST</DateTime><ThumbUp>0</ThumbUp><ThumbDown>5</ThumbDown><Sentiment/></Message><Message type="ReplyMessage"><Id>1355971733405-139</Id><Topic><Title>NBCNews: Barack Obama named 2012 TIME Magazine Person of the Year.</Title><Username>hoozdik_hertz_333</Username><Timestamp>1355921383607</Timestamp><DateTime>Wed, 2012-12-19 07:49:43 EST</DateTime></Topic><Msg>Most of the Obama Cult members would jump over a cliff if they were asked. Whatever is popular and trendy is FAR more important then bedrock American principles of self defense, independece from Government encroachment and REAL freedoms encapsulated in the greatest document ever written...the Bill of Rights....We are LOSING IT ALL RIGHT NOW BEFORE OUR VERY EYES. Authoritarian foreign banks and a Shadow Government with good looking black guy who can read a teleprompter well acting as their puppet have taken over....You folks had better grow up.</Msg><Username>spartacus67517</Username><Timestamp>1355971733405</Timestamp><DateTime>Wed, 2012-12-19 21:48:53 EST</DateTime><ThumbUp>2</ThumbUp><ThumbDown>7</ThumbDown><Sentiment/></Message><Message type="ReplyMessage"><Id>1355971921177-140</Id><Topic><Title>More Americans Want School Officials Armed Than Assault Weapons Banned</Title><Username>spartacus67517</Username><Timestamp>1355959863322</Timestamp><DateTime>Wed, 2012-12-19 18:31:03 EST</DateTime></Topic><Msg>bump!!!!!! bump it hard</Msg><Username>spartacus67517</Username><Timestamp>1355971921177</Timestamp><DateTime>Wed, 2012-12-19 21:52:01 EST</DateTime><ThumbUp>0</ThumbUp><ThumbDown>7</ThumbDown><Sentiment/></Message><Message type="ReplyMessage"><Id>1355972391693-141</Id><Topic><Title>Show some respect for the babies that got murdered, gunslingers.</Title><Username>wutangbk2</Username><Timestamp>1355958158419</Timestamp><DateTime>Wed, 2012-12-19 18:02:38 EST</DateTime></Topic><Msg>bump it to the top !!!!!</Msg><Username>spartacus67517</Username><Timestamp>1355972391693</Timestamp><DateTime>Wed, 2012-12-19 21:59:51 EST</DateTime><ThumbUp>0</ThumbUp><ThumbDown>7</ThumbDown><Sentiment/></Message><Message type="TopicMessage"><Id>1355973696267-142</Id><Title>Reuters Calls for Obama to Act as Dictator to Ban Guns</Title><Msg>In a shocking article that seems to completely toss the Constitution out the window, Reuters announced President Obama’s official dictatorship in a story it published yesterday, “Even Without Congress, Obama Could Act to Restrict Guns.” The subheading begins, “Unburdened by re-election worries and empowered by law to act without Congress, U.S. President Barack Obama could take action…” Because he has won a second term, the story points out that, “Obama does not need to fear alienating voters who favor gun rights” and that he can, “press ahead without lawmakers” to pass executive orders restricting our 2nd Amendment rights. According to this story, it’s official: America is under an admitted dictatorship. This country’s government is supposed to have a system of checks and balances, with three branches of government to keep the balance of power in check—executive, legislative and judicial. America is not limited to an executive branch that controls everything. The Reuters story continues, “His administration has the power to issue executive orders or new rules, options that Obama is likely to consider in combination with possible new laws.” So, let’s get this straight: Obama’s administration—a body that is administrative in nature only—now has the “power” to issue not only executive orders which completely circumvent Congress, but “new rules” as well. Where in the Constitution are “rules” mentioned? Reuters also discusses the fact that Obama U.S. Justice Department appointees have been busy “studying ideas” for gun control since Representative Gabrielle Giffords was shot at a public meeting she held last year.</Msg><Username>spartacus67517</Username><Timestamp>1355973696267</Timestamp><DateTime>Wed, 2012-12-19 22:21:36 EST</DateTime><ThumbUp>0</ThumbUp><ThumbDown>6</ThumbDown><Sentiment/></Message><Message type="ReplyMessage"><Id>1355973738076-143</Id><Topic><Title>NBCNews: Barack Obama named 2012 TIME Magazine Person of the Year.</Title><Username>hoozdik_hertz_333</Username><Timestamp>1355921383607</Timestamp><DateTime>Wed, 2012-12-19 07:49:43 EST</DateTime></Topic><Msg>"We are LOSING IT ALL RIGHT NOW BEFORE OUR VERY EYES." It is now confirmed that Spartaloon uses "we" like Queen Victoria. It is well established that poor Sparty flew the coop a few years ago, recovered a little, and is now in full relapse.</Msg><Username>demsfascists666</Username><Timestamp>1355973738076</Timestamp><DateTime>Wed, 2012-12-19 22:22:18 EST</DateTime><ThumbUp>6</ThumbUp><ThumbDown>1</ThumbDown><Sentiment/></Message><Message type="ReplyMessage"><Id>1355973868204-144</Id><Topic><Title>NBCNews: Barack Obama named 2012 TIME Magazine Person of the Year.</Title><Username>hoozdik_hertz_333</Username><Timestamp>1355921383607</Timestamp><DateTime>Wed, 2012-12-19 07:49:43 EST</DateTime></Topic><Msg>Why is 666 uses as a suffix on your "nam de plum"? Do you have delusions of being Mephistophelies ? Beat it idiot</Msg><Username>spartacus67517</Username><Timestamp>1355973868204</Timestamp><DateTime>Wed, 2012-12-19 22:24:28 EST</DateTime><ThumbUp>1</ThumbUp><ThumbDown>6</ThumbDown><Sentiment/></Message><Message type="ReplyMessage"><Id>1355974799903-145</Id><Topic><Title>NBCNews: Barack Obama named 2012 TIME Magazine Person of the Year.</Title><Username>hoozdik_hertz_333</Username><Timestamp>1355921383607</Timestamp><DateTime>Wed, 2012-12-19 07:49:43 EST</DateTime></Topic><Msg>Easy there, Sparty. I think somebody hit the proverbial nail on the proverbial head. Yours, in fact. You are cracked up. Get help. You are a kook; loon; goofus; insane; unhinged; goofy.</Msg><Username>iamtheonetruespaz666</Username><Timestamp>1355974799903</Timestamp><DateTime>Wed, 2012-12-19 22:39:59 EST</DateTime><ThumbUp>5</ThumbUp><ThumbDown>1</ThumbDown><Sentiment/></Message><Message type="ReplyMessage"><Id>1355974956486-146</Id><Topic><Title>More Americans Want School Officials Armed Than Assault Weapons Banned</Title><Username>spartacus67517</Username><Timestamp>1355959863322</Timestamp><DateTime>Wed, 2012-12-19 18:31:03 EST</DateTime></Topic><Msg>Pulling weeds outside of a silo is not being "trusted" with nukes. Changing oil in a general's car is not being "trusted" with nukes. Get help.</Msg><Username>iamtheonetruespaz666</Username><Timestamp>1355974956486</Timestamp><DateTime>Wed, 2012-12-19 22:42:36 EST</DateTime><ThumbUp>6</ThumbUp><ThumbDown>0</ThumbDown><Sentiment/></Message><Message type="ReplyMessage"><Id>1355975161812-147</Id><Topic><Title>Anyone Crying for the Kids Killed by False Flag "Fast and Furious" ?</Title><Username>spartacus67517</Username><Timestamp>1355969329825</Timestamp><DateTime>Wed, 2012-12-19 21:08:49 EST</DateTime></Topic><Msg>Before asking Congress to ban our firearms, President Obama should order his Justice Department to get back all the guns his administration allowed to be walked into Mexico under Operation Fast and Furious,” the Citizens Committee for the Right to Keep and Bear Arms said today. CCRKBA Chairman Alan Gottlieb noted that some 2,000 guns were allowed to fall into criminal hands by the Bureau of Alcohol, Tobacco, Firearms and Explosives. Those guns are still showing up at crime scenes including, as CBS News reported, the attack that killed Mexican beauty queen Maria Susana Flores Gamez. “The Citizens Committee has just learned that Senator Charles Grassley is asking Inspector General Michael Horwitz to investigate how a firearm apparently purchased by a BATF special agent in Phoenix more than two years ago was recently recovered at a Mexican crime scene,” Gottlieb said. “It is bad enough that the agency let criminal suspects literally walk guns into Mexico, but to find a gun apparently linked directly to a BATF official at a Mexican crime scene is an outrage. “Guns linked to Fast and Furious have accounted for more than 200 deaths in Mexico and the United States, including Border Patrol agent Brian Terry,” he added. “While the nation mourns for the innocent children and heroic teachers and administrators at Sandy Hook Elementary, the Obama administration should not be penalizing America’s law-abiding gun owners when it has yet to answer for the incredible irresponsibility of its own agency.</Msg><Username>spartacus67517</Username><Timestamp>1355975161812</Timestamp><DateTime>Wed, 2012-12-19 22:46:01 EST</DateTime><ThumbUp>1</ThumbUp><ThumbDown>7</ThumbDown><Sentiment/></Message><Message type="ReplyMessage"><Id>1355976527218-148</Id><Topic><Title>Anyone Crying for the Kids Killed by False Flag "Fast and Furious" ?</Title><Username>spartacus67517</Username><Timestamp>1355969329825</Timestamp><DateTime>Wed, 2012-12-19 21:08:49 EST</DateTime></Topic><Msg>Nope, and they found another weapon today, or yesterday, at a murder scene near the border. A weapon provided the drug lords by Obama, and Holder.</Msg><Username>smalltowndude01</Username><Timestamp>1355976527218</Timestamp><DateTime>Wed, 2012-12-19 23:08:47 EST</DateTime><ThumbUp>1</ThumbUp><ThumbDown>7</ThumbDown><Sentiment/></Message><Message type="ReplyMessage"><Id>1355977304293-149</Id><Topic><Title>Man who ALMOSt went on shooting spree STOPPED by a man with a gun</Title><Username>spartacus67517</Username><Timestamp>1355976779166</Timestamp><DateTime>Wed, 2012-12-19 23:12:59 EST</DateTime></Topic><Msg>pure bullsh.t- considering the number of guns in the hands of civilians and events like this are so rare as to be insignificant</Msg><Username>father_zosima</Username><Timestamp>1355977304293</Timestamp><DateTime>Wed, 2012-12-19 23:21:44 EST</DateTime><ThumbUp>6</ThumbUp><ThumbDown>2</ThumbDown><Sentiment/></Message><Message type="ReplyMessage"><Id>1355977432284-150</Id><Topic><Title>Anyone Crying for the Kids Killed by False Flag "Fast and Furious" ?</Title><Username>spartacus67517</Username><Timestamp>1355969329825</Timestamp><DateTime>Wed, 2012-12-19 21:08:49 EST</DateTime></Topic><Msg>that's Bush and Cheney not Obama and Holder you racist</Msg><Username>father_zosima</Username><Timestamp>1355977432284</Timestamp><DateTime>Wed, 2012-12-19 23:23:52 EST</DateTime><ThumbUp>7</ThumbUp><ThumbDown>2</ThumbDown><Sentiment/></Message></Date>