<?xml version="1.0" encoding="UTF-8" standalone="no"?><Date date="2012-08-27"><Message type="TopicMessage"><Id>1346040723899-1</Id><Title>Monday's action</Title><Msg>Shorts here will wet their pink panties. Again. Getting boring.</Msg><Username>geegenjar</Username><Timestamp>1346040723899</Timestamp><DateTime>Mon, 2012-08-27 00:12:03 EDT</DateTime><ThumbUp>0</ThumbUp><ThumbDown>0</ThumbDown><Sentiment/></Message><Message type="ReplyMessage"><Id>1346043320132-2</Id><Topic><Title>300 PE -AMZON stock is cheap? APPL-PE-17; FB-70-S&amp;P-14-16</Title><Username>jacobdror98</Username><Timestamp>1346016499802</Timestamp><DateTime>Sun, 2012-08-26 17:28:19 EDT</DateTime></Topic><Msg>It will take 100 years to reach its 300 PE valution realized and PPL are buying this ?</Msg><Username>pipul36</Username><Timestamp>1346043320132</Timestamp><DateTime>Mon, 2012-08-27 00:55:20 EDT</DateTime><ThumbUp>0</ThumbUp><ThumbDown>0</ThumbDown><Sentiment/></Message><Message type="TopicMessage"><Id>1346066418078-3</Id><Title>Pumperz are making a grave error</Title><Msg>They are correlating aapl with amzn... Thats like confusing an aapl with an orng... Ps ... Aapl's dayz are #'d w/o jobs, so its a good time to short aapl too.</Msg><Username>philandjoel1e</Username><Timestamp>1346066418078</Timestamp><DateTime>Mon, 2012-08-27 07:20:18 EDT</DateTime><ThumbUp>0</ThumbUp><ThumbDown>0</ThumbDown><Sentiment/></Message><Message type="ReplyMessage"><Id>1346070387913-4</Id><Topic><Title>Pumperz are making a grave error</Title><Username>philandjoel1e</Username><Timestamp>1346066418078</Timestamp><DateTime>Mon, 2012-08-27 07:20:18 EDT</DateTime></Topic><Msg>Steve Jobs did pretty good, but was still holding aapl back from reaching its potential AMZN with its upcoming acquisitions is just about to release its new profit potential. All the sales build up was part of the grand strategy. Even the state sales tax deals are going to add to AMZN's bottomline.</Msg><Username>one_smooth_stone</Username><Timestamp>1346070387913</Timestamp><DateTime>Mon, 2012-08-27 08:26:27 EDT</DateTime><ThumbUp>0</ThumbUp><ThumbDown>0</ThumbDown><Sentiment/></Message><Message type="TopicMessage"><Id>1346071236767-5</Id><Title>Why is AMZN Down In Pre-Market</Title><Msg>On decent volume, while the NAS futures are super green? Shouldn't it be trading in the $448 range?</Msg><Username>frtgrdn21</Username><Timestamp>1346071236767</Timestamp><DateTime>Mon, 2012-08-27 08:40:36 EDT</DateTime><ThumbUp>0</ThumbUp><ThumbDown>0</ThumbDown><Sentiment/></Message><Message type="TopicMessage"><Id>1346072007550-6</Id><Title>Sybil just re-shorted some aapl in premarket</Title><Msg>682.02 this time.... Sybs will be shorting this on all the way up too..... These pumped up playz are going to lead SPECTACULAR, and epic market crash - one additive to the 2000 and 2008 busts... "Why do you say this, sybil?" You ask.... Sybil says its not that these playz will be the cause of a crash, rather it will be a failed global bond market and the realization that paper is worthless that causes these pumped plays to seriously hit the deflationary skids....</Msg><Username>philandjoel1e</Username><Timestamp>1346072007550</Timestamp><DateTime>Mon, 2012-08-27 08:53:27 EDT</DateTime><ThumbUp>0</ThumbUp><ThumbDown>0</ThumbDown><Sentiment/></Message><Message type="ReplyMessage"><Id>1346072219682-7</Id><Topic><Title>Why is AMZN Down In Pre-Market</Title><Username>frtgrdn21</Username><Timestamp>1346071236767</Timestamp><DateTime>Mon, 2012-08-27 08:40:36 EDT</DateTime></Topic><Msg>Because scamazon is an already over gamed bull sheit play... Just you Wait until the markets hit the skids.... You be AMAZED at the velocity and accellerated rate this thing drops.... It will defy rhe laws of physix and cook in the atmospheric burn on reentry.</Msg><Username>philandjoel1e</Username><Timestamp>1346072219682</Timestamp><DateTime>Mon, 2012-08-27 08:56:59 EDT</DateTime><ThumbUp>1</ThumbUp><ThumbDown>0</ThumbDown><Sentiment/></Message><Message type="TopicMessage"><Id>1346072659282-8</Id><Title>AAPL verdict will end thought of AMZN creating profitable smartphone.</Title><Msg>AMZN went up on smartphone rumor - it should drop just as much now. Kindle also potentially at risk.</Msg><Username>once_on</Username><Timestamp>1346072659282</Timestamp><DateTime>Mon, 2012-08-27 09:04:19 EDT</DateTime><ThumbUp>2</ThumbUp><ThumbDown>0</ThumbDown><Sentiment/></Message><Message type="ReplyMessage"><Id>1346074334000-9</Id><Topic><Title>SSH @ 234</Title><Username>nje457</Username><Timestamp>1345037476000</Timestamp><DateTime>Wed, 2012-08-15 09:31:16 EDT</DateTime></Topic><Msg>SSH 1K @ 247.3.</Msg><Username>nje457</Username><Timestamp>1346074334000</Timestamp><DateTime>Mon, 2012-08-27 09:32:14 EDT</DateTime><ThumbUp>0</ThumbUp><ThumbDown>0</ThumbDown><Sentiment/></Message><Message type="TopicMessage"><Id>1346074569272-10</Id><Title>NEW ALLTIME HIGHS: CAN'T KEEP A GREAT STOCK DOWN!</Title><Msg>Sales tax collection short trap, now the aapl decision was supposed to be bad for amzn? what's next shorty? the sky is rising not falling again and again!! Congrats to all amzn longs!</Msg><Username>nasdaq_6000_baby</Username><Timestamp>1346074569272</Timestamp><DateTime>Mon, 2012-08-27 09:36:09 EDT</DateTime><ThumbUp>0</ThumbUp><ThumbDown>0</ThumbDown><Sentiment/></Message><Message type="TopicMessage"><Id>1346074633064-11</Id><Title>For Amzn to get to $500 it need to lose more money so Manipulaters get more people in</Title><Msg>As soon as all small investors are in Wal street take them to the cleaners.</Msg><Username>jacobdror98</Username><Timestamp>1346074633064</Timestamp><DateTime>Mon, 2012-08-27 09:37:13 EDT</DateTime><ThumbUp>0</ThumbUp><ThumbDown>0</ThumbDown><Sentiment/></Message><Message type="ReplyMessage"><Id>1346074644000-12</Id><Topic><Title>SSH @ 234</Title><Username>nje457</Username><Timestamp>1345037476000</Timestamp><DateTime>Wed, 2012-08-15 09:31:16 EDT</DateTime></Topic><Msg>Out @ 246.61. Bagged $680.</Msg><Username>nje457</Username><Timestamp>1346074644000</Timestamp><DateTime>Mon, 2012-08-27 09:37:24 EDT</DateTime><ThumbUp>0</ThumbUp><ThumbDown>0</ThumbDown><Sentiment/></Message><Message type="TopicMessage"><Id>1346074746145-13</Id><Title>I'm in no hurry, so I'm still waiting for . . .</Title><Msg>. . . a meaningful pullback to buy calls at more reasonable levels. Still all cash. Of course, if you're short already, you don't have this luxury of being able to wait for a dip. Bwahahahaha . . . .</Msg><Username>geegenjar</Username><Timestamp>1346074746145</Timestamp><DateTime>Mon, 2012-08-27 09:39:06 EDT</DateTime><ThumbUp>0</ThumbUp><ThumbDown>0</ThumbDown><Sentiment/></Message><Message type="ReplyMessage"><Id>1346074764398-14</Id><Topic><Title>Why is AMZN Down In Pre-Market</Title><Username>frtgrdn21</Username><Timestamp>1346071236767</Timestamp><DateTime>Mon, 2012-08-27 08:40:36 EDT</DateTime></Topic><Msg>"Just you Wait until the markets hit the skids...." yeah any minute now just you wait. up about 40 points with you talking the same trash. you are a horrible trader. AMZN ROCKING AGAIN AND AGAIN.</Msg><Username>nasdaq_6000_baby</Username><Timestamp>1346074764398</Timestamp><DateTime>Mon, 2012-08-27 09:39:24 EDT</DateTime><ThumbUp>0</ThumbUp><ThumbDown>0</ThumbDown><Sentiment/></Message><Message type="ReplyMessage"><Id>1346074848000-15</Id><Topic><Title>SSH @ 234</Title><Username>nje457</Username><Timestamp>1345037476000</Timestamp><DateTime>Wed, 2012-08-15 09:31:16 EDT</DateTime></Topic><Msg>SSH 1K @ 247.33.</Msg><Username>nje457</Username><Timestamp>1346074848000</Timestamp><DateTime>Mon, 2012-08-27 09:40:48 EDT</DateTime><ThumbUp>0</ThumbUp><ThumbDown>0</ThumbDown><Sentiment/></Message><Message type="TopicMessage"><Id>1346075153453-16</Id><Title>TECHSTRATEGY? STLL HERE FOR THE "LONG HAUL"?</Title><Msg>slowly the CMG shorts beating their chest coming to AMZN are being quieted. At least Chalk was long AAPL. Kenji? where's that guy? These shorts are getting pounded.</Msg><Username>nasdaq_6000_baby</Username><Timestamp>1346075153453</Timestamp><DateTime>Mon, 2012-08-27 09:45:53 EDT</DateTime><ThumbUp>0</ThumbUp><ThumbDown>0</ThumbDown><Sentiment/></Message><Message type="ReplyMessage"><Id>1346075270000-17</Id><Topic><Title>SSH @ 234</Title><Username>nje457</Username><Timestamp>1345037476000</Timestamp><DateTime>Wed, 2012-08-15 09:31:16 EDT</DateTime></Topic><Msg>Out @ 246.31. Bagged $1020.</Msg><Username>nje457</Username><Timestamp>1346075270000</Timestamp><DateTime>Mon, 2012-08-27 09:47:50 EDT</DateTime><ThumbUp>0</ThumbUp><ThumbDown>0</ThumbDown><Sentiment/></Message><Message type="TopicMessage"><Id>1346075292649-18</Id><Title>LET'S HERE MORE FROM SYBS THE #$%$</Title><Msg>Who shows what a complete idiot he is with every post: his copycat is more right than is again and again. AMZN ROCKING AGAIN AND AGAIN!</Msg><Username>nasdaq_6000_baby</Username><Timestamp>1346075292649</Timestamp><DateTime>Mon, 2012-08-27 09:48:12 EDT</DateTime><ThumbUp>0</ThumbUp><ThumbDown>1</ThumbDown><Sentiment/></Message><Message type="TopicMessage"><Id>1346075495531-19</Id><Title>246.25 critical . . .</Title><Msg>. . . in the next 17 minutes. After that, no one cares.</Msg><Username>geegenjar</Username><Timestamp>1346075495531</Timestamp><DateTime>Mon, 2012-08-27 09:51:35 EDT</DateTime><ThumbUp>0</ThumbUp><ThumbDown>0</ThumbDown><Sentiment/></Message><Message type="TopicMessage"><Id>1346075609315-20</Id><Title>Going down to $243 to $244!</Title><Msg>Way ahead of itself is all I can say.</Msg><Username>stocker4949</Username><Timestamp>1346075609315</Timestamp><DateTime>Mon, 2012-08-27 09:53:29 EDT</DateTime><ThumbUp>0</ThumbUp><ThumbDown>0</ThumbDown><Sentiment/></Message><Message type="TopicMessage"><Id>1346075829000-21</Id><Title>Where did all the assclowns go?</Title><Msg>Even the perpetual pumping has left the asylum albeit years after the last cogent discussion of greed and fraud. By the way, the 'announcement' will more likely be rocket related than business fundamentals improvement.</Msg><Username>bradnikto</Username><Timestamp>1346075829000</Timestamp><DateTime>Mon, 2012-08-27 09:57:09 EDT</DateTime><ThumbUp>0</ThumbUp><ThumbDown>0</ThumbDown><Sentiment/></Message><Message type="ReplyMessage"><Id>1346075936819-22</Id><Topic><Title>Next shoe to drop . . .</Title><Username>geegenjar</Username><Timestamp>1345434206000</Timestamp><DateTime>Sun, 2012-08-19 23:43:26 EDT</DateTime></Topic><Msg>Short China with everything you got.</Msg><Username>geegenjar</Username><Timestamp>1346075936819</Timestamp><DateTime>Mon, 2012-08-27 09:58:56 EDT</DateTime><ThumbUp>0</ThumbUp><ThumbDown>0</ThumbDown><Sentiment/></Message><Message type="ReplyMessage"><Id>1346076179000-23</Id><Topic><Title>another 10+ point spread between AAPL long/AMZN short?</Title><Username>chalkdusttourture</Username><Timestamp>1345471565000</Timestamp><DateTime>Mon, 2012-08-20 10:06:05 EDT</DateTime></Topic><Msg>Here's a better chart: http://finance.yahoo.com/q/bc?t=1y&amp;s=AMZN&amp;l=on&amp;z=l&amp;q=l&amp;c=gme&amp;ql=1 Can you now please explain why GME has been such a bust as an investment?</Msg><Username>nemesis_editor_2007</Username><Timestamp>1346076179000</Timestamp><DateTime>Mon, 2012-08-27 10:02:59 EDT</DateTime><ThumbUp>0</ThumbUp><ThumbDown>0</ThumbDown><Sentiment/></Message><Message type="TopicMessage"><Id>1346076346758-24</Id><Title>805,350 shares Dumped at 10:01AM........Must be weekly option scam assignment :LOL</Title><Msg>SCAMZON fraud paper bubble in Fraud Street Casino in USA</Msg><Username>singhlion2001</Username><Timestamp>1346076346758</Timestamp><DateTime>Mon, 2012-08-27 10:05:46 EDT</DateTime><ThumbUp>2</ThumbUp><ThumbDown>0</ThumbDown><Sentiment>Strong Sell</Sentiment></Message><Message type="TopicMessage"><Id>1346076347000-25</Id><Title>I couldn’t believe how quick and easy this trading system was!</Title><Msg>You can win every time at the stock market with the right tools! Find out more information here. HTTP://WWW.PENNY-STOCKS-PROFITSTODAY.INFO</Msg><Username>broadhurstguvm015142</Username><Timestamp>1346076347000</Timestamp><DateTime>Mon, 2012-08-27 10:05:47 EDT</DateTime><ThumbUp>3</ThumbUp><ThumbDown>0</ThumbDown><Sentiment/></Message><Message type="ReplyMessage"><Id>1346076470825-26</Id><Topic><Title>Next shoe to drop . . .</Title><Username>geegenjar</Username><Timestamp>1345434206000</Timestamp><DateTime>Sun, 2012-08-19 23:43:26 EDT</DateTime></Topic><Msg>That show has been dropping for a while.</Msg><Username>incognitusfn2</Username><Timestamp>1346076470825</Timestamp><DateTime>Mon, 2012-08-27 10:07:50 EDT</DateTime><ThumbUp>0</ThumbUp><ThumbDown>0</ThumbDown><Sentiment/></Message><Message type="TopicMessage"><Id>1346076710543-27</Id><Title>245 very critical for the next . . .</Title><Msg>. . . 93 minutes. After that, no one cares. (Except loser shorts here, who will remain losers.)</Msg><Username>geegenjar</Username><Timestamp>1346076710543</Timestamp><DateTime>Mon, 2012-08-27 10:11:50 EDT</DateTime><ThumbUp>0</ThumbUp><ThumbDown>0</ThumbDown><Sentiment/></Message><Message type="ReplyMessage"><Id>1346077138832-28</Id><Topic><Title>805,350 shares Dumped at 10:01AM........Must be weekly option scam assignment :LOL</Title><Username>singhlion2001</Username><Timestamp>1346076346758</Timestamp><DateTime>Mon, 2012-08-27 10:05:46 EDT</DateTime></Topic><Msg>Scamazon fraud bubble can not sustain apple patent ruling will shut out bezos thug from smart phone/pad aka tablet markets ...... sales tax collection and margin hell next... prime scam cheap membership can not sustain either as losses mount lol</Msg><Username>singhlion2001</Username><Timestamp>1346077138832</Timestamp><DateTime>Mon, 2012-08-27 10:18:58 EDT</DateTime><ThumbUp>0</ThumbUp><ThumbDown>0</ThumbDown><Sentiment>Strong Sell</Sentiment></Message><Message type="TopicMessage"><Id>1346077600745-29</Id><Title>Only 18 days left for Sept 15 deadline</Title><Msg>wait and watch the show</Msg><Username>think_plan_act</Username><Timestamp>1346077600745</Timestamp><DateTime>Mon, 2012-08-27 10:26:40 EDT</DateTime><ThumbUp>0</ThumbUp><ThumbDown>0</ThumbDown><Sentiment>Strong Sell</Sentiment></Message><Message type="ReplyMessage"><Id>1346077606694-30</Id><Topic><Title>Next shoe to drop . . .</Title><Username>geegenjar</Username><Timestamp>1345434206000</Timestamp><DateTime>Sun, 2012-08-19 23:43:26 EDT</DateTime></Topic><Msg>It seems to me that you are already late to the game. Short high and cover low instead of otherwise.</Msg><Username>stocker4949</Username><Timestamp>1346077606694</Timestamp><DateTime>Mon, 2012-08-27 10:26:46 EDT</DateTime><ThumbUp>0</ThumbUp><ThumbDown>0</ThumbDown><Sentiment/></Message><Message type="TopicMessage"><Id>1346078231154-31</Id><Title>If Apple charges Samsung $10 dollars for every phone they sell</Title><Msg>Apple will make so much money if they charge Samsung $10 dollars for every cell phone they sell!</Msg><Username>stocker4949</Username><Timestamp>1346078231154</Timestamp><DateTime>Mon, 2012-08-27 10:37:11 EDT</DateTime><ThumbUp>0</ThumbUp><ThumbDown>0</ThumbDown><Sentiment>Strong Buy</Sentiment></Message><Message type="ReplyMessage"><Id>1346078358174-32</Id><Topic><Title>Nemsis/Timber</Title><Username>kishta100</Username><Timestamp>1341849634000</Timestamp><DateTime>Mon, 2012-07-09 12:00:34 EDT</DateTime></Topic><Msg>getting there 255 by this Friday, then the best short ever</Msg><Username>kishta100</Username><Timestamp>1346078358174</Timestamp><DateTime>Mon, 2012-08-27 10:39:18 EDT</DateTime><ThumbUp>0</ThumbUp><ThumbDown>1</ThumbDown><Sentiment/></Message><Message type="ReplyMessage"><Id>1346078467293-33</Id><Topic><Title>Next shoe to drop . . .</Title><Username>geegenjar</Username><Timestamp>1345434206000</Timestamp><DateTime>Sun, 2012-08-19 23:43:26 EDT</DateTime></Topic><Msg>I believe "we ain't seen nothing yet" as far as Chinese economy goes. Their financial system is in worse condition than that of Europe. A lot worse. An implosion there is imminent. The Hang Seng will be cut in half.</Msg><Username>geegenjar</Username><Timestamp>1346078467293</Timestamp><DateTime>Mon, 2012-08-27 10:41:07 EDT</DateTime><ThumbUp>0</ThumbUp><ThumbDown>0</ThumbDown><Sentiment/></Message><Message type="ReplyMessage"><Id>1346078672102-34</Id><Topic><Title>If Apple charges Samsung $10 dollars for every phone they sell</Title><Username>stocker4949</Username><Timestamp>1346078231154</Timestamp><DateTime>Mon, 2012-08-27 10:37:11 EDT</DateTime></Topic><Msg>What I've read is that Apple is entitled to receive $18 for every Android based device. I guess that include Kindle Fire, too.</Msg><Username>geegenjar</Username><Timestamp>1346078672102</Timestamp><DateTime>Mon, 2012-08-27 10:44:32 EDT</DateTime><ThumbUp>0</ThumbUp><ThumbDown>0</ThumbDown><Sentiment/></Message><Message type="ReplyMessage"><Id>1346078846103-35</Id><Topic><Title>AAPL verdict will end thought of AMZN creating profitable smartphone.</Title><Username>once_on</Username><Timestamp>1346072659282</Timestamp><DateTime>Mon, 2012-08-27 09:04:19 EDT</DateTime></Topic><Msg>Criminal bezos scam dream for smart is dead before even it can launch lol apple is coming after bezos scam $ss too next in usa criminal thug bezos copies every business model and keep playing fraud with revenue scam game plan ponzi no dividends and sales tax based ponzi loot scam by criminal thug bezos and destruction of retail brick and mortar in usa</Msg><Username>singhlion2001</Username><Timestamp>1346078846103</Timestamp><DateTime>Mon, 2012-08-27 10:47:26 EDT</DateTime><ThumbUp>0</ThumbUp><ThumbDown>0</ThumbDown><Sentiment>Strong Sell</Sentiment></Message><Message type="ReplyMessage"><Id>1346079134171-36</Id><Topic><Title>805,350 shares Dumped at 10:01AM........Must be weekly option scam assignment :LOL</Title><Username>singhlion2001</Username><Timestamp>1346076346758</Timestamp><DateTime>Mon, 2012-08-27 10:05:46 EDT</DateTime></Topic><Msg>SCAM GANG IS NOT BUYING ANYMORE NEXT &amp; WHY? THESE CRIMINALS ARE IN DISTRIBUTION PHASE NOW............. LOL</Msg><Username>singhlion2001</Username><Timestamp>1346079134171</Timestamp><DateTime>Mon, 2012-08-27 10:52:14 EDT</DateTime><ThumbUp>0</ThumbUp><ThumbDown>0</ThumbDown><Sentiment>Strong Sell</Sentiment></Message><Message type="TopicMessage"><Id>1346079243695-37</Id><Title>Shorts here are sad.</Title><Msg>Even though AMZN seems to be on the verge of collapsing, shorts here are sad because they liquidated most of their short positions and saw their Weeklys puts expire worthless last Friday. Pathetic losers. The only thing they're good at is, "Sell Low, Buy High." But hey, they're the backbone of America. Without them, no stocks can keep hitting their all-time highs.</Msg><Username>geegenjar</Username><Timestamp>1346079243695</Timestamp><DateTime>Mon, 2012-08-27 10:54:03 EDT</DateTime><ThumbUp>0</ThumbUp><ThumbDown>0</ThumbDown><Sentiment/></Message><Message type="TopicMessage"><Id>1346079348208-38</Id><Title>Cracks in the 'bull market', koolaid is running low, trouble in paradise</Title><Msg>And sybil is short 3800 sharez of amzn and 4500 sharez of tol with just a couple hundred sharez of aapl and azo openerz..... These playz are gonna #$%$in TANK kids....</Msg><Username>philandjoel1e</Username><Timestamp>1346079348208</Timestamp><DateTime>Mon, 2012-08-27 10:55:48 EDT</DateTime><ThumbUp>0</ThumbUp><ThumbDown>0</ThumbDown><Sentiment/></Message><Message type="ReplyMessage"><Id>1346079586642-39</Id><Topic><Title>Cracks in the 'bull market', koolaid is running low, trouble in paradise</Title><Username>philandjoel1e</Username><Timestamp>1346079348208</Timestamp><DateTime>Mon, 2012-08-27 10:55:48 EDT</DateTime></Topic><Msg>You have no money...no brains...and no life. Want a nice cracker ya broke donkey?</Msg><Username>philandjoelle</Username><Timestamp>1346079586642</Timestamp><DateTime>Mon, 2012-08-27 10:59:46 EDT</DateTime><ThumbUp>0</ThumbUp><ThumbDown>0</ThumbDown><Sentiment/></Message><Message type="TopicMessage"><Id>1346080017591-40</Id><Title>USA FRAUD STREET CASINO WILL CRASH AND BURN &amp; RIOTS IN 2013</Title><Msg>Retail in usa buy jan2014 leap puts and dump all scam poop wipe paper on fraud street bankster financial terrorists in usa pure fraud street casino in usa home grown financial al qaeda led by bankster terrorists hijacked usa enterprise and rule with fraud "hft' machine guns and dark pool terrorists scam gangs</Msg><Username>singhlion2001</Username><Timestamp>1346080017591</Timestamp><DateTime>Mon, 2012-08-27 11:06:57 EDT</DateTime><ThumbUp>1</ThumbUp><ThumbDown>0</ThumbDown><Sentiment/></Message><Message type="ReplyMessage"><Id>1346080023336-41</Id><Topic><Title>Cracks in the 'bull market', koolaid is running low, trouble in paradise</Title><Username>philandjoel1e</Username><Timestamp>1346079348208</Timestamp><DateTime>Mon, 2012-08-27 10:55:48 EDT</DateTime></Topic><Msg>If sybil haz no coin then how on earth can old sybs be "getting destroyed" by shorting the #$%$ out of amzn?</Msg><Username>philandjoel1e</Username><Timestamp>1346080023336</Timestamp><DateTime>Mon, 2012-08-27 11:07:03 EDT</DateTime><ThumbUp>0</ThumbUp><ThumbDown>0</ThumbDown><Sentiment/></Message><Message type="TopicMessage"><Id>1346080178281-42</Id><Title>Why would anyone short Amzn a $400 stock at these insane low levels?</Title><Msg>I guess they enjoy losing money...</Msg><Username>getintoh20</Username><Timestamp>1346080178281</Timestamp><DateTime>Mon, 2012-08-27 11:09:38 EDT</DateTime><ThumbUp>0</ThumbUp><ThumbDown>0</ThumbDown><Sentiment/></Message><Message type="ReplyMessage"><Id>1346080916777-43</Id><Topic><Title>Why would anyone short Amzn a $400 stock at these insane low levels?</Title><Username>getintoh20</Username><Timestamp>1346080178281</Timestamp><DateTime>Mon, 2012-08-27 11:09:38 EDT</DateTime></Topic><Msg>They were born genetically programmed to short. They have to be short something at all times. They feel insecure without at least one short position. They are innocent and gullible. In other words, they are dumb. They are cheap. They cannot take a minor loss. They are losers. Even their mothers don't like them. (Because women don't like them, they are always undersexed. That keeps them frustrated all the time.)</Msg><Username>geegenjar</Username><Timestamp>1346080916777</Timestamp><DateTime>Mon, 2012-08-27 11:21:56 EDT</DateTime><ThumbUp>0</ThumbUp><ThumbDown>0</ThumbDown><Sentiment/></Message><Message type="TopicMessage"><Id>1346081137870-44</Id><Title>For a company that only earned 1 penny</Title><Msg>last quarter AMZN has performed superbly. I took my profits today however at $ 247 and missed the top. So be it. I'm looking for a general market pullback in either Septermber or October and will decide then if I buy it back or get into something else.</Msg><Username>aliceghk</Username><Timestamp>1346081137870</Timestamp><DateTime>Mon, 2012-08-27 11:25:37 EDT</DateTime><ThumbUp>0</ThumbUp><ThumbDown>0</ThumbDown><Sentiment/></Message><Message type="ReplyMessage"><Id>1346081664351-45</Id><Topic><Title>Cracks in the 'bull market', koolaid is running low, trouble in paradise</Title><Username>philandjoel1e</Username><Timestamp>1346079348208</Timestamp><DateTime>Mon, 2012-08-27 10:55:48 EDT</DateTime></Topic><Msg>You're getting "destroyed" by making a fool of yourself...AGAIN! Remember PCLN $550 to $770?? LMAO at you yet again!!!</Msg><Username>philandjoelle</Username><Timestamp>1346081664351</Timestamp><DateTime>Mon, 2012-08-27 11:34:24 EDT</DateTime><ThumbUp>0</ThumbUp><ThumbDown>0</ThumbDown><Sentiment/></Message><Message type="ReplyMessage"><Id>1346082988046-46</Id><Topic><Title>Cracks in the 'bull market', koolaid is running low, trouble in paradise</Title><Username>philandjoel1e</Username><Timestamp>1346079348208</Timestamp><DateTime>Mon, 2012-08-27 10:55:48 EDT</DateTime></Topic><Msg>Do you really think anyone believes this?????</Msg><Username>bigbadbriar</Username><Timestamp>1346082988046</Timestamp><DateTime>Mon, 2012-08-27 11:56:28 EDT</DateTime><ThumbUp>0</ThumbUp><ThumbDown>0</ThumbDown><Sentiment>Strong Buy</Sentiment></Message><Message type="ReplyMessage"><Id>1346084320114-47</Id><Topic><Title>Why would anyone short Amzn a $400 stock at these insane low levels?</Title><Username>getintoh20</Username><Timestamp>1346080178281</Timestamp><DateTime>Mon, 2012-08-27 11:09:38 EDT</DateTime></Topic><Msg>what's amazing is you were able to get out of your straight jacket long enough to post such an insane message</Msg><Username>pjw1857</Username><Timestamp>1346084320114</Timestamp><DateTime>Mon, 2012-08-27 12:18:40 EDT</DateTime><ThumbUp>0</ThumbUp><ThumbDown>0</ThumbDown><Sentiment/></Message><Message type="ReplyMessage"><Id>1346084975750-48</Id><Topic><Title>USA FRAUD STREET CASINO WILL CRASH AND BURN &amp; RIOTS IN 2013</Title><Username>singhlion2001</Username><Timestamp>1346080017591</Timestamp><DateTime>Mon, 2012-08-27 11:06:57 EDT</DateTime></Topic><Msg>Rendell: Ryan a Fiscal Fraud, But Democrats Lack Guts to Cut Entitlements Daily Ticker Ed Rendell, the former three-term governor of Pennsylvania, criticizes both parties for their failure to deal with the $16 trillion U.S. debt. More »Rendell: Ryan a Fiscal Fraud, But Democrats Lack Guts to Cut Entitlements Romney Fires Back on Bain, Business and More............ LOL ROME DID NOT BURN IN A DAY AMEN</Msg><Username>singhlion2001</Username><Timestamp>1346084975750</Timestamp><DateTime>Mon, 2012-08-27 12:29:35 EDT</DateTime><ThumbUp>0</ThumbUp><ThumbDown>0</ThumbDown><Sentiment>Strong Sell</Sentiment></Message><Message type="ReplyMessage"><Id>1346085016517-49</Id><Topic><Title>Cracks in the 'bull market', koolaid is running low, trouble in paradise</Title><Username>philandjoel1e</Username><Timestamp>1346079348208</Timestamp><DateTime>Mon, 2012-08-27 10:55:48 EDT</DateTime></Topic><Msg>Sybil making fat coin off of shorting a #$%$ "bull" market squarely in the midst of a secular bear is independant of who believes sy#$%$ posts or not... Sy#$%$ coin iz big and fat like the balls that sybil has.... Sybil tradez at the behest of tge piwerful trading gods - beware with your stupid "strong buy" rating.</Msg><Username>philandjoel1e</Username><Timestamp>1346085016517</Timestamp><DateTime>Mon, 2012-08-27 12:30:16 EDT</DateTime><ThumbUp>0</ThumbUp><ThumbDown>0</ThumbDown><Sentiment/></Message><Message type="TopicMessage"><Id>1346085490313-50</Id><Title>243.75 extremely critical.</Title><Msg>Aheeee!!!</Msg><Username>geegenjar</Username><Timestamp>1346085490313</Timestamp><DateTime>Mon, 2012-08-27 12:38:10 EDT</DateTime><ThumbUp>0</ThumbUp><ThumbDown>0</ThumbDown><Sentiment/></Message><Message type="TopicMessage"><Id>1346086209199-51</Id><Title>Even when the mkt is up - so is the VIX</Title><Msg>Not good, people... Pure terror is just a nano second flash crash away.... Dont worry sheila and the SEC has got your back.....</Msg><Username>philandjoel1e</Username><Timestamp>1346086209199</Timestamp><DateTime>Mon, 2012-08-27 12:50:09 EDT</DateTime><ThumbUp>0</ThumbUp><ThumbDown>0</ThumbDown><Sentiment/></Message><Message type="ReplyMessage"><Id>1346086758779-52</Id><Topic><Title>243.75 extremely critical.</Title><Username>geegenjar</Username><Timestamp>1346085490313</Timestamp><DateTime>Mon, 2012-08-27 12:38:10 EDT</DateTime></Topic><Msg>&amp; crucial!</Msg><Username>jaywishman</Username><Timestamp>1346086758779</Timestamp><DateTime>Mon, 2012-08-27 12:59:18 EDT</DateTime><ThumbUp>0</ThumbUp><ThumbDown>0</ThumbDown><Sentiment/></Message><Message type="ReplyMessage"><Id>1346086857491-53</Id><Topic><Title>LET'S HERE MORE FROM SYBS THE #$%$</Title><Username>nasdaq_6000_baby</Username><Timestamp>1346075292649</Timestamp><DateTime>Mon, 2012-08-27 09:48:12 EDT</DateTime></Topic><Msg>You got it... Sybs happy to relay the messages from the trading gods.</Msg><Username>philandjoel1e</Username><Timestamp>1346086857491</Timestamp><DateTime>Mon, 2012-08-27 13:00:57 EDT</DateTime><ThumbUp>1</ThumbUp><ThumbDown>0</ThumbDown><Sentiment/></Message><Message type="TopicMessage"><Id>1346087526558-54</Id><Title>AMZN will decline by over 100 points on earnings announcement---</Title><Msg>Insane to own a stock that trades at 300 PE. Sales tax, shipping expenses, and lower margins.</Msg><Username>hawaiianlogic</Username><Timestamp>1346087526558</Timestamp><DateTime>Mon, 2012-08-27 13:12:06 EDT</DateTime><ThumbUp>2</ThumbUp><ThumbDown>1</ThumbDown><Sentiment>Strong Sell</Sentiment></Message><Message type="ReplyMessage"><Id>1346087528724-55</Id><Topic><Title>805,350 shares Dumped at 10:01AM........Must be weekly option scam assignment :LOL</Title><Username>singhlion2001</Username><Timestamp>1346076346758</Timestamp><DateTime>Mon, 2012-08-27 10:05:46 EDT</DateTime></Topic><Msg>Major dumping trend is in play on scamazon bubble mania this scam will never be profitable in the future CRIMINAL THUG BEZOS SCAM GANG LOOTED $100'S OF BILLIONS FROM USA 99% WORKING CLASS PENSION BLOOD SWEAT SAVINGS BEZOS IS BIGGEST CRIMINAL EX HEDGE FUND CORPORATE THUG ON PLANET EARTH</Msg><Username>singhlion2001</Username><Timestamp>1346087528724</Timestamp><DateTime>Mon, 2012-08-27 13:12:08 EDT</DateTime><ThumbUp>0</ThumbUp><ThumbDown>0</ThumbDown><Sentiment>Strong Sell</Sentiment></Message><Message type="ReplyMessage"><Id>1346087887509-56</Id><Topic><Title>Bulls--this will end badly for you</Title><Username>market_logic2010</Username><Timestamp>1345820348498</Timestamp><DateTime>Fri, 2012-08-24 10:59:08 EDT</DateTime></Topic><Msg>stinky Jr., has anyone ever told you that you remind them of Mr. Magoo? Notice stinky is still madly rating my posts? What a strange little man. Watch for a small pullback in AMZN over the next couple days.This would be a great time to unload that bear put spread before it zeroes out.</Msg><Username>skiidady</Username><Timestamp>1346087887509</Timestamp><DateTime>Mon, 2012-08-27 13:18:07 EDT</DateTime><ThumbUp>1</ThumbUp><ThumbDown>11</ThumbDown><Sentiment>Strong Buy</Sentiment></Message><Message type="ReplyMessage"><Id>1346088436351-57</Id><Topic><Title>NEW ALLTIME HIGHS: CAN'T KEEP A GREAT STOCK DOWN!</Title><Username>nasdaq_6000_baby</Username><Timestamp>1346074569272</Timestamp><DateTime>Mon, 2012-08-27 09:36:09 EDT</DateTime></Topic><Msg>Ho hum, another all time high. The great thing is it will drop eventually, so we can buy more.</Msg><Username>brucetheharmonicaguy</Username><Timestamp>1346088436351</Timestamp><DateTime>Mon, 2012-08-27 13:27:16 EDT</DateTime><ThumbUp>0</ThumbUp><ThumbDown>0</ThumbDown><Sentiment/></Message><Message type="TopicMessage"><Id>1346089232593-58</Id><Title>254 this week, hit 247.50 earlier, look at Apple surging</Title><Msg>up we go..</Msg><Username>causinginflation</Username><Timestamp>1346089232593</Timestamp><DateTime>Mon, 2012-08-27 13:40:32 EDT</DateTime><ThumbUp>0</ThumbUp><ThumbDown>0</ThumbDown><Sentiment/></Message><Message type="ReplyMessage"><Id>1346089956013-59</Id><Topic><Title>we we go, Green by tomorrow.</Title><Username>wingofeaglets</Username><Timestamp>1345488353000</Timestamp><DateTime>Mon, 2012-08-20 14:45:53 EDT</DateTime></Topic><Msg>I told you, now why not wait for above 250</Msg><Username>wingofeaglets</Username><Timestamp>1346089956013</Timestamp><DateTime>Mon, 2012-08-27 13:52:36 EDT</DateTime><ThumbUp>0</ThumbUp><ThumbDown>0</ThumbDown><Sentiment/></Message><Message type="TopicMessage"><Id>1346090018194-60</Id><Title>Bought some calls.</Title><Msg>Prepared to buy more to average down.</Msg><Username>geegenjar</Username><Timestamp>1346090018194</Timestamp><DateTime>Mon, 2012-08-27 13:53:38 EDT</DateTime><ThumbUp>1</ThumbUp><ThumbDown>1</ThumbDown><Sentiment/></Message><Message type="ReplyMessage"><Id>1346090331869-61</Id><Topic><Title>243.75 extremely critical.</Title><Username>geegenjar</Username><Timestamp>1346085490313</Timestamp><DateTime>Mon, 2012-08-27 12:38:10 EDT</DateTime></Topic><Msg>Yeah, longs will be longing to get out at that price. That'll look like a gift in a few days. LOL</Msg><Username>jbs_trader</Username><Timestamp>1346090331869</Timestamp><DateTime>Mon, 2012-08-27 13:58:51 EDT</DateTime><ThumbUp>0</ThumbUp><ThumbDown>0</ThumbDown><Sentiment/></Message><Message type="ReplyMessage"><Id>1346090880832-62</Id><Topic><Title>AMZN will decline by over 100 points on earnings announcement---</Title><Username>hawaiianlogic</Username><Timestamp>1346087526558</Timestamp><DateTime>Mon, 2012-08-27 13:12:06 EDT</DateTime></Topic><Msg>It is all about hope. I don't know about 100 points. It seems all Bezos has to say is we are growing and the stock goes up. Earnings does not matter to anybody. Like the hype around QE3. Fed keeps putting out statements that they will do it. Every time the market rallys for a month. When it gives back 3 percent. They say it again. That is their stimulation to the economy. By the time the masses figure it out the DOW will be at 16,000. And then who cares what the fed says. For me, I'm a sell at these levels. And wait for a pull back. Maybe 210 is a good buy point. Obviously with these new highs there is no resistance left it could go to 300. Either way somebody is going to make money.</Msg><Username>it_all_goood</Username><Timestamp>1346090880832</Timestamp><DateTime>Mon, 2012-08-27 14:08:00 EDT</DateTime><ThumbUp>0</ThumbUp><ThumbDown>0</ThumbDown><Sentiment>Sell</Sentiment></Message><Message type="ReplyMessage"><Id>1346090952942-63</Id><Topic><Title>USA FRAUD STREET CASINO WILL CRASH AND BURN &amp; RIOTS IN 2013</Title><Username>singhlion2001</Username><Timestamp>1346080017591</Timestamp><DateTime>Mon, 2012-08-27 11:06:57 EDT</DateTime></Topic><Msg>What we experienced in the 1930s was a deflationary depression where billions of dollars were wiped out with a stock market collapse, bond defaults and bank failures. Inflationary money that was created since the formation of the Federal Reserve in 1913 was wiped out. Prices went down. This depression will be different because governments have much more power. They'll try to keep uneconomic operations from collapse, they'll prop them up, as we saw with Fannie Mae and General Motors. They'll create more money to keep the dead men walking. They won't allow the defaults of money market instruments. They will make efforts to maintain the dollar mark on money market funds. They'll attempt to keep building the pyramid higher. It's foolish, indeed idiotic. But that's what they'll do.</Msg><Username>singhlion2001</Username><Timestamp>1346090952942</Timestamp><DateTime>Mon, 2012-08-27 14:09:12 EDT</DateTime><ThumbUp>0</ThumbUp><ThumbDown>0</ThumbDown><Sentiment>Strong Sell</Sentiment></Message><Message type="TopicMessage"><Id>1346091359847-64</Id><Title>There are too many bears here, I said 247 six days ago, Now I'm saying 250+,</Title><Msg>no one believed me</Msg><Username>wingofeaglets</Username><Timestamp>1346091359847</Timestamp><DateTime>Mon, 2012-08-27 14:15:59 EDT</DateTime><ThumbUp>0</ThumbUp><ThumbDown>0</ThumbDown><Sentiment/></Message><Message type="ReplyMessage"><Id>1346092070477-65</Id><Topic><Title>USA FRAUD STREET CASINO WILL CRASH AND BURN &amp; RIOTS IN 2013</Title><Username>singhlion2001</Username><Timestamp>1346080017591</Timestamp><DateTime>Mon, 2012-08-27 11:06:57 EDT</DateTime></Topic><Msg>you came from NFLX board ? LOL!!!LOL!!!why so much anger in you ? How you like your computer made by Fortune 500 ? or freedom of speech ? Now I agree that there is lots of dirty Hedge Funds that need to be Exterminated but time me a brake ?? take it easy Go after Hedge Funds that control HFT and trying to destroy average PPS or maybe you should have a date with HERB from CNBC he sounds like he hates everybody.</Msg><Username>m0000money</Username><Timestamp>1346092070477</Timestamp><DateTime>Mon, 2012-08-27 14:27:50 EDT</DateTime><ThumbUp>0</ThumbUp><ThumbDown>0</ThumbDown><Sentiment/></Message><Message type="ReplyMessage"><Id>1346092311020-66</Id><Topic><Title>AAPL verdict will end thought of AMZN creating profitable smartphone.</Title><Username>once_on</Username><Timestamp>1346072659282</Timestamp><DateTime>Mon, 2012-08-27 09:04:19 EDT</DateTime></Topic><Msg>Logic would say its DOA, not that means anything. Just shorted a few shares, not only do I think amzn overvalued, but just can see how samsung losing could be good news for the amzn phone unless they were teaming with msft.</Msg><Username>maxdaddy254</Username><Timestamp>1346092311020</Timestamp><DateTime>Mon, 2012-08-27 14:31:51 EDT</DateTime><ThumbUp>0</ThumbUp><ThumbDown>0</ThumbDown><Sentiment>Sell</Sentiment></Message><Message type="TopicMessage"><Id>1346092701952-67</Id><Title>Worth the wait........</Title><Msg>for the new Mini iPad, it will kill the Kindle Fire.</Msg><Username>trycomsen35</Username><Timestamp>1346092701952</Timestamp><DateTime>Mon, 2012-08-27 14:38:21 EDT</DateTime><ThumbUp>0</ThumbUp><ThumbDown>0</ThumbDown><Sentiment/></Message><Message type="ReplyMessage"><Id>1346092727379-68</Id><Topic><Title>Bought some calls.</Title><Username>geegenjar</Username><Timestamp>1346090018194</Timestamp><DateTime>Mon, 2012-08-27 13:53:38 EDT</DateTime></Topic><Msg>news out on bby. Good for AMZN</Msg><Username>causinginflation</Username><Timestamp>1346092727379</Timestamp><DateTime>Mon, 2012-08-27 14:38:47 EDT</DateTime><ThumbUp>1</ThumbUp><ThumbDown>0</ThumbDown><Sentiment/></Message><Message type="TopicMessage"><Id>1346093516692-69</Id><Title>Pumperz will insist sybs is wrong from MUCH lower levels</Title><Msg>They will be broke, sybil will be cashing in on the inevitable drop of this pig... Pumperz like geegee and nasdaq will say "sybil is broke", "sybil covered the top", "sybil this and sybil that" as sybil is cashing the #$%$ out and moving onto the next pig.... Just like they did with nflx, ostk, pcln, and cmg..... No different.... Too funny.</Msg><Username>philandjoel1e</Username><Timestamp>1346093516692</Timestamp><DateTime>Mon, 2012-08-27 14:51:56 EDT</DateTime><ThumbUp>1</ThumbUp><ThumbDown>0</ThumbDown><Sentiment/></Message><Message type="ReplyMessage"><Id>1346093810824-70</Id><Topic><Title>AAPL verdict will end thought of AMZN creating profitable smartphone.</Title><Username>once_on</Username><Timestamp>1346072659282</Timestamp><DateTime>Mon, 2012-08-27 09:04:19 EDT</DateTime></Topic><Msg>They can still make a cheap turd phone and not infringe. All they have to do is buy RIMM!</Msg><Username>jaywishman</Username><Timestamp>1346093810824</Timestamp><DateTime>Mon, 2012-08-27 14:56:50 EDT</DateTime><ThumbUp>0</ThumbUp><ThumbDown>0</ThumbDown><Sentiment/></Message><Message type="TopicMessage"><Id>1346094564291-71</Id><Title>Classic double top spanning a full year</Title><Msg>Classic.</Msg><Username>philandjoel1e</Username><Timestamp>1346094564291</Timestamp><DateTime>Mon, 2012-08-27 15:09:24 EDT</DateTime><ThumbUp>1</ThumbUp><ThumbDown>0</ThumbDown><Sentiment/></Message><Message type="ReplyMessage"><Id>1346094798785-72</Id><Topic><Title>Bought some calls.</Title><Username>geegenjar</Username><Timestamp>1346090018194</Timestamp><DateTime>Mon, 2012-08-27 13:53:38 EDT</DateTime></Topic><Msg>Technically it's show A Rise above 250</Msg><Username>causinginflation</Username><Timestamp>1346094798785</Timestamp><DateTime>Mon, 2012-08-27 15:13:18 EDT</DateTime><ThumbUp>0</ThumbUp><ThumbDown>0</ThumbDown><Sentiment/></Message><Message type="TopicMessage"><Id>1346094873537-73</Id><Title>BUY!!!!! I'm picking up 245 calls now</Title><Msg>or further out 250 calls</Msg><Username>chairman_westgate</Username><Timestamp>1346094873537</Timestamp><DateTime>Mon, 2012-08-27 15:14:33 EDT</DateTime><ThumbUp>0</ThumbUp><ThumbDown>0</ThumbDown><Sentiment/></Message><Message type="ReplyMessage"><Id>1346094975860-74</Id><Topic><Title>Bought some calls.</Title><Username>geegenjar</Username><Timestamp>1346090018194</Timestamp><DateTime>Mon, 2012-08-27 13:53:38 EDT</DateTime></Topic><Msg>Attaboy you lieing douchbag.... 'avg em down'. You cant go lower than $0.00...</Msg><Username>philandjoel1e</Username><Timestamp>1346094975860</Timestamp><DateTime>Mon, 2012-08-27 15:16:15 EDT</DateTime><ThumbUp>0</ThumbUp><ThumbDown>0</ThumbDown><Sentiment/></Message><Message type="TopicMessage"><Id>1346094995350-75</Id><Title>buy! cover while u can if short!</Title><Msg>now!!!!!!</Msg><Username>causinginflation</Username><Timestamp>1346094995350</Timestamp><DateTime>Mon, 2012-08-27 15:16:35 EDT</DateTime><ThumbUp>0</ThumbUp><ThumbDown>0</ThumbDown><Sentiment/></Message><Message type="ReplyMessage"><Id>1346095091487-76</Id><Topic><Title>Bought some calls.</Title><Username>geegenjar</Username><Timestamp>1346090018194</Timestamp><DateTime>Mon, 2012-08-27 13:53:38 EDT</DateTime></Topic><Msg>Which calls did you buy and how much did you pay?</Msg><Username>punbr</Username><Timestamp>1346095091487</Timestamp><DateTime>Mon, 2012-08-27 15:18:11 EDT</DateTime><ThumbUp>0</ThumbUp><ThumbDown>0</ThumbDown><Sentiment/></Message><Message type="TopicMessage"><Id>1346095315179-77</Id><Title>This rose all day friday, no reason for it down 2 in an up market</Title><Msg>............</Msg><Username>riskreversal777</Username><Timestamp>1346095315179</Timestamp><DateTime>Mon, 2012-08-27 15:21:55 EDT</DateTime><ThumbUp>0</ThumbUp><ThumbDown>0</ThumbDown><Sentiment/></Message><Message type="ReplyMessage"><Id>1346095450455-78</Id><Topic><Title>This rose all day friday, no reason for it down 2 in an up market</Title><Username>riskreversal777</Username><Timestamp>1346095315179</Timestamp><DateTime>Mon, 2012-08-27 15:21:55 EDT</DateTime></Topic><Msg>How about profit taking as a reason. Or being overvalued. Or sucking in a new round of put buyers. Etc, etc No reason to expect AMZN to trade in any logical fashion based on its history thus far.</Msg><Username>punbr</Username><Timestamp>1346095450455</Timestamp><DateTime>Mon, 2012-08-27 15:24:10 EDT</DateTime><ThumbUp>0</ThumbUp><ThumbDown>0</ThumbDown><Sentiment/></Message><Message type="TopicMessage"><Id>1346095581788-79</Id><Title>Sales r highest in 11 yrs this qtr, Smartphone announcement soon,</Title><Msg>you have a plethura of bears, no bulls. 249 midweek</Msg><Username>riskreversal777</Username><Timestamp>1346095581788</Timestamp><DateTime>Mon, 2012-08-27 15:26:21 EDT</DateTime><ThumbUp>0</ThumbUp><ThumbDown>0</ThumbDown><Sentiment/></Message><Message type="ReplyMessage"><Id>1346095971442-80</Id><Topic><Title>Bought some calls.</Title><Username>geegenjar</Username><Timestamp>1346090018194</Timestamp><DateTime>Mon, 2012-08-27 13:53:38 EDT</DateTime></Topic><Msg>Added more to average down.</Msg><Username>geegenjar</Username><Timestamp>1346095971442</Timestamp><DateTime>Mon, 2012-08-27 15:32:51 EDT</DateTime><ThumbUp>0</ThumbUp><ThumbDown>0</ThumbDown><Sentiment/></Message><Message type="TopicMessage"><Id>1346096372928-81</Id><Title>This prob. opens 245.40</Title><Msg>tomorrow. Best Buy news is good, if amzn was rumored to buy it, stock would tank, and co. would lose $.</Msg><Username>riskreversal777</Username><Timestamp>1346096372928</Timestamp><DateTime>Mon, 2012-08-27 15:39:32 EDT</DateTime><ThumbUp>0</ThumbUp><ThumbDown>0</ThumbDown><Sentiment/></Message><Message type="ReplyMessage"><Id>1346096425808-82</Id><Topic><Title>Bought some calls.</Title><Username>geegenjar</Username><Timestamp>1346090018194</Timestamp><DateTime>Mon, 2012-08-27 13:53:38 EDT</DateTime></Topic><Msg>Calls @250. The average price paid: slightly below 80 cents.</Msg><Username>geegenjar</Username><Timestamp>1346096425808</Timestamp><DateTime>Mon, 2012-08-27 15:40:25 EDT</DateTime><ThumbUp>0</ThumbUp><ThumbDown>0</ThumbDown><Sentiment/></Message><Message type="ReplyMessage"><Id>1346096493936-83</Id><Topic><Title>Bought some calls.</Title><Username>geegenjar</Username><Timestamp>1346090018194</Timestamp><DateTime>Mon, 2012-08-27 13:53:38 EDT</DateTime></Topic><Msg>Yes, I saw 256 last Friday.</Msg><Username>geegenjar</Username><Timestamp>1346096493936</Timestamp><DateTime>Mon, 2012-08-27 15:41:33 EDT</DateTime><ThumbUp>0</ThumbUp><ThumbDown>0</ThumbDown><Sentiment/></Message><Message type="TopicMessage"><Id>1346097206122-84</Id><Title>Cover!! news! Would u be stunned if this opened tomorrow, erasing all the losses today?</Title><Msg>249 at some point</Msg><Username>causinginflation</Username><Timestamp>1346097206122</Timestamp><DateTime>Mon, 2012-08-27 15:53:26 EDT</DateTime><ThumbUp>0</ThumbUp><ThumbDown>0</ThumbDown><Sentiment/></Message><Message type="ReplyMessage"><Id>1346097308910-85</Id><Topic><Title>Bought some calls.</Title><Username>geegenjar</Username><Timestamp>1346090018194</Timestamp><DateTime>Mon, 2012-08-27 13:53:38 EDT</DateTime></Topic><Msg>Again, please share which calls and at what price.</Msg><Username>punbr</Username><Timestamp>1346097308910</Timestamp><DateTime>Mon, 2012-08-27 15:55:08 EDT</DateTime><ThumbUp>0</ThumbUp><ThumbDown>0</ThumbDown><Sentiment/></Message><Message type="TopicMessage"><Id>1346097309400-86</Id><Title>BUY BUY BUY! Eminent announcement on a new product!</Title><Msg>Bezos himself to unveil</Msg><Username>causinginflation</Username><Timestamp>1346097309400</Timestamp><DateTime>Mon, 2012-08-27 15:55:09 EDT</DateTime><ThumbUp>0</ThumbUp><ThumbDown>0</ThumbDown><Sentiment/></Message><Message type="ReplyMessage"><Id>1346097349004-87</Id><Topic><Title>Bought some calls.</Title><Username>geegenjar</Username><Timestamp>1346090018194</Timestamp><DateTime>Mon, 2012-08-27 13:53:38 EDT</DateTime></Topic><Msg>Added more to average down further. I think I've got enough number of contracts for now.</Msg><Username>geegenjar</Username><Timestamp>1346097349004</Timestamp><DateTime>Mon, 2012-08-27 15:55:49 EDT</DateTime><ThumbUp>0</ThumbUp><ThumbDown>0</ThumbDown><Sentiment/></Message><Message type="TopicMessage"><Id>1346097360666-88</Id><Title>amzn to overtake Zygna in Gaming share!</Title><Msg>on tv now</Msg><Username>causinginflation</Username><Timestamp>1346097360666</Timestamp><DateTime>Mon, 2012-08-27 15:56:00 EDT</DateTime><ThumbUp>0</ThumbUp><ThumbDown>0</ThumbDown><Sentiment/></Message><Message type="TopicMessage"><Id>1346097514024-89</Id><Title>see u up 2 from here tomorrow</Title><Msg>goodnight</Msg><Username>causinginflation</Username><Timestamp>1346097514024</Timestamp><DateTime>Mon, 2012-08-27 15:58:34 EDT</DateTime><ThumbUp>0</ThumbUp><ThumbDown>0</ThumbDown><Sentiment/></Message><Message type="ReplyMessage"><Id>1346097572354-90</Id><Topic><Title>Bought some calls.</Title><Username>geegenjar</Username><Timestamp>1346090018194</Timestamp><DateTime>Mon, 2012-08-27 13:53:38 EDT</DateTime></Topic><Msg>prob right</Msg><Username>wingofeaglets</Username><Timestamp>1346097572354</Timestamp><DateTime>Mon, 2012-08-27 15:59:32 EDT</DateTime><ThumbUp>0</ThumbUp><ThumbDown>0</ThumbDown><Sentiment/></Message><Message type="ReplyMessage"><Id>1346097930282-91</Id><Topic><Title>Bought some calls.</Title><Username>geegenjar</Username><Timestamp>1346090018194</Timestamp><DateTime>Mon, 2012-08-27 13:53:38 EDT</DateTime></Topic><Msg>With the third lots, the average price is close to 70 cents. I see 256 this week.</Msg><Username>geegenjar</Username><Timestamp>1346097930282</Timestamp><DateTime>Mon, 2012-08-27 16:05:30 EDT</DateTime><ThumbUp>0</ThumbUp><ThumbDown>0</ThumbDown><Sentiment/></Message><Message type="TopicMessage"><Id>1346097945204-92</Id><Title>246, 245 now after hours</Title><Msg>trading</Msg><Username>chairman_westgate</Username><Timestamp>1346097945204</Timestamp><DateTime>Mon, 2012-08-27 16:05:45 EDT</DateTime><ThumbUp>0</ThumbUp><ThumbDown>0</ThumbDown><Sentiment/></Message><Message type="ReplyMessage"><Id>1346098333537-93</Id><Topic><Title>AMZN will decline by over 100 points on earnings announcement---</Title><Username>hawaiianlogic</Username><Timestamp>1346087526558</Timestamp><DateTime>Mon, 2012-08-27 13:12:06 EDT</DateTime></Topic><Msg>And it would STILL be valued way too high!</Msg><Username>champton90</Username><Timestamp>1346098333537</Timestamp><DateTime>Mon, 2012-08-27 16:12:13 EDT</DateTime><ThumbUp>0</ThumbUp><ThumbDown>0</ThumbDown><Sentiment/></Message><Message type="TopicMessage"><Id>1346099216999-94</Id><Title>1987 crash -25 year ago in October....</Title><Msg>Those who do not learn from the past are condemned to repeat it... illiquid stocks, VIX trading at lows. Time to buy insurance and watch as the storm approaches...</Msg><Username>mitchc3122003</Username><Timestamp>1346099216999</Timestamp><DateTime>Mon, 2012-08-27 16:26:56 EDT</DateTime><ThumbUp>0</ThumbUp><ThumbDown>0</ThumbDown><Sentiment/></Message><Message type="TopicMessage"><Id>1346099314748-95</Id><Title>What pumperz of amzn and basherz of sybil fail to realize iz that</Title><Msg>When this pig fallz to 237, sybil will be even on a MASSIVE short trade. Anything below and old sybs starts making rightious coin.....</Msg><Username>philandjoel1e</Username><Timestamp>1346099314748</Timestamp><DateTime>Mon, 2012-08-27 16:28:34 EDT</DateTime><ThumbUp>1</ThumbUp><ThumbDown>0</ThumbDown><Sentiment/></Message><Message type="ReplyMessage"><Id>1346099486687-96</Id><Topic><Title>Sales r highest in 11 yrs this qtr, Smartphone announcement soon,</Title><Username>riskreversal777</Username><Timestamp>1346095581788</Timestamp><DateTime>Mon, 2012-08-27 15:26:21 EDT</DateTime></Topic><Msg>Right - who is going to buy a smartphone from a broker of commodities like Amazon.</Msg><Username>sammmy220022</Username><Timestamp>1346099486687</Timestamp><DateTime>Mon, 2012-08-27 16:31:26 EDT</DateTime><ThumbUp>1</ThumbUp><ThumbDown>0</ThumbDown><Sentiment>Strong Sell</Sentiment></Message><Message type="TopicMessage"><Id>1346100562035-97</Id><Title>AAPL Vs AMZN</Title><Msg>Looks like AMZN is next on AAPL#$%$ list. I am putting my money on AMZN if a brawl in court breaks out.</Msg><Username>frtgrdn21</Username><Timestamp>1346100562035</Timestamp><DateTime>Mon, 2012-08-27 16:49:22 EDT</DateTime><ThumbUp>0</ThumbUp><ThumbDown>0</ThumbDown><Sentiment/></Message><Message type="ReplyMessage"><Id>1346101261837-98</Id><Topic><Title>AMZN will decline by over 100 points on earnings announcement---</Title><Username>hawaiianlogic</Username><Timestamp>1346087526558</Timestamp><DateTime>Mon, 2012-08-27 13:12:06 EDT</DateTime></Topic><Msg>The price ultimately went up last earnings report, despite a miss. I think it is too high, but I do know that markets can stay unreasonable longer than most of us can stay solvent.</Msg><Username>werollalong</Username><Timestamp>1346101261837</Timestamp><DateTime>Mon, 2012-08-27 17:01:01 EDT</DateTime><ThumbUp>0</ThumbUp><ThumbDown>0</ThumbDown><Sentiment/></Message><Message type="TopicMessage"><Id>1346101333118-99</Id><Title>Pumping stox like this pig with markets at theze levelz iz</Title><Msg>Stupid and irresponsible... Sybil has to believe that geegee and nasdaq-6000 are fictitious betters that have not had a stake in amzn for a year... None have ever posted a trade entry or exit point with a share qty. They svck</Msg><Username>philandjoel1e</Username><Timestamp>1346101333118</Timestamp><DateTime>Mon, 2012-08-27 17:02:13 EDT</DateTime><ThumbUp>1</ThumbUp><ThumbDown>0</ThumbDown><Sentiment/></Message><Message type="ReplyMessage"><Id>1346101767487-100</Id><Topic><Title>Pumping stox like this pig with markets at theze levelz iz</Title><Username>philandjoel1e</Username><Timestamp>1346101333118</Timestamp><DateTime>Mon, 2012-08-27 17:02:13 EDT</DateTime></Topic><Msg>A lot of talk from a shortie getting burned. Hehehe, Amazon is a great company. Don't short a winner. You'll learn more Phil as time goes on but for now don't invest in the market. You don't know what you're doing son.</Msg><Username>aapl2013</Username><Timestamp>1346101767487</Timestamp><DateTime>Mon, 2012-08-27 17:09:27 EDT</DateTime><ThumbUp>2</ThumbUp><ThumbDown>1</ThumbDown><Sentiment/></Message><Message type="TopicMessage"><Id>1346101836312-101</Id><Title>Sybils got this pig diecked and the pumperz are....</Title><Msg>Piiiiiiiiiiisssssssseeeed.</Msg><Username>philandjoel1e</Username><Timestamp>1346101836312</Timestamp><DateTime>Mon, 2012-08-27 17:10:36 EDT</DateTime><ThumbUp>1</ThumbUp><ThumbDown>0</ThumbDown><Sentiment/></Message><Message type="ReplyMessage"><Id>1346102529661-102</Id><Topic><Title>Pumping stox like this pig with markets at theze levelz iz</Title><Username>philandjoel1e</Username><Timestamp>1346101333118</Timestamp><DateTime>Mon, 2012-08-27 17:02:13 EDT</DateTime></Topic><Msg>Sybil hopes for 'lessons' on shorting 'winners' like those lessons that nflx, fslr, ostk, cmg, and pcln have taught sybs throughout this 'bull market'... Please please please teach sybil more.</Msg><Username>philandjoel1e</Username><Timestamp>1346102529661</Timestamp><DateTime>Mon, 2012-08-27 17:22:09 EDT</DateTime><ThumbUp>1</ThumbUp><ThumbDown>0</ThumbDown><Sentiment/></Message><Message type="TopicMessage"><Id>1346102605560-103</Id><Title>Hi</Title><Msg>I am back. Hello all</Msg><Username>sybil1914</Username><Timestamp>1346102605560</Timestamp><DateTime>Mon, 2012-08-27 17:23:25 EDT</DateTime><ThumbUp>1</ThumbUp><ThumbDown>1</ThumbDown><Sentiment/></Message><Message type="ReplyMessage"><Id>1346103155475-104</Id><Topic><Title>Hi</Title><Username>sybil1914</Username><Timestamp>1346102605560</Timestamp><DateTime>Mon, 2012-08-27 17:23:25 EDT</DateTime></Topic><Msg>Philandjol1e.... There iz only one sybil and the sybil carrying the 'philjoel1e' handle iz the true slimshady you jerk off douchbag... Sybil finds it quiteamusing as to how many want to mimic sybils id and trade callz.</Msg><Username>philandjoel1e</Username><Timestamp>1346103155475</Timestamp><DateTime>Mon, 2012-08-27 17:32:35 EDT</DateTime><ThumbUp>1</ThumbUp><ThumbDown>0</ThumbDown><Sentiment/></Message><Message type="ReplyMessage"><Id>1346104725992-105</Id><Topic><Title>HEY CHALK??? WHERE ARE YOU? PRACTICE WHAT YOU PREACH!</Title><Username>nasdaq_6000_baby</Username><Timestamp>1345840287042</Timestamp><DateTime>Fri, 2012-08-24 16:31:27 EDT</DateTime></Topic><Msg>Wow!!!</Msg><Username>applrun</Username><Timestamp>1346104725992</Timestamp><DateTime>Mon, 2012-08-27 17:58:45 EDT</DateTime><ThumbUp>0</ThumbUp><ThumbDown>0</ThumbDown><Sentiment/></Message><Message type="TopicMessage"><Id>1346104937538-106</Id><Title>Managed to borrow some coin from a Visa card</Title><Msg>PCLN destroyed my finances as it went from $600 to $770, but I'm back with a little help from Visa. Now I can short AMZN from $245 to $300...</Msg><Username>rip_sybill9l4</Username><Timestamp>1346104937538</Timestamp><DateTime>Mon, 2012-08-27 18:02:17 EDT</DateTime><ThumbUp>0</ThumbUp><ThumbDown>1</ThumbDown><Sentiment/></Message><Message type="ReplyMessage"><Id>1346105113933-107</Id><Topic><Title>Sybils got this pig diecked and the pumperz are....</Title><Username>philandjoel1e</Username><Timestamp>1346101836312</Timestamp><DateTime>Mon, 2012-08-27 17:10:36 EDT</DateTime></Topic><Msg>Listen dummy, everyone knows your id is a copycat. Stop pretending to be me. There's only one Sybil and I'm it. Good old Sybs is gonna make some serious coin on this Scam-azon stock!!!</Msg><Username>rip_sybill9l4</Username><Timestamp>1346105113933</Timestamp><DateTime>Mon, 2012-08-27 18:05:13 EDT</DateTime><ThumbUp>0</ThumbUp><ThumbDown>1</ThumbDown><Sentiment/></Message><Message type="ReplyMessage"><Id>1346105507425-108</Id><Topic><Title>AMZN will decline by over 100 points on earnings announcement---</Title><Username>hawaiianlogic</Username><Timestamp>1346087526558</Timestamp><DateTime>Mon, 2012-08-27 13:12:06 EDT</DateTime></Topic><Msg>Yes sybil understands why you feel this way, wegetsteamrolledalong, because aybil was there when you got slaughtered, mashed into bits, squeezed and popped like a zit shorting nflx.... Sybil doesnt make money shorting bag holderz, sybil makes money shorting weak shorts that panick cover their own positionz in a game of 'i can cover that stok higher than you can - nananananaaaa'.... Infact sybil is certain that the lucky buyer of nflx at 304 wasnt a long at all, rather it was the last lonely weakhanded short shooting themselves in the head while the robots at fmr, llc giggled as they sold their sharez to that poor lonely short.... Sybil is a money strrrrrrrrrrroooooooooonnnnng short of pumped up pig stox, with mucho discipline....</Msg><Username>philandjoel1e</Username><Timestamp>1346105507425</Timestamp><DateTime>Mon, 2012-08-27 18:11:47 EDT</DateTime><ThumbUp>0</ThumbUp><ThumbDown>0</ThumbDown><Sentiment/></Message><Message type="ReplyMessage"><Id>1346105735315-109</Id><Topic><Title>Sybils got this pig diecked and the pumperz are....</Title><Username>philandjoel1e</Username><Timestamp>1346101836312</Timestamp><DateTime>Mon, 2012-08-27 17:10:36 EDT</DateTime></Topic><Msg>Sybil never posts in 1st person... You are a fake. Phil, you should try to mimick sybils trades rather than mimic sybil; then You would make money .</Msg><Username>philandjoel1e</Username><Timestamp>1346105735315</Timestamp><DateTime>Mon, 2012-08-27 18:15:35 EDT</DateTime><ThumbUp>1</ThumbUp><ThumbDown>0</ThumbDown><Sentiment/></Message><Message type="ReplyMessage"><Id>1346105904427-110</Id><Topic><Title>Managed to borrow some coin from a Visa card</Title><Username>rip_sybill9l4</Username><Timestamp>1346104937538</Timestamp><DateTime>Mon, 2012-08-27 18:02:17 EDT</DateTime></Topic><Msg>Now sybs taking those ammmmaaaaaaaazing gainz into amzn shorts avg at 237... Phil is upset needless to say....</Msg><Username>philandjoel1e</Username><Timestamp>1346105904427</Timestamp><DateTime>Mon, 2012-08-27 18:18:24 EDT</DateTime><ThumbUp>1</ThumbUp><ThumbDown>0</ThumbDown><Sentiment/></Message><Message type="TopicMessage"><Id>1346106131026-111</Id><Title>'Philandjoelle' has no money and no id handle</Title><Msg>Sybil took his money from him on the pcln trade, and his id handle from him on the pcln board</Msg><Username>philandjoel1e</Username><Timestamp>1346106131026</Timestamp><DateTime>Mon, 2012-08-27 18:22:11 EDT</DateTime><ThumbUp>1</ThumbUp><ThumbDown>1</ThumbDown><Sentiment/></Message><Message type="ReplyMessage"><Id>1346106219611-112</Id><Topic><Title>'Philandjoelle' has no money and no id handle</Title><Username>philandjoel1e</Username><Timestamp>1346106131026</Timestamp><DateTime>Mon, 2012-08-27 18:22:11 EDT</DateTime></Topic><Msg>Too bad you didn't take my scanner or printer... LMAO at you yet again ya broke donkey!!!</Msg><Username>philandjoelle</Username><Timestamp>1346106219611</Timestamp><DateTime>Mon, 2012-08-27 18:23:39 EDT</DateTime><ThumbUp>0</ThumbUp><ThumbDown>1</ThumbDown><Sentiment/></Message><Message type="ReplyMessage"><Id>1346106580008-113</Id><Topic><Title>'Philandjoelle' has no money and no id handle</Title><Username>philandjoel1e</Username><Timestamp>1346106131026</Timestamp><DateTime>Mon, 2012-08-27 18:22:11 EDT</DateTime></Topic><Msg>Sybil didnt need your printer or scanner, phil.... Sybil's got equipment and 3.4 million dollarz... But sybil doesnt have a 'photobucket' acct, and wont anytime soon...</Msg><Username>philandjoel1e</Username><Timestamp>1346106580008</Timestamp><DateTime>Mon, 2012-08-27 18:29:40 EDT</DateTime><ThumbUp>1</ThumbUp><ThumbDown>1</ThumbDown><Sentiment/></Message><Message type="ReplyMessage"><Id>1346106742193-114</Id><Topic><Title>'Philandjoelle' has no money and no id handle</Title><Username>philandjoel1e</Username><Timestamp>1346106131026</Timestamp><DateTime>Mon, 2012-08-27 18:22:11 EDT</DateTime></Topic><Msg>Of couse you don't have photobucket...it would prove you're a liar LMAO at you yet again... Want a nice cracker ya broke monkey?</Msg><Username>philandjoelle</Username><Timestamp>1346106742193</Timestamp><DateTime>Mon, 2012-08-27 18:32:22 EDT</DateTime><ThumbUp>0</ThumbUp><ThumbDown>1</ThumbDown><Sentiment/></Message><Message type="ReplyMessage"><Id>1346107207487-115</Id><Topic><Title>'Philandjoelle' has no money and no id handle</Title><Username>philandjoel1e</Username><Timestamp>1346106131026</Timestamp><DateTime>Mon, 2012-08-27 18:22:11 EDT</DateTime></Topic><Msg>Html links cannot be posted to yahoo msg boards anymore, however that doesnt preclude sybil from copying and pasting real tradez az they are being made.... Sybil entered into over 250,000 of shorts today in amzn and aapl and is up on both.... Sybs not in any hurry to cover them though.....</Msg><Username>philandjoel1e</Username><Timestamp>1346107207487</Timestamp><DateTime>Mon, 2012-08-27 18:40:07 EDT</DateTime><ThumbUp>1</ThumbUp><ThumbDown>0</ThumbDown><Sentiment/></Message><Message type="ReplyMessage"><Id>1346107342075-116</Id><Topic><Title>'Philandjoelle' has no money and no id handle</Title><Username>philandjoel1e</Username><Timestamp>1346106131026</Timestamp><DateTime>Mon, 2012-08-27 18:22:11 EDT</DateTime></Topic><Msg>'Photobucket' is no more verification than a copy post from an executed trade, douchbag... But then again, douchbags are stupid dirty vagcleaning devices, so they wouldnt understand such things</Msg><Username>philandjoel1e</Username><Timestamp>1346107342075</Timestamp><DateTime>Mon, 2012-08-27 18:42:22 EDT</DateTime><ThumbUp>1</ThumbUp><ThumbDown>0</ThumbDown><Sentiment/></Message><Message type="TopicMessage"><Id>1346107523217-117</Id><Title>Phil, If sybil is already broke then how can sybil be getting 'slaughtered' in amzn?</Title><Msg>Those are your words....</Msg><Username>philandjoel1e</Username><Timestamp>1346107523217</Timestamp><DateTime>Mon, 2012-08-27 18:45:23 EDT</DateTime><ThumbUp>1</ThumbUp><ThumbDown>0</ThumbDown><Sentiment/></Message><Message type="ReplyMessage"><Id>1346107760461-118</Id><Topic><Title>'Philandjoelle' has no money and no id handle</Title><Username>philandjoel1e</Username><Timestamp>1346106131026</Timestamp><DateTime>Mon, 2012-08-27 18:22:11 EDT</DateTime></Topic><Msg>250,000 huh? Is that your Monopoly money again? You don't have 250,000 nickels ya broke donkey! How's that cracker?</Msg><Username>philandjoelle</Username><Timestamp>1346107760461</Timestamp><DateTime>Mon, 2012-08-27 18:49:20 EDT</DateTime><ThumbUp>0</ThumbUp><ThumbDown>0</ThumbDown><Sentiment/></Message><Message type="TopicMessage"><Id>1346108517256-119</Id><Title>AMZN will not decline 100 on earnings</Title><Msg>it went up 30 points in 24 hours after a miss of 50 percent and guidance for a next quarter loss. Earnings mean nothing to this little gem. If it rallied on a miss and loss forcast can you imagine how high is will go with a slight miss. to the moon baby</Msg><Username>penystoc</Username><Timestamp>1346108517256</Timestamp><DateTime>Mon, 2012-08-27 19:01:57 EDT</DateTime><ThumbUp>0</ThumbUp><ThumbDown>0</ThumbDown><Sentiment/></Message><Message type="ReplyMessage"><Id>1346108776875-120</Id><Topic><Title>Pumping stox like this pig with markets at theze levelz iz</Title><Username>philandjoel1e</Username><Timestamp>1346101333118</Timestamp><DateTime>Mon, 2012-08-27 17:02:13 EDT</DateTime></Topic><Msg>Sybs: I absolutely hate the new message board format, so you are gonna have to take the lead on bringing sanity to the is board and balance the pumpers out... I saw the financial media for the first time starting to understand that Apple is gonna come after Amazon. IP wars, content price wars are certain.... cash flow is gonna get fun next year.</Msg><Username>techstrategy</Username><Timestamp>1346108776875</Timestamp><DateTime>Mon, 2012-08-27 19:06:16 EDT</DateTime><ThumbUp>0</ThumbUp><ThumbDown>0</ThumbDown><Sentiment/></Message><Message type="ReplyMessage"><Id>1346108926086-121</Id><Topic><Title>Bought some calls.</Title><Username>geegenjar</Username><Timestamp>1346090018194</Timestamp><DateTime>Mon, 2012-08-27 13:53:38 EDT</DateTime></Topic><Msg>just how it's going to be!!!</Msg><Username>jcwestfield</Username><Timestamp>1346108926086</Timestamp><DateTime>Mon, 2012-08-27 19:08:46 EDT</DateTime><ThumbUp>0</ThumbUp><ThumbDown>0</ThumbDown><Sentiment/></Message><Message type="TopicMessage"><Id>1346109263439-122</Id><Title>Sybs likes his crackers salty</Title><Msg>Just like most monkeys do</Msg><Username>philandjoelle</Username><Timestamp>1346109263439</Timestamp><DateTime>Mon, 2012-08-27 19:14:23 EDT</DateTime><ThumbUp>0</ThumbUp><ThumbDown>1</ThumbDown><Sentiment/></Message><Message type="TopicMessage"><Id>1346110669285-123</Id><Title>Locked in profits &amp; bought Oct 240 PUTS.</Title><Msg>Any hickup &amp; the stock drop to under $200.</Msg><Username>jacobdror98</Username><Timestamp>1346110669285</Timestamp><DateTime>Mon, 2012-08-27 19:37:49 EDT</DateTime><ThumbUp>0</ThumbUp><ThumbDown>0</ThumbDown><Sentiment/></Message><Message type="ReplyMessage"><Id>1346110999000-124</Id><Topic><Title>Reversal Time</Title><Username>mitsuko_jung58</Username><Timestamp>1346075573000</Timestamp><DateTime>Mon, 2012-08-27 09:52:53 EDT</DateTime></Topic><Msg>What a great day!</Msg><Username>laurinda_sharonda186</Username><Timestamp>1346110999000</Timestamp><DateTime>Mon, 2012-08-27 19:43:19 EDT</DateTime><ThumbUp>0</ThumbUp><ThumbDown>0</ThumbDown><Sentiment/></Message><Message type="ReplyMessage"><Id>1346112683000-125</Id><Topic><Title>Reversal Time</Title><Username>mitsuko_jung58</Username><Timestamp>1346075573000</Timestamp><DateTime>Mon, 2012-08-27 09:52:53 EDT</DateTime></Topic><Msg>A site that's worth investment.</Msg><Username>kai_genoveva234</Username><Timestamp>1346112683000</Timestamp><DateTime>Mon, 2012-08-27 20:11:23 EDT</DateTime><ThumbUp>0</ThumbUp><ThumbDown>0</ThumbDown><Sentiment/></Message><Message type="ReplyMessage"><Id>1346114106000-126</Id><Topic><Title>Reversal Time</Title><Username>mitsuko_jung58</Username><Timestamp>1346075573000</Timestamp><DateTime>Mon, 2012-08-27 09:52:53 EDT</DateTime></Topic><Msg>interesting thx</Msg><Username>hue_ivory645</Username><Timestamp>1346114106000</Timestamp><DateTime>Mon, 2012-08-27 20:35:06 EDT</DateTime><ThumbUp>0</ThumbUp><ThumbDown>0</ThumbDown><Sentiment/></Message><Message type="TopicMessage"><Id>1346114667493-127</Id><Title>Only 18 days left for Sept 15 deadline</Title><Msg>when california takes 9.2% sales tax from AMZN</Msg><Username>think_plan_act</Username><Timestamp>1346114667493</Timestamp><DateTime>Mon, 2012-08-27 20:44:27 EDT</DateTime><ThumbUp>0</ThumbUp><ThumbDown>0</ThumbDown><Sentiment>Strong Sell</Sentiment></Message><Message type="TopicMessage"><Id>1346114948885-128</Id><Title>$330 by end of this year</Title><Msg>We can see AMZN $5.50 EPS next year and maybe $8.60 for 2014.</Msg><Username>lovingcc</Username><Timestamp>1346114948885</Timestamp><DateTime>Mon, 2012-08-27 20:49:08 EDT</DateTime><ThumbUp>0</ThumbUp><ThumbDown>0</ThumbDown><Sentiment>Strong Buy</Sentiment></Message><Message type="ReplyMessage"><Id>1346115380000-129</Id><Topic><Title>Reversal Time</Title><Username>mitsuko_jung58</Username><Timestamp>1346075573000</Timestamp><DateTime>Mon, 2012-08-27 09:52:53 EDT</DateTime></Topic><Msg>, you really know how to pick them.</Msg><Username>kelle_jasmin54</Username><Timestamp>1346115380000</Timestamp><DateTime>Mon, 2012-08-27 20:56:20 EDT</DateTime><ThumbUp>0</ThumbUp><ThumbDown>0</ThumbDown><Sentiment/></Message><Message type="ReplyMessage"><Id>1346116618533-130</Id><Topic><Title>1987 crash -25 year ago in October....</Title><Username>mitchc3122003</Username><Timestamp>1346099216999</Timestamp><DateTime>Mon, 2012-08-27 16:26:56 EDT</DateTime></Topic><Msg>The 1987 crash was caused by lack of a post presidential correction. No similarity to the current situation.</Msg><Username>edison20</Username><Timestamp>1346116618533</Timestamp><DateTime>Mon, 2012-08-27 21:16:58 EDT</DateTime><ThumbUp>0</ThumbUp><ThumbDown>0</ThumbDown><Sentiment>Buy</Sentiment></Message><Message type="ReplyMessage"><Id>1346117347000-131</Id><Topic><Title>another 10+ point spread between AAPL long/AMZN short?</Title><Username>chalkdusttourture</Username><Timestamp>1345471565000</Timestamp><DateTime>Mon, 2012-08-20 10:06:05 EDT</DateTime></Topic><Msg>"Can you now please explain why GME has been such a bust as an investment?" What are you talking about? He just asked where the old phones/ipods went. Who was talking about investing in GME?</Msg><Username>timberlane_99</Username><Timestamp>1346117347000</Timestamp><DateTime>Mon, 2012-08-27 21:29:07 EDT</DateTime><ThumbUp>0</ThumbUp><ThumbDown>0</ThumbDown><Sentiment/></Message><Message type="ReplyMessage"><Id>1346117481000-132</Id><Topic><Title>StockConsultant.com - AMZN breakout watch</Title><Username>wingmast3</Username><Timestamp>1345686214000</Timestamp><DateTime>Wed, 2012-08-22 21:43:34 EDT</DateTime></Topic><Msg>holding up well here</Msg><Username>postlavia23</Username><Timestamp>1346117481000</Timestamp><DateTime>Mon, 2012-08-27 21:31:21 EDT</DateTime><ThumbUp>1</ThumbUp><ThumbDown>0</ThumbDown><Sentiment/></Message><Message type="ReplyMessage"><Id>1346117550082-133</Id><Topic><Title>Sybs likes his crackers salty</Title><Username>philandjoelle</Username><Timestamp>1346109263439</Timestamp><DateTime>Mon, 2012-08-27 19:14:23 EDT</DateTime></Topic><Msg>With $3.4 million in the bank and an arsload of amzn shorts...</Msg><Username>philandjoel1e</Username><Timestamp>1346117550082</Timestamp><DateTime>Mon, 2012-08-27 21:32:30 EDT</DateTime><ThumbUp>1</ThumbUp><ThumbDown>0</ThumbDown><Sentiment/></Message><Message type="ReplyMessage"><Id>1346118445018-134</Id><Topic><Title>Locked in profits &amp; bought Oct 240 PUTS.</Title><Username>jacobdror98</Username><Timestamp>1346110669285</Timestamp><DateTime>Mon, 2012-08-27 19:37:49 EDT</DateTime></Topic><Msg>Oh my . . . All the profits you have made from going long AMZN will be taken away unless you get back into the long side soon. Sure there will be many dips, but this stock is going up long-term.</Msg><Username>geegenjar</Username><Timestamp>1346118445018</Timestamp><DateTime>Mon, 2012-08-27 21:47:25 EDT</DateTime><ThumbUp>0</ThumbUp><ThumbDown>0</ThumbDown><Sentiment/></Message><Message type="ReplyMessage"><Id>1346118543184-135</Id><Topic><Title>Sybs likes his crackers salty</Title><Username>philandjoelle</Username><Timestamp>1346109263439</Timestamp><DateTime>Mon, 2012-08-27 19:14:23 EDT</DateTime></Topic><Msg>" . . . an arsload of amzn shorts......" How many AMZN shares are you short altogether?</Msg><Username>geegenjar</Username><Timestamp>1346118543184</Timestamp><DateTime>Mon, 2012-08-27 21:49:03 EDT</DateTime><ThumbUp>0</ThumbUp><ThumbDown>0</ThumbDown><Sentiment/></Message><Message type="ReplyMessage"><Id>1346118592149-136</Id><Topic><Title>Pumping stox like this pig with markets at theze levelz iz</Title><Username>philandjoel1e</Username><Timestamp>1346101333118</Timestamp><DateTime>Mon, 2012-08-27 17:02:13 EDT</DateTime></Topic><Msg>AMZN matched its all time high today and RSI is no where near a sell signal. Breakout coming.</Msg><Username>edison20</Username><Timestamp>1346118592149</Timestamp><DateTime>Mon, 2012-08-27 21:49:52 EDT</DateTime><ThumbUp>0</ThumbUp><ThumbDown>0</ThumbDown><Sentiment>Buy</Sentiment></Message><Message type="ReplyMessage"><Id>1346118776292-137</Id><Topic><Title>1987 crash -25 year ago in October....</Title><Username>mitchc3122003</Username><Timestamp>1346099216999</Timestamp><DateTime>Mon, 2012-08-27 16:26:56 EDT</DateTime></Topic><Msg>AMZN hit her then all-time high on October 14, 2012. Even if the history repeats itself, October 14th is almost two (2) months away. Can you guys shorts survive two more months of rising price?</Msg><Username>geegenjar</Username><Timestamp>1346118776292</Timestamp><DateTime>Mon, 2012-08-27 21:52:56 EDT</DateTime><ThumbUp>0</ThumbUp><ThumbDown>0</ThumbDown><Sentiment/></Message><Message type="ReplyMessage"><Id>1346119040751-138</Id><Topic><Title>Sybs likes his crackers salty</Title><Username>philandjoelle</Username><Timestamp>1346109263439</Timestamp><DateTime>Mon, 2012-08-27 19:14:23 EDT</DateTime></Topic><Msg>He has no shorts and no coin. He's a broke donkey thankx to PCLN's run from $550 to $770 five months ago</Msg><Username>philandjoelle</Username><Timestamp>1346119040751</Timestamp><DateTime>Mon, 2012-08-27 21:57:20 EDT</DateTime><ThumbUp>0</ThumbUp><ThumbDown>0</ThumbDown><Sentiment/></Message><Message type="ReplyMessage"><Id>1346123612118-139</Id><Topic><Title>Pumping stox like this pig with markets at theze levelz iz</Title><Username>philandjoel1e</Username><Timestamp>1346101333118</Timestamp><DateTime>Mon, 2012-08-27 17:02:13 EDT</DateTime></Topic><Msg>Tech, It doesnt matter what the story iz amzn this aapl that, they are all going to #$%$in TANK tomorrow or a year from now who knows when, but they will go in the crrraaaapppper... A good old message on a sheitty new message board : stay away from optionz, dude.</Msg><Username>philandjoel1e</Username><Timestamp>1346123612118</Timestamp><DateTime>Mon, 2012-08-27 23:13:32 EDT</DateTime><ThumbUp>0</ThumbUp><ThumbDown>0</ThumbDown><Sentiment/></Message><Message type="ReplyMessage"><Id>1346124116580-140</Id><Topic><Title>Sybs likes his crackers salty</Title><Username>philandjoelle</Username><Timestamp>1346109263439</Timestamp><DateTime>Mon, 2012-08-27 19:14:23 EDT</DateTime></Topic><Msg>Sybil is short a whopping 3800 sharez of scamazon and ready to unload more borrowed trash at will</Msg><Username>philandjoel1e</Username><Timestamp>1346124116580</Timestamp><DateTime>Mon, 2012-08-27 23:21:56 EDT</DateTime><ThumbUp>0</ThumbUp><ThumbDown>0</ThumbDown><Sentiment/></Message><Message type="ReplyMessage"><Id>1346124702091-141</Id><Topic><Title>1987 crash -25 year ago in October....</Title><Username>mitchc3122003</Username><Timestamp>1346099216999</Timestamp><DateTime>Mon, 2012-08-27 16:26:56 EDT</DateTime></Topic><Msg>Not only can I survive, but I will be adding. Again, an INVESTOR adds to his or her position when it becomes less expensive and the risk/return profile improves. When the market sells the Fed easing news, it is all downhill. Everyone will have an "oh crap" moment realizing there are no inflows at these prices and everyone was waiting for the uncertainty to be removed to sell big volumes... Pretty soon, people will start to realize the Apple, Google and Walmart will all be gunning for an AMZN which simply doesn't generate much FCF anymore. A deflationary environment will be AMZNs downfall...</Msg><Username>techstrategy</Username><Timestamp>1346124702091</Timestamp><DateTime>Mon, 2012-08-27 23:31:42 EDT</DateTime><ThumbUp>0</ThumbUp><ThumbDown>0</ThumbDown><Sentiment/></Message></Date>