<?xml version="1.0" encoding="UTF-8" standalone="no"?><Date date="2012-08-29"><Message type="TopicMessage"><Id>1346218871650-1</Id><Title>Article, Seeking Alpha released 4:50pm, amzn could fall to 200 on smartphone</Title><Msg>seeking alpha/article/833891-new-reasons-not-to-bet-on-amazon-s-smartphone?source=yahoo</Msg><Username>greenlight_cap</Username><Timestamp>1346218871650</Timestamp><DateTime>Wed, 2012-08-29 01:41:11 EDT</DateTime><ThumbUp>0</ThumbUp><ThumbDown>0</ThumbDown><Sentiment/></Message><Message type="ReplyMessage"><Id>1346244084668-2</Id><Topic><Title>AMZN vs. AAPL - AMZN grossly undervalued.</Title><Username>geegenjar</Username><Timestamp>1346132173508</Timestamp><DateTime>Tue, 2012-08-28 01:36:13 EDT</DateTime></Topic><Msg>Yeah WMT earns more in 12 hours than AMZN does all year. AAPL earns more profit in 4 hours of one day than AMZN earns all year. Yet AMZN is underpriced? That could well be the dumbest statement I have ever heard. Can you point out one stock other than AMZN that has over $1 billion in sales and sells at a PE of over 50?</Msg><Username>wonwood</Username><Timestamp>1346244084668</Timestamp><DateTime>Wed, 2012-08-29 08:41:24 EDT</DateTime><ThumbUp>0</ThumbUp><ThumbDown>0</ThumbDown><Sentiment/></Message><Message type="TopicMessage"><Id>1346244308381-3</Id><Title>Listen up fvckerz, sybil has had an epiphany while looking at the charts and in spiritual contact with the trading gods</Title><Msg>The markets have st topped and are about to experience a significant and abrupt drop taking pigs like this with it. The s&amp;p will drip to 1230 or slightly lower and this pig will hit 140.... Thats right.... Trim 100.00 off these salty levels - just like that.... But mind you, you idiots, this is not the big kahuna.... That will be comming in 2013-2014.... We are almost there, but not quite yet.... Sybil will be covering shorts and going long aa, x, stld, conagra, and some slv at the 1230 range to ride the markets to final new high glory in 21013 before getting absolutely fvckin oblitererared, biatchez</Msg><Username>philandjoel1e</Username><Timestamp>1346244308381</Timestamp><DateTime>Wed, 2012-08-29 08:45:08 EDT</DateTime><ThumbUp>0</ThumbUp><ThumbDown>0</ThumbDown><Sentiment/></Message><Message type="ReplyMessage"><Id>1346244943820-4</Id><Topic><Title>Sybil cashed out 727 pcln shorts in the 590's and never looked back</Title><Username>philandjoel1e</Username><Timestamp>1346196340619</Timestamp><DateTime>Tue, 2012-08-28 19:25:40 EDT</DateTime></Topic><Msg>There's 'broken record phil' skipping out the same post over and over hoping it will be true on one of these iterationz.... Uuuuuummmmmmm..... You never actuallymade a call on pcln, you bashed sybil on the way up, made a panik cover at the top on sybils ledger in your head (only in hindsight you covered at 770 as the stok was trading at 590), and then called sybs gains and trades fake.... But you never called pcln price targets ahead of the action.... So here's your chance to redeem yourself.. What do you predict amzn to be at the end of oct, how about the s&amp;p, how about tol? How much are you betting, and what positions do you hold? What are your price targets for your positionz? What are your gainz ytd? These are all tough questions to ask a parrot with no coin, but we'll give it a try nonetheless.</Msg><Username>philandjoel1e</Username><Timestamp>1346244943820</Timestamp><DateTime>Wed, 2012-08-29 08:55:43 EDT</DateTime><ThumbUp>0</ThumbUp><ThumbDown>0</ThumbDown><Sentiment/></Message><Message type="TopicMessage"><Id>1346246931730-5</Id><Title>Sell it now</Title><Msg>downside coming</Msg><Username>greenlight_cap</Username><Timestamp>1346246931730</Timestamp><DateTime>Wed, 2012-08-29 09:28:51 EDT</DateTime><ThumbUp>0</ThumbUp><ThumbDown>0</ThumbDown><Sentiment/></Message><Message type="TopicMessage"><Id>1346246976080-6</Id><Title>250 within 3 minutes of opening.</Title><Msg>Bwahahahaha . . . Could happen, no? Prepare to wet your pink panties, shorts.</Msg><Username>geegenjar</Username><Timestamp>1346246976080</Timestamp><DateTime>Wed, 2012-08-29 09:29:36 EDT</DateTime><ThumbUp>0</ThumbUp><ThumbDown>0</ThumbDown><Sentiment/></Message><Message type="ReplyMessage"><Id>1346247923628-7</Id><Topic><Title>Sell it now</Title><Username>greenlight_cap</Username><Timestamp>1346246931730</Timestamp><DateTime>Wed, 2012-08-29 09:28:51 EDT</DateTime></Topic><Msg>You think?!</Msg><Username>sammmy220022</Username><Timestamp>1346247923628</Timestamp><DateTime>Wed, 2012-08-29 09:45:23 EDT</DateTime><ThumbUp>0</ThumbUp><ThumbDown>0</ThumbDown><Sentiment>Strong Sell</Sentiment></Message><Message type="TopicMessage"><Id>1346247928041-8</Id><Title>price target moved to 215!</Title><Msg>at a firm</Msg><Username>wingofeaglets17</Username><Timestamp>1346247928041</Timestamp><DateTime>Wed, 2012-08-29 09:45:28 EDT</DateTime><ThumbUp>0</ThumbUp><ThumbDown>0</ThumbDown><Sentiment/></Message><Message type="TopicMessage"><Id>1346248161339-9</Id><Title>245 extremely critical.</Title><Msg>If broken, 240 will be tested.</Msg><Username>geegenjar</Username><Timestamp>1346248161339</Timestamp><DateTime>Wed, 2012-08-29 09:49:21 EDT</DateTime><ThumbUp>0</ThumbUp><ThumbDown>0</ThumbDown><Sentiment/></Message><Message type="TopicMessage"><Id>1346248435102-10</Id><Title>243.75 critical.</Title><Msg>Again. Isn't she wonderful? She is the greatest stock in the Universe.</Msg><Username>geegenjar</Username><Timestamp>1346248435102</Timestamp><DateTime>Wed, 2012-08-29 09:53:55 EDT</DateTime><ThumbUp>0</ThumbUp><ThumbDown>0</ThumbDown><Sentiment/></Message><Message type="TopicMessage"><Id>1346248437814-11</Id><Title>short it</Title><Msg>................</Msg><Username>greenlight_cap</Username><Timestamp>1346248437814</Timestamp><DateTime>Wed, 2012-08-29 09:53:57 EDT</DateTime><ThumbUp>0</ThumbUp><ThumbDown>0</ThumbDown><Sentiment/></Message><Message type="TopicMessage"><Id>1346248710146-12</Id><Title>buy 245 calls says GRASSO, Fast $</Title><Msg>upside</Msg><Username>riskreversal777</Username><Timestamp>1346248710146</Timestamp><DateTime>Wed, 2012-08-29 09:58:30 EDT</DateTime><ThumbUp>0</ThumbUp><ThumbDown>0</ThumbDown><Sentiment/></Message><Message type="ReplyMessage"><Id>1346248760787-13</Id><Topic><Title>Easy 260 after Feckless Ben announces more printing on Friday</Title><Username>jjjinglehimersmith</Username><Timestamp>1346186484708</Timestamp><DateTime>Tue, 2012-08-28 16:41:24 EDT</DateTime></Topic><Msg>maybe 250+</Msg><Username>riskreversal777</Username><Timestamp>1346248760787</Timestamp><DateTime>Wed, 2012-08-29 09:59:20 EDT</DateTime><ThumbUp>0</ThumbUp><ThumbDown>0</ThumbDown><Sentiment/></Message><Message type="ReplyMessage"><Id>1346250213586-14</Id><Topic><Title>Sybil cashed out 727 pcln shorts in the 590's and never looked back</Title><Username>philandjoel1e</Username><Timestamp>1346196340619</Timestamp><DateTime>Tue, 2012-08-28 19:25:40 EDT</DateTime></Topic><Msg>I have no positions in AMZN, TOL or the S&amp;P. Want another cracker monkey boy?</Msg><Username>philandjoelle</Username><Timestamp>1346250213586</Timestamp><DateTime>Wed, 2012-08-29 10:23:33 EDT</DateTime><ThumbUp>0</ThumbUp><ThumbDown>0</ThumbDown><Sentiment/></Message><Message type="TopicMessage"><Id>1346250510258-15</Id><Title>Short the next spike that . . .</Title><Msg>. . . will come within the next 13 minutes.</Msg><Username>geegenjar</Username><Timestamp>1346250510258</Timestamp><DateTime>Wed, 2012-08-29 10:28:30 EDT</DateTime><ThumbUp>0</ThumbUp><ThumbDown>0</ThumbDown><Sentiment/></Message><Message type="ReplyMessage"><Id>1346250614000-16</Id><Topic><Title>ALERT: update!!!!</Title><Username>twyla_elena33</Username><Timestamp>1346243597000</Timestamp><DateTime>Wed, 2012-08-29 08:33:17 EDT</DateTime></Topic><Msg>Thanks. So in theory.</Msg><Username>sherie_karin</Username><Timestamp>1346250614000</Timestamp><DateTime>Wed, 2012-08-29 10:30:14 EDT</DateTime><ThumbUp>0</ThumbUp><ThumbDown>0</ThumbDown><Sentiment/></Message><Message type="ReplyMessage"><Id>1346251227519-17</Id><Topic><Title>I like AMZN even better now..let us go to $250..I love it</Title><Username>checking_here</Username><Timestamp>1346172653482</Timestamp><DateTime>Tue, 2012-08-28 12:50:53 EDT</DateTime></Topic><Msg>So says Simon Baker</Msg><Username>riskreversal777</Username><Timestamp>1346251227519</Timestamp><DateTime>Wed, 2012-08-29 10:40:27 EDT</DateTime><ThumbUp>0</ThumbUp><ThumbDown>0</ThumbDown><Sentiment/></Message><Message type="ReplyMessage"><Id>1346251752253-18</Id><Topic><Title>buy 245 calls says GRASSO, Fast $</Title><Username>riskreversal777</Username><Timestamp>1346248710146</Timestamp><DateTime>Wed, 2012-08-29 09:58:30 EDT</DateTime></Topic><Msg>This week's Weeklys calls @245? No wonder they are resilient. I'll wait until they come down to $1.25 or so today.</Msg><Username>geegenjar</Username><Timestamp>1346251752253</Timestamp><DateTime>Wed, 2012-08-29 10:49:12 EDT</DateTime><ThumbUp>0</ThumbUp><ThumbDown>0</ThumbDown><Sentiment/></Message><Message type="TopicMessage"><Id>1346252363954-19</Id><Title>See what levels the "dipbuyers" show up</Title><Msg>and they always always show up in AMZN stock as the all time highs this week attest to.</Msg><Username>nasdaq_6000_baby</Username><Timestamp>1346252363954</Timestamp><DateTime>Wed, 2012-08-29 10:59:23 EDT</DateTime><ThumbUp>0</ThumbUp><ThumbDown>0</ThumbDown><Sentiment/></Message><Message type="ReplyMessage"><Id>1346252452491-20</Id><Topic><Title>Sybil cashed out 727 pcln shorts in the 590's and never looked back</Title><Username>philandjoel1e</Username><Timestamp>1346196340619</Timestamp><DateTime>Tue, 2012-08-28 19:25:40 EDT</DateTime></Topic><Msg>Sybs is a self absorped #$%$ who's carrying losses in AMZN while boasting gains that nobody cares about. idiot.</Msg><Username>nasdaq_6000_baby</Username><Timestamp>1346252452491</Timestamp><DateTime>Wed, 2012-08-29 11:00:52 EDT</DateTime><ThumbUp>0</ThumbUp><ThumbDown>0</ThumbDown><Sentiment/></Message><Message type="ReplyMessage"><Id>1346252460171-21</Id><Topic><Title>243.75 critical.</Title><Username>geegenjar</Username><Timestamp>1346248435102</Timestamp><DateTime>Wed, 2012-08-29 09:53:55 EDT</DateTime></Topic><Msg>How low can she go today? Will 240 hold?</Msg><Username>geegenjar</Username><Timestamp>1346252460171</Timestamp><DateTime>Wed, 2012-08-29 11:01:00 EDT</DateTime><ThumbUp>0</ThumbUp><ThumbDown>0</ThumbDown><Sentiment/></Message><Message type="ReplyMessage"><Id>1346252597301-22</Id><Topic><Title>245 extremely critical.</Title><Username>geegenjar</Username><Timestamp>1346248161339</Timestamp><DateTime>Wed, 2012-08-29 09:49:21 EDT</DateTime></Topic><Msg>Not anymore. It's broken.</Msg><Username>geegenjar</Username><Timestamp>1346252597301</Timestamp><DateTime>Wed, 2012-08-29 11:03:17 EDT</DateTime><ThumbUp>0</ThumbUp><ThumbDown>0</ThumbDown><Sentiment/></Message><Message type="TopicMessage"><Id>1346252659571-23</Id><Title>Waiting for 238 today.</Title><Msg>To buy calls cheap. Today. I can wait.</Msg><Username>geegenjar</Username><Timestamp>1346252659571</Timestamp><DateTime>Wed, 2012-08-29 11:04:19 EDT</DateTime><ThumbUp>0</ThumbUp><ThumbDown>0</ThumbDown><Sentiment/></Message><Message type="TopicMessage"><Id>1346252702668-24</Id><Title>Simon Baker said to buy it yesterday on the program,</Title><Msg>Buy calls for a quick trade on Ben</Msg><Username>wingofeaglets</Username><Timestamp>1346252702668</Timestamp><DateTime>Wed, 2012-08-29 11:05:02 EDT</DateTime><ThumbUp>0</ThumbUp><ThumbDown>0</ThumbDown><Sentiment/></Message><Message type="TopicMessage"><Id>1346255804816-25</Id><Title>I can't wait any longer! I'm buying calls again!</Title><Msg>I'm kidding. I'm still waiting for more dips. I may miss a good entry point, but it's all right. I'm sticking with "Buy Low, Sell High." Too many shorts here are giving good support to her at this point. That's why she is firm.</Msg><Username>geegenjar</Username><Timestamp>1346255804816</Timestamp><DateTime>Wed, 2012-08-29 11:56:44 EDT</DateTime><ThumbUp>0</ThumbUp><ThumbDown>0</ThumbDown><Sentiment/></Message><Message type="TopicMessage"><Id>1346256031031-26</Id><Title>StockConsultant.com - AMZN breakout watch</Title><Msg>so close, guess we may need to wait till after ben and jackson hole see stockconsultant.com/consultnow/basicplus.cgi?symbol=AMZN BREAKOUT WATCH for possible breakout above 248.16, no resistance in area just above. Type: Continuation breakout from single resistance. Target: 262.2, 7.1% Stop: 241.32, Loss: 1.5%, Profit/Loss ratio: 4.7 : 1 - Excellent CURRENT PRICE 244.95, at resistance, 245 ± 3.19, type single, strength 1 RESISTANCE ABOVE None. SUPPORT BELOW -3.8% at 235.6 ± 3.06, type double, strength 9 -6.4% at 229.2 ± 2.98, type double, strength 6 -8.4% at 224.3 ± 2.92, type triple, strength 10 -11.6% at 216.6 ± 2.82, type triple+, strength 10</Msg><Username>bozolover21</Username><Timestamp>1346256031031</Timestamp><DateTime>Wed, 2012-08-29 12:00:31 EDT</DateTime><ThumbUp>1</ThumbUp><ThumbDown>0</ThumbDown><Sentiment/></Message><Message type="ReplyMessage"><Id>1346256097742-27</Id><Topic><Title>See what levels the "dipbuyers" show up</Title><Username>nasdaq_6000_baby</Username><Timestamp>1346252363954</Timestamp><DateTime>Wed, 2012-08-29 10:59:23 EDT</DateTime></Topic><Msg>didn't take long on this one: in at 244.60 on this one: congrats to all the dipbuyers near that level.</Msg><Username>nasdaq_6000_baby</Username><Timestamp>1346256097742</Timestamp><DateTime>Wed, 2012-08-29 12:01:37 EDT</DateTime><ThumbUp>0</ThumbUp><ThumbDown>0</ThumbDown><Sentiment/></Message><Message type="TopicMessage"><Id>1346256153990-28</Id><Title>Position of shorts here.</Title><Msg>"A short and hold investment is a short-term trade that went wrong." Bwahahahaha . . .</Msg><Username>geegenjar</Username><Timestamp>1346256153990</Timestamp><DateTime>Wed, 2012-08-29 12:02:33 EDT</DateTime><ThumbUp>0</ThumbUp><ThumbDown>0</ThumbDown><Sentiment/></Message><Message type="TopicMessage"><Id>1346257300760-29</Id><Title>I must say that the volume is huge!!!! so many buyers here !!!</Title><Msg>Amazing AMZN will pop to 500 by the end of this year the flip flop never end 1- we are focus in revenue then 2 - we are focus in Margin then we are focus in online media selles now the last flop we are Cloud company well the cloud is about to vanish....</Msg><Username>emanuel_dabah</Username><Timestamp>1346257300760</Timestamp><DateTime>Wed, 2012-08-29 12:21:40 EDT</DateTime><ThumbUp>0</ThumbUp><ThumbDown>0</ThumbDown><Sentiment>Strong Sell</Sentiment></Message><Message type="TopicMessage"><Id>1346258214724-30</Id><Title>excelsiorswallstreet.com</Title><Msg>347-4-stocks</Msg><Username>excelsiors_wall_street</Username><Timestamp>1346258214724</Timestamp><DateTime>Wed, 2012-08-29 12:36:54 EDT</DateTime><ThumbUp>0</ThumbUp><ThumbDown>0</ThumbDown><Sentiment/></Message><Message type="ReplyMessage"><Id>1346258219000-31</Id><Topic><Title>ALERT: update!!!!</Title><Username>twyla_elena33</Username><Timestamp>1346243597000</Timestamp><DateTime>Wed, 2012-08-29 08:33:17 EDT</DateTime></Topic><Msg>Clear analysis</Msg><Username>gerda_fern</Username><Timestamp>1346258219000</Timestamp><DateTime>Wed, 2012-08-29 12:36:59 EDT</DateTime><ThumbUp>0</ThumbUp><ThumbDown>0</ThumbDown><Sentiment/></Message><Message type="ReplyMessage"><Id>1346258346422-32</Id><Topic><Title>Position of shorts here.</Title><Username>geegenjar</Username><Timestamp>1346256153990</Timestamp><DateTime>Wed, 2012-08-29 12:02:33 EDT</DateTime></Topic><Msg>Gee--Didn't you say earlier you were waiting for $238? So you expect the stock to go lower. Good play on the calls two days ago--I assume you sold them on the pop yesterday.</Msg><Username>punbr</Username><Timestamp>1346258346422</Timestamp><DateTime>Wed, 2012-08-29 12:39:06 EDT</DateTime><ThumbUp>0</ThumbUp><ThumbDown>0</ThumbDown><Sentiment/></Message><Message type="TopicMessage"><Id>1346258553513-33</Id><Title>Doji cross on the weekly chart is bad news</Title><Msg>This double top at 245-247 with a doji cross on this weeks weekly chart is possibly a big sell signal. The doji signals the bulls are losing steam here and the bears are gaining. This stock is topping here.</Msg><Username>fast3777</Username><Timestamp>1346258553513</Timestamp><DateTime>Wed, 2012-08-29 12:42:33 EDT</DateTime><ThumbUp>0</ThumbUp><ThumbDown>0</ThumbDown><Sentiment/></Message><Message type="ReplyMessage"><Id>1346259133272-34</Id><Topic><Title>Position of shorts here.</Title><Username>geegenjar</Username><Timestamp>1346256153990</Timestamp><DateTime>Wed, 2012-08-29 12:02:33 EDT</DateTime></Topic><Msg>"Didn't you say earlier you were waiting for $238? So you expect the stock to go lower." I did, but what I meant was that it would be great if AMZN went down to 238 or so, so that I would be able to buy calls cheap. Not really expecting her to go down below 240. She looks ready to start creep up again. Yes, I sold those calls yesterday above $1.00.</Msg><Username>geegenjar</Username><Timestamp>1346259133272</Timestamp><DateTime>Wed, 2012-08-29 12:52:13 EDT</DateTime><ThumbUp>0</ThumbUp><ThumbDown>0</ThumbDown><Sentiment/></Message><Message type="ReplyMessage"><Id>1346259401500-35</Id><Topic><Title>Bought some calls.</Title><Username>geegenjar</Username><Timestamp>1346090018194</Timestamp><DateTime>Mon, 2012-08-27 13:53:38 EDT</DateTime></Topic><Msg>not bad</Msg><Username>causinginflation</Username><Timestamp>1346259401500</Timestamp><DateTime>Wed, 2012-08-29 12:56:41 EDT</DateTime><ThumbUp>0</ThumbUp><ThumbDown>0</ThumbDown><Sentiment/></Message><Message type="ReplyMessage"><Id>1346259408000-36</Id><Topic><Title>ALERT: update!!!!</Title><Username>twyla_elena33</Username><Timestamp>1346243597000</Timestamp><DateTime>Wed, 2012-08-29 08:33:17 EDT</DateTime></Topic><Msg>What a great day!</Msg><Username>marylin_kelsey28</Username><Timestamp>1346259408000</Timestamp><DateTime>Wed, 2012-08-29 12:56:48 EDT</DateTime><ThumbUp>0</ThumbUp><ThumbDown>0</ThumbDown><Sentiment/></Message><Message type="TopicMessage"><Id>1346259454195-37</Id><Title>2 things to crash Amazon sales/eranings/loyalty/traffic in short to medium term</Title><Msg>Sale tax being charged in many more states over the next year in which Amazon previously offered tax free shopping. Amazon just rescinded their initial 20 GB free cloud storage and reverted everyone to 5 GB free cloud storage, saying content in excess of that that had been stored would be unavailable, and that an annual fee must be paid to get more storage. 2 Whammys from Amazon hitting their customers simultaneously right as they head into the important holiday shopping season.</Msg><Username>miguelsicluna</Username><Timestamp>1346259454195</Timestamp><DateTime>Wed, 2012-08-29 12:57:34 EDT</DateTime><ThumbUp>0</ThumbUp><ThumbDown>0</ThumbDown><Sentiment/></Message><Message type="ReplyMessage"><Id>1346259458000-38</Id><Topic><Title>Where Did Everyone Go?</Title><Username>johns_joint</Username><Timestamp>1346200311000</Timestamp><DateTime>Tue, 2012-08-28 20:31:51 EDT</DateTime></Topic><Msg>They have covered for losses whopping around the new high and are now quietly hiding somewhere "refocusing" their "algorithms" so they can lose even more money, and then cry about how rigged it all it is, and unfair, etc.</Msg><Username>nemesis_editor_2007</Username><Timestamp>1346259458000</Timestamp><DateTime>Wed, 2012-08-29 12:57:38 EDT</DateTime><ThumbUp>0</ThumbUp><ThumbDown>0</ThumbDown><Sentiment/></Message><Message type="ReplyMessage"><Id>1346259599000-39</Id><Topic><Title>SSH @ 234</Title><Username>nje457</Username><Timestamp>1345037476000</Timestamp><DateTime>Wed, 2012-08-15 09:31:16 EDT</DateTime></Topic><Msg>This joker kept bragging about how he had shorted the old high. So he rode it down and rode it back up losing most of his gains before covering for small measly gain. Great momo trading!</Msg><Username>nemesis_editor_2007</Username><Timestamp>1346259599000</Timestamp><DateTime>Wed, 2012-08-29 12:59:59 EDT</DateTime><ThumbUp>0</ThumbUp><ThumbDown>0</ThumbDown><Sentiment/></Message><Message type="TopicMessage"><Id>1346259763965-40</Id><Title>2 Fast Money players' bullish.</Title><Msg>.50 245 puts tomorrow</Msg><Username>wingofeaglets</Username><Timestamp>1346259763965</Timestamp><DateTime>Wed, 2012-08-29 13:02:43 EDT</DateTime><ThumbUp>0</ThumbUp><ThumbDown>0</ThumbDown><Sentiment/></Message><Message type="ReplyMessage"><Id>1346259779000-41</Id><Topic><Title>SSH @ 234</Title><Username>nje457</Username><Timestamp>1345037476000</Timestamp><DateTime>Wed, 2012-08-15 09:31:16 EDT</DateTime></Topic><Msg>"I am hoping AMZN is going to demo a new hybrid warehouse/retail concept or push the lockers" Nope. More likely to be a new Fire or Kindle or both. You'd know this if you followed the usual kinds of announcements that come around this time of the year. But then we don't expect Amazon shorts to do any kind of normal due diligence that comes natural to smart shorts of other stocks. No wonder this guy could enter short at $180 and lose his shirt!</Msg><Username>nemesis_editor_2007</Username><Timestamp>1346259779000</Timestamp><DateTime>Wed, 2012-08-29 13:02:59 EDT</DateTime><ThumbUp>0</ThumbUp><ThumbDown>0</ThumbDown><Sentiment/></Message><Message type="TopicMessage"><Id>1346259794951-42</Id><Title>Where is the volume?</Title><Msg>I know it's August, but less than 1mm shares by 1:00?? Where is the volume? Anytime the machines step away, the stock falls. Low volume at the breakout is not a good sign.</Msg><Username>chl94611</Username><Timestamp>1346259794951</Timestamp><DateTime>Wed, 2012-08-29 13:03:14 EDT</DateTime><ThumbUp>0</ThumbUp><ThumbDown>0</ThumbDown><Sentiment/></Message><Message type="ReplyMessage"><Id>1346260027000-43</Id><Topic><Title>Where Did Everyone Go?</Title><Username>johns_joint</Username><Timestamp>1346200311000</Timestamp><DateTime>Tue, 2012-08-28 20:31:51 EDT</DateTime></Topic><Msg>pssst, there is a new message board. Update your link.</Msg><Username>timberlane_99</Username><Timestamp>1346260027000</Timestamp><DateTime>Wed, 2012-08-29 13:07:07 EDT</DateTime><ThumbUp>0</ThumbUp><ThumbDown>0</ThumbDown><Sentiment/></Message><Message type="TopicMessage"><Id>1346260051515-44</Id><Title>#$%$ ?? BBY is moving</Title><Msg>What is the reason now ?</Msg><Username>jgiled</Username><Timestamp>1346260051515</Timestamp><DateTime>Wed, 2012-08-29 13:07:31 EDT</DateTime><ThumbUp>0</ThumbUp><ThumbDown>0</ThumbDown><Sentiment/></Message><Message type="ReplyMessage"><Id>1346260902000-45</Id><Topic><Title>ALERT: update!!!!</Title><Username>twyla_elena33</Username><Timestamp>1346243597000</Timestamp><DateTime>Wed, 2012-08-29 08:33:17 EDT</DateTime></Topic><Msg>Its a Must See Chart Pattern</Msg><Username>garnet_elisabeth</Username><Timestamp>1346260902000</Timestamp><DateTime>Wed, 2012-08-29 13:21:42 EDT</DateTime><ThumbUp>0</ThumbUp><ThumbDown>0</ThumbDown><Sentiment/></Message><Message type="ReplyMessage"><Id>1346261471382-46</Id><Topic><Title>Where is the volume?</Title><Username>chl94611</Username><Timestamp>1346259794951</Timestamp><DateTime>Wed, 2012-08-29 13:03:14 EDT</DateTime></Topic><Msg>when has volume mattered ? there's been no volume in the market since 2008 and yet, prices are up huge and continue higher and higher: I'd say the lack of volume has been hugely bullish. Look at AMZN rock once again off it's lows: another victory for the dipbuyers: they are like the Globetrotter playing the Wasingtion Generals: undefeated in AMZN. AMZN ROCKING AGAIN AND AGAIN!</Msg><Username>nasdaq_6000_baby</Username><Timestamp>1346261471382</Timestamp><DateTime>Wed, 2012-08-29 13:31:11 EDT</DateTime><ThumbUp>0</ThumbUp><ThumbDown>0</ThumbDown><Sentiment/></Message><Message type="ReplyMessage"><Id>1346261866556-47</Id><Topic><Title>Where is the volume?</Title><Username>chl94611</Username><Timestamp>1346259794951</Timestamp><DateTime>Wed, 2012-08-29 13:03:14 EDT</DateTime></Topic><Msg>What I love is how easy no volume moves up AMZN, and takes huge volume to move it down almost at all. Show what side controls it. yeah baby yeah</Msg><Username>nasdaq_6000_baby</Username><Timestamp>1346261866556</Timestamp><DateTime>Wed, 2012-08-29 13:37:46 EDT</DateTime><ThumbUp>0</ThumbUp><ThumbDown>0</ThumbDown><Sentiment/></Message><Message type="TopicMessage"><Id>1346262356793-48</Id><Title>75 CENTS FROM NEW ALLTIME HIGHS: ANOTHER CUP 'N HANDLE HIGHER</Title><Msg>Repetitive cup'n handle move higher and higher. gotta love it.</Msg><Username>nasdaq_6000_baby</Username><Timestamp>1346262356793</Timestamp><DateTime>Wed, 2012-08-29 13:45:56 EDT</DateTime><ThumbUp>0</ThumbUp><ThumbDown>0</ThumbDown><Sentiment/></Message><Message type="TopicMessage"><Id>1346262483057-49</Id><Title>LOOKS LIKE THE WEEKLY 250 CALLS MIGHT BE IN PLAY</Title><Msg>AMZN IS A BULLISH OPTION GOLDMINE.</Msg><Username>nasdaq_6000_baby</Username><Timestamp>1346262483057</Timestamp><DateTime>Wed, 2012-08-29 13:48:03 EDT</DateTime><ThumbUp>0</ThumbUp><ThumbDown>0</ThumbDown><Sentiment/></Message><Message type="ReplyMessage"><Id>1346262585199-50</Id><Topic><Title>LOOKS LIKE THE WEEKLY 250 CALLS MIGHT BE IN PLAY</Title><Username>nasdaq_6000_baby</Username><Timestamp>1346262483057</Timestamp><DateTime>Wed, 2012-08-29 13:48:03 EDT</DateTime></Topic><Msg>AND MORE SIMPLY A DIPBUYING GOLDMINE!</Msg><Username>nasdaq_6000_baby</Username><Timestamp>1346262585199</Timestamp><DateTime>Wed, 2012-08-29 13:49:45 EDT</DateTime><ThumbUp>0</ThumbUp><ThumbDown>0</ThumbDown><Sentiment/></Message><Message type="TopicMessage"><Id>1346262672032-51</Id><Title>Pre-'Bernack Free Crack' run through tomorrow</Title><Msg>The ONLY way to 'invest' in the New Paradigm is to buy the Feckless Fed pumps. ZIRP will be extended as long as it takes to destroy all savers. Just like Japan, except that we are the Reserve Currency and our Fed runs our country now.</Msg><Username>jjjinglehimersmith</Username><Timestamp>1346262672032</Timestamp><DateTime>Wed, 2012-08-29 13:51:12 EDT</DateTime><ThumbUp>0</ThumbUp><ThumbDown>0</ThumbDown><Sentiment/></Message><Message type="TopicMessage"><Id>1346262825671-52</Id><Title>Chart looks the same every day on low volume</Title><Msg>Spike up at the open, pull back a couple of bucks to a low between 10 and 11am, drift up to a plateau prior to lunch and then run to new highs all afternoon.</Msg><Username>once_on</Username><Timestamp>1346262825671</Timestamp><DateTime>Wed, 2012-08-29 13:53:45 EDT</DateTime><ThumbUp>0</ThumbUp><ThumbDown>0</ThumbDown><Sentiment/></Message><Message type="TopicMessage"><Id>1346262843141-53</Id><Title>Next Cup 'n handle breakout measures to 250</Title><Msg>wow! almost 50 points up from post earnings AH lows. What a great move. Who says Companies get bought on what they earning today? AMZN has proved that to be a huge wrong.</Msg><Username>nasdaq_6000_baby</Username><Timestamp>1346262843141</Timestamp><DateTime>Wed, 2012-08-29 13:54:03 EDT</DateTime><ThumbUp>0</ThumbUp><ThumbDown>1</ThumbDown><Sentiment/></Message><Message type="TopicMessage"><Id>1346262958750-54</Id><Title>248 in a few minutes</Title><Msg>hang on</Msg><Username>wingofeaglets</Username><Timestamp>1346262958750</Timestamp><DateTime>Wed, 2012-08-29 13:55:58 EDT</DateTime><ThumbUp>0</ThumbUp><ThumbDown>0</ThumbDown><Sentiment/></Message><Message type="ReplyMessage"><Id>1346263046949-55</Id><Topic><Title>Chart looks the same every day on low volume</Title><Username>once_on</Username><Timestamp>1346262825671</Timestamp><DateTime>Wed, 2012-08-29 13:53:45 EDT</DateTime></Topic><Msg>Whole market does same thing, same pattern....can't see any real drop here until after whatever sept 6 show is.</Msg><Username>robynrokn</Username><Timestamp>1346263046949</Timestamp><DateTime>Wed, 2012-08-29 13:57:26 EDT</DateTime><ThumbUp>0</ThumbUp><ThumbDown>0</ThumbDown><Sentiment>Strong Sell</Sentiment></Message><Message type="ReplyMessage"><Id>1346263054000-56</Id><Topic><Title>ALERT: update!!!!</Title><Username>twyla_elena33</Username><Timestamp>1346243597000</Timestamp><DateTime>Wed, 2012-08-29 08:33:17 EDT</DateTime></Topic><Msg>I will take a look at this.</Msg><Username>tressa_caitlin</Username><Timestamp>1346263054000</Timestamp><DateTime>Wed, 2012-08-29 13:57:34 EDT</DateTime><ThumbUp>0</ThumbUp><ThumbDown>0</ThumbDown><Sentiment/></Message><Message type="ReplyMessage"><Id>1346263313216-57</Id><Topic><Title>Chart looks the same every day on low volume</Title><Username>once_on</Username><Timestamp>1346262825671</Timestamp><DateTime>Wed, 2012-08-29 13:53:45 EDT</DateTime></Topic><Msg>low volume? put down the crack pipe! Today's volume could be the single highest in six months and we might even eclipse the 200,000 mark if the momentum continues.</Msg><Username>shorthighcoverlower</Username><Timestamp>1346263313216</Timestamp><DateTime>Wed, 2012-08-29 14:01:53 EDT</DateTime><ThumbUp>0</ThumbUp><ThumbDown>0</ThumbDown><Sentiment/></Message><Message type="TopicMessage"><Id>1346263406283-58</Id><Title>250 calls active</Title><Msg>breaking out</Msg><Username>riskreversal777</Username><Timestamp>1346263406283</Timestamp><DateTime>Wed, 2012-08-29 14:03:26 EDT</DateTime><ThumbUp>0</ThumbUp><ThumbDown>0</ThumbDown><Sentiment/></Message><Message type="TopicMessage"><Id>1346263547150-59</Id><Title>Double top with RSI Divergence....</Title><Msg>buying 235 and 240 puts here, no brainer</Msg><Username>brian_jakeway</Username><Timestamp>1346263547150</Timestamp><DateTime>Wed, 2012-08-29 14:05:47 EDT</DateTime><ThumbUp>0</ThumbUp><ThumbDown>0</ThumbDown><Sentiment/></Message><Message type="TopicMessage"><Id>1346263633536-60</Id><Title>LOL! SEPT 6 MEETING: AMZN GAIN AND AAPL PAIN!</Title><Msg>AMZN IS ACTING STRONGER THAN AAPL TODAY!</Msg><Username>nasdaq_6000_baby</Username><Timestamp>1346263633536</Timestamp><DateTime>Wed, 2012-08-29 14:07:13 EDT</DateTime><ThumbUp>0</ThumbUp><ThumbDown>0</ThumbDown><Sentiment/></Message><Message type="TopicMessage"><Id>1346263650639-61</Id><Title>step in with calls</Title><Msg>250 before fri.</Msg><Username>riskreversal777</Username><Timestamp>1346263650639</Timestamp><DateTime>Wed, 2012-08-29 14:07:30 EDT</DateTime><ThumbUp>0</ThumbUp><ThumbDown>0</ThumbDown><Sentiment/></Message><Message type="TopicMessage"><Id>1346263858311-62</Id><Title>Tom Alberg sells</Title><Msg>insider Tom Alberg just sold $400,000 worth of shares.</Msg><Username>bluebloodedtrader</Username><Timestamp>1346263858311</Timestamp><DateTime>Wed, 2012-08-29 14:10:58 EDT</DateTime><ThumbUp>0</ThumbUp><ThumbDown>0</ThumbDown><Sentiment/></Message><Message type="ReplyMessage"><Id>1346263859019-63</Id><Topic><Title>Double top with RSI Divergence....</Title><Username>brian_jakeway</Username><Timestamp>1346263547150</Timestamp><DateTime>Wed, 2012-08-29 14:05:47 EDT</DateTime></Topic><Msg>sept. s.b. perfect they can't keep this bag of turds in the air for three more weeks</Msg><Username>brian_jakeway</Username><Timestamp>1346263859019</Timestamp><DateTime>Wed, 2012-08-29 14:10:59 EDT</DateTime><ThumbUp>0</ThumbUp><ThumbDown>0</ThumbDown><Sentiment/></Message><Message type="TopicMessage"><Id>1346264127415-64</Id><Title>Sybil : the Ultimate Idiot!!!</Title><Msg>Poor, stupid Sybil!!!</Msg><Username>philandjoelle</Username><Timestamp>1346264127415</Timestamp><DateTime>Wed, 2012-08-29 14:15:27 EDT</DateTime><ThumbUp>0</ThumbUp><ThumbDown>0</ThumbDown><Sentiment/></Message><Message type="TopicMessage"><Id>1346264511063-65</Id><Title>Shorts, I am sad.</Title><Msg>I am sad because I missed a great opportunities to buy calls cheap this morning. Unlike you, I'm too chicken to buy as the price gets higher and higher. You're the backbone of America. You're brave.</Msg><Username>geegenjar</Username><Timestamp>1346264511063</Timestamp><DateTime>Wed, 2012-08-29 14:21:51 EDT</DateTime><ThumbUp>0</ThumbUp><ThumbDown>0</ThumbDown><Sentiment/></Message><Message type="ReplyMessage"><Id>1346264590481-66</Id><Topic><Title>Sybil : the Ultimate Idiot!!!</Title><Username>philandjoelle</Username><Timestamp>1346264127415</Timestamp><DateTime>Wed, 2012-08-29 14:15:27 EDT</DateTime></Topic><Msg>actually he's been incredible good indicator of upside with every one of his posts. I hope he keeps it up. We lost a few others who were cocky when they came in so we want him to stick around.</Msg><Username>nasdaq_6000_baby</Username><Timestamp>1346264590481</Timestamp><DateTime>Wed, 2012-08-29 14:23:10 EDT</DateTime><ThumbUp>0</ThumbUp><ThumbDown>0</ThumbDown><Sentiment/></Message><Message type="TopicMessage"><Id>1346264821168-67</Id><Title>Today is the anti_Einhorn trade! lol!</Title><Msg>Long AMZN/short AAPL: even though overall they are both rock star stocks.</Msg><Username>nasdaq_6000_baby</Username><Timestamp>1346264821168</Timestamp><DateTime>Wed, 2012-08-29 14:27:01 EDT</DateTime><ThumbUp>0</ThumbUp><ThumbDown>0</ThumbDown><Sentiment/></Message><Message type="TopicMessage"><Id>1346265111604-68</Id><Title>Did another short bite the dust? techstrategy?</Title><Msg>Chalk was crushed and looks like techstrategy has learned the power against him shorting AMZN.</Msg><Username>nasdaq_6000_baby</Username><Timestamp>1346265111604</Timestamp><DateTime>Wed, 2012-08-29 14:31:51 EDT</DateTime><ThumbUp>1</ThumbUp><ThumbDown>0</ThumbDown><Sentiment/></Message><Message type="TopicMessage"><Id>1346266142240-69</Id><Title>Yet another indication of a top - probably one of the strongest contrarian indicators that exist</Title><Msg>Pumperz stumbling around on the board drunk on koolaid and bashing sybil non stop.... Yep, per philjoe, nasdaq, and geegee (none of whom actually have a bet down) - we are at the summit.... Enjoy the ride back down idiots.</Msg><Username>philandjoel1e</Username><Timestamp>1346266142240</Timestamp><DateTime>Wed, 2012-08-29 14:49:02 EDT</DateTime><ThumbUp>0</ThumbUp><ThumbDown>0</ThumbDown><Sentiment/></Message><Message type="ReplyMessage"><Id>1346266417163-70</Id><Topic><Title>Sybil : the Ultimate Idiot!!!</Title><Username>philandjoelle</Username><Timestamp>1346264127415</Timestamp><DateTime>Wed, 2012-08-29 14:15:27 EDT</DateTime></Topic><Msg>I know what you're saying The more he posted that PCLN was going to crash, the higher it went ($550 to $770)</Msg><Username>philandjoelle</Username><Timestamp>1346266417163</Timestamp><DateTime>Wed, 2012-08-29 14:53:37 EDT</DateTime><ThumbUp>0</ThumbUp><ThumbDown>0</ThumbDown><Sentiment/></Message><Message type="TopicMessage"><Id>1346266739894-71</Id><Title>Insane pumpers and basherz of sane shorts seem to enjoy picking their own fictional endings</Title><Msg>The post that "this short has been killed, and that short covered, while the other short learned his lesson.". These idiots dont have a clue on how a trade is established, built up, and then won.... Watch how shorty sybil teaches these kindergartners a lesson just in time for school to start.</Msg><Username>philandjoel1e</Username><Timestamp>1346266739894</Timestamp><DateTime>Wed, 2012-08-29 14:58:59 EDT</DateTime><ThumbUp>0</ThumbUp><ThumbDown>0</ThumbDown><Sentiment/></Message><Message type="TopicMessage"><Id>1346267382802-72</Id><Title>2 Fast $ traders' told u it was going higher. All time high is .60 away</Title><Msg>We can get there.</Msg><Username>riskreversal777</Username><Timestamp>1346267382802</Timestamp><DateTime>Wed, 2012-08-29 15:09:42 EDT</DateTime><ThumbUp>0</ThumbUp><ThumbDown>0</ThumbDown><Sentiment/></Message><Message type="ReplyMessage"><Id>1346267778092-73</Id><Topic><Title>Insane pumpers and basherz of sane shorts seem to enjoy picking their own fictional endings</Title><Username>philandjoel1e</Username><Timestamp>1346266739894</Timestamp><DateTime>Wed, 2012-08-29 14:58:59 EDT</DateTime></Topic><Msg>"These idiots dont have a clue on how a trade is established, built up, and then won" yes I have a big clue: that you are an idiot who adds shorts on losing positions with your losses increasing: that is a stupid way to trade.</Msg><Username>nasdaq_6000_baby</Username><Timestamp>1346267778092</Timestamp><DateTime>Wed, 2012-08-29 15:16:18 EDT</DateTime><ThumbUp>1</ThumbUp><ThumbDown>0</ThumbDown><Sentiment/></Message><Message type="ReplyMessage"><Id>1346268092978-74</Id><Topic><Title>Yet another indication of a top - probably one of the strongest contrarian indicators that exist</Title><Username>philandjoel1e</Username><Timestamp>1346266142240</Timestamp><DateTime>Wed, 2012-08-29 14:49:02 EDT</DateTime></Topic><Msg>"Enjoy the ride back down idiots." yeah , what a ride down: up about 40-50 since you've been posting your drival. If you wee so good, you wouldn't have shorted 40-50 lower. Stock has already taken a ride against you as you say for others to enjoy the ride down. That's a statement only an idiot can make. lol!</Msg><Username>nasdaq_6000_baby</Username><Timestamp>1346268092978</Timestamp><DateTime>Wed, 2012-08-29 15:21:32 EDT</DateTime><ThumbUp>0</ThumbUp><ThumbDown>0</ThumbDown><Sentiment/></Message><Message type="ReplyMessage"><Id>1346268152130-75</Id><Topic><Title>Insane pumpers and basherz of sane shorts seem to enjoy picking their own fictional endings</Title><Username>philandjoel1e</Username><Timestamp>1346266739894</Timestamp><DateTime>Wed, 2012-08-29 14:58:59 EDT</DateTime></Topic><Msg>you're a cancer to anyone who followed your short advice. truly.</Msg><Username>nasdaq_6000_baby</Username><Timestamp>1346268152130</Timestamp><DateTime>Wed, 2012-08-29 15:22:32 EDT</DateTime><ThumbUp>0</ThumbUp><ThumbDown>0</ThumbDown><Sentiment/></Message><Message type="TopicMessage"><Id>1346268357384-76</Id><Title>this is basically a summation of Sybs advice: short into constant 52 week highs</Title><Msg>and he started around 215 or lower on his short escape. The posts are there for the proof. I hope he sticks around as the stock goes up with everytime he shows up like it used to for panichomo or PWJ1857.</Msg><Username>nasdaq_6000_baby</Username><Timestamp>1346268357384</Timestamp><DateTime>Wed, 2012-08-29 15:25:57 EDT</DateTime><ThumbUp>0</ThumbUp><ThumbDown>0</ThumbDown><Sentiment/></Message><Message type="ReplyMessage"><Id>1346268886772-77</Id><Topic><Title>this is basically a summation of Sybs advice: short into constant 52 week highs</Title><Username>nasdaq_6000_baby</Username><Timestamp>1346268357384</Timestamp><DateTime>Wed, 2012-08-29 15:25:57 EDT</DateTime></Topic><Msg>Panichomo(2) has been homeless since late April. She wrote naked calls and lost her house.</Msg><Username>geegenjar</Username><Timestamp>1346268886772</Timestamp><DateTime>Wed, 2012-08-29 15:34:46 EDT</DateTime><ThumbUp>0</ThumbUp><ThumbDown>0</ThumbDown><Sentiment/></Message><Message type="ReplyMessage"><Id>1346269121525-78</Id><Topic><Title>BRUTAL OVERPRICED = MONSTER SELLOFF IMMINENT</Title><Username>pharmaheroac</Username><Timestamp>1346268463131</Timestamp><DateTime>Wed, 2012-08-29 15:27:43 EDT</DateTime></Topic><Msg>looks more like as AAPL falls, AMZN maintains it price or moves higher and higher!</Msg><Username>nasdaq_6000_baby</Username><Timestamp>1346269121525</Timestamp><DateTime>Wed, 2012-08-29 15:38:41 EDT</DateTime><ThumbUp>0</ThumbUp><ThumbDown>0</ThumbDown><Sentiment/></Message><Message type="TopicMessage"><Id>1346269539690-79</Id><Title>finally gonna get new closing alltime highs over last year's 246.71</Title><Msg>Congrats to all amzn investors!! And thanks for the tremendous support from the powers that be.</Msg><Username>nasdaq_6000_baby</Username><Timestamp>1346269539690</Timestamp><DateTime>Wed, 2012-08-29 15:45:39 EDT</DateTime><ThumbUp>0</ThumbUp><ThumbDown>0</ThumbDown><Sentiment/></Message><Message type="ReplyMessage"><Id>1346269943405-80</Id><Topic><Title>BRUTAL OVERPRICED = MONSTER SELLOFF IMMINENT</Title><Username>pharmaheroac</Username><Timestamp>1346268463131</Timestamp><DateTime>Wed, 2012-08-29 15:27:43 EDT</DateTime></Topic><Msg>Must agree. Way over priced. Sold shares at above $247 and purchased Oct puts $240 &amp; $245</Msg><Username>jacobdror98</Username><Timestamp>1346269943405</Timestamp><DateTime>Wed, 2012-08-29 15:52:23 EDT</DateTime><ThumbUp>0</ThumbUp><ThumbDown>0</ThumbDown><Sentiment/></Message><Message type="TopicMessage"><Id>1346270132733-81</Id><Title>I'll tell ya: AMZN stock is better than gold! best currency out there</Title><Msg>it's as strong as any asset out there.right now.</Msg><Username>nasdaq_6000_baby</Username><Timestamp>1346270132733</Timestamp><DateTime>Wed, 2012-08-29 15:55:32 EDT</DateTime><ThumbUp>0</ThumbUp><ThumbDown>0</ThumbDown><Sentiment/></Message><Message type="TopicMessage"><Id>1346270238748-82</Id><Title>pharmaheroc! your posts of doom don't work</Title><Msg>and they will keep not working: nobody made you short the king: AMZN.</Msg><Username>nasdaq_6000_baby</Username><Timestamp>1346270238748</Timestamp><DateTime>Wed, 2012-08-29 15:57:18 EDT</DateTime><ThumbUp>0</ThumbUp><ThumbDown>0</ThumbDown><Sentiment/></Message><Message type="TopicMessage"><Id>1346270296210-83</Id><Title>AMZN will be the first 400 PE stock with over 100 billion market cap</Title><Msg>Amazing! LOL LOL LOL</Msg><Username>pinnacle01</Username><Timestamp>1346270296210</Timestamp><DateTime>Wed, 2012-08-29 15:58:16 EDT</DateTime><ThumbUp>1</ThumbUp><ThumbDown>0</ThumbDown><Sentiment/></Message><Message type="TopicMessage"><Id>1346270642833-84</Id><Title>CONGRATS TO ALL INVESTORS : A NEW ALLTIME HIGH CLOSE IN AMZN STOCK</Title><Msg>BEEN ROCKING HIGHER SINCE THE SUMMER OF 2001.</Msg><Username>nasdaq_6000_baby</Username><Timestamp>1346270642833</Timestamp><DateTime>Wed, 2012-08-29 16:04:02 EDT</DateTime><ThumbUp>0</ThumbUp><ThumbDown>0</ThumbDown><Sentiment/></Message><Message type="ReplyMessage"><Id>1346270672989-85</Id><Topic><Title>BRUTAL OVERPRICED = MONSTER SELLOFF IMMINENT</Title><Username>pharmaheroac</Username><Timestamp>1346268463131</Timestamp><DateTime>Wed, 2012-08-29 15:27:43 EDT</DateTime></Topic><Msg>Yea but when? I want to short this but who knows just how overpriced this can get. Very tempting right now though!!!</Msg><Username>missinoutagain</Username><Timestamp>1346270672989</Timestamp><DateTime>Wed, 2012-08-29 16:04:32 EDT</DateTime><ThumbUp>2</ThumbUp><ThumbDown>0</ThumbDown><Sentiment/></Message><Message type="TopicMessage"><Id>1346271073580-86</Id><Title>PCLN,CMG,BIDU,NFLX,the list is growing and AMZN will follow</Title><Msg>Within a day or two of a top.</Msg><Username>fast3777</Username><Timestamp>1346271073580</Timestamp><DateTime>Wed, 2012-08-29 16:11:13 EDT</DateTime><ThumbUp>0</ThumbUp><ThumbDown>0</ThumbDown><Sentiment/></Message><Message type="TopicMessage"><Id>1346272059795-87</Id><Title>OMFG ..... Scamazon iz trading at 180 AH!!!!</Title><Msg>Sybs making a fortune! Get ready pumperz - its coming.</Msg><Username>philandjoel1e</Username><Timestamp>1346272059795</Timestamp><DateTime>Wed, 2012-08-29 16:27:39 EDT</DateTime><ThumbUp>0</ThumbUp><ThumbDown>0</ThumbDown><Sentiment/></Message><Message type="ReplyMessage"><Id>1346272361169-88</Id><Topic><Title>AMZN will never stop building warehouses</Title><Username>jackthomas_2002</Username><Timestamp>1343734827000</Timestamp><DateTime>Tue, 2012-07-31 07:40:27 EDT</DateTime></Topic><Msg>"Short AMZN if this goes down below $230" And if it doesn't? Do you recommend shorting it when it gets above $330, then?</Msg><Username>nemesis_editor_2007</Username><Timestamp>1346272361169</Timestamp><DateTime>Wed, 2012-08-29 16:32:41 EDT</DateTime><ThumbUp>0</ThumbUp><ThumbDown>0</ThumbDown><Sentiment/></Message><Message type="ReplyMessage"><Id>1346272361530-89</Id><Topic><Title>AMZN will never stop building warehouses</Title><Username>jackthomas_2002</Username><Timestamp>1343734827000</Timestamp><DateTime>Tue, 2012-07-31 07:40:27 EDT</DateTime></Topic><Msg>"Short AMZN if this goes down below $230" And if it doesn't? Do you recommend shorting it when it gets above $330, then?</Msg><Username>nemesis_editor_2007</Username><Timestamp>1346272361530</Timestamp><DateTime>Wed, 2012-08-29 16:32:41 EDT</DateTime><ThumbUp>0</ThumbUp><ThumbDown>0</ThumbDown><Sentiment/></Message><Message type="ReplyMessage"><Id>1346275097778-90</Id><Topic><Title>OMFG ..... Scamazon iz trading at 180 AH!!!!</Title><Username>philandjoel1e</Username><Timestamp>1346272059795</Timestamp><DateTime>Wed, 2012-08-29 16:27:39 EDT</DateTime></Topic><Msg>That's your brokerage account...at $180!!! Want another cracker monkey boy?</Msg><Username>philandjoelle</Username><Timestamp>1346275097778</Timestamp><DateTime>Wed, 2012-08-29 17:18:17 EDT</DateTime><ThumbUp>2</ThumbUp><ThumbDown>0</ThumbDown><Sentiment/></Message><Message type="ReplyMessage"><Id>1346275265484-91</Id><Topic><Title>Did another short bite the dust? techstrategy?</Title><Username>nasdaq_6000_baby</Username><Timestamp>1346265111604</Timestamp><DateTime>Wed, 2012-08-29 14:31:51 EDT</DateTime></Topic><Msg>Are you kidding me? Nope. I'm adding and will be as this scam get pumped further on "going global", "silk browser", AWS and the rest... I don't play for the short term. I use a conditional put spread strategy to beat those that prey upon others. I've gotten squeezed in EVERY position (several are up close to 20%) I have for the past month and feeling no pain...</Msg><Username>techstrategy</Username><Timestamp>1346275265484</Timestamp><DateTime>Wed, 2012-08-29 17:21:05 EDT</DateTime><ThumbUp>1</ThumbUp><ThumbDown>0</ThumbDown><Sentiment/></Message><Message type="TopicMessage"><Id>1346275607709-92</Id><Title>Christmas is just around the corner</Title><Msg>Anyone shorting AMZN, AAPL or any other retail monster is brain dead</Msg><Username>philandjoelle</Username><Timestamp>1346275607709</Timestamp><DateTime>Wed, 2012-08-29 17:26:47 EDT</DateTime><ThumbUp>0</ThumbUp><ThumbDown>1</ThumbDown><Sentiment/></Message><Message type="TopicMessage"><Id>1346277166890-93</Id><Title>Sybil...Sybil...Sybil...</Title><Msg>You are shorting stocks that are all hitting 52 week or mostly all-time highs??? TOL, AMZN, AAPL??? Didn't PCLN teach you anything? $525 to $770 and all you claimed to be doing was shorting...</Msg><Username>stock_dudes</Username><Timestamp>1346277166890</Timestamp><DateTime>Wed, 2012-08-29 17:52:46 EDT</DateTime><ThumbUp>0</ThumbUp><ThumbDown>1</ThumbDown><Sentiment/></Message><Message type="TopicMessage"><Id>1346280726584-94</Id><Title>AMAZON AND AUDIBLE ACCOUNT MERGE SCAM</Title><Msg>Anyone else have their account hijacked? Credits stolen, and the morons at Audible and Amazon cannont for the life of them fix it! Some dope in a suit got the bright idea to merge accounts and steal credits from customers. Amazon has terrible customer service, audible is worse.</Msg><Username>reackock</Username><Timestamp>1346280726584</Timestamp><DateTime>Wed, 2012-08-29 18:52:06 EDT</DateTime><ThumbUp>0</ThumbUp><ThumbDown>0</ThumbDown><Sentiment/></Message><Message type="ReplyMessage"><Id>1346286265042-95</Id><Topic><Title>Sybil...Sybil...Sybil...</Title><Username>stock_dudes</Username><Timestamp>1346277166890</Timestamp><DateTime>Wed, 2012-08-29 17:52:46 EDT</DateTime></Topic><Msg>You basherz of sybil are suck #$%$ idiots.... Now sybil was short pcln at 525 and covered at 770 according to this douchbag.... Sybil made arsloads of coin of shorting cmg, pcln, nflx and fslr exactly how sybil will make arsloads shorting the sheit out of scamazon... Shorting a lowfloater at rediculous bubblishious highs and valuationz as fidelity, tro, et al are prepairing to unload them is EXACTLY how you make money in a secular bear market you idiot.... What would you short? Aa, bac, and csco? All at record low p/e and fantastic values at some point after the market crashes..... You are stupid....</Msg><Username>philandjoel1e</Username><Timestamp>1346286265042</Timestamp><DateTime>Wed, 2012-08-29 20:24:25 EDT</DateTime><ThumbUp>0</ThumbUp><ThumbDown>0</ThumbDown><Sentiment/></Message><Message type="ReplyMessage"><Id>1346287171664-96</Id><Topic><Title>PCLN,CMG,BIDU,NFLX,the list is growing and AMZN will follow</Title><Username>fast3777</Username><Timestamp>1346271073580</Timestamp><DateTime>Wed, 2012-08-29 16:11:13 EDT</DateTime></Topic><Msg>Remember when PCLN was going to $700. Remember when CMG was on its way to $450. Remember when NFLX was a screaming buy at $300. Give it a little time.</Msg><Username>abatulis</Username><Timestamp>1346287171664</Timestamp><DateTime>Wed, 2012-08-29 20:39:31 EDT</DateTime><ThumbUp>1</ThumbUp><ThumbDown>0</ThumbDown><Sentiment>Strong Sell</Sentiment></Message><Message type="TopicMessage"><Id>1346287671770-97</Id><Title>AMZN the worst short 3 years running. Sure eventually it will crash....</Title><Msg>... But eventually the sun will blow up as well. Waiting (and missing out one 100's of % increases) 3 years for a crash was/is such a waste. at BEST you'll make 75% shorting. Where as the longs have made how many hundreds of % gain from the low? I feel bad for the shorts. What a bad move shorting AMZN.</Msg><Username>charts_say_sell_u_dumb_azz</Username><Timestamp>1346287671770</Timestamp><DateTime>Wed, 2012-08-29 20:47:51 EDT</DateTime><ThumbUp>0</ThumbUp><ThumbDown>0</ThumbDown><Sentiment/></Message><Message type="ReplyMessage"><Id>1346290476761-98</Id><Topic><Title>AMZN the worst short 3 years running. Sure eventually it will crash....</Title><Username>charts_say_sell_u_dumb_azz</Username><Timestamp>1346287671770</Timestamp><DateTime>Wed, 2012-08-29 20:47:51 EDT</DateTime></Topic><Msg>The same justification was used with Netflix, Chipotle etc. etc. When they crash, they crash HARD and BIG.</Msg><Username>grandapa.clampett</Username><Timestamp>1346290476761</Timestamp><DateTime>Wed, 2012-08-29 21:34:36 EDT</DateTime><ThumbUp>0</ThumbUp><ThumbDown>0</ThumbDown><Sentiment/></Message><Message type="ReplyMessage"><Id>1346292366341-99</Id><Topic><Title>Sybil...Sybil...Sybil...</Title><Username>stock_dudes</Username><Timestamp>1346277166890</Timestamp><DateTime>Wed, 2012-08-29 17:52:46 EDT</DateTime></Topic><Msg>Well, well, well...now you admit you started shorting PCLN at $525? Will wonders never cease?</Msg><Username>philandjoelle</Username><Timestamp>1346292366341</Timestamp><DateTime>Wed, 2012-08-29 22:06:06 EDT</DateTime><ThumbUp>0</ThumbUp><ThumbDown>0</ThumbDown><Sentiment/></Message><Message type="TopicMessage"><Id>1346292902159-100</Id><Title>I sure hope AMZN is like PCLN</Title><Msg>PCLN has gone from $300 to $600 in the past 2 years</Msg><Username>philandjoelle</Username><Timestamp>1346292902159</Timestamp><DateTime>Wed, 2012-08-29 22:15:02 EDT</DateTime><ThumbUp>0</ThumbUp><ThumbDown>0</ThumbDown><Sentiment/></Message><Message type="TopicMessage"><Id>1346293074543-101</Id><Title>Shorts got lucky!</Title><Msg>Some serious selling is going on in Asian markets tonight. European markets will probably tank tonight, so AMZN surging to 250s tomorrow will be probably averted. Shorts got one more day to live. Hallelujah. Bwahahahaha . . . .</Msg><Username>geegenjar</Username><Timestamp>1346293074543</Timestamp><DateTime>Wed, 2012-08-29 22:17:54 EDT</DateTime><ThumbUp>0</ThumbUp><ThumbDown>1</ThumbDown><Sentiment/></Message><Message type="ReplyMessage"><Id>1346293485774-102</Id><Topic><Title>Did another short bite the dust? techstrategy?</Title><Username>nasdaq_6000_baby</Username><Timestamp>1346265111604</Timestamp><DateTime>Wed, 2012-08-29 14:31:51 EDT</DateTime></Topic><Msg>"I've gotten squeezed in EVERY position (several are up close to 20%) I have for the past month and feeling no pain..." That's the tragedy with most shorts here. You guys lack the capability to fear the price moving higher. You guys short AMZN because you've seen her plunge spectacularly a few times, dreaming of making lots of money quick, only to find that the stock starts to move upward right after you short, forcing you to "declare" that you're a long-term "investor," not a gung ho trader. Your brokers will pull the plug for you eventually. That's how things end for you shorts around here.</Msg><Username>geegenjar</Username><Timestamp>1346293485774</Timestamp><DateTime>Wed, 2012-08-29 22:24:45 EDT</DateTime><ThumbUp>0</ThumbUp><ThumbDown>1</ThumbDown><Sentiment/></Message><Message type="TopicMessage"><Id>1346293706140-103</Id><Title>Warning: 6% Sales tax for PA residents will be added to Amazon purchases</Title><Msg>Amazon will be adding on sales tax of 6% to all purchases in PA starting on September 1st. This will most likely lower sales a good deal on Amazon for PA residents. Not sure of stock impact. Google "Amazon tax PA" and look at first story (yahoo won't allow links in this post).</Msg><Username>carnivor1224</Username><Timestamp>1346293706140</Timestamp><DateTime>Wed, 2012-08-29 22:28:26 EDT</DateTime><ThumbUp>0</ThumbUp><ThumbDown>0</ThumbDown><Sentiment/></Message><Message type="ReplyMessage"><Id>1346293785063-104</Id><Topic><Title>AMZN will never stop building warehouses</Title><Username>jackthomas_2002</Username><Timestamp>1343734827000</Timestamp><DateTime>Tue, 2012-07-31 07:40:27 EDT</DateTime></Topic><Msg>"Short AMZN if this goes down below $230 then we may see $208 soon" But most shorts here have been short AMZN from her 180s earlier this year. I thought this game is to make money, not to recoup most of your loss you incurred in the last 8 months by deciding to wait one more year.</Msg><Username>geegenjar</Username><Timestamp>1346293785063</Timestamp><DateTime>Wed, 2012-08-29 22:29:45 EDT</DateTime><ThumbUp>0</ThumbUp><ThumbDown>1</ThumbDown><Sentiment/></Message><Message type="ReplyMessage"><Id>1346296807675-105</Id><Topic><Title>PCLN,CMG,BIDU,NFLX,the list is growing and AMZN will follow</Title><Username>fast3777</Username><Timestamp>1346271073580</Timestamp><DateTime>Wed, 2012-08-29 16:11:13 EDT</DateTime></Topic><Msg>"Give it a little time." Another gung ho day trader wannabe turned into a long-term "investor," not by choice, but by necessity.</Msg><Username>geegenjar</Username><Timestamp>1346296807675</Timestamp><DateTime>Wed, 2012-08-29 23:20:07 EDT</DateTime><ThumbUp>0</ThumbUp><ThumbDown>1</ThumbDown><Sentiment/></Message><Message type="TopicMessage"><Id>1346297066476-106</Id><Title>Geegee, fyi shorts tend to be more disciplined and therby better traderz then most</Title><Msg>As a general rule most shorts have at onetime or another been put through the fire to be at the advanced level of a margin account... As a general rule shorts are aware of risk and control it so they dont need to worry about volitility on a daily weekly or monthly basis... As a general rule shorts dont go 'out of business' the same way as an irrational long will with a newly minted margin account... You are a fool to underestimate short traderz and/or their ability to perservere by way of controling risk.... But that isnt really a surprise to anyone that reads your follish gibberish.</Msg><Username>philandjoel1e</Username><Timestamp>1346297066476</Timestamp><DateTime>Wed, 2012-08-29 23:24:26 EDT</DateTime><ThumbUp>0</ThumbUp><ThumbDown>0</ThumbDown><Sentiment/></Message></Date>