<?xml version="1.0" encoding="UTF-8" standalone="no"?><Date date="2012-11-01"><Message type="ReplyMessage"><Id>1351742512182-1</Id><Topic><Title>Wrong wrong wrong</Title><Username>penystoc</Username><Timestamp>1351730861264</Timestamp><DateTime>Wed, 2012-10-31 20:47:41 EDT</DateTime></Topic><Msg>PE is 2750, therefore buy? Feel like we are splitting hairs a bit.</Msg><Username>ireallyhopeimnottalkingtoadude</Username><Timestamp>1351742512182</Timestamp><DateTime>Thu, 2012-11-01 00:01:52 EDT</DateTime><ThumbUp>0</ThumbUp><ThumbDown>0</ThumbDown><Sentiment/></Message><Message type="ReplyMessage"><Id>1351743867071-2</Id><Topic><Title>Stock futures rebounding . . .</Title><Username>geegenjar</Username><Timestamp>1351734551762</Timestamp><DateTime>Wed, 2012-10-31 21:49:11 EDT</DateTime></Topic><Msg>Geegee, Didn't you morther warn you that constant jerking off would make you go blind?</Msg><Username>philandjoel1e</Username><Timestamp>1351743867071</Timestamp><DateTime>Thu, 2012-11-01 00:24:27 EDT</DateTime><ThumbUp>1</ThumbUp><ThumbDown>0</ThumbDown><Sentiment/></Message><Message type="TopicMessage"><Id>1351744269690-3</Id><Title>Hey tech, relax dude... It'll crash</Title><Msg>Smoke a joint - you'll feel better and hit a winning short bet..... Just az long az you stay away from those sheitty optionz.... Pot iz better than crack.</Msg><Username>philandjoel1e</Username><Timestamp>1351744269690</Timestamp><DateTime>Thu, 2012-11-01 00:31:09 EDT</DateTime><ThumbUp>0</ThumbUp><ThumbDown>0</ThumbDown><Sentiment/></Message><Message type="TopicMessage"><Id>1351744470804-4</Id><Title>Sometimez sybil makes trades listening to Rage Against the Machine and....</Title><Msg>Other timez sybs doez so listening to Pink Floyd..... Theze are Pinky kind of dayz.... Ya just gotta place a mellow short bet, smoke a bone, and chill.....</Msg><Username>philandjoel1e</Username><Timestamp>1351744470804</Timestamp><DateTime>Thu, 2012-11-01 00:34:30 EDT</DateTime><ThumbUp>0</ThumbUp><ThumbDown>0</ThumbDown><Sentiment/></Message><Message type="ReplyMessage"><Id>1351750609484-5</Id><Topic><Title>Stock futures rebounding . . .</Title><Username>geegenjar</Username><Timestamp>1351734551762</Timestamp><DateTime>Wed, 2012-10-31 21:49:11 EDT</DateTime></Topic><Msg>Stock futures trade fake and thin all the way through FTSE open, and are meaningless except for your morning pop or drop. What were futures at open, +55? All fakeouts for three months. You watch gold, bonds, and the euro, and even they are giving false signals for equities over last 4 weeks. and the range has been 17-37 all night long, so if you think that is great for equities..... There are no signals anymore, this is a churn and burn environment, retail is only gambling now. Listen to Belkin, Mccollough, Gayed, ElErian, and pick some bubles ripe for the popping. Stop giving us updates on futures, we all have links to forexpros and don't need to check amzn's message board for that.</Msg><Username>shakagenghis</Username><Timestamp>1351750609484</Timestamp><DateTime>Thu, 2012-11-01 02:16:49 EDT</DateTime><ThumbUp>0</ThumbUp><ThumbDown>0</ThumbDown><Sentiment/></Message><Message type="TopicMessage"><Id>1351766340054-6</Id><Title>AMZN is horrendous. This is the reason why.</Title><Msg>Has everyone taken a look at the articles being produced? Impressive info that will assist any investor or trader. xtalstore[DOT]biz/AMZN</Msg><Username>johnleonard790</Username><Timestamp>1351766340054</Timestamp><DateTime>Thu, 2012-11-01 06:39:00 EDT</DateTime><ThumbUp>21</ThumbUp><ThumbDown>1</ThumbDown><Sentiment/></Message><Message type="TopicMessage"><Id>1351771328603-7</Id><Title>PE = 2772 !!!</Title><Msg>A bubble PE when the whole world is in a recession and the unemployment is very high, not to mention the massive debts for most countries.........</Msg><Username>europe_and_usa</Username><Timestamp>1351771328603</Timestamp><DateTime>Thu, 2012-11-01 08:02:08 EDT</DateTime><ThumbUp>0</ThumbUp><ThumbDown>1</ThumbDown><Sentiment/></Message><Message type="TopicMessage"><Id>1351772819960-8</Id><Title>239.00 and beyond . . . today.</Title><Msg>239.00: yesterday's premarket high. I see 242. Good luck to all!</Msg><Username>geegenjar</Username><Timestamp>1351772819960</Timestamp><DateTime>Thu, 2012-11-01 08:26:59 EDT</DateTime><ThumbUp>0</ThumbUp><ThumbDown>0</ThumbDown><Sentiment/></Message><Message type="TopicMessage"><Id>1351773559930-9</Id><Title>AMZN indication at 8:38 am EDT: 234.01</Title><Msg>Good luck to all!</Msg><Username>geegenjar</Username><Timestamp>1351773559930</Timestamp><DateTime>Thu, 2012-11-01 08:39:19 EDT</DateTime><ThumbUp>0</ThumbUp><ThumbDown>0</ThumbDown><Sentiment/></Message><Message type="TopicMessage"><Id>1351774112459-10</Id><Title>So is amazon going to cut the price on Kindle HD to match Nexus 7</Title><Msg>If so, they will loss money on each sell and annoy those who paid higher price. Kindle fire HD (an inferior tablet) now cost $25 more than Nexus 7.</Msg><Username>cpataxweb</Username><Timestamp>1351774112459</Timestamp><DateTime>Thu, 2012-11-01 08:48:32 EDT</DateTime><ThumbUp>0</ThumbUp><ThumbDown>0</ThumbDown><Sentiment>Strong Sell</Sentiment></Message><Message type="TopicMessage"><Id>1351774245782-11</Id><Title>240 this week. 250 next week.</Title><Msg>Give or take a few points. Good luck to all!</Msg><Username>geegenjar</Username><Timestamp>1351774245782</Timestamp><DateTime>Thu, 2012-11-01 08:50:45 EDT</DateTime><ThumbUp>0</ThumbUp><ThumbDown>0</ThumbDown><Sentiment/></Message><Message type="TopicMessage"><Id>1351774653047-12</Id><Title>soon all states will demand amazon to collect state tax,</Title><Msg>that's bad for AMZN. I am planning to buy LED TV, my local electronics shop will match price on Amazon. They will give TV tax free(they will pay the state tax), free delivery, free returns etc</Msg><Username>gamlingmaster</Username><Timestamp>1351774653047</Timestamp><DateTime>Thu, 2012-11-01 08:57:33 EDT</DateTime><ThumbUp>0</ThumbUp><ThumbDown>0</ThumbDown><Sentiment/></Message><Message type="ReplyMessage"><Id>1351774852378-13</Id><Topic><Title>239.00 and beyond . . . today.</Title><Username>geegenjar</Username><Timestamp>1351772819960</Timestamp><DateTime>Thu, 2012-11-01 08:26:59 EDT</DateTime></Topic><Msg>Would be good for me. I have limit order buys (LT puts of course) loaded and ready to go...</Msg><Username>techstrategy</Username><Timestamp>1351774852378</Timestamp><DateTime>Thu, 2012-11-01 09:00:52 EDT</DateTime><ThumbUp>0</ThumbUp><ThumbDown>0</ThumbDown><Sentiment/></Message><Message type="TopicMessage"><Id>1351775181613-14</Id><Title>Sybil will be bi*ching later today.</Title><Msg>She'll be solidly in the red next week. Again. That's where she belongs. Whatever we have witnessed in the last three weeks is a grand illusion.</Msg><Username>geegenjar</Username><Timestamp>1351775181613</Timestamp><DateTime>Thu, 2012-11-01 09:06:21 EDT</DateTime><ThumbUp>0</ThumbUp><ThumbDown>0</ThumbDown><Sentiment/></Message><Message type="ReplyMessage"><Id>1351775527184-15</Id><Topic><Title>Sybil will be bi*ching later today.</Title><Username>geegenjar</Username><Timestamp>1351775181613</Timestamp><DateTime>Thu, 2012-11-01 09:06:21 EDT</DateTime></Topic><Msg>The rotation has already happened. No institutional longs will add to positions -- they are only selling. Retail won't get near this because they know it is a scam. The only people buying are fast money funds and algos trying to squeeze shorts and options players. Over time, it will take increasing amounts of capital and provide lower absolute returns, breaking the strategy on both ends. It's kind of poetic justice to see those that prey upon others finding themselves as the ones holding the shares as it sinks...</Msg><Username>techstrategy</Username><Timestamp>1351775527184</Timestamp><DateTime>Thu, 2012-11-01 09:12:07 EDT</DateTime><ThumbUp>0</ThumbUp><ThumbDown>0</ThumbDown><Sentiment/></Message><Message type="ReplyMessage"><Id>1351775707416-16</Id><Topic><Title>236.25 very critical.</Title><Username>geegenjar</Username><Timestamp>1351689661158</Timestamp><DateTime>Wed, 2012-10-31 09:21:01 EDT</DateTime></Topic><Msg>Yeah, there will be some "fake" resistance there today. I see 242 by tomorrow.</Msg><Username>geegenjar</Username><Timestamp>1351775707416</Timestamp><DateTime>Thu, 2012-11-01 09:15:07 EDT</DateTime><ThumbUp>0</ThumbUp><ThumbDown>3</ThumbDown><Sentiment/></Message><Message type="ReplyMessage"><Id>1351775937725-17</Id><Topic><Title>Ok - sybil just doled out several thumbs ups to posts down the line....</Title><Username>philandjoel1e</Username><Timestamp>1351704183866</Timestamp><DateTime>Wed, 2012-10-31 13:23:03 EDT</DateTime></Topic><Msg>Sybs, You are correct, patients is a virtue. And the lack there of, is my biggest flaw. But I'm working on it. Covered GMCR and CMG way too early but plan on holding on to this much longer. Once the momo is gone then the real damage starts. I calculated the best case scenario from the analysts for 2013 and it still will have a pe of 50. With growth pegged at 16-22% at a respectful pe of 25 you are looking at $120, and that is best case from the most hypnotized analysts. I think more realistically 80-90 by this time next year. Your old nemesis reports tonight....you still have a dog in the PCLN fight? - PJ p.s. "old man" ??? coming from the 113 year old???</Msg><Username>pjlouie13</Username><Timestamp>1351775937725</Timestamp><DateTime>Thu, 2012-11-01 09:18:57 EDT</DateTime><ThumbUp>0</ThumbUp><ThumbDown>0</ThumbDown><Sentiment>Strong Sell</Sentiment></Message><Message type="ReplyMessage"><Id>1351775998175-18</Id><Topic><Title>Sybil will be bi*ching later today.</Title><Username>geegenjar</Username><Timestamp>1351775181613</Timestamp><DateTime>Thu, 2012-11-01 09:06:21 EDT</DateTime></Topic><Msg>Professor, you don't know AMZN.</Msg><Username>geegenjar</Username><Timestamp>1351775998175</Timestamp><DateTime>Thu, 2012-11-01 09:19:58 EDT</DateTime><ThumbUp>0</ThumbUp><ThumbDown>0</ThumbDown><Sentiment/></Message><Message type="ReplyMessage"><Id>1351777735611-19</Id><Topic><Title>PE = 2772 !!!</Title><Username>europe_and_usa</Username><Timestamp>1351771328603</Timestamp><DateTime>Thu, 2012-11-01 08:02:08 EDT</DateTime></Topic><Msg>That high PE is a heavy burden for the stock.</Msg><Username>europe_and_usa</Username><Timestamp>1351777735611</Timestamp><DateTime>Thu, 2012-11-01 09:48:55 EDT</DateTime><ThumbUp>0</ThumbUp><ThumbDown>1</ThumbDown><Sentiment/></Message><Message type="TopicMessage"><Id>1351778203846-20</Id><Title>amzn is broken</Title><Msg>Who believe amzn's story today? facing all competition, can amzn survive?</Msg><Username>freeland001</Username><Timestamp>1351778203846</Timestamp><DateTime>Thu, 2012-11-01 09:56:43 EDT</DateTime><ThumbUp>0</ThumbUp><ThumbDown>0</ThumbDown><Sentiment>Strong Sell</Sentiment></Message><Message type="ReplyMessage"><Id>1351778263860-21</Id><Topic><Title>AMZN is horrendous. This is the reason why.</Title><Username>johnleonard790</Username><Timestamp>1351766340054</Timestamp><DateTime>Thu, 2012-11-01 06:39:00 EDT</DateTime></Topic><Msg>traded well while it lasted though</Msg><Username>johnchacon78</Username><Timestamp>1351778263860</Timestamp><DateTime>Thu, 2012-11-01 09:57:43 EDT</DateTime><ThumbUp>9</ThumbUp><ThumbDown>1</ThumbDown><Sentiment/></Message><Message type="TopicMessage"><Id>1351778264629-22</Id><Title>AMZN is turning into AMZN again today. A +7 day. 240 will be tested.</Title><Msg>Good luck to all!</Msg><Username>geegenjar</Username><Timestamp>1351778264629</Timestamp><DateTime>Thu, 2012-11-01 09:57:44 EDT</DateTime><ThumbUp>0</ThumbUp><ThumbDown>0</ThumbDown><Sentiment/></Message><Message type="TopicMessage"><Id>1351778858903-23</Id><Title>Few people falling for the bulltrap goldman jpm churn on amzn</Title><Msg>Data not so great and amzn looking toppy to begin with? Surprised a bit.</Msg><Username>shakagenghis</Username><Timestamp>1351778858903</Timestamp><DateTime>Thu, 2012-11-01 10:07:38 EDT</DateTime><ThumbUp>0</ThumbUp><ThumbDown>0</ThumbDown><Sentiment/></Message><Message type="TopicMessage"><Id>1351779889450-24</Id><Title>Interesting.... Geegee jerked off vigorously and the markets opened up HUGE, but this pig iz</Title><Msg>Stuck in the mud....</Msg><Username>philandjoel1e</Username><Timestamp>1351779889450</Timestamp><DateTime>Thu, 2012-11-01 10:24:49 EDT</DateTime><ThumbUp>0</ThumbUp><ThumbDown>0</ThumbDown><Sentiment/></Message><Message type="TopicMessage"><Id>1351779996628-25</Id><Title>And now its negative.....</Title><Msg>Interesting.</Msg><Username>philandjoel1e</Username><Timestamp>1351779996628</Timestamp><DateTime>Thu, 2012-11-01 10:26:36 EDT</DateTime><ThumbUp>0</ThumbUp><ThumbDown>0</ThumbDown><Sentiment/></Message><Message type="TopicMessage"><Id>1351780068129-26</Id><Title>holding up pretty well</Title><Msg>Despite a weak overall market this am, AMZN is holding up quite well. If QQQ begins to rally, AMZN could go back into the green.</Msg><Username>bluebloodedtrader</Username><Timestamp>1351780068129</Timestamp><DateTime>Thu, 2012-11-01 10:27:48 EDT</DateTime><ThumbUp>1</ThumbUp><ThumbDown>0</ThumbDown><Sentiment/></Message><Message type="ReplyMessage"><Id>1351780230052-27</Id><Topic><Title>AMZN is horrendous. This is the reason why.</Title><Username>johnleonard790</Username><Timestamp>1351766340054</Timestamp><DateTime>Thu, 2012-11-01 06:39:00 EDT</DateTime></Topic><Msg>I could use another trade like thatr</Msg><Username>michaelbogard91</Username><Timestamp>1351780230052</Timestamp><DateTime>Thu, 2012-11-01 10:30:30 EDT</DateTime><ThumbUp>2</ThumbUp><ThumbDown>1</ThumbDown><Sentiment/></Message><Message type="ReplyMessage"><Id>1351780371121-28</Id><Topic><Title>Sybil will be bi*ching later today.</Title><Username>geegenjar</Username><Timestamp>1351775181613</Timestamp><DateTime>Thu, 2012-11-01 09:06:21 EDT</DateTime></Topic><Msg>Sybil cant hear geegee over all that racket and banging az he violently chokes his poor chicken.... He's a masacist.... That poor fvckin chicken.</Msg><Username>philandjoel1e</Username><Timestamp>1351780371121</Timestamp><DateTime>Thu, 2012-11-01 10:32:51 EDT</DateTime><ThumbUp>0</ThumbUp><ThumbDown>0</ThumbDown><Sentiment/></Message><Message type="TopicMessage"><Id>1351780671709-29</Id><Title>poor relative strength is ominious</Title><Msg>if this one get it up today on a huge nasdaq rally, it is destined for more downside!</Msg><Username>buylowandsellhigher</Username><Timestamp>1351780671709</Timestamp><DateTime>Thu, 2012-11-01 10:37:51 EDT</DateTime><ThumbUp>0</ThumbUp><ThumbDown>0</ThumbDown><Sentiment/></Message><Message type="TopicMessage"><Id>1351780844459-30</Id><Title>Distribute</Title><Msg>Distribute</Msg><Username>philandjoel1e</Username><Timestamp>1351780844459</Timestamp><DateTime>Thu, 2012-11-01 10:40:44 EDT</DateTime><ThumbUp>0</ThumbUp><ThumbDown>0</ThumbDown><Sentiment/></Message><Message type="TopicMessage"><Id>1351780939571-31</Id><Title>Distribute, distribute,</Title><Msg>Distribute, distribute, distribute</Msg><Username>philandjoel1e</Username><Timestamp>1351780939571</Timestamp><DateTime>Thu, 2012-11-01 10:42:19 EDT</DateTime><ThumbUp>0</ThumbUp><ThumbDown>0</ThumbDown><Sentiment/></Message><Message type="ReplyMessage"><Id>1351780944377-32</Id><Topic><Title>Sybil will be bi*ching later today.</Title><Username>geegenjar</Username><Timestamp>1351775181613</Timestamp><DateTime>Thu, 2012-11-01 09:06:21 EDT</DateTime></Topic><Msg>I know competitive dynamics and value capture very well. Amazon is done. It decided to fight a 3 front war against bigger, stronger and more innovative competitors. Google is just gearing up to show the WINNING model for mobile enabled local commerce and it isn't Amazon's approach... Amazon has all of its capital tied up in devices it never should have built and in redundant distribution infrastructure. Good luck pal. I will be adding on any stupid move up...</Msg><Username>techstrategy</Username><Timestamp>1351780944377</Timestamp><DateTime>Thu, 2012-11-01 10:42:24 EDT</DateTime><ThumbUp>0</ThumbUp><ThumbDown>0</ThumbDown><Sentiment/></Message><Message type="TopicMessage"><Id>1351781057872-33</Id><Title>Ohhhh no ! Its an avalanch..... Run!</Title><Msg>Distribute, distribute, distribute, distribute, distribute, distribute, distribute, distribute, distribute, distribute, distribute, distribute, distribute, distribute, distribute, distribute, distribute, distribute, distribute, distribute, distribute, distribute, distribute, distribute, distribute, distribute, distribute, distribute, distribute, distribute, distribute, distribute, distribute, distribute, distribute, distribute, distribute, distribute, distribute, distribute, distribute, distribute, distribute, distribute, distribute, distribute, distribute, distribute, distribute, distribute, distribute, distribute, distribute, distribute, distribute, distribute, distribute, distribute, distribute, distribute, distribute, distribute, distribute, distribute, distribute, distribute, distribute, distribute, distribute, distribute, distribute, distribute, distribute, distribute, distribute, distribute, distribute, distribute, distribute, distribute, distribute, distribute, distribute, distribute, distribute, distribute, distribute, distribute, distribute, distribute, distribute, distribute, distribute, distribute, distribute, distribute, distribute, distribute, distribute, distribute</Msg><Username>philandjoel1e</Username><Timestamp>1351781057872</Timestamp><DateTime>Thu, 2012-11-01 10:44:17 EDT</DateTime><ThumbUp>0</ThumbUp><ThumbDown>0</ThumbDown><Sentiment/></Message><Message type="TopicMessage"><Id>1351781170959-34</Id><Title>SP 1426 ??? on the way to SP 1500 ????</Title><Msg>looks like it</Msg><Username>jgiled</Username><Timestamp>1351781170959</Timestamp><DateTime>Thu, 2012-11-01 10:46:10 EDT</DateTime><ThumbUp>0</ThumbUp><ThumbDown>0</ThumbDown><Sentiment/></Message><Message type="ReplyMessage"><Id>1351781344338-35</Id><Topic><Title>AMZN is horrendous. This is the reason why.</Title><Username>johnleonard790</Username><Timestamp>1351766340054</Timestamp><DateTime>Thu, 2012-11-01 06:39:00 EDT</DateTime></Topic><Msg>Thanks people</Msg><Username>armando.grissom</Username><Timestamp>1351781344338</Timestamp><DateTime>Thu, 2012-11-01 10:49:04 EDT</DateTime><ThumbUp>1</ThumbUp><ThumbDown>1</ThumbDown><Sentiment/></Message><Message type="TopicMessage"><Id>1351781770257-36</Id><Title>NTWK $6.45...Easy Double after Monster Earnings 11/14....Huge Preannouncement: Record Fiscal 1Q 2013 of $11M Revenues Will Beat 1Q 2012 by Over 60%!!!..... 20c/share net income in 1Q 2013 vs. 30c/share loss in 1Q 2012.......Guidance for 2013 is strong with 30 - 40% revenue growth and $1/share net income.....Cloud Divisions growing exponentially........4M share float</Title><Msg>Target: $10+ after Fiscal 1Q 2013 Earnings Release November 14, 2012 NTWK went from $15 to $45/share in a few weeks in 2007 on 100% lower revenues than in 2012 per guidance NTWK is a global software company with presence in all continents and No. 1 in China and South East Asia in the area of easing and financing software....Legacy and Cloud Analysts recently increased their average target price to $16 and max to $21/share (after record 4Q 2012 earnings and the 3rd consecutive strong quarter in a row) -------------------------------------------------------------------------------------------------- . Today's Pre- Announcement: NetSol Technologies Expects Record First Quarter Revenue - Total Preliminary Revenue Expected in the Range of $10 to $11 Million - To Hold Fiscal 2013 First Quarter Results Conference Call on November 14 CALABASAS, Calif., Oct. 31, 2012 (GLOBE NEWSWIRE) -- NetSol Technologies, Inc. (NTWK), a worldwide provider of global IT and enterprise application solutions, today provided preliminary revenue results for the first quarter ended September 30, 2012. Preliminary revenue results indicate the company's strongest first quarter ever, with revenue expected in the range of $10 million to $11 million. --------------------------------------------------------------------------------------------------- Pre-earnings implications: - The $11 million expected Fiscal 1Q 2013 revenue will yield 20 -30c/share net income. In 1Q 2012 the company reported 6.2 million in revenues and 30c/share loss. - Strongest 1Q ever - 4th Quarter or significant Y/Y improvements in top and bottom lines - 1Q 2013 Revenues are in line with the $48 million revenue projection for fiscal 2013 or 40% higher than 2012. - Projected $1/share net income (current guidance) will probably be exceeded - Company will likely increase guidance for 2013 because 1Q is always the weakest quarter. --------------------------------------------------------------------------------------------------- An analyst covering the stock recently upped its earnings projections for NTWK based on significant increased global demand for all of its software products and services (legacy and cloud) Selected Analyst Comments: All business lines are very strong growth across the board. Significant demand for all legacy and cloud products. NTWK is entering FY13 with a $25 million backlog and approximately $100 million in qualified leads. One quarter of the backlog is from four new NFS platform customer implementations that began in 4Q12. Regarding the fast-growing high margin Cloud Divisions: The new Vroozi Cloud Division contributed $1.3 million in FY12. We expect at least $4 million in FY13 and $6 million to FY14 NTWK is entering FY13 with a $25 million backlog and approximately $100 million in qualified leads. One quarter of the backlog is from four new NFS platform customer implementations that began in 4Q12. In August 2011, NetSol launched its Cloud Vroozi Division, an e-procurement search tool for SAP supplier relationship management (SRM) users. SAP AG is a global vendor of enterprise management systems that has the largest market share (24%) based on a worldwide Gartner survey. Vroozi should provide sales diversification and a higher margin recurring revenue stream. The Vroozi division contributed $1.3 million in FY12 sales and is expected to grow to $4 million in revenues in 2013 NTWK announced its 2nd Cloud Division last week offering an array of products and services to capture a greater % of the cloud applications in North America. The company is implementing this division using their significant software development capabilities and infrastructure. --------------------------------------------------------------------------------------------------- MORE NTWK HIGHLIGHTS: - Company projects Doubling/Tripling revenues and net income by 2015 - Significant Institutional investor ownership and growing - Insiders bought over 5% of the Outstanding shares the last 2 years and never sold a single share - Total share count is only 7.5 million shares. The float is only 3 million shares - Trading at forward PE of 5 - Strong balance sheet with $1.5/share cash - Has global agreement with Mercedes Benz - Already 7 countries with NTWK software for leasing and financing Mercedes Benz/Daimler including China, India, Japan, and others - No.1 in China and APAC in leasing/financing software products and services. NTWK has over 50 Fortune 100 loyal customers. Never lost a customer. None of the customers is over 5% of the total revenues - partial customer list: CitiGroup, Mercedes Benz, Santander, BMW, Volvo, Ford, GE Capital, Cisco Capital, Paribas, GMAC, Volvo, Toyota, Nissan, Hyundai, BYD, SANY Corp. China, etc. About NTWK: NetSol Technologies, Inc. ((NASDAQ: NTWK) is a worldwide provider of global IT and enterprise application solutions that include credit and finance portfolio management systems, SAP consulting and services, custom development, systems integration, and technical services for the global Financial, Leasing, Insurance, Energy, and Technology markets. Headquartered in Calabasas, Calif., NetSol's product and services offerings have achieved ISO 9001, ISO 20000, ISO 27001, and SEI (Software Engineering Institute) CMMI (Capability Maturity Model) Maturity Level 5 assessments, a distinction shared by only 178 companies worldwide. The company's clients include Fortune 500 manufacturers, global automakers, financial institutions, utilities, technology providers, and government agencies. NetSol has delivery and support locations in San Francisco, London, Beijing, Bangkok, Lahore, Adelaide and Riyadh.</Msg><Username>ntofive</Username><Timestamp>1351781770257</Timestamp><DateTime>Thu, 2012-11-01 10:56:10 EDT</DateTime><ThumbUp>4</ThumbUp><ThumbDown>0</ThumbDown><Sentiment/></Message><Message type="TopicMessage"><Id>1351781867648-37</Id><Title>No one cares about ntwk on the amzn board</Title><Msg>Douchbag</Msg><Username>philandjoel1e</Username><Timestamp>1351781867648</Timestamp><DateTime>Thu, 2012-11-01 10:57:47 EDT</DateTime><ThumbUp>0</ThumbUp><ThumbDown>0</ThumbDown><Sentiment/></Message><Message type="TopicMessage"><Id>1351782241530-38</Id><Title>drop below 230 today</Title><Msg>Almost certain.</Msg><Username>wsjjswwsjjsw</Username><Timestamp>1351782241530</Timestamp><DateTime>Thu, 2012-11-01 11:04:01 EDT</DateTime><ThumbUp>0</ThumbUp><ThumbDown>0</ThumbDown><Sentiment/></Message><Message type="TopicMessage"><Id>1351782285103-39</Id><Title>Very high PE, online taxing, not a unique business.</Title><Msg>Amazon stock should be rewarded "The bubble of the year" award......</Msg><Username>europe_and_usa</Username><Timestamp>1351782285103</Timestamp><DateTime>Thu, 2012-11-01 11:04:45 EDT</DateTime><ThumbUp>0</ThumbUp><ThumbDown>1</ThumbDown><Sentiment/></Message><Message type="TopicMessage"><Id>1351782396887-40</Id><Title>false ads</Title><Msg>amzn claims that ipad mini is mono compared to its stereo speakers, but it is actually stereo speakers of better quality. extremely poor research work even though ipad mini is supposed to be their arch-rival, it will come back hurting amzn...</Msg><Username>rimm_dn</Username><Timestamp>1351782396887</Timestamp><DateTime>Thu, 2012-11-01 11:06:36 EDT</DateTime><ThumbUp>0</ThumbUp><ThumbDown>0</ThumbDown><Sentiment/></Message><Message type="TopicMessage"><Id>1351782404528-41</Id><Title>Tech, you forgot to mention</Title><Msg>The obnoxious and obscene amzn office complex recenty aquired by bezos writing a check against shareholder equity with his oversized pride pen... This being done at the top of a market bounce immediately preceeding the next gann wave down that will complete this bearish supercycle. Its a commin in months if not sooner. Sybil only hopes that the markets will function well enough to be able to cover shorts and pull all money out of the banks....</Msg><Username>philandjoel1e</Username><Timestamp>1351782404528</Timestamp><DateTime>Thu, 2012-11-01 11:06:44 EDT</DateTime><ThumbUp>0</ThumbUp><ThumbDown>0</ThumbDown><Sentiment/></Message><Message type="ReplyMessage"><Id>1351783097185-42</Id><Topic><Title>AMZN is horrendous. This is the reason why.</Title><Username>johnleonard790</Username><Timestamp>1351766340054</Timestamp><DateTime>Thu, 2012-11-01 06:39:00 EDT</DateTime></Topic><Msg>looks legit</Msg><Username>johnnychristopher99</Username><Timestamp>1351783097185</Timestamp><DateTime>Thu, 2012-11-01 11:18:17 EDT</DateTime><ThumbUp>0</ThumbUp><ThumbDown>1</ThumbDown><Sentiment/></Message><Message type="TopicMessage"><Id>1351783762035-43</Id><Title>Wake me at up at a PE Ratio of 14</Title><Msg>Down Down</Msg><Username>kcusstrohs</Username><Timestamp>1351783762035</Timestamp><DateTime>Thu, 2012-11-01 11:29:22 EDT</DateTime><ThumbUp>0</ThumbUp><ThumbDown>0</ThumbDown><Sentiment/></Message><Message type="TopicMessage"><Id>1351783780643-44</Id><Title>NFLX again taking off</Title><Msg>#$%$ !!! Wow!!!!</Msg><Username>jgiled</Username><Timestamp>1351783780643</Timestamp><DateTime>Thu, 2012-11-01 11:29:40 EDT</DateTime><ThumbUp>0</ThumbUp><ThumbDown>0</ThumbDown><Sentiment/></Message><Message type="ReplyMessage"><Id>1351783805026-45</Id><Topic><Title>236.25 very critical.</Title><Username>geegenjar</Username><Timestamp>1351689661158</Timestamp><DateTime>Wed, 2012-10-31 09:21:01 EDT</DateTime></Topic><Msg>Which day is that Greenie?</Msg><Username>rm1280</Username><Timestamp>1351783805026</Timestamp><DateTime>Thu, 2012-11-01 11:30:05 EDT</DateTime><ThumbUp>0</ThumbUp><ThumbDown>0</ThumbDown><Sentiment/></Message><Message type="ReplyMessage"><Id>1351783904572-46</Id><Topic><Title>drop below 230 today</Title><Username>wsjjswwsjjsw</Username><Timestamp>1351782241530</Timestamp><DateTime>Thu, 2012-11-01 11:04:01 EDT</DateTime></Topic><Msg>imminent, then on its way to 200, jmho. gl</Msg><Username>rimm_dn</Username><Timestamp>1351783904572</Timestamp><DateTime>Thu, 2012-11-01 11:31:44 EDT</DateTime><ThumbUp>0</ThumbUp><ThumbDown>0</ThumbDown><Sentiment/></Message><Message type="ReplyMessage"><Id>1351784033007-47</Id><Topic><Title>drop below 230 today</Title><Username>wsjjswwsjjsw</Username><Timestamp>1351782241530</Timestamp><DateTime>Thu, 2012-11-01 11:04:01 EDT</DateTime></Topic><Msg>Nice word that almost.. Can you take that to your bank? and get a penny on the dollar?</Msg><Username>rm1280</Username><Timestamp>1351784033007</Timestamp><DateTime>Thu, 2012-11-01 11:33:53 EDT</DateTime><ThumbUp>0</ThumbUp><ThumbDown>1</ThumbDown><Sentiment/></Message><Message type="TopicMessage"><Id>1351784536219-48</Id><Title>IN THE PAST 2 YEARS AMZN PROFITS &amp; ESTIMATES ARE DROPPING LIKE A POTATO BAG</Title><Msg>Yet. Wal Street succeeds in manipulating the stock price to a 300 PE. When the manipulation stops-the stock will take a 60% dive.</Msg><Username>jacobdror98</Username><Timestamp>1351784536219</Timestamp><DateTime>Thu, 2012-11-01 11:42:16 EDT</DateTime><ThumbUp>0</ThumbUp><ThumbDown>0</ThumbDown><Sentiment/></Message><Message type="ReplyMessage"><Id>1351784553506-49</Id><Topic><Title>Wake me at up at a PE Ratio of 14</Title><Username>kcusstrohs</Username><Timestamp>1351783762035</Timestamp><DateTime>Thu, 2012-11-01 11:29:22 EDT</DateTime></Topic><Msg>With a P/E of over 2700 you'll be sleeping for awhile.</Msg><Username>sirtom99</Username><Timestamp>1351784553506</Timestamp><DateTime>Thu, 2012-11-01 11:42:33 EDT</DateTime><ThumbUp>0</ThumbUp><ThumbDown>0</ThumbDown><Sentiment/></Message><Message type="ReplyMessage"><Id>1351784629686-50</Id><Topic><Title>Tech, you forgot to mention</Title><Username>philandjoel1e</Username><Timestamp>1351782404528</Timestamp><DateTime>Thu, 2012-11-01 11:06:44 EDT</DateTime></Topic><Msg>You are right. I did. Pumpers argue that it will increase earnings. Anyone with a brain know that real estate taxes, because real estate is not mobile, are where governments will make up the revenue gaps. Further, anyone who understands the reassessment process knows that reassessments tend to happen periodically (2-4 years), but that purchases create a "market price" which allows for immediate adjustment. Our friends at Amazon have simply volunteered to take on a significantly higher share of the government operating budgets for the next decade. Nice of them.</Msg><Username>techstrategy</Username><Timestamp>1351784629686</Timestamp><DateTime>Thu, 2012-11-01 11:43:49 EDT</DateTime><ThumbUp>0</ThumbUp><ThumbDown>0</ThumbDown><Sentiment/></Message><Message type="TopicMessage"><Id>1351784830309-51</Id><Title>THERE ARE MANY COMPANIES LIKE ANRON IN STOCK MARKET!!!</Title><Msg>BECAREFULL!!INVESTORS.</Msg><Username>rddr2022</Username><Timestamp>1351784830309</Timestamp><DateTime>Thu, 2012-11-01 11:47:10 EDT</DateTime><ThumbUp>0</ThumbUp><ThumbDown>0</ThumbDown><Sentiment/></Message><Message type="TopicMessage"><Id>1351784847162-52</Id><Title>P/E over 2,700!!!</Title><Msg>Will this ever turn into a cash cow or just to big to handle with massive losses coming?</Msg><Username>sirtom99</Username><Timestamp>1351784847162</Timestamp><DateTime>Thu, 2012-11-01 11:47:27 EDT</DateTime><ThumbUp>1</ThumbUp><ThumbDown>0</ThumbDown><Sentiment/></Message><Message type="ReplyMessage"><Id>1351785086294-53</Id><Topic><Title>236.25 very critical.</Title><Username>geegenjar</Username><Timestamp>1351689661158</Timestamp><DateTime>Wed, 2012-10-31 09:21:01 EDT</DateTime></Topic><Msg>After next Tuesday, AMZN will drop to below $180 no matter who wins. If election result is not what the market expects, AMZN could drop to $120 in a few days.</Msg><Username>blust34442</Username><Timestamp>1351785086294</Timestamp><DateTime>Thu, 2012-11-01 11:51:26 EDT</DateTime><ThumbUp>0</ThumbUp><ThumbDown>0</ThumbDown><Sentiment>Strong Sell</Sentiment></Message><Message type="ReplyMessage"><Id>1351785483188-54</Id><Topic><Title>236.25 very critical.</Title><Username>geegenjar</Username><Timestamp>1351689661158</Timestamp><DateTime>Wed, 2012-10-31 09:21:01 EDT</DateTime></Topic><Msg>Reality check.... 180 by year end.</Msg><Username>sirtom99</Username><Timestamp>1351785483188</Timestamp><DateTime>Thu, 2012-11-01 11:58:03 EDT</DateTime><ThumbUp>2</ThumbUp><ThumbDown>0</ThumbDown><Sentiment>Sell</Sentiment></Message><Message type="ReplyMessage"><Id>1351785588646-55</Id><Topic><Title>drop below 230 today</Title><Username>wsjjswwsjjsw</Username><Timestamp>1351782241530</Timestamp><DateTime>Thu, 2012-11-01 11:04:01 EDT</DateTime></Topic><Msg>I only have three contracts of 225 put open. The volumn is too low. Not worth the risk of having a big position.</Msg><Username>wsjjswwsjjsw</Username><Timestamp>1351785588646</Timestamp><DateTime>Thu, 2012-11-01 11:59:48 EDT</DateTime><ThumbUp>0</ThumbUp><ThumbDown>0</ThumbDown><Sentiment/></Message><Message type="ReplyMessage"><Id>1351785683946-56</Id><Topic><Title>P/E over 2,700!!!</Title><Username>sirtom99</Username><Timestamp>1351784847162</Timestamp><DateTime>Thu, 2012-11-01 11:47:27 EDT</DateTime></Topic><Msg>The bleeding is really just getting started. I will be surprised if Apple, Google and other consumer electronics companies continue to be willing to enable Amazon's negative working capital model... It just isn't in their interest, especially when Amazon is just another retailer and consumers will buy their products through other channels if Amazon doesn't carry it (especially given TGT, WMT, BBY are all matching prices).</Msg><Username>techstrategy</Username><Timestamp>1351785683946</Timestamp><DateTime>Thu, 2012-11-01 12:01:23 EDT</DateTime><ThumbUp>0</ThumbUp><ThumbDown>0</ThumbDown><Sentiment/></Message><Message type="ReplyMessage"><Id>1351785791443-57</Id><Topic><Title>drop below 230 today</Title><Username>wsjjswwsjjsw</Username><Timestamp>1351782241530</Timestamp><DateTime>Thu, 2012-11-01 11:04:01 EDT</DateTime></Topic><Msg>If you have the weeklies at 225 strike you got messed with as your contract will almost certainly expire worthless. You needed those two days of Monday and Tues. Sorry.</Msg><Username>yesitsme2012</Username><Timestamp>1351785791443</Timestamp><DateTime>Thu, 2012-11-01 12:03:11 EDT</DateTime><ThumbUp>0</ThumbUp><ThumbDown>0</ThumbDown><Sentiment/></Message><Message type="ReplyMessage"><Id>1351785795157-58</Id><Topic><Title>Burned the longs and burned the shorts , SELL why you still can soon no one is going to play anymore and then it becomes just another company Say OH NO down we go</Title><Username>coinmaker77</Username><Timestamp>1351714952184</Timestamp><DateTime>Wed, 2012-10-31 16:22:32 EDT</DateTime></Topic><Msg>Looks like its just another company already</Msg><Username>coinmaker77</Username><Timestamp>1351785795157</Timestamp><DateTime>Thu, 2012-11-01 12:03:15 EDT</DateTime><ThumbUp>0</ThumbUp><ThumbDown>1</ThumbDown><Sentiment>Strong Sell</Sentiment></Message><Message type="TopicMessage"><Id>1351785930414-59</Id><Title>TIC TOC running out of time, AMZN has fallen and they can't get out, Lower highs always =lower lows to come</Title><Msg>TIC TOC running out of time, AMZN has fallen and they can't get out, Lower highs always =lower lows to come</Msg><Username>coinmaker77</Username><Timestamp>1351785930414</Timestamp><DateTime>Thu, 2012-11-01 12:05:30 EDT</DateTime><ThumbUp>0</ThumbUp><ThumbDown>1</ThumbDown><Sentiment>Strong Sell</Sentiment></Message><Message type="TopicMessage"><Id>1351785953028-60</Id><Title>Relative strength improving . . .</Title><Msg>Good luck to all!</Msg><Username>geegenjar</Username><Timestamp>1351785953028</Timestamp><DateTime>Thu, 2012-11-01 12:05:53 EDT</DateTime><ThumbUp>0</ThumbUp><ThumbDown>0</ThumbDown><Sentiment/></Message><Message type="TopicMessage"><Id>1351786023459-61</Id><Title>Higher lows . . . positive.</Title><Msg>Compared to last Friday and yesterday.</Msg><Username>geegenjar</Username><Timestamp>1351786023459</Timestamp><DateTime>Thu, 2012-11-01 12:07:03 EDT</DateTime><ThumbUp>0</ThumbUp><ThumbDown>3</ThumbDown><Sentiment/></Message><Message type="TopicMessage"><Id>1351786060830-62</Id><Title>Tax-free online shopping – is it coming to an end?</Title><Msg>There are three online sales tax bills before Congress at the present time. They include the Marketplace Fairness Act in the Senate, the Marketplace Equity Act in the House of Representatives and the Main Street Fairness Act in both the House and Senate. Oddly enough these bills are drumming up support from both parties most in part due to the fact that more sales tax would be collected which in turn provides more funding for libraries, parks, police and fire departments, and services for children and elderly. You may ask, ” why it would drum up more revenue?” The reason being is this: when you have tax-free online shopping the retailer is not collecting sales tax, therefore they are not liable to remit any sales tax. This burden lies on the consumer who purchases the item tax-free. They are the ones who are supposed to track each item bought tax-free and remit sales tax to the state for these purchases. This means that consumers who purchase items tax-free over the internet can be audited and charged penalties for failing to pay sales taxes. However, this hardly ever happens due to the states lacking the resources to chase down taxes for every single on-line purchase. The three bills have a similar focus but also have their differences but taken as a whole they would bring some order to a nationwide system of taxing jurisdictions. The new bills would not change states over to one universal tax rate, but rather a more streamlined process. The bills would also bring a more level playing field between on-line retailers and the small business owners with physical storefronts. If the on-line retailers are going to be forced to charge sales tax it does not give the unfair advantage of a lower price than at the brick-and-mortar store. We expect to hear more on each bill post-election day at the earliest. By: Amy Slates, CPA</Msg><Username>cpataxweb</Username><Timestamp>1351786060830</Timestamp><DateTime>Thu, 2012-11-01 12:07:40 EDT</DateTime><ThumbUp>0</ThumbUp><ThumbDown>0</ThumbDown><Sentiment>Strong Sell</Sentiment></Message><Message type="TopicMessage"><Id>1351786144188-63</Id><Title>Come and get me, I am going to make a lot of money again and again, I am sure GRASSO and his friends still have to sell a lot more shares</Title><Msg>Come and get me, I am going to make a lot of money again and again, I am sure GRASSO and his friends still have to sell a lot more shares</Msg><Username>coinmaker77</Username><Timestamp>1351786144188</Timestamp><DateTime>Thu, 2012-11-01 12:09:04 EDT</DateTime><ThumbUp>0</ThumbUp><ThumbDown>1</ThumbDown><Sentiment>Strong Sell</Sentiment></Message><Message type="TopicMessage"><Id>1351786245281-64</Id><Title>Always remember to sell the RIPS again and again, TIC TOC watch AMZN drop</Title><Msg>Always remember to sell the RIPS again and again, TIC TOC watch AMZN drop</Msg><Username>coinmaker77</Username><Timestamp>1351786245281</Timestamp><DateTime>Thu, 2012-11-01 12:10:45 EDT</DateTime><ThumbUp>0</ThumbUp><ThumbDown>1</ThumbDown><Sentiment>Strong Sell</Sentiment></Message><Message type="ReplyMessage"><Id>1351786285171-65</Id><Topic><Title>P/E over 2,700!!!</Title><Username>sirtom99</Username><Timestamp>1351784847162</Timestamp><DateTime>Thu, 2012-11-01 11:47:27 EDT</DateTime></Topic><Msg>AMZN should be granted "The bubble of the year award".</Msg><Username>europe_and_usa</Username><Timestamp>1351786285171</Timestamp><DateTime>Thu, 2012-11-01 12:11:25 EDT</DateTime><ThumbUp>0</ThumbUp><ThumbDown>1</ThumbDown><Sentiment/></Message><Message type="TopicMessage"><Id>1351786730276-66</Id><Title>The 2012-2013 recession has started conpanies reporting LAYOFFS, LAYOFFS and MORE LAYOFFS wallstreet always late because they have to get out first before they tank it</Title><Msg>The 2012-2013 recession has started conpanies reporting LAYOFFS, LAYOFFS and MORE LAYOFFS wallstreet always late because they have to get out first before they tank it</Msg><Username>coinmaker77</Username><Timestamp>1351786730276</Timestamp><DateTime>Thu, 2012-11-01 12:18:50 EDT</DateTime><ThumbUp>0</ThumbUp><ThumbDown>1</ThumbDown><Sentiment>Strong Sell</Sentiment></Message><Message type="TopicMessage"><Id>1351786928842-67</Id><Title>Always remember to sell the RIPS and always remember lower highs always = lower lows to come</Title><Msg>Always remember to sell the RIPS and always remember lower highs always = lower lows to come</Msg><Username>coinmaker77</Username><Timestamp>1351786928842</Timestamp><DateTime>Thu, 2012-11-01 12:22:08 EDT</DateTime><ThumbUp>0</ThumbUp><ThumbDown>1</ThumbDown><Sentiment>Strong Sell</Sentiment></Message><Message type="TopicMessage"><Id>1351787056809-68</Id><Title>180 very critical.</Title><Msg>Can it hold by year end?</Msg><Username>sirtom99</Username><Timestamp>1351787056809</Timestamp><DateTime>Thu, 2012-11-01 12:24:16 EDT</DateTime><ThumbUp>0</ThumbUp><ThumbDown>0</ThumbDown><Sentiment/></Message><Message type="TopicMessage"><Id>1351787195515-69</Id><Title>Always remember that a low has to be tested so the 205 low from the other day still needs to be tested</Title><Msg>Always remember that a low has to be tested so the 205 low from the other day still needs to be tested</Msg><Username>coinmaker77</Username><Timestamp>1351787195515</Timestamp><DateTime>Thu, 2012-11-01 12:26:35 EDT</DateTime><ThumbUp>0</ThumbUp><ThumbDown>1</ThumbDown><Sentiment>Strong Sell</Sentiment></Message><Message type="ReplyMessage"><Id>1351787363583-70</Id><Topic><Title>drop below 230 today</Title><Username>wsjjswwsjjsw</Username><Timestamp>1351782241530</Timestamp><DateTime>Thu, 2012-11-01 11:04:01 EDT</DateTime></Topic><Msg>Thank you but what I have are the Nov monthly contracts. Weekly is too risky. It is already 12:30 on Thursday.</Msg><Username>wsjjswwsjjsw</Username><Timestamp>1351787363583</Timestamp><DateTime>Thu, 2012-11-01 12:29:23 EDT</DateTime><ThumbUp>0</ThumbUp><ThumbDown>0</ThumbDown><Sentiment/></Message><Message type="ReplyMessage"><Id>1351787400470-71</Id><Topic><Title>Always remember that a low has to be tested so the 205 low from the other day still needs to be tested</Title><Username>coinmaker77</Username><Timestamp>1351787195515</Timestamp><DateTime>Thu, 2012-11-01 12:26:35 EDT</DateTime></Topic><Msg>Alway remember lower highs =lower lows to come</Msg><Username>coinmaker77</Username><Timestamp>1351787400470</Timestamp><DateTime>Thu, 2012-11-01 12:30:00 EDT</DateTime><ThumbUp>0</ThumbUp><ThumbDown>1</ThumbDown><Sentiment>Strong Sell</Sentiment></Message><Message type="ReplyMessage"><Id>1351787938891-72</Id><Topic><Title>drop below 230 today</Title><Username>wsjjswwsjjsw</Username><Timestamp>1351782241530</Timestamp><DateTime>Thu, 2012-11-01 11:04:01 EDT</DateTime></Topic><Msg>I agree. If you have this week's weekly $255 puts, you need roll over to next week's either later today or tomorrow morning.</Msg><Username>blust34442</Username><Timestamp>1351787938891</Timestamp><DateTime>Thu, 2012-11-01 12:38:58 EDT</DateTime><ThumbUp>0</ThumbUp><ThumbDown>0</ThumbDown><Sentiment/></Message><Message type="TopicMessage"><Id>1351788002187-73</Id><Title>Fvck! Everytime sybil walks away from this thing and comez back it haz a new low</Title><Msg>It sux being short to the teeth in this stok ;)</Msg><Username>philandjoel1e</Username><Timestamp>1351788002187</Timestamp><DateTime>Thu, 2012-11-01 12:40:02 EDT</DateTime><ThumbUp>0</ThumbUp><ThumbDown>0</ThumbDown><Sentiment/></Message><Message type="ReplyMessage"><Id>1351788087211-74</Id><Topic><Title>Higher lows . . . positive.</Title><Username>geegenjar</Username><Timestamp>1351786023459</Timestamp><DateTime>Thu, 2012-11-01 12:07:03 EDT</DateTime></Topic><Msg>Not really. MM just hold off the AMZN price to kill this week's weekly puts. The big drop to $180 is likely to occur on next Monday, no later than next Wednesday.</Msg><Username>blust34442</Username><Timestamp>1351788087211</Timestamp><DateTime>Thu, 2012-11-01 12:41:27 EDT</DateTime><ThumbUp>0</ThumbUp><ThumbDown>0</ThumbDown><Sentiment>Strong Sell</Sentiment></Message><Message type="TopicMessage"><Id>1351788312940-75</Id><Title>Do we know if Fedex and UPS does delivery in NYC and Metro areas ?</Title><Msg>any idea ?</Msg><Username>jgiled</Username><Timestamp>1351788312940</Timestamp><DateTime>Thu, 2012-11-01 12:45:12 EDT</DateTime><ThumbUp>0</ThumbUp><ThumbDown>0</ThumbDown><Sentiment/></Message><Message type="ReplyMessage"><Id>1351788657431-76</Id><Topic><Title>Do we know if Fedex and UPS does delivery in NYC and Metro areas ?</Title><Username>jgiled</Username><Timestamp>1351788312940</Timestamp><DateTime>Thu, 2012-11-01 12:45:12 EDT</DateTime></Topic><Msg>Yes. both are delivering.</Msg><Username>yesitsme2012</Username><Timestamp>1351788657431</Timestamp><DateTime>Thu, 2012-11-01 12:50:57 EDT</DateTime><ThumbUp>0</ThumbUp><ThumbDown>0</ThumbDown><Sentiment/></Message><Message type="ReplyMessage"><Id>1351788789928-77</Id><Topic><Title>drop below 230 today</Title><Username>wsjjswwsjjsw</Username><Timestamp>1351782241530</Timestamp><DateTime>Thu, 2012-11-01 11:04:01 EDT</DateTime></Topic><Msg>all options are too risky IMO. My biggest mistake in investing was purchasing options (writing is another thing entirely) . yeah, you hit the grand slam every now and then but more often than not you get struck out. I vote to go fro the underlying equities.</Msg><Username>yesitsme2012</Username><Timestamp>1351788789928</Timestamp><DateTime>Thu, 2012-11-01 12:53:09 EDT</DateTime><ThumbUp>1</ThumbUp><ThumbDown>0</ThumbDown><Sentiment/></Message><Message type="ReplyMessage"><Id>1351789195741-78</Id><Topic><Title>Do we know if Fedex and UPS does delivery in NYC and Metro areas ?</Title><Username>jgiled</Username><Timestamp>1351788312940</Timestamp><DateTime>Thu, 2012-11-01 12:45:12 EDT</DateTime></Topic><Msg>How ? By boat or helicopter ? How you get the boxes from Airport to west side ?</Msg><Username>jgiled</Username><Timestamp>1351789195741</Timestamp><DateTime>Thu, 2012-11-01 12:59:55 EDT</DateTime><ThumbUp>0</ThumbUp><ThumbDown>0</ThumbDown><Sentiment/></Message><Message type="ReplyMessage"><Id>1351789197994-79</Id><Topic><Title>NFLX again taking off</Title><Username>jgiled</Username><Timestamp>1351783780643</Timestamp><DateTime>Thu, 2012-11-01 11:29:40 EDT</DateTime></Topic><Msg>The only thing pigflix has managed to do iz to slam into the 200 day so that it could be shorted (again)... The same fate awaits scamazon...</Msg><Username>philandjoel1e</Username><Timestamp>1351789197994</Timestamp><DateTime>Thu, 2012-11-01 12:59:57 EDT</DateTime><ThumbUp>0</ThumbUp><ThumbDown>0</ThumbDown><Sentiment/></Message><Message type="ReplyMessage"><Id>1351789321198-80</Id><Topic><Title>NFLX again taking off</Title><Username>jgiled</Username><Timestamp>1351783780643</Timestamp><DateTime>Thu, 2012-11-01 11:29:40 EDT</DateTime></Topic><Msg>Who cares ? Its up !!!!!!!!!! and probably going to mid $80's ????</Msg><Username>jgiled</Username><Timestamp>1351789321198</Timestamp><DateTime>Thu, 2012-11-01 13:02:01 EDT</DateTime><ThumbUp>0</ThumbUp><ThumbDown>0</ThumbDown><Sentiment/></Message><Message type="TopicMessage"><Id>1351789608725-81</Id><Title>They forgot no TSP money coming in today selloff to come TIC TOC watch the drop</Title><Msg>They forgot no TSP money coming in today selloff to come TIC TOC watch the drop</Msg><Username>coinmaker77</Username><Timestamp>1351789608725</Timestamp><DateTime>Thu, 2012-11-01 13:06:48 EDT</DateTime><ThumbUp>0</ThumbUp><ThumbDown>1</ThumbDown><Sentiment>Strong Sell</Sentiment></Message><Message type="ReplyMessage"><Id>1351789671876-82</Id><Topic><Title>Higher lows . . . positive.</Title><Username>geegenjar</Username><Timestamp>1351786023459</Timestamp><DateTime>Thu, 2012-11-01 12:07:03 EDT</DateTime></Topic><Msg>Remove head from #$%$....you must watch a lot of Fox News....</Msg><Username>bobbyvesco</Username><Timestamp>1351789671876</Timestamp><DateTime>Thu, 2012-11-01 13:07:51 EDT</DateTime><ThumbUp>0</ThumbUp><ThumbDown>0</ThumbDown><Sentiment/></Message><Message type="TopicMessage"><Id>1351789824191-83</Id><Title>ClueLess GEEGENJAR low of 205 still needs to be tested and it should fail then make lower lows</Title><Msg>ClueLess GEEGENJAR low of 205 still needs to be tested and it should fail then make lower lows</Msg><Username>coinmaker77</Username><Timestamp>1351789824191</Timestamp><DateTime>Thu, 2012-11-01 13:10:24 EDT</DateTime><ThumbUp>0</ThumbUp><ThumbDown>1</ThumbDown><Sentiment>Strong Sell</Sentiment></Message><Message type="ReplyMessage"><Id>1351789873993-84</Id><Topic><Title>Higher lows . . . positive.</Title><Username>geegenjar</Username><Timestamp>1351786023459</Timestamp><DateTime>Thu, 2012-11-01 12:07:03 EDT</DateTime></Topic><Msg>Douchbag... Go away ... You look more stupid with every passing day geegee.</Msg><Username>philandjoel1e</Username><Timestamp>1351789873993</Timestamp><DateTime>Thu, 2012-11-01 13:11:13 EDT</DateTime><ThumbUp>0</ThumbUp><ThumbDown>0</ThumbDown><Sentiment/></Message><Message type="ReplyMessage"><Id>1351790190333-85</Id><Topic><Title>Do we know if Fedex and UPS does delivery in NYC and Metro areas ?</Title><Username>jgiled</Username><Timestamp>1351788312940</Timestamp><DateTime>Thu, 2012-11-01 12:45:12 EDT</DateTime></Topic><Msg>I dont know nor do I care. Bottom line is that they are delivering in NYC and Metro areas. This isnt a guess. I am there.</Msg><Username>yesitsme2012</Username><Timestamp>1351790190333</Timestamp><DateTime>Thu, 2012-11-01 13:16:30 EDT</DateTime><ThumbUp>0</ThumbUp><ThumbDown>0</ThumbDown><Sentiment/></Message><Message type="TopicMessage"><Id>1351790233025-86</Id><Title>Always remember it take months to make a new bottom and the new lows always have to be tested, Still need to test 205</Title><Msg>Always remember it take months to make a new bottom and the new lows always have to be tested, Still need to test 205</Msg><Username>coinmaker77</Username><Timestamp>1351790233025</Timestamp><DateTime>Thu, 2012-11-01 13:17:13 EDT</DateTime><ThumbUp>0</ThumbUp><ThumbDown>1</ThumbDown><Sentiment>Strong Sell</Sentiment></Message><Message type="TopicMessage"><Id>1351790510016-87</Id><Title>Thats why it failed at 238 it was were NAS SMACK DIP purchased and once it got back to even they started selling, thats the new lower high which= lower lows to come</Title><Msg>Thats why it failed at 238 it was were NAS SMACK DIP purchased and once it got back to even they started selling, thats the new lower high which= lower lows to come</Msg><Username>coinmaker77</Username><Timestamp>1351790510016</Timestamp><DateTime>Thu, 2012-11-01 13:21:50 EDT</DateTime><ThumbUp>0</ThumbUp><ThumbDown>1</ThumbDown><Sentiment>Strong Sell</Sentiment></Message><Message type="TopicMessage"><Id>1351790760085-88</Id><Title>It will fail the test of 205 because once people are even or start to lose money they will sell and drive it lower than the 205, Just like they did at 238</Title><Msg>It will fail the test of 205 because once people are even or start to lose money they will sell and drive it lower than the 205, Just like they did at 238</Msg><Username>coinmaker77</Username><Timestamp>1351790760085</Timestamp><DateTime>Thu, 2012-11-01 13:26:00 EDT</DateTime><ThumbUp>0</ThumbUp><ThumbDown>1</ThumbDown><Sentiment>Strong Sell</Sentiment></Message><Message type="TopicMessage"><Id>1351790816836-89</Id><Title>So I notice AAPL outperforming AMZN today...</Title><Msg>thought I'd point this out on a day when Naz way up...so does anybody really think AMZN is not in danger of selling off...</Msg><Username>bobbyvesco</Username><Timestamp>1351790816836</Timestamp><DateTime>Thu, 2012-11-01 13:26:56 EDT</DateTime><ThumbUp>0</ThumbUp><ThumbDown>0</ThumbDown><Sentiment/></Message><Message type="TopicMessage"><Id>1351790867007-90</Id><Title>Always remember that lower highs =lower lows to come, Always remember to sell thr RIPS</Title><Msg>Always remember that lower highs =lower lows to come, Always remember to sell thr RIPS</Msg><Username>coinmaker77</Username><Timestamp>1351790867007</Timestamp><DateTime>Thu, 2012-11-01 13:27:47 EDT</DateTime><ThumbUp>0</ThumbUp><ThumbDown>1</ThumbDown><Sentiment>Strong Sell</Sentiment></Message><Message type="TopicMessage"><Id>1351791127319-91</Id><Title>The 2012-2013 recession has started companies reporting LAYOFFS, LAYOFFS and MORE LAYOFFS wallstreet always late because they have to get out first before they tank it</Title><Msg>The 2012-2013 recession has started companies reporting LAYOFFS, LAYOFFS and MORE LAYOFFS wallstreet always late because they have to get out first before they tank it</Msg><Username>coinmaker77</Username><Timestamp>1351791127319</Timestamp><DateTime>Thu, 2012-11-01 13:32:07 EDT</DateTime><ThumbUp>0</ThumbUp><ThumbDown>1</ThumbDown><Sentiment>Strong Sell</Sentiment></Message><Message type="TopicMessage"><Id>1351791277830-92</Id><Title>Man made a lot of money again today, Hay GEEGENJAR I need you to buy it back up so I can sell the RIP again and again and again</Title><Msg>Man made a lot of money again today, Hay GEEGENJAR I need you to buy it back up so I can sell the RIP again and again and again</Msg><Username>coinmaker77</Username><Timestamp>1351791277830</Timestamp><DateTime>Thu, 2012-11-01 13:34:37 EDT</DateTime><ThumbUp>0</ThumbUp><ThumbDown>1</ThumbDown><Sentiment>Strong Sell</Sentiment></Message><Message type="TopicMessage"><Id>1351791436744-93</Id><Title>Hay GEEGENJAR say oh no down we go</Title><Msg>Hay GEEGENJAR say oh no down we go</Msg><Username>coinmaker77</Username><Timestamp>1351791436744</Timestamp><DateTime>Thu, 2012-11-01 13:37:16 EDT</DateTime><ThumbUp>0</ThumbUp><ThumbDown>1</ThumbDown><Sentiment>Strong Sell</Sentiment></Message><Message type="TopicMessage"><Id>1351791446124-94</Id><Title>GOT POWER BACK THIS MORNING</Title><Msg>Luckily for me, I live in a 40 story condo building in Manhattan and other than losing power I was not impacted at all by the storm. I can't say the same for those living all around me</Msg><Username>philandjoelle</Username><Timestamp>1351791446124</Timestamp><DateTime>Thu, 2012-11-01 13:37:26 EDT</DateTime><ThumbUp>0</ThumbUp><ThumbDown>0</ThumbDown><Sentiment/></Message><Message type="ReplyMessage"><Id>1351791578317-95</Id><Topic><Title>P/E over 2,700!!!</Title><Username>sirtom99</Username><Timestamp>1351784847162</Timestamp><DateTime>Thu, 2012-11-01 11:47:27 EDT</DateTime></Topic><Msg>I agree with you........</Msg><Username>europe_and_usa</Username><Timestamp>1351791578317</Timestamp><DateTime>Thu, 2012-11-01 13:39:38 EDT</DateTime><ThumbUp>0</ThumbUp><ThumbDown>1</ThumbDown><Sentiment/></Message><Message type="TopicMessage"><Id>1351791642280-96</Id><Title>Hay GEEGENJAR way to many seller for you, going lower TIC TOC watch AMZN DROP</Title><Msg>Hay GEEGENJAR way to many seller for you, going lower TIC TOC watch AMZN DROP</Msg><Username>coinmaker77</Username><Timestamp>1351791642280</Timestamp><DateTime>Thu, 2012-11-01 13:40:42 EDT</DateTime><ThumbUp>0</ThumbUp><ThumbDown>2</ThumbDown><Sentiment>Strong Sell</Sentiment></Message><Message type="TopicMessage"><Id>1351791787689-97</Id><Title>HERE COME THE SELLERS, HERE COME THE SELLERS, OH NO DOWN WE GO</Title><Msg>Here come the sellers, here come the sellers, oh no down we go</Msg><Username>coinmaker77</Username><Timestamp>1351791787689</Timestamp><DateTime>Thu, 2012-11-01 13:43:07 EDT</DateTime><ThumbUp>0</ThumbUp><ThumbDown>1</ThumbDown><Sentiment>Strong Sell</Sentiment></Message><Message type="TopicMessage"><Id>1351791914118-98</Id><Title>Not good for you GEEGENJAR DIP buyers starting to lose money, lower lows to come</Title><Msg>Not good for you GEEGENJAR DIP buyers starting to lose money, lower lows to come</Msg><Username>coinmaker77</Username><Timestamp>1351791914118</Timestamp><DateTime>Thu, 2012-11-01 13:45:14 EDT</DateTime><ThumbUp>0</ThumbUp><ThumbDown>1</ThumbDown><Sentiment>Strong Sell</Sentiment></Message><Message type="TopicMessage"><Id>1351792075103-99</Id><Title>HAY GRASSO and friends there are some more suckers to sell into HIT THE BID , HIT THE BID</Title><Msg>HAY GRASSO and friends there are some more suckers to sell into HIT THE BID , HIT THE BID</Msg><Username>coinmaker77</Username><Timestamp>1351792075103</Timestamp><DateTime>Thu, 2012-11-01 13:47:55 EDT</DateTime><ThumbUp>0</ThumbUp><ThumbDown>1</ThumbDown><Sentiment>Strong Sell</Sentiment></Message><Message type="TopicMessage"><Id>1351792300275-100</Id><Title>Selling is just like SMACKING the NAS SMACK everytime</Title><Msg>Selling is just like SMACKING the NAS SMACK everytime</Msg><Username>coinmaker77</Username><Timestamp>1351792300275</Timestamp><DateTime>Thu, 2012-11-01 13:51:40 EDT</DateTime><ThumbUp>0</ThumbUp><ThumbDown>1</ThumbDown><Sentiment>Strong Sell</Sentiment></Message><Message type="TopicMessage"><Id>1351792442840-101</Id><Title>BIG TIME LAYOFFS, LAYOFFS, LAYOFFS and MORE LAYOFFS start of the 2012-2013 recession</Title><Msg>BIG TIME LAYOFFS, LAYOFFS, LAYOFFS and MORE LAYOFFS start of the 2012-2013 recession</Msg><Username>coinmaker77</Username><Timestamp>1351792442840</Timestamp><DateTime>Thu, 2012-11-01 13:54:02 EDT</DateTime><ThumbUp>0</ThumbUp><ThumbDown>1</ThumbDown><Sentiment>Strong Sell</Sentiment></Message><Message type="TopicMessage"><Id>1351792518895-102</Id><Title>Stock market DEAD CAT today , Get your dead cats today</Title><Msg>Stock market DEAD CAT today , Get your dead cats today</Msg><Username>coinmaker77</Username><Timestamp>1351792518895</Timestamp><DateTime>Thu, 2012-11-01 13:55:18 EDT</DateTime><ThumbUp>0</ThumbUp><ThumbDown>1</ThumbDown><Sentiment>Strong Sell</Sentiment></Message><Message type="TopicMessage"><Id>1351792917966-103</Id><Title>PE = 2759 !!!</Title><Msg>Apple PE = 14, Industry = 19. Worldwide recession, high unemployment, massive debts !!!! Welcome to the bubble of the year.............</Msg><Username>europe_and_usa</Username><Timestamp>1351792917966</Timestamp><DateTime>Thu, 2012-11-01 14:01:57 EDT</DateTime><ThumbUp>0</ThumbUp><ThumbDown>1</ThumbDown><Sentiment/></Message><Message type="TopicMessage"><Id>1351792981113-104</Id><Title>can't keep it UP</Title><Msg>are longs but not hard still blaming Sandy for their problems ?</Msg><Username>rimm_dn</Username><Timestamp>1351792981113</Timestamp><DateTime>Thu, 2012-11-01 14:03:01 EDT</DateTime><ThumbUp>0</ThumbUp><ThumbDown>0</ThumbDown><Sentiment/></Message><Message type="ReplyMessage"><Id>1351793429273-105</Id><Topic><Title>closing oct 25th = LOD... it means... lower we go... sorry geepee(geegee)</Title><Username>optionstrader008</Username><Timestamp>1351723002470</Timestamp><DateTime>Wed, 2012-10-31 18:36:42 EDT</DateTime></Topic><Msg>Sorry kid......</Msg><Username>optionstrader008</Username><Timestamp>1351793429273</Timestamp><DateTime>Thu, 2012-11-01 14:10:29 EDT</DateTime><ThumbUp>0</ThumbUp><ThumbDown>0</ThumbDown><Sentiment/></Message><Message type="TopicMessage"><Id>1351793443165-106</Id><Title>Man they are selling the RIPS in aapl they know the market is going to tank soon</Title><Msg>Man they are selling the RIPS in aapl they know the market is going to tank soon</Msg><Username>coinmaker77</Username><Timestamp>1351793443165</Timestamp><DateTime>Thu, 2012-11-01 14:10:43 EDT</DateTime><ThumbUp>0</ThumbUp><ThumbDown>1</ThumbDown><Sentiment>Strong Sell</Sentiment></Message><Message type="ReplyMessage"><Id>1351794192260-107</Id><Topic><Title>PE = 2759 !!!</Title><Username>europe_and_usa</Username><Timestamp>1351792917966</Timestamp><DateTime>Thu, 2012-11-01 14:01:57 EDT</DateTime></Topic><Msg>Is it really correct PE? How is that possible to have PE of ?2759</Msg><Username>nahid666p</Username><Timestamp>1351794192260</Timestamp><DateTime>Thu, 2012-11-01 14:23:12 EDT</DateTime><ThumbUp>0</ThumbUp><ThumbDown>0</ThumbDown><Sentiment/></Message><Message type="TopicMessage"><Id>1351794492536-108</Id><Title>Market up 1% amzn down .3%</Title><Msg>The mojo iz gone for this momo... This pig iz barking like a dog...</Msg><Username>philandjoel1e</Username><Timestamp>1351794492536</Timestamp><DateTime>Thu, 2012-11-01 14:28:12 EDT</DateTime><ThumbUp>0</ThumbUp><ThumbDown>0</ThumbDown><Sentiment/></Message><Message type="TopicMessage"><Id>1351794784527-109</Id><Title>Looks like they are going to tank the market. They are selling the RIPS to get out before the big drop</Title><Msg>Looks like they are going to tank the market. They are selling the RIPS to get out before the big drop</Msg><Username>coinmaker77</Username><Timestamp>1351794784527</Timestamp><DateTime>Thu, 2012-11-01 14:33:04 EDT</DateTime><ThumbUp>0</ThumbUp><ThumbDown>1</ThumbDown><Sentiment>Strong Sell</Sentiment></Message><Message type="ReplyMessage"><Id>1351794889624-110</Id><Topic><Title>PE = 2759 !!!</Title><Username>europe_and_usa</Username><Timestamp>1351792917966</Timestamp><DateTime>Thu, 2012-11-01 14:01:57 EDT</DateTime></Topic><Msg>Because the company posted a net loss in Q3 2012......</Msg><Username>europe_and_usa</Username><Timestamp>1351794889624</Timestamp><DateTime>Thu, 2012-11-01 14:34:49 EDT</DateTime><ThumbUp>0</ThumbUp><ThumbDown>1</ThumbDown><Sentiment/></Message><Message type="TopicMessage"><Id>1351795338058-111</Id><Title>Need to sell the RIPS just like they are doing, before they tank it</Title><Msg>Need to sell the RIPS just like they are doing, before they tank it</Msg><Username>coinmaker77</Username><Timestamp>1351795338058</Timestamp><DateTime>Thu, 2012-11-01 14:42:18 EDT</DateTime><ThumbUp>0</ThumbUp><ThumbDown>1</ThumbDown><Sentiment>Strong Sell</Sentiment></Message><Message type="TopicMessage"><Id>1351795638087-112</Id><Title>Looks out they are setting it up for the big drop</Title><Msg>Looks out they are setting it up for the big drop</Msg><Username>coinmaker77</Username><Timestamp>1351795638087</Timestamp><DateTime>Thu, 2012-11-01 14:47:18 EDT</DateTime><ThumbUp>0</ThumbUp><ThumbDown>1</ThumbDown><Sentiment>Strong Sell</Sentiment></Message><Message type="ReplyMessage"><Id>1351795838942-113</Id><Topic><Title>Looks out they are setting it up for the big drop</Title><Username>coinmaker77</Username><Timestamp>1351795638087</Timestamp><DateTime>Thu, 2012-11-01 14:47:18 EDT</DateTime></Topic><Msg>Dude, please shut up. I am short and you are even annoying me. Both you and that geeg guy need to do something else than be cheerleaders. Every five minutes? Seriously?</Msg><Username>shakagenghis</Username><Timestamp>1351795838942</Timestamp><DateTime>Thu, 2012-11-01 14:50:38 EDT</DateTime><ThumbUp>1</ThumbUp><ThumbDown>0</ThumbDown><Sentiment/></Message><Message type="TopicMessage"><Id>1351795907160-114</Id><Title>AMZN going much lower</Title><Msg>Not a question of if - just a question of when, and it looks like sooner rather than later.</Msg><Username>sassysbuddy</Username><Timestamp>1351795907160</Timestamp><DateTime>Thu, 2012-11-01 14:51:47 EDT</DateTime><ThumbUp>0</ThumbUp><ThumbDown>0</ThumbDown><Sentiment>Strong Sell</Sentiment></Message><Message type="TopicMessage"><Id>1351796300449-115</Id><Title>WHR</Title><Msg>could see a boost from recovery</Msg><Username>jgiled</Username><Timestamp>1351796300449</Timestamp><DateTime>Thu, 2012-11-01 14:58:20 EDT</DateTime><ThumbUp>0</ThumbUp><ThumbDown>0</ThumbDown><Sentiment/></Message><Message type="TopicMessage"><Id>1351796781820-116</Id><Title>SELL OFF YET!!</Title><Msg>WHAT ARE YOU WAINTING FOR?</Msg><Username>rddr2022</Username><Timestamp>1351796781820</Timestamp><DateTime>Thu, 2012-11-01 15:06:21 EDT</DateTime><ThumbUp>0</ThumbUp><ThumbDown>0</ThumbDown><Sentiment/></Message><Message type="ReplyMessage"><Id>1351796883585-117</Id><Topic><Title>can't keep it UP</Title><Username>rimm_dn</Username><Timestamp>1351792981113</Timestamp><DateTime>Thu, 2012-11-01 14:03:01 EDT</DateTime></Topic><Msg>not going down either, just hanging there. is something big going to happen ?</Msg><Username>rimm_dn</Username><Timestamp>1351796883585</Timestamp><DateTime>Thu, 2012-11-01 15:08:03 EDT</DateTime><ThumbUp>0</ThumbUp><ThumbDown>0</ThumbDown><Sentiment/></Message><Message type="ReplyMessage"><Id>1351797300311-118</Id><Topic><Title>Looks like they are going to tank the market. They are selling the RIPS to get out before the big drop</Title><Username>coinmaker77</Username><Timestamp>1351794784527</Timestamp><DateTime>Thu, 2012-11-01 14:33:04 EDT</DateTime></Topic><Msg>BIG DROP COMING</Msg><Username>coinmaker77</Username><Timestamp>1351797300311</Timestamp><DateTime>Thu, 2012-11-01 15:15:00 EDT</DateTime><ThumbUp>0</ThumbUp><ThumbDown>1</ThumbDown><Sentiment>Strong Sell</Sentiment></Message><Message type="TopicMessage"><Id>1351797600399-119</Id><Title>Will Sandy cause shipping problems for Amazon?</Title><Msg>You think power outtages, road problems and other shipping issues will impact AMZN this Christmas?</Msg><Username>tret1584</Username><Timestamp>1351797600399</Timestamp><DateTime>Thu, 2012-11-01 15:20:00 EDT</DateTime><ThumbUp>0</ThumbUp><ThumbDown>0</ThumbDown><Sentiment>Strong Sell</Sentiment></Message><Message type="TopicMessage"><Id>1351798129212-120</Id><Title>OH NO down we go</Title><Msg>OH NO down we go</Msg><Username>coinmaker77</Username><Timestamp>1351798129212</Timestamp><DateTime>Thu, 2012-11-01 15:28:49 EDT</DateTime><ThumbUp>0</ThumbUp><ThumbDown>1</ThumbDown><Sentiment>Strong Sell</Sentiment></Message><Message type="TopicMessage"><Id>1351798465430-121</Id><Title>they are killing the option premium</Title><Msg>watch out after they are done with their option. it could move faster</Msg><Username>ngrti</Username><Timestamp>1351798465430</Timestamp><DateTime>Thu, 2012-11-01 15:34:25 EDT</DateTime><ThumbUp>0</ThumbUp><ThumbDown>0</ThumbDown><Sentiment/></Message><Message type="TopicMessage"><Id>1351798683297-122</Id><Title>Hmmmmmmm...... Lets see if we can close at a fresh day low</Title><Msg>What a manipulated pos...</Msg><Username>philandjoel1e</Username><Timestamp>1351798683297</Timestamp><DateTime>Thu, 2012-11-01 15:38:03 EDT</DateTime><ThumbUp>0</ThumbUp><ThumbDown>0</ThumbDown><Sentiment/></Message><Message type="TopicMessage"><Id>1351799081860-123</Id><Title>WOW here come the sellers</Title><Msg>WOW here come the sellers</Msg><Username>coinmaker77</Username><Timestamp>1351799081860</Timestamp><DateTime>Thu, 2012-11-01 15:44:41 EDT</DateTime><ThumbUp>0</ThumbUp><ThumbDown>1</ThumbDown><Sentiment>Strong Sell</Sentiment></Message><Message type="TopicMessage"><Id>1351799215639-124</Id><Title>HIT the BID , HIT the BID ,Hit the BID</Title><Msg>HIT the BID , HIT the BID ,Hit the BID</Msg><Username>coinmaker77</Username><Timestamp>1351799215639</Timestamp><DateTime>Thu, 2012-11-01 15:46:55 EDT</DateTime><ThumbUp>0</ThumbUp><ThumbDown>1</ThumbDown><Sentiment>Strong Sell</Sentiment></Message><Message type="TopicMessage"><Id>1351799538984-125</Id><Title>like i said...test of those AH lows near 205..and likely FAIL</Title><Msg>and crash to 150s Simple</Msg><Username>cwtripps</Username><Timestamp>1351799538984</Timestamp><DateTime>Thu, 2012-11-01 15:52:18 EDT</DateTime><ThumbUp>0</ThumbUp><ThumbDown>0</ThumbDown><Sentiment/></Message><Message type="TopicMessage"><Id>1351799689230-126</Id><Title>amzn will suffer through one of those big brokerage downgrades...</Title><Msg>it will probably come on a friday morning when people least expect it...i'm guessing one of the next 4 fridays it will be issued resulting in a 10 percent plus retreat.</Msg><Username>snaffew</Username><Timestamp>1351799689230</Timestamp><DateTime>Thu, 2012-11-01 15:54:49 EDT</DateTime><ThumbUp>0</ThumbUp><ThumbDown>0</ThumbDown><Sentiment/></Message><Message type="TopicMessage"><Id>1351799777401-127</Id><Title>CNBC setting you up for the big fall , Jobs number is old before companis started reporting layoffs</Title><Msg>CNBC setting you up for the big fall , Jobs number is old before companis started reporting layoffs</Msg><Username>coinmaker77</Username><Timestamp>1351799777401</Timestamp><DateTime>Thu, 2012-11-01 15:56:17 EDT</DateTime><ThumbUp>0</ThumbUp><ThumbDown>1</ThumbDown><Sentiment>Strong Sell</Sentiment></Message><Message type="TopicMessage"><Id>1351799997806-128</Id><Title>Now geegee can jerk off all night again</Title><Msg>He's looking forward to it</Msg><Username>philandjoel1e</Username><Timestamp>1351799997806</Timestamp><DateTime>Thu, 2012-11-01 15:59:57 EDT</DateTime><ThumbUp>0</ThumbUp><ThumbDown>0</ThumbDown><Sentiment/></Message><Message type="ReplyMessage"><Id>1351800055777-129</Id><Topic><Title>they are killing the option premium</Title><Username>ngrti</Username><Timestamp>1351798465430</Timestamp><DateTime>Thu, 2012-11-01 15:34:25 EDT</DateTime></Topic><Msg>you must be talking about options which are expiring tomorrow---they should have virtually no premium. Only one day left for them to decide which way they want to make money...up, down or flat---they make it any of those 3 ways.</Msg><Username>hot1tip</Username><Timestamp>1351800055777</Timestamp><DateTime>Thu, 2012-11-01 16:00:55 EDT</DateTime><ThumbUp>0</ThumbUp><ThumbDown>0</ThumbDown><Sentiment/></Message><Message type="TopicMessage"><Id>1351800180097-130</Id><Title>How low will we go tomorrow, Sleep will GEEGENJAR The big boys are selling the RIPS setting the market up for the big drop it come</Title><Msg>How low will we go tomorrow, Sleep will GEEGENJAR The big boys are selling the RIPS setting the market up for the big drop it come TIC TOC watch the clock all night long</Msg><Username>coinmaker77</Username><Timestamp>1351800180097</Timestamp><DateTime>Thu, 2012-11-01 16:03:00 EDT</DateTime><ThumbUp>0</ThumbUp><ThumbDown>1</ThumbDown><Sentiment>Strong Sell</Sentiment></Message><Message type="TopicMessage"><Id>1351800655553-131</Id><Title>PCLN and SBUX up huge afterhours</Title><Msg>had a great quarter</Msg><Username>sokhzhrov</Username><Timestamp>1351800655553</Timestamp><DateTime>Thu, 2012-11-01 16:10:55 EDT</DateTime><ThumbUp>0</ThumbUp><ThumbDown>0</ThumbDown><Sentiment/></Message><Message type="ReplyMessage"><Id>1351801006142-132</Id><Topic><Title>PCLN and SBUX up huge afterhours</Title><Username>sokhzhrov</Username><Timestamp>1351800655553</Timestamp><DateTime>Thu, 2012-11-01 16:10:55 EDT</DateTime></Topic><Msg>well then, it appears they will pin tomorrow's close around 235 in order to clean out the weekly options players. GL all</Msg><Username>hot1tip</Username><Timestamp>1351801006142</Timestamp><DateTime>Thu, 2012-11-01 16:16:46 EDT</DateTime><ThumbUp>0</ThumbUp><ThumbDown>0</ThumbDown><Sentiment/></Message><Message type="TopicMessage"><Id>1351801058182-133</Id><Title>Teetering on brink.....close below 200 day m.a. could cause panic selling</Title><Msg>Everyone is watching the 200 day moving average around $219.</Msg><Username>ex.goldbug</Username><Timestamp>1351801058182</Timestamp><DateTime>Thu, 2012-11-01 16:17:38 EDT</DateTime><ThumbUp>0</ThumbUp><ThumbDown>0</ThumbDown><Sentiment/></Message><Message type="ReplyMessage"><Id>1351801163286-134</Id><Topic><Title>PCLN and SBUX up huge afterhours</Title><Username>sokhzhrov</Username><Timestamp>1351800655553</Timestamp><DateTime>Thu, 2012-11-01 16:10:55 EDT</DateTime></Topic><Msg>fslr, chk and zagg are up. good earnings so far after hours</Msg><Username>sokhzhrov</Username><Timestamp>1351801163286</Timestamp><DateTime>Thu, 2012-11-01 16:19:23 EDT</DateTime><ThumbUp>0</ThumbUp><ThumbDown>0</ThumbDown><Sentiment/></Message><Message type="ReplyMessage"><Id>1351801278505-135</Id><Topic><Title>PCLN and SBUX up huge afterhours</Title><Username>sokhzhrov</Username><Timestamp>1351800655553</Timestamp><DateTime>Thu, 2012-11-01 16:10:55 EDT</DateTime></Topic><Msg>LNKD is up</Msg><Username>sokhzhrov</Username><Timestamp>1351801278505</Timestamp><DateTime>Thu, 2012-11-01 16:21:18 EDT</DateTime><ThumbUp>0</ThumbUp><ThumbDown>0</ThumbDown><Sentiment/></Message><Message type="ReplyMessage"><Id>1351801545427-136</Id><Topic><Title>PCLN and SBUX up huge afterhours</Title><Username>sokhzhrov</Username><Timestamp>1351800655553</Timestamp><DateTime>Thu, 2012-11-01 16:10:55 EDT</DateTime></Topic><Msg>Sybil covered $728 shorts of pcln agez ago at 605 and 580... Old news - they'll be good for another round of shorting afyer some bandwaghon shorts get crushed... Nonetheless, amzn iz done, and that iz what sybil iz short... Amzn about to TANK ... There's no hope left for this tuckered out pig...</Msg><Username>philandjoel1e</Username><Timestamp>1351801545427</Timestamp><DateTime>Thu, 2012-11-01 16:25:45 EDT</DateTime><ThumbUp>0</ThumbUp><ThumbDown>0</ThumbDown><Sentiment/></Message><Message type="ReplyMessage"><Id>1351802193300-137</Id><Topic><Title>PCLN and SBUX up huge afterhours</Title><Username>sokhzhrov</Username><Timestamp>1351800655553</Timestamp><DateTime>Thu, 2012-11-01 16:10:55 EDT</DateTime></Topic><Msg>fslr and chk both down sizable ah</Msg><Username>hot1tip</Username><Timestamp>1351802193300</Timestamp><DateTime>Thu, 2012-11-01 16:36:33 EDT</DateTime><ThumbUp>0</ThumbUp><ThumbDown>0</ThumbDown><Sentiment/></Message><Message type="ReplyMessage"><Id>1351802509999-138</Id><Topic><Title>Teetering on brink.....close below 200 day m.a. could cause panic selling</Title><Username>ex.goldbug</Username><Timestamp>1351801058182</Timestamp><DateTime>Thu, 2012-11-01 16:17:38 EDT</DateTime></Topic><Msg>the hard part is timing...this stock could run to new all time highs before the inevitable selloff. This has been one resilient stock to avoid steep selloffs. The 2 weeks prior to earnings were the most profitable....since then, it has been a crap shoot.</Msg><Username>hot1tip</Username><Timestamp>1351802509999</Timestamp><DateTime>Thu, 2012-11-01 16:41:49 EDT</DateTime><ThumbUp>0</ThumbUp><ThumbDown>0</ThumbDown><Sentiment/></Message><Message type="TopicMessage"><Id>1351803260761-139</Id><Title>Look at how much the earnings were lowered over the past 7 days</Title><Msg>http://finance.yahoo.com/q/ae?s=AMZN+Analyst+Estimates</Msg><Username>cpataxweb</Username><Timestamp>1351803260761</Timestamp><DateTime>Thu, 2012-11-01 16:54:20 EDT</DateTime><ThumbUp>0</ThumbUp><ThumbDown>0</ThumbDown><Sentiment>Strong Sell</Sentiment></Message><Message type="ReplyMessage"><Id>1351803330325-140</Id><Topic><Title>How low will we go tomorrow, Sleep will GEEGENJAR The big boys are selling the RIPS setting the market up for the big drop it come</Title><Username>coinmaker77</Username><Timestamp>1351800180097</Timestamp><DateTime>Thu, 2012-11-01 16:03:00 EDT</DateTime></Topic><Msg>You are an idiot. Say something of value, we know you are short.</Msg><Username>ireallyhopeimnottalkingtoadude</Username><Timestamp>1351803330325</Timestamp><DateTime>Thu, 2012-11-01 16:55:30 EDT</DateTime><ThumbUp>0</ThumbUp><ThumbDown>0</ThumbDown><Sentiment>Sell</Sentiment></Message><Message type="ReplyMessage"><Id>1351804024959-141</Id><Topic><Title>PCLN and SBUX up huge afterhours</Title><Username>sokhzhrov</Username><Timestamp>1351800655553</Timestamp><DateTime>Thu, 2012-11-01 16:10:55 EDT</DateTime></Topic><Msg>amazon is not where is at...sub 150 coming next year</Msg><Username>cwtripps</Username><Timestamp>1351804024959</Timestamp><DateTime>Thu, 2012-11-01 17:07:04 EDT</DateTime><ThumbUp>0</ThumbUp><ThumbDown>0</ThumbDown><Sentiment/></Message><Message type="ReplyMessage"><Id>1351805757733-142</Id><Topic><Title>Teetering on brink.....close below 200 day m.a. could cause panic selling</Title><Username>ex.goldbug</Username><Timestamp>1351801058182</Timestamp><DateTime>Thu, 2012-11-01 16:17:38 EDT</DateTime></Topic><Msg>This stock is not hard to 'time'.... Just take a few sharez short and watch your money 'grow' its that easy.... Dopes that try to 'time' stox are what fuel sqwueezez and sell offs...</Msg><Username>philandjoel1e</Username><Timestamp>1351805757733</Timestamp><DateTime>Thu, 2012-11-01 17:35:57 EDT</DateTime><ThumbUp>0</ThumbUp><ThumbDown>0</ThumbDown><Sentiment/></Message><Message type="ReplyMessage"><Id>1351805934939-143</Id><Topic><Title>How low will we go tomorrow, Sleep will GEEGENJAR The big boys are selling the RIPS setting the market up for the big drop it come</Title><Username>coinmaker77</Username><Timestamp>1351800180097</Timestamp><DateTime>Thu, 2012-11-01 16:03:00 EDT</DateTime></Topic><Msg>Agree.... Coinmaker iz an annoying short with his rat tat tat machine gun fire posts of no real content</Msg><Username>philandjoel1e</Username><Timestamp>1351805934939</Timestamp><DateTime>Thu, 2012-11-01 17:38:54 EDT</DateTime><ThumbUp>1</ThumbUp><ThumbDown>0</ThumbDown><Sentiment/></Message><Message type="ReplyMessage"><Id>1351806136951-144</Id><Topic><Title>drop below 230 today</Title><Username>wsjjswwsjjsw</Username><Timestamp>1351782241530</Timestamp><DateTime>Thu, 2012-11-01 11:04:01 EDT</DateTime></Topic><Msg>So it almost made it to 230. Well actually not. So I guess you can spend the profits you made. Almost? Why don't you try not predicting where it will go?</Msg><Username>rm1280</Username><Timestamp>1351806136951</Timestamp><DateTime>Thu, 2012-11-01 17:42:16 EDT</DateTime><ThumbUp>0</ThumbUp><ThumbDown>0</ThumbDown><Sentiment/></Message><Message type="ReplyMessage"><Id>1351806251745-145</Id><Topic><Title>236.25 very critical.</Title><Username>geegenjar</Username><Timestamp>1351689661158</Timestamp><DateTime>Wed, 2012-10-31 09:21:01 EDT</DateTime></Topic><Msg>So that's 242 by tomorrow? Hang on baby!! To the moon Alice!!</Msg><Username>rm1280</Username><Timestamp>1351806251745</Timestamp><DateTime>Thu, 2012-11-01 17:44:11 EDT</DateTime><ThumbUp>2</ThumbUp><ThumbDown>0</ThumbDown><Sentiment/></Message><Message type="ReplyMessage"><Id>1351806669499-146</Id><Topic><Title>PE = 2759 !!!</Title><Username>europe_and_usa</Username><Timestamp>1351792917966</Timestamp><DateTime>Thu, 2012-11-01 14:01:57 EDT</DateTime></Topic><Msg>A big whopping 8 cents for earnings per share for the whole year is how.</Msg><Username>sirtom99</Username><Timestamp>1351806669499</Timestamp><DateTime>Thu, 2012-11-01 17:51:09 EDT</DateTime><ThumbUp>0</ThumbUp><ThumbDown>0</ThumbDown><Sentiment/></Message><Message type="TopicMessage"><Id>1351806896147-147</Id><Title>Time to pop this bubble</Title><Msg>This should be in the double digits instead of triple. This needs a reality check just like Netflix did.</Msg><Username>sirtom99</Username><Timestamp>1351806896147</Timestamp><DateTime>Thu, 2012-11-01 17:54:56 EDT</DateTime><ThumbUp>1</ThumbUp><ThumbDown>0</ThumbDown><Sentiment/></Message><Message type="ReplyMessage"><Id>1351806907670-148</Id><Topic><Title>GOT POWER BACK THIS MORNING</Title><Username>philandjoelle</Username><Timestamp>1351791446124</Timestamp><DateTime>Thu, 2012-11-01 13:37:26 EDT</DateTime></Topic><Msg>No posts from him for a few days. "Sybil" and "buyloww" really miss him.</Msg><Username>ex.goldbug</Username><Timestamp>1351806907670</Timestamp><DateTime>Thu, 2012-11-01 17:55:07 EDT</DateTime><ThumbUp>0</ThumbUp><ThumbDown>0</ThumbDown><Sentiment/></Message><Message type="ReplyMessage"><Id>1351807171925-149</Id><Topic><Title>PE = 2759 !!!</Title><Username>europe_and_usa</Username><Timestamp>1351792917966</Timestamp><DateTime>Thu, 2012-11-01 14:01:57 EDT</DateTime></Topic><Msg>I would short this stock after new year if I have the money.</Msg><Username>nahid666p</Username><Timestamp>1351807171925</Timestamp><DateTime>Thu, 2012-11-01 17:59:31 EDT</DateTime><ThumbUp>0</ThumbUp><ThumbDown>0</ThumbDown><Sentiment/></Message><Message type="TopicMessage"><Id>1351807227018-150</Id><Title>PCLN PE: 24 AMAZON PE: 2,763</Title><Msg>Looks a little out of whack.</Msg><Username>ex.goldbug</Username><Timestamp>1351807227018</Timestamp><DateTime>Thu, 2012-11-01 18:00:27 EDT</DateTime><ThumbUp>0</ThumbUp><ThumbDown>0</ThumbDown><Sentiment/></Message><Message type="TopicMessage"><Id>1351807420682-151</Id><Title>Distribution costs and taxes keep rising</Title><Msg>Hurricane force impediments going forward. Who thinks the PE will fall from 2,700+ to 100 next year? I have my doubts. The forward estimates are pie in the sky imho.</Msg><Username>ex.goldbug</Username><Timestamp>1351807420682</Timestamp><DateTime>Thu, 2012-11-01 18:03:40 EDT</DateTime><ThumbUp>0</ThumbUp><ThumbDown>0</ThumbDown><Sentiment>Sell</Sentiment></Message><Message type="TopicMessage"><Id>1351808859642-152</Id><Title>I agree that amzn is ridiculously overvalued...but the relentless negative posts about this company...</Title><Msg>will do nothing to push the price down, and may actually help push it up. If you are going to post anything, then say how cheap it is and what a value play this is for the long term. With enough positive sentiment, this may actually go down for a change. Gl Tomorrow's close will be pegged right around 235 or 240 depending on how spry the tutes feel. Tutes=Institutional Traders</Msg><Username>hot1tip</Username><Timestamp>1351808859642</Timestamp><DateTime>Thu, 2012-11-01 18:27:39 EDT</DateTime><ThumbUp>0</ThumbUp><ThumbDown>0</ThumbDown><Sentiment/></Message><Message type="ReplyMessage"><Id>1351809279296-153</Id><Topic><Title>AMZN IS In The Money!</Title><Username>francisfrancis18</Username><Timestamp>1350566113947</Timestamp><DateTime>Thu, 2012-10-18 09:15:13 EDT</DateTime></Topic><Msg>yes, it is right. it is a great article. i have really got the profit from this article.</Msg><Username>castanedadella218</Username><Timestamp>1351809279296</Timestamp><DateTime>Thu, 2012-11-01 18:34:39 EDT</DateTime><ThumbUp>0</ThumbUp><ThumbDown>1</ThumbDown><Sentiment/></Message><Message type="TopicMessage"><Id>1351809949556-154</Id><Title>p.e. ?</Title><Msg>nothing to talk about heh?..... instead.... tell us why this stock will go up or down in near future.... no one looks at p.e, ebitda, or any of #$%$. the squack box talk about any more.... i heard of taxes we've enjoyed placed by BUSH will be ending this year.</Msg><Username>option_flyer</Username><Timestamp>1351809949556</Timestamp><DateTime>Thu, 2012-11-01 18:45:49 EDT</DateTime><ThumbUp>0</ThumbUp><ThumbDown>1</ThumbDown><Sentiment/></Message><Message type="TopicMessage"><Id>1351810634119-155</Id><Title>Jeff Bezos Running The NYC Marathon?</Title><Msg>Is that true?</Msg><Username>niles.brinkley</Username><Timestamp>1351810634119</Timestamp><DateTime>Thu, 2012-11-01 18:57:14 EDT</DateTime><ThumbUp>0</ThumbUp><ThumbDown>5</ThumbDown><Sentiment/></Message><Message type="ReplyMessage"><Id>1351814763694-156</Id><Topic><Title>I agree that amzn is ridiculously overvalued...but the relentless negative posts about this company...</Title><Username>hot1tip</Username><Timestamp>1351808859642</Timestamp><DateTime>Thu, 2012-11-01 18:27:39 EDT</DateTime></Topic><Msg>Agreed. If negativity all sounds incredibly stupid and repetetive it only can help the long side. likely will go higher short term, way down longterm if they miss. and the way they are pricing black friday,etc, i wouldn't be surprised to see a big holiday miss, but these inst. Traders are keep a straight up prop at 232.5, maybe to defend november options. I closed up my short hoping for a better spot since I wasn't making any money on the miss and tape read. There will come a day where the longs will get tired of amzn not making money and having a 3000 pe, but with market internals looking a tiny bit healthier today, shorts could find a better spot than 232. It is a dog, but one with wings.</Msg><Username>shakagenghis</Username><Timestamp>1351814763694</Timestamp><DateTime>Thu, 2012-11-01 20:06:03 EDT</DateTime><ThumbUp>0</ThumbUp><ThumbDown>0</ThumbDown><Sentiment>Sell</Sentiment></Message><Message type="ReplyMessage"><Id>1351817402461-157</Id><Topic><Title>I agree that amzn is ridiculously overvalued...but the relentless negative posts about this company...</Title><Username>hot1tip</Username><Timestamp>1351808859642</Timestamp><DateTime>Thu, 2012-11-01 18:27:39 EDT</DateTime></Topic><Msg>Institutional INVESTORS are selling this as fast as they can without tanking it. Traders are trying to prop it up to scalp premium. Traders are going to end up losing because the longs will gladly keep selling something that should have been cut in half. Then, when traders try to tank it, longs will buy and manage the descent. The biggest short interest is in INTC and similar companies.... The rotation has already happened and momentum chasers have been caught wrong footed... Only China is really in a position to grow consumption. People have not yet begun to comprehend the profound negative feedback loops that Sandy will unleash on the domestic economy. It was already headed for significant contraction, but soon enough people will understand that we were on a tipping point... I strongly encourage any of you long AMZN to sell and buy INTC. You'll understand by the end of next year. INTC and GOOG are the best domestic tail hedges that exist.</Msg><Username>techstrategy</Username><Timestamp>1351817402461</Timestamp><DateTime>Thu, 2012-11-01 20:50:02 EDT</DateTime><ThumbUp>1</ThumbUp><ThumbDown>0</ThumbDown><Sentiment/></Message><Message type="ReplyMessage"><Id>1351818898052-158</Id><Topic><Title>GOT POWER BACK THIS MORNING</Title><Username>philandjoelle</Username><Timestamp>1351791446124</Timestamp><DateTime>Thu, 2012-11-01 13:37:26 EDT</DateTime></Topic><Msg>And the soup kitchen is open too.... All is right in my world.</Msg><Username>philandjoel1e</Username><Timestamp>1351818898052</Timestamp><DateTime>Thu, 2012-11-01 21:14:58 EDT</DateTime><ThumbUp>0</ThumbUp><ThumbDown>0</ThumbDown><Sentiment/></Message><Message type="TopicMessage"><Id>1351819328997-159</Id><Title>"philjoe's" cell phone dried out while he's floating around on a peice of driftwood in the atlantic</Title><Msg>He's able to post to yahoo now.... Glory be....</Msg><Username>philandjoel1e</Username><Timestamp>1351819328997</Timestamp><DateTime>Thu, 2012-11-01 21:22:08 EDT</DateTime><ThumbUp>0</ThumbUp><ThumbDown>0</ThumbDown><Sentiment/></Message><Message type="TopicMessage"><Id>1351821020643-160</Id><Title>Compression</Title><Msg>Last couple of days. Target 250 or 214 pretty quickly. 240-225 Nov straddle might be a good idea</Msg><Username>blsh1990</Username><Timestamp>1351821020643</Timestamp><DateTime>Thu, 2012-11-01 21:50:20 EDT</DateTime><ThumbUp>0</ThumbUp><ThumbDown>0</ThumbDown><Sentiment/></Message><Message type="TopicMessage"><Id>1351823115905-161</Id><Title>Was it artificial buying pressure or selling pressure?</Title><Msg>What kept this stock locked at $232 on a non-expiration day at a non-strike value? Was it artificial buying pressure to keep the stock above $232? Was it artificial selling pressure to keep the stock below $232? With every major news outlet (alpha, motley, FM, even Cramer) questioning AMZN now, it has to be option #1: artificial buying pressure. The way it closed was the key. People just selling stock don't care what the price is, they just want out and they sell -- so the fact that AMZN went down on an up-day today means that the selling pressure today was the natural tendency of market participants. It was artificial buying pressure that kept it above $232. People who need the stock at or above $232 (for some mysterious reason) need it to CLOSE above $232. And like clockwork, look what happened in the last 5 minutes of trading. What happens when the artificial buying pressure evaporates? Maybe some whale out there has stated that if AMZN goes below $232 that he's out, and so the $ mgrs keep the thing afloat. As soon as one big institution starts to leave, it's "Katie bar the door" and a race to the bottom. In the market, truth doesn't matter -- only perception, and nowhere is that clearer than AMZN. A few weeks ago Cramer liked it as a momentum stock, but now even he has changed his mind. Even Cramer warned that holding a stock when its momentum fizzles is a BAD thing. What kind of person looks at AMZN and does not perceive huge problems with its valuation? The perception of market participants is obviously changing and this thing is the next in a long line of overvalued bubbles to burst. Good news for longs though: you can use this manipulation to unload your positions without taking too much of a loss. GEEG, you too can make money on AMZN. I hope you're buying protective puts if you stay long, but now is the time to short this thing. I wish people believed in me like you believe in AMZN, but there comes a point, my man, when you just gotta change your mind about some things.</Msg><Username>bartman330</Username><Timestamp>1351823115905</Timestamp><DateTime>Thu, 2012-11-01 22:25:15 EDT</DateTime><ThumbUp>0</ThumbUp><ThumbDown>0</ThumbDown><Sentiment/></Message><Message type="ReplyMessage"><Id>1351827142731-162</Id><Topic><Title>ATTD October News,Distribution Agreement Announcement, 2200% GAINS POSSIBLE, UNDERVALUED, CHEAP@ 0.0008 BUY,READ</Title><Username>dollarmultiplier</Username><Timestamp>1351010103807</Timestamp><DateTime>Tue, 2012-10-23 12:35:03 EDT</DateTime></Topic><Msg>Phase III Recovery Drink has great reviews on AMAZON WEBSITE.</Msg><Username>pennysbull</Username><Timestamp>1351827142731</Timestamp><DateTime>Thu, 2012-11-01 23:32:22 EDT</DateTime><ThumbUp>7</ThumbUp><ThumbDown>0</ThumbDown><Sentiment>Strong Buy</Sentiment></Message><Message type="ReplyMessage"><Id>1351827987049-163</Id><Topic><Title>I agree that amzn is ridiculously overvalued...but the relentless negative posts about this company...</Title><Username>hot1tip</Username><Timestamp>1351808859642</Timestamp><DateTime>Thu, 2012-11-01 18:27:39 EDT</DateTime></Topic><Msg>amzn is being accumulated by inst. at cheaper prices. once they are done, they will push this much higher to about 145 or 150. watch!</Msg><Username>ngrti</Username><Timestamp>1351827987049</Timestamp><DateTime>Thu, 2012-11-01 23:46:27 EDT</DateTime><ThumbUp>0</ThumbUp><ThumbDown>0</ThumbDown><Sentiment/></Message><Message type="ReplyMessage"><Id>1351828442276-164</Id><Topic><Title>I agree that amzn is ridiculously overvalued...but the relentless negative posts about this company...</Title><Username>hot1tip</Username><Timestamp>1351808859642</Timestamp><DateTime>Thu, 2012-11-01 18:27:39 EDT</DateTime></Topic><Msg>And no, AAPL isn't nearly as good of a hedge. It will get hit from both sides...</Msg><Username>techstrategy</Username><Timestamp>1351828442276</Timestamp><DateTime>Thu, 2012-11-01 23:54:02 EDT</DateTime><ThumbUp>0</ThumbUp><ThumbDown>0</ThumbDown><Sentiment/></Message></Date>