<?xml version="1.0" encoding="UTF-8" standalone="no"?><Date date="2012-10-19"><Message type="ReplyMessage"><Id>1350619610935-1</Id><Topic><Title>Loox like a bonifide reversal, biatchez...</Title><Username>philandjoel1e</Username><Timestamp>1350582339286</Timestamp><DateTime>Thu, 2012-10-18 13:45:39 EDT</DateTime></Topic><Msg>Dang! Tech! That's a bigger shovel than mine. I only got 15, but they were out to January. When you adjust the strike on a run up do you keep the same amount of contracts adding more capital or do you just buy lesser with the same amount originally invested? - Pj</Msg><Username>pjlouie13</Username><Timestamp>1350619610935</Timestamp><DateTime>Fri, 2012-10-19 00:06:50 EDT</DateTime><ThumbUp>0</ThumbUp><ThumbDown>0</ThumbDown><Sentiment>Strong Sell</Sentiment></Message><Message type="ReplyMessage"><Id>1350623127259-2</Id><Topic><Title>5-10 year chart shows we just did 3rd peak on Elliott Wave</Title><Username>counter_insurgency_buff</Username><Timestamp>1350601145987</Timestamp><DateTime>Thu, 2012-10-18 18:59:05 EDT</DateTime></Topic><Msg>techtard, amzn is so overvalued it is insane. ur prediction is based on silliness, get a grip. fundies matter</Msg><Username>petekook</Username><Timestamp>1350623127259</Timestamp><DateTime>Fri, 2012-10-19 01:05:27 EDT</DateTime><ThumbUp>0</ThumbUp><ThumbDown>0</ThumbDown><Sentiment/></Message><Message type="TopicMessage"><Id>1350624680425-3</Id><Title>Huge loss of revenue in taxed states</Title><Msg>I USED to purchase 80% of my online purchases through Amazon. I live in California. It was at least $1000 per month. I bought everything from vitamins to electronics and automotive equipment. I dont even bother anymore because it is 10% tacked on to every purchase. I know plenty of people who have stopped or reduced using Amazon. There are a lot of spenders here in California, what a shame. Amazon has lost its edge. They will dissapoint next earnings.</Msg><Username>makermoney700</Username><Timestamp>1350624680425</Timestamp><DateTime>Fri, 2012-10-19 01:31:20 EDT</DateTime><ThumbUp>0</ThumbUp><ThumbDown>0</ThumbDown><Sentiment>Strong Sell</Sentiment></Message><Message type="TopicMessage"><Id>1350625813201-4</Id><Title>50 Day MA</Title><Msg>This thing is bouncing off the ceiling of its 50 Day MA. The trendline support of the last 2 months has been breached. The increase in volatility in the last 2 weeks suggests the slow steady rise is now over. Bad technical signs for the bulls.</Msg><Username>bartman330</Username><Timestamp>1350625813201</Timestamp><DateTime>Fri, 2012-10-19 01:50:13 EDT</DateTime><ThumbUp>1</ThumbUp><ThumbDown>0</ThumbDown><Sentiment/></Message><Message type="ReplyMessage"><Id>1350626443191-5</Id><Topic><Title>oh no ! the sky is falling rigth Coingiver? lmfao!! b/c a Burritio Company cracks! lol!</Title><Username>nasdaq_6000_baby</Username><Timestamp>1350594243928</Timestamp><DateTime>Thu, 2012-10-18 17:04:03 EDT</DateTime></Topic><Msg>Tech: I said months ago that CMG was a great short when the 100 &amp; 200 day moving average cross and then stock rebounds 50%. Unfortunately it only rebounded 45% and I missed it. Maybe next time. I know CMG is headed towards $80. Even at $250 its got a long way to drop. 10 years from now paper books will be rare. Paper books have been around for 400 years and in the blink of an eye will go the route of the horse and buggy. You are right, Amazon doesn't own the content. THEY OWN THE DISTRIBUTION SYSTEM. If AMZN pulls back before earnings, I'll do a bullish spread. It has no where to go but up.</Msg><Username>edison20</Username><Timestamp>1350626443191</Timestamp><DateTime>Fri, 2012-10-19 02:00:43 EDT</DateTime><ThumbUp>0</ThumbUp><ThumbDown>0</ThumbDown><Sentiment>Strong Buy</Sentiment></Message><Message type="ReplyMessage"><Id>1350635788351-6</Id><Topic><Title>WOW down on big volume = more and more sellers TIC TOC count down to the big drop</Title><Username>coinmaker77</Username><Timestamp>1350593110423</Timestamp><DateTime>Thu, 2012-10-18 16:45:10 EDT</DateTime></Topic><Msg>Hay NAS SMACK this is not good, clueless</Msg><Username>coinmaker77</Username><Timestamp>1350635788351</Timestamp><DateTime>Fri, 2012-10-19 04:36:28 EDT</DateTime><ThumbUp>0</ThumbUp><ThumbDown>1</ThumbDown><Sentiment>Strong Sell</Sentiment></Message><Message type="TopicMessage"><Id>1350635899657-7</Id><Title>AMZN has fallen and they can't get out , TIC TOC count down to the big drop</Title><Msg>AMZN has fallen and they can't get out , TIC TOC count down to the big drop</Msg><Username>coinmaker77</Username><Timestamp>1350635899657</Timestamp><DateTime>Fri, 2012-10-19 04:38:19 EDT</DateTime><ThumbUp>0</ThumbUp><ThumbDown>1</ThumbDown><Sentiment>Strong Sell</Sentiment></Message><Message type="TopicMessage"><Id>1350638309547-8</Id><Title>And the momo dominos fall</Title><Msg>Nflx, gmcr, cmg, aapl, pcln, goog its only a matter of time..... Amzn.... And it will be a domino that fallz hard...</Msg><Username>philandjoel1e</Username><Timestamp>1350638309547</Timestamp><DateTime>Fri, 2012-10-19 05:18:29 EDT</DateTime><ThumbUp>2</ThumbUp><ThumbDown>0</ThumbDown><Sentiment/></Message><Message type="ReplyMessage"><Id>1350642819217-9</Id><Topic><Title>oh no ! the sky is falling rigth Coingiver? lmfao!! b/c a Burritio Company cracks! lol!</Title><Username>nasdaq_6000_baby</Username><Timestamp>1350594243928</Timestamp><DateTime>Thu, 2012-10-18 17:04:03 EDT</DateTime></Topic><Msg>what makes them own the distribution system Edison? And there's plenty of digital media distributers via the web that also "store" media in the cloud. This is false</Msg><Username>party_bistro</Username><Timestamp>1350642819217</Timestamp><DateTime>Fri, 2012-10-19 06:33:39 EDT</DateTime><ThumbUp>0</ThumbUp><ThumbDown>0</ThumbDown><Sentiment/></Message><Message type="ReplyMessage"><Id>1350643015456-10</Id><Topic><Title>oh no ! the sky is falling rigth Coingiver? lmfao!! b/c a Burritio Company cracks! lol!</Title><Username>nasdaq_6000_baby</Username><Timestamp>1350594243928</Timestamp><DateTime>Thu, 2012-10-18 17:04:03 EDT</DateTime></Topic><Msg>which is why there are a number of companies with digital download capabilities and big data farm storage. Not special to AMZN.</Msg><Username>party_bistro</Username><Timestamp>1350643015456</Timestamp><DateTime>Fri, 2012-10-19 06:36:55 EDT</DateTime><ThumbUp>0</ThumbUp><ThumbDown>0</ThumbDown><Sentiment/></Message><Message type="TopicMessage"><Id>1350644020749-11</Id><Title>Google's $249 Laptop . . .</Title><Msg>. . . will be the biggest flop in the computer industry in 2012. Do you know why? It is cheap, and it LOOKS cheap. Only homeless people would want to be seen with one.</Msg><Username>geegenjar</Username><Timestamp>1350644020749</Timestamp><DateTime>Fri, 2012-10-19 06:53:40 EDT</DateTime><ThumbUp>0</ThumbUp><ThumbDown>0</ThumbDown><Sentiment/></Message><Message type="TopicMessage"><Id>1350649612616-12</Id><Title>so the AMZN news of the day is Brazil expansion? no wonder MELI getting crushed! lol!</Title><Msg>Everything that AMZN competes against gets crushed!! AMZN IS THE TERMINATOR!! YEAH BABY YEAH!</Msg><Username>nasdaq_6000_baby</Username><Timestamp>1350649612616</Timestamp><DateTime>Fri, 2012-10-19 08:26:52 EDT</DateTime><ThumbUp>0</ThumbUp><ThumbDown>0</ThumbDown><Sentiment/></Message><Message type="ReplyMessage"><Id>1350650713307-13</Id><Topic><Title>Google's $249 Laptop . . .</Title><Username>geegenjar</Username><Timestamp>1350644020749</Timestamp><DateTime>Fri, 2012-10-19 06:53:40 EDT</DateTime></Topic><Msg>So you will be first in line to get one then.</Msg><Username>cajunguyatl</Username><Timestamp>1350650713307</Timestamp><DateTime>Fri, 2012-10-19 08:45:13 EDT</DateTime><ThumbUp>0</ThumbUp><ThumbDown>0</ThumbDown><Sentiment/></Message><Message type="TopicMessage"><Id>1350651191369-14</Id><Title>what time does AMZN go green today? premarket , 9:31 or 9:32 est? lol!</Title><Msg>see if we recapture yesterday's GOOG sympathy flop</Msg><Username>nasdaq_6000_baby</Username><Timestamp>1350651191369</Timestamp><DateTime>Fri, 2012-10-19 08:53:11 EDT</DateTime><ThumbUp>0</ThumbUp><ThumbDown>0</ThumbDown><Sentiment/></Message><Message type="TopicMessage"><Id>1350651690617-15</Id><Title>OH NO! COINGIVER! THE SKY IS FALLING! AMZN IS DOWN 35 CENTS TODAY! LMFAO!</Title><Msg>NOTHING BUT "CHICKEN LITTLE" CLOWNS HERE.</Msg><Username>nasdaq_6000_baby</Username><Timestamp>1350651690617</Timestamp><DateTime>Fri, 2012-10-19 09:01:30 EDT</DateTime><ThumbUp>0</ThumbUp><ThumbDown>0</ThumbDown><Sentiment/></Message><Message type="ReplyMessage"><Id>1350652304467-16</Id><Topic><Title>OH NO! COINGIVER! THE SKY IS FALLING! AMZN IS DOWN 35 CENTS TODAY! LMFAO!</Title><Username>nasdaq_6000_baby</Username><Timestamp>1350651690617</Timestamp><DateTime>Fri, 2012-10-19 09:01:30 EDT</DateTime></Topic><Msg>Don't wait too long. AMZN will most likely rise into earnings. Once they dissappoint with earnings it will retrace like CMG today PCLN and GOOG and these companies make money as opposed to AMZN breaking even at best. I like AMZN and think their investment in the future may pay off in 2016 if cloud computing is still the latest thing. Cloud computing could be a thing of the past in a year with all that investment being wasted. There is nothing wrong with taking a profit and entering in at a lower level.</Msg><Username>rlb102208</Username><Timestamp>1350652304467</Timestamp><DateTime>Fri, 2012-10-19 09:11:44 EDT</DateTime><ThumbUp>0</ThumbUp><ThumbDown>0</ThumbDown><Sentiment>Strong Sell</Sentiment></Message><Message type="ReplyMessage"><Id>1350652413171-17</Id><Topic><Title>SIBE - supportin AMZN Whispercast</Title><Username>stockreview_2008</Username><Timestamp>1350578340387</Timestamp><DateTime>Thu, 2012-10-18 12:39:00 EDT</DateTime></Topic><Msg>On;y 16 mill outstanding, very thin float. But what originally got me in them was the demand and need to upgrade K-12 classrooms, and AMZN knows this as well since their Whispercast will make the Kindle a standard textbook of the future. AMZN, SIBE</Msg><Username>stockreview_2008</Username><Timestamp>1350652413171</Timestamp><DateTime>Fri, 2012-10-19 09:13:33 EDT</DateTime><ThumbUp>0</ThumbUp><ThumbDown>0</ThumbDown><Sentiment/></Message><Message type="ReplyMessage"><Id>1350652488670-18</Id><Topic><Title>OH NO! COINGIVER! THE SKY IS FALLING! AMZN IS DOWN 35 CENTS TODAY! LMFAO!</Title><Username>nasdaq_6000_baby</Username><Timestamp>1350651690617</Timestamp><DateTime>Fri, 2012-10-19 09:01:30 EDT</DateTime></Topic><Msg>CMG is 87% owned by institutions and is down $170 since last earnings. Don't think it cant happen to AMZN</Msg><Username>rlb102208</Username><Timestamp>1350652488670</Timestamp><DateTime>Fri, 2012-10-19 09:14:48 EDT</DateTime><ThumbUp>0</ThumbUp><ThumbDown>0</ThumbDown><Sentiment>Strong Sell</Sentiment></Message><Message type="TopicMessage"><Id>1350652691283-19</Id><Title>undervalued!</Title><Msg>Ebay trades for nearly 5x times sales. AMZN is around 2x. AMZN has much more growth and upside. Q3 is going to OFF the HOOK!</Msg><Username>beauty90210211</Username><Timestamp>1350652691283</Timestamp><DateTime>Fri, 2012-10-19 09:18:11 EDT</DateTime><ThumbUp>0</ThumbUp><ThumbDown>0</ThumbDown><Sentiment/></Message><Message type="ReplyMessage"><Id>1350652886256-20</Id><Topic><Title>what time does AMZN go green today? premarket , 9:31 or 9:32 est? lol!</Title><Username>nasdaq_6000_baby</Username><Timestamp>1350651191369</Timestamp><DateTime>Fri, 2012-10-19 08:53:11 EDT</DateTime></Topic><Msg>is AMZN a great dipbuyings stock or what? it's the stocks that keeps on giving again and again! YEAH BABY YEAH!</Msg><Username>nasdaq_6000_baby</Username><Timestamp>1350652886256</Timestamp><DateTime>Fri, 2012-10-19 09:21:26 EDT</DateTime><ThumbUp>0</ThumbUp><ThumbDown>0</ThumbDown><Sentiment/></Message><Message type="ReplyMessage"><Id>1350653483472-21</Id><Topic><Title>DRAM $0.64 with $6.5M Market Cap is a Potential Multi-bagger......DRAM and AMD signed an agreement to launch an aggressive campaign to market all editions of AMD's AMD Memory modules for desktops......Per the agreement, DRAM will develop a special edition RAMDisk utility, which will be called AMD Radeon RAMDisk...... AMD Radeon RAMDisk loading times are expected to be 525% higher than those offered by conventional products</Title><Username>disneyes60</Username><Timestamp>1349873794050</Timestamp><DateTime>Wed, 2012-10-10 08:56:34 EDT</DateTime></Topic><Msg>DRAM Announced yetterday the Kick-off of its Partnership with AMD for Making AMD’s Superfast Radeon RAMDisks . AMD’s Radeon Extravaganza Event will be held on October 20, 2012. DRAM will make the AMD’s Radeon RAMDisks targeting gaming enthusiasts initially. Other applications requiring superfast processing will be announced later. This is a HUGE deal for tiny DRAM 12- month target: $3++…….Sleepy Multi-bagger in the making DRAM with only 5M share float and $6 million market cap is super-undervalued trading at a 0.15 X Sales. The company was almost break-even before this gigantic news for tiny DRAM. The company has a strong balance sheet and ZERO debt. The new Radeon products will increase processing speeds by over 500% vs. conventional products. These products are initially aimed at the growing gaming industry but could be extrapolated to complex engineering simulation programs and other applications requiring super fast processing speeks DRAM could be a multi-bagger from here and it currently has no downside at today's rock-bottom prices ....DRAM NEWS Dataram to Attend AMD Radeon™ ExtravaLANza Wed, Oct 17, 2012 12:30 PM EDT PRINCETON, N.J.--(BUSINESS WIRE)-- Dataram Corporation (DRAM), a leading international manufacturer of computer memory, storage and software products, is proud to announce its participation at the AMD inaugural Radeon™ ExtravaLANza event on October 20, 2012 in support of the launch of AMD Radeon™ RAMDisk. The company recently announced a formal agreement with AMD to develop an AMD-branded version of its Dataram RAMDisk™, marketing the product under the name Radeon™ RAMDisk and offering gaming enthusiasts the ability to improve load times for a substantially enhanced gaming experience. Dataram representatives will be demonstrating the performance of Radeon™ RAMDisk and interacting directly with end users to answer questions and dialog about their experience with the product. Dataram will also be giving away free Radeon™ RAMDisk licenses to those end users who demonstrate the highest-performing and most creative uses of the product. The event, taking place in Markham, ON, Canada from Noon to 6:00 PM, is an opportunity to visit AMD’s Canadian headquarters and talk to some of AMD's leading global hardware and software partners. New technologies will be showcased and attendees will have an opportunity to win some great prizes. About Dataram Founded in 1967, Dataram is a worldwide leader in the manufacture of high-quality computer memory, storage and software products. Our products and services deliver IT infrastructure optimization, dramatically increase application performance and deliver substantial cost savings. Dataram solutions are deployed in 70 Fortune 100 companies and in mission-critical government and defense applications around the world. About AMD AMD (AMD) is a semiconductor design innovator leading the next era of vivid digital experiences with its groundbreaking AMD Accelerated Processing Units (APUs) that power a wide range of computing devices. AMD’s server computing products are focused on driving industry-leading cloud computing and virtualization environments. AMD’s superior graphics technologies are found in a variety of solutions ranging from game consoles, PCs to supercomputers</Msg><Username>anny.sakana</Username><Timestamp>1350653483472</Timestamp><DateTime>Fri, 2012-10-19 09:31:23 EDT</DateTime><ThumbUp>0</ThumbUp><ThumbDown>0</ThumbDown><Sentiment/></Message><Message type="TopicMessage"><Id>1350653549562-22</Id><Title>CONGRATS TO YESTERDAY'S 243 AREA DIPBUYERS!! : OFF TO THE RACES AGAIN</Title><Msg>Must get tiring for the shorts to see such incredible support for amzn stock again and again!</Msg><Username>nasdaq_6000_baby</Username><Timestamp>1350653549562</Timestamp><DateTime>Fri, 2012-10-19 09:32:29 EDT</DateTime><ThumbUp>0</ThumbUp><ThumbDown>0</ThumbDown><Sentiment/></Message><Message type="TopicMessage"><Id>1350653622678-23</Id><Title>AND ONCE AGAIN AAPL RED AND AMZN GREEN AND BENEFITTING</Title><Msg>WE'VE SEEN THIS TIME AND TIME AGAIN LATELY</Msg><Username>nasdaq_6000_baby</Username><Timestamp>1350653622678</Timestamp><DateTime>Fri, 2012-10-19 09:33:42 EDT</DateTime><ThumbUp>0</ThumbUp><ThumbDown>0</ThumbDown><Sentiment/></Message><Message type="TopicMessage"><Id>1350654093793-24</Id><Title>Pumpers - AMZN is flat over past yr, while S&amp;P is up 20%, AAPL up 59%</Title><Msg>AMZN has performed much worse, and this driven by valuation. AMZN already has the next 5 years of growth priced it in - it is stuck in a range due to this.</Msg><Username>once_on</Username><Timestamp>1350654093793</Timestamp><DateTime>Fri, 2012-10-19 09:41:33 EDT</DateTime><ThumbUp>0</ThumbUp><ThumbDown>0</ThumbDown><Sentiment/></Message><Message type="ReplyMessage"><Id>1350654269037-25</Id><Topic><Title>And the momo dominos fall</Title><Username>philandjoel1e</Username><Timestamp>1350638309547</Timestamp><DateTime>Fri, 2012-10-19 05:18:29 EDT</DateTime></Topic><Msg>mcdonalds mcd busts........ so much for the us consumer having unlimited resources</Msg><Username>erbium_doper</Username><Timestamp>1350654269037</Timestamp><DateTime>Fri, 2012-10-19 09:44:29 EDT</DateTime><ThumbUp>0</ThumbUp><ThumbDown>0</ThumbDown><Sentiment/></Message><Message type="TopicMessage"><Id>1350654654313-26</Id><Title>CAN YOU SAY "ROCK SOLID" CAN YOU?</Title><Msg>Amzn is a rock today that refuses to stay red. usually the case on options expiry where the powers that be fleece the put buyers/shorts.</Msg><Username>nasdaq_6000_baby</Username><Timestamp>1350654654313</Timestamp><DateTime>Fri, 2012-10-19 09:50:54 EDT</DateTime><ThumbUp>0</ThumbUp><ThumbDown>0</ThumbDown><Sentiment/></Message><Message type="ReplyMessage"><Id>1350655639833-27</Id><Topic><Title>And the momo dominos fall</Title><Username>philandjoel1e</Username><Timestamp>1350638309547</Timestamp><DateTime>Fri, 2012-10-19 05:18:29 EDT</DateTime></Topic><Msg>cmg down 14% ouch.... momo stocks under pressure....could amzn be next?</Msg><Username>erbium_doper</Username><Timestamp>1350655639833</Timestamp><DateTime>Fri, 2012-10-19 10:07:19 EDT</DateTime><ThumbUp>0</ThumbUp><ThumbDown>0</ThumbDown><Sentiment/></Message><Message type="TopicMessage"><Id>1350655731226-28</Id><Title>Watch gold</Title><Msg>............................................</Msg><Username>jgiled</Username><Timestamp>1350655731226</Timestamp><DateTime>Fri, 2012-10-19 10:08:51 EDT</DateTime><ThumbUp>0</ThumbUp><ThumbDown>0</ThumbDown><Sentiment/></Message><Message type="TopicMessage"><Id>1350656481409-29</Id><Title>CMG....what a bargain</Title><Msg>Back up the truck....I did last month http://finance.yahoo.com/echarts?s=CMG+Interactive#symbol=cmg;range=5d;compare=;indicator=volume;charttype=area;crosshair=on;ohlcvalues=0;logscale=off;source=undefined;</Msg><Username>skiidady6</Username><Timestamp>1350656481409</Timestamp><DateTime>Fri, 2012-10-19 10:21:21 EDT</DateTime><ThumbUp>0</ThumbUp><ThumbDown>0</ThumbDown><Sentiment/></Message><Message type="TopicMessage"><Id>1350657035662-30</Id><Title>I am even Amazed how AAPL continues to get pasted while AMZN remains "rock solid" day after day</Title><Msg>Is AMZN eating into their tablet business? What is causing this discrepancy and AAPL persistant weakness. The stocks have diverged here lately.</Msg><Username>nasdaq_6000_baby</Username><Timestamp>1350657035662</Timestamp><DateTime>Fri, 2012-10-19 10:30:35 EDT</DateTime><ThumbUp>0</ThumbUp><ThumbDown>0</ThumbDown><Sentiment/></Message><Message type="TopicMessage"><Id>1350657556023-31</Id><Title>TIC TOC are you ready for the the drop, I see you remembered to sell the rip,</Title><Msg>TIC TOC are you ready for the the drop, I see you remembered to sell the rip,</Msg><Username>coinmaker77</Username><Timestamp>1350657556023</Timestamp><DateTime>Fri, 2012-10-19 10:39:16 EDT</DateTime><ThumbUp>0</ThumbUp><ThumbDown>1</ThumbDown><Sentiment>Strong Sell</Sentiment></Message><Message type="TopicMessage"><Id>1350657762151-32</Id><Title>Hay NAS SMACK say oh no down we go, I don't want you to sell ride it to the bottom</Title><Msg>Hay NAS SMACK say oh no down we go, I don't want you to sell ride it to the bottom</Msg><Username>coinmaker77</Username><Timestamp>1350657762151</Timestamp><DateTime>Fri, 2012-10-19 10:42:42 EDT</DateTime><ThumbUp>0</ThumbUp><ThumbDown>1</ThumbDown><Sentiment>Strong Sell</Sentiment></Message><Message type="TopicMessage"><Id>1350657902201-33</Id><Title>What happen can't hold 244 lower highs always = lower lows to come</Title><Msg>What happen can't hold 244 lower highs always = lower lows to come</Msg><Username>coinmaker77</Username><Timestamp>1350657902201</Timestamp><DateTime>Fri, 2012-10-19 10:45:02 EDT</DateTime><ThumbUp>0</ThumbUp><ThumbDown>1</ThumbDown><Sentiment>Strong Sell</Sentiment></Message><Message type="TopicMessage"><Id>1350658058885-34</Id><Title>Selling is like SMACKING the NAS SMACK ,TIC TOC watch AMZN drop</Title><Msg>Selling is like SMACKING the NAS SMACK ,TIC TOC watch AMZN drop</Msg><Username>coinmaker77</Username><Timestamp>1350658058885</Timestamp><DateTime>Fri, 2012-10-19 10:47:38 EDT</DateTime><ThumbUp>0</ThumbUp><ThumbDown>1</ThumbDown><Sentiment>Strong Sell</Sentiment></Message><Message type="TopicMessage"><Id>1350658322965-35</Id><Title>A nice example of selling into strength</Title><Msg>But even AMZN can't defy gravity forever</Msg><Username>shorting_amazon</Username><Timestamp>1350658322965</Timestamp><DateTime>Fri, 2012-10-19 10:52:02 EDT</DateTime><ThumbUp>0</ThumbUp><ThumbDown>0</ThumbDown><Sentiment/></Message><Message type="TopicMessage"><Id>1350658367222-36</Id><Title>AMZN is a $50 stock</Title><Msg>AMZN is trying to redifine itself with many different ventures. This strategy is costing AMZN a lot of dollars. Long run price is under $50, near term target is below $200.</Msg><Username>hawaiianlogic</Username><Timestamp>1350658367222</Timestamp><DateTime>Fri, 2012-10-19 10:52:47 EDT</DateTime><ThumbUp>0</ThumbUp><ThumbDown>0</ThumbDown><Sentiment/></Message><Message type="TopicMessage"><Id>1350658606028-37</Id><Title>Here come 201k's again When they think the market can never go down it over everytime, The FED will save us just like GOOG ,IBM, INTC</Title><Msg>Here come 201k's again When they think the market can never go down it over everytime, The FED will save us just like GOOG ,IBM, INTC</Msg><Username>coinmaker77</Username><Timestamp>1350658606028</Timestamp><DateTime>Fri, 2012-10-19 10:56:46 EDT</DateTime><ThumbUp>0</ThumbUp><ThumbDown>2</ThumbDown><Sentiment>Strong Sell</Sentiment></Message><Message type="TopicMessage"><Id>1350658707924-38</Id><Title>Down again on BIG volume not a good for you NAS SMACK</Title><Msg>Down again on BIG volume not a good for you NAS SMACK</Msg><Username>coinmaker77</Username><Timestamp>1350658707924</Timestamp><DateTime>Fri, 2012-10-19 10:58:27 EDT</DateTime><ThumbUp>0</ThumbUp><ThumbDown>1</ThumbDown><Sentiment>Strong Sell</Sentiment></Message><Message type="TopicMessage"><Id>1350659050660-39</Id><Title>CRA$H IS COMING!!!</Title><Msg>Be prepared! Keep this in mind "protect my money for my childrend".</Msg><Username>rddr2022</Username><Timestamp>1350659050660</Timestamp><DateTime>Fri, 2012-10-19 11:04:10 EDT</DateTime><ThumbUp>0</ThumbUp><ThumbDown>0</ThumbDown><Sentiment/></Message><Message type="ReplyMessage"><Id>1350659071471-40</Id><Topic><Title>CMG....what a bargain</Title><Username>skiidady6</Username><Timestamp>1350656481409</Timestamp><DateTime>Fri, 2012-10-19 10:21:21 EDT</DateTime></Topic><Msg>You've got to be kidding. Next year cmg will be below $100...mark my words. They even cooked the books to make this quarters poor numbers.</Msg><Username>free22jt</Username><Timestamp>1350659071471</Timestamp><DateTime>Fri, 2012-10-19 11:04:31 EDT</DateTime><ThumbUp>0</ThumbUp><ThumbDown>0</ThumbDown><Sentiment/></Message><Message type="TopicMessage"><Id>1350659477096-41</Id><Title>I think your in trouble NAS SMACK SAY OH NO down we go</Title><Msg>I think your in trouble NAS SMACK SAY OH NO down we go</Msg><Username>coinmaker77</Username><Timestamp>1350659477096</Timestamp><DateTime>Fri, 2012-10-19 11:11:17 EDT</DateTime><ThumbUp>0</ThumbUp><ThumbDown>1</ThumbDown><Sentiment>Strong Sell</Sentiment></Message><Message type="TopicMessage"><Id>1350659669685-42</Id><Title>Hows that dip buying looks like your in the hole and lost money again NAS SMACK keep buying the dips someone needs to hold it all the way down</Title><Msg>Hows that dip buying looks like your in the hole and lost money again NAS SMACK keep buying the dips someone needs to hold it all the way down</Msg><Username>coinmaker77</Username><Timestamp>1350659669685</Timestamp><DateTime>Fri, 2012-10-19 11:14:29 EDT</DateTime><ThumbUp>0</ThumbUp><ThumbDown>1</ThumbDown><Sentiment>Strong Sell</Sentiment></Message><Message type="TopicMessage"><Id>1350660359318-43</Id><Title>This will get ugly</Title><Msg>first aapl then goog the the supplier to them both. I like to be an investor but Where do I start buying I know 220 is some support but i think it could go lower.</Msg><Username>thaddeus9992001</Username><Timestamp>1350660359318</Timestamp><DateTime>Fri, 2012-10-19 11:25:59 EDT</DateTime><ThumbUp>0</ThumbUp><ThumbDown>0</ThumbDown><Sentiment>Strong Sell</Sentiment></Message><Message type="TopicMessage"><Id>1350660879077-44</Id><Title>HEY COINGIVER: LET'S BE HONEST: THE QQQ IS LOWER THAN IT'S LOW RECENTLY, AND AMZN WELL ABOVE IT'S LOWS</Title><Msg>It's called "relative strength" and amzn posesses it against almost every other stock in the market again and again.</Msg><Username>nasdaq_6000_baby</Username><Timestamp>1350660879077</Timestamp><DateTime>Fri, 2012-10-19 11:34:39 EDT</DateTime><ThumbUp>0</ThumbUp><ThumbDown>0</ThumbDown><Sentiment/></Message><Message type="TopicMessage"><Id>1350660882729-45</Id><Title>Where's geeg?</Title><Msg>Panic selling his shares (all 5 of them)? LOL!</Msg><Username>ershon911</Username><Timestamp>1350660882729</Timestamp><DateTime>Fri, 2012-10-19 11:34:42 EDT</DateTime><ThumbUp>0</ThumbUp><ThumbDown>0</ThumbDown><Sentiment/></Message><Message type="TopicMessage"><Id>1350661221362-46</Id><Title>AMZN Just going to fall a lot more needs to catch up with everything else.</Title><Msg>AMZN Just going to fall a lot more needs to catch up with everything else.</Msg><Username>coinmaker77</Username><Timestamp>1350661221362</Timestamp><DateTime>Fri, 2012-10-19 11:40:21 EDT</DateTime><ThumbUp>0</ThumbUp><ThumbDown>1</ThumbDown><Sentiment>Strong Sell</Sentiment></Message><Message type="TopicMessage"><Id>1350661467735-47</Id><Title>You have more sellers than buyers and the problem with AMZN even if it goes higher now WHO are you going to sell it to no one left</Title><Msg>You have more sellers than buyers and the problem with AMZN even if it goes higher now WHO are you going to sell it to no one left, maybe down 30-40 you can find some more buyers</Msg><Username>coinmaker77</Username><Timestamp>1350661467735</Timestamp><DateTime>Fri, 2012-10-19 11:44:27 EDT</DateTime><ThumbUp>0</ThumbUp><ThumbDown>1</ThumbDown><Sentiment>Strong Sell</Sentiment></Message><Message type="TopicMessage"><Id>1350661681533-48</Id><Title>Reversal coming.</Title><Msg>Within 21 minutes.</Msg><Username>geegenjar</Username><Timestamp>1350661681533</Timestamp><DateTime>Fri, 2012-10-19 11:48:01 EDT</DateTime><ThumbUp>0</ThumbUp><ThumbDown>0</ThumbDown><Sentiment/></Message><Message type="TopicMessage"><Id>1350661890433-49</Id><Title>If you are buying now look around and see who you are going to sell it to. Then say oh no down we go</Title><Msg>If you are buying now look around and see who you are going to sell it to. Then say oh no down we go</Msg><Username>coinmaker77</Username><Timestamp>1350661890433</Timestamp><DateTime>Fri, 2012-10-19 11:51:30 EDT</DateTime><ThumbUp>0</ThumbUp><ThumbDown>1</ThumbDown><Sentiment>Strong Sell</Sentiment></Message><Message type="TopicMessage"><Id>1350662169672-50</Id><Title>Almost every company that have reported earnings, said they are going to layoff workers not good for housing or banks, Defense companies have already started layoff and it has showed up in the numbers</Title><Msg>Almost every company that have reported earnings, said they are going to layoff workers not good for housing or banks, Defense companies have already started layoff and it has showed up in the numbers</Msg><Username>coinmaker77</Username><Timestamp>1350662169672</Timestamp><DateTime>Fri, 2012-10-19 11:56:09 EDT</DateTime><ThumbUp>0</ThumbUp><ThumbDown>1</ThumbDown><Sentiment>Strong Sell</Sentiment></Message><Message type="ReplyMessage"><Id>1350662380617-51</Id><Topic><Title>Reversal coming.</Title><Username>geegenjar</Username><Timestamp>1350661681533</Timestamp><DateTime>Fri, 2012-10-19 11:48:01 EDT</DateTime></Topic><Msg>Completely agreed,</Msg><Username>beauty90210211</Username><Timestamp>1350662380617</Timestamp><DateTime>Fri, 2012-10-19 11:59:40 EDT</DateTime><ThumbUp>0</ThumbUp><ThumbDown>0</ThumbDown><Sentiment/></Message><Message type="TopicMessage"><Id>1350662644030-52</Id><Title>Next lag down coming, sell or protect your shares</Title><Msg>Next lag down coming, sell or protect your shares</Msg><Username>coinmaker77</Username><Timestamp>1350662644030</Timestamp><DateTime>Fri, 2012-10-19 12:04:04 EDT</DateTime><ThumbUp>0</ThumbUp><ThumbDown>1</ThumbDown><Sentiment/></Message><Message type="ReplyMessage"><Id>1350662829215-53</Id><Topic><Title>Reversal coming.</Title><Username>geegenjar</Username><Timestamp>1350661681533</Timestamp><DateTime>Fri, 2012-10-19 11:48:01 EDT</DateTime></Topic><Msg>Time's up!</Msg><Username>shorting_amazon</Username><Timestamp>1350662829215</Timestamp><DateTime>Fri, 2012-10-19 12:07:09 EDT</DateTime><ThumbUp>0</ThumbUp><ThumbDown>0</ThumbDown><Sentiment/></Message><Message type="ReplyMessage"><Id>1350662937631-54</Id><Topic><Title>Reversal coming.</Title><Username>geegenjar</Username><Timestamp>1350661681533</Timestamp><DateTime>Fri, 2012-10-19 11:48:01 EDT</DateTime></Topic><Msg>brilliant call....you know nothing....idiot!!!!!!!!!!!!</Msg><Username>cajunguyatl</Username><Timestamp>1350662937631</Timestamp><DateTime>Fri, 2012-10-19 12:08:57 EDT</DateTime><ThumbUp>0</ThumbUp><ThumbDown>0</ThumbDown><Sentiment/></Message><Message type="ReplyMessage"><Id>1350663028084-55</Id><Topic><Title>Reversal coming.</Title><Username>geegenjar</Username><Timestamp>1350661681533</Timestamp><DateTime>Fri, 2012-10-19 11:48:01 EDT</DateTime></Topic><Msg>you show up on a stock after if blows out to a 300 multiple, very rare in the biggest of bubbles, and start pumping incessantly? please.</Msg><Username>party_bistro</Username><Timestamp>1350663028084</Timestamp><DateTime>Fri, 2012-10-19 12:10:28 EDT</DateTime><ThumbUp>0</ThumbUp><ThumbDown>0</ThumbDown><Sentiment/></Message><Message type="TopicMessage"><Id>1350663073486-56</Id><Title>Man the dip buyers in GOOG just got run over down 13-14 more now</Title><Msg>Man the dip buyers in GOOG just got run over down 13-14 more now</Msg><Username>coinmaker77</Username><Timestamp>1350663073486</Timestamp><DateTime>Fri, 2012-10-19 12:11:13 EDT</DateTime><ThumbUp>0</ThumbUp><ThumbDown>1</ThumbDown><Sentiment>Strong Sell</Sentiment></Message><Message type="TopicMessage"><Id>1350663135724-57</Id><Title>Don't get run over</Title><Msg>Don't get run over</Msg><Username>coinmaker77</Username><Timestamp>1350663135724</Timestamp><DateTime>Fri, 2012-10-19 12:12:15 EDT</DateTime><ThumbUp>0</ThumbUp><ThumbDown>1</ThumbDown><Sentiment>Strong Sell</Sentiment></Message><Message type="TopicMessage"><Id>1350663137089-58</Id><Title>not going anywhere</Title><Msg>There guys had a monster Q3. Not going anywhere and buying more if it drops below 240. As Cypress Hill once said, "I ain't going out like that". Smart money will sprint into this by end day.</Msg><Username>beauty90210211</Username><Timestamp>1350663137089</Timestamp><DateTime>Fri, 2012-10-19 12:12:17 EDT</DateTime><ThumbUp>0</ThumbUp><ThumbDown>0</ThumbDown><Sentiment/></Message><Message type="TopicMessage"><Id>1350663230481-59</Id><Title>Would you buy MRK PFE JNJ JOY DE CMI on today spill back ?</Title><Msg>any comments ?</Msg><Username>jgiled</Username><Timestamp>1350663230481</Timestamp><DateTime>Fri, 2012-10-19 12:13:50 EDT</DateTime><ThumbUp>0</ThumbUp><ThumbDown>0</ThumbDown><Sentiment/></Message><Message type="ReplyMessage"><Id>1350663349719-60</Id><Topic><Title>Would you buy MRK PFE JNJ JOY DE CMI on today spill back ?</Title><Username>jgiled</Username><Timestamp>1350663230481</Timestamp><DateTime>Fri, 2012-10-19 12:13:50 EDT</DateTime></Topic><Msg>Stop fallowing me guys!! LOL!!!!! I'm not invested so pleas stop with your anger</Msg><Username>jgiled</Username><Timestamp>1350663349719</Timestamp><DateTime>Fri, 2012-10-19 12:15:49 EDT</DateTime><ThumbUp>0</ThumbUp><ThumbDown>0</ThumbDown><Sentiment/></Message><Message type="TopicMessage"><Id>1350663454895-61</Id><Title>I hope that I saved some of you money and you protected your 401k's like I told you to If not its still not to late, but your running out of time</Title><Msg>I hope that I saved some of you money and you protected your 401k's like I told you to If not its still not to late, but your running out of time</Msg><Username>coinmaker77</Username><Timestamp>1350663454895</Timestamp><DateTime>Fri, 2012-10-19 12:17:34 EDT</DateTime><ThumbUp>0</ThumbUp><ThumbDown>1</ThumbDown><Sentiment>Strong Sell</Sentiment></Message><Message type="TopicMessage"><Id>1350663543295-62</Id><Title>Big selling into the close last one out gets burned</Title><Msg>Big selling into the close last one out gets burned</Msg><Username>coinmaker77</Username><Timestamp>1350663543295</Timestamp><DateTime>Fri, 2012-10-19 12:19:03 EDT</DateTime><ThumbUp>0</ThumbUp><ThumbDown>1</ThumbDown><Sentiment>Strong Sell</Sentiment></Message><Message type="TopicMessage"><Id>1350663941234-63</Id><Title>A bigger problem now is people now know the FED can't save them . Almost every company is laying off workers</Title><Msg>A bigger problem now is people now know the FED can't save them . Almost every company is laying off workers</Msg><Username>coinmaker77</Username><Timestamp>1350663941234</Timestamp><DateTime>Fri, 2012-10-19 12:25:41 EDT</DateTime><ThumbUp>0</ThumbUp><ThumbDown>1</ThumbDown><Sentiment>Strong Sell</Sentiment></Message><Message type="ReplyMessage"><Id>1350664072390-64</Id><Topic><Title>Why AMZN May Be Doomed..</Title><Username>durhamvalerie148</Username><Timestamp>1350651331099</Timestamp><DateTime>Fri, 2012-10-19 08:55:31 EDT</DateTime></Topic><Msg>You are 100% correct.</Msg><Username>baldwing62</Username><Timestamp>1350664072390</Timestamp><DateTime>Fri, 2012-10-19 12:27:52 EDT</DateTime><ThumbUp>0</ThumbUp><ThumbDown>1</ThumbDown><Sentiment/></Message><Message type="TopicMessage"><Id>1350664157889-65</Id><Title>i see another 5pt down today</Title><Msg>amzn should be much more volatile than the index market will come to the realization that valuation matters...</Msg><Username>rimm_dn</Username><Timestamp>1350664157889</Timestamp><DateTime>Fri, 2012-10-19 12:29:17 EDT</DateTime><ThumbUp>0</ThumbUp><ThumbDown>0</ThumbDown><Sentiment/></Message><Message type="TopicMessage"><Id>1350664371993-66</Id><Title>2013 this song on YOUTUBE will be reality:Gene Burnett - Jump You F*#kers (A Song For Wall Street)</Title><Msg>2013 this song on YOUTUBE will be reality:Gene Burnett - Jump You F*#kers (A Song For Wall Street) RED ALERT IN USA BANKERS GONE WILD - HOW THE US GOVERNMENT HELPED WALL STREET GANG-RAPE AMERICA'S MIDDLE CLASS The SEC is clueless and was designed to be so. It is blind to financial derivatives and has strict orders to leave the Big Boys alone Facebook IPO: CIA and Goldman Sachs Take the Suckers for a Stroll Are We Doomed? David Stockman on our crooked Wall Street-bankster rulers Recently: David Stockman on the Lunatics at the Fed How Crony Capitalism Corrupts the Free Market | David Stockman A Lonely Redemption He is no less suspicious of Goldman Sachs, which has alumni sprinkled across the upper reaches of government. In a tough spot, Goldman obtained extraordinary permission to make an overnight metamorphosis from investment bank to traditional bank holding company. “Can I prove this was a wired deal? Absolutely not,” Mr. Lewis said. “Am I certain of it? Only 100 percent.” As for the whirling, three-million-shares-per-second casino of Wall Street? He sees it as rigged. “I would not risk stocks under any circumstances,” he said, “because we don’t know when this thing is going to blow.” Nothing about Mr. Lewis is easy. He delights in sending scabrous, insulting, free-associative mass e-mails to journalists, financiers and members of Congress. Show annoyance, and he doubles down. “You know what I do with tension?” he said. “I ratchet it up!” ------ PROVEN CRIMINALS REED HASTINGS/BARRY McCARTHY/TECHNOLOGY CROSS VENTURES ARE OPERATING AN ORGANZIED LOOT PONZI SCAM VIA NETFLIX(NFLX) ON WALL STREET Organized crime groups are often involved in crimes that are considered white collar offenses. A number of crimes committed by organized groups are done so for the purposes of financial gain. This is called racketeering, which is a felony crime. Characteristics of Organized Crime Groups Organized crime offenses vary greatly, but, there are some generalizations that apply to the groups as a whole. They are all developed based on a hierarchy of power and importance associated with the individuals in the group. They are stable organizations that usually exist over very long periods of time. They may use violence to defend the interests of the group. They usually have political or social protection that keeps them safe from retaliation from the surrounding community, including law enforcement. Their purpose is to accumulate capital which is then reinvested into the operations and businesses run by the group. The majority of organized crime groups operate behind the mask of legitimate businesses. In some cases, their racketeering practices involve the bribery and manipulation of legitimate business owners or public officials. This prevents their racketeering practices from being detected. WHERE IS FBI? DOJ? White-collar crimes cost the United States more than $300 billion annually according to the FBI. RED ALERT IN USA: FRAUD LOOT IN BILLIONS AND S.E.C. CRIMINALS STILL PROTECTING CRIMINAL REED HASTINGS SCAM GANG And providing all weapons to keep the fraud bubble loot going open challenge in USA to debate insolvent netflix insider scam with fraud street crime partners Ouch! The Netflix Price-Change Hangover [View article] Reed Hasting's is a carnival barker, a mountebank, a flim-flam man, a charlatan and a confidence man. The CFO left the company in January, because he was aware of the fake accounting at NFLX, the lies and the false hype. The Head of investor relations left 3 months ago, because she could no longer lie, about the companies activities and accounting. Both left before any investigation into accounting, or investigation into the manipulation of the stock by hedge funds begins. Goldman Sachs, Morgan Stanley. JP Morgan, Piper Jaffray and many other financial institutions have been colluding to manipulate this stock thru proprietary trading in their hedge funds. Goldman Sachs picked NFLX as their latest Ponzi Scheme, because Reed Hastings is just the perfect Machiavellian con-man. Lloyd Blankfein And Reed Hastings are as thick as thieves. It was Goldman Sachs that forced Facebook executives to add Reed Hasting to their Board of directors, to manipulate the stock price. Reed Hasting is a false Messiah, in league with Goldman Sachs, deceiving Americans, and The indolent regulators who have been paid off by Goldman Sachs. The SEC directors are bribed by Goldman not to do their job, with promises of $4 million a year jobs after they leave the SEC, at banks, the very banks they are supposed to regulate. The SEC is corrupted and compromised by Goldman Sachs, "the Great Deceiver"</Msg><Username>singhlion2001</Username><Timestamp>1350664371993</Timestamp><DateTime>Fri, 2012-10-19 12:32:51 EDT</DateTime><ThumbUp>0</ThumbUp><ThumbDown>0</ThumbDown><Sentiment>Strong Sell</Sentiment></Message><Message type="ReplyMessage"><Id>1350664477459-67</Id><Topic><Title>not going anywhere</Title><Username>beauty90210211</Username><Timestamp>1350663137089</Timestamp><DateTime>Fri, 2012-10-19 12:12:17 EDT</DateTime></Topic><Msg>it was sjupposed to be earnings over $3.50 to the bottome line by now after it's best for qtr's of making $2.52. AMZN has never had a monster earnings quarter in it's life. What it has, is monster reactions to non-monster qtrs over and over. No question with that: but don't give me this #$%$ about monster qtrs. AAPL has had monsters qtrs: and it shows by it's huge cash now that it has FROM MAKING MONEY! Well supported AMZN stock is, but that doensn't mean it's not on a shaky premise of why people own it here. In AMZN, AMZN stock is priced here for more than a couple years of Monster qtrs.</Msg><Username>party_bistro</Username><Timestamp>1350664477459</Timestamp><DateTime>Fri, 2012-10-19 12:34:37 EDT</DateTime><ThumbUp>0</ThumbUp><ThumbDown>0</ThumbDown><Sentiment/></Message><Message type="TopicMessage"><Id>1350664705458-68</Id><Title>Layoffs more and more layoffs almost every company not good for banks , housing or AMZN</Title><Msg>Layoffs more and more layoffs almost every company not good for banks , housing or AMZN</Msg><Username>coinmaker77</Username><Timestamp>1350664705458</Timestamp><DateTime>Fri, 2012-10-19 12:38:25 EDT</DateTime><ThumbUp>0</ThumbUp><ThumbDown>1</ThumbDown><Sentiment>Strong Sell</Sentiment></Message><Message type="TopicMessage"><Id>1350665056431-69</Id><Title>Talking heads on TV have no clue its the layoffs #$%$ Layoff cycle has started again not good</Title><Msg>Talking heads on TV have no clue its the layoffs #$%$ Layoff cycle has started again not good</Msg><Username>coinmaker77</Username><Timestamp>1350665056431</Timestamp><DateTime>Fri, 2012-10-19 12:44:16 EDT</DateTime><ThumbUp>0</ThumbUp><ThumbDown>1</ThumbDown><Sentiment>Strong Sell</Sentiment></Message><Message type="TopicMessage"><Id>1350665417441-70</Id><Title>Gey douchbag pumperz.......</Title><Msg>Here cumz sybil, idiots... This pig iz goin nflx biatchez</Msg><Username>philandjoel1e</Username><Timestamp>1350665417441</Timestamp><DateTime>Fri, 2012-10-19 12:50:17 EDT</DateTime><ThumbUp>0</ThumbUp><ThumbDown>0</ThumbDown><Sentiment/></Message><Message type="TopicMessage"><Id>1350665474329-71</Id><Title>Always remember to sell the rips the whole market is going lower and when that happens all stocks go lower some more than other, but they all go down</Title><Msg>Always remember to sell the rips the whole market is going lower and when that happens all stocks go lower some more than other, but they all go down</Msg><Username>coinmaker77</Username><Timestamp>1350665474329</Timestamp><DateTime>Fri, 2012-10-19 12:51:14 EDT</DateTime><ThumbUp>0</ThumbUp><ThumbDown>1</ThumbDown><Sentiment>Strong Sell</Sentiment></Message><Message type="TopicMessage"><Id>1350665661563-72</Id><Title>And you ask how I know lower highs always = lower lows to come don't let them CON you back in or you will be the one holding the top, plus layoffs, layoffs, layoffs</Title><Msg>And you ask how I know lower highs always = lower lows to come don't let them CON you back in or you will be the one holding the top, plus layoffs, layoffs, layoffs</Msg><Username>coinmaker77</Username><Timestamp>1350665661563</Timestamp><DateTime>Fri, 2012-10-19 12:54:21 EDT</DateTime><ThumbUp>0</ThumbUp><ThumbDown>1</ThumbDown><Sentiment>Strong Sell</Sentiment></Message><Message type="ReplyMessage"><Id>1350666196882-73</Id><Topic><Title>CMG....what a bargain</Title><Username>skiidady6</Username><Timestamp>1350656481409</Timestamp><DateTime>Fri, 2012-10-19 10:21:21 EDT</DateTime></Topic><Msg>Tops are in Everytime this bozo showz up to pump..., sybil prayed that the powerful trading gods may deliver skiidady to the boardz and they have answered sybs prayerz..</Msg><Username>philandjoel1e</Username><Timestamp>1350666196882</Timestamp><DateTime>Fri, 2012-10-19 13:03:16 EDT</DateTime><ThumbUp>0</ThumbUp><ThumbDown>0</ThumbDown><Sentiment/></Message><Message type="ReplyMessage"><Id>1350666231235-74</Id><Topic><Title>And you ask how I know lower highs always = lower lows to come don't let them CON you back in or you will be the one holding the top, plus layoffs, layoffs, layoffs</Title><Username>coinmaker77</Username><Timestamp>1350665661563</Timestamp><DateTime>Fri, 2012-10-19 12:54:21 EDT</DateTime></Topic><Msg>Coinmaker, are you trying to set a record for the most posts in one day? Your posts might actually get read if you stop posting so much. It's not like you have anything new to say. By the way, this is a good buying opportunity!</Msg><Username>brucetheadabasguy</Username><Timestamp>1350666231235</Timestamp><DateTime>Fri, 2012-10-19 13:03:51 EDT</DateTime><ThumbUp>0</ThumbUp><ThumbDown>0</ThumbDown><Sentiment>Strong Buy</Sentiment></Message><Message type="TopicMessage"><Id>1350666278720-75</Id><Title>WOW GOOG down $20 more , run over the dip buyers</Title><Msg>WOW GOOG down $20 more , run over the dip buyers</Msg><Username>coinmaker77</Username><Timestamp>1350666278720</Timestamp><DateTime>Fri, 2012-10-19 13:04:38 EDT</DateTime><ThumbUp>0</ThumbUp><ThumbDown>1</ThumbDown><Sentiment>Strong Sell</Sentiment></Message><Message type="TopicMessage"><Id>1350666661504-76</Id><Title>Amazon do you buy dang - e commerce or dang jump into foreign market</Title><Msg>Look at dang</Msg><Username>jai4524</Username><Timestamp>1350666661504</Timestamp><DateTime>Fri, 2012-10-19 13:11:01 EDT</DateTime><ThumbUp>0</ThumbUp><ThumbDown>0</ThumbDown><Sentiment>Strong Buy</Sentiment></Message><Message type="ReplyMessage"><Id>1350666764160-77</Id><Topic><Title>i see another 5pt down today</Title><Username>rimm_dn</Username><Timestamp>1350664157889</Timestamp><DateTime>Fri, 2012-10-19 12:29:17 EDT</DateTime></Topic><Msg>someone is going to come to knock on the doors of amazon soon in this weather...</Msg><Username>rimm_dn</Username><Timestamp>1350666764160</Timestamp><DateTime>Fri, 2012-10-19 13:12:44 EDT</DateTime><ThumbUp>0</ThumbUp><ThumbDown>0</ThumbDown><Sentiment/></Message><Message type="ReplyMessage"><Id>1350666879858-78</Id><Topic><Title>And you ask how I know lower highs always = lower lows to come don't let them CON you back in or you will be the one holding the top, plus layoffs, layoffs, layoffs</Title><Username>coinmaker77</Username><Timestamp>1350665661563</Timestamp><DateTime>Fri, 2012-10-19 12:54:21 EDT</DateTime></Topic><Msg>.................</Msg><Username>philandjoel1e</Username><Timestamp>1350666879858</Timestamp><DateTime>Fri, 2012-10-19 13:14:39 EDT</DateTime><ThumbUp>0</ThumbUp><ThumbDown>0</ThumbDown><Sentiment/></Message><Message type="ReplyMessage"><Id>1350666992559-79</Id><Topic><Title>A bigger problem now is people now know the FED can't save them . Almost every company is laying off workers</Title><Username>coinmaker77</Username><Timestamp>1350663941234</Timestamp><DateTime>Fri, 2012-10-19 12:25:41 EDT</DateTime></Topic><Msg>People already know the FED won't save them. Thats way they are not spending money on crap that companys are trying to sell them. Throwing money at the banks makes people poorer.</Msg><Username>liquidlove9</Username><Timestamp>1350666992559</Timestamp><DateTime>Fri, 2012-10-19 13:16:32 EDT</DateTime><ThumbUp>0</ThumbUp><ThumbDown>0</ThumbDown><Sentiment>Strong Sell</Sentiment></Message><Message type="TopicMessage"><Id>1350667141799-80</Id><Title>GOOGLE CRA$H-CRA$H IS OVER YET!!!</Title><Msg>OR JUST BEGINNING!</Msg><Username>rddr2022</Username><Timestamp>1350667141799</Timestamp><DateTime>Fri, 2012-10-19 13:19:01 EDT</DateTime><ThumbUp>0</ThumbUp><ThumbDown>0</ThumbDown><Sentiment/></Message><Message type="ReplyMessage"><Id>1350667847061-81</Id><Topic><Title>Watch gold</Title><Username>jgiled</Username><Timestamp>1350655731226</Timestamp><DateTime>Fri, 2012-10-19 10:08:51 EDT</DateTime></Topic><Msg>Still watching ?</Msg><Username>jgiled</Username><Timestamp>1350667847061</Timestamp><DateTime>Fri, 2012-10-19 13:30:47 EDT</DateTime><ThumbUp>0</ThumbUp><ThumbDown>0</ThumbDown><Sentiment/></Message><Message type="TopicMessage"><Id>1350668284640-82</Id><Title>Here come the sellers again</Title><Msg>Here come the sellers again</Msg><Username>coinmaker77</Username><Timestamp>1350668284640</Timestamp><DateTime>Fri, 2012-10-19 13:38:04 EDT</DateTime><ThumbUp>0</ThumbUp><ThumbDown>2</ThumbDown><Sentiment>Strong Sell</Sentiment></Message><Message type="TopicMessage"><Id>1350668686172-83</Id><Title>I don't think I would be buying dips in any stocks, The whole market is going to drop Lower highs always = lower lows</Title><Msg>I don't think I would be buying dips in any stocks, The whole market is going to drop Lower highs always = lower lows</Msg><Username>coinmaker77</Username><Timestamp>1350668686172</Timestamp><DateTime>Fri, 2012-10-19 13:44:46 EDT</DateTime><ThumbUp>0</ThumbUp><ThumbDown>1</ThumbDown><Sentiment>Strong Sell</Sentiment></Message><Message type="ReplyMessage"><Id>1350668914390-84</Id><Topic><Title>i see another 5pt down today</Title><Username>rimm_dn</Username><Timestamp>1350664157889</Timestamp><DateTime>Fri, 2012-10-19 12:29:17 EDT</DateTime></Topic><Msg>have to admit, i am dead wrong, this thing is solid as gold, no one is selling.</Msg><Username>rimm_dn</Username><Timestamp>1350668914390</Timestamp><DateTime>Fri, 2012-10-19 13:48:34 EDT</DateTime><ThumbUp>0</ThumbUp><ThumbDown>0</ThumbDown><Sentiment/></Message><Message type="TopicMessage"><Id>1350669023348-85</Id><Title>Going down like a hot knife through butter</Title><Msg>Going down like a hot knife through butter</Msg><Username>coinmaker77</Username><Timestamp>1350669023348</Timestamp><DateTime>Fri, 2012-10-19 13:50:23 EDT</DateTime><ThumbUp>0</ThumbUp><ThumbDown>1</ThumbDown><Sentiment>Strong Sell</Sentiment></Message><Message type="TopicMessage"><Id>1350669164905-86</Id><Title>MNKD - Get in Under $2.00</Title><Msg>Company selling shares to fund it through Afrezza's approval. Company's billionaire C.E.O. converts debt to equity at $2.59/share. Great entry point. 300% return within 12 months or sooner. Partnership could happen ay any time.</Msg><Username>aunttizzy</Username><Timestamp>1350669164905</Timestamp><DateTime>Fri, 2012-10-19 13:52:44 EDT</DateTime><ThumbUp>0</ThumbUp><ThumbDown>0</ThumbDown><Sentiment/></Message><Message type="TopicMessage"><Id>1350669165538-87</Id><Title>MNKD - Get in Under $2.00</Title><Msg>Company selling shares to fund it through Afrezza's approval. Company's billionaire C.E.O. converts debt to equity at $2.59/share. Great entry point. 300% return within 12 months or sooner. Partnership could happen ay any time.</Msg><Username>aunttizzy</Username><Timestamp>1350669165538</Timestamp><DateTime>Fri, 2012-10-19 13:52:45 EDT</DateTime><ThumbUp>0</ThumbUp><ThumbDown>0</ThumbDown><Sentiment/></Message><Message type="TopicMessage"><Id>1350669491077-88</Id><Title>HAY CNBC PETE The con Man if you want to report something report that is the layoffs not earnings almost every company that reported earns reported layoffs</Title><Msg>HAY CNBC PETE The con Man if you want to report something report that is the layoffs not earnings almost every company that reported earns reported layoffs</Msg><Username>coinmaker77</Username><Timestamp>1350669491077</Timestamp><DateTime>Fri, 2012-10-19 13:58:11 EDT</DateTime><ThumbUp>0</ThumbUp><ThumbDown>1</ThumbDown><Sentiment>Strong Sell</Sentiment></Message><Message type="TopicMessage"><Id>1350669608808-89</Id><Title>looking for 320 in 2 weeks</Title><Msg>good luck</Msg><Username>cwtripps</Username><Timestamp>1350669608808</Timestamp><DateTime>Fri, 2012-10-19 14:00:08 EDT</DateTime><ThumbUp>0</ThumbUp><ThumbDown>0</ThumbDown><Sentiment/></Message><Message type="ReplyMessage"><Id>1350669782839-90</Id><Topic><Title>looking for 320 in 2 weeks</Title><Username>cwtripps</Username><Timestamp>1350669608808</Timestamp><DateTime>Fri, 2012-10-19 14:00:08 EDT</DateTime></Topic><Msg>I don't think so I think if you put a order out there it will get filled fast Don't buy this dip</Msg><Username>coinmaker77</Username><Timestamp>1350669782839</Timestamp><DateTime>Fri, 2012-10-19 14:03:02 EDT</DateTime><ThumbUp>0</ThumbUp><ThumbDown>1</ThumbDown><Sentiment>Strong Sell</Sentiment></Message><Message type="ReplyMessage"><Id>1350669832443-91</Id><Topic><Title>looking for 320 in 2 weeks</Title><Username>cwtripps</Username><Timestamp>1350669608808</Timestamp><DateTime>Fri, 2012-10-19 14:00:08 EDT</DateTime></Topic><Msg>That's not oulandish at all. The Q3 numbers will be INSANE.</Msg><Username>beauty90210211</Username><Timestamp>1350669832443</Timestamp><DateTime>Fri, 2012-10-19 14:03:52 EDT</DateTime><ThumbUp>0</ThumbUp><ThumbDown>0</ThumbDown><Sentiment/></Message><Message type="TopicMessage"><Id>1350670155241-92</Id><Title>Today's Max Pain: 243</Title><Msg>Sorry, shorts. The fun is over for now.</Msg><Username>geegenjar</Username><Timestamp>1350670155241</Timestamp><DateTime>Fri, 2012-10-19 14:09:15 EDT</DateTime><ThumbUp>0</ThumbUp><ThumbDown>0</ThumbDown><Sentiment/></Message><Message type="ReplyMessage"><Id>1350670300944-93</Id><Topic><Title>Today's Max Pain: 243</Title><Username>geegenjar</Username><Timestamp>1350670155241</Timestamp><DateTime>Fri, 2012-10-19 14:09:15 EDT</DateTime></Topic><Msg>Hi geegee. You're king of the board!!!!! Thursday is going to be a very good day for you</Msg><Username>beauty90210211</Username><Timestamp>1350670300944</Timestamp><DateTime>Fri, 2012-10-19 14:11:40 EDT</DateTime><ThumbUp>0</ThumbUp><ThumbDown>0</ThumbDown><Sentiment/></Message><Message type="ReplyMessage"><Id>1350670379380-94</Id><Topic><Title>Today's Max Pain: 243</Title><Username>geegenjar</Username><Timestamp>1350670155241</Timestamp><DateTime>Fri, 2012-10-19 14:09:15 EDT</DateTime></Topic><Msg>The fun starts on Monday at 4 pm est. This will be the watershed moment for amzn as it officially looses its darling status. buy your calls after hours on Monday as stock opens tues at 190</Msg><Username>scotsterenberg</Username><Timestamp>1350670379380</Timestamp><DateTime>Fri, 2012-10-19 14:12:59 EDT</DateTime><ThumbUp>0</ThumbUp><ThumbDown>0</ThumbDown><Sentiment/></Message><Message type="ReplyMessage"><Id>1350670527023-95</Id><Topic><Title>Today's Max Pain: 243</Title><Username>geegenjar</Username><Timestamp>1350670155241</Timestamp><DateTime>Fri, 2012-10-19 14:09:15 EDT</DateTime></Topic><Msg>In almost two years of Geegee posts, this is the first one I've seen with any substance or logic attached. Max pain is a legitimate investing thesis. Kudos.</Msg><Username>popnfresh100</Username><Timestamp>1350670527023</Timestamp><DateTime>Fri, 2012-10-19 14:15:27 EDT</DateTime><ThumbUp>0</ThumbUp><ThumbDown>0</ThumbDown><Sentiment>Sell</Sentiment></Message><Message type="ReplyMessage"><Id>1350670623479-96</Id><Topic><Title>looking for 320 in 2 weeks</Title><Username>cwtripps</Username><Timestamp>1350669608808</Timestamp><DateTime>Fri, 2012-10-19 14:00:08 EDT</DateTime></Topic><Msg>not to mention can't find a bull on any stock in the whole market right now</Msg><Username>cwtripps</Username><Timestamp>1350670623479</Timestamp><DateTime>Fri, 2012-10-19 14:17:03 EDT</DateTime><ThumbUp>0</ThumbUp><ThumbDown>0</ThumbDown><Sentiment/></Message><Message type="ReplyMessage"><Id>1350670774442-97</Id><Topic><Title>Why AMZN May Be Doomed..</Title><Username>durhamvalerie148</Username><Timestamp>1350651331099</Timestamp><DateTime>Fri, 2012-10-19 08:55:31 EDT</DateTime></Topic><Msg>good, analytical logic. Thanx !!</Msg><Username>grossf65</Username><Timestamp>1350670774442</Timestamp><DateTime>Fri, 2012-10-19 14:19:34 EDT</DateTime><ThumbUp>0</ThumbUp><ThumbDown>0</ThumbDown><Sentiment/></Message><Message type="ReplyMessage"><Id>1350671124663-98</Id><Topic><Title>Here come the sellers again</Title><Username>coinmaker77</Username><Timestamp>1350668284640</Timestamp><DateTime>Fri, 2012-10-19 13:38:04 EDT</DateTime></Topic><Msg>Big sell off coming</Msg><Username>coinmaker77</Username><Timestamp>1350671124663</Timestamp><DateTime>Fri, 2012-10-19 14:25:24 EDT</DateTime><ThumbUp>0</ThumbUp><ThumbDown>1</ThumbDown><Sentiment>Strong Sell</Sentiment></Message><Message type="TopicMessage"><Id>1350671268953-99</Id><Title>AMZN is Bubble, $20 is Enough</Title><Msg>Amazon will drop big, it is too much inflated and getting too dizzy....</Msg><Username>mas_it_2000</Username><Timestamp>1350671268953</Timestamp><DateTime>Fri, 2012-10-19 14:27:48 EDT</DateTime><ThumbUp>0</ThumbUp><ThumbDown>0</ThumbDown><Sentiment/></Message><Message type="ReplyMessage"><Id>1350671680145-100</Id><Topic><Title>I don't think I would be buying dips in any stocks, The whole market is going to drop Lower highs always = lower lows</Title><Username>coinmaker77</Username><Timestamp>1350668686172</Timestamp><DateTime>Fri, 2012-10-19 13:44:46 EDT</DateTime></Topic><Msg>TIC TOC I hope I got you ready for the drop</Msg><Username>coinmaker77</Username><Timestamp>1350671680145</Timestamp><DateTime>Fri, 2012-10-19 14:34:40 EDT</DateTime><ThumbUp>0</ThumbUp><ThumbDown>1</ThumbDown><Sentiment>Strong Sell</Sentiment></Message><Message type="ReplyMessage"><Id>1350671988292-101</Id><Topic><Title>Today's Max Pain: 243</Title><Username>geegenjar</Username><Timestamp>1350670155241</Timestamp><DateTime>Fri, 2012-10-19 14:09:15 EDT</DateTime></Topic><Msg>You couldn't be more wrong. It is JUST GETTING STARTED. Any hoops players on the board? Remember playing knockout as a kid? Just watch...</Msg><Username>techstrategy</Username><Timestamp>1350671988292</Timestamp><DateTime>Fri, 2012-10-19 14:39:48 EDT</DateTime><ThumbUp>0</ThumbUp><ThumbDown>0</ThumbDown><Sentiment/></Message><Message type="TopicMessage"><Id>1350672125514-102</Id><Title>Your a fool GEEGENJAR if you think this sell off is the same as the last few</Title><Msg>Your a fool GEEGENJAR if you think this sell off is the same as the last few</Msg><Username>coinmaker77</Username><Timestamp>1350672125514</Timestamp><DateTime>Fri, 2012-10-19 14:42:05 EDT</DateTime><ThumbUp>0</ThumbUp><ThumbDown>1</ThumbDown><Sentiment>Strong Sell</Sentiment></Message><Message type="TopicMessage"><Id>1350672491376-103</Id><Title>Lower highz and lower lowz with armageddon just around the corner</Title><Msg>Baggiez, Dont stand too near the exits lest ye get steam rolled by a robot thats fixin to get the fvck out.... Sybil</Msg><Username>philandjoel1e</Username><Timestamp>1350672491376</Timestamp><DateTime>Fri, 2012-10-19 14:48:11 EDT</DateTime><ThumbUp>0</ThumbUp><ThumbDown>0</ThumbDown><Sentiment/></Message><Message type="TopicMessage"><Id>1350672602946-104</Id><Title>234 is NOT calling</Title><Msg>for amzn today, amazing technical...</Msg><Username>rimm_dn</Username><Timestamp>1350672602946</Timestamp><DateTime>Fri, 2012-10-19 14:50:02 EDT</DateTime><ThumbUp>0</ThumbUp><ThumbDown>0</ThumbDown><Sentiment/></Message><Message type="ReplyMessage"><Id>1350672699130-105</Id><Topic><Title>Today's Max Pain: 243</Title><Username>geegenjar</Username><Timestamp>1350670155241</Timestamp><DateTime>Fri, 2012-10-19 14:09:15 EDT</DateTime></Topic><Msg>Nobody in the real world iz az stupid az geegee... They'd have bled out and been dead had they tradez been real...</Msg><Username>philandjoel1e</Username><Timestamp>1350672699130</Timestamp><DateTime>Fri, 2012-10-19 14:51:39 EDT</DateTime><ThumbUp>0</ThumbUp><ThumbDown>0</ThumbDown><Sentiment/></Message><Message type="TopicMessage"><Id>1350672871689-106</Id><Title>I think you will see big selling into the close</Title><Msg>I think you will see big selling into the close</Msg><Username>coinmaker77</Username><Timestamp>1350672871689</Timestamp><DateTime>Fri, 2012-10-19 14:54:31 EDT</DateTime><ThumbUp>0</ThumbUp><ThumbDown>1</ThumbDown><Sentiment>Strong Sell</Sentiment></Message><Message type="TopicMessage"><Id>1350673131671-107</Id><Title>Sybilz shorts from yesterday are looking pretty fvckin good today</Title><Msg>Pumperz are getting steam rolled....</Msg><Username>philandjoel1e</Username><Timestamp>1350673131671</Timestamp><DateTime>Fri, 2012-10-19 14:58:51 EDT</DateTime><ThumbUp>0</ThumbUp><ThumbDown>0</ThumbDown><Sentiment/></Message><Message type="TopicMessage"><Id>1350673135519-108</Id><Title>facts: higher beta on the upside but holding up better than QQQ, AAPL , and GOOG on the selloff</Title><Msg>That's the facts. amzn is more loved than those stocks here. probably bounce back first as well.</Msg><Username>nasdaq_6000_baby</Username><Timestamp>1350673135519</Timestamp><DateTime>Fri, 2012-10-19 14:58:55 EDT</DateTime><ThumbUp>0</ThumbUp><ThumbDown>0</ThumbDown><Sentiment/></Message><Message type="TopicMessage"><Id>1350673217082-109</Id><Title>AND ONE OF THE FEW STOCKS STILL ABOVE THIS WEEK'S LOWS WHY BEARS/SHORTS?</Title><Msg>Could it be that it is more loved and supported even in nasty selloffs? lol!</Msg><Username>nasdaq_6000_baby</Username><Timestamp>1350673217082</Timestamp><DateTime>Fri, 2012-10-19 15:00:17 EDT</DateTime><ThumbUp>0</ThumbUp><ThumbDown>0</ThumbDown><Sentiment/></Message><Message type="TopicMessage"><Id>1350673272165-110</Id><Title>Get ready here next wave of selling</Title><Msg>Get ready here next wave of selling</Msg><Username>coinmaker77</Username><Timestamp>1350673272165</Timestamp><DateTime>Fri, 2012-10-19 15:01:12 EDT</DateTime><ThumbUp>0</ThumbUp><ThumbDown>1</ThumbDown><Sentiment>Strong Sell</Sentiment></Message><Message type="TopicMessage"><Id>1350673361399-111</Id><Title>There pumping and dumping the whole market</Title><Msg>There pumping and dumping the whole market</Msg><Username>coinmaker77</Username><Timestamp>1350673361399</Timestamp><DateTime>Fri, 2012-10-19 15:02:41 EDT</DateTime><ThumbUp>0</ThumbUp><ThumbDown>1</ThumbDown><Sentiment/></Message><Message type="ReplyMessage"><Id>1350673373189-112</Id><Topic><Title>I think you will see big selling into the close</Title><Username>coinmaker77</Username><Timestamp>1350672871689</Timestamp><DateTime>Fri, 2012-10-19 14:54:31 EDT</DateTime></Topic><Msg>aaaaahhhh....ouch....what a buying opt........</Msg><Username>estanczyk</Username><Timestamp>1350673373189</Timestamp><DateTime>Fri, 2012-10-19 15:02:53 EDT</DateTime><ThumbUp>0</ThumbUp><ThumbDown>0</ThumbDown><Sentiment/></Message><Message type="ReplyMessage"><Id>1350673375123-113</Id><Topic><Title>Why AMZN May Be Doomed..</Title><Username>durhamvalerie148</Username><Timestamp>1350651331099</Timestamp><DateTime>Fri, 2012-10-19 08:55:31 EDT</DateTime></Topic><Msg>I will be patient, but this should consolidate in this range , for the next move up.</Msg><Username>coffeyg74</Username><Timestamp>1350673375123</Timestamp><DateTime>Fri, 2012-10-19 15:02:55 EDT</DateTime><ThumbUp>0</ThumbUp><ThumbDown>1</ThumbDown><Sentiment/></Message><Message type="ReplyMessage"><Id>1350673437414-114</Id><Topic><Title>Get ready here next wave of selling</Title><Username>coinmaker77</Username><Timestamp>1350673272165</Timestamp><DateTime>Fri, 2012-10-19 15:01:12 EDT</DateTime></Topic><Msg>There are no prints the spread is going up and out and noone is doing anything.</Msg><Username>thaddeus9992001</Username><Timestamp>1350673437414</Timestamp><DateTime>Fri, 2012-10-19 15:03:57 EDT</DateTime><ThumbUp>0</ThumbUp><ThumbDown>0</ThumbDown><Sentiment>Strong Sell</Sentiment></Message><Message type="TopicMessage"><Id>1350673500187-115</Id><Title>5 POINT DOWN DAY ON A DAY LIKE THIS IS NOTHING</Title><Msg>Down less than the qqq which has dividend payers in it! Amzn rocks again and again! Question is: how far up does it go on the ricochet in the market? lmfao!! Anyone gonna say they covered in real time this time? Or are you gonna wait to #$%$ me once amzn rockets up? lmfao!!!</Msg><Username>nasdaq_6000_baby</Username><Timestamp>1350673500187</Timestamp><DateTime>Fri, 2012-10-19 15:05:00 EDT</DateTime><ThumbUp>0</ThumbUp><ThumbDown>0</ThumbDown><Sentiment/></Message><Message type="ReplyMessage"><Id>1350673516345-116</Id><Topic><Title>I think you will see big selling into the close</Title><Username>coinmaker77</Username><Timestamp>1350672871689</Timestamp><DateTime>Fri, 2012-10-19 14:54:31 EDT</DateTime></Topic><Msg>Don't think so this time. you will just get run over. Like the GOOG dip buyers</Msg><Username>coinmaker77</Username><Timestamp>1350673516345</Timestamp><DateTime>Fri, 2012-10-19 15:05:16 EDT</DateTime><ThumbUp>0</ThumbUp><ThumbDown>1</ThumbDown><Sentiment>Strong Sell</Sentiment></Message><Message type="ReplyMessage"><Id>1350673617127-117</Id><Topic><Title>5 POINT DOWN DAY ON A DAY LIKE THIS IS NOTHING</Title><Username>nasdaq_6000_baby</Username><Timestamp>1350673500187</Timestamp><DateTime>Fri, 2012-10-19 15:05:00 EDT</DateTime></Topic><Msg>Fat lady is warming up, clearing her throat.</Msg><Username>ex.goldbug</Username><Timestamp>1350673617127</Timestamp><DateTime>Fri, 2012-10-19 15:06:57 EDT</DateTime><ThumbUp>0</ThumbUp><ThumbDown>0</ThumbDown><Sentiment>Strong Sell</Sentiment></Message><Message type="TopicMessage"><Id>1350673682212-118</Id><Title>It's not about the earnings, it's about the layoffs in big number reported by almost every company that reported earnings so far</Title><Msg>It's not about the earnings, it's about the layoffs in big number reported by almost every company that reported earnings so far</Msg><Username>coinmaker77</Username><Timestamp>1350673682212</Timestamp><DateTime>Fri, 2012-10-19 15:08:02 EDT</DateTime><ThumbUp>1</ThumbUp><ThumbDown>1</ThumbDown><Sentiment>Strong Sell</Sentiment></Message><Message type="ReplyMessage"><Id>1350673729651-119</Id><Topic><Title>5 POINT DOWN DAY ON A DAY LIKE THIS IS NOTHING</Title><Username>nasdaq_6000_baby</Username><Timestamp>1350673500187</Timestamp><DateTime>Fri, 2012-10-19 15:05:00 EDT</DateTime></Topic><Msg>I didn't mean today--soon.</Msg><Username>ex.goldbug</Username><Timestamp>1350673729651</Timestamp><DateTime>Fri, 2012-10-19 15:08:49 EDT</DateTime><ThumbUp>0</ThumbUp><ThumbDown>0</ThumbDown><Sentiment/></Message><Message type="TopicMessage"><Id>1350673749400-120</Id><Title>big opportunity to buy!!! PE</Title><Msg>buy all you can !! sell your homes send your wives to work at any jobs... all your money buy AMZN SCAM</Msg><Username>magiv_hegyoni</Username><Timestamp>1350673749400</Timestamp><DateTime>Fri, 2012-10-19 15:09:09 EDT</DateTime><ThumbUp>0</ThumbUp><ThumbDown>0</ThumbDown><Sentiment>Strong Sell</Sentiment></Message><Message type="TopicMessage"><Id>1350673826233-121</Id><Title>THINK AMZN ISTOCK IS HANDLING THIS MARKET SELLOFF VERY WELL</Title><Msg>Heck aapl is the one that went lower than the 623 last monday, amzn is a rock. Goog a pos. ibm? Don't make me laugh? these competitiors don't hold a candle to the creme da la creme stock: amzn.</Msg><Username>nasdaq_6000_baby</Username><Timestamp>1350673826233</Timestamp><DateTime>Fri, 2012-10-19 15:10:26 EDT</DateTime><ThumbUp>0</ThumbUp><ThumbDown>0</ThumbDown><Sentiment/></Message><Message type="TopicMessage"><Id>1350673853719-122</Id><Title>Fat lady may be singing for the MOMOs</Title><Msg>At least she is warming up, doing her scales. The Grand finale before month end.</Msg><Username>ex.goldbug</Username><Timestamp>1350673853719</Timestamp><DateTime>Fri, 2012-10-19 15:10:53 EDT</DateTime><ThumbUp>0</ThumbUp><ThumbDown>0</ThumbDown><Sentiment>Strong Sell</Sentiment></Message><Message type="TopicMessage"><Id>1350673888300-123</Id><Title>if you did not sell you might have trouble finding buyers on Monday</Title><Msg>if you did not sell you might have trouble finding buyers on Monday</Msg><Username>coinmaker77</Username><Timestamp>1350673888300</Timestamp><DateTime>Fri, 2012-10-19 15:11:28 EDT</DateTime><ThumbUp>0</ThumbUp><ThumbDown>1</ThumbDown><Sentiment>Strong Sell</Sentiment></Message><Message type="ReplyMessage"><Id>1350673914916-124</Id><Topic><Title>big opportunity to buy!!! PE</Title><Username>magiv_hegyoni</Username><Timestamp>1350673749400</Timestamp><DateTime>Fri, 2012-10-19 15:09:09 EDT</DateTime></Topic><Msg>Pe analysis on amzn is a joke! And you should know that by know!! Come on!! Lol!</Msg><Username>nasdaq_6000_baby</Username><Timestamp>1350673914916</Timestamp><DateTime>Fri, 2012-10-19 15:11:54 EDT</DateTime><ThumbUp>0</ThumbUp><ThumbDown>0</ThumbDown><Sentiment/></Message><Message type="ReplyMessage"><Id>1350673951185-125</Id><Topic><Title>I think you will see big selling into the close</Title><Username>coinmaker77</Username><Timestamp>1350672871689</Timestamp><DateTime>Fri, 2012-10-19 14:54:31 EDT</DateTime></Topic><Msg>consider it a massage......booyah</Msg><Username>estanczyk</Username><Timestamp>1350673951185</Timestamp><DateTime>Fri, 2012-10-19 15:12:31 EDT</DateTime><ThumbUp>0</ThumbUp><ThumbDown>0</ThumbDown><Sentiment/></Message><Message type="ReplyMessage"><Id>1350673975445-126</Id><Topic><Title>5 POINT DOWN DAY ON A DAY LIKE THIS IS NOTHING</Title><Username>nasdaq_6000_baby</Username><Timestamp>1350673500187</Timestamp><DateTime>Fri, 2012-10-19 15:05:00 EDT</DateTime></Topic><Msg>BUT ANY MINUTE NOW RIGHT CHICKEN LITTLE? LMFAO!!</Msg><Username>nasdaq_6000_baby</Username><Timestamp>1350673975445</Timestamp><DateTime>Fri, 2012-10-19 15:12:55 EDT</DateTime><ThumbUp>0</ThumbUp><ThumbDown>0</ThumbDown><Sentiment/></Message><Message type="ReplyMessage"><Id>1350674084338-127</Id><Topic><Title>Fat lady may be singing for the MOMOs</Title><Username>ex.goldbug</Username><Timestamp>1350673853719</Timestamp><DateTime>Fri, 2012-10-19 15:10:53 EDT</DateTime></Topic><Msg>mabye the fat lady is singing for this selloff: did you cover any of your shorts? Bueller?</Msg><Username>nasdaq_6000_baby</Username><Timestamp>1350674084338</Timestamp><DateTime>Fri, 2012-10-19 15:14:44 EDT</DateTime><ThumbUp>0</ThumbUp><ThumbDown>0</ThumbDown><Sentiment/></Message><Message type="TopicMessage"><Id>1350674125067-128</Id><Title>Sellers lining up going into the close, they want out of all stocks</Title><Msg>Sellers lining up going into the close, they want out of all stocks</Msg><Username>coinmaker77</Username><Timestamp>1350674125067</Timestamp><DateTime>Fri, 2012-10-19 15:15:25 EDT</DateTime><ThumbUp>0</ThumbUp><ThumbDown>1</ThumbDown><Sentiment/></Message><Message type="TopicMessage"><Id>1350674189811-129</Id><Title>Test of 200 day moving average next week?</Title><Msg>Possibly. Stands around $215. May not hold. Next stop $190ish.</Msg><Username>ex.goldbug</Username><Timestamp>1350674189811</Timestamp><DateTime>Fri, 2012-10-19 15:16:29 EDT</DateTime><ThumbUp>0</ThumbUp><ThumbDown>0</ThumbDown><Sentiment>Strong Sell</Sentiment></Message><Message type="TopicMessage"><Id>1350674260673-130</Id><Title>Hay NAS SMACK say oh no down we go</Title><Msg>Hay NAS SMACK say oh no down we go</Msg><Username>coinmaker77</Username><Timestamp>1350674260673</Timestamp><DateTime>Fri, 2012-10-19 15:17:40 EDT</DateTime><ThumbUp>0</ThumbUp><ThumbDown>1</ThumbDown><Sentiment>Strong Sell</Sentiment></Message><Message type="ReplyMessage"><Id>1350674361020-131</Id><Topic><Title>Test of 200 day moving average next week?</Title><Username>ex.goldbug</Username><Timestamp>1350674189811</Timestamp><DateTime>Fri, 2012-10-19 15:16:29 EDT</DateTime></Topic><Msg>Forgot to add, on balance volume (OBV) is horrible and terribly bearish. Termites are eating the technical foundations.</Msg><Username>ex.goldbug</Username><Timestamp>1350674361020</Timestamp><DateTime>Fri, 2012-10-19 15:19:21 EDT</DateTime><ThumbUp>0</ThumbUp><ThumbDown>0</ThumbDown><Sentiment>Strong Sell</Sentiment></Message><Message type="TopicMessage"><Id>1350674382449-132</Id><Title>TIC TOC I hope I got you ready for the big drop, before it happens</Title><Msg>TIC TOC I hope I got you ready for the big drop, before it happens</Msg><Username>coinmaker77</Username><Timestamp>1350674382449</Timestamp><DateTime>Fri, 2012-10-19 15:19:42 EDT</DateTime><ThumbUp>0</ThumbUp><ThumbDown>1</ThumbDown><Sentiment>Strong Sell</Sentiment></Message><Message type="ReplyMessage"><Id>1350674403888-133</Id><Topic><Title>234 is NOT calling</Title><Username>rimm_dn</Username><Timestamp>1350672602946</Timestamp><DateTime>Fri, 2012-10-19 14:50:02 EDT</DateTime></Topic><Msg>aapl down by 20, cmg -45, amzn barely 5pts I pity myself and other short fellows...</Msg><Username>rimm_dn</Username><Timestamp>1350674403888</Timestamp><DateTime>Fri, 2012-10-19 15:20:03 EDT</DateTime><ThumbUp>0</ThumbUp><ThumbDown>0</ThumbDown><Sentiment/></Message><Message type="TopicMessage"><Id>1350674599375-134</Id><Title>TIC TOC watch the clock not much time left to get out of you stocks</Title><Msg>TIC TOC watch the clock not much time left to get out of you stocks</Msg><Username>coinmaker77</Username><Timestamp>1350674599375</Timestamp><DateTime>Fri, 2012-10-19 15:23:19 EDT</DateTime><ThumbUp>0</ThumbUp><ThumbDown>1</ThumbDown><Sentiment>Strong Sell</Sentiment></Message><Message type="TopicMessage"><Id>1350674654265-135</Id><Title>WOW aapl down $20 more</Title><Msg>WOW aapl down $20 more</Msg><Username>coinmaker77</Username><Timestamp>1350674654265</Timestamp><DateTime>Fri, 2012-10-19 15:24:14 EDT</DateTime><ThumbUp>0</ThumbUp><ThumbDown>1</ThumbDown><Sentiment/></Message><Message type="ReplyMessage"><Id>1350674824478-136</Id><Topic><Title>Sybilz shorts from yesterday are looking pretty fvckin good today</Title><Username>philandjoel1e</Username><Timestamp>1350673131671</Timestamp><DateTime>Fri, 2012-10-19 14:58:51 EDT</DateTime></Topic><Msg>Are you the fake short who got laughed off the PCLN board as PCLN went from $550 to $770 and you were pretending to be shorting $3 million worth?</Msg><Username>amy_christine99</Username><Timestamp>1350674824478</Timestamp><DateTime>Fri, 2012-10-19 15:27:04 EDT</DateTime><ThumbUp>0</ThumbUp><ThumbDown>0</ThumbDown><Sentiment/></Message><Message type="ReplyMessage"><Id>1350675128893-137</Id><Topic><Title>Sybilz shorts from yesterday are looking pretty fvckin good today</Title><Username>philandjoel1e</Username><Timestamp>1350673131671</Timestamp><DateTime>Fri, 2012-10-19 14:58:51 EDT</DateTime></Topic><Msg>he's the guy who shorts unlimited as AMZN goes to the moon as if he has that money while posting on a Yahoo Board doing it. lmfao!! completely fake.</Msg><Username>nasdaq_6000_baby</Username><Timestamp>1350675128893</Timestamp><DateTime>Fri, 2012-10-19 15:32:08 EDT</DateTime><ThumbUp>0</ThumbUp><ThumbDown>0</ThumbDown><Sentiment/></Message><Message type="TopicMessage"><Id>1350675211036-138</Id><Title>Free Money!! get your free money here!!!!</Title><Msg>These guys make a fortune and do nothing but grow. I'm emptying the bank account to buy more into earnings. See you in Hawaii!!!</Msg><Username>beauty90210211</Username><Timestamp>1350675211036</Timestamp><DateTime>Fri, 2012-10-19 15:33:31 EDT</DateTime><ThumbUp>0</ThumbUp><ThumbDown>0</ThumbDown><Sentiment/></Message><Message type="TopicMessage"><Id>1350675254464-139</Id><Title>Selling is just like smacking the NAS SMACK</Title><Msg>Selling is just like smacking the NAS SMACK</Msg><Username>coinmaker77</Username><Timestamp>1350675254464</Timestamp><DateTime>Fri, 2012-10-19 15:34:14 EDT</DateTime><ThumbUp>0</ThumbUp><ThumbDown>2</ThumbDown><Sentiment>Strong Sell</Sentiment></Message><Message type="TopicMessage"><Id>1350675347987-140</Id><Title>If I was long any stocks I would not sleep to good this weekend</Title><Msg>If I was long any stocks I would not sleep to good this weekend</Msg><Username>coinmaker77</Username><Timestamp>1350675347987</Timestamp><DateTime>Fri, 2012-10-19 15:35:47 EDT</DateTime><ThumbUp>0</ThumbUp><ThumbDown>2</ThumbDown><Sentiment>Strong Sell</Sentiment></Message><Message type="ReplyMessage"><Id>1350675383325-141</Id><Topic><Title>234 is NOT calling</Title><Username>rimm_dn</Username><Timestamp>1350672602946</Timestamp><DateTime>Fri, 2012-10-19 14:50:02 EDT</DateTime></Topic><Msg>amzn longs should be given Gold Awards! and well deserved...</Msg><Username>rimm_dn</Username><Timestamp>1350675383325</Timestamp><DateTime>Fri, 2012-10-19 15:36:23 EDT</DateTime><ThumbUp>0</ThumbUp><ThumbDown>0</ThumbDown><Sentiment/></Message><Message type="ReplyMessage"><Id>1350675632281-142</Id><Topic><Title>Sybilz shorts from yesterday are looking pretty fvckin good today</Title><Username>philandjoel1e</Username><Timestamp>1350673131671</Timestamp><DateTime>Fri, 2012-10-19 14:58:51 EDT</DateTime></Topic><Msg>He must have a really small one to be so insecure</Msg><Username>amy_christine99</Username><Timestamp>1350675632281</Timestamp><DateTime>Fri, 2012-10-19 15:40:32 EDT</DateTime><ThumbUp>0</ThumbUp><ThumbDown>0</ThumbDown><Sentiment/></Message><Message type="TopicMessage"><Id>1350676227490-143</Id><Title>Watch JOY MRK PFE BMY JNJ CMI DE -- GDX</Title><Msg>They work</Msg><Username>jgiled</Username><Timestamp>1350676227490</Timestamp><DateTime>Fri, 2012-10-19 15:50:27 EDT</DateTime><ThumbUp>0</ThumbUp><ThumbDown>0</ThumbDown><Sentiment/></Message><Message type="ReplyMessage"><Id>1350676928261-144</Id><Topic><Title>CONGRATS TO YESTERDAY'S 243 AREA DIPBUYERS!! : OFF TO THE RACES AGAIN</Title><Username>nasdaq_6000_baby</Username><Timestamp>1350653549562</Timestamp><DateTime>Fri, 2012-10-19 09:32:29 EDT</DateTime></Topic><Msg>WHERE THIS PUMPER SHILL????????????????????????????TODAY</Msg><Username>singhlion2001</Username><Timestamp>1350676928261</Timestamp><DateTime>Fri, 2012-10-19 16:02:08 EDT</DateTime><ThumbUp>0</ThumbUp><ThumbDown>1</ThumbDown><Sentiment>Strong Sell</Sentiment></Message><Message type="TopicMessage"><Id>1350677002021-145</Id><Title>Sleep well this weekend NAS SMACK and GEEGENJAR you can now wander how low will it go on MONDAY</Title><Msg>Sleep well this weekend NAS SMACK and GEEGENJAR you can now wander how low will it go on MONDAY</Msg><Username>coinmaker77</Username><Timestamp>1350677002021</Timestamp><DateTime>Fri, 2012-10-19 16:03:22 EDT</DateTime><ThumbUp>1</ThumbUp><ThumbDown>1</ThumbDown><Sentiment>Strong Sell</Sentiment></Message><Message type="TopicMessage"><Id>1350678679740-146</Id><Title>TIC TOC make sure your ready for Mondays drop</Title><Msg>TIC TOC make sure your ready for Mondays drop</Msg><Username>coinmaker77</Username><Timestamp>1350678679740</Timestamp><DateTime>Fri, 2012-10-19 16:31:19 EDT</DateTime><ThumbUp>0</ThumbUp><ThumbDown>0</ThumbDown><Sentiment>Strong Sell</Sentiment></Message><Message type="ReplyMessage"><Id>1350678773790-147</Id><Topic><Title>Sleep well this weekend NAS SMACK and GEEGENJAR you can now wander how low will it go on MONDAY</Title><Username>coinmaker77</Username><Timestamp>1350677002021</Timestamp><DateTime>Fri, 2012-10-19 16:03:22 EDT</DateTime></Topic><Msg>TIC TOC for the weekend clock</Msg><Username>coinmaker77</Username><Timestamp>1350678773790</Timestamp><DateTime>Fri, 2012-10-19 16:32:53 EDT</DateTime><ThumbUp>0</ThumbUp><ThumbDown>0</ThumbDown><Sentiment>Strong Sell</Sentiment></Message><Message type="ReplyMessage"><Id>1350678930861-148</Id><Topic><Title>Why AMZN May Be Doomed..</Title><Username>durhamvalerie148</Username><Timestamp>1350651331099</Timestamp><DateTime>Fri, 2012-10-19 08:55:31 EDT</DateTime></Topic><Msg>More responses please -</Msg><Username>hillgraham714</Username><Timestamp>1350678930861</Timestamp><DateTime>Fri, 2012-10-19 16:35:30 EDT</DateTime><ThumbUp>0</ThumbUp><ThumbDown>1</ThumbDown><Sentiment/></Message><Message type="TopicMessage"><Id>1350679300816-149</Id><Title>Just like sybs been saying for the last month....</Title><Msg>264.11 is the all time stratospheric high for this pig Its in a downtrend Short the rips And this pig iz toast That sumz it up stupids.</Msg><Username>philandjoel1e</Username><Timestamp>1350679300816</Timestamp><DateTime>Fri, 2012-10-19 16:41:40 EDT</DateTime><ThumbUp>0</ThumbUp><ThumbDown>0</ThumbDown><Sentiment/></Message><Message type="ReplyMessage"><Id>1350680407839-150</Id><Topic><Title>Just like sybs been saying for the last month....</Title><Username>philandjoel1e</Username><Timestamp>1350679300816</Timestamp><DateTime>Fri, 2012-10-19 16:41:40 EDT</DateTime></Topic><Msg>I will be adding if this pig doesn't crater on earnings. Had a great day today and raised some cash (from elsewhere... not taking ANYTHING off here) so as not to be piggy. If they try to take this up, I will be adding...</Msg><Username>techstrategy</Username><Timestamp>1350680407839</Timestamp><DateTime>Fri, 2012-10-19 17:00:07 EDT</DateTime><ThumbUp>0</ThumbUp><ThumbDown>0</ThumbDown><Sentiment/></Message><Message type="ReplyMessage"><Id>1350682640739-151</Id><Topic><Title>234 is NOT calling</Title><Username>rimm_dn</Username><Timestamp>1350672602946</Timestamp><DateTime>Fri, 2012-10-19 14:50:02 EDT</DateTime></Topic><Msg>Rimm just give it time, remember how they increased CMG from 330 to 440 for no reason, well today it is $240, same crash will happen here.</Msg><Username>kenji100</Username><Timestamp>1350682640739</Timestamp><DateTime>Fri, 2012-10-19 17:37:20 EDT</DateTime><ThumbUp>0</ThumbUp><ThumbDown>0</ThumbDown><Sentiment/></Message><Message type="TopicMessage"><Id>1350682698973-152</Id><Title>Option Boyz of "Fastmoney" betting on "Yosemite Falls Freefall" next week</Title><Msg>Sometimes they are right.</Msg><Username>ex.goldbug</Username><Timestamp>1350682698973</Timestamp><DateTime>Fri, 2012-10-19 17:38:18 EDT</DateTime><ThumbUp>0</ThumbUp><ThumbDown>0</ThumbDown><Sentiment>Strong Sell</Sentiment></Message><Message type="ReplyMessage"><Id>1350682784319-153</Id><Topic><Title>Option Boyz of "Fastmoney" betting on "Yosemite Falls Freefall" next week</Title><Username>ex.goldbug</Username><Timestamp>1350682698973</Timestamp><DateTime>Fri, 2012-10-19 17:38:18 EDT</DateTime></Topic><Msg>Said traders are getting tired of lack of earnings excuses. $200 level at risk said 'da boyz.</Msg><Username>ex.goldbug</Username><Timestamp>1350682784319</Timestamp><DateTime>Fri, 2012-10-19 17:39:44 EDT</DateTime><ThumbUp>0</ThumbUp><ThumbDown>0</ThumbDown><Sentiment>Strong Sell</Sentiment></Message><Message type="ReplyMessage"><Id>1350685695884-154</Id><Topic><Title>Option Boyz of "Fastmoney" betting on "Yosemite Falls Freefall" next week</Title><Username>ex.goldbug</Username><Timestamp>1350682698973</Timestamp><DateTime>Fri, 2012-10-19 17:38:18 EDT</DateTime></Topic><Msg>and many times they are wrong because they are speaking the book people have already positinoed for amzn, goog, pcln, aapl are the only stocks you SHOULD be buying on all big dips. there's nothing else really for big cap managers and wont be for a long time</Msg><Username>notoriousbono</Username><Timestamp>1350685695884</Timestamp><DateTime>Fri, 2012-10-19 18:28:15 EDT</DateTime><ThumbUp>0</ThumbUp><ThumbDown>0</ThumbDown><Sentiment/></Message><Message type="ReplyMessage"><Id>1350685745095-155</Id><Topic><Title>Option Boyz of "Fastmoney" betting on "Yosemite Falls Freefall" next week</Title><Username>ex.goldbug</Username><Timestamp>1350682698973</Timestamp><DateTime>Fri, 2012-10-19 17:38:18 EDT</DateTime></Topic><Msg>Good, maybe my 240/220 bear put spread will pay off.</Msg><Username>mugskei</Username><Timestamp>1350685745095</Timestamp><DateTime>Fri, 2012-10-19 18:29:05 EDT</DateTime><ThumbUp>0</ThumbUp><ThumbDown>0</ThumbDown><Sentiment>Strong Sell</Sentiment></Message><Message type="TopicMessage"><Id>1350686265764-156</Id><Title>Slick Bezo's Act Getting Stale?</Title><Msg>Investors getting restless--"Show us the earnings!!!!!". Nutty laughter will not do!</Msg><Username>ex.goldbug</Username><Timestamp>1350686265764</Timestamp><DateTime>Fri, 2012-10-19 18:37:45 EDT</DateTime><ThumbUp>0</ThumbUp><ThumbDown>0</ThumbDown><Sentiment>Strong Sell</Sentiment></Message><Message type="ReplyMessage"><Id>1350692227566-157</Id><Topic><Title>Option Boyz of "Fastmoney" betting on "Yosemite Falls Freefall" next week</Title><Username>ex.goldbug</Username><Timestamp>1350682698973</Timestamp><DateTime>Fri, 2012-10-19 17:38:18 EDT</DateTime></Topic><Msg>Only one of those is worth buying on dips and it is Google. Apple could be, but only if it has, in fact, used its cash to get exclusive access to INTC process technology for its next chipset. Else, it will have trouble maintaining its premium position and margin collapse could be horrific. The other two are a joke...</Msg><Username>techstrategy</Username><Timestamp>1350692227566</Timestamp><DateTime>Fri, 2012-10-19 20:17:07 EDT</DateTime><ThumbUp>1</ThumbUp><ThumbDown>0</ThumbDown><Sentiment/></Message><Message type="ReplyMessage"><Id>1350692351235-158</Id><Topic><Title>Option Boyz of "Fastmoney" betting on "Yosemite Falls Freefall" next week</Title><Username>ex.goldbug</Username><Timestamp>1350682698973</Timestamp><DateTime>Fri, 2012-10-19 17:38:18 EDT</DateTime></Topic><Msg>all are worth it at this point after the destruction . remember, ;people have complained and complained about no pullbcks..they finally get a few weeks of serious sellinfg or few days...and now everyone goes into permabear mode fact is you cannot make money in savings anymore and treasuries are a bubble</Msg><Username>notoriousbono</Username><Timestamp>1350692351235</Timestamp><DateTime>Fri, 2012-10-19 20:19:11 EDT</DateTime><ThumbUp>0</ThumbUp><ThumbDown>0</ThumbDown><Sentiment/></Message><Message type="ReplyMessage"><Id>1350692628450-159</Id><Topic><Title>Option Boyz of "Fastmoney" betting on "Yosemite Falls Freefall" next week</Title><Username>ex.goldbug</Username><Timestamp>1350682698973</Timestamp><DateTime>Fri, 2012-10-19 17:38:18 EDT</DateTime></Topic><Msg>Doesn't matter. I'm in it long term. There is a very real chance of this company going bankrupt over the next year that NO ONE is acknowledging right now. Anyone see the Google Chromebook? How about the "Playground is open" tease. As I have long predicated, Google is going to hit Amazon hard on the digital front while WalMart, Target and Best Buy hit hard on the physical product front. Check out the new Google Chromebook. You'll see that Google is about to put Amazon in a world of hurt across its entire ecosystem... Where Amazon f'd up was believing all the "inflation" #$%$. It spent like a drunken sailor. The well managed prudent companies like Google are crush it. I'm waiting for Apple, Samsung and publishers to change payment terms on Amazon. Once that happens, it will be a full throttle vicious circle (secondary where WS will beat it down below $100 so Jeff raises money at the worst terms possible, just as they beat FB down for the employees to sell into the worst environment possible).</Msg><Username>techstrategy</Username><Timestamp>1350692628450</Timestamp><DateTime>Fri, 2012-10-19 20:23:48 EDT</DateTime><ThumbUp>0</ThumbUp><ThumbDown>0</ThumbDown><Sentiment/></Message><Message type="ReplyMessage"><Id>1350692994743-160</Id><Topic><Title>234 is NOT calling</Title><Username>rimm_dn</Username><Timestamp>1350672602946</Timestamp><DateTime>Fri, 2012-10-19 14:50:02 EDT</DateTime></Topic><Msg>This will be MUCH worse. CMG is a very well managed company. The malinvestment here has been EPIC. Truly EPIC. I don't think the day traders on this board will ever get it, but there is a very fundamental difference between value creation and value capture. Amazon doesn't capture meaningful value and never will... In all seriousness, I do not want retail investors to get hurt. Please consider selling 50% of your holdings. You've done very well. Capital gains taxes are likely to be higher in the future. You'll still have 50% upside. In the event that Amazon falls by half as I expect, you'll be able to reestablish the full position and have 25% left over. I think Bruce already did and it much better off for having done so... I'm fine with Geeg, Nem and Nas losing as much as they can handle. But, if there are any retail investors here, get the hell out while you still can. When the rush to the exits starts, it will be very ugly...</Msg><Username>techstrategy</Username><Timestamp>1350692994743</Timestamp><DateTime>Fri, 2012-10-19 20:29:54 EDT</DateTime><ThumbUp>0</ThumbUp><ThumbDown>0</ThumbDown><Sentiment/></Message><Message type="TopicMessage"><Id>1350697655968-161</Id><Title>the amzn</Title><Msg>this thing is next in line for the big drop. Watch this will make goofily and noflicks look like a picnic walk</Msg><Username>penystoc</Username><Timestamp>1350697655968</Timestamp><DateTime>Fri, 2012-10-19 21:47:35 EDT</DateTime><ThumbUp>0</ThumbUp><ThumbDown>0</ThumbDown><Sentiment/></Message><Message type="TopicMessage"><Id>1350697851594-162</Id><Title>joke</Title><Msg>putting a bear spread on this thing is a waste of money. Flat out buy puts and lots of them.</Msg><Username>penystoc</Username><Timestamp>1350697851594</Timestamp><DateTime>Fri, 2012-10-19 21:50:51 EDT</DateTime><ThumbUp>0</ThumbUp><ThumbDown>0</ThumbDown><Sentiment/></Message><Message type="TopicMessage"><Id>1350698736782-163</Id><Title>Buy now...</Title><Msg>..$300 after earnings.imo</Msg><Username>augispr</Username><Timestamp>1350698736782</Timestamp><DateTime>Fri, 2012-10-19 22:05:36 EDT</DateTime><ThumbUp>0</ThumbUp><ThumbDown>0</ThumbDown><Sentiment>Strong Buy</Sentiment></Message><Message type="TopicMessage"><Id>1350700672645-164</Id><Title>Options premiums</Title><Msg>Well they are definitely expensive....portends some whacky action next week..should be fun</Msg><Username>buterjohn</Username><Timestamp>1350700672645</Timestamp><DateTime>Fri, 2012-10-19 22:37:52 EDT</DateTime><ThumbUp>0</ThumbUp><ThumbDown>0</ThumbDown><Sentiment/></Message><Message type="ReplyMessage"><Id>1350700749972-165</Id><Topic><Title>Buy now...</Title><Username>augispr</Username><Timestamp>1350698736782</Timestamp><DateTime>Fri, 2012-10-19 22:05:36 EDT</DateTime></Topic><Msg>Another delusional AMZN investor, er I mean bag holder.</Msg><Username>ershon911</Username><Timestamp>1350700749972</Timestamp><DateTime>Fri, 2012-10-19 22:39:09 EDT</DateTime><ThumbUp>0</ThumbUp><ThumbDown>0</ThumbDown><Sentiment>Strong Sell</Sentiment></Message><Message type="TopicMessage"><Id>1350705551573-166</Id><Title>amzn is a 60.00 stock</Title><Msg>high pe and peg. first google then amazon.</Msg><Username>pumpyourpiston</Username><Timestamp>1350705551573</Timestamp><DateTime>Fri, 2012-10-19 23:59:11 EDT</DateTime><ThumbUp>1</ThumbUp><ThumbDown>1</ThumbDown><Sentiment/></Message></Date>