<?xml version="1.0" encoding="UTF-8" standalone="no"?><Date date="2012-08-07"><Message type="ReplyMessage"><Id>1344329564000-1</Id><Topic><Title>PE of almost 300 and still buyers here .. WOW!</Title><Username>symmetrypvt</Username><Timestamp>1344271936000</Timestamp><DateTime>Mon, 2012-08-06 12:52:16 EDT</DateTime></Topic><Msg>P/E will go up after they post massive losses next quarter and probably into next year. Cloud computing and Kindle business is crumbling while sales tax will tax a toll on sales. The only real engine Amazon has is 3P and that won't generate the sales they need to hold the stock. Eventually, it will be priced like any other stock with a P/E of under 20. the only question is when.</Msg><Username>nyk20h</Username><Timestamp>1344329564000</Timestamp><DateTime>Tue, 2012-08-07 04:52:44 EDT</DateTime><ThumbUp>0</ThumbUp><ThumbDown>0</ThumbDown><Sentiment/></Message><Message type="TopicMessage"><Id>1344341030000-2</Id><Title>Time to Sell Amazon Stock</Title><Msg>http://www.smartmoney.com/invest/stocks/are-investors-being-too-patient-with-amazon-1344213671344/?link=SM_hp_ls4e</Msg><Username>Younessi</Username><Timestamp>1344341030000</Timestamp><DateTime>Tue, 2012-08-07 08:03:50 EDT</DateTime><ThumbUp>0</ThumbUp><ThumbDown>0</ThumbDown><Sentiment/></Message><Message type="TopicMessage"><Id>1344341682000-3</Id><Title>Common Sense</Title><Msg>You have a choice: A) Buy from Amazon Ship to a locker, pay shipping, wait for delivery, possibly pay sales tax, go pick it up, some hassle to return the item if you decide. B) Buy from a local store Avoid shipping cost, go to a store of your choice WHEN you want to and see and touch the items before buying, pay sales tax, easily return if you change your mind. You decide which is the better choice.</Msg><Username>prospec5</Username><Timestamp>1344341682000</Timestamp><DateTime>Tue, 2012-08-07 08:14:42 EDT</DateTime><ThumbUp>0</ThumbUp><ThumbDown>0</ThumbDown><Sentiment/></Message><Message type="ReplyMessage"><Id>1344342070000-4</Id><Topic><Title>Common Sense</Title><Username>prospec5</Username><Timestamp>1344341682000</Timestamp><DateTime>Tue, 2012-08-07 08:14:42 EDT</DateTime></Topic><Msg>Locker is another scam. Package is limited to about 10 lbs. Still have to spend $ on gas to go to pickup the package. This is no different than requesting in-person pickup at the local UPS office.</Msg><Username>nje457</Username><Timestamp>1344342070000</Timestamp><DateTime>Tue, 2012-08-07 08:21:10 EDT</DateTime><ThumbUp>0</ThumbUp><ThumbDown>0</ThumbDown><Sentiment/></Message><Message type="ReplyMessage"><Id>1344343655000-5</Id><Topic><Title>Common Sense</Title><Username>prospec5</Username><Timestamp>1344341682000</Timestamp><DateTime>Tue, 2012-08-07 08:14:42 EDT</DateTime></Topic><Msg>Common sense says not to short AMZN, the greatest stock in the Universe.</Msg><Username>geegenjar</Username><Timestamp>1344343655000</Timestamp><DateTime>Tue, 2012-08-07 08:47:35 EDT</DateTime><ThumbUp>0</ThumbUp><ThumbDown>0</ThumbDown><Sentiment/></Message><Message type="ReplyMessage"><Id>1344344367000-6</Id><Topic><Title>AMZN SCAM MANIPUALTION FRAUD PUMP PEAKED</Title><Username>singhlion2001</Username><Timestamp>1344275166000</Timestamp><DateTime>Mon, 2012-08-06 13:46:06 EDT</DateTime></Topic><Msg>EVERY SCAM PUMP SHOULD BE FLIPPED FOR FAST AND FURIOUS DUMPS AND LEAP PUT MOUNTAIN BUILDUP MUST CONTINUE FRAUD STREET CASINO IN USA http://www.globalresearch.ca/index.php?context=va&amp;aid=32220</Msg><Username>singhlion2001</Username><Timestamp>1344344367000</Timestamp><DateTime>Tue, 2012-08-07 08:59:27 EDT</DateTime><ThumbUp>0</ThumbUp><ThumbDown>0</ThumbDown><Sentiment/></Message><Message type="ReplyMessage"><Id>1344344592000-7</Id><Topic><Title>Common Sense</Title><Username>prospec5</Username><Timestamp>1344341682000</Timestamp><DateTime>Tue, 2012-08-07 08:14:42 EDT</DateTime></Topic><Msg>I'm glad you said greatest "stock" and not company. Total disconnect between stock and company prospects at this point. The stock will remain up here at this over-inflated price until the entities holding it here turn on it, then its a quick ride down. I'm still here waiting on it because it's going to be very profitable for those that held on to their shorts and puts. Tick Tick Tick</Msg><Username>wuwuwu3</Username><Timestamp>1344344592000</Timestamp><DateTime>Tue, 2012-08-07 09:03:12 EDT</DateTime><ThumbUp>0</ThumbUp><ThumbDown>0</ThumbDown><Sentiment/></Message><Message type="TopicMessage"><Id>1344344930000-8</Id><Title>$255 by Friday</Title><Msg>We should go much higher Because Everything is way better compare to July of 2007 If Markets get 15% rally before year end and AMZN should go to $350</Msg><Username>cityautomaker</Username><Timestamp>1344344930000</Timestamp><DateTime>Tue, 2012-08-07 09:08:50 EDT</DateTime><ThumbUp>1</ThumbUp><ThumbDown>0</ThumbDown><Sentiment/></Message><Message type="TopicMessage"><Id>1344345392000-9</Id><Title>Careful on Amazon.com, looks to be a technical trade trap</Title><Msg>News came out for Amazon.com http://NYSESTOCKQUOTES.INFO</Msg><Username>ruthaoglesbee</Username><Timestamp>1344345392000</Timestamp><DateTime>Tue, 2012-08-07 09:16:32 EDT</DateTime><ThumbUp>3</ThumbUp><ThumbDown>1</ThumbDown><Sentiment/></Message><Message type="TopicMessage"><Id>1344345456000-10</Id><Title>They going compete w. Zynga now ?</Title><Msg>More excuse for not showing a profit. See, I'm spending ,investing in the FUTURE.</Msg><Username>Nasdaqi</Username><Timestamp>1344345456000</Timestamp><DateTime>Tue, 2012-08-07 09:17:36 EDT</DateTime><ThumbUp>1</ThumbUp><ThumbDown>0</ThumbDown><Sentiment/></Message><Message type="ReplyMessage"><Id>1344345657000-11</Id><Topic><Title>$255 by Friday</Title><Username>cityautomaker</Username><Timestamp>1344344930000</Timestamp><DateTime>Tue, 2012-08-07 09:08:50 EDT</DateTime></Topic><Msg>Markets share up 650% from 2009 AMZN is 5000 x a buy</Msg><Username>cityautomaker</Username><Timestamp>1344345657000</Timestamp><DateTime>Tue, 2012-08-07 09:20:57 EDT</DateTime><ThumbUp>0</ThumbUp><ThumbDown>0</ThumbDown><Sentiment/></Message><Message type="TopicMessage"><Id>1344345924000-12</Id><Title>be eveything and good at nothing</Title><Msg>that is what amzn is practicing and all WS crooks cheering about. but it is NOT a new idea and in fact it is an idea discarded by any surviving industry.</Msg><Username>rimm_dn</Username><Timestamp>1344345924000</Timestamp><DateTime>Tue, 2012-08-07 09:25:24 EDT</DateTime><ThumbUp>1</ThumbUp><ThumbDown>0</ThumbDown><Sentiment/></Message><Message type="ReplyMessage"><Id>1344346044000-13</Id><Topic><Title>They going compete w. Zynga now ?</Title><Username>Nasdaqi</Username><Timestamp>1344345456000</Timestamp><DateTime>Tue, 2012-08-07 09:17:36 EDT</DateTime></Topic><Msg>If JB doesn't put down the crack pipe, all the cash will be gone.</Msg><Username>incognitusfn2</Username><Timestamp>1344346044000</Timestamp><DateTime>Tue, 2012-08-07 09:27:24 EDT</DateTime><ThumbUp>0</ThumbUp><ThumbDown>0</ThumbDown><Sentiment/></Message><Message type="ReplyMessage"><Id>1344346123000-14</Id><Topic><Title>be eveything and good at nothing</Title><Username>rimm_dn</Username><Timestamp>1344345924000</Timestamp><DateTime>Tue, 2012-08-07 09:25:24 EDT</DateTime></Topic><Msg>simply put amazon === handyman</Msg><Username>rimm_dn</Username><Timestamp>1344346123000</Timestamp><DateTime>Tue, 2012-08-07 09:28:43 EDT</DateTime><ThumbUp>0</ThumbUp><ThumbDown>0</ThumbDown><Sentiment/></Message><Message type="ReplyMessage"><Id>1344346533000-15</Id><Topic><Title>be eveything and good at nothing</Title><Username>rimm_dn</Username><Timestamp>1344345924000</Timestamp><DateTime>Tue, 2012-08-07 09:25:24 EDT</DateTime></Topic><Msg>Pure scam!</Msg><Username>nje457</Username><Timestamp>1344346533000</Timestamp><DateTime>Tue, 2012-08-07 09:35:33 EDT</DateTime><ThumbUp>0</ThumbUp><ThumbDown>0</ThumbDown><Sentiment/></Message><Message type="TopicMessage"><Id>1344346921000-16</Id><Title>Added more calls.</Title><Msg>Hooah!</Msg><Username>geegenjar</Username><Timestamp>1344346921000</Timestamp><DateTime>Tue, 2012-08-07 09:42:01 EDT</DateTime><ThumbUp>0</ThumbUp><ThumbDown>0</ThumbDown><Sentiment/></Message><Message type="ReplyMessage"><Id>1344346964000-17</Id><Topic><Title>Added more calls.</Title><Username>geegenjar</Username><Timestamp>1344346921000</Timestamp><DateTime>Tue, 2012-08-07 09:42:01 EDT</DateTime></Topic><Msg>You're losing all your money.</Msg><Username>bg_rox2001</Username><Timestamp>1344346964000</Timestamp><DateTime>Tue, 2012-08-07 09:42:44 EDT</DateTime><ThumbUp>0</ThumbUp><ThumbDown>0</ThumbDown><Sentiment/></Message><Message type="TopicMessage"><Id>1344347194000-18</Id><Title>amazon === handyman</Title><Msg>"breaking news" there will be soon be a stk ticker change amzn=hdmn</Msg><Username>rimm_dn</Username><Timestamp>1344347194000</Timestamp><DateTime>Tue, 2012-08-07 09:46:34 EDT</DateTime><ThumbUp>0</ThumbUp><ThumbDown>0</ThumbDown><Sentiment/></Message><Message type="ReplyMessage"><Id>1344347276000-19</Id><Topic><Title>SSH @ 234.1</Title><Username>nje457</Username><Timestamp>1344001240000</Timestamp><DateTime>Fri, 2012-08-03 09:40:40 EDT</DateTime></Topic><Msg>SSH 1K @ 235.2.</Msg><Username>nje457</Username><Timestamp>1344347276000</Timestamp><DateTime>Tue, 2012-08-07 09:47:56 EDT</DateTime><ThumbUp>0</ThumbUp><ThumbDown>0</ThumbDown><Sentiment/></Message><Message type="ReplyMessage"><Id>1344347341000-20</Id><Topic><Title>SSH @ 234.1</Title><Username>nje457</Username><Timestamp>1344001240000</Timestamp><DateTime>Fri, 2012-08-03 09:40:40 EDT</DateTime></Topic><Msg>Out @ 234.37. Bagged $820.</Msg><Username>nje457</Username><Timestamp>1344347341000</Timestamp><DateTime>Tue, 2012-08-07 09:49:01 EDT</DateTime><ThumbUp>0</ThumbUp><ThumbDown>0</ThumbDown><Sentiment/></Message><Message type="TopicMessage"><Id>1344347351000-21</Id><Title>I think Enron had a smaller PE ratio.</Title><Msg>than this stock trades at. That did not end well for shareholders.</Msg><Username>richeydouglas</Username><Timestamp>1344347351000</Timestamp><DateTime>Tue, 2012-08-07 09:49:11 EDT</DateTime><ThumbUp>1</ThumbUp><ThumbDown>0</ThumbDown><Sentiment/></Message><Message type="ReplyMessage"><Id>1344347564000-22</Id><Topic><Title>$255 by Friday</Title><Username>cityautomaker</Username><Timestamp>1344344930000</Timestamp><DateTime>Tue, 2012-08-07 09:08:50 EDT</DateTime></Topic><Msg>smoke more dope and keep buying this stock.........NFLX believers same situation last year.</Msg><Username>bg_rox2001</Username><Timestamp>1344347564000</Timestamp><DateTime>Tue, 2012-08-07 09:52:44 EDT</DateTime><ThumbUp>0</ThumbUp><ThumbDown>0</ThumbDown><Sentiment/></Message><Message type="ReplyMessage"><Id>1344347571000-23</Id><Topic><Title>SSH @ 234.1</Title><Username>nje457</Username><Timestamp>1344001240000</Timestamp><DateTime>Fri, 2012-08-03 09:40:40 EDT</DateTime></Topic><Msg>Out @ 233.8. Bagged $680.</Msg><Username>nje457</Username><Timestamp>1344347571000</Timestamp><DateTime>Tue, 2012-08-07 09:52:51 EDT</DateTime><ThumbUp>0</ThumbUp><ThumbDown>0</ThumbDown><Sentiment/></Message><Message type="ReplyMessage"><Id>1344347583000-24</Id><Topic><Title>I think Enron had a smaller PE ratio.</Title><Username>richeydouglas</Username><Timestamp>1344347351000</Timestamp><DateTime>Tue, 2012-08-07 09:49:11 EDT</DateTime></Topic><Msg>And what is the point of your irrevelant comment?</Msg><Username>brucetheharmonicaguy</Username><Timestamp>1344347583000</Timestamp><DateTime>Tue, 2012-08-07 09:53:03 EDT</DateTime><ThumbUp>0</ThumbUp><ThumbDown>0</ThumbDown><Sentiment/></Message><Message type="ReplyMessage"><Id>1344348405000-25</Id><Topic><Title>be eveything and good at nothing</Title><Username>rimm_dn</Username><Timestamp>1344345924000</Timestamp><DateTime>Tue, 2012-08-07 09:25:24 EDT</DateTime></Topic><Msg>Yes, amazon is "pure scam". They don't really have fulfillment centers, or kindle readers, they just want you to buy the stock and leave you holding the bag. By the way, do you have a position?</Msg><Username>brucetheharmonicaguy</Username><Timestamp>1344348405000</Timestamp><DateTime>Tue, 2012-08-07 10:06:45 EDT</DateTime><ThumbUp>0</ThumbUp><ThumbDown>0</ThumbDown><Sentiment/></Message><Message type="ReplyMessage"><Id>1344348760000-26</Id><Topic><Title>I think Enron had a smaller PE ratio.</Title><Username>richeydouglas</Username><Timestamp>1344347351000</Timestamp><DateTime>Tue, 2012-08-07 09:49:11 EDT</DateTime></Topic><Msg>irrevelant? stock is priced at a ridiculous earnings multiple that is my point. It does not even qualify for the word ridiculous anymore it is outragiously priced is the better term.</Msg><Username>richeydouglas</Username><Timestamp>1344348760000</Timestamp><DateTime>Tue, 2012-08-07 10:12:40 EDT</DateTime><ThumbUp>0</ThumbUp><ThumbDown>0</ThumbDown><Sentiment/></Message><Message type="TopicMessage"><Id>1344348868000-27</Id><Title>SSH 236.18</Title><Msg>1K lot.</Msg><Username>nje457</Username><Timestamp>1344348868000</Timestamp><DateTime>Tue, 2012-08-07 10:14:28 EDT</DateTime><ThumbUp>0</ThumbUp><ThumbDown>0</ThumbDown><Sentiment/></Message><Message type="TopicMessage"><Id>1344348916000-28</Id><Title>Here comes that breakout 238-247</Title><Msg>goodluck</Msg><Username>chairman_westgate</Username><Timestamp>1344348916000</Timestamp><DateTime>Tue, 2012-08-07 10:15:16 EDT</DateTime><ThumbUp>0</ThumbUp><ThumbDown>0</ThumbDown><Sentiment/></Message><Message type="ReplyMessage"><Id>1344348931000-29</Id><Topic><Title>SSH 236.18</Title><Username>nje457</Username><Timestamp>1344348868000</Timestamp><DateTime>Tue, 2012-08-07 10:14:28 EDT</DateTime></Topic><Msg>Out @ 235.64. Bagged $530.</Msg><Username>nje457</Username><Timestamp>1344348931000</Timestamp><DateTime>Tue, 2012-08-07 10:15:31 EDT</DateTime><ThumbUp>0</ThumbUp><ThumbDown>0</ThumbDown><Sentiment/></Message><Message type="ReplyMessage"><Id>1344348996000-30</Id><Topic><Title>Here comes that breakout 238-247</Title><Username>chairman_westgate</Username><Timestamp>1344348916000</Timestamp><DateTime>Tue, 2012-08-07 10:15:16 EDT</DateTime></Topic><Msg>Village Idiot #1!</Msg><Username>nje457</Username><Timestamp>1344348996000</Timestamp><DateTime>Tue, 2012-08-07 10:16:36 EDT</DateTime><ThumbUp>0</ThumbUp><ThumbDown>0</ThumbDown><Sentiment/></Message><Message type="ReplyMessage"><Id>1344349615000-31</Id><Topic><Title>SSH 236.18</Title><Username>nje457</Username><Timestamp>1344348868000</Timestamp><DateTime>Tue, 2012-08-07 10:14:28 EDT</DateTime></Topic><Msg>SSH 1K lot @ 236.1</Msg><Username>nje457</Username><Timestamp>1344349615000</Timestamp><DateTime>Tue, 2012-08-07 10:26:55 EDT</DateTime><ThumbUp>0</ThumbUp><ThumbDown>0</ThumbDown><Sentiment/></Message><Message type="ReplyMessage"><Id>1344350005000-32</Id><Topic><Title>PE of almost 300 and still buyers here .. WOW!</Title><Username>symmetrypvt</Username><Timestamp>1344271936000</Timestamp><DateTime>Mon, 2012-08-06 12:52:16 EDT</DateTime></Topic><Msg>Taxes will hurt 3P even more than direct sales. Why pay taxes to order through Amazon when you can get same product, same price, same merchant elsewhere? Merchants get better rates elsewhere, anyways: http://www.newegg.com/sellers/ http://www.amazon.com/gp/help/customer/display.html?nodeId=1161240</Msg><Username>popnfresh100</Username><Timestamp>1344350005000</Timestamp><DateTime>Tue, 2012-08-07 10:33:25 EDT</DateTime><ThumbUp>0</ThumbUp><ThumbDown>0</ThumbDown><Sentiment/></Message><Message type="TopicMessage"><Id>1344350109000-33</Id><Title>Sales Tax, Sales Tax, Sales Tax!</Title><Msg>The fifth largest economy in the world, California, is forcing online retailers to collect a 9.75% Sales Tax starting next month. How many Californians, are going to skip AMZN because of this and shop local? This is huge and AMZN knows it. So much so, they have started a "locker" program in the states that are collecting Sales Tax. Oh and don't forget that Pennsylvania is also starting to collect an 8% Sales Tax next month! Ouch!</Msg><Username>xcoyle</Username><Timestamp>1344350109000</Timestamp><DateTime>Tue, 2012-08-07 10:35:09 EDT</DateTime><ThumbUp>1</ThumbUp><ThumbDown>1</ThumbDown><Sentiment/></Message><Message type="ReplyMessage"><Id>1344350214000-34</Id><Topic><Title>Sales Tax, Sales Tax, Sales Tax!</Title><Username>xcoyle</Username><Timestamp>1344350109000</Timestamp><DateTime>Tue, 2012-08-07 10:35:09 EDT</DateTime></Topic><Msg>Here's the proof: http://money.cnn.com/2012/07/18/news/economy/amazon-sales-tax/index.htm</Msg><Username>xcoyle</Username><Timestamp>1344350214000</Timestamp><DateTime>Tue, 2012-08-07 10:36:54 EDT</DateTime><ThumbUp>0</ThumbUp><ThumbDown>0</ThumbDown><Sentiment/></Message><Message type="ReplyMessage"><Id>1344350221000-35</Id><Topic><Title>SSH 236.18</Title><Username>nje457</Username><Timestamp>1344348868000</Timestamp><DateTime>Tue, 2012-08-07 10:14:28 EDT</DateTime></Topic><Msg>Out @ 235.35. Bagged $740. Can't lose trading Scamazon.</Msg><Username>nje457</Username><Timestamp>1344350221000</Timestamp><DateTime>Tue, 2012-08-07 10:37:01 EDT</DateTime><ThumbUp>0</ThumbUp><ThumbDown>0</ThumbDown><Sentiment/></Message><Message type="TopicMessage"><Id>1344350235000-36</Id><Title>breakout.</Title><Msg>upside coming</Msg><Username>chairman_westgate</Username><Timestamp>1344350235000</Timestamp><DateTime>Tue, 2012-08-07 10:37:15 EDT</DateTime><ThumbUp>0</ThumbUp><ThumbDown>0</ThumbDown><Sentiment/></Message><Message type="ReplyMessage"><Id>1344351029000-37</Id><Topic><Title>PE of almost 300 and still buyers here .. WOW!</Title><Username>symmetrypvt</Username><Timestamp>1344271936000</Timestamp><DateTime>Mon, 2012-08-06 12:52:16 EDT</DateTime></Topic><Msg>Yes amazing close to 300 when 30 would be hard to justify. This is all based on a model of executing on thin margins. Therefore to realize the expectations of the PE Amazon must take over the world. That is not going to happen. In the meantime a company like Apple with amazing growth and margins has a PE of 14. Amazon is a great company, but the valuation is in la la land and the valuation is a house of cards waiting to fall.</Msg><Username>sammmy220022</Username><Timestamp>1344351029000</Timestamp><DateTime>Tue, 2012-08-07 10:50:29 EDT</DateTime><ThumbUp>0</ThumbUp><ThumbDown>0</ThumbDown><Sentiment/></Message><Message type="TopicMessage"><Id>1344351145000-38</Id><Title>Rosengen pushing for unlimited QE: wow</Title><Msg>are they gonna try to manage asset bubbles now when they failed in the past? these guys are in charge of the printing press? lol!</Msg><Username>party_bistro</Username><Timestamp>1344351145000</Timestamp><DateTime>Tue, 2012-08-07 10:52:25 EDT</DateTime><ThumbUp>0</ThumbUp><ThumbDown>0</ThumbDown><Sentiment/></Message><Message type="ReplyMessage"><Id>1344351428000-39</Id><Topic><Title>I think Enron had a smaller PE ratio.</Title><Username>richeydouglas</Username><Timestamp>1344347351000</Timestamp><DateTime>Tue, 2012-08-07 09:49:11 EDT</DateTime></Topic><Msg>you're overanalysing the PE here: it's not gonna stay that high but doesn't mean forecast for making $8-9 /share is correct either as they never hit their earnings of the last cycle which should have been happening here. But saying they have a 300 PE is stupid.</Msg><Username>party_bistro</Username><Timestamp>1344351428000</Timestamp><DateTime>Tue, 2012-08-07 10:57:08 EDT</DateTime><ThumbUp>0</ThumbUp><ThumbDown>0</ThumbDown><Sentiment/></Message><Message type="ReplyMessage"><Id>1344351727000-40</Id><Topic><Title>Rosengen pushing for unlimited QE: wow</Title><Username>party_bistro</Username><Timestamp>1344351145000</Timestamp><DateTime>Tue, 2012-08-07 10:52:25 EDT</DateTime></Topic><Msg>only goes to show you how serious the situation really is....that they are willing to espouse something like this. In essence what they are saying is, things are really really bad and our only hope is keep pushing the string until something happens, or I/O/W inflate asset prices to keep the 1% happy so at least they still buy stuff</Msg><Username>pjw1857</Username><Timestamp>1344351727000</Timestamp><DateTime>Tue, 2012-08-07 11:02:07 EDT</DateTime><ThumbUp>0</ThumbUp><ThumbDown>0</ThumbDown><Sentiment/></Message><Message type="ReplyMessage"><Id>1344351744000-41</Id><Topic><Title>SSH 236.18</Title><Username>nje457</Username><Timestamp>1344348868000</Timestamp><DateTime>Tue, 2012-08-07 10:14:28 EDT</DateTime></Topic><Msg>SSH 1K lot @ 236.33.</Msg><Username>nje457</Username><Timestamp>1344351744000</Timestamp><DateTime>Tue, 2012-08-07 11:02:24 EDT</DateTime><ThumbUp>0</ThumbUp><ThumbDown>0</ThumbDown><Sentiment/></Message><Message type="ReplyMessage"><Id>1344351755000-42</Id><Topic><Title>Sales Tax, Sales Tax, Sales Tax!</Title><Username>xcoyle</Username><Timestamp>1344350109000</Timestamp><DateTime>Tue, 2012-08-07 10:35:09 EDT</DateTime></Topic><Msg>I shift the majority of my purchases from Amazon to onsite at stores in Delaware starting at the end of August so I don't have to pay an extra 8% sales tax. I average about $600 a month of goods bought at Amazon now.</Msg><Username>miguelsicluna</Username><Timestamp>1344351755000</Timestamp><DateTime>Tue, 2012-08-07 11:02:35 EDT</DateTime><ThumbUp>0</ThumbUp><ThumbDown>0</ThumbDown><Sentiment/></Message><Message type="ReplyMessage"><Id>1344351851000-43</Id><Topic><Title>SSH 236.18</Title><Username>nje457</Username><Timestamp>1344348868000</Timestamp><DateTime>Tue, 2012-08-07 10:14:28 EDT</DateTime></Topic><Msg>Out @ 235.67. Bagged $650.</Msg><Username>nje457</Username><Timestamp>1344351851000</Timestamp><DateTime>Tue, 2012-08-07 11:04:11 EDT</DateTime><ThumbUp>0</ThumbUp><ThumbDown>0</ThumbDown><Sentiment/></Message><Message type="ReplyMessage"><Id>1344351878000-44</Id><Topic><Title>PE of almost 300 and still buyers here .. WOW!</Title><Username>symmetrypvt</Username><Timestamp>1344271936000</Timestamp><DateTime>Mon, 2012-08-06 12:52:16 EDT</DateTime></Topic><Msg>the only buyers are the MMs who have their bots programmed to trade this thing back and forth amongst themselves making it look as tough there's actual bidding happening when it isn't. All in hopes of snagging a few car chasers to unload their shares on before a crash</Msg><Username>pjw1857</Username><Timestamp>1344351878000</Timestamp><DateTime>Tue, 2012-08-07 11:04:38 EDT</DateTime><ThumbUp>1</ThumbUp><ThumbDown>0</ThumbDown><Sentiment/></Message><Message type="TopicMessage"><Id>1344352573000-45</Id><Title>very rare that AMZN puts out PR like today's gaming announcment and not</Title><Msg>get a pump in their stock. Didn't take long today for the dippers to come in to chase on the hype news. That's how you get a premium priced stock in these liquidity fed markets.</Msg><Username>party_bistro</Username><Timestamp>1344352573000</Timestamp><DateTime>Tue, 2012-08-07 11:16:13 EDT</DateTime><ThumbUp>0</ThumbUp><ThumbDown>0</ThumbDown><Sentiment/></Message><Message type="TopicMessage"><Id>1344352608000-46</Id><Title>236.25 very critical.</Title><Msg>Break that and we'll test 240 today.</Msg><Username>geegenjar</Username><Timestamp>1344352608000</Timestamp><DateTime>Tue, 2012-08-07 11:16:48 EDT</DateTime><ThumbUp>0</ThumbUp><ThumbDown>0</ThumbDown><Sentiment/></Message><Message type="ReplyMessage"><Id>1344352894000-47</Id><Topic><Title>very rare that AMZN puts out PR like today's gaming announcment and not</Title><Username>party_bistro</Username><Timestamp>1344352573000</Timestamp><DateTime>Tue, 2012-08-07 11:16:13 EDT</DateTime></Topic><Msg>It was headed lower and bound to close red even with the NASD up and now it has rebounded $3. A complete reversal in trend. The momentum shifted and a $3 spike is huge.</Msg><Username>bg_rox2001</Username><Timestamp>1344352894000</Timestamp><DateTime>Tue, 2012-08-07 11:21:34 EDT</DateTime><ThumbUp>0</ThumbUp><ThumbDown>0</ThumbDown><Sentiment/></Message><Message type="TopicMessage"><Id>1344352921000-48</Id><Title>Good Ole Cramer....</Title><Msg>doing it again....recommending a buy. What's his stake in Amazon?</Msg><Username>trycomsen35</Username><Timestamp>1344352921000</Timestamp><DateTime>Tue, 2012-08-07 11:22:01 EDT</DateTime><ThumbUp>0</ThumbUp><ThumbDown>0</ThumbDown><Sentiment/></Message><Message type="ReplyMessage"><Id>1344353355000-49</Id><Topic><Title>Good Ole Cramer....</Title><Username>trycomsen35</Username><Timestamp>1344352921000</Timestamp><DateTime>Tue, 2012-08-07 11:22:01 EDT</DateTime></Topic><Msg>Kiss of death. He's a bumbling head. He gave NFLX the kiss of death last year at 250+ and now with NFLX under $60 he says "I'd avoid that one". I don't know why he is still on the air.</Msg><Username>bg_rox2001</Username><Timestamp>1344353355000</Timestamp><DateTime>Tue, 2012-08-07 11:29:15 EDT</DateTime><ThumbUp>0</ThumbUp><ThumbDown>0</ThumbDown><Sentiment/></Message><Message type="ReplyMessage"><Id>1344353519000-50</Id><Topic><Title>SSH 236.18</Title><Username>nje457</Username><Timestamp>1344348868000</Timestamp><DateTime>Tue, 2012-08-07 10:14:28 EDT</DateTime></Topic><Msg>SSH 1K lot @ 236.8.</Msg><Username>nje457</Username><Timestamp>1344353519000</Timestamp><DateTime>Tue, 2012-08-07 11:31:59 EDT</DateTime><ThumbUp>0</ThumbUp><ThumbDown>0</ThumbDown><Sentiment/></Message><Message type="ReplyMessage"><Id>1344353555000-51</Id><Topic><Title>Good Ole Cramer....</Title><Username>trycomsen35</Username><Timestamp>1344352921000</Timestamp><DateTime>Tue, 2012-08-07 11:22:01 EDT</DateTime></Topic><Msg>Right when Amazon is going to have to start charging Sales Tax to its customers in California and Penn. http://money.cnn.com/2012/07/18/news/economy/amazon-sales-tax/index.htm He's a dumbass!</Msg><Username>xcoyle</Username><Timestamp>1344353555000</Timestamp><DateTime>Tue, 2012-08-07 11:32:35 EDT</DateTime><ThumbUp>0</ThumbUp><ThumbDown>1</ThumbDown><Sentiment/></Message><Message type="TopicMessage"><Id>1344354017000-52</Id><Title>Smart Money will be Leaving</Title><Msg>These guys have manipulated about as much as they can. Smart sellers here know it's time to jump. Market is going to implode. No reason to be this high. Everyone knows the dice are loaded, but keep throwing with fingers crossed.</Msg><Username>basicknowledge</Username><Timestamp>1344354017000</Timestamp><DateTime>Tue, 2012-08-07 11:40:17 EDT</DateTime><ThumbUp>0</ThumbUp><ThumbDown>0</ThumbDown><Sentiment/></Message><Message type="TopicMessage"><Id>1344354092000-53</Id><Title>sell it!!!!!!!!!!!!!</Title><Msg>get out.</Msg><Username>riskreversal777</Username><Timestamp>1344354092000</Timestamp><DateTime>Tue, 2012-08-07 11:41:32 EDT</DateTime><ThumbUp>0</ThumbUp><ThumbDown>0</ThumbDown><Sentiment/></Message><Message type="ReplyMessage"><Id>1344354178000-54</Id><Topic><Title>Sales Tax, Sales Tax, Sales Tax!</Title><Username>xcoyle</Username><Timestamp>1344350109000</Timestamp><DateTime>Tue, 2012-08-07 10:35:09 EDT</DateTime></Topic><Msg>So what's the local Cali sales tax 11% or same? IF you get free shipping or don't have to drive ... American shoppers shop to shop, buy to buy high. THEY don't look at the sales tax. They want it they see it they buy it. Plastic doesn't worry what the sales tax is. Bank it.</Msg><Username>robynrokn</Username><Timestamp>1344354178000</Timestamp><DateTime>Tue, 2012-08-07 11:42:58 EDT</DateTime><ThumbUp>0</ThumbUp><ThumbDown>0</ThumbDown><Sentiment/></Message><Message type="ReplyMessage"><Id>1344354218000-55</Id><Topic><Title>Good Ole Cramer....</Title><Username>trycomsen35</Username><Timestamp>1344352921000</Timestamp><DateTime>Tue, 2012-08-07 11:22:01 EDT</DateTime></Topic><Msg>Take it easy SHORTIES.......you will bust a blood vessel......we know you are short.....we get it. Take it easy.</Msg><Username>actionspread</Username><Timestamp>1344354218000</Timestamp><DateTime>Tue, 2012-08-07 11:43:38 EDT</DateTime><ThumbUp>0</ThumbUp><ThumbDown>0</ThumbDown><Sentiment/></Message><Message type="ReplyMessage"><Id>1344354257000-56</Id><Topic><Title>Rosengen pushing for unlimited QE: wow</Title><Username>party_bistro</Username><Timestamp>1344351145000</Timestamp><DateTime>Tue, 2012-08-07 10:52:25 EDT</DateTime></Topic><Msg>Just shows you what a lunatic rosen grins is... See FOSL today. WHAT economy problem?</Msg><Username>robynrokn</Username><Timestamp>1344354257000</Timestamp><DateTime>Tue, 2012-08-07 11:44:17 EDT</DateTime><ThumbUp>0</ThumbUp><ThumbDown>0</ThumbDown><Sentiment/></Message><Message type="TopicMessage"><Id>1344354441000-57</Id><Title>own it until $320 by Dec</Title><Msg>We should go much higher because Funds will make it higher Maybe $330 by year end</Msg><Username>lovingcc</Username><Timestamp>1344354441000</Timestamp><DateTime>Tue, 2012-08-07 11:47:21 EDT</DateTime><ThumbUp>0</ThumbUp><ThumbDown>0</ThumbDown><Sentiment/></Message><Message type="ReplyMessage"><Id>1344354870000-58</Id><Topic><Title>$255 by Friday</Title><Username>cityautomaker</Username><Timestamp>1344344930000</Timestamp><DateTime>Tue, 2012-08-07 09:08:50 EDT</DateTime></Topic><Msg>Do you mean this Friday? How about this Thursday?</Msg><Username>geegenjar</Username><Timestamp>1344354870000</Timestamp><DateTime>Tue, 2012-08-07 11:54:30 EDT</DateTime><ThumbUp>0</ThumbUp><ThumbDown>0</ThumbDown><Sentiment/></Message><Message type="TopicMessage"><Id>1344354910000-59</Id><Title>That was the surge.</Title><Msg>Would Fade it.</Msg><Username>chairman_westgate</Username><Timestamp>1344354910000</Timestamp><DateTime>Tue, 2012-08-07 11:55:10 EDT</DateTime><ThumbUp>0</ThumbUp><ThumbDown>0</ThumbDown><Sentiment/></Message><Message type="TopicMessage"><Id>1344354984000-60</Id><Title>Insane Manipulators</Title><Msg>These fund managers come up with all kinds of excuses to buy into Amazon, and all these other companies with PE ratios in the hundreds. Can't justify these prices. Just trying to get their stock option money filled. Dumping when you aren't looking. This is going to be Year 2000 all over again.</Msg><Username>basicknowledge</Username><Timestamp>1344354984000</Timestamp><DateTime>Tue, 2012-08-07 11:56:24 EDT</DateTime><ThumbUp>0</ThumbUp><ThumbDown>0</ThumbDown><Sentiment/></Message><Message type="TopicMessage"><Id>1344355034000-61</Id><Title>AMZN DIPBUYERS WINNERS AGAIN!</Title><Msg>Think alot got short trapped yesterday by the weakness before amzn lowered the boom on them with the game store announcement!! The possibilities for amzn are endless and investors/traders respond again to that! In other words, amzn rocks again and again!! Yeah baby yeah!</Msg><Username>nasdaq_6000_baby</Username><Timestamp>1344355034000</Timestamp><DateTime>Tue, 2012-08-07 11:57:14 EDT</DateTime><ThumbUp>0</ThumbUp><ThumbDown>0</ThumbDown><Sentiment/></Message><Message type="ReplyMessage"><Id>1344355067000-62</Id><Topic><Title>own it until $320 by Dec</Title><Username>lovingcc</Username><Timestamp>1344354441000</Timestamp><DateTime>Tue, 2012-08-07 11:47:21 EDT</DateTime></Topic><Msg>GS has Target AMZN to $400 by March of 2013</Msg><Username>lovingcc</Username><Timestamp>1344355067000</Timestamp><DateTime>Tue, 2012-08-07 11:57:47 EDT</DateTime><ThumbUp>0</ThumbUp><ThumbDown>0</ThumbDown><Sentiment/></Message><Message type="ReplyMessage"><Id>1344355104000-63</Id><Topic><Title>own it until $320 by Dec</Title><Username>lovingcc</Username><Timestamp>1344354441000</Timestamp><DateTime>Tue, 2012-08-07 11:47:21 EDT</DateTime></Topic><Msg>Market share up 750% from 2008 Now AMZN is control 86% of world So. AMZN will go to $400</Msg><Username>lovingcc</Username><Timestamp>1344355104000</Timestamp><DateTime>Tue, 2012-08-07 11:58:24 EDT</DateTime><ThumbUp>0</ThumbUp><ThumbDown>0</ThumbDown><Sentiment/></Message><Message type="ReplyMessage"><Id>1344355139000-64</Id><Topic><Title>Rosengen pushing for unlimited QE: wow</Title><Username>party_bistro</Username><Timestamp>1344351145000</Timestamp><DateTime>Tue, 2012-08-07 10:52:25 EDT</DateTime></Topic><Msg>Rosengren's words are glorious for stocks like amzn! He want so create real wealth and good by goosing asset prices higher!! Cheers to rosengren!! Yeah baby yeah!</Msg><Username>nasdaq_6000_baby</Username><Timestamp>1344355139000</Timestamp><DateTime>Tue, 2012-08-07 11:58:59 EDT</DateTime><ThumbUp>0</ThumbUp><ThumbDown>0</ThumbDown><Sentiment/></Message><Message type="ReplyMessage"><Id>1344355271000-65</Id><Topic><Title>own it until $320 by Dec</Title><Username>lovingcc</Username><Timestamp>1344354441000</Timestamp><DateTime>Tue, 2012-08-07 11:47:21 EDT</DateTime></Topic><Msg>EPS $14 X 20PE = $280 AMZN 2014 EST.</Msg><Username>lovingcc</Username><Timestamp>1344355271000</Timestamp><DateTime>Tue, 2012-08-07 12:01:11 EDT</DateTime><ThumbUp>0</ThumbUp><ThumbDown>0</ThumbDown><Sentiment/></Message><Message type="ReplyMessage"><Id>1344355311000-66</Id><Topic><Title>own it until $320 by Dec</Title><Username>lovingcc</Username><Timestamp>1344354441000</Timestamp><DateTime>Tue, 2012-08-07 11:47:21 EDT</DateTime></Topic><Msg>$14 EPS x 30PE 2014 = $420 Today $239 is too cheap</Msg><Username>lovingcc</Username><Timestamp>1344355311000</Timestamp><DateTime>Tue, 2012-08-07 12:01:51 EDT</DateTime><ThumbUp>0</ThumbUp><ThumbDown>0</ThumbDown><Sentiment/></Message><Message type="ReplyMessage"><Id>1344355370000-67</Id><Topic><Title>own it until $320 by Dec</Title><Username>lovingcc</Username><Timestamp>1344354441000</Timestamp><DateTime>Tue, 2012-08-07 11:47:21 EDT</DateTime></Topic><Msg>Be smart and you should own it before they Report $13 EPS for 2014</Msg><Username>lovingcc</Username><Timestamp>1344355370000</Timestamp><DateTime>Tue, 2012-08-07 12:02:50 EDT</DateTime><ThumbUp>0</ThumbUp><ThumbDown>0</ThumbDown><Sentiment/></Message><Message type="TopicMessage"><Id>1344355397000-68</Id><Title>Hey Boss, Let's Buy stock PE 300</Title><Msg>Yeah, love to see that conversation. Boss, we can manipulate Amazon to a higher level. Don't worry about that PE 300 ratio. Doesn't matter. We just want our options filled. Such crap. Amazon can't keep doing this. Taxes, and all those storage facilities are eating all of their profits. Going down for sure. When will you jump?</Msg><Username>basicknowledge</Username><Timestamp>1344355397000</Timestamp><DateTime>Tue, 2012-08-07 12:03:17 EDT</DateTime><ThumbUp>1</ThumbUp><ThumbDown>0</ThumbDown><Sentiment/></Message><Message type="ReplyMessage"><Id>1344355445000-69</Id><Topic><Title>$255 by Friday</Title><Username>cityautomaker</Username><Timestamp>1344344930000</Timestamp><DateTime>Tue, 2012-08-07 09:08:50 EDT</DateTime></Topic><Msg>Well. We now $240 $15 away 3 days. I believe on it, just 6.75% rally</Msg><Username>lovingcc</Username><Timestamp>1344355445000</Timestamp><DateTime>Tue, 2012-08-07 12:04:05 EDT</DateTime><ThumbUp>0</ThumbUp><ThumbDown>0</ThumbDown><Sentiment/></Message><Message type="ReplyMessage"><Id>1344355453000-70</Id><Topic><Title>AMZN Stocks are tumbling to turn. What is trusting you from picking for?</Title><Username>marry.cunningham</Username><Timestamp>1344353854000</Timestamp><DateTime>Tue, 2012-08-07 11:37:34 EDT</DateTime></Topic><Msg>It's great to have this information available.</Msg><Username>maxwellpope271</Username><Timestamp>1344355453000</Timestamp><DateTime>Tue, 2012-08-07 12:04:13 EDT</DateTime><ThumbUp>0</ThumbUp><ThumbDown>1</ThumbDown><Sentiment/></Message><Message type="ReplyMessage"><Id>1344355505000-71</Id><Topic><Title>own it until $320 by Dec</Title><Username>lovingcc</Username><Timestamp>1344354441000</Timestamp><DateTime>Tue, 2012-08-07 11:47:21 EDT</DateTime></Topic><Msg>real EPS for 2013 which is $7.50 X 40PE =$300</Msg><Username>lovingcc</Username><Timestamp>1344355505000</Timestamp><DateTime>Tue, 2012-08-07 12:05:05 EDT</DateTime><ThumbUp>0</ThumbUp><ThumbDown>0</ThumbDown><Sentiment/></Message><Message type="TopicMessage"><Id>1344355940000-72</Id><Title>SOUNDS LIKE JACKSON HOLE WE MAY GET THE QE GO AHEAD LIKE 2010! GLORIOUS!</Title><Msg>Rosengren was out right in saying qe helps raise stock prices and real welath that would improve the economy!! He certainly helping bezos and longs weatlh today!! Yeah baby yeah!</Msg><Username>nasdaq_6000_baby</Username><Timestamp>1344355940000</Timestamp><DateTime>Tue, 2012-08-07 12:12:20 EDT</DateTime><ThumbUp>0</ThumbUp><ThumbDown>1</ThumbDown><Sentiment/></Message><Message type="TopicMessage"><Id>1344355990000-73</Id><Title>QE IS REAL WEALTH CREATION IS YOU OWN STOCKS</Title><Msg>Have to be in the right assets: won't help some but help others in stocks like amzn!</Msg><Username>nasdaq_6000_baby</Username><Timestamp>1344355990000</Timestamp><DateTime>Tue, 2012-08-07 12:13:10 EDT</DateTime><ThumbUp>1</ThumbUp><ThumbDown>1</ThumbDown><Sentiment/></Message><Message type="TopicMessage"><Id>1344356551000-74</Id><Title>Categorically Insane Buyers</Title><Msg>Going to manipulate this market for all it's worth. They all know this is a fake rally. Nothing good behind it, yet they buy. Profits are lacking all over the place, hence why businesses don't expand, or invest into anything. Market is so rigged. Just waiting for flash crash. Computers are so good at that.</Msg><Username>basicknowledge</Username><Timestamp>1344356551000</Timestamp><DateTime>Tue, 2012-08-07 12:22:31 EDT</DateTime><ThumbUp>1</ThumbUp><ThumbDown>0</ThumbDown><Sentiment/></Message><Message type="TopicMessage"><Id>1344356585000-75</Id><Title>$.01 last qtr, $-(.08) loss next qtr, The stock is</Title><Msg>not helped by entering new money losing markets.</Msg><Username>chairman_westgate</Username><Timestamp>1344356585000</Timestamp><DateTime>Tue, 2012-08-07 12:23:05 EDT</DateTime><ThumbUp>1</ThumbUp><ThumbDown>0</ThumbDown><Sentiment/></Message><Message type="ReplyMessage"><Id>1344356810000-76</Id><Topic><Title>Categorically Insane Buyers</Title><Username>basicknowledge</Username><Timestamp>1344356551000</Timestamp><DateTime>Tue, 2012-08-07 12:22:31 EDT</DateTime></Topic><Msg>Fear, greed and computers only things moving the market. No such thing as fundamentals, nobody cares. Buy the dips sell the rips over and over. Welcome to investing 2012.</Msg><Username>bucky205</Username><Timestamp>1344356810000</Timestamp><DateTime>Tue, 2012-08-07 12:26:50 EDT</DateTime><ThumbUp>0</ThumbUp><ThumbDown>0</ThumbDown><Sentiment/></Message><Message type="ReplyMessage"><Id>1344357385000-77</Id><Topic><Title>Categorically Insane Buyers</Title><Username>basicknowledge</Username><Timestamp>1344356551000</Timestamp><DateTime>Tue, 2012-08-07 12:22:31 EDT</DateTime></Topic><Msg>what's so insane about it? Europe, the Fed are all talking about printing more paper money to goose asset prices. The players are front running that action as has been the case since 2008.</Msg><Username>nasdaq_6000_baby</Username><Timestamp>1344357385000</Timestamp><DateTime>Tue, 2012-08-07 12:36:25 EDT</DateTime><ThumbUp>0</ThumbUp><ThumbDown>0</ThumbDown><Sentiment/></Message><Message type="TopicMessage"><Id>1344357597000-78</Id><Title>A classic Amazon doubletop</Title><Msg>these end badly but it may be in a couple of months.</Msg><Username>imshortemc</Username><Timestamp>1344357597000</Timestamp><DateTime>Tue, 2012-08-07 12:39:57 EDT</DateTime><ThumbUp>0</ThumbUp><ThumbDown>0</ThumbDown><Sentiment/></Message><Message type="ReplyMessage"><Id>1344357873000-79</Id><Topic><Title>Bought some calls.</Title><Username>geegenjar</Username><Timestamp>1344270908000</Timestamp><DateTime>Mon, 2012-08-06 12:35:08 EDT</DateTime></Topic><Msg>Sold all calls! With this morning's addition, great profits. Thank you!</Msg><Username>geegenjar</Username><Timestamp>1344357873000</Timestamp><DateTime>Tue, 2012-08-07 12:44:33 EDT</DateTime><ThumbUp>0</ThumbUp><ThumbDown>0</ThumbDown><Sentiment/></Message><Message type="ReplyMessage"><Id>1344357878000-80</Id><Topic><Title>Some Resistance?</Title><Username>thedasfs906</Username><Timestamp>1344348500000</Timestamp><DateTime>Tue, 2012-08-07 10:08:20 EDT</DateTime></Topic><Msg>brilliant analysis</Msg><Username>clemenstkq567</Username><Timestamp>1344357878000</Timestamp><DateTime>Tue, 2012-08-07 12:44:38 EDT</DateTime><ThumbUp>0</ThumbUp><ThumbDown>0</ThumbDown><Sentiment/></Message><Message type="ReplyMessage"><Id>1344358566000-81</Id><Topic><Title>Chalk? you disappear again like last Friday?</Title><Username>nasdaq_6000_baby</Username><Timestamp>1344007116000</Timestamp><DateTime>Fri, 2012-08-03 11:18:36 EDT</DateTime></Topic><Msg>"WHERE YOU GO NAZZZZZZZZZZZZZZZ????????????????????" Boy, wern't we excited as you got short trapped again. lol!I may be gone for a day but have been here for years. Yes, years! I've seen cocky blowhards like you come and go. You won't be "special" there. How AMZN today? almost back to 238 and counting. you know they say: AMZN ROCKS AGAIN AND AGAIN!</Msg><Username>nasdaq_6000_baby</Username><Timestamp>1344358566000</Timestamp><DateTime>Tue, 2012-08-07 12:56:06 EDT</DateTime><ThumbUp>0</ThumbUp><ThumbDown>0</ThumbDown><Sentiment/></Message><Message type="ReplyMessage"><Id>1344358783000-82</Id><Topic><Title>Bought some calls.</Title><Username>geegenjar</Username><Timestamp>1344270908000</Timestamp><DateTime>Mon, 2012-08-06 12:35:08 EDT</DateTime></Topic><Msg>Good job man - I hope this thing comes back to reality now =) My puts are down 40%</Msg><Username>bg_rox2001</Username><Timestamp>1344358783000</Timestamp><DateTime>Tue, 2012-08-07 12:59:43 EDT</DateTime><ThumbUp>0</ThumbUp><ThumbDown>0</ThumbDown><Sentiment/></Message><Message type="ReplyMessage"><Id>1344359529000-83</Id><Topic><Title>Sales Tax, Sales Tax, Sales Tax!</Title><Username>xcoyle</Username><Timestamp>1344350109000</Timestamp><DateTime>Tue, 2012-08-07 10:35:09 EDT</DateTime></Topic><Msg>So wrong, it's funny!</Msg><Username>xcoyle</Username><Timestamp>1344359529000</Timestamp><DateTime>Tue, 2012-08-07 13:12:09 EDT</DateTime><ThumbUp>0</ThumbUp><ThumbDown>0</ThumbDown><Sentiment/></Message><Message type="ReplyMessage"><Id>1344361285000-84</Id><Topic><Title>SSH 236.18</Title><Username>nje457</Username><Timestamp>1344348868000</Timestamp><DateTime>Tue, 2012-08-07 10:14:28 EDT</DateTime></Topic><Msg>Out @ 236.37. Bagged $420.</Msg><Username>nje457</Username><Timestamp>1344361285000</Timestamp><DateTime>Tue, 2012-08-07 13:41:25 EDT</DateTime><ThumbUp>0</ThumbUp><ThumbDown>0</ThumbDown><Sentiment/></Message><Message type="TopicMessage"><Id>1344361597000-85</Id><Title>233 later today . . .</Title><Msg>Possible. That's all I can say. I'd buy puts now if I'd like to be on the short side. Of course, I don't buy puts because I don't want to join losers (shorts here).</Msg><Username>geegenjar</Username><Timestamp>1344361597000</Timestamp><DateTime>Tue, 2012-08-07 13:46:37 EDT</DateTime><ThumbUp>0</ThumbUp><ThumbDown>0</ThumbDown><Sentiment/></Message><Message type="TopicMessage"><Id>1344362004000-86</Id><Title>This Man wants To Destroy Amazon!</Title><Msg>http://tech.fortune.cnn.com/2012/08/02/destroy-amazon/?iid=obinsite</Msg><Username>bttm_scrwd</Username><Timestamp>1344362004000</Timestamp><DateTime>Tue, 2012-08-07 13:53:24 EDT</DateTime><ThumbUp>0</ThumbUp><ThumbDown>0</ThumbDown><Sentiment/></Message><Message type="ReplyMessage"><Id>1344362376000-87</Id><Topic><Title>This Man wants To Destroy Amazon!</Title><Username>bttm_scrwd</Username><Timestamp>1344362004000</Timestamp><DateTime>Tue, 2012-08-07 13:53:24 EDT</DateTime></Topic><Msg>With a Amazon PE of 300, and no profits this next quarter either. This is a no brainer for competitors. Amazon costs have skyrocketed, and I highly doubt these guys will stay with this stock. Kind of like Netflix. As soon as they find out costs are out of line, the price will drop. Just a matter of time.</Msg><Username>basicknowledge</Username><Timestamp>1344362376000</Timestamp><DateTime>Tue, 2012-08-07 13:59:36 EDT</DateTime><ThumbUp>0</ThumbUp><ThumbDown>0</ThumbDown><Sentiment/></Message><Message type="ReplyMessage"><Id>1344362461000-88</Id><Topic><Title>Hey Boss, Let's Buy stock PE 300</Title><Username>basicknowledge</Username><Timestamp>1344355397000</Timestamp><DateTime>Tue, 2012-08-07 12:03:17 EDT</DateTime></Topic><Msg>Precisely!! 288 PE for a razon thin margin retailer and crap forward guidance is beyond irrational. The 1990s are long over!</Msg><Username>champton90</Username><Timestamp>1344362461000</Timestamp><DateTime>Tue, 2012-08-07 14:01:01 EDT</DateTime><ThumbUp>0</ThumbUp><ThumbDown>0</ThumbDown><Sentiment/></Message><Message type="TopicMessage"><Id>1344362849000-89</Id><Title>ALGOS will be the death of stocks</Title><Msg>These computer algorithms everyone is using to get the upper hand in a micro-second will be the death of the market. Everyone using the same schemes, just means a quicker jerk to the bottom. As soon as they are out of cash, and needing more, the entire system collapses. Just a matter of time.</Msg><Username>basicknowledge</Username><Timestamp>1344362849000</Timestamp><DateTime>Tue, 2012-08-07 14:07:29 EDT</DateTime><ThumbUp>1</ThumbUp><ThumbDown>0</ThumbDown><Sentiment/></Message><Message type="TopicMessage"><Id>1344363101000-90</Id><Title>lnkd getting hammered down 3.70,</Title><Msg>and they make $.</Msg><Username>chairman_westgate</Username><Timestamp>1344363101000</Timestamp><DateTime>Tue, 2012-08-07 14:11:41 EDT</DateTime><ThumbUp>0</ThumbUp><ThumbDown>0</ThumbDown><Sentiment/></Message><Message type="ReplyMessage"><Id>1344363357000-91</Id><Topic><Title>Chalk? you disappear again like last Friday?</Title><Username>nasdaq_6000_baby</Username><Timestamp>1344007116000</Timestamp><DateTime>Fri, 2012-08-03 11:18:36 EDT</DateTime></Topic><Msg>Typical response from a blowhard Face it - you ran and hid yesterdaynlikema little girl Lol</Msg><Username>chalkdusttourture</Username><Timestamp>1344363357000</Timestamp><DateTime>Tue, 2012-08-07 14:15:57 EDT</DateTime><ThumbUp>0</ThumbUp><ThumbDown>0</ThumbDown><Sentiment/></Message><Message type="TopicMessage"><Id>1344363532000-92</Id><Title>EOD should be quite ugly</Title><Msg>Unless you are short Today's new buy was SOXS Weeeeeeeeeeeeeeeeeeeeeeeeee Still long and strong AAPL and short AMZN and will be for the foreseeable future!</Msg><Username>chalkdusttourture</Username><Timestamp>1344363532000</Timestamp><DateTime>Tue, 2012-08-07 14:18:52 EDT</DateTime><ThumbUp>0</ThumbUp><ThumbDown>0</ThumbDown><Sentiment/></Message><Message type="ReplyMessage"><Id>1344363564000-93</Id><Topic><Title>lnkd getting hammered down 3.70,</Title><Username>chairman_westgate</Username><Timestamp>1344363101000</Timestamp><DateTime>Tue, 2012-08-07 14:11:41 EDT</DateTime></Topic><Msg>Yeah, I'm short on them also. Ridiculous run upwards. Everyone knows it. Like Facebook, but just different.</Msg><Username>basicknowledge</Username><Timestamp>1344363564000</Timestamp><DateTime>Tue, 2012-08-07 14:19:24 EDT</DateTime><ThumbUp>0</ThumbUp><ThumbDown>0</ThumbDown><Sentiment/></Message><Message type="ReplyMessage"><Id>1344364090000-94</Id><Topic><Title>ALGOS will be the death of stocks</Title><Username>basicknowledge</Username><Timestamp>1344362849000</Timestamp><DateTime>Tue, 2012-08-07 14:07:29 EDT</DateTime></Topic><Msg>They have already destroyed the market along with the fed</Msg><Username>pjw1857</Username><Timestamp>1344364090000</Timestamp><DateTime>Tue, 2012-08-07 14:28:10 EDT</DateTime><ThumbUp>1</ThumbUp><ThumbDown>0</ThumbDown><Sentiment/></Message><Message type="TopicMessage"><Id>1344364818000-95</Id><Title>Manipulators are Buried Deep</Title><Msg>These manipulators are buried so deep into this POS Amazon stock, they'll just keep buying it. Couldn't justify the price last earnings, and still can't justify future earnings on it. So much manipulation here. They know they are buried in it's stock so deep, they are praying for anything to help them out. Of course, they just keep buying, because that's what you do to help themselves out. Anyone want to point to Facebook, as to what happens there?</Msg><Username>basicknowledge</Username><Timestamp>1344364818000</Timestamp><DateTime>Tue, 2012-08-07 14:40:18 EDT</DateTime><ThumbUp>0</ThumbUp><ThumbDown>0</ThumbDown><Sentiment/></Message><Message type="TopicMessage"><Id>1344364851000-96</Id><Title>DING DING</Title><Msg>Can't wait for this thing to shave off 10% in a day. Glad they are modeling ZNGA, whose IPO makes FB look like a winner</Msg><Username>inursha</Username><Timestamp>1344364851000</Timestamp><DateTime>Tue, 2012-08-07 14:40:51 EDT</DateTime><ThumbUp>0</ThumbUp><ThumbDown>0</ThumbDown><Sentiment/></Message><Message type="TopicMessage"><Id>1344364999000-97</Id><Title>AMZN is awesome</Title><Msg>Clearly, by valuation it is THE stock to own. yet they don't make any money. HMMM</Msg><Username>inursha</Username><Timestamp>1344364999000</Timestamp><DateTime>Tue, 2012-08-07 14:43:19 EDT</DateTime><ThumbUp>0</ThumbUp><ThumbDown>0</ThumbDown><Sentiment/></Message><Message type="ReplyMessage"><Id>1344365384000-98</Id><Topic><Title>EOD should be quite ugly</Title><Username>chalkdusttourture</Username><Timestamp>1344363532000</Timestamp><DateTime>Tue, 2012-08-07 14:18:52 EDT</DateTime></Topic><Msg>Aapl is the only red on my screen. Obviously junk is selling today. I'm ready for some ugly for longs.</Msg><Username>werollalong</Username><Timestamp>1344365384000</Timestamp><DateTime>Tue, 2012-08-07 14:49:44 EDT</DateTime><ThumbUp>0</ThumbUp><ThumbDown>0</ThumbDown><Sentiment/></Message><Message type="ReplyMessage"><Id>1344365475000-99</Id><Topic><Title>ALGOS will be the death of stocks</Title><Username>basicknowledge</Username><Timestamp>1344362849000</Timestamp><DateTime>Tue, 2012-08-07 14:07:29 EDT</DateTime></Topic><Msg>they may be the death of me!</Msg><Username>werollalong</Username><Timestamp>1344365475000</Timestamp><DateTime>Tue, 2012-08-07 14:51:15 EDT</DateTime><ThumbUp>1</ThumbUp><ThumbDown>0</ThumbDown><Sentiment/></Message><Message type="ReplyMessage"><Id>1344366903000-100</Id><Topic><Title>Chalk? you disappear again like last Friday?</Title><Username>nasdaq_6000_baby</Username><Timestamp>1344007116000</Timestamp><DateTime>Fri, 2012-08-03 11:18:36 EDT</DateTime></Topic><Msg>yeah, yeah I'm so worried when it goes down a point, and then up 3 , past your shorts, which you never posted on shorting in the first place, you probably short must lower you little weasal! what a whiny wuss you are!! lol!</Msg><Username>nasdaq_6000_baby</Username><Timestamp>1344366903000</Timestamp><DateTime>Tue, 2012-08-07 15:15:03 EDT</DateTime><ThumbUp>0</ThumbUp><ThumbDown>0</ThumbDown><Sentiment/></Message><Message type="ReplyMessage"><Id>1344367151000-101</Id><Topic><Title>EOD should be quite ugly</Title><Username>chalkdusttourture</Username><Timestamp>1344363532000</Timestamp><DateTime>Tue, 2012-08-07 14:18:52 EDT</DateTime></Topic><Msg>yeah, you've been waiting for awhile with your short 'bro Chalk!lol! what's ugly eod? back to 234? when it was under 230 the other day? under 215 couple weeks ago, under 210 about month agao, 200 a couple months ago? 100 a couple years ago... yeah, any minute now...it's gonna get ugly!! keep up the useless, chicken little, yapping shorts. Maybe you'll even get close to 10 points from you pre earnings shorts that we all know you stuck in. bwahahahahahaha!!!!</Msg><Username>nasdaq_6000_baby</Username><Timestamp>1344367151000</Timestamp><DateTime>Tue, 2012-08-07 15:19:11 EDT</DateTime><ThumbUp>0</ThumbUp><ThumbDown>0</ThumbDown><Sentiment/></Message><Message type="ReplyMessage"><Id>1344367491000-102</Id><Topic><Title>EOD should be quite ugly</Title><Username>chalkdusttourture</Username><Timestamp>1344363532000</Timestamp><DateTime>Tue, 2012-08-07 14:18:52 EDT</DateTime></Topic><Msg>oh, no!! another warning from the "useless prophet" of doom!! the sky is falling the sky is falling!! just like it was supposed to after earnings and AMZN under 200. Except it didn't, hasn't, and ran this "prophet" over, like all before this clown. Yeah, the end of day is quite ugly: about a buck off the days highs of 238 and more than $8 bucks above when you made the $226 call and almost $37 above your sub $200 call. brilliant! we need to keep you around. lol! remember: AMZN ROCKS AGAIN AND AGAIN!</Msg><Username>nasdaq_6000_baby</Username><Timestamp>1344367491000</Timestamp><DateTime>Tue, 2012-08-07 15:24:51 EDT</DateTime><ThumbUp>0</ThumbUp><ThumbDown>0</ThumbDown><Sentiment/></Message><Message type="ReplyMessage"><Id>1344367622000-103</Id><Topic><Title>EOD should be quite ugly</Title><Username>chalkdusttourture</Username><Timestamp>1344363532000</Timestamp><DateTime>Tue, 2012-08-07 14:18:52 EDT</DateTime></Topic><Msg>Im long AAPL, how can I be a prophet of doom? Maybe you just blinded by ignorance? Or greed? Either way, you are a fool to hold AMZN</Msg><Username>chalkdusttourture</Username><Timestamp>1344367622000</Timestamp><DateTime>Tue, 2012-08-07 15:27:02 EDT</DateTime><ThumbUp>0</ThumbUp><ThumbDown>0</ThumbDown><Sentiment/></Message><Message type="ReplyMessage"><Id>1344367823000-104</Id><Topic><Title>EOD should be quite ugly</Title><Username>chalkdusttourture</Username><Timestamp>1344363532000</Timestamp><DateTime>Tue, 2012-08-07 14:18:52 EDT</DateTime></Topic><Msg>as opposed to get run over and being short? yeah, brilliant you clown! is the sky falling yet? when's 226 coming? we won't even talk about 200 call. lol! you should have stuck to AAPL, and not what you are clueless about.</Msg><Username>nasdaq_6000_baby</Username><Timestamp>1344367823000</Timestamp><DateTime>Tue, 2012-08-07 15:30:23 EDT</DateTime><ThumbUp>0</ThumbUp><ThumbDown>0</ThumbDown><Sentiment/></Message><Message type="ReplyMessage"><Id>1344367864000-105</Id><Topic><Title>Manipulators are Buried Deep</Title><Username>basicknowledge</Username><Timestamp>1344364818000</Timestamp><DateTime>Tue, 2012-08-07 14:40:18 EDT</DateTime></Topic><Msg>The market is so full of manipulation now. The "proprietary" trading, HFT and weekly options related BS rules and will continue to rule until the SEC figures out how to stop it....Which probably won't happen anytime in the near future. The incident with Knight Capital should shed some light on all this manipulative computer trading. With FB... everyone is so negative on FB, that means its time to start nibbling and buying for the long term. FB is so tied up in the culture now, I don't think its going anywhere anytime soon. When they figure out mobile advertising and announce it...I think FB will be off to the races.</Msg><Username>wuwuwu3</Username><Timestamp>1344367864000</Timestamp><DateTime>Tue, 2012-08-07 15:31:04 EDT</DateTime><ThumbUp>0</ThumbUp><ThumbDown>0</ThumbDown><Sentiment/></Message><Message type="ReplyMessage"><Id>1344367886000-106</Id><Topic><Title>EOD should be quite ugly</Title><Username>chalkdusttourture</Username><Timestamp>1344363532000</Timestamp><DateTime>Tue, 2012-08-07 14:18:52 EDT</DateTime></Topic><Msg>I dodnt make any calls nimwad. I just said AMZN 'could drop to 200 (it did) and it COULD go to 226 IF THE FED DIDNT GET INVOLVED AGAIN whatcha know, the Fed got involved again! weeeeeeeeee AMZN and its long shareholders are worse than drug addicts. Just a misable bunch of fools</Msg><Username>chalkdusttourture</Username><Timestamp>1344367886000</Timestamp><DateTime>Tue, 2012-08-07 15:31:26 EDT</DateTime><ThumbUp>0</ThumbUp><ThumbDown>0</ThumbDown><Sentiment/></Message><Message type="ReplyMessage"><Id>1344368045000-107</Id><Topic><Title>EOD should be quite ugly</Title><Username>chalkdusttourture</Username><Timestamp>1344363532000</Timestamp><DateTime>Tue, 2012-08-07 14:18:52 EDT</DateTime></Topic><Msg>I cant take anything you say seriously. First of all your ID is "Nasdaq 6000" (you must have been buying March 2000 just like you are now) and you are long AMZN Those to ruin any common sense or comprehension of reality Im not trading AMZN, I dont make calls on it. I am long term SHORT. I could care less that it didnt hit 226 last week. I DO know that I will make quite a bundle when the time comes! There is no use in arguing with me. Im not trading AMZN, your daily little rants ONLY ON UP DAYS just humor me</Msg><Username>chalkdusttourture</Username><Timestamp>1344368045000</Timestamp><DateTime>Tue, 2012-08-07 15:34:05 EDT</DateTime><ThumbUp>0</ThumbUp><ThumbDown>0</ThumbDown><Sentiment/></Message><Message type="ReplyMessage"><Id>1344368108000-108</Id><Topic><Title>EOD should be quite ugly</Title><Username>chalkdusttourture</Username><Timestamp>1344363532000</Timestamp><DateTime>Tue, 2012-08-07 14:18:52 EDT</DateTime></Topic><Msg>you sound very jealous and one deep in the red on AMZN shorts. rationalize you losses? oh my! you can tell me the sky is falling when AMZN doesn't go up 35 points against you and your calls! Because you've got data behind your stupidity! lol!</Msg><Username>nasdaq_6000_baby</Username><Timestamp>1344368108000</Timestamp><DateTime>Tue, 2012-08-07 15:35:08 EDT</DateTime><ThumbUp>0</ThumbUp><ThumbDown>0</ThumbDown><Sentiment/></Message><Message type="ReplyMessage"><Id>1344368153000-109</Id><Topic><Title>Chalk? you disappear again like last Friday?</Title><Username>nasdaq_6000_baby</Username><Timestamp>1344007116000</Timestamp><DateTime>Fri, 2012-08-03 11:18:36 EDT</DateTime></Topic><Msg>So now you resort to this LOL so sad little man</Msg><Username>chalkdusttourture</Username><Timestamp>1344368153000</Timestamp><DateTime>Tue, 2012-08-07 15:35:53 EDT</DateTime><ThumbUp>0</ThumbUp><ThumbDown>0</ThumbDown><Sentiment/></Message><Message type="ReplyMessage"><Id>1344368157000-110</Id><Topic><Title>EOD should be quite ugly</Title><Username>chalkdusttourture</Username><Timestamp>1344363532000</Timestamp><DateTime>Tue, 2012-08-07 14:18:52 EDT</DateTime></Topic><Msg>yeah, if the Fed didn't exist, AMZN would be 0 right? but they do and are involved always which makes you clueless! lol!</Msg><Username>nasdaq_6000_baby</Username><Timestamp>1344368157000</Timestamp><DateTime>Tue, 2012-08-07 15:35:57 EDT</DateTime><ThumbUp>0</ThumbUp><ThumbDown>0</ThumbDown><Sentiment/></Message><Message type="ReplyMessage"><Id>1344368241000-111</Id><Topic><Title>EOD should be quite ugly</Title><Username>chalkdusttourture</Username><Timestamp>1344363532000</Timestamp><DateTime>Tue, 2012-08-07 14:18:52 EDT</DateTime></Topic><Msg>You must be a teenager. Thats the only explanation</Msg><Username>chalkdusttourture</Username><Timestamp>1344368241000</Timestamp><DateTime>Tue, 2012-08-07 15:37:21 EDT</DateTime><ThumbUp>0</ThumbUp><ThumbDown>0</ThumbDown><Sentiment/></Message><Message type="ReplyMessage"><Id>1344368306000-112</Id><Topic><Title>Chalk? you disappear again like last Friday?</Title><Username>nasdaq_6000_baby</Username><Timestamp>1344007116000</Timestamp><DateTime>Fri, 2012-08-03 11:18:36 EDT</DateTime></Topic><Msg>yes, I resort to telling the world of you BAD CALLS!! seems the right thing to do wouldn't you say? I don't tell anyone to do anything but who's the one who though shorts would get run over after earnings? let me clue you in: in wasn't you and your sub-200 call! lmfao!! clueless!</Msg><Username>nasdaq_6000_baby</Username><Timestamp>1344368306000</Timestamp><DateTime>Tue, 2012-08-07 15:38:26 EDT</DateTime><ThumbUp>0</ThumbUp><ThumbDown>0</ThumbDown><Sentiment/></Message><Message type="ReplyMessage"><Id>1344368412000-113</Id><Topic><Title>EOD should be quite ugly</Title><Username>chalkdusttourture</Username><Timestamp>1344363532000</Timestamp><DateTime>Tue, 2012-08-07 14:18:52 EDT</DateTime></Topic><Msg>you must be a dumb cluess neophyte AMZN short? am I right? because I've been on the board for years watching your ilk. I can pick them off everytime.</Msg><Username>nasdaq_6000_baby</Username><Timestamp>1344368412000</Timestamp><DateTime>Tue, 2012-08-07 15:40:12 EDT</DateTime><ThumbUp>0</ThumbUp><ThumbDown>0</ThumbDown><Sentiment/></Message><Message type="ReplyMessage"><Id>1344368464000-114</Id><Topic><Title>Chalk? you disappear again like last Friday?</Title><Username>nasdaq_6000_baby</Username><Timestamp>1344007116000</Timestamp><DateTime>Fri, 2012-08-03 11:18:36 EDT</DateTime></Topic><Msg>bad calls? What calls have I made and please repost them I just like laughing at AMZN longs who think they are outsmarting others. Kool-aide drinkers are so fun to toy with</Msg><Username>chalkdusttourture</Username><Timestamp>1344368464000</Timestamp><DateTime>Tue, 2012-08-07 15:41:04 EDT</DateTime><ThumbUp>0</ThumbUp><ThumbDown>0</ThumbDown><Sentiment/></Message><Message type="ReplyMessage"><Id>1344368632000-115</Id><Topic><Title>EOD should be quite ugly</Title><Username>chalkdusttourture</Username><Timestamp>1344363532000</Timestamp><DateTime>Tue, 2012-08-07 14:18:52 EDT</DateTime></Topic><Msg>ooohhhh you got me there GOOD ONE!! Let me guess, bnext you will talk about my Mama lol Im done this is boring</Msg><Username>chalkdusttourture</Username><Timestamp>1344368632000</Timestamp><DateTime>Tue, 2012-08-07 15:43:52 EDT</DateTime><ThumbUp>0</ThumbUp><ThumbDown>0</ThumbDown><Sentiment/></Message><Message type="ReplyMessage"><Id>1344368818000-116</Id><Topic><Title>Chalk? you disappear again like last Friday?</Title><Username>nasdaq_6000_baby</Username><Timestamp>1344007116000</Timestamp><DateTime>Fri, 2012-08-03 11:18:36 EDT</DateTime></Topic><Msg>report them? why waste my time. you called for sub 200 AMZN after earnings and 226 the other day: you're batting 0 for 2. that's ZERO FOR TWO! .000 lol! you're comments versus mine around earnings are enough to show who the king is : you should be kneeling in front of ZOD! and asking for forgiveness for your stupidity! lol!</Msg><Username>nasdaq_6000_baby</Username><Timestamp>1344368818000</Timestamp><DateTime>Tue, 2012-08-07 15:46:58 EDT</DateTime><ThumbUp>0</ThumbUp><ThumbDown>0</ThumbDown><Sentiment/></Message><Message type="ReplyMessage"><Id>1344368990000-117</Id><Topic><Title>EOD should be quite ugly</Title><Username>chalkdusttourture</Username><Timestamp>1344363532000</Timestamp><DateTime>Tue, 2012-08-07 14:18:52 EDT</DateTime></Topic><Msg>of course, you're done! you've been 100 % wrong and you know it! lol!</Msg><Username>nasdaq_6000_baby</Username><Timestamp>1344368990000</Timestamp><DateTime>Tue, 2012-08-07 15:49:50 EDT</DateTime><ThumbUp>0</ThumbUp><ThumbDown>0</ThumbDown><Sentiment/></Message><Message type="ReplyMessage"><Id>1344369130000-118</Id><Topic><Title>Hey Boss, Let's Buy stock PE 300</Title><Username>basicknowledge</Username><Timestamp>1344355397000</Timestamp><DateTime>Tue, 2012-08-07 12:03:17 EDT</DateTime></Topic><Msg>I bought a Linksys router from Amazon 10 years ago. Haven't been there since. I guess everyone buys from there except me ~ LOL</Msg><Username>johns_joint</Username><Timestamp>1344369130000</Timestamp><DateTime>Tue, 2012-08-07 15:52:10 EDT</DateTime><ThumbUp>0</ThumbUp><ThumbDown>0</ThumbDown><Sentiment/></Message><Message type="ReplyMessage"><Id>1344369300000-119</Id><Topic><Title>the perfect portfolio:</Title><Username>chalkdusttourture</Username><Timestamp>1343134000000</Timestamp><DateTime>Tue, 2012-07-24 08:46:40 EDT</DateTime></Topic><Msg>do the math since post and see who's wrong Nazzsilly6k I own you</Msg><Username>chalkdusttourture</Username><Timestamp>1344369300000</Timestamp><DateTime>Tue, 2012-08-07 15:55:00 EDT</DateTime><ThumbUp>0</ThumbUp><ThumbDown>0</ThumbDown><Sentiment/></Message><Message type="ReplyMessage"><Id>1344369341000-120</Id><Topic><Title>EOD should be quite ugly</Title><Username>chalkdusttourture</Username><Timestamp>1344363532000</Timestamp><DateTime>Tue, 2012-08-07 14:18:52 EDT</DateTime></Topic><Msg>who's wrong??? LOL the perfect portfolio: 24-Jul-12 08:46 am long AAPL short AMZN short VXX what else you need? Rating : (No ratings) chalkdustto... 39/Male Atlanta, GA -------------------------------------------------------------------------------- View Messages Report Abuse</Msg><Username>chalkdusttourture</Username><Timestamp>1344369341000</Timestamp><DateTime>Tue, 2012-08-07 15:55:41 EDT</DateTime><ThumbUp>0</ThumbUp><ThumbDown>0</ThumbDown><Sentiment/></Message><Message type="ReplyMessage"><Id>1344370438000-121</Id><Topic><Title>Hey Boss, Let's Buy stock PE 300</Title><Username>basicknowledge</Username><Timestamp>1344355397000</Timestamp><DateTime>Tue, 2012-08-07 12:03:17 EDT</DateTime></Topic><Msg>they will give you a big PEEEE if you buy this stock.. amazon's color is yellow for a reason</Msg><Username>carbomba</Username><Timestamp>1344370438000</Timestamp><DateTime>Tue, 2012-08-07 16:13:58 EDT</DateTime><ThumbUp>0</ThumbUp><ThumbDown>0</ThumbDown><Sentiment/></Message><Message type="ReplyMessage"><Id>1344370502000-122</Id><Topic><Title>Bought some calls.</Title><Username>geegenjar</Username><Timestamp>1344270908000</Timestamp><DateTime>Mon, 2012-08-06 12:35:08 EDT</DateTime></Topic><Msg>I have never traded shares or options of NFLX.</Msg><Username>geegenjar</Username><Timestamp>1344370502000</Timestamp><DateTime>Tue, 2012-08-07 16:15:02 EDT</DateTime><ThumbUp>0</ThumbUp><ThumbDown>0</ThumbDown><Sentiment/></Message><Message type="TopicMessage"><Id>1344371681000-123</Id><Title>Reality check</Title><Msg>280 PE. Huh?</Msg><Username>market_logic2010</Username><Timestamp>1344371681000</Timestamp><DateTime>Tue, 2012-08-07 16:34:41 EDT</DateTime><ThumbUp>0</ThumbUp><ThumbDown>0</ThumbDown><Sentiment/></Message><Message type="TopicMessage"><Id>1344372261000-124</Id><Title>Another "untouchable" down the drain PCLN</Title><Msg>AMZN next in line! Naz6k going to walk off the cliff with AMZN</Msg><Username>chalkdusttourture</Username><Timestamp>1344372261000</Timestamp><DateTime>Tue, 2012-08-07 16:44:21 EDT</DateTime><ThumbUp>6</ThumbUp><ThumbDown>1</ThumbDown><Sentiment/></Message><Message type="ReplyMessage"><Id>1344372507000-125</Id><Topic><Title>the perfect portfolio:</Title><Username>chalkdusttourture</Username><Timestamp>1343134000000</Timestamp><DateTime>Tue, 2012-07-24 08:46:40 EDT</DateTime></Topic><Msg>"I own you" yep, your calls have been brilliant in AMZN versus mine, and I'm talking just since you've been on this board: dilusional is more like it. lol!</Msg><Username>nasdaq_6000_baby</Username><Timestamp>1344372507000</Timestamp><DateTime>Tue, 2012-08-07 16:48:27 EDT</DateTime><ThumbUp>0</ThumbUp><ThumbDown>0</ThumbDown><Sentiment/></Message><Message type="ReplyMessage"><Id>1344372561000-126</Id><Topic><Title>Another "untouchable" down the drain PCLN</Title><Username>chalkdusttourture</Username><Timestamp>1344372261000</Timestamp><DateTime>Tue, 2012-08-07 16:44:21 EDT</DateTime></Topic><Msg>will PCLN bring down the other momos that were on fire today? Or send them up since the money is out of PCLN?</Msg><Username>werollalong</Username><Timestamp>1344372561000</Timestamp><DateTime>Tue, 2012-08-07 16:49:21 EDT</DateTime><ThumbUp>0</ThumbUp><ThumbDown>0</ThumbDown><Sentiment/></Message><Message type="ReplyMessage"><Id>1344372633000-127</Id><Topic><Title>EOD should be quite ugly</Title><Username>chalkdusttourture</Username><Timestamp>1344363532000</Timestamp><DateTime>Tue, 2012-08-07 14:18:52 EDT</DateTime></Topic><Msg>how about the sub 200 after earnings call? or should we just forget that AMZN is 35 + points higher than that? Afterall, this is an AMZN board now isn't it? Or do we just forget you made those stupid trades? Not such a perfect portfolio eh? EH???? you fool!</Msg><Username>nasdaq_6000_baby</Username><Timestamp>1344372633000</Timestamp><DateTime>Tue, 2012-08-07 16:50:33 EDT</DateTime><ThumbUp>0</ThumbUp><ThumbDown>0</ThumbDown><Sentiment/></Message><Message type="ReplyMessage"><Id>1344372679000-128</Id><Topic><Title>Another "untouchable" down the drain PCLN</Title><Username>chalkdusttourture</Username><Timestamp>1344372261000</Timestamp><DateTime>Tue, 2012-08-07 16:44:21 EDT</DateTime></Topic><Msg>Chalk: I said after CMG that they had to make things unpredictable. After a bunch of squeezes, they've now gone after stop losses to the downside on earnings again. Unfortunately, I didn't hold PCLN puts because it actually has infinitely more compelling economics than this and most of the other scams out there... Such is life. When these folks are all really going to get hurt is when QE gets announced. That will be the sell the news top from which all of these never recover...</Msg><Username>techstrategy</Username><Timestamp>1344372679000</Timestamp><DateTime>Tue, 2012-08-07 16:51:19 EDT</DateTime><ThumbUp>0</ThumbUp><ThumbDown>0</ThumbDown><Sentiment/></Message><Message type="ReplyMessage"><Id>1344372819000-129</Id><Topic><Title>Another "untouchable" down the drain PCLN</Title><Username>chalkdusttourture</Username><Timestamp>1344372261000</Timestamp><DateTime>Tue, 2012-08-07 16:44:21 EDT</DateTime></Topic><Msg>too bad you didn't short PCLN: maybe your portfolio wouldn't be so "imperfect."!! lol!! I crack myself up on the back of you short clowns!! AMZN ROCKS AGAIN AND AGAIN!! in the face of your "prefect portfolio!" wasn't so perfect today! lol!</Msg><Username>nasdaq_6000_baby</Username><Timestamp>1344372819000</Timestamp><DateTime>Tue, 2012-08-07 16:53:39 EDT</DateTime><ThumbUp>0</ThumbUp><ThumbDown>0</ThumbDown><Sentiment/></Message><Message type="ReplyMessage"><Id>1344372910000-130</Id><Topic><Title>Another "untouchable" down the drain PCLN</Title><Username>chalkdusttourture</Username><Timestamp>1344372261000</Timestamp><DateTime>Tue, 2012-08-07 16:44:21 EDT</DateTime></Topic><Msg>how do figure that one? QE is a sell the news announcement? do you even know what that are planning: QE until it works: unlimited QE: you shorts are a hoot! lol!</Msg><Username>nasdaq_6000_baby</Username><Timestamp>1344372910000</Timestamp><DateTime>Tue, 2012-08-07 16:55:10 EDT</DateTime><ThumbUp>0</ThumbUp><ThumbDown>0</ThumbDown><Sentiment/></Message><Message type="ReplyMessage"><Id>1344373284000-131</Id><Topic><Title>Sybil just slaughtered the pcln pig....and covered</Title><Username>philandjoelie</Username><Timestamp>1344372964000</Timestamp><DateTime>Tue, 2012-08-07 16:56:04 EDT</DateTime></Topic><Msg>Sybil you are another clown! AMZN down 70 cents. on no!! lmfao!!</Msg><Username>nasdaq_6000_baby</Username><Timestamp>1344373284000</Timestamp><DateTime>Tue, 2012-08-07 17:01:24 EDT</DateTime><ThumbUp>0</ThumbUp><ThumbDown>0</ThumbDown><Sentiment/></Message><Message type="ReplyMessage"><Id>1344373764000-132</Id><Topic><Title>Sybil just slaughtered the pcln pig....and covered</Title><Username>philandjoelie</Username><Timestamp>1344372964000</Timestamp><DateTime>Tue, 2012-08-07 16:56:04 EDT</DateTime></Topic><Msg>Congrats Sybs. I know you don't think fundamentals mean anything (where I do), but based upon fundamentals, this really is an order of magnitude more piggy than PCLN. Bottom line was after CMG, the big boys defended a few... Amazon had lucky timing, else it would have suffered the same fate as PCLN. But, in the long run, its fate will be much worse.</Msg><Username>techstrategy</Username><Timestamp>1344373764000</Timestamp><DateTime>Tue, 2012-08-07 17:09:24 EDT</DateTime><ThumbUp>0</ThumbUp><ThumbDown>0</ThumbDown><Sentiment/></Message><Message type="ReplyMessage"><Id>1344373870000-133</Id><Topic><Title>Sybil just slaughtered the pcln pig....and covered</Title><Username>philandjoelie</Username><Timestamp>1344372964000</Timestamp><DateTime>Tue, 2012-08-07 16:56:04 EDT</DateTime></Topic><Msg>For now... I wonder if anyone in the financial media will ever ask AMZN what its share of retail sales and electronics are in areas where it collects tax versus those that it does not... All in on the scam. Keep buying pumpers.</Msg><Username>techstrategy</Username><Timestamp>1344373870000</Timestamp><DateTime>Tue, 2012-08-07 17:11:10 EDT</DateTime><ThumbUp>0</ThumbUp><ThumbDown>0</ThumbDown><Sentiment/></Message><Message type="ReplyMessage"><Id>1344375468000-134</Id><Topic><Title>Sybil just slaughtered the pcln pig....and covered</Title><Username>philandjoelie</Username><Timestamp>1344372964000</Timestamp><DateTime>Tue, 2012-08-07 16:56:04 EDT</DateTime></Topic><Msg>Not for me... I'm been preparing for this for over a year...</Msg><Username>techstrategy</Username><Timestamp>1344375468000</Timestamp><DateTime>Tue, 2012-08-07 17:37:48 EDT</DateTime><ThumbUp>0</ThumbUp><ThumbDown>0</ThumbDown><Sentiment/></Message><Message type="TopicMessage"><Id>1344375548000-135</Id><Title>Extremely Overpriced!!!</Title><Msg>PCLN just got crushed with numbers that look much better than AMZN. Good Q2 but really weak Q3. AMZN forcast 3Q loss and the pps runs nearly 10%. Insanity. We should be trading in the upper $180 range and that's being kind!</Msg><Username>rockyshepherd</Username><Timestamp>1344375548000</Timestamp><DateTime>Tue, 2012-08-07 17:39:08 EDT</DateTime><ThumbUp>4</ThumbUp><ThumbDown>0</ThumbDown><Sentiment/></Message><Message type="ReplyMessage"><Id>1344377733000-136</Id><Topic><Title>Extremely Overpriced!!!</Title><Username>rockyshepherd</Username><Timestamp>1344375548000</Timestamp><DateTime>Tue, 2012-08-07 17:39:08 EDT</DateTime></Topic><Msg>A little more trust in the market vaporizes overnight... If only the institutional longs would simply do the right thing and take this down $2 a day for two months, it wouldn't be as bad. The outcome is certain. The timing is not. But, those who aren't selling aggressively will regret it in a major way.</Msg><Username>techstrategy</Username><Timestamp>1344377733000</Timestamp><DateTime>Tue, 2012-08-07 18:15:33 EDT</DateTime><ThumbUp>0</ThumbUp><ThumbDown>0</ThumbDown><Sentiment/></Message><Message type="ReplyMessage"><Id>1344380073000-137</Id><Topic><Title>Extremely Overpriced!!!</Title><Username>rockyshepherd</Username><Timestamp>1344375548000</Timestamp><DateTime>Tue, 2012-08-07 17:39:08 EDT</DateTime></Topic><Msg>Some may disagree with the idea of large sell-off here but I believe it's very hard to say there is much upside here. 290x valuation and a projected loss for next quarter. What about anything here really screams buy. I don't get it.</Msg><Username>rockyshepherd</Username><Timestamp>1344380073000</Timestamp><DateTime>Tue, 2012-08-07 18:54:33 EDT</DateTime><ThumbUp>4</ThumbUp><ThumbDown>0</ThumbDown><Sentiment/></Message><Message type="ReplyMessage"><Id>1344380821000-138</Id><Topic><Title>Sybil just slaughtered the pcln pig....and covered</Title><Username>philandjoelie</Username><Timestamp>1344372964000</Timestamp><DateTime>Tue, 2012-08-07 16:56:04 EDT</DateTime></Topic><Msg>PCLN says in a single Q its earnings will be 10% or so below expectations and gets a 15% haircut from a valuation that's like 7 times lower than AMZN's. AMZN guides down 90% below expectations for 2-3 quarters in a row and nothing happens on a valuation 7x higher. Yeah, that figures.</Msg><Username>incognitusfn2</Username><Timestamp>1344380821000</Timestamp><DateTime>Tue, 2012-08-07 19:07:01 EDT</DateTime><ThumbUp>4</ThumbUp><ThumbDown>0</ThumbDown><Sentiment/></Message><Message type="ReplyMessage"><Id>1344381729000-139</Id><Topic><Title>Sybil just slaughtered the pcln pig....and covered</Title><Username>philandjoelie</Username><Timestamp>1344372964000</Timestamp><DateTime>Tue, 2012-08-07 16:56:04 EDT</DateTime></Topic><Msg>It is EXACTLY why retail investors (particularly baby boomers) are pulling money from the markets. They have ceased to correlated to actual economic value capture. It is all about float jam scams and predatory algo trading. AMZN should have fallen a lot, but the counterintuitive move has made many eat their winner. Don't bet big. Only buy what you can hold at 33% higher prices for a year. That's pretty much what happened to me before CMG cratered. I ended up making a lot, but only because I understand how utterly rigged the markets have become.</Msg><Username>techstrategy</Username><Timestamp>1344381729000</Timestamp><DateTime>Tue, 2012-08-07 19:22:09 EDT</DateTime><ThumbUp>0</ThumbUp><ThumbDown>0</ThumbDown><Sentiment/></Message><Message type="ReplyMessage"><Id>1344382330000-140</Id><Topic><Title>Manipulators are Buried Deep</Title><Username>basicknowledge</Username><Timestamp>1344364818000</Timestamp><DateTime>Tue, 2012-08-07 14:40:18 EDT</DateTime></Topic><Msg>This is your true mom and pop stock. Of the top 200 valued stocks AMZN is in the top five owned by the little guy. If you watch the stock trade it is almost always 100 share blocks. Hardly a manipulators stock. Having said that the little guy will get crushed here. A broker pumped gem indeed.</Msg><Username>penystoc</Username><Timestamp>1344382330000</Timestamp><DateTime>Tue, 2012-08-07 19:32:10 EDT</DateTime><ThumbUp>0</ThumbUp><ThumbDown>0</ThumbDown><Sentiment/></Message><Message type="ReplyMessage"><Id>1344384376000-141</Id><Topic><Title>Sybil just slaughtered the pcln pig....and covered</Title><Username>philandjoelie</Username><Timestamp>1344372964000</Timestamp><DateTime>Tue, 2012-08-07 16:56:04 EDT</DateTime></Topic><Msg>Yep, I already practice that myself. But can't but be amazed at how this pig is still up in the air at 280 times earnings that are falling for 2 years straight and estimates that get cut 90% every quarter and have now turned negative. And the analysts, which had been predicting $5.50 for 2012 1 1/2 years ago, keep this as buy, etc, etc. Scams don't come any clearer. And mind you, I've exposed several in my lifetime.</Msg><Username>incognitusfn2</Username><Timestamp>1344384376000</Timestamp><DateTime>Tue, 2012-08-07 20:06:16 EDT</DateTime><ThumbUp>0</ThumbUp><ThumbDown>0</ThumbDown><Sentiment/></Message><Message type="ReplyMessage"><Id>1344385436000-142</Id><Topic><Title>Sybil has got the pcln pig covered with a bloody sheet</Title><Username>philandjoelie</Username><Timestamp>1344384683000</Timestamp><DateTime>Tue, 2012-08-07 20:11:23 EDT</DateTime></Topic><Msg>Sybil - you have been shorting PCLN since 450. Just shut up already. Noone gives a chit about what you are doing. Your mind is gone man. I'm completely serious here. See a Dr. You have changed your pfofile multiple times but when I look back through your posts, you are actually down millions IF the "shorted 5,000 more PCLN" posts were actually true. Your mind is mush. Seek help quickly.</Msg><Username>bg_rox2001</Username><Timestamp>1344385436000</Timestamp><DateTime>Tue, 2012-08-07 20:23:56 EDT</DateTime><ThumbUp>1</ThumbUp><ThumbDown>3</ThumbDown><Sentiment/></Message><Message type="ReplyMessage"><Id>1344386487000-143</Id><Topic><Title>Extremely Overpriced!!!</Title><Username>rockyshepherd</Username><Timestamp>1344375548000</Timestamp><DateTime>Tue, 2012-08-07 17:39:08 EDT</DateTime></Topic><Msg>When the bear market rolls around, AMZN will be one of the last stocks to go down. And it isn't overpriced. The PE is meaningless. Next short term top is $250+ (based on technical analysis). Slow stochastics still haven't given a sell signal. Volume is very low.</Msg><Username>Edison20</Username><Timestamp>1344386487000</Timestamp><DateTime>Tue, 2012-08-07 20:41:27 EDT</DateTime><ThumbUp>0</ThumbUp><ThumbDown>0</ThumbDown><Sentiment/></Message><Message type="ReplyMessage"><Id>1344387075000-144</Id><Topic><Title>Sybil has got the pcln pig covered with a bloody sheet</Title><Username>philandjoelie</Username><Timestamp>1344384683000</Timestamp><DateTime>Tue, 2012-08-07 20:11:23 EDT</DateTime></Topic><Msg>Sybs: Well, you have me for now. Up 10% as of today. But, I am in some massively extended crap (both over and undervalued) that should come in big over the next few months (and you know me, unlike most of these weekly put / time the market idiots that lose everything, I'll be here for the ride my projected year end 2013 target of 120). Congrats Sybs. You deserve it. I didn't think PLCN would collapse like that. Unlike AMZN it has huge earnings, margins and cash flow, all of which are actually growing...</Msg><Username>techstrategy</Username><Timestamp>1344387075000</Timestamp><DateTime>Tue, 2012-08-07 20:51:15 EDT</DateTime><ThumbUp>0</ThumbUp><ThumbDown>0</ThumbDown><Sentiment/></Message><Message type="TopicMessage"><Id>1344387316000-145</Id><Title>New Technical Indicator</Title><Msg>This isn't advertising. Honest. Stock charts dot com has a new technical index: Negative Volume Index (NVI). Well, at least I've never seen it before. Its isn't saying anything right now, but its pretty good at predicting market tops.</Msg><Username>Edison20</Username><Timestamp>1344387316000</Timestamp><DateTime>Tue, 2012-08-07 20:55:16 EDT</DateTime><ThumbUp>0</ThumbUp><ThumbDown>0</ThumbDown><Sentiment/></Message><Message type="ReplyMessage"><Id>1344387569000-146</Id><Topic><Title>Sybil has got the pcln pig covered with a bloody sheet</Title><Username>philandjoelie</Username><Timestamp>1344384683000</Timestamp><DateTime>Tue, 2012-08-07 20:11:23 EDT</DateTime></Topic><Msg>Sybil: Congrats on PCLN. I don't follow PCLN, but it makes sense. People aren't traveling and with higher gasoline prices, its going to get worse. BUT, since they're staying home, they're buying stuff. Especially videos. Remember, the great depression was a boom to Hollywood.</Msg><Username>Edison20</Username><Timestamp>1344387569000</Timestamp><DateTime>Tue, 2012-08-07 20:59:29 EDT</DateTime><ThumbUp>0</ThumbUp><ThumbDown>0</ThumbDown><Sentiment/></Message><Message type="TopicMessage"><Id>1344388029000-147</Id><Title>Amazon's Island</Title><Msg>the company doesn't produce earnings what it does is take a dollar and turn it into a penny. This is accomplished by issuing daily press releases getting them into another dollar bill changer business which no one really understands but will definately produce a penny out of a dollar. Repeat this process daily and we now have a company that can forever go up because there is no way of evaluating it. The promise of future profits due to inovation keeps you on board indefinetly thru the smoke and mirrors business model. The company missed earning by 50 percent projects a next quarter loss and the stock in a shakky market rises 30 bucks from the day before. They are truly in the magic business. All aboard......</Msg><Username>penystoc</Username><Timestamp>1344388029000</Timestamp><DateTime>Tue, 2012-08-07 21:07:09 EDT</DateTime><ThumbUp>0</ThumbUp><ThumbDown>0</ThumbDown><Sentiment/></Message><Message type="ReplyMessage"><Id>1344388437000-148</Id><Topic><Title>Amazon's Island</Title><Username>penystoc</Username><Timestamp>1344388029000</Timestamp><DateTime>Tue, 2012-08-07 21:07:09 EDT</DateTime></Topic><Msg>PCLN had a nice fall today. This overvalued by any standard will fall big time as well. Question is when I will just keep going out long with a big drop anticipated between now and Jan 14 everyday it goes up the puts get cheaper to accumulate.Amzn I figure can drop all the way to $175 over the next 12-18mos. Maybe even a bigger drop but it will FALL</Msg><Username>michaelmars128</Username><Timestamp>1344388437000</Timestamp><DateTime>Tue, 2012-08-07 21:13:57 EDT</DateTime><ThumbUp>0</ThumbUp><ThumbDown>0</ThumbDown><Sentiment/></Message><Message type="ReplyMessage"><Id>1344388604000-149</Id><Topic><Title>Sybil has got the pcln pig covered with a bloody sheet</Title><Username>philandjoelie</Username><Timestamp>1344384683000</Timestamp><DateTime>Tue, 2012-08-07 20:11:23 EDT</DateTime></Topic><Msg>Syb, your old pal skiidady from the Chipotle board says hello, and may come over here to chat with you, joined by his little bud.</Msg><Username>market_logic2010</Username><Timestamp>1344388604000</Timestamp><DateTime>Tue, 2012-08-07 21:16:44 EDT</DateTime><ThumbUp>0</ThumbUp><ThumbDown>0</ThumbDown><Sentiment/></Message><Message type="ReplyMessage"><Id>1344389267000-150</Id><Topic><Title>Sybil has got the pcln pig covered with a bloody sheet</Title><Username>philandjoelie</Username><Timestamp>1344384683000</Timestamp><DateTime>Tue, 2012-08-07 20:11:23 EDT</DateTime></Topic><Msg>Ahead of you on the last part. Already made that switch on all cash... Hold ST TBills with auto roll too... The USD may not be worth much in the future, but all my liabilities are still denominated in 'em...</Msg><Username>techstrategy</Username><Timestamp>1344389267000</Timestamp><DateTime>Tue, 2012-08-07 21:27:47 EDT</DateTime><ThumbUp>0</ThumbUp><ThumbDown>0</ThumbDown><Sentiment/></Message><Message type="ReplyMessage"><Id>1344389774000-151</Id><Topic><Title>Amazon's Island</Title><Username>penystoc</Username><Timestamp>1344388029000</Timestamp><DateTime>Tue, 2012-08-07 21:07:09 EDT</DateTime></Topic><Msg>your 175 target is way off. If turning a dollar into a penny is their future you are looking at 90 bucks in a few months.</Msg><Username>penystoc</Username><Timestamp>1344389774000</Timestamp><DateTime>Tue, 2012-08-07 21:36:14 EDT</DateTime><ThumbUp>0</ThumbUp><ThumbDown>0</ThumbDown><Sentiment/></Message><Message type="ReplyMessage"><Id>1344391881000-152</Id><Topic><Title>Sybil has got the pcln pig covered with a bloody sheet</Title><Username>philandjoelie</Username><Timestamp>1344384683000</Timestamp><DateTime>Tue, 2012-08-07 20:11:23 EDT</DateTime></Topic><Msg>Sybs/tech - Huck knew he'd find you guys here.... PCLN - Wow. What a year, indeed. Huck still kicks self and chides HHFM for only having a small pos. in CMG before the crash but PCLN earnings made Huck's decade. AZO and AMZN are on Huck's radar next. Started sharting AMZN 2 weeks but actually closed out this a.m. for small loss. I could see this bloated bag going a few points higher along with bot-traded DOW to 13.5K before the fall. Watch AZO, fellas. 150 by the end of the year. Negative shareholder equity, -37.00/share book, huge debt used strictly for buyback, tepid growth, used car macro trend theory over-played, analysts one-up'ing each other with upgrades while insiders jumping like Booth at Ford Theatre...... ...all the signs reminiscent of a pre-PCLN/NFLX/CMG nasty fall ahead. Huck ends the day with a Belvedere on ice, and a cheers to you both. H</Msg><Username>hucktuck3</Username><Timestamp>1344391881000</Timestamp><DateTime>Tue, 2012-08-07 22:11:21 EDT</DateTime><ThumbUp>0</ThumbUp><ThumbDown>0</ThumbDown><Sentiment/></Message><Message type="ReplyMessage"><Id>1344392632000-153</Id><Topic><Title>Sybil has got the pcln pig covered with a bloody sheet</Title><Username>philandjoelie</Username><Timestamp>1344384683000</Timestamp><DateTime>Tue, 2012-08-07 20:11:23 EDT</DateTime></Topic><Msg>Huck: Thanks for the AZO tip. Will watch.</Msg><Username>techstrategy</Username><Timestamp>1344392632000</Timestamp><DateTime>Tue, 2012-08-07 22:23:52 EDT</DateTime><ThumbUp>0</ThumbUp><ThumbDown>0</ThumbDown><Sentiment/></Message><Message type="ReplyMessage"><Id>1344393387000-154</Id><Topic><Title>Sybil has got the pcln pig covered with a bloody sheet</Title><Username>philandjoelie</Username><Timestamp>1344384683000</Timestamp><DateTime>Tue, 2012-08-07 20:11:23 EDT</DateTime></Topic><Msg>Huck: Thanks. I'll check out AZO. It wouldn't have hit my radar because of its relative sane EV/EBITDA. But, looking at the balance sheet, it could be quite vulnerable to sharp decline in consumer purchases...</Msg><Username>techstrategy</Username><Timestamp>1344393387000</Timestamp><DateTime>Tue, 2012-08-07 22:36:27 EDT</DateTime><ThumbUp>0</ThumbUp><ThumbDown>0</ThumbDown><Sentiment/></Message><Message type="ReplyMessage"><Id>1344396664000-155</Id><Topic><Title>AMZN Stocks are tumbling to turn. What is trusting you from picking for?</Title><Username>marry.cunningham</Username><Timestamp>1344353854000</Timestamp><DateTime>Tue, 2012-08-07 11:37:34 EDT</DateTime></Topic><Msg>there's bulls &amp; there's silly bulls. hope you're correct, but I think that's a little to bullish.</Msg><Username>delaneyjacquelyn927</Username><Timestamp>1344396664000</Timestamp><DateTime>Tue, 2012-08-07 23:31:04 EDT</DateTime><ThumbUp>0</ThumbUp><ThumbDown>0</ThumbDown><Sentiment/></Message><Message type="ReplyMessage"><Id>1344397692000-156</Id><Topic><Title>240 calls</Title><Username>jookoo4000</Username><Timestamp>1344383028000</Timestamp><DateTime>Tue, 2012-08-07 19:43:48 EDT</DateTime></Topic><Msg>I'm ready to buy them again tomorrow or Thursday. Hopefully around 20 cents.</Msg><Username>geegenjar</Username><Timestamp>1344397692000</Timestamp><DateTime>Tue, 2012-08-07 23:48:12 EDT</DateTime><ThumbUp>0</ThumbUp><ThumbDown>0</ThumbDown><Sentiment/></Message></Date>