<?xml version="1.0" encoding="UTF-8" standalone="no"?><Date date="2013-03-07"><Message type="ReplyMessage"><Id>1362637063142-1</Id><Topic><Title>AMZN is looking really delicious. Don't miss out on why!</Title><Username>weirjerome699</Username><Timestamp>1362489616458</Timestamp><DateTime>Tue, 2013-03-05 08:20:16 EST</DateTime></Topic><Msg>SPAMMER !!</Msg><Username>lillianyz</Username><Timestamp>1362637063142</Timestamp><DateTime>Thu, 2013-03-07 01:17:43 EST</DateTime><ThumbUp>1</ThumbUp><ThumbDown>0</ThumbDown><Sentiment/></Message><Message type="ReplyMessage"><Id>1362641503602-2</Id><Topic><Title>AAPL is over grown PIG sale it. before to late</Title><Username>hijamesjon</Username><Timestamp>1362603045792</Timestamp><DateTime>Wed, 2013-03-06 15:50:45 EST</DateTime></Topic><Msg>Sale</Msg><Username>hijamesjon</Username><Timestamp>1362641503602</Timestamp><DateTime>Thu, 2013-03-07 02:31:43 EST</DateTime><ThumbUp>0</ThumbUp><ThumbDown>1</ThumbDown><Sentiment>Strong Sell</Sentiment></Message><Message type="ReplyMessage"><Id>1362646288450-3</Id><Topic><Title>Amazing!! Amazon can achieve over 300 ! The highest level in history!</Title><Username>randerson74</Username><Timestamp>1361792273612</Timestamp><DateTime>Mon, 2013-02-25 06:37:53 EST</DateTime></Topic><Msg>Great job</Msg><Username>ramonhyman</Username><Timestamp>1362646288450</Timestamp><DateTime>Thu, 2013-03-07 03:51:28 EST</DateTime><ThumbUp>0</ThumbUp><ThumbDown>0</ThumbDown><Sentiment/></Message><Message type="ReplyMessage"><Id>1362646676907-4</Id><Topic><Title>Research Firm DOWNGRADES TO SELL</Title><Username>thomasdickson984</Username><Timestamp>1362131739471</Timestamp><DateTime>Fri, 2013-03-01 04:55:39 EST</DateTime></Topic><Msg>Great report, THANKS</Msg><Username>donmartz460</Username><Timestamp>1362646676907</Timestamp><DateTime>Thu, 2013-03-07 03:57:56 EST</DateTime><ThumbUp>0</ThumbUp><ThumbDown>1</ThumbDown><Sentiment/></Message><Message type="TopicMessage"><Id>1362651972636-5</Id><Title>Are Techstrategy &amp; Me are the only rational value investors left here?</Title><Msg>The bubblonians keep trying to inflate. Apple at 10 PE. Amazon infinite PE (and maybe 100 forward). There will be a convergence. Such valuation idiocy can only last so long. My HWP spec. buy rec a couple of months ago has worked out-stock up more than 50%.</Msg><Username>ex.goldbug</Username><Timestamp>1362651972636</Timestamp><DateTime>Thu, 2013-03-07 05:26:12 EST</DateTime><ThumbUp>0</ThumbUp><ThumbDown>0</ThumbDown><Sentiment>Sell</Sentiment></Message><Message type="ReplyMessage"><Id>1362652607944-6</Id><Topic><Title>Are Techstrategy &amp; Me are the only rational value investors left here?</Title><Username>ex.goldbug</Username><Timestamp>1362651972636</Timestamp><DateTime>Thu, 2013-03-07 05:26:12 EST</DateTime></Topic><Msg>Bulls--ask yourself: what stock price would Amazon need to be to match the Apple PE? Can you handle the truth? Lets say Amazon earns $5 next year (most forcasts are lower). A 10 PE yield a price of $50. A 20 PE $100. 30 PE $150. You get the idea.</Msg><Username>ex.goldbug</Username><Timestamp>1362652607944</Timestamp><DateTime>Thu, 2013-03-07 05:36:47 EST</DateTime><ThumbUp>1</ThumbUp><ThumbDown>0</ThumbDown><Sentiment/></Message><Message type="TopicMessage"><Id>1362655153652-7</Id><Title>AMZN Premarket news</Title><Msg>AMZN Premarket news @ nasdaqnews . biz</Msg><Username>stock_talk_866</Username><Timestamp>1362655153652</Timestamp><DateTime>Thu, 2013-03-07 06:19:13 EST</DateTime><ThumbUp>0</ThumbUp><ThumbDown>2</ThumbDown><Sentiment/></Message><Message type="TopicMessage"><Id>1362655753483-8</Id><Title>All Internet stock will be up today-dang revenue rose 32%-175% growth-amazon will buy Dang?</Title><Msg>Do you think amazon buy dang?</Msg><Username>jai4524</Username><Timestamp>1362655753483</Timestamp><DateTime>Thu, 2013-03-07 06:29:13 EST</DateTime><ThumbUp>0</ThumbUp><ThumbDown>0</ThumbDown><Sentiment>Strong Buy</Sentiment></Message><Message type="ReplyMessage"><Id>1362658988779-9</Id><Topic><Title>Are Techstrategy &amp; Me are the only rational value investors left here?</Title><Username>ex.goldbug</Username><Timestamp>1362651972636</Timestamp><DateTime>Thu, 2013-03-07 05:26:12 EST</DateTime></Topic><Msg>more like you both lost your #$%$ shorting AMZN is some manner: you with put spread and tech with puts. Wanna badge of honer in being rational and losing money? lol! No wonder you post little here now and when you do, have to metntion some other stock you say you did something right in just like other shorts. Because you have all beeen wrong in AMZN, as if that justifies AMZN losses.</Msg><Username>nasdaq_6000_baby</Username><Timestamp>1362658988779</Timestamp><DateTime>Thu, 2013-03-07 07:23:08 EST</DateTime><ThumbUp>1</ThumbUp><ThumbDown>1</ThumbDown><Sentiment/></Message><Message type="ReplyMessage"><Id>1362659078505-10</Id><Topic><Title>Are Techstrategy &amp; Me are the only rational value investors left here?</Title><Username>ex.goldbug</Username><Timestamp>1362651972636</Timestamp><DateTime>Thu, 2013-03-07 05:26:12 EST</DateTime></Topic><Msg>yeah, your "PE" analysis really has gotten you "far" in AMZN shorting. Too shallow back of the napkin type stuff.</Msg><Username>nasdaq_6000_baby</Username><Timestamp>1362659078505</Timestamp><DateTime>Thu, 2013-03-07 07:24:38 EST</DateTime><ThumbUp>0</ThumbUp><ThumbDown>3</ThumbDown><Sentiment/></Message><Message type="ReplyMessage"><Id>1362659761343-11</Id><Topic><Title>All Internet stock will be up today-dang revenue rose 32%-175% growth-amazon will buy Dang?</Title><Username>jai4524</Username><Timestamp>1362655753483</Timestamp><DateTime>Thu, 2013-03-07 06:29:13 EST</DateTime></Topic><Msg>I dont see any relation to AMZN</Msg><Username>loumops</Username><Timestamp>1362659761343</Timestamp><DateTime>Thu, 2013-03-07 07:36:01 EST</DateTime><ThumbUp>0</ThumbUp><ThumbDown>0</ThumbDown><Sentiment/></Message><Message type="ReplyMessage"><Id>1362663582331-12</Id><Topic><Title>CNBC...</Title><Username>cybercash28</Username><Timestamp>1362602249823</Timestamp><DateTime>Wed, 2013-03-06 15:37:29 EST</DateTime></Topic><Msg>That's the game on the sell side, upgrade for technical reasons now, let's not worry about sales growth, profits etc. Kind of ridiculous don't you think?</Msg><Username>hapihammer</Username><Timestamp>1362663582331</Timestamp><DateTime>Thu, 2013-03-07 08:39:42 EST</DateTime><ThumbUp>0</ThumbUp><ThumbDown>0</ThumbDown><Sentiment/></Message><Message type="ReplyMessage"><Id>1362664270880-13</Id><Topic><Title>CNBC...</Title><Username>cybercash28</Username><Timestamp>1362602249823</Timestamp><DateTime>Wed, 2013-03-06 15:37:29 EST</DateTime></Topic><Msg>If they would go head to head in retail. Google could use operating earning where as amzn would have to tap the credit market</Msg><Username>rocketman2001ab</Username><Timestamp>1362664270880</Timestamp><DateTime>Thu, 2013-03-07 08:51:10 EST</DateTime><ThumbUp>0</ThumbUp><ThumbDown>0</ThumbDown><Sentiment/></Message><Message type="TopicMessage"><Id>1362665376557-14</Id><Title>$277.24 within 17 minutes of today's opening bell.</Title><Msg>After that, who knows or cares?</Msg><Username>geegenjar</Username><Timestamp>1362665376557</Timestamp><DateTime>Thu, 2013-03-07 09:09:36 EST</DateTime><ThumbUp>0</ThumbUp><ThumbDown>0</ThumbDown><Sentiment/></Message><Message type="ReplyMessage"><Id>1362666260406-15</Id><Topic><Title>Amazing!! Amazon can achieve over 300 ! The highest level in history!</Title><Username>randerson74</Username><Timestamp>1361792273612</Timestamp><DateTime>Mon, 2013-02-25 06:37:53 EST</DateTime></Topic><Msg>good report</Msg><Username>donaldburr770</Username><Timestamp>1362666260406</Timestamp><DateTime>Thu, 2013-03-07 09:24:20 EST</DateTime><ThumbUp>0</ThumbUp><ThumbDown>0</ThumbDown><Sentiment/></Message><Message type="ReplyMessage"><Id>1362666673881-16</Id><Topic><Title>Research Firm DOWNGRADES TO SELL</Title><Username>thomasdickson984</Username><Timestamp>1362131739471</Timestamp><DateTime>Fri, 2013-03-01 04:55:39 EST</DateTime></Topic><Msg>I subscribed</Msg><Username>richardtoney752</Username><Timestamp>1362666673881</Timestamp><DateTime>Thu, 2013-03-07 09:31:13 EST</DateTime><ThumbUp>0</ThumbUp><ThumbDown>1</ThumbDown><Sentiment/></Message><Message type="ReplyMessage"><Id>1362667606859-17</Id><Topic><Title>27% Naked Short Position REVEALED! (IN DEPTH REPORT)</Title><Username>markwilson810</Username><Timestamp>1362512775279</Timestamp><DateTime>Tue, 2013-03-05 14:46:15 EST</DateTime></Topic><Msg>Very helpful , thank you :)</Msg><Username>robertyoung99</Username><Timestamp>1362667606859</Timestamp><DateTime>Thu, 2013-03-07 09:46:46 EST</DateTime><ThumbUp>0</ThumbUp><ThumbDown>0</ThumbDown><Sentiment/></Message><Message type="ReplyMessage"><Id>1362667692526-18</Id><Topic><Title>AMZN CEO Buying Shares!</Title><Username>kirk.gallardo</Username><Timestamp>1362154528025</Timestamp><DateTime>Fri, 2013-03-01 11:15:28 EST</DateTime></Topic><Msg>Very helpful , thank you :)</Msg><Username>robertyoung99</Username><Timestamp>1362667692526</Timestamp><DateTime>Thu, 2013-03-07 09:48:12 EST</DateTime><ThumbUp>0</ThumbUp><ThumbDown>0</ThumbDown><Sentiment/></Message><Message type="ReplyMessage"><Id>1362667724698-19</Id><Topic><Title>CNBC...</Title><Username>cybercash28</Username><Timestamp>1362602249823</Timestamp><DateTime>Wed, 2013-03-06 15:37:29 EST</DateTime></Topic><Msg>The sell side hasn't done fundamental valuation in forever. They add zero value. Eventually, they'll realize that makes them worthless and expendable, whereas if they were to be intellectually honest and synthesize evolving cost structures and competitive dynamics, there might still be a reason to pay them in the future. By simply projecting off past price action / technicals, they are ensuring secular decline...</Msg><Username>techstrategy</Username><Timestamp>1362667724698</Timestamp><DateTime>Thu, 2013-03-07 09:48:44 EST</DateTime><ThumbUp>0</ThumbUp><ThumbDown>0</ThumbDown><Sentiment/></Message><Message type="ReplyMessage"><Id>1362669186857-20</Id><Topic><Title>CNBC...</Title><Username>cybercash28</Username><Timestamp>1362602249823</Timestamp><DateTime>Wed, 2013-03-06 15:37:29 EST</DateTime></Topic><Msg>And it remains a once in a lifetime opportunity for real investors to rotate from a zero net cash, N/A multiple company to one with approaching $150B in cash, huge cash flow and a largely variable cost structure due to its contract manufacturing approach. Increased upside and orders of magnitude less risk. But, those real investors will have to be willing to risk EOQ window dressing knocking AAPL down further and lifting AMZN. In other words, they have to be investors... We'll see if there are any left...</Msg><Username>techstrategy</Username><Timestamp>1362669186857</Timestamp><DateTime>Thu, 2013-03-07 10:13:06 EST</DateTime><ThumbUp>0</ThumbUp><ThumbDown>0</ThumbDown><Sentiment/></Message><Message type="TopicMessage"><Id>1362669896302-21</Id><Title>buy Appl to get some earnings</Title><Msg>AMZN should buy Apple since the shares are so cheap. appl earns $44 amzn - 0.09 ........................ big time valuation spread. one of them is going to move to close the gap ...which one??? so far it is not aapl</Msg><Username>retire_yung</Username><Timestamp>1362669896302</Timestamp><DateTime>Thu, 2013-03-07 10:24:56 EST</DateTime><ThumbUp>0</ThumbUp><ThumbDown>0</ThumbDown><Sentiment/></Message><Message type="TopicMessage"><Id>1362670882784-22</Id><Title>Another meandering day.</Title><Msg>They didn't even show 276.25 this morning. She'll go down until many longs give up. That's 268.</Msg><Username>geegenjar</Username><Timestamp>1362670882784</Timestamp><DateTime>Thu, 2013-03-07 10:41:22 EST</DateTime><ThumbUp>0</ThumbUp><ThumbDown>0</ThumbDown><Sentiment/></Message><Message type="ReplyMessage"><Id>1362671112989-23</Id><Topic><Title>Research Firm DOWNGRADES TO SELL</Title><Username>thomasdickson984</Username><Timestamp>1362131739471</Timestamp><DateTime>Fri, 2013-03-01 04:55:39 EST</DateTime></Topic><Msg>SPAMMER !!</Msg><Username>lillianyz</Username><Timestamp>1362671112989</Timestamp><DateTime>Thu, 2013-03-07 10:45:12 EST</DateTime><ThumbUp>0</ThumbUp><ThumbDown>0</ThumbDown><Sentiment/></Message><Message type="TopicMessage"><Id>1362672291302-24</Id><Title>Add on dips</Title><Msg>Will break to all time high..be patient.</Msg><Username>cybercash28</Username><Timestamp>1362672291302</Timestamp><DateTime>Thu, 2013-03-07 11:04:51 EST</DateTime><ThumbUp>0</ThumbUp><ThumbDown>0</ThumbDown><Sentiment/></Message><Message type="ReplyMessage"><Id>1362674804105-25</Id><Topic><Title>Amazing!! Amazon can achieve over 300 ! The highest level in history!</Title><Username>randerson74</Username><Timestamp>1361792273612</Timestamp><DateTime>Mon, 2013-02-25 06:37:53 EST</DateTime></Topic><Msg>awesome</Msg><Username>lawrenceronald13</Username><Timestamp>1362674804105</Timestamp><DateTime>Thu, 2013-03-07 11:46:44 EST</DateTime><ThumbUp>0</ThumbUp><ThumbDown>1</ThumbDown><Sentiment/></Message><Message type="ReplyMessage"><Id>1362675221549-26</Id><Topic><Title>Research Firm DOWNGRADES TO SELL</Title><Username>thomasdickson984</Username><Timestamp>1362131739471</Timestamp><DateTime>Fri, 2013-03-01 04:55:39 EST</DateTime></Topic><Msg>perfect one</Msg><Username>craigsmith345</Username><Timestamp>1362675221549</Timestamp><DateTime>Thu, 2013-03-07 11:53:41 EST</DateTime><ThumbUp>0</ThumbUp><ThumbDown>0</ThumbDown><Sentiment/></Message><Message type="ReplyMessage"><Id>1362676269893-27</Id><Topic><Title>27% Naked Short Position REVEALED! (IN DEPTH REPORT)</Title><Username>markwilson810</Username><Timestamp>1362512775279</Timestamp><DateTime>Tue, 2013-03-05 14:46:15 EST</DateTime></Topic><Msg>thanks a lot!</Msg><Username>edward.blake56</Username><Timestamp>1362676269893</Timestamp><DateTime>Thu, 2013-03-07 12:11:09 EST</DateTime><ThumbUp>0</ThumbUp><ThumbDown>0</ThumbDown><Sentiment/></Message><Message type="ReplyMessage"><Id>1362676330104-28</Id><Topic><Title>AMZN CEO Buying Shares!</Title><Username>kirk.gallardo</Username><Timestamp>1362154528025</Timestamp><DateTime>Fri, 2013-03-01 11:15:28 EST</DateTime></Topic><Msg>thanks a lot!</Msg><Username>edward.blake56</Username><Timestamp>1362676330104</Timestamp><DateTime>Thu, 2013-03-07 12:12:10 EST</DateTime><ThumbUp>0</ThumbUp><ThumbDown>0</ThumbDown><Sentiment/></Message><Message type="TopicMessage"><Id>1362676728224-29</Id><Title>REJECTED TWICE @ 276</Title><Msg>Amzn doesn't want to push through the wall @ 276.... I may revisit next week but this name has no legs...</Msg><Username>optiondream40</Username><Timestamp>1362676728224</Timestamp><DateTime>Thu, 2013-03-07 12:18:48 EST</DateTime><ThumbUp>0</ThumbUp><ThumbDown>0</ThumbDown><Sentiment/></Message><Message type="ReplyMessage"><Id>1362677559115-30</Id><Topic><Title>SQUAWK BOX to feature AMZN CEO!</Title><Username>chad.cooper61</Username><Timestamp>1362420966374</Timestamp><DateTime>Mon, 2013-03-04 13:16:06 EST</DateTime></Topic><Msg>great update</Msg><Username>henarohigh</Username><Timestamp>1362677559115</Timestamp><DateTime>Thu, 2013-03-07 12:32:39 EST</DateTime><ThumbUp>0</ThumbUp><ThumbDown>0</ThumbDown><Sentiment>Strong Buy</Sentiment></Message><Message type="TopicMessage"><Id>1362678277725-31</Id><Title>Says Wedbush; ‘Sell Side Are Tools’</Title><Msg>Finally, somebody speaking the truth. I didn't see if he is covering AMZN, but below applies to AMZN, LNKD as well. "Mark is an incorrigible optimist,” said Pachter, continuing, “Netflix did something very clever in Q4. They made $950 million in revenue, and they spent $937 million, so they produced $13 million in profit that took the stock up $5 billion in market cap. Was $13 million really worth $5 billion in stock value? They were expected to lose tons of money, they produced a small profit. Who cares?” " "When presented with the fact that Jefferies &amp; Co.’s Daniel Binder today raised his rating on Best Buy to a Buy, Pachter reflected on the general sell-side research attitude, remarking “Sell-siders are tools,” though he was quick to say that was not a remark about Binder. “If a stock goes up — this is why you gave me grief for my $80 target on NFLX went it was at $300 — the entire sell side adjusts their target to where the stock is going now. I’m in the business of telling you what the stock is worth.” "</Msg><Username>kenji100</Username><Timestamp>1362678277725</Timestamp><DateTime>Thu, 2013-03-07 12:44:37 EST</DateTime><ThumbUp>0</ThumbUp><ThumbDown>0</ThumbDown><Sentiment/></Message><Message type="ReplyMessage"><Id>1362678555781-32</Id><Topic><Title>Next quarter results will show millions of losses. This company will never make profit!</Title><Username>marclapet50</Username><Timestamp>1362587497511</Timestamp><DateTime>Wed, 2013-03-06 11:31:37 EST</DateTime></Topic><Msg>Tech, you seem like a pretty smart guy. Can you see how your statement "If institutional longs were acting like investors..." sounds? Those guys have been making money, you haven't. Your valuation methodology doesn't work with AMZN, can't you see that? It may go to $100 as you predict, but one can predict that ALL stocks will eventually go to zero, unless they're a utility monopoly or something. The timeframe is what matters. I claim AMZN will go over $300 in 2013, that's why I'm still holding some.</Msg><Username>brucetheharmonicaguy</Username><Timestamp>1362678555781</Timestamp><DateTime>Thu, 2013-03-07 12:49:15 EST</DateTime><ThumbUp>0</ThumbUp><ThumbDown>1</ThumbDown><Sentiment/></Message><Message type="ReplyMessage"><Id>1362679705792-33</Id><Topic><Title>AMZN CEO Buying Shares!</Title><Username>kirk.gallardo</Username><Timestamp>1362154528025</Timestamp><DateTime>Fri, 2013-03-01 11:15:28 EST</DateTime></Topic><Msg>nice report! thanks for sharing</Msg><Username>todd_walters</Username><Timestamp>1362679705792</Timestamp><DateTime>Thu, 2013-03-07 13:08:25 EST</DateTime><ThumbUp>0</ThumbUp><ThumbDown>0</ThumbDown><Sentiment/></Message><Message type="ReplyMessage"><Id>1362679986386-34</Id><Topic><Title>27% Naked Short Position REVEALED! (IN DEPTH REPORT)</Title><Username>markwilson810</Username><Timestamp>1362512775279</Timestamp><DateTime>Tue, 2013-03-05 14:46:15 EST</DateTime></Topic><Msg>nice report! thanks for sharing</Msg><Username>todd_walters</Username><Timestamp>1362679986386</Timestamp><DateTime>Thu, 2013-03-07 13:13:06 EST</DateTime><ThumbUp>0</ThumbUp><ThumbDown>0</ThumbDown><Sentiment/></Message><Message type="ReplyMessage"><Id>1362680224665-35</Id><Topic><Title>Are Techstrategy &amp; Me are the only rational value investors left here?</Title><Username>ex.goldbug</Username><Timestamp>1362651972636</Timestamp><DateTime>Thu, 2013-03-07 05:26:12 EST</DateTime></Topic><Msg>Great comeback, buddy. You da man, again.</Msg><Username>skiidady3</Username><Timestamp>1362680224665</Timestamp><DateTime>Thu, 2013-03-07 13:17:04 EST</DateTime><ThumbUp>0</ThumbUp><ThumbDown>0</ThumbDown><Sentiment/></Message><Message type="TopicMessage"><Id>1362680920255-36</Id><Title>MUST BUY VIX OPTIONS TODAY!!!! BUY APR 15 CALLS NOW!!!!!!!!</Title><Msg>Sell all stock and buy put on everything or buy vix options... Little birdy told me so...</Msg><Username>jack_hoff_often</Username><Timestamp>1362680920255</Timestamp><DateTime>Thu, 2013-03-07 13:28:40 EST</DateTime><ThumbUp>0</ThumbUp><ThumbDown>1</ThumbDown><Sentiment/></Message><Message type="ReplyMessage"><Id>1362681867750-37</Id><Topic><Title>Amazing!! Amazon can achieve over 300 ! The highest level in history!</Title><Username>randerson74</Username><Timestamp>1361792273612</Timestamp><DateTime>Mon, 2013-02-25 06:37:53 EST</DateTime></Topic><Msg>useful info</Msg><Username>johnmorrill470</Username><Timestamp>1362681867750</Timestamp><DateTime>Thu, 2013-03-07 13:44:27 EST</DateTime><ThumbUp>0</ThumbUp><ThumbDown>0</ThumbDown><Sentiment/></Message><Message type="ReplyMessage"><Id>1362682613588-38</Id><Topic><Title>Research Firm DOWNGRADES TO SELL</Title><Username>thomasdickson984</Username><Timestamp>1362131739471</Timestamp><DateTime>Fri, 2013-03-01 04:55:39 EST</DateTime></Topic><Msg>thanks</Msg><Username>carrjoe180</Username><Timestamp>1362682613588</Timestamp><DateTime>Thu, 2013-03-07 13:56:53 EST</DateTime><ThumbUp>0</ThumbUp><ThumbDown>0</ThumbDown><Sentiment/></Message><Message type="TopicMessage"><Id>1362682875834-39</Id><Title>ZZZZZZZZZZZZ...........</Title><Msg>So BORING....</Msg><Username>optiondream40</Username><Timestamp>1362682875834</Timestamp><DateTime>Thu, 2013-03-07 14:01:15 EST</DateTime><ThumbUp>0</ThumbUp><ThumbDown>0</ThumbDown><Sentiment/></Message><Message type="ReplyMessage"><Id>1362683179546-40</Id><Topic><Title>AMZN CEO Buying Shares!</Title><Username>kirk.gallardo</Username><Timestamp>1362154528025</Timestamp><DateTime>Fri, 2013-03-01 11:15:28 EST</DateTime></Topic><Msg>useful report</Msg><Username>charlesurick</Username><Timestamp>1362683179546</Timestamp><DateTime>Thu, 2013-03-07 14:06:19 EST</DateTime><ThumbUp>0</ThumbUp><ThumbDown>0</ThumbDown><Sentiment/></Message><Message type="ReplyMessage"><Id>1362683420295-41</Id><Topic><Title>27% Naked Short Position REVEALED! (IN DEPTH REPORT)</Title><Username>markwilson810</Username><Timestamp>1362512775279</Timestamp><DateTime>Tue, 2013-03-05 14:46:15 EST</DateTime></Topic><Msg>useful report</Msg><Username>charlesurick</Username><Timestamp>1362683420295</Timestamp><DateTime>Thu, 2013-03-07 14:10:20 EST</DateTime><ThumbUp>0</ThumbUp><ThumbDown>0</ThumbDown><Sentiment/></Message><Message type="ReplyMessage"><Id>1362683995914-42</Id><Topic><Title>Next quarter results will show millions of losses. This company will never make profit!</Title><Username>marclapet50</Username><Timestamp>1362587497511</Timestamp><DateTime>Wed, 2013-03-06 11:31:37 EST</DateTime></Topic><Msg>Bruce: We'll see which one proves out. This is an epic bubble enabled by float/option scalping scam. It works until it doesn't and then collapses to valuations supported by fundamentals. That is below $100 in this case. Despite what the VIX and others are signalling, we are headed toward profound market and economic stress for the next few years. The Fed and most of the folks on Wall Street simply are too detached from Main Street to understand the depth and severity of the challenges we face. Good luck. This is a complete trading scam. The question isn't if it will crater. It is when. And those perpetuating it will have to take extraordinary risk over the next 3-6 months to do so...</Msg><Username>techstrategy</Username><Timestamp>1362683995914</Timestamp><DateTime>Thu, 2013-03-07 14:19:55 EST</DateTime><ThumbUp>0</ThumbUp><ThumbDown>0</ThumbDown><Sentiment/></Message><Message type="TopicMessage"><Id>1362684074024-43</Id><Title>is wall street on vacation today?</Title><Msg>The trading volume is so small, which is not seen in months.</Msg><Username>spwangsu</Username><Timestamp>1362684074024</Timestamp><DateTime>Thu, 2013-03-07 14:21:14 EST</DateTime><ThumbUp>0</ThumbUp><ThumbDown>0</ThumbDown><Sentiment/></Message><Message type="ReplyMessage"><Id>1362684758284-44</Id><Topic><Title>Next quarter results will show millions of losses. This company will never make profit!</Title><Username>marclapet50</Username><Timestamp>1362587497511</Timestamp><DateTime>Wed, 2013-03-06 11:31:37 EST</DateTime></Topic><Msg>Given the relative valuations of AAPL and AMZN (EV of roughly 2:1, but cash flow more like 20:1), any institutional INVESTOR not rotating hard from AMZN to AAPL is either incompetent or negligent IMHO...</Msg><Username>techstrategy</Username><Timestamp>1362684758284</Timestamp><DateTime>Thu, 2013-03-07 14:32:38 EST</DateTime><ThumbUp>0</ThumbUp><ThumbDown>0</ThumbDown><Sentiment/></Message><Message type="ReplyMessage"><Id>1362684830095-45</Id><Topic><Title>CNBC...</Title><Username>cybercash28</Username><Timestamp>1362602249823</Timestamp><DateTime>Wed, 2013-03-06 15:37:29 EST</DateTime></Topic><Msg>I don't think so: I think theo once in a lifetime opportunity to buy AAPL is way past now. Probably in 2009 around 80 and even better in 2003. Not that it can't rally, but when it hit 700, it was valued at twice the next markt cap in the market. That doesn't last. So although it could rally from time to time. , I think it's peak has passed.. Certainly has more value thatn alot of other companies, but if the market peaks on the Fed induced bubble, AAPL will get hit more than just to here.</Msg><Username>party_bistro</Username><Timestamp>1362684830095</Timestamp><DateTime>Thu, 2013-03-07 14:33:50 EST</DateTime><ThumbUp>0</ThumbUp><ThumbDown>0</ThumbDown><Sentiment/></Message><Message type="ReplyMessage"><Id>1362686111720-46</Id><Topic><Title>CNBC...</Title><Username>cybercash28</Username><Timestamp>1362602249823</Timestamp><DateTime>Wed, 2013-03-06 15:37:29 EST</DateTime></Topic><Msg>Party: The absence of further losses for those who must be invested will serve as relative gains to peers who are locked into these float jam scams that have no hope of weather true stress. The market volumes will return as soon as we get some "resolution" and the market will tank, just as it tanked AFTER the debt ceiling resolution rather than before. AAPL has over 30% of its market cap in cash. It will still generate tens of billions in cash, even in a recession. In contrast, AMZN could easily fall to 100. In fact, there's no fundamental reason it couldn't go lower. When the market gets hit, certain stocks have been hardened (INTC has 200MM shares short and trades at about 5X ebitda, AAPL's EV is about 5X EBITDA with near record short interest, and so on). Those will hold up fine. Those that got herded into these scams by those that painted the tape will get crushed. Furthermore, if you play out the long term scenarios on how the global system comes back into balance, AAPL will do quite well (although I still think INTC and GOOG are best positioned). Given that we don't know whether the shock will be "deflationary" in the sense of debt writeoffs and collapsing demand (better own companies with lots of cash and cash flow, rather than those whose cash is entirely dependent on growing its negative working capital...) or whether it is from "inflation" via currency devaluation (better own those with huge overseas profits), AAPL will outperform on fundamentals given these prices. Is it a 10X MOMO stock? No. But, none of the others are either. There are -90% returns waiting to happen...</Msg><Username>techstrategy</Username><Timestamp>1362686111720</Timestamp><DateTime>Thu, 2013-03-07 14:55:11 EST</DateTime><ThumbUp>0</ThumbUp><ThumbDown>0</ThumbDown><Sentiment/></Message><Message type="ReplyMessage"><Id>1362686784028-47</Id><Topic><Title>AMZN CEO Buying Shares!</Title><Username>kirk.gallardo</Username><Timestamp>1362154528025</Timestamp><DateTime>Fri, 2013-03-01 11:15:28 EST</DateTime></Topic><Msg>thanks a lot</Msg><Username>shirley_lock</Username><Timestamp>1362686784028</Timestamp><DateTime>Thu, 2013-03-07 15:06:24 EST</DateTime><ThumbUp>0</ThumbUp><ThumbDown>0</ThumbDown><Sentiment/></Message><Message type="ReplyMessage"><Id>1362686973555-48</Id><Topic><Title>27% Naked Short Position REVEALED! (IN DEPTH REPORT)</Title><Username>markwilson810</Username><Timestamp>1362512775279</Timestamp><DateTime>Tue, 2013-03-05 14:46:15 EST</DateTime></Topic><Msg>thanks a lot</Msg><Username>shirley_lock</Username><Timestamp>1362686973555</Timestamp><DateTime>Thu, 2013-03-07 15:09:33 EST</DateTime><ThumbUp>0</ThumbUp><ThumbDown>0</ThumbDown><Sentiment/></Message><Message type="TopicMessage"><Id>1362687562686-49</Id><Title>Buy ARR, Armour residential reit</Title><Msg>Buy recommendation for ARR, pays 15% annually, pays a monthly .08 cents per/share dividend</Msg><Username>apextoner</Username><Timestamp>1362687562686</Timestamp><DateTime>Thu, 2013-03-07 15:19:22 EST</DateTime><ThumbUp>0</ThumbUp><ThumbDown>0</ThumbDown><Sentiment>Buy</Sentiment></Message><Message type="TopicMessage"><Id>1362688324858-50</Id><Title>A few more stocks being used as source of funds...</Title><Msg>Not hard to figure out which ones...</Msg><Username>techstrategy</Username><Timestamp>1362688324858</Timestamp><DateTime>Thu, 2013-03-07 15:32:04 EST</DateTime><ThumbUp>0</ThumbUp><ThumbDown>0</ThumbDown><Sentiment/></Message><Message type="ReplyMessage"><Id>1362688512147-51</Id><Topic><Title>$277.24 within 17 minutes of today's opening bell.</Title><Username>geegenjar</Username><Timestamp>1362665376557</Timestamp><DateTime>Thu, 2013-03-07 09:09:36 EST</DateTime></Topic><Msg>I'm really impressed with my predictions. As usual, my prediction is ahead of its time by one (1) day.</Msg><Username>geegenjar</Username><Timestamp>1362688512147</Timestamp><DateTime>Thu, 2013-03-07 15:35:12 EST</DateTime><ThumbUp>0</ThumbUp><ThumbDown>0</ThumbDown><Sentiment/></Message><Message type="ReplyMessage"><Id>1362689037909-52</Id><Topic><Title>$277.24 within 17 minutes of today's opening bell.</Title><Username>geegenjar</Username><Timestamp>1362665376557</Timestamp><DateTime>Thu, 2013-03-07 09:09:36 EST</DateTime></Topic><Msg>Only if smart longs do not use every AMZN tape painting buy to sell and rotate into stocks with better risk/return profiles... Only irresponsible long only funds won't be selling here...</Msg><Username>techstrategy</Username><Timestamp>1362689037909</Timestamp><DateTime>Thu, 2013-03-07 15:43:57 EST</DateTime><ThumbUp>0</ThumbUp><ThumbDown>0</ThumbDown><Sentiment/></Message><Message type="ReplyMessage"><Id>1362689217958-53</Id><Topic><Title>A few more stocks being used as source of funds...</Title><Username>techstrategy</Username><Timestamp>1362688324858</Timestamp><DateTime>Thu, 2013-03-07 15:32:04 EST</DateTime></Topic><Msg>Techstrategy has no money or morale to buy puts or calls, so he has become an after-the-fact commentator who "reports" what's so obvious to even the five-year olds. His long -term AMZN puts (expiring in 2014/2015) have been losing value fast.</Msg><Username>geegenjar</Username><Timestamp>1362689217958</Timestamp><DateTime>Thu, 2013-03-07 15:46:57 EST</DateTime><ThumbUp>0</ThumbUp><ThumbDown>1</ThumbDown><Sentiment/></Message><Message type="ReplyMessage"><Id>1362689263430-54</Id><Topic><Title>A few more stocks being used as source of funds...</Title><Username>techstrategy</Username><Timestamp>1362688324858</Timestamp><DateTime>Thu, 2013-03-07 15:32:04 EST</DateTime></Topic><Msg>Starting at about 3:30 look at WMT and TGT because the usual AAPLtrage wasn't working as expected. Needless to say, the same rules apply to them. Any smart long will counteract that selling to rotate out of Scamazon at the top...</Msg><Username>techstrategy</Username><Timestamp>1362689263430</Timestamp><DateTime>Thu, 2013-03-07 15:47:43 EST</DateTime><ThumbUp>0</ThumbUp><ThumbDown>0</ThumbDown><Sentiment/></Message><Message type="ReplyMessage"><Id>1362689581765-55</Id><Topic><Title>Amazing!! Amazon can achieve over 300 ! The highest level in history!</Title><Username>randerson74</Username><Timestamp>1361792273612</Timestamp><DateTime>Mon, 2013-02-25 06:37:53 EST</DateTime></Topic><Msg>Good news</Msg><Username>bryantmicheal280</Username><Timestamp>1362689581765</Timestamp><DateTime>Thu, 2013-03-07 15:53:01 EST</DateTime><ThumbUp>0</ThumbUp><ThumbDown>0</ThumbDown><Sentiment/></Message><Message type="ReplyMessage"><Id>1362689770698-56</Id><Topic><Title>$277.24 within 17 minutes of today's opening bell.</Title><Username>geegenjar</Username><Timestamp>1362665376557</Timestamp><DateTime>Thu, 2013-03-07 09:09:36 EST</DateTime></Topic><Msg>Techstrategy: "Only irresponsible long only funds won't be selling here..." How naive can people get, really? Fund managers don't care about the money they manage. Don't overestimate them. They're as clueless as techstrategy. Their job is to find the source of money, like 401K money from corporations.</Msg><Username>geegenjar</Username><Timestamp>1362689770698</Timestamp><DateTime>Thu, 2013-03-07 15:56:10 EST</DateTime><ThumbUp>0</ThumbUp><ThumbDown>0</ThumbDown><Sentiment/></Message><Message type="ReplyMessage"><Id>1362690181529-57</Id><Topic><Title>$277.24 within 17 minutes of today's opening bell.</Title><Username>geegenjar</Username><Timestamp>1362665376557</Timestamp><DateTime>Thu, 2013-03-07 09:09:36 EST</DateTime></Topic><Msg>Maybe. But they have a fiduciary obligation... The focus on churn and trading is what has turned the investing public away from Wall Street. Fund managers are supposed to be stewards of our capital and INVEST it in productive assets. Not speculate on trading scams...</Msg><Username>techstrategy</Username><Timestamp>1362690181529</Timestamp><DateTime>Thu, 2013-03-07 16:03:01 EST</DateTime><ThumbUp>1</ThumbUp><ThumbDown>0</ThumbDown><Sentiment/></Message><Message type="ReplyMessage"><Id>1362690864014-58</Id><Topic><Title>AMZN CEO Buying Shares!</Title><Username>kirk.gallardo</Username><Timestamp>1362154528025</Timestamp><DateTime>Fri, 2013-03-01 11:15:28 EST</DateTime></Topic><Msg>good report!</Msg><Username>wlarson203</Username><Timestamp>1362690864014</Timestamp><DateTime>Thu, 2013-03-07 16:14:24 EST</DateTime><ThumbUp>0</ThumbUp><ThumbDown>0</ThumbDown><Sentiment/></Message><Message type="ReplyMessage"><Id>1362690976730-59</Id><Topic><Title>Research Firm DOWNGRADES TO SELL</Title><Username>thomasdickson984</Username><Timestamp>1362131739471</Timestamp><DateTime>Fri, 2013-03-01 04:55:39 EST</DateTime></Topic><Msg>Useful</Msg><Username>sterlingfoley</Username><Timestamp>1362690976730</Timestamp><DateTime>Thu, 2013-03-07 16:16:16 EST</DateTime><ThumbUp>0</ThumbUp><ThumbDown>0</ThumbDown><Sentiment/></Message><Message type="ReplyMessage"><Id>1362691227030-60</Id><Topic><Title>27% Naked Short Position REVEALED! (IN DEPTH REPORT)</Title><Username>markwilson810</Username><Timestamp>1362512775279</Timestamp><DateTime>Tue, 2013-03-05 14:46:15 EST</DateTime></Topic><Msg>good report!</Msg><Username>wlarson203</Username><Timestamp>1362691227030</Timestamp><DateTime>Thu, 2013-03-07 16:20:27 EST</DateTime><ThumbUp>0</ThumbUp><ThumbDown>0</ThumbDown><Sentiment/></Message><Message type="ReplyMessage"><Id>1362692227682-61</Id><Topic><Title>27% Naked Short Position REVEALED! (IN DEPTH REPORT)</Title><Username>markwilson810</Username><Timestamp>1362512775279</Timestamp><DateTime>Tue, 2013-03-05 14:46:15 EST</DateTime></Topic><Msg>Awesome report , thank you !!</Msg><Username>marilyn.coates</Username><Timestamp>1362692227682</Timestamp><DateTime>Thu, 2013-03-07 16:37:07 EST</DateTime><ThumbUp>0</ThumbUp><ThumbDown>0</ThumbDown><Sentiment/></Message><Message type="ReplyMessage"><Id>1362692466979-62</Id><Topic><Title>AMZN CEO Buying Shares!</Title><Username>kirk.gallardo</Username><Timestamp>1362154528025</Timestamp><DateTime>Fri, 2013-03-01 11:15:28 EST</DateTime></Topic><Msg>Awesome report , thank you !!</Msg><Username>marilyn.coates</Username><Timestamp>1362692466979</Timestamp><DateTime>Thu, 2013-03-07 16:41:06 EST</DateTime><ThumbUp>0</ThumbUp><ThumbDown>0</ThumbDown><Sentiment/></Message><Message type="ReplyMessage"><Id>1362694114671-63</Id><Topic><Title>CNBC...</Title><Username>cybercash28</Username><Timestamp>1362602249823</Timestamp><DateTime>Wed, 2013-03-06 15:37:29 EST</DateTime></Topic><Msg>global sytem back into balance? the global system is up to it's eyballs in Central banks leverage. There's not stock to be in until the next deleveraging comes and that includes AAPL at 400 + a share. AAPL's best days are behind it. I don't disagree with you on AMZN. It's a pig on the back of leveraging up the system that has led to gambling in momemtum and easy to trade/move low float stories.</Msg><Username>party_bistro</Username><Timestamp>1362694114671</Timestamp><DateTime>Thu, 2013-03-07 17:08:34 EST</DateTime><ThumbUp>0</ThumbUp><ThumbDown>0</ThumbDown><Sentiment/></Message><Message type="ReplyMessage"><Id>1362700571889-64</Id><Topic><Title>CNBC...</Title><Username>cybercash28</Username><Timestamp>1362602249823</Timestamp><DateTime>Wed, 2013-03-06 15:37:29 EST</DateTime></Topic><Msg>All I'm saying is if you have to be invested in the market (because long only funds do not get paid to sit on cash) and you have the opportunity to exchange 1.5 shares of Amazon for each share of AAPL, a wise institutional long should do that as aggressively as possibly before the entire market takes its plunge (the same logic applies to the other newer sources of capital being used to perpetuate this scam). Once the market starts to break, that ratio will rapidly move to 2.5 to 1 or more.... FWIW, cash too will lose value. That's the whole idea of financial repression...</Msg><Username>techstrategy</Username><Timestamp>1362700571889</Timestamp><DateTime>Thu, 2013-03-07 18:56:11 EST</DateTime><ThumbUp>0</ThumbUp><ThumbDown>0</ThumbDown><Sentiment/></Message><Message type="ReplyMessage"><Id>1362703021738-65</Id><Topic><Title>REJECTED TWICE @ 276</Title><Username>optiondream40</Username><Timestamp>1362676728224</Timestamp><DateTime>Thu, 2013-03-07 12:18:48 EST</DateTime></Topic><Msg>It has been locked at a range since its runup in late December. Look to continue to lose your lunch on purchasing call/put options.</Msg><Username>agamemnus_0</Username><Timestamp>1362703021738</Timestamp><DateTime>Thu, 2013-03-07 19:37:01 EST</DateTime><ThumbUp>0</ThumbUp><ThumbDown>0</ThumbDown><Sentiment/></Message><Message type="TopicMessage"><Id>1362703304207-66</Id><Title>FPE</Title><Msg>The FPE is 76 and that's based on analyst estimates of $0.09 next quarter followed by 0.22, 1.47, and 3.61 !!! The previous quarters' actuals that match these same quarters were 0.28, .01. -0.60 and 0.21. The requirements for gainful employment as an AMZN analyst apparently include healthy lungs, to continuously blow the bubble bigger.</Msg><Username>lived666or12</Username><Timestamp>1362703304207</Timestamp><DateTime>Thu, 2013-03-07 19:41:44 EST</DateTime><ThumbUp>0</ThumbUp><ThumbDown>0</ThumbDown><Sentiment/></Message><Message type="TopicMessage"><Id>1362709760449-67</Id><Title>AMZN trading alert</Title><Msg>My peripheral trading system generated following trade signal before close today: "Reverse Short AMZN to Long AMZN at market close on 3/07/2013" Alert performance so far (since Feb 4th, 2013): -2.34%. See my previous posts for alert history.</Msg><Username>tfltrading</Username><Timestamp>1362709760449</Timestamp><DateTime>Thu, 2013-03-07 21:29:20 EST</DateTime><ThumbUp>0</ThumbUp><ThumbDown>0</ThumbDown><Sentiment/></Message><Message type="ReplyMessage"><Id>1362709771895-68</Id><Topic><Title>AMZN trading alert</Title><Username>tfltrading</Username><Timestamp>1362709760449</Timestamp><DateTime>Thu, 2013-03-07 21:29:20 EST</DateTime></Topic><Msg>The signal was generated before the trade time indicated in the alert statement. The signals can show up (rarely) before regular market open, (rarely) during regular trading hours, or (mostly) before regular market close.</Msg><Username>tfltrading</Username><Timestamp>1362709771895</Timestamp><DateTime>Thu, 2013-03-07 21:29:31 EST</DateTime><ThumbUp>0</ThumbUp><ThumbDown>0</ThumbDown><Sentiment/></Message><Message type="ReplyMessage"><Id>1362709784984-69</Id><Topic><Title>AMZN trading alert</Title><Username>tfltrading</Username><Timestamp>1362709760449</Timestamp><DateTime>Thu, 2013-03-07 21:29:20 EST</DateTime></Topic><Msg>I posted the results after extended trading was closed, for informational purposes only. It is recommended to stay Cash on earnings release dates.</Msg><Username>tfltrading</Username><Timestamp>1362709784984</Timestamp><DateTime>Thu, 2013-03-07 21:29:44 EST</DateTime><ThumbUp>0</ThumbUp><ThumbDown>0</ThumbDown><Sentiment/></Message></Date>