<?xml version="1.0" encoding="UTF-8" standalone="no"?><Date date="2013-06-17"><Message type="ReplyMessage"><Id>1371462700260-1</Id><Topic><Title>AMZN just made the top short pick list</Title><Username>edaldworth</Username><Timestamp>1371233031529</Timestamp><DateTime>Fri, 2013-06-14 14:03:51 EDT</DateTime></Topic><Msg>AMZN has been a SHORT candidate for quite some time.</Msg><Username>bullish1_2</Username><Timestamp>1371462700260</Timestamp><DateTime>Mon, 2013-06-17 05:51:40 EDT</DateTime><ThumbUp>1</ThumbUp><ThumbDown>0</ThumbDown><Sentiment>Sell</Sentiment></Message><Message type="TopicMessage"><Id>1371472842471-2</Id><Title>TSLA UPGRADED. $150 PP TARGET!! $$</Title><Msg>$$$$$</Msg><Username>greenegggs</Username><Timestamp>1371472842471</Timestamp><DateTime>Mon, 2013-06-17 08:40:42 EDT</DateTime><ThumbUp>0</ThumbUp><ThumbDown>0</ThumbDown><Sentiment/></Message><Message type="TopicMessage"><Id>1371474542248-3</Id><Title>Just another week that shorts here don't make any money . . .</Title><Msg>. . . even if AMZN dipped. How long will it take for them to realize that they got trapped three weeks ago?</Msg><Username>geegenjar</Username><Timestamp>1371474542248</Timestamp><DateTime>Mon, 2013-06-17 09:09:02 EDT</DateTime><ThumbUp>0</ThumbUp><ThumbDown>0</ThumbDown><Sentiment/></Message><Message type="TopicMessage"><Id>1371474747426-4</Id><Title>If AMZN does not test $281.11 within the first 43 minutes of trading today . . .</Title><Msg>. . . I will be deeply disappointed.</Msg><Username>geegenjar</Username><Timestamp>1371474747426</Timestamp><DateTime>Mon, 2013-06-17 09:12:27 EDT</DateTime><ThumbUp>0</ThumbUp><ThumbDown>0</ThumbDown><Sentiment/></Message><Message type="ReplyMessage"><Id>1371476520366-5</Id><Topic><Title>If AMZN does not test $281.11 within the first 43 minutes of trading today . . .</Title><Username>geegenjar</Username><Timestamp>1371474747426</Timestamp><DateTime>Mon, 2013-06-17 09:12:27 EDT</DateTime></Topic><Msg>Japan up last and you have quoted AMZN in inversely correlated. NFLX just signed Dreamworks , crushing hopes for Amazon video. Amazon Grocery does anyone remember Simon Delivers?? What makes bullish AMZN they are followers not innovators and they dont make money.</Msg><Username>wjkram</Username><Timestamp>1371476520366</Timestamp><DateTime>Mon, 2013-06-17 09:42:00 EDT</DateTime><ThumbUp>1</ThumbUp><ThumbDown>0</ThumbDown><Sentiment/></Message><Message type="TopicMessage"><Id>1371476761045-6</Id><Title>Dreamworks chooses NFLX for content....Sell AMZN</Title><Msg>2nd place is the 1st loser Amazon...you cant just copy everyones business models and be considered a innovator. Strong seller at 278.75...</Msg><Username>wjkram</Username><Timestamp>1371476761045</Timestamp><DateTime>Mon, 2013-06-17 09:46:01 EDT</DateTime><ThumbUp>0</ThumbUp><ThumbDown>0</ThumbDown><Sentiment>Strong Sell</Sentiment></Message><Message type="ReplyMessage"><Id>1371476887549-7</Id><Topic><Title>Grocery Business</Title><Username>nje457</Username><Timestamp>1371411006246</Timestamp><DateTime>Sun, 2013-06-16 15:30:06 EDT</DateTime></Topic><Msg>Not so Fresh</Msg><Username>wjkram</Username><Timestamp>1371476887549</Timestamp><DateTime>Mon, 2013-06-17 09:48:07 EDT</DateTime><ThumbUp>1</ThumbUp><ThumbDown>0</ThumbDown><Sentiment>Strong Sell</Sentiment></Message><Message type="TopicMessage"><Id>1371477137440-8</Id><Title>amazon</Title><Msg>Just another day for Amazon longs Jeff Bezos, American Funds Partner, To much to tackle. Shorts stay away from this stock, pick another to short.</Msg><Username>smartybob569</Username><Timestamp>1371477137440</Timestamp><DateTime>Mon, 2013-06-17 09:52:17 EDT</DateTime><ThumbUp>0</ThumbUp><ThumbDown>0</ThumbDown><Sentiment/></Message><Message type="TopicMessage"><Id>1371477406321-9</Id><Title>short 278</Title><Msg>eom</Msg><Username>xdon69</Username><Timestamp>1371477406321</Timestamp><DateTime>Mon, 2013-06-17 09:56:46 EDT</DateTime><ThumbUp>1</ThumbUp><ThumbDown>0</ThumbDown><Sentiment/></Message><Message type="ReplyMessage"><Id>1371477576344-10</Id><Topic><Title>amazon</Title><Username>smartybob569</Username><Timestamp>1371477137440</Timestamp><DateTime>Mon, 2013-06-17 09:52:17 EDT</DateTime></Topic><Msg>I have made money 99 out of a 100 trades shorting this pig</Msg><Username>xdon69</Username><Timestamp>1371477576344</Timestamp><DateTime>Mon, 2013-06-17 09:59:36 EDT</DateTime><ThumbUp>0</ThumbUp><ThumbDown>0</ThumbDown><Sentiment/></Message><Message type="ReplyMessage"><Id>1371478181242-11</Id><Topic><Title>Grocery Business</Title><Username>nje457</Username><Timestamp>1371411006246</Timestamp><DateTime>Sun, 2013-06-16 15:30:06 EDT</DateTime></Topic><Msg>Those fools who ran Web Van into the ground are now running ScamazonFresh. It's the same scam all over again. One can walk 1 block in LA and stand a good chance of hitting a supermarket...Wal Mart neighborhood, Target, Ralphs, Albertsons, Stater Bros, El Super, Superior, Northgate, Super King, Costco, Sams, and many other ethnic stores.</Msg><Username>nje457</Username><Timestamp>1371478181242</Timestamp><DateTime>Mon, 2013-06-17 10:09:41 EDT</DateTime><ThumbUp>3</ThumbUp><ThumbDown>0</ThumbDown><Sentiment/></Message><Message type="ReplyMessage"><Id>1371478404958-12</Id><Topic><Title>amazon</Title><Username>smartybob569</Username><Timestamp>1371477137440</Timestamp><DateTime>Mon, 2013-06-17 09:52:17 EDT</DateTime></Topic><Msg>Despite overall market being at record highs...Amazon continues to merely struggle to make lower highs and remains one of the most overvalued. Bezos knows this thats why he is aggressively selling along with othere insiders look for yourself. Dont wait for the JULY 22nd yet again earnings fail.. Sell now...under 270 and under 250 by end of JULY..</Msg><Username>wjkram</Username><Timestamp>1371478404958</Timestamp><DateTime>Mon, 2013-06-17 10:13:24 EDT</DateTime><ThumbUp>0</ThumbUp><ThumbDown>0</ThumbDown><Sentiment/></Message><Message type="ReplyMessage"><Id>1371478748750-13</Id><Topic><Title>If AMZN does not test $281.11 within the first 43 minutes of trading today . . .</Title><Username>geegenjar</Username><Timestamp>1371474747426</Timestamp><DateTime>Mon, 2013-06-17 09:12:27 EDT</DateTime></Topic><Msg>Disappointment and Amazon go hand in hand. Lower highs never bullish ...sell now.</Msg><Username>wjkram</Username><Timestamp>1371478748750</Timestamp><DateTime>Mon, 2013-06-17 10:19:08 EDT</DateTime><ThumbUp>1</ThumbUp><ThumbDown>0</ThumbDown><Sentiment>Strong Sell</Sentiment></Message><Message type="ReplyMessage"><Id>1371479337013-14</Id><Topic><Title>Grocery Business</Title><Username>nje457</Username><Timestamp>1371411006246</Timestamp><DateTime>Sun, 2013-06-16 15:30:06 EDT</DateTime></Topic><Msg>Produce delivery such a terrible ideas. American are getting more fat and lazy by the minute. In the LA area, if your food are left on the front porch chances are you just volunteered yourself to be Robin Hood.</Msg><Username>tung_5000</Username><Timestamp>1371479337013</Timestamp><DateTime>Mon, 2013-06-17 10:28:57 EDT</DateTime><ThumbUp>2</ThumbUp><ThumbDown>0</ThumbDown><Sentiment/></Message><Message type="ReplyMessage"><Id>1371479672037-15</Id><Topic><Title>If AMZN does not test $281.11 within the first 43 minutes of trading today . . .</Title><Username>geegenjar</Username><Timestamp>1371474747426</Timestamp><DateTime>Mon, 2013-06-17 09:12:27 EDT</DateTime></Topic><Msg>Testing $281.11 won't happen today. If it was to happen, it would have happened already.</Msg><Username>geegenjar</Username><Timestamp>1371479672037</Timestamp><DateTime>Mon, 2013-06-17 10:34:32 EDT</DateTime><ThumbUp>1</ThumbUp><ThumbDown>0</ThumbDown><Sentiment/></Message><Message type="TopicMessage"><Id>1371479849290-16</Id><Title>SSH 279.1</Title><Msg>500 sh.</Msg><Username>nje457</Username><Timestamp>1371479849290</Timestamp><DateTime>Mon, 2013-06-17 10:37:29 EDT</DateTime><ThumbUp>0</ThumbUp><ThumbDown>0</ThumbDown><Sentiment/></Message><Message type="ReplyMessage"><Id>1371480189387-17</Id><Topic><Title>short 278</Title><Username>xdon69</Username><Timestamp>1371477406321</Timestamp><DateTime>Mon, 2013-06-17 09:56:46 EDT</DateTime></Topic><Msg>Xdon69, Sybil's Mini-me, is acting like Sybil! They'll both get wiped out.</Msg><Username>geegenjar</Username><Timestamp>1371480189387</Timestamp><DateTime>Mon, 2013-06-17 10:43:09 EDT</DateTime><ThumbUp>0</ThumbUp><ThumbDown>1</ThumbDown><Sentiment/></Message><Message type="ReplyMessage"><Id>1371480267981-18</Id><Topic><Title>short 278</Title><Username>xdon69</Username><Timestamp>1371477406321</Timestamp><DateTime>Mon, 2013-06-17 09:56:46 EDT</DateTime></Topic><Msg>lol u #$%$</Msg><Username>xdon69</Username><Timestamp>1371480267981</Timestamp><DateTime>Mon, 2013-06-17 10:44:27 EDT</DateTime><ThumbUp>0</ThumbUp><ThumbDown>0</ThumbDown><Sentiment/></Message><Message type="ReplyMessage"><Id>1371480462247-19</Id><Topic><Title>Grocery Business</Title><Username>nje457</Username><Timestamp>1371411006246</Timestamp><DateTime>Sun, 2013-06-16 15:30:06 EDT</DateTime></Topic><Msg>1/3 of Angelinos are hispanics, so they don't need a Van to bring home the grocery. Seniors are struggling due to high inflation and 0% rate policy. Ultra rich folks have their personal assistants. Many others with a job can make a quick pit stop at the local supermarket on the way home. This scam is DOA!</Msg><Username>nje457</Username><Timestamp>1371480462247</Timestamp><DateTime>Mon, 2013-06-17 10:47:42 EDT</DateTime><ThumbUp>0</ThumbUp><ThumbDown>0</ThumbDown><Sentiment/></Message><Message type="ReplyMessage"><Id>1371481210215-20</Id><Topic><Title>Shorts are gettin nervous.</Title><Username>geegenjar</Username><Timestamp>1371215216742</Timestamp><DateTime>Fri, 2013-06-14 09:06:56 EDT</DateTime></Topic><Msg>They are wondering, "He, AMZN plunges a couple of points so easily. Why aren't I making any money?" How dumber can people get?</Msg><Username>geegenjar</Username><Timestamp>1371481210215</Timestamp><DateTime>Mon, 2013-06-17 11:00:10 EDT</DateTime><ThumbUp>0</ThumbUp><ThumbDown>0</ThumbDown><Sentiment/></Message><Message type="TopicMessage"><Id>1371481309293-21</Id><Title>Best scenario for me.</Title><Msg>AMZN will meander here for a few days so that I can accumulate lots of calls at reasonable prices. Shorts, I'm counting on you to keep shorting around here. Thank you.</Msg><Username>geegenjar</Username><Timestamp>1371481309293</Timestamp><DateTime>Mon, 2013-06-17 11:01:49 EDT</DateTime><ThumbUp>0</ThumbUp><ThumbDown>0</ThumbDown><Sentiment/></Message><Message type="TopicMessage"><Id>1371481574897-22</Id><Title>That's it. I'm buying calls now.</Title><Msg>Shorts here are ready to commit suicide. Damn. I thought they'd hang on a little longer. (Hahaha . . . I'm kidding. I'm going to wait for a meaning dip or two.)</Msg><Username>geegenjar</Username><Timestamp>1371481574897</Timestamp><DateTime>Mon, 2013-06-17 11:06:14 EDT</DateTime><ThumbUp>0</ThumbUp><ThumbDown>0</ThumbDown><Sentiment/></Message><Message type="ReplyMessage"><Id>1371481599608-23</Id><Topic><Title>Best scenario for me.</Title><Username>geegenjar</Username><Timestamp>1371481309293</Timestamp><DateTime>Mon, 2013-06-17 11:01:49 EDT</DateTime></Topic><Msg>not going to happen I think this goes red to 270 or lower this week but my next short is 282 if it get there LOL</Msg><Username>xdon69</Username><Timestamp>1371481599608</Timestamp><DateTime>Mon, 2013-06-17 11:06:39 EDT</DateTime><ThumbUp>0</ThumbUp><ThumbDown>0</ThumbDown><Sentiment/></Message><Message type="ReplyMessage"><Id>1371482166188-24</Id><Topic><Title>Cover below 281.23 if you can.</Title><Username>geegenjar</Username><Timestamp>1371130975991</Timestamp><DateTime>Thu, 2013-06-13 09:42:55 EDT</DateTime></Topic><Msg>I told you. Hahahaha . . .</Msg><Username>geegenjar</Username><Timestamp>1371482166188</Timestamp><DateTime>Mon, 2013-06-17 11:16:06 EDT</DateTime><ThumbUp>0</ThumbUp><ThumbDown>0</ThumbDown><Sentiment/></Message><Message type="TopicMessage"><Id>1371482246768-25</Id><Title>Zonmbie shorts will keep shorting to their deaths.</Title><Msg>Hard to believe, but zombies die many times over, as evidenced by shorts here.</Msg><Username>geegenjar</Username><Timestamp>1371482246768</Timestamp><DateTime>Mon, 2013-06-17 11:17:26 EDT</DateTime><ThumbUp>0</ThumbUp><ThumbDown>0</ThumbDown><Sentiment/></Message><Message type="TopicMessage"><Id>1371482279377-26</Id><Title>Gee, I wonder who is selling right here???</Title><Msg>Distribution day.</Msg><Username>gigabyte426</Username><Timestamp>1371482279377</Timestamp><DateTime>Mon, 2013-06-17 11:17:59 EDT</DateTime><ThumbUp>0</ThumbUp><ThumbDown>1</ThumbDown><Sentiment/></Message><Message type="TopicMessage"><Id>1371482506024-27</Id><Title>Why is AMZN so weak today?</Title><Msg>Should be testing $290 now. Why is AMZN so weak today?</Msg><Username>geegenjar</Username><Timestamp>1371482506024</Timestamp><DateTime>Mon, 2013-06-17 11:21:46 EDT</DateTime><ThumbUp>0</ThumbUp><ThumbDown>0</ThumbDown><Sentiment/></Message><Message type="TopicMessage"><Id>1371483022552-28</Id><Title>Shorts here are suffocating . . .</Title><Msg>. . . they'll kill other shorts for air.</Msg><Username>geegenjar</Username><Timestamp>1371483022552</Timestamp><DateTime>Mon, 2013-06-17 11:30:22 EDT</DateTime><ThumbUp>0</ThumbUp><ThumbDown>0</ThumbDown><Sentiment/></Message><Message type="TopicMessage"><Id>1371483353353-29</Id><Title>added to short 279.83</Title><Msg>oh yeah</Msg><Username>xdon69</Username><Timestamp>1371483353353</Timestamp><DateTime>Mon, 2013-06-17 11:35:53 EDT</DateTime><ThumbUp>0</ThumbUp><ThumbDown>0</ThumbDown><Sentiment/></Message><Message type="ReplyMessage"><Id>1371483487493-30</Id><Topic><Title>added to short 279.83</Title><Username>xdon69</Username><Timestamp>1371483353353</Timestamp><DateTime>Mon, 2013-06-17 11:35:53 EDT</DateTime></Topic><Msg>Xdon69 = Sybil's Mini-Me = Sybil.</Msg><Username>geegenjar</Username><Timestamp>1371483487493</Timestamp><DateTime>Mon, 2013-06-17 11:38:07 EDT</DateTime><ThumbUp>0</ThumbUp><ThumbDown>0</ThumbDown><Sentiment/></Message><Message type="ReplyMessage"><Id>1371483537716-31</Id><Topic><Title>added to short 279.83</Title><Username>xdon69</Username><Timestamp>1371483353353</Timestamp><DateTime>Mon, 2013-06-17 11:35:53 EDT</DateTime></Topic><Msg>LOL geegee your to #$%$</Msg><Username>xdon69</Username><Timestamp>1371483537716</Timestamp><DateTime>Mon, 2013-06-17 11:38:57 EDT</DateTime><ThumbUp>0</ThumbUp><ThumbDown>0</ThumbDown><Sentiment/></Message><Message type="TopicMessage"><Id>1371483658487-32</Id><Title>Best buy taking big bite out of amazon, amzn warns and here we sit at $280....Somebody is an idiot , hope its not me cause I have a ton of</Title><Msg>dry powder.</Msg><Username>gigabyte426</Username><Timestamp>1371483658487</Timestamp><DateTime>Mon, 2013-06-17 11:40:58 EDT</DateTime><ThumbUp>0</ThumbUp><ThumbDown>1</ThumbDown><Sentiment/></Message><Message type="ReplyMessage"><Id>1371483807246-33</Id><Topic><Title>Best buy taking big bite out of amazon, amzn warns and here we sit at $280....Somebody is an idiot , hope its not me cause I have a ton of</Title><Username>gigabyte426</Username><Timestamp>1371483658487</Timestamp><DateTime>Mon, 2013-06-17 11:40:58 EDT</DateTime></Topic><Msg>your not an idiot but somebody is this pig has no cash flow</Msg><Username>xdon69</Username><Timestamp>1371483807246</Timestamp><DateTime>Mon, 2013-06-17 11:43:27 EDT</DateTime><ThumbUp>0</ThumbUp><ThumbDown>0</ThumbDown><Sentiment/></Message><Message type="ReplyMessage"><Id>1371483851011-34</Id><Topic><Title>Shorts here are suffocating . . .</Title><Username>geegenjar</Username><Timestamp>1371483022552</Timestamp><DateTime>Mon, 2013-06-17 11:30:22 EDT</DateTime></Topic><Msg>nope adding.....mulletts continue to get long at the tops</Msg><Username>wjkram</Username><Timestamp>1371483851011</Timestamp><DateTime>Mon, 2013-06-17 11:44:11 EDT</DateTime><ThumbUp>0</ThumbUp><ThumbDown>0</ThumbDown><Sentiment/></Message><Message type="ReplyMessage"><Id>1371484319583-35</Id><Topic><Title>Shorts here are suffocating . . .</Title><Username>geegenjar</Username><Timestamp>1371483022552</Timestamp><DateTime>Mon, 2013-06-17 11:30:22 EDT</DateTime></Topic><Msg>wjkram: "nope adding....." Do you know why? Because you still think this is going to tank. Now, just look around and guess how many other shorts are thinking like that? Almost all of them.</Msg><Username>geegenjar</Username><Timestamp>1371484319583</Timestamp><DateTime>Mon, 2013-06-17 11:51:59 EDT</DateTime><ThumbUp>0</ThumbUp><ThumbDown>0</ThumbDown><Sentiment/></Message><Message type="TopicMessage"><Id>1371484350615-36</Id><Title>It won't be overpriced until the PE is at 1000</Title><Msg>WAIT, the PE is 3300. Oh sheeet</Msg><Username>meester_mccormik</Username><Timestamp>1371484350615</Timestamp><DateTime>Mon, 2013-06-17 11:52:30 EDT</DateTime><ThumbUp>0</ThumbUp><ThumbDown>0</ThumbDown><Sentiment/></Message><Message type="ReplyMessage"><Id>1371484570381-37</Id><Topic><Title>jagdeep_m2000: November, 2009</Title><Username>geegenjar</Username><Timestamp>1370091826401</Timestamp><DateTime>Sat, 2013-06-01 09:03:46 EDT</DateTime></Topic><Msg>"Shorts, you will be next jagdeep_m2000 = DowTo6K, if you don't deal with your "situations" fast." Hohoho . . .</Msg><Username>geegenjar</Username><Timestamp>1371484570381</Timestamp><DateTime>Mon, 2013-06-17 11:56:10 EDT</DateTime><ThumbUp>0</ThumbUp><ThumbDown>0</ThumbDown><Sentiment/></Message><Message type="TopicMessage"><Id>1371484752283-38</Id><Title>BACHRACH SEZ: AMZN HAS BOTTOMED AND IS READY TO EXPLODE PAST $284.52</Title><Msg>DADASDADA</Msg><Username>bachrachjeff</Username><Timestamp>1371484752283</Timestamp><DateTime>Mon, 2013-06-17 11:59:12 EDT</DateTime><ThumbUp>0</ThumbUp><ThumbDown>0</ThumbDown><Sentiment/></Message><Message type="TopicMessage"><Id>1371484753338-39</Id><Title>You don't have to end up like our one of our biggest losers: jagdeep_m2000 and DowTo6K</Title><Msg>jagdeep_m2000: November, 2009 jagdeep_m2000 on November 6.2009: "By the way..I am also short at 120." jagdeep_m2000 on November 10, 2009: "Today all time high has been set!! It just won't go up anymore." jagdeep_m2000 on November 10, 2009: "If Cramer called it a BUY..then SELL hand over fist...he is ALWAYS wrong. Just do the opposite. Thanks Cramer." jagdeep_m2000 on November 10, 2009: "More certain about the fall...the higher you go..the longer you have to fall...and don't pretend..you know it too...even though Its hard for me to believe that individuals own AMZN...it has to be MMs at this price..coz individuals can't be that ignorant or stupid." jagdeep_m2000 on November 10, 2009: "I am also short 400 shares :(..and honestly..DO NOT cover. The same thing happened to me with GS..I was short at 170 and I covered it too soon. It did go below 170...Patience..I am positive..AMZN will pull back 10% + this month.." jagdeep_m2000 on November 10, 2009: "and if you HOLD on to your shorts..you might end up buying the gas station...Give it a few days..or a couple weeks.." jagdeep_m2000 on November 10, 2009: "GUYs...be greedy now...short it..hand over fist...it will be the easiest money you make." AMZN around that time: Nov 13, 2009 131.16 132.99 129.75 132.97 7,376,800 132.97 Nov 12, 2009 129.98 132.15 129.98 130.53 7,210,100 130.53 Nov 11, 2009 131.08 131.31 128.33 129.91 7,434,200 129.91 Nov 10, 2009 126.80 130.61 126.00 130.15 10,529,300 130.15 Nov 9, 2009 127.11 128.32 125.59 126.67 8,624,200 126.67 Nov 6, 2009 123.00 126.98 122.67 126.20 13,226,000 126.20 Nov 5, 2009 117.46 120.95 116.25 120.61 9,086,800 120.61 Nov 4, 2009 119.00 119.25 116.76 117.10 7,617,500 117.10 Nov 3, 2009 117.67 118.88 116.63 118.37 9,478,500 118.37 Jagdeep_m2000 dreamt of making money and was happy in November, 2009. Jageep_m200 = DowTo6K shorted AMZN when she was around $120, dreaming of making a quick $10 or $15 a share. He's been short since.</Msg><Username>geegenjar</Username><Timestamp>1371484753338</Timestamp><DateTime>Mon, 2013-06-17 11:59:13 EDT</DateTime><ThumbUp>0</ThumbUp><ThumbDown>0</ThumbDown><Sentiment/></Message><Message type="TopicMessage"><Id>1371484773919-40</Id><Title>A CLOSE ABOVE $284.5 IS VEDDY IMP!!</Title><Msg>DASDASDASDA</Msg><Username>bachrachjeff</Username><Timestamp>1371484773919</Timestamp><DateTime>Mon, 2013-06-17 11:59:33 EDT</DateTime><ThumbUp>0</ThumbUp><ThumbDown>0</ThumbDown><Sentiment/></Message><Message type="TopicMessage"><Id>1371484994172-41</Id><Title>Many shorts are thinkig . . . "Hey, I shorted . . .</Title><Msg>. . . for a quick $10-15 a share. Sure I got $1 or $2 quickly, but the profit I was sure would expand quickly disappeared in minutes and I got into the red with my AMZN shorts quickly. Then I learned from other "seasoned" shorts, like Sybil and techstrategy that time is on our side, so I decided to be a long-term investor determined to hold my losing shorts "forever." Well, it's been several weeks since I turned a long-term investor, and my loss has been steadily increasing!</Msg><Username>geegenjar</Username><Timestamp>1371484994172</Timestamp><DateTime>Mon, 2013-06-17 12:03:14 EDT</DateTime><ThumbUp>0</ThumbUp><ThumbDown>0</ThumbDown><Sentiment/></Message><Message type="ReplyMessage"><Id>1371485353188-42</Id><Topic><Title>You don't have to end up like our one of our biggest losers: jagdeep_m2000 and DowTo6K</Title><Username>geegenjar</Username><Timestamp>1371484753338</Timestamp><DateTime>Mon, 2013-06-17 11:59:13 EDT</DateTime></Topic><Msg>when your here pumping I know its time to short</Msg><Username>xdon69</Username><Timestamp>1371485353188</Timestamp><DateTime>Mon, 2013-06-17 12:09:13 EDT</DateTime><ThumbUp>0</ThumbUp><ThumbDown>0</ThumbDown><Sentiment/></Message><Message type="ReplyMessage"><Id>1371485362954-43</Id><Topic><Title>Cover below 281.23 if you can.</Title><Username>geegenjar</Username><Timestamp>1371130975991</Timestamp><DateTime>Thu, 2013-06-13 09:42:55 EDT</DateTime></Topic><Msg>xdon69: "will short there" But you've exhausted you play money already. You shorted at 278 and 279 and change.</Msg><Username>geegenjar</Username><Timestamp>1371485362954</Timestamp><DateTime>Mon, 2013-06-17 12:09:22 EDT</DateTime><ThumbUp>0</ThumbUp><ThumbDown>0</ThumbDown><Sentiment/></Message><Message type="TopicMessage"><Id>1371485435706-44</Id><Title>Shorts here know they shouldn't short now . . .</Title><Msg>. . . but they can't help to short. They're brain-dead. Zombies, if you will.</Msg><Username>geegenjar</Username><Timestamp>1371485435706</Timestamp><DateTime>Mon, 2013-06-17 12:10:35 EDT</DateTime><ThumbUp>0</ThumbUp><ThumbDown>0</ThumbDown><Sentiment/></Message><Message type="TopicMessage"><Id>1371486336207-45</Id><Title>Looks like weak #$%$ squeeze what other smuck would buy here????</Title><Msg>S</Msg><Username>gigabyte426</Username><Timestamp>1371486336207</Timestamp><DateTime>Mon, 2013-06-17 12:25:36 EDT</DateTime><ThumbUp>0</ThumbUp><ThumbDown>1</ThumbDown><Sentiment/></Message><Message type="TopicMessage"><Id>1371486387725-46</Id><Title>Not that many shorts only 2% of float</Title><Msg>Can't have a short squeeze here. Need a stock like CLF which is all primed for a short squeeze with 32% of the float shorted not like AMZN with only 2%.</Msg><Username>sirtom99</Username><Timestamp>1371486387725</Timestamp><DateTime>Mon, 2013-06-17 12:26:27 EDT</DateTime><ThumbUp>0</ThumbUp><ThumbDown>0</ThumbDown><Sentiment/></Message><Message type="ReplyMessage"><Id>1371486757054-47</Id><Topic><Title>Shorts here know they shouldn't short now . . .</Title><Username>geegenjar</Username><Timestamp>1371485435706</Timestamp><DateTime>Mon, 2013-06-17 12:10:35 EDT</DateTime></Topic><Msg>speaking of brain dead how your mom does she still think of the pounding I gave that #$%$ y</Msg><Username>xdon69</Username><Timestamp>1371486757054</Timestamp><DateTime>Mon, 2013-06-17 12:32:37 EDT</DateTime><ThumbUp>0</ThumbUp><ThumbDown>0</ThumbDown><Sentiment/></Message><Message type="TopicMessage"><Id>1371487082745-48</Id><Title>geegio, don't listen to xdon</Title><Msg>just keep posting your gibberish we like when u talk about zombies</Msg><Username>junkfood_pe</Username><Timestamp>1371487082745</Timestamp><DateTime>Mon, 2013-06-17 12:38:02 EDT</DateTime><ThumbUp>0</ThumbUp><ThumbDown>2</ThumbDown><Sentiment/></Message><Message type="TopicMessage"><Id>1371488014331-49</Id><Title>Stock ends week at 270</Title><Msg>Keep covering here you idiots.</Msg><Username>gigabyte426</Username><Timestamp>1371488014331</Timestamp><DateTime>Mon, 2013-06-17 12:53:34 EDT</DateTime><ThumbUp>1</ThumbUp><ThumbDown>1</ThumbDown><Sentiment/></Message><Message type="TopicMessage"><Id>1371488177438-50</Id><Title>Amazon should open a store within a store at BestBuy.</Title><Msg>thats innovation.</Msg><Username>gigabyte426</Username><Timestamp>1371488177438</Timestamp><DateTime>Mon, 2013-06-17 12:56:17 EDT</DateTime><ThumbUp>0</ThumbUp><ThumbDown>1</ThumbDown><Sentiment/></Message><Message type="TopicMessage"><Id>1371489193777-51</Id><Title>if it hits 282 end of day.</Title><Msg>It will be a good time to short. The 275 put will be worth $1. And then see it go to $4 tomorrow.</Msg><Username>it_all_goood</Username><Timestamp>1371489193777</Timestamp><DateTime>Mon, 2013-06-17 13:13:13 EDT</DateTime><ThumbUp>0</ThumbUp><ThumbDown>0</ThumbDown><Sentiment/></Message><Message type="ReplyMessage"><Id>1371489278955-52</Id><Topic><Title>if it hits 282 end of day.</Title><Username>it_all_goood</Username><Timestamp>1371489193777</Timestamp><DateTime>Mon, 2013-06-17 13:13:13 EDT</DateTime></Topic><Msg>Buying this stock for long term gains never makes sense to me. Yes they grow but at a huge expense of 100% profit. What happens when that stops working?</Msg><Username>it_all_goood</Username><Timestamp>1371489278955</Timestamp><DateTime>Mon, 2013-06-17 13:14:38 EDT</DateTime><ThumbUp>0</ThumbUp><ThumbDown>0</ThumbDown><Sentiment/></Message><Message type="TopicMessage"><Id>1371489327964-53</Id><Title>Shorts here are complaing . . .</Title><Msg>. . . "Hey, AMZN just dropped a couple of points from today's high. How come am I still deeply in the red?" How dumb can people get? Really.</Msg><Username>geegenjar</Username><Timestamp>1371489327964</Timestamp><DateTime>Mon, 2013-06-17 13:15:27 EDT</DateTime><ThumbUp>0</ThumbUp><ThumbDown>0</ThumbDown><Sentiment/></Message><Message type="TopicMessage"><Id>1371489956700-54</Id><Title>where is ling chen</Title><Msg>eom</Msg><Username>xdon69</Username><Timestamp>1371489956700</Timestamp><DateTime>Mon, 2013-06-17 13:25:56 EDT</DateTime><ThumbUp>0</ThumbUp><ThumbDown>0</ThumbDown><Sentiment/></Message><Message type="ReplyMessage"><Id>1371490487301-55</Id><Topic><Title>It won't be overpriced until the PE is at 1000</Title><Username>meester_mccormik</Username><Timestamp>1371484350615</Timestamp><DateTime>Mon, 2013-06-17 11:52:30 EDT</DateTime></Topic><Msg>Lol, there is no PE only accounting tricks. Q2 report could be ugly. There's no one buying except for HFT skimming a few cents here and there or the pensions/401ks that are ignorance, on purpose, as usual.</Msg><Username>tung_5000</Username><Timestamp>1371490487301</Timestamp><DateTime>Mon, 2013-06-17 13:34:47 EDT</DateTime><ThumbUp>1</ThumbUp><ThumbDown>0</ThumbDown><Sentiment/></Message><Message type="ReplyMessage"><Id>1371491095229-56</Id><Topic><Title>geegio, don't listen to xdon</Title><Username>junkfood_pe</Username><Timestamp>1371487082745</Timestamp><DateTime>Mon, 2013-06-17 12:38:02 EDT</DateTime></Topic><Msg>You do know that xdon69 is Sybyil's Mini-Me, don't you?</Msg><Username>geegenjar</Username><Timestamp>1371491095229</Timestamp><DateTime>Mon, 2013-06-17 13:44:55 EDT</DateTime><ThumbUp>0</ThumbUp><ThumbDown>0</ThumbDown><Sentiment/></Message><Message type="ReplyMessage"><Id>1371491455216-57</Id><Topic><Title>Not that many shorts only 2% of float</Title><Username>sirtom99</Username><Timestamp>1371486387725</Timestamp><DateTime>Mon, 2013-06-17 12:26:27 EDT</DateTime></Topic><Msg>You have to realize that about 87% of float is not really float, so about 15% of "float" is shorted. Not really high, but high enough to squeeze shorts here.</Msg><Username>geegenjar</Username><Timestamp>1371491455216</Timestamp><DateTime>Mon, 2013-06-17 13:50:55 EDT</DateTime><ThumbUp>0</ThumbUp><ThumbDown>0</ThumbDown><Sentiment/></Message><Message type="TopicMessage"><Id>1371492391068-58</Id><Title>Shorts here are actually pumpers.</Title><Msg>Their job is to appear to be shorts and really dumb so that longs feel comfortable buying AMZN, thinking, "Hey if these stupid people are shorting, they must be wrong, so AMZN must be a buy now." I mean real people can't be as stupid as these shorts hear appear to be, no? Isn't that just physical impossibility? I may be wrong, though. Hahahaha . . .</Msg><Username>geegenjar</Username><Timestamp>1371492391068</Timestamp><DateTime>Mon, 2013-06-17 14:06:31 EDT</DateTime><ThumbUp>0</ThumbUp><ThumbDown>0</ThumbDown><Sentiment/></Message><Message type="TopicMessage"><Id>1371492496746-59</Id><Title>Put a fork in it.</Title><Msg>Y</Msg><Username>gigabyte426</Username><Timestamp>1371492496746</Timestamp><DateTime>Mon, 2013-06-17 14:08:16 EDT</DateTime><ThumbUp>0</ThumbUp><ThumbDown>1</ThumbDown><Sentiment/></Message><Message type="ReplyMessage"><Id>1371492742698-60</Id><Topic><Title>SSH 279.1</Title><Username>nje457</Username><Timestamp>1371479849290</Timestamp><DateTime>Mon, 2013-06-17 10:37:29 EDT</DateTime></Topic><Msg>Out @ 278.</Msg><Username>nje457</Username><Timestamp>1371492742698</Timestamp><DateTime>Mon, 2013-06-17 14:12:22 EDT</DateTime><ThumbUp>0</ThumbUp><ThumbDown>0</ThumbDown><Sentiment/></Message><Message type="ReplyMessage"><Id>1371492815232-61</Id><Topic><Title>Shorts here are actually pumpers.</Title><Username>geegenjar</Username><Timestamp>1371492391068</Timestamp><DateTime>Mon, 2013-06-17 14:06:31 EDT</DateTime></Topic><Msg>who need shorts when we have u</Msg><Username>junkfood_pe</Username><Timestamp>1371492815232</Timestamp><DateTime>Mon, 2013-06-17 14:13:35 EDT</DateTime><ThumbUp>0</ThumbUp><ThumbDown>1</ThumbDown><Sentiment/></Message><Message type="TopicMessage"><Id>1371492829319-62</Id><Title>$277 is in sight.</Title><Msg>Suddenly got mighty interesting!</Msg><Username>geegenjar</Username><Timestamp>1371492829319</Timestamp><DateTime>Mon, 2013-06-17 14:13:49 EDT</DateTime><ThumbUp>0</ThumbUp><ThumbDown>0</ThumbDown><Sentiment/></Message><Message type="TopicMessage"><Id>1371494060276-63</Id><Title>i made money again</Title><Msg>eom</Msg><Username>xdon69</Username><Timestamp>1371494060276</Timestamp><DateTime>Mon, 2013-06-17 14:34:20 EDT</DateTime><ThumbUp>0</ThumbUp><ThumbDown>0</ThumbDown><Sentiment/></Message><Message type="TopicMessage"><Id>1371494601394-64</Id><Title>276.25 is in sight!</Title><Msg>Hooah!</Msg><Username>geegenjar</Username><Timestamp>1371494601394</Timestamp><DateTime>Mon, 2013-06-17 14:43:21 EDT</DateTime><ThumbUp>0</ThumbUp><ThumbDown>0</ThumbDown><Sentiment/></Message><Message type="ReplyMessage"><Id>1371494654217-65</Id><Topic><Title>276.25 is in sight!</Title><Username>geegenjar</Username><Timestamp>1371494601394</Timestamp><DateTime>Mon, 2013-06-17 14:43:21 EDT</DateTime></Topic><Msg>Maybe I can buy calls cheap when she tests 275 in the next couple of hours.</Msg><Username>geegenjar</Username><Timestamp>1371494654217</Timestamp><DateTime>Mon, 2013-06-17 14:44:14 EDT</DateTime><ThumbUp>0</ThumbUp><ThumbDown>0</ThumbDown><Sentiment/></Message><Message type="TopicMessage"><Id>1371494857027-66</Id><Title>273.75 critical.</Title><Msg>Not really. No one gets excited until she test 270.</Msg><Username>geegenjar</Username><Timestamp>1371494857027</Timestamp><DateTime>Mon, 2013-06-17 14:47:37 EDT</DateTime><ThumbUp>0</ThumbUp><ThumbDown>0</ThumbDown><Sentiment/></Message><Message type="TopicMessage"><Id>1371495016160-67</Id><Title>SELL SELL SELL</Title><Msg>SELL SELL SELL</Msg><Username>wjkram</Username><Timestamp>1371495016160</Timestamp><DateTime>Mon, 2013-06-17 14:50:16 EDT</DateTime><ThumbUp>0</ThumbUp><ThumbDown>0</ThumbDown><Sentiment/></Message><Message type="TopicMessage"><Id>1371495336107-68</Id><Title>an yet again i mke money</Title><Msg>poor geegee</Msg><Username>xdon69</Username><Timestamp>1371495336107</Timestamp><DateTime>Mon, 2013-06-17 14:55:36 EDT</DateTime><ThumbUp>0</ThumbUp><ThumbDown>0</ThumbDown><Sentiment/></Message><Message type="TopicMessage"><Id>1371495405068-69</Id><Title>265 in sight</Title><Msg>eom</Msg><Username>xdon69</Username><Timestamp>1371495405068</Timestamp><DateTime>Mon, 2013-06-17 14:56:45 EDT</DateTime><ThumbUp>0</ThumbUp><ThumbDown>0</ThumbDown><Sentiment/></Message><Message type="TopicMessage"><Id>1371497334624-70</Id><Title>$2 is a spread between bid and ask.</Title><Msg>Get used to it. 279 next.</Msg><Username>geegenjar</Username><Timestamp>1371497334624</Timestamp><DateTime>Mon, 2013-06-17 15:28:54 EDT</DateTime><ThumbUp>0</ThumbUp><ThumbDown>0</ThumbDown><Sentiment/></Message><Message type="TopicMessage"><Id>1371497979874-71</Id><Title>Action: Sell Short</Title><Msg>Status: FILLED at $229.00 Symbol: NFLX Description: NETFLIX INC Action: Sell Short Quantity: 300 Filled Quantity: 300</Msg><Username>sybil_rulez</Username><Timestamp>1371497979874</Timestamp><DateTime>Mon, 2013-06-17 15:39:39 EDT</DateTime><ThumbUp>0</ThumbUp><ThumbDown>0</ThumbDown><Sentiment/></Message><Message type="ReplyMessage"><Id>1371498219782-72</Id><Topic><Title>an yet again i mke money</Title><Username>xdon69</Username><Timestamp>1371495336107</Timestamp><DateTime>Mon, 2013-06-17 14:55:36 EDT</DateTime></Topic><Msg>I'm still down in my core position. But I'm jacking em with my quick trades here and there.</Msg><Username>tung_5000</Username><Timestamp>1371498219782</Timestamp><DateTime>Mon, 2013-06-17 15:43:39 EDT</DateTime><ThumbUp>0</ThumbUp><ThumbDown>0</ThumbDown><Sentiment/></Message><Message type="ReplyMessage"><Id>1371498772693-73</Id><Topic><Title>Action: Sell Short</Title><Username>sybil_rulez</Username><Timestamp>1371497979874</Timestamp><DateTime>Mon, 2013-06-17 15:39:39 EDT</DateTime></Topic><Msg>Sybil, aren't you a woman of your words?</Msg><Username>geegenjar</Username><Timestamp>1371498772693</Timestamp><DateTime>Mon, 2013-06-17 15:52:52 EDT</DateTime><ThumbUp>0</ThumbUp><ThumbDown>0</ThumbDown><Sentiment/></Message><Message type="ReplyMessage"><Id>1371498783942-74</Id><Topic><Title>an yet again i mke money</Title><Username>xdon69</Username><Timestamp>1371495336107</Timestamp><DateTime>Mon, 2013-06-17 14:55:36 EDT</DateTime></Topic><Msg>I also in the same boat keep shorting looking for 281 - 285</Msg><Username>xdon69</Username><Timestamp>1371498783942</Timestamp><DateTime>Mon, 2013-06-17 15:53:03 EDT</DateTime><ThumbUp>0</ThumbUp><ThumbDown>0</ThumbDown><Sentiment/></Message><Message type="TopicMessage"><Id>1371498825064-75</Id><Title>Action: Sell Short</Title><Msg>Status: FILLED at $278.50 Symbol: AMZN Description: AMAZON INC Action: Sell Short Quantity: 200 Filled Quantity: 200</Msg><Username>sybil_rulez</Username><Timestamp>1371498825064</Timestamp><DateTime>Mon, 2013-06-17 15:53:45 EDT</DateTime><ThumbUp>0</ThumbUp><ThumbDown>0</ThumbDown><Sentiment/></Message><Message type="ReplyMessage"><Id>1371499243519-76</Id><Topic><Title>an yet again i mke money</Title><Username>xdon69</Username><Timestamp>1371495336107</Timestamp><DateTime>Mon, 2013-06-17 14:55:36 EDT</DateTime></Topic><Msg>You just don't when the jackpot in this sucker will hit. Well you can't win the lottery if you don't play... But I can imagine that the institutions that prop it up will have to be tired at some point. I figure they got one more left in em...Than it will be all she wrote.</Msg><Username>tung_5000</Username><Timestamp>1371499243519</Timestamp><DateTime>Mon, 2013-06-17 16:00:43 EDT</DateTime><ThumbUp>0</ThumbUp><ThumbDown>0</ThumbDown><Sentiment/></Message><Message type="TopicMessage"><Id>1371499457877-77</Id><Title>Sybil = xdon69 = Sybil's Mini-Me</Title><Msg>They all think and act alike.</Msg><Username>geegenjar</Username><Timestamp>1371499457877</Timestamp><DateTime>Mon, 2013-06-17 16:04:17 EDT</DateTime><ThumbUp>0</ThumbUp><ThumbDown>0</ThumbDown><Sentiment/></Message><Message type="ReplyMessage"><Id>1371499465039-78</Id><Topic><Title>an yet again i mke money</Title><Username>xdon69</Username><Timestamp>1371495336107</Timestamp><DateTime>Mon, 2013-06-17 14:55:36 EDT</DateTime></Topic><Msg>it may run into earning but think right now were in a range of 271 -285</Msg><Username>xdon69</Username><Timestamp>1371499465039</Timestamp><DateTime>Mon, 2013-06-17 16:04:25 EDT</DateTime><ThumbUp>0</ThumbUp><ThumbDown>0</ThumbDown><Sentiment/></Message><Message type="TopicMessage"><Id>1371499590501-79</Id><Title>Sybil, what's your average AMZN short price now?</Title><Msg>And how many shares are you short now? 16,100 shares?</Msg><Username>geegenjar</Username><Timestamp>1371499590501</Timestamp><DateTime>Mon, 2013-06-17 16:06:30 EDT</DateTime><ThumbUp>0</ThumbUp><ThumbDown>0</ThumbDown><Sentiment/></Message><Message type="ReplyMessage"><Id>1371500058553-80</Id><Topic><Title>Sybil, what's your average AMZN short price now?</Title><Username>geegenjar</Username><Timestamp>1371499590501</Timestamp><DateTime>Mon, 2013-06-17 16:06:30 EDT</DateTime></Topic><Msg>now why would she tell a #$%$ loser like u anything LOL</Msg><Username>xdon69</Username><Timestamp>1371500058553</Timestamp><DateTime>Mon, 2013-06-17 16:14:18 EDT</DateTime><ThumbUp>1</ThumbUp><ThumbDown>0</ThumbDown><Sentiment/></Message><Message type="ReplyMessage"><Id>1371500202741-81</Id><Topic><Title>Sybil = xdon69 = Sybil's Mini-Me</Title><Username>geegenjar</Username><Timestamp>1371499457877</Timestamp><DateTime>Mon, 2013-06-17 16:04:17 EDT</DateTime></Topic><Msg>that's what your mom said LOL</Msg><Username>xdon69</Username><Timestamp>1371500202741</Timestamp><DateTime>Mon, 2013-06-17 16:16:42 EDT</DateTime><ThumbUp>0</ThumbUp><ThumbDown>0</ThumbDown><Sentiment/></Message><Message type="ReplyMessage"><Id>1371502644367-82</Id><Topic><Title>Sybil, what's your average AMZN short price now?</Title><Username>geegenjar</Username><Timestamp>1371499590501</Timestamp><DateTime>Mon, 2013-06-17 16:06:30 EDT</DateTime></Topic><Msg>Nope 25300, sybs covered 600 sharez at 271 and just reopened 200 of them.... Sybs iz not incessently bashing scamazon or bozo geegee, sybs only posting shorts so sybs iz sticking to sybil's commitment of "no bashing 'till 245", which will happen in the blink of an eye if optionz crackheadz stop trying to swing for the fence.</Msg><Username>sybil_rulez</Username><Timestamp>1371502644367</Timestamp><DateTime>Mon, 2013-06-17 16:57:24 EDT</DateTime><ThumbUp>0</ThumbUp><ThumbDown>0</ThumbDown><Sentiment/></Message><Message type="ReplyMessage"><Id>1371502826781-83</Id><Topic><Title>Sybil, what's your average AMZN short price now?</Title><Username>geegenjar</Username><Timestamp>1371499590501</Timestamp><DateTime>Mon, 2013-06-17 16:06:30 EDT</DateTime></Topic><Msg>Typo.... "25300" shpuld be "15300" . The "2" got phat phingured. Now you can see how phlash crashez happen...</Msg><Username>sybil_rulez</Username><Timestamp>1371502826781</Timestamp><DateTime>Mon, 2013-06-17 17:00:26 EDT</DateTime><ThumbUp>0</ThumbUp><ThumbDown>0</ThumbDown><Sentiment/></Message><Message type="ReplyMessage"><Id>1371507268571-84</Id><Topic><Title>AMZN LOCK $16 buy out rumor</Title><Username>chowyangfat1</Username><Timestamp>1368661874277</Timestamp><DateTime>Wed, 2013-05-15 19:51:14 EDT</DateTime></Topic><Msg>Testing</Msg><Username>thesysteminvestor</Username><Timestamp>1371507268571</Timestamp><DateTime>Mon, 2013-06-17 18:14:28 EDT</DateTime><ThumbUp>0</ThumbUp><ThumbDown>0</ThumbDown><Sentiment>Hold</Sentiment></Message><Message type="TopicMessage"><Id>1371521796810-85</Id><Title>Quote of the Day: 6/17/2013</Title><Msg>"I'm not sexist. Sexism is wrong. And being wrong is for women." Yeah, Sybil and xdon69, you two are entitled to be wrong. Bwahahahaha . . . .</Msg><Username>geegenjar</Username><Timestamp>1371521796810</Timestamp><DateTime>Mon, 2013-06-17 22:16:36 EDT</DateTime><ThumbUp>0</ThumbUp><ThumbDown>0</ThumbDown><Sentiment/></Message><Message type="TopicMessage"><Id>1371523106533-86</Id><Title>Get a life, bra.... Jerking off day and night on the yahoo boardz ....</Title><Msg>That aint no life.</Msg><Username>sybil_rulez</Username><Timestamp>1371523106533</Timestamp><DateTime>Mon, 2013-06-17 22:38:26 EDT</DateTime><ThumbUp>1</ThumbUp><ThumbDown>0</ThumbDown><Sentiment/></Message></Date>