<?xml version="1.0" encoding="UTF-8" standalone="no"?><Date date="2013-01-22"><Message type="ReplyMessage"><Id>1358830897820-1</Id><Topic><Title>Chance of a Chipotle-style stock collapse after earnings--62.543%</Title><Username>ex.goldbug</Username><Timestamp>1358797936002</Timestamp><DateTime>Mon, 2013-01-21 14:52:16 EST</DateTime></Topic><Msg>nasdaq, I made a ton of money on the initial decline from $250s to $220 in put spreads late last year, plus have made good money recently in KKD. LNN, PKI and HLF calls (after it bottomed in $20s). Plenty of money to catch the plunge in Amazon when it happens sooner or later .Don't worry.</Msg><Username>ex.goldbug</Username><Timestamp>1358830897820</Timestamp><DateTime>Tue, 2013-01-22 00:01:37 EST</DateTime><ThumbUp>0</ThumbUp><ThumbDown>0</ThumbDown><Sentiment>Strong Sell</Sentiment></Message><Message type="ReplyMessage"><Id>1358831329010-2</Id><Topic><Title>Chance of a Chipotle-style stock collapse after earnings--62.543%</Title><Username>ex.goldbug</Username><Timestamp>1358797936002</Timestamp><DateTime>Mon, 2013-01-21 14:52:16 EST</DateTime></Topic><Msg>With a 3500 PE ratio? They can't squeeze me because I'm not short. I'm in put spreads. I never panic. I pay a small fee every month to rollover the spreads, and will collect when the big plunge happens like I did with Chipotle. If I were short, i would sell puts against the short position to collect the premiums. Maybe even sell put spreads (e.g.short a higher strike and long a lower strike--collect a premium yet still have the lower strike plus the short when the stock plunges).</Msg><Username>ex.goldbug</Username><Timestamp>1358831329010</Timestamp><DateTime>Tue, 2013-01-22 00:08:49 EST</DateTime><ThumbUp>0</ThumbUp><ThumbDown>0</ThumbDown><Sentiment>Strong Sell</Sentiment></Message><Message type="ReplyMessage"><Id>1358831435259-3</Id><Topic><Title>Chance of a Chipotle-style stock collapse after earnings--62.543%</Title><Username>ex.goldbug</Username><Timestamp>1358797936002</Timestamp><DateTime>Mon, 2013-01-21 14:52:16 EST</DateTime></Topic><Msg>Sybil, do you sell weekly or montly puts against your short position to capture the premiums?</Msg><Username>ex.goldbug</Username><Timestamp>1358831435259</Timestamp><DateTime>Tue, 2013-01-22 00:10:35 EST</DateTime><ThumbUp>0</ThumbUp><ThumbDown>0</ThumbDown><Sentiment>Strong Sell</Sentiment></Message><Message type="ReplyMessage"><Id>1358831903108-4</Id><Topic><Title>Chance of a Chipotle-style stock collapse after earnings--62.543%</Title><Username>ex.goldbug</Username><Timestamp>1358797936002</Timestamp><DateTime>Mon, 2013-01-21 14:52:16 EST</DateTime></Topic><Msg>No optionz are a scam... Sybil 'self insurez' by betting responsibly rather than paying a bot sybs gainz in premiumz or being put... Optionz of any form are the biggest suckerz bet going...</Msg><Username>sybil_lives</Username><Timestamp>1358831903108</Timestamp><DateTime>Tue, 2013-01-22 00:18:23 EST</DateTime><ThumbUp>0</ThumbUp><ThumbDown>0</ThumbDown><Sentiment/></Message><Message type="ReplyMessage"><Id>1358835300469-5</Id><Topic><Title>So sybil doesnt have to pay tax on capital gainz for shorting gobs of pcln at 730 and covering them at 520then?</Title><Username>sybil_lives</Username><Timestamp>1358830151195</Timestamp><DateTime>Mon, 2013-01-21 23:49:11 EST</DateTime></Topic><Msg>Sybil, do you know what will happen? You will short more and more as AMZN's price rises, and after your firepower is completely gone, AMZN's price jumps one more time and your broke pulls the plug. You won't even have money to pay for last year's capital gain tax.</Msg><Username>geegenjar</Username><Timestamp>1358835300469</Timestamp><DateTime>Tue, 2013-01-22 01:15:00 EST</DateTime><ThumbUp>0</ThumbUp><ThumbDown>0</ThumbDown><Sentiment/></Message><Message type="ReplyMessage"><Id>1358838275341-6</Id><Topic><Title>Chance of a Chipotle-style stock collapse after earnings--62.543%</Title><Username>ex.goldbug</Username><Timestamp>1358797936002</Timestamp><DateTime>Mon, 2013-01-21 14:52:16 EST</DateTime></Topic><Msg>I didn't mean buy puts, but sell them against your short position. It would be a covered sale of the puts. If you think buying options is a "scam for crackheadz", then it would follow that selling puts short against a short stock position would be a good move, right? If you are short 11,000 shares of Amazon, you could sell up to 110 puts and collect the massive premiums.</Msg><Username>ex.goldbug</Username><Timestamp>1358838275341</Timestamp><DateTime>Tue, 2013-01-22 02:04:35 EST</DateTime><ThumbUp>0</ThumbUp><ThumbDown>0</ThumbDown><Sentiment>Strong Sell</Sentiment></Message><Message type="ReplyMessage"><Id>1358853861267-7</Id><Topic><Title>Chance of a Chipotle-style stock collapse after earnings--62.543%</Title><Username>ex.goldbug</Username><Timestamp>1358797936002</Timestamp><DateTime>Mon, 2013-01-21 14:52:16 EST</DateTime></Topic><Msg>Sybil knowz what you are saying dummy.... Again sybs doesnt take out 'insurance'.... The day the retailer gets saucey and starts writing a selling puts will be the day robots voble them up and then unload their long position.... All optionz are an absolute scam Unless you control a statistically significant portion of the underlying float with a battery of robots to run nanosecend tradez based on statistics and probabilitez with realtime data that comez from being able to loan, leverage, and scalp clients that are working within your pool of float... You have to be an institution like FMR, WORLD CAP,BLACK ROCK, GS, MS, et al. To play optionz and achive a chance and scale needed for consistantly winning out comez... You know that optionz tradez are getting long in the tooth when knuckle head retailerz are trying to explain to each other what institutionz have already been doing for 3.5 yearz solid and how great it iz. "no sybil, i mean would you SELL a put againdt you short position not BUY one. You can make a lot of money SELLING puts and hedge your shorts...""". Fvck in sheeple dummiez think old sybs iz retaaaaarded or something while sybs watchez theze idiots get corraled by robots for mass murder.</Msg><Username>sybil_lives</Username><Timestamp>1358853861267</Timestamp><DateTime>Tue, 2013-01-22 06:24:21 EST</DateTime><ThumbUp>0</ThumbUp><ThumbDown>0</ThumbDown><Sentiment/></Message><Message type="ReplyMessage"><Id>1358854302065-8</Id><Topic><Title>So sybil doesnt have to pay tax on capital gainz for shorting gobs of pcln at 730 and covering them at 520then?</Title><Username>sybil_lives</Username><Timestamp>1358830151195</Timestamp><DateTime>Mon, 2013-01-21 23:49:11 EST</DateTime></Topic><Msg>"Sybil, do you know what will happen?" Yes .... Sybil will calmly await for complacency to finish out and continue to prepared for the backside side of the 300 mile an hour eyewall wind tunnel to hit... Why do you ask?</Msg><Username>sybil_lives</Username><Timestamp>1358854302065</Timestamp><DateTime>Tue, 2013-01-22 06:31:42 EST</DateTime><ThumbUp>0</ThumbUp><ThumbDown>0</ThumbDown><Sentiment/></Message><Message type="TopicMessage"><Id>1358857131631-9</Id><Title>If you wer going to write covered callz then</Title><Msg>why wouldn't you simply sell your stock or a portion it, or short it. If you were going to write and sell puts then why wouldnt you simply cover some or buy the underlying... Option crackheadz are simply the stupidest breed of animal... Robots are happy to separate them from their money and then shoot them.</Msg><Username>sybil_lives</Username><Timestamp>1358857131631</Timestamp><DateTime>Tue, 2013-01-22 07:18:51 EST</DateTime><ThumbUp>0</ThumbUp><ThumbDown>0</ThumbDown><Sentiment/></Message><Message type="TopicMessage"><Id>1358859082278-10</Id><Title>Ohhhhhhoooooi optionz crackheadz</Title><Msg>sybs just saw 3 comercialz in a row pushing optionz.... The old rope a dope to kill the crack head...</Msg><Username>sybil_lives</Username><Timestamp>1358859082278</Timestamp><DateTime>Tue, 2013-01-22 07:51:22 EST</DateTime><ThumbUp>0</ThumbUp><ThumbDown>0</ThumbDown><Sentiment/></Message><Message type="ReplyMessage"><Id>1358860617954-11</Id><Topic><Title>SMALLEST VOL EVER ON AN AMZN BREAKOUT !! What does it tell U ??</Title><Username>optionstrader008</Username><Timestamp>1357601527175</Timestamp><DateTime>Mon, 2013-01-07 18:32:07 EST</DateTime></Topic><Msg>genius............................</Msg><Username>optionstrader008</Username><Timestamp>1358860617954</Timestamp><DateTime>Tue, 2013-01-22 08:16:57 EST</DateTime><ThumbUp>0</ThumbUp><ThumbDown>0</ThumbDown><Sentiment/></Message><Message type="ReplyMessage"><Id>1358860734509-12</Id><Topic><Title>GENTLEMEN.. I reiterate... IMPLOSION of AMZN stock is INEVITABLE..</Title><Username>optionstrader008</Username><Timestamp>1358735729243</Timestamp><DateTime>Sun, 2013-01-20 21:35:29 EST</DateTime></Topic><Msg>Come on bags... buy it...........</Msg><Username>optionstrader008</Username><Timestamp>1358860734509</Timestamp><DateTime>Tue, 2013-01-22 08:18:54 EST</DateTime><ThumbUp>0</ThumbUp><ThumbDown>0</ThumbDown><Sentiment/></Message><Message type="ReplyMessage"><Id>1358860951420-13</Id><Topic><Title>THIN MARGINS , NO PROFIT, ONLY $5B CASH, = DESASTER COMING IS OBVIOUS..</Title><Username>optionstrader008</Username><Timestamp>1358636352016</Timestamp><DateTime>Sat, 2013-01-19 17:59:12 EST</DateTime></Topic><Msg>In could happen in a blink............</Msg><Username>optionstrader008</Username><Timestamp>1358860951420</Timestamp><DateTime>Tue, 2013-01-22 08:22:31 EST</DateTime><ThumbUp>0</ThumbUp><ThumbDown>0</ThumbDown><Sentiment/></Message><Message type="ReplyMessage"><Id>1358861016851-14</Id><Topic><Title>Shorts here know they've lost.</Title><Username>geegenjar</Username><Timestamp>1282503340000</Timestamp><DateTime>Sun, 2010-08-22 14:55:40 EDT</DateTime></Topic><Msg>Same thing. Always.</Msg><Username>geegenjar</Username><Timestamp>1358861016851</Timestamp><DateTime>Tue, 2013-01-22 08:23:36 EST</DateTime><ThumbUp>0</ThumbUp><ThumbDown>0</ThumbDown><Sentiment/></Message><Message type="ReplyMessage"><Id>1358862640797-15</Id><Topic><Title>AMZN would probably just be the stock to look at this quarter.</Title><Username>smithmarcelino553</Username><Timestamp>1358855890482</Timestamp><DateTime>Tue, 2013-01-22 06:58:10 EST</DateTime></Topic><Msg>looks legit</Msg><Username>edwardlavin770</Username><Timestamp>1358862640797</Timestamp><DateTime>Tue, 2013-01-22 08:50:40 EST</DateTime><ThumbUp>8</ThumbUp><ThumbDown>3</ThumbDown><Sentiment/></Message><Message type="ReplyMessage"><Id>1358864137759-16</Id><Topic><Title>AMZN would probably just be the stock to look at this quarter.</Title><Username>smithmarcelino553</Username><Timestamp>1358855890482</Timestamp><DateTime>Tue, 2013-01-22 06:58:10 EST</DateTime></Topic><Msg>they all go up huge</Msg><Username>garywall59</Username><Timestamp>1358864137759</Timestamp><DateTime>Tue, 2013-01-22 09:15:37 EST</DateTime><ThumbUp>2</ThumbUp><ThumbDown>3</ThumbDown><Sentiment/></Message><Message type="TopicMessage"><Id>1358865437745-17</Id><Title>SYBIL METICULOUSLY BROWSES HIS MAGIC MARKER STASH</Title><Msg>He chooses the purple magic marker and proceeds to draw faces on his "monkey". Then he firmly grips the thing, and sings to it.</Msg><Username>singingraptor</Username><Timestamp>1358865437745</Timestamp><DateTime>Tue, 2013-01-22 09:37:17 EST</DateTime><ThumbUp>0</ThumbUp><ThumbDown>0</ThumbDown><Sentiment/></Message><Message type="TopicMessage"><Id>1358865727591-18</Id><Title>THIS TURD NEEDS TO BE FLUSHED DOWN TO 270 TODAY.</Title><Msg>I ownz teh sewerz and i will charge pumperz a hefty premium to process their sheit stox.</Msg><Username>singingraptor</Username><Timestamp>1358865727591</Timestamp><DateTime>Tue, 2013-01-22 09:42:07 EST</DateTime><ThumbUp>0</ThumbUp><ThumbDown>0</ThumbDown><Sentiment/></Message><Message type="TopicMessage"><Id>1358865905108-19</Id><Title>I AM AN EQUAL OPPORTUNITY SYBIL HATER</Title><Msg>I hate pumpers, sybil, basherz, crack head option buyerz and everything in between. That won't stop me from making some serious coin on this trade because I am teh only master of the trade.</Msg><Username>singingraptor</Username><Timestamp>1358865905108</Timestamp><DateTime>Tue, 2013-01-22 09:45:05 EST</DateTime><ThumbUp>0</ThumbUp><ThumbDown>0</ThumbDown><Sentiment/></Message><Message type="ReplyMessage"><Id>1358866009242-20</Id><Topic><Title>Look at this for more details!</Title><Username>hickmanrobertar</Username><Timestamp>1355054505283</Timestamp><DateTime>Sun, 2012-12-09 07:01:45 EST</DateTime></Topic><Msg>Thank you for sharing this report</Msg><Username>alberto.solo</Username><Timestamp>1358866009242</Timestamp><DateTime>Tue, 2013-01-22 09:46:49 EST</DateTime><ThumbUp>0</ThumbUp><ThumbDown>0</ThumbDown><Sentiment/></Message><Message type="TopicMessage"><Id>1358866392608-21</Id><Title>Will she start creeping up for the rest of the day?</Title><Msg>We shall see.</Msg><Username>geegenjar</Username><Timestamp>1358866392608</Timestamp><DateTime>Tue, 2013-01-22 09:53:12 EST</DateTime><ThumbUp>0</ThumbUp><ThumbDown>0</ThumbDown><Sentiment/></Message><Message type="ReplyMessage"><Id>1358866532833-22</Id><Topic><Title>I AM AN EQUAL OPPORTUNITY SYBIL HATER</Title><Username>singingraptor</Username><Timestamp>1358865905108</Timestamp><DateTime>Tue, 2013-01-22 09:45:05 EST</DateTime></Topic><Msg>Shut the fvck up, idiot ... 99% of your schtik iz that of sybs. Get some originality you dope.</Msg><Username>sybil_lives</Username><Timestamp>1358866532833</Timestamp><DateTime>Tue, 2013-01-22 09:55:32 EST</DateTime><ThumbUp>0</ThumbUp><ThumbDown>0</ThumbDown><Sentiment/></Message><Message type="TopicMessage"><Id>1358867078251-23</Id><Title>Did you see HFT hit the market at 10AM</Title><Msg>wonder what was that about ? Who is controlling those super computers ?</Msg><Username>jgiled</Username><Timestamp>1358867078251</Timestamp><DateTime>Tue, 2013-01-22 10:04:38 EST</DateTime><ThumbUp>0</ThumbUp><ThumbDown>0</ThumbDown><Sentiment/></Message><Message type="TopicMessage"><Id>1358867120616-24</Id><Title>This fat pig and the over all pig markets are plain tuckered out....</Title><Msg>absolutely exhausted.... This might be all that pumperz get.... The markets may rise a little more , the dow haz a little room left, but amzn looks to be plain outta gas.</Msg><Username>sybil_lives</Username><Timestamp>1358867120616</Timestamp><DateTime>Tue, 2013-01-22 10:05:20 EST</DateTime><ThumbUp>0</ThumbUp><ThumbDown>0</ThumbDown><Sentiment/></Message><Message type="TopicMessage"><Id>1358867386847-25</Id><Title>Aheee!!!!</Title><Msg>OMG!</Msg><Username>geegenjar</Username><Timestamp>1358867386847</Timestamp><DateTime>Tue, 2013-01-22 10:09:46 EST</DateTime><ThumbUp>0</ThumbUp><ThumbDown>0</ThumbDown><Sentiment/></Message><Message type="ReplyMessage"><Id>1358867611962-26</Id><Topic><Title>SYBIL METICULOUSLY BROWSES HIS MAGIC MARKER STASH</Title><Username>singingraptor</Username><Timestamp>1358865437745</Timestamp><DateTime>Tue, 2013-01-22 09:37:17 EST</DateTime></Topic><Msg>SYBIL IS ANGRY! So he beat the fvck in thing like it owes him money until its red and tender. He should be arrested for cruelty towardz animals beating and singing to his monkey.</Msg><Username>singingraptor</Username><Timestamp>1358867611962</Timestamp><DateTime>Tue, 2013-01-22 10:13:31 EST</DateTime><ThumbUp>0</ThumbUp><ThumbDown>0</ThumbDown><Sentiment/></Message><Message type="ReplyMessage"><Id>1358867757140-27</Id><Topic><Title>This fat pig and the over all pig markets are plain tuckered out....</Title><Username>sybil_lives</Username><Timestamp>1358867120616</Timestamp><DateTime>Tue, 2013-01-22 10:05:20 EST</DateTime></Topic><Msg>GOOG will make AMZN fvck in tank tomorrow. It will cause AMZN to go down like a cheap $2 #$%$ like your mom.</Msg><Username>singingraptor</Username><Timestamp>1358867757140</Timestamp><DateTime>Tue, 2013-01-22 10:15:57 EST</DateTime><ThumbUp>0</ThumbUp><ThumbDown>0</ThumbDown><Sentiment/></Message><Message type="TopicMessage"><Id>1358867933777-28</Id><Title>Bought more calls.</Title><Msg>Hooah!</Msg><Username>geegenjar</Username><Timestamp>1358867933777</Timestamp><DateTime>Tue, 2013-01-22 10:18:53 EST</DateTime><ThumbUp>0</ThumbUp><ThumbDown>0</ThumbDown><Sentiment/></Message><Message type="ReplyMessage"><Id>1358868870233-29</Id><Topic><Title>Did you see HFT hit the market at 10AM</Title><Username>jgiled</Username><Timestamp>1358867078251</Timestamp><DateTime>Tue, 2013-01-22 10:04:38 EST</DateTime></Topic><Msg>It was the HR.... Housing Report. lol</Msg><Username>deluxebuttkickin</Username><Timestamp>1358868870233</Timestamp><DateTime>Tue, 2013-01-22 10:34:30 EST</DateTime><ThumbUp>0</ThumbUp><ThumbDown>0</ThumbDown><Sentiment/></Message><Message type="ReplyMessage"><Id>1358869110339-30</Id><Topic><Title>I AM AN EQUAL OPPORTUNITY SYBIL HATER</Title><Username>singingraptor</Username><Timestamp>1358865905108</Timestamp><DateTime>Tue, 2013-01-22 09:45:05 EST</DateTime></Topic><Msg>Is that suppose to be the "idiotic post of the day" or "idiotic post of the week"?</Msg><Username>dowto6k</Username><Timestamp>1358869110339</Timestamp><DateTime>Tue, 2013-01-22 10:38:30 EST</DateTime><ThumbUp>0</ThumbUp><ThumbDown>0</ThumbDown><Sentiment/></Message><Message type="TopicMessage"><Id>1358869389145-31</Id><Title>BOUGHT 2K SHARES AMZN AT 270.5, READY FOR $5000 DAY TRADING PROFIT</Title><Msg>LETS MOVE BABY!!</Msg><Username>stallone4676</Username><Timestamp>1358869389145</Timestamp><DateTime>Tue, 2013-01-22 10:43:09 EST</DateTime><ThumbUp>0</ThumbUp><ThumbDown>1</ThumbDown><Sentiment/></Message><Message type="TopicMessage"><Id>1358869653455-32</Id><Title>Hmmmmmm...... When will the muzak stop? Who will be left standing? Who will be trapped in this burning building? Who will get trampled by robots exiting tge burning building? When will the koolaid run dry? How many more optionz crackheadz will be murdered?</Title><Msg>So many questionz To be answered - so little time....</Msg><Username>sybil_lives</Username><Timestamp>1358869653455</Timestamp><DateTime>Tue, 2013-01-22 10:47:33 EST</DateTime><ThumbUp>0</ThumbUp><ThumbDown>0</ThumbDown><Sentiment/></Message><Message type="ReplyMessage"><Id>1358870025467-33</Id><Topic><Title>amazing week coming</Title><Username>anthonyferguson10</Username><Timestamp>1358855587033</Timestamp><DateTime>Tue, 2013-01-22 06:53:07 EST</DateTime></Topic><Msg>thank you</Msg><Username>robertbailey781</Username><Timestamp>1358870025467</Timestamp><DateTime>Tue, 2013-01-22 10:53:45 EST</DateTime><ThumbUp>0</ThumbUp><ThumbDown>0</ThumbDown><Sentiment/></Message><Message type="ReplyMessage"><Id>1358870050578-34</Id><Topic><Title>BOUGHT 2K SHARES AMZN AT 270.5, READY FOR $5000 DAY TRADING PROFIT</Title><Username>stallone4676</Username><Timestamp>1358869389145</Timestamp><DateTime>Tue, 2013-01-22 10:43:09 EST</DateTime></Topic><Msg>Paaalllleeeease..... A 'daytrader' buying a momo pig thats topping out... Sybs seen it all now.... Good luck with that one, dummy.</Msg><Username>sybil_lives</Username><Timestamp>1358870050578</Timestamp><DateTime>Tue, 2013-01-22 10:54:10 EST</DateTime><ThumbUp>0</ThumbUp><ThumbDown>0</ThumbDown><Sentiment/></Message><Message type="TopicMessage"><Id>1358870139244-35</Id><Title>SYBIL GOING INTO CARDAIC ARREST!</Title><Msg>His blood vessels are bulging and ready to pop. He is screaming like a mad man. His trading account was deleted by the margin monkeys and they send him a bill for the margin balance due.</Msg><Username>singingraptor</Username><Timestamp>1358870139244</Timestamp><DateTime>Tue, 2013-01-22 10:55:39 EST</DateTime><ThumbUp>0</ThumbUp><ThumbDown>0</ThumbDown><Sentiment/></Message><Message type="TopicMessage"><Id>1358870150441-36</Id><Title>Beware of poster penystoc</Title><Msg>Professional Basher using many ID's trade06 , Dasrhino, Penystoc, (ID used for pump and dump) vjwits and the now deceased ID M945030 canstic2" karauvan M945030 longnshortofit" mortalmyth (also on ihub); ashletran; mgiganti74; ctsgeeky2k; problocker; onein77; oneinrew833 oneinrew3333 oneinrev666; ignatiusarmond1 martin1056 kawaruvin Beware shareHolders to him just Sheep</Msg><Username>alansnowcross</Username><Timestamp>1358870150441</Timestamp><DateTime>Tue, 2013-01-22 10:55:50 EST</DateTime><ThumbUp>0</ThumbUp><ThumbDown>0</ThumbDown><Sentiment/></Message><Message type="ReplyMessage"><Id>1358870156604-37</Id><Topic><Title>Bought more calls.</Title><Username>geegenjar</Username><Timestamp>1358867933777</Timestamp><DateTime>Tue, 2013-01-22 10:18:53 EST</DateTime></Topic><Msg>You ars hole.... Youre Truely an idiot substantially lacking in relevance, geegee.</Msg><Username>sybil_lives</Username><Timestamp>1358870156604</Timestamp><DateTime>Tue, 2013-01-22 10:55:56 EST</DateTime><ThumbUp>0</ThumbUp><ThumbDown>0</ThumbDown><Sentiment/></Message><Message type="TopicMessage"><Id>1358870596844-38</Id><Title>This pig of a momo stock should have cleared 280 . . .</Title><Msg>a week ago . . . on 3-4mil volume . . . especially when you look at the price action and volume since its ascent from 222 range . . . sputter, sputter . . .</Msg><Username>ajmanieri</Username><Timestamp>1358870596844</Timestamp><DateTime>Tue, 2013-01-22 11:03:16 EST</DateTime><ThumbUp>0</ThumbUp><ThumbDown>0</ThumbDown><Sentiment/></Message><Message type="TopicMessage"><Id>1358871475103-39</Id><Title>Oooooohhhhhhoooooooo</Title><Msg>pumperz?</Msg><Username>sybil_lives</Username><Timestamp>1358871475103</Timestamp><DateTime>Tue, 2013-01-22 11:17:55 EST</DateTime><ThumbUp>0</ThumbUp><ThumbDown>0</ThumbDown><Sentiment/></Message><Message type="TopicMessage"><Id>1358872623538-40</Id><Title>Bought more Puts</Title><Msg>weekly $270s paid 1.96 each - appears to have topped but we'll see. I've been wrong about this timing before.</Msg><Username>bg_rox2001</Username><Timestamp>1358872623538</Timestamp><DateTime>Tue, 2013-01-22 11:37:03 EST</DateTime><ThumbUp>0</ThumbUp><ThumbDown>0</ThumbDown><Sentiment>Sell</Sentiment></Message><Message type="TopicMessage"><Id>1358872934958-41</Id><Title>what consequence came from the end of ka-ka-kabooom?</Title><Msg>IDDIOTSS</Msg><Username>mlg4044</Username><Timestamp>1358872934958</Timestamp><DateTime>Tue, 2013-01-22 11:42:14 EST</DateTime><ThumbUp>0</ThumbUp><ThumbDown>1</ThumbDown><Sentiment/></Message><Message type="TopicMessage"><Id>1358873346652-42</Id><Title>When will you weekly put buyers learn . . .</Title><Msg>that you are supporting the share price!</Msg><Username>ajmanieri</Username><Timestamp>1358873346652</Timestamp><DateTime>Tue, 2013-01-22 11:49:06 EST</DateTime><ThumbUp>0</ThumbUp><ThumbDown>0</ThumbDown><Sentiment/></Message><Message type="TopicMessage"><Id>1358873549424-43</Id><Title>CRA$H-CRA$H-CRA$H IS COMING!!!GET OUT NOW!!</Title><Msg>CRA$H-CRA$H-CRA$H-CRA$H-CRA$H-CRA$H-CRA$H-CRA$H-CRA$H-CRA$H-CRA$H-CRA$H-CRA$H-CRA$H-CRA$H-</Msg><Username>mlg4044</Username><Timestamp>1358873549424</Timestamp><DateTime>Tue, 2013-01-22 11:52:29 EST</DateTime><ThumbUp>0</ThumbUp><ThumbDown>1</ThumbDown><Sentiment/></Message><Message type="ReplyMessage"><Id>1358874169833-44</Id><Topic><Title>Bought more Puts</Title><Username>bg_rox2001</Username><Timestamp>1358872623538</Timestamp><DateTime>Tue, 2013-01-22 11:37:03 EST</DateTime></Topic><Msg>You broke dieck put buying Crackhead.... When will you idiots learn that you are supporting theze hog pricez. You get killed every week at or near the money, yet you keep buying theze stupid optionz looking to 'score big'. Once you dieckheadz learn to trade the underlying void of the need to 'time' the markets, theze pig stox will collapse az the instutionz unload what would be 'dead money' void of crackhead blood. If you cant afford 200, 500, 700 dollar stox, then you'd be best to go to 13.00 boa, and 9.00 aa stox where you can get off of optionz. Fvck in bozoz... The whole lot of you, fvck in it up for the real shorts.</Msg><Username>sybil_lives</Username><Timestamp>1358874169833</Timestamp><DateTime>Tue, 2013-01-22 12:02:49 EST</DateTime><ThumbUp>0</ThumbUp><ThumbDown>0</ThumbDown><Sentiment/></Message><Message type="ReplyMessage"><Id>1358874909637-45</Id><Topic><Title>Bought more calls.</Title><Username>geegenjar</Username><Timestamp>1358867933777</Timestamp><DateTime>Tue, 2013-01-22 10:18:53 EST</DateTime></Topic><Msg>Bought more. Bought enough for two days. Shorts, get back to work!</Msg><Username>geegenjar</Username><Timestamp>1358874909637</Timestamp><DateTime>Tue, 2013-01-22 12:15:09 EST</DateTime><ThumbUp>0</ThumbUp><ThumbDown>0</ThumbDown><Sentiment/></Message><Message type="TopicMessage"><Id>1358874945913-46</Id><Title>Long the Apr $290/295 call spread for $1.40</Title><Msg>Reward/risk 257%. See it.</Msg><Username>inordertopost</Username><Timestamp>1358874945913</Timestamp><DateTime>Tue, 2013-01-22 12:15:45 EST</DateTime><ThumbUp>0</ThumbUp><ThumbDown>0</ThumbDown><Sentiment/></Message><Message type="TopicMessage"><Id>1358874960501-47</Id><Title>Shorts, you can go back to work now.</Title><Msg>I have bought enough calls for two days. Now, shorts, take her UP. Thank you.</Msg><Username>geegenjar</Username><Timestamp>1358874960501</Timestamp><DateTime>Tue, 2013-01-22 12:16:00 EST</DateTime><ThumbUp>0</ThumbUp><ThumbDown>0</ThumbDown><Sentiment/></Message><Message type="TopicMessage"><Id>1358875717640-48</Id><Title>AMZN grossly undervalued.</Title><Msg>Should be testing 275 now.</Msg><Username>geegenjar</Username><Timestamp>1358875717640</Timestamp><DateTime>Tue, 2013-01-22 12:28:37 EST</DateTime><ThumbUp>0</ThumbUp><ThumbDown>0</ThumbDown><Sentiment/></Message><Message type="ReplyMessage"><Id>1358876983146-49</Id><Topic><Title>Bought more calls.</Title><Username>geegenjar</Username><Timestamp>1358867933777</Timestamp><DateTime>Tue, 2013-01-22 10:18:53 EST</DateTime></Topic><Msg>Geegee, In all seriousness, how many call contracts do you have today, how much did you pay / contact for each of the 2 lots that you said you 'bought some callz' (sybs only saw 2 posts), what iz the strike price you bought for, and finally when do the expire? Lie, tell the truth, or fudge the numberz - it dont matter... Sybs just wants to par against what ever you say and see how you make out.... However, you must answer all of the questions for sybs to be able to par against. Thank you.</Msg><Username>sybil_lives</Username><Timestamp>1358876983146</Timestamp><DateTime>Tue, 2013-01-22 12:49:43 EST</DateTime><ThumbUp>0</ThumbUp><ThumbDown>0</ThumbDown><Sentiment/></Message><Message type="TopicMessage"><Id>1358878990053-50</Id><Title>If it isn't obvious, this is where you get long gamma on options</Title><Msg>Forget about directional, bull, bear, whatever. With the VIX below $13 for crying out loud, premium gets bought here. I myself use spreads even so, but that's me. ThetaMan</Msg><Username>inordertopost</Username><Timestamp>1358878990053</Timestamp><DateTime>Tue, 2013-01-22 13:23:10 EST</DateTime><ThumbUp>0</ThumbUp><ThumbDown>0</ThumbDown><Sentiment/></Message><Message type="ReplyMessage"><Id>1358879834202-51</Id><Topic><Title>Bought more Puts</Title><Username>bg_rox2001</Username><Timestamp>1358872623538</Timestamp><DateTime>Tue, 2013-01-22 11:37:03 EST</DateTime></Topic><Msg>Sybs...you have changed IDs so many times it is difficult to follow your trail. However, anyone that has been on these boards long enough knows your history. You claim to have been short PCLN at 720 but I know this is total BS. You were shorting PCLN, etc etc for YEARS from well below 500. There is NO WAY MATHEMATICALLY possible that you are positive on these trades. Goto the Priceline board and look for yourself (in case you have forgotten). You post all of your SUPPOSED trades, while it keeps going up. Self proclaimed genius with a massive case of narcissism. Cheers.</Msg><Username>bg_rox2001</Username><Timestamp>1358879834202</Timestamp><DateTime>Tue, 2013-01-22 13:37:14 EST</DateTime><ThumbUp>0</ThumbUp><ThumbDown>0</ThumbDown><Sentiment>Sell</Sentiment></Message><Message type="ReplyMessage"><Id>1358879928201-52</Id><Topic><Title>When will you weekly put buyers learn . . .</Title><Username>ajmanieri</Username><Timestamp>1358873346652</Timestamp><DateTime>Tue, 2013-01-22 11:49:06 EST</DateTime></Topic><Msg>Sybil has yet ANOTHER ID....go figure.</Msg><Username>bg_rox2001</Username><Timestamp>1358879928201</Timestamp><DateTime>Tue, 2013-01-22 13:38:48 EST</DateTime><ThumbUp>0</ThumbUp><ThumbDown>0</ThumbDown><Sentiment>Sell</Sentiment></Message><Message type="ReplyMessage"><Id>1358880322642-53</Id><Topic><Title>When will you weekly put buyers learn . . .</Title><Username>ajmanieri</Username><Timestamp>1358873346652</Timestamp><DateTime>Tue, 2013-01-22 11:49:06 EST</DateTime></Topic><Msg>dont lump me in with that lunatic . . . my statement is just a simple truism . . . if nobody was buying from the naked put writers weekly, the share price would lose support more quickly . . .</Msg><Username>ajmanieri</Username><Timestamp>1358880322642</Timestamp><DateTime>Tue, 2013-01-22 13:45:22 EST</DateTime><ThumbUp>0</ThumbUp><ThumbDown>0</ThumbDown><Sentiment/></Message><Message type="TopicMessage"><Id>1358880775046-54</Id><Title>I'd cover now if I were short.</Title><Msg>Good luck to all!</Msg><Username>geegenjar</Username><Timestamp>1358880775046</Timestamp><DateTime>Tue, 2013-01-22 13:52:55 EST</DateTime><ThumbUp>0</ThumbUp><ThumbDown>0</ThumbDown><Sentiment/></Message><Message type="ReplyMessage"><Id>1358880860550-55</Id><Topic><Title>I'd cover now if I were short.</Title><Username>geegenjar</Username><Timestamp>1358880775046</Timestamp><DateTime>Tue, 2013-01-22 13:52:55 EST</DateTime></Topic><Msg>"If" is the key here. If and only if you were rich AND trading, you would be broke now....for all the call you made from 240 - 170.</Msg><Username>dowto6k</Username><Timestamp>1358880860550</Timestamp><DateTime>Tue, 2013-01-22 13:54:20 EST</DateTime><ThumbUp>0</ThumbUp><ThumbDown>0</ThumbDown><Sentiment/></Message><Message type="ReplyMessage"><Id>1358881035708-56</Id><Topic><Title>I'd cover now if I were short.</Title><Username>geegenjar</Username><Timestamp>1358880775046</Timestamp><DateTime>Tue, 2013-01-22 13:52:55 EST</DateTime></Topic><Msg>Well how about those calls you bought this morning?? I'd worry that the stock really hasn't shown any ability to bounce back with the general indexes. I'd consider buying back those calls as they probably aren't going anywhere before earnings.</Msg><Username>bobbyvesco</Username><Timestamp>1358881035708</Timestamp><DateTime>Tue, 2013-01-22 13:57:15 EST</DateTime><ThumbUp>0</ThumbUp><ThumbDown>0</ThumbDown><Sentiment/></Message><Message type="ReplyMessage"><Id>1358881159206-57</Id><Topic><Title>Will she start creeping up for the rest of the day?</Title><Username>geegenjar</Username><Timestamp>1358866392608</Timestamp><DateTime>Tue, 2013-01-22 09:53:12 EST</DateTime></Topic><Msg>at least no trees are dying to post these inane thoughts</Msg><Username>bobbyvesco</Username><Timestamp>1358881159206</Timestamp><DateTime>Tue, 2013-01-22 13:59:19 EST</DateTime><ThumbUp>1</ThumbUp><ThumbDown>0</ThumbDown><Sentiment/></Message><Message type="ReplyMessage"><Id>1358881522030-58</Id><Topic><Title>Bought more Puts</Title><Username>bg_rox2001</Username><Timestamp>1358872623538</Timestamp><DateTime>Tue, 2013-01-22 11:37:03 EST</DateTime></Topic><Msg>"Sybs...you have changed IDs so many times it is difficult to follow your trail. However, anyone that has been on these boards long enough knows your history. You claim to have been short PCLN at 720 but I know this is total BS. You were shorting PCLN, etc etc for YEARS from well below 500. There is NO WAY MATHEMATICALLY possible that you are positive on these trades" Sybs haz lots of copycats out there.... Sybil began shorting pcln at 640 (lowest short price and scaled in to the short side for several months with the highest short being 770). Sybs average for all shares short was 730, sybil started covering a little at a time beginning at 620 and scaling out with lowest salty coverz at 480... Sybs made a MINT shorting pcln, it waz the most lucrative of sybs tradez for 2012, bringing down 380k in gainz... Bet big win big... Think what you will.... Sybs doesnt need a yahoo poster'z 'approval', sybs bank statements do the 'approving'...</Msg><Username>sybil_lives</Username><Timestamp>1358881522030</Timestamp><DateTime>Tue, 2013-01-22 14:05:22 EST</DateTime><ThumbUp>0</ThumbUp><ThumbDown>0</ThumbDown><Sentiment/></Message><Message type="TopicMessage"><Id>1358881706798-59</Id><Title>Idiots doubted sybil on nflx (win), doubted sybil on pcln (win), doubted sybs on TOL (win), doubted sybs on cmg (win)</Title><Msg>and will be doubting sybs on current POWER SHORTS amzn and crm which sybs poised to win and win fvck in BIG.</Msg><Username>sybil_lives</Username><Timestamp>1358881706798</Timestamp><DateTime>Tue, 2013-01-22 14:08:26 EST</DateTime><ThumbUp>0</ThumbUp><ThumbDown>0</ThumbDown><Sentiment/></Message><Message type="ReplyMessage"><Id>1358882085214-60</Id><Topic><Title>When will you weekly put buyers learn . . .</Title><Username>ajmanieri</Username><Timestamp>1358873346652</Timestamp><DateTime>Tue, 2013-01-22 11:49:06 EST</DateTime></Topic><Msg>"dont lump me in with that lunatic " Who you calling a lunatic? Sybil had this scam on weekly optionz figured out over 3 yearz ago, with documented posts... youre posting on it only now? At least someone finally seez the fvck in light though - thats encouraging.</Msg><Username>sybil_lives</Username><Timestamp>1358882085214</Timestamp><DateTime>Tue, 2013-01-22 14:14:45 EST</DateTime><ThumbUp>1</ThumbUp><ThumbDown>0</ThumbDown><Sentiment/></Message><Message type="ReplyMessage"><Id>1358882392894-61</Id><Topic><Title>When will you weekly put buyers learn . . .</Title><Username>ajmanieri</Username><Timestamp>1358873346652</Timestamp><DateTime>Tue, 2013-01-22 11:49:06 EST</DateTime></Topic><Msg>stop proving my point with your rants, its one thing to be right theoretically about how it all works - you dont have a monopoly on that knowledge - how the market reacts and what occurs is never so predictable . . . oh, I do enjoy reading your lunatic rants and hope you are right BTW . . .</Msg><Username>ajmanieri</Username><Timestamp>1358882392894</Timestamp><DateTime>Tue, 2013-01-22 14:19:52 EST</DateTime><ThumbUp>0</ThumbUp><ThumbDown>0</ThumbDown><Sentiment/></Message><Message type="TopicMessage"><Id>1358882921961-62</Id><Title>From here pumperz get to watch the markets rise into a blowoff top</Title><Msg>while the momos decline.... They dont get it : "why iz my amzn going down az the markets put in new highz?", they ask. They simply dont realize that dog sheit industrialz and scam banks that have been endlessly beat are leading the markets ever higher, while the global markets make up some qe ground to make their highz before the muzak all together stops with every retailer and 401k mutual fund owner holding a gigantic bag of sheit... Sybil iz now piling into bear market ETFs with the Master Retirement IRA fund. Buckle up baggiez.</Msg><Username>sybil_lives</Username><Timestamp>1358882921961</Timestamp><DateTime>Tue, 2013-01-22 14:28:41 EST</DateTime><ThumbUp>0</ThumbUp><ThumbDown>0</ThumbDown><Sentiment/></Message><Message type="ReplyMessage"><Id>1358883415061-63</Id><Topic><Title>When will you weekly put buyers learn . . .</Title><Username>ajmanieri</Username><Timestamp>1358873346652</Timestamp><DateTime>Tue, 2013-01-22 11:49:06 EST</DateTime></Topic><Msg>Dont confuse sybil calling you a douchbag with a 'lunatic rant'. Sybil callz it out with educated calmness and clarity, placez bets and doesnt try to 'time' anything. Sybil iz actually highly educated and iz guided by the wise and powerful trading gods themselvez.</Msg><Username>sybil_lives</Username><Timestamp>1358883415061</Timestamp><DateTime>Tue, 2013-01-22 14:36:55 EST</DateTime><ThumbUp>1</ThumbUp><ThumbDown>0</ThumbDown><Sentiment/></Message><Message type="ReplyMessage"><Id>1358883682849-64</Id><Topic><Title>I AM AN EQUAL OPPORTUNITY SYBIL HATER</Title><Username>singingraptor</Username><Timestamp>1358865905108</Timestamp><DateTime>Tue, 2013-01-22 09:45:05 EST</DateTime></Topic><Msg>Sybil, is "singingraptor" another PhilJoe ID? PhilJoe uses the word "monkey" a lot, and so does singing raptor.</Msg><Username>ex.goldbug</Username><Timestamp>1358883682849</Timestamp><DateTime>Tue, 2013-01-22 14:41:22 EST</DateTime><ThumbUp>0</ThumbUp><ThumbDown>0</ThumbDown><Sentiment>Strong Sell</Sentiment></Message><Message type="ReplyMessage"><Id>1358883808661-65</Id><Topic><Title>SYBIL METICULOUSLY BROWSES HIS MAGIC MARKER STASH</Title><Username>singingraptor</Username><Timestamp>1358865437745</Timestamp><DateTime>Tue, 2013-01-22 09:37:17 EST</DateTime></Topic><Msg>Hmmm, PhilJoelle also use the word "monkey" a lot, as in "want a cracker, monket boy" referring to the great Sybil. Are you PhilJoelle?</Msg><Username>ex.goldbug</Username><Timestamp>1358883808661</Timestamp><DateTime>Tue, 2013-01-22 14:43:28 EST</DateTime><ThumbUp>0</ThumbUp><ThumbDown>0</ThumbDown><Sentiment>Strong Sell</Sentiment></Message><Message type="ReplyMessage"><Id>1358884071763-66</Id><Topic><Title>SYBIL METICULOUSLY BROWSES HIS MAGIC MARKER STASH</Title><Username>singingraptor</Username><Timestamp>1358865437745</Timestamp><DateTime>Tue, 2013-01-22 09:37:17 EST</DateTime></Topic><Msg>Can't you tell who this is? This is none other than NASDAQ600.</Msg><Username>dowto6k</Username><Timestamp>1358884071763</Timestamp><DateTime>Tue, 2013-01-22 14:47:51 EST</DateTime><ThumbUp>0</ThumbUp><ThumbDown>0</ThumbDown><Sentiment/></Message><Message type="ReplyMessage"><Id>1358884092169-67</Id><Topic><Title>Chance of a Chipotle-style stock collapse after earnings--62.543%</Title><Username>ex.goldbug</Username><Timestamp>1358797936002</Timestamp><DateTime>Mon, 2013-01-21 14:52:16 EST</DateTime></Topic><Msg>I really owe a great debt of gratitude to Skiidady. When he was pumping Chipotle, I redoubled my put spreads with great confidence. When he was trashing Krispy Kreme donuts, I bought some long term calls and they went way up with the stok. He also trashed PKI near the lows, so I redoubled my call position and the stock almost doubled. I feel like I owe him a commission. Now that Skiidady is so bullish on Amazon, it reconfirms my convisction that this stock will have a major correction. Truly a great man, Skiidady.</Msg><Username>ex.goldbug</Username><Timestamp>1358884092169</Timestamp><DateTime>Tue, 2013-01-22 14:48:12 EST</DateTime><ThumbUp>1</ThumbUp><ThumbDown>0</ThumbDown><Sentiment>Strong Sell</Sentiment></Message><Message type="TopicMessage"><Id>1358884255163-68</Id><Title>Shorts Amazon taking break today, sucker you in</Title><Msg>Shorts amazon will sucker you in before October 31 then stock will go up to $300.00. Not Jeffs fault, market makers!</Msg><Username>smartybob569</Username><Timestamp>1358884255163</Timestamp><DateTime>Tue, 2013-01-22 14:50:55 EST</DateTime><ThumbUp>0</ThumbUp><ThumbDown>0</ThumbDown><Sentiment/></Message><Message type="ReplyMessage"><Id>1358884479327-69</Id><Topic><Title>Shorts Amazon taking break today, sucker you in</Title><Username>smartybob569</Username><Timestamp>1358884255163</Timestamp><DateTime>Tue, 2013-01-22 14:50:55 EST</DateTime></Topic><Msg>"Not Jeffs fault, market makers!" Sounds like you are a victim?</Msg><Username>dowto6k</Username><Timestamp>1358884479327</Timestamp><DateTime>Tue, 2013-01-22 14:54:39 EST</DateTime><ThumbUp>0</ThumbUp><ThumbDown>0</ThumbDown><Sentiment/></Message><Message type="ReplyMessage"><Id>1358884480214-70</Id><Topic><Title>SYBIL METICULOUSLY BROWSES HIS MAGIC MARKER STASH</Title><Username>singingraptor</Username><Timestamp>1358865437745</Timestamp><DateTime>Tue, 2013-01-22 09:37:17 EST</DateTime></Topic><Msg>I'm not sure. PhilJoelle uses the word monkey a lot, as in "want a cracker monkey boy" re/the Great Sybil. Now singing raptor uses "monkey" a lot. I don't think nasdaq baby hates Sybil as much as PhilJoelle. Therefore, I am 76.5642% certain singingraptor is PhilandJoelle. Q.E.D.</Msg><Username>ex.goldbug</Username><Timestamp>1358884480214</Timestamp><DateTime>Tue, 2013-01-22 14:54:40 EST</DateTime><ThumbUp>0</ThumbUp><ThumbDown>0</ThumbDown><Sentiment>Strong Sell</Sentiment></Message><Message type="ReplyMessage"><Id>1358884614720-71</Id><Topic><Title>This fat pig and the over all pig markets are plain tuckered out....</Title><Username>sybil_lives</Username><Timestamp>1358867120616</Timestamp><DateTime>Tue, 2013-01-22 10:05:20 EST</DateTime></Topic><Msg>Sybil--is singingraptor PhilandJoelle, or Nasdaq6000? I think PJ. Frequent use of word "monkey" is the indicator.</Msg><Username>ex.goldbug</Username><Timestamp>1358884614720</Timestamp><DateTime>Tue, 2013-01-22 14:56:54 EST</DateTime><ThumbUp>0</ThumbUp><ThumbDown>0</ThumbDown><Sentiment>Strong Sell</Sentiment></Message><Message type="ReplyMessage"><Id>1358884655705-72</Id><Topic><Title>SYBIL METICULOUSLY BROWSES HIS MAGIC MARKER STASH</Title><Username>singingraptor</Username><Timestamp>1358865437745</Timestamp><DateTime>Tue, 2013-01-22 09:37:17 EST</DateTime></Topic><Msg>I am 99.99% sure its NASDAQ based on the frequency of posts. No one beats him at number of posts per minute.</Msg><Username>dowto6k</Username><Timestamp>1358884655705</Timestamp><DateTime>Tue, 2013-01-22 14:57:35 EST</DateTime><ThumbUp>0</ThumbUp><ThumbDown>0</ThumbDown><Sentiment/></Message><Message type="ReplyMessage"><Id>1358884661886-73</Id><Topic><Title>This fat pig and the over all pig markets are plain tuckered out....</Title><Username>sybil_lives</Username><Timestamp>1358867120616</Timestamp><DateTime>Tue, 2013-01-22 10:05:20 EST</DateTime></Topic><Msg>Why does PhilandJoelle hate you so much?</Msg><Username>ex.goldbug</Username><Timestamp>1358884661886</Timestamp><DateTime>Tue, 2013-01-22 14:57:41 EST</DateTime><ThumbUp>0</ThumbUp><ThumbDown>0</ThumbDown><Sentiment>Strong Sell</Sentiment></Message><Message type="ReplyMessage"><Id>1358885052733-74</Id><Topic><Title>SYBIL WORKZ AT A HOTDOG STAND WITH GEEGEE</Title><Username>singingraptor</Username><Timestamp>1358809771390</Timestamp><DateTime>Mon, 2013-01-21 18:09:31 EST</DateTime></Topic><Msg>How do you know? Are you like Bevis and B*tthead, in 9th grade? Heh hehhhhehhhhehhhhhHehheh.</Msg><Username>ex.goldbug</Username><Timestamp>1358885052733</Timestamp><DateTime>Tue, 2013-01-22 15:04:12 EST</DateTime><ThumbUp>0</ThumbUp><ThumbDown>0</ThumbDown><Sentiment>Strong Sell</Sentiment></Message><Message type="ReplyMessage"><Id>1358885445944-75</Id><Topic><Title>SYBIL METICULOUSLY BROWSES HIS MAGIC MARKER STASH</Title><Username>singingraptor</Username><Timestamp>1358865437745</Timestamp><DateTime>Tue, 2013-01-22 09:37:17 EST</DateTime></Topic><Msg>Dowto, the use of "monkey" indicates PhilandJoelle. Nasdaq6000 never uses the word. PJ does.</Msg><Username>ex.goldbug</Username><Timestamp>1358885445944</Timestamp><DateTime>Tue, 2013-01-22 15:10:45 EST</DateTime><ThumbUp>0</ThumbUp><ThumbDown>0</ThumbDown><Sentiment>Strong Sell</Sentiment></Message><Message type="ReplyMessage"><Id>1358885901341-76</Id><Topic><Title>amazing week coming</Title><Username>anthonyferguson10</Username><Timestamp>1358855587033</Timestamp><DateTime>Tue, 2013-01-22 06:53:07 EST</DateTime></Topic><Msg>good job tony!</Msg><Username>andrewperez170</Username><Timestamp>1358885901341</Timestamp><DateTime>Tue, 2013-01-22 15:18:21 EST</DateTime><ThumbUp>0</ThumbUp><ThumbDown>0</ThumbDown><Sentiment/></Message><Message type="TopicMessage"><Id>1358886550897-77</Id><Title>will be listening to google's ecommerce strategy vs amazon</Title><Msg>amzn could be down 5 ah</Msg><Username>cwtripps</Username><Timestamp>1358886550897</Timestamp><DateTime>Tue, 2013-01-22 15:29:10 EST</DateTime><ThumbUp>0</ThumbUp><ThumbDown>0</ThumbDown><Sentiment/></Message><Message type="TopicMessage"><Id>1358886957719-78</Id><Title>this could be a successful call week . . .</Title><Msg>if she is gonna print another 52 week high, it will be before this Friday . . . if it does not do so, then bye, bye . . .</Msg><Username>ajmanieri</Username><Timestamp>1358886957719</Timestamp><DateTime>Tue, 2013-01-22 15:35:57 EST</DateTime><ThumbUp>0</ThumbUp><ThumbDown>0</ThumbDown><Sentiment/></Message><Message type="ReplyMessage"><Id>1358887136600-79</Id><Topic><Title>This fat pig and the over all pig markets are plain tuckered out....</Title><Username>sybil_lives</Username><Timestamp>1358867120616</Timestamp><DateTime>Tue, 2013-01-22 10:05:20 EST</DateTime></Topic><Msg>"Why does PhilandJoelle hate you so much?" He came from pcln after sybs scalded him... He waz ragging on poor old sybs az sybs was getting hammered in a pcln short trade, very similar to what iz going on with scamazon now... Then pcln turned south and sybs cashed in a mint - so now he followz sybil around harassing sybs everywhere like a stalker... It would be similar az if nasdaq_6000 followed sybs from this board after cashing out shorts amzn with 400k plus gainz and moves on to a new trade.</Msg><Username>sybil_lives</Username><Timestamp>1358887136600</Timestamp><DateTime>Tue, 2013-01-22 15:38:56 EST</DateTime><ThumbUp>0</ThumbUp><ThumbDown>0</ThumbDown><Sentiment/></Message><Message type="ReplyMessage"><Id>1358887269175-80</Id><Topic><Title>This fat pig and the over all pig markets are plain tuckered out....</Title><Username>sybil_lives</Username><Timestamp>1358867120616</Timestamp><DateTime>Tue, 2013-01-22 10:05:20 EST</DateTime></Topic><Msg>"philjoe" iz a camilion... He obsconded several of sybs id's while at pcln and harrassed sybs all the time... He's also 'fruityboy' and several look alike sybil id's... Its philjoe the #$%$...</Msg><Username>sybil_lives</Username><Timestamp>1358887269175</Timestamp><DateTime>Tue, 2013-01-22 15:41:09 EST</DateTime><ThumbUp>0</ThumbUp><ThumbDown>0</ThumbDown><Sentiment/></Message><Message type="ReplyMessage"><Id>1358887488048-81</Id><Topic><Title>Idiots doubted sybil on nflx (win), doubted sybil on pcln (win), doubted sybs on TOL (win), doubted sybs on cmg (win)</Title><Username>sybil_lives</Username><Timestamp>1358881706798</Timestamp><DateTime>Tue, 2013-01-22 14:08:26 EST</DateTime></Topic><Msg>PCLN destroyed you as it went from $550 to $773 as you screamed to short it. Want a nice salty cracker ya monkey?</Msg><Username>philandjoelle</Username><Timestamp>1358887488048</Timestamp><DateTime>Tue, 2013-01-22 15:44:48 EST</DateTime><ThumbUp>0</ThumbUp><ThumbDown>0</ThumbDown><Sentiment/></Message><Message type="TopicMessage"><Id>1358888117102-82</Id><Title>IT'S THE SOUP KITCHEN FOR "optionstrader008"</Title><Msg>How are all those put options doing???</Msg><Username>philandjoelle</Username><Timestamp>1358888117102</Timestamp><DateTime>Tue, 2013-01-22 15:55:17 EST</DateTime><ThumbUp>0</ThumbUp><ThumbDown>0</ThumbDown><Sentiment/></Message><Message type="ReplyMessage"><Id>1358889008116-83</Id><Topic><Title>Idiots doubted sybil on nflx (win), doubted sybil on pcln (win), doubted sybs on TOL (win), doubted sybs on cmg (win)</Title><Username>sybil_lives</Username><Timestamp>1358881706798</Timestamp><DateTime>Tue, 2013-01-22 14:08:26 EST</DateTime></Topic><Msg>Being that thoze pcln shorts were 'fakes', and that sybs got 'killed'... Does that mean sybs cant deduct lossez and carryover on taxez this year, philjoe?</Msg><Username>sybil_lives</Username><Timestamp>1358889008116</Timestamp><DateTime>Tue, 2013-01-22 16:10:08 EST</DateTime><ThumbUp>0</ThumbUp><ThumbDown>0</ThumbDown><Sentiment/></Message><Message type="ReplyMessage"><Id>1358889775446-84</Id><Topic><Title>Idiots doubted sybil on nflx (win), doubted sybil on pcln (win), doubted sybs on TOL (win), doubted sybs on cmg (win)</Title><Username>sybil_lives</Username><Timestamp>1358881706798</Timestamp><DateTime>Tue, 2013-01-22 14:08:26 EST</DateTime></Topic><Msg>You don't pay taxes because you have no real investments. Btw, your mother wears army boots in the shower fella!</Msg><Username>philandjoelle</Username><Timestamp>1358889775446</Timestamp><DateTime>Tue, 2013-01-22 16:22:55 EST</DateTime><ThumbUp>0</ThumbUp><ThumbDown>0</ThumbDown><Sentiment/></Message><Message type="TopicMessage"><Id>1358890038959-85</Id><Title>GOOG missed their revenues by $1 billion and still up $25-30 on it's report: show how much liquidity and speculation are out there</Title><Msg>right now. Gonna be hard for AMZN to go down when you see that kind of behavior.</Msg><Username>party_bistro</Username><Timestamp>1358890038959</Timestamp><DateTime>Tue, 2013-01-22 16:27:18 EST</DateTime><ThumbUp>0</ThumbUp><ThumbDown>0</ThumbDown><Sentiment/></Message><Message type="ReplyMessage"><Id>1358890235507-86</Id><Topic><Title>will be listening to google's ecommerce strategy vs amazon</Title><Username>cwtripps</Username><Timestamp>1358886550897</Timestamp><DateTime>Tue, 2013-01-22 15:29:10 EST</DateTime></Topic><Msg>nope they;re both up though just alittle for AMZN: I don't if the numbers or strategies even mean anything at all in these market now or anymore. Ben's money doen it again: this is what you get with unlimited buying: unlimited speculation. Gonna need a catalyst to stop him from doing it.</Msg><Username>party_bistro</Username><Timestamp>1358890235507</Timestamp><DateTime>Tue, 2013-01-22 16:30:35 EST</DateTime><ThumbUp>0</ThumbUp><ThumbDown>0</ThumbDown><Sentiment/></Message><Message type="ReplyMessage"><Id>1358890599324-87</Id><Topic><Title>AMZN grossly undervalued.</Title><Username>geegenjar</Username><Timestamp>1358875717640</Timestamp><DateTime>Tue, 2013-01-22 12:28:37 EST</DateTime></Topic><Msg>Should be testing $277 now.</Msg><Username>geegenjar</Username><Timestamp>1358890599324</Timestamp><DateTime>Tue, 2013-01-22 16:36:39 EST</DateTime><ThumbUp>0</ThumbUp><ThumbDown>0</ThumbDown><Sentiment/></Message><Message type="TopicMessage"><Id>1358890647708-88</Id><Title>I'd be careful here: more thatn what I'm reading: too many are casual about being short when the market is going up</Title><Msg>GOOG's miss says it all. AMZN is much easier to manipulate than GOOG. This market is full of Bernanke's pritnted dough. $85 billion a month and then add the leverage. Just FWIW.</Msg><Username>party_bistro</Username><Timestamp>1358890647708</Timestamp><DateTime>Tue, 2013-01-22 16:37:27 EST</DateTime><ThumbUp>0</ThumbUp><ThumbDown>0</ThumbDown><Sentiment/></Message><Message type="TopicMessage"><Id>1358890947675-89</Id><Title>Hate to say it but if core revenue up . . . all that matters . . .</Title><Msg>AMZN should print +275 this week, considering how GOOG is being received . . . I am still a disbeliever in this pig of a valuation w/no profits will sustain this PPS, but play it as you see it for the week . . . posted earlier that calls could be big this week as any run will probably happen pre-earnings next week IMO . . .</Msg><Username>ajmanieri</Username><Timestamp>1358890947675</Timestamp><DateTime>Tue, 2013-01-22 16:42:27 EST</DateTime><ThumbUp>0</ThumbUp><ThumbDown>0</ThumbDown><Sentiment/></Message><Message type="ReplyMessage"><Id>1358891691701-90</Id><Topic><Title>Beware of poster penystoc</Title><Username>alansnowcross</Username><Timestamp>1358870150441</Timestamp><DateTime>Tue, 2013-01-22 10:55:50 EST</DateTime></Topic><Msg>Yes be very careful I am bashing a stock that has a PE of 3000 plus. Aren't professional basher suppose to be paid. Oh ya pay day coming when AMZN comes down to reality. Keep dreaming of bashers in the sky so you can continue your long position on a 3000 PE stock. Who would pay anyone to bash a stock that is coming down based on gravity.</Msg><Username>penystoc</Username><Timestamp>1358891691701</Timestamp><DateTime>Tue, 2013-01-22 16:54:51 EST</DateTime><ThumbUp>0</ThumbUp><ThumbDown>0</ThumbDown><Sentiment/></Message><Message type="ReplyMessage"><Id>1358891804955-91</Id><Topic><Title>There's so much game in this flying pig that it just cant run any higher</Title><Username>philandjoel1e</Username><Timestamp>1348234597351</Timestamp><DateTime>Fri, 2012-09-21 09:36:37 EDT</DateTime></Topic><Msg>"Sybil told you biatchez 264.11 is this pig's all time high..." Sybil was badly violated.</Msg><Username>geegenjar</Username><Timestamp>1358891804955</Timestamp><DateTime>Tue, 2013-01-22 16:56:44 EST</DateTime><ThumbUp>0</ThumbUp><ThumbDown>1</ThumbDown><Sentiment/></Message><Message type="TopicMessage"><Id>1358892421033-92</Id><Title>SYBIL- I AM THE SINGING LION</Title><Msg>That harrassed you in your CMG days. I am not Philljoe. How dare you confuse me with that guy.</Msg><Username>singingraptor</Username><Timestamp>1358892421033</Timestamp><DateTime>Tue, 2013-01-22 17:07:01 EST</DateTime><ThumbUp>0</ThumbUp><ThumbDown>0</ThumbDown><Sentiment/></Message><Message type="ReplyMessage"><Id>1358892445221-93</Id><Topic><Title>AMZN grossly undervalued.</Title><Username>geegenjar</Username><Timestamp>1358875717640</Timestamp><DateTime>Tue, 2013-01-22 12:28:37 EST</DateTime></Topic><Msg>You should have your head examined GeeGee to call this stock "grossly undervalued". Apple at 10 times earnings and this at 3500 and it is "grossly undervalued'. What alternative planet are you on?</Msg><Username>ex.goldbug</Username><Timestamp>1358892445221</Timestamp><DateTime>Tue, 2013-01-22 17:07:25 EST</DateTime><ThumbUp>0</ThumbUp><ThumbDown>0</ThumbDown><Sentiment>Strong Sell</Sentiment></Message><Message type="ReplyMessage"><Id>1358892549803-94</Id><Topic><Title>SYBIL- I AM THE SINGING LION</Title><Username>singingraptor</Username><Timestamp>1358892421033</Timestamp><DateTime>Tue, 2013-01-22 17:07:01 EST</DateTime></Topic><Msg>Well, Syb (and I) were right about CMG plunging in the end, right?</Msg><Username>ex.goldbug</Username><Timestamp>1358892549803</Timestamp><DateTime>Tue, 2013-01-22 17:09:09 EST</DateTime><ThumbUp>0</ThumbUp><ThumbDown>0</ThumbDown><Sentiment>Strong Sell</Sentiment></Message><Message type="ReplyMessage"><Id>1358892568890-95</Id><Topic><Title>There's so much game in this flying pig that it just cant run any higher</Title><Username>philandjoel1e</Username><Timestamp>1348234597351</Timestamp><DateTime>Fri, 2012-09-21 09:36:37 EDT</DateTime></Topic><Msg>considering sybs made the call at the top, it stood for 4 months while sybs made 2 SWEET swing tradez, to reopen thoze shorts and more at ever higher pricez - its not too bad.... Geegee, why didnt you answer sybs questionz earlier? Or did you and sybil didnt catch the post?</Msg><Username>sybil_lives</Username><Timestamp>1358892568890</Timestamp><DateTime>Tue, 2013-01-22 17:09:28 EST</DateTime><ThumbUp>0</ThumbUp><ThumbDown>0</ThumbDown><Sentiment/></Message><Message type="ReplyMessage"><Id>1358892833411-96</Id><Topic><Title>SYBIL- I AM THE SINGING LION</Title><Username>singingraptor</Username><Timestamp>1358892421033</Timestamp><DateTime>Tue, 2013-01-22 17:07:01 EST</DateTime></Topic><Msg>I was short CMG too dummy, and I am short AMZN if you couldn't tell from my posts. I am also short other sheit stox like CRM.</Msg><Username>singingraptor</Username><Timestamp>1358892833411</Timestamp><DateTime>Tue, 2013-01-22 17:13:53 EST</DateTime><ThumbUp>0</ThumbUp><ThumbDown>0</ThumbDown><Sentiment/></Message><Message type="ReplyMessage"><Id>1358892908010-97</Id><Topic><Title>Idiots doubted sybil on nflx (win), doubted sybil on pcln (win), doubted sybs on TOL (win), doubted sybs on cmg (win)</Title><Username>sybil_lives</Username><Timestamp>1358881706798</Timestamp><DateTime>Tue, 2013-01-22 14:08:26 EST</DateTime></Topic><Msg>"You don't pay taxes because you have no real investments." Sybs confused... Did sybil get 'slaughtered shorting pcln from 200 to cover 700', or waz that money 'fake'... Your very confusing... Sybs hid some salami in your mom.... She had fun.</Msg><Username>sybil_lives</Username><Timestamp>1358892908010</Timestamp><DateTime>Tue, 2013-01-22 17:15:08 EST</DateTime><ThumbUp>0</ThumbUp><ThumbDown>0</ThumbDown><Sentiment/></Message><Message type="ReplyMessage"><Id>1358893006061-98</Id><Topic><Title>Beware of poster penystoc</Title><Username>alansnowcross</Username><Timestamp>1358870150441</Timestamp><DateTime>Tue, 2013-01-22 10:55:50 EST</DateTime></Topic><Msg>yes yes beware of me but not a 3000 PE stock BRILLIANT</Msg><Username>penystoc</Username><Timestamp>1358893006061</Timestamp><DateTime>Tue, 2013-01-22 17:16:46 EST</DateTime><ThumbUp>0</ThumbUp><ThumbDown>0</ThumbDown><Sentiment/></Message><Message type="ReplyMessage"><Id>1358893116222-99</Id><Topic><Title>SYBIL- I AM THE SINGING LION</Title><Username>singingraptor</Username><Timestamp>1358892421033</Timestamp><DateTime>Tue, 2013-01-22 17:07:01 EST</DateTime></Topic><Msg>you seem complacent to me. This market is raging right now. Look at the transports running : IBM in AH, GOOG....es futures running toward 1500. and you made 850 new highs today in the New York Composite. I wouldn't compare AMZN to CMG: May be moe highly valued but, it's more of a mainstream stock to Bernanke's plan here. I don't agree with it, but appears that he's willing to make the "crack up boom: ever here in the markets based on setting all time highs here. I don't know what AMZN will do but it trades on all this hype of liquidity. Don't get caught dead short in my book. I just don't see any weakness or market distribution that you guys keep talking about. Who knows, maybe that changes but the market is breaking out all over the place. Good luck.</Msg><Username>party_bistro</Username><Timestamp>1358893116222</Timestamp><DateTime>Tue, 2013-01-22 17:18:36 EST</DateTime><ThumbUp>0</ThumbUp><ThumbDown>0</ThumbDown><Sentiment/></Message><Message type="ReplyMessage"><Id>1358893196715-100</Id><Topic><Title>Look at this for more details!</Title><Username>hickmanrobertar</Username><Timestamp>1355054505283</Timestamp><DateTime>Sun, 2012-12-09 07:01:45 EST</DateTime></Topic><Msg>Good info</Msg><Username>johnford691</Username><Timestamp>1358893196715</Timestamp><DateTime>Tue, 2013-01-22 17:19:56 EST</DateTime><ThumbUp>0</ThumbUp><ThumbDown>0</ThumbDown><Sentiment/></Message><Message type="ReplyMessage"><Id>1358893221962-101</Id><Topic><Title>Idiots doubted sybil on nflx (win), doubted sybil on pcln (win), doubted sybs on TOL (win), doubted sybs on cmg (win)</Title><Username>sybil_lives</Username><Timestamp>1358881706798</Timestamp><DateTime>Tue, 2013-01-22 14:08:26 EST</DateTime></Topic><Msg>"PCLN destroyed you as it went from $550 to $773 as you screamed to short it." Right - thats why your over on amzn harrassing sybs. After sybs covered sybs last lot of pcln at 580 and left that board and the trade without looking back.... Your fvck in sharp bro.</Msg><Username>sybil_lives</Username><Timestamp>1358893221962</Timestamp><DateTime>Tue, 2013-01-22 17:20:21 EST</DateTime><ThumbUp>0</ThumbUp><ThumbDown>0</ThumbDown><Sentiment/></Message><Message type="TopicMessage"><Id>1358893297045-102</Id><Title>Intuitive Surgical--a skiidady success</Title><Msg>ISRG up 10% after hours. Sometimes the boy gets it right.</Msg><Username>ex.goldbug</Username><Timestamp>1358893297045</Timestamp><DateTime>Tue, 2013-01-22 17:21:37 EST</DateTime><ThumbUp>0</ThumbUp><ThumbDown>0</ThumbDown><Sentiment>Strong Sell</Sentiment></Message><Message type="ReplyMessage"><Id>1358893605868-103</Id><Topic><Title>SYBIL- I AM THE SINGING LION</Title><Username>singingraptor</Username><Timestamp>1358892421033</Timestamp><DateTime>Tue, 2013-01-22 17:07:01 EST</DateTime></Topic><Msg>Then why are you attacking Old Syb if you have the same positions?</Msg><Username>ex.goldbug</Username><Timestamp>1358893605868</Timestamp><DateTime>Tue, 2013-01-22 17:26:45 EST</DateTime><ThumbUp>0</ThumbUp><ThumbDown>0</ThumbDown><Sentiment>Strong Sell</Sentiment></Message><Message type="ReplyMessage"><Id>1358893705528-104</Id><Topic><Title>SYBIL- I AM THE SINGING LION</Title><Username>singingraptor</Username><Timestamp>1358892421033</Timestamp><DateTime>Tue, 2013-01-22 17:07:01 EST</DateTime></Topic><Msg>I iz attacking Sybil because he is a douchbag that steals my ideas. Remember DCisinsane used to be short CMG and they both used to fight? I am not DC, but me and the old sybster have bad blood.</Msg><Username>singingraptor</Username><Timestamp>1358893705528</Timestamp><DateTime>Tue, 2013-01-22 17:28:25 EST</DateTime><ThumbUp>0</ThumbUp><ThumbDown>0</ThumbDown><Sentiment/></Message><Message type="TopicMessage"><Id>1358893705933-105</Id><Title>philjoe thinks that more bashing and repeating eventually makes him right</Title><Msg>he wouldnt do to well az an attorney.... Just the facts philjoe, stick to the facts....</Msg><Username>sybil_lives</Username><Timestamp>1358893705933</Timestamp><DateTime>Tue, 2013-01-22 17:28:25 EST</DateTime><ThumbUp>0</ThumbUp><ThumbDown>0</ThumbDown><Sentiment/></Message><Message type="ReplyMessage"><Id>1358893916465-106</Id><Topic><Title>philjoe thinks that more bashing and repeating eventually makes him right</Title><Username>sybil_lives</Username><Timestamp>1358893705933</Timestamp><DateTime>Tue, 2013-01-22 17:28:25 EST</DateTime></Topic><Msg>I iz NOT philjoe. I am the singing lion from the CMG and NFLX days. BWAHHAWHAHA</Msg><Username>singingraptor</Username><Timestamp>1358893916465</Timestamp><DateTime>Tue, 2013-01-22 17:31:56 EST</DateTime><ThumbUp>0</ThumbUp><ThumbDown>0</ThumbDown><Sentiment/></Message><Message type="ReplyMessage"><Id>1358894125625-107</Id><Topic><Title>SYBIL- I AM THE SINGING LION</Title><Username>singingraptor</Username><Timestamp>1358892421033</Timestamp><DateTime>Tue, 2013-01-22 17:07:01 EST</DateTime></Topic><Msg>I have a bit of disagrrement with old Syb on the use of put spreads, but we both agree on the long term direction in AMZN (massive down) and are civil to eachother. I haven't seen you post on Amazon iuntil recently, so how can you say Sybil "steals your ideas"?</Msg><Username>ex.goldbug</Username><Timestamp>1358894125625</Timestamp><DateTime>Tue, 2013-01-22 17:35:25 EST</DateTime><ThumbUp>0</ThumbUp><ThumbDown>0</ThumbDown><Sentiment>Strong Sell</Sentiment></Message><Message type="TopicMessage"><Id>1358894152580-108</Id><Title>401k mutual fundz unloaded their stox at s&amp;p 700 and now they are biying like banchiez at s&amp;p 1400</Title><Msg>apparently baggie longz dont mind broken recordz....</Msg><Username>sybil_lives</Username><Timestamp>1358894152580</Timestamp><DateTime>Tue, 2013-01-22 17:35:52 EST</DateTime><ThumbUp>0</ThumbUp><ThumbDown>0</ThumbDown><Sentiment/></Message><Message type="ReplyMessage"><Id>1358894153090-109</Id><Topic><Title>SYBIL- I AM THE SINGING LION</Title><Username>singingraptor</Username><Timestamp>1358892421033</Timestamp><DateTime>Tue, 2013-01-22 17:07:01 EST</DateTime></Topic><Msg>I think you get killed into AMZN's earnings. I don't want to be short with you guys.</Msg><Username>party_bistro</Username><Timestamp>1358894153090</Timestamp><DateTime>Tue, 2013-01-22 17:35:53 EST</DateTime><ThumbUp>0</ThumbUp><ThumbDown>0</ThumbDown><Sentiment/></Message><Message type="ReplyMessage"><Id>1358894415664-110</Id><Topic><Title>philjoe thinks that more bashing and repeating eventually makes him right</Title><Username>sybil_lives</Username><Timestamp>1358893705933</Timestamp><DateTime>Tue, 2013-01-22 17:28:25 EST</DateTime></Topic><Msg>and that switching yahoo handlez helps hiz cause - he'z confused....</Msg><Username>sybil_lives</Username><Timestamp>1358894415664</Timestamp><DateTime>Tue, 2013-01-22 17:40:15 EST</DateTime><ThumbUp>0</ThumbUp><ThumbDown>0</ThumbDown><Sentiment/></Message><Message type="TopicMessage"><Id>1358894503395-111</Id><Title>I am not sure if I still want to be SHORT AMZN into Earnings</Title><Msg>With IBM, GOOG, ISRG, etc... being up huge after earnings.</Msg><Username>singingraptor</Username><Timestamp>1358894503395</Timestamp><DateTime>Tue, 2013-01-22 17:41:43 EST</DateTime><ThumbUp>0</ThumbUp><ThumbDown>0</ThumbDown><Sentiment/></Message><Message type="ReplyMessage"><Id>1358894588454-112</Id><Topic><Title>SYBIL- I AM THE SINGING LION</Title><Username>singingraptor</Username><Timestamp>1358892421033</Timestamp><DateTime>Tue, 2013-01-22 17:07:01 EST</DateTime></Topic><Msg>Philjoe (singing raptor in this case) haz 'bad blood' with sybs because sybs took hiz coin at pcln.</Msg><Username>sybil_lives</Username><Timestamp>1358894588454</Timestamp><DateTime>Tue, 2013-01-22 17:43:08 EST</DateTime><ThumbUp>0</ThumbUp><ThumbDown>0</ThumbDown><Sentiment/></Message><Message type="ReplyMessage"><Id>1358894892048-113</Id><Topic><Title>I am not sure if I still want to be SHORT AMZN into Earnings</Title><Username>singingraptor</Username><Timestamp>1358894503395</Timestamp><DateTime>Tue, 2013-01-22 17:41:43 EST</DateTime></Topic><Msg>But they are all well below their 52 week highs, and have p/s less then 40..... No?</Msg><Username>sybil_lives</Username><Timestamp>1358894892048</Timestamp><DateTime>Tue, 2013-01-22 17:48:12 EST</DateTime><ThumbUp>1</ThumbUp><ThumbDown>0</ThumbDown><Sentiment/></Message><Message type="ReplyMessage"><Id>1358894928247-114</Id><Topic><Title>I am not sure if I still want to be SHORT AMZN into Earnings</Title><Username>singingraptor</Username><Timestamp>1358894503395</Timestamp><DateTime>Tue, 2013-01-22 17:41:43 EST</DateTime></Topic><Msg>"p/e's less than 40"</Msg><Username>sybil_lives</Username><Timestamp>1358894928247</Timestamp><DateTime>Tue, 2013-01-22 17:48:48 EST</DateTime><ThumbUp>0</ThumbUp><ThumbDown>0</ThumbDown><Sentiment/></Message><Message type="ReplyMessage"><Id>1358895190940-115</Id><Topic><Title>SYBIL- I AM THE SINGING LION</Title><Username>singingraptor</Username><Timestamp>1358892421033</Timestamp><DateTime>Tue, 2013-01-22 17:07:01 EST</DateTime></Topic><Msg>"I was short CMG too dummy, and I am short AMZN if you couldn't tell from my posts. I am also short other sheit stox like CRM." No you werent, philjoe. Youre broke, you live under the tappanzee, your nyc rent controlled appartment got washed down the hudson by sandy, but sandy relief iz in the way... You must be very angry with bonyer for tieing up your free gvt handouts in congress on new yearz.</Msg><Username>sybil_lives</Username><Timestamp>1358895190940</Timestamp><DateTime>Tue, 2013-01-22 17:53:10 EST</DateTime><ThumbUp>0</ThumbUp><ThumbDown>0</ThumbDown><Sentiment/></Message><Message type="ReplyMessage"><Id>1358896503304-116</Id><Topic><Title>If you wer going to write covered callz then</Title><Username>sybil_lives</Username><Timestamp>1358857131631</Timestamp><DateTime>Tue, 2013-01-22 07:18:51 EST</DateTime></Topic><Msg>If the stock doesn't move at all, or moves less than 2% per month in either direction, you win by selling the calls/puts. No?</Msg><Username>mershaw2001</Username><Timestamp>1358896503304</Timestamp><DateTime>Tue, 2013-01-22 18:15:03 EST</DateTime><ThumbUp>0</ThumbUp><ThumbDown>0</ThumbDown><Sentiment/></Message><Message type="TopicMessage"><Id>1358896522783-117</Id><Title>Ever stock is going up off earnings</Title><Msg>AMZN will just be another one in a week.</Msg><Username>dreamscaper33</Username><Timestamp>1358896522783</Timestamp><DateTime>Tue, 2013-01-22 18:15:22 EST</DateTime><ThumbUp>0</ThumbUp><ThumbDown>0</ThumbDown><Sentiment/></Message><Message type="TopicMessage"><Id>1358896865367-118</Id><Title>There's lots of frothy bullishness az pumperz guzzle down the koolaid</Title><Msg>too funny... They will get a big suprize at the lack of action in this pig az it progressez in a downward direction and the excellerates lossez after next tuesday....</Msg><Username>sybil_lives</Username><Timestamp>1358896865367</Timestamp><DateTime>Tue, 2013-01-22 18:21:05 EST</DateTime><ThumbUp>1</ThumbUp><ThumbDown>0</ThumbDown><Sentiment/></Message><Message type="ReplyMessage"><Id>1358897199120-119</Id><Topic><Title>Ever stock is going up off earnings</Title><Username>dreamscaper33</Username><Timestamp>1358896522783</Timestamp><DateTime>Tue, 2013-01-22 18:15:22 EST</DateTime></Topic><Msg>1) All stocks are going up after earnings 2) AMZN is a stock 3) AMZN will go up after earnings Dream, you have keen insight... you must be a multimillionaire.</Msg><Username>tail_risk</Username><Timestamp>1358897199120</Timestamp><DateTime>Tue, 2013-01-22 18:26:39 EST</DateTime><ThumbUp>0</ThumbUp><ThumbDown>1</ThumbDown><Sentiment/></Message><Message type="TopicMessage"><Id>1358898426954-120</Id><Title>AMZN is going to produce an Zombie show</Title><Msg>So AMZN is going to produce a Zombie show... I got a better idea for them. How about bringing their Zombie margins back to life. Seriously, does anyone think that they will be about to turn a profit off this? Talk about hubris.</Msg><Username>tail_risk</Username><Timestamp>1358898426954</Timestamp><DateTime>Tue, 2013-01-22 18:47:06 EST</DateTime><ThumbUp>0</ThumbUp><ThumbDown>0</ThumbDown><Sentiment/></Message><Message type="ReplyMessage"><Id>1358898793236-121</Id><Topic><Title>I'd cover now if I were short.</Title><Username>geegenjar</Username><Timestamp>1358880775046</Timestamp><DateTime>Tue, 2013-01-22 13:52:55 EST</DateTime></Topic><Msg>Yes you would, yes you would..... but as you d`ont have any trading account you d`ont have to cover or sell..... keep paper trading, way better for you..............</Msg><Username>optionstrader008</Username><Timestamp>1358898793236</Timestamp><DateTime>Tue, 2013-01-22 18:53:13 EST</DateTime><ThumbUp>1</ThumbUp><ThumbDown>0</ThumbDown><Sentiment/></Message><Message type="TopicMessage"><Id>1358899724461-122</Id><Title>Oh how sybs wishez geegee waz a real trader</Title><Msg>He'd cover while sybil waz selling and short while sybs was buying... It would be too easy.</Msg><Username>sybil_lives</Username><Timestamp>1358899724461</Timestamp><DateTime>Tue, 2013-01-22 19:08:44 EST</DateTime><ThumbUp>0</ThumbUp><ThumbDown>0</ThumbDown><Sentiment/></Message><Message type="TopicMessage"><Id>1358901022500-123</Id><Title>Zombie show</Title><Msg>All bashers call the mother ship. Meanwhile back at the ranch. They are currently finishing the Zombie Show it is called their earnings report.</Msg><Username>penystoc</Username><Timestamp>1358901022500</Timestamp><DateTime>Tue, 2013-01-22 19:30:22 EST</DateTime><ThumbUp>0</ThumbUp><ThumbDown>0</ThumbDown><Sentiment/></Message><Message type="TopicMessage"><Id>1358907894727-124</Id><Title>Amzn is not worth more than 170</Title><Msg>Jeff sold over 200 million at 250......the company has 5billion in cash not 30......taxes are going to effect the bottom line....competition is getting more fierce....am I missing something?where is the catalyst here?</Msg><Username>masteroftheuniverse67</Username><Timestamp>1358907894727</Timestamp><DateTime>Tue, 2013-01-22 21:24:54 EST</DateTime><ThumbUp>0</ThumbUp><ThumbDown>0</ThumbDown><Sentiment/></Message><Message type="TopicMessage"><Id>1358913356447-125</Id><Title>AMZN's price range for tomorrow. 98.83% certainty</Title><Msg>$2.12 - $582.31. Good luck to all!</Msg><Username>geegenjar</Username><Timestamp>1358913356447</Timestamp><DateTime>Tue, 2013-01-22 22:55:56 EST</DateTime><ThumbUp>0</ThumbUp><ThumbDown>0</ThumbDown><Sentiment/></Message><Message type="ReplyMessage"><Id>1358914773300-126</Id><Topic><Title>Ever stock is going up off earnings</Title><Username>dreamscaper33</Username><Timestamp>1358896522783</Timestamp><DateTime>Tue, 2013-01-22 18:15:22 EST</DateTime></Topic><Msg>Never fight Bezos and his Harvard buddies at GS who have supported the stock for the last 15 years or so. But you already know this.</Msg><Username>dreamscaper33</Username><Timestamp>1358914773300</Timestamp><DateTime>Tue, 2013-01-22 23:19:33 EST</DateTime><ThumbUp>0</ThumbUp><ThumbDown>0</ThumbDown><Sentiment/></Message><Message type="TopicMessage"><Id>1358915309836-127</Id><Title>Good news for shorts: stock futures keeps sagging.</Title><Msg>If this continues all night, longs will be in trouble tomorrow morning.</Msg><Username>geegenjar</Username><Timestamp>1358915309836</Timestamp><DateTime>Tue, 2013-01-22 23:28:29 EST</DateTime><ThumbUp>0</ThumbUp><ThumbDown>0</ThumbDown><Sentiment/></Message><Message type="TopicMessage"><Id>1358915361589-128</Id><Title>Good news for shorts: Nikkei imploding.</Title><Msg>So are most other Asian markets.</Msg><Username>geegenjar</Username><Timestamp>1358915361589</Timestamp><DateTime>Tue, 2013-01-22 23:29:21 EST</DateTime><ThumbUp>0</ThumbUp><ThumbDown>1</ThumbDown><Sentiment/></Message><Message type="ReplyMessage"><Id>1358916037274-129</Id><Topic><Title>I am not sure if I still want to be SHORT AMZN into Earnings</Title><Username>singingraptor</Username><Timestamp>1358894503395</Timestamp><DateTime>Tue, 2013-01-22 17:41:43 EST</DateTime></Topic><Msg>What's the correlation? IBM is a competitor and computer company, ISRG is in surgical sales, and google sells adds. All those companies have a gm% of 20 or higher, where as AMZN can barely turn a profit. AMZN is trading at an average of twice the price to book value than these comps, and their P/E is 3,000 x earnings. You're telling me I should be long? Crazy!</Msg><Username>jaydubauhawk</Username><Timestamp>1358916037274</Timestamp><DateTime>Tue, 2013-01-22 23:40:37 EST</DateTime><ThumbUp>2</ThumbUp><ThumbDown>1</ThumbDown><Sentiment/></Message><Message type="TopicMessage"><Id>1358916773183-130</Id><Title>Sybs..SAM on hold but...</Title><Msg>Sybs, Decided not to short SAM as it held gains after earnings and my guess continues to increase in price until a fat pe of 50 is reached. But if your looking for some quick coin waiting for AMZN to roll over look at DDD. Got a tiny bit at 71 today better short than CRM in the short term. - PJ</Msg><Username>pjlouie13</Username><Timestamp>1358916773183</Timestamp><DateTime>Tue, 2013-01-22 23:52:53 EST</DateTime><ThumbUp>0</ThumbUp><ThumbDown>0</ThumbDown><Sentiment>Strong Sell</Sentiment></Message></Date>