<?xml version="1.0" encoding="UTF-8" standalone="no"?><Date date="2013-04-16"><Message type="ReplyMessage"><Id>1366086758528-1</Id><Topic><Title>Action: Sell Short</Title><Username>sybil_rulez</Username><Timestamp>1366035056590</Timestamp><DateTime>Mon, 2013-04-15 10:10:56 EDT</DateTime></Topic><Msg>No, it's not. You know it's not, Sybil. It's about 258.43. Couldn't be much more than 259.42. In order to claim that your average short price since November 14, 2012 is anywhere near 265, you have to claim that you took losses on shorts you made in 220s, 230s, 240s, etc.</Msg><Username>geegenjar</Username><Timestamp>1366086758528</Timestamp><DateTime>Tue, 2013-04-16 00:32:38 EDT</DateTime><ThumbUp>0</ThumbUp><ThumbDown>0</ThumbDown><Sentiment/></Message><Message type="TopicMessage"><Id>1366087004462-2</Id><Title>Stock futures rebounding . . .</Title><Msg>AMZN may explode to the upside tomorrow. I thought about buying calls again right before the close, but I didn't. I decided not to gamble overnight. All cash. I'll wait for the next option buying opportunity.</Msg><Username>geegenjar</Username><Timestamp>1366087004462</Timestamp><DateTime>Tue, 2013-04-16 00:36:44 EDT</DateTime><ThumbUp>0</ThumbUp><ThumbDown>0</ThumbDown><Sentiment/></Message><Message type="ReplyMessage"><Id>1366088962545-3</Id><Topic><Title>Be careful stupidz</Title><Username>sybil_rulez</Username><Timestamp>1366061130558</Timestamp><DateTime>Mon, 2013-04-15 17:25:30 EDT</DateTime></Topic><Msg>Sybil, you're one of the stupid traders. After more than 5 months of waiting and today's huge selloff in the whole market, your AMZN short position is still in the red!</Msg><Username>geegenjar</Username><Timestamp>1366088962545</Timestamp><DateTime>Tue, 2013-04-16 01:09:22 EDT</DateTime><ThumbUp>0</ThumbUp><ThumbDown>0</ThumbDown><Sentiment/></Message><Message type="TopicMessage"><Id>1366106771790-4</Id><Title>Short this stock to make money, lots of money</Title><Msg>April 25 is the day the shares drop big time.</Msg><Username>rcdt999</Username><Timestamp>1366106771790</Timestamp><DateTime>Tue, 2013-04-16 06:06:11 EDT</DateTime><ThumbUp>0</ThumbUp><ThumbDown>0</ThumbDown><Sentiment/></Message><Message type="TopicMessage"><Id>1366110484383-5</Id><Title>US STOCK MARKET NEEDS TO SHOW THE WORLD OUR STRENGTH NOT WEAKNESS!</Title><Msg>Just like that 78yr old male got up and continued the race, that's what the market needs to do rally! Don't let evil doers win. I know shorts wanted to use yesterday's bombing as a reason to strike fear, but again I say, don't let evil doers win! We need to rally to show the world American strength during times of hardship. Also, pray for the families.</Msg><Username>greenegggs</Username><Timestamp>1366110484383</Timestamp><DateTime>Tue, 2013-04-16 07:08:04 EDT</DateTime><ThumbUp>0</ThumbUp><ThumbDown>0</ThumbDown><Sentiment/></Message><Message type="TopicMessage"><Id>1366111688441-6</Id><Title>Pumped up Bitcoin stox have rolled over</Title><Msg>The pump n dump of stox iz in full play az the advantaged money exits stage right under not so quiet distribution. You cant classify it az 'smart money', its only advantaged money. Its really not that 'smart'</Msg><Username>sybil_rulez</Username><Timestamp>1366111688441</Timestamp><DateTime>Tue, 2013-04-16 07:28:08 EDT</DateTime><ThumbUp>0</ThumbUp><ThumbDown>0</ThumbDown><Sentiment/></Message><Message type="ReplyMessage"><Id>1366111882218-7</Id><Topic><Title>$264.25 is in sight now.</Title><Username>geegenjar</Username><Timestamp>1366035099254</Timestamp><DateTime>Mon, 2013-04-15 10:11:39 EDT</DateTime></Topic><Msg>Idiot.</Msg><Username>sybil_rulez</Username><Timestamp>1366111882218</Timestamp><DateTime>Tue, 2013-04-16 07:31:22 EDT</DateTime><ThumbUp>0</ThumbUp><ThumbDown>0</ThumbDown><Sentiment/></Message><Message type="TopicMessage"><Id>1366112069532-8</Id><Title>Test test</Title><Msg>Rhgzsgbvf</Msg><Username>sybil_rulez</Username><Timestamp>1366112069532</Timestamp><DateTime>Tue, 2013-04-16 07:34:29 EDT</DateTime><ThumbUp>0</ThumbUp><ThumbDown>0</ThumbDown><Sentiment/></Message><Message type="ReplyMessage"><Id>1366112719547-9</Id><Topic><Title>Be careful stupidz</Title><Username>sybil_rulez</Username><Timestamp>1366061130558</Timestamp><DateTime>Mon, 2013-04-15 17:25:30 EDT</DateTime></Topic><Msg>Thats because sybs not a 'trader' stoopit. Sybs a sell, hold, and subtract divestor of pig stox. Sybil takes positionz in measred increments and holds them for 'an Extended period of time' for year over year index beating results. Geegee iz out looking for bad traderz when he needs to look no further then the reflection staring back at him from the mud puddle next to the curb he slept on last night.</Msg><Username>sybil_rulez</Username><Timestamp>1366112719547</Timestamp><DateTime>Tue, 2013-04-16 07:45:19 EDT</DateTime><ThumbUp>0</ThumbUp><ThumbDown>0</ThumbDown><Sentiment/></Message><Message type="ReplyMessage"><Id>1366118295642-10</Id><Topic><Title>Be careful stupidz</Title><Username>sybil_rulez</Username><Timestamp>1366061130558</Timestamp><DateTime>Mon, 2013-04-15 17:25:30 EDT</DateTime></Topic><Msg>Sybil: "Thats because sybs not a 'trader' stoopit. Sybs a sell, hold, and subtract divestor of pig stox. Sybil takes positionz in measred increments and holds them for 'an Extended period of time' for year over year index beating results." So, what was your rationale for shorting 200 shares of AMZN at 274 yesterday? You sold short knowing full well that AMZN wouldn't go down any time soon?</Msg><Username>geegenjar</Username><Timestamp>1366118295642</Timestamp><DateTime>Tue, 2013-04-16 09:18:15 EDT</DateTime><ThumbUp>0</ThumbUp><ThumbDown>0</ThumbDown><Sentiment/></Message><Message type="ReplyMessage"><Id>1366118432906-11</Id><Topic><Title>Sold 305/310 April 26 call spreads last Friday</Title><Username>derekjeter</Username><Timestamp>1366084591826</Timestamp><DateTime>Mon, 2013-04-15 23:56:31 EDT</DateTime></Topic><Msg>Would you elaborate on your position? Why do you think there's 95 chance it closes for a profit? Is your postion a bullish one?</Msg><Username>geegenjar</Username><Timestamp>1366118432906</Timestamp><DateTime>Tue, 2013-04-16 09:20:32 EDT</DateTime><ThumbUp>0</ThumbUp><ThumbDown>0</ThumbDown><Sentiment/></Message><Message type="ReplyMessage"><Id>1366118676338-12</Id><Topic><Title>Stock futures rebounding . . .</Title><Username>geegenjar</Username><Timestamp>1366087004462</Timestamp><DateTime>Tue, 2013-04-16 00:36:44 EDT</DateTime></Topic><Msg>I may have missed a great opportunity to buy calls yesterday. Calls I was watching were showing resiliency.</Msg><Username>geegenjar</Username><Timestamp>1366118676338</Timestamp><DateTime>Tue, 2013-04-16 09:24:36 EDT</DateTime><ThumbUp>0</ThumbUp><ThumbDown>0</ThumbDown><Sentiment/></Message><Message type="ReplyMessage"><Id>1366119013356-13</Id><Topic><Title>Be careful stupidz</Title><Username>sybil_rulez</Username><Timestamp>1366061130558</Timestamp><DateTime>Mon, 2013-04-15 17:25:30 EDT</DateTime></Topic><Msg>Stoopid, Rational fits sybs stated mode of divesting: sell, hold and SUBTRACT the rips. Thats sybs rational for shorting 200 sharez of amzn , and shorting pig flix at 182.</Msg><Username>sybil_rulez</Username><Timestamp>1366119013356</Timestamp><DateTime>Tue, 2013-04-16 09:30:13 EDT</DateTime><ThumbUp>0</ThumbUp><ThumbDown>0</ThumbDown><Sentiment/></Message><Message type="TopicMessage"><Id>1366119265264-14</Id><Title>Looking for a cool looking motorcycle.</Title><Msg>Any suggestions? I like the naked bike looks.</Msg><Username>geegenjar</Username><Timestamp>1366119265264</Timestamp><DateTime>Tue, 2013-04-16 09:34:25 EDT</DateTime><ThumbUp>0</ThumbUp><ThumbDown>0</ThumbDown><Sentiment/></Message><Message type="TopicMessage"><Id>1366119356759-15</Id><Title>266.25 critical.</Title><Msg>Looks like a flat/down day today.</Msg><Username>geegenjar</Username><Timestamp>1366119356759</Timestamp><DateTime>Tue, 2013-04-16 09:35:56 EDT</DateTime><ThumbUp>0</ThumbUp><ThumbDown>0</ThumbDown><Sentiment/></Message><Message type="ReplyMessage"><Id>1366119751912-16</Id><Topic><Title>Stock futures rebounding . . .</Title><Username>geegenjar</Username><Timestamp>1366087004462</Timestamp><DateTime>Tue, 2013-04-16 00:36:44 EDT</DateTime></Topic><Msg>"I may have missed a great opportunity to buy calls yesterday. Calls I was watching were showing resiliency." Do you realize how stoopit you sound? Retreads dont know that they are retreadz sybil supposez.</Msg><Username>sybil_rulez</Username><Timestamp>1366119751912</Timestamp><DateTime>Tue, 2013-04-16 09:42:31 EDT</DateTime><ThumbUp>1</ThumbUp><ThumbDown>0</ThumbDown><Sentiment/></Message><Message type="TopicMessage"><Id>1366119817747-17</Id><Title>Looking at AMZN charts upside down now.</Title><Msg>Shorts have some chance to make money today. As of right now. Things change suddenly.</Msg><Username>geegenjar</Username><Timestamp>1366119817747</Timestamp><DateTime>Tue, 2013-04-16 09:43:37 EDT</DateTime><ThumbUp>0</ThumbUp><ThumbDown>0</ThumbDown><Sentiment/></Message><Message type="ReplyMessage"><Id>1366120075017-18</Id><Topic><Title>Looking at AMZN charts upside down now.</Title><Username>geegenjar</Username><Timestamp>1366119817747</Timestamp><DateTime>Tue, 2013-04-16 09:43:37 EDT</DateTime></Topic><Msg>$268.75 is critical in the next 18 minutes.</Msg><Username>geegenjar</Username><Timestamp>1366120075017</Timestamp><DateTime>Tue, 2013-04-16 09:47:55 EDT</DateTime><ThumbUp>0</ThumbUp><ThumbDown>0</ThumbDown><Sentiment/></Message><Message type="ReplyMessage"><Id>1366120245151-19</Id><Topic><Title>Looking at AMZN charts upside down now.</Title><Username>geegenjar</Username><Timestamp>1366119817747</Timestamp><DateTime>Tue, 2013-04-16 09:43:37 EDT</DateTime></Topic><Msg>The first attempt to break it failed. Will they try 2 more times?</Msg><Username>geegenjar</Username><Timestamp>1366120245151</Timestamp><DateTime>Tue, 2013-04-16 09:50:45 EDT</DateTime><ThumbUp>0</ThumbUp><ThumbDown>0</ThumbDown><Sentiment/></Message><Message type="TopicMessage"><Id>1366120423433-20</Id><Title>I know what is happening now.</Title><Msg>Nothing. Impossible to guess the next move. If you think you can, you're lying to yourself. Cash is the best now.</Msg><Username>geegenjar</Username><Timestamp>1366120423433</Timestamp><DateTime>Tue, 2013-04-16 09:53:43 EDT</DateTime><ThumbUp>0</ThumbUp><ThumbDown>0</ThumbDown><Sentiment/></Message><Message type="ReplyMessage"><Id>1366120668824-21</Id><Topic><Title>Looking at AMZN charts upside down now.</Title><Username>geegenjar</Username><Timestamp>1366119817747</Timestamp><DateTime>Tue, 2013-04-16 09:43:37 EDT</DateTime></Topic><Msg>The second attempt failed! Looking pathetic for shorts now!</Msg><Username>geegenjar</Username><Timestamp>1366120668824</Timestamp><DateTime>Tue, 2013-04-16 09:57:48 EDT</DateTime><ThumbUp>0</ThumbUp><ThumbDown>0</ThumbDown><Sentiment/></Message><Message type="TopicMessage"><Id>1366121459060-22</Id><Title>Bought some calls!</Title><Msg>Just kidding. I'm a little timid this morning.</Msg><Username>geegenjar</Username><Timestamp>1366121459060</Timestamp><DateTime>Tue, 2013-04-16 10:10:59 EDT</DateTime><ThumbUp>0</ThumbUp><ThumbDown>0</ThumbDown><Sentiment/></Message><Message type="TopicMessage"><Id>1366121785055-23</Id><Title>You might trade DIA or SPY today.</Title><Msg>Nothing is happening with AMZN.</Msg><Username>geegenjar</Username><Timestamp>1366121785055</Timestamp><DateTime>Tue, 2013-04-16 10:16:25 EDT</DateTime><ThumbUp>0</ThumbUp><ThumbDown>0</ThumbDown><Sentiment/></Message><Message type="TopicMessage"><Id>1366122111944-24</Id><Title>Now, there's a reason to short.</Title><Msg>And to stay with your losing shorts.</Msg><Username>geegenjar</Username><Timestamp>1366122111944</Timestamp><DateTime>Tue, 2013-04-16 10:21:51 EDT</DateTime><ThumbUp>0</ThumbUp><ThumbDown>0</ThumbDown><Sentiment/></Message><Message type="ReplyMessage"><Id>1366122396023-25</Id><Topic><Title>Now, there's a reason to short.</Title><Username>geegenjar</Username><Timestamp>1366122111944</Timestamp><DateTime>Tue, 2013-04-16 10:21:51 EDT</DateTime></Topic><Msg>Not any more. Shorts are pathetic. I'm not going to join them.</Msg><Username>geegenjar</Username><Timestamp>1366122396023</Timestamp><DateTime>Tue, 2013-04-16 10:26:36 EDT</DateTime><ThumbUp>0</ThumbUp><ThumbDown>0</ThumbDown><Sentiment/></Message><Message type="TopicMessage"><Id>1366122659430-26</Id><Title>are they going to crash the market through gold crash</Title><Msg>They need an excuse or catalyst to do it. Gold could be it and it may even be only days away.</Msg><Username>ehsani97</Username><Timestamp>1366122659430</Timestamp><DateTime>Tue, 2013-04-16 10:30:59 EDT</DateTime><ThumbUp>0</ThumbUp><ThumbDown>0</ThumbDown><Sentiment/></Message><Message type="TopicMessage"><Id>1366124116279-27</Id><Title>I'm having an early breakfast now.</Title><Msg>Because nothing seems to be happening now.</Msg><Username>geegenjar</Username><Timestamp>1366124116279</Timestamp><DateTime>Tue, 2013-04-16 10:55:16 EDT</DateTime><ThumbUp>0</ThumbUp><ThumbDown>0</ThumbDown><Sentiment/></Message><Message type="TopicMessage"><Id>1366124611791-28</Id><Title>Did shorts here self-destruct themselves earlier this morning?</Title><Msg>They shorted more? Damn, don't they know that adding to one's losing position is very dangerous?</Msg><Username>geegenjar</Username><Timestamp>1366124611791</Timestamp><DateTime>Tue, 2013-04-16 11:03:31 EDT</DateTime><ThumbUp>0</ThumbUp><ThumbDown>0</ThumbDown><Sentiment/></Message><Message type="ReplyMessage"><Id>1366124870170-29</Id><Topic><Title>I'm having an early breakfast now.</Title><Username>geegenjar</Username><Timestamp>1366124116279</Timestamp><DateTime>Tue, 2013-04-16 10:55:16 EDT</DateTime></Topic><Msg>My breakfast was good: toasted slices of sourdough bread with cream cheese, strawberry jam, and liverwurst. I'm having a cup of coffee now.. Still nothing, huh? I'm ready for some action now. Good luck to us all!</Msg><Username>geegenjar</Username><Timestamp>1366124870170</Timestamp><DateTime>Tue, 2013-04-16 11:07:50 EDT</DateTime><ThumbUp>0</ThumbUp><ThumbDown>0</ThumbDown><Sentiment/></Message><Message type="ReplyMessage"><Id>1366125091800-30</Id><Topic><Title>I'm having an early breakfast now.</Title><Username>geegenjar</Username><Timestamp>1366124116279</Timestamp><DateTime>Tue, 2013-04-16 10:55:16 EDT</DateTime></Topic><Msg>"I'm ready for some action now." However, I must inform you that if nothing happens in the first 37 minutes, statistically speaking, chances of having any meaningful movements in either direction in the same day decrease dramatically.</Msg><Username>geegenjar</Username><Timestamp>1366125091800</Timestamp><DateTime>Tue, 2013-04-16 11:11:31 EDT</DateTime><ThumbUp>0</ThumbUp><ThumbDown>0</ThumbDown><Sentiment/></Message><Message type="TopicMessage"><Id>1366125913075-31</Id><Title>Yeah whatever</Title><Msg>Keep on chasin it higher until whenever...</Msg><Username>samueldavid1234</Username><Timestamp>1366125913075</Timestamp><DateTime>Tue, 2013-04-16 11:25:13 EDT</DateTime><ThumbUp>0</ThumbUp><ThumbDown>0</ThumbDown><Sentiment/></Message><Message type="ReplyMessage"><Id>1366126057625-32</Id><Topic><Title>Pumped up Bitcoin stox have rolled over</Title><Username>sybil_rulez</Username><Timestamp>1366111688441</Timestamp><DateTime>Tue, 2013-04-16 07:28:08 EDT</DateTime></Topic><Msg>Rolled over and up over $3. Some definition of "rolled over" you have.</Msg><Username>samueldavid1234</Username><Timestamp>1366126057625</Timestamp><DateTime>Tue, 2013-04-16 11:27:37 EDT</DateTime><ThumbUp>0</ThumbUp><ThumbDown>0</ThumbDown><Sentiment/></Message><Message type="ReplyMessage"><Id>1366126500650-33</Id><Topic><Title>US STOCK MARKET NEEDS TO SHOW THE WORLD OUR STRENGTH NOT WEAKNESS!</Title><Username>greenegggs</Username><Timestamp>1366110484383</Timestamp><DateTime>Tue, 2013-04-16 07:08:04 EDT</DateTime></Topic><Msg>Yup, buying stox is the American thing. That's why they embroider and American flag on their outfits at the NYSE. Glad I figured that out. Thing I have to wonder is, if everyone is buying who are they buying from?</Msg><Username>samueldavid1234</Username><Timestamp>1366126500650</Timestamp><DateTime>Tue, 2013-04-16 11:35:00 EDT</DateTime><ThumbUp>0</ThumbUp><ThumbDown>0</ThumbDown><Sentiment/></Message><Message type="TopicMessage"><Id>1366126635689-34</Id><Title>Biddin' up stox is American as apple pie</Title><Msg>Like going to a ball game. Just do it.</Msg><Username>samueldavid1234</Username><Timestamp>1366126635689</Timestamp><DateTime>Tue, 2013-04-16 11:37:15 EDT</DateTime><ThumbUp>0</ThumbUp><ThumbDown>0</ThumbDown><Sentiment/></Message><Message type="TopicMessage"><Id>1366126740098-35</Id><Title>At what point will COST and MCD split ?</Title><Msg>any comments ?</Msg><Username>jgiled</Username><Timestamp>1366126740098</Timestamp><DateTime>Tue, 2013-04-16 11:39:00 EDT</DateTime><ThumbUp>0</ThumbUp><ThumbDown>0</ThumbDown><Sentiment/></Message><Message type="ReplyMessage"><Id>1366126793188-36</Id><Topic><Title>Biddin' up stox is American as apple pie</Title><Username>samueldavid1234</Username><Timestamp>1366126635689</Timestamp><DateTime>Tue, 2013-04-16 11:37:15 EDT</DateTime></Topic><Msg>Correction: Biddin' up "certain" stox, i.e. the one's that the brokerage houses almost exclusively own, is American as apple pie.</Msg><Username>samueldavid1234</Username><Timestamp>1366126793188</Timestamp><DateTime>Tue, 2013-04-16 11:39:53 EDT</DateTime><ThumbUp>0</ThumbUp><ThumbDown>0</ThumbDown><Sentiment/></Message><Message type="TopicMessage"><Id>1366126989185-37</Id><Title>I like this: "Stocks Recover, etc. etc." But what about AZO that's DOWN $4/share?</Title><Msg>Shouldn't the headline rather say "SOME stocks recover, others haven't" instead of the generic "stox?" Or maybe they could say "Brokerage House exclusives recover..."</Msg><Username>samueldavid1234</Username><Timestamp>1366126989185</Timestamp><DateTime>Tue, 2013-04-16 11:43:09 EDT</DateTime><ThumbUp>0</ThumbUp><ThumbDown>0</ThumbDown><Sentiment/></Message><Message type="ReplyMessage"><Id>1366127115804-38</Id><Topic><Title>At what point will COST and MCD split ?</Title><Username>jgiled</Username><Timestamp>1366126740098</Timestamp><DateTime>Tue, 2013-04-16 11:39:00 EDT</DateTime></Topic><Msg>No. Go to those msg. boards and ask your question there, please.</Msg><Username>samueldavid1234</Username><Timestamp>1366127115804</Timestamp><DateTime>Tue, 2013-04-16 11:45:15 EDT</DateTime><ThumbUp>0</ThumbUp><ThumbDown>0</ThumbDown><Sentiment/></Message><Message type="TopicMessage"><Id>1366127191914-39</Id><Title>And the pump MUST go on!</Title><Msg>EOM</Msg><Username>samueldavid1234</Username><Timestamp>1366127191914</Timestamp><DateTime>Tue, 2013-04-16 11:46:31 EDT</DateTime><ThumbUp>0</ThumbUp><ThumbDown>0</ThumbDown><Sentiment/></Message><Message type="ReplyMessage"><Id>1366127306455-40</Id><Topic><Title>I'm having an early breakfast now.</Title><Username>geegenjar</Username><Timestamp>1366124116279</Timestamp><DateTime>Tue, 2013-04-16 10:55:16 EDT</DateTime></Topic><Msg>"However, I must inform you that if nothing happens in the first 37 minutes, statistically speaking" Geegee you dont know the 1st thing about stats.... Tell the board what a 5th grader knowz. Giver the following on todayz price action in scamazon: Max Min Range Mean Median And Mode Bonus question: what is the term used to apply statistics to predict the outcome of an event with a specified level of confidence? Show an example where this term is applied to the trading of amzn</Msg><Username>sybil_rulez</Username><Timestamp>1366127306455</Timestamp><DateTime>Tue, 2013-04-16 11:48:26 EDT</DateTime><ThumbUp>1</ThumbUp><ThumbDown>0</ThumbDown><Sentiment/></Message><Message type="ReplyMessage"><Id>1366127445111-41</Id><Topic><Title>Pumped up Bitcoin stox have rolled over</Title><Username>sybil_rulez</Username><Timestamp>1366111688441</Timestamp><DateTime>Tue, 2013-04-16 07:28:08 EDT</DateTime></Topic><Msg>284, dummy.... Its rolled over.... Are you gonna say "its up 5.00 from $120.... Its up....."</Msg><Username>sybil_rulez</Username><Timestamp>1366127445111</Timestamp><DateTime>Tue, 2013-04-16 11:50:45 EDT</DateTime><ThumbUp>0</ThumbUp><ThumbDown>0</ThumbDown><Sentiment/></Message><Message type="TopicMessage"><Id>1366127524184-42</Id><Title>come on 277 will add to my short</Title><Msg>eom</Msg><Username>xdon69</Username><Timestamp>1366127524184</Timestamp><DateTime>Tue, 2013-04-16 11:52:04 EDT</DateTime><ThumbUp>0</ThumbUp><ThumbDown>0</ThumbDown><Sentiment/></Message><Message type="TopicMessage"><Id>1366128153242-43</Id><Title>Excuse me, but I have a question, shorts.</Title><Msg>What did you do to deserve this kind of torture day after day?</Msg><Username>geegenjar</Username><Timestamp>1366128153242</Timestamp><DateTime>Tue, 2013-04-16 12:02:33 EDT</DateTime><ThumbUp>0</ThumbUp><ThumbDown>0</ThumbDown><Sentiment/></Message><Message type="ReplyMessage"><Id>1366128265457-44</Id><Topic><Title>Excuse me, but I have a question, shorts.</Title><Username>geegenjar</Username><Timestamp>1366128153242</Timestamp><DateTime>Tue, 2013-04-16 12:02:33 EDT</DateTime></Topic><Msg>LOL LOL</Msg><Username>xdon69</Username><Timestamp>1366128265457</Timestamp><DateTime>Tue, 2013-04-16 12:04:25 EDT</DateTime><ThumbUp>0</ThumbUp><ThumbDown>0</ThumbDown><Sentiment/></Message><Message type="TopicMessage"><Id>1366128555646-45</Id><Title>SHould I buy puts now?</Title><Msg>Or should I buy calls now? Or should I stay cash?</Msg><Username>geegenjar</Username><Timestamp>1366128555646</Timestamp><DateTime>Tue, 2013-04-16 12:09:15 EDT</DateTime><ThumbUp>0</ThumbUp><ThumbDown>0</ThumbDown><Sentiment/></Message><Message type="ReplyMessage"><Id>1366129545168-46</Id><Topic><Title>Looking for a cool looking motorcycle.</Title><Username>geegenjar</Username><Timestamp>1366119265264</Timestamp><DateTime>Tue, 2013-04-16 09:34:25 EDT</DateTime></Topic><Msg>I think Ducati Diavel Cromo looks pretty good.</Msg><Username>geegenjar</Username><Timestamp>1366129545168</Timestamp><DateTime>Tue, 2013-04-16 12:25:45 EDT</DateTime><ThumbUp>0</ThumbUp><ThumbDown>0</ThumbDown><Sentiment/></Message><Message type="TopicMessage"><Id>1366130399923-47</Id><Title>Revenues to profits is very difficult.</Title><Msg>I've been telling people for years that current revenues do not translate to future profits. The primary reason is that no one can predict the future. New competition, regulations, innovations, etc affect future profit potential. So for Investors to use revenue as a basis for valuation is nuts. Example: Microsoft is driving down cloud pricing.</Msg><Username>davidlistmanager</Username><Timestamp>1366130399923</Timestamp><DateTime>Tue, 2013-04-16 12:39:59 EDT</DateTime><ThumbUp>0</ThumbUp><ThumbDown>0</ThumbDown><Sentiment/></Message><Message type="TopicMessage"><Id>1366131736509-48</Id><Title>Trade Type: Short - why not? Give it a whirl... You know what happenz after sybs shorts, dont you?</Title><Msg>Status: FILLED at $272.48 Symbol: AMZN Description: AMAZON INC Action: Sell Short Quantity: 200 Filled Quantity: 200 Order Date: 04/16/2013 Execution Time: 12:54 PM ET</Msg><Username>sybil_rulez</Username><Timestamp>1366131736509</Timestamp><DateTime>Tue, 2013-04-16 13:02:16 EDT</DateTime><ThumbUp>0</ThumbUp><ThumbDown>0</ThumbDown><Sentiment/></Message><Message type="ReplyMessage"><Id>1366131773718-49</Id><Topic><Title>Revenues to profits is very difficult.</Title><Username>davidlistmanager</Username><Timestamp>1366130399923</Timestamp><DateTime>Tue, 2013-04-16 12:39:59 EDT</DateTime></Topic><Msg>So what's your point? By the way, Amazon does not care about profit, they care about free cash flow.</Msg><Username>brucetheharmonicaguy</Username><Timestamp>1366131773718</Timestamp><DateTime>Tue, 2013-04-16 13:02:53 EDT</DateTime><ThumbUp>0</ThumbUp><ThumbDown>2</ThumbDown><Sentiment/></Message><Message type="ReplyMessage"><Id>1366131840064-50</Id><Topic><Title>SHould I buy puts now?</Title><Username>geegenjar</Username><Timestamp>1366128555646</Timestamp><DateTime>Tue, 2013-04-16 12:09:15 EDT</DateTime></Topic><Msg>I'm sure glad I didn't buy puts earlier today. Yeah, shorts here are losers. I thought they might get lucky today, you know.</Msg><Username>geegenjar</Username><Timestamp>1366131840064</Timestamp><DateTime>Tue, 2013-04-16 13:04:00 EDT</DateTime><ThumbUp>0</ThumbUp><ThumbDown>1</ThumbDown><Sentiment/></Message><Message type="ReplyMessage"><Id>1366133140825-51</Id><Topic><Title>Revenues to profits is very difficult.</Title><Username>davidlistmanager</Username><Timestamp>1366130399923</Timestamp><DateTime>Tue, 2013-04-16 12:39:59 EDT</DateTime></Topic><Msg>they care about cash flow because they have brain washed the analyst into focusing on that since they can NEVER earn much with the current business model. Wake up time coming soon and a 100 point drop in a day will be starling you in the face.</Msg><Username>penystoc</Username><Timestamp>1366133140825</Timestamp><DateTime>Tue, 2013-04-16 13:25:40 EDT</DateTime><ThumbUp>2</ThumbUp><ThumbDown>0</ThumbDown><Sentiment/></Message><Message type="ReplyMessage"><Id>1366133608283-52</Id><Topic><Title>Trade Type: Short - why not? Give it a whirl... You know what happenz after sybs shorts, dont you?</Title><Username>sybil_rulez</Username><Timestamp>1366131736509</Timestamp><DateTime>Tue, 2013-04-16 13:02:16 EDT</DateTime></Topic><Msg>Sybil: "You know what happenz after sybs shorts, dont you?" You get stuck in the mud for over 5 months. Congratulations, though. You just raised your average AMZN short price to 258.66.</Msg><Username>geegenjar</Username><Timestamp>1366133608283</Timestamp><DateTime>Tue, 2013-04-16 13:33:28 EDT</DateTime><ThumbUp>0</ThumbUp><ThumbDown>1</ThumbDown><Sentiment/></Message><Message type="ReplyMessage"><Id>1366134591881-53</Id><Topic><Title>Looking for a cool looking motorcycle.</Title><Username>geegenjar</Username><Timestamp>1366119265264</Timestamp><DateTime>Tue, 2013-04-16 09:34:25 EDT</DateTime></Topic><Msg>I like the BMW G650. It's less than $8,000, gets 74 mpg, and goes anywhere.</Msg><Username>brucetheharmonicaguy</Username><Timestamp>1366134591881</Timestamp><DateTime>Tue, 2013-04-16 13:49:51 EDT</DateTime><ThumbUp>0</ThumbUp><ThumbDown>0</ThumbDown><Sentiment/></Message><Message type="ReplyMessage"><Id>1366136033165-54</Id><Topic><Title>271.25 critical more than ever.</Title><Username>geegenjar</Username><Timestamp>1366039942602</Timestamp><DateTime>Mon, 2013-04-15 11:32:22 EDT</DateTime></Topic><Msg>Oh, dear. Again?</Msg><Username>geegenjar</Username><Timestamp>1366136033165</Timestamp><DateTime>Tue, 2013-04-16 14:13:53 EDT</DateTime><ThumbUp>0</ThumbUp><ThumbDown>0</ThumbDown><Sentiment/></Message><Message type="ReplyMessage"><Id>1366136340979-55</Id><Topic><Title>Looking for a cool looking motorcycle.</Title><Username>geegenjar</Username><Timestamp>1366119265264</Timestamp><DateTime>Tue, 2013-04-16 09:34:25 EDT</DateTime></Topic><Msg>I agree u #$%$ go with the ducati</Msg><Username>xdon69</Username><Timestamp>1366136340979</Timestamp><DateTime>Tue, 2013-04-16 14:19:00 EDT</DateTime><ThumbUp>0</ThumbUp><ThumbDown>0</ThumbDown><Sentiment/></Message><Message type="ReplyMessage"><Id>1366136923577-56</Id><Topic><Title>Revenues to profits is very difficult.</Title><Username>davidlistmanager</Username><Timestamp>1366130399923</Timestamp><DateTime>Tue, 2013-04-16 12:39:59 EDT</DateTime></Topic><Msg>they have no free cash flow</Msg><Username>xdon69</Username><Timestamp>1366136923577</Timestamp><DateTime>Tue, 2013-04-16 14:28:43 EDT</DateTime><ThumbUp>2</ThumbUp><ThumbDown>0</ThumbDown><Sentiment/></Message><Message type="TopicMessage"><Id>1366140196663-57</Id><Title>any good mexican ETF's ?</Title><Msg>post them here</Msg><Username>jgiled</Username><Timestamp>1366140196663</Timestamp><DateTime>Tue, 2013-04-16 15:23:16 EDT</DateTime><ThumbUp>0</ThumbUp><ThumbDown>0</ThumbDown><Sentiment/></Message><Message type="ReplyMessage"><Id>1366140315985-58</Id><Topic><Title>Revenues to profits is very difficult.</Title><Username>davidlistmanager</Username><Timestamp>1366130399923</Timestamp><DateTime>Tue, 2013-04-16 12:39:59 EDT</DateTime></Topic><Msg>They do have "free cash flow".... Its in the form of a 3billion bond offerering at near 0% thanks to uncle ben.... But alas, they spend and spend on bad ideaz, buildingz, and compensation packagez. They will not have some comfortable debt roller interest rates in 2015, along with every orher corporate and muni bond debtorz that chose to live on the edge.... They may not even be able to refi at any interest rate, which iz when bond bulliez step in and common stock iz wiped out... Its quite dramatic actually.</Msg><Username>sybil_rulez</Username><Timestamp>1366140315985</Timestamp><DateTime>Tue, 2013-04-16 15:25:15 EDT</DateTime><ThumbUp>0</ThumbUp><ThumbDown>0</ThumbDown><Sentiment/></Message><Message type="TopicMessage"><Id>1366140498399-59</Id><Title>Creeping up.</Title><Msg>I think this stock will keep creeping up until Sybil will short more. Not my kind of day, though. I guess I just missed a good call buying opportunity earlier today. I'll wait for another opportunity.</Msg><Username>geegenjar</Username><Timestamp>1366140498399</Timestamp><DateTime>Tue, 2013-04-16 15:28:18 EDT</DateTime><ThumbUp>0</ThumbUp><ThumbDown>0</ThumbDown><Sentiment/></Message><Message type="TopicMessage"><Id>1366140595433-60</Id><Title>275.12 and beyond!</Title><Msg>Good luck to strong longs who can stick this out!</Msg><Username>geegenjar</Username><Timestamp>1366140595433</Timestamp><DateTime>Tue, 2013-04-16 15:29:55 EDT</DateTime><ThumbUp>0</ThumbUp><ThumbDown>0</ThumbDown><Sentiment/></Message><Message type="TopicMessage"><Id>1366140773721-61</Id><Title>Another massive up day on now volume/money flow - boring</Title><Msg>this is the easiest stock in the world to manipulate. Market Cap up $3.7B today on $432B of money flow. another almost 10-1 ratio .... unreal (very nice return for those buying .. but especially wonderful for the employees of AMZN). Shouldn't employees send thankyou letters every day to MS, Cap world, and FMR ????</Msg><Username>once_on</Username><Timestamp>1366140773721</Timestamp><DateTime>Tue, 2013-04-16 15:32:53 EDT</DateTime><ThumbUp>0</ThumbUp><ThumbDown>0</ThumbDown><Sentiment/></Message><Message type="TopicMessage"><Id>1366140879348-62</Id><Title>Volume! Volume!! Volume!!!</Title><Msg>Volume, please confirm the price!!!</Msg><Username>barrynyc1</Username><Timestamp>1366140879348</Timestamp><DateTime>Tue, 2013-04-16 15:34:39 EDT</DateTime><ThumbUp>0</ThumbUp><ThumbDown>0</ThumbDown><Sentiment/></Message><Message type="ReplyMessage"><Id>1366140899272-63</Id><Topic><Title>Another massive up day on now volume/money flow - boring</Title><Username>once_on</Username><Timestamp>1366140773721</Timestamp><DateTime>Tue, 2013-04-16 15:32:53 EDT</DateTime></Topic><Msg>On the other hand, it took apple buyers $3.8B in money flow to move the market cap $6B (less than 2-1 ratio).</Msg><Username>once_on</Username><Timestamp>1366140899272</Timestamp><DateTime>Tue, 2013-04-16 15:34:59 EDT</DateTime><ThumbUp>0</ThumbUp><ThumbDown>0</ThumbDown><Sentiment/></Message><Message type="ReplyMessage"><Id>1366141146510-64</Id><Topic><Title>Another massive up day on now volume/money flow - boring</Title><Username>once_on</Username><Timestamp>1366140773721</Timestamp><DateTime>Tue, 2013-04-16 15:32:53 EDT</DateTime></Topic><Msg>Do you mean $432 million ?</Msg><Username>barrynyc1</Username><Timestamp>1366141146510</Timestamp><DateTime>Tue, 2013-04-16 15:39:06 EDT</DateTime><ThumbUp>0</ThumbUp><ThumbDown>0</ThumbDown><Sentiment/></Message><Message type="TopicMessage"><Id>1366141932579-65</Id><Title>This is too painful to watch.</Title><Msg>Shorts are getting choked to death. This isn't humane!</Msg><Username>geegenjar</Username><Timestamp>1366141932579</Timestamp><DateTime>Tue, 2013-04-16 15:52:12 EDT</DateTime><ThumbUp>0</ThumbUp><ThumbDown>0</ThumbDown><Sentiment/></Message><Message type="ReplyMessage"><Id>1366142068093-66</Id><Topic><Title>Another massive up day on now volume/money flow - boring</Title><Username>once_on</Username><Timestamp>1366140773721</Timestamp><DateTime>Tue, 2013-04-16 15:32:53 EDT</DateTime></Topic><Msg>yes 432M.</Msg><Username>once_on</Username><Timestamp>1366142068093</Timestamp><DateTime>Tue, 2013-04-16 15:54:28 EDT</DateTime><ThumbUp>0</ThumbUp><ThumbDown>0</ThumbDown><Sentiment/></Message><Message type="TopicMessage"><Id>1366142240282-67</Id><Title>278 tomorrow.</Title><Msg>A distinct possibility. But I'm too chicken to buy calls now.</Msg><Username>geegenjar</Username><Timestamp>1366142240282</Timestamp><DateTime>Tue, 2013-04-16 15:57:20 EDT</DateTime><ThumbUp>0</ThumbUp><ThumbDown>0</ThumbDown><Sentiment/></Message><Message type="ReplyMessage"><Id>1366144511199-68</Id><Topic><Title>Creeping up.</Title><Username>geegenjar</Username><Timestamp>1366140498399</Timestamp><DateTime>Tue, 2013-04-16 15:28:18 EDT</DateTime></Topic><Msg>Stoopid stoopid geegee, You'll have plenty of opportunity to buy callz all the way down deep into double digits, dummy....</Msg><Username>sybil_rulez</Username><Timestamp>1366144511199</Timestamp><DateTime>Tue, 2013-04-16 16:35:11 EDT</DateTime><ThumbUp>0</ThumbUp><ThumbDown>0</ThumbDown><Sentiment/></Message><Message type="TopicMessage"><Id>1366144662320-69</Id><Title>More option tradering crackheadz will be murdered</Title><Msg>This time it will be the monthly crackheadz and a few leaps (again). Why bozoz trade optionz iz beyond sybs comprehension.... Vquickest way to lose coin if sybs ever seen one.</Msg><Username>sybil_rulez</Username><Timestamp>1366144662320</Timestamp><DateTime>Tue, 2013-04-16 16:37:42 EDT</DateTime><ThumbUp>1</ThumbUp><ThumbDown>0</ThumbDown><Sentiment/></Message><Message type="ReplyMessage"><Id>1366145073277-70</Id><Topic><Title>Trade Type: Short - why not? Give it a whirl... You know what happenz after sybs shorts, dont you?</Title><Username>sybil_rulez</Username><Timestamp>1366131736509</Timestamp><DateTime>Tue, 2013-04-16 13:02:16 EDT</DateTime></Topic><Msg>"You just raised your average AMZN short price to 258.66." Try 265.05, stoopit.... Again, your more concerned with sybs position than your own..... Why iz that?</Msg><Username>sybil_rulez</Username><Timestamp>1366145073277</Timestamp><DateTime>Tue, 2013-04-16 16:44:33 EDT</DateTime><ThumbUp>1</ThumbUp><ThumbDown>0</ThumbDown><Sentiment/></Message><Message type="ReplyMessage"><Id>1366146876851-71</Id><Topic><Title>More option tradering crackheadz will be murdered</Title><Username>sybil_rulez</Username><Timestamp>1366144662320</Timestamp><DateTime>Tue, 2013-04-16 16:37:42 EDT</DateTime></Topic><Msg>Not if you’re a seller of options. You can make money selling CALLS on over-priced stocks because people tend to extrapolate stock charts even though the current stock price already has the future growth priced into it. People see a stock doubling in a year, and they think it might double again the following year, but it never does.</Msg><Username>jeffpmpccea</Username><Timestamp>1366146876851</Timestamp><DateTime>Tue, 2013-04-16 17:14:36 EDT</DateTime><ThumbUp>0</ThumbUp><ThumbDown>0</ThumbDown><Sentiment>Sell</Sentiment></Message><Message type="ReplyMessage"><Id>1366148483093-72</Id><Topic><Title>More option tradering crackheadz will be murdered</Title><Username>sybil_rulez</Username><Timestamp>1366144662320</Timestamp><DateTime>Tue, 2013-04-16 16:37:42 EDT</DateTime></Topic><Msg>Selling optionz of any kind iz never a good idea, Unless you are a robot owner with contol of a statistically significant pwrcentage of the float . Nobody likes to be caught naked. It can be quite shocking.</Msg><Username>sybil_rulez</Username><Timestamp>1366148483093</Timestamp><DateTime>Tue, 2013-04-16 17:41:23 EDT</DateTime><ThumbUp>1</ThumbUp><ThumbDown>0</ThumbDown><Sentiment/></Message><Message type="ReplyMessage"><Id>1366167606925-73</Id><Topic><Title>Active managers...</Title><Username>techstrategy</Username><Timestamp>1358383381962</Timestamp><DateTime>Wed, 2013-01-16 19:43:01 EST</DateTime></Topic><Msg>Hooah!</Msg><Username>geegenjar</Username><Timestamp>1366167606925</Timestamp><DateTime>Tue, 2013-04-16 23:00:06 EDT</DateTime><ThumbUp>0</ThumbUp><ThumbDown>0</ThumbDown><Sentiment/></Message></Date>