<?xml version="1.0" encoding="UTF-8" standalone="no"?><Date date="2013-02-08"><Message type="TopicMessage"><Id>1360300588998-1</Id><Title>vix spike to 40s due</Title><Msg>Expect a plunge</Msg><Username>coyfish_hd_in_nh</Username><Timestamp>1360300588998</Timestamp><DateTime>Fri, 2013-02-08 00:16:28 EST</DateTime><ThumbUp>0</ThumbUp><ThumbDown>0</ThumbDown><Sentiment/></Message><Message type="TopicMessage"><Id>1360301233949-2</Id><Title>Hedgies will get redemptions in 2013</Title><Msg>I went to cash with my small fund. How can economy grow with 2% payroll deduct. Energy got a bump. Sequester ahead. Then debt ceiling. Q1 GDP could confirm we are in recession. Fed stimulus outta of momentum. All artificial growth.</Msg><Username>coyfish_hd_in_nh</Username><Timestamp>1360301233949</Timestamp><DateTime>Fri, 2013-02-08 00:27:13 EST</DateTime><ThumbUp>0</ThumbUp><ThumbDown>0</ThumbDown><Sentiment/></Message><Message type="TopicMessage"><Id>1360301539521-3</Id><Title>Ali baba</Title><Msg>I told u. Wait till ab enters us market Oy vey Ml</Msg><Username>caseevaluator</Username><Timestamp>1360301539521</Timestamp><DateTime>Fri, 2013-02-08 00:32:19 EST</DateTime><ThumbUp>0</ThumbUp><ThumbDown>0</ThumbDown><Sentiment/></Message><Message type="ReplyMessage"><Id>1360302653525-4</Id><Topic><Title>$266.99 tomorrow is very possible. $274 next week is still possible.</Title><Username>geegenjar</Username><Timestamp>1360258973078</Timestamp><DateTime>Thu, 2013-02-07 12:42:53 EST</DateTime></Topic><Msg>More like $220.</Msg><Username>thewad71</Username><Timestamp>1360302653525</Timestamp><DateTime>Fri, 2013-02-08 00:50:53 EST</DateTime><ThumbUp>1</ThumbUp><ThumbDown>8</ThumbDown><Sentiment/></Message><Message type="TopicMessage"><Id>1360305120610-5</Id><Title>20% sales growth for this extremely thin margin...</Title><Msg>No profit organization.... cash flow is less than HPQ. Market cap is multiple...</Msg><Username>osulinn</Username><Timestamp>1360305120610</Timestamp><DateTime>Fri, 2013-02-08 01:32:00 EST</DateTime><ThumbUp>0</ThumbUp><ThumbDown>2</ThumbDown><Sentiment/></Message><Message type="TopicMessage"><Id>1360305147055-6</Id><Title>Straight to 150..</Title><Msg>Missed earnings...</Msg><Username>osulinn</Username><Timestamp>1360305147055</Timestamp><DateTime>Fri, 2013-02-08 01:32:27 EST</DateTime><ThumbUp>1</ThumbUp><ThumbDown>3</ThumbDown><Sentiment/></Message><Message type="TopicMessage"><Id>1360305829836-7</Id><Title>Missed Sales estimates..</Title><Msg>kkkkkkkkkkkkkkkkkkkk</Msg><Username>osulinn</Username><Timestamp>1360305829836</Timestamp><DateTime>Fri, 2013-02-08 01:43:49 EST</DateTime><ThumbUp>0</ThumbUp><ThumbDown>2</ThumbDown><Sentiment/></Message><Message type="ReplyMessage"><Id>1360320896487-8</Id><Topic><Title>Secret AMZN Info REVEALED!</Title><Username>jefflove607</Username><Timestamp>1359993376963</Timestamp><DateTime>Mon, 2013-02-04 10:56:16 EST</DateTime></Topic><Msg>new update</Msg><Username>robertsommer</Username><Timestamp>1360320896487</Timestamp><DateTime>Fri, 2013-02-08 05:54:56 EST</DateTime><ThumbUp>0</ThumbUp><ThumbDown>0</ThumbDown><Sentiment/></Message><Message type="TopicMessage"><Id>1360327310305-9</Id><Title>AMZN ask: 262.68. (7:41 a.m. EST)</Title><Msg>Ominous sign for shorts.</Msg><Username>geegenjar</Username><Timestamp>1360327310305</Timestamp><DateTime>Fri, 2013-02-08 07:41:50 EST</DateTime><ThumbUp>0</ThumbUp><ThumbDown>0</ThumbDown><Sentiment/></Message><Message type="TopicMessage"><Id>1360327392625-10</Id><Title>Its time......</Title><Msg>Its time for the weekly butchering of the crack head weekly optionz trader.... It should be no suprise by now. This train runz a more reliable schedule then the manhattan blue line going outta penn station, yet the crack headz insist on throwing themselvez in front of the fvck in thing.... When o when will they learn?</Msg><Username>sybil_lives</Username><Timestamp>1360327392625</Timestamp><DateTime>Fri, 2013-02-08 07:43:12 EST</DateTime><ThumbUp>0</ThumbUp><ThumbDown>0</ThumbDown><Sentiment/></Message><Message type="ReplyMessage"><Id>1360327582887-11</Id><Topic><Title>Its time......</Title><Username>sybil_lives</Username><Timestamp>1360327392625</Timestamp><DateTime>Fri, 2013-02-08 07:43:12 EST</DateTime></Topic><Msg>Sybil will be holding servicez in loving memory of the optionz crackheadz over their unmarked mass gravez at 4:00 pm est</Msg><Username>sybil_lives</Username><Timestamp>1360327582887</Timestamp><DateTime>Fri, 2013-02-08 07:46:22 EST</DateTime><ThumbUp>0</ThumbUp><ThumbDown>0</ThumbDown><Sentiment/></Message><Message type="ReplyMessage"><Id>1360328200006-12</Id><Topic><Title>AMZN ask: 262.68. (7:41 a.m. EST)</Title><Username>geegenjar</Username><Timestamp>1360327310305</Timestamp><DateTime>Fri, 2013-02-08 07:41:50 EST</DateTime></Topic><Msg>Ask has dropped to 262.49. Someone is trying to put a lid on her.</Msg><Username>geegenjar</Username><Timestamp>1360328200006</Timestamp><DateTime>Fri, 2013-02-08 07:56:40 EST</DateTime><ThumbUp>0</ThumbUp><ThumbDown>0</ThumbDown><Sentiment/></Message><Message type="TopicMessage"><Id>1360329325541-13</Id><Title>WOW! LNKD UPGRADED TO $175 PRICE TARGET! $200+ IMO</Title><Msg>#$%$$</Msg><Username>greenegggs</Username><Timestamp>1360329325541</Timestamp><DateTime>Fri, 2013-02-08 08:15:25 EST</DateTime><ThumbUp>0</ThumbUp><ThumbDown>0</ThumbDown><Sentiment/></Message><Message type="ReplyMessage"><Id>1360329928216-14</Id><Topic><Title>AMZN NEW UPDATED CHARTS!</Title><Username>revayejuanita</Username><Timestamp>1360252719854</Timestamp><DateTime>Thu, 2013-02-07 10:58:39 EST</DateTime></Topic><Msg>Cool picks. I love it.</Msg><Username>rmillariasuzanne</Username><Timestamp>1360329928216</Timestamp><DateTime>Fri, 2013-02-08 08:25:28 EST</DateTime><ThumbUp>0</ThumbUp><ThumbDown>0</ThumbDown><Sentiment/></Message><Message type="TopicMessage"><Id>1360331259948-15</Id><Title>Shorts are hoping . . .</Title><Msg>She will dip below 261 again.</Msg><Username>geegenjar</Username><Timestamp>1360331259948</Timestamp><DateTime>Fri, 2013-02-08 08:47:39 EST</DateTime><ThumbUp>0</ThumbUp><ThumbDown>0</ThumbDown><Sentiment/></Message><Message type="ReplyMessage"><Id>1360331638586-16</Id><Topic><Title>Its time......</Title><Username>sybil_lives</Username><Timestamp>1360327392625</Timestamp><DateTime>Fri, 2013-02-08 07:43:12 EST</DateTime></Topic><Msg>very true good post</Msg><Username>xdon69</Username><Timestamp>1360331638586</Timestamp><DateTime>Fri, 2013-02-08 08:53:58 EST</DateTime><ThumbUp>0</ThumbUp><ThumbDown>0</ThumbDown><Sentiment/></Message><Message type="ReplyMessage"><Id>1360332177921-17</Id><Topic><Title>Its time......</Title><Username>sybil_lives</Username><Timestamp>1360327392625</Timestamp><DateTime>Fri, 2013-02-08 07:43:12 EST</DateTime></Topic><Msg>To load up and swing trade some pigz....  Status: OPEN  Symbol: NFLX  Description: NETFLIX INC    Action: Sell Short  Quantity: 1500   Order Type: Limit at $183.00  Status: OPEN  Symbol: NFLX  Description: NETFLIX INC    Action: Sell Short  Quantity: 1500   Order Type: Limit at $185.00  Status: OPEN  Symbol: AMZN  Description: AMAZON INC   Action: Sell Short  Quantity: 500  Order Type: Limit at $262.75 Status: OPEN  Symbol: AMZN  Description: AMAZON INC   Action: Sell Short  Quantity: 500  Order Type: Limit at $265.00</Msg><Username>sybil_lives</Username><Timestamp>1360332177921</Timestamp><DateTime>Fri, 2013-02-08 09:02:57 EST</DateTime><ThumbUp>0</ThumbUp><ThumbDown>0</ThumbDown><Sentiment/></Message><Message type="TopicMessage"><Id>1360333247638-18</Id><Title>Shorts, relax.</Title><Msg>As long as AMZN remains below $262.50, she won't go to $263.75.</Msg><Username>geegenjar</Username><Timestamp>1360333247638</Timestamp><DateTime>Fri, 2013-02-08 09:20:47 EST</DateTime><ThumbUp>0</ThumbUp><ThumbDown>0</ThumbDown><Sentiment/></Message><Message type="TopicMessage"><Id>1360333454493-19</Id><Title>Posters on this board . . .</Title><Msg>are definitely skitzos . . . short sellers are placing arbitrary premarket orders without a care for volume or direction . . . and others are flip flopping like a fish ensnared in a net on the back of a boat . . .</Msg><Username>ajmanieri</Username><Timestamp>1360333454493</Timestamp><DateTime>Fri, 2013-02-08 09:24:14 EST</DateTime><ThumbUp>0</ThumbUp><ThumbDown>0</ThumbDown><Sentiment/></Message><Message type="ReplyMessage"><Id>1360334942879-20</Id><Topic><Title>Its time......</Title><Username>sybil_lives</Username><Timestamp>1360327392625</Timestamp><DateTime>Fri, 2013-02-08 07:43:12 EST</DateTime></Topic><Msg>hope you get Burned on your shorts....</Msg><Username>jim.targus</Username><Timestamp>1360334942879</Timestamp><DateTime>Fri, 2013-02-08 09:49:02 EST</DateTime><ThumbUp>0</ThumbUp><ThumbDown>1</ThumbDown><Sentiment/></Message><Message type="ReplyMessage"><Id>1360335101485-21</Id><Topic><Title>Its time......</Title><Username>sybil_lives</Username><Timestamp>1360327392625</Timestamp><DateTime>Fri, 2013-02-08 07:43:12 EST</DateTime></Topic><Msg>I hope u get burn on your longs loser</Msg><Username>xdon69</Username><Timestamp>1360335101485</Timestamp><DateTime>Fri, 2013-02-08 09:51:41 EST</DateTime><ThumbUp>1</ThumbUp><ThumbDown>0</ThumbDown><Sentiment/></Message><Message type="TopicMessage"><Id>1360335186881-22</Id><Title>Shorts, you have to short more.</Title><Msg>Otherwise, AMZN won't go up much higher from here. Thank you.</Msg><Username>geegenjar</Username><Timestamp>1360335186881</Timestamp><DateTime>Fri, 2013-02-08 09:53:06 EST</DateTime><ThumbUp>0</ThumbUp><ThumbDown>0</ThumbDown><Sentiment/></Message><Message type="ReplyMessage"><Id>1360335197149-23</Id><Topic><Title>Nasdaq 100 futures will be +30 tomorrow morning.</Title><Username>geegenjar</Username><Timestamp>1360291742146</Timestamp><DateTime>Thu, 2013-02-07 21:49:02 EST</DateTime></Topic><Msg>Good one!!</Msg><Username>jdelgado7723</Username><Timestamp>1360335197149</Timestamp><DateTime>Fri, 2013-02-08 09:53:17 EST</DateTime><ThumbUp>0</ThumbUp><ThumbDown>0</ThumbDown><Sentiment>Hold</Sentiment></Message><Message type="ReplyMessage"><Id>1360335292215-24</Id><Topic><Title>Its time......</Title><Username>sybil_lives</Username><Timestamp>1360327392625</Timestamp><DateTime>Fri, 2013-02-08 07:43:12 EST</DateTime></Topic><Msg>hope you get burned on your short and AMZN is at all time highs next week.</Msg><Username>jim.targus</Username><Timestamp>1360335292215</Timestamp><DateTime>Fri, 2013-02-08 09:54:52 EST</DateTime><ThumbUp>0</ThumbUp><ThumbDown>1</ThumbDown><Sentiment>Strong Buy</Sentiment></Message><Message type="ReplyMessage"><Id>1360335473676-25</Id><Topic><Title>Shorts, you have to short more.</Title><Username>geegenjar</Username><Timestamp>1360335186881</Timestamp><DateTime>Fri, 2013-02-08 09:53:06 EST</DateTime></Topic><Msg>make it go I want to short please longs</Msg><Username>xdon69</Username><Timestamp>1360335473676</Timestamp><DateTime>Fri, 2013-02-08 09:57:53 EST</DateTime><ThumbUp>0</ThumbUp><ThumbDown>0</ThumbDown><Sentiment/></Message><Message type="TopicMessage"><Id>1360336217908-26</Id><Title>THIS MARKET IS ROARING HIGHER: ONLY A MATTER OF TIME BEFORE NEW ALL TIME HIGHS COME HERE</Title><Msg>We owe a great deal to the liquidity ben has provided as stocks are creating incredible wealth for thos in them. Cheers to all who believed in the recovery off of 2008.</Msg><Username>nasdaq_6000_baby</Username><Timestamp>1360336217908</Timestamp><DateTime>Fri, 2013-02-08 10:10:17 EST</DateTime><ThumbUp>0</ThumbUp><ThumbDown>0</ThumbDown><Sentiment/></Message><Message type="ReplyMessage"><Id>1360336376969-27</Id><Topic><Title>Placed a little wager at the close . . .</Title><Username>ajmanieri</Username><Timestamp>1360272198153</Timestamp><DateTime>Thu, 2013-02-07 16:23:18 EST</DateTime></Topic><Msg>dumped half at 1.30 . . . let's see where the rest goes . . .</Msg><Username>ajmanieri</Username><Timestamp>1360336376969</Timestamp><DateTime>Fri, 2013-02-08 10:12:56 EST</DateTime><ThumbUp>0</ThumbUp><ThumbDown>0</ThumbDown><Sentiment/></Message><Message type="ReplyMessage"><Id>1360336390514-28</Id><Topic><Title>Its time......</Title><Username>sybil_lives</Username><Timestamp>1360327392625</Timestamp><DateTime>Fri, 2013-02-08 07:43:12 EST</DateTime></Topic><Msg>Its been a loooong time since sybs got 'burnt' on shorts..... Dont hold your breath homey.</Msg><Username>sybil_lives</Username><Timestamp>1360336390514</Timestamp><DateTime>Fri, 2013-02-08 10:13:10 EST</DateTime><ThumbUp>0</ThumbUp><ThumbDown>0</ThumbDown><Sentiment/></Message><Message type="TopicMessage"><Id>1360336519545-29</Id><Title>Higher high....</Title><Msg>Oversold and will go up much higher...</Msg><Username>cybercash28</Username><Timestamp>1360336519545</Timestamp><DateTime>Fri, 2013-02-08 10:15:19 EST</DateTime><ThumbUp>0</ThumbUp><ThumbDown>0</ThumbDown><Sentiment/></Message><Message type="TopicMessage"><Id>1360336649329-30</Id><Title>Bandwaggon shorts of pig flix will be finishing up covering today</Title><Msg>they got thrown in a small room each with a weapon of coice and have hacked each other to peicez for 3 weeks solid, now they must shoot themselvez.</Msg><Username>sybil_lives</Username><Timestamp>1360336649329</Timestamp><DateTime>Fri, 2013-02-08 10:17:29 EST</DateTime><ThumbUp>0</ThumbUp><ThumbDown>0</ThumbDown><Sentiment/></Message><Message type="TopicMessage"><Id>1360336697989-31</Id><Title>Just shorted at 63.71</Title><Msg>I'm a winner, watch this thing dive.</Msg><Username>drozone3111</Username><Timestamp>1360336697989</Timestamp><DateTime>Fri, 2013-02-08 10:18:17 EST</DateTime><ThumbUp>0</ThumbUp><ThumbDown>0</ThumbDown><Sentiment/></Message><Message type="TopicMessage"><Id>1360336707235-32</Id><Title>wow! congrats to any of the LNKD stock owners: that stock is raging higher today: Reed Hoffman is 'da man!!</Title><Msg>outside of Jeff Bezos! Unbelievable wealth being created and attained by these guys! All that was needed was a liquidity boost to get it and Ben is providing it.</Msg><Username>nasdaq_6000_baby</Username><Timestamp>1360336707235</Timestamp><DateTime>Fri, 2013-02-08 10:18:27 EST</DateTime><ThumbUp>0</ThumbUp><ThumbDown>0</ThumbDown><Sentiment/></Message><Message type="ReplyMessage"><Id>1360336841079-33</Id><Topic><Title>Bandwaggon shorts of pig flix will be finishing up covering today</Title><Username>sybil_lives</Username><Timestamp>1360336649329</Timestamp><DateTime>Fri, 2013-02-08 10:17:29 EST</DateTime></Topic><Msg>slimebag.</Msg><Username>nasdaq_6000_baby</Username><Timestamp>1360336841079</Timestamp><DateTime>Fri, 2013-02-08 10:20:41 EST</DateTime><ThumbUp>0</ThumbUp><ThumbDown>0</ThumbDown><Sentiment/></Message><Message type="TopicMessage"><Id>1360336988176-34</Id><Title>Stox, particularly the pigz, will drop mucho dtops next week</Title><Msg>hence sybs 'timed' load up for a quick swing trade.... Sybil typically doesnt 'time' the the market.... Consistant with sybils theme of the day: "its time".:</Msg><Username>sybil_lives</Username><Timestamp>1360336988176</Timestamp><DateTime>Fri, 2013-02-08 10:23:08 EST</DateTime><ThumbUp>0</ThumbUp><ThumbDown>0</ThumbDown><Sentiment/></Message><Message type="ReplyMessage"><Id>1360337010084-35</Id><Topic><Title>Its time......</Title><Username>sybil_lives</Username><Timestamp>1360327392625</Timestamp><DateTime>Fri, 2013-02-08 07:43:12 EST</DateTime></Topic><Msg>the guys been torched constatly in a raging bull market to here. no doubt about it</Msg><Username>nasdaq_6000_baby</Username><Timestamp>1360337010084</Timestamp><DateTime>Fri, 2013-02-08 10:23:30 EST</DateTime><ThumbUp>0</ThumbUp><ThumbDown>0</ThumbDown><Sentiment/></Message><Message type="TopicMessage"><Id>1360337148940-36</Id><Title>BWAHAAAAAAAA!</Title><Msg>Up money already! AMZN what a piece of #$%$!</Msg><Username>drozone3111</Username><Timestamp>1360337148940</Timestamp><DateTime>Fri, 2013-02-08 10:25:48 EST</DateTime><ThumbUp>0</ThumbUp><ThumbDown>0</ThumbDown><Sentiment/></Message><Message type="ReplyMessage"><Id>1360337204359-37</Id><Topic><Title>younger target markets</Title><Username>amiebellewzkztgeez5813</Username><Timestamp>1303740019000</Timestamp><DateTime>Mon, 2011-04-25 10:00:19 EDT</DateTime></Topic><Msg>Very good record</Msg><Username>sarah.smithm</Username><Timestamp>1360337204359</Timestamp><DateTime>Fri, 2013-02-08 10:26:44 EST</DateTime><ThumbUp>0</ThumbUp><ThumbDown>0</ThumbDown><Sentiment/></Message><Message type="ReplyMessage"><Id>1360337322565-38</Id><Topic><Title>New AMZN Analyst Report (MUST SEE)</Title><Username>coxkai</Username><Timestamp>1360103778463</Timestamp><DateTime>Tue, 2013-02-05 17:36:18 EST</DateTime></Topic><Msg>great info.</Msg><Username>ruben.parker</Username><Timestamp>1360337322565</Timestamp><DateTime>Fri, 2013-02-08 10:28:42 EST</DateTime><ThumbUp>0</ThumbUp><ThumbDown>0</ThumbDown><Sentiment/></Message><Message type="ReplyMessage"><Id>1360337383018-39</Id><Topic><Title>New AMZN Analyst Report (MUST SEE)</Title><Username>connorblack365</Username><Timestamp>1360010238169</Timestamp><DateTime>Mon, 2013-02-04 15:37:18 EST</DateTime></Topic><Msg>great info.</Msg><Username>ruben.parker</Username><Timestamp>1360337383018</Timestamp><DateTime>Fri, 2013-02-08 10:29:43 EST</DateTime><ThumbUp>0</ThumbUp><ThumbDown>1</ThumbDown><Sentiment/></Message><Message type="TopicMessage"><Id>1360337529684-40</Id><Title>Per the sybs momo indicatorz turning over a week ago.......</Title><Msg>next week iz shaping up to be a doooozy of a pull back in all thingz piggy, including the piggy markets... Sybs in the house ....Thangyou , thangyou very muuch.</Msg><Username>sybil_lives</Username><Timestamp>1360337529684</Timestamp><DateTime>Fri, 2013-02-08 10:32:09 EST</DateTime><ThumbUp>0</ThumbUp><ThumbDown>0</ThumbDown><Sentiment/></Message><Message type="TopicMessage"><Id>1360338018073-41</Id><Title>Sybil detects an eery sense of iggy'd "gray ghosts" posting fevervently to the board</Title><Msg>Nasdaq_6000 and geegee are most likely jerking off feverishly in the ignored side of sybs yahoo view.... What they may not realize iz that sybs in the black on all scamazon short tradez and setting up nice a base for making phat money on pig flix tradez... Who makes this all possible? Shorts that shoot themselvez, crack head optionz traderz that hit the pipe, and koolaid drinking holderz of big bagz of sheit. All theze idiots are herded and slaughtered by robots on a routine basis. Sybs appreciates them all, even the robots.</Msg><Username>sybil_lives</Username><Timestamp>1360338018073</Timestamp><DateTime>Fri, 2013-02-08 10:40:18 EST</DateTime><ThumbUp>0</ThumbUp><ThumbDown>0</ThumbDown><Sentiment/></Message><Message type="ReplyMessage"><Id>1360341288053-42</Id><Topic><Title>Sybil detects an eery sense of iggy'd "gray ghosts" posting fevervently to the board</Title><Username>sybil_lives</Username><Timestamp>1360338018073</Timestamp><DateTime>Fri, 2013-02-08 10:40:18 EST</DateTime></Topic><Msg>Good Lord....Just take them off iggy already! You know you miss them! - PJ</Msg><Username>pjlouie13</Username><Timestamp>1360341288053</Timestamp><DateTime>Fri, 2013-02-08 11:34:48 EST</DateTime><ThumbUp>0</ThumbUp><ThumbDown>0</ThumbDown><Sentiment>Strong Sell</Sentiment></Message><Message type="TopicMessage"><Id>1360341415063-43</Id><Title>WARNING---SELL0FF..SELL0FF..SELL0FF---WARNING!!!</Title><Msg>get out yet!</Msg><Username>mlg4044</Username><Timestamp>1360341415063</Timestamp><DateTime>Fri, 2013-02-08 11:36:55 EST</DateTime><ThumbUp>0</ThumbUp><ThumbDown>1</ThumbDown><Sentiment/></Message><Message type="TopicMessage"><Id>1360341600283-44</Id><Title>If you are long amzn ...</Title><Msg>Would you be surprised if this stock finishes in red today? And if it does what action would you take?</Msg><Username>ehsani97</Username><Timestamp>1360341600283</Timestamp><DateTime>Fri, 2013-02-08 11:40:00 EST</DateTime><ThumbUp>0</ThumbUp><ThumbDown>0</ThumbDown><Sentiment/></Message><Message type="ReplyMessage"><Id>1360341813652-45</Id><Topic><Title>If you are long amzn ...</Title><Username>ehsani97</Username><Timestamp>1360341600283</Timestamp><DateTime>Fri, 2013-02-08 11:40:00 EST</DateTime></Topic><Msg>Nobody cares.</Msg><Username>diggo_man</Username><Timestamp>1360341813652</Timestamp><DateTime>Fri, 2013-02-08 11:43:33 EST</DateTime><ThumbUp>0</ThumbUp><ThumbDown>0</ThumbDown><Sentiment/></Message><Message type="ReplyMessage"><Id>1360341861048-46</Id><Topic><Title>Wasn't there some poor slob whining last week about being short lnkd?</Title><Username>sybil_lives</Username><Timestamp>1360286922363</Timestamp><DateTime>Thu, 2013-02-07 20:28:42 EST</DateTime></Topic><Msg>"that idiot would happen to be me :(" Ouch!!! Dude, robots are creaming on your ars while bozo bandwaggon shorts shoot each other to see who can cover 1st.... Sybs got a graphic better suited for your situation then your frowney face: .(__^__). .(__•__). .(__o__). You are currently here .(__0__). .(__O__). If you hold - this iz what will happen. Good luck you poor slob. Az a short trader sybs self, sybil feelz bad for you (a little, sort of, mmmmmm OK - not really)</Msg><Username>sybil_lives</Username><Timestamp>1360341861048</Timestamp><DateTime>Fri, 2013-02-08 11:44:21 EST</DateTime><ThumbUp>1</ThumbUp><ThumbDown>0</ThumbDown><Sentiment/></Message><Message type="ReplyMessage"><Id>1360342002989-47</Id><Topic><Title>If you are long amzn ...</Title><Username>ehsani97</Username><Timestamp>1360341600283</Timestamp><DateTime>Fri, 2013-02-08 11:40:00 EST</DateTime></Topic><Msg>I care I just went short think it closes red</Msg><Username>xdon69</Username><Timestamp>1360342002989</Timestamp><DateTime>Fri, 2013-02-08 11:46:42 EST</DateTime><ThumbUp>0</ThumbUp><ThumbDown>0</ThumbDown><Sentiment/></Message><Message type="TopicMessage"><Id>1360342654785-48</Id><Title>Why is Amazon worth this much?</Title><Msg>I don't own any Amazon, and I don't plan to buy any, but I have a question of those who do own it. Why is this stock worth what it is selling for. As far as I can see, they don't have much if any earnings, and they don't pay any dividend. Why for instance wouldn't wal-mart be a much better buy? They are making 4 bucks a share, pay a nice dividend, and cost about 1/4th as much as Amazon.</Msg><Username>jimdupont</Username><Timestamp>1360342654785</Timestamp><DateTime>Fri, 2013-02-08 11:57:34 EST</DateTime><ThumbUp>0</ThumbUp><ThumbDown>0</ThumbDown><Sentiment/></Message><Message type="TopicMessage"><Id>1360342784248-49</Id><Title>amzn going red today</Title><Msg>u can buy it back longs at 255</Msg><Username>xdon69</Username><Timestamp>1360342784248</Timestamp><DateTime>Fri, 2013-02-08 11:59:44 EST</DateTime><ThumbUp>0</ThumbUp><ThumbDown>0</ThumbDown><Sentiment/></Message><Message type="TopicMessage"><Id>1360342905449-50</Id><Title>@sherlockshah</Title><Msg>amzn went up the next day despite missing on eveerything. IT is very easy to generate short panic, with a bit of a buy and CNBC, reuters and Bloomberg you can push any stock. REuters actually reported that amzn beat on the margin or revenue or whatever. Lnkd, amzn, nflx, ..... these are all bafoon stocks bought by people that can not understand except the most simplistic business model these companies have. They are %100 duplicatable and just like 2000 they will be very badly hammered. It is just a matter of time. Amzn has missed 3 quaters of lowered earnings. lnkd earnings said minus ex-items, not sure how much is that. But to buy lnkd at its current earnings it will take you over 100 years to get your money back. All longs hope for a dumber individual to take over this ponzi scheme for them and they think they can get out at price of infinity for the stock</Msg><Username>ehsani97</Username><Timestamp>1360342905449</Timestamp><DateTime>Fri, 2013-02-08 12:01:45 EST</DateTime><ThumbUp>0</ThumbUp><ThumbDown>0</ThumbDown><Sentiment/></Message><Message type="ReplyMessage"><Id>1360342999295-51</Id><Topic><Title>@sherlockshah</Title><Username>ehsani97</Username><Timestamp>1360342905449</Timestamp><DateTime>Fri, 2013-02-08 12:01:45 EST</DateTime></Topic><Msg>good post</Msg><Username>xdon69</Username><Timestamp>1360342999295</Timestamp><DateTime>Fri, 2013-02-08 12:03:19 EST</DateTime><ThumbUp>0</ThumbUp><ThumbDown>0</ThumbDown><Sentiment/></Message><Message type="ReplyMessage"><Id>1360343060723-52</Id><Topic><Title>AMZN NEW UPDATED CHARTS!</Title><Username>revayejuanita</Username><Timestamp>1360252719854</Timestamp><DateTime>Thu, 2013-02-07 10:58:39 EST</DateTime></Topic><Msg>Continue sharing this to us please. Thanks in advance.</Msg><Username>schlaftcarol</Username><Timestamp>1360343060723</Timestamp><DateTime>Fri, 2013-02-08 12:04:20 EST</DateTime><ThumbUp>0</ThumbUp><ThumbDown>0</ThumbDown><Sentiment>Strong Buy</Sentiment></Message><Message type="TopicMessage"><Id>1360343716945-53</Id><Title>u better sell now or your going to hav a bad</Title><Msg>weekend</Msg><Username>xdon69</Username><Timestamp>1360343716945</Timestamp><DateTime>Fri, 2013-02-08 12:15:16 EST</DateTime><ThumbUp>0</ThumbUp><ThumbDown>0</ThumbDown><Sentiment/></Message><Message type="TopicMessage"><Id>1360343760419-54</Id><Title>Use "every upswing in this POS</Title><Msg>to short some more,impossible to lose.This PIG should trade under $100.</Msg><Username>katekir1234</Username><Timestamp>1360343760419</Timestamp><DateTime>Fri, 2013-02-08 12:16:00 EST</DateTime><ThumbUp>0</ThumbUp><ThumbDown>0</ThumbDown><Sentiment/></Message><Message type="TopicMessage"><Id>1360343850193-55</Id><Title>Bounced off 30ma again</Title><Msg>30ma has been proven to be fatal to AMZN during the past 4 trading sessions. The rate it goes, AMZN will probably close in the red and flirts with $260 again.</Msg><Username>hb5fa_2</Username><Timestamp>1360343850193</Timestamp><DateTime>Fri, 2013-02-08 12:17:30 EST</DateTime><ThumbUp>0</ThumbUp><ThumbDown>0</ThumbDown><Sentiment/></Message><Message type="TopicMessage"><Id>1360344094913-56</Id><Title>WARNING---SELL0FF..SELL0FF...SELL0FF---WARNING!!!</Title><Msg>COMING SOON.</Msg><Username>mlg4044</Username><Timestamp>1360344094913</Timestamp><DateTime>Fri, 2013-02-08 12:21:34 EST</DateTime><ThumbUp>0</ThumbUp><ThumbDown>1</ThumbDown><Sentiment/></Message><Message type="ReplyMessage"><Id>1360344156375-57</Id><Topic><Title>WARNING---SELL0FF..SELL0FF...SELL0FF---WARNING!!!</Title><Username>mlg4044</Username><Timestamp>1360344094913</Timestamp><DateTime>Fri, 2013-02-08 12:21:34 EST</DateTime></Topic><Msg>loooking forward to it</Msg><Username>xdon69</Username><Timestamp>1360344156375</Timestamp><DateTime>Fri, 2013-02-08 12:22:36 EST</DateTime><ThumbUp>0</ThumbUp><ThumbDown>0</ThumbDown><Sentiment/></Message><Message type="ReplyMessage"><Id>1360344164825-58</Id><Topic><Title>Its time......</Title><Username>sybil_lives</Username><Timestamp>1360327392625</Timestamp><DateTime>Fri, 2013-02-08 07:43:12 EST</DateTime></Topic><Msg>Watch and learn from the Master of the Trade who payz respects tp the powerful trading gods.... Like the Babe, sybil points out to center field and hits the shot completely out of the park. "To load up and swing trade some pigz....  Status: OPEN  Symbol: NFLX  Description: NETFLIX INC    Action: Sell Short  Quantity: 1500   Order Type: Limit at $183.00  Status: OPEN  Symbol: NFLX  Description: NETFLIX INC    Action: Sell Short  Quantity: 1500   Order Type: Limit at $185.00  Status: OPEN  Symbol: AMZN  Description: AMAZON INC   Action: Sell Short  Quantity: 500  Order Type: Limit at $262.75 Status: OPEN  Symbol: AMZN  Description: AMAZON INC   Action: Sell Short  Quantity: 500  Order Type: Limit at $265.00"</Msg><Username>sybil_lives</Username><Timestamp>1360344164825</Timestamp><DateTime>Fri, 2013-02-08 12:22:44 EST</DateTime><ThumbUp>0</ThumbUp><ThumbDown>0</ThumbDown><Sentiment/></Message><Message type="TopicMessage"><Id>1360344734220-59</Id><Title>249 and change.</Title><Msg>What was that low on January 29th AH?</Msg><Username>geegenjar</Username><Timestamp>1360344734220</Timestamp><DateTime>Fri, 2013-02-08 12:32:14 EST</DateTime><ThumbUp>0</ThumbUp><ThumbDown>0</ThumbDown><Sentiment/></Message><Message type="TopicMessage"><Id>1360344878037-60</Id><Title>bounce is failing, seriously, 240 next week</Title><Msg>wake up people dont want 5000 PE stocks with insiders bailing</Msg><Username>cwtripps</Username><Timestamp>1360344878037</Timestamp><DateTime>Fri, 2013-02-08 12:34:38 EST</DateTime><ThumbUp>0</ThumbUp><ThumbDown>0</ThumbDown><Sentiment/></Message><Message type="ReplyMessage"><Id>1360344895026-61</Id><Topic><Title>249 and change.</Title><Username>geegenjar</Username><Timestamp>1360344734220</Timestamp><DateTime>Fri, 2013-02-08 12:32:14 EST</DateTime></Topic><Msg>I am short but your always wrong</Msg><Username>xdon69</Username><Timestamp>1360344895026</Timestamp><DateTime>Fri, 2013-02-08 12:34:55 EST</DateTime><ThumbUp>0</ThumbUp><ThumbDown>0</ThumbDown><Sentiment/></Message><Message type="TopicMessage"><Id>1360345055516-62</Id><Title>i am telling u amzn going red today</Title><Msg>Monday will be worst down much more</Msg><Username>xdon69</Username><Timestamp>1360345055516</Timestamp><DateTime>Fri, 2013-02-08 12:37:35 EST</DateTime><ThumbUp>0</ThumbUp><ThumbDown>0</ThumbDown><Sentiment/></Message><Message type="TopicMessage"><Id>1360345137155-63</Id><Title>I see 248 today.</Title><Msg>Incredible.</Msg><Username>geegenjar</Username><Timestamp>1360345137155</Timestamp><DateTime>Fri, 2013-02-08 12:38:57 EST</DateTime><ThumbUp>0</ThumbUp><ThumbDown>1</ThumbDown><Sentiment/></Message><Message type="ReplyMessage"><Id>1360345393332-64</Id><Topic><Title>I see 248 today.</Title><Username>geegenjar</Username><Timestamp>1360345137155</Timestamp><DateTime>Fri, 2013-02-08 12:38:57 EST</DateTime></Topic><Msg>even with my great power I cannot se that u snapperhead</Msg><Username>xdon69</Username><Timestamp>1360345393332</Timestamp><DateTime>Fri, 2013-02-08 12:43:13 EST</DateTime><ThumbUp>0</ThumbUp><ThumbDown>0</ThumbDown><Sentiment/></Message><Message type="ReplyMessage"><Id>1360345466249-65</Id><Topic><Title>If you are long amzn ...</Title><Username>ehsani97</Username><Timestamp>1360341600283</Timestamp><DateTime>Fri, 2013-02-08 11:40:00 EST</DateTime></Topic><Msg>Why keep trying to guess if its red or green each day. You ll never win. Its like a coin toss. However, if you think amzn is worth less than 260, go short, if you think there is upside, go long. I m long and have been for years. I ve taken the bad days with the way more good days. LONG!!!!!!</Msg><Username>pejim1960</Username><Timestamp>1360345466249</Timestamp><DateTime>Fri, 2013-02-08 12:44:26 EST</DateTime><ThumbUp>0</ThumbUp><ThumbDown>0</ThumbDown><Sentiment/></Message><Message type="TopicMessage"><Id>1360345600283-66</Id><Title>Its time.....</Title><Msg>time for a market reversal... New high for the year, at the same time the S&amp;P will reverse into the red by the close.... Its that simple. Its that easy. Its that time.</Msg><Username>sybil_lives</Username><Timestamp>1360345600283</Timestamp><DateTime>Fri, 2013-02-08 12:46:40 EST</DateTime><ThumbUp>0</ThumbUp><ThumbDown>0</ThumbDown><Sentiment/></Message><Message type="TopicMessage"><Id>1360345603467-67</Id><Title>Somethng is seriously wrong with this whole market.</Title><Msg>Keeps swinging violently. Scalpers' paradise.</Msg><Username>geegenjar</Username><Timestamp>1360345603467</Timestamp><DateTime>Fri, 2013-02-08 12:46:43 EST</DateTime><ThumbUp>0</ThumbUp><ThumbDown>0</ThumbDown><Sentiment/></Message><Message type="ReplyMessage"><Id>1360345617448-68</Id><Topic><Title>If you are long amzn ...</Title><Username>ehsani97</Username><Timestamp>1360341600283</Timestamp><DateTime>Fri, 2013-02-08 11:40:00 EST</DateTime></Topic><Msg>u can sell now an buy more shrs at 220 that's whyyyyyyyyyyyyyyyyyyyyyy</Msg><Username>xdon69</Username><Timestamp>1360345617448</Timestamp><DateTime>Fri, 2013-02-08 12:46:57 EST</DateTime><ThumbUp>0</ThumbUp><ThumbDown>0</ThumbDown><Sentiment/></Message><Message type="TopicMessage"><Id>1360345959536-69</Id><Title>when will you learn . . .</Title><Msg>opex days is the peg . . . they are playing with it . . . battleground should be 265 . . .</Msg><Username>ajmanieri</Username><Timestamp>1360345959536</Timestamp><DateTime>Fri, 2013-02-08 12:52:39 EST</DateTime><ThumbUp>0</ThumbUp><ThumbDown>0</ThumbDown><Sentiment/></Message><Message type="ReplyMessage"><Id>1360345986428-70</Id><Topic><Title>Somethng is seriously wrong with this whole market.</Title><Username>geegenjar</Username><Timestamp>1360345603467</Timestamp><DateTime>Fri, 2013-02-08 12:46:43 EST</DateTime></Topic><Msg>Geegee, Noticed that too.... But careful with the scalping. Usually a sign of a reversal or a breakout. End up on the wrong side of a trade real quick. Have a exit plan ready. - PJ</Msg><Username>pjlouie13</Username><Timestamp>1360345986428</Timestamp><DateTime>Fri, 2013-02-08 12:53:06 EST</DateTime><ThumbUp>0</ThumbUp><ThumbDown>0</ThumbDown><Sentiment>Strong Sell</Sentiment></Message><Message type="ReplyMessage"><Id>1360346260922-71</Id><Topic><Title>when will you learn . . .</Title><Username>ajmanieri</Username><Timestamp>1360345959536</Timestamp><DateTime>Fri, 2013-02-08 12:52:39 EST</DateTime></Topic><Msg>Max pain today is 260.</Msg><Username>once_on</Username><Timestamp>1360346260922</Timestamp><DateTime>Fri, 2013-02-08 12:57:40 EST</DateTime><ThumbUp>0</ThumbUp><ThumbDown>0</ThumbDown><Sentiment/></Message><Message type="TopicMessage"><Id>1360346268452-72</Id><Title>AMZN rolling over</Title><Msg>We will see much lower stock price. It is not participating in any rally.</Msg><Username>bullish1_2</Username><Timestamp>1360346268452</Timestamp><DateTime>Fri, 2013-02-08 12:57:48 EST</DateTime><ThumbUp>1</ThumbUp><ThumbDown>0</ThumbDown><Sentiment/></Message><Message type="ReplyMessage"><Id>1360346427000-73</Id><Topic><Title>when will you learn . . .</Title><Username>ajmanieri</Username><Timestamp>1360345959536</Timestamp><DateTime>Fri, 2013-02-08 12:52:39 EST</DateTime></Topic><Msg>it is behaving like 265 is the draw . . .</Msg><Username>ajmanieri</Username><Timestamp>1360346427000</Timestamp><DateTime>Fri, 2013-02-08 13:00:27 EST</DateTime><ThumbUp>0</ThumbUp><ThumbDown>0</ThumbDown><Sentiment/></Message><Message type="TopicMessage"><Id>1360346493393-74</Id><Title>Bots gotta drive ot up a little and then eeeaaaase it back down into the close</Title><Msg>just make sure they do a clean sweep on the killing of all optionz crackheadz.</Msg><Username>sybil_lives</Username><Timestamp>1360346493393</Timestamp><DateTime>Fri, 2013-02-08 13:01:33 EST</DateTime><ThumbUp>0</ThumbUp><ThumbDown>0</ThumbDown><Sentiment/></Message><Message type="ReplyMessage"><Id>1360346506351-75</Id><Topic><Title>I see 248 today.</Title><Username>geegenjar</Username><Timestamp>1360345137155</Timestamp><DateTime>Fri, 2013-02-08 12:38:57 EST</DateTime></Topic><Msg>This market loves moving opposite of your calls!</Msg><Username>cajunguyatl</Username><Timestamp>1360346506351</Timestamp><DateTime>Fri, 2013-02-08 13:01:46 EST</DateTime><ThumbUp>0</ThumbUp><ThumbDown>0</ThumbDown><Sentiment/></Message><Message type="ReplyMessage"><Id>1360346819855-76</Id><Topic><Title>i am telling u amzn going red today</Title><Username>xdon69</Username><Timestamp>1360345055516</Timestamp><DateTime>Fri, 2013-02-08 12:37:35 EST</DateTime></Topic><Msg>STILL WAITING?</Msg><Username>mlg4044</Username><Timestamp>1360346819855</Timestamp><DateTime>Fri, 2013-02-08 13:06:59 EST</DateTime><ThumbUp>0</ThumbUp><ThumbDown>1</ThumbDown><Sentiment/></Message><Message type="ReplyMessage"><Id>1360347345184-77</Id><Topic><Title>i am telling u amzn going red today</Title><Username>xdon69</Username><Timestamp>1360345055516</Timestamp><DateTime>Fri, 2013-02-08 12:37:35 EST</DateTime></Topic><Msg>u have almost 3 hrs an 4 hrs afterhours trading short more I will</Msg><Username>xdon69</Username><Timestamp>1360347345184</Timestamp><DateTime>Fri, 2013-02-08 13:15:45 EST</DateTime><ThumbUp>0</ThumbUp><ThumbDown>0</ThumbDown><Sentiment/></Message><Message type="TopicMessage"><Id>1360347424420-78</Id><Title>Week after week - month after month...</Title><Msg>The option trading crackheadz get murdered... Its time to stop the killing. Just say no to drugz, people.</Msg><Username>sybil_lives</Username><Timestamp>1360347424420</Timestamp><DateTime>Fri, 2013-02-08 13:17:04 EST</DateTime><ThumbUp>1</ThumbUp><ThumbDown>0</ThumbDown><Sentiment/></Message><Message type="ReplyMessage"><Id>1360347514020-79</Id><Topic><Title>Somethng is seriously wrong with this whole market.</Title><Username>geegenjar</Username><Timestamp>1360345603467</Timestamp><DateTime>Fri, 2013-02-08 12:46:43 EST</DateTime></Topic><Msg>your another clown merely shown that you have this PJ ID. who are you exgoldbug? lol! or Sybil? you all took the same ID's off somebody's elses? that's pathetic.</Msg><Username>nasdaq_6000_baby</Username><Timestamp>1360347514020</Timestamp><DateTime>Fri, 2013-02-08 13:18:34 EST</DateTime><ThumbUp>0</ThumbUp><ThumbDown>0</ThumbDown><Sentiment/></Message><Message type="ReplyMessage"><Id>1360348003925-80</Id><Topic><Title>Straight to 150..</Title><Username>osulinn</Username><Timestamp>1360305147055</Timestamp><DateTime>Fri, 2013-02-08 01:32:27 EST</DateTime></Topic><Msg>YEP!!!!! Right after split at 300!!!!!</Msg><Username>pejim1960</Username><Timestamp>1360348003925</Timestamp><DateTime>Fri, 2013-02-08 13:26:43 EST</DateTime><ThumbUp>0</ThumbUp><ThumbDown>0</ThumbDown><Sentiment/></Message><Message type="ReplyMessage"><Id>1360348412474-81</Id><Topic><Title>If you are long amzn ...</Title><Username>ehsani97</Username><Timestamp>1360341600283</Timestamp><DateTime>Fri, 2013-02-08 11:40:00 EST</DateTime></Topic><Msg>You stopped reading at whyyyyyyyy. I will take the bad days mainly so I dont miss the good days. Today is a prime example. Everyonr thought we were going red but now still green and gaining. Keep guessing and good luck!!!! :) :)</Msg><Username>pejim1960</Username><Timestamp>1360348412474</Timestamp><DateTime>Fri, 2013-02-08 13:33:32 EST</DateTime><ThumbUp>0</ThumbUp><ThumbDown>0</ThumbDown><Sentiment/></Message><Message type="ReplyMessage"><Id>1360349152776-82</Id><Topic><Title>Straight to 150..</Title><Username>osulinn</Username><Timestamp>1360305147055</Timestamp><DateTime>Fri, 2013-02-08 01:32:27 EST</DateTime></Topic><Msg>lol</Msg><Username>xdon69</Username><Timestamp>1360349152776</Timestamp><DateTime>Fri, 2013-02-08 13:45:52 EST</DateTime><ThumbUp>0</ThumbUp><ThumbDown>0</ThumbDown><Sentiment/></Message><Message type="ReplyMessage"><Id>1360349297152-83</Id><Topic><Title>Somethng is seriously wrong with this whole market.</Title><Username>geegenjar</Username><Timestamp>1360345603467</Timestamp><DateTime>Fri, 2013-02-08 12:46:43 EST</DateTime></Topic><Msg>Naz, I was actually talking about AMZN. It's at the same place it was Monday am but we've seen it up 6-7 points and down 6-7 points already this week. My point is that it could break out or break down...when it happens it will be quick. But what are you talking about? What does PJ have to do with clowns? And the only reason I use it is because it's my initials. No other reason. I don't think anyone would confuse Sybs' writing style with mine.... or Goldbug for that matter. What is pathetic is that you love to run your mouth here all day when AMZN is up but hide under your mama's shirt when it's down. Fact not opinion. - PJ</Msg><Username>pjlouie13</Username><Timestamp>1360349297152</Timestamp><DateTime>Fri, 2013-02-08 13:48:17 EST</DateTime><ThumbUp>2</ThumbUp><ThumbDown>0</ThumbDown><Sentiment>Strong Sell</Sentiment></Message><Message type="ReplyMessage"><Id>1360349915600-84</Id><Topic><Title>Somethng is seriously wrong with this whole market.</Title><Username>geegenjar</Username><Timestamp>1360345603467</Timestamp><DateTime>Fri, 2013-02-08 12:46:43 EST</DateTime></Topic><Msg>"itWhat is pathetic is that you love to run your mouth here all day when AMZN is up but hide under your mama's shirt when it's down.' nonsense: I've been here for 4 years + when you were itching your daddy's pants. And I'll be here many more.</Msg><Username>nasdaq_6000_baby</Username><Timestamp>1360349915600</Timestamp><DateTime>Fri, 2013-02-08 13:58:35 EST</DateTime><ThumbUp>0</ThumbUp><ThumbDown>3</ThumbDown><Sentiment/></Message><Message type="TopicMessage"><Id>1360350547330-85</Id><Title>Bought some calls.</Title><Msg>268-272 next week.</Msg><Username>geegenjar</Username><Timestamp>1360350547330</Timestamp><DateTime>Fri, 2013-02-08 14:09:07 EST</DateTime><ThumbUp>0</ThumbUp><ThumbDown>0</ThumbDown><Sentiment/></Message><Message type="ReplyMessage"><Id>1360351457974-86</Id><Topic><Title>Bought some calls.</Title><Username>geegenjar</Username><Timestamp>1360350547330</Timestamp><DateTime>Fri, 2013-02-08 14:09:07 EST</DateTime></Topic><Msg>DITM I hope...</Msg><Username>techstrategy</Username><Timestamp>1360351457974</Timestamp><DateTime>Fri, 2013-02-08 14:24:17 EST</DateTime><ThumbUp>0</ThumbUp><ThumbDown>0</ThumbDown><Sentiment/></Message><Message type="ReplyMessage"><Id>1360351857863-87</Id><Topic><Title>Week after week - month after month...</Title><Username>sybil_lives</Username><Timestamp>1360347424420</Timestamp><DateTime>Fri, 2013-02-08 13:17:04 EST</DateTime></Topic><Msg>There must be an equal number of crackheadz that bought 265 callz and 260 puts so the bots will gun them both down by sweeping the day range from 260 to 265 with machine gun spray, and then kill anyone left standing at 262.50.... How stupid can the idiots that buy this trash week in and week out be? They are still waiting for the 'big score' 4 yearz later. Dumb ars es</Msg><Username>sybil_lives</Username><Timestamp>1360351857863</Timestamp><DateTime>Fri, 2013-02-08 14:30:57 EST</DateTime><ThumbUp>1</ThumbUp><ThumbDown>0</ThumbDown><Sentiment/></Message><Message type="ReplyMessage"><Id>1360352049295-88</Id><Topic><Title>AMZN NEW UPDATED CHARTS!</Title><Username>revayejuanita</Username><Timestamp>1360252719854</Timestamp><DateTime>Thu, 2013-02-07 10:58:39 EST</DateTime></Topic><Msg>I followed your reports since last week. Nice work.</Msg><Username>robinowalexandria</Username><Timestamp>1360352049295</Timestamp><DateTime>Fri, 2013-02-08 14:34:09 EST</DateTime><ThumbUp>1</ThumbUp><ThumbDown>0</ThumbDown><Sentiment>Strong Buy</Sentiment></Message><Message type="ReplyMessage"><Id>1360352331395-89</Id><Topic><Title>Somethng is seriously wrong with this whole market.</Title><Username>geegenjar</Username><Timestamp>1360345603467</Timestamp><DateTime>Fri, 2013-02-08 12:46:43 EST</DateTime></Topic><Msg>Try the yahoo iggy feature.... Its great.</Msg><Username>sybil_lives</Username><Timestamp>1360352331395</Timestamp><DateTime>Fri, 2013-02-08 14:38:51 EST</DateTime><ThumbUp>1</ThumbUp><ThumbDown>0</ThumbDown><Sentiment/></Message><Message type="ReplyMessage"><Id>1360352525329-90</Id><Topic><Title>Bought some calls.</Title><Username>geegenjar</Username><Timestamp>1360350547330</Timestamp><DateTime>Fri, 2013-02-08 14:09:07 EST</DateTime></Topic><Msg>Must be geegee's post... Very predictable.... Well that does it... We'll open down on monday. Sybs wonderz: How many contracts? At what price? What is the strike price? When do they expire? Pretty basic questionz, but sybs will never see the answer.</Msg><Username>sybil_lives</Username><Timestamp>1360352525329</Timestamp><DateTime>Fri, 2013-02-08 14:42:05 EST</DateTime><ThumbUp>2</ThumbUp><ThumbDown>0</ThumbDown><Sentiment/></Message><Message type="TopicMessage"><Id>1360352754582-91</Id><Title>Hot pick **YTRV** huge upside ..low downside big news 19th 4.30 pm</Title><Msg>CEO news could touch new high! $1.00</Msg><Username>show.pony570</Username><Timestamp>1360352754582</Timestamp><DateTime>Fri, 2013-02-08 14:45:54 EST</DateTime><ThumbUp>0</ThumbUp><ThumbDown>0</ThumbDown><Sentiment>Strong Buy</Sentiment></Message><Message type="TopicMessage"><Id>1360353072132-92</Id><Title>see like i said going red</Title><Msg>Monday will be worst</Msg><Username>xdon69</Username><Timestamp>1360353072132</Timestamp><DateTime>Fri, 2013-02-08 14:51:12 EST</DateTime><ThumbUp>0</ThumbUp><ThumbDown>0</ThumbDown><Sentiment/></Message><Message type="ReplyMessage"><Id>1360353347609-93</Id><Topic><Title>Bought some calls.</Title><Username>geegenjar</Username><Timestamp>1360350547330</Timestamp><DateTime>Fri, 2013-02-08 14:09:07 EST</DateTime></Topic><Msg>what a joke u are</Msg><Username>xdon69</Username><Timestamp>1360353347609</Timestamp><DateTime>Fri, 2013-02-08 14:55:47 EST</DateTime><ThumbUp>0</ThumbUp><ThumbDown>0</ThumbDown><Sentiment/></Message><Message type="ReplyMessage"><Id>1360354195102-94</Id><Topic><Title>Bought some calls.</Title><Username>geegenjar</Username><Timestamp>1360350547330</Timestamp><DateTime>Fri, 2013-02-08 14:09:07 EST</DateTime></Topic><Msg>quite pathetic actually</Msg><Username>nasdaq_6000_baby</Username><Timestamp>1360354195102</Timestamp><DateTime>Fri, 2013-02-08 15:09:55 EST</DateTime><ThumbUp>0</ThumbUp><ThumbDown>0</ThumbDown><Sentiment/></Message><Message type="TopicMessage"><Id>1360354462144-95</Id><Title>1% in China</Title><Msg>Should be worried I think. Where will growth come from? What is Ali baba enters US market? Should I buy? Ml</Msg><Username>caseevaluator</Username><Timestamp>1360354462144</Timestamp><DateTime>Fri, 2013-02-08 15:14:22 EST</DateTime><ThumbUp>0</ThumbUp><ThumbDown>0</ThumbDown><Sentiment/></Message><Message type="ReplyMessage"><Id>1360354572946-96</Id><Topic><Title>Buy KKD; DAL ; MRK Krispy Kreme</Title><Username>mkt_comment</Username><Timestamp>1104952659000</Timestamp><DateTime>Wed, 2005-01-05 14:17:39 EST</DateTime></Topic><Msg>testttttttttt</Msg><Username>shlockheed</Username><Timestamp>1360354572946</Timestamp><DateTime>Fri, 2013-02-08 15:16:12 EST</DateTime><ThumbUp>0</ThumbUp><ThumbDown>0</ThumbDown><Sentiment/></Message><Message type="ReplyMessage"><Id>1360354574509-97</Id><Topic><Title>Lockheed's Premium Service Includes</Title><Username>bnytrfder4</Username><Timestamp>1357856287071</Timestamp><DateTime>Thu, 2013-01-10 17:18:07 EST</DateTime></Topic><Msg>testtttttt</Msg><Username>shlockheed</Username><Timestamp>1360354574509</Timestamp><DateTime>Fri, 2013-02-08 15:16:14 EST</DateTime><ThumbUp>0</ThumbUp><ThumbDown>0</ThumbDown><Sentiment/></Message><Message type="ReplyMessage"><Id>1360354817961-98</Id><Topic><Title>AMZN rolling over</Title><Username>bullish1_2</Username><Timestamp>1360346268452</Timestamp><DateTime>Fri, 2013-02-08 12:57:48 EST</DateTime></Topic><Msg>This stock is done. Back to 180.</Msg><Username>bullish1_2</Username><Timestamp>1360354817961</Timestamp><DateTime>Fri, 2013-02-08 15:20:17 EST</DateTime><ThumbUp>2</ThumbUp><ThumbDown>0</ThumbDown><Sentiment/></Message><Message type="TopicMessage"><Id>1360355144652-99</Id><Title>Stop trading fundamentals/charts on AMZN</Title><Msg>It is completely fed and credit driven. They have no one to sell too, if they did this would be 120 right now.</Msg><Username>tjenk123321</Username><Timestamp>1360355144652</Timestamp><DateTime>Fri, 2013-02-08 15:25:44 EST</DateTime><ThumbUp>0</ThumbUp><ThumbDown>0</ThumbDown><Sentiment/></Message><Message type="TopicMessage"><Id>1360356824942-100</Id><Title>Bots are murdering crackhead option buyerz in drovez</Title><Msg>they are gonna pin it to 262.50 just to slaughter the 265 and 262 strikes.... Poor baaaastaaaarz are getting hosed.... Servez the idiots right.</Msg><Username>sybil_lives</Username><Timestamp>1360356824942</Timestamp><DateTime>Fri, 2013-02-08 15:53:44 EST</DateTime><ThumbUp>0</ThumbUp><ThumbDown>0</ThumbDown><Sentiment/></Message><Message type="TopicMessage"><Id>1360357459660-101</Id><Title>Serial dump @ the close</Title><Msg>Multiple 92,393 blocks unloaded @ the close!</Msg><Username>shorting_amazon</Username><Timestamp>1360357459660</Timestamp><DateTime>Fri, 2013-02-08 16:04:19 EST</DateTime><ThumbUp>0</ThumbUp><ThumbDown>0</ThumbDown><Sentiment/></Message><Message type="ReplyMessage"><Id>1360357539249-102</Id><Topic><Title>AMZN NEW UPDATED CHARTS!</Title><Username>revayejuanita</Username><Timestamp>1360252719854</Timestamp><DateTime>Thu, 2013-02-07 10:58:39 EST</DateTime></Topic><Msg>You are the best.</Msg><Username>pickenpaughalexandria</Username><Timestamp>1360357539249</Timestamp><DateTime>Fri, 2013-02-08 16:05:39 EST</DateTime><ThumbUp>0</ThumbUp><ThumbDown>0</ThumbDown><Sentiment>Strong Buy</Sentiment></Message><Message type="ReplyMessage"><Id>1360357933047-103</Id><Topic><Title>Bought some calls.</Title><Username>geegenjar</Username><Timestamp>1360350547330</Timestamp><DateTime>Fri, 2013-02-08 14:09:07 EST</DateTime></Topic><Msg>Added more near the close. $260 held today. That's something.</Msg><Username>geegenjar</Username><Timestamp>1360357933047</Timestamp><DateTime>Fri, 2013-02-08 16:12:13 EST</DateTime><ThumbUp>0</ThumbUp><ThumbDown>0</ThumbDown><Sentiment/></Message><Message type="ReplyMessage"><Id>1360359412960-104</Id><Topic><Title>Bought some calls.</Title><Username>geegenjar</Username><Timestamp>1360350547330</Timestamp><DateTime>Fri, 2013-02-08 14:09:07 EST</DateTime></Topic><Msg>You might do okay next week... Unless you are DITM, I doubt you see any gains. Of course, if you are DITM, reality just might set in and you'll be crushed...</Msg><Username>techstrategy</Username><Timestamp>1360359412960</Timestamp><DateTime>Fri, 2013-02-08 16:36:52 EST</DateTime><ThumbUp>0</ThumbUp><ThumbDown>0</ThumbDown><Sentiment/></Message><Message type="ReplyMessage"><Id>1360360238040-105</Id><Topic><Title>Bought some calls.</Title><Username>geegenjar</Username><Timestamp>1360350547330</Timestamp><DateTime>Fri, 2013-02-08 14:09:07 EST</DateTime></Topic><Msg>Tech, Geegee didnt Really buy any callz....</Msg><Username>sybil_lives</Username><Timestamp>1360360238040</Timestamp><DateTime>Fri, 2013-02-08 16:50:38 EST</DateTime><ThumbUp>0</ThumbUp><ThumbDown>0</ThumbDown><Sentiment/></Message><Message type="ReplyMessage"><Id>1360360510675-106</Id><Topic><Title>Stop trading fundamentals/charts on AMZN</Title><Username>tjenk123321</Username><Timestamp>1360355144652</Timestamp><DateTime>Fri, 2013-02-08 15:25:44 EST</DateTime></Topic><Msg>More accurately, stop buying optionz ... If that were to happen then the basket of bernanke bux sitting in this pig would be dead money and fido wpuld move it to banks, and csco/aa/bac/intc/msft large cap dogz.</Msg><Username>sybil_lives</Username><Timestamp>1360360510675</Timestamp><DateTime>Fri, 2013-02-08 16:55:10 EST</DateTime><ThumbUp>0</ThumbUp><ThumbDown>0</ThumbDown><Sentiment/></Message><Message type="ReplyMessage"><Id>1360361145204-107</Id><Topic><Title>Stop trading fundamentals/charts on AMZN</Title><Username>tjenk123321</Username><Timestamp>1360355144652</Timestamp><DateTime>Fri, 2013-02-08 15:25:44 EST</DateTime></Topic><Msg>Sybs: It isn't retail options doing this. Call it the stupidity of crowds. Self reinforcing stupidity...</Msg><Username>techstrategy</Username><Timestamp>1360361145204</Timestamp><DateTime>Fri, 2013-02-08 17:05:45 EST</DateTime><ThumbUp>0</ThumbUp><ThumbDown>0</ThumbDown><Sentiment/></Message><Message type="ReplyMessage"><Id>1360362014868-108</Id><Topic><Title>AMZN trading alert</Title><Username>tfltrading</Username><Timestamp>1360290006307</Timestamp><DateTime>Thu, 2013-02-07 21:20:06 EST</DateTime></Topic><Msg>any changes today at open, mid-day price stops, or closing bell for AMZN AAPL FB SPY?</Msg><Username>funniebucket</Username><Timestamp>1360362014868</Timestamp><DateTime>Fri, 2013-02-08 17:20:14 EST</DateTime><ThumbUp>0</ThumbUp><ThumbDown>0</ThumbDown><Sentiment/></Message><Message type="ReplyMessage"><Id>1360362193738-109</Id><Topic><Title>AMZN rolling over</Title><Username>bullish1_2</Username><Timestamp>1360346268452</Timestamp><DateTime>Fri, 2013-02-08 12:57:48 EST</DateTime></Topic><Msg>yer just a silly goose dood</Msg><Username>davdddd</Username><Timestamp>1360362193738</Timestamp><DateTime>Fri, 2013-02-08 17:23:13 EST</DateTime><ThumbUp>0</ThumbUp><ThumbDown>0</ThumbDown><Sentiment/></Message><Message type="ReplyMessage"><Id>1360362305097-110</Id><Topic><Title>Stop trading fundamentals/charts on AMZN</Title><Username>tjenk123321</Username><Timestamp>1360355144652</Timestamp><DateTime>Fri, 2013-02-08 15:25:44 EST</DateTime></Topic><Msg>Having said that, it looks to me that some of the institutional holders know what is coming and are being prudent. As I said, the ROIC on the SS is dropping fast...</Msg><Username>techstrategy</Username><Timestamp>1360362305097</Timestamp><DateTime>Fri, 2013-02-08 17:25:05 EST</DateTime><ThumbUp>0</ThumbUp><ThumbDown>0</ThumbDown><Sentiment/></Message><Message type="ReplyMessage"><Id>1360362819046-111</Id><Topic><Title>Stop trading fundamentals/charts on AMZN</Title><Username>tjenk123321</Username><Timestamp>1360355144652</Timestamp><DateTime>Fri, 2013-02-08 15:25:44 EST</DateTime></Topic><Msg>Tech, Youre right. Its not the retail option crackhead crowd doing it. Its the robots doing it to the retail optionz crack head crowd. Yet you bozos insist on playing theze scamz over and over again.... The definition of insanity: repeating the same process and expecting a different outcome.</Msg><Username>sybil_lives</Username><Timestamp>1360362819046</Timestamp><DateTime>Fri, 2013-02-08 17:33:39 EST</DateTime><ThumbUp>0</ThumbUp><ThumbDown>0</ThumbDown><Sentiment/></Message><Message type="ReplyMessage"><Id>1360363599950-112</Id><Topic><Title>Stop trading fundamentals/charts on AMZN</Title><Username>tjenk123321</Username><Timestamp>1360355144652</Timestamp><DateTime>Fri, 2013-02-08 15:25:44 EST</DateTime></Topic><Msg>That's where you are wrong. This move hasn't been about options, but has certainly been amplified by them. It has been a classic short squeeze to incite a performance chase, not only here but market wide. The self reinforcing technical trader driven momentum has massively exacerbated the misallocation of capital. The outcome will be different, just not until March in all likelihood...</Msg><Username>techstrategy</Username><Timestamp>1360363599950</Timestamp><DateTime>Fri, 2013-02-08 17:46:39 EST</DateTime><ThumbUp>0</ThumbUp><ThumbDown>0</ThumbDown><Sentiment/></Message><Message type="ReplyMessage"><Id>1360366289389-113</Id><Topic><Title>Stop trading fundamentals/charts on AMZN</Title><Username>tjenk123321</Username><Timestamp>1360355144652</Timestamp><DateTime>Fri, 2013-02-08 15:25:44 EST</DateTime></Topic><Msg>Tech, A 'classic short squeeze' iz nflx from 50 to 200 in 2 days or what you see on lnkd (which is going much higher) or any other stock were you see north of 8-25% of its float shorted... When a stock iz 2% or less shorted its pretty hard to have the dynamics of a classic short squeze. Now when amzn ran to 300 and cmg, and pcln, and gmcr being walked (not ran) up to their highs in a linear fashion, that iz weekly optionz fueling those trainwrecks, and in the end they are alwayz trainwrecks. You need to study your market mechanics and dynamics more, and focus less on discounted cash flowz and enterprize 'value' for until you do you will stay lost in the optionz trap. Levered etfs also feed the optionz machine... This entire market iz base loaded with bernanke bux, and the money iz being made by the institutionz that got base loaded with the newly created optionz regulationz that they are gaming... Wake up bro - you seem smart sometimez.</Msg><Username>sybil_lives</Username><Timestamp>1360366289389</Timestamp><DateTime>Fri, 2013-02-08 18:31:29 EST</DateTime><ThumbUp>1</ThumbUp><ThumbDown>0</ThumbDown><Sentiment/></Message><Message type="ReplyMessage"><Id>1360367723050-114</Id><Topic><Title>Stop trading fundamentals/charts on AMZN</Title><Username>tjenk123321</Username><Timestamp>1360355144652</Timestamp><DateTime>Fri, 2013-02-08 15:25:44 EST</DateTime></Topic><Msg>I agree mostly with Sybil on this one. But if you must trade options, it is always better to be a seller, then time is working in your favor at least. On AMZN, I would just sell the $400 (or higher) Calls 2014 or 2015. You won't make a fortune, but you can sleep at night.</Msg><Username>jeffpmpccea</Username><Timestamp>1360367723050</Timestamp><DateTime>Fri, 2013-02-08 18:55:23 EST</DateTime><ThumbUp>0</ThumbUp><ThumbDown>0</ThumbDown><Sentiment>Sell</Sentiment></Message><Message type="ReplyMessage"><Id>1360369786643-115</Id><Topic><Title>Somethng is seriously wrong with this whole market.</Title><Username>geegenjar</Username><Timestamp>1360345603467</Timestamp><DateTime>Fri, 2013-02-08 12:46:43 EST</DateTime></Topic><Msg>" I've been here for 4 years + when you were itching your daddy's pants. And I'll be here many more. " Hope you don't dissapear when this thing crashes.</Msg><Username>kenji100</Username><Timestamp>1360369786643</Timestamp><DateTime>Fri, 2013-02-08 19:29:46 EST</DateTime><ThumbUp>1</ThumbUp><ThumbDown>0</ThumbDown><Sentiment/></Message><Message type="ReplyMessage"><Id>1360369991798-116</Id><Topic><Title>Stop trading fundamentals/charts on AMZN</Title><Username>tjenk123321</Username><Timestamp>1360355144652</Timestamp><DateTime>Fri, 2013-02-08 15:25:44 EST</DateTime></Topic><Msg>"But if you must trade options, it is always better to be a seller, then time is working in your favor at least." This iz wrong because it misses one major component... It should read... But if you must trade options, it is always better to be a seller, then time is working in your favor at least as long as the option seller has control over a statistically significant portion of the float, and ownz robots that can crunch nano second statistics on live realtime streaming fed data that are programmed by mathematicianz that can handle graduate statistics at princeton university, or an engineer capable of handling mathematical course work at MIT. Under these circumstances, selling optionz works because the probabilities of control a statistically significant portion of the float can be calculated to win with a mathematical degree of a confidence interval. Unless you can do this, and have massive gun powder of opms to own the float required for statistics and probabilitiez to work the option seller iz #$%$ in the wind. Your dayz az a retail option seller will be numbered. Slowly but surely, more and more retailerz are thinking "i can be like the institutionz, i can sell optionz and make money". The day will come that enough idiots will take this tact that anybody with a robot can clealy see in real time, and that iz the day the robots turn from put option sellerz to put option buyerz of nice cheap put optionz and then fully unload their float and put that option right back to the retailer that 'out smarted' a robot backed by a programmer that graduated princeton mathematics and iz plugged directly into the NYSE soon to be the ICE world wide platform.... Optionz in any form for the retailer are derivative crack. Sybil highly recommendz that retailerz stick with the tried and true good sheit of the underlying cocain az opposed to getting hooked on synthetics... This iz why in the end all retail option traderz end up skinny with rotten teeth.... They simply do not understand what they are up against.</Msg><Username>sybil_lives</Username><Timestamp>1360369991798</Timestamp><DateTime>Fri, 2013-02-08 19:33:11 EST</DateTime><ThumbUp>1</ThumbUp><ThumbDown>0</ThumbDown><Sentiment/></Message><Message type="TopicMessage"><Id>1360370721201-117</Id><Title>yes even the smart guys capable of handling princeton or mit mathematics get it wrong sometimes...</Title><Msg>but when they fvck up they are using opms and are afforded a bailout without hazard or consecuence Conversly when a retailer gets it wrong they are rendered insolvant and their house iz forclosed. All of you optionz derivative crack head monkeys need to wake the fvck up. You guys are more suicidal yet far dumber than a paladtinian suicide bomber... At least those guys dont announce to the world where and precicely when they are going to blow up, and they get 21 virginz.</Msg><Username>sybil_lives</Username><Timestamp>1360370721201</Timestamp><DateTime>Fri, 2013-02-08 19:45:21 EST</DateTime><ThumbUp>3</ThumbUp><ThumbDown>0</ThumbDown><Sentiment/></Message><Message type="ReplyMessage"><Id>1360371248688-118</Id><Topic><Title>Stop trading fundamentals/charts on AMZN</Title><Username>tjenk123321</Username><Timestamp>1360355144652</Timestamp><DateTime>Fri, 2013-02-08 15:25:44 EST</DateTime></Topic><Msg>Sybs: I should have said market wide "short covering rally" trying to catalyze a broader performance chase rather than short squeeze. I misspoke. What I intended to say is this move isn't about Amazon and its options. It's broader. But, one can learn from your analogy... CMG was the test run.</Msg><Username>techstrategy</Username><Timestamp>1360371248688</Timestamp><DateTime>Fri, 2013-02-08 19:54:08 EST</DateTime><ThumbUp>0</ThumbUp><ThumbDown>0</ThumbDown><Sentiment/></Message><Message type="TopicMessage"><Id>1360371640224-119</Id><Title>Needs an upgrade...</Title><Msg>Right at support....</Msg><Username>cybercash28</Username><Timestamp>1360371640224</Timestamp><DateTime>Fri, 2013-02-08 20:00:40 EST</DateTime><ThumbUp>0</ThumbUp><ThumbDown>0</ThumbDown><Sentiment/></Message><Message type="ReplyMessage"><Id>1360372675554-120</Id><Topic><Title>Needs an upgrade...</Title><Username>cybercash28</Username><Timestamp>1360371640224</Timestamp><DateTime>Fri, 2013-02-08 20:00:40 EST</DateTime></Topic><Msg>Amazon and its scamalysts have used all of the pumpgrades. No more upgrades. The downgrades will start soon...</Msg><Username>techstrategy</Username><Timestamp>1360372675554</Timestamp><DateTime>Fri, 2013-02-08 20:17:55 EST</DateTime><ThumbUp>0</ThumbUp><ThumbDown>0</ThumbDown><Sentiment/></Message><Message type="ReplyMessage"><Id>1360372769393-121</Id><Topic><Title>yes even the smart guys capable of handling princeton or mit mathematics get it wrong sometimes...</Title><Username>sybil_lives</Username><Timestamp>1360370721201</Timestamp><DateTime>Fri, 2013-02-08 19:45:21 EST</DateTime></Topic><Msg>Sybs: The scam works until it doesn't. I'll be here when it doesn't. Tech</Msg><Username>techstrategy</Username><Timestamp>1360372769393</Timestamp><DateTime>Fri, 2013-02-08 20:19:29 EST</DateTime><ThumbUp>2</ThumbUp><ThumbDown>0</ThumbDown><Sentiment/></Message><Message type="ReplyMessage"><Id>1360373321080-122</Id><Topic><Title>yes even the smart guys capable of handling princeton or mit mathematics get it wrong sometimes...</Title><Username>sybil_lives</Username><Timestamp>1360370721201</Timestamp><DateTime>Fri, 2013-02-08 19:45:21 EST</DateTime></Topic><Msg>Yes tech, sybs indeed believez that you will be here in any crash.... But the million dollar question for the optionz trader - will you be solvant?</Msg><Username>sybil_lives</Username><Timestamp>1360373321080</Timestamp><DateTime>Fri, 2013-02-08 20:28:41 EST</DateTime><ThumbUp>0</ThumbUp><ThumbDown>0</ThumbDown><Sentiment/></Message><Message type="ReplyMessage"><Id>1360376507688-123</Id><Topic><Title>yes even the smart guys capable of handling princeton or mit mathematics get it wrong sometimes...</Title><Username>sybil_lives</Username><Timestamp>1360370721201</Timestamp><DateTime>Fri, 2013-02-08 19:45:21 EST</DateTime></Topic><Msg>I will be more solvent than Amazon...</Msg><Username>techstrategy</Username><Timestamp>1360376507688</Timestamp><DateTime>Fri, 2013-02-08 21:21:47 EST</DateTime><ThumbUp>0</ThumbUp><ThumbDown>0</ThumbDown><Sentiment/></Message><Message type="ReplyMessage"><Id>1360378938457-124</Id><Topic><Title>AMZN trading alert</Title><Username>tfltrading</Username><Timestamp>1360290006307</Timestamp><DateTime>Thu, 2013-02-07 21:20:06 EST</DateTime></Topic><Msg>Sorry, didn't see you message in time. Only day-end change to: spy long , fb back to cash. No change to aapl and amzn.</Msg><Username>tfltrading</Username><Timestamp>1360378938457</Timestamp><DateTime>Fri, 2013-02-08 22:02:18 EST</DateTime><ThumbUp>0</ThumbUp><ThumbDown>0</ThumbDown><Sentiment/></Message></Date>