<?xml version="1.0" encoding="UTF-8" standalone="no"?><Date date="2013-06-24"><Message type="ReplyMessage"><Id>1372061568855-1</Id><Topic><Title>Sybs prepared to make ARSLOADZ of coin this week</Title><Username>sybil_rulez</Username><Timestamp>1372027093886</Timestamp><DateTime>Sun, 2013-06-23 18:38:13 EDT</DateTime></Topic><Msg>Sybil: "Sybs prepared to make ARSLOADZ of coin this week" Haven't you been saying this for almost a year? One fact: Sybil's AMZN short position is still in the red after almost a year of waiting and last week's plunge. Hahaha . . .</Msg><Username>geegenjar</Username><Timestamp>1372061568855</Timestamp><DateTime>Mon, 2013-06-24 04:12:48 EDT</DateTime><ThumbUp>0</ThumbUp><ThumbDown>0</ThumbDown><Sentiment/></Message><Message type="ReplyMessage"><Id>1372061619345-2</Id><Topic><Title>Sybs prepared to make ARSLOADZ of coin this week</Title><Username>sybil_rulez</Username><Timestamp>1372027093886</Timestamp><DateTime>Sun, 2013-06-23 18:38:13 EDT</DateTime></Topic><Msg>Gosh, even Sybil's own Mini-Me, has given up on her. Pretty cute.</Msg><Username>geegenjar</Username><Timestamp>1372061619345</Timestamp><DateTime>Mon, 2013-06-24 04:13:39 EDT</DateTime><ThumbUp>0</ThumbUp><ThumbDown>0</ThumbDown><Sentiment/></Message><Message type="ReplyMessage"><Id>1372063371836-3</Id><Topic><Title>Banking Crisis in China..overnight lending rates rise to 20% in some cases</Title><Username>ex.goldbug</Username><Timestamp>1371976771200</Timestamp><DateTime>Sun, 2013-06-23 04:39:31 EDT</DateTime></Topic><Msg>Shanghai down over 5%.</Msg><Username>ex.goldbug</Username><Timestamp>1372063371836</Timestamp><DateTime>Mon, 2013-06-24 04:42:51 EDT</DateTime><ThumbUp>0</ThumbUp><ThumbDown>0</ThumbDown><Sentiment/></Message><Message type="ReplyMessage"><Id>1372070005463-4</Id><Topic><Title>Sybs prepared to make ARSLOADZ of coin this week</Title><Username>sybil_rulez</Username><Timestamp>1372027093886</Timestamp><DateTime>Sun, 2013-06-23 18:38:13 EDT</DateTime></Topic><Msg>"Gosh, even Sybil's own Mini-Me, has given up....." Yes , geegee. Sad isn't it? Az iz ALWAYZ the case right before making phat coin, sybil iz the last one to stand after all have been panicked, whipsawed, shot down , ripped to shredz and murdered. But alas, do not fret, for az scamazon breaks 120, sybil will have HUGE crowdz of cheering bandwaggonerz az the all pile the fvck into sybs trade az sybil exits it in earnest.... Just like mbia on the long side in 2010 and nfl on the short side of 2011, and many many many other contrarian tradez. And what happenz to dopes like you iz that they fade away into eternal irrelevance, many never to be heard from again. This iz why sybil never tradez anything but pure pain in the blinding light of those that find their relegion.</Msg><Username>sybil_rulez</Username><Timestamp>1372070005463</Timestamp><DateTime>Mon, 2013-06-24 06:33:25 EDT</DateTime><ThumbUp>0</ThumbUp><ThumbDown>0</ThumbDown><Sentiment/></Message><Message type="ReplyMessage"><Id>1372070171215-5</Id><Topic><Title>Sybs prepared to make ARSLOADZ of coin this week</Title><Username>sybil_rulez</Username><Timestamp>1372027093886</Timestamp><DateTime>Sun, 2013-06-23 18:38:13 EDT</DateTime></Topic><Msg>"your going to have to wait about 3 weeks" Even if this were the case to wait till earningz, or even longer, whats your point? Three weeks, three months..... Its all good. This stock iz a pig and its gonna get murdered. Thats all 'ol sybby needz to know.</Msg><Username>sybil_rulez</Username><Timestamp>1372070171215</Timestamp><DateTime>Mon, 2013-06-24 06:36:11 EDT</DateTime><ThumbUp>0</ThumbUp><ThumbDown>0</ThumbDown><Sentiment/></Message><Message type="TopicMessage"><Id>1372070346261-6</Id><Title>Amzn may, go up, it may go down, it may trade flat - no one can tell with certainty, but one thing iz az constant az the north star....</Title><Msg>Geegee will jerk off, and jump up and down like a fvck in monkey. That sybil can assure you.</Msg><Username>sybil_rulez</Username><Timestamp>1372070346261</Timestamp><DateTime>Mon, 2013-06-24 06:39:06 EDT</DateTime><ThumbUp>0</ThumbUp><ThumbDown>0</ThumbDown><Sentiment/></Message><Message type="TopicMessage"><Id>1372070744110-7</Id><Title>The only onez more delighted to see bernanke getting cornered and volitility rize then market h8erz are:</Title><Msg>Cnbc and bloomberg. "They can tell you about the plain crash with a gleem in their eye. Its interesting when people die. We need dirty laundry" Funny thing iz that they had wvery bull on the planet circle jerking each other and the yakity yaks waxing come on the camera lenz in a xxx financial porn orgy just 3 short weeks ago. The media sux sloppy cox, but they will tell you that they deliver "the newz that you need to know" every fvck in day. Turn off the tv and radio sheeple, wake up and think for yourselvez, stupidz.</Msg><Username>sybil_rulez</Username><Timestamp>1372070744110</Timestamp><DateTime>Mon, 2013-06-24 06:45:44 EDT</DateTime><ThumbUp>0</ThumbUp><ThumbDown>0</ThumbDown><Sentiment/></Message><Message type="TopicMessage"><Id>1372072159804-8</Id><Title>Gv't hax track every post, email, phn call, tweet, etc with bot crawlerz</Title><Msg>Financial hax track and scam every trade, position, margin level, acct level, tweet , etc, etc across the globe. Neither iz too healthy, nor do they instil a high level of trust typically found in free societiez.... Bernanke printed money in the hopes that koolaid drinkerz stay perpetually sheiot faced.</Msg><Username>sybil_rulez</Username><Timestamp>1372072159804</Timestamp><DateTime>Mon, 2013-06-24 07:09:19 EDT</DateTime><ThumbUp>0</ThumbUp><ThumbDown>0</ThumbDown><Sentiment/></Message><Message type="ReplyMessage"><Id>1372072633104-9</Id><Topic><Title>Here's What Happens Next</Title><Username>mitt_romney_will_win</Username><Timestamp>1371594227770</Timestamp><DateTime>Tue, 2013-06-18 18:23:47 EDT</DateTime></Topic><Msg>#$%$, you were right :-(</Msg><Username>mitt_romney_will_win</Username><Timestamp>1372072633104</Timestamp><DateTime>Mon, 2013-06-24 07:17:13 EDT</DateTime><ThumbUp>0</ThumbUp><ThumbDown>0</ThumbDown><Sentiment/></Message><Message type="TopicMessage"><Id>1372073041966-10</Id><Title>Gap down open at 267, immediately tracking to 255, closing down 8%</Title><Msg>Optionz crackheadz: found to be correct on the monday following the friday they went insolvant</Msg><Username>sybil_rulez</Username><Timestamp>1372073041966</Timestamp><DateTime>Mon, 2013-06-24 07:24:01 EDT</DateTime><ThumbUp>0</ThumbUp><ThumbDown>0</ThumbDown><Sentiment/></Message><Message type="TopicMessage"><Id>1372079814383-11</Id><Title>Just another day that shorts here don't make any money.</Title><Msg>AMZN is dropping every day with the market. But shorts here haven't made any money in this latest down draft. I don't know how they do it, but they're truly amazing.</Msg><Username>geegenjar</Username><Timestamp>1372079814383</Timestamp><DateTime>Mon, 2013-06-24 09:16:54 EDT</DateTime><ThumbUp>0</ThumbUp><ThumbDown>0</ThumbDown><Sentiment/></Message><Message type="TopicMessage"><Id>1372080022381-12</Id><Title>Sybil's average short price has been . . .</Title><Msg>. . . the bottom of the latest long-term uptrend channel, give or take a few dimes or bucks. Sybil's average AMZN short price is 269.28.</Msg><Username>geegenjar</Username><Timestamp>1372080022381</Timestamp><DateTime>Mon, 2013-06-24 09:20:22 EDT</DateTime><ThumbUp>0</ThumbUp><ThumbDown>0</ThumbDown><Sentiment/></Message><Message type="ReplyMessage"><Id>1372080082381-13</Id><Topic><Title>Just another day that shorts here don't make any money.</Title><Username>geegenjar</Username><Timestamp>1372079814383</Timestamp><DateTime>Mon, 2013-06-24 09:16:54 EDT</DateTime></Topic><Msg>Hmmmmmmmm..... How much has a long made since buying at the end of feb while the s&amp;p shot up an added 10%, dummy? Your sooooo fvck in stooopit. LLLLLLLLLLLLLLOOOOOOOOOOOSER.</Msg><Username>sybil_rulez</Username><Timestamp>1372080082381</Timestamp><DateTime>Mon, 2013-06-24 09:21:22 EDT</DateTime><ThumbUp>0</ThumbUp><ThumbDown>0</ThumbDown><Sentiment/></Message><Message type="ReplyMessage"><Id>1372080185427-14</Id><Topic><Title>Gap down open at 267, immediately tracking to 255, closing down 8%</Title><Username>sybil_rulez</Username><Timestamp>1372073041966</Timestamp><DateTime>Mon, 2013-06-24 07:24:01 EDT</DateTime></Topic><Msg>Sybil, unless you cover soon, you're going to lose your house.</Msg><Username>geegenjar</Username><Timestamp>1372080185427</Timestamp><DateTime>Mon, 2013-06-24 09:23:05 EDT</DateTime><ThumbUp>0</ThumbUp><ThumbDown>0</ThumbDown><Sentiment/></Message><Message type="TopicMessage"><Id>1372080737332-15</Id><Title>Buy now.</Title><Msg>Good luck to all!</Msg><Username>geegenjar</Username><Timestamp>1372080737332</Timestamp><DateTime>Mon, 2013-06-24 09:32:17 EDT</DateTime><ThumbUp>0</ThumbUp><ThumbDown>0</ThumbDown><Sentiment/></Message><Message type="TopicMessage"><Id>1372080747980-16</Id><Title>Buy now.</Title><Msg>Good luck to all!</Msg><Username>geegenjar</Username><Timestamp>1372080747980</Timestamp><DateTime>Mon, 2013-06-24 09:32:27 EDT</DateTime><ThumbUp>0</ThumbUp><ThumbDown>0</ThumbDown><Sentiment/></Message><Message type="TopicMessage"><Id>1372080888804-17</Id><Title>Do you see 282 later today?</Title><Msg>I do.</Msg><Username>geegenjar</Username><Timestamp>1372080888804</Timestamp><DateTime>Mon, 2013-06-24 09:34:48 EDT</DateTime><ThumbUp>0</ThumbUp><ThumbDown>0</ThumbDown><Sentiment/></Message><Message type="TopicMessage"><Id>1372081037159-18</Id><Title>Looks like AMZN is beginning to roll over ..</Title><Msg>is today teh day that broke the camels back?</Msg><Username>once_on</Username><Timestamp>1372081037159</Timestamp><DateTime>Mon, 2013-06-24 09:37:17 EDT</DateTime><ThumbUp>1</ThumbUp><ThumbDown>0</ThumbDown><Sentiment/></Message><Message type="TopicMessage"><Id>1372081434409-19</Id><Title>WOW ! Look at that, wouldya!</Title><Msg>Ol sybby's makin PHISTFULLZ of phat coin.... Sybs will do some more covering at the s&amp;p 200 dsma....</Msg><Username>sybil_rulez</Username><Timestamp>1372081434409</Timestamp><DateTime>Mon, 2013-06-24 09:43:54 EDT</DateTime><ThumbUp>0</ThumbUp><ThumbDown>0</ThumbDown><Sentiment/></Message><Message type="ReplyMessage"><Id>1372081656906-20</Id><Topic><Title>Looks like AMZN is beginning to roll over ..</Title><Username>once_on</Username><Timestamp>1372081037159</Timestamp><DateTime>Mon, 2013-06-24 09:37:17 EDT</DateTime></Topic><Msg>AMZN bounced off its 50 dsma like a tennis ball thrown at a cement wall ... maybe the second test will breach it. Usually takes three attempts.</Msg><Username>once_on</Username><Timestamp>1372081656906</Timestamp><DateTime>Mon, 2013-06-24 09:47:36 EDT</DateTime><ThumbUp>0</ThumbUp><ThumbDown>0</ThumbDown><Sentiment/></Message><Message type="TopicMessage"><Id>1372081693113-21</Id><Title>Meanwhile back at the ranch, 30 year mortgage rates crowd 4.375% for prine borrowerz...</Title><Msg>Up 1.25% in a mere month.... We'll be at 5-6% in no time while student loan rates double up to 7.5%...</Msg><Username>sybil_rulez</Username><Timestamp>1372081693113</Timestamp><DateTime>Mon, 2013-06-24 09:48:13 EDT</DateTime><ThumbUp>0</ThumbUp><ThumbDown>0</ThumbDown><Sentiment/></Message><Message type="ReplyMessage"><Id>1372082078238-22</Id><Topic><Title>Gap down open at 267, immediately tracking to 255, closing down 8%</Title><Username>sybil_rulez</Username><Timestamp>1372073041966</Timestamp><DateTime>Mon, 2013-06-24 07:24:01 EDT</DateTime></Topic><Msg>"Sybil, unless you cover soon, you're going to lose your house." Sybs iz honna buy your LA tenament block, and jack up your rent.</Msg><Username>sybil_rulez</Username><Timestamp>1372082078238</Timestamp><DateTime>Mon, 2013-06-24 09:54:38 EDT</DateTime><ThumbUp>1</ThumbUp><ThumbDown>0</ThumbDown><Sentiment/></Message><Message type="ReplyMessage"><Id>1372082361102-23</Id><Topic><Title>Buy now.</Title><Username>geegenjar</Username><Timestamp>1372080737332</Timestamp><DateTime>Mon, 2013-06-24 09:32:17 EDT</DateTime></Topic><Msg>Buy what? Stox? Call optionz? How much should we buy? Go 'all in'?</Msg><Username>sybil_rulez</Username><Timestamp>1372082361102</Timestamp><DateTime>Mon, 2013-06-24 09:59:21 EDT</DateTime><ThumbUp>0</ThumbUp><ThumbDown>0</ThumbDown><Sentiment/></Message><Message type="TopicMessage"><Id>1372082451636-24</Id><Title>Aapltardz are gett'in badoinked in the ars (again)</Title><Msg>Poor slobz cant buy a run.</Msg><Username>sybil_rulez</Username><Timestamp>1372082451636</Timestamp><DateTime>Mon, 2013-06-24 10:00:51 EDT</DateTime><ThumbUp>0</ThumbUp><ThumbDown>0</ThumbDown><Sentiment/></Message><Message type="TopicMessage"><Id>1372083137327-25</Id><Title>No Volume again .. what will it take for a big fund to sell?</Title><Msg>Who will be the first to lock in a massive gain in an unstable market and start the huge drop?</Msg><Username>once_on</Username><Timestamp>1372083137327</Timestamp><DateTime>Mon, 2013-06-24 10:12:17 EDT</DateTime><ThumbUp>0</ThumbUp><ThumbDown>0</ThumbDown><Sentiment/></Message><Message type="TopicMessage"><Id>1372083702051-26</Id><Title>One would think this thing is a poster child for redemption selling.</Title><Msg>So far I see none of that. Inquiring minds need to know WHY IS THAT?</Msg><Username>fig_plucker</Username><Timestamp>1372083702051</Timestamp><DateTime>Mon, 2013-06-24 10:21:42 EDT</DateTime><ThumbUp>0</ThumbUp><ThumbDown>0</ThumbDown><Sentiment/></Message><Message type="TopicMessage"><Id>1372083883937-27</Id><Title>Look out below massive free fall still comimg</Title><Msg>We are at least another 1000 points down coming. So over priced just on massive pyramid buying scheme by Wall Street. Financials need to be crushed to learn a lesson about manipulation.</Msg><Username>kopach</Username><Timestamp>1372083883937</Timestamp><DateTime>Mon, 2013-06-24 10:24:43 EDT</DateTime><ThumbUp>1</ThumbUp><ThumbDown>1</ThumbDown><Sentiment/></Message><Message type="TopicMessage"><Id>1372084122953-28</Id><Title>Don't worry, be happy</Title><Msg>Just bought 500 shares</Msg><Username>moiyu</Username><Timestamp>1372084122953</Timestamp><DateTime>Mon, 2013-06-24 10:28:42 EDT</DateTime><ThumbUp>0</ThumbUp><ThumbDown>0</ThumbDown><Sentiment/></Message><Message type="TopicMessage"><Id>1372084913474-29</Id><Title>927k share block traded w/o price movement</Title><Msg>big-to-big rotation right there .. some smart fund found a sucker to rotate to near the all-time high.</Msg><Username>once_on</Username><Timestamp>1372084913474</Timestamp><DateTime>Mon, 2013-06-24 10:41:53 EDT</DateTime><ThumbUp>0</ThumbUp><ThumbDown>0</ThumbDown><Sentiment/></Message><Message type="TopicMessage"><Id>1372085865827-30</Id><Title>Pleeeease show up, skiidady...</Title><Msg>Give us just one little post. Thats all we need.</Msg><Username>sybil_rulez</Username><Timestamp>1372085865827</Timestamp><DateTime>Mon, 2013-06-24 10:57:45 EDT</DateTime><ThumbUp>0</ThumbUp><ThumbDown>0</ThumbDown><Sentiment/></Message><Message type="ReplyMessage"><Id>1372086061725-31</Id><Topic><Title>Don't worry, be happy</Title><Username>moiyu</Username><Timestamp>1372084122953</Timestamp><DateTime>Mon, 2013-06-24 10:28:42 EDT</DateTime></Topic><Msg>Congrats on grabbing the dumb end of a falling chainsaw. Come see dr. Sybil for a fit out with a new prosthetic limb, this iz unless you caught it with your forehead, in which case Sybils Undertaking Servicez will fit you out with a nice closed casket.</Msg><Username>sybil_rulez</Username><Timestamp>1372086061725</Timestamp><DateTime>Mon, 2013-06-24 11:01:01 EDT</DateTime><ThumbUp>0</ThumbUp><ThumbDown>0</ThumbDown><Sentiment/></Message><Message type="TopicMessage"><Id>1372087135599-32</Id><Title>AMZN's bed/ask spread is now $20.</Title><Msg>Get used to it. Bwahahahaha . . .</Msg><Username>geegenjar</Username><Timestamp>1372087135599</Timestamp><DateTime>Mon, 2013-06-24 11:18:55 EDT</DateTime><ThumbUp>0</ThumbUp><ThumbDown>0</ThumbDown><Sentiment/></Message><Message type="TopicMessage"><Id>1372087470898-33</Id><Title>A sloooowww bleed that eventually turnz into a gusher of blood az the bots trample out</Title><Msg>Theze are the worst stox to hold long and 'dip buy'. It just leadz to one dissappointing day after another.</Msg><Username>sybil_rulez</Username><Timestamp>1372087470898</Timestamp><DateTime>Mon, 2013-06-24 11:24:30 EDT</DateTime><ThumbUp>0</ThumbUp><ThumbDown>0</ThumbDown><Sentiment/></Message><Message type="TopicMessage"><Id>1372089115914-34</Id><Title>Insider trading</Title><Msg>I just took a look at the insider trading section. In the past 6 months, there have been 25 transactions made by the officers of Amazon. These are the people who are in the know about what the shares are worth. The 25 transactions were ALL sales. You won't find anyone who knows what the value of this stock is buying any of it. If I owned some, I would sell it before it crashes.</Msg><Username>jimdupont</Username><Timestamp>1372089115914</Timestamp><DateTime>Mon, 2013-06-24 11:51:55 EDT</DateTime><ThumbUp>0</ThumbUp><ThumbDown>0</ThumbDown><Sentiment/></Message><Message type="TopicMessage"><Id>1372090627732-35</Id><Title>TRLR looks like it could see $1+ in the near future</Title><Msg>I am getting all the TRLR I can at these levels. Check their website and financials. This thing is so undervalued here.</Msg><Username>brodymatthews692</Username><Timestamp>1372090627732</Timestamp><DateTime>Mon, 2013-06-24 12:17:07 EDT</DateTime><ThumbUp>0</ThumbUp><ThumbDown>0</ThumbDown><Sentiment/></Message><Message type="ReplyMessage"><Id>1372091230339-36</Id><Topic><Title>Looks like AMZN is beginning to roll over ..</Title><Username>once_on</Username><Timestamp>1372081037159</Timestamp><DateTime>Mon, 2013-06-24 09:37:17 EDT</DateTime></Topic><Msg>Bounce # 2 in play of of the $266.28 50 dsma ... 3rd test will prove the killer this afternoon.</Msg><Username>once_on</Username><Timestamp>1372091230339</Timestamp><DateTime>Mon, 2013-06-24 12:27:10 EDT</DateTime><ThumbUp>0</ThumbUp><ThumbDown>0</ThumbDown><Sentiment/></Message><Message type="ReplyMessage"><Id>1372091289639-37</Id><Topic><Title>Looks like yet another failed bid in scamazon'z quest to top that illusive all time high.... Orrrrrr it could be that....</Title><Username>sybil_rulez</Username><Timestamp>1371665165711</Timestamp><DateTime>Wed, 2013-06-19 14:06:05 EDT</DateTime></Topic><Msg>stinky, I'm not sure but it appears stinky Jr. doesn't hold pizza flyer salesmen in high regard. The transsexual wacko is popping off his usual 20-30 posts while in denial..........</Msg><Username>skiidady</Username><Timestamp>1372091289639</Timestamp><DateTime>Mon, 2013-06-24 12:28:09 EDT</DateTime><ThumbUp>0</ThumbUp><ThumbDown>5</ThumbDown><Sentiment>Strong Buy</Sentiment></Message><Message type="ReplyMessage"><Id>1372091484950-38</Id><Topic><Title>Tick by tick bleedz off the gainz az those sneaky bots go:</Title><Username>sybil_rulez</Username><Timestamp>1369763752519</Timestamp><DateTime>Tue, 2013-05-28 13:55:52 EDT</DateTime></Topic><Msg>distribute, distribute, distribute, distribute, distribute, distribute, distribute, distribute, distribute, distribute, distribute, distribute,distribute, distribute, distribute, distribute, distribute, distribute, distribute, distribute, distribute, distribute, distribute, distribute, distribute, distribute, distribute, distribute,distribute, distribute, distribute, distribute, distribute, distribute, distribute, distribute, distribute, distribute, distribute, distribute, distribute, distribute, distribute, distribute,distribute, distribute, distribute, distribute, distribute, distribute, distribute, distribute, distribute, distribute, distribute, distribute, distribute, distribute, distribute, distribute,distribute, distribute, distribute, distribute, distribute, distribute, distribute, distribute, distribute, distribute, distribute, distribute, distribute, distribute, distribute, distribute,distribute, distribute, distribute, distribute, distribute, distribute, distribute, distribute, distribute, distribute, distribute, distribute, distribute, distribute, distribute, distribute,distribute, distribute, distribute, distribute, distribute, distribute, distribute, distribute, distribute, distribute, distribute, distribute, distribute, distribute, distribute, distribute,distribute, distribute, distribute, distribute, distribute, distribute, distribute, distribute, distribute, distribute, distribute, distribute, distribute, distribute, distribute, distribute,distribute, distribute, distribute, distribute, distribute, distribute, distribute, distribute, distribute, distribute, distribute, distribute, distribute, distribute, distribute, distribute,distribute, distribute, distribute, distribute, distribute, distribute, distribute, distribute, distribute, distribute, distribute, distribute, distribute, distribute, distribute, distribute,distribute, distribute, distribute, distribute, distribute, distribute, distribute, distribute, distribute, distribute</Msg><Username>sybil_rulez</Username><Timestamp>1372091484950</Timestamp><DateTime>Mon, 2013-06-24 12:31:24 EDT</DateTime><ThumbUp>0</ThumbUp><ThumbDown>0</ThumbDown><Sentiment/></Message><Message type="ReplyMessage"><Id>1372091596141-39</Id><Topic><Title>Pleeeease show up, skiidady...</Title><Username>sybil_rulez</Username><Timestamp>1372085865827</Timestamp><DateTime>Mon, 2013-06-24 10:57:45 EDT</DateTime></Topic><Msg>Praise be! The trading gods have heard sybil's prayerz, and delivered skiidady. They are kind</Msg><Username>sybil_rulez</Username><Timestamp>1372091596141</Timestamp><DateTime>Mon, 2013-06-24 12:33:16 EDT</DateTime><ThumbUp>0</ThumbUp><ThumbDown>0</ThumbDown><Sentiment/></Message><Message type="ReplyMessage"><Id>1372091671496-40</Id><Topic><Title>Just another day that shorts here don't make any money.</Title><Username>geegenjar</Username><Timestamp>1372079814383</Timestamp><DateTime>Mon, 2013-06-24 09:16:54 EDT</DateTime></Topic><Msg>No. I've made no money covering shares that I sold short from $273 up through 281. Those shares I covered just below 267 were fake I guess. Do me a favor, please run this up a few bucks so I can start all over again.</Msg><Username>hapihammer</Username><Timestamp>1372091671496</Timestamp><DateTime>Mon, 2013-06-24 12:34:31 EDT</DateTime><ThumbUp>0</ThumbUp><ThumbDown>0</ThumbDown><Sentiment>Strong Sell</Sentiment></Message><Message type="TopicMessage"><Id>1372091857692-41</Id><Title>SSH @ 269</Title><Msg>500 sh.</Msg><Username>nje457</Username><Timestamp>1372091857692</Timestamp><DateTime>Mon, 2013-06-24 12:37:37 EDT</DateTime><ThumbUp>0</ThumbUp><ThumbDown>0</ThumbDown><Sentiment/></Message><Message type="ReplyMessage"><Id>1372092198980-42</Id><Topic><Title>SSH @ 269</Title><Username>nje457</Username><Timestamp>1372091857692</Timestamp><DateTime>Mon, 2013-06-24 12:37:37 EDT</DateTime></Topic><Msg>Out @ 267.4</Msg><Username>nje457</Username><Timestamp>1372092198980</Timestamp><DateTime>Mon, 2013-06-24 12:43:18 EDT</DateTime><ThumbUp>0</ThumbUp><ThumbDown>0</ThumbDown><Sentiment/></Message><Message type="TopicMessage"><Id>1372092327187-43</Id><Title>Just when this pig waz about to make a 'comeback', skiidady showz up with a 'strong buy' and squashez it</Title><Msg>Sybs would be pyssed if sybs were a knife katcher looking for a bottom.</Msg><Username>sybil_rulez</Username><Timestamp>1372092327187</Timestamp><DateTime>Mon, 2013-06-24 12:45:27 EDT</DateTime><ThumbUp>0</ThumbUp><ThumbDown>0</ThumbDown><Sentiment/></Message><Message type="TopicMessage"><Id>1372092506144-44</Id><Title>In For a Bounce</Title><Msg>Back over 270. will get pulled up with general market rebound IMO. This is a short term play.</Msg><Username>algaebb</Username><Timestamp>1372092506144</Timestamp><DateTime>Mon, 2013-06-24 12:48:26 EDT</DateTime><ThumbUp>0</ThumbUp><ThumbDown>0</ThumbDown><Sentiment>Buy</Sentiment></Message><Message type="ReplyMessage"><Id>1372093160599-45</Id><Topic><Title>Looks like AMZN is beginning to roll over ..</Title><Username>once_on</Username><Timestamp>1372081037159</Timestamp><DateTime>Mon, 2013-06-24 09:37:17 EDT</DateTime></Topic><Msg>The TPTB are still trying to run the scam. Anything that can withstand the selling pressure on its own is getting hit with liquidation while the scam stocks are still being protected. As long as they keep trying to run the scam, trust will never return to the markets. Cash flows are going to get very interesting (difficult) for Amazon in Q3...</Msg><Username>techstrategy</Username><Timestamp>1372093160599</Timestamp><DateTime>Mon, 2013-06-24 12:59:20 EDT</DateTime><ThumbUp>3</ThumbUp><ThumbDown>0</ThumbDown><Sentiment/></Message><Message type="TopicMessage"><Id>1372093582216-46</Id><Title>Stupidity is critical..</Title><Msg>LMAO .</Msg><Username>osulinn</Username><Timestamp>1372093582216</Timestamp><DateTime>Mon, 2013-06-24 13:06:22 EDT</DateTime><ThumbUp>0</ThumbUp><ThumbDown>1</ThumbDown><Sentiment/></Message><Message type="ReplyMessage"><Id>1372093926939-47</Id><Topic><Title>Looks like AMZN is beginning to roll over ..</Title><Username>once_on</Username><Timestamp>1372081037159</Timestamp><DateTime>Mon, 2013-06-24 09:37:17 EDT</DateTime></Topic><Msg>tech, You can bet they will use every accounting trick in the book just like they show improving margins while excluded fulfillment/shipping and other costs. Meanwhile I would wager the real/actual metrics remain terrible.</Msg><Username>hapihammer</Username><Timestamp>1372093926939</Timestamp><DateTime>Mon, 2013-06-24 13:12:06 EDT</DateTime><ThumbUp>1</ThumbUp><ThumbDown>0</ThumbDown><Sentiment>Strong Sell</Sentiment></Message><Message type="ReplyMessage"><Id>1372093987444-48</Id><Topic><Title>Looks like AMZN is beginning to roll over ..</Title><Username>once_on</Username><Timestamp>1372081037159</Timestamp><DateTime>Mon, 2013-06-24 09:37:17 EDT</DateTime></Topic><Msg>The US is suffering from a massive trust deficit. Without trust, no market can function properly. Ironically, the best mechanism for restoring trust in the markets and gov't might prove to be a mutually exclusive outcome... If so, look for gov't to start utilizing its extensive capabilities (e.g. PRISM) to demonize and hang certain financial people/institutions in the court of public opinion to regain what trust and credibility it can...</Msg><Username>techstrategy</Username><Timestamp>1372093987444</Timestamp><DateTime>Mon, 2013-06-24 13:13:07 EDT</DateTime><ThumbUp>0</ThumbUp><ThumbDown>0</ThumbDown><Sentiment/></Message><Message type="TopicMessage"><Id>1372094000616-49</Id><Title>Ooops. Going up.</Title><Msg>Damn, she's crafty.</Msg><Username>geegenjar</Username><Timestamp>1372094000616</Timestamp><DateTime>Mon, 2013-06-24 13:13:20 EDT</DateTime><ThumbUp>0</ThumbUp><ThumbDown>0</ThumbDown><Sentiment/></Message><Message type="ReplyMessage"><Id>1372094179178-50</Id><Topic><Title>SSH @ 269</Title><Username>nje457</Username><Timestamp>1372091857692</Timestamp><DateTime>Mon, 2013-06-24 12:37:37 EDT</DateTime></Topic><Msg>SSH 269.5</Msg><Username>nje457</Username><Timestamp>1372094179178</Timestamp><DateTime>Mon, 2013-06-24 13:16:19 EDT</DateTime><ThumbUp>0</ThumbUp><ThumbDown>0</ThumbDown><Sentiment/></Message><Message type="ReplyMessage"><Id>1372094224967-51</Id><Topic><Title>Looks like AMZN is beginning to roll over ..</Title><Username>once_on</Username><Timestamp>1372081037159</Timestamp><DateTime>Mon, 2013-06-24 09:37:17 EDT</DateTime></Topic><Msg>Hapi: Accounting tricks will not matter and will not be sufficient within 6 months. Every real enterpreneur knows that cash is king. Amazon has #$%$ its cash away for a long time... all in the interest of perpetuating the ponzi. The retrospective view of what investors and what analysts did will be fascinating. Of course, they'll have ruined many lives with their negligence. But, hey, it's OPM...</Msg><Username>techstrategy</Username><Timestamp>1372094224967</Timestamp><DateTime>Mon, 2013-06-24 13:17:04 EDT</DateTime><ThumbUp>0</ThumbUp><ThumbDown>0</ThumbDown><Sentiment/></Message><Message type="ReplyMessage"><Id>1372094354080-52</Id><Topic><Title>In For a Bounce</Title><Username>algaebb</Username><Timestamp>1372092506144</Timestamp><DateTime>Mon, 2013-06-24 12:48:26 EDT</DateTime></Topic><Msg>that was nice and quick. I'm out.</Msg><Username>algaebb</Username><Timestamp>1372094354080</Timestamp><DateTime>Mon, 2013-06-24 13:19:14 EDT</DateTime><ThumbUp>0</ThumbUp><ThumbDown>0</ThumbDown><Sentiment>Hold</Sentiment></Message><Message type="TopicMessage"><Id>1372094717380-53</Id><Title>Sybil is in the red again . . . .</Title><Msg>She'll lose her house if she doesn't take care of this problem. Bwahahahaha . . .</Msg><Username>geegenjar</Username><Timestamp>1372094717380</Timestamp><DateTime>Mon, 2013-06-24 13:25:17 EDT</DateTime><ThumbUp>0</ThumbUp><ThumbDown>0</ThumbDown><Sentiment/></Message><Message type="ReplyMessage"><Id>1372095639825-54</Id><Topic><Title>Looks like AMZN is beginning to roll over ..</Title><Username>once_on</Username><Timestamp>1372081037159</Timestamp><DateTime>Mon, 2013-06-24 09:37:17 EDT</DateTime></Topic><Msg>Wonder which institution is trying to paint the tape with the large block purchase?... Hope it gets a good hard look in a few months...</Msg><Username>techstrategy</Username><Timestamp>1372095639825</Timestamp><DateTime>Mon, 2013-06-24 13:40:39 EDT</DateTime><ThumbUp>0</ThumbUp><ThumbDown>0</ThumbDown><Sentiment/></Message><Message type="ReplyMessage"><Id>1372097318578-55</Id><Topic><Title>Sybil is in the red again . . . .</Title><Username>geegenjar</Username><Timestamp>1372094717380</Timestamp><DateTime>Mon, 2013-06-24 13:25:17 EDT</DateTime></Topic><Msg>Booooo!!! Hahaha!!!</Msg><Username>geegenjar</Username><Timestamp>1372097318578</Timestamp><DateTime>Mon, 2013-06-24 14:08:38 EDT</DateTime><ThumbUp>0</ThumbUp><ThumbDown>0</ThumbDown><Sentiment/></Message><Message type="TopicMessage"><Id>1372097403197-56</Id><Title>AMZN is now higher than Friday's low.</Title><Msg>Booooo!!! Bwahahahahaha . . . .</Msg><Username>geegenjar</Username><Timestamp>1372097403197</Timestamp><DateTime>Mon, 2013-06-24 14:10:03 EDT</DateTime><ThumbUp>0</ThumbUp><ThumbDown>0</ThumbDown><Sentiment/></Message><Message type="ReplyMessage"><Id>1372097478214-57</Id><Topic><Title>Don't worry, be happy</Title><Username>moiyu</Username><Timestamp>1372084122953</Timestamp><DateTime>Mon, 2013-06-24 10:28:42 EDT</DateTime></Topic><Msg>Ha ha ha! already got 2,ooo thousand in the pocket now</Msg><Username>moiyu</Username><Timestamp>1372097478214</Timestamp><DateTime>Mon, 2013-06-24 14:11:18 EDT</DateTime><ThumbUp>0</ThumbUp><ThumbDown>0</ThumbDown><Sentiment/></Message><Message type="TopicMessage"><Id>1372097537836-58</Id><Title>"A sucker is born every minute."</Title><Msg>You're the living proof. You shorted this morning, didn't you?</Msg><Username>geegenjar</Username><Timestamp>1372097537836</Timestamp><DateTime>Mon, 2013-06-24 14:12:17 EDT</DateTime><ThumbUp>0</ThumbUp><ThumbDown>0</ThumbDown><Sentiment/></Message><Message type="TopicMessage"><Id>1372097603190-59</Id><Title>Buy, buy, buy . . .</Title><Msg>. . . and buy, buy, buy . . . . Sybil is going to lose her house.</Msg><Username>geegenjar</Username><Timestamp>1372097603190</Timestamp><DateTime>Mon, 2013-06-24 14:13:23 EDT</DateTime><ThumbUp>0</ThumbUp><ThumbDown>0</ThumbDown><Sentiment/></Message><Message type="ReplyMessage"><Id>1372098036658-60</Id><Topic><Title>SSH @ 269</Title><Username>nje457</Username><Timestamp>1372091857692</Timestamp><DateTime>Mon, 2013-06-24 12:37:37 EDT</DateTime></Topic><Msg>Oops.</Msg><Username>geegenjar</Username><Timestamp>1372098036658</Timestamp><DateTime>Mon, 2013-06-24 14:20:36 EDT</DateTime><ThumbUp>0</ThumbUp><ThumbDown>0</ThumbDown><Sentiment/></Message><Message type="ReplyMessage"><Id>1372098200280-61</Id><Topic><Title>Looks like AMZN is beginning to roll over ..</Title><Username>once_on</Username><Timestamp>1372081037159</Timestamp><DateTime>Mon, 2013-06-24 09:37:17 EDT</DateTime></Topic><Msg>Techstrategy: ". . . trust will never return to the markets." Are you sad? You're so detached from reality.</Msg><Username>geegenjar</Username><Timestamp>1372098200280</Timestamp><DateTime>Mon, 2013-06-24 14:23:20 EDT</DateTime><ThumbUp>0</ThumbUp><ThumbDown>0</ThumbDown><Sentiment/></Message><Message type="ReplyMessage"><Id>1372098224898-62</Id><Topic><Title>Looks like AMZN is beginning to roll over ..</Title><Username>once_on</Username><Timestamp>1372081037159</Timestamp><DateTime>Mon, 2013-06-24 09:37:17 EDT</DateTime></Topic><Msg>Once_on, are you sad?</Msg><Username>geegenjar</Username><Timestamp>1372098224898</Timestamp><DateTime>Mon, 2013-06-24 14:23:44 EDT</DateTime><ThumbUp>0</ThumbUp><ThumbDown>0</ThumbDown><Sentiment/></Message><Message type="TopicMessage"><Id>1372098438286-63</Id><Title>Wow, money will come out of China and be shoved int the US markets.</Title><Msg>Come to think of it. Was there really significant reasons to sell this market after the last FOMC announcement?</Msg><Username>geegenjar</Username><Timestamp>1372098438286</Timestamp><DateTime>Mon, 2013-06-24 14:27:18 EDT</DateTime><ThumbUp>1</ThumbUp><ThumbDown>0</ThumbDown><Sentiment/></Message><Message type="ReplyMessage"><Id>1372098519953-64</Id><Topic><Title>Tick by tick bleedz off the gainz az those sneaky bots go:</Title><Username>sybil_rulez</Username><Timestamp>1369763752519</Timestamp><DateTime>Tue, 2013-05-28 13:55:52 EDT</DateTime></Topic><Msg>Sybil is going to lose her house.</Msg><Username>geegenjar</Username><Timestamp>1372098519953</Timestamp><DateTime>Mon, 2013-06-24 14:28:39 EDT</DateTime><ThumbUp>0</ThumbUp><ThumbDown>0</ThumbDown><Sentiment/></Message><Message type="ReplyMessage"><Id>1372098655678-65</Id><Topic><Title>Just another day that shorts here don't make any money.</Title><Username>geegenjar</Username><Timestamp>1372079814383</Timestamp><DateTime>Mon, 2013-06-24 09:16:54 EDT</DateTime></Topic><Msg>hapihamer: "Do me a favor, please run this up a few bucks so I can start all over again." Go ahead. Make my day.</Msg><Username>geegenjar</Username><Timestamp>1372098655678</Timestamp><DateTime>Mon, 2013-06-24 14:30:55 EDT</DateTime><ThumbUp>0</ThumbUp><ThumbDown>0</ThumbDown><Sentiment/></Message><Message type="TopicMessage"><Id>1372098762955-66</Id><Title>AMZN or IBM may buyout SSYS (3d PRINTER CO.) for $6 billion dollars, IMHO</Title><Msg>the buyout war is just starting,</Msg><Username>coldwintergas</Username><Timestamp>1372098762955</Timestamp><DateTime>Mon, 2013-06-24 14:32:42 EDT</DateTime><ThumbUp>0</ThumbUp><ThumbDown>0</ThumbDown><Sentiment/></Message><Message type="ReplyMessage"><Id>1372098802308-67</Id><Topic><Title>Looks like AMZN is beginning to roll over ..</Title><Username>once_on</Username><Timestamp>1372081037159</Timestamp><DateTime>Mon, 2013-06-24 09:37:17 EDT</DateTime></Topic><Msg>Not detached at all. Completely in tune with the majority of Americans. WS is out of touch with reality, but a mass extinction is coming for the Street...</Msg><Username>techstrategy</Username><Timestamp>1372098802308</Timestamp><DateTime>Mon, 2013-06-24 14:33:22 EDT</DateTime><ThumbUp>0</ThumbUp><ThumbDown>0</ThumbDown><Sentiment/></Message><Message type="ReplyMessage"><Id>1372099056709-68</Id><Topic><Title>Just another day that shorts here don't make any money.</Title><Username>geegenjar</Username><Timestamp>1372079814383</Timestamp><DateTime>Mon, 2013-06-24 09:16:54 EDT</DateTime></Topic><Msg>I'm back in and let them run it up so I can ladder in again. The market may rally green for the day or go green and reverse into the close. Either way this is a sell. Make your day? You don't even have the ballz to buy the common.</Msg><Username>hapihammer</Username><Timestamp>1372099056709</Timestamp><DateTime>Mon, 2013-06-24 14:37:36 EDT</DateTime><ThumbUp>0</ThumbUp><ThumbDown>0</ThumbDown><Sentiment>Strong Sell</Sentiment></Message><Message type="ReplyMessage"><Id>1372099096670-69</Id><Topic><Title>SSH @ 269</Title><Username>nje457</Username><Timestamp>1372091857692</Timestamp><DateTime>Mon, 2013-06-24 12:37:37 EDT</DateTime></Topic><Msg>SSH 272.2.</Msg><Username>nje457</Username><Timestamp>1372099096670</Timestamp><DateTime>Mon, 2013-06-24 14:38:16 EDT</DateTime><ThumbUp>0</ThumbUp><ThumbDown>0</ThumbDown><Sentiment/></Message><Message type="ReplyMessage"><Id>1372100211019-70</Id><Topic><Title>SSH @ 269</Title><Username>nje457</Username><Timestamp>1372091857692</Timestamp><DateTime>Mon, 2013-06-24 12:37:37 EDT</DateTime></Topic><Msg>Oops again.</Msg><Username>geegenjar</Username><Timestamp>1372100211019</Timestamp><DateTime>Mon, 2013-06-24 14:56:51 EDT</DateTime><ThumbUp>0</ThumbUp><ThumbDown>0</ThumbDown><Sentiment/></Message><Message type="TopicMessage"><Id>1372100488961-71</Id><Title>burn baby burn these markets so over priced</Title><Msg>Crash and face reality. at least another 1000 points down easy.</Msg><Username>kopach</Username><Timestamp>1372100488961</Timestamp><DateTime>Mon, 2013-06-24 15:01:28 EDT</DateTime><ThumbUp>0</ThumbUp><ThumbDown>1</ThumbDown><Sentiment/></Message><Message type="ReplyMessage"><Id>1372101519884-72</Id><Topic><Title>SSH @ 269</Title><Username>nje457</Username><Timestamp>1372091857692</Timestamp><DateTime>Mon, 2013-06-24 12:37:37 EDT</DateTime></Topic><Msg>Out 271.56.</Msg><Username>nje457</Username><Timestamp>1372101519884</Timestamp><DateTime>Mon, 2013-06-24 15:18:39 EDT</DateTime><ThumbUp>0</ThumbUp><ThumbDown>0</ThumbDown><Sentiment/></Message><Message type="TopicMessage"><Id>1372103740921-73</Id><Title>Staring to get very intreasting market going in to mid and end of the week</Title><Msg>watch your short positions and play safe !!! RIP your FACE off RALLY is building up Looks like last 1 hour we see lots of buying in the market and covering</Msg><Username>jgiled</Username><Timestamp>1372103740921</Timestamp><DateTime>Mon, 2013-06-24 15:55:40 EDT</DateTime><ThumbUp>0</ThumbUp><ThumbDown>0</ThumbDown><Sentiment/></Message><Message type="TopicMessage"><Id>1372103771150-74</Id><Title>"The Bernax" are hiding in AMZN, TRIP</Title><Msg>AMZN is protected by "The Bernax".</Msg><Username>jjjinglehimersmith</Username><Timestamp>1372103771150</Timestamp><DateTime>Mon, 2013-06-24 15:56:11 EDT</DateTime><ThumbUp>0</ThumbUp><ThumbDown>0</ThumbDown><Sentiment/></Message><Message type="ReplyMessage"><Id>1372103838749-75</Id><Topic><Title>Staring to get very intreasting market going in to mid and end of the week</Title><Username>jgiled</Username><Timestamp>1372103740921</Timestamp><DateTime>Mon, 2013-06-24 15:55:40 EDT</DateTime></Topic><Msg>Will FED surprise ?</Msg><Username>jgiled</Username><Timestamp>1372103838749</Timestamp><DateTime>Mon, 2013-06-24 15:57:18 EDT</DateTime><ThumbUp>0</ThumbUp><ThumbDown>0</ThumbDown><Sentiment/></Message><Message type="ReplyMessage"><Id>1372104343607-76</Id><Topic><Title>Staring to get very intreasting market going in to mid and end of the week</Title><Username>jgiled</Username><Timestamp>1372103740921</Timestamp><DateTime>Mon, 2013-06-24 15:55:40 EDT</DateTime></Topic><Msg>The rip your face off is more likely to be the big longs dumping the MOMO scams on traders". They already played the rebalancing scam and it is running out of juice. Especially with the end of QE in sight (or at least "tapering"), MOMOs have no more room for multiple expansion and thus will have to actually generate earnings growth into a weakening environment. All the self reinforcing #$%$ that levitated these will become a black hole and suck them into the vortex.... This will see low to mid 100's within 12 months. It should break 100, but that depends upon continued malinvestment from Amazon and a little bit of honesty in the analyst community.</Msg><Username>techstrategy</Username><Timestamp>1372104343607</Timestamp><DateTime>Mon, 2013-06-24 16:05:43 EDT</DateTime><ThumbUp>0</ThumbUp><ThumbDown>0</ThumbDown><Sentiment/></Message><Message type="TopicMessage"><Id>1372106280021-77</Id><Title>do u think bama</Title><Msg>wants to marginalize federal u know reserve for what it's done seriously, even communists are corrupt they let others to join them only if they can benefit themselves bama fired ben - is this still unclear</Msg><Username>junkfood_pe</Username><Timestamp>1372106280021</Timestamp><DateTime>Mon, 2013-06-24 16:38:00 EDT</DateTime><ThumbUp>0</ThumbUp><ThumbDown>1</ThumbDown><Sentiment/></Message><Message type="TopicMessage"><Id>1372106595431-78</Id><Title>Sybs prediction waz dead on....</Title><Msg>Geegee jerked off the entire day. How did sybs know that waz gonna happen?</Msg><Username>sybil_rulez</Username><Timestamp>1372106595431</Timestamp><DateTime>Mon, 2013-06-24 16:43:15 EDT</DateTime><ThumbUp>0</ThumbUp><ThumbDown>0</ThumbDown><Sentiment/></Message><Message type="TopicMessage"><Id>1372107970039-79</Id><Title>A decline on steady volume will be followed by a GIGANTIC</Title><Msg>Flllluuuuush down the TANK.</Msg><Username>sybil_rulez</Username><Timestamp>1372107970039</Timestamp><DateTime>Mon, 2013-06-24 17:06:10 EDT</DateTime><ThumbUp>1</ThumbUp><ThumbDown>0</ThumbDown><Sentiment/></Message><Message type="ReplyMessage"><Id>1372109686456-80</Id><Topic><Title>do u think bama</Title><Username>junkfood_pe</Username><Timestamp>1372106280021</Timestamp><DateTime>Mon, 2013-06-24 16:38:00 EDT</DateTime></Topic><Msg>Don't you think PRISM has collected some very interesting conversations that firms like SAC thought were "safe". In times of turbulence, history shows gov'ts search for common enemy. It will be "corrupt" WS, as if it hasn't been for decades... The Roman people need their bloodsport... Stevie is just the beginning IMHO.</Msg><Username>techstrategy</Username><Timestamp>1372109686456</Timestamp><DateTime>Mon, 2013-06-24 17:34:46 EDT</DateTime><ThumbUp>0</ThumbUp><ThumbDown>0</ThumbDown><Sentiment/></Message><Message type="ReplyMessage"><Id>1372110867947-81</Id><Topic><Title>A decline on steady volume will be followed by a GIGANTIC</Title><Username>sybil_rulez</Username><Timestamp>1372107970039</Timestamp><DateTime>Mon, 2013-06-24 17:06:10 EDT</DateTime></Topic><Msg>Short again on this and may even hold until after earnings. I love the combination of market weakness and the looming "judgement day" of Q2 earnings in 4 weeks. Goal is 250 and I think that's do-able here. Hoping for skiidady to show up this week to make it a sure bet.</Msg><Username>stkguy</Username><Timestamp>1372110867947</Timestamp><DateTime>Mon, 2013-06-24 17:54:27 EDT</DateTime><ThumbUp>0</ThumbUp><ThumbDown>0</ThumbDown><Sentiment/></Message><Message type="ReplyMessage"><Id>1372110969548-82</Id><Topic><Title>SSH @ 269</Title><Username>nje457</Username><Timestamp>1372091857692</Timestamp><DateTime>Mon, 2013-06-24 12:37:37 EDT</DateTime></Topic><Msg>Hang on. You'll get there.</Msg><Username>stkguy</Username><Timestamp>1372110969548</Timestamp><DateTime>Mon, 2013-06-24 17:56:09 EDT</DateTime><ThumbUp>0</ThumbUp><ThumbDown>0</ThumbDown><Sentiment/></Message><Message type="ReplyMessage"><Id>1372112751469-83</Id><Topic><Title>A decline on steady volume will be followed by a GIGANTIC</Title><Username>sybil_rulez</Username><Timestamp>1372107970039</Timestamp><DateTime>Mon, 2013-06-24 17:06:10 EDT</DateTime></Topic><Msg>Santos has a pretty good article projecting Q2 earnings, although I think he is overly optimistic (Amazon is getting hammered on the PR front everywhere in Europe now and USD/JPY will have a significant impact on international performance). Once sentiment turns here it will be far too late. AAPL is down almost 50%, despite having $100B in net cash, a healthy dividend and true FCF with high margins. Amazon has levered up into the a looming drop in consumer demand (if things go well...). Watch its net cash position...</Msg><Username>techstrategy</Username><Timestamp>1372112751469</Timestamp><DateTime>Mon, 2013-06-24 18:25:51 EDT</DateTime><ThumbUp>0</ThumbUp><ThumbDown>0</ThumbDown><Sentiment/></Message><Message type="ReplyMessage"><Id>1372113999783-84</Id><Topic><Title>A decline on steady volume will be followed by a GIGANTIC</Title><Username>sybil_rulez</Username><Timestamp>1372107970039</Timestamp><DateTime>Mon, 2013-06-24 17:06:10 EDT</DateTime></Topic><Msg>Thanks for the referral, and I read the article. Santos has been very close in his predictions lately. He's calling for .07 earnings (in line with estimates) and a miss on revenue. Just like last quarter. Of course, the earnings have been guided down from .22 to .06, so not hard to beat that. My guess is this report hits the stock; maybe 10 points, taking it down to around 250 by the end of July. About where it began the year. Still better than it deserves!</Msg><Username>stkguy</Username><Timestamp>1372113999783</Timestamp><DateTime>Mon, 2013-06-24 18:46:39 EDT</DateTime><ThumbUp>0</ThumbUp><ThumbDown>0</ThumbDown><Sentiment/></Message><Message type="TopicMessage"><Id>1372114406115-85</Id><Title>What could take AMZN to $300</Title><Msg>Since nas, bruce, skiidady, nemesis, algebb and all the others have been repeatedly calling for $300 "any day", but are all AWOL these days, I can only wonder what they think will cause that to happen in the short term. Would have to be all of the following: 1. Nice beat on both EPS and Rev for Q2, 2. Fed announces renewed commitment or even ramp-up of QE 3. Some big positive news out of Asia or Europe 4. Strong initial Q2 earnings reports from US companies 5. Consumer confidence grows 6. More jobs added than expected over the next couple months. Did I miss anything? Good luck with this list. You'll need it.</Msg><Username>stkguy</Username><Timestamp>1372114406115</Timestamp><DateTime>Mon, 2013-06-24 18:53:26 EDT</DateTime><ThumbUp>0</ThumbUp><ThumbDown>0</ThumbDown><Sentiment/></Message><Message type="ReplyMessage"><Id>1372114412769-86</Id><Topic><Title>A decline on steady volume will be followed by a GIGANTIC</Title><Username>sybil_rulez</Username><Timestamp>1372107970039</Timestamp><DateTime>Mon, 2013-06-24 17:06:10 EDT</DateTime></Topic><Msg>Aside from anchoring and availability biases (tied to "how it is trading"), do you have ANY basis for the $250? My guess is not. It's earning (and cash position) have fallen through the floor since last Fall when it was about the break down through $220. Only CapWorld's CrazyApple (the AppleTrage sabotage) has kept this from tanking... That play has more than run its course...</Msg><Username>techstrategy</Username><Timestamp>1372114412769</Timestamp><DateTime>Mon, 2013-06-24 18:53:32 EDT</DateTime><ThumbUp>0</ThumbUp><ThumbDown>0</ThumbDown><Sentiment/></Message><Message type="ReplyMessage"><Id>1372114714734-87</Id><Topic><Title>A decline on steady volume will be followed by a GIGANTIC</Title><Username>sybil_rulez</Username><Timestamp>1372107970039</Timestamp><DateTime>Mon, 2013-06-24 17:06:10 EDT</DateTime></Topic><Msg>Let's hope you're right. My prediction is based on many years of trading AMZN and the knowledge that it has a very loyal base who will be reluctant to tank it all at once. Hence the bet for a slower drop. Perhaps another 30 points beyond that over the next 6 months. I'll take it.</Msg><Username>stkguy</Username><Timestamp>1372114714734</Timestamp><DateTime>Mon, 2013-06-24 18:58:34 EDT</DateTime><ThumbUp>0</ThumbUp><ThumbDown>0</ThumbDown><Sentiment/></Message><Message type="ReplyMessage"><Id>1372115598311-88</Id><Topic><Title>I'm In</Title><Username>stkguy</Username><Timestamp>1357589589801</Timestamp><DateTime>Mon, 2013-01-07 15:13:09 EST</DateTime></Topic><Msg>Brilliant. You were saying not going to short long term??????? Guess you over stayed..............</Msg><Username>skiidady</Username><Timestamp>1372115598311</Timestamp><DateTime>Mon, 2013-06-24 19:13:18 EDT</DateTime><ThumbUp>0</ThumbUp><ThumbDown>7</ThumbDown><Sentiment>Strong Buy</Sentiment></Message><Message type="ReplyMessage"><Id>1372115807280-89</Id><Topic><Title>A decline on steady volume will be followed by a GIGANTIC</Title><Username>sybil_rulez</Username><Timestamp>1372107970039</Timestamp><DateTime>Mon, 2013-06-24 17:06:10 EDT</DateTime></Topic><Msg>"do you have ANY basis for the $250? My guess is not." 255 iz horizontal support. Thats where its going minimum before it checks the bottom sode of the 200dsma before it fvck in TANKS.</Msg><Username>sybil_rulez</Username><Timestamp>1372115807280</Timestamp><DateTime>Mon, 2013-06-24 19:16:47 EDT</DateTime><ThumbUp>0</ThumbUp><ThumbDown>0</ThumbDown><Sentiment/></Message><Message type="ReplyMessage"><Id>1372117143252-90</Id><Topic><Title>A decline on steady volume will be followed by a GIGANTIC</Title><Username>sybil_rulez</Username><Timestamp>1372107970039</Timestamp><DateTime>Mon, 2013-06-24 17:06:10 EDT</DateTime></Topic><Msg>Haven't you been having this fantasy for over a year??????? Good luck trannyboy.............</Msg><Username>skiidady</Username><Timestamp>1372117143252</Timestamp><DateTime>Mon, 2013-06-24 19:39:03 EDT</DateTime><ThumbUp>0</ThumbUp><ThumbDown>5</ThumbDown><Sentiment>Strong Buy</Sentiment></Message><Message type="TopicMessage"><Id>1372117285126-91</Id><Title>Shorts are set to make a KILLING because</Title><Msg>Skiidady iz posting.... Fantastic</Msg><Username>sybil_rulez</Username><Timestamp>1372117285126</Timestamp><DateTime>Mon, 2013-06-24 19:41:25 EDT</DateTime><ThumbUp>1</ThumbUp><ThumbDown>0</ThumbDown><Sentiment/></Message><Message type="ReplyMessage"><Id>1372117336153-92</Id><Topic><Title>A decline on steady volume will be followed by a GIGANTIC</Title><Username>sybil_rulez</Username><Timestamp>1372107970039</Timestamp><DateTime>Mon, 2013-06-24 17:06:10 EDT</DateTime></Topic><Msg>D'ckless....haven't you been "skiidady the d'ckless clown" for over 8 years on Yahoo????? Get f'kd, d'ckless.....your HS sophomore crp ijust doesn't work. You are nothing more than a gd roach that needs to be squished.....AGAIN</Msg><Username>remoadawg</Username><Timestamp>1372117336153</Timestamp><DateTime>Mon, 2013-06-24 19:42:16 EDT</DateTime><ThumbUp>0</ThumbUp><ThumbDown>0</ThumbDown><Sentiment/></Message><Message type="ReplyMessage"><Id>1372117423306-93</Id><Topic><Title>Shorts are set to make a KILLING because</Title><Username>sybil_rulez</Username><Timestamp>1372117285126</Timestamp><DateTime>Mon, 2013-06-24 19:41:25 EDT</DateTime></Topic><Msg>Never fails..........take it to the bank.</Msg><Username>stkguy</Username><Timestamp>1372117423306</Timestamp><DateTime>Mon, 2013-06-24 19:43:43 EDT</DateTime><ThumbUp>0</ThumbUp><ThumbDown>0</ThumbDown><Sentiment/></Message><Message type="ReplyMessage"><Id>1372117431717-94</Id><Topic><Title>I'm In</Title><Username>stkguy</Username><Timestamp>1357589589801</Timestamp><DateTime>Mon, 2013-01-07 15:13:09 EST</DateTime></Topic><Msg>Brilliant. Yet another crp our little buddy "skiidady" the d'ckless clown has left on a Yahoo message board. Get a life d'ckless. Your HS sophomore crp sux badly</Msg><Username>remoadawg</Username><Timestamp>1372117431717</Timestamp><DateTime>Mon, 2013-06-24 19:43:51 EDT</DateTime><ThumbUp>0</ThumbUp><ThumbDown>0</ThumbDown><Sentiment/></Message><Message type="ReplyMessage"><Id>1372120627738-95</Id><Topic><Title>I'm In</Title><Username>stkguy</Username><Timestamp>1357589589801</Timestamp><DateTime>Mon, 2013-01-07 15:13:09 EST</DateTime></Topic><Msg>To what do we owe this displeasure skidady? You already top ticked the stock. Why are you back posting your nasty BS?</Msg><Username>hapihammer</Username><Timestamp>1372120627738</Timestamp><DateTime>Mon, 2013-06-24 20:37:07 EDT</DateTime><ThumbUp>0</ThumbUp><ThumbDown>0</ThumbDown><Sentiment>Strong Sell</Sentiment></Message><Message type="ReplyMessage"><Id>1372120797739-96</Id><Topic><Title>Shorts are set to make a KILLING because</Title><Username>sybil_rulez</Username><Timestamp>1372117285126</Timestamp><DateTime>Mon, 2013-06-24 19:41:25 EDT</DateTime></Topic><Msg>I guess in a way it is fantastic sybs but he kind of wants to make me reach into my computer and have my fist pop out of his to crack him in his face. His parents should have disciplined him a little.</Msg><Username>hapihammer</Username><Timestamp>1372120797739</Timestamp><DateTime>Mon, 2013-06-24 20:39:57 EDT</DateTime><ThumbUp>0</ThumbUp><ThumbDown>0</ThumbDown><Sentiment>Strong Sell</Sentiment></Message><Message type="TopicMessage"><Id>1372123592434-97</Id><Title>Tech you should take Santos' place - you post better fundie arguements then he does, he couldnt keep up with you</Title><Msg>Not that fundies matter, they havent for over 30 yearz now. Its fvck'in casino dictated by mechanics of longs, shorts, margin, and of the last 5 yearz with tge advent of weekliez and etf's that buy that trash - OPTIONZ... Robots keep trake of it all and crunch it by the nano second, fvck. in the max # of people out of position and leveraged.</Msg><Username>sybil_rulez</Username><Timestamp>1372123592434</Timestamp><DateTime>Mon, 2013-06-24 21:26:32 EDT</DateTime><ThumbUp>0</ThumbUp><ThumbDown>0</ThumbDown><Sentiment/></Message><Message type="TopicMessage"><Id>1372130313683-98</Id><Title>see Amzn new 52 week low coming.</Title><Msg>Same with most of market. So much down side here.</Msg><Username>kopach</Username><Timestamp>1372130313683</Timestamp><DateTime>Mon, 2013-06-24 23:18:33 EDT</DateTime><ThumbUp>0</ThumbUp><ThumbDown>1</ThumbDown><Sentiment/></Message><Message type="TopicMessage"><Id>1372130703626-99</Id><Title>blackhawks should teach bama to play real hockey</Title><Msg>against federal u know who or he still has to ask permission to play ping pong american united bankster is like ayatollah in iran</Msg><Username>junkfood_pe</Username><Timestamp>1372130703626</Timestamp><DateTime>Mon, 2013-06-24 23:25:03 EDT</DateTime><ThumbUp>0</ThumbUp><ThumbDown>2</ThumbDown><Sentiment/></Message></Date>