<?xml version="1.0" encoding="UTF-8" standalone="no"?><Date date="2013-07-09"><Message type="ReplyMessage"><Id>1373349294695-1</Id><Topic><Title>How you can MAKE 50k this year JUST trading stocks!</Title><Username>stockmr</Username><Timestamp>1366859587258</Timestamp><DateTime>Wed, 2013-04-24 23:13:07 EDT</DateTime></Topic><Msg>YAFD</Msg><Username>j_benson34</Username><Timestamp>1373349294695</Timestamp><DateTime>Tue, 2013-07-09 01:54:54 EDT</DateTime><ThumbUp>0</ThumbUp><ThumbDown>0</ThumbDown><Sentiment/></Message><Message type="ReplyMessage"><Id>1373355735056-2</Id><Topic><Title>Nasdaq is in full rut and bluster, hooting like an owl</Title><Username>ex.goldbug</Username><Timestamp>1373335280272</Timestamp><DateTime>Mon, 2013-07-08 22:01:20 EDT</DateTime></Topic><Msg>If you plot the number of hoots from Nasdaq, it closely coincided with previous trading tops. Nasdaq hoots and skiidady pumps are very ominous for bulls. Huge potential risk, limited gains.</Msg><Username>ex.goldbug</Username><Timestamp>1373355735056</Timestamp><DateTime>Tue, 2013-07-09 03:42:15 EDT</DateTime><ThumbUp>0</ThumbUp><ThumbDown>0</ThumbDown><Sentiment/></Message><Message type="ReplyMessage"><Id>1373355801987-3</Id><Topic><Title>Nasdaq_6000 iz about to pull his pud out by the roots</Title><Username>sybil_rulez</Username><Timestamp>1373323567210</Timestamp><DateTime>Mon, 2013-07-08 18:46:07 EDT</DateTime></Topic><Msg>where is skiidady?</Msg><Username>ex.goldbug</Username><Timestamp>1373355801987</Timestamp><DateTime>Tue, 2013-07-09 03:43:21 EDT</DateTime><ThumbUp>0</ThumbUp><ThumbDown>0</ThumbDown><Sentiment/></Message><Message type="ReplyMessage"><Id>1373356020152-4</Id><Topic><Title>WOW!! ONE SINGLE SHARE OF AMZN NOW WORTH OVER $290 /SHR!! WOWEE!!!!!</Title><Username>nasdaq_6000_baby</Username><Timestamp>1373323162822</Timestamp><DateTime>Mon, 2013-07-08 18:39:22 EDT</DateTime></Topic><Msg>HOOT!! HOOT!! HOOT!!</Msg><Username>ex.goldbug</Username><Timestamp>1373356020152</Timestamp><DateTime>Tue, 2013-07-09 03:47:00 EDT</DateTime><ThumbUp>0</ThumbUp><ThumbDown>0</ThumbDown><Sentiment/></Message><Message type="ReplyMessage"><Id>1373356417440-5</Id><Topic><Title>AN OZ OF GOLD NOW COSTS ONLY 4.25 SHARES OF AMZN STOCK!! AMZN CRUSHING GOLD!!!</Title><Username>nasdaq_6000_baby</Username><Timestamp>1373325455986</Timestamp><DateTime>Mon, 2013-07-08 19:17:35 EDT</DateTime></Topic><Msg>HOOT!! HOOT!! HOOT!!</Msg><Username>ex.goldbug</Username><Timestamp>1373356417440</Timestamp><DateTime>Tue, 2013-07-09 03:53:37 EDT</DateTime><ThumbUp>0</ThumbUp><ThumbDown>0</ThumbDown><Sentiment/></Message><Message type="TopicMessage"><Id>1373356511092-6</Id><Title>Less than 2 weeks until "earnings"</Title><Msg>Better get out before the stampede friends.</Msg><Username>ex.goldbug</Username><Timestamp>1373356511092</Timestamp><DateTime>Tue, 2013-07-09 03:55:11 EDT</DateTime><ThumbUp>1</ThumbUp><ThumbDown>0</ThumbDown><Sentiment/></Message><Message type="ReplyMessage"><Id>1373356583562-7</Id><Topic><Title>Less than 2 weeks until "earnings"</Title><Username>ex.goldbug</Username><Timestamp>1373356511092</Timestamp><DateTime>Tue, 2013-07-09 03:55:11 EDT</DateTime></Topic><Msg>The term "earnings" is used loosely.</Msg><Username>ex.goldbug</Username><Timestamp>1373356583562</Timestamp><DateTime>Tue, 2013-07-09 03:56:23 EDT</DateTime><ThumbUp>2</ThumbUp><ThumbDown>0</ThumbDown><Sentiment/></Message><Message type="TopicMessage"><Id>1373360175887-8</Id><Title>Hey ex-goldbug: I guess it's repeated "hooyting"/ groundhog day when AMZN keeps making new higsh</Title><Msg>it's you shorties problem that you keep shorting into the biggest bull maket of our time now isnt' it? isn't it? another complete fool.</Msg><Username>nasdaq_6000_baby</Username><Timestamp>1373360175887</Timestamp><DateTime>Tue, 2013-07-09 04:56:15 EDT</DateTime><ThumbUp>0</ThumbUp><ThumbDown>0</ThumbDown><Sentiment/></Message><Message type="ReplyMessage"><Id>1373362408037-9</Id><Topic><Title>Always remember to buy at the low and sell at the high</Title><Username>coinmaker77</Username><Timestamp>1373310132409</Timestamp><DateTime>Mon, 2013-07-08 15:02:12 EDT</DateTime></Topic><Msg>Maybe. I have had some long calls on AMZN and some Short calls. Some have been right some have been wrong. This stock could easily go to 305 in 2 weeks. But after earnings. I have no clue.</Msg><Username>it_all_goood</Username><Timestamp>1373362408037</Timestamp><DateTime>Tue, 2013-07-09 05:33:28 EDT</DateTime><ThumbUp>0</ThumbUp><ThumbDown>0</ThumbDown><Sentiment>Buy</Sentiment></Message><Message type="TopicMessage"><Id>1373366822222-10</Id><Title>NEWS: TSLA BEING ADDED TO NASDAQ 100 index. Replacing Oracle</Title><Msg>$$$$</Msg><Username>greenegggs</Username><Timestamp>1373366822222</Timestamp><DateTime>Tue, 2013-07-09 06:47:02 EDT</DateTime><ThumbUp>0</ThumbUp><ThumbDown>0</ThumbDown><Sentiment/></Message><Message type="TopicMessage"><Id>1373371745131-11</Id><Title>Is the Kindle selling well? BKS Nook numbers were poor</Title><Msg>could be good or bad for AMZN Kindle numbers though the recent price cut was taken very bullishly.</Msg><Username>buy_bubblestocks</Username><Timestamp>1373371745131</Timestamp><DateTime>Tue, 2013-07-09 08:09:05 EDT</DateTime><ThumbUp>0</ThumbUp><ThumbDown>0</ThumbDown><Sentiment/></Message><Message type="TopicMessage"><Id>1373372750726-12</Id><Title>ANOTHER DAY, ANOTHER NEW ALLTIME HIGH: 291. 88 AND RISING: SIMPLY ROCKING AND A LEADER!!!</Title><Msg>AMZN ROCKS!! YEAH BABY YEAH!!!!!!!!!!!!!</Msg><Username>nasdaq_6000_baby</Username><Timestamp>1373372750726</Timestamp><DateTime>Tue, 2013-07-09 08:25:50 EDT</DateTime><ThumbUp>0</ThumbUp><ThumbDown>0</ThumbDown><Sentiment/></Message><Message type="TopicMessage"><Id>1373372894770-13</Id><Title>AND WE OPEN AGAIN WITH SHORTS PINNED TO THE WALL!</Title><Msg>They are deer in headlights with amzn on these type of runs: guessing where to short lol! But seeing amzn go higher and higher against existing ones like sybil strategy.</Msg><Username>nasdaq_6000_baby</Username><Timestamp>1373372894770</Timestamp><DateTime>Tue, 2013-07-09 08:28:14 EDT</DateTime><ThumbUp>0</ThumbUp><ThumbDown>0</ThumbDown><Sentiment/></Message><Message type="TopicMessage"><Id>1373373004647-14</Id><Title>7th Day in a row</Title><Msg>This will mark 7 straight up days for AMZN. Wow.</Msg><Username>stkguy</Username><Timestamp>1373373004647</Timestamp><DateTime>Tue, 2013-07-09 08:30:04 EDT</DateTime><ThumbUp>0</ThumbUp><ThumbDown>0</ThumbDown><Sentiment/></Message><Message type="ReplyMessage"><Id>1373373013819-15</Id><Topic><Title>AND WE OPEN AGAIN WITH SHORTS PINNED TO THE WALL!</Title><Username>nasdaq_6000_baby</Username><Timestamp>1373372894770</Timestamp><DateTime>Tue, 2013-07-09 08:28:14 EDT</DateTime></Topic><Msg>There's really not much for sybil to say as we go higher as hell' buy until it falls. do we know if it's real as if he's ben bernanke of shorts? with endless money? i presume he'll play as if he is and neveer address where he migth stop adding up losses. we just dont' know. Lol!</Msg><Username>nasdaq_6000_baby</Username><Timestamp>1373373013819</Timestamp><DateTime>Tue, 2013-07-09 08:30:13 EDT</DateTime><ThumbUp>0</ThumbUp><ThumbDown>0</ThumbDown><Sentiment/></Message><Message type="ReplyMessage"><Id>1373373332177-16</Id><Topic><Title>Less than 2 weeks until "earnings"</Title><Username>ex.goldbug</Username><Timestamp>1373356511092</Timestamp><DateTime>Tue, 2013-07-09 03:55:11 EDT</DateTime></Topic><Msg>I would be curious on your projection for 7/23 close. My guess is 283, down about 20.</Msg><Username>stkguy</Username><Timestamp>1373373332177</Timestamp><DateTime>Tue, 2013-07-09 08:35:32 EDT</DateTime><ThumbUp>0</ThumbUp><ThumbDown>0</ThumbDown><Sentiment/></Message><Message type="TopicMessage"><Id>1373373432062-17</Id><Title>lol! Maybe AAPL can buy BKS and allign BKS store with AAPL stores! lol!</Title><Msg>Two losers AMZN is crushing!!! YEAH BABY YEAH!</Msg><Username>nasdaq_6000_baby</Username><Timestamp>1373373432062</Timestamp><DateTime>Tue, 2013-07-09 08:37:12 EDT</DateTime><ThumbUp>0</ThumbUp><ThumbDown>0</ThumbDown><Sentiment/></Message><Message type="TopicMessage"><Id>1373374367410-18</Id><Title>AMZN Earnings</Title><Msg>Will AMZN's lack of earnings per share EVER matter?</Msg><Username>markzelezny</Username><Timestamp>1373374367410</Timestamp><DateTime>Tue, 2013-07-09 08:52:47 EDT</DateTime><ThumbUp>1</ThumbUp><ThumbDown>0</ThumbDown><Sentiment/></Message><Message type="ReplyMessage"><Id>1373374598104-19</Id><Topic><Title>7th Day in a row</Title><Username>stkguy</Username><Timestamp>1373373004647</Timestamp><DateTime>Tue, 2013-07-09 08:30:04 EDT</DateTime></Topic><Msg>AMZN has not been up more than 6 straight days in almost 2 years (Oct 2011, when it did 7 straight). It has been up 6 straight days 3 times since Oct 2011. Let's hope that trend continues and it reverses starting today.</Msg><Username>once_on</Username><Timestamp>1373374598104</Timestamp><DateTime>Tue, 2013-07-09 08:56:38 EDT</DateTime><ThumbUp>0</ThumbUp><ThumbDown>0</ThumbDown><Sentiment/></Message><Message type="ReplyMessage"><Id>1373374651735-20</Id><Topic><Title>AMZN Earnings</Title><Username>markzelezny</Username><Timestamp>1373374367410</Timestamp><DateTime>Tue, 2013-07-09 08:52:47 EDT</DateTime></Topic><Msg>It will only matter when they feel a true cash crunch, which is coming.</Msg><Username>once_on</Username><Timestamp>1373374651735</Timestamp><DateTime>Tue, 2013-07-09 08:57:31 EDT</DateTime><ThumbUp>0</ThumbUp><ThumbDown>0</ThumbDown><Sentiment/></Message><Message type="ReplyMessage"><Id>1373375269303-21</Id><Topic><Title>7th Day in a row</Title><Username>stkguy</Username><Timestamp>1373373004647</Timestamp><DateTime>Tue, 2013-07-09 08:30:04 EDT</DateTime></Topic><Msg>Once_on: "Let's hope that trend continues and it reverses starting today." Yeah, AMZN will dip $1.23 today. Then she'll resume creeping up tomorrow. Give up, once_on. You got conned. Don't you see that yet?</Msg><Username>geegenjar</Username><Timestamp>1373375269303</Timestamp><DateTime>Tue, 2013-07-09 09:07:49 EDT</DateTime><ThumbUp>0</ThumbUp><ThumbDown>0</ThumbDown><Sentiment/></Message><Message type="ReplyMessage"><Id>1373375357320-22</Id><Topic><Title>Is the Kindle selling well? BKS Nook numbers were poor</Title><Username>buy_bubblestocks</Username><Timestamp>1373371745131</Timestamp><DateTime>Tue, 2013-07-09 08:09:05 EDT</DateTime></Topic><Msg>Price cut is always bad for profit. Don't see the Nexus 7 following this trend as of today.</Msg><Username>nje457</Username><Timestamp>1373375357320</Timestamp><DateTime>Tue, 2013-07-09 09:09:17 EDT</DateTime><ThumbUp>0</ThumbUp><ThumbDown>0</ThumbDown><Sentiment/></Message><Message type="TopicMessage"><Id>1373375454567-23</Id><Title>look at isrg down 70</Title><Msg>LOL</Msg><Username>xdon69</Username><Timestamp>1373375454567</Timestamp><DateTime>Tue, 2013-07-09 09:10:54 EDT</DateTime><ThumbUp>0</ThumbUp><ThumbDown>0</ThumbDown><Sentiment/></Message><Message type="ReplyMessage"><Id>1373375558232-24</Id><Topic><Title>"Sybil, aren't you going to show us the trade tickets for these trades as usual?"</Title><Username>sybil_rulez</Username><Timestamp>1373327397107</Timestamp><DateTime>Mon, 2013-07-08 19:49:57 EDT</DateTime></Topic><Msg>Sybil is a zombie short. She just keeps shorting until her broker pulls the plug.</Msg><Username>geegenjar</Username><Timestamp>1373375558232</Timestamp><DateTime>Tue, 2013-07-09 09:12:38 EDT</DateTime><ThumbUp>0</ThumbUp><ThumbDown>0</ThumbDown><Sentiment/></Message><Message type="TopicMessage"><Id>1373376110400-25</Id><Title>lol!! Barnes &amp; Noble even green: maybe someone will buy that POS! lol!</Title><Msg>while AMZN disrupts everyone lol!</Msg><Username>nasdaq_6000_baby</Username><Timestamp>1373376110400</Timestamp><DateTime>Tue, 2013-07-09 09:21:50 EDT</DateTime><ThumbUp>0</ThumbUp><ThumbDown>0</ThumbDown><Sentiment/></Message><Message type="ReplyMessage"><Id>1373376340007-26</Id><Topic><Title>AND WE OPEN AGAIN WITH SHORTS PINNED TO THE WALL!</Title><Username>nasdaq_6000_baby</Username><Timestamp>1373372894770</Timestamp><DateTime>Tue, 2013-07-09 08:28:14 EDT</DateTime></Topic><Msg>Nasdaq, don't you know Sybil is a trading genius who makes money shorting stocks even as the stock keeps hitting new highs! I don't know how he does it, I'm not nearly that smart. Longs like us make money, shorts like Sybil make money. What a country!</Msg><Username>brucetheharmonicaguy</Username><Timestamp>1373376340007</Timestamp><DateTime>Tue, 2013-07-09 09:25:40 EDT</DateTime><ThumbUp>0</ThumbUp><ThumbDown>0</ThumbDown><Sentiment/></Message><Message type="ReplyMessage"><Id>1373378115809-27</Id><Topic><Title>Always remember to buy at the low and sell at the high</Title><Username>coinmaker77</Username><Timestamp>1373310132409</Timestamp><DateTime>Mon, 2013-07-08 15:02:12 EDT</DateTime></Topic><Msg>FILL the BIDS before there gone</Msg><Username>coinmaker77</Username><Timestamp>1373378115809</Timestamp><DateTime>Tue, 2013-07-09 09:55:15 EDT</DateTime><ThumbUp>0</ThumbUp><ThumbDown>7</ThumbDown><Sentiment/></Message><Message type="TopicMessage"><Id>1373378322944-28</Id><Title>LONGS- DON'T WORRY AMAZON UP BY END OF DAY</Title><Msg>Earnings date coming up even if amazon disappoints stock go up couple of days later. pattern for last two years. jeff has a check book like us government.</Msg><Username>smartybob569</Username><Timestamp>1373378322944</Timestamp><DateTime>Tue, 2013-07-09 09:58:42 EDT</DateTime><ThumbUp>0</ThumbUp><ThumbDown>0</ThumbDown><Sentiment/></Message><Message type="TopicMessage"><Id>1373378370122-29</Id><Title>buy 290 calls. options monster, Jon Narrian says $300+ by exp</Title><Msg>on this</Msg><Username>news_to_myears</Username><Timestamp>1373378370122</Timestamp><DateTime>Tue, 2013-07-09 09:59:30 EDT</DateTime><ThumbUp>0</ThumbUp><ThumbDown>0</ThumbDown><Sentiment/></Message><Message type="TopicMessage"><Id>1373378829321-30</Id><Title>286 will be tested . . . today.</Title><Msg>After that, I have no idea.</Msg><Username>geegenjar</Username><Timestamp>1373378829321</Timestamp><DateTime>Tue, 2013-07-09 10:07:09 EDT</DateTime><ThumbUp>0</ThumbUp><ThumbDown>0</ThumbDown><Sentiment/></Message><Message type="TopicMessage"><Id>1373379069688-31</Id><Title>There is the CNBC PUMP get ready for the Wall Street dump Fill the bids before there gone</Title><Msg>I love CNBC PUMP and DUMP, CNBC have the best CON men on TV</Msg><Username>coinmaker77</Username><Timestamp>1373379069688</Timestamp><DateTime>Tue, 2013-07-09 10:11:09 EDT</DateTime><ThumbUp>1</ThumbUp><ThumbDown>8</ThumbDown><Sentiment/></Message><Message type="ReplyMessage"><Id>1373379285922-32</Id><Topic><Title>There is the CNBC PUMP get ready for the Wall Street dump Fill the bids before there gone</Title><Username>coinmaker77</Username><Timestamp>1373379069688</Timestamp><DateTime>Tue, 2013-07-09 10:11:09 EDT</DateTime></Topic><Msg>Fill the bids anyone dumb enough to buy AMZN at this price should lose money</Msg><Username>coinmaker77</Username><Timestamp>1373379285922</Timestamp><DateTime>Tue, 2013-07-09 10:14:45 EDT</DateTime><ThumbUp>0</ThumbUp><ThumbDown>8</ThumbDown><Sentiment/></Message><Message type="ReplyMessage"><Id>1373379611137-33</Id><Topic><Title>There is the CNBC PUMP get ready for the Wall Street dump Fill the bids before there gone</Title><Username>coinmaker77</Username><Timestamp>1373379069688</Timestamp><DateTime>Tue, 2013-07-09 10:11:09 EDT</DateTime></Topic><Msg>You never think people are that dumb, but they prove you wrong every time Fill the bids</Msg><Username>coinmaker77</Username><Timestamp>1373379611137</Timestamp><DateTime>Tue, 2013-07-09 10:20:11 EDT</DateTime><ThumbUp>1</ThumbUp><ThumbDown>8</ThumbDown><Sentiment/></Message><Message type="TopicMessage"><Id>1373379614208-34</Id><Title>288.75 critical.</Title><Msg>Not really. It's obvious that "they" will drive this stock lower today.</Msg><Username>geegenjar</Username><Timestamp>1373379614208</Timestamp><DateTime>Tue, 2013-07-09 10:20:14 EDT</DateTime><ThumbUp>0</ThumbUp><ThumbDown>0</ThumbDown><Sentiment/></Message><Message type="ReplyMessage"><Id>1373379765781-35</Id><Topic><Title>look at isrg down 70</Title><Username>xdon69</Username><Timestamp>1373375454567</Timestamp><DateTime>Tue, 2013-07-09 09:10:54 EDT</DateTime></Topic><Msg>You should have shorted ISRG yesterday then, instead of shorting AMZN two weeks ago at 273. Hahahaha . . . . Xdon69 is a loser. Another "Hey, what happened? I thought AMZN was an easy short!" short.</Msg><Username>geegenjar</Username><Timestamp>1373379765781</Timestamp><DateTime>Tue, 2013-07-09 10:22:45 EDT</DateTime><ThumbUp>0</ThumbUp><ThumbDown>0</ThumbDown><Sentiment/></Message><Message type="ReplyMessage"><Id>1373379884990-36</Id><Topic><Title>look at isrg down 70</Title><Username>xdon69</Username><Timestamp>1373375454567</Timestamp><DateTime>Tue, 2013-07-09 09:10:54 EDT</DateTime></Topic><Msg>LOL still short amzn easy 260 will go down more</Msg><Username>xdon69</Username><Timestamp>1373379884990</Timestamp><DateTime>Tue, 2013-07-09 10:24:44 EDT</DateTime><ThumbUp>0</ThumbUp><ThumbDown>0</ThumbDown><Sentiment/></Message><Message type="TopicMessage"><Id>1373379889134-37</Id><Title>amznwill ezily blowout numbas11111111111</Title><Msg>vnvkxvnkxvnxvx</Msg><Username>davekomives</Username><Timestamp>1373379889134</Timestamp><DateTime>Tue, 2013-07-09 10:24:49 EDT</DateTime><ThumbUp>0</ThumbUp><ThumbDown>0</ThumbDown><Sentiment/></Message><Message type="ReplyMessage"><Id>1373379971320-38</Id><Topic><Title>There is the CNBC PUMP get ready for the Wall Street dump Fill the bids before there gone</Title><Username>coinmaker77</Username><Timestamp>1373379069688</Timestamp><DateTime>Tue, 2013-07-09 10:11:09 EDT</DateTime></Topic><Msg>your spot on sir</Msg><Username>xdon69</Username><Timestamp>1373379971320</Timestamp><DateTime>Tue, 2013-07-09 10:26:11 EDT</DateTime><ThumbUp>0</ThumbUp><ThumbDown>0</ThumbDown><Sentiment/></Message><Message type="ReplyMessage"><Id>1373380048118-39</Id><Topic><Title>buy 290 calls. options monster, Jon Narrian says $300+ by exp</Title><Username>news_to_myears</Username><Timestamp>1373378370122</Timestamp><DateTime>Tue, 2013-07-09 09:59:30 EDT</DateTime></Topic><Msg>Stop watching TV. Those talking heads are not any better than our resident clueless stock commentator Sybil in predicting what will happen even a few seconds in the future.</Msg><Username>geegenjar</Username><Timestamp>1373380048118</Timestamp><DateTime>Tue, 2013-07-09 10:27:28 EDT</DateTime><ThumbUp>0</ThumbUp><ThumbDown>0</ThumbDown><Sentiment/></Message><Message type="ReplyMessage"><Id>1373380082831-40</Id><Topic><Title>look at isrg down 70</Title><Username>xdon69</Username><Timestamp>1373375454567</Timestamp><DateTime>Tue, 2013-07-09 09:10:54 EDT</DateTime></Topic><Msg>bwhahahahaha!! Xdon is a bigtime loser!!!</Msg><Username>nasdaq_6000_baby</Username><Timestamp>1373380082831</Timestamp><DateTime>Tue, 2013-07-09 10:28:02 EDT</DateTime><ThumbUp>0</ThumbUp><ThumbDown>0</ThumbDown><Sentiment/></Message><Message type="ReplyMessage"><Id>1373380293931-41</Id><Topic><Title>buy 290 calls. options monster, Jon Narrian says $300+ by exp</Title><Username>news_to_myears</Username><Timestamp>1373378370122</Timestamp><DateTime>Tue, 2013-07-09 09:59:30 EDT</DateTime></Topic><Msg>Don't pick on Sybil...he's a psychopath. I'm ahead of Jon, I've already bought my 295 calls.</Msg><Username>chaolopez</Username><Timestamp>1373380293931</Timestamp><DateTime>Tue, 2013-07-09 10:31:33 EDT</DateTime><ThumbUp>0</ThumbUp><ThumbDown>0</ThumbDown><Sentiment/></Message><Message type="TopicMessage"><Id>1373380294920-42</Id><Title>look at irsg down 86 sorry for your losses geegee</Title><Msg>sorry for your losses geegee</Msg><Username>xdon69</Username><Timestamp>1373380294920</Timestamp><DateTime>Tue, 2013-07-09 10:31:34 EDT</DateTime><ThumbUp>0</ThumbUp><ThumbDown>0</ThumbDown><Sentiment/></Message><Message type="ReplyMessage"><Id>1373380494321-43</Id><Topic><Title>There is the CNBC PUMP get ready for the Wall Street dump Fill the bids before there gone</Title><Username>coinmaker77</Username><Timestamp>1373379069688</Timestamp><DateTime>Tue, 2013-07-09 10:11:09 EDT</DateTime></Topic><Msg>I love pump and dump</Msg><Username>coinmaker77</Username><Timestamp>1373380494321</Timestamp><DateTime>Tue, 2013-07-09 10:34:54 EDT</DateTime><ThumbUp>0</ThumbUp><ThumbDown>8</ThumbDown><Sentiment/></Message><Message type="TopicMessage"><Id>1373380551444-44</Id><Title>geegeeg was long isrg LOL</Title><Msg>what a loser</Msg><Username>xdon69</Username><Timestamp>1373380551444</Timestamp><DateTime>Tue, 2013-07-09 10:35:51 EDT</DateTime><ThumbUp>0</ThumbUp><ThumbDown>0</ThumbDown><Sentiment/></Message><Message type="ReplyMessage"><Id>1373380768620-45</Id><Topic><Title>Is the Kindle selling well? BKS Nook numbers were poor</Title><Username>buy_bubblestocks</Username><Timestamp>1373371745131</Timestamp><DateTime>Tue, 2013-07-09 08:09:05 EDT</DateTime></Topic><Msg>Kindle sales definitely is in trouble. Nook HD/HD+ have been on fire sale in the last several weeks. That will affect Kindle sales quite a lot. Google N7 price also has gone down in small steps consistently in the last 3 months.</Msg><Username>ling.chen</Username><Timestamp>1373380768620</Timestamp><DateTime>Tue, 2013-07-09 10:39:28 EDT</DateTime><ThumbUp>0</ThumbUp><ThumbDown>0</ThumbDown><Sentiment/></Message><Message type="TopicMessage"><Id>1373381124128-46</Id><Title>Shorts...Give It Up...Closing @298. eom.</Title><Msg>eom...</Msg><Username>chaolopez</Username><Timestamp>1373381124128</Timestamp><DateTime>Tue, 2013-07-09 10:45:24 EDT</DateTime><ThumbUp>0</ThumbUp><ThumbDown>0</ThumbDown><Sentiment/></Message><Message type="TopicMessage"><Id>1373381401365-47</Id><Title>Bots are playing a nasty game of high speed hot potato within the pig stox and the bitcoin markets</Title><Msg>Pumperz and 401k baggiez that are truely drinking koolaid (as apposed to those brokedieok onez that just post to yahoo all day) are running high risk of getting caught in the crossfire of a long term market thats been propped up on bernanke bitcoin, and iz in a topping process before crashing to levelz LOWER than the '09 666 devilz bottom. Theze markets are gonna head into the depths of h3ll with lightning speed when they break. Market circuit breakerz and the works of panick selling abound. Blood and gurs of baggiez ripped to sheedz by robots.... Its comming. Oh.... Sybil scored 200 share shorts of pig flix north of 240. :)</Msg><Username>sybil_rulez</Username><Timestamp>1373381401365</Timestamp><DateTime>Tue, 2013-07-09 10:50:01 EDT</DateTime><ThumbUp>0</ThumbUp><ThumbDown>1</ThumbDown><Sentiment/></Message><Message type="ReplyMessage"><Id>1373382105228-48</Id><Topic><Title>286 will be tested . . . today.</Title><Username>geegenjar</Username><Timestamp>1373378829321</Timestamp><DateTime>Tue, 2013-07-09 10:07:09 EDT</DateTime></Topic><Msg>300 will be tested...today, after that, to the moon.</Msg><Username>chaolopez</Username><Timestamp>1373382105228</Timestamp><DateTime>Tue, 2013-07-09 11:01:45 EDT</DateTime><ThumbUp>0</ThumbUp><ThumbDown>0</ThumbDown><Sentiment/></Message><Message type="ReplyMessage"><Id>1373382138083-49</Id><Topic><Title>buy 290 calls. options monster, Jon Narrian says $300+ by exp</Title><Username>news_to_myears</Username><Timestamp>1373378370122</Timestamp><DateTime>Tue, 2013-07-09 09:59:30 EDT</DateTime></Topic><Msg>"Don't pick on Sybil...he's a psychopath. " Sybs iz not a psycho. Sybil iz the Master of the Trade who tradez at the behest of the powerfull trading gods. "I'm ahead of Jon, I've already bought my 295 calls." Precious! What did you pay for each contract? When do they expire? What iz the strike price? (295) How many call contracts?</Msg><Username>sybil_rulez</Username><Timestamp>1373382138083</Timestamp><DateTime>Tue, 2013-07-09 11:02:18 EDT</DateTime><ThumbUp>0</ThumbUp><ThumbDown>1</ThumbDown><Sentiment/></Message><Message type="ReplyMessage"><Id>1373383349486-50</Id><Topic><Title>There is the CNBC PUMP get ready for the Wall Street dump Fill the bids before there gone</Title><Username>coinmaker77</Username><Timestamp>1373379069688</Timestamp><DateTime>Tue, 2013-07-09 10:11:09 EDT</DateTime></Topic><Msg>I love CNBC PUMP and DUMP</Msg><Username>coinmaker77</Username><Timestamp>1373383349486</Timestamp><DateTime>Tue, 2013-07-09 11:22:29 EDT</DateTime><ThumbUp>0</ThumbUp><ThumbDown>8</ThumbDown><Sentiment/></Message><Message type="TopicMessage"><Id>1373384297972-51</Id><Title>Volume Off the Charts for a Tuesday...My Educated Guess for the Close...297. Yours?</Title><Msg>eom.</Msg><Username>chaolopez</Username><Timestamp>1373384297972</Timestamp><DateTime>Tue, 2013-07-09 11:38:17 EDT</DateTime><ThumbUp>0</ThumbUp><ThumbDown>0</ThumbDown><Sentiment/></Message><Message type="ReplyMessage"><Id>1373384501634-52</Id><Topic><Title>Volume Off the Charts for a Tuesday...My Educated Guess for the Close...297. Yours?</Title><Username>chaolopez</Username><Timestamp>1373384297972</Timestamp><DateTime>Tue, 2013-07-09 11:38:17 EDT</DateTime></Topic><Msg>292</Msg><Username>stkguy</Username><Timestamp>1373384501634</Timestamp><DateTime>Tue, 2013-07-09 11:41:41 EDT</DateTime><ThumbUp>0</ThumbUp><ThumbDown>0</ThumbDown><Sentiment/></Message><Message type="ReplyMessage"><Id>1373385188081-53</Id><Topic><Title>Bots are playing a nasty game of high speed hot potato within the pig stox and the bitcoin markets</Title><Username>sybil_rulez</Username><Timestamp>1373381401365</Timestamp><DateTime>Tue, 2013-07-09 10:50:01 EDT</DateTime></Topic><Msg>yeah, the bots can't get rid of it gast enough since the 246 lows in early May. What an idiot. lol!</Msg><Username>nasdaq_6000_baby</Username><Timestamp>1373385188081</Timestamp><DateTime>Tue, 2013-07-09 11:53:08 EDT</DateTime><ThumbUp>0</ThumbUp><ThumbDown>0</ThumbDown><Sentiment/></Message><Message type="TopicMessage"><Id>1373385301580-54</Id><Title>BWHAHAHAHA!! shorts you picked the wrong stock to short: you could have been a contender ini ISRG</Title><Msg>wow, down almost 90 today there. Rock on AMZN!!</Msg><Username>nasdaq_6000_baby</Username><Timestamp>1373385301580</Timestamp><DateTime>Tue, 2013-07-09 11:55:01 EDT</DateTime><ThumbUp>0</ThumbUp><ThumbDown>0</ThumbDown><Sentiment/></Message><Message type="ReplyMessage"><Id>1373385360227-55</Id><Topic><Title>BWHAHAHAHA!! shorts you picked the wrong stock to short: you could have been a contender ini ISRG</Title><Username>nasdaq_6000_baby</Username><Timestamp>1373385301580</Timestamp><DateTime>Tue, 2013-07-09 11:55:01 EDT</DateTime></Topic><Msg>are u re-traded or just a snapperhead like geegee</Msg><Username>xdon69</Username><Timestamp>1373385360227</Timestamp><DateTime>Tue, 2013-07-09 11:56:00 EDT</DateTime><ThumbUp>1</ThumbUp><ThumbDown>0</ThumbDown><Sentiment/></Message><Message type="TopicMessage"><Id>1373385680022-56</Id><Title>la la land money or real money</Title><Msg>Is this stock trading at real value with a future PE ratio of 85 to 1 why is ebay trading at a current 16 to 1PE ratio?</Msg><Username>rjdubo</Username><Timestamp>1373385680022</Timestamp><DateTime>Tue, 2013-07-09 12:01:20 EDT</DateTime><ThumbUp>0</ThumbUp><ThumbDown>0</ThumbDown><Sentiment/></Message><Message type="ReplyMessage"><Id>1373385704573-57</Id><Topic><Title>BWHAHAHAHA!! shorts you picked the wrong stock to short: you could have been a contender ini ISRG</Title><Username>nasdaq_6000_baby</Username><Timestamp>1373385301580</Timestamp><DateTime>Tue, 2013-07-09 11:55:01 EDT</DateTime></Topic><Msg>look at ISRG!! you shorts wish it was AMZN!! you wish!!h ha ha ha!! not happening!!!</Msg><Username>nasdaq_6000_baby</Username><Timestamp>1373385704573</Timestamp><DateTime>Tue, 2013-07-09 12:01:44 EDT</DateTime><ThumbUp>0</ThumbUp><ThumbDown>0</ThumbDown><Sentiment/></Message><Message type="TopicMessage"><Id>1373385947673-58</Id><Title>Could this stock be a ponzi?</Title><Msg>Why no earnings and a very high value?</Msg><Username>rjdubo</Username><Timestamp>1373385947673</Timestamp><DateTime>Tue, 2013-07-09 12:05:47 EDT</DateTime><ThumbUp>0</ThumbUp><ThumbDown>0</ThumbDown><Sentiment/></Message><Message type="TopicMessage"><Id>1373386105443-59</Id><Title>NFLX shorts taking anouther 9 point pouding today over 240 there</Title><Msg>idiots shorting the strongest stocks in the market usually lose. New highs in the Russell Index today. New lows in the recent VIX run lower. All is bullish right now.</Msg><Username>nasdaq_6000_baby</Username><Timestamp>1373386105443</Timestamp><DateTime>Tue, 2013-07-09 12:08:25 EDT</DateTime><ThumbUp>0</ThumbUp><ThumbDown>0</ThumbDown><Sentiment/></Message><Message type="TopicMessage"><Id>1373386218609-60</Id><Title>Congrats shorts AMZN isn't green just yet and down 29 cents lol!</Title><Msg>of course it's at alltime highs here, and up almost 50 points since 245 lows in May. Quite a run were having and still going up.</Msg><Username>nasdaq_6000_baby</Username><Timestamp>1373386218609</Timestamp><DateTime>Tue, 2013-07-09 12:10:18 EDT</DateTime><ThumbUp>0</ThumbUp><ThumbDown>0</ThumbDown><Sentiment/></Message><Message type="TopicMessage"><Id>1373387197516-61</Id><Title>congrats to today's 288-9 dipbuyers: you caught the run</Title><Msg>doesn't stay red for long this stock.</Msg><Username>nasdaq_6000_baby</Username><Timestamp>1373387197516</Timestamp><DateTime>Tue, 2013-07-09 12:26:37 EDT</DateTime><ThumbUp>0</ThumbUp><ThumbDown>0</ThumbDown><Sentiment/></Message><Message type="ReplyMessage"><Id>1373387250242-62</Id><Topic><Title>Could this stock be a ponzi?</Title><Username>rjdubo</Username><Timestamp>1373385947673</Timestamp><DateTime>Tue, 2013-07-09 12:05:47 EDT</DateTime></Topic><Msg>It's a real-estate play.</Msg><Username>geegenjar</Username><Timestamp>1373387250242</Timestamp><DateTime>Tue, 2013-07-09 12:27:30 EDT</DateTime><ThumbUp>0</ThumbUp><ThumbDown>0</ThumbDown><Sentiment/></Message><Message type="ReplyMessage"><Id>1373387387997-63</Id><Topic><Title>Could this stock be a ponzi?</Title><Username>rjdubo</Username><Timestamp>1373385947673</Timestamp><DateTime>Tue, 2013-07-09 12:05:47 EDT</DateTime></Topic><Msg>it's not, but if it was, what side do want to be on? the house? or the other? lol!</Msg><Username>nasdaq_6000_baby</Username><Timestamp>1373387387997</Timestamp><DateTime>Tue, 2013-07-09 12:29:47 EDT</DateTime><ThumbUp>0</ThumbUp><ThumbDown>0</ThumbDown><Sentiment/></Message><Message type="TopicMessage"><Id>1373388105171-64</Id><Title>kindle taking share -no wonder appl down everyday</Title><Msg>cssdcsdcsdcs</Msg><Username>davekomives</Username><Timestamp>1373388105171</Timestamp><DateTime>Tue, 2013-07-09 12:41:45 EDT</DateTime><ThumbUp>0</ThumbUp><ThumbDown>0</ThumbDown><Sentiment/></Message><Message type="TopicMessage"><Id>1373388209597-65</Id><Title>GILMAIN LAROCHE INCREASES TARGET ON AMZN INC TO $333</Title><Msg>JUST OUT</Msg><Username>davekomives</Username><Timestamp>1373388209597</Timestamp><DateTime>Tue, 2013-07-09 12:43:29 EDT</DateTime><ThumbUp>0</ThumbUp><ThumbDown>0</ThumbDown><Sentiment/></Message><Message type="TopicMessage"><Id>1373388492290-66</Id><Title>wow, NFLX really pounding the shorts in a 1 /2 punch fromy yesterday:</Title><Msg>up 9 yesterday and another 13 today: starts to add up on those who just short based on Eliot Wave lol!</Msg><Username>nasdaq_6000_baby</Username><Timestamp>1373388492290</Timestamp><DateTime>Tue, 2013-07-09 12:48:12 EDT</DateTime><ThumbUp>0</ThumbUp><ThumbDown>0</ThumbDown><Sentiment/></Message><Message type="ReplyMessage"><Id>1373388618360-67</Id><Topic><Title>wow, NFLX really pounding the shorts in a 1 /2 punch fromy yesterday:</Title><Username>nasdaq_6000_baby</Username><Timestamp>1373388492290</Timestamp><DateTime>Tue, 2013-07-09 12:48:12 EDT</DateTime></Topic><Msg>probably taken as good news for Sybil as big up days are huge shorting opps when you have unlimited money with no stops on your shorts: that's basically the system brought forth by Sybil the clown. lol!</Msg><Username>nasdaq_6000_baby</Username><Timestamp>1373388618360</Timestamp><DateTime>Tue, 2013-07-09 12:50:18 EDT</DateTime><ThumbUp>0</ThumbUp><ThumbDown>0</ThumbDown><Sentiment/></Message><Message type="TopicMessage"><Id>1373388625629-68</Id><Title>Get ready for the drop, Wall Street is</Title><Msg>Get ready for the drop, Wall Street is</Msg><Username>coinmaker77</Username><Timestamp>1373388625629</Timestamp><DateTime>Tue, 2013-07-09 12:50:25 EDT</DateTime><ThumbUp>0</ThumbUp><ThumbDown>9</ThumbDown><Sentiment/></Message><Message type="TopicMessage"><Id>1373388769790-69</Id><Title>Thanks for buy my shares</Title><Msg>Thanks for buy my shares</Msg><Username>coinmaker77</Username><Timestamp>1373388769790</Timestamp><DateTime>Tue, 2013-07-09 12:52:49 EDT</DateTime><ThumbUp>0</ThumbUp><ThumbDown>11</ThumbDown><Sentiment/></Message><Message type="TopicMessage"><Id>1373388792618-70</Id><Title>PCLN green again now 892 : another Sybil short favorite</Title><Msg>this guy was leveraged big based on his tickets put up into these huge up moves the past week or so. Reckless trading who doesn't respond when asked about stops on unlimited losses.</Msg><Username>nasdaq_6000_baby</Username><Timestamp>1373388792618</Timestamp><DateTime>Tue, 2013-07-09 12:53:12 EDT</DateTime><ThumbUp>0</ThumbUp><ThumbDown>0</ThumbDown><Sentiment/></Message><Message type="ReplyMessage"><Id>1373388846034-71</Id><Topic><Title>Thanks for buy my shares</Title><Username>coinmaker77</Username><Timestamp>1373388769790</Timestamp><DateTime>Tue, 2013-07-09 12:52:49 EDT</DateTime></Topic><Msg>I did think people were that DUMB, but they prove me wrong everyday</Msg><Username>coinmaker77</Username><Timestamp>1373388846034</Timestamp><DateTime>Tue, 2013-07-09 12:54:06 EDT</DateTime><ThumbUp>0</ThumbUp><ThumbDown>11</ThumbDown><Sentiment/></Message><Message type="ReplyMessage"><Id>1373388911905-72</Id><Topic><Title>Thanks for buy my shares</Title><Username>coinmaker77</Username><Timestamp>1373388769790</Timestamp><DateTime>Tue, 2013-07-09 12:52:49 EDT</DateTime></Topic><Msg>Who ever is Buying AMZN over $291 should lose money</Msg><Username>coinmaker77</Username><Timestamp>1373388911905</Timestamp><DateTime>Tue, 2013-07-09 12:55:11 EDT</DateTime><ThumbUp>0</ThumbUp><ThumbDown>11</ThumbDown><Sentiment/></Message><Message type="TopicMessage"><Id>1373389002231-73</Id><Title>Sybil shorts glance last 2 day:s NFLX up 21, AMZN up 6, PCLN up 39</Title><Msg>only gee-gee knows what his "said" short balances were in those last two days.</Msg><Username>nasdaq_6000_baby</Username><Timestamp>1373389002231</Timestamp><DateTime>Tue, 2013-07-09 12:56:42 EDT</DateTime><ThumbUp>0</ThumbUp><ThumbDown>0</ThumbDown><Sentiment/></Message><Message type="TopicMessage"><Id>1373389035822-74</Id><Title>Action: Sell Short</Title><Msg>Status: FILLED at $245.74 Symbol: NFLX Description: NETFLIX INC Action: Sell Short Quantity: 200 Filled Quantity: 200</Msg><Username>sybil_rulez</Username><Timestamp>1373389035822</Timestamp><DateTime>Tue, 2013-07-09 12:57:15 EDT</DateTime><ThumbUp>0</ThumbUp><ThumbDown>1</ThumbDown><Sentiment/></Message><Message type="TopicMessage"><Id>1373389098285-75</Id><Title>looks like the ponzi getting bigger</Title><Msg>what happens when you lie,cheat and steal? :-) you get 3 meals a day and free rent</Msg><Username>rjdubo</Username><Timestamp>1373389098285</Timestamp><DateTime>Tue, 2013-07-09 12:58:18 EDT</DateTime><ThumbUp>1</ThumbUp><ThumbDown>0</ThumbDown><Sentiment/></Message><Message type="TopicMessage"><Id>1373389134455-76</Id><Title>Here I will put some more shares out there for you to buy</Title><Msg>Here I will put some more shares out there for you to buy</Msg><Username>coinmaker77</Username><Timestamp>1373389134455</Timestamp><DateTime>Tue, 2013-07-09 12:58:54 EDT</DateTime><ThumbUp>0</ThumbUp><ThumbDown>11</ThumbDown><Sentiment/></Message><Message type="TopicMessage"><Id>1373389141414-77</Id><Title>CREDIT SUISSE SAYS $325- -CALLS BEZOS THE NEXT STEVE JOBS</Title><Msg>VKDFVIDOFDF</Msg><Username>davekomives</Username><Timestamp>1373389141414</Timestamp><DateTime>Tue, 2013-07-09 12:59:01 EDT</DateTime><ThumbUp>0</ThumbUp><ThumbDown>0</ThumbDown><Sentiment/></Message><Message type="ReplyMessage"><Id>1373389161876-78</Id><Topic><Title>Sybil shorts glance last 2 day:s NFLX up 21, AMZN up 6, PCLN up 39</Title><Username>nasdaq_6000_baby</Username><Timestamp>1373389002231</Timestamp><DateTime>Tue, 2013-07-09 12:56:42 EDT</DateTime></Topic><Msg>Sybil iz short ooodlez of pumped up scam stox with MUUUCHO gun powder to spare.</Msg><Username>sybil_rulez</Username><Timestamp>1373389161876</Timestamp><DateTime>Tue, 2013-07-09 12:59:21 EDT</DateTime><ThumbUp>0</ThumbUp><ThumbDown>1</ThumbDown><Sentiment/></Message><Message type="ReplyMessage"><Id>1373389171399-79</Id><Topic><Title>Action: Sell Short</Title><Username>sybil_rulez</Username><Timestamp>1373389035822</Timestamp><DateTime>Tue, 2013-07-09 12:57:15 EDT</DateTime></Topic><Msg>how many NFLX did you have going into yesterday? a lot.</Msg><Username>nasdaq_6000_baby</Username><Timestamp>1373389171399</Timestamp><DateTime>Tue, 2013-07-09 12:59:31 EDT</DateTime><ThumbUp>0</ThumbUp><ThumbDown>0</ThumbDown><Sentiment/></Message><Message type="TopicMessage"><Id>1373389233192-80</Id><Title>AAPL-DESCENDING---AMZN ASCENDIN G</Title><Msg>HHFDSFFFDF</Msg><Username>davekomives</Username><Timestamp>1373389233192</Timestamp><DateTime>Tue, 2013-07-09 13:00:33 EDT</DateTime><ThumbUp>0</ThumbUp><ThumbDown>0</ThumbDown><Sentiment/></Message><Message type="TopicMessage"><Id>1373389308257-81</Id><Title>The markets are pulling a jimmy hendrix az they "kiss the sky"</Title><Msg>And they are set to flame out just az badly az that poor burnout did.</Msg><Username>sybil_rulez</Username><Timestamp>1373389308257</Timestamp><DateTime>Tue, 2013-07-09 13:01:48 EDT</DateTime><ThumbUp>0</ThumbUp><ThumbDown>1</ThumbDown><Sentiment/></Message><Message type="ReplyMessage"><Id>1373389547621-82</Id><Topic><Title>Sybil shorts glance last 2 day:s NFLX up 21, AMZN up 6, PCLN up 39</Title><Username>nasdaq_6000_baby</Username><Timestamp>1373389002231</Timestamp><DateTime>Tue, 2013-07-09 12:56:42 EDT</DateTime></Topic><Msg>doesn't answer the question: how many shares are you short in NFLX,to your zillion short PLCN? and AMZN? your are so full of it? as that is a ridiculous naked short strategy and you know it. You fraud.</Msg><Username>nasdaq_6000_baby</Username><Timestamp>1373389547621</Timestamp><DateTime>Tue, 2013-07-09 13:05:47 EDT</DateTime><ThumbUp>0</ThumbUp><ThumbDown>0</ThumbDown><Sentiment/></Message><Message type="ReplyMessage"><Id>1373389608551-83</Id><Topic><Title>Action: Sell Short</Title><Username>sybil_rulez</Username><Timestamp>1373389035822</Timestamp><DateTime>Tue, 2013-07-09 12:57:15 EDT</DateTime></Topic><Msg>Sybil had 2800 sharez of pig flix going into yesterday, 3100 at the end of yesterday, 3500 now, and will close today between 3500 and 4000 sharez of nflx held short. Why do you ask?</Msg><Username>sybil_rulez</Username><Timestamp>1373389608551</Timestamp><DateTime>Tue, 2013-07-09 13:06:48 EDT</DateTime><ThumbUp>0</ThumbUp><ThumbDown>1</ThumbDown><Sentiment/></Message><Message type="ReplyMessage"><Id>1373389685665-84</Id><Topic><Title>The markets are pulling a jimmy hendrix az they "kiss the sky"</Title><Username>sybil_rulez</Username><Timestamp>1373389308257</Timestamp><DateTime>Tue, 2013-07-09 13:01:48 EDT</DateTime></Topic><Msg>and you were short huge balances according to past tickets I've seen and under water huge . And if not true, documentary fraud with those false tickets.</Msg><Username>nasdaq_6000_baby</Username><Timestamp>1373389685665</Timestamp><DateTime>Tue, 2013-07-09 13:08:05 EDT</DateTime><ThumbUp>0</ThumbUp><ThumbDown>0</ThumbDown><Sentiment/></Message><Message type="TopicMessage"><Id>1373389736402-85</Id><Title>madoff calls stock at 145 same value as ebay</Title><Msg>same market cap</Msg><Username>rjdubo</Username><Timestamp>1373389736402</Timestamp><DateTime>Tue, 2013-07-09 13:08:56 EDT</DateTime><ThumbUp>0</ThumbUp><ThumbDown>0</ThumbDown><Sentiment/></Message><Message type="TopicMessage"><Id>1373389935690-86</Id><Title>Sybil if you can prove you are a real trader trading real money with those tickets, I'll stop postinhg here</Title><Msg>you can't prove you are not a complete fraud, as you don't address yoru flawed system and carrying huge losses on "said" trades with documentation.</Msg><Username>nasdaq_6000_baby</Username><Timestamp>1373389935690</Timestamp><DateTime>Tue, 2013-07-09 13:12:15 EDT</DateTime><ThumbUp>0</ThumbUp><ThumbDown>0</ThumbDown><Sentiment/></Message><Message type="ReplyMessage"><Id>1373389946288-87</Id><Topic><Title>The markets are pulling a jimmy hendrix az they "kiss the sky"</Title><Username>sybil_rulez</Username><Timestamp>1373389308257</Timestamp><DateTime>Tue, 2013-07-09 13:01:48 EDT</DateTime></Topic><Msg>Az sybil haz said many timez in the past ..... Sybs lossez are $0.00 because sybil doesnt realize lossez , only gainz. Why iz that? Because thats the object of making money in the markets, dummy.</Msg><Username>sybil_rulez</Username><Timestamp>1373389946288</Timestamp><DateTime>Tue, 2013-07-09 13:12:26 EDT</DateTime><ThumbUp>0</ThumbUp><ThumbDown>1</ThumbDown><Sentiment/></Message><Message type="ReplyMessage"><Id>1373390157125-88</Id><Topic><Title>The markets are pulling a jimmy hendrix az they "kiss the sky"</Title><Username>sybil_rulez</Username><Timestamp>1373389308257</Timestamp><DateTime>Tue, 2013-07-09 13:01:48 EDT</DateTime></Topic><Msg>so what's your overall postion and max you'll leverage to it?</Msg><Username>nasdaq_6000_baby</Username><Timestamp>1373390157125</Timestamp><DateTime>Tue, 2013-07-09 13:15:57 EDT</DateTime><ThumbUp>0</ThumbUp><ThumbDown>0</ThumbDown><Sentiment/></Message><Message type="TopicMessage"><Id>1373390185001-89</Id><Title>Today, Sybil iz sifting through the guts of dead nflx shorts that have been torn to shredz by robots</Title><Msg>Sybil iz looking for sharez that dead shorts bought to cover az their last move before they expired to scoop them up, clean off the blood, and reopen az shorts in sybby's Master Margin Trade acct.</Msg><Username>sybil_rulez</Username><Timestamp>1373390185001</Timestamp><DateTime>Tue, 2013-07-09 13:16:25 EDT</DateTime><ThumbUp>0</ThumbUp><ThumbDown>1</ThumbDown><Sentiment/></Message><Message type="TopicMessage"><Id>1373390251873-90</Id><Title>HEATH TERRY OF GOLDMAN SACHS UPGRADES AMZN@@@--$325</Title><Msg>ZCSDJSKSDCJSDCS</Msg><Username>davekomives</Username><Timestamp>1373390251873</Timestamp><DateTime>Tue, 2013-07-09 13:17:31 EDT</DateTime><ThumbUp>0</ThumbUp><ThumbDown>0</ThumbDown><Sentiment/></Message><Message type="TopicMessage"><Id>1373390318575-91</Id><Title>And what do you base placings short postions on? stocks making daily 52 week highs?</Title><Msg>what's the logic of your shorts other than you short unlmitied, every day, even into 50 point up moves, with out at thought of stops on anything? aND YOU'VE BEEN CARRYING AMZN SHORTS FOR OVER A YEAR NOW. YOU DON'T GET OUT OF ALL AT THE HIGHER HIGH BOTTOMS SET. SO YOU ARE TRADING AGAINST THE TREND. AND TRY TO BS THAT YOU ARE WINNING. NONSENSE.</Msg><Username>nasdaq_6000_baby</Username><Timestamp>1373390318575</Timestamp><DateTime>Tue, 2013-07-09 13:18:38 EDT</DateTime><ThumbUp>0</ThumbUp><ThumbDown>0</ThumbDown><Sentiment/></Message><Message type="TopicMessage"><Id>1373390432849-92</Id><Title>Thanks for buying my shares, I will put some more out there for you</Title><Msg>I really didn't think there was people enough to pay that much for AMZN, but they proved me wrong again</Msg><Username>coinmaker77</Username><Timestamp>1373390432849</Timestamp><DateTime>Tue, 2013-07-09 13:20:32 EDT</DateTime><ThumbUp>0</ThumbUp><ThumbDown>11</ThumbDown><Sentiment/></Message><Message type="ReplyMessage"><Id>1373390516516-93</Id><Topic><Title>HEATH TERRY OF GOLDMAN SACHS UPGRADES AMZN@@@--$325</Title><Username>davekomives</Username><Timestamp>1373390251873</Timestamp><DateTime>Tue, 2013-07-09 13:17:31 EDT</DateTime></Topic><Msg>no they are at 260</Msg><Username>rjdubo</Username><Timestamp>1373390516516</Timestamp><DateTime>Tue, 2013-07-09 13:21:56 EDT</DateTime><ThumbUp>0</ThumbUp><ThumbDown>0</ThumbDown><Sentiment/></Message><Message type="TopicMessage"><Id>1373390541219-94</Id><Title>SELLING MY 400 AMZN SHARES AT $302.50 WHICH WILL BE HIT BY FRIDAY 330PM EST (GTC ORDER)</Title><Msg>XXXC XCX</Msg><Username>davekomives</Username><Timestamp>1373390541219</Timestamp><DateTime>Tue, 2013-07-09 13:22:21 EDT</DateTime><ThumbUp>0</ThumbUp><ThumbDown>0</ThumbDown><Sentiment/></Message><Message type="ReplyMessage"><Id>1373390548645-95</Id><Topic><Title>looks like the ponzi getting bigger</Title><Username>rjdubo</Username><Timestamp>1373389098285</Timestamp><DateTime>Tue, 2013-07-09 12:58:18 EDT</DateTime></Topic><Msg>Bottom line, do you think in 2020 and 2030 that Amazon is where you'll go to buy stuff online? I think so and even more people will be using the internet. If you think that, this is the place to be on the long side. I think that.</Msg><Username>coz_man_2000</Username><Timestamp>1373390548645</Timestamp><DateTime>Tue, 2013-07-09 13:22:28 EDT</DateTime><ThumbUp>0</ThumbUp><ThumbDown>1</ThumbDown><Sentiment/></Message><Message type="ReplyMessage"><Id>1373390564593-96</Id><Topic><Title>Sybil if you can prove you are a real trader trading real money with those tickets, I'll stop postinhg here</Title><Username>nasdaq_6000_baby</Username><Timestamp>1373389935690</Timestamp><DateTime>Tue, 2013-07-09 13:12:15 EDT</DateTime></Topic><Msg>I'm confident ths clow can't prove that his unlimited short tickets are real so I'll keep posting lol!</Msg><Username>nasdaq_6000_baby</Username><Timestamp>1373390564593</Timestamp><DateTime>Tue, 2013-07-09 13:22:44 EDT</DateTime><ThumbUp>0</ThumbUp><ThumbDown>0</ThumbDown><Sentiment/></Message><Message type="TopicMessage"><Id>1373390602239-97</Id><Title>AMZN is just like tha airline that crashed, AMZN hitting stall speed and about to crash and burn</Title><Msg>Thanks again , Here is some more shares for you to buy</Msg><Username>coinmaker77</Username><Timestamp>1373390602239</Timestamp><DateTime>Tue, 2013-07-09 13:23:22 EDT</DateTime><ThumbUp>0</ThumbUp><ThumbDown>10</ThumbDown><Sentiment/></Message><Message type="TopicMessage"><Id>1373390851853-98</Id><Title>NEW 52 WEEK ALL TIME HIGHS RARELY GO DOWN FOR AT LEAST 2 WEEKS--THINK ABOUT IT</Title><Msg>DDGDGDGDFGDF</Msg><Username>davekomives</Username><Timestamp>1373390851853</Timestamp><DateTime>Tue, 2013-07-09 13:27:31 EDT</DateTime><ThumbUp>0</ThumbUp><ThumbDown>0</ThumbDown><Sentiment/></Message><Message type="ReplyMessage"><Id>1373390896069-99</Id><Topic><Title>looks like the ponzi getting bigger</Title><Username>rjdubo</Username><Timestamp>1373389098285</Timestamp><DateTime>Tue, 2013-07-09 12:58:18 EDT</DateTime></Topic><Msg>You just don't want to be the last one out, They get stuck holding the bag for a long time to get back to even</Msg><Username>coinmaker77</Username><Timestamp>1373390896069</Timestamp><DateTime>Tue, 2013-07-09 13:28:16 EDT</DateTime><ThumbUp>1</ThumbUp><ThumbDown>10</ThumbDown><Sentiment/></Message><Message type="TopicMessage"><Id>1373390925299-100</Id><Title>PROTECTION--SP25 AMZN 285 WEEKLYS AT 1.4</Title><Msg>XCXCSDFSDF</Msg><Username>davekomives</Username><Timestamp>1373390925299</Timestamp><DateTime>Tue, 2013-07-09 13:28:45 EDT</DateTime><ThumbUp>0</ThumbUp><ThumbDown>0</ThumbDown><Sentiment/></Message><Message type="TopicMessage"><Id>1373391033710-101</Id><Title>AMZN hitting still speed , Here some more shares for you to buy</Title><Msg>AMZN hitting still speed , Here some more shares for you to buy</Msg><Username>coinmaker77</Username><Timestamp>1373391033710</Timestamp><DateTime>Tue, 2013-07-09 13:30:33 EDT</DateTime><ThumbUp>0</ThumbUp><ThumbDown>10</ThumbDown><Sentiment/></Message><Message type="ReplyMessage"><Id>1373391106360-102</Id><Topic><Title>AMZN hitting still speed , Here some more shares for you to buy</Title><Username>coinmaker77</Username><Timestamp>1373391033710</Timestamp><DateTime>Tue, 2013-07-09 13:30:33 EDT</DateTime></Topic><Msg>Don't drop the ask, That will make me just have to FILL the BID</Msg><Username>coinmaker77</Username><Timestamp>1373391106360</Timestamp><DateTime>Tue, 2013-07-09 13:31:46 EDT</DateTime><ThumbUp>0</ThumbUp><ThumbDown>10</ThumbDown><Sentiment/></Message><Message type="TopicMessage"><Id>1373391160634-103</Id><Title>(IGXT) MCap $29 M/ Price 0.60 / FDA approval +New Partnerships soon =TGT $5+ RALLYYYYYYYYYY</Title><Msg>Glta</Msg><Username>fda_picks</Username><Timestamp>1373391160634</Timestamp><DateTime>Tue, 2013-07-09 13:32:40 EDT</DateTime><ThumbUp>0</ThumbUp><ThumbDown>0</ThumbDown><Sentiment/></Message><Message type="ReplyMessage"><Id>1373391207337-104</Id><Topic><Title>AMZN hitting still speed , Here some more shares for you to buy</Title><Username>coinmaker77</Username><Timestamp>1373391033710</Timestamp><DateTime>Tue, 2013-07-09 13:30:33 EDT</DateTime></Topic><Msg>I don't want to have to fill the BID yet</Msg><Username>coinmaker77</Username><Timestamp>1373391207337</Timestamp><DateTime>Tue, 2013-07-09 13:33:27 EDT</DateTime><ThumbUp>0</ThumbUp><ThumbDown>11</ThumbDown><Sentiment/></Message><Message type="TopicMessage"><Id>1373391438915-105</Id><Title>Are you ready for the AMZN crash and burn, AMZN hitting stall speed and you know that the crash and burn is coming</Title><Msg>But you always have to watch the crash</Msg><Username>coinmaker77</Username><Timestamp>1373391438915</Timestamp><DateTime>Tue, 2013-07-09 13:37:18 EDT</DateTime><ThumbUp>1</ThumbUp><ThumbDown>10</ThumbDown><Sentiment/></Message><Message type="TopicMessage"><Id>1373391619639-106</Id><Title>Don't you just love CNBC PUMP so Wall Street can DUMP, AMZN crash and burn is coming , Time to SELL</Title><Msg>Don't you just love CNBC PUMP so Wall Street can DUMP, AMZN crash and burn is coming , Time to SELL</Msg><Username>coinmaker77</Username><Timestamp>1373391619639</Timestamp><DateTime>Tue, 2013-07-09 13:40:19 EDT</DateTime><ThumbUp>0</ThumbUp><ThumbDown>10</ThumbDown><Sentiment/></Message><Message type="TopicMessage"><Id>1373391907137-107</Id><Title>HEY MORONS NEW ALL TIME HIGHS DO NOT GO DOWN- FOR AT LEAST 1 MONTH-SELL PUTS</Title><Msg>CVXVXCVX</Msg><Username>davekomives</Username><Timestamp>1373391907137</Timestamp><DateTime>Tue, 2013-07-09 13:45:07 EDT</DateTime><ThumbUp>0</ThumbUp><ThumbDown>0</ThumbDown><Sentiment/></Message><Message type="TopicMessage"><Id>1373392016896-108</Id><Title>Always remember to sell the NEWS</Title><Msg>Always remember to sell the NEWS</Msg><Username>coinmaker77</Username><Timestamp>1373392016896</Timestamp><DateTime>Tue, 2013-07-09 13:46:56 EDT</DateTime><ThumbUp>0</ThumbUp><ThumbDown>10</ThumbDown><Sentiment/></Message><Message type="ReplyMessage"><Id>1373392227744-109</Id><Topic><Title>Always remember to sell the NEWS</Title><Username>coinmaker77</Username><Timestamp>1373392016896</Timestamp><DateTime>Tue, 2013-07-09 13:46:56 EDT</DateTime></Topic><Msg>But it's more important to buy the rumor...and there are more rumors swirling around AMZN than almost any stock.</Msg><Username>chaolopez</Username><Timestamp>1373392227744</Timestamp><DateTime>Tue, 2013-07-09 13:50:27 EDT</DateTime><ThumbUp>0</ThumbUp><ThumbDown>0</ThumbDown><Sentiment/></Message><Message type="TopicMessage"><Id>1373392359124-110</Id><Title>FDX IN PLAY--AMZN INTERETSED</Title><Msg>SFSDFSDFSDDFSD</Msg><Username>davekomives</Username><Timestamp>1373392359124</Timestamp><DateTime>Tue, 2013-07-09 13:52:39 EDT</DateTime><ThumbUp>0</ThumbUp><ThumbDown>0</ThumbDown><Sentiment/></Message><Message type="TopicMessage"><Id>1373392419422-111</Id><Title>bezos should be in jail for misleading investors</Title><Msg>and lying through his teeth....</Msg><Username>bogdanmiltchev</Username><Timestamp>1373392419422</Timestamp><DateTime>Tue, 2013-07-09 13:53:39 EDT</DateTime><ThumbUp>1</ThumbUp><ThumbDown>0</ThumbDown><Sentiment/></Message><Message type="TopicMessage"><Id>1373392435143-112</Id><Title>ALL AMZN NEEDS TO FIGURE OUT HOW TO SHIP CHEAPER-WATCH STOCK GOT TO$400</Title><Msg>GJJGJGJGJGG</Msg><Username>davekomives</Username><Timestamp>1373392435143</Timestamp><DateTime>Tue, 2013-07-09 13:53:55 EDT</DateTime><ThumbUp>0</ThumbUp><ThumbDown>0</ThumbDown><Sentiment/></Message><Message type="ReplyMessage"><Id>1373392436582-113</Id><Topic><Title>Always remember to sell the NEWS</Title><Username>coinmaker77</Username><Timestamp>1373392016896</Timestamp><DateTime>Tue, 2013-07-09 13:46:56 EDT</DateTime></Topic><Msg>I am happy with my profits , I would have never believe anyone would be DUMB enough to pay over $291 for AMZN</Msg><Username>coinmaker77</Username><Timestamp>1373392436582</Timestamp><DateTime>Tue, 2013-07-09 13:53:56 EDT</DateTime><ThumbUp>1</ThumbUp><ThumbDown>11</ThumbDown><Sentiment/></Message><Message type="ReplyMessage"><Id>1373392898720-114</Id><Topic><Title>bezos should be in jail for misleading investors</Title><Username>bogdanmiltchev</Username><Timestamp>1373392419422</Timestamp><DateTime>Tue, 2013-07-09 13:53:39 EDT</DateTime></Topic><Msg>are you "shorting with confidence" as AMZN grinds to more new alltime highs. lol!</Msg><Username>nasdaq_6000_baby</Username><Timestamp>1373392898720</Timestamp><DateTime>Tue, 2013-07-09 14:01:38 EDT</DateTime><ThumbUp>0</ThumbUp><ThumbDown>0</ThumbDown><Sentiment/></Message><Message type="TopicMessage"><Id>1373392900125-115</Id><Title>bloodbath for amzn in the works</Title><Msg>Losers lining up on the buying lines today ... LT AMZN $100 a share ... with a realistic valuation... AAPL lesson learned...</Msg><Username>bogdanmiltchev</Username><Timestamp>1373392900125</Timestamp><DateTime>Tue, 2013-07-09 14:01:40 EDT</DateTime><ThumbUp>0</ThumbUp><ThumbDown>0</ThumbDown><Sentiment/></Message><Message type="TopicMessage"><Id>1373392985890-116</Id><Title>congrats to AAPL holders today: even some green there today</Title><Msg>joining the really crowd.</Msg><Username>nasdaq_6000_baby</Username><Timestamp>1373392985890</Timestamp><DateTime>Tue, 2013-07-09 14:03:05 EDT</DateTime><ThumbUp>0</ThumbUp><ThumbDown>0</ThumbDown><Sentiment/></Message><Message type="ReplyMessage"><Id>1373393099800-117</Id><Topic><Title>bloodbath for amzn in the works</Title><Username>bogdanmiltchev</Username><Timestamp>1373392900125</Timestamp><DateTime>Tue, 2013-07-09 14:01:40 EDT</DateTime></Topic><Msg>HOD!! HIgh of alltime! Another shorts "pinned to the wall" moment in progress!!! YIKES!!!!!!</Msg><Username>nasdaq_6000_baby</Username><Timestamp>1373393099800</Timestamp><DateTime>Tue, 2013-07-09 14:04:59 EDT</DateTime><ThumbUp>0</ThumbUp><ThumbDown>0</ThumbDown><Sentiment/></Message><Message type="ReplyMessage"><Id>1373393167447-118</Id><Topic><Title>AMZN hitting still speed , Here some more shares for you to buy</Title><Username>coinmaker77</Username><Timestamp>1373391033710</Timestamp><DateTime>Tue, 2013-07-09 13:30:33 EDT</DateTime></Topic><Msg>Here comes some more shares for you</Msg><Username>coinmaker77</Username><Timestamp>1373393167447</Timestamp><DateTime>Tue, 2013-07-09 14:06:07 EDT</DateTime><ThumbUp>0</ThumbUp><ThumbDown>10</ThumbDown><Sentiment/></Message><Message type="TopicMessage"><Id>1373393211379-119</Id><Title>THE POWER OF AMZN!! AMZN ROCKS AGAIN AND AGAIN!!! YEAH BABY YEAH!!!</Title><Msg>YEAH BABY YEAH!!!!!</Msg><Username>nasdaq_6000_baby</Username><Timestamp>1373393211379</Timestamp><DateTime>Tue, 2013-07-09 14:06:51 EDT</DateTime><ThumbUp>0</ThumbUp><ThumbDown>0</ThumbDown><Sentiment/></Message><Message type="ReplyMessage"><Id>1373393571403-120</Id><Topic><Title>Are you ready for the AMZN crash and burn, AMZN hitting stall speed and you know that the crash and burn is coming</Title><Username>coinmaker77</Username><Timestamp>1373391438915</Timestamp><DateTime>Tue, 2013-07-09 13:37:18 EDT</DateTime></Topic><Msg>Selling shares and taking profits , Going to watch the crash and burn</Msg><Username>coinmaker77</Username><Timestamp>1373393571403</Timestamp><DateTime>Tue, 2013-07-09 14:12:51 EDT</DateTime><ThumbUp>0</ThumbUp><ThumbDown>10</ThumbDown><Sentiment/></Message><Message type="TopicMessage"><Id>1373394157219-121</Id><Title>NO MORE NOOK EQUALS KINDLE MONOPOLY!!!!!!!!!!!!!!!!!!!!!!!!!!!!!!</Title><Msg>WORTH AT LEAST- AT LEAST- ANOTHER 20 BILLION!!!!!!!!!!!!!!!!!!!!!!!!!!!1</Msg><Username>zipping_upward</Username><Timestamp>1373394157219</Timestamp><DateTime>Tue, 2013-07-09 14:22:37 EDT</DateTime><ThumbUp>0</ThumbUp><ThumbDown>0</ThumbDown><Sentiment/></Message><Message type="ReplyMessage"><Id>1373394316343-122</Id><Topic><Title>NO MORE NOOK EQUALS KINDLE MONOPOLY!!!!!!!!!!!!!!!!!!!!!!!!!!!!!!</Title><Username>zipping_upward</Username><Timestamp>1373394157219</Timestamp><DateTime>Tue, 2013-07-09 14:22:37 EDT</DateTime></Topic><Msg>In your dreams</Msg><Username>coinmaker77</Username><Timestamp>1373394316343</Timestamp><DateTime>Tue, 2013-07-09 14:25:16 EDT</DateTime><ThumbUp>0</ThumbUp><ThumbDown>11</ThumbDown><Sentiment/></Message><Message type="ReplyMessage"><Id>1373394370413-123</Id><Topic><Title>NO MORE NOOK EQUALS KINDLE MONOPOLY!!!!!!!!!!!!!!!!!!!!!!!!!!!!!!</Title><Username>zipping_upward</Username><Timestamp>1373394157219</Timestamp><DateTime>Tue, 2013-07-09 14:22:37 EDT</DateTime></Topic><Msg>Do your really think MSFT will let that happen?</Msg><Username>coinmaker77</Username><Timestamp>1373394370413</Timestamp><DateTime>Tue, 2013-07-09 14:26:10 EDT</DateTime><ThumbUp>0</ThumbUp><ThumbDown>14</ThumbDown><Sentiment/></Message><Message type="ReplyMessage"><Id>1373394478905-124</Id><Topic><Title>NO MORE NOOK EQUALS KINDLE MONOPOLY!!!!!!!!!!!!!!!!!!!!!!!!!!!!!!</Title><Username>zipping_upward</Username><Timestamp>1373394157219</Timestamp><DateTime>Tue, 2013-07-09 14:22:37 EDT</DateTime></Topic><Msg>Oh yeah, that 3.7% Kindle market share is kicking #$%$ .... not only do they lose money on it, they can;t gain share.</Msg><Username>once_on</Username><Timestamp>1373394478905</Timestamp><DateTime>Tue, 2013-07-09 14:27:58 EDT</DateTime><ThumbUp>0</ThumbUp><ThumbDown>0</ThumbDown><Sentiment/></Message><Message type="TopicMessage"><Id>1373394628979-125</Id><Title>So when do we bust thru the new 325 price target???</Title><Msg>I'm guessing this summer!!!</Msg><Username>longandstrongdude</Username><Timestamp>1373394628979</Timestamp><DateTime>Tue, 2013-07-09 14:30:28 EDT</DateTime><ThumbUp>0</ThumbUp><ThumbDown>0</ThumbDown><Sentiment/></Message><Message type="TopicMessage"><Id>1373394694707-126</Id><Title>TOLD YOU AMAZON WOULD BE UP BY END OF DAY</Title><Msg>Can't keep a good man down! $300.00 per share company doesn't show much profit. american funds goes with business plan amazon</Msg><Username>smartybob569</Username><Timestamp>1373394694707</Timestamp><DateTime>Tue, 2013-07-09 14:31:34 EDT</DateTime><ThumbUp>0</ThumbUp><ThumbDown>1</ThumbDown><Sentiment/></Message><Message type="ReplyMessage"><Id>1373394958616-127</Id><Topic><Title>The markets are pulling a jimmy hendrix az they "kiss the sky"</Title><Username>sybil_rulez</Username><Timestamp>1373389308257</Timestamp><DateTime>Tue, 2013-07-09 13:01:48 EDT</DateTime></Topic><Msg>"so what's your overall postion and max you'll leverage to it?" Millionz at 60% equity, in an account to 30% equity requirement, why do you ask?</Msg><Username>sybil_rulez</Username><Timestamp>1373394958616</Timestamp><DateTime>Tue, 2013-07-09 14:35:58 EDT</DateTime><ThumbUp>0</ThumbUp><ThumbDown>1</ThumbDown><Sentiment/></Message><Message type="TopicMessage"><Id>1373396051432-128</Id><Title>Nasdaq_6000 haz blood squirting from hiz groin from pulling hiz limp pud so hard</Title><Msg>Whats he got like 70 posts today? Sybs got fat coin, but sybs would have millionz more if sybil got a buck for every nasdaq_6000 useless pumper post.</Msg><Username>sybil_rulez</Username><Timestamp>1373396051432</Timestamp><DateTime>Tue, 2013-07-09 14:54:11 EDT</DateTime><ThumbUp>2</ThumbUp><ThumbDown>1</ThumbDown><Sentiment/></Message><Message type="ReplyMessage"><Id>1373396612796-129</Id><Topic><Title>The markets are pulling a jimmy hendrix az they "kiss the sky"</Title><Username>sybil_rulez</Username><Timestamp>1373389308257</Timestamp><DateTime>Tue, 2013-07-09 13:01:48 EDT</DateTime></Topic><Msg>Wow man, you must be in some pain. Long term shorts in this one are just not the way to go here IMO. Honestly, you have no idea how high they can pump this pig. And neither do I. The difference is, I step aside and watch when prudent. And right now, I am just watching. NP.</Msg><Username>algaebb</Username><Timestamp>1373396612796</Timestamp><DateTime>Tue, 2013-07-09 15:03:32 EDT</DateTime><ThumbUp>0</ThumbUp><ThumbDown>0</ThumbDown><Sentiment>Hold</Sentiment></Message><Message type="TopicMessage"><Id>1373397143536-130</Id><Title>scary statistics on this stock, would not touch it</Title><Msg>EOM</Msg><Username>looooboooo</Username><Timestamp>1373397143536</Timestamp><DateTime>Tue, 2013-07-09 15:12:23 EDT</DateTime><ThumbUp>0</ThumbUp><ThumbDown>0</ThumbDown><Sentiment>Strong Sell</Sentiment></Message><Message type="ReplyMessage"><Id>1373397905177-131</Id><Topic><Title>286 will be tested . . . today.</Title><Username>geegenjar</Username><Timestamp>1373378829321</Timestamp><DateTime>Tue, 2013-07-09 10:07:09 EDT</DateTime></Topic><Msg>Great to be wrong. AMZN makes me money even when I'm wrong. AMZN: the greatest stock in the Universe.</Msg><Username>geegenjar</Username><Timestamp>1373397905177</Timestamp><DateTime>Tue, 2013-07-09 15:25:05 EDT</DateTime><ThumbUp>0</ThumbUp><ThumbDown>0</ThumbDown><Sentiment/></Message><Message type="TopicMessage"><Id>1373398087260-132</Id><Title>Shorts completely demoralized.</Title><Msg>Sitting ducks. Defenseless. They still talk, though. Stupid people.</Msg><Username>geegenjar</Username><Timestamp>1373398087260</Timestamp><DateTime>Tue, 2013-07-09 15:28:07 EDT</DateTime><ThumbUp>0</ThumbUp><ThumbDown>0</ThumbDown><Sentiment/></Message><Message type="ReplyMessage"><Id>1373398132012-133</Id><Topic><Title>Nasdaq_6000 haz blood squirting from hiz groin from pulling hiz limp pud so hard</Title><Username>sybil_rulez</Username><Timestamp>1373396051432</Timestamp><DateTime>Tue, 2013-07-09 14:54:11 EDT</DateTime></Topic><Msg>yeah,your really showing your "aptitudes" about the markets here. You are becoming a very boring fraud. Everyone knows your full of it with the beating you'd be taking here in high beta moves. You'd be flattened. Your trading method is too superficial for these markets. I will know overlook your trading as a mere joke to ignore. You've earned that distinction. Let me clue you in, the blood and guts would be yours if your trades were real the last year. I know it , you know it.</Msg><Username>nasdaq_6000_baby</Username><Timestamp>1373398132012</Timestamp><DateTime>Tue, 2013-07-09 15:28:52 EDT</DateTime><ThumbUp>0</ThumbUp><ThumbDown>2</ThumbDown><Sentiment/></Message><Message type="ReplyMessage"><Id>1373398566918-134</Id><Topic><Title>bezos should be in jail for misleading investors</Title><Username>bogdanmiltchev</Username><Timestamp>1373392419422</Timestamp><DateTime>Tue, 2013-07-09 13:53:39 EDT</DateTime></Topic><Msg>accounting ponzi fraud looks like it's in la la land...no earnings...PE ratio threw roof....big joke ,indeed</Msg><Username>rjdubo</Username><Timestamp>1373398566918</Timestamp><DateTime>Tue, 2013-07-09 15:36:06 EDT</DateTime><ThumbUp>0</ThumbUp><ThumbDown>0</ThumbDown><Sentiment/></Message><Message type="TopicMessage"><Id>1373398569946-135</Id><Title>Look what happened to onetime Skiidady fave ISRG today--Down almost 20%</Title><Msg>Could it happen to current skiidady fave Amazon? Earnings due Jul 22.</Msg><Username>ex.goldbug</Username><Timestamp>1373398569946</Timestamp><DateTime>Tue, 2013-07-09 15:36:09 EDT</DateTime><ThumbUp>0</ThumbUp><ThumbDown>0</ThumbDown><Sentiment/></Message><Message type="TopicMessage"><Id>1373398877402-136</Id><Title>Hoot owls in a frenzy</Title><Msg>They want to sell you their grossly overvalued shares.</Msg><Username>ex.goldbug</Username><Timestamp>1373398877402</Timestamp><DateTime>Tue, 2013-07-09 15:41:17 EDT</DateTime><ThumbUp>0</ThumbUp><ThumbDown>0</ThumbDown><Sentiment/></Message><Message type="TopicMessage"><Id>1373399100513-137</Id><Title>Running out of "greater fools"?</Title><Msg>I think so. Looks out of gas--last gasp to get to $300? Who will be left standing when the music stops?</Msg><Username>ex.goldbug</Username><Timestamp>1373399100513</Timestamp><DateTime>Tue, 2013-07-09 15:45:00 EDT</DateTime><ThumbUp>5</ThumbUp><ThumbDown>0</ThumbDown><Sentiment/></Message><Message type="ReplyMessage"><Id>1373399199207-138</Id><Topic><Title>Running out of "greater fools"?</Title><Username>ex.goldbug</Username><Timestamp>1373399100513</Timestamp><DateTime>Tue, 2013-07-09 15:45:00 EDT</DateTime></Topic><Msg>Everyone should read Mr. Krieger's excellent article on Seeking Alpha about Amazon. If you do, you will sell FAST.</Msg><Username>ex.goldbug</Username><Timestamp>1373399199207</Timestamp><DateTime>Tue, 2013-07-09 15:46:39 EDT</DateTime><ThumbUp>2</ThumbUp><ThumbDown>0</ThumbDown><Sentiment/></Message><Message type="ReplyMessage"><Id>1373399456966-139</Id><Topic><Title>On tap for today, tomorrow, and monday</Title><Username>sybil_rulez</Username><Timestamp>1372333753992</Timestamp><DateTime>Thu, 2013-06-27 07:49:13 EDT</DateTime></Topic><Msg>It's official now: Sybil has lost her house.</Msg><Username>geegenjar</Username><Timestamp>1373399456966</Timestamp><DateTime>Tue, 2013-07-09 15:50:56 EDT</DateTime><ThumbUp>0</ThumbUp><ThumbDown>0</ThumbDown><Sentiment/></Message><Message type="ReplyMessage"><Id>1373399633240-140</Id><Topic><Title>Running out of "greater fools"?</Title><Username>ex.goldbug</Username><Timestamp>1373399100513</Timestamp><DateTime>Tue, 2013-07-09 15:45:00 EDT</DateTime></Topic><Msg>Volume on the rally has been dwindling. This is always bearish, but early warning sign.</Msg><Username>ex.goldbug</Username><Timestamp>1373399633240</Timestamp><DateTime>Tue, 2013-07-09 15:53:53 EDT</DateTime><ThumbUp>1</ThumbUp><ThumbDown>0</ThumbDown><Sentiment/></Message><Message type="TopicMessage"><Id>1373399644091-141</Id><Title>WHY..HOW</Title><Msg>How does this company get away with trading at a PE this high??? How?</Msg><Username>kwdowling</Username><Timestamp>1373399644091</Timestamp><DateTime>Tue, 2013-07-09 15:54:04 EDT</DateTime><ThumbUp>0</ThumbUp><ThumbDown>0</ThumbDown><Sentiment/></Message><Message type="ReplyMessage"><Id>1373399788765-142</Id><Topic><Title>Running out of "greater fools"?</Title><Username>ex.goldbug</Username><Timestamp>1373399100513</Timestamp><DateTime>Tue, 2013-07-09 15:45:00 EDT</DateTime></Topic><Msg>potential reward: $10 up? potential risk: $75-$125 down? You do the math.</Msg><Username>ex.goldbug</Username><Timestamp>1373399788765</Timestamp><DateTime>Tue, 2013-07-09 15:56:28 EDT</DateTime><ThumbUp>0</ThumbUp><ThumbDown>0</ThumbDown><Sentiment/></Message><Message type="TopicMessage"><Id>1373399809483-143</Id><Title>Sold all calls!</Title><Msg>Thank you!</Msg><Username>geegenjar</Username><Timestamp>1373399809483</Timestamp><DateTime>Tue, 2013-07-09 15:56:49 EDT</DateTime><ThumbUp>0</ThumbUp><ThumbDown>0</ThumbDown><Sentiment/></Message><Message type="ReplyMessage"><Id>1373399871260-144</Id><Topic><Title>Sold all calls!</Title><Username>geegenjar</Username><Timestamp>1373399809483</Timestamp><DateTime>Tue, 2013-07-09 15:56:49 EDT</DateTime></Topic><Msg>I'll wait for another good call buying opportunity.</Msg><Username>geegenjar</Username><Timestamp>1373399871260</Timestamp><DateTime>Tue, 2013-07-09 15:57:51 EDT</DateTime><ThumbUp>0</ThumbUp><ThumbDown>0</ThumbDown><Sentiment/></Message><Message type="ReplyMessage"><Id>1373400117187-145</Id><Topic><Title>On tap for today, tomorrow, and monday</Title><Username>sybil_rulez</Username><Timestamp>1372333753992</Timestamp><DateTime>Thu, 2013-06-27 07:49:13 EDT</DateTime></Topic><Msg>just a long line of complete rubbish.</Msg><Username>nasdaq_6000_baby</Username><Timestamp>1373400117187</Timestamp><DateTime>Tue, 2013-07-09 16:01:57 EDT</DateTime><ThumbUp>0</ThumbUp><ThumbDown>0</ThumbDown><Sentiment/></Message><Message type="ReplyMessage"><Id>1373400420603-146</Id><Topic><Title>Running out of "greater fools"?</Title><Username>ex.goldbug</Username><Timestamp>1373399100513</Timestamp><DateTime>Tue, 2013-07-09 15:45:00 EDT</DateTime></Topic><Msg>ur an idiot. Have been since you came here. I'm glad I sold GDX seeing you there. lol!</Msg><Username>nasdaq_6000_baby</Username><Timestamp>1373400420603</Timestamp><DateTime>Tue, 2013-07-09 16:07:00 EDT</DateTime><ThumbUp>0</ThumbUp><ThumbDown>2</ThumbDown><Sentiment/></Message><Message type="ReplyMessage"><Id>1373400536838-147</Id><Topic><Title>Running out of "greater fools"?</Title><Username>ex.goldbug</Username><Timestamp>1373399100513</Timestamp><DateTime>Tue, 2013-07-09 15:45:00 EDT</DateTime></Topic><Msg>link?</Msg><Username>jagdeep_m2000</Username><Timestamp>1373400536838</Timestamp><DateTime>Tue, 2013-07-09 16:08:56 EDT</DateTime><ThumbUp>0</ThumbUp><ThumbDown>0</ThumbDown><Sentiment/></Message><Message type="ReplyMessage"><Id>1373400709791-148</Id><Topic><Title>Running out of "greater fools"?</Title><Username>ex.goldbug</Username><Timestamp>1373399100513</Timestamp><DateTime>Tue, 2013-07-09 15:45:00 EDT</DateTime></Topic><Msg>Up on low volume....what a surprise!</Msg><Username>shorting_amazon</Username><Timestamp>1373400709791</Timestamp><DateTime>Tue, 2013-07-09 16:11:49 EDT</DateTime><ThumbUp>0</ThumbUp><ThumbDown>0</ThumbDown><Sentiment/></Message><Message type="ReplyMessage"><Id>1373400820463-149</Id><Topic><Title>Running out of "greater fools"?</Title><Username>ex.goldbug</Username><Timestamp>1373399100513</Timestamp><DateTime>Tue, 2013-07-09 15:45:00 EDT</DateTime></Topic><Msg>you get it: low volume in AMZN is bullish: similar for the whole market. Since 2008, the big volume is on selling. lol!</Msg><Username>nasdaq_6000_baby</Username><Timestamp>1373400820463</Timestamp><DateTime>Tue, 2013-07-09 16:13:40 EDT</DateTime><ThumbUp>0</ThumbUp><ThumbDown>0</ThumbDown><Sentiment/></Message><Message type="TopicMessage"><Id>1373402364202-150</Id><Title>AMZN is a below average stock this year</Title><Msg>underperformed the S&amp;P by 200 basis points (13.9% vs. 15.9%) and the NSDQ by 220 basis points (13.9% vs. 16.1%). This is due to its valuation being so far out of wack - this should be the risk-on play, but it is not right now. Capital is moving to other stocks faster. When the market does turn, this will fall much faster than market.</Msg><Username>once_on</Username><Timestamp>1373402364202</Timestamp><DateTime>Tue, 2013-07-09 16:39:24 EDT</DateTime><ThumbUp>1</ThumbUp><ThumbDown>0</ThumbDown><Sentiment/></Message><Message type="TopicMessage"><Id>1373403086765-151</Id><Title>pump an dump on fast money</Title><Msg>amzn down tomoro short at will</Msg><Username>xdon69</Username><Timestamp>1373403086765</Timestamp><DateTime>Tue, 2013-07-09 16:51:26 EDT</DateTime><ThumbUp>0</ThumbUp><ThumbDown>0</ThumbDown><Sentiment/></Message><Message type="ReplyMessage"><Id>1373403969424-152</Id><Topic><Title>Volume Off the Charts for a Tuesday...My Educated Guess for the Close...297. Yours?</Title><Username>chaolopez</Username><Timestamp>1373384297972</Timestamp><DateTime>Tue, 2013-07-09 11:38:17 EDT</DateTime></Topic><Msg>How'd I do?</Msg><Username>stkguy</Username><Timestamp>1373403969424</Timestamp><DateTime>Tue, 2013-07-09 17:06:09 EDT</DateTime><ThumbUp>0</ThumbUp><ThumbDown>0</ThumbDown><Sentiment/></Message><Message type="ReplyMessage"><Id>1373404473735-153</Id><Topic><Title>On tap for today, tomorrow, and monday</Title><Username>sybil_rulez</Username><Timestamp>1372333753992</Timestamp><DateTime>Thu, 2013-06-27 07:49:13 EDT</DateTime></Topic><Msg>"It's official now: Sybil has lost her house." Which one ? Sybil haz 8 propertiez to chose from. Soon sybz will have 9 propertiez afterthe deal for your LA ghetto tenament goez through, sybs gonna double your rent and then kick you to the curb for non payment.</Msg><Username>sybil_rulez</Username><Timestamp>1373404473735</Timestamp><DateTime>Tue, 2013-07-09 17:14:33 EDT</DateTime><ThumbUp>0</ThumbUp><ThumbDown>1</ThumbDown><Sentiment/></Message><Message type="ReplyMessage"><Id>1373404827268-154</Id><Topic><Title>7th Day in a row</Title><Username>stkguy</Username><Timestamp>1373373004647</Timestamp><DateTime>Tue, 2013-07-09 08:30:04 EDT</DateTime></Topic><Msg>They made it and ties the record from oct 11. Now the question is, can they make it 8?</Msg><Username>stkguy</Username><Timestamp>1373404827268</Timestamp><DateTime>Tue, 2013-07-09 17:20:27 EDT</DateTime><ThumbUp>0</ThumbUp><ThumbDown>0</ThumbDown><Sentiment/></Message><Message type="ReplyMessage"><Id>1373405130905-155</Id><Topic><Title>Running out of "greater fools"?</Title><Username>ex.goldbug</Username><Timestamp>1373399100513</Timestamp><DateTime>Tue, 2013-07-09 15:45:00 EDT</DateTime></Topic><Msg>AMZN could go to zero tomorrow and I'll still be ahead. I bought at 135, sold on the rips, bought back on the dips. It's really easy. I'll sell a little tomorrow, and buy back when it goes 15% below it's all time high, about 250.</Msg><Username>brucetheharmonicaguy</Username><Timestamp>1373405130905</Timestamp><DateTime>Tue, 2013-07-09 17:25:30 EDT</DateTime><ThumbUp>0</ThumbUp><ThumbDown>0</ThumbDown><Sentiment/></Message><Message type="ReplyMessage"><Id>1373405132189-156</Id><Topic><Title>Volume Off the Charts for a Tuesday...My Educated Guess for the Close...297. Yours?</Title><Username>chaolopez</Username><Timestamp>1373384297972</Timestamp><DateTime>Tue, 2013-07-09 11:38:17 EDT</DateTime></Topic><Msg>The amazing game of AMZN musical chairs continues...</Msg><Username>sammsjohn99</Username><Timestamp>1373405132189</Timestamp><DateTime>Tue, 2013-07-09 17:25:32 EDT</DateTime><ThumbUp>0</ThumbUp><ThumbDown>0</ThumbDown><Sentiment/></Message><Message type="ReplyMessage"><Id>1373405147331-157</Id><Topic><Title>7th Day in a row</Title><Username>stkguy</Username><Timestamp>1373373004647</Timestamp><DateTime>Tue, 2013-07-09 08:30:04 EDT</DateTime></Topic><Msg>yep .. new ground here.</Msg><Username>once_on</Username><Timestamp>1373405147331</Timestamp><DateTime>Tue, 2013-07-09 17:25:47 EDT</DateTime><ThumbUp>0</ThumbUp><ThumbDown>0</ThumbDown><Sentiment/></Message><Message type="TopicMessage"><Id>1373405351029-158</Id><Title>Analyst pump</Title><Msg>Mark May on CNBC just now. Thinks LNKD is overvalued but AMZN is undervalued with a target of 340. Huh?</Msg><Username>stkguy</Username><Timestamp>1373405351029</Timestamp><DateTime>Tue, 2013-07-09 17:29:11 EDT</DateTime><ThumbUp>0</ThumbUp><ThumbDown>0</ThumbDown><Sentiment/></Message><Message type="TopicMessage"><Id>1373409370756-159</Id><Title>WHERE'S THAT SYBIL IDIOT</Title><Msg>Has he been shamed enough or is he as stupid as ever?</Msg><Username>philandjoelle</Username><Timestamp>1373409370756</Timestamp><DateTime>Tue, 2013-07-09 18:36:10 EDT</DateTime><ThumbUp>0</ThumbUp><ThumbDown>1</ThumbDown><Sentiment/></Message><Message type="TopicMessage"><Id>1373410814049-160</Id><Title>Heeeeeeyyyyy its philjoe.... Guess what sybil added short today?</Title><Msg>Status: FILLED at $898.00 Symbol: PCLN Description: PRICELINE INC Action: Sell Short Quantity: 75 Filled Quantity: 75</Msg><Username>sybil_rulez</Username><Timestamp>1373410814049</Timestamp><DateTime>Tue, 2013-07-09 19:00:14 EDT</DateTime><ThumbUp>0</ThumbUp><ThumbDown>1</ThumbDown><Sentiment/></Message><Message type="TopicMessage"><Id>1373413397765-161</Id><Title>90 to 1 looking foward PE in 5 years</Title><Msg>O when will all the states start taxing there sales? states are running slim on revenue...and to save the brick and mortar tax payers and to bail out the employers paying employees....NEVER! YEA RIGHT!</Msg><Username>rjdubo</Username><Timestamp>1373413397765</Timestamp><DateTime>Tue, 2013-07-09 19:43:17 EDT</DateTime><ThumbUp>0</ThumbUp><ThumbDown>0</ThumbDown><Sentiment/></Message><Message type="ReplyMessage"><Id>1373416765615-162</Id><Topic><Title>Volume Off the Charts for a Tuesday...My Educated Guess for the Close...297. Yours?</Title><Username>chaolopez</Username><Timestamp>1373384297972</Timestamp><DateTime>Tue, 2013-07-09 11:38:17 EDT</DateTime></Topic><Msg>You won...congrats. More upside tomorrow.</Msg><Username>chaolopez</Username><Timestamp>1373416765615</Timestamp><DateTime>Tue, 2013-07-09 20:39:25 EDT</DateTime><ThumbUp>0</ThumbUp><ThumbDown>0</ThumbDown><Sentiment/></Message><Message type="ReplyMessage"><Id>1373418215019-163</Id><Topic><Title>90 to 1 looking foward PE in 5 years</Title><Username>rjdubo</Username><Timestamp>1373413397765</Timestamp><DateTime>Tue, 2013-07-09 19:43:17 EDT</DateTime></Topic><Msg>They made money, excluding some non-GAAP expenses items, while the economy was not as good and revenue was not as high. Now, they're not making any money with higher revenues and more liabilities and the economy is supposed to be better. This would just render the forward PE useless. If this time is different than how come we have market crashes every 5/6 years.</Msg><Username>tung_5000</Username><Timestamp>1373418215019</Timestamp><DateTime>Tue, 2013-07-09 21:03:35 EDT</DateTime><ThumbUp>0</ThumbUp><ThumbDown>0</ThumbDown><Sentiment/></Message><Message type="ReplyMessage"><Id>1373426769351-164</Id><Topic><Title>WHERE'S THAT SYBIL IDIOT</Title><Username>philandjoelle</Username><Timestamp>1373409370756</Timestamp><DateTime>Tue, 2013-07-09 18:36:10 EDT</DateTime></Topic><Msg>a new snapperhead is here philjoe</Msg><Username>xdon69</Username><Timestamp>1373426769351</Timestamp><DateTime>Tue, 2013-07-09 23:26:09 EDT</DateTime><ThumbUp>0</ThumbUp><ThumbDown>1</ThumbDown><Sentiment/></Message></Date>