<?xml version="1.0" encoding="UTF-8" standalone="no"?><Date date="2013-06-20"><Message type="TopicMessage"><Id>1371709437488-1</Id><Title>Amazon not shore</Title><Msg>Amazon has Partner American Funds, to tough to short, free pass on financing. Lucky Jeff</Msg><Username>smartybob569</Username><Timestamp>1371709437488</Timestamp><DateTime>Thu, 2013-06-20 02:23:57 EDT</DateTime><ThumbUp>0</ThumbUp><ThumbDown>0</ThumbDown><Sentiment/></Message><Message type="ReplyMessage"><Id>1371711919742-2</Id><Topic><Title>Double top with a bearish doji star , which looks close to a hammer closing near the low</Title><Username>sybil_rulez</Username><Timestamp>1371672320477</Timestamp><DateTime>Wed, 2013-06-19 16:05:20 EDT</DateTime></Topic><Msg>Uuuuummmmmm...... 1. 225 and 227 iz not equal to 220. Again, sybs has never shorted sharez of amzn at 220 in this run. 2. Them there sharez happend to be swing traded shorts that Were :(a) originally opened at 245-265, (b) covered ah at 205 after q3 data release, and fully replaced at 245. LLLLLLOOOOOOOSER.</Msg><Username>sybil_rulez</Username><Timestamp>1371711919742</Timestamp><DateTime>Thu, 2013-06-20 03:05:19 EDT</DateTime><ThumbUp>0</ThumbUp><ThumbDown>0</ThumbDown><Sentiment/></Message><Message type="TopicMessage"><Id>1371723886673-3</Id><Title>Texas vs Web Retailing</Title><Msg>All Web retailers should have an interest in this case, including Amazon, eBay, and so on. If the auto dealers can buy their business model as law in a state legislature Pay-To-Play system, other brick and mortar retailers will bring their checkbooks and stand in line. Texas is preventing Tesla auto (TSLA) from selling cars over the Web in Texas, they must be sold through a conventional franchised dealer only. That basically kills any real future for electrics in Texas as they break the business model for conventional dealers. They make most of their money in their service and used car departments, not new car sales. For them car sales are a bit like the razor-razor blade model. Electrics, done right, require little service. Technology can't presently make low-end electric cars that are practical - meaning with a range of at least 200 miles. Tesla at the high end can just put in a humongous Li-Ion battery and the market is paying for it. A step or two in the battery tech would bring electrics into being competitive in everyday use. IC engine cars especially at the high end with eight speed up auto transmissions, tighter emission controls, exotic materials for light weight plus robustness in accidents, and increasing CAFE requirements can only increase steeply in price and complexity. Texas proposes freezing technology where it is. Texas, a Confederate state under the covers, talks up capitalism, individualism, free enterprise, and all that. But, like the others, the reality is who shows up in the state capitol with a check.</Msg><Username>maguro_01</Username><Timestamp>1371723886673</Timestamp><DateTime>Thu, 2013-06-20 06:24:46 EDT</DateTime><ThumbUp>0</ThumbUp><ThumbDown>0</ThumbDown><Sentiment/></Message><Message type="TopicMessage"><Id>1371727918951-4</Id><Title>Just another day that shorts here don't make any money.</Title><Msg>Haven't they realized that they lost money three weeks ago, and whatever has been happening since then is cleaning up the mess they created? How dumb can people get? Really.</Msg><Username>geegenjar</Username><Timestamp>1371727918951</Timestamp><DateTime>Thu, 2013-06-20 07:31:58 EDT</DateTime><ThumbUp>0</ThumbUp><ThumbDown>0</ThumbDown><Sentiment/></Message><Message type="ReplyMessage"><Id>1371728256721-5</Id><Topic><Title>Sybils average price on gobz of shorts iz now just over 270</Title><Username>sybil_rulez</Username><Timestamp>1371685621325</Timestamp><DateTime>Wed, 2013-06-19 19:47:01 EDT</DateTime></Topic><Msg>You're just like all other stupid shorts, like once-on, who write (short) puts against their core AMZN short holdings, feeling proud that they can collect premiums as AMZN's stock price rises. The bottom line is you're going against the tide and sooner or later you won't be able to keep pace with the rising tide. How dumb can people get? Really.</Msg><Username>geegenjar</Username><Timestamp>1371728256721</Timestamp><DateTime>Thu, 2013-06-20 07:37:36 EDT</DateTime><ThumbUp>0</ThumbUp><ThumbDown>0</ThumbDown><Sentiment/></Message><Message type="TopicMessage"><Id>1371728360079-6</Id><Title>I have some bad feeling about today . . .</Title><Msg>. . . shorts here must be sensing it, too. Of course, they don't act on what they see.</Msg><Username>geegenjar</Username><Timestamp>1371728360079</Timestamp><DateTime>Thu, 2013-06-20 07:39:20 EDT</DateTime><ThumbUp>0</ThumbUp><ThumbDown>0</ThumbDown><Sentiment/></Message><Message type="ReplyMessage"><Id>1371728555016-7</Id><Topic><Title>Sybils average price on gobz of shorts iz now just over 270</Title><Username>sybil_rulez</Username><Timestamp>1371685621325</Timestamp><DateTime>Wed, 2013-06-19 19:47:01 EDT</DateTime></Topic><Msg>Geeg - this stock will collapse, and when it does I will collect huge .. until then I collect fat premiums along the way .., it works well.</Msg><Username>once_on</Username><Timestamp>1371728555016</Timestamp><DateTime>Thu, 2013-06-20 07:42:35 EDT</DateTime><ThumbUp>0</ThumbUp><ThumbDown>0</ThumbDown><Sentiment/></Message><Message type="ReplyMessage"><Id>1371730276270-8</Id><Topic><Title>Sybils average price on gobz of shorts iz now just over 270</Title><Username>sybil_rulez</Username><Timestamp>1371685621325</Timestamp><DateTime>Wed, 2013-06-19 19:47:01 EDT</DateTime></Topic><Msg>once_on: "Geeg - this stock will collapse, and when it does I will collect huge . . . ." Your thesis hinges on AMZN collapsing "someday, "eventually," etc. Which may happen or may not. There was a guy called timberlane who was doing the same thing a few years back while AMZN was still around 120s, I think. He must have given up. He disappeared.</Msg><Username>geegenjar</Username><Timestamp>1371730276270</Timestamp><DateTime>Thu, 2013-06-20 08:11:16 EDT</DateTime><ThumbUp>0</ThumbUp><ThumbDown>0</ThumbDown><Sentiment/></Message><Message type="TopicMessage"><Id>1371730730632-9</Id><Title>Shorts here are scratching their heads . . .</Title><Msg>. . . "Hey, AMZN plunged more than $5 from the high of the day yesterday and now she is down another couple of points already. Why am I still deeply in the red with my AMZN short? Is this stock manipulated? Should I call the SEC?" How dumber can people get? Really.</Msg><Username>geegenjar</Username><Timestamp>1371730730632</Timestamp><DateTime>Thu, 2013-06-20 08:18:50 EDT</DateTime><ThumbUp>0</ThumbUp><ThumbDown>0</ThumbDown><Sentiment/></Message><Message type="ReplyMessage"><Id>1371730820797-10</Id><Topic><Title>Sybils average price on gobz of shorts iz now just over 270</Title><Username>sybil_rulez</Username><Timestamp>1371685621325</Timestamp><DateTime>Wed, 2013-06-19 19:47:01 EDT</DateTime></Topic><Msg>"How dumb can people get?" Yes indeed people are dumb, geegee, but try az hard az they will none can top your level of extreme stupidity. Geegee, your az dumb az a jelly fish that somehow haz access to the internet.</Msg><Username>sybil_rulez</Username><Timestamp>1371730820797</Timestamp><DateTime>Thu, 2013-06-20 08:20:20 EDT</DateTime><ThumbUp>0</ThumbUp><ThumbDown>0</ThumbDown><Sentiment/></Message><Message type="ReplyMessage"><Id>1371730948221-11</Id><Topic><Title>Double top with a bearish doji star , which looks close to a hammer closing near the low</Title><Username>sybil_rulez</Username><Timestamp>1371672320477</Timestamp><DateTime>Wed, 2013-06-19 16:05:20 EDT</DateTime></Topic><Msg>Sybil: "Sybil shoots with a 12 gauge shot gun, not a marksman's rifle." Correction: Sybil: "Sybil shoots with a 12 gauge shot gun, not a marksman's rifle, and I am blind."</Msg><Username>geegenjar</Username><Timestamp>1371730948221</Timestamp><DateTime>Thu, 2013-06-20 08:22:28 EDT</DateTime><ThumbUp>0</ThumbUp><ThumbDown>0</ThumbDown><Sentiment/></Message><Message type="ReplyMessage"><Id>1371731056864-12</Id><Topic><Title>Sybils average price on gobz of shorts iz now just over 270</Title><Username>sybil_rulez</Username><Timestamp>1371685621325</Timestamp><DateTime>Wed, 2013-06-19 19:47:01 EDT</DateTime></Topic><Msg>"Your thesis hinges on AMZN collapsing "someday, "eventually," etc." All thingz considered, seemz like a rational thesis with which to take down a LARGE short position. So geegee, what's your major malfunction, dummy? Didnt your mommy give you enough love az a child?</Msg><Username>sybil_rulez</Username><Timestamp>1371731056864</Timestamp><DateTime>Thu, 2013-06-20 08:24:16 EDT</DateTime><ThumbUp>0</ThumbUp><ThumbDown>0</ThumbDown><Sentiment/></Message><Message type="ReplyMessage"><Id>1371731298495-13</Id><Topic><Title>Just another day that shorts here don't make any money.</Title><Username>geegenjar</Username><Timestamp>1371727918951</Timestamp><DateTime>Thu, 2013-06-20 07:31:58 EDT</DateTime></Topic><Msg>Sybs not so sure about that, in fact given the way scamazon iz trading in premarket, it looks az if the light haz been turned on in the kitchen and the roachez that used a stove to cook this scam are frantically scurrying about. Looks like this hot potato iz well done - fukashimo style.</Msg><Username>sybil_rulez</Username><Timestamp>1371731298495</Timestamp><DateTime>Thu, 2013-06-20 08:28:18 EDT</DateTime><ThumbUp>0</ThumbUp><ThumbDown>0</ThumbDown><Sentiment/></Message><Message type="TopicMessage"><Id>1371732725914-14</Id><Title>The was another time in market history similar to this, can you guess it?</Title><Msg>Here's sone hints: 'QE' enacted by decoupling the USD from the gold standard allowing for 'money printing' 'Entitlements' erroded, pension obligationz cut by the fed in the move from defined benefits to 401k' Exponential rise in for profit Medical costs with the invention of the HMO close ties with chicom china fostered and union busting the middle class High unemployement Unreconized rising inflation against decreasing savingz Rising tax rates Markets at all time highz And sybs favorite: massive keytaxing authority bond defaults (nyc) Bonus questionz: Who were the presidents of this period? Who was the fed chair? What happened to the markets az a consequence of the aformentioned environment? Attitude survey: Do you think 'but this time its different'? (Y/n) If N do you think believe us to be in a more favorable, unfavorable, or the same market condition then the afermentioned time in history?</Msg><Username>sybil_rulez</Username><Timestamp>1371732725914</Timestamp><DateTime>Thu, 2013-06-20 08:52:05 EDT</DateTime><ThumbUp>0</ThumbUp><ThumbDown>0</ThumbDown><Sentiment/></Message><Message type="TopicMessage"><Id>1371732868800-15</Id><Title>Another day, only . . .</Title><Msg>. . . neutral scalpers make money. In other words, shorts here don't have any chance. They are like jellyfish floating in the ocean. They just drift. Forever . . . until they land a beach and dry up.</Msg><Username>geegenjar</Username><Timestamp>1371732868800</Timestamp><DateTime>Thu, 2013-06-20 08:54:28 EDT</DateTime><ThumbUp>0</ThumbUp><ThumbDown>0</ThumbDown><Sentiment/></Message><Message type="TopicMessage"><Id>1371732961583-16</Id><Title>What are AMZN' trading ranges?</Title><Msg>Every 90 minutes or so, a couple of points. Every several days, $10. Every three weeks, $20. Other than that, I don't care.</Msg><Username>geegenjar</Username><Timestamp>1371732961583</Timestamp><DateTime>Thu, 2013-06-20 08:56:01 EDT</DateTime><ThumbUp>0</ThumbUp><ThumbDown>0</ThumbDown><Sentiment/></Message><Message type="ReplyMessage"><Id>1371734068645-17</Id><Topic><Title>The was another time in market history similar to this, can you guess it?</Title><Username>sybil_rulez</Username><Timestamp>1371732725914</Timestamp><DateTime>Thu, 2013-06-20 08:52:05 EDT</DateTime></Topic><Msg>Sybil, you do know that the amount of writing dedicated to macroeconomics you post is inversely related to the performance of your AMZN short, do you? Do you know why this is the case? The answer: If your short position is cruising along (meaning AMZN is going down steadily), you wouldn't care a squat why. You just enjoy the ride down. Maybe you should start a rain dance. It may work. Hahaha . . .</Msg><Username>geegenjar</Username><Timestamp>1371734068645</Timestamp><DateTime>Thu, 2013-06-20 09:14:28 EDT</DateTime><ThumbUp>0</ThumbUp><ThumbDown>0</ThumbDown><Sentiment/></Message><Message type="TopicMessage"><Id>1371734217838-18</Id><Title>All right, let's get serious.</Title><Msg>I'm ready to do whatever necessary. All cash since yesterday morning. May buy or may not buy calls today. It depends. Getting mighty interesting. I'm ready for another wonderful day. Good luck to all.</Msg><Username>geegenjar</Username><Timestamp>1371734217838</Timestamp><DateTime>Thu, 2013-06-20 09:16:57 EDT</DateTime><ThumbUp>0</ThumbUp><ThumbDown>0</ThumbDown><Sentiment/></Message><Message type="TopicMessage"><Id>1371735127388-19</Id><Title>i made money again</Title><Msg>cover a little at 275.24</Msg><Username>xdon69</Username><Timestamp>1371735127388</Timestamp><DateTime>Thu, 2013-06-20 09:32:07 EDT</DateTime><ThumbUp>0</ThumbUp><ThumbDown>0</ThumbDown><Sentiment/></Message><Message type="TopicMessage"><Id>1371735856494-20</Id><Title>Tonto, get me a silver bllet</Title><Msg>this is special</Msg><Username>meester_mccormik</Username><Timestamp>1371735856494</Timestamp><DateTime>Thu, 2013-06-20 09:44:16 EDT</DateTime><ThumbUp>0</ThumbUp><ThumbDown>0</ThumbDown><Sentiment/></Message><Message type="TopicMessage"><Id>1371735993425-21</Id><Title>SSH @ 278.1</Title><Msg>500 sh</Msg><Username>nje457</Username><Timestamp>1371735993425</Timestamp><DateTime>Thu, 2013-06-20 09:46:33 EDT</DateTime><ThumbUp>0</ThumbUp><ThumbDown>0</ThumbDown><Sentiment/></Message><Message type="TopicMessage"><Id>1371736656315-22</Id><Title>Shorts, give it a rest!</Title><Msg>You guys are keeping her expensive! Just stay put for a while! I want to buy calls cheap!</Msg><Username>geegenjar</Username><Timestamp>1371736656315</Timestamp><DateTime>Thu, 2013-06-20 09:57:36 EDT</DateTime><ThumbUp>0</ThumbUp><ThumbDown>0</ThumbDown><Sentiment/></Message><Message type="ReplyMessage"><Id>1371736867126-23</Id><Topic><Title>SSH @ 278.1</Title><Username>nje457</Username><Timestamp>1371735993425</Timestamp><DateTime>Thu, 2013-06-20 09:46:33 EDT</DateTime></Topic><Msg>Out @ 276.8. Bagged $650.</Msg><Username>nje457</Username><Timestamp>1371736867126</Timestamp><DateTime>Thu, 2013-06-20 10:01:07 EDT</DateTime><ThumbUp>1</ThumbUp><ThumbDown>0</ThumbDown><Sentiment/></Message><Message type="ReplyMessage"><Id>1371737176726-24</Id><Topic><Title>SSH @ 278.1</Title><Username>nje457</Username><Timestamp>1371735993425</Timestamp><DateTime>Thu, 2013-06-20 09:46:33 EDT</DateTime></Topic><Msg>275.9 now. Still made some quick easy $.</Msg><Username>nje457</Username><Timestamp>1371737176726</Timestamp><DateTime>Thu, 2013-06-20 10:06:16 EDT</DateTime><ThumbUp>1</ThumbUp><ThumbDown>0</ThumbDown><Sentiment/></Message><Message type="TopicMessage"><Id>1371738014927-25</Id><Title>My AMZN charts are upside down now.</Title><Msg>AMZN still seems in today's uptrend. I'm holding off buying calls.</Msg><Username>geegenjar</Username><Timestamp>1371738014927</Timestamp><DateTime>Thu, 2013-06-20 10:20:14 EDT</DateTime><ThumbUp>0</ThumbUp><ThumbDown>0</ThumbDown><Sentiment/></Message><Message type="ReplyMessage"><Id>1371738142086-26</Id><Topic><Title>My AMZN charts are upside down now.</Title><Username>geegenjar</Username><Timestamp>1371738014927</Timestamp><DateTime>Thu, 2013-06-20 10:20:14 EDT</DateTime></Topic><Msg>Oops, the uptrend has become questionable. I may have missed a good call buying opportunity.</Msg><Username>geegenjar</Username><Timestamp>1371738142086</Timestamp><DateTime>Thu, 2013-06-20 10:22:22 EDT</DateTime><ThumbUp>0</ThumbUp><ThumbDown>0</ThumbDown><Sentiment/></Message><Message type="TopicMessage"><Id>1371738710668-27</Id><Title>273.75 may be critical.</Title><Msg>I'm assuming, AMZN will test 268 today.</Msg><Username>geegenjar</Username><Timestamp>1371738710668</Timestamp><DateTime>Thu, 2013-06-20 10:31:50 EDT</DateTime><ThumbUp>0</ThumbUp><ThumbDown>0</ThumbDown><Sentiment/></Message><Message type="ReplyMessage"><Id>1371739406390-28</Id><Topic><Title>My AMZN charts are upside down now.</Title><Username>geegenjar</Username><Timestamp>1371738014927</Timestamp><DateTime>Thu, 2013-06-20 10:20:14 EDT</DateTime></Topic><Msg>Can she break out to the upside? If she doesn't in the next few minutes, shorts are in trouble.</Msg><Username>geegenjar</Username><Timestamp>1371739406390</Timestamp><DateTime>Thu, 2013-06-20 10:43:26 EDT</DateTime><ThumbUp>0</ThumbUp><ThumbDown>0</ThumbDown><Sentiment/></Message><Message type="TopicMessage"><Id>1371740125659-29</Id><Title>geegee naz-6000 skidaddy all jokes</Title><Msg>losers all jerk off yes they are</Msg><Username>xdon69</Username><Timestamp>1371740125659</Timestamp><DateTime>Thu, 2013-06-20 10:55:25 EDT</DateTime><ThumbUp>0</ThumbUp><ThumbDown>0</ThumbDown><Sentiment/></Message><Message type="ReplyMessage"><Id>1371740312738-30</Id><Topic><Title>Shorts here are scratching their heads . . .</Title><Username>geegenjar</Username><Timestamp>1371730730632</Timestamp><DateTime>Thu, 2013-06-20 08:18:50 EDT</DateTime></Topic><Msg>People can be dumb enough to write sentences like this: "How dumber can people get?" Lee Cooperman was on Bloomberg this morning and while he did not directly point at Amazon he talked about HFT and ETF trading that had nothing to do with fundamentals. Obviously this stock is a certainly the poster child of that type of trading. If you laddered in on the way up you can either wait for a big pay day like sybs or do what others are doing ladder in and ladder out. Puts in this one are generally not wise as I have found out, possibly at extremes and far out but not recommended due to high prices and erosion. Although sybs says to stay away from puts and calls altogether in all stocks and markets, I disagree but I will say that if there is lots of premium the safer play is to stay away from them and simply buy or sell common.</Msg><Username>hapihammer</Username><Timestamp>1371740312738</Timestamp><DateTime>Thu, 2013-06-20 10:58:32 EDT</DateTime><ThumbUp>1</ThumbUp><ThumbDown>0</ThumbDown><Sentiment>Strong Sell</Sentiment></Message><Message type="ReplyMessage"><Id>1371740544337-31</Id><Topic><Title>Shorts here are scratching their heads . . .</Title><Username>geegenjar</Username><Timestamp>1371730730632</Timestamp><DateTime>Thu, 2013-06-20 08:18:50 EDT</DateTime></Topic><Msg>relax geegee if amzn goes to 260 or lower I cover if over 280 I short simple</Msg><Username>xdon69</Username><Timestamp>1371740544337</Timestamp><DateTime>Thu, 2013-06-20 11:02:24 EDT</DateTime><ThumbUp>0</ThumbUp><ThumbDown>0</ThumbDown><Sentiment/></Message><Message type="TopicMessage"><Id>1371741119459-32</Id><Title>This week's Max Pain: $263.</Title><Msg>Is this a great country or what?</Msg><Username>geegenjar</Username><Timestamp>1371741119459</Timestamp><DateTime>Thu, 2013-06-20 11:11:59 EDT</DateTime><ThumbUp>0</ThumbUp><ThumbDown>0</ThumbDown><Sentiment/></Message><Message type="ReplyMessage"><Id>1371741326531-33</Id><Topic><Title>This week's Max Pain: $263.</Title><Username>geegenjar</Username><Timestamp>1371741119459</Timestamp><DateTime>Thu, 2013-06-20 11:11:59 EDT</DateTime></Topic><Msg>it was but not under odumba thanks for the max pain but u had it at 290 two days ago LOL</Msg><Username>xdon69</Username><Timestamp>1371741326531</Timestamp><DateTime>Thu, 2013-06-20 11:15:26 EDT</DateTime><ThumbUp>0</ThumbUp><ThumbDown>0</ThumbDown><Sentiment/></Message><Message type="TopicMessage"><Id>1371741843869-34</Id><Title>Wow! Shorts are in trouble.</Title><Msg>I had been watching just AMZN, ignoring the DOW today. I just took a peek at the DOW. Down over 200 points and AMZN is down only a couple of points? Shorts here are losers.</Msg><Username>geegenjar</Username><Timestamp>1371741843869</Timestamp><DateTime>Thu, 2013-06-20 11:24:03 EDT</DateTime><ThumbUp>0</ThumbUp><ThumbDown>0</ThumbDown><Sentiment/></Message><Message type="ReplyMessage"><Id>1371742559832-35</Id><Topic><Title>Shorts here are scratching their heads . . .</Title><Username>geegenjar</Username><Timestamp>1371730730632</Timestamp><DateTime>Thu, 2013-06-20 08:18:50 EDT</DateTime></Topic><Msg>I'm going with syb on the pay dirt approach. Nothing defy gravity forever. Obviously with option you're fighting a two front battle with market prices and time unless you're constantly in and out, it's better suited for more volatile stock, again looking to strike gold. If it get bad enough, people with stop contributing to the pensions/401k's and will start to pull out so these funds will be deprived of money to prop this scam up. Just watch. I'll say a couple more red day and mom and pop will be running for the hills. Than Amazon will be the emperor without clothes.</Msg><Username>tung_5000</Username><Timestamp>1371742559832</Timestamp><DateTime>Thu, 2013-06-20 11:35:59 EDT</DateTime><ThumbUp>0</ThumbUp><ThumbDown>0</ThumbDown><Sentiment/></Message><Message type="ReplyMessage"><Id>1371742841314-36</Id><Topic><Title>Shorts here are scratching their heads . . .</Title><Username>geegenjar</Username><Timestamp>1371730730632</Timestamp><DateTime>Thu, 2013-06-20 08:18:50 EDT</DateTime></Topic><Msg>I think it will see 245 after earning but near term is 260 then a run back to 280 just before earning</Msg><Username>xdon69</Username><Timestamp>1371742841314</Timestamp><DateTime>Thu, 2013-06-20 11:40:41 EDT</DateTime><ThumbUp>0</ThumbUp><ThumbDown>0</ThumbDown><Sentiment/></Message><Message type="ReplyMessage"><Id>1371743016087-37</Id><Topic><Title>Shorts here are scratching their heads . . .</Title><Username>geegenjar</Username><Timestamp>1371730730632</Timestamp><DateTime>Thu, 2013-06-20 08:18:50 EDT</DateTime></Topic><Msg>I am doing a little of both. I'll take a few base hits here and there but may still get a few extra base hits but I won't be swinging for the grand slam.</Msg><Username>hapihammer</Username><Timestamp>1371743016087</Timestamp><DateTime>Thu, 2013-06-20 11:43:36 EDT</DateTime><ThumbUp>0</ThumbUp><ThumbDown>0</ThumbDown><Sentiment>Strong Sell</Sentiment></Message><Message type="TopicMessage"><Id>1371743482860-38</Id><Title>Bought some calls.</Title><Msg>Good luck to all!</Msg><Username>geegenjar</Username><Timestamp>1371743482860</Timestamp><DateTime>Thu, 2013-06-20 11:51:22 EDT</DateTime><ThumbUp>0</ThumbUp><ThumbDown>0</ThumbDown><Sentiment/></Message><Message type="TopicMessage"><Id>1371744156127-39</Id><Title>The was another time in market history similar to this, can you guess it? (Bring it da top). Sybs got 1 irrelevant response from dopey gg</Title><Msg>Here's sone hints: 'QE' enacted by decoupling the USD from the gold standard allowing for 'money printing' 'Entitlements' erroded, pension obligationz cut by the fed in the move from defined benefits to 401k' Exponential rise in for profit Medical costs with the invention of the HMO close ties with chicom china fostered and union busting the middle class High unemployement Unreconized rising inflation against decreasing savingz Rising tax rates Markets at all time highz And sybs favorite: massive keytaxing authority bond defaults (nyc) Bonus questionz: Who were the presidents of this period? Who was the fed chair? What happened to the markets az a consequence of the aformentioned environment? Attitude survey: Do you think 'but this time its different'? (Y/n) If N do you think believe us to be in a more favorable, unfavorable, or the same market condition then the afermentioned time in history?</Msg><Username>sybil_rulez</Username><Timestamp>1371744156127</Timestamp><DateTime>Thu, 2013-06-20 12:02:36 EDT</DateTime><ThumbUp>0</ThumbUp><ThumbDown>0</ThumbDown><Sentiment/></Message><Message type="ReplyMessage"><Id>1371745884124-40</Id><Topic><Title>The was another time in market history similar to this, can you guess it? (Bring it da top). Sybs got 1 irrelevant response from dopey gg</Title><Username>sybil_rulez</Username><Timestamp>1371744156127</Timestamp><DateTime>Thu, 2013-06-20 12:02:36 EDT</DateTime></Topic><Msg>was it under nixon</Msg><Username>xdon69</Username><Timestamp>1371745884124</Timestamp><DateTime>Thu, 2013-06-20 12:31:24 EDT</DateTime><ThumbUp>0</ThumbUp><ThumbDown>0</ThumbDown><Sentiment/></Message><Message type="TopicMessage"><Id>1371746626527-41</Id><Title>looks like some big player is holding these float jams secured</Title><Msg>in the same way amzn, pcln, cmg ... sands ?</Msg><Username>junkfood_pe</Username><Timestamp>1371746626527</Timestamp><DateTime>Thu, 2013-06-20 12:43:46 EDT</DateTime><ThumbUp>1</ThumbUp><ThumbDown>1</ThumbDown><Sentiment/></Message><Message type="ReplyMessage"><Id>1371746817421-42</Id><Topic><Title>looks like some big player is holding these float jams secured</Title><Username>junkfood_pe</Username><Timestamp>1371746626527</Timestamp><DateTime>Thu, 2013-06-20 12:43:46 EDT</DateTime></Topic><Msg>plus monster volume on 275 put strike with tomorrow exp. - must be naturally coming from crackheads</Msg><Username>junkfood_pe</Username><Timestamp>1371746817421</Timestamp><DateTime>Thu, 2013-06-20 12:46:57 EDT</DateTime><ThumbUp>0</ThumbUp><ThumbDown>1</ThumbDown><Sentiment/></Message><Message type="TopicMessage"><Id>1371747650347-43</Id><Title>geegee sell those calls</Title><Msg>loser</Msg><Username>xdon69</Username><Timestamp>1371747650347</Timestamp><DateTime>Thu, 2013-06-20 13:00:50 EDT</DateTime><ThumbUp>0</ThumbUp><ThumbDown>0</ThumbDown><Sentiment/></Message><Message type="ReplyMessage"><Id>1371747670189-44</Id><Topic><Title>looks like some big player is holding these float jams secured</Title><Username>junkfood_pe</Username><Timestamp>1371746626527</Timestamp><DateTime>Thu, 2013-06-20 12:43:46 EDT</DateTime></Topic><Msg>I will go back to $260s soon. I am holding my short position to hedge my other longs. AMZN is extremely overvalued stock. It could easily go to $220 when market has more serious correction.</Msg><Username>ling.chen</Username><Timestamp>1371747670189</Timestamp><DateTime>Thu, 2013-06-20 13:01:10 EDT</DateTime><ThumbUp>1</ThumbUp><ThumbDown>0</ThumbDown><Sentiment/></Message><Message type="ReplyMessage"><Id>1371748149237-45</Id><Topic><Title>looks like some big player is holding these float jams secured</Title><Username>junkfood_pe</Username><Timestamp>1371746626527</Timestamp><DateTime>Thu, 2013-06-20 12:43:46 EDT</DateTime></Topic><Msg>Market has to keep selling off in order for the crooks to let AMZN drop. They are pretty secure because the stock never goes down and stays down!! Maybe this time will be different, but it will take a substantial and prolong correction or true company specific negative news (that can't be spun as positive by wall street) to stop the crooks from floating AMZN. The "buy the dip" formula has worked well for the past year...so they won't change without a more pain.</Msg><Username>wuwuwu3</Username><Timestamp>1371748149237</Timestamp><DateTime>Thu, 2013-06-20 13:09:09 EDT</DateTime><ThumbUp>2</ThumbUp><ThumbDown>0</ThumbDown><Sentiment>Strong Sell</Sentiment></Message><Message type="TopicMessage"><Id>1371748310652-46</Id><Title>Have you shorted yet?</Title><Msg>Or bought puts? If not, please do so immediately. Thank you.</Msg><Username>geegenjar</Username><Timestamp>1371748310652</Timestamp><DateTime>Thu, 2013-06-20 13:11:50 EDT</DateTime><ThumbUp>0</ThumbUp><ThumbDown>0</ThumbDown><Sentiment/></Message><Message type="TopicMessage"><Id>1371749215504-47</Id><Title>PE don matta? wait until earning day, OK?</Title><Msg>dddddddddddddddd</Msg><Username>osulinn</Username><Timestamp>1371749215504</Timestamp><DateTime>Thu, 2013-06-20 13:26:55 EDT</DateTime><ThumbUp>0</ThumbUp><ThumbDown>1</ThumbDown><Sentiment/></Message><Message type="TopicMessage"><Id>1371749227929-48</Id><Title>Hope Dow can hold 14000</Title><Msg>Gold bless America!!</Msg><Username>yakimariver</Username><Timestamp>1371749227929</Timestamp><DateTime>Thu, 2013-06-20 13:27:07 EDT</DateTime><ThumbUp>0</ThumbUp><ThumbDown>0</ThumbDown><Sentiment/></Message><Message type="ReplyMessage"><Id>1371749360446-49</Id><Topic><Title>Hope Dow can hold 14000</Title><Username>yakimariver</Username><Timestamp>1371749227929</Timestamp><DateTime>Thu, 2013-06-20 13:27:07 EDT</DateTime></Topic><Msg>sorry, a typo erro. God bless America. Always feel this market rally is something wrong, big, with QE.</Msg><Username>yakimariver</Username><Timestamp>1371749360446</Timestamp><DateTime>Thu, 2013-06-20 13:29:20 EDT</DateTime><ThumbUp>0</ThumbUp><ThumbDown>0</ThumbDown><Sentiment/></Message><Message type="ReplyMessage"><Id>1371749399444-50</Id><Topic><Title>Have you shorted yet?</Title><Username>geegenjar</Username><Timestamp>1371748310652</Timestamp><DateTime>Thu, 2013-06-20 13:11:50 EDT</DateTime></Topic><Msg>sound like any company we know? Sam Antar: It was an 18-year fraud with two parts. As a private company we understated income by skimming money to steal the sales tax and evade income taxes. As a public company we did the opposite: We overstated our income to sell stock at inflated prices.</Msg><Username>zekesrd</Username><Timestamp>1371749399444</Timestamp><DateTime>Thu, 2013-06-20 13:29:59 EDT</DateTime><ThumbUp>0</ThumbUp><ThumbDown>0</ThumbDown><Sentiment/></Message><Message type="ReplyMessage"><Id>1371749476187-51</Id><Topic><Title>looks like some big player is holding these float jams secured</Title><Username>junkfood_pe</Username><Timestamp>1371746626527</Timestamp><DateTime>Thu, 2013-06-20 12:43:46 EDT</DateTime></Topic><Msg>First mover advantage here. First fund or group to move out get the cheese. So far no one yet but it's won't be long before money starting to rotate to "defensive" stocks. Than Amazon will get torched as a momo play. It's going to be a chain reaction / cascading effect once that happens. It's sucks to be a bag holder.</Msg><Username>tung_5000</Username><Timestamp>1371749476187</Timestamp><DateTime>Thu, 2013-06-20 13:31:16 EDT</DateTime><ThumbUp>1</ThumbUp><ThumbDown>0</ThumbDown><Sentiment/></Message><Message type="TopicMessage"><Id>1371750876556-52</Id><Title>$276.25 critical more than ever!</Title><Msg>Bwahahahaha . . . .</Msg><Username>geegenjar</Username><Timestamp>1371750876556</Timestamp><DateTime>Thu, 2013-06-20 13:54:36 EDT</DateTime><ThumbUp>0</ThumbUp><ThumbDown>0</ThumbDown><Sentiment/></Message><Message type="ReplyMessage"><Id>1371750962319-53</Id><Topic><Title>looks like some big player is holding these float jams secured</Title><Username>junkfood_pe</Username><Timestamp>1371746626527</Timestamp><DateTime>Thu, 2013-06-20 12:43:46 EDT</DateTime></Topic><Msg>It's within a stone's throw of it's high so no where near that yet. What we want to see is very pronounced move down on volume and/or big volume down into a close. This is like a last bastion of Wall Street greed and manipulation. I don't think it will fall easily.</Msg><Username>hapihammer</Username><Timestamp>1371750962319</Timestamp><DateTime>Thu, 2013-06-20 13:56:02 EDT</DateTime><ThumbUp>0</ThumbUp><ThumbDown>0</ThumbDown><Sentiment>Strong Sell</Sentiment></Message><Message type="TopicMessage"><Id>1371751450777-54</Id><Title>looks like an easy 270 tomoro</Title><Msg>eom</Msg><Username>xdon69</Username><Timestamp>1371751450777</Timestamp><DateTime>Thu, 2013-06-20 14:04:10 EDT</DateTime><ThumbUp>0</ThumbUp><ThumbDown>0</ThumbDown><Sentiment/></Message><Message type="ReplyMessage"><Id>1371753377337-55</Id><Topic><Title>looks like some big player is holding these float jams secured</Title><Username>junkfood_pe</Username><Timestamp>1371746626527</Timestamp><DateTime>Thu, 2013-06-20 12:43:46 EDT</DateTime></Topic><Msg>ling chen good to hear from u</Msg><Username>xdon69</Username><Timestamp>1371753377337</Timestamp><DateTime>Thu, 2013-06-20 14:36:17 EDT</DateTime><ThumbUp>0</ThumbUp><ThumbDown>0</ThumbDown><Sentiment/></Message><Message type="TopicMessage"><Id>1371754305037-56</Id><Title>Dear lord, sybby's making a fvck in MINT today!</Title><Msg>Sybs short gobz of scamzon and nflx, and also short goog, pcln, ksu. And in sybs retirement acct, sybs holds TONS OF scam bear etfs and they are kicking into hyper drive .... holy fvck, people!</Msg><Username>sybil_rulez</Username><Timestamp>1371754305037</Timestamp><DateTime>Thu, 2013-06-20 14:51:45 EDT</DateTime><ThumbUp>1</ThumbUp><ThumbDown>0</ThumbDown><Sentiment/></Message><Message type="ReplyMessage"><Id>1371754743583-57</Id><Topic><Title>Dear lord, sybby's making a fvck in MINT today!</Title><Username>sybil_rulez</Username><Timestamp>1371754305037</Timestamp><DateTime>Thu, 2013-06-20 14:51:45 EDT</DateTime></Topic><Msg>I knew u would congrats</Msg><Username>xdon69</Username><Timestamp>1371754743583</Timestamp><DateTime>Thu, 2013-06-20 14:59:03 EDT</DateTime><ThumbUp>0</ThumbUp><ThumbDown>0</ThumbDown><Sentiment/></Message><Message type="ReplyMessage"><Id>1371754884550-58</Id><Topic><Title>Dear lord, sybby's making a fvck in MINT today!</Title><Username>sybil_rulez</Username><Timestamp>1371754305037</Timestamp><DateTime>Thu, 2013-06-20 14:51:45 EDT</DateTime></Topic><Msg>And the hilarious thing is skiidady, geegee and nasdaq say all all your trades are fake &amp; your just some broke weirdo. They must be really angry with you today.</Msg><Username>ex.goldbug</Username><Timestamp>1371754884550</Timestamp><DateTime>Thu, 2013-06-20 15:01:24 EDT</DateTime><ThumbUp>0</ThumbUp><ThumbDown>0</ThumbDown><Sentiment/></Message><Message type="ReplyMessage"><Id>1371754990119-59</Id><Topic><Title>Dear lord, sybby's making a fvck in MINT today!</Title><Username>sybil_rulez</Username><Timestamp>1371754305037</Timestamp><DateTime>Thu, 2013-06-20 14:51:45 EDT</DateTime></Topic><Msg>just for the record, how many shares short of AMZN are you now? Geegee would really like to know.</Msg><Username>ex.goldbug</Username><Timestamp>1371754990119</Timestamp><DateTime>Thu, 2013-06-20 15:03:10 EDT</DateTime><ThumbUp>0</ThumbUp><ThumbDown>0</ThumbDown><Sentiment/></Message><Message type="ReplyMessage"><Id>1371755078054-60</Id><Topic><Title>Dear lord, sybby's making a fvck in MINT today!</Title><Username>sybil_rulez</Username><Timestamp>1371754305037</Timestamp><DateTime>Thu, 2013-06-20 14:51:45 EDT</DateTime></Topic><Msg>what are the "scam" ETFs? TBT? UVXY?</Msg><Username>ex.goldbug</Username><Timestamp>1371755078054</Timestamp><DateTime>Thu, 2013-06-20 15:04:38 EDT</DateTime><ThumbUp>0</ThumbUp><ThumbDown>0</ThumbDown><Sentiment/></Message><Message type="TopicMessage"><Id>1371755349828-61</Id><Title>How Far Down</Title><Msg>Shorted this morning but frustrated that its still falling LESS than the overall market. Happy to take the gain, but wondering why some momos (like LNKD and NFLX) are getting crushed while AMZN seems to be getting off light here. Thinking of taking the gains if she hits 270 today.</Msg><Username>stkguy</Username><Timestamp>1371755349828</Timestamp><DateTime>Thu, 2013-06-20 15:09:09 EDT</DateTime><ThumbUp>0</ThumbUp><ThumbDown>0</ThumbDown><Sentiment/></Message><Message type="ReplyMessage"><Id>1371755645235-62</Id><Topic><Title>How Far Down</Title><Username>stkguy</Username><Timestamp>1371755349828</Timestamp><DateTime>Thu, 2013-06-20 15:09:09 EDT</DateTime></Topic><Msg>With the negative PE, you would expect it to be down much more. AMZN is in some sense a "pet" stock of the funds, but if the market continues down, AMZN will play catch up &amp; then some.</Msg><Username>ex.goldbug</Username><Timestamp>1371755645235</Timestamp><DateTime>Thu, 2013-06-20 15:14:05 EDT</DateTime><ThumbUp>0</ThumbUp><ThumbDown>0</ThumbDown><Sentiment/></Message><Message type="ReplyMessage"><Id>1371755711584-63</Id><Topic><Title>How Far Down</Title><Username>stkguy</Username><Timestamp>1371755349828</Timestamp><DateTime>Thu, 2013-06-20 15:09:09 EDT</DateTime></Topic><Msg>I think 268 tomoro don't think 270 today</Msg><Username>xdon69</Username><Timestamp>1371755711584</Timestamp><DateTime>Thu, 2013-06-20 15:15:11 EDT</DateTime><ThumbUp>0</ThumbUp><ThumbDown>0</ThumbDown><Sentiment/></Message><Message type="ReplyMessage"><Id>1371755746337-64</Id><Topic><Title>Dear lord, sybby's making a fvck in MINT today!</Title><Username>sybil_rulez</Username><Timestamp>1371754305037</Timestamp><DateTime>Thu, 2013-06-20 14:51:45 EDT</DateTime></Topic><Msg>how come that dope philjoe hasn't shown up for a while? That boy's even meaner than skiidady.</Msg><Username>ex.goldbug</Username><Timestamp>1371755746337</Timestamp><DateTime>Thu, 2013-06-20 15:15:46 EDT</DateTime><ThumbUp>0</ThumbUp><ThumbDown>0</ThumbDown><Sentiment/></Message><Message type="TopicMessage"><Id>1371756099266-65</Id><Title>AMZN Showing Relative Strength</Title><Msg>Look, I am no fan of 'Scamazon' the company or stock. Just making an observation that it is down less than the markets in the current selloff. So, it will likely rebound harder than other stocks, when the selloff exhausts itself. I am watching for a rebound opp if we have another brutal market day like today.</Msg><Username>algaebb</Username><Timestamp>1371756099266</Timestamp><DateTime>Thu, 2013-06-20 15:21:39 EDT</DateTime><ThumbUp>1</ThumbUp><ThumbDown>0</ThumbDown><Sentiment>Hold</Sentiment></Message><Message type="ReplyMessage"><Id>1371756297750-66</Id><Topic><Title>AMZN Showing Relative Strength</Title><Username>algaebb</Username><Timestamp>1371756099266</Timestamp><DateTime>Thu, 2013-06-20 15:21:39 EDT</DateTime></Topic><Msg>That's funny. Just yesterday you posted "$300 Wedgie coming and said don't short. It may be down less than the market but still down 5 bucks, which I'll take. I wouldn't do this for a living if I were you. Just sayin.</Msg><Username>stkguy</Username><Timestamp>1371756297750</Timestamp><DateTime>Thu, 2013-06-20 15:24:57 EDT</DateTime><ThumbUp>1</ThumbUp><ThumbDown>0</ThumbDown><Sentiment/></Message><Message type="ReplyMessage"><Id>1371756562649-67</Id><Topic><Title>AMZN Showing Relative Strength</Title><Username>algaebb</Username><Timestamp>1371756099266</Timestamp><DateTime>Thu, 2013-06-20 15:21:39 EDT</DateTime></Topic><Msg>I clearly stated that I had no position either way yesterday. I am only now looking at opening a short term long position.</Msg><Username>algaebb</Username><Timestamp>1371756562649</Timestamp><DateTime>Thu, 2013-06-20 15:29:22 EDT</DateTime><ThumbUp>0</ThumbUp><ThumbDown>0</ThumbDown><Sentiment>Hold</Sentiment></Message><Message type="TopicMessage"><Id>1371756593532-68</Id><Title>Uncanny how market is tracking 1929</Title><Msg>Glorious 1929: from Jan-June, market up 20%, 10-15% selloff in late June on FED raising rate worries; mid summer rally until Labor Day, huge 40% crash in Sept-Oct.</Msg><Username>ex.goldbug</Username><Timestamp>1371756593532</Timestamp><DateTime>Thu, 2013-06-20 15:29:53 EDT</DateTime><ThumbUp>0</ThumbUp><ThumbDown>0</ThumbDown><Sentiment/></Message><Message type="ReplyMessage"><Id>1371756699647-69</Id><Topic><Title>Uncanny how market is tracking 1929</Title><Username>ex.goldbug</Username><Timestamp>1371756593532</Timestamp><DateTime>Thu, 2013-06-20 15:29:53 EDT</DateTime></Topic><Msg>RCA, Amazon-like MOMO darling of 1929, from $300 to $40.</Msg><Username>ex.goldbug</Username><Timestamp>1371756699647</Timestamp><DateTime>Thu, 2013-06-20 15:31:39 EDT</DateTime><ThumbUp>1</ThumbUp><ThumbDown>0</ThumbDown><Sentiment/></Message><Message type="ReplyMessage"><Id>1371756960235-70</Id><Topic><Title>looks like some big player is holding these float jams secured</Title><Username>junkfood_pe</Username><Timestamp>1371746626527</Timestamp><DateTime>Thu, 2013-06-20 12:43:46 EDT</DateTime></Topic><Msg>junk - yep the manipulators are holding it up due to opex tomorrow w/ max pain at 275 ... they are even buying into this mess .. tells you a little about their confidence in their ability to manipulate. The option volume for tomorrow is massive, much more than nflx/others. They need to get crushed once, and this will turn around. Maybe some big volume at close by a fund will overwhelm them.</Msg><Username>once_on</Username><Timestamp>1371756960235</Timestamp><DateTime>Thu, 2013-06-20 15:36:00 EDT</DateTime><ThumbUp>0</ThumbUp><ThumbDown>0</ThumbDown><Sentiment/></Message><Message type="ReplyMessage"><Id>1371757200315-71</Id><Topic><Title>Uncanny how market is tracking 1929</Title><Username>ex.goldbug</Username><Timestamp>1371756593532</Timestamp><DateTime>Thu, 2013-06-20 15:29:53 EDT</DateTime></Topic><Msg>"Radio", held up by the Meehan pool (Mike Meehan was the specialist). Started to cave in in June, really caved in in Sept-Oct. RCA actually had earnings and a PE, about 50 if I recall correctly. Does AMZN have a PE?</Msg><Username>ex.goldbug</Username><Timestamp>1371757200315</Timestamp><DateTime>Thu, 2013-06-20 15:40:00 EDT</DateTime><ThumbUp>0</ThumbUp><ThumbDown>0</ThumbDown><Sentiment/></Message><Message type="ReplyMessage"><Id>1371757216245-72</Id><Topic><Title>AMZN Showing Relative Strength</Title><Username>algaebb</Username><Timestamp>1371756099266</Timestamp><DateTime>Thu, 2013-06-20 15:21:39 EDT</DateTime></Topic><Msg>Dont think so. And I would touch it...on the SHORT side: 6/18 posting: This is going to break all time high and go parabolic as shorts panic. I wouldn't touch it on either side of the trade right now.</Msg><Username>stkguy</Username><Timestamp>1371757216245</Timestamp><DateTime>Thu, 2013-06-20 15:40:16 EDT</DateTime><ThumbUp>0</ThumbUp><ThumbDown>0</ThumbDown><Sentiment/></Message><Message type="ReplyMessage"><Id>1371757384375-73</Id><Topic><Title>Uncanny how market is tracking 1929</Title><Username>ex.goldbug</Username><Timestamp>1371756593532</Timestamp><DateTime>Thu, 2013-06-20 15:29:53 EDT</DateTime></Topic><Msg>Question kids, how big a decline is $300 to $40? almost 87%</Msg><Username>ex.goldbug</Username><Timestamp>1371757384375</Timestamp><DateTime>Thu, 2013-06-20 15:43:04 EDT</DateTime><ThumbUp>0</ThumbUp><ThumbDown>0</ThumbDown><Sentiment/></Message><Message type="ReplyMessage"><Id>1371757392301-74</Id><Topic><Title>Dear lord, sybby's making a fvck in MINT today!</Title><Username>sybil_rulez</Username><Timestamp>1371754305037</Timestamp><DateTime>Thu, 2013-06-20 14:51:45 EDT</DateTime></Topic><Msg>Sybs scam etf's include: smk, off, srs, psq,sh, dog, qid, mzz, dxd, srty ... Etf's are such a scam but these pos etfs are running hard today. After covering 1000 sharez of scamazon and 500 nflx, sybs haz 15000 scamazonz and 3000 pig flix shorts.... JACK POT. These thingz havent even BEGUN to drop</Msg><Username>sybil_rulez</Username><Timestamp>1371757392301</Timestamp><DateTime>Thu, 2013-06-20 15:43:12 EDT</DateTime><ThumbUp>0</ThumbUp><ThumbDown>0</ThumbDown><Sentiment/></Message><Message type="ReplyMessage"><Id>1371757465083-75</Id><Topic><Title>Dear lord, sybby's making a fvck in MINT today!</Title><Username>sybil_rulez</Username><Timestamp>1371754305037</Timestamp><DateTime>Thu, 2013-06-20 14:51:45 EDT</DateTime></Topic><Msg>get long volatility Syb. Maybe wait for a pullback.</Msg><Username>ex.goldbug</Username><Timestamp>1371757465083</Timestamp><DateTime>Thu, 2013-06-20 15:44:25 EDT</DateTime><ThumbUp>0</ThumbUp><ThumbDown>0</ThumbDown><Sentiment/></Message><Message type="ReplyMessage"><Id>1371757686283-76</Id><Topic><Title>Uncanny how market is tracking 1929</Title><Username>ex.goldbug</Username><Timestamp>1371756593532</Timestamp><DateTime>Thu, 2013-06-20 15:29:53 EDT</DateTime></Topic><Msg>Or is it 1987? Same difference. Interesting that 2013 calendar is same as 1929. Oct 29, 1929 ("Black Tuesday") and Oct. 29, 2013--you guessed it, Tuesday.</Msg><Username>ex.goldbug</Username><Timestamp>1371757686283</Timestamp><DateTime>Thu, 2013-06-20 15:48:06 EDT</DateTime><ThumbUp>0</ThumbUp><ThumbDown>0</ThumbDown><Sentiment/></Message><Message type="ReplyMessage"><Id>1371757732988-77</Id><Topic><Title>$276.25 critical more than ever!</Title><Username>geegenjar</Username><Timestamp>1371750876556</Timestamp><DateTime>Thu, 2013-06-20 13:54:36 EDT</DateTime></Topic><Msg>Are you sad?</Msg><Username>ex.goldbug</Username><Timestamp>1371757732988</Timestamp><DateTime>Thu, 2013-06-20 15:48:52 EDT</DateTime><ThumbUp>0</ThumbUp><ThumbDown>0</ThumbDown><Sentiment/></Message><Message type="TopicMessage"><Id>1371757825419-78</Id><Title>longs are sad they were thinking 300</Title><Msg>bwaaaaaaaaaaaaaaa</Msg><Username>xdon69</Username><Timestamp>1371757825419</Timestamp><DateTime>Thu, 2013-06-20 15:50:25 EDT</DateTime><ThumbUp>0</ThumbUp><ThumbDown>0</ThumbDown><Sentiment/></Message><Message type="TopicMessage"><Id>1371757855435-79</Id><Title>A bounce to 276+ tomorrow</Title><Msg>After that, I don't know.</Msg><Username>geegenjar</Username><Timestamp>1371757855435</Timestamp><DateTime>Thu, 2013-06-20 15:50:55 EDT</DateTime><ThumbUp>0</ThumbUp><ThumbDown>1</ThumbDown><Sentiment/></Message><Message type="TopicMessage"><Id>1371757945628-80</Id><Title>Bought another set of calls.</Title><Msg>Don't give up.</Msg><Username>geegenjar</Username><Timestamp>1371757945628</Timestamp><DateTime>Thu, 2013-06-20 15:52:25 EDT</DateTime><ThumbUp>0</ThumbUp><ThumbDown>0</ThumbDown><Sentiment/></Message><Message type="ReplyMessage"><Id>1371758062714-81</Id><Topic><Title>A bounce to 276+ tomorrow</Title><Username>geegenjar</Username><Timestamp>1371757855435</Timestamp><DateTime>Thu, 2013-06-20 15:50:55 EDT</DateTime></Topic><Msg>I'll agree with this. Not because I give a sh-t what Geegee thinks, but due to options expiry.</Msg><Username>algaebb</Username><Timestamp>1371758062714</Timestamp><DateTime>Thu, 2013-06-20 15:54:22 EDT</DateTime><ThumbUp>0</ThumbUp><ThumbDown>1</ThumbDown><Sentiment>Buy</Sentiment></Message><Message type="ReplyMessage"><Id>1371758207071-82</Id><Topic><Title>Uncanny how market is tracking 1929</Title><Username>ex.goldbug</Username><Timestamp>1371756593532</Timestamp><DateTime>Thu, 2013-06-20 15:29:53 EDT</DateTime></Topic><Msg>In the age of the Bernanks, PE is irrelevant due to the easy money effect.</Msg><Username>tung_5000</Username><Timestamp>1371758207071</Timestamp><DateTime>Thu, 2013-06-20 15:56:47 EDT</DateTime><ThumbUp>0</ThumbUp><ThumbDown>0</ThumbDown><Sentiment/></Message><Message type="TopicMessage"><Id>1371758376297-83</Id><Title>Excellent Job BOTs!</Title><Msg>Even with the NAZ down over 2%, the BOTs have rallied into the close to successfully paint the tape.</Msg><Username>shorting_amazon</Username><Timestamp>1371758376297</Timestamp><DateTime>Thu, 2013-06-20 15:59:36 EDT</DateTime><ThumbUp>0</ThumbUp><ThumbDown>0</ThumbDown><Sentiment/></Message><Message type="TopicMessage"><Id>1371759020003-84</Id><Title>Another day shorts here wonder . . .</Title><Msg>. . . they're still in the red.</Msg><Username>geegenjar</Username><Timestamp>1371759020003</Timestamp><DateTime>Thu, 2013-06-20 16:10:20 EDT</DateTime><ThumbUp>0</ThumbUp><ThumbDown>0</ThumbDown><Sentiment/></Message><Message type="ReplyMessage"><Id>1371759557201-85</Id><Topic><Title>Dear lord, sybby's making a fvck in MINT today!</Title><Username>sybil_rulez</Username><Timestamp>1371754305037</Timestamp><DateTime>Thu, 2013-06-20 14:51:45 EDT</DateTime></Topic><Msg>Ex, Dont bother recommeding tradez or strategiez - sybil listenz to no one. Sybil walks a lonely road.</Msg><Username>sybil_rulez</Username><Timestamp>1371759557201</Timestamp><DateTime>Thu, 2013-06-20 16:19:17 EDT</DateTime><ThumbUp>0</ThumbUp><ThumbDown>0</ThumbDown><Sentiment/></Message><Message type="TopicMessage"><Id>1371759776604-86</Id><Title>Bunch of screaming and yell'in, but nobody understandz scamazon or the other pigz that trade weekliez.</Title><Msg>They wont 'crash' until the thoroughly soak optionz crackheadz, but once option crackheadz throw in the towel and stop buying them after weeks and months and yearz of getting bled, they will crash with a vengence. The market cap of theze stox isnt what makes bots money, selling optionz by the week and then killing the crackheadz does.</Msg><Username>sybil_rulez</Username><Timestamp>1371759776604</Timestamp><DateTime>Thu, 2013-06-20 16:22:56 EDT</DateTime><ThumbUp>0</ThumbUp><ThumbDown>0</ThumbDown><Sentiment/></Message><Message type="ReplyMessage"><Id>1371759842628-87</Id><Topic><Title>A bounce to 276+ tomorrow</Title><Username>geegenjar</Username><Timestamp>1371757855435</Timestamp><DateTime>Thu, 2013-06-20 15:50:55 EDT</DateTime></Topic><Msg>276 right after the open (or at the open) is a done deal. 278 may get tested. If that happens, shorts here will be eager to bid up AMZN beyond 280 tomorrow. Hahaha . . . Shorts here are the backbone of America.</Msg><Username>geegenjar</Username><Timestamp>1371759842628</Timestamp><DateTime>Thu, 2013-06-20 16:24:02 EDT</DateTime><ThumbUp>0</ThumbUp><ThumbDown>1</ThumbDown><Sentiment/></Message><Message type="ReplyMessage"><Id>1371759886686-88</Id><Topic><Title>Bought another set of calls.</Title><Username>geegenjar</Username><Timestamp>1371757945628</Timestamp><DateTime>Thu, 2013-06-20 15:52:25 EDT</DateTime></Topic><Msg>Geegee, Youre a fvck in retread. Nobody carez what you post - irrelavent. Lllllllllooooooooooooooser</Msg><Username>sybil_rulez</Username><Timestamp>1371759886686</Timestamp><DateTime>Thu, 2013-06-20 16:24:46 EDT</DateTime><ThumbUp>0</ThumbUp><ThumbDown>0</ThumbDown><Sentiment/></Message><Message type="ReplyMessage"><Id>1371761786434-89</Id><Topic><Title>Dear lord, sybby's making a fvck in MINT today!</Title><Username>sybil_rulez</Username><Timestamp>1371754305037</Timestamp><DateTime>Thu, 2013-06-20 14:51:45 EDT</DateTime></Topic><Msg>Sybil: "Dear lord, sybby's making a fvck in MINT today!" You mean your loss shrunk a little today. Is that the name of this game for you? "Short, get in the red immeidately, wait for almost a year, see the loss shrink a little once in a while, and be happy." Yeah, be happy.</Msg><Username>geegenjar</Username><Timestamp>1371761786434</Timestamp><DateTime>Thu, 2013-06-20 16:56:26 EDT</DateTime><ThumbUp>0</ThumbUp><ThumbDown>0</ThumbDown><Sentiment/></Message><Message type="ReplyMessage"><Id>1371764523924-90</Id><Topic><Title>Dear lord, sybby's making a fvck in MINT today!</Title><Username>sybil_rulez</Username><Timestamp>1371754305037</Timestamp><DateTime>Thu, 2013-06-20 14:51:45 EDT</DateTime></Topic><Msg>Uuuuummmmmm..... Sybil covered some sharez today on the s&amp;p dump to the 100 sma, and haz pleeeentu of gunpowder to re-short any 'bouncez' , while holding remaining shorts to ride into the toilet. Sybs bestest gainz came out of covering some pigflix today, both have MUCO room to drop on at a date yet to be determined. Anyone daring to stay long theze turkeyz iz retreaded. And anyone going long by derivativez iz a retreaded crack head.... Geegee, you simply sub human - you have no money and the brainz of an ameba....</Msg><Username>sybil_rulez</Username><Timestamp>1371764523924</Timestamp><DateTime>Thu, 2013-06-20 17:42:03 EDT</DateTime><ThumbUp>0</ThumbUp><ThumbDown>0</ThumbDown><Sentiment/></Message><Message type="ReplyMessage"><Id>1371767015074-91</Id><Topic><Title>Looks like yet another failed bid in scamazon'z quest to top that illusive all time high.... Orrrrrr it could be that....</Title><Username>sybil_rulez</Username><Timestamp>1371665165711</Timestamp><DateTime>Wed, 2013-06-19 14:06:05 EDT</DateTime></Topic><Msg>Oh my, that hurts. I have no friends like a 60 year old pizza flyer salesman who dreams of internet stalking and some transsexual whacko who spends his life destroying a yahoo message board. I'm so jealous of your friends................. but no so much your SLV!!!!!</Msg><Username>skiidady</Username><Timestamp>1371767015074</Timestamp><DateTime>Thu, 2013-06-20 18:23:35 EDT</DateTime><ThumbUp>0</ThumbUp><ThumbDown>7</ThumbDown><Sentiment>Strong Buy</Sentiment></Message><Message type="TopicMessage"><Id>1371768416261-92</Id><Title>Sweet geezuz, praise be the trading gods! Skiidady just posted - ya'll know what that meanz, right?</Title><Msg>We go MUCH lower. Sybil lifts eyez on high and givez thanks to the powerful trading gods for once again delivering dopy skiidady, the ultimate contrarianz indicator, to the scamazon board.</Msg><Username>sybil_rulez</Username><Timestamp>1371768416261</Timestamp><DateTime>Thu, 2013-06-20 18:46:56 EDT</DateTime><ThumbUp>0</ThumbUp><ThumbDown>0</ThumbDown><Sentiment/></Message><Message type="TopicMessage"><Id>1371768878675-93</Id><Title>call the closing price for tomoro i say 269</Title><Msg>anyone</Msg><Username>xdon69</Username><Timestamp>1371768878675</Timestamp><DateTime>Thu, 2013-06-20 18:54:38 EDT</DateTime><ThumbUp>0</ThumbUp><ThumbDown>0</ThumbDown><Sentiment/></Message><Message type="ReplyMessage"><Id>1371769189446-94</Id><Topic><Title>call the closing price for tomoro i say 269</Title><Username>xdon69</Username><Timestamp>1371768878675</Timestamp><DateTime>Thu, 2013-06-20 18:54:38 EDT</DateTime></Topic><Msg>North of 275</Msg><Username>tail_risk</Username><Timestamp>1371769189446</Timestamp><DateTime>Thu, 2013-06-20 18:59:49 EDT</DateTime><ThumbUp>0</ThumbUp><ThumbDown>0</ThumbDown><Sentiment/></Message><Message type="ReplyMessage"><Id>1371769416709-95</Id><Topic><Title>Dear lord, sybby's making a fvck in MINT today!</Title><Username>sybil_rulez</Username><Timestamp>1371754305037</Timestamp><DateTime>Thu, 2013-06-20 14:51:45 EDT</DateTime></Topic><Msg>Amoeba's are higher life forms than Geegee...</Msg><Username>techstrategy</Username><Timestamp>1371769416709</Timestamp><DateTime>Thu, 2013-06-20 19:03:36 EDT</DateTime><ThumbUp>0</ThumbUp><ThumbDown>0</ThumbDown><Sentiment/></Message><Message type="ReplyMessage"><Id>1371769579344-96</Id><Topic><Title>looks like some big player is holding these float jams secured</Title><Username>junkfood_pe</Username><Timestamp>1371746626527</Timestamp><DateTime>Thu, 2013-06-20 12:43:46 EDT</DateTime></Topic><Msg>Amazon's cash flow problems will become very significant toward the end of the year. And all the leverage it has been adding (on balance sheet and off) will prove to be a disaster...</Msg><Username>techstrategy</Username><Timestamp>1371769579344</Timestamp><DateTime>Thu, 2013-06-20 19:06:19 EDT</DateTime><ThumbUp>0</ThumbUp><ThumbDown>1</ThumbDown><Sentiment/></Message><Message type="ReplyMessage"><Id>1371769717770-97</Id><Topic><Title>looks like some big player is holding these float jams secured</Title><Username>junkfood_pe</Username><Timestamp>1371746626527</Timestamp><DateTime>Thu, 2013-06-20 12:43:46 EDT</DateTime></Topic><Msg>Works until it doesn't...</Msg><Username>techstrategy</Username><Timestamp>1371769717770</Timestamp><DateTime>Thu, 2013-06-20 19:08:37 EDT</DateTime><ThumbUp>0</ThumbUp><ThumbDown>0</ThumbDown><Sentiment/></Message><Message type="ReplyMessage"><Id>1371770795239-98</Id><Topic><Title>call the closing price for tomoro i say 269</Title><Username>xdon69</Username><Timestamp>1371768878675</Timestamp><DateTime>Thu, 2013-06-20 18:54:38 EDT</DateTime></Topic><Msg>I think u may be right I am looking to short again at 278</Msg><Username>xdon69</Username><Timestamp>1371770795239</Timestamp><DateTime>Thu, 2013-06-20 19:26:35 EDT</DateTime><ThumbUp>0</ThumbUp><ThumbDown>0</ThumbDown><Sentiment/></Message><Message type="TopicMessage"><Id>1371773026102-99</Id><Title>AMZN stock is like Gold..</Title><Msg>it is worth whatever you think it is... You don't care if it makes anyshiat or pay interest... It is also like gold. When shiat happens, shiat happens.</Msg><Username>osulinn</Username><Timestamp>1371773026102</Timestamp><DateTime>Thu, 2013-06-20 20:03:46 EDT</DateTime><ThumbUp>0</ThumbUp><ThumbDown>1</ThumbDown><Sentiment/></Message><Message type="ReplyMessage"><Id>1371774875512-100</Id><Topic><Title>Looks like yet another failed bid in scamazon'z quest to top that illusive all time high.... Orrrrrr it could be that....</Title><Username>sybil_rulez</Username><Timestamp>1371665165711</Timestamp><DateTime>Wed, 2013-06-19 14:06:05 EDT</DateTime></Topic><Msg>Golly gee....it appears that the d'ckless clown is unwilling to accept his legacy here (and the accurate portrayal of his d'cklessness), so he just decides to whine like the HS sophomore he loves to portray. "Wah! Wah! says d'ckless....you keep making fun of me and I'll to REALLY take a crp here!!! Get a life, d'ckless.</Msg><Username>matzoh_myron</Username><Timestamp>1371774875512</Timestamp><DateTime>Thu, 2013-06-20 20:34:35 EDT</DateTime><ThumbUp>0</ThumbUp><ThumbDown>0</ThumbDown><Sentiment/></Message><Message type="ReplyMessage"><Id>1371775260873-101</Id><Topic><Title>call the closing price for tomoro i say 269</Title><Username>xdon69</Username><Timestamp>1371768878675</Timestamp><DateTime>Thu, 2013-06-20 18:54:38 EDT</DateTime></Topic><Msg>All out today, with a small gain trading this stock. It just look super strong for a number of reasons. I'm seeing some minor retreat or consolidation if the market weakens but no serious decline in store just yet. I believe you can etch out some nice gains by flipping it back and forth, long and short. Seems to be range bound again at slightly higher averages till earning. This stock trades like an etf with the added bonus of the "big one" on the downside but Bezos is no pushover. They've just lowered the expectation for Q2 earnings, so if they're beating that easy target somewhat convincingly, than it's open for further manipulations to the upside. Just saying, da boyz are not quite done with this one yet. The short interest here is not strong enough to make a real different yet.</Msg><Username>tung_5000</Username><Timestamp>1371775260873</Timestamp><DateTime>Thu, 2013-06-20 20:41:00 EDT</DateTime><ThumbUp>0</ThumbUp><ThumbDown>0</ThumbDown><Sentiment/></Message><Message type="ReplyMessage"><Id>1371777436253-102</Id><Topic><Title>Looks like yet another failed bid in scamazon'z quest to top that illusive all time high.... Orrrrrr it could be that....</Title><Username>sybil_rulez</Username><Timestamp>1371665165711</Timestamp><DateTime>Wed, 2013-06-19 14:06:05 EDT</DateTime></Topic><Msg>How do you know that buyloww is a "pizza flyer salesman" and Sybil a "transexual wacko" without any foundation to base those incendiary charges on? You make such idiotic remarks. As far as SLV goes, it is a "pioneer" position, no more than 1%, and I'm quite confident silver will be much higher in a year or two. But Beverly Hills Backcorp is defunct. Kaput.</Msg><Username>ex.goldbug</Username><Timestamp>1371777436253</Timestamp><DateTime>Thu, 2013-06-20 21:17:16 EDT</DateTime><ThumbUp>1</ThumbUp><ThumbDown>0</ThumbDown><Sentiment/></Message><Message type="ReplyMessage"><Id>1371780329672-103</Id><Topic><Title>looks like some big player is holding these float jams secured</Title><Username>junkfood_pe</Username><Timestamp>1371746626527</Timestamp><DateTime>Thu, 2013-06-20 12:43:46 EDT</DateTime></Topic><Msg>this is when comrade bernaka comes in with the fresh short put they call it "price stability" just in case u forgot</Msg><Username>junkfood_pe</Username><Timestamp>1371780329672</Timestamp><DateTime>Thu, 2013-06-20 22:05:29 EDT</DateTime><ThumbUp>0</ThumbUp><ThumbDown>1</ThumbDown><Sentiment/></Message><Message type="TopicMessage"><Id>1371782534567-104</Id><Title>A blood red bloomberg board az markets across the globe go into the fvck in TANK</Title><Msg>Tommorrow iz gonna be another down day, kidz.... Trust sybs when sybil sayz that scamazon iz gonna make up for lost ground. It will close in the 250's or lower tomorrow.... Goody.</Msg><Username>sybil_rulez</Username><Timestamp>1371782534567</Timestamp><DateTime>Thu, 2013-06-20 22:42:14 EDT</DateTime><ThumbUp>0</ThumbUp><ThumbDown>0</ThumbDown><Sentiment/></Message><Message type="ReplyMessage"><Id>1371783857792-105</Id><Topic><Title>A blood red bloomberg board az markets across the globe go into the fvck in TANK</Title><Username>sybil_rulez</Username><Timestamp>1371782534567</Timestamp><DateTime>Thu, 2013-06-20 22:42:14 EDT</DateTime></Topic><Msg>Sybil: " It will close in the 250's or lower tomorrow...." Yes, ma'am.</Msg><Username>geegenjar</Username><Timestamp>1371783857792</Timestamp><DateTime>Thu, 2013-06-20 23:04:17 EDT</DateTime><ThumbUp>0</ThumbUp><ThumbDown>0</ThumbDown><Sentiment/></Message><Message type="TopicMessage"><Id>1371784238979-106</Id><Title>BOJ annouces their own QE: Nikkei up 6.2%!</Title><Msg>Hahaha . . . did you wet your pink panties, shorts? Just kidding, but you just realized how flimsy your conviction is. Hahaha . . .</Msg><Username>geegenjar</Username><Timestamp>1371784238979</Timestamp><DateTime>Thu, 2013-06-20 23:10:38 EDT</DateTime><ThumbUp>0</ThumbUp><ThumbDown>0</ThumbDown><Sentiment/></Message><Message type="TopicMessage"><Id>1371784329328-107</Id><Title>Nasdaq? Bruce? Algaebb? Nemesis?</Title><Msg>We miss your insight. Please weigh in on exactly when she hits $300!!!!! I thought it was this week? LOL</Msg><Username>stkguy</Username><Timestamp>1371784329328</Timestamp><DateTime>Thu, 2013-06-20 23:12:09 EDT</DateTime><ThumbUp>0</ThumbUp><ThumbDown>0</ThumbDown><Sentiment/></Message><Message type="ReplyMessage"><Id>1371784690391-108</Id><Topic><Title>A blood red bloomberg board az markets across the globe go into the fvck in TANK</Title><Username>sybil_rulez</Username><Timestamp>1371782534567</Timestamp><DateTime>Thu, 2013-06-20 22:42:14 EDT</DateTime></Topic><Msg>"Bought calls" ... yea you did. How's that workin for ya?</Msg><Username>stkguy</Username><Timestamp>1371784690391</Timestamp><DateTime>Thu, 2013-06-20 23:18:10 EDT</DateTime><ThumbUp>0</ThumbUp><ThumbDown>0</ThumbDown><Sentiment/></Message><Message type="ReplyMessage"><Id>1371784797661-109</Id><Topic><Title>call the closing price for tomoro i say 269</Title><Username>xdon69</Username><Timestamp>1371768878675</Timestamp><DateTime>Thu, 2013-06-20 18:54:38 EDT</DateTime></Topic><Msg>271.48</Msg><Username>stkguy</Username><Timestamp>1371784797661</Timestamp><DateTime>Thu, 2013-06-20 23:19:57 EDT</DateTime><ThumbUp>0</ThumbUp><ThumbDown>0</ThumbDown><Sentiment/></Message><Message type="ReplyMessage"><Id>1371785454773-110</Id><Topic><Title>A blood red bloomberg board az markets across the globe go into the fvck in TANK</Title><Username>sybil_rulez</Username><Timestamp>1371782534567</Timestamp><DateTime>Thu, 2013-06-20 22:42:14 EDT</DateTime></Topic><Msg>The second set I bought near the close is doing well. The first set is obviously a loser.</Msg><Username>geegenjar</Username><Timestamp>1371785454773</Timestamp><DateTime>Thu, 2013-06-20 23:30:54 EDT</DateTime><ThumbUp>0</ThumbUp><ThumbDown>0</ThumbDown><Sentiment/></Message><Message type="ReplyMessage"><Id>1371785564136-111</Id><Topic><Title>Nasdaq? Bruce? Algaebb? Nemesis?</Title><Username>stkguy</Username><Timestamp>1371784329328</Timestamp><DateTime>Thu, 2013-06-20 23:12:09 EDT</DateTime></Topic><Msg>Did you close your position today? The DOW futures are up 220+ now.</Msg><Username>geegenjar</Username><Timestamp>1371785564136</Timestamp><DateTime>Thu, 2013-06-20 23:32:44 EDT</DateTime><ThumbUp>0</ThumbUp><ThumbDown>0</ThumbDown><Sentiment/></Message><Message type="ReplyMessage"><Id>1371785903908-112</Id><Topic><Title>Nasdaq? Bruce? Algaebb? Nemesis?</Title><Username>stkguy</Username><Timestamp>1371784329328</Timestamp><DateTime>Thu, 2013-06-20 23:12:09 EDT</DateTime></Topic><Msg>Didn't you buy tons of calls yesterday and the day before?</Msg><Username>dowto6k</Username><Timestamp>1371785903908</Timestamp><DateTime>Thu, 2013-06-20 23:38:23 EDT</DateTime><ThumbUp>0</ThumbUp><ThumbDown>0</ThumbDown><Sentiment/></Message></Date>