<?xml version="1.0" encoding="UTF-8" standalone="no"?><Date date="2013-05-03"><Message type="TopicMessage"><Id>1367555967537-1</Id><Title>B&amp;N partner with Google</Title><Msg>B&amp;N Nook will have access to all Google Player Apps/Digital Contents. Bad news for Kindle Fire.</Msg><Username>leland_chen</Username><Timestamp>1367555967537</Timestamp><DateTime>Fri, 2013-05-03 00:39:27 EDT</DateTime><ThumbUp>1</ThumbUp><ThumbDown>0</ThumbDown><Sentiment/></Message><Message type="ReplyMessage"><Id>1367556042379-2</Id><Topic><Title>B&amp;N partner with Google</Title><Username>leland_chen</Username><Timestamp>1367555967537</Timestamp><DateTime>Fri, 2013-05-03 00:39:27 EDT</DateTime></Topic><Msg>Tomorrow AMZN may break down $245.</Msg><Username>leland_chen</Username><Timestamp>1367556042379</Timestamp><DateTime>Fri, 2013-05-03 00:40:42 EDT</DateTime><ThumbUp>0</ThumbUp><ThumbDown>0</ThumbDown><Sentiment/></Message><Message type="ReplyMessage"><Id>1367556251789-3</Id><Topic><Title>AMZN Candles</Title><Username>homonym_doctor</Username><Timestamp>1367540712440</Timestamp><DateTime>Thu, 2013-05-02 20:25:12 EDT</DateTime></Topic><Msg>Don't read into your candles too much dude. It still made a lower high and the volume was not spectacular. Most of all, it closed below or at all major resistances. Tomorrow will NOT be a good day after a Thursday record high S&amp;P regardless of job numbers. Market will take profits and AMZN will go down. Today was not a reversal candle and it was just another dead cat bounce. I added to my short position during the last 15 minutes and I will add more to my short position if I am wrong tomorrow. Go ahead and buy all you want. Just keep your stop tight.</Msg><Username>hb5fa_2</Username><Timestamp>1367556251789</Timestamp><DateTime>Fri, 2013-05-03 00:44:11 EDT</DateTime><ThumbUp>0</ThumbUp><ThumbDown>0</ThumbDown><Sentiment>Strong Sell</Sentiment></Message><Message type="ReplyMessage"><Id>1367556398565-4</Id><Topic><Title>B&amp;N partner with Google</Title><Username>leland_chen</Username><Timestamp>1367555967537</Timestamp><DateTime>Fri, 2013-05-03 00:39:27 EDT</DateTime></Topic><Msg>no reaction in AH</Msg><Username>loumops</Username><Timestamp>1367556398565</Timestamp><DateTime>Fri, 2013-05-03 00:46:38 EDT</DateTime><ThumbUp>0</ThumbUp><ThumbDown>0</ThumbDown><Sentiment/></Message><Message type="ReplyMessage"><Id>1367556637556-5</Id><Topic><Title>B&amp;N partner with Google</Title><Username>leland_chen</Username><Timestamp>1367555967537</Timestamp><DateTime>Fri, 2013-05-03 00:39:27 EDT</DateTime></Topic><Msg>The news was release at 12:00AM EST. Market(include AH trading) was closed at 8:00PM EST</Msg><Username>leland_chen</Username><Timestamp>1367556637556</Timestamp><DateTime>Fri, 2013-05-03 00:50:37 EDT</DateTime><ThumbUp>0</ThumbUp><ThumbDown>0</ThumbDown><Sentiment/></Message><Message type="TopicMessage"><Id>1367556856714-6</Id><Title>Tomorrow's Max Pain: $263.24</Title><Msg>Good luck to all!</Msg><Username>geegenjar</Username><Timestamp>1367556856714</Timestamp><DateTime>Fri, 2013-05-03 00:54:16 EDT</DateTime><ThumbUp>0</ThumbUp><ThumbDown>0</ThumbDown><Sentiment/></Message><Message type="ReplyMessage"><Id>1367557160943-7</Id><Topic><Title>PIN tomorrow now looks like $250,,10KPUTS and 8K CALLS--Tanky Tanky</Title><Username>housedoctor66</Username><Timestamp>1367525555832</Timestamp><DateTime>Thu, 2013-05-02 16:12:35 EDT</DateTime></Topic><Msg>Will be interesting to see how LNKD trade tomorrow. I'm anticipating that it will drop some at the open, recover, and drop again in the afternoon. With a a number of overvalued companies about to break down. Even if this market fail to drop a good amount, it will still be an okay summer for shorts.</Msg><Username>tung_5000</Username><Timestamp>1367557160943</Timestamp><DateTime>Fri, 2013-05-03 00:59:20 EDT</DateTime><ThumbUp>0</ThumbUp><ThumbDown>0</ThumbDown><Sentiment/></Message><Message type="ReplyMessage"><Id>1367557278030-8</Id><Topic><Title>AMZN Candles</Title><Username>homonym_doctor</Username><Timestamp>1367540712440</Timestamp><DateTime>Thu, 2013-05-02 20:25:12 EDT</DateTime></Topic><Msg>shorting_amazon: "Upside volume noticeably absent while downside volume huge." Very positive for longs. Here's why: 1. Who would buy when a stock is noticeably weak and going down? Higher volume means some serious people are buying. 2. Who would sell when a stock is going up? Lower volume means not many people want to sell because they believe the price is going higher. You follow, shorts? I advise you to use your brains some times instead of always acting on your herd instinct, following the price lower.</Msg><Username>geegenjar</Username><Timestamp>1367557278030</Timestamp><DateTime>Fri, 2013-05-03 01:01:18 EDT</DateTime><ThumbUp>0</ThumbUp><ThumbDown>0</ThumbDown><Sentiment/></Message><Message type="ReplyMessage"><Id>1367558931285-9</Id><Topic><Title>AMZN Candles</Title><Username>homonym_doctor</Username><Timestamp>1367540712440</Timestamp><DateTime>Thu, 2013-05-02 20:25:12 EDT</DateTime></Topic><Msg>No relation to AMZN. completely different business</Msg><Username>loumops</Username><Timestamp>1367558931285</Timestamp><DateTime>Fri, 2013-05-03 01:28:51 EDT</DateTime><ThumbUp>0</ThumbUp><ThumbDown>0</ThumbDown><Sentiment/></Message><Message type="TopicMessage"><Id>1367563684929-10</Id><Title>FE Year End 2014? Why?</Title><Msg>YHOO lists the following for AMZN. I see Dec 31, 2014 as fye for many other companies too. The question is why 2014? Why 1.5 year from now? Shouldn't be 12 months from "now" ? Forward P/E (fye Dec 31, 2014)1: 76.07</Msg><Username>stock_lol</Username><Timestamp>1367563684929</Timestamp><DateTime>Fri, 2013-05-03 02:48:04 EDT</DateTime><ThumbUp>0</ThumbUp><ThumbDown>0</ThumbDown><Sentiment/></Message><Message type="ReplyMessage"><Id>1367566184485-11</Id><Topic><Title>Tomorrow's Max Pain: $263.24</Title><Username>geegenjar</Username><Timestamp>1367556856714</Timestamp><DateTime>Fri, 2013-05-03 00:54:16 EDT</DateTime></Topic><Msg>you meant $236.24?</Msg><Username>mikeylucky_daddy</Username><Timestamp>1367566184485</Timestamp><DateTime>Fri, 2013-05-03 03:29:44 EDT</DateTime><ThumbUp>0</ThumbUp><ThumbDown>0</ThumbDown><Sentiment/></Message><Message type="TopicMessage"><Id>1367573066600-12</Id><Title>market has created serious buubles all over the place -</Title><Msg>lets see how long this lasts, basicaly corporations now control the FED, if they step up hiring, rates go up, and this vluations in the sky will be deflated in a hurry. BOmm bust - alive and well, now we are in bubble state in thousand issues on the market incuding this one</Msg><Username>sfvip</Username><Timestamp>1367573066600</Timestamp><DateTime>Fri, 2013-05-03 05:24:26 EDT</DateTime><ThumbUp>0</ThumbUp><ThumbDown>0</ThumbDown><Sentiment/></Message><Message type="ReplyMessage"><Id>1367581165515-13</Id><Topic><Title>B&amp;N partner with Google</Title><Username>leland_chen</Username><Timestamp>1367555967537</Timestamp><DateTime>Fri, 2013-05-03 00:39:27 EDT</DateTime></Topic><Msg>even premarket no reaction so far</Msg><Username>loumops</Username><Timestamp>1367581165515</Timestamp><DateTime>Fri, 2013-05-03 07:39:25 EDT</DateTime><ThumbUp>0</ThumbUp><ThumbDown>0</ThumbDown><Sentiment/></Message><Message type="ReplyMessage"><Id>1367585130761-14</Id><Topic><Title>AMZN Candles</Title><Username>homonym_doctor</Username><Timestamp>1367540712440</Timestamp><DateTime>Thu, 2013-05-02 20:25:12 EDT</DateTime></Topic><Msg>Short covering (my speculation) is providing fuel for the before-market rise....and will provide more fuel for the "bounce".</Msg><Username>homonym_doctor</Username><Timestamp>1367585130761</Timestamp><DateTime>Fri, 2013-05-03 08:45:30 EDT</DateTime><ThumbUp>0</ThumbUp><ThumbDown>0</ThumbDown><Sentiment/></Message><Message type="TopicMessage"><Id>1367585267114-15</Id><Title>Its all a big fat pendulum........</Title><Msg>Stox that should be 0 are not But before too long Stox that shouldnt be 0 will be Its just the way it iz</Msg><Username>sybil_rulez</Username><Timestamp>1367585267114</Timestamp><DateTime>Fri, 2013-05-03 08:47:47 EDT</DateTime><ThumbUp>0</ThumbUp><ThumbDown>0</ThumbDown><Sentiment/></Message><Message type="ReplyMessage"><Id>1367585909014-16</Id><Topic><Title>Mini-Crash Possible Frid through Mond?</Title><Username>ex.goldbug</Username><Timestamp>1367529725194</Timestamp><DateTime>Thu, 2013-05-02 17:22:05 EDT</DateTime></Topic><Msg>Yup, futures up a ton on the jobs report as I thought could be the case. AMZN most likely goes higher especially if the market goes nuts today which it appears it will. Long positions overall will do well and most shorts will not. Good luck. This could definitely be a groundhog day then again you never know.</Msg><Username>hapihammer</Username><Timestamp>1367585909014</Timestamp><DateTime>Fri, 2013-05-03 08:58:29 EDT</DateTime><ThumbUp>0</ThumbUp><ThumbDown>0</ThumbDown><Sentiment>Strong Sell</Sentiment></Message><Message type="TopicMessage"><Id>1367586108394-17</Id><Title>2/6</Title><Msg>Six up days. We started yesterday. So, today is only the second of the six up days. Be patient. Good luck to all.</Msg><Username>geegenjar</Username><Timestamp>1367586108394</Timestamp><DateTime>Fri, 2013-05-03 09:01:48 EDT</DateTime><ThumbUp>0</ThumbUp><ThumbDown>0</ThumbDown><Sentiment/></Message><Message type="TopicMessage"><Id>1367586642828-18</Id><Title>AMZN grossly undervalued . . .</Title><Msg>. . . compared to the DOW and AAPL. AMZN should be somewhere between $300.21 and $311.74 now. The question is whether you believe that this aberration will widen or narrow in the foreseeable future. Of course, my bet is that arbs will move in to narrow it. Good luck to all.</Msg><Username>geegenjar</Username><Timestamp>1367586642828</Timestamp><DateTime>Fri, 2013-05-03 09:10:42 EDT</DateTime><ThumbUp>0</ThumbUp><ThumbDown>0</ThumbDown><Sentiment/></Message><Message type="TopicMessage"><Id>1367586898326-19</Id><Title>Relax, shorts. As long as . . .</Title><Msg>AMZN remains below $266, she won't go over $300.</Msg><Username>geegenjar</Username><Timestamp>1367586898326</Timestamp><DateTime>Fri, 2013-05-03 09:14:58 EDT</DateTime><ThumbUp>0</ThumbUp><ThumbDown>0</ThumbDown><Sentiment/></Message><Message type="ReplyMessage"><Id>1367587039061-20</Id><Topic><Title>Cover below $253.75 if you can.</Title><Username>geegenjar</Username><Timestamp>1367516296433</Timestamp><DateTime>Thu, 2013-05-02 13:38:16 EDT</DateTime></Topic><Msg>Did you cover yesterday, shorts? Huh? You didn't? Why not? Wasn't AMZN well below $253.75 most of the day?</Msg><Username>geegenjar</Username><Timestamp>1367587039061</Timestamp><DateTime>Fri, 2013-05-03 09:17:19 EDT</DateTime><ThumbUp>0</ThumbUp><ThumbDown>0</ThumbDown><Sentiment/></Message><Message type="TopicMessage"><Id>1367587172074-21</Id><Title>Will Sybil take a few bucks today?</Title><Msg>She'll get back in the red again if she doesn't get serious and cover soon. And that is after waiting for almost six months.</Msg><Username>geegenjar</Username><Timestamp>1367587172074</Timestamp><DateTime>Fri, 2013-05-03 09:19:32 EDT</DateTime><ThumbUp>0</ThumbUp><ThumbDown>0</ThumbDown><Sentiment/></Message><Message type="TopicMessage"><Id>1367587172438-22</Id><Title>AMZN out to destroy NFLX. New Product coming out!!!!</Title><Msg>LOAD UP!!!!</Msg><Username>keyisvol</Username><Timestamp>1367587172438</Timestamp><DateTime>Fri, 2013-05-03 09:19:32 EDT</DateTime><ThumbUp>0</ThumbUp><ThumbDown>0</ThumbDown><Sentiment/></Message><Message type="TopicMessage"><Id>1367587506327-23</Id><Title>Sybil is just a random shooter.</Title><Msg>She shorted AZO yesterday. The whole market is hitting an all-time high. The stock just made its all-time high. She shorts. Crazy. Unless she did it for a quick scalping. The problem with her is that she is not disciplined so if the stock she shorts doesn't drop a little quickly, she turns into a "long-term investor" who will wait forever for an "imminent" crash.</Msg><Username>geegenjar</Username><Timestamp>1367587506327</Timestamp><DateTime>Fri, 2013-05-03 09:25:06 EDT</DateTime><ThumbUp>0</ThumbUp><ThumbDown>0</ThumbDown><Sentiment/></Message><Message type="TopicMessage"><Id>1367587882465-24</Id><Title>Perfect time to sell at open</Title><Msg>Selling more!</Msg><Username>hb5fa_2</Username><Timestamp>1367587882465</Timestamp><DateTime>Fri, 2013-05-03 09:31:22 EDT</DateTime><ThumbUp>0</ThumbUp><ThumbDown>0</ThumbDown><Sentiment>Strong Sell</Sentiment></Message><Message type="TopicMessage"><Id>1367588690320-25</Id><Title>Shorts, relax.</Title><Msg>As long as AMZN stays below $258.04, she won't go higher than $258.04.</Msg><Username>geegenjar</Username><Timestamp>1367588690320</Timestamp><DateTime>Fri, 2013-05-03 09:44:50 EDT</DateTime><ThumbUp>0</ThumbUp><ThumbDown>0</ThumbDown><Sentiment/></Message><Message type="ReplyMessage"><Id>1367588755468-26</Id><Topic><Title>Perfect time to sell at open</Title><Username>hb5fa_2</Username><Timestamp>1367587882465</Timestamp><DateTime>Fri, 2013-05-03 09:31:22 EDT</DateTime></Topic><Msg>Did you short already?</Msg><Username>geegenjar</Username><Timestamp>1367588755468</Timestamp><DateTime>Fri, 2013-05-03 09:45:55 EDT</DateTime><ThumbUp>0</ThumbUp><ThumbDown>0</ThumbDown><Sentiment/></Message><Message type="TopicMessage"><Id>1367588890377-27</Id><Title>A +$24 day?</Title><Msg>Wow. Is this a great country or what? AMZN: the greatest stock in the Universe.</Msg><Username>geegenjar</Username><Timestamp>1367588890377</Timestamp><DateTime>Fri, 2013-05-03 09:48:10 EDT</DateTime><ThumbUp>0</ThumbUp><ThumbDown>0</ThumbDown><Sentiment/></Message><Message type="ReplyMessage"><Id>1367589202975-28</Id><Topic><Title>AMZN Candles</Title><Username>homonym_doctor</Username><Timestamp>1367540712440</Timestamp><DateTime>Thu, 2013-05-02 20:25:12 EDT</DateTime></Topic><Msg>You gotta love those candles.....when they work. :-)</Msg><Username>homonym_doctor</Username><Timestamp>1367589202975</Timestamp><DateTime>Fri, 2013-05-03 09:53:22 EDT</DateTime><ThumbUp>0</ThumbUp><ThumbDown>0</ThumbDown><Sentiment/></Message><Message type="TopicMessage"><Id>1367589207064-29</Id><Title>Money will come out of AAPL and be shoved into AMZN.</Title><Msg>Hooah!</Msg><Username>geegenjar</Username><Timestamp>1367589207064</Timestamp><DateTime>Fri, 2013-05-03 09:53:27 EDT</DateTime><ThumbUp>0</ThumbUp><ThumbDown>0</ThumbDown><Sentiment/></Message><Message type="TopicMessage"><Id>1367589372993-30</Id><Title>Will Sybil take a few dimes today?</Title><Msg>Wow. She's facing getting into the red again already.</Msg><Username>geegenjar</Username><Timestamp>1367589372993</Timestamp><DateTime>Fri, 2013-05-03 09:56:12 EDT</DateTime><ThumbUp>0</ThumbUp><ThumbDown>0</ThumbDown><Sentiment/></Message><Message type="TopicMessage"><Id>1367589572131-31</Id><Title>Cover below $261.25 if you can.</Title><Msg>I bet you can't.</Msg><Username>geegenjar</Username><Timestamp>1367589572131</Timestamp><DateTime>Fri, 2013-05-03 09:59:32 EDT</DateTime><ThumbUp>0</ThumbUp><ThumbDown>0</ThumbDown><Sentiment/></Message><Message type="ReplyMessage"><Id>1367589939368-32</Id><Topic><Title>90 Days Ago</Title><Username>kenji100</Username><Timestamp>1366910621635</Timestamp><DateTime>Thu, 2013-04-25 13:23:41 EDT</DateTime></Topic><Msg>So we have new estimates no, EPS for the year keeps dropping, from 1.7 to 1.47 now 1.35, it is probably going to end up 0.5 or below the way it is going. EPS for next year from $3.98 to to 3.55 now 3.32, this will probably be $1.5 the most. Fact is AMZN is having horrible earning estimates by analysts, for the last few years every year they estimate $4 in earnings, and they just keep dropping it down while increasing price targets. Meanwhile AMZN has a rally with these numbers from 245 yesterday to almost 260 today.</Msg><Username>kenji100</Username><Timestamp>1367589939368</Timestamp><DateTime>Fri, 2013-05-03 10:05:39 EDT</DateTime><ThumbUp>0</ThumbUp><ThumbDown>0</ThumbDown><Sentiment/></Message><Message type="ReplyMessage"><Id>1367590260085-33</Id><Topic><Title>90 Days Ago</Title><Username>kenji100</Username><Timestamp>1366910621635</Timestamp><DateTime>Thu, 2013-04-25 13:23:41 EDT</DateTime></Topic><Msg>You are living in a giant scam. BO got re-elected. 42% of US population don't know Obamacare is the law of the land. S&amp;P record high while 89 million people on food stamp. You get the drift.</Msg><Username>hb5fa_2</Username><Timestamp>1367590260085</Timestamp><DateTime>Fri, 2013-05-03 10:11:00 EDT</DateTime><ThumbUp>0</ThumbUp><ThumbDown>0</ThumbDown><Sentiment>Strong Sell</Sentiment></Message><Message type="TopicMessage"><Id>1367590935357-34</Id><Title>AMZN is a momentum stock.</Title><Msg>As such, as of now, you must keep buying.</Msg><Username>geegenjar</Username><Timestamp>1367590935357</Timestamp><DateTime>Fri, 2013-05-03 10:22:15 EDT</DateTime><ThumbUp>0</ThumbUp><ThumbDown>0</ThumbDown><Sentiment/></Message><Message type="TopicMessage"><Id>1367591379510-35</Id><Title>Releax, shorts. As long as she remains below $258.63 . . .</Title><Msg>. . . she won't go beyond $290.88.</Msg><Username>geegenjar</Username><Timestamp>1367591379510</Timestamp><DateTime>Fri, 2013-05-03 10:29:39 EDT</DateTime><ThumbUp>0</ThumbUp><ThumbDown>0</ThumbDown><Sentiment/></Message><Message type="ReplyMessage"><Id>1367591471223-36</Id><Topic><Title>AMZN is a momentum stock.</Title><Username>geegenjar</Username><Timestamp>1367590935357</Timestamp><DateTime>Fri, 2013-05-03 10:22:15 EDT</DateTime></Topic><Msg>Congrats gee. You are cashing in and admitting what we all know, it's a momentum stock. The market has helped bail this baby out this week but now will it have legs to run all the way back up? I guess it could if the market behaves. The market gapped up 100 points at a high which it hadn't done since March of 2000 of all times.</Msg><Username>hapihammer</Username><Timestamp>1367591471223</Timestamp><DateTime>Fri, 2013-05-03 10:31:11 EDT</DateTime><ThumbUp>0</ThumbUp><ThumbDown>0</ThumbDown><Sentiment>Strong Sell</Sentiment></Message><Message type="ReplyMessage"><Id>1367591784050-37</Id><Topic><Title>Long HPQ, sell AMZN..</Title><Username>osulinn</Username><Timestamp>1367509080600</Timestamp><DateTime>Thu, 2013-05-02 11:38:00 EDT</DateTime></Topic><Msg>Added more to the short, paired trade still lopsided Long AAPL, short AMZN Apple long 8X bigger than the Amzn short</Msg><Username>zbc407</Username><Timestamp>1367591784050</Timestamp><DateTime>Fri, 2013-05-03 10:36:24 EDT</DateTime><ThumbUp>0</ThumbUp><ThumbDown>0</ThumbDown><Sentiment/></Message><Message type="ReplyMessage"><Id>1367592633803-38</Id><Topic><Title>Long HPQ, sell AMZN..</Title><Username>osulinn</Username><Timestamp>1367509080600</Timestamp><DateTime>Thu, 2013-05-02 11:38:00 EDT</DateTime></Topic><Msg>Do you know Apple will settle around $8 in a few years?</Msg><Username>geegenjar</Username><Timestamp>1367592633803</Timestamp><DateTime>Fri, 2013-05-03 10:50:33 EDT</DateTime><ThumbUp>0</ThumbUp><ThumbDown>0</ThumbDown><Sentiment/></Message><Message type="ReplyMessage"><Id>1367593260892-39</Id><Topic><Title>Long HPQ, sell AMZN..</Title><Username>osulinn</Username><Timestamp>1367509080600</Timestamp><DateTime>Thu, 2013-05-02 11:38:00 EDT</DateTime></Topic><Msg>After a 100-1 split maybe.</Msg><Username>hapihammer</Username><Timestamp>1367593260892</Timestamp><DateTime>Fri, 2013-05-03 11:01:00 EDT</DateTime><ThumbUp>0</ThumbUp><ThumbDown>0</ThumbDown><Sentiment>Strong Sell</Sentiment></Message><Message type="TopicMessage"><Id>1367593404327-40</Id><Title>$340.22.</Title><Msg>That's where AMZN should be when the DOW hit 16,000. Good luck to all.</Msg><Username>geegenjar</Username><Timestamp>1367593404327</Timestamp><DateTime>Fri, 2013-05-03 11:03:24 EDT</DateTime><ThumbUp>0</ThumbUp><ThumbDown>0</ThumbDown><Sentiment/></Message><Message type="TopicMessage"><Id>1367593508249-41</Id><Title>You idiots should have shorted Linkedin instead</Title><Msg>Wake me up at $300!!!</Msg><Username>ben_bertanked_me</Username><Timestamp>1367593508249</Timestamp><DateTime>Fri, 2013-05-03 11:05:08 EDT</DateTime><ThumbUp>0</ThumbUp><ThumbDown>0</ThumbDown><Sentiment/></Message><Message type="ReplyMessage"><Id>1367593671510-42</Id><Topic><Title>Cover below $261.25 if you can.</Title><Username>geegenjar</Username><Timestamp>1367589572131</Timestamp><DateTime>Fri, 2013-05-03 09:59:32 EDT</DateTime></Topic><Msg>That is where you are pegging the 50 day? I think 50 is the ceiling. Maybe some money to be made just trading it back and forth between 50 and 200 day</Msg><Username>zbc407</Username><Timestamp>1367593671510</Timestamp><DateTime>Fri, 2013-05-03 11:07:51 EDT</DateTime><ThumbUp>0</ThumbUp><ThumbDown>0</ThumbDown><Sentiment/></Message><Message type="ReplyMessage"><Id>1367593795929-43</Id><Topic><Title>You idiots should have shorted Linkedin instead</Title><Username>ben_bertanked_me</Username><Timestamp>1367593508249</Timestamp><DateTime>Fri, 2013-05-03 11:05:08 EDT</DateTime></Topic><Msg>You're seriously excited about 258? Of course it's not going straight down. Ever trade stocks before?</Msg><Username>greymattermatters</Username><Timestamp>1367593795929</Timestamp><DateTime>Fri, 2013-05-03 11:09:55 EDT</DateTime><ThumbUp>0</ThumbUp><ThumbDown>0</ThumbDown><Sentiment>Strong Sell</Sentiment></Message><Message type="ReplyMessage"><Id>1367594148462-44</Id><Topic><Title>You idiots should have shorted Linkedin instead</Title><Username>ben_bertanked_me</Username><Timestamp>1367593508249</Timestamp><DateTime>Fri, 2013-05-03 11:05:08 EDT</DateTime></Topic><Msg>AMZN is not going up on its own merit. It is just a high tide that lifts the boat.</Msg><Username>hb5fa_2</Username><Timestamp>1367594148462</Timestamp><DateTime>Fri, 2013-05-03 11:15:48 EDT</DateTime><ThumbUp>0</ThumbUp><ThumbDown>1</ThumbDown><Sentiment>Strong Sell</Sentiment></Message><Message type="TopicMessage"><Id>1367594344210-45</Id><Title>Haven't heard of any Muddy Waters short calls lately</Title><Msg>maybe AMZN is on their radar</Msg><Username>zbc407</Username><Timestamp>1367594344210</Timestamp><DateTime>Fri, 2013-05-03 11:19:04 EDT</DateTime><ThumbUp>0</ThumbUp><ThumbDown>0</ThumbDown><Sentiment/></Message><Message type="TopicMessage"><Id>1367594347608-46</Id><Title>Has it started?</Title><Msg>Money being pulled out of AAPL and shoved into AMZN. Bwahahahaha . . . .</Msg><Username>geegenjar</Username><Timestamp>1367594347608</Timestamp><DateTime>Fri, 2013-05-03 11:19:07 EDT</DateTime><ThumbUp>0</ThumbUp><ThumbDown>0</ThumbDown><Sentiment/></Message><Message type="ReplyMessage"><Id>1367594420840-47</Id><Topic><Title>You idiots should have shorted Linkedin instead</Title><Username>ben_bertanked_me</Username><Timestamp>1367593508249</Timestamp><DateTime>Fri, 2013-05-03 11:05:08 EDT</DateTime></Topic><Msg>It's tough to value stocks when they're pumping 85b a month into it out of thin air. Look at the markets it's going up on a printing press. How long with the rest of the world stand for it?</Msg><Username>greymattermatters</Username><Timestamp>1367594420840</Timestamp><DateTime>Fri, 2013-05-03 11:20:20 EDT</DateTime><ThumbUp>0</ThumbUp><ThumbDown>0</ThumbDown><Sentiment>Strong Sell</Sentiment></Message><Message type="ReplyMessage"><Id>1367594431043-48</Id><Topic><Title>Sybil is getting nervous . . .</Title><Username>geegenjar</Username><Timestamp>1367259626901</Timestamp><DateTime>Mon, 2013-04-29 14:20:26 EDT</DateTime></Topic><Msg>Hohoho . . .</Msg><Username>geegenjar</Username><Timestamp>1367594431043</Timestamp><DateTime>Fri, 2013-05-03 11:20:31 EDT</DateTime><ThumbUp>0</ThumbUp><ThumbDown>0</ThumbDown><Sentiment/></Message><Message type="ReplyMessage"><Id>1367594590031-49</Id><Topic><Title>Cover below $261.25 if you can.</Title><Username>geegenjar</Username><Timestamp>1367589572131</Timestamp><DateTime>Fri, 2013-05-03 09:59:32 EDT</DateTime></Topic><Msg>You're new here, aren't you?</Msg><Username>geegenjar</Username><Timestamp>1367594590031</Timestamp><DateTime>Fri, 2013-05-03 11:23:10 EDT</DateTime><ThumbUp>0</ThumbUp><ThumbDown>0</ThumbDown><Sentiment/></Message><Message type="TopicMessage"><Id>1367594923866-50</Id><Title>The next three days somewhat critical . . .</Title><Msg>. . . for the next six days. AAPL should stumble here, then money will be shoved into AMZN. Good luck to all!</Msg><Username>geegenjar</Username><Timestamp>1367594923866</Timestamp><DateTime>Fri, 2013-05-03 11:28:43 EDT</DateTime><ThumbUp>0</ThumbUp><ThumbDown>0</ThumbDown><Sentiment/></Message><Message type="ReplyMessage"><Id>1367595151201-51</Id><Topic><Title>Releax, shorts. As long as she remains below $258.63 . . .</Title><Username>geegenjar</Username><Timestamp>1367591379510</Timestamp><DateTime>Fri, 2013-05-03 10:29:39 EDT</DateTime></Topic><Msg>Relax, shorts. I repeat: As long as she remains below $258.63, she won't go beyond $290.88.</Msg><Username>geegenjar</Username><Timestamp>1367595151201</Timestamp><DateTime>Fri, 2013-05-03 11:32:31 EDT</DateTime><ThumbUp>0</ThumbUp><ThumbDown>0</ThumbDown><Sentiment/></Message><Message type="ReplyMessage"><Id>1367595419963-52</Id><Topic><Title>Cover below $261.25 if you can.</Title><Username>geegenjar</Username><Timestamp>1367589572131</Timestamp><DateTime>Fri, 2013-05-03 09:59:32 EDT</DateTime></Topic><Msg>to this board, kindof, not really This is not your older brother's amazon, we won't see 300 this year</Msg><Username>zbc407</Username><Timestamp>1367595419963</Timestamp><DateTime>Fri, 2013-05-03 11:36:59 EDT</DateTime><ThumbUp>0</ThumbUp><ThumbDown>0</ThumbDown><Sentiment/></Message><Message type="TopicMessage"><Id>1367595797846-53</Id><Title>Whoa! An explosion imminent!</Title><Msg>Hooah!</Msg><Username>geegenjar</Username><Timestamp>1367595797846</Timestamp><DateTime>Fri, 2013-05-03 11:43:17 EDT</DateTime><ThumbUp>0</ThumbUp><ThumbDown>0</ThumbDown><Sentiment/></Message><Message type="ReplyMessage"><Id>1367595968537-54</Id><Topic><Title>Whoa! An explosion imminent!</Title><Username>geegenjar</Username><Timestamp>1367595797846</Timestamp><DateTime>Fri, 2013-05-03 11:43:17 EDT</DateTime></Topic><Msg>It was a dud.</Msg><Username>geegenjar</Username><Timestamp>1367595968537</Timestamp><DateTime>Fri, 2013-05-03 11:46:08 EDT</DateTime><ThumbUp>0</ThumbUp><ThumbDown>0</ThumbDown><Sentiment/></Message><Message type="ReplyMessage"><Id>1367596403343-55</Id><Topic><Title>Whoa! An explosion imminent!</Title><Username>geegenjar</Username><Timestamp>1367595797846</Timestamp><DateTime>Fri, 2013-05-03 11:43:17 EDT</DateTime></Topic><Msg>Hmmm . . . .</Msg><Username>geegenjar</Username><Timestamp>1367596403343</Timestamp><DateTime>Fri, 2013-05-03 11:53:23 EDT</DateTime><ThumbUp>0</ThumbUp><ThumbDown>0</ThumbDown><Sentiment/></Message><Message type="TopicMessage"><Id>1367596535467-56</Id><Title>Keep buying . . .</Title><Msg>However, the most fundamental rule is paramount: "Buy Low Sell High." The reason shorts here always lose at the end is that they don't respect the above rule: They "Sell Low Buy High."</Msg><Username>geegenjar</Username><Timestamp>1367596535467</Timestamp><DateTime>Fri, 2013-05-03 11:55:35 EDT</DateTime><ThumbUp>0</ThumbUp><ThumbDown>0</ThumbDown><Sentiment/></Message><Message type="ReplyMessage"><Id>1367596805620-57</Id><Topic><Title>Cover below $261.25 if you can.</Title><Username>geegenjar</Username><Timestamp>1367589572131</Timestamp><DateTime>Fri, 2013-05-03 09:59:32 EDT</DateTime></Topic><Msg>zbc407: "This is not your older brother's amazon, we won't see 300 this year" Does it matter if AMZN goes over $300 this year if you shorted around $253.23 and end up covering at $292.94?</Msg><Username>geegenjar</Username><Timestamp>1367596805620</Timestamp><DateTime>Fri, 2013-05-03 12:00:05 EDT</DateTime><ThumbUp>0</ThumbUp><ThumbDown>0</ThumbDown><Sentiment/></Message><Message type="ReplyMessage"><Id>1367596933361-58</Id><Topic><Title>Keep buying . . .</Title><Username>geegenjar</Username><Timestamp>1367596535467</Timestamp><DateTime>Fri, 2013-05-03 11:55:35 EDT</DateTime></Topic><Msg>You consider established companies that don't even have a trailing PE to be buying low?</Msg><Username>greymattermatters</Username><Timestamp>1367596933361</Timestamp><DateTime>Fri, 2013-05-03 12:02:13 EDT</DateTime><ThumbUp>0</ThumbUp><ThumbDown>0</ThumbDown><Sentiment>Strong Sell</Sentiment></Message><Message type="ReplyMessage"><Id>1367597090606-59</Id><Topic><Title>Just wake me up when we hit $300</Title><Username>ben_bertanked_me</Username><Timestamp>1367503558157</Timestamp><DateTime>Thu, 2013-05-02 10:05:58 EDT</DateTime></Topic><Msg>I sold some at 260 a few months ago, I was set to sell more at 290, but it hit 284 and dropped down. I'll sell at 290, and/or buy at 230. I've read the articles on seeking alpha. I started an article myself talking about "slowing growth". Growth has to slow, in about 1999 amazon's revenue grew 800%. Had that rate of growth continued through 2012, they would have sold over a trillion dollars to every person on earth! AMZN could correct, perhaps below $200. What a buying opportunity that would be!</Msg><Username>brucetheharmonicaguy</Username><Timestamp>1367597090606</Timestamp><DateTime>Fri, 2013-05-03 12:04:50 EDT</DateTime><ThumbUp>0</ThumbUp><ThumbDown>0</ThumbDown><Sentiment/></Message><Message type="ReplyMessage"><Id>1367597167620-60</Id><Topic><Title>Keep buying . . .</Title><Username>geegenjar</Username><Timestamp>1367596535467</Timestamp><DateTime>Fri, 2013-05-03 11:55:35 EDT</DateTime></Topic><Msg>Good growth stories last over 40 years. AMZN's growth story isn't over. $1007 is my target (for now).</Msg><Username>geegenjar</Username><Timestamp>1367597167620</Timestamp><DateTime>Fri, 2013-05-03 12:06:07 EDT</DateTime><ThumbUp>0</ThumbUp><ThumbDown>0</ThumbDown><Sentiment/></Message><Message type="TopicMessage"><Id>1367597276707-61</Id><Title>Short now and cover $4 below</Title><Msg>AMZN is a great company but with a ridiculously overpriced stock...</Msg><Username>bogdanmiltchev</Username><Timestamp>1367597276707</Timestamp><DateTime>Fri, 2013-05-03 12:07:56 EDT</DateTime><ThumbUp>1</ThumbUp><ThumbDown>0</ThumbDown><Sentiment/></Message><Message type="TopicMessage"><Id>1367597330580-62</Id><Title>Will Sybil take a few nickels today?</Title><Msg>Damn, she's getting molested today.</Msg><Username>geegenjar</Username><Timestamp>1367597330580</Timestamp><DateTime>Fri, 2013-05-03 12:08:50 EDT</DateTime><ThumbUp>0</ThumbUp><ThumbDown>0</ThumbDown><Sentiment/></Message><Message type="ReplyMessage"><Id>1367597431863-63</Id><Topic><Title>Releax, shorts. As long as she remains below $258.63 . . .</Title><Username>geegenjar</Username><Timestamp>1367591379510</Timestamp><DateTime>Fri, 2013-05-03 10:29:39 EDT</DateTime></Topic><Msg>Ooops.</Msg><Username>geegenjar</Username><Timestamp>1367597431863</Timestamp><DateTime>Fri, 2013-05-03 12:10:31 EDT</DateTime><ThumbUp>0</ThumbUp><ThumbDown>0</ThumbDown><Sentiment/></Message><Message type="ReplyMessage"><Id>1367597543742-64</Id><Topic><Title>Just wake me up when we hit $300</Title><Username>ben_bertanked_me</Username><Timestamp>1367503558157</Timestamp><DateTime>Thu, 2013-05-02 10:05:58 EDT</DateTime></Topic><Msg>It's going straight up today. What are your thoughts on that article bruce? Do any of those metrics matter at all to you or is it just faith that the momentum will never die? Supposedly all the Wall Street traders were caught off guard by the jobs report but I don't buy that, who knows.</Msg><Username>hapihammer</Username><Timestamp>1367597543742</Timestamp><DateTime>Fri, 2013-05-03 12:12:23 EDT</DateTime><ThumbUp>0</ThumbUp><ThumbDown>0</ThumbDown><Sentiment>Strong Sell</Sentiment></Message><Message type="ReplyMessage"><Id>1367598296743-65</Id><Topic><Title>Releax, shorts. As long as she remains below $258.63 . . .</Title><Username>geegenjar</Username><Timestamp>1367591379510</Timestamp><DateTime>Fri, 2013-05-03 10:29:39 EDT</DateTime></Topic><Msg>$260 is absolutely top for the rest of the year. It is the earnings disappointment that sealed AMZN's fate. No matter how strong the general market is, AMZN will feel selling pressure because of earnings disappoiment. There will be end of day selling today because most longs will learn $260 is just too hard a level to penetrate. You will see.</Msg><Username>blust34442</Username><Timestamp>1367598296743</Timestamp><DateTime>Fri, 2013-05-03 12:24:56 EDT</DateTime><ThumbUp>0</ThumbUp><ThumbDown>1</ThumbDown><Sentiment>Strong Sell</Sentiment></Message><Message type="TopicMessage"><Id>1367598584698-66</Id><Title>Chartwatch article calls for 12% decline</Title><Msg>http://finance.yahoo.com/news/chartwatch-amzn-another-12-decline-151009976.html makes sense to me</Msg><Username>johnrobertkosanovic</Username><Timestamp>1367598584698</Timestamp><DateTime>Fri, 2013-05-03 12:29:44 EDT</DateTime><ThumbUp>0</ThumbUp><ThumbDown>0</ThumbDown><Sentiment/></Message><Message type="TopicMessage"><Id>1367598639219-67</Id><Title>Three reasons to short AMZN</Title><Msg>1. PE is just insane. 2. Tax call is coming soon in the game. You do the math. 3. This is a finite game boys. Correction is way over due as you know a company cannot double every three years for ever. Losers are cheerleaders now!</Msg><Username>bogdanmiltchev</Username><Timestamp>1367598639219</Timestamp><DateTime>Fri, 2013-05-03 12:30:39 EDT</DateTime><ThumbUp>0</ThumbUp><ThumbDown>0</ThumbDown><Sentiment>Sell</Sentiment></Message><Message type="ReplyMessage"><Id>1367598939219-68</Id><Topic><Title>Keep buying . . .</Title><Username>geegenjar</Username><Timestamp>1367596535467</Timestamp><DateTime>Fri, 2013-05-03 11:55:35 EDT</DateTime></Topic><Msg>Sure maybe. But they're not close to living up to forecasts. In fact it's going the other way. They lost money. They were supposed to make money. The analysts are continually backing off estimates and the price goes higher. That's not buying low that's being the greater fool.</Msg><Username>greymattermatters</Username><Timestamp>1367598939219</Timestamp><DateTime>Fri, 2013-05-03 12:35:39 EDT</DateTime><ThumbUp>1</ThumbUp><ThumbDown>0</ThumbDown><Sentiment>Strong Sell</Sentiment></Message><Message type="ReplyMessage"><Id>1367599175578-69</Id><Topic><Title>Bounce?</Title><Username>algaebb</Username><Timestamp>1367427925549</Timestamp><DateTime>Wed, 2013-05-01 13:05:25 EDT</DateTime></Topic><Msg>interesting that algaebb hasn't posted since May 1st lol! Love these guys who come on here with the "sky is falling" postings and then they hide lol!</Msg><Username>hey_rob69</Username><Timestamp>1367599175578</Timestamp><DateTime>Fri, 2013-05-03 12:39:35 EDT</DateTime><ThumbUp>0</ThumbUp><ThumbDown>0</ThumbDown><Sentiment/></Message><Message type="ReplyMessage"><Id>1367599243992-70</Id><Topic><Title>Releax, shorts. As long as she remains below $258.63 . . .</Title><Username>geegenjar</Username><Timestamp>1367591379510</Timestamp><DateTime>Fri, 2013-05-03 10:29:39 EDT</DateTime></Topic><Msg>These calls get silly on both sides. The shorts were idiots according to the longs when the stock rose up above $275 going onto earnings. The next day the stock is down $20 in one session and then closes below it's 200DMA 3 days later and the shorts are geniuses and calling the longs idiots. It will never close above it's 200DMA anytime soon some say. Well that lasted for 1 day. Of course the market has been a great help but it is what it is. Is this just some retracement or a real move? Well traders can trade it up long while bear traders look for retracement entry levels. This just tells me that you don't get in at the top or out at the bottom if you are short and vice versa long. If you want to trade it you can but if you are a pig you will have your gains eaten into. Now if you are a long term bear or bull that's a different story. Good luck.</Msg><Username>hapihammer</Username><Timestamp>1367599243992</Timestamp><DateTime>Fri, 2013-05-03 12:40:43 EDT</DateTime><ThumbUp>0</ThumbUp><ThumbDown>0</ThumbDown><Sentiment>Strong Sell</Sentiment></Message><Message type="TopicMessage"><Id>1367599433720-71</Id><Title>Shorts, if I were you, I'd short now.</Title><Msg>She "might" test $258 in the next 37 minutes. You must be disciplined to take advantage of dips like this.</Msg><Username>geegenjar</Username><Timestamp>1367599433720</Timestamp><DateTime>Fri, 2013-05-03 12:43:53 EDT</DateTime><ThumbUp>0</ThumbUp><ThumbDown>0</ThumbDown><Sentiment/></Message><Message type="ReplyMessage"><Id>1367599702709-72</Id><Topic><Title>Releax, shorts. As long as she remains below $258.63 . . .</Title><Username>geegenjar</Username><Timestamp>1367591379510</Timestamp><DateTime>Fri, 2013-05-03 10:29:39 EDT</DateTime></Topic><Msg>Don't go all in there IMHO. The next level after that would be near the 50DMA which is $264ish. I do believe the fundamentals are deteriorating but the algo bots and hedge funds don't care about that when it comes to short term trading. Fundamentals will eventually matter you just never know exactly when they will.</Msg><Username>hapihammer</Username><Timestamp>1367599702709</Timestamp><DateTime>Fri, 2013-05-03 12:48:22 EDT</DateTime><ThumbUp>0</ThumbUp><ThumbDown>0</ThumbDown><Sentiment>Strong Sell</Sentiment></Message><Message type="TopicMessage"><Id>1367599780881-73</Id><Title>Dumb move to increase the shipping allowance for music CDs</Title><Msg>This will only encourage low margin selling and decrease profits</Msg><Username>closeoutville</Username><Timestamp>1367599780881</Timestamp><DateTime>Fri, 2013-05-03 12:49:40 EDT</DateTime><ThumbUp>0</ThumbUp><ThumbDown>0</ThumbDown><Sentiment/></Message><Message type="TopicMessage"><Id>1367599979173-74</Id><Title>Split?</Title><Msg>When are they going to split? They're due 5:1 split right now based on how they split before...</Msg><Username>barryburnette</Username><Timestamp>1367599979173</Timestamp><DateTime>Fri, 2013-05-03 12:52:59 EDT</DateTime><ThumbUp>0</ThumbUp><ThumbDown>0</ThumbDown><Sentiment/></Message><Message type="TopicMessage"><Id>1367600115228-75</Id><Title>Here's the bottom line, kidz: if you believe in bernanke's support of a continued ponzi scheme bitcoin market then buy all meanz........,</Title><Msg>'Buy, hold, and add the dips', becuase 'on average , stox go up 8% a year' Sybil doesn't hold this view and will remain and add short 'for an extended period of time'.</Msg><Username>sybil_rulez</Username><Timestamp>1367600115228</Timestamp><DateTime>Fri, 2013-05-03 12:55:15 EDT</DateTime><ThumbUp>0</ThumbUp><ThumbDown>0</ThumbDown><Sentiment/></Message><Message type="ReplyMessage"><Id>1367600116039-76</Id><Topic><Title>You idiots should have shorted Linkedin instead</Title><Username>ben_bertanked_me</Username><Timestamp>1367593508249</Timestamp><DateTime>Fri, 2013-05-03 11:05:08 EDT</DateTime></Topic><Msg>I am short both LNKD and AMZN, u mad?</Msg><Username>kenji100</Username><Timestamp>1367600116039</Timestamp><DateTime>Fri, 2013-05-03 12:55:16 EDT</DateTime><ThumbUp>0</ThumbUp><ThumbDown>0</ThumbDown><Sentiment/></Message><Message type="ReplyMessage"><Id>1367600213706-77</Id><Topic><Title>90 Days Ago</Title><Username>kenji100</Username><Timestamp>1366910621635</Timestamp><DateTime>Thu, 2013-04-25 13:23:41 EDT</DateTime></Topic><Msg>"How do you know AMZN is going to crash one day?" Because there are no earnings, when there are no earnings, stock eventually crashes. Crash means sub 1$00.</Msg><Username>kenji100</Username><Timestamp>1367600213706</Timestamp><DateTime>Fri, 2013-05-03 12:56:53 EDT</DateTime><ThumbUp>1</ThumbUp><ThumbDown>0</ThumbDown><Sentiment/></Message><Message type="TopicMessage"><Id>1367600257725-78</Id><Title>Geegee iz hjerking off hoping hiz callz 'bought' at amzn 275 make a comeback</Title><Msg>But alas, he iz broke and resigned to posting and jerking off, so in realiry he seez no lossez nor any gainz.</Msg><Username>sybil_rulez</Username><Timestamp>1367600257725</Timestamp><DateTime>Fri, 2013-05-03 12:57:37 EDT</DateTime><ThumbUp>0</ThumbUp><ThumbDown>0</ThumbDown><Sentiment/></Message><Message type="ReplyMessage"><Id>1367600336209-79</Id><Topic><Title>90 Days Ago</Title><Username>kenji100</Username><Timestamp>1366910621635</Timestamp><DateTime>Thu, 2013-04-25 13:23:41 EDT</DateTime></Topic><Msg>Hey Rimm, this market is nuts, what other shorts do you have? LNKD is treating me good today after the crazy way they pumped that up, should be a sub $100 stock.</Msg><Username>kenji100</Username><Timestamp>1367600336209</Timestamp><DateTime>Fri, 2013-05-03 12:58:56 EDT</DateTime><ThumbUp>0</ThumbUp><ThumbDown>0</ThumbDown><Sentiment/></Message><Message type="ReplyMessage"><Id>1367600390195-80</Id><Topic><Title>Perfect time to sell at open</Title><Username>hb5fa_2</Username><Timestamp>1367587882465</Timestamp><DateTime>Fri, 2013-05-03 09:31:22 EDT</DateTime></Topic><Msg>How can you sell something you don't have? You spend all your time posting negative stuff about Amazon. up 6am! posting on a yahoo Amazon messageboard?? Sell at the open?? Open at 256.10 hit 259 three hours later. Why you spend so much time on a stock you don't like? Selling more? What crazy person owns shares and spends all week with bearish wrong calls</Msg><Username>hey_rob69</Username><Timestamp>1367600390195</Timestamp><DateTime>Fri, 2013-05-03 12:59:50 EDT</DateTime><ThumbUp>0</ThumbUp><ThumbDown>0</ThumbDown><Sentiment/></Message><Message type="ReplyMessage"><Id>1367600392814-81</Id><Topic><Title>Will Sybil take a few nickels today?</Title><Username>geegenjar</Username><Timestamp>1367597330580</Timestamp><DateTime>Fri, 2013-05-03 12:08:50 EDT</DateTime></Topic><Msg>Will geegee break even on hoz paper traded callz? Damn, he'z still a brokedick today.</Msg><Username>sybil_rulez</Username><Timestamp>1367600392814</Timestamp><DateTime>Fri, 2013-05-03 12:59:52 EDT</DateTime><ThumbUp>0</ThumbUp><ThumbDown>0</ThumbDown><Sentiment/></Message><Message type="ReplyMessage"><Id>1367600522500-82</Id><Topic><Title>Sybil is just a random shooter.</Title><Username>geegenjar</Username><Timestamp>1367587506327</Timestamp><DateTime>Fri, 2013-05-03 09:25:06 EDT</DateTime></Topic><Msg>"The whole market is hitting an all-time high. The stock just made its all-time high." Exactly numb nuts. Sybil makes it a habit to buy low and sell high.</Msg><Username>sybil_rulez</Username><Timestamp>1367600522500</Timestamp><DateTime>Fri, 2013-05-03 13:02:02 EDT</DateTime><ThumbUp>0</ThumbUp><ThumbDown>0</ThumbDown><Sentiment/></Message><Message type="ReplyMessage"><Id>1367600564308-83</Id><Topic><Title>Dumb move to increase the shipping allowance for music CDs</Title><Username>closeoutville</Username><Timestamp>1367599780881</Timestamp><DateTime>Fri, 2013-05-03 12:49:40 EDT</DateTime></Topic><Msg>Dumb move? What would you suggest, that they sit on the inventory? CD's are not far behind the 12" LP and cassette tapes. All will be digital download soon. They're getting what they can, while they can. Another smart move by AMZN. Now if they'd just split....</Msg><Username>barryburnette</Username><Timestamp>1367600564308</Timestamp><DateTime>Fri, 2013-05-03 13:02:44 EDT</DateTime><ThumbUp>0</ThumbUp><ThumbDown>0</ThumbDown><Sentiment/></Message><Message type="ReplyMessage"><Id>1367600599605-84</Id><Topic><Title>AMZN Candles</Title><Username>homonym_doctor</Username><Timestamp>1367540712440</Timestamp><DateTime>Thu, 2013-05-02 20:25:12 EDT</DateTime></Topic><Msg>Another wrong call by hb5fa_2: Said om thursday that tomorrow which is today would not be a good day.. lol!! Market will take profits and Amazon will go down</Msg><Username>hey_rob69</Username><Timestamp>1367600599605</Timestamp><DateTime>Fri, 2013-05-03 13:03:19 EDT</DateTime><ThumbUp>1</ThumbUp><ThumbDown>0</ThumbDown><Sentiment/></Message><Message type="TopicMessage"><Id>1367600780386-85</Id><Title>how long will it take to get amzn over 270</Title><Msg>so I can short it</Msg><Username>xdon69</Username><Timestamp>1367600780386</Timestamp><DateTime>Fri, 2013-05-03 13:06:20 EDT</DateTime><ThumbUp>0</ThumbUp><ThumbDown>0</ThumbDown><Sentiment/></Message><Message type="ReplyMessage"><Id>1367600869082-86</Id><Topic><Title>Perfect time to sell at open</Title><Username>hb5fa_2</Username><Timestamp>1367587882465</Timestamp><DateTime>Fri, 2013-05-03 09:31:22 EDT</DateTime></Topic><Msg>What an idiot.</Msg><Username>barryburnette</Username><Timestamp>1367600869082</Timestamp><DateTime>Fri, 2013-05-03 13:07:49 EDT</DateTime><ThumbUp>0</ThumbUp><ThumbDown>0</ThumbDown><Sentiment/></Message><Message type="ReplyMessage"><Id>1367601066336-87</Id><Topic><Title>how long will it take to get amzn over 270</Title><Username>xdon69</Username><Timestamp>1367600780386</Timestamp><DateTime>Fri, 2013-05-03 13:06:20 EDT</DateTime></Topic><Msg>please do. i love reading all the pathetic short posts on this board. very entertaining.</Msg><Username>barryburnette</Username><Timestamp>1367601066336</Timestamp><DateTime>Fri, 2013-05-03 13:11:06 EDT</DateTime><ThumbUp>0</ThumbUp><ThumbDown>1</ThumbDown><Sentiment/></Message><Message type="TopicMessage"><Id>1367601076774-88</Id><Title>Shorts, explain something to me</Title><Msg>Ok, suppose it hits another all time high, 285. You jump in and short. It will likely go down, but not a whole lot, so maybe you can cover at 270, and wow, you've made $15. But, suppose it goes up, 300, 350, 400. You're risking an unlimited amount of money for a chance to make maybe 15 or 20 per share. Why would a rational person do that?</Msg><Username>brucetheharmonicaguy</Username><Timestamp>1367601076774</Timestamp><DateTime>Fri, 2013-05-03 13:11:16 EDT</DateTime><ThumbUp>0</ThumbUp><ThumbDown>3</ThumbDown><Sentiment/></Message><Message type="TopicMessage"><Id>1367601115470-89</Id><Title>Does yahoo work?</Title><Msg>I get an error when I try to post a message</Msg><Username>brucetheharmonicaguy</Username><Timestamp>1367601115470</Timestamp><DateTime>Fri, 2013-05-03 13:11:55 EDT</DateTime><ThumbUp>0</ThumbUp><ThumbDown>0</ThumbDown><Sentiment/></Message><Message type="ReplyMessage"><Id>1367601239807-90</Id><Topic><Title>You idiots should have shorted Linkedin instead</Title><Username>ben_bertanked_me</Username><Timestamp>1367593508249</Timestamp><DateTime>Fri, 2013-05-03 11:05:08 EDT</DateTime></Topic><Msg>i suggest you read about Japan's post-bomb strategy if you want to understand why amzn is succeeding.</Msg><Username>barryburnette</Username><Timestamp>1367601239807</Timestamp><DateTime>Fri, 2013-05-03 13:13:59 EDT</DateTime><ThumbUp>0</ThumbUp><ThumbDown>0</ThumbDown><Sentiment/></Message><Message type="ReplyMessage"><Id>1367601264226-91</Id><Topic><Title>Bought at 249.50 yesterday in after hours. Another stock added to my bottom fishing</Title><Username>hey_rob69</Username><Timestamp>1367386137627</Timestamp><DateTime>Wed, 2013-05-01 01:28:57 EDT</DateTime></Topic><Msg>Expedia Almostt at 59, still 10 away from 52 week high and still waiting for another bounce upwards after Priceline post its earnings results next week.</Msg><Username>hey_rob69</Username><Timestamp>1367601264226</Timestamp><DateTime>Fri, 2013-05-03 13:14:24 EDT</DateTime><ThumbUp>0</ThumbUp><ThumbDown>0</ThumbDown><Sentiment/></Message><Message type="ReplyMessage"><Id>1367601356306-92</Id><Topic><Title>You idiots should have shorted Linkedin instead</Title><Username>ben_bertanked_me</Username><Timestamp>1367593508249</Timestamp><DateTime>Fri, 2013-05-03 11:05:08 EDT</DateTime></Topic><Msg>you might make money on the lnkd short. enough to cover your amzn short loss if you're lucky.</Msg><Username>barryburnette</Username><Timestamp>1367601356306</Timestamp><DateTime>Fri, 2013-05-03 13:15:56 EDT</DateTime><ThumbUp>0</ThumbUp><ThumbDown>0</ThumbDown><Sentiment/></Message><Message type="ReplyMessage"><Id>1367601430761-93</Id><Topic><Title>Bought at 249.50 yesterday in after hours. Another stock added to my bottom fishing</Title><Username>hey_rob69</Username><Timestamp>1367386137627</Timestamp><DateTime>Wed, 2013-05-01 01:28:57 EDT</DateTime></Topic><Msg>putting this guy on ignore. i'll miss all his bad calls and dumb postings. Such a shame. You'll be missed</Msg><Username>hey_rob69</Username><Timestamp>1367601430761</Timestamp><DateTime>Fri, 2013-05-03 13:17:10 EDT</DateTime><ThumbUp>0</ThumbUp><ThumbDown>0</ThumbDown><Sentiment/></Message><Message type="ReplyMessage"><Id>1367601464818-94</Id><Topic><Title>how long will it take to get amzn over 270</Title><Username>xdon69</Username><Timestamp>1367600780386</Timestamp><DateTime>Fri, 2013-05-03 13:06:20 EDT</DateTime></Topic><Msg>Yes and all of the shorts are garnering great knowledge from reading your insightful posts. Eh, not really. :-)</Msg><Username>hapihammer</Username><Timestamp>1367601464818</Timestamp><DateTime>Fri, 2013-05-03 13:17:44 EDT</DateTime><ThumbUp>2</ThumbUp><ThumbDown>0</ThumbDown><Sentiment>Strong Sell</Sentiment></Message><Message type="ReplyMessage"><Id>1367601701216-95</Id><Topic><Title>Shorts, explain something to me</Title><Username>brucetheharmonicaguy</Username><Timestamp>1367601076774</Timestamp><DateTime>Fri, 2013-05-03 13:11:16 EDT</DateTime></Topic><Msg>bruce, So did you answer my last post about the metrics trends across the board? That means nothing to you? I believe you said you read the article. If so, what are your thoughts? Do you think those will never matter or do you honestly think they are about to flip fantastically to the positive? It's just a great momentum stock so you buy no matter what?</Msg><Username>hapihammer</Username><Timestamp>1367601701216</Timestamp><DateTime>Fri, 2013-05-03 13:21:41 EDT</DateTime><ThumbUp>1</ThumbUp><ThumbDown>0</ThumbDown><Sentiment>Strong Sell</Sentiment></Message><Message type="TopicMessage"><Id>1367601770348-96</Id><Title>Looks like fido and cap world aint front running this pig no more</Title><Msg>They'll leave the heavy lifting to the bag holderz.</Msg><Username>sybil_rulez</Username><Timestamp>1367601770348</Timestamp><DateTime>Fri, 2013-05-03 13:22:50 EDT</DateTime><ThumbUp>0</ThumbUp><ThumbDown>0</ThumbDown><Sentiment/></Message><Message type="ReplyMessage"><Id>1367601828148-97</Id><Topic><Title>Looks like fido and cap world aint front running this pig no more</Title><Username>sybil_rulez</Username><Timestamp>1367601770348</Timestamp><DateTime>Fri, 2013-05-03 13:22:50 EDT</DateTime></Topic><Msg>I agree. They're slowly backing out. Say, do you hold any other big shorts besides this one?</Msg><Username>agamemnus_0</Username><Timestamp>1367601828148</Timestamp><DateTime>Fri, 2013-05-03 13:23:48 EDT</DateTime><ThumbUp>0</ThumbUp><ThumbDown>0</ThumbDown><Sentiment/></Message><Message type="ReplyMessage"><Id>1367601856906-98</Id><Topic><Title>Does yahoo work?</Title><Username>brucetheharmonicaguy</Username><Timestamp>1367601115470</Timestamp><DateTime>Fri, 2013-05-03 13:11:55 EDT</DateTime></Topic><Msg>Yahoo generally doesn't work. That's why they brought everyone back to the office. ZING.</Msg><Username>agamemnus_0</Username><Timestamp>1367601856906</Timestamp><DateTime>Fri, 2013-05-03 13:24:16 EDT</DateTime><ThumbUp>1</ThumbUp><ThumbDown>0</ThumbDown><Sentiment/></Message><Message type="ReplyMessage"><Id>1367601925480-99</Id><Topic><Title>how long will it take to get amzn over 270</Title><Username>xdon69</Username><Timestamp>1367600780386</Timestamp><DateTime>Fri, 2013-05-03 13:06:20 EDT</DateTime></Topic><Msg>It's trading with the market now, with a high positive beta of about 2. If Bloody Ben is deposed, then you short AMZN... or anything else, for that matter.</Msg><Username>agamemnus_0</Username><Timestamp>1367601925480</Timestamp><DateTime>Fri, 2013-05-03 13:25:25 EDT</DateTime><ThumbUp>0</ThumbUp><ThumbDown>0</ThumbDown><Sentiment/></Message><Message type="ReplyMessage"><Id>1367601933508-100</Id><Topic><Title>Shorts, if I were you, I'd short now.</Title><Username>geegenjar</Username><Timestamp>1367599433720</Timestamp><DateTime>Fri, 2013-05-03 12:43:53 EDT</DateTime></Topic><Msg>There you had what you wanted. If you cover now is entirely up to you.</Msg><Username>geegenjar</Username><Timestamp>1367601933508</Timestamp><DateTime>Fri, 2013-05-03 13:25:33 EDT</DateTime><ThumbUp>0</ThumbUp><ThumbDown>0</ThumbDown><Sentiment/></Message><Message type="TopicMessage"><Id>1367601985769-101</Id><Title>CF... 225 ++ SOON</Title><Msg>LOAD UP!!</Msg><Username>keyisvol</Username><Timestamp>1367601985769</Timestamp><DateTime>Fri, 2013-05-03 13:26:25 EDT</DateTime><ThumbUp>0</ThumbUp><ThumbDown>0</ThumbDown><Sentiment/></Message><Message type="ReplyMessage"><Id>1367602072937-102</Id><Topic><Title>AMZN Candles</Title><Username>homonym_doctor</Username><Timestamp>1367540712440</Timestamp><DateTime>Thu, 2013-05-02 20:25:12 EDT</DateTime></Topic><Msg>LOL. Pretty funny. What good are you besides picking fights? Little #$%$. The thumb up is from me.</Msg><Username>hb5fa_2</Username><Timestamp>1367602072937</Timestamp><DateTime>Fri, 2013-05-03 13:27:52 EDT</DateTime><ThumbUp>0</ThumbUp><ThumbDown>0</ThumbDown><Sentiment>Strong Sell</Sentiment></Message><Message type="TopicMessage"><Id>1367602085479-103</Id><Title>Sell in May and go away</Title><Msg>has always applied to AMZN. See you at $235</Msg><Username>bogdanmiltchev</Username><Timestamp>1367602085479</Timestamp><DateTime>Fri, 2013-05-03 13:28:05 EDT</DateTime><ThumbUp>0</ThumbUp><ThumbDown>0</ThumbDown><Sentiment/></Message><Message type="TopicMessage"><Id>1367602371357-104</Id><Title>258.75 is now critical.</Title><Msg>Back to normal.</Msg><Username>geegenjar</Username><Timestamp>1367602371357</Timestamp><DateTime>Fri, 2013-05-03 13:32:51 EDT</DateTime><ThumbUp>0</ThumbUp><ThumbDown>0</ThumbDown><Sentiment/></Message><Message type="ReplyMessage"><Id>1367602669836-105</Id><Topic><Title>how long will it take to get amzn over 270</Title><Username>xdon69</Username><Timestamp>1367600780386</Timestamp><DateTime>Fri, 2013-05-03 13:06:20 EDT</DateTime></Topic><Msg>It doesn't seem to amaze me anymore. Forgive them for they don't know what they are doing. They can only resort to attack people because they have tiny brains.</Msg><Username>hb5fa_2</Username><Timestamp>1367602669836</Timestamp><DateTime>Fri, 2013-05-03 13:37:49 EDT</DateTime><ThumbUp>0</ThumbUp><ThumbDown>0</ThumbDown><Sentiment>Strong Sell</Sentiment></Message><Message type="ReplyMessage"><Id>1367602721005-106</Id><Topic><Title>AMZN Candles</Title><Username>homonym_doctor</Username><Timestamp>1367540712440</Timestamp><DateTime>Thu, 2013-05-02 20:25:12 EDT</DateTime></Topic><Msg>.Post hidden because you ignored this user. Darn! can't read his brillant reply lol!</Msg><Username>hey_rob69</Username><Timestamp>1367602721005</Timestamp><DateTime>Fri, 2013-05-03 13:38:41 EDT</DateTime><ThumbUp>0</ThumbUp><ThumbDown>0</ThumbDown><Sentiment/></Message><Message type="ReplyMessage"><Id>1367602732340-107</Id><Topic><Title>how long will it take to get amzn over 270</Title><Username>xdon69</Username><Timestamp>1367600780386</Timestamp><DateTime>Fri, 2013-05-03 13:06:20 EDT</DateTime></Topic><Msg>Angry? Won't help.</Msg><Username>jagdeep_m2000</Username><Timestamp>1367602732340</Timestamp><DateTime>Fri, 2013-05-03 13:38:52 EDT</DateTime><ThumbUp>0</ThumbUp><ThumbDown>0</ThumbDown><Sentiment/></Message><Message type="ReplyMessage"><Id>1367602887722-108</Id><Topic><Title>Shorts, explain something to me</Title><Username>brucetheharmonicaguy</Username><Timestamp>1367601076774</Timestamp><DateTime>Fri, 2013-05-03 13:11:16 EDT</DateTime></Topic><Msg>Haha.... Why stop at $400 if AMZN is going so much higher? There is more room for you to type all you want! Shall we say $2000? What is the logic to stop at $400?</Msg><Username>hb5fa_2</Username><Timestamp>1367602887722</Timestamp><DateTime>Fri, 2013-05-03 13:41:27 EDT</DateTime><ThumbUp>3</ThumbUp><ThumbDown>0</ThumbDown><Sentiment>Strong Sell</Sentiment></Message><Message type="ReplyMessage"><Id>1367603864585-109</Id><Topic><Title>Looks like fido and cap world aint front running this pig no more</Title><Username>sybil_rulez</Username><Timestamp>1367601770348</Timestamp><DateTime>Fri, 2013-05-03 13:22:50 EDT</DateTime></Topic><Msg>Back in tank city IMO, added some more shorts today. This this is DOA if there's no more "good news" on Monday. I have to give Wall Street credit in pumping this market up for the year end bonus. They know they don't have much time left before the next bear market arrive.</Msg><Username>tung_5000</Username><Timestamp>1367603864585</Timestamp><DateTime>Fri, 2013-05-03 13:57:44 EDT</DateTime><ThumbUp>0</ThumbUp><ThumbDown>0</ThumbDown><Sentiment/></Message><Message type="ReplyMessage"><Id>1367604252526-110</Id><Topic><Title>how long will it take to get amzn over 270</Title><Username>xdon69</Username><Timestamp>1367600780386</Timestamp><DateTime>Fri, 2013-05-03 13:06:20 EDT</DateTime></Topic><Msg>eh, short brains to be exact. little defensive aren't we enlightened ones...</Msg><Username>barryburnette</Username><Timestamp>1367604252526</Timestamp><DateTime>Fri, 2013-05-03 14:04:12 EDT</DateTime><ThumbUp>0</ThumbUp><ThumbDown>0</ThumbDown><Sentiment/></Message><Message type="ReplyMessage"><Id>1367604278956-111</Id><Topic><Title>Shorts, explain something to me</Title><Username>brucetheharmonicaguy</Username><Timestamp>1367601076774</Timestamp><DateTime>Fri, 2013-05-03 13:11:16 EDT</DateTime></Topic><Msg>Bruce I don't think you have one post about AMZN's earnings potential and when they might achieve it.</Msg><Username>kenji100</Username><Timestamp>1367604278956</Timestamp><DateTime>Fri, 2013-05-03 14:04:38 EDT</DateTime><ThumbUp>1</ThumbUp><ThumbDown>0</ThumbDown><Sentiment/></Message><Message type="ReplyMessage"><Id>1367604485524-112</Id><Topic><Title>Looks like fido and cap world aint front running this pig no more</Title><Username>sybil_rulez</Username><Timestamp>1367601770348</Timestamp><DateTime>Fri, 2013-05-03 13:22:50 EDT</DateTime></Topic><Msg>Sybs, I'm loaded with AAPL shares but don't want to sell any, using AMZN short as proxy, tried this before but didn't work. How are my chances ? The AAPL long is 8X size of AMZN short.</Msg><Username>zbc407</Username><Timestamp>1367604485524</Timestamp><DateTime>Fri, 2013-05-03 14:08:05 EDT</DateTime><ThumbUp>0</ThumbUp><ThumbDown>0</ThumbDown><Sentiment/></Message><Message type="TopicMessage"><Id>1367604643688-113</Id><Title>Amazon getting spanked today</Title><Msg>By RadioShack and J.C.Penney. Snort.</Msg><Username>thuddite</Username><Timestamp>1367604643688</Timestamp><DateTime>Fri, 2013-05-03 14:10:43 EDT</DateTime><ThumbUp>0</ThumbUp><ThumbDown>0</ThumbDown><Sentiment/></Message><Message type="ReplyMessage"><Id>1367604904431-114</Id><Topic><Title>Looks like fido and cap world aint front running this pig no more</Title><Username>sybil_rulez</Username><Timestamp>1367601770348</Timestamp><DateTime>Fri, 2013-05-03 13:22:50 EDT</DateTime></Topic><Msg>$85B a month can really create a false sense of reality that suck people into air cushions, can't it? LOL!!!</Msg><Username>hb5fa_2</Username><Timestamp>1367604904431</Timestamp><DateTime>Fri, 2013-05-03 14:15:04 EDT</DateTime><ThumbUp>0</ThumbUp><ThumbDown>0</ThumbDown><Sentiment>Strong Sell</Sentiment></Message><Message type="ReplyMessage"><Id>1367605803788-115</Id><Topic><Title>Shorts, if I were you, I'd short now.</Title><Username>geegenjar</Username><Timestamp>1367599433720</Timestamp><DateTime>Fri, 2013-05-03 12:43:53 EDT</DateTime></Topic><Msg>I'm back. I just had a short nap. She really tested 258, huh? Did you cover, shorts?</Msg><Username>geegenjar</Username><Timestamp>1367605803788</Timestamp><DateTime>Fri, 2013-05-03 14:30:03 EDT</DateTime><ThumbUp>0</ThumbUp><ThumbDown>0</ThumbDown><Sentiment/></Message><Message type="ReplyMessage"><Id>1367606316056-116</Id><Topic><Title>Shorts, if I were you, I'd short now.</Title><Username>geegenjar</Username><Timestamp>1367599433720</Timestamp><DateTime>Fri, 2013-05-03 12:43:53 EDT</DateTime></Topic><Msg>You have good timing, You should be a trader, on the short side of course.</Msg><Username>zbc407</Username><Timestamp>1367606316056</Timestamp><DateTime>Fri, 2013-05-03 14:38:36 EDT</DateTime><ThumbUp>0</ThumbUp><ThumbDown>0</ThumbDown><Sentiment/></Message><Message type="TopicMessage"><Id>1367606485846-117</Id><Title>Wait a second !!! WS left out Main Street?</Title><Msg>On 2nd thought - No they didn't. Mai street iz loading up on stox now in the 401k's and pensionz. Right on que. nevermind, thingz are working az they should. For a second, sybil thought thingz were out of whack. All iz right.</Msg><Username>sybil_rulez</Username><Timestamp>1367606485846</Timestamp><DateTime>Fri, 2013-05-03 14:41:25 EDT</DateTime><ThumbUp>0</ThumbUp><ThumbDown>0</ThumbDown><Sentiment/></Message><Message type="ReplyMessage"><Id>1367606571117-118</Id><Topic><Title>Shorts, if I were you, I'd short now.</Title><Username>geegenjar</Username><Timestamp>1367599433720</Timestamp><DateTime>Fri, 2013-05-03 12:43:53 EDT</DateTime></Topic><Msg>Why would shortsnorth of 265 cover at 258 when its gonna wind up at 58?</Msg><Username>sybil_rulez</Username><Timestamp>1367606571117</Timestamp><DateTime>Fri, 2013-05-03 14:42:51 EDT</DateTime><ThumbUp>1</ThumbUp><ThumbDown>0</ThumbDown><Sentiment/></Message><Message type="ReplyMessage"><Id>1367606665701-119</Id><Topic><Title>Looks like fido and cap world aint front running this pig no more</Title><Username>sybil_rulez</Username><Timestamp>1367601770348</Timestamp><DateTime>Fri, 2013-05-03 13:22:50 EDT</DateTime></Topic><Msg>Buying aapl and shorting amzn wont work .... Just short amzn, skip the aapl 'hedge', that will work.</Msg><Username>sybil_rulez</Username><Timestamp>1367606665701</Timestamp><DateTime>Fri, 2013-05-03 14:44:25 EDT</DateTime><ThumbUp>0</ThumbUp><ThumbDown>0</ThumbDown><Sentiment/></Message><Message type="ReplyMessage"><Id>1367606706092-120</Id><Topic><Title>Releax, shorts. As long as she remains below $258.63 . . .</Title><Username>geegenjar</Username><Timestamp>1367591379510</Timestamp><DateTime>Fri, 2013-05-03 10:29:39 EDT</DateTime></Topic><Msg>How are you doing, shorts? Are you getting tired? You'll have more fun next week. Get lots of rest this weekend.</Msg><Username>geegenjar</Username><Timestamp>1367606706092</Timestamp><DateTime>Fri, 2013-05-03 14:45:06 EDT</DateTime><ThumbUp>0</ThumbUp><ThumbDown>0</ThumbDown><Sentiment/></Message><Message type="ReplyMessage"><Id>1367607021021-121</Id><Topic><Title>Looks like fido and cap world aint front running this pig no more</Title><Username>sybil_rulez</Username><Timestamp>1367601770348</Timestamp><DateTime>Fri, 2013-05-03 13:22:50 EDT</DateTime></Topic><Msg>It's not going to end good either way. One you will have high inflation and goods will cost an arm and a leg so your paper gains and measly wage will be well spent. Two they OD on the debt and we have defaults everywhere which means deflation. Market will tanks of course but so does everything else. There will be a fork on the road soon that either lead to inflation or deflation IMO. Most of fiats will be toasted probably so shall we say a new currency is coming courtesy of the NWO? While we could even get a new currency with deflation if there's two much chaos and they need something new to reset the system. PM will be good for bartering but I have no clue what the final value will be when all is said and done. We are not in a sustainable path for so many decades now. It is very scary what will happen next. Though certain breakthroughs and tech advances will offset the severity somewhat.</Msg><Username>tung_5000</Username><Timestamp>1367607021021</Timestamp><DateTime>Fri, 2013-05-03 14:50:21 EDT</DateTime><ThumbUp>0</ThumbUp><ThumbDown>0</ThumbDown><Sentiment/></Message><Message type="ReplyMessage"><Id>1367607837743-122</Id><Topic><Title>Looks like fido and cap world aint front running this pig no more</Title><Username>sybil_rulez</Username><Timestamp>1367601770348</Timestamp><DateTime>Fri, 2013-05-03 13:22:50 EDT</DateTime></Topic><Msg>I'll bet the farm, and have, on AAPL long. But maybe only a cow or two on AMZN short, at least for now anyway.</Msg><Username>zbc407</Username><Timestamp>1367607837743</Timestamp><DateTime>Fri, 2013-05-03 15:03:57 EDT</DateTime><ThumbUp>0</ThumbUp><ThumbDown>0</ThumbDown><Sentiment/></Message><Message type="ReplyMessage"><Id>1367608416238-123</Id><Topic><Title>Looks like fido and cap world aint front running this pig no more</Title><Username>sybil_rulez</Username><Timestamp>1367601770348</Timestamp><DateTime>Fri, 2013-05-03 13:22:50 EDT</DateTime></Topic><Msg>Syb, still in Netflix short? Expect a gap down to $180s, forming island top?</Msg><Username>ex.goldbug</Username><Timestamp>1367608416238</Timestamp><DateTime>Fri, 2013-05-03 15:13:36 EDT</DateTime><ThumbUp>0</ThumbUp><ThumbDown>0</ThumbDown><Sentiment/></Message><Message type="TopicMessage"><Id>1367610749178-124</Id><Title>Look out over yonder from the hieghts of a mkt blowoff top</Title><Msg>Hark! Whats that sybil seez.... Baggiez being rounded up and loaded up with rocks before being pushed from the cliff. and across the valley far below - what iz that? That would be a sea of blood and guts from millionz of dead crackhead put buyerz.</Msg><Username>sybil_rulez</Username><Timestamp>1367610749178</Timestamp><DateTime>Fri, 2013-05-03 15:52:29 EDT</DateTime><ThumbUp>1</ThumbUp><ThumbDown>0</ThumbDown><Sentiment/></Message><Message type="TopicMessage"><Id>1367610780753-125</Id><Title>The line has been drawn at $258.00.</Title><Msg>Can shorts here keep supporting that? We should give them some help next week. They must be getting tired. Have a good weekend.</Msg><Username>geegenjar</Username><Timestamp>1367610780753</Timestamp><DateTime>Fri, 2013-05-03 15:53:00 EDT</DateTime><ThumbUp>0</ThumbUp><ThumbDown>0</ThumbDown><Sentiment/></Message><Message type="ReplyMessage"><Id>1367610960347-126</Id><Topic><Title>Looks like fido and cap world aint front running this pig no more</Title><Username>sybil_rulez</Username><Timestamp>1367601770348</Timestamp><DateTime>Fri, 2013-05-03 13:22:50 EDT</DateTime></Topic><Msg>Yes sybil iz still short nflx, and will be 'for an extended period of time'. Sybil expects nflx less than 10.00 or bk and an s&amp;p of 450-575. On that note sybs not interested in 'timing' the markets... Sybil only posts regularly to alleviate boredem while waiting for the inevitablle</Msg><Username>sybil_rulez</Username><Timestamp>1367610960347</Timestamp><DateTime>Fri, 2013-05-03 15:56:00 EDT</DateTime><ThumbUp>0</ThumbUp><ThumbDown>0</ThumbDown><Sentiment/></Message><Message type="TopicMessage"><Id>1367611118539-127</Id><Title>268 will be tested next week.</Title><Msg>Good luck to all.</Msg><Username>geegenjar</Username><Timestamp>1367611118539</Timestamp><DateTime>Fri, 2013-05-03 15:58:38 EDT</DateTime><ThumbUp>0</ThumbUp><ThumbDown>0</ThumbDown><Sentiment/></Message><Message type="TopicMessage"><Id>1367611183476-128</Id><Title>Sybil will live to see next week.</Title><Msg>Hallelujah . . .</Msg><Username>geegenjar</Username><Timestamp>1367611183476</Timestamp><DateTime>Fri, 2013-05-03 15:59:43 EDT</DateTime><ThumbUp>0</ThumbUp><ThumbDown>0</ThumbDown><Sentiment/></Message><Message type="ReplyMessage"><Id>1367611433576-129</Id><Topic><Title>Look out over yonder from the hieghts of a mkt blowoff top</Title><Username>sybil_rulez</Username><Timestamp>1367610749178</Timestamp><DateTime>Fri, 2013-05-03 15:52:29 EDT</DateTime></Topic><Msg>Sybil, you need professional help. Kids are laughing at you.</Msg><Username>geegenjar</Username><Timestamp>1367611433576</Timestamp><DateTime>Fri, 2013-05-03 16:03:53 EDT</DateTime><ThumbUp>0</ThumbUp><ThumbDown>1</ThumbDown><Sentiment/></Message><Message type="ReplyMessage"><Id>1367611714077-130</Id><Topic><Title>Releax, shorts. As long as she remains below $258.63 . . .</Title><Username>geegenjar</Username><Timestamp>1367591379510</Timestamp><DateTime>Fri, 2013-05-03 10:29:39 EDT</DateTime></Topic><Msg>Shorts, thank you for supporting her at $258.00 today. It must have been exhausting. Now, take a good rest you rightfully deserve. We'll help you push her higher next week. We've had a descent amount of rest for about a week. We've been re-charged. Together we can push her to her all-time high in no time. God bless America.</Msg><Username>geegenjar</Username><Timestamp>1367611714077</Timestamp><DateTime>Fri, 2013-05-03 16:08:34 EDT</DateTime><ThumbUp>0</ThumbUp><ThumbDown>0</ThumbDown><Sentiment/></Message><Message type="ReplyMessage"><Id>1367611864194-131</Id><Topic><Title>Will Sybil take a few nickels today?</Title><Username>geegenjar</Username><Timestamp>1367597330580</Timestamp><DateTime>Fri, 2013-05-03 12:08:50 EDT</DateTime></Topic><Msg>Sybil, I take it that you didn't take nickels when you could. Good luck next week. Monday morning, you might still get an opportunity to take a few pennies.</Msg><Username>geegenjar</Username><Timestamp>1367611864194</Timestamp><DateTime>Fri, 2013-05-03 16:11:04 EDT</DateTime><ThumbUp>0</ThumbUp><ThumbDown>0</ThumbDown><Sentiment/></Message><Message type="ReplyMessage"><Id>1367612769711-132</Id><Topic><Title>Will Sybil take a few nickels today?</Title><Username>geegenjar</Username><Timestamp>1367597330580</Timestamp><DateTime>Fri, 2013-05-03 12:08:50 EDT</DateTime></Topic><Msg>close 7 cents higher from where I added midday. Easy sleepy weekend, goodnight everybloody</Msg><Username>zbc407</Username><Timestamp>1367612769711</Timestamp><DateTime>Fri, 2013-05-03 16:26:09 EDT</DateTime><ThumbUp>0</ThumbUp><ThumbDown>0</ThumbDown><Sentiment/></Message><Message type="TopicMessage"><Id>1367614355856-133</Id><Title>Amazon claimed 200 dma yesterday. It seems to be bullish on days ahead. it shows strength today.</Title><Msg>EOM.</Msg><Username>tr_smtp</Username><Timestamp>1367614355856</Timestamp><DateTime>Fri, 2013-05-03 16:52:35 EDT</DateTime><ThumbUp>0</ThumbUp><ThumbDown>0</ThumbDown><Sentiment/></Message><Message type="TopicMessage"><Id>1367617463030-134</Id><Title>When should i buy AMZN?</Title><Msg>just got off the NFLX Bandwagon. It was fun! Made huge profits. But now i feel as though its out of steam for the rest of the year. Been keeping a watchful eye on AMZN. Should i buy now or should i wait? if so when?</Msg><Username>jonathan.blanco241</Username><Timestamp>1367617463030</Timestamp><DateTime>Fri, 2013-05-03 17:44:23 EDT</DateTime><ThumbUp>0</ThumbUp><ThumbDown>0</ThumbDown><Sentiment/></Message><Message type="ReplyMessage"><Id>1367617887839-135</Id><Topic><Title>When should i buy AMZN?</Title><Username>jonathan.blanco241</Username><Timestamp>1367617463030</Timestamp><DateTime>Fri, 2013-05-03 17:44:23 EDT</DateTime></Topic><Msg>I like to buy at 15-20% off the all time high, around 230 - 240. If it doesn't go down there, you didn't lose anything. If it does, you'll make a nice profit when it sets another all time high, which it always does. Just my opinion, and I'm a dumb hillbilly.</Msg><Username>brucetheharmonicaguy</Username><Timestamp>1367617887839</Timestamp><DateTime>Fri, 2013-05-03 17:51:27 EDT</DateTime><ThumbUp>1</ThumbUp><ThumbDown>4</ThumbDown><Sentiment/></Message><Message type="ReplyMessage"><Id>1367618147333-136</Id><Topic><Title>Shorts, explain something to me</Title><Username>brucetheharmonicaguy</Username><Timestamp>1367601076774</Timestamp><DateTime>Fri, 2013-05-03 13:11:16 EDT</DateTime></Topic><Msg>Here's an article I wrote where I address the metric trends: http://seekingalpha.com/article/1215181-amazon-and-the-changing-face-of-retail</Msg><Username>brucetheharmonicaguy</Username><Timestamp>1367618147333</Timestamp><DateTime>Fri, 2013-05-03 17:55:47 EDT</DateTime><ThumbUp>0</ThumbUp><ThumbDown>0</ThumbDown><Sentiment/></Message><Message type="TopicMessage"><Id>1367618351966-137</Id><Title>Geegee iz beating hiz meat and jumping up and down like monkey</Title><Msg>Celebrating an amzn dead cat bounce az the markets paint the charts with rope a dope highz.</Msg><Username>sybil_rulez</Username><Timestamp>1367618351966</Timestamp><DateTime>Fri, 2013-05-03 17:59:11 EDT</DateTime><ThumbUp>2</ThumbUp><ThumbDown>0</ThumbDown><Sentiment/></Message><Message type="ReplyMessage"><Id>1367618354407-138</Id><Topic><Title>Shorts, explain something to me</Title><Username>brucetheharmonicaguy</Username><Timestamp>1367601076774</Timestamp><DateTime>Fri, 2013-05-03 13:11:16 EDT</DateTime></Topic><Msg>If you read my article, or just bring it up, I'll get a penny! I think Amazon is different, and what isn't measured are things like the fact that Amazon is the most trusted, beloved company in America. That is worth something, and I believe JB has a handle on it.</Msg><Username>brucetheharmonicaguy</Username><Timestamp>1367618354407</Timestamp><DateTime>Fri, 2013-05-03 17:59:14 EDT</DateTime><ThumbUp>0</ThumbUp><ThumbDown>0</ThumbDown><Sentiment/></Message><Message type="ReplyMessage"><Id>1367618462431-139</Id><Topic><Title>Shorts, explain something to me</Title><Username>brucetheharmonicaguy</Username><Timestamp>1367601076774</Timestamp><DateTime>Fri, 2013-05-03 13:11:16 EDT</DateTime></Topic><Msg>"Amazon is the most trusted, beloved company in America." Huh? Brucetheskinfluteguy iz on some bad weed. Its got him hallucinating.</Msg><Username>sybil_rulez</Username><Timestamp>1367618462431</Timestamp><DateTime>Fri, 2013-05-03 18:01:02 EDT</DateTime><ThumbUp>0</ThumbUp><ThumbDown>1</ThumbDown><Sentiment/></Message><Message type="ReplyMessage"><Id>1367618607364-140</Id><Topic><Title>When should i buy AMZN?</Title><Username>jonathan.blanco241</Username><Timestamp>1367617463030</Timestamp><DateTime>Fri, 2013-05-03 17:44:23 EDT</DateTime></Topic><Msg>"Just my opinion, and I'm a dumb hillbilly." Sybs glad that brucetheskinfluteguy said this so sybil didnt have to.</Msg><Username>sybil_rulez</Username><Timestamp>1367618607364</Timestamp><DateTime>Fri, 2013-05-03 18:03:27 EDT</DateTime><ThumbUp>3</ThumbUp><ThumbDown>0</ThumbDown><Sentiment/></Message><Message type="ReplyMessage"><Id>1367618626059-141</Id><Topic><Title>Geegee iz beating hiz meat and jumping up and down like monkey</Title><Username>sybil_rulez</Username><Timestamp>1367618351966</Timestamp><DateTime>Fri, 2013-05-03 17:59:11 EDT</DateTime></Topic><Msg>I thought Geegee is a girl?</Msg><Username>jagdeep_m2000</Username><Timestamp>1367618626059</Timestamp><DateTime>Fri, 2013-05-03 18:03:46 EDT</DateTime><ThumbUp>0</ThumbUp><ThumbDown>0</ThumbDown><Sentiment/></Message><Message type="ReplyMessage"><Id>1367619002875-142</Id><Topic><Title>Shorts, explain something to me</Title><Username>brucetheharmonicaguy</Username><Timestamp>1367601076774</Timestamp><DateTime>Fri, 2013-05-03 13:11:16 EDT</DateTime></Topic><Msg>You mean it's different in that you have made a lot of money buying the stock low and selling the momentum high. Good for you bruce. I may read it later but do you address anything about the metrics? You know those annoying numerical trends?</Msg><Username>hapihammer</Username><Timestamp>1367619002875</Timestamp><DateTime>Fri, 2013-05-03 18:10:02 EDT</DateTime><ThumbUp>0</ThumbUp><ThumbDown>0</ThumbDown><Sentiment>Strong Sell</Sentiment></Message><Message type="ReplyMessage"><Id>1367619118021-143</Id><Topic><Title>Shorts, explain something to me</Title><Username>brucetheharmonicaguy</Username><Timestamp>1367601076774</Timestamp><DateTime>Fri, 2013-05-03 13:11:16 EDT</DateTime></Topic><Msg>OK. I'll read it later. Thanks.</Msg><Username>hapihammer</Username><Timestamp>1367619118021</Timestamp><DateTime>Fri, 2013-05-03 18:11:58 EDT</DateTime><ThumbUp>0</ThumbUp><ThumbDown>0</ThumbDown><Sentiment>Strong Sell</Sentiment></Message><Message type="ReplyMessage"><Id>1367621469270-144</Id><Topic><Title>90 Days Ago</Title><Username>kenji100</Username><Timestamp>1366910621635</Timestamp><DateTime>Thu, 2013-04-25 13:23:41 EDT</DateTime></Topic><Msg>hi, kenji, thank god, lnkd was down good today, but I am still red on it I will break even in mid 150's, so still way to go. didn't have guts nor cash to add more before er. the market is crazy, hopefully correction comes sooner than later have a nice weekend</Msg><Username>rimm_dn</Username><Timestamp>1367621469270</Timestamp><DateTime>Fri, 2013-05-03 18:51:09 EDT</DateTime><ThumbUp>0</ThumbUp><ThumbDown>0</ThumbDown><Sentiment/></Message><Message type="ReplyMessage"><Id>1367629897025-145</Id><Topic><Title>Shorts, explain something to me</Title><Username>brucetheharmonicaguy</Username><Timestamp>1367601076774</Timestamp><DateTime>Fri, 2013-05-03 13:11:16 EDT</DateTime></Topic><Msg>These longs are in dreamland. They dont' realize they've bought this overpriced turd. It's a $50 stock at best.</Msg><Username>listin2reason</Username><Timestamp>1367629897025</Timestamp><DateTime>Fri, 2013-05-03 21:11:37 EDT</DateTime><ThumbUp>1</ThumbUp><ThumbDown>0</ThumbDown><Sentiment/></Message><Message type="TopicMessage"><Id>1367630036203-146</Id><Title>AMZN gain in market cap today = 2 times AMZN earnings in its ENTIRE existence</Title><Msg>Exhibit a for what a scam/casino wall st is: amazon</Msg><Username>saumg514</Username><Timestamp>1367630036203</Timestamp><DateTime>Fri, 2013-05-03 21:13:56 EDT</DateTime><ThumbUp>4</ThumbUp><ThumbDown>0</ThumbDown><Sentiment/></Message><Message type="TopicMessage"><Id>1367630095617-147</Id><Title>Who is the their right mind would buy this stock over $50?</Title><Msg>Seriously...Any reasonable valuation model puts this at $50 or under. Everything over that is froth and should be sold!</Msg><Username>listin2reason</Username><Timestamp>1367630095617</Timestamp><DateTime>Fri, 2013-05-03 21:14:55 EDT</DateTime><ThumbUp>2</ThumbUp><ThumbDown>1</ThumbDown><Sentiment/></Message><Message type="ReplyMessage"><Id>1367630163336-148</Id><Topic><Title>AMZN gain in market cap today = 2 times AMZN earnings in its ENTIRE existence</Title><Username>saumg514</Username><Timestamp>1367630036203</Timestamp><DateTime>Fri, 2013-05-03 21:13:56 EDT</DateTime></Topic><Msg>LOL Good one! Fun facts about AMZN's unbelievable overvaluation.</Msg><Username>listin2reason</Username><Timestamp>1367630163336</Timestamp><DateTime>Fri, 2013-05-03 21:16:03 EDT</DateTime><ThumbUp>1</ThumbUp><ThumbDown>0</ThumbDown><Sentiment/></Message><Message type="ReplyMessage"><Id>1367636774012-149</Id><Topic><Title>Look out over yonder from the hieghts of a mkt blowoff top</Title><Username>sybil_rulez</Username><Timestamp>1367610749178</Timestamp><DateTime>Fri, 2013-05-03 15:52:29 EDT</DateTime></Topic><Msg>Sybs, It sure looks like a classic blow off top, but it maybe a few days before we know for sure. I was watching the carnival barkers on CNBC this am and they were getting all warm and fuzzy about a 15K beat on the jobs report, like unemployment had come down to 5%. You remember when 400K jobs was a GOOD jobs report!? They sold this today like Cabbage Patch Kids on Christmas Eve....they will be worth 24.99 on the 26th of Dec. - PJ</Msg><Username>pjlouie13</Username><Timestamp>1367636774012</Timestamp><DateTime>Fri, 2013-05-03 23:06:14 EDT</DateTime><ThumbUp>1</ThumbUp><ThumbDown>0</ThumbDown><Sentiment/></Message><Message type="ReplyMessage"><Id>1367638588974-150</Id><Topic><Title>Who is the their right mind would buy this stock over $50?</Title><Username>listin2reason</Username><Timestamp>1367630095617</Timestamp><DateTime>Fri, 2013-05-03 21:14:55 EDT</DateTime></Topic><Msg>Mutual fund managers and hedge fund guys use other people's money. They could care less about valuation.They are the ones buying this stock. They will be the first ones out the door when reality hits this scam and individual investors (longs) will be holding the bag.</Msg><Username>abatulis</Username><Timestamp>1367638588974</Timestamp><DateTime>Fri, 2013-05-03 23:36:28 EDT</DateTime><ThumbUp>0</ThumbUp><ThumbDown>1</ThumbDown><Sentiment>Strong Sell</Sentiment></Message><Message type="ReplyMessage"><Id>1367638906374-151</Id><Topic><Title>Look out over yonder from the hieghts of a mkt blowoff top</Title><Username>sybil_rulez</Username><Timestamp>1367610749178</Timestamp><DateTime>Fri, 2013-05-03 15:52:29 EDT</DateTime></Topic><Msg>The bulls think they can't go wrong. They think the economy is improving and Ben said he will print forever. What could possibly go wrong? That sure sounds like a top to me.</Msg><Username>abatulis</Username><Timestamp>1367638906374</Timestamp><DateTime>Fri, 2013-05-03 23:41:46 EDT</DateTime><ThumbUp>0</ThumbUp><ThumbDown>0</ThumbDown><Sentiment>Strong Sell</Sentiment></Message><Message type="ReplyMessage"><Id>1367639384028-152</Id><Topic><Title>Who is the their right mind would buy this stock over $50?</Title><Username>listin2reason</Username><Timestamp>1367630095617</Timestamp><DateTime>Fri, 2013-05-03 21:14:55 EDT</DateTime></Topic><Msg>and your posting here because??? There are alot of stocks and companies i don't like, but you don;t see me posting nonsense there. Thank you for showing us your lack of knowledge, So happy your not handling my money</Msg><Username>hey_rob69</Username><Timestamp>1367639384028</Timestamp><DateTime>Fri, 2013-05-03 23:49:44 EDT</DateTime><ThumbUp>0</ThumbUp><ThumbDown>1</ThumbDown><Sentiment/></Message></Date>