<?xml version="1.0" encoding="UTF-8" standalone="no"?><Date date="2013-04-05"><Message type="ReplyMessage"><Id>1365135145664-1</Id><Topic><Title>Cramer just now says stocks are about to "GO OVER A CLIFF"--big selloff!</Title><Username>the_invisible_hand2010</Username><Timestamp>1365114150801</Timestamp><DateTime>Thu, 2013-04-04 18:22:30 EDT</DateTime></Topic><Msg>Xdon69, how much have you lost playing with AMZN since your arrival here several weeks ago? You couldn't make money shorting AMZN, so you turned long recently, huh? And she weakens suddenly. Welcome to one of the toughest stocks to trade.</Msg><Username>geegenjar</Username><Timestamp>1365135145664</Timestamp><DateTime>Fri, 2013-04-05 00:12:25 EDT</DateTime><ThumbUp>0</ThumbUp><ThumbDown>0</ThumbDown><Sentiment/></Message><Message type="ReplyMessage"><Id>1365135397184-2</Id><Topic><Title>Amazon Down $7 @ open Friday?</Title><Username>ex.goldbug</Username><Timestamp>1365125172111</Timestamp><DateTime>Thu, 2013-04-04 21:26:12 EDT</DateTime></Topic><Msg>Yeah, but techstrategy, does your wife know almost all of your savings and hers are gone due to your "speculating" in the stock market?</Msg><Username>geegenjar</Username><Timestamp>1365135397184</Timestamp><DateTime>Fri, 2013-04-05 00:16:37 EDT</DateTime><ThumbUp>0</ThumbUp><ThumbDown>0</ThumbDown><Sentiment/></Message><Message type="ReplyMessage"><Id>1365135857620-3</Id><Topic><Title>Amazon Down $7 @ open Friday?</Title><Username>ex.goldbug</Username><Timestamp>1365125172111</Timestamp><DateTime>Thu, 2013-04-04 21:26:12 EDT</DateTime></Topic><Msg>"Yahoo says bid is $252, with no offer price." A massive short squeeze? No one is selling? Don't get excited ex.goldbug. That's said, the US stock market can be weak tomorrow because the Japanese stock market has shown signs of getting really strong in the last few days. Japanese financial institutions may liquidate their holdings here to repatriate their money to shove into their market back home.</Msg><Username>geegenjar</Username><Timestamp>1365135857620</Timestamp><DateTime>Fri, 2013-04-05 00:24:17 EDT</DateTime><ThumbUp>0</ThumbUp><ThumbDown>0</ThumbDown><Sentiment/></Message><Message type="ReplyMessage"><Id>1365136858878-4</Id><Topic><Title>AAPL</Title><Username>penystoc</Username><Timestamp>1364906100929</Timestamp><DateTime>Tue, 2013-04-02 08:35:00 EDT</DateTime></Topic><Msg>AAPL is a real short. AMZN is for scalping. Since you nor Sybil is good at taking small sure profits judiciously, you lose money shorting AMZN.</Msg><Username>geegenjar</Username><Timestamp>1365136858878</Timestamp><DateTime>Fri, 2013-04-05 00:40:58 EDT</DateTime><ThumbUp>0</ThumbUp><ThumbDown>0</ThumbDown><Sentiment/></Message><Message type="ReplyMessage"><Id>1365137328011-5</Id><Topic><Title>Friday--either Ugly, or Very Ugly</Title><Username>ex.goldbug</Username><Timestamp>1365125439880</Timestamp><DateTime>Thu, 2013-04-04 21:30:39 EDT</DateTime></Topic><Msg>Because our resident twitter girl, xdon69 went long AMZN recently (after losing money shorting AMZN for weeks), I believe there's a good chance AMZN could remain weak for a few days until she gives up and dump her long position at a loss.</Msg><Username>geegenjar</Username><Timestamp>1365137328011</Timestamp><DateTime>Fri, 2013-04-05 00:48:48 EDT</DateTime><ThumbUp>1</ThumbUp><ThumbDown>0</ThumbDown><Sentiment/></Message><Message type="ReplyMessage"><Id>1365139265366-6</Id><Topic><Title>Friday--either Ugly, or Very Ugly</Title><Username>ex.goldbug</Username><Timestamp>1365125439880</Timestamp><DateTime>Thu, 2013-04-04 21:30:39 EDT</DateTime></Topic><Msg>"Friday--either Ugly, or Very Ugly" For shorts or longs?</Msg><Username>geegenjar</Username><Timestamp>1365139265366</Timestamp><DateTime>Fri, 2013-04-05 01:21:05 EDT</DateTime><ThumbUp>0</ThumbUp><ThumbDown>0</ThumbDown><Sentiment/></Message><Message type="TopicMessage"><Id>1365143205333-7</Id><Title>Here's my prediction for tomorrow's opening move.</Title><Msg>AMZN will open lower, higher, or unchanged tomorrow morning. This is non-negotiable.</Msg><Username>geegenjar</Username><Timestamp>1365143205333</Timestamp><DateTime>Fri, 2013-04-05 02:26:45 EDT</DateTime><ThumbUp>0</ThumbUp><ThumbDown>0</ThumbDown><Sentiment/></Message><Message type="ReplyMessage"><Id>1365144080897-8</Id><Topic><Title>Friday--either Ugly, or Very Ugly</Title><Username>ex.goldbug</Username><Timestamp>1365125439880</Timestamp><DateTime>Thu, 2013-04-04 21:30:39 EDT</DateTime></Topic><Msg>For shorts, of course.</Msg><Username>bushiname</Username><Timestamp>1365144080897</Timestamp><DateTime>Fri, 2013-04-05 02:41:20 EDT</DateTime><ThumbUp>0</ThumbUp><ThumbDown>0</ThumbDown><Sentiment/></Message><Message type="TopicMessage"><Id>1365149531920-9</Id><Title>Nest AMZN watch, AMZN electronic car, AMZN robot, AMZN diet, AMZN yoga, AMZN condo</Title><Msg>and whatever in the trend, every new business will have 1000 times growth rate, so it will average out the real 2% profit margin business...</Msg><Username>barrynyc1</Username><Timestamp>1365149531920</Timestamp><DateTime>Fri, 2013-04-05 04:12:11 EDT</DateTime><ThumbUp>0</ThumbUp><ThumbDown>0</ThumbDown><Sentiment/></Message><Message type="TopicMessage"><Id>1365155879190-10</Id><Title>Geegee jerks off a lot. While he can tell everything about other peoplez accts - he cannot talk of hiz own</Title><Msg>What did you pay for each contract? When do they expire? What iz the strike price? How many call contracts ? What did you sell them for? Because he's a paper trader that posts useless posts, takes up space on yahoo's server, and livez an imaginary life on the yahoo boards - and not a very good one at that.... Sad.</Msg><Username>sybil_rulez</Username><Timestamp>1365155879190</Timestamp><DateTime>Fri, 2013-04-05 05:57:59 EDT</DateTime><ThumbUp>0</ThumbUp><ThumbDown>0</ThumbDown><Sentiment/></Message><Message type="ReplyMessage"><Id>1365166099470-11</Id><Topic><Title>Friday--either Ugly, or Very Ugly</Title><Username>ex.goldbug</Username><Timestamp>1365125439880</Timestamp><DateTime>Thu, 2013-04-04 21:30:39 EDT</DateTime></Topic><Msg>Report is bad but is it bad enough to take out the 255 calls?</Msg><Username>shorting_amazon</Username><Timestamp>1365166099470</Timestamp><DateTime>Fri, 2013-04-05 08:48:19 EDT</DateTime><ThumbUp>0</ThumbUp><ThumbDown>0</ThumbDown><Sentiment/></Message><Message type="TopicMessage"><Id>1365167313453-12</Id><Title>Shorts, are you sad?</Title><Msg>I may be able to scoop up calls real cheap this morning.</Msg><Username>geegenjar</Username><Timestamp>1365167313453</Timestamp><DateTime>Fri, 2013-04-05 09:08:33 EDT</DateTime><ThumbUp>0</ThumbUp><ThumbDown>0</ThumbDown><Sentiment/></Message><Message type="ReplyMessage"><Id>1365167554861-13</Id><Topic><Title>Cramer just now says stocks are about to "GO OVER A CLIFF"--big selloff!</Title><Username>the_invisible_hand2010</Username><Timestamp>1365114150801</Timestamp><DateTime>Thu, 2013-04-04 18:22:30 EDT</DateTime></Topic><Msg>Give him credit. This time he is right on the money.</Msg><Username>blust34442</Username><Timestamp>1365167554861</Timestamp><DateTime>Fri, 2013-04-05 09:12:34 EDT</DateTime><ThumbUp>0</ThumbUp><ThumbDown>0</ThumbDown><Sentiment>Sell</Sentiment></Message><Message type="TopicMessage"><Id>1365167614926-14</Id><Title>Will 248 hold today?</Title><Msg>We shall see.</Msg><Username>geegenjar</Username><Timestamp>1365167614926</Timestamp><DateTime>Fri, 2013-04-05 09:13:34 EDT</DateTime><ThumbUp>0</ThumbUp><ThumbDown>0</ThumbDown><Sentiment/></Message><Message type="TopicMessage"><Id>1365167736109-15</Id><Title>Which puts should I buy today at the open, AAPL's or AMZN's?</Title><Msg>I'm leaning towards buying mid-term puts on AAPL.</Msg><Username>geegenjar</Username><Timestamp>1365167736109</Timestamp><DateTime>Fri, 2013-04-05 09:15:36 EDT</DateTime><ThumbUp>0</ThumbUp><ThumbDown>0</ThumbDown><Sentiment/></Message><Message type="ReplyMessage"><Id>1365168516906-16</Id><Topic><Title>Which puts should I buy today at the open, AAPL's or AMZN's?</Title><Username>geegenjar</Username><Timestamp>1365167736109</Timestamp><DateTime>Fri, 2013-04-05 09:15:36 EDT</DateTime></Topic><Msg>the appl dividend or capital plan announcement is a wild card. Everyone expects it soon but it has yet to come. I fear the minute I buy aapl puts they finally come out with something</Msg><Username>retire_yung</Username><Timestamp>1365168516906</Timestamp><DateTime>Fri, 2013-04-05 09:28:36 EDT</DateTime><ThumbUp>0</ThumbUp><ThumbDown>0</ThumbDown><Sentiment/></Message><Message type="ReplyMessage"><Id>1365168608550-17</Id><Topic><Title>Amazon Down $7 @ open Friday?</Title><Username>ex.goldbug</Username><Timestamp>1365125172111</Timestamp><DateTime>Thu, 2013-04-04 21:26:12 EDT</DateTime></Topic><Msg>My wife knows everything about our finances. If I lost everything, she would be there. That's thefor better or for worse part that obviously you do not have in your shallow meaningless life. Second, you once again unwittingly exposed more about your game and connectivity. I'm sure all your pushups will make you a pretty bride in a state institution someday... Sybs, can you hear the other inmates saying "you got a real prettu mouth?" To Geeg. I can... Your "friends" won't be with you for long...</Msg><Username>techstrategy</Username><Timestamp>1365168608550</Timestamp><DateTime>Fri, 2013-04-05 09:30:08 EDT</DateTime><ThumbUp>0</ThumbUp><ThumbDown>0</ThumbDown><Sentiment/></Message><Message type="TopicMessage"><Id>1365169686186-18</Id><Title>why doesn't this stock trade at a more reasonable valuation?</Title><Msg>I can't understand why people would buy at these levels??? Its like Nortel, or DRYS at their peak. Just a lot of hot air........ Amazon has a fantastic footprint and looks set up to achive a profit but it keeps venturing further a field into compeditive waters. A simple pause in sales volume might trigger a realization ....???? maybe??? Great buisness potential worth at least 50 PE on a notional $2.00 earnings puts it at $100.........</Msg><Username>retire_yung</Username><Timestamp>1365169686186</Timestamp><DateTime>Fri, 2013-04-05 09:48:06 EDT</DateTime><ThumbUp>0</ThumbUp><ThumbDown>0</ThumbDown><Sentiment/></Message><Message type="TopicMessage"><Id>1365170505314-19</Id><Title>Bezos invests in Business Insider</Title><Msg>Business Insider is the publication that regularly carries what is essentially Amazon advertising disguised as news, publishing company PRs that are for all intents and purposes advertising pieces.</Msg><Username>philtmcnasty8</Username><Timestamp>1365170505314</Timestamp><DateTime>Fri, 2013-04-05 10:01:45 EDT</DateTime><ThumbUp>2</ThumbUp><ThumbDown>0</ThumbDown><Sentiment/></Message><Message type="ReplyMessage"><Id>1365170676520-20</Id><Topic><Title>Friday--either Ugly, or Very Ugly</Title><Username>ex.goldbug</Username><Timestamp>1365125439880</Timestamp><DateTime>Thu, 2013-04-04 21:30:39 EDT</DateTime></Topic><Msg>actually, i think fear will set in this weekend and we could see the real pull back for the market on Monday...</Msg><Username>keatonstocks</Username><Timestamp>1365170676520</Timestamp><DateTime>Fri, 2013-04-05 10:04:36 EDT</DateTime><ThumbUp>0</ThumbUp><ThumbDown>0</ThumbDown><Sentiment/></Message><Message type="ReplyMessage"><Id>1365170814723-21</Id><Topic><Title>Shorts, are you sad?</Title><Username>geegenjar</Username><Timestamp>1365167313453</Timestamp><DateTime>Fri, 2013-04-05 09:08:33 EDT</DateTime></Topic><Msg>cheap... is there such a thing in AMZN options</Msg><Username>crushercraig</Username><Timestamp>1365170814723</Timestamp><DateTime>Fri, 2013-04-05 10:06:54 EDT</DateTime><ThumbUp>0</ThumbUp><ThumbDown>0</ThumbDown><Sentiment/></Message><Message type="TopicMessage"><Id>1365171082861-22</Id><Title>Still waiting . . .</Title><Msg>. . . patiently for the next call buying opportunity.</Msg><Username>geegenjar</Username><Timestamp>1365171082861</Timestamp><DateTime>Fri, 2013-04-05 10:11:22 EDT</DateTime><ThumbUp>0</ThumbUp><ThumbDown>0</ThumbDown><Sentiment/></Message><Message type="TopicMessage"><Id>1365171343197-23</Id><Title>Bid yanking</Title><Msg>Multi-1000 share bids arrive and are yanked seconds prior to execution....good luck BOTs!</Msg><Username>shorting_amazon</Username><Timestamp>1365171343197</Timestamp><DateTime>Fri, 2013-04-05 10:15:43 EDT</DateTime><ThumbUp>0</ThumbUp><ThumbDown>0</ThumbDown><Sentiment/></Message><Message type="ReplyMessage"><Id>1365171747796-24</Id><Topic><Title>AMZN trading alert</Title><Username>tfltrading</Username><Timestamp>1365126944817</Timestamp><DateTime>Thu, 2013-04-04 21:55:44 EDT</DateTime></Topic><Msg>sometimes we think that all trades should be exited and go to cash on GDP and JOBS #s Reports... but until the system kicks them out then we stay using the way it was designed</Msg><Username>funniebucket</Username><Timestamp>1365171747796</Timestamp><DateTime>Fri, 2013-04-05 10:22:27 EDT</DateTime><ThumbUp>0</ThumbUp><ThumbDown>1</ThumbDown><Sentiment/></Message><Message type="ReplyMessage"><Id>1365172063660-25</Id><Topic><Title>AMZN trading alert</Title><Username>tfltrading</Username><Timestamp>1365126944817</Timestamp><DateTime>Thu, 2013-04-04 21:55:44 EDT</DateTime></Topic><Msg>No wonder your system sucks, AMZN down 5 today and it recommended going long @ yesterday's close!</Msg><Username>shorting_amazon</Username><Timestamp>1365172063660</Timestamp><DateTime>Fri, 2013-04-05 10:27:43 EDT</DateTime><ThumbUp>0</ThumbUp><ThumbDown>0</ThumbDown><Sentiment/></Message><Message type="ReplyMessage"><Id>1365172758617-26</Id><Topic><Title>Bezos invests in Business Insider</Title><Username>philtmcnasty8</Username><Timestamp>1365170505314</Timestamp><DateTime>Fri, 2013-04-05 10:01:45 EDT</DateTime></Topic><Msg>This business relationship between Bezos and Blodget is especially appropriate. They are both Market crooks. Blodget was a Wall Street Analyst that pumped the crooked dealings of Bernie Ebbers at Worldcom, which landed Bernie Ebbers in jail (and still there) and Henry Blodget being disbarred from the financial industry (but it appears we can't get rid of him). Bernie Ebbers was put in jail by roping in investors by describing profits that weren't there. Jeffy won't end up in jail because he has never said there are any profits or when there would be any profits. But Worldcom and Amazon look the same in every other way!</Msg><Username>bbyboomer50</Username><Timestamp>1365172758617</Timestamp><DateTime>Fri, 2013-04-05 10:39:18 EDT</DateTime><ThumbUp>3</ThumbUp><ThumbDown>0</ThumbDown><Sentiment/></Message><Message type="ReplyMessage"><Id>1365173186844-27</Id><Topic><Title>Amazon Down $7 @ open Friday?</Title><Username>ex.goldbug</Username><Timestamp>1365125172111</Timestamp><DateTime>Thu, 2013-04-04 21:26:12 EDT</DateTime></Topic><Msg>Tech, Sybil alwayz triez to help you out.... You really shouldn't mention your wife on a posting board. doing so can only lead to lude repliez, such as: Your wife knowz plenty about sybil but not so much about sybs finances Our sybil and tech have a lot in common - tech's wife for starterz. You see?</Msg><Username>sybil_rulez</Username><Timestamp>1365173186844</Timestamp><DateTime>Fri, 2013-04-05 10:46:26 EDT</DateTime><ThumbUp>0</ThumbUp><ThumbDown>0</ThumbDown><Sentiment/></Message><Message type="TopicMessage"><Id>1365173289792-28</Id><Title>Geegee likes to jerk off on the boardz</Title><Msg>Up days, down dayz , flat dayz - no matter the day or time - he likes to jerk off.</Msg><Username>sybil_rulez</Username><Timestamp>1365173289792</Timestamp><DateTime>Fri, 2013-04-05 10:48:09 EDT</DateTime><ThumbUp>0</ThumbUp><ThumbDown>0</ThumbDown><Sentiment/></Message><Message type="TopicMessage"><Id>1365173764264-29</Id><Title>Wont it be funny az amzn stok enterz its multi year down trend?</Title><Msg>Sybs got a few coverz in at 205 limits (1500 sharez), only to cover a 'bounce' to see if sybs can reopen them at a higher price.... Its risky to pull any shorts off the table in the 200's for you may miss opportunity at the drop to 120.... Sybil will cover 50% of shorts at 120 and the rest sub 50, but maybe hold 10% short for sub 20. Dont know yet - its too far off , but its comming eventually for sure. No need to blow a load here.</Msg><Username>sybil_rulez</Username><Timestamp>1365173764264</Timestamp><DateTime>Fri, 2013-04-05 10:56:04 EDT</DateTime><ThumbUp>0</ThumbUp><ThumbDown>0</ThumbDown><Sentiment/></Message><Message type="TopicMessage"><Id>1365174101796-30</Id><Title>Retail short are too late agin to this selloff</Title><Msg>now they in panic mode Lots of $$$$$ on side lines I think Funds will be putting some new money to work today</Msg><Username>jgiled</Username><Timestamp>1365174101796</Timestamp><DateTime>Fri, 2013-04-05 11:01:41 EDT</DateTime><ThumbUp>0</ThumbUp><ThumbDown>0</ThumbDown><Sentiment/></Message><Message type="TopicMessage"><Id>1365175662567-31</Id><Title>Hot stock VIDA has potential of 500 to 600% gains in the near future</Title><Msg>VIDA, Vidaroo Corp has work with huge artist like the Black Eyed Peas and others.</Msg><Username>sendchristian</Username><Timestamp>1365175662567</Timestamp><DateTime>Fri, 2013-04-05 11:27:42 EDT</DateTime><ThumbUp>0</ThumbUp><ThumbDown>0</ThumbDown><Sentiment/></Message><Message type="ReplyMessage"><Id>1365176192583-32</Id><Topic><Title>Bezos invests in Business Insider</Title><Username>philtmcnasty8</Username><Timestamp>1365170505314</Timestamp><DateTime>Fri, 2013-04-05 10:01:45 EDT</DateTime></Topic><Msg>Yep, these are the guys that published the ridiculous estimate by Morningstar (analyst Hottovy) that AMZN makes 9% opering margin on Prime ... did anyone believe that?</Msg><Username>once_on</Username><Timestamp>1365176192583</Timestamp><DateTime>Fri, 2013-04-05 11:36:32 EDT</DateTime><ThumbUp>1</ThumbUp><ThumbDown>0</ThumbDown><Sentiment/></Message><Message type="TopicMessage"><Id>1365176713703-33</Id><Title>Milking the autorip vinyl headline</Title><Msg>How long can they keep that headline in the news. Everyday this week a new article comes out about this already old news about autoripping vinyl songs. Talk about over done.</Msg><Username>groovybaby711</Username><Timestamp>1365176713703</Timestamp><DateTime>Fri, 2013-04-05 11:45:13 EDT</DateTime><ThumbUp>0</ThumbUp><ThumbDown>0</ThumbDown><Sentiment/></Message><Message type="ReplyMessage"><Id>1365177512306-34</Id><Topic><Title>I'd short AAPL with everything I got.</Title><Username>geegenjar</Username><Timestamp>1364833109024</Timestamp><DateTime>Mon, 2013-04-01 12:18:29 EDT</DateTime></Topic><Msg>Come on, shorts. If the global economy is as bad as you claim, AAPL is the best short in decades.</Msg><Username>geegenjar</Username><Timestamp>1365177512306</Timestamp><DateTime>Fri, 2013-04-05 11:58:32 EDT</DateTime><ThumbUp>1</ThumbUp><ThumbDown>2</ThumbDown><Sentiment/></Message><Message type="TopicMessage"><Id>1365177885697-35</Id><Title>Sell AMZN buy NVAX</Title><Msg>You will double your money.</Msg><Username>bullish1_2</Username><Timestamp>1365177885697</Timestamp><DateTime>Fri, 2013-04-05 12:04:45 EDT</DateTime><ThumbUp>0</ThumbUp><ThumbDown>0</ThumbDown><Sentiment/></Message><Message type="TopicMessage"><Id>1365178203985-36</Id><Title>AMZN chart is falling apart</Title><Msg>AMZN chart looks like the stock is about to fall over. Make sure you have your Stops set because the decline could be steep.</Msg><Username>stock_selector1</Username><Timestamp>1365178203985</Timestamp><DateTime>Fri, 2013-04-05 12:10:03 EDT</DateTime><ThumbUp>0</ThumbUp><ThumbDown>0</ThumbDown><Sentiment/></Message><Message type="ReplyMessage"><Id>1365178319755-37</Id><Topic><Title>AMZN Is Looking Good!</Title><Username>quincysanders360</Username><Timestamp>1364912320116</Timestamp><DateTime>Tue, 2013-04-02 10:18:40 EDT</DateTime></Topic><Msg>Holding it tight.Good luck to all</Msg><Username>grosstyler951</Username><Timestamp>1365178319755</Timestamp><DateTime>Fri, 2013-04-05 12:11:59 EDT</DateTime><ThumbUp>0</ThumbUp><ThumbDown>2</ThumbDown><Sentiment/></Message><Message type="ReplyMessage"><Id>1365178773232-38</Id><Topic><Title>==##== Have You Seen This AMZN Report?! ==##==</Title><Username>mike.smith641</Username><Timestamp>1365024237400</Timestamp><DateTime>Wed, 2013-04-03 17:23:57 EDT</DateTime></Topic><Msg>great info.</Msg><Username>john.white194</Username><Timestamp>1365178773232</Timestamp><DateTime>Fri, 2013-04-05 12:19:33 EDT</DateTime><ThumbUp>0</ThumbUp><ThumbDown>2</ThumbDown><Sentiment/></Message><Message type="TopicMessage"><Id>1365179254340-39</Id><Title>253.75 critical more than ever.</Title><Msg>If broken 250 is next to be tested. Still all cash. Waiting patiently for the next call buying opportunity.</Msg><Username>geegenjar</Username><Timestamp>1365179254340</Timestamp><DateTime>Fri, 2013-04-05 12:27:34 EDT</DateTime><ThumbUp>0</ThumbUp><ThumbDown>0</ThumbDown><Sentiment/></Message><Message type="TopicMessage"><Id>1365179932879-40</Id><Title>Shorts, give it a rest!</Title><Msg>Because you spineless shorts are covering on every uptick, she doesn't go down! I want to buy calls cheap! Just stay put for a while.</Msg><Username>geegenjar</Username><Timestamp>1365179932879</Timestamp><DateTime>Fri, 2013-04-05 12:38:52 EDT</DateTime><ThumbUp>0</ThumbUp><ThumbDown>0</ThumbDown><Sentiment/></Message><Message type="ReplyMessage"><Id>1365180139975-41</Id><Topic><Title>Hot stock VIDA has potential of 500 to 600% gains in the near future</Title><Username>sendchristian</Username><Timestamp>1365175662567</Timestamp><DateTime>Fri, 2013-04-05 11:27:42 EDT</DateTime></Topic><Msg>Vidaroo has clod based video technology. Go to facebook and like Vidaroo corp.</Msg><Username>sendchristian</Username><Timestamp>1365180139975</Timestamp><DateTime>Fri, 2013-04-05 12:42:19 EDT</DateTime><ThumbUp>0</ThumbUp><ThumbDown>0</ThumbDown><Sentiment>Buy</Sentiment></Message><Message type="TopicMessage"><Id>1365181499632-42</Id><Title>Amzn=aapl=ffiv=cmg=pcln=crm= so on and so forth</Title><Msg>Former Momo's without mojo, all under distribution, all in down trends..... All done.... Yearz of gainz to be wiped out in weeks and months....</Msg><Username>sybil_rulez</Username><Timestamp>1365181499632</Timestamp><DateTime>Fri, 2013-04-05 13:04:59 EDT</DateTime><ThumbUp>0</ThumbUp><ThumbDown>0</ThumbDown><Sentiment/></Message><Message type="TopicMessage"><Id>1365182086167-43</Id><Title>Think AApl hits new 52 week low here easy</Title><Msg>Think Japans action will free fall many prices world wide. Japan car prices,appliances , etc will free and start world wide price war in my opinion.Same game as Federal reserve started years ago. Our dollar worth about 72 cents here.</Msg><Username>kopach</Username><Timestamp>1365182086167</Timestamp><DateTime>Fri, 2013-04-05 13:14:46 EDT</DateTime><ThumbUp>0</ThumbUp><ThumbDown>1</ThumbDown><Sentiment/></Message><Message type="TopicMessage"><Id>1365183317391-44</Id><Title>Here's my prediction for the next 17 minutes.</Title><Msg>I have no idea. If you think you know what will happen, you're lying to yourself.</Msg><Username>geegenjar</Username><Timestamp>1365183317391</Timestamp><DateTime>Fri, 2013-04-05 13:35:17 EDT</DateTime><ThumbUp>0</ThumbUp><ThumbDown>0</ThumbDown><Sentiment/></Message><Message type="TopicMessage"><Id>1365184557643-45</Id><Title>Shorts must be sad.</Title><Msg>Just a dollar off yesterday's low. And that's after enduring the pain for almost 5 months.</Msg><Username>geegenjar</Username><Timestamp>1365184557643</Timestamp><DateTime>Fri, 2013-04-05 13:55:57 EDT</DateTime><ThumbUp>0</ThumbUp><ThumbDown>0</ThumbDown><Sentiment/></Message><Message type="ReplyMessage"><Id>1365185018988-46</Id><Topic><Title>Shorts must be sad.</Title><Username>geegenjar</Username><Timestamp>1365184557643</Timestamp><DateTime>Fri, 2013-04-05 13:55:57 EDT</DateTime></Topic><Msg>u know u remind me of a friend of mine dd he is funny too</Msg><Username>xdon69</Username><Timestamp>1365185018988</Timestamp><DateTime>Fri, 2013-04-05 14:03:38 EDT</DateTime><ThumbUp>0</ThumbUp><ThumbDown>0</ThumbDown><Sentiment/></Message><Message type="TopicMessage"><Id>1365185331288-47</Id><Title>Having a late breakfast.</Title><Msg>You guys work it out while I'm having a sumptuous breakfast. I'll be back.</Msg><Username>geegenjar</Username><Timestamp>1365185331288</Timestamp><DateTime>Fri, 2013-04-05 14:08:51 EDT</DateTime><ThumbUp>0</ThumbUp><ThumbDown>0</ThumbDown><Sentiment/></Message><Message type="TopicMessage"><Id>1365185998525-48</Id><Title>Amzn is history</Title><Msg>Shorts rule!</Msg><Username>titomuch</Username><Timestamp>1365185998525</Timestamp><DateTime>Fri, 2013-04-05 14:19:58 EDT</DateTime><ThumbUp>0</ThumbUp><ThumbDown>0</ThumbDown><Sentiment/></Message><Message type="ReplyMessage"><Id>1365186167065-49</Id><Topic><Title>Sell AMZN buy NVAX</Title><Username>bullish1_2</Username><Timestamp>1365177885697</Timestamp><DateTime>Fri, 2013-04-05 12:04:45 EDT</DateTime></Topic><Msg>NVAX up 6% right now. Bird flu scare in china very real threat!</Msg><Username>bullish1_2</Username><Timestamp>1365186167065</Timestamp><DateTime>Fri, 2013-04-05 14:22:47 EDT</DateTime><ThumbUp>0</ThumbUp><ThumbDown>0</ThumbDown><Sentiment/></Message><Message type="TopicMessage"><Id>1365186516299-50</Id><Title>CRUS CRUS</Title><Msg>braking out</Msg><Username>jgiled</Username><Timestamp>1365186516299</Timestamp><DateTime>Fri, 2013-04-05 14:28:36 EDT</DateTime><ThumbUp>0</ThumbUp><ThumbDown>0</ThumbDown><Sentiment/></Message><Message type="ReplyMessage"><Id>1365187346738-51</Id><Topic><Title>Having a late breakfast.</Title><Username>geegenjar</Username><Timestamp>1365185331288</Timestamp><DateTime>Fri, 2013-04-05 14:08:51 EDT</DateTime></Topic><Msg>What? I'm back and find the price essentially the same as when I left here for my late breakfast. I didn't waste anything. In fact, premiums on options got less. So, I'm going to save money if I decide to buy calls.</Msg><Username>geegenjar</Username><Timestamp>1365187346738</Timestamp><DateTime>Fri, 2013-04-05 14:42:26 EDT</DateTime><ThumbUp>0</ThumbUp><ThumbDown>0</ThumbDown><Sentiment/></Message><Message type="TopicMessage"><Id>1365187706424-52</Id><Title>I'm turning bearish . . .</Title><Msg>. . . now. I think I'll have to wait until AMZN hits $238 for a good bounce.</Msg><Username>geegenjar</Username><Timestamp>1365187706424</Timestamp><DateTime>Fri, 2013-04-05 14:48:26 EDT</DateTime><ThumbUp>0</ThumbUp><ThumbDown>1</ThumbDown><Sentiment/></Message><Message type="ReplyMessage"><Id>1365188500282-53</Id><Topic><Title>I'm turning bearish . . .</Title><Username>geegenjar</Username><Timestamp>1365187706424</Timestamp><DateTime>Fri, 2013-04-05 14:48:26 EDT</DateTime></Topic><Msg>I agree, look at GOOG and they actually have earnings while AMZN does not</Msg><Username>egmmd</Username><Timestamp>1365188500282</Timestamp><DateTime>Fri, 2013-04-05 15:01:40 EDT</DateTime><ThumbUp>0</ThumbUp><ThumbDown>1</ThumbDown><Sentiment/></Message><Message type="TopicMessage"><Id>1365188754628-54</Id><Title>See massive price and currency wars here. WITH Japan starting here.</Title><Msg>Look for massive price drops electronics/appliances/cars etc. Think it will spill over to euro action possibly.</Msg><Username>kopach</Username><Timestamp>1365188754628</Timestamp><DateTime>Fri, 2013-04-05 15:05:54 EDT</DateTime><ThumbUp>0</ThumbUp><ThumbDown>1</ThumbDown><Sentiment/></Message><Message type="ReplyMessage"><Id>1365189252325-55</Id><Topic><Title>I'm turning bearish . . .</Title><Username>geegenjar</Username><Timestamp>1365187706424</Timestamp><DateTime>Fri, 2013-04-05 14:48:26 EDT</DateTime></Topic><Msg>GeeGee, if they miss on earnings this falls to $205, minimum, and maybe even breaks $200.</Msg><Username>ex.goldbug</Username><Timestamp>1365189252325</Timestamp><DateTime>Fri, 2013-04-05 15:14:12 EDT</DateTime><ThumbUp>0</ThumbUp><ThumbDown>0</ThumbDown><Sentiment/></Message><Message type="TopicMessage"><Id>1365189512399-56</Id><Title>Breaking the 200 day moving average near $250 ends the MOMO trade</Title><Msg>Exit of momentum traders could lead to a fast drop to the $200-205 area.</Msg><Username>ex.goldbug</Username><Timestamp>1365189512399</Timestamp><DateTime>Fri, 2013-04-05 15:18:32 EDT</DateTime><ThumbUp>0</ThumbUp><ThumbDown>0</ThumbDown><Sentiment/></Message><Message type="TopicMessage"><Id>1365192160719-57</Id><Title>AMZN: the best show on Earth.</Title><Msg>Wow, the final 24 minutes was incredible. I didn't buy any calls, though. I just watched in awe.</Msg><Username>geegenjar</Username><Timestamp>1365192160719</Timestamp><DateTime>Fri, 2013-04-05 16:02:40 EDT</DateTime><ThumbUp>0</ThumbUp><ThumbDown>0</ThumbDown><Sentiment/></Message><Message type="ReplyMessage"><Id>1365194311073-58</Id><Topic><Title>==##== Have You Seen This AMZN Report?! ==##==</Title><Username>mike.smith641</Username><Timestamp>1365024237400</Timestamp><DateTime>Wed, 2013-04-03 17:23:57 EDT</DateTime></Topic><Msg>Thanks for sharing this report</Msg><Username>juanking780</Username><Timestamp>1365194311073</Timestamp><DateTime>Fri, 2013-04-05 16:38:31 EDT</DateTime><ThumbUp>0</ThumbUp><ThumbDown>1</ThumbDown><Sentiment/></Message><Message type="TopicMessage"><Id>1365195975022-59</Id><Title>AMZN OVER-PRICED</Title><Msg>This stock would have to earn $13 a share to get to a P/E of 20. It has never earned more than $2. Short it.</Msg><Username>phil_6126</Username><Timestamp>1365195975022</Timestamp><DateTime>Fri, 2013-04-05 17:06:15 EDT</DateTime><ThumbUp>1</ThumbUp><ThumbDown>0</ThumbDown><Sentiment/></Message><Message type="TopicMessage"><Id>1365202614037-60</Id><Title>Hey, You idiots wanna see an ugly fvck in chart?</Title><Msg>Testggvuuy</Msg><Username>sybil_rulez</Username><Timestamp>1365202614037</Timestamp><DateTime>Fri, 2013-04-05 18:56:54 EDT</DateTime><ThumbUp>0</ThumbUp><ThumbDown>0</ThumbDown><Sentiment/></Message><Message type="TopicMessage"><Id>1365202882498-61</Id><Title>The yahoo board format sux sloppy cox</Title><Msg>It eats and deletes more of sybs posts then it puts up.... Why?</Msg><Username>sybil_rulez</Username><Timestamp>1365202882498</Timestamp><DateTime>Fri, 2013-04-05 19:01:22 EDT</DateTime><ThumbUp>0</ThumbUp><ThumbDown>0</ThumbDown><Sentiment/></Message><Message type="ReplyMessage"><Id>1365203093029-62</Id><Topic><Title>The yahoo board format sux sloppy cox</Title><Username>sybil_rulez</Username><Timestamp>1365202882498</Timestamp><DateTime>Fri, 2013-04-05 19:01:22 EDT</DateTime></Topic><Msg>Its a hinderance to free speech... Down right unconstitutional.... Ars holez</Msg><Username>sybil_rulez</Username><Timestamp>1365203093029</Timestamp><DateTime>Fri, 2013-04-05 19:04:53 EDT</DateTime><ThumbUp>0</ThumbUp><ThumbDown>0</ThumbDown><Sentiment/></Message><Message type="TopicMessage"><Id>1365205964723-63</Id><Title>AMZN cheap</Title><Msg>puts</Msg><Username>penystoc</Username><Timestamp>1365205964723</Timestamp><DateTime>Fri, 2013-04-05 19:52:44 EDT</DateTime><ThumbUp>0</ThumbUp><ThumbDown>0</ThumbDown><Sentiment/></Message><Message type="ReplyMessage"><Id>1365213213449-64</Id><Topic><Title>I'd short AAPL with everything I got.</Title><Username>geegenjar</Username><Timestamp>1364833109024</Timestamp><DateTime>Mon, 2013-04-01 12:18:29 EDT</DateTime></Topic><Msg>Please explain that to someone who understands fundamentals. You actually think AMZN is a good value here and AAPL is a good short? Please short that stock first thing Monday and go long twice as much here and let's see how you do over the next several years.</Msg><Username>hapihammer</Username><Timestamp>1365213213449</Timestamp><DateTime>Fri, 2013-04-05 21:53:33 EDT</DateTime><ThumbUp>1</ThumbUp><ThumbDown>0</ThumbDown><Sentiment>Strong Sell</Sentiment></Message><Message type="TopicMessage"><Id>1365220772828-65</Id><Title>short APPL</Title><Msg>long AMZN the knuckle head trade of the month. Congrats on your award.</Msg><Username>penystoc</Username><Timestamp>1365220772828</Timestamp><DateTime>Fri, 2013-04-05 23:59:32 EDT</DateTime><ThumbUp>0</ThumbUp><ThumbDown>0</ThumbDown><Sentiment/></Message></Date>