<?xml version="1.0" encoding="UTF-8" standalone="no"?><Date date="2013-07-05"><Message type="TopicMessage"><Id>1372999385311-1</Id><Title>Sybil is sad . . . no one cares about her posts.</Title><Msg>Even the densest shorts here have realized that Sybil is totally clueless. They found out techstrategy was totally clueless a long time ago.</Msg><Username>geegenjar</Username><Timestamp>1372999385311</Timestamp><DateTime>Fri, 2013-07-05 00:43:05 EDT</DateTime><ThumbUp>0</ThumbUp><ThumbDown>0</ThumbDown><Sentiment/></Message><Message type="ReplyMessage"><Id>1373018558537-2</Id><Topic><Title>Assume an AAPL like selloff of 35% from the high</Title><Username>mv3guy</Username><Timestamp>1367277561943</Timestamp><DateTime>Mon, 2013-04-29 19:19:21 EDT</DateTime></Topic><Msg>Idiot.</Msg><Username>arbourplace</Username><Timestamp>1373018558537</Timestamp><DateTime>Fri, 2013-07-05 06:02:38 EDT</DateTime><ThumbUp>0</ThumbUp><ThumbDown>0</ThumbDown><Sentiment/></Message><Message type="ReplyMessage"><Id>1373018592463-3</Id><Topic><Title>AMZN will fall below $100/share</Title><Username>stock_selector1</Username><Timestamp>1367157219500</Timestamp><DateTime>Sun, 2013-04-28 09:53:39 EDT</DateTime></Topic><Msg>IDIOT.</Msg><Username>arbourplace</Username><Timestamp>1373018592463</Timestamp><DateTime>Fri, 2013-07-05 06:03:12 EDT</DateTime><ThumbUp>0</ThumbUp><ThumbDown>0</ThumbDown><Sentiment/></Message><Message type="ReplyMessage"><Id>1373018703602-4</Id><Topic><Title>AMZN chart is falling apart</Title><Username>stock_selector1</Username><Timestamp>1365178203985</Timestamp><DateTime>Fri, 2013-04-05 12:10:03 EDT</DateTime></Topic><Msg>Your brain what little there is of it has fallen apart. You are a simpleton.</Msg><Username>arbourplace</Username><Timestamp>1373018703602</Timestamp><DateTime>Fri, 2013-07-05 06:05:03 EDT</DateTime><ThumbUp>0</ThumbUp><ThumbDown>0</ThumbDown><Sentiment/></Message><Message type="ReplyMessage"><Id>1373022252106-5</Id><Topic><Title>so Geegee, how many fictious shares is Sybil now short and what avg?</Title><Username>nasdaq_6000_baby</Username><Timestamp>1372957970171</Timestamp><DateTime>Thu, 2013-07-04 13:12:50 EDT</DateTime></Topic><Msg>complete nonsense,: you're not even close to 275</Msg><Username>nasdaq_6000_baby</Username><Timestamp>1373022252106</Timestamp><DateTime>Fri, 2013-07-05 07:04:12 EDT</DateTime><ThumbUp>0</ThumbUp><ThumbDown>0</ThumbDown><Sentiment/></Message><Message type="TopicMessage"><Id>1373024646873-6</Id><Title>I hope they make at least 25¢ this earnings period</Title><Msg>so the PE comes down to 2000.</Msg><Username>the_grinch_at_christmas</Username><Timestamp>1373024646873</Timestamp><DateTime>Fri, 2013-07-05 07:44:06 EDT</DateTime><ThumbUp>0</ThumbUp><ThumbDown>0</ThumbDown><Sentiment/></Message><Message type="TopicMessage"><Id>1373026525180-7</Id><Title>Robots are relaxing in the hamptonz right now</Title><Msg>All this premarket hoopla and todayz regular market action will be brought to you by crackhead put buyerz who mark themselvez for death every week, and by weak handed retail shorts that are gonna run around and shoot each other. Sybs will quitely sit back and score aome nicely placed shorts</Msg><Username>sybil_rulez</Username><Timestamp>1373026525180</Timestamp><DateTime>Fri, 2013-07-05 08:15:25 EDT</DateTime><ThumbUp>0</ThumbUp><ThumbDown>0</ThumbDown><Sentiment/></Message><Message type="TopicMessage"><Id>1373026755063-8</Id><Title>Ok, Sybs got some limit shorts set</Title><Msg>A round to fire off at 286 Next 287.50 And finally a whopping 289! WOW! Bezos sellz were all the way down in the 250's . What an idiot! He sold $200mill of hiz free stox much too soon... Poor guy. PS He's being hosted by robots in the hamptonz.</Msg><Username>sybil_rulez</Username><Timestamp>1373026755063</Timestamp><DateTime>Fri, 2013-07-05 08:19:15 EDT</DateTime><ThumbUp>0</ThumbUp><ThumbDown>0</ThumbDown><Sentiment/></Message><Message type="TopicMessage"><Id>1373027731707-9</Id><Title>Wow! Nice 'jobs' report.... 195000 jobz created</Title><Msg>194500 - hotel and restraunt jobz 500 - land scaperz and casheirz Those college gradz have a strong economy now to support their 7% interest rate student loanz.</Msg><Username>sybil_rulez</Username><Timestamp>1373027731707</Timestamp><DateTime>Fri, 2013-07-05 08:35:31 EDT</DateTime><ThumbUp>0</ThumbUp><ThumbDown>0</ThumbDown><Sentiment/></Message><Message type="TopicMessage"><Id>1373028130476-10</Id><Title>Well, that's that ...... The 10year yeild just came unbuttoned / 30 yr mortgage rates shot up to 4.75% on all the 'good newz' of a 'recovery</Title><Msg>Good luck to any slob holding variable intersts rates now and / or requiring loan money looking forward. The only loanz being made are 'reverse mortgagez' where old people get ripped off and lose their house, like geegee.</Msg><Username>sybil_rulez</Username><Timestamp>1373028130476</Timestamp><DateTime>Fri, 2013-07-05 08:42:10 EDT</DateTime><ThumbUp>0</ThumbUp><ThumbDown>0</ThumbDown><Sentiment/></Message><Message type="TopicMessage"><Id>1373028831743-11</Id><Title>Let's just look back within this week" Sybs called for AMZN to start gapping down last Monday:</Title><Msg>and nothing but up. In other words, he pulls these doom calls out of his #$%$ but never answers to them when wrong, AMZN is at alltime highs , and this clown has been wrong for a year now. That's the bottom line: and another bottom line is no one would have a bottom line trading like Sybil. It would be gone.</Msg><Username>nasdaq_6000_baby</Username><Timestamp>1373028831743</Timestamp><DateTime>Fri, 2013-07-05 08:53:51 EDT</DateTime><ThumbUp>0</ThumbUp><ThumbDown>0</ThumbDown><Sentiment/></Message><Message type="TopicMessage"><Id>1373028913374-12</Id><Title>These Stock Alerts Are Da Bomb</Title><Msg>I signed up for the free service and got some great tips. The service worked out perfect. I got a pick and it went up 140%. All I had to do was Text the word Alerts without quotes to FIVE FIVE FIVE EIGHT EIGHT EIGHT to join</Msg><Username>lucasgriffith594</Username><Timestamp>1373028913374</Timestamp><DateTime>Fri, 2013-07-05 08:55:13 EDT</DateTime><ThumbUp>0</ThumbUp><ThumbDown>0</ThumbDown><Sentiment/></Message><Message type="ReplyMessage"><Id>1373028929421-13</Id><Topic><Title>Ok, Sybs got some limit shorts set</Title><Username>sybil_rulez</Username><Timestamp>1373026755063</Timestamp><DateTime>Fri, 2013-07-05 08:19:15 EDT</DateTime></Topic><Msg>AMZN continues to move up. One day I will hop on board and buy some Puts when the possibility for a BIG drop is much higher. Until then in the short-term, I would rather give up a small gain (on a short).</Msg><Username>sammsjohn99</Username><Timestamp>1373028929421</Timestamp><DateTime>Fri, 2013-07-05 08:55:29 EDT</DateTime><ThumbUp>0</ThumbUp><ThumbDown>0</ThumbDown><Sentiment/></Message><Message type="TopicMessage"><Id>1373029250569-14</Id><Title>The Fed iz pulling jobz number rabbits from a Majic Hat, so they can exit QE under the guize of a 'recovery'</Title><Msg>Bernanke iz not only running outta bullets, he's sweating them too. Where else will you find the negative teaction we'll get next week just at the mete thought of bernanke pulling away the nipple</Msg><Username>sybil_rulez</Username><Timestamp>1373029250569</Timestamp><DateTime>Fri, 2013-07-05 09:00:50 EDT</DateTime><ThumbUp>0</ThumbUp><ThumbDown>0</ThumbDown><Sentiment/></Message><Message type="ReplyMessage"><Id>1373029619028-15</Id><Topic><Title>Ok, Sybs got some limit shorts set</Title><Username>sybil_rulez</Username><Timestamp>1373026755063</Timestamp><DateTime>Fri, 2013-07-05 08:19:15 EDT</DateTime></Topic><Msg>"AMZN continues to move up. One day I will hop on board and buy some Puts when the possibility for a BIG drop is much higher. " Thank the powerful trading godz that sybs had not taken the crackhead approach to 'timing' scamazon with crackhead puts. Sybs would have been murdered by robots long ago and without opportunity to short the economic 'recovery' today. The bad newz iz that az long az this mentality exists, the robots will mudrder theze idiots and the stock will not TANK.</Msg><Username>sybil_rulez</Username><Timestamp>1373029619028</Timestamp><DateTime>Fri, 2013-07-05 09:06:59 EDT</DateTime><ThumbUp>0</ThumbUp><ThumbDown>0</ThumbDown><Sentiment/></Message><Message type="TopicMessage"><Id>1373029772523-16</Id><Title>He markets may close UP, the markets may close DOWN in a glorious reversal - no one knowz , but one thing iz certain</Title><Msg>Ground hog pumper nasdaq_6000 will be jerking geegeez limp pud all the live long day.</Msg><Username>sybil_rulez</Username><Timestamp>1373029772523</Timestamp><DateTime>Fri, 2013-07-05 09:09:32 EDT</DateTime><ThumbUp>0</ThumbUp><ThumbDown>0</ThumbDown><Sentiment/></Message><Message type="TopicMessage"><Id>1373029893108-17</Id><Title>oil and interest rates, and stocks all up together lately</Title><Msg>is the economy getting that much better that rates, oil are breaking out and AMZN's multiple keeps expanding into it? Market players/ bots/HFT keep expanding AMZN stock out into it all . Very interesting.</Msg><Username>party_bistro</Username><Timestamp>1373029893108</Timestamp><DateTime>Fri, 2013-07-05 09:11:33 EDT</DateTime><ThumbUp>0</ThumbUp><ThumbDown>0</ThumbDown><Sentiment/></Message><Message type="TopicMessage"><Id>1373030793105-18</Id><Title>Looks like aapltardz wont participate in the 'rally' (again)</Title><Msg>While amazoidz get prepared to buy the top.</Msg><Username>sybil_rulez</Username><Timestamp>1373030793105</Timestamp><DateTime>Fri, 2013-07-05 09:26:33 EDT</DateTime><ThumbUp>0</ThumbUp><ThumbDown>0</ThumbDown><Sentiment/></Message><Message type="TopicMessage"><Id>1373031051903-19</Id><Title>Wireless technology iz great!</Title><Msg>Bots can distribute scamazon from the Hamtonz into massive short covering by tge weak handz and murder crackhead optionz traderz at the same time. 30,000 sharez pre market!</Msg><Username>sybil_rulez</Username><Timestamp>1373031051903</Timestamp><DateTime>Fri, 2013-07-05 09:30:51 EDT</DateTime><ThumbUp>0</ThumbUp><ThumbDown>0</ThumbDown><Sentiment/></Message><Message type="TopicMessage"><Id>1373031351066-20</Id><Title>The only thing this fantastic 'jobs' number seemz to be accomplishing iz</Title><Msg>Cracking the door a little farther open for the Fed to shoot their way out az they run very low on ammo, and causing oil and interest rates to shoot up.... There's no added love for scam stox today ... Too funny.</Msg><Username>sybil_rulez</Username><Timestamp>1373031351066</Timestamp><DateTime>Fri, 2013-07-05 09:35:51 EDT</DateTime><ThumbUp>0</ThumbUp><ThumbDown>0</ThumbDown><Sentiment/></Message><Message type="TopicMessage"><Id>1373031550324-21</Id><Title>Ohhhhhhhoooooooo! Iz scamazon going negative?!</Title><Msg>It just cant be! Weak handed shorts are saying " sumbaiotch! I panik covered pre market". Crackhead put buyerz are saying "i'm dead" (again)</Msg><Username>sybil_rulez</Username><Timestamp>1373031550324</Timestamp><DateTime>Fri, 2013-07-05 09:39:10 EDT</DateTime><ThumbUp>0</ThumbUp><ThumbDown>0</ThumbDown><Sentiment/></Message><Message type="TopicMessage"><Id>1373031933689-22</Id><Title>Robots must not only murder crack head put buyer premiumz, but so too the must murder a few weekly call buying crackheadz</Title><Msg>(Again)</Msg><Username>sybil_rulez</Username><Timestamp>1373031933689</Timestamp><DateTime>Fri, 2013-07-05 09:45:33 EDT</DateTime><ThumbUp>0</ThumbUp><ThumbDown>0</ThumbDown><Sentiment/></Message><Message type="TopicMessage"><Id>1373032621005-23</Id><Title>Q: What will the TBTF banks that are now TBT Save do without bernanke greasing the wheelz?</Title><Msg>A: sell their stox at the top to willing bagholderz that voluntarily line themselvez up to be executed.</Msg><Username>sybil_rulez</Username><Timestamp>1373032621005</Timestamp><DateTime>Fri, 2013-07-05 09:57:01 EDT</DateTime><ThumbUp>0</ThumbUp><ThumbDown>0</ThumbDown><Sentiment/></Message><Message type="TopicMessage"><Id>1373032693413-24</Id><Title>You'll never hear the Fed say difinitively "we are going to halt QE"</Title><Msg>They simply will.</Msg><Username>sybil_rulez</Username><Timestamp>1373032693413</Timestamp><DateTime>Fri, 2013-07-05 09:58:13 EDT</DateTime><ThumbUp>0</ThumbUp><ThumbDown>0</ThumbDown><Sentiment/></Message><Message type="TopicMessage"><Id>1373033560084-25</Id><Title>Ohhhhhhooooooo newz from Rueterz readz</Title><Msg>"* After years of lowering book prices, Amazon (AMZN) is offering smaller discounts on some books. Authors and small publishers said this put some books beyond an audience's reach." Rising fuel, no tax advantage, looooots of debt, high high high scam stok price..... Jeff B Raising pricez on its original business ! Will this be the straw that breaks the amzn piggy'z back???</Msg><Username>sybil_rulez</Username><Timestamp>1373033560084</Timestamp><DateTime>Fri, 2013-07-05 10:12:40 EDT</DateTime><ThumbUp>0</ThumbUp><ThumbDown>0</ThumbDown><Sentiment/></Message><Message type="ReplyMessage"><Id>1373033745438-26</Id><Topic><Title>Ohhhhhhooooooo newz from Rueterz readz</Title><Username>sybil_rulez</Username><Timestamp>1373033560084</Timestamp><DateTime>Fri, 2013-07-05 10:12:40 EDT</DateTime></Topic><Msg>I saw that too. So much for the most customer-centric company in the world.</Msg><Username>philtmcnasty8</Username><Timestamp>1373033745438</Timestamp><DateTime>Fri, 2013-07-05 10:15:45 EDT</DateTime><ThumbUp>0</ThumbUp><ThumbDown>0</ThumbDown><Sentiment/></Message><Message type="TopicMessage"><Id>1373033847122-27</Id><Title>Bots are strrrruuuugling to keep this scam and the bitcoin markets up</Title><Msg>The robots are PO'd. They simply wanted a quiet weekend in the hamptonz , and now they have to deal with this?!</Msg><Username>sybil_rulez</Username><Timestamp>1373033847122</Timestamp><DateTime>Fri, 2013-07-05 10:17:27 EDT</DateTime><ThumbUp>1</ThumbUp><ThumbDown>0</ThumbDown><Sentiment/></Message><Message type="TopicMessage"><Id>1373034183630-28</Id><Title>BEZOS SCAM BUBBLE MANIA GAME OVER: CRASH AND BURN IS THE FUTURE FOR THIS SCAM BUBBLE POOP PAPER TOO</Title><Msg>No dividend and fraud revenue scam bubble with tax loop hole scam game now over</Msg><Username>singhlion2001</Username><Timestamp>1373034183630</Timestamp><DateTime>Fri, 2013-07-05 10:23:03 EDT</DateTime><ThumbUp>0</ThumbUp><ThumbDown>1</ThumbDown><Sentiment>Strong Sell</Sentiment></Message><Message type="TopicMessage"><Id>1373034342007-29</Id><Title>Pumperz!!!!! Say it isnt so!!! You didnt buy stock on a full fledged reversal day did you????</Title><Msg>And the overnight global market pump and the 'jobz' newz waz sooooo nice too!!! What the fvck? Paaaalllleeeease dont say that your holding a gigantic bag 'o sheiot.... And you just sytarted feeling good after selling all that stock to the bailout wallsteeeterz in '08 and '09! Fvck! When will it ever end?!</Msg><Username>sybil_rulez</Username><Timestamp>1373034342007</Timestamp><DateTime>Fri, 2013-07-05 10:25:42 EDT</DateTime><ThumbUp>1</ThumbUp><ThumbDown>0</ThumbDown><Sentiment/></Message><Message type="ReplyMessage"><Id>1373034482777-30</Id><Topic><Title>amazon</Title><Username>shopping.holic</Username><Timestamp>1370791490515</Timestamp><DateTime>Sun, 2013-06-09 11:24:50 EDT</DateTime></Topic><Msg>amazon great stock bad stock soon it will reverse compant that cannot make money cannot be worth 130 billion I can guesse it is going back to 50-100 in one year great short im in</Msg><Username>efratyrafael</Username><Timestamp>1373034482777</Timestamp><DateTime>Fri, 2013-07-05 10:28:02 EDT</DateTime><ThumbUp>0</ThumbUp><ThumbDown>0</ThumbDown><Sentiment/></Message><Message type="TopicMessage"><Id>1373034905008-31</Id><Title>Bots came off their holiday weekend in the hamptonz to stabilize the volatile mkts</Title><Msg>They are PO'd, but its all handz on deck. Bernanke iz on vacation though, he doesnt have to run the printing press today because 'jobz' numberz indicate that we are in a full fledged 'recovery'.</Msg><Username>sybil_rulez</Username><Timestamp>1373034905008</Timestamp><DateTime>Fri, 2013-07-05 10:35:05 EDT</DateTime><ThumbUp>0</ThumbUp><ThumbDown>0</ThumbDown><Sentiment/></Message><Message type="TopicMessage"><Id>1373034989500-32</Id><Title>Any body refi-ing a house today or buying a new one?</Title><Msg>Lick in rates for 30 yearz are 4.75% and climbing, better hurry and lock in - there'z lots o demand.</Msg><Username>sybil_rulez</Username><Timestamp>1373034989500</Timestamp><DateTime>Fri, 2013-07-05 10:36:29 EDT</DateTime><ThumbUp>0</ThumbUp><ThumbDown>0</ThumbDown><Sentiment/></Message><Message type="ReplyMessage"><Id>1373035464040-33</Id><Topic><Title>amazon</Title><Username>smartybob569</Username><Timestamp>1371477137440</Timestamp><DateTime>Mon, 2013-06-17 09:52:17 EDT</DateTime></Topic><Msg>I go short and you continue to buy we will talk in 3 mounth... rafy remember me</Msg><Username>efratyrafael</Username><Timestamp>1373035464040</Timestamp><DateTime>Fri, 2013-07-05 10:44:24 EDT</DateTime><ThumbUp>0</ThumbUp><ThumbDown>0</ThumbDown><Sentiment/></Message><Message type="ReplyMessage"><Id>1373035883569-34</Id><Topic><Title>amazon</Title><Username>shopping.holic</Username><Timestamp>1370791490515</Timestamp><DateTime>Sun, 2013-06-09 11:24:50 EDT</DateTime></Topic><Msg>Hey it's been working for them as a non profit for quite some time. It's not like anything I can recall seeing as it's gone on for years. Granted I have only actively been involved with the stock for less than a year but fundamentals have pretty much meant nothing. Timothy Phillips and Paulo Santos have written some excellent articles on SAing which get into all the sordid details of the fundies and how they have been getting worse and worse. The question is when the market will truly care and when the machinations that have pushed this scam valuation to the moon run for the exits. Unfortunately that could be here, above $300 or crazily $100 north of here. Ultimately, the retail investor will get hurt in their 401k's etc and anything that's said super negative, highly publically will only be after the fact when the crooks money is off the tables.</Msg><Username>hapihammer</Username><Timestamp>1373035883569</Timestamp><DateTime>Fri, 2013-07-05 10:51:23 EDT</DateTime><ThumbUp>0</ThumbUp><ThumbDown>0</ThumbDown><Sentiment>Strong Sell</Sentiment></Message><Message type="ReplyMessage"><Id>1373036206376-35</Id><Topic><Title>Bots came off their holiday weekend in the hamptonz to stabilize the volatile mkts</Title><Username>sybil_rulez</Username><Timestamp>1373034905008</Timestamp><DateTime>Fri, 2013-07-05 10:35:05 EDT</DateTime></Topic><Msg>Ohhhhhh crazy singh.... There you go again.... You poor nutty slob, violence iz not the answer</Msg><Username>sybil_rulez</Username><Timestamp>1373036206376</Timestamp><DateTime>Fri, 2013-07-05 10:56:46 EDT</DateTime><ThumbUp>0</ThumbUp><ThumbDown>0</ThumbDown><Sentiment/></Message><Message type="ReplyMessage"><Id>1373036421004-36</Id><Topic><Title>amazon</Title><Username>shopping.holic</Username><Timestamp>1370791490515</Timestamp><DateTime>Sun, 2013-06-09 11:24:50 EDT</DateTime></Topic><Msg>in the days of Sam Walton. profits were the prove to back stocks in the end.. With AMZN, Bezos may never have to do so to become the richest man on the planet. I don't if speaks to the hollowness and favorabliltity of the haves and have nots in the Fed QE but , clearly, Bezos is rich beyond belief and the profit model in AMZN has never , ever been established.</Msg><Username>party_bistro</Username><Timestamp>1373036421004</Timestamp><DateTime>Fri, 2013-07-05 11:00:21 EDT</DateTime><ThumbUp>0</ThumbUp><ThumbDown>0</ThumbDown><Sentiment/></Message><Message type="ReplyMessage"><Id>1373036706743-37</Id><Topic><Title>Bots came off their holiday weekend in the hamptonz to stabilize the volatile mkts</Title><Username>sybil_rulez</Username><Timestamp>1373034905008</Timestamp><DateTime>Fri, 2013-07-05 10:35:05 EDT</DateTime></Topic><Msg>when and how will USA Zombie 99% wake up ?? LION BROADCASTING: Crystal clear Crash and burn of USA FRAUD STREET CASINO will only unleash riots in USA inn the near future............ ROME DID NOT BURN IN A DAY USA zombies inviting Violence by not rebelling so long...........................</Msg><Username>singhlion2001</Username><Timestamp>1373036706743</Timestamp><DateTime>Fri, 2013-07-05 11:05:06 EDT</DateTime><ThumbUp>0</ThumbUp><ThumbDown>1</ThumbDown><Sentiment>Strong Sell</Sentiment></Message><Message type="TopicMessage"><Id>1373038156430-38</Id><Title>OBAMA AKA OSAMA GIFT TO FRAUD STREET BANKSTER FINANCIAL TERRORISTS: WEEKLY DERIVATIVES &amp; FASB157 ABALOSIHED</Title><Msg>Obama aka osama gift to fraud street bankster financial terrorists: weekly derivatives &amp; fasb157 abolished turned usa wall street into 100% pure fraud street casino biggest fraud president in history of usa is obama impeach obama/eric holder asap to save usa from home grown financial al qaeda</Msg><Username>singhlion2001</Username><Timestamp>1373038156430</Timestamp><DateTime>Fri, 2013-07-05 11:29:16 EDT</DateTime><ThumbUp>0</ThumbUp><ThumbDown>1</ThumbDown><Sentiment>Strong Sell</Sentiment></Message><Message type="TopicMessage"><Id>1373038229824-39</Id><Title>amazon sell sell sell</Title><Msg>just blind will buy this stock they pushing it high till they can leave you all alone to full from the sky</Msg><Username>efratyrafael</Username><Timestamp>1373038229824</Timestamp><DateTime>Fri, 2013-07-05 11:30:29 EDT</DateTime><ThumbUp>0</ThumbUp><ThumbDown>0</ThumbDown><Sentiment/></Message><Message type="TopicMessage"><Id>1373038297078-40</Id><Title>i thought this pig amzn would be down 5pts</Title><Msg>by now</Msg><Username>xdon69</Username><Timestamp>1373038297078</Timestamp><DateTime>Fri, 2013-07-05 11:31:37 EDT</DateTime><ThumbUp>0</ThumbUp><ThumbDown>0</ThumbDown><Sentiment/></Message><Message type="ReplyMessage"><Id>1373038554706-41</Id><Topic><Title>OBAMA AKA OSAMA GIFT TO FRAUD STREET BANKSTER FINANCIAL TERRORISTS: WEEKLY DERIVATIVES &amp; FASB157 ABALOSIHED</Title><Username>singhlion2001</Username><Timestamp>1373038156430</Timestamp><DateTime>Fri, 2013-07-05 11:29:16 EDT</DateTime></Topic><Msg>Hey, leave OB alone! He's the best republican that the democrats ever had. He's a blue blood 'democrat' in black sheep's clothing. His US citizen spy network iz better then what rummy and chaney could put together combined, the US cats became 'fat cats' under his direction, TBTF Bailouts just jeep comming in QE infinity - much better then dumb ol bushy's, and oil iz triple digits with food inflation rizing... A good republican couldnt ask for a better president.</Msg><Username>sybil_rulez</Username><Timestamp>1373038554706</Timestamp><DateTime>Fri, 2013-07-05 11:35:54 EDT</DateTime><ThumbUp>1</ThumbUp><ThumbDown>0</ThumbDown><Sentiment/></Message><Message type="TopicMessage"><Id>1373038816491-42</Id><Title>Aapltardz are being punished again for having 'the audacity to hope'</Title><Msg>Bots are going to ring this stock out to 25.00 , just like microsoft. Gates iz to Jobz as balmer is to Cook Therefore Msft stock action == aapl's future.</Msg><Username>sybil_rulez</Username><Timestamp>1373038816491</Timestamp><DateTime>Fri, 2013-07-05 11:40:16 EDT</DateTime><ThumbUp>0</ThumbUp><ThumbDown>0</ThumbDown><Sentiment/></Message><Message type="ReplyMessage"><Id>1373039496812-43</Id><Topic><Title>i thought this pig amzn would be down 5pts</Title><Username>xdon69</Username><Timestamp>1373038297078</Timestamp><DateTime>Fri, 2013-07-05 11:31:37 EDT</DateTime></Topic><Msg>They know you shorted at 273, so they'll make sure you won't make any money.</Msg><Username>geegenjar</Username><Timestamp>1373039496812</Timestamp><DateTime>Fri, 2013-07-05 11:51:36 EDT</DateTime><ThumbUp>0</ThumbUp><ThumbDown>0</ThumbDown><Sentiment/></Message><Message type="TopicMessage"><Id>1373039713620-44</Id><Title>Looks Bots are gonna make a run at some lunch time gold star levelz</Title><Msg>Sybs lowered 286 limit shorts down to 285.25... Lets see what happenz.</Msg><Username>sybil_rulez</Username><Timestamp>1373039713620</Timestamp><DateTime>Fri, 2013-07-05 11:55:13 EDT</DateTime><ThumbUp>0</ThumbUp><ThumbDown>0</ThumbDown><Sentiment/></Message><Message type="TopicMessage"><Id>1373039984913-45</Id><Title>Hey geegee, you dope.... This will be the closest you ever see ybs to a 'day trade'. Lets see if we can reload 'em north of 285</Title><Msg>Status: FILLED at $282.34 Symbol: AMZN Description: AMAZON INC Action: Buy to Cover Quantity: 400 Filled Quantity: 400</Msg><Username>sybil_rulez</Username><Timestamp>1373039984913</Timestamp><DateTime>Fri, 2013-07-05 11:59:44 EDT</DateTime><ThumbUp>0</ThumbUp><ThumbDown>0</ThumbDown><Sentiment/></Message><Message type="TopicMessage"><Id>1373040484752-46</Id><Title>Close enough, replace 1/2, place a higher limit short bet for the other half 286</Title><Msg>Status: FILLED at $285.05 Symbol: AMZN Description: AMAZON INC Action: Sell Short Quantity: 200 Filled Quantity: 200</Msg><Username>sybil_rulez</Username><Timestamp>1373040484752</Timestamp><DateTime>Fri, 2013-07-05 12:08:04 EDT</DateTime><ThumbUp>0</ThumbUp><ThumbDown>1</ThumbDown><Sentiment/></Message><Message type="ReplyMessage"><Id>1373040710844-47</Id><Topic><Title>amazon</Title><Username>shopping.holic</Username><Timestamp>1370791490515</Timestamp><DateTime>Sun, 2013-06-09 11:24:50 EDT</DateTime></Topic><Msg>I meant SA not SAing. For those interested in fundamental analysis of AMZN look up Timothy Phillips and Paulo Santos articles on Seeking Alpha. Of course fundamentals won't matter here until the stock goes down and who knows when they will allow that to happen.</Msg><Username>hapihammer</Username><Timestamp>1373040710844</Timestamp><DateTime>Fri, 2013-07-05 12:11:50 EDT</DateTime><ThumbUp>0</ThumbUp><ThumbDown>0</ThumbDown><Sentiment>Strong Sell</Sentiment></Message><Message type="TopicMessage"><Id>1373040993503-48</Id><Title>Bots came back from the hamptonz to cool themselvez down and heat this pig up</Title><Msg>They gotta murder some option buying crackheadz in the process.</Msg><Username>sybil_rulez</Username><Timestamp>1373040993503</Timestamp><DateTime>Fri, 2013-07-05 12:16:33 EDT</DateTime><ThumbUp>0</ThumbUp><ThumbDown>0</ThumbDown><Sentiment/></Message><Message type="TopicMessage"><Id>1373041733991-49</Id><Title>amazon 300.00 share break out</Title><Msg>DECIDED BUY MUTUAL FUNDS THROWING MONEY AT IT</Msg><Username>smartybob569</Username><Timestamp>1373041733991</Timestamp><DateTime>Fri, 2013-07-05 12:28:53 EDT</DateTime><ThumbUp>0</ThumbUp><ThumbDown>1</ThumbDown><Sentiment/></Message><Message type="TopicMessage"><Id>1373042943262-50</Id><Title>short 285.45</Title><Msg>eom</Msg><Username>xdon69</Username><Timestamp>1373042943262</Timestamp><DateTime>Fri, 2013-07-05 12:49:03 EDT</DateTime><ThumbUp>0</ThumbUp><ThumbDown>0</ThumbDown><Sentiment/></Message><Message type="ReplyMessage"><Id>1373043006516-51</Id><Topic><Title>Can anyone make a case for Amazon trading above $150, or even $100?</Title><Username>ex.goldbug</Username><Timestamp>1366481868089</Timestamp><DateTime>Sat, 2013-04-20 14:17:48 EDT</DateTime></Topic><Msg>your potential story is like you have 2 and 7 un poker and you waiting for two 7 and 2...potential there is iwont put any invester on that chance</Msg><Username>efratyrafael</Username><Timestamp>1373043006516</Timestamp><DateTime>Fri, 2013-07-05 12:50:06 EDT</DateTime><ThumbUp>0</ThumbUp><ThumbDown>0</ThumbDown><Sentiment/></Message><Message type="ReplyMessage"><Id>1373043188832-52</Id><Topic><Title>amazon 300.00 share break out</Title><Username>smartybob569</Username><Timestamp>1373041733991</Timestamp><DateTime>Fri, 2013-07-05 12:28:53 EDT</DateTime></Topic><Msg>yea sure ..like aapl in 1000 be carefull kid this company can and will destroy a lot of cash</Msg><Username>efratyrafael</Username><Timestamp>1373043188832</Timestamp><DateTime>Fri, 2013-07-05 12:53:08 EDT</DateTime><ThumbUp>1</ThumbUp><ThumbDown>0</ThumbDown><Sentiment/></Message><Message type="TopicMessage"><Id>1373043338914-53</Id><Title>amazone blind</Title><Msg>just have a look on the order book of that stock and you can see its pushing higher not legaly!!!! once they out wait for the crash</Msg><Username>efratyrafael</Username><Timestamp>1373043338914</Timestamp><DateTime>Fri, 2013-07-05 12:55:38 EDT</DateTime><ThumbUp>0</ThumbUp><ThumbDown>0</ThumbDown><Sentiment/></Message><Message type="TopicMessage"><Id>1373043571102-54</Id><Title>In all of this bashing and pumping of scamazon, lets not forget that there are other FANTASTIC shorts to be had</Title><Msg>Such az pcln: Status: FILLED at $850.07 Symbol: PCLN Description: PRICELINE INC Action: Sell Short Quantity: 80 Filled Quantity: 80</Msg><Username>sybil_rulez</Username><Timestamp>1373043571102</Timestamp><DateTime>Fri, 2013-07-05 12:59:31 EDT</DateTime><ThumbUp>0</ThumbUp><ThumbDown>0</ThumbDown><Sentiment/></Message><Message type="ReplyMessage"><Id>1373044056579-55</Id><Topic><Title>OBAMA AKA OSAMA GIFT TO FRAUD STREET BANKSTER FINANCIAL TERRORISTS: WEEKLY DERIVATIVES &amp; FASB157 ABALOSIHED</Title><Username>singhlion2001</Username><Timestamp>1373038156430</Timestamp><DateTime>Fri, 2013-07-05 11:29:16 EDT</DateTime></Topic><Msg>Lol biggest fraud president in history of usa ever is obama aka osama obama/eric holder operating usa like chicago mafia now lol</Msg><Username>singhlion2001</Username><Timestamp>1373044056579</Timestamp><DateTime>Fri, 2013-07-05 13:07:36 EDT</DateTime><ThumbUp>0</ThumbUp><ThumbDown>1</ThumbDown><Sentiment>Strong Sell</Sentiment></Message><Message type="TopicMessage"><Id>1373045049726-56</Id><Title>Did 'ol sybby just round trip 'day trade' within 2 cents of what would be the day high and 53 cents from the all time high??? Say it aint so</Title><Msg>Status: FILLED at $286.05 Symbol: AMZN Description: AMAZON INC Action: Sell Short Quantity: 200 Filled Quantity: 200</Msg><Username>sybil_rulez</Username><Timestamp>1373045049726</Timestamp><DateTime>Fri, 2013-07-05 13:24:09 EDT</DateTime><ThumbUp>0</ThumbUp><ThumbDown>0</ThumbDown><Sentiment/></Message><Message type="ReplyMessage"><Id>1373046705672-57</Id><Topic><Title>OBAMA AKA OSAMA GIFT TO FRAUD STREET BANKSTER FINANCIAL TERRORISTS: WEEKLY DERIVATIVES &amp; FASB157 ABALOSIHED</Title><Username>singhlion2001</Username><Timestamp>1373038156430</Timestamp><DateTime>Fri, 2013-07-05 11:29:16 EDT</DateTime></Topic><Msg>Obama Is A Bankster Puppet “Who Brought On The Depression That The Republicans Never Could Have Gotten Away With - See more at:ampedstatus DOT org “He’s going to go down as the man who brought on the depression that the Republicans never could have gotten away with. Only a Democrat posing as a left-winger could support the anti-labor, anti-wage, pro-Wall Street policies that his advisors have been pressing…. The economy’s going under because Wall Street and investors realize that it’s a done deal. That Mr. Obama is going to succeed in pushing the economy much further into a depression. We need the depression in order to cut living standards and labor by 30 percent. We need a depression in order just to lower the wages of America and to have an excuse – of course, a depression is going to make the budget deficit even larger and the solution to the depression has already been written up, just like the invasion of Iraq was all written up before 9/11, the solution is going to be that the government is going to sell off its land, whatever is in the public domain. The American government is going to look just like Greece and just like Ireland. They’re going to be told, ‘The states can’t pay, there’s no federal revenue to share with Minnesota or Wisconsin or the city of Chicago. They’re going to have to sell off their roads, sell off their streets, sell off their infrastructure, sell off their public utilities, sell off their business. The government will sell whatever it has, the Postal Service, to essentially buyers who will now borrow the money from the banks making a huge new market for banks and investment bankers, in privatizing and cutting up what used to be the public domain and turning it over to the wealthiest 10 percent of the economy. So people realize yes, the class war’s back in business. We’re going into a depression. We’ll buy back all these stocks after they go but meanwhile, the game’s over. Let’s grab what we can and just bail out. And that’s what’s</Msg><Username>singhlion2001</Username><Timestamp>1373046705672</Timestamp><DateTime>Fri, 2013-07-05 13:51:45 EDT</DateTime><ThumbUp>0</ThumbUp><ThumbDown>1</ThumbDown><Sentiment>Strong Sell</Sentiment></Message><Message type="TopicMessage"><Id>1373047099607-58</Id><Title>Most Over-Hyped, Over-Valued stock I have analyzed this year</Title><Msg>How can investors sleep at night investing in this stock? Sure the stock has gone up (and good for those who bought), but as Warren Buffett once said "when the tide goes out you find out quickly who is not wearing a bathing suit". My guess is that Amazon's hype subsides in 2014 after they report a few more lackluster quarters and ask analysts and investors to continue to believe in their model versus "actual earnings". I'm quite surprised that the American Funds (one of AMZN's largest stock holders) have stuck with this stock this long. One reason why I'm avoiding buying into any of their funds. Good luck to those owning this stock...I think you 're going to need it over the next year or two.</Msg><Username>rxcount</Username><Timestamp>1373047099607</Timestamp><DateTime>Fri, 2013-07-05 13:58:19 EDT</DateTime><ThumbUp>1</ThumbUp><ThumbDown>0</ThumbDown><Sentiment/></Message><Message type="TopicMessage"><Id>1373047274711-59</Id><Title>Bots are doung double duty on some pretty paltry market volumez</Title><Msg>The bots are PO'd. Their ownerz are in The hamptonz basking in the sun on sail boats, while they are stuck holding down the fort plugged into the NYSE. Fvck! They are mad... They might do an end of day revolt and pull all fvck in bidz in a coup.</Msg><Username>sybil_rulez</Username><Timestamp>1373047274711</Timestamp><DateTime>Fri, 2013-07-05 14:01:14 EDT</DateTime><ThumbUp>0</ThumbUp><ThumbDown>0</ThumbDown><Sentiment/></Message><Message type="ReplyMessage"><Id>1373047691462-60</Id><Topic><Title>Most Over-Hyped, Over-Valued stock I have analyzed this year</Title><Username>rxcount</Username><Timestamp>1373047099607</Timestamp><DateTime>Fri, 2013-07-05 13:58:19 EDT</DateTime></Topic><Msg>one post in six months makes me wonder</Msg><Username>xdon69</Username><Timestamp>1373047691462</Timestamp><DateTime>Fri, 2013-07-05 14:08:11 EDT</DateTime><ThumbUp>0</ThumbUp><ThumbDown>0</ThumbDown><Sentiment/></Message><Message type="ReplyMessage"><Id>1373048024479-61</Id><Topic><Title>Did 'ol sybby just round trip 'day trade' within 2 cents of what would be the day high and 53 cents from the all time high??? Say it aint so</Title><Username>sybil_rulez</Username><Timestamp>1373045049726</Timestamp><DateTime>Fri, 2013-07-05 13:24:09 EDT</DateTime></Topic><Msg>it ain't so</Msg><Username>leemajors6millyun</Username><Timestamp>1373048024479</Timestamp><DateTime>Fri, 2013-07-05 14:13:44 EDT</DateTime><ThumbUp>0</ThumbUp><ThumbDown>0</ThumbDown><Sentiment/></Message><Message type="TopicMessage"><Id>1373048033363-62</Id><Title>$300--NAJERIUN SED SO</Title><Msg>GDGDGD</Msg><Username>davekomives</Username><Timestamp>1373048033363</Timestamp><DateTime>Fri, 2013-07-05 14:13:53 EDT</DateTime><ThumbUp>0</ThumbUp><ThumbDown>0</ThumbDown><Sentiment/></Message><Message type="TopicMessage"><Id>1373048211753-63</Id><Title>Oooooppppsy daisiez. 30 year fixed mort rates just tagged 5% - must be all that 'demand'</Title><Msg>In the 'recovery' from 'The Great Resession' Lord help the poor slobz stuck in armz from 2007 and on. They are going to get fvck ed right in the stink hole 'for an extended period of time'. Particularly the '06 and '07 onez still stuck under water and unable to refi. Thoze poor fvck erz got to come up for maybe one gulp of air before they head back under in sky rocketing variablez.</Msg><Username>sybil_rulez</Username><Timestamp>1373048211753</Timestamp><DateTime>Fri, 2013-07-05 14:16:51 EDT</DateTime><ThumbUp>0</ThumbUp><ThumbDown>0</ThumbDown><Sentiment/></Message><Message type="ReplyMessage"><Id>1373048886129-64</Id><Topic><Title>Did 'ol sybby just round trip 'day trade' within 2 cents of what would be the day high and 53 cents from the all time high??? Say it aint so</Title><Username>sybil_rulez</Username><Timestamp>1373045049726</Timestamp><DateTime>Fri, 2013-07-05 13:24:09 EDT</DateTime></Topic><Msg>OK . Then lets give this a try....</Msg><Username>sybil_rulez</Username><Timestamp>1373048886129</Timestamp><DateTime>Fri, 2013-07-05 14:28:06 EDT</DateTime><ThumbUp>0</ThumbUp><ThumbDown>0</ThumbDown><Sentiment/></Message><Message type="ReplyMessage"><Id>1373048932300-65</Id><Topic><Title>Did 'ol sybby just round trip 'day trade' within 2 cents of what would be the day high and 53 cents from the all time high??? Say it aint so</Title><Username>sybil_rulez</Username><Timestamp>1373045049726</Timestamp><DateTime>Fri, 2013-07-05 13:24:09 EDT</DateTime></Topic><Msg>Status: FILLED at $286.15 Symbol: AMZN Description: AMAZON INC Action: Sell Short Quantity: 200 Filled Quantity: 200</Msg><Username>sybil_rulez</Username><Timestamp>1373048932300</Timestamp><DateTime>Fri, 2013-07-05 14:28:52 EDT</DateTime><ThumbUp>0</ThumbUp><ThumbDown>0</ThumbDown><Sentiment/></Message><Message type="TopicMessage"><Id>1373050059046-66</Id><Title>Sniff sniff sniff..... 1.5 million sharez slung by bots.... Paltry volumez</Title><Msg>Sybs smellz a phat phingured phlash crash on the horizon.</Msg><Username>sybil_rulez</Username><Timestamp>1373050059046</Timestamp><DateTime>Fri, 2013-07-05 14:47:39 EDT</DateTime><ThumbUp>0</ThumbUp><ThumbDown>0</ThumbDown><Sentiment/></Message><Message type="TopicMessage"><Id>1373050198743-67</Id><Title>Ohhhhhhoooooo....!!!!! Iz that amzn price action rolling over like a sleepy dog?</Title><Msg>The 'minute' chart dont look so good.</Msg><Username>sybil_rulez</Username><Timestamp>1373050198743</Timestamp><DateTime>Fri, 2013-07-05 14:49:58 EDT</DateTime><ThumbUp>0</ThumbUp><ThumbDown>0</ThumbDown><Sentiment/></Message><Message type="TopicMessage"><Id>1373050515499-68</Id><Title>The muzak iz still playing while robots and pumper retailerz joyfully dance around them</Title><Msg>Who will be the last one standing when the muzak stops? Helpful hint: robots are very fast. They will find a seat.</Msg><Username>sybil_rulez</Username><Timestamp>1373050515499</Timestamp><DateTime>Fri, 2013-07-05 14:55:15 EDT</DateTime><ThumbUp>0</ThumbUp><ThumbDown>0</ThumbDown><Sentiment/></Message><Message type="TopicMessage"><Id>1373050922674-69</Id><Title>Crack head optionz buyerz are dead (again) - murdered by robots</Title><Msg>Memorial servicez for the dead crack headz will be held at the Hamptonz at 4:00pm est sharp. There will be taps, followed by a burial at sea, with a connon salute.</Msg><Username>sybil_rulez</Username><Timestamp>1373050922674</Timestamp><DateTime>Fri, 2013-07-05 15:02:02 EDT</DateTime><ThumbUp>0</ThumbUp><ThumbDown>0</ThumbDown><Sentiment/></Message><Message type="TopicMessage"><Id>1373051016825-70</Id><Title>Same as it ever was</Title><Msg>Up on low volume. Tape will most likely be painted into close.</Msg><Username>shorting_amazon</Username><Timestamp>1373051016825</Timestamp><DateTime>Fri, 2013-07-05 15:03:36 EDT</DateTime><ThumbUp>0</ThumbUp><ThumbDown>0</ThumbDown><Sentiment/></Message><Message type="TopicMessage"><Id>1373051413592-71</Id><Title>Robots steer the market left and right like its got a tight rack and pinion steering wheel on it.</Title><Msg>Like a mazaratti or something.</Msg><Username>sybil_rulez</Username><Timestamp>1373051413592</Timestamp><DateTime>Fri, 2013-07-05 15:10:13 EDT</DateTime><ThumbUp>0</ThumbUp><ThumbDown>0</ThumbDown><Sentiment/></Message><Message type="TopicMessage"><Id>1373052028211-72</Id><Title>Bots are running in autopilot at 40% throttle</Title><Msg>All their ownerz are hangin tough in the hamptonz.</Msg><Username>sybil_rulez</Username><Timestamp>1373052028211</Timestamp><DateTime>Fri, 2013-07-05 15:20:28 EDT</DateTime><ThumbUp>0</ThumbUp><ThumbDown>0</ThumbDown><Sentiment/></Message><Message type="TopicMessage"><Id>1373052270845-73</Id><Title>Bots: "ok fellaz, lets land 'er at 285.00 and gun down anorher round of crackhead optiobz buyerz"</Title><Msg>"Lock and load, set your weaponz"</Msg><Username>sybil_rulez</Username><Timestamp>1373052270845</Timestamp><DateTime>Fri, 2013-07-05 15:24:30 EDT</DateTime><ThumbUp>0</ThumbUp><ThumbDown>0</ThumbDown><Sentiment/></Message><Message type="TopicMessage"><Id>1373052520303-74</Id><Title>jon najarian says headed to $300 according to Option monster.</Title><Msg>He's buying</Msg><Username>green_eggss</Username><Timestamp>1373052520303</Timestamp><DateTime>Fri, 2013-07-05 15:28:40 EDT</DateTime><ThumbUp>0</ThumbUp><ThumbDown>0</ThumbDown><Sentiment/></Message><Message type="ReplyMessage"><Id>1373052635352-75</Id><Topic><Title>jon najarian says headed to $300 according to Option monster.</Title><Username>green_eggss</Username><Timestamp>1373052520303</Timestamp><DateTime>Fri, 2013-07-05 15:28:40 EDT</DateTime></Topic><Msg>That would mean that he'd be selling callz.... Bnobody gets on tv and tellz every body "i'm buying" b4 they buy, stoopit.</Msg><Username>sybil_rulez</Username><Timestamp>1373052635352</Timestamp><DateTime>Fri, 2013-07-05 15:30:35 EDT</DateTime><ThumbUp>0</ThumbUp><ThumbDown>0</ThumbDown><Sentiment/></Message><Message type="TopicMessage"><Id>1373052752888-76</Id><Title>Guess the close</Title><Msg>$285.0000000000 iz sybs guess.</Msg><Username>sybil_rulez</Username><Timestamp>1373052752888</Timestamp><DateTime>Fri, 2013-07-05 15:32:32 EDT</DateTime><ThumbUp>0</ThumbUp><ThumbDown>0</ThumbDown><Sentiment/></Message><Message type="ReplyMessage"><Id>1373052778813-77</Id><Topic><Title>Iz amzn at 272 a good deal?</Title><Username>sybil_rulez</Username><Timestamp>1372207803673</Timestamp><DateTime>Tue, 2013-06-25 20:50:03 EDT</DateTime></Topic><Msg>$$$$$$$$$$$$$$$</Msg><Username>mytek1119</Username><Timestamp>1373052778813</Timestamp><DateTime>Fri, 2013-07-05 15:32:58 EDT</DateTime><ThumbUp>0</ThumbUp><ThumbDown>0</ThumbDown><Sentiment/></Message><Message type="TopicMessage"><Id>1373053354546-78</Id><Title>Why doez the P/E ration say "0"?</Title><Msg>Thats odd isnt it?</Msg><Username>sybil_rulez</Username><Timestamp>1373053354546</Timestamp><DateTime>Fri, 2013-07-05 15:42:34 EDT</DateTime><ThumbUp>0</ThumbUp><ThumbDown>0</ThumbDown><Sentiment/></Message><Message type="TopicMessage"><Id>1373053690534-79</Id><Title>Bots: "3:45 est - ok weak handed margin players closed out shorts, lets lets fvck the optinz crackheadz"</Title><Msg>Right in the ars.</Msg><Username>sybil_rulez</Username><Timestamp>1373053690534</Timestamp><DateTime>Fri, 2013-07-05 15:48:10 EDT</DateTime><ThumbUp>0</ThumbUp><ThumbDown>0</ThumbDown><Sentiment/></Message><Message type="ReplyMessage"><Id>1373054862707-80</Id><Topic><Title>Can anyone make a case for Amazon trading above $150, or even $100?</Title><Username>ex.goldbug</Username><Timestamp>1366481868089</Timestamp><DateTime>Sat, 2013-04-20 14:17:48 EDT</DateTime></Topic><Msg>I agree!!! Amzn is crazy stock but the end is down.... big time !!!!</Msg><Username>bogdanmiltchev</Username><Timestamp>1373054862707</Timestamp><DateTime>Fri, 2013-07-05 16:07:42 EDT</DateTime><ThumbUp>1</ThumbUp><ThumbDown>0</ThumbDown><Sentiment/></Message><Message type="ReplyMessage"><Id>1373058594197-81</Id><Topic><Title>Can anyone make a case for Amazon trading above $150, or even $100?</Title><Username>ex.goldbug</Username><Timestamp>1366481868089</Timestamp><DateTime>Sat, 2013-04-20 14:17:48 EDT</DateTime></Topic><Msg>If you think the company is strong buy 1,000 shares and let the message board know how your doing. Invest 285,0000.</Msg><Username>smartybob569</Username><Timestamp>1373058594197</Timestamp><DateTime>Fri, 2013-07-05 17:09:54 EDT</DateTime><ThumbUp>0</ThumbUp><ThumbDown>0</ThumbDown><Sentiment/></Message><Message type="TopicMessage"><Id>1373064233863-82</Id><Title>90 to 1 PE ratio</Title><Msg>why a 90 to 1 next year PE on this stock? ebay 16 to 1 PE.</Msg><Username>rjdubo</Username><Timestamp>1373064233863</Timestamp><DateTime>Fri, 2013-07-05 18:43:53 EDT</DateTime><ThumbUp>0</ThumbUp><ThumbDown>0</ThumbDown><Sentiment/></Message><Message type="ReplyMessage"><Id>1373066381143-83</Id><Topic><Title>Why doez the P/E ration say "0"?</Title><Username>sybil_rulez</Username><Timestamp>1373053354546</Timestamp><DateTime>Fri, 2013-07-05 15:42:34 EDT</DateTime></Topic><Msg>I see N/A which is true: earnings to AMZN are "not applicable" nobody cares for so long.</Msg><Username>party_bistro</Username><Timestamp>1373066381143</Timestamp><DateTime>Fri, 2013-07-05 19:19:41 EDT</DateTime><ThumbUp>0</ThumbUp><ThumbDown>0</ThumbDown><Sentiment/></Message><Message type="TopicMessage"><Id>1373067751600-84</Id><Title>AMZN</Title><Msg>Earnings are great 300 plus price for the stock. Non earnings coming which will send it to over 300.</Msg><Username>penystoc</Username><Timestamp>1373067751600</Timestamp><DateTime>Fri, 2013-07-05 19:42:31 EDT</DateTime><ThumbUp>0</ThumbUp><ThumbDown>0</ThumbDown><Sentiment/></Message></Date>