<?xml version="1.0" encoding="UTF-8" standalone="no"?><Date date="2013-05-06"><Message type="TopicMessage"><Id>1367838574323-1</Id><Title>Sybil will sell short to subtract more amzn if it chex the fiddy day simple MA</Title><Msg>Currently @ 263 and change... Up on weakness in response to bernanke's bubble. Amzn iz getting dragged up the stairz like a disobedient dog by that mean old pervert Mr Market.</Msg><Username>sybil_rulez</Username><Timestamp>1367838574323</Timestamp><DateTime>Mon, 2013-05-06 07:09:34 EDT</DateTime><ThumbUp>3</ThumbUp><ThumbDown>0</ThumbDown><Sentiment/></Message><Message type="TopicMessage"><Id>1367838903471-2</Id><Title>In celebration of phat phinger phlash crash week, ol sybs will...</Title><Msg>Set the lowest possible buy to cover limit orderz. The robots in the markets are getting nervous, and when spooked they will stampede phlashy crashy style and run humanz over in a milisecond.</Msg><Username>sybil_rulez</Username><Timestamp>1367838903471</Timestamp><DateTime>Mon, 2013-05-06 07:15:03 EDT</DateTime><ThumbUp>0</ThumbUp><ThumbDown>0</ThumbDown><Sentiment/></Message><Message type="ReplyMessage"><Id>1367847584735-3</Id><Topic><Title>Sybil will sell short to subtract more amzn if it chex the fiddy day simple MA</Title><Username>sybil_rulez</Username><Timestamp>1367838574323</Timestamp><DateTime>Mon, 2013-05-06 07:09:34 EDT</DateTime></Topic><Msg>Kids are not even laughing at you anymore. They don't care what you write because they know you're just a random shooter.</Msg><Username>geegenjar</Username><Timestamp>1367847584735</Timestamp><DateTime>Mon, 2013-05-06 09:39:44 EDT</DateTime><ThumbUp>0</ThumbUp><ThumbDown>4</ThumbDown><Sentiment/></Message><Message type="ReplyMessage"><Id>1367847636901-4</Id><Topic><Title>Which is the better short--Amazon or Netflix?</Title><Username>ex.goldbug</Username><Timestamp>1367802628756</Timestamp><DateTime>Sun, 2013-05-05 21:10:28 EDT</DateTime></Topic><Msg>Have you ever considered which is a better buy now?</Msg><Username>geegenjar</Username><Timestamp>1367847636901</Timestamp><DateTime>Mon, 2013-05-06 09:40:36 EDT</DateTime><ThumbUp>0</ThumbUp><ThumbDown>1</ThumbDown><Sentiment/></Message><Message type="TopicMessage"><Id>1367847855439-5</Id><Title>Shorts, short more.</Title><Msg>Thank you.</Msg><Username>geegenjar</Username><Timestamp>1367847855439</Timestamp><DateTime>Mon, 2013-05-06 09:44:15 EDT</DateTime><ThumbUp>0</ThumbUp><ThumbDown>0</ThumbDown><Sentiment/></Message><Message type="TopicMessage"><Id>1367847941245-6</Id><Title>Recent Lows</Title><Msg>There is no question AMZN is going to retest the recent lows around $246. The question is will the lows hold second time around?</Msg><Username>positiontrader12</Username><Timestamp>1367847941245</Timestamp><DateTime>Mon, 2013-05-06 09:45:41 EDT</DateTime><ThumbUp>0</ThumbUp><ThumbDown>0</ThumbDown><Sentiment/></Message><Message type="ReplyMessage"><Id>1367848902247-7</Id><Topic><Title>Which is the better short--Amazon or Netflix?</Title><Username>ex.goldbug</Username><Timestamp>1367802628756</Timestamp><DateTime>Sun, 2013-05-05 21:10:28 EDT</DateTime></Topic><Msg>AMZN and NFLX are the crown jewels of shorts. Short both and throw your computer out the window. Come back next year, cover and retire to Malibu.</Msg><Username>greymattermatters</Username><Timestamp>1367848902247</Timestamp><DateTime>Mon, 2013-05-06 10:01:42 EDT</DateTime><ThumbUp>4</ThumbUp><ThumbDown>0</ThumbDown><Sentiment>Strong Sell</Sentiment></Message><Message type="TopicMessage"><Id>1367849242229-8</Id><Title>Play the small dip and DT</Title><Msg>255.5 good entry enjoy REF: LEv2 Al</Msg><Username>stockmarketmanforthenextcentury</Username><Timestamp>1367849242229</Timestamp><DateTime>Mon, 2013-05-06 10:07:22 EDT</DateTime><ThumbUp>0</ThumbUp><ThumbDown>1</ThumbDown><Sentiment/></Message><Message type="ReplyMessage"><Id>1367849522965-9</Id><Topic><Title>Which is the better short--Amazon or Netflix?</Title><Username>ex.goldbug</Username><Timestamp>1367802628756</Timestamp><DateTime>Sun, 2013-05-05 21:10:28 EDT</DateTime></Topic><Msg>One can short with both barrels as soon as the pomo money flow stops. And gawd only knows when they do that.</Msg><Username>fig_plucker</Username><Timestamp>1367849522965</Timestamp><DateTime>Mon, 2013-05-06 10:12:02 EDT</DateTime><ThumbUp>0</ThumbUp><ThumbDown>0</ThumbDown><Sentiment/></Message><Message type="ReplyMessage"><Id>1367851396056-10</Id><Topic><Title>Which is the better short--Amazon or Netflix?</Title><Username>ex.goldbug</Username><Timestamp>1367802628756</Timestamp><DateTime>Sun, 2013-05-05 21:10:28 EDT</DateTime></Topic><Msg>"Short both and throw your computer out the window. Come back next year, cover and retire to Malibu." Thumbz up, dude.</Msg><Username>sybil_rulez</Username><Timestamp>1367851396056</Timestamp><DateTime>Mon, 2013-05-06 10:43:16 EDT</DateTime><ThumbUp>0</ThumbUp><ThumbDown>0</ThumbDown><Sentiment/></Message><Message type="TopicMessage"><Id>1367852020912-11</Id><Title>Sybil gave this phat pig one last kick before it dumps into the TANK</Title><Msg>Status: FILLED at $258.09 Symbol: AMZN Description: AMAZON INC Action: Sell Short Quantity: 100 Filled Quantity: 100 Route:</Msg><Username>sybil_rulez</Username><Timestamp>1367852020912</Timestamp><DateTime>Mon, 2013-05-06 10:53:40 EDT</DateTime><ThumbUp>0</ThumbUp><ThumbDown>0</ThumbDown><Sentiment/></Message><Message type="ReplyMessage"><Id>1367852075625-12</Id><Topic><Title>Shorts, short more.</Title><Username>geegenjar</Username><Timestamp>1367847855439</Timestamp><DateTime>Mon, 2013-05-06 09:44:15 EDT</DateTime></Topic><Msg>Stbs happy to oblige, dummy.</Msg><Username>sybil_rulez</Username><Timestamp>1367852075625</Timestamp><DateTime>Mon, 2013-05-06 10:54:35 EDT</DateTime><ThumbUp>0</ThumbUp><ThumbDown>0</ThumbDown><Sentiment/></Message><Message type="ReplyMessage"><Id>1367852128252-13</Id><Topic><Title>Chartwatch article calls for 12% decline</Title><Username>johnrobertkosanovic</Username><Timestamp>1367598584698</Timestamp><DateTime>Fri, 2013-05-03 12:29:44 EDT</DateTime></Topic><Msg>I think it will overshoot this, perhaps a 15 to 20 percent drop</Msg><Username>zbc407</Username><Timestamp>1367852128252</Timestamp><DateTime>Mon, 2013-05-06 10:55:28 EDT</DateTime><ThumbUp>0</ThumbUp><ThumbDown>0</ThumbDown><Sentiment/></Message><Message type="ReplyMessage"><Id>1367852224835-14</Id><Topic><Title>Sybil will sell short to subtract more amzn if it chex the fiddy day simple MA</Title><Username>sybil_rulez</Username><Timestamp>1367838574323</Timestamp><DateTime>Mon, 2013-05-06 07:09:34 EDT</DateTime></Topic><Msg>"Kids are not even laughing at you anymore. " Sybs hearz nothing but the moanz of bag holding longz praying that this pig prints north of 265 so that they can bail, stupid.</Msg><Username>sybil_rulez</Username><Timestamp>1367852224835</Timestamp><DateTime>Mon, 2013-05-06 10:57:04 EDT</DateTime><ThumbUp>4</ThumbUp><ThumbDown>0</ThumbDown><Sentiment/></Message><Message type="TopicMessage"><Id>1367852762732-15</Id><Title>My hat is off to all those longs from late 90s and early 2000s but AMZN's string of good fortune is over, time to short it</Title><Msg>No longer has monopoly in a lot of it's business areas. Everyone looking for more revenue, Amazon's various businesses will be attacked from old school companies and tech alike. Taxes, and more taxes.</Msg><Username>zbc407</Username><Timestamp>1367852762732</Timestamp><DateTime>Mon, 2013-05-06 11:06:02 EDT</DateTime><ThumbUp>1</ThumbUp><ThumbDown>0</ThumbDown><Sentiment/></Message><Message type="ReplyMessage"><Id>1367854572457-16</Id><Topic><Title>My hat is off to all those longs from late 90s and early 2000s but AMZN's string of good fortune is over, time to short it</Title><Username>zbc407</Username><Timestamp>1367852762732</Timestamp><DateTime>Mon, 2013-05-06 11:06:02 EDT</DateTime></Topic><Msg>Why buy into a company that has no major earnings is beyond me. The only reason longs are buying, in addition to ignorant longs who follow hypes, is the dream of potential AMZN revenue expansion. Needless to say, they have revenue growth alright, but their business is awfully expensive to run as well. Therefore, resulting in declining YOY profits. Suck to be long, in my opinion, they are trapped in a perpetual wet dream of this POS will go higher in order to save their butts.</Msg><Username>hb5fa_2</Username><Timestamp>1367854572457</Timestamp><DateTime>Mon, 2013-05-06 11:36:12 EDT</DateTime><ThumbUp>0</ThumbUp><ThumbDown>0</ThumbDown><Sentiment>Strong Sell</Sentiment></Message><Message type="ReplyMessage"><Id>1367855137780-17</Id><Topic><Title>My hat is off to all those longs from late 90s and early 2000s but AMZN's string of good fortune is over, time to short it</Title><Username>zbc407</Username><Timestamp>1367852762732</Timestamp><DateTime>Mon, 2013-05-06 11:06:02 EDT</DateTime></Topic><Msg>They have had free reign to do willy nilly for two decades. That is over. Ebay is after their business Apple and Google is after their business. Netflix is a good competitor in streaming, and who knows who else will go into that area. And as far as cloud, everyone and their mother is in that business too. And when AMZN enters the tablet business, what do they do but sell them at a loss.</Msg><Username>zbc407</Username><Timestamp>1367855137780</Timestamp><DateTime>Mon, 2013-05-06 11:45:37 EDT</DateTime><ThumbUp>1</ThumbUp><ThumbDown>0</ThumbDown><Sentiment/></Message><Message type="ReplyMessage"><Id>1367856007383-18</Id><Topic><Title>My hat is off to all those longs from late 90s and early 2000s but AMZN's string of good fortune is over, time to short it</Title><Username>zbc407</Username><Timestamp>1367852762732</Timestamp><DateTime>Mon, 2013-05-06 11:06:02 EDT</DateTime></Topic><Msg>Does it turn down here or revisit the 50DMA area first ($264ish)? Well I guess if the market keeps going straight up this may creep up.</Msg><Username>hapihammer</Username><Timestamp>1367856007383</Timestamp><DateTime>Mon, 2013-05-06 12:00:07 EDT</DateTime><ThumbUp>0</ThumbUp><ThumbDown>0</ThumbDown><Sentiment>Strong Sell</Sentiment></Message><Message type="TopicMessage"><Id>1367856031827-19</Id><Title>BOTs are pumping this</Title><Msg>today on low volume.....same as it ever was.....</Msg><Username>shorting_amazon</Username><Timestamp>1367856031827</Timestamp><DateTime>Mon, 2013-05-06 12:00:31 EDT</DateTime><ThumbUp>0</ThumbUp><ThumbDown>0</ThumbDown><Sentiment/></Message><Message type="ReplyMessage"><Id>1367856193401-20</Id><Topic><Title>Sybil will sell short to subtract more amzn if it chex the fiddy day simple MA</Title><Username>sybil_rulez</Username><Timestamp>1367838574323</Timestamp><DateTime>Mon, 2013-05-06 07:09:34 EDT</DateTime></Topic><Msg>Exit my shorts today @254 with a very small loss from last week will re-short near 260+. Bulls still has legs but Netflix and Amazon has already shown weakness.</Msg><Username>tung_5000</Username><Timestamp>1367856193401</Timestamp><DateTime>Mon, 2013-05-06 12:03:13 EDT</DateTime><ThumbUp>0</ThumbUp><ThumbDown>0</ThumbDown><Sentiment/></Message><Message type="ReplyMessage"><Id>1367856385124-21</Id><Topic><Title>My hat is off to all those longs from late 90s and early 2000s but AMZN's string of good fortune is over, time to short it</Title><Username>zbc407</Username><Timestamp>1367852762732</Timestamp><DateTime>Mon, 2013-05-06 11:06:02 EDT</DateTime></Topic><Msg>I admit this is a little frustrating to watch because AMZN is being save by the bell -- the SPX bell that is. When the air pump is gone, this POS is going to go down hard. Very hard it will.</Msg><Username>hb5fa_2</Username><Timestamp>1367856385124</Timestamp><DateTime>Mon, 2013-05-06 12:06:25 EDT</DateTime><ThumbUp>0</ThumbUp><ThumbDown>0</ThumbDown><Sentiment>Strong Sell</Sentiment></Message><Message type="TopicMessage"><Id>1367856549362-22</Id><Title>$260</Title><Msg>Will get there if Dow goes above 15000</Msg><Username>johnlukisretard</Username><Timestamp>1367856549362</Timestamp><DateTime>Mon, 2013-05-06 12:09:09 EDT</DateTime><ThumbUp>0</ThumbUp><ThumbDown>0</ThumbDown><Sentiment/></Message><Message type="TopicMessage"><Id>1367857150054-23</Id><Title>MAHANEY SAYS YES TO AMZN SHARES!</Title><Msg>250 IS FLOOR</Msg><Username>bachrachjeff</Username><Timestamp>1367857150054</Timestamp><DateTime>Mon, 2013-05-06 12:19:10 EDT</DateTime><ThumbUp>0</ThumbUp><ThumbDown>0</ThumbDown><Sentiment/></Message><Message type="TopicMessage"><Id>1367858446388-24</Id><Title>baked in</Title><Msg>tax issue baked into price stock may move down for a while after tax assessed, and then move beyond 300...i have no position but that's how i see it........amazon has a fantastic business model</Msg><Username>hwardeinhorn</Username><Timestamp>1367858446388</Timestamp><DateTime>Mon, 2013-05-06 12:40:46 EDT</DateTime><ThumbUp>0</ThumbUp><ThumbDown>0</ThumbDown><Sentiment/></Message><Message type="ReplyMessage"><Id>1367859650772-25</Id><Topic><Title>baked in</Title><Username>hwardeinhorn</Username><Timestamp>1367858446388</Timestamp><DateTime>Mon, 2013-05-06 12:40:46 EDT</DateTime></Topic><Msg>Based on what? Earnings or growth? Earnings is non existent and growth is slowing. Retail, online or offline, is facing head winds as consumers are cutting back thanks to higher food and gas prices courtesy of Ben. Longs are still in denial because they got suckered into this scam along with many others. Everything is a great unknown at this point but one thing that I'm certain is all these inflating bubbles will not lasts and the notion that the FED is stop buying with their funny money with stop everything in its track.</Msg><Username>tung_5000</Username><Timestamp>1367859650772</Timestamp><DateTime>Mon, 2013-05-06 13:00:50 EDT</DateTime><ThumbUp>0</ThumbUp><ThumbDown>0</ThumbDown><Sentiment/></Message><Message type="TopicMessage"><Id>1367861199842-26</Id><Title>now what is next? 200 or 180?</Title><Msg>http://finance.yahoo.com/news/senate-bill-lets-states-tax-071856705.html</Msg><Username>emanuel_dabah</Username><Timestamp>1367861199842</Timestamp><DateTime>Mon, 2013-05-06 13:26:39 EDT</DateTime><ThumbUp>0</ThumbUp><ThumbDown>0</ThumbDown><Sentiment/></Message><Message type="ReplyMessage"><Id>1367861963471-27</Id><Topic><Title>baked in</Title><Username>hwardeinhorn</Username><Timestamp>1367858446388</Timestamp><DateTime>Mon, 2013-05-06 12:40:46 EDT</DateTime></Topic><Msg>based on a wet dream?</Msg><Username>jagdeep_m2000</Username><Timestamp>1367861963471</Timestamp><DateTime>Mon, 2013-05-06 13:39:23 EDT</DateTime><ThumbUp>0</ThumbUp><ThumbDown>0</ThumbDown><Sentiment/></Message><Message type="ReplyMessage"><Id>1367862661629-28</Id><Topic><Title>baked in</Title><Username>hwardeinhorn</Username><Timestamp>1367858446388</Timestamp><DateTime>Mon, 2013-05-06 12:40:46 EDT</DateTime></Topic><Msg>Ebay after 3rd party sellers Apple after e-media sales Google after everything Angie's List after reviews Yelp after reviews Microsoft, Apple, Google, HP, etc. etc. after cloud #$%$, one area, just one area falters and this House of Cards is done oh yeah, Amzn is after Netflix, but doing so well there</Msg><Username>zbc407</Username><Timestamp>1367862661629</Timestamp><DateTime>Mon, 2013-05-06 13:51:01 EDT</DateTime><ThumbUp>0</ThumbUp><ThumbDown>0</ThumbDown><Sentiment/></Message><Message type="ReplyMessage"><Id>1367862697296-29</Id><Topic><Title>BOTs are pumping this</Title><Username>shorting_amazon</Username><Timestamp>1367856031827</Timestamp><DateTime>Mon, 2013-05-06 12:00:31 EDT</DateTime></Topic><Msg>Volume has died.......BOTs are doing their best to keep it up</Msg><Username>shorting_amazon</Username><Timestamp>1367862697296</Timestamp><DateTime>Mon, 2013-05-06 13:51:37 EDT</DateTime><ThumbUp>0</ThumbUp><ThumbDown>0</ThumbDown><Sentiment/></Message><Message type="ReplyMessage"><Id>1367863515219-30</Id><Topic><Title>BOTs are pumping this</Title><Username>shorting_amazon</Username><Timestamp>1367856031827</Timestamp><DateTime>Mon, 2013-05-06 12:00:31 EDT</DateTime></Topic><Msg>Let them bots...do the dirty work for their masters ala Goldman Sux...dumping time is just around the corner.</Msg><Username>tung_5000</Username><Timestamp>1367863515219</Timestamp><DateTime>Mon, 2013-05-06 14:05:15 EDT</DateTime><ThumbUp>0</ThumbUp><ThumbDown>0</ThumbDown><Sentiment/></Message><Message type="TopicMessage"><Id>1367864307336-31</Id><Title>Getting slightly interesting . . .</Title><Msg>Shorts here seem very frustrated.</Msg><Username>geegenjar</Username><Timestamp>1367864307336</Timestamp><DateTime>Mon, 2013-05-06 14:18:27 EDT</DateTime><ThumbUp>0</ThumbUp><ThumbDown>0</ThumbDown><Sentiment/></Message><Message type="TopicMessage"><Id>1367865524329-32</Id><Title>$256.25 critical, obviously.</Title><Msg>Shorts here get nervous when she stays above that too long. Of course, "too long" is a relative term.</Msg><Username>geegenjar</Username><Timestamp>1367865524329</Timestamp><DateTime>Mon, 2013-05-06 14:38:44 EDT</DateTime><ThumbUp>0</ThumbUp><ThumbDown>0</ThumbDown><Sentiment/></Message><Message type="ReplyMessage"><Id>1367865611846-33</Id><Topic><Title>$256.25 critical, obviously.</Title><Username>geegenjar</Username><Timestamp>1367865524329</Timestamp><DateTime>Mon, 2013-05-06 14:38:44 EDT</DateTime></Topic><Msg>Sybil doesn't get nervous ever. Because she's too obtuse to feel real danger. Ignorance is bliss, indeed.</Msg><Username>geegenjar</Username><Timestamp>1367865611846</Timestamp><DateTime>Mon, 2013-05-06 14:40:11 EDT</DateTime><ThumbUp>0</ThumbUp><ThumbDown>0</ThumbDown><Sentiment/></Message><Message type="TopicMessage"><Id>1367865814825-34</Id><Title>Yet ANOTHER all time market high</Title><Msg>And amzn rollz over like a sleepy dog.</Msg><Username>sybil_rulez</Username><Timestamp>1367865814825</Timestamp><DateTime>Mon, 2013-05-06 14:43:34 EDT</DateTime><ThumbUp>0</ThumbUp><ThumbDown>0</ThumbDown><Sentiment/></Message><Message type="ReplyMessage"><Id>1367865888398-35</Id><Topic><Title>Yet ANOTHER all time market high</Title><Username>sybil_rulez</Username><Timestamp>1367865814825</Timestamp><DateTime>Mon, 2013-05-06 14:43:34 EDT</DateTime></Topic><Msg>But sybby's AA 7.96 long sharez are making up some nice fvck in ground.</Msg><Username>sybil_rulez</Username><Timestamp>1367865888398</Timestamp><DateTime>Mon, 2013-05-06 14:44:48 EDT</DateTime><ThumbUp>0</ThumbUp><ThumbDown>0</ThumbDown><Sentiment/></Message><Message type="TopicMessage"><Id>1367866020922-36</Id><Title>Geegee continuez to mercilessly pound hiz meat After taking a bottle of viagra</Title><Msg>Nothing seemz to work.</Msg><Username>sybil_rulez</Username><Timestamp>1367866020922</Timestamp><DateTime>Mon, 2013-05-06 14:47:00 EDT</DateTime><ThumbUp>0</ThumbUp><ThumbDown>0</ThumbDown><Sentiment/></Message><Message type="TopicMessage"><Id>1367866083918-37</Id><Title>vix set to hit an all-time low.</Title><Msg>6.32 this October.</Msg><Username>geegenjar</Username><Timestamp>1367866083918</Timestamp><DateTime>Mon, 2013-05-06 14:48:03 EDT</DateTime><ThumbUp>0</ThumbUp><ThumbDown>0</ThumbDown><Sentiment/></Message><Message type="TopicMessage"><Id>1367866323830-38</Id><Title>Yahoo'z print on amzn price action iz wrooooong</Title><Msg>It showz amzn az being UP at 255 when amzn at 255 iz red, baby. Just goez to show you that just because its on the internet doesnt make it true. Shorty Sybs Master Margin Power Trade account numberz do not lie, they show sybbys shorts on amzn in the green....</Msg><Username>sybil_rulez</Username><Timestamp>1367866323830</Timestamp><DateTime>Mon, 2013-05-06 14:52:03 EDT</DateTime><ThumbUp>0</ThumbUp><ThumbDown>0</ThumbDown><Sentiment/></Message><Message type="TopicMessage"><Id>1367866707082-39</Id><Title>Scamazon stox lozing favor in the bit coin scam markets</Title><Msg>Bezos knowz exactly what to do though, SEEEEEELLLL.</Msg><Username>sybil_rulez</Username><Timestamp>1367866707082</Timestamp><DateTime>Mon, 2013-05-06 14:58:27 EDT</DateTime><ThumbUp>0</ThumbUp><ThumbDown>0</ThumbDown><Sentiment/></Message><Message type="TopicMessage"><Id>1367866977363-40</Id><Title>Head and Shoulders</Title><Msg>setting up on the intraday..you know what that means!</Msg><Username>stockmarketmanforthenextcentury</Username><Timestamp>1367866977363</Timestamp><DateTime>Mon, 2013-05-06 15:02:57 EDT</DateTime><ThumbUp>0</ThumbUp><ThumbDown>0</ThumbDown><Sentiment/></Message><Message type="ReplyMessage"><Id>1367867206399-41</Id><Topic><Title>Which is the better short--Amazon or Netflix?</Title><Username>ex.goldbug</Username><Timestamp>1367802628756</Timestamp><DateTime>Sun, 2013-05-05 21:10:28 EDT</DateTime></Topic><Msg>Short both equally and balance with AAPL long. That's my position. An 11 PE stock long and short for 500+ PE (NFLX) and infinity PE (AMZN). Its been a good week so far and it's only Monday!</Msg><Username>stkguy</Username><Timestamp>1367867206399</Timestamp><DateTime>Mon, 2013-05-06 15:06:46 EDT</DateTime><ThumbUp>0</ThumbUp><ThumbDown>0</ThumbDown><Sentiment/></Message><Message type="TopicMessage"><Id>1367867736605-42</Id><Title>smart guys and wise guys</Title><Msg>are "shorting the h-ll out of AMZN"!!! A real smart thing to do!!...If u want to self-destruct!!</Msg><Username>hwardeinhorn</Username><Timestamp>1367867736605</Timestamp><DateTime>Mon, 2013-05-06 15:15:36 EDT</DateTime><ThumbUp>0</ThumbUp><ThumbDown>1</ThumbDown><Sentiment/></Message><Message type="ReplyMessage"><Id>1367869223307-43</Id><Topic><Title>Which is the better short--Amazon or Netflix?</Title><Username>ex.goldbug</Username><Timestamp>1367802628756</Timestamp><DateTime>Sun, 2013-05-05 21:10:28 EDT</DateTime></Topic><Msg>AMZN, LNKD and NFLX, long term they are all going to be 50% of their current stock prices.</Msg><Username>kenji100</Username><Timestamp>1367869223307</Timestamp><DateTime>Mon, 2013-05-06 15:40:23 EDT</DateTime><ThumbUp>0</ThumbUp><ThumbDown>0</ThumbDown><Sentiment/></Message><Message type="TopicMessage"><Id>1367869295005-44</Id><Title>Tech- CMG</Title><Msg>So are you planning to reshort it? I am looking at it, if it breaks $400 I am going to take a short position there. It has good earnings, but for a food company it's PE is still too high I think.</Msg><Username>kenji100</Username><Timestamp>1367869295005</Timestamp><DateTime>Mon, 2013-05-06 15:41:35 EDT</DateTime><ThumbUp>0</ThumbUp><ThumbDown>0</ThumbDown><Sentiment/></Message><Message type="TopicMessage"><Id>1367869555080-45</Id><Title>Makes more sense to buy AAPL</Title><Msg>Not that I am saying to by aapl, but come on.</Msg><Username>cartmania000</Username><Timestamp>1367869555080</Timestamp><DateTime>Mon, 2013-05-06 15:45:55 EDT</DateTime><ThumbUp>0</ThumbUp><ThumbDown>0</ThumbDown><Sentiment/></Message><Message type="ReplyMessage"><Id>1367869783450-46</Id><Topic><Title>90 Days Ago</Title><Username>kenji100</Username><Timestamp>1366910621635</Timestamp><DateTime>Thu, 2013-04-25 13:23:41 EDT</DateTime></Topic><Msg>So we have even never estimates : EPS for the year keeps dropping, from 1.7 to 1.47 now 1.32, it is probably going to end up 0.5 or below the way it is going. June has gone from .35 to .07 now. EPS for next year from $3.98 to to 3.55 now 3.26. Crazy that the price can keep hanging out at this level.</Msg><Username>kenji100</Username><Timestamp>1367869783450</Timestamp><DateTime>Mon, 2013-05-06 15:49:43 EDT</DateTime><ThumbUp>0</ThumbUp><ThumbDown>0</ThumbDown><Sentiment/></Message><Message type="ReplyMessage"><Id>1367870247991-47</Id><Topic><Title>90 Days Ago</Title><Username>kenji100</Username><Timestamp>1366910621635</Timestamp><DateTime>Thu, 2013-04-25 13:23:41 EDT</DateTime></Topic><Msg>It does have a household name and it employees a large number of part-time warehouse workers in various cities. I can only give them that much of positive in terms of stock itself.</Msg><Username>hb5fa_2</Username><Timestamp>1367870247991</Timestamp><DateTime>Mon, 2013-05-06 15:57:27 EDT</DateTime><ThumbUp>0</ThumbUp><ThumbDown>0</ThumbDown><Sentiment>Strong Sell</Sentiment></Message><Message type="TopicMessage"><Id>1367870660073-48</Id><Title>Israel strike to cover EU Depression</Title><Msg>If this Middle East Syria bombing by Israel was timed, it was to attempt to get Iran involved to eventually control Oil deliveries from all OPEC. Secondly signs of depression in the 30's also led to world war and so it's time to cover up US and EU depressions. Higher gas and higher taxes including internet means consumers cut spending. Food prices to skyrocket. Sell in May is to be realized very soon IMHO.</Msg><Username>jtilagasca</Username><Timestamp>1367870660073</Timestamp><DateTime>Mon, 2013-05-06 16:04:20 EDT</DateTime><ThumbUp>0</ThumbUp><ThumbDown>0</ThumbDown><Sentiment/></Message><Message type="ReplyMessage"><Id>1367875609368-49</Id><Topic><Title>Israel strike to cover EU Depression</Title><Username>jtilagasca</Username><Timestamp>1367870660073</Timestamp><DateTime>Mon, 2013-05-06 16:04:20 EDT</DateTime></Topic><Msg>this is one of the best post I ever read on my all life listen to this guy he has 50 satlite and more then 500 agents that workig for him this guy knows every things, but he do not know that his wife now is having fun with 5 Israelian solders</Msg><Username>magiv_hegyoni</Username><Timestamp>1367875609368</Timestamp><DateTime>Mon, 2013-05-06 17:26:49 EDT</DateTime><ThumbUp>0</ThumbUp><ThumbDown>0</ThumbDown><Sentiment/></Message><Message type="TopicMessage"><Id>1367879700244-50</Id><Title>test</Title><Msg>The message board's last message was 1hr 7 minutes ago. What happened?</Msg><Username>bushiname</Username><Timestamp>1367879700244</Timestamp><DateTime>Mon, 2013-05-06 18:35:00 EDT</DateTime><ThumbUp>0</ThumbUp><ThumbDown>0</ThumbDown><Sentiment/></Message><Message type="ReplyMessage"><Id>1367880261101-51</Id><Topic><Title>test</Title><Username>bushiname</Username><Timestamp>1367879700244</Timestamp><DateTime>Mon, 2013-05-06 18:35:00 EDT</DateTime></Topic><Msg>Thats what happenz when the shine wearz off on a pump n dump... Nobody left but a few shorts, some bagz, and a quite room full of robots trying to unfvckinload a turd stok.</Msg><Username>sybil_rulez</Username><Timestamp>1367880261101</Timestamp><DateTime>Mon, 2013-05-06 18:44:21 EDT</DateTime><ThumbUp>2</ThumbUp><ThumbDown>0</ThumbDown><Sentiment/></Message><Message type="TopicMessage"><Id>1367883105754-52</Id><Title>The critical $256.25 was broken</Title><Msg>this pig is going a down trend now. Thumb up if you agree.</Msg><Username>typhooonn</Username><Timestamp>1367883105754</Timestamp><DateTime>Mon, 2013-05-06 19:31:45 EDT</DateTime><ThumbUp>2</ThumbUp><ThumbDown>0</ThumbDown><Sentiment>Strong Sell</Sentiment></Message><Message type="TopicMessage"><Id>1367883388585-53</Id><Title>senate approved internet tax...amazon margin to go from bad to pitiful</Title><Msg>poor Bozo</Msg><Username>lightdoesnotage</Username><Timestamp>1367883388585</Timestamp><DateTime>Mon, 2013-05-06 19:36:28 EDT</DateTime><ThumbUp>1</ThumbUp><ThumbDown>0</ThumbDown><Sentiment/></Message><Message type="ReplyMessage"><Id>1367883687463-54</Id><Topic><Title>senate approved internet tax...amazon margin to go from bad to pitiful</Title><Username>lightdoesnotage</Username><Timestamp>1367883388585</Timestamp><DateTime>Mon, 2013-05-06 19:36:28 EDT</DateTime></Topic><Msg>Just the added cost of them implementing collecting in all the states will be extremely high.</Msg><Username>thewad71</Username><Timestamp>1367883687463</Timestamp><DateTime>Mon, 2013-05-06 19:41:27 EDT</DateTime><ThumbUp>1</ThumbUp><ThumbDown>1</ThumbDown><Sentiment/></Message><Message type="ReplyMessage"><Id>1367883746823-55</Id><Topic><Title>senate approved internet tax...amazon margin to go from bad to pitiful</Title><Username>lightdoesnotage</Username><Timestamp>1367883388585</Timestamp><DateTime>Mon, 2013-05-06 19:36:28 EDT</DateTime></Topic><Msg>So if we're giving the same p/e to Amazon as we're giving to Walmart now (~16), Amazon would be reasonably priced at $21/share, assuming it will make $1.32/sh this year (mostly unlikely).</Msg><Username>lantianbaixie</Username><Timestamp>1367883746823</Timestamp><DateTime>Mon, 2013-05-06 19:42:26 EDT</DateTime><ThumbUp>0</ThumbUp><ThumbDown>0</ThumbDown><Sentiment/></Message><Message type="ReplyMessage"><Id>1367884063267-56</Id><Topic><Title>90 Days Ago</Title><Username>kenji100</Username><Timestamp>1366910621635</Timestamp><DateTime>Thu, 2013-04-25 13:23:41 EDT</DateTime></Topic><Msg>No worry, Amazon is built for the future. LOL.</Msg><Username>lantianbaixie</Username><Timestamp>1367884063267</Timestamp><DateTime>Mon, 2013-05-06 19:47:43 EDT</DateTime><ThumbUp>0</ThumbUp><ThumbDown>0</ThumbDown><Sentiment/></Message><Message type="ReplyMessage"><Id>1367884146894-57</Id><Topic><Title>senate approved internet tax...amazon margin to go from bad to pitiful</Title><Username>lightdoesnotage</Username><Timestamp>1367883388585</Timestamp><DateTime>Mon, 2013-05-06 19:36:28 EDT</DateTime></Topic><Msg>Supposedly they supported this with their distribution center model. Let's face it unless their non retail businesses really take off and deliver they are F-ed. More and more brick and mortars are doing more on-line and the idea that people will simply be loyal to Amazon if they start increasing prices, in an economy that is so-so at best but really only good because of the propped up stock market, is not a good investment thesis. Growth is slowing and in many of their tech businesses AMZN is stepping in with the big boys who, by the way, are mostly not valued to the moon (I don't count NFLX, I said big boys, not fellow scam stock). When growth slows and you are still investing in the future and bearing little fruit, gravity most assuredly will be taking over.</Msg><Username>hapihammer</Username><Timestamp>1367884146894</Timestamp><DateTime>Mon, 2013-05-06 19:49:06 EDT</DateTime><ThumbUp>0</ThumbUp><ThumbDown>0</ThumbDown><Sentiment>Strong Sell</Sentiment></Message><Message type="ReplyMessage"><Id>1367884882664-58</Id><Topic><Title>senate approved internet tax...amazon margin to go from bad to pitiful</Title><Username>lightdoesnotage</Username><Timestamp>1367883388585</Timestamp><DateTime>Mon, 2013-05-06 19:36:28 EDT</DateTime></Topic><Msg>It would probably have been better if the tax did not pass. AMZN is expanding into all the states, so they would have had to pay sales tax anyway. If sales tax did not pass, AMZN would have faced a ton of online retailers doing what they did - undercut the competition through the sales tax advantage. Either way though, AMZN is in for a rude awakening. Retailers with existing distribution foot print in place are getting better at managing their logistics - for example, fulfilling online orders using the inventory of the stores nearest you. Existing major and mega retailers will able to fulfill orders faster and with less cost than AMZN.</Msg><Username>stock_lol</Username><Timestamp>1367884882664</Timestamp><DateTime>Mon, 2013-05-06 20:01:22 EDT</DateTime><ThumbUp>2</ThumbUp><ThumbDown>0</ThumbDown><Sentiment/></Message><Message type="TopicMessage"><Id>1367884992056-59</Id><Title>Additional costs imposed and competitive advantage deeply impaired</Title><Msg>with the passage of internet sales task....and no, this is not priced in. the market in AMZN is inefficient</Msg><Username>marthastewartstips</Username><Timestamp>1367884992056</Timestamp><DateTime>Mon, 2013-05-06 20:03:12 EDT</DateTime><ThumbUp>0</ThumbUp><ThumbDown>0</ThumbDown><Sentiment/></Message><Message type="TopicMessage"><Id>1367885633253-60</Id><Title>Amazon decline to continue</Title><Msg>The Senate has passed the Internet Tax bill! Last hope is that the House will not follow suit. Otherwise, AMZN shareholders are DOOMED!</Msg><Username>stock_selector1</Username><Timestamp>1367885633253</Timestamp><DateTime>Mon, 2013-05-06 20:13:53 EDT</DateTime><ThumbUp>0</ThumbUp><ThumbDown>0</ThumbDown><Sentiment>Sell</Sentiment></Message><Message type="TopicMessage"><Id>1367887166181-61</Id><Title>Amazon mania is over</Title><Msg>Looks like Senate plays short on Amazon. This and follow week we'll see $242 = $218. And target $120-140. Good luck!</Msg><Username>tree_tuza</Username><Timestamp>1367887166181</Timestamp><DateTime>Mon, 2013-05-06 20:39:26 EDT</DateTime><ThumbUp>0</ThumbUp><ThumbDown>0</ThumbDown><Sentiment>Strong Sell</Sentiment></Message><Message type="ReplyMessage"><Id>1367887233908-62</Id><Topic><Title>senate approved internet tax...amazon margin to go from bad to pitiful</Title><Username>lightdoesnotage</Username><Timestamp>1367883388585</Timestamp><DateTime>Mon, 2013-05-06 19:36:28 EDT</DateTime></Topic><Msg>Wil this affect eBay purchases? lol Just wondering but I doubt it.</Msg><Username>escapegrl1</Username><Timestamp>1367887233908</Timestamp><DateTime>Mon, 2013-05-06 20:40:33 EDT</DateTime><ThumbUp>0</ThumbUp><ThumbDown>0</ThumbDown><Sentiment/></Message><Message type="ReplyMessage"><Id>1367887306639-63</Id><Topic><Title>Amazon mania is over</Title><Username>tree_tuza</Username><Timestamp>1367887166181</Timestamp><DateTime>Mon, 2013-05-06 20:39:26 EDT</DateTime></Topic><Msg>Tomorrow should be fun to watch the reaction.</Msg><Username>escapegrl1</Username><Timestamp>1367887306639</Timestamp><DateTime>Mon, 2013-05-06 20:41:46 EDT</DateTime><ThumbUp>0</ThumbUp><ThumbDown>0</ThumbDown><Sentiment/></Message><Message type="ReplyMessage"><Id>1367887430380-64</Id><Topic><Title>senate approved internet tax...amazon margin to go from bad to pitiful</Title><Username>lightdoesnotage</Username><Timestamp>1367883388585</Timestamp><DateTime>Mon, 2013-05-06 19:36:28 EDT</DateTime></Topic><Msg>never thought of the implementation cost, I bet Bezos hasn't either, here we go back to negative profits</Msg><Username>johnrobertkosanovic</Username><Timestamp>1367887430380</Timestamp><DateTime>Mon, 2013-05-06 20:43:50 EDT</DateTime><ThumbUp>0</ThumbUp><ThumbDown>0</ThumbDown><Sentiment/></Message><Message type="ReplyMessage"><Id>1367887503788-65</Id><Topic><Title>Tech- CMG</Title><Username>kenji100</Username><Timestamp>1367869295005</Timestamp><DateTime>Mon, 2013-05-06 15:41:35 EDT</DateTime></Topic><Msg>But you think AMZN has a fair PE?</Msg><Username>escapegrl1</Username><Timestamp>1367887503788</Timestamp><DateTime>Mon, 2013-05-06 20:45:03 EDT</DateTime><ThumbUp>0</ThumbUp><ThumbDown>0</ThumbDown><Sentiment/></Message><Message type="TopicMessage"><Id>1367888505110-66</Id><Title>This bill being approved might make the stock get bid up because...</Title><Msg>AMZN supports the bill after earlier opposing it.</Msg><Username>samueldavid1234</Username><Timestamp>1367888505110</Timestamp><DateTime>Mon, 2013-05-06 21:01:45 EDT</DateTime><ThumbUp>0</ThumbUp><ThumbDown>3</ThumbDown><Sentiment/></Message><Message type="ReplyMessage"><Id>1367888544799-67</Id><Topic><Title>senate approved internet tax...amazon margin to go from bad to pitiful</Title><Username>lightdoesnotage</Username><Timestamp>1367883388585</Timestamp><DateTime>Mon, 2013-05-06 19:36:28 EDT</DateTime></Topic><Msg>Should shave a couple % off that revenue growth projection. With no profit to show for, it's a dog at this valuation. Bag holders are very scared at this point but they should have known that the day is coming when amazon looses it edge (loop hole). Now that the bounce is over, the next leg down is imminent. IMO, most stock market profits and assets are being held by the 1%, I can't imagine how much of that will make it down to the everyday economy. These stock market (hmm paper wealth) is so damning, it will looses a lot of value as soon as someone headed toward the exit, so right now they are trying to pump for mom and pop 401k but since so much wealth has been destroyed (hmm transferred) in the last few years. It's getting hard to repeat the same trick twice so soon. That is why Ben has been the de factor savior of this economy. Very pathetic.</Msg><Username>tung_5000</Username><Timestamp>1367888544799</Timestamp><DateTime>Mon, 2013-05-06 21:02:24 EDT</DateTime><ThumbUp>0</ThumbUp><ThumbDown>0</ThumbDown><Sentiment/></Message><Message type="ReplyMessage"><Id>1367890116919-68</Id><Topic><Title>This bill being approved might make the stock get bid up because...</Title><Username>samueldavid1234</Username><Timestamp>1367888505110</Timestamp><DateTime>Mon, 2013-05-06 21:01:45 EDT</DateTime></Topic><Msg>That's actually true. Amazon's goal is to be the worlds #1 online retailer. They define this as by conducting the most business dollarwise. (In my opinion, profits should factor into this equation somewhere, but that is besides the point). This is going to hurt margins across the board. Squeeze out other online retailers. AMZN doesn't care how much money it loses or never makes, it just wants to be number one and crush competition anyway and anywhere it can.</Msg><Username>kevin.grygiel</Username><Timestamp>1367890116919</Timestamp><DateTime>Mon, 2013-05-06 21:28:36 EDT</DateTime><ThumbUp>0</ThumbUp><ThumbDown>2</ThumbDown><Sentiment/></Message><Message type="ReplyMessage"><Id>1367890417292-69</Id><Topic><Title>This bill being approved might make the stock get bid up because...</Title><Username>samueldavid1234</Username><Timestamp>1367888505110</Timestamp><DateTime>Mon, 2013-05-06 21:01:45 EDT</DateTime></Topic><Msg>Nah...AMZN the stock will go down. AMZN simply cannot sustain the level of growth rate required to main its current valuation. AMZN supports the sales tax because they don't want someone to come along and did what they did - destroy local economies through an unfair advantage. That said, AMZN still faces formidable and entrenched competitors with deep pockets. Do note that their competitors are profitable business with a razor sharp focus. Unlike AMZN, they don't chase every shiny new ball to mask losses an inability to compete on a level play field.</Msg><Username>stock_lol</Username><Timestamp>1367890417292</Timestamp><DateTime>Mon, 2013-05-06 21:33:37 EDT</DateTime><ThumbUp>1</ThumbUp><ThumbDown>0</ThumbDown><Sentiment/></Message><Message type="ReplyMessage"><Id>1367890543491-70</Id><Topic><Title>This bill being approved might make the stock get bid up because...</Title><Username>samueldavid1234</Username><Timestamp>1367888505110</Timestamp><DateTime>Mon, 2013-05-06 21:01:45 EDT</DateTime></Topic><Msg>Well you forget that now it's going to be a free playground for the Chinese. Everybody will buy direct to them!</Msg><Username>mcb554</Username><Timestamp>1367890543491</Timestamp><DateTime>Mon, 2013-05-06 21:35:43 EDT</DateTime><ThumbUp>1</ThumbUp><ThumbDown>0</ThumbDown><Sentiment/></Message><Message type="ReplyMessage"><Id>1367890826277-71</Id><Topic><Title>senate approved internet tax...amazon margin to go from bad to pitiful</Title><Username>lightdoesnotage</Username><Timestamp>1367883388585</Timestamp><DateTime>Mon, 2013-05-06 19:36:28 EDT</DateTime></Topic><Msg>Especially people will buy directly to the Chinese!!!! Really dumbs to support a law that gives upper hands to international sellers....</Msg><Username>mcb554</Username><Timestamp>1367890826277</Timestamp><DateTime>Mon, 2013-05-06 21:40:26 EDT</DateTime><ThumbUp>0</ThumbUp><ThumbDown>0</ThumbDown><Sentiment/></Message><Message type="ReplyMessage"><Id>1367891870030-72</Id><Topic><Title>This bill being approved might make the stock get bid up because...</Title><Username>samueldavid1234</Username><Timestamp>1367888505110</Timestamp><DateTime>Mon, 2013-05-06 21:01:45 EDT</DateTime></Topic><Msg>agreed. Chinese rule! Within 10 years, China will surpass USA to become the largest economy in the world. I read that the web sales via China's Alibaba is more than sales via Amazon plus eBay combined together.</Msg><Username>typhooonn</Username><Timestamp>1367891870030</Timestamp><DateTime>Mon, 2013-05-06 21:57:50 EDT</DateTime><ThumbUp>0</ThumbUp><ThumbDown>0</ThumbDown><Sentiment>Strong Sell</Sentiment></Message><Message type="ReplyMessage"><Id>1367891946838-73</Id><Topic><Title>This bill being approved might make the stock get bid up because...</Title><Username>samueldavid1234</Username><Timestamp>1367888505110</Timestamp><DateTime>Mon, 2013-05-06 21:01:45 EDT</DateTime></Topic><Msg>Here is the opportunity. Become a mega wholesaler, create infrastructure to maintain "business as a service / business on clouds". Each business is setup to sell 1M (tax threshold), come back in a year, sell another 1M...of course, a given owner could own 10s and 100s of those business entities :D</Msg><Username>stock_lol</Username><Timestamp>1367891946838</Timestamp><DateTime>Mon, 2013-05-06 21:59:06 EDT</DateTime><ThumbUp>0</ThumbUp><ThumbDown>0</ThumbDown><Sentiment/></Message><Message type="ReplyMessage"><Id>1367895100693-74</Id><Topic><Title>This bill being approved might make the stock get bid up because...</Title><Username>samueldavid1234</Username><Timestamp>1367888505110</Timestamp><DateTime>Mon, 2013-05-06 21:01:45 EDT</DateTime></Topic><Msg>dumb post alert</Msg><Username>petekook</Username><Timestamp>1367895100693</Timestamp><DateTime>Mon, 2013-05-06 22:51:40 EDT</DateTime><ThumbUp>0</ThumbUp><ThumbDown>0</ThumbDown><Sentiment/></Message><Message type="ReplyMessage"><Id>1367895655295-75</Id><Topic><Title>This bill being approved might make the stock get bid up because...</Title><Username>samueldavid1234</Username><Timestamp>1367888505110</Timestamp><DateTime>Mon, 2013-05-06 21:01:45 EDT</DateTime></Topic><Msg>All right there, Einstein.</Msg><Username>titomuch</Username><Timestamp>1367895655295</Timestamp><DateTime>Mon, 2013-05-06 23:00:55 EDT</DateTime><ThumbUp>0</ThumbUp><ThumbDown>0</ThumbDown><Sentiment>Sell</Sentiment></Message><Message type="TopicMessage"><Id>1367896753892-76</Id><Title>The senate passed an internet tax bill that wmt lobbied for - bezos took one too many competitorz while cashing out hiz free stock</Title><Msg>Now the bag holderz have to deal with the robots that have gamed this pig for 12 yearz straight and been under heavey distribution for 4 months doing a robo dump of a pig stok that has missed on earningz 10 quarterz straight, iz hemoraging money, and with a cashed out ceo that haz aimlessly wondered from one non money making venture to another. Be preprared for the robo slaughter of a phat pig. Bacon anyone? There's gonna be lots of fried 401k mutual fundz too - the incidious bag holding financial design - all the Buy high risk none of the HNW reward.</Msg><Username>sybil_rulez</Username><Timestamp>1367896753892</Timestamp><DateTime>Mon, 2013-05-06 23:19:13 EDT</DateTime><ThumbUp>0</ThumbUp><ThumbDown>0</ThumbDown><Sentiment/></Message><Message type="TopicMessage"><Id>1367896995261-77</Id><Title>online shopping sales tax law about to be voted. if it passes, look for</Title><Msg>bloated amazon like stocks to take a big haircut, it could get ugly.</Msg><Username>ghadji</Username><Timestamp>1367896995261</Timestamp><DateTime>Mon, 2013-05-06 23:23:15 EDT</DateTime><ThumbUp>0</ThumbUp><ThumbDown>0</ThumbDown><Sentiment/></Message><Message type="ReplyMessage"><Id>1367897211169-78</Id><Topic><Title>This bill being approved might make the stock get bid up because...</Title><Username>samueldavid1234</Username><Timestamp>1367888505110</Timestamp><DateTime>Mon, 2013-05-06 21:01:45 EDT</DateTime></Topic><Msg>As opposed to amzn buying from the chinx and undercutting the tax paying made in america mom and pop?</Msg><Username>sybil_rulez</Username><Timestamp>1367897211169</Timestamp><DateTime>Mon, 2013-05-06 23:26:51 EDT</DateTime><ThumbUp>0</ThumbUp><ThumbDown>0</ThumbDown><Sentiment/></Message><Message type="TopicMessage"><Id>1367897331453-79</Id><Title>Bezos iz running outta rabits to pull out of hiz hat</Title><Msg>All that are left are non crowd pleasing skunx</Msg><Username>sybil_rulez</Username><Timestamp>1367897331453</Timestamp><DateTime>Mon, 2013-05-06 23:28:51 EDT</DateTime><ThumbUp>0</ThumbUp><ThumbDown>0</ThumbDown><Sentiment/></Message><Message type="ReplyMessage"><Id>1367897541882-80</Id><Topic><Title>This bill being approved might make the stock get bid up because...</Title><Username>samueldavid1234</Username><Timestamp>1367888505110</Timestamp><DateTime>Mon, 2013-05-06 21:01:45 EDT</DateTime></Topic><Msg>"AMZN supports the bill after earlier opposing it." Brilliant statement from sammy the abject retread... Sybil will be cashing in on theze shorts, been patiently waiting for 6 months now.</Msg><Username>sybil_rulez</Username><Timestamp>1367897541882</Timestamp><DateTime>Mon, 2013-05-06 23:32:21 EDT</DateTime><ThumbUp>0</ThumbUp><ThumbDown>0</ThumbDown><Sentiment/></Message><Message type="TopicMessage"><Id>1367897745970-81</Id><Title>Its only been retail shorts getting slaughtered for yearz</Title><Msg>Wait till the bots go short, baggiez will witness 10 yearz of gainz evaporate in 10 weeks.</Msg><Username>sybil_rulez</Username><Timestamp>1367897745970</Timestamp><DateTime>Mon, 2013-05-06 23:35:45 EDT</DateTime><ThumbUp>0</ThumbUp><ThumbDown>0</ThumbDown><Sentiment/></Message></Date>