<?xml version="1.0" encoding="UTF-8" standalone="no"?><Date date="2013-04-01"><Message type="ReplyMessage"><Id>1364815015563-1</Id><Topic><Title>Detailed BAC Research Report !!</Title><Username>avila.james</Username><Timestamp>1363877711381</Timestamp><DateTime>Thu, 2013-03-21 10:55:11 EDT</DateTime></Topic><Msg>Thanks for sharing!</Msg><Username>davidlott828</Username><Timestamp>1364815015563</Timestamp><DateTime>Mon, 2013-04-01 07:16:55 EDT</DateTime><ThumbUp>0</ThumbUp><ThumbDown>0</ThumbDown><Sentiment/></Message><Message type="ReplyMessage"><Id>1364815247736-2</Id><Topic><Title>Analyst BAC Price Target Reduced</Title><Username>tonny.lambda</Username><Timestamp>1363969931209</Timestamp><DateTime>Fri, 2013-03-22 12:32:11 EDT</DateTime></Topic><Msg>65n8888</Msg><Username>rbischin</Username><Timestamp>1364815247736</Timestamp><DateTime>Mon, 2013-04-01 07:20:47 EDT</DateTime><ThumbUp>1</ThumbUp><ThumbDown>1</ThumbDown><Sentiment>Hold</Sentiment></Message><Message type="ReplyMessage"><Id>1364818416649-3</Id><Topic><Title>Detailed BAC Research Report !!</Title><Username>avila.james</Username><Timestamp>1363877711381</Timestamp><DateTime>Thu, 2013-03-21 10:55:11 EDT</DateTime></Topic><Msg>Very useful!</Msg><Username>wilmalangley</Username><Timestamp>1364818416649</Timestamp><DateTime>Mon, 2013-04-01 08:13:36 EDT</DateTime><ThumbUp>0</ThumbUp><ThumbDown>0</ThumbDown><Sentiment/></Message><Message type="ReplyMessage"><Id>1364820219992-4</Id><Topic><Title>I visited Alabama on business trip and the ignorance of GOP base voting Teabaggers down there is prodigious !</Title><Username>pfswsucks</Username><Timestamp>1364817323372</Timestamp><DateTime>Mon, 2013-04-01 07:55:23 EDT</DateTime></Topic><Msg>The only trips you take are in your mind, or down to the corner to get another bag of weed!!</Msg><Username>starkdirt</Username><Timestamp>1364820219992</Timestamp><DateTime>Mon, 2013-04-01 08:43:39 EDT</DateTime><ThumbUp>5</ThumbUp><ThumbDown>1</ThumbDown><Sentiment/></Message><Message type="ReplyMessage"><Id>1364820434859-5</Id><Topic><Title>I just finished tea bagging my goat, so I thought I'd post some more moronic drivel</Title><Username>dumpobamie</Username><Timestamp>1364489833762</Timestamp><DateTime>Thu, 2013-03-28 12:57:13 EDT</DateTime></Topic><Msg>Didn't think a welfare liberal like yourself would be caught dead using the term 'tea bagging'!!</Msg><Username>starkdirt</Username><Timestamp>1364820434859</Timestamp><DateTime>Mon, 2013-04-01 08:47:14 EDT</DateTime><ThumbUp>1</ThumbUp><ThumbDown>1</ThumbDown><Sentiment/></Message><Message type="ReplyMessage"><Id>1364820508328-6</Id><Topic><Title>I visited Alabama on business trip and the ignorance of GOP base voting Teabaggers down there is prodigious !</Title><Username>pfswsucks</Username><Timestamp>1364817323372</Timestamp><DateTime>Mon, 2013-04-01 07:55:23 EDT</DateTime></Topic><Msg>They've been moving him from one Federal Prison to the other. Other inmates always complain he's such a JACKASS! Respectfully, Don</Msg><Username>doncassel</Username><Timestamp>1364820508328</Timestamp><DateTime>Mon, 2013-04-01 08:48:28 EDT</DateTime><ThumbUp>1</ThumbUp><ThumbDown>1</ThumbDown><Sentiment/></Message><Message type="ReplyMessage"><Id>1364820626021-7</Id><Topic><Title>MARRIAGE is an institution established by God.</Title><Username>templar.knght</Username><Timestamp>1364749845768</Timestamp><DateTime>Sun, 2013-03-31 13:10:45 EDT</DateTime></Topic><Msg>Re: is an abomination before God! And Santa Clause too! Respectfully, Don</Msg><Username>doncassel</Username><Timestamp>1364820626021</Timestamp><DateTime>Mon, 2013-04-01 08:50:26 EDT</DateTime><ThumbUp>0</ThumbUp><ThumbDown>3</ThumbDown><Sentiment/></Message><Message type="TopicMessage"><Id>1364820888716-8</Id><Title>Current Quarter Growth Estimates</Title><Msg>Growth Estimates BAC Current Qtr. 666.70% Next Qtr. 36.80% 88.60% This Year 292.00% Next Year 32.70% Past 5 Years (per annum) -14.29% Next 5 Years (per annum) 18.96% http://finance.yahoo.com/q/ae?s=BAC+Analyst+Estimates</Msg><Username>cchaker</Username><Timestamp>1364820888716</Timestamp><DateTime>Mon, 2013-04-01 08:54:48 EDT</DateTime><ThumbUp>0</ThumbUp><ThumbDown>0</ThumbDown><Sentiment/></Message><Message type="ReplyMessage"><Id>1364821731589-9</Id><Topic><Title>MARRIAGE is an institution established by God.</Title><Username>templar.knght</Username><Timestamp>1364749845768</Timestamp><DateTime>Sun, 2013-03-31 13:10:45 EDT</DateTime></Topic><Msg>Have some courtesy Have some sympathy, and some taste Mega rich withdrew money before capital looting and controls put in place.</Msg><Username>vieweroutrage</Username><Timestamp>1364821731589</Timestamp><DateTime>Mon, 2013-04-01 09:08:51 EDT</DateTime><ThumbUp>0</ThumbUp><ThumbDown>0</ThumbDown><Sentiment/></Message><Message type="TopicMessage"><Id>1364822120331-10</Id><Title>have it your way just like at burger king</Title><Msg>the way we are going I wont be surprised if marrying a goat becomes law</Msg><Username>whartonmba99</Username><Timestamp>1364822120331</Timestamp><DateTime>Mon, 2013-04-01 09:15:20 EDT</DateTime><ThumbUp>1</ThumbUp><ThumbDown>1</ThumbDown><Sentiment/></Message><Message type="ReplyMessage"><Id>1364822791611-11</Id><Topic><Title>Detailed BAC Research Report !!</Title><Username>avila.james</Username><Timestamp>1363877711381</Timestamp><DateTime>Thu, 2013-03-21 10:55:11 EDT</DateTime></Topic><Msg>thankls for this report!</Msg><Username>pamelagalindo503</Username><Timestamp>1364822791611</Timestamp><DateTime>Mon, 2013-04-01 09:26:31 EDT</DateTime><ThumbUp>0</ThumbUp><ThumbDown>0</ThumbDown><Sentiment/></Message><Message type="ReplyMessage"><Id>1364823678155-12</Id><Topic><Title>New estimate total cost for G W Bush Exxon Iraqi Oil Occupation exceeds 6 trillion unfunded US tax payer dollars !</Title><Username>sofreakinghot</Username><Timestamp>1364822388183</Timestamp><DateTime>Mon, 2013-04-01 09:19:48 EDT</DateTime></Topic><Msg>The Democrats were for it too. They all suck! Too bad you're stoopid enough to think you have to choose a side! Respectfully, Don</Msg><Username>doncassel</Username><Timestamp>1364823678155</Timestamp><DateTime>Mon, 2013-04-01 09:41:18 EDT</DateTime><ThumbUp>2</ThumbUp><ThumbDown>4</ThumbDown><Sentiment/></Message><Message type="ReplyMessage"><Id>1364823855598-13</Id><Topic><Title>have it your way just like at burger king</Title><Username>whartonmba99</Username><Timestamp>1364822120331</Timestamp><DateTime>Mon, 2013-04-01 09:15:20 EDT</DateTime></Topic><Msg>pfswsucks might as well. He already has a lot of kids :) Don</Msg><Username>doncassel</Username><Timestamp>1364823855598</Timestamp><DateTime>Mon, 2013-04-01 09:44:15 EDT</DateTime><ThumbUp>2</ThumbUp><ThumbDown>0</ThumbDown><Sentiment/></Message><Message type="TopicMessage"><Id>1364825918102-14</Id><Title>Come on you Greedy MM buzzards!</Title><Msg>Stop holding this position down. Let the little people make some money too. Stop keeping it all to yourself.</Msg><Username>fbrow10</Username><Timestamp>1364825918102</Timestamp><DateTime>Mon, 2013-04-01 10:18:38 EDT</DateTime><ThumbUp>1</ThumbUp><ThumbDown>0</ThumbDown><Sentiment/></Message><Message type="TopicMessage"><Id>1364828334858-15</Id><Title>Board of Directors compensation.</Title><Msg>So the average BOD compensation last year for attending a few meetings was $ 275,000 per director. Why do we need directors anyway? What little good they do is negligible. They are paid to keep their mouths shut and go along with the boss. I am disgusted with this company. Perhaps Ken Lewis could pay their fees for the next decade as compensation for wrecking the bank with his Countrywide purchase. I guess he is busy playing golf with his year around tan gold bling pal Frank Mozillo, former Countrywide #$%$.</Msg><Username>wftglo</Username><Timestamp>1364828334858</Timestamp><DateTime>Mon, 2013-04-01 10:58:54 EDT</DateTime><ThumbUp>0</ThumbUp><ThumbDown>0</ThumbDown><Sentiment>Hold</Sentiment></Message><Message type="TopicMessage"><Id>1364828600598-16</Id><Title>The cnbc boiler room active today</Title><Msg>Pumping stocks dumping stocks etc they sure did a fine job Whitney bartromma on latest bac boiler room pump n dump lol</Msg><Username>tom.foolery2</Username><Timestamp>1364828600598</Timestamp><DateTime>Mon, 2013-04-01 11:03:20 EDT</DateTime><ThumbUp>0</ThumbUp><ThumbDown>0</ThumbDown><Sentiment/></Message><Message type="ReplyMessage"><Id>1364829055418-17</Id><Topic><Title>Board of Directors compensation.</Title><Username>wftglo</Username><Timestamp>1364828334858</Timestamp><DateTime>Mon, 2013-04-01 10:58:54 EDT</DateTime></Topic><Msg>Wait for the day you want to withdraw deposited money and you are blocked from doing so, that day is coming. LTD</Msg><Username>listen_to_daddy</Username><Timestamp>1364829055418</Timestamp><DateTime>Mon, 2013-04-01 11:10:55 EDT</DateTime><ThumbUp>0</ThumbUp><ThumbDown>0</ThumbDown><Sentiment/></Message><Message type="TopicMessage"><Id>1364829229929-18</Id><Title>PUT A HUGE SHORT ON AT 12.25 THIS MORNING...JOIN ME</Title><Msg>EASY MONEY ALREADY</Msg><Username>bry345</Username><Timestamp>1364829229929</Timestamp><DateTime>Mon, 2013-04-01 11:13:49 EDT</DateTime><ThumbUp>0</ThumbUp><ThumbDown>0</ThumbDown><Sentiment/></Message><Message type="TopicMessage"><Id>1364829296253-19</Id><Title>PUT ANOTHER 100K SHARES SHORT AT 12.16</Title><Msg>ALL DAY LONG</Msg><Username>bry345</Username><Timestamp>1364829296253</Timestamp><DateTime>Mon, 2013-04-01 11:14:56 EDT</DateTime><ThumbUp>0</ThumbUp><ThumbDown>0</ThumbDown><Sentiment/></Message><Message type="TopicMessage"><Id>1364829355188-20</Id><Title>cnam .40 cent stock just announced 2n quarter in a row...</Title><Msg>of profits with increased outlook. This is the easiest money on the market with conference call still to happen tonight.</Msg><Username>noonespecialjustme1234</Username><Timestamp>1364829355188</Timestamp><DateTime>Mon, 2013-04-01 11:15:55 EDT</DateTime><ThumbUp>0</ThumbUp><ThumbDown>2</ThumbDown><Sentiment/></Message><Message type="ReplyMessage"><Id>1364829425444-21</Id><Topic><Title>PUT ANOTHER 100K SHARES SHORT AT 12.16</Title><Username>bry345</Username><Timestamp>1364829296253</Timestamp><DateTime>Mon, 2013-04-01 11:14:56 EDT</DateTime></Topic><Msg>This is how i keep making millions and millions..easy money</Msg><Username>bry345</Username><Timestamp>1364829425444</Timestamp><DateTime>Mon, 2013-04-01 11:17:05 EDT</DateTime><ThumbUp>0</ThumbUp><ThumbDown>0</ThumbDown><Sentiment/></Message><Message type="TopicMessage"><Id>1364829629642-22</Id><Title>Same ole daily scam isn't it folks? Rigged trading micromanaged by cnbc boiler room</Title><Msg>Lol WS NYSE organized crime at its finest any other business would of been shut down for criminal racketeering, but they have great disguse aka fraud going advertising free markets ya right</Msg><Username>tom.foolery2</Username><Timestamp>1364829629642</Timestamp><DateTime>Mon, 2013-04-01 11:20:29 EDT</DateTime><ThumbUp>0</ThumbUp><ThumbDown>0</ThumbDown><Sentiment/></Message><Message type="TopicMessage"><Id>1364829720047-23</Id><Title>You don’t want to miss out on LGMH</Title><Msg>LGMH looks prime for a move higher. I have been researching it for a while.</Msg><Username>maysc153</Username><Timestamp>1364829720047</Timestamp><DateTime>Mon, 2013-04-01 11:22:00 EDT</DateTime><ThumbUp>0</ThumbUp><ThumbDown>2</ThumbDown><Sentiment>Buy</Sentiment></Message><Message type="ReplyMessage"><Id>1364829920869-24</Id><Topic><Title>New estimate total cost for G W Bush Exxon Iraqi Oil Occupation exceeds 6 trillion unfunded US tax payer dollars !</Title><Username>sofreakinghot</Username><Timestamp>1364822388183</Timestamp><DateTime>Mon, 2013-04-01 09:19:48 EDT</DateTime></Topic><Msg>U being a lib i though u were smarter than that! Google how much the war cost they have a clock on it and it is not even close to 2 trillion.U must have mistaken the idiot in the white house who has blowed 7 TRILLION with nothing to show for it except 4 more!!!!!!!!!How many people are being killed daily in the idiots war with the stupid rules of engagement?Bring em home idiot if u are not there to win!</Msg><Username>trader77777777</Username><Timestamp>1364829920869</Timestamp><DateTime>Mon, 2013-04-01 11:25:20 EDT</DateTime><ThumbUp>2</ThumbUp><ThumbDown>7</ThumbDown><Sentiment/></Message><Message type="TopicMessage"><Id>1364830001586-25</Id><Title>Bac should start moving up closer to earnings.</Title><Msg>Upgrades should follow.</Msg><Username>lookfwd</Username><Timestamp>1364830001586</Timestamp><DateTime>Mon, 2013-04-01 11:26:41 EDT</DateTime><ThumbUp>0</ThumbUp><ThumbDown>0</ThumbDown><Sentiment>Buy</Sentiment></Message><Message type="TopicMessage"><Id>1364830029907-26</Id><Title>jpm up today that be a good merger with wish rally to 14.00</Title><Msg>JPMorgan Chase &amp; Co. (JPM) -NYSE 47.61 Up 0.15(0.31%) 11:25AM EDT - Nasdaq Real Time Price</Msg><Username>ron.wallach</Username><Timestamp>1364830029907</Timestamp><DateTime>Mon, 2013-04-01 11:27:09 EDT</DateTime><ThumbUp>0</ThumbUp><ThumbDown>0</ThumbDown><Sentiment>Strong Buy</Sentiment></Message><Message type="ReplyMessage"><Id>1364830311528-27</Id><Topic><Title>Did anyone ever notice that George W Bush is an imbecile and possibly inbred? Just wondering..</Title><Username>pfswsucks</Username><Timestamp>1364829983606</Timestamp><DateTime>Mon, 2013-04-01 11:26:23 EDT</DateTime></Topic><Msg>Not reality but we do know Obama is because he told us in his book! Bush is not bred between two races?I don't beleive Bush has ever said he thought the morning prayer was the most beautiful thing he has ever heard?</Msg><Username>trader77777777</Username><Timestamp>1364830311528</Timestamp><DateTime>Mon, 2013-04-01 11:31:51 EDT</DateTime><ThumbUp>1</ThumbUp><ThumbDown>1</ThumbDown><Sentiment/></Message><Message type="ReplyMessage"><Id>1364830619378-28</Id><Topic><Title>New estimate total cost for G W Bush Exxon Iraqi Oil Occupation exceeds 6 trillion unfunded US tax payer dollars !</Title><Username>sofreakinghot</Username><Timestamp>1364822388183</Timestamp><DateTime>Mon, 2013-04-01 09:19:48 EDT</DateTime></Topic><Msg>May be u can have them put it on the clock since u have so much pull!U seemed to have forgot that the senate voted to go to war. They must have been all rep at the time.On by the way have the idiot to put the total cost on health care and stop lyeing about the cost.</Msg><Username>trader77777777</Username><Timestamp>1364830619378</Timestamp><DateTime>Mon, 2013-04-01 11:36:59 EDT</DateTime><ThumbUp>1</ThumbUp><ThumbDown>4</ThumbDown><Sentiment/></Message><Message type="TopicMessage"><Id>1364830666047-29</Id><Title>Base is in on LIVE--3.50 a share</Title><Msg>upside FIB move will put it at 8.00</Msg><Username>shortburner2013</Username><Timestamp>1364830666047</Timestamp><DateTime>Mon, 2013-04-01 11:37:46 EDT</DateTime><ThumbUp>0</ThumbUp><ThumbDown>1</ThumbDown><Sentiment/></Message><Message type="ReplyMessage"><Id>1364830808773-30</Id><Topic><Title>Did anyone ever notice that George W Bush is an imbecile and possibly inbred? Just wondering..</Title><Username>pfswsucks</Username><Timestamp>1364829983606</Timestamp><DateTime>Mon, 2013-04-01 11:26:23 EDT</DateTime></Topic><Msg>With all the veting that was done on Obama u libs know him backwards and fowards! LOL LOL</Msg><Username>trader77777777</Username><Timestamp>1364830808773</Timestamp><DateTime>Mon, 2013-04-01 11:40:08 EDT</DateTime><ThumbUp>1</ThumbUp><ThumbDown>1</ThumbDown><Sentiment/></Message><Message type="ReplyMessage"><Id>1364830811963-31</Id><Topic><Title>Did anyone ever notice that George W Bush is #$%$ and possibly inbred?</Title><Username>pfswsucks</Username><Timestamp>1364829895930</Timestamp><DateTime>Mon, 2013-04-01 11:24:55 EDT</DateTime></Topic><Msg>the close set eyes and sloping forehead is from his simian mother's side</Msg><Username>sydneylocks</Username><Timestamp>1364830811963</Timestamp><DateTime>Mon, 2013-04-01 11:40:11 EDT</DateTime><ThumbUp>0</ThumbUp><ThumbDown>0</ThumbDown><Sentiment/></Message><Message type="ReplyMessage"><Id>1364830962089-32</Id><Topic><Title>Did anyone ever notice that George W Bush is an imbecile and possibly inbred? Just wondering..</Title><Username>pfswsucks</Username><Timestamp>1364829983606</Timestamp><DateTime>Mon, 2013-04-01 11:26:23 EDT</DateTime></Topic><Msg>By the way the lib what is next for u to be for marring your dog? May be 2 men and a woman? Maybe a woman and her great dane?</Msg><Username>trader77777777</Username><Timestamp>1364830962089</Timestamp><DateTime>Mon, 2013-04-01 11:42:42 EDT</DateTime><ThumbUp>1</ThumbUp><ThumbDown>1</ThumbDown><Sentiment/></Message><Message type="TopicMessage"><Id>1364830977485-33</Id><Title>FreeSeas Inc. (FREE) 3 X'S The money in the making</Title><Msg>Very strong buy on FREE with really low float</Msg><Username>wwzg</Username><Timestamp>1364830977485</Timestamp><DateTime>Mon, 2013-04-01 11:42:57 EDT</DateTime><ThumbUp>0</ThumbUp><ThumbDown>1</ThumbDown><Sentiment>Strong Buy</Sentiment></Message><Message type="ReplyMessage"><Id>1364831017045-34</Id><Topic><Title>Did anyone ever notice that George W Bush is #$%$ and possibly inbred?</Title><Username>pfswsucks</Username><Timestamp>1364829895930</Timestamp><DateTime>Mon, 2013-04-01 11:24:55 EDT</DateTime></Topic><Msg>Was he inbred between two races?</Msg><Username>trader77777777</Username><Timestamp>1364831017045</Timestamp><DateTime>Mon, 2013-04-01 11:43:37 EDT</DateTime><ThumbUp>1</ThumbUp><ThumbDown>1</ThumbDown><Sentiment/></Message><Message type="ReplyMessage"><Id>1364831135867-35</Id><Topic><Title>New estimate total cost for G W Bush Exxon Iraqi Oil Occupation exceeds 6 trillion unfunded US tax payer dollars !</Title><Username>sofreakinghot</Username><Timestamp>1364822388183</Timestamp><DateTime>Mon, 2013-04-01 09:19:48 EDT</DateTime></Topic><Msg>He sure had Clinton and Pig lousi beleving nim LOL LOL</Msg><Username>trader77777777</Username><Timestamp>1364831135867</Timestamp><DateTime>Mon, 2013-04-01 11:45:35 EDT</DateTime><ThumbUp>1</ThumbUp><ThumbDown>3</ThumbDown><Sentiment/></Message><Message type="TopicMessage"><Id>1364831355974-36</Id><Title>Effect of stock buy back on tangible book valkue</Title><Msg>The stock repurchase of BAC common shares should result in about a 50 cent increase in both book value, and tangible book value.</Msg><Username>caplain_nobull1</Username><Timestamp>1364831355974</Timestamp><DateTime>Mon, 2013-04-01 11:49:15 EDT</DateTime><ThumbUp>1</ThumbUp><ThumbDown>0</ThumbDown><Sentiment/></Message><Message type="ReplyMessage"><Id>1364831417616-37</Id><Topic><Title>Did anyone ever notice that George W Bush is #$%$ and possibly inbred?</Title><Username>pfswsucks</Username><Timestamp>1364829895930</Timestamp><DateTime>Mon, 2013-04-01 11:24:55 EDT</DateTime></Topic><Msg>What is next for u libs a man and his dog? Maybe a woman and her great dane?Maybe a man and two women? Maybe a three some a woman and a cow and a dog?</Msg><Username>trader77777777</Username><Timestamp>1364831417616</Timestamp><DateTime>Mon, 2013-04-01 11:50:17 EDT</DateTime><ThumbUp>1</ThumbUp><ThumbDown>1</ThumbDown><Sentiment/></Message><Message type="ReplyMessage"><Id>1364831520750-38</Id><Topic><Title>Why do ignorant Teabaggers vote for imbeciles like G W Bush? Intelligence of a hammer like them !</Title><Username>pfswsucks</Username><Timestamp>1364830307564</Timestamp><DateTime>Mon, 2013-04-01 11:31:47 EDT</DateTime></Topic><Msg>At least we did not vote for him for hand outs!</Msg><Username>trader77777777</Username><Timestamp>1364831520750</Timestamp><DateTime>Mon, 2013-04-01 11:52:00 EDT</DateTime><ThumbUp>1</ThumbUp><ThumbDown>1</ThumbDown><Sentiment/></Message><Message type="TopicMessage"><Id>1364831680255-39</Id><Title>buy CALL..stock is going to explode the next couple of day</Title><Msg>EOM........</Msg><Username>chkto40</Username><Timestamp>1364831680255</Timestamp><DateTime>Mon, 2013-04-01 11:54:40 EDT</DateTime><ThumbUp>1</ThumbUp><ThumbDown>0</ThumbDown><Sentiment/></Message><Message type="TopicMessage"><Id>1364831829380-40</Id><Title>What a pathetic life pfswsucks has.</Title><Msg>To sit everyday at the computer and post ridiculous stuff is bizarre! Thanks to ignore, I won't have to see his name any more. Respectfully, Don</Msg><Username>doncassel</Username><Timestamp>1364831829380</Timestamp><DateTime>Mon, 2013-04-01 11:57:09 EDT</DateTime><ThumbUp>3</ThumbUp><ThumbDown>0</ThumbDown><Sentiment/></Message><Message type="TopicMessage"><Id>1364832165490-41</Id><Title>Death by a 1000 cuts</Title><Msg>That's the way I feel about my BAC position.</Msg><Username>madcap12</Username><Timestamp>1364832165490</Timestamp><DateTime>Mon, 2013-04-01 12:02:45 EDT</DateTime><ThumbUp>0</ThumbUp><ThumbDown>0</ThumbDown><Sentiment/></Message><Message type="TopicMessage"><Id>1364832698916-42</Id><Title>UPDATE 1-American Greetings to be taken private by founding familyat Reuters (Mon 11:09AM EDT)wish bac buyoout at 18</Title><Msg>UPDATE 1-American Greetings to be taken private by founding familyat Reuters (Mon 11:09AM EDT)</Msg><Username>ron.wallach</Username><Timestamp>1364832698916</Timestamp><DateTime>Mon, 2013-04-01 12:11:38 EDT</DateTime><ThumbUp>0</ThumbUp><ThumbDown>0</ThumbDown><Sentiment/></Message><Message type="ReplyMessage"><Id>1364832905572-43</Id><Topic><Title>DEMOCRATS PREFER THEIR BLACKS IGNORANT PREGNANT UNEMPLOYED AND BLINDLY VOTING DEMOCRAT</Title><Username>barack_crock</Username><Timestamp>1363620748978</Timestamp><DateTime>Mon, 2013-03-18 11:32:28 EDT</DateTime></Topic><Msg>So this is news?????</Msg><Username>whitest_white</Username><Timestamp>1364832905572</Timestamp><DateTime>Mon, 2013-04-01 12:15:05 EDT</DateTime><ThumbUp>4</ThumbUp><ThumbDown>4</ThumbDown><Sentiment/></Message><Message type="TopicMessage"><Id>1364833205237-44</Id><Title>Resistance at 11.36 next level 11-11.50 Meltdown in Euo / Euro banking not helping sentiment...</Title><Msg>Be Patient !!!</Msg><Username>greenpoint21</Username><Timestamp>1364833205237</Timestamp><DateTime>Mon, 2013-04-01 12:20:05 EDT</DateTime><ThumbUp>0</ThumbUp><ThumbDown>0</ThumbDown><Sentiment/></Message><Message type="ReplyMessage"><Id>1364834181061-45</Id><Topic><Title>Death by a 1000 cuts</Title><Username>madcap12</Username><Timestamp>1364832165490</Timestamp><DateTime>Mon, 2013-04-01 12:02:45 EDT</DateTime></Topic><Msg>Yeah, I'm mad too that this has more than doubled for me! Don</Msg><Username>doncassel</Username><Timestamp>1364834181061</Timestamp><DateTime>Mon, 2013-04-01 12:36:21 EDT</DateTime><ThumbUp>0</ThumbUp><ThumbDown>0</ThumbDown><Sentiment/></Message><Message type="ReplyMessage"><Id>1364834427274-46</Id><Topic><Title>Bank of America Corporation UPDATED CHART!</Title><Username>ngoshendhangcathy</Username><Timestamp>1364828160698</Timestamp><DateTime>Mon, 2013-04-01 10:56:00 EDT</DateTime></Topic><Msg>I will be waiting for more great news to come.</Msg><Username>plumatellagwendolyn</Username><Timestamp>1364834427274</Timestamp><DateTime>Mon, 2013-04-01 12:40:27 EDT</DateTime><ThumbUp>0</ThumbUp><ThumbDown>1</ThumbDown><Sentiment/></Message><Message type="ReplyMessage"><Id>1364834609308-47</Id><Topic><Title>Come on you Greedy MM buzzards!</Title><Username>fbrow10</Username><Timestamp>1364825918102</Timestamp><DateTime>Mon, 2013-04-01 10:18:38 EDT</DateTime></Topic><Msg>cmon' man: We're all really miffed at the MM at hedge funds doing this. We can put a stop/slowing to this. Suggest a call to your congress person @ 202-224-3121. House switchboard. They will give you either a sec. or voice mail. Tell the politician you want a new UPTICK RULE in place@ at least .15, and a 1% tax on all short trades. It can be "tweeked" to please most. Remember, "squeeking wheel", etc. GL.</Msg><Username>dfaduke</Username><Timestamp>1364834609308</Timestamp><DateTime>Mon, 2013-04-01 12:43:29 EDT</DateTime><ThumbUp>0</ThumbUp><ThumbDown>1</ThumbDown><Sentiment>Strong Buy</Sentiment></Message><Message type="ReplyMessage"><Id>1364834987684-48</Id><Topic><Title>Analyst BAC Price Target Reduced</Title><Username>rbischin</Username><Timestamp>1364815858814</Timestamp><DateTime>Mon, 2013-04-01 07:30:58 EDT</DateTime></Topic><Msg>awesome</Msg><Username>kaim.dawis</Username><Timestamp>1364834987684</Timestamp><DateTime>Mon, 2013-04-01 12:49:47 EDT</DateTime><ThumbUp>1</ThumbUp><ThumbDown>1</ThumbDown><Sentiment>Buy</Sentiment></Message><Message type="ReplyMessage"><Id>1364835180042-49</Id><Topic><Title>Analyst BAC Price Target Reduced</Title><Username>tonny.lambda</Username><Timestamp>1363969931209</Timestamp><DateTime>Fri, 2013-03-22 12:32:11 EDT</DateTime></Topic><Msg>cool</Msg><Username>kaim.dawis</Username><Timestamp>1364835180042</Timestamp><DateTime>Mon, 2013-04-01 12:53:00 EDT</DateTime><ThumbUp>1</ThumbUp><ThumbDown>1</ThumbDown><Sentiment>Buy</Sentiment></Message><Message type="ReplyMessage"><Id>1364835227802-50</Id><Topic><Title>Bank of America Corporation UPDATED CHART!</Title><Username>ngoshendhangcathy</Username><Timestamp>1364828160698</Timestamp><DateTime>Mon, 2013-04-01 10:56:00 EDT</DateTime></Topic><Msg>Good job. Informational article.</Msg><Username>maccarthsocorro</Username><Timestamp>1364835227802</Timestamp><DateTime>Mon, 2013-04-01 12:53:47 EDT</DateTime><ThumbUp>0</ThumbUp><ThumbDown>1</ThumbDown><Sentiment/></Message><Message type="ReplyMessage"><Id>1364835900469-51</Id><Topic><Title>Bank of America Corporation UPDATED CHART!</Title><Username>ngoshendhangcathy</Username><Timestamp>1364828160698</Timestamp><DateTime>Mon, 2013-04-01 10:56:00 EDT</DateTime></Topic><Msg>I have entered my email address. Waiting for the update.</Msg><Username>receptoryashlee0</Username><Timestamp>1364835900469</Timestamp><DateTime>Mon, 2013-04-01 13:05:00 EDT</DateTime><ThumbUp>0</ThumbUp><ThumbDown>1</ThumbDown><Sentiment/></Message><Message type="TopicMessage"><Id>1364836084997-52</Id><Title>ALL IN AT $12.15 TO THE MOON NOW</Title><Msg>All in now at $12.15</Msg><Username>krispy_turds</Username><Timestamp>1364836084997</Timestamp><DateTime>Mon, 2013-04-01 13:08:04 EDT</DateTime><ThumbUp>0</ThumbUp><ThumbDown>0</ThumbDown><Sentiment/></Message><Message type="TopicMessage"><Id>1364836299766-53</Id><Title>Anyone have an estimate of PPS if they announce 56 cent profit instead of 23 estimate ??</Title><Msg>any help would be appreciated</Msg><Username>hubertus88</Username><Timestamp>1364836299766</Timestamp><DateTime>Mon, 2013-04-01 13:11:39 EDT</DateTime><ThumbUp>1</ThumbUp><ThumbDown>0</ThumbDown><Sentiment/></Message><Message type="ReplyMessage"><Id>1364836376941-54</Id><Topic><Title>Why do ignorant Teabaggers vote for imbeciles like G W Bush? Intelligence of a hammer like them !</Title><Username>pfswsucks</Username><Timestamp>1364830307564</Timestamp><DateTime>Mon, 2013-04-01 11:31:47 EDT</DateTime></Topic><Msg>Maybe so for you, but Halliburton and Exxon sure did have their hands out and they got you and your grand kids money to. They thank you..</Msg><Username>srf900</Username><Timestamp>1364836376941</Timestamp><DateTime>Mon, 2013-04-01 13:12:56 EDT</DateTime><ThumbUp>1</ThumbUp><ThumbDown>1</ThumbDown><Sentiment/></Message><Message type="TopicMessage"><Id>1364836425041-55</Id><Title>SNFCA : Should be brought out for 25+++</Title><Msg>Earnings growth is great!!</Msg><Username>keyisvol</Username><Timestamp>1364836425041</Timestamp><DateTime>Mon, 2013-04-01 13:13:45 EDT</DateTime><ThumbUp>0</ThumbUp><ThumbDown>0</ThumbDown><Sentiment/></Message><Message type="ReplyMessage"><Id>1364836562063-56</Id><Topic><Title>Anyone have an estimate of PPS if they announce 56 cent profit instead of 23 estimate ??</Title><Username>hubertus88</Username><Timestamp>1364836299766</Timestamp><DateTime>Mon, 2013-04-01 13:11:39 EDT</DateTime></Topic><Msg>$126.52</Msg><Username>n_literd_1</Username><Timestamp>1364836562063</Timestamp><DateTime>Mon, 2013-04-01 13:16:02 EDT</DateTime><ThumbUp>1</ThumbUp><ThumbDown>0</ThumbDown><Sentiment/></Message><Message type="TopicMessage"><Id>1364836585465-57</Id><Title>Urgent info request .what would 56 cent earnings do to PPS. would april options be the best value??</Title><Msg>serious replies only</Msg><Username>hubertus88</Username><Timestamp>1364836585465</Timestamp><DateTime>Mon, 2013-04-01 13:16:25 EDT</DateTime><ThumbUp>0</ThumbUp><ThumbDown>0</ThumbDown><Sentiment/></Message><Message type="ReplyMessage"><Id>1364836641728-58</Id><Topic><Title>Why do ignorant Teabaggers vote for imbeciles like G W Bush? Intelligence of a hammer like them !</Title><Username>pfswsucks</Username><Timestamp>1364830307564</Timestamp><DateTime>Mon, 2013-04-01 11:31:47 EDT</DateTime></Topic><Msg>Hey Sucks we know it must be very frustrating waiting on your Obamacare Death Panel approval for your electroshock treatments. Hang in there and keep taking your meds!!</Msg><Username>starkdirt</Username><Timestamp>1364836641728</Timestamp><DateTime>Mon, 2013-04-01 13:17:21 EDT</DateTime><ThumbUp>1</ThumbUp><ThumbDown>1</ThumbDown><Sentiment/></Message><Message type="ReplyMessage"><Id>1364836973387-59</Id><Topic><Title>buy CALL..stock is going to explode the next couple of day</Title><Username>chkto40</Username><Timestamp>1364831680255</Timestamp><DateTime>Mon, 2013-04-01 11:54:40 EDT</DateTime></Topic><Msg>Do a spread to protect against the MM's !</Msg><Username>dfaduke</Username><Timestamp>1364836973387</Timestamp><DateTime>Mon, 2013-04-01 13:22:53 EDT</DateTime><ThumbUp>0</ThumbUp><ThumbDown>0</ThumbDown><Sentiment>Strong Buy</Sentiment></Message><Message type="ReplyMessage"><Id>1364837046526-60</Id><Topic><Title>buy CALL..stock is going to explode the next couple of day</Title><Username>chkto40</Username><Timestamp>1364831680255</Timestamp><DateTime>Mon, 2013-04-01 11:54:40 EDT</DateTime></Topic><Msg>It should have already. Seems the dismissal of the liability in the LIBOR B/S political suits does not matter.</Msg><Username>dfaduke</Username><Timestamp>1364837046526</Timestamp><DateTime>Mon, 2013-04-01 13:24:06 EDT</DateTime><ThumbUp>0</ThumbUp><ThumbDown>0</ThumbDown><Sentiment>Strong Buy</Sentiment></Message><Message type="TopicMessage"><Id>1364837103352-61</Id><Title>walmart up warren buffit should buy bac 18.00</Title><Msg>Wal-Mart Stores Inc. (WMT) -NYSE 75.81 Up 0.98(1.32%) 1:23PM EDT - Nasdaq Real Time Price</Msg><Username>ron.wallach</Username><Timestamp>1364837103352</Timestamp><DateTime>Mon, 2013-04-01 13:25:03 EDT</DateTime><ThumbUp>0</ThumbUp><ThumbDown>0</ThumbDown><Sentiment>Hold</Sentiment></Message><Message type="ReplyMessage"><Id>1364837172153-62</Id><Topic><Title>New estimate total cost for G W Bush Exxon Iraqi Oil Occupation exceeds 6 trillion unfunded US tax payer dollars !</Title><Username>sofreakinghot</Username><Timestamp>1364822388183</Timestamp><DateTime>Mon, 2013-04-01 09:19:48 EDT</DateTime></Topic><Msg>Cheney did triple the cost of gas so its not all bad, Cheney took 20 dollar a barrel oil to 150 a barrel and made a lot of people rich. I went all in on oil the day the supreme court made Bush president !</Msg><Username>sirifuture</Username><Timestamp>1364837172153</Timestamp><DateTime>Mon, 2013-04-01 13:26:12 EDT</DateTime><ThumbUp>3</ThumbUp><ThumbDown>0</ThumbDown><Sentiment>Buy</Sentiment></Message><Message type="TopicMessage"><Id>1364837196279-63</Id><Title>N.DEBT UP FROM 16,752 TO 16,758 T over the weekend. PRINTING MONEY INDEFINITE?WHY?</Title><Msg>IS IT THE ONLY WAY?</Msg><Username>jam9011</Username><Timestamp>1364837196279</Timestamp><DateTime>Mon, 2013-04-01 13:26:36 EDT</DateTime><ThumbUp>0</ThumbUp><ThumbDown>0</ThumbDown><Sentiment/></Message><Message type="ReplyMessage"><Id>1364837230798-64</Id><Topic><Title>Urgent info request .what would 56 cent earnings do to PPS. would april options be the best value??</Title><Username>hubertus88</Username><Timestamp>1364836585465</Timestamp><DateTime>Mon, 2013-04-01 13:16:25 EDT</DateTime></Topic><Msg>I suffer drom Swollen Left Testicle Disease, do you think I have time to play games ?</Msg><Username>just_half_a_bubble_off_plumb</Username><Timestamp>1364837230798</Timestamp><DateTime>Mon, 2013-04-01 13:27:10 EDT</DateTime><ThumbUp>0</ThumbUp><ThumbDown>0</ThumbDown><Sentiment/></Message><Message type="ReplyMessage"><Id>1364837285376-65</Id><Topic><Title>New estimate total cost for G W Bush Exxon Iraqi Oil Occupation exceeds 6 trillion unfunded US tax payer dollars !</Title><Username>sofreakinghot</Username><Timestamp>1364822388183</Timestamp><DateTime>Mon, 2013-04-01 09:19:48 EDT</DateTime></Topic><Msg>133 dems voted against the Iraq war even after being lied to.</Msg><Username>sirifuture</Username><Timestamp>1364837285376</Timestamp><DateTime>Mon, 2013-04-01 13:28:05 EDT</DateTime><ThumbUp>4</ThumbUp><ThumbDown>2</ThumbDown><Sentiment>Buy</Sentiment></Message><Message type="TopicMessage"><Id>1364837312509-66</Id><Title>Covered short. Looks like chat rooms a babbling about a huge beat this quarter. Watching from sidelines for now</Title><Msg>short again at $13.50</Msg><Username>bry345</Username><Timestamp>1364837312509</Timestamp><DateTime>Mon, 2013-04-01 13:28:32 EDT</DateTime><ThumbUp>0</ThumbUp><ThumbDown>0</ThumbDown><Sentiment/></Message><Message type="ReplyMessage"><Id>1364837314883-67</Id><Topic><Title>Detailed BAC Research Report !!</Title><Username>avila.james</Username><Timestamp>1363877711381</Timestamp><DateTime>Thu, 2013-03-21 10:55:11 EDT</DateTime></Topic><Msg>thanks a lot</Msg><Username>loganmartindc87</Username><Timestamp>1364837314883</Timestamp><DateTime>Mon, 2013-04-01 13:28:34 EDT</DateTime><ThumbUp>0</ThumbUp><ThumbDown>0</ThumbDown><Sentiment/></Message><Message type="TopicMessage"><Id>1364837419770-68</Id><Title>China-Australia to Ditch US Dollar... WHY??</Title><Msg>NOT GOOD NEWS FOR BANKS..</Msg><Username>jam9011</Username><Timestamp>1364837419770</Timestamp><DateTime>Mon, 2013-04-01 13:30:19 EDT</DateTime><ThumbUp>0</ThumbUp><ThumbDown>0</ThumbDown><Sentiment/></Message><Message type="ReplyMessage"><Id>1364837419850-69</Id><Topic><Title>Covered short. Looks like chat rooms a babbling about a huge beat this quarter. Watching from sidelines for now</Title><Username>bry345</Username><Timestamp>1364837312509</Timestamp><DateTime>Mon, 2013-04-01 13:28:32 EDT</DateTime></Topic><Msg>probaly due to lack of settlements against them. Mortgage litigation coming to an end.</Msg><Username>greatestideaman</Username><Timestamp>1364837419850</Timestamp><DateTime>Mon, 2013-04-01 13:30:19 EDT</DateTime><ThumbUp>0</ThumbUp><ThumbDown>0</ThumbDown><Sentiment/></Message><Message type="TopicMessage"><Id>1364837537888-70</Id><Title>A quarter with no penalty verdict against BAC on the mortgage front. Should be huge earnings.</Title><Msg>all in</Msg><Username>greatestideaman</Username><Timestamp>1364837537888</Timestamp><DateTime>Mon, 2013-04-01 13:32:17 EDT</DateTime><ThumbUp>0</ThumbUp><ThumbDown>0</ThumbDown><Sentiment/></Message><Message type="ReplyMessage"><Id>1364837949014-71</Id><Topic><Title>A quarter with no penalty verdict against BAC on the mortgage front. Should be huge earnings.</Title><Username>greatestideaman</Username><Timestamp>1364837537888</Timestamp><DateTime>Mon, 2013-04-01 13:32:17 EDT</DateTime></Topic><Msg>Don't hold your breath, they always announce settlements about 1 week before earnings.</Msg><Username>caplain_nobull1</Username><Timestamp>1364837949014</Timestamp><DateTime>Mon, 2013-04-01 13:39:09 EDT</DateTime><ThumbUp>1</ThumbUp><ThumbDown>0</ThumbDown><Sentiment/></Message><Message type="ReplyMessage"><Id>1364838006777-72</Id><Topic><Title>A quarter with no penalty verdict against BAC on the mortgage front. Should be huge earnings.</Title><Username>greatestideaman</Username><Timestamp>1364837537888</Timestamp><DateTime>Mon, 2013-04-01 13:32:17 EDT</DateTime></Topic><Msg>won't be applied on this quarter.</Msg><Username>greatestideaman</Username><Timestamp>1364838006777</Timestamp><DateTime>Mon, 2013-04-01 13:40:06 EDT</DateTime><ThumbUp>0</ThumbUp><ThumbDown>0</ThumbDown><Sentiment/></Message><Message type="ReplyMessage"><Id>1364838071249-73</Id><Topic><Title>A quarter with no penalty verdict against BAC on the mortgage front. Should be huge earnings.</Title><Username>greatestideaman</Username><Timestamp>1364837537888</Timestamp><DateTime>Mon, 2013-04-01 13:32:17 EDT</DateTime></Topic><Msg>Apr 20, 13.00 SP all activity looks bullish to me.</Msg><Username>sammsjohn99</Username><Timestamp>1364838071249</Timestamp><DateTime>Mon, 2013-04-01 13:41:11 EDT</DateTime><ThumbUp>0</ThumbUp><ThumbDown>0</ThumbDown><Sentiment/></Message><Message type="ReplyMessage"><Id>1364838101039-74</Id><Topic><Title>A quarter with no penalty verdict against BAC on the mortgage front. Should be huge earnings.</Title><Username>greatestideaman</Username><Timestamp>1364837537888</Timestamp><DateTime>Mon, 2013-04-01 13:32:17 EDT</DateTime></Topic><Msg>Call not all</Msg><Username>sammsjohn99</Username><Timestamp>1364838101039</Timestamp><DateTime>Mon, 2013-04-01 13:41:41 EDT</DateTime><ThumbUp>0</ThumbUp><ThumbDown>0</ThumbDown><Sentiment/></Message><Message type="TopicMessage"><Id>1364839471911-75</Id><Title>Buy BAC and Short HP: winner makes money</Title><Msg>Obaby</Msg><Username>adamwangwang47</Username><Timestamp>1364839471911</Timestamp><DateTime>Mon, 2013-04-01 14:04:31 EDT</DateTime><ThumbUp>0</ThumbUp><ThumbDown>0</ThumbDown><Sentiment>Strong Buy</Sentiment></Message><Message type="ReplyMessage"><Id>1364839761675-76</Id><Topic><Title>A quarter with no penalty verdict against BAC on the mortgage front. Should be huge earnings.</Title><Username>greatestideaman</Username><Timestamp>1364837537888</Timestamp><DateTime>Mon, 2013-04-01 13:32:17 EDT</DateTime></Topic><Msg>chaplain: I agree! BAC,. IMHO is not out of the water yet. Alot of mortgage issues still unresolved. With all the other banks down, no reason BAC should be flat.</Msg><Username>bookerone2000</Username><Timestamp>1364839761675</Timestamp><DateTime>Mon, 2013-04-01 14:09:21 EDT</DateTime><ThumbUp>0</ThumbUp><ThumbDown>0</ThumbDown><Sentiment/></Message><Message type="TopicMessage"><Id>1364840084281-77</Id><Title>ALL bubbles and banking systems WILL COLLAP$E THIS YEAR 2013!!</Title><Msg>stay away from them</Msg><Username>rddr2022</Username><Timestamp>1364840084281</Timestamp><DateTime>Mon, 2013-04-01 14:14:44 EDT</DateTime><ThumbUp>1</ThumbUp><ThumbDown>4</ThumbDown><Sentiment/></Message><Message type="ReplyMessage"><Id>1364840529524-78</Id><Topic><Title>ALL bubbles and banking systems WILL COLLAP$E THIS YEAR 2013!!</Title><Username>rddr2022</Username><Timestamp>1364840084281</Timestamp><DateTime>Mon, 2013-04-01 14:14:44 EDT</DateTime></Topic><Msg>Thanks bro!</Msg><Username>jam9011</Username><Timestamp>1364840529524</Timestamp><DateTime>Mon, 2013-04-01 14:22:09 EDT</DateTime><ThumbUp>0</ThumbUp><ThumbDown>1</ThumbDown><Sentiment/></Message><Message type="TopicMessage"><Id>1364841308670-79</Id><Title>YTRV -HUGE UPSIDE</Title><Msg>CANADA</Msg><Username>fkiesereda</Username><Timestamp>1364841308670</Timestamp><DateTime>Mon, 2013-04-01 14:35:08 EDT</DateTime><ThumbUp>0</ThumbUp><ThumbDown>0</ThumbDown><Sentiment/></Message><Message type="ReplyMessage"><Id>1364841739069-80</Id><Topic><Title>Analyst BAC Price Target Reduced</Title><Username>tonny.lambda</Username><Timestamp>1363969931209</Timestamp><DateTime>Fri, 2013-03-22 12:32:11 EDT</DateTime></Topic><Msg>tgrjteyjk</Msg><Username>vasco_andre</Username><Timestamp>1364841739069</Timestamp><DateTime>Mon, 2013-04-01 14:42:19 EDT</DateTime><ThumbUp>1</ThumbUp><ThumbDown>1</ThumbDown><Sentiment>Hold</Sentiment></Message><Message type="ReplyMessage"><Id>1364841742101-81</Id><Topic><Title>New estimate total cost for G W Bush Exxon Iraqi Oil Occupation exceeds 6 trillion unfunded US tax payer dollars !</Title><Username>sofreakinghot</Username><Timestamp>1364822388183</Timestamp><DateTime>Mon, 2013-04-01 09:19:48 EDT</DateTime></Topic><Msg>How thick is trader, Obama started with 11.9 trillion and a 1.3 trillion dollar deficit must be republican math ! Except for the stimulis what did he spend it on, its not the 600,000 goverment workers he let go.</Msg><Username>sirifuture</Username><Timestamp>1364841742101</Timestamp><DateTime>Mon, 2013-04-01 14:42:22 EDT</DateTime><ThumbUp>2</ThumbUp><ThumbDown>1</ThumbDown><Sentiment>Buy</Sentiment></Message><Message type="TopicMessage"><Id>1364841935445-82</Id><Title>Mega stink fatties bank GO AWAY FROM IT</Title><Msg>Its a danger.</Msg><Username>kim_jong_il_2</Username><Timestamp>1364841935445</Timestamp><DateTime>Mon, 2013-04-01 14:45:35 EDT</DateTime><ThumbUp>0</ThumbUp><ThumbDown>0</ThumbDown><Sentiment/></Message><Message type="ReplyMessage"><Id>1364841953711-83</Id><Topic><Title>Analyst BAC Price Target Reduced</Title><Username>rbischin</Username><Timestamp>1364815858814</Timestamp><DateTime>Mon, 2013-04-01 07:30:58 EDT</DateTime></Topic><Msg>ytirouyo</Msg><Username>vasco_andre</Username><Timestamp>1364841953711</Timestamp><DateTime>Mon, 2013-04-01 14:45:53 EDT</DateTime><ThumbUp>1</ThumbUp><ThumbDown>2</ThumbDown><Sentiment>Hold</Sentiment></Message><Message type="ReplyMessage"><Id>1364842939914-84</Id><Topic><Title>no one wanted the king to consult with elders for hope and change but think for a minute,</Title><Username>ekonprophet</Username><Timestamp>1364840336188</Timestamp><DateTime>Mon, 2013-04-01 14:18:56 EDT</DateTime></Topic><Msg>I believe it was Dudley Moore's partner, Peter Cook, who predicted back in the 60's that the British Empire would not so much fall to conquest as "sink giggling into the sea." bike lanes and waterless tanks for all...providing you put 20% down</Msg><Username>vieweroutrage</Username><Timestamp>1364842939914</Timestamp><DateTime>Mon, 2013-04-01 15:02:19 EDT</DateTime><ThumbUp>0</ThumbUp><ThumbDown>2</ThumbDown><Sentiment/></Message><Message type="ReplyMessage"><Id>1364843123103-85</Id><Topic><Title>New estimate total cost for G W Bush Exxon Iraqi Oil Occupation exceeds 6 trillion unfunded US tax payer dollars !</Title><Username>sofreakinghot</Username><Timestamp>1364822388183</Timestamp><DateTime>Mon, 2013-04-01 09:19:48 EDT</DateTime></Topic><Msg>Who lied to them before Bush became president? "One way or the other, we are determined to deny Iraq the capacity to develop weapons of mass destruction and the missiles to deliver them. That is our bottom line." --President Bill Clinton, Feb. 4, 1998 "If Saddam rejects peace and we have to use force, our purpose is clear. We want to seriously diminish the threat posed by Iraq's weapons of mass destruction program." --President Bill Clinton, Feb. 17, 1998 "Iraq is a long way from [here], but what happens there matters a great deal here. For the risks that the leaders of a rogue state will use nuclear, chemical or biological weapons against us or our allies is the greatest security threat we face." --Madeline Albright, Feb 18, 1998 "He will use those weapons of mass destruction again, as he has ten times since 1983." --Sandy Berger, Clinton National Security Adviser, Feb, 18, 1998 "[W]e urge you, after consulting with Congress, and consistent with the U.S. Constitution and laws, to take necessary actions (including, if appropriate, air and missile strikes on suspect Iraqi sites) to respond effectively to the threat posed by Iraq's refusal to end its weapons of mass destruction programs." Letter to President Clinton, signed by: -- Democratic Senators Carl Levin, Tom Daschle, John Kerry, and others, Oct. 9, 1998 "Saddam Hussein has been engaged in the development of weapons of mass destruction technology which is a threat to countries in the region and he has made a mockery of the weapons inspection process." -Rep. Nancy Pelosi (D, CA), Dec. 16, 1998 "Hussein has ... chosen to spend his money on building weapons of mass destruction and palaces for his cronies." -- Madeline Albright, Clinton Secretary of State, Nov. 10, 1999</Msg><Username>doncassel</Username><Timestamp>1364843123103</Timestamp><DateTime>Mon, 2013-04-01 15:05:23 EDT</DateTime><ThumbUp>0</ThumbUp><ThumbDown>2</ThumbDown><Sentiment/></Message><Message type="ReplyMessage"><Id>1364843442649-86</Id><Topic><Title>ALL bubbles and banking systems WILL COLLAP$E THIS YEAR 2013!!</Title><Username>rddr2022</Username><Timestamp>1364840084281</Timestamp><DateTime>Mon, 2013-04-01 14:14:44 EDT</DateTime></Topic><Msg>Very useful info, thanks !</Msg><Username>seweeeeeoinkoink</Username><Timestamp>1364843442649</Timestamp><DateTime>Mon, 2013-04-01 15:10:42 EDT</DateTime><ThumbUp>0</ThumbUp><ThumbDown>1</ThumbDown><Sentiment/></Message><Message type="TopicMessage"><Id>1364843645031-87</Id><Title>Low Volume today</Title><Msg>Hurting the price.</Msg><Username>marshallfolsh</Username><Timestamp>1364843645031</Timestamp><DateTime>Mon, 2013-04-01 15:14:05 EDT</DateTime><ThumbUp>0</ThumbUp><ThumbDown>0</ThumbDown><Sentiment>Strong Buy</Sentiment></Message><Message type="ReplyMessage"><Id>1364843744122-88</Id><Topic><Title>Anyone have an estimate of PPS if they announce 56 cent profit instead of 23 estimate ??</Title><Username>hubertus88</Username><Timestamp>1364836299766</Timestamp><DateTime>Mon, 2013-04-01 13:11:39 EDT</DateTime></Topic><Msg>The estimate is much lower but if they came in at 56 cents expect $20/share in days. Assuming these were real profits, from operations, and not just accounting adjustments.</Msg><Username>nasa_rss</Username><Timestamp>1364843744122</Timestamp><DateTime>Mon, 2013-04-01 15:15:44 EDT</DateTime><ThumbUp>2</ThumbUp><ThumbDown>0</ThumbDown><Sentiment/></Message><Message type="ReplyMessage"><Id>1364844835847-89</Id><Topic><Title>ALL bubbles and banking systems WILL COLLAP$E THIS YEAR 2013!!</Title><Username>rddr2022</Username><Timestamp>1364840084281</Timestamp><DateTime>Mon, 2013-04-01 14:14:44 EDT</DateTime></Topic><Msg>I'll bet these 3 have "STUPID" tattooed on their foreheads! Respectfully, Don</Msg><Username>doncassel</Username><Timestamp>1364844835847</Timestamp><DateTime>Mon, 2013-04-01 15:33:55 EDT</DateTime><ThumbUp>1</ThumbUp><ThumbDown>0</ThumbDown><Sentiment/></Message><Message type="ReplyMessage"><Id>1364844995235-90</Id><Topic><Title>Bank of America Corporation UPDATED CHART!</Title><Username>ngoshendhangcathy</Username><Timestamp>1364828160698</Timestamp><DateTime>Mon, 2013-04-01 10:56:00 EDT</DateTime></Topic><Msg>I was really looking for some great news. Now I found it.</Msg><Username>omphalecalice</Username><Timestamp>1364844995235</Timestamp><DateTime>Mon, 2013-04-01 15:36:35 EDT</DateTime><ThumbUp>0</ThumbUp><ThumbDown>1</ThumbDown><Sentiment/></Message><Message type="TopicMessage"><Id>1364845877929-91</Id><Title>North Korea launch your rockets</Title><Msg>I wish they will do it.</Msg><Username>kim_jong_il_2</Username><Timestamp>1364845877929</Timestamp><DateTime>Mon, 2013-04-01 15:51:17 EDT</DateTime><ThumbUp>0</ThumbUp><ThumbDown>3</ThumbDown><Sentiment/></Message><Message type="TopicMessage"><Id>1364846778629-92</Id><Title>TBTF banks will be the first to freeze depositor accounts following the market bubble crash, maybe quite soon</Title><Msg>Listen to Daddy.</Msg><Username>listen_to_daddy</Username><Timestamp>1364846778629</Timestamp><DateTime>Mon, 2013-04-01 16:06:18 EDT</DateTime><ThumbUp>1</ThumbUp><ThumbDown>1</ThumbDown><Sentiment/></Message><Message type="ReplyMessage"><Id>1364846826632-93</Id><Topic><Title>ALL bubbles and banking systems WILL COLLAP$E THIS YEAR 2013!!</Title><Username>rddr2022</Username><Timestamp>1364840084281</Timestamp><DateTime>Mon, 2013-04-01 14:14:44 EDT</DateTime></Topic><Msg>WOW very insightful. Thanks for well thought out post Packed with very useful info</Msg><Username>paid_my_fair_share</Username><Timestamp>1364846826632</Timestamp><DateTime>Mon, 2013-04-01 16:07:06 EDT</DateTime><ThumbUp>1</ThumbUp><ThumbDown>0</ThumbDown><Sentiment/></Message><Message type="TopicMessage"><Id>1364846991075-94</Id><Title>BAC = 666 = Devil &amp; Moneyhand is his minion</Title><Msg>BAC shareholders will burn in hell for all eternity, BAC Short sellers will go to heaven!!! just imo</Msg><Username>sydneylocks</Username><Timestamp>1364846991075</Timestamp><DateTime>Mon, 2013-04-01 16:09:51 EDT</DateTime><ThumbUp>0</ThumbUp><ThumbDown>0</ThumbDown><Sentiment/></Message><Message type="ReplyMessage"><Id>1364847053622-95</Id><Topic><Title>Bank of America Corporation UPDATED CHART!</Title><Username>ngoshendhangcathy</Username><Timestamp>1364828160698</Timestamp><DateTime>Mon, 2013-04-01 10:56:00 EDT</DateTime></Topic><Msg>Glad you shared this to us.</Msg><Username>lamicedjoann</Username><Timestamp>1364847053622</Timestamp><DateTime>Mon, 2013-04-01 16:10:53 EDT</DateTime><ThumbUp>0</ThumbUp><ThumbDown>0</ThumbDown><Sentiment>Buy</Sentiment></Message><Message type="ReplyMessage"><Id>1364847129975-96</Id><Topic><Title>Bank of America Corporation UPDATED CHART!</Title><Username>ngoshendhangcathy</Username><Timestamp>1364828160698</Timestamp><DateTime>Mon, 2013-04-01 10:56:00 EDT</DateTime></Topic><Msg>Is this what Investor are looking for?</Msg><Username>overspanningenfern</Username><Timestamp>1364847129975</Timestamp><DateTime>Mon, 2013-04-01 16:12:09 EDT</DateTime><ThumbUp>0</ThumbUp><ThumbDown>0</ThumbDown><Sentiment/></Message><Message type="TopicMessage"><Id>1364847529219-97</Id><Title>need a close over 12.50 that it</Title><Msg>ok</Msg><Username>ron.wallach</Username><Timestamp>1364847529219</Timestamp><DateTime>Mon, 2013-04-01 16:18:49 EDT</DateTime><ThumbUp>0</ThumbUp><ThumbDown>0</ThumbDown><Sentiment>Hold</Sentiment></Message><Message type="ReplyMessage"><Id>1364847551692-98</Id><Topic><Title>Anyone have an estimate of PPS if they announce 56 cent profit instead of 23 estimate ??</Title><Username>hubertus88</Username><Timestamp>1364836299766</Timestamp><DateTime>Mon, 2013-04-01 13:11:39 EDT</DateTime></Topic><Msg>$15</Msg><Username>bry345</Username><Timestamp>1364847551692</Timestamp><DateTime>Mon, 2013-04-01 16:19:11 EDT</DateTime><ThumbUp>1</ThumbUp><ThumbDown>0</ThumbDown><Sentiment/></Message><Message type="TopicMessage"><Id>1364847616527-99</Id><Title>Countries have been hoarding gold getting ready to break away from the dollar, lookout below</Title><Msg>Listen to Daddy</Msg><Username>listen_to_daddy</Username><Timestamp>1364847616527</Timestamp><DateTime>Mon, 2013-04-01 16:20:16 EDT</DateTime><ThumbUp>0</ThumbUp><ThumbDown>3</ThumbDown><Sentiment/></Message><Message type="ReplyMessage"><Id>1364847727889-100</Id><Topic><Title>Anyone have an estimate of PPS if they announce 56 cent profit instead of 23 estimate ??</Title><Username>hubertus88</Username><Timestamp>1364836299766</Timestamp><DateTime>Mon, 2013-04-01 13:11:39 EDT</DateTime></Topic><Msg>With all due respect, how can you have profit when you are insolvent? LTD</Msg><Username>listen_to_daddy</Username><Timestamp>1364847727889</Timestamp><DateTime>Mon, 2013-04-01 16:22:07 EDT</DateTime><ThumbUp>0</ThumbUp><ThumbDown>3</ThumbDown><Sentiment/></Message><Message type="ReplyMessage"><Id>1364849329414-101</Id><Topic><Title>I wonder how much "Mitt" had stuffed in Cyprus?</Title><Username>andym_30054</Username><Timestamp>1364570359581</Timestamp><DateTime>Fri, 2013-03-29 11:19:19 EDT</DateTime></Topic><Msg>well, let me ask you this question since you seem defensive over Romney. Whic is a harder personal sacrifice? Giving $1200 off of a $25,000 yearly income OR $4 M off of probably $20M? My logic is not twisted as you suggest. I am giving from a small base and it is obvious I am not living the high life, WHEREAS Romney diffently is living high. And he publiczes his giving for maximum social value. Does he personally take in canned goods to soups kitchen/mission homes? You and I both know he wouldn't be caught there unless it was a photo op for the social pages. He y give me $20M annual income and I can sure give more than a measely $4M.</Msg><Username>fallenangelsthree</Username><Timestamp>1364849329414</Timestamp><DateTime>Mon, 2013-04-01 16:48:49 EDT</DateTime><ThumbUp>0</ThumbUp><ThumbDown>0</ThumbDown><Sentiment/></Message><Message type="ReplyMessage"><Id>1364849395611-102</Id><Topic><Title>North Korea launch your rockets</Title><Username>kim_jong_il_2</Username><Timestamp>1364845877929</Timestamp><DateTime>Mon, 2013-04-01 15:51:17 EDT</DateTime></Topic><Msg>Heard we're dropping marshmellows over South Korea to get them prepared for the campfire coming to their North!</Msg><Username>sasnik9</Username><Timestamp>1364849395611</Timestamp><DateTime>Mon, 2013-04-01 16:49:55 EDT</DateTime><ThumbUp>0</ThumbUp><ThumbDown>0</ThumbDown><Sentiment/></Message><Message type="TopicMessage"><Id>1364849883934-103</Id><Title>The first U.S city falls into Bankruptcy under BOZO. why?</Title><Msg>A judge accepted the California city of Stockton's bankruptcy application on Monday, making it the most populous city in the nation to enter bankruptcy.</Msg><Username>jam9011</Username><Timestamp>1364849883934</Timestamp><DateTime>Mon, 2013-04-01 16:58:03 EDT</DateTime><ThumbUp>3</ThumbUp><ThumbDown>2</ThumbDown><Sentiment/></Message><Message type="ReplyMessage"><Id>1364850136389-104</Id><Topic><Title>The first U.S city falls into Bankruptcy under BOZO. why?</Title><Username>jam9011</Username><Timestamp>1364849883934</Timestamp><DateTime>Mon, 2013-04-01 16:58:03 EDT</DateTime></Topic><Msg>Because Bush left them unrepairable. I don't care how good you are, you can't fix cancer. Obama rules! praise Obama! Praise obama.</Msg><Username>russellhenry24</Username><Timestamp>1364850136389</Timestamp><DateTime>Mon, 2013-04-01 17:02:16 EDT</DateTime><ThumbUp>6</ThumbUp><ThumbDown>5</ThumbDown><Sentiment/></Message><Message type="TopicMessage"><Id>1364850293376-105</Id><Title>CNBC show 501pm said long bac, time to load up!</Title><Msg>I agree!</Msg><Username>hrking82003</Username><Timestamp>1364850293376</Timestamp><DateTime>Mon, 2013-04-01 17:04:53 EDT</DateTime><ThumbUp>0</ThumbUp><ThumbDown>0</ThumbDown><Sentiment/></Message><Message type="ReplyMessage"><Id>1364850836036-106</Id><Topic><Title>no one wanted the king to consult with elders for hope and change but think for a minute,</Title><Username>ekonprophet</Username><Timestamp>1364840336188</Timestamp><DateTime>Mon, 2013-04-01 14:18:56 EDT</DateTime></Topic><Msg>No worries as Texas A&amp;M just landed the vaccine center ... ... regarding bathing suits. I had breakfast at the Overlook Grill Friday morning and the pool gals did not have pneumatic knockers. German bankers must frown on them...they wore beautiful blue bathing suits. Please note that no bedazzled cape to go along was seen.. Speaking of No ...no dictionary is big enough, no vocabulary is shiny enough to describe Viewers outrage. LOL</Msg><Username>vieweroutrage</Username><Timestamp>1364850836036</Timestamp><DateTime>Mon, 2013-04-01 17:13:56 EDT</DateTime><ThumbUp>0</ThumbUp><ThumbDown>0</ThumbDown><Sentiment/></Message><Message type="ReplyMessage"><Id>1364851532840-107</Id><Topic><Title>Wag the Dog</Title><Username>dwacorn</Username><Timestamp>1364848281866</Timestamp><DateTime>Mon, 2013-04-01 16:31:21 EDT</DateTime></Topic><Msg>You loser idiots that STILL follow Fox are too brain-dead to get how off they ALWAYS are. Never mind how they called EVERYTHING horrendously wrong previous to the election. Every single LYING Fox pundit called EVERYTHING totally wrong, yet fools like you still eat up every turd they drop. ESAD, FOOL!</Msg><Username>hd.callahan</Username><Timestamp>1364851532840</Timestamp><DateTime>Mon, 2013-04-01 17:25:32 EDT</DateTime><ThumbUp>2</ThumbUp><ThumbDown>3</ThumbDown><Sentiment/></Message><Message type="ReplyMessage"><Id>1364851696354-108</Id><Topic><Title>The first U.S city falls into Bankruptcy under BOZO. why?</Title><Username>jam9011</Username><Timestamp>1364849883934</Timestamp><DateTime>Mon, 2013-04-01 16:58:03 EDT</DateTime></Topic><Msg>Obama has done very well to date in repairing the damage done by Bush.</Msg><Username>hd.callahan</Username><Timestamp>1364851696354</Timestamp><DateTime>Mon, 2013-04-01 17:28:16 EDT</DateTime><ThumbUp>8</ThumbUp><ThumbDown>8</ThumbDown><Sentiment/></Message><Message type="ReplyMessage"><Id>1364851810764-109</Id><Topic><Title>ISM manufacturing survey shows unexpected March decline</Title><Username>dumpobamie</Username><Timestamp>1364847823352</Timestamp><DateTime>Mon, 2013-04-01 16:23:43 EDT</DateTime></Topic><Msg>My grandchildren like to cut and paste, too. Have you ever tried to post ANYTHING intelligent?</Msg><Username>hd.callahan</Username><Timestamp>1364851810764</Timestamp><DateTime>Mon, 2013-04-01 17:30:10 EDT</DateTime><ThumbUp>2</ThumbUp><ThumbDown>3</ThumbDown><Sentiment/></Message><Message type="ReplyMessage"><Id>1364851932587-110</Id><Topic><Title>Analyst BAC Price Target Reduced</Title><Username>tonny.lambda</Username><Timestamp>1363969931209</Timestamp><DateTime>Fri, 2013-03-22 12:32:11 EDT</DateTime></Topic><Msg>nice info</Msg><Username>noahicona</Username><Timestamp>1364851932587</Timestamp><DateTime>Mon, 2013-04-01 17:32:12 EDT</DateTime><ThumbUp>1</ThumbUp><ThumbDown>2</ThumbDown><Sentiment>Hold</Sentiment></Message><Message type="ReplyMessage"><Id>1364851961234-111</Id><Topic><Title>Anyone have an estimate of PPS if they announce 56 cent profit instead of 23 estimate ??</Title><Username>hubertus88</Username><Timestamp>1364836299766</Timestamp><DateTime>Mon, 2013-04-01 13:11:39 EDT</DateTime></Topic><Msg>SOLD! to n literd 1 for 126.52!</Msg><Username>downhilldonkey</Username><Timestamp>1364851961234</Timestamp><DateTime>Mon, 2013-04-01 17:32:41 EDT</DateTime><ThumbUp>0</ThumbUp><ThumbDown>3</ThumbDown><Sentiment/></Message><Message type="ReplyMessage"><Id>1364852133190-112</Id><Topic><Title>Analyst BAC Price Target Reduced</Title><Username>rbischin</Username><Timestamp>1364815858814</Timestamp><DateTime>Mon, 2013-04-01 07:30:58 EDT</DateTime></Topic><Msg>incredible!</Msg><Username>noahicona</Username><Timestamp>1364852133190</Timestamp><DateTime>Mon, 2013-04-01 17:35:33 EDT</DateTime><ThumbUp>1</ThumbUp><ThumbDown>2</ThumbDown><Sentiment>Strong Buy</Sentiment></Message><Message type="ReplyMessage"><Id>1364852251082-113</Id><Topic><Title>Anyone have an estimate of PPS if they announce 56 cent profit instead of 23 estimate ??</Title><Username>hubertus88</Username><Timestamp>1364836299766</Timestamp><DateTime>Mon, 2013-04-01 13:11:39 EDT</DateTime></Topic><Msg>Down again on no volume. IMHO with the government allowing them to buy back the preferred and 400 million of the common BAC is probably improving much faster than anticipated which is not priced into the stock. Just my opinion.</Msg><Username>sammsjohn99</Username><Timestamp>1364852251082</Timestamp><DateTime>Mon, 2013-04-01 17:37:31 EDT</DateTime><ThumbUp>2</ThumbUp><ThumbDown>0</ThumbDown><Sentiment/></Message><Message type="TopicMessage"><Id>1364853418291-114</Id><Title>Bitcoins</Title><Msg>Anyone bought bitcoin before? The price increased from 2usd to 107usd. That is 5300% increased!!</Msg><Username>toothpaste2013</Username><Timestamp>1364853418291</Timestamp><DateTime>Mon, 2013-04-01 17:56:58 EDT</DateTime><ThumbUp>0</ThumbUp><ThumbDown>0</ThumbDown><Sentiment/></Message><Message type="ReplyMessage"><Id>1364853845451-115</Id><Topic><Title>The first U.S city falls into Bankruptcy under BOZO. why?</Title><Username>jam9011</Username><Timestamp>1364849883934</Timestamp><DateTime>Mon, 2013-04-01 16:58:03 EDT</DateTime></Topic><Msg>Gov Arnie left a 28 billion dollar debt that Moon Beam is fixing, same pattern republicans come in ruin the economy run up a huge debt hand it over to democrats and then blame them .</Msg><Username>sirifuture</Username><Timestamp>1364853845451</Timestamp><DateTime>Mon, 2013-04-01 18:04:05 EDT</DateTime><ThumbUp>7</ThumbUp><ThumbDown>4</ThumbDown><Sentiment>Buy</Sentiment></Message><Message type="ReplyMessage"><Id>1364853949381-116</Id><Topic><Title>The first U.S city falls into Bankruptcy under BOZO. why?</Title><Username>jam9011</Username><Timestamp>1364849883934</Timestamp><DateTime>Mon, 2013-04-01 16:58:03 EDT</DateTime></Topic><Msg>Stockton??? Is that where the WMDs are hiding?</Msg><Username>well_off_and_well_connected</Username><Timestamp>1364853949381</Timestamp><DateTime>Mon, 2013-04-01 18:05:49 EDT</DateTime><ThumbUp>1</ThumbUp><ThumbDown>1</ThumbDown><Sentiment/></Message><Message type="ReplyMessage"><Id>1364854323220-117</Id><Topic><Title>no one wanted the king to consult with elders for hope and change but think for a minute,</Title><Username>ekonprophet</Username><Timestamp>1364840336188</Timestamp><DateTime>Mon, 2013-04-01 14:18:56 EDT</DateTime></Topic><Msg>gas/air filled I knew it had to happen - felt the tables turnin'. I heard the thunder clappin'- felt the desert burnin' Forgive me for not recommending this bland stock but passable investment. Rehabilitation and public persuasion is in order. sound effects please</Msg><Username>vieweroutrage</Username><Timestamp>1364854323220</Timestamp><DateTime>Mon, 2013-04-01 18:12:03 EDT</DateTime><ThumbUp>0</ThumbUp><ThumbDown>0</ThumbDown><Sentiment/></Message><Message type="ReplyMessage"><Id>1364854479840-118</Id><Topic><Title>New estimate total cost for G W Bush Exxon Iraqi Oil Occupation exceeds 6 trillion unfunded US tax payer dollars !</Title><Username>sofreakinghot</Username><Timestamp>1364822388183</Timestamp><DateTime>Mon, 2013-04-01 09:19:48 EDT</DateTime></Topic><Msg>Did you forget all the lies about WMD's used to invade ? Clinton never talk about invading !</Msg><Username>sirifuture</Username><Timestamp>1364854479840</Timestamp><DateTime>Mon, 2013-04-01 18:14:39 EDT</DateTime><ThumbUp>4</ThumbUp><ThumbDown>2</ThumbDown><Sentiment>Buy</Sentiment></Message><Message type="ReplyMessage"><Id>1364854684491-119</Id><Topic><Title>The first U.S city falls into Bankruptcy under BOZO. why?</Title><Username>jam9011</Username><Timestamp>1364849883934</Timestamp><DateTime>Mon, 2013-04-01 16:58:03 EDT</DateTime></Topic><Msg>We will never go back to a pre Bush economy, Bush changed it forever its the new normal.</Msg><Username>sirifuture</Username><Timestamp>1364854684491</Timestamp><DateTime>Mon, 2013-04-01 18:18:04 EDT</DateTime><ThumbUp>4</ThumbUp><ThumbDown>3</ThumbDown><Sentiment>Buy</Sentiment></Message><Message type="ReplyMessage"><Id>1364854734914-120</Id><Topic><Title>The first U.S city falls into Bankruptcy under BOZO. why?</Title><Username>jam9011</Username><Timestamp>1364849883934</Timestamp><DateTime>Mon, 2013-04-01 16:58:03 EDT</DateTime></Topic><Msg>Thanks largely to the public unions that have the city and state by the short hairs. The state legislature has been in dem control ever since Noah landed on Ararat.</Msg><Username>jhitcher2011</Username><Timestamp>1364854734914</Timestamp><DateTime>Mon, 2013-04-01 18:18:54 EDT</DateTime><ThumbUp>5</ThumbUp><ThumbDown>1</ThumbDown><Sentiment/></Message><Message type="ReplyMessage"><Id>1364854963762-121</Id><Topic><Title>The first U.S city falls into Bankruptcy under BOZO. why?</Title><Username>jam9011</Username><Timestamp>1364849883934</Timestamp><DateTime>Mon, 2013-04-01 16:58:03 EDT</DateTime></Topic><Msg>Look at the state of Illinois - even worse. Glad I left over ten years ago.</Msg><Username>sammsjohn99</Username><Timestamp>1364854963762</Timestamp><DateTime>Mon, 2013-04-01 18:22:43 EDT</DateTime><ThumbUp>2</ThumbUp><ThumbDown>1</ThumbDown><Sentiment/></Message><Message type="ReplyMessage"><Id>1364855239972-122</Id><Topic><Title>The first U.S city falls into Bankruptcy under BOZO. why?</Title><Username>jam9011</Username><Timestamp>1364849883934</Timestamp><DateTime>Mon, 2013-04-01 16:58:03 EDT</DateTime></Topic><Msg>You have #$%$! Ignore button for you. Respectfully, Don</Msg><Username>doncassel</Username><Timestamp>1364855239972</Timestamp><DateTime>Mon, 2013-04-01 18:27:19 EDT</DateTime><ThumbUp>1</ThumbUp><ThumbDown>1</ThumbDown><Sentiment/></Message><Message type="TopicMessage"><Id>1364855312916-123</Id><Title>Smoke'n</Title><Msg>Up one penny After Hours, looks like a new trend!</Msg><Username>russellhenry24</Username><Timestamp>1364855312916</Timestamp><DateTime>Mon, 2013-04-01 18:28:32 EDT</DateTime><ThumbUp>0</ThumbUp><ThumbDown>1</ThumbDown><Sentiment/></Message><Message type="ReplyMessage"><Id>1364855502918-124</Id><Topic><Title>Wag the Dog</Title><Username>dwacorn</Username><Timestamp>1364848281866</Timestamp><DateTime>Mon, 2013-04-01 16:31:21 EDT</DateTime></Topic><Msg>Another loser on ignore. Don</Msg><Username>doncassel</Username><Timestamp>1364855502918</Timestamp><DateTime>Mon, 2013-04-01 18:31:42 EDT</DateTime><ThumbUp>1</ThumbUp><ThumbDown>0</ThumbDown><Sentiment/></Message><Message type="ReplyMessage"><Id>1364855583214-125</Id><Topic><Title>I wonder how much "Mitt" had stuffed in Cyprus?</Title><Username>andym_30054</Username><Timestamp>1364570359581</Timestamp><DateTime>Fri, 2013-03-29 11:19:19 EDT</DateTime></Topic><Msg>Because he's a great President!</Msg><Username>russellhenry24</Username><Timestamp>1364855583214</Timestamp><DateTime>Mon, 2013-04-01 18:33:03 EDT</DateTime><ThumbUp>0</ThumbUp><ThumbDown>2</ThumbDown><Sentiment/></Message><Message type="ReplyMessage"><Id>1364855795518-126</Id><Topic><Title>The first U.S city falls into Bankruptcy under BOZO. why?</Title><Username>jam9011</Username><Timestamp>1364849883934</Timestamp><DateTime>Mon, 2013-04-01 16:58:03 EDT</DateTime></Topic><Msg>Its the police and prison guard unions , its funny they have over paid goverment jobs and are mostly republicans !</Msg><Username>sirifuture</Username><Timestamp>1364855795518</Timestamp><DateTime>Mon, 2013-04-01 18:36:35 EDT</DateTime><ThumbUp>5</ThumbUp><ThumbDown>3</ThumbDown><Sentiment>Buy</Sentiment></Message><Message type="TopicMessage"><Id>1364856206631-127</Id><Title>NUAN up bac rally to 12.57 pray to god list</Title><Msg>ok</Msg><Username>ron.wallach</Username><Timestamp>1364856206631</Timestamp><DateTime>Mon, 2013-04-01 18:43:26 EDT</DateTime><ThumbUp>0</ThumbUp><ThumbDown>0</ThumbDown><Sentiment>Hold</Sentiment></Message><Message type="TopicMessage"><Id>1364856805438-128</Id><Title>5,500 banking centers, 16,300 ATMs, buyout pray list!</Title><Msg>5,500 banking centers, 16,300 ATMs,</Msg><Username>ron.wallach</Username><Timestamp>1364856805438</Timestamp><DateTime>Mon, 2013-04-01 18:53:25 EDT</DateTime><ThumbUp>1</ThumbUp><ThumbDown>0</ThumbDown><Sentiment>Hold</Sentiment></Message><Message type="ReplyMessage"><Id>1364857167725-129</Id><Topic><Title>Anyone have an estimate of PPS if they announce 56 cent profit instead of 23 estimate ??</Title><Username>hubertus88</Username><Timestamp>1364836299766</Timestamp><DateTime>Mon, 2013-04-01 13:11:39 EDT</DateTime></Topic><Msg>They buy out the Preferreds on May 1, and May 28th. Hopefully they move fast on buying the common while it is dirt cheap and way under book value.</Msg><Username>nasa_rss</Username><Timestamp>1364857167725</Timestamp><DateTime>Mon, 2013-04-01 18:59:27 EDT</DateTime><ThumbUp>1</ThumbUp><ThumbDown>0</ThumbDown><Sentiment/></Message><Message type="ReplyMessage"><Id>1364857244042-130</Id><Topic><Title>Anyone have an estimate of PPS if they announce 56 cent profit instead of 23 estimate ??</Title><Username>hubertus88</Username><Timestamp>1364836299766</Timestamp><DateTime>Mon, 2013-04-01 13:11:39 EDT</DateTime></Topic><Msg>Most active New York Stock Exchange-traded stocks AP 6:05 pm ET April 1, 2013NEW YORK (AP) — A look at New York Stock Exchange 10 most-active stocks at the close of trading: AT&amp;T Inc. rose 1.5 percent to $37.25 with 24,013,700 shares traded. Alcoa Inc. fell 1.5 percent to $8.39 with 20,965,700 shares traded. Bank of America Corp. fell .2 percent to $12.15 with 82,287,100 shares traded. Boston Scientific Corp. fell .1 percent to $7.80 with 29,550,900 shares traded. Citigroup Inc. fell 1.0 percent to $43.79 with 19,440,500 shares traded. Ford Motor Co. fell 1.9 percent to $12.90 with 32,705,400 shares traded. General Electric Co. fell .2 percent to $23.08 with 27,171,600 shares traded. Hewlett Packard Co. fell 2.2 percent to $23.31 with 25,097,200 shares traded. MGIC Investments Corp. rose 1.2 percent to $5.01 with 23,139,600 shares traded. Sprint Nextel Corp. rose .6 percent to $6.25 with 26,778,800 shares traded.</Msg><Username>ron.wallach</Username><Timestamp>1364857244042</Timestamp><DateTime>Mon, 2013-04-01 19:00:44 EDT</DateTime><ThumbUp>1</ThumbUp><ThumbDown>0</ThumbDown><Sentiment>Hold</Sentiment></Message><Message type="TopicMessage"><Id>1364860941185-131</Id><Title>BofA - Down 7 straight days</Title><Msg>8 tomorrow? eesh. That's B-A-D</Msg><Username>mikerogo444</Username><Timestamp>1364860941185</Timestamp><DateTime>Mon, 2013-04-01 20:02:21 EDT</DateTime><ThumbUp>0</ThumbUp><ThumbDown>0</ThumbDown><Sentiment/></Message><Message type="ReplyMessage"><Id>1364861541342-132</Id><Topic><Title>BofA - Down 7 straight days</Title><Username>mikerogo444</Username><Timestamp>1364860941185</Timestamp><DateTime>Mon, 2013-04-01 20:02:21 EDT</DateTime></Topic><Msg>i hope so i can add more under 12</Msg><Username>tiglet2l</Username><Timestamp>1364861541342</Timestamp><DateTime>Mon, 2013-04-01 20:12:21 EDT</DateTime><ThumbUp>0</ThumbUp><ThumbDown>0</ThumbDown><Sentiment/></Message><Message type="TopicMessage"><Id>1364862366927-133</Id><Title>Chances are better for 10 in a couple of weeks</Title><Msg>Than they are for 15.Everyday we are down.#$%$?) I might get to buy at 10 again</Msg><Username>fbrow10</Username><Timestamp>1364862366927</Timestamp><DateTime>Mon, 2013-04-01 20:26:06 EDT</DateTime><ThumbUp>0</ThumbUp><ThumbDown>0</ThumbDown><Sentiment>Hold</Sentiment></Message><Message type="ReplyMessage"><Id>1364862475458-134</Id><Topic><Title>Anyone have an estimate of PPS if they announce 56 cent profit instead of 23 estimate ??</Title><Username>hubertus88</Username><Timestamp>1364836299766</Timestamp><DateTime>Mon, 2013-04-01 13:11:39 EDT</DateTime></Topic><Msg>We seem to go down no matter how much good news we get. Maybe some bad news will make us go up</Msg><Username>fbrow10</Username><Timestamp>1364862475458</Timestamp><DateTime>Mon, 2013-04-01 20:27:55 EDT</DateTime><ThumbUp>0</ThumbUp><ThumbDown>1</ThumbDown><Sentiment>Hold</Sentiment></Message><Message type="ReplyMessage"><Id>1364862576992-135</Id><Topic><Title>I wonder how much "Mitt" had stuffed in Cyprus?</Title><Username>andym_30054</Username><Timestamp>1364570359581</Timestamp><DateTime>Fri, 2013-03-29 11:19:19 EDT</DateTime></Topic><Msg>As much as Obama stuffed into his chroney friends pockets I would guess...And don't forget Mitt stuffed his own money...Obama stuffed OURS!</Msg><Username>sasnik9</Username><Timestamp>1364862576992</Timestamp><DateTime>Mon, 2013-04-01 20:29:36 EDT</DateTime><ThumbUp>0</ThumbUp><ThumbDown>1</ThumbDown><Sentiment/></Message><Message type="ReplyMessage"><Id>1364864041891-136</Id><Topic><Title>Anyone have an estimate of PPS if they announce 56 cent profit instead of 23 estimate ??</Title><Username>hubertus88</Username><Timestamp>1364836299766</Timestamp><DateTime>Mon, 2013-04-01 13:11:39 EDT</DateTime></Topic><Msg>Street is probably not too far off on the .23 eps for Q1. However, There is a good chance the street estimates for 2H are too low and will be raised throughout the year. Might see close to $1.30/sh for 2013. A lot depends on the timing of the buybacks and further release of reserves. The retirement of the preferreds could add up to .04/sh</Msg><Username>jhitcher2011</Username><Timestamp>1364864041891</Timestamp><DateTime>Mon, 2013-04-01 20:54:01 EDT</DateTime><ThumbUp>0</ThumbUp><ThumbDown>1</ThumbDown><Sentiment/></Message><Message type="ReplyMessage"><Id>1364864389639-137</Id><Topic><Title>no one wanted the king to consult with elders for hope and change but think for a minute,</Title><Username>ekonprophet</Username><Timestamp>1364840336188</Timestamp><DateTime>Mon, 2013-04-01 14:18:56 EDT</DateTime></Topic><Msg>What day will China send my dollar back? My $400k is not worth what my next door neighbors $400k is worth. The currency is not equal...why? The Sterling Club will be bigger and better so I'm told.</Msg><Username>vieweroutrage</Username><Timestamp>1364864389639</Timestamp><DateTime>Mon, 2013-04-01 20:59:49 EDT</DateTime><ThumbUp>0</ThumbUp><ThumbDown>0</ThumbDown><Sentiment/></Message><Message type="TopicMessage"><Id>1364864737895-138</Id><Title>If you have a deposit in this bank you are dumb, if you own the stock you are double dumb, take the cash out now</Title><Msg>Listen to Daddy.</Msg><Username>listen_to_daddy</Username><Timestamp>1364864737895</Timestamp><DateTime>Mon, 2013-04-01 21:05:37 EDT</DateTime><ThumbUp>0</ThumbUp><ThumbDown>2</ThumbDown><Sentiment/></Message><Message type="TopicMessage"><Id>1364864963226-139</Id><Title>$40. You'll See It</Title><Msg>IMO</Msg><Username>diligence2</Username><Timestamp>1364864963226</Timestamp><DateTime>Mon, 2013-04-01 21:09:23 EDT</DateTime><ThumbUp>1</ThumbUp><ThumbDown>0</ThumbDown><Sentiment>Strong Buy</Sentiment></Message><Message type="ReplyMessage"><Id>1364865067848-140</Id><Topic><Title>Anyone have an estimate of PPS if they announce 56 cent profit instead of 23 estimate ??</Title><Username>hubertus88</Username><Timestamp>1364836299766</Timestamp><DateTime>Mon, 2013-04-01 13:11:39 EDT</DateTime></Topic><Msg>Paying off the Prefer reds will increase cash flow by $450 million a year. However, the preferreds are not tax deductible. Buying stock at 60% of book value is free money for the company.</Msg><Username>nasa_rss</Username><Timestamp>1364865067848</Timestamp><DateTime>Mon, 2013-04-01 21:11:07 EDT</DateTime><ThumbUp>1</ThumbUp><ThumbDown>0</ThumbDown><Sentiment/></Message><Message type="ReplyMessage"><Id>1364865161275-141</Id><Topic><Title>If you have a deposit in this bank you are dumb, if you own the stock you are double dumb, take the cash out now</Title><Username>listen_to_daddy</Username><Timestamp>1364864737895</Timestamp><DateTime>Mon, 2013-04-01 21:05:37 EDT</DateTime></Topic><Msg>If you listen To Daddy you are dumb, if you follow Daddy suggestion you are double dumb</Msg><Username>boc5242</Username><Timestamp>1364865161275</Timestamp><DateTime>Mon, 2013-04-01 21:12:41 EDT</DateTime><ThumbUp>3</ThumbUp><ThumbDown>0</ThumbDown><Sentiment/></Message><Message type="ReplyMessage"><Id>1364865210537-142</Id><Topic><Title>If you have a deposit in this bank you are dumb, if you own the stock you are double dumb, take the cash out now</Title><Username>listen_to_daddy</Username><Timestamp>1364864737895</Timestamp><DateTime>Mon, 2013-04-01 21:05:37 EDT</DateTime></Topic><Msg>Thanks, daddy I will like more details next time.</Msg><Username>jam9011</Username><Timestamp>1364865210537</Timestamp><DateTime>Mon, 2013-04-01 21:13:30 EDT</DateTime><ThumbUp>0</ThumbUp><ThumbDown>1</ThumbDown><Sentiment/></Message><Message type="TopicMessage"><Id>1364865306234-143</Id><Title>we need a 5 billion stock buy back 12.57 pray list</Title><Msg>ok</Msg><Username>ron.wallach</Username><Timestamp>1364865306234</Timestamp><DateTime>Mon, 2013-04-01 21:15:06 EDT</DateTime><ThumbUp>1</ThumbUp><ThumbDown>0</ThumbDown><Sentiment>Hold</Sentiment></Message><Message type="ReplyMessage"><Id>1364865459614-144</Id><Topic><Title>5,500 banking centers, 16,300 ATMs, buyout pray list!</Title><Username>ron.wallach</Username><Timestamp>1364856805438</Timestamp><DateTime>Mon, 2013-04-01 18:53:25 EDT</DateTime></Topic><Msg>it translates to great accessible service</Msg><Username>mystk7</Username><Timestamp>1364865459614</Timestamp><DateTime>Mon, 2013-04-01 21:17:39 EDT</DateTime><ThumbUp>2</ThumbUp><ThumbDown>0</ThumbDown><Sentiment/></Message><Message type="TopicMessage"><Id>1364865574577-145</Id><Title>hold please bac greatest bank all over usa ok wait all homes get sold on books they make 20 billion a year again!</Title><Msg>like the ceo</Msg><Username>ron.wallach</Username><Timestamp>1364865574577</Timestamp><DateTime>Mon, 2013-04-01 21:19:34 EDT</DateTime><ThumbUp>0</ThumbUp><ThumbDown>0</ThumbDown><Sentiment>Hold</Sentiment></Message><Message type="TopicMessage"><Id>1364866168011-146</Id><Title>How long until we hit $15?</Title><Msg>According to Meredith Whitney, famous wall street analyst. Richard Above analyst for over 50 years believes BAC to $30 in 2-3 years.</Msg><Username>nasa_rss</Username><Timestamp>1364866168011</Timestamp><DateTime>Mon, 2013-04-01 21:29:28 EDT</DateTime><ThumbUp>2</ThumbUp><ThumbDown>0</ThumbDown><Sentiment/></Message><Message type="ReplyMessage"><Id>1364866513021-147</Id><Topic><Title>How long until we hit $15?</Title><Username>nasa_rss</Username><Timestamp>1364866168011</Timestamp><DateTime>Mon, 2013-04-01 21:29:28 EDT</DateTime></Topic><Msg>Finishing, Meredith says $15 very soon (within months).</Msg><Username>nasa_rss</Username><Timestamp>1364866513021</Timestamp><DateTime>Mon, 2013-04-01 21:35:13 EDT</DateTime><ThumbUp>1</ThumbUp><ThumbDown>0</ThumbDown><Sentiment/></Message><Message type="ReplyMessage"><Id>1364866646412-148</Id><Topic><Title>New estimate total cost for G W Bush Exxon Iraqi Oil Occupation exceeds 6 trillion unfunded US tax payer dollars !</Title><Username>sofreakinghot</Username><Timestamp>1364822388183</Timestamp><DateTime>Mon, 2013-04-01 09:19:48 EDT</DateTime></Topic><Msg>Put Bill back in 2016 with some fresh model interns, with a roaring economy, no wars and a surplus guy deserves a BJ.</Msg><Username>sirifuture</Username><Timestamp>1364866646412</Timestamp><DateTime>Mon, 2013-04-01 21:37:26 EDT</DateTime><ThumbUp>3</ThumbUp><ThumbDown>2</ThumbDown><Sentiment>Buy</Sentiment></Message><Message type="ReplyMessage"><Id>1364866871106-149</Id><Topic><Title>How long until we hit $15?</Title><Username>nasa_rss</Username><Timestamp>1364866168011</Timestamp><DateTime>Mon, 2013-04-01 21:29:28 EDT</DateTime></Topic><Msg>bac same price as ge I be happy!</Msg><Username>ron.wallach</Username><Timestamp>1364866871106</Timestamp><DateTime>Mon, 2013-04-01 21:41:11 EDT</DateTime><ThumbUp>0</ThumbUp><ThumbDown>0</ThumbDown><Sentiment>Hold</Sentiment></Message><Message type="ReplyMessage"><Id>1364867031971-150</Id><Topic><Title>Analyst BAC Price Target Reduced</Title><Username>rbischin</Username><Timestamp>1364815858814</Timestamp><DateTime>Mon, 2013-04-01 07:30:58 EDT</DateTime></Topic><Msg>MORE BS SPAM JOINED APR 1 2013</Msg><Username>jack_mlyn</Username><Timestamp>1364867031971</Timestamp><DateTime>Mon, 2013-04-01 21:43:51 EDT</DateTime><ThumbUp>1</ThumbUp><ThumbDown>0</ThumbDown><Sentiment/></Message><Message type="TopicMessage"><Id>1364867197360-151</Id><Title>Should have nice recovery with Cyprus in the rear view mirror good new 5 billion buy back need asap help us jesus!</Title><Msg>Should have nice recovery with Cyprus in the rear view mirror god bless the usa and stockholders!</Msg><Username>ron.wallach</Username><Timestamp>1364867197360</Timestamp><DateTime>Mon, 2013-04-01 21:46:37 EDT</DateTime><ThumbUp>1</ThumbUp><ThumbDown>0</ThumbDown><Sentiment/></Message><Message type="ReplyMessage"><Id>1364868814390-152</Id><Topic><Title>BofA - Down 7 straight days</Title><Username>mikerogo444</Username><Timestamp>1364860941185</Timestamp><DateTime>Mon, 2013-04-01 20:02:21 EDT</DateTime></Topic><Msg>That's interesting. I was only able to go back 90 days but other than this string of losing days, BAC has not been down for more than 3 days straight (happened twice) in the past 90 days.</Msg><Username>ubcprof</Username><Timestamp>1364868814390</Timestamp><DateTime>Mon, 2013-04-01 22:13:34 EDT</DateTime><ThumbUp>0</ThumbUp><ThumbDown>0</ThumbDown><Sentiment/></Message><Message type="ReplyMessage"><Id>1364869340419-153</Id><Topic><Title>BofA - Down 7 straight days</Title><Username>mikerogo444</Username><Timestamp>1364860941185</Timestamp><DateTime>Mon, 2013-04-01 20:02:21 EDT</DateTime></Topic><Msg>BAC can buy more shares on the cheap, of the $5 billion buyback.</Msg><Username>nasa_rss</Username><Timestamp>1364869340419</Timestamp><DateTime>Mon, 2013-04-01 22:22:20 EDT</DateTime><ThumbUp>2</ThumbUp><ThumbDown>0</ThumbDown><Sentiment/></Message><Message type="ReplyMessage"><Id>1364869596478-154</Id><Topic><Title>BofA - Down 7 straight days</Title><Username>mikerogo444</Username><Timestamp>1364860941185</Timestamp><DateTime>Mon, 2013-04-01 20:02:21 EDT</DateTime></Topic><Msg>Check out the open interests in April 12 &amp; 13 Call Options.. The hedgies who wrote these options are not going to let them expire in the money.. They will dribble down (manipulate) the stock price to remain around 12 by April 18th.</Msg><Username>irs_hater</Username><Timestamp>1364869596478</Timestamp><DateTime>Mon, 2013-04-01 22:26:36 EDT</DateTime><ThumbUp>0</ThumbUp><ThumbDown>0</ThumbDown><Sentiment/></Message><Message type="ReplyMessage"><Id>1364870343301-155</Id><Topic><Title>BofA - Down 7 straight days</Title><Username>mikerogo444</Username><Timestamp>1364860941185</Timestamp><DateTime>Mon, 2013-04-01 20:02:21 EDT</DateTime></Topic><Msg>A pullback is healthy, the whole market is pulling back and BAC won't be excluded. Just have some money ready when and if it breaks 12.00. The will double from here in the next 24 months. Not a bad return if you have a little patience.</Msg><Username>rpat458</Username><Timestamp>1364870343301</Timestamp><DateTime>Mon, 2013-04-01 22:39:03 EDT</DateTime><ThumbUp>1</ThumbUp><ThumbDown>0</ThumbDown><Sentiment>Strong Buy</Sentiment></Message><Message type="ReplyMessage"><Id>1364870925579-156</Id><Topic><Title>BofA - Down 7 straight days</Title><Username>mikerogo444</Username><Timestamp>1364860941185</Timestamp><DateTime>Mon, 2013-04-01 20:02:21 EDT</DateTime></Topic><Msg>need stock buy back asap bust bac up!now the time with the help from god!</Msg><Username>ron.wallach</Username><Timestamp>1364870925579</Timestamp><DateTime>Mon, 2013-04-01 22:48:45 EDT</DateTime><ThumbUp>0</ThumbUp><ThumbDown>0</ThumbDown><Sentiment>Strong Buy</Sentiment></Message><Message type="TopicMessage"><Id>1364872326023-157</Id><Title>1y Target Est:2095</Title><Msg>ok</Msg><Username>ron.wallach</Username><Timestamp>1364872326023</Timestamp><DateTime>Mon, 2013-04-01 23:12:06 EDT</DateTime><ThumbUp>1</ThumbUp><ThumbDown>0</ThumbDown><Sentiment>Buy</Sentiment></Message><Message type="ReplyMessage"><Id>1364872432825-158</Id><Topic><Title>Should have nice recovery with Cyprus in the rear view mirror good new 5 billion buy back need asap help us jesus!</Title><Username>ron.wallach</Username><Timestamp>1364867197360</Timestamp><DateTime>Mon, 2013-04-01 21:46:37 EDT</DateTime></Topic><Msg>1y Target Est: 2095</Msg><Username>ron.wallach</Username><Timestamp>1364872432825</Timestamp><DateTime>Mon, 2013-04-01 23:13:52 EDT</DateTime><ThumbUp>1</ThumbUp><ThumbDown>0</ThumbDown><Sentiment>Buy</Sentiment></Message><Message type="ReplyMessage"><Id>1364872516283-159</Id><Topic><Title>Wag the Dog</Title><Username>dwacorn</Username><Timestamp>1364848281866</Timestamp><DateTime>Mon, 2013-04-01 16:31:21 EDT</DateTime></Topic><Msg>1y Target Est: 2095</Msg><Username>ron.wallach</Username><Timestamp>1364872516283</Timestamp><DateTime>Mon, 2013-04-01 23:15:16 EDT</DateTime><ThumbUp>0</ThumbUp><ThumbDown>0</ThumbDown><Sentiment>Strong Buy</Sentiment></Message><Message type="ReplyMessage"><Id>1364873253886-160</Id><Topic><Title>BofA - Down 7 straight days</Title><Username>mikerogo444</Username><Timestamp>1364860941185</Timestamp><DateTime>Mon, 2013-04-01 20:02:21 EDT</DateTime></Topic><Msg>Dont count on that happening with earnings out prior to options expiration.</Msg><Username>inbounds7</Username><Timestamp>1364873253886</Timestamp><DateTime>Mon, 2013-04-01 23:27:33 EDT</DateTime><ThumbUp>0</ThumbUp><ThumbDown>0</ThumbDown><Sentiment/></Message><Message type="ReplyMessage"><Id>1364873866489-161</Id><Topic><Title>BofA - Down 7 straight days</Title><Username>mikerogo444</Username><Timestamp>1364860941185</Timestamp><DateTime>Mon, 2013-04-01 20:02:21 EDT</DateTime></Topic><Msg>You got that right. Don</Msg><Username>doncassel</Username><Timestamp>1364873866489</Timestamp><DateTime>Mon, 2013-04-01 23:37:46 EDT</DateTime><ThumbUp>0</ThumbUp><ThumbDown>0</ThumbDown><Sentiment/></Message><Message type="ReplyMessage"><Id>1364874123380-162</Id><Topic><Title>New estimate total cost for G W Bush Exxon Iraqi Oil Occupation exceeds 6 trillion unfunded US tax payer dollars !</Title><Username>sofreakinghot</Username><Timestamp>1364822388183</Timestamp><DateTime>Mon, 2013-04-01 09:19:48 EDT</DateTime></Topic><Msg>Dirt, you have snakes in your head! Respectfully, Don</Msg><Username>doncassel</Username><Timestamp>1364874123380</Timestamp><DateTime>Mon, 2013-04-01 23:42:03 EDT</DateTime><ThumbUp>0</ThumbUp><ThumbDown>0</ThumbDown><Sentiment/></Message></Date>