<?xml version="1.0" encoding="UTF-8" standalone="no"?><Date date="2013-07-08"><Message type="ReplyMessage"><Id>1373257574476-1</Id><Topic><Title>funny thing kerry on the boat celebrating, and now? His wife in critical condition in Hosp</Title><Username>zevoter01</Username><Timestamp>1373246925397</Timestamp><DateTime>Sun, 2013-07-07 21:28:45 EDT</DateTime></Topic><Msg>You can say that again! democrap kerry is indeed a leftist demopuke parasite of the worst kind. A know-nothing liberal who relishes at not doing his job! All he does is plot to see how much he can rip off the American taxpayer.........just like his boss, maggot obama,</Msg><Username>drwstring</Username><Timestamp>1373257574476</Timestamp><DateTime>Mon, 2013-07-08 00:26:14 EDT</DateTime><ThumbUp>2</ThumbUp><ThumbDown>4</ThumbDown><Sentiment/></Message><Message type="ReplyMessage"><Id>1373257789898-2</Id><Topic><Title>James Orrin McKee is the antisemitic poster</Title><Username>darlaleen</Username><Timestamp>1373137652777</Timestamp><DateTime>Sat, 2013-07-06 15:07:32 EDT</DateTime></Topic><Msg>This human drama is indeed riveting, and the poster who advocates for a return to those good old days when lampshades were made of human flesh is unquestionably a POS. The problem I have with YOUR story, though, is that to track down and unmask this miscreant you must have done a lot of detective work and a fair amount of heavy lifting, yet now that you have him dead-to-rights and in your sights, you can't summon the strength to drop a dime? What a pity....so close to earning a chapter in the upcoming 'Profiles In Courage' sequel, and yet ROTFLMAO so far away.</Msg><Username>fish2kill</Username><Timestamp>1373257789898</Timestamp><DateTime>Mon, 2013-07-08 00:29:49 EDT</DateTime><ThumbUp>0</ThumbUp><ThumbDown>0</ThumbDown><Sentiment/></Message><Message type="TopicMessage"><Id>1373257874552-3</Id><Title>leftist obama has increased Americas debt more than all prez's combined</Title><Msg>and that's a fact........Iy's gonna get rough. As it is now collage grads can't find work. Real ubemployment is near 12% now and more Americans are on welfare/food stamps than ever before! Shame on the demopuke leftist party of corruption............</Msg><Username>drwstring</Username><Timestamp>1373257874552</Timestamp><DateTime>Mon, 2013-07-08 00:31:14 EDT</DateTime><ThumbUp>8</ThumbUp><ThumbDown>8</ThumbDown><Sentiment/></Message><Message type="ReplyMessage"><Id>1373258753299-4</Id><Topic><Title>make 700% every month!</Title><Username>stockmr</Username><Timestamp>1368122132601</Timestamp><DateTime>Thu, 2013-05-09 13:55:32 EDT</DateTime></Topic><Msg>70k thats good!!</Msg><Username>j_randy58</Username><Timestamp>1373258753299</Timestamp><DateTime>Mon, 2013-07-08 00:45:53 EDT</DateTime><ThumbUp>0</ThumbUp><ThumbDown>1</ThumbDown><Sentiment/></Message><Message type="ReplyMessage"><Id>1373259511760-5</Id><Topic><Title>leftist obama has increased Americas debt more than all prez's combined</Title><Username>drwstring</Username><Timestamp>1373257874552</Timestamp><DateTime>Mon, 2013-07-08 00:31:14 EDT</DateTime></Topic><Msg>You are full of it., and totally wrong. If the republican weren't holding taxes at 1950 levels we would be at full employment by now. If Reagan and Bush had paid for all their programs this administration wouldn't be paying all that interest on debt they ran up.</Msg><Username>libertydies30</Username><Timestamp>1373259511760</Timestamp><DateTime>Mon, 2013-07-08 00:58:31 EDT</DateTime><ThumbUp>1</ThumbUp><ThumbDown>6</ThumbDown><Sentiment/></Message><Message type="ReplyMessage"><Id>1373259686138-6</Id><Topic><Title>Asiana crash due to pilot error</Title><Username>brlc.blows3</Username><Timestamp>1373248938582</Timestamp><DateTime>Sun, 2013-07-07 22:02:18 EDT</DateTime></Topic><Msg>Were they asian pilots? Many for those airlines are foreign nationals.</Msg><Username>libertydies30</Username><Timestamp>1373259686138</Timestamp><DateTime>Mon, 2013-07-08 01:01:26 EDT</DateTime><ThumbUp>2</ThumbUp><ThumbDown>1</ThumbDown><Sentiment/></Message><Message type="ReplyMessage"><Id>1373259839367-7</Id><Topic><Title>Making $150hr trading stocks..</Title><Username>stockmr</Username><Timestamp>1366858499702</Timestamp><DateTime>Wed, 2013-04-24 22:54:59 EDT</DateTime></Topic><Msg>wow unbeleivable!</Msg><Username>j_randy58</Username><Timestamp>1373259839367</Timestamp><DateTime>Mon, 2013-07-08 01:03:59 EDT</DateTime><ThumbUp>0</ThumbUp><ThumbDown>1</ThumbDown><Sentiment/></Message><Message type="ReplyMessage"><Id>1373260130968-8</Id><Topic><Title>Asiana crash due to pilot error</Title><Username>brlc.blows3</Username><Timestamp>1373248938582</Timestamp><DateTime>Sun, 2013-07-07 22:02:18 EDT</DateTime></Topic><Msg>Pilots are hired to fly the plane. Ground based guidance is not suppose to be something you need to operate safely.</Msg><Username>libertydies30</Username><Timestamp>1373260130968</Timestamp><DateTime>Mon, 2013-07-08 01:08:50 EDT</DateTime><ThumbUp>3</ThumbUp><ThumbDown>1</ThumbDown><Sentiment/></Message><Message type="ReplyMessage"><Id>1373260539371-9</Id><Topic><Title>James Orrin McKee is the antisemitic poster</Title><Username>darlaleen</Username><Timestamp>1373137652777</Timestamp><DateTime>Sat, 2013-07-06 15:07:32 EDT</DateTime></Topic><Msg>I have done most all of the things I spoke of going to take more than one person to get him off the board.</Msg><Username>darlaleen</Username><Timestamp>1373260539371</Timestamp><DateTime>Mon, 2013-07-08 01:15:39 EDT</DateTime><ThumbUp>0</ThumbUp><ThumbDown>1</ThumbDown><Sentiment/></Message><Message type="ReplyMessage"><Id>1373260558337-10</Id><Topic><Title>Up $5,700 this week...</Title><Username>rogerwalker513</Username><Timestamp>1371784454926</Timestamp><DateTime>Thu, 2013-06-20 23:14:14 EDT</DateTime></Topic><Msg>XFGB</Msg><Username>j_randy58</Username><Timestamp>1373260558337</Timestamp><DateTime>Mon, 2013-07-08 01:15:58 EDT</DateTime><ThumbUp>0</ThumbUp><ThumbDown>2</ThumbDown><Sentiment/></Message><Message type="ReplyMessage"><Id>1373261212271-11</Id><Topic><Title>Up $5,700 this week...</Title><Username>rogerwalker513</Username><Timestamp>1371784454926</Timestamp><DateTime>Thu, 2013-06-20 23:14:14 EDT</DateTime></Topic><Msg>i know ive also heard a lot of good things about explosive alerts i think i wanna look into it. Thanks! sounds like you aren't doing too bad for yourself !</Msg><Username>ericaclark44</Username><Timestamp>1373261212271</Timestamp><DateTime>Mon, 2013-07-08 01:26:52 EDT</DateTime><ThumbUp>0</ThumbUp><ThumbDown>2</ThumbDown><Sentiment/></Message><Message type="ReplyMessage"><Id>1373262037867-12</Id><Topic><Title>Making $150hr trading stocks..</Title><Username>stockmr</Username><Timestamp>1366858499702</Timestamp><DateTime>Wed, 2013-04-24 22:54:59 EDT</DateTime></Topic><Msg>geez thats amazing</Msg><Username>ericaclark44</Username><Timestamp>1373262037867</Timestamp><DateTime>Mon, 2013-07-08 01:40:37 EDT</DateTime><ThumbUp>0</ThumbUp><ThumbDown>1</ThumbDown><Sentiment/></Message><Message type="ReplyMessage"><Id>1373262458211-13</Id><Topic><Title>make 700% every month!</Title><Username>stockmr</Username><Timestamp>1368122132601</Timestamp><DateTime>Thu, 2013-05-09 13:55:32 EDT</DateTime></Topic><Msg>so happy my friend shared explosive alerts with me</Msg><Username>ericaclark44</Username><Timestamp>1373262458211</Timestamp><DateTime>Mon, 2013-07-08 01:47:38 EDT</DateTime><ThumbUp>0</ThumbUp><ThumbDown>1</ThumbDown><Sentiment/></Message><Message type="ReplyMessage"><Id>1373264460453-14</Id><Topic><Title>MONSTER monster profits MONTLY</Title><Username>stockmr</Username><Timestamp>1368250017950</Timestamp><DateTime>Sat, 2013-05-11 01:26:57 EDT</DateTime></Topic><Msg>ravishing indeed !!</Msg><Username>ericaclark44</Username><Timestamp>1373264460453</Timestamp><DateTime>Mon, 2013-07-08 02:21:00 EDT</DateTime><ThumbUp>0</ThumbUp><ThumbDown>1</ThumbDown><Sentiment/></Message><Message type="ReplyMessage"><Id>1373265096328-15</Id><Topic><Title>600% in profit this MONTH!!!</Title><Username>stockmr</Username><Timestamp>1368345047603</Timestamp><DateTime>Sun, 2013-05-12 03:50:47 EDT</DateTime></Topic><Msg>MANI</Msg><Username>ericaclark44</Username><Timestamp>1373265096328</Timestamp><DateTime>Mon, 2013-07-08 02:31:36 EDT</DateTime><ThumbUp>0</ThumbUp><ThumbDown>1</ThumbDown><Sentiment/></Message><Message type="TopicMessage"><Id>1373265993106-16</Id><Title>commodity calls and levels for today</Title><Msg>levels of gold and silver for today S1 25850 R2 25600 R1 26100 R2 26250 S1 39944 S2 39836 R1 40652 R2 40760 MCX Commodity Tips silver tips</Msg><Username>sharma.m2fl</Username><Timestamp>1373265993106</Timestamp><DateTime>Mon, 2013-07-08 02:46:33 EDT</DateTime><ThumbUp>0</ThumbUp><ThumbDown>0</ThumbDown><Sentiment/></Message><Message type="ReplyMessage"><Id>1373288297146-17</Id><Topic><Title>funny thing kerry on the boat celebrating, and now? His wife in critical condition in Hosp</Title><Username>zevoter01</Username><Timestamp>1373246925397</Timestamp><DateTime>Sun, 2013-07-07 21:28:45 EDT</DateTime></Topic><Msg>Well,now, I don't see you stepping up to the plate, you little #$%$.</Msg><Username>aaaa99999999999999999</Username><Timestamp>1373288297146</Timestamp><DateTime>Mon, 2013-07-08 08:58:17 EDT</DateTime><ThumbUp>2</ThumbUp><ThumbDown>0</ThumbDown><Sentiment/></Message><Message type="TopicMessage"><Id>1373288439134-18</Id><Title>come, follow me I will make you fishers of compliements ROFLMFO.</Title><Msg>its cute in the right context and can be a good start to more meaningful interaction but by itself doesn't help enlighten anyone. So anyone want to get an abs together for the Al Bundy Kyle Dube conference on economic and social development?</Msg><Username>spocklovesyou</Username><Timestamp>1373288439134</Timestamp><DateTime>Mon, 2013-07-08 09:00:39 EDT</DateTime><ThumbUp>0</ThumbUp><ThumbDown>2</ThumbDown><Sentiment/></Message><Message type="ReplyMessage"><Id>1373288464943-19</Id><Topic><Title>Asiana crash due to pilot error</Title><Username>brlc.blows3</Username><Timestamp>1373248938582</Timestamp><DateTime>Sun, 2013-07-07 22:02:18 EDT</DateTime></Topic><Msg>American economic crash due to presidential election error!!</Msg><Username>starkdirt</Username><Timestamp>1373288464943</Timestamp><DateTime>Mon, 2013-07-08 09:01:04 EDT</DateTime><ThumbUp>4</ThumbUp><ThumbDown>2</ThumbDown><Sentiment/></Message><Message type="ReplyMessage"><Id>1373288656541-20</Id><Topic><Title>Solution to the problem in Egypt : They want a new Muslim leader, Give them ours.</Title><Username>zevoter01</Username><Timestamp>1373247634305</Timestamp><DateTime>Sun, 2013-07-07 21:40:34 EDT</DateTime></Topic><Msg>They wouldn't want Obama ..... they know he hates the military!!</Msg><Username>starkdirt</Username><Timestamp>1373288656541</Timestamp><DateTime>Mon, 2013-07-08 09:04:16 EDT</DateTime><ThumbUp>3</ThumbUp><ThumbDown>0</ThumbDown><Sentiment/></Message><Message type="ReplyMessage"><Id>1373289170500-21</Id><Topic><Title>Asiana crash due to pilot error</Title><Username>brlc.blows3</Username><Timestamp>1373248938582</Timestamp><DateTime>Sun, 2013-07-07 22:02:18 EDT</DateTime></Topic><Msg>It looks like (of course) it's pilot error. It's a complicated affair flying a heavy; one which by your inanity shows you are clueless about. It has nothing to do with being Asian.</Msg><Username>highlowsel</Username><Timestamp>1373289170500</Timestamp><DateTime>Mon, 2013-07-08 09:12:50 EDT</DateTime><ThumbUp>1</ThumbUp><ThumbDown>0</ThumbDown><Sentiment/></Message><Message type="ReplyMessage"><Id>1373289386523-22</Id><Topic><Title>Asiana crash due to pilot error</Title><Username>brlc.blows3</Username><Timestamp>1373248938582</Timestamp><DateTime>Sun, 2013-07-07 22:02:18 EDT</DateTime></Topic><Msg>s. korean as I remember.</Msg><Username>amazing.donut</Username><Timestamp>1373289386523</Timestamp><DateTime>Mon, 2013-07-08 09:16:26 EDT</DateTime><ThumbUp>1</ThumbUp><ThumbDown>1</ThumbDown><Sentiment/></Message><Message type="ReplyMessage"><Id>1373289522525-23</Id><Topic><Title>Solution to the problem in Egypt : They want a new Muslim leader, Give them ours.</Title><Username>zevoter01</Username><Timestamp>1373247634305</Timestamp><DateTime>Sun, 2013-07-07 21:40:34 EDT</DateTime></Topic><Msg>Typical low-level dem response. You don't reflect well on your party, son.</Msg><Username>amazing.donut</Username><Timestamp>1373289522525</Timestamp><DateTime>Mon, 2013-07-08 09:18:42 EDT</DateTime><ThumbUp>1</ThumbUp><ThumbDown>0</ThumbDown><Sentiment>Hold</Sentiment></Message><Message type="TopicMessage"><Id>1373289565095-24</Id><Title>Hey, Did anyone see any WMD's around here? We cant find them.</Title><Msg>Let me know...</Msg><Username>dubbyaworstever</Username><Timestamp>1373289565095</Timestamp><DateTime>Mon, 2013-07-08 09:19:25 EDT</DateTime><ThumbUp>0</ThumbUp><ThumbDown>0</ThumbDown><Sentiment/></Message><Message type="ReplyMessage"><Id>1373289640689-25</Id><Topic><Title>come, follow me I will make you fishers of compliements ROFLMFO.</Title><Username>spocklovesyou</Username><Timestamp>1373288439134</Timestamp><DateTime>Mon, 2013-07-08 09:00:39 EDT</DateTime></Topic><Msg>Where is Snowden today? Bolivia? Circus Circus RV park?</Msg><Username>vieweroutrage</Username><Timestamp>1373289640689</Timestamp><DateTime>Mon, 2013-07-08 09:20:40 EDT</DateTime><ThumbUp>0</ThumbUp><ThumbDown>2</ThumbDown><Sentiment/></Message><Message type="ReplyMessage"><Id>1373289707805-26</Id><Topic><Title>leftist obama has increased Americas debt more than all prez's combined</Title><Username>drwstring</Username><Timestamp>1373257874552</Timestamp><DateTime>Mon, 2013-07-08 00:31:14 EDT</DateTime></Topic><Msg>Well I never!!!!!!!!!</Msg><Username>amazing.donut</Username><Timestamp>1373289707805</Timestamp><DateTime>Mon, 2013-07-08 09:21:47 EDT</DateTime><ThumbUp>2</ThumbUp><ThumbDown>1</ThumbDown><Sentiment>Strong Sell</Sentiment></Message><Message type="TopicMessage"><Id>1373289821815-27</Id><Title>Obamacare</Title><Msg>Americans know that obamacare = 1) higher premiums; 2) higher taxes; 3) worse quality of care/longer lines; 4) fewer doctors; 5) higher unemployment rates and more employees going to part-time status; 6) fewer drug and medical device innovations; 7) more complex paperwork and bureaucracy; 8) less personal freedom and more government spying/access to records; 9) exploding deficits; and 10) still overwhelmingly unpopular in every poll taken with the American people since 2009.</Msg><Username>amazing.donut</Username><Timestamp>1373289821815</Timestamp><DateTime>Mon, 2013-07-08 09:23:41 EDT</DateTime><ThumbUp>10</ThumbUp><ThumbDown>3</ThumbDown><Sentiment>Sell</Sentiment></Message><Message type="TopicMessage"><Id>1373291195569-28</Id><Title>Isn,t July 8th today the day the judge rules on $8.5bl settlement. Read that AIG shoot self in foot.</Title><Msg>With 93% in favor of settlement I would think would be approved by judge.</Msg><Username>felizhora99</Username><Timestamp>1373291195569</Timestamp><DateTime>Mon, 2013-07-08 09:46:35 EDT</DateTime><ThumbUp>2</ThumbUp><ThumbDown>0</ThumbDown><Sentiment>Strong Buy</Sentiment></Message><Message type="TopicMessage"><Id>1373291238948-29</Id><Title>Breaking News BISU -- DIABETES CURE!!</Title><Msg>MONSTER NEWS!</Msg><Username>tedsmith912</Username><Timestamp>1373291238948</Timestamp><DateTime>Mon, 2013-07-08 09:47:18 EDT</DateTime><ThumbUp>0</ThumbUp><ThumbDown>0</ThumbDown><Sentiment/></Message><Message type="ReplyMessage"><Id>1373291347294-30</Id><Topic><Title>Obamacare</Title><Username>amazing.donut</Username><Timestamp>1373289821815</Timestamp><DateTime>Mon, 2013-07-08 09:23:41 EDT</DateTime></Topic><Msg>Now libertylies will call you a racist to point out so well the failure called obama</Msg><Username>zevoter01</Username><Timestamp>1373291347294</Timestamp><DateTime>Mon, 2013-07-08 09:49:07 EDT</DateTime><ThumbUp>5</ThumbUp><ThumbDown>4</ThumbDown><Sentiment/></Message><Message type="ReplyMessage"><Id>1373291511190-31</Id><Topic><Title>Asiana crash due to pilot error</Title><Username>brlc.blows3</Username><Timestamp>1373248938582</Timestamp><DateTime>Sun, 2013-07-07 22:02:18 EDT</DateTime></Topic><Msg>Libertylies goes the extra mile despite every report to be obtuse. Facts are facts, the pilots were Asian ( which has nothing to do with their performance) but libertylies has the comprehension of a maggot.</Msg><Username>zevoter01</Username><Timestamp>1373291511190</Timestamp><DateTime>Mon, 2013-07-08 09:51:51 EDT</DateTime><ThumbUp>1</ThumbUp><ThumbDown>4</ThumbDown><Sentiment/></Message><Message type="ReplyMessage"><Id>1373291560828-32</Id><Topic><Title>Asiana crash due to pilot error</Title><Username>brlc.blows3</Username><Timestamp>1373248938582</Timestamp><DateTime>Sun, 2013-07-07 22:02:18 EDT</DateTime></Topic><Msg>Obama has had the country turned off since Jan 09</Msg><Username>zevoter01</Username><Timestamp>1373291560828</Timestamp><DateTime>Mon, 2013-07-08 09:52:40 EDT</DateTime><ThumbUp>2</ThumbUp><ThumbDown>3</ThumbDown><Sentiment/></Message><Message type="ReplyMessage"><Id>1373291714257-33</Id><Topic><Title>funny thing kerry on the boat celebrating, and now? His wife in critical condition in Hosp</Title><Username>zevoter01</Username><Timestamp>1373246925397</Timestamp><DateTime>Sun, 2013-07-07 21:28:45 EDT</DateTime></Topic><Msg>Are you telling us that somehow we are to believe that democraps have class? I think you mean the democraps struggle to start class warfare.</Msg><Username>zevoter01</Username><Timestamp>1373291714257</Timestamp><DateTime>Mon, 2013-07-08 09:55:14 EDT</DateTime><ThumbUp>1</ThumbUp><ThumbDown>3</ThumbDown><Sentiment/></Message><Message type="TopicMessage"><Id>1373291882553-34</Id><Title>Settlement hearing...</Title><Msg>...resumes today. Even if not approved, downside risk should not be that much. It's not as if another $60bln suddenly becomes due. The worst that would happen is re-negotiate. More time, more uncertainty, more legal expense. Nothing new for BofA. Approval not a slam-dunk, but am hopeful.</Msg><Username>jaymiller474</Username><Timestamp>1373291882553</Timestamp><DateTime>Mon, 2013-07-08 09:58:02 EDT</DateTime><ThumbUp>0</ThumbUp><ThumbDown>0</ThumbDown><Sentiment/></Message><Message type="ReplyMessage"><Id>1373292175058-35</Id><Topic><Title>leftist obama has increased Americas debt more than all prez's combined</Title><Username>drwstring</Username><Timestamp>1373257874552</Timestamp><DateTime>Mon, 2013-07-08 00:31:14 EDT</DateTime></Topic><Msg>That's a fact if the definition of fact is a lie. Per usual, your math needs a little work. If the debt was almost 11 trillion when he started, and now is 16 trillion, how has he increased it more than all president' combined? Take your time with this one.</Msg><Username>the_new_dfk</Username><Timestamp>1373292175058</Timestamp><DateTime>Mon, 2013-07-08 10:02:55 EDT</DateTime><ThumbUp>1</ThumbUp><ThumbDown>1</ThumbDown><Sentiment/></Message><Message type="TopicMessage"><Id>1373292309180-36</Id><Title>Idiot conservatives post inane insults to Obama all day long here, while the far more intelligent liberals actually RUN AMERICA</Title><Msg>Idiot conservatives post inane insults to Obama all day long here, while the far more intelligent liberals actually RUN AMERICA! Yes we are in charge and you hate it don't you, idiot conservatives?</Msg><Username>doctrricardo</Username><Timestamp>1373292309180</Timestamp><DateTime>Mon, 2013-07-08 10:05:09 EDT</DateTime><ThumbUp>3</ThumbUp><ThumbDown>3</ThumbDown><Sentiment/></Message><Message type="TopicMessage"><Id>1373292681052-37</Id><Title>Remember when G W Bush bailed out BOA with billions of borrowed US taxpayer dollars ?</Title><Msg>Not to mention the rest of the Wall Street Banksters !</Msg><Username>dubbyaworstever</Username><Timestamp>1373292681052</Timestamp><DateTime>Mon, 2013-07-08 10:11:21 EDT</DateTime><ThumbUp>0</ThumbUp><ThumbDown>2</ThumbDown><Sentiment/></Message><Message type="ReplyMessage"><Id>1373292923690-38</Id><Topic><Title>leftist obama has increased Americas debt more than all prez's combined</Title><Username>drwstring</Username><Timestamp>1373257874552</Timestamp><DateTime>Mon, 2013-07-08 00:31:14 EDT</DateTime></Topic><Msg>For all the thumbs up devotees of the mentally ill drwstring, this statement is not accurate. While the debt has been increased a lot under Obama, his assertion (lie) that Obama has increased it more than all presidents combined is wrong. When Obama took over it was almost 11 trillion. Unless it is 23 trillion or higher right now, drwstring is lying once again. Um, yeah, drwstring is lying once again....</Msg><Username>stoprevisinghistory</Username><Timestamp>1373292923690</Timestamp><DateTime>Mon, 2013-07-08 10:15:23 EDT</DateTime><ThumbUp>1</ThumbUp><ThumbDown>1</ThumbDown><Sentiment/></Message><Message type="ReplyMessage"><Id>1373293130143-39</Id><Topic><Title>leftist obama has increased Americas debt more than all prez's combined</Title><Username>drwstring</Username><Timestamp>1373257874552</Timestamp><DateTime>Mon, 2013-07-08 00:31:14 EDT</DateTime></Topic><Msg>More lies from dumbstring. The fun never ends...</Msg><Username>the_new_dfk</Username><Timestamp>1373293130143</Timestamp><DateTime>Mon, 2013-07-08 10:18:50 EDT</DateTime><ThumbUp>1</ThumbUp><ThumbDown>1</ThumbDown><Sentiment/></Message><Message type="TopicMessage"><Id>1373294158226-40</Id><Title>amazon sales booming BISU..DIABETES</Title><Msg>NICE</Msg><Username>j.davis497</Username><Timestamp>1373294158226</Timestamp><DateTime>Mon, 2013-07-08 10:35:58 EDT</DateTime><ThumbUp>0</ThumbUp><ThumbDown>0</ThumbDown><Sentiment/></Message><Message type="ReplyMessage"><Id>1373294167485-41</Id><Topic><Title>Obamacare</Title><Username>amazing.donut</Username><Timestamp>1373289821815</Timestamp><DateTime>Mon, 2013-07-08 09:23:41 EDT</DateTime></Topic><Msg>Why don't these idiot libs tell people how great idiot care is they swoon at every thing else dear leader says?</Msg><Username>bullbarrell</Username><Timestamp>1373294167485</Timestamp><DateTime>Mon, 2013-07-08 10:36:07 EDT</DateTime><ThumbUp>6</ThumbUp><ThumbDown>4</ThumbDown><Sentiment/></Message><Message type="ReplyMessage"><Id>1373294621311-42</Id><Topic><Title>Asiana crash due to pilot error</Title><Username>brlc.blows3</Username><Timestamp>1373248938582</Timestamp><DateTime>Sun, 2013-07-07 22:02:18 EDT</DateTime></Topic><Msg>The pilot was korean with 44 hours in the 777. The instructor on board was also K</Msg><Username>libertydies30</Username><Timestamp>1373294621311</Timestamp><DateTime>Mon, 2013-07-08 10:43:41 EDT</DateTime><ThumbUp>0</ThumbUp><ThumbDown>1</ThumbDown><Sentiment/></Message><Message type="TopicMessage"><Id>1373295232829-43</Id><Title>Analysts lowering S&amp;P expectations so low....that it will be easy to beat....but is that good if EPS are lower for stocks???</Title><Msg>"The headwinds are enormous, even if you have good earnings, and I don't think we're going to," he says, "so it's hard to see how you have a really rosy earnings season." And he's not alone. In a note client this morning, Knight Capital's Peter Kenny writes that the upcoming profit parade will beat lowered expectations but will hardly be "a barn burner." And FactSet earnings analyst John Butters pegs growth expectations for the S&amp;P 500 this quarter at 0.7% now, down from 4.2% at the start of the quarter. Also set to hinder further gains, Dempsey says, is the fact that all-important guidance is likely to be very subdued in the face rising interest rates, fuel prices and uncertainty. "The market is wringing out inflation expectations everywhere," he says, "so if there are no inflationary expectations, than earnings by definition should be lower."</Msg><Username>buffetmunger</Username><Timestamp>1373295232829</Timestamp><DateTime>Mon, 2013-07-08 10:53:52 EDT</DateTime><ThumbUp>0</ThumbUp><ThumbDown>0</ThumbDown><Sentiment/></Message><Message type="TopicMessage"><Id>1373295545587-44</Id><Title>With the "J Shares" getting called in on 8/1, does anyone have a symble for another</Title><Msg>BAC preferred stock?</Msg><Username>saiani</Username><Timestamp>1373295545587</Timestamp><DateTime>Mon, 2013-07-08 10:59:05 EDT</DateTime><ThumbUp>0</ThumbUp><ThumbDown>0</ThumbDown><Sentiment/></Message><Message type="ReplyMessage"><Id>1373297843076-45</Id><Topic><Title>101 students and chaperones kicked off a Airtran plane</Title><Username>barry_bonds_64</Username><Timestamp>1373297777778</Timestamp><DateTime>Mon, 2013-07-08 11:36:17 EDT</DateTime></Topic><Msg>Animals.</Msg><Username>pat_buchanan101</Username><Timestamp>1373297843076</Timestamp><DateTime>Mon, 2013-07-08 11:37:23 EDT</DateTime><ThumbUp>3</ThumbUp><ThumbDown>2</ThumbDown><Sentiment/></Message><Message type="ReplyMessage"><Id>1373297885789-46</Id><Topic><Title>Obamacare</Title><Username>amazing.donut</Username><Timestamp>1373289821815</Timestamp><DateTime>Mon, 2013-07-08 09:23:41 EDT</DateTime></Topic><Msg>No he won't. He's afraid of me. They all are.</Msg><Username>amazing.donut</Username><Timestamp>1373297885789</Timestamp><DateTime>Mon, 2013-07-08 11:38:05 EDT</DateTime><ThumbUp>4</ThumbUp><ThumbDown>2</ThumbDown><Sentiment>Hold</Sentiment></Message><Message type="ReplyMessage"><Id>1373298203001-47</Id><Topic><Title>Asiana crash due to pilot error</Title><Username>brlc.blows3</Username><Timestamp>1373248938582</Timestamp><DateTime>Sun, 2013-07-07 22:02:18 EDT</DateTime></Topic><Msg>that explains why they have lights and painted lanes on airport runways</Msg><Username>sydneylocks</Username><Timestamp>1373298203001</Timestamp><DateTime>Mon, 2013-07-08 11:43:23 EDT</DateTime><ThumbUp>0</ThumbUp><ThumbDown>1</ThumbDown><Sentiment/></Message><Message type="ReplyMessage"><Id>1373298803540-48</Id><Topic><Title>Isn,t July 8th today the day the judge rules on $8.5bl settlement. Read that AIG shoot self in foot.</Title><Username>felizhora99</Username><Timestamp>1373291195569</Timestamp><DateTime>Mon, 2013-07-08 09:46:35 EDT</DateTime></Topic><Msg>I'm not aware of the judge having yet announced any specific date for her to deliver her ruling.</Msg><Username>tigger.redux</Username><Timestamp>1373298803540</Timestamp><DateTime>Mon, 2013-07-08 11:53:23 EDT</DateTime><ThumbUp>1</ThumbUp><ThumbDown>0</ThumbDown><Sentiment/></Message><Message type="ReplyMessage"><Id>1373299194650-49</Id><Topic><Title>LOAD UP MORE BAC, PREPARE FOR AFTER SETTLEMENT</Title><Username>albertliu38</Username><Timestamp>1373051642325</Timestamp><DateTime>Fri, 2013-07-05 15:14:02 EDT</DateTime></Topic><Msg>Last chance to buy it chaep. motley fool said today two reasons bac will skyrocket up.</Msg><Username>albertliu38</Username><Timestamp>1373299194650</Timestamp><DateTime>Mon, 2013-07-08 11:59:54 EDT</DateTime><ThumbUp>1</ThumbUp><ThumbDown>0</ThumbDown><Sentiment>Strong Buy</Sentiment></Message><Message type="ReplyMessage"><Id>1373300658658-50</Id><Topic><Title>LOAD UP MORE BAC, PREPARE FOR AFTER SETTLEMENT</Title><Username>albertliu38</Username><Timestamp>1373051642325</Timestamp><DateTime>Fri, 2013-07-05 15:14:02 EDT</DateTime></Topic><Msg>Don't know if it's the last chance but given the favorable environment for banks BAC should start moving up. Let's see what happens with their earnings report.</Msg><Username>retiredarmyjoe</Username><Timestamp>1373300658658</Timestamp><DateTime>Mon, 2013-07-08 12:24:18 EDT</DateTime><ThumbUp>2</ThumbUp><ThumbDown>0</ThumbDown><Sentiment/></Message><Message type="ReplyMessage"><Id>1373300847287-51</Id><Topic><Title>Obamacare</Title><Username>amazing.donut</Username><Timestamp>1373289821815</Timestamp><DateTime>Mon, 2013-07-08 09:23:41 EDT</DateTime></Topic><Msg>Especially possums...</Msg><Username>jhitcher2011</Username><Timestamp>1373300847287</Timestamp><DateTime>Mon, 2013-07-08 12:27:27 EDT</DateTime><ThumbUp>1</ThumbUp><ThumbDown>1</ThumbDown><Sentiment/></Message><Message type="ReplyMessage"><Id>1373301019873-52</Id><Topic><Title>LOAD UP MORE BAC, PREPARE FOR AFTER SETTLEMENT</Title><Username>albertliu38</Username><Timestamp>1373051642325</Timestamp><DateTime>Fri, 2013-07-05 15:14:02 EDT</DateTime></Topic><Msg>"When pigs fly" Yes, this pig WILL fly..$15 ?? When ??</Msg><Username>pentomic</Username><Timestamp>1373301019873</Timestamp><DateTime>Mon, 2013-07-08 12:30:19 EDT</DateTime><ThumbUp>1</ThumbUp><ThumbDown>0</ThumbDown><Sentiment>Strong Buy</Sentiment></Message><Message type="TopicMessage"><Id>1373301846265-53</Id><Title>$13.13 velly velly bad feng shuei Joe</Title><Msg>two 13s is bad mojo for feung shuei Joe. Velly velly bad ruck</Msg><Username>n_literd_1</Username><Timestamp>1373301846265</Timestamp><DateTime>Mon, 2013-07-08 12:44:06 EDT</DateTime><ThumbUp>0</ThumbUp><ThumbDown>2</ThumbDown><Sentiment/></Message><Message type="ReplyMessage"><Id>1373302661726-54</Id><Topic><Title>come, follow me I will make you fishers of compliements ROFLMFO.</Title><Username>spocklovesyou</Username><Timestamp>1373288439134</Timestamp><DateTime>Mon, 2013-07-08 09:00:39 EDT</DateTime></Topic><Msg>Shopping for a new home to provide financial security to himself and Lindsay? ROFLMFO.</Msg><Username>spocklovesyou</Username><Timestamp>1373302661726</Timestamp><DateTime>Mon, 2013-07-08 12:57:41 EDT</DateTime><ThumbUp>0</ThumbUp><ThumbDown>2</ThumbDown><Sentiment/></Message><Message type="ReplyMessage"><Id>1373302749287-55</Id><Topic><Title>Asiana crash due to pilot error</Title><Username>brlc.blows3</Username><Timestamp>1373248938582</Timestamp><DateTime>Sun, 2013-07-07 22:02:18 EDT</DateTime></Topic><Msg>Where is fish2kill theonly person who has been close to the business end of a plane? I take it this qualifies as controlled flight into terrain? Welcome to the human network. ROFLMFO.</Msg><Username>spocklovesyou</Username><Timestamp>1373302749287</Timestamp><DateTime>Mon, 2013-07-08 12:59:09 EDT</DateTime><ThumbUp>0</ThumbUp><ThumbDown>1</ThumbDown><Sentiment/></Message><Message type="ReplyMessage"><Id>1373302758844-56</Id><Topic><Title>LOAD UP MORE BAC, PREPARE FOR AFTER SETTLEMENT</Title><Username>albertliu38</Username><Timestamp>1373051642325</Timestamp><DateTime>Fri, 2013-07-05 15:14:02 EDT</DateTime></Topic><Msg>Bac went up double in 2012 because of its high growth rate. high growth is for sure because saving from legal fees, saving from dividend payout for preferred stock, and saving from overhead cutting. 4/17/13 on earing reports are expected.</Msg><Username>albertliu38</Username><Timestamp>1373302758844</Timestamp><DateTime>Mon, 2013-07-08 12:59:18 EDT</DateTime><ThumbUp>1</ThumbUp><ThumbDown>0</ThumbDown><Sentiment/></Message><Message type="ReplyMessage"><Id>1373303140525-57</Id><Topic><Title>Isn,t July 8th today the day the judge rules on $8.5bl settlement. Read that AIG shoot self in foot.</Title><Username>felizhora99</Username><Timestamp>1373291195569</Timestamp><DateTime>Mon, 2013-07-08 09:46:35 EDT</DateTime></Topic><Msg>Look at BAC quote and go lower on page to headlines and you will see judge info.</Msg><Username>catspaw33129</Username><Timestamp>1373303140525</Timestamp><DateTime>Mon, 2013-07-08 13:05:40 EDT</DateTime><ThumbUp>0</ThumbUp><ThumbDown>0</ThumbDown><Sentiment>Strong Buy</Sentiment></Message><Message type="TopicMessage"><Id>1373303732439-58</Id><Title>SO...IS IT FINALLY GREEN LIGHT FOR DIVY INCREASE??? THE RAISED ALL THEIR RATES TODAY.</Title><Msg>EOM</Msg><Username>greatestideaman</Username><Timestamp>1373303732439</Timestamp><DateTime>Mon, 2013-07-08 13:15:32 EDT</DateTime><ThumbUp>0</ThumbUp><ThumbDown>0</ThumbDown><Sentiment/></Message><Message type="ReplyMessage"><Id>1373304048703-59</Id><Topic><Title>$13.13 velly velly bad feng shuei Joe</Title><Username>n_literd_1</Username><Timestamp>1373301846265</Timestamp><DateTime>Mon, 2013-07-08 12:44:06 EDT</DateTime></Topic><Msg>feng shuei no lie Joe, you see, velly velly bad numba fo BAC Joe. Bac trip fall on 13.13</Msg><Username>caplain_nobull1</Username><Timestamp>1373304048703</Timestamp><DateTime>Mon, 2013-07-08 13:20:48 EDT</DateTime><ThumbUp>0</ThumbUp><ThumbDown>1</ThumbDown><Sentiment/></Message><Message type="TopicMessage"><Id>1373304184529-60</Id><Title>George W. Bush drove America just like that Asiana pilot!</Title><Msg>Bush drove America right into a sea wall just like that Asiana pilot! Thankfully, God sent His second begotten Son, to save America from the Bush Depression!</Msg><Username>abdulshallam</Username><Timestamp>1373304184529</Timestamp><DateTime>Mon, 2013-07-08 13:23:04 EDT</DateTime><ThumbUp>5</ThumbUp><ThumbDown>4</ThumbDown><Sentiment/></Message><Message type="TopicMessage"><Id>1373304429153-61</Id><Title>LTS in full blown breakout mode NOW</Title><Msg>prosper</Msg><Username>colbatana</Username><Timestamp>1373304429153</Timestamp><DateTime>Mon, 2013-07-08 13:27:09 EDT</DateTime><ThumbUp>0</ThumbUp><ThumbDown>0</ThumbDown><Sentiment/></Message><Message type="ReplyMessage"><Id>1373304911166-62</Id><Topic><Title>Idiot conservatives post inane insults to Obama all day long here, while the far more intelligent liberals actually RUN AMERICA</Title><Username>doctrricardo</Username><Timestamp>1373292309180</Timestamp><DateTime>Mon, 2013-07-08 10:05:09 EDT</DateTime></Topic><Msg>Iz yo name Al Fatazzz Sharpton, by any chance ?</Msg><Username>pentomic</Username><Timestamp>1373304911166</Timestamp><DateTime>Mon, 2013-07-08 13:35:11 EDT</DateTime><ThumbUp>2</ThumbUp><ThumbDown>0</ThumbDown><Sentiment/></Message><Message type="ReplyMessage"><Id>1373305381049-63</Id><Topic><Title>LOAD UP MORE BAC, PREPARE FOR AFTER SETTLEMENT</Title><Username>albertliu38</Username><Timestamp>1373051642325</Timestamp><DateTime>Fri, 2013-07-05 15:14:02 EDT</DateTime></Topic><Msg>To those following the various lawsuits: BAC has a pretty strong card left in its hand. Most of these lawsuits have been brought against Country Wide, which is a wholly-owned subsidiary of BAC. If any of the plaintiffs get too greedy, BAC can take Country Wide into bankruptcy. BAC's maximum exposure is its investment in Country Wide.</Msg><Username>needaclue7</Username><Timestamp>1373305381049</Timestamp><DateTime>Mon, 2013-07-08 13:43:01 EDT</DateTime><ThumbUp>1</ThumbUp><ThumbDown>0</ThumbDown><Sentiment/></Message><Message type="TopicMessage"><Id>1373305543299-64</Id><Title>SOLD IT ALL...THIS IS THE TOP BOYS AND GIRLS</Title><Msg>THANKS FOR THE CASH</Msg><Username>theshortestshort</Username><Timestamp>1373305543299</Timestamp><DateTime>Mon, 2013-07-08 13:45:43 EDT</DateTime><ThumbUp>0</ThumbUp><ThumbDown>2</ThumbDown><Sentiment/></Message><Message type="ReplyMessage"><Id>1373305747516-65</Id><Topic><Title>come, follow me I will make you fishers of compliements ROFLMFO.</Title><Username>spocklovesyou</Username><Timestamp>1373288439134</Timestamp><DateTime>Mon, 2013-07-08 09:00:39 EDT</DateTime></Topic><Msg>The Snowman has taken refuge in the only country where America's political clout is completely absent - Egypt ROTFLMAO. He's holed up at the Muslim Brotherhood's headquarters in Cairo. But who cares? Look! Up in the sky above the Circus Circus RV Parking Lot and Radial Tire Barbecue! It's a bird.....it's a plane....no, it's more than a plane, it's a gleaming 1934 Beechcraft Model 17 Staggerwing, sporting Egyptian Air Force markings over a fresh desert camouflage paint job, its upgraded 750 hp radial bellowing like The Donald berating an intern or Steve Wynn touting a new casino as the big bird hangs on its prop (a maneuver the handsome, wind-tossled pilot can now execute without popping every vein and tendon in his bronzed, muscular forearms thanks to the ease of pitch control afforded by a recent fuselage extension modification.) The Man of Steel would rather order a kryptonite sandwich than try to hang with the Flying Fish now. As he surveys the lot and plots his landing approach, the heat waves shimmering above the lot serve notice to our intrepid airman that the air density is quite low over the asphalt jungle today due to sustained, elevated temperatures, a scenario painfully reminiscent of conditions over the Utah Day Care Center on the afternoon of The Great Staggerwing Air Disaster/Zero-runout Landing Demonstration of 2012. Say, would you mind gauging the wind direction for me and clearing a swath of terra firma of Vagabonds and Wanderers and Bounders? And maybe drop that row of palms on the south side of the lot while you're at it? And by any chance did you happen to pick up carrier-landing flag signals from one of your passengers during your stint as a chem-flight stewardess/mixologist? Ah, never mind, I got this ...... Now don't you ever, feel sad Just lean on me, when times are bad When the attendees come, and you're about to drown In their river of BS, I'll set my Staggerwing down (ROTFLMAO) Just hold on, I'm comin'! Hold on, I'm comin'!</Msg><Username>fish2kill</Username><Timestamp>1373305747516</Timestamp><DateTime>Mon, 2013-07-08 13:49:07 EDT</DateTime><ThumbUp>0</ThumbUp><ThumbDown>2</ThumbDown><Sentiment/></Message><Message type="ReplyMessage"><Id>1373306129833-66</Id><Topic><Title>George W. Bush drove America just like that Asiana pilot!</Title><Username>abdulshallam</Username><Timestamp>1373304184529</Timestamp><DateTime>Mon, 2013-07-08 13:23:04 EDT</DateTime></Topic><Msg>You may just be correct. I believe in Him.</Msg><Username>therevmelvinbrutus</Username><Timestamp>1373306129833</Timestamp><DateTime>Mon, 2013-07-08 13:55:29 EDT</DateTime><ThumbUp>0</ThumbUp><ThumbDown>3</ThumbDown><Sentiment/></Message><Message type="TopicMessage"><Id>1373307394633-67</Id><Title>AIG is going to settle</Title><Msg>They are the carrier for the Boeing 777plan that went down this week end in San Fran.........</Msg><Username>annett_sit_stain</Username><Timestamp>1373307394633</Timestamp><DateTime>Mon, 2013-07-08 14:16:34 EDT</DateTime><ThumbUp>0</ThumbUp><ThumbDown>0</ThumbDown><Sentiment/></Message><Message type="TopicMessage"><Id>1373307811797-68</Id><Title>AIG will not settle 10B min it will cost BAC</Title><Msg>And The courts will not allow 8.5Bill as a settlement Lolololol Too many need to be PD for BAC mistakes</Msg><Username>neffrocker</Username><Timestamp>1373307811797</Timestamp><DateTime>Mon, 2013-07-08 14:23:31 EDT</DateTime><ThumbUp>0</ThumbUp><ThumbDown>4</ThumbDown><Sentiment>Strong Sell</Sentiment></Message><Message type="ReplyMessage"><Id>1373308186892-69</Id><Topic><Title>AIG will not settle 10B min it will cost BAC</Title><Username>neffrocker</Username><Timestamp>1373307811797</Timestamp><DateTime>Mon, 2013-07-08 14:23:31 EDT</DateTime></Topic><Msg>you dope....I spose your sitting next to the judge....right......well their gonna settle ....they need 100 million...their slice of the pie for the insurance......</Msg><Username>annett_sit_stain</Username><Timestamp>1373308186892</Timestamp><DateTime>Mon, 2013-07-08 14:29:46 EDT</DateTime><ThumbUp>0</ThumbUp><ThumbDown>2</ThumbDown><Sentiment/></Message><Message type="ReplyMessage"><Id>1373308418638-70</Id><Topic><Title>AIG will not settle 10B min it will cost BAC</Title><Username>neffrocker</Username><Timestamp>1373307811797</Timestamp><DateTime>Mon, 2013-07-08 14:23:31 EDT</DateTime></Topic><Msg>hey nutcracker look at the news on AIG it corresponds to the pps increase on BAC........Stooge!!</Msg><Username>annett_sit_stain</Username><Timestamp>1373308418638</Timestamp><DateTime>Mon, 2013-07-08 14:33:38 EDT</DateTime><ThumbUp>2</ThumbUp><ThumbDown>0</ThumbDown><Sentiment/></Message><Message type="ReplyMessage"><Id>1373309181791-71</Id><Topic><Title>SOLD IT ALL...THIS IS THE TOP BOYS AND GIRLS</Title><Username>theshortestshort</Username><Timestamp>1373305543299</Timestamp><DateTime>Mon, 2013-07-08 13:45:43 EDT</DateTime></Topic><Msg>Ohhhhhhh......and you could have done so much better if you had just held another hour. You don't have my money.</Msg><Username>bac_or_bust</Username><Timestamp>1373309181791</Timestamp><DateTime>Mon, 2013-07-08 14:46:21 EDT</DateTime><ThumbUp>2</ThumbUp><ThumbDown>0</ThumbDown><Sentiment/></Message><Message type="ReplyMessage"><Id>1373309235364-72</Id><Topic><Title>SOLD IT ALL...THIS IS THE TOP BOYS AND GIRLS</Title><Username>theshortestshort</Username><Timestamp>1373305543299</Timestamp><DateTime>Mon, 2013-07-08 13:45:43 EDT</DateTime></Topic><Msg>Hilarious that you called the top just before it took off.</Msg><Username>whbog</Username><Timestamp>1373309235364</Timestamp><DateTime>Mon, 2013-07-08 14:47:15 EDT</DateTime><ThumbUp>2</ThumbUp><ThumbDown>0</ThumbDown><Sentiment/></Message><Message type="ReplyMessage"><Id>1373309369987-73</Id><Topic><Title>Idiot conservatives post inane insults to Obama all day long here, while the far more intelligent liberals actually RUN AMERICA</Title><Username>doctrricardo</Username><Timestamp>1373292309180</Timestamp><DateTime>Mon, 2013-07-08 10:05:09 EDT</DateTime></Topic><Msg>Yep .... LIBERALS are actually RUNNING AMERICA INTO THE GROUND!!</Msg><Username>starkdirt</Username><Timestamp>1373309369987</Timestamp><DateTime>Mon, 2013-07-08 14:49:29 EDT</DateTime><ThumbUp>1</ThumbUp><ThumbDown>1</ThumbDown><Sentiment/></Message><Message type="ReplyMessage"><Id>1373309546441-74</Id><Topic><Title>Obamacare</Title><Username>amazing.donut</Username><Timestamp>1373289821815</Timestamp><DateTime>Mon, 2013-07-08 09:23:41 EDT</DateTime></Topic><Msg>President already exempt from ObamaCare. Debbie Blabbermouth Schultz working to have Congress and its staff exempted too!!</Msg><Username>starkdirt</Username><Timestamp>1373309546441</Timestamp><DateTime>Mon, 2013-07-08 14:52:26 EDT</DateTime><ThumbUp>4</ThumbUp><ThumbDown>3</ThumbDown><Sentiment/></Message><Message type="ReplyMessage"><Id>1373309604031-75</Id><Topic><Title>Idiot conservatives post inane insults to Obama all day long here, while the far more intelligent liberals actually RUN AMERICA</Title><Username>doctrricardo</Username><Timestamp>1373292309180</Timestamp><DateTime>Mon, 2013-07-08 10:05:09 EDT</DateTime></Topic><Msg>Coming straight from the Black House, I mean White House</Msg><Username>jld2734</Username><Timestamp>1373309604031</Timestamp><DateTime>Mon, 2013-07-08 14:53:24 EDT</DateTime><ThumbUp>1</ThumbUp><ThumbDown>1</ThumbDown><Sentiment/></Message><Message type="ReplyMessage"><Id>1373309677230-76</Id><Topic><Title>SOLD IT ALL...THIS IS THE TOP BOYS AND GIRLS</Title><Username>theshortestshort</Username><Timestamp>1373305543299</Timestamp><DateTime>Mon, 2013-07-08 13:45:43 EDT</DateTime></Topic><Msg>all of it.............the whole 100 shares.......don't spend it all in one place.....</Msg><Username>annett_sit_stain</Username><Timestamp>1373309677230</Timestamp><DateTime>Mon, 2013-07-08 14:54:37 EDT</DateTime><ThumbUp>1</ThumbUp><ThumbDown>0</ThumbDown><Sentiment/></Message><Message type="TopicMessage"><Id>1373310191364-77</Id><Title>Awesome Improvement for bac. Read Now!</Title><Msg>Has any one looked over the articles being produced? Incredible stuff that will help any investor or trader. ln-sDOTnet/-G0m</Msg><Username>bates.james47</Username><Timestamp>1373310191364</Timestamp><DateTime>Mon, 2013-07-08 15:03:11 EDT</DateTime><ThumbUp>0</ThumbUp><ThumbDown>0</ThumbDown><Sentiment/></Message><Message type="ReplyMessage"><Id>1373310448629-78</Id><Topic><Title>$13.13 velly velly bad feng shuei Joe</Title><Username>n_literd_1</Username><Timestamp>1373301846265</Timestamp><DateTime>Mon, 2013-07-08 12:44:06 EDT</DateTime></Topic><Msg>So solly me hold feng shuei upside down, 13.13. velly vello goo fo BAC, you see Hoe</Msg><Username>n_literd_1</Username><Timestamp>1373310448629</Timestamp><DateTime>Mon, 2013-07-08 15:07:28 EDT</DateTime><ThumbUp>0</ThumbUp><ThumbDown>0</ThumbDown><Sentiment/></Message><Message type="ReplyMessage"><Id>1373310773208-79</Id><Topic><Title>Obamacare</Title><Username>amazing.donut</Username><Timestamp>1373289821815</Timestamp><DateTime>Mon, 2013-07-08 09:23:41 EDT</DateTime></Topic><Msg>Not to mention moron chickens, knee sharks and democrap libs.</Msg><Username>zevoter01</Username><Timestamp>1373310773208</Timestamp><DateTime>Mon, 2013-07-08 15:12:53 EDT</DateTime><ThumbUp>2</ThumbUp><ThumbDown>4</ThumbDown><Sentiment/></Message><Message type="ReplyMessage"><Id>1373310856967-80</Id><Topic><Title>Asiana crash due to pilot error</Title><Username>brlc.blows3</Username><Timestamp>1373248938582</Timestamp><DateTime>Sun, 2013-07-07 22:02:18 EDT</DateTime></Topic><Msg>well you remain in la la land, of denial and deciet</Msg><Username>zevoter01</Username><Timestamp>1373310856967</Timestamp><DateTime>Mon, 2013-07-08 15:14:16 EDT</DateTime><ThumbUp>0</ThumbUp><ThumbDown>2</ThumbDown><Sentiment/></Message><Message type="TopicMessage"><Id>1373311108652-81</Id><Title>Goldman has a note out saying BAC will beat eanings easily and I think that is why it spiked this afternoon</Title><Msg>price target will be taken up next week</Msg><Username>tcook1956</Username><Timestamp>1373311108652</Timestamp><DateTime>Mon, 2013-07-08 15:18:28 EDT</DateTime><ThumbUp>1</ThumbUp><ThumbDown>0</ThumbDown><Sentiment/></Message><Message type="TopicMessage"><Id>1373311281213-82</Id><Title>Sell this POS, AIG will get justice!</Title><Msg>Long AIG is where the BIG Boys are allocated!</Msg><Username>sydneylocks</Username><Timestamp>1373311281213</Timestamp><DateTime>Mon, 2013-07-08 15:21:21 EDT</DateTime><ThumbUp>1</ThumbUp><ThumbDown>1</ThumbDown><Sentiment/></Message><Message type="TopicMessage"><Id>1373311515249-83</Id><Title>the board knee shark has neglected to keep us up to date on his occupy Cortland</Title><Msg>His has even neglected to re-spew all about the snuffalogosups show that has such poor ratings 12 people watch it.</Msg><Username>zevoter01</Username><Timestamp>1373311515249</Timestamp><DateTime>Mon, 2013-07-08 15:25:15 EDT</DateTime><ThumbUp>0</ThumbUp><ThumbDown>3</ThumbDown><Sentiment/></Message><Message type="ReplyMessage"><Id>1373312248764-84</Id><Topic><Title>SOLD IT ALL...THIS IS THE TOP BOYS AND GIRLS</Title><Username>theshortestshort</Username><Timestamp>1373305543299</Timestamp><DateTime>Mon, 2013-07-08 13:45:43 EDT</DateTime></Topic><Msg>Why would you sell a stock that has significantly more upside potential than downside? With interest rates rising one could argue the banks will be making more money.</Msg><Username>retiredarmyjoe</Username><Timestamp>1373312248764</Timestamp><DateTime>Mon, 2013-07-08 15:37:28 EDT</DateTime><ThumbUp>3</ThumbUp><ThumbDown>0</ThumbDown><Sentiment/></Message><Message type="TopicMessage"><Id>1373313103876-85</Id><Title>Get out now</Title><Msg>Buy back later</Msg><Username>atsfwr</Username><Timestamp>1373313103876</Timestamp><DateTime>Mon, 2013-07-08 15:51:43 EDT</DateTime><ThumbUp>2</ThumbUp><ThumbDown>1</ThumbDown><Sentiment/></Message><Message type="TopicMessage"><Id>1373314297823-86</Id><Title>A 50 cent stock?</Title><Msg>When reality hits, this stock is headed to 50 cents, maybe less. Caveat Emptor.</Msg><Username>troll98733546</Username><Timestamp>1373314297823</Timestamp><DateTime>Mon, 2013-07-08 16:11:37 EDT</DateTime><ThumbUp>0</ThumbUp><ThumbDown>0</ThumbDown><Sentiment>Strong Sell</Sentiment></Message><Message type="ReplyMessage"><Id>1373314477339-87</Id><Topic><Title>Get out now</Title><Username>atsfwr</Username><Timestamp>1373313103876</Timestamp><DateTime>Mon, 2013-07-08 15:51:43 EDT</DateTime></Topic><Msg>Nice call. It is evident that you've thought this one out.</Msg><Username>retiredarmyjoe</Username><Timestamp>1373314477339</Timestamp><DateTime>Mon, 2013-07-08 16:14:37 EDT</DateTime><ThumbUp>0</ThumbUp><ThumbDown>1</ThumbDown><Sentiment/></Message><Message type="ReplyMessage"><Id>1373315273497-88</Id><Topic><Title>A 50 cent stock?</Title><Username>troll98733546</Username><Timestamp>1373314297823</Timestamp><DateTime>Mon, 2013-07-08 16:11:37 EDT</DateTime></Topic><Msg>STUPID</Msg><Username>aaaa99999999999999999</Username><Timestamp>1373315273497</Timestamp><DateTime>Mon, 2013-07-08 16:27:53 EDT</DateTime><ThumbUp>0</ThumbUp><ThumbDown>0</ThumbDown><Sentiment/></Message><Message type="ReplyMessage"><Id>1373315666895-89</Id><Topic><Title>A 50 cent stock?</Title><Username>troll98733546</Username><Timestamp>1373314297823</Timestamp><DateTime>Mon, 2013-07-08 16:11:37 EDT</DateTime></Topic><Msg>The reality they we have moved in to a bank friendly environment?</Msg><Username>retiredarmyjoe</Username><Timestamp>1373315666895</Timestamp><DateTime>Mon, 2013-07-08 16:34:26 EDT</DateTime><ThumbUp>0</ThumbUp><ThumbDown>0</ThumbDown><Sentiment/></Message><Message type="ReplyMessage"><Id>1373319179434-90</Id><Topic><Title>dfaduke exposed as liar and racist on ariad board.</Title><Username>hidalgo.pablo</Username><Timestamp>1373132822016</Timestamp><DateTime>Sat, 2013-07-06 13:47:02 EDT</DateTime></Topic><Msg>Mr. Justice Sheinberg: I believe your message about zevoter and dfaduke needs to be posted again. The punishments you describe appear to be appropriate for these miscreant traitors who place partisanship ahead of loyalty to their country. "Ms. Joyakid, in my country we do not have capital punishment. Instead we allow miscreants to undergo forms of punishment that do not harm them physically but subject them to some discomfiture. For example, we may permit a prisoner to spend time in a sealed room which has been densely populated with very feculent odors. Many refer to it as a Mexican Gas Chamber. I leave it to your gentle imagination what it must smell like once donkeys, chickens and swine have been allowed to stay there a long while and no refuse removed. Well, in the cases of zevoter and dfaduke, they might be invited to spend, say, every other night in such an aromatic, nostril-filling space for one or two months. And, possibly, in their cases a few farm animals would share their space. Under our judicial system zevoter and dfaduke would have the right to choose the proportion they wish among 1) donkeys fed a diet of pinto beans and marinated boiled cabbage, 2) chickens fed a diet of spicy chachalupa, and 3) swine fed a diet of chile con carne liberally dosed with fermented tabasco sauce. "</Msg><Username>joyakld</Username><Timestamp>1373319179434</Timestamp><DateTime>Mon, 2013-07-08 17:32:59 EDT</DateTime><ThumbUp>1</ThumbUp><ThumbDown>0</ThumbDown><Sentiment/></Message><Message type="ReplyMessage"><Id>1373320055013-91</Id><Topic><Title>Asiana crash due to pilot error</Title><Username>brlc.blows3</Username><Timestamp>1373248938582</Timestamp><DateTime>Sun, 2013-07-07 22:02:18 EDT</DateTime></Topic><Msg>If you can not do the job without those aids you will not get a license. The aircraft was stalled when it hit the ground. No one was flying it. When a plane is stalled it is no longer flying, it is falling.</Msg><Username>libertydies30</Username><Timestamp>1373320055013</Timestamp><DateTime>Mon, 2013-07-08 17:47:35 EDT</DateTime><ThumbUp>1</ThumbUp><ThumbDown>1</ThumbDown><Sentiment/></Message><Message type="ReplyMessage"><Id>1373320481324-92</Id><Topic><Title>Asiana crash due to pilot error</Title><Username>brlc.blows3</Username><Timestamp>1373248938582</Timestamp><DateTime>Sun, 2013-07-07 22:02:18 EDT</DateTime></Topic><Msg>Little z , I have about 4000 hours experience . Over 1000 in jet transports. What is your aviation training and experience?</Msg><Username>libertydies30</Username><Timestamp>1373320481324</Timestamp><DateTime>Mon, 2013-07-08 17:54:41 EDT</DateTime><ThumbUp>0</ThumbUp><ThumbDown>1</ThumbDown><Sentiment/></Message><Message type="ReplyMessage"><Id>1373320601688-93</Id><Topic><Title>Get out now</Title><Username>atsfwr</Username><Timestamp>1373313103876</Timestamp><DateTime>Mon, 2013-07-08 15:51:43 EDT</DateTime></Topic><Msg>Buy, hold, and receive great riches!!!</Msg><Username>bondholder44</Username><Timestamp>1373320601688</Timestamp><DateTime>Mon, 2013-07-08 17:56:41 EDT</DateTime><ThumbUp>0</ThumbUp><ThumbDown>1</ThumbDown><Sentiment/></Message><Message type="ReplyMessage"><Id>1373320856186-94</Id><Topic><Title>Asiana crash due to pilot error</Title><Username>brlc.blows3</Username><Timestamp>1373248938582</Timestamp><DateTime>Sun, 2013-07-07 22:02:18 EDT</DateTime></Topic><Msg>Oh, little z , paper airplanes and playing space invaders at the local bar don' t count.</Msg><Username>libertydies30</Username><Timestamp>1373320856186</Timestamp><DateTime>Mon, 2013-07-08 18:00:56 EDT</DateTime><ThumbUp>0</ThumbUp><ThumbDown>0</ThumbDown><Sentiment/></Message><Message type="ReplyMessage"><Id>1373321249674-95</Id><Topic><Title>Asiana crash due to pilot error</Title><Username>brlc.blows3</Username><Timestamp>1373248938582</Timestamp><DateTime>Sun, 2013-07-07 22:02:18 EDT</DateTime></Topic><Msg>Youre right mimic. If Gore had been President, there wouldnt have been an economic crash.</Msg><Username>erazor111</Username><Timestamp>1373321249674</Timestamp><DateTime>Mon, 2013-07-08 18:07:29 EDT</DateTime><ThumbUp>0</ThumbUp><ThumbDown>0</ThumbDown><Sentiment/></Message><Message type="ReplyMessage"><Id>1373321620984-96</Id><Topic><Title>come, follow me I will make you fishers of compliements ROFLMFO.</Title><Username>spocklovesyou</Username><Timestamp>1373288439134</Timestamp><DateTime>Mon, 2013-07-08 09:00:39 EDT</DateTime></Topic><Msg>I think I spotted Snowden hunkered down at the Imperial Palace ridin' the storm out, waitin for the thaw out.</Msg><Username>vieweroutrage</Username><Timestamp>1373321620984</Timestamp><DateTime>Mon, 2013-07-08 18:13:40 EDT</DateTime><ThumbUp>0</ThumbUp><ThumbDown>0</ThumbDown><Sentiment/></Message><Message type="ReplyMessage"><Id>1373322553581-97</Id><Topic><Title>BAC Massive move coming!</Title><Username>stockmr</Username><Timestamp>1368830097823</Timestamp><DateTime>Fri, 2013-05-17 18:34:57 EDT</DateTime></Topic><Msg>great website. thank you</Msg><Username>j_benson34</Username><Timestamp>1373322553581</Timestamp><DateTime>Mon, 2013-07-08 18:29:13 EDT</DateTime><ThumbUp>0</ThumbUp><ThumbDown>1</ThumbDown><Sentiment/></Message><Message type="ReplyMessage"><Id>1373322910265-98</Id><Topic><Title>Asiana crash due to pilot error</Title><Username>brlc.blows3</Username><Timestamp>1373248938582</Timestamp><DateTime>Sun, 2013-07-07 22:02:18 EDT</DateTime></Topic><Msg>did you ever walk away from a landing? PIC time huh? gosh i'm impressed, NOT!</Msg><Username>zevoter01</Username><Timestamp>1373322910265</Timestamp><DateTime>Mon, 2013-07-08 18:35:10 EDT</DateTime><ThumbUp>0</ThumbUp><ThumbDown>3</ThumbDown><Sentiment/></Message><Message type="TopicMessage"><Id>1373323244533-99</Id><Title>now the left is whining about the Quebec rail fire, asking why can't there be a pipeline</Title><Msg>let the libs choke on this</Msg><Username>zevoter01</Username><Timestamp>1373323244533</Timestamp><DateTime>Mon, 2013-07-08 18:40:44 EDT</DateTime><ThumbUp>1</ThumbUp><ThumbDown>4</ThumbDown><Sentiment/></Message><Message type="TopicMessage"><Id>1373323591649-100</Id><Title>How</Title><Msg>Does one on top of a person with his hands on the head of the guy on the ground in the dark see and reach for a gun on the back of that guys hip inside of his pants.? Zimmermans tale self destructing.</Msg><Username>libertydies30</Username><Timestamp>1373323591649</Timestamp><DateTime>Mon, 2013-07-08 18:46:31 EDT</DateTime><ThumbUp>2</ThumbUp><ThumbDown>1</ThumbDown><Sentiment/></Message><Message type="ReplyMessage"><Id>1373324395417-101</Id><Topic><Title>come, follow me I will make you fishers of compliements ROFLMFO.</Title><Username>spocklovesyou</Username><Timestamp>1373288439134</Timestamp><DateTime>Mon, 2013-07-08 09:00:39 EDT</DateTime></Topic><Msg>Uh, do you have any pull with the Circus Circus goon squad and/or local constabulary? I set the Beech down cleanly enough (well, except for clipping a couple of satellite dishes and a beach umbrella, but hey, my deliberate ground-loop just short of the back entrance was brilliant, and narrowly averted what could have been an unscheduled vintage aviation display in the lobby.) Anyway, I told them I had no intention of staying in their dump and was in fact simply paying you a social call (I thought it might be counterproductive to mention the Bundy-Dube Economic Summit until I had a better idea of where their economic sympathies lie). Fortunately I remembered that I'd stashed a load of vintage virgin meerschaums in the Beech's golf club compartment - I didn't need all of them to cover the vig on Alonzo's restoration of the Staggerwing) and told them my real business in town was over at the Sands, where the IAPCPR convention kicks off on Saturday (that's the International Association of Premium Cigar and Pipe Retailers trade show). They checked out my story, found the pipes, and things were going fairly well until I said I'd just take off again and fly over to the show. They said after such a #$%$ landing I wasn't going to be flying anywhere for a while; I pointed out that I absolutely stuck the landing compared to the one Cirque de Soleil dropped on their audience last month, and things went downhill from there. Do you think Larry would be willing to post MY bail? Of even more immediate and pressing concern, though, ROTFLMAO, do you know if the Corrections Department offers Ibogaine and sushi on their Room Service menu?</Msg><Username>fish2kill</Username><Timestamp>1373324395417</Timestamp><DateTime>Mon, 2013-07-08 18:59:55 EDT</DateTime><ThumbUp>0</ThumbUp><ThumbDown>0</ThumbDown><Sentiment/></Message><Message type="ReplyMessage"><Id>1373324801844-102</Id><Topic><Title>now the left is whining about the Quebec rail fire, asking why can't there be a pipeline</Title><Username>zevoter01</Username><Timestamp>1373323244533</Timestamp><DateTime>Mon, 2013-07-08 18:40:44 EDT</DateTime></Topic><Msg>And once again, you show your complete lack of class. Idiot.</Msg><Username>erazor111</Username><Timestamp>1373324801844</Timestamp><DateTime>Mon, 2013-07-08 19:06:41 EDT</DateTime><ThumbUp>2</ThumbUp><ThumbDown>1</ThumbDown><Sentiment/></Message><Message type="ReplyMessage"><Id>1373324951820-103</Id><Topic><Title>Asiana crash due to pilot error</Title><Username>brlc.blows3</Username><Timestamp>1373248938582</Timestamp><DateTime>Sun, 2013-07-07 22:02:18 EDT</DateTime></Topic><Msg>Stick to your sewer little z. Its more befitting of a turd like you.</Msg><Username>erazor111</Username><Timestamp>1373324951820</Timestamp><DateTime>Mon, 2013-07-08 19:09:11 EDT</DateTime><ThumbUp>0</ThumbUp><ThumbDown>1</ThumbDown><Sentiment/></Message><Message type="ReplyMessage"><Id>1373325318250-104</Id><Topic><Title>Obamacare</Title><Username>amazing.donut</Username><Timestamp>1373289821815</Timestamp><DateTime>Mon, 2013-07-08 09:23:41 EDT</DateTime></Topic><Msg>Not to mention completely hypocritical. The latest news is that the government will NOT require proof of income from individuals to get insurance subsidies, yet makes banks and others jump through hoops to ensure borrowers prove income to the penny. As we always knew, it's okay to defraud the government and even encouraged by the government.</Msg><Username>tigger.redux</Username><Timestamp>1373325318250</Timestamp><DateTime>Mon, 2013-07-08 19:15:18 EDT</DateTime><ThumbUp>5</ThumbUp><ThumbDown>2</ThumbDown><Sentiment/></Message><Message type="ReplyMessage"><Id>1373325935836-105</Id><Topic><Title>come, follow me I will make you fishers of compliements ROFLMFO.</Title><Username>spocklovesyou</Username><Timestamp>1373288439134</Timestamp><DateTime>Mon, 2013-07-08 09:00:39 EDT</DateTime></Topic><Msg>I thought you may be providing a fly over at moral monday like the suggested that would have prevented violence at benghazi. Initial reports are big crowds today but a few passes from an old guy yelling incoherently from a cloth covered plane should calm them down. ROFLMFO. What do you think the deal is with the SFO flight? Was the guy used to flying something with a better stall speed ? I presume that is airspeed, did the wind change on him or something? ROFLMFO.I guess if it was hot and he was a little slow and wind changed but it soujnds like his appraoch was wrong for a while. Can we get REO to perform live at the Bundy Dube social and economics development conference? Their collected works combine a number of themes that the attendees may enjoy.</Msg><Username>spocklovesyou</Username><Timestamp>1373325935836</Timestamp><DateTime>Mon, 2013-07-08 19:25:35 EDT</DateTime><ThumbUp>0</ThumbUp><ThumbDown>0</ThumbDown><Sentiment/></Message><Message type="TopicMessage"><Id>1373326761390-106</Id><Title>Housing up, unemployment down, ect...</Title><Msg>BAC is selling mortgages by the bus load, and with higher rates coming we will see $20 by August!!! See you there.</Msg><Username>chillywilley830</Username><Timestamp>1373326761390</Timestamp><DateTime>Mon, 2013-07-08 19:39:21 EDT</DateTime><ThumbUp>2</ThumbUp><ThumbDown>1</ThumbDown><Sentiment/></Message><Message type="ReplyMessage"><Id>1373330511028-107</Id><Topic><Title>Housing up, unemployment down, ect...</Title><Username>chillywilley830</Username><Timestamp>1373326761390</Timestamp><DateTime>Mon, 2013-07-08 19:39:21 EDT</DateTime></Topic><Msg>What Liberal news do you get your news from sir.???</Msg><Username>jam9011</Username><Timestamp>1373330511028</Timestamp><DateTime>Mon, 2013-07-08 20:41:51 EDT</DateTime><ThumbUp>1</ThumbUp><ThumbDown>1</ThumbDown><Sentiment/></Message><Message type="ReplyMessage"><Id>1373331008239-108</Id><Topic><Title>Obamacare</Title><Username>amazing.donut</Username><Timestamp>1373289821815</Timestamp><DateTime>Mon, 2013-07-08 09:23:41 EDT</DateTime></Topic><Msg>actually the batch we got includes 5 black copper marans and 3 blue copper marans. Isn't that sooooooper? :)</Msg><Username>abloomingradish</Username><Timestamp>1373331008239</Timestamp><DateTime>Mon, 2013-07-08 20:50:08 EDT</DateTime><ThumbUp>1</ThumbUp><ThumbDown>1</ThumbDown><Sentiment/></Message><Message type="ReplyMessage"><Id>1373331891005-109</Id><Topic><Title>Obamacare</Title><Username>amazing.donut</Username><Timestamp>1373289821815</Timestamp><DateTime>Mon, 2013-07-08 09:23:41 EDT</DateTime></Topic><Msg>well nu York has it all now, a flasher, a john, running for NYC offices, and a porn star DA.</Msg><Username>zevoter01</Username><Timestamp>1373331891005</Timestamp><DateTime>Mon, 2013-07-08 21:04:51 EDT</DateTime><ThumbUp>1</ThumbUp><ThumbDown>3</ThumbDown><Sentiment/></Message><Message type="ReplyMessage"><Id>1373332471917-110</Id><Topic><Title>George W. Bush drove America just like that Asiana pilot!</Title><Username>abdulshallam</Username><Timestamp>1373304184529</Timestamp><DateTime>Mon, 2013-07-08 13:23:04 EDT</DateTime></Topic><Msg>At least the title is accurate. Too much religion in the rest.</Msg><Username>erazor111</Username><Timestamp>1373332471917</Timestamp><DateTime>Mon, 2013-07-08 21:14:31 EDT</DateTime><ThumbUp>2</ThumbUp><ThumbDown>2</ThumbDown><Sentiment/></Message><Message type="ReplyMessage"><Id>1373332759706-111</Id><Topic><Title>Housing up, unemployment down, ect...</Title><Username>chillywilley830</Username><Timestamp>1373326761390</Timestamp><DateTime>Mon, 2013-07-08 19:39:21 EDT</DateTime></Topic><Msg>But housing IS up. And unemployment IS down. What right-wing channel has told you otherwise? Suggestion: turn the brain-rotting Faux News off. Youll live longer.</Msg><Username>erazor111</Username><Timestamp>1373332759706</Timestamp><DateTime>Mon, 2013-07-08 21:19:19 EDT</DateTime><ThumbUp>1</ThumbUp><ThumbDown>1</ThumbDown><Sentiment/></Message><Message type="ReplyMessage"><Id>1373333020485-112</Id><Topic><Title>The American Taliiban</Title><Username>libertydies30</Username><Timestamp>1372508079739</Timestamp><DateTime>Sat, 2013-06-29 08:14:39 EDT</DateTime></Topic><Msg>Ah right-wing hypocrisy. It knows no bounds.</Msg><Username>erazor111</Username><Timestamp>1373333020485</Timestamp><DateTime>Mon, 2013-07-08 21:23:40 EDT</DateTime><ThumbUp>1</ThumbUp><ThumbDown>1</ThumbDown><Sentiment/></Message><Message type="TopicMessage"><Id>1373333911493-113</Id><Title>Black Hurricanes</Title><Msg>Just when you think you have heard all of the stupid things that are going on in the US -- this comes along... Black hurricanes.... Well, it appears our African-American friends have found yet something else to be #$%$ about. A black congresswoman (this would be Sheila Jackson Lee, of Houston), reportedly complained that the names of hurricanes are all Caucasian sounding names.. She would prefer some names that reflect African-American culture such as Chamiqua, Tanisha, Woeisha, Shaquille, and Jamal. I am NOT making this up! She would also like the weather reports to be broadcast in 'language' that street people can understand because one of the problems that happened in New Orleans was, that black people couldn't understand the seriousness of the situation, due to the racially biased language of the weather report. I guess if the weather person says that the winds are going to blow at 140 MPH, that's too hard to understand I can hear it now: A weatherman in New Orleans says... Wazzup, mutha-fukkas! Hehr-i-cane Chamiqua be headin' fo' yo #$%$ like Leroy on a rocket! #$%$ be a category fo'! So, turn off dem chitlins, grab yo' chirren, leave yo crib, and head fo' de nearest FEMA office fo yo FREE shiet.</Msg><Username>zevoter01</Username><Timestamp>1373333911493</Timestamp><DateTime>Mon, 2013-07-08 21:38:31 EDT</DateTime><ThumbUp>1</ThumbUp><ThumbDown>3</ThumbDown><Sentiment/></Message><Message type="ReplyMessage"><Id>1373333921571-114</Id><Topic><Title>Housing up, unemployment down, ect...</Title><Username>chillywilley830</Username><Timestamp>1373326761390</Timestamp><DateTime>Mon, 2013-07-08 19:39:21 EDT</DateTime></Topic><Msg>countrywide mgt. Foreclosure homes in bac inventory have values increasing. Bac is recouping some of the loses they took from sub prime lending. It helps the bottom line. Jmho-bucko</Msg><Username>muench.john</Username><Timestamp>1373333921571</Timestamp><DateTime>Mon, 2013-07-08 21:38:41 EDT</DateTime><ThumbUp>2</ThumbUp><ThumbDown>0</ThumbDown><Sentiment/></Message><Message type="ReplyMessage"><Id>1373334455518-115</Id><Topic><Title>Asiana crash due to pilot error</Title><Username>brlc.blows3</Username><Timestamp>1373248938582</Timestamp><DateTime>Sun, 2013-07-07 22:02:18 EDT</DateTime></Topic><Msg>hey don: still got your tyco stock?-bucko</Msg><Username>muench.john</Username><Timestamp>1373334455518</Timestamp><DateTime>Mon, 2013-07-08 21:47:35 EDT</DateTime><ThumbUp>0</ThumbUp><ThumbDown>0</ThumbDown><Sentiment/></Message><Message type="ReplyMessage"><Id>1373335749984-116</Id><Topic><Title>leftist obama has increased Americas debt more than all prez's combined</Title><Username>drwstring</Username><Timestamp>1373257874552</Timestamp><DateTime>Mon, 2013-07-08 00:31:14 EDT</DateTime></Topic><Msg>i would bet by the time obummer leaves office the national debt will be 23+ trillion. He will spend a trillion on family vacations alone. Jmho-bucko</Msg><Username>muench.john</Username><Timestamp>1373335749984</Timestamp><DateTime>Mon, 2013-07-08 22:09:09 EDT</DateTime><ThumbUp>4</ThumbUp><ThumbDown>1</ThumbDown><Sentiment/></Message><Message type="ReplyMessage"><Id>1373335834417-117</Id><Topic><Title>leftist obama has increased Americas debt more than all prez's combined</Title><Username>drwstring</Username><Timestamp>1373257874552</Timestamp><DateTime>Mon, 2013-07-08 00:31:14 EDT</DateTime></Topic><Msg>Nope. Not even remotely close to an accurate statement. You may now return to your hole. And take little z with you.</Msg><Username>erazor111</Username><Timestamp>1373335834417</Timestamp><DateTime>Mon, 2013-07-08 22:10:34 EDT</DateTime><ThumbUp>1</ThumbUp><ThumbDown>1</ThumbDown><Sentiment/></Message><Message type="ReplyMessage"><Id>1373336003181-118</Id><Topic><Title>George W. Bush drove America just like that Asiana pilot!</Title><Username>abdulshallam</Username><Timestamp>1373304184529</Timestamp><DateTime>Mon, 2013-07-08 13:23:04 EDT</DateTime></Topic><Msg>BLASPHEMER !</Msg><Username>templar.knght</Username><Timestamp>1373336003181</Timestamp><DateTime>Mon, 2013-07-08 22:13:23 EDT</DateTime><ThumbUp>2</ThumbUp><ThumbDown>2</ThumbDown><Sentiment/></Message><Message type="ReplyMessage"><Id>1373336021644-119</Id><Topic><Title>Black Hurricanes</Title><Username>zevoter01</Username><Timestamp>1373333911493</Timestamp><DateTime>Mon, 2013-07-08 21:38:31 EDT</DateTime></Topic><Msg>Whats dumber than that complaint you ask? You complaining about the complaint. Idiot.</Msg><Username>erazor111</Username><Timestamp>1373336021644</Timestamp><DateTime>Mon, 2013-07-08 22:13:41 EDT</DateTime><ThumbUp>1</ThumbUp><ThumbDown>0</ThumbDown><Sentiment/></Message><Message type="ReplyMessage"><Id>1373336079907-120</Id><Topic><Title>George W. Bush drove America just like that Asiana pilot!</Title><Username>abdulshallam</Username><Timestamp>1373304184529</Timestamp><DateTime>Mon, 2013-07-08 13:23:04 EDT</DateTime></Topic><Msg>What did I just say about too much religion?</Msg><Username>erazor111</Username><Timestamp>1373336079907</Timestamp><DateTime>Mon, 2013-07-08 22:14:39 EDT</DateTime><ThumbUp>2</ThumbUp><ThumbDown>1</ThumbDown><Sentiment/></Message><Message type="ReplyMessage"><Id>1373336229378-121</Id><Topic><Title>you can make 400k year! like me..</Title><Username>stockmr</Username><Timestamp>1368419802338</Timestamp><DateTime>Mon, 2013-05-13 00:36:42 EDT</DateTime></Topic><Msg>ANKS</Msg><Username>j_benson34</Username><Timestamp>1373336229378</Timestamp><DateTime>Mon, 2013-07-08 22:17:09 EDT</DateTime><ThumbUp>0</ThumbUp><ThumbDown>2</ThumbDown><Sentiment/></Message><Message type="ReplyMessage"><Id>1373336525863-122</Id><Topic><Title>600% in profit this MONTH!!!</Title><Username>stockmr</Username><Timestamp>1368345047603</Timestamp><DateTime>Sun, 2013-05-12 03:50:47 EDT</DateTime></Topic><Msg>NBVC</Msg><Username>j_benson34</Username><Timestamp>1373336525863</Timestamp><DateTime>Mon, 2013-07-08 22:22:05 EDT</DateTime><ThumbUp>0</ThumbUp><ThumbDown>2</ThumbDown><Sentiment/></Message><Message type="ReplyMessage"><Id>1373337119680-123</Id><Topic><Title>MONSTER monster profits MONTLY</Title><Username>stockmr</Username><Timestamp>1368250017950</Timestamp><DateTime>Sat, 2013-05-11 01:26:57 EDT</DateTime></Topic><Msg>MDIR</Msg><Username>j_benson34</Username><Timestamp>1373337119680</Timestamp><DateTime>Mon, 2013-07-08 22:31:59 EDT</DateTime><ThumbUp>0</ThumbUp><ThumbDown>3</ThumbDown><Sentiment/></Message><Message type="ReplyMessage"><Id>1373338584649-124</Id><Topic><Title>leftist obama has increased Americas debt more than all prez's combined</Title><Username>drwstring</Username><Timestamp>1373257874552</Timestamp><DateTime>Mon, 2013-07-08 00:31:14 EDT</DateTime></Topic><Msg>Ok 12%. that leaves 88% that have to consider who has the right approach to immigration reform, global warming, womens rights, equality for gays and lesbians gun control et al. Republicans are on the wrong side of every social issue and expect to win elections based strictly on the unemployment rate. Way too stupid!</Msg><Username>nxyluck</Username><Timestamp>1373338584649</Timestamp><DateTime>Mon, 2013-07-08 22:56:24 EDT</DateTime><ThumbUp>1</ThumbUp><ThumbDown>1</ThumbDown><Sentiment/></Message><Message type="ReplyMessage"><Id>1373338742500-125</Id><Topic><Title>Obamacare</Title><Username>amazing.donut</Username><Timestamp>1373289821815</Timestamp><DateTime>Mon, 2013-07-08 09:23:41 EDT</DateTime></Topic><Msg>Even middle of the road democrats are starting to think the Pelosi/Reid railroad job maybe should have had a closer look.</Msg><Username>nxyluck</Username><Timestamp>1373338742500</Timestamp><DateTime>Mon, 2013-07-08 22:59:02 EDT</DateTime><ThumbUp>3</ThumbUp><ThumbDown>1</ThumbDown><Sentiment/></Message></Date>