<?xml version="1.0" encoding="UTF-8" standalone="no"?><Date date="2013-06-25"><Message type="TopicMessage"><Id>1372133144689-1</Id><Title>The #$%$ market will wrench this one again</Title><Msg>The futures Taliban is drooling lol</Msg><Username>tom.foolery2</Username><Timestamp>1372133144689</Timestamp><DateTime>Tue, 2013-06-25 00:05:44 EDT</DateTime><ThumbUp>0</ThumbUp><ThumbDown>1</ThumbDown><Sentiment/></Message><Message type="ReplyMessage"><Id>1372133177007-2</Id><Topic><Title>The #$%$ market will wrench this one again</Title><Username>tom.foolery2</Username><Timestamp>1372133144689</Timestamp><DateTime>Tue, 2013-06-25 00:05:44 EDT</DateTime></Topic><Msg>#$%$</Msg><Username>tom.foolery2</Username><Timestamp>1372133177007</Timestamp><DateTime>Tue, 2013-06-25 00:06:17 EDT</DateTime><ThumbUp>0</ThumbUp><ThumbDown>1</ThumbDown><Sentiment/></Message><Message type="ReplyMessage"><Id>1372133218958-3</Id><Topic><Title>Jews are subhuman</Title><Username>kid_dynomite_65</Username><Timestamp>1372129449964</Timestamp><DateTime>Mon, 2013-06-24 23:04:09 EDT</DateTime></Topic><Msg>hitler worked with devil they lost many jews people worked with devil they will lost there is no way ...pray is good if u right</Msg><Username>becoolbe999</Username><Timestamp>1372133218958</Timestamp><DateTime>Tue, 2013-06-25 00:06:58 EDT</DateTime><ThumbUp>0</ThumbUp><ThumbDown>1</ThumbDown><Sentiment/></Message><Message type="ReplyMessage"><Id>1372133498707-4</Id><Topic><Title>Jews are subhuman</Title><Username>kid_dynomite_65</Username><Timestamp>1372129449964</Timestamp><DateTime>Mon, 2013-06-24 23:04:09 EDT</DateTime></Topic><Msg>why jewish people thinking jewish people pure race they are felling better than other race hitler thought they are pure race devil jinns are thinking they are better than human all is not same ?what's difference ?</Msg><Username>becoolbe999</Username><Timestamp>1372133498707</Timestamp><DateTime>Tue, 2013-06-25 00:11:38 EDT</DateTime><ThumbUp>0</ThumbUp><ThumbDown>0</ThumbDown><Sentiment/></Message><Message type="ReplyMessage"><Id>1372133590537-5</Id><Topic><Title>The #$%$ market will wrench this one again</Title><Username>tom.foolery2</Username><Timestamp>1372133144689</Timestamp><DateTime>Tue, 2013-06-25 00:05:44 EDT</DateTime></Topic><Msg>Yahoo keeps deleting its Chinese and rhymes with ink lol the ink market</Msg><Username>tom.foolery2</Username><Timestamp>1372133590537</Timestamp><DateTime>Tue, 2013-06-25 00:13:10 EDT</DateTime><ThumbUp>0</ThumbUp><ThumbDown>0</ThumbDown><Sentiment/></Message><Message type="TopicMessage"><Id>1372133736402-6</Id><Title>china is hitting usa market ...i thought china economy is good hand ...europe usa than china has economic problem now,big crash is coming ?</Title><Msg>it will be worst than 2008 or not ?</Msg><Username>becoolbe999</Username><Timestamp>1372133736402</Timestamp><DateTime>Tue, 2013-06-25 00:15:36 EDT</DateTime><ThumbUp>0</ThumbUp><ThumbDown>0</ThumbDown><Sentiment/></Message><Message type="TopicMessage"><Id>1372135975180-7</Id><Title>Bofa comments on China is a reason to be cautious.....!!!</Title><Msg>“We are cautious at the moment and continue to watch the unfolding situation, as we believe the biggest risk comes from the [People’s Bank of China] potentially mishandling the situation,” said Bank of America Merrill Lynch’s China economist Ting Lu. “In our view, dealing with banks in breach of regulations should be done by improving prudential regulations rather than engineering an interbank credit crunch which could potentially backfire should banks lose mutual trust,” he said. Lu was referring to recent reports that the Chinese central bank’s tolerance of high interest rates was in part aimed at punishing some lenders that had been using the low-cost funds previously borrowed in the interbank market to invest in wealth-management products and other securities offering better returns. In a statement on Monday, the People’s Bank of China said the liquidity in the financial system was “reasonable” and that lenders must manage their own liquidity risks.</Msg><Username>buffetmunger</Username><Timestamp>1372135975180</Timestamp><DateTime>Tue, 2013-06-25 00:52:55 EDT</DateTime><ThumbUp>1</ThumbUp><ThumbDown>1</ThumbDown><Sentiment/></Message><Message type="ReplyMessage"><Id>1372136024003-8</Id><Topic><Title>Bofa comments on China is a reason to be cautious.....!!!</Title><Username>buffetmunger</Username><Timestamp>1372135975180</Timestamp><DateTime>Tue, 2013-06-25 00:52:55 EDT</DateTime></Topic><Msg>look like China is looking for Lehman's moment???</Msg><Username>ticagrelor</Username><Timestamp>1372136024003</Timestamp><DateTime>Tue, 2013-06-25 00:53:44 EDT</DateTime><ThumbUp>0</ThumbUp><ThumbDown>1</ThumbDown><Sentiment/></Message><Message type="TopicMessage"><Id>1372139452687-9</Id><Title>side effects of fiscal meth withdrawal</Title><Msg>irritability, dissiness and loss of equilibrium, antisocialism</Msg><Username>longon2007</Username><Timestamp>1372139452687</Timestamp><DateTime>Tue, 2013-06-25 01:50:52 EDT</DateTime><ThumbUp>0</ThumbUp><ThumbDown>0</ThumbDown><Sentiment/></Message><Message type="TopicMessage"><Id>1372143569840-10</Id><Title>commodity updates for 25 june</Title><Msg>Current position Indian market opened weak on Tuesday morning as global market close in red shade on yesterday, Chinese shares continuous going in negative side and touches to its lowest level since around the year of 2009.</Msg><Username>sharma.m2fl</Username><Timestamp>1372143569840</Timestamp><DateTime>Tue, 2013-06-25 02:59:29 EDT</DateTime><ThumbUp>0</ThumbUp><ThumbDown>0</ThumbDown><Sentiment/></Message><Message type="ReplyMessage"><Id>1372146237920-11</Id><Topic><Title>Jews are subhuman</Title><Username>kid_dynomite_65</Username><Timestamp>1372129449964</Timestamp><DateTime>Mon, 2013-06-24 23:04:09 EDT</DateTime></Topic><Msg>I'm guessing a J signs your paycheck, and you didn't get a raise because you're a lazy POS. Blame yourself.</Msg><Username>emperor_tol_of_longville</Username><Timestamp>1372146237920</Timestamp><DateTime>Tue, 2013-06-25 03:43:57 EDT</DateTime><ThumbUp>1</ThumbUp><ThumbDown>1</ThumbDown><Sentiment/></Message><Message type="ReplyMessage"><Id>1372146445627-12</Id><Topic><Title>Whats That Funky Smell</Title><Username>kid_dynomite_65</Username><Timestamp>1372129793408</Timestamp><DateTime>Mon, 2013-06-24 23:09:53 EDT</DateTime></Topic><Msg>The servants. And you must be the gardener.</Msg><Username>emperor_tol_of_longville</Username><Timestamp>1372146445627</Timestamp><DateTime>Tue, 2013-06-25 03:47:25 EDT</DateTime><ThumbUp>1</ThumbUp><ThumbDown>0</ThumbDown><Sentiment/></Message><Message type="ReplyMessage"><Id>1372149921220-13</Id><Topic><Title>8.5 billion settlement</Title><Username>waldair</Username><Timestamp>1372128184521</Timestamp><DateTime>Mon, 2013-06-24 22:43:04 EDT</DateTime></Topic><Msg>they are in recess til after the 4th of july holiday</Msg><Username>roswellboy2012</Username><Timestamp>1372149921220</Timestamp><DateTime>Tue, 2013-06-25 04:45:21 EDT</DateTime><ThumbUp>0</ThumbUp><ThumbDown>0</ThumbDown><Sentiment>Strong Buy</Sentiment></Message><Message type="ReplyMessage"><Id>1372158604435-14</Id><Topic><Title>Jews are subhuman</Title><Username>kid_dynomite_65</Username><Timestamp>1372129449964</Timestamp><DateTime>Mon, 2013-06-24 23:04:09 EDT</DateTime></Topic><Msg>typical dribble from zevoter.....from another of his alias.....he just needs a good enema....and his brain will start thinking a little clearer Hold the suppositories! Mason</Msg><Username>moron_alarm</Username><Timestamp>1372158604435</Timestamp><DateTime>Tue, 2013-06-25 07:10:04 EDT</DateTime><ThumbUp>0</ThumbUp><ThumbDown>0</ThumbDown><Sentiment/></Message><Message type="ReplyMessage"><Id>1372158664847-15</Id><Topic><Title>Jews are subhuman</Title><Username>kid_dynomite_65</Username><Timestamp>1372129449964</Timestamp><DateTime>Mon, 2013-06-24 23:04:09 EDT</DateTime></Topic><Msg>more garbage from zevoter......he is just one more broke stupid loser living in a trailer.....the backbone of the Republican party! hold the GED! Mason</Msg><Username>moron_alarm</Username><Timestamp>1372158664847</Timestamp><DateTime>Tue, 2013-06-25 07:11:04 EDT</DateTime><ThumbUp>0</ThumbUp><ThumbDown>0</ThumbDown><Sentiment/></Message><Message type="ReplyMessage"><Id>1372159380831-16</Id><Topic><Title>Jews are subhuman</Title><Username>kid_dynomite_65</Username><Timestamp>1372129449964</Timestamp><DateTime>Mon, 2013-06-24 23:04:09 EDT</DateTime></Topic><Msg>try talking to some orthodox jews sometimes, they definitely thinks everyone else, including other jews, are subhuman...not to mention their sense of fashion stinks</Msg><Username>sydneylocks</Username><Timestamp>1372159380831</Timestamp><DateTime>Tue, 2013-06-25 07:23:00 EDT</DateTime><ThumbUp>0</ThumbUp><ThumbDown>0</ThumbDown><Sentiment/></Message><Message type="TopicMessage"><Id>1372159843439-17</Id><Title>Well looks like they wont come down for my $7 GTC Buy order today, Thats all BAC is worth.</Title><Msg>Another day..</Msg><Username>updownbuysell</Username><Timestamp>1372159843439</Timestamp><DateTime>Tue, 2013-06-25 07:30:43 EDT</DateTime><ThumbUp>0</ThumbUp><ThumbDown>1</ThumbDown><Sentiment/></Message><Message type="ReplyMessage"><Id>1372159966761-18</Id><Topic><Title>8.5 billion settlement</Title><Username>waldair</Username><Timestamp>1372128184521</Timestamp><DateTime>Mon, 2013-06-24 22:43:04 EDT</DateTime></Topic><Msg>The judge stated when the hearing began that no decision would be made until after the end of the month at the earliest.</Msg><Username>tigger.redux</Username><Timestamp>1372159966761</Timestamp><DateTime>Tue, 2013-06-25 07:32:46 EDT</DateTime><ThumbUp>0</ThumbUp><ThumbDown>0</ThumbDown><Sentiment/></Message><Message type="TopicMessage"><Id>1372160147784-19</Id><Title>MORNING PUMP AFTERNOON DUMP ! ! ! !</Title><Msg>The exit doors will be busy ! ! ! Hahahhaaha ! ! !</Msg><Username>pillow_biting_pumper_xxxx</Username><Timestamp>1372160147784</Timestamp><DateTime>Tue, 2013-06-25 07:35:47 EDT</DateTime><ThumbUp>0</ThumbUp><ThumbDown>1</ThumbDown><Sentiment/></Message><Message type="ReplyMessage"><Id>1372160546400-20</Id><Topic><Title>What is the carbon footprint of the obama $100 miilion African vacation?</Title><Username>zevoter01</Username><Timestamp>1372128496409</Timestamp><DateTime>Mon, 2013-06-24 22:48:16 EDT</DateTime></Topic><Msg>"z". Good reminder. Also, maybe POTUS decided to save the Planet a bit by skipping Kenya,..LMAO! Hmmm, seems his planners decided Kenya was not such a good stop. Why? The locals are all over the fact that he was from a Kenyan family, some of whom were going to greet him with "family ties". LOL. His advisers told him to skip Kenya. Wonder why!!! LOL. BAC should recover sooner than later, but it has "legs" now, with all the "strong buys" by the gurus. We will see lots of manipulation as the HFT's get their pennies per trade. Politicians love it as they are making money at the expense of the retail investor.</Msg><Username>dfaduke</Username><Timestamp>1372160546400</Timestamp><DateTime>Tue, 2013-06-25 07:42:26 EDT</DateTime><ThumbUp>2</ThumbUp><ThumbDown>2</ThumbDown><Sentiment>Strong Buy</Sentiment></Message><Message type="TopicMessage"><Id>1372162221246-21</Id><Title>BAC office in Baghdad</Title><Msg>I hear that BAC is opening an office in Baghdad but I can't find a trustworthy source for the news. Does anyone have a link confirming or denying?</Msg><Username>alexandria_john</Username><Timestamp>1372162221246</Timestamp><DateTime>Tue, 2013-06-25 08:10:21 EDT</DateTime><ThumbUp>0</ThumbUp><ThumbDown>0</ThumbDown><Sentiment/></Message><Message type="ReplyMessage"><Id>1372163853004-22</Id><Topic><Title>BAC office in Baghdad</Title><Username>alexandria_john</Username><Timestamp>1372162221246</Timestamp><DateTime>Tue, 2013-06-25 08:10:21 EDT</DateTime></Topic><Msg>The only announcement I've seen is that C is opening an office, not BAC.</Msg><Username>tigger.redux</Username><Timestamp>1372163853004</Timestamp><DateTime>Tue, 2013-06-25 08:37:33 EDT</DateTime><ThumbUp>0</ThumbUp><ThumbDown>0</ThumbDown><Sentiment/></Message><Message type="TopicMessage"><Id>1372164456666-23</Id><Title>should be back near $13 by end of the week</Title><Msg>bought more yesterday</Msg><Username>sail651</Username><Timestamp>1372164456666</Timestamp><DateTime>Tue, 2013-06-25 08:47:36 EDT</DateTime><ThumbUp>4</ThumbUp><ThumbDown>1</ThumbDown><Sentiment>Strong Buy</Sentiment></Message><Message type="ReplyMessage"><Id>1372164791659-24</Id><Topic><Title>What is the carbon footprint of the obama $100 miilion African vacation?</Title><Username>zevoter01</Username><Timestamp>1372128496409</Timestamp><DateTime>Mon, 2013-06-24 22:48:16 EDT</DateTime></Topic><Msg>Obama's vacation carbon footprint, of course, is classified ..... but is thought to be at least as large as Australia.</Msg><Username>starkdirt</Username><Timestamp>1372164791659</Timestamp><DateTime>Tue, 2013-06-25 08:53:11 EDT</DateTime><ThumbUp>2</ThumbUp><ThumbDown>2</ThumbDown><Sentiment/></Message><Message type="TopicMessage"><Id>1372164843333-25</Id><Title>AGRO on sale--time to load up</Title><Msg>will run back to 8.00</Msg><Username>shortburner2013</Username><Timestamp>1372164843333</Timestamp><DateTime>Tue, 2013-06-25 08:54:03 EDT</DateTime><ThumbUp>0</ThumbUp><ThumbDown>1</ThumbDown><Sentiment/></Message><Message type="ReplyMessage"><Id>1372165080288-26</Id><Topic><Title>120 arrests in Raleigh and you had to hunt for the news? ROFLMFO.</Title><Username>spocklovesyou</Username><Timestamp>1372123121469</Timestamp><DateTime>Mon, 2013-06-24 21:18:41 EDT</DateTime></Topic><Msg>Bush program never offered CELL phones. Obama passed them out like vote-buying candy!</Msg><Username>starkdirt</Username><Timestamp>1372165080288</Timestamp><DateTime>Tue, 2013-06-25 08:58:00 EDT</DateTime><ThumbUp>0</ThumbUp><ThumbDown>1</ThumbDown><Sentiment/></Message><Message type="TopicMessage"><Id>1372165165159-27</Id><Title>Farcical that today is better than yesterday...either they are or are not going to juice the markets?</Title><Msg>My gut says yes....FED can't admit failure or that it has no power to control the Ponzi scheme! Bond market has already gotten well beyond there jawboning!</Msg><Username>andym_30054</Username><Timestamp>1372165165159</Timestamp><DateTime>Tue, 2013-06-25 08:59:25 EDT</DateTime><ThumbUp>0</ThumbUp><ThumbDown>1</ThumbDown><Sentiment/></Message><Message type="TopicMessage"><Id>1372166219656-28</Id><Title>I am snoden</Title><Msg>Hi Obama i am happy and you are trying to catch me. You will not succeed.</Msg><Username>dollar_printer</Username><Timestamp>1372166219656</Timestamp><DateTime>Tue, 2013-06-25 09:16:59 EDT</DateTime><ThumbUp>0</ThumbUp><ThumbDown>3</ThumbDown><Sentiment/></Message><Message type="TopicMessage"><Id>1372166303295-29</Id><Title>100mil for Obamas vacation--going to check out his roots</Title><Msg>total BS--100mil</Msg><Username>shortburner2013</Username><Timestamp>1372166303295</Timestamp><DateTime>Tue, 2013-06-25 09:18:23 EDT</DateTime><ThumbUp>0</ThumbUp><ThumbDown>1</ThumbDown><Sentiment/></Message><Message type="TopicMessage"><Id>1372166452775-30</Id><Title>I am waiting for your drone Idi Obumba</Title><Msg>Try to catch me i am in Moskow. The real winners of WW2.</Msg><Username>dollar_printer</Username><Timestamp>1372166452775</Timestamp><DateTime>Tue, 2013-06-25 09:20:52 EDT</DateTime><ThumbUp>0</ThumbUp><ThumbDown>2</ThumbDown><Sentiment/></Message><Message type="TopicMessage"><Id>1372166640665-31</Id><Title>Send your drones to the red square in moskow i am drinking a beer outside an pub.</Title><Msg>Poetin is a nice guy he will protect me against Idi Obumba from America.</Msg><Username>dollar_printer</Username><Timestamp>1372166640665</Timestamp><DateTime>Tue, 2013-06-25 09:24:00 EDT</DateTime><ThumbUp>0</ThumbUp><ThumbDown>1</ThumbDown><Sentiment/></Message><Message type="TopicMessage"><Id>1372166847207-32</Id><Title>Day trading feral hogs face the music</Title><Msg>Strong housing = BAC @ $15</Msg><Username>rbrentbyrne</Username><Timestamp>1372166847207</Timestamp><DateTime>Tue, 2013-06-25 09:27:27 EDT</DateTime><ThumbUp>0</ThumbUp><ThumbDown>0</ThumbDown><Sentiment/></Message><Message type="TopicMessage"><Id>1372167782196-33</Id><Title>BAC may well skyrocket tomorrow! This is the key reasons why.</Title><Msg>If you are looking for information on the stock market, then you might want to see this Link:- ixDOTlt/cfat (Remove DOT use . )</Msg><Username>wiegard_charles</Username><Timestamp>1372167782196</Timestamp><DateTime>Tue, 2013-06-25 09:43:02 EDT</DateTime><ThumbUp>1</ThumbUp><ThumbDown>1</ThumbDown><Sentiment>Strong Sell</Sentiment></Message><Message type="ReplyMessage"><Id>1372168415987-34</Id><Topic><Title>I am snoden</Title><Username>dollar_printer</Username><Timestamp>1372166219656</Timestamp><DateTime>Tue, 2013-06-25 09:16:59 EDT</DateTime></Topic><Msg>That's okay, you will soon suffer a "bad accident".</Msg><Username>uratimberdope</Username><Timestamp>1372168415987</Timestamp><DateTime>Tue, 2013-06-25 09:53:35 EDT</DateTime><ThumbUp>0</ThumbUp><ThumbDown>0</ThumbDown><Sentiment/></Message><Message type="TopicMessage"><Id>1372168429619-35</Id><Title>Idi Obumba try to catch me</Title><Msg>I am here in Moskow . Hahahaha</Msg><Username>dollar_printer</Username><Timestamp>1372168429619</Timestamp><DateTime>Tue, 2013-06-25 09:53:49 EDT</DateTime><ThumbUp>0</ThumbUp><ThumbDown>1</ThumbDown><Sentiment/></Message><Message type="ReplyMessage"><Id>1372168456803-36</Id><Topic><Title>BAC may well skyrocket tomorrow! This is the key reasons why.</Title><Username>wiegard_charles</Username><Timestamp>1372167782196</Timestamp><DateTime>Tue, 2013-06-25 09:43:02 EDT</DateTime></Topic><Msg>I singed up</Msg><Username>wiegard_charles</Username><Timestamp>1372168456803</Timestamp><DateTime>Tue, 2013-06-25 09:54:16 EDT</DateTime><ThumbUp>0</ThumbUp><ThumbDown>1</ThumbDown><Sentiment/></Message><Message type="ReplyMessage"><Id>1372168482044-37</Id><Topic><Title>MORNING PUMP AFTERNOON DUMP ! ! ! !</Title><Username>pillow_biting_pumper_xxxx</Username><Timestamp>1372160147784</Timestamp><DateTime>Tue, 2013-06-25 07:35:47 EDT</DateTime></Topic><Msg>LOL. Thanks for your money A.S.S.C.L.O.W.N.</Msg><Username>uratimberdope</Username><Timestamp>1372168482044</Timestamp><DateTime>Tue, 2013-06-25 09:54:42 EDT</DateTime><ThumbUp>0</ThumbUp><ThumbDown>0</ThumbDown><Sentiment/></Message><Message type="ReplyMessage"><Id>1372169057555-38</Id><Topic><Title>What is the carbon footprint of the obama $100 miilion African vacation?</Title><Username>zevoter01</Username><Timestamp>1372128496409</Timestamp><DateTime>Mon, 2013-06-24 22:48:16 EDT</DateTime></Topic><Msg>Why are you saying the most open admin in democrap history will not reveal a simple fact as that? Why distant democraps had kennedy serviced in the whitehouse, had monica brought in and out to be screwed, only bj could keep it up that long. and we all know about lbj's dirt dealings, not the least of which include the great society</Msg><Username>zevoter01</Username><Timestamp>1372169057555</Timestamp><DateTime>Tue, 2013-06-25 10:04:17 EDT</DateTime><ThumbUp>1</ThumbUp><ThumbDown>2</ThumbDown><Sentiment/></Message><Message type="TopicMessage"><Id>1372169309979-39</Id><Title>MU went up +300%, DRAM only +20%! DRAM smart phone application is hot! Earning due out in 2 weeks!</Title><Msg>Big run-up started!</Msg><Username>venture_capitalist123</Username><Timestamp>1372169309979</Timestamp><DateTime>Tue, 2013-06-25 10:08:29 EDT</DateTime><ThumbUp>0</ThumbUp><ThumbDown>0</ThumbDown><Sentiment/></Message><Message type="ReplyMessage"><Id>1372169315737-40</Id><Topic><Title>What is the carbon footprint of the obama $100 miilion African vacation?</Title><Username>zevoter01</Username><Timestamp>1372128496409</Timestamp><DateTime>Mon, 2013-06-24 22:48:16 EDT</DateTime></Topic><Msg>manchelle has singularly removed colonies of lobsters off the great barrier reef in Australia, and Maine, yet never a comment as to her carbon footprint</Msg><Username>zevoter01</Username><Timestamp>1372169315737</Timestamp><DateTime>Tue, 2013-06-25 10:08:35 EDT</DateTime><ThumbUp>2</ThumbUp><ThumbDown>2</ThumbDown><Sentiment/></Message><Message type="TopicMessage"><Id>1372169370653-41</Id><Title>DRAM- take-over target like STEC! Earning due in two weeks! Top estimate with large margin!</Title><Msg>BBig run-up starts soon!</Msg><Username>venture_capitalist123</Username><Timestamp>1372169370653</Timestamp><DateTime>Tue, 2013-06-25 10:09:30 EDT</DateTime><ThumbUp>0</ThumbUp><ThumbDown>0</ThumbDown><Sentiment/></Message><Message type="ReplyMessage"><Id>1372169489850-42</Id><Topic><Title>I am waiting for your drone Idi Obumba</Title><Username>dollar_printer</Username><Timestamp>1372166452775</Timestamp><DateTime>Tue, 2013-06-25 09:20:52 EDT</DateTime></Topic><Msg>You will not have long to wait biden the drone is on the way</Msg><Username>zevoter01</Username><Timestamp>1372169489850</Timestamp><DateTime>Tue, 2013-06-25 10:11:29 EDT</DateTime><ThumbUp>0</ThumbUp><ThumbDown>1</ThumbDown><Sentiment/></Message><Message type="ReplyMessage"><Id>1372169564085-43</Id><Topic><Title>100mil for Obamas vacation--going to check out his roots</Title><Username>shortburner2013</Username><Timestamp>1372166303295</Timestamp><DateTime>Tue, 2013-06-25 09:18:23 EDT</DateTime></Topic><Msg>You know he has to outspend the IRS, Obama is a tinpot dictator without a country. It's in his genes</Msg><Username>zevoter01</Username><Timestamp>1372169564085</Timestamp><DateTime>Tue, 2013-06-25 10:12:44 EDT</DateTime><ThumbUp>0</ThumbUp><ThumbDown>1</ThumbDown><Sentiment/></Message><Message type="ReplyMessage"><Id>1372169612544-44</Id><Topic><Title>Day trading feral hogs face the music</Title><Username>rbrentbyrne</Username><Timestamp>1372166847207</Timestamp><DateTime>Tue, 2013-06-25 09:27:27 EDT</DateTime></Topic><Msg>Traders make money regardless the direction. ;-)</Msg><Username>highlowsel</Username><Timestamp>1372169612544</Timestamp><DateTime>Tue, 2013-06-25 10:13:32 EDT</DateTime><ThumbUp>0</ThumbUp><ThumbDown>0</ThumbDown><Sentiment/></Message><Message type="ReplyMessage"><Id>1372169623769-45</Id><Topic><Title>What is the carbon footprint of the obama $100 miilion African vacation?</Title><Username>zevoter01</Username><Timestamp>1372128496409</Timestamp><DateTime>Mon, 2013-06-24 22:48:16 EDT</DateTime></Topic><Msg>Why don't you just out yourself as a nasty racist, little z? It is obvious what your real gripe is. You just hate being shown to be inferior to a black president. You are INFERIOR to a black! Get used to the new knowledge.</Msg><Username>whyduyouask</Username><Timestamp>1372169623769</Timestamp><DateTime>Tue, 2013-06-25 10:13:43 EDT</DateTime><ThumbUp>0</ThumbUp><ThumbDown>4</ThumbDown><Sentiment>Hold</Sentiment></Message><Message type="TopicMessage"><Id>1372169645555-46</Id><Title>The bruins removal last night is a sign. If they markey, and not reform</Title><Msg>once again they will be reeleagter to governance from a cigar store indian</Msg><Username>zevoter01</Username><Timestamp>1372169645555</Timestamp><DateTime>Tue, 2013-06-25 10:14:05 EDT</DateTime><ThumbUp>0</ThumbUp><ThumbDown>2</ThumbDown><Sentiment/></Message><Message type="ReplyMessage"><Id>1372169790135-47</Id><Topic><Title>What is the carbon footprint of the obama $100 miilion African vacation?</Title><Username>zevoter01</Username><Timestamp>1372128496409</Timestamp><DateTime>Mon, 2013-06-24 22:48:16 EDT</DateTime></Topic><Msg>The supreme court just decided , must be they are racist section 4 just struck down!</Msg><Username>zevoter01</Username><Timestamp>1372169790135</Timestamp><DateTime>Tue, 2013-06-25 10:16:30 EDT</DateTime><ThumbUp>1</ThumbUp><ThumbDown>2</ThumbDown><Sentiment/></Message><Message type="ReplyMessage"><Id>1372170066160-48</Id><Topic><Title>BAC may well skyrocket tomorrow! This is the key reasons why.</Title><Username>wiegard_charles</Username><Timestamp>1372167782196</Timestamp><DateTime>Tue, 2013-06-25 09:43:02 EDT</DateTime></Topic><Msg>BofA You Suck, Plain and simple, you take one step forward and two steps back. When is an investor going to see any earnings? Cant wait to break even so I can dump your #$%$. I may have to wait 10 years.</Msg><Username>detpf</Username><Timestamp>1372170066160</Timestamp><DateTime>Tue, 2013-06-25 10:21:06 EDT</DateTime><ThumbUp>0</ThumbUp><ThumbDown>2</ThumbDown><Sentiment/></Message><Message type="TopicMessage"><Id>1372170139700-49</Id><Title>GOVERNMENT SECRECY IS NO WAY TO PROTECT A FREE SOCIETY</Title><Msg>TRANSPARENCY IS PARAMOUNT!</Msg><Username>afro_skum</Username><Timestamp>1372170139700</Timestamp><DateTime>Tue, 2013-06-25 10:22:19 EDT</DateTime><ThumbUp>0</ThumbUp><ThumbDown>4</ThumbDown><Sentiment/></Message><Message type="ReplyMessage"><Id>1372170571998-50</Id><Topic><Title>GOVERNMENT SECRECY IS NO WAY TO PROTECT A FREE SOCIETY</Title><Username>afro_skum</Username><Timestamp>1372170139700</Timestamp><DateTime>Tue, 2013-06-25 10:22:19 EDT</DateTime></Topic><Msg>hey zevoter #$%$....no one cares what some drunk burn out thinks..... it turns out the IRS investigated more liberal organizations than the tea whiners....so you were dead wrong again....we have been waiting 5 years for you to tell us what lies Obama said......change your diaper....then maybe you can think better hold the DEPENDS Mason</Msg><Username>moron_alarm</Username><Timestamp>1372170571998</Timestamp><DateTime>Tue, 2013-06-25 10:29:31 EDT</DateTime><ThumbUp>1</ThumbUp><ThumbDown>0</ThumbDown><Sentiment/></Message><Message type="ReplyMessage"><Id>1372170639139-51</Id><Topic><Title>What is the carbon footprint of the obama $100 miilion African vacation?</Title><Username>zevoter01</Username><Timestamp>1372128496409</Timestamp><DateTime>Mon, 2013-06-24 22:48:16 EDT</DateTime></Topic><Msg>poor loser druggie zevoter.....is your diaper full again? a good enema should help you clear your mind! hold the mayo for the board loser! Mason</Msg><Username>moron_alarm</Username><Timestamp>1372170639139</Timestamp><DateTime>Tue, 2013-06-25 10:30:39 EDT</DateTime><ThumbUp>0</ThumbUp><ThumbDown>0</ThumbDown><Sentiment/></Message><Message type="ReplyMessage"><Id>1372170737718-52</Id><Topic><Title>The bruins removal last night is a sign. If they markey, and not reform</Title><Username>zevoter01</Username><Timestamp>1372169645555</Timestamp><DateTime>Tue, 2013-06-25 10:14:05 EDT</DateTime></Topic><Msg>hey burn out drunk nosepicker zevoter....what does "reeleagter" mean? are you drunk this early in the morning again? hold the GED spelling section ! Mason</Msg><Username>moron_alarm</Username><Timestamp>1372170737718</Timestamp><DateTime>Tue, 2013-06-25 10:32:17 EDT</DateTime><ThumbUp>0</ThumbUp><ThumbDown>0</ThumbDown><Sentiment/></Message><Message type="ReplyMessage"><Id>1372170765875-53</Id><Topic><Title>What is the carbon footprint of the obama $100 miilion African vacation?</Title><Username>zevoter01</Username><Timestamp>1372128496409</Timestamp><DateTime>Mon, 2013-06-24 22:48:16 EDT</DateTime></Topic><Msg>charges like racism thrown around by the democrap racists themselves were just blunted, by the Supreme court afterall we have a dim witted goon in the whitehouse who stole yet another election. I can not way till he is lead away in chains, facing a gitmo term of life..............</Msg><Username>zevoter01</Username><Timestamp>1372170765875</Timestamp><DateTime>Tue, 2013-06-25 10:32:45 EDT</DateTime><ThumbUp>0</ThumbUp><ThumbDown>1</ThumbDown><Sentiment/></Message><Message type="ReplyMessage"><Id>1372170767965-54</Id><Topic><Title>we are ready for liftoff! look at this post ASAP</Title><Username>austinjeremiah838</Username><Timestamp>1371744428219</Timestamp><DateTime>Thu, 2013-06-20 12:07:08 EDT</DateTime></Topic><Msg>I am buying this now</Msg><Username>mclaughlinaiden142</Username><Timestamp>1372170767965</Timestamp><DateTime>Tue, 2013-06-25 10:32:47 EDT</DateTime><ThumbUp>0</ThumbUp><ThumbDown>0</ThumbDown><Sentiment/></Message><Message type="ReplyMessage"><Id>1372170790646-55</Id><Topic><Title>Be about that life</Title><Username>gonzalezangel810</Username><Timestamp>1371564564891</Timestamp><DateTime>Tue, 2013-06-18 10:09:24 EDT</DateTime></Topic><Msg>I am buying this now</Msg><Username>mclaughlinaiden142</Username><Timestamp>1372170790646</Timestamp><DateTime>Tue, 2013-06-25 10:33:10 EDT</DateTime><ThumbUp>0</ThumbUp><ThumbDown>1</ThumbDown><Sentiment/></Message><Message type="ReplyMessage"><Id>1372170900451-56</Id><Topic><Title>The bruins removal last night is a sign. If they markey, and not reform</Title><Username>zevoter01</Username><Timestamp>1372169645555</Timestamp><DateTime>Tue, 2013-06-25 10:14:05 EDT</DateTime></Topic><Msg>The Obama death panel convenes later today to decide on your demise. enjoy the cup of hemlock</Msg><Username>zevoter01</Username><Timestamp>1372170900451</Timestamp><DateTime>Tue, 2013-06-25 10:35:00 EDT</DateTime><ThumbUp>0</ThumbUp><ThumbDown>2</ThumbDown><Sentiment/></Message><Message type="ReplyMessage"><Id>1372170954477-57</Id><Topic><Title>GOVERNMENT SECRECY IS NO WAY TO PROTECT A FREE SOCIETY</Title><Username>afro_skum</Username><Timestamp>1372170139700</Timestamp><DateTime>Tue, 2013-06-25 10:22:19 EDT</DateTime></Topic><Msg>How convenient that the IRS came up with these liberal investigations when the water became to hot to bear. Liars will always be liars and you will always be a fool.</Msg><Username>afro_skum</Username><Timestamp>1372170954477</Timestamp><DateTime>Tue, 2013-06-25 10:35:54 EDT</DateTime><ThumbUp>0</ThumbUp><ThumbDown>2</ThumbDown><Sentiment/></Message><Message type="ReplyMessage"><Id>1372170983645-58</Id><Topic><Title>GOVERNMENT SECRECY IS NO WAY TO PROTECT A FREE SOCIETY</Title><Username>afro_skum</Username><Timestamp>1372170139700</Timestamp><DateTime>Tue, 2013-06-25 10:22:19 EDT</DateTime></Topic><Msg>Free Snowden!!!!</Msg><Username>whitest_white</Username><Timestamp>1372170983645</Timestamp><DateTime>Tue, 2013-06-25 10:36:23 EDT</DateTime><ThumbUp>0</ThumbUp><ThumbDown>2</ThumbDown><Sentiment/></Message><Message type="ReplyMessage"><Id>1372171599703-59</Id><Topic><Title>GOVERNMENT SECRECY IS NO WAY TO PROTECT A FREE SOCIETY</Title><Username>afro_skum</Username><Timestamp>1372170139700</Timestamp><DateTime>Tue, 2013-06-25 10:22:19 EDT</DateTime></Topic><Msg>Yeah and the NIS is a bunch of sweethearts. Say something intelligent.</Msg><Username>carburetorkid</Username><Timestamp>1372171599703</Timestamp><DateTime>Tue, 2013-06-25 10:46:39 EDT</DateTime><ThumbUp>0</ThumbUp><ThumbDown>1</ThumbDown><Sentiment/></Message><Message type="TopicMessage"><Id>1372171620666-60</Id><Title>Just another day if organized crime on fraud street cnbc boiler room</Title><Msg>Has been full of excuses last few days lol</Msg><Username>tom.foolery2</Username><Timestamp>1372171620666</Timestamp><DateTime>Tue, 2013-06-25 10:47:00 EDT</DateTime><ThumbUp>0</ThumbUp><ThumbDown>1</ThumbDown><Sentiment/></Message><Message type="TopicMessage"><Id>1372171978859-61</Id><Title>NNA ready to pop--Get in now</Title><Msg>to 3.70</Msg><Username>shortburner2013</Username><Timestamp>1372171978859</Timestamp><DateTime>Tue, 2013-06-25 10:52:58 EDT</DateTime><ThumbUp>0</ThumbUp><ThumbDown>0</ThumbDown><Sentiment/></Message><Message type="TopicMessage"><Id>1372172861307-62</Id><Title>due to the sequester obama death panels will be handing out 1/2 cups of hemlock</Title><Msg>However the govt has raided pelousy's govt paid for liquor cabinet and will provide all the booze the onbama gang needs for the up coming $100 million African adventure</Msg><Username>zevoter01</Username><Timestamp>1372172861307</Timestamp><DateTime>Tue, 2013-06-25 11:07:41 EDT</DateTime><ThumbUp>0</ThumbUp><ThumbDown>2</ThumbDown><Sentiment/></Message><Message type="TopicMessage"><Id>1372173229691-63</Id><Title>Hi its me Edward.</Title><Msg>Why are you angry . I told only the truth.</Msg><Username>dollar_printer</Username><Timestamp>1372173229691</Timestamp><DateTime>Tue, 2013-06-25 11:13:49 EDT</DateTime><ThumbUp>0</ThumbUp><ThumbDown>1</ThumbDown><Sentiment/></Message><Message type="TopicMessage"><Id>1372173242631-64</Id><Title>Markets much calmer today....</Title><Msg>....so its just the political idiots, pumpers, and spammers left on here today. Woof, woof.</Msg><Username>doggiedogdog</Username><Timestamp>1372173242631</Timestamp><DateTime>Tue, 2013-06-25 11:14:02 EDT</DateTime><ThumbUp>1</ThumbUp><ThumbDown>0</ThumbDown><Sentiment/></Message><Message type="TopicMessage"><Id>1372173581294-65</Id><Title>Scam fraud market why bac need 10 times the volume to go up 20 pennies</Title><Msg>As it does to go down 60 pennies? Organized crime on fraud street lol</Msg><Username>tom.foolery2</Username><Timestamp>1372173581294</Timestamp><DateTime>Tue, 2013-06-25 11:19:41 EDT</DateTime><ThumbUp>0</ThumbUp><ThumbDown>1</ThumbDown><Sentiment/></Message><Message type="ReplyMessage"><Id>1372173963494-66</Id><Topic><Title>The bruins removal last night is a sign. If they markey, and not reform</Title><Username>zevoter01</Username><Timestamp>1372169645555</Timestamp><DateTime>Tue, 2013-06-25 10:14:05 EDT</DateTime></Topic><Msg>more dribble from zevoter...mr burned out drunk hater of everything....he spits out so much garbage...because he is garbage.....living in rancid trailer.... someone crack a window! hey loser... when are you going to post Obama's lies?...we have been waiting for 5 years! huh reprobate? Mason</Msg><Username>moron_alarm</Username><Timestamp>1372173963494</Timestamp><DateTime>Tue, 2013-06-25 11:26:03 EDT</DateTime><ThumbUp>0</ThumbUp><ThumbDown>0</ThumbDown><Sentiment/></Message><Message type="ReplyMessage"><Id>1372174121878-67</Id><Topic><Title>GOVERNMENT SECRECY IS NO WAY TO PROTECT A FREE SOCIETY</Title><Username>afro_skum</Username><Timestamp>1372170139700</Timestamp><DateTime>Tue, 2013-06-25 10:22:19 EDT</DateTime></Topic><Msg>hey zevoter/ebolavirus/afro.......Bush got into trouble in 2006 for pushing the IRS to do the same thing.....can't remember you loser! remember to change your diaper...you know how you get when is overflowing....you start posting your dribble hold the sanitary wipes! Mason</Msg><Username>moron_alarm</Username><Timestamp>1372174121878</Timestamp><DateTime>Tue, 2013-06-25 11:28:41 EDT</DateTime><ThumbUp>0</ThumbUp><ThumbDown>1</ThumbDown><Sentiment/></Message><Message type="ReplyMessage"><Id>1372174288056-68</Id><Topic><Title>due to the sequester obama death panels will be handing out 1/2 cups of hemlock</Title><Username>zevoter01</Username><Timestamp>1372172861307</Timestamp><DateTime>Tue, 2013-06-25 11:07:41 EDT</DateTime></Topic><Msg>hey burn out zevoter....are you stoned already today? who is pelousy's? onbama? who is that? remember when you go for your GED exam.....you better bone up on your spelling! it will be on the test hold the GED! Mason</Msg><Username>moron_alarm</Username><Timestamp>1372174288056</Timestamp><DateTime>Tue, 2013-06-25 11:31:28 EDT</DateTime><ThumbUp>0</ThumbUp><ThumbDown>0</ThumbDown><Sentiment/></Message><Message type="ReplyMessage"><Id>1372174349034-69</Id><Topic><Title>I am snoden</Title><Username>dollar_printer</Username><Timestamp>1372166219656</Timestamp><DateTime>Tue, 2013-06-25 09:16:59 EDT</DateTime></Topic><Msg>you know what a drone -is ???</Msg><Username>da23533</Username><Timestamp>1372174349034</Timestamp><DateTime>Tue, 2013-06-25 11:32:29 EDT</DateTime><ThumbUp>0</ThumbUp><ThumbDown>0</ThumbDown><Sentiment/></Message><Message type="ReplyMessage"><Id>1372174368236-70</Id><Topic><Title>Just another day if organized crime on fraud street cnbc boiler room</Title><Username>tom.foolery2</Username><Timestamp>1372171620666</Timestamp><DateTime>Tue, 2013-06-25 10:47:00 EDT</DateTime></Topic><Msg>poor loser zevoter/tomthebumfoolery....hey drunk.....you are only mad because you are a broke uneducated loser.....of course you were a loser way before anyone every heard of Obama! don't light a match! Mason</Msg><Username>moron_alarm</Username><Timestamp>1372174368236</Timestamp><DateTime>Tue, 2013-06-25 11:32:48 EDT</DateTime><ThumbUp>0</ThumbUp><ThumbDown>0</ThumbDown><Sentiment/></Message><Message type="ReplyMessage"><Id>1372174518892-71</Id><Topic><Title>GOVERNMENT SECRECY IS NO WAY TO PROTECT A FREE SOCIETY</Title><Username>afro_skum</Username><Timestamp>1372170139700</Timestamp><DateTime>Tue, 2013-06-25 10:22:19 EDT</DateTime></Topic><Msg>how funny...zevoter as whitestwhitebigot answering his other alias ebolavirus/afroscum......hey zevoter....can TraderX come out and play today?....we love making him/you look stupid...of course we understand he now goes by TACOTRADERX.... hold the salsa! Mason</Msg><Username>moron_alarm</Username><Timestamp>1372174518892</Timestamp><DateTime>Tue, 2013-06-25 11:35:18 EDT</DateTime><ThumbUp>0</ThumbUp><ThumbDown>0</ThumbDown><Sentiment/></Message><Message type="TopicMessage"><Id>1372174574794-72</Id><Title>Just another day in obama #$%$ land</Title><Msg>Why would any parent cry foul? The attackers were black, and the camp is an organized Obama camp.A seventh-grade boy was allegedly raped by another male student during gym class at Barack Obama Global Preparation Academy in Los Angeles two weeks ago. The 13-year-old boy, identified only as Julian, is a special-needs student at the middle school, reports KTLA. He has the mental capacity of a six-to-eight year old.</Msg><Username>zevoter01</Username><Timestamp>1372174574794</Timestamp><DateTime>Tue, 2013-06-25 11:36:14 EDT</DateTime><ThumbUp>0</ThumbUp><ThumbDown>1</ThumbDown><Sentiment/></Message><Message type="TopicMessage"><Id>1372174602617-73</Id><Title>This is like throwing money into a fire pit</Title><Msg>This bounce doest lookright at all</Msg><Username>testpilot1003</Username><Timestamp>1372174602617</Timestamp><DateTime>Tue, 2013-06-25 11:36:42 EDT</DateTime><ThumbUp>0</ThumbUp><ThumbDown>1</ThumbDown><Sentiment/></Message><Message type="TopicMessage"><Id>1372174815182-74</Id><Title>how come the msm is not covering the closing of midnight basketball under the sequester</Title><Msg>Gee that $100 million he is about to spend in Africa could have funded at least a year of it</Msg><Username>zevoter01</Username><Timestamp>1372174815182</Timestamp><DateTime>Tue, 2013-06-25 11:40:15 EDT</DateTime><ThumbUp>0</ThumbUp><ThumbDown>1</ThumbDown><Sentiment/></Message><Message type="TopicMessage"><Id>1372175027489-75</Id><Title>obama and coal</Title><Msg>#$%$ more jobs down the drain but does he care no way and a lot of these coal workers. Voted for this fool.</Msg><Username>scotthuc</Username><Timestamp>1372175027489</Timestamp><DateTime>Tue, 2013-06-25 11:43:47 EDT</DateTime><ThumbUp>3</ThumbUp><ThumbDown>0</ThumbDown><Sentiment/></Message><Message type="TopicMessage"><Id>1372175244927-76</Id><Title>Once again, this bank and many other company's are down sizing not because of growth</Title><Msg>but because the economy is still contracting!!!! Get a grip people, it's not working. We are a Welfare State, thank you Bamba</Msg><Username>mike_t_showers</Username><Timestamp>1372175244927</Timestamp><DateTime>Tue, 2013-06-25 11:47:24 EDT</DateTime><ThumbUp>2</ThumbUp><ThumbDown>2</ThumbDown><Sentiment/></Message><Message type="TopicMessage"><Id>1372175443949-77</Id><Title>The supreme court says the obamnacare scam is a tax</Title><Msg>Yup , yet jugears told us it was not. Whom should we trust, not deadbeat Obama for sure</Msg><Username>zevoter01</Username><Timestamp>1372175443949</Timestamp><DateTime>Tue, 2013-06-25 11:50:43 EDT</DateTime><ThumbUp>1</ThumbUp><ThumbDown>1</ThumbDown><Sentiment/></Message><Message type="TopicMessage"><Id>1372175554664-78</Id><Title>Obama delivers yet another blow to minorities</Title><Msg>Yup, they got their Obama phones but his arrogance just separated them from "special" voting privileges</Msg><Username>zevoter01</Username><Timestamp>1372175554664</Timestamp><DateTime>Tue, 2013-06-25 11:52:34 EDT</DateTime><ThumbUp>1</ThumbUp><ThumbDown>1</ThumbDown><Sentiment/></Message><Message type="ReplyMessage"><Id>1372175607674-79</Id><Topic><Title>Once again, this bank and many other company's are down sizing not because of growth</Title><Username>mike_t_showers</Username><Timestamp>1372175244927</Timestamp><DateTime>Tue, 2013-06-25 11:47:24 EDT</DateTime></Topic><Msg>libertylies will now call you a racist</Msg><Username>zevoter01</Username><Timestamp>1372175607674</Timestamp><DateTime>Tue, 2013-06-25 11:53:27 EDT</DateTime><ThumbUp>0</ThumbUp><ThumbDown>2</ThumbDown><Sentiment/></Message><Message type="TopicMessage"><Id>1372175959292-80</Id><Title>Bankers making Billions while the Economy Burns!</Title><Msg>Unbelievable</Msg><Username>testpilot1003</Username><Timestamp>1372175959292</Timestamp><DateTime>Tue, 2013-06-25 11:59:19 EDT</DateTime><ThumbUp>0</ThumbUp><ThumbDown>1</ThumbDown><Sentiment/></Message><Message type="TopicMessage"><Id>1372176205639-81</Id><Title>Why hasn't John #$%$ kerry calling on the UN more?</Title><Msg>Gee all during the agony of his run, every other word out of his yap was UN. And now? Seems like all he had was words, and knew the UN is nothing more than a party rally for the left, those opposed to the USA and freedom</Msg><Username>zevoter01</Username><Timestamp>1372176205639</Timestamp><DateTime>Tue, 2013-06-25 12:03:25 EDT</DateTime><ThumbUp>4</ThumbUp><ThumbDown>2</ThumbDown><Sentiment/></Message><Message type="TopicMessage"><Id>1372176889620-82</Id><Title>NYSE is the white collar Taliban</Title><Msg>Never forget the type of damage they can do, especially when uncle Ben stops feeding them crack cocaine</Msg><Username>tom.foolery2</Username><Timestamp>1372176889620</Timestamp><DateTime>Tue, 2013-06-25 12:14:49 EDT</DateTime><ThumbUp>0</ThumbUp><ThumbDown>0</ThumbDown><Sentiment/></Message><Message type="TopicMessage"><Id>1372178287014-83</Id><Title>Bac Recognized for Exemplary National Guard and Reserve Support</Title><Msg>Receives 2013 Secretary of Defense Employer Support Freedom Award. Bank of America has been named a 2013 Secretary of Defense Employer Support Freedom Award recipient, the highest recognition given to companies for support of their employees who serve in the National Guard and Reserve. “We recognize the unique skills and experiences that National Guard and Reserve employees bring to our company, and that’s why we place such value on attracting, developing and retaining them,” said Andrea Smith, Global Human Resources executive at Bank of America. “We employ some 6,000 veterans, Guard and Reserve members, 1,600 of whom were hired last year. We’re working hard to increase that number, and the level of support we provide.” Freedom Award winners are recognized for their implementation of formal policies and informal initiatives that go above and beyond in assisting and encouraging National Guard and Reserve service. In 2012, Bank of America established the Military Affairs Advisory Group, an internal team dedicated to coordinating programs across the company focused on supporting Guard and Reserve employees, and veterans. In addition, the company works with these employees through the Military Support &amp; Assistance Group, a resource that creates opportunities for advancement and leadership development through networking, mentoring and information forums. Bank of America also supports the military through contributions to service-focused nonprofit organizations such as the George W. Bush Institute Military Service Initiative and Wounded Warrior Project (WWP), and by providing differentiated banking services for service members. In 2012, the company broadened its efforts by announcing a three-year commitment to make up to 1,000 properties available.</Msg><Username>cchaker</Username><Timestamp>1372178287014</Timestamp><DateTime>Tue, 2013-06-25 12:38:07 EDT</DateTime><ThumbUp>0</ThumbUp><ThumbDown>0</ThumbDown><Sentiment/></Message><Message type="TopicMessage"><Id>1372178952736-84</Id><Title>BAC will have a great qtr coming up!</Title><Msg>Mark my words boys. Ben's friends made billions on his speech. He made everyone sell while his boys bought at the low, and now cleaning up financially. It's gotta be good to be in the know, or had the insight not to sell BAC! See you at $20 come December!!!!</Msg><Username>chillywilley830</Username><Timestamp>1372178952736</Timestamp><DateTime>Tue, 2013-06-25 12:49:12 EDT</DateTime><ThumbUp>1</ThumbUp><ThumbDown>1</ThumbDown><Sentiment/></Message><Message type="TopicMessage"><Id>1372179402478-85</Id><Title>Check Out These Stock Picks</Title><Msg>If you’re looking for a few smart picks to invest in look no further. Sign up for the service. Text the word Alerts without quotes to FIVE FIVE FIVE EIGHT EIGHT EIGHT and start investing smart</Msg><Username>htristan678</Username><Timestamp>1372179402478</Timestamp><DateTime>Tue, 2013-06-25 12:56:42 EDT</DateTime><ThumbUp>1</ThumbUp><ThumbDown>1</ThumbDown><Sentiment/></Message><Message type="TopicMessage"><Id>1372179585264-86</Id><Title>Teabagging Supreme Court to allow voter suppression all over again in confederate states !</Title><Msg>Cant win without cheating GOP sore losers !</Msg><Username>dubbyaworstever</Username><Timestamp>1372179585264</Timestamp><DateTime>Tue, 2013-06-25 12:59:45 EDT</DateTime><ThumbUp>4</ThumbUp><ThumbDown>2</ThumbDown><Sentiment/></Message><Message type="TopicMessage"><Id>1372179809819-87</Id><Title>Is there a point to this stock going up today?the NYSE Taliban</Title><Msg>Will just naked short it back down tomorrow lol so ya what's the point</Msg><Username>tom.foolery2</Username><Timestamp>1372179809819</Timestamp><DateTime>Tue, 2013-06-25 13:03:29 EDT</DateTime><ThumbUp>0</ThumbUp><ThumbDown>0</ThumbDown><Sentiment/></Message><Message type="TopicMessage"><Id>1372180080412-88</Id><Title>SHORT CLOWN GOT A DIKMEAT SANDWICH!</Title><Msg>A dikmeat sandwich! LOL.</Msg><Username>biggusdikkus12</Username><Timestamp>1372180080412</Timestamp><DateTime>Tue, 2013-06-25 13:08:00 EDT</DateTime><ThumbUp>0</ThumbUp><ThumbDown>1</ThumbDown><Sentiment/></Message><Message type="ReplyMessage"><Id>1372180283668-89</Id><Topic><Title>God Bless The USS Liberty Survivors</Title><Username>mel_gibson57</Username><Timestamp>1372130923334</Timestamp><DateTime>Mon, 2013-06-24 23:28:43 EDT</DateTime></Topic><Msg>God bless Israel....and #$%$ racist hypocrite</Msg><Username>roccofelardi</Username><Timestamp>1372180283668</Timestamp><DateTime>Tue, 2013-06-25 13:11:23 EDT</DateTime><ThumbUp>1</ThumbUp><ThumbDown>0</ThumbDown><Sentiment/></Message><Message type="TopicMessage"><Id>1372180293519-90</Id><Title>mortgage,and student loan interest rates will continue to increase</Title><Msg>what do you think that will do to the dow ?</Msg><Username>geoiguy1</Username><Timestamp>1372180293519</Timestamp><DateTime>Tue, 2013-06-25 13:11:33 EDT</DateTime><ThumbUp>0</ThumbUp><ThumbDown>1</ThumbDown><Sentiment/></Message><Message type="TopicMessage"><Id>1372180378206-91</Id><Title>dow comfort zone:9000 - 10000 range</Title><Msg>not enough good news out there to confirm these levels.</Msg><Username>geoiguy1</Username><Timestamp>1372180378206</Timestamp><DateTime>Tue, 2013-06-25 13:12:58 EDT</DateTime><ThumbUp>0</ThumbUp><ThumbDown>1</ThumbDown><Sentiment/></Message><Message type="ReplyMessage"><Id>1372180439753-92</Id><Topic><Title>mortgage,and student loan interest rates will continue to increase</Title><Username>geoiguy1</Username><Timestamp>1372180293519</Timestamp><DateTime>Tue, 2013-06-25 13:11:33 EDT</DateTime></Topic><Msg>Higher interest rates What do you think that will do for banks who lend money ?</Msg><Username>well_connected_and_well_off</Username><Timestamp>1372180439753</Timestamp><DateTime>Tue, 2013-06-25 13:13:59 EDT</DateTime><ThumbUp>0</ThumbUp><ThumbDown>1</ThumbDown><Sentiment/></Message><Message type="ReplyMessage"><Id>1372181407265-93</Id><Topic><Title>Why hasn't John #$%$ kerry calling on the UN more?</Title><Username>zevoter01</Username><Timestamp>1372176205639</Timestamp><DateTime>Tue, 2013-06-25 12:03:25 EDT</DateTime></Topic><Msg>better question is why does the US even bother being in the UN ??? and why does the US pick up the tab for all those UN expenses???-bucko</Msg><Username>muench.john</Username><Timestamp>1372181407265</Timestamp><DateTime>Tue, 2013-06-25 13:30:07 EDT</DateTime><ThumbUp>4</ThumbUp><ThumbDown>2</ThumbDown><Sentiment/></Message><Message type="TopicMessage"><Id>1372181593841-94</Id><Title>YOU CAN'T DUMP IT UNTIL YOU PUMP IT ! ! ! ! !</Title><Msg>BAC DONKEY HEADING BACK TO $5 ! ! ! ! ! !</Msg><Username>pillow_biting_pumper_xxxx</Username><Timestamp>1372181593841</Timestamp><DateTime>Tue, 2013-06-25 13:33:13 EDT</DateTime><ThumbUp>0</ThumbUp><ThumbDown>2</ThumbDown><Sentiment/></Message><Message type="ReplyMessage"><Id>1372182469464-95</Id><Topic><Title>Teabagging Supreme Court to allow voter suppression all over again in confederate states !</Title><Username>dubbyaworstever</Username><Timestamp>1372179585264</Timestamp><DateTime>Tue, 2013-06-25 12:59:45 EDT</DateTime></Topic><Msg>This is what happens to country when you elect TeaBaggers and GOP. Congress and the old appointed GOP judges do this to USA.</Msg><Username>stock_fool</Username><Timestamp>1372182469464</Timestamp><DateTime>Tue, 2013-06-25 13:47:49 EDT</DateTime><ThumbUp>3</ThumbUp><ThumbDown>1</ThumbDown><Sentiment/></Message><Message type="TopicMessage"><Id>1372182596004-96</Id><Title>46.12</Title><Msg>hmm. took at the 45's . now 46.16. just wait till a couple days before icahn speaks at alpha (7/17) . not a good time to be short hlf. then hlf reports on 7/29 . getting interesting.-bucko 46.24</Msg><Username>muench.john</Username><Timestamp>1372182596004</Timestamp><DateTime>Tue, 2013-06-25 13:49:56 EDT</DateTime><ThumbUp>0</ThumbUp><ThumbDown>0</ThumbDown><Sentiment/></Message><Message type="ReplyMessage"><Id>1372182702499-97</Id><Topic><Title>YOU CAN'T DUMP IT UNTIL YOU PUMP IT ! ! ! ! !</Title><Username>pillow_biting_pumper_xxxx</Username><Timestamp>1372181593841</Timestamp><DateTime>Tue, 2013-06-25 13:33:13 EDT</DateTime></Topic><Msg>Thanks for your money, douchbag. You really handed it over today, didn't you?</Msg><Username>exnavyseal3</Username><Timestamp>1372182702499</Timestamp><DateTime>Tue, 2013-06-25 13:51:42 EDT</DateTime><ThumbUp>1</ThumbUp><ThumbDown>0</ThumbDown><Sentiment/></Message><Message type="ReplyMessage"><Id>1372183050082-98</Id><Topic><Title>Teabagging Supreme Court to allow voter suppression all over again in confederate states !</Title><Username>dubbyaworstever</Username><Timestamp>1372179585264</Timestamp><DateTime>Tue, 2013-06-25 12:59:45 EDT</DateTime></Topic><Msg>A Teabagger is what a sore loser looks like ! They came out after losing ! Now they are trying to cheat !</Msg><Username>dubbyaworstever</Username><Timestamp>1372183050082</Timestamp><DateTime>Tue, 2013-06-25 13:57:30 EDT</DateTime><ThumbUp>3</ThumbUp><ThumbDown>2</ThumbDown><Sentiment/></Message><Message type="ReplyMessage"><Id>1372183415440-99</Id><Topic><Title>Whats That Funky Smell</Title><Username>kid_dynomite_65</Username><Timestamp>1372129793408</Timestamp><DateTime>Mon, 2013-06-24 23:09:53 EDT</DateTime></Topic><Msg>you haven't bathed lately - ????????????</Msg><Username>da23533</Username><Timestamp>1372183415440</Timestamp><DateTime>Tue, 2013-06-25 14:03:35 EDT</DateTime><ThumbUp>3</ThumbUp><ThumbDown>0</ThumbDown><Sentiment/></Message><Message type="ReplyMessage"><Id>1372183452171-100</Id><Topic><Title>Teabagging Supreme Court to allow voter suppression all over again in confederate states !</Title><Username>dubbyaworstever</Username><Timestamp>1372179585264</Timestamp><DateTime>Tue, 2013-06-25 12:59:45 EDT</DateTime></Topic><Msg>The republican supreme court is corporate owned and they will stick it to America almost everytime now.</Msg><Username>sirifuture</Username><Timestamp>1372183452171</Timestamp><DateTime>Tue, 2013-06-25 14:04:12 EDT</DateTime><ThumbUp>3</ThumbUp><ThumbDown>1</ThumbDown><Sentiment>Buy</Sentiment></Message><Message type="ReplyMessage"><Id>1372183651594-101</Id><Topic><Title>Teabagging Supreme Court to allow voter suppression all over again in confederate states !</Title><Username>dubbyaworstever</Username><Timestamp>1372179585264</Timestamp><DateTime>Tue, 2013-06-25 12:59:45 EDT</DateTime></Topic><Msg>Yes , I guess that is what the GOP does ! They represent the US Corpocracy !</Msg><Username>dubbyaworstever</Username><Timestamp>1372183651594</Timestamp><DateTime>Tue, 2013-06-25 14:07:31 EDT</DateTime><ThumbUp>3</ThumbUp><ThumbDown>1</ThumbDown><Sentiment/></Message><Message type="TopicMessage"><Id>1372183804711-102</Id><Title>NNA getting a little volume--up 3%</Title><Msg>buy buy --secondary was priced and placed with institutional buyers at 3.65</Msg><Username>shortburner2013</Username><Timestamp>1372183804711</Timestamp><DateTime>Tue, 2013-06-25 14:10:04 EDT</DateTime><ThumbUp>0</ThumbUp><ThumbDown>0</ThumbDown><Sentiment/></Message><Message type="TopicMessage"><Id>1372183808889-103</Id><Title>Remember when G W Bush bailed out BOA with billions of borrowed US taxpayer dollars !</Title><Msg>Now Faux news has their ignorant teabagging watchers believing it is that foreign black guy from Kenya ! So sad !!</Msg><Username>dubbyaworstever</Username><Timestamp>1372183808889</Timestamp><DateTime>Tue, 2013-06-25 14:10:08 EDT</DateTime><ThumbUp>4</ThumbUp><ThumbDown>4</ThumbDown><Sentiment/></Message><Message type="ReplyMessage"><Id>1372184226070-104</Id><Topic><Title>Farcical that today is better than yesterday...either they are or are not going to juice the markets?</Title><Username>andym_30054</Username><Timestamp>1372165165159</Timestamp><DateTime>Tue, 2013-06-25 08:59:25 EDT</DateTime></Topic><Msg>Truth...Wall street sharks complain about healthcare services for the needy but can't play their ponzi scheme unless Uncle Sammy pays them their tribute! Corruption by Wall strret will kill this country!</Msg><Username>andym_30054</Username><Timestamp>1372184226070</Timestamp><DateTime>Tue, 2013-06-25 14:17:06 EDT</DateTime><ThumbUp>0</ThumbUp><ThumbDown>0</ThumbDown><Sentiment/></Message><Message type="ReplyMessage"><Id>1372184434443-105</Id><Topic><Title>libertylies why aren't you touting obama jobs creation?</Title><Username>zevoter01</Username><Timestamp>1371742693672</Timestamp><DateTime>Thu, 2013-06-20 11:38:13 EDT</DateTime></Topic><Msg>dfaduke, your continued displays of racism continue to paint you as a sub-human specimen. Also, DD reveals you are not a lawyer, as you claim. Further, DoD has no record of service for you, let alone Viet Nam. Why are you misrepresenting yourself so egregiously?</Msg><Username>pastorgoodman40</Username><Timestamp>1372184434443</Timestamp><DateTime>Tue, 2013-06-25 14:20:34 EDT</DateTime><ThumbUp>3</ThumbUp><ThumbDown>3</ThumbDown><Sentiment/></Message><Message type="ReplyMessage"><Id>1372184711678-106</Id><Topic><Title>Is "value" about to be re-defined?</Title><Username>fish2kill</Username><Timestamp>1371776509529</Timestamp><DateTime>Thu, 2013-06-20 21:01:49 EDT</DateTime></Topic><Msg>Many here have been wanting to say bye bye to shorts for a while, eagerly anticipating a green day or two where valuation is fun again.I suppose anything could happen, look at the change of atittiude with the Bond King and Warren towards investments lately.So do you think I can get any of these people or you to present at the Al Bundy Kyle Dube economics conference? Even if we don't use your work, you may be able to submit it to a less selective publication such as The Onion. Our goal is to make the subued pages come alive with enthusiastic expression and human intrigue as we discuss sociological issues witch have been around since humans, or at least beer, existed. ROFLMFO.</Msg><Username>spocklovesyou</Username><Timestamp>1372184711678</Timestamp><DateTime>Tue, 2013-06-25 14:25:11 EDT</DateTime><ThumbUp>0</ThumbUp><ThumbDown>2</ThumbDown><Sentiment/></Message><Message type="ReplyMessage"><Id>1372185175006-107</Id><Topic><Title>libertylies why aren't you touting obama jobs creation?</Title><Username>zevoter01</Username><Timestamp>1371742693672</Timestamp><DateTime>Thu, 2013-06-20 11:38:13 EDT</DateTime></Topic><Msg>You are not worth commenting on or replying to. A tw bit phony, "bronx Indian" with no creds. LOL. Attempting to Post lies over and over. You WILL soon find out just who you are dealing with, including some of the federal judiciary who served with our team in "Nam". What a sorry azzed POS you libs are. And why be so concerned about "racism" unless you yourself are a racist, or maybe black, which would confirm it! You are a sorry excuse for a "pastor" if in fact you are one, so it is easy to tel thos eof your phony "ilk" to go to hell"! Becaue you will.</Msg><Username>dfaduke</Username><Timestamp>1372185175006</Timestamp><DateTime>Tue, 2013-06-25 14:32:55 EDT</DateTime><ThumbUp>0</ThumbUp><ThumbDown>4</ThumbDown><Sentiment>Strong Buy</Sentiment></Message><Message type="ReplyMessage"><Id>1372185340093-108</Id><Topic><Title>libertylies why aren't you touting obama jobs creation?</Title><Username>zevoter01</Username><Timestamp>1371742693672</Timestamp><DateTime>Thu, 2013-06-20 11:38:13 EDT</DateTime></Topic><Msg>His advisors won't let him go to Kenya. Too many close relatives there. SOme might rat him out! LOL. Facts are facts.</Msg><Username>dfaduke</Username><Timestamp>1372185340093</Timestamp><DateTime>Tue, 2013-06-25 14:35:40 EDT</DateTime><ThumbUp>3</ThumbUp><ThumbDown>4</ThumbDown><Sentiment>Strong Buy</Sentiment></Message><Message type="ReplyMessage"><Id>1372186578476-109</Id><Topic><Title>made my 21k!! this is how..</Title><Username>henrygret</Username><Timestamp>1372016508282</Timestamp><DateTime>Sun, 2013-06-23 15:41:48 EDT</DateTime></Topic><Msg>im signing up for this!</Msg><Username>bankfred</Username><Timestamp>1372186578476</Timestamp><DateTime>Tue, 2013-06-25 14:56:18 EDT</DateTime><ThumbUp>0</ThumbUp><ThumbDown>0</ThumbDown><Sentiment/></Message><Message type="ReplyMessage"><Id>1372186605160-110</Id><Topic><Title>libertylies why aren't you touting obama jobs creation?</Title><Username>zevoter01</Username><Timestamp>1371742693672</Timestamp><DateTime>Thu, 2013-06-20 11:38:13 EDT</DateTime></Topic><Msg>Little z, you have claimed that the government cannot create jobs. Now you blame Obama for not creating the jobs you claim he cannot create. Has anyone every told you that you are not very bright?</Msg><Username>whyduyouask</Username><Timestamp>1372186605160</Timestamp><DateTime>Tue, 2013-06-25 14:56:45 EDT</DateTime><ThumbUp>3</ThumbUp><ThumbDown>2</ThumbDown><Sentiment>Hold</Sentiment></Message><Message type="ReplyMessage"><Id>1372186621545-111</Id><Topic><Title>libertylies why aren't you touting obama jobs creation?</Title><Username>zevoter01</Username><Timestamp>1371742693672</Timestamp><DateTime>Thu, 2013-06-20 11:38:13 EDT</DateTime></Topic><Msg>more dribble from zevoter the limp Richard answering another whiner who can't get it up... zevoter/dfaduke....hey bigot.....you are so stupid and broke you couldn't buy two things from the dollar menu without taking a loan hold the mayo! Mason</Msg><Username>moron_alarm</Username><Timestamp>1372186621545</Timestamp><DateTime>Tue, 2013-06-25 14:57:01 EDT</DateTime><ThumbUp>3</ThumbUp><ThumbDown>2</ThumbDown><Sentiment/></Message><Message type="ReplyMessage"><Id>1372186753900-112</Id><Topic><Title>YOU CAN'T DUMP IT UNTIL YOU PUMP IT ! ! ! ! !</Title><Username>pillow_biting_pumper_xxxx</Username><Timestamp>1372181593841</Timestamp><DateTime>Tue, 2013-06-25 13:33:13 EDT</DateTime></Topic><Msg>hey pillow....when does your shift at the burger king start? you can always tell who is broke on here! hold the mayo Mason</Msg><Username>moron_alarm</Username><Timestamp>1372186753900</Timestamp><DateTime>Tue, 2013-06-25 14:59:13 EDT</DateTime><ThumbUp>1</ThumbUp><ThumbDown>0</ThumbDown><Sentiment/></Message><Message type="ReplyMessage"><Id>1372186778635-113</Id><Topic><Title>Why hasn't John #$%$ kerry calling on the UN more?</Title><Username>zevoter01</Username><Timestamp>1372176205639</Timestamp><DateTime>Tue, 2013-06-25 12:03:25 EDT</DateTime></Topic><Msg>one racist answering another one ....how funny</Msg><Username>moron_alarm</Username><Timestamp>1372186778635</Timestamp><DateTime>Tue, 2013-06-25 14:59:38 EDT</DateTime><ThumbUp>1</ThumbUp><ThumbDown>3</ThumbDown><Sentiment/></Message><Message type="ReplyMessage"><Id>1372186951495-114</Id><Topic><Title>libertylies why aren't you touting obama jobs creation?</Title><Username>zevoter01</Username><Timestamp>1371742693672</Timestamp><DateTime>Thu, 2013-06-20 11:38:13 EDT</DateTime></Topic><Msg>How was it for your "team". I mean, it couldn't have been easy working in the geedunk. HAHAHAHAHA. Poser.</Msg><Username>exnavyseal3</Username><Timestamp>1372186951495</Timestamp><DateTime>Tue, 2013-06-25 15:02:31 EDT</DateTime><ThumbUp>3</ThumbUp><ThumbDown>0</ThumbDown><Sentiment/></Message><Message type="TopicMessage"><Id>1372187358555-115</Id><Title>Obama says "no time for flat earth society on climate change". You hear that right wing morons?</Title><Msg>Obama says "no time for flat earth society on climate change". You hear that right wing morons?</Msg><Username>abdulshallam</Username><Timestamp>1372187358555</Timestamp><DateTime>Tue, 2013-06-25 15:09:18 EDT</DateTime><ThumbUp>6</ThumbUp><ThumbDown>8</ThumbDown><Sentiment/></Message><Message type="TopicMessage"><Id>1372187560405-116</Id><Title>NNA NNA--handed it to ya traderdick at 3.00--now 3.22</Title><Msg>thats 4%--and going higher</Msg><Username>shortburner2013</Username><Timestamp>1372187560405</Timestamp><DateTime>Tue, 2013-06-25 15:12:40 EDT</DateTime><ThumbUp>0</ThumbUp><ThumbDown>1</ThumbDown><Sentiment/></Message><Message type="TopicMessage"><Id>1372188523056-117</Id><Title>Remember when G W Bush bailed out all the big banks in 2008 with your borrowed tax dollars?</Title><Msg>Just wondering...</Msg><Username>dubbyaworstever</Username><Timestamp>1372188523056</Timestamp><DateTime>Tue, 2013-06-25 15:28:43 EDT</DateTime><ThumbUp>1</ThumbUp><ThumbDown>1</ThumbDown><Sentiment/></Message><Message type="TopicMessage"><Id>1372190012487-118</Id><Title>LONG GREEK equities</Title><Msg>ling NNA--trades in the US---buy it</Msg><Username>shortburner2013</Username><Timestamp>1372190012487</Timestamp><DateTime>Tue, 2013-06-25 15:53:32 EDT</DateTime><ThumbUp>0</ThumbUp><ThumbDown>0</ThumbDown><Sentiment/></Message><Message type="ReplyMessage"><Id>1372190347118-119</Id><Topic><Title>Remember when G W Bush bailed out BOA with billions of borrowed US taxpayer dollars !</Title><Username>dubbyaworstever</Username><Timestamp>1372183808889</Timestamp><DateTime>Tue, 2013-06-25 14:10:08 EDT</DateTime></Topic><Msg>You've never ever watched Fox News, never..</Msg><Username>aaaa99999999999999999</Username><Timestamp>1372190347118</Timestamp><DateTime>Tue, 2013-06-25 15:59:07 EDT</DateTime><ThumbUp>0</ThumbUp><ThumbDown>0</ThumbDown><Sentiment/></Message><Message type="ReplyMessage"><Id>1372190530248-120</Id><Topic><Title>Remember when G W Bush bailed out BOA with billions of borrowed US taxpayer dollars !</Title><Username>dubbyaworstever</Username><Timestamp>1372183808889</Timestamp><DateTime>Tue, 2013-06-25 14:10:08 EDT</DateTime></Topic><Msg>Are you an inbreeder?</Msg><Username>dubbyaworstever</Username><Timestamp>1372190530248</Timestamp><DateTime>Tue, 2013-06-25 16:02:10 EDT</DateTime><ThumbUp>1</ThumbUp><ThumbDown>2</ThumbDown><Sentiment/></Message><Message type="ReplyMessage"><Id>1372190805088-121</Id><Topic><Title>Why hasn't John #$%$ kerry calling on the UN more?</Title><Username>zevoter01</Username><Timestamp>1372176205639</Timestamp><DateTime>Tue, 2013-06-25 12:03:25 EDT</DateTime></Topic><Msg>So you are a racist if you call out the waste called the UN? Yet not one you fund abortion clinics which spealize abortion of black babies? You ,must be a real proud product of two cluelss leftwingers. Touchy feely, however clueless</Msg><Username>zevoter01</Username><Timestamp>1372190805088</Timestamp><DateTime>Tue, 2013-06-25 16:06:45 EDT</DateTime><ThumbUp>4</ThumbUp><ThumbDown>2</ThumbDown><Sentiment/></Message><Message type="ReplyMessage"><Id>1372190837983-122</Id><Topic><Title>Remember when G W Bush bailed out all the big banks in 2008 with your borrowed tax dollars?</Title><Username>dubbyaworstever</Username><Timestamp>1372188523056</Timestamp><DateTime>Tue, 2013-06-25 15:28:43 EDT</DateTime></Topic><Msg>Do you remember when the big banks paid back all the money the government forced them to take to cover up the fact that government wanted to raise your taxes without you knowing. This was done by getting people to refi their homes and reducing their mortgage tax write-offs.</Msg><Username>bondholder44</Username><Timestamp>1372190837983</Timestamp><DateTime>Tue, 2013-06-25 16:07:17 EDT</DateTime><ThumbUp>1</ThumbUp><ThumbDown>0</ThumbDown><Sentiment/></Message><Message type="ReplyMessage"><Id>1372190932584-123</Id><Topic><Title>Remember when G W Bush bailed out BOA with billions of borrowed US taxpayer dollars !</Title><Username>dubbyaworstever</Username><Timestamp>1372183808889</Timestamp><DateTime>Tue, 2013-06-25 14:10:08 EDT</DateTime></Topic><Msg>no he gets his news from the cartoon network, and kardashians</Msg><Username>zevoter01</Username><Timestamp>1372190932584</Timestamp><DateTime>Tue, 2013-06-25 16:08:52 EDT</DateTime><ThumbUp>1</ThumbUp><ThumbDown>2</ThumbDown><Sentiment/></Message><Message type="ReplyMessage"><Id>1372190981295-124</Id><Topic><Title>made my 21k!! this is how..</Title><Username>henrygret</Username><Timestamp>1372016508282</Timestamp><DateTime>Sun, 2013-06-23 15:41:48 EDT</DateTime></Topic><Msg>You have made it to my IGNORE LIST!!!</Msg><Username>bondholder44</Username><Timestamp>1372190981295</Timestamp><DateTime>Tue, 2013-06-25 16:09:41 EDT</DateTime><ThumbUp>0</ThumbUp><ThumbDown>0</ThumbDown><Sentiment/></Message><Message type="ReplyMessage"><Id>1372191004411-125</Id><Topic><Title>made my 21k!! this is how..</Title><Username>henrygret</Username><Timestamp>1372016508282</Timestamp><DateTime>Sun, 2013-06-23 15:41:48 EDT</DateTime></Topic><Msg>And so have you....</Msg><Username>bondholder44</Username><Timestamp>1372191004411</Timestamp><DateTime>Tue, 2013-06-25 16:10:04 EDT</DateTime><ThumbUp>0</ThumbUp><ThumbDown>0</ThumbDown><Sentiment/></Message><Message type="TopicMessage"><Id>1372191138074-126</Id><Title>a summation of the obama admin to date</Title><Msg>clueless, pathetic gang of thieves. He is in it for one reason, toline his pockets and weaken this once proud country</Msg><Username>zevoter01</Username><Timestamp>1372191138074</Timestamp><DateTime>Tue, 2013-06-25 16:12:18 EDT</DateTime><ThumbUp>5</ThumbUp><ThumbDown>3</ThumbDown><Sentiment/></Message><Message type="ReplyMessage"><Id>1372191551640-127</Id><Topic><Title>Why hasn't John #$%$ kerry calling on the UN more?</Title><Username>zevoter01</Username><Timestamp>1372176205639</Timestamp><DateTime>Tue, 2013-06-25 12:03:25 EDT</DateTime></Topic><Msg>to bad you weren't aborted zevoter! how many children have you adopted?......are you claiming to be a Christian? with your message of hate and bigotry....you are a certified #$%$ bag deluxe hold the hypocrisy Mason</Msg><Username>moron_alarm</Username><Timestamp>1372191551640</Timestamp><DateTime>Tue, 2013-06-25 16:19:11 EDT</DateTime><ThumbUp>0</ThumbUp><ThumbDown>3</ThumbDown><Sentiment/></Message><Message type="ReplyMessage"><Id>1372191616226-128</Id><Topic><Title>Remember when G W Bush bailed out all the big banks in 2008 with your borrowed tax dollars?</Title><Username>dubbyaworstever</Username><Timestamp>1372188523056</Timestamp><DateTime>Tue, 2013-06-25 15:28:43 EDT</DateTime></Topic><Msg>Are you an inbreeder?</Msg><Username>dubbyaworstever</Username><Timestamp>1372191616226</Timestamp><DateTime>Tue, 2013-06-25 16:20:16 EDT</DateTime><ThumbUp>0</ThumbUp><ThumbDown>1</ThumbDown><Sentiment/></Message><Message type="ReplyMessage"><Id>1372195329266-129</Id><Topic><Title>Is "value" about to be re-defined?</Title><Username>fish2kill</Username><Timestamp>1371776509529</Timestamp><DateTime>Thu, 2013-06-20 21:01:49 EDT</DateTime></Topic><Msg>Fast Money likes Bumpkin of America miss me today? waiting on the Fed Ex man for my opera glasses ... I need to be able to read the Bundy Dupe program as Shutupstella dims the lights</Msg><Username>vieweroutrage</Username><Timestamp>1372195329266</Timestamp><DateTime>Tue, 2013-06-25 17:22:09 EDT</DateTime><ThumbUp>0</ThumbUp><ThumbDown>1</ThumbDown><Sentiment/></Message><Message type="ReplyMessage"><Id>1372195867361-130</Id><Topic><Title>Remember when G W Bush bailed out BOA with billions of borrowed US taxpayer dollars !</Title><Username>dubbyaworstever</Username><Timestamp>1372183808889</Timestamp><DateTime>Tue, 2013-06-25 14:10:08 EDT</DateTime></Topic><Msg>We are a pro corporate welfare country ! F the people , LOL.</Msg><Username>sirifuture</Username><Timestamp>1372195867361</Timestamp><DateTime>Tue, 2013-06-25 17:31:07 EDT</DateTime><ThumbUp>2</ThumbUp><ThumbDown>1</ThumbDown><Sentiment>Buy</Sentiment></Message><Message type="ReplyMessage"><Id>1372197167898-131</Id><Topic><Title>Obama says "no time for flat earth society on climate change". You hear that right wing morons?</Title><Username>abdulshallam</Username><Timestamp>1372187358555</Timestamp><DateTime>Tue, 2013-06-25 15:09:18 EDT</DateTime></Topic><Msg>Yeah, he sounded like a bigger, more self-important, puffed-up jerk than usual. So what?</Msg><Username>amazing.donut</Username><Timestamp>1372197167898</Timestamp><DateTime>Tue, 2013-06-25 17:52:47 EDT</DateTime><ThumbUp>4</ThumbUp><ThumbDown>5</ThumbDown><Sentiment>Strong Sell</Sentiment></Message><Message type="TopicMessage"><Id>1372197634502-132</Id><Title>OUR WE MOVING INTO A RECESSION OR WE IN A RECESSION?? PLEASE HELP!</Title><Msg>JUNE 22, 2013 The U.S. Economy Is Going Back Into Recession "The U.S. economy is going back into recession. The phony recovery that the Federal Reserve has created is evaporating before their eyes." - in CNBC</Msg><Username>jam9011</Username><Timestamp>1372197634502</Timestamp><DateTime>Tue, 2013-06-25 18:00:34 EDT</DateTime><ThumbUp>1</ThumbUp><ThumbDown>1</ThumbDown><Sentiment/></Message><Message type="TopicMessage"><Id>1372198231959-133</Id><Title>Withney and Munis???? may be she was right???</Title><Msg>Munis Extend Worst Losses Since 2008 as Illinois Sets Sale The U.S. municipal market is poised for its worst monthly loss since 2008, leading investors to offer a record amount of tax-exempt debt as yields surged to 26-month highs. The selloff is the backdrop for a $1.3 billion general-obligation sale tomorrow by Illinois, the lowest-rated U.S. state. Local-government debt has lost 5.1 percent this month, matching the drop in September 2008, when Lehman Brothers Holdings Inc. filed for bankruptcy, Bank of America Merrill Lynch data show.</Msg><Username>buffetmunger</Username><Timestamp>1372198231959</Timestamp><DateTime>Tue, 2013-06-25 18:10:31 EDT</DateTime><ThumbUp>0</ThumbUp><ThumbDown>1</ThumbDown><Sentiment>Strong Sell</Sentiment></Message><Message type="TopicMessage"><Id>1372198290461-134</Id><Title>................Hong Kong Bank System Outlook Cut by Moody’s on China Risk</Title><Msg>..................Hong Kong Bank System Outlook Cut by Moody’s on China Risk</Msg><Username>buffetmunger</Username><Timestamp>1372198290461</Timestamp><DateTime>Tue, 2013-06-25 18:11:30 EDT</DateTime><ThumbUp>0</ThumbUp><ThumbDown>2</ThumbDown><Sentiment/></Message><Message type="ReplyMessage"><Id>1372198525147-135</Id><Topic><Title>Obama says "no time for flat earth society on climate change". You hear that right wing morons?</Title><Username>abdulshallam</Username><Timestamp>1372187358555</Timestamp><DateTime>Tue, 2013-06-25 15:09:18 EDT</DateTime></Topic><Msg>He is your god i don't listen to him!Have him tell the Russians and the chinese that it is warmingup. They have there own scientist that are saying it is cooling!</Msg><Username>trader77777777</Username><Timestamp>1372198525147</Timestamp><DateTime>Tue, 2013-06-25 18:15:25 EDT</DateTime><ThumbUp>2</ThumbUp><ThumbDown>5</ThumbDown><Sentiment/></Message><Message type="ReplyMessage"><Id>1372199709986-136</Id><Topic><Title>OUR WE MOVING INTO A RECESSION OR WE IN A RECESSION?? PLEASE HELP!</Title><Username>jam9011</Username><Timestamp>1372197634502</Timestamp><DateTime>Tue, 2013-06-25 18:00:34 EDT</DateTime></Topic><Msg>Republicans and shorts praying for America to fail. Classy.</Msg><Username>uratimberdope</Username><Timestamp>1372199709986</Timestamp><DateTime>Tue, 2013-06-25 18:35:09 EDT</DateTime><ThumbUp>1</ThumbUp><ThumbDown>3</ThumbDown><Sentiment/></Message><Message type="ReplyMessage"><Id>1372201453298-137</Id><Topic><Title>Withney and Munis???? may be she was right???</Title><Username>buffetmunger</Username><Timestamp>1372198231959</Timestamp><DateTime>Tue, 2013-06-25 18:10:31 EDT</DateTime></Topic><Msg>I can't find the link but the muni's need to be based on money coming into the community, either by exporting goods and services or a printing press sending money in. Why is detroit having problems? Shutupstellas and ekonprophet were probably a lot more accurate than anyone could appreciate. The circle jerk is not a sustainable way to create value and critics are not the enemy if you want to maintain quality of life. What are homes worth in a war zone with no utilities or municipal services? It can get to the point where is nothing left to protect in economic terms. A great plaque will also tend to reduce real estate prices but historically this has helped the value of labour but we will see how much automation can persist. I stand in awe of myself ROFLMFO. Sometimes I give myself the creeps Sometimes my mind plays tricks on me It all keeps adding up I think I'm cracking up not this time. Also what is interesting in the king's comments on flat urth society, he seems to not be just dissing religion but even science that comes to an opposing viewpoint. Recent evidence points to more of regan's friends being right about pollution from trees. Intellectual fads take hold in well funded science projects just like in teen fashions. I'm not sure James Watt would be preferable but it should be interesting to watch.</Msg><Username>spocklovesyou</Username><Timestamp>1372201453298</Timestamp><DateTime>Tue, 2013-06-25 19:04:13 EDT</DateTime><ThumbUp>1</ThumbUp><ThumbDown>0</ThumbDown><Sentiment/></Message><Message type="ReplyMessage"><Id>1372201809484-138</Id><Topic><Title>Is "value" about to be re-defined?</Title><Username>fish2kill</Username><Timestamp>1371776509529</Timestamp><DateTime>Thu, 2013-06-20 21:01:49 EDT</DateTime></Topic><Msg>do yourself a favor give your money to someone to manage. if you think this stock is really a 40 pe cause you see it on yahoo then you clearly don't know what you're looking at or how multiples are derived.</Msg><Username>benfolds38</Username><Timestamp>1372201809484</Timestamp><DateTime>Tue, 2013-06-25 19:10:09 EDT</DateTime><ThumbUp>2</ThumbUp><ThumbDown>0</ThumbDown><Sentiment/></Message><Message type="ReplyMessage"><Id>1372202918455-139</Id><Topic><Title>OUR WE MOVING INTO A RECESSION OR WE IN A RECESSION?? PLEASE HELP!</Title><Username>jam9011</Username><Timestamp>1372197634502</Timestamp><DateTime>Tue, 2013-06-25 18:00:34 EDT</DateTime></Topic><Msg>Its not the republicans!... its the banks running this country economy!</Msg><Username>jam9011</Username><Timestamp>1372202918455</Timestamp><DateTime>Tue, 2013-06-25 19:28:38 EDT</DateTime><ThumbUp>0</ThumbUp><ThumbDown>0</ThumbDown><Sentiment/></Message><Message type="ReplyMessage"><Id>1372203710354-140</Id><Topic><Title>Is "value" about to be re-defined?</Title><Username>fish2kill</Username><Timestamp>1371776509529</Timestamp><DateTime>Thu, 2013-06-20 21:01:49 EDT</DateTime></Topic><Msg>I thought you would be out looking for the red panda. Did shutupstellas psychiatrust try to profile it? ROFLMFO.</Msg><Username>spocklovesyou</Username><Timestamp>1372203710354</Timestamp><DateTime>Tue, 2013-06-25 19:41:50 EDT</DateTime><ThumbUp>0</ThumbUp><ThumbDown>0</ThumbDown><Sentiment/></Message><Message type="TopicMessage"><Id>1372204767895-141</Id><Title>Tomorrow 2% up</Title><Msg>in a month bac will be @$16.</Msg><Username>stevens1958</Username><Timestamp>1372204767895</Timestamp><DateTime>Tue, 2013-06-25 19:59:27 EDT</DateTime><ThumbUp>1</ThumbUp><ThumbDown>1</ThumbDown><Sentiment/></Message><Message type="TopicMessage"><Id>1372205367464-142</Id><Title>Laura Ingraham is twice as intelligent as Barak and 100 times smart than gorilla Michelle</Title><Msg>So true!</Msg><Username>afro_skum</Username><Timestamp>1372205367464</Timestamp><DateTime>Tue, 2013-06-25 20:09:27 EDT</DateTime><ThumbUp>7</ThumbUp><ThumbDown>4</ThumbDown><Sentiment/></Message><Message type="TopicMessage"><Id>1372206745203-143</Id><Title>Sequester forces obamacare death panelsto offer only a half cup of hemlock while he spends $100 million on his vacation</Title><Msg>Yup that sums it up</Msg><Username>zevoter01</Username><Timestamp>1372206745203</Timestamp><DateTime>Tue, 2013-06-25 20:32:25 EDT</DateTime><ThumbUp>4</ThumbUp><ThumbDown>4</ThumbDown><Sentiment/></Message><Message type="ReplyMessage"><Id>1372207432672-144</Id><Topic><Title>Obama says "no time for flat earth society on climate change". You hear that right wing morons?</Title><Username>abdulshallam</Username><Timestamp>1372187358555</Timestamp><DateTime>Tue, 2013-06-25 15:09:18 EDT</DateTime></Topic><Msg>The words coming out of the mouth of this eco#$%$ suggest we can say bye-bye to the Keystone Pipeline.</Msg><Username>jhitcher2011</Username><Timestamp>1372207432672</Timestamp><DateTime>Tue, 2013-06-25 20:43:52 EDT</DateTime><ThumbUp>4</ThumbUp><ThumbDown>3</ThumbDown><Sentiment/></Message><Message type="ReplyMessage"><Id>1372208713077-145</Id><Topic><Title>Obama says "no time for flat earth society on climate change". You hear that right wing morons?</Title><Username>abdulshallam</Username><Timestamp>1372187358555</Timestamp><DateTime>Tue, 2013-06-25 15:09:18 EDT</DateTime></Topic><Msg>so much flows from his mouth all designed to do one thing, line his pockets. He truly cares about nothing except dividing the country</Msg><Username>zevoter01</Username><Timestamp>1372208713077</Timestamp><DateTime>Tue, 2013-06-25 21:05:13 EDT</DateTime><ThumbUp>3</ThumbUp><ThumbDown>4</ThumbDown><Sentiment/></Message><Message type="ReplyMessage"><Id>1372209128285-146</Id><Topic><Title>Obama says "no time for flat earth society on climate change". You hear that right wing morons?</Title><Username>abdulshallam</Username><Timestamp>1372187358555</Timestamp><DateTime>Tue, 2013-06-25 15:09:18 EDT</DateTime></Topic><Msg>Yeah ..... Obama has no time for Congress, the Constitution or the rule of law either !! Go Frank yourself abdul !</Msg><Username>starkdirt</Username><Timestamp>1372209128285</Timestamp><DateTime>Tue, 2013-06-25 21:12:08 EDT</DateTime><ThumbUp>4</ThumbUp><ThumbDown>3</ThumbDown><Sentiment/></Message><Message type="ReplyMessage"><Id>1372209519927-147</Id><Topic><Title>Teabagging Supreme Court to allow voter suppression all over again in confederate states !</Title><Username>dubbyaworstever</Username><Timestamp>1372179585264</Timestamp><DateTime>Tue, 2013-06-25 12:59:45 EDT</DateTime></Topic><Msg>If the Supreme Court is corporate owned, why did they uphold ObamaCare?!</Msg><Username>starkdirt</Username><Timestamp>1372209519927</Timestamp><DateTime>Tue, 2013-06-25 21:18:39 EDT</DateTime><ThumbUp>2</ThumbUp><ThumbDown>3</ThumbDown><Sentiment/></Message><Message type="ReplyMessage"><Id>1372209741137-148</Id><Topic><Title>Remember when G W Bush bailed out BOA with billions of borrowed US taxpayer dollars !</Title><Username>dubbyaworstever</Username><Timestamp>1372183808889</Timestamp><DateTime>Tue, 2013-06-25 14:10:08 EDT</DateTime></Topic><Msg>Remember when BOA paid all the money back to the tax payer, remember when OB gave billions to GM they stiffed the tax payers about 25 BILLION</Msg><Username>gdppg1</Username><Timestamp>1372209741137</Timestamp><DateTime>Tue, 2013-06-25 21:22:21 EDT</DateTime><ThumbUp>3</ThumbUp><ThumbDown>1</ThumbDown><Sentiment/></Message><Message type="TopicMessage"><Id>1372209915462-149</Id><Title>Gee obama is a racist</Title><Msg>He fosters black abortion clinics, and now wants to have more energy workers become Unemployed. Yes he is racist against anyone earning a paycheck, not on his welfare</Msg><Username>zevoter01</Username><Timestamp>1372209915462</Timestamp><DateTime>Tue, 2013-06-25 21:25:15 EDT</DateTime><ThumbUp>0</ThumbUp><ThumbDown>3</ThumbDown><Sentiment/></Message><Message type="ReplyMessage"><Id>1372209981578-150</Id><Topic><Title>Remember when G W Bush bailed out BOA with billions of borrowed US taxpayer dollars !</Title><Username>dubbyaworstever</Username><Timestamp>1372183808889</Timestamp><DateTime>Tue, 2013-06-25 14:10:08 EDT</DateTime></Topic><Msg>gdppg/zevoter....hey loser burn out......the original bailout to GM was in DECEMBER 2008....remember who was president? GW BUSH....google it you moron.....how funny...all that booze has your brain fried! hold the Lobotomy! Mason</Msg><Username>moron_alarm</Username><Timestamp>1372209981578</Timestamp><DateTime>Tue, 2013-06-25 21:26:21 EDT</DateTime><ThumbUp>0</ThumbUp><ThumbDown>0</ThumbDown><Sentiment/></Message><Message type="ReplyMessage"><Id>1372210043734-151</Id><Topic><Title>Is "value" about to be re-defined?</Title><Username>fish2kill</Username><Timestamp>1371776509529</Timestamp><DateTime>Thu, 2013-06-20 21:01:49 EDT</DateTime></Topic><Msg>Why yes! Rusty was found and has begun intensive greyhound therapy.</Msg><Username>vieweroutrage</Username><Timestamp>1372210043734</Timestamp><DateTime>Tue, 2013-06-25 21:27:23 EDT</DateTime><ThumbUp>0</ThumbUp><ThumbDown>0</ThumbDown><Sentiment/></Message><Message type="ReplyMessage"><Id>1372210075199-152</Id><Topic><Title>Teabagging Supreme Court to allow voter suppression all over again in confederate states !</Title><Username>dubbyaworstever</Username><Timestamp>1372179585264</Timestamp><DateTime>Tue, 2013-06-25 12:59:45 EDT</DateTime></Topic><Msg>hey loser zevoter/stark/ebolavirus.....because the insurance companies ...ie: big corporations are going to make billions off Obamacare you moron hold the xanex! Mason</Msg><Username>moron_alarm</Username><Timestamp>1372210075199</Timestamp><DateTime>Tue, 2013-06-25 21:27:55 EDT</DateTime><ThumbUp>2</ThumbUp><ThumbDown>0</ThumbDown><Sentiment/></Message><Message type="TopicMessage"><Id>1372210207401-153</Id><Title>we have been waiting 5 years for Zevoter the burnout to tell us</Title><Msg>hey ebolavirus/zevoter.....what lies did Obama tell? you can't even remember to change your diaper! we are WAITING ! Mason</Msg><Username>moron_alarm</Username><Timestamp>1372210207401</Timestamp><DateTime>Tue, 2013-06-25 21:30:07 EDT</DateTime><ThumbUp>2</ThumbUp><ThumbDown>0</ThumbDown><Sentiment/></Message><Message type="ReplyMessage"><Id>1372210236513-154</Id><Topic><Title>America the home of milllionaires billionaires and prisoners.</Title><Username>longon2007</Username><Timestamp>1371730656856</Timestamp><DateTime>Thu, 2013-06-20 08:17:36 EDT</DateTime></Topic><Msg>"..... most are on welfare, food stamps, medicaid, housing assistance and spend their days complaining to each other on their Obama phones." Yep...they are called Republicans. And those would be Bush phones...</Msg><Username>erazor111</Username><Timestamp>1372210236513</Timestamp><DateTime>Tue, 2013-06-25 21:30:36 EDT</DateTime><ThumbUp>0</ThumbUp><ThumbDown>0</ThumbDown><Sentiment/></Message><Message type="ReplyMessage"><Id>1372210336845-155</Id><Topic><Title>we have been waiting 5 years for Zevoter the burnout to tell us</Title><Username>moron_alarm</Username><Timestamp>1372210207401</Timestamp><DateTime>Tue, 2013-06-25 21:30:07 EDT</DateTime></Topic><Msg>Dont hold your breath waiting for little z to actually post a fact.</Msg><Username>erazor111</Username><Timestamp>1372210336845</Timestamp><DateTime>Tue, 2013-06-25 21:32:16 EDT</DateTime><ThumbUp>2</ThumbUp><ThumbDown>0</ThumbDown><Sentiment/></Message><Message type="TopicMessage"><Id>1372210614661-156</Id><Title>i payed 13.22</Title><Msg>ok</Msg><Username>ron.wallach</Username><Timestamp>1372210614661</Timestamp><DateTime>Tue, 2013-06-25 21:36:54 EDT</DateTime><ThumbUp>0</ThumbUp><ThumbDown>0</ThumbDown><Sentiment>Hold</Sentiment></Message><Message type="ReplyMessage"><Id>1372210716088-157</Id><Topic><Title>Gee obama is a racist</Title><Username>zevoter01</Username><Timestamp>1372209915462</Timestamp><DateTime>Tue, 2013-06-25 21:25:15 EDT</DateTime></Topic><Msg>Based on that incoherent rant, it appears that you are now saying that the 'employed' are an ethnic race. Does that mean that fat ignorant people like you also are a separate race?</Msg><Username>erazor111</Username><Timestamp>1372210716088</Timestamp><DateTime>Tue, 2013-06-25 21:38:36 EDT</DateTime><ThumbUp>0</ThumbUp><ThumbDown>0</ThumbDown><Sentiment/></Message><Message type="ReplyMessage"><Id>1372210824110-158</Id><Topic><Title>Obama says "no time for flat earth society on climate change". You hear that right wing morons?</Title><Username>abdulshallam</Username><Timestamp>1372187358555</Timestamp><DateTime>Tue, 2013-06-25 15:09:18 EDT</DateTime></Topic><Msg>No...they dont.</Msg><Username>erazor111</Username><Timestamp>1372210824110</Timestamp><DateTime>Tue, 2013-06-25 21:40:24 EDT</DateTime><ThumbUp>2</ThumbUp><ThumbDown>2</ThumbDown><Sentiment/></Message><Message type="ReplyMessage"><Id>1372211030975-159</Id><Topic><Title>Obama says "no time for flat earth society on climate change". You hear that right wing morons?</Title><Username>abdulshallam</Username><Timestamp>1372187358555</Timestamp><DateTime>Tue, 2013-06-25 15:09:18 EDT</DateTime></Topic><Msg>Youre comparing the Flat Earth Society to the Constitution? Only a dbag teabagger like you would equate that ignorant sleaze to the Constitution. Mimic.</Msg><Username>erazor111</Username><Timestamp>1372211030975</Timestamp><DateTime>Tue, 2013-06-25 21:43:50 EDT</DateTime><ThumbUp>2</ThumbUp><ThumbDown>2</ThumbDown><Sentiment/></Message><Message type="ReplyMessage"><Id>1372211333010-160</Id><Topic><Title>i payed 13.22</Title><Username>ron.wallach</Username><Timestamp>1372210614661</Timestamp><DateTime>Tue, 2013-06-25 21:36:54 EDT</DateTime></Topic><Msg>very cheap in one month $16 in 6 month $20 don't sell.</Msg><Username>stevens1958</Username><Timestamp>1372211333010</Timestamp><DateTime>Tue, 2013-06-25 21:48:53 EDT</DateTime><ThumbUp>2</ThumbUp><ThumbDown>0</ThumbDown><Sentiment>Strong Buy</Sentiment></Message><Message type="TopicMessage"><Id>1372213308796-161</Id><Title>Big Traders are back from vacation.....</Title><Msg>fyi</Msg><Username>testpilot1003</Username><Timestamp>1372213308796</Timestamp><DateTime>Tue, 2013-06-25 22:21:48 EDT</DateTime><ThumbUp>0</ThumbUp><ThumbDown>1</ThumbDown><Sentiment/></Message><Message type="ReplyMessage"><Id>1372214232137-162</Id><Topic><Title>Teabagging Supreme Court to allow voter suppression all over again in confederate states !</Title><Username>dubbyaworstever</Username><Timestamp>1372179585264</Timestamp><DateTime>Tue, 2013-06-25 12:59:45 EDT</DateTime></Topic><Msg>Thats why the public option was killed ! Plus Obamacare was to far along and they didn't want to look like a complete republican court, to late.</Msg><Username>sirifuture</Username><Timestamp>1372214232137</Timestamp><DateTime>Tue, 2013-06-25 22:37:12 EDT</DateTime><ThumbUp>1</ThumbUp><ThumbDown>1</ThumbDown><Sentiment>Buy</Sentiment></Message><Message type="TopicMessage"><Id>1372214489561-163</Id><Title>8.5B settlement</Title><Msg>Any chance decision will come before earnings? Is judge going to decide once she returns or are there more arguements to hear? S there any precedent for this case? Serious answers please.</Msg><Username>waldair</Username><Timestamp>1372214489561</Timestamp><DateTime>Tue, 2013-06-25 22:41:29 EDT</DateTime><ThumbUp>0</ThumbUp><ThumbDown>0</ThumbDown><Sentiment/></Message><Message type="TopicMessage"><Id>1372215656921-164</Id><Title>mootley fool</Title><Msg>Why does the Mootley Fool continue to hammer BAC it is getting a little obnoxious.</Msg><Username>winkdog</Username><Timestamp>1372215656921</Timestamp><DateTime>Tue, 2013-06-25 23:00:56 EDT</DateTime><ThumbUp>1</ThumbUp><ThumbDown>0</ThumbDown><Sentiment/></Message><Message type="ReplyMessage"><Id>1372218124011-165</Id><Topic><Title>mootley fool</Title><Username>winkdog</Username><Timestamp>1372215656921</Timestamp><DateTime>Tue, 2013-06-25 23:00:56 EDT</DateTime></Topic><Msg>Motley fool are #$%$ click WH---ores don't click that's how they get paid</Msg><Username>tom.foolery2</Username><Timestamp>1372218124011</Timestamp><DateTime>Tue, 2013-06-25 23:42:04 EDT</DateTime><ThumbUp>1</ThumbUp><ThumbDown>0</ThumbDown><Sentiment/></Message></Date>