<?xml version="1.0" encoding="UTF-8" standalone="no"?><Date date="2013-05-29"><Message type="ReplyMessage"><Id>1369800381489-1</Id><Topic><Title>Weiner for NYC Mayor</Title><Username>just_half_a_bubble_off_plumb</Username><Timestamp>1369761368752</Timestamp><DateTime>Tue, 2013-05-28 13:16:08 EDT</DateTime></Topic><Msg>Have you read his policies? What's wrong with them?</Msg><Username>observer2121</Username><Timestamp>1369800381489</Timestamp><DateTime>Wed, 2013-05-29 00:06:21 EDT</DateTime><ThumbUp>1</ThumbUp><ThumbDown>1</ThumbDown><Sentiment/></Message><Message type="ReplyMessage"><Id>1369803110934-2</Id><Topic><Title>600% in profit this MONTH!!!</Title><Username>stockmr</Username><Timestamp>1368345047603</Timestamp><DateTime>Sun, 2013-05-12 03:50:47 EDT</DateTime></Topic><Msg>TALK</Msg><Username>traderporter</Username><Timestamp>1369803110934</Timestamp><DateTime>Wed, 2013-05-29 00:51:50 EDT</DateTime><ThumbUp>0</ThumbUp><ThumbDown>3</ThumbDown><Sentiment/></Message><Message type="TopicMessage"><Id>1369804637115-3</Id><Title>BENNY "THE HACKER" BURN&amp;QE IS SHOOTING UP AGAIN!!</Title><Msg>Look at the needles on all those charts!</Msg><Username>difftone</Username><Timestamp>1369804637115</Timestamp><DateTime>Wed, 2013-05-29 01:17:17 EDT</DateTime><ThumbUp>0</ThumbUp><ThumbDown>0</ThumbDown><Sentiment/></Message><Message type="ReplyMessage"><Id>1369810153720-4</Id><Topic><Title>$14 on Friday?</Title><Username>nasa_rss</Username><Timestamp>1369785442923</Timestamp><DateTime>Tue, 2013-05-28 19:57:22 EDT</DateTime></Topic><Msg>when it happens, BAC closes down on the day!</Msg><Username>gamblin09</Username><Timestamp>1369810153720</Timestamp><DateTime>Wed, 2013-05-29 02:49:13 EDT</DateTime><ThumbUp>1</ThumbUp><ThumbDown>0</ThumbDown><Sentiment/></Message><Message type="ReplyMessage"><Id>1369816696041-5</Id><Topic><Title>THIS IS WHAT I AM TALKING - BAC</Title><Username>toothpaste2013</Username><Timestamp>1369771174346</Timestamp><DateTime>Tue, 2013-05-28 15:59:34 EDT</DateTime></Topic><Msg>BAC Pre-market: 13.25 -0.10 (-0.75%)</Msg><Username>toothpaste2013</Username><Timestamp>1369816696041</Timestamp><DateTime>Wed, 2013-05-29 04:38:16 EDT</DateTime><ThumbUp>0</ThumbUp><ThumbDown>0</ThumbDown><Sentiment/></Message><Message type="ReplyMessage"><Id>1369816864138-6</Id><Topic><Title>When us Tea Bags are not sucking sack and sucking farts, we're posting wing ding lunacy</Title><Username>zevoter02</Username><Timestamp>1369720012049</Timestamp><DateTime>Tue, 2013-05-28 01:46:52 EDT</DateTime></Topic><Msg>My mimic, zevoter01, is a world class loser. He still can't get over Newtie losing the nomination to Romney. LMAO! Can you imagine a dork like Newtie as commander in chief? LMAO! Only a fool like zevoter01 would be stupid enough to vote Newtie!</Msg><Username>zevoter02</Username><Timestamp>1369816864138</Timestamp><DateTime>Wed, 2013-05-29 04:41:04 EDT</DateTime><ThumbUp>0</ThumbUp><ThumbDown>0</ThumbDown><Sentiment/></Message><Message type="ReplyMessage"><Id>1369816993408-7</Id><Topic><Title>Sucking farts is GOOD for your health !</Title><Username>kingofvietnam</Username><Timestamp>1369701551541</Timestamp><DateTime>Mon, 2013-05-27 20:39:11 EDT</DateTime></Topic><Msg>Mason lives in zevoter's a*s*s*</Msg><Username>zevoter02</Username><Timestamp>1369816993408</Timestamp><DateTime>Wed, 2013-05-29 04:43:13 EDT</DateTime><ThumbUp>0</ThumbUp><ThumbDown>0</ThumbDown><Sentiment/></Message><Message type="ReplyMessage"><Id>1369817115885-8</Id><Topic><Title>Where is zevoter? It's his turn to suck my farts.</Title><Username>kingofvietnam</Username><Timestamp>1369769506289</Timestamp><DateTime>Tue, 2013-05-28 15:31:46 EDT</DateTime></Topic><Msg>Us Tea Bags don't go in for that commie crapola</Msg><Username>zevoter02</Username><Timestamp>1369817115885</Timestamp><DateTime>Wed, 2013-05-29 04:45:15 EDT</DateTime><ThumbUp>0</ThumbUp><ThumbDown>0</ThumbDown><Sentiment/></Message><Message type="TopicMessage"><Id>1369820751366-9</Id><Title>Completely irrational market fueled by the biggest FED bubble in history be careful little people.</Title><Msg>They always get crushed when these things come apart as they will in the coming weeks. Every time there is even a hint of FED tightening, the market pulls back, which is an illustration of what is really keeping the market propped up!</Msg><Username>andym_30054</Username><Timestamp>1369820751366</Timestamp><DateTime>Wed, 2013-05-29 05:45:51 EDT</DateTime><ThumbUp>0</ThumbUp><ThumbDown>1</ThumbDown><Sentiment/></Message><Message type="TopicMessage"><Id>1369823722507-10</Id><Title>Fed Headline Test:Buy the Dip</Title><Msg>FYI...</Msg><Username>testpilot1003</Username><Timestamp>1369823722507</Timestamp><DateTime>Wed, 2013-05-29 06:35:22 EDT</DateTime><ThumbUp>0</ThumbUp><ThumbDown>0</ThumbDown><Sentiment/></Message><Message type="TopicMessage"><Id>1369823919242-11</Id><Title>Michele Bachmann: I'm quitting my House seat in 2014</Title><Msg>Good riddance... Especially, since you were so useless....and you and Sara Palin can have lots of tea parties</Msg><Username>reggie.thoma</Username><Timestamp>1369823919242</Timestamp><DateTime>Wed, 2013-05-29 06:38:39 EDT</DateTime><ThumbUp>6</ThumbUp><ThumbDown>2</ThumbDown><Sentiment/></Message><Message type="TopicMessage"><Id>1369824802101-12</Id><Title>The 'cult of capitalism' and U.S. moral decline</Title><Msg>The 'cult of capitalism' and U.S. moral decline Today 5:00 AM ET (MarketWatch)Print Capitalism is now a cult, and Jamie Dimon is the self-appointed leader of the "cult of capitalism." That message is gleaned from a Huffington Post column by Mark Gongloff, whose headline stated that not only is the J.P. Morgan CEO and chairman a cult leader but a "very dangerous" one. Why? Because apparently shareholders have signed "a billion-year contract" to join the cult, notwithstanding portrayals of Dimon as a greedy egomaniac and poster boy for everything wrong with capitalism. His is a monster of a cult: Warren Buffett is a member. So is CNBC's Jim Cramer. Says Gongloff, who labels Cramer a "shouty man": "Cramer joined Warren Buffett and many more VIPs in singing Dimon's praises and warning of the woe that would befall shareholders" if they split his roles. Still, "the media played along, helping ... Dimon keep both of his jobs" as J.P. Morgan Chase &amp; Co.'s chief executive and chairman. Dimon, meanwhile, was doing what any self-respecting egomaniac under such a threat would do: acting like a petulant teenager and threatening to quit. Today, reconfirmed as leader of the cult of capitalism, Dimon could serve as the perfect example of what psychologist Ernest Becker wrote about in his Pulitzer Prize–winning classic, "The Denial of Death," a favorite from my years at Morgan Stanley. Dimon fits the cult-leader profile: charismatic narcissist, uncompromising, manipulating and threatening to his co-conspirators in the "cult of capitalism" and to the masses marching to the drumbeat of his destiny, off another economic cliff, bigger than 2008's. The destiny of this cult of capitalism is also driven by historical trends that Dimon cannot see, trends beyond his control, beyond his leadership talents. Why? He is blinded, incapable of seeing the mega-billion-dollar danger Gongloff claims to have spotted dead ahead. Is the new capitalism is destroying America's morals?</Msg><Username>reggie.thoma</Username><Timestamp>1369824802101</Timestamp><DateTime>Wed, 2013-05-29 06:53:22 EDT</DateTime><ThumbUp>0</ThumbUp><ThumbDown>3</ThumbDown><Sentiment/></Message><Message type="TopicMessage"><Id>1369825043390-13</Id><Title>It's Time !!!!!!!!!</Title><Msg>Sell "ALL YOUR STOCKS" now and wait till Nov. to buy back. Lock in your Profits now and sit it out.</Msg><Username>garyjohnson34231</Username><Timestamp>1369825043390</Timestamp><DateTime>Wed, 2013-05-29 06:57:23 EDT</DateTime><ThumbUp>3</ThumbUp><ThumbDown>1</ThumbDown><Sentiment>Sell</Sentiment></Message><Message type="ReplyMessage"><Id>1369826503582-14</Id><Topic><Title>The 'cult of capitalism' and U.S. moral decline</Title><Username>reggie.thoma</Username><Timestamp>1369824802101</Timestamp><DateTime>Wed, 2013-05-29 06:53:22 EDT</DateTime></Topic><Msg>Capitalism has brought mankind from starvation to abundance just ask The Old Soviet Union, East Germany, North Korea, Cuba and old China why they failed. It is not Capitalism that is failing but the Get The Rich mentality brought on by The .Great Socialist Obama that has sewn the seeds of destruction in America.</Msg><Username>nasa_rss</Username><Timestamp>1369826503582</Timestamp><DateTime>Wed, 2013-05-29 07:21:43 EDT</DateTime><ThumbUp>1</ThumbUp><ThumbDown>3</ThumbDown><Sentiment/></Message><Message type="ReplyMessage"><Id>1369826627499-15</Id><Topic><Title>Michele Bachmann: I'm quitting my House seat in 2014</Title><Username>reggie.thoma</Username><Timestamp>1369823919242</Timestamp><DateTime>Wed, 2013-05-29 06:38:39 EDT</DateTime></Topic><Msg>She is going to run for President again. Finally we can get rid of ugly socialism in this country.</Msg><Username>nasa_rss</Username><Timestamp>1369826627499</Timestamp><DateTime>Wed, 2013-05-29 07:23:47 EDT</DateTime><ThumbUp>2</ThumbUp><ThumbDown>7</ThumbDown><Sentiment/></Message><Message type="ReplyMessage"><Id>1369826807375-16</Id><Topic><Title>Michele Bachmann: I'm quitting my House seat in 2014</Title><Username>reggie.thoma</Username><Timestamp>1369823919242</Timestamp><DateTime>Wed, 2013-05-29 06:38:39 EDT</DateTime></Topic><Msg>Ha, ha... a dreamer I see.</Msg><Username>reggie.thoma</Username><Timestamp>1369826807375</Timestamp><DateTime>Wed, 2013-05-29 07:26:47 EDT</DateTime><ThumbUp>2</ThumbUp><ThumbDown>0</ThumbDown><Sentiment/></Message><Message type="ReplyMessage"><Id>1369827035969-17</Id><Topic><Title>The 'cult of capitalism' and U.S. moral decline</Title><Username>reggie.thoma</Username><Timestamp>1369824802101</Timestamp><DateTime>Wed, 2013-05-29 06:53:22 EDT</DateTime></Topic><Msg>Obama got into office in 2009 I think but according to you,, "Great Socialist Obama that has sewn the seeds of destruction in America"...according to your theory, before Obama (2009) what was?</Msg><Username>reggie.thoma</Username><Timestamp>1369827035969</Timestamp><DateTime>Wed, 2013-05-29 07:30:35 EDT</DateTime><ThumbUp>2</ThumbUp><ThumbDown>2</ThumbDown><Sentiment/></Message><Message type="ReplyMessage"><Id>1369827342674-18</Id><Topic><Title>The 'cult of capitalism' and U.S. moral decline</Title><Username>reggie.thoma</Username><Timestamp>1369824802101</Timestamp><DateTime>Wed, 2013-05-29 06:53:22 EDT</DateTime></Topic><Msg>Did you forget the economy was sinking during Bush's reign?</Msg><Username>jfrytucker</Username><Timestamp>1369827342674</Timestamp><DateTime>Wed, 2013-05-29 07:35:42 EDT</DateTime><ThumbUp>2</ThumbUp><ThumbDown>3</ThumbDown><Sentiment/></Message><Message type="ReplyMessage"><Id>1369828257320-19</Id><Topic><Title>Weiner for NYC Mayor</Title><Username>just_half_a_bubble_off_plumb</Username><Timestamp>1369761368752</Timestamp><DateTime>Tue, 2013-05-28 13:16:08 EDT</DateTime></Topic><Msg>gee he is a democrap he will state anything to get elected, why jugears told us he was going to fix the economy. Has he, you it is worse and growing worse by the day. Wait till the inflation hits, and commie care coming into affect 10/1, look out below</Msg><Username>zevoter01</Username><Timestamp>1369828257320</Timestamp><DateTime>Wed, 2013-05-29 07:50:57 EDT</DateTime><ThumbUp>0</ThumbUp><ThumbDown>0</ThumbDown><Sentiment/></Message><Message type="ReplyMessage"><Id>1369828372768-20</Id><Topic><Title>The 'cult of capitalism' and U.S. moral decline</Title><Username>reggie.thoma</Username><Timestamp>1369824802101</Timestamp><DateTime>Wed, 2013-05-29 06:53:22 EDT</DateTime></Topic><Msg>let us remeber the last years of that you had a democrap Congreess and they were intersested in one thing only, Power and not the status of the country</Msg><Username>zevoter01</Username><Timestamp>1369828372768</Timestamp><DateTime>Wed, 2013-05-29 07:52:52 EDT</DateTime><ThumbUp>0</ThumbUp><ThumbDown>1</ThumbDown><Sentiment/></Message><Message type="ReplyMessage"><Id>1369828568920-21</Id><Topic><Title>The 'cult of capitalism' and U.S. moral decline</Title><Username>reggie.thoma</Username><Timestamp>1369824802101</Timestamp><DateTime>Wed, 2013-05-29 06:53:22 EDT</DateTime></Topic><Msg>you can see this in an accelerated aging test, look at bezerksure hackaway porrtofilio since Becky Quick took over the company. ROFLMFO. Derivatives? Warren investing in WMD? All praise the humans. What will warren do next?</Msg><Username>spocklovesyou</Username><Timestamp>1369828568920</Timestamp><DateTime>Wed, 2013-05-29 07:56:08 EDT</DateTime><ThumbUp>1</ThumbUp><ThumbDown>0</ThumbDown><Sentiment/></Message><Message type="ReplyMessage"><Id>1369828851634-22</Id><Topic><Title>Badmouthing Obama is GOOD for your sex life !</Title><Username>kingofvietnam</Username><Timestamp>1369795470869</Timestamp><DateTime>Tue, 2013-05-28 22:44:30 EDT</DateTime></Topic><Msg>everyone does here, sure I'd prefer more about tan lines but this is an investment bored.</Msg><Username>spocklovesyou</Username><Timestamp>1369828851634</Timestamp><DateTime>Wed, 2013-05-29 08:00:51 EDT</DateTime><ThumbUp>0</ThumbUp><ThumbDown>1</ThumbDown><Sentiment/></Message><Message type="ReplyMessage"><Id>1369829260931-23</Id><Topic><Title>The 'cult of capitalism' and U.S. moral decline</Title><Username>reggie.thoma</Username><Timestamp>1369824802101</Timestamp><DateTime>Wed, 2013-05-29 06:53:22 EDT</DateTime></Topic><Msg>Your caricature of Dimon is too simplistic and to call him a "monster of a cult" is at best bizarre. Most people on this forum have no idea about what capitalism is or its origins and dependencies in the 20th century USA. They don't realize that the USA was founded as a mercantile nation, as is plainly evidenced in our constitution's dependence on tariffs until the enactment of the Income Tax amendment. And they don't realize that our economy is not a pure capitalism but a mix of socialism and capitalism, as is virtually all modern economies are. Until posters can frame their comments or questions with respect to those factors, they can only post nonsense. Dimon is a clever, suave CEO but trying to turn him into a target simply shows that any disagreement with him is a personal disagreement that has nothing to do with capitalism or its limits. Of course the trends are beyond his control. He knows that. Dooms day sayers like Gongloff are a waste of time and only attract people looking for easy, tiny answers to fit in their small minds. As for morals, they are innate and you can neither increase them nor decrease them because they are an evolutionary byproduct of our being social animals. Finally, do we have problems to solve? When have we ever not had problems to solve?</Msg><Username>whydoyoubelievethat</Username><Timestamp>1369829260931</Timestamp><DateTime>Wed, 2013-05-29 08:07:40 EDT</DateTime><ThumbUp>2</ThumbUp><ThumbDown>1</ThumbDown><Sentiment/></Message><Message type="ReplyMessage"><Id>1369829523067-24</Id><Topic><Title>Badmouthing Obama is GOOD for your sex life !</Title><Username>kingofvietnam</Username><Timestamp>1369795470869</Timestamp><DateTime>Tue, 2013-05-28 22:44:30 EDT</DateTime></Topic><Msg>Since he discovered that Obama gets him hot he gets sex twice each year! Good for you. Next year go for three. If your heart can take it, you old fart.</Msg><Username>stop_lying_to_us</Username><Timestamp>1369829523067</Timestamp><DateTime>Wed, 2013-05-29 08:12:03 EDT</DateTime><ThumbUp>0</ThumbUp><ThumbDown>0</ThumbDown><Sentiment/></Message><Message type="ReplyMessage"><Id>1369829915695-25</Id><Topic><Title>The 'cult of capitalism' and U.S. moral decline</Title><Username>reggie.thoma</Username><Timestamp>1369824802101</Timestamp><DateTime>Wed, 2013-05-29 06:53:22 EDT</DateTime></Topic><Msg>Of course America is not Pure Capitalism but it is (was) 90% Capitalism and that is the engine that drives productivity in our great nation and not government programs. Steve Jobs started Apple Computer to get rich not to help their fellow commrad. In the process they created an industry that employees millions of people and have increased the prosperity of the entire world with incredible products. Do not ever recall using a government made computer and if I did I am sure it would not work. Socialism is dead and not even Obama is going to bring it back.</Msg><Username>nasa_rss</Username><Timestamp>1369829915695</Timestamp><DateTime>Wed, 2013-05-29 08:18:35 EDT</DateTime><ThumbUp>0</ThumbUp><ThumbDown>3</ThumbDown><Sentiment/></Message><Message type="ReplyMessage"><Id>1369829980826-26</Id><Topic><Title>Completely irrational market fueled by the biggest FED bubble in history be careful little people.</Title><Username>andym_30054</Username><Timestamp>1369820751366</Timestamp><DateTime>Wed, 2013-05-29 05:45:51 EDT</DateTime></Topic><Msg>By your definition, if you don't understand the market then it is irrational. So all you have said is that you don't understand the market. Markets go up, markets go down. Where is the irrationality? Where is the mystery? Is the weather irrational because the barometer changes?</Msg><Username>whydoyoubelievethat</Username><Timestamp>1369829980826</Timestamp><DateTime>Wed, 2013-05-29 08:19:40 EDT</DateTime><ThumbUp>0</ThumbUp><ThumbDown>0</ThumbDown><Sentiment/></Message><Message type="ReplyMessage"><Id>1369830419558-27</Id><Topic><Title>The 'cult of capitalism' and U.S. moral decline</Title><Username>reggie.thoma</Username><Timestamp>1369824802101</Timestamp><DateTime>Wed, 2013-05-29 06:53:22 EDT</DateTime></Topic><Msg>The Great Spenders in Republican Party as well as Dems sold this country out to make a quick buck just ask Cheney and All Gore. All Gore is now filthy rich how did that suddenly happen? Guess he left office and miraculously made hundreds of millions along with the Clinton. It seems to me it would be rare for someone to make hundreds of millions yet top government officials leave office then they are suddenly super rich. Just watch Obama cash in.</Msg><Username>nasa_rss</Username><Timestamp>1369830419558</Timestamp><DateTime>Wed, 2013-05-29 08:26:59 EDT</DateTime><ThumbUp>2</ThumbUp><ThumbDown>1</ThumbDown><Sentiment/></Message><Message type="ReplyMessage"><Id>1369831067150-28</Id><Topic><Title>The 'cult of capitalism' and U.S. moral decline</Title><Username>reggie.thoma</Username><Timestamp>1369824802101</Timestamp><DateTime>Wed, 2013-05-29 06:53:22 EDT</DateTime></Topic><Msg>Mr. zevoter01 Boykin: Is it true that Boehner beats his dork at the dinner table?</Msg><Username>ariad_lnvestor</Username><Timestamp>1369831067150</Timestamp><DateTime>Wed, 2013-05-29 08:37:47 EDT</DateTime><ThumbUp>1</ThumbUp><ThumbDown>0</ThumbDown><Sentiment/></Message><Message type="TopicMessage"><Id>1369831130669-29</Id><Title>next big mover(CPOW) HUGE NEWS</Title><Msg>WATCH!</Msg><Username>ddavis942</Username><Timestamp>1369831130669</Timestamp><DateTime>Wed, 2013-05-29 08:38:50 EDT</DateTime><ThumbUp>0</ThumbUp><ThumbDown>1</ThumbDown><Sentiment/></Message><Message type="ReplyMessage"><Id>1369831999188-30</Id><Topic><Title>next big mover(CPOW) HUGE NEWS</Title><Username>ddavis942</Username><Timestamp>1369831130669</Timestamp><DateTime>Wed, 2013-05-29 08:38:50 EDT</DateTime></Topic><Msg>While your buying CPOW you should also pick up some VIBE for two losers makes for double fun, lol.</Msg><Username>midnightbob62</Username><Timestamp>1369831999188</Timestamp><DateTime>Wed, 2013-05-29 08:53:19 EDT</DateTime><ThumbUp>1</ThumbUp><ThumbDown>0</ThumbDown><Sentiment/></Message><Message type="ReplyMessage"><Id>1369832070153-31</Id><Topic><Title>* DRAM $4.45 UP ANOTHER 10%....1) HUGE AMD DEAL, 2) MEMORY PRICES UP 70% IN 2013...WAS $35 IN 2010...TODAY IT'S STRONGER &amp; MORE DIVERSIFIED</Title><Username>joeyggrecco</Username><Timestamp>1369759139964</Timestamp><DateTime>Tue, 2013-05-28 12:38:59 EDT</DateTime></Topic><Msg>DRAM's chart looks superb prices taking off North of the Golden Cross</Msg><Username>jcsoria2008</Username><Timestamp>1369832070153</Timestamp><DateTime>Wed, 2013-05-29 08:54:30 EDT</DateTime><ThumbUp>0</ThumbUp><ThumbDown>0</ThumbDown><Sentiment/></Message><Message type="ReplyMessage"><Id>1369832143363-32</Id><Topic><Title>DRAM $4.28 UP 150% LAST WEEK….IN ADDITION TO THE HUGE AMD DEAL DRAM PRICES HAVE INCREASED 70% IN 2013 AND ARE EXPECTED TO KEEP CLIMBING</Title><Username>yproger</Username><Timestamp>1368423250976</Timestamp><DateTime>Mon, 2013-05-13 01:34:10 EDT</DateTime></Topic><Msg>Value investors polease notice DRAM's chart......it looks superb with prices taking off North of the Golden Cross</Msg><Username>jcsoria2008</Username><Timestamp>1369832143363</Timestamp><DateTime>Wed, 2013-05-29 08:55:43 EDT</DateTime><ThumbUp>0</ThumbUp><ThumbDown>0</ThumbDown><Sentiment/></Message><Message type="ReplyMessage"><Id>1369832464236-33</Id><Topic><Title>Traderdave / Traderx</Title><Username>toothpaste2013</Username><Timestamp>1369404788396</Timestamp><DateTime>Fri, 2013-05-24 10:13:08 EDT</DateTime></Topic><Msg>Are you hiding again? lol</Msg><Username>toothpaste2013</Username><Timestamp>1369832464236</Timestamp><DateTime>Wed, 2013-05-29 09:01:04 EDT</DateTime><ThumbUp>2</ThumbUp><ThumbDown>0</ThumbDown><Sentiment/></Message><Message type="ReplyMessage"><Id>1369832542508-34</Id><Topic><Title>BAC = SELL.....CLSN = BUY</Title><Username>alxn_mstx</Username><Timestamp>1369420633246</Timestamp><DateTime>Fri, 2013-05-24 14:37:13 EDT</DateTime></Topic><Msg>Now that Goldman Sachs is buying Celsion I have to agree 100% Sorry for the thumbs down earlier.</Msg><Username>copperplatinum</Username><Timestamp>1369832542508</Timestamp><DateTime>Wed, 2013-05-29 09:02:22 EDT</DateTime><ThumbUp>3</ThumbUp><ThumbDown>0</ThumbDown><Sentiment/></Message><Message type="ReplyMessage"><Id>1369833015229-35</Id><Topic><Title>Traderdave / Traderx</Title><Username>toothpaste2013</Username><Timestamp>1369404788396</Timestamp><DateTime>Fri, 2013-05-24 10:13:08 EDT</DateTime></Topic><Msg>NO paste - if he is smart as I think he is - he has you on ignore " it would be useless to argue with a child .""</Msg><Username>da23533</Username><Timestamp>1369833015229</Timestamp><DateTime>Wed, 2013-05-29 09:10:15 EDT</DateTime><ThumbUp>0</ThumbUp><ThumbDown>1</ThumbDown><Sentiment/></Message><Message type="ReplyMessage"><Id>1369833037386-36</Id><Topic><Title>Which one of the 57 states is obama in when he said Monroe Ok would be helped recover from the tornado?</Title><Username>zevoter01</Username><Timestamp>1369794074767</Timestamp><DateTime>Tue, 2013-05-28 22:21:14 EDT</DateTime></Topic><Msg>Business as Usual.</Msg><Username>starkdirt</Username><Timestamp>1369833037386</Timestamp><DateTime>Wed, 2013-05-29 09:10:37 EDT</DateTime><ThumbUp>1</ThumbUp><ThumbDown>0</ThumbDown><Sentiment/></Message><Message type="TopicMessage"><Id>1369833259355-37</Id><Title>Now that we're past Memorial Day ..... and all of Obama's fake honoring of the military that he detests .....</Title><Msg>it's time to see what new scandal will emerge in his corrupt regime!</Msg><Username>starkdirt</Username><Timestamp>1369833259355</Timestamp><DateTime>Wed, 2013-05-29 09:14:19 EDT</DateTime><ThumbUp>0</ThumbUp><ThumbDown>0</ThumbDown><Sentiment/></Message><Message type="TopicMessage"><Id>1369833390859-38</Id><Title>Fannie Mae 4.50 is coming</Title><Msg>then 5 and 6</Msg><Username>sowj_gade</Username><Timestamp>1369833390859</Timestamp><DateTime>Wed, 2013-05-29 09:16:30 EDT</DateTime><ThumbUp>0</ThumbUp><ThumbDown>0</ThumbDown><Sentiment/></Message><Message type="TopicMessage"><Id>1369833739968-39</Id><Title>I'm OK with California banning fracking inside their state ......</Title><Msg>as long as NO oil and gas recovered with fracking in other states is sold in California!!</Msg><Username>starkdirt</Username><Timestamp>1369833739968</Timestamp><DateTime>Wed, 2013-05-29 09:22:19 EDT</DateTime><ThumbUp>0</ThumbUp><ThumbDown>0</ThumbDown><Sentiment/></Message><Message type="ReplyMessage"><Id>1369833901681-40</Id><Topic><Title>Fannie Mae 4.50 is coming</Title><Username>sowj_gade</Username><Timestamp>1369833390859</Timestamp><DateTime>Wed, 2013-05-29 09:16:30 EDT</DateTime></Topic><Msg>I am in!</Msg><Username>marshallfolsh</Username><Timestamp>1369833901681</Timestamp><DateTime>Wed, 2013-05-29 09:25:01 EDT</DateTime><ThumbUp>0</ThumbUp><ThumbDown>0</ThumbDown><Sentiment>Strong Buy</Sentiment></Message><Message type="ReplyMessage"><Id>1369833940834-41</Id><Topic><Title>Fannie Mae 4.50 is coming</Title><Username>sowj_gade</Username><Timestamp>1369833390859</Timestamp><DateTime>Wed, 2013-05-29 09:16:30 EDT</DateTime></Topic><Msg>And I've been holding a basket of them from the $0.75 level. Luvin' it. Now....if only BAC's bid could get out of its own way and move along in comparable fashion, eh? I'll be all a'giggle when that starts to happen. ;-) Highlow American Net'Zen</Msg><Username>highlowsel</Username><Timestamp>1369833940834</Timestamp><DateTime>Wed, 2013-05-29 09:25:40 EDT</DateTime><ThumbUp>1</ThumbUp><ThumbDown>0</ThumbDown><Sentiment/></Message><Message type="ReplyMessage"><Id>1369834119772-42</Id><Topic><Title>BAC = SELL.....CLSN = BUY</Title><Username>alxn_mstx</Username><Timestamp>1369420633246</Timestamp><DateTime>Fri, 2013-05-24 14:37:13 EDT</DateTime></Topic><Msg>that stock could easily triple. Thanks for sharing!</Msg><Username>nickybaiboa</Username><Timestamp>1369834119772</Timestamp><DateTime>Wed, 2013-05-29 09:28:39 EDT</DateTime><ThumbUp>0</ThumbUp><ThumbDown>0</ThumbDown><Sentiment/></Message><Message type="ReplyMessage"><Id>1369834169143-43</Id><Topic><Title>The 'cult of capitalism' and U.S. moral decline</Title><Username>reggie.thoma</Username><Timestamp>1369824802101</Timestamp><DateTime>Wed, 2013-05-29 06:53:22 EDT</DateTime></Topic><Msg>You have several wild assumptions in your post. It is impossible to place a percentage of what is capitalism or socialism in any economy because they are mutually intertwined and supportive of each other. The myth is that capitalism and socialism are mutually exclusive or antagonistic with each other. Just the opposite is true. Capitalism without our mix with socialism would cannibalize the workers that are the dynamic engine of capitalism. Socialism without capitalism would lead to lower productivity and a lack of incentive. As for Steve Jobs, it is amazing that you can read the mind of a dead entrepreneur. But Steve, in a commencement address at Stanford in 2005 did not mention the desire to get rich as his motivation. Instead he recounted his learning calligraphy and a sense of aesthetics as what motivated him to produce devices that were intuitive and people loved to have and use. Socialism is dead? You are selectively blind to a remarkable part of the economies of every modern industrial nation. I guess you are one of the Tea Party ignoramuses who don't know the difference between modern socialism in its integration with capitalism and communism, which is dead, or even socialism of 100 years ago. Please update your McGuffy readers.</Msg><Username>impossible2no</Username><Timestamp>1369834169143</Timestamp><DateTime>Wed, 2013-05-29 09:29:29 EDT</DateTime><ThumbUp>2</ThumbUp><ThumbDown>0</ThumbDown><Sentiment/></Message><Message type="TopicMessage"><Id>1369834174035-44</Id><Title>If judge approves settelment tomorrow BAC will lunge over $14 GSE's have removed abjection Judge will approve</Title><Msg>approved settlement BAC will lunge quickly over $14 and a slow grind to $15 . FNMA and Government removed their abjection to settlement and accepted as fair and ready to move on.</Msg><Username>felizhora99</Username><Timestamp>1369834174035</Timestamp><DateTime>Wed, 2013-05-29 09:29:34 EDT</DateTime><ThumbUp>1</ThumbUp><ThumbDown>1</ThumbDown><Sentiment>Strong Buy</Sentiment></Message><Message type="TopicMessage"><Id>1369834265288-45</Id><Title>Obama: “I’m not the strapping young Muslim socialist that I used to be!”</Title><Msg>Got that right!</Msg><Username>starkdirt</Username><Timestamp>1369834265288</Timestamp><DateTime>Wed, 2013-05-29 09:31:05 EDT</DateTime><ThumbUp>2</ThumbUp><ThumbDown>5</ThumbDown><Sentiment/></Message><Message type="ReplyMessage"><Id>1369834435720-46</Id><Topic><Title>BOSTON MARATHON BOMBERS CAUGHT BY NAZIS</Title><Username>bejupete</Username><Timestamp>1369577880769</Timestamp><DateTime>Sun, 2013-05-26 10:18:00 EDT</DateTime></Topic><Msg>Allegations, innuendos, confession of deceased suspects, etc ... It is getting "funnier".</Msg><Username>sky_walker616</Username><Timestamp>1369834435720</Timestamp><DateTime>Wed, 2013-05-29 09:33:55 EDT</DateTime><ThumbUp>0</ThumbUp><ThumbDown>7</ThumbDown><Sentiment/></Message><Message type="ReplyMessage"><Id>1369834537484-47</Id><Topic><Title>If judge approves settelment tomorrow BAC will lunge over $14 GSE's have removed abjection Judge will approve</Title><Username>felizhora99</Username><Timestamp>1369834174035</Timestamp><DateTime>Wed, 2013-05-29 09:29:34 EDT</DateTime></Topic><Msg>Rather doubtful any decision will be made tomorrow. My understanding is that it is a hearing. Judges don't normally make snap decisions.</Msg><Username>tigger.redux</Username><Timestamp>1369834537484</Timestamp><DateTime>Wed, 2013-05-29 09:35:37 EDT</DateTime><ThumbUp>1</ThumbUp><ThumbDown>0</ThumbDown><Sentiment/></Message><Message type="TopicMessage"><Id>1369834733936-48</Id><Title>BAC: $17 is where it's Goin!</Title><Msg>Probably faster than anyone thinks!</Msg><Username>maxxybb</Username><Timestamp>1369834733936</Timestamp><DateTime>Wed, 2013-05-29 09:38:53 EDT</DateTime><ThumbUp>2</ThumbUp><ThumbDown>0</ThumbDown><Sentiment/></Message><Message type="ReplyMessage"><Id>1369834951021-49</Id><Topic><Title>I'm OK with California banning fracking inside their state ......</Title><Username>starkdirt</Username><Timestamp>1369833739968</Timestamp><DateTime>Wed, 2013-05-29 09:22:19 EDT</DateTime></Topic><Msg>Does the ban apply to offshore ? Monterey Shale area extends to 60 miles offshore.</Msg><Username>gpd8252</Username><Timestamp>1369834951021</Timestamp><DateTime>Wed, 2013-05-29 09:42:31 EDT</DateTime><ThumbUp>0</ThumbUp><ThumbDown>0</ThumbDown><Sentiment/></Message><Message type="ReplyMessage"><Id>1369835056310-50</Id><Topic><Title>BAC: $17 is where it's Goin!</Title><Username>maxxybb</Username><Timestamp>1369834733936</Timestamp><DateTime>Wed, 2013-05-29 09:38:53 EDT</DateTime></Topic><Msg>i HOPE YOU ARE RIGHT! :)</Msg><Username>toothpaste2013</Username><Timestamp>1369835056310</Timestamp><DateTime>Wed, 2013-05-29 09:44:16 EDT</DateTime><ThumbUp>0</ThumbUp><ThumbDown>0</ThumbDown><Sentiment/></Message><Message type="ReplyMessage"><Id>1369835404430-51</Id><Topic><Title>BAC = SELL.....CLSN = BUY</Title><Username>alxn_mstx</Username><Timestamp>1369420633246</Timestamp><DateTime>Fri, 2013-05-24 14:37:13 EDT</DateTime></Topic><Msg>it will.</Msg><Username>teragr50</Username><Timestamp>1369835404430</Timestamp><DateTime>Wed, 2013-05-29 09:50:04 EDT</DateTime><ThumbUp>0</ThumbUp><ThumbDown>0</ThumbDown><Sentiment/></Message><Message type="ReplyMessage"><Id>1369836271331-52</Id><Topic><Title>BAC: $17 is where it's Goin!</Title><Username>maxxybb</Username><Timestamp>1369834733936</Timestamp><DateTime>Wed, 2013-05-29 09:38:53 EDT</DateTime></Topic><Msg>BAC Flies if rates Fly! This will be the new APPL MUST OWN!</Msg><Username>maxxybb</Username><Timestamp>1369836271331</Timestamp><DateTime>Wed, 2013-05-29 10:04:31 EDT</DateTime><ThumbUp>0</ThumbUp><ThumbDown>0</ThumbDown><Sentiment/></Message><Message type="TopicMessage"><Id>1369836296885-53</Id><Title>Newtie for President in 2014. Look out Obama, your gonna be dethroned !</Title><Msg>Us Tea Bags are gonna overthrow you, and were gonna install Newtie in your place !</Msg><Username>zevoter02</Username><Timestamp>1369836296885</Timestamp><DateTime>Wed, 2013-05-29 10:04:56 EDT</DateTime><ThumbUp>1</ThumbUp><ThumbDown>0</ThumbDown><Sentiment/></Message><Message type="ReplyMessage"><Id>1369836381755-54</Id><Topic><Title>Are modern day #$%$'s reincarnated as the Teabagging USA Tea Party !</Title><Username>sofreakinghot</Username><Timestamp>1369834914346</Timestamp><DateTime>Wed, 2013-05-29 09:41:54 EDT</DateTime></Topic><Msg>Calling us Nazis nazis dont fret us none. Were proud to be referred to as nazis.</Msg><Username>zevoter02</Username><Timestamp>1369836381755</Timestamp><DateTime>Wed, 2013-05-29 10:06:21 EDT</DateTime><ThumbUp>0</ThumbUp><ThumbDown>0</ThumbDown><Sentiment/></Message><Message type="ReplyMessage"><Id>1369836521133-55</Id><Topic><Title>BAC: $17 is where it's Goin!</Title><Username>maxxybb</Username><Timestamp>1369834733936</Timestamp><DateTime>Wed, 2013-05-29 09:38:53 EDT</DateTime></Topic><Msg>A few months ago a talking head said BAC would be $20 by year end, and I didn't believe them. Now I think it is possible.</Msg><Username>krispy_turds</Username><Timestamp>1369836521133</Timestamp><DateTime>Wed, 2013-05-29 10:08:41 EDT</DateTime><ThumbUp>1</ThumbUp><ThumbDown>0</ThumbDown><Sentiment/></Message><Message type="ReplyMessage"><Id>1369836559086-56</Id><Topic><Title>BOSTON MARATHON BOMBERS CAUGHT BY NAZIS</Title><Username>bejupete</Username><Timestamp>1369577880769</Timestamp><DateTime>Sun, 2013-05-26 10:18:00 EDT</DateTime></Topic><Msg>Arent you glad the police caught up with the younger brother before us vigilantee nazis did? Do you wanna be next?</Msg><Username>zevoter02</Username><Timestamp>1369836559086</Timestamp><DateTime>Wed, 2013-05-29 10:09:19 EDT</DateTime><ThumbUp>0</ThumbUp><ThumbDown>3</ThumbDown><Sentiment/></Message><Message type="TopicMessage"><Id>1369836710676-57</Id><Title>Newtie: "I'm not the strapping young strom trooper I used to be!"</Title><Msg>"...but, I'm just as anal and banal as ever!"</Msg><Username>zevoter02</Username><Timestamp>1369836710676</Timestamp><DateTime>Wed, 2013-05-29 10:11:50 EDT</DateTime><ThumbUp>0</ThumbUp><ThumbDown>1</ThumbDown><Sentiment/></Message><Message type="ReplyMessage"><Id>1369837017451-58</Id><Topic><Title>When I'm not lapping up anal drippage, I like to post Tea Bag lunacy</Title><Username>zevoter02</Username><Timestamp>1369541243749</Timestamp><DateTime>Sun, 2013-05-26 00:07:23 EDT</DateTime></Topic><Msg>You aint never been the the brightest bulb in the markee, but you has always been one of the loyal rank and vile.</Msg><Username>zevoter02</Username><Timestamp>1369837017451</Timestamp><DateTime>Wed, 2013-05-29 10:16:57 EDT</DateTime><ThumbUp>0</ThumbUp><ThumbDown>0</ThumbDown><Sentiment/></Message><Message type="ReplyMessage"><Id>1369837591432-59</Id><Topic><Title>bought 15000 shares making me 23k!</Title><Username>gorgymomo</Username><Timestamp>1369554087176</Timestamp><DateTime>Sun, 2013-05-26 03:41:27 EDT</DateTime></Topic><Msg>i signed up tooo</Msg><Username>goormoney</Username><Timestamp>1369837591432</Timestamp><DateTime>Wed, 2013-05-29 10:26:31 EDT</DateTime><ThumbUp>0</ThumbUp><ThumbDown>1</ThumbDown><Sentiment/></Message><Message type="ReplyMessage"><Id>1369837631430-60</Id><Topic><Title>It's Time !!!!!!!!!</Title><Username>garyjohnson34231</Username><Timestamp>1369825043390</Timestamp><DateTime>Wed, 2013-05-29 06:57:23 EDT</DateTime></Topic><Msg>what happened to Rally Monkey?</Msg><Username>vieweroutrage</Username><Timestamp>1369837631430</Timestamp><DateTime>Wed, 2013-05-29 10:27:11 EDT</DateTime><ThumbUp>0</ThumbUp><ThumbDown>1</ThumbDown><Sentiment/></Message><Message type="ReplyMessage"><Id>1369837638888-61</Id><Topic><Title>bought 15000 shares making me 23k!</Title><Username>gorgymomo</Username><Timestamp>1369554087176</Timestamp><DateTime>Sun, 2013-05-26 03:41:27 EDT</DateTime></Topic><Msg>i signed up thanks!</Msg><Username>goormoney</Username><Timestamp>1369837638888</Timestamp><DateTime>Wed, 2013-05-29 10:27:18 EDT</DateTime><ThumbUp>1</ThumbUp><ThumbDown>1</ThumbDown><Sentiment/></Message><Message type="ReplyMessage"><Id>1369837652776-62</Id><Topic><Title>made money one a simple site..</Title><Username>brewrachel</Username><Timestamp>1369424975561</Timestamp><DateTime>Fri, 2013-05-24 15:49:35 EDT</DateTime></Topic><Msg>love this! i siubscribed</Msg><Username>goormoney</Username><Timestamp>1369837652776</Timestamp><DateTime>Wed, 2013-05-29 10:27:32 EDT</DateTime><ThumbUp>0</ThumbUp><ThumbDown>1</ThumbDown><Sentiment/></Message><Message type="ReplyMessage"><Id>1369837681335-63</Id><Topic><Title>Republicans have caused these horrible tornadoes by denying Global Warming</Title><Username>nogoodpete</Username><Timestamp>1369085891496</Timestamp><DateTime>Mon, 2013-05-20 17:38:11 EDT</DateTime></Topic><Msg>i signed up</Msg><Username>goormoney</Username><Timestamp>1369837681335</Timestamp><DateTime>Wed, 2013-05-29 10:28:01 EDT</DateTime><ThumbUp>0</ThumbUp><ThumbDown>0</ThumbDown><Sentiment/></Message><Message type="ReplyMessage"><Id>1369837710245-64</Id><Topic><Title>mjna DUMP dont lose your money, i made 400% month</Title><Username>toddbanks</Username><Timestamp>1369188037423</Timestamp><DateTime>Tue, 2013-05-21 22:00:37 EDT</DateTime></Topic><Msg>i signed up as well</Msg><Username>goormoney</Username><Timestamp>1369837710245</Timestamp><DateTime>Wed, 2013-05-29 10:28:30 EDT</DateTime><ThumbUp>1</ThumbUp><ThumbDown>1</ThumbDown><Sentiment/></Message><Message type="ReplyMessage"><Id>1369838251346-65</Id><Topic><Title>BOSTON MARATHON BOMBERS CAUGHT BY NAZIS</Title><Username>bejupete</Username><Timestamp>1369577880769</Timestamp><DateTime>Sun, 2013-05-26 10:18:00 EDT</DateTime></Topic><Msg>I think that the point is that how do you know the suspect brothers actually committed the crime? Oh, the alleged confession ;-)) I noticed that the suspect brothers did not try to flee the country when they supposedly had 40 hours to do just that. If they had done it, should you expect them at least attempt to run away??</Msg><Username>sky_walker616</Username><Timestamp>1369838251346</Timestamp><DateTime>Wed, 2013-05-29 10:37:31 EDT</DateTime><ThumbUp>0</ThumbUp><ThumbDown>4</ThumbDown><Sentiment/></Message><Message type="TopicMessage"><Id>1369838849761-66</Id><Title>AIBYY!!!!</Title><Msg>AIBYY!!!!</Msg><Username>tony_miller65</Username><Timestamp>1369838849761</Timestamp><DateTime>Wed, 2013-05-29 10:47:29 EDT</DateTime><ThumbUp>0</ThumbUp><ThumbDown>0</ThumbDown><Sentiment/></Message><Message type="TopicMessage"><Id>1369840508548-67</Id><Title>time to crash financials Wall Street must pay up big time</Title><Msg>Have so manipulated these markets jst buying at any price. Enough already free fall these people to reality 15% correctrion.</Msg><Username>kopach</Username><Timestamp>1369840508548</Timestamp><DateTime>Wed, 2013-05-29 11:15:08 EDT</DateTime><ThumbUp>0</ThumbUp><ThumbDown>1</ThumbDown><Sentiment/></Message><Message type="ReplyMessage"><Id>1369840548586-68</Id><Topic><Title>BAC = SELL.....CLSN = BUY</Title><Username>alxn_mstx</Username><Timestamp>1369420633246</Timestamp><DateTime>Fri, 2013-05-24 14:37:13 EDT</DateTime></Topic><Msg>Agreed. bought yesterday at 1.11</Msg><Username>computerfixuper</Username><Timestamp>1369840548586</Timestamp><DateTime>Wed, 2013-05-29 11:15:48 EDT</DateTime><ThumbUp>0</ThumbUp><ThumbDown>0</ThumbDown><Sentiment/></Message><Message type="ReplyMessage"><Id>1369840682938-69</Id><Topic><Title>BOSTON MARATHON BOMBERS CAUGHT BY NAZIS</Title><Username>bejupete</Username><Timestamp>1369577880769</Timestamp><DateTime>Sun, 2013-05-26 10:18:00 EDT</DateTime></Topic><Msg>I see sky walker is back to his old tricks of trying to start another conspiracy theory. Didn't work out for you with the Twin Towers, did it, #$%$ sympathizer? So at what point will you start blaming the Jews?</Msg><Username>whyduyouask</Username><Timestamp>1369840682938</Timestamp><DateTime>Wed, 2013-05-29 11:18:02 EDT</DateTime><ThumbUp>1</ThumbUp><ThumbDown>0</ThumbDown><Sentiment/></Message><Message type="TopicMessage"><Id>1369841567907-70</Id><Title>BAC holding well in spite of markets.</Title><Msg>Lots of good things coming out in favor of BAC. Decision tomorrow expected to be favorable. Oh yes, another (black) lady named Eloise Prince, of Columbus, Ohio was before a judge yesterday. Yes, VOTER FRAUD,..again! She got caught for the second time in the 2012 Obuma election. Laughed about it. Judge has a 6 year sentence option. She told iIm it is common in her precincts! Laughed again. It's in the paper and on Internet. Check it out if you remain in denial.</Msg><Username>dfaduke</Username><Timestamp>1369841567907</Timestamp><DateTime>Wed, 2013-05-29 11:32:47 EDT</DateTime><ThumbUp>1</ThumbUp><ThumbDown>1</ThumbDown><Sentiment>Strong Buy</Sentiment></Message><Message type="TopicMessage"><Id>1369841821841-71</Id><Title>Just another day of organized crime on fraud street just ask cnbc boiler room</Title><Msg>Fake buyers n sellers lol daily trading is more like criminal racketeering controlled rigged markets advertised as free markets lmao</Msg><Username>tom.foolery2</Username><Timestamp>1369841821841</Timestamp><DateTime>Wed, 2013-05-29 11:37:01 EDT</DateTime><ThumbUp>0</ThumbUp><ThumbDown>0</ThumbDown><Sentiment/></Message><Message type="ReplyMessage"><Id>1369842280926-72</Id><Topic><Title>BAC holding well in spite of markets.</Title><Username>dfaduke</Username><Timestamp>1369841567907</Timestamp><DateTime>Wed, 2013-05-29 11:32:47 EDT</DateTime></Topic><Msg>My understanding that tomorrow is only a hearing, that no decision should be expected. A hearing usually only means talking by both sides and listening by the judge. The decision comes later, possibly weeks, days if we're lucky.</Msg><Username>tigger.redux</Username><Timestamp>1369842280926</Timestamp><DateTime>Wed, 2013-05-29 11:44:40 EDT</DateTime><ThumbUp>1</ThumbUp><ThumbDown>0</ThumbDown><Sentiment/></Message><Message type="ReplyMessage"><Id>1369842777459-73</Id><Topic><Title>Just another day of organized crime on fraud street just ask cnbc boiler room</Title><Username>tom.foolery2</Username><Timestamp>1369841821841</Timestamp><DateTime>Wed, 2013-05-29 11:37:01 EDT</DateTime></Topic><Msg>Commie!</Msg><Username>str8uplong</Username><Timestamp>1369842777459</Timestamp><DateTime>Wed, 2013-05-29 11:52:57 EDT</DateTime><ThumbUp>0</ThumbUp><ThumbDown>0</ThumbDown><Sentiment>Strong Buy</Sentiment></Message><Message type="ReplyMessage"><Id>1369843076700-74</Id><Topic><Title>Just another day of organized crime on fraud street just ask cnbc boiler room</Title><Username>tom.foolery2</Username><Timestamp>1369841821841</Timestamp><DateTime>Wed, 2013-05-29 11:37:01 EDT</DateTime></Topic><Msg>Not hardly pointing out these so called free markets are a total farce rigged controlled false advertising lol so how's that being a commie ? What happens daily on Wall Street in this supposed Zero sum game is no different than criminal racketeering , if not you would see half these ws firms going belly up in these fake volatility markets on a weekly basis including the corrupt NYSE micromanaged by the criminal cnbc boiler room lol</Msg><Username>tom.foolery2</Username><Timestamp>1369843076700</Timestamp><DateTime>Wed, 2013-05-29 11:57:56 EDT</DateTime><ThumbUp>0</ThumbUp><ThumbDown>0</ThumbDown><Sentiment/></Message><Message type="ReplyMessage"><Id>1369843160971-75</Id><Topic><Title>time to crash financials Wall Street must pay up big time</Title><Username>kopach</Username><Timestamp>1369840508548</Timestamp><DateTime>Wed, 2013-05-29 11:15:08 EDT</DateTime></Topic><Msg>Long time over due for short correction since 2008, and BAC should be up 50.</Msg><Username>tennisu.desuka</Username><Timestamp>1369843160971</Timestamp><DateTime>Wed, 2013-05-29 11:59:20 EDT</DateTime><ThumbUp>0</ThumbUp><ThumbDown>0</ThumbDown><Sentiment/></Message><Message type="ReplyMessage"><Id>1369843690590-76</Id><Topic><Title>BAC holding well in spite of markets.</Title><Username>dfaduke</Username><Timestamp>1369841567907</Timestamp><DateTime>Wed, 2013-05-29 11:32:47 EDT</DateTime></Topic><Msg>As far as timing is concerned, the judge is in charge. But many briefs have been filed over a long period of time, so this has been in the forefront of the judges mind. Since the goverment has withdrawn their objection to the settlement amount, I don't really see what is contested at this poing. I would expect a decision as early as next week.</Msg><Username>caplain_nobull1</Username><Timestamp>1369843690590</Timestamp><DateTime>Wed, 2013-05-29 12:08:10 EDT</DateTime><ThumbUp>1</ThumbUp><ThumbDown>0</ThumbDown><Sentiment/></Message><Message type="TopicMessage"><Id>1369843866272-77</Id><Title>Citi gov settlemnt announced today and came in under anticipated amount.BAC likes the results</Title><Msg>these suits were based on value being lower than what realty is.The losses for FNMA are actually being proved to be less as being shown by FNMA profit</Msg><Username>felizhora99</Username><Timestamp>1369843866272</Timestamp><DateTime>Wed, 2013-05-29 12:11:06 EDT</DateTime><ThumbUp>0</ThumbUp><ThumbDown>0</ThumbDown><Sentiment/></Message><Message type="ReplyMessage"><Id>1369844731950-78</Id><Topic><Title>BOSTON MARATHON BOMBERS CAUGHT BY NAZIS</Title><Username>bejupete</Username><Timestamp>1369577880769</Timestamp><DateTime>Sun, 2013-05-26 10:18:00 EDT</DateTime></Topic><Msg>So you know that the lies could no longer fool people. Otherwise you would not have jumped out. ;-))</Msg><Username>sky_walker616</Username><Timestamp>1369844731950</Timestamp><DateTime>Wed, 2013-05-29 12:25:31 EDT</DateTime><ThumbUp>0</ThumbUp><ThumbDown>1</ThumbDown><Sentiment/></Message><Message type="ReplyMessage"><Id>1369844851227-79</Id><Topic><Title>It's Time !!!!!!!!!</Title><Username>garyjohnson34231</Username><Timestamp>1369825043390</Timestamp><DateTime>Wed, 2013-05-29 06:57:23 EDT</DateTime></Topic><Msg>Traderx and Traderdave new account</Msg><Username>toothpaste2013</Username><Timestamp>1369844851227</Timestamp><DateTime>Wed, 2013-05-29 12:27:31 EDT</DateTime><ThumbUp>0</ThumbUp><ThumbDown>2</ThumbDown><Sentiment/></Message><Message type="ReplyMessage"><Id>1369844860892-80</Id><Topic><Title>It's Time !!!!!!!!!</Title><Username>garyjohnson34231</Username><Timestamp>1369825043390</Timestamp><DateTime>Wed, 2013-05-29 06:57:23 EDT</DateTime></Topic><Msg>Traderx and Traderdave new account, another one</Msg><Username>toothpaste2013</Username><Timestamp>1369844860892</Timestamp><DateTime>Wed, 2013-05-29 12:27:40 EDT</DateTime><ThumbUp>0</ThumbUp><ThumbDown>0</ThumbDown><Sentiment/></Message><Message type="TopicMessage"><Id>1369845257909-81</Id><Title>Dems created our dependence on oil and destroyed the environment.</Title><Msg>It was the Dems who forced diversity which is what destroyed the inner cities and forced the middle class to the burbs where they need cars.</Msg><Username>crombola19040</Username><Timestamp>1369845257909</Timestamp><DateTime>Wed, 2013-05-29 12:34:17 EDT</DateTime><ThumbUp>0</ThumbUp><ThumbDown>2</ThumbDown><Sentiment/></Message><Message type="TopicMessage"><Id>1369845793038-82</Id><Title>l would like to see GS get pounded to all new low. About time all these banks manipulating markets up</Title><Msg>Buy at any price to hold up markets and take them up. So over bought here at least 10 to 15% . I say look out below world wide sell-off long over due here. Japan already started.</Msg><Username>kopach</Username><Timestamp>1369845793038</Timestamp><DateTime>Wed, 2013-05-29 12:43:13 EDT</DateTime><ThumbUp>0</ThumbUp><ThumbDown>1</ThumbDown><Sentiment/></Message><Message type="TopicMessage"><Id>1369847949962-83</Id><Title>BAC abd other money center banks up today on sector rotation</Title><Msg>Money is flowing out of big pharma, utilities, transports and others into large money center banks, promarily due to the growth that is seen in this sector caused by rising interest rates. As rates rise so does the net interest margin.</Msg><Username>n_literd_1</Username><Timestamp>1369847949962</Timestamp><DateTime>Wed, 2013-05-29 13:19:09 EDT</DateTime><ThumbUp>0</ThumbUp><ThumbDown>0</ThumbDown><Sentiment/></Message><Message type="ReplyMessage"><Id>1369848234552-84</Id><Topic><Title>BAC abd other money center banks up today on sector rotation</Title><Username>n_literd_1</Username><Timestamp>1369847949962</Timestamp><DateTime>Wed, 2013-05-29 13:19:09 EDT</DateTime></Topic><Msg>Actually, it is declining rates that are more favorable, initially, to banks. Banks carry a lot of fixed rate loans on their books. As the rates they have to pay to borrow money, and to pay on deposits, that actually squeezes margins. Over time, banks profit from higher rates, but if rates go up to fast banks can be severely squeezed as it takes time for them to rotate their loan books to the higher rates.</Msg><Username>tigger.redux</Username><Timestamp>1369848234552</Timestamp><DateTime>Wed, 2013-05-29 13:23:54 EDT</DateTime><ThumbUp>0</ThumbUp><ThumbDown>0</ThumbDown><Sentiment/></Message><Message type="ReplyMessage"><Id>1369849848760-85</Id><Topic><Title>Traderdave / Traderx</Title><Username>toothpaste2013</Username><Timestamp>1369404788396</Timestamp><DateTime>Fri, 2013-05-24 10:13:08 EDT</DateTime></Topic><Msg>Traderx/ Traderdave, Where are you hiding? hahaha, you must be crying your #$%$ out now. lollllllll</Msg><Username>toothpaste2013</Username><Timestamp>1369849848760</Timestamp><DateTime>Wed, 2013-05-29 13:50:48 EDT</DateTime><ThumbUp>3</ThumbUp><ThumbDown>0</ThumbDown><Sentiment/></Message><Message type="ReplyMessage"><Id>1369850092569-86</Id><Topic><Title>Dems created our dependence on oil and destroyed the environment.</Title><Username>crombola19040</Username><Timestamp>1369845257909</Timestamp><DateTime>Wed, 2013-05-29 12:34:17 EDT</DateTime></Topic><Msg>It was the lust for cheap labor that brought them here !</Msg><Username>sirifuture</Username><Timestamp>1369850092569</Timestamp><DateTime>Wed, 2013-05-29 13:54:52 EDT</DateTime><ThumbUp>0</ThumbUp><ThumbDown>0</ThumbDown><Sentiment>Buy</Sentiment></Message><Message type="TopicMessage"><Id>1369850317434-87</Id><Title>dems created our dependence.... good post TBAG</Title><Msg>can imagine a more ignorant statement</Msg><Username>marcymartin23</Username><Timestamp>1369850317434</Timestamp><DateTime>Wed, 2013-05-29 13:58:37 EDT</DateTime><ThumbUp>0</ThumbUp><ThumbDown>0</ThumbDown><Sentiment/></Message><Message type="TopicMessage"><Id>1369851037450-88</Id><Title>BAC more like $17!</Title><Msg>As rates go up, this stock could become the new APPLE type SAFE HAVEN go 2 company for the markets.</Msg><Username>maxxybb</Username><Timestamp>1369851037450</Timestamp><DateTime>Wed, 2013-05-29 14:10:37 EDT</DateTime><ThumbUp>0</ThumbUp><ThumbDown>0</ThumbDown><Sentiment/></Message><Message type="ReplyMessage"><Id>1369851323635-89</Id><Topic><Title>Dems created our dependence on oil and destroyed the environment.</Title><Username>crombola19040</Username><Timestamp>1369845257909</Timestamp><DateTime>Wed, 2013-05-29 12:34:17 EDT</DateTime></Topic><Msg>You should check your American History. We did not have the cheap labor north of the Mason Dixon line. We were willing to send them home and we are still willing to do that today. The cheap laborers don't want to leave becuase they are addicted to welfare. You can thank the southern Dems for bringing in the cheap labor. It was not very smart. It would have been cheaper to hire the Mexicans. They would have done twice as much work.</Msg><Username>crombola19040</Username><Timestamp>1369851323635</Timestamp><DateTime>Wed, 2013-05-29 14:15:23 EDT</DateTime><ThumbUp>0</ThumbUp><ThumbDown>1</ThumbDown><Sentiment/></Message><Message type="TopicMessage"><Id>1369851421488-90</Id><Title>BofA strong today</Title><Msg>Nice. Hold it baby.</Msg><Username>mikerogo444</Username><Timestamp>1369851421488</Timestamp><DateTime>Wed, 2013-05-29 14:17:01 EDT</DateTime><ThumbUp>0</ThumbUp><ThumbDown>0</ThumbDown><Sentiment/></Message><Message type="TopicMessage"><Id>1369853725483-91</Id><Title>Badmouthuing Obama is actually GOOD for your sex life !</Title><Msg>Whoa ! Last nite I make love to my partner for almost 5 hours nonstop after I only spent like 10 minutes badmouthing Obama all over the internet. You should try it too. Badmouthing Obama works miracle !</Msg><Username>kingofvietnam</Username><Timestamp>1369853725483</Timestamp><DateTime>Wed, 2013-05-29 14:55:25 EDT</DateTime><ThumbUp>0</ThumbUp><ThumbDown>3</ThumbDown><Sentiment/></Message><Message type="TopicMessage"><Id>1369854453730-92</Id><Title>Federal National Mortgage Association (FNMA) -OTC BB 2.78 1.30(31.86%) 2:51PM EDT</Title><Msg>keep buying banks???</Msg><Username>buffetmunger</Username><Timestamp>1369854453730</Timestamp><DateTime>Wed, 2013-05-29 15:07:33 EDT</DateTime><ThumbUp>0</ThumbUp><ThumbDown>5</ThumbDown><Sentiment>Strong Sell</Sentiment></Message><Message type="TopicMessage"><Id>1369854505735-93</Id><Title>That big block at $13.50 if broken, pps will go to $14.00 in a hurry</Title><Msg>someone does not want that block to be broken down Let's take down that hurdle ... here we go ....</Msg><Username>nanganamdar</Username><Timestamp>1369854505735</Timestamp><DateTime>Wed, 2013-05-29 15:08:25 EDT</DateTime><ThumbUp>2</ThumbUp><ThumbDown>0</ThumbDown><Sentiment>Strong Buy</Sentiment></Message><Message type="TopicMessage"><Id>1369854557818-94</Id><Title>Federal Home Loan Mortgage Corporation (FMCC) -OTC BB 2.55 1.19 -(32.00%) 2:53PM EDT</Title><Msg>Federal Home Loan Mortgage Corporation (FMCC) -OTC BB 2.55 1.19- (32.00%) 2:53PM EDT Freddie &amp; Fannie 32% down and stocks at 52 weeks high????</Msg><Username>buffetmunger</Username><Timestamp>1369854557818</Timestamp><DateTime>Wed, 2013-05-29 15:09:17 EDT</DateTime><ThumbUp>0</ThumbUp><ThumbDown>5</ThumbDown><Sentiment>Strong Sell</Sentiment></Message><Message type="ReplyMessage"><Id>1369854751748-95</Id><Topic><Title>Traderdave / Traderx</Title><Username>toothpaste2013</Username><Timestamp>1369404788396</Timestamp><DateTime>Fri, 2013-05-24 10:13:08 EDT</DateTime></Topic><Msg>He is waiting for parts from Japan to fix his Colecovision's numeric keypad/controller so he can get back online. :)</Msg><Username>marshallfolsh</Username><Timestamp>1369854751748</Timestamp><DateTime>Wed, 2013-05-29 15:12:31 EDT</DateTime><ThumbUp>2</ThumbUp><ThumbDown>0</ThumbDown><Sentiment>Strong Buy</Sentiment></Message><Message type="ReplyMessage"><Id>1369855714449-96</Id><Topic><Title>TIME to load GSS hurry..</Title><Username>stockmr</Username><Timestamp>1368988883065</Timestamp><DateTime>Sun, 2013-05-19 14:41:23 EDT</DateTime></Topic><Msg>i isgned up as well</Msg><Username>joshgreen452</Username><Timestamp>1369855714449</Timestamp><DateTime>Wed, 2013-05-29 15:28:34 EDT</DateTime><ThumbUp>0</ThumbUp><ThumbDown>0</ThumbDown><Sentiment/></Message><Message type="ReplyMessage"><Id>1369856398435-97</Id><Topic><Title>TIME to load GSS hurry..</Title><Username>stockmr</Username><Timestamp>1368988883065</Timestamp><DateTime>Sun, 2013-05-19 14:41:23 EDT</DateTime></Topic><Msg>It is always the same with these spammers. I have all of them on my IGNORE LIST and have had them on it for some time.</Msg><Username>bondholder44</Username><Timestamp>1369856398435</Timestamp><DateTime>Wed, 2013-05-29 15:39:58 EDT</DateTime><ThumbUp>0</ThumbUp><ThumbDown>0</ThumbDown><Sentiment/></Message><Message type="ReplyMessage"><Id>1369856747558-98</Id><Topic><Title>Badmouthuing Obama is actually GOOD for your sex life !</Title><Username>kingofvietnam</Username><Timestamp>1369853725483</Timestamp><DateTime>Wed, 2013-05-29 14:55:25 EDT</DateTime></Topic><Msg>Only 5 hours nonstop ? Other #$%$ trailer park racists can #$%$ the tiny "lover" between their legs for 10 hours nonstop. Keep playing with your pudding and stop posting adolescent jerk-off posts on the BAC board.</Msg><Username>neondros</Username><Timestamp>1369856747558</Timestamp><DateTime>Wed, 2013-05-29 15:45:47 EDT</DateTime><ThumbUp>0</ThumbUp><ThumbDown>0</ThumbDown><Sentiment/></Message><Message type="ReplyMessage"><Id>1369857930188-99</Id><Topic><Title>BOSTON MARATHON BOMBERS CAUGHT BY NAZIS</Title><Username>bejupete</Username><Timestamp>1369577880769</Timestamp><DateTime>Sun, 2013-05-26 10:18:00 EDT</DateTime></Topic><Msg>#$%$ or Gestapo are too strong words. But the question is how would you know if you lived in the Third Reich, if you were a pure blonde, since the "iron fist" of the State Machine was directed only at Jewish or Jipsey?</Msg><Username>sky_walker616</Username><Timestamp>1369857930188</Timestamp><DateTime>Wed, 2013-05-29 16:05:30 EDT</DateTime><ThumbUp>0</ThumbUp><ThumbDown>3</ThumbDown><Sentiment/></Message><Message type="ReplyMessage"><Id>1369858207988-100</Id><Topic><Title>BAC = SELL.....CLSN = BUY</Title><Username>alxn_mstx</Username><Timestamp>1369420633246</Timestamp><DateTime>Fri, 2013-05-24 14:37:13 EDT</DateTime></Topic><Msg>Celsion to receive up to $400 million in restitution.</Msg><Username>catamaran_outremer5x</Username><Timestamp>1369858207988</Timestamp><DateTime>Wed, 2013-05-29 16:10:07 EDT</DateTime><ThumbUp>1</ThumbUp><ThumbDown>0</ThumbDown><Sentiment/></Message><Message type="ReplyMessage"><Id>1369859058554-101</Id><Topic><Title>Badmouthuing Obama is actually GOOD for your sex life !</Title><Username>kingofvietnam</Username><Timestamp>1369853725483</Timestamp><DateTime>Wed, 2013-05-29 14:55:25 EDT</DateTime></Topic><Msg>You partners was John Boehner and Mitch "Chipmunk" McConnell, was they not?</Msg><Username>ariad_lnvestor</Username><Timestamp>1369859058554</Timestamp><DateTime>Wed, 2013-05-29 16:24:18 EDT</DateTime><ThumbUp>0</ThumbUp><ThumbDown>0</ThumbDown><Sentiment/></Message><Message type="ReplyMessage"><Id>1369859409339-102</Id><Topic><Title>I am a black man and I have twice the salami of average white guys ! Why Honkeys so small?</Title><Username>sofreakinghot</Username><Timestamp>1369858690723</Timestamp><DateTime>Wed, 2013-05-29 16:18:10 EDT</DateTime></Topic><Msg>dfaduke and zevoter02 have little peanuts. They is literally the size of a little goober. That why they always so angry. I am chinee boy and have one like an eel.</Msg><Username>ariad_lnvestor</Username><Timestamp>1369859409339</Timestamp><DateTime>Wed, 2013-05-29 16:30:09 EDT</DateTime><ThumbUp>2</ThumbUp><ThumbDown>1</ThumbDown><Sentiment/></Message><Message type="ReplyMessage"><Id>1369860565153-103</Id><Topic><Title>I am a black man and I have twice the salami of average white guys ! Why Honkeys so small?</Title><Username>sofreakinghot</Username><Timestamp>1369858690723</Timestamp><DateTime>Wed, 2013-05-29 16:18:10 EDT</DateTime></Topic><Msg>I hear that dfduke momma come to you and afterwards she have her daughter and Dukey Boy's wife come to you. Is true?</Msg><Username>ariad_lnvestor</Username><Timestamp>1369860565153</Timestamp><DateTime>Wed, 2013-05-29 16:49:25 EDT</DateTime><ThumbUp>1</ThumbUp><ThumbDown>2</ThumbDown><Sentiment/></Message><Message type="ReplyMessage"><Id>1369861153468-104</Id><Topic><Title>I am a black man and I have twice the salami of average white guys ! Why Honkeys so small?</Title><Username>sofreakinghot</Username><Timestamp>1369858690723</Timestamp><DateTime>Wed, 2013-05-29 16:18:10 EDT</DateTime></Topic><Msg>white people raise men not PRICKS</Msg><Username>bocephusmydog</Username><Timestamp>1369861153468</Timestamp><DateTime>Wed, 2013-05-29 16:59:13 EDT</DateTime><ThumbUp>4</ThumbUp><ThumbDown>3</ThumbDown><Sentiment>Buy</Sentiment></Message><Message type="ReplyMessage"><Id>1369861596341-105</Id><Topic><Title>I am a black man and I have twice the salami of average white guys ! Why Honkeys so small?</Title><Username>sofreakinghot</Username><Timestamp>1369858690723</Timestamp><DateTime>Wed, 2013-05-29 16:18:10 EDT</DateTime></Topic><Msg>I just put someone on ignore! As it appears his brain ended up in his salami. Maybe he's an executive at one of the money center banks that we all bailed out &amp; then had the audacity to pay themselves huge bonuses. Only in America.</Msg><Username>bookerone2000</Username><Timestamp>1369861596341</Timestamp><DateTime>Wed, 2013-05-29 17:06:36 EDT</DateTime><ThumbUp>2</ThumbUp><ThumbDown>2</ThumbDown><Sentiment/></Message><Message type="ReplyMessage"><Id>1369863150404-106</Id><Topic><Title>I am a black man and I have twice the salami of average white guys ! Why Honkeys so small?</Title><Username>sofreakinghot</Username><Timestamp>1369858690723</Timestamp><DateTime>Wed, 2013-05-29 16:18:10 EDT</DateTime></Topic><Msg>I 'm not a black man , but in college I dated a black girl , she said she liked mine better, because it never shriveled up, and collapsed into a saggy skin collar like a black guy's does, no matter how many times she used it, and she sure knew how to use it.</Msg><Username>fss13</Username><Timestamp>1369863150404</Timestamp><DateTime>Wed, 2013-05-29 17:32:30 EDT</DateTime><ThumbUp>3</ThumbUp><ThumbDown>4</ThumbDown><Sentiment/></Message><Message type="ReplyMessage"><Id>1369863219573-107</Id><Topic><Title>The 'cult of capitalism' and U.S. moral decline</Title><Username>reggie.thoma</Username><Timestamp>1369824802101</Timestamp><DateTime>Wed, 2013-05-29 06:53:22 EDT</DateTime></Topic><Msg>from what I can tell, the current strategy is to have money trickle down through banks as ben buys mortgages. Unfortunately this does not seem to be causing anyone toput value into this new money by producting, just feeling more confident and consuming. You seem to equate confidence and asset prices with goodness, is this the way alexis thinks? Eventually these highly valued assets will need to be consumed, homes just from wear and tear and maintenance costs, things like stocks sold to someone else plus any dividents that reflect real profits. You can already see signs that this circle jerk is not as good as the prior Bush version, the jobs being created don't seem to pay as much for example. The real issues are things like availability of food and shelter. It does seem that more "poor" people are able to occupy suburban homes, so in fact this may be a good sign as long as good and utilities are paid for. However, the food supply could again become a question. more spending, more undoing, that's the power of the economic circle jerk. ROFLMFO. I'm also concerned about kingofvietnam's mental state, tan lines would have been fine but he seems a bit obsessed. ROFLMFO. It would be interesting to see what his social media pages look like.</Msg><Username>spocklovesyou</Username><Timestamp>1369863219573</Timestamp><DateTime>Wed, 2013-05-29 17:33:39 EDT</DateTime><ThumbUp>0</ThumbUp><ThumbDown>0</ThumbDown><Sentiment/></Message><Message type="TopicMessage"><Id>1369863540155-108</Id><Title>CHASE BUSINESS CARD</Title><Msg>Isn't customer service what you want from a card? Your credit history does not get reported to 3 main credit agencies. Specialist give you run around and will not work with you except for form letters. A honest person stands no chance. Chase's loss and they could care less. I'm sitting here with no credit history to use for house or car loan. Don't switch to business card, if chase ask! Because of customer service long term "strong sell".</Msg><Username>dldjeep53</Username><Timestamp>1369863540155</Timestamp><DateTime>Wed, 2013-05-29 17:39:00 EDT</DateTime><ThumbUp>0</ThumbUp><ThumbDown>0</ThumbDown><Sentiment>Strong Sell</Sentiment></Message><Message type="ReplyMessage"><Id>1369863969481-109</Id><Topic><Title>I am a black man and I have twice the salami of average white guys ! Why Honkeys so small?</Title><Username>sofreakinghot</Username><Timestamp>1369858690723</Timestamp><DateTime>Wed, 2013-05-29 16:18:10 EDT</DateTime></Topic><Msg>"ariad_&amp; the weenie": LOL. Common knowledge that you Asian muffukkers have tiny weenies, and no cajones' either. Maybe that's why your government is doing so much "hacking" into our American computers. Or maybe it is to learn the secret of why Asian women like we "round eyes" so much better than you . Heard the average for a "zip" is 3 inches!!!! ROFFLMAO!</Msg><Username>dfaduke</Username><Timestamp>1369863969481</Timestamp><DateTime>Wed, 2013-05-29 17:46:09 EDT</DateTime><ThumbUp>1</ThumbUp><ThumbDown>2</ThumbDown><Sentiment>Strong Buy</Sentiment></Message><Message type="ReplyMessage"><Id>1369864072058-110</Id><Topic><Title>I am a black man and I have twice the salami of average white guys ! Why Honkeys so small?</Title><Username>sofreakinghot</Username><Timestamp>1369858690723</Timestamp><DateTime>Wed, 2013-05-29 16:18:10 EDT</DateTime></Topic><Msg>Common knowledge that Gorillas have large peckers and small brain content matter.</Msg><Username>dfaduke</Username><Timestamp>1369864072058</Timestamp><DateTime>Wed, 2013-05-29 17:47:52 EDT</DateTime><ThumbUp>1</ThumbUp><ThumbDown>3</ThumbDown><Sentiment>Strong Buy</Sentiment></Message><Message type="ReplyMessage"><Id>1369864362180-111</Id><Topic><Title>BAC holding well in spite of markets.</Title><Username>dfaduke</Username><Timestamp>1369841567907</Timestamp><DateTime>Wed, 2013-05-29 11:32:47 EDT</DateTime></Topic><Msg>Agreed.</Msg><Username>dfaduke</Username><Timestamp>1369864362180</Timestamp><DateTime>Wed, 2013-05-29 17:52:42 EDT</DateTime><ThumbUp>0</ThumbUp><ThumbDown>0</ThumbDown><Sentiment>Strong Buy</Sentiment></Message><Message type="TopicMessage"><Id>1369864442415-112</Id><Title>Have you notice...market crashing but banks are up at 52 week high???</Title><Msg>Another Ponzi scheme????</Msg><Username>madmoneycramer</Username><Timestamp>1369864442415</Timestamp><DateTime>Wed, 2013-05-29 17:54:02 EDT</DateTime><ThumbUp>0</ThumbUp><ThumbDown>0</ThumbDown><Sentiment/></Message><Message type="ReplyMessage"><Id>1369864692500-113</Id><Topic><Title>Have you notice...market crashing but banks are up at 52 week high???</Title><Username>madmoneycramer</Username><Timestamp>1369864442415</Timestamp><DateTime>Wed, 2013-05-29 17:54:02 EDT</DateTime></Topic><Msg>Crashing? Really? Goof</Msg><Username>mike2915</Username><Timestamp>1369864692500</Timestamp><DateTime>Wed, 2013-05-29 17:58:12 EDT</DateTime><ThumbUp>0</ThumbUp><ThumbDown>0</ThumbDown><Sentiment>Strong Buy</Sentiment></Message><Message type="TopicMessage"><Id>1369864718374-114</Id><Title>Sallie Krawcheck: Big Banks Still Don't Have Enough Capital</Title><Msg>Sallie Krawcheck: Big Banks Still Don't Have Enough Capital</Msg><Username>buffetmunger</Username><Timestamp>1369864718374</Timestamp><DateTime>Wed, 2013-05-29 17:58:38 EDT</DateTime><ThumbUp>0</ThumbUp><ThumbDown>8</ThumbDown><Sentiment>Strong Sell</Sentiment></Message><Message type="TopicMessage"><Id>1369864931803-115</Id><Title>BAC price can go ONLY UP forever!!!!!!!!</Title><Msg>BAC price can go ONLY UP!</Msg><Username>easytr8er</Username><Timestamp>1369864931803</Timestamp><DateTime>Wed, 2013-05-29 18:02:11 EDT</DateTime><ThumbUp>1</ThumbUp><ThumbDown>0</ThumbDown><Sentiment/></Message><Message type="ReplyMessage"><Id>1369865054747-116</Id><Topic><Title>That big block at $13.50 if broken, pps will go to $14.00 in a hurry</Title><Username>nanganamdar</Username><Timestamp>1369854505735</Timestamp><DateTime>Wed, 2013-05-29 15:08:25 EDT</DateTime></Topic><Msg>14. 15 and so on.......</Msg><Username>easytr8er</Username><Timestamp>1369865054747</Timestamp><DateTime>Wed, 2013-05-29 18:04:14 EDT</DateTime><ThumbUp>1</ThumbUp><ThumbDown>0</ThumbDown><Sentiment/></Message><Message type="ReplyMessage"><Id>1369865451148-117</Id><Topic><Title>bought 15000 shares making me 23k!</Title><Username>gorgymomo</Username><Timestamp>1369554087176</Timestamp><DateTime>Sun, 2013-05-26 03:41:27 EDT</DateTime></Topic><Msg>i really like this site! helps me alot and i make my money faster! so glad is subscribed</Msg><Username>money_lol</Username><Timestamp>1369865451148</Timestamp><DateTime>Wed, 2013-05-29 18:10:51 EDT</DateTime><ThumbUp>0</ThumbUp><ThumbDown>1</ThumbDown><Sentiment/></Message><Message type="ReplyMessage"><Id>1369866287027-118</Id><Topic><Title>Republicans have caused these horrible tornadoes by denying Global Warming</Title><Username>nogoodpete</Username><Timestamp>1369085891496</Timestamp><DateTime>Mon, 2013-05-20 17:38:11 EDT</DateTime></Topic><Msg>You sir, are a bonafide dumb demopuke leftist lemming to be ranting what you ranted......what an idiot the demopukes have become, amazing.</Msg><Username>drwstring</Username><Timestamp>1369866287027</Timestamp><DateTime>Wed, 2013-05-29 18:24:47 EDT</DateTime><ThumbUp>3</ThumbUp><ThumbDown>2</ThumbDown><Sentiment/></Message><Message type="ReplyMessage"><Id>1369866486154-119</Id><Topic><Title>I am a black man and I have twice the salami of average white guys ! Why Honkeys so small?</Title><Username>sofreakinghot</Username><Timestamp>1369858690723</Timestamp><DateTime>Wed, 2013-05-29 16:18:10 EDT</DateTime></Topic><Msg>Glad I'm a whole lot smarter than you, a little black racist, could ever hope to be....</Msg><Username>drwstring</Username><Timestamp>1369866486154</Timestamp><DateTime>Wed, 2013-05-29 18:28:06 EDT</DateTime><ThumbUp>5</ThumbUp><ThumbDown>5</ThumbDown><Sentiment/></Message><Message type="ReplyMessage"><Id>1369867464133-120</Id><Topic><Title>Michele Bachmann: I'm quitting my House seat in 2014</Title><Username>reggie.thoma</Username><Timestamp>1369823919242</Timestamp><DateTime>Wed, 2013-05-29 06:38:39 EDT</DateTime></Topic><Msg>You must really dumber than M.B. .May you to move to Texas !!!!!Get off the forum,this business not politic-Stupid idiot</Msg><Username>wongjames1823</Username><Timestamp>1369867464133</Timestamp><DateTime>Wed, 2013-05-29 18:44:24 EDT</DateTime><ThumbUp>0</ThumbUp><ThumbDown>1</ThumbDown><Sentiment/></Message><Message type="ReplyMessage"><Id>1369867629394-121</Id><Topic><Title>Michele Bachmann: I'm quitting my House seat in 2014</Title><Username>reggie.thoma</Username><Timestamp>1369823919242</Timestamp><DateTime>Wed, 2013-05-29 06:38:39 EDT</DateTime></Topic><Msg>Are you as dumb as your statement.You need to move to Texas Perry is the king,ah sorry I mean govenor--what a name smalljobs probably much your brain size</Msg><Username>wongjames1823</Username><Timestamp>1369867629394</Timestamp><DateTime>Wed, 2013-05-29 18:47:09 EDT</DateTime><ThumbUp>0</ThumbUp><ThumbDown>1</ThumbDown><Sentiment/></Message><Message type="ReplyMessage"><Id>1369867932750-122</Id><Topic><Title>bought 15000 shares making me 23k!</Title><Username>gorgymomo</Username><Timestamp>1369554087176</Timestamp><DateTime>Sun, 2013-05-26 03:41:27 EDT</DateTime></Topic><Msg>.........................................SPAM''''''''''''''''''''''''''''''''''''''''''</Msg><Username>moreauhj66</Username><Timestamp>1369867932750</Timestamp><DateTime>Wed, 2013-05-29 18:52:12 EDT</DateTime><ThumbUp>2</ThumbUp><ThumbDown>1</ThumbDown><Sentiment/></Message><Message type="ReplyMessage"><Id>1369869439586-123</Id><Topic><Title>BAC = SELL.....CLSN = BUY</Title><Username>alxn_mstx</Username><Timestamp>1369420633246</Timestamp><DateTime>Fri, 2013-05-24 14:37:13 EDT</DateTime></Topic><Msg>$3.00 flashed</Msg><Username>teragr50</Username><Timestamp>1369869439586</Timestamp><DateTime>Wed, 2013-05-29 19:17:19 EDT</DateTime><ThumbUp>0</ThumbUp><ThumbDown>0</ThumbDown><Sentiment/></Message><Message type="TopicMessage"><Id>1369871191747-124</Id><Title>big day tomarrow</Title><Msg>hearing for big settlement approval starts, 15 here we come ! dollars not cents .... buying options across the board , all kinds of expirations and strikes</Msg><Username>jason.benyo</Username><Timestamp>1369871191747</Timestamp><DateTime>Wed, 2013-05-29 19:46:31 EDT</DateTime><ThumbUp>2</ThumbUp><ThumbDown>2</ThumbDown><Sentiment>Strong Buy</Sentiment></Message><Message type="ReplyMessage"><Id>1369871281551-125</Id><Topic><Title>BAC price can go ONLY UP forever!!!!!!!!</Title><Username>easytr8er</Username><Timestamp>1369864931803</Timestamp><DateTime>Wed, 2013-05-29 18:02:11 EDT</DateTime></Topic><Msg>the best post ever...</Msg><Username>dumitru_98</Username><Timestamp>1369871281551</Timestamp><DateTime>Wed, 2013-05-29 19:48:01 EDT</DateTime><ThumbUp>0</ThumbUp><ThumbDown>0</ThumbDown><Sentiment/></Message><Message type="ReplyMessage"><Id>1369871331214-126</Id><Topic><Title>BAC holding well in spite of markets.</Title><Username>dfaduke</Username><Timestamp>1369841567907</Timestamp><DateTime>Wed, 2013-05-29 11:32:47 EDT</DateTime></Topic><Msg>Hearing just beginning tomorrow. Deliberations could drag on all summer. Uncertainty holding BAC back.</Msg><Username>jaymiller474</Username><Timestamp>1369871331214</Timestamp><DateTime>Wed, 2013-05-29 19:48:51 EDT</DateTime><ThumbUp>0</ThumbUp><ThumbDown>0</ThumbDown><Sentiment/></Message><Message type="ReplyMessage"><Id>1369872910291-127</Id><Topic><Title>Sucking farts is GOOD for your health !</Title><Username>kingofvietnam</Username><Timestamp>1369701551541</Timestamp><DateTime>Mon, 2013-05-27 20:39:11 EDT</DateTime></Topic><Msg>I thought you said you dint inhale?</Msg><Username>whitest_white</Username><Timestamp>1369872910291</Timestamp><DateTime>Wed, 2013-05-29 20:15:10 EDT</DateTime><ThumbUp>0</ThumbUp><ThumbDown>0</ThumbDown><Sentiment/></Message><Message type="ReplyMessage"><Id>1369873563496-128</Id><Topic><Title>I am a black man and I have twice the salami of average white guys ! Why Honkeys so small?</Title><Username>sofreakinghot</Username><Timestamp>1369858690723</Timestamp><DateTime>Wed, 2013-05-29 16:18:10 EDT</DateTime></Topic><Msg>You mean you wuz talkin' size when you kept hollerin, "gimme more, gimme more?!"</Msg><Username>whitest_white</Username><Timestamp>1369873563496</Timestamp><DateTime>Wed, 2013-05-29 20:26:03 EDT</DateTime><ThumbUp>1</ThumbUp><ThumbDown>1</ThumbDown><Sentiment/></Message><Message type="ReplyMessage"><Id>1369873690611-129</Id><Topic><Title>When I'm not lapping up anal drippage, I like to post Tea Bag lunacy</Title><Username>zevoter02</Username><Timestamp>1369541243749</Timestamp><DateTime>Sun, 2013-05-26 00:07:23 EDT</DateTime></Topic><Msg>Why overstate the obvious?</Msg><Username>whitest_white</Username><Timestamp>1369873690611</Timestamp><DateTime>Wed, 2013-05-29 20:28:10 EDT</DateTime><ThumbUp>0</ThumbUp><ThumbDown>1</ThumbDown><Sentiment/></Message><Message type="ReplyMessage"><Id>1369873807001-130</Id><Topic><Title>Traderdave / Traderx</Title><Username>toothpaste2013</Username><Timestamp>1369404788396</Timestamp><DateTime>Fri, 2013-05-24 10:13:08 EDT</DateTime></Topic><Msg>Market up 200 points Tuesday and this turd almost closed red. Can not even get close to 13.70 again. Its just circling the drain. I`ve got time to wait. Fresh new suckers are still getting lured in so it will stay flat until there is no new dreamers and then the bottom falls out. Your pathetic .12 gains will be laughable when this corrects.</Msg><Username>traderdaver</Username><Timestamp>1369873807001</Timestamp><DateTime>Wed, 2013-05-29 20:30:07 EDT</DateTime><ThumbUp>0</ThumbUp><ThumbDown>2</ThumbDown><Sentiment/></Message><Message type="TopicMessage"><Id>1369874114452-131</Id><Title>We gots us a mutt in the White House !</Title><Msg>Come 2014 we is gonna vote it OUT!</Msg><Username>whitest_white</Username><Timestamp>1369874114452</Timestamp><DateTime>Wed, 2013-05-29 20:35:14 EDT</DateTime><ThumbUp>0</ThumbUp><ThumbDown>0</ThumbDown><Sentiment/></Message><Message type="TopicMessage"><Id>1369874154845-132</Id><Title>remember all of econprophet's comments about fluctuation, not just warming? ROFLMFO.</Title><Msg>lots of rain this year and maybe too much to the point of spreading disease. the only constant seems to be the king's lack of interest in my opinions. ROFLMFO.</Msg><Username>spocklovesyou</Username><Timestamp>1369874154845</Timestamp><DateTime>Wed, 2013-05-29 20:35:54 EDT</DateTime><ThumbUp>0</ThumbUp><ThumbDown>0</ThumbDown><Sentiment/></Message><Message type="ReplyMessage"><Id>1369874424212-133</Id><Topic><Title>Sallie Krawcheck: Big Banks Still Don't Have Enough Capital</Title><Username>buffetmunger</Username><Timestamp>1369864718374</Timestamp><DateTime>Wed, 2013-05-29 17:58:38 EDT</DateTime></Topic><Msg>Poor Sallie, the Big Banks didn't want her. Now we know why, they couldn't afford her.</Msg><Username>laslo99</Username><Timestamp>1369874424212</Timestamp><DateTime>Wed, 2013-05-29 20:40:24 EDT</DateTime><ThumbUp>1</ThumbUp><ThumbDown>0</ThumbDown><Sentiment/></Message><Message type="TopicMessage"><Id>1369874449565-134</Id><Title>When I ain't spewin' sedition and hate, I likes to swaller down in the haller. Hee-hee !</Title><Msg>Us Tea Bags ain't the one dementional kind 'o pervert that you libs try to stereolize us to be. We does way more than just sack sucking.</Msg><Username>whitest_white</Username><Timestamp>1369874449565</Timestamp><DateTime>Wed, 2013-05-29 20:40:49 EDT</DateTime><ThumbUp>0</ThumbUp><ThumbDown>0</ThumbDown><Sentiment/></Message><Message type="ReplyMessage"><Id>1369874694642-135</Id><Topic><Title>remember all of econprophet's comments about fluctuation, not just warming? ROFLMFO.</Title><Username>spocklovesyou</Username><Timestamp>1369874154845</Timestamp><DateTime>Wed, 2013-05-29 20:35:54 EDT</DateTime></Topic><Msg>Warren Buffet wants to personally be Viewers meter reader...lol</Msg><Username>vieweroutrage</Username><Timestamp>1369874694642</Timestamp><DateTime>Wed, 2013-05-29 20:44:54 EDT</DateTime><ThumbUp>0</ThumbUp><ThumbDown>0</ThumbDown><Sentiment/></Message><Message type="TopicMessage"><Id>1369874926354-136</Id><Title>BAC: $17.00 Could Come FAST!</Title><Msg>The yield curve alone could ramp earnings much higher!</Msg><Username>maxxybb</Username><Timestamp>1369874926354</Timestamp><DateTime>Wed, 2013-05-29 20:48:46 EDT</DateTime><ThumbUp>0</ThumbUp><ThumbDown>0</ThumbDown><Sentiment/></Message><Message type="ReplyMessage"><Id>1369875448756-137</Id><Topic><Title>BAC: $17.00 Could Come FAST!</Title><Username>maxxybb</Username><Timestamp>1369874926354</Timestamp><DateTime>Wed, 2013-05-29 20:48:46 EDT</DateTime></Topic><Msg>as early as next month, if the HFTs will allow it.</Msg><Username>nanganamdar</Username><Timestamp>1369875448756</Timestamp><DateTime>Wed, 2013-05-29 20:57:28 EDT</DateTime><ThumbUp>0</ThumbUp><ThumbDown>0</ThumbDown><Sentiment>Strong Buy</Sentiment></Message><Message type="ReplyMessage"><Id>1369875768774-138</Id><Topic><Title>Sallie Krawcheck: Big Banks Still Don't Have Enough Capital</Title><Username>buffetmunger</Username><Timestamp>1369864718374</Timestamp><DateTime>Wed, 2013-05-29 17:58:38 EDT</DateTime></Topic><Msg>LOL. Thanks for your money, A*S*S*C*L*O*W*N.</Msg><Username>uratimberdope</Username><Timestamp>1369875768774</Timestamp><DateTime>Wed, 2013-05-29 21:02:48 EDT</DateTime><ThumbUp>1</ThumbUp><ThumbDown>0</ThumbDown><Sentiment/></Message><Message type="TopicMessage"><Id>1369875860184-139</Id><Title>AIBYY!!!!!!</Title><Msg>Irish Economy is Improving</Msg><Username>tony_miller65</Username><Timestamp>1369875860184</Timestamp><DateTime>Wed, 2013-05-29 21:04:20 EDT</DateTime><ThumbUp>0</ThumbUp><ThumbDown>0</ThumbDown><Sentiment/></Message><Message type="ReplyMessage"><Id>1369876681554-140</Id><Topic><Title>Michele Bachmann: I'm quitting my House seat in 2014</Title><Username>reggie.thoma</Username><Timestamp>1369823919242</Timestamp><DateTime>Wed, 2013-05-29 06:38:39 EDT</DateTime></Topic><Msg>oh yeah like the head nij in charge is doing so well.</Msg><Username>sloppysax</Username><Timestamp>1369876681554</Timestamp><DateTime>Wed, 2013-05-29 21:18:01 EDT</DateTime><ThumbUp>1</ThumbUp><ThumbDown>0</ThumbDown><Sentiment/></Message><Message type="TopicMessage"><Id>1369877514520-141</Id><Title>whats up with FNM??</Title><Msg>i approached this site wallstreetotc you can google it and i signed up and last month i made my first 16k from there email alerts for picks! its so easy for any trader i highly recommend!</Msg><Username>moneyrain433</Username><Timestamp>1369877514520</Timestamp><DateTime>Wed, 2013-05-29 21:31:54 EDT</DateTime><ThumbUp>10</ThumbUp><ThumbDown>3</ThumbDown><Sentiment>Strong Sell</Sentiment></Message><Message type="ReplyMessage"><Id>1369877681037-142</Id><Topic><Title>remember all of econprophet's comments about fluctuation, not just warming? ROFLMFO.</Title><Username>spocklovesyou</Username><Timestamp>1369874154845</Timestamp><DateTime>Wed, 2013-05-29 20:35:54 EDT</DateTime></Topic><Msg>I've been waiting for warren to send me a friend request. What was your secret? ROFLMFO. Are you really beck quick? Of course you thought erin was moving out of NYC.</Msg><Username>spocklovesyou</Username><Timestamp>1369877681037</Timestamp><DateTime>Wed, 2013-05-29 21:34:41 EDT</DateTime><ThumbUp>0</ThumbUp><ThumbDown>0</ThumbDown><Sentiment/></Message><Message type="ReplyMessage"><Id>1369877908123-143</Id><Topic><Title>another this week this week</Title><Username>one_tribute</Username><Timestamp>1369791921217</Timestamp><DateTime>Tue, 2013-05-28 21:45:21 EDT</DateTime></Topic><Msg>I do see you have learned from Mason well, Warren. Congrats on finally admitting you are an a_s_shole for posting your weekly diatribe #$%$ here.</Msg><Username>doctor_cassanova</Username><Timestamp>1369877908123</Timestamp><DateTime>Wed, 2013-05-29 21:38:28 EDT</DateTime><ThumbUp>1</ThumbUp><ThumbDown>1</ThumbDown><Sentiment/></Message><Message type="ReplyMessage"><Id>1369878300805-144</Id><Topic><Title>whats up with FNM??</Title><Username>moneyrain433</Username><Timestamp>1369877514520</Timestamp><DateTime>Wed, 2013-05-29 21:31:54 EDT</DateTime></Topic><Msg>SPAM</Msg><Username>jack_mlyn</Username><Timestamp>1369878300805</Timestamp><DateTime>Wed, 2013-05-29 21:45:00 EDT</DateTime><ThumbUp>0</ThumbUp><ThumbDown>1</ThumbDown><Sentiment/></Message><Message type="TopicMessage"><Id>1369878667098-145</Id><Title>wow it just is getting deeper and deeper for jugears</Title><Msg>But that is to be expected when you surround yourself with wild-eyed commies. obama's lies are just evaporating under the light of truth.</Msg><Username>zevoter01</Username><Timestamp>1369878667098</Timestamp><DateTime>Wed, 2013-05-29 21:51:07 EDT</DateTime><ThumbUp>3</ThumbUp><ThumbDown>2</ThumbDown><Sentiment/></Message><Message type="TopicMessage"><Id>1369878828563-146</Id><Title>It has got to the point libs are no longer defending the failure called obama</Title><Msg>This failure will build and build and the American people have already turned their back on him. Jimmy Carter must be praying daily to the east as obama works to gain the title as the worst president ever.</Msg><Username>zevoter01</Username><Timestamp>1369878828563</Timestamp><DateTime>Wed, 2013-05-29 21:53:48 EDT</DateTime><ThumbUp>3</ThumbUp><ThumbDown>2</ThumbDown><Sentiment/></Message><Message type="TopicMessage"><Id>1369879183288-147</Id><Title>Obama will go down history as "THE" worst black President in America !</Title><Msg>Read my lips !</Msg><Username>kingofvietnam</Username><Timestamp>1369879183288</Timestamp><DateTime>Wed, 2013-05-29 21:59:43 EDT</DateTime><ThumbUp>1</ThumbUp><ThumbDown>3</ThumbDown><Sentiment/></Message><Message type="ReplyMessage"><Id>1369879652888-148</Id><Topic><Title>Obama will go down history as "THE" worst black President in America !</Title><Username>kingofvietnam</Username><Timestamp>1369879183288</Timestamp><DateTime>Wed, 2013-05-29 21:59:43 EDT</DateTime></Topic><Msg>Especially since you had 43 others who were worst but white. Lots of choices. you could put on a blindfold and pick 43 white worst presidents.</Msg><Username>reggie.thoma</Username><Timestamp>1369879652888</Timestamp><DateTime>Wed, 2013-05-29 22:07:32 EDT</DateTime><ThumbUp>3</ThumbUp><ThumbDown>2</ThumbDown><Sentiment/></Message><Message type="ReplyMessage"><Id>1369879823137-149</Id><Topic><Title>wow it just is getting deeper and deeper for jugears</Title><Username>zevoter01</Username><Timestamp>1369878667098</Timestamp><DateTime>Wed, 2013-05-29 21:51:07 EDT</DateTime></Topic><Msg>Tough as nails.... Wore the hell out of Michelle Bachmann now she is running home like a little girl</Msg><Username>reggie.thoma</Username><Timestamp>1369879823137</Timestamp><DateTime>Wed, 2013-05-29 22:10:23 EDT</DateTime><ThumbUp>1</ThumbUp><ThumbDown>1</ThumbDown><Sentiment/></Message><Message type="ReplyMessage"><Id>1369880151088-150</Id><Topic><Title>wow it just is getting deeper and deeper for jugears</Title><Username>zevoter01</Username><Timestamp>1369878667098</Timestamp><DateTime>Wed, 2013-05-29 21:51:07 EDT</DateTime></Topic><Msg>Oh wow you think there is some sort of victory here? Well wait till onbama is prep walked out of the whitehouse. The only question will he share aq cell in Gitmo ofr have one to himself?</Msg><Username>zevoter01</Username><Timestamp>1369880151088</Timestamp><DateTime>Wed, 2013-05-29 22:15:51 EDT</DateTime><ThumbUp>3</ThumbUp><ThumbDown>2</ThumbDown><Sentiment/></Message><Message type="ReplyMessage"><Id>1369880289838-151</Id><Topic><Title>Buy ( NEOM ) Potentially turn $1000 Into over $2,000,000 when NEOMEDIA TECHNOLOGIES Surges Again...Here's How</Title><Username>sutton7michaels</Username><Timestamp>1369333541829</Timestamp><DateTime>Thu, 2013-05-23 14:25:41 EDT</DateTime></Topic><Msg>Put NEOM</Msg><Username>sutton7michaels</Username><Timestamp>1369880289838</Timestamp><DateTime>Wed, 2013-05-29 22:18:09 EDT</DateTime><ThumbUp>0</ThumbUp><ThumbDown>1</ThumbDown><Sentiment>Strong Buy</Sentiment></Message><Message type="ReplyMessage"><Id>1369880568898-152</Id><Topic><Title>Buy ( NEOM ) Potentially turn $1000 Into over $2,000,000 when NEOMEDIA TECHNOLOGIES Surges Again...Here's How</Title><Username>sutton7michaels</Username><Timestamp>1369333541829</Timestamp><DateTime>Thu, 2013-05-23 14:25:41 EDT</DateTime></Topic><Msg>The Surge is Ready to Happen anyday Now.... Neom has Positve Earnings of ; .08 &amp; a P E of 1</Msg><Username>sutton7michaels</Username><Timestamp>1369880568898</Timestamp><DateTime>Wed, 2013-05-29 22:22:48 EDT</DateTime><ThumbUp>0</ThumbUp><ThumbDown>1</ThumbDown><Sentiment/></Message><Message type="ReplyMessage"><Id>1369882842658-153</Id><Topic><Title>big day tomarrow</Title><Username>jason.benyo</Username><Timestamp>1369871191747</Timestamp><DateTime>Wed, 2013-05-29 19:46:31 EDT</DateTime></Topic><Msg>I do agree with you..I am already loaded up on 2015 LEAPS across the board 10-15-17-20-22, looking for 200% before cashing out.</Msg><Username>turin999</Username><Timestamp>1369882842658</Timestamp><DateTime>Wed, 2013-05-29 23:00:42 EDT</DateTime><ThumbUp>2</ThumbUp><ThumbDown>1</ThumbDown><Sentiment/></Message><Message type="ReplyMessage"><Id>1369885071115-154</Id><Topic><Title>BOSTON MARATHON BOMBERS CAUGHT BY NAZIS</Title><Username>bejupete</Username><Timestamp>1369577880769</Timestamp><DateTime>Sun, 2013-05-26 10:18:00 EDT</DateTime></Topic><Msg>As to (4), now they say that the suspect was unarmed. So how to justify shooting an unarmed person in the interview room while having many officers inside the same house/suite? Maybe he knows too much about the Boston Scheme so that he has to be silenced?</Msg><Username>sky_walker618</Username><Timestamp>1369885071115</Timestamp><DateTime>Wed, 2013-05-29 23:37:51 EDT</DateTime><ThumbUp>0</ThumbUp><ThumbDown>2</ThumbDown><Sentiment/></Message></Date>