<?xml version="1.0" encoding="UTF-8" standalone="no"?><Date date="2013-06-17"><Message type="ReplyMessage"><Id>1371442568113-1</Id><Topic><Title>Is China a conservative country ?</Title><Username>sirifuture</Username><Timestamp>1370916989361</Timestamp><DateTime>Mon, 2013-06-10 22:16:29 EDT</DateTime></Topic><Msg>bump</Msg><Username>sirifuture</Username><Timestamp>1371442568113</Timestamp><DateTime>Mon, 2013-06-17 00:16:08 EDT</DateTime><ThumbUp>0</ThumbUp><ThumbDown>0</ThumbDown><Sentiment>Buy</Sentiment></Message><Message type="ReplyMessage"><Id>1371447485918-2</Id><Topic><Title>Alert STOCK MARKET: DOPED and ADDICTED to FED QE DOPING PROGRAM</Title><Username>arcanos70</Username><Timestamp>1371068336906</Timestamp><DateTime>Wed, 2013-06-12 16:18:56 EDT</DateTime></Topic><Msg>sad but true</Msg><Username>arcanos70</Username><Timestamp>1371447485918</Timestamp><DateTime>Mon, 2013-06-17 01:38:05 EDT</DateTime><ThumbUp>0</ThumbUp><ThumbDown>2</ThumbDown><Sentiment/></Message><Message type="ReplyMessage"><Id>1371448490730-3</Id><Topic><Title>100 million dollars, the cost of the upcoming African vacation</Title><Username>zevoter01</Username><Timestamp>1371422449144</Timestamp><DateTime>Sun, 2013-06-16 18:40:49 EDT</DateTime></Topic><Msg>We just paid 3.5 million for a fund raiser so Obama could raise 2 million more for his corrupt administration.</Msg><Username>estero655</Username><Timestamp>1371448490730</Timestamp><DateTime>Mon, 2013-06-17 01:54:50 EDT</DateTime><ThumbUp>3</ThumbUp><ThumbDown>1</ThumbDown><Sentiment/></Message><Message type="ReplyMessage"><Id>1371456506224-4</Id><Topic><Title>zevoter has amnesia</Title><Username>moron_alarm</Username><Timestamp>1371408295282</Timestamp><DateTime>Sun, 2013-06-16 14:44:55 EDT</DateTime></Topic><Msg>now don claims to be 'middle of the road' after posting his lunatic far right wing nonsense.... hold the dementia ! Mason</Msg><Username>dalsauce</Username><Timestamp>1371456506224</Timestamp><DateTime>Mon, 2013-06-17 04:08:26 EDT</DateTime><ThumbUp>0</ThumbUp><ThumbDown>1</ThumbDown><Sentiment/></Message><Message type="ReplyMessage"><Id>1371465535412-5</Id><Topic><Title>The world is paying off your debt with their savings and pensions .</Title><Username>dollar_printer</Username><Timestamp>1371375186731</Timestamp><DateTime>Sun, 2013-06-16 05:33:06 EDT</DateTime></Topic><Msg>You are wrong US is a big country and the US$ is used over the world, it take some time before you can see the dilution of all currencies of the world . The result is the poor people around the world have not enough money for buying foods and the US printing machine must going faster because the problems are not solved and the effect of QE is lower.</Msg><Username>dollar_printer</Username><Timestamp>1371465535412</Timestamp><DateTime>Mon, 2013-06-17 06:38:55 EDT</DateTime><ThumbUp>0</ThumbUp><ThumbDown>1</ThumbDown><Sentiment/></Message><Message type="ReplyMessage"><Id>1371466396772-6</Id><Topic><Title>QE Infinity = The Fed still buying all the toxic mortgage gambling paper off of taxpayer bailout BAC balance sheet !</Title><Username>dubbyaworstever</Username><Timestamp>1371236628731</Timestamp><DateTime>Fri, 2013-06-14 15:03:48 EDT</DateTime></Topic><Msg>Walllstreet is the boss in the world.</Msg><Username>dollar_printer</Username><Timestamp>1371466396772</Timestamp><DateTime>Mon, 2013-06-17 06:53:16 EDT</DateTime><ThumbUp>0</ThumbUp><ThumbDown>1</ThumbDown><Sentiment/></Message><Message type="ReplyMessage"><Id>1371470057440-7</Id><Topic><Title>The Best method for Trading</Title><Username>edwardyoung722</Username><Timestamp>1371437055450</Timestamp><DateTime>Sun, 2013-06-16 22:44:15 EDT</DateTime></Topic><Msg>Edward: Yes, but you must be with the best brokerage. Actually experienced a broker in LA that traded AGAINST traders. Stop hunting was just one of their tricks. Also reversed the trades before you knew it, etc. Agree on Forex as well. GL with oil.</Msg><Username>dfaduke</Username><Timestamp>1371470057440</Timestamp><DateTime>Mon, 2013-06-17 07:54:17 EDT</DateTime><ThumbUp>0</ThumbUp><ThumbDown>0</ThumbDown><Sentiment>Strong Buy</Sentiment></Message><Message type="ReplyMessage"><Id>1371470293265-8</Id><Topic><Title>People need to vote the oppressors out.</Title><Username>chow_mein_camp</Username><Timestamp>1371360043546</Timestamp><DateTime>Sun, 2013-06-16 01:20:43 EDT</DateTime></Topic><Msg>Truth is you minorities are the only ones who believe this POTUS. He speaks good "jive talk" in your "speak". He is a muzzzzlim, raised by commies, and you don't know this.!! Low information individuals like yourself would be welcome in other socialist/marxist countries, so why don't you go! Probably getting a bigger welfare check here,...right!</Msg><Username>dfaduke</Username><Timestamp>1371470293265</Timestamp><DateTime>Mon, 2013-06-17 07:58:13 EDT</DateTime><ThumbUp>0</ThumbUp><ThumbDown>0</ThumbDown><Sentiment>Strong Buy</Sentiment></Message><Message type="ReplyMessage"><Id>1371470577021-9</Id><Topic><Title>People need to vote the oppressors out.</Title><Username>chow_mein_camp</Username><Timestamp>1371360043546</Timestamp><DateTime>Sun, 2013-06-16 01:20:43 EDT</DateTime></Topic><Msg>Right. The low information voters here, like this "erazor" could care less. What matters is dat' wefair' check, and dats' all dey' care about. Mo' free muuny'. Pathetic, but it does BUY VOTES!</Msg><Username>dfaduke</Username><Timestamp>1371470577021</Timestamp><DateTime>Mon, 2013-06-17 08:02:57 EDT</DateTime><ThumbUp>2</ThumbUp><ThumbDown>0</ThumbDown><Sentiment>Strong Buy</Sentiment></Message><Message type="ReplyMessage"><Id>1371471439625-10</Id><Topic><Title>zevoter has amnesia</Title><Username>moron_alarm</Username><Timestamp>1371408295282</Timestamp><DateTime>Sun, 2013-06-16 14:44:55 EDT</DateTime></Topic><Msg>You believe that the black and white lines you create on your screen are creative and expressive but yet those who know smile at your drowsy brain waves. ROFLMFO. Your progress in creative wirting seems to have hit a brick wall. You may have somethign in common with Regan, alzheimers. ROFLMFO. so how many mortgages did you sell today? You will never sell mortgages with that attitude.</Msg><Username>spocklovesyou</Username><Timestamp>1371471439625</Timestamp><DateTime>Mon, 2013-06-17 08:17:19 EDT</DateTime><ThumbUp>0</ThumbUp><ThumbDown>1</ThumbDown><Sentiment/></Message><Message type="TopicMessage"><Id>1371472129020-11</Id><Title>Herb, you are wrong. HLF's stock price action means everything!</Title><Msg>What a nincompoop!</Msg><Username>rbrentbyrne</Username><Timestamp>1371472129020</Timestamp><DateTime>Mon, 2013-06-17 08:28:49 EDT</DateTime><ThumbUp>0</ThumbUp><ThumbDown>0</ThumbDown><Sentiment/></Message><Message type="TopicMessage"><Id>1371472201553-12</Id><Title>OPEC Says Supply Ample, Speculation Driving Price</Title><Msg>OPEC Says Supply Ample, Speculation Driving Price , | 03 June 2013 | 06:18 AM ET Oil supply will be more than sufficient to meet demand this year and beyond, OPEC's Secretary General said on Thursday, but added the price of fuel is being driven higher by speculation. "There has been no shortage of oil in the market. Producers have been able to meet consumer needs," Abdullah al-Badri told an energy conference. "We also see this as being the case for the rest of 2012 and the foreseeable future." Oil prices surged in March to $128 a barrel, the highest level since 2008, because of concern about possible supply shortages. Prices have since fallen back and brent crude was trading around $118 on Thursday. "Today the price continues to be driven by excessive speculation," Badri said. OPEC at a meeting in December set a target to produce 30 million barrels per day, settling an argument which broke out in 2011 after Iran and other members opposed a Saudi-led plan to raise OPEC's production ceiling. Output has remained above the target all year as Libyan supply recovered after being virtually shut down during the 2011 uprising against Muammar Gaddafi's rule. The extra oil is filling gaps caused by an unusually large number of supply outages globally, which have also helped support prices. Supply breaks were running at nearly 1.3 million bpd as of early April. The additional supply has also offset a decline in exports from Iran, which is facing stiffening western sanctions over its disputed nuclear energy program. Iranian oil exports were running at between 200,000 and 300,000 barrels per day below last year's level, Maria van der Hoeven, head of the International Energy Agency, told Thursday's conference. Iranian officials have said the country exported an average of 2.2 million barrels a day last year. July supply from the 12-member Organization of the Petroleum Exporting Countries ran at 31.75 million barrels per day (bpd), the high est since September 2008, which was</Msg><Username>fairvalue23</Username><Timestamp>1371472201553</Timestamp><DateTime>Mon, 2013-06-17 08:30:01 EDT</DateTime><ThumbUp>0</ThumbUp><ThumbDown>0</ThumbDown><Sentiment/></Message><Message type="TopicMessage"><Id>1371472228888-13</Id><Title>Goldman Sachs Charles Nenner Dow eventually hitting 5000 in 2013</Title><Msg>Goldman Sachs Charles Nenner Dow eventually hitting 5000 in 2013.Goldman Sachs Charles Nenner Dow eventually hitting 5000 in 2013.Goldman Sachs Charles Nenner Dow eventually hitting 5000 in 2013.Goldman Sachs Charles Nenner Dow eventually hitting 5000 in 2013.Goldman Sachs Charles Nenner Dow eventually hitting 5000 in 2013.Goldman Sachs Charles Nenner Dow eventually hitting 5000 in 2013.Goldman Sachs Charles Nenner Dow eventually hitting 5000 in 2013.Goldman Sachs Charles Nenner Dow eventually hitting 5000 in 2013.Goldman Sachs Charles Nenner Dow eventually hitting 5000 in 2013.Goldman Sachs Charles Nenner Dow eventually hitting 5000 in 2013..Goldman Sachs Charles Nenner Dow eventually hitting 5000 in 2013.Goldman Sachs Dow eventually hitting 5000 in 2013 Charles Nenner Goldman Sachs Dow eventually hitting 5000 2013 Charles Nenner Goldman Sachs confirm a multiyear bear market with the Dow eventually hitting 5000 Goldman Sachs Charles Nenner Dow eventually hitting 5000</Msg><Username>fairvalue23</Username><Timestamp>1371472228888</Timestamp><DateTime>Mon, 2013-06-17 08:30:28 EDT</DateTime><ThumbUp>0</ThumbUp><ThumbDown>0</ThumbDown><Sentiment/></Message><Message type="TopicMessage"><Id>1371472255864-14</Id><Title>Harvard Prof Niall Ferguson Standard &amp; Poor's 500 Index to go to 418 where it was in December 1982</Title><Msg>Harvard Prof Niall Ferguson Standard &amp; Poor's 500 Index to go to 418 where it was in December 1982 Scenario: Top Income-Tax Rate of 45%--- The Standard &amp; Poor's 500 Index at 418 where it was in December 1982...</Msg><Username>fairvalue23</Username><Timestamp>1371472255864</Timestamp><DateTime>Mon, 2013-06-17 08:30:55 EDT</DateTime><ThumbUp>0</ThumbUp><ThumbDown>0</ThumbDown><Sentiment/></Message><Message type="TopicMessage"><Id>1371472963805-15</Id><Title>Hillary Clinton To Admit To Being Lesbian In New Tell-All Book</Title><Msg>If anytime in American history is a good time for someone to come out of the closet, this is the time. Today’s media headlines prove that nothing will assure you greater love, acceptance, and applause from the chattering classes than “bravely” admitting that you’re gay. Make that announcement and all past sins are forgiven – even, perhaps, having been married to the President who signed the “Defense of Marriage Act.” Yes, we’re talking about Hillary Clinton. It appears that, in a shock-filled, soon-to-be published autobiography, she’ll finally acknowledge the truth of all those rumors about her being a not-so-closeted bisexual.</Msg><Username>afro_skum</Username><Timestamp>1371472963805</Timestamp><DateTime>Mon, 2013-06-17 08:42:43 EDT</DateTime><ThumbUp>3</ThumbUp><ThumbDown>1</ThumbDown><Sentiment/></Message><Message type="ReplyMessage"><Id>1371473319786-16</Id><Topic><Title>Hillary Clinton To Admit To Being Lesbian In New Tell-All Book</Title><Username>afro_skum</Username><Timestamp>1371472963805</Timestamp><DateTime>Mon, 2013-06-17 08:42:43 EDT</DateTime></Topic><Msg>Yeah an Bill is gay and he is falling for you.</Msg><Username>dollar_printer</Username><Timestamp>1371473319786</Timestamp><DateTime>Mon, 2013-06-17 08:48:39 EDT</DateTime><ThumbUp>1</ThumbUp><ThumbDown>2</ThumbDown><Sentiment/></Message><Message type="TopicMessage"><Id>1371473454468-17</Id><Title>When will Obama hit the $20Tr. ?</Title><Msg>He is an really Black African leader they all like debt and unemployment and war .</Msg><Username>dollar_printer</Username><Timestamp>1371473454468</Timestamp><DateTime>Mon, 2013-06-17 08:50:54 EDT</DateTime><ThumbUp>3</ThumbUp><ThumbDown>1</ThumbDown><Sentiment/></Message><Message type="ReplyMessage"><Id>1371474009795-18</Id><Topic><Title>Don Cassel the unemployed motorcycle grease monkey</Title><Username>dalsaucearneis</Username><Timestamp>1371429891093</Timestamp><DateTime>Sun, 2013-06-16 20:44:51 EDT</DateTime></Topic><Msg>YES - DON " they are really are .!!!!!!!!!!!!!!</Msg><Username>da23533</Username><Timestamp>1371474009795</Timestamp><DateTime>Mon, 2013-06-17 09:00:09 EDT</DateTime><ThumbUp>2</ThumbUp><ThumbDown>1</ThumbDown><Sentiment/></Message><Message type="ReplyMessage"><Id>1371474888566-19</Id><Topic><Title>Hillary Clinton To Admit To Being Lesbian In New Tell-All Book</Title><Username>afro_skum</Username><Timestamp>1371472963805</Timestamp><DateTime>Mon, 2013-06-17 08:42:43 EDT</DateTime></Topic><Msg>not a big deal.. who cares.. is bac going up for sure tod ?</Msg><Username>rbrthng</Username><Timestamp>1371474888566</Timestamp><DateTime>Mon, 2013-06-17 09:14:48 EDT</DateTime><ThumbUp>0</ThumbUp><ThumbDown>2</ThumbDown><Sentiment>Strong Buy</Sentiment></Message><Message type="TopicMessage"><Id>1371475200663-20</Id><Title>RUBIO SAYS OBAMA HAS FAILED IN SYRIA</Title><Msg>Leading from behind never works</Msg><Username>afro_skum</Username><Timestamp>1371475200663</Timestamp><DateTime>Mon, 2013-06-17 09:20:00 EDT</DateTime><ThumbUp>2</ThumbUp><ThumbDown>1</ThumbDown><Sentiment/></Message><Message type="ReplyMessage"><Id>1371475423094-21</Id><Topic><Title>RUBIO SAYS OBAMA HAS FAILED IN SYRIA</Title><Username>afro_skum</Username><Timestamp>1371475200663</Timestamp><DateTime>Mon, 2013-06-17 09:20:00 EDT</DateTime></Topic><Msg>Can you say, "Too little Too late?"</Msg><Username>whitest_white</Username><Timestamp>1371475423094</Timestamp><DateTime>Mon, 2013-06-17 09:23:43 EDT</DateTime><ThumbUp>2</ThumbUp><ThumbDown>1</ThumbDown><Sentiment/></Message><Message type="ReplyMessage"><Id>1371475429257-22</Id><Topic><Title>Don Cassel the unemployed motorcycle grease monkey</Title><Username>dalsaucearneis</Username><Timestamp>1371429891093</Timestamp><DateTime>Sun, 2013-06-16 20:44:51 EDT</DateTime></Topic><Msg>Without fail. Dependably. Set you clock by it.</Msg><Username>amazing.donut</Username><Timestamp>1371475429257</Timestamp><DateTime>Mon, 2013-06-17 09:23:49 EDT</DateTime><ThumbUp>1</ThumbUp><ThumbDown>1</ThumbDown><Sentiment>Strong Sell</Sentiment></Message><Message type="ReplyMessage"><Id>1371475432819-23</Id><Topic><Title>*DRAM $4.1 UP AGAIN…TO $30++, WHY?: 1) MEMORY PRICES UP EXPONENTIALLY, 2) HUGE RECENT MEMORY/SOFTWARE DEAL WITH AMD, 3) $8M CAP, 4) 1.4 SHARE FLOAT</Title><Username>k_boss66</Username><Timestamp>1371227340768</Timestamp><DateTime>Fri, 2013-06-14 12:29:00 EDT</DateTime></Topic><Msg>the last Q earnings report for the quarter ending January 31, the CEO predicted that because of a recovery in memory prices DRAM would be profitable in 2013 and beyond. Since then memory prices have jumped another 40%.....google for dram exchange for the amazing dram index chart.....it's up 75% since the start of the year and 50% since the end of last quarter for DRAM (January 31, 2013) In addition to an amazing jump in memory prices this year , DRAM's revenues and earnings will explode with the rich memory/software part b ership with AMD for AMDs Gamer Series annnounced in May be both companies. And dont forget that the total share count is only 1.7 million shares! This means that DRAM could easily surpass the 2010 share price because the company is stronger and far more diversified today than it was in 2010</Msg><Username>jonny.deener</Username><Timestamp>1371475432819</Timestamp><DateTime>Mon, 2013-06-17 09:23:52 EDT</DateTime><ThumbUp>3</ThumbUp><ThumbDown>0</ThumbDown><Sentiment/></Message><Message type="ReplyMessage"><Id>1371475618869-24</Id><Topic><Title>RUBIO SAYS OBAMA HAS FAILED IN SYRIA</Title><Username>afro_skum</Username><Timestamp>1371475200663</Timestamp><DateTime>Mon, 2013-06-17 09:20:00 EDT</DateTime></Topic><Msg>He couldn't drone his way out of that situation so he didn't know what to do. Watch the whole Middle East erupt in war.</Msg><Username>whitest_white</Username><Timestamp>1371475618869</Timestamp><DateTime>Mon, 2013-06-17 09:26:58 EDT</DateTime><ThumbUp>3</ThumbUp><ThumbDown>2</ThumbDown><Sentiment/></Message><Message type="TopicMessage"><Id>1371476057741-25</Id><Title>SELL AT THE OPEN..RED BY END OF DAY</Title><Msg>sell</Msg><Username>bry345</Username><Timestamp>1371476057741</Timestamp><DateTime>Mon, 2013-06-17 09:34:17 EDT</DateTime><ThumbUp>0</ThumbUp><ThumbDown>1</ThumbDown><Sentiment/></Message><Message type="ReplyMessage"><Id>1371476338002-26</Id><Topic><Title>SELL AT THE OPEN..RED BY END OF DAY</Title><Username>bry345</Username><Timestamp>1371476057741</Timestamp><DateTime>Mon, 2013-06-17 09:34:17 EDT</DateTime></Topic><Msg>You'll never make any money.</Msg><Username>nadddys_daddy</Username><Timestamp>1371476338002</Timestamp><DateTime>Mon, 2013-06-17 09:38:58 EDT</DateTime><ThumbUp>0</ThumbUp><ThumbDown>0</ThumbDown><Sentiment/></Message><Message type="TopicMessage"><Id>1371476692905-27</Id><Title>BAC book value</Title><Msg>Book value alone should have BAC at a pps of $15</Msg><Username>ajthedrifter</Username><Timestamp>1371476692905</Timestamp><DateTime>Mon, 2013-06-17 09:44:52 EDT</DateTime><ThumbUp>0</ThumbUp><ThumbDown>0</ThumbDown><Sentiment>Strong Buy</Sentiment></Message><Message type="TopicMessage"><Id>1371477341522-28</Id><Title>SELL WHILE YOU CAN...GOING DOWN</Title><Msg>SELL</Msg><Username>bry345</Username><Timestamp>1371477341522</Timestamp><DateTime>Mon, 2013-06-17 09:55:41 EDT</DateTime><ThumbUp>0</ThumbUp><ThumbDown>1</ThumbDown><Sentiment/></Message><Message type="ReplyMessage"><Id>1371477394819-29</Id><Topic><Title>BAC book value</Title><Username>ajthedrifter</Username><Timestamp>1371476692905</Timestamp><DateTime>Mon, 2013-06-17 09:44:52 EDT</DateTime></Topic><Msg>It should, but BAC is not in a normal situation, so normal rules don't necessarily apply. Until they can get these legal actions against them over and done with the stock will continue to be depressed below normal, expected ranges.</Msg><Username>tigger.redux</Username><Timestamp>1371477394819</Timestamp><DateTime>Mon, 2013-06-17 09:56:34 EDT</DateTime><ThumbUp>1</ThumbUp><ThumbDown>0</ThumbDown><Sentiment/></Message><Message type="TopicMessage"><Id>1371477514594-30</Id><Title>USAA INSURANCE CON = If your house is destroyed, USAA pays nothing up front (full payment option), they low bid you, you must re-build, then they nickel and dime you!!!!!! SWITCH FROM THESE RASCALS!</Title><Msg>USAA run by Robles, the overpaid "elitest"</Msg><Username>consumercon</Username><Timestamp>1371477514594</Timestamp><DateTime>Mon, 2013-06-17 09:58:34 EDT</DateTime><ThumbUp>2</ThumbUp><ThumbDown>3</ThumbDown><Sentiment/></Message><Message type="TopicMessage"><Id>1371479266254-31</Id><Title>Buy HPJ...bout to double...soon...get in soon..</Title><Msg>get some huge gains...with HPJ...</Msg><Username>fullerton_titan</Username><Timestamp>1371479266254</Timestamp><DateTime>Mon, 2013-06-17 10:27:46 EDT</DateTime><ThumbUp>0</ThumbUp><ThumbDown>0</ThumbDown><Sentiment/></Message><Message type="ReplyMessage"><Id>1371479285535-32</Id><Topic><Title>RUBIO SAYS OBAMA HAS FAILED IN SYRIA</Title><Username>afro_skum</Username><Timestamp>1371475200663</Timestamp><DateTime>Mon, 2013-06-17 09:20:00 EDT</DateTime></Topic><Msg>Can you say he has failed, period. On the job training seldom works.</Msg><Username>vanzinf</Username><Timestamp>1371479285535</Timestamp><DateTime>Mon, 2013-06-17 10:28:05 EDT</DateTime><ThumbUp>1</ThumbUp><ThumbDown>1</ThumbDown><Sentiment/></Message><Message type="ReplyMessage"><Id>1371479876640-33</Id><Topic><Title>BAC book value</Title><Username>ajthedrifter</Username><Timestamp>1371476692905</Timestamp><DateTime>Mon, 2013-06-17 09:44:52 EDT</DateTime></Topic><Msg>Keep in mind that at any point in time...................boom BAC up to 15 fast. No warning about positive news.</Msg><Username>cwoolrey</Username><Timestamp>1371479876640</Timestamp><DateTime>Mon, 2013-06-17 10:37:56 EDT</DateTime><ThumbUp>0</ThumbUp><ThumbDown>0</ThumbDown><Sentiment>Strong Buy</Sentiment></Message><Message type="TopicMessage"><Id>1371480526196-34</Id><Title>CPOW strikes deal with China</Title><Msg>early alert$</Msg><Username>tonyjunig</Username><Timestamp>1371480526196</Timestamp><DateTime>Mon, 2013-06-17 10:48:46 EDT</DateTime><ThumbUp>0</ThumbUp><ThumbDown>1</ThumbDown><Sentiment/></Message><Message type="TopicMessage"><Id>1371481635529-35</Id><Title>BACK UP THE MANURE TRUCK BAC DONKEY RIDERS ! ! ! !</Title><Msg>UNCLE BEN IS COMING TO TOWN ! ! ! ! ! WEEEEEE ! !! ! ! ! DOGGIEEE ! ! ! ! !</Msg><Username>pillow_biting_pumper_xxxx</Username><Timestamp>1371481635529</Timestamp><DateTime>Mon, 2013-06-17 11:07:15 EDT</DateTime><ThumbUp>0</ThumbUp><ThumbDown>1</ThumbDown><Sentiment/></Message><Message type="ReplyMessage"><Id>1371481686094-36</Id><Topic><Title>Don Cassel the unemployed motorcycle grease monkey</Title><Username>dalsaucearneis</Username><Timestamp>1371429891093</Timestamp><DateTime>Sun, 2013-06-16 20:44:51 EDT</DateTime></Topic><Msg>how funny....the board dim wits don and zevoter.....lovers? hey losers....you have lost every debate.....just a couple of broke losers Mason</Msg><Username>dalsaucearneis</Username><Timestamp>1371481686094</Timestamp><DateTime>Mon, 2013-06-17 11:08:06 EDT</DateTime><ThumbUp>0</ThumbUp><ThumbDown>1</ThumbDown><Sentiment/></Message><Message type="TopicMessage"><Id>1371481704029-37</Id><Title>Nuverra Environmental Solutions (NYSE: NES )</Title><Msg>Next up is Nuverra Environmental Solutions (NYSE: NES ) , formerly known as Heckmann, a full-service provider of water management solutions. Over the next several years, the company stands to benefit from one major trend: the scarcity of water for fracking operations and the need to efficiently recycle and reuse it. What sets Nuverra apart from some of its competitors, such as Key Energy (NYSE: KEG ) -- a fluid-treatment provider that focuses mainly on water disposal -- is its overarching focus on treating and recycling produced water, as opposed to just disposing it.</Msg><Username>afro_skum</Username><Timestamp>1371481704029</Timestamp><DateTime>Mon, 2013-06-17 11:08:24 EDT</DateTime><ThumbUp>0</ThumbUp><ThumbDown>1</ThumbDown><Sentiment/></Message><Message type="ReplyMessage"><Id>1371481751951-38</Id><Topic><Title>zevoter has amnesia</Title><Username>moron_alarm</Username><Timestamp>1371408295282</Timestamp><DateTime>Sun, 2013-06-16 14:44:55 EDT</DateTime></Topic><Msg>hey ekon/stella/spock....please get some help</Msg><Username>moron_alarm</Username><Timestamp>1371481751951</Timestamp><DateTime>Mon, 2013-06-17 11:09:11 EDT</DateTime><ThumbUp>0</ThumbUp><ThumbDown>0</ThumbDown><Sentiment/></Message><Message type="TopicMessage"><Id>1371481834399-39</Id><Title>the more zevoter and Don Cassel complain....the higher the market goes</Title><Msg>just a couple of broke losers....people with income and money laugh at them I do ! Mason</Msg><Username>dalsaucearneis</Username><Timestamp>1371481834399</Timestamp><DateTime>Mon, 2013-06-17 11:10:34 EDT</DateTime><ThumbUp>1</ThumbUp><ThumbDown>0</ThumbDown><Sentiment/></Message><Message type="ReplyMessage"><Id>1371482368930-40</Id><Topic><Title>BAC book value</Title><Username>ajthedrifter</Username><Timestamp>1371476692905</Timestamp><DateTime>Mon, 2013-06-17 09:44:52 EDT</DateTime></Topic><Msg>Exactly right. Too many people are worried about legal issues or this and that. Simply put, the stock will simply leap to $15 on the right type of news.</Msg><Username>nasa_rs</Username><Timestamp>1371482368930</Timestamp><DateTime>Mon, 2013-06-17 11:19:28 EDT</DateTime><ThumbUp>0</ThumbUp><ThumbDown>0</ThumbDown><Sentiment/></Message><Message type="TopicMessage"><Id>1371482559169-41</Id><Title>BAC vs KNDI Kandie Technologies EV's Electric Vehicles in China on Fire!!! $7.473 +1.202 (+19.18%)</Title><Msg>nice breakouts</Msg><Username>chinastocksman</Username><Timestamp>1371482559169</Timestamp><DateTime>Mon, 2013-06-17 11:22:39 EDT</DateTime><ThumbUp>0</ThumbUp><ThumbDown>2</ThumbDown><Sentiment/></Message><Message type="ReplyMessage"><Id>1371483090015-42</Id><Topic><Title>RUBIO SAYS OBAMA HAS FAILED IN SYRIA</Title><Username>afro_skum</Username><Timestamp>1371475200663</Timestamp><DateTime>Mon, 2013-06-17 09:20:00 EDT</DateTime></Topic><Msg>Rubio is a right wing lunatic</Msg><Username>moron_alarm</Username><Timestamp>1371483090015</Timestamp><DateTime>Mon, 2013-06-17 11:31:30 EDT</DateTime><ThumbUp>0</ThumbUp><ThumbDown>1</ThumbDown><Sentiment/></Message><Message type="ReplyMessage"><Id>1371483189483-43</Id><Topic><Title>RUBIO SAYS OBAMA HAS FAILED IN SYRIA</Title><Username>afro_skum</Username><Timestamp>1371475200663</Timestamp><DateTime>Mon, 2013-06-17 09:20:00 EDT</DateTime></Topic><Msg>how funny....the broke loser zevoter as 'afro' answering his other alias 'whitest white'.... hold the xanex! Mason</Msg><Username>dalsauce</Username><Timestamp>1371483189483</Timestamp><DateTime>Mon, 2013-06-17 11:33:09 EDT</DateTime><ThumbUp>0</ThumbUp><ThumbDown>1</ThumbDown><Sentiment/></Message><Message type="TopicMessage"><Id>1371483330168-44</Id><Title>BAC news -Cheat Sheet headline says Dir Gifford buys 580k @ $13.07 body of news says he sold 580k shares no correction yet if bought or sold</Title><Msg>Cheat sheet needs to do a correction which was it a buy or sell.</Msg><Username>felizhora99</Username><Timestamp>1371483330168</Timestamp><DateTime>Mon, 2013-06-17 11:35:30 EDT</DateTime><ThumbUp>0</ThumbUp><ThumbDown>0</ThumbDown><Sentiment/></Message><Message type="ReplyMessage"><Id>1371483415452-45</Id><Topic><Title>600% in profit this MONTH!!!</Title><Username>stockmr</Username><Timestamp>1368345047603</Timestamp><DateTime>Sun, 2013-05-12 03:50:47 EDT</DateTime></Topic><Msg>KERJ</Msg><Username>ononeo</Username><Timestamp>1371483415452</Timestamp><DateTime>Mon, 2013-06-17 11:36:55 EDT</DateTime><ThumbUp>0</ThumbUp><ThumbDown>3</ThumbDown><Sentiment/></Message><Message type="TopicMessage"><Id>1371483471996-46</Id><Title>Boy, Repubrats can't get ANYTHING to stick to Barack</Title><Msg>Maybe they would consider getting to work on things which would BENEFIT our country since they LOST a LONG time ago. Give it up already baggers! LMAO</Msg><Username>man_with_lantern</Username><Timestamp>1371483471996</Timestamp><DateTime>Mon, 2013-06-17 11:37:51 EDT</DateTime><ThumbUp>2</ThumbUp><ThumbDown>4</ThumbDown><Sentiment/></Message><Message type="ReplyMessage"><Id>1371483578770-47</Id><Topic><Title>the more zevoter and Don Cassel complain....the higher the market goes</Title><Username>dalsaucearneis</Username><Timestamp>1371481834399</Timestamp><DateTime>Mon, 2013-06-17 11:10:34 EDT</DateTime></Topic><Msg>Those two are just a couple of old fat bagger hags with NO life &amp; can't rub 2 nickels together!</Msg><Username>man_with_lantern</Username><Timestamp>1371483578770</Timestamp><DateTime>Mon, 2013-06-17 11:39:38 EDT</DateTime><ThumbUp>1</ThumbUp><ThumbDown>1</ThumbDown><Sentiment/></Message><Message type="ReplyMessage"><Id>1371483994229-48</Id><Topic><Title>the more zevoter and Don Cassel complain....the higher the market goes</Title><Username>dalsaucearneis</Username><Timestamp>1371481834399</Timestamp><DateTime>Mon, 2013-06-17 11:10:34 EDT</DateTime></Topic><Msg>great post man w lantern!</Msg><Username>moron_alarm</Username><Timestamp>1371483994229</Timestamp><DateTime>Mon, 2013-06-17 11:46:34 EDT</DateTime><ThumbUp>0</ThumbUp><ThumbDown>0</ThumbDown><Sentiment/></Message><Message type="TopicMessage"><Id>1371484311624-49</Id><Title>Cheat Sheet News did BAC director buy or sell 580k@$13.7 Headline says bought,actual news says sold</Title><Msg>Which where the hell is their correction.Was it a buy or a sell.</Msg><Username>felizhora99</Username><Timestamp>1371484311624</Timestamp><DateTime>Mon, 2013-06-17 11:51:51 EDT</DateTime><ThumbUp>0</ThumbUp><ThumbDown>0</ThumbDown><Sentiment/></Message><Message type="TopicMessage"><Id>1371484666494-50</Id><Title>Financials will be first to go down</Title><Msg>my opinion</Msg><Username>jgiled</Username><Timestamp>1371484666494</Timestamp><DateTime>Mon, 2013-06-17 11:57:46 EDT</DateTime><ThumbUp>0</ThumbUp><ThumbDown>0</ThumbDown><Sentiment/></Message><Message type="ReplyMessage"><Id>1371484724906-51</Id><Topic><Title>Cheat Sheet News did BAC director buy or sell 580k@$13.7 Headline says bought,actual news says sold</Title><Username>felizhora99</Username><Timestamp>1371484311624</Timestamp><DateTime>Mon, 2013-06-17 11:51:51 EDT</DateTime></Topic><Msg>From the Form 4 it appears he switched it to a trust from direct ownership for estate purposes.</Msg><Username>tigger.redux</Username><Timestamp>1371484724906</Timestamp><DateTime>Mon, 2013-06-17 11:58:44 EDT</DateTime><ThumbUp>0</ThumbUp><ThumbDown>0</ThumbDown><Sentiment/></Message><Message type="TopicMessage"><Id>1371485978263-52</Id><Title>The housing market is on fire</Title><Msg>this should reflect well for mortgage bankers.</Msg><Username>lookfwd</Username><Timestamp>1371485978263</Timestamp><DateTime>Mon, 2013-06-17 12:19:38 EDT</DateTime><ThumbUp>0</ThumbUp><ThumbDown>0</ThumbDown><Sentiment>Buy</Sentiment></Message><Message type="TopicMessage"><Id>1371486001762-53</Id><Title>Rapidly Ramping Up Profits</Title><Msg>Research Concurrent (CCUR) they reported that their GAAP EPS last quarter was up 175% year-over-year and they just raised their dividend by 100% to $0.48 for a yield here at $8 of 6%! CCUR has trailing free cash flow of $5.6 million or $0.64 per share. CCUR's rival Seachange (SEAC) is now trading for $11.54 or 28.15X its free cash flow of $0.41 per share. If CCUR was worth 28.15X free cash flow the stock would be $18! CCUR leads the video on demand (VOD) industry with 2.4 million streams deployed worldwide, ahead of SEAC and CSCO! Last week at the Cable Show in Washington DC, Comcast announced they will be launching their own cloud based Network DVR technology later this year. CCUR recently won a patent for Network DVR technology and has already deployed a form of Network DVR technology for Time Warner Cable (TWC) and Bright House, with CCUR deploying their Start Over and Look Back services!</Msg><Username>bbajf591</Username><Timestamp>1371486001762</Timestamp><DateTime>Mon, 2013-06-17 12:20:01 EDT</DateTime><ThumbUp>0</ThumbUp><ThumbDown>0</ThumbDown><Sentiment/></Message><Message type="TopicMessage"><Id>1371486069924-54</Id><Title>BUY BUY BUY...GOING TO $20 EASY</Title><Msg>BUY</Msg><Username>greatestideaman</Username><Timestamp>1371486069924</Timestamp><DateTime>Mon, 2013-06-17 12:21:09 EDT</DateTime><ThumbUp>1</ThumbUp><ThumbDown>1</ThumbDown><Sentiment/></Message><Message type="ReplyMessage"><Id>1371486242187-55</Id><Topic><Title>Thank Allah that this country is run by the Democrats, the sane, educated, and wise</Title><Username>abdulshallam</Username><Timestamp>1371320161223</Timestamp><DateTime>Sat, 2013-06-15 14:16:01 EDT</DateTime></Topic><Msg>You better convert brotha. Come visit my church where I'm the pastor. Being a Democrat is not enough, we expect you to be Christian and preferably Methodist.</Msg><Username>reverandbruce</Username><Timestamp>1371486242187</Timestamp><DateTime>Mon, 2013-06-17 12:24:02 EDT</DateTime><ThumbUp>0</ThumbUp><ThumbDown>1</ThumbDown><Sentiment/></Message><Message type="TopicMessage"><Id>1371486327906-56</Id><Title>OBAMA</Title><Msg>#$%$ there goes another 100 million on just a little vat,time.</Msg><Username>scotthuc</Username><Timestamp>1371486327906</Timestamp><DateTime>Mon, 2013-06-17 12:25:27 EDT</DateTime><ThumbUp>0</ThumbUp><ThumbDown>0</ThumbDown><Sentiment/></Message><Message type="ReplyMessage"><Id>1371486791887-57</Id><Topic><Title>Thank Allah that this country is run by the Democrats, the sane, educated, and wise</Title><Username>abdulshallam</Username><Timestamp>1371320161223</Timestamp><DateTime>Sat, 2013-06-15 14:16:01 EDT</DateTime></Topic><Msg>Do you guys want to present at the Al Bundy Kyle Dube economics conference? And do you know who Lindsay Mills social media advisor would be?</Msg><Username>spocklovesyou</Username><Timestamp>1371486791887</Timestamp><DateTime>Mon, 2013-06-17 12:33:11 EDT</DateTime><ThumbUp>0</ThumbUp><ThumbDown>1</ThumbDown><Sentiment/></Message><Message type="TopicMessage"><Id>1371487819447-58</Id><Title>BAC vs KNDI $7.90 +1.63 (+26.00%)</Title><Msg>nice bounce</Msg><Username>chinastocksman</Username><Timestamp>1371487819447</Timestamp><DateTime>Mon, 2013-06-17 12:50:19 EDT</DateTime><ThumbUp>0</ThumbUp><ThumbDown>1</ThumbDown><Sentiment/></Message><Message type="TopicMessage"><Id>1371488263919-59</Id><Title>Tremendous Improvement for BAC. Read Now!</Title><Msg>If or when you are searching for information on the subject of the stock market, then you might as well inspect this Link:- ixDOTlt/cfat</Msg><Username>lamphere.jimmy</Username><Timestamp>1371488263919</Timestamp><DateTime>Mon, 2013-06-17 12:57:43 EDT</DateTime><ThumbUp>1</ThumbUp><ThumbDown>1</ThumbDown><Sentiment/></Message><Message type="TopicMessage"><Id>1371488443456-60</Id><Title>SDSS is the next big gainer</Title><Msg>SDSS looks like it is ready to pop. Have been doing some research on it for the past few weeks. Start your DD on SDSS</Msg><Username>charlessaunders259</Username><Timestamp>1371488443456</Timestamp><DateTime>Mon, 2013-06-17 13:00:43 EDT</DateTime><ThumbUp>0</ThumbUp><ThumbDown>1</ThumbDown><Sentiment/></Message><Message type="TopicMessage"><Id>1371489338299-61</Id><Title>BAC will turn red by EOD</Title><Msg>just my opinion</Msg><Username>jgiled</Username><Timestamp>1371489338299</Timestamp><DateTime>Mon, 2013-06-17 13:15:38 EDT</DateTime><ThumbUp>0</ThumbUp><ThumbDown>0</ThumbDown><Sentiment/></Message><Message type="TopicMessage"><Id>1371489400167-62</Id><Title>USAA INSURANCE CON = If your house is destroyed USAA will pay you NOTHING up front, or full payment option,.but force you to re-build with their low bid.</Title><Msg>If you read your policy you will switch out of USAA</Msg><Username>consumercon</Username><Timestamp>1371489400167</Timestamp><DateTime>Mon, 2013-06-17 13:16:40 EDT</DateTime><ThumbUp>1</ThumbUp><ThumbDown>5</ThumbDown><Sentiment/></Message><Message type="TopicMessage"><Id>1371490160650-63</Id><Title>what? harp</Title><Msg>got denied many times and also hardship programs same old thing. i see it a problem for many. we all should sue them for lieing to the government. bac needs to pay up and obey the law.</Msg><Username>heatseekingmissle1</Username><Timestamp>1371490160650</Timestamp><DateTime>Mon, 2013-06-17 13:29:20 EDT</DateTime><ThumbUp>0</ThumbUp><ThumbDown>0</ThumbDown><Sentiment/></Message><Message type="ReplyMessage"><Id>1371491026534-64</Id><Topic><Title>BAC--Schizophrenic Investing</Title><Username>jaymiller474</Username><Timestamp>1371321311855</Timestamp><DateTime>Sat, 2013-06-15 14:35:11 EDT</DateTime></Topic><Msg>woof...woof</Msg><Username>doggiedogdog</Username><Timestamp>1371491026534</Timestamp><DateTime>Mon, 2013-06-17 13:43:46 EDT</DateTime><ThumbUp>0</ThumbUp><ThumbDown>1</ThumbDown><Sentiment/></Message><Message type="ReplyMessage"><Id>1371491137693-65</Id><Topic><Title>what? harp</Title><Username>heatseekingmissle1</Username><Timestamp>1371490160650</Timestamp><DateTime>Mon, 2013-06-17 13:29:20 EDT</DateTime></Topic><Msg>Alleged issues which apparently will be decided, as they should, in a court of law.</Msg><Username>tigger.redux</Username><Timestamp>1371491137693</Timestamp><DateTime>Mon, 2013-06-17 13:45:37 EDT</DateTime><ThumbUp>0</ThumbUp><ThumbDown>0</ThumbDown><Sentiment/></Message><Message type="ReplyMessage"><Id>1371491297818-66</Id><Topic><Title>BAC will turn red by EOD</Title><Username>jgiled</Username><Timestamp>1371489338299</Timestamp><DateTime>Mon, 2013-06-17 13:15:38 EDT</DateTime></Topic><Msg>Not today - my opinion.</Msg><Username>sammsjohn99</Username><Timestamp>1371491297818</Timestamp><DateTime>Mon, 2013-06-17 13:48:17 EDT</DateTime><ThumbUp>0</ThumbUp><ThumbDown>0</ThumbDown><Sentiment/></Message><Message type="ReplyMessage"><Id>1371491447075-67</Id><Topic><Title>what? harp</Title><Username>heatseekingmissle1</Username><Timestamp>1371490160650</Timestamp><DateTime>Mon, 2013-06-17 13:29:20 EDT</DateTime></Topic><Msg>yes but in the meantime doesn't the bad publicity hurt?</Msg><Username>doggiedogdog</Username><Timestamp>1371491447075</Timestamp><DateTime>Mon, 2013-06-17 13:50:47 EDT</DateTime><ThumbUp>0</ThumbUp><ThumbDown>0</ThumbDown><Sentiment/></Message><Message type="ReplyMessage"><Id>1371491447239-68</Id><Topic><Title>BAC--Schizophrenic Investing</Title><Username>jaymiller474</Username><Timestamp>1371321311855</Timestamp><DateTime>Sat, 2013-06-15 14:35:11 EDT</DateTime></Topic><Msg>If it is proven in court that the allegations against BAC are true that they continue to abuse the foreclosure, then 1) they should be made to pay to the fullest extent the law allows and 2) I will have no problem selling all my shares as a matter of principle. There comes a point where certain ethical lines are crossed. I do not believe in investing with my eyes closed. For instance, I do not invest in companies involved in the production of alcoholic, tobacco, or firearm products. I don't have any issue adding BAC, or any other bank that abuses their position of power, to that list.</Msg><Username>tigger.redux</Username><Timestamp>1371491447239</Timestamp><DateTime>Mon, 2013-06-17 13:50:47 EDT</DateTime><ThumbUp>0</ThumbUp><ThumbDown>1</ThumbDown><Sentiment/></Message><Message type="TopicMessage"><Id>1371491459049-69</Id><Title>New Lawsuits</Title><Msg>I want to hear from Mr. Moynihan or other high officials at Bac if there is an ounce of truth to these allegations that Bac gave bonuses or otherwise encouraged its employes to screw its costumers. I am very suspicious about these charges. Feels like lawyers looking to get easy money here--filing in Mass., a well know place that loves lawsuits against banks.</Msg><Username>laslo99</Username><Timestamp>1371491459049</Timestamp><DateTime>Mon, 2013-06-17 13:50:59 EDT</DateTime><ThumbUp>0</ThumbUp><ThumbDown>1</ThumbDown><Sentiment/></Message><Message type="ReplyMessage"><Id>1371491488628-70</Id><Topic><Title>BAC will turn red by EOD</Title><Username>jgiled</Username><Timestamp>1371489338299</Timestamp><DateTime>Mon, 2013-06-17 13:15:38 EDT</DateTime></Topic><Msg>Look at the 5 minute chart for the day - very bullish pattern forming....</Msg><Username>sammsjohn99</Username><Timestamp>1371491488628</Timestamp><DateTime>Mon, 2013-06-17 13:51:28 EDT</DateTime><ThumbUp>0</ThumbUp><ThumbDown>0</ThumbDown><Sentiment/></Message><Message type="ReplyMessage"><Id>1371491507196-71</Id><Topic><Title>*DRAM $4.1 UP AGAIN…TO $30++, WHY?: 1) MEMORY PRICES UP EXPONENTIALLY, 2) HUGE RECENT MEMORY/SOFTWARE DEAL WITH AMD, 3) $8M CAP, 4) 1.4 SHARE FLOAT</Title><Username>k_boss66</Username><Timestamp>1371227340768</Timestamp><DateTime>Fri, 2013-06-14 12:29:00 EDT</DateTime></Topic><Msg>Breakout alert...last trade $4.5....up and up and up</Msg><Username>kellyjessica50</Username><Timestamp>1371491507196</Timestamp><DateTime>Mon, 2013-06-17 13:51:47 EDT</DateTime><ThumbUp>2</ThumbUp><ThumbDown>0</ThumbDown><Sentiment/></Message><Message type="TopicMessage"><Id>1371491534479-72</Id><Title>is funny i supported obama until now but i've just been reading what snowden is saying and i am VERY concerned</Title><Msg>article in uk guardian....if what he says is true, Obama may be in breach of the high crimes and misdeamor impeachment clauses of the constitution...that is the law of the land, not the NSA. If the democrat reps don't start investigating this Watergate I will withdraw my support from them...snowden needs to be given full immunity and brought to testify before a joint house/senate panel that is publicly aired.</Msg><Username>sydneylocks</Username><Timestamp>1371491534479</Timestamp><DateTime>Mon, 2013-06-17 13:52:14 EDT</DateTime><ThumbUp>5</ThumbUp><ThumbDown>5</ThumbDown><Sentiment/></Message><Message type="ReplyMessage"><Id>1371491712133-73</Id><Topic><Title>BUY BUY BUY...GOING TO $20 EASY</Title><Username>greatestideaman</Username><Timestamp>1371486069924</Timestamp><DateTime>Mon, 2013-06-17 12:21:09 EDT</DateTime></Topic><Msg>will be for sure..... but for the next 2 more years, in my opinion.</Msg><Username>kharies99</Username><Timestamp>1371491712133</Timestamp><DateTime>Mon, 2013-06-17 13:55:12 EDT</DateTime><ThumbUp>1</ThumbUp><ThumbDown>0</ThumbDown><Sentiment/></Message><Message type="ReplyMessage"><Id>1371491754732-74</Id><Topic><Title>what? harp</Title><Username>heatseekingmissle1</Username><Timestamp>1371490160650</Timestamp><DateTime>Mon, 2013-06-17 13:29:20 EDT</DateTime></Topic><Msg>think about this missle - a person stated that they lied to customers for who were attempting to get their mortgages redone - an that they lied to those customers they were FIRED - an now say - oh - we were told to lie - - really - .!!!!!!! but 27,8 billion dollars worth - were success fully - had their mortgages re-done - but 6 -7 people were told to lie - doesn't make sense</Msg><Username>da23533</Username><Timestamp>1371491754732</Timestamp><DateTime>Mon, 2013-06-17 13:55:54 EDT</DateTime><ThumbUp>0</ThumbUp><ThumbDown>1</ThumbDown><Sentiment/></Message><Message type="ReplyMessage"><Id>1371491762114-75</Id><Topic><Title>New Lawsuits</Title><Username>laslo99</Username><Timestamp>1371491459049</Timestamp><DateTime>Mon, 2013-06-17 13:50:59 EDT</DateTime></Topic><Msg>BAC management is NOT going to come out and say they are guilty. This will have to play out in court.</Msg><Username>tigger.redux</Username><Timestamp>1371491762114</Timestamp><DateTime>Mon, 2013-06-17 13:56:02 EDT</DateTime><ThumbUp>2</ThumbUp><ThumbDown>0</ThumbDown><Sentiment/></Message><Message type="ReplyMessage"><Id>1371491838788-76</Id><Topic><Title>what? harp</Title><Username>heatseekingmissle1</Username><Timestamp>1371490160650</Timestamp><DateTime>Mon, 2013-06-17 13:29:20 EDT</DateTime></Topic><Msg>And that is hopefully what will come out in court.</Msg><Username>tigger.redux</Username><Timestamp>1371491838788</Timestamp><DateTime>Mon, 2013-06-17 13:57:18 EDT</DateTime><ThumbUp>0</ThumbUp><ThumbDown>0</ThumbDown><Sentiment/></Message><Message type="ReplyMessage"><Id>1371491891842-77</Id><Topic><Title>what? harp</Title><Username>heatseekingmissle1</Username><Timestamp>1371490160650</Timestamp><DateTime>Mon, 2013-06-17 13:29:20 EDT</DateTime></Topic><Msg>Yes, it does hurt. Not much anyone can do about that I'm afraid.</Msg><Username>tigger.redux</Username><Timestamp>1371491891842</Timestamp><DateTime>Mon, 2013-06-17 13:58:11 EDT</DateTime><ThumbUp>0</ThumbUp><ThumbDown>0</ThumbDown><Sentiment/></Message><Message type="ReplyMessage"><Id>1371492069366-78</Id><Topic><Title>what? harp</Title><Username>heatseekingmissle1</Username><Timestamp>1371490160650</Timestamp><DateTime>Mon, 2013-06-17 13:29:20 EDT</DateTime></Topic><Msg>boy - I would think - that a public statement would not hurt - an gosh I would serious think about lawsuits against those 6-7 - for bending the truth .!!!!!!!!!!!!</Msg><Username>da23533</Username><Timestamp>1371492069366</Timestamp><DateTime>Mon, 2013-06-17 14:01:09 EDT</DateTime><ThumbUp>0</ThumbUp><ThumbDown>0</ThumbDown><Sentiment/></Message><Message type="TopicMessage"><Id>1371492219111-79</Id><Title>Not going anywhere anytime soon. LAWSUITS from robbed Home Owners will surface soon. STAY the Fhok AWAY</Title><Msg>See this pos at $10 when the legal actions start hitting the Docket. The most Corrupt and heartless company on God's earth.</Msg><Username>gcock10</Username><Timestamp>1371492219111</Timestamp><DateTime>Mon, 2013-06-17 14:03:39 EDT</DateTime><ThumbUp>1</ThumbUp><ThumbDown>2</ThumbDown><Sentiment/></Message><Message type="ReplyMessage"><Id>1371492369687-80</Id><Topic><Title>what? harp</Title><Username>heatseekingmissle1</Username><Timestamp>1371490160650</Timestamp><DateTime>Mon, 2013-06-17 13:29:20 EDT</DateTime></Topic><Msg>Even if management denied the allegations, it wouldn't really mean anything. Legally, they can't say much about the employees, their employment status, nor why they are no longer employed, so they are limited to simply saying, it's not true and you know how far that goes.</Msg><Username>tigger.redux</Username><Timestamp>1371492369687</Timestamp><DateTime>Mon, 2013-06-17 14:06:09 EDT</DateTime><ThumbUp>0</ThumbUp><ThumbDown>0</ThumbDown><Sentiment/></Message><Message type="TopicMessage"><Id>1371492835684-81</Id><Title>Did anyone see any WMD's round here?</Title><Msg>Duuuuubya !</Msg><Username>dubbyaworstofalltime</Username><Timestamp>1371492835684</Timestamp><DateTime>Mon, 2013-06-17 14:13:55 EDT</DateTime><ThumbUp>2</ThumbUp><ThumbDown>1</ThumbDown><Sentiment/></Message><Message type="ReplyMessage"><Id>1371493066547-82</Id><Topic><Title>Did anyone see any WMD's round here?</Title><Username>dubbyaworstofalltime</Username><Timestamp>1371492835684</Timestamp><DateTime>Mon, 2013-06-17 14:13:55 EDT</DateTime></Topic><Msg>Little z is hiding them. Just don't ask him to take off his shoes.</Msg><Username>whyduyouask</Username><Timestamp>1371493066547</Timestamp><DateTime>Mon, 2013-06-17 14:17:46 EDT</DateTime><ThumbUp>1</ThumbUp><ThumbDown>0</ThumbDown><Sentiment/></Message><Message type="ReplyMessage"><Id>1371493270679-83</Id><Topic><Title>is funny i supported obama until now but i've just been reading what snowden is saying and i am VERY concerned</Title><Username>sydneylocks</Username><Timestamp>1371491534479</Timestamp><DateTime>Mon, 2013-06-17 13:52:14 EDT</DateTime></Topic><Msg>Gee. Good thing Snowden is not an undocumented alien. You conservatives might hate him.</Msg><Username>whyduyouask</Username><Timestamp>1371493270679</Timestamp><DateTime>Mon, 2013-06-17 14:21:10 EDT</DateTime><ThumbUp>2</ThumbUp><ThumbDown>1</ThumbDown><Sentiment/></Message><Message type="ReplyMessage"><Id>1371493301597-84</Id><Topic><Title>what? harp</Title><Username>heatseekingmissle1</Username><Timestamp>1371490160650</Timestamp><DateTime>Mon, 2013-06-17 13:29:20 EDT</DateTime></Topic><Msg>yes - be getting a slight education about what a person can say - but some how _ would point at the word - perjury - because they stated that others told them to do something - if that is not fact that is Perjury - an in fact named names - that would be slander</Msg><Username>da23533</Username><Timestamp>1371493301597</Timestamp><DateTime>Mon, 2013-06-17 14:21:41 EDT</DateTime><ThumbUp>0</ThumbUp><ThumbDown>1</ThumbDown><Sentiment/></Message><Message type="ReplyMessage"><Id>1371493445895-85</Id><Topic><Title>BAC will turn red by EOD</Title><Username>jgiled</Username><Timestamp>1371489338299</Timestamp><DateTime>Mon, 2013-06-17 13:15:38 EDT</DateTime></Topic><Msg>On what basis? The charts are definitely showing BAC in full bull territory right now. If the pattern continues BAC is headed up.</Msg><Username>universaldia</Username><Timestamp>1371493445895</Timestamp><DateTime>Mon, 2013-06-17 14:24:05 EDT</DateTime><ThumbUp>0</ThumbUp><ThumbDown>0</ThumbDown><Sentiment>Buy</Sentiment></Message><Message type="ReplyMessage"><Id>1371493581002-86</Id><Topic><Title>Alert STOCK MARKET: DOPED and ADDICTED to FED QE DOPING PROGRAM</Title><Username>arcanos70</Username><Timestamp>1371068336906</Timestamp><DateTime>Wed, 2013-06-12 16:18:56 EDT</DateTime></Topic><Msg>O% interest rate for middle class saving accounts...Banks MUST growth based on higher deposits saving accounts, not in in DOPED MARKET..FED must stop QE doping program and allow economy recovers on a healthy mode, make interest rates for saving accounts goes up, and middle class built a real wealth.. It doesn´t make sense to have and hold bank accounts with 0% interest rate.. Wall street guys already took trillions of QE dollars against middle class interest..</Msg><Username>arcanos70</Username><Timestamp>1371493581002</Timestamp><DateTime>Mon, 2013-06-17 14:26:21 EDT</DateTime><ThumbUp>0</ThumbUp><ThumbDown>3</ThumbDown><Sentiment/></Message><Message type="TopicMessage"><Id>1371493648271-87</Id><Title>Repubrats FAIL to make ANYTHING stick to Batack!</Title><Msg>The little old ladies posting here have their granny panties all in a wad - again! LMAO Please proceed -</Msg><Username>man_with_lantern</Username><Timestamp>1371493648271</Timestamp><DateTime>Mon, 2013-06-17 14:27:28 EDT</DateTime><ThumbUp>2</ThumbUp><ThumbDown>2</ThumbDown><Sentiment/></Message><Message type="ReplyMessage"><Id>1371493656496-88</Id><Topic><Title>Did anyone see any WMD's round here?</Title><Username>dubbyaworstofalltime</Username><Timestamp>1371492835684</Timestamp><DateTime>Mon, 2013-06-17 14:13:55 EDT</DateTime></Topic><Msg>wmd in Iraq imo were moved to syria. where else do you syria pres. got the gas to kill his enemies? -jmho-bucko</Msg><Username>muench.john</Username><Timestamp>1371493656496</Timestamp><DateTime>Mon, 2013-06-17 14:27:36 EDT</DateTime><ThumbUp>1</ThumbUp><ThumbDown>2</ThumbDown><Sentiment/></Message><Message type="TopicMessage"><Id>1371493786722-89</Id><Title>FED gives MIDDLE class saving Accounts 0% interest rate i nbehalf of Wall Street. Insane and artificial growth..</Title><Msg>Holding a saving account? Why??</Msg><Username>arcanos70</Username><Timestamp>1371493786722</Timestamp><DateTime>Mon, 2013-06-17 14:29:46 EDT</DateTime><ThumbUp>1</ThumbUp><ThumbDown>1</ThumbDown><Sentiment/></Message><Message type="TopicMessage"><Id>1371493867548-90</Id><Title>Did anyone see Bank of America Declaring Quarterly Dividend on Series L Preferred Stock?</Title><Msg>Get back to BAC or the Mkt. Whats with this board?</Msg><Username>lookfwd</Username><Timestamp>1371493867548</Timestamp><DateTime>Mon, 2013-06-17 14:31:07 EDT</DateTime><ThumbUp>0</ThumbUp><ThumbDown>0</ThumbDown><Sentiment>Buy</Sentiment></Message><Message type="ReplyMessage"><Id>1371494008123-91</Id><Topic><Title>Not going anywhere anytime soon. LAWSUITS from robbed Home Owners will surface soon. STAY the Fhok AWAY</Title><Username>gcock10</Username><Timestamp>1371492219111</Timestamp><DateTime>Mon, 2013-06-17 14:03:39 EDT</DateTime></Topic><Msg>boring '!!!!!!!!!!!!!!!</Msg><Username>da23533</Username><Timestamp>1371494008123</Timestamp><DateTime>Mon, 2013-06-17 14:33:28 EDT</DateTime><ThumbUp>1</ThumbUp><ThumbDown>0</ThumbDown><Sentiment/></Message><Message type="ReplyMessage"><Id>1371494595238-92</Id><Topic><Title>Did anyone see Bank of America Declaring Quarterly Dividend on Series L Preferred Stock?</Title><Username>lookfwd</Username><Timestamp>1371493867548</Timestamp><DateTime>Mon, 2013-06-17 14:31:07 EDT</DateTime></Topic><Msg>Being preferred stock, it would only be news if they announced they weren't paying the dividend. The dividends are part of the issue terms.</Msg><Username>tigger.redux</Username><Timestamp>1371494595238</Timestamp><DateTime>Mon, 2013-06-17 14:43:15 EDT</DateTime><ThumbUp>0</ThumbUp><ThumbDown>0</ThumbDown><Sentiment/></Message><Message type="ReplyMessage"><Id>1371494596084-93</Id><Topic><Title>Alert STOCK MARKET: DOPED and ADDICTED to FED QE DOPING PROGRAM</Title><Username>arcanos70</Username><Timestamp>1371068336906</Timestamp><DateTime>Wed, 2013-06-12 16:18:56 EDT</DateTime></Topic><Msg>FED must allow stock market run for itself..It is insane for a real economy middle class support wall street artifcial performance based on 0% interest rates for its savings..Banks MUST growth based on a real wealth of middle class (saving accounts)..</Msg><Username>arcanos70</Username><Timestamp>1371494596084</Timestamp><DateTime>Mon, 2013-06-17 14:43:16 EDT</DateTime><ThumbUp>0</ThumbUp><ThumbDown>2</ThumbDown><Sentiment/></Message><Message type="ReplyMessage"><Id>1371494596390-94</Id><Topic><Title>Repubrats FAIL to make ANYTHING stick to Batack!</Title><Username>man_with_lantern</Username><Timestamp>1371493648271</Timestamp><DateTime>Mon, 2013-06-17 14:27:28 EDT</DateTime></Topic><Msg>you are on fire ! great post</Msg><Username>moron_alarm</Username><Timestamp>1371494596390</Timestamp><DateTime>Mon, 2013-06-17 14:43:16 EDT</DateTime><ThumbUp>0</ThumbUp><ThumbDown>1</ThumbDown><Sentiment/></Message><Message type="TopicMessage"><Id>1371494630657-95</Id><Title>Why go to war with Syria ? They aint got no oil fields to exploit !! Cheney would not hear of it and Halliburton is not interested !</Title><Msg>What is the point?</Msg><Username>dubbyaworstofalltime</Username><Timestamp>1371494630657</Timestamp><DateTime>Mon, 2013-06-17 14:43:50 EDT</DateTime><ThumbUp>0</ThumbUp><ThumbDown>1</ThumbDown><Sentiment/></Message><Message type="ReplyMessage"><Id>1371494639220-96</Id><Topic><Title>Alert STOCK MARKET: DOPED and ADDICTED to FED QE DOPING PROGRAM</Title><Username>arcanos70</Username><Timestamp>1371068336906</Timestamp><DateTime>Wed, 2013-06-12 16:18:56 EDT</DateTime></Topic><Msg>poor broke stoner loser zevoter.....did you drop a deuce in your Depends again? Mason</Msg><Username>moron_alarm</Username><Timestamp>1371494639220</Timestamp><DateTime>Mon, 2013-06-17 14:43:59 EDT</DateTime><ThumbUp>1</ThumbUp><ThumbDown>0</ThumbDown><Sentiment/></Message><Message type="ReplyMessage"><Id>1371494663890-97</Id><Topic><Title>Alert STOCK MARKET: DOPED and ADDICTED to FED QE DOPING PROGRAM</Title><Username>arcanos70</Username><Timestamp>1371068336906</Timestamp><DateTime>Wed, 2013-06-12 16:18:56 EDT</DateTime></Topic><Msg>If not..FED will be blame for causing another stock market bubble</Msg><Username>arcanos70</Username><Timestamp>1371494663890</Timestamp><DateTime>Mon, 2013-06-17 14:44:23 EDT</DateTime><ThumbUp>0</ThumbUp><ThumbDown>2</ThumbDown><Sentiment/></Message><Message type="ReplyMessage"><Id>1371494681769-98</Id><Topic><Title>what? harp</Title><Username>heatseekingmissle1</Username><Timestamp>1371490160650</Timestamp><DateTime>Mon, 2013-06-17 13:29:20 EDT</DateTime></Topic><Msg>hey zevoter....the only slander is what you just did in your shorts!</Msg><Username>moron_alarm</Username><Timestamp>1371494681769</Timestamp><DateTime>Mon, 2013-06-17 14:44:41 EDT</DateTime><ThumbUp>0</ThumbUp><ThumbDown>0</ThumbDown><Sentiment/></Message><Message type="ReplyMessage"><Id>1371494683743-99</Id><Topic><Title>Did anyone see any WMD's round here?</Title><Username>dubbyaworstofalltime</Username><Timestamp>1371492835684</Timestamp><DateTime>Mon, 2013-06-17 14:13:55 EDT</DateTime></Topic><Msg>Little Z?</Msg><Username>dubbyaworstofalltime</Username><Timestamp>1371494683743</Timestamp><DateTime>Mon, 2013-06-17 14:44:43 EDT</DateTime><ThumbUp>0</ThumbUp><ThumbDown>1</ThumbDown><Sentiment/></Message><Message type="ReplyMessage"><Id>1371494769410-100</Id><Topic><Title>is funny i supported obama until now but i've just been reading what snowden is saying and i am VERY concerned</Title><Username>sydneylocks</Username><Timestamp>1371491534479</Timestamp><DateTime>Mon, 2013-06-17 13:52:14 EDT</DateTime></Topic><Msg>please stop with your nonsense....hey moron.....the REPUBLICANS support him</Msg><Username>moron_alarm</Username><Timestamp>1371494769410</Timestamp><DateTime>Mon, 2013-06-17 14:46:09 EDT</DateTime><ThumbUp>2</ThumbUp><ThumbDown>2</ThumbDown><Sentiment/></Message><Message type="TopicMessage"><Id>1371495147891-101</Id><Title>Remember in 2008 when G W Bush bailed out BAC with billions of your borrowed tax dollars?</Title><Msg>Hank Paulson pulled a good one on Duuuuubya ! Dude was a deer in headlights !</Msg><Username>dubbyaworstofalltime</Username><Timestamp>1371495147891</Timestamp><DateTime>Mon, 2013-06-17 14:52:27 EDT</DateTime><ThumbUp>3</ThumbUp><ThumbDown>3</ThumbDown><Sentiment/></Message><Message type="ReplyMessage"><Id>1371495307172-102</Id><Topic><Title>FED gives MIDDLE class saving Accounts 0% interest rate i nbehalf of Wall Street. Insane and artificial growth..</Title><Username>arcanos70</Username><Timestamp>1371493786722</Timestamp><DateTime>Mon, 2013-06-17 14:29:46 EDT</DateTime></Topic><Msg>Economy must follow the hard - built path, fundamental growth, ..FED must come back to fundamental principles and built a sane and wealthy economy with MIDDLE CLASS hands, but not holding Wall street hands. It gets enough...</Msg><Username>arcanos70</Username><Timestamp>1371495307172</Timestamp><DateTime>Mon, 2013-06-17 14:55:07 EDT</DateTime><ThumbUp>1</ThumbUp><ThumbDown>0</ThumbDown><Sentiment/></Message><Message type="TopicMessage"><Id>1371495967774-103</Id><Title>Stock market is not The Economy, It is just a tool that can exist or not. FED: Work with Middle class, not Wall street guys..</Title><Msg>Middle class doesn´t need QE doping programs because Middle class prefers the real path, work hard every day and gain every advance with proud..Wall street guys don´t,</Msg><Username>arcanos70</Username><Timestamp>1371495967774</Timestamp><DateTime>Mon, 2013-06-17 15:06:07 EDT</DateTime><ThumbUp>0</ThumbUp><ThumbDown>0</ThumbDown><Sentiment/></Message><Message type="ReplyMessage"><Id>1371497165307-104</Id><Topic><Title>FED gives MIDDLE class saving Accounts 0% interest rate i nbehalf of Wall Street. Insane and artificial growth..</Title><Username>arcanos70</Username><Timestamp>1371493786722</Timestamp><DateTime>Mon, 2013-06-17 14:29:46 EDT</DateTime></Topic><Msg>Your money is in there for storage, that it!</Msg><Username>bouch84</Username><Timestamp>1371497165307</Timestamp><DateTime>Mon, 2013-06-17 15:26:05 EDT</DateTime><ThumbUp>0</ThumbUp><ThumbDown>3</ThumbDown><Sentiment/></Message><Message type="TopicMessage"><Id>1371497620697-105</Id><Title>Remember when G W Bush and Shooter Cheney wasted trillions of you borrowed tax dollars for no WMD's?</Title><Msg>Great job Brownie !!!</Msg><Username>dubbyaworstofalltime</Username><Timestamp>1371497620697</Timestamp><DateTime>Mon, 2013-06-17 15:33:40 EDT</DateTime><ThumbUp>0</ThumbUp><ThumbDown>3</ThumbDown><Sentiment/></Message><Message type="TopicMessage"><Id>1371497735364-106</Id><Title>Remember when Duuubya Admin told Americans Iraq war would cost 50 billion and Iraqi oil would pay for it?</Title><Msg>Great Job Brownie !!!!</Msg><Username>dubbyaworstofalltime</Username><Timestamp>1371497735364</Timestamp><DateTime>Mon, 2013-06-17 15:35:35 EDT</DateTime><ThumbUp>0</ThumbUp><ThumbDown>3</ThumbDown><Sentiment/></Message><Message type="TopicMessage"><Id>1371498890674-107</Id><Title>Hmmmm ???</Title><Msg>interesting ?</Msg><Username>jgiled</Username><Timestamp>1371498890674</Timestamp><DateTime>Mon, 2013-06-17 15:54:50 EDT</DateTime><ThumbUp>0</ThumbUp><ThumbDown>1</ThumbDown><Sentiment/></Message><Message type="TopicMessage"><Id>1371498919991-108</Id><Title>Remember when MLK said he had a dream?</Title><Msg>It is too bad that most blacks look at MLK's dream of going to school and getting jobs as acting white. Most of today's blakcs do the exact opposite of MLK. It is easy to see why blacks live in ghettos.</Msg><Username>crombola19040</Username><Timestamp>1371498919991</Timestamp><DateTime>Mon, 2013-06-17 15:55:19 EDT</DateTime><ThumbUp>2</ThumbUp><ThumbDown>0</ThumbDown><Sentiment/></Message><Message type="ReplyMessage"><Id>1371499154468-109</Id><Topic><Title>Remember when G W Bush and Shooter Cheney wasted trillions of you borrowed tax dollars for no WMD's?</Title><Username>dubbyaworstofalltime</Username><Timestamp>1371497620697</Timestamp><DateTime>Mon, 2013-06-17 15:33:40 EDT</DateTime></Topic><Msg>Remember when the Bummer added more trillions to our debt than any previous president. Bummer gotta be the worst of all time.</Msg><Username>vanzinf</Username><Timestamp>1371499154468</Timestamp><DateTime>Mon, 2013-06-17 15:59:14 EDT</DateTime><ThumbUp>0</ThumbUp><ThumbDown>1</ThumbDown><Sentiment/></Message><Message type="ReplyMessage"><Id>1371499215563-110</Id><Topic><Title>Remember when Duuubya Admin told Americans Iraq war would cost 50 billion and Iraqi oil would pay for it?</Title><Username>dubbyaworstofalltime</Username><Timestamp>1371497735364</Timestamp><DateTime>Mon, 2013-06-17 15:35:35 EDT</DateTime></Topic><Msg>Remember when libiots used to have at least one ounce of brain. No more.</Msg><Username>vanzinf</Username><Timestamp>1371499215563</Timestamp><DateTime>Mon, 2013-06-17 16:00:15 EDT</DateTime><ThumbUp>1</ThumbUp><ThumbDown>0</ThumbDown><Sentiment/></Message><Message type="TopicMessage"><Id>1371499229376-111</Id><Title>IF MLK was a great man then why do blacks act the exact opposite of MLK ?</Title><Msg>MLK went to college, had a job and took care of his kids.</Msg><Username>crombola19040</Username><Timestamp>1371499229376</Timestamp><DateTime>Mon, 2013-06-17 16:00:29 EDT</DateTime><ThumbUp>1</ThumbUp><ThumbDown>0</ThumbDown><Sentiment/></Message><Message type="ReplyMessage"><Id>1371499238480-112</Id><Topic><Title>Remember when G W Bush and Shooter Cheney wasted trillions of you borrowed tax dollars for no WMD's?</Title><Username>dubbyaworstofalltime</Username><Timestamp>1371497620697</Timestamp><DateTime>Mon, 2013-06-17 15:33:40 EDT</DateTime></Topic><Msg>That was all the mess left by Duubya for someone with a brain to clean up.</Msg><Username>dubbyaworstofalltime</Username><Timestamp>1371499238480</Timestamp><DateTime>Mon, 2013-06-17 16:00:38 EDT</DateTime><ThumbUp>0</ThumbUp><ThumbDown>1</ThumbDown><Sentiment/></Message><Message type="TopicMessage"><Id>1371499337500-113</Id><Title>You could fit 5 Duuuuubya brains into 1 Obama brain with some room to spare !</Title><Msg>Is duuubya an inbreed?</Msg><Username>dubbyaworstofalltime</Username><Timestamp>1371499337500</Timestamp><DateTime>Mon, 2013-06-17 16:02:17 EDT</DateTime><ThumbUp>0</ThumbUp><ThumbDown>0</ThumbDown><Sentiment/></Message><Message type="ReplyMessage"><Id>1371499347388-114</Id><Topic><Title>is funny i supported obama until now but i've just been reading what snowden is saying and i am VERY concerned</Title><Username>sydneylocks</Username><Timestamp>1371491534479</Timestamp><DateTime>Mon, 2013-06-17 13:52:14 EDT</DateTime></Topic><Msg>Of course all these macro issues relate to policy that dominates housing and income of the #$%$'s. I would not trust snowden without more evidence although I find it hard to ignore lindsay. ROFLMFO. The attraction of Obama was the hope that despite being a lawyer from big school the recent generations living in a more simple setting would make him somewhat of a hick. We need someone straight-forward to go forward, now all the sophisticated posing is creating more problems. All presidents do this, some not as well as lindsay mills, but this was not the way to fix anything. The trust bubble could be as bad as anything of clinton's that popped under W. People could get away with this as long as there was plenty to redistribute but production is always at odds with ego and the sensitive brats will defend the latter with a lot of spite if needed. So who will get stuck with obama care once the honey moon is over? Everyone thought shutupstellas was the evil one. All praise the humans. and again I don't even really see anything wrong with prism, but many liberals do and there was no real reason to hide its existence. Watching is ok, ROFLMFO.</Msg><Username>spocklovesyou</Username><Timestamp>1371499347388</Timestamp><DateTime>Mon, 2013-06-17 16:02:27 EDT</DateTime><ThumbUp>0</ThumbUp><ThumbDown>1</ThumbDown><Sentiment/></Message><Message type="ReplyMessage"><Id>1371499390007-115</Id><Topic><Title>Remember in 2008 when G W Bush bailed out BAC with billions of your borrowed tax dollars?</Title><Username>dubbyaworstofalltime</Username><Timestamp>1371495147891</Timestamp><DateTime>Mon, 2013-06-17 14:52:27 EDT</DateTime></Topic><Msg>Remember when libiots like Barney the #$%$ and Clueless Chris thought everyone needed to be a homeowwner regardless of ability to pay a mortgage. And Fannie and Freddie, those donkey minions, said okay. And the banks were forced by the donkeys to give loans to unqualified people. And the Fed was prompted by the donkeys to print, print, print. Remember.</Msg><Username>vanzinf</Username><Timestamp>1371499390007</Timestamp><DateTime>Mon, 2013-06-17 16:03:10 EDT</DateTime><ThumbUp>3</ThumbUp><ThumbDown>3</ThumbDown><Sentiment/></Message><Message type="TopicMessage"><Id>1371499474498-116</Id><Title>Did anyone ever notice that Duuuubya looked and behaved like an inbreed?</Title><Msg>Do you think his daddy bought him the Whitehouse cause he felt guilty and Dubbya's inbreeding?</Msg><Username>dubbyaworstofalltime</Username><Timestamp>1371499474498</Timestamp><DateTime>Mon, 2013-06-17 16:04:34 EDT</DateTime><ThumbUp>1</ThumbUp><ThumbDown>1</ThumbDown><Sentiment/></Message><Message type="ReplyMessage"><Id>1371499559627-117</Id><Topic><Title>Remember in 2008 when G W Bush bailed out BAC with billions of your borrowed tax dollars?</Title><Username>dubbyaworstofalltime</Username><Timestamp>1371495147891</Timestamp><DateTime>Mon, 2013-06-17 14:52:27 EDT</DateTime></Topic><Msg>To much Faux News brainwashing for you...</Msg><Username>dubbyaworstofalltime</Username><Timestamp>1371499559627</Timestamp><DateTime>Mon, 2013-06-17 16:05:59 EDT</DateTime><ThumbUp>2</ThumbUp><ThumbDown>2</ThumbDown><Sentiment/></Message><Message type="TopicMessage"><Id>1371499701889-118</Id><Title>Do you remember when blacks cared about education?</Title><Msg>THat was before brother Malcolm taught the blacks that education and work was evil.</Msg><Username>crombola19040</Username><Timestamp>1371499701889</Timestamp><DateTime>Mon, 2013-06-17 16:08:21 EDT</DateTime><ThumbUp>1</ThumbUp><ThumbDown>1</ThumbDown><Sentiment/></Message><Message type="TopicMessage"><Id>1371500226862-119</Id><Title>Do you remember when blacks actually took care of their kids?</Title><Msg>In 1950 blacks had 20% illegitimate birth rate and today that is up to 80%. Progress ghetto style.</Msg><Username>crombola19040</Username><Timestamp>1371500226862</Timestamp><DateTime>Mon, 2013-06-17 16:17:06 EDT</DateTime><ThumbUp>1</ThumbUp><ThumbDown>1</ThumbDown><Sentiment/></Message><Message type="ReplyMessage"><Id>1371501241021-120</Id><Topic><Title>is funny i supported obama until now but i've just been reading what snowden is saying and i am VERY concerned</Title><Username>sydneylocks</Username><Timestamp>1371491534479</Timestamp><DateTime>Mon, 2013-06-17 13:52:14 EDT</DateTime></Topic><Msg>cheney came out and called snowden a liar and traitor....now when the devil himself offers testimony, you know the accused has be with the angels...just my 2c.</Msg><Username>sydneylocks</Username><Timestamp>1371501241021</Timestamp><DateTime>Mon, 2013-06-17 16:34:01 EDT</DateTime><ThumbUp>2</ThumbUp><ThumbDown>1</ThumbDown><Sentiment/></Message><Message type="ReplyMessage"><Id>1371501263473-121</Id><Topic><Title>Remember in 2008 when G W Bush bailed out BAC with billions of your borrowed tax dollars?</Title><Username>dubbyaworstofalltime</Username><Timestamp>1371495147891</Timestamp><DateTime>Mon, 2013-06-17 14:52:27 EDT</DateTime></Topic><Msg>That happened around the same time that paulson threatened ken lewis if he did not have bac bailout/buy merrill lynch. Right?-bucko</Msg><Username>muench.john</Username><Timestamp>1371501263473</Timestamp><DateTime>Mon, 2013-06-17 16:34:23 EDT</DateTime><ThumbUp>1</ThumbUp><ThumbDown>1</ThumbDown><Sentiment/></Message><Message type="TopicMessage"><Id>1371501487118-122</Id><Title>BofA: BANKERS TO FORECLOSE SCAM LAWSUIT DID NOT EFFECT TODAY TRADING . WHY?</Title><Msg>BANKS RUN THIS COUNTRY??.</Msg><Username>jam9011</Username><Timestamp>1371501487118</Timestamp><DateTime>Mon, 2013-06-17 16:38:07 EDT</DateTime><ThumbUp>0</ThumbUp><ThumbDown>0</ThumbDown><Sentiment/></Message><Message type="ReplyMessage"><Id>1371502269404-123</Id><Topic><Title>Remember in 2008 when G W Bush bailed out BAC with billions of your borrowed tax dollars?</Title><Username>dubbyaworstofalltime</Username><Timestamp>1371495147891</Timestamp><DateTime>Mon, 2013-06-17 14:52:27 EDT</DateTime></Topic><Msg>Did not BAC buy out criminal mobsters fraud central Countrywide mortgage before Duuuubya and Paulson started begging congress for bailouts of their free market mob pals?</Msg><Username>dubbyaworstofalltime</Username><Timestamp>1371502269404</Timestamp><DateTime>Mon, 2013-06-17 16:51:09 EDT</DateTime><ThumbUp>0</ThumbUp><ThumbDown>0</ThumbDown><Sentiment/></Message><Message type="ReplyMessage"><Id>1371502809368-124</Id><Topic><Title>is funny i supported obama until now but i've just been reading what snowden is saying and i am VERY concerned</Title><Username>sydneylocks</Username><Timestamp>1371491534479</Timestamp><DateTime>Mon, 2013-06-17 13:52:14 EDT</DateTime></Topic><Msg>hey loser burnout stell/ekon/spock......did you take time out from playing with your light saber to post? no one cares what you think...and stopping TERRORISM is important stop whining and go back to making TACOS hold the salsa Mason</Msg><Username>moron_alarm</Username><Timestamp>1371502809368</Timestamp><DateTime>Mon, 2013-06-17 17:00:09 EDT</DateTime><ThumbUp>0</ThumbUp><ThumbDown>0</ThumbDown><Sentiment/></Message><Message type="ReplyMessage"><Id>1371502912975-125</Id><Topic><Title>Remember in 2008 when G W Bush bailed out BAC with billions of your borrowed tax dollars?</Title><Username>dubbyaworstofalltime</Username><Timestamp>1371495147891</Timestamp><DateTime>Mon, 2013-06-17 14:52:27 EDT</DateTime></Topic><Msg>Asuming you can read you should read the history of the TARP loans to BAC. In case you can't read BAC paid back the $45 billion plus over $6 billion in earnings within a year. Taxpayers made out well on the BAC loan. Why are you so obtuse?</Msg><Username>jhitcher2011</Username><Timestamp>1371502912975</Timestamp><DateTime>Mon, 2013-06-17 17:01:52 EDT</DateTime><ThumbUp>2</ThumbUp><ThumbDown>1</ThumbDown><Sentiment/></Message><Message type="TopicMessage"><Id>1371504261075-126</Id><Title>Bless our great Leader: B.H.O - Best PREZ ever..</Title><Msg>Unbelievable how he's fixing all the economic problems... The hillbillies still crying like little girls. Their trailer mortgages are still underwater. hahahahahhahahaahahahah What'a an awesome job saving the American Dream... Thank you Sir.. Crazy 70% job approval from the public.. Change the constitution to let him run unlimited terms... at this rate, Dow will be at 20,000+ by the end of his term...</Msg><Username>mr_george_h3</Username><Timestamp>1371504261075</Timestamp><DateTime>Mon, 2013-06-17 17:24:21 EDT</DateTime><ThumbUp>2</ThumbUp><ThumbDown>2</ThumbDown><Sentiment/></Message><Message type="TopicMessage"><Id>1371504376506-127</Id><Title>AMERICAN DREAM is only for THIEVES and ROBBERS dressed up as Wall Street Businesses</Title><Msg>How could BAC do this to families and nobody goes to Jail?</Msg><Username>georgew_dunce</Username><Timestamp>1371504376506</Timestamp><DateTime>Mon, 2013-06-17 17:26:16 EDT</DateTime><ThumbUp>0</ThumbUp><ThumbDown>1</ThumbDown><Sentiment/></Message><Message type="TopicMessage"><Id>1371504502251-128</Id><Title>WHEN is BAC CEO and his cohorts going to JAIL? If this happened in China, you would read about how they screw their own citizens.</Title><Msg>This is CAPITALISTIC ROBBERY at it's worst</Msg><Username>georgew_dunce</Username><Timestamp>1371504502251</Timestamp><DateTime>Mon, 2013-06-17 17:28:22 EDT</DateTime><ThumbUp>0</ThumbUp><ThumbDown>1</ThumbDown><Sentiment/></Message><Message type="TopicMessage"><Id>1371504801187-129</Id><Title>HILLBILLIES STILL DON'T KNOW WHAT HIT THEM FROM 2012 PRESIDENTIAL ELECTIONS</Title><Msg>HAHAHAHAHAHHAHAHA AHHAHAHAHAHHAHAHAHA HAHAHAHAHHAHAHAHAHAHHAAH The turd party still trying to find out what happend...</Msg><Username>mr_george_h3</Username><Timestamp>1371504801187</Timestamp><DateTime>Mon, 2013-06-17 17:33:21 EDT</DateTime><ThumbUp>1</ThumbUp><ThumbDown>2</ThumbDown><Sentiment/></Message><Message type="TopicMessage"><Id>1371504849203-130</Id><Title>Is BAC's culture is one of criminal behavior - why non-stop headlines they did wrong</Title><Msg>First they settle but then give bonuses to employees to flount the agreements - if not criminal, that's unethical. BAC has had more headlines than any other bank about their employees' criminal behavior. It's a case of culture and Moynihan has not been willing or is unable to change. This non-stop lawsuits about BAC doing something wrong is so distracting and annoying to investors. Why can't they get their act together. They should fire some people who are bad fish or replace Moynihan - BAC needs to have a clean image or else who wants to open an account with them if they are perceived as an unethical company.</Msg><Username>sm081969</Username><Timestamp>1371504849203</Timestamp><DateTime>Mon, 2013-06-17 17:34:09 EDT</DateTime><ThumbUp>2</ThumbUp><ThumbDown>2</ThumbDown><Sentiment/></Message><Message type="ReplyMessage"><Id>1371504908180-131</Id><Topic><Title>Is BAC's culture is one of criminal behavior - why non-stop headlines they did wrong</Title><Username>sm081969</Username><Timestamp>1371504849203</Timestamp><DateTime>Mon, 2013-06-17 17:34:09 EDT</DateTime></Topic><Msg>Shut your trap boy and play the game....it's not what you know but who you know..</Msg><Username>mr_george_h3</Username><Timestamp>1371504908180</Timestamp><DateTime>Mon, 2013-06-17 17:35:08 EDT</DateTime><ThumbUp>1</ThumbUp><ThumbDown>4</ThumbDown><Sentiment/></Message><Message type="ReplyMessage"><Id>1371504982512-132</Id><Topic><Title>is funny i supported obama until now but i've just been reading what snowden is saying and i am VERY concerned</Title><Username>sydneylocks</Username><Timestamp>1371491534479</Timestamp><DateTime>Mon, 2013-06-17 13:52:14 EDT</DateTime></Topic><Msg>Get back on them fries boy, break time's over..</Msg><Username>mr_george_h3</Username><Timestamp>1371504982512</Timestamp><DateTime>Mon, 2013-06-17 17:36:22 EDT</DateTime><ThumbUp>1</ThumbUp><ThumbDown>2</ThumbDown><Sentiment/></Message><Message type="ReplyMessage"><Id>1371505272060-133</Id><Topic><Title>AMERICAN DREAM is only for THIEVES and ROBBERS dressed up as Wall Street Businesses</Title><Username>georgew_dunce</Username><Timestamp>1371504376506</Timestamp><DateTime>Mon, 2013-06-17 17:26:16 EDT</DateTime></Topic><Msg>The American Dream is for the blacks to go back to AFrica and the lazy white Dems to get jobs.</Msg><Username>crombola19040</Username><Timestamp>1371505272060</Timestamp><DateTime>Mon, 2013-06-17 17:41:12 EDT</DateTime><ThumbUp>2</ThumbUp><ThumbDown>1</ThumbDown><Sentiment/></Message><Message type="ReplyMessage"><Id>1371506305988-134</Id><Topic><Title>AMERICAN DREAM is only for THIEVES and ROBBERS dressed up as Wall Street Businesses</Title><Username>georgew_dunce</Username><Timestamp>1371504376506</Timestamp><DateTime>Mon, 2013-06-17 17:26:16 EDT</DateTime></Topic><Msg>Bank of America is a criminal empire - close all of your bank accounts there. The bigger the bank, the more they think that they are above the law. I like to see CEO being charged for criminal act and send to jail. Only that will change their behavior.</Msg><Username>sm081969</Username><Timestamp>1371506305988</Timestamp><DateTime>Mon, 2013-06-17 17:58:25 EDT</DateTime><ThumbUp>0</ThumbUp><ThumbDown>0</ThumbDown><Sentiment/></Message><Message type="TopicMessage"><Id>1371506618687-135</Id><Title>The American Dream is the blacks going back to AFrica....</Title><Msg>and the lower class dems getting off the welfare train and getting jobs. Why are Dems too lazy to work?</Msg><Username>crombola19040</Username><Timestamp>1371506618687</Timestamp><DateTime>Mon, 2013-06-17 18:03:38 EDT</DateTime><ThumbUp>6</ThumbUp><ThumbDown>2</ThumbDown><Sentiment/></Message><Message type="ReplyMessage"><Id>1371506639979-136</Id><Topic><Title>is funny i supported obama until now but i've just been reading what snowden is saying and i am VERY concerned</Title><Username>sydneylocks</Username><Timestamp>1371491534479</Timestamp><DateTime>Mon, 2013-06-17 13:52:14 EDT</DateTime></Topic><Msg>Seems Snowden never committed a crime according to the law. He revealed a process of deception &amp; not any secrets. He should be given a medal.</Msg><Username>estero655</Username><Timestamp>1371506639979</Timestamp><DateTime>Mon, 2013-06-17 18:03:59 EDT</DateTime><ThumbUp>1</ThumbUp><ThumbDown>2</ThumbDown><Sentiment/></Message><Message type="ReplyMessage"><Id>1371506748854-137</Id><Topic><Title>The American Dream is the blacks going back to AFrica....</Title><Username>crombola19040</Username><Timestamp>1371506618687</Timestamp><DateTime>Mon, 2013-06-17 18:03:38 EDT</DateTime></Topic><Msg>The American dream is for the blacks to get a job &amp; stop with the welfare stuff!!</Msg><Username>estero655</Username><Timestamp>1371506748854</Timestamp><DateTime>Mon, 2013-06-17 18:05:48 EDT</DateTime><ThumbUp>3</ThumbUp><ThumbDown>2</ThumbDown><Sentiment/></Message><Message type="ReplyMessage"><Id>1371506860039-138</Id><Topic><Title>Is BAC's culture is one of criminal behavior - why non-stop headlines they did wrong</Title><Username>sm081969</Username><Timestamp>1371504849203</Timestamp><DateTime>Mon, 2013-06-17 17:34:09 EDT</DateTime></Topic><Msg>I agree with you. Moynihan must get to the bottom of this accusation and if true, fire every manager and executive connected with this kind of policy. After all the scrutiny. lawsuits and on going distrust of banks, this type of behavior is crazy. However, I am very suspicious of this allegation because greedy lawyers making huge fortunes suing banks, will encourage any unhappy employee to sue and then settle out of court for good money. They know banks can't win this this climate. The lawyers went to Mass., where the AG is a trigger happy anti bank person, who also loves publicity like the NY AG.</Msg><Username>laslo99</Username><Timestamp>1371506860039</Timestamp><DateTime>Mon, 2013-06-17 18:07:40 EDT</DateTime><ThumbUp>2</ThumbUp><ThumbDown>1</ThumbDown><Sentiment/></Message><Message type="TopicMessage"><Id>1371507921163-139</Id><Title>Goin Downnnn</Title><Msg>Cover your arzs with puts , 12"s around the corner</Msg><Username>lonay1958</Username><Timestamp>1371507921163</Timestamp><DateTime>Mon, 2013-06-17 18:25:21 EDT</DateTime><ThumbUp>0</ThumbUp><ThumbDown>2</ThumbDown><Sentiment/></Message><Message type="TopicMessage"><Id>1371507923073-140</Id><Title>SHARK ATTACK OFF THE COAST OF TEXAS.. SELL SELL SELL.. CNN JUST REPORTED</Title><Msg>Blood bath tomorrow in the markets.... learn to read the tea leaves my friends...</Msg><Username>mr_george_h3</Username><Timestamp>1371507923073</Timestamp><DateTime>Mon, 2013-06-17 18:25:23 EDT</DateTime><ThumbUp>1</ThumbUp><ThumbDown>1</ThumbDown><Sentiment/></Message><Message type="TopicMessage"><Id>1371508478817-141</Id><Title>Shocked</Title><Msg>Six former Bank of America Corp employees have alleged that the bank deliberately denied eligible home owners loan modifications and lied to them about the status of their mortgage payments and documents. The bank allegedly used these tactics to shepherd homeowners into foreclosure, as well as in-house loan modifications. Both yielded the bank more profits than the government-sponsored Home Affordable Modification Program, according to documents recently filed as part of a lawsuit in Massachusetts federal court.</Msg><Username>lonay1958</Username><Timestamp>1371508478817</Timestamp><DateTime>Mon, 2013-06-17 18:34:38 EDT</DateTime><ThumbUp>0</ThumbUp><ThumbDown>0</ThumbDown><Sentiment/></Message><Message type="ReplyMessage"><Id>1371508582976-142</Id><Topic><Title>Goin Downnnn</Title><Username>lonay1958</Username><Timestamp>1371507921163</Timestamp><DateTime>Mon, 2013-06-17 18:25:21 EDT</DateTime></Topic><Msg>seem worried gay boy,,,,</Msg><Username>lonay1958</Username><Timestamp>1371508582976</Timestamp><DateTime>Mon, 2013-06-17 18:36:22 EDT</DateTime><ThumbUp>1</ThumbUp><ThumbDown>0</ThumbDown><Sentiment/></Message><Message type="ReplyMessage"><Id>1371508676731-143</Id><Topic><Title>Don Cassel the unemployed motorcycle grease monkey</Title><Username>dalsaucearneis</Username><Timestamp>1371429891093</Timestamp><DateTime>Sun, 2013-06-16 20:44:51 EDT</DateTime></Topic><Msg>more nonsense from the burn out zevoter....can't you remember anything you neoturd!</Msg><Username>moron_alarm</Username><Timestamp>1371508676731</Timestamp><DateTime>Mon, 2013-06-17 18:37:56 EDT</DateTime><ThumbUp>0</ThumbUp><ThumbDown>1</ThumbDown><Sentiment/></Message><Message type="ReplyMessage"><Id>1371508756921-144</Id><Topic><Title>Goin Downnnn</Title><Username>lonay1958</Username><Timestamp>1371507921163</Timestamp><DateTime>Mon, 2013-06-17 18:25:21 EDT</DateTime></Topic><Msg>more filth from the unemployed and broke losers.....where is your lover zevoter?</Msg><Username>dalsauce</Username><Timestamp>1371508756921</Timestamp><DateTime>Mon, 2013-06-17 18:39:16 EDT</DateTime><ThumbUp>0</ThumbUp><ThumbDown>1</ThumbDown><Sentiment/></Message><Message type="ReplyMessage"><Id>1371508828814-145</Id><Topic><Title>Goin Downnnn</Title><Username>lonay1958</Username><Timestamp>1371507921163</Timestamp><DateTime>Mon, 2013-06-17 18:25:21 EDT</DateTime></Topic><Msg>more trash from the king of the unemployed #$%$ of the earth! notice how no ones cares what this dim wit posts! hold the Depends Mason</Msg><Username>dalsaucearneis</Username><Timestamp>1371508828814</Timestamp><DateTime>Mon, 2013-06-17 18:40:28 EDT</DateTime><ThumbUp>0</ThumbUp><ThumbDown>0</ThumbDown><Sentiment/></Message><Message type="ReplyMessage"><Id>1371508910117-146</Id><Topic><Title>WHEN is BAC CEO and his cohorts going to JAIL? If this happened in China, you would read about how they screw their own citizens.</Title><Username>georgew_dunce</Username><Timestamp>1371504502251</Timestamp><DateTime>Mon, 2013-06-17 17:28:22 EDT</DateTime></Topic><Msg>how funny....the king of the clowns calling someone else a clown!</Msg><Username>dalsaucearneis</Username><Timestamp>1371508910117</Timestamp><DateTime>Mon, 2013-06-17 18:41:50 EDT</DateTime><ThumbUp>0</ThumbUp><ThumbDown>0</ThumbDown><Sentiment/></Message><Message type="ReplyMessage"><Id>1371508941488-147</Id><Topic><Title>Is BAC's culture is one of criminal behavior - why non-stop headlines they did wrong</Title><Username>sm081969</Username><Timestamp>1371504849203</Timestamp><DateTime>Mon, 2013-06-17 17:34:09 EDT</DateTime></Topic><Msg>don cassel the king of the wimps! hey girlie.....where is your lover zevoter?</Msg><Username>dalsauce</Username><Timestamp>1371508941488</Timestamp><DateTime>Mon, 2013-06-17 18:42:21 EDT</DateTime><ThumbUp>0</ThumbUp><ThumbDown>0</ThumbDown><Sentiment/></Message><Message type="ReplyMessage"><Id>1371510222157-148</Id><Topic><Title>Is BAC's culture is one of criminal behavior - why non-stop headlines they did wrong</Title><Username>sm081969</Username><Timestamp>1371504849203</Timestamp><DateTime>Mon, 2013-06-17 17:34:09 EDT</DateTime></Topic><Msg>aah they took 1969' s pup tent again well you have to pay your bills - deadbeat .!!!!!!</Msg><Username>da23533</Username><Timestamp>1371510222157</Timestamp><DateTime>Mon, 2013-06-17 19:03:42 EDT</DateTime><ThumbUp>0</ThumbUp><ThumbDown>0</ThumbDown><Sentiment/></Message><Message type="TopicMessage"><Id>1371510565043-149</Id><Title>GOT TO LOVE SNOWDEN</Title><Msg>WHAT'S NOT TO LIKE?</Msg><Username>afro_skum</Username><Timestamp>1371510565043</Timestamp><DateTime>Mon, 2013-06-17 19:09:25 EDT</DateTime><ThumbUp>2</ThumbUp><ThumbDown>5</ThumbDown><Sentiment/></Message><Message type="ReplyMessage"><Id>1371511608678-150</Id><Topic><Title>Is BAC's culture is one of criminal behavior - why non-stop headlines they did wrong</Title><Username>sm081969</Username><Timestamp>1371504849203</Timestamp><DateTime>Mon, 2013-06-17 17:34:09 EDT</DateTime></Topic><Msg>Don works for the banks: ignore!</Msg><Username>jam9011</Username><Timestamp>1371511608678</Timestamp><DateTime>Mon, 2013-06-17 19:26:48 EDT</DateTime><ThumbUp>0</ThumbUp><ThumbDown>0</ThumbDown><Sentiment/></Message><Message type="TopicMessage"><Id>1371511778783-151</Id><Title>BAC SOUND A LOT LIKE ARE PRESIDENT: SCANDALS, FRAUD , SCAMS &amp; HOPE AND CHANGE!</Title><Msg>FOR MILLIONS....</Msg><Username>jam9011</Username><Timestamp>1371511778783</Timestamp><DateTime>Mon, 2013-06-17 19:29:38 EDT</DateTime><ThumbUp>0</ThumbUp><ThumbDown>1</ThumbDown><Sentiment/></Message><Message type="TopicMessage"><Id>1371513352772-152</Id><Title>vieweroutrage where did you go? I'm left here talking with moron alarm. ROFLMFO.</Title><Msg>did anyone submit abstracts to the kyle dube al bundy economics conference? did you run off with shutupstellas? ROFLMFO. Much like when you tookk my marriage proposal to kim kardassassian, shutupstellas psychiatryst is not communicating with me any more. Lack of inspirartion is further reudcing my productivity.</Msg><Username>spocklovesyou</Username><Timestamp>1371513352772</Timestamp><DateTime>Mon, 2013-06-17 19:55:52 EDT</DateTime><ThumbUp>0</ThumbUp><ThumbDown>0</ThumbDown><Sentiment/></Message><Message type="ReplyMessage"><Id>1371514351585-153</Id><Topic><Title>GOT TO LOVE SNOWDEN</Title><Username>afro_skum</Username><Timestamp>1371510565043</Timestamp><DateTime>Mon, 2013-06-17 19:09:25 EDT</DateTime></Topic><Msg>Sure, telling everyone exactly how we spy on the Chinese. Gotta love that. Idiot.</Msg><Username>erazor111</Username><Timestamp>1371514351585</Timestamp><DateTime>Mon, 2013-06-17 20:12:31 EDT</DateTime><ThumbUp>1</ThumbUp><ThumbDown>0</ThumbDown><Sentiment/></Message><Message type="ReplyMessage"><Id>1371514430295-154</Id><Topic><Title>The American Dream is the blacks going back to AFrica....</Title><Username>crombola19040</Username><Timestamp>1371506618687</Timestamp><DateTime>Mon, 2013-06-17 18:03:38 EDT</DateTime></Topic><Msg>But more right-wingers are on public assistance than Dems. Why are right-wingers too lazy to work?</Msg><Username>erazor111</Username><Timestamp>1371514430295</Timestamp><DateTime>Mon, 2013-06-17 20:13:50 EDT</DateTime><ThumbUp>1</ThumbUp><ThumbDown>4</ThumbDown><Sentiment/></Message><Message type="ReplyMessage"><Id>1371516676663-155</Id><Topic><Title>Remember in 2008 when G W Bush bailed out BAC with billions of your borrowed tax dollars?</Title><Username>dubbyaworstofalltime</Username><Timestamp>1371495147891</Timestamp><DateTime>Mon, 2013-06-17 14:52:27 EDT</DateTime></Topic><Msg>You have it all wrong. That was GWBs platform keystone in 2004. The American dream to get rid of down payments and provide financing to low income so everyone could have a home.</Msg><Username>libertydies30</Username><Timestamp>1371516676663</Timestamp><DateTime>Mon, 2013-06-17 20:51:16 EDT</DateTime><ThumbUp>3</ThumbUp><ThumbDown>1</ThumbDown><Sentiment/></Message><Message type="ReplyMessage"><Id>1371517770053-156</Id><Topic><Title>Congress approval rating 14%</Title><Username>libertydies30</Username><Timestamp>1370753994875</Timestamp><DateTime>Sun, 2013-06-09 00:59:54 EDT</DateTime></Topic><Msg>I challenge you to name a single communist in the Senate.</Msg><Username>erazor111</Username><Timestamp>1371517770053</Timestamp><DateTime>Mon, 2013-06-17 21:09:30 EDT</DateTime><ThumbUp>0</ThumbUp><ThumbDown>1</ThumbDown><Sentiment/></Message><Message type="ReplyMessage"><Id>1371517918081-157</Id><Topic><Title>GOT TO LOVE SNOWDEN</Title><Username>afro_skum</Username><Timestamp>1371510565043</Timestamp><DateTime>Mon, 2013-06-17 19:09:25 EDT</DateTime></Topic><Msg>looks like you are ready to suck his phoenix</Msg><Username>whartonmba99</Username><Timestamp>1371517918081</Timestamp><DateTime>Mon, 2013-06-17 21:11:58 EDT</DateTime><ThumbUp>1</ThumbUp><ThumbDown>1</ThumbDown><Sentiment/></Message><Message type="ReplyMessage"><Id>1371518371800-158</Id><Topic><Title>Congress approval rating 14%</Title><Username>libertydies30</Username><Timestamp>1370753994875</Timestamp><DateTime>Sun, 2013-06-09 00:59:54 EDT</DateTime></Topic><Msg>The truth is not in you libs. You lie about every thing!</Msg><Username>trader77777777</Username><Timestamp>1371518371800</Timestamp><DateTime>Mon, 2013-06-17 21:19:31 EDT</DateTime><ThumbUp>2</ThumbUp><ThumbDown>5</ThumbDown><Sentiment/></Message><Message type="TopicMessage"><Id>1371518460535-159</Id><Title>Obama, hear me now and hear me later, do not let McCain sucker you into another war</Title><Msg>John McCain has enough money to arm the rebels so let him spend that and some of Cheney's money to arm the rebels. Furthermore, John McCain is a healthy young man and so is Cheneyy... so send them over. Obama,,,, do not get into another war</Msg><Username>reggie.thoma</Username><Timestamp>1371518460535</Timestamp><DateTime>Mon, 2013-06-17 21:21:00 EDT</DateTime><ThumbUp>4</ThumbUp><ThumbDown>1</ThumbDown><Sentiment/></Message><Message type="ReplyMessage"><Id>1371518896625-160</Id><Topic><Title>HILLBILLIES STILL DON'T KNOW WHAT HIT THEM FROM 2012 PRESIDENTIAL ELECTIONS</Title><Username>mr_george_h3</Username><Timestamp>1371504801187</Timestamp><DateTime>Mon, 2013-06-17 17:33:21 EDT</DateTime></Topic><Msg>But you will find out in 2014! You people got your a-- handed to you in the 2010 elections 2500 governers and state houses.We will see who takes the house and senate for the idiots last 2 years so they can snip his gonads if he has any!</Msg><Username>trader77777777</Username><Timestamp>1371518896625</Timestamp><DateTime>Mon, 2013-06-17 21:28:16 EDT</DateTime><ThumbUp>2</ThumbUp><ThumbDown>3</ThumbDown><Sentiment/></Message><Message type="ReplyMessage"><Id>1371519160463-161</Id><Topic><Title>Congress approval rating 14%</Title><Username>libertydies30</Username><Timestamp>1370753994875</Timestamp><DateTime>Sun, 2013-06-09 00:59:54 EDT</DateTime></Topic><Msg>14% will not be held once obamacare is instituted and Americans realize what a fiasco this obamacare is. to then realize that congress is exempt from obamacare could/should create a major voter turnout and replacement of many incumberts. stay tuned. jmho-bucko</Msg><Username>muench.john</Username><Timestamp>1371519160463</Timestamp><DateTime>Mon, 2013-06-17 21:32:40 EDT</DateTime><ThumbUp>1</ThumbUp><ThumbDown>4</ThumbDown><Sentiment/></Message><Message type="ReplyMessage"><Id>1371519356136-162</Id><Topic><Title>BofA: BANKERS TO FORECLOSE SCAM LAWSUIT DID NOT EFFECT TODAY TRADING . WHY?</Title><Username>jam9011</Username><Timestamp>1371501487118</Timestamp><DateTime>Mon, 2013-06-17 16:38:07 EDT</DateTime></Topic><Msg>Because the small fines and settlement cost if they lose the case will be a fraction of what they made and will make by pushing bad loans into in house modifications or foreclosure. Buy Buy Buy</Msg><Username>giovanni8844_2</Username><Timestamp>1371519356136</Timestamp><DateTime>Mon, 2013-06-17 21:35:56 EDT</DateTime><ThumbUp>2</ThumbUp><ThumbDown>0</ThumbDown><Sentiment/></Message><Message type="ReplyMessage"><Id>1371519420318-163</Id><Topic><Title>Congress approval rating 14%</Title><Username>libertydies30</Username><Timestamp>1370753994875</Timestamp><DateTime>Sun, 2013-06-09 00:59:54 EDT</DateTime></Topic><Msg>i have never heard of a right wing pres. spending 100 million of taxpayers monies on a family vacation to Africa. obama has no shame.for a family of 4 that pays their way in this country and struggling to provide for their families, seeing tax revenue spend so recklessly has to super agravating. jmho-bucko</Msg><Username>muench.john</Username><Timestamp>1371519420318</Timestamp><DateTime>Mon, 2013-06-17 21:37:00 EDT</DateTime><ThumbUp>1</ThumbUp><ThumbDown>1</ThumbDown><Sentiment/></Message><Message type="ReplyMessage"><Id>1371519833123-164</Id><Topic><Title>GOT TO LOVE SNOWDEN</Title><Username>afro_skum</Username><Timestamp>1371510565043</Timestamp><DateTime>Mon, 2013-06-17 19:09:25 EDT</DateTime></Topic><Msg>he wont be aable to sleep tight from now on what a life ahead for him</Msg><Username>rbrthng</Username><Timestamp>1371519833123</Timestamp><DateTime>Mon, 2013-06-17 21:43:53 EDT</DateTime><ThumbUp>1</ThumbUp><ThumbDown>2</ThumbDown><Sentiment/></Message><Message type="ReplyMessage"><Id>1371523454568-165</Id><Topic><Title>GOT TO LOVE SNOWDEN</Title><Username>afro_skum</Username><Timestamp>1371510565043</Timestamp><DateTime>Mon, 2013-06-17 19:09:25 EDT</DateTime></Topic><Msg>NO ,,, I don't!!</Msg><Username>starkdirt</Username><Timestamp>1371523454568</Timestamp><DateTime>Mon, 2013-06-17 22:44:14 EDT</DateTime><ThumbUp>0</ThumbUp><ThumbDown>2</ThumbDown><Sentiment/></Message><Message type="ReplyMessage"><Id>1371523518118-166</Id><Topic><Title>BofA: BANKERS TO FORECLOSE SCAM LAWSUIT DID NOT EFFECT TODAY TRADING . WHY?</Title><Username>jam9011</Username><Timestamp>1371501487118</Timestamp><DateTime>Mon, 2013-06-17 16:38:07 EDT</DateTime></Topic><Msg>Because it's not true as BOA lost a of money due to bad loan and forclosure, and it's why BOA stock was down from $50 to $4 back then.</Msg><Username>thgtran</Username><Timestamp>1371523518118</Timestamp><DateTime>Mon, 2013-06-17 22:45:18 EDT</DateTime><ThumbUp>1</ThumbUp><ThumbDown>0</ThumbDown><Sentiment/></Message><Message type="ReplyMessage"><Id>1371523606222-167</Id><Topic><Title>Congress approval rating 14%</Title><Username>libertydies30</Username><Timestamp>1370753994875</Timestamp><DateTime>Sun, 2013-06-09 00:59:54 EDT</DateTime></Topic><Msg>PLEASE, NO! ...... you say way too much already!!</Msg><Username>starkdirt</Username><Timestamp>1371523606222</Timestamp><DateTime>Mon, 2013-06-17 22:46:46 EDT</DateTime><ThumbUp>0</ThumbUp><ThumbDown>1</ThumbDown><Sentiment/></Message><Message type="TopicMessage"><Id>1371523714383-168</Id><Title>Obama on Syria ......</Title><Msg>FIRE ...... Aim ....... Ready !!</Msg><Username>starkdirt</Username><Timestamp>1371523714383</Timestamp><DateTime>Mon, 2013-06-17 22:48:34 EDT</DateTime><ThumbUp>0</ThumbUp><ThumbDown>1</ThumbDown><Sentiment/></Message><Message type="ReplyMessage"><Id>1371523832776-169</Id><Topic><Title>Bless our great Leader: B.H.O - Best PREZ ever..</Title><Username>mr_george_h3</Username><Timestamp>1371504261075</Timestamp><DateTime>Mon, 2013-06-17 17:24:21 EDT</DateTime></Topic><Msg>BO us UNBELIEVABLE all right!!</Msg><Username>starkdirt</Username><Timestamp>1371523832776</Timestamp><DateTime>Mon, 2013-06-17 22:50:32 EDT</DateTime><ThumbUp>0</ThumbUp><ThumbDown>1</ThumbDown><Sentiment/></Message><Message type="TopicMessage"><Id>1371524124068-170</Id><Title>Obama LIES ........ twice .....</Title><Msg>"I do solemnly swear that I will ... preserve, protect, and defend the Constitution of the United States."</Msg><Username>starkdirt</Username><Timestamp>1371524124068</Timestamp><DateTime>Mon, 2013-06-17 22:55:24 EDT</DateTime><ThumbUp>1</ThumbUp><ThumbDown>3</ThumbDown><Sentiment/></Message><Message type="TopicMessage"><Id>1371524203398-171</Id><Title>Obama LIES .......</Title><Msg>In his 2008 campaign, Obama pledged that Americans making less than $250,000 would not see "any form of tax increase." Simple as that.</Msg><Username>starkdirt</Username><Timestamp>1371524203398</Timestamp><DateTime>Mon, 2013-06-17 22:56:43 EDT</DateTime><ThumbUp>3</ThumbUp><ThumbDown>2</ThumbDown><Sentiment/></Message><Message type="TopicMessage"><Id>1371524280891-172</Id><Title>Obama did not know anything about the IRS targeting scandal until he read about it in the papers .....</Title><Msg>he doesn't know how to create jobs, he doesn't know how to create economic growth, he doesn't know how to pick winners in the solar industry, he doesn't know about any 2012 voting fraud, he doesn't know about Holder's gun-running scheme (although he was willing to help cover it up), so what the heck are we paying this guy for ?????</Msg><Username>starkdirt</Username><Timestamp>1371524280891</Timestamp><DateTime>Mon, 2013-06-17 22:58:00 EDT</DateTime><ThumbUp>1</ThumbUp><ThumbDown>2</ThumbDown><Sentiment/></Message><Message type="TopicMessage"><Id>1371526460719-173</Id><Title>Who is lobbying McCain and Graham to star another war in Syria?</Title><Msg>Military contractors</Msg><Username>reggie.thoma</Username><Timestamp>1371526460719</Timestamp><DateTime>Mon, 2013-06-17 23:34:20 EDT</DateTime><ThumbUp>0</ThumbUp><ThumbDown>0</ThumbDown><Sentiment/></Message><Message type="TopicMessage"><Id>1371527142625-174</Id><Title>confirmed</Title><Msg>BERNANKE going to take markets another level higher I know all</Msg><Username>tonka_never_dies</Username><Timestamp>1371527142625</Timestamp><DateTime>Mon, 2013-06-17 23:45:42 EDT</DateTime><ThumbUp>0</ThumbUp><ThumbDown>2</ThumbDown><Sentiment/></Message><Message type="ReplyMessage"><Id>1371527840006-175</Id><Topic><Title>Obama did not know anything about the IRS targeting scandal until he read about it in the papers .....</Title><Username>starkdirt</Username><Timestamp>1371524280891</Timestamp><DateTime>Mon, 2013-06-17 22:58:00 EDT</DateTime></Topic><Msg>And you apparently don't know how to tell the truth.</Msg><Username>whyduyouask</Username><Timestamp>1371527840006</Timestamp><DateTime>Mon, 2013-06-17 23:57:20 EDT</DateTime><ThumbUp>1</ThumbUp><ThumbDown>1</ThumbDown><Sentiment/></Message><Message type="ReplyMessage"><Id>1371527934905-176</Id><Topic><Title>Obama LIES ........ twice .....</Title><Username>starkdirt</Username><Timestamp>1371524124068</Timestamp><DateTime>Mon, 2013-06-17 22:55:24 EDT</DateTime></Topic><Msg>Making wild accusations does nothing helpful other than to show others that you have no idea what the truth is.</Msg><Username>whyduyouask</Username><Timestamp>1371527934905</Timestamp><DateTime>Mon, 2013-06-17 23:58:54 EDT</DateTime><ThumbUp>1</ThumbUp><ThumbDown>3</ThumbDown><Sentiment/></Message></Date>