<?xml version="1.0" encoding="UTF-8" standalone="no"?><Date date="2013-02-04"><Message type="ReplyMessage"><Id>1359954003370-1</Id><Topic><Title>What do think of Merrill Edge self directed?</Title><Username>zbgb952</Username><Timestamp>1359953493796</Timestamp><DateTime>Sun, 2013-02-03 23:51:33 EST</DateTime></Topic><Msg>i have been with ml for years and now have edge whatever that means. they have gone thru several changes over the years. have never paid for a trade.</Msg><Username>buythisdog</Username><Timestamp>1359954003370</Timestamp><DateTime>Mon, 2013-02-04 00:00:03 EST</DateTime><ThumbUp>0</ThumbUp><ThumbDown>1</ThumbDown><Sentiment/></Message><Message type="ReplyMessage"><Id>1359956064749-2</Id><Topic><Title>What do think of Merrill Edge self directed?</Title><Username>zbgb952</Username><Timestamp>1359953493796</Timestamp><DateTime>Sun, 2013-02-03 23:51:33 EST</DateTime></Topic><Msg>I've been with Merrill Wealth Management mlpa for over 12 years. About 10 years i decided to do my own trades. I don't pay for the trades but they hit me with quarterly fee that is a fixed % of my account which adds up to many thousands a year. I am thinking of switching to Merrill Edge and if they don't work, Fidelity.</Msg><Username>zbgb952</Username><Timestamp>1359956064749</Timestamp><DateTime>Mon, 2013-02-04 00:34:24 EST</DateTime><ThumbUp>0</ThumbUp><ThumbDown>1</ThumbDown><Sentiment/></Message><Message type="TopicMessage"><Id>1359956413117-3</Id><Title>Did Bouncie lip sink at the Super Bowl?</Title><Msg>She looked kinda slutty like.</Msg><Username>kingofvietnam</Username><Timestamp>1359956413117</Timestamp><DateTime>Mon, 2013-02-04 00:40:13 EST</DateTime><ThumbUp>0</ThumbUp><ThumbDown>1</ThumbDown><Sentiment/></Message><Message type="ReplyMessage"><Id>1359956832952-4</Id><Topic><Title>Mason,,,your Mamas Calling YOU</Title><Username>buddhazenpeace</Username><Timestamp>1359857689019</Timestamp><DateTime>Sat, 2013-02-02 21:14:49 EST</DateTime></Topic><Msg>Mason hasn't got a Mama. He was hatched.</Msg><Username>kingofvietnam</Username><Timestamp>1359956832952</Timestamp><DateTime>Mon, 2013-02-04 00:47:12 EST</DateTime><ThumbUp>0</ThumbUp><ThumbDown>0</ThumbDown><Sentiment/></Message><Message type="ReplyMessage"><Id>1359970635900-5</Id><Topic><Title>Couldn't care less about the super bowl</Title><Username>whitest_white</Username><Timestamp>1359941202299</Timestamp><DateTime>Sun, 2013-02-03 20:26:42 EST</DateTime></Topic><Msg>Worst Super Bowl ever! Game boring, commercials obscene, half time by amateuers. Paul Harvey commercial the best in 47 years was the only highlight.</Msg><Username>estero655</Username><Timestamp>1359970635900</Timestamp><DateTime>Mon, 2013-02-04 04:37:15 EST</DateTime><ThumbUp>7</ThumbUp><ThumbDown>1</ThumbDown><Sentiment/></Message><Message type="ReplyMessage"><Id>1359978746800-6</Id><Topic><Title>Mossad Link Found to One of Key 9-11 Hijackers</Title><Username>ken_stabler_1</Username><Timestamp>1359942984555</Timestamp><DateTime>Sun, 2013-02-03 20:56:24 EST</DateTime></Topic><Msg>and all along i thought your family is responsible</Msg><Username>falcon3456</Username><Timestamp>1359978746800</Timestamp><DateTime>Mon, 2013-02-04 06:52:26 EST</DateTime><ThumbUp>0</ThumbUp><ThumbDown>2</ThumbDown><Sentiment/></Message><Message type="ReplyMessage"><Id>1359981618138-7</Id><Topic><Title>Predictions on what price Bac will be at by end of year if all goes well? END 2013?</Title><Username>snagslewis30</Username><Timestamp>1359931303329</Timestamp><DateTime>Sun, 2013-02-03 17:41:43 EST</DateTime></Topic><Msg>I am just being humble to say $200. We could see $800 by year end if we are lucky!</Msg><Username>henryhyw</Username><Timestamp>1359981618138</Timestamp><DateTime>Mon, 2013-02-04 07:40:18 EST</DateTime><ThumbUp>0</ThumbUp><ThumbDown>1</ThumbDown><Sentiment/></Message><Message type="TopicMessage"><Id>1359982043926-8</Id><Title>1 HUGE BRAKOUT STOCK **YTRV**</Title><Msg>10 TIMES RETURN! News realease friday!</Msg><Username>first.stats</Username><Timestamp>1359982043926</Timestamp><DateTime>Mon, 2013-02-04 07:47:23 EST</DateTime><ThumbUp>0</ThumbUp><ThumbDown>2</ThumbDown><Sentiment>Strong Buy</Sentiment></Message><Message type="ReplyMessage"><Id>1359984289140-9</Id><Topic><Title>Bank of America Corporation UPDATED CHARTS!!!!</Title><Username>phalansterianismkanisha</Username><Timestamp>1359745475092</Timestamp><DateTime>Fri, 2013-02-01 14:04:35 EST</DateTime></Topic><Msg>VIR US</Msg><Username>mturner_71</Username><Timestamp>1359984289140</Timestamp><DateTime>Mon, 2013-02-04 08:24:49 EST</DateTime><ThumbUp>2</ThumbUp><ThumbDown>2</ThumbDown><Sentiment/></Message><Message type="ReplyMessage"><Id>1359984320921-10</Id><Topic><Title>Couldn't care less about the super bowl</Title><Username>whitest_white</Username><Timestamp>1359941202299</Timestamp><DateTime>Sun, 2013-02-03 20:26:42 EST</DateTime></Topic><Msg>Nothing absolutely nothing redeeming to be said about it.</Msg><Username>barack_crock</Username><Timestamp>1359984320921</Timestamp><DateTime>Mon, 2013-02-04 08:25:20 EST</DateTime><ThumbUp>3</ThumbUp><ThumbDown>0</ThumbDown><Sentiment/></Message><Message type="ReplyMessage"><Id>1359984556903-11</Id><Topic><Title>Is BAC a sham?</Title><Username>stevensanford650</Username><Timestamp>1359981685069</Timestamp><DateTime>Mon, 2013-02-04 07:41:25 EST</DateTime></Topic><Msg>only the best i hear</Msg><Username>montytorres</Username><Timestamp>1359984556903</Timestamp><DateTime>Mon, 2013-02-04 08:29:16 EST</DateTime><ThumbUp>4</ThumbUp><ThumbDown>0</ThumbDown><Sentiment/></Message><Message type="ReplyMessage"><Id>1359985008451-12</Id><Topic><Title>advice stock trading,</Title><Username>josieada006</Username><Timestamp>1308243362000</Timestamp><DateTime>Thu, 2011-06-16 12:56:02 EDT</DateTime></Topic><Msg>Just joined too.</Msg><Username>johnh685</Username><Timestamp>1359985008451</Timestamp><DateTime>Mon, 2013-02-04 08:36:48 EST</DateTime><ThumbUp>0</ThumbUp><ThumbDown>0</ThumbDown><Sentiment/></Message><Message type="ReplyMessage"><Id>1359986173460-13</Id><Topic><Title>Fresh QuestionOver BAC Settlement Article----Not Good for BAC!!!</Title><Username>traderx1966</Username><Timestamp>1359980684230</Timestamp><DateTime>Mon, 2013-02-04 07:24:44 EST</DateTime></Topic><Msg>make sure you use all funeral monies to short BAC because i dont really want to see your rubbish messages anymore</Msg><Username>henryhyw</Username><Timestamp>1359986173460</Timestamp><DateTime>Mon, 2013-02-04 08:56:13 EST</DateTime><ThumbUp>0</ThumbUp><ThumbDown>0</ThumbDown><Sentiment/></Message><Message type="ReplyMessage"><Id>1359987071745-14</Id><Topic><Title>Is BAC a sham?</Title><Username>stevensanford650</Username><Timestamp>1359981685069</Timestamp><DateTime>Mon, 2013-02-04 07:41:25 EST</DateTime></Topic><Msg>im excited</Msg><Username>trent.marschel</Username><Timestamp>1359987071745</Timestamp><DateTime>Mon, 2013-02-04 09:11:11 EST</DateTime><ThumbUp>2</ThumbUp><ThumbDown>0</ThumbDown><Sentiment/></Message><Message type="TopicMessage"><Id>1359987829883-15</Id><Title>OPEN ALL SHORT SELLS HERE</Title><Msg>THIS IS MY TIME NOW</Msg><Username>kelly_tankor81</Username><Timestamp>1359987829883</Timestamp><DateTime>Mon, 2013-02-04 09:23:49 EST</DateTime><ThumbUp>1</ThumbUp><ThumbDown>1</ThumbDown><Sentiment/></Message><Message type="TopicMessage"><Id>1359988141317-16</Id><Title>Global Unemployment to Surge Past 2009 Record World Unemployment to Hit Record High in 2013</Title><Msg>World unemployment could top record levels this year and continue rising until 2017, the International Labour Organization (ILO) said on Tuesday in its annual employment report. 2009 currently stands as the worst recorded year for world unemployment, with 198 million people across the globe without work. In its 2013 Global Employment Trends report, the ILO forecasts unemployment numbers will rise by 5.1 million in 2013 to reach 202 million, topping 2009's record. Global Unemployment to Surge Past 2009 Record World Unemployment to Hit Record High in 2013</Msg><Username>fairvalue23</Username><Timestamp>1359988141317</Timestamp><DateTime>Mon, 2013-02-04 09:29:01 EST</DateTime><ThumbUp>0</ThumbUp><ThumbDown>0</ThumbDown><Sentiment/></Message><Message type="TopicMessage"><Id>1359988191748-17</Id><Title>President Martin Schulz views the European Union as headed for a depression</Title><Msg>European Parliament President Martin Schulz views the European Union as headed for a depression Feb 4, 2013 Schulz says EU on path to depression: report European Parliament President Martin Schulz views the European Union as headed for a depression, according to an interview with Saturday's edition of the Frankfurter Allgemeine Zeitung. "[The E.U.] is on a path to a depression, apathy, a mood of not caring. That's dangerous, as that mood superimposes the great successes of the E.U., for which it recently won the Nobel Peace Prize," Mr. Schulz is quoted as saying.</Msg><Username>fairvalue23</Username><Timestamp>1359988191748</Timestamp><DateTime>Mon, 2013-02-04 09:29:51 EST</DateTime><ThumbUp>0</ThumbUp><ThumbDown>0</ThumbDown><Sentiment/></Message><Message type="TopicMessage"><Id>1359988215159-18</Id><Title>Goldman Sachs Charles Nenner Dow eventually hitting 5000 in 2013</Title><Msg>Goldman Sachs Dow eventually hitting 5000 in 2013 Charles Nenner Goldman Sachs Dow eventually hitting 5000 2013 Charles Nenner Goldman Sachs confirm a multiyear bear market with the Dow eventually hitting 5000 Goldman Sachs Charles Nenner Dow eventually hitting 5000 in 2013</Msg><Username>fairvalue23</Username><Timestamp>1359988215159</Timestamp><DateTime>Mon, 2013-02-04 09:30:15 EST</DateTime><ThumbUp>0</ThumbUp><ThumbDown>0</ThumbDown><Sentiment/></Message><Message type="TopicMessage"><Id>1359988238244-19</Id><Title>Harvard Prof Niall Ferguson S&amp;P 500 Index goto 418 Harvard Business Review</Title><Msg>Harvard Prof Niall Ferguson S&amp;P 500 Index goto 418 ... Harvard Business Review : Harvard Professor Niall Ferguson S&amp;P 500 Index go to 418 --- Scenario: Top Income-Tax Rate of 45%--- The Standard &amp; Poor's 500 Index at 418 where it was in December 1982... Harvard Business Review Harvard Business Review Harvard Business Review</Msg><Username>fairvalue23</Username><Timestamp>1359988238244</Timestamp><DateTime>Mon, 2013-02-04 09:30:38 EST</DateTime><ThumbUp>0</ThumbUp><ThumbDown>0</ThumbDown><Sentiment/></Message><Message type="ReplyMessage"><Id>1359989219317-20</Id><Topic><Title>REMEMBER WHEN TRADERX</Title><Username>atdabeach48</Username><Timestamp>1359750630408</Timestamp><DateTime>Fri, 2013-02-01 15:30:30 EST</DateTime></Topic><Msg>Cried, whined and quoted Chris Whalen whilst telling everyone to short at 6 dollars on it's way up to 12? Yes I remember it well.</Msg><Username>wyfi12</Username><Timestamp>1359989219317</Timestamp><DateTime>Mon, 2013-02-04 09:46:59 EST</DateTime><ThumbUp>0</ThumbUp><ThumbDown>0</ThumbDown><Sentiment/></Message><Message type="ReplyMessage"><Id>1359989284888-21</Id><Topic><Title>OPEN ALL SHORT SELLS HERE</Title><Username>kelly_tankor81</Username><Timestamp>1359987829883</Timestamp><DateTime>Mon, 2013-02-04 09:23:49 EST</DateTime></Topic><Msg>you go girl... Bring it down to my rebuy in at 11.30 so we can both make money!!! Told everyone to get on friday</Msg><Username>toobeornot123</Username><Timestamp>1359989284888</Timestamp><DateTime>Mon, 2013-02-04 09:48:04 EST</DateTime><ThumbUp>0</ThumbUp><ThumbDown>0</ThumbDown><Sentiment/></Message><Message type="TopicMessage"><Id>1359989389489-22</Id><Title>Look Turdiex!</Title><Msg>You might make your nickle back!</Msg><Username>udumfck50</Username><Timestamp>1359989389489</Timestamp><DateTime>Mon, 2013-02-04 09:49:49 EST</DateTime><ThumbUp>0</ThumbUp><ThumbDown>0</ThumbDown><Sentiment/></Message><Message type="TopicMessage"><Id>1359989571086-23</Id><Title>TOP IN SHORTED HERE</Title><Msg>EASY MONEY</Msg><Username>kelly_tankor81</Username><Timestamp>1359989571086</Timestamp><DateTime>Mon, 2013-02-04 09:52:51 EST</DateTime><ThumbUp>0</ThumbUp><ThumbDown>1</ThumbDown><Sentiment/></Message><Message type="TopicMessage"><Id>1359989693696-24</Id><Title>What if I told you the market will finish green today??</Title><Msg>Would you believe me?? I will update after lunch.</Msg><Username>zkieschnick</Username><Timestamp>1359989693696</Timestamp><DateTime>Mon, 2013-02-04 09:54:53 EST</DateTime><ThumbUp>0</ThumbUp><ThumbDown>4</ThumbDown><Sentiment>Buy</Sentiment></Message><Message type="ReplyMessage"><Id>1359989793921-25</Id><Topic><Title>What if I told you the market will finish green today??</Title><Username>zkieschnick</Username><Timestamp>1359989693696</Timestamp><DateTime>Mon, 2013-02-04 09:54:53 EST</DateTime></Topic><Msg>What if I told you at the end of the day I'll let you know if the market will be up or down? ..................</Msg><Username>udumfck50</Username><Timestamp>1359989793921</Timestamp><DateTime>Mon, 2013-02-04 09:56:33 EST</DateTime><ThumbUp>0</ThumbUp><ThumbDown>0</ThumbDown><Sentiment/></Message><Message type="ReplyMessage"><Id>1359989862117-26</Id><Topic><Title>Look Turdiex!</Title><Username>udumfck50</Username><Timestamp>1359989389489</Timestamp><DateTime>Mon, 2013-02-04 09:49:49 EST</DateTime></Topic><Msg>Guess not</Msg><Username>udumfck50</Username><Timestamp>1359989862117</Timestamp><DateTime>Mon, 2013-02-04 09:57:42 EST</DateTime><ThumbUp>0</ThumbUp><ThumbDown>0</ThumbDown><Sentiment/></Message><Message type="ReplyMessage"><Id>1359990017189-27</Id><Topic><Title>Fresh QuestionOver BAC Settlement Article----Not Good for BAC!!!</Title><Username>traderx1966</Username><Timestamp>1359980684230</Timestamp><DateTime>Mon, 2013-02-04 07:24:44 EST</DateTime></Topic><Msg>What's white, stupid and desperate all over?</Msg><Username>shareshark1</Username><Timestamp>1359990017189</Timestamp><DateTime>Mon, 2013-02-04 10:00:17 EST</DateTime><ThumbUp>0</ThumbUp><ThumbDown>0</ThumbDown><Sentiment/></Message><Message type="ReplyMessage"><Id>1359990096900-28</Id><Topic><Title>JuST SHORTED 11.58 for daytrade!!!!</Title><Username>traderx1966</Username><Timestamp>1359732234838</Timestamp><DateTime>Fri, 2013-02-01 10:23:54 EST</DateTime></Topic><Msg>Yes, what now?</Msg><Username>wyfi12</Username><Timestamp>1359990096900</Timestamp><DateTime>Mon, 2013-02-04 10:01:36 EST</DateTime><ThumbUp>0</ThumbUp><ThumbDown>0</ThumbDown><Sentiment/></Message><Message type="TopicMessage"><Id>1359990248388-29</Id><Title>Printed money or false money ocean flowing back to the US the source of jobless creating.</Title><Msg>Unbelievable wich impact a big gangster country has in the world.</Msg><Username>warrenbuffono</Username><Timestamp>1359990248388</Timestamp><DateTime>Mon, 2013-02-04 10:04:08 EST</DateTime><ThumbUp>0</ThumbUp><ThumbDown>0</ThumbDown><Sentiment/></Message><Message type="ReplyMessage"><Id>1359990315338-30</Id><Topic><Title>What if I told you the market will finish green today??</Title><Username>zkieschnick</Username><Timestamp>1359989693696</Timestamp><DateTime>Mon, 2013-02-04 09:54:53 EST</DateTime></Topic><Msg>You are right. BAC ton be 11.85 today. Very good call. Screw those pigs in EU.</Msg><Username>braga.phil</Username><Timestamp>1359990315338</Timestamp><DateTime>Mon, 2013-02-04 10:05:15 EST</DateTime><ThumbUp>2</ThumbUp><ThumbDown>2</ThumbDown><Sentiment>Strong Buy</Sentiment></Message><Message type="TopicMessage"><Id>1359990409493-31</Id><Title>WARNING HEAD AND SHOULDERS TOP HEAD AT 12 SHOULDER HERE SHORTING HEAVILY</Title><Msg>TO MAKE SOME CASH</Msg><Username>kelly_tankor81</Username><Timestamp>1359990409493</Timestamp><DateTime>Mon, 2013-02-04 10:06:49 EST</DateTime><ThumbUp>0</ThumbUp><ThumbDown>1</ThumbDown><Sentiment/></Message><Message type="TopicMessage"><Id>1359990481016-32</Id><Title>SEE FOR YOURSELVES OBVIOUS HEAD AND SHOULDERS TOP HEAD AT $12 THIS IS RIGHT SHOULDER !!!!</Title><Msg>GET OUT</Msg><Username>kelly_tankor81</Username><Timestamp>1359990481016</Timestamp><DateTime>Mon, 2013-02-04 10:08:01 EST</DateTime><ThumbUp>0</ThumbUp><ThumbDown>1</ThumbDown><Sentiment/></Message><Message type="TopicMessage"><Id>1359990524688-33</Id><Title>Fat Stink MC Donnalds Yank</Title><Msg>Go BK asap.</Msg><Username>warrenbuffono</Username><Timestamp>1359990524688</Timestamp><DateTime>Mon, 2013-02-04 10:08:44 EST</DateTime><ThumbUp>0</ThumbUp><ThumbDown>1</ThumbDown><Sentiment/></Message><Message type="ReplyMessage"><Id>1359990605697-34</Id><Topic><Title>What if I told you the market will finish green today??</Title><Username>zkieschnick</Username><Timestamp>1359989693696</Timestamp><DateTime>Mon, 2013-02-04 09:54:53 EST</DateTime></Topic><Msg>I'd say your what your name says you are. There was some data yet to drop.</Msg><Username>zkieschnick</Username><Timestamp>1359990605697</Timestamp><DateTime>Mon, 2013-02-04 10:10:05 EST</DateTime><ThumbUp>0</ThumbUp><ThumbDown>2</ThumbDown><Sentiment/></Message><Message type="TopicMessage"><Id>1359990748049-35</Id><Title>Goint positive. Thank you Mr. Bove and Mr. Berkowitz!</Title><Msg>Great upward trend.</Msg><Username>braga.phil</Username><Timestamp>1359990748049</Timestamp><DateTime>Mon, 2013-02-04 10:12:28 EST</DateTime><ThumbUp>0</ThumbUp><ThumbDown>0</ThumbDown><Sentiment>Strong Buy</Sentiment></Message><Message type="TopicMessage"><Id>1359991044611-36</Id><Title>For 2013 BAC now fully priced...why do I say this !!!</Title><Msg>1.PE Multiple 2. There will be no big dividend increase from 1 ent to 4 cents... big deal 3. There will be no big share buy-back (remember Fortress Baalance sheet) 4. In the new normal i.e massive financial volatility BAC needs to conserve and build up capital. 4. Dow is getting too expensive</Msg><Username>greenpoint21</Username><Timestamp>1359991044611</Timestamp><DateTime>Mon, 2013-02-04 10:17:24 EST</DateTime><ThumbUp>0</ThumbUp><ThumbDown>0</ThumbDown><Sentiment>Hold</Sentiment></Message><Message type="ReplyMessage"><Id>1359991099397-37</Id><Topic><Title>What if I told you the market will finish green today??</Title><Username>zkieschnick</Username><Timestamp>1359989693696</Timestamp><DateTime>Mon, 2013-02-04 09:54:53 EST</DateTime></Topic><Msg>While BAC may trade higher off its lows. I believe the overall market will finish down today(factory orders a bit lower than expectations). That being said, BACs price action has behaved in sharp contrast to the markets over the last couple months, so it wouldn't surprise me to see BAC trade higher off its lows.</Msg><Username>zkieschnick</Username><Timestamp>1359991099397</Timestamp><DateTime>Mon, 2013-02-04 10:18:19 EST</DateTime><ThumbUp>1</ThumbUp><ThumbDown>1</ThumbDown><Sentiment>Buy</Sentiment></Message><Message type="ReplyMessage"><Id>1359991202913-38</Id><Topic><Title>Should We Buy?</Title><Username>katiecormack6421</Username><Timestamp>1321295738000</Timestamp><DateTime>Mon, 2011-11-14 13:35:38 EST</DateTime></Topic><Msg>great trading tool</Msg><Username>johnh685</Username><Timestamp>1359991202913</Timestamp><DateTime>Mon, 2013-02-04 10:20:02 EST</DateTime><ThumbUp>0</ThumbUp><ThumbDown>0</ThumbDown><Sentiment/></Message><Message type="ReplyMessage"><Id>1359991497639-39</Id><Topic><Title>What if I told you the market will finish green today??</Title><Username>zkieschnick</Username><Timestamp>1359989693696</Timestamp><DateTime>Mon, 2013-02-04 09:54:53 EST</DateTime></Topic><Msg>I think BAC will finish at $14 today</Msg><Username>henryhyw</Username><Timestamp>1359991497639</Timestamp><DateTime>Mon, 2013-02-04 10:24:57 EST</DateTime><ThumbUp>1</ThumbUp><ThumbDown>2</ThumbDown><Sentiment/></Message><Message type="TopicMessage"><Id>1359991516089-40</Id><Title>Why is average Democrat Obama voter, black, stupid, greedy and taking every government handout they can get their hands on?</Title><Msg>Do you know?</Msg><Username>pfswsucks</Username><Timestamp>1359991516089</Timestamp><DateTime>Mon, 2013-02-04 10:25:16 EST</DateTime><ThumbUp>0</ThumbUp><ThumbDown>0</ThumbDown><Sentiment/></Message><Message type="ReplyMessage"><Id>1359991533684-41</Id><Topic><Title>Couldn't care less about the super bowl</Title><Username>whitest_white</Username><Timestamp>1359941202299</Timestamp><DateTime>Sun, 2013-02-03 20:26:42 EST</DateTime></Topic><Msg>SUCKED!!!!!</Msg><Username>barack_crock</Username><Timestamp>1359991533684</Timestamp><DateTime>Mon, 2013-02-04 10:25:33 EST</DateTime><ThumbUp>2</ThumbUp><ThumbDown>0</ThumbDown><Sentiment/></Message><Message type="TopicMessage"><Id>1359991596129-42</Id><Title>Super Bowl blackout due to failure of a Obama solar power project.</Title><Msg>FACT!</Msg><Username>pfswsucks</Username><Timestamp>1359991596129</Timestamp><DateTime>Mon, 2013-02-04 10:26:36 EST</DateTime><ThumbUp>0</ThumbUp><ThumbDown>0</ThumbDown><Sentiment/></Message><Message type="ReplyMessage"><Id>1359991701241-43</Id><Topic><Title>Did Bouncie lip sink at the Super Bowl?</Title><Username>kingofvietnam</Username><Timestamp>1359956413117</Timestamp><DateTime>Mon, 2013-02-04 00:40:13 EST</DateTime></Topic><Msg>She just sucked!!</Msg><Username>pfswsucks</Username><Timestamp>1359991701241</Timestamp><DateTime>Mon, 2013-02-04 10:28:21 EST</DateTime><ThumbUp>1</ThumbUp><ThumbDown>0</ThumbDown><Sentiment/></Message><Message type="TopicMessage"><Id>1359991826578-44</Id><Title>All the false printed money is flowing back to gangster country</Title><Msg>Obama is the boss of these gangsters.</Msg><Username>warrenbuffono</Username><Timestamp>1359991826578</Timestamp><DateTime>Mon, 2013-02-04 10:30:26 EST</DateTime><ThumbUp>0</ThumbUp><ThumbDown>0</ThumbDown><Sentiment/></Message><Message type="ReplyMessage"><Id>1359991887007-45</Id><Topic><Title>What if I told you the market will finish green today??</Title><Username>zkieschnick</Username><Timestamp>1359989693696</Timestamp><DateTime>Mon, 2013-02-04 09:54:53 EST</DateTime></Topic><Msg>?? Any technical analysis to support your Target by any chance maybe??</Msg><Username>zkieschnick</Username><Timestamp>1359991887007</Timestamp><DateTime>Mon, 2013-02-04 10:31:27 EST</DateTime><ThumbUp>1</ThumbUp><ThumbDown>0</ThumbDown><Sentiment/></Message><Message type="ReplyMessage"><Id>1359991917269-46</Id><Topic><Title>What if I told you the market will finish green today??</Title><Username>zkieschnick</Username><Timestamp>1359989693696</Timestamp><DateTime>Mon, 2013-02-04 09:54:53 EST</DateTime></Topic><Msg>Fundamental analysis would be welcome to</Msg><Username>zkieschnick</Username><Timestamp>1359991917269</Timestamp><DateTime>Mon, 2013-02-04 10:31:57 EST</DateTime><ThumbUp>0</ThumbUp><ThumbDown>1</ThumbDown><Sentiment/></Message><Message type="TopicMessage"><Id>1359991921855-47</Id><Title>Incompetence?....</Title><Msg>A coin toss between starkdirt and Biden!!</Msg><Username>pfswsucks</Username><Timestamp>1359991921855</Timestamp><DateTime>Mon, 2013-02-04 10:32:01 EST</DateTime><ThumbUp>0</ThumbUp><ThumbDown>0</ThumbDown><Sentiment/></Message><Message type="TopicMessage"><Id>1359992098318-48</Id><Title>Obama campaigning for more gun control ..... with dozens of bodyguards armed with all kinds of assault weapons!!</Title><Msg>FUNNY!!</Msg><Username>pfswsucks</Username><Timestamp>1359992098318</Timestamp><DateTime>Mon, 2013-02-04 10:34:58 EST</DateTime><ThumbUp>0</ThumbUp><ThumbDown>0</ThumbDown><Sentiment/></Message><Message type="ReplyMessage"><Id>1359992144788-49</Id><Topic><Title>What if I told you the market will finish green today??</Title><Username>zkieschnick</Username><Timestamp>1359989693696</Timestamp><DateTime>Mon, 2013-02-04 09:54:53 EST</DateTime></Topic><Msg>Of course! I am using Elliot Waves Version S3 that i invented last year.</Msg><Username>henryhyw</Username><Timestamp>1359992144788</Timestamp><DateTime>Mon, 2013-02-04 10:35:44 EST</DateTime><ThumbUp>0</ThumbUp><ThumbDown>0</ThumbDown><Sentiment/></Message><Message type="ReplyMessage"><Id>1359992160175-50</Id><Topic><Title>Why is average Democrat Obama voter, black, stupid, greedy and taking every government handout they can get their hands on?</Title><Username>pfswsucks</Username><Timestamp>1359991516089</Timestamp><DateTime>Mon, 2013-02-04 10:25:16 EST</DateTime></Topic><Msg>why are you an ignorant fool</Msg><Username>messagemike</Username><Timestamp>1359992160175</Timestamp><DateTime>Mon, 2013-02-04 10:36:00 EST</DateTime><ThumbUp>1</ThumbUp><ThumbDown>1</ThumbDown><Sentiment/></Message><Message type="ReplyMessage"><Id>1359992214926-51</Id><Topic><Title>Bank of America Corporation UPDATED CHARTS!!!!</Title><Username>phalansterianismkanisha</Username><Timestamp>1359745475092</Timestamp><DateTime>Fri, 2013-02-01 14:04:35 EST</DateTime></Topic><Msg>I have entered my email address. Waiting for the update.</Msg><Username>ratzkedolly</Username><Timestamp>1359992214926</Timestamp><DateTime>Mon, 2013-02-04 10:36:54 EST</DateTime><ThumbUp>0</ThumbUp><ThumbDown>4</ThumbDown><Sentiment/></Message><Message type="TopicMessage"><Id>1359992449060-52</Id><Title>But...but ...Bovi said buy</Title><Msg>buy buy buy</Msg><Username>urichey</Username><Timestamp>1359992449060</Timestamp><DateTime>Mon, 2013-02-04 10:40:49 EST</DateTime><ThumbUp>0</ThumbUp><ThumbDown>0</ThumbDown><Sentiment/></Message><Message type="ReplyMessage"><Id>1359992458029-53</Id><Topic><Title>Many Vietmaneses are buying Bank America stocks</Title><Username>kingofvietnam</Username><Timestamp>1359845154051</Timestamp><DateTime>Sat, 2013-02-02 17:45:54 EST</DateTime></Topic><Msg>So true. The Vietnamese-American community has given back very little to our Country. They have taken a lot. They for the most part stay out of the political discussion. They brag very often amongst themselves about one thing: How much money they are making here is America.</Msg><Username>marshallfolsh</Username><Timestamp>1359992458029</Timestamp><DateTime>Mon, 2013-02-04 10:40:58 EST</DateTime><ThumbUp>1</ThumbUp><ThumbDown>0</ThumbDown><Sentiment>Strong Buy</Sentiment></Message><Message type="TopicMessage"><Id>1359992528649-54</Id><Title>The agression of the US is bigger than the #$%$ s ever did.</Title><Msg>The US is making war with false money by buying and selling assets with their false money.</Msg><Username>warrenbuffono</Username><Timestamp>1359992528649</Timestamp><DateTime>Mon, 2013-02-04 10:42:08 EST</DateTime><ThumbUp>0</ThumbUp><ThumbDown>1</ThumbDown><Sentiment/></Message><Message type="ReplyMessage"><Id>1359993332968-55</Id><Topic><Title>But...but ...Bovi said buy</Title><Username>urichey</Username><Timestamp>1359992449060</Timestamp><DateTime>Mon, 2013-02-04 10:40:49 EST</DateTime></Topic><Msg>Hey isn't Bove the guy that said to buy at 20 too? Wasn't BAC heading to 130 or something at the time? :) I still wonder what time of the morning that SOB starts drinking.</Msg><Username>udumfck50</Username><Timestamp>1359993332968</Timestamp><DateTime>Mon, 2013-02-04 10:55:32 EST</DateTime><ThumbUp>0</ThumbUp><ThumbDown>0</ThumbDown><Sentiment/></Message><Message type="ReplyMessage"><Id>1359993383023-56</Id><Topic><Title>The agression of the US is bigger than the #$%$ s ever did.</Title><Username>warrenbuffono</Username><Timestamp>1359992528649</Timestamp><DateTime>Mon, 2013-02-04 10:42:08 EST</DateTime></Topic><Msg>You are the biggest racist Cracker of all time!!</Msg><Username>pfswsucks</Username><Timestamp>1359993383023</Timestamp><DateTime>Mon, 2013-02-04 10:56:23 EST</DateTime><ThumbUp>1</ThumbUp><ThumbDown>0</ThumbDown><Sentiment/></Message><Message type="ReplyMessage"><Id>1359993442787-57</Id><Topic><Title>What if I told you the market will finish green today??</Title><Username>zkieschnick</Username><Timestamp>1359989693696</Timestamp><DateTime>Mon, 2013-02-04 09:54:53 EST</DateTime></Topic><Msg>So you're essentially saying it could close down but it might close up too. I feel the same way.</Msg><Username>udumfck50</Username><Timestamp>1359993442787</Timestamp><DateTime>Mon, 2013-02-04 10:57:22 EST</DateTime><ThumbUp>0</ThumbUp><ThumbDown>0</ThumbDown><Sentiment/></Message><Message type="TopicMessage"><Id>1359993605374-58</Id><Title>BIOF skyrocketing now, all bio fuel sector up on $16 billion need..</Title><Msg>BIOF is ready to go another level this week. You might see $10 for this stock.</Msg><Username>mikee20</Username><Timestamp>1359993605374</Timestamp><DateTime>Mon, 2013-02-04 11:00:05 EST</DateTime><ThumbUp>0</ThumbUp><ThumbDown>0</ThumbDown><Sentiment>Strong Buy</Sentiment></Message><Message type="ReplyMessage"><Id>1359994129088-59</Id><Topic><Title>What if I told you the market will finish green today??</Title><Username>zkieschnick</Username><Timestamp>1359989693696</Timestamp><DateTime>Mon, 2013-02-04 09:54:53 EST</DateTime></Topic><Msg>i do hope so but doesn't look like,,</Msg><Username>stevens1958</Username><Timestamp>1359994129088</Timestamp><DateTime>Mon, 2013-02-04 11:08:49 EST</DateTime><ThumbUp>0</ThumbUp><ThumbDown>0</ThumbDown><Sentiment>Strong Buy</Sentiment></Message><Message type="TopicMessage"><Id>1359994260926-60</Id><Title>My Name is Turdie</Title><Msg>My name is Turdie I have a nickel I have a nickle Shiny and new lalalalalalala</Msg><Username>yranidiot78</Username><Timestamp>1359994260926</Timestamp><DateTime>Mon, 2013-02-04 11:11:00 EST</DateTime><ThumbUp>0</ThumbUp><ThumbDown>1</ThumbDown><Sentiment/></Message><Message type="ReplyMessage"><Id>1359994286583-61</Id><Topic><Title>WOOF WOOF WOOF WOOF WOOF WOOF WOOF WOOF WOOF WOOF WOOF WOOF WOOF WOOF WOOF</Title><Username>dexter.laveau</Username><Timestamp>1359994257074</Timestamp><DateTime>Mon, 2013-02-04 11:10:57 EST</DateTime></Topic><Msg>meow</Msg><Username>yranidiot78</Username><Timestamp>1359994286583</Timestamp><DateTime>Mon, 2013-02-04 11:11:26 EST</DateTime><ThumbUp>0</ThumbUp><ThumbDown>0</ThumbDown><Sentiment/></Message><Message type="ReplyMessage"><Id>1359994343368-62</Id><Topic><Title>But...but ...Bovi said buy</Title><Username>urichey</Username><Timestamp>1359992449060</Timestamp><DateTime>Mon, 2013-02-04 10:40:49 EST</DateTime></Topic><Msg>Can you have a start if you never stop? :)</Msg><Username>yranidiot78</Username><Timestamp>1359994343368</Timestamp><DateTime>Mon, 2013-02-04 11:12:23 EST</DateTime><ThumbUp>0</ThumbUp><ThumbDown>0</ThumbDown><Sentiment/></Message><Message type="TopicMessage"><Id>1359995070833-63</Id><Title>check out ltbr</Title><Msg>Lightbridge Corp. (LTBR) Lightbridge Corporation is a nuclear fuel technology company powering up the nuclear sector's advancement. The Company has two divisions: a nuclear fuel technology group and a business consulting group. Lightbridge serves as one of the leading nuclear power consulting and strategic advisory services to both commercial and governmental entities worldwide. Lightbridge's subsidiaries include Thorium Power, Inc., and Lightbridge International Holding, LLC. With its three fuel product lines, Lightbridge is poised to capture market share as it has developed the next generation of nuclear fuel. In a nutshell, the advanced technology allows existing reactors to produce more electricity for improved economics and longer fuel cycles. The Company has earned patents from the U.S. government and other international entities, including Russia and South Korea. Investors looking for a company with no long-term debt will note that Lightbridge has never had to bear that burden. With a market cap of $20.67 million, and an EPS of -0.42 analysts anticipate licensing revenues to generate, conservatively, $200 million. If the conservative projection bears out, ROI will be in the neighborhood of ~300%. Further, Lightbridge is the current lowest valued company in the nuclear market, evidenced by comparison to its competitors such as Vringo (VRNG). To date, there are 66 nuclear power plants under construction, and with clients that include Duke Energy (DUK), Dominion (D), Exelon (EXC) and Southern Company (SO), we fully anticipate Lightbridge will power alpha this year.</Msg><Username>holywood55</Username><Timestamp>1359995070833</Timestamp><DateTime>Mon, 2013-02-04 11:24:30 EST</DateTime><ThumbUp>0</ThumbUp><ThumbDown>0</ThumbDown><Sentiment/></Message><Message type="ReplyMessage"><Id>1359996484076-64</Id><Topic><Title>My Name is Turdie</Title><Username>yranidiot78</Username><Timestamp>1359994260926</Timestamp><DateTime>Mon, 2013-02-04 11:11:00 EST</DateTime></Topic><Msg>suits you!!</Msg><Username>pfswsucks</Username><Timestamp>1359996484076</Timestamp><DateTime>Mon, 2013-02-04 11:48:04 EST</DateTime><ThumbUp>1</ThumbUp><ThumbDown>0</ThumbDown><Sentiment/></Message><Message type="TopicMessage"><Id>1359996489699-65</Id><Title>ALL bubbles WILL COLLAP$E THIS YEAR 2013!!</Title><Msg>should we get out?</Msg><Username>rddr2022</Username><Timestamp>1359996489699</Timestamp><DateTime>Mon, 2013-02-04 11:48:09 EST</DateTime><ThumbUp>1</ThumbUp><ThumbDown>0</ThumbDown><Sentiment/></Message><Message type="TopicMessage"><Id>1359996663832-66</Id><Title>WHITE HOUSE BLAMES SUPER BOWL BLACKOUT ON REPUBLICANS IN CONGRESS!</Title><Msg>WHAT'S NEW?</Msg><Username>konaguy415</Username><Timestamp>1359996663832</Timestamp><DateTime>Mon, 2013-02-04 11:51:03 EST</DateTime><ThumbUp>1</ThumbUp><ThumbDown>2</ThumbDown><Sentiment/></Message><Message type="ReplyMessage"><Id>1359996839334-67</Id><Topic><Title>My Medicare psychiatrist says I'm a sexually deviant sociopath.</Title><Username>zevoter22</Username><Timestamp>1358428503558</Timestamp><DateTime>Thu, 2013-01-17 08:15:03 EST</DateTime></Topic><Msg>Our klan prefers Mad Dog</Msg><Username>zevoter22</Username><Timestamp>1359996839334</Timestamp><DateTime>Mon, 2013-02-04 11:53:59 EST</DateTime><ThumbUp>0</ThumbUp><ThumbDown>0</ThumbDown><Sentiment/></Message><Message type="ReplyMessage"><Id>1359997427510-68</Id><Topic><Title>ALL bubbles WILL COLLAP$E THIS YEAR 2013!!</Title><Username>rddr2022</Username><Timestamp>1359996489699</Timestamp><DateTime>Mon, 2013-02-04 11:48:09 EST</DateTime></Topic><Msg>i agree we are going to have a big run up till may,, and after a big down 30%</Msg><Username>stevens1958</Username><Timestamp>1359997427510</Timestamp><DateTime>Mon, 2013-02-04 12:03:47 EST</DateTime><ThumbUp>0</ThumbUp><ThumbDown>1</ThumbDown><Sentiment>Strong Buy</Sentiment></Message><Message type="ReplyMessage"><Id>1359997740270-69</Id><Topic><Title>Couldn't care less about the super bowl</Title><Username>whitest_white</Username><Timestamp>1359941202299</Timestamp><DateTime>Sun, 2013-02-03 20:26:42 EST</DateTime></Topic><Msg>Super bowl is a testament to the pathetic simplistic mental state of the American public and explains Obama's reelection</Msg><Username>whitest_white</Username><Timestamp>1359997740270</Timestamp><DateTime>Mon, 2013-02-04 12:09:00 EST</DateTime><ThumbUp>3</ThumbUp><ThumbDown>2</ThumbDown><Sentiment/></Message><Message type="ReplyMessage"><Id>1359997908747-70</Id><Topic><Title>ALL bubbles WILL COLLAP$E THIS YEAR 2013!!</Title><Username>rddr2022</Username><Timestamp>1359996489699</Timestamp><DateTime>Mon, 2013-02-04 11:48:09 EST</DateTime></Topic><Msg>The Obama Debt Bubble will NEVER collapse ..... it will keep growing .... and growing .... and growing .... and growing ...............................</Msg><Username>pfswsucks</Username><Timestamp>1359997908747</Timestamp><DateTime>Mon, 2013-02-04 12:11:48 EST</DateTime><ThumbUp>1</ThumbUp><ThumbDown>2</ThumbDown><Sentiment/></Message><Message type="TopicMessage"><Id>1359998074893-71</Id><Title>Bid $11.48</Title><Msg>And again the bid gets walked (back) down. Intraday TA signaling a long side setup since this p/b is again overdone. So I'm in with a buy side tranche just off .48...looking for the usual +10pennies if I can get it. 'Tis only a trade for now. Stop just under .40. Highlow American Net'Zen</Msg><Username>highlowsel</Username><Timestamp>1359998074893</Timestamp><DateTime>Mon, 2013-02-04 12:14:34 EST</DateTime><ThumbUp>0</ThumbUp><ThumbDown>0</ThumbDown><Sentiment/></Message><Message type="ReplyMessage"><Id>1359998428028-72</Id><Topic><Title>JUST TOOK OUT MAJOR SUPPORT!!!! MORE DOWNSIDE TO COME!!!</Title><Username>traderx1966</Username><Timestamp>1359997761171</Timestamp><DateTime>Mon, 2013-02-04 12:09:21 EST</DateTime></Topic><Msg>What support was that? You said the same thing when it was trading last Thursday before it went up 3.5 percent on Friday. Sounds like BS to me.</Msg><Username>finviz20</Username><Timestamp>1359998428028</Timestamp><DateTime>Mon, 2013-02-04 12:20:28 EST</DateTime><ThumbUp>1</ThumbUp><ThumbDown>0</ThumbDown><Sentiment/></Message><Message type="ReplyMessage"><Id>1359998491803-73</Id><Topic><Title>Bid $11.48</Title><Username>highlowsel</Username><Timestamp>1359998074893</Timestamp><DateTime>Mon, 2013-02-04 12:14:34 EST</DateTime></Topic><Msg>Good luck hilo</Msg><Username>tradejunky</Username><Timestamp>1359998491803</Timestamp><DateTime>Mon, 2013-02-04 12:21:31 EST</DateTime><ThumbUp>0</ThumbUp><ThumbDown>0</ThumbDown><Sentiment/></Message><Message type="ReplyMessage"><Id>1359998651903-74</Id><Topic><Title>Couldn't care less about the super bowl</Title><Username>whitest_white</Username><Timestamp>1359941202299</Timestamp><DateTime>Sun, 2013-02-03 20:26:42 EST</DateTime></Topic><Msg>Programming for sheep!</Msg><Username>sablepony</Username><Timestamp>1359998651903</Timestamp><DateTime>Mon, 2013-02-04 12:24:11 EST</DateTime><ThumbUp>4</ThumbUp><ThumbDown>0</ThumbDown><Sentiment/></Message><Message type="TopicMessage"><Id>1359998699267-75</Id><Title>Noooooooooooo! Is the FED STREET PONZI BUBBLE BURSTING!!!!</Title><Msg>OH! NOOOOOOOOOOOOOOOO! THIS COULD BE THE BIG ONE!!!!!!!!!!!!!!!</Msg><Username>mrj.premier</Username><Timestamp>1359998699267</Timestamp><DateTime>Mon, 2013-02-04 12:24:59 EST</DateTime><ThumbUp>0</ThumbUp><ThumbDown>0</ThumbDown><Sentiment/></Message><Message type="ReplyMessage"><Id>1359998831929-76</Id><Topic><Title>'France is totally bankrupt': French jobs minister Michel Sapin</Title><Username>rhinoinchgo</Username><Timestamp>1359745721582</Timestamp><DateTime>Fri, 2013-02-01 14:08:41 EST</DateTime></Topic><Msg>YIIIIIIIIIIIIIKES!!!!!!</Msg><Username>mrj.premier</Username><Timestamp>1359998831929</Timestamp><DateTime>Mon, 2013-02-04 12:27:11 EST</DateTime><ThumbUp>1</ThumbUp><ThumbDown>0</ThumbDown><Sentiment/></Message><Message type="TopicMessage"><Id>1359998877966-77</Id><Title>EUROPE IS ONE FIRE!!!!!!!!!!!!!!!!!!!!!</Title><Msg>NOT IN A GOOD WAY!!!!!!!!!!!!!!!!!!!!!</Msg><Username>mrj.premier</Username><Timestamp>1359998877966</Timestamp><DateTime>Mon, 2013-02-04 12:27:57 EST</DateTime><ThumbUp>0</ThumbUp><ThumbDown>0</ThumbDown><Sentiment/></Message><Message type="ReplyMessage"><Id>1359998988269-78</Id><Topic><Title>EUROPE IS ONE FIRE!!!!!!!!!!!!!!!!!!!!!</Title><Username>mrj.premier</Username><Timestamp>1359998877966</Timestamp><DateTime>Mon, 2013-02-04 12:27:57 EST</DateTime></Topic><Msg>Europe MAJOR TOXIC ISSUE never went away, the USofA "rah rah rally" tried to forget about it but nope here to stay! A LONG LONG TIME!!!!</Msg><Username>mrj.premier</Username><Timestamp>1359998988269</Timestamp><DateTime>Mon, 2013-02-04 12:29:48 EST</DateTime><ThumbUp>0</ThumbUp><ThumbDown>0</ThumbDown><Sentiment/></Message><Message type="TopicMessage"><Id>1359999005806-79</Id><Title>Don't you know this trading on ws is criminally rigged racket</Title><Msg>Organized crime day in day out. Only a handful actually control these rigged markets and they never lose you should know that by now.</Msg><Username>tom.foolery2</Username><Timestamp>1359999005806</Timestamp><DateTime>Mon, 2013-02-04 12:30:05 EST</DateTime><ThumbUp>1</ThumbUp><ThumbDown>1</ThumbDown><Sentiment/></Message><Message type="TopicMessage"><Id>1359999055003-80</Id><Title>Gun supporters to hold Wash. D.C. Rally!</Title><Msg>In light of the ongoing attempt to eliminate Guns from the crazy. eliminate assult weapons and restrict the Mag. capacity a massive protest rally in Washington D.C. was announced today by the sponsers......... NRA, Crips, Bloods, Mafia, KKK, and The protect the Insane pro-gun lobby. Delbert Dillrod, NRA Regional Director said that the risk of being shot at this event was high due to Diverisity and the inclusion of the insane, but that is what America is about and since most will be packing the various groups should have about equal firepower. D.C. Hosp's and morgue have been placed on alert. The D.C. Mayor advised people in the City , not attending, to reman in their homes and take cover when gunfire is heard. Glen Beck and El Blimp-Bo Rush along with all the Teapublicans in Congress advised they would not attend, but thanked the NRA for having the courage to bring these various gun supporters together to protest these purposed Gun restrictions. D.C Police cheif advised he would not be placeing officers at the event a described the protest area as a freefire zone that the rational should avoid. Fox news also advised they would not be covering the event live or have any reporters with-in a 10 mile radious of the event, but would have reporters at local Hosp's to interview the family of those shot.</Msg><Username>carolyne47</Username><Timestamp>1359999055003</Timestamp><DateTime>Mon, 2013-02-04 12:30:55 EST</DateTime><ThumbUp>0</ThumbUp><ThumbDown>2</ThumbDown><Sentiment/></Message><Message type="ReplyMessage"><Id>1359999409900-81</Id><Topic><Title>Gun supporters to hold Wash. D.C. Rally!</Title><Username>carolyne47</Username><Timestamp>1359999055003</Timestamp><DateTime>Mon, 2013-02-04 12:30:55 EST</DateTime></Topic><Msg>It's not the size of the magazine, it's the size of the gun!</Msg><Username>muchomacho42</Username><Timestamp>1359999409900</Timestamp><DateTime>Mon, 2013-02-04 12:36:49 EST</DateTime><ThumbUp>0</ThumbUp><ThumbDown>1</ThumbDown><Sentiment/></Message><Message type="TopicMessage"><Id>1359999631059-82</Id><Title>Ready to crash? The three signs of incomming crash:</Title><Msg>Israel is just about to nuke Iran. Dollar is worth less than 20 cents. Merkel is so ugly it's imposible to look at her.</Msg><Username>muchomacho42</Username><Timestamp>1359999631059</Timestamp><DateTime>Mon, 2013-02-04 12:40:31 EST</DateTime><ThumbUp>0</ThumbUp><ThumbDown>1</ThumbDown><Sentiment/></Message><Message type="ReplyMessage"><Id>1359999660785-83</Id><Topic><Title>Bid $11.48</Title><Username>highlowsel</Username><Timestamp>1359998074893</Timestamp><DateTime>Mon, 2013-02-04 12:14:34 EST</DateTime></Topic><Msg>Thanks. Now watching it. Also watching that shining example of the new Capitalist class never before envisioned by the theology, the manager Aristocrat, Jamie Dimon pontificate on camera about the "too big to fail" stuff. What'da guy...his ilk drove us all over the cliff, now he's all about explaining what should be done. Ya gotta luv the hubris and ego if nothing else. But I digress. Bid now $11.50. Come on little BAC'y...all I want is 10pennies....you fell from $11.69 so 10 pennies shouldn't be so hard...should it? Heh! Highlow American Net'Zen</Msg><Username>highlowsel</Username><Timestamp>1359999660785</Timestamp><DateTime>Mon, 2013-02-04 12:41:00 EST</DateTime><ThumbUp>0</ThumbUp><ThumbDown>1</ThumbDown><Sentiment/></Message><Message type="ReplyMessage"><Id>1359999830811-84</Id><Topic><Title>No Pushing and Shoving While Running To the Exits!!!</Title><Username>traderx1966</Username><Timestamp>1359997367605</Timestamp><DateTime>Mon, 2013-02-04 12:02:47 EST</DateTime></Topic><Msg>Trader Xlax, Your sill here? As wrong as you have been at the 6 and 7 range. I would think you would just Shut Up!.</Msg><Username>waylost</Username><Timestamp>1359999830811</Timestamp><DateTime>Mon, 2013-02-04 12:43:50 EST</DateTime><ThumbUp>0</ThumbUp><ThumbDown>0</ThumbDown><Sentiment>Strong Buy</Sentiment></Message><Message type="ReplyMessage"><Id>1359999963540-85</Id><Topic><Title>Bush Administration resonsible for all market volitility since 2000</Title><Username>ggggggg_gargle</Username><Timestamp>1359998624990</Timestamp><DateTime>Mon, 2013-02-04 12:23:44 EST</DateTime></Topic><Msg>Hang Bush the most ugly terrorist ever.</Msg><Username>warrenbuffono</Username><Timestamp>1359999963540</Timestamp><DateTime>Mon, 2013-02-04 12:46:03 EST</DateTime><ThumbUp>1</ThumbUp><ThumbDown>3</ThumbDown><Sentiment/></Message><Message type="ReplyMessage"><Id>1360000256084-86</Id><Topic><Title>Is BAC a sham?</Title><Username>stevensanford650</Username><Timestamp>1359981685069</Timestamp><DateTime>Mon, 2013-02-04 07:41:25 EST</DateTime></Topic><Msg>you guys are suckers lol</Msg><Username>hillschristopher621</Username><Timestamp>1360000256084</Timestamp><DateTime>Mon, 2013-02-04 12:50:56 EST</DateTime><ThumbUp>1</ThumbUp><ThumbDown>0</ThumbDown><Sentiment/></Message><Message type="ReplyMessage"><Id>1360000417177-87</Id><Topic><Title>Federal Reserve: A Private Jewish Bank Strangling America</Title><Username>ken_stabler_1</Username><Timestamp>1357074991923</Timestamp><DateTime>Tue, 2013-01-01 16:16:31 EST</DateTime></Topic><Msg>Arrest the wallstreet Je*ws and send them for holiday to cantanamo bay</Msg><Username>warrenbuffono</Username><Timestamp>1360000417177</Timestamp><DateTime>Mon, 2013-02-04 12:53:37 EST</DateTime><ThumbUp>0</ThumbUp><ThumbDown>0</ThumbDown><Sentiment/></Message><Message type="ReplyMessage"><Id>1360000636073-88</Id><Topic><Title>Jews, they create problems, then drag you into them.</Title><Username>roman_warrior_72</Username><Timestamp>1359841368805</Timestamp><DateTime>Sat, 2013-02-02 16:42:48 EST</DateTime></Topic><Msg>Democrats, they create problems, then expect you to pay for them. That's why they are universally loved.</Msg><Username>pfswsucks</Username><Timestamp>1360000636073</Timestamp><DateTime>Mon, 2013-02-04 12:57:16 EST</DateTime><ThumbUp>2</ThumbUp><ThumbDown>1</ThumbDown><Sentiment/></Message><Message type="ReplyMessage"><Id>1360000761089-89</Id><Topic><Title>Federal Reserve: A Private Jewish Bank Strangling America</Title><Username>ken_stabler_1</Username><Timestamp>1357074991923</Timestamp><DateTime>Tue, 2013-01-01 16:16:31 EST</DateTime></Topic><Msg>Federal Reserve would be a lot better if it was run by BLACKS!!</Msg><Username>pfswsucks</Username><Timestamp>1360000761089</Timestamp><DateTime>Mon, 2013-02-04 12:59:21 EST</DateTime><ThumbUp>1</ThumbUp><ThumbDown>0</ThumbDown><Sentiment/></Message><Message type="TopicMessage"><Id>1360000952467-90</Id><Title>Congress needs to raise the debt limit WAY UP!!</Title><Msg>We need more Obama money!!</Msg><Username>pfswsucks</Username><Timestamp>1360000952467</Timestamp><DateTime>Mon, 2013-02-04 13:02:32 EST</DateTime><ThumbUp>0</ThumbUp><ThumbDown>0</ThumbDown><Sentiment/></Message><Message type="TopicMessage"><Id>1360001133203-91</Id><Title>Doubledipdepressionhasstarted--BA to 10 bymarch-overpricedoverboughtmarket- musical chairs has started-crash tommorow</Title><Msg>Eurozoneis a mess, china has sloweddown, no demand for their products--DOW is due for a nice 20% drop--has not had a good correction since 2008--might go below 9800 by summer--apple is a good indiicator of global econ--it dropped because no good paying jobs have been created--we need 300,000 for at least 7 months--strong sell--lots of people are going to lose their money in the coming months--real-estate has not bottomed--prices have increase by more then 100,000 $ in one year in Los Angeles--reo agents and brokers are buying old houses and asking unfair prices--most regular people can barely afford rent and food--greed has entered reo market and with no new jobs, eurozone falling, BAwill fall to 7-8 by the summer. Strong sell on all stock positions-cash is still king</Msg><Username>oroberto80</Username><Timestamp>1360001133203</Timestamp><DateTime>Mon, 2013-02-04 13:05:33 EST</DateTime><ThumbUp>1</ThumbUp><ThumbDown>2</ThumbDown><Sentiment>Strong Sell</Sentiment></Message><Message type="TopicMessage"><Id>1360001332493-92</Id><Title>Obama invites Catholic leaders to the White House to discuss contraceptive mandate</Title><Msg>over a few beers!!</Msg><Username>pfswsucks</Username><Timestamp>1360001332493</Timestamp><DateTime>Mon, 2013-02-04 13:08:52 EST</DateTime><ThumbUp>0</ThumbUp><ThumbDown>0</ThumbDown><Sentiment/></Message><Message type="TopicMessage"><Id>1360001395068-93</Id><Title>★★★★BE A "SHORTY"....Shortie...WE LOVE taking DUMMIES JACK !.</Title><Msg>Jack !</Msg><Username>wallysworld18</Username><Timestamp>1360001395068</Timestamp><DateTime>Mon, 2013-02-04 13:09:55 EST</DateTime><ThumbUp>0</ThumbUp><ThumbDown>1</ThumbDown><Sentiment>Strong Sell</Sentiment></Message><Message type="ReplyMessage"><Id>1360001456207-94</Id><Topic><Title>Bush Administration resonsible for all market volitility since 2000</Title><Username>ggggggg_gargle</Username><Timestamp>1359998624990</Timestamp><DateTime>Mon, 2013-02-04 12:23:44 EST</DateTime></Topic><Msg>the most ugly terrorist ever .............. is Mooooooochelle!!</Msg><Username>pfswsucks</Username><Timestamp>1360001456207</Timestamp><DateTime>Mon, 2013-02-04 13:10:56 EST</DateTime><ThumbUp>2</ThumbUp><ThumbDown>0</ThumbDown><Sentiment/></Message><Message type="ReplyMessage"><Id>1360001833050-95</Id><Topic><Title>Is BAC a sham?</Title><Username>stevensanford650</Username><Timestamp>1359981685069</Timestamp><DateTime>Mon, 2013-02-04 07:41:25 EST</DateTime></Topic><Msg>zuckerberg doesnt lie</Msg><Username>morrison.erro</Username><Timestamp>1360001833050</Timestamp><DateTime>Mon, 2013-02-04 13:17:13 EST</DateTime><ThumbUp>1</ThumbUp><ThumbDown>0</ThumbDown><Sentiment/></Message><Message type="ReplyMessage"><Id>1360001854953-96</Id><Topic><Title>Doubledipdepressionhasstarted--BA to 10 bymarch-overpricedoverboughtmarket- musical chairs has started-crash tommorow</Title><Username>oroberto80</Username><Timestamp>1360001133203</Timestamp><DateTime>Mon, 2013-02-04 13:05:33 EST</DateTime></Topic><Msg>BAC to under 8 and all you bloodsuckin Crackers are going to lose big time!!</Msg><Username>pfswsucks</Username><Timestamp>1360001854953</Timestamp><DateTime>Mon, 2013-02-04 13:17:34 EST</DateTime><ThumbUp>0</ThumbUp><ThumbDown>0</ThumbDown><Sentiment/></Message><Message type="ReplyMessage"><Id>1360001963939-97</Id><Topic><Title>No Pushing and Shoving While Running To the Exits!!!</Title><Username>traderx1966</Username><Timestamp>1359997367605</Timestamp><DateTime>Mon, 2013-02-04 12:02:47 EST</DateTime></Topic><Msg>Same to you X ! I've been selling puts from the 7 range and done well. I will continue until 15. I love the weekly puts. It's paid off well.</Msg><Username>waylost</Username><Timestamp>1360001963939</Timestamp><DateTime>Mon, 2013-02-04 13:19:23 EST</DateTime><ThumbUp>0</ThumbUp><ThumbDown>0</ThumbDown><Sentiment>Strong Buy</Sentiment></Message><Message type="ReplyMessage"><Id>1360001986709-98</Id><Topic><Title>Bank of America Corporation UPDATED CHARTS!!!!</Title><Username>phalansterianismkanisha</Username><Timestamp>1359745475092</Timestamp><DateTime>Fri, 2013-02-01 14:04:35 EST</DateTime></Topic><Msg>checking the chart now</Msg><Username>laechelndenantonia</Username><Timestamp>1360001986709</Timestamp><DateTime>Mon, 2013-02-04 13:19:46 EST</DateTime><ThumbUp>0</ThumbUp><ThumbDown>3</ThumbDown><Sentiment/></Message><Message type="ReplyMessage"><Id>1360002210121-99</Id><Topic><Title>How To Deal With Mason, The Message Board Roach</Title><Username>sarcasm_and_witticism</Username><Timestamp>1359902735476</Timestamp><DateTime>Sun, 2013-02-03 09:45:35 EST</DateTime></Topic><Msg>SW, have thought of seeking out mental health professional to deal with your Mason obsession?</Msg><Username>frankmangus</Username><Timestamp>1360002210121</Timestamp><DateTime>Mon, 2013-02-04 13:23:30 EST</DateTime><ThumbUp>6</ThumbUp><ThumbDown>6</ThumbDown><Sentiment/></Message><Message type="ReplyMessage"><Id>1360002451085-100</Id><Topic><Title>Bank of America Corporation UPDATED CHARTS!!!!</Title><Username>phalansterianismkanisha</Username><Timestamp>1359745475092</Timestamp><DateTime>Fri, 2013-02-01 14:04:35 EST</DateTime></Topic><Msg>waiting for the update.</Msg><Username>laechelndenantonia</Username><Timestamp>1360002451085</Timestamp><DateTime>Mon, 2013-02-04 13:27:31 EST</DateTime><ThumbUp>0</ThumbUp><ThumbDown>5</ThumbDown><Sentiment/></Message><Message type="ReplyMessage"><Id>1360002754484-101</Id><Topic><Title>Doubledipdepressionhasstarted--BA to 10 bymarch-overpricedoverboughtmarket- musical chairs has started-crash tommorow</Title><Username>oroberto80</Username><Timestamp>1360001133203</Timestamp><DateTime>Mon, 2013-02-04 13:05:33 EST</DateTime></Topic><Msg>Back up tomorrow. ZZZZZZZZZZZZZZZZ.</Msg><Username>smithjoel5</Username><Timestamp>1360002754484</Timestamp><DateTime>Mon, 2013-02-04 13:32:34 EST</DateTime><ThumbUp>1</ThumbUp><ThumbDown>0</ThumbDown><Sentiment/></Message><Message type="ReplyMessage"><Id>1360002950550-102</Id><Topic><Title>How To Deal With Mason, The Message Board Roach</Title><Username>sarcasm_and_witticism</Username><Timestamp>1359902735476</Timestamp><DateTime>Sun, 2013-02-03 09:45:35 EST</DateTime></Topic><Msg>No offense but......who cares? I don't. I care less. I don't even know who you're talking about. I simply place on ignore any/all OT conversationalists and any problem goes away. Just like I'm now putting you on ignore. HEH!</Msg><Username>highlowsel</Username><Timestamp>1360002950550</Timestamp><DateTime>Mon, 2013-02-04 13:35:50 EST</DateTime><ThumbUp>7</ThumbUp><ThumbDown>1</ThumbDown><Sentiment/></Message><Message type="TopicMessage"><Id>1360004231740-103</Id><Title>EDAP up another 10%...breakout day, due your dd</Title><Msg>Breakout day fighting off the market pullback</Msg><Username>frank867444</Username><Timestamp>1360004231740</Timestamp><DateTime>Mon, 2013-02-04 13:57:11 EST</DateTime><ThumbUp>0</ThumbUp><ThumbDown>0</ThumbDown><Sentiment/></Message><Message type="TopicMessage"><Id>1360006109806-104</Id><Title>Fortress unit to refinance 1 bln euro loan, scraps asset sale</Title><Msg>FRANKFURT | Mon Feb 4, 2013 1:22pm EST Feb 4 (Reuters) - German real estate group Gagfah , controlled by U.S. investor Fortress, is to refinance a 1 billion euro ($1.4 billion) loan of its Woba unit, leading it to scrap the sale of the division. "Upon the completion of this transaction, Gagfah will have made a significant step towards resolving its 2013 debt maturities," the company said on Monday. Bank of America will lend Gagfah the money, a person close to the German real estate company said.</Msg><Username>cchaker</Username><Timestamp>1360006109806</Timestamp><DateTime>Mon, 2013-02-04 14:28:29 EST</DateTime><ThumbUp>0</ThumbUp><ThumbDown>0</ThumbDown><Sentiment>Strong Buy</Sentiment></Message><Message type="TopicMessage"><Id>1360006161085-105</Id><Title>What do Merrill Lynch Wealth Management financial advisors think of Merrill Edge?</Title><Msg>Both are part of Bank of America. I would think that Merrill Edge is taking lots of business away from the over charging financial advisors, right? Is Merrill Edge any good? How does it compare to ML Wealth Management, mlpa or whatever?</Msg><Username>zbgb952</Username><Timestamp>1360006161085</Timestamp><DateTime>Mon, 2013-02-04 14:29:21 EST</DateTime><ThumbUp>0</ThumbUp><ThumbDown>1</ThumbDown><Sentiment/></Message><Message type="ReplyMessage"><Id>1360007477360-106</Id><Topic><Title>New BAC Analyst Report (MUST SEE)</Title><Username>micahanderson324</Username><Timestamp>1359886231659</Timestamp><DateTime>Sun, 2013-02-03 05:10:31 EST</DateTime></Topic><Msg>great report.</Msg><Username>jalenjonson</Username><Timestamp>1360007477360</Timestamp><DateTime>Mon, 2013-02-04 14:51:17 EST</DateTime><ThumbUp>0</ThumbUp><ThumbDown>4</ThumbDown><Sentiment/></Message><Message type="ReplyMessage"><Id>1360008144825-107</Id><Topic><Title>getting credit report for Trump Wannabe vs posting no-tip receipt? ROFLMFO</Title><Username>ekonprophet</Username><Timestamp>1360006547065</Timestamp><DateTime>Mon, 2013-02-04 14:35:47 EST</DateTime></Topic><Msg>uses cash reward points on granite for next years bankruptcy...lol</Msg><Username>vieweroutrage</Username><Timestamp>1360008144825</Timestamp><DateTime>Mon, 2013-02-04 15:02:24 EST</DateTime><ThumbUp>0</ThumbUp><ThumbDown>0</ThumbDown><Sentiment/></Message><Message type="ReplyMessage"><Id>1360008250680-108</Id><Topic><Title>Pepsi to sign contract with CERP</Title><Username>tech.traders994</Username><Timestamp>1359725330004</Timestamp><DateTime>Fri, 2013-02-01 08:28:50 EST</DateTime></Topic><Msg>nice</Msg><Username>cornhusker669</Username><Timestamp>1360008250680</Timestamp><DateTime>Mon, 2013-02-04 15:04:10 EST</DateTime><ThumbUp>0</ThumbUp><ThumbDown>0</ThumbDown><Sentiment>Strong Buy</Sentiment></Message><Message type="ReplyMessage"><Id>1360008263188-109</Id><Topic><Title>Huge stock alert: CERP projected to hit $3.00</Title><Username>trades.western</Username><Timestamp>1359481901867</Timestamp><DateTime>Tue, 2013-01-29 12:51:41 EST</DateTime></Topic><Msg>very nice</Msg><Username>cornhusker669</Username><Timestamp>1360008263188</Timestamp><DateTime>Mon, 2013-02-04 15:04:23 EST</DateTime><ThumbUp>0</ThumbUp><ThumbDown>0</ThumbDown><Sentiment>Strong Buy</Sentiment></Message><Message type="ReplyMessage"><Id>1360008281947-110</Id><Topic><Title>BAC or</Title><Username>stockmasterp</Username><Timestamp>1359393609310</Timestamp><DateTime>Mon, 2013-01-28 12:20:09 EST</DateTime></Topic><Msg>RNN on fire!</Msg><Username>cornhusker669</Username><Timestamp>1360008281947</Timestamp><DateTime>Mon, 2013-02-04 15:04:41 EST</DateTime><ThumbUp>0</ThumbUp><ThumbDown>0</ThumbDown><Sentiment>Strong Buy</Sentiment></Message><Message type="ReplyMessage"><Id>1360009181275-111</Id><Topic><Title>EUROPE IS ONE FIRE!!!!!!!!!!!!!!!!!!!!!</Title><Username>mrj.premier</Username><Timestamp>1359998877966</Timestamp><DateTime>Mon, 2013-02-04 12:27:57 EST</DateTime></Topic><Msg>again and again!!!</Msg><Username>rddr2022</Username><Timestamp>1360009181275</Timestamp><DateTime>Mon, 2013-02-04 15:19:41 EST</DateTime><ThumbUp>0</ThumbUp><ThumbDown>0</ThumbDown><Sentiment/></Message><Message type="ReplyMessage"><Id>1360009393735-112</Id><Topic><Title>No Pushing and Shoving While Running To the Exits!!!</Title><Username>traderx1966</Username><Timestamp>1359997367605</Timestamp><DateTime>Mon, 2013-02-04 12:02:47 EST</DateTime></Topic><Msg>I think turdiex is much better suited to story telling vs. trading LOL</Msg><Username>udumfck50</Username><Timestamp>1360009393735</Timestamp><DateTime>Mon, 2013-02-04 15:23:13 EST</DateTime><ThumbUp>1</ThumbUp><ThumbDown>0</ThumbDown><Sentiment/></Message><Message type="ReplyMessage"><Id>1360009517533-113</Id><Topic><Title>EUROPE IS ONE FIRE!!!!!!!!!!!!!!!!!!!!!</Title><Username>mrj.premier</Username><Timestamp>1359998877966</Timestamp><DateTime>Mon, 2013-02-04 12:27:57 EST</DateTime></Topic><Msg>Bringing out the other IDs. Tarderx is feeling desperate.</Msg><Username>shareshark1</Username><Timestamp>1360009517533</Timestamp><DateTime>Mon, 2013-02-04 15:25:17 EST</DateTime><ThumbUp>0</ThumbUp><ThumbDown>0</ThumbDown><Sentiment/></Message><Message type="ReplyMessage"><Id>1360009936851-114</Id><Topic><Title>No Pushing and Shoving While Running To the Exits!!!</Title><Username>traderx1966</Username><Timestamp>1359997367605</Timestamp><DateTime>Mon, 2013-02-04 12:02:47 EST</DateTime></Topic><Msg>Retired LOL. Yes that forced retirement was after you were FACEBOOKED like the gump you are. Quit pretending to be something you're not you jackace and maybe you'll learn something.</Msg><Username>atdabeach48</Username><Timestamp>1360009936851</Timestamp><DateTime>Mon, 2013-02-04 15:32:16 EST</DateTime><ThumbUp>0</ThumbUp><ThumbDown>0</ThumbDown><Sentiment/></Message><Message type="TopicMessage"><Id>1360010027945-115</Id><Title>CRA$H-CRA$H-CRA$H IS COMING!!!</Title><Msg>BE PREPARED NOW.</Msg><Username>mlg4044</Username><Timestamp>1360010027945</Timestamp><DateTime>Mon, 2013-02-04 15:33:47 EST</DateTime><ThumbUp>0</ThumbUp><ThumbDown>0</ThumbDown><Sentiment/></Message><Message type="TopicMessage"><Id>1360010042946-116</Id><Title>How would a Merrill Lynch spinoff affect current shareholders?</Title><Msg>A question I have often pondered? The board has died....thank goodness the political posts seem to have ended.</Msg><Username>gamblin09</Username><Timestamp>1360010042946</Timestamp><DateTime>Mon, 2013-02-04 15:34:02 EST</DateTime><ThumbUp>0</ThumbUp><ThumbDown>0</ThumbDown><Sentiment/></Message><Message type="ReplyMessage"><Id>1360010123785-117</Id><Topic><Title>What do think of Merrill Edge self directed?</Title><Username>zbgb952</Username><Timestamp>1359953493796</Timestamp><DateTime>Sun, 2013-02-03 23:51:33 EST</DateTime></Topic><Msg>do they make money for you?? maybe you could have both types.</Msg><Username>buythisdog</Username><Timestamp>1360010123785</Timestamp><DateTime>Mon, 2013-02-04 15:35:23 EST</DateTime><ThumbUp>0</ThumbUp><ThumbDown>0</ThumbDown><Sentiment/></Message><Message type="ReplyMessage"><Id>1360010184162-118</Id><Topic><Title>How would a Merrill Lynch spinoff affect current shareholders?</Title><Username>gamblin09</Username><Timestamp>1360010042946</Timestamp><DateTime>Mon, 2013-02-04 15:34:02 EST</DateTime></Topic><Msg>For all the work and money they have put into integrating ML I can't imagine they would spin it off?</Msg><Username>udumfck50</Username><Timestamp>1360010184162</Timestamp><DateTime>Mon, 2013-02-04 15:36:24 EST</DateTime><ThumbUp>0</ThumbUp><ThumbDown>0</ThumbDown><Sentiment/></Message><Message type="ReplyMessage"><Id>1360010678682-119</Id><Topic><Title>Bid $11.48</Title><Username>highlowsel</Username><Timestamp>1359998074893</Timestamp><DateTime>Mon, 2013-02-04 12:14:34 EST</DateTime></Topic><Msg>Okay...got my 10pennies earlier by closing the position at ~.58. Now just waiting on the next set-up.</Msg><Username>highlowsel</Username><Timestamp>1360010678682</Timestamp><DateTime>Mon, 2013-02-04 15:44:38 EST</DateTime><ThumbUp>0</ThumbUp><ThumbDown>0</ThumbDown><Sentiment/></Message><Message type="TopicMessage"><Id>1360012022689-120</Id><Title>Every yank has more than 1 million Dollars</Title><Msg>Thats the market volatility. Al Bushda</Msg><Username>warrenbuffono</Username><Timestamp>1360012022689</Timestamp><DateTime>Mon, 2013-02-04 16:07:02 EST</DateTime><ThumbUp>0</ThumbUp><ThumbDown>0</ThumbDown><Sentiment/></Message><Message type="ReplyMessage"><Id>1360012058849-121</Id><Topic><Title>Bid $11.48</Title><Username>highlowsel</Username><Timestamp>1359998074893</Timestamp><DateTime>Mon, 2013-02-04 12:14:34 EST</DateTime></Topic><Msg>Went back in on a swing trade when the bid got yanked to .47 going into close. So I'm back in for another trip. Setting same stop below .40 but am willing to hold this a bit just to play the action. Highlow American Net'Zen</Msg><Username>highlowsel</Username><Timestamp>1360012058849</Timestamp><DateTime>Mon, 2013-02-04 16:07:38 EST</DateTime><ThumbUp>0</ThumbUp><ThumbDown>0</ThumbDown><Sentiment/></Message><Message type="ReplyMessage"><Id>1360013076787-122</Id><Topic><Title>Bid $11.48</Title><Username>highlowsel</Username><Timestamp>1359998074893</Timestamp><DateTime>Mon, 2013-02-04 12:14:34 EST</DateTime></Topic><Msg>good move today. I got my .70 Friday and sat this one out. Too tight.</Msg><Username>toobeornot123</Username><Timestamp>1360013076787</Timestamp><DateTime>Mon, 2013-02-04 16:24:36 EST</DateTime><ThumbUp>0</ThumbUp><ThumbDown>0</ThumbDown><Sentiment/></Message><Message type="ReplyMessage"><Id>1360013151942-123</Id><Topic><Title>What do Merrill Lynch Wealth Management financial advisors think of Merrill Edge?</Title><Username>zbgb952</Username><Timestamp>1360006161085</Timestamp><DateTime>Mon, 2013-02-04 14:29:21 EST</DateTime></Topic><Msg>Simple _ Merrill Lynh Advisors - advise - an plan your packages - which you pay for their services - $$ Merrill Edge - is - do it yourself - an depends on the amount you have invested to the cost .! their costs are self exploratory in the print .!</Msg><Username>da23533</Username><Timestamp>1360013151942</Timestamp><DateTime>Mon, 2013-02-04 16:25:51 EST</DateTime><ThumbUp>0</ThumbUp><ThumbDown>0</ThumbDown><Sentiment/></Message><Message type="ReplyMessage"><Id>1360013244590-124</Id><Topic><Title>New BAC Analyst Report (MUST SEE)</Title><Username>micahanderson324</Username><Timestamp>1359886231659</Timestamp><DateTime>Sun, 2013-02-03 05:10:31 EST</DateTime></Topic><Msg>Important report</Msg><Username>albertlee911</Username><Timestamp>1360013244590</Timestamp><DateTime>Mon, 2013-02-04 16:27:24 EST</DateTime><ThumbUp>0</ThumbUp><ThumbDown>5</ThumbDown><Sentiment/></Message><Message type="TopicMessage"><Id>1360013481602-125</Id><Title>cnbc ws nyse organized crime at it's finest</Title><Msg>trust me cnbc doesn't report business news..they front run the rigged criminal action..</Msg><Username>tom.foolery2</Username><Timestamp>1360013481602</Timestamp><DateTime>Mon, 2013-02-04 16:31:21 EST</DateTime><ThumbUp>3</ThumbUp><ThumbDown>0</ThumbDown><Sentiment/></Message><Message type="TopicMessage"><Id>1360013570440-126</Id><Title>printing money yank</Title><Msg>Too lazy for working.</Msg><Username>warrenbuffono</Username><Timestamp>1360013570440</Timestamp><DateTime>Mon, 2013-02-04 16:32:50 EST</DateTime><ThumbUp>0</ThumbUp><ThumbDown>0</ThumbDown><Sentiment/></Message><Message type="ReplyMessage"><Id>1360013684343-127</Id><Topic><Title>cnbc ws nyse organized crime at it's finest</Title><Username>tom.foolery2</Username><Timestamp>1360013481602</Timestamp><DateTime>Mon, 2013-02-04 16:31:21 EST</DateTime></Topic><Msg>Printing mega numbers Dollars buying the bad assets from GS and GS was buying assets in Europe. Now they will crashing the markets.</Msg><Username>warrenbuffono</Username><Timestamp>1360013684343</Timestamp><DateTime>Mon, 2013-02-04 16:34:44 EST</DateTime><ThumbUp>3</ThumbUp><ThumbDown>0</ThumbDown><Sentiment/></Message><Message type="ReplyMessage"><Id>1360014280758-128</Id><Topic><Title>cnbc ws nyse organized crime at it's finest</Title><Username>tom.foolery2</Username><Timestamp>1360013481602</Timestamp><DateTime>Mon, 2013-02-04 16:31:21 EST</DateTime></Topic><Msg>among other things..lol for sure</Msg><Username>tom.foolery2</Username><Timestamp>1360014280758</Timestamp><DateTime>Mon, 2013-02-04 16:44:40 EST</DateTime><ThumbUp>1</ThumbUp><ThumbDown>0</ThumbDown><Sentiment/></Message><Message type="ReplyMessage"><Id>1360015954954-129</Id><Topic><Title>Bank of America Corporation UPDATED CHARTS!!!!</Title><Username>phalansterianismkanisha</Username><Timestamp>1359745475092</Timestamp><DateTime>Fri, 2013-02-01 14:04:35 EST</DateTime></Topic><Msg>What are they thinking?</Msg><Username>rcadadrienne</Username><Timestamp>1360015954954</Timestamp><DateTime>Mon, 2013-02-04 17:12:34 EST</DateTime><ThumbUp>0</ThumbUp><ThumbDown>5</ThumbDown><Sentiment/></Message><Message type="ReplyMessage"><Id>1360016272619-130</Id><Topic><Title>How would a Merrill Lynch spinoff affect current shareholders?</Title><Username>gamblin09</Username><Timestamp>1360010042946</Timestamp><DateTime>Mon, 2013-02-04 15:34:02 EST</DateTime></Topic><Msg>They will. There was an article on SA not to long ago. If I remember right, they prefer to pay back their old BofA bonds prematurely but not these of ML. Could be, if the bank has stabilized, they see no further need for an integrated investment branch that draws unnecessary risk into the consolidated business. For now they need ML to generate cash. I don't see action the next two years but I'm sure it will happen.</Msg><Username>marius.munin</Username><Timestamp>1360016272619</Timestamp><DateTime>Mon, 2013-02-04 17:17:52 EST</DateTime><ThumbUp>0</ThumbUp><ThumbDown>0</ThumbDown><Sentiment/></Message><Message type="TopicMessage"><Id>1360017629650-131</Id><Title>Super boil idiots</Title><Msg>American football i did never seeing so much stupid idiots.</Msg><Username>warrenbuffono</Username><Timestamp>1360017629650</Timestamp><DateTime>Mon, 2013-02-04 17:40:29 EST</DateTime><ThumbUp>0</ThumbUp><ThumbDown>0</ThumbDown><Sentiment/></Message><Message type="ReplyMessage"><Id>1360018139476-132</Id><Topic><Title>BAC is HEADED to 3.59 by AUGUST 2013!!!! JUST CHECK MY OTHER LONG-TERM PREDICTIONS</Title><Username>traderx1966</Username><Timestamp>1359722236235</Timestamp><DateTime>Fri, 2013-02-01 07:37:16 EST</DateTime></Topic><Msg>You post nonsense/tripe .</Msg><Username>cincyyyyy</Username><Timestamp>1360018139476</Timestamp><DateTime>Mon, 2013-02-04 17:48:59 EST</DateTime><ThumbUp>0</ThumbUp><ThumbDown>0</ThumbDown><Sentiment/></Message><Message type="ReplyMessage"><Id>1360020514116-133</Id><Topic><Title>What Was Mein Führer To Do?</Title><Username>sarcasm_and_witticism</Username><Timestamp>1357941731250</Timestamp><DateTime>Fri, 2013-01-11 17:02:11 EST</DateTime></Topic><Msg>BBump time again Later... SW</Msg><Username>sarcasm_and_witticism</Username><Timestamp>1360020514116</Timestamp><DateTime>Mon, 2013-02-04 18:28:34 EST</DateTime><ThumbUp>0</ThumbUp><ThumbDown>1</ThumbDown><Sentiment/></Message><Message type="ReplyMessage"><Id>1360020639102-134</Id><Topic><Title>There Is A Race War Against Whites</Title><Username>sarcasm_ent_witticism</Username><Timestamp>1355202851788</Timestamp><DateTime>Tue, 2012-12-11 00:14:11 EST</DateTime></Topic><Msg>Mason, switching ids again? Later... SW</Msg><Username>sarcasm_and_witticism</Username><Timestamp>1360020639102</Timestamp><DateTime>Mon, 2013-02-04 18:30:39 EST</DateTime><ThumbUp>1</ThumbUp><ThumbDown>1</ThumbDown><Sentiment/></Message><Message type="ReplyMessage"><Id>1360020934414-135</Id><Topic><Title>What Was Mein Führer To Do?</Title><Username>sarcasm_unt_witticism</Username><Timestamp>1342721499341</Timestamp><DateTime>Thu, 2012-07-19 14:11:39 EDT</DateTime></Topic><Msg>Which gang member do you think is gamblin09? Mason? Stan? Larry? Warren? Janet? Later... SW</Msg><Username>sarcasm_and_witticism</Username><Timestamp>1360020934414</Timestamp><DateTime>Mon, 2013-02-04 18:35:34 EST</DateTime><ThumbUp>0</ThumbUp><ThumbDown>1</ThumbDown><Sentiment/></Message><Message type="TopicMessage"><Id>1360021164159-136</Id><Title>Mark my words short/leaps</Title><Msg>Leaps</Msg><Username>vtbrandts</Username><Timestamp>1360021164159</Timestamp><DateTime>Mon, 2013-02-04 18:39:24 EST</DateTime><ThumbUp>0</ThumbUp><ThumbDown>0</ThumbDown><Sentiment/></Message><Message type="TopicMessage"><Id>1360021244226-137</Id><Title>Where is Warren's Attempt at a Coherent Synopsis???</Title><Msg>So...who out there thinks Warren will once again regale us with yet another feeble and failed attempt at a coherent synopsis of a left leaning, liberal, "ratings-challenged", msm televsion programme, just to have it summarily deleted by the Yahoo clean-up crew during the week?  Once deleted, do you think Warren will try to repost the dribble again, just to have it summarily deleted a second time?  LMAO Later... SW</Msg><Username>sarcasm_and_witticism</Username><Timestamp>1360021244226</Timestamp><DateTime>Mon, 2013-02-04 18:40:44 EST</DateTime><ThumbUp>0</ThumbUp><ThumbDown>1</ThumbDown><Sentiment/></Message><Message type="ReplyMessage"><Id>1360021390472-138</Id><Topic><Title>BAC is HEADED to 3.59 by AUGUST 2013!!!! JUST CHECK MY OTHER LONG-TERM PREDICTIONS</Title><Username>traderx1966</Username><Timestamp>1359722236235</Timestamp><DateTime>Fri, 2013-02-01 07:37:16 EST</DateTime></Topic><Msg>Your date might be off but your right this stock is going down....BAC is going belly up. I will give it maybe 3yrs. Buy LEAPS and get rich.</Msg><Username>vtbrandts</Username><Timestamp>1360021390472</Timestamp><DateTime>Mon, 2013-02-04 18:43:10 EST</DateTime><ThumbUp>1</ThumbUp><ThumbDown>2</ThumbDown><Sentiment/></Message><Message type="ReplyMessage"><Id>1360022407113-139</Id><Topic><Title>Do Republicans lip-synced God bless America when butt smooching Plutocrat donors?</Title><Username>andym_30054</Username><Timestamp>1359682529599</Timestamp><DateTime>Thu, 2013-01-31 20:35:29 EST</DateTime></Topic><Msg>The only bar you would recognize is the one you go to to fill the void between your cheeks. You decide which cheeks and which bar. Liberals, like you, have no idea what intelligence is. You substitute emotion, in the form of rebelling against your parents or orderly society, for intelligence. News flash for the ignorant: it isn't. It's just emotionalism and get-along, feel-good, symbolic hatred for anything that is meaningful along with the make-me-popular embrace of everything that is not. Your ignorance would be overwhelming were it not so prolific. You are the product of mal-education, and you will forever be worse for it. In essence, you don't matter anymore. What you advocate can be advocated by any coward who is afraid to stand for something meaningful. Facing the test of life, leadership, and what matters most, you fail.</Msg><Username>flippant_1</Username><Timestamp>1360022407113</Timestamp><DateTime>Mon, 2013-02-04 19:00:07 EST</DateTime><ThumbUp>0</ThumbUp><ThumbDown>0</ThumbDown><Sentiment/></Message><Message type="ReplyMessage"><Id>1360022505397-140</Id><Topic><Title>Do Republicans lip-synced God bless America when butt smooching Plutocrat donors?</Title><Username>andym_30054</Username><Timestamp>1359682529599</Timestamp><DateTime>Thu, 2013-01-31 20:35:29 EST</DateTime></Topic><Msg>I'm not interested in your opinion. I'm trying to educate a fool who appears to be incapable of basic human understanding. It may take a lifetime, but I'm not going to bow down to your incessant stupdity.</Msg><Username>flippant_1</Username><Timestamp>1360022505397</Timestamp><DateTime>Mon, 2013-02-04 19:01:45 EST</DateTime><ThumbUp>0</ThumbUp><ThumbDown>0</ThumbDown><Sentiment/></Message><Message type="ReplyMessage"><Id>1360022587872-141</Id><Topic><Title>Are most people from Alabama inbreeds? I met a girl from Alabama who has 7 toes..</Title><Username>pfswsucks</Username><Timestamp>1360013399522</Timestamp><DateTime>Mon, 2013-02-04 16:29:59 EST</DateTime></Topic><Msg>Intolerant shallow liberal hack.</Msg><Username>flippant_1</Username><Timestamp>1360022587872</Timestamp><DateTime>Mon, 2013-02-04 19:03:07 EST</DateTime><ThumbUp>1</ThumbUp><ThumbDown>1</ThumbDown><Sentiment/></Message><Message type="ReplyMessage"><Id>1360022756044-142</Id><Topic><Title>BAC is HEADED to 3.59 by AUGUST 2013!!!! JUST CHECK MY OTHER LONG-TERM PREDICTIONS</Title><Username>traderx1966</Username><Timestamp>1359722236235</Timestamp><DateTime>Fri, 2013-02-01 07:37:16 EST</DateTime></Topic><Msg>Remember this one. But forget all his other posts for the last 2 years LOL It's nice to see the our resident clown/psychopath turdiex back.</Msg><Username>ispyafake11</Username><Timestamp>1360022756044</Timestamp><DateTime>Mon, 2013-02-04 19:05:56 EST</DateTime><ThumbUp>0</ThumbUp><ThumbDown>0</ThumbDown><Sentiment/></Message><Message type="ReplyMessage"><Id>1360022833488-143</Id><Topic><Title>How would a Merrill Lynch spinoff affect current shareholders?</Title><Username>gamblin09</Username><Timestamp>1360010042946</Timestamp><DateTime>Mon, 2013-02-04 15:34:02 EST</DateTime></Topic><Msg>I wouldn't invest a lot of time in that line of thought. Investment banking is a core requirement for money center banking for corporate &amp; comm'l accounts, and WIM is core to higher end clients (pvt bk and mass affluent) who have deeper relationships and drive fee revenue. If BAC were to spin off ML, it would have to re-create it, sans expertise. Not going to happen.</Msg><Username>flippant_1</Username><Timestamp>1360022833488</Timestamp><DateTime>Mon, 2013-02-04 19:07:13 EST</DateTime><ThumbUp>0</ThumbUp><ThumbDown>0</ThumbDown><Sentiment/></Message><Message type="TopicMessage"><Id>1360022925563-144</Id><Title>Menendez needs to go....Yes? ....No?</Title><Msg>Did he violate ethics?</Msg><Username>urichey</Username><Timestamp>1360022925563</Timestamp><DateTime>Mon, 2013-02-04 19:08:45 EST</DateTime><ThumbUp>1</ThumbUp><ThumbDown>0</ThumbDown><Sentiment/></Message><Message type="ReplyMessage"><Id>1360023252378-145</Id><Topic><Title>AH HA Teabaggers 14K Should have bought Obama stock market instead of Guns, Gold and Ammo !</Title><Username>pfswsucks</Username><Timestamp>1359743864894</Timestamp><DateTime>Fri, 2013-02-01 13:37:44 EST</DateTime></Topic><Msg>You didn't have a point. And you cannot define "exactly" except in terms of being "exactly" an unthinking, indoctrinated liberal idiot. How does my nailing your intelligence to the number zero reflect inbreeding on my part? I thought the fact that you rely completely on meaningless epithets and stupid strawmen to make all of your idiotic "points" would entitle *you* to being a first class imbecile. Don't you agree? Certainly everyone else with more than half a brain does.</Msg><Username>flippant_1</Username><Timestamp>1360023252378</Timestamp><DateTime>Mon, 2013-02-04 19:14:12 EST</DateTime><ThumbUp>0</ThumbUp><ThumbDown>0</ThumbDown><Sentiment/></Message><Message type="ReplyMessage"><Id>1360023684720-146</Id><Topic><Title>Menendez needs to go....Yes? ....No?</Title><Username>urichey</Username><Timestamp>1360022925563</Timestamp><DateTime>Mon, 2013-02-04 19:08:45 EST</DateTime></Topic><Msg>At the end of it all, assuming the people don't accept his alleged child-humping perversions, his career epitaph will probably read "he came and he went". That's more than a little disgusting if you think on it too long, but then the truth sometimes is... Yes, he needs to go. So does Harry. Straight to prison. Neither one knows what ethics are (or "is"). But, that's precisely why they probably won't go. There is no honor among thieves, nor child molesters.</Msg><Username>flippant_1</Username><Timestamp>1360023684720</Timestamp><DateTime>Mon, 2013-02-04 19:21:24 EST</DateTime><ThumbUp>0</ThumbUp><ThumbDown>1</ThumbDown><Sentiment/></Message><Message type="ReplyMessage"><Id>1360024150651-147</Id><Topic><Title>BAC is HEADED to 3.59 by AUGUST 2013!!!! JUST CHECK MY OTHER LONG-TERM PREDICTIONS</Title><Username>traderx1966</Username><Timestamp>1359722236235</Timestamp><DateTime>Fri, 2013-02-01 07:37:16 EST</DateTime></Topic><Msg>Laughable that you pulled a number out of thin air for your support level. If the stock is going to tank 75%, why should it stop at $3.59? Better yet, can you give us a more specific date in August when this will all occur? We'd all like to sell our stocks the day before and convert to gold, if you don't mind. In this political and regulatory environment, and with the capital levels that would have to be headed for depletion to accomplish what you say, the stock would simply go to zero on the friday that the regulators would take over. Your scenario is simply not going to happen without a major catalyst. And if that catalyst appears, your money won't be worth anything anymore anyway. A broken clock is right twice a day.</Msg><Username>flippant_1</Username><Timestamp>1360024150651</Timestamp><DateTime>Mon, 2013-02-04 19:29:10 EST</DateTime><ThumbUp>0</ThumbUp><ThumbDown>0</ThumbDown><Sentiment/></Message><Message type="TopicMessage"><Id>1360024414443-148</Id><Title>The argument is that BAC will go up from here</Title><Msg>No matter how stupid you are that is your business however our analysis convinced our members and readers BAC will go up from this moment on, oh well except for a few bumps on the road lately....</Msg><Username>kingofvietnam</Username><Timestamp>1360024414443</Timestamp><DateTime>Mon, 2013-02-04 19:33:34 EST</DateTime><ThumbUp>1</ThumbUp><ThumbDown>1</ThumbDown><Sentiment>Strong Buy</Sentiment></Message><Message type="ReplyMessage"><Id>1360024746564-149</Id><Topic><Title>There Is A Race War Against Whites</Title><Username>sarcasm_ent_witticism</Username><Timestamp>1355202851788</Timestamp><DateTime>Tue, 2012-12-11 00:14:11 EST</DateTime></Topic><Msg>So why did whitey kill Jesus?</Msg><Username>buddhazenpeace</Username><Timestamp>1360024746564</Timestamp><DateTime>Mon, 2013-02-04 19:39:06 EST</DateTime><ThumbUp>0</ThumbUp><ThumbDown>1</ThumbDown><Sentiment/></Message><Message type="ReplyMessage"><Id>1360024771476-150</Id><Topic><Title>BAC is HEADED to 3.59 by AUGUST 2013!!!! JUST CHECK MY OTHER LONG-TERM PREDICTIONS</Title><Username>traderx1966</Username><Timestamp>1359722236235</Timestamp><DateTime>Fri, 2013-02-01 07:37:16 EST</DateTime></Topic><Msg>BAC will not go to the $3 range, however, I do believe is will drop below double digits in the $7-$8 range-IMHO, they still have alot issues &amp; huge number of shares outstanding.</Msg><Username>bookerone2000</Username><Timestamp>1360024771476</Timestamp><DateTime>Mon, 2013-02-04 19:39:31 EST</DateTime><ThumbUp>0</ThumbUp><ThumbDown>1</ThumbDown><Sentiment/></Message><Message type="ReplyMessage"><Id>1360025381104-151</Id><Topic><Title>So, did anyone figure out how the employment is gettng better while GDP goes down?</Title><Username>ekonprophet</Username><Timestamp>1360024512114</Timestamp><DateTime>Mon, 2013-02-04 19:35:12 EST</DateTime></Topic><Msg>Simple. The private sector has been able to overcome the lack of leadership and bad policy from the White House and Senate.</Msg><Username>drc388</Username><Timestamp>1360025381104</Timestamp><DateTime>Mon, 2013-02-04 19:49:41 EST</DateTime><ThumbUp>1</ThumbUp><ThumbDown>0</ThumbDown><Sentiment/></Message><Message type="ReplyMessage"><Id>1360025619799-152</Id><Topic><Title>How would a Merrill Lynch spinoff affect current shareholders?</Title><Username>gamblin09</Username><Timestamp>1360010042946</Timestamp><DateTime>Mon, 2013-02-04 15:34:02 EST</DateTime></Topic><Msg>Why not two economic independent but close together working units? BofA - low yield/ low risk business, ML - high yield/ high risk. Working exclusively together, maybe ML scooping the market for oppotunities. BAC buys back stock, spinns off ML. They give 1/3 to BAC, 2/3 to shareholders, ML gets (1/3ML)% of BAC .... or so. BAC outsourced the the risk but has strong bindings in place. This could be seamless integrated so the clients are not affected. Correct me if I'm wrong</Msg><Username>marius.munin</Username><Timestamp>1360025619799</Timestamp><DateTime>Mon, 2013-02-04 19:53:39 EST</DateTime><ThumbUp>0</ThumbUp><ThumbDown>0</ThumbDown><Sentiment/></Message><Message type="ReplyMessage"><Id>1360025634995-153</Id><Topic><Title>BAC is HEADED to 3.59 by AUGUST 2013!!!! JUST CHECK MY OTHER LONG-TERM PREDICTIONS</Title><Username>traderx1966</Username><Timestamp>1359722236235</Timestamp><DateTime>Fri, 2013-02-01 07:37:16 EST</DateTime></Topic><Msg>I'm not saying it can't happen. If this country cannot push itself away from the table of government-sponsored solutions to government-created problems, then I think TX's prediction of a support level is optimistic, and that's what I was basically saying. But thinking along the lines of what it would take for such an event to occur now, after the credit policy belt has been tightened to the point that the food has backed up toward the esophagus... It just doesn't seem plausible, nor does it seem to reflect the realities of the current economic environment. No, we aren't creating jobs (the notion we are is fabulously misrepresented as the workforce contracts month over month). No, we aren't showing signs of economic growth, not in the classical sense. But in the new norm of Jimmy Carter 2 where malaise reigns supreme, we seem to be finding our way, accepting the new circumstances, the new normal (so to speak) of government populist blundering on a herculean scale. And in that light, I'd expect nothing more than a flat trajectory until the banking world can toss aside the newfound regulations -- imposed by the chief architects of the last crisis -- and start delivering "free" products to consumers that generate huge revenues from merchants. And now my rose colored glasses need to be cleaned.</Msg><Username>flippant_1</Username><Timestamp>1360025634995</Timestamp><DateTime>Mon, 2013-02-04 19:53:54 EST</DateTime><ThumbUp>0</ThumbUp><ThumbDown>0</ThumbDown><Sentiment/></Message><Message type="ReplyMessage"><Id>1360025871229-154</Id><Topic><Title>Are most people from Alabama inbreeds? I met a girl from Alabama who has 7 toes..</Title><Username>pfswsucks</Username><Timestamp>1360013399522</Timestamp><DateTime>Mon, 2013-02-04 16:29:59 EST</DateTime></Topic><Msg>By that argument, I shouldn't file a tax return this year except to request return of, oh, I don't know, about a hundred grand that was withheld from my pay. Like Starkdirt and the illegals, I paid my taxes at the 7-eleven when I bought a soda.</Msg><Username>flippant_1</Username><Timestamp>1360025871229</Timestamp><DateTime>Mon, 2013-02-04 19:57:51 EST</DateTime><ThumbUp>1</ThumbUp><ThumbDown>1</ThumbDown><Sentiment/></Message><Message type="ReplyMessage"><Id>1360026046387-155</Id><Topic><Title>Obama is becoming a very obnoxious liberal ash hole !</Title><Username>kingofvietnam</Username><Timestamp>1360024937716</Timestamp><DateTime>Mon, 2013-02-04 19:42:17 EST</DateTime></Topic><Msg>The goal of the lgbt bumpluggers is not to get their members into the boy scouts (horrible innuendo, that), it's to destroy the organization. And this will accomplish that.</Msg><Username>flippant_1</Username><Timestamp>1360026046387</Timestamp><DateTime>Mon, 2013-02-04 20:00:46 EST</DateTime><ThumbUp>3</ThumbUp><ThumbDown>2</ThumbDown><Sentiment/></Message><Message type="ReplyMessage"><Id>1360026453257-156</Id><Topic><Title>BAC is HEADED to 3.59 by AUGUST 2013!!!! JUST CHECK MY OTHER LONG-TERM PREDICTIONS</Title><Username>traderx1966</Username><Timestamp>1359722236235</Timestamp><DateTime>Fri, 2013-02-01 07:37:16 EST</DateTime></Topic><Msg>Again, thanks TRADERX for your contribution to my last Soc.Sec. Check and again I accumulated another $117 accrued interest today from all those US banks and corporatioins. I am going to let you into a little secret. Now, this is just between you and me. Those years due to mortgage problems that you're talking about are behind BAC. It is only going to get better from now on for them. That will be evident when they increase their dividend which should happen next quarter. Take it from me, take your profits from those years and don't risk it, because of passed victories. One too many victories increases the odds to failure.</Msg><Username>m.inally</Username><Timestamp>1360026453257</Timestamp><DateTime>Mon, 2013-02-04 20:07:33 EST</DateTime><ThumbUp>0</ThumbUp><ThumbDown>0</ThumbDown><Sentiment>Strong Buy</Sentiment></Message><Message type="ReplyMessage"><Id>1360026675287-157</Id><Topic><Title>How would a Merrill Lynch spinoff affect current shareholders?</Title><Username>gamblin09</Username><Timestamp>1360010042946</Timestamp><DateTime>Mon, 2013-02-04 15:34:02 EST</DateTime></Topic><Msg>Banks don't flex their balance sheets to earn interest income from loans at the lowest possible rates of return. They do it to get the investment banking business in the first place. That's the concept, anyway. The picture you describe is exactly what the IB houses wanted in the 90's. The banks didn't go for it, instead electing to cut off lending for corporates that had single-sourced their lucrative IB fee business elsewhere. The IBs didn't have the balance sheet of real banks, so they couldn't play ball by lending. That pictorial of a bank playing with an IB firm is not synergistic, it's predatory on the part of the IB for as long as the bank is stupid enough to send all of the good revenue to the IB.</Msg><Username>flippant_1</Username><Timestamp>1360026675287</Timestamp><DateTime>Mon, 2013-02-04 20:11:15 EST</DateTime><ThumbUp>0</ThumbUp><ThumbDown>0</ThumbDown><Sentiment/></Message><Message type="ReplyMessage"><Id>1360026732750-158</Id><Topic><Title>Hey dirt tell us what we are getting for all that money obama is spending?</Title><Username>zevoter22</Username><Timestamp>1360025926108</Timestamp><DateTime>Mon, 2013-02-04 19:58:46 EST</DateTime></Topic><Msg>I think he got a soda at 7-eleven, and then claimed it as payment of his taxes.</Msg><Username>flippant_1</Username><Timestamp>1360026732750</Timestamp><DateTime>Mon, 2013-02-04 20:12:12 EST</DateTime><ThumbUp>0</ThumbUp><ThumbDown>0</ThumbDown><Sentiment/></Message><Message type="ReplyMessage"><Id>1360026886396-159</Id><Topic><Title>Obama is becoming a very obnoxious liberal ash hole !</Title><Username>kingofvietnam</Username><Timestamp>1360024937716</Timestamp><DateTime>Mon, 2013-02-04 19:42:17 EST</DateTime></Topic><Msg>"threats"?? I see no threats. I see the future. It's simple. As some organizations choose to "play ball" with the lgbt community, others will boycott the jamboree, the popcorn money-raising sales, or any number of other activities. The organization will be pitted against itself. A house divided cannot stand. It's really quite simple. A tragedy you have no foresight. That's what defines a liberal. Platitudes without common sense.</Msg><Username>flippant_1</Username><Timestamp>1360026886396</Timestamp><DateTime>Mon, 2013-02-04 20:14:46 EST</DateTime><ThumbUp>1</ThumbUp><ThumbDown>1</ThumbDown><Sentiment/></Message><Message type="ReplyMessage"><Id>1360026996310-160</Id><Topic><Title>obama govt telling female workers to wear lipstick, and skirts</Title><Username>zevoter22</Username><Timestamp>1360025575661</Timestamp><DateTime>Mon, 2013-02-04 19:52:55 EST</DateTime></Topic><Msg>Stark, you sound envious.</Msg><Username>flippant_1</Username><Timestamp>1360026996310</Timestamp><DateTime>Mon, 2013-02-04 20:16:36 EST</DateTime><ThumbUp>0</ThumbUp><ThumbDown>1</ThumbDown><Sentiment/></Message><Message type="ReplyMessage"><Id>1360027592656-161</Id><Topic><Title>How would a Merrill Lynch spinoff affect current shareholders?</Title><Username>gamblin09</Username><Timestamp>1360010042946</Timestamp><DateTime>Mon, 2013-02-04 15:34:02 EST</DateTime></Topic><Msg>They won't. Look at the business hierarchies in the reports. It's completely integrated into consumer and corporate banking. Minus the mortgage business, which is still a complete cluster . Subtracting the complete cluster , you've got a single entity driven by a commercial banker and an investment banker. And a lawyer above both. Hmmmmm... After re-reading that, I suddenly have a compulsion to sell, for some reason.</Msg><Username>flippant_1</Username><Timestamp>1360027592656</Timestamp><DateTime>Mon, 2013-02-04 20:26:32 EST</DateTime><ThumbUp>0</ThumbUp><ThumbDown>0</ThumbDown><Sentiment/></Message><Message type="ReplyMessage"><Id>1360027728285-162</Id><Topic><Title>Obama is becoming a very obnoxious liberal ash hole !</Title><Username>kingofvietnam</Username><Timestamp>1360024937716</Timestamp><DateTime>Mon, 2013-02-04 19:42:17 EST</DateTime></Topic><Msg>Stop trying to live vicariously through me.</Msg><Username>flippant_1</Username><Timestamp>1360027728285</Timestamp><DateTime>Mon, 2013-02-04 20:28:48 EST</DateTime><ThumbUp>0</ThumbUp><ThumbDown>0</ThumbDown><Sentiment/></Message><Message type="TopicMessage"><Id>1360028078829-163</Id><Title>sold all mt ETF acount today, and left only the banks shares, i do believe that the market is due for</Title><Msg>a 10% to 20% correction, I think we will see on the dow 12500 to 12800 before we see 14500, GLTA.</Msg><Username>stevens1958</Username><Timestamp>1360028078829</Timestamp><DateTime>Mon, 2013-02-04 20:34:38 EST</DateTime><ThumbUp>2</ThumbUp><ThumbDown>1</ThumbDown><Sentiment>Strong Buy</Sentiment></Message><Message type="TopicMessage"><Id>1360028538538-164</Id><Title>We forecasted banksters will do pretty well</Title><Msg>Has nottin much to do with the economy. Maybe just the sizzlings of real estates. Currently we can see banksters got the upper hands.</Msg><Username>kingofvietnam</Username><Timestamp>1360028538538</Timestamp><DateTime>Mon, 2013-02-04 20:42:18 EST</DateTime><ThumbUp>2</ThumbUp><ThumbDown>2</ThumbDown><Sentiment/></Message><Message type="ReplyMessage"><Id>1360030548307-165</Id><Topic><Title>BAC or</Title><Username>stockmasterp</Username><Timestamp>1359393609310</Timestamp><DateTime>Mon, 2013-01-28 12:20:09 EST</DateTime></Topic><Msg>RNN nice run</Msg><Username>worldstockmarket</Username><Timestamp>1360030548307</Timestamp><DateTime>Mon, 2013-02-04 21:15:48 EST</DateTime><ThumbUp>0</ThumbUp><ThumbDown>0</ThumbDown><Sentiment>Strong Buy</Sentiment></Message><Message type="ReplyMessage"><Id>1360031252030-166</Id><Topic><Title>We forecasted banksters will do pretty well</Title><Username>kingofvietnam</Username><Timestamp>1360028538538</Timestamp><DateTime>Mon, 2013-02-04 20:42:18 EST</DateTime></Topic><Msg>might have something to do with the Billions that MBI will soon get out of the "banksters" after their settlement... Not to mention the Billions more that the "banksters" at BAC will be paying in new litigation...</Msg><Username>vladwallachia</Username><Timestamp>1360031252030</Timestamp><DateTime>Mon, 2013-02-04 21:27:32 EST</DateTime><ThumbUp>0</ThumbUp><ThumbDown>0</ThumbDown><Sentiment>Strong Sell</Sentiment></Message><Message type="ReplyMessage"><Id>1360031570742-167</Id><Topic><Title>The argument is that BAC will go up from here</Title><Username>kingofvietnam</Username><Timestamp>1360024414443</Timestamp><DateTime>Mon, 2013-02-04 19:33:34 EST</DateTime></Topic><Msg>Your analysis must have missed a few key legal cases going to trial soon and a settlement to MBI that will cost BAC BILLIONS... to bad for your "readers". genius</Msg><Username>vladwallachia</Username><Timestamp>1360031570742</Timestamp><DateTime>Mon, 2013-02-04 21:32:50 EST</DateTime><ThumbUp>0</ThumbUp><ThumbDown>2</ThumbDown><Sentiment>Strong Sell</Sentiment></Message><Message type="TopicMessage"><Id>1360031754195-168</Id><Title>go down to 7</Title><Msg>i will buy 1000 sh.</Msg><Username>choutony</Username><Timestamp>1360031754195</Timestamp><DateTime>Mon, 2013-02-04 21:35:54 EST</DateTime><ThumbUp>0</ThumbUp><ThumbDown>1</ThumbDown><Sentiment/></Message><Message type="TopicMessage"><Id>1360032361770-169</Id><Title>Euro Crisis Again???</Title><Msg>What a joke. Or European just can't let the euro go up any more against dollars. This will kill their export. So they let some smoke out? Market manipulation by government, this is not the market we are used to.</Msg><Username>observer777</Username><Timestamp>1360032361770</Timestamp><DateTime>Mon, 2013-02-04 21:46:01 EST</DateTime><ThumbUp>0</ThumbUp><ThumbDown>0</ThumbDown><Sentiment/></Message><Message type="ReplyMessage"><Id>1360033234032-170</Id><Topic><Title>The argument is that BAC will go up from here</Title><Username>kingofvietnam</Username><Timestamp>1360024414443</Timestamp><DateTime>Mon, 2013-02-04 19:33:34 EST</DateTime></Topic><Msg>Like I have been telling my Vietmanese people so I will tell you the same by November of this year BAC will cross $18 bucks......READ MY LIPS ! $18 BUCKS ! The fact that you pulled some MBI news into scarrying the Vietmaneses to buy Bank America is just hillarious ! Your scare tactics will never work !</Msg><Username>kingofvietnam</Username><Timestamp>1360033234032</Timestamp><DateTime>Mon, 2013-02-04 22:00:34 EST</DateTime><ThumbUp>0</ThumbUp><ThumbDown>1</ThumbDown><Sentiment/></Message><Message type="ReplyMessage"><Id>1360034813968-171</Id><Topic><Title>Obama is becoming a very obnoxious liberal ash hole !</Title><Username>kingofvietnam</Username><Timestamp>1360024937716</Timestamp><DateTime>Mon, 2013-02-04 19:42:17 EST</DateTime></Topic><Msg>No green peppers in the super market for the 2013 Super Bowl ... but Big Data had the 1978 speech from Paul Harvey at the Farmers Convention to feed the soul...lol Last Vegas</Msg><Username>vieweroutrage</Username><Timestamp>1360034813968</Timestamp><DateTime>Mon, 2013-02-04 22:26:53 EST</DateTime><ThumbUp>1</ThumbUp><ThumbDown>1</ThumbDown><Sentiment/></Message><Message type="TopicMessage"><Id>1360036811295-172</Id><Title>OXF - Best Value of 2013</Title><Msg>Energy Boom Major Breakout Trade!</Msg><Username>soundenergypartners</Username><Timestamp>1360036811295</Timestamp><DateTime>Mon, 2013-02-04 23:00:11 EST</DateTime><ThumbUp>0</ThumbUp><ThumbDown>2</ThumbDown><Sentiment>Strong Buy</Sentiment></Message><Message type="TopicMessage"><Id>1360039133463-173</Id><Title>Romney to run for Massachewsetts Senate to replace Kerry</Title><Msg>He should get at least 47% of the vote.</Msg><Username>zevoter22</Username><Timestamp>1360039133463</Timestamp><DateTime>Mon, 2013-02-04 23:38:53 EST</DateTime><ThumbUp>0</ThumbUp><ThumbDown>3</ThumbDown><Sentiment/></Message><Message type="TopicMessage"><Id>1360039581594-174</Id><Title>masons mimic of my ID posted dribble all night trying to make me look stupid</Title><Msg>Only an idiot would post dribble about lipstick and dirt and the chinese. mason, do you think you have anyone fooled?</Msg><Username>zevoter22</Username><Timestamp>1360039581594</Timestamp><DateTime>Mon, 2013-02-04 23:46:21 EST</DateTime><ThumbUp>0</ThumbUp><ThumbDown>0</ThumbDown><Sentiment/></Message></Date>