<?xml version="1.0" encoding="UTF-8" standalone="no"?><Date date="2013-03-13"><Message type="ReplyMessage"><Id>1363147348776-1</Id><Topic><Title>IN DEPTH XOM Analyst Report</Title><Username>november_jason</Username><Timestamp>1362658049197</Timestamp><DateTime>Thu, 2013-03-07 07:07:29 EST</DateTime></Topic><Msg>really awesome news.</Msg><Username>morrisedward136</Username><Timestamp>1363147348776</Timestamp><DateTime>Wed, 2013-03-13 00:02:28 EDT</DateTime><ThumbUp>0</ThumbUp><ThumbDown>2</ThumbDown><Sentiment>Hold</Sentiment></Message><Message type="ReplyMessage"><Id>1363147506231-2</Id><Topic><Title>XOM Upgraded to STRONG BUY (EXCLUSIVE REPORT)</Title><Username>sanromanwiliam</Username><Timestamp>1361547275275</Timestamp><DateTime>Fri, 2013-02-22 10:34:35 EST</DateTime></Topic><Msg>really awesome news.</Msg><Username>morrisedward136</Username><Timestamp>1363147506231</Timestamp><DateTime>Wed, 2013-03-13 00:05:06 EDT</DateTime><ThumbUp>0</ThumbUp><ThumbDown>3</ThumbDown><Sentiment>Strong Buy</Sentiment></Message><Message type="ReplyMessage"><Id>1363157368375-3</Id><Topic><Title>Breaking news! Analyst Downgrades Exxon Mobil</Title><Username>lancemiller317</Username><Timestamp>1361447156878</Timestamp><DateTime>Thu, 2013-02-21 06:45:56 EST</DateTime></Topic><Msg>excellent work</Msg><Username>rubenjones55</Username><Timestamp>1363157368375</Timestamp><DateTime>Wed, 2013-03-13 02:49:28 EDT</DateTime><ThumbUp>0</ThumbUp><ThumbDown>1</ThumbDown><Sentiment/></Message><Message type="ReplyMessage"><Id>1363157376449-4</Id><Topic><Title>Exxon Mobil Corporation Upgraded to STRONG BUY (EXCLUSIVE REPORT)</Title><Username>christianson.timothy</Username><Timestamp>1361451418447</Timestamp><DateTime>Thu, 2013-02-21 07:56:58 EST</DateTime></Topic><Msg>excellent work</Msg><Username>rubenjones55</Username><Timestamp>1363157376449</Timestamp><DateTime>Wed, 2013-03-13 02:49:36 EDT</DateTime><ThumbUp>0</ThumbUp><ThumbDown>1</ThumbDown><Sentiment/></Message><Message type="ReplyMessage"><Id>1363163995297-5</Id><Topic><Title>maxidope=dumb</Title><Username>ref_steve_blairstown</Username><Timestamp>1363068794720</Timestamp><DateTime>Tue, 2013-03-12 02:13:14 EDT</DateTime></Topic><Msg>#$%$ commie moron. u couldnt handle another childhood beating. Besides I dont hit girls.</Msg><Username>ref_steve_blairstown</Username><Timestamp>1363163995297</Timestamp><DateTime>Wed, 2013-03-13 04:39:55 EDT</DateTime><ThumbUp>5</ThumbUp><ThumbDown>2</ThumbDown><Sentiment/></Message><Message type="ReplyMessage"><Id>1363182426553-6</Id><Topic><Title>$ Purchase....</Title><Username>hansesteelyard</Username><Timestamp>1363097824138</Timestamp><DateTime>Tue, 2013-03-12 10:17:04 EDT</DateTime></Topic><Msg>sold all $ for € @0.7730 €/$ (1.2936 $/€)...</Msg><Username>hansesteelyard</Username><Timestamp>1363182426553</Timestamp><DateTime>Wed, 2013-03-13 09:47:06 EDT</DateTime><ThumbUp>0</ThumbUp><ThumbDown>2</ThumbDown><Sentiment/></Message><Message type="TopicMessage"><Id>1363183994988-7</Id><Title>Filthy Right Wing Rats</Title><Msg>So it's been a while since I posted here. Oh yes I am fine. And as usual the national proceedings I predicted have been correct(that means I am right to all you Republican idiots). Your beloved Republicans are doing all they can to offshore the national wealth of the United States and destroy our jobs or reduce their wages and create a wider gap between the rich and poor. Yes the Republicans continue to be what hey have always have been, which is nothing more than a destructive force to all things middle and working class in this country. They want to starve granny so they can drop the tax rates on the billionaire class or deny her health care to reach their greedy selfish goals. Meanwhile Obama continues CONTINUES to try to reach out to these extremist rats while they pretend they want to do something to help the country but in the end they won't. Obama will give them things that 20years ago were exactly what Republicans wanted but no. They'll have no part of dealing with him for their goal from day one was to destroy him and if the country goes down the drain so be it. So here we are, we have the Republicans joking about the White House Tours being cut while people all over the country are being furloughed or laid off. They joke, "hahaha maybe Trump will pay for the tours in the Whitehouse.. WHITE being the word they focus on. Meanwhile leech states like Oklahoma watch FAA employees get laid off. Bye, enjoy your small gov't Oklahoman s.. Maybe you can pull yourselves upby your bootstraps and get in the unemployment line with your fellow Republican hypocrites and liars.. And when that runs out I have a recipe for bootstrap fricasee...</Msg><Username>walhieeeeeee</Username><Timestamp>1363183994988</Timestamp><DateTime>Wed, 2013-03-13 10:13:14 EDT</DateTime><ThumbUp>2</ThumbUp><ThumbDown>10</ThumbDown><Sentiment/></Message><Message type="ReplyMessage"><Id>1363184017639-8</Id><Topic><Title>$ Purchase....</Title><Username>hansesteelyard</Username><Timestamp>1363097824138</Timestamp><DateTime>Tue, 2013-03-12 10:17:04 EDT</DateTime></Topic><Msg>gain on £ and $ trades in # euros since 3/7 to now... +0.46%</Msg><Username>hansesteelyard</Username><Timestamp>1363184017639</Timestamp><DateTime>Wed, 2013-03-13 10:13:37 EDT</DateTime><ThumbUp>0</ThumbUp><ThumbDown>2</ThumbDown><Sentiment/></Message><Message type="TopicMessage"><Id>1363184189791-9</Id><Title>Italy CDS---Credit Default Swaps...</Title><Msg>Bought @266... allocation 0.50%... 99.5% German euro deposit for cash funds...</Msg><Username>hansesteelyard</Username><Timestamp>1363184189791</Timestamp><DateTime>Wed, 2013-03-13 10:16:29 EDT</DateTime><ThumbUp>0</ThumbUp><ThumbDown>1</ThumbDown><Sentiment/></Message><Message type="ReplyMessage"><Id>1363184252202-10</Id><Topic><Title>Italy CDS---Credit Default Swaps...</Title><Username>hansesteelyard</Username><Timestamp>1363184189791</Timestamp><DateTime>Wed, 2013-03-13 10:16:29 EDT</DateTime></Topic><Msg>5-Year...CDS</Msg><Username>hansesteelyard</Username><Timestamp>1363184252202</Timestamp><DateTime>Wed, 2013-03-13 10:17:32 EDT</DateTime><ThumbUp>0</ThumbUp><ThumbDown>1</ThumbDown><Sentiment/></Message><Message type="ReplyMessage"><Id>1363185001271-11</Id><Topic><Title>Filthy Right Wing Rats</Title><Username>walhieeeeeee</Username><Timestamp>1363183994988</Timestamp><DateTime>Wed, 2013-03-13 10:13:14 EDT</DateTime></Topic><Msg>When the ship sinks you will not be welcome in Germany. Don't board a plane. You would just find yourself deported if you did come.</Msg><Username>hansesteelyard</Username><Timestamp>1363185001271</Timestamp><DateTime>Wed, 2013-03-13 10:30:01 EDT</DateTime><ThumbUp>3</ThumbUp><ThumbDown>2</ThumbDown><Sentiment/></Message><Message type="ReplyMessage"><Id>1363185546411-12</Id><Topic><Title>XOM Upgraded to STRONG BUY (EXCLUSIVE REPORT)</Title><Username>sanromanwiliam</Username><Timestamp>1361547275275</Timestamp><DateTime>Fri, 2013-02-22 10:34:35 EST</DateTime></Topic><Msg>awesome</Msg><Username>alananderls</Username><Timestamp>1363185546411</Timestamp><DateTime>Wed, 2013-03-13 10:39:06 EDT</DateTime><ThumbUp>0</ThumbUp><ThumbDown>2</ThumbDown><Sentiment>Strong Buy</Sentiment></Message><Message type="ReplyMessage"><Id>1363185614908-13</Id><Topic><Title>IN DEPTH XOM Analyst Report</Title><Username>november_jason</Username><Timestamp>1362658049197</Timestamp><DateTime>Thu, 2013-03-07 07:07:29 EST</DateTime></Topic><Msg>awesome</Msg><Username>alananderls</Username><Timestamp>1363185614908</Timestamp><DateTime>Wed, 2013-03-13 10:40:14 EDT</DateTime><ThumbUp>0</ThumbUp><ThumbDown>1</ThumbDown><Sentiment>Strong Buy</Sentiment></Message><Message type="ReplyMessage"><Id>1363187362902-14</Id><Topic><Title>13 INDICATOR XOM BUY/SELL/HOLD REPORT !</Title><Username>barry.white95</Username><Timestamp>1362318160412</Timestamp><DateTime>Sun, 2013-03-03 08:42:40 EST</DateTime></Topic><Msg>Awesome info , thanks !</Msg><Username>bradleymoore597</Username><Timestamp>1363187362902</Timestamp><DateTime>Wed, 2013-03-13 11:09:22 EDT</DateTime><ThumbUp>0</ThumbUp><ThumbDown>2</ThumbDown><Sentiment/></Message><Message type="ReplyMessage"><Id>1363187427429-15</Id><Topic><Title>XOM Insider Trading Reported !!</Title><Username>rose.lazo</Username><Timestamp>1361977364676</Timestamp><DateTime>Wed, 2013-02-27 10:02:44 EST</DateTime></Topic><Msg>Awesome info , thanks !</Msg><Username>bradleymoore597</Username><Timestamp>1363187427429</Timestamp><DateTime>Wed, 2013-03-13 11:10:27 EDT</DateTime><ThumbUp>0</ThumbUp><ThumbDown>1</ThumbDown><Sentiment/></Message><Message type="ReplyMessage"><Id>1363189276373-16</Id><Topic><Title>Breaking news! Analyst Downgrades Exxon Mobil</Title><Username>lancemiller317</Username><Timestamp>1361447156878</Timestamp><DateTime>Thu, 2013-02-21 06:45:56 EST</DateTime></Topic><Msg>good one</Msg><Username>lancemiller317</Username><Timestamp>1363189276373</Timestamp><DateTime>Wed, 2013-03-13 11:41:16 EDT</DateTime><ThumbUp>0</ThumbUp><ThumbDown>2</ThumbDown><Sentiment/></Message><Message type="ReplyMessage"><Id>1363189285135-17</Id><Topic><Title>Exxon Mobil Corporation Upgraded to STRONG BUY (EXCLUSIVE REPORT)</Title><Username>christianson.timothy</Username><Timestamp>1361451418447</Timestamp><DateTime>Thu, 2013-02-21 07:56:58 EST</DateTime></Topic><Msg>good one</Msg><Username>lancemiller317</Username><Timestamp>1363189285135</Timestamp><DateTime>Wed, 2013-03-13 11:41:25 EDT</DateTime><ThumbUp>0</ThumbUp><ThumbDown>1</ThumbDown><Sentiment/></Message><Message type="TopicMessage"><Id>1363189613129-18</Id><Title>America's alarming birth pattern....</Title><Msg>*50% of US births are now non-white. *The US population is being driven upward entirely by non-white births and Mexican immigration. These trends have important economic impacts. The non-white population (apart from a few asians) has almost no net worth in America which is a very good indication that they do not understand capitalism on a cultural level. Having failed to understand capitalism, the non-white population looks to the government as a means to survive. This non-white group is not interested in using the government to pursue socially useful projects either like space flight, environmental protection, advanced energy technologies, and higher education spending to push them forward. No, they are interested in more basic things: welfare payments, unemployment, subsidized energy prices, subsidized housing, subsidized cell phones, and of course if anyone proposed increasing the cost of their fast food, condoms, and other purchases with sales taxes they would object... What would be the point of spending more on higher education for such people?</Msg><Username>hansesteelyard</Username><Timestamp>1363189613129</Timestamp><DateTime>Wed, 2013-03-13 11:46:53 EDT</DateTime><ThumbUp>2</ThumbUp><ThumbDown>2</ThumbDown><Sentiment/></Message><Message type="ReplyMessage"><Id>1363191055391-19</Id><Topic><Title>XOM Insider Trading Reported !!</Title><Username>rose.lazo</Username><Timestamp>1361977364676</Timestamp><DateTime>Wed, 2013-02-27 10:02:44 EST</DateTime></Topic><Msg>thanks for sharing this!</Msg><Username>mooreshane624</Username><Timestamp>1363191055391</Timestamp><DateTime>Wed, 2013-03-13 12:10:55 EDT</DateTime><ThumbUp>0</ThumbUp><ThumbDown>1</ThumbDown><Sentiment/></Message><Message type="ReplyMessage"><Id>1363191236640-20</Id><Topic><Title>13 INDICATOR XOM BUY/SELL/HOLD REPORT !</Title><Username>barry.white95</Username><Timestamp>1362318160412</Timestamp><DateTime>Sun, 2013-03-03 08:42:40 EST</DateTime></Topic><Msg>thanks for sharing this!</Msg><Username>mooreshane624</Username><Timestamp>1363191236640</Timestamp><DateTime>Wed, 2013-03-13 12:13:56 EDT</DateTime><ThumbUp>0</ThumbUp><ThumbDown>2</ThumbDown><Sentiment/></Message><Message type="ReplyMessage"><Id>1363191595080-21</Id><Topic><Title>XOM Upgraded to STRONG BUY (EXCLUSIVE REPORT)</Title><Username>sanromanwiliam</Username><Timestamp>1361547275275</Timestamp><DateTime>Fri, 2013-02-22 10:34:35 EST</DateTime></Topic><Msg>everything its true</Msg><Username>alexanderjud310</Username><Timestamp>1363191595080</Timestamp><DateTime>Wed, 2013-03-13 12:19:55 EDT</DateTime><ThumbUp>0</ThumbUp><ThumbDown>2</ThumbDown><Sentiment>Strong Buy</Sentiment></Message><Message type="ReplyMessage"><Id>1363191692401-22</Id><Topic><Title>IN DEPTH XOM Analyst Report</Title><Username>november_jason</Username><Timestamp>1362658049197</Timestamp><DateTime>Thu, 2013-03-07 07:07:29 EST</DateTime></Topic><Msg>everything its true</Msg><Username>alexanderjud310</Username><Timestamp>1363191692401</Timestamp><DateTime>Wed, 2013-03-13 12:21:32 EDT</DateTime><ThumbUp>0</ThumbUp><ThumbDown>1</ThumbDown><Sentiment>Buy</Sentiment></Message><Message type="ReplyMessage"><Id>1363194267254-23</Id><Topic><Title>America's alarming birth pattern....</Title><Username>hansesteelyard</Username><Timestamp>1363189613129</Timestamp><DateTime>Wed, 2013-03-13 11:46:53 EDT</DateTime></Topic><Msg>You know, Max, you rant and rave and it means nothing to me. Go back to your anti-ref_steve rants... 100 vacant messages on that item are fitting to your intellectual level.</Msg><Username>hansesteelyard</Username><Timestamp>1363194267254</Timestamp><DateTime>Wed, 2013-03-13 13:04:27 EDT</DateTime><ThumbUp>1</ThumbUp><ThumbDown>1</ThumbDown><Sentiment/></Message><Message type="ReplyMessage"><Id>1363194460465-24</Id><Topic><Title>Breaking news! Analyst Downgrades Exxon Mobil</Title><Username>lancemiller317</Username><Timestamp>1361447156878</Timestamp><DateTime>Thu, 2013-02-21 06:45:56 EST</DateTime></Topic><Msg>perfect</Msg><Username>reeves.cliff</Username><Timestamp>1363194460465</Timestamp><DateTime>Wed, 2013-03-13 13:07:40 EDT</DateTime><ThumbUp>0</ThumbUp><ThumbDown>1</ThumbDown><Sentiment/></Message><Message type="ReplyMessage"><Id>1363194515426-25</Id><Topic><Title>Exxon Mobil Corporation Upgraded to STRONG BUY (EXCLUSIVE REPORT)</Title><Username>christianson.timothy</Username><Timestamp>1361451418447</Timestamp><DateTime>Thu, 2013-02-21 07:56:58 EST</DateTime></Topic><Msg>perfect</Msg><Username>reeves.cliff</Username><Timestamp>1363194515426</Timestamp><DateTime>Wed, 2013-03-13 13:08:35 EDT</DateTime><ThumbUp>0</ThumbUp><ThumbDown>2</ThumbDown><Sentiment/></Message><Message type="ReplyMessage"><Id>1363194529669-26</Id><Topic><Title>BuyBacks To Be Halved.</Title><Username>stenchcloud</Username><Timestamp>1363140468734</Timestamp><DateTime>Tue, 2013-03-12 22:07:48 EDT</DateTime></Topic><Msg>As far as returning value back to the shareholder, there is no difference between buybacks or dividends. If XOM can generate more than its cost of capital from the buyback, the buyback makes more sense than the dividend. Also, given the tax consideration, buybacks make more sense than a dividend. Their strategy of a combination of buybacks and dividends provides a happy medium between various investors' goals. I personally would prefer no dividend and all buyback. This is because I expect XOM can use the money to expand their production/refinery operations and provide more of a return than I could by reinvesting the difvidend after taxes.</Msg><Username>ktumle</Username><Timestamp>1363194529669</Timestamp><DateTime>Wed, 2013-03-13 13:08:49 EDT</DateTime><ThumbUp>0</ThumbUp><ThumbDown>0</ThumbDown><Sentiment/></Message><Message type="ReplyMessage"><Id>1363196028519-27</Id><Topic><Title>XOM Insider Trading Reported !!</Title><Username>rose.lazo</Username><Timestamp>1361977364676</Timestamp><DateTime>Wed, 2013-02-27 10:02:44 EST</DateTime></Topic><Msg>thanks. Good report</Msg><Username>sholar_j</Username><Timestamp>1363196028519</Timestamp><DateTime>Wed, 2013-03-13 13:33:48 EDT</DateTime><ThumbUp>0</ThumbUp><ThumbDown>1</ThumbDown><Sentiment/></Message><Message type="ReplyMessage"><Id>1363196171741-28</Id><Topic><Title>13 INDICATOR XOM BUY/SELL/HOLD REPORT !</Title><Username>barry.white95</Username><Timestamp>1362318160412</Timestamp><DateTime>Sun, 2013-03-03 08:42:40 EST</DateTime></Topic><Msg>thanks. Good report</Msg><Username>sholar_j</Username><Timestamp>1363196171741</Timestamp><DateTime>Wed, 2013-03-13 13:36:11 EDT</DateTime><ThumbUp>0</ThumbUp><ThumbDown>2</ThumbDown><Sentiment/></Message><Message type="TopicMessage"><Id>1363197360088-29</Id><Title>☛☛☛BEARS...enter LOW LIMIT ORDERS now...take them DOWN boys !!</Title><Msg>yes sir !</Msg><Username>wallysworld18</Username><Timestamp>1363197360088</Timestamp><DateTime>Wed, 2013-03-13 13:56:00 EDT</DateTime><ThumbUp>0</ThumbUp><ThumbDown>1</ThumbDown><Sentiment/></Message><Message type="TopicMessage"><Id>1363197746325-30</Id><Title>☛☛☛Average P/Es now at RUSSELL=35.2. S&amp;P=18, NAS=17..ridiculous, *normal=8-10 !</Title><Msg>sell asap !</Msg><Username>wallysworld18</Username><Timestamp>1363197746325</Timestamp><DateTime>Wed, 2013-03-13 14:02:26 EDT</DateTime><ThumbUp>0</ThumbUp><ThumbDown>1</ThumbDown><Sentiment/></Message><Message type="TopicMessage"><Id>1363198921336-31</Id><Title>☛☛☛☛☛☛BERNANKE's MEGA-DISASTER" is brewing boys !! ....yes sir !</Title><Msg>sell asap</Msg><Username>wallysworld18</Username><Timestamp>1363198921336</Timestamp><DateTime>Wed, 2013-03-13 14:22:01 EDT</DateTime><ThumbUp>0</ThumbUp><ThumbDown>1</ThumbDown><Sentiment/></Message><Message type="ReplyMessage"><Id>1363200329123-32</Id><Topic><Title>XOM Insider Trading Reported !!</Title><Username>rose.lazo</Username><Timestamp>1361977364676</Timestamp><DateTime>Wed, 2013-02-27 10:02:44 EST</DateTime></Topic><Msg>awesome report. Useful</Msg><Username>roberto.cheever</Username><Timestamp>1363200329123</Timestamp><DateTime>Wed, 2013-03-13 14:45:29 EDT</DateTime><ThumbUp>0</ThumbUp><ThumbDown>1</ThumbDown><Sentiment/></Message><Message type="ReplyMessage"><Id>1363200411432-33</Id><Topic><Title>13 INDICATOR XOM BUY/SELL/HOLD REPORT !</Title><Username>barry.white95</Username><Timestamp>1362318160412</Timestamp><DateTime>Sun, 2013-03-03 08:42:40 EST</DateTime></Topic><Msg>awesome report. Useful</Msg><Username>roberto.cheever</Username><Timestamp>1363200411432</Timestamp><DateTime>Wed, 2013-03-13 14:46:51 EDT</DateTime><ThumbUp>0</ThumbUp><ThumbDown>1</ThumbDown><Sentiment/></Message><Message type="ReplyMessage"><Id>1363201813751-34</Id><Topic><Title>Breaking news! Analyst Downgrades Exxon Mobil</Title><Username>lancemiller317</Username><Timestamp>1361447156878</Timestamp><DateTime>Thu, 2013-02-21 06:45:56 EST</DateTime></Topic><Msg>great job</Msg><Username>burtonwilliam56</Username><Timestamp>1363201813751</Timestamp><DateTime>Wed, 2013-03-13 15:10:13 EDT</DateTime><ThumbUp>0</ThumbUp><ThumbDown>1</ThumbDown><Sentiment/></Message><Message type="ReplyMessage"><Id>1363201822634-35</Id><Topic><Title>Exxon Mobil Corporation Upgraded to STRONG BUY (EXCLUSIVE REPORT)</Title><Username>christianson.timothy</Username><Timestamp>1361451418447</Timestamp><DateTime>Thu, 2013-02-21 07:56:58 EST</DateTime></Topic><Msg>great job</Msg><Username>burtonwilliam56</Username><Timestamp>1363201822634</Timestamp><DateTime>Wed, 2013-03-13 15:10:22 EDT</DateTime><ThumbUp>0</ThumbUp><ThumbDown>1</ThumbDown><Sentiment/></Message><Message type="ReplyMessage"><Id>1363205645992-36</Id><Topic><Title>XOM Upgraded to STRONG BUY (EXCLUSIVE REPORT)</Title><Username>sanromanwiliam</Username><Timestamp>1361547275275</Timestamp><DateTime>Fri, 2013-02-22 10:34:35 EST</DateTime></Topic><Msg>good update</Msg><Username>gaelharper</Username><Timestamp>1363205645992</Timestamp><DateTime>Wed, 2013-03-13 16:14:05 EDT</DateTime><ThumbUp>0</ThumbUp><ThumbDown>2</ThumbDown><Sentiment>Strong Buy</Sentiment></Message><Message type="ReplyMessage"><Id>1363205795283-37</Id><Topic><Title>IN DEPTH XOM Analyst Report</Title><Username>november_jason</Username><Timestamp>1362658049197</Timestamp><DateTime>Thu, 2013-03-07 07:07:29 EST</DateTime></Topic><Msg>good update</Msg><Username>gaelharper</Username><Timestamp>1363205795283</Timestamp><DateTime>Wed, 2013-03-13 16:16:35 EDT</DateTime><ThumbUp>0</ThumbUp><ThumbDown>1</ThumbDown><Sentiment>Strong Buy</Sentiment></Message><Message type="ReplyMessage"><Id>1363206919861-38</Id><Topic><Title>Board now taken over by spammers</Title><Username>maxwizard68</Username><Timestamp>1363192664750</Timestamp><DateTime>Wed, 2013-03-13 12:37:44 EDT</DateTime></Topic><Msg>no one like u commie coward #$%$. Why dont u stick ur head in the oven #$%$ face.</Msg><Username>ref_steve_blairstown</Username><Timestamp>1363206919861</Timestamp><DateTime>Wed, 2013-03-13 16:35:19 EDT</DateTime><ThumbUp>3</ThumbUp><ThumbDown>2</ThumbDown><Sentiment/></Message><Message type="ReplyMessage"><Id>1363206991046-39</Id><Topic><Title>maxidope=dumb</Title><Username>ref_steve_blairstown</Username><Timestamp>1363068794720</Timestamp><DateTime>Tue, 2013-03-12 02:13:14 EDT</DateTime></Topic><Msg>commie coward rat #$%$ is what maxi pad the dope is.</Msg><Username>ref_steve_blairstown</Username><Timestamp>1363206991046</Timestamp><DateTime>Wed, 2013-03-13 16:36:31 EDT</DateTime><ThumbUp>5</ThumbUp><ThumbDown>2</ThumbDown><Sentiment/></Message><Message type="ReplyMessage"><Id>1363207012762-40</Id><Topic><Title>Breaking news! Analyst Downgrades Exxon Mobil</Title><Username>lancemiller317</Username><Timestamp>1361447156878</Timestamp><DateTime>Thu, 2013-02-21 06:45:56 EST</DateTime></Topic><Msg>thanks</Msg><Username>gutierrezdavid933</Username><Timestamp>1363207012762</Timestamp><DateTime>Wed, 2013-03-13 16:36:52 EDT</DateTime><ThumbUp>0</ThumbUp><ThumbDown>2</ThumbDown><Sentiment/></Message><Message type="ReplyMessage"><Id>1363207021114-41</Id><Topic><Title>Exxon Mobil Corporation Upgraded to STRONG BUY (EXCLUSIVE REPORT)</Title><Username>christianson.timothy</Username><Timestamp>1361451418447</Timestamp><DateTime>Thu, 2013-02-21 07:56:58 EST</DateTime></Topic><Msg>thanks</Msg><Username>gutierrezdavid933</Username><Timestamp>1363207021114</Timestamp><DateTime>Wed, 2013-03-13 16:37:01 EDT</DateTime><ThumbUp>0</ThumbUp><ThumbDown>2</ThumbDown><Sentiment/></Message><Message type="ReplyMessage"><Id>1363210550587-42</Id><Topic><Title>XOM Insider Trading Reported !!</Title><Username>rose.lazo</Username><Timestamp>1361977364676</Timestamp><DateTime>Wed, 2013-02-27 10:02:44 EST</DateTime></Topic><Msg>thank You! really good report!</Msg><Username>louis.willet</Username><Timestamp>1363210550587</Timestamp><DateTime>Wed, 2013-03-13 17:35:50 EDT</DateTime><ThumbUp>0</ThumbUp><ThumbDown>1</ThumbDown><Sentiment/></Message><Message type="ReplyMessage"><Id>1363210650621-43</Id><Topic><Title>13 INDICATOR XOM BUY/SELL/HOLD REPORT !</Title><Username>barry.white95</Username><Timestamp>1362318160412</Timestamp><DateTime>Sun, 2013-03-03 08:42:40 EST</DateTime></Topic><Msg>thank You! really good report!</Msg><Username>louis.willet</Username><Timestamp>1363210650621</Timestamp><DateTime>Wed, 2013-03-13 17:37:30 EDT</DateTime><ThumbUp>0</ThumbUp><ThumbDown>2</ThumbDown><Sentiment/></Message><Message type="ReplyMessage"><Id>1363211224780-44</Id><Topic><Title>Breaking news! Analyst Downgrades Exxon Mobil</Title><Username>lancemiller317</Username><Timestamp>1361447156878</Timestamp><DateTime>Thu, 2013-02-21 06:45:56 EST</DateTime></Topic><Msg>awesome</Msg><Username>randerson74</Username><Timestamp>1363211224780</Timestamp><DateTime>Wed, 2013-03-13 17:47:04 EDT</DateTime><ThumbUp>0</ThumbUp><ThumbDown>2</ThumbDown><Sentiment/></Message><Message type="ReplyMessage"><Id>1363211233614-45</Id><Topic><Title>Exxon Mobil Corporation Upgraded to STRONG BUY (EXCLUSIVE REPORT)</Title><Username>christianson.timothy</Username><Timestamp>1361451418447</Timestamp><DateTime>Thu, 2013-02-21 07:56:58 EST</DateTime></Topic><Msg>awesome</Msg><Username>randerson74</Username><Timestamp>1363211233614</Timestamp><DateTime>Wed, 2013-03-13 17:47:13 EDT</DateTime><ThumbUp>0</ThumbUp><ThumbDown>2</ThumbDown><Sentiment/></Message><Message type="ReplyMessage"><Id>1363211932440-46</Id><Topic><Title>XOM Upgraded to STRONG BUY (EXCLUSIVE REPORT)</Title><Username>sanromanwiliam</Username><Timestamp>1361547275275</Timestamp><DateTime>Fri, 2013-02-22 10:34:35 EST</DateTime></Topic><Msg>very helpful</Msg><Username>michael_piterson</Username><Timestamp>1363211932440</Timestamp><DateTime>Wed, 2013-03-13 17:58:52 EDT</DateTime><ThumbUp>0</ThumbUp><ThumbDown>2</ThumbDown><Sentiment>Strong Buy</Sentiment></Message><Message type="ReplyMessage"><Id>1363212075679-47</Id><Topic><Title>IN DEPTH XOM Analyst Report</Title><Username>november_jason</Username><Timestamp>1362658049197</Timestamp><DateTime>Thu, 2013-03-07 07:07:29 EST</DateTime></Topic><Msg>very helpful</Msg><Username>michael_piterson</Username><Timestamp>1363212075679</Timestamp><DateTime>Wed, 2013-03-13 18:01:15 EDT</DateTime><ThumbUp>0</ThumbUp><ThumbDown>1</ThumbDown><Sentiment>Strong Buy</Sentiment></Message><Message type="ReplyMessage"><Id>1363213861877-48</Id><Topic><Title>13 INDICATOR XOM BUY/SELL/HOLD REPORT !</Title><Username>barry.white95</Username><Timestamp>1362318160412</Timestamp><DateTime>Sun, 2013-03-03 08:42:40 EST</DateTime></Topic><Msg>awesome report, thanks a lot!</Msg><Username>bradleyjames965</Username><Timestamp>1363213861877</Timestamp><DateTime>Wed, 2013-03-13 18:31:01 EDT</DateTime><ThumbUp>0</ThumbUp><ThumbDown>2</ThumbDown><Sentiment/></Message><Message type="ReplyMessage"><Id>1363217945670-49</Id><Topic><Title>XOM Upgraded to STRONG BUY (EXCLUSIVE REPORT)</Title><Username>sanromanwiliam</Username><Timestamp>1361547275275</Timestamp><DateTime>Fri, 2013-02-22 10:34:35 EST</DateTime></Topic><Msg>great stuff</Msg><Username>jonasjones296</Username><Timestamp>1363217945670</Timestamp><DateTime>Wed, 2013-03-13 19:39:05 EDT</DateTime><ThumbUp>0</ThumbUp><ThumbDown>2</ThumbDown><Sentiment/></Message><Message type="ReplyMessage"><Id>1363217999887-50</Id><Topic><Title>IN DEPTH XOM Analyst Report</Title><Username>november_jason</Username><Timestamp>1362658049197</Timestamp><DateTime>Thu, 2013-03-07 07:07:29 EST</DateTime></Topic><Msg>great stuff</Msg><Username>jonasjones296</Username><Timestamp>1363217999887</Timestamp><DateTime>Wed, 2013-03-13 19:39:59 EDT</DateTime><ThumbUp>0</ThumbUp><ThumbDown>1</ThumbDown><Sentiment/></Message><Message type="ReplyMessage"><Id>1363220285840-51</Id><Topic><Title>Filthy Right Wing Rats</Title><Username>walhieeeeeee</Username><Timestamp>1363183994988</Timestamp><DateTime>Wed, 2013-03-13 10:13:14 EDT</DateTime></Topic><Msg>If they were dumb enough to be brain washed as they were in the 1930's then who would ever give then a shred of respect for anything? You can have your den of morons.</Msg><Username>walhieeeeeee</Username><Timestamp>1363220285840</Timestamp><DateTime>Wed, 2013-03-13 20:18:05 EDT</DateTime><ThumbUp>0</ThumbUp><ThumbDown>10</ThumbDown><Sentiment/></Message><Message type="TopicMessage"><Id>1363220424659-52</Id><Title>Florida Republican LT Gov Resigns In Illegal Gambling Sham</Title><Msg>And they used a military front name to cloak their stealing.. Republicans are crooks. And they have NO respect for the troops. To them they are better off dead so they don't have to pay em benefits. Republicans are filth. Wahlhieeeeeeee is back!</Msg><Username>walhieeeeeee</Username><Timestamp>1363220424659</Timestamp><DateTime>Wed, 2013-03-13 20:20:24 EDT</DateTime><ThumbUp>1</ThumbUp><ThumbDown>7</ThumbDown><Sentiment/></Message><Message type="TopicMessage"><Id>1363220644631-53</Id><Title>Max You're an Idiot For Wasting Time on Ref Steve</Title><Msg>He's not worth the bits and bytes.</Msg><Username>walhieeeeeee</Username><Timestamp>1363220644631</Timestamp><DateTime>Wed, 2013-03-13 20:24:04 EDT</DateTime><ThumbUp>0</ThumbUp><ThumbDown>6</ThumbDown><Sentiment/></Message><Message type="TopicMessage"><Id>1363223342087-54</Id><Title>Should have bought Hess stock instead</Title><Msg>Now there is a stock that is doing well !</Msg><Username>the_nighthawker</Username><Timestamp>1363223342087</Timestamp><DateTime>Wed, 2013-03-13 21:09:02 EDT</DateTime><ThumbUp>1</ThumbUp><ThumbDown>1</ThumbDown><Sentiment/></Message><Message type="ReplyMessage"><Id>1363225823202-55</Id><Topic><Title>Offshore Wind Bill Expected To Pass Soon</Title><Username>bluecheese4u</Username><Timestamp>1362191967324</Timestamp><DateTime>Fri, 2013-03-01 21:39:27 EST</DateTime></Topic><Msg>Blewcheese........you're full of Windfarm Fantasy. Wind turbines 'much less efficient than claimed' Wind turbines are 25 per cent less effective than the renewable energy industry claims, according to research. The John Muir Trust (JMT), one of Scotland's leading conservation bodies, has challenged the common assertion that wind farms run at an average of 30 per cent capacity over a year. A study carried out for the Trust into the energy generated by dozens of wind farms, the majority of which are in Scotland, between November 2009 and last month, found they actually ran at 22 per cent of capacity. Campaigners insist the figures, drawn from data provided by the National Grid, challenge the role of wind farms as an efficient source of renewable energy. They said hundreds of wind farms had secured planning permission across Scotland based on inaccurate assumptions of their output. "This analysis shows that over the course of a year, the average load factor fell well short of what the industry claims, yet the 30 per cent figure is peddled at every public inquiry into a proposed wind farm," said Helen McDade, head of policy at the JMT. "This data is needed to counter that hype."</Msg><Username>basherbuste_r</Username><Timestamp>1363225823202</Timestamp><DateTime>Wed, 2013-03-13 21:50:23 EDT</DateTime><ThumbUp>0</ThumbUp><ThumbDown>1</ThumbDown><Sentiment>Hold</Sentiment></Message><Message type="ReplyMessage"><Id>1363227076287-56</Id><Topic><Title>IN DEPTH XOM Analyst Report</Title><Username>november_jason</Username><Timestamp>1362658049197</Timestamp><DateTime>Thu, 2013-03-07 07:07:29 EST</DateTime></Topic><Msg>I like this share</Msg><Username>eastxavier</Username><Timestamp>1363227076287</Timestamp><DateTime>Wed, 2013-03-13 22:11:16 EDT</DateTime><ThumbUp>0</ThumbUp><ThumbDown>2</ThumbDown><Sentiment>Hold</Sentiment></Message></Date>