<?xml version="1.0" encoding="UTF-8" standalone="no"?><Date date="2013-02-25"><Message type="ReplyMessage"><Id>1361783638073-1</Id><Topic><Title>XOM Upgraded to STRONG BUY (EXCLUSIVE REPORT)</Title><Username>sanromanwiliam</Username><Timestamp>1361547275275</Timestamp><DateTime>Fri, 2013-02-22 10:34:35 EST</DateTime></Topic><Msg>Awesome</Msg><Username>kevinparker756</Username><Timestamp>1361783638073</Timestamp><DateTime>Mon, 2013-02-25 04:13:58 EST</DateTime><ThumbUp>0</ThumbUp><ThumbDown>5</ThumbDown><Sentiment>Sell</Sentiment></Message><Message type="ReplyMessage"><Id>1361788262447-2</Id><Topic><Title>Breaking news! Analyst Downgrades Exxon Mobil</Title><Username>lancemiller317</Username><Timestamp>1361447156878</Timestamp><DateTime>Thu, 2013-02-21 06:45:56 EST</DateTime></Topic><Msg>thx</Msg><Username>leonardcole10</Username><Timestamp>1361788262447</Timestamp><DateTime>Mon, 2013-02-25 05:31:02 EST</DateTime><ThumbUp>0</ThumbUp><ThumbDown>3</ThumbDown><Sentiment/></Message><Message type="ReplyMessage"><Id>1361788273918-3</Id><Topic><Title>Exxon Mobil Corporation Upgraded to STRONG BUY (EXCLUSIVE REPORT)</Title><Username>christianson.timothy</Username><Timestamp>1361451418447</Timestamp><DateTime>Thu, 2013-02-21 07:56:58 EST</DateTime></Topic><Msg>thx</Msg><Username>leonardcole10</Username><Timestamp>1361788273918</Timestamp><DateTime>Mon, 2013-02-25 05:31:13 EST</DateTime><ThumbUp>0</ThumbUp><ThumbDown>7</ThumbDown><Sentiment/></Message><Message type="TopicMessage"><Id>1361790908539-4</Id><Title>maxipad-panhandler</Title><Msg>The only job the dope has ever had. A burger king cup in his hand collecting pennies. Now u know why he hates the rich, he has never had 2 nickels to ub together. And the commies experimented on his brain then dumped him off here. LLLLLLLLOSER</Msg><Username>ref_steve_blairstown</Username><Timestamp>1361790908539</Timestamp><DateTime>Mon, 2013-02-25 06:15:08 EST</DateTime><ThumbUp>3</ThumbUp><ThumbDown>2</ThumbDown><Sentiment/></Message><Message type="ReplyMessage"><Id>1361791577955-5</Id><Topic><Title>Top Analyst UPGRADES XOM.</Title><Username>charliewilliams84</Username><Timestamp>1361731519069</Timestamp><DateTime>Sun, 2013-02-24 13:45:19 EST</DateTime></Topic><Msg>nice one!</Msg><Username>whitejosh102</Username><Timestamp>1361791577955</Timestamp><DateTime>Mon, 2013-02-25 06:26:17 EST</DateTime><ThumbUp>0</ThumbUp><ThumbDown>1</ThumbDown><Sentiment/></Message><Message type="ReplyMessage"><Id>1361791584934-6</Id><Topic><Title>Breaking news!!!!!! This report just came out,MUST SEE</Title><Username>rileyrowe</Username><Timestamp>1361790777665</Timestamp><DateTime>Mon, 2013-02-25 06:12:57 EST</DateTime></Topic><Msg>nice one!</Msg><Username>whitejosh102</Username><Timestamp>1361791584934</Timestamp><DateTime>Mon, 2013-02-25 06:26:24 EST</DateTime><ThumbUp>0</ThumbUp><ThumbDown>4</ThumbDown><Sentiment/></Message><Message type="ReplyMessage"><Id>1361792030829-7</Id><Topic><Title>Top Analyst UPGRADES XOM.</Title><Username>charliewilliams84</Username><Timestamp>1361731519069</Timestamp><DateTime>Sun, 2013-02-24 13:45:19 EST</DateTime></Topic><Msg>good job!</Msg><Username>graytamara96</Username><Timestamp>1361792030829</Timestamp><DateTime>Mon, 2013-02-25 06:33:50 EST</DateTime><ThumbUp>0</ThumbUp><ThumbDown>1</ThumbDown><Sentiment/></Message><Message type="ReplyMessage"><Id>1361792039463-8</Id><Topic><Title>Breaking news!!!!!! This report just came out,MUST SEE</Title><Username>rileyrowe</Username><Timestamp>1361790777665</Timestamp><DateTime>Mon, 2013-02-25 06:12:57 EST</DateTime></Topic><Msg>good job!</Msg><Username>graytamara96</Username><Timestamp>1361792039463</Timestamp><DateTime>Mon, 2013-02-25 06:33:59 EST</DateTime><ThumbUp>0</ThumbUp><ThumbDown>4</ThumbDown><Sentiment/></Message><Message type="ReplyMessage"><Id>1361794838764-9</Id><Topic><Title>Breaking news! Analyst Downgrades Exxon Mobil</Title><Username>lancemiller317</Username><Timestamp>1361447156878</Timestamp><DateTime>Thu, 2013-02-21 06:45:56 EST</DateTime></Topic><Msg>great report</Msg><Username>ronaldfrank937</Username><Timestamp>1361794838764</Timestamp><DateTime>Mon, 2013-02-25 07:20:38 EST</DateTime><ThumbUp>0</ThumbUp><ThumbDown>3</ThumbDown><Sentiment/></Message><Message type="ReplyMessage"><Id>1361794849169-10</Id><Topic><Title>Exxon Mobil Corporation Upgraded to STRONG BUY (EXCLUSIVE REPORT)</Title><Username>christianson.timothy</Username><Timestamp>1361451418447</Timestamp><DateTime>Thu, 2013-02-21 07:56:58 EST</DateTime></Topic><Msg>great report</Msg><Username>ronaldfrank937</Username><Timestamp>1361794849169</Timestamp><DateTime>Mon, 2013-02-25 07:20:49 EST</DateTime><ThumbUp>0</ThumbUp><ThumbDown>6</ThumbDown><Sentiment/></Message><Message type="ReplyMessage"><Id>1361799235736-11</Id><Topic><Title>Top Analyst UPGRADES XOM.</Title><Username>charliewilliams84</Username><Timestamp>1361731519069</Timestamp><DateTime>Sun, 2013-02-24 13:45:19 EST</DateTime></Topic><Msg>good job</Msg><Username>joannjett95</Username><Timestamp>1361799235736</Timestamp><DateTime>Mon, 2013-02-25 08:33:55 EST</DateTime><ThumbUp>0</ThumbUp><ThumbDown>1</ThumbDown><Sentiment/></Message><Message type="ReplyMessage"><Id>1361799261160-12</Id><Topic><Title>Breaking news!!!!!! This report just came out,MUST SEE</Title><Username>rileyrowe</Username><Timestamp>1361790777665</Timestamp><DateTime>Mon, 2013-02-25 06:12:57 EST</DateTime></Topic><Msg>good job</Msg><Username>joannjett95</Username><Timestamp>1361799261160</Timestamp><DateTime>Mon, 2013-02-25 08:34:21 EST</DateTime><ThumbUp>0</ThumbUp><ThumbDown>4</ThumbDown><Sentiment/></Message><Message type="TopicMessage"><Id>1361800252341-13</Id><Title>Back Above 90 Today.</Title><Msg>New All Time Highs for Early March!!! Shares surge as oil bounces back from recent correction. look for major Splitz news and Divy Hikez.</Msg><Username>stenchcloud</Username><Timestamp>1361800252341</Timestamp><DateTime>Mon, 2013-02-25 08:50:52 EST</DateTime><ThumbUp>0</ThumbUp><ThumbDown>3</ThumbDown><Sentiment/></Message><Message type="TopicMessage"><Id>1361800371811-14</Id><Title>Dividend Hikez Now !</Title><Msg>The Div needz to be on par with CVX,and shares would then be in the 120 range ! Put a halt to Buy Backz too !!</Msg><Username>stenchcloud</Username><Timestamp>1361800371811</Timestamp><DateTime>Mon, 2013-02-25 08:52:51 EST</DateTime><ThumbUp>2</ThumbUp><ThumbDown>3</ThumbDown><Sentiment/></Message><Message type="ReplyMessage"><Id>1361800573923-15</Id><Topic><Title>Top Analyst UPGRADES XOM.</Title><Username>charliewilliams84</Username><Timestamp>1361731519069</Timestamp><DateTime>Sun, 2013-02-24 13:45:19 EST</DateTime></Topic><Msg>good job!</Msg><Username>redman.natalie</Username><Timestamp>1361800573923</Timestamp><DateTime>Mon, 2013-02-25 08:56:13 EST</DateTime><ThumbUp>0</ThumbUp><ThumbDown>1</ThumbDown><Sentiment/></Message><Message type="ReplyMessage"><Id>1361801641744-16</Id><Topic><Title>Breaking news!!!!!! This report just came out,MUST SEE</Title><Username>rileyrowe</Username><Timestamp>1361790777665</Timestamp><DateTime>Mon, 2013-02-25 06:12:57 EST</DateTime></Topic><Msg>This report is great,thanks.</Msg><Username>michaelmurray106</Username><Timestamp>1361801641744</Timestamp><DateTime>Mon, 2013-02-25 09:14:01 EST</DateTime><ThumbUp>0</ThumbUp><ThumbDown>4</ThumbDown><Sentiment/></Message><Message type="ReplyMessage"><Id>1361801805516-17</Id><Topic><Title>Currency reallocation...</Title><Username>hansesteelyard</Username><Timestamp>1361558634067</Timestamp><DateTime>Fri, 2013-02-22 13:43:54 EST</DateTime></Topic><Msg>Sold all € for £ @0.8806 £/€ € basis 0.8654 £/€ (1.1555 €/£). Gain on €: +1.76% 100% £</Msg><Username>hansesteelyard</Username><Timestamp>1361801805516</Timestamp><DateTime>Mon, 2013-02-25 09:16:45 EST</DateTime><ThumbUp>0</ThumbUp><ThumbDown>3</ThumbDown><Sentiment/></Message><Message type="TopicMessage"><Id>1361801830055-18</Id><Title>XOM is horrendous. This is the reason why.</Title><Msg>Has any individual taken a look at the articles being presented? Unbelievable information that will assist any investor or trader......**winningstocks[dot]me/XOM*</Msg><Username>rogeliocoleman231</Username><Timestamp>1361801830055</Timestamp><DateTime>Mon, 2013-02-25 09:17:10 EST</DateTime><ThumbUp>8</ThumbUp><ThumbDown>9</ThumbDown><Sentiment>Strong Buy</Sentiment></Message><Message type="ReplyMessage"><Id>1361803034321-19</Id><Topic><Title>XOM is horrendous. This is the reason why.</Title><Username>rogeliocoleman231</Username><Timestamp>1361801830055</Timestamp><DateTime>Mon, 2013-02-25 09:17:10 EST</DateTime></Topic><Msg>yes it is</Msg><Username>johngardella72</Username><Timestamp>1361803034321</Timestamp><DateTime>Mon, 2013-02-25 09:37:14 EST</DateTime><ThumbUp>3</ThumbUp><ThumbDown>6</ThumbDown><Sentiment/></Message><Message type="ReplyMessage"><Id>1361804289499-20</Id><Topic><Title>Top Analyst UPGRADES XOM.</Title><Username>charliewilliams84</Username><Timestamp>1361731519069</Timestamp><DateTime>Sun, 2013-02-24 13:45:19 EST</DateTime></Topic><Msg>good report! thanks a lot!</Msg><Username>robertsadrian17</Username><Timestamp>1361804289499</Timestamp><DateTime>Mon, 2013-02-25 09:58:09 EST</DateTime><ThumbUp>0</ThumbUp><ThumbDown>1</ThumbDown><Sentiment/></Message><Message type="ReplyMessage"><Id>1361804821576-21</Id><Topic><Title>XOM is horrendous. This is the reason why.</Title><Username>rogeliocoleman231</Username><Timestamp>1361801830055</Timestamp><DateTime>Mon, 2013-02-25 09:17:10 EST</DateTime></Topic><Msg>fantastic info on report</Msg><Username>vitowilliam326</Username><Timestamp>1361804821576</Timestamp><DateTime>Mon, 2013-02-25 10:07:01 EST</DateTime><ThumbUp>2</ThumbUp><ThumbDown>7</ThumbDown><Sentiment/></Message><Message type="ReplyMessage"><Id>1361806014063-22</Id><Topic><Title>Breaking news!!!!!! This report just came out,MUST SEE</Title><Username>rileyrowe</Username><Timestamp>1361790777665</Timestamp><DateTime>Mon, 2013-02-25 06:12:57 EST</DateTime></Topic><Msg>Good info</Msg><Username>thomsponmatthew</Username><Timestamp>1361806014063</Timestamp><DateTime>Mon, 2013-02-25 10:26:54 EST</DateTime><ThumbUp>0</ThumbUp><ThumbDown>4</ThumbDown><Sentiment/></Message><Message type="ReplyMessage"><Id>1361806658034-23</Id><Topic><Title>Top Analyst UPGRADES XOM.</Title><Username>charliewilliams84</Username><Timestamp>1361731519069</Timestamp><DateTime>Sun, 2013-02-24 13:45:19 EST</DateTime></Topic><Msg>great report!</Msg><Username>chrissbryan337</Username><Timestamp>1361806658034</Timestamp><DateTime>Mon, 2013-02-25 10:37:38 EST</DateTime><ThumbUp>0</ThumbUp><ThumbDown>1</ThumbDown><Sentiment/></Message><Message type="TopicMessage"><Id>1361807526241-24</Id><Title>Italian Circus</Title><Msg>Their ability to form a government with real power looks to be poor given the election. The best they will be able to do is cobble together a coalition of leftists, anarchists, and comedians, and such a government is not likely to cut spending and raise taxes on the poor which is the only way the Italian budget can be balanced. Italy's education system needs reform too and is not nearly elitist enough. The French circus is no better. Indeed they already have a socialist government (or communist depending on how you want to translate French to English) and one that is unwilling, so far, to cut spending. They can raise taxes all they want but it will not bring in more revenue - only push business to other countries, and cause French citizens to renounce their citizenship. Spain and Span are hopeless and split between socialist rule or communist rule. In the meantime the ECB is leveraging the economies of Southern Europe higher and higher as it borrows money from Germany and the Netherlands to lend to Italy, Spain, Portugal, Greece, and France... The situation will become dangerous very quickly. Under these circumstances no euro investment is sound. The UK is the only alternative.</Msg><Username>hansesteelyard</Username><Timestamp>1361807526241</Timestamp><DateTime>Mon, 2013-02-25 10:52:06 EST</DateTime><ThumbUp>3</ThumbUp><ThumbDown>2</ThumbDown><Sentiment/></Message><Message type="ReplyMessage"><Id>1361808244119-25</Id><Topic><Title>Breaking news! Analyst Downgrades Exxon Mobil</Title><Username>lancemiller317</Username><Timestamp>1361447156878</Timestamp><DateTime>Thu, 2013-02-21 06:45:56 EST</DateTime></Topic><Msg>great report</Msg><Username>edwardmiller957</Username><Timestamp>1361808244119</Timestamp><DateTime>Mon, 2013-02-25 11:04:04 EST</DateTime><ThumbUp>0</ThumbUp><ThumbDown>2</ThumbDown><Sentiment/></Message><Message type="ReplyMessage"><Id>1361808256160-26</Id><Topic><Title>Exxon Mobil Corporation Upgraded to STRONG BUY (EXCLUSIVE REPORT)</Title><Username>christianson.timothy</Username><Timestamp>1361451418447</Timestamp><DateTime>Thu, 2013-02-21 07:56:58 EST</DateTime></Topic><Msg>great report</Msg><Username>edwardmiller957</Username><Timestamp>1361808256160</Timestamp><DateTime>Mon, 2013-02-25 11:04:16 EST</DateTime><ThumbUp>0</ThumbUp><ThumbDown>5</ThumbDown><Sentiment/></Message><Message type="ReplyMessage"><Id>1361809161607-27</Id><Topic><Title>Real Estate in the Scepter'd Isle</Title><Username>hansesteelyard</Username><Timestamp>1359217500199</Timestamp><DateTime>Sat, 2013-01-26 11:25:00 EST</DateTime></Topic><Msg>Bump... A broad front approach to English real estate buying... 10 areas: Sussex, Cambridgeshire, Oxfordshire, Birmingham, Nottingham, Liverpool, Manchester, Leeds, Blackpool, Newcastle upon Tyne</Msg><Username>hansesteelyard</Username><Timestamp>1361809161607</Timestamp><DateTime>Mon, 2013-02-25 11:19:21 EST</DateTime><ThumbUp>0</ThumbUp><ThumbDown>3</ThumbDown><Sentiment/></Message><Message type="ReplyMessage"><Id>1361809199717-28</Id><Topic><Title>XOM Upgraded to STRONG BUY (EXCLUSIVE REPORT)</Title><Username>sanromanwiliam</Username><Timestamp>1361547275275</Timestamp><DateTime>Fri, 2013-02-22 10:34:35 EST</DateTime></Topic><Msg>good work</Msg><Username>carlosl890</Username><Timestamp>1361809199717</Timestamp><DateTime>Mon, 2013-02-25 11:19:59 EST</DateTime><ThumbUp>0</ThumbUp><ThumbDown>4</ThumbDown><Sentiment>Strong Buy</Sentiment></Message><Message type="ReplyMessage"><Id>1361811120476-29</Id><Topic><Title>XOM is horrendous. This is the reason why.</Title><Username>rogeliocoleman231</Username><Timestamp>1361801830055</Timestamp><DateTime>Mon, 2013-02-25 09:17:10 EST</DateTime></Topic><Msg>Thanks for this</Msg><Username>carterdaniel37</Username><Timestamp>1361811120476</Timestamp><DateTime>Mon, 2013-02-25 11:52:00 EST</DateTime><ThumbUp>1</ThumbUp><ThumbDown>3</ThumbDown><Sentiment/></Message><Message type="ReplyMessage"><Id>1361814448155-30</Id><Topic><Title>Breaking news! Analyst Downgrades Exxon Mobil</Title><Username>lancemiller317</Username><Timestamp>1361447156878</Timestamp><DateTime>Thu, 2013-02-21 06:45:56 EST</DateTime></Topic><Msg>awesome post</Msg><Username>kevinking935</Username><Timestamp>1361814448155</Timestamp><DateTime>Mon, 2013-02-25 12:47:28 EST</DateTime><ThumbUp>0</ThumbUp><ThumbDown>3</ThumbDown><Sentiment/></Message><Message type="ReplyMessage"><Id>1361814460667-31</Id><Topic><Title>Exxon Mobil Corporation Upgraded to STRONG BUY (EXCLUSIVE REPORT)</Title><Username>christianson.timothy</Username><Timestamp>1361451418447</Timestamp><DateTime>Thu, 2013-02-21 07:56:58 EST</DateTime></Topic><Msg>awesome post</Msg><Username>kevinking935</Username><Timestamp>1361814460667</Timestamp><DateTime>Mon, 2013-02-25 12:47:40 EST</DateTime><ThumbUp>0</ThumbUp><ThumbDown>5</ThumbDown><Sentiment/></Message><Message type="ReplyMessage"><Id>1361814803888-32</Id><Topic><Title>XOM is horrendous. This is the reason why.</Title><Username>rogeliocoleman231</Username><Timestamp>1361801830055</Timestamp><DateTime>Mon, 2013-02-25 09:17:10 EST</DateTime></Topic><Msg>very good i signed up</Msg><Username>montoyamartin71</Username><Timestamp>1361814803888</Timestamp><DateTime>Mon, 2013-02-25 12:53:23 EST</DateTime><ThumbUp>1</ThumbUp><ThumbDown>4</ThumbDown><Sentiment/></Message><Message type="ReplyMessage"><Id>1361815364236-33</Id><Topic><Title>Exxon Mobil Corporation Upgraded to STRONG BUY (EXCLUSIVE REPORT)</Title><Username>christianson.timothy</Username><Timestamp>1361451418447</Timestamp><DateTime>Thu, 2013-02-21 07:56:58 EST</DateTime></Topic><Msg>████████████ LINK IS TO NASTY PORN!!!! ████████████ ██████████████████████████████████████████████████████████████████████████████████████████████████████████████████████████████████</Msg><Username>zion_will_up_huge</Username><Timestamp>1361815364236</Timestamp><DateTime>Mon, 2013-02-25 13:02:44 EST</DateTime><ThumbUp>1</ThumbUp><ThumbDown>1</ThumbDown><Sentiment/></Message><Message type="ReplyMessage"><Id>1361816330359-34</Id><Topic><Title>XOM is horrendous. This is the reason why.</Title><Username>rogeliocoleman231</Username><Timestamp>1361801830055</Timestamp><DateTime>Mon, 2013-02-25 09:17:10 EST</DateTime></Topic><Msg>smart move</Msg><Username>michaelfinney16</Username><Timestamp>1361816330359</Timestamp><DateTime>Mon, 2013-02-25 13:18:50 EST</DateTime><ThumbUp>1</ThumbUp><ThumbDown>3</ThumbDown><Sentiment/></Message><Message type="ReplyMessage"><Id>1361816522928-35</Id><Topic><Title>Top Analyst UPGRADES XOM.</Title><Username>charliewilliams84</Username><Timestamp>1361731519069</Timestamp><DateTime>Sun, 2013-02-24 13:45:19 EST</DateTime></Topic><Msg>Awesome report !!!!</Msg><Username>stephanie.rodriguez</Username><Timestamp>1361816522928</Timestamp><DateTime>Mon, 2013-02-25 13:22:02 EST</DateTime><ThumbUp>0</ThumbUp><ThumbDown>1</ThumbDown><Sentiment/></Message><Message type="ReplyMessage"><Id>1361817727915-36</Id><Topic><Title>XOM is horrendous. This is the reason why.</Title><Username>rogeliocoleman231</Username><Timestamp>1361801830055</Timestamp><DateTime>Mon, 2013-02-25 09:17:10 EST</DateTime></Topic><Msg>you guys rock</Msg><Username>alabrams19</Username><Timestamp>1361817727915</Timestamp><DateTime>Mon, 2013-02-25 13:42:07 EST</DateTime><ThumbUp>0</ThumbUp><ThumbDown>2</ThumbDown><Sentiment/></Message><Message type="ReplyMessage"><Id>1361818958044-37</Id><Topic><Title>XOM is horrendous. This is the reason why.</Title><Username>rogeliocoleman231</Username><Timestamp>1361801830055</Timestamp><DateTime>Mon, 2013-02-25 09:17:10 EST</DateTime></Topic><Msg>Nice one. Subscribed just now.</Msg><Username>charleselias22</Username><Timestamp>1361818958044</Timestamp><DateTime>Mon, 2013-02-25 14:02:38 EST</DateTime><ThumbUp>0</ThumbUp><ThumbDown>5</ThumbDown><Sentiment>Buy</Sentiment></Message><Message type="ReplyMessage"><Id>1361818973429-38</Id><Topic><Title>XOM is horrendous. This is the reason why.</Title><Username>rogeliocoleman231</Username><Timestamp>1361801830055</Timestamp><DateTime>Mon, 2013-02-25 09:17:10 EST</DateTime></Topic><Msg>Nice one. Subscribed just now.</Msg><Username>charleselias22</Username><Timestamp>1361818973429</Timestamp><DateTime>Mon, 2013-02-25 14:02:53 EST</DateTime><ThumbUp>0</ThumbUp><ThumbDown>5</ThumbDown><Sentiment/></Message><Message type="ReplyMessage"><Id>1361819252480-39</Id><Topic><Title>Breaking news! Analyst Downgrades Exxon Mobil</Title><Username>lancemiller317</Username><Timestamp>1361447156878</Timestamp><DateTime>Thu, 2013-02-21 06:45:56 EST</DateTime></Topic><Msg>thanks</Msg><Username>richardbailey772</Username><Timestamp>1361819252480</Timestamp><DateTime>Mon, 2013-02-25 14:07:32 EST</DateTime><ThumbUp>0</ThumbUp><ThumbDown>3</ThumbDown><Sentiment/></Message><Message type="ReplyMessage"><Id>1361819264842-40</Id><Topic><Title>Exxon Mobil Corporation Upgraded to STRONG BUY (EXCLUSIVE REPORT)</Title><Username>christianson.timothy</Username><Timestamp>1361451418447</Timestamp><DateTime>Thu, 2013-02-21 07:56:58 EST</DateTime></Topic><Msg>thanks</Msg><Username>richardbailey772</Username><Timestamp>1361819264842</Timestamp><DateTime>Mon, 2013-02-25 14:07:44 EST</DateTime><ThumbUp>0</ThumbUp><ThumbDown>5</ThumbDown><Sentiment/></Message><Message type="ReplyMessage"><Id>1361825371142-41</Id><Topic><Title>XOM Upgraded to STRONG BUY (EXCLUSIVE REPORT)</Title><Username>sanromanwiliam</Username><Timestamp>1361547275275</Timestamp><DateTime>Fri, 2013-02-22 10:34:35 EST</DateTime></Topic><Msg>nice information</Msg><Username>amadeusi</Username><Timestamp>1361825371142</Timestamp><DateTime>Mon, 2013-02-25 15:49:31 EST</DateTime><ThumbUp>0</ThumbUp><ThumbDown>4</ThumbDown><Sentiment>Strong Buy</Sentiment></Message><Message type="ReplyMessage"><Id>1361827794518-42</Id><Topic><Title>Breaking news! Analyst Downgrades Exxon Mobil</Title><Username>lancemiller317</Username><Timestamp>1361447156878</Timestamp><DateTime>Thu, 2013-02-21 06:45:56 EST</DateTime></Topic><Msg>great report, thanks</Msg><Username>penson_brian</Username><Timestamp>1361827794518</Timestamp><DateTime>Mon, 2013-02-25 16:29:54 EST</DateTime><ThumbUp>0</ThumbUp><ThumbDown>3</ThumbDown><Sentiment/></Message><Message type="ReplyMessage"><Id>1361827807583-43</Id><Topic><Title>Exxon Mobil Corporation Upgraded to STRONG BUY (EXCLUSIVE REPORT)</Title><Username>christianson.timothy</Username><Timestamp>1361451418447</Timestamp><DateTime>Thu, 2013-02-21 07:56:58 EST</DateTime></Topic><Msg>great report, thanks</Msg><Username>penson_brian</Username><Timestamp>1361827807583</Timestamp><DateTime>Mon, 2013-02-25 16:30:07 EST</DateTime><ThumbUp>0</ThumbUp><ThumbDown>5</ThumbDown><Sentiment/></Message><Message type="TopicMessage"><Id>1361830002979-44</Id><Title>Chesapeake Deal Values Oklahoma Oilfield Below Estimate</Title><Msg>Chesapeake Deal Values Oklahoma Oilfield Below Estimate By Joe Carroll and Benjamin Haas on February 25, 2013 China Petrochemical Corp., the second-largest energy producer in the most-populous nation, agreed to buy a stake in a U.S. oilfield from Chesapeake Energy Corp. (CHK) for less than one-third of its estimated value. Sinopec, as the Beijing-based explorer is known, will pay $1.02 billion in cash for a 50 percent interest in 850,000 acres Chesapeake controls in the Mississippi Lime formation, the companies announced in separate statements yesterday. The price equates to $2,400 an acre, less than the $7,000 to $8,000 at which Oklahoma City-based Chesapeake valued the asset in a July presentation. The transaction involves drilling rights across an area twice the size of New York City with wells that Chesapeake said were pumping the equivalent of 34,000 barrels of crude a day during the final three months of 2012. Sinopec will exercise more control over drilling decisions and costs than Chesapeake partners have on similar ventures because the Chinese company isn’t handing over a lump sum to cover future drilling costs, said Mark Hanson, an analyst at Morningstar Investment Services in Chicago. “This is the first joint-venture deal Chesapeake has ever done without a drilling carry,” Hanson said in a telephone interview yesterday. For Chesapeake, “this looks pretty underwhelming.” Chesapeake fell 6.8 percent to $19.11 in New York, the largest daily decline since Nov. 2. China Petroleum &amp; Chemical Corp. (600028), the listed unit of the Sinopec Group, gained 0.5 percent to HK$8.80 in Hong Kong. The shares have increased 1.2 percent in the past 12 months, compared with a 6.6 percent gain in the benchmark Hang Seng index. Chesapeake, which lost 24 percent of its market value in the past year, last week posted its biggest annual loss since 2009. Asset Sales Chesapeake agreed to sell more than $12 billion in oilfields and pipelines since the beginning of 2012 to plug a cash-flow deficit aggravated by low prices for natural gas, which accounts for about 80 percent of the company’s output. Chesapeake failed to meet its asset-sales target last year and the prices received haven’t matched the company’s projections. Chinese companies may pursue more U.S. energy investments after Cnooc Ltd. (883), a unit of China’s largest offshore oil producer, this month won approval from the U.S. Committee on Foreign Investment to buy Nexen Inc. (NXY) for $15.1 billion. Chinese companies are buying stakes in North American exploration projects to gain expertise in penetrating unconventional formations such as shale amid a renaissance in U.S. oil production. In Talks Sinopec Chairman #$%$ Chengyu said in May his company had held talks with Chesapeake and others about investing in shale assets. #$%$ was seen sitting in a front-row seat at Chesapeake Energy Arena in Oklahoma City in June 2012 watching the Oklahoma City Thunder take on the Miami Heat in an NBA final, according to The Deal. The Thunder is partly owned by McClendon. “While Chesapeake has many quality assets, Chinese oil companies care more about their drilling and shale-fracking technology,” Laban Yu, a Hong Kong-based analyst at Jefferies Group Inc. (JEF), said in a telephone interview. “The reason Chinese oil companies have gone after Chesapeake in the past year was also because they wanted to apply the technology to tap the world’s No. 1 shale gas reserves in China.” Cnooc has invested $1.65 billion with Chesapeake since 2010. Auctioning Fields In the Sinopec deal, the per-acre price lags the $4,425 and $2,750 SandRidge Energy Inc. (SD) received in successive Mississippi Lime deals in 2011, said Michael Kelly, an analyst at Global Hunter Securities LLC in Houston. Neither of the SandRidge sales included producing wells, he said. Chesapeake is selling some of its most-promising Mississippi Lime acreage, Hanson said. Unlike the SandRidge transactions in the same formation in 2011, the land involved in Chesapeake’s sale already has been heavily drilled and assessed as “the heart of the Mississippi Lime,” he said. “This is the good stuff they’re parting with,” Hanson said. “But they need money so there’s nothing you can do about it.” Prior to today’s announcement, Chesapeake’s total holdings in the Mississippi Lime amounted to about 2 million acres. Chesapeake is aiming to raise $4 billion to $7 billion this year from asset sales, according to a presentation published on the company’s website yesterday. “Chesapeake is not getting a very competitive price for its assets in this transaction,” James Sullivan, an analyst at Alembic Global Advisors in New York, said in a note to clients. Tripled Output Chesapeake reported on Feb. 21 that Mississippi Lime production tripled during the fourth quarter from a year earlier. Net proved reserves were equivalent to about 140 million barrels of oil as of Dec. 31, the company said today. Chesapeake Chief Executive Officer Aubrey McClendon agreed last month to leave the company he co-founded in 1989, citing “philosophical differences” with the board that he didn’t detail. McClendon’s dismissal, which takes effect April 1, wasn’t related to an internal inquiry that found no wrongdoing in his use of stakes in company-owned wells to obtain more than $800 million in personal loans, the board said. businessweekDOTcom/news/2013-02-25/sinopec-to-buy-chesapeake-oil-and-gas-assets-for-1-dot-02-billion</Msg><Username>bluecheese4u</Username><Timestamp>1361830002979</Timestamp><DateTime>Mon, 2013-02-25 17:06:42 EST</DateTime><ThumbUp>0</ThumbUp><ThumbDown>0</ThumbDown><Sentiment/></Message></Date>