<?xml version="1.0" encoding="UTF-8" standalone="no"?><Date date="2013-04-08"><Message type="ReplyMessage"><Id>1365393808033-1</Id><Topic><Title>Intel may bounce big after earnings</Title><Username>bacbacker</Username><Timestamp>1365385680016</Timestamp><DateTime>Sun, 2013-04-07 21:48:00 EDT</DateTime></Topic><Msg>capex already taken into account. Cisco deal worth at least $1 billion a year already. TV, has lots of potential, wait and see how it develops. In tablets, with Bay Trail, all Intel needs is one big deal - iPad, Nexus 7 or Amazon Kindle, or next Motorola tablet, to gain major market share in mobile.</Msg><Username>ruipeirara</Username><Timestamp>1365393808033</Timestamp><DateTime>Mon, 2013-04-08 00:03:28 EDT</DateTime><ThumbUp>0</ThumbUp><ThumbDown>0</ThumbDown><Sentiment/></Message><Message type="ReplyMessage"><Id>1365394337064-2</Id><Topic><Title>Intel may bounce big after earnings</Title><Username>bacbacker</Username><Timestamp>1365385680016</Timestamp><DateTime>Sun, 2013-04-07 21:48:00 EDT</DateTime></Topic><Msg>the cisco deal 1 billion is spread out over more than one year. And that is an option, not a guarantee.</Msg><Username>aladiesright</Username><Timestamp>1365394337064</Timestamp><DateTime>Mon, 2013-04-08 00:12:17 EDT</DateTime><ThumbUp>0</ThumbUp><ThumbDown>0</ThumbDown><Sentiment>Strong Sell</Sentiment></Message><Message type="ReplyMessage"><Id>1365394857400-3</Id><Topic><Title>Intel may bounce big after earnings</Title><Username>bacbacker</Username><Timestamp>1365385680016</Timestamp><DateTime>Sun, 2013-04-07 21:48:00 EDT</DateTime></Topic><Msg>I think the biggest surprise to the market will be how well Intel will do in the tablet market. Look around right now, there are no Android tablets running Intel. That's all about to change with Bay Trail and Haswell. Bay Trail can run BOTH Windows 8 and Android, that is a VERY compelling value proposition. I say 7" and 8" Bay Trail-based tablets will sell like crazy. You add that with thinner and lighter Haswell ultrabook convertibles with 10 hours battery life that too can run both Android and Windows 8. Unlike last year, this holiday season, Intel is ready.</Msg><Username>bacbacker</Username><Timestamp>1365394857400</Timestamp><DateTime>Mon, 2013-04-08 00:20:57 EDT</DateTime><ThumbUp>0</ThumbUp><ThumbDown>0</ThumbDown><Sentiment/></Message><Message type="TopicMessage"><Id>1365395141283-4</Id><Title>Walclowns new phrase BIG GUNS</Title><Msg>The ones that totally missed mobile ? yep</Msg><Username>aladiesright</Username><Timestamp>1365395141283</Timestamp><DateTime>Mon, 2013-04-08 00:25:41 EDT</DateTime><ThumbUp>1</ThumbUp><ThumbDown>1</ThumbDown><Sentiment>Strong Sell</Sentiment></Message><Message type="ReplyMessage"><Id>1365395778993-5</Id><Topic><Title>Intel may bounce big after earnings</Title><Username>bacbacker</Username><Timestamp>1365385680016</Timestamp><DateTime>Sun, 2013-04-07 21:48:00 EDT</DateTime></Topic><Msg>INTC's plan is to attack tablet market in 2013 then attack phone market in 2014 :)</Msg><Username>ruipeirara</Username><Timestamp>1365395778993</Timestamp><DateTime>Mon, 2013-04-08 00:36:18 EDT</DateTime><ThumbUp>0</ThumbUp><ThumbDown>0</ThumbDown><Sentiment/></Message><Message type="ReplyMessage"><Id>1365396111672-6</Id><Topic><Title>Intel may bounce big after earnings</Title><Username>bacbacker</Username><Timestamp>1365385680016</Timestamp><DateTime>Sun, 2013-04-07 21:48:00 EDT</DateTime></Topic><Msg>yeah that is everyones plan every year. Intel has a 7 year losing streak going. idiotz</Msg><Username>wrightwhoe</Username><Timestamp>1365396111672</Timestamp><DateTime>Mon, 2013-04-08 00:41:51 EDT</DateTime><ThumbUp>0</ThumbUp><ThumbDown>0</ThumbDown><Sentiment>Sell</Sentiment></Message><Message type="ReplyMessage"><Id>1365397218246-7</Id><Topic><Title>Intel may bounce big after earnings</Title><Username>bacbacker</Username><Timestamp>1365385680016</Timestamp><DateTime>Sun, 2013-04-07 21:48:00 EDT</DateTime></Topic><Msg>anyone have same performance and offer dual boot? another account? you f***ken sh**!</Msg><Username>ruipeirara</Username><Timestamp>1365397218246</Timestamp><DateTime>Mon, 2013-04-08 01:00:18 EDT</DateTime><ThumbUp>0</ThumbUp><ThumbDown>0</ThumbDown><Sentiment/></Message><Message type="ReplyMessage"><Id>1365398001251-8</Id><Topic><Title>Intel may bounce big after earnings</Title><Username>bacbacker</Username><Timestamp>1365385680016</Timestamp><DateTime>Sun, 2013-04-07 21:48:00 EDT</DateTime></Topic><Msg>dual boot ...most consumers want easier and intuitive. Not more problems. Most people who use dual boot get sick of it and the extra work. Most consumers at this stage of the speed cycle are picking price over speed. Everything is fast enough now. Intel is going from the low cost producer to the high cost.</Msg><Username>aintezbeingreen</Username><Timestamp>1365398001251</Timestamp><DateTime>Mon, 2013-04-08 01:13:21 EDT</DateTime><ThumbUp>0</ThumbUp><ThumbDown>0</ThumbDown><Sentiment>Sell</Sentiment></Message><Message type="ReplyMessage"><Id>1365398442052-9</Id><Topic><Title>Intel may bounce big after earnings</Title><Username>bacbacker</Username><Timestamp>1365385680016</Timestamp><DateTime>Sun, 2013-04-07 21:48:00 EDT</DateTime></Topic><Msg>how many #$%$**ken alias do you have???! You must be in over your head shorting INTC...I HIGHLY recommend you cover!</Msg><Username>ruipeirara</Username><Timestamp>1365398442052</Timestamp><DateTime>Mon, 2013-04-08 01:20:42 EDT</DateTime><ThumbUp>0</ThumbUp><ThumbDown>0</ThumbDown><Sentiment/></Message><Message type="ReplyMessage"><Id>1365398451599-10</Id><Topic><Title>Intel may bounce big after earnings</Title><Username>bacbacker</Username><Timestamp>1365385680016</Timestamp><DateTime>Sun, 2013-04-07 21:48:00 EDT</DateTime></Topic><Msg>You sound exactly like khitchdee. What a surprise.</Msg><Username>wallisweaver</Username><Timestamp>1365398451599</Timestamp><DateTime>Mon, 2013-04-08 01:20:51 EDT</DateTime><ThumbUp>0</ThumbUp><ThumbDown>0</ThumbDown><Sentiment/></Message><Message type="ReplyMessage"><Id>1365398772909-11</Id><Topic><Title>Big Risk Week for Intel Shorts/ARM Longs</Title><Username>wallisweaver</Username><Timestamp>1365368243166</Timestamp><DateTime>Sun, 2013-04-07 16:57:23 EDT</DateTime></Topic><Msg>good thing you are here to keep us from losing money. lol lol</Msg><Username>dominateamerika</Username><Timestamp>1365398772909</Timestamp><DateTime>Mon, 2013-04-08 01:26:12 EDT</DateTime><ThumbUp>1</ThumbUp><ThumbDown>2</ThumbDown><Sentiment>Strong Sell</Sentiment></Message><Message type="ReplyMessage"><Id>1365399438964-12</Id><Topic><Title>Big Risk Week for Intel Shorts/ARM Longs</Title><Username>wallisweaver</Username><Timestamp>1365368243166</Timestamp><DateTime>Sun, 2013-04-07 16:57:23 EDT</DateTime></Topic><Msg>They always say the wrong thing. Analysts know they say some goofy stuff. The TV thing, someone is gonna just tee off on that idea. Gonna be in any Apple or Sammy's top phones this decade...? Shwingg and a miss. PC sales and prices ...and margins strike 3 !!! Incoming competition ...strkie 4 .</Msg><Username>dominateamerika</Username><Timestamp>1365399438964</Timestamp><DateTime>Mon, 2013-04-08 01:37:18 EDT</DateTime><ThumbUp>0</ThumbUp><ThumbDown>2</ThumbDown><Sentiment>Sell</Sentiment></Message><Message type="ReplyMessage"><Id>1365400376283-13</Id><Topic><Title>Big Risk Week for Intel Shorts/ARM Longs</Title><Username>wallisweaver</Username><Timestamp>1365368243166</Timestamp><DateTime>Sun, 2013-04-07 16:57:23 EDT</DateTime></Topic><Msg>You sound drunk...</Msg><Username>wallisweaver</Username><Timestamp>1365400376283</Timestamp><DateTime>Mon, 2013-04-08 01:52:56 EDT</DateTime><ThumbUp>0</ThumbUp><ThumbDown>1</ThumbDown><Sentiment/></Message><Message type="ReplyMessage"><Id>1365406343009-14</Id><Topic><Title>How Will ARM Sell Any Tablets?</Title><Username>wallisweaver</Username><Timestamp>1365299519959</Timestamp><DateTime>Sat, 2013-04-06 21:51:59 EDT</DateTime></Topic><Msg>To get 2-3 times the performance over the A15, you have to use a more expensive CPU ($200+ from that Anandtech art.). You also have to take into account the rest of the BOM which will add cost to the Intel tablet. I agree with your general point though.</Msg><Username>theblueredmonk</Username><Timestamp>1365406343009</Timestamp><DateTime>Mon, 2013-04-08 03:32:23 EDT</DateTime><ThumbUp>0</ThumbUp><ThumbDown>0</ThumbDown><Sentiment/></Message><Message type="ReplyMessage"><Id>1365420576046-15</Id><Topic><Title>In Depth Intel Research Report !!</Title><Username>avila.james</Username><Timestamp>1363877870548</Timestamp><DateTime>Thu, 2013-03-21 10:57:50 EDT</DateTime></Topic><Msg>Thanks for sharing:</Msg><Username>gomezruby537</Username><Timestamp>1365420576046</Timestamp><DateTime>Mon, 2013-04-08 07:29:36 EDT</DateTime><ThumbUp>0</ThumbUp><ThumbDown>1</ThumbDown><Sentiment/></Message><Message type="ReplyMessage"><Id>1365421460670-16</Id><Topic><Title>HP Webcast at 11 am EST tomorrow regarding Moonshot Servers "Gemini"</Title><Username>euro.spam</Username><Timestamp>1365386451863</Timestamp><DateTime>Sun, 2013-04-07 22:00:51 EDT</DateTime></Topic><Msg>Article out today saying that Avoton (based on new Silvermont architecture) has started shipping for testing. Coincidence? I think not. HP's webcast will probably be mostly centered around Intel Avoton with a few sprinklings of ARM to keep up the image that both will play a major role in microservers. Hoping Avoton will squish ARM like a bug which it is :) ====================== cioDOTcoDOTuk/news/r-and-d/intel-avoton-atom-chips-boost-power-performance/ After years of incremental improvements, Atom chips are poised for a big jump in performance and power efficiency with a new generation of low-processors that have shipped to server makers for testing. Atom chips are primarily designed for smartphones and tablets, but have also been repurposed for low-power servers. The server variant will be the first Atom chip made using Intel's 22-nanometre manufacturing process, which is considered the most advanced in the industry. The Atom chip, code-named Avoton, will become commercially available in servers starting in the second half. Avoton chips will be based on the new Silvermont microarchitecture, which is the first major Atom architecture redesign since the chip was first released in 2008. Atom chips based on Silvermont for smartphones and tablets will follow the server chip. Tablets will be released during the holiday shopping season later this year with an Atom chip code-named Bay Trail, while a smartphone chip code-named Merrifield could appear in smartphones starting next year. The overhauled microarchitecture will significantly improve Atom chips compared to existing offerings based on the current, aging processor design,, said Nathan Brookwood, principal analyst at Insight 64. Silvermont is a fresh take on Atom chips, and stresses performance and power efficiency, Brookwood said. Intel has said Silvermont-based chips will bring more battery life and performance to mobile devices.</Msg><Username>ideal_invst</Username><Timestamp>1365421460670</Timestamp><DateTime>Mon, 2013-04-08 07:44:20 EDT</DateTime><ThumbUp>0</ThumbUp><ThumbDown>0</ThumbDown><Sentiment/></Message><Message type="ReplyMessage"><Id>1365423675817-17</Id><Topic><Title>Intel may bounce big after earnings</Title><Username>bacbacker</Username><Timestamp>1365385680016</Timestamp><DateTime>Sun, 2013-04-07 21:48:00 EDT</DateTime></Topic><Msg>It should bounce a bit today my guess is $21.25</Msg><Username>youthinkinalldat</Username><Timestamp>1365423675817</Timestamp><DateTime>Mon, 2013-04-08 08:21:15 EDT</DateTime><ThumbUp>0</ThumbUp><ThumbDown>0</ThumbDown><Sentiment/></Message><Message type="ReplyMessage"><Id>1365423822934-18</Id><Topic><Title>In Depth Intel Research Report !!</Title><Username>avila.james</Username><Timestamp>1363877870548</Timestamp><DateTime>Thu, 2013-03-21 10:57:50 EDT</DateTime></Topic><Msg>Very useful!</Msg><Username>marielink521</Username><Timestamp>1365423822934</Timestamp><DateTime>Mon, 2013-04-08 08:23:42 EDT</DateTime><ThumbUp>0</ThumbUp><ThumbDown>1</ThumbDown><Sentiment/></Message><Message type="ReplyMessage"><Id>1365425331248-19</Id><Topic><Title>ARM says its chips and Linux will sweep the industry</Title><Username>singhlion2001</Username><Timestamp>1365379709878</Timestamp><DateTime>Sun, 2013-04-07 20:08:29 EDT</DateTime></Topic><Msg>Another part of Mandyam's presentation that was laughable was suggesting ARM had proven it could scale from embedded devices to servers. 64 bit ARM servers don't even exist. The only thing ARM has proven is that ARM can scale from embedded to yesterday's smartphones &amp; tablets. Today is a new era. Intel's Clovertrail+ has already taken the performance lead in smartphones and Haswell does the same for high-end tablets. Baytrail will do it for entry level tablets and Merrifield will do it in smartphones. Intel's X86 is proven to scale from embedded devices, smartphones, tablets, small form factor PC's, laptops, ultrabooks, desktops, workstations, servers and world-class supercomputers.</Msg><Username>merlot_1</Username><Timestamp>1365425331248</Timestamp><DateTime>Mon, 2013-04-08 08:48:51 EDT</DateTime><ThumbUp>0</ThumbUp><ThumbDown>0</ThumbDown><Sentiment/></Message><Message type="ReplyMessage"><Id>1365426176248-20</Id><Topic><Title>INTC Report and Stock Poll</Title><Username>linkosarah</Username><Timestamp>1362149300635</Timestamp><DateTime>Fri, 2013-03-01 09:48:20 EST</DateTime></Topic><Msg>Ok cool. Thank you for sharing this.</Msg><Username>monegaljanelle</Username><Timestamp>1365426176248</Timestamp><DateTime>Mon, 2013-04-08 09:02:56 EDT</DateTime><ThumbUp>2</ThumbUp><ThumbDown>2</ThumbDown><Sentiment>Buy</Sentiment></Message><Message type="ReplyMessage"><Id>1365427212527-21</Id><Topic><Title>Intel may bounce big after earnings</Title><Username>bacbacker</Username><Timestamp>1365385680016</Timestamp><DateTime>Sun, 2013-04-07 21:48:00 EDT</DateTime></Topic><Msg>Hoping Intel continues to go down into the low teens so you guys take huge hits. You know the old saying: "misery loves company". My commentary is so so so so important!</Msg><Username>nuffwad</Username><Timestamp>1365427212527</Timestamp><DateTime>Mon, 2013-04-08 09:20:12 EDT</DateTime><ThumbUp>0</ThumbUp><ThumbDown>1</ThumbDown><Sentiment/></Message><Message type="ReplyMessage"><Id>1365428047331-22</Id><Topic><Title>In Depth Intel Research Report !!</Title><Username>avila.james</Username><Timestamp>1363877870548</Timestamp><DateTime>Thu, 2013-03-21 10:57:50 EDT</DateTime></Topic><Msg>Very helpful report , thanks !</Msg><Username>shirleyjones812</Username><Timestamp>1365428047331</Timestamp><DateTime>Mon, 2013-04-08 09:34:07 EDT</DateTime><ThumbUp>0</ThumbUp><ThumbDown>2</ThumbDown><Sentiment/></Message><Message type="TopicMessage"><Id>1365428047684-23</Id><Title>OH THE HUMANITY!!</Title><Msg>Ware oh ware is Wallis?</Msg><Username>vinnie_baggadonitz</Username><Timestamp>1365428047684</Timestamp><DateTime>Mon, 2013-04-08 09:34:07 EDT</DateTime><ThumbUp>0</ThumbUp><ThumbDown>0</ThumbDown><Sentiment/></Message><Message type="ReplyMessage"><Id>1365428316449-24</Id><Topic><Title>OH THE HUMANITY!!</Title><Username>vinnie_baggadonitz</Username><Timestamp>1365428047684</Timestamp><DateTime>Mon, 2013-04-08 09:34:07 EDT</DateTime></Topic><Msg>nestled in his bed with sugar plum fairies prancing about</Msg><Username>wdblawgrow</Username><Timestamp>1365428316449</Timestamp><DateTime>Mon, 2013-04-08 09:38:36 EDT</DateTime><ThumbUp>0</ThumbUp><ThumbDown>0</ThumbDown><Sentiment/></Message><Message type="TopicMessage"><Id>1365428785024-25</Id><Title>He he he</Title><Msg>Margins are sinking. Intel's earnings will take a big hit this quarter with big div cut on horizon. Dirty little secret. Sell, Sell, Sell. Te he, Te he. See this co. belly up by year end. Really know everything.</Msg><Username>nuffwad</Username><Timestamp>1365428785024</Timestamp><DateTime>Mon, 2013-04-08 09:46:25 EDT</DateTime><ThumbUp>0</ThumbUp><ThumbDown>2</ThumbDown><Sentiment/></Message><Message type="TopicMessage"><Id>1365428985436-26</Id><Title>BREAKOUT ALERT BCCI COFFEE..FRANCHISE ..SEEN ON YAHOO NEWS HEADLINES</Title><Msg>STRONG MOVE COMING</Msg><Username>fkiesereda</Username><Timestamp>1365428985436</Timestamp><DateTime>Mon, 2013-04-08 09:49:45 EDT</DateTime><ThumbUp>0</ThumbUp><ThumbDown>0</ThumbDown><Sentiment/></Message><Message type="ReplyMessage"><Id>1365429650023-27</Id><Topic><Title>Secret INTC Info Revealed</Title><Username>johnsoncarlos692</Username><Timestamp>1365169877284</Timestamp><DateTime>Fri, 2013-04-05 09:51:17 EDT</DateTime></Topic><Msg>great report</Msg><Username>morrisnoah247</Username><Timestamp>1365429650023</Timestamp><DateTime>Mon, 2013-04-08 10:00:50 EDT</DateTime><ThumbUp>0</ThumbUp><ThumbDown>2</ThumbDown><Sentiment>Hold</Sentiment></Message><Message type="ReplyMessage"><Id>1365429992804-28</Id><Topic><Title>Why is Intel building so much capacity?</Title><Username>bacbacker</Username><Timestamp>1364955944554</Timestamp><DateTime>Tue, 2013-04-02 22:25:44 EDT</DateTime></Topic><Msg>7" &amp; 8" Android&amp;Windows8 tablets coming your way!</Msg><Username>bacbacker</Username><Timestamp>1365429992804</Timestamp><DateTime>Mon, 2013-04-08 10:06:32 EDT</DateTime><ThumbUp>1</ThumbUp><ThumbDown>0</ThumbDown><Sentiment/></Message><Message type="TopicMessage"><Id>1365430004086-29</Id><Title>INTC will see 18 before it sees 22 again</Title><Msg>Hope you can wait until the Fall before INTC puts on its yearly move. Until then the smart money is on the short side.</Msg><Username>itakebackmyapology</Username><Timestamp>1365430004086</Timestamp><DateTime>Mon, 2013-04-08 10:06:44 EDT</DateTime><ThumbUp>0</ThumbUp><ThumbDown>9</ThumbDown><Sentiment/></Message><Message type="ReplyMessage"><Id>1365430017165-30</Id><Topic><Title>INTC Report and Stock Poll</Title><Username>linkosarah</Username><Timestamp>1362149300635</Timestamp><DateTime>Fri, 2013-03-01 09:48:20 EST</DateTime></Topic><Msg>checking the chart now</Msg><Username>omphalecalice</Username><Timestamp>1365430017165</Timestamp><DateTime>Mon, 2013-04-08 10:06:57 EDT</DateTime><ThumbUp>0</ThumbUp><ThumbDown>1</ThumbDown><Sentiment/></Message><Message type="ReplyMessage"><Id>1365430077889-31</Id><Topic><Title>TSMC won't have 16nm in full production until 2016 - if everything goes according to plan</Title><Username>bacbacker</Username><Timestamp>1364955238060</Timestamp><DateTime>Tue, 2013-04-02 22:13:58 EDT</DateTime></Topic><Msg>Intel may be in full production for 14nm finFET before tsmc/Samsung even start their 20nm planar!</Msg><Username>bacbacker</Username><Timestamp>1365430077889</Timestamp><DateTime>Mon, 2013-04-08 10:07:57 EDT</DateTime><ThumbUp>0</ThumbUp><ThumbDown>0</ThumbDown><Sentiment/></Message><Message type="ReplyMessage"><Id>1365430330791-32</Id><Topic><Title>He he he</Title><Username>nuffwad</Username><Timestamp>1365428785024</Timestamp><DateTime>Mon, 2013-04-08 09:46:25 EDT</DateTime></Topic><Msg>Ok, Ok. Not really nuff, but couldn't help imitating his obnoxiousness. He likes to pretend he's the "Grinch". Consider him a butt wipe.</Msg><Username>nuffwad</Username><Timestamp>1365430330791</Timestamp><DateTime>Mon, 2013-04-08 10:12:10 EDT</DateTime><ThumbUp>0</ThumbUp><ThumbDown>0</ThumbDown><Sentiment/></Message><Message type="ReplyMessage"><Id>1365430532359-33</Id><Topic><Title>In Depth Intel Research Report !!</Title><Username>avila.james</Username><Timestamp>1363877870548</Timestamp><DateTime>Thu, 2013-03-21 10:57:50 EDT</DateTime></Topic><Msg>good report</Msg><Username>ashlea.simon</Username><Timestamp>1365430532359</Timestamp><DateTime>Mon, 2013-04-08 10:15:32 EDT</DateTime><ThumbUp>0</ThumbUp><ThumbDown>2</ThumbDown><Sentiment/></Message><Message type="ReplyMessage"><Id>1365430804737-34</Id><Topic><Title>He he he</Title><Username>nuffwad</Username><Timestamp>1365428785024</Timestamp><DateTime>Mon, 2013-04-08 09:46:25 EDT</DateTime></Topic><Msg>I consider nuff some crazy old coot with to much time on his hands &amp; a complete shetbag waste of bandwidth.</Msg><Username>williamdavis960</Username><Timestamp>1365430804737</Timestamp><DateTime>Mon, 2013-04-08 10:20:04 EDT</DateTime><ThumbUp>0</ThumbUp><ThumbDown>0</ThumbDown><Sentiment>Buy</Sentiment></Message><Message type="TopicMessage"><Id>1365431013353-35</Id><Title>The Fudd Fade Started Early Today</Title><Msg>I was expecting them to wait until tomorrow night when the IDF news starts coming in. Okay, by me boys. Fade away... PS. ARM longs fading along with Intel shorts...</Msg><Username>wallisweaver</Username><Timestamp>1365431013353</Timestamp><DateTime>Mon, 2013-04-08 10:23:33 EDT</DateTime><ThumbUp>0</ThumbUp><ThumbDown>0</ThumbDown><Sentiment/></Message><Message type="ReplyMessage"><Id>1365431196325-36</Id><Topic><Title>TSMC won't have 16nm in full production until 2016 - if everything goes according to plan</Title><Username>bacbacker</Username><Timestamp>1364955238060</Timestamp><DateTime>Tue, 2013-04-02 22:13:58 EDT</DateTime></Topic><Msg>Wally they will be coming as the market demands. They build to the tech that makes sense. Intel could tale a BIG lesson here. Your cluelessness is always interesting and gets you in so much trouble.</Msg><Username>aintezbeingreen</Username><Timestamp>1365431196325</Timestamp><DateTime>Mon, 2013-04-08 10:26:36 EDT</DateTime><ThumbUp>0</ThumbUp><ThumbDown>1</ThumbDown><Sentiment>Strong Sell</Sentiment></Message><Message type="ReplyMessage"><Id>1365431361024-37</Id><Topic><Title>The Fudd Fade Started Early Today</Title><Username>wallisweaver</Username><Timestamp>1365431013353</Timestamp><DateTime>Mon, 2013-04-08 10:23:33 EDT</DateTime></Topic><Msg>looking like 17 in the tic toc roadmap... .Wally you can take a drink from the toilet bowl now.</Msg><Username>aintezbeingreen</Username><Timestamp>1365431361024</Timestamp><DateTime>Mon, 2013-04-08 10:29:21 EDT</DateTime><ThumbUp>0</ThumbUp><ThumbDown>0</ThumbDown><Sentiment>Strong Sell</Sentiment></Message><Message type="TopicMessage"><Id>1365431362748-38</Id><Title>Intel Avoton highlights the problems for ARM vendors</Title><Msg>Intel is sampling Avoton Atom chips ahead of IDF Beijing Ratching up the fabs ahead of ARM CHIPMAKER Intel has said it has working 22nm Avoton Atom chips it is sampling to customers, with production chips expected to be available in the second half of 2013. .... Intel also confirmed what many already knew, that Avoton will make use of the Silvermont microarchitecture. The firm said Avoton will be its second generation 64-bit SoC and comes almost exactly a year after Centerton Atom chip. .... What Intel didn't talk about is the power consumption of its Avoton Atom chips, however its previous generation Centeron chips had a TDP figure of 6W and given that the firm is moving to what is now a mature process node and a new microarchitecture, one can safely expect the power consumption figures to be lower than the previous generation. ..... Intel's Avoton Atom chips might not yet be able to compete in outright power consumption figures against ARM chips but Intel can rightly argue that its silicon will be in the hands of server builders months before ARM vendors have something that competes in terms of features. ...... This highlights the problem for ARM vendors. While many chip vendors including Intel's historic rival AMD will have ARM based chips next year, Intel will already have its second generation 64-bit SoC out for many months, and has already talked about specific versions of Atom for different server deployments such as storage and network infrastructure. And perhaps most worrying is Intel's seeming ability to develop and produce new Atom chips on a 12 month to 18 month cycle, one that some ARM vendors might find hard to cope with. .... Intel said that it expects to have final Avoton Atom silicon in the hands of customers in the second half of 2013. theinquirerDOTnet/inquirer/news/2259692/intel-is-sampling-avoton-atom-chips-ahead-of-idf-beijing</Msg><Username>ideal_invst</Username><Timestamp>1365431362748</Timestamp><DateTime>Mon, 2013-04-08 10:29:22 EDT</DateTime><ThumbUp>1</ThumbUp><ThumbDown>0</ThumbDown><Sentiment/></Message><Message type="ReplyMessage"><Id>1365431420380-39</Id><Topic><Title>TSMC won't have 16nm in full production until 2016 - if everything goes according to plan</Title><Username>bacbacker</Username><Timestamp>1364955238060</Timestamp><DateTime>Tue, 2013-04-02 22:13:58 EDT</DateTime></Topic><Msg>google last conference call from tsmc...they will not have 16nm until 2016 at the earliest!! And right now, we have heard anything about 20nm, which suggests they might not have 20nm for next year. Without progress in manufacturing process, arm camp are sitting ducks!</Msg><Username>bacbacker</Username><Timestamp>1365431420380</Timestamp><DateTime>Mon, 2013-04-08 10:30:20 EDT</DateTime><ThumbUp>0</ThumbUp><ThumbDown>0</ThumbDown><Sentiment/></Message><Message type="TopicMessage"><Id>1365431424905-40</Id><Title>Intel is sampling Avoton Atom chips ahead of IDF Beijing</Title><Msg>[For all you nitwit shorts who don't understand what this means, let me interpret: Head for the hills, boys - head for the hills. The battle is lost...] CHIPMAKER Intel has said it has working 22nm Avoton Atom chips it is sampling to customers, with production chips expected to be available in the second half of 2013. Intel has revealed some details of Avoton ahead of IDF Beijing, saying that the chip will be fabbed on the firm's 22nm process node and is sampling to customers now. Intel also confirmed what many already knew, that Avoton will make use of the Silvermont microarchitecture. The firm said Avoton will be its second generation 64-bit SoC and comes almost exactly a year after Centerton Atom chip. Intel wouldn't disclose specific technical details of Avoton prior to IDF Beijing, however the Avoton represents a big step for the firm as it includes both a change in microarchitecture and process node. From theinquirer</Msg><Username>wallisweaver</Username><Timestamp>1365431424905</Timestamp><DateTime>Mon, 2013-04-08 10:30:24 EDT</DateTime><ThumbUp>2</ThumbUp><ThumbDown>0</ThumbDown><Sentiment/></Message><Message type="ReplyMessage"><Id>1365431756637-41</Id><Topic><Title>Intel Avoton highlights the problems for ARM vendors</Title><Username>ideal_invst</Username><Timestamp>1365431362748</Timestamp><DateTime>Mon, 2013-04-08 10:29:22 EDT</DateTime></Topic><Msg>Notice Centerton had a TDP of 6W, Avoton will be even lower. Further, it is already sampling and will be shipping in volumes in the next quarter or two. 64-bit ARM is nowhere in the vicinity...!!! The Microserver train has left the station and ARM isn't onboard...ha, ha, ha...</Msg><Username>ideal_invst</Username><Timestamp>1365431756637</Timestamp><DateTime>Mon, 2013-04-08 10:35:56 EDT</DateTime><ThumbUp>2</ThumbUp><ThumbDown>0</ThumbDown><Sentiment/></Message><Message type="ReplyMessage"><Id>1365431851243-42</Id><Topic><Title>He he he</Title><Username>nuffwad</Username><Timestamp>1365428785024</Timestamp><DateTime>Mon, 2013-04-08 09:46:25 EDT</DateTime></Topic><Msg>Mr. Davis, you sound like you're just a normal investor trying to make an honest buck like me. Can't quite explain why I hate that F-wad Nuff so much. Guess because he has no skin in the game and just likes to annoy everyone.</Msg><Username>nuffwad</Username><Timestamp>1365431851243</Timestamp><DateTime>Mon, 2013-04-08 10:37:31 EDT</DateTime><ThumbUp>0</ThumbUp><ThumbDown>0</ThumbDown><Sentiment/></Message><Message type="TopicMessage"><Id>1365431960502-43</Id><Title>We need a big announcement of some kind and move this back to $25</Title><Msg>C'mon INTC</Msg><Username>sbutler218</Username><Timestamp>1365431960502</Timestamp><DateTime>Mon, 2013-04-08 10:39:20 EDT</DateTime><ThumbUp>0</ThumbUp><ThumbDown>0</ThumbDown><Sentiment/></Message><Message type="ReplyMessage"><Id>1365432904821-44</Id><Topic><Title>HP Webcast at 11 am EST tomorrow regarding Moonshot Servers "Gemini"</Title><Username>euro.spam</Username><Timestamp>1365386451863</Timestamp><DateTime>Sun, 2013-04-07 22:00:51 EDT</DateTime></Topic><Msg>yeah, this is also going to support ARMH chips !!!!! very cool</Msg><Username>aintezbeingreen</Username><Timestamp>1365432904821</Timestamp><DateTime>Mon, 2013-04-08 10:55:04 EDT</DateTime><ThumbUp>0</ThumbUp><ThumbDown>1</ThumbDown><Sentiment>Strong Sell</Sentiment></Message><Message type="ReplyMessage"><Id>1365433110736-45</Id><Topic><Title>Intel Avoton highlights the problems for ARM vendors</Title><Username>ideal_invst</Username><Timestamp>1365431362748</Timestamp><DateTime>Mon, 2013-04-08 10:29:22 EDT</DateTime></Topic><Msg>The story incorrectly states that Avoton won't be performance/watt competitive with ARM - just first to market. ARM needs to ratchet up its marketing dollars to get these guys to print that Avoton has a bug. LOL</Msg><Username>ashraf.eassa</Username><Timestamp>1365433110736</Timestamp><DateTime>Mon, 2013-04-08 10:58:30 EDT</DateTime><ThumbUp>1</ThumbUp><ThumbDown>12</ThumbDown><Sentiment/></Message><Message type="ReplyMessage"><Id>1365433146511-46</Id><Topic><Title>Quiet Period - And the Shorts Still Can't Get Any Traction</Title><Username>wallisweaver</Username><Timestamp>1364761359955</Timestamp><DateTime>Sun, 2013-03-31 16:22:39 EDT</DateTime></Topic><Msg>keep pumping out the drivel waldo just like last week when you pumped it every day and the price dropped every day</Msg><Username>wdblawgrow</Username><Timestamp>1365433146511</Timestamp><DateTime>Mon, 2013-04-08 10:59:06 EDT</DateTime><ThumbUp>0</ThumbUp><ThumbDown>1</ThumbDown><Sentiment/></Message><Message type="TopicMessage"><Id>1365433449458-47</Id><Title>BSDM</Title><Msg>will be big win</Msg><Username>tzorra</Username><Timestamp>1365433449458</Timestamp><DateTime>Mon, 2013-04-08 11:04:09 EDT</DateTime><ThumbUp>0</ThumbUp><ThumbDown>0</ThumbDown><Sentiment/></Message><Message type="ReplyMessage"><Id>1365433921481-48</Id><Topic><Title>In Depth Intel Research Report !!</Title><Username>avila.james</Username><Timestamp>1363877870548</Timestamp><DateTime>Thu, 2013-03-21 10:57:50 EDT</DateTime></Topic><Msg>nice one!</Msg><Username>mceachin_david</Username><Timestamp>1365433921481</Timestamp><DateTime>Mon, 2013-04-08 11:12:01 EDT</DateTime><ThumbUp>0</ThumbUp><ThumbDown>2</ThumbDown><Sentiment/></Message><Message type="ReplyMessage"><Id>1365434102157-49</Id><Topic><Title>HP Webcast at 11 am EST tomorrow regarding Moonshot Servers "Gemini"</Title><Username>euro.spam</Username><Timestamp>1365386451863</Timestamp><DateTime>Sun, 2013-04-07 22:00:51 EDT</DateTime></Topic><Msg>Nuff, here is my fantasy. Someone sends you a sizeable pipe bomb. You open the box with your usual stupid look. I'm looking through your window from the outside with a detonator switch. You raise the device so it's close to your face (within an inch or so). At that point, I can't push the switch fast enough. I crouch down and hear a loud BOOM! I look in and see all of the guts from your head splattered across a wall. The impact of the explosion has literally cleaved your head from the rest of your body. I have this huge smile on my face as I walk away.</Msg><Username>nuffwad</Username><Timestamp>1365434102157</Timestamp><DateTime>Mon, 2013-04-08 11:15:02 EDT</DateTime><ThumbUp>0</ThumbUp><ThumbDown>0</ThumbDown><Sentiment/></Message><Message type="TopicMessage"><Id>1365434123890-50</Id><Title>TV, Cisco, Altera, Moonshot,IDF, AE SA articles, WW pumps, Hasbeen, earnings coming ...and stock keeps going down</Title><Msg>Sorry Wallace ...go lick from the toilet bowl. PALPABLE PAIN</Msg><Username>aintezbeingreen</Username><Timestamp>1365434123890</Timestamp><DateTime>Mon, 2013-04-08 11:15:23 EDT</DateTime><ThumbUp>0</ThumbUp><ThumbDown>0</ThumbDown><Sentiment>Strong Sell</Sentiment></Message><Message type="TopicMessage"><Id>1365434489669-51</Id><Title>LONGS PALPABLE DISAPPOINTMENT</Title><Msg>what a barker</Msg><Username>wrightwhoe</Username><Timestamp>1365434489669</Timestamp><DateTime>Mon, 2013-04-08 11:21:29 EDT</DateTime><ThumbUp>0</ThumbUp><ThumbDown>1</ThumbDown><Sentiment>Strong Sell</Sentiment></Message><Message type="ReplyMessage"><Id>1365434818764-52</Id><Topic><Title>Intel Avoton highlights the problems for ARM vendors</Title><Username>ideal_invst</Username><Timestamp>1365431362748</Timestamp><DateTime>Mon, 2013-04-08 10:29:22 EDT</DateTime></Topic><Msg>The lack of 64 bit in the ARM camp for servers is a very big deal. If you are in the server market you have to be 64 bit now. I moved most all of my servers over to 64 bit last year and they are all running Xenon processors. 32 bit doesn't support more then 4 GB addressable but with 64 bit I load a truckload of RAM in them and virtualize the heck out of them maximizing efficiency. Now with 64 bit for microservers and Intel delivers first? It is game over in the server market for ARM.</Msg><Username>bjaythebear</Username><Timestamp>1365434818764</Timestamp><DateTime>Mon, 2013-04-08 11:26:58 EDT</DateTime><ThumbUp>0</ThumbUp><ThumbDown>0</ThumbDown><Sentiment/></Message><Message type="TopicMessage"><Id>1365435300625-53</Id><Title>HPQ launched Intel-based Project Moonshot Severs (sorry blueredmonk)</Title><Msg>. HP Launches New Class of Server for Social, Mobile, Cloud and Big Data Software Defined Servers Designed for the Data Center and Built for the Planet Press Release: HP – 16 minutes ago. LO ALTO, CA--(Marketwired - Apr 8, 2013) - HP today unveiled the world's first commercially available HP Moonshot system, delivering compelling new infrastructure economics by using up to 89 percent less energy, 80 percent less space and costing 77 percent less, compared to traditional servers.(1) Today's mega data centers are nearing a breaking point where further growth is restricted due to the current economics of traditional infrastructure. HP Moonshot servers are a first step organizations can take to address these constraints. "With nearly 10 billion devices connected to the internet and predictions for exponential growth, we've reached a point where the space, power and cost demands of traditional technology are no longer sustainable," said Meg Whitman, president and chief executive officer, HP. "HP Moonshot marks the beginning of a new style of IT that will change the infrastructure economics and lay the foundation for the next 20 billion devices." HP innovation delivers less energy use, less space, less cost HP has been the leader in defining next-generation computing platforms for decades. More than 20 years ago, HP introduced the first successful commercial UNIX server, the HP 9000 Series 840, as well as the first x86 server, the HP SystemPro. More than a decade later, HP was granted one of the first patents for blade server architectures. The company has remained the x86 server market leader for the last 16 years.(2)</Msg><Username>khitchdumb</Username><Timestamp>1365435300625</Timestamp><DateTime>Mon, 2013-04-08 11:35:00 EDT</DateTime><ThumbUp>0</ThumbUp><ThumbDown>0</ThumbDown><Sentiment/></Message><Message type="ReplyMessage"><Id>1365435509263-54</Id><Topic><Title>HPQ launched Intel-based Project Moonshot Severs (sorry blueredmonk)</Title><Username>khitchdumb</Username><Timestamp>1365435300625</Timestamp><DateTime>Mon, 2013-04-08 11:35:00 EDT</DateTime></Topic><Msg>The first HP ProLiant Moonshot server is available with the Intel® Atom S1200 processor and supports web-hosting workloads. HP Moonshot 1500, a 4.3u server enclosure, is fully equipped with 45 Intel-based servers, one network switch and supporting components</Msg><Username>khitchdumb</Username><Timestamp>1365435509263</Timestamp><DateTime>Mon, 2013-04-08 11:38:29 EDT</DateTime><ThumbUp>0</ThumbUp><ThumbDown>0</ThumbDown><Sentiment/></Message><Message type="ReplyMessage"><Id>1365435552769-55</Id><Topic><Title>HP preps Project Moonshot launch April 8</Title><Username>theblueredmonk</Username><Timestamp>1364928333160</Timestamp><DateTime>Tue, 2013-04-02 14:45:33 EDT</DateTime></Topic><Msg>Intel-based, hoss.</Msg><Username>khitchdumb</Username><Timestamp>1365435552769</Timestamp><DateTime>Mon, 2013-04-08 11:39:12 EDT</DateTime><ThumbUp>0</ThumbUp><ThumbDown>0</ThumbDown><Sentiment/></Message><Message type="ReplyMessage"><Id>1365435585556-56</Id><Topic><Title>HPQ launched Intel-based Project Moonshot Severs (sorry blueredmonk)</Title><Username>khitchdumb</Username><Timestamp>1365435300625</Timestamp><DateTime>Mon, 2013-04-08 11:35:00 EDT</DateTime></Topic><Msg>gonna support ARMH too. lol</Msg><Username>aintezbeingreen</Username><Timestamp>1365435585556</Timestamp><DateTime>Mon, 2013-04-08 11:39:45 EDT</DateTime><ThumbUp>0</ThumbUp><ThumbDown>0</ThumbDown><Sentiment>Strong Sell</Sentiment></Message><Message type="ReplyMessage"><Id>1365435629211-57</Id><Topic><Title>HPQ launched Intel-based Project Moonshot Severs (sorry blueredmonk)</Title><Username>khitchdumb</Username><Timestamp>1365435300625</Timestamp><DateTime>Mon, 2013-04-08 11:35:00 EDT</DateTime></Topic><Msg>You're game is pathetically weak.</Msg><Username>khitchdumb</Username><Timestamp>1365435629211</Timestamp><DateTime>Mon, 2013-04-08 11:40:29 EDT</DateTime><ThumbUp>0</ThumbUp><ThumbDown>1</ThumbDown><Sentiment/></Message><Message type="TopicMessage"><Id>1365435634286-58</Id><Title>Where is Wallis Weaver- I Want Wallis Weaver</Title><Msg>In the verbage and rhythmic pentameter of Apollo Creed or Cassius Clay... I want Wallis Weaver.. Where is that Knuckle head? He was talking #$%$ that this turd would pop, when instead to the floor its started to drop. It bobbed are weaved around 21.80, but now looks dead at 20.80. The Question is, and soon will know, just how low this turd can go. There are those that say it won't see the teens, but Goldman Sachs is old and mean. They might know something that Wallis doesn't, and soon he'll be sweeping streets for my cousin.... How's that for some Ali Rap?? Let me know that you are still alive Wallis.. The Turd is still stinkin..</Msg><Username>pcrandallfinance</Username><Timestamp>1365435634286</Timestamp><DateTime>Mon, 2013-04-08 11:40:34 EDT</DateTime><ThumbUp>1</ThumbUp><ThumbDown>3</ThumbDown><Sentiment/></Message><Message type="TopicMessage"><Id>1365435755865-59</Id><Title>HP Launches New Class of Server for Social, Mobile, Cloud and Big Data</Title><Msg>INTEL INSIDE. Systems start at $61,875.</Msg><Username>khitchdumb</Username><Timestamp>1365435755865</Timestamp><DateTime>Mon, 2013-04-08 11:42:35 EDT</DateTime><ThumbUp>0</ThumbUp><ThumbDown>0</ThumbDown><Sentiment/></Message><Message type="TopicMessage"><Id>1365435759672-60</Id><Title>looking at 19 soon. Was moonshot a long shot from NKorea ?</Title><Msg>Wally is gonna dump a load in his shorts.</Msg><Username>aladiesright</Username><Timestamp>1365435759672</Timestamp><DateTime>Mon, 2013-04-08 11:42:39 EDT</DateTime><ThumbUp>0</ThumbUp><ThumbDown>1</ThumbDown><Sentiment>Strong Sell</Sentiment></Message><Message type="ReplyMessage"><Id>1365435875473-61</Id><Topic><Title>HP Launches New Class of Server for Social, Mobile, Cloud and Big Data</Title><Username>khitchdumb</Username><Timestamp>1365435755865</Timestamp><DateTime>Mon, 2013-04-08 11:42:35 EDT</DateTime></Topic><Msg>up</Msg><Username>khitchdumb</Username><Timestamp>1365435875473</Timestamp><DateTime>Mon, 2013-04-08 11:44:35 EDT</DateTime><ThumbUp>0</ThumbUp><ThumbDown>1</ThumbDown><Sentiment/></Message><Message type="ReplyMessage"><Id>1365435887366-62</Id><Topic><Title>HPQ launched Intel-based Project Moonshot Severs (sorry blueredmonk)</Title><Username>khitchdumb</Username><Timestamp>1365435300625</Timestamp><DateTime>Mon, 2013-04-08 11:35:00 EDT</DateTime></Topic><Msg>FYI....</Msg><Username>khitchdumb</Username><Timestamp>1365435887366</Timestamp><DateTime>Mon, 2013-04-08 11:44:47 EDT</DateTime><ThumbUp>0</ThumbUp><ThumbDown>2</ThumbDown><Sentiment/></Message><Message type="ReplyMessage"><Id>1365435901645-63</Id><Topic><Title>Intel Avoton highlights the problems for ARM vendors</Title><Username>ideal_invst</Username><Timestamp>1365431362748</Timestamp><DateTime>Mon, 2013-04-08 10:29:22 EDT</DateTime></Topic><Msg>awesome</Msg><Username>khitchdumb</Username><Timestamp>1365435901645</Timestamp><DateTime>Mon, 2013-04-08 11:45:01 EDT</DateTime><ThumbUp>0</ThumbUp><ThumbDown>1</ThumbDown><Sentiment/></Message><Message type="ReplyMessage"><Id>1365435936170-64</Id><Topic><Title>HP preps Project Moonshot launch April 8</Title><Username>theblueredmonk</Username><Timestamp>1364928333160</Timestamp><DateTime>Tue, 2013-04-02 14:45:33 EDT</DateTime></Topic><Msg>Intel based. Systems start at just under 62 thousand. Severe death-blow to ARMH.</Msg><Username>khitchdumb</Username><Timestamp>1365435936170</Timestamp><DateTime>Mon, 2013-04-08 11:45:36 EDT</DateTime><ThumbUp>0</ThumbUp><ThumbDown>0</ThumbDown><Sentiment/></Message><Message type="TopicMessage"><Id>1365436179540-65</Id><Title>Did Meg mention the word "ARM" in the webcast?</Title><Msg>I dont' see the word anywhere in the press releases.</Msg><Username>khitchdumb</Username><Timestamp>1365436179540</Timestamp><DateTime>Mon, 2013-04-08 11:49:39 EDT</DateTime><ThumbUp>0</ThumbUp><ThumbDown>0</ThumbDown><Sentiment/></Message><Message type="ReplyMessage"><Id>1365436431387-66</Id><Topic><Title>HP preps Project Moonshot launch April 8</Title><Username>theblueredmonk</Username><Timestamp>1364928333160</Timestamp><DateTime>Tue, 2013-04-02 14:45:33 EDT</DateTime></Topic><Msg>INTC now. ARM coming H2/13. ----------------------------------- The first HP ProLiant Moonshot server is available with the Intel® Atom S1200 processor and supports web-hosting workloads. HP Moonshot 1500, a 4.3u server enclosure, is fully equipped with 45 Intel-based servers, one network switch and supporting components. A growing ecosystem of industry leading technology partners HP also announced a comprehensive roadmap of workload-optimized HP ProLiant Moonshot servers incorporating processors from a broad ecosystem of HP partners including AMD, AppliedMicro, Calxeda, Intel and Texas Instruments Incorporated. Scheduled to be released in the second half of 2013, the new HP ProLiant Moonshot servers will support emerging web, cloud and massive scale environments, as well as analytics and telecommunications. Future servers will be delivered for big data, high-performance computing, gaming, financial services, genomics, facial recognition, video analysis and other applications.</Msg><Username>blackoutbuzz</Username><Timestamp>1365436431387</Timestamp><DateTime>Mon, 2013-04-08 11:53:51 EDT</DateTime><ThumbUp>1</ThumbUp><ThumbDown>0</ThumbDown><Sentiment/></Message><Message type="ReplyMessage"><Id>1365436553035-67</Id><Topic><Title>Where is Wallis Weaver- I Want Wallis Weaver</Title><Username>pcrandallfinance</Username><Timestamp>1365435634286</Timestamp><DateTime>Mon, 2013-04-08 11:40:34 EDT</DateTime></Topic><Msg>You're getting creepy with the stalking again. You have once again crossed the line in terms of appropriate behavior. Even Yahoo has its limits. Don't make me warn you again.</Msg><Username>wallisweaver</Username><Timestamp>1365436553035</Timestamp><DateTime>Mon, 2013-04-08 11:55:53 EDT</DateTime><ThumbUp>2</ThumbUp><ThumbDown>2</ThumbDown><Sentiment/></Message><Message type="ReplyMessage"><Id>1365436588852-68</Id><Topic><Title>Did Meg mention the word "ARM" in the webcast?</Title><Username>khitchdumb</Username><Timestamp>1365436179540</Timestamp><DateTime>Mon, 2013-04-08 11:49:39 EDT</DateTime></Topic><Msg>let me help you. What you heard is a sales talk, not a tech bulletin. FROM all things 3D: It’s also highly customizable, in a nearly endless series of mix-and-match combinations: It supports Intel’s Atom line of small and light microprocessors, as well as new up-and coming server chips based on designs from the British firm ARM. It can also support graphics processing units from companies like Nvidia, as well as standard hard drives or flash-memory based solid-state storage.</Msg><Username>aintezbeingreen</Username><Timestamp>1365436588852</Timestamp><DateTime>Mon, 2013-04-08 11:56:28 EDT</DateTime><ThumbUp>0</ThumbUp><ThumbDown>0</ThumbDown><Sentiment>Strong Sell</Sentiment></Message><Message type="ReplyMessage"><Id>1365436608034-69</Id><Topic><Title>APPLE/INTEL DEAL COMING!!!!</Title><Username>aladeisright</Username><Timestamp>1365171479302</Timestamp><DateTime>Fri, 2013-04-05 10:17:59 EDT</DateTime></Topic><Msg>This is coming folks!</Msg><Username>aladeisright</Username><Timestamp>1365436608034</Timestamp><DateTime>Mon, 2013-04-08 11:56:48 EDT</DateTime><ThumbUp>0</ThumbUp><ThumbDown>0</ThumbDown><Sentiment/></Message><Message type="ReplyMessage"><Id>1365436669462-70</Id><Topic><Title>INTEL WILL HAVE 14NM NEXT YEAR!!!!</Title><Username>aladeisright</Username><Timestamp>1365171595942</Timestamp><DateTime>Fri, 2013-04-05 10:19:55 EDT</DateTime></Topic><Msg>2 years process lead over competitors. Huge advantage!</Msg><Username>aladeisright</Username><Timestamp>1365436669462</Timestamp><DateTime>Mon, 2013-04-08 11:57:49 EDT</DateTime><ThumbUp>0</ThumbUp><ThumbDown>0</ThumbDown><Sentiment/></Message><Message type="ReplyMessage"><Id>1365436708843-71</Id><Topic><Title>CISCO/INTEL DEAL ALREADY DONE!!!</Title><Username>aladeisright</Username><Timestamp>1365171648539</Timestamp><DateTime>Fri, 2013-04-05 10:20:48 EDT</DateTime></Topic><Msg>this is not priced in yet...when it is announced expect to see big move up</Msg><Username>aladeisright</Username><Timestamp>1365436708843</Timestamp><DateTime>Mon, 2013-04-08 11:58:28 EDT</DateTime><ThumbUp>0</ThumbUp><ThumbDown>0</ThumbDown><Sentiment/></Message><Message type="ReplyMessage"><Id>1365436767345-72</Id><Topic><Title>LENOVO K900 BEATS NEWEST GALAXY S4!!!</Title><Username>aladeisright</Username><Timestamp>1365172324558</Timestamp><DateTime>Fri, 2013-04-05 10:32:04 EDT</DateTime></Topic><Msg>if atom on 32nm can beat snap 600, atom on 22nm will destroy!</Msg><Username>aladeisright</Username><Timestamp>1365436767345</Timestamp><DateTime>Mon, 2013-04-08 11:59:27 EDT</DateTime><ThumbUp>0</ThumbUp><ThumbDown>0</ThumbDown><Sentiment/></Message><Message type="ReplyMessage"><Id>1365436796099-73</Id><Topic><Title>Did Meg mention the word "ARM" in the webcast?</Title><Username>khitchdumb</Username><Timestamp>1365436179540</Timestamp><DateTime>Mon, 2013-04-08 11:49:39 EDT</DateTime></Topic><Msg>"Can" "Could"..........Those terms are always mentioined with ARM. Who's inside the products just announced? That's straight in your jealous face.</Msg><Username>khitchdumb</Username><Timestamp>1365436796099</Timestamp><DateTime>Mon, 2013-04-08 11:59:56 EDT</DateTime><ThumbUp>0</ThumbUp><ThumbDown>0</ThumbDown><Sentiment/></Message><Message type="ReplyMessage"><Id>1365436824362-74</Id><Topic><Title>BAY TRAIL RUNNING ANDROID/WINDOWS 8 WILL DOMINATE TABLETS!!!</Title><Username>aladeisright</Username><Timestamp>1365172406251</Timestamp><DateTime>Fri, 2013-04-05 10:33:26 EDT</DateTime></Topic><Msg>why get a android tablet, when you can get one that runs both android and windows 8 and Bring it to work?</Msg><Username>aladeisright</Username><Timestamp>1365436824362</Timestamp><DateTime>Mon, 2013-04-08 12:00:24 EDT</DateTime><ThumbUp>0</ThumbUp><ThumbDown>0</ThumbDown><Sentiment/></Message><Message type="ReplyMessage"><Id>1365436881734-75</Id><Topic><Title>INTEL BROADWELL CORE AT 14NM WILL FIT IN FANLESS TABLETS!!!</Title><Username>aladeisright</Username><Timestamp>1365173254968</Timestamp><DateTime>Fri, 2013-04-05 10:47:34 EDT</DateTime></Topic><Msg>Intel's core CPU coming down to tablets ...then will fit into phones too!</Msg><Username>aladeisright</Username><Timestamp>1365436881734</Timestamp><DateTime>Mon, 2013-04-08 12:01:21 EDT</DateTime><ThumbUp>0</ThumbUp><ThumbDown>0</ThumbDown><Sentiment/></Message><Message type="ReplyMessage"><Id>1365436905586-76</Id><Topic><Title>HYBRID PCs RUNNING INTEL WILL CANNABALIZE THE 10" TABLETS!!!</Title><Username>aladeisright</Username><Timestamp>1365173443042</Timestamp><DateTime>Fri, 2013-04-05 10:50:43 EDT</DateTime></Topic><Msg>This holiday season...cannibalization baby!</Msg><Username>aladeisright</Username><Timestamp>1365436905586</Timestamp><DateTime>Mon, 2013-04-08 12:01:45 EDT</DateTime><ThumbUp>0</ThumbUp><ThumbDown>1</ThumbDown><Sentiment/></Message><Message type="TopicMessage"><Id>1365437180246-77</Id><Title>What !!!! MOONshot will support ARMH too !!!! awesome or what !!!</Title><Msg>Can you see margarine getting squeezed from a bottle ? big ouchie for Intel.</Msg><Username>wrightwhoe</Username><Timestamp>1365437180246</Timestamp><DateTime>Mon, 2013-04-08 12:06:20 EDT</DateTime><ThumbUp>0</ThumbUp><ThumbDown>2</ThumbDown><Sentiment>Sell</Sentiment></Message><Message type="ReplyMessage"><Id>1365437237972-78</Id><Topic><Title>looking at 19 soon. Was moonshot a long shot from NKorea ?</Title><Username>aladiesright</Username><Timestamp>1365435759672</Timestamp><DateTime>Mon, 2013-04-08 11:42:39 EDT</DateTime></Topic><Msg>19 18</Msg><Username>aintezbeingreen</Username><Timestamp>1365437237972</Timestamp><DateTime>Mon, 2013-04-08 12:07:17 EDT</DateTime><ThumbUp>0</ThumbUp><ThumbDown>1</ThumbDown><Sentiment>Strong Sell</Sentiment></Message><Message type="ReplyMessage"><Id>1365437652329-79</Id><Topic><Title>What !!!! MOONshot will support ARMH too !!!! awesome or what !!!</Title><Username>wrightwhoe</Username><Timestamp>1365437180246</Timestamp><DateTime>Mon, 2013-04-08 12:06:20 EDT</DateTime></Topic><Msg>You must have missed the part about the ARM and AMD servers coming later. And you know what that means - nothing left. Another instance of ARM's too little, too late due to the absence of state-of-the-art fabrication and technology. It's a disaster for ARM and AMD...</Msg><Username>wallisweaver</Username><Timestamp>1365437652329</Timestamp><DateTime>Mon, 2013-04-08 12:14:12 EDT</DateTime><ThumbUp>0</ThumbUp><ThumbDown>1</ThumbDown><Sentiment/></Message><Message type="ReplyMessage"><Id>1365437670024-80</Id><Topic><Title>Where is Wallis Weaver- I Want Wallis Weaver</Title><Username>pcrandallfinance</Username><Timestamp>1365435634286</Timestamp><DateTime>Mon, 2013-04-08 11:40:34 EDT</DateTime></Topic><Msg>Wally talking about good behavior.....so funny.</Msg><Username>wrightwhoe</Username><Timestamp>1365437670024</Timestamp><DateTime>Mon, 2013-04-08 12:14:30 EDT</DateTime><ThumbUp>0</ThumbUp><ThumbDown>3</ThumbDown><Sentiment>Strong Sell</Sentiment></Message><Message type="ReplyMessage"><Id>1365438128207-81</Id><Topic><Title>Where is Wallis Weaver- I Want Wallis Weaver</Title><Username>pcrandallfinance</Username><Timestamp>1365435634286</Timestamp><DateTime>Mon, 2013-04-08 11:40:34 EDT</DateTime></Topic><Msg>"Wally talking about good behavior.....so funny." [No one is talking about good behavior. The discussion is about behavior that constitutes stalking and is accompanied with threatening language and obscenities. And your post is undoubtedly just another of the same group of IDs. You get caught under one ID and just switch to another. Your behavior has reached the point of being egregiously inappropriate. If it continues I will do whatever is necessary to pursue it with Yahoo management... ]</Msg><Username>wallisweaver</Username><Timestamp>1365438128207</Timestamp><DateTime>Mon, 2013-04-08 12:22:08 EDT</DateTime><ThumbUp>2</ThumbUp><ThumbDown>2</ThumbDown><Sentiment/></Message><Message type="ReplyMessage"><Id>1365438470376-82</Id><Topic><Title>Where is Wallis Weaver- I Want Wallis Weaver</Title><Username>pcrandallfinance</Username><Timestamp>1365435634286</Timestamp><DateTime>Mon, 2013-04-08 11:40:34 EDT</DateTime></Topic><Msg>Wally you have called me so many names it is not funny. And I am not pcrandall. I have had people say the want to send me pipeboms and #$%$ up. Go call your mommy little boy.</Msg><Username>aintezbeingreen</Username><Timestamp>1365438470376</Timestamp><DateTime>Mon, 2013-04-08 12:27:50 EDT</DateTime><ThumbUp>0</ThumbUp><ThumbDown>3</ThumbDown><Sentiment>Strong Sell</Sentiment></Message><Message type="ReplyMessage"><Id>1365438559143-83</Id><Topic><Title>What !!!! MOONshot will support ARMH too !!!! awesome or what !!!</Title><Username>wrightwhoe</Username><Timestamp>1365437180246</Timestamp><DateTime>Mon, 2013-04-08 12:06:20 EDT</DateTime></Topic><Msg>ok so intel will never sell any phone chips using that logic.</Msg><Username>wrightwhoe</Username><Timestamp>1365438559143</Timestamp><DateTime>Mon, 2013-04-08 12:29:19 EDT</DateTime><ThumbUp>1</ThumbUp><ThumbDown>1</ThumbDown><Sentiment>Sell</Sentiment></Message><Message type="ReplyMessage"><Id>1365438574829-84</Id><Topic><Title>In Depth Intel Research Report !!</Title><Username>avila.james</Username><Timestamp>1363877870548</Timestamp><DateTime>Thu, 2013-03-21 10:57:50 EDT</DateTime></Topic><Msg>nice job</Msg><Username>loganmax71</Username><Timestamp>1365438574829</Timestamp><DateTime>Mon, 2013-04-08 12:29:34 EDT</DateTime><ThumbUp>1</ThumbUp><ThumbDown>3</ThumbDown><Sentiment/></Message><Message type="ReplyMessage"><Id>1365439142770-85</Id><Topic><Title>HP Webcast at 11 am EST tomorrow regarding Moonshot Servers "Gemini"</Title><Username>euro.spam</Username><Timestamp>1365386451863</Timestamp><DateTime>Sun, 2013-04-07 22:00:51 EDT</DateTime></Topic><Msg>Twisted but funny ROFLMAO! Nuff, doesn't look like you're too popular.</Msg><Username>larrytate151</Username><Timestamp>1365439142770</Timestamp><DateTime>Mon, 2013-04-08 12:39:02 EDT</DateTime><ThumbUp>0</ThumbUp><ThumbDown>0</ThumbDown><Sentiment/></Message><Message type="ReplyMessage"><Id>1365439205744-86</Id><Topic><Title>What !!!! MOONshot will support ARMH too !!!! awesome or what !!!</Title><Username>wrightwhoe</Username><Timestamp>1365437180246</Timestamp><DateTime>Mon, 2013-04-08 12:06:20 EDT</DateTime></Topic><Msg>ARM, AMD and the rest battling for 1 or 2 % of the Server pie. LOL....</Msg><Username>khitchdumb</Username><Timestamp>1365439205744</Timestamp><DateTime>Mon, 2013-04-08 12:40:05 EDT</DateTime><ThumbUp>0</ThumbUp><ThumbDown>0</ThumbDown><Sentiment/></Message><Message type="ReplyMessage"><Id>1365439329892-87</Id><Topic><Title>What !!!! MOONshot will support ARMH too !!!! awesome or what !!!</Title><Username>wrightwhoe</Username><Timestamp>1365437180246</Timestamp><DateTime>Mon, 2013-04-08 12:06:20 EDT</DateTime></Topic><Msg>No that's not the same. In ARM's case it really is "too little too late". In Intel's case it's "awesome, better late than never".</Msg><Username>merlot_1</Username><Timestamp>1365439329892</Timestamp><DateTime>Mon, 2013-04-08 12:42:09 EDT</DateTime><ThumbUp>0</ThumbUp><ThumbDown>0</ThumbDown><Sentiment/></Message><Message type="ReplyMessage"><Id>1365439523407-88</Id><Topic><Title>HP Webcast at 11 am EST tomorrow regarding Moonshot Servers "Gemini"</Title><Username>euro.spam</Username><Timestamp>1365386451863</Timestamp><DateTime>Sun, 2013-04-07 22:00:51 EDT</DateTime></Topic><Msg>See ZDnet Write up on Moonshot and Intel •HP Moonshot servers can support 1,800 servers a rack. •Each chassis shares components for cooling, power supply and management software. •The Moonshot 1500 uses Intel's Atom S1200 processor. •HP is working on an ARM-based server in partnership with Calxeda, the partner for the first-gen Moonshot server. •Pricing starts at $61,875 for the enclosure, 45 HP ProLiant Moonshot servers and an integrated switch. •The first Moonshot system runs on Linux, but is compatible with Windows, VMware and traditional enterprise applications since it's x86 based via Atom. •Power savings data is based on comparison to HP's dl300 servers.</Msg><Username>jcjky</Username><Timestamp>1365439523407</Timestamp><DateTime>Mon, 2013-04-08 12:45:23 EDT</DateTime><ThumbUp>0</ThumbUp><ThumbDown>0</ThumbDown><Sentiment>Strong Buy</Sentiment></Message><Message type="ReplyMessage"><Id>1365439591873-89</Id><Topic><Title>INTEL WILL HAVE 14NM NEXT YEAR!!!!</Title><Username>aladeisright</Username><Timestamp>1365171595942</Timestamp><DateTime>Fri, 2013-04-05 10:19:55 EDT</DateTime></Topic><Msg>Preparing to ship ten new EUV systems The new cleanroom is already being used to build the TWINSCAN NXE:3300B - ASML's third-generation EUV lithography tool following the alpha demonstration tool (ADT) and TWINSCAN NXE:3100. The TWINSCAN NXE:3300B targets volume productions at the 22-nm node and below. There are currently eleven TWINSCAN NXE:3300B systems in build-up stage: one prototype and ten intended for customers. A number of these are already available for wafer and reticle cycling, allowing ASML to gather initial performance and reliability data.</Msg><Username>ny.golf</Username><Timestamp>1365439591873</Timestamp><DateTime>Mon, 2013-04-08 12:46:31 EDT</DateTime><ThumbUp>1</ThumbUp><ThumbDown>0</ThumbDown><Sentiment/></Message><Message type="ReplyMessage"><Id>1365439626708-90</Id><Topic><Title>Where is Wallis Weaver- I Want Wallis Weaver</Title><Username>pcrandallfinance</Username><Timestamp>1365435634286</Timestamp><DateTime>Mon, 2013-04-08 11:40:34 EDT</DateTime></Topic><Msg>"Wally you have called me so many names it is not funny. And I am not pcrandall. I have had people say the want to send me pipeboms and #$%$ up. Go call your mommy little boy." [It's not about name calling. It's about stalking. It's about the creation of an endless string of user IDs that include my name. It's about the increasing level of threatening tones if I continue to post. It's about the level of obscenities. I'm fine with a very high level of people talking smack. That doesn't bother me. But this is different. It's totally creepy. It crosses over any prudent' person's idea of what constitutes appropriate behavior. I think that Yahoo will agree with me. ]</Msg><Username>wallisweaver</Username><Timestamp>1365439626708</Timestamp><DateTime>Mon, 2013-04-08 12:47:06 EDT</DateTime><ThumbUp>0</ThumbUp><ThumbDown>2</ThumbDown><Sentiment/></Message><Message type="ReplyMessage"><Id>1365439700725-91</Id><Topic><Title>Squeeze play in INTC</Title><Username>rebecca.graham17</Username><Timestamp>1365435986603</Timestamp><DateTime>Mon, 2013-04-08 11:46:26 EDT</DateTime></Topic><Msg>All right. I'm in! I'm really happy about this.</Msg><Username>straussr89</Username><Timestamp>1365439700725</Timestamp><DateTime>Mon, 2013-04-08 12:48:20 EDT</DateTime><ThumbUp>1</ThumbUp><ThumbDown>2</ThumbDown><Sentiment/></Message><Message type="TopicMessage"><Id>1365439847531-92</Id><Title>Lucy_Nuff is a sick twisted coward</Title><Msg>He once posted a link to a company where he thought Wallis worked. He's got not one decent bone in his body, was DUMPED from Intel as he was a #$%$ contractor, moved over to AMD and lost all 4,000 dollar he had saved up buying AMD at 40.</Msg><Username>khitchdumb</Username><Timestamp>1365439847531</Timestamp><DateTime>Mon, 2013-04-08 12:50:47 EDT</DateTime><ThumbUp>1</ThumbUp><ThumbDown>1</ThumbDown><Sentiment/></Message><Message type="ReplyMessage"><Id>1365439989724-93</Id><Topic><Title>Where is Wallis Weaver- I Want Wallis Weaver</Title><Username>pcrandallfinance</Username><Timestamp>1365435634286</Timestamp><DateTime>Mon, 2013-04-08 11:40:34 EDT</DateTime></Topic><Msg>wally they will read your posts and probably banish you too. Is all about you you you.</Msg><Username>aintezbeingreen</Username><Timestamp>1365439989724</Timestamp><DateTime>Mon, 2013-04-08 12:53:09 EDT</DateTime><ThumbUp>0</ThumbUp><ThumbDown>1</ThumbDown><Sentiment>Strong Sell</Sentiment></Message><Message type="ReplyMessage"><Id>1365440130058-94</Id><Topic><Title>Lucy_Nuff is a sick twisted coward</Title><Username>khitchdumb</Username><Timestamp>1365439847531</Timestamp><DateTime>Mon, 2013-04-08 12:50:47 EDT</DateTime></Topic><Msg>Heard he is also a practicing #$%$. How disgusting. No doubt in my mind that he plays the female role when fornicating!</Msg><Username>larrytate151</Username><Timestamp>1365440130058</Timestamp><DateTime>Mon, 2013-04-08 12:55:30 EDT</DateTime><ThumbUp>0</ThumbUp><ThumbDown>1</ThumbDown><Sentiment/></Message><Message type="ReplyMessage"><Id>1365440131601-95</Id><Topic><Title>Lucy_Nuff is a sick twisted coward</Title><Username>khitchdumb</Username><Timestamp>1365439847531</Timestamp><DateTime>Mon, 2013-04-08 12:50:47 EDT</DateTime></Topic><Msg>yeah that was Mc Donalds, but he did not say which one.</Msg><Username>aintezbeingreen</Username><Timestamp>1365440131601</Timestamp><DateTime>Mon, 2013-04-08 12:55:31 EDT</DateTime><ThumbUp>0</ThumbUp><ThumbDown>1</ThumbDown><Sentiment>Strong Sell</Sentiment></Message><Message type="ReplyMessage"><Id>1365440151961-96</Id><Topic><Title>What !!!! MOONshot will support ARMH too !!!! awesome or what !!!</Title><Username>wrightwhoe</Username><Timestamp>1365437180246</Timestamp><DateTime>Mon, 2013-04-08 12:06:20 EDT</DateTime></Topic><Msg>new servers on there way very good news for arm -amd-amcc new ecosystem for chips that will compete and give intc a run for there money. comming very soon.</Msg><Username>henrya1228</Username><Timestamp>1365440151961</Timestamp><DateTime>Mon, 2013-04-08 12:55:51 EDT</DateTime><ThumbUp>0</ThumbUp><ThumbDown>0</ThumbDown><Sentiment/></Message><Message type="ReplyMessage"><Id>1365440786859-97</Id><Topic><Title>Lucy_Nuff is a sick twisted coward</Title><Username>khitchdumb</Username><Timestamp>1365439847531</Timestamp><DateTime>Mon, 2013-04-08 12:50:47 EDT</DateTime></Topic><Msg>Has no limits of common decency. Rumor has it that he blows his dog. Isn't this illegal?</Msg><Username>larrytate151</Username><Timestamp>1365440786859</Timestamp><DateTime>Mon, 2013-04-08 13:06:26 EDT</DateTime><ThumbUp>0</ThumbUp><ThumbDown>1</ThumbDown><Sentiment/></Message><Message type="ReplyMessage"><Id>1365440868191-98</Id><Topic><Title>arm64 will not be available until 2016...3 years from now! LOL!</Title><Username>bacbacker</Username><Timestamp>1365256073541</Timestamp><DateTime>Sat, 2013-04-06 09:47:53 EDT</DateTime></Topic><Msg>Look who's calling the kettle black!</Msg><Username>jazigurl28</Username><Timestamp>1365440868191</Timestamp><DateTime>Mon, 2013-04-08 13:07:48 EDT</DateTime><ThumbUp>7</ThumbUp><ThumbDown>1</ThumbDown><Sentiment/></Message><Message type="ReplyMessage"><Id>1365441197788-99</Id><Topic><Title>This stock is going to the MOON!</Title><Username>geraldmcginty</Username><Timestamp>1363965968442</Timestamp><DateTime>Fri, 2013-03-22 11:26:08 EDT</DateTime></Topic><Msg>Losing faith in this stock. Hopefully it will hit $22 and I'll be a seller!</Msg><Username>geraldmcginty</Username><Timestamp>1365441197788</Timestamp><DateTime>Mon, 2013-04-08 13:13:17 EDT</DateTime><ThumbUp>0</ThumbUp><ThumbDown>2</ThumbDown><Sentiment/></Message><Message type="ReplyMessage"><Id>1365441383062-100</Id><Topic><Title>In Depth Intel Research Report !!</Title><Username>avila.james</Username><Timestamp>1363877870548</Timestamp><DateTime>Thu, 2013-03-21 10:57:50 EDT</DateTime></Topic><Msg>Well done!</Msg><Username>haislipelizabeth</Username><Timestamp>1365441383062</Timestamp><DateTime>Mon, 2013-04-08 13:16:23 EDT</DateTime><ThumbUp>0</ThumbUp><ThumbDown>3</ThumbDown><Sentiment/></Message><Message type="ReplyMessage"><Id>1365441454105-101</Id><Topic><Title>This stock is going to the MOON!</Title><Username>geraldmcginty</Username><Timestamp>1363965968442</Timestamp><DateTime>Fri, 2013-03-22 11:26:08 EDT</DateTime></Topic><Msg>step right up !!! Everyone is a loser !!!!</Msg><Username>dominateamerika</Username><Timestamp>1365441454105</Timestamp><DateTime>Mon, 2013-04-08 13:17:34 EDT</DateTime><ThumbUp>0</ThumbUp><ThumbDown>2</ThumbDown><Sentiment>Sell</Sentiment></Message><Message type="TopicMessage"><Id>1365441769641-102</Id><Title>greek banks down 30 percent today. Trading may halt.</Title><Msg>ouch ...all greek to me.</Msg><Username>aintezbeingreen</Username><Timestamp>1365441769641</Timestamp><DateTime>Mon, 2013-04-08 13:22:49 EDT</DateTime><ThumbUp>0</ThumbUp><ThumbDown>1</ThumbDown><Sentiment>Strong Sell</Sentiment></Message><Message type="ReplyMessage"><Id>1365442918592-103</Id><Topic><Title>Intel Avoton highlights the problems for ARM vendors</Title><Username>ideal_invst</Username><Timestamp>1365431362748</Timestamp><DateTime>Mon, 2013-04-08 10:29:22 EDT</DateTime></Topic><Msg>Who cares what U think dufus!</Msg><Username>jazigurl28</Username><Timestamp>1365442918592</Timestamp><DateTime>Mon, 2013-04-08 13:41:58 EDT</DateTime><ThumbUp>7</ThumbUp><ThumbDown>1</ThumbDown><Sentiment/></Message><Message type="ReplyMessage"><Id>1365442990983-104</Id><Topic><Title>Intel is sampling Avoton Atom chips ahead of IDF Beijing</Title><Username>wallisweaver</Username><Timestamp>1365431424905</Timestamp><DateTime>Mon, 2013-04-08 10:30:24 EDT</DateTime></Topic><Msg>The smart shorts already starting to cover</Msg><Username>mystk7</Username><Timestamp>1365442990983</Timestamp><DateTime>Mon, 2013-04-08 13:43:10 EDT</DateTime><ThumbUp>0</ThumbUp><ThumbDown>0</ThumbDown><Sentiment/></Message><Message type="TopicMessage"><Id>1365446034097-105</Id><Title>INTEL WAS A GREAT MONOPLY BUT NEW REALITY IS CRYSTAL CLEAR: ARMH BUSTED MONOPLY AND NOW CPU/GPU ARE A COMMODITY</Title><Msg>IN ABUNDANCE AND MARGIN HELL WITH REVENUE SHRINK FUTURE...............IT MEANS STOKC MUST KEEP DECLINING IN COMING YEARS THIS IS HOW FRAUD STREET CASINO BANKSTERS PLAY....... LION IS SIMPLY WARNING YOU RETAIL FOR YOUR OWN GOOD</Msg><Username>singhlion2001</Username><Timestamp>1365446034097</Timestamp><DateTime>Mon, 2013-04-08 14:33:54 EDT</DateTime><ThumbUp>0</ThumbUp><ThumbDown>3</ThumbDown><Sentiment>Strong Sell</Sentiment></Message><Message type="ReplyMessage"><Id>1365446138780-106</Id><Topic><Title>Squeeze play in INTC</Title><Username>rebecca.graham17</Username><Timestamp>1365435986603</Timestamp><DateTime>Mon, 2013-04-08 11:46:26 EDT</DateTime></Topic><Msg>Cool picks. I love it.</Msg><Username>mlakisha85</Username><Timestamp>1365446138780</Timestamp><DateTime>Mon, 2013-04-08 14:35:38 EDT</DateTime><ThumbUp>0</ThumbUp><ThumbDown>2</ThumbDown><Sentiment/></Message><Message type="ReplyMessage"><Id>1365447422042-107</Id><Topic><Title>Intel Avoton highlights the problems for ARM vendors</Title><Username>ideal_invst</Username><Timestamp>1365431362748</Timestamp><DateTime>Mon, 2013-04-08 10:29:22 EDT</DateTime></Topic><Msg>Avoton kills ARM's server dreams just like Baytrail will end ARM's hope for Windows RT. Soon ARM's dreams will turn from market expansion to simply maintaining a meaningful share in mobile.</Msg><Username>merlot_1</Username><Timestamp>1365447422042</Timestamp><DateTime>Mon, 2013-04-08 14:57:02 EDT</DateTime><ThumbUp>0</ThumbUp><ThumbDown>0</ThumbDown><Sentiment/></Message><Message type="TopicMessage"><Id>1365448041518-108</Id><Title>AMD stock gaining momentum</Title><Msg>watching?</Msg><Username>dara_biosciences_acquired</Username><Timestamp>1365448041518</Timestamp><DateTime>Mon, 2013-04-08 15:07:21 EDT</DateTime><ThumbUp>0</ThumbUp><ThumbDown>2</ThumbDown><Sentiment/></Message><Message type="ReplyMessage"><Id>1365448986468-109</Id><Topic><Title>INTEL WAS A GREAT MONOPLY BUT NEW REALITY IS CRYSTAL CLEAR: ARMH BUSTED MONOPLY AND NOW CPU/GPU ARE A COMMODITY</Title><Username>singhlion2001</Username><Timestamp>1365446034097</Timestamp><DateTime>Mon, 2013-04-08 14:33:54 EDT</DateTime></Topic><Msg>Singh, you got the all-caps in but forgot the "TORA, TORA, TORA!!!" that usually accompanies your lunatic rants. Don't short change us...</Msg><Username>wallisweaver</Username><Timestamp>1365448986468</Timestamp><DateTime>Mon, 2013-04-08 15:23:06 EDT</DateTime><ThumbUp>1</ThumbUp><ThumbDown>1</ThumbDown><Sentiment/></Message><Message type="ReplyMessage"><Id>1365449082888-110</Id><Topic><Title>AMD stock gaining momentum</Title><Username>dara_biosciences_acquired</Username><Timestamp>1365448041518</Timestamp><DateTime>Mon, 2013-04-08 15:07:21 EDT</DateTime></Topic><Msg>Wouldn't have AMD stuck up my rear.</Msg><Username>larrytate151</Username><Timestamp>1365449082888</Timestamp><DateTime>Mon, 2013-04-08 15:24:42 EDT</DateTime><ThumbUp>0</ThumbUp><ThumbDown>0</ThumbDown><Sentiment/></Message><Message type="ReplyMessage"><Id>1365449251616-111</Id><Topic><Title>Intel is sampling Avoton Atom chips ahead of IDF Beijing</Title><Username>wallisweaver</Username><Timestamp>1365431424905</Timestamp><DateTime>Mon, 2013-04-08 10:30:24 EDT</DateTime></Topic><Msg>Short interest to 3/31 is reported tomorrow after the market closes. It would be nice to see a big jump.</Msg><Username>alexander.dumbass</Username><Timestamp>1365449251616</Timestamp><DateTime>Mon, 2013-04-08 15:27:31 EDT</DateTime><ThumbUp>0</ThumbUp><ThumbDown>0</ThumbDown><Sentiment/></Message><Message type="TopicMessage"><Id>1365449534213-112</Id><Title>HP Moonshot Servers: Intel Atom Beats ARM</Title><Msg>[" It's a significant near-term win for Intel"...] [There won't be any later for ARM. You snooze, you lose...] When HP Moonshot servers launched today, Intel (NASDAQ:INTC) was quick to note that the new Hewlett-Packard (NYSE:HPQ) servers will leverage Atom processors -- though HP does eventually plan to offer ARM-based support as well. It's a significant near-term win for Intel, which hopes to defeat potential rivals like ARM in the emerging market for so-called "microservers." According to an Intel spokesperson, Atom is an ideal choice for the HP servers because the architecture can run existing operating systems (Microsoft Windows Server, Red Hat Enterprise Linux, etc.) with no porting requirements. In the second half of 2013, Moonshot systems will leverage 2nd generation of Intel Atom processor codenamed “Avoton”, based on 22nm manufacturing technology, new “Silvermont” microarchitecture with all server features, according to the Intel spokesperson. From thevarguy</Msg><Username>wallisweaver</Username><Timestamp>1365449534213</Timestamp><DateTime>Mon, 2013-04-08 15:32:14 EDT</DateTime><ThumbUp>0</ThumbUp><ThumbDown>0</ThumbDown><Sentiment/></Message><Message type="ReplyMessage"><Id>1365449623288-113</Id><Topic><Title>Intel is sampling Avoton Atom chips ahead of IDF Beijing</Title><Username>wallisweaver</Username><Timestamp>1365431424905</Timestamp><DateTime>Mon, 2013-04-08 10:30:24 EDT</DateTime></Topic><Msg>"Short interest to 3/31 is reported tomorrow after the market closes. It would be nice to see a big jump." [Yep, something to accelerate the move up when they all find out that they have hugely mispositioned themselves...]</Msg><Username>wallisweaver</Username><Timestamp>1365449623288</Timestamp><DateTime>Mon, 2013-04-08 15:33:43 EDT</DateTime><ThumbUp>1</ThumbUp><ThumbDown>0</ThumbDown><Sentiment/></Message><Message type="ReplyMessage"><Id>1365449960756-114</Id><Topic><Title>Secret INTC Info Revealed</Title><Username>johnsoncarlos692</Username><Timestamp>1365169877284</Timestamp><DateTime>Fri, 2013-04-05 09:51:17 EDT</DateTime></Topic><Msg>great report</Msg><Username>jessicaclark591</Username><Timestamp>1365449960756</Timestamp><DateTime>Mon, 2013-04-08 15:39:20 EDT</DateTime><ThumbUp>0</ThumbUp><ThumbDown>3</ThumbDown><Sentiment>Hold</Sentiment></Message><Message type="ReplyMessage"><Id>1365451639088-115</Id><Topic><Title>Intel is sampling Avoton Atom chips ahead of IDF Beijing</Title><Username>wallisweaver</Username><Timestamp>1365431424905</Timestamp><DateTime>Mon, 2013-04-08 10:30:24 EDT</DateTime></Topic><Msg>Will poor Wally ever make money on intc? Holding since 24 in 2010 has gotten you nowhere, not even adding in 3 years of cash dividends. and it's doubtful you'll ever make a profit on armh puts, way too biased</Msg><Username>wdblawgrow</Username><Timestamp>1365451639088</Timestamp><DateTime>Mon, 2013-04-08 16:07:19 EDT</DateTime><ThumbUp>0</ThumbUp><ThumbDown>1</ThumbDown><Sentiment/></Message><Message type="ReplyMessage"><Id>1365452172793-116</Id><Topic><Title>INTEL WAS A GREAT MONOPLY BUT NEW REALITY IS CRYSTAL CLEAR: ARMH BUSTED MONOPLY AND NOW CPU/GPU ARE A COMMODITY</Title><Username>singhlion2001</Username><Timestamp>1365446034097</Timestamp><DateTime>Mon, 2013-04-08 14:33:54 EDT</DateTime></Topic><Msg>tora tora signal IS NOW BEING ROARED NEXT fraud street CASINO in USA WILL go up in flames and massive RIOTS In USA 2014</Msg><Username>singhlion2001</Username><Timestamp>1365452172793</Timestamp><DateTime>Mon, 2013-04-08 16:16:12 EDT</DateTime><ThumbUp>0</ThumbUp><ThumbDown>1</ThumbDown><Sentiment/></Message><Message type="ReplyMessage"><Id>1365452369586-117</Id><Topic><Title>INTEL WAS A GREAT MONOPLY BUT NEW REALITY IS CRYSTAL CLEAR: ARMH BUSTED MONOPLY AND NOW CPU/GPU ARE A COMMODITY</Title><Username>singhlion2001</Username><Timestamp>1365446034097</Timestamp><DateTime>Mon, 2013-04-08 14:33:54 EDT</DateTime></Topic><Msg>Another airhead who can't spell let alone invest in anything. Go back to your mama's basement.</Msg><Username>bjaythebear</Username><Timestamp>1365452369586</Timestamp><DateTime>Mon, 2013-04-08 16:19:29 EDT</DateTime><ThumbUp>1</ThumbUp><ThumbDown>0</ThumbDown><Sentiment/></Message><Message type="ReplyMessage"><Id>1365452730129-118</Id><Topic><Title>HP Webcast at 11 am EST tomorrow regarding Moonshot Servers "Gemini"</Title><Username>euro.spam</Username><Timestamp>1365386451863</Timestamp><DateTime>Sun, 2013-04-07 22:00:51 EDT</DateTime></Topic><Msg>Like I care what U think dufus?</Msg><Username>jazigurl28</Username><Timestamp>1365452730129</Timestamp><DateTime>Mon, 2013-04-08 16:25:30 EDT</DateTime><ThumbUp>5</ThumbUp><ThumbDown>0</ThumbDown><Sentiment/></Message><Message type="TopicMessage"><Id>1365452821439-119</Id><Title>Weak Yen Means Better</Title><Msg>Better Intel earnings, easy fact to figure out, input cost going down</Msg><Username>tricknixon7</Username><Timestamp>1365452821439</Timestamp><DateTime>Mon, 2013-04-08 16:27:01 EDT</DateTime><ThumbUp>0</ThumbUp><ThumbDown>1</ThumbDown><Sentiment/></Message><Message type="ReplyMessage"><Id>1365453120543-120</Id><Topic><Title>INTEL WAS A GREAT MONOPLY BUT NEW REALITY IS CRYSTAL CLEAR: ARMH BUSTED MONOPLY AND NOW CPU/GPU ARE A COMMODITY</Title><Username>singhlion2001</Username><Timestamp>1365446034097</Timestamp><DateTime>Mon, 2013-04-08 14:33:54 EDT</DateTime></Topic><Msg>"tora tora signal IS NOW BEING ROARED NEXT fraud street CASINO in USA WILL go up in flames and massive RIOTS In USA 2014" [Attaboy, Singh - don't keep your inner lunatic all bottled up, let that puppy loose...]</Msg><Username>wallisweaver</Username><Timestamp>1365453120543</Timestamp><DateTime>Mon, 2013-04-08 16:32:00 EDT</DateTime><ThumbUp>1</ThumbUp><ThumbDown>0</ThumbDown><Sentiment/></Message><Message type="ReplyMessage"><Id>1365453279340-121</Id><Topic><Title>Intel is sampling Avoton Atom chips ahead of IDF Beijing</Title><Username>wallisweaver</Username><Timestamp>1365431424905</Timestamp><DateTime>Mon, 2013-04-08 10:30:24 EDT</DateTime></Topic><Msg>LOL I love it how ARMH fanatics think that Intel is just going to just let them in to steal their server business. No way. They are protecting what is theirs and meanwhile working to take away ARMH mobile business.</Msg><Username>bjaythebear</Username><Timestamp>1365453279340</Timestamp><DateTime>Mon, 2013-04-08 16:34:39 EDT</DateTime><ThumbUp>1</ThumbUp><ThumbDown>0</ThumbDown><Sentiment/></Message><Message type="ReplyMessage"><Id>1365453445837-122</Id><Topic><Title>HYBRID PCs RUNNING INTEL WILL CANNABALIZE THE 10" TABLETS!!!</Title><Username>aladeisright</Username><Timestamp>1365173443042</Timestamp><DateTime>Fri, 2013-04-05 10:50:43 EDT</DateTime></Topic><Msg>Honestly I want a Wintel 10 inch tablet so bad, something like the surface pro, but I am waiting till the new Haswell 10" tabs come out because they will have such great battery life, it will be worth the wait.</Msg><Username>bjaythebear</Username><Timestamp>1365453445837</Timestamp><DateTime>Mon, 2013-04-08 16:37:25 EDT</DateTime><ThumbUp>0</ThumbUp><ThumbDown>0</ThumbDown><Sentiment/></Message><Message type="ReplyMessage"><Id>1365453549998-123</Id><Topic><Title>This stock is going to the MOON!</Title><Username>geraldmcginty</Username><Timestamp>1363965968442</Timestamp><DateTime>Fri, 2013-03-22 11:26:08 EDT</DateTime></Topic><Msg>when jim cramer tells you to buy you better sell . when he tells you sell he is buying. dont trust jim cramer.</Msg><Username>henrya1228</Username><Timestamp>1365453549998</Timestamp><DateTime>Mon, 2013-04-08 16:39:09 EDT</DateTime><ThumbUp>0</ThumbUp><ThumbDown>1</ThumbDown><Sentiment/></Message><Message type="ReplyMessage"><Id>1365453648622-124</Id><Topic><Title>INTEL WAS A GREAT MONOPLY BUT NEW REALITY IS CRYSTAL CLEAR: ARMH BUSTED MONOPLY AND NOW CPU/GPU ARE A COMMODITY</Title><Username>singhlion2001</Username><Timestamp>1365446034097</Timestamp><DateTime>Mon, 2013-04-08 14:33:54 EDT</DateTime></Topic><Msg>With all your dire predictions, pessimism and being generally terrified of the market (and Intel), you should permanently stay out and buy CDs or maybe get a savings passbook account at the local bank. You have no business being in the market or even near it. You are undoubtedly one of the biggest fools on two feet.</Msg><Username>larrytate151</Username><Timestamp>1365453648622</Timestamp><DateTime>Mon, 2013-04-08 16:40:48 EDT</DateTime><ThumbUp>0</ThumbUp><ThumbDown>0</ThumbDown><Sentiment/></Message><Message type="ReplyMessage"><Id>1365453753395-125</Id><Topic><Title>In Depth Intel Research Report !!</Title><Username>avila.james</Username><Timestamp>1363877870548</Timestamp><DateTime>Thu, 2013-03-21 10:57:50 EDT</DateTime></Topic><Msg>great report!</Msg><Username>hinton.walter</Username><Timestamp>1365453753395</Timestamp><DateTime>Mon, 2013-04-08 16:42:33 EDT</DateTime><ThumbUp>0</ThumbUp><ThumbDown>2</ThumbDown><Sentiment/></Message><Message type="TopicMessage"><Id>1365454330435-126</Id><Title>AMD gets to supply the next XBox console....</Title><Msg>What are Intel chips....chopped liver?</Msg><Username>rogerjames55346</Username><Timestamp>1365454330435</Timestamp><DateTime>Mon, 2013-04-08 16:52:10 EDT</DateTime><ThumbUp>0</ThumbUp><ThumbDown>2</ThumbDown><Sentiment/></Message><Message type="ReplyMessage"><Id>1365455124314-127</Id><Topic><Title>INTEL WAS A GREAT MONOPLY BUT NEW REALITY IS CRYSTAL CLEAR: ARMH BUSTED MONOPLY AND NOW CPU/GPU ARE A COMMODITY</Title><Username>singhlion2001</Username><Timestamp>1365446034097</Timestamp><DateTime>Mon, 2013-04-08 14:33:54 EDT</DateTime></Topic><Msg>BTW, what is monoply...sounds like some sort of building material...</Msg><Username>ideal_invst</Username><Timestamp>1365455124314</Timestamp><DateTime>Mon, 2013-04-08 17:05:24 EDT</DateTime><ThumbUp>0</ThumbUp><ThumbDown>0</ThumbDown><Sentiment/></Message><Message type="ReplyMessage"><Id>1365456729389-128</Id><Topic><Title>AMD gets to supply the next XBox console....</Title><Username>rogerjames55346</Username><Timestamp>1365454330435</Timestamp><DateTime>Mon, 2013-04-08 16:52:10 EDT</DateTime></Topic><Msg>INTEL and MSFT..can you spell D I V O R C E ? (No one would stay with Ballmer very long except those idiots on the MSFT board)</Msg><Username>aulus_vitellius_germanicus</Username><Timestamp>1365456729389</Timestamp><DateTime>Mon, 2013-04-08 17:32:09 EDT</DateTime><ThumbUp>0</ThumbUp><ThumbDown>1</ThumbDown><Sentiment/></Message><Message type="ReplyMessage"><Id>1365457906272-129</Id><Topic><Title>AMD gets to supply the next XBox console....</Title><Username>rogerjames55346</Username><Timestamp>1365454330435</Timestamp><DateTime>Mon, 2013-04-08 16:52:10 EDT</DateTime></Topic><Msg>BFD!</Msg><Username>billy_ray_valentine</Username><Timestamp>1365457906272</Timestamp><DateTime>Mon, 2013-04-08 17:51:46 EDT</DateTime><ThumbUp>0</ThumbUp><ThumbDown>0</ThumbDown><Sentiment/></Message><Message type="TopicMessage"><Id>1365458680599-130</Id><Title>Is there anyone in message board land that is truly frightened by Nuff comments? And has been coerced to sell not only Intel but the market?</Title><Msg>Don't expect anyone has. The bottom line: Nuff please man up and stop the senseless comments. Do you think eventually that you will brainwash people? Thinking about reporting you to Yahoo.</Msg><Username>larrytate151</Username><Timestamp>1365458680599</Timestamp><DateTime>Mon, 2013-04-08 18:04:40 EDT</DateTime><ThumbUp>0</ThumbUp><ThumbDown>0</ThumbDown><Sentiment/></Message><Message type="ReplyMessage"><Id>1365458728433-131</Id><Topic><Title>This stock is going to the MOON!</Title><Username>geraldmcginty</Username><Timestamp>1363965968442</Timestamp><DateTime>Fri, 2013-03-22 11:26:08 EDT</DateTime></Topic><Msg>Sell a LEAP call. Much better premium.</Msg><Username>ashraf.eassa</Username><Timestamp>1365458728433</Timestamp><DateTime>Mon, 2013-04-08 18:05:28 EDT</DateTime><ThumbUp>1</ThumbUp><ThumbDown>7</ThumbDown><Sentiment/></Message><Message type="TopicMessage"><Id>1365459073183-132</Id><Title>Alcoa's 1Q profit rises, beats expectations</Title><Msg>bodes well</Msg><Username>mystk7</Username><Timestamp>1365459073183</Timestamp><DateTime>Mon, 2013-04-08 18:11:13 EDT</DateTime><ThumbUp>1</ThumbUp><ThumbDown>0</ThumbDown><Sentiment/></Message><Message type="ReplyMessage"><Id>1365459216909-133</Id><Topic><Title>In Depth Intel Research Report !!</Title><Username>avila.james</Username><Timestamp>1363877870548</Timestamp><DateTime>Thu, 2013-03-21 10:57:50 EDT</DateTime></Topic><Msg>Very helpful.</Msg><Username>andrewsbetty684</Username><Timestamp>1365459216909</Timestamp><DateTime>Mon, 2013-04-08 18:13:36 EDT</DateTime><ThumbUp>0</ThumbUp><ThumbDown>2</ThumbDown><Sentiment/></Message><Message type="TopicMessage"><Id>1365461901076-134</Id><Title>This pig should go down tomorrow. Some Analyst will badmouth this</Title><Msg>stock before earnings.</Msg><Username>will_amd_yu</Username><Timestamp>1365461901076</Timestamp><DateTime>Mon, 2013-04-08 18:58:21 EDT</DateTime><ThumbUp>0</ThumbUp><ThumbDown>1</ThumbDown><Sentiment/></Message><Message type="ReplyMessage"><Id>1365462362818-135</Id><Topic><Title>This pig should go down tomorrow. Some Analyst will badmouth this</Title><Username>will_amd_yu</Username><Timestamp>1365461901076</Timestamp><DateTime>Mon, 2013-04-08 18:58:21 EDT</DateTime></Topic><Msg>you shorted at the bottom, didn't you. ! lmao</Msg><Username>mystk7</Username><Timestamp>1365462362818</Timestamp><DateTime>Mon, 2013-04-08 19:06:02 EDT</DateTime><ThumbUp>0</ThumbUp><ThumbDown>0</ThumbDown><Sentiment/></Message><Message type="ReplyMessage"><Id>1365463000759-136</Id><Topic><Title>arm64 will not be available until 2016...3 years from now! LOL!</Title><Username>bacbacker</Username><Timestamp>1365256073541</Timestamp><DateTime>Sat, 2013-04-06 09:47:53 EDT</DateTime></Topic><Msg>Yes, Warren is smart. He got out at the top. Took a lot of money with him. No question he could see what was coming.</Msg><Username>bjaythebear</Username><Timestamp>1365463000759</Timestamp><DateTime>Mon, 2013-04-08 19:16:40 EDT</DateTime><ThumbUp>0</ThumbUp><ThumbDown>0</ThumbDown><Sentiment/></Message><Message type="TopicMessage"><Id>1365463016522-137</Id><Title>COOL thunderbolt pump:loved it: RANGE IS ($23-$18) in 2013......trade accordingly</Title><Msg>COOL thunderbolt pump:loved it: RANGE IS ($23-$18) in 2013......trade accordingly</Msg><Username>singhlion2001</Username><Timestamp>1365463016522</Timestamp><DateTime>Mon, 2013-04-08 19:16:56 EDT</DateTime><ThumbUp>0</ThumbUp><ThumbDown>0</ThumbDown><Sentiment/></Message><Message type="ReplyMessage"><Id>1365464630927-138</Id><Topic><Title>Weak Yen Means Better</Title><Username>tricknixon7</Username><Timestamp>1365452821439</Timestamp><DateTime>Mon, 2013-04-08 16:27:01 EDT</DateTime></Topic><Msg>simple post, but most spot on of the day. Most retail investors don't understand how big this is for them and will off set dollar strength. Intel set up for nice pop.</Msg><Username>brettspinetarbat</Username><Timestamp>1365464630927</Timestamp><DateTime>Mon, 2013-04-08 19:43:50 EDT</DateTime><ThumbUp>0</ThumbUp><ThumbDown>0</ThumbDown><Sentiment/></Message><Message type="ReplyMessage"><Id>1365464685299-139</Id><Topic><Title>Weak Yen Means Better</Title><Username>tricknixon7</Username><Timestamp>1365452821439</Timestamp><DateTime>Mon, 2013-04-08 16:27:01 EDT</DateTime></Topic><Msg>sorry I meant to give ou thumbs up LOL</Msg><Username>brettspinetarbat</Username><Timestamp>1365464685299</Timestamp><DateTime>Mon, 2013-04-08 19:44:45 EDT</DateTime><ThumbUp>0</ThumbUp><ThumbDown>0</ThumbDown><Sentiment/></Message><Message type="ReplyMessage"><Id>1365465716318-140</Id><Topic><Title>This stock is going to the MOON!</Title><Username>geraldmcginty</Username><Timestamp>1363965968442</Timestamp><DateTime>Fri, 2013-03-22 11:26:08 EDT</DateTime></Topic><Msg>Which flavor of the KOOLAID did you drink?</Msg><Username>greenbacks98</Username><Timestamp>1365465716318</Timestamp><DateTime>Mon, 2013-04-08 20:01:56 EDT</DateTime><ThumbUp>0</ThumbUp><ThumbDown>1</ThumbDown><Sentiment/></Message><Message type="TopicMessage"><Id>1365467568045-141</Id><Title>Too bad Intel doesn't make a penny off of Thunderbolt</Title><Msg>Dagger</Msg><Username>ghostupinhere</Username><Timestamp>1365467568045</Timestamp><DateTime>Mon, 2013-04-08 20:32:48 EDT</DateTime><ThumbUp>0</ThumbUp><ThumbDown>1</ThumbDown><Sentiment/></Message><Message type="ReplyMessage"><Id>1365468573905-142</Id><Topic><Title>This pig should go down tomorrow. Some Analyst will badmouth this</Title><Username>will_amd_yu</Username><Timestamp>1365461901076</Timestamp><DateTime>Mon, 2013-04-08 18:58:21 EDT</DateTime></Topic><Msg>Analysts have been badmouthing it ahead of earnings already, and yet the stock manages to hold pretty steadily. The stock may yet crash on earnings, but I do think a lot of pessimism is baked in.</Msg><Username>ashraf.eassa</Username><Timestamp>1365468573905</Timestamp><DateTime>Mon, 2013-04-08 20:49:33 EDT</DateTime><ThumbUp>1</ThumbUp><ThumbDown>7</ThumbDown><Sentiment/></Message><Message type="TopicMessage"><Id>1365469917323-143</Id><Title>Intel getting out of the motherboard business</Title><Msg>Just read on Tom's Hardware that Intel is strongly suggesting that it will get out of the motherboard business in three years. This is easy to confuse with Intel chipsets. The chipsets such as the Intel Z77 are what others use to make motherboards. Intel makes its own motherboards as well. If you go to Newegg you can buy an Intel labeled motherboard. They are saying that they will be focusing on other things. What this really means is that Intel isn't just talking the talk when it comes to mobile. They are shifting resources. They will be making reference designs for tablets and other mobile devices somewhere between the Hasswell and Broadwell eras. This goes counter to the Wallstreet analysts who want to peg Intel as clearly a desktop PC manufacture, forgetting servers and mobile platforms.</Msg><Username>intel_fanboy</Username><Timestamp>1365469917323</Timestamp><DateTime>Mon, 2013-04-08 21:11:57 EDT</DateTime><ThumbUp>1</ThumbUp><ThumbDown>0</ThumbDown><Sentiment/></Message><Message type="ReplyMessage"><Id>1365470737668-144</Id><Topic><Title>Too bad Intel doesn't make a penny off of Thunderbolt</Title><Username>ghostupinhere</Username><Timestamp>1365467568045</Timestamp><DateTime>Mon, 2013-04-08 20:32:48 EDT</DateTime></Topic><Msg>It would be nice but how would you propose that Intel make money? I expect that your answer will be to license the technology and charge royalties and fees. If that is your answer, I have my next question ready. "Thunderbolt was developed by Intel with technical collaboration from Apple. It was commercially introduced on Apple's 2011 MacBook Pro, using the same Apple-developed connector as Mini DisplayPort, which is electrically identical to DisplayPort, but uses a smaller, non-locking connector. Though the Thunderbolt trademark was registered by Apple, full rights belong to Intel which subsequently led to the transfer of the registration from Apple to Intel."</Msg><Username>alexander.dumbass</Username><Timestamp>1365470737668</Timestamp><DateTime>Mon, 2013-04-08 21:25:37 EDT</DateTime><ThumbUp>1</ThumbUp><ThumbDown>0</ThumbDown><Sentiment/></Message><Message type="ReplyMessage"><Id>1365471559106-145</Id><Topic><Title>This pig should go down tomorrow. Some Analyst will badmouth this</Title><Username>will_amd_yu</Username><Timestamp>1365461901076</Timestamp><DateTime>Mon, 2013-04-08 18:58:21 EDT</DateTime></Topic><Msg>Today, an article on SA compared Intel to North Korea: "Mr Market ignores bluster and BS in the same way that the rest of the world does not believe that North Korea can launch anything that would reach the USA in spite of laughably alarmist language. I suspect similar reasoning explains why Intel remains mired at the $21 level in spite of all the noise about new SoC releases yet to appear this year and that Mr Market quietly awaits some real evidence...." Intel is a contrarian's dream.</Msg><Username>jersey_wazir</Username><Timestamp>1365471559106</Timestamp><DateTime>Mon, 2013-04-08 21:39:19 EDT</DateTime><ThumbUp>0</ThumbUp><ThumbDown>1</ThumbDown><Sentiment/></Message><Message type="ReplyMessage"><Id>1365471893658-146</Id><Topic><Title>HYBRID PCs RUNNING INTEL WILL CANNABALIZE THE 10" TABLETS!!!</Title><Username>aladeisright</Username><Timestamp>1365173443042</Timestamp><DateTime>Fri, 2013-04-05 10:50:43 EDT</DateTime></Topic><Msg>same here</Msg><Username>mystk7</Username><Timestamp>1365471893658</Timestamp><DateTime>Mon, 2013-04-08 21:44:53 EDT</DateTime><ThumbUp>0</ThumbUp><ThumbDown>0</ThumbDown><Sentiment/></Message><Message type="ReplyMessage"><Id>1365473989548-147</Id><Topic><Title>AMD gets to supply the next XBox console....</Title><Username>rogerjames55346</Username><Timestamp>1365454330435</Timestamp><DateTime>Mon, 2013-04-08 16:52:10 EDT</DateTime></Topic><Msg>"What are Intel chips....chopped liver?" [AMD got all of the gaming system consoles by offering prices no one else would touch. They desperately needed the business and therefore gave up most of the profits just to have some business. Intel would have been crazy to have wanted the deal at those prices...]</Msg><Username>wallisweaver</Username><Timestamp>1365473989548</Timestamp><DateTime>Mon, 2013-04-08 22:19:49 EDT</DateTime><ThumbUp>1</ThumbUp><ThumbDown>0</ThumbDown><Sentiment/></Message><Message type="ReplyMessage"><Id>1365474485847-148</Id><Topic><Title>AMD gets to supply the next XBox console....</Title><Username>rogerjames55346</Username><Timestamp>1365454330435</Timestamp><DateTime>Mon, 2013-04-08 16:52:10 EDT</DateTime></Topic><Msg>Clowns GPU is why XBOX need AMD you zombie in love with Intel stock do not want face facts?lol</Msg><Username>singhlion2001</Username><Timestamp>1365474485847</Timestamp><DateTime>Mon, 2013-04-08 22:28:05 EDT</DateTime><ThumbUp>0</ThumbUp><ThumbDown>1</ThumbDown><Sentiment>Strong Sell</Sentiment></Message><Message type="TopicMessage"><Id>1365475171808-149</Id><Title>“industry’s only available 64-bit SoC..."</Title><Msg>The HP ProLiant Moonshot servers run on Intel Atom S1200 SoCs (at least at first), which are designed to facilitate efficiency and better density than ever for web workloads. Intel boasts that the Atom S1200 family of chips are the “industry’s only available 64-bit SoC with critical data center class features such as full 64-bit software ecosystem support, ECC and Intel Virtualization Technology“ that still falls within a 6W TDP. The Atom chips also help the ProLiant servers drop into any environment without the need for any porting. From hot hardware</Msg><Username>wallisweaver</Username><Timestamp>1365475171808</Timestamp><DateTime>Mon, 2013-04-08 22:39:31 EDT</DateTime><ThumbUp>0</ThumbUp><ThumbDown>0</ThumbDown><Sentiment/></Message><Message type="ReplyMessage"><Id>1365475305370-150</Id><Topic><Title>AMD gets to supply the next XBox console....</Title><Username>rogerjames55346</Username><Timestamp>1365454330435</Timestamp><DateTime>Mon, 2013-04-08 16:52:10 EDT</DateTime></Topic><Msg>Is this all (game consoles???) you have in your sling, TORA, TORA, TORA boy? Because if it is, you, ARM and AMD are all done...</Msg><Username>wallisweaver</Username><Timestamp>1365475305370</Timestamp><DateTime>Mon, 2013-04-08 22:41:45 EDT</DateTime><ThumbUp>0</ThumbUp><ThumbDown>0</ThumbDown><Sentiment/></Message><Message type="TopicMessage"><Id>1365475492714-151</Id><Title>ARM Technicals</Title><Msg>More weakness and Intel's IDF Beijing news and announcements start tomorrow night to build on today's good Intel Moonshot press...</Msg><Username>wallisweaver</Username><Timestamp>1365475492714</Timestamp><DateTime>Mon, 2013-04-08 22:44:52 EDT</DateTime><ThumbUp>0</ThumbUp><ThumbDown>0</ThumbDown><Sentiment/></Message><Message type="ReplyMessage"><Id>1365475739061-152</Id><Topic><Title>“industry’s only available 64-bit SoC..."</Title><Username>wallisweaver</Username><Timestamp>1365475171808</Timestamp><DateTime>Mon, 2013-04-08 22:39:31 EDT</DateTime></Topic><Msg>ARM will get to 64 bit, but the thing is that by the time they do, Intel will have the answer for whatever they introduce. Again, people need to understand that the server space that ARM is fighting for is a TINY piece of the server pie. Analysts make it sound like ARM could make a big dent in Intel's Global server revenues which is just asinine, not to mention deceptive.</Msg><Username>khitchdumb</Username><Timestamp>1365475739061</Timestamp><DateTime>Mon, 2013-04-08 22:48:59 EDT</DateTime><ThumbUp>2</ThumbUp><ThumbDown>0</ThumbDown><Sentiment/></Message><Message type="ReplyMessage"><Id>1365477672113-153</Id><Topic><Title>AMD gets to supply the next XBox console....</Title><Username>rogerjames55346</Username><Timestamp>1365454330435</Timestamp><DateTime>Mon, 2013-04-08 16:52:10 EDT</DateTime></Topic><Msg>They won the designs with the AMD x86_64 + GPU. It is surprising that AMD went with the AMD x86_64 rather than use ARM ( citing all the ARM positives about die cost, performance, power, easy for anyone to implement, .... ).</Msg><Username>alexander.dumbass</Username><Timestamp>1365477672113</Timestamp><DateTime>Mon, 2013-04-08 23:21:12 EDT</DateTime><ThumbUp>0</ThumbUp><ThumbDown>0</ThumbDown><Sentiment/></Message><Message type="ReplyMessage"><Id>1365479470134-154</Id><Topic><Title>AMD gets to supply the next XBox console....</Title><Username>rogerjames55346</Username><Timestamp>1365454330435</Timestamp><DateTime>Mon, 2013-04-08 16:52:10 EDT</DateTime></Topic><Msg>Not sure I follow you... why is it surprising? AMD is new to ARM so they may not be able to deliver that technology in the timelines specified for the new console, and in any case GPU's suck far more power than CPU's.</Msg><Username>blackoutbuzz</Username><Timestamp>1365479470134</Timestamp><DateTime>Mon, 2013-04-08 23:51:10 EDT</DateTime><ThumbUp>0</ThumbUp><ThumbDown>0</ThumbDown><Sentiment/></Message></Date>