<?xml version="1.0" encoding="UTF-8" standalone="no"?><Date date="2013-03-04"><Message type="ReplyMessage"><Id>1362373489357-1</Id><Topic><Title>Fan of Mr. Eassa</Title><Username>feldman.stan</Username><Timestamp>1362328897447</Timestamp><DateTime>Sun, 2013-03-03 11:41:37 EST</DateTime></Topic><Msg>If FinFET was indeed so difficult to manufacture in volume, how come all three major foundry players have decided to introduce it beyond 20nm planar? Aren't they worried they wont be able to produce it? TSMC started working on 16nm FinFET in 2010. It's a well planned move.</Msg><Username>khitchdee</Username><Timestamp>1362373489357</Timestamp><DateTime>Mon, 2013-03-04 00:04:49 EST</DateTime><ThumbUp>0</ThumbUp><ThumbDown>0</ThumbDown><Sentiment/></Message><Message type="TopicMessage"><Id>1362375304065-2</Id><Title>Intel Win 8 tablets from Dell come with Security. No big company will buy stuff</Title><Msg>without security these days.</Msg><Username>will_amd_yu</Username><Timestamp>1362375304065</Timestamp><DateTime>Mon, 2013-03-04 00:35:04 EST</DateTime><ThumbUp>0</ThumbUp><ThumbDown>0</ThumbDown><Sentiment/></Message><Message type="ReplyMessage"><Id>1362377851226-3</Id><Topic><Title>INTC Report and Stock Poll</Title><Username>linkosarah</Username><Timestamp>1362149300635</Timestamp><DateTime>Fri, 2013-03-01 09:48:20 EST</DateTime></Topic><Msg>SPAMMER !!</Msg><Username>daxwang</Username><Timestamp>1362377851226</Timestamp><DateTime>Mon, 2013-03-04 01:17:31 EST</DateTime><ThumbUp>4</ThumbUp><ThumbDown>7</ThumbDown><Sentiment/></Message><Message type="ReplyMessage"><Id>1362378711028-4</Id><Topic><Title>Fan of Mr. Eassa</Title><Username>feldman.stan</Username><Timestamp>1362328897447</Timestamp><DateTime>Sun, 2013-03-03 11:41:37 EST</DateTime></Topic><Msg>What choice did they have? They had to promise. But it's a lot easier to promise than it is to produce. If it is so easy, then why the halfstep. If it is so easy, then why is it taking them so long, especially if they started in 2010. You had better wait for them to do 20nm, Before you start crowing about them doing 14. You have a three-year wait, butkus...</Msg><Username>wallisweaver</Username><Timestamp>1362378711028</Timestamp><DateTime>Mon, 2013-03-04 01:31:51 EST</DateTime><ThumbUp>0</ThumbUp><ThumbDown>0</ThumbDown><Sentiment>Strong Buy</Sentiment></Message><Message type="TopicMessage"><Id>1362379976649-5</Id><Title>new from AMD</Title><Msg>coming soon from AMD code name RED PIZDA . this will kill intel.</Msg><Username>philip_914</Username><Timestamp>1362379976649</Timestamp><DateTime>Mon, 2013-03-04 01:52:56 EST</DateTime><ThumbUp>0</ThumbUp><ThumbDown>0</ThumbDown><Sentiment/></Message><Message type="ReplyMessage"><Id>1362379996716-6</Id><Topic><Title>Fan of Mr. Eassa</Title><Username>feldman.stan</Username><Timestamp>1362328897447</Timestamp><DateTime>Sun, 2013-03-03 11:41:37 EST</DateTime></Topic><Msg>The halfstep is because they are on an accelerated roadmap to match Intel's planned acceleration at 14nm LP. It takes 4 years to roll out a new process. They started at the right time. 20nm is coming mid 2014 which is only 6 months after Intel's 22nm LP. If Intel rolls out 14nm LP in the end of 2014 and the foundries roll out their pseudo 14nm in mid-2015, they're still only six months away. ARM's architectural advantage and big.LITTLE will take care of the rest. What you're failing to notice is the renewed vigor with which the foundries are going after Intel in the fabrication race -- all of them.</Msg><Username>khitchdee</Username><Timestamp>1362379996716</Timestamp><DateTime>Mon, 2013-03-04 01:53:16 EST</DateTime><ThumbUp>0</ThumbUp><ThumbDown>0</ThumbDown><Sentiment>Sell</Sentiment></Message><Message type="TopicMessage"><Id>1362380582004-7</Id><Title>Subject</Title><Msg>Type message</Msg><Username>will_amd_yu</Username><Timestamp>1362380582004</Timestamp><DateTime>Mon, 2013-03-04 02:03:02 EST</DateTime><ThumbUp>0</ThumbUp><ThumbDown>0</ThumbDown><Sentiment/></Message><Message type="TopicMessage"><Id>1362380652693-8</Id><Title>Whatever happened to TSMC 20nm at the end of 2013, now its 2014..</Title><Msg>Altera will have 14nm before TSMC gets to 20nm.</Msg><Username>will_amd_yu</Username><Timestamp>1362380652693</Timestamp><DateTime>Mon, 2013-03-04 02:04:12 EST</DateTime><ThumbUp>0</ThumbUp><ThumbDown>0</ThumbDown><Sentiment/></Message><Message type="TopicMessage"><Id>1362380775525-9</Id><Title>Intel may have hit the needle in the haystack with FinFets. Thats why they</Title><Msg>are quite confident no one else can copy it or duplicate it. Opening up their process to others makes them vulnerable to copying.</Msg><Username>will_amd_yu</Username><Timestamp>1362380775525</Timestamp><DateTime>Mon, 2013-03-04 02:06:15 EST</DateTime><ThumbUp>1</ThumbUp><ThumbDown>0</ThumbDown><Sentiment/></Message><Message type="ReplyMessage"><Id>1362382801267-10</Id><Topic><Title>Altera could have 14nm ready before TSM gets its 20nm going. Given that TSMC</Title><Username>will_amd_yu</Username><Timestamp>1362369245806</Timestamp><DateTime>Sun, 2013-03-03 22:54:05 EST</DateTime></Topic><Msg>Altera could have 14nm ready before TSM gets its 20nm going It's quite possible - however XLNX is out I like CSCO .... and Intel will get a major portion of CSCO silicon business regardless of TSMC being a supplier to CSCO - it's a business decision</Msg><Username>semi_equip_junkie</Username><Timestamp>1362382801267</Timestamp><DateTime>Mon, 2013-03-04 02:40:01 EST</DateTime><ThumbUp>0</ThumbUp><ThumbDown>0</ThumbDown><Sentiment/></Message><Message type="ReplyMessage"><Id>1362383159089-11</Id><Topic><Title>Fan of Mr. Eassa</Title><Username>feldman.stan</Username><Timestamp>1362328897447</Timestamp><DateTime>Sun, 2013-03-03 11:41:37 EST</DateTime></Topic><Msg>If FinFET was indeed so difficult to manufacture in volume, how come all three major foundry players have decided to introduce it beyond 20nm planar? Quite frankly : you don't seem to know what side is up and which is down - "TSMC started working on 16nm FinFET in 2010. It's a well planned move." TSMC could not even get HKMG - you are an Oxymoron</Msg><Username>semi_equip_junkie</Username><Timestamp>1362383159089</Timestamp><DateTime>Mon, 2013-03-04 02:45:59 EST</DateTime><ThumbUp>0</ThumbUp><ThumbDown>0</ThumbDown><Sentiment/></Message><Message type="ReplyMessage"><Id>1362383569519-12</Id><Topic><Title>Fan of Mr. Eassa</Title><Username>feldman.stan</Username><Timestamp>1362328897447</Timestamp><DateTime>Sun, 2013-03-03 11:41:37 EST</DateTime></Topic><Msg>'ARM's architectural advantage and big.LITTLE will take care of the rest. ' ARM has an architectural disadvantage, it needs to apply greater improvements to its chips to get the equivalent performance of an x86 chip, i.e. A7 is a 2-way in-order core like 32nm Atom and is nowhere near it in performance. big.LITTLE is a gimmick purely designed to mask the current unsuitability of the A15 processor for traditional mobile applications.</Msg><Username>marsavian</Username><Timestamp>1362383569519</Timestamp><DateTime>Mon, 2013-03-04 02:52:49 EST</DateTime><ThumbUp>0</ThumbUp><ThumbDown>0</ThumbDown><Sentiment/></Message><Message type="ReplyMessage"><Id>1362384065953-13</Id><Topic><Title>Fan of Mr. Eassa</Title><Username>feldman.stan</Username><Timestamp>1362328897447</Timestamp><DateTime>Sun, 2013-03-03 11:41:37 EST</DateTime></Topic><Msg>Foundries are introducing FinFET because they have no choice, laws of physics are telling them that. It is not a given that they will be successful at least not initially. New silicon techniques (like Global-Foundries HKMG) have been known to give initial bad yield problems as companies get used to the new complexity. Best to wait for foundry FinFET chips in volume before announcing it will be no problem. Intel have already proven they can do them in volume.</Msg><Username>marsavian</Username><Timestamp>1362384065953</Timestamp><DateTime>Mon, 2013-03-04 03:01:05 EST</DateTime><ThumbUp>0</ThumbUp><ThumbDown>0</ThumbDown><Sentiment/></Message><Message type="ReplyMessage"><Id>1362384670082-14</Id><Topic><Title>Fan of Mr. Eassa</Title><Username>feldman.stan</Username><Timestamp>1362328897447</Timestamp><DateTime>Sun, 2013-03-03 11:41:37 EST</DateTime></Topic><Msg>I guess Intel has laid the golden egg and now the mobile chip manufacturers are scrambling for hens.</Msg><Username>khitchdee</Username><Timestamp>1362384670082</Timestamp><DateTime>Mon, 2013-03-04 03:11:10 EST</DateTime><ThumbUp>0</ThumbUp><ThumbDown>0</ThumbDown><Sentiment/></Message><Message type="ReplyMessage"><Id>1362386437816-15</Id><Topic><Title>Fan of Mr. Eassa</Title><Username>feldman.stan</Username><Timestamp>1362328897447</Timestamp><DateTime>Sun, 2013-03-03 11:41:37 EST</DateTime></Topic><Msg>ARM has an architectural disadvantage, it needs to apply greater improvements to its chips to get the equivalent performance of an x86 chip, i.e. A7 is a 2-way in-order core like 32nm Atom and is nowhere near it in performance. big.LITTLE is a gimmick purely designed to mask the current unsuitability of the A15 processor for traditional mobile applications --- Big/little (A7 A15) was always part of the plan, it's not a hatchet job. We'll have to see if it works in practice:) While it's true that the A7 will have less performance than Atom for most work loads, it's also uses less power and has a much smaller die area. Performance is a function of the transistor budget/spend, so another way of viewing this is Atom has spent 4 (*) times the transistors to gain 20% (*) performance over the A7. (*) made up numbers</Msg><Username>theblueredmonk</Username><Timestamp>1362386437816</Timestamp><DateTime>Mon, 2013-03-04 03:40:37 EST</DateTime><ThumbUp>0</ThumbUp><ThumbDown>0</ThumbDown><Sentiment/></Message><Message type="ReplyMessage"><Id>1362386684384-16</Id><Topic><Title>Until Samsung Has FinFET, Samsung Doesn't Have Butkus</Title><Username>wallisweaver</Username><Timestamp>1362366087752</Timestamp><DateTime>Sun, 2013-03-03 22:01:27 EST</DateTime></Topic><Msg>Samsung Delivers Strong 14nm FinFET Logic Process and Design Infrastructure for Advanced Mobile SoC Customers Seoul, Korea on Dec. 19. 2012 Samsung Electronics Co., Ltd., a global leader in advanced semiconductor solutions, today announced that it reached another milestone in the development of 14-nanometer (nm) FinFET process technology with the successful tape-out of multiple development vehicles in collaboration with its key design and IP partners. In addition, Samsung has signed an agreement with ARM® for 14nm physical IP and libraries. This agreement is the latest in a series from Samsung and ARM that has delivered production proven SoC enablement. Samsung, together with its ecosystem partners, is in a position to offer leading edge customers a robust design infrastructure to drive an ever expanding advanced mobile SoC market. "As we move closer to true mobile computing, chip designers are eager to take advantage of the gains in performance and significantly lower power of 14nm FinFET to deliver PC like user experience on a mobile device," said Dr. Kyu-Myung Choi, senior vice president of System LSI infrastructure design center, Device Solutions Division, Samsung Electronics. "The design complexities at 14nm require complete harmony between the process technology, design methodology, tools and IPs. We are synchronizing all the key elements so our customers can deliver their newest chips to market quickly and efficiently." As part of its 14nm FinFET development process, Samsung, and its ecosystem partners – ARM, Cadence, Mentor and Synopsys – taped out multiple test chips ranging from a full ARM® Cortex™-A7 processor implementation to a SRAM-based chip capable of operation near threshold voltage levels as well as an array of analog IP. The full ARM Cortex-A7 processor test chip tape-out represents a significant milestone for silicon manufacturing for the fabless ecosystem. The Cortex-A7 implementation on FinFET demonstrates the low-power component of th</Msg><Username>theblueredmonk</Username><Timestamp>1362386684384</Timestamp><DateTime>Mon, 2013-03-04 03:44:44 EST</DateTime><ThumbUp>0</ThumbUp><ThumbDown>0</ThumbDown><Sentiment/></Message><Message type="TopicMessage"><Id>1362398145444-17</Id><Title>INTC might be the next SEFE!</Title><Msg>We desired to present this link with people. It has a newsletter with information of fast moving small cap stocks... **winningstocksDOTorg/INTC**</Msg><Username>normanstephen263</Username><Timestamp>1362398145444</Timestamp><DateTime>Mon, 2013-03-04 06:55:45 EST</DateTime><ThumbUp>5</ThumbUp><ThumbDown>3</ThumbDown><Sentiment/></Message><Message type="ReplyMessage"><Id>1362400530124-18</Id><Topic><Title>Until Samsung Has FinFET, Samsung Doesn't Have Butkus</Title><Username>wallisweaver</Username><Timestamp>1362366087752</Timestamp><DateTime>Sun, 2013-03-03 22:01:27 EST</DateTime></Topic><Msg>The Samsung process for 14nm isn't really true 14nm because it has a 20nm backend. Also, Samsung isn't even done ramping 28nm let alone 20nm. Lastly, it is one thing to announce that you have produced a chip it is another to bring it into production. Intel is already building its 14nm fabs. These fabs will build the chips on 450 mm wafers which will lower manufacturing costs for the chips.</Msg><Username>bjaythebear</Username><Timestamp>1362400530124</Timestamp><DateTime>Mon, 2013-03-04 07:35:30 EST</DateTime><ThumbUp>0</ThumbUp><ThumbDown>0</ThumbDown><Sentiment>Strong Buy</Sentiment></Message><Message type="ReplyMessage"><Id>1362401220947-19</Id><Topic><Title>Until Samsung Has FinFET, Samsung Doesn't Have Butkus</Title><Username>wallisweaver</Username><Timestamp>1362366087752</Timestamp><DateTime>Sun, 2013-03-03 22:01:27 EST</DateTime></Topic><Msg>The Samsung process for 14nm isn't really true 14nm because it has a 20nm backend. Also, Samsung isn't even done ramping 28nm let alone 20nm. Lastly, it is one thing to announce that you have produced a chip it is another to bring it into production. Intel is already building its 14nm fabs. These fabs will build the chips on 450 mm wafers which will lower manufacturing costs for the chips ---- All true, but I was responding to wallisweaver "absence of a FinFET solution", clearly Samsung have a solution, it's just a case of when it appears and how good (or bad) IBM's FinFET's are . As a side, Intel's geometry measurements are different from the foundries. Intel's 22nm process, isn't really 22nm (as the foundries measure gate size) so when we talk about 14nm gate/20nm backend we need to keep things into context (ie, die size etc).</Msg><Username>theblueredmonk</Username><Timestamp>1362401220947</Timestamp><DateTime>Mon, 2013-03-04 07:47:00 EST</DateTime><ThumbUp>0</ThumbUp><ThumbDown>0</ThumbDown><Sentiment/></Message><Message type="ReplyMessage"><Id>1362403297844-20</Id><Topic><Title>Intel Corporation to be featured on MAD MONEY tonight!</Title><Username>carl.hand</Username><Timestamp>1362392578308</Timestamp><DateTime>Mon, 2013-03-04 05:22:58 EST</DateTime></Topic><Msg>fantastic update</Msg><Username>jablonski.henry</Username><Timestamp>1362403297844</Timestamp><DateTime>Mon, 2013-03-04 08:21:37 EST</DateTime><ThumbUp>0</ThumbUp><ThumbDown>13</ThumbDown><Sentiment/></Message><Message type="ReplyMessage"><Id>1362404161720-21</Id><Topic><Title>Until Samsung Has FinFET, Samsung Doesn't Have Butkus</Title><Username>wallisweaver</Username><Timestamp>1362366087752</Timestamp><DateTime>Sun, 2013-03-03 22:01:27 EST</DateTime></Topic><Msg>"Intel's 22nm process isn't really 22nm.." I don't think it is really the process that is in dispute but he gate size. Samsung say it isn't and Intel says it is. I will leave that to the engineers to debate you can get all hung up in the geometry but two important things that really matter are transistor density and leakage. Trigate delivers a lot more density and less leakage. That is the bottom line thing you want. More powerful using less energy. I highly doubt that the Samsung 22nm will deliver the the same transistor density nor the same low leakage as the Intel 22nm. In fact with the planar back end it is surely not going to. To me the Samsung announcement is more hype then anything and that was the point of my post.</Msg><Username>bjaythebear</Username><Timestamp>1362404161720</Timestamp><DateTime>Mon, 2013-03-04 08:36:01 EST</DateTime><ThumbUp>0</ThumbUp><ThumbDown>0</ThumbDown><Sentiment/></Message><Message type="ReplyMessage"><Id>1362404909960-22</Id><Topic><Title>Until Samsung Has FinFET, Samsung Doesn't Have Butkus</Title><Username>wallisweaver</Username><Timestamp>1362366087752</Timestamp><DateTime>Sun, 2013-03-03 22:01:27 EST</DateTime></Topic><Msg>Trigate delivers a lot more density and less leakage. That is the bottom line thing you want. More powerful using less energy. I highly doubt that the Samsung 22nm will deliver the the same transistor density nor the same low leakage as the Intel 22nm. In fact with the planar back end it is surely not going to. To me the Samsung announcement is more hype then anything and that was the point of my post. ---- Hype, probably, but as always the devil is in the details. Intel's gate length @22nm is nearer 26nm and at previous nodes Intel's density has been worse (LP process) than the foundries. So we'll just have to wait and see what the nodes look like in reality.</Msg><Username>theblueredmonk</Username><Timestamp>1362404909960</Timestamp><DateTime>Mon, 2013-03-04 08:48:29 EST</DateTime><ThumbUp>0</ThumbUp><ThumbDown>0</ThumbDown><Sentiment/></Message><Message type="TopicMessage"><Id>1362405160094-23</Id><Title>AMD Pounces on Intel With Jaguar</Title><Msg>Anybody know what the deal is? They claim that they will beat INTC Haswell to the market with a May release. My big question is they compare performance to Sandy Bridge (32nm) to theit 20nm process made by Global foundrys. Do they really have 20nm at global readt to go in May? I thought both Global and TSMC were stuck at 28nm for bulk production. Anyone with semi experience that can tear it apart? TIA</Msg><Username>stockjock44</Username><Timestamp>1362405160094</Timestamp><DateTime>Mon, 2013-03-04 08:52:40 EST</DateTime><ThumbUp>0</ThumbUp><ThumbDown>0</ThumbDown><Sentiment/></Message><Message type="ReplyMessage"><Id>1362405711055-24</Id><Topic><Title>INTC Rumored to be bought out!</Title><Username>ericking531</Username><Timestamp>1361967974894</Timestamp><DateTime>Wed, 2013-02-27 07:26:14 EST</DateTime></Topic><Msg>well prepared report</Msg><Username>gary_jr_harris</Username><Timestamp>1362405711055</Timestamp><DateTime>Mon, 2013-03-04 09:01:51 EST</DateTime><ThumbUp>0</ThumbUp><ThumbDown>2</ThumbDown><Sentiment/></Message><Message type="ReplyMessage"><Id>1362406294342-25</Id><Topic><Title>AMD Pounces on Intel With Jaguar</Title><Username>stockjock44</Username><Timestamp>1362405160094</Timestamp><DateTime>Mon, 2013-03-04 08:52:40 EST</DateTime></Topic><Msg>Butkus! LMAO DAGGER</Msg><Username>ghostupinhere</Username><Timestamp>1362406294342</Timestamp><DateTime>Mon, 2013-03-04 09:11:34 EST</DateTime><ThumbUp>0</ThumbUp><ThumbDown>1</ThumbDown><Sentiment/></Message><Message type="ReplyMessage"><Id>1362406934369-26</Id><Topic><Title>AMD Pounces on Intel With Jaguar</Title><Username>stockjock44</Username><Timestamp>1362405160094</Timestamp><DateTime>Mon, 2013-03-04 08:52:40 EST</DateTime></Topic><Msg>Remember the performance benchmarks AMD claimed for Barcelona? They weren't even from an actual CPU - they were simulated and of course they had to be faster than anything Intel produced. There's one lesson the industry has learned from years of experience with AMD and that is not to accept any product claim they make as true.</Msg><Username>merlot_1</Username><Timestamp>1362406934369</Timestamp><DateTime>Mon, 2013-03-04 09:22:14 EST</DateTime><ThumbUp>0</ThumbUp><ThumbDown>0</ThumbDown><Sentiment/></Message><Message type="ReplyMessage"><Id>1362407251353-27</Id><Topic><Title>INTC Rumored to be bought out!</Title><Username>ericking531</Username><Timestamp>1361967974894</Timestamp><DateTime>Wed, 2013-02-27 07:26:14 EST</DateTime></Topic><Msg>Readers who frequent this message board may have noticed that not a single one of these replies which go on about how wonderful the report is,.... have ever posted on this board before. In case you are lurking, and this is not one of your finer pieces of work D. Nenni,... you can see how big of an a_wipe you were with your attempts to get revenue for clicks to your sorry web site.</Msg><Username>bhy11141</Username><Timestamp>1362407251353</Timestamp><DateTime>Mon, 2013-03-04 09:27:31 EST</DateTime><ThumbUp>0</ThumbUp><ThumbDown>2</ThumbDown><Sentiment/></Message><Message type="ReplyMessage"><Id>1362407616587-28</Id><Topic><Title>Intel Corporation to be featured on MAD MONEY tonight!</Title><Username>carl.hand</Username><Timestamp>1362392578308</Timestamp><DateTime>Mon, 2013-03-04 05:22:58 EST</DateTime></Topic><Msg>great report</Msg><Username>edwardsbrandon838</Username><Timestamp>1362407616587</Timestamp><DateTime>Mon, 2013-03-04 09:33:36 EST</DateTime><ThumbUp>0</ThumbUp><ThumbDown>14</ThumbDown><Sentiment/></Message><Message type="ReplyMessage"><Id>1362407895630-29</Id><Topic><Title>The TRUTH about Intel Corporation...</Title><Username>wayne.garza</Username><Timestamp>1361975360186</Timestamp><DateTime>Wed, 2013-02-27 09:29:20 EST</DateTime></Topic><Msg>SPAMMER !!</Msg><Username>daxwang</Username><Timestamp>1362407895630</Timestamp><DateTime>Mon, 2013-03-04 09:38:15 EST</DateTime><ThumbUp>1</ThumbUp><ThumbDown>2</ThumbDown><Sentiment/></Message><Message type="ReplyMessage"><Id>1362408126616-30</Id><Topic><Title>INTC might be the next SEFE!</Title><Username>normanstephen263</Username><Timestamp>1362398145444</Timestamp><DateTime>Mon, 2013-03-04 06:55:45 EST</DateTime></Topic><Msg>sweet offer</Msg><Username>percyandrew102</Username><Timestamp>1362408126616</Timestamp><DateTime>Mon, 2013-03-04 09:42:06 EST</DateTime><ThumbUp>3</ThumbUp><ThumbDown>2</ThumbDown><Sentiment/></Message><Message type="ReplyMessage"><Id>1362408685414-31</Id><Topic><Title>INTC Report and Stock Poll</Title><Username>linkosarah</Username><Timestamp>1362149300635</Timestamp><DateTime>Fri, 2013-03-01 09:48:20 EST</DateTime></Topic><Msg>checking the chart now</Msg><Username>lproejanice</Username><Timestamp>1362408685414</Timestamp><DateTime>Mon, 2013-03-04 09:51:25 EST</DateTime><ThumbUp>0</ThumbUp><ThumbDown>12</ThumbDown><Sentiment/></Message><Message type="ReplyMessage"><Id>1362408686891-32</Id><Topic><Title>Fan of Mr. Eassa</Title><Username>feldman.stan</Username><Timestamp>1362328897447</Timestamp><DateTime>Sun, 2013-03-03 11:41:37 EST</DateTime></Topic><Msg>Ashraf: Why lower yourself replying to these morons ? Your INTC articles are always useful. Most of all, it's obvious that you see and appreciate the value of this absurdly undervalued company..Keep up the good work and put morons on ignroe.</Msg><Username>pentomic</Username><Timestamp>1362408686891</Timestamp><DateTime>Mon, 2013-03-04 09:51:26 EST</DateTime><ThumbUp>0</ThumbUp><ThumbDown>0</ThumbDown><Sentiment/></Message><Message type="TopicMessage"><Id>1362408921554-33</Id><Title>Shoots up to 21.24 then right back to 21</Title><Msg>Who is violently shorting this? It's as if they are saying "you aint raising the stock price with a borrowed buyback this time".</Msg><Username>lucysuxwang</Username><Timestamp>1362408921554</Timestamp><DateTime>Mon, 2013-03-04 09:55:21 EST</DateTime><ThumbUp>0</ThumbUp><ThumbDown>0</ThumbDown><Sentiment/></Message><Message type="ReplyMessage"><Id>1362409761456-34</Id><Topic><Title>INTC might be the next SEFE!</Title><Username>normanstephen263</Username><Timestamp>1362398145444</Timestamp><DateTime>Mon, 2013-03-04 06:55:45 EST</DateTime></Topic><Msg>they are amazing fact</Msg><Username>woodwillie669</Username><Timestamp>1362409761456</Timestamp><DateTime>Mon, 2013-03-04 10:09:21 EST</DateTime><ThumbUp>0</ThumbUp><ThumbDown>2</ThumbDown><Sentiment>Strong Buy</Sentiment></Message><Message type="ReplyMessage"><Id>1362410620173-35</Id><Topic><Title>Intel Corporation to be featured on MAD MONEY tonight!</Title><Username>carl.hand</Username><Timestamp>1362392578308</Timestamp><DateTime>Mon, 2013-03-04 05:22:58 EST</DateTime></Topic><Msg>good one</Msg><Username>jacobvang488</Username><Timestamp>1362410620173</Timestamp><DateTime>Mon, 2013-03-04 10:23:40 EST</DateTime><ThumbUp>0</ThumbUp><ThumbDown>14</ThumbDown><Sentiment/></Message><Message type="ReplyMessage"><Id>1362410622846-36</Id><Topic><Title>Shoots up to 21.24 then right back to 21</Title><Username>lucysuxwang</Username><Timestamp>1362408921554</Timestamp><DateTime>Mon, 2013-03-04 09:55:21 EST</DateTime></Topic><Msg>It was less about Intel and more about the market. All of the indices took a drop at the time Intel pulled back. There is a nice SP500 heatmap at finvizDOTcom that visually shows what the 500 are doing.</Msg><Username>alexander.dumbass</Username><Timestamp>1362410622846</Timestamp><DateTime>Mon, 2013-03-04 10:23:42 EST</DateTime><ThumbUp>1</ThumbUp><ThumbDown>0</ThumbDown><Sentiment/></Message><Message type="TopicMessage"><Id>1362411030840-37</Id><Title>Apple took BILLIONS from the wallets of loyal followers.....</Title><Msg>........and now they are sending many to the poor house while Tim Cook hobnobs with Michelle Obama. ONLY in America.</Msg><Username>att4glte</Username><Timestamp>1362411030840</Timestamp><DateTime>Mon, 2013-03-04 10:30:30 EST</DateTime><ThumbUp>0</ThumbUp><ThumbDown>3</ThumbDown><Sentiment/></Message><Message type="TopicMessage"><Id>1362411600161-38</Id><Title>And everybody was Kung #$%$ fight-eeeeeeeeeeeeeng</Title><Msg>General's Kung Pow Chicken!</Msg><Username>att4glte</Username><Timestamp>1362411600161</Timestamp><DateTime>Mon, 2013-03-04 10:40:00 EST</DateTime><ThumbUp>0</ThumbUp><ThumbDown>3</ThumbDown><Sentiment/></Message><Message type="ReplyMessage"><Id>1362411771173-39</Id><Topic><Title>Apple took BILLIONS from the wallets of loyal followers.....</Title><Username>att4glte</Username><Timestamp>1362411030840</Timestamp><DateTime>Mon, 2013-03-04 10:30:30 EST</DateTime></Topic><Msg>How do you thumbs down a guy you have on ignore. Bwah-ah-ahhhhhh.</Msg><Username>att4glte</Username><Timestamp>1362411771173</Timestamp><DateTime>Mon, 2013-03-04 10:42:51 EST</DateTime><ThumbUp>0</ThumbUp><ThumbDown>3</ThumbDown><Sentiment/></Message><Message type="ReplyMessage"><Id>1362412085897-40</Id><Topic><Title>Until Samsung Has FinFET, Samsung Doesn't Have Butkus</Title><Username>wallisweaver</Username><Timestamp>1362366087752</Timestamp><DateTime>Sun, 2013-03-03 22:01:27 EST</DateTime></Topic><Msg>"Intel's gate length @22nm is nearer 26nm " that's why it's called Trigate rather FinFet (multiple drain and source) "and at previous nodes Intel's density has been worse (LP process) than the foundries" that's one of the reason why ALTR selected Intel - ARMs FinFets = 20 nm design rules because they can't scale it. It's a hoax and ALTR figured it out ....too bad NVDA et al have NO choice ARM was complaining about the shape of Intels fins ... LOL.....Samsung taping out 14nm FinFet? I have not seen one SEM cross section of a real device</Msg><Username>semi_equip_junkie</Username><Timestamp>1362412085897</Timestamp><DateTime>Mon, 2013-03-04 10:48:05 EST</DateTime><ThumbUp>0</ThumbUp><ThumbDown>0</ThumbDown><Sentiment/></Message><Message type="ReplyMessage"><Id>1362412727502-41</Id><Topic><Title>The TRUTH about Intel Corporation...</Title><Username>wayne.garza</Username><Timestamp>1361975360186</Timestamp><DateTime>Wed, 2013-02-27 09:29:20 EST</DateTime></Topic><Msg>thanks</Msg><Username>cindydugas57</Username><Timestamp>1362412727502</Timestamp><DateTime>Mon, 2013-03-04 10:58:47 EST</DateTime><ThumbUp>0</ThumbUp><ThumbDown>3</ThumbDown><Sentiment/></Message><Message type="ReplyMessage"><Id>1362412883951-42</Id><Topic><Title>INTC Insider Trading Reported.</Title><Username>ray.mary</Username><Timestamp>1362317312220</Timestamp><DateTime>Sun, 2013-03-03 08:28:32 EST</DateTime></Topic><Msg>thanks</Msg><Username>cindydugas57</Username><Timestamp>1362412883951</Timestamp><DateTime>Mon, 2013-03-04 11:01:23 EST</DateTime><ThumbUp>0</ThumbUp><ThumbDown>4</ThumbDown><Sentiment/></Message><Message type="TopicMessage"><Id>1362413367860-43</Id><Title>Citi says Apple iwatch could be worth 6 billion</Title><Msg>Is Intel going to be in the iwatch? Seems they'd need the tiniest chips possible and that would be Intel?</Msg><Username>lucysuxwang</Username><Timestamp>1362413367860</Timestamp><DateTime>Mon, 2013-03-04 11:09:27 EST</DateTime><ThumbUp>0</ThumbUp><ThumbDown>0</ThumbDown><Sentiment/></Message><Message type="ReplyMessage"><Id>1362413454707-44</Id><Topic><Title>The TRUTH about Intel Corporation...</Title><Username>wayne.garza</Username><Timestamp>1361975360186</Timestamp><DateTime>Wed, 2013-02-27 09:29:20 EST</DateTime></Topic><Msg>good work, thanks.</Msg><Username>haynesrobert78</Username><Timestamp>1362413454707</Timestamp><DateTime>Mon, 2013-03-04 11:10:54 EST</DateTime><ThumbUp>0</ThumbUp><ThumbDown>3</ThumbDown><Sentiment/></Message><Message type="TopicMessage"><Id>1362413490569-45</Id><Title>Apple i-visor could be worth Trillions</Title><Msg>Why where a watch when you can just toss a visor on?</Msg><Username>jimbohomegamedyall</Username><Timestamp>1362413490569</Timestamp><DateTime>Mon, 2013-03-04 11:11:30 EST</DateTime><ThumbUp>0</ThumbUp><ThumbDown>0</ThumbDown><Sentiment/></Message><Message type="ReplyMessage"><Id>1362413602890-46</Id><Topic><Title>Shoots up to 21.24 then right back to 21</Title><Username>lucysuxwang</Username><Timestamp>1362408921554</Timestamp><DateTime>Mon, 2013-03-04 09:55:21 EST</DateTime></Topic><Msg>support woories you?</Msg><Username>janesnose</Username><Timestamp>1362413602890</Timestamp><DateTime>Mon, 2013-03-04 11:13:22 EST</DateTime><ThumbUp>0</ThumbUp><ThumbDown>0</ThumbDown><Sentiment/></Message><Message type="ReplyMessage"><Id>1362413608484-47</Id><Topic><Title>INTC Insider Trading Reported.</Title><Username>ray.mary</Username><Timestamp>1362317312220</Timestamp><DateTime>Sun, 2013-03-03 08:28:32 EST</DateTime></Topic><Msg>good work, thanks.</Msg><Username>haynesrobert78</Username><Timestamp>1362413608484</Timestamp><DateTime>Mon, 2013-03-04 11:13:28 EST</DateTime><ThumbUp>0</ThumbUp><ThumbDown>4</ThumbDown><Sentiment/></Message><Message type="ReplyMessage"><Id>1362413685344-48</Id><Topic><Title>IMO Intel @ $21 represents a long term buy and hold</Title><Username>hankg1030</Username><Timestamp>1362222440328</Timestamp><DateTime>Sat, 2013-03-02 06:07:20 EST</DateTime></Topic><Msg>Little will happen on that pink sheet spec. Don't expect much until 2014</Msg><Username>janesnose</Username><Timestamp>1362413685344</Timestamp><DateTime>Mon, 2013-03-04 11:14:45 EST</DateTime><ThumbUp>0</ThumbUp><ThumbDown>2</ThumbDown><Sentiment/></Message><Message type="ReplyMessage"><Id>1362413786372-49</Id><Topic><Title>Hope it goes down for 14 days</Title><Username>kravcleve</Username><Timestamp>1361115366534</Timestamp><DateTime>Sun, 2013-02-17 10:36:06 EST</DateTime></Topic><Msg>Hope as a bear investment strategy, how dumb can you get?</Msg><Username>janesnose</Username><Timestamp>1362413786372</Timestamp><DateTime>Mon, 2013-03-04 11:16:26 EST</DateTime><ThumbUp>0</ThumbUp><ThumbDown>0</ThumbDown><Sentiment/></Message><Message type="ReplyMessage"><Id>1362413838085-50</Id><Topic><Title>The TRUTH about Intel Corporation...</Title><Username>wayne.garza</Username><Timestamp>1361975360186</Timestamp><DateTime>Wed, 2013-02-27 09:29:20 EST</DateTime></Topic><Msg>useful report! thanks for sharing.</Msg><Username>mcgeheeboyd</Username><Timestamp>1362413838085</Timestamp><DateTime>Mon, 2013-03-04 11:17:18 EST</DateTime><ThumbUp>0</ThumbUp><ThumbDown>3</ThumbDown><Sentiment/></Message><Message type="ReplyMessage"><Id>1362414002022-51</Id><Topic><Title>INTC Insider Trading Reported.</Title><Username>ray.mary</Username><Timestamp>1362317312220</Timestamp><DateTime>Sun, 2013-03-03 08:28:32 EST</DateTime></Topic><Msg>useful report! thanks for sharing.</Msg><Username>mcgeheeboyd</Username><Timestamp>1362414002022</Timestamp><DateTime>Mon, 2013-03-04 11:20:02 EST</DateTime><ThumbUp>0</ThumbUp><ThumbDown>4</ThumbDown><Sentiment/></Message><Message type="ReplyMessage"><Id>1362414366786-52</Id><Topic><Title>= = Analyst Predicts Decline to 17.07 =SEE REPORT=</Title><Username>blackscott588</Username><Timestamp>1361404069367</Timestamp><DateTime>Wed, 2013-02-20 18:47:49 EST</DateTime></Topic><Msg>Helpful report. Thank you.</Msg><Username>johnreed840</Username><Timestamp>1362414366786</Timestamp><DateTime>Mon, 2013-03-04 11:26:06 EST</DateTime><ThumbUp>0</ThumbUp><ThumbDown>2</ThumbDown><Sentiment/></Message><Message type="ReplyMessage"><Id>1362414459691-53</Id><Topic><Title>Intel Corporation to be featured on MAD MONEY tonight!</Title><Username>carl.hand</Username><Timestamp>1362392578308</Timestamp><DateTime>Mon, 2013-03-04 05:22:58 EST</DateTime></Topic><Msg>awesome</Msg><Username>harry_palmore</Username><Timestamp>1362414459691</Timestamp><DateTime>Mon, 2013-03-04 11:27:39 EST</DateTime><ThumbUp>0</ThumbUp><ThumbDown>17</ThumbDown><Sentiment/></Message><Message type="ReplyMessage"><Id>1362414611586-54</Id><Topic><Title>You should view this profile (INTC)</Title><Username>frankbryant786</Username><Timestamp>1361483522525</Timestamp><DateTime>Thu, 2013-02-21 16:52:02 EST</DateTime></Topic><Msg>Helpful report. Thank you.</Msg><Username>johnreed840</Username><Timestamp>1362414611586</Timestamp><DateTime>Mon, 2013-03-04 11:30:11 EST</DateTime><ThumbUp>0</ThumbUp><ThumbDown>4</ThumbDown><Sentiment/></Message><Message type="ReplyMessage"><Id>1362415108941-55</Id><Topic><Title>INTC Insider Trading Reported.</Title><Username>ray.mary</Username><Timestamp>1362317312220</Timestamp><DateTime>Sun, 2013-03-03 08:28:32 EST</DateTime></Topic><Msg>great</Msg><Username>scottfinley65</Username><Timestamp>1362415108941</Timestamp><DateTime>Mon, 2013-03-04 11:38:28 EST</DateTime><ThumbUp>0</ThumbUp><ThumbDown>4</ThumbDown><Sentiment/></Message><Message type="ReplyMessage"><Id>1362416453268-56</Id><Topic><Title>INTC might be the next SEFE!</Title><Username>normanstephen263</Username><Timestamp>1362398145444</Timestamp><DateTime>Mon, 2013-03-04 06:55:45 EST</DateTime></Topic><Msg>no way man</Msg><Username>joshuaedmond99</Username><Timestamp>1362416453268</Timestamp><DateTime>Mon, 2013-03-04 12:00:53 EST</DateTime><ThumbUp>0</ThumbUp><ThumbDown>2</ThumbDown><Sentiment>Hold</Sentiment></Message><Message type="ReplyMessage"><Id>1362417008594-57</Id><Topic><Title>Hope it goes down for 14 days</Title><Username>kravcleve</Username><Timestamp>1361115366534</Timestamp><DateTime>Sun, 2013-02-17 10:36:06 EST</DateTime></Topic><Msg>Thus far, you are in the # 1 spot for "Dumbest Post of the Day" ..Bet you can't wait to win that first prize: A tin foil hat -- Idiot !</Msg><Username>pentomic</Username><Timestamp>1362417008594</Timestamp><DateTime>Mon, 2013-03-04 12:10:08 EST</DateTime><ThumbUp>0</ThumbUp><ThumbDown>0</ThumbDown><Sentiment/></Message><Message type="ReplyMessage"><Id>1362417557642-58</Id><Topic><Title>INTC Insider Trading Reported.</Title><Username>ray.mary</Username><Timestamp>1362317312220</Timestamp><DateTime>Sun, 2013-03-03 08:28:32 EST</DateTime></Topic><Msg>thanks for sharing!</Msg><Username>helenbrown20</Username><Timestamp>1362417557642</Timestamp><DateTime>Mon, 2013-03-04 12:19:17 EST</DateTime><ThumbUp>0</ThumbUp><ThumbDown>5</ThumbDown><Sentiment/></Message><Message type="ReplyMessage"><Id>1362417881015-59</Id><Topic><Title>Intel Corporation to be featured on MAD MONEY tonight!</Title><Username>carl.hand</Username><Timestamp>1362392578308</Timestamp><DateTime>Mon, 2013-03-04 05:22:58 EST</DateTime></Topic><Msg>many important info, thanks</Msg><Username>dustinsimpson995</Username><Timestamp>1362417881015</Timestamp><DateTime>Mon, 2013-03-04 12:24:41 EST</DateTime><ThumbUp>0</ThumbUp><ThumbDown>14</ThumbDown><Sentiment/></Message><Message type="TopicMessage"><Id>1362418756163-60</Id><Title>Subject: News &amp; Rumors on Intel, Cisco</Title><Msg>ITEM 3: Here's the latest news &amp; rumors I've heard about EDA and fabs since my prior post. Feel free to comment/correct/scold anything you see here! ---- ---- ---- ---- ---- ---- ---- - Big Silicon let out a collective panicky industrywide "GASP!" four days ago when Intel said it's making 14 nm FinFET chips for Altera. This means that TSMC, GlobalFoundries, Samsung, and UMC will now be facing an Intel offering working 14 nm that's 24 to 48 months ahead of them -- and it's cherry picking the lucrative fab deals. OUCH!!! "This is very bad news for the big commercial fabs. FPGAs are the high volume, high margin cash cow designs that keep the line full and steady money coming in. For example, Apple does this for Samsung. This new Altera 14 nm deal is the Intel foundry scooping up the gravy dollars away from TSMC." - Gary Smith of GSEDA (02/27/13) Intel already fabs 22 nm for FPGA startups, Achronix and Tablua, plus network uP house Netronome. This is Intel's first 14 nm fab deal. Predictions are samples by 4Q13 and Intel will get 40% to 60% margins. In exchange, with blazing 14 nm silicon, Altera will get to leapfrog evil arch rival, Xilinx, that'll still be stuck in TSMC 20 nm. OUCH! In other bad news for TSMC and Samsung, Bloomberg reports Intel's to fab Cisco networking chips; and other sources say Apple's also in fab talks with Intel -- to break away from Samsung. (And again, OUCH!) From deepchip</Msg><Username>wallisweaver</Username><Timestamp>1362418756163</Timestamp><DateTime>Mon, 2013-03-04 12:39:16 EST</DateTime><ThumbUp>1</ThumbUp><ThumbDown>0</ThumbDown><Sentiment>Strong Buy</Sentiment></Message><Message type="ReplyMessage"><Id>1362418778200-61</Id><Topic><Title>Subject: News &amp; Rumors on Intel, Cisco</Title><Username>wallisweaver</Username><Timestamp>1362418756163</Timestamp><DateTime>Mon, 2013-03-04 12:39:16 EST</DateTime></Topic><Msg>"This is very bad news for the big commercial fabs. FPGAs are the high volume, high margin cash cow designs that keep the line full and steady money coming in. For example, Apple does this for Samsung. This new Altera 14 nm deal is the Intel foundry scooping up the gravy dollars away from TSMC." - Gary Smith of GSEDA (02/27/13)</Msg><Username>wallisweaver</Username><Timestamp>1362418778200</Timestamp><DateTime>Mon, 2013-03-04 12:39:38 EST</DateTime><ThumbUp>0</ThumbUp><ThumbDown>0</ThumbDown><Sentiment>Strong Buy</Sentiment></Message><Message type="TopicMessage"><Id>1362418892390-62</Id><Title>Intel Shows Strength, ARM Shows Weakness</Title><Msg>For a month now it has appeared that ARM investors are exhausted. Looking like the triple top will hold and ARM will begin the long descent. In the meantime, Intel is holding up well...</Msg><Username>wallisweaver</Username><Timestamp>1362418892390</Timestamp><DateTime>Mon, 2013-03-04 12:41:32 EST</DateTime><ThumbUp>1</ThumbUp><ThumbDown>0</ThumbDown><Sentiment>Strong Buy</Sentiment></Message><Message type="ReplyMessage"><Id>1362418926082-63</Id><Topic><Title>INTC Rumored to be bought out!</Title><Username>ericking531</Username><Timestamp>1361967974894</Timestamp><DateTime>Wed, 2013-02-27 07:26:14 EST</DateTime></Topic><Msg>I agree with this report!</Msg><Username>a_scott68</Username><Timestamp>1362418926082</Timestamp><DateTime>Mon, 2013-03-04 12:42:06 EST</DateTime><ThumbUp>0</ThumbUp><ThumbDown>2</ThumbDown><Sentiment/></Message><Message type="ReplyMessage"><Id>1362419626240-64</Id><Topic><Title>INTC Insider Trading Reported.</Title><Username>ray.mary</Username><Timestamp>1362317312220</Timestamp><DateTime>Sun, 2013-03-03 08:28:32 EST</DateTime></Topic><Msg>Awesome report !</Msg><Username>ann.lacoste</Username><Timestamp>1362419626240</Timestamp><DateTime>Mon, 2013-03-04 12:53:46 EST</DateTime><ThumbUp>0</ThumbUp><ThumbDown>3</ThumbDown><Sentiment/></Message><Message type="TopicMessage"><Id>1362420509917-65</Id><Title>CAN'T HOLD 21</Title><Msg>so what's new???</Msg><Username>tooofunnny</Username><Timestamp>1362420509917</Timestamp><DateTime>Mon, 2013-03-04 13:08:29 EST</DateTime><ThumbUp>0</ThumbUp><ThumbDown>1</ThumbDown><Sentiment/></Message><Message type="TopicMessage"><Id>1362420524824-66</Id><Title>Intel Introduces Atom CE5300 SoC for Consumer NAS Servers</Title><Msg>Monday, March 4th 2013 With consumers increasingly sharing and viewing content among different devices, Intel Corporation today introduced storage solutions based on the Intel Atom media processor CE5300 series. The new low power system-on-chip (SoC) enables high definition (HD) video to be simultaneously watched on smartphones, tablets and other smart devices, in real time, while also shared with consumer devices such as a Smart TV. "Streaming content across numerous mobile devices, not just from the cloud but locally, has become a common practice for today's consumers," said Bev Crair, general manager, of Intel's Storage Division. "New storage solutions based on the Intel Atom CE5300 series elevate this to a whole new level by making it simple to 'browse, click, and play'. The new SoC provides an excellent foundation for creating compelling entertainment experiences." The powerful, dual-core Intel Atom CE5300 series delivers simple application and I/O support, making it ideal for synchronizing and streaming video content without compromising power for the performance necessary to allow seamless I/O and media transcoding.</Msg><Username>alexander.dumbass</Username><Timestamp>1362420524824</Timestamp><DateTime>Mon, 2013-03-04 13:08:44 EST</DateTime><ThumbUp>0</ThumbUp><ThumbDown>0</ThumbDown><Sentiment/></Message><Message type="ReplyMessage"><Id>1362420762183-67</Id><Topic><Title>INTC Insider Trading Reported.</Title><Username>ray.mary</Username><Timestamp>1362317312220</Timestamp><DateTime>Sun, 2013-03-03 08:28:32 EST</DateTime></Topic><Msg>Very helpful report :)</Msg><Username>vaughn_betty</Username><Timestamp>1362420762183</Timestamp><DateTime>Mon, 2013-03-04 13:12:42 EST</DateTime><ThumbUp>0</ThumbUp><ThumbDown>4</ThumbDown><Sentiment/></Message><Message type="ReplyMessage"><Id>1362421023887-68</Id><Topic><Title>INTC Insider Trading Reported.</Title><Username>ray.mary</Username><Timestamp>1362317312220</Timestamp><DateTime>Sun, 2013-03-03 08:28:32 EST</DateTime></Topic><Msg>████████████ VIRUS ALERT!!!!!!!! ████████████ VIRUS ALERT!!!!!!!! ██████████████████████████████████████████████████████████████████████████████████████████████████████████████████████████████████</Msg><Username>berkleyin84444</Username><Timestamp>1362421023887</Timestamp><DateTime>Mon, 2013-03-04 13:17:03 EST</DateTime><ThumbUp>0</ThumbUp><ThumbDown>3</ThumbDown><Sentiment/></Message><Message type="TopicMessage"><Id>1362421467160-69</Id><Title>Cisco foundry deal coming</Title><Msg>and Apple deal coming too....next iPads will run Intel, in return, Intel will manufacture iPhone SoC which will eventually be switched to Intel's once 14nm becomes available.</Msg><Username>bacbacker</Username><Timestamp>1362421467160</Timestamp><DateTime>Mon, 2013-03-04 13:24:27 EST</DateTime><ThumbUp>0</ThumbUp><ThumbDown>0</ThumbDown><Sentiment/></Message><Message type="ReplyMessage"><Id>1362421568551-70</Id><Topic><Title>Intel Introduces Atom CE5300 SoC for Consumer NAS Servers</Title><Username>alexander.dumbass</Username><Timestamp>1362420524824</Timestamp><DateTime>Mon, 2013-03-04 13:08:44 EST</DateTime></Topic><Msg>One could imagine this product being a good for low cost video surveillance products as well. It's basically the same capability configured for a vertical market application.</Msg><Username>merlot_1</Username><Timestamp>1362421568551</Timestamp><DateTime>Mon, 2013-03-04 13:26:08 EST</DateTime><ThumbUp>0</ThumbUp><ThumbDown>0</ThumbDown><Sentiment/></Message><Message type="TopicMessage"><Id>1362421642189-71</Id><Title>ARM's A15 is flawed, cannot go into phones</Title><Msg>Samsung will not be using A15 in their next Galaxy products. This is first indicator of flawed design. And with ARM's fabrication stuck on planar and unable to figure out FinFet, this will give Intel perfect opportunity to capture phone design deals with major players such as Apple, Motorola and Samsung.</Msg><Username>bacbacker</Username><Timestamp>1362421642189</Timestamp><DateTime>Mon, 2013-03-04 13:27:22 EST</DateTime><ThumbUp>1</ThumbUp><ThumbDown>1</ThumbDown><Sentiment/></Message><Message type="ReplyMessage"><Id>1362422287286-72</Id><Topic><Title>INTC might be the next SEFE!</Title><Username>normanstephen263</Username><Timestamp>1362398145444</Timestamp><DateTime>Mon, 2013-03-04 06:55:45 EST</DateTime></Topic><Msg>Did you find these guys on these message boards?</Msg><Username>brenttaylor53</Username><Timestamp>1362422287286</Timestamp><DateTime>Mon, 2013-03-04 13:38:07 EST</DateTime><ThumbUp>0</ThumbUp><ThumbDown>1</ThumbDown><Sentiment>Buy</Sentiment></Message><Message type="ReplyMessage"><Id>1362422381031-73</Id><Topic><Title>INTC Report and Stock Poll</Title><Username>linkosarah</Username><Timestamp>1362149300635</Timestamp><DateTime>Fri, 2013-03-01 09:48:20 EST</DateTime></Topic><Msg>Waiting for the update.</Msg><Username>realiteitelma</Username><Timestamp>1362422381031</Timestamp><DateTime>Mon, 2013-03-04 13:39:41 EST</DateTime><ThumbUp>0</ThumbUp><ThumbDown>11</ThumbDown><Sentiment/></Message><Message type="ReplyMessage"><Id>1362422906562-74</Id><Topic><Title>Intel Introduces Atom CE5300 SoC for Consumer NAS Servers</Title><Username>alexander.dumbass</Username><Timestamp>1362420524824</Timestamp><DateTime>Mon, 2013-03-04 13:08:44 EST</DateTime></Topic><Msg>I have been trying to figure out what the changes are in this CE5315 and the parts that were released last year.</Msg><Username>alexander.dumbass</Username><Timestamp>1362422906562</Timestamp><DateTime>Mon, 2013-03-04 13:48:26 EST</DateTime><ThumbUp>0</ThumbUp><ThumbDown>0</ThumbDown><Sentiment/></Message><Message type="ReplyMessage"><Id>1362423143153-75</Id><Topic><Title>INTC Insider Trading Reported.</Title><Username>ray.mary</Username><Timestamp>1362317312220</Timestamp><DateTime>Sun, 2013-03-03 08:28:32 EST</DateTime></Topic><Msg>████████████LOADS A KEY STROKE LOGGER!!! ████████████████████████████████████████████████████████ ██████████████████████████████████████████████████████████████████████████████████████████████████████████████████████████████</Msg><Username>berkleyin84444</Username><Timestamp>1362423143153</Timestamp><DateTime>Mon, 2013-03-04 13:52:23 EST</DateTime><ThumbUp>0</ThumbUp><ThumbDown>2</ThumbDown><Sentiment/></Message><Message type="ReplyMessage"><Id>1362423290527-76</Id><Topic><Title>The TRUTH about Intel Corporation...</Title><Username>wayne.garza</Username><Timestamp>1361975360186</Timestamp><DateTime>Wed, 2013-02-27 09:29:20 EST</DateTime></Topic><Msg>████████████LOADS A KEY STROKE LOGGER!!! ████████████████████████████████████████████████████████ ██████████████████████████████████████████████████████████████████████████████████████████████████████████████████████████████</Msg><Username>berkleyin84444</Username><Timestamp>1362423290527</Timestamp><DateTime>Mon, 2013-03-04 13:54:50 EST</DateTime><ThumbUp>0</ThumbUp><ThumbDown>1</ThumbDown><Sentiment/></Message><Message type="ReplyMessage"><Id>1362423475730-77</Id><Topic><Title>The TRUTH about Intel Corporation...</Title><Username>wayne.garza</Username><Timestamp>1361975360186</Timestamp><DateTime>Wed, 2013-02-27 09:29:20 EST</DateTime></Topic><Msg>████████████LOADS A KEY STROKE LOGGER!!! ████████████████████████████████████████████████████████ ██████████████████████████████████████████████████████████████████████████████████████████████████████████████████████████████</Msg><Username>berkleyin84444</Username><Timestamp>1362423475730</Timestamp><DateTime>Mon, 2013-03-04 13:57:55 EST</DateTime><ThumbUp>0</ThumbUp><ThumbDown>1</ThumbDown><Sentiment/></Message><Message type="ReplyMessage"><Id>1362423483424-78</Id><Topic><Title>The TRUTH about Intel Corporation...</Title><Username>wayne.garza</Username><Timestamp>1361975360186</Timestamp><DateTime>Wed, 2013-02-27 09:29:20 EST</DateTime></Topic><Msg>████████████LOADS A KEY STROKE LOGGER!!! ████████████████████████████████████████████████████████ ██████████████████████████████████████████████████████████████████████████████████████████████████████████████████████████████</Msg><Username>berkleyin84444</Username><Timestamp>1362423483424</Timestamp><DateTime>Mon, 2013-03-04 13:58:03 EST</DateTime><ThumbUp>0</ThumbUp><ThumbDown>1</ThumbDown><Sentiment/></Message><Message type="ReplyMessage"><Id>1362424368069-79</Id><Topic><Title>INTC Report and Stock Poll</Title><Username>linkosarah</Username><Timestamp>1362149300635</Timestamp><DateTime>Fri, 2013-03-01 09:48:20 EST</DateTime></Topic><Msg>I got it for free. Thank you</Msg><Username>phraseursvicky</Username><Timestamp>1362424368069</Timestamp><DateTime>Mon, 2013-03-04 14:12:48 EST</DateTime><ThumbUp>0</ThumbUp><ThumbDown>10</ThumbDown><Sentiment/></Message><Message type="TopicMessage"><Id>1362424991806-80</Id><Title>statement of ownership filed 13g read at investorshub!</Title><Msg>HUGE UPSIDE POTENTIAL!</Msg><Username>fkiesereda</Username><Timestamp>1362424991806</Timestamp><DateTime>Mon, 2013-03-04 14:23:11 EST</DateTime><ThumbUp>0</ThumbUp><ThumbDown>1</ThumbDown><Sentiment/></Message><Message type="ReplyMessage"><Id>1362425013835-81</Id><Topic><Title>statement of ownership filed 13g read at investorshub!</Title><Username>fkiesereda</Username><Timestamp>1362424991806</Timestamp><DateTime>Mon, 2013-03-04 14:23:11 EST</DateTime></Topic><Msg>on ytrv</Msg><Username>fkiesereda</Username><Timestamp>1362425013835</Timestamp><DateTime>Mon, 2013-03-04 14:23:33 EST</DateTime><ThumbUp>0</ThumbUp><ThumbDown>0</ThumbDown><Sentiment/></Message><Message type="TopicMessage"><Id>1362425384087-82</Id><Title>Technical predicting a test of $23.02</Title><Msg>My model is rarely wrong.</Msg><Username>backbay_bstn</Username><Timestamp>1362425384087</Timestamp><DateTime>Mon, 2013-03-04 14:29:44 EST</DateTime><ThumbUp>0</ThumbUp><ThumbDown>0</ThumbDown><Sentiment/></Message><Message type="TopicMessage"><Id>1362425757319-83</Id><Title>MRVL arm chip MARVELOUS</Title><Msg>arm every where :)</Msg><Username>joesmoe_y2k</Username><Timestamp>1362425757319</Timestamp><DateTime>Mon, 2013-03-04 14:35:57 EST</DateTime><ThumbUp>0</ThumbUp><ThumbDown>2</ThumbDown><Sentiment>Buy</Sentiment></Message><Message type="TopicMessage"><Id>1362426010899-84</Id><Title>CNBC about to prove Wallis and Obama dead wrong on Taxes</Title><Msg>The Rich pay their fair share AND THEM SOME.....new report just out to be reviewed shortly on CNBC.</Msg><Username>walrusweaver</Username><Timestamp>1362426010899</Timestamp><DateTime>Mon, 2013-03-04 14:40:10 EST</DateTime><ThumbUp>1</ThumbUp><ThumbDown>1</ThumbDown><Sentiment/></Message><Message type="ReplyMessage"><Id>1362426656890-85</Id><Topic><Title>= = Analyst Predicts Decline to 17.07 =SEE REPORT=</Title><Username>blackscott588</Username><Timestamp>1361404069367</Timestamp><DateTime>Wed, 2013-02-20 18:47:49 EST</DateTime></Topic><Msg>SPAMMER !!</Msg><Username>daxwang</Username><Timestamp>1362426656890</Timestamp><DateTime>Mon, 2013-03-04 14:50:56 EST</DateTime><ThumbUp>1</ThumbUp><ThumbDown>1</ThumbDown><Sentiment/></Message><Message type="TopicMessage"><Id>1362427090790-86</Id><Title>does a breakout at 21.25</Title><Msg>make shorts cover??? could happen and if so looks like 22 next resistance. we shall see if this whole PC is dead trade is dead. Dont know about you but i still need my PC now more than ever.</Msg><Username>deadpainting</Username><Timestamp>1362427090790</Timestamp><DateTime>Mon, 2013-03-04 14:58:10 EST</DateTime><ThumbUp>2</ThumbUp><ThumbDown>1</ThumbDown><Sentiment/></Message><Message type="ReplyMessage"><Id>1362427722821-87</Id><Topic><Title>CNBC about to prove Wallis and Obama dead wrong on Taxes</Title><Username>walrusweaver</Username><Timestamp>1362426010899</Timestamp><DateTime>Mon, 2013-03-04 14:40:10 EST</DateTime></Topic><Msg>CNBC??? LOL ... I bet they feature Santilli the Clown, and Joe Kernan, MIT flunk-out.</Msg><Username>galba_imperator</Username><Timestamp>1362427722821</Timestamp><DateTime>Mon, 2013-03-04 15:08:42 EST</DateTime><ThumbUp>0</ThumbUp><ThumbDown>1</ThumbDown><Sentiment/></Message><Message type="ReplyMessage"><Id>1362427751159-88</Id><Topic><Title>CNBC about to prove Wallis and Obama dead wrong on Taxes</Title><Username>walrusweaver</Username><Timestamp>1362426010899</Timestamp><DateTime>Mon, 2013-03-04 14:40:10 EST</DateTime></Topic><Msg>OBAMA is just trying to tax tax tax so he can grow his government and be the king of america. top 20% pay at least 70% of all taxes. bottom 50 pay none! fair share means everyone!</Msg><Username>deadpainting</Username><Timestamp>1362427751159</Timestamp><DateTime>Mon, 2013-03-04 15:09:11 EST</DateTime><ThumbUp>1</ThumbUp><ThumbDown>2</ThumbDown><Sentiment/></Message><Message type="ReplyMessage"><Id>1362428657998-89</Id><Topic><Title>Intel Corporation to be featured on MAD MONEY tonight!</Title><Username>carl.hand</Username><Timestamp>1362392578308</Timestamp><DateTime>Mon, 2013-03-04 05:22:58 EST</DateTime></Topic><Msg>Thanks</Msg><Username>sterlingfoley</Username><Timestamp>1362428657998</Timestamp><DateTime>Mon, 2013-03-04 15:24:17 EST</DateTime><ThumbUp>0</ThumbUp><ThumbDown>13</ThumbDown><Sentiment/></Message><Message type="TopicMessage"><Id>1362428981196-90</Id><Title>Yahoo to shut down message boards.</Title><Msg>I guess this will destroy lucy/juhhnys life. Biggest loser to ever post a message board. Glad to see it happen. NOW.................... Go get an effing job you POS loser.</Msg><Username>herbal_dude</Username><Timestamp>1362428981196</Timestamp><DateTime>Mon, 2013-03-04 15:29:41 EST</DateTime><ThumbUp>0</ThumbUp><ThumbDown>1</ThumbDown><Sentiment/></Message><Message type="ReplyMessage"><Id>1362429402832-91</Id><Topic><Title>Technical predicting a test of $23.02</Title><Username>backbay_bstn</Username><Timestamp>1362425384087</Timestamp><DateTime>Mon, 2013-03-04 14:29:44 EST</DateTime></Topic><Msg>I'm sorry, but I have to laugh. I hope you are correct, but as far as 'your model' is concerned, have to laugh!. But hey who knows,..... even a broken down clock is correct twice a day.</Msg><Username>bhy11141</Username><Timestamp>1362429402832</Timestamp><DateTime>Mon, 2013-03-04 15:36:42 EST</DateTime><ThumbUp>0</ThumbUp><ThumbDown>0</ThumbDown><Sentiment/></Message><Message type="TopicMessage"><Id>1362429525657-92</Id><Title>Intel to 30.. Up and away...</Title><Msg>Intel to 30.. Up and away... who is stopping Intel from making the best chips money could buy...</Msg><Username>exgeae</Username><Timestamp>1362429525657</Timestamp><DateTime>Mon, 2013-03-04 15:38:45 EST</DateTime><ThumbUp>0</ThumbUp><ThumbDown>0</ThumbDown><Sentiment>Strong Buy</Sentiment></Message><Message type="ReplyMessage"><Id>1362429555482-93</Id><Topic><Title>CNBC about to prove Wallis and Obama dead wrong on Taxes</Title><Username>walrusweaver</Username><Timestamp>1362426010899</Timestamp><DateTime>Mon, 2013-03-04 14:40:10 EST</DateTime></Topic><Msg>The rich pay 70 percent of taxes but have a much greater share of all income. This means that the middle class is paying their taxes. Fair share means everyone based on income. The robustness of the US economy is based on the health of the middle class, not the rich. Don't be so silly as to kill the goose that lays the golden eggs because of greed. During the last thirty years the rich have gotten richer and the poor poorer. The rich need to pay their fair share, no more, no less. How can anyone argue with that?</Msg><Username>wallisweaver</Username><Timestamp>1362429555482</Timestamp><DateTime>Mon, 2013-03-04 15:39:15 EST</DateTime><ThumbUp>1</ThumbUp><ThumbDown>0</ThumbDown><Sentiment/></Message><Message type="ReplyMessage"><Id>1362429636807-94</Id><Topic><Title>CNBC about to prove Wallis and Obama dead wrong on Taxes</Title><Username>walrusweaver</Username><Timestamp>1362426010899</Timestamp><DateTime>Mon, 2013-03-04 14:40:10 EST</DateTime></Topic><Msg>They just said that the rich are giving the government more of their money now than at anytime IN THE LAST 30 YEARS. Spin that!</Msg><Username>walrusweaver</Username><Timestamp>1362429636807</Timestamp><DateTime>Mon, 2013-03-04 15:40:36 EST</DateTime><ThumbUp>0</ThumbUp><ThumbDown>0</ThumbDown><Sentiment/></Message><Message type="TopicMessage"><Id>1362429669867-95</Id><Title>Shorts Down Two Bucks Since November</Title><Msg>And still claiming to be the geniuses...</Msg><Username>wallisweaver</Username><Timestamp>1362429669867</Timestamp><DateTime>Mon, 2013-03-04 15:41:09 EST</DateTime><ThumbUp>0</ThumbUp><ThumbDown>0</ThumbDown><Sentiment>Strong Buy</Sentiment></Message><Message type="ReplyMessage"><Id>1362429746980-96</Id><Topic><Title>Shorts Down Two Bucks Since November</Title><Username>wallisweaver</Username><Timestamp>1362429669867</Timestamp><DateTime>Mon, 2013-03-04 15:41:09 EST</DateTime></Topic><Msg>Longs down 8 bucks since last May and still claiming to be genuises.</Msg><Username>walrusweaver</Username><Timestamp>1362429746980</Timestamp><DateTime>Mon, 2013-03-04 15:42:26 EST</DateTime><ThumbUp>0</ThumbUp><ThumbDown>0</ThumbDown><Sentiment/></Message><Message type="ReplyMessage"><Id>1362430299831-97</Id><Topic><Title>Shorts Down Two Bucks Since November</Title><Username>wallisweaver</Username><Timestamp>1362429669867</Timestamp><DateTime>Mon, 2013-03-04 15:41:09 EST</DateTime></Topic><Msg>Longs down 50 bucks since over a decade ago and still claim to be geniuses. What kind of Math is in YOUR wallet. Baaaaahhhh</Msg><Username>walrusweaver</Username><Timestamp>1362430299831</Timestamp><DateTime>Mon, 2013-03-04 15:51:39 EST</DateTime><ThumbUp>0</ThumbUp><ThumbDown>0</ThumbDown><Sentiment/></Message><Message type="ReplyMessage"><Id>1362430726614-98</Id><Topic><Title>Shorts Down Two Bucks Since November</Title><Username>wallisweaver</Username><Timestamp>1362429669867</Timestamp><DateTime>Mon, 2013-03-04 15:41:09 EST</DateTime></Topic><Msg>Stop making Mr. Weaver look so foolish. He does a fine job of it, himself, and doesn't need your help.</Msg><Username>ghostupinhere</Username><Timestamp>1362430726614</Timestamp><DateTime>Mon, 2013-03-04 15:58:46 EST</DateTime><ThumbUp>0</ThumbUp><ThumbDown>0</ThumbDown><Sentiment/></Message><Message type="ReplyMessage"><Id>1362430741409-99</Id><Topic><Title>CNBC about to prove Wallis and Obama dead wrong on Taxes</Title><Username>walrusweaver</Username><Timestamp>1362426010899</Timestamp><DateTime>Mon, 2013-03-04 14:40:10 EST</DateTime></Topic><Msg>DUHHH..there are a LOT MORE ULTRA RICH people nowadays...who knows what metric they use? Try this: now there's a record number of billionaires, 1400, in USA....spin that. This is country where there are a record number of ultra wealthy people who all plan to stay regardless of the taxes, and avast sea of hopeless people who have essentially nothing but debt and fear. Go spin that...and I hope you end up one of them.</Msg><Username>galba_imperator</Username><Timestamp>1362430741409</Timestamp><DateTime>Mon, 2013-03-04 15:59:01 EST</DateTime><ThumbUp>0</ThumbUp><ThumbDown>0</ThumbDown><Sentiment/></Message><Message type="ReplyMessage"><Id>1362430893884-100</Id><Topic><Title>= = Analyst Predicts Decline to 17.07 =SEE REPORT=</Title><Username>blackscott588</Username><Timestamp>1361404069367</Timestamp><DateTime>Wed, 2013-02-20 18:47:49 EST</DateTime></Topic><Msg>Nice report. Thank you.</Msg><Username>nicklee496</Username><Timestamp>1362430893884</Timestamp><DateTime>Mon, 2013-03-04 16:01:33 EST</DateTime><ThumbUp>0</ThumbUp><ThumbDown>1</ThumbDown><Sentiment/></Message><Message type="ReplyMessage"><Id>1362431122052-101</Id><Topic><Title>You should view this profile (INTC)</Title><Username>frankbryant786</Username><Timestamp>1361483522525</Timestamp><DateTime>Thu, 2013-02-21 16:52:02 EST</DateTime></Topic><Msg>Great update. Thx.</Msg><Username>nicklee496</Username><Timestamp>1362431122052</Timestamp><DateTime>Mon, 2013-03-04 16:05:22 EST</DateTime><ThumbUp>0</ThumbUp><ThumbDown>4</ThumbDown><Sentiment/></Message><Message type="TopicMessage"><Id>1362431743695-102</Id><Title>blotter_blades long TXN at $75!</Title><Msg>Just thinking about the good old days. About 10 years later this lucy/juhhny found a 10 year old post of mine and posted it at least a thousand times. You talk about no effing life. This guy is obsessed with the message boards. What a joke of a life he has lived. IT'S BEEN FUN.................I hate to see it end. (NOT) Looks like yahoo is getting rid of the message boards. There was a time when these yahoo message boards were a useful tool in the research of an equity. Not anymore. lucy/juhhny in about the last 7 years has turned this particular message board into garbage. Worthless message boards and I for one are glad to see them go. Once the arb`s finish, this baby will jump like a coiled spring. I really thinks the shorts are beginning to get a little nervous. RTQ 75 3/4</Msg><Username>herbal_dude</Username><Timestamp>1362431743695</Timestamp><DateTime>Mon, 2013-03-04 16:15:43 EST</DateTime><ThumbUp>0</ThumbUp><ThumbDown>0</ThumbDown><Sentiment/></Message><Message type="ReplyMessage"><Id>1362432045597-103</Id><Topic><Title>CNBC about to prove Wallis and Obama dead wrong on Taxes</Title><Username>walrusweaver</Username><Timestamp>1362426010899</Timestamp><DateTime>Mon, 2013-03-04 14:40:10 EST</DateTime></Topic><Msg>"The rich pay 70 percent of taxes but have a much greater share of all income." If you are talking about income taxes, the rich pay a lot more than 70%. If you are throwing in social security, which isn't a tax, you should also at least throw in the Earned Income Credit. Here is 2009 data from the Heritage Foundation (I assume with the Obummer tax increase, this is even worse now): In 2006, the latest available year from CBO, the top 20 percent of income earners paid 86.3 percent of all federal income taxes, an all-time high.[1] This is an increase of over 6 percent from 2000, when the top 20 percent paid 81.2 percent. During the same period, the bottom four quintiles all saw their share of the federal income tax burden fall sharply: The bottom 20 percent of income earners' share of federal income taxes fell from -1.6 percent in 2000 to -2.8 percent in 2006; The next 20 percent's share declined from 1.1 percent to -0.8 percent; The middle quintile's share dropped from 5.7 percent to 4.4 percent; and The fourth quintile's share decreased from 13.5 percent to 12.9 percent. Each of these four quintiles' shares was an all-time low.</Msg><Username>dewey_duhawk</Username><Timestamp>1362432045597</Timestamp><DateTime>Mon, 2013-03-04 16:20:45 EST</DateTime><ThumbUp>0</ThumbUp><ThumbDown>0</ThumbDown><Sentiment/></Message><Message type="ReplyMessage"><Id>1362432157161-104</Id><Topic><Title>Yahoo to shut down message boards.</Title><Username>herbal_dude</Username><Timestamp>1362428981196</Timestamp><DateTime>Mon, 2013-03-04 15:29:41 EST</DateTime></Topic><Msg>How's that ugly wench of yours doing?</Msg><Username>herbal_dud</Username><Timestamp>1362432157161</Timestamp><DateTime>Mon, 2013-03-04 16:22:37 EST</DateTime><ThumbUp>0</ThumbUp><ThumbDown>0</ThumbDown><Sentiment/></Message><Message type="ReplyMessage"><Id>1362432531130-105</Id><Topic><Title>CNBC about to prove Wallis and Obama dead wrong on Taxes</Title><Username>walrusweaver</Username><Timestamp>1362426010899</Timestamp><DateTime>Mon, 2013-03-04 14:40:10 EST</DateTime></Topic><Msg>Tax Reform Act of 1986 (Reagan) raised taxes the approximately todays level. WSJ August 6, 2012 Quote The top marginal income-tax rate, the most visible metric, has gone from 7% in 1913 to 92% in the 1950s to 28% with the Tax Reform Act of 1986 to 39.6% in the Clinton years to today's 35%. Mr. Obama wants to raise that; Mr. Romney wants to cut it while eliminating loopholes and deductions to make up the lost revenue. Over the past three decades, Americans—including most of the rich—have paid less of their incomes to Washington. Top earners have received more of the income and paid more of the taxes; a growing number at the bottom have paid less or, in some cases, nothing. Whether that is fair is a question of politics and values. Facts can inform the debate. Here are a few salient ones: The top 5%, top 1% and top 0.1% of Americans have been getting a bigger slice of all the income and paying a growing share of federal taxes. To measure the tax burden over time, Congressional Budget Office economists look beyond income-tax returns. They add federal income, payroll, excise and corporate taxes and calculate them as a percentage of income, broadly defined to include wages plus the value of government- and employer-provided benefits.</Msg><Username>alexander.dumbass</Username><Timestamp>1362432531130</Timestamp><DateTime>Mon, 2013-03-04 16:28:51 EST</DateTime><ThumbUp>0</ThumbUp><ThumbDown>0</ThumbDown><Sentiment/></Message><Message type="ReplyMessage"><Id>1362434336835-106</Id><Topic><Title>INTC Insider Trading Reported.</Title><Username>ray.mary</Username><Timestamp>1362317312220</Timestamp><DateTime>Sun, 2013-03-03 08:28:32 EST</DateTime></Topic><Msg>thanks</Msg><Username>gingerkey29</Username><Timestamp>1362434336835</Timestamp><DateTime>Mon, 2013-03-04 16:58:56 EST</DateTime><ThumbUp>0</ThumbUp><ThumbDown>3</ThumbDown><Sentiment/></Message><Message type="ReplyMessage"><Id>1362435190955-107</Id><Topic><Title>INTC Insider Trading Reported.</Title><Username>ray.mary</Username><Timestamp>1362317312220</Timestamp><DateTime>Sun, 2013-03-03 08:28:32 EST</DateTime></Topic><Msg>useful</Msg><Username>osbourne_josh</Username><Timestamp>1362435190955</Timestamp><DateTime>Mon, 2013-03-04 17:13:10 EST</DateTime><ThumbUp>0</ThumbUp><ThumbDown>3</ThumbDown><Sentiment/></Message><Message type="TopicMessage"><Id>1362435479067-108</Id><Title>Wells</Title><Msg>It is unlikely that Intel considers the Altera arrangement an end in itself […] We believe it unlikely that Intel will enter into many more foundry arrangements with other chip companies. Our guess is that Intel’s interest in doing the Altera foundry arrangement is that its sees this as a way of exercising how to negotiate and execute a fairly small foundry agreement, and a demonstration of its foundry capabilities, with the goal of eventually securing strategic foundry customers such as, perhaps, Apple. Intel has noted that as time passes and the costs of building leading edge fabs rises, there are fewer and fewer companies that have enough scale to justify the cost of building new fabs. We calculate that TSMC’s $9 billion in capital spending planned for 2013 represents about 50% of TSMC’s 2013 revenue and perhaps as much as 150% of TSMC’s revenue from leading edge manufacturing (i.e. 28nm manufacturing). In contrast, backing out the $2 billion Intel is planning to spending on 450mm technology which it does not expect to use in manufacturing for several years yet, Intel’s approximately $11 billion of capital spending for current and near- future technology planned for 2013 represents approximately 20% of Intel revenue (the bulk of which is derived from leading edge manufacturing). We think that revenue Intel diverts from traditional commercial foundries (whether this be Altera business or future Apple business) might reduce the appetite and capability of these foundries for high cost advanced technology development, potentially resulting in Intel widening its technology lead over other semiconductor manufacturers. We believe that a growing technology lead could significantly improve Intel’s ability to penetrate new areas such as the tablet and smartphone space against entrenched competitors such as makers of ARM-based chips.</Msg><Username>wallisweaver</Username><Timestamp>1362435479067</Timestamp><DateTime>Mon, 2013-03-04 17:17:59 EST</DateTime><ThumbUp>1</ThumbUp><ThumbDown>0</ThumbDown><Sentiment>Strong Buy</Sentiment></Message><Message type="ReplyMessage"><Id>1362436148772-109</Id><Topic><Title>blotter_blades long TXN at $75!</Title><Username>herbal_dude</Username><Timestamp>1362431743695</Timestamp><DateTime>Mon, 2013-03-04 16:15:43 EST</DateTime></Topic><Msg>Juhhny, Maybe you should stop posting and start buying some Beazer in here. Americans can all afford their adjusted payments because of the stocks they bought in October of 2002. Most are even cashing out and buying even bigger homes. Which explains the temporary dip in here.</Msg><Username>herbal_dude</Username><Timestamp>1362436148772</Timestamp><DateTime>Mon, 2013-03-04 17:29:08 EST</DateTime><ThumbUp>0</ThumbUp><ThumbDown>0</ThumbDown><Sentiment/></Message><Message type="ReplyMessage"><Id>1362436255577-110</Id><Topic><Title>INTC Insider Trading Reported.</Title><Username>ray.mary</Username><Timestamp>1362317312220</Timestamp><DateTime>Sun, 2013-03-03 08:28:32 EST</DateTime></Topic><Msg>thanks a lot!</Msg><Username>michaelthornburg10</Username><Timestamp>1362436255577</Timestamp><DateTime>Mon, 2013-03-04 17:30:55 EST</DateTime><ThumbUp>0</ThumbUp><ThumbDown>3</ThumbDown><Sentiment/></Message><Message type="ReplyMessage"><Id>1362436367091-111</Id><Topic><Title>Yahoo to shut down message boards.</Title><Username>herbal_dude</Username><Timestamp>1362428981196</Timestamp><DateTime>Mon, 2013-03-04 15:29:41 EST</DateTime></Topic><Msg>xraythrives • 5 hours ago YHOO msg board. Closing Yahoo message boards an attack on the mentally ill. For years the Yahoo message boards have pacified and kept calm millions of Mentally challenged and unstable Americans. To put these people out on the street is a crime against humanity! ------------------------------------------------------------- Agreed</Msg><Username>herbal_dude</Username><Timestamp>1362436367091</Timestamp><DateTime>Mon, 2013-03-04 17:32:47 EST</DateTime><ThumbUp>0</ThumbUp><ThumbDown>0</ThumbDown><Sentiment/></Message><Message type="TopicMessage"><Id>1362437518368-112</Id><Title>Intel Issued $26 Price Target and Outperform Reiterated</Title><Msg>I did not see this posted. According to Baird, Intel is experiencing strong demand for its CPU/chipsets in China which suggests that trends might be improving. The firm predicts it will see an increase in demand for PC components, and it expects for PC units to grow during year. The firm gives the stock an Outperform rating and a $26 price target.</Msg><Username>alexander.dumbass</Username><Timestamp>1362437518368</Timestamp><DateTime>Mon, 2013-03-04 17:51:58 EST</DateTime><ThumbUp>0</ThumbUp><ThumbDown>0</ThumbDown><Sentiment/></Message><Message type="TopicMessage"><Id>1362437812006-113</Id><Title>ROHM announces development of a Dedicated System Power Management IC to Support Intel's latest Atom™-based platform</Title><Msg>ROHM announces development of a Dedicated System Power Management IC to Support Intel's latest Atom™-based platform ROHM Semiconductor 3/4/2013 5:00 PM EST -------------------------------------------------------------------------------- KYOTO, Japan, March 4, 2013 /PRNewswire/ -- ROHM Co., Ltd. (TSE: 6963) has announced the development of a dedicated system power management IC (PMIC) to support Intel® 's latest Atom™-based platform, code name "Bay Trail". A highly integrated power management solution with industry leading power efficiency, ROHM's PMIC is targeted towards ultra-thin form factor tablet and convertible devices.</Msg><Username>alexander.dumbass</Username><Timestamp>1362437812006</Timestamp><DateTime>Mon, 2013-03-04 17:56:52 EST</DateTime><ThumbUp>0</ThumbUp><ThumbDown>0</ThumbDown><Sentiment/></Message><Message type="ReplyMessage"><Id>1362437952852-114</Id><Topic><Title>Intel Issued $26 Price Target and Outperform Reiterated</Title><Username>alexander.dumbass</Username><Timestamp>1362437518368</Timestamp><DateTime>Mon, 2013-03-04 17:51:58 EST</DateTime></Topic><Msg>Wonder what they are looking at? Contrary to what most are saying.</Msg><Username>long_n_the_shorts</Username><Timestamp>1362437952852</Timestamp><DateTime>Mon, 2013-03-04 17:59:12 EST</DateTime><ThumbUp>0</ThumbUp><ThumbDown>1</ThumbDown><Sentiment/></Message><Message type="ReplyMessage"><Id>1362438103650-115</Id><Topic><Title>INTC Insider Trading Reported.</Title><Username>ray.mary</Username><Timestamp>1362317312220</Timestamp><DateTime>Sun, 2013-03-03 08:28:32 EST</DateTime></Topic><Msg>thanks!</Msg><Username>olmos_brandon</Username><Timestamp>1362438103650</Timestamp><DateTime>Mon, 2013-03-04 18:01:43 EST</DateTime><ThumbUp>0</ThumbUp><ThumbDown>5</ThumbDown><Sentiment/></Message><Message type="ReplyMessage"><Id>1362438441130-116</Id><Topic><Title>Intel Corporation to be featured on MAD MONEY tonight!</Title><Username>carl.hand</Username><Timestamp>1362392578308</Timestamp><DateTime>Mon, 2013-03-04 05:22:58 EST</DateTime></Topic><Msg>good one</Msg><Username>timothylopez751</Username><Timestamp>1362438441130</Timestamp><DateTime>Mon, 2013-03-04 18:07:21 EST</DateTime><ThumbUp>0</ThumbUp><ThumbDown>15</ThumbDown><Sentiment/></Message><Message type="ReplyMessage"><Id>1362438747469-117</Id><Topic><Title>Wells</Title><Username>wallisweaver</Username><Timestamp>1362435479067</Timestamp><DateTime>Mon, 2013-03-04 17:17:59 EST</DateTime></Topic><Msg>"We calculate that TSMC’s $9 billion in capital spending planned for 2013 represents about 50% of TSMC’s 2013 revenue and perhaps as much as 150% of TSMC’s revenue from leading edge manufacturing (i.e. 28nm manufacturing). In contrast, backing out the $2 billion Intel is planning to spending on 450mm technology which it does not expect to use in manufacturing for several years yet, Intel’s approximately $11 billion of capital spending for current and near- future technology planned for 2013 represents approximately 20% of Intel revenue (the bulk of which is derived from leading edge manufacturing)" Finally an analyst figured this one out.... Regarding 150% - that applies to second year of 28nm ramp - it was far worse in 2012. How do they think TSMC would be able to ramp a 450mm fab? By loosing ALTR it's even more difficult for TSMC to ramp quickly their 16nm It beats me why certain analysts constantly complain about Intel capex being excessive;</Msg><Username>semi_equip_junkie</Username><Timestamp>1362438747469</Timestamp><DateTime>Mon, 2013-03-04 18:12:27 EST</DateTime><ThumbUp>0</ThumbUp><ThumbDown>0</ThumbDown><Sentiment/></Message><Message type="ReplyMessage"><Id>1362438840151-118</Id><Topic><Title>Intel Issued $26 Price Target and Outperform Reiterated</Title><Username>alexander.dumbass</Username><Timestamp>1362437518368</Timestamp><DateTime>Mon, 2013-03-04 17:51:58 EST</DateTime></Topic><Msg>Beats me. There has to be some differences. The Goldman Sachs SELL with a $16 target is so much different than this $26 OUTPERFORM. The high target is $29 and the low is $16. The GS $16 target look like an outlier trying to push the $23 average lower. They are $7 below the average target of 37 analysts. That one $16 target lowers the Intel average target by $7/37 = 20 cents.</Msg><Username>alexander.dumbass</Username><Timestamp>1362438840151</Timestamp><DateTime>Mon, 2013-03-04 18:14:00 EST</DateTime><ThumbUp>1</ThumbUp><ThumbDown>0</ThumbDown><Sentiment/></Message><Message type="ReplyMessage"><Id>1362438977945-119</Id><Topic><Title>blotter_blades long TXN at $75!</Title><Username>herbal_dude</Username><Timestamp>1362431743695</Timestamp><DateTime>Mon, 2013-03-04 16:15:43 EST</DateTime></Topic><Msg>this baby will jump like a coiled spring ------------ Intel is more like a COILED TURD. TOOOOO FUNNNNNNNNNY!</Msg><Username>tooofunnny</Username><Timestamp>1362438977945</Timestamp><DateTime>Mon, 2013-03-04 18:16:17 EST</DateTime><ThumbUp>1</ThumbUp><ThumbDown>2</ThumbDown><Sentiment/></Message><Message type="TopicMessage"><Id>1362442346036-120</Id><Title>Buffet says Apple should buy back shares with its cash</Title><Msg>This morning, Warren Buffett spoke about Apple's stock price on CNBC's Squawk Box. He had some advice for Tim Cook: Ignore Greenlight Capital's David Einhorn. Einhorn recently filed — then dropped — a lawsuit against Apple; Einhorn wants Apple to create a preferred stock that pays a dividend in perpetuity. "I would ignore him," Buffet said. "I would run the business in such a manner as to create the most value over the next five to 10 years. You can't run a business to push the stock price up on a daily basis. Berkshire has gone down 50 percent four times in its history. When that happens, if you've got money you buy it. You just keep working on building the value." In other words, Cook should use Apple's massive pile of cash to buy back stock. He said he told Steve Jobs to do this, but Jobs didn't take the advice. "I did talk with Steve Jobs a few years ago about what they might do with the cash. The best thing you can do with a business is run it well, and the shares will respond," Buffet said. "When Steve called me, I said, 'Is your stock cheap?' He said, 'yes.' I said, 'Do you have more cash than you need?' He said, 'a little.' [laughs] I said, 'then buy back your stock.' He didn't ... But if you could buy dollar bills for 80 cents, it's a very good thing to do." Read more: businessinsiderDOTcom/warren-buffet-on-apples-cash-2013-3#ixzz2McSkYphJ</Msg><Username>justfine790</Username><Timestamp>1362442346036</Timestamp><DateTime>Mon, 2013-03-04 19:12:26 EST</DateTime><ThumbUp>0</ThumbUp><ThumbDown>0</ThumbDown><Sentiment/></Message><Message type="TopicMessage"><Id>1362442456569-121</Id><Title>ARM Technicals</Title><Msg>Take a look at the one year chart for ARM. Clearly 44 looks like a height that the stock can't get over. It tried initially on February 6th and made a slightly lessor try on February 15, looking like a double top. It is now making the third try and again exhibiting investor exhaustion. It looks like the triple top, indicating the beginning of a long decline. Intel is certainly helping with lots of powerful, positive news. Will it now roll over and start to give up the massive and unsupportable P/E ratio? Inquiring minds want to know if ARM's moment has come...</Msg><Username>wallisweaver</Username><Timestamp>1362442456569</Timestamp><DateTime>Mon, 2013-03-04 19:14:16 EST</DateTime><ThumbUp>2</ThumbUp><ThumbDown>0</ThumbDown><Sentiment>Strong Buy</Sentiment></Message><Message type="ReplyMessage"><Id>1362442993407-122</Id><Topic><Title>ARM Technicals</Title><Username>wallisweaver</Username><Timestamp>1362442456569</Timestamp><DateTime>Mon, 2013-03-04 19:14:16 EST</DateTime></Topic><Msg>The stock has doubled since last year while Intel is down 30 percent since last year...........a massive mess for a guy that has bashed ARM since it was in the low 20's. Do you have any idea how stupid you are?</Msg><Username>chump.weaver</Username><Timestamp>1362442993407</Timestamp><DateTime>Mon, 2013-03-04 19:23:13 EST</DateTime><ThumbUp>3</ThumbUp><ThumbDown>3</ThumbDown><Sentiment/></Message><Message type="ReplyMessage"><Id>1362443363109-123</Id><Topic><Title>Intel Issued $26 Price Target and Outperform Reiterated</Title><Username>alexander.dumbass</Username><Timestamp>1362437518368</Timestamp><DateTime>Mon, 2013-03-04 17:51:58 EST</DateTime></Topic><Msg>$26 Price Target and Outperform Reiterated. I see now. It's a "nothing new" rating trying to help the stock. I "reiterate" most know the PC/CPU market is shrinking and they have completely missed the mobile market.</Msg><Username>long_n_the_shorts</Username><Timestamp>1362443363109</Timestamp><DateTime>Mon, 2013-03-04 19:29:23 EST</DateTime><ThumbUp>0</ThumbUp><ThumbDown>2</ThumbDown><Sentiment>Sell</Sentiment></Message><Message type="ReplyMessage"><Id>1362443858734-124</Id><Topic><Title>Intel Issued $26 Price Target and Outperform Reiterated</Title><Username>alexander.dumbass</Username><Timestamp>1362437518368</Timestamp><DateTime>Mon, 2013-03-04 17:51:58 EST</DateTime></Topic><Msg>http://www.digitimes.com/news/a20130304PD206.html</Msg><Username>redwood1205</Username><Timestamp>1362443858734</Timestamp><DateTime>Mon, 2013-03-04 19:37:38 EST</DateTime><ThumbUp>0</ThumbUp><ThumbDown>0</ThumbDown><Sentiment/></Message><Message type="ReplyMessage"><Id>1362444902004-125</Id><Topic><Title>Intel Issued $26 Price Target and Outperform Reiterated</Title><Username>alexander.dumbass</Username><Timestamp>1362437518368</Timestamp><DateTime>Mon, 2013-03-04 17:51:58 EST</DateTime></Topic><Msg>"I"reiterate"You better cover son,you're playing a fools game.</Msg><Username>williamdavis960</Username><Timestamp>1362444902004</Timestamp><DateTime>Mon, 2013-03-04 19:55:02 EST</DateTime><ThumbUp>0</ThumbUp><ThumbDown>0</ThumbDown><Sentiment>Strong Buy</Sentiment></Message><Message type="TopicMessage"><Id>1362446883442-126</Id><Title>Semiconductor Sales Up</Title><Msg>Global semiconductor sales rose 3.8 percent in January from a year earlier, starting 2013 off with some growth after the past two years have seen the industry struggle. The Washington-based Semiconductor Industry Association reported global sales were $24.1 billion in January, up from the $23.2 billion for the same month last year. The Phoenix region is home to numerous semiconductor manufacturers and related companies, with more than 19,000 people in the industry. Local companies with a global presence include Intel Corp., Microchip Technology Inc., Freescale Semiconductor Inc. and ON Semiconductor Corp., among others. From bizjournals</Msg><Username>wallisweaver</Username><Timestamp>1362446883442</Timestamp><DateTime>Mon, 2013-03-04 20:28:03 EST</DateTime><ThumbUp>0</ThumbUp><ThumbDown>0</ThumbDown><Sentiment>Strong Buy</Sentiment></Message><Message type="ReplyMessage"><Id>1362447090624-127</Id><Topic><Title>Intel Issued $26 Price Target and Outperform Reiterated</Title><Username>alexander.dumbass</Username><Timestamp>1362437518368</Timestamp><DateTime>Mon, 2013-03-04 17:51:58 EST</DateTime></Topic><Msg>I'm not short INTC</Msg><Username>long_n_the_shorts</Username><Timestamp>1362447090624</Timestamp><DateTime>Mon, 2013-03-04 20:31:30 EST</DateTime><ThumbUp>0</ThumbUp><ThumbDown>0</ThumbDown><Sentiment/></Message><Message type="TopicMessage"><Id>1362447379858-128</Id><Title>Bloomberg: Apple to release its iWatch within 9 months</Title><Msg>Bloomberg reported earlier this year that Apple had a team of over 100 product designers working on a wristwatch-like device. At the time, we noted that all the recent rumors and intel surrounding the iWatch seemed like the lead up to an impending product launch. Bloomberg is out with a new report today, claiming Apple will indeed launch its watch product in 2013: Apple seeks to introduce the device as soon as this year, this person said. Apple has filed at least 79 patent applications that include the word “wrist,” including one for a device with a flexible screen, powered by kinetic energy… The watch business is experiencing a renaissance reminiscent of the cell phone industry before the iPhone. The report added information about some of the potential features of the device that we had also heard of previously, including the ability to receive incoming calls, view maps, and record health data via various sensors: Features under consideration include letting users make calls, see the identity of incoming callers and check map coordinates, said one of the people, who asked not to be identified because the plans aren’t public. It would also house a pedometer for counting steps and sensors for monitoring health-related data, such as heart rates, this person said.</Msg><Username>wallisweaver</Username><Timestamp>1362447379858</Timestamp><DateTime>Mon, 2013-03-04 20:36:19 EST</DateTime><ThumbUp>0</ThumbUp><ThumbDown>0</ThumbDown><Sentiment/></Message><Message type="ReplyMessage"><Id>1362447551697-129</Id><Topic><Title>Bloomberg: Apple to release its iWatch within 9 months</Title><Username>wallisweaver</Username><Timestamp>1362447379858</Timestamp><DateTime>Mon, 2013-03-04 20:36:19 EST</DateTime></Topic><Msg>If ARMs huge P/E ratio is not enough to scare ARM longs, then this should. If Apple is working with Intel on the iWatch, an announcement would vaporize the ARM stock price. If the release is to be within 9 months, it means an announcement could come at any time...</Msg><Username>wallisweaver</Username><Timestamp>1362447551697</Timestamp><DateTime>Mon, 2013-03-04 20:39:11 EST</DateTime><ThumbUp>0</ThumbUp><ThumbDown>0</ThumbDown><Sentiment>Strong Buy</Sentiment></Message><Message type="ReplyMessage"><Id>1362448371718-130</Id><Topic><Title>Buffet says Apple should buy back shares with its cash</Title><Username>justfine790</Username><Timestamp>1362442346036</Timestamp><DateTime>Mon, 2013-03-04 19:12:26 EST</DateTime></Topic><Msg>I think Apple just filing paperwork that they reserve the right to spend at least 25 billion to buy back shares through say 2014 would cause a stir. Sometimes just the threat is enough to get the shorts/bears nervous and spur them to move on.</Msg><Username>clrodrick</Username><Timestamp>1362448371718</Timestamp><DateTime>Mon, 2013-03-04 20:52:51 EST</DateTime><ThumbUp>0</ThumbUp><ThumbDown>0</ThumbDown><Sentiment/></Message><Message type="TopicMessage"><Id>1362448693114-131</Id><Title>Shareholders, Please Let Me Unburden You With Your INTC Shares</Title><Msg>It is such a burden to receive growing piles of INTC dividends every 3 months.</Msg><Username>debbie_downer_does_dallas</Username><Timestamp>1362448693114</Timestamp><DateTime>Mon, 2013-03-04 20:58:13 EST</DateTime><ThumbUp>0</ThumbUp><ThumbDown>1</ThumbDown><Sentiment/></Message><Message type="ReplyMessage"><Id>1362451247672-132</Id><Topic><Title>Buffet says Apple should buy back shares with its cash</Title><Username>justfine790</Username><Timestamp>1362442346036</Timestamp><DateTime>Mon, 2013-03-04 19:12:26 EST</DateTime></Topic><Msg>The only problem is the location of the cash. Most of it is located overseas and cannot be used for share buyback unless the cash is repatriated to the US with payment of the taxes. That was the reason for the suggestion to issue preferred stock. Dividends have to be paid from US cash. I like to think about what the market will do when the government announces the tax holiday/reduction on foreign earnings coming back to the US.</Msg><Username>alexander.dumbass</Username><Timestamp>1362451247672</Timestamp><DateTime>Mon, 2013-03-04 21:40:47 EST</DateTime><ThumbUp>0</ThumbUp><ThumbDown>0</ThumbDown><Sentiment/></Message><Message type="ReplyMessage"><Id>1362456461820-133</Id><Topic><Title>ARM Technicals</Title><Username>wallisweaver</Username><Timestamp>1362442456569</Timestamp><DateTime>Mon, 2013-03-04 19:14:16 EST</DateTime></Topic><Msg>yeah, but....he's right. ARMH is toast. I'm starting my short position at the open with 1000 shares.</Msg><Username>galba_imperator</Username><Timestamp>1362456461820</Timestamp><DateTime>Mon, 2013-03-04 23:07:41 EST</DateTime><ThumbUp>0</ThumbUp><ThumbDown>0</ThumbDown><Sentiment/></Message><Message type="ReplyMessage"><Id>1362456635746-134</Id><Topic><Title>ARM Technicals</Title><Username>wallisweaver</Username><Timestamp>1362442456569</Timestamp><DateTime>Mon, 2013-03-04 19:14:16 EST</DateTime></Topic><Msg>chump.weaver, The mantra is "buy low, sell high" for long positions. In the ARM case, it's "sell high, buy low". I will short if the stock fails yet again to break out past ~$44.36.</Msg><Username>atomic_celerity</Username><Timestamp>1362456635746</Timestamp><DateTime>Mon, 2013-03-04 23:10:35 EST</DateTime><ThumbUp>0</ThumbUp><ThumbDown>0</ThumbDown><Sentiment/></Message><Message type="ReplyMessage"><Id>1362458574936-135</Id><Topic><Title>Semiconductor Sales Up</Title><Username>wallisweaver</Username><Timestamp>1362446883442</Timestamp><DateTime>Mon, 2013-03-04 20:28:03 EST</DateTime></Topic><Msg>intel up too?</Msg><Username>truestar68</Username><Timestamp>1362458574936</Timestamp><DateTime>Mon, 2013-03-04 23:42:54 EST</DateTime><ThumbUp>0</ThumbUp><ThumbDown>0</ThumbDown><Sentiment/></Message></Date>