Buy,"2012 div was paid on 4/1, 7/1, 10/1, and 12/17..... (my broker4 commented about accedllerated 4th quarter being due to new tax law)"
Buy,BACK TO $1.00
Strong Sell,"Yeah, they all suck and are unamerican !!!!!!!"
Strong Sell,Great American Company !!!
Strong Sell,The Hell with them !!!
Strong Sell,"Soda stream was a product of the 1960's. I had one then. It failed then and will fail now. Its just a novelty, a passing fad."
Sell,"Not going to own a stock that fought prop 37 in California. What do you have to hide KO? Also, I don't want anything to do with a stock heavily owned by the promoter of prostate cancer, Buffet the buffoon."
Strong Sell,Working with the Vietnam commies !!!! POS !!!!!!!
Buy,I have it already. It's the best.
Strong Buy,Thank you and please keep it coming.
Strong Buy,just a click away!!
Buy,I never missed a single article from you. Thank you and please keep it coming.
Strong Buy,looking forward to that !!!!!!!!!!
Buy,KO was x-div YESTERDAY.
Hold,Again and again back to 37 of lower. I begin to hate this stock. Big investors are aware of this company had reached its profit capacity. Best times are behind us.
Hold,"December 2012 was the 10th warmest December on record; December 2011 was the 26th (out of 118 years). December 2011 was just about as warm in the northern United States as December 2012, so not really. Anyone who follows Coke knows the growth is internationally where per capita consumption is miniscule (China and India in particular) in comparison to the United States and Mexico. I don't think either Coke or Pepsi are sitting idly by without other beverage alternatives to soda."
Hold,awesome news
Hold,news like dreams
Buy,"Cool. Enjoy your future case of fibromyalgia from the aspartame. What do you think caused all that ""Gulf War Syndrome"" (i.e., fibromyalgia) after the FIRST 'Gulf War' (1991), whereas there was little to none after the SECOND 'Gulf War' (2003)? The difference was, in 1991, we shipped case after case of Diet Pepsi, which sat out in the desert heat before being iced and drunk...we pumped those soldiers full of aspartame...whereas by 2003, bottled water was the ""in"" thing and so in 2003, we sent in case after case of bottled water...no aspartame. I have asked every doctor I know about their opinion of aspartame and not one has ever had a kind thing to say about it. They tell me to avoid it like the plague."
Hold,awesome news
Hold,news like dreams
Buy,"Most stock splits seem to result in an intial drop, no big deal. Long term investors will reap great returns from this split over time. Just be patient and use dividend reinvestment."
Strong Sell,"Yeah that's a real knee slapper. Explain to me then why it hasn't been listed again. All I can say is ""Good Luck"" and I will go one step farther expect to see a copy of it hitting a store near you very soon!"
Hold,great report
Hold,technical information. thanks for this.
Hold,"nice report, thanks for this!"
Hold,ANY OPINIONS
Hold,"War on sugar, strong dollar, and weak demand overseas. And Coke's response is to buy back some shares?"
Strong Buy,"Going to give this a try with 12 million shares at 0.0008. Don't think it Can go any lower, can only go up from here. 12 million shares X .10 cents = $1,200,000 profit. The profit potential on the upside is massive. This could help RECOVER all my losses for the YEAR. Will buy more shares on news."
Sell,yet the stock price keeps going higher. Sounds like irrational exuberance to me.
Hold,full detailed report. thanks.
Hold,technical information. thanks for this.
Hold,Helpful report
Hold,"Useful tips, I subscribed"
Hold,Awesome report
Hold,awesome news
Strong Buy,Like the idea of flavor drops.
Buy,"Allow me to warmly congratulate you on being the single dumbest person to ever post a message in this forum. You fought through some very tough competition to get where you are, even surpassing someone who believes that they are a duck. Again...congratulations, you drooling idiot."
Strong Buy,real strong move this morning; tried to drop then came back to new hod
Buy,I bet you can't wait to try it.
Hold,"I was wondering if anyone has seen any analysis on what short or long term effect this could have on KO earnings? Would the market for KO stock react on November 7 if the proposition passes? The reason I ask is that Coca-Cola has spent a significant sum opposing the measure along with Pepsi co, Monsanto, Dow Agri etc. etc. Therefore I assume they would view its passage as being negative for earnings."
Strong Buy,Got it. Good job mate.
Hold,"tejdem, During Winter months, most soda or juice companies will suffer less sales because some people don't drink cold liquid in cold days. That's normal and we shouldn't be surprised by that. Relax, sales will increase alot more when warm weather starts."
Hold,"mipguru, don't know why but they should."
Hold,"juan, write to the company and ask for a special divi, it might work if many shareholders do that."
Hold,"I'm pretty sure letters from individual shareholders end up in the circular file. Now, if I were Warren Buffet..."
Hold,Spammer you must be registered on more junk sights that there are lies being told everyday.
Strong Buy,"This stock has a history of spiking after it splits it did so in 96 and has yet to spike yet,but the tell tale reason that you should be this stock for the long term is the price, especially if you reinvest divys. If you bought $2000 worth of coke at pe-split lets just say at 76 you would have 26 shares with a divy of 0.51 per quarter, which at 76 a share basically gives you $13.26 divy divide that by 76 and you would get 0.17447 shares through reinvestment. However, if you bought $2000 at 38 you would 52 shares with a divy of 0.255, which at 38 a share give you the same divy $13.26 however, with reinvestment you would divide 13.26 by 38 and you would recieve 0.3489 shares. So its simple this is a great time to start a position in coke now rather than wait for it to climb back to the 60-70 level which is inevitable and in the meantime racking up more reinvestment shares at cheaper prices as it rises back up. Just my opinion for anyone considering to start a position in KO. Good luck all."
Hold,"I've held a position in KO for some time. On a cost basis I am way ahead. It's a bloody institution for Pete's sake. In some parts of the country it's the generic word for pop/soda. If you're long, as I am, it's a gold mine."
Strong Buy,time to buy...
Buy,you are right. But i knew that. I sell the call if price comes at or below $37.00. Instead of that i wait!
Buy,"I am option-trader. Better stop with that bacause of time decay. It has to eliminate the $38-$40 price-level. Looks not -at the moment- very convinced this will happen. Maybe in coming January to the highs of past summer and after that new, higher stock prices."
Strong Sell,soda is bad for your health. switch to water
Strong Buy,"Every time this stock goes down more than .5% I load up! Only makes sense. The single best stock to own - past, present, or future."
Strong Sell,"paying for water, that is outrageous. water should be free ^___^"
Strong Buy,PCFG and VALE are on FIRE!!!!!!!!!!!!!!!!!!!
Strong Buy,"Yeah, academy awards across the bored for these used car salesmen"
Strong Buy,watch and learn folks...
Buy,"When most people write ""here's"", they usually follow it with whatever it is they wanted to present, you clown."
Buy,Why isn't FLYING ????
Buy,In august it dropped mainly due to corn futures rising. As we know corn syrup is the sweetener content not just in coke but most beverages in the US. From the fake natural juices to carbonated drinks.
Hold,"The secret recipe for trolling must be to write a post filled with lies. The warehouses are filled with pallets of kosher Coke. You see, stores have to want them in order for consumers to get them. If stores don't want to sell it, it stays in the warehouse until it is donated to a food bank. Make sense to you? No, but I'm optimistic."
Buy,Hamburger but not steak? Nice logic.
Hold,at least someone is buying lol
Buy,Best of luck to you and your hyperposting hobby.
Buy,I'm looking for great articles. Nice to be here.
Hold,Has KO hedged its input cost for corn syrup? I thought the record corn prices would have an effect on that this year.
Buy,I got it. It's awesome.
Strong Buy,YES !!!!!!
Hold,"Worked for Coke before Roberto C. Goizueta, died and the stock topped $85/share. It split 3 times when Goizueta was running Coke. Dropped like a rock when he died and the shares that just split are the same ones that sold for $85 in July of 1998. KO is a great company but it isn't magic. Stock price is directly linked to consumer sentiment (emotion). Those of us that held shares in 1998 have waited for 14 years to get close to those valuations."
Strong Buy,"I added more to my position today. I felt this was a decent entry point based off some analysis I did. Sure, may pull back further but I was ok with around today's price."
Strong Buy,..imho
Hold,Is that possible? I think it is just to early to reach this. The EPS-trend is very stable growing but not accelerating imo.
Buy,"Well what I will say is that as a long time hold, I am pleased with the periodic bounces to the upside and how the price uptrends with the hold and waiting game. I am not sure about your price, but, I think we are ok here and will rise on the good trading days. I wish all a great Thanksgiving."
Strong Buy,Their delicious.
Strong Buy,"ATTD distribution agreement announcement, 2200% GAINS POSSIBLE ,READ WALMART DISTRIBUTION AGREEMENT ANTICIPATED BY SHAREHOLDERS.TRADERS SUGGEST ANNOUNCEMENT COMING ANY DAY NOW. Attitude Drinks, has recently announced record orders and expanded distribution of their recently launched Phase III Energy Recovery drink and brand, and has made tremendous progress as of late, by increasing that distribution to the likes of Walgreen's in Florida and Sam's Mart Stores in the Carolinas and Georgia. ATTD is expected to pull in tens of Millions. Analyst suggests ATTD is ready for a MASSIVE BREAKOUT. This Stock price has the potential to 5cents to 20cents. And buying the stock for nothing at 0.0009 will bring unbelievable profit. Buying 1 million shares@ 0.0009, cost= $900. Sell 1 million shares@ 1 cent = $10,000 or 5 cents= $50,000 With 2200% gains, ATTD can turn around your losses and bring your trading account back positive."
Buy,"Same here. KO's brand recognition is second to none. As a pure beverage play, it has and will be around for some time. PEP has now left the arena as a pure beverage play with its Frito lay and other consumer snack goods. Both are outstanding companies battling it out by investing heavily in foreign markets and new product development. I can see why The Street is keen on KO. I like KO's response to health issues by moving more into flavored water areas, and investing in orange groves in Florida for their orange juice sector amongst other things. Yes, we are still effected by commodity prices but you have to remember that a company such as KO or PEP do not just haphazardly survive but have long term strategic plans. As Mr. Buffet says, best way to learn is from mistakes is to explore what made a company fail. Overall, both companies are prospering and will continue to do so. Even more so, there is room to grow in this area. Just ask the folks at Soda, Starbucks, and Dr. Pepper. I am long on KO and I prefer to drink Coke Zero as my favorite soda beverage. I like the fact that I can take my soda with me and pick up one anywhere I go. Unlike Soda where I have prepare my drink just to save a few pennies. Makes me think of those off brand sodas at the supermarket that try to be like KO or PEP but fall short on the taste quality of both beverages."
Hold,Most TA-websites point to this price-level as an important (first) resistance.
Sell,I'll sell - plenty of other promising fish in the sea !
Buy,"So you are smarter than the vast majority of analysts who call KO one of the single best stocks to own? I own a hefty number of shares in this company and will continue buying. You go after those ""other fish."" :)"
Strong Buy,Continue sharing this to us please. Thanks in advance.
Buy,I like your free article.
Strong Buy,"I'm a millionaire and I'm doing swimmingly! Make sure you working zombies vote for Mitt, so I will not have to pay any taxes on my dividends and cap gains! Now you drones get off Yahoo and get back to work! I'm going to play tennis!"
Strong Buy,What are you talking about?? Obama a Christian......big laugh
Strong Sell,Obama is in Christ... what about u madame?
Strong Sell,WoW!!! Unreal !!!!!!!! That's American Company for You !!!!!!!!
Strong Sell,"I will never buy annother soda from this P.O.S. !!!!!!!!!! If you are an American , You will Dump your Shares Now and Boy Cott !!!!!"
Buy,Wise choice...I would rather see you use your money to buy a fourth-grade education.
Strong Buy,Coke is King! Strong Buy!
Buy,This is what I am waiting for. Thanks for giving out this article for free.
Buy,I am from Chicago. I love your article.
Strong Buy,Never heard of it but you give me the feeling that it comes with a fat helping of spam.
Strong Sell,Pressure will build as obama care becomes more expensive-sell long term
Strong Sell,A lot of doctors believe would keep kids from being big fat. Diabetic grown ups
Strong Buy,"True! Schools might kick out the vending machines , but do kids really want to drink milk? What do kids grab outside of school to drink? Coca cola has initiated a healthy campaign to fight obesity, which is good but old habits are hard to break.. what do people ask for at the bar? a Captain n juice? Jack n juice? no my friend... Coke !!"
Strong Buy,if Obama bans coke for kids..??..? LMAO!!!! Good luck
Strong Sell,EARNINGS SHOWED BAD TIMES AHEAD-SELL ON
Strong Buy,any thoughts?
Strong Sell,As obama care pushes doctors to put weight limits on patients-sugar drinks will be first on list of products banned by doctors-coke needs new product fast
Strong Sell,OLD SUGAR DRINKS THING OF PAST BAD HHEALTH
Strong Sell,Poor apple trying-but what in the world is ko doing
Strong Buy,Obama cannot regulate peoples personal choices and doctors can only make recommendations...
Hold,"KO had a bad quarter....bah hah ha....it was the weather. Pepsi is selling 4 12pk for $9. that is a sale........Coke trying to elevate their prices to make up for the ""bad weather? I guess as their sale if 4 12pks for $11......Well not that much of a difference............go with Pepsi till the price drops....................."
Strong Sell,Next step is to force people to obey or refuse hospital care-new obama world
Strong Buy,"as soon as people stop buying/selling put options and trash talking the number one rated beverage company in the world, the company returns to normal investing status... don't be fooled ..KO will hit new highs and pay dividends in the long run as it has been for the last ""x"" number of years.... buy on !!"
Buy,"MITT ROMNEY IS MORMON... vs. OBAMA IS CHRISTIAN, you choose..."
Buy,What are you asking?
Sell,I f you to hold a stock for 75 years with no real prospect of growth this one is for you. BORING.
Sell,"JC Penny, Sears ,Coke. At one time they really had a handle o nit. not so much any more. This is dead money."
Sell,NO GROWTH.
Sell,NO GROWTH.
Sell,NO GROWTH.
Sell,Fact.
Sell,Fact.
Sell,Fact.
Sell,One with out additives and a sugar content high enough to cause a diabetic seizure.
Sell,"The market for these items are uneducated Americans, and uneducated ignorant undeveloped countries around the world who don't have a clue. Sooner than later their governments will wise up regardless of the tax revenues generated. Even with those unsuspecting countries KO growth is history. 4% amounts to very little compared to the marketing dollars at work here not to mention saturation. This stock is old and tired just like the majority of the shareholders who on it."
Strong Buy,who on it ? WB dats who
Strong Buy,"Dasani water with minerals. Coca-Cola uses tap water from local municipal water supplies, filters it using reverse osmosis, adds trace amounts of minerals. Tap water, RO, add salt etc. Pure and simple and I suppose reasonably healthy. One needs to drink fluids so water is a good way to stay alive"
Strong Buy,Ha! You obviously have never run a profitable business...
Sell,Dead money. Great for old people who have held the shares for years and don;t really care for growth. The additional dividend does help pay retirement home costs. so that's a plus. Anyone under 70 years old might want to consider more growth when buying a stock.
Strong Buy,I see a much bigger one this year
Sell,"So what is his reply out of all of the KO products ? Water. Sad when that is the best ""product"" a company ""produces "". Maybe they should be in the Water Utility business."
Strong Sell,Could it be SodaStream is making an impact in Europe?
Sell,OLD AND TIRED.
Sell,OLD AND TIRED.
Sell,OLD AND TIRED.
Sell,OLD AND TIRED.
Sell,OLD AND TIRED.
Sell,OLD AND TIRED.
Sell,OLD AND TIRED.
Sell,OLD AND TIRED.
Sell,OLD AND TIRED.
Strong Sell,Soda is having a tremendous year. Do your own research.
Hold,"ko bottles minute maid orange juice, does that count"
Strong Buy,"Your question was answered, you made no reference as to it being the ""best"". Water which we are encouraged to drink 8 times a day is the essence of good health as without it we're probably dead ie not healthy. There are no ""additives"", it has no sugar, and will not cause a diabetic seizure. A healthy person is a well hydrated person."
Strong Buy,"The reality is... there is only one ""healthy drink"" - its called water. All the others are not. That includes, coffee, tea, milk, soda, etc. So get off your high horse already."
Strong Sell,That's what you get for going over there !!!!! Sorry A*s co.!!
Buy,"Did anyone catch the conference call? I believe, that, as much as Coca Cola is primarily a soft drink company, it is, as well, a water company, and all that goes with it, such as conservation, water technology and reclamation, just to mention a few diversities."
Sell,Dead money. There are much Greener pastures. I like making 32% PER YEAR. Great for getting a check every 3 months to pay your retirement home costs though.
Sell,I'n serious.
Sell,I'n serious.
Sell,I'n serious.
Sell,I'n serious.
Sell,Good try though.
Sell,Good try though.
Sell,Good try though.
Sell,Good try though.
Sell,Good try though.
Sell,Good try though.
Sell,Good try though.
Sell,Good try though.
Sell,Good try though.
Sell,Good try though.
Buy,Continue sharing this to us please. Thanks in advance.
Hold,Just positive articles on SA but now we see the real thing. I hate this stock!
Sell,Sorry to disappoint you.
Sell,Sorry to disappoint you.
Sell,Sorry to disappoint you.
Sell,Sorry to disappoint you.
Strong Buy,BREAKING OUT!!
Strong Sell,What kind of co. is this ????????????
Hold,"yes, i am 54 and bought at a split adjusted 22 per share, plus dividends. it's a money maker"
Buy,"sounds like the same story I heard in the 50's,60's,70's,80's. It's to old and has no way to go but down."
Strong Sell,"Very unhealthy products, according to various physicians. This will hurt sales abroad and I think the momentum is picking up."
Strong Buy,"Wassamatta, bunky, cain't get you a job? Got no girrrl-friend? Got nuthin' to do but razz a stock you wish you had some of? Poor Baby!!! Nice buying opportunity."
Buy,This is what I am waiting for. Thanks for giving out this article for free.
Hold,"How greedy we all are!! I don`t understand that corporations consistently increase profits yet their stock goes down,something is fundamentally wrong with this picture,can someone please answer this intelligently."
Strong Sell,"It is becoming the RJ Reynolds of colas. Well, all they need to do is punch a few numbers into the high frequency trading computers in New Jersey, grease the palms of CNBC and the price will fizz up."
Sell,Coke/Diet Coke is sure good for removing battery acid off of your battery terminals on your car.
Sell,Water.......................That has been my favorite so far. Yep.
Sell,"Goog thing KO ""produces"" water."
Sell,"Goog thing KO ""produces"" water."
Sell,"Goog thing KO ""produces"" water."
Sell,"Goog thing KO ""produces"" water."
Sell,"Goog thing KO ""produces"" water."
Sell,"Goog thing KO ""produces"" water."
Sell,Only people 70 years of age and older own this stock for the 2.6% dividend.
Sell,How is the retirement home working out hobbytruckero06 ? So where you born in 1906 ?
Sell,You are the best comedian Atlanta has to offer on any street corner. All you need now are some tap shoes.
Buy,yep Im 30 and doubled my holdings today in fact.
Sell,"So I guess hold is the next best thing to a buy. My point,"
Sell,If you believe then do it. I consider it dead money.
Sell,Good question.
Sell,Good question.
Sell,Where is it coming from with KO ?
Sell,Old and tired. company.
Sell,Old and tired. company.
Sell,Old and tired. company.
Strong Sell,Could be lower.
Strong Sell,Could be lower.
Strong Sell,Could be lower.
Strong Sell,Could be lower.
Strong Sell,Could be lower.
Strong Sell,Could be lower.
Buy,"48.03 Billion in Sales compared to 46.55 Billion in 2011, PROFITS... were 9.2 BILLION OR 2.01 Per Share compared with 8.9 Billion or 1.92 per share a year earlier,this is absolutely fantastic !!!!! and the stock goes down,read the real information and judge for yourself,it`s all right there in their earnings report, stay informed."
Strong Buy,Obama lied and the economy died. The Muslim dictator must go.
Strong Buy,Obama lied and the economy died. The Muslim dictator must go.
Strong Buy,Yeah supermarkets have really jacked up the price of Coke lately for some reason but they left Pepsi alone probably because they know Pepsi sucks. I go to a Dollar Tree or a Walmart and get my 2 liter bottles of Coke for $1.30 or even $1 if it's on sale. Definitely stay away from the 20 ounce bottles unless you like getting raped. Coke lover forever and a great stock too.
Strong Buy,Is KO now trading less than low in March of 2009. Low in 09 $ 19.55. Times two before the split. The stock was trading then at $ 39.10. Is this true?
Strong Sell,Ohhhhhhhhhhhh !!!!!!!!!!!!!!!!
Buy,"Remember what happened before Obama was elected last time? Keep watching that 20th Century Fox News, though."
Strong Sell,15 insiders sold 45M so how low will it go?
Buy,"Where did you ""read"" this? Assuming you're not just out to sink GEVO by making a claim with zero credibility."
Buy,"Looks like I gave you too much credit. You truly are clueless. If you actually did any research, you would have already known that what I posted was true. ""Foods contributed 67% of calories from added sugars compared with 33% from beverages"" http://www.cdc.gov/nchs/data/databriefs/db122.htm"
Strong Buy,Things Go Better WITH Coca-Cola.
Strong Buy,Buy Coca Cola
Strong Sell,This is one of the few countries where they can get away with it. I hear they are changing the formula to use HFCS in Africa.
Buy,I'm subscribed. Cool
Strong Buy,"It looks like the bottom has firmed up around $37.50 if you're looking for a point to buy. If it falls below that from here on out it will be intraday and bought quickly. The price action can be confusing when they fall fast, bounce, and give back some of the bounce, but the moving averages smooth all that out. Again if you are looking to buy this point will look good to you in a few weeks."
Strong Buy,absolutely right on!!
Strong Sell,Nope !!!!!!!
Strong Buy,"Very good price , going to $40 11/20/12 KO board"
Buy,"KO, is the leader in soft industry. It know how to handle the competition and grow at the same time. Strong management, is always looking into new area to increase."
Buy,"""10x much salt""? One 8oz serving of plain soy milk has 150mg of sodium. One 12oz serving of Coke has 45mg of sodium. Based on your comment, Coke would be better for you. I'm sorry but you're an embarrassingly poor salesperson. With promotors like you, Sodastream has no chance. You didn't even need to mention the #1 complaint about it, which is the outrageous cost and hassle of replacing the carbonation cartridges. Analysts who have studied the cost savings concluded that the machine doesn't break even on cane sugar syrup until you reach your 360th serving, and that's without the added costs of replacement bottles and cylinders. I don't know what it is that you're addicted to but I suggest you try to sell it somewhere else."
Buy,Ok thanks. I will take a look at this.
Hold,i checked for the last ten years they announced on thursday.
Buy,I'm subscribed. Cool
Buy,I got it for free. Thank you
Hold,"not really sure why, but it appears this stock is heading toward lower lows, perhaps toward low thirties sometime in January? Anyone have any ideas what's going on? I'd like to pick up some more shares around the $32 level (3% yield bogey)"
Strong Sell,I like the chart of Sodastream. The new competitor for KO. A competitor like they have never faced. I would buy it just to hedge your bet. KO is actually looking pretty top heavy right now. Giants do fall. Especially when an old company is reinvented and takes out the microsofts hewlet packers of the world. Meet the giant killer. Meet the company about to cut KO's achilles tendon.
Buy,Cool picks. Please always share this to us.
Strong Sell,POS !!!!!!!!! Unamerican !!!!!!!!!!
Strong Buy,I believe that anything under a pps of $37.00 is a buying opportunity. Watch for the dividend increase announcement coming soon IMHO. Ex-date will be in a couple of weeks as well.
Strong Sell,how can any americans buy this #$%$ !!!!!!!!
Buy,This is what I am looking for.
Strong Buy,"Where's the ""IGNORE"" button? What happened here? Yahoo removed the ""REPORT ABUSE and IGNORE"" feature?"
Buy,You can't even spell...... look at your posts......Jackwagon.
Strong Sell,Ok cool. I will check your article out.
Strong Buy,This is a great time to increase our stake; good entry point on a stock that is promising and delivers all the time.
Buy,I have entered my email address. Waiting for the update.
Buy,"The last 6 announcements have been on the 3rd Thursday in February. This year, that will be tomorrow if they're consistent. I have no idea on the amount but .02 would be consistent with past actions."
Strong Buy,"Not just possible, but PROBABLE in my opinion."
Buy,"To be reasonable, it's also possible that I could win the lottery, get bitten by a radioactive spider, and receive a marriage proposal from Kate Upton by the end of the year."
Strong Buy,Cool picks. I love it.
Strong Buy,Nice work.
Buy,Thanks for giving out this article for free.
Strong Sell,Ohhhhhhhhhhh !!!!!!!!!!!!!!! KO S**ks !!!!!!!!!!!!!!!!!!!!!!!!!!!!!!!!!!!!!!!
Buy,don't care if either one worships a fornicating parrot with a pencahnt for goldfish if he can make the stock price go thru the roof!
Buy,I love this article. Keep it coming.
Buy,I just joined.
Buy,Thanks for sharing this article.
Buy,Nice work.
Hold,yes march 13 is the ex dividend date.
Buy,"We are not voting today for the President of the USA Church. We vote for the person capacity and plans on making the USA the best country in the world in the greatest possible number of ways both domestically and internationally. What religion we are today or not today is not what counts, but, what religion you finally belong to at the twilight of life and upon approaching death. Our GOD gives us so many chances to discover the truth and repent and become born unto him and seek full free graces of ever lasting life."
Strong Buy,Did I hear that 2 long time executives were retiring?
Hold,Coca-Cola Veteran Directors Keough and Williams to Retire
Strong Buy,"The dividend seems like it should be in March, discounting the early November ex-date."
Hold,the company just raised the dividend yesterday with a payable date of 04/01/2013.
Buy,"That’s one more holier-than-thou eco-brand selling out to The Man: Coca Cola KO +2.00% has boosted its stake in the UK’s Innocent Drinks, which makes bottled fruit smoothies and tries to change the world in the process. It took a majority share of the company in 2010, although its founders retained operational control up until now. Coke’s stake after the latest investment is above 90%, and the founders will step back from day-to-day management and join the company’s executive committee. Innocent’s smoothies have been a big hit in the UK and Europe, as food and drink companies like Coca Cola are paying more attention to the market for healthy processed food. Coca Cola owns a similar line of products in the U.S., Odwalla. Growing pressure in Washington for a regulatory answer to America’s obesity crisis adds a political incentive for big food players to boost their healthy lines. Innocent likes to let its customers know it donates 10% of profits to charity, uses only sustainably farmed ingredients, and so on. Its packaging also invites customers to drop in to its offices for a “chat” if they want to know more, including the company’s office address and a phone number. The company joins a noble list of small businesses that built their brands as alternatives to the big, sterile corporate behemoths they were competing with, only to end up as units of those behemoths once the numbers made sense for an acquisition. Ben & Jerry’s has long been a unit of food giant Unilever ULVR.LN +0.54%, and the Body Shop is part of L'Oreal OR.FR +2.60%. Has selling out to Coca Cola been worth it? Absolutely, said Innocent’s co-founder Richard Reed in a statement announcing the latest deal. “They have been hugely supportive of our mission of getting natural, healthy foods to more people and have been 100% committed to protecting our brand and the values it stands for.” --- Has any boy tried the Odwalla brands"
Strong Buy,"Let that be a lesson, don't soak your eggs in Coke. However your body needs the Phosphorus to make strong bones."
Buy,"A lot of produce is transported on rail cars, too. I guess that means vegetables are bad for us, based on your stellar logic."
Strong Buy,stock to watch today around closing
Buy,I'm looking for great articles. Nice to be here.
Strong Buy,"Check out CERP renewable plastic, rumor with Pepsi"
Strong Sell,Energy drinks are under fire from FDA . Major inpact on bottom line.
Strong Buy,Good place to be in these times.......
Hold,"Own them both! Different sectors, less exposure in either."
Buy,who cares what prop 47 says?
Buy,sodastream is a fad.
Buy,#$%$. An American? A POS? I guess Buffet doesn't know anything.
Buy,All you have to do is look at the glowing reviews of Sodastream on a website like Amazon from customers who bought it and love it. Even they say that it isn't a cost savings. Even they say that it is more of a cute novelty item than a replacement for store-bought soft drinks. You couldn't sound like any more of a goofball if you said that Pajama Jeans were going to put Levi's out of business.
Buy,Thank you for your patronage. I paid $.77 for 2 liters last week.
Buy,What a mass with the stock. Now for 3 months about $38.00 Today they made the decision to move it to the south for coming months? It really looks like.
Hold,go play in a busy intersection during rush hour. you spammer
Buy,"Buy Coke products, get a code, enter the code to get points, redeem the points for merchandise. Sounds straightforward to me. The only carnival act here is you, clown shoe."
Strong Buy,its been a rough road to the money tree
Strong Buy,I love Coca Cola products and so do many..............so many other people.........if it is poison how come the oldest board member is now retiring at 85 ...how come it didn't kill him earlier .....you should be screaming at the alcohol producers they are the ones causing misery
Hold,That's what they said when Fizzies came on the market in the early 60s.
Strong Buy,"KO strong buy, we should be back to 40-42 levels in a week time."
Strong Buy,And rush of puts for January's.....is it headed down or is the upward trend continuing. If it does dividend will become smaller
Strong Buy,Billionaire T Boone Pickens Increased Shares of CLNE Clean Energy Fuels. KO CBIS HEMP
Strong Buy,MJNA Medical Marijuana stock for 10 cents before the rumors
Hold,$48.00 by next summer.
Hold,massive volume 50% of average volume in the first 30 minutes of trading!! This looks not good! Nut maybe it is because of option-expiring.
Strong Buy,"Wednesday, June 19, 7:00 AM ET Credit Suisse initiates coverage on Coca-Cola (KO) with an Outperform rating."
Strong Buy,36$
Strong Buy,Glad you shared this to us.
Strong Buy,WOW - Take a look at ABCD and EFGH along with IJKL they are ready to ZOOM - they have been around for a LONG time - never to late to jump on for the next RUN UP - DO IT NOW....You will not be sorry!!
Strong Buy,Blame it on the price of GAS!!!!!
Buy,I believe 6/12 is the X-DIVIDEND date not the stock of record date.
Strong Buy,The name game is a fad that will appeal to a limited few and will be shorted lived..hope ko dosen't sped too much $ on it.
Buy,This might have sounded better about ten years ago. Flaunting placements in businesses that are closing stores faster than I can type this message isn't a great selling tactic.
Buy,anyone?
Buy,"Christian brings people to our Lord Jesus Christ..... not bash Obama, a brother in Christ..."
Strong Buy,"if market will lose 1% daily yes u may see that soon. good price anyway. anything under 40 is a buy for me , buy under 34 will buy tone. long holder. in few years back to 60-80 range can go wrong . good company treated me well past 25 years"
Hold,very useful info
Buy,No!
Buy,Nothing in particular. Just a VERY short period (and move) in a VERY volatile market. Don't sweat these kind of moves.
Strong Buy,"maybe next week announcement ; increased stake in Coca-Cola. as this Friday closes out first 1/2 of the year. To be honest; I have been studying the TAPE and it seems a lack of buyers in the past 3 weeks...since june 7th. Seems some BIG-Holder of ""KO"" was trimming there holdings and on each ""ask"" ...someone accumulated."
Strong Buy,"Folks : All the excitement starts on Monday July 1st: - New Buyers : portfolio dressing. -Wouldn't be surprised if WARREN announces increased stake in ""KO"" -Earnings on July 16th : Blowout Earnings : - Possible announcement stock buyback: - may surprise with a Dividend Increase: - New Markets ; New products - Breakout profits in China - With ""Dow"" @ all-time High heading to 16000+..... - ""KO"" heads to $45+."
Buy,"Stop the flood, chief. Adopt a puppy if you're this bored."
Buy,I have it already. It's the best.
Strong Buy,Strong Buy!
Buy,"just maybe, PEPSI is a better buy at this point."
Buy,OBama is a Muslim....get it straight....
Strong Buy,CBIS & AONE are on FIRE!!!!!!!!!!!!!!!!!!!!!!
Strong Buy,Yeah baby!
Buy,I believe its a fad that will pass. Would be interested in what you think.
Buy,Not at all. It's like saying frying pans are a threat to McDonald's.
Strong Buy,"I read a comment somewhere that simply said, ""DERP!!"". I believe that would be the proper reply here."
Hold,"up a bit and down all the way till march 06/09 - the best ever ""buy point""...i am still hoping for $35.5 or lower"
Buy,How did that Mitt Romney thing work out for you?
Buy,KO is moving in April to a non suger drink line - plus are already a major player in Coconut Water health drinks - try reading - KO is positioning itself for the future markets
Buy,you are clogging up the message board with your nothing comments
Sell,Non sugar meaning artificial (aspartane) sweetner ? As always READ the LABEL. By the way are there ANY KO products sold at Whole Foods ? ANYTHING sold there goes through a rigorous process of approval. I can't say I have seen ONE KO product sold there.
Sell,LEARN to Live with it J O H N.
Sell,"Pays that ""great"" 2.6% dividend though."
Sell,"Pays that ""great"" 2.6% dividend though."
Sell,"Pays that ""great"" 2.6% dividend though."
Sell,"Pays that ""great"" 2.6% dividend though."
Sell,"Pays that ""great"" 2.6% dividend though."
Sell,Stock really doesn't go anywhere.
Sell,"Up a few cents ,down a few cents."
Sell,I would agree renault0. There are many closed minded people who settle for a 2.6% dividend vs. growth.
Sell,Beats nothing I guess. Equal to a 10 year Treasury bond that is TAX FREE.
Sell,As I said before the 2.6% dividend provides a little extra cash to pay the bills.The share price really doesn't do much.
Sell,Healthy new products are needed for growth.
Sell,No growth and wise people move on.
Buy,"@retirementhomestock: Yes, we know what you think of KO. And no, we don't care."
Strong Buy,"All the more business for Wendy's, which has a better product line."
Strong Buy,Dividend is KO going to raise on the next announcement?
Strong Sell,POS !!!!!!!!!!
Strong Sell,What a POS Co.!!!!!!!!!!!!!!!! Anyone who own this #$%$ is not an american !!!
Buy,Good job. Informational article.
Strong Sell,pos !!!!!!!!
Strong Sell,ko making money on the blood of our kids !!!!
Strong Sell,making money on our american blood !!!! Unreal !!!!!!!!!!
Strong Sell,POS!!!!!!!!!
Strong Sell,I don't own this pos!!! IAnd I won't buy thier POS products !!!
Strong Sell,what a pos!!!!!
Buy,Good job. Informational article.
Strong Sell,buy into a company that does not use american blood to make money !!!!!!!!
Buy,I have entered my email address. Waiting for the update.
Hold,SPAM SPAM SPAM
Buy,Agreed!!
Buy,Stores will charge as much as people are stupid enough to pay. Thats your answer.
Buy,down like almost 2%???
Buy,"Did you think this was breaking news? Nobody denies that consuming sugary beverages increases the risk of diabetes, just like drinking alcohol daily increases the risk of liver disease, driving to and from work every day increases the chances of dying in a car accident, and posting outlandish alarmist threads like these increases the chances that you are a complete moron."
Strong Buy,"agree, traded ex div. yesterday, should see suport levels in the low 40's"
Strong Buy,"What I said a couple of days ago is based on the KO charts and not the stars! KO will move over the next couple of weeks and be in the range 41-43, as it will most likely cross the MA(50). Loading on the Sep calls 38.75 would be a great move!"
Strong Buy,"KO share price is only 0.24 cents away from the MA50, crossing this from below is a very bullish move and typical the share price in the past has moved 5%-10% within few days. What all this means, in addition to the Buy confirmed signal, we are heading up very quickly to the 40's level in few days."
Hold,"You may be correct,but someone is not doing their job their sales should be growing. At a forward pe of 17 not a cheap stock and the dividend could be better,management shake is definitely needed!"
Buy,KO is one of the bluest of the blue chips. Smart money will consider this a buy opportunity.
Strong Buy,"agreed; he didn't come across well; joe k was skeptical just like you ""blaming the weather""??? they had a bad q question now is where is this a buy"
Hold,"What sort of changes do you expect to come with KO? They are dissapointed with their Q2, so maybe a buyout or change in beverage?"
Hold,Cya..
Buy,You are right. I bought after the open. As close to free money as you are ever going to get.
Buy,"Yep, SHOULD have BUYING instead of SELLING!"
Strong Sell,Sugar drink age over -unless you want bad health and death
Strong Sell,RUMOR-SUGAR DRINKS BANNED FOR ALL KIDS
Strong Sell,Maybe obama will ban for all fat people who are diabetic too-so they will not die
Sell,"If or when you are searching for info on the subject of the stock market, then you should certainly see this... Link:- 7DOTly/pQz"
Strong Sell,As ko losses sales in developed countries-sugar drinks for fat people only with bad health-the y will have to find undeveloped countries who ard ignorant of danger to health-hard to do
Strong Buy,"in the last 20 years KO has gone up 250%... Warren Buffett owns it and ""wouldn't ever sell a share""... buying opportunity my friends... that's all this is.."
Strong Buy,"what, is coke gonna stop production of their product tomorrow? LMAO!!! Buffet owns it, KO is the leader in soft drinks and America is full of fat people... Buying opportunity is all this is.. and if it tanks lower, I buy more.."
Buy,To match what's in your pants? No thanks.
Strong Sell,Warren buffet needs water not sugar drink-if he has any ko shares -he should sell and set good example for health
Strong Buy,Is anyone still holding for long term? Expecting a bounce back tomorrow?
Strong Buy,"In the clean-transportation sector, for example, a Boston Consulting Group (BCG) study in July 2011 predicted that China will be the world’s largest market for EVs by 2020, surpassing Europe and the U.S. The study found that about 13 percent of consumers in China say they are willing to pay a premium of $4,500 to $6,000 for a green vehicle (EV or hybrid), compared with 9 percent of Europeans and just 6 percent of U.S. car buyers. BCG projects sales of five million EVs in China in 2020, up from just 2,000 in 2010. In India, pioneering EV manufacturer Mahindra Reva has opened more than 20 sales... In the 21st century, however, the U.S. consumer market represents literally a tiny fraction of the overall picture. International commerce experts know, but many people are shocked to learn, that at least 95 percent of the world’s consumers live outside the U.S. Not surprisingly, the meteoric rise of China’s middle class leads the way. Credit Suisse predicts that China’s consumer market will reach $16 trillion by 2020, surpassing the U.S. as the world’s largest—with a projected 700 percent growth in per capita income from 2000 levels. In 2000, fewer than 10,000 hybrid electric vehicles were being driven on U.S. roads, and only two models, the Honda Insight and the original Toyota Prius, were available worldwide. In 2010, more than 1.4 million U.S. motorists drove hybrids, and 30 models, from carmakers in Asia, the U.S., and Europe, were on the world auto market. Ford, the number-two automaker in the U.S., has predicted that by 2020, one of every four cars it sells will have electric power, either as a hybrid or as a 100 percent electric vehicle (EV). Perhaps more important, the vast majority of the world’s largest corporations, for a variety of reasons, care about carbon. In 2010, 409 of the S&P Global 500—and more than 3,000 companies overall—responded to the annual CO2 emissions tracking survey of the Carbon Disclosure Project (CDP), a British nonprofit advised by PricewaterhouseCoopers. More than 550 institutional investors worldwide, managing more than $70 trillion in assets, use the CDP’s data to help shape their investment decisions. And the fastest-growing area of CDP tracking is the GHG impact of corporate supply chains. Led by the pioneering work of Walmart and others in mandating sustainability initiatives among suppliers, the number of Global 500 companies reporting on their supply chains’ carbon footprints doubled in just two years, to nearly 50 percent in 2010. Those efforts drive the clean-tech industry forward in a myriad of ways, from McGraw-Hill’s 14.1-megawatt solar power plant—the largest privately owned solar array in the Western Hemisphere—at its East Windsor, New Jersey, campus, to GE’s plans to purchase 25,000 EVs for corporate fleet use by 2015. Despite political rhetoric and U.S. federal legislative inaction to the contrary, corporate efforts to reduce carbon emissions around the world are alive and well."
Strong Buy,"Even more important than lab results is real world production.  A123, now flush with Chinese capitol, see volume production in the first half of 2013"
Strong Buy,They are great idea.
Strong Buy,The only reason they are selling is to re-coup some of their losses from bad real estate deals and protect their own share price. The Coke secret formula was stored in a Sun Trust valut before being moved to the Coke museum. Sun Trust is a long time Coke supporter.
Strong Buy,"KO is a buy, the stock should start moving up, leaving the bottom. Expect next week to see substantial gains in the share price. Strong BUY"
Sell,"to the $32's where it will have good support, $36 is too high given where the overall market is and still up nearly 90% from the lows put in 2009. I'm banking on it."
Buy,amazing news
Strong Buy,"lowest price in last pre split Mar 5, 2009 open 39.16 high 39.44 low 37.44 close 37.85 Stock is a buy"
Strong Buy,A STRONG BUY
Strong Buy,bought a little more @ 36.10 cheap cheap cheap
Strong Buy,bought again at 35.95
Buy,Got it. Good job mate.
Buy,"The number of ""displaced"" employees is at four figures this time around, and that doesn't account for the smaller departments that were lifted & shifted last year. CCE went through reorganizations every two or three years and CCR is continuing that trend. A heck of a lot more than the sales dept. is being affected but sales had to have seen it coming with all of their layers. It's pretty sad that even with a stacked sales force we still had countless customers who say that they never knew they had an account manager because they never once heard from them, their orders would just show up (not to their liking half the time). Where's the AM? Go to the WiFi coffee shop and say hello."
Buy,"It would be a bad move at a time when they're battling the ridiculous notion that soft drinks are the cause of childhood obesity (instead of lack of exercise). The snacks would have to be healthier, like Odwalla."
Buy,anyone???
Strong Buy,Probable?? was that the marriage proposal? I agree 50$ is in sight....
Sell,Apparently any new investors feel little to no growth and a limited new product line without acquisition really doesn't offer much reason to buy shares
Sell,Shares have gone straight down since earnings.
Buy,I just received your first email. It's very informational. Love it.
Buy,Rebought this puppy today. Probably I am somebodys sell signal.
Buy,You know what else helps lose weight? Exercise.
Buy,"What other companies are you hammering with your rhetoric since the CDC announced their findings that 70% of our daily ""sugar"" intake comes from food, so focusing on soft drinks would be ignorant? Assuming you read that information, since you pretend to be oh so wise."
Strong Buy,Good job. Informational article.
Strong Buy,Moving Higher!
Strong Buy,"KO is my biggest holding, by far. Probably always will be. A lot of blue-chip dividend companies offer a free DRIP plan - even PG and JNJ. At what point does KO offer this to shareholders, and what's the primary reason it hasn't been done to this point? Any insight would be appreciated. Thanks in advance."
Buy,"Stocks like coke are getting hit because interest rates are going up. People are looking at bonds as competion vs dividend stocks like coke, pepsi, clorox, Proctor etc.."
Strong Buy,"ATTD distribution agreement announcement, 2200% GAINS POSSIBLE, UNDERVALUED, CHEAP BUY,READ WALMART DISTRIBUTION AGREEMENT ANTICIPATED BY SHAREHOLDERS.TRADERS SUGGEST ANNOUNCEMENT COMING ANY DAY NOW. Attitude Drinks, has recently announced record orders and expanded distribution of their recently launched Phase III Energy Recovery drink and brand, and has made tremendous progress as of late, by increasing that distribution to the likes of Walgreen's in Florida and Sam's Mart Stores in the Carolinas and Georgia. ATTD is expected to pull in tens of Millions. Analyst suggests ATTD is ready for a MASSIVE BREAKOUT. This Stock price has the potential to 5cents to 20cents. And buying the stock for nothing at 0.0009 will bring unbelievable profit. Buying 1 million shares@ 0.0009, cost= $900. Sell 1 million shares@ 1 cent = $10,000 or 5 cents= $50,000 With 2200% gains, ATTD can turn around your losses and bring your trading account back positive."
Buy,OH PLEASE!!! open your eyes and ears
Hold,sold this morning and made some profits...but i wonder where are the buyers???? am i going to see $35.5???
Strong Sell,Up yours !!!!!!!!!!
Hold,This is my feeling!
Buy,How does KO pull that off ???
Hold,On a crappy day in the markets the stock quit selling off. Not that I expect much on the upside until the markets stabilize.
Hold,technical information. thanks for this.
Hold,thanks for the interesting report.
Hold,Helpful report
Hold,Helpful report
Hold,well written report!
Buy,"W.E.B. will buy (never just announce) if he thinks it is a good risk reward ratio long term for Berkshire. He will NEVER buy ( or make a hollow announcement) to move the stock. Ocean, your needing support does not even register in Buffett's decision making process, sorry!"
Hold,"What Is Coke Waiting For? Pepsi beat out Coke by buying Gatorade. Coke needs to wake up and get aggressive by buying Monster. Coke needs more growth, and buying Monster would provide Coke with some much needed growth."
Sell,Get Your #$%$ Here !!!
Sell,nice way to make money !!! P.O.S. Company !! I will never buy annother coke in my life time !!!
Buy,The price is too high right now. They are doing the right thing by focusing on their core and emerging brands.
Hold,"nice report, thanks for this!"
Buy,"very helpful update, thanks"
Hold,"very helpful update, thanks"
Hold,very detailed update
Hold,very useful info
Strong Buy,"and i here you can make your own coffee at home in a coffee maker or keurig. wonder why starbucks keeps going up? SODA is a fad, people are not going to stop grabbing an ice cold coke out of the fridge. good luck with SODA; Ill take my chances with KO"
Strong Buy,"Bullish Technicals, Breakout Forming!"
Buy,"The liberals are to busy worring about gun control. Instead of doing their job of getting the UNITED STATES OF AMERICA, getting the unemployed back to work. Which will help our economy grow. Droping a few powerful bombs on the muslim, would let them know we will fight back."
Hold,Its beyond the quarterly numbers. All of these factors seem to drive the stock price more than the earnings for one quarter. Plus two less selling dates than last year. Margins did increase. Worldwide case volume also was up vs last quarter. Earnings and sales beat analyst estimates for this quarter. The faster than expected granting of new expanded U.S. territories to five of its bottling companies did not hurt.
Hold,How many sheeple like you have smoked around your kids? Way too many. You're a retardant to common sense.
Strong Buy,"So whos going take LBIX, KO or Pep?????"
Buy,"I think a syrup deal is more likely than a separate line of home machines. And I think Birnbaum is the one going after it, as well he should. Huge victory for him if he could offer syrup for the greatest soft drink on the planet, Coca-Cola."
Hold,very useful info
Hold,"very helpful update, thanks"
Hold,thanks for share
Hold,very helpful
Strong Buy,I dont see pepsi at all in the resturants or the stores except for their snacks . Ko is everywhere and they have low sugar soft drinks and differnt fruit flavors as well.
Strong Buy,"Coca Cola is one of the highest rated companies and their not going out of business any time soon. Constant dividend raiser , strong company, and has been around for ever. Sure it will have good n bad quarters, but so will everyone else. Its in my IRA for sure. Strong buy everyday of the week!!"
Strong Buy,"Excellent... everywhere is goes, the company does magic.."
Buy,X-dividend 6/12. Just a reminder.
Strong Buy,Just to much good news
Hold,Me thinks there is more talk about a coming recession
Strong Buy,"Now is the time to buy !!! Buy as much as you can while the dip is here. There will be up's and downs for KO, But this is not a traders stock. It is a long term player. I have been buying KO for the last 30 years every month no matter what the price. It has made me alot of money and alot of shares. You have got to paient and KO will come through for you. You have got to buy it and forget it. !!! Long KO strong buy !!!"
Strong Sell,the time of buy and hold is over. KO insiders are selling big time (38).
Strong Buy,"I am sorry I believe you have been listening to way to many of these analyst that could not find their way out of a wet paper bag.!!! And sorry to bust your bubble, but I have been hearing for years that the time has come that buy and hold is over...Not true on KO..Maybe other stocks!!! KO is still a strong strong BUY !!!"
Strong Buy,"We have been in a recession for sometime now. I think the other post in re to insider trading is that the ones selling were selling at prime 50-80 dollars a share. And also the stock split they can sell and still have the same number of shares they started with, so in turn they have not lost any of their shares. But regardless the insiders have been selling along for the last 30 years that I have been investing in KO and it has not hurt me a bit...This happens in all major companies !!! Still a strong strong BUY !!!"
Strong Buy,"If you will look at the time of all of these insider trades they came before the stock split came into effect. The pay date for this stock split was August 10, 2012. The NYSE changed the stock to 39 something dollars as a result of the split on August 13, 2012. So the insiders traded at approx 78-80 dollars and still probably still had the same amount of shares. I have seen this in just about all stock splits..."
Strong Buy,And when it does I am going to buy about 5000 shares !!!!
Strong Buy,Excellent cup/handle chart. EBIX. Perfect timing.
Hold,thanks for the interesting report.
Strong Buy,"Analyst Report, thanks"
Hold,great report
Sell,thanks.
Hold,thank you
Strong Buy,I just read your article. Nothing else.
Strong Buy,early alert
Hold,Wow free of charge. I love it. Thanks
Buy,Cool picks. Please always share this to us.
Buy,KO is arguably the BEST long term hold in America. We know all the reasons why. If there is any stock you can sleep well owning this is it. I bought MORE yesterday shortly after the open.
Buy,"Cramer ""thinks"" KO is a buy. I ""know"" it is a buy."
Buy,"NLY is no KO. Speaking of Cramer, NOBODY is right 100% right all the time. Cramer is right far more than he is wrong. Personally, I don't count on him for my investments. I do my own ""DD."""
Buy,What are you talking about? He always has been saying SELL coke and BUY pepsi. Come up with better exaggerations please.
Buy,"Cramer ""thinks"" KO is a sell. I ""know"" it is a buy"". Is the correct statement"
Buy,He was actually right. He has been saying sell KO and buy pepsi for MONTHS. Months and Months.
Buy,I agree on that one
Strong Buy,"in the last 10 years KO is up 100%... in 20 years its up 250%.. I for one have no worries about KO and yes, it is in my IRA.. Long term on KO is the way to go.."
Strong Buy,is that right? scottrade screaming quotes
Strong Buy,"sorry, I don't mean to laugh...America is not health conscious. We have an obesity epidemic aka the fattest kids and adults on the planet !! Where and what do they eat n drink?? Fast food and ordering (wait for it).......... a diet coke..!!! MCD & KO cannot go wrong my friend... happy trading"
Strong Sell,"Wrong! All the schools now no longer let vending machines inside. They only offer healthy juices, milk, and waters."
Strong Sell,If the insiders sold their stock then why would they have the same number of shares? ( split or not )
Strong Sell,"NO, major brokers are trying to push ko stock they have on hand."
Hold,"""Under my plan electricity prices will skyrocket."" Prez Obama"
Buy,"I kind feel hang on a bit, maybe later next week, with the Obama celebrations, and maybe pick up some KO on the cheap. I think let the split stuff unwind and give it a breather and go back in with some nice prices."
Hold,"After a good run, we're seeing a pull back while the market in general is holding it's breath waiting for Bernanke and Draghi to spill the beans. Almost any time is a good time to get into KO for the long haul - just enjoy the yield, but for the short term I wouldn't be surprised to see an additional 1-2% pullback from here. I would feel comfortable adding to my position if it hit $37. Just my two cents."
Strong Buy,Your right Sales of COKE (KO) should more than double next month with the hot weather and the Holidays approaching fast. I myself bought a case of 24 and have a few cans in the fridge cooling off.
Strong Buy,"now that the weekend is here, stock up on few cases of Coke"
Strong Buy,who care abaout yuor opinion CLSA
Buy,not a word from anyone about earnings. does it not matter anymore?
Strong Buy,VALE AONE TAGG on fire!!!!
Strong Buy,I think we could see an earnings surprise tomorrow.
Strong Buy,"The Post-Journal printed an article today by the Associated Press titled, ""Coca-Cola Enterprise' UK growth plan: breakfast"" (Google it to see the entire article). Read the 7th paragraph down. It reveals the growth of the Relaxation drink market. If KO doesn't grab BEBIDA, which is the leader in that drink category, Pepsi will. We need to get into the relaxation drink market, and as shareholders of KO, we should push for accretive acquisitions in growing markets. Wake up KO!"
