<?xml version="1.0" encoding="UTF-8" standalone="no"?><Date date="2012-09-17"><Message type="TopicMessage"><Id>1347854970115-1</Id><Title>Obamanure's Jimmy Carter moment this week!</Title><Msg>What a buffoon!</Msg><Username>obadidos1</Username><Timestamp>1347854970115</Timestamp><DateTime>Mon, 2012-09-17 00:09:30 EDT</DateTime><ThumbUp>0</ThumbUp><ThumbDown>2</ThumbDown><Sentiment/></Message><Message type="TopicMessage"><Id>1347855738342-2</Id><Title>Obamanure says Liberal's Free Speech is responsible for American's deaths in Libya!</Title><Msg>OWS is responsible!!!!</Msg><Username>obadidos1</Username><Timestamp>1347855738342</Timestamp><DateTime>Mon, 2012-09-17 00:22:18 EDT</DateTime><ThumbUp>0</ThumbUp><ThumbDown>1</ThumbDown><Sentiment/></Message><Message type="ReplyMessage"><Id>1347855782746-3</Id><Topic><Title>Obamanure says Liberal's Free Speech is responsible for American's deaths in Libya!</Title><Username>obadidos1</Username><Timestamp>1347855738342</Timestamp><DateTime>Mon, 2012-09-17 00:22:18 EDT</DateTime></Topic><Msg>Can't have it both ways Obamanure!</Msg><Username>obadidos1</Username><Timestamp>1347855782746</Timestamp><DateTime>Mon, 2012-09-17 00:23:02 EDT</DateTime><ThumbUp>0</ThumbUp><ThumbDown>1</ThumbDown><Sentiment/></Message><Message type="TopicMessage"><Id>1347856676873-4</Id><Title>Hillary Clinton- Secretary of State Failed the USA</Title><Msg>Obamanure will throw her under the bus!!!!!!!!!</Msg><Username>obadidos1</Username><Timestamp>1347856676873</Timestamp><DateTime>Mon, 2012-09-17 00:37:56 EDT</DateTime><ThumbUp>0</ThumbUp><ThumbDown>2</ThumbDown><Sentiment/></Message><Message type="TopicMessage"><Id>1347856838954-5</Id><Title>How many days before Obamanure throws Hillary under the bus? This is the end of her career!</Title><Msg>Hillary entered Obamanure's trap. Good bye Hillary.</Msg><Username>obadidos1</Username><Timestamp>1347856838954</Timestamp><DateTime>Mon, 2012-09-17 00:40:38 EDT</DateTime><ThumbUp>0</ThumbUp><ThumbDown>1</ThumbDown><Sentiment/></Message><Message type="TopicMessage"><Id>1347856998548-6</Id><Title>Even Bill can't get Hillary out of this! Obamanure will trash Hillary.</Title><Msg>Bye bye Hillary! When will resignation come? Only less than two months before election!</Msg><Username>obadidos1</Username><Timestamp>1347856998548</Timestamp><DateTime>Mon, 2012-09-17 00:43:18 EDT</DateTime><ThumbUp>0</ThumbUp><ThumbDown>2</ThumbDown><Sentiment/></Message><Message type="ReplyMessage"><Id>1347857434994-7</Id><Topic><Title>Why are progressive liberals too stupid to create their own ideas or posts?</Title><Username>dogeater2012</Username><Timestamp>1347847321217</Timestamp><DateTime>Sun, 2012-09-16 22:02:01 EDT</DateTime></Topic><Msg>bump!</Msg><Username>obadidos1</Username><Timestamp>1347857434994</Timestamp><DateTime>Mon, 2012-09-17 00:50:34 EDT</DateTime><ThumbUp>0</ThumbUp><ThumbDown>2</ThumbDown><Sentiment/></Message><Message type="TopicMessage"><Id>1347858729486-8</Id><Title>Discussions</Title><Msg>why does the MSFT message board have minimal discussion about MSFT and more about political news. the message board is as disconnected as MSFT is with its customers.</Msg><Username>cash.bull</Username><Timestamp>1347858729486</Timestamp><DateTime>Mon, 2012-09-17 01:12:09 EDT</DateTime><ThumbUp>0</ThumbUp><ThumbDown>0</ThumbDown><Sentiment/></Message><Message type="ReplyMessage"><Id>1347859483948-9</Id><Topic><Title>Liberal ABC's Martha Raddatz asked, if there are American Marines in Paris, why are there not Marines in Tripoli?</Title><Username>dogeater2012</Username><Timestamp>1347850566211</Timestamp><DateTime>Sun, 2012-09-16 22:56:06 EDT</DateTime></Topic><Msg>I always wondered where rats leaving a sinking ship go.</Msg><Username>readyforfncm</Username><Timestamp>1347859483948</Timestamp><DateTime>Mon, 2012-09-17 01:24:43 EDT</DateTime><ThumbUp>0</ThumbUp><ThumbDown>2</ThumbDown><Sentiment/></Message><Message type="ReplyMessage"><Id>1347860455915-10</Id><Topic><Title>Liberal ABC's Martha Raddatz asked, if there are American Marines in Paris, why are there not Marines in Tripoli?</Title><Username>dogeater2012</Username><Timestamp>1347850566211</Timestamp><DateTime>Sun, 2012-09-16 22:56:06 EDT</DateTime></Topic><Msg>The democrat rats are here. They are leaving the Obamanure ship! If your liberal mind is to stupid to understand!</Msg><Username>obadidos1</Username><Timestamp>1347860455915</Timestamp><DateTime>Mon, 2012-09-17 01:40:55 EDT</DateTime><ThumbUp>0</ThumbUp><ThumbDown>2</ThumbDown><Sentiment/></Message><Message type="ReplyMessage"><Id>1347877440940-11</Id><Topic><Title>With six million infants, toddlers, and small children starving to death every year</Title><Username>tocrazyright</Username><Timestamp>1347844773302</Timestamp><DateTime>Sun, 2012-09-16 21:19:33 EDT</DateTime></Topic><Msg>Indeed, doing away with family planing is high on Romney's list</Msg><Username>therwnjneedhelp</Username><Timestamp>1347877440940</Timestamp><DateTime>Mon, 2012-09-17 06:24:00 EDT</DateTime><ThumbUp>1</ThumbUp><ThumbDown>2</ThumbDown><Sentiment/></Message><Message type="ReplyMessage"><Id>1347877630428-12</Id><Topic><Title>Megarif to Obamanure, it was not the silly video, it was your incompetence!</Title><Username>obadidos1</Username><Timestamp>1347841366673</Timestamp><DateTime>Sun, 2012-09-16 20:22:46 EDT</DateTime></Topic><Msg>Bin Laden , and other terrorists made the mistake in thinking President Obama was incompetent</Msg><Username>lugibrious</Username><Timestamp>1347877630428</Timestamp><DateTime>Mon, 2012-09-17 06:27:10 EDT</DateTime><ThumbUp>1</ThumbUp><ThumbDown>1</ThumbDown><Sentiment/></Message><Message type="ReplyMessage"><Id>1347882397074-13</Id><Topic><Title>Inflation from monetary means is what we want right now. The inflation whined about by the RWNJ is scarcity inflation and is only a side issue. Monetary inflation is caused by higher consumption. Isn't it obvious that we need higher consumption resulting from consumers with more disposable cash??</Title><Username>cfuryurself</Username><Timestamp>1347643301821</Timestamp><DateTime>Fri, 2012-09-14 13:21:41 EDT</DateTime></Topic><Msg>Yes that would be stupid. Our printing money is just going to correct the imbalance brought on by globalization.</Msg><Username>cfuryurself</Username><Timestamp>1347882397074</Timestamp><DateTime>Mon, 2012-09-17 07:46:37 EDT</DateTime><ThumbUp>0</ThumbUp><ThumbDown>1</ThumbDown><Sentiment/></Message><Message type="ReplyMessage"><Id>1347882649028-14</Id><Topic><Title>Obamas Middle East policy could not be improved upon. Taliban decimated, Osama nuetralized, no new wars, several countries with new democratic governments.. This is probably not how the RWNJ define success, they would want more wars and instability.</Title><Username>cfuryurself</Username><Timestamp>1347641931227</Timestamp><DateTime>Fri, 2012-09-14 12:58:51 EDT</DateTime></Topic><Msg>""You're kidding right? Have you looked at your TV lately?"" I try not too but yeah i have watched it. Did you have a point??? Type 1 thinking might lead to you to lose your sense of scale on the issue. The protests around the movie are really not anything to be concerned with.</Msg><Username>cfuryurself</Username><Timestamp>1347882649028</Timestamp><DateTime>Mon, 2012-09-17 07:50:49 EDT</DateTime><ThumbUp>0</ThumbUp><ThumbDown>2</ThumbDown><Sentiment/></Message><Message type="ReplyMessage"><Id>1347883704182-15</Id><Topic><Title>With six million infants, toddlers, and small children starving to death every year</Title><Username>tocrazyright</Username><Timestamp>1347844773302</Timestamp><DateTime>Sun, 2012-09-16 21:19:33 EDT</DateTime></Topic><Msg>Talk to nurses in hospitals and find out infants and broken bones. God is going to destroy half this earth and he has my blessing.</Msg><Username>ref_steve_blairstown</Username><Timestamp>1347883704182</Timestamp><DateTime>Mon, 2012-09-17 08:08:24 EDT</DateTime><ThumbUp>1</ThumbUp><ThumbDown>1</ThumbDown><Sentiment/></Message><Message type="TopicMessage"><Id>1347885417694-16</Id><Title>Megarif to Obama. It was the silly video. It was not anybodys incompetance.</Title><Msg>"Megarif, president of the Libyan National Congress, did not differ with the Obama administration’s position that the attacks that started Tuesday were sparked by an anti-Islamic video on the Internet</Msg><Username>whsteffanmsn</Username><Timestamp>1347885417694</Timestamp><DateTime>Mon, 2012-09-17 08:36:57 EDT</DateTime><ThumbUp>0</ThumbUp><ThumbDown>2</ThumbDown><Sentiment/></Message><Message type="ReplyMessage"><Id>1347885684577-17</Id><Topic><Title>Liberal ABC's Martha Raddatz asked, if there are American Marines in Paris, why are there not Marines in Tripoli?</Title><Username>dogeater2012</Username><Timestamp>1347850566211</Timestamp><DateTime>Sun, 2012-09-16 22:56:06 EDT</DateTime></Topic><Msg>Martha Raddatz concurred that Marines in Tripoli might be a good idea but naturally we dont go to war for the wrong reason or against the wrong country like the regressive RWNJ conservative, bagger and flatearther ignoramouses</Msg><Username>whsteffanmsn</Username><Timestamp>1347885684577</Timestamp><DateTime>Mon, 2012-09-17 08:41:24 EDT</DateTime><ThumbUp>0</ThumbUp><ThumbDown>1</ThumbDown><Sentiment/></Message><Message type="TopicMessage"><Id>1347885758655-18</Id><Title>Facebook $FB up in Pre-Hours Last: Last: $22.62 Change: +0.62 (+2.82%) msft znga pcfg</Title><Msg>Facebook $FB up in Pre-Hours Last: Last: $22.62 Change: +0.62 (+2.82%) msft znga pcfg</Msg><Username>hogolddigger</Username><Timestamp>1347885758655</Timestamp><DateTime>Mon, 2012-09-17 08:42:38 EDT</DateTime><ThumbUp>0</ThumbUp><ThumbDown>1</ThumbDown><Sentiment>Strong Buy</Sentiment></Message><Message type="ReplyMessage"><Id>1347887379027-19</Id><Topic><Title>Must SEE This! (MSFT)</Title><Username>norinebgc450572</Username><Timestamp>1347719315394</Timestamp><DateTime>Sat, 2012-09-15 10:28:35 EDT</DateTime></Topic><Msg>Thanks for sharing this article.</Msg><Username>artiejbo639330</Username><Timestamp>1347887379027</Timestamp><DateTime>Mon, 2012-09-17 09:09:39 EDT</DateTime><ThumbUp>0</ThumbUp><ThumbDown>0</ThumbDown><Sentiment/></Message><Message type="TopicMessage"><Id>1347888232068-20</Id><Title>Libyan President says Obamanure's administration position is 'completely unfounded and preposterous.'</Title><Msg>"Obama administration dispatches UN Ambassador Susan Rice to defend theory that attack last week on US Consulate in Benghazi, left, was a 'spontaneous' act, while Libyan President Mohammed el-Megarif and other Libyan officials insist the attack was a planned assault, possibly by an Al Qaeda-tied group, and that Obama administration's position is 'completely unfounded and preposterous.'"</Msg><Username>obadidos1</Username><Timestamp>1347888232068</Timestamp><DateTime>Mon, 2012-09-17 09:23:52 EDT</DateTime><ThumbUp>0</ThumbUp><ThumbDown>1</ThumbDown><Sentiment/></Message><Message type="TopicMessage"><Id>1347888414649-21</Id><Title>A president of a crap country putting down a crap president of great country. That is the legacy of Obamanure!</Title><Msg>Obamanure's foreign policy in action!</Msg><Username>obadidos1</Username><Timestamp>1347888414649</Timestamp><DateTime>Mon, 2012-09-17 09:26:54 EDT</DateTime><ThumbUp>1</ThumbUp><ThumbDown>1</ThumbDown><Sentiment/></Message><Message type="TopicMessage"><Id>1347888988114-22</Id><Title>Libyan President says Obama administration position is well founded and credible</Title><Msg>Libyan President Mohammed el-Megarif and other Libyan officials insist the attack was a planned assault, possibly by an Al Qaeda-tied group, and that Obama administration's position is well founded and credible.'" . 0users liked this posts0users disliked this posts Reply Ignore User | Report Abuse .. .. . . We are in the process of testing our new message boards. Please provide your feedback so that we can optimize the user experience... . . 31.16-0.05(-0.16%)9:30 AMEDT. . .. . . Email ... . AdChoices . . . More Links. . . . .Summary Historical Prices Interactive Chart Headlines Market Pulse Competitors ..Key Statistics Insider Transactions Income Statement Balance Sheet Cashflow Technical Analysis ..... ..</Msg><Username>whsteffanmsn</Username><Timestamp>1347888988114</Timestamp><DateTime>Mon, 2012-09-17 09:36:28 EDT</DateTime><ThumbUp>1</ThumbUp><ThumbDown>1</ThumbDown><Sentiment/></Message><Message type="TopicMessage"><Id>1347889326257-23</Id><Title>In the Middle East, Obamanure's chickens are coming home to roost</Title><Msg>"The crisis, including riots at our embassies in 20 countries, is the full flowering of a policy predicated on appeasement and apology. To borrow a phrase, the Obama chickens are coming home to roost."</Msg><Username>obadidos1</Username><Timestamp>1347889326257</Timestamp><DateTime>Mon, 2012-09-17 09:42:06 EDT</DateTime><ThumbUp>1</ThumbUp><ThumbDown>1</ThumbDown><Sentiment/></Message><Message type="TopicMessage"><Id>1347889883944-24</Id><Title>In the Middle East Junior's chickens are coming home to roost Obama gets to pick up the pieces</Title><Msg>Republican foreign policy in action</Msg><Username>whsteffanmsn</Username><Timestamp>1347889883944</Timestamp><DateTime>Mon, 2012-09-17 09:51:23 EDT</DateTime><ThumbUp>0</ThumbUp><ThumbDown>1</ThumbDown><Sentiment/></Message><Message type="ReplyMessage"><Id>1347893907407-25</Id><Topic><Title>A president of a crap country putting down a crap president of great country. That is the legacy of Obamanure!</Title><Username>obadidos1</Username><Timestamp>1347888414649</Timestamp><DateTime>Mon, 2012-09-17 09:26:54 EDT</DateTime></Topic><Msg>They are going to write about this commie dumbocrap party for the next 20 years. Alot of dems going to jail for treason.</Msg><Username>raul_10_spain</Username><Timestamp>1347893907407</Timestamp><DateTime>Mon, 2012-09-17 10:58:27 EDT</DateTime><ThumbUp>0</ThumbUp><ThumbDown>1</ThumbDown><Sentiment/></Message><Message type="ReplyMessage"><Id>1347894642277-26</Id><Topic><Title>Must SEE This! (MSFT)</Title><Username>norinebgc450572</Username><Timestamp>1347719315394</Timestamp><DateTime>Sat, 2012-09-15 10:28:35 EDT</DateTime></Topic><Msg>Nice one. I will subscribe now.</Msg><Username>jeaniernv99989</Username><Timestamp>1347894642277</Timestamp><DateTime>Mon, 2012-09-17 11:10:42 EDT</DateTime><ThumbUp>0</ThumbUp><ThumbDown>0</ThumbDown><Sentiment/></Message><Message type="TopicMessage"><Id>1347895187254-27</Id><Title>Vile Anti-Muslim Video Was An Election Strategy Set-up By The Far-Right To Create Turmoil In The MiddleEast. The rightwing is evil and will do anything to win the election.</Title><Msg>4 Americans died because of right-wing dirty tricks. That anti-Muslim video was a planned set-up by Carl Rove and Grover Norquist.</Msg><Username>the_lord_balzy_project</Username><Timestamp>1347895187254</Timestamp><DateTime>Mon, 2012-09-17 11:19:47 EDT</DateTime><ThumbUp>3</ThumbUp><ThumbDown>2</ThumbDown><Sentiment/></Message><Message type="ReplyMessage"><Id>1347895249758-28</Id><Topic><Title>A president of a crap country putting down a crap president of great country. That is the legacy of Obamanure!</Title><Username>obadidos1</Username><Timestamp>1347888414649</Timestamp><DateTime>Mon, 2012-09-17 09:26:54 EDT</DateTime></Topic><Msg>actually as soon as Obama gets reelected his DOJ is going to be putting a lot of republicons in jail for treason. Its likely that the death penalty will be considered. After all the highest crime is treason</Msg><Username>whsteffanmsn</Username><Timestamp>1347895249758</Timestamp><DateTime>Mon, 2012-09-17 11:20:49 EDT</DateTime><ThumbUp>0</ThumbUp><ThumbDown>1</ThumbDown><Sentiment/></Message><Message type="ReplyMessage"><Id>1347896108606-29</Id><Topic><Title>Vile Anti-Muslim Video Was An Election Strategy Set-up By The Far-Right To Create Turmoil In The MiddleEast. The rightwing is evil and will do anything to win the election.</Title><Username>the_lord_balzy_project</Username><Timestamp>1347895187254</Timestamp><DateTime>Mon, 2012-09-17 11:19:47 EDT</DateTime></Topic><Msg>Rove, Norquist, Romney, Ryan and the Republican Rarty have blood on their hands. THE VIDEO WAS RELEASED RIGHT BEFORE THE ELECTION. WHY??!!</Msg><Username>the_lord_balzy_project</Username><Timestamp>1347896108606</Timestamp><DateTime>Mon, 2012-09-17 11:35:08 EDT</DateTime><ThumbUp>1</ThumbUp><ThumbDown>1</ThumbDown><Sentiment/></Message><Message type="ReplyMessage"><Id>1347896203970-30</Id><Topic><Title>"Why I (now) hate Apple"</Title><Username>wottowwottow</Username><Timestamp>1347774534204</Timestamp><DateTime>Sun, 2012-09-16 01:48:54 EDT</DateTime></Topic><Msg>"They are a better idea than software licenses." I disagree. Even Bill Gates thought software patents were a bad idea before Microsoft had a large inventory of patents. He predicted correctly that software patents would act to stifle, rather than encourage, innovation in software. "The very idea that you have to buy software every year or so is ridiculous. Msft is a dinosaur going extinct." I agree. But not every software license requires that.</Msg><Username>wottowwottow</Username><Timestamp>1347896203970</Timestamp><DateTime>Mon, 2012-09-17 11:36:43 EDT</DateTime><ThumbUp>1</ThumbUp><ThumbDown>1</ThumbDown><Sentiment/></Message><Message type="ReplyMessage"><Id>1347899455674-31</Id><Topic><Title>Must SEE This! (MSFT)</Title><Username>norinebgc450572</Username><Timestamp>1347719315394</Timestamp><DateTime>Sat, 2012-09-15 10:28:35 EDT</DateTime></Topic><Msg>An article that's worth a read.</Msg><Username>harriettemhq9110</Username><Timestamp>1347899455674</Timestamp><DateTime>Mon, 2012-09-17 12:30:55 EDT</DateTime><ThumbUp>0</ThumbUp><ThumbDown>0</ThumbDown><Sentiment/></Message><Message type="ReplyMessage"><Id>1347899979389-32</Id><Topic><Title>With six million infants, toddlers, and small children starving to death every year</Title><Username>tocrazyright</Username><Timestamp>1347844773302</Timestamp><DateTime>Sun, 2012-09-16 21:19:33 EDT</DateTime></Topic><Msg>So sad that we would allow people to stoop so low. Throw them in the dumpster or let them collect welfare.</Msg><Username>free2491</Username><Timestamp>1347899979389</Timestamp><DateTime>Mon, 2012-09-17 12:39:39 EDT</DateTime><ThumbUp>0</ThumbUp><ThumbDown>1</ThumbDown><Sentiment/></Message><Message type="ReplyMessage"><Id>1347901705402-33</Id><Topic><Title>Must SEE This! (MSFT)</Title><Username>norinebgc450572</Username><Timestamp>1347719315394</Timestamp><DateTime>Sat, 2012-09-15 10:28:35 EDT</DateTime></Topic><Msg>I'm looking for great articles. Nice to be here.</Msg><Username>dongkfy615</Username><Timestamp>1347901705402</Timestamp><DateTime>Mon, 2012-09-17 13:08:25 EDT</DateTime><ThumbUp>0</ThumbUp><ThumbDown>0</ThumbDown><Sentiment/></Message><Message type="ReplyMessage"><Id>1347905208092-34</Id><Topic><Title>With six million infants, toddlers, and small children starving to death every year</Title><Username>tocrazyright</Username><Timestamp>1347844773302</Timestamp><DateTime>Sun, 2012-09-16 21:19:33 EDT</DateTime></Topic><Msg>Or put infants in microwave ovens. To make sure they are born is the goal, what happens after that makes little difference..</Msg><Username>therwnjneedhelp</Username><Timestamp>1347905208092</Timestamp><DateTime>Mon, 2012-09-17 14:06:48 EDT</DateTime><ThumbUp>0</ThumbUp><ThumbDown>1</ThumbDown><Sentiment/></Message><Message type="TopicMessage"><Id>1347905368966-35</Id><Title>Westinghouse Solar, Inc. (WEST) Google it 10 X's the money @ current .19 pps</Title><Msg>Google them ( Westinghouse Solar, Inc. (WEST) ) and get on board for the ride back up......</Msg><Username>serenityloveh69</Username><Timestamp>1347905368966</Timestamp><DateTime>Mon, 2012-09-17 14:09:28 EDT</DateTime><ThumbUp>0</ThumbUp><ThumbDown>1</ThumbDown><Sentiment>Strong Buy</Sentiment></Message><Message type="ReplyMessage"><Id>1347905514614-36</Id><Topic><Title>Must SEE This! (MSFT)</Title><Username>norinebgc450572</Username><Timestamp>1347719315394</Timestamp><DateTime>Sat, 2012-09-15 10:28:35 EDT</DateTime></Topic><Msg>I love this report.</Msg><Username>analisacul6556</Username><Timestamp>1347905514614</Timestamp><DateTime>Mon, 2012-09-17 14:11:54 EDT</DateTime><ThumbUp>0</ThumbUp><ThumbDown>0</ThumbDown><Sentiment/></Message><Message type="ReplyMessage"><Id>1347907012989-37</Id><Topic><Title>Any body see the NAACP gal voting on ballots of dead people</Title><Username>gregjanetommax</Username><Timestamp>1347895940204</Timestamp><DateTime>Mon, 2012-09-17 11:32:20 EDT</DateTime></Topic><Msg>"It just sounds crazy, recently a mailing from a liberal group sent out ballots for dead people, cats and dogs. Fraud is the intention here and we need to stop it." If that were possible, the GOP would be doing it like gangbusters. You're misinformed, and seem to think every dead person's ballot mailed in has to be democrat. Usually it is a dumb relative who gets the mail, sees the ballot, and duh thinks it is supposed to be sent in for the dead person. It could be equally repub or dem. Your case is nonsense, it is voter suppression, aka Jim Crow politics. Denial of the right to vote violates the Constitution in the most fundamental way. You're just making excuses for your party's bad behavior.</Msg><Username>hawrcreek10</Username><Timestamp>1347907012989</Timestamp><DateTime>Mon, 2012-09-17 14:36:52 EDT</DateTime><ThumbUp>0</ThumbUp><ThumbDown>2</ThumbDown><Sentiment/></Message><Message type="TopicMessage"><Id>1347907320763-38</Id><Title>GW Bush &amp; Republican Congress Spent $3 In Tax Cuts For Every $5 In Shrinking GDP. Supply side economics is a scam cooked up by Grover Norquist financed by the K0*ch Bros.</Title><Msg>Supply side is a convoluted scam that justifies tax cuts to billionaires who are already paying the lowest rate in USA history. The theory goes if you cut taxes on billionaires they will buy more yachts and baseball teams. Then the yacht companies will hire more yacht sales people. And the ball parks will hire more hot dog vendors.</Msg><Username>rightwing_rethink</Username><Timestamp>1347907320763</Timestamp><DateTime>Mon, 2012-09-17 14:42:00 EDT</DateTime><ThumbUp>1</ThumbUp><ThumbDown>1</ThumbDown><Sentiment/></Message><Message type="ReplyMessage"><Id>1347907700510-39</Id><Topic><Title>Bush is supposedly the "root cause"</Title><Username>hawcreek12</Username><Timestamp>1347900240217</Timestamp><DateTime>Mon, 2012-09-17 12:44:00 EDT</DateTime></Topic><Msg>Who is at fault is of no matter, Obama inherited a country on the verge of collapse, the very months he was elected. That's what Obama says and is true. Who cares now if it was Bush or not, what are you gong to do, go to the ranch with a paddle and spank him? If Mccain was Pres, if Reagan was, if Romney was, all would have done the same stimuli, etc as Obama, probably more as the repub congress would have cheered it on. There was no other way Get it straight,it was a collapse</Msg><Username>hawrcreek10</Username><Timestamp>1347907700510</Timestamp><DateTime>Mon, 2012-09-17 14:48:20 EDT</DateTime><ThumbUp>0</ThumbUp><ThumbDown>1</ThumbDown><Sentiment>Buy</Sentiment></Message><Message type="ReplyMessage"><Id>1347909189586-40</Id><Topic><Title>Must SEE This! (MSFT)</Title><Username>norinebgc450572</Username><Timestamp>1347719315394</Timestamp><DateTime>Sat, 2012-09-15 10:28:35 EDT</DateTime></Topic><Msg>Keep them coming.</Msg><Username>jaymesar29486</Username><Timestamp>1347909189586</Timestamp><DateTime>Mon, 2012-09-17 15:13:09 EDT</DateTime><ThumbUp>0</ThumbUp><ThumbDown>0</ThumbDown><Sentiment/></Message><Message type="TopicMessage"><Id>1347909567189-41</Id><Title>Globalization is the root cause. What would a loaf of bread cost today if the influx of foreign workers had not entered the workforce due to globalization. Ya see it postponed inflation, and to fix our state we have to right to ship.</Title><Msg>There is no getting around the situation.</Msg><Username>cfuryurself</Username><Timestamp>1347909567189</Timestamp><DateTime>Mon, 2012-09-17 15:19:27 EDT</DateTime><ThumbUp>0</ThumbUp><ThumbDown>2</ThumbDown><Sentiment/></Message><Message type="TopicMessage"><Id>1347909868337-42</Id><Title>Does anyone on this board talk about the stock MSFT? #$%$</Title><Msg>shove the political #$%$</Msg><Username>trader.joedawg</Username><Timestamp>1347909868337</Timestamp><DateTime>Mon, 2012-09-17 15:24:28 EDT</DateTime><ThumbUp>1</ThumbUp><ThumbDown>2</ThumbDown><Sentiment/></Message><Message type="ReplyMessage"><Id>1347909989968-43</Id><Topic><Title>This Is The Candidate The Right Wing Wackos Want?</Title><Username>hawcraper</Username><Timestamp>1347909745903</Timestamp><DateTime>Mon, 2012-09-17 15:22:25 EDT</DateTime></Topic><Msg>They keep it vague because the numbers in their tax reform scheme don't add up.</Msg><Username>the_lord_balzy_project</Username><Timestamp>1347909989968</Timestamp><DateTime>Mon, 2012-09-17 15:26:29 EDT</DateTime><ThumbUp>0</ThumbUp><ThumbDown>2</ThumbDown><Sentiment/></Message><Message type="ReplyMessage"><Id>1347910355828-44</Id><Topic><Title>Must SEE This! (MSFT)</Title><Username>norinebgc450572</Username><Timestamp>1347719315394</Timestamp><DateTime>Sat, 2012-09-15 10:28:35 EDT</DateTime></Topic><Msg>I will be waiting for more great news to come.</Msg><Username>towandakpi0933</Username><Timestamp>1347910355828</Timestamp><DateTime>Mon, 2012-09-17 15:32:35 EDT</DateTime><ThumbUp>0</ThumbUp><ThumbDown>0</ThumbDown><Sentiment/></Message><Message type="ReplyMessage"><Id>1347911375667-45</Id><Topic><Title>Does anyone on this board talk about the stock MSFT? #$%$</Title><Username>trader.joedawg</Username><Timestamp>1347909868337</Timestamp><DateTime>Mon, 2012-09-17 15:24:28 EDT</DateTime></Topic><Msg>Better then losing</Msg><Username>jgiled</Username><Timestamp>1347911375667</Timestamp><DateTime>Mon, 2012-09-17 15:49:35 EDT</DateTime><ThumbUp>0</ThumbUp><ThumbDown>1</ThumbDown><Sentiment/></Message><Message type="ReplyMessage"><Id>1347912458328-46</Id><Topic><Title>Must SEE This! (MSFT)</Title><Username>norinebgc450572</Username><Timestamp>1347719315394</Timestamp><DateTime>Sat, 2012-09-15 10:28:35 EDT</DateTime></Topic><Msg>Glad you shared this with us.</Msg><Username>alixhkn947</Username><Timestamp>1347912458328</Timestamp><DateTime>Mon, 2012-09-17 16:07:38 EDT</DateTime><ThumbUp>0</ThumbUp><ThumbDown>0</ThumbDown><Sentiment/></Message><Message type="ReplyMessage"><Id>1347913023820-47</Id><Topic><Title>Vile Anti-Muslim Video Was An Election Strategy Set-up By The Far-Right To Create Turmoil In The MiddleEast. The rightwing is evil and will do anything to win the election.</Title><Username>the_lord_balzy_project</Username><Timestamp>1347895187254</Timestamp><DateTime>Mon, 2012-09-17 11:19:47 EDT</DateTime></Topic><Msg>Rove, Norquist, Romney, Ryan and the Republican Rarty have blood on their hands. THE VIDEO WAS RELEASED RIGHT BEFORE THE ELECTION. WHY??!! The video was released to create trouble in ther MidEast.</Msg><Username>penelope_poozer</Username><Timestamp>1347913023820</Timestamp><DateTime>Mon, 2012-09-17 16:17:03 EDT</DateTime><ThumbUp>0</ThumbUp><ThumbDown>1</ThumbDown><Sentiment/></Message><Message type="TopicMessage"><Id>1347914067923-48</Id><Title>Romney Ryan will increase defense spending, balance the budget, pay down the national debt, stimulate the economy, re-build infra-structure, create 14 million jobs. How will he do this? Wait for it... Wait for it... Wait for it... Wait for it... Wait for it... Wait for it... Wait for it... Wait for it... Wait for it...</Title><Msg>Plus Mitt is going to cut taxes. How can those number possibly work?????? Want to know why Romney/Ryan won't release accounting details? To quote Richard Nixon, "I am not a crook". heh....heh....heh....heh....heh....heh....heh....heh....heh....heh....heh....heh....heh....heh....heh....heh....</Msg><Username>the_lord_balzy_project</Username><Timestamp>1347914067923</Timestamp><DateTime>Mon, 2012-09-17 16:34:27 EDT</DateTime><ThumbUp>1</ThumbUp><ThumbDown>3</ThumbDown><Sentiment/></Message><Message type="ReplyMessage"><Id>1347914118226-49</Id><Topic><Title>Must SEE This! (MSFT)</Title><Username>norinebgc450572</Username><Timestamp>1347719315394</Timestamp><DateTime>Sat, 2012-09-15 10:28:35 EDT</DateTime></Topic><Msg>I'm subscribed. Cool.</Msg><Username>seritatfh6797</Username><Timestamp>1347914118226</Timestamp><DateTime>Mon, 2012-09-17 16:35:18 EDT</DateTime><ThumbUp>0</ThumbUp><ThumbDown>0</ThumbDown><Sentiment/></Message><Message type="ReplyMessage"><Id>1347914433440-50</Id><Topic><Title>Does anyone on this board talk about the stock MSFT? #$%$</Title><Username>trader.joedawg</Username><Timestamp>1347909868337</Timestamp><DateTime>Mon, 2012-09-17 15:24:28 EDT</DateTime></Topic><Msg>There is nothing to say about this stock. It has been flat for 12 years.</Msg><Username>obadidos1</Username><Timestamp>1347914433440</Timestamp><DateTime>Mon, 2012-09-17 16:40:33 EDT</DateTime><ThumbUp>1</ThumbUp><ThumbDown>0</ThumbDown><Sentiment/></Message><Message type="ReplyMessage"><Id>1347914689145-51</Id><Topic><Title>"Why I (now) hate Apple"</Title><Username>wottowwottow</Username><Timestamp>1347774534204</Timestamp><DateTime>Sun, 2012-09-16 01:48:54 EDT</DateTime></Topic><Msg>So what if people think its a bad idea? Who cares? Except those that want to take advantage, as with copyright violators.</Msg><Username>obadidos1</Username><Timestamp>1347914689145</Timestamp><DateTime>Mon, 2012-09-17 16:44:49 EDT</DateTime><ThumbUp>0</ThumbUp><ThumbDown>2</ThumbDown><Sentiment/></Message><Message type="ReplyMessage"><Id>1347914832442-52</Id><Topic><Title>In the Middle East, Obamanure's chickens are coming home to roost</Title><Username>obadidos1</Username><Timestamp>1347889326257</Timestamp><DateTime>Mon, 2012-09-17 09:42:06 EDT</DateTime></Topic><Msg>Obamanure's chickens are laying rotten eggs.</Msg><Username>obadidos1</Username><Timestamp>1347914832442</Timestamp><DateTime>Mon, 2012-09-17 16:47:12 EDT</DateTime><ThumbUp>0</ThumbUp><ThumbDown>1</ThumbDown><Sentiment/></Message><Message type="ReplyMessage"><Id>1347915685745-53</Id><Topic><Title>Romney Ryan will increase defense spending, balance the budget, pay down the national debt, stimulate the economy, re-build infra-structure, create 14 million jobs. How will he do this? Wait for it... Wait for it... Wait for it... Wait for it... Wait for it... Wait for it... Wait for it... Wait for it... Wait for it...</Title><Username>the_lord_balzy_project</Username><Timestamp>1347914067923</Timestamp><DateTime>Mon, 2012-09-17 16:34:27 EDT</DateTime></Topic><Msg>G W Bush did it, and recorded the longest and strongest economic growth period in American history</Msg><Username>lordbalzy_the_holy</Username><Timestamp>1347915685745</Timestamp><DateTime>Mon, 2012-09-17 17:01:25 EDT</DateTime><ThumbUp>0</ThumbUp><ThumbDown>3</ThumbDown><Sentiment/></Message><Message type="ReplyMessage"><Id>1347915744003-54</Id><Topic><Title>Romney Ryan will increase defense spending, balance the budget, pay down the national debt, stimulate the economy, re-build infra-structure, create 14 million jobs. How will he do this? Wait for it... Wait for it... Wait for it... Wait for it... Wait for it... Wait for it... Wait for it... Wait for it... Wait for it...</Title><Username>the_lord_balzy_project</Username><Timestamp>1347914067923</Timestamp><DateTime>Mon, 2012-09-17 16:34:27 EDT</DateTime></Topic><Msg>G W Bush did it, and recorded the longest and strongest economic growth period in American history.....ha...heh....ho...ha...hee...ha...please you're killing me........ha...heh....ho...ha...hee...ha...</Msg><Username>lordbalzy_the_holy</Username><Timestamp>1347915744003</Timestamp><DateTime>Mon, 2012-09-17 17:02:24 EDT</DateTime><ThumbUp>1</ThumbUp><ThumbDown>2</ThumbDown><Sentiment/></Message><Message type="ReplyMessage"><Id>1347915894170-55</Id><Topic><Title>Must SEE This! (MSFT)</Title><Username>norinebgc450572</Username><Timestamp>1347719315394</Timestamp><DateTime>Sat, 2012-09-15 10:28:35 EDT</DateTime></Topic><Msg>Thanks for sharing this article.</Msg><Username>carylmqt85807</Username><Timestamp>1347915894170</Timestamp><DateTime>Mon, 2012-09-17 17:04:54 EDT</DateTime><ThumbUp>0</ThumbUp><ThumbDown>0</ThumbDown><Sentiment/></Message><Message type="ReplyMessage"><Id>1347917512075-56</Id><Topic><Title>Must SEE This! (MSFT)</Title><Username>norinebgc450572</Username><Timestamp>1347719315394</Timestamp><DateTime>Sat, 2012-09-15 10:28:35 EDT</DateTime></Topic><Msg>Good job. Informational article.</Msg><Username>willieivg570620</Username><Timestamp>1347917512075</Timestamp><DateTime>Mon, 2012-09-17 17:31:52 EDT</DateTime><ThumbUp>0</ThumbUp><ThumbDown>1</ThumbDown><Sentiment/></Message><Message type="TopicMessage"><Id>1347917703229-57</Id><Title>The 1st successful terrorist attack on US soil in Libya under Obamanure watch!</Title><Msg>!!!!!!!!!!!</Msg><Username>obadidos1</Username><Timestamp>1347917703229</Timestamp><DateTime>Mon, 2012-09-17 17:35:03 EDT</DateTime><ThumbUp>0</ThumbUp><ThumbDown>1</ThumbDown><Sentiment/></Message><Message type="ReplyMessage"><Id>1347917800755-58</Id><Topic><Title>"Why I (now) hate Apple"</Title><Username>wottowwottow</Username><Timestamp>1347774534204</Timestamp><DateTime>Sun, 2012-09-16 01:48:54 EDT</DateTime></Topic><Msg>More likely that you sold your stock a year ago!</Msg><Username>obadidos1</Username><Timestamp>1347917800755</Timestamp><DateTime>Mon, 2012-09-17 17:36:40 EDT</DateTime><ThumbUp>0</ThumbUp><ThumbDown>1</ThumbDown><Sentiment/></Message><Message type="ReplyMessage"><Id>1347920477831-59</Id><Topic><Title>Must SEE This! (MSFT)</Title><Username>norinebgc450572</Username><Timestamp>1347719315394</Timestamp><DateTime>Sat, 2012-09-15 10:28:35 EDT</DateTime></Topic><Msg>Nice one. I will subscribe now.</Msg><Username>oletazmy5717</Username><Timestamp>1347920477831</Timestamp><DateTime>Mon, 2012-09-17 18:21:17 EDT</DateTime><ThumbUp>0</ThumbUp><ThumbDown>1</ThumbDown><Sentiment/></Message><Message type="ReplyMessage"><Id>1347921330667-60</Id><Topic><Title>Vile Anti-Muslim Video Was An Election Strategy Set-up By The Far-Right To Create Turmoil In The MiddleEast. The rightwing is evil and will do anything to win the election.</Title><Username>the_lord_balzy_project</Username><Timestamp>1347895187254</Timestamp><DateTime>Mon, 2012-09-17 11:19:47 EDT</DateTime></Topic><Msg>You nailed it. Lets keep this one on top.</Msg><Username>cfuryurself</Username><Timestamp>1347921330667</Timestamp><DateTime>Mon, 2012-09-17 18:35:30 EDT</DateTime><ThumbUp>0</ThumbUp><ThumbDown>2</ThumbDown><Sentiment/></Message><Message type="ReplyMessage"><Id>1347921424156-61</Id><Topic><Title>Globalization is the root cause. What would a loaf of bread cost today if the influx of foreign workers had not entered the workforce due to globalization. Ya see it postponed inflation, and to fix our state we have to right to ship.</Title><Username>cfuryurself</Username><Timestamp>1347909567189</Timestamp><DateTime>Mon, 2012-09-17 15:19:27 EDT</DateTime></Topic><Msg>Another thought, why would beer cost so much unless globalization had mangled the market.</Msg><Username>cfuryurself</Username><Timestamp>1347921424156</Timestamp><DateTime>Mon, 2012-09-17 18:37:04 EDT</DateTime><ThumbUp>0</ThumbUp><ThumbDown>1</ThumbDown><Sentiment/></Message><Message type="ReplyMessage"><Id>1347923367082-62</Id><Topic><Title>Must SEE This! (MSFT)</Title><Username>norinebgc450572</Username><Timestamp>1347719315394</Timestamp><DateTime>Sat, 2012-09-15 10:28:35 EDT</DateTime></Topic><Msg>Okay cool. Thank you for sharing this.</Msg><Username>mindyure715</Username><Timestamp>1347923367082</Timestamp><DateTime>Mon, 2012-09-17 19:09:27 EDT</DateTime><ThumbUp>0</ThumbUp><ThumbDown>1</ThumbDown><Sentiment/></Message><Message type="TopicMessage"><Id>1347924589184-63</Id><Title>Whatever happened to the Microsoft Surface Tablet?</Title><Msg>Is it still going to be made? I am looking for a new tablet. It would be nice if they would release some more details so I could decide if I want to wait for the new release.</Msg><Username>tlee22202</Username><Timestamp>1347924589184</Timestamp><DateTime>Mon, 2012-09-17 19:29:49 EDT</DateTime><ThumbUp>1</ThumbUp><ThumbDown>0</ThumbDown><Sentiment/></Message><Message type="ReplyMessage"><Id>1347924840515-64</Id><Topic><Title>Must SEE This! (MSFT)</Title><Username>norinebgc450572</Username><Timestamp>1347719315394</Timestamp><DateTime>Sat, 2012-09-15 10:28:35 EDT</DateTime></Topic><Msg>I'm looking for great articles. Nice to be here.</Msg><Username>cristagyd743</Username><Timestamp>1347924840515</Timestamp><DateTime>Mon, 2012-09-17 19:34:00 EDT</DateTime><ThumbUp>0</ThumbUp><ThumbDown>1</ThumbDown><Sentiment/></Message><Message type="ReplyMessage"><Id>1347926126408-65</Id><Topic><Title>Thanking The Bush Administration....</Title><Username>hawcraper</Username><Timestamp>1347898862748</Timestamp><DateTime>Mon, 2012-09-17 12:21:02 EDT</DateTime></Topic><Msg>Romney just said he will create 12 million new jobs his first term, can't get much better than that! It happens by giving himself and others a tax cut too! What a great plan! He also said in a new video, that 47% of Americans are on the dole and he can't get these away from Obama. If you are for Obama, you are on govt checks, remember that. He's quite the guy.</Msg><Username>peppeek</Username><Timestamp>1347926126408</Timestamp><DateTime>Mon, 2012-09-17 19:55:26 EDT</DateTime><ThumbUp>1</ThumbUp><ThumbDown>1</ThumbDown><Sentiment>Buy</Sentiment></Message><Message type="TopicMessage"><Id>1347926313116-66</Id><Title>9/11 attack due to amateur movie trailer insulting Muhammed</Title><Msg>So says the brain dead blood thirsty anti American commie hoar, Hillary. Wow,..... I'm sure glad they didn't insult ALLAH, just think how bad THAT would have been. Whew!!!</Msg><Username>xcrewshe8n</Username><Timestamp>1347926313116</Timestamp><DateTime>Mon, 2012-09-17 19:58:33 EDT</DateTime><ThumbUp>0</ThumbUp><ThumbDown>2</ThumbDown><Sentiment/></Message><Message type="TopicMessage"><Id>1347926409514-67</Id><Title>Don't know when or if Romney ever "retired" from Bain...</Title><Msg>but he's certainly still a full-time #$%$ The #$%$ on the "47%" won't play too well when he has to fully admit to not having paid ANY Federal income or capital gains taxes for the ten years between 1999 and 2009. ZERO ZILCH BUPKIS Moocher. Taker.</Msg><Username>truth_in_government</Username><Timestamp>1347926409514</Timestamp><DateTime>Mon, 2012-09-17 20:00:09 EDT</DateTime><ThumbUp>0</ThumbUp><ThumbDown>1</ThumbDown><Sentiment/></Message><Message type="TopicMessage"><Id>1347926840837-68</Id><Title>Beware the Musllim in the White House</Title><Msg>The Musllims kill their own people like the Musllim pos Kenyan did in Libya, so just think what they'll do to infidels.</Msg><Username>xcrewshe8n</Username><Timestamp>1347926840837</Timestamp><DateTime>Mon, 2012-09-17 20:07:20 EDT</DateTime><ThumbUp>2</ThumbUp><ThumbDown>2</ThumbDown><Sentiment/></Message><Message type="TopicMessage"><Id>1347927272873-69</Id><Title>Is Microsoft Corporation about to plunge? I think I have figured it out</Title><Msg>Microsoft Corporation is on the verge of a major decline. Look what is about to happen! goo.gl/qhjSF</Msg><Username>kristineschoeffler</Username><Timestamp>1347927272873</Timestamp><DateTime>Mon, 2012-09-17 20:14:32 EDT</DateTime><ThumbUp>0</ThumbUp><ThumbDown>1</ThumbDown><Sentiment/></Message><Message type="ReplyMessage"><Id>1347927431846-70</Id><Topic><Title>How Come You Can't Reply To Many Of Hawcreek's Posts?</Title><Username>hawcraper</Username><Timestamp>1347909461215</Timestamp><DateTime>Mon, 2012-09-17 15:17:41 EDT</DateTime></Topic><Msg>you wouldn't be posting sixteen to twenty hours a day, every day, instead of doing anything to get yourself out of the bankruptcy that resulted from doing nothing but posting sixteen to twenty hours a day, every day, for over ten years now. See how you cause your own problems yet? I know in advance that you don't.</Msg><Username>truth_in_government</Username><Timestamp>1347927431846</Timestamp><DateTime>Mon, 2012-09-17 20:17:11 EDT</DateTime><ThumbUp>0</ThumbUp><ThumbDown>1</ThumbDown><Sentiment/></Message><Message type="ReplyMessage"><Id>1347927490484-71</Id><Topic><Title>Does anyone on this board talk about the stock MSFT? #$%$</Title><Username>trader.joedawg</Username><Timestamp>1347909868337</Timestamp><DateTime>Mon, 2012-09-17 15:24:28 EDT</DateTime></Topic><Msg>Time is money.</Msg><Username>nd1005</Username><Timestamp>1347927490484</Timestamp><DateTime>Mon, 2012-09-17 20:18:10 EDT</DateTime><ThumbUp>0</ThumbUp><ThumbDown>1</ThumbDown><Sentiment/></Message><Message type="TopicMessage"><Id>1347928191895-72</Id><Title>Covert Romney Video: 47% Of Americans Believe They Are Entitled To Food, Housing, Healthcare, says Romney.</Title><Msg>Romney caught on video bad mouthing the lazy poor and middleclass deadbeats. When most of the manufacturing jobs are shipped overseas; when Duya Bush blows up the economy; #$%$ are 47% of Americans SUPPOSED to do for work? Not everyone receives million dollar loans from daddy. Many of those 47% fought in the Middle East protecting Romney's assets.</Msg><Username>lordbalzy_the_holy</Username><Timestamp>1347928191895</Timestamp><DateTime>Mon, 2012-09-17 20:29:51 EDT</DateTime><ThumbUp>3</ThumbUp><ThumbDown>3</ThumbDown><Sentiment/></Message><Message type="TopicMessage"><Id>1347928386570-73</Id><Title>Marco Rubio.</Title><Msg>Must be feeling like he's the luckiest man alive today. And the Mittastrophe hasn't even gotten into gear yet. Hopefully Mitt won't campaign in California, all that etch-a-sketch shaking might jolt loose a fault or three.</Msg><Username>truth_in_government</Username><Timestamp>1347928386570</Timestamp><DateTime>Mon, 2012-09-17 20:33:06 EDT</DateTime><ThumbUp>0</ThumbUp><ThumbDown>1</ThumbDown><Sentiment/></Message><Message type="ReplyMessage"><Id>1347928996782-74</Id><Topic><Title>Is Microsoft Corporation about to plunge? I think I have figured it out</Title><Username>kristineschoeffler</Username><Timestamp>1347927272873</Timestamp><DateTime>Mon, 2012-09-17 20:14:32 EDT</DateTime></Topic><Msg>so another wannabe crook decides to short MSFT eh</Msg><Username>whsteffanmsn</Username><Timestamp>1347928996782</Timestamp><DateTime>Mon, 2012-09-17 20:43:16 EDT</DateTime><ThumbUp>0</ThumbUp><ThumbDown>1</ThumbDown><Sentiment/></Message><Message type="ReplyMessage"><Id>1347929455144-75</Id><Topic><Title>Any body see the NAACP gal voting on ballots of dead people</Title><Username>gregjanetommax</Username><Timestamp>1347895940204</Timestamp><DateTime>Mon, 2012-09-17 11:32:20 EDT</DateTime></Topic><Msg>RWNJS baggers and flatearthers unable to bear the dreadful truth that they belong to a virtually extinct part of an organization made up of nothing but greedy financial oligarchs, racists and KKK criminals make up the wildest stories to calm themselves with, to give reason for their growing failure and they try any crime that will advance their cause such as preventing minority Americans from voting with their phoney lies about dead people voting and illegal immigrants voting when in truth hardly a case of voter fraud has accurred. The only voter fraud is the RWNJ effort to keep minorities from voting- these RWNJs are criminals who need to be prosecuted and jailed</Msg><Username>whsteffanmsn</Username><Timestamp>1347929455144</Timestamp><DateTime>Mon, 2012-09-17 20:50:55 EDT</DateTime><ThumbUp>0</ThumbUp><ThumbDown>1</ThumbDown><Sentiment/></Message><Message type="ReplyMessage"><Id>1347929805769-76</Id><Topic><Title>Whatever happened to the Microsoft Surface Tablet?</Title><Username>tlee22202</Username><Timestamp>1347924589184</Timestamp><DateTime>Mon, 2012-09-17 19:29:49 EDT</DateTime></Topic><Msg>most of the Windows 8 stuff including Surface will be released the last week of October- probably the last day of the last week. Microsoft now has to pick up after Dell and HP so the Surface WILL be built</Msg><Username>whsteffanmsn</Username><Timestamp>1347929805769</Timestamp><DateTime>Mon, 2012-09-17 20:56:45 EDT</DateTime><ThumbUp>1</ThumbUp><ThumbDown>0</ThumbDown><Sentiment/></Message><Message type="ReplyMessage"><Id>1347929993043-77</Id><Topic><Title>Romney says "this President cannot tell us we are better off today"</Title><Username>hawcreek12</Username><Timestamp>1347924734480</Timestamp><DateTime>Mon, 2012-09-17 19:32:14 EDT</DateTime></Topic><Msg>++Romney says "this President cannot tell us we are better off today"++ Romney has been known to change his mind....</Msg><Username>beemerbe</Username><Timestamp>1347929993043</Timestamp><DateTime>Mon, 2012-09-17 20:59:53 EDT</DateTime><ThumbUp>1</ThumbUp><ThumbDown>1</ThumbDown><Sentiment/></Message><Message type="ReplyMessage"><Id>1347930172014-78</Id><Topic><Title>Marco Rubio.</Title><Username>truth_in_government</Username><Timestamp>1347928386570</Timestamp><DateTime>Mon, 2012-09-17 20:33:06 EDT</DateTime></Topic><Msg>Why waste your time in the dope capital of the world. Those are not people but freaks or misfits in society. Giant quake coming soon. Bye bye #$%$ in Cal.</Msg><Username>ref_steve_blairstown</Username><Timestamp>1347930172014</Timestamp><DateTime>Mon, 2012-09-17 21:02:52 EDT</DateTime><ThumbUp>0</ThumbUp><ThumbDown>2</ThumbDown><Sentiment/></Message><Message type="ReplyMessage"><Id>1347932764946-79</Id><Topic><Title>Covert Romney Video: 47% Of Americans Believe They Are Entitled To Food, Housing, Healthcare, says Romney.</Title><Username>lordbalzy_the_holy</Username><Timestamp>1347928191895</Timestamp><DateTime>Mon, 2012-09-17 20:29:51 EDT</DateTime></Topic><Msg>Ditto Rush Limpballs!</Msg><Username>lordbalzy_the_holy</Username><Timestamp>1347932764946</Timestamp><DateTime>Mon, 2012-09-17 21:46:04 EDT</DateTime><ThumbUp>1</ThumbUp><ThumbDown>0</ThumbDown><Sentiment/></Message><Message type="TopicMessage"><Id>1347933127395-80</Id><Title>Elaine Chao criticizes Obama work welfare policies. FAUX News doesn't disclose she's on Romney's Election Campaign. Do you tnhink she may be biased.</Title><Msg>Fox News contributor Elaine Chao has recently appeared on Fox Business to criticize Obama over the economy and push the falsehood that he stripped the work requirement from welfare. During these appearances, Fox didn't disclose that Chao is a national chair of Mitt Romney's presidential campaign. Fox News has made it a regular practice to not disclose some of its frequent guests' ties to the Romney campaign FAUX NEWS INDEED</Msg><Username>lordbalzy_the_holy</Username><Timestamp>1347933127395</Timestamp><DateTime>Mon, 2012-09-17 21:52:07 EDT</DateTime><ThumbUp>0</ThumbUp><ThumbDown>1</ThumbDown><Sentiment/></Message><Message type="TopicMessage"><Id>1347933516240-81</Id><Title>Obama filed more trade complaints against China in less than one term than the George W. Bush administration had in two</Title><Msg>Obama filed more trade complaints against China in less than one term than the George W. Bush administration had in two. The latest U.S. complaint was the ninth trade action filed against China by the Obama administration</Msg><Username>lordbalzy_the_holy</Username><Timestamp>1347933516240</Timestamp><DateTime>Mon, 2012-09-17 21:58:36 EDT</DateTime><ThumbUp>0</ThumbUp><ThumbDown>1</ThumbDown><Sentiment/></Message><Message type="ReplyMessage"><Id>1347933779802-82</Id><Topic><Title>The 1st successful terrorist attack on US soil in Libya under Obamanure watch!</Title><Username>obadidos1</Username><Timestamp>1347917703229</Timestamp><DateTime>Mon, 2012-09-17 17:35:03 EDT</DateTime></Topic><Msg>No deaths! they were thwarted!</Msg><Username>obadidos1</Username><Timestamp>1347933779802</Timestamp><DateTime>Mon, 2012-09-17 22:02:59 EDT</DateTime><ThumbUp>1</ThumbUp><ThumbDown>3</ThumbDown><Sentiment/></Message><Message type="ReplyMessage"><Id>1347933844102-83</Id><Topic><Title>The 1st successful terrorist attack on US soil in Libya under Obamanure watch!</Title><Username>obadidos1</Username><Timestamp>1347917703229</Timestamp><DateTime>Mon, 2012-09-17 17:35:03 EDT</DateTime></Topic><Msg>Obamanure's policy caused death of ambassador!</Msg><Username>obadidos1</Username><Timestamp>1347933844102</Timestamp><DateTime>Mon, 2012-09-17 22:04:04 EDT</DateTime><ThumbUp>0</ThumbUp><ThumbDown>1</ThumbDown><Sentiment/></Message><Message type="TopicMessage"><Id>1347934733471-84</Id><Title>Romney Snides: My role is not to worry about those people</Title><Msg>Looking down his nose at 47% of Americans "Forty-seven percent of Americans pay no income tax," Romney said. His role "is not to worry about those people. I'll never convince them they should take personal responsibility and care for their lives." Passing judgement over 47% of Americans ***IS*** his role?</Msg><Username>lordbalzy_the_holy</Username><Timestamp>1347934733471</Timestamp><DateTime>Mon, 2012-09-17 22:18:53 EDT</DateTime><ThumbUp>0</ThumbUp><ThumbDown>2</ThumbDown><Sentiment/></Message><Message type="TopicMessage"><Id>1347935191619-85</Id><Title>I Thank Jebus Every Day That Mitt Romney.....</Title><Msg>...is on your side.</Msg><Username>lordbalzy_the_holy</Username><Timestamp>1347935191619</Timestamp><DateTime>Mon, 2012-09-17 22:26:31 EDT</DateTime><ThumbUp>1</ThumbUp><ThumbDown>1</ThumbDown><Sentiment/></Message><Message type="TopicMessage"><Id>1347935509639-86</Id><Title>Why are musllims cowardly pigs?</Title><Msg>7th century sub-human barbarians.</Msg><Username>obadidos1</Username><Timestamp>1347935509639</Timestamp><DateTime>Mon, 2012-09-17 22:31:49 EDT</DateTime><ThumbUp>0</ThumbUp><ThumbDown>2</ThumbDown><Sentiment/></Message><Message type="ReplyMessage"><Id>1347939060575-87</Id><Topic><Title>Covert Romney Video: 47% Of Americans Believe They Are Entitled To Food, Housing, Healthcare, says Romney.</Title><Username>lordbalzy_the_holy</Username><Timestamp>1347928191895</Timestamp><DateTime>Mon, 2012-09-17 20:29:51 EDT</DateTime></Topic><Msg>The true romney is exposed, this is his story, this is his life, sickening pursuit of money, all the while thinking he is following Jeezus.</Msg><Username>hawrcreek10</Username><Timestamp>1347939060575</Timestamp><DateTime>Mon, 2012-09-17 23:31:00 EDT</DateTime><ThumbUp>2</ThumbUp><ThumbDown>2</ThumbDown><Sentiment/></Message><Message type="TopicMessage"><Id>1347939214259-88</Id><Title>Paul Ryan, disguised as an economist, has only a BA with an econ. minor</Title><Msg>ten college kids on my block have as much or more, but no one lets them go tell America how to do economics.</Msg><Username>peppeek</Username><Timestamp>1347939214259</Timestamp><DateTime>Mon, 2012-09-17 23:33:34 EDT</DateTime><ThumbUp>1</ThumbUp><ThumbDown>4</ThumbDown><Sentiment/></Message></Date>