<?xml version="1.0" encoding="UTF-8" standalone="no"?><Date date="2013-06-26"><Message type="ReplyMessage"><Id>1372228067840-1</Id><Topic><Title>Making money is to easy when your...</Title><Username>rogerwalker513</Username><Timestamp>1371786380089</Timestamp><DateTime>Thu, 2013-06-20 23:46:20 EDT</DateTime></Topic><Msg>IJFR</Msg><Username>tryme877</Username><Timestamp>1372228067840</Timestamp><DateTime>Wed, 2013-06-26 02:27:47 EDT</DateTime><ThumbUp>0</ThumbUp><ThumbDown>2</ThumbDown><Sentiment/></Message><Message type="ReplyMessage"><Id>1372242829466-2</Id><Topic><Title>Biggest doevergemce I ever had seen</Title><Username>flankenking</Username><Timestamp>1371047841072</Timestamp><DateTime>Wed, 2013-06-12 10:37:21 EDT</DateTime></Topic><Msg>Lori Chavez comes from Local Corp Debunking 4 Local Advertising Myths 6/21/2013 - MediaPost by Lori Chavez Fact or fiction – local advertising is a waste of online marketing dollars? If you answered fact, you could be missing a potential $38 billion market opportunity. The challenge is how do brands take advantage of deploying the right tools to reach and engage local consumers. Not everyone gets it right. Of all the misconceptions brand marketers have about ad networks and local advertising, perhaps the most critical is that it can’t be done well. In reality, it’s been something of an after-thought. As a result, some brands don’t embrace the nuanced approach necessary to target those markets in a way that drives desired results. Today, it’s essential to debunk some of the long-standing myths that are holding local advertisers back from success in their local market. Here are four brands need to know to avoid the pitfalls of misinformation</Msg><Username>flankenking</Username><Timestamp>1372242829466</Timestamp><DateTime>Wed, 2013-06-26 06:33:49 EDT</DateTime><ThumbUp>0</ThumbUp><ThumbDown>0</ThumbDown><Sentiment/></Message><Message type="ReplyMessage"><Id>1372243330941-3</Id><Topic><Title>Is MSFT &amp; Oracle partnership prelude to a mega merger?</Title><Username>yw23t</Username><Timestamp>1372155034306</Timestamp><DateTime>Tue, 2013-06-25 06:10:34 EDT</DateTime></Topic><Msg>Half of the workers you have to deal with as an IT company do not know what the cloud is. Microsoft is making an eco system that if you can turn on your computer and plug in an HDMI cable and just a few others your entire IT system from Mobile, to Office to Skye will just work and everything will be stored in the cloud and can be accessed from anywhere. It can be wiped remotely which is a must for bus. &amp; gov. It is the only perfect solution that is secure from heat to toe. Now Microsoft can just go into a Gov. and offer 1 bid to do every single thing, provide the hardware, software, service, phones &amp; help. It is the only complete total solution from a name you know and trust. Game over.</Msg><Username>ineedastock</Username><Timestamp>1372243330941</Timestamp><DateTime>Wed, 2013-06-26 06:42:10 EDT</DateTime><ThumbUp>0</ThumbUp><ThumbDown>0</ThumbDown><Sentiment/></Message><Message type="ReplyMessage"><Id>1372244284764-4</Id><Topic><Title>Is MSFT &amp; Oracle partnership prelude to a mega merger?</Title><Username>yw23t</Username><Timestamp>1372155034306</Timestamp><DateTime>Tue, 2013-06-25 06:10:34 EDT</DateTime></Topic><Msg>And to shareholders of both companies!</Msg><Username>yw23t</Username><Timestamp>1372244284764</Timestamp><DateTime>Wed, 2013-06-26 06:58:04 EDT</DateTime><ThumbUp>0</ThumbUp><ThumbDown>0</ThumbDown><Sentiment>Hold</Sentiment></Message><Message type="ReplyMessage"><Id>1372245563423-5</Id><Topic><Title>Leaving A Planet Beyond Fixing To Our Children</Title><Username>national_soup_month</Username><Timestamp>1372200539630</Timestamp><DateTime>Tue, 2013-06-25 18:48:59 EDT</DateTime></Topic><Msg>Millions of XP computers will be dumped in landfills next April, thanks to Microsoft.</Msg><Username>papa.weelee</Username><Timestamp>1372245563423</Timestamp><DateTime>Wed, 2013-06-26 07:19:23 EDT</DateTime><ThumbUp>0</ThumbUp><ThumbDown>0</ThumbDown><Sentiment>Strong Sell</Sentiment></Message><Message type="ReplyMessage"><Id>1372245680128-6</Id><Topic><Title>What's going on with MSFT?</Title><Username>manu_le_parisien</Username><Timestamp>1372180872309</Timestamp><DateTime>Tue, 2013-06-25 13:21:12 EDT</DateTime></Topic><Msg>MSFT is going nowhere because of Windows 8. The fake start button in Windows 8.1 won't help either. Sent from my Samsung Google Chromebook with NO WinTel Inside!</Msg><Username>papa.weelee</Username><Timestamp>1372245680128</Timestamp><DateTime>Wed, 2013-06-26 07:21:20 EDT</DateTime><ThumbUp>0</ThumbUp><ThumbDown>0</ThumbDown><Sentiment>Strong Sell</Sentiment></Message><Message type="ReplyMessage"><Id>1372245734558-7</Id><Topic><Title>HP Continues to Expand Its Android Arsenal</Title><Username>wottowwottow</Username><Timestamp>1372161571123</Timestamp><DateTime>Tue, 2013-06-25 07:59:31 EDT</DateTime></Topic><Msg>HP is selling a Chromebook now too.</Msg><Username>papa.weelee</Username><Timestamp>1372245734558</Timestamp><DateTime>Wed, 2013-06-26 07:22:14 EDT</DateTime><ThumbUp>1</ThumbUp><ThumbDown>0</ThumbDown><Sentiment>Strong Sell</Sentiment></Message><Message type="ReplyMessage"><Id>1372245792409-8</Id><Topic><Title>Reports- Restructuring begins next week</Title><Username>advental</Username><Timestamp>1372193481161</Timestamp><DateTime>Tue, 2013-06-25 16:51:21 EDT</DateTime></Topic><Msg>Nothing will change until Ballmer resigns.</Msg><Username>papa.weelee</Username><Timestamp>1372245792409</Timestamp><DateTime>Wed, 2013-06-26 07:23:12 EDT</DateTime><ThumbUp>1</ThumbUp><ThumbDown>0</ThumbDown><Sentiment>Strong Sell</Sentiment></Message><Message type="ReplyMessage"><Id>1372245942134-9</Id><Topic><Title>An Operating System for the Commercial Drone Era</Title><Username>wottowwottow</Username><Timestamp>1372188085700</Timestamp><DateTime>Tue, 2013-06-25 15:21:25 EDT</DateTime></Topic><Msg>Lots of RC planes and helicopters already work with an iPhone as the controller.</Msg><Username>papa.weelee</Username><Timestamp>1372245942134</Timestamp><DateTime>Wed, 2013-06-26 07:25:42 EDT</DateTime><ThumbUp>0</ThumbUp><ThumbDown>0</ThumbDown><Sentiment>Strong Sell</Sentiment></Message><Message type="ReplyMessage"><Id>1372246089492-10</Id><Topic><Title>Ctr-Alt-Del on the touchscreen ?</Title><Username>dollar_printer</Username><Timestamp>1372105917278</Timestamp><DateTime>Mon, 2013-06-24 16:31:57 EDT</DateTime></Topic><Msg>Ha! Ha! Ha! Ha! Ha! Ha!</Msg><Username>papa.weelee</Username><Timestamp>1372246089492</Timestamp><DateTime>Wed, 2013-06-26 07:28:09 EDT</DateTime><ThumbUp>0</ThumbUp><ThumbDown>0</ThumbDown><Sentiment>Strong Sell</Sentiment></Message><Message type="ReplyMessage"><Id>1372246248998-11</Id><Topic><Title>W-8 is good and W-8.1 will be great!!!</Title><Username>sss150</Username><Timestamp>1372128512865</Timestamp><DateTime>Mon, 2013-06-24 22:48:32 EDT</DateTime></Topic><Msg>Windows 8 is a joke. Any news about Windows 9 yet? I'll stick with my Samsung Google Chromebook until something better comes along.</Msg><Username>papa.weelee</Username><Timestamp>1372246248998</Timestamp><DateTime>Wed, 2013-06-26 07:30:48 EDT</DateTime><ThumbUp>1</ThumbUp><ThumbDown>0</ThumbDown><Sentiment>Strong Sell</Sentiment></Message><Message type="ReplyMessage"><Id>1372249503339-12</Id><Topic><Title>Gartner Recommends Windows 8.1 For Full Scale Enterprise Deployment....</Title><Username>ossobucco2012</Username><Timestamp>1371901921464</Timestamp><DateTime>Sat, 2013-06-22 07:52:01 EDT</DateTime></Topic><Msg>Folks Gartner has already audited Windows 8.1 and has recommended its full deployment to the CIOs and today the Press will get its first chance to appreciate the new upgrades. Osso</Msg><Username>ossobucco2012</Username><Timestamp>1372249503339</Timestamp><DateTime>Wed, 2013-06-26 08:25:03 EDT</DateTime><ThumbUp>2</ThumbUp><ThumbDown>6</ThumbDown><Sentiment>Strong Buy</Sentiment></Message><Message type="ReplyMessage"><Id>1372249692755-13</Id><Topic><Title>HP Continues to Expand Its Android Arsenal</Title><Username>wottowwottow</Username><Timestamp>1372161571123</Timestamp><DateTime>Tue, 2013-06-25 07:59:31 EDT</DateTime></Topic><Msg>"...google is working 24/7 to bring smartphones to chrome..." Sounds like you're confusing the Chrome OS with the Chrome browser. But perhaps you have a source for that statement?</Msg><Username>wottowwottow</Username><Timestamp>1372249692755</Timestamp><DateTime>Wed, 2013-06-26 08:28:12 EDT</DateTime><ThumbUp>1</ThumbUp><ThumbDown>2</ThumbDown><Sentiment/></Message><Message type="TopicMessage"><Id>1372253551733-14</Id><Title>MSFT PT moved up to $40 from $34 at Morgan Stanley....</Title><Msg>More to come.... Osso</Msg><Username>ossobucco2012</Username><Timestamp>1372253551733</Timestamp><DateTime>Wed, 2013-06-26 09:32:31 EDT</DateTime><ThumbUp>1</ThumbUp><ThumbDown>2</ThumbDown><Sentiment>Strong Buy</Sentiment></Message><Message type="ReplyMessage"><Id>1372253707685-15</Id><Topic><Title>MSFT PT moved up to $40 from $34 at Morgan Stanley....</Title><Username>ossobucco2012</Username><Timestamp>1372253551733</Timestamp><DateTime>Wed, 2013-06-26 09:32:31 EDT</DateTime></Topic><Msg>Great!! It's about time this stock moves up!!</Msg><Username>manu_le_parisien</Username><Timestamp>1372253707685</Timestamp><DateTime>Wed, 2013-06-26 09:35:07 EDT</DateTime><ThumbUp>0</ThumbUp><ThumbDown>1</ThumbDown><Sentiment/></Message><Message type="TopicMessage"><Id>1372253877720-16</Id><Title>NICE UPGRADE</Title><Msg>We needed that . Shorts are covering again.</Msg><Username>nw_ripper</Username><Timestamp>1372253877720</Timestamp><DateTime>Wed, 2013-06-26 09:37:57 EDT</DateTime><ThumbUp>1</ThumbUp><ThumbDown>0</ThumbDown><Sentiment/></Message><Message type="TopicMessage"><Id>1372254008493-17</Id><Title>DOMA Will Stand</Title><Msg>....because it's settled law and all. You know, like Roe v. Wade, and kind of like the settled science of global warming. Right? I mean, really. Bill Clinton signed DOMA into law, and he is the Transcendent Debaucher in Chief that came before The One, after all. Came, indeed. It will be curious to see which way the all-powerful SCOTUS goes with California's Prop 8, too. Will the federal government commandeer the power to tell the people of a state that they don't have the right to add the prohibition of gay marriage to their state's constitution as they desired and voted? What about the other 30 states in America that have already added such a provision to their state constitutions?</Msg><Username>plmartin_2012</Username><Timestamp>1372254008493</Timestamp><DateTime>Wed, 2013-06-26 09:40:08 EDT</DateTime><ThumbUp>1</ThumbUp><ThumbDown>3</ThumbDown><Sentiment/></Message><Message type="ReplyMessage"><Id>1372254613346-18</Id><Topic><Title>MSFT PT moved up to $40 from $34 at Morgan Stanley....</Title><Username>ossobucco2012</Username><Timestamp>1372253551733</Timestamp><DateTime>Wed, 2013-06-26 09:32:31 EDT</DateTime></Topic><Msg>Although I never really listened to MS, MSFT deserved this move up.</Msg><Username>jjbrooks52</Username><Timestamp>1372254613346</Timestamp><DateTime>Wed, 2013-06-26 09:50:13 EDT</DateTime><ThumbUp>1</ThumbUp><ThumbDown>1</ThumbDown><Sentiment/></Message><Message type="TopicMessage"><Id>1372254770935-19</Id><Title>"Unexpected" Revision to Q1 GDP</Title><Msg>Gross domestic product grew at a 1.8% annual rate, the Commerce Department said in its final estimate on Wednesday. Output was previously reported at a 2.4% pace after a 0.4 percent stall speed in the fourth quarter. The pace of inventory accumulation was also revised down. Excluding inventories, GDP grew at a 1.2 percent rate, the slowest in two years. (sarcasm on) What's all the fuss? They were just off by 25%, for heaven's sake. (sarcasm off) Obama. America's Employers On Hold.</Msg><Username>plmartin02</Username><Timestamp>1372254770935</Timestamp><DateTime>Wed, 2013-06-26 09:52:50 EDT</DateTime><ThumbUp>1</ThumbUp><ThumbDown>1</ThumbDown><Sentiment/></Message><Message type="ReplyMessage"><Id>1372255731854-20</Id><Topic><Title>Gartner Recommends Windows 8.1 For Full Scale Enterprise Deployment....</Title><Username>ossobucco2012</Username><Timestamp>1371901921464</Timestamp><DateTime>Sat, 2013-06-22 07:52:01 EDT</DateTime></Topic><Msg>Of course folks, when people actually see the product such recommendations may be pulled back ! For some reason MSFT products never impress as much in real life as on paper! You know - W8, Zune, Kin, Vista, Surface, Xbox One, etc., etc., etc., etc., etc., etc., etc..................... Osso</Msg><Username>ossobucco20l2</Username><Timestamp>1372255731854</Timestamp><DateTime>Wed, 2013-06-26 10:08:51 EDT</DateTime><ThumbUp>2</ThumbUp><ThumbDown>5</ThumbDown><Sentiment>Strong Buy</Sentiment></Message><Message type="ReplyMessage"><Id>1372255831557-21</Id><Topic><Title>MSFT PT moved up to $40 from $34 at Morgan Stanley....</Title><Username>ossobucco2012</Username><Timestamp>1372253551733</Timestamp><DateTime>Wed, 2013-06-26 09:32:31 EDT</DateTime></Topic><Msg>Not sure if the time frame for $40 is a year or 10 years! This is MSFT folks! Osso</Msg><Username>ossobucco20l2</Username><Timestamp>1372255831557</Timestamp><DateTime>Wed, 2013-06-26 10:10:31 EDT</DateTime><ThumbUp>0</ThumbUp><ThumbDown>2</ThumbDown><Sentiment>Strong Buy</Sentiment></Message><Message type="ReplyMessage"><Id>1372256006961-22</Id><Topic><Title>Of course ORCL got crushed as well</Title><Username>ossobucco20l2</Username><Timestamp>1372191259690</Timestamp><DateTime>Tue, 2013-06-25 16:14:19 EDT</DateTime></Topic><Msg>Wow! Are you stalking me geoff? You seem to know my every move - a little creepy really. Osso</Msg><Username>ossobucco20l2</Username><Timestamp>1372256006961</Timestamp><DateTime>Wed, 2013-06-26 10:13:26 EDT</DateTime><ThumbUp>0</ThumbUp><ThumbDown>1</ThumbDown><Sentiment>Strong Buy</Sentiment></Message><Message type="ReplyMessage"><Id>1372256619675-23</Id><Topic><Title>"Unexpected" Revision to Q1 GDP</Title><Username>plmartin02</Username><Timestamp>1372254770935</Timestamp><DateTime>Wed, 2013-06-26 09:52:50 EDT</DateTime></Topic><Msg>America's employers sent jobs and know how to China, that's what happened. They want it to be 1900 like you do, no labor rules, no healthcare. Just make more money to get rich. Me me me. Now you want to trust them. You think they are honestly concerned about their workers lives. You wanted to elect one of the job exporters as President. So happy it didn't work out, and we have the best President ever, who is for all the people like he is supposed to be.</Msg><Username>peppeek</Username><Timestamp>1372256619675</Timestamp><DateTime>Wed, 2013-06-26 10:23:39 EDT</DateTime><ThumbUp>1</ThumbUp><ThumbDown>1</ThumbDown><Sentiment>Strong Buy</Sentiment></Message><Message type="ReplyMessage"><Id>1372256638741-24</Id><Topic><Title>MSFT PT moved up to $40 from $34 at Morgan Stanley....</Title><Username>ossobucco2012</Username><Timestamp>1372253551733</Timestamp><DateTime>Wed, 2013-06-26 09:32:31 EDT</DateTime></Topic><Msg>You S0B loser you are getting killed again on T and MSFT. Osso</Msg><Username>ossobucco2012</Username><Timestamp>1372256638741</Timestamp><DateTime>Wed, 2013-06-26 10:23:58 EDT</DateTime><ThumbUp>0</ThumbUp><ThumbDown>2</ThumbDown><Sentiment>Strong Buy</Sentiment></Message><Message type="TopicMessage"><Id>1372256778594-25</Id><Title>Just Added 2,500 More ORCL Shares....</Title><Msg>Folks the shorts are deep in and soon we will have rebound.... Please do your DD as always. Osso</Msg><Username>ossobucco2012</Username><Timestamp>1372256778594</Timestamp><DateTime>Wed, 2013-06-26 10:26:18 EDT</DateTime><ThumbUp>0</ThumbUp><ThumbDown>3</ThumbDown><Sentiment>Strong Buy</Sentiment></Message><Message type="ReplyMessage"><Id>1372256847837-26</Id><Topic><Title>"Unexpected" Revision to Q1 GDP</Title><Username>plmartin02</Username><Timestamp>1372254770935</Timestamp><DateTime>Wed, 2013-06-26 09:52:50 EDT</DateTime></Topic><Msg>Sounds like reason for a rally! If you watch level 2 and you miss the momo pushes on nothing, you don't get math.</Msg><Username>an_obama_nation</Username><Timestamp>1372256847837</Timestamp><DateTime>Wed, 2013-06-26 10:27:27 EDT</DateTime><ThumbUp>1</ThumbUp><ThumbDown>2</ThumbDown><Sentiment/></Message><Message type="ReplyMessage"><Id>1372256853406-27</Id><Topic><Title>DOMA Will Stand</Title><Username>plmartin_2012</Username><Timestamp>1372254008493</Timestamp><DateTime>Wed, 2013-06-26 09:40:08 EDT</DateTime></Topic><Msg>Ha ha ha ha Defense of morons act thrown out. RWNJ lose again and again and again........</Msg><Username>cfuryurself</Username><Timestamp>1372256853406</Timestamp><DateTime>Wed, 2013-06-26 10:27:33 EDT</DateTime><ThumbUp>3</ThumbUp><ThumbDown>1</ThumbDown><Sentiment/></Message><Message type="TopicMessage"><Id>1372256938075-28</Id><Title>Major Upgrade for MSFT. Read Now!</Title><Msg>If or when you are searching for information concerning the stock market, then you may want to see this. ixDOTlt/e0vw</Msg><Username>daniellastnamegossett</Username><Timestamp>1372256938075</Timestamp><DateTime>Wed, 2013-06-26 10:28:58 EDT</DateTime><ThumbUp>2</ThumbUp><ThumbDown>1</ThumbDown><Sentiment/></Message><Message type="TopicMessage"><Id>1372257220466-29</Id><Title>MSFT the operating system for the lower class.</Title><Msg>Obama and his peers.</Msg><Username>dollar_printer</Username><Timestamp>1372257220466</Timestamp><DateTime>Wed, 2013-06-26 10:33:40 EDT</DateTime><ThumbUp>0</ThumbUp><ThumbDown>3</ThumbDown><Sentiment/></Message><Message type="ReplyMessage"><Id>1372257240626-30</Id><Topic><Title>Major Upgrade for MSFT. Read Now!</Title><Username>daniellastnamegossett</Username><Timestamp>1372256938075</Timestamp><DateTime>Wed, 2013-06-26 10:28:58 EDT</DateTime></Topic><Msg>seriously send it</Msg><Username>daniellastnamegossett</Username><Timestamp>1372257240626</Timestamp><DateTime>Wed, 2013-06-26 10:34:00 EDT</DateTime><ThumbUp>1</ThumbUp><ThumbDown>0</ThumbDown><Sentiment/></Message><Message type="ReplyMessage"><Id>1372257799495-31</Id><Topic><Title>Ctr-Alt-Del on the touchscreen ?</Title><Username>dollar_printer</Username><Timestamp>1372105917278</Timestamp><DateTime>Mon, 2013-06-24 16:31:57 EDT</DateTime></Topic><Msg>That is not funny papapeepee. Windows 8 does not freeze. That is why I am confused by this snap. Windows 8 has never froze yet for me and I have had it on silnce several months before it was available to the public. What is wrong with you a holes. Are they writing a list of 10 year old problems or is that the only bash you can think of. It is not a legitimate problem. Man the first time I bought an iphone, it was freezing like 5 times a day. I go up to the cute girl in the store and she says sir you will have to sign in and wait to be seen by the genius bar. So I sit down at the sample machines and sort of pretending to be using it and mean while watching what the pervs to the left and right where accessing since they were anonymous. That is sort of a pedo farm since you just walk in an use a test machine anonymously. Anyway I get up to the genius bar 90 minutes later and the punk says they all do that you just have to turn them off and restart. I said I want a new one it locks up 5 times on the first day. He said dude they all do, there is nothing wrong with yours you have to turn them back on after powering down. Welcome to IOS and apple I guess . No problem with Windows 8 or my numerous Nokia Lumia Windows 8 phones. Have had a dozen or so and tested them and I only had 2 or 3 lockups out of the 822 and that was since September or October of 2012. Windows 8 is great.</Msg><Username>ineedastock</Username><Timestamp>1372257799495</Timestamp><DateTime>Wed, 2013-06-26 10:43:19 EDT</DateTime><ThumbUp>0</ThumbUp><ThumbDown>0</ThumbDown><Sentiment/></Message><Message type="ReplyMessage"><Id>1372257850998-32</Id><Topic><Title>Major Upgrade for MSFT. Read Now!</Title><Username>daniellastnamegossett</Username><Timestamp>1372256938075</Timestamp><DateTime>Wed, 2013-06-26 10:28:58 EDT</DateTime></Topic><Msg>Windows 8.1 is hardly an upgrade. It's more of a patch attempting to fix what Microsoft should have done in the first place. The fake Start Button only takes you to the Metro Start Screen. You still need a 3rd party app to fix the Start Menu. At least 8.1 gives you the option of booting to a the desktop instead of the Start Screen. Uninstalling the Start Screen completely would be a better option.</Msg><Username>hahahacreek</Username><Timestamp>1372257850998</Timestamp><DateTime>Wed, 2013-06-26 10:44:10 EDT</DateTime><ThumbUp>3</ThumbUp><ThumbDown>0</ThumbDown><Sentiment>Sell</Sentiment></Message><Message type="TopicMessage"><Id>1372257922214-33</Id><Title>8.1 update for free release today.</Title><Msg>Surprised no comments so far. Where is the start button nuts. Remember when I said point the cursor in the lower left of screen and right click. Now this is a shut down there also.</Msg><Username>ineedastock</Username><Timestamp>1372257922214</Timestamp><DateTime>Wed, 2013-06-26 10:45:22 EDT</DateTime><ThumbUp>1</ThumbUp><ThumbDown>1</ThumbDown><Sentiment/></Message><Message type="ReplyMessage"><Id>1372258089760-34</Id><Topic><Title>HP Continues to Expand Its Android Arsenal</Title><Username>wottowwottow</Username><Timestamp>1372161571123</Timestamp><DateTime>Tue, 2013-06-25 07:59:31 EDT</DateTime></Topic><Msg>You are right about Chrome, but keep in mind that most of the Android phones/tablets are sold in Asia and developing markets, and more and more by small manufacturers, they don't pay any royalty to Microsoft</Msg><Username>boston_escape</Username><Timestamp>1372258089760</Timestamp><DateTime>Wed, 2013-06-26 10:48:09 EDT</DateTime><ThumbUp>1</ThumbUp><ThumbDown>1</ThumbDown><Sentiment/></Message><Message type="ReplyMessage"><Id>1372259311583-35</Id><Topic><Title>Major Upgrade for MSFT. Read Now!</Title><Username>daniellastnamegossett</Username><Timestamp>1372256938075</Timestamp><DateTime>Wed, 2013-06-26 10:28:58 EDT</DateTime></Topic><Msg>impressed.</Msg><Username>edgarvezina</Username><Timestamp>1372259311583</Timestamp><DateTime>Wed, 2013-06-26 11:08:31 EDT</DateTime><ThumbUp>1</ThumbUp><ThumbDown>1</ThumbDown><Sentiment/></Message><Message type="TopicMessage"><Id>1372259880237-36</Id><Title>Check Out These Stock Picks</Title><Msg>Trade like an expert. Sign up for their free picks by Text the wording Alerts without quotes to FIVE FIVE FIVE EIGHT EIGHT EIGHT. Watch your profits increase immediately</Msg><Username>chart933</Username><Timestamp>1372259880237</Timestamp><DateTime>Wed, 2013-06-26 11:18:00 EDT</DateTime><ThumbUp>2</ThumbUp><ThumbDown>0</ThumbDown><Sentiment/></Message><Message type="ReplyMessage"><Id>1372259912734-37</Id><Topic><Title>Major Upgrade for MSFT. Read Now!</Title><Username>daniellastnamegossett</Username><Timestamp>1372256938075</Timestamp><DateTime>Wed, 2013-06-26 10:28:58 EDT</DateTime></Topic><Msg>looking good</Msg><Username>s.townes</Username><Timestamp>1372259912734</Timestamp><DateTime>Wed, 2013-06-26 11:18:32 EDT</DateTime><ThumbUp>1</ThumbUp><ThumbDown>1</ThumbDown><Sentiment/></Message><Message type="ReplyMessage"><Id>1372260601817-38</Id><Topic><Title>Major Upgrade for MSFT. Read Now!</Title><Username>daniellastnamegossett</Username><Timestamp>1372256938075</Timestamp><DateTime>Wed, 2013-06-26 10:28:58 EDT</DateTime></Topic><Msg>sweeeet</Msg><Username>edwardcook142</Username><Timestamp>1372260601817</Timestamp><DateTime>Wed, 2013-06-26 11:30:01 EDT</DateTime><ThumbUp>0</ThumbUp><ThumbDown>0</ThumbDown><Sentiment/></Message><Message type="ReplyMessage"><Id>1372261567819-39</Id><Topic><Title>check out these alerts ASAP</Title><Username>carlosfarmer209</Username><Timestamp>1372177835509</Timestamp><DateTime>Tue, 2013-06-25 12:30:35 EDT</DateTime></Topic><Msg>thanks man, greatly appreciated</Msg><Username>isaiahhunter918</Username><Timestamp>1372261567819</Timestamp><DateTime>Wed, 2013-06-26 11:46:07 EDT</DateTime><ThumbUp>0</ThumbUp><ThumbDown>0</ThumbDown><Sentiment/></Message><Message type="ReplyMessage"><Id>1372261613193-40</Id><Topic><Title>wow. check out this post. amazing info!</Title><Username>carlosfarmer209</Username><Timestamp>1372176281112</Timestamp><DateTime>Tue, 2013-06-25 12:04:41 EDT</DateTime></Topic><Msg>thanks man, greatly appreciated</Msg><Username>isaiahhunter918</Username><Timestamp>1372261613193</Timestamp><DateTime>Wed, 2013-06-26 11:46:53 EDT</DateTime><ThumbUp>0</ThumbUp><ThumbDown>0</ThumbDown><Sentiment/></Message><Message type="ReplyMessage"><Id>1372261669948-41</Id><Topic><Title>These alerts are boss</Title><Username>cmatthew120</Username><Timestamp>1372169372427</Timestamp><DateTime>Tue, 2013-06-25 10:09:32 EDT</DateTime></Topic><Msg>thanks man, greatly appreciated</Msg><Username>isaiahhunter918</Username><Timestamp>1372261669948</Timestamp><DateTime>Wed, 2013-06-26 11:47:49 EDT</DateTime><ThumbUp>0</ThumbUp><ThumbDown>0</ThumbDown><Sentiment/></Message><Message type="ReplyMessage"><Id>1372262011206-42</Id><Topic><Title>MSFT the operating system for the lower class.</Title><Username>dollar_printer</Username><Timestamp>1372257220466</Timestamp><DateTime>Wed, 2013-06-26 10:33:40 EDT</DateTime></Topic><Msg>Oh...? Well, what does a racist bottom feeding #$%$ sucker such as yourself use?</Msg><Username>predisposable_nym_01</Username><Timestamp>1372262011206</Timestamp><DateTime>Wed, 2013-06-26 11:53:31 EDT</DateTime><ThumbUp>0</ThumbUp><ThumbDown>0</ThumbDown><Sentiment/></Message><Message type="ReplyMessage"><Id>1372262208304-43</Id><Topic><Title>MSFT the operating system for the lower class.</Title><Username>dollar_printer</Username><Timestamp>1372257220466</Timestamp><DateTime>Wed, 2013-06-26 10:33:40 EDT</DateTime></Topic><Msg>Oh predip, Take a plunger to your ear and get that turd out of there.</Msg><Username>misterreality14</Username><Timestamp>1372262208304</Timestamp><DateTime>Wed, 2013-06-26 11:56:48 EDT</DateTime><ThumbUp>0</ThumbUp><ThumbDown>2</ThumbDown><Sentiment/></Message><Message type="ReplyMessage"><Id>1372262362294-44</Id><Topic><Title>MSFT the operating system for the lower class.</Title><Username>dollar_printer</Username><Timestamp>1372257220466</Timestamp><DateTime>Wed, 2013-06-26 10:33:40 EDT</DateTime></Topic><Msg>It's not a turd. It's a yacht. F u c k off, pigeon d i c k.</Msg><Username>predisposable_nym_01</Username><Timestamp>1372262362294</Timestamp><DateTime>Wed, 2013-06-26 11:59:22 EDT</DateTime><ThumbUp>0</ThumbUp><ThumbDown>0</ThumbDown><Sentiment/></Message><Message type="ReplyMessage"><Id>1372264360241-45</Id><Topic><Title>Major Upgrade for MSFT. Read Now!</Title><Username>daniellastnamegossett</Username><Timestamp>1372256938075</Timestamp><DateTime>Wed, 2013-06-26 10:28:58 EDT</DateTime></Topic><Msg>keep me informed</Msg><Username>lucero_louis</Username><Timestamp>1372264360241</Timestamp><DateTime>Wed, 2013-06-26 12:32:40 EDT</DateTime><ThumbUp>0</ThumbUp><ThumbDown>1</ThumbDown><Sentiment/></Message><Message type="ReplyMessage"><Id>1372265609781-46</Id><Topic><Title>At a tiny 0.53%, Windoze 8 adoption levels in the enterprise are shockingly low</Title><Username>phands.theheretic6</Username><Timestamp>1370388335249</Timestamp><DateTime>Tue, 2013-06-04 19:25:35 EDT</DateTime></Topic><Msg>Never gets tiring</Msg><Username>the.heretic7</Username><Timestamp>1372265609781</Timestamp><DateTime>Wed, 2013-06-26 12:53:29 EDT</DateTime><ThumbUp>1</ThumbUp><ThumbDown>0</ThumbDown><Sentiment>Strong Sell</Sentiment></Message><Message type="ReplyMessage"><Id>1372265648088-47</Id><Topic><Title>Windoze Phone is a total dud.</Title><Username>phands.theheretic5</Username><Timestamp>1366334198327</Timestamp><DateTime>Thu, 2013-04-18 21:16:38 EDT</DateTime></Topic><Msg>re-remind</Msg><Username>the.heretic7</Username><Timestamp>1372265648088</Timestamp><DateTime>Wed, 2013-06-26 12:54:08 EDT</DateTime><ThumbUp>0</ThumbUp><ThumbDown>0</ThumbDown><Sentiment>Strong Sell</Sentiment></Message><Message type="ReplyMessage"><Id>1372266042129-48</Id><Topic><Title>8.1 update for free release today.</Title><Username>ineedastock</Username><Timestamp>1372257922214</Timestamp><DateTime>Wed, 2013-06-26 10:45:22 EDT</DateTime></Topic><Msg>A turd by any other name still stinks.</Msg><Username>papa.weelee</Username><Timestamp>1372266042129</Timestamp><DateTime>Wed, 2013-06-26 13:00:42 EDT</DateTime><ThumbUp>2</ThumbUp><ThumbDown>0</ThumbDown><Sentiment>Strong Sell</Sentiment></Message><Message type="TopicMessage"><Id>1372266745781-49</Id><Title>How are the Microsoft Stores doing ?</Title><Msg>they look great how is the traffic ?</Msg><Username>jgiled</Username><Timestamp>1372266745781</Timestamp><DateTime>Wed, 2013-06-26 13:12:25 EDT</DateTime><ThumbUp>1</ThumbUp><ThumbDown>3</ThumbDown><Sentiment/></Message><Message type="ReplyMessage"><Id>1372267752894-50</Id><Topic><Title>8.1 update for free release today.</Title><Username>ineedastock</Username><Timestamp>1372257922214</Timestamp><DateTime>Wed, 2013-06-26 10:45:22 EDT</DateTime></Topic><Msg>"it's good for you because WE say so!" Sounds more like the NSA every day. "but we want a start button and a running apps bar on the bottom, and the mouse to work as beofre" "The User Interface has been refined....." "so now you think I'm un-refined, too????" until finally:- "I'll delay buying hardware AND software until you and the PC OEM's pull your heads OUT of that dark, smelly place.... and screw them back onto your necks again. !!!READ MY LIPS!!! : Me Customer.... me tell YOU what I want. GOTTIT???"</Msg><Username>citizen101smith</Username><Timestamp>1372267752894</Timestamp><DateTime>Wed, 2013-06-26 13:29:12 EDT</DateTime><ThumbUp>1</ThumbUp><ThumbDown>2</ThumbDown><Sentiment/></Message><Message type="TopicMessage"><Id>1372268061641-51</Id><Title>Favor needed MSFT</Title><Msg>Can you help me? I just need four more thumbs down on another message board. Its a hidden message board so just go above to "Get Message Board For" and type in FAZ and hit GO. Then look for "Fred Mui is smaal man on campus" and give it the thumbs down. I have 47 thumbs down just need 4 more to hit 50. Its a silly competition but I want to win lol. Thanks</Msg><Username>biggest_of_all_guru</Username><Timestamp>1372268061641</Timestamp><DateTime>Wed, 2013-06-26 13:34:21 EDT</DateTime><ThumbUp>0</ThumbUp><ThumbDown>4</ThumbDown><Sentiment/></Message><Message type="ReplyMessage"><Id>1372268136335-52</Id><Topic><Title>8.1 update for free release today.</Title><Username>ineedastock</Username><Timestamp>1372257922214</Timestamp><DateTime>Wed, 2013-06-26 10:45:22 EDT</DateTime></Topic><Msg>" Me Customer" Me Tarzan, You Jane, bend over.</Msg><Username>misterreality14</Username><Timestamp>1372268136335</Timestamp><DateTime>Wed, 2013-06-26 13:35:36 EDT</DateTime><ThumbUp>0</ThumbUp><ThumbDown>2</ThumbDown><Sentiment/></Message><Message type="TopicMessage"><Id>1372268214439-53</Id><Title>Can't miss this - Microsoft Corporation</Title><Msg>We desired to present this link with people. It has a newsletter with information of fast moving small cap stocks. Link:- gooDOTgl/7BwBS (Remove DOT &amp; Use .)</Msg><Username>chad.henry39</Username><Timestamp>1372268214439</Timestamp><DateTime>Wed, 2013-06-26 13:36:54 EDT</DateTime><ThumbUp>0</ThumbUp><ThumbDown>1</ThumbDown><Sentiment>Sell</Sentiment></Message><Message type="ReplyMessage"><Id>1372269218788-54</Id><Topic><Title>How are the Microsoft Stores doing ?</Title><Username>jgiled</Username><Timestamp>1372266745781</Timestamp><DateTime>Wed, 2013-06-26 13:12:25 EDT</DateTime></Topic><Msg>How about a Train Wreck....</Msg><Username>herbascam</Username><Timestamp>1372269218788</Timestamp><DateTime>Wed, 2013-06-26 13:53:38 EDT</DateTime><ThumbUp>3</ThumbUp><ThumbDown>0</ThumbDown><Sentiment/></Message><Message type="ReplyMessage"><Id>1372269857046-55</Id><Topic><Title>How are the Microsoft Stores doing ?</Title><Username>jgiled</Username><Timestamp>1372266745781</Timestamp><DateTime>Wed, 2013-06-26 13:12:25 EDT</DateTime></Topic><Msg>First Vista and now Windows 8. It's the worst crash and burn since the Hindenberg in 1937. Oh, the Humanity!</Msg><Username>penguinx64</Username><Timestamp>1372269857046</Timestamp><DateTime>Wed, 2013-06-26 14:04:17 EDT</DateTime><ThumbUp>2</ThumbUp><ThumbDown>0</ThumbDown><Sentiment>Strong Sell</Sentiment></Message><Message type="TopicMessage"><Id>1372269904850-56</Id><Title>Shorts will take these markets back down</Title><Msg>When markets ignore bad GDP look out below. Just all trading games. Reality is we crash. At least another 1000 points .</Msg><Username>kopach</Username><Timestamp>1372269904850</Timestamp><DateTime>Wed, 2013-06-26 14:05:04 EDT</DateTime><ThumbUp>1</ThumbUp><ThumbDown>3</ThumbDown><Sentiment/></Message><Message type="ReplyMessage"><Id>1372270163736-57</Id><Topic><Title>Shorts will take these markets back down</Title><Username>kopach</Username><Timestamp>1372269904850</Timestamp><DateTime>Wed, 2013-06-26 14:05:04 EDT</DateTime></Topic><Msg>I'm afraid you may be right. Listen up folks! After MSFT hits $50 around July 4th - take your profits and GET THE HELL OUT OF THIS STOCK!!! Osso</Msg><Username>ossobucco20l2</Username><Timestamp>1372270163736</Timestamp><DateTime>Wed, 2013-06-26 14:09:23 EDT</DateTime><ThumbUp>1</ThumbUp><ThumbDown>1</ThumbDown><Sentiment>Strong Buy</Sentiment></Message><Message type="ReplyMessage"><Id>1372270218809-58</Id><Topic><Title>How are the Microsoft Stores doing ?</Title><Username>jgiled</Username><Timestamp>1372266745781</Timestamp><DateTime>Wed, 2013-06-26 13:12:25 EDT</DateTime></Topic><Msg>MSFT has stores? Since when? Osso</Msg><Username>ossobucco20l2</Username><Timestamp>1372270218809</Timestamp><DateTime>Wed, 2013-06-26 14:10:18 EDT</DateTime><ThumbUp>2</ThumbUp><ThumbDown>1</ThumbDown><Sentiment>Strong Buy</Sentiment></Message><Message type="ReplyMessage"><Id>1372270249053-59</Id><Topic><Title>Gartner Recommends Windows 8.1 For Full Scale Enterprise Deployment....</Title><Username>ossobucco2012</Username><Timestamp>1371901921464</Timestamp><DateTime>Sat, 2013-06-22 07:52:01 EDT</DateTime></Topic><Msg>I recommend Windows 8.1 for deployment in the trash can! There are just too many better alternatives WITHOUT START SCREEN METRO TILES.</Msg><Username>penguinx64</Username><Timestamp>1372270249053</Timestamp><DateTime>Wed, 2013-06-26 14:10:49 EDT</DateTime><ThumbUp>4</ThumbUp><ThumbDown>3</ThumbDown><Sentiment>Strong Sell</Sentiment></Message><Message type="ReplyMessage"><Id>1372270339354-60</Id><Topic><Title>8.1 update for free release today.</Title><Username>ineedastock</Username><Timestamp>1372257922214</Timestamp><DateTime>Wed, 2013-06-26 10:45:22 EDT</DateTime></Topic><Msg>When is the 8.2 update for the 8.1 problems due to be released? By fall?</Msg><Username>ossobucco20l2</Username><Timestamp>1372270339354</Timestamp><DateTime>Wed, 2013-06-26 14:12:19 EDT</DateTime><ThumbUp>1</ThumbUp><ThumbDown>2</ThumbDown><Sentiment>Strong Buy</Sentiment></Message><Message type="ReplyMessage"><Id>1372270497364-61</Id><Topic><Title>How are the Microsoft Stores doing ?</Title><Username>jgiled</Username><Timestamp>1372266745781</Timestamp><DateTime>Wed, 2013-06-26 13:12:25 EDT</DateTime></Topic><Msg>"How are the Microsoft Stores doing ?" I've never seen one, just Apple stores.</Msg><Username>quasar_king</Username><Timestamp>1372270497364</Timestamp><DateTime>Wed, 2013-06-26 14:14:57 EDT</DateTime><ThumbUp>2</ThumbUp><ThumbDown>0</ThumbDown><Sentiment/></Message><Message type="TopicMessage"><Id>1372271044418-62</Id><Title>From the Developers Conference</Title><Msg>Major positives going forward. Extreme zooming in W 8.1. 3d printing supported just like printing a sheet of paper to your regular printing. That is correct. Only OS that makes 3D printing that easy. By the way Staples is releasing a under 1300 dollar 3d printing. You will be making things in your living room by Christmas of this year. Skype incoming calls now supported on Lock Screen. The traditional start button is not there. It is exactly as I said about 3 months ago. You put mouse in low left corner where old start button was and right click. If the context menu does not do it for you than boot into the desktop mode. Lot's of updates of course. I notice all my email notifications on the screen now. I do not know if I like that or not. Everyone around you can see them. Ballmer mentioned there are a lot of phone coming from Nokia. The broadcast was in Microsoft Silverlight. I ran continuously without pausing. You had to be sharp enough to go to the desktop because Silverlight does not run in the metro Windows 8 browser. I spent years working with Silverlight. I think they have hooked up with Nokia's NSN because Silverlight was quit frankly running to fast to not have used it. That will be an exciting new business collaboration if so. One thing for sure, Nokia is a top level company on the innovative front they were mentioned and no indication of Surface Phone. Nokia appears to be firing on all cylinder 10+ on the innovation level and will have a 41 mega pixel camera on their new Windows 8.1 phone. Microsoft is not playing around. The innovation level and pieces of the puzzle with Oracle are putting a complete end to end solution in place. This is the new Microsoft and this stock is going higher.</Msg><Username>ineedastock</Username><Timestamp>1372271044418</Timestamp><DateTime>Wed, 2013-06-26 14:24:04 EDT</DateTime><ThumbUp>1</ThumbUp><ThumbDown>0</ThumbDown><Sentiment>Strong Buy</Sentiment></Message><Message type="ReplyMessage"><Id>1372271558329-63</Id><Topic><Title>8.1 update for free release today.</Title><Username>ineedastock</Username><Timestamp>1372257922214</Timestamp><DateTime>Wed, 2013-06-26 10:45:22 EDT</DateTime></Topic><Msg>" Me Tarzan" You d u m b a s s. S T F U</Msg><Username>predisposable_nym_01</Username><Timestamp>1372271558329</Timestamp><DateTime>Wed, 2013-06-26 14:32:38 EDT</DateTime><ThumbUp>0</ThumbUp><ThumbDown>0</ThumbDown><Sentiment/></Message><Message type="ReplyMessage"><Id>1372272396269-64</Id><Topic><Title>How are the Microsoft Stores doing ?</Title><Username>jgiled</Username><Timestamp>1372266745781</Timestamp><DateTime>Wed, 2013-06-26 13:12:25 EDT</DateTime></Topic><Msg>Scottsdale Fashion Square</Msg><Username>jgiled</Username><Timestamp>1372272396269</Timestamp><DateTime>Wed, 2013-06-26 14:46:36 EDT</DateTime><ThumbUp>0</ThumbUp><ThumbDown>0</ThumbDown><Sentiment/></Message><Message type="TopicMessage"><Id>1372272877636-65</Id><Title>DOMA Flushed</Title><Msg>Will PLhawfeces hang himself in the basement?</Msg><Username>your_lordbalzy</Username><Timestamp>1372272877636</Timestamp><DateTime>Wed, 2013-06-26 14:54:37 EDT</DateTime><ThumbUp>1</ThumbUp><ThumbDown>2</ThumbDown><Sentiment/></Message><Message type="ReplyMessage"><Id>1372273037639-66</Id><Topic><Title>Just Added 2,500 More ORCL Shares....</Title><Username>ossobucco2012</Username><Timestamp>1372256778594</Timestamp><DateTime>Wed, 2013-06-26 10:26:18 EDT</DateTime></Topic><Msg>down about $4.50 from last friday and with no price movement all this week lucky for you they didn't announce this partnership when you owned some of it. woulda hurt bad ...</Msg><Username>corneliusflake</Username><Timestamp>1372273037639</Timestamp><DateTime>Wed, 2013-06-26 14:57:17 EDT</DateTime><ThumbUp>1</ThumbUp><ThumbDown>0</ThumbDown><Sentiment/></Message><Message type="TopicMessage"><Id>1372273549925-67</Id><Title>DRAM $3.7 ..12-MONTH TARGET: $30+...REASONS: 1) RAISING 2013 MEMORY PRICES, 2) NEW MEMORY/SOFTWARE MANUFACTURING DEAL WITH AMD, 3) LO FLOAT</Title><Msg>DRAM is a compelling value at today's prices...why?? 1) DRAM’s fundamentals and the price that can support have increased exponentially within the last three months (see reasons below) 2) Dataram Corp. (NASDAQ:DRAM) is trading at 60c/share pre recent 6/1 reverse split. This is 1/10 of the 2010 share price. 3) DRAM is trading at 0.2 current and 0.1 projected X sales vs. 1.5 sector average 4) Current market cap: $7 million 5) Revenues: Current/Forecast 12-month: : $30M &amp; $50 M++ 6) Forward 12-month net income: $1/share Reasons for recent improvement in fundamentals: 1. DRAM/memory prices have increased almost 70% this year according to the DRAM Index (DXI – do web search for dram exchange for DXI chart). 2. Rich AMD manufacturing deal (announced by both companies in May 2013) calls for: A) DRAM to manufacture AMD’s Gamer Series memory modules for gaming enthusiast currently selling at $155 at Newegg, and B) AMD to use DRAM’s RAMDisk software technology in all its Radeon and Gamer Series product lines. DRAM’s CEO John Freeman stated the following during the last earnings report for the quarter ending 1/31/2013 (before memory prices literally exploded upwards and before the AMD deals were inked): “The economy and especially the semiconductor industry continued to be soft during most of the Company’s third quarter, due to oversupply of raw materials and reduced customer infrastructure investment. Since the close of our third quarter on January 31, 2013 we have seen an increase in pricing which can positively impact our memory business for the balance of the fiscal year and beyond.” Mr. Freeman concluded, “In addition to a healthier semiconductor industry, we continue to develop and expand our relationship with Advanced Micro Devices, Inc., which together with our RAMDisk agreement and other new opportunities we are currently pursuing should provide new sources of revenue, profit and growth for Dataram in 2013 and beyond.”</Msg><Username>accountislate</Username><Timestamp>1372273549925</Timestamp><DateTime>Wed, 2013-06-26 15:05:49 EDT</DateTime><ThumbUp>4</ThumbUp><ThumbDown>0</ThumbDown><Sentiment/></Message><Message type="ReplyMessage"><Id>1372273648732-68</Id><Topic><Title>Shorts will take these markets back down</Title><Username>kopach</Username><Timestamp>1372269904850</Timestamp><DateTime>Wed, 2013-06-26 14:05:04 EDT</DateTime></Topic><Msg>do it today. better yet, do it 2 1/2 weeks ago ...</Msg><Username>corneliusflake</Username><Timestamp>1372273648732</Timestamp><DateTime>Wed, 2013-06-26 15:07:28 EDT</DateTime><ThumbUp>1</ThumbUp><ThumbDown>0</ThumbDown><Sentiment/></Message><Message type="ReplyMessage"><Id>1372273775980-69</Id><Topic><Title>How are the Microsoft Stores doing ?</Title><Username>jgiled</Username><Timestamp>1372266745781</Timestamp><DateTime>Wed, 2013-06-26 13:12:25 EDT</DateTime></Topic><Msg>same store designer as apple, same target locations. maybe you have seen one and it just didn't register.</Msg><Username>corneliusflake</Username><Timestamp>1372273775980</Timestamp><DateTime>Wed, 2013-06-26 15:09:35 EDT</DateTime><ThumbUp>0</ThumbUp><ThumbDown>0</ThumbDown><Sentiment/></Message><Message type="ReplyMessage"><Id>1372274285894-70</Id><Topic><Title>Just Added 2,500 More ORCL Shares....</Title><Username>ossobucco2012</Username><Timestamp>1372256778594</Timestamp><DateTime>Wed, 2013-06-26 10:26:18 EDT</DateTime></Topic><Msg>can't change the subject line with the new board software ... in case you haven't heard/seen this rumor from tami reller yet. here's the headline -- Microsoft confirms Windows 8.1 is a free upgrade and some article -- "Microsoft’s Tami Reller spoke at a JP Mogan technology conference this afternoon. The big news of the day: Windows 8.1 will be a free upgrade when it’s released later this year. There have been plenty of rumors about Windows 8.1 pricing leading up to today. Some said free, others expected an inexpensive Apple-style price tag. Thankfully, Reller has cleared the air and we can focus on things like features and a release date instead of wondering if we’ll need to start saving our couch cushion change. No specific launch date was given, but Reller told the crowd that Microsoft “knows when the holidays are.” With a developer preview of Windows 8.1 expected at Build next month, it seems reasonable that the 8.1 update would land just ahead of the shopping rush — possibly some time in October." this was just 10 days ago, so now you are up to date on this.</Msg><Username>corneliusflake</Username><Timestamp>1372274285894</Timestamp><DateTime>Wed, 2013-06-26 15:18:05 EDT</DateTime><ThumbUp>0</ThumbUp><ThumbDown>0</ThumbDown><Sentiment/></Message><Message type="TopicMessage"><Id>1372276764971-71</Id><Title>Very weak close but..</Title><Msg>still looks good for $50 by July 4th. Trust Dr. Osso! Osso</Msg><Username>ossobucco20l2</Username><Timestamp>1372276764971</Timestamp><DateTime>Wed, 2013-06-26 15:59:24 EDT</DateTime><ThumbUp>0</ThumbUp><ThumbDown>2</ThumbDown><Sentiment>Strong Buy</Sentiment></Message><Message type="TopicMessage"><Id>1372280096087-72</Id><Title>Windows XP going the way of the Dodo Apr 2014</Title><Msg>What will users decide on? I would bet windows 7 as there will be way too much work to do to incorporate 8.1 so soon in the corporate environment. I see a butt load of windows 7 sales still coming. I also see more okay-ness or less hatred with 8 with upgrade 8.1. Still though Balmer-why can't I install my QB 2012 on Windows 8 or 8.1?! Did you forget backward compatibility? I shouldn't have to create a windows 7 virtual environment to do this.</Msg><Username>ddeboy</Username><Timestamp>1372280096087</Timestamp><DateTime>Wed, 2013-06-26 16:54:56 EDT</DateTime><ThumbUp>0</ThumbUp><ThumbDown>0</ThumbDown><Sentiment/></Message><Message type="ReplyMessage"><Id>1372281355919-73</Id><Topic><Title>DOMA Flushed</Title><Username>your_lordbalzy</Username><Timestamp>1372272877636</Timestamp><DateTime>Wed, 2013-06-26 14:54:37 EDT</DateTime></Topic><Msg>Their destiny is destruction, because their god is their bodily desires. They are proud of what they should be ashamed of, and they think only of things that belong to this world. Go in through the narrow gate, because the gate to destruction is wide and the road that leads to it is easy, and there are many who travel it (they're called self-wise, pseudo-intellectual, worldly, "progressive" liberals). But the gate to life is narrow and the way that leads to it is hard, and there are few people who find it (they're called traditional, faithful, restraint-minded and integrity-filled conservatives). Fewer and fewer that find it every day it seems - the lefties may have a permanent majority now. The darkness has quickened exponentially in the last five years.</Msg><Username>plmartin2012</Username><Timestamp>1372281355919</Timestamp><DateTime>Wed, 2013-06-26 17:15:55 EDT</DateTime><ThumbUp>0</ThumbUp><ThumbDown>1</ThumbDown><Sentiment/></Message><Message type="TopicMessage"><Id>1372282716278-74</Id><Title>Win 8.1 to include support for 3D printing!</Title><Msg>Quite a few articles on the web. First, partnership with Oracle, now 3d printing! Share your thoughts, please!</Msg><Username>yw23t</Username><Timestamp>1372282716278</Timestamp><DateTime>Wed, 2013-06-26 17:38:36 EDT</DateTime><ThumbUp>2</ThumbUp><ThumbDown>2</ThumbDown><Sentiment>Hold</Sentiment></Message><Message type="ReplyMessage"><Id>1372283771201-75</Id><Topic><Title>Win 8.1 to include support for 3D printing!</Title><Username>yw23t</Username><Timestamp>1372282716278</Timestamp><DateTime>Wed, 2013-06-26 17:38:36 EDT</DateTime></Topic><Msg>If you want a computer, get a MAC. Microsoft products are just games and play toys now.</Msg><Username>herbascam</Username><Timestamp>1372283771201</Timestamp><DateTime>Wed, 2013-06-26 17:56:11 EDT</DateTime><ThumbUp>2</ThumbUp><ThumbDown>2</ThumbDown><Sentiment/></Message><Message type="ReplyMessage"><Id>1372285083593-76</Id><Topic><Title>Win 8.1 to include support for 3D printing!</Title><Username>yw23t</Username><Timestamp>1372282716278</Timestamp><DateTime>Wed, 2013-06-26 17:38:36 EDT</DateTime></Topic><Msg>i think very positive.</Msg><Username>raggwead</Username><Timestamp>1372285083593</Timestamp><DateTime>Wed, 2013-06-26 18:18:03 EDT</DateTime><ThumbUp>3</ThumbUp><ThumbDown>1</ThumbDown><Sentiment/></Message><Message type="TopicMessage"><Id>1372285146494-77</Id><Title>I Bought More MSFT &amp; BYOC Today</Title><Msg>On speculation. Equity liquidity in general is starting to look more positive in my opinion. Also bought more GOOG today. Sold more AAPL short (Yes, thanks again to Carter Worth for the tip). I told you so!</Msg><Username>rogerdonna_1988</Username><Timestamp>1372285146494</Timestamp><DateTime>Wed, 2013-06-26 18:19:06 EDT</DateTime><ThumbUp>1</ThumbUp><ThumbDown>1</ThumbDown><Sentiment>Buy</Sentiment></Message><Message type="ReplyMessage"><Id>1372285456587-78</Id><Topic><Title>Favor needed MSFT</Title><Username>biggest_of_all_guru</Username><Timestamp>1372268061641</Timestamp><DateTime>Wed, 2013-06-26 13:34:21 EDT</DateTime></Topic><Msg>just two more, help me please</Msg><Username>biggest_of_all_guru</Username><Timestamp>1372285456587</Timestamp><DateTime>Wed, 2013-06-26 18:24:16 EDT</DateTime><ThumbUp>0</ThumbUp><ThumbDown>3</ThumbDown><Sentiment/></Message><Message type="ReplyMessage"><Id>1372286709294-79</Id><Topic><Title>DOMA Flushed</Title><Username>your_lordbalzy</Username><Timestamp>1372272877636</Timestamp><DateTime>Wed, 2013-06-26 14:54:37 EDT</DateTime></Topic><Msg>You have a really dark depressing personality. How's that religious dogma working for you?</Msg><Username>earl_of_del_rey</Username><Timestamp>1372286709294</Timestamp><DateTime>Wed, 2013-06-26 18:45:09 EDT</DateTime><ThumbUp>2</ThumbUp><ThumbDown>1</ThumbDown><Sentiment/></Message><Message type="ReplyMessage"><Id>1372287071497-80</Id><Topic><Title>DOMA Flushed</Title><Username>your_lordbalzy</Username><Timestamp>1372272877636</Timestamp><DateTime>Wed, 2013-06-26 14:54:37 EDT</DateTime></Topic><Msg>I don't think government needs to be involved. I would support two non gay same sex people being able to designate each other as beneficiaries in the same manner as a spouse. I am fine with equal rights. It just cannot be marriage since that requires a man and a woman by definition.</Msg><Username>an_obama_nation</Username><Timestamp>1372287071497</Timestamp><DateTime>Wed, 2013-06-26 18:51:11 EDT</DateTime><ThumbUp>1</ThumbUp><ThumbDown>2</ThumbDown><Sentiment/></Message><Message type="ReplyMessage"><Id>1372287492517-81</Id><Topic><Title>DOMA Flushed</Title><Username>your_lordbalzy</Username><Timestamp>1372272877636</Timestamp><DateTime>Wed, 2013-06-26 14:54:37 EDT</DateTime></Topic><Msg>"They are proud of what they should be ashamed of" Just like the Hawcreek Team and their posts ....</Msg><Username>hawcreeks_world</Username><Timestamp>1372287492517</Timestamp><DateTime>Wed, 2013-06-26 18:58:12 EDT</DateTime><ThumbUp>1</ThumbUp><ThumbDown>1</ThumbDown><Sentiment/></Message><Message type="TopicMessage"><Id>1372288348771-82</Id><Title>How amny times will the Market moes be suckered by these pumps of nothing?</Title><Msg>The U.S. is still broke, Bernanke still has to quit supporting the pretend market. The economy still cannot "grow" without money being printed. The Dolt in Chief and bad policy is still in place. The GDP is stilol being revised downward and the idiots still call that "unexpected".</Msg><Username>an_obama_nation</Username><Timestamp>1372288348771</Timestamp><DateTime>Wed, 2013-06-26 19:12:28 EDT</DateTime><ThumbUp>1</ThumbUp><ThumbDown>3</ThumbDown><Sentiment/></Message><Message type="ReplyMessage"><Id>1372289906060-83</Id><Topic><Title>Gartner Recommends Windows 8.1 For Full Scale Enterprise Deployment....</Title><Username>ossobucco2012</Username><Timestamp>1371901921464</Timestamp><DateTime>Sat, 2013-06-22 07:52:01 EDT</DateTime></Topic><Msg>The Developers Conference is starting quite well as they are all excited by MSFT being able to use the Apps on Desktop, Tablets and Phones so they will get a huge customer base and as the App sells more than $25,000 then the Developer will get additional 10% of the revenue or 80%. AND that is very appealing to developers as MSFT will also finance some or all the development cost up to 100,000 per App. Osso</Msg><Username>ossobucco2012</Username><Timestamp>1372289906060</Timestamp><DateTime>Wed, 2013-06-26 19:38:26 EDT</DateTime><ThumbUp>2</ThumbUp><ThumbDown>4</ThumbDown><Sentiment>Strong Buy</Sentiment></Message><Message type="ReplyMessage"><Id>1372293570036-84</Id><Topic><Title>Osso is a bag of excrement</Title><Username>phands.theheretic6</Username><Timestamp>1370287761738</Timestamp><DateTime>Mon, 2013-06-03 15:29:21 EDT</DateTime></Topic><Msg>Osso the manure sack spews endlessly.</Msg><Username>the.heretic7</Username><Timestamp>1372293570036</Timestamp><DateTime>Wed, 2013-06-26 20:39:30 EDT</DateTime><ThumbUp>1</ThumbUp><ThumbDown>0</ThumbDown><Sentiment>Strong Sell</Sentiment></Message><Message type="ReplyMessage"><Id>1372293638115-85</Id><Topic><Title>At a tiny 0.53%, Windoze 8 adoption levels in the enterprise are shockingly low</Title><Username>phands.theheretic6</Username><Timestamp>1370388335249</Timestamp><DateTime>Tue, 2013-06-04 19:25:35 EDT</DateTime></Topic><Msg>Keep the good news up there.</Msg><Username>the.heretic7</Username><Timestamp>1372293638115</Timestamp><DateTime>Wed, 2013-06-26 20:40:38 EDT</DateTime><ThumbUp>1</ThumbUp><ThumbDown>0</ThumbDown><Sentiment>Strong Sell</Sentiment></Message><Message type="ReplyMessage"><Id>1372293666914-86</Id><Topic><Title>Windoze Phone is a total dud.</Title><Username>phands.theheretic5</Username><Timestamp>1366334198327</Timestamp><DateTime>Thu, 2013-04-18 21:16:38 EDT</DateTime></Topic><Msg>Bumpity.....</Msg><Username>the.heretic7</Username><Timestamp>1372293666914</Timestamp><DateTime>Wed, 2013-06-26 20:41:06 EDT</DateTime><ThumbUp>0</ThumbUp><ThumbDown>0</ThumbDown><Sentiment>Strong Sell</Sentiment></Message><Message type="ReplyMessage"><Id>1372293723293-87</Id><Topic><Title>El Reg: Windows RT DOA</Title><Username>phands.theheretic5</Username><Timestamp>1358992454771</Timestamp><DateTime>Wed, 2013-01-23 20:54:14 EST</DateTime></Topic><Msg>Blast from the past.</Msg><Username>the.heretic7</Username><Timestamp>1372293723293</Timestamp><DateTime>Wed, 2013-06-26 20:42:03 EDT</DateTime><ThumbUp>0</ThumbUp><ThumbDown>0</ThumbDown><Sentiment>Strong Sell</Sentiment></Message><Message type="ReplyMessage"><Id>1372294357622-88</Id><Topic><Title>El Reg: Windows RT DOA</Title><Username>phands.theheretic5</Username><Timestamp>1358992454771</Timestamp><DateTime>Wed, 2013-01-23 20:54:14 EST</DateTime></Topic><Msg>Just needs repeating....</Msg><Username>the.heretic7</Username><Timestamp>1372294357622</Timestamp><DateTime>Wed, 2013-06-26 20:52:37 EDT</DateTime><ThumbUp>0</ThumbUp><ThumbDown>0</ThumbDown><Sentiment>Strong Sell</Sentiment></Message><Message type="ReplyMessage"><Id>1372294607127-89</Id><Topic><Title>Gartner Recommends Windows 8.1 For Full Scale Enterprise Deployment....</Title><Username>ossobucco2012</Username><Timestamp>1371901921464</Timestamp><DateTime>Sat, 2013-06-22 07:52:01 EDT</DateTime></Topic><Msg>Yep. There it is. Microsoft is at the best entry point now for the year.</Msg><Username>roirop</Username><Timestamp>1372294607127</Timestamp><DateTime>Wed, 2013-06-26 20:56:47 EDT</DateTime><ThumbUp>0</ThumbUp><ThumbDown>3</ThumbDown><Sentiment>Strong Buy</Sentiment></Message><Message type="ReplyMessage"><Id>1372294707414-90</Id><Topic><Title>Win 8.1 to include support for 3D printing!</Title><Username>yw23t</Username><Timestamp>1372282716278</Timestamp><DateTime>Wed, 2013-06-26 17:38:36 EDT</DateTime></Topic><Msg>Yep. While Google was going after Apple (and it was a smart move), Microsoft was angling at a far broader model: it's called the future. And Microsoft will now own it all over again.</Msg><Username>roirop</Username><Timestamp>1372294707414</Timestamp><DateTime>Wed, 2013-06-26 20:58:27 EDT</DateTime><ThumbUp>1</ThumbUp><ThumbDown>1</ThumbDown><Sentiment>Strong Buy</Sentiment></Message><Message type="ReplyMessage"><Id>1372294848349-91</Id><Topic><Title>How are the Microsoft Stores doing ?</Title><Username>jgiled</Username><Timestamp>1372266745781</Timestamp><DateTime>Wed, 2013-06-26 13:12:25 EDT</DateTime></Topic><Msg>The ones in Los Angeles are always busy. The kiosks are, too. Busy as in selling.</Msg><Username>roirop</Username><Timestamp>1372294848349</Timestamp><DateTime>Wed, 2013-06-26 21:00:48 EDT</DateTime><ThumbUp>0</ThumbUp><ThumbDown>0</ThumbDown><Sentiment>Strong Buy</Sentiment></Message><Message type="ReplyMessage"><Id>1372294937558-92</Id><Topic><Title>From the Developers Conference</Title><Username>ineedastock</Username><Timestamp>1372271044418</Timestamp><DateTime>Wed, 2013-06-26 14:24:04 EDT</DateTime></Topic><Msg>Your report echoes everything I read. It was all smiles for Microsoft today.</Msg><Username>roirop</Username><Timestamp>1372294937558</Timestamp><DateTime>Wed, 2013-06-26 21:02:17 EDT</DateTime><ThumbUp>0</ThumbUp><ThumbDown>0</ThumbDown><Sentiment>Strong Buy</Sentiment></Message><Message type="ReplyMessage"><Id>1372294955942-93</Id><Topic><Title>Win 8.1 to include support for 3D printing!</Title><Username>yw23t</Username><Timestamp>1372282716278</Timestamp><DateTime>Wed, 2013-06-26 17:38:36 EDT</DateTime></Topic><Msg>3D printing has been around a lot longer than the garbage from M$. w8.x is a flop.</Msg><Username>the.heretic7</Username><Timestamp>1372294955942</Timestamp><DateTime>Wed, 2013-06-26 21:02:35 EDT</DateTime><ThumbUp>1</ThumbUp><ThumbDown>0</ThumbDown><Sentiment>Strong Sell</Sentiment></Message><Message type="ReplyMessage"><Id>1372295070842-94</Id><Topic><Title>8.1 update for free release today.</Title><Username>ineedastock</Username><Timestamp>1372257922214</Timestamp><DateTime>Wed, 2013-06-26 10:45:22 EDT</DateTime></Topic><Msg>Exactly. "Where are all the start button nuts?" They are looking to make up something new again. In any event, they are about to be slammed and will have to invent more new aliases as they are already discrediting themselves.</Msg><Username>roirop</Username><Timestamp>1372295070842</Timestamp><DateTime>Wed, 2013-06-26 21:04:30 EDT</DateTime><ThumbUp>0</ThumbUp><ThumbDown>1</ThumbDown><Sentiment>Strong Buy</Sentiment></Message><Message type="ReplyMessage"><Id>1372296143283-95</Id><Topic><Title>DOMA Will Stand</Title><Username>plmartin_2012</Username><Timestamp>1372254008493</Timestamp><DateTime>Wed, 2013-06-26 09:40:08 EDT</DateTime></Topic><Msg>Boy, were you 100% wrong. DOMA was blown into the dust bin of history as was Proposition 8 in the state of California. You should quit predicting the future.</Msg><Username>scooponcoop</Username><Timestamp>1372296143283</Timestamp><DateTime>Wed, 2013-06-26 21:22:23 EDT</DateTime><ThumbUp>1</ThumbUp><ThumbDown>2</ThumbDown><Sentiment/></Message><Message type="ReplyMessage"><Id>1372298063974-96</Id><Topic><Title>DOMA Will Stand</Title><Username>plmartin_2012</Username><Timestamp>1372254008493</Timestamp><DateTime>Wed, 2013-06-26 09:40:08 EDT</DateTime></Topic><Msg>Rub your tea-liban nose in this, you rwnj, hawcreek-licking #$%$.</Msg><Username>the.heretic7</Username><Timestamp>1372298063974</Timestamp><DateTime>Wed, 2013-06-26 21:54:23 EDT</DateTime><ThumbUp>1</ThumbUp><ThumbDown>2</ThumbDown><Sentiment>Strong Sell</Sentiment></Message><Message type="ReplyMessage"><Id>1372298097351-97</Id><Topic><Title>How are the Microsoft Stores doing ?</Title><Username>jgiled</Username><Timestamp>1372266745781</Timestamp><DateTime>Wed, 2013-06-26 13:12:25 EDT</DateTime></Topic><Msg>Negligible....they're failing totally.</Msg><Username>the.heretic7</Username><Timestamp>1372298097351</Timestamp><DateTime>Wed, 2013-06-26 21:54:57 EDT</DateTime><ThumbUp>0</ThumbUp><ThumbDown>1</ThumbDown><Sentiment>Strong Sell</Sentiment></Message><Message type="ReplyMessage"><Id>1372299464203-98</Id><Topic><Title>Gartner Recommends Windows 8.1 For Full Scale Enterprise Deployment....</Title><Username>ossobucco2012</Username><Timestamp>1371901921464</Timestamp><DateTime>Sat, 2013-06-22 07:52:01 EDT</DateTime></Topic><Msg>Big news. It just keeps getting better for Microsoft and it's all by design. Brilliant long term strategy from the good folks in Redmond.</Msg><Username>roirop</Username><Timestamp>1372299464203</Timestamp><DateTime>Wed, 2013-06-26 22:17:44 EDT</DateTime><ThumbUp>1</ThumbUp><ThumbDown>3</ThumbDown><Sentiment>Strong Buy</Sentiment></Message><Message type="ReplyMessage"><Id>1372299633829-99</Id><Topic><Title>MSFT PT moved up to $40 from $34 at Morgan Stanley....</Title><Username>ossobucco2012</Username><Timestamp>1372253551733</Timestamp><DateTime>Wed, 2013-06-26 09:32:31 EDT</DateTime></Topic><Msg>I read the upgrade in the news this morning. Very substantial to $40 by Morgan Stanley.</Msg><Username>roirop</Username><Timestamp>1372299633829</Timestamp><DateTime>Wed, 2013-06-26 22:20:33 EDT</DateTime><ThumbUp>0</ThumbUp><ThumbDown>1</ThumbDown><Sentiment>Strong Buy</Sentiment></Message><Message type="TopicMessage"><Id>1372301587349-100</Id><Title>Message from Hawcreek:</Title><Msg>His usual comments about global affairs, his opinion on recent happenings: YouTube Music Video: "Patrick Hernandez-Born to Be Alive- Official Video (Clip Officiel)"</Msg><Username>aura797lord</Username><Timestamp>1372301587349</Timestamp><DateTime>Wed, 2013-06-26 22:53:07 EDT</DateTime><ThumbUp>0</ThumbUp><ThumbDown>1</ThumbDown><Sentiment/></Message><Message type="TopicMessage"><Id>1372304782300-101</Id><Title>News: TMM, Inc. TRUDEF(TM) Technology Operates on Microsoft Surface(TM) Tablet Platform</Title><Msg>Interesting: TMM, Inc. TRUDEF(TM) Technology Operates on Microsoft Surface(TM) Tablet Platform WILMINGTON, DELAWARE--(Marketwired - Jun 26, 2013) - TMM, Inc. (TMMI) ("TMMI" or "the Company") is pleased to announce that its TRUDEF™ digital compression technology now operates in Windows 8-64 and plays Ultra High Definition video on the Microsoft Surface Tablet. This marks a major advance by the TRUDEF™ product development team as it expands the display formats to now view TRUDEF™ compressed video content from large format screens to Microsoft's new mobile device. The Surface Pro tablet has a ClearType full HD screen and the screen is a 10.6-inch IPS LCD panel that packs a resolution of 1920 x 1080 pixels at 208-ppi. The system is powered by a 1.7GHz dual-core Core i5-3317U processor, 1GB of RAM and Intel's HD Graphics 4000 GPU. The Surface Tablet showcases the superior graphics capabilities of TRUDEF™ and small file sizes for challenging video content. The team has successfully demonstrated the fractal zoom function on the Surface Tablet which doubles image resolution without increasing the file size. Other graphics chips on which TRUDEF™ has been tested include the GeForce® GTX 675M GPU in the Asus G75VW laptop AMD's new Catalyst™ 13.6 Windows® Beta Driver released in May 2013. The team has successfully tested TRUDEF™ using AMD Radeon™ HD 7970 Graphics cards on both single and multiple displays. TMMI continues development of its fractal TRUDEF™ codec with updates and improvements for digital video compression. Technically challenging videos obtained from content developers continue to be compressed with the resulting compression rates/ decompressed picture quality exceeding previous levels.</Msg><Username>jasonwebber272</Username><Timestamp>1372304782300</Timestamp><DateTime>Wed, 2013-06-26 23:46:22 EDT</DateTime><ThumbUp>0</ThumbUp><ThumbDown>0</ThumbDown><Sentiment/></Message></Date>