<?xml version="1.0" encoding="UTF-8" standalone="no"?><Date date="2013-03-18"><Message type="ReplyMessage"><Id>1363600764547-1</Id><Topic><Title>Will Microsoft Bounce?</Title><Username>wanda.avila</Username><Timestamp>1361975704544</Timestamp><DateTime>Wed, 2013-02-27 09:35:04 EST</DateTime></Topic><Msg>Awesome report !</Msg><Username>hoy.melissa</Username><Timestamp>1363600764547</Timestamp><DateTime>Mon, 2013-03-18 05:59:24 EDT</DateTime><ThumbUp>0</ThumbUp><ThumbDown>0</ThumbDown><Sentiment/></Message><Message type="ReplyMessage"><Id>1363600806375-2</Id><Topic><Title>In Depth MSFT Research Report .</Title><Username>barry.white95</Username><Timestamp>1362317833519</Timestamp><DateTime>Sun, 2013-03-03 08:37:13 EST</DateTime></Topic><Msg>Awesome report !</Msg><Username>hoy.melissa</Username><Timestamp>1363600806375</Timestamp><DateTime>Mon, 2013-03-18 06:00:06 EDT</DateTime><ThumbUp>0</ThumbUp><ThumbDown>0</ThumbDown><Sentiment/></Message><Message type="ReplyMessage"><Id>1363600954911-3</Id><Topic><Title>MSFT CEO &amp; CFO Selling Shares?!</Title><Username>paul.meeks</Username><Timestamp>1361729327125</Timestamp><DateTime>Sun, 2013-02-24 13:08:47 EST</DateTime></Topic><Msg>Awesome report !</Msg><Username>hoy.melissa</Username><Timestamp>1363600954911</Timestamp><DateTime>Mon, 2013-03-18 06:02:34 EDT</DateTime><ThumbUp>0</ThumbUp><ThumbDown>0</ThumbDown><Sentiment/></Message><Message type="ReplyMessage"><Id>1363604727659-4</Id><Topic><Title>Analyst Downgrades MSFT &amp; Sets Price Target MUCH LOWER</Title><Username>luis.sagem</Username><Timestamp>1362421202415</Timestamp><DateTime>Mon, 2013-03-04 13:20:02 EST</DateTime></Topic><Msg>awesome informations</Msg><Username>carlosfreshi</Username><Timestamp>1363604727659</Timestamp><DateTime>Mon, 2013-03-18 07:05:27 EDT</DateTime><ThumbUp>0</ThumbUp><ThumbDown>1</ThumbDown><Sentiment>Sell</Sentiment></Message><Message type="ReplyMessage"><Id>1363606853815-5</Id><Topic><Title>13 years of stagnation with another 10 years before complete failure!</Title><Username>rimlytarder</Username><Timestamp>1363399122383</Timestamp><DateTime>Fri, 2013-03-15 21:58:42 EDT</DateTime></Topic><Msg>Surface Pro destroys all competition,it is quite simply the fastest,most powerful device out there,I love WIN8!</Msg><Username>williamdavis960</Username><Timestamp>1363606853815</Timestamp><DateTime>Mon, 2013-03-18 07:40:53 EDT</DateTime><ThumbUp>0</ThumbUp><ThumbDown>1</ThumbDown><Sentiment>Strong Buy</Sentiment></Message><Message type="ReplyMessage"><Id>1363609138108-6</Id><Topic><Title>Will Microsoft Bounce?</Title><Username>wanda.avila</Username><Timestamp>1361975704544</Timestamp><DateTime>Wed, 2013-02-27 09:35:04 EST</DateTime></Topic><Msg>Thanks !</Msg><Username>justinslusser530</Username><Timestamp>1363609138108</Timestamp><DateTime>Mon, 2013-03-18 08:18:58 EDT</DateTime><ThumbUp>0</ThumbUp><ThumbDown>0</ThumbDown><Sentiment/></Message><Message type="ReplyMessage"><Id>1363609182476-7</Id><Topic><Title>In Depth MSFT Research Report .</Title><Username>barry.white95</Username><Timestamp>1362317833519</Timestamp><DateTime>Sun, 2013-03-03 08:37:13 EST</DateTime></Topic><Msg>Thanks !</Msg><Username>justinslusser530</Username><Timestamp>1363609182476</Timestamp><DateTime>Mon, 2013-03-18 08:19:42 EDT</DateTime><ThumbUp>0</ThumbUp><ThumbDown>0</ThumbDown><Sentiment/></Message><Message type="ReplyMessage"><Id>1363609321428-8</Id><Topic><Title>MSFT CEO &amp; CFO Selling Shares?!</Title><Username>paul.meeks</Username><Timestamp>1361729327125</Timestamp><DateTime>Sun, 2013-02-24 13:08:47 EST</DateTime></Topic><Msg>Thanks !</Msg><Username>justinslusser530</Username><Timestamp>1363609321428</Timestamp><DateTime>Mon, 2013-03-18 08:22:01 EDT</DateTime><ThumbUp>0</ThumbUp><ThumbDown>0</ThumbDown><Sentiment/></Message><Message type="ReplyMessage"><Id>1363610180948-9</Id><Topic><Title>Despite Market at Highs, the Fed keeps pumping: Why is that, Peepeekook/Cfury, because the economy</Title><Username>hawcreek12</Username><Timestamp>1363603606230</Timestamp><DateTime>Mon, 2013-03-18 06:46:46 EDT</DateTime></Topic><Msg>Be cause ya ole shriveled prune there is hope that the economy will strengthen and we need not have the great depression 2 that you seem to long for.</Msg><Username>cfuryurself</Username><Timestamp>1363610180948</Timestamp><DateTime>Mon, 2013-03-18 08:36:20 EDT</DateTime><ThumbUp>0</ThumbUp><ThumbDown>1</ThumbDown><Sentiment/></Message><Message type="ReplyMessage"><Id>1363611015890-10</Id><Topic><Title>Despite Market at Highs, the Fed keeps pumping: Why is that, Peepeekook/Cfury, because the economy</Title><Username>hawcreek12</Username><Timestamp>1363603606230</Timestamp><DateTime>Mon, 2013-03-18 06:46:46 EDT</DateTime></Topic><Msg>Ben Bernanke and Mila Kunis say BUY! BUY! BUY! That's what they said last week anyway. Only a sucker would buy stocks with the DOW at an all time high. I hope YOU weren't dumb enough fall for that. The market is down almost 1% in pre-market today.</Msg><Username>hahahacreek</Username><Timestamp>1363611015890</Timestamp><DateTime>Mon, 2013-03-18 08:50:15 EDT</DateTime><ThumbUp>1</ThumbUp><ThumbDown>0</ThumbDown><Sentiment/></Message><Message type="TopicMessage"><Id>1363612896215-11</Id><Title>BCCI-- SET TO BURST ON UPGRADE TO THE NASDAQ--FACTS</Title><Msg>HUGE UPSIDE OPP</Msg><Username>upper.charts</Username><Timestamp>1363612896215</Timestamp><DateTime>Mon, 2013-03-18 09:21:36 EDT</DateTime><ThumbUp>0</ThumbUp><ThumbDown>0</ThumbDown><Sentiment/></Message><Message type="ReplyMessage"><Id>1363613326375-12</Id><Topic><Title>Will Microsoft Bounce?</Title><Username>wanda.avila</Username><Timestamp>1361975704544</Timestamp><DateTime>Wed, 2013-02-27 09:35:04 EST</DateTime></Topic><Msg>Very helpful report !</Msg><Username>keith.tacker</Username><Timestamp>1363613326375</Timestamp><DateTime>Mon, 2013-03-18 09:28:46 EDT</DateTime><ThumbUp>0</ThumbUp><ThumbDown>0</ThumbDown><Sentiment/></Message><Message type="ReplyMessage"><Id>1363613362083-13</Id><Topic><Title>In Depth MSFT Research Report .</Title><Username>barry.white95</Username><Timestamp>1362317833519</Timestamp><DateTime>Sun, 2013-03-03 08:37:13 EST</DateTime></Topic><Msg>Very helpful report !</Msg><Username>keith.tacker</Username><Timestamp>1363613362083</Timestamp><DateTime>Mon, 2013-03-18 09:29:22 EDT</DateTime><ThumbUp>0</ThumbUp><ThumbDown>0</ThumbDown><Sentiment/></Message><Message type="ReplyMessage"><Id>1363613501795-14</Id><Topic><Title>MSFT CEO &amp; CFO Selling Shares?!</Title><Username>paul.meeks</Username><Timestamp>1361729327125</Timestamp><DateTime>Sun, 2013-02-24 13:08:47 EST</DateTime></Topic><Msg>Very helpful report !</Msg><Username>keith.tacker</Username><Timestamp>1363613501795</Timestamp><DateTime>Mon, 2013-03-18 09:31:41 EDT</DateTime><ThumbUp>0</ThumbUp><ThumbDown>0</ThumbDown><Sentiment/></Message><Message type="TopicMessage"><Id>1363613792204-15</Id><Title>Bloomberg: Republicans Foil What Majority Wants by Gerrymandering</Title><Msg>From Detroit, one of the nation’s most Democratic cities, it meanders to the west, north and east, scooping up the black- majority cities of Southfield and Pontiac while bending sharply to avoid Bloomfield Hills, the affluent suburb where 2012 Republican presidential nominee Mitt Romney was raised. Its unusual shape is intentional. Michigan Republicans, seeking to maximize their political strength, drew the district lines -- and the residential patterns of Democratic voters made their job easier. Michigan (CONSSENT)’s 14th district underscores how Democrats across the U.S. are bunched in big metropolitan areas, resulting in the party’s House candidates often winning by wide margins on Election Day while Republicans capture more seats because their voters are spread out. It’s a prime reason Democrats fell 17 seats short of winning a House majority in 2012, even as their congressional candidates drew about 1.4 million more votes than Republicans nationwide, according to data compiled by Bloomberg News. And it will hinder the Democrats from regaining control of the chamber in 2014. Currently, there are 232 Republicans and 200 Democrats in the House, with three vacancies. **************************************************************************************************** Republicans rigging the system against the People. We The People must strike back!!!</Msg><Username>baron_von_melcher</Username><Timestamp>1363613792204</Timestamp><DateTime>Mon, 2013-03-18 09:36:32 EDT</DateTime><ThumbUp>1</ThumbUp><ThumbDown>3</ThumbDown><Sentiment/></Message><Message type="ReplyMessage"><Id>1363614434897-16</Id><Topic><Title>Bloomberg: Republicans Foil What Majority Wants by Gerrymandering</Title><Username>baron_von_melcher</Username><Timestamp>1363613792204</Timestamp><DateTime>Mon, 2013-03-18 09:36:32 EDT</DateTime></Topic><Msg>American Way: why it's become clear that Obama's White House is open to the rich and closed to the poor President Obama's pledges to open up the White House are going in reverse, says Mark McKinnon U.S. President Barack Obama speaks about the sequester after a meeting with congressional leaders at the White House in Washington March 1, 2013 Access for the few - Obama's White House Photo: REUTERS Mark McKinnon 12:30PM GMT 16 Mar 2013 675 Comments Once, only nobles were granted an audience with the King. In America, we've prided ourselves on abandoning those privileges of class some 237 years ago, following that little uprising in the 13 colonies. And we again congratulated ourselves at 12:01 pm Eastern Time on January 20, 2009, just moments after Barack Obama was sworn in as the 44th president of the United States and as he committed to making his administration the most transparent and open in history. But more than four years later it is time to ask questions. The most transparent administration ever? The most transparently political, yes. The most open government? If you have the money to buy access, yes. Since last weekend, Mr and Mrs Regular Citizen have been denied the access people used to be granted to tour the White House, purportedly because of the clampdown on federal spen...</Msg><Username>atomicquark</Username><Timestamp>1363614434897</Timestamp><DateTime>Mon, 2013-03-18 09:47:14 EDT</DateTime><ThumbUp>1</ThumbUp><ThumbDown>0</ThumbDown><Sentiment/></Message><Message type="ReplyMessage"><Id>1363615485968-17</Id><Topic><Title>Bloomberg: Republicans Foil What Majority Wants by Gerrymandering</Title><Username>baron_von_melcher</Username><Timestamp>1363613792204</Timestamp><DateTime>Mon, 2013-03-18 09:36:32 EDT</DateTime></Topic><Msg>The secret service recommended the cancelling of the tours to best use their resources. Why you think President Obama is a King, able to dictate whatever he wishes, who knows. What are you trying to imply about Pres Obama? He is in favor of the tours, he likes the tours, so what is the reason you nut cases keep on with it? You forgot the election is over and he isn't running again? You nuts need to come out with your real reasons and be adults already.</Msg><Username>peppeek</Username><Timestamp>1363615485968</Timestamp><DateTime>Mon, 2013-03-18 10:04:45 EDT</DateTime><ThumbUp>0</ThumbUp><ThumbDown>2</ThumbDown><Sentiment>Strong Buy</Sentiment></Message><Message type="ReplyMessage"><Id>1363616144660-18</Id><Topic><Title>The Right To Vote</Title><Username>plmartintexas2012</Username><Timestamp>1363372366292</Timestamp><DateTime>Fri, 2013-03-15 14:32:46 EDT</DateTime></Topic><Msg>If you are born here, you are a citizen automatically, no testing required. Is that so hard to understand for you? Looks like you qualified under that rule, but who knows who you really are. Your point is to eliminate people from voting who can't pass a test, my point is why pick on your own kind, first of all, and no test needed if you are a citizen, second of all.</Msg><Username>peppeek</Username><Timestamp>1363616144660</Timestamp><DateTime>Mon, 2013-03-18 10:15:44 EDT</DateTime><ThumbUp>0</ThumbUp><ThumbDown>4</ThumbDown><Sentiment>Buy</Sentiment></Message><Message type="ReplyMessage"><Id>1363616565247-19</Id><Topic><Title>Will Microsoft Bounce?</Title><Username>wanda.avila</Username><Timestamp>1361975704544</Timestamp><DateTime>Wed, 2013-02-27 09:35:04 EST</DateTime></Topic><Msg>Thank you !</Msg><Username>williebrazeal</Username><Timestamp>1363616565247</Timestamp><DateTime>Mon, 2013-03-18 10:22:45 EDT</DateTime><ThumbUp>0</ThumbUp><ThumbDown>0</ThumbDown><Sentiment/></Message><Message type="ReplyMessage"><Id>1363616607448-20</Id><Topic><Title>In Depth MSFT Research Report .</Title><Username>barry.white95</Username><Timestamp>1362317833519</Timestamp><DateTime>Sun, 2013-03-03 08:37:13 EST</DateTime></Topic><Msg>Thank you !</Msg><Username>williebrazeal</Username><Timestamp>1363616607448</Timestamp><DateTime>Mon, 2013-03-18 10:23:27 EDT</DateTime><ThumbUp>0</ThumbUp><ThumbDown>0</ThumbDown><Sentiment/></Message><Message type="ReplyMessage"><Id>1363616742580-21</Id><Topic><Title>MSFT CEO &amp; CFO Selling Shares?!</Title><Username>paul.meeks</Username><Timestamp>1361729327125</Timestamp><DateTime>Sun, 2013-02-24 13:08:47 EST</DateTime></Topic><Msg>Thank you !</Msg><Username>williebrazeal</Username><Timestamp>1363616742580</Timestamp><DateTime>Mon, 2013-03-18 10:25:42 EDT</DateTime><ThumbUp>0</ThumbUp><ThumbDown>2</ThumbDown><Sentiment/></Message><Message type="TopicMessage"><Id>1363618280271-22</Id><Title>S &amp; P forcasting great things for MSFT for 2013 and beyond</Title><Msg>Rä We expect revenues to rise 7.2% in FY 13 (Jun.) and 7.1% in FY 14, following 5.4% growth in FY 12.We see Windows and Windows Live revenue up 13% in FY 13 and 2% in FY 14, driven by enterprise spending and the adoption of Windows 8.We project about 11% growth in Server and Tools in FY 13 and 9% in FY 14.We estimate about 4% growth in Microsoft Business in FY 13 and 8% in FY 14, on stronger enterprise spending and product upgrades.We see Entertainment and Devices revenue down 2% in FY 13 and up 11% in FY 14, including Skype and the Xbox platform. For MSFT's Online Service division in the respective fiscal years, we forecast 11% and 2% growth.We remain concerned about piracy issues in high-growth emerging markets. ä We look for gross margins of 75% in FY 13 and 74% in FY 14.We anticipate higher volume from upcoming product launches, but see pricing pressure within emerging markets.We forecast operating margins of 37% in FY 13 and FY 14. ä We project EPS of $2.88 in FY 13 and $3.11 in FY 14.We see modest share repurchases going forward.We view positively MSFT's free cash flow generation and dividend yield of 3.3%. Investment Rationale/Risk ä Our strong buy opinion is based on valuation as well as our belief that MSFT will eventually succeed in the mobile space.We think Windows 8 is a good start to the mobile push, and we see good growth prospects for the upcoming launch of Office 2013, which will be available to consumers on the cloud.We view positively MSFT's expansion in the hardware business with the Surface, and see a bigger distribution channel aiding results. The shares were recently trading below 9X our FY 14 EPS estimate, a notable discount to major market indices and peers.We believe MSFT's core businesses remain solid, on healthy enterprise spending. ä Risks to our recommendation and target price include lower-than-projected PC sales, a slowdown in the global economy, and further losses in the mobile device market. ä Our 12-month target price of $35 is base</Msg><Username>father_zosima</Username><Timestamp>1363618280271</Timestamp><DateTime>Mon, 2013-03-18 10:51:20 EDT</DateTime><ThumbUp>0</ThumbUp><ThumbDown>1</ThumbDown><Sentiment/></Message><Message type="ReplyMessage"><Id>1363618587163-23</Id><Topic><Title>S &amp; P forcasting great things for MSFT for 2013 and beyond</Title><Username>father_zosima</Username><Timestamp>1363618280271</Timestamp><DateTime>Mon, 2013-03-18 10:51:20 EDT</DateTime></Topic><Msg>Our 12-month target price of $35 is based on a peer discount P/E of 11X our calendar year 2014 EPS estimate of $3.14. This multiple is near MSFT's three-year historical average but below the five-year average.We see the potential for multiple expansion if MSFT can successfully execute on Windows 8 and show notable share gains in the mobile space</Msg><Username>father_zosima</Username><Timestamp>1363618587163</Timestamp><DateTime>Mon, 2013-03-18 10:56:27 EDT</DateTime><ThumbUp>0</ThumbUp><ThumbDown>1</ThumbDown><Sentiment/></Message><Message type="TopicMessage"><Id>1363618813627-24</Id><Title>FNHC - Article just issued, trading at 30% the value of its invest port and no debt.</Title><Msg>Read the seeking alpha artricle and let me know if you find any holes in this.. The news is starting to come in fast and heavy and seems all so good for FNHC. Insiders seem to believe it.</Msg><Username>daveparker0808</Username><Timestamp>1363618813627</Timestamp><DateTime>Mon, 2013-03-18 11:00:13 EDT</DateTime><ThumbUp>0</ThumbUp><ThumbDown>0</ThumbDown><Sentiment>Strong Buy</Sentiment></Message><Message type="ReplyMessage"><Id>1363618973554-25</Id><Topic><Title>S &amp; P forcasting great things for MSFT for 2013 and beyond</Title><Username>father_zosima</Username><Timestamp>1363618280271</Timestamp><DateTime>Mon, 2013-03-18 10:51:20 EDT</DateTime></Topic><Msg>There isn't a speck of inflation in the Western Hemisphere- Hawfecies would be short the board if he even had a dollar in his pocket- as it is he is insanely jealous and angry and hates the most successful company MSFT with a vehemence not known since the extinction of the neanderthals</Msg><Username>father_zosima</Username><Timestamp>1363618973554</Timestamp><DateTime>Mon, 2013-03-18 11:02:53 EDT</DateTime><ThumbUp>0</ThumbUp><ThumbDown>1</ThumbDown><Sentiment/></Message><Message type="ReplyMessage"><Id>1363619711522-26</Id><Topic><Title>Will Microsoft Bounce?</Title><Username>wanda.avila</Username><Timestamp>1361975704544</Timestamp><DateTime>Wed, 2013-02-27 09:35:04 EST</DateTime></Topic><Msg>Awesome report , thanks !</Msg><Username>finouye</Username><Timestamp>1363619711522</Timestamp><DateTime>Mon, 2013-03-18 11:15:11 EDT</DateTime><ThumbUp>0</ThumbUp><ThumbDown>0</ThumbDown><Sentiment/></Message><Message type="ReplyMessage"><Id>1363619748679-27</Id><Topic><Title>In Depth MSFT Research Report .</Title><Username>barry.white95</Username><Timestamp>1362317833519</Timestamp><DateTime>Sun, 2013-03-03 08:37:13 EST</DateTime></Topic><Msg>Awesome report , thanks !</Msg><Username>finouye</Username><Timestamp>1363619748679</Timestamp><DateTime>Mon, 2013-03-18 11:15:48 EDT</DateTime><ThumbUp>0</ThumbUp><ThumbDown>0</ThumbDown><Sentiment/></Message><Message type="ReplyMessage"><Id>1363619900861-28</Id><Topic><Title>MSFT CEO &amp; CFO Selling Shares?!</Title><Username>paul.meeks</Username><Timestamp>1361729327125</Timestamp><DateTime>Sun, 2013-02-24 13:08:47 EST</DateTime></Topic><Msg>Awesome report , thanks !</Msg><Username>finouye</Username><Timestamp>1363619900861</Timestamp><DateTime>Mon, 2013-03-18 11:18:20 EDT</DateTime><ThumbUp>0</ThumbUp><ThumbDown>1</ThumbDown><Sentiment/></Message><Message type="ReplyMessage"><Id>1363620280895-29</Id><Topic><Title>The Right To Vote</Title><Username>plmartintexas2012</Username><Timestamp>1363372366292</Timestamp><DateTime>Fri, 2013-03-15 14:32:46 EDT</DateTime></Topic><Msg>Fine, you have the right to judge others in the court of public opinions, just as others have the right to vote how they want with their citizenship. More to your real agenda, most if not nearly all, "black" voters, vote theme first, not color. Nothing worse than a fake representative trying to garner votes by color of the skin alone. You must have seen the reaction to the fake ronmey themes last time. He even tried to be a little bit latino, which was very funny. All the while saying "you know where I was born" to cheers (not laughs) from his base. ho ho ho</Msg><Username>peppeek</Username><Timestamp>1363620280895</Timestamp><DateTime>Mon, 2013-03-18 11:24:40 EDT</DateTime><ThumbUp>0</ThumbUp><ThumbDown>4</ThumbDown><Sentiment>Buy</Sentiment></Message><Message type="TopicMessage"><Id>1363620770960-30</Id><Title>Republicans think putting a "black" or "latino" face on the stage</Title><Msg>is going to get "their" votes so they can win. I hope they keep doing it.</Msg><Username>peppeek</Username><Timestamp>1363620770960</Timestamp><DateTime>Mon, 2013-03-18 11:32:50 EDT</DateTime><ThumbUp>0</ThumbUp><ThumbDown>3</ThumbDown><Sentiment>Buy</Sentiment></Message><Message type="ReplyMessage"><Id>1363620799896-31</Id><Topic><Title>MSFT CEO &amp; CFO Selling Shares?!</Title><Username>paul.meeks</Username><Timestamp>1361729327125</Timestamp><DateTime>Sun, 2013-02-24 13:08:47 EST</DateTime></Topic><Msg>On ignore !!!!!!!!!</Msg><Username>brow151wear257</Username><Timestamp>1363620799896</Timestamp><DateTime>Mon, 2013-03-18 11:33:19 EDT</DateTime><ThumbUp>0</ThumbUp><ThumbDown>0</ThumbDown><Sentiment/></Message><Message type="ReplyMessage"><Id>1363621269559-32</Id><Topic><Title>Bloomberg: Republicans Foil What Majority Wants by Gerrymandering</Title><Username>baron_von_melcher</Username><Timestamp>1363613792204</Timestamp><DateTime>Mon, 2013-03-18 09:36:32 EDT</DateTime></Topic><Msg>Voter repression is the only way the Rethugs are able to hold on to power.</Msg><Username>castrator_of_nutjobs</Username><Timestamp>1363621269559</Timestamp><DateTime>Mon, 2013-03-18 11:41:09 EDT</DateTime><ThumbUp>0</ThumbUp><ThumbDown>0</ThumbDown><Sentiment/></Message><Message type="ReplyMessage"><Id>1363621316598-33</Id><Topic><Title>One can contend the Fed is not involved dierectly with the Market, I say that is pure BS</Title><Username>hawcreek12</Username><Timestamp>1363620724107</Timestamp><DateTime>Mon, 2013-03-18 11:32:04 EDT</DateTime></Topic><Msg>Your mind, like ryan's BA with a minor in econ, is not in the same league as Bernanke's to grasp what he is missing or not.</Msg><Username>hawrcreek10</Username><Timestamp>1363621316598</Timestamp><DateTime>Mon, 2013-03-18 11:41:56 EDT</DateTime><ThumbUp>0</ThumbUp><ThumbDown>0</ThumbDown><Sentiment>Hold</Sentiment></Message><Message type="ReplyMessage"><Id>1363621749151-34</Id><Topic><Title>Bloomberg: Republicans Foil What Majority Wants by Gerrymandering</Title><Username>baron_von_melcher</Username><Timestamp>1363613792204</Timestamp><DateTime>Mon, 2013-03-18 09:36:32 EDT</DateTime></Topic><Msg>Obama is choosing every visible way to spin the idea his socialist side of the isle needs to keep up the massive spending, and increase the debt. No tours! The public is outragged! HAHAHAHAHA...but the guy with $500,000 big ones in his pocket to give Obama can tour his way right on in.</Msg><Username>joedokes45</Username><Timestamp>1363621749151</Timestamp><DateTime>Mon, 2013-03-18 11:49:09 EDT</DateTime><ThumbUp>2</ThumbUp><ThumbDown>2</ThumbDown><Sentiment/></Message><Message type="ReplyMessage"><Id>1363625032312-35</Id><Topic><Title>The Right To Vote</Title><Username>plmartintexas2012</Username><Timestamp>1363372366292</Timestamp><DateTime>Fri, 2013-03-15 14:32:46 EDT</DateTime></Topic><Msg>Many libs like our dimbulb father could pool their test scores with guys like the hooz, and still couldn't pass. They don't even have the ability to go down and get a photo ID. HAHAHA</Msg><Username>joedokes45</Username><Timestamp>1363625032312</Timestamp><DateTime>Mon, 2013-03-18 12:43:52 EDT</DateTime><ThumbUp>2</ThumbUp><ThumbDown>2</ThumbDown><Sentiment/></Message><Message type="ReplyMessage"><Id>1363626558957-36</Id><Topic><Title>Senator Obama "5 trillion dollar debt is unpatriotic"</Title><Username>agolferbogie</Username><Timestamp>1363559651217</Timestamp><DateTime>Sun, 2013-03-17 18:34:11 EDT</DateTime></Topic><Msg>YAWNNNNNNNNNNNNNNNNNNNNNNNNNNNNNNNNNNNNNNNNNNNNN....................................</Msg><Username>jennam0677</Username><Timestamp>1363626558957</Timestamp><DateTime>Mon, 2013-03-18 13:09:18 EDT</DateTime><ThumbUp>2</ThumbUp><ThumbDown>1</ThumbDown><Sentiment/></Message><Message type="ReplyMessage"><Id>1363626648915-37</Id><Topic><Title>The Right To Vote</Title><Username>plmartintexas2012</Username><Timestamp>1363372366292</Timestamp><DateTime>Fri, 2013-03-15 14:32:46 EDT</DateTime></Topic><Msg>I didn't know Hilary was in last year's primary of one. No, she would have lost in 2008 even if she were "black", and apparently you disregard the women's vote. Since that conjurs up images of white women in your mind, and that's awright, no theory needed. Obama was elected Pres twice, on theme, if you hadn't seen it yet on your faux news.</Msg><Username>peppeek</Username><Timestamp>1363626648915</Timestamp><DateTime>Mon, 2013-03-18 13:10:48 EDT</DateTime><ThumbUp>0</ThumbUp><ThumbDown>4</ThumbDown><Sentiment>Buy</Sentiment></Message><Message type="ReplyMessage"><Id>1363626941390-38</Id><Topic><Title>The Right To Vote</Title><Username>plmartintexas2012</Username><Timestamp>1363372366292</Timestamp><DateTime>Fri, 2013-03-15 14:32:46 EDT</DateTime></Topic><Msg>Which party has the highly educated voters? HAHAHA It ain't even close. Your side has a hard time getting to the bus stop to get picked up to be taken to vote, and given a free lunch besides.</Msg><Username>joedokes45</Username><Timestamp>1363626941390</Timestamp><DateTime>Mon, 2013-03-18 13:15:41 EDT</DateTime><ThumbUp>1</ThumbUp><ThumbDown>2</ThumbDown><Sentiment/></Message><Message type="ReplyMessage"><Id>1363627104059-39</Id><Topic><Title>Senator Obama "5 trillion dollar debt is unpatriotic"</Title><Username>agolferbogie</Username><Timestamp>1363559651217</Timestamp><DateTime>Sun, 2013-03-17 18:34:11 EDT</DateTime></Topic><Msg>And libs want to spin the fact that Bush raised tax coffers through the roof with his tax cuts, and grew the economy making the ratio of debt to GDP a fraction of what Obama has created with his massive spending he admitted did no good, and the lousy economy liberals have created.</Msg><Username>joedokes45</Username><Timestamp>1363627104059</Timestamp><DateTime>Mon, 2013-03-18 13:18:24 EDT</DateTime><ThumbUp>2</ThumbUp><ThumbDown>2</ThumbDown><Sentiment/></Message><Message type="ReplyMessage"><Id>1363627173249-40</Id><Topic><Title>Analyst Downgrades MSFT &amp; Sets Price Target MUCH LOWER</Title><Username>luis.sagem</Username><Timestamp>1362421202415</Timestamp><DateTime>Mon, 2013-03-04 13:20:02 EST</DateTime></Topic><Msg>really goodreally good</Msg><Username>danielalvaro112</Username><Timestamp>1363627173249</Timestamp><DateTime>Mon, 2013-03-18 13:19:33 EDT</DateTime><ThumbUp>0</ThumbUp><ThumbDown>1</ThumbDown><Sentiment>Strong Buy</Sentiment></Message><Message type="ReplyMessage"><Id>1363627924743-41</Id><Topic><Title>Will Microsoft Bounce?</Title><Username>wanda.avila</Username><Timestamp>1361975704544</Timestamp><DateTime>Wed, 2013-02-27 09:35:04 EST</DateTime></Topic><Msg>Very helpful report !!</Msg><Username>parker.diana</Username><Timestamp>1363627924743</Timestamp><DateTime>Mon, 2013-03-18 13:32:04 EDT</DateTime><ThumbUp>0</ThumbUp><ThumbDown>0</ThumbDown><Sentiment/></Message><Message type="ReplyMessage"><Id>1363627959378-42</Id><Topic><Title>In Depth MSFT Research Report .</Title><Username>barry.white95</Username><Timestamp>1362317833519</Timestamp><DateTime>Sun, 2013-03-03 08:37:13 EST</DateTime></Topic><Msg>Very helpful report !!</Msg><Username>parker.diana</Username><Timestamp>1363627959378</Timestamp><DateTime>Mon, 2013-03-18 13:32:39 EDT</DateTime><ThumbUp>0</ThumbUp><ThumbDown>0</ThumbDown><Sentiment/></Message><Message type="ReplyMessage"><Id>1363628114190-43</Id><Topic><Title>MSFT CEO &amp; CFO Selling Shares?!</Title><Username>paul.meeks</Username><Timestamp>1361729327125</Timestamp><DateTime>Sun, 2013-02-24 13:08:47 EST</DateTime></Topic><Msg>Very helpful report !!</Msg><Username>parker.diana</Username><Timestamp>1363628114190</Timestamp><DateTime>Mon, 2013-03-18 13:35:14 EDT</DateTime><ThumbUp>0</ThumbUp><ThumbDown>0</ThumbDown><Sentiment/></Message><Message type="ReplyMessage"><Id>1363628355051-44</Id><Topic><Title>MEGA MONSTER SELL ORDERS COMING IN BLOOOOOOOOOOOOOOOOOOOOOOOOOOOODBATHHHHHHHH</Title><Username>pharmaheroyy</Username><Timestamp>1363628194131</Timestamp><DateTime>Mon, 2013-03-18 13:36:34 EDT</DateTime></Topic><Msg>qazwxdsvd</Msg><Username>mikemclaug</Username><Timestamp>1363628355051</Timestamp><DateTime>Mon, 2013-03-18 13:39:15 EDT</DateTime><ThumbUp>0</ThumbUp><ThumbDown>0</ThumbDown><Sentiment/></Message><Message type="ReplyMessage"><Id>1363629464835-45</Id><Topic><Title>MSFT Zero-Effort mobile payment system</Title><Username>nostra_dumbass666</Username><Timestamp>1363554858413</Timestamp><DateTime>Sun, 2013-03-17 17:14:18 EDT</DateTime></Topic><Msg>No problem. Su casa es mi casa. And I can see that this has been a growth experience for you. Such grown up language! Contacting the proper authorities. So much more refined than the usual 5th grade bully-wannabe follow-up posts you usually make! It may not be very long until you actually know what a proper authority is if you keep working at this for a while. Best of luck to you if you decide to continue to pursue this move toward self improvement. For a while, like forever, it looked like you were committed to lifelong nescience. It will be interesting to see if you have the fortitude to continue away from it. Anybody want to start a pool?.</Msg><Username>fan_tazer</Username><Timestamp>1363629464835</Timestamp><DateTime>Mon, 2013-03-18 13:57:44 EDT</DateTime><ThumbUp>0</ThumbUp><ThumbDown>0</ThumbDown><Sentiment/></Message><Message type="ReplyMessage"><Id>1363629619927-46</Id><Topic><Title>S &amp; P forcasting great things for MSFT for 2013 and beyond</Title><Username>father_zosima</Username><Timestamp>1363618280271</Timestamp><DateTime>Mon, 2013-03-18 10:51:20 EDT</DateTime></Topic><Msg>Bernanke will be quick to take preventative action if need arises</Msg><Username>father_zosima</Username><Timestamp>1363629619927</Timestamp><DateTime>Mon, 2013-03-18 14:00:19 EDT</DateTime><ThumbUp>1</ThumbUp><ThumbDown>1</ThumbDown><Sentiment/></Message><Message type="ReplyMessage"><Id>1363630160302-47</Id><Topic><Title>13 years of stagnation with another 10 years before complete failure!</Title><Username>rimlytarder</Username><Timestamp>1363399122383</Timestamp><DateTime>Fri, 2013-03-15 21:58:42 EDT</DateTime></Topic><Msg>Destroys all competition? So it should just be banned? I think it's way too early for that. Firstly they can hardly get anyone to buy them. And until there is verifiable harm to the market the current indifference to both the Pro and the RT by both consumers and regulatory agencies should continue. Right now anyone hoping for there to be competition with MSFT loves W8. If it starts selling that is sure to diminish.</Msg><Username>fan_tazer</Username><Timestamp>1363630160302</Timestamp><DateTime>Mon, 2013-03-18 14:09:20 EDT</DateTime><ThumbUp>0</ThumbUp><ThumbDown>1</ThumbDown><Sentiment/></Message><Message type="ReplyMessage"><Id>1363630743030-48</Id><Topic><Title>Will Microsoft Bounce?</Title><Username>wanda.avila</Username><Timestamp>1361975704544</Timestamp><DateTime>Wed, 2013-02-27 09:35:04 EST</DateTime></Topic><Msg>Nice report !</Msg><Username>gosselinwillie</Username><Timestamp>1363630743030</Timestamp><DateTime>Mon, 2013-03-18 14:19:03 EDT</DateTime><ThumbUp>0</ThumbUp><ThumbDown>0</ThumbDown><Sentiment/></Message><Message type="ReplyMessage"><Id>1363630783547-49</Id><Topic><Title>In Depth MSFT Research Report .</Title><Username>barry.white95</Username><Timestamp>1362317833519</Timestamp><DateTime>Sun, 2013-03-03 08:37:13 EST</DateTime></Topic><Msg>Nice report !</Msg><Username>gosselinwillie</Username><Timestamp>1363630783547</Timestamp><DateTime>Mon, 2013-03-18 14:19:43 EDT</DateTime><ThumbUp>0</ThumbUp><ThumbDown>1</ThumbDown><Sentiment/></Message><Message type="ReplyMessage"><Id>1363633684513-50</Id><Topic><Title>Will Microsoft Bounce?</Title><Username>wanda.avila</Username><Timestamp>1361975704544</Timestamp><DateTime>Wed, 2013-02-27 09:35:04 EST</DateTime></Topic><Msg>Very helpful report , thanks .</Msg><Username>fernando.shultz</Username><Timestamp>1363633684513</Timestamp><DateTime>Mon, 2013-03-18 15:08:04 EDT</DateTime><ThumbUp>0</ThumbUp><ThumbDown>0</ThumbDown><Sentiment/></Message><Message type="ReplyMessage"><Id>1363633722229-51</Id><Topic><Title>In Depth MSFT Research Report .</Title><Username>barry.white95</Username><Timestamp>1362317833519</Timestamp><DateTime>Sun, 2013-03-03 08:37:13 EST</DateTime></Topic><Msg>Very helpful report , thanks .</Msg><Username>fernando.shultz</Username><Timestamp>1363633722229</Timestamp><DateTime>Mon, 2013-03-18 15:08:42 EDT</DateTime><ThumbUp>0</ThumbUp><ThumbDown>1</ThumbDown><Sentiment/></Message><Message type="ReplyMessage"><Id>1363633863912-52</Id><Topic><Title>MSFT CEO &amp; CFO Selling Shares?!</Title><Username>paul.meeks</Username><Timestamp>1361729327125</Timestamp><DateTime>Sun, 2013-02-24 13:08:47 EST</DateTime></Topic><Msg>Very helpful report , thanks .</Msg><Username>fernando.shultz</Username><Timestamp>1363633863912</Timestamp><DateTime>Mon, 2013-03-18 15:11:03 EDT</DateTime><ThumbUp>0</ThumbUp><ThumbDown>2</ThumbDown><Sentiment/></Message><Message type="TopicMessage"><Id>1363643906187-53</Id><Title>Cybersybil, is it true Obama wants to spend 1 1/2 mil on finding out why 3/4 of you are fat?</Title><Msg>I could tell him for nothing.</Msg><Username>agolferbogie</Username><Timestamp>1363643906187</Timestamp><DateTime>Mon, 2013-03-18 17:58:26 EDT</DateTime><ThumbUp>1</ThumbUp><ThumbDown>1</ThumbDown><Sentiment/></Message><Message type="TopicMessage"><Id>1363644030739-54</Id><Title>Things are so bad in C alif, even Bill Maher may be leaving</Title><Msg>He said taxes hae gotten so how of hand that "you liberals may be losing me" LOL</Msg><Username>agolferbogie</Username><Timestamp>1363644030739</Timestamp><DateTime>Mon, 2013-03-18 18:00:30 EDT</DateTime><ThumbUp>1</ThumbUp><ThumbDown>1</ThumbDown><Sentiment/></Message><Message type="ReplyMessage"><Id>1363645862578-55</Id><Topic><Title>Why does the devil in 'The Bible' look exactly like President Obama?</Title><Username>hawcreek12</Username><Timestamp>1363644439816</Timestamp><DateTime>Mon, 2013-03-18 18:07:19 EDT</DateTime></Topic><Msg>You are doing a grave disservice to the devil.</Msg><Username>joedokes45</Username><Timestamp>1363645862578</Timestamp><DateTime>Mon, 2013-03-18 18:31:02 EDT</DateTime><ThumbUp>3</ThumbUp><ThumbDown>4</ThumbDown><Sentiment/></Message><Message type="TopicMessage"><Id>1363649324517-56</Id><Title>You libs must br so proud</Title><Msg>The American Constitution has been replaced with Saul Alinsky's "Rules for Radicals" and Chicago shyster, David Axelrod, along with international Socialist George Soros will be pulling the strings on their beige puppet to bring us Act 2 of the New World Order.</Msg><Username>agolferbogie</Username><Timestamp>1363649324517</Timestamp><DateTime>Mon, 2013-03-18 19:28:44 EDT</DateTime><ThumbUp>1</ThumbUp><ThumbDown>0</ThumbDown><Sentiment/></Message><Message type="ReplyMessage"><Id>1363650718004-57</Id><Topic><Title>Why does the devil in 'The Bible' look exactly like President Obama?</Title><Username>hawcreek12</Username><Timestamp>1363644439816</Timestamp><DateTime>Mon, 2013-03-18 18:07:19 EDT</DateTime></Topic><Msg>I didn't know the Bible was a picture book.</Msg><Username>wottowwottow</Username><Timestamp>1363650718004</Timestamp><DateTime>Mon, 2013-03-18 19:51:58 EDT</DateTime><ThumbUp>1</ThumbUp><ThumbDown>1</ThumbDown><Sentiment/></Message><Message type="ReplyMessage"><Id>1363651246095-58</Id><Topic><Title>You libs must br so proud</Title><Username>agolferbogie</Username><Timestamp>1363649324517</Timestamp><DateTime>Mon, 2013-03-18 19:28:44 EDT</DateTime></Topic><Msg>David Axelrod......and even perhaps Valerie Jarrett (who i call Obama"s other wife) i believe are the one's who spun the video Benghast lie all the way to the UNITED NATIONS WEEKS LATER....to make the lie look even more convincing.....you could of told those toads it was SANTA CLAUS....THEY COULD CARE LESS....Axelrod didn't want this Benghasi event to take root weeks before the election.......of course Obama went for it....Hillory Clinton "what difference does it matter" was because she was fed up of covering for Obama....pure and simple....you heard it here first.......remember for your reference....</Msg><Username>trendpicker</Username><Timestamp>1363651246095</Timestamp><DateTime>Mon, 2013-03-18 20:00:46 EDT</DateTime><ThumbUp>1</ThumbUp><ThumbDown>0</ThumbDown><Sentiment/></Message><Message type="ReplyMessage"><Id>1363651609993-59</Id><Topic><Title>Why does the devil in 'The Bible' look exactly like President Obama?</Title><Username>hawcreek12</Username><Timestamp>1363644439816</Timestamp><DateTime>Mon, 2013-03-18 18:07:19 EDT</DateTime></Topic><Msg>To appeal to racists like you, and equivalent 300 year old slave trader minds? Or, likely it could be that not everyone is obsessed with a man, specifically Pres Obama, like you are. What's up with that man obsession of yours anyway? hmmmm It also fits with your unrelated dot connecting mind, or lack of a mind. Have fun, you are in the twilight zone.</Msg><Username>peppeek</Username><Timestamp>1363651609993</Timestamp><DateTime>Mon, 2013-03-18 20:06:49 EDT</DateTime><ThumbUp>1</ThumbUp><ThumbDown>4</ThumbDown><Sentiment>Buy</Sentiment></Message><Message type="ReplyMessage"><Id>1363651786684-60</Id><Topic><Title>Why does Obama nominate racists for his cabinet?</Title><Username>hawcreek12</Username><Timestamp>1363634844834</Timestamp><DateTime>Mon, 2013-03-18 15:27:24 EDT</DateTime></Topic><Msg>Why do you ask "Why does Obama nominate racists for his cabinet?"</Msg><Username>peppeek</Username><Timestamp>1363651786684</Timestamp><DateTime>Mon, 2013-03-18 20:09:46 EDT</DateTime><ThumbUp>0</ThumbUp><ThumbDown>2</ThumbDown><Sentiment>Buy</Sentiment></Message><Message type="ReplyMessage"><Id>1363654616722-61</Id><Topic><Title>Why does the devil in 'The Bible' look exactly like President Obama?</Title><Username>hawcreek12</Username><Timestamp>1363644439816</Timestamp><DateTime>Mon, 2013-03-18 18:07:19 EDT</DateTime></Topic><Msg>I saw the pic, doesn't look exactly like Obama at all. It looks more like what Jesus really looked like before europeans turned him white. You lower yourself to near the bottom with this post, not surprising.</Msg><Username>peppeek</Username><Timestamp>1363654616722</Timestamp><DateTime>Mon, 2013-03-18 20:56:56 EDT</DateTime><ThumbUp>2</ThumbUp><ThumbDown>5</ThumbDown><Sentiment/></Message><Message type="ReplyMessage"><Id>1363664643844-62</Id><Topic><Title>Dinners for high paying donors damaging Obama's image?</Title><Username>hawcreek12</Username><Timestamp>1363625263105</Timestamp><DateTime>Mon, 2013-03-18 12:47:43 EDT</DateTime></Topic><Msg>Not at all, because it doesn't matter. Romney's 50k a plate dinner sure damaged his image. It did him in, showing his real theme. Odd you phrase it perfectly for Romney except make it past tense. Hidden anger against Romney on your part comes out in strange ways. . Better: Dinners for high paying donors damaged Romney's image? Not to me it didn't. I knew he was a #$%$ by the time he had been the GOP candidate for 3 minutes</Msg><Username>peppeek</Username><Timestamp>1363664643844</Timestamp><DateTime>Mon, 2013-03-18 23:44:03 EDT</DateTime><ThumbUp>0</ThumbUp><ThumbDown>2</ThumbDown><Sentiment/></Message></Date>