<?xml version="1.0" encoding="UTF-8" standalone="no"?><Date date="2013-03-15"><Message type="ReplyMessage"><Id>1363323889582-1</Id><Topic><Title>Great News, Surface Pros are sellign at 1.5 million unites a quater</Title><Username>bwu106</Username><Timestamp>1363311236084</Timestamp><DateTime>Thu, 2013-03-14 21:33:56 EDT</DateTime></Topic><Msg>Bill Gate on Bloomberg news said the initial sales were limited in distribution. He is pleased with the sales and its is picking up. Large corporate needs to go through their more vigorous process of acquisition. Don't you see this year Microsoft is breaking its pattern and rising after Jan 15, its the latency of the reported result is pushing from Dec, Jan to by few months. Be patience and the reward will be great. Dividend increase will be on the way.</Msg><Username>topinvestgun1</Username><Timestamp>1363323889582</Timestamp><DateTime>Fri, 2013-03-15 01:04:49 EDT</DateTime><ThumbUp>0</ThumbUp><ThumbDown>0</ThumbDown><Sentiment>Strong Buy</Sentiment></Message><Message type="ReplyMessage"><Id>1363324519838-2</Id><Topic><Title>Microsoft Sells 302,000 Xbox Consoles in February</Title><Username>wottowwottow</Username><Timestamp>1363306549684</Timestamp><DateTime>Thu, 2013-03-14 20:15:49 EDT</DateTime></Topic><Msg>Wow. Sold almost half as many Xbox's as the number of SPAM posts on Yahoos message boards for the month of February.</Msg><Username>czar_of_cars</Username><Timestamp>1363324519838</Timestamp><DateTime>Fri, 2013-03-15 01:15:19 EDT</DateTime><ThumbUp>1</ThumbUp><ThumbDown>1</ThumbDown><Sentiment/></Message><Message type="ReplyMessage"><Id>1363325948586-3</Id><Topic><Title>Great News, Surface Pros are sellign at 1.5 million unites a quater</Title><Username>bwu106</Username><Timestamp>1363311236084</Timestamp><DateTime>Thu, 2013-03-14 21:33:56 EDT</DateTime></Topic><Msg>Who's buying these tablets? Not me! I own 2 iPads and I plan to buy a Nexus 7 next.</Msg><Username>penguinx64</Username><Timestamp>1363325948586</Timestamp><DateTime>Fri, 2013-03-15 01:39:08 EDT</DateTime><ThumbUp>0</ThumbUp><ThumbDown>0</ThumbDown><Sentiment/></Message><Message type="ReplyMessage"><Id>1363326091978-4</Id><Topic><Title>Laughable futility</Title><Username>wottowwottow</Username><Timestamp>1363304355647</Timestamp><DateTime>Thu, 2013-03-14 19:39:15 EDT</DateTime></Topic><Msg>Surface RT and Surface Pro are laughable with $500 and $1000 price tags!</Msg><Username>penguinx64</Username><Timestamp>1363326091978</Timestamp><DateTime>Fri, 2013-03-15 01:41:31 EDT</DateTime><ThumbUp>1</ThumbUp><ThumbDown>0</ThumbDown><Sentiment/></Message><Message type="ReplyMessage"><Id>1363326214086-5</Id><Topic><Title>Jews Who Change Their Names from Jewish Names to White Names</Title><Username>mel_gibson_2013</Username><Timestamp>1363279526401</Timestamp><DateTime>Thu, 2013-03-14 12:45:26 EDT</DateTime></Topic><Msg>Jews won't buy Surface tablets, because the Surface is too expensive.</Msg><Username>penguinx64</Username><Timestamp>1363326214086</Timestamp><DateTime>Fri, 2013-03-15 01:43:34 EDT</DateTime><ThumbUp>0</ThumbUp><ThumbDown>2</ThumbDown><Sentiment/></Message><Message type="ReplyMessage"><Id>1363326358541-6</Id><Topic><Title>DOW hits new record 10 days in a row!</Title><Username>papa.weelee</Username><Timestamp>1363274780596</Timestamp><DateTime>Thu, 2013-03-14 11:26:20 EDT</DateTime></Topic><Msg>Wanna put your mouth were your money is? I've got something in my pants you can suck on!</Msg><Username>penguinx64</Username><Timestamp>1363326358541</Timestamp><DateTime>Fri, 2013-03-15 01:45:58 EDT</DateTime><ThumbUp>0</ThumbUp><ThumbDown>0</ThumbDown><Sentiment>Strong Sell</Sentiment></Message><Message type="TopicMessage"><Id>1363335887412-7</Id><Title>Is Microsoft One of the Best Companies in America?</Title><Msg>Apparently not. Google it...</Msg><Username>wottowwottow</Username><Timestamp>1363335887412</Timestamp><DateTime>Fri, 2013-03-15 04:24:47 EDT</DateTime><ThumbUp>1</ThumbUp><ThumbDown>3</ThumbDown><Sentiment/></Message><Message type="ReplyMessage"><Id>1363341976019-8</Id><Topic><Title>Is Microsoft One of the Best Companies in America?</Title><Username>wottowwottow</Username><Timestamp>1363335887412</Timestamp><DateTime>Fri, 2013-03-15 04:24:47 EDT</DateTime></Topic><Msg>The domination of your evil MSFT thoughts and posting them here 24/7 is SICK, REALLY REALLY SICK SICK SICK.</Msg><Username>plinsde8249</Username><Timestamp>1363341976019</Timestamp><DateTime>Fri, 2013-03-15 06:06:16 EDT</DateTime><ThumbUp>2</ThumbUp><ThumbDown>5</ThumbDown><Sentiment/></Message><Message type="ReplyMessage"><Id>1363342348007-9</Id><Topic><Title>Is Microsoft One of the Best Companies in America?</Title><Username>wottowwottow</Username><Timestamp>1363335887412</Timestamp><DateTime>Fri, 2013-03-15 04:24:47 EDT</DateTime></Topic><Msg>Get over yourself.</Msg><Username>wottowwottow</Username><Timestamp>1363342348007</Timestamp><DateTime>Fri, 2013-03-15 06:12:28 EDT</DateTime><ThumbUp>2</ThumbUp><ThumbDown>2</ThumbDown><Sentiment/></Message><Message type="TopicMessage"><Id>1363344565343-10</Id><Title>Will be buying a bunch today</Title><Msg>loe this WIN8. Faster and more secure</Msg><Username>mystk7</Username><Timestamp>1363344565343</Timestamp><DateTime>Fri, 2013-03-15 06:49:25 EDT</DateTime><ThumbUp>1</ThumbUp><ThumbDown>2</ThumbDown><Sentiment>Strong Buy</Sentiment></Message><Message type="TopicMessage"><Id>1363344652652-11</Id><Title>Likely to see above 30$ soon</Title><Msg>here we go up.</Msg><Username>mystk7</Username><Timestamp>1363344652652</Timestamp><DateTime>Fri, 2013-03-15 06:50:52 EDT</DateTime><ThumbUp>0</ThumbUp><ThumbDown>2</ThumbDown><Sentiment>Strong Buy</Sentiment></Message><Message type="ReplyMessage"><Id>1363345778775-12</Id><Topic><Title>In Depth MSFT Research Report .</Title><Username>barry.white95</Username><Timestamp>1362317833519</Timestamp><DateTime>Sun, 2013-03-03 08:37:13 EST</DateTime></Topic><Msg>Very helpful report , thanks !</Msg><Username>ballerano</Username><Timestamp>1363345778775</Timestamp><DateTime>Fri, 2013-03-15 07:09:38 EDT</DateTime><ThumbUp>0</ThumbUp><ThumbDown>3</ThumbDown><Sentiment/></Message><Message type="ReplyMessage"><Id>1363345856175-13</Id><Topic><Title>Will Microsoft Bounce?</Title><Username>wanda.avila</Username><Timestamp>1361975704544</Timestamp><DateTime>Wed, 2013-02-27 09:35:04 EST</DateTime></Topic><Msg>Very helpful report , thanks !</Msg><Username>ballerano</Username><Timestamp>1363345856175</Timestamp><DateTime>Fri, 2013-03-15 07:10:56 EDT</DateTime><ThumbUp>0</ThumbUp><ThumbDown>2</ThumbDown><Sentiment/></Message><Message type="ReplyMessage"><Id>1363345968392-14</Id><Topic><Title>MSFT CEO &amp; CFO Selling Shares?!</Title><Username>paul.meeks</Username><Timestamp>1361729327125</Timestamp><DateTime>Sun, 2013-02-24 13:08:47 EST</DateTime></Topic><Msg>Very helpful report , thanks !</Msg><Username>ballerano</Username><Timestamp>1363345968392</Timestamp><DateTime>Fri, 2013-03-15 07:12:48 EDT</DateTime><ThumbUp>0</ThumbUp><ThumbDown>3</ThumbDown><Sentiment/></Message><Message type="ReplyMessage"><Id>1363352602049-15</Id><Topic><Title>Top Analyst UPGRADES Microsoft [MUST SEE REPORT]</Title><Username>reeves.cliff</Username><Timestamp>1361450240958</Timestamp><DateTime>Thu, 2013-02-21 07:37:20 EST</DateTime></Topic><Msg>superb</Msg><Username>james.lopez857</Username><Timestamp>1363352602049</Timestamp><DateTime>Fri, 2013-03-15 09:03:22 EDT</DateTime><ThumbUp>0</ThumbUp><ThumbDown>1</ThumbDown><Sentiment/></Message><Message type="TopicMessage"><Id>1363352657108-16</Id><Title>Microsoft Surface Tablet Sales Said to Disappoint</Title><Msg>Google it.</Msg><Username>wottowwottow</Username><Timestamp>1363352657108</Timestamp><DateTime>Fri, 2013-03-15 09:04:17 EDT</DateTime><ThumbUp>3</ThumbUp><ThumbDown>1</ThumbDown><Sentiment/></Message><Message type="ReplyMessage"><Id>1363352843512-17</Id><Topic><Title>Microsoft Surface Tablet Sales Said to Disappoint</Title><Username>wottowwottow</Username><Timestamp>1363352657108</Timestamp><DateTime>Fri, 2013-03-15 09:04:17 EDT</DateTime></Topic><Msg>Only about 1.4 million units sold. Microsoft had ordered more than twice that many.</Msg><Username>wottowwottow</Username><Timestamp>1363352843512</Timestamp><DateTime>Fri, 2013-03-15 09:07:23 EDT</DateTime><ThumbUp>3</ThumbUp><ThumbDown>0</ThumbDown><Sentiment/></Message><Message type="TopicMessage"><Id>1363353482628-18</Id><Title>Microsoft Surface Tablet Sales Appear Way Off Mark</Title><Msg>Google it...</Msg><Username>wottowwottow</Username><Timestamp>1363353482628</Timestamp><DateTime>Fri, 2013-03-15 09:18:02 EDT</DateTime><ThumbUp>2</ThumbUp><ThumbDown>1</ThumbDown><Sentiment/></Message><Message type="ReplyMessage"><Id>1363354596300-19</Id><Topic><Title>Microsoft Surface Tablet Sales Said to Disappoint</Title><Username>wottowwottow</Username><Timestamp>1363352657108</Timestamp><DateTime>Fri, 2013-03-15 09:04:17 EDT</DateTime></Topic><Msg>"Microsoft had ordered more than twice that many." They can use those for warranty replacements. They'll likely need them all...</Msg><Username>predisposable_nym_01</Username><Timestamp>1363354596300</Timestamp><DateTime>Fri, 2013-03-15 09:36:36 EDT</DateTime><ThumbUp>5</ThumbUp><ThumbDown>1</ThumbDown><Sentiment/></Message><Message type="ReplyMessage"><Id>1363355404243-20</Id><Topic><Title>Microsoft Surface Tablet Sales Said to Disappoint</Title><Username>wottowwottow</Username><Timestamp>1363352657108</Timestamp><DateTime>Fri, 2013-03-15 09:04:17 EDT</DateTime></Topic><Msg>Yup, could be X-Box revisited. Google "Microsoft Surface Touch Cover splits within days, some users complain"</Msg><Username>wottowwottow</Username><Timestamp>1363355404243</Timestamp><DateTime>Fri, 2013-03-15 09:50:04 EDT</DateTime><ThumbUp>3</ThumbUp><ThumbDown>0</ThumbDown><Sentiment/></Message><Message type="TopicMessage"><Id>1363357306930-21</Id><Title>Check out HLF MNST</Title><Msg>nice move today</Msg><Username>jgiled</Username><Timestamp>1363357306930</Timestamp><DateTime>Fri, 2013-03-15 10:21:46 EDT</DateTime><ThumbUp>0</ThumbUp><ThumbDown>1</ThumbDown><Sentiment/></Message><Message type="ReplyMessage"><Id>1363359197733-22</Id><Topic><Title>Analyst Downgrades MSFT &amp; Sets Price Target MUCH LOWER</Title><Username>luis.sagem</Username><Timestamp>1362421202415</Timestamp><DateTime>Mon, 2013-03-04 13:20:02 EST</DateTime></Topic><Msg>Report to Yahoo. Robo SPAMMER</Msg><Username>point-taken</Username><Timestamp>1363359197733</Timestamp><DateTime>Fri, 2013-03-15 10:53:17 EDT</DateTime><ThumbUp>0</ThumbUp><ThumbDown>2</ThumbDown><Sentiment/></Message><Message type="ReplyMessage"><Id>1363359728360-23</Id><Topic><Title>Will be buying a bunch today</Title><Username>mystk7</Username><Timestamp>1363344565343</Timestamp><DateTime>Fri, 2013-03-15 06:49:25 EDT</DateTime></Topic><Msg>"Will be buying a bunch today" Bananas on sale at Krogers...?</Msg><Username>predisposable_nym_01</Username><Timestamp>1363359728360</Timestamp><DateTime>Fri, 2013-03-15 11:02:08 EDT</DateTime><ThumbUp>1</ThumbUp><ThumbDown>2</ThumbDown><Sentiment/></Message><Message type="ReplyMessage"><Id>1363360873797-24</Id><Topic><Title>Will be buying a bunch today</Title><Username>mystk7</Username><Timestamp>1363344565343</Timestamp><DateTime>Fri, 2013-03-15 06:49:25 EDT</DateTime></Topic><Msg>you got no grapes if you don't,,,,,,,,,,,, :-)</Msg><Username>corneliusflake</Username><Timestamp>1363360873797</Timestamp><DateTime>Fri, 2013-03-15 11:21:13 EDT</DateTime><ThumbUp>1</ThumbUp><ThumbDown>0</ThumbDown><Sentiment/></Message><Message type="ReplyMessage"><Id>1363361288693-25</Id><Topic><Title>In Depth MSFT Research Report .</Title><Username>barry.white95</Username><Timestamp>1362317833519</Timestamp><DateTime>Sun, 2013-03-03 08:37:13 EST</DateTime></Topic><Msg>Thanks !!</Msg><Username>dale.hollen</Username><Timestamp>1363361288693</Timestamp><DateTime>Fri, 2013-03-15 11:28:08 EDT</DateTime><ThumbUp>0</ThumbUp><ThumbDown>3</ThumbDown><Sentiment/></Message><Message type="TopicMessage"><Id>1363361346262-26</Id><Title>Get ready for the next wave of insider selling because its coming, They have a 10 year supply thats why MSFT can't go much higher</Title><Msg>Get ready for the next wave of insider selling because its coming, They have a 10 year supply thats why MSFT can't go much higher</Msg><Username>coinmaker77</Username><Timestamp>1363361346262</Timestamp><DateTime>Fri, 2013-03-15 11:29:06 EDT</DateTime><ThumbUp>0</ThumbUp><ThumbDown>1</ThumbDown><Sentiment/></Message><Message type="TopicMessage"><Id>1363361358503-27</Id><Title>bubida is rising....MSFT is dead</Title><Msg>Want to have some fun guys......search """"____bubida___"""</Msg><Username>alammuha</Username><Timestamp>1363361358503</Timestamp><DateTime>Fri, 2013-03-15 11:29:18 EDT</DateTime><ThumbUp>1</ThumbUp><ThumbDown>1</ThumbDown><Sentiment/></Message><Message type="ReplyMessage"><Id>1363361364003-28</Id><Topic><Title>Will Microsoft Bounce?</Title><Username>wanda.avila</Username><Timestamp>1361975704544</Timestamp><DateTime>Wed, 2013-02-27 09:35:04 EST</DateTime></Topic><Msg>Thanks !!</Msg><Username>dale.hollen</Username><Timestamp>1363361364003</Timestamp><DateTime>Fri, 2013-03-15 11:29:24 EDT</DateTime><ThumbUp>0</ThumbUp><ThumbDown>2</ThumbDown><Sentiment/></Message><Message type="ReplyMessage"><Id>1363361389076-29</Id><Topic><Title>Is Microsoft One of the Best Companies in America?</Title><Username>wottowwottow</Username><Timestamp>1363335887412</Timestamp><DateTime>Fri, 2013-03-15 04:24:47 EDT</DateTime></Topic><Msg>what are evil msft thoughts?</Msg><Username>corneliusflake</Username><Timestamp>1363361389076</Timestamp><DateTime>Fri, 2013-03-15 11:29:49 EDT</DateTime><ThumbUp>1</ThumbUp><ThumbDown>2</ThumbDown><Sentiment/></Message><Message type="ReplyMessage"><Id>1363361499184-30</Id><Topic><Title>MSFT CEO &amp; CFO Selling Shares?!</Title><Username>paul.meeks</Username><Timestamp>1361729327125</Timestamp><DateTime>Sun, 2013-02-24 13:08:47 EST</DateTime></Topic><Msg>Thanks !!</Msg><Username>dale.hollen</Username><Timestamp>1363361499184</Timestamp><DateTime>Fri, 2013-03-15 11:31:39 EDT</DateTime><ThumbUp>0</ThumbUp><ThumbDown>3</ThumbDown><Sentiment/></Message><Message type="ReplyMessage"><Id>1363361534499-31</Id><Topic><Title>Microsoft Surface Tablet Sales Appear Way Off Mark</Title><Username>wottowwottow</Username><Timestamp>1363353482628</Timestamp><DateTime>Fri, 2013-03-15 09:18:02 EDT</DateTime></Topic><Msg>thank you for not leading to mf or sa "article". :-)</Msg><Username>corneliusflake</Username><Timestamp>1363361534499</Timestamp><DateTime>Fri, 2013-03-15 11:32:14 EDT</DateTime><ThumbUp>1</ThumbUp><ThumbDown>1</ThumbDown><Sentiment/></Message><Message type="ReplyMessage"><Id>1363361727265-32</Id><Topic><Title>Microsoft Surface Tablet Sales Appear Way Off Mark</Title><Username>wottowwottow</Username><Timestamp>1363353482628</Timestamp><DateTime>Fri, 2013-03-15 09:18:02 EDT</DateTime></Topic><Msg>this old news now, but ... newsDOTcnetDOTcom /8301-10805_3-57566759-75/microsoft-surface-sales-well-below-shipments-says-isuppli/</Msg><Username>corneliusflake</Username><Timestamp>1363361727265</Timestamp><DateTime>Fri, 2013-03-15 11:35:27 EDT</DateTime><ThumbUp>1</ThumbUp><ThumbDown>1</ThumbDown><Sentiment/></Message><Message type="ReplyMessage"><Id>1363362057873-33</Id><Topic><Title>Microsoft Surface Tablet Sales Said to Disappoint</Title><Username>wottowwottow</Username><Timestamp>1363352657108</Timestamp><DateTime>Fri, 2013-03-15 09:04:17 EDT</DateTime></Topic><Msg>Microsoft Corp. has sold about 1.5 million Surface devices, people with knowledge of the company’s sales said, a slow start in its bid to crack the fast-growing tablet market to make up for slumping personal-computer demand. Microsoft has sold little more than a million of the Surface RT version and about 400,000 Surface Pros since their debuts, according to three people, who asked not to be named because sales haven’t yet been made public. The company had ordered about 3 million Surface RTs, they said. Brent Thill, an analyst at UBS AG, had initially projected that Microsoft would sell 2 million Surface RT devices in the December quarter alone. The poor reception for Surface, unveiled last year, adds to challenges facing Microsoft’s Windows unit, which brings in a quarter of the company’s revenue. The devices are Microsoft’s first direct attempt to grab a slice of the surging market for tablets, seeking to take on Google Inc. and Apple Inc. and prove that Windows has a place in a world of touch screens and smartphone applications. That hasn’t happened so far, said Alex Gauna, an analyst at JMP Securities LLC in San Francisco. “It’s pretty clear that things were bad entering the year, and at least for the moment they’re getting worse,” Gauna said. “The path to a successful Surface, in the same way that they were successful with Xbox, is not very clear to me right now.” Catherine Brooker, a spokeswoman for Microsoft, declined to comment on Surface sales. SURFACE ORDERS By contrast, Apple Inc. sold 22.9 million iPads in the quarter that ended in December. Worldwide tablet shipments reached 128.3 million units in 2012, according to IDC. Apple’s iPad accounted for 51 percent of the market. ... SALES ESTIMATES Brendan Barnicle, an analyst at Pacific Crest Securities, reduced revenue estimates for Microsoft’s current quarter, citing weak Surface demand. He projects the company will sell 600,000 tablets in the period, down from an earlier prediction of 1.4 million. Elsewhere, the tablet market is booming. Shipments may jump 49 percent in 2013 to 190.9 million, IDC estimates, with unit sales expected to top 350 million by the end of 2017. This year, the devices are expected to outsell notebook computers for the first time, according to Williams Financial.</Msg><Username>corneliusflake</Username><Timestamp>1363362057873</Timestamp><DateTime>Fri, 2013-03-15 11:40:57 EDT</DateTime><ThumbUp>1</ThumbUp><ThumbDown>2</ThumbDown><Sentiment/></Message><Message type="TopicMessage"><Id>1363362343743-34</Id><Title>Instead of negativity about the First Family, some truth about</Title><Msg>White House tours: As part of President and Mrs. Obama’s commitment to open the White House to as many Americans as possible, we have partnered with the Google Art Project and allowed their 360 Street View cameras to capture the rooms that are featured on the public tour. Now anyone, anywhere, can experience the history and art of the White House via their computer. Take the virtual tour. Yes it's "our" house and the President never thinks of it any other way, as wrongly implied daily on faux news and places where rwnj's can talk.</Msg><Username>peppeek</Username><Timestamp>1363362343743</Timestamp><DateTime>Fri, 2013-03-15 11:45:43 EDT</DateTime><ThumbUp>0</ThumbUp><ThumbDown>2</ThumbDown><Sentiment>Buy</Sentiment></Message><Message type="ReplyMessage"><Id>1363363369157-35</Id><Topic><Title>Microsoft Surface Tablet Sales Said to Disappoint</Title><Username>wottowwottow</Username><Timestamp>1363352657108</Timestamp><DateTime>Fri, 2013-03-15 09:04:17 EDT</DateTime></Topic><Msg>Oh OH its the haters and bashers again Unfortunatly these jerkoffs cant short MSFT since they dont have any money- its tooo bad we cant see them lose their a.....</Msg><Username>father_zosima</Username><Timestamp>1363363369157</Timestamp><DateTime>Fri, 2013-03-15 12:02:49 EDT</DateTime><ThumbUp>0</ThumbUp><ThumbDown>5</ThumbDown><Sentiment/></Message><Message type="ReplyMessage"><Id>1363363527499-36</Id><Topic><Title>Is Microsoft One of the Best Companies in America?</Title><Username>wottowwottow</Username><Timestamp>1363335887412</Timestamp><DateTime>Fri, 2013-03-15 04:24:47 EDT</DateTime></Topic><Msg>woto the pimp fired from his job as MSFT urinal cleanup tech continues his jihad</Msg><Username>father_zosima</Username><Timestamp>1363363527499</Timestamp><DateTime>Fri, 2013-03-15 12:05:27 EDT</DateTime><ThumbUp>0</ThumbUp><ThumbDown>4</ThumbDown><Sentiment/></Message><Message type="TopicMessage"><Id>1363363977998-37</Id><Title>Will AAPL hit $450 today ?????</Title><Msg>time will tell</Msg><Username>jgiled</Username><Timestamp>1363363977998</Timestamp><DateTime>Fri, 2013-03-15 12:12:57 EDT</DateTime><ThumbUp>0</ThumbUp><ThumbDown>1</ThumbDown><Sentiment/></Message><Message type="ReplyMessage"><Id>1363364067062-38</Id><Topic><Title>INSIDERS + INSTITUTIONS DUMPING LIKE HELL FOR A REASON SCAMMMMMMMMMMMMMMMMMMMMM</Title><Username>pharmaheruuu</Username><Timestamp>1363352996003</Timestamp><DateTime>Fri, 2013-03-15 09:09:56 EDT</DateTime></Topic><Msg>&amp;*^%$#@))(*&amp;^%%$</Msg><Username>mikemclaug</Username><Timestamp>1363364067062</Timestamp><DateTime>Fri, 2013-03-15 12:14:27 EDT</DateTime><ThumbUp>0</ThumbUp><ThumbDown>2</ThumbDown><Sentiment/></Message><Message type="ReplyMessage"><Id>1363364114290-39</Id><Topic><Title>Instead of negativity about the First Family, some truth about</Title><Username>peppeek</Username><Timestamp>1363362343743</Timestamp><DateTime>Fri, 2013-03-15 11:45:43 EDT</DateTime></Topic><Msg>You don't know the truth or facts of the matter, the Pres doesn't think the way you want to portray him. In fact, he thinks the opposite of the negative way you say. He's a good and honest man and not given the powers of a King. You can make comments all you want, but that "doesn't change them from a lie."</Msg><Username>peppeek</Username><Timestamp>1363364114290</Timestamp><DateTime>Fri, 2013-03-15 12:15:14 EDT</DateTime><ThumbUp>0</ThumbUp><ThumbDown>3</ThumbDown><Sentiment>Buy</Sentiment></Message><Message type="ReplyMessage"><Id>1363364465537-40</Id><Topic><Title>Is Microsoft One of the Best Companies in America?</Title><Username>wottowwottow</Username><Timestamp>1363335887412</Timestamp><DateTime>Fri, 2013-03-15 04:24:47 EDT</DateTime></Topic><Msg>"urinal cleanup tech", a necessary job in order to keep mouth punks such as you from eating the darn cakes for breath mints, wally...</Msg><Username>predisposable_nym_01</Username><Timestamp>1363364465537</Timestamp><DateTime>Fri, 2013-03-15 12:21:05 EDT</DateTime><ThumbUp>2</ThumbUp><ThumbDown>1</ThumbDown><Sentiment/></Message><Message type="ReplyMessage"><Id>1363364593839-41</Id><Topic><Title>Instead of negativity about the First Family, some truth about</Title><Username>peppeek</Username><Timestamp>1363362343743</Timestamp><DateTime>Fri, 2013-03-15 11:45:43 EDT</DateTime></Topic><Msg>"I think most true Americans" wouldn't take the time to urinate on you if you were on fire...</Msg><Username>predisposable_nym_01</Username><Timestamp>1363364593839</Timestamp><DateTime>Fri, 2013-03-15 12:23:13 EDT</DateTime><ThumbUp>1</ThumbUp><ThumbDown>1</ThumbDown><Sentiment/></Message><Message type="ReplyMessage"><Id>1363364737769-42</Id><Topic><Title>Microsoft Surface Tablet Sales Said to Disappoint</Title><Username>wottowwottow</Username><Timestamp>1363352657108</Timestamp><DateTime>Fri, 2013-03-15 09:04:17 EDT</DateTime></Topic><Msg>MSFT no longer matters and becomes less relevant by the day. I'm here to bash mouthy punks such as you.</Msg><Username>predisposable_nym_01</Username><Timestamp>1363364737769</Timestamp><DateTime>Fri, 2013-03-15 12:25:37 EDT</DateTime><ThumbUp>5</ThumbUp><ThumbDown>1</ThumbDown><Sentiment/></Message><Message type="ReplyMessage"><Id>1363366370216-43</Id><Topic><Title>Will Microsoft Bounce?</Title><Username>wanda.avila</Username><Timestamp>1361975704544</Timestamp><DateTime>Wed, 2013-02-27 09:35:04 EST</DateTime></Topic><Msg>SPAMMER !!</Msg><Username>daxwang</Username><Timestamp>1363366370216</Timestamp><DateTime>Fri, 2013-03-15 12:52:50 EDT</DateTime><ThumbUp>0</ThumbUp><ThumbDown>1</ThumbDown><Sentiment/></Message><Message type="ReplyMessage"><Id>1363366507367-44</Id><Topic><Title>In Depth MSFT Research Report .</Title><Username>barry.white95</Username><Timestamp>1362317833519</Timestamp><DateTime>Sun, 2013-03-03 08:37:13 EST</DateTime></Topic><Msg>SPAMMER !!</Msg><Username>daxwang</Username><Timestamp>1363366507367</Timestamp><DateTime>Fri, 2013-03-15 12:55:07 EDT</DateTime><ThumbUp>0</ThumbUp><ThumbDown>2</ThumbDown><Sentiment/></Message><Message type="TopicMessage"><Id>1363367543952-45</Id><Title>Baristas Submits Formal Application for NASDAQ Listing-- news release</Title><Msg>facts</Msg><Username>goosehunt393</Username><Timestamp>1363367543952</Timestamp><DateTime>Fri, 2013-03-15 13:12:23 EDT</DateTime><ThumbUp>0</ThumbUp><ThumbDown>1</ThumbDown><Sentiment/></Message><Message type="ReplyMessage"><Id>1363367692967-46</Id><Topic><Title>Top Analyst UPGRADES Microsoft [MUST SEE REPORT]</Title><Username>reeves.cliff</Username><Timestamp>1361450240958</Timestamp><DateTime>Thu, 2013-02-21 07:37:20 EST</DateTime></Topic><Msg>great job</Msg><Username>johnsongary636</Username><Timestamp>1363367692967</Timestamp><DateTime>Fri, 2013-03-15 13:14:52 EDT</DateTime><ThumbUp>0</ThumbUp><ThumbDown>1</ThumbDown><Sentiment/></Message><Message type="ReplyMessage"><Id>1363368833194-47</Id><Topic><Title>Microsoft Surface Tablet Sales Said to Disappoint</Title><Username>wottowwottow</Username><Timestamp>1363352657108</Timestamp><DateTime>Fri, 2013-03-15 09:04:17 EDT</DateTime></Topic><Msg>you couldn't bash your senile grandmother phands all you know how to do is suck and swallow</Msg><Username>father_zosima</Username><Timestamp>1363368833194</Timestamp><DateTime>Fri, 2013-03-15 13:33:53 EDT</DateTime><ThumbUp>0</ThumbUp><ThumbDown>5</ThumbDown><Sentiment/></Message><Message type="ReplyMessage"><Id>1363368901423-48</Id><Topic><Title>Microsoft Surface Tablet Sales Said to Disappoint</Title><Username>wottowwottow</Username><Timestamp>1363352657108</Timestamp><DateTime>Fri, 2013-03-15 09:04:17 EDT</DateTime></Topic><Msg>Touchy Cover? are you insane- as if Microsoft wouldn't fix it. No wander you got fired from your urinal job</Msg><Username>father_zosima</Username><Timestamp>1363368901423</Timestamp><DateTime>Fri, 2013-03-15 13:35:01 EDT</DateTime><ThumbUp>0</ThumbUp><ThumbDown>4</ThumbDown><Sentiment/></Message><Message type="ReplyMessage"><Id>1363369348440-49</Id><Topic><Title>Suddenly Its Is All Fine, When It Happens To You ...</Title><Username>cyber_critiquer</Username><Timestamp>1363368507343</Timestamp><DateTime>Fri, 2013-03-15 13:28:27 EDT</DateTime></Topic><Msg>Perhaps a new word is needed for gay marriage? marriage Synonyms: blend, merger, unity, oneness; alliance, confederation.</Msg><Username>nostra_dumbass666</Username><Timestamp>1363369348440</Timestamp><DateTime>Fri, 2013-03-15 13:42:28 EDT</DateTime><ThumbUp>0</ThumbUp><ThumbDown>1</ThumbDown><Sentiment/></Message><Message type="ReplyMessage"><Id>1363371095514-50</Id><Topic><Title>In Depth MSFT Research Report .</Title><Username>barry.white95</Username><Timestamp>1362317833519</Timestamp><DateTime>Sun, 2013-03-03 08:37:13 EST</DateTime></Topic><Msg>Awesome info , thanks !</Msg><Username>reese.donna</Username><Timestamp>1363371095514</Timestamp><DateTime>Fri, 2013-03-15 14:11:35 EDT</DateTime><ThumbUp>0</ThumbUp><ThumbDown>3</ThumbDown><Sentiment/></Message><Message type="ReplyMessage"><Id>1363371160888-51</Id><Topic><Title>Will Microsoft Bounce?</Title><Username>wanda.avila</Username><Timestamp>1361975704544</Timestamp><DateTime>Wed, 2013-02-27 09:35:04 EST</DateTime></Topic><Msg>Awesome info , thanks !</Msg><Username>reese.donna</Username><Timestamp>1363371160888</Timestamp><DateTime>Fri, 2013-03-15 14:12:40 EDT</DateTime><ThumbUp>0</ThumbUp><ThumbDown>1</ThumbDown><Sentiment/></Message><Message type="ReplyMessage"><Id>1363371265599-52</Id><Topic><Title>MSFT CEO &amp; CFO Selling Shares?!</Title><Username>paul.meeks</Username><Timestamp>1361729327125</Timestamp><DateTime>Sun, 2013-02-24 13:08:47 EST</DateTime></Topic><Msg>Awesome info , thanks !</Msg><Username>reese.donna</Username><Timestamp>1363371265599</Timestamp><DateTime>Fri, 2013-03-15 14:14:25 EDT</DateTime><ThumbUp>0</ThumbUp><ThumbDown>2</ThumbDown><Sentiment/></Message><Message type="ReplyMessage"><Id>1363371448029-53</Id><Topic><Title>Optimistic news !</Title><Username>andrson.jack</Username><Timestamp>1362438004231</Timestamp><DateTime>Mon, 2013-03-04 18:00:04 EST</DateTime></Topic><Msg>Good report</Msg><Username>garrettross</Username><Timestamp>1363371448029</Timestamp><DateTime>Fri, 2013-03-15 14:17:28 EDT</DateTime><ThumbUp>0</ThumbUp><ThumbDown>1</ThumbDown><Sentiment/></Message><Message type="ReplyMessage"><Id>1363372051120-54</Id><Topic><Title>WOW insiders have sold over 41,000,000 shares and there is no let up, WOW thats not good</Title><Username>coinmaker77</Username><Timestamp>1362767019461</Timestamp><DateTime>Fri, 2013-03-08 13:23:39 EST</DateTime></Topic><Msg>Over 28 again get ready for the next way of insiders selling</Msg><Username>coinmaker77</Username><Timestamp>1363372051120</Timestamp><DateTime>Fri, 2013-03-15 14:27:31 EDT</DateTime><ThumbUp>0</ThumbUp><ThumbDown>1</ThumbDown><Sentiment/></Message><Message type="ReplyMessage"><Id>1363372384009-55</Id><Topic><Title>-##- MSFT Insiders SELLING?! (SHOCKING REPORT) -##-</Title><Username>jackbutler221</Username><Timestamp>1361379840543</Timestamp><DateTime>Wed, 2013-02-20 12:04:00 EST</DateTime></Topic><Msg>Good report</Msg><Username>garrettross</Username><Timestamp>1363372384009</Timestamp><DateTime>Fri, 2013-03-15 14:33:04 EDT</DateTime><ThumbUp>0</ThumbUp><ThumbDown>2</ThumbDown><Sentiment/></Message><Message type="ReplyMessage"><Id>1363372673314-56</Id><Topic><Title>-- -- The TRUTH about MSFT (COULD BE A SCAM!) -- --</Title><Username>riley_sanchez</Username><Timestamp>1361483962994</Timestamp><DateTime>Thu, 2013-02-21 16:59:22 EST</DateTime></Topic><Msg>Good report</Msg><Username>garrettross</Username><Timestamp>1363372673314</Timestamp><DateTime>Fri, 2013-03-15 14:37:53 EDT</DateTime><ThumbUp>0</ThumbUp><ThumbDown>1</ThumbDown><Sentiment/></Message><Message type="TopicMessage"><Id>1363372849479-57</Id><Title>John Paul Psycho Gray</Title><Msg>will NEVER steal Windows Electra software from me with Bill Gates and Michael Dell. John Gooch</Msg><Username>johngooch56</Username><Timestamp>1363372849479</Timestamp><DateTime>Fri, 2013-03-15 14:40:49 EDT</DateTime><ThumbUp>0</ThumbUp><ThumbDown>1</ThumbDown><Sentiment/></Message><Message type="ReplyMessage"><Id>1363374122631-58</Id><Topic><Title>Microsoft Surface Tablet Sales Said to Disappoint</Title><Username>wottowwottow</Username><Timestamp>1363352657108</Timestamp><DateTime>Fri, 2013-03-15 09:04:17 EDT</DateTime></Topic><Msg>more wally projection around his favorite subject and personal experience... HAR HAR HAR!!! whadda' closet case...</Msg><Username>predisposable_nym_01</Username><Timestamp>1363374122631</Timestamp><DateTime>Fri, 2013-03-15 15:02:02 EDT</DateTime><ThumbUp>3</ThumbUp><ThumbDown>1</ThumbDown><Sentiment/></Message><Message type="ReplyMessage"><Id>1363374253769-59</Id><Topic><Title>Microsoft Surface Tablet Sales Said to Disappoint</Title><Username>wottowwottow</Username><Timestamp>1363352657108</Timestamp><DateTime>Fri, 2013-03-15 09:04:17 EDT</DateTime></Topic><Msg>"No wander you got fired from your urinal job" Why don't you "wander" your punkazz on over to the nearest urinal and help yourself to another cake, wally.</Msg><Username>predisposable_nym_01</Username><Timestamp>1363374253769</Timestamp><DateTime>Fri, 2013-03-15 15:04:13 EDT</DateTime><ThumbUp>2</ThumbUp><ThumbDown>1</ThumbDown><Sentiment/></Message><Message type="ReplyMessage"><Id>1363374619687-60</Id><Topic><Title>Suddenly Its Is All Fine, When It Happens To You ...</Title><Username>cyber_critiquer</Username><Timestamp>1363368507343</Timestamp><DateTime>Fri, 2013-03-15 13:28:27 EDT</DateTime></Topic><Msg>Oh, please. "Gay" still has the old meaning. The new meaning should be regarded as slang, but unfortunately some dictionaries are too quick to update. "Marriage" as an institution exists to provide a legal framework for the rearing of children, not for the benefit of the adults involved. To call it marriage means that the DNA of the parents is to be merged in the offspring. If homosexuals want to form a legal bond, that's fine, but there is no reason to call it marriage.</Msg><Username>wottowwottow</Username><Timestamp>1363374619687</Timestamp><DateTime>Fri, 2013-03-15 15:10:19 EDT</DateTime><ThumbUp>1</ThumbUp><ThumbDown>1</ThumbDown><Sentiment/></Message><Message type="ReplyMessage"><Id>1363374756668-61</Id><Topic><Title>Top Analyst UPGRADES Microsoft [MUST SEE REPORT]</Title><Username>reeves.cliff</Username><Timestamp>1361450240958</Timestamp><DateTime>Thu, 2013-02-21 07:37:20 EST</DateTime></Topic><Msg>useful info</Msg><Username>jamestucker350</Username><Timestamp>1363374756668</Timestamp><DateTime>Fri, 2013-03-15 15:12:36 EDT</DateTime><ThumbUp>0</ThumbUp><ThumbDown>1</ThumbDown><Sentiment/></Message><Message type="ReplyMessage"><Id>1363374985145-62</Id><Topic><Title>Microsoft Surface Tablet Sales Said to Disappoint</Title><Username>wottowwottow</Username><Timestamp>1363352657108</Timestamp><DateTime>Fri, 2013-03-15 09:04:17 EDT</DateTime></Topic><Msg>Yeah, that marks him as wallyball for sure, no longer any doubt if there ever was any.</Msg><Username>wottowwottow</Username><Timestamp>1363374985145</Timestamp><DateTime>Fri, 2013-03-15 15:16:25 EDT</DateTime><ThumbUp>1</ThumbUp><ThumbDown>1</ThumbDown><Sentiment/></Message><Message type="TopicMessage"><Id>1363375638366-63</Id><Title>stock will make lots of cash next week (YTRV) 55 MILLION SHARES TRADED</Title><Msg>ANOTHER BIG MOVE NEXT WK</Msg><Username>pauladaytona500</Username><Timestamp>1363375638366</Timestamp><DateTime>Fri, 2013-03-15 15:27:18 EDT</DateTime><ThumbUp>0</ThumbUp><ThumbDown>2</ThumbDown><Sentiment/></Message><Message type="TopicMessage"><Id>1363375895503-64</Id><Title>Samsung CEO: Nobody Wants Microsoft's Phones Or Tablets</Title><Msg>Google it. Quoting: "By Jay Yarow | Business Insider – 1 hour 14 minutes ago "One of Samsung's new co-CEOs has some bad news for Microsoft. "In an interview with the Wall Street Journal, J.K. Shin said, "Smartphones and tablets based on Microsoft's Windows operating system aren't selling very well. There is a preference in the market for Android. In Europe, we're also seeing lackluster demand for Windows-based products." "This is fairly obvious to anyone that's paying attention, but it carries more weight coming from Samsung, one of Microsoft's big partners. "The future of computing appears to be in mobile devices like smartphones and tablets. The fact that Microsoft is getting left in the dust by Apple and Google has to be a big concern for CEO Steve Ballmer." _______________________________________ It might carry a lot of weight, but it could also be regarded as self-serving. But the fact is that all sources say the same.</Msg><Username>wottowwottow</Username><Timestamp>1363375895503</Timestamp><DateTime>Fri, 2013-03-15 15:31:35 EDT</DateTime><ThumbUp>5</ThumbUp><ThumbDown>4</ThumbDown><Sentiment/></Message><Message type="TopicMessage"><Id>1363376205749-65</Id><Title>Why does any company that partners with MSFT/Ballmer (i.e. NOK, YHOO) get screwed?</Title><Msg>It never seems to work out the way companies expect.</Msg><Username>dariencat8</Username><Timestamp>1363376205749</Timestamp><DateTime>Fri, 2013-03-15 15:36:45 EDT</DateTime><ThumbUp>0</ThumbUp><ThumbDown>2</ThumbDown><Sentiment/></Message><Message type="ReplyMessage"><Id>1363377652003-66</Id><Topic><Title>Suddenly Its Is All Fine, When It Happens To You ...</Title><Username>cyber_critiquer</Username><Timestamp>1363368507343</Timestamp><DateTime>Fri, 2013-03-15 13:28:27 EDT</DateTime></Topic><Msg>[["Marriage" as an institution exists to provide a legal framework for the rearing of children, not for the benefit of the adults involved]] Source ???</Msg><Username>cfuryurself</Username><Timestamp>1363377652003</Timestamp><DateTime>Fri, 2013-03-15 16:00:52 EDT</DateTime><ThumbUp>0</ThumbUp><ThumbDown>1</ThumbDown><Sentiment/></Message><Message type="ReplyMessage"><Id>1363377938074-67</Id><Topic><Title>In Depth MSFT Research Report .</Title><Username>barry.white95</Username><Timestamp>1362317833519</Timestamp><DateTime>Sun, 2013-03-03 08:37:13 EST</DateTime></Topic><Msg>good report</Msg><Username>d.daviesdonnell</Username><Timestamp>1363377938074</Timestamp><DateTime>Fri, 2013-03-15 16:05:38 EDT</DateTime><ThumbUp>0</ThumbUp><ThumbDown>2</ThumbDown><Sentiment/></Message><Message type="ReplyMessage"><Id>1363378114815-68</Id><Topic><Title>Will Microsoft Bounce?</Title><Username>wanda.avila</Username><Timestamp>1361975704544</Timestamp><DateTime>Wed, 2013-02-27 09:35:04 EST</DateTime></Topic><Msg>good report</Msg><Username>d.daviesdonnell</Username><Timestamp>1363378114815</Timestamp><DateTime>Fri, 2013-03-15 16:08:34 EDT</DateTime><ThumbUp>0</ThumbUp><ThumbDown>1</ThumbDown><Sentiment/></Message><Message type="ReplyMessage"><Id>1363378277201-69</Id><Topic><Title>MSFT CEO &amp; CFO Selling Shares?!</Title><Username>paul.meeks</Username><Timestamp>1361729327125</Timestamp><DateTime>Sun, 2013-02-24 13:08:47 EST</DateTime></Topic><Msg>good report</Msg><Username>d.daviesdonnell</Username><Timestamp>1363378277201</Timestamp><DateTime>Fri, 2013-03-15 16:11:17 EDT</DateTime><ThumbUp>0</ThumbUp><ThumbDown>2</ThumbDown><Sentiment/></Message><Message type="ReplyMessage"><Id>1363379819539-70</Id><Topic><Title>Suddenly Its Is All Fine, When It Happens To You ...</Title><Username>cyber_critiquer</Username><Timestamp>1363368507343</Timestamp><DateTime>Fri, 2013-03-15 13:28:27 EDT</DateTime></Topic><Msg>Interesting..I just did think abou it.</Msg><Username>joedokes45</Username><Timestamp>1363379819539</Timestamp><DateTime>Fri, 2013-03-15 16:36:59 EDT</DateTime><ThumbUp>0</ThumbUp><ThumbDown>2</ThumbDown><Sentiment/></Message><Message type="ReplyMessage"><Id>1363380293350-71</Id><Topic><Title>Top Analyst UPGRADES Microsoft [MUST SEE REPORT]</Title><Username>reeves.cliff</Username><Timestamp>1361450240958</Timestamp><DateTime>Thu, 2013-02-21 07:37:20 EST</DateTime></Topic><Msg>awesome</Msg><Username>john.simon523</Username><Timestamp>1363380293350</Timestamp><DateTime>Fri, 2013-03-15 16:44:53 EDT</DateTime><ThumbUp>0</ThumbUp><ThumbDown>0</ThumbDown><Sentiment/></Message><Message type="ReplyMessage"><Id>1363380984892-72</Id><Topic><Title>Suddenly Its Is All Fine, When It Happens To You ...</Title><Username>cyber_critiquer</Username><Timestamp>1363368507343</Timestamp><DateTime>Fri, 2013-03-15 13:28:27 EDT</DateTime></Topic><Msg>Heck, not only can libs change meanings, they can change an entire history book.</Msg><Username>joedokes45</Username><Timestamp>1363380984892</Timestamp><DateTime>Fri, 2013-03-15 16:56:24 EDT</DateTime><ThumbUp>0</ThumbUp><ThumbDown>2</ThumbDown><Sentiment/></Message><Message type="ReplyMessage"><Id>1363382059249-73</Id><Topic><Title>Suddenly Its Is All Fine, When It Happens To You ...</Title><Username>cyber_critiquer</Username><Timestamp>1363368507343</Timestamp><DateTime>Fri, 2013-03-15 13:28:27 EDT</DateTime></Topic><Msg>"not for the benefit of the adults involved" finally I can agree the legal entanglement for unwary adults is geared towards employing divorce lawyers, as well as protecting children. Good luck having no prenup, gay or no gay, happy gay or sad, you're not gonna be gay at the divorce court if you're the one who made more money and now gotta split it down the middle. The point here is self centered, as long as it isn't in my court I don't feel it, thinking so often seen by rwnj's and gun nuts. Who are usually seen together at the around the clock right wing event, the Obama did it wrong again today, party.</Msg><Username>peppeek</Username><Timestamp>1363382059249</Timestamp><DateTime>Fri, 2013-03-15 17:14:19 EDT</DateTime><ThumbUp>0</ThumbUp><ThumbDown>0</ThumbDown><Sentiment>Buy</Sentiment></Message><Message type="ReplyMessage"><Id>1363385695033-74</Id><Topic><Title>stock will make lots of cash next week (YTRV) 55 MILLION SHARES TRADED</Title><Username>pauladaytona500</Username><Timestamp>1363375638366</Timestamp><DateTime>Fri, 2013-03-15 15:27:18 EDT</DateTime></Topic><Msg>http://finance.yahoo.com/q;_ylt=Ap8IYaql7GjE0..CvVAAejTeAohG;_ylu=X3oDMTFkanZpaGNpBG1pdANGaW5hbmNlIENoYXJ0BHBvcwMxBHNlYwNNZWRpYUZpbmFuY2VDaGFydA--;_ylg=X3oDMTFlamZvM2ZlBGludGwDdXMEbGFuZwNlbi11cwRwc3RhaWQDBHBzdGNhdAMEcHQDc2VjdGlvbnM-;_ylv=3?s=NOK</Msg><Username>corneliusflake</Username><Timestamp>1363385695033</Timestamp><DateTime>Fri, 2013-03-15 18:14:55 EDT</DateTime><ThumbUp>0</ThumbUp><ThumbDown>0</ThumbDown><Sentiment/></Message><Message type="ReplyMessage"><Id>1363386244272-75</Id><Topic><Title>Samsung CEO: Nobody Wants Microsoft's Phones Or Tablets</Title><Username>wottowwottow</Username><Timestamp>1363375895503</Timestamp><DateTime>Fri, 2013-03-15 15:31:35 EDT</DateTime></Topic><Msg>Part of the "patent license" deal that they signed, after holding out for 2 years, was to pay $5 per handset on Android phones and to accept $97 million in partner payments to offer new handsets with the msft phone OS on them. Win - win! MSFT gets to say that they are making money on Android and Samsung doesn't have to make anything but a few proof of concept devices and some display models for the carriers to show to customers and then they get to keep all the money.</Msg><Username>fan_tazer</Username><Timestamp>1363386244272</Timestamp><DateTime>Fri, 2013-03-15 18:24:04 EDT</DateTime><ThumbUp>0</ThumbUp><ThumbDown>1</ThumbDown><Sentiment/></Message><Message type="ReplyMessage"><Id>1363387064164-76</Id><Topic><Title>Microsoft Surface Tablet Sales Said to Disappoint</Title><Username>wottowwottow</Username><Timestamp>1363352657108</Timestamp><DateTime>Fri, 2013-03-15 09:04:17 EDT</DateTime></Topic><Msg>I would give buyers of the Surface a free upgrade to a Surface with a quad-core Atom processor. In other words I would support the Surface form factor by bailing out the early adopters. Of course a Surface with a quad-core Atom is not just a processor and OS swap but a completely different computer inside.</Msg><Username>hia_intell</Username><Timestamp>1363387064164</Timestamp><DateTime>Fri, 2013-03-15 18:37:44 EDT</DateTime><ThumbUp>0</ThumbUp><ThumbDown>3</ThumbDown><Sentiment/></Message><Message type="TopicMessage"><Id>1363387337341-77</Id><Title>Microsoft is a JOKE. Windows 8 long after release still has issues with Java, adobe flash and God knows what else.</Title><Msg>They just don't even care to fix their latest cash cow. bALMER HAS TO GO OR SOFTIE IS FINISHED FOR GOOD</Msg><Username>georgew_dunce</Username><Timestamp>1363387337341</Timestamp><DateTime>Fri, 2013-03-15 18:42:17 EDT</DateTime><ThumbUp>1</ThumbUp><ThumbDown>2</ThumbDown><Sentiment/></Message><Message type="ReplyMessage"><Id>1363388431814-78</Id><Topic><Title>Analyst Downgrades MSFT &amp; Sets Price Target MUCH LOWER</Title><Username>luis.sagem</Username><Timestamp>1362421202415</Timestamp><DateTime>Mon, 2013-03-04 13:20:02 EST</DateTime></Topic><Msg>really true!</Msg><Username>acastanion</Username><Timestamp>1363388431814</Timestamp><DateTime>Fri, 2013-03-15 19:00:31 EDT</DateTime><ThumbUp>0</ThumbUp><ThumbDown>0</ThumbDown><Sentiment>Buy</Sentiment></Message><Message type="ReplyMessage"><Id>1363388868114-79</Id><Topic><Title>Samsung CEO: Nobody Wants Microsoft's Phones Or Tablets</Title><Username>wottowwottow</Username><Timestamp>1363375895503</Timestamp><DateTime>Fri, 2013-03-15 15:31:35 EDT</DateTime></Topic><Msg>Just because you say it's that way, it probably is a safe bet it will go the opposite way.</Msg><Username>peppeek</Username><Timestamp>1363388868114</Timestamp><DateTime>Fri, 2013-03-15 19:07:48 EDT</DateTime><ThumbUp>2</ThumbUp><ThumbDown>0</ThumbDown><Sentiment>Strong Buy</Sentiment></Message><Message type="ReplyMessage"><Id>1363389250505-80</Id><Topic><Title>The Right To Vote</Title><Username>plmartintexas2012</Username><Timestamp>1363372366292</Timestamp><DateTime>Fri, 2013-03-15 14:32:46 EDT</DateTime></Topic><Msg>"I am a..junkie. " Good first step. Why do you want to eliminate your #$%$ nation from voting? They have the right to mark their X on the ballot same as you. You want Democrats to win even better? Which party has the more highly educated voters? So typical.</Msg><Username>peppeek</Username><Timestamp>1363389250505</Timestamp><DateTime>Fri, 2013-03-15 19:14:10 EDT</DateTime><ThumbUp>0</ThumbUp><ThumbDown>3</ThumbDown><Sentiment>Buy</Sentiment></Message><Message type="ReplyMessage"><Id>1363389634874-81</Id><Topic><Title>The Right To Vote</Title><Username>plmartintexas2012</Username><Timestamp>1363372366292</Timestamp><DateTime>Fri, 2013-03-15 14:32:46 EDT</DateTime></Topic><Msg>And why do you rise up against the Constitution, yet again? Youi sure you want to live here? Voting is by citizenship, and your true implications that black people would vote less is as wrong as high ground in Florida.</Msg><Username>peppeek</Username><Timestamp>1363389634874</Timestamp><DateTime>Fri, 2013-03-15 19:20:34 EDT</DateTime><ThumbUp>0</ThumbUp><ThumbDown>3</ThumbDown><Sentiment>Buy</Sentiment></Message><Message type="ReplyMessage"><Id>1363390072644-82</Id><Topic><Title>Hokiest, most manipulated, corrupt market in a lifetime</Title><Username>hawcreek12</Username><Timestamp>1363377974953</Timestamp><DateTime>Fri, 2013-03-15 16:06:14 EDT</DateTime></Topic><Msg>Excellent presentation, but thanks entirely to Obama and his orders on emerging from a meeting, the markets are up.</Msg><Username>hawrcreek10</Username><Timestamp>1363390072644</Timestamp><DateTime>Fri, 2013-03-15 19:27:52 EDT</DateTime><ThumbUp>1</ThumbUp><ThumbDown>1</ThumbDown><Sentiment>Hold</Sentiment></Message><Message type="ReplyMessage"><Id>1363392411408-83</Id><Topic><Title>Samsung CEO: Nobody Wants Microsoft's Phones Or Tablets</Title><Username>wottowwottow</Username><Timestamp>1363375895503</Timestamp><DateTime>Fri, 2013-03-15 15:31:35 EDT</DateTime></Topic><Msg>Samsung will have its Waterloo moment ... sometime soon... within this year! Nokia/Lumia is gaining momentum at alarming pace that scares Samsung... so much so that Samsung is launching a public smear campaign against WP8 OS! Believe me, they know what is coming and they are scared! Samsung is never cool with Fugly phones, they are just a big pretender/fake.</Msg><Username>shiyou_zhao</Username><Timestamp>1363392411408</Timestamp><DateTime>Fri, 2013-03-15 20:06:51 EDT</DateTime><ThumbUp>1</ThumbUp><ThumbDown>4</ThumbDown><Sentiment/></Message><Message type="TopicMessage"><Id>1363392665500-84</Id><Title>woto the pimp: Nobody Wants Microsoft's Phones Or Tablets</Title><Msg>Samsung HAR HAR HAR HAR HAR HAR HAR HAR HAR when you are an ex Microsoft urinal jock who is burning with the desire for revenge then you are libel to say anything if if your name is wotopimp</Msg><Username>father_zosima</Username><Timestamp>1363392665500</Timestamp><DateTime>Fri, 2013-03-15 20:11:05 EDT</DateTime><ThumbUp>1</ThumbUp><ThumbDown>5</ThumbDown><Sentiment/></Message><Message type="ReplyMessage"><Id>1363393008512-85</Id><Topic><Title>Microsoft is a JOKE. Windows 8 long after release still has issues with Java, adobe flash and God knows what else.</Title><Username>georgew_dunce</Username><Timestamp>1363387337341</Timestamp><DateTime>Fri, 2013-03-15 18:42:17 EDT</DateTime></Topic><Msg>Java?? issues?? if you knew anything about IT you would know that Apple and Android still have even more trouble than Microicrosoft W-8- and since when is 3/4 mos a long time</Msg><Username>father_zosima</Username><Timestamp>1363393008512</Timestamp><DateTime>Fri, 2013-03-15 20:16:48 EDT</DateTime><ThumbUp>1</ThumbUp><ThumbDown>2</ThumbDown><Sentiment/></Message><Message type="ReplyMessage"><Id>1363393190981-86</Id><Topic><Title>The Right To Vote</Title><Username>plmartintexas2012</Username><Timestamp>1363372366292</Timestamp><DateTime>Fri, 2013-03-15 14:32:46 EDT</DateTime></Topic><Msg>since when are you wetttbakks allowed to vote</Msg><Username>father_zosima</Username><Timestamp>1363393190981</Timestamp><DateTime>Fri, 2013-03-15 20:19:50 EDT</DateTime><ThumbUp>0</ThumbUp><ThumbDown>3</ThumbDown><Sentiment/></Message><Message type="TopicMessage"><Id>1363393253941-87</Id><Title>Samsung's new co-CEO: 'Windows isn't selling very well'</Title><Msg>On The Register now. Love it..... ================================================ Samsung says it will continue to produce Android phones even as it puts its weight behind the competing Tizen OS, but there's one software partner the South Korean mobile maker isn't so bullish on: Microsoft. "Smartphones and tablets based on Microsoft's Windows operating system aren't selling very well," Samsung mobile chief J.K. Shin said in an interview with The Wall Street Journal on Thursday. "There is a preference in the market for Android. In Europe, we're also seeing lackluster demand for Windows-based products." Samsung currently produces two handsets based on Windows Phone 8 – the ATIV S and the ATIV Odyssey – but it was slow to introduce them to the US market, only launching the ATIV Odyssey on Verizon after the holiday shopping season had passed. As for Windows RT, Samsung has all but given up. In January, the South Korean firm announced that it had canceled its plans to launch its WinRT-based ATIV Tab in the US, and reports began surfacing in March that it was pulling the device from store shelves in Germany and some other European markets, as well. None of this is good news for Microsoft. CEO Steve Ballmer has said Redmond is "all in" with its new mobile strategy, but Windows Phone 8 hasn't made much of a splash in the smartphone market so far, and sales of Surface RT devices have been disappointing. Where Android is concerned, however, Shin said it's full steam ahead, and that Samsung's relationship with Google hadn't changed since becoming the dominant maker of Android phones. "We like Android and we plan to continue our good relations with Google," he said. "I don't think it's correct to say that there's friction." ===========================================================</Msg><Username>phands.theheretic6</Username><Timestamp>1363393253941</Timestamp><DateTime>Fri, 2013-03-15 20:20:53 EDT</DateTime><ThumbUp>3</ThumbUp><ThumbDown>1</ThumbDown><Sentiment>Strong Sell</Sentiment></Message><Message type="ReplyMessage"><Id>1363393369490-88</Id><Topic><Title>Microsoft Surface Tablet Sales Said to Disappoint</Title><Username>wottowwottow</Username><Timestamp>1363352657108</Timestamp><DateTime>Fri, 2013-03-15 09:04:17 EDT</DateTime></Topic><Msg>Projecting again, wally?</Msg><Username>phands.theheretic6</Username><Timestamp>1363393369490</Timestamp><DateTime>Fri, 2013-03-15 20:22:49 EDT</DateTime><ThumbUp>1</ThumbUp><ThumbDown>0</ThumbDown><Sentiment>Strong Sell</Sentiment></Message><Message type="ReplyMessage"><Id>1363393757717-89</Id><Topic><Title>In Depth MSFT Research Report .</Title><Username>barry.white95</Username><Timestamp>1362317833519</Timestamp><DateTime>Sun, 2013-03-03 08:37:13 EST</DateTime></Topic><Msg>Thanks !</Msg><Username>felix.acker</Username><Timestamp>1363393757717</Timestamp><DateTime>Fri, 2013-03-15 20:29:17 EDT</DateTime><ThumbUp>0</ThumbUp><ThumbDown>2</ThumbDown><Sentiment/></Message><Message type="ReplyMessage"><Id>1363393806317-90</Id><Topic><Title>Will Microsoft Bounce?</Title><Username>wanda.avila</Username><Timestamp>1361975704544</Timestamp><DateTime>Wed, 2013-02-27 09:35:04 EST</DateTime></Topic><Msg>Thanks !</Msg><Username>felix.acker</Username><Timestamp>1363393806317</Timestamp><DateTime>Fri, 2013-03-15 20:30:06 EDT</DateTime><ThumbUp>0</ThumbUp><ThumbDown>1</ThumbDown><Sentiment/></Message><Message type="ReplyMessage"><Id>1363393934483-91</Id><Topic><Title>MSFT CEO &amp; CFO Selling Shares?!</Title><Username>paul.meeks</Username><Timestamp>1361729327125</Timestamp><DateTime>Sun, 2013-02-24 13:08:47 EST</DateTime></Topic><Msg>Thanks !</Msg><Username>felix.acker</Username><Timestamp>1363393934483</Timestamp><DateTime>Fri, 2013-03-15 20:32:14 EDT</DateTime><ThumbUp>0</ThumbUp><ThumbDown>2</ThumbDown><Sentiment/></Message><Message type="TopicMessage"><Id>1363395737652-92</Id><Title>CPAC, all the freaks in one circus</Title><Msg>I won't say that no one cares about the freak show in National Harbor, MD. But most Americans view it as a freak show.</Msg><Username>baron_von_melcher</Username><Timestamp>1363395737652</Timestamp><DateTime>Fri, 2013-03-15 21:02:17 EDT</DateTime><ThumbUp>3</ThumbUp><ThumbDown>1</ThumbDown><Sentiment/></Message><Message type="TopicMessage"><Id>1363396323217-93</Id><Title>Portman’s Support for Gay Marriage a Political Evolution</Title><Msg>Portman’s Support for Gay Marriage a Political Evolution Republican Senator Rob Portman of Ohio, voicing support for same-sex marriage with a personal note that his son is gay, joins a bipartisan movement toward a recognition of rights that many Americans are embracing. PORTMAN'S SON IS GAY. NO BIG DEAL. BUT IT'S INTERESTING WHEN REALITY HITS A CONSERVATIVE IN THE GUT HOW QUICKLY THEY CHANGE THEIR TUNE.</Msg><Username>baron_von_melcher</Username><Timestamp>1363396323217</Timestamp><DateTime>Fri, 2013-03-15 21:12:03 EDT</DateTime><ThumbUp>3</ThumbUp><ThumbDown>2</ThumbDown><Sentiment/></Message><Message type="ReplyMessage"><Id>1363398351405-94</Id><Topic><Title>Microsoft is a JOKE. Windows 8 long after release still has issues with Java, adobe flash and God knows what else.</Title><Username>georgew_dunce</Username><Timestamp>1363387337341</Timestamp><DateTime>Fri, 2013-03-15 18:42:17 EDT</DateTime></Topic><Msg>MR IT, SOFTY NEEDS YOUR HELP</Msg><Username>georgew_dunce</Username><Timestamp>1363398351405</Timestamp><DateTime>Fri, 2013-03-15 21:45:51 EDT</DateTime><ThumbUp>2</ThumbUp><ThumbDown>0</ThumbDown><Sentiment/></Message><Message type="TopicMessage"><Id>1363399122383-95</Id><Title>13 years of stagnation with another 10 years before complete failure!</Title><Msg>Surface adds to the long list of MSFTs hardware failures, not to mention the software failures: Vista and W8! Long live Ballmer! Hope everyone is happy with the dividend, because that is all longs will get!</Msg><Username>rimlytarder</Username><Timestamp>1363399122383</Timestamp><DateTime>Fri, 2013-03-15 21:58:42 EDT</DateTime><ThumbUp>3</ThumbUp><ThumbDown>2</ThumbDown><Sentiment/></Message><Message type="ReplyMessage"><Id>1363400484687-96</Id><Topic><Title>13 years of stagnation with another 10 years before complete failure!</Title><Username>rimlytarder</Username><Timestamp>1363399122383</Timestamp><DateTime>Fri, 2013-03-15 21:58:42 EDT</DateTime></Topic><Msg>" Hope everyone is happy with the dividend, because that is all longs will get!" And, toward the end, they won't be what they are now.</Msg><Username>wottowwottow</Username><Timestamp>1363400484687</Timestamp><DateTime>Fri, 2013-03-15 22:21:24 EDT</DateTime><ThumbUp>3</ThumbUp><ThumbDown>1</ThumbDown><Sentiment/></Message><Message type="ReplyMessage"><Id>1363401037608-97</Id><Topic><Title>Samsung CEO: Nobody Wants Microsoft's Phones Or Tablets</Title><Username>wottowwottow</Username><Timestamp>1363375895503</Timestamp><DateTime>Fri, 2013-03-15 15:31:35 EDT</DateTime></Topic><Msg>LOL You would be familiar with that mindset, that's Microsoft from beginning to end.</Msg><Username>wottowwottow</Username><Timestamp>1363401037608</Timestamp><DateTime>Fri, 2013-03-15 22:30:37 EDT</DateTime><ThumbUp>5</ThumbUp><ThumbDown>0</ThumbDown><Sentiment/></Message><Message type="ReplyMessage"><Id>1363402844369-98</Id><Topic><Title>Hokiest, most manipulated, corrupt market in a lifetime</Title><Username>hawcreek12</Username><Timestamp>1363377974953</Timestamp><DateTime>Fri, 2013-03-15 16:06:14 EDT</DateTime></Topic><Msg>What is the vague association between 1930's and now supposed to mean? That Obama ordered the markets bought, is your own hair brained idea. Go dream about Nurse Kratchett and your sponge bath tomorrow.</Msg><Username>peppeek</Username><Timestamp>1363402844369</Timestamp><DateTime>Fri, 2013-03-15 23:00:44 EDT</DateTime><ThumbUp>1</ThumbUp><ThumbDown>2</ThumbDown><Sentiment>Buy</Sentiment></Message><Message type="ReplyMessage"><Id>1363404886219-99</Id><Topic><Title>In Depth MSFT Research Report .</Title><Username>barry.white95</Username><Timestamp>1362317833519</Timestamp><DateTime>Sun, 2013-03-03 08:37:13 EST</DateTime></Topic><Msg>SPAMMER !!</Msg><Username>daxwang</Username><Timestamp>1363404886219</Timestamp><DateTime>Fri, 2013-03-15 23:34:46 EDT</DateTime><ThumbUp>1</ThumbUp><ThumbDown>0</ThumbDown><Sentiment/></Message></Date>