<?xml version="1.0" encoding="UTF-8" standalone="no"?><Date date="2013-03-05"><Message type="ReplyMessage"><Id>1362461516353-1</Id><Topic><Title>Yahoo to shut down 7 products, including message boards!</Title><Username>phands.theheretic6</Username><Timestamp>1362448475460</Timestamp><DateTime>Mon, 2013-03-04 20:54:35 EST</DateTime></Topic><Msg>Go suck hawcreek's tiny pizzle, wally - it's what you dream about.</Msg><Username>phands.theheretic6</Username><Timestamp>1362461516353</Timestamp><DateTime>Tue, 2013-03-05 00:31:56 EST</DateTime><ThumbUp>3</ThumbUp><ThumbDown>2</ThumbDown><Sentiment>Strong Sell</Sentiment></Message><Message type="ReplyMessage"><Id>1362461650259-2</Id><Topic><Title>It's very disturbing but hawfeces is a product of incest.</Title><Username>fart_tubes</Username><Timestamp>1362452212132</Timestamp><DateTime>Mon, 2013-03-04 21:56:52 EST</DateTime></Topic><Msg>Go suicide, wally. Your family tree has more points of re-entrancy than M$'s spaghetti code. But then, vermin are incestuous.</Msg><Username>phands.theheretic6</Username><Timestamp>1362461650259</Timestamp><DateTime>Tue, 2013-03-05 00:34:10 EST</DateTime><ThumbUp>3</ThumbUp><ThumbDown>2</ThumbDown><Sentiment>Strong Sell</Sentiment></Message><Message type="ReplyMessage"><Id>1362461700692-3</Id><Topic><Title>It's very disturbing but hawfeces is a product of incest.</Title><Username>fart_tubes</Username><Timestamp>1362452212132</Timestamp><DateTime>Mon, 2013-03-04 21:56:52 EST</DateTime></Topic><Msg>Can slime-moulds actually be incestuous?</Msg><Username>phands.theheretic6</Username><Timestamp>1362461700692</Timestamp><DateTime>Tue, 2013-03-05 00:35:00 EST</DateTime><ThumbUp>3</ThumbUp><ThumbDown>2</ThumbDown><Sentiment>Strong Sell</Sentiment></Message><Message type="ReplyMessage"><Id>1362461841358-4</Id><Topic><Title>Steven Brill , Time Mag article "Bitter Pill" on "Hardball" today</Title><Username>agolferbogie</Username><Timestamp>1362440805020</Timestamp><DateTime>Mon, 2013-03-04 18:46:45 EST</DateTime></Topic><Msg>You didn't get the irony in my post, I'm on your side.</Msg><Username>repub_taliban</Username><Timestamp>1362461841358</Timestamp><DateTime>Tue, 2013-03-05 00:37:21 EST</DateTime><ThumbUp>0</ThumbUp><ThumbDown>3</ThumbDown><Sentiment/></Message><Message type="ReplyMessage"><Id>1362462268433-5</Id><Topic><Title>It's very disturbing but hawfeces is a product of incest.</Title><Username>fart_tubes</Username><Timestamp>1362452212132</Timestamp><DateTime>Mon, 2013-03-04 21:56:52 EST</DateTime></Topic><Msg>GFYS Troll!</Msg><Username>williamdavis960</Username><Timestamp>1362462268433</Timestamp><DateTime>Tue, 2013-03-05 00:44:28 EST</DateTime><ThumbUp>0</ThumbUp><ThumbDown>3</ThumbDown><Sentiment>Strong Buy</Sentiment></Message><Message type="ReplyMessage"><Id>1362467810360-6</Id><Topic><Title>MSFT Rumored To Be Bought Out!</Title><Username>sanromanwiliam</Username><Timestamp>1361546456712</Timestamp><DateTime>Fri, 2013-02-22 10:20:56 EST</DateTime></Topic><Msg>nonsense. just a script that makes it look like people are involved when they aren't,,,,,,,,,,,,</Msg><Username>corneliusflake</Username><Timestamp>1362467810360</Timestamp><DateTime>Tue, 2013-03-05 02:16:50 EST</DateTime><ThumbUp>1</ThumbUp><ThumbDown>0</ThumbDown><Sentiment/></Message><Message type="ReplyMessage"><Id>1362467881196-7</Id><Topic><Title>MSFT Rumored To Be Bought Out!</Title><Username>sanromanwiliam</Username><Timestamp>1361546456712</Timestamp><DateTime>Fri, 2013-02-22 10:20:56 EST</DateTime></Topic><Msg>no update! just run a text program that makes a post that says "good update".</Msg><Username>corneliusflake</Username><Timestamp>1362467881196</Timestamp><DateTime>Tue, 2013-03-05 02:18:01 EST</DateTime><ThumbUp>1</ThumbUp><ThumbDown>0</ThumbDown><Sentiment/></Message><Message type="ReplyMessage"><Id>1362467935813-8</Id><Topic><Title>MSFT Rumored To Be Bought Out!</Title><Username>sanromanwiliam</Username><Timestamp>1361546456712</Timestamp><DateTime>Fri, 2013-02-22 10:20:56 EST</DateTime></Topic><Msg>helps make money for the spammer. just not helpful to the victims that follow the link,,,,,,,,,,</Msg><Username>corneliusflake</Username><Timestamp>1362467935813</Timestamp><DateTime>Tue, 2013-03-05 02:18:55 EST</DateTime><ThumbUp>1</ThumbUp><ThumbDown>0</ThumbDown><Sentiment/></Message><Message type="ReplyMessage"><Id>1362467969486-9</Id><Topic><Title>MSFT Rumored To Be Bought Out!</Title><Username>sanromanwiliam</Username><Timestamp>1361546456712</Timestamp><DateTime>Fri, 2013-02-22 10:20:56 EST</DateTime></Topic><Msg>you lie!</Msg><Username>corneliusflake</Username><Timestamp>1362467969486</Timestamp><DateTime>Tue, 2013-03-05 02:19:29 EST</DateTime><ThumbUp>1</ThumbUp><ThumbDown>0</ThumbDown><Sentiment/></Message><Message type="ReplyMessage"><Id>1362468066951-10</Id><Topic><Title>MSFT Rumored To Be Bought Out!</Title><Username>sanromanwiliam</Username><Timestamp>1361546456712</Timestamp><DateTime>Fri, 2013-02-22 10:20:56 EST</DateTime></Topic><Msg>no report. cheap trick to get clicks on web site,,,,,,,,,,,,</Msg><Username>corneliusflake</Username><Timestamp>1362468066951</Timestamp><DateTime>Tue, 2013-03-05 02:21:06 EST</DateTime><ThumbUp>1</ThumbUp><ThumbDown>0</ThumbDown><Sentiment/></Message><Message type="ReplyMessage"><Id>1362468144249-11</Id><Topic><Title>MSFT Rumored To Be Bought Out!</Title><Username>sanromanwiliam</Username><Timestamp>1361546456712</Timestamp><DateTime>Fri, 2013-02-22 10:20:56 EST</DateTime></Topic><Msg>aw, shoot!</Msg><Username>corneliusflake</Username><Timestamp>1362468144249</Timestamp><DateTime>Tue, 2013-03-05 02:22:24 EST</DateTime><ThumbUp>1</ThumbUp><ThumbDown>0</ThumbDown><Sentiment/></Message><Message type="ReplyMessage"><Id>1362468340816-12</Id><Topic><Title>Yahoo to shut down 7 products, including message boards!</Title><Username>phands.theheretic6</Username><Timestamp>1362448475460</Timestamp><DateTime>Mon, 2013-03-04 20:54:35 EST</DateTime></Topic><Msg>yes, finance board will still exist. i join little-willie in saying thank you to paul! first smart post ever by 960 man.</Msg><Username>corneliusflake</Username><Timestamp>1362468340816</Timestamp><DateTime>Tue, 2013-03-05 02:25:40 EST</DateTime><ThumbUp>1</ThumbUp><ThumbDown>0</ThumbDown><Sentiment/></Message><Message type="ReplyMessage"><Id>1362468376942-13</Id><Topic><Title>Yahoo to shut down 7 products, including message boards!</Title><Username>phands.theheretic6</Username><Timestamp>1362448475460</Timestamp><DateTime>Mon, 2013-03-04 20:54:35 EST</DateTime></Topic><Msg>you hear his voice in your head? you know what that called?</Msg><Username>corneliusflake</Username><Timestamp>1362468376942</Timestamp><DateTime>Tue, 2013-03-05 02:26:16 EST</DateTime><ThumbUp>0</ThumbUp><ThumbDown>0</ThumbDown><Sentiment/></Message><Message type="ReplyMessage"><Id>1362468606762-14</Id><Topic><Title>Analyst Downgrades MSFT &amp; Sets Price Target MUCH LOWER</Title><Username>luis.sagem</Username><Timestamp>1362421202415</Timestamp><DateTime>Mon, 2013-03-04 13:20:02 EST</DateTime></Topic><Msg>snot burgers for everyone!!!!!!!!!!!!!!! extra pickle!!!!!!!!!!!</Msg><Username>corneliusflake</Username><Timestamp>1362468606762</Timestamp><DateTime>Tue, 2013-03-05 02:30:06 EST</DateTime><ThumbUp>0</ThumbUp><ThumbDown>1</ThumbDown><Sentiment/></Message><Message type="ReplyMessage"><Id>1362468629084-15</Id><Topic><Title>Analyst Downgrades MSFT &amp; Sets Price Target MUCH LOWER</Title><Username>luis.sagem</Username><Timestamp>1362421202415</Timestamp><DateTime>Mon, 2013-03-04 13:20:02 EST</DateTime></Topic><Msg>totally not credible!!!!!!!!!!!!!!!</Msg><Username>corneliusflake</Username><Timestamp>1362468629084</Timestamp><DateTime>Tue, 2013-03-05 02:30:29 EST</DateTime><ThumbUp>0</ThumbUp><ThumbDown>0</ThumbDown><Sentiment/></Message><Message type="ReplyMessage"><Id>1362469450885-16</Id><Topic><Title>Yahoo to shut down 7 products, including message boards!</Title><Username>phands.theheretic6</Username><Timestamp>1362448475460</Timestamp><DateTime>Mon, 2013-03-04 20:54:35 EST</DateTime></Topic><Msg>kf x ksp = K?</Msg><Username>logge_0dd</Username><Timestamp>1362469450885</Timestamp><DateTime>Tue, 2013-03-05 02:44:10 EST</DateTime><ThumbUp>0</ThumbUp><ThumbDown>2</ThumbDown><Sentiment/></Message><Message type="ReplyMessage"><Id>1362472714679-17</Id><Topic><Title>Top Analyst UPGRADES Microsoft [MUST SEE REPORT]</Title><Username>reeves.cliff</Username><Timestamp>1361450240958</Timestamp><DateTime>Thu, 2013-02-21 07:37:20 EST</DateTime></Topic><Msg>Good one!</Msg><Username>glenlewis439</Username><Timestamp>1362472714679</Timestamp><DateTime>Tue, 2013-03-05 03:38:34 EST</DateTime><ThumbUp>0</ThumbUp><ThumbDown>1</ThumbDown><Sentiment/></Message><Message type="ReplyMessage"><Id>1362483523898-18</Id><Topic><Title>Yahoo to shut down 7 products, including message boards!</Title><Username>phands.theheretic6</Username><Timestamp>1362448475460</Timestamp><DateTime>Mon, 2013-03-04 20:54:35 EST</DateTime></Topic><Msg>Doesn't affect finance boards.</Msg><Username>renaultd0</Username><Timestamp>1362483523898</Timestamp><DateTime>Tue, 2013-03-05 06:38:43 EST</DateTime><ThumbUp>0</ThumbUp><ThumbDown>0</ThumbDown><Sentiment/></Message><Message type="TopicMessage"><Id>1362487007098-19</Id><Title>stock market up but this is fake ...unreal</Title><Msg>bears make trap to f...k bulls</Msg><Username>becoolbe999</Username><Timestamp>1362487007098</Timestamp><DateTime>Tue, 2013-03-05 07:36:47 EST</DateTime><ThumbUp>0</ThumbUp><ThumbDown>0</ThumbDown><Sentiment/></Message><Message type="ReplyMessage"><Id>1362487115537-20</Id><Topic><Title>13 Indicator MSFT Research Report</Title><Username>freddie.lucas</Username><Timestamp>1362070677730</Timestamp><DateTime>Thu, 2013-02-28 11:57:57 EST</DateTime></Topic><Msg>good report</Msg><Username>palmerliam412</Username><Timestamp>1362487115537</Timestamp><DateTime>Tue, 2013-03-05 07:38:35 EST</DateTime><ThumbUp>0</ThumbUp><ThumbDown>2</ThumbDown><Sentiment/></Message><Message type="ReplyMessage"><Id>1362489002140-21</Id><Topic><Title>Optimistic news !</Title><Username>andrson.jack</Username><Timestamp>1362438004231</Timestamp><DateTime>Mon, 2013-03-04 18:00:04 EST</DateTime></Topic><Msg>Nice report. Thank you.</Msg><Username>jack.smith552</Username><Timestamp>1362489002140</Timestamp><DateTime>Tue, 2013-03-05 08:10:02 EST</DateTime><ThumbUp>0</ThumbUp><ThumbDown>3</ThumbDown><Sentiment/></Message><Message type="ReplyMessage"><Id>1362489319985-22</Id><Topic><Title>Steven Brill , Time Mag article "Bitter Pill" on "Hardball" today</Title><Username>agolferbogie</Username><Timestamp>1362440805020</Timestamp><DateTime>Mon, 2013-03-04 18:46:45 EST</DateTime></Topic><Msg>Taliban you are so stupid that you don't realize that is what we are saying. Medicare and Obamacare plans are killing the country. I want to pay my own insurance and don't depend on hard working Americans to subsidize me. Those plans are liberal ideas killing the country. Talk about irony. LOL</Msg><Username>agolferbogie</Username><Timestamp>1362489319985</Timestamp><DateTime>Tue, 2013-03-05 08:15:19 EST</DateTime><ThumbUp>3</ThumbUp><ThumbDown>1</ThumbDown><Sentiment/></Message><Message type="ReplyMessage"><Id>1362490840701-23</Id><Topic><Title>-##- MSFT Insiders SELLING?! (SHOCKING REPORT) -##-</Title><Username>jackbutler221</Username><Timestamp>1361379840543</Timestamp><DateTime>Wed, 2013-02-20 12:04:00 EST</DateTime></Topic><Msg>Helpful report. Thank you.</Msg><Username>nickreed348</Username><Timestamp>1362490840701</Timestamp><DateTime>Tue, 2013-03-05 08:40:40 EST</DateTime><ThumbUp>0</ThumbUp><ThumbDown>1</ThumbDown><Sentiment/></Message><Message type="ReplyMessage"><Id>1362491938955-24</Id><Topic><Title>-##- MSFT Insiders SELLING?! (SHOCKING REPORT) -##-</Title><Username>jackbutler221</Username><Timestamp>1361379840543</Timestamp><DateTime>Wed, 2013-02-20 12:04:00 EST</DateTime></Topic><Msg>Heavy public selling - that is the reason I am very bullish. Big profits coming. .</Msg><Username>x2073</Username><Timestamp>1362491938955</Timestamp><DateTime>Tue, 2013-03-05 08:58:58 EST</DateTime><ThumbUp>0</ThumbUp><ThumbDown>1</ThumbDown><Sentiment/></Message><Message type="ReplyMessage"><Id>1362492066222-25</Id><Topic><Title>Top Analyst UPGRADES Microsoft [MUST SEE REPORT]</Title><Username>reeves.cliff</Username><Timestamp>1361450240958</Timestamp><DateTime>Thu, 2013-02-21 07:37:20 EST</DateTime></Topic><Msg>great report</Msg><Username>josephelliott725</Username><Timestamp>1362492066222</Timestamp><DateTime>Tue, 2013-03-05 09:01:06 EST</DateTime><ThumbUp>0</ThumbUp><ThumbDown>1</ThumbDown><Sentiment/></Message><Message type="ReplyMessage"><Id>1362492073856-26</Id><Topic><Title>-- -- The TRUTH about MSFT (COULD BE A SCAM!) -- --</Title><Username>riley_sanchez</Username><Timestamp>1361483962994</Timestamp><DateTime>Thu, 2013-02-21 16:59:22 EST</DateTime></Topic><Msg>Great update.</Msg><Username>nickreed348</Username><Timestamp>1362492073856</Timestamp><DateTime>Tue, 2013-03-05 09:01:13 EST</DateTime><ThumbUp>0</ThumbUp><ThumbDown>2</ThumbDown><Sentiment/></Message><Message type="ReplyMessage"><Id>1362492113310-27</Id><Topic><Title>Yahoo to shut down 7 products, including message boards!</Title><Username>phands.theheretic6</Username><Timestamp>1362448475460</Timestamp><DateTime>Mon, 2013-03-04 20:54:35 EST</DateTime></Topic><Msg>No I'll let you take care of that since SUX is your specialty you C gobbling moron.</Msg><Username>williamdavis960</Username><Timestamp>1362492113310</Timestamp><DateTime>Tue, 2013-03-05 09:01:53 EST</DateTime><ThumbUp>0</ThumbUp><ThumbDown>2</ThumbDown><Sentiment>Strong Buy</Sentiment></Message><Message type="ReplyMessage"><Id>1362492119892-28</Id><Topic><Title>Analyst Downgrades MSFT &amp; Sets Price Target MUCH LOWER</Title><Username>luis.sagem</Username><Timestamp>1362421202415</Timestamp><DateTime>Mon, 2013-03-04 13:20:02 EST</DateTime></Topic><Msg>awesome report</Msg><Username>piterjohnson645</Username><Timestamp>1362492119892</Timestamp><DateTime>Tue, 2013-03-05 09:01:59 EST</DateTime><ThumbUp>0</ThumbUp><ThumbDown>1</ThumbDown><Sentiment>Strong Buy</Sentiment></Message><Message type="ReplyMessage"><Id>1362494243444-29</Id><Topic><Title>MSFT Rumored To Be Bought Out!</Title><Username>sanromanwiliam</Username><Timestamp>1361546456712</Timestamp><DateTime>Fri, 2013-02-22 10:20:56 EST</DateTime></Topic><Msg>awesome report</Msg><Username>piterjohnson645</Username><Timestamp>1362494243444</Timestamp><DateTime>Tue, 2013-03-05 09:37:23 EST</DateTime><ThumbUp>0</ThumbUp><ThumbDown>1</ThumbDown><Sentiment>Buy</Sentiment></Message><Message type="ReplyMessage"><Id>1362494918170-30</Id><Topic><Title>In Depth MSFT Research Report .</Title><Username>barry.white95</Username><Timestamp>1362317833519</Timestamp><DateTime>Sun, 2013-03-03 08:37:13 EST</DateTime></Topic><Msg>thanks</Msg><Username>terrance.john</Username><Timestamp>1362494918170</Timestamp><DateTime>Tue, 2013-03-05 09:48:38 EST</DateTime><ThumbUp>0</ThumbUp><ThumbDown>2</ThumbDown><Sentiment/></Message><Message type="ReplyMessage"><Id>1362496318484-31</Id><Topic><Title>Top Analyst UPGRADES Microsoft [MUST SEE REPORT]</Title><Username>reeves.cliff</Username><Timestamp>1361450240958</Timestamp><DateTime>Thu, 2013-02-21 07:37:20 EST</DateTime></Topic><Msg>thanks a lot</Msg><Username>bradleystewart874</Username><Timestamp>1362496318484</Timestamp><DateTime>Tue, 2013-03-05 10:11:58 EST</DateTime><ThumbUp>0</ThumbUp><ThumbDown>1</ThumbDown><Sentiment/></Message><Message type="TopicMessage"><Id>1362496573767-32</Id><Title>Penny stock strategies</Title><Msg>Lots of people waiting [link] Just around the corner Im so excited, Link:- shorlDOTcom/rulofisineto (Remove DOT)</Msg><Username>vega_miller</Username><Timestamp>1362496573767</Timestamp><DateTime>Tue, 2013-03-05 10:16:13 EST</DateTime><ThumbUp>0</ThumbUp><ThumbDown>1</ThumbDown><Sentiment>Strong Buy</Sentiment></Message><Message type="TopicMessage"><Id>1362496902831-33</Id><Title>Dow Average Jumps on Record Profits. PE's are 20% below previous peak!! - THANK YOU PRESIDENT OBAMA</Title><Msg>Dow Average Jumps to Record as Profits, Fed Stoke Rebound The Dow Jones Industrial Average (INDU) rose to its highest level ever, erasing losses from the financial crisis after a four-year rally fueled by the fastest profit growth since the 1990s and monetary stimulus from the Federal Reserve. Almost $10 trillion has been restored to U.S. equities as retailers, banks and manufacturers led the recovery from the worst bear market since the 1930s. It took the Dow less than 65 months to rise above its previous high set on Oct. 9, 2007, more than a year faster than the recovery from the Internet bubble. While the Dow has more than doubled in the four years since its bear-market low, its valuation remains 20 percent less than the price-earnings ratio at the previous peak and 15 percent below its 20-year average. Photographer: Jin Lee/Bloomberg . While the Dow has more than doubled in the four years since its bear-market low, its valuation remains 20 percent less than the price-earnings ratio at the previous peak and 15 percent below its 20-year average. Bulls say that’s a signal stocks have room to keep rallying, while to bears it shows a lack of confidence in earnings growth and concern over the Fed’s ability to continue spurring the economy</Msg><Username>baron_von_melcher</Username><Timestamp>1362496902831</Timestamp><DateTime>Tue, 2013-03-05 10:21:42 EST</DateTime><ThumbUp>1</ThumbUp><ThumbDown>1</ThumbDown><Sentiment/></Message><Message type="ReplyMessage"><Id>1362496953767-34</Id><Topic><Title>Top Analyst UPGRADES Microsoft [MUST SEE REPORT]</Title><Username>reeves.cliff</Username><Timestamp>1361450240958</Timestamp><DateTime>Thu, 2013-02-21 07:37:20 EST</DateTime></Topic><Msg>████████████LOADS A KEY STROKE LOGGER!!! ████████████████████████████████████████████████████████ ██████████████████████████████████████████████████████████████████████████████████████████████████████████████████████████████</Msg><Username>berkleyin84444</Username><Timestamp>1362496953767</Timestamp><DateTime>Tue, 2013-03-05 10:22:33 EST</DateTime><ThumbUp>1</ThumbUp><ThumbDown>0</ThumbDown><Sentiment/></Message><Message type="ReplyMessage"><Id>1362498030243-35</Id><Topic><Title>Is there still anyone who does not get the 'record profits' are from the government borrowing $3 to get $1?</Title><Username>hawcreek12</Username><Timestamp>1362497520830</Timestamp><DateTime>Tue, 2013-03-05 10:32:00 EST</DateTime></Topic><Msg>No proof of any of it. Paranoid fantasy is likely with type one thinking as evidenced in hawstewpud post.</Msg><Username>cfuryurself</Username><Timestamp>1362498030243</Timestamp><DateTime>Tue, 2013-03-05 10:40:30 EST</DateTime><ThumbUp>0</ThumbUp><ThumbDown>4</ThumbDown><Sentiment/></Message><Message type="ReplyMessage"><Id>1362498156534-36</Id><Topic><Title>Is there still anyone who does not get the 'record profits' are from the government borrowing $3 to get $1?</Title><Username>hawcreek12</Username><Timestamp>1362497520830</Timestamp><DateTime>Tue, 2013-03-05 10:32:00 EST</DateTime></Topic><Msg>YOU are a product of incest. This is very disturbing as is your behavior.</Msg><Username>fart_tubes</Username><Timestamp>1362498156534</Timestamp><DateTime>Tue, 2013-03-05 10:42:36 EST</DateTime><ThumbUp>1</ThumbUp><ThumbDown>2</ThumbDown><Sentiment/></Message><Message type="ReplyMessage"><Id>1362498253153-37</Id><Topic><Title>Dow Average Jumps on Record Profits. PE's are 20% below previous peak!! - THANK YOU PRESIDENT OBAMA</Title><Username>baron_von_melcher</Username><Timestamp>1362496902831</Timestamp><DateTime>Tue, 2013-03-05 10:21:42 EST</DateTime></Topic><Msg>::::: its valuation remains 20 percent less than the price-earnings ratio at the previous peak and 15 percent below its 20-year average. ::::::: The market is actually cheaply valued! THANK YOU PREZ OBAMA!!</Msg><Username>kynuss</Username><Timestamp>1362498253153</Timestamp><DateTime>Tue, 2013-03-05 10:44:13 EST</DateTime><ThumbUp>1</ThumbUp><ThumbDown>0</ThumbDown><Sentiment/></Message><Message type="ReplyMessage"><Id>1362498783059-38</Id><Topic><Title>In Depth MSFT Research Report .</Title><Username>barry.white95</Username><Timestamp>1362317833519</Timestamp><DateTime>Sun, 2013-03-03 08:37:13 EST</DateTime></Topic><Msg>thanks a lot</Msg><Username>parkerjessica501</Username><Timestamp>1362498783059</Timestamp><DateTime>Tue, 2013-03-05 10:53:03 EST</DateTime><ThumbUp>0</ThumbUp><ThumbDown>2</ThumbDown><Sentiment/></Message><Message type="ReplyMessage"><Id>1362499027281-39</Id><Topic><Title>Penny stock strategies</Title><Username>vega_miller</Username><Timestamp>1362496573767</Timestamp><DateTime>Tue, 2013-03-05 10:16:13 EST</DateTime></Topic><Msg>SPAM CRAPOLA</Msg><Username>nw_ripper</Username><Timestamp>1362499027281</Timestamp><DateTime>Tue, 2013-03-05 10:57:07 EST</DateTime><ThumbUp>1</ThumbUp><ThumbDown>0</ThumbDown><Sentiment/></Message><Message type="ReplyMessage"><Id>1362499066026-40</Id><Topic><Title>Is there still anyone who does not get the 'record profits' are from the government borrowing $3 to get $1?</Title><Username>hawcreek12</Username><Timestamp>1362497520830</Timestamp><DateTime>Tue, 2013-03-05 10:32:00 EST</DateTime></Topic><Msg>In the audience of three you have today, I see three hands up. Speaking for my hand, no I don't see it your way. But yesterday you gave direct and full credit to the President, which makes up for your today's posting blunder. On his direct orders, according to your words, we now have a good stock market.</Msg><Username>peppeek</Username><Timestamp>1362499066026</Timestamp><DateTime>Tue, 2013-03-05 10:57:46 EST</DateTime><ThumbUp>0</ThumbUp><ThumbDown>1</ThumbDown><Sentiment>Buy</Sentiment></Message><Message type="ReplyMessage"><Id>1362499381107-41</Id><Topic><Title>In Depth MSFT Research Report .</Title><Username>barry.white95</Username><Timestamp>1362317833519</Timestamp><DateTime>Sun, 2013-03-03 08:37:13 EST</DateTime></Topic><Msg>great job</Msg><Username>randcarlos</Username><Timestamp>1362499381107</Timestamp><DateTime>Tue, 2013-03-05 11:03:01 EST</DateTime><ThumbUp>0</ThumbUp><ThumbDown>2</ThumbDown><Sentiment/></Message><Message type="TopicMessage"><Id>1362499389818-42</Id><Title>Rick Santeli Belongs On FAUX News!</Title><Msg>Rick Santeli is a K0ch Bros sycophant. No matter how well the markets, the economy or the employment numbers he will not give Obama credit. If the market tanked to the same levels as the Bush economic collapse who would he blame for that? Obama gets the blame for the bad stuff!!! Obama gets no credit for the good stuff!!!! Heads I win; tails you lose.</Msg><Username>baron_von_melcher</Username><Timestamp>1362499389818</Timestamp><DateTime>Tue, 2013-03-05 11:03:09 EST</DateTime><ThumbUp>0</ThumbUp><ThumbDown>0</ThumbDown><Sentiment/></Message><Message type="TopicMessage"><Id>1362499895233-43</Id><Title>30 is here Wotow and Hawcreek Aholes</Title><Msg>boyahhhh!</Msg><Username>cameleonman</Username><Timestamp>1362499895233</Timestamp><DateTime>Tue, 2013-03-05 11:11:35 EST</DateTime><ThumbUp>2</ThumbUp><ThumbDown>3</ThumbDown><Sentiment/></Message><Message type="ReplyMessage"><Id>1362500352331-44</Id><Topic><Title>30 is here Wotow and Hawcreek Aholes</Title><Username>cameleonman</Username><Timestamp>1362499895233</Timestamp><DateTime>Tue, 2013-03-05 11:11:35 EST</DateTime></Topic><Msg>Put your hereturd shet Ignore filter on, We going higher!</Msg><Username>williamdavis960</Username><Timestamp>1362500352331</Timestamp><DateTime>Tue, 2013-03-05 11:19:12 EST</DateTime><ThumbUp>0</ThumbUp><ThumbDown>1</ThumbDown><Sentiment>Strong Buy</Sentiment></Message><Message type="ReplyMessage"><Id>1362501118160-45</Id><Topic><Title>In Depth MSFT Research Report .</Title><Username>barry.white95</Username><Timestamp>1362317833519</Timestamp><DateTime>Sun, 2013-03-03 08:37:13 EST</DateTime></Topic><Msg>good report</Msg><Username>wilford.gates</Username><Timestamp>1362501118160</Timestamp><DateTime>Tue, 2013-03-05 11:31:58 EST</DateTime><ThumbUp>0</ThumbUp><ThumbDown>2</ThumbDown><Sentiment/></Message><Message type="TopicMessage"><Id>1362501471019-46</Id><Title>GOOGLE GLASS.......and HIMX</Title><Msg>what is msft going to do to compete?</Msg><Username>cticonfire</Username><Timestamp>1362501471019</Timestamp><DateTime>Tue, 2013-03-05 11:37:51 EST</DateTime><ThumbUp>0</ThumbUp><ThumbDown>0</ThumbDown><Sentiment/></Message><Message type="ReplyMessage"><Id>1362501524460-47</Id><Topic><Title>If we're in a robust recovery as Obamaphites lie, why does Bernanke need to keep buying bonds</Title><Username>hawcreek12</Username><Timestamp>1362499971004</Timestamp><DateTime>Tue, 2013-03-05 11:12:51 EST</DateTime></Topic><Msg>You sound frantic in your quest to never accept the proven fact, you're wrong about Obama. Especially on days where the markets are good, you cry like a baby.</Msg><Username>peppeek</Username><Timestamp>1362501524460</Timestamp><DateTime>Tue, 2013-03-05 11:38:44 EST</DateTime><ThumbUp>1</ThumbUp><ThumbDown>3</ThumbDown><Sentiment>Buy</Sentiment></Message><Message type="ReplyMessage"><Id>1362501726549-48</Id><Topic><Title>Top Analyst UPGRADES Microsoft [MUST SEE REPORT]</Title><Username>reeves.cliff</Username><Timestamp>1361450240958</Timestamp><DateTime>Thu, 2013-02-21 07:37:20 EST</DateTime></Topic><Msg>good job</Msg><Username>jaredgavin542</Username><Timestamp>1362501726549</Timestamp><DateTime>Tue, 2013-03-05 11:42:06 EST</DateTime><ThumbUp>0</ThumbUp><ThumbDown>1</ThumbDown><Sentiment/></Message><Message type="ReplyMessage"><Id>1362502164299-49</Id><Topic><Title>Is there still anyone who does not get the 'record profits' are from the government borrowing $3 to get $1?</Title><Username>hawcreek12</Username><Timestamp>1362497520830</Timestamp><DateTime>Tue, 2013-03-05 10:32:00 EST</DateTime></Topic><Msg>hawfaeces where did you first flunk out of math - kindergarten, gradeschool or highschool?? I know you didn't flunk out of mathin college because you never went- that is you never went to an accredited school</Msg><Username>father_zosima</Username><Timestamp>1362502164299</Timestamp><DateTime>Tue, 2013-03-05 11:49:24 EST</DateTime><ThumbUp>0</ThumbUp><ThumbDown>1</ThumbDown><Sentiment/></Message><Message type="ReplyMessage"><Id>1362503768241-50</Id><Topic><Title>In Depth MSFT Research Report .</Title><Username>barry.white95</Username><Timestamp>1362317833519</Timestamp><DateTime>Sun, 2013-03-03 08:37:13 EST</DateTime></Topic><Msg>useful info, thanks a lot</Msg><Username>josiah.hastings</Username><Timestamp>1362503768241</Timestamp><DateTime>Tue, 2013-03-05 12:16:08 EST</DateTime><ThumbUp>0</ThumbUp><ThumbDown>2</ThumbDown><Sentiment/></Message><Message type="ReplyMessage"><Id>1362503856036-51</Id><Topic><Title>Yahoo to shut down 7 products, including message boards!</Title><Username>phands.theheretic6</Username><Timestamp>1362448475460</Timestamp><DateTime>Mon, 2013-03-04 20:54:35 EST</DateTime></Topic><Msg>music on E! network by m.c. square --</Msg><Username>corneliusflake</Username><Timestamp>1362503856036</Timestamp><DateTime>Tue, 2013-03-05 12:17:36 EST</DateTime><ThumbUp>0</ThumbUp><ThumbDown>0</ThumbDown><Sentiment/></Message><Message type="ReplyMessage"><Id>1362503893670-52</Id><Topic><Title>30 is here Wotow and Hawcreek Aholes</Title><Username>cameleonman</Username><Timestamp>1362499895233</Timestamp><DateTime>Tue, 2013-03-05 11:11:35 EST</DateTime></Topic><Msg>"30 is here Wotow and Hawcreek Aholes" For what stock, dim bulb? At 28.38 you're still short of the 28.50 you predicted for the week after earnings. Your 30.00 and 32.00 predictions are still miles away. 28.38 +0.23 +(0.83%) 12:10PM EST - Nasdaq Real Time Price</Msg><Username>predisposable_nym_01</Username><Timestamp>1362503893670</Timestamp><DateTime>Tue, 2013-03-05 12:18:13 EST</DateTime><ThumbUp>1</ThumbUp><ThumbDown>2</ThumbDown><Sentiment>Strong Sell</Sentiment></Message><Message type="ReplyMessage"><Id>1362504107350-53</Id><Topic><Title>GOOGLE GLASS.......and HIMX</Title><Username>cticonfire</Username><Timestamp>1362501471019</Timestamp><DateTime>Tue, 2013-03-05 11:37:51 EST</DateTime></Topic><Msg>spend twice as much on current phone and tablet strategy,,,,,,,,,,,,,</Msg><Username>corneliusflake</Username><Timestamp>1362504107350</Timestamp><DateTime>Tue, 2013-03-05 12:21:47 EST</DateTime><ThumbUp>0</ThumbUp><ThumbDown>0</ThumbDown><Sentiment/></Message><Message type="TopicMessage"><Id>1362504123147-54</Id><Title>MSFT confirmed breakout</Title><Msg>after almost 4 months of bottoming we get a confirmed breakout above 28.29 today BREAKOUT CONFIRMED breakout above 28.29, no resistance in area just above. Type: True breakout from triple+ resistance. Target: 29.67, 4.4% Stop: 27.92, Loss: 1.8%, Profit/Loss ratio: 2.4 : 1 - Good CURRENT PRICE 28.43, just above resistance, 28 ± 0.28, type triple+, strength 10 RESISTANCE ABOVE +4.2% at 29.63 ± 0.3, type triple+, strength 10 +7.6% at 30.58 ± 0.31, type triple, strength 3 +10% at 31.27 ± 0.31, type single, strength 8</Msg><Username>postal9864</Username><Timestamp>1362504123147</Timestamp><DateTime>Tue, 2013-03-05 12:22:03 EST</DateTime><ThumbUp>0</ThumbUp><ThumbDown>1</ThumbDown><Sentiment/></Message><Message type="ReplyMessage"><Id>1362504188063-55</Id><Topic><Title>Optimistic news !</Title><Username>andrson.jack</Username><Timestamp>1362438004231</Timestamp><DateTime>Mon, 2013-03-04 18:00:04 EST</DateTime></Topic><Msg>moldy cheese!</Msg><Username>corneliusflake</Username><Timestamp>1362504188063</Timestamp><DateTime>Tue, 2013-03-05 12:23:08 EST</DateTime><ThumbUp>1</ThumbUp><ThumbDown>0</ThumbDown><Sentiment/></Message><Message type="ReplyMessage"><Id>1362504572844-56</Id><Topic><Title>Optimistic news !</Title><Username>andrson.jack</Username><Timestamp>1362438004231</Timestamp><DateTime>Mon, 2013-03-04 18:00:04 EST</DateTime></Topic><Msg>"This news story could send MSGT much higher! " MSGT? What Master Sergeant are you babbling about, spam boy...?</Msg><Username>predisposable_nym_01</Username><Timestamp>1362504572844</Timestamp><DateTime>Tue, 2013-03-05 12:29:32 EST</DateTime><ThumbUp>1</ThumbUp><ThumbDown>2</ThumbDown><Sentiment>Strong Sell</Sentiment></Message><Message type="TopicMessage"><Id>1362505158010-57</Id><Title>Who Set The CEO Salary</Title><Msg>The board we all know that, who gives the board their salaries most CEO's do - well well</Msg><Username>willstand99</Username><Timestamp>1362505158010</Timestamp><DateTime>Tue, 2013-03-05 12:39:18 EST</DateTime><ThumbUp>0</ThumbUp><ThumbDown>0</ThumbDown><Sentiment/></Message><Message type="ReplyMessage"><Id>1362505555864-58</Id><Topic><Title>30 is here Wotow and Hawcreek Aholes</Title><Username>cameleonman</Username><Timestamp>1362499895233</Timestamp><DateTime>Tue, 2013-03-05 11:11:35 EST</DateTime></Topic><Msg>Probably wallyball in drag, and drunk as the proverbial skunk, so can't tell the difference between 28 and 30.</Msg><Username>wottowwottow</Username><Timestamp>1362505555864</Timestamp><DateTime>Tue, 2013-03-05 12:45:55 EST</DateTime><ThumbUp>1</ThumbUp><ThumbDown>1</ThumbDown><Sentiment/></Message><Message type="ReplyMessage"><Id>1362507238215-59</Id><Topic><Title>If we're in a robust recovery as Obamaphites lie, why does Bernanke need to keep buying bonds</Title><Username>hawcreek12</Username><Timestamp>1362499971004</Timestamp><DateTime>Tue, 2013-03-05 11:12:51 EST</DateTime></Topic><Msg>Didn't Ben go to Harvard? Two pees in a liberal pod. And you can bet Ben had no other choice than to keep buying our debt, and propping up the market. Another thought that I had was given the market would tank, there is a lot of union pension money in those dangerous funds that contained smelly suprime loans that were bundled up, and ruining the entire bundle. They sure didn't want them to go under.</Msg><Username>joedokes45</Username><Timestamp>1362507238215</Timestamp><DateTime>Tue, 2013-03-05 13:13:58 EST</DateTime><ThumbUp>3</ThumbUp><ThumbDown>4</ThumbDown><Sentiment/></Message><Message type="TopicMessage"><Id>1362508524239-60</Id><Title>Android Smartphones Generate the Highest Share of Web Traffic</Title><Msg>Google it...</Msg><Username>wottowwottow</Username><Timestamp>1362508524239</Timestamp><DateTime>Tue, 2013-03-05 13:35:24 EST</DateTime><ThumbUp>3</ThumbUp><ThumbDown>1</ThumbDown><Sentiment/></Message><Message type="ReplyMessage"><Id>1362508700188-61</Id><Topic><Title>13 Indicator MSFT Research Report</Title><Username>freddie.lucas</Username><Timestamp>1362070677730</Timestamp><DateTime>Thu, 2013-02-28 11:57:57 EST</DateTime></Topic><Msg>solid information</Msg><Username>hollandjohn633</Username><Timestamp>1362508700188</Timestamp><DateTime>Tue, 2013-03-05 13:38:20 EST</DateTime><ThumbUp>0</ThumbUp><ThumbDown>1</ThumbDown><Sentiment/></Message><Message type="ReplyMessage"><Id>1362508991750-62</Id><Topic><Title>Top Analyst UPGRADES Microsoft [MUST SEE REPORT]</Title><Username>reeves.cliff</Username><Timestamp>1361450240958</Timestamp><DateTime>Thu, 2013-02-21 07:37:20 EST</DateTime></Topic><Msg>thanks for sharing</Msg><Username>nathanbaggett405</Username><Timestamp>1362508991750</Timestamp><DateTime>Tue, 2013-03-05 13:43:11 EST</DateTime><ThumbUp>0</ThumbUp><ThumbDown>1</ThumbDown><Sentiment/></Message><Message type="ReplyMessage"><Id>1362509848282-63</Id><Topic><Title>In Depth MSFT Research Report .</Title><Username>barry.white95</Username><Timestamp>1362317833519</Timestamp><DateTime>Sun, 2013-03-03 08:37:13 EST</DateTime></Topic><Msg>Thank you !!</Msg><Username>bryant_miller</Username><Timestamp>1362509848282</Timestamp><DateTime>Tue, 2013-03-05 13:57:28 EST</DateTime><ThumbUp>0</ThumbUp><ThumbDown>2</ThumbDown><Sentiment/></Message><Message type="ReplyMessage"><Id>1362510293757-64</Id><Topic><Title>Dow Hits All-Time High ...</Title><Username>cyber_critiquer</Username><Timestamp>1362504060844</Timestamp><DateTime>Tue, 2013-03-05 12:21:00 EST</DateTime></Topic><Msg>Only a braindead lib sees the connection between a Presidents support for policies, and the DOW Ave. Ben, and the fascist buying up our massive debt Obama created, and devaluing the dollar is the cause of the DOW rise.</Msg><Username>joedokes45</Username><Timestamp>1362510293757</Timestamp><DateTime>Tue, 2013-03-05 14:04:53 EST</DateTime><ThumbUp>6</ThumbUp><ThumbDown>10</ThumbDown><Sentiment/></Message><Message type="ReplyMessage"><Id>1362510713555-65</Id><Topic><Title>13 Indicator MSFT Research Report</Title><Username>freddie.lucas</Username><Timestamp>1362070677730</Timestamp><DateTime>Thu, 2013-02-28 11:57:57 EST</DateTime></Topic><Msg>interesting</Msg><Username>alfred.mcwilliams</Username><Timestamp>1362510713555</Timestamp><DateTime>Tue, 2013-03-05 14:11:53 EST</DateTime><ThumbUp>0</ThumbUp><ThumbDown>1</ThumbDown><Sentiment/></Message><Message type="TopicMessage"><Id>1362510856557-66</Id><Title>If MSFT starts trading at ORCL pe ratio, then MSFT should be trading around ~$37</Title><Msg>MSFT has very low pe ration compared to other software industries. IMO, MSFT has more potential then ORCL.</Msg><Username>dell_stk</Username><Timestamp>1362510856557</Timestamp><DateTime>Tue, 2013-03-05 14:14:16 EST</DateTime><ThumbUp>1</ThumbUp><ThumbDown>1</ThumbDown><Sentiment>Strong Buy</Sentiment></Message><Message type="ReplyMessage"><Id>1362510956758-67</Id><Topic><Title>If MSFT starts trading at ORCL pe ratio, then MSFT should be trading around ~$37</Title><Username>dell_stk</Username><Timestamp>1362510856557</Timestamp><DateTime>Tue, 2013-03-05 14:14:16 EST</DateTime></Topic><Msg>I meant MSFT has more potential than ORCL! PE ratio is very low in spite of so many cool products in the offering.</Msg><Username>dell_stk</Username><Timestamp>1362510956758</Timestamp><DateTime>Tue, 2013-03-05 14:15:56 EST</DateTime><ThumbUp>0</ThumbUp><ThumbDown>1</ThumbDown><Sentiment>Strong Buy</Sentiment></Message><Message type="ReplyMessage"><Id>1362511045207-68</Id><Topic><Title>30 is here Wotow and Hawcreek Aholes</Title><Username>cameleonman</Username><Timestamp>1362499895233</Timestamp><DateTime>Tue, 2013-03-05 11:11:35 EST</DateTime></Topic><Msg>wonton the ugly linix shill hate Troll is a total waste of bandwidth, best to put it on Ignore shet filter like the rest of the Sux malcontents.</Msg><Username>williamdavis960</Username><Timestamp>1362511045207</Timestamp><DateTime>Tue, 2013-03-05 14:17:25 EST</DateTime><ThumbUp>0</ThumbUp><ThumbDown>2</ThumbDown><Sentiment/></Message><Message type="ReplyMessage"><Id>1362511583749-69</Id><Topic><Title>Dow Hits All-Time High ...</Title><Username>cyber_critiquer</Username><Timestamp>1362504060844</Timestamp><DateTime>Tue, 2013-03-05 12:21:00 EST</DateTime></Topic><Msg>Up To Top</Msg><Username>droolingmongoloid</Username><Timestamp>1362511583749</Timestamp><DateTime>Tue, 2013-03-05 14:26:23 EST</DateTime><ThumbUp>0</ThumbUp><ThumbDown>0</ThumbDown><Sentiment/></Message><Message type="ReplyMessage"><Id>1362511935354-70</Id><Topic><Title>30 is here Wotow and Hawcreek Aholes</Title><Username>cameleonman</Username><Timestamp>1362499895233</Timestamp><DateTime>Tue, 2013-03-05 11:11:35 EST</DateTime></Topic><Msg>"shill hate Troll is a total waste of bandwidth" Indeed you are, Billy Boy, indeed you are. Wipe that foam of your lips, Billy. Oh... wait... Is that wally's "foam"? Thought so...</Msg><Username>predisposable_nym_01</Username><Timestamp>1362511935354</Timestamp><DateTime>Tue, 2013-03-05 14:32:15 EST</DateTime><ThumbUp>0</ThumbUp><ThumbDown>2</ThumbDown><Sentiment>Strong Sell</Sentiment></Message><Message type="ReplyMessage"><Id>1362512063061-71</Id><Topic><Title>30 is here Wotow and Hawcreek Aholes</Title><Username>cameleonman</Username><Timestamp>1362499895233</Timestamp><DateTime>Tue, 2013-03-05 11:11:35 EST</DateTime></Topic><Msg>"We going higher!" You're "high" enough already, Billy Boy. Smoking that junk has rendered you null and void...</Msg><Username>predisposable_nym_01</Username><Timestamp>1362512063061</Timestamp><DateTime>Tue, 2013-03-05 14:34:23 EST</DateTime><ThumbUp>0</ThumbUp><ThumbDown>1</ThumbDown><Sentiment>Strong Sell</Sentiment></Message><Message type="TopicMessage"><Id>1362513920683-72</Id><Title>Nothing like having you ars handed to you.</Title><Msg>...Windows Phone...</Msg><Username>parapilotpeg</Username><Timestamp>1362513920683</Timestamp><DateTime>Tue, 2013-03-05 15:05:20 EST</DateTime><ThumbUp>1</ThumbUp><ThumbDown>2</ThumbDown><Sentiment/></Message><Message type="ReplyMessage"><Id>1362514287503-73</Id><Topic><Title>13 Indicator MSFT Research Report</Title><Username>freddie.lucas</Username><Timestamp>1362070677730</Timestamp><DateTime>Thu, 2013-02-28 11:57:57 EST</DateTime></Topic><Msg>really helpful</Msg><Username>shurtzruben</Username><Timestamp>1362514287503</Timestamp><DateTime>Tue, 2013-03-05 15:11:27 EST</DateTime><ThumbUp>0</ThumbUp><ThumbDown>1</ThumbDown><Sentiment/></Message><Message type="ReplyMessage"><Id>1362517648728-74</Id><Topic><Title>13 Indicator MSFT Research Report</Title><Username>freddie.lucas</Username><Timestamp>1362070677730</Timestamp><DateTime>Thu, 2013-02-28 11:57:57 EST</DateTime></Topic><Msg>Thanks for sharing</Msg><Username>danielsummerlin</Username><Timestamp>1362517648728</Timestamp><DateTime>Tue, 2013-03-05 16:07:28 EST</DateTime><ThumbUp>0</ThumbUp><ThumbDown>1</ThumbDown><Sentiment/></Message><Message type="ReplyMessage"><Id>1362519234432-75</Id><Topic><Title>Nothing like having you ars handed to you.</Title><Username>parapilotpeg</Username><Timestamp>1362513920683</Timestamp><DateTime>Tue, 2013-03-05 15:05:20 EST</DateTime></Topic><Msg>i thought it smell funny!</Msg><Username>corneliusflake</Username><Timestamp>1362519234432</Timestamp><DateTime>Tue, 2013-03-05 16:33:54 EST</DateTime><ThumbUp>0</ThumbUp><ThumbDown>1</ThumbDown><Sentiment/></Message><Message type="ReplyMessage"><Id>1362520338756-76</Id><Topic><Title>13 Indicator MSFT Research Report</Title><Username>freddie.lucas</Username><Timestamp>1362070677730</Timestamp><DateTime>Thu, 2013-02-28 11:57:57 EST</DateTime></Topic><Msg>just received this report</Msg><Username>follettdonald</Username><Timestamp>1362520338756</Timestamp><DateTime>Tue, 2013-03-05 16:52:18 EST</DateTime><ThumbUp>0</ThumbUp><ThumbDown>1</ThumbDown><Sentiment/></Message><Message type="ReplyMessage"><Id>1362522208045-77</Id><Topic><Title>Top Analyst UPGRADES Microsoft [MUST SEE REPORT]</Title><Username>reeves.cliff</Username><Timestamp>1361450240958</Timestamp><DateTime>Thu, 2013-02-21 07:37:20 EST</DateTime></Topic><Msg>I subscribed</Msg><Username>briannatale326</Username><Timestamp>1362522208045</Timestamp><DateTime>Tue, 2013-03-05 17:23:28 EST</DateTime><ThumbUp>0</ThumbUp><ThumbDown>2</ThumbDown><Sentiment/></Message><Message type="ReplyMessage"><Id>1362522353436-78</Id><Topic><Title>-##- MSFT Insiders SELLING?! (SHOCKING REPORT) -##-</Title><Username>jackbutler221</Username><Timestamp>1361379840543</Timestamp><DateTime>Wed, 2013-02-20 12:04:00 EST</DateTime></Topic><Msg>good report.</Msg><Username>connorgray779</Username><Timestamp>1362522353436</Timestamp><DateTime>Tue, 2013-03-05 17:25:53 EST</DateTime><ThumbUp>0</ThumbUp><ThumbDown>2</ThumbDown><Sentiment/></Message><Message type="ReplyMessage"><Id>1362522897378-79</Id><Topic><Title>-- -- The TRUTH about MSFT (COULD BE A SCAM!) -- --</Title><Username>riley_sanchez</Username><Timestamp>1361483962994</Timestamp><DateTime>Thu, 2013-02-21 16:59:22 EST</DateTime></Topic><Msg>Great update.</Msg><Username>connorgray779</Username><Timestamp>1362522897378</Timestamp><DateTime>Tue, 2013-03-05 17:34:57 EST</DateTime><ThumbUp>0</ThumbUp><ThumbDown>3</ThumbDown><Sentiment/></Message><Message type="ReplyMessage"><Id>1362523237055-80</Id><Topic><Title>13 Indicator MSFT Research Report</Title><Username>freddie.lucas</Username><Timestamp>1362070677730</Timestamp><DateTime>Thu, 2013-02-28 11:57:57 EST</DateTime></Topic><Msg>interesting</Msg><Username>parker_jeffrey</Username><Timestamp>1362523237055</Timestamp><DateTime>Tue, 2013-03-05 17:40:37 EST</DateTime><ThumbUp>0</ThumbUp><ThumbDown>2</ThumbDown><Sentiment/></Message><Message type="ReplyMessage"><Id>1362525034896-81</Id><Topic><Title>Android Smartphones Generate the Highest Share of Web Traffic</Title><Username>wottowwottow</Username><Timestamp>1362508524239</Timestamp><DateTime>Tue, 2013-03-05 13:35:24 EST</DateTime></Topic><Msg>royalPERIODpingdomDOTcom /2013/02/25/ginormous-android/ Has pictures too! But here is the takeaway: There is no denying that Android, Google’s operating system for mobile devices, is big. For example, Android is the OS on 42% of all consumer compute devices. In terms of smartphone web traffic, Android leads the way, but perhaps not in the same crushing way as in other areas. Web traffic is interesting, because it gives us an indication of the actual use of smartphones. Looking at the past four years, Android is the only mobile OS that has been constantly growing in use. Currently, Android’s share of smartphone web traffic stands at 37%. For the last year, it looks as this is going to be a two-horse race between Android and iOS. All the other mobile operation systems seem do be doomed to a slow death, getting used less and less. In terms of sales, the two biggest markets for Android and iOS devices are China and the USA. The leading OS in both these markets is Android. In fact, the same is true for all five top Android and iOS markets. Android’s progress in China does not get any less impressive when you consider that China recently passed the USA as the biggest market for Android and iOS devices. In just a year, from Q4 2011 to Q4 2012, the worldwide smartphone market grew by almost 40%. However, Android in the same time period, grew by an amazing 88%. Here are some other numbers worth noting: For Q4 2012, the worldwide market for smartphones was 208 million devices. Out of this, Android’s share was 144.7 million smartphones and iOS accounted for 43.5 million smartphones. Shipments of iOS smartphones increased by about 23%. For all other mobile operating systems, it looks bleak. Their combined share is down from 25% to 10%.</Msg><Username>fan_tazer</Username><Timestamp>1362525034896</Timestamp><DateTime>Tue, 2013-03-05 18:10:34 EST</DateTime><ThumbUp>1</ThumbUp><ThumbDown>0</ThumbDown><Sentiment/></Message><Message type="ReplyMessage"><Id>1362525647049-82</Id><Topic><Title>Android Smartphones Generate the Highest Share of Web Traffic</Title><Username>wottowwottow</Username><Timestamp>1362508524239</Timestamp><DateTime>Tue, 2013-03-05 13:35:24 EST</DateTime></Topic><Msg>Bad news for Microsoft. Microsoft needs to succeed in mobile computing, if not dominate. That sounds like there's no prospect for any degree of success for Microsoft.</Msg><Username>wottowwottow</Username><Timestamp>1362525647049</Timestamp><DateTime>Tue, 2013-03-05 18:20:47 EST</DateTime><ThumbUp>2</ThumbUp><ThumbDown>0</ThumbDown><Sentiment/></Message><Message type="ReplyMessage"><Id>1362526998899-83</Id><Topic><Title>Android Smartphones Generate the Highest Share of Web Traffic</Title><Username>wottowwottow</Username><Timestamp>1362508524239</Timestamp><DateTime>Tue, 2013-03-05 13:35:24 EST</DateTime></Topic><Msg>*Any* degree of success? What about negative success? Except for a couple quarters they've been achieving that since 2007!</Msg><Username>fan_tazer</Username><Timestamp>1362526998899</Timestamp><DateTime>Tue, 2013-03-05 18:43:18 EST</DateTime><ThumbUp>1</ThumbUp><ThumbDown>0</ThumbDown><Sentiment/></Message><Message type="TopicMessage"><Id>1362527707550-84</Id><Title>hawfeces a product of incest!</Title><Msg>Very disturbing.....VERY disturbing. It explains a lot though.</Msg><Username>fart_tubes</Username><Timestamp>1362527707550</Timestamp><DateTime>Tue, 2013-03-05 18:55:07 EST</DateTime><ThumbUp>1</ThumbUp><ThumbDown>2</ThumbDown><Sentiment/></Message><Message type="TopicMessage"><Id>1362528215459-85</Id><Title>bing is</Title><Msg>a bid waste of time they have no contact neither does this thing but msn charges for all their news stories. their commercials are the lieinest thing I ve ever seen. they got me to try it and I ve decided cr a p</Msg><Username>blacklicorice1234</Username><Timestamp>1362528215459</Timestamp><DateTime>Tue, 2013-03-05 19:03:35 EST</DateTime><ThumbUp>0</ThumbUp><ThumbDown>0</ThumbDown><Sentiment/></Message><Message type="TopicMessage"><Id>1362528219049-86</Id><Title>Apple going to buy Yahoo and drive the final stake in Microsoft</Title><Msg>Should have bought em when you had the chance. Hey, how is that surface going for ya?</Msg><Username>hammer_zone</Username><Timestamp>1362528219049</Timestamp><DateTime>Tue, 2013-03-05 19:03:39 EST</DateTime><ThumbUp>0</ThumbUp><ThumbDown>2</ThumbDown><Sentiment/></Message><Message type="TopicMessage"><Id>1362529125792-87</Id><Title>Listen motley fool, analyst......</Title><Msg>There are a lot of people that want adapt to using the smartphone... a lap top is far superior for work and play and allways will be. I would never give up my laptop for a phone with a tiny screen.</Msg><Username>richeydouglas</Username><Timestamp>1362529125792</Timestamp><DateTime>Tue, 2013-03-05 19:18:45 EST</DateTime><ThumbUp>0</ThumbUp><ThumbDown>0</ThumbDown><Sentiment/></Message><Message type="TopicMessage"><Id>1362529297512-88</Id><Title>Linux now on 42% of consumer computing devices</Title><Msg>Google it...</Msg><Username>wottowwottow</Username><Timestamp>1362529297512</Timestamp><DateTime>Tue, 2013-03-05 19:21:37 EST</DateTime><ThumbUp>4</ThumbUp><ThumbDown>1</ThumbDown><Sentiment/></Message><Message type="TopicMessage"><Id>1362530173226-89</Id><Title>Goldman Sachs: Microsoft has gone from 97 percent share of compute market to 20 percent</Title><Msg>Google it...</Msg><Username>wottowwottow</Username><Timestamp>1362530173226</Timestamp><DateTime>Tue, 2013-03-05 19:36:13 EST</DateTime><ThumbUp>2</ThumbUp><ThumbDown>1</ThumbDown><Sentiment/></Message><Message type="ReplyMessage"><Id>1362530661938-90</Id><Topic><Title>Listen motley fool, analyst......</Title><Username>richeydouglas</Username><Timestamp>1362529125792</Timestamp><DateTime>Tue, 2013-03-05 19:18:45 EST</DateTime></Topic><Msg>That depends entirely on what the work is.</Msg><Username>wottowwottow</Username><Timestamp>1362530661938</Timestamp><DateTime>Tue, 2013-03-05 19:44:21 EST</DateTime><ThumbUp>1</ThumbUp><ThumbDown>1</ThumbDown><Sentiment/></Message><Message type="ReplyMessage"><Id>1362531487209-91</Id><Topic><Title>hawfeces a product of incest!</Title><Username>fart_tubes</Username><Timestamp>1362527707550</Timestamp><DateTime>Tue, 2013-03-05 18:55:07 EST</DateTime></Topic><Msg>I find your alias more disturbing,get help ASAP!</Msg><Username>williamdavis960</Username><Timestamp>1362531487209</Timestamp><DateTime>Tue, 2013-03-05 19:58:07 EST</DateTime><ThumbUp>0</ThumbUp><ThumbDown>1</ThumbDown><Sentiment>Strong Buy</Sentiment></Message><Message type="ReplyMessage"><Id>1362535169066-92</Id><Topic><Title>Top Analyst UPGRADES Microsoft [MUST SEE REPORT]</Title><Username>reeves.cliff</Username><Timestamp>1361450240958</Timestamp><DateTime>Thu, 2013-02-21 07:37:20 EST</DateTime></Topic><Msg>DANGEROUS SCAM REPORTED !</Msg><Username>alphonite</Username><Timestamp>1362535169066</Timestamp><DateTime>Tue, 2013-03-05 20:59:29 EST</DateTime><ThumbUp>1</ThumbUp><ThumbDown>0</ThumbDown><Sentiment/></Message><Message type="ReplyMessage"><Id>1362535888230-93</Id><Topic><Title>The unemployment rate?</Title><Username>hawcreek12</Username><Timestamp>1362534470621</Timestamp><DateTime>Tue, 2013-03-05 20:47:50 EST</DateTime></Topic><Msg>Clearly you're a product of incest. That's a very disturbing fact. It explains your behavior though.</Msg><Username>fart_tubes</Username><Timestamp>1362535888230</Timestamp><DateTime>Tue, 2013-03-05 21:11:28 EST</DateTime><ThumbUp>2</ThumbUp><ThumbDown>3</ThumbDown><Sentiment/></Message><Message type="ReplyMessage"><Id>1362540933469-94</Id><Topic><Title>Dow Hits All-Time High ...</Title><Username>cyber_critiquer</Username><Timestamp>1362504060844</Timestamp><DateTime>Tue, 2013-03-05 12:21:00 EST</DateTime></Topic><Msg>So why is MSFT still trading in the 25-28 range after more than a decade? MSFT is Dead Money.</Msg><Username>papa.weelee</Username><Timestamp>1362540933469</Timestamp><DateTime>Tue, 2013-03-05 22:35:33 EST</DateTime><ThumbUp>0</ThumbUp><ThumbDown>0</ThumbDown><Sentiment/></Message><Message type="ReplyMessage"><Id>1362540999732-95</Id><Topic><Title>Linux now on 42% of consumer computing devices</Title><Username>wottowwottow</Username><Timestamp>1362529297512</Timestamp><DateTime>Tue, 2013-03-05 19:21:37 EST</DateTime></Topic><Msg>Google uses Linux for it's search engine servers.</Msg><Username>papa.weelee</Username><Timestamp>1362540999732</Timestamp><DateTime>Tue, 2013-03-05 22:36:39 EST</DateTime><ThumbUp>5</ThumbUp><ThumbDown>1</ThumbDown><Sentiment/></Message><Message type="ReplyMessage"><Id>1362541052954-96</Id><Topic><Title>The unemployment rate?</Title><Username>hawcreek12</Username><Timestamp>1362534470621</Timestamp><DateTime>Tue, 2013-03-05 20:47:50 EST</DateTime></Topic><Msg>Steve Ballmer should join the ranks of the Unemployed.</Msg><Username>papa.weelee</Username><Timestamp>1362541052954</Timestamp><DateTime>Tue, 2013-03-05 22:37:32 EST</DateTime><ThumbUp>1</ThumbUp><ThumbDown>1</ThumbDown><Sentiment/></Message><Message type="ReplyMessage"><Id>1362541143759-97</Id><Topic><Title>30 is here Wotow and Hawcreek Aholes</Title><Username>cameleonman</Username><Timestamp>1362499895233</Timestamp><DateTime>Tue, 2013-03-05 11:11:35 EST</DateTime></Topic><Msg>MSFT still trading at 25-25 after more than a decade.</Msg><Username>papa.weelee</Username><Timestamp>1362541143759</Timestamp><DateTime>Tue, 2013-03-05 22:39:03 EST</DateTime><ThumbUp>0</ThumbUp><ThumbDown>1</ThumbDown><Sentiment/></Message><Message type="TopicMessage"><Id>1362541595841-98</Id><Title>Windows 8 Sales Grind to a Halt</Title><Msg>An article from Motley Fool says: "Four months after being released into the wild, no one seems to care that Microsoft (NASDAQ: MSFT ) Windows 8 has been desperately trying to reinvent the desktop PC experience. According to Net Applications, February was a downright awful month for Windows 8; it only gained 0.4% more of the desktop PC market. Since its debut, Windows 8 has only picked up an embarrassingly low 2.67% market share. For those keeping track at home, this pace is so awful that Microsoft Vista actually commanded more of the market after the same amount of time. Yikes. Considering that 65% of Windows-based PC sales are based on consumer spending, there's no possible way this development could be a good thing for Microsoft investors looking for share appreciation."</Msg><Username>papa.weelee</Username><Timestamp>1362541595841</Timestamp><DateTime>Tue, 2013-03-05 22:46:35 EST</DateTime><ThumbUp>3</ThumbUp><ThumbDown>3</ThumbDown><Sentiment/></Message></Date>