<?xml version="1.0" encoding="UTF-8" standalone="no"?><Date date="2013-06-15"><Message type="ReplyMessage"><Id>1371270736995-1</Id><Topic><Title>NBC just featured a former Interior Designer now working at McDonalds</Title><Username>an_obama_nation</Username><Timestamp>1371250133114</Timestamp><DateTime>Fri, 2013-06-14 18:48:53 EDT</DateTime></Topic><Msg>"so those type people work at McDonalds" I'm glad to see that a Talented person is training you.</Msg><Username>hawcreeks_world</Username><Timestamp>1371270736995</Timestamp><DateTime>Sat, 2013-06-15 00:32:16 EDT</DateTime><ThumbUp>0</ThumbUp><ThumbDown>1</ThumbDown><Sentiment/></Message><Message type="ReplyMessage"><Id>1371271499710-2</Id><Topic><Title>NBC just featured a former Interior Designer now working at McDonalds</Title><Username>an_obama_nation</Username><Timestamp>1371250133114</Timestamp><DateTime>Fri, 2013-06-14 18:48:53 EDT</DateTime></Topic><Msg>when Bernanke said Obamas policies do not support a recovery, certainly everyone understands that the 8% payroll tax is killing job growth. Falling unemployment is only due to benefits running out and those people are just not counted. PEs in general are going higher earnings or sales growth is slowing across the board. I suspect we are sliding back into a depression. Payroll tax is going to do it. A very poor bit of legislation</Msg><Username>gregjanetommax</Username><Timestamp>1371271499710</Timestamp><DateTime>Sat, 2013-06-15 00:44:59 EDT</DateTime><ThumbUp>1</ThumbUp><ThumbDown>3</ThumbDown><Sentiment/></Message><Message type="ReplyMessage"><Id>1371285297936-3</Id><Topic><Title>NBC just featured a former Interior Designer now working at McDonalds</Title><Username>an_obama_nation</Username><Timestamp>1371250133114</Timestamp><DateTime>Fri, 2013-06-14 18:48:53 EDT</DateTime></Topic><Msg>"I'm glad to see that a Talented person is training you." If I were working at McDonalds, you would be happy to hear a co worker was forced to take an entry level job because her more skilled training level is not supported by the pretend Obama recovery? Thank you for revealing what a heartless bunch the Obama crowd is, hawcaper, the end justifies any means, eh comrade? Read on for the new assault on the less wealthy.</Msg><Username>an_obama_nation</Username><Timestamp>1371285297936</Timestamp><DateTime>Sat, 2013-06-15 04:34:57 EDT</DateTime><ThumbUp>2</ThumbUp><ThumbDown>2</ThumbDown><Sentiment/></Message><Message type="TopicMessage"><Id>1371286335334-4</Id><Title>Obama policy grows gaps between haves and have nots in home ownership.</Title><Msg>No doubt about it, due to the legacy our founders left us, the average MODERN American still has more freedom and a higher standard of living than probably 97% of the people who have ever lived on this earth. Home ownership: I just sold a house to a young couple, it was at a fair retail price, probably saved them about 5% because they were referred to me by a friend so no sales commission was involved. They thanked me about a dozen times for "working with them" and "being patient with them", and they were prequalified, deal to closing was less than 5 weeks. What they meant is this, young couples who have good jobs and qualify for mortgages can't get a good deal. So many people cannot qualify for mortgages that many of the better quality entry level houses as sold cash to investors as rentals. They had been looking for two years and 6 months seriously. His aunt was a real estate agent who handled this transaction for them for free (at least nothing to me or recorded). They said that anytime they found a really nice house, close to fairly priced for the market, their bid was not considered, especially if bank owned and a bid that was assured for cash (sometimes even lower) was accepted. That problem could have been remedied 2-3 years ago. I have asked how so many with decent jobs, both of a couple working cannot get a $750 PITI mortgage but can afford to pay $1000 rent for month after month. I thought my case may be isolated because of location, but the WSJ ran a story saying the same thing last week, so it's got to be fairly common. The remaining Obama believers think he is progressive and a populist, which is a façade lie like most other things coming from this administration.</Msg><Username>an_obama_nation</Username><Timestamp>1371286335334</Timestamp><DateTime>Sat, 2013-06-15 04:52:15 EDT</DateTime><ThumbUp>2</ThumbUp><ThumbDown>1</ThumbDown><Sentiment/></Message><Message type="TopicMessage"><Id>1371288268007-5</Id><Title>Bestselling Laptop</Title><Msg>Amazon's #1 bestselling laptop does not run Windows 8. It's the Samsung Google Chromebook running Chrome OS and NO Metro Tiles! I'm using mine right now. Boots in only 7 seconds to the world's most popular browser Google Chrome. I have access to Google Docs, so I don't need Microsoft Office. Thin and light at only 2.4 lbs. 6.5 hrs of battery life too. Forget about big heavy 15 inch $500 laptops running Windows 8. The Samsung Google Chromebook is lighter, faster and cheaper at half the price.</Msg><Username>papa.weelee</Username><Timestamp>1371288268007</Timestamp><DateTime>Sat, 2013-06-15 05:24:28 EDT</DateTime><ThumbUp>2</ThumbUp><ThumbDown>1</ThumbDown><Sentiment>Strong Sell</Sentiment></Message><Message type="ReplyMessage"><Id>1371288319131-6</Id><Topic><Title>Office 360 subscribtions will explode because it now can be on the Iphone</Title><Username>seriouslynot</Username><Timestamp>1371219475919</Timestamp><DateTime>Fri, 2013-06-14 10:17:55 EDT</DateTime></Topic><Msg>Google Docs is FREE without a subscription.</Msg><Username>papa.weelee</Username><Timestamp>1371288319131</Timestamp><DateTime>Sat, 2013-06-15 05:25:19 EDT</DateTime><ThumbUp>2</ThumbUp><ThumbDown>0</ThumbDown><Sentiment>Strong Sell</Sentiment></Message><Message type="ReplyMessage"><Id>1371289692645-7</Id><Topic><Title>Bestselling Laptop</Title><Username>papa.weelee</Username><Timestamp>1371288268007</Timestamp><DateTime>Sat, 2013-06-15 05:24:28 EDT</DateTime></Topic><Msg>Another dissatisfied customer switches to something else. What will happen to Microsoft next April when they try to kill XP again? Microsoft already tried that with Vista in 2009 and won first place in the 2009 Fiasco Awards. Google it. People hated Vista so much, they started buying Linux Netbooks instead. Now Microsoft wants to kill XP with Windows 8? Sorry, but PC sales dropped 14% since Windows 8 was released.</Msg><Username>penguinx64</Username><Timestamp>1371289692645</Timestamp><DateTime>Sat, 2013-06-15 05:48:12 EDT</DateTime><ThumbUp>2</ThumbUp><ThumbDown>1</ThumbDown><Sentiment>Strong Sell</Sentiment></Message><Message type="ReplyMessage"><Id>1371299509269-8</Id><Topic><Title>Any math people out there?</Title><Username>ossobucco20l2</Username><Timestamp>1371240814183</Timestamp><DateTime>Fri, 2013-06-14 16:13:34 EDT</DateTime></Topic><Msg>whats the formula for the value at each session. V(n)=???? where n is the number of sessions.</Msg><Username>cfuryurself</Username><Timestamp>1371299509269</Timestamp><DateTime>Sat, 2013-06-15 08:31:49 EDT</DateTime><ThumbUp>0</ThumbUp><ThumbDown>0</ThumbDown><Sentiment/></Message><Message type="ReplyMessage"><Id>1371301105879-9</Id><Topic><Title>Any math people out there?</Title><Username>ossobucco20l2</Username><Timestamp>1371240814183</Timestamp><DateTime>Fri, 2013-06-14 16:13:34 EDT</DateTime></Topic><Msg>There's no such thing as sesions Inver heard of that, you lied. Obama lies about it too, whatever it is.</Msg><Username>hawrcreek12</Username><Timestamp>1371301105879</Timestamp><DateTime>Sat, 2013-06-15 08:58:25 EDT</DateTime><ThumbUp>0</ThumbUp><ThumbDown>0</ThumbDown><Sentiment/></Message><Message type="ReplyMessage"><Id>1371302190657-10</Id><Topic><Title>Any math people out there?</Title><Username>ossobucco20l2</Username><Timestamp>1371240814183</Timestamp><DateTime>Fri, 2013-06-14 16:13:34 EDT</DateTime></Topic><Msg>an_obama_nation's answer made far more sense than most others.</Msg><Username>wottowwottow</Username><Timestamp>1371302190657</Timestamp><DateTime>Sat, 2013-06-15 09:16:30 EDT</DateTime><ThumbUp>0</ThumbUp><ThumbDown>1</ThumbDown><Sentiment/></Message><Message type="ReplyMessage"><Id>1371302583385-11</Id><Topic><Title>Any math people out there?</Title><Username>ossobucco20l2</Username><Timestamp>1371240814183</Timestamp><DateTime>Fri, 2013-06-14 16:13:34 EDT</DateTime></Topic><Msg>From his statement, V(n) = V(n-1)*0.99 for n 1.</Msg><Username>wottowwottow</Username><Timestamp>1371302583385</Timestamp><DateTime>Sat, 2013-06-15 09:23:03 EDT</DateTime><ThumbUp>0</ThumbUp><ThumbDown>1</ThumbDown><Sentiment/></Message><Message type="ReplyMessage"><Id>1371302700198-12</Id><Topic><Title>Any math people out there?</Title><Username>ossobucco20l2</Username><Timestamp>1371240814183</Timestamp><DateTime>Fri, 2013-06-14 16:13:34 EDT</DateTime></Topic><Msg>That's n greater than 1 (Yahoo filters out "greater than" signs because they are also abused as delimiters in HTML and related markup).</Msg><Username>wottowwottow</Username><Timestamp>1371302700198</Timestamp><DateTime>Sat, 2013-06-15 09:25:00 EDT</DateTime><ThumbUp>0</ThumbUp><ThumbDown>1</ThumbDown><Sentiment/></Message><Message type="ReplyMessage"><Id>1371303389779-13</Id><Topic><Title>Bestselling Laptop</Title><Username>papa.weelee</Username><Timestamp>1371288268007</Timestamp><DateTime>Sat, 2013-06-15 05:24:28 EDT</DateTime></Topic><Msg>MSFT doesn't need any Stinking penguins !,this message brought to you by my wonderful WinDoze8..................</Msg><Username>williamdavis960</Username><Timestamp>1371303389779</Timestamp><DateTime>Sat, 2013-06-15 09:36:29 EDT</DateTime><ThumbUp>0</ThumbUp><ThumbDown>2</ThumbDown><Sentiment>Strong Buy</Sentiment></Message><Message type="ReplyMessage"><Id>1371303669734-14</Id><Topic><Title>Any math people out there?</Title><Username>ossobucco20l2</Username><Timestamp>1371240814183</Timestamp><DateTime>Fri, 2013-06-14 16:13:34 EDT</DateTime></Topic><Msg>wonton = STUPID Suxtard hate shill Troll is all the math you need to know on this board.</Msg><Username>williamdavis960</Username><Timestamp>1371303669734</Timestamp><DateTime>Sat, 2013-06-15 09:41:09 EDT</DateTime><ThumbUp>0</ThumbUp><ThumbDown>5</ThumbDown><Sentiment>Strong Buy</Sentiment></Message><Message type="ReplyMessage"><Id>1371308351223-15</Id><Topic><Title>Any math people out there?</Title><Username>ossobucco20l2</Username><Timestamp>1371240814183</Timestamp><DateTime>Fri, 2013-06-14 16:13:34 EDT</DateTime></Topic><Msg>Not if you are long this turd. Then you need to know how to subtract each day. Cheers. Osso</Msg><Username>ossobucco20l2</Username><Timestamp>1371308351223</Timestamp><DateTime>Sat, 2013-06-15 10:59:11 EDT</DateTime><ThumbUp>2</ThumbUp><ThumbDown>1</ThumbDown><Sentiment>Strong Sell</Sentiment></Message><Message type="ReplyMessage"><Id>1371308519566-16</Id><Topic><Title>Any math people out there?</Title><Username>ossobucco20l2</Username><Timestamp>1371240814183</Timestamp><DateTime>Fri, 2013-06-14 16:13:34 EDT</DateTime></Topic><Msg>Correct. It will always trade SOMEWHERE. Cheers. Osso</Msg><Username>ossobucco20l2</Username><Timestamp>1371308519566</Timestamp><DateTime>Sat, 2013-06-15 11:01:59 EDT</DateTime><ThumbUp>1</ThumbUp><ThumbDown>0</ThumbDown><Sentiment/></Message><Message type="ReplyMessage"><Id>1371309090035-17</Id><Topic><Title>Any math people out there?</Title><Username>ossobucco20l2</Username><Timestamp>1371240814183</Timestamp><DateTime>Fri, 2013-06-14 16:13:34 EDT</DateTime></Topic><Msg>Wow! The real Osso never got this kind of interest from ANYTHING he ever said! Not even from his therapist (or his momma). Cheers!!!!!!!!!!!</Msg><Username>smithersj1234</Username><Timestamp>1371309090035</Timestamp><DateTime>Sat, 2013-06-15 11:11:30 EDT</DateTime><ThumbUp>3</ThumbUp><ThumbDown>0</ThumbDown><Sentiment/></Message><Message type="ReplyMessage"><Id>1371313003965-18</Id><Topic><Title>NBC just featured a former Interior Designer now working at McDonalds</Title><Username>an_obama_nation</Username><Timestamp>1371250133114</Timestamp><DateTime>Fri, 2013-06-14 18:48:53 EDT</DateTime></Topic><Msg>"you would be happy to hear a co worker was forced to take an entry level job because her more skilled training level is not supported by the pretend Obama recovery?" First, lets thank Bush: "The downturn that started in December 2007 delivered a body blow to U.S. workers. In two years, the economy shed 7.2 million jobs, pushing the jobless rate from 5% to 10%, according to the Labor Department. " Now: Did you know that needed skills change over the years and older skill arn't needed ? Example: Remember all the Quick print shops, they used to be all over ? Where did they go ? You probably didn't even know that they dwindled down ... kinda like your talents.</Msg><Username>hawcreeks_world</Username><Timestamp>1371313003965</Timestamp><DateTime>Sat, 2013-06-15 12:16:43 EDT</DateTime><ThumbUp>0</ThumbUp><ThumbDown>1</ThumbDown><Sentiment/></Message><Message type="ReplyMessage"><Id>1371316437866-19</Id><Topic><Title>Any math people out there?</Title><Username>ossobucco20l2</Username><Timestamp>1371240814183</Timestamp><DateTime>Fri, 2013-06-14 16:13:34 EDT</DateTime></Topic><Msg>" I WAS OFF THE TOP A LITTLE OVER A YEAR....BUT CERTAINLY NO 986. 2 WRONG DON'T MAKE IT RIGHT. BUT.. 986 IS WAAAAAAAY WRONG" No, math moe, I said 459 days to delisting for $100 stock, exactly right for full days since one cannot round down and 986 days assume $100 or achieving less than 1/2% for percentages. You were not remotely close saying that would decline it nearly 1000%, a common mistake for those with no training. Leave math to adults who have been educated. The only mistake I made was not re reading the problem to 100% rather than $100 already admitted. I said (assuming $100): 'If you consider rounding to the nearest penny as zero for stock purposes it would be there in 986 days, but would be delisted earlier after 459 days when it dropped below a buck."</Msg><Username>an_obama_nation</Username><Timestamp>1371316437866</Timestamp><DateTime>Sat, 2013-06-15 13:13:57 EDT</DateTime><ThumbUp>2</ThumbUp><ThumbDown>3</ThumbDown><Sentiment/></Message><Message type="ReplyMessage"><Id>1371316753644-20</Id><Topic><Title>NBC just featured a former Interior Designer now working at McDonalds</Title><Username>an_obama_nation</Username><Timestamp>1371250133114</Timestamp><DateTime>Fri, 2013-06-14 18:48:53 EDT</DateTime></Topic><Msg>"First, lets thank Bush:" I do thank Bush for the 17 times he tried to head off this liberal experiment debacle, but he should have tried even harder. Now, hawcraper we have been applying Obama's "solution" for like 4 years and 6 months, and things have gotten significantly worse as to income disparity. Is there a time in years where you will admit failure, or do we have to keep borrowing and spending $3 to get $1 until bankruptcy for it to sink through your dense cranial shell?</Msg><Username>an_obama_nation</Username><Timestamp>1371316753644</Timestamp><DateTime>Sat, 2013-06-15 13:19:13 EDT</DateTime><ThumbUp>2</ThumbUp><ThumbDown>1</ThumbDown><Sentiment/></Message><Message type="TopicMessage"><Id>1371319957135-21</Id><Title>I just wish I had the skill set to work in the fast food industry.</Title><Msg>Instead of working at McDonalds I've has to accept lower level positions. I blame the disaster that is my life, all on Obama. It's Obama's fault I am the product of incest. Obama made me post on an anonymous message board for 13 years, 12 hours per day. When I'm not posting I watch re-runs of The Brady Bunch and jerk off. I blame it all on Obama. Obama. Obama. Obama.</Msg><Username>hawcreek2013</Username><Timestamp>1371319957135</Timestamp><DateTime>Sat, 2013-06-15 14:12:37 EDT</DateTime><ThumbUp>0</ThumbUp><ThumbDown>0</ThumbDown><Sentiment/></Message><Message type="ReplyMessage"><Id>1371323946246-22</Id><Topic><Title>NBC just featured a former Interior Designer now working at McDonalds</Title><Username>an_obama_nation</Username><Timestamp>1371250133114</Timestamp><DateTime>Fri, 2013-06-14 18:48:53 EDT</DateTime></Topic><Msg>NBC? I only watch FAUX News. NBC is a liberal bastion of socialism. I like to jerk off when Rush Limpballs #$%$ on the air.</Msg><Username>hawcreek2013</Username><Timestamp>1371323946246</Timestamp><DateTime>Sat, 2013-06-15 15:19:06 EDT</DateTime><ThumbUp>1</ThumbUp><ThumbDown>1</ThumbDown><Sentiment/></Message><Message type="ReplyMessage"><Id>1371327182662-23</Id><Topic><Title>XBOX ONE - The Day The World Changed Forever....</Title><Username>ossobucco2012</Username><Timestamp>1369158573053</Timestamp><DateTime>Tue, 2013-05-21 13:49:33 EDT</DateTime></Topic><Msg>Folks there has been a lot of BS last week how Sony is selling out on the Amazon blab blab blab.... Sony system is not even ready so all the suckers who are pumping POS4 and placing an order that will be cancelled are just a bunch of dummies, felons and fraudsters.... WE have a real Machine, It Works and Beats Sony or any other competitor by miles. Osso</Msg><Username>ossobucco2012</Username><Timestamp>1371327182662</Timestamp><DateTime>Sat, 2013-06-15 16:13:02 EDT</DateTime><ThumbUp>0</ThumbUp><ThumbDown>2</ThumbDown><Sentiment>Strong Buy</Sentiment></Message><Message type="ReplyMessage"><Id>1371327295469-24</Id><Topic><Title>WHY Windows will win this round as well....</Title><Username>ossobucco2012</Username><Timestamp>1368147359000</Timestamp><DateTime>Thu, 2013-05-09 20:55:59 EDT</DateTime></Topic><Msg>OUR earnings will do the talking as we hit $50.00 in Mid-July 2013. Osso</Msg><Username>ossobucco2012</Username><Timestamp>1371327295469</Timestamp><DateTime>Sat, 2013-06-15 16:14:55 EDT</DateTime><ThumbUp>1</ThumbUp><ThumbDown>2</ThumbDown><Sentiment>Strong Buy</Sentiment></Message><Message type="ReplyMessage"><Id>1371327380690-25</Id><Topic><Title>going LONG here, oh BILL GATES</Title><Username>stockmr</Username><Timestamp>1368549474411</Timestamp><DateTime>Tue, 2013-05-14 12:37:54 EDT</DateTime></Topic><Msg>DDDO</Msg><Username>joefearra</Username><Timestamp>1371327380690</Timestamp><DateTime>Sat, 2013-06-15 16:16:20 EDT</DateTime><ThumbUp>0</ThumbUp><ThumbDown>1</ThumbDown><Sentiment/></Message><Message type="ReplyMessage"><Id>1371327384058-26</Id><Topic><Title>WHY GS Is Betting Against MSFT....</Title><Username>ossobucco2012</Username><Timestamp>1369342746864</Timestamp><DateTime>Thu, 2013-05-23 16:59:06 EDT</DateTime></Topic><Msg>THE developers conference is fast approaching and more great news are on the way. Osso</Msg><Username>ossobucco2012</Username><Timestamp>1371327384058</Timestamp><DateTime>Sat, 2013-06-15 16:16:24 EDT</DateTime><ThumbUp>0</ThumbUp><ThumbDown>3</ThumbDown><Sentiment>Strong Buy</Sentiment></Message><Message type="ReplyMessage"><Id>1371327473595-27</Id><Topic><Title>MSFT valuation....</Title><Username>ossobucco2012</Username><Timestamp>1367458331128</Timestamp><DateTime>Wed, 2013-05-01 21:32:11 EDT</DateTime></Topic><Msg>WE will shock and awe the Market with our earnings Mid-July 2013. Osso</Msg><Username>ossobucco2012</Username><Timestamp>1371327473595</Timestamp><DateTime>Sat, 2013-06-15 16:17:53 EDT</DateTime><ThumbUp>0</ThumbUp><ThumbDown>2</ThumbDown><Sentiment>Strong Buy</Sentiment></Message><Message type="ReplyMessage"><Id>1371327550544-28</Id><Topic><Title>NBC just featured a former Interior Designer now working at McDonalds</Title><Username>an_obama_nation</Username><Timestamp>1371250133114</Timestamp><DateTime>Fri, 2013-06-14 18:48:53 EDT</DateTime></Topic><Msg>Somehow it does not surprise me in the least that hawcreek2013 aka 'Tard Baldy, San Francisco boi, has no skill set and pleasures himself to the sound of a male conservative's voice. He has had a sexual thing for male conservatives for 14 years that I am aware of.</Msg><Username>an_obama_nation</Username><Timestamp>1371327550544</Timestamp><DateTime>Sat, 2013-06-15 16:19:10 EDT</DateTime><ThumbUp>2</ThumbUp><ThumbDown>1</ThumbDown><Sentiment/></Message><Message type="ReplyMessage"><Id>1371330361337-29</Id><Topic><Title>NBC just featured a former Interior Designer now working at McDonalds</Title><Username>an_obama_nation</Username><Timestamp>1371250133114</Timestamp><DateTime>Fri, 2013-06-14 18:48:53 EDT</DateTime></Topic><Msg>"there is no recovery" We all know you had banners and marching bands waiting to credit Romney for the Obama recovery, starting his first day. That's what's eating at you. Alas to your hopes, it is Obama's twice the work that has paid off. The man is great. Why is he great you say? Because he is calm, and thinks, and weighs all the evidence before deciding. How lucky we are to have found him waiting in the wings to become one of the greatest Presidents in history. There, stick that thorn in your side.</Msg><Username>peppeek</Username><Timestamp>1371330361337</Timestamp><DateTime>Sat, 2013-06-15 17:06:01 EDT</DateTime><ThumbUp>1</ThumbUp><ThumbDown>1</ThumbDown><Sentiment/></Message><Message type="ReplyMessage"><Id>1371331148051-30</Id><Topic><Title>NBC just featured a former Interior Designer now working at McDonalds</Title><Username>an_obama_nation</Username><Timestamp>1371250133114</Timestamp><DateTime>Fri, 2013-06-14 18:48:53 EDT</DateTime></Topic><Msg>"Now, hawcraper we have been applying Obama's "solution" for like 4 years and 6 months, and things have gotten significantly worse as to income disparity." 4 Years ? You forgot about Bush's 8 year solution ... to have the Financial Disaster and Great Recession ... and pass it on ... and go into hiding.</Msg><Username>hawcreeks_world</Username><Timestamp>1371331148051</Timestamp><DateTime>Sat, 2013-06-15 17:19:08 EDT</DateTime><ThumbUp>0</ThumbUp><ThumbDown>2</ThumbDown><Sentiment/></Message><Message type="TopicMessage"><Id>1371331702835-31</Id><Title>If Ralph Nader wrote a book today would it be called</Title><Msg>Obama: "Incompetent at any speed" or Obama: "Incompetent on every level?" We need someone to force the hawcrapers of the world to face the reality that Obama has had his policy for 4.5 years and things have only gotten worse with income disparity. Fact, not speculation.</Msg><Username>an_obama_nation</Username><Timestamp>1371331702835</Timestamp><DateTime>Sat, 2013-06-15 17:28:22 EDT</DateTime><ThumbUp>2</ThumbUp><ThumbDown>1</ThumbDown><Sentiment/></Message><Message type="TopicMessage"><Id>1371332509664-32</Id><Title>Say XBox On</Title><Msg>You walk in the room and say XBOX on. You then get logged on by facial recognition. No hands so far. Say find Redskins VS Cowboys. It finds the game for you. You notice it looks different but better. That is because of the exclusive NFL content deal. Maybe you want to check out the Steven Spielberg exclusive show based on halo. Say Stephen Spielberg exclusive or whatever the hell they call it. Now you want to check a couple stocks and everyone in the room is talking so you pick up your Microsoft Phone and enter and navigate the quotes in the corner of the screen while the game still plays. You get a blu ray player, XBOX music &amp; Windows 8 app. You can run the apps right on your big screen tv. Wait it says incoming call from Susy. You say answer call and you are in a HD Skype group conference call right in your living room. Pretty exciting. It is XBOX ONE.</Msg><Username>ineedastock</Username><Timestamp>1371332509664</Timestamp><DateTime>Sat, 2013-06-15 17:41:49 EDT</DateTime><ThumbUp>0</ThumbUp><ThumbDown>1</ThumbDown><Sentiment>Strong Buy</Sentiment></Message><Message type="ReplyMessage"><Id>1371332667540-33</Id><Topic><Title>WINDOWS 8 IMPRESSIVE</Title><Username>lws2000</Username><Timestamp>1371224494771</Timestamp><DateTime>Fri, 2013-06-14 11:41:34 EDT</DateTime></Topic><Msg>Papa.peepee everything in the google cloud is malware laden and unsafe. That is the difference.</Msg><Username>ineedastock</Username><Timestamp>1371332667540</Timestamp><DateTime>Sat, 2013-06-15 17:44:27 EDT</DateTime><ThumbUp>0</ThumbUp><ThumbDown>1</ThumbDown><Sentiment/></Message><Message type="ReplyMessage"><Id>1371333744890-34</Id><Topic><Title>Say XBox On</Title><Username>ineedastock</Username><Timestamp>1371332509664</Timestamp><DateTime>Sat, 2013-06-15 17:41:49 EDT</DateTime></Topic><Msg>I don't like some MSFT policies on xbox1 like having to log on to the internet to validate games. If they don't change I'll probably go PS2 and drop my XBOX live acct. Halo is ok but nothing ever as exiciting as Halo 1. COD and Battlefield are also on PS2.</Msg><Username>aas62</Username><Timestamp>1371333744890</Timestamp><DateTime>Sat, 2013-06-15 18:02:24 EDT</DateTime><ThumbUp>1</ThumbUp><ThumbDown>2</ThumbDown><Sentiment/></Message><Message type="ReplyMessage"><Id>1371334047067-35</Id><Topic><Title>Any math people out there?</Title><Username>ossobucco20l2</Username><Timestamp>1371240814183</Timestamp><DateTime>Fri, 2013-06-14 16:13:34 EDT</DateTime></Topic><Msg>You said it was a stock price, did you not? Stock prices are stated in whole pennies, are they not?</Msg><Username>wottowwottow</Username><Timestamp>1371334047067</Timestamp><DateTime>Sat, 2013-06-15 18:07:27 EDT</DateTime><ThumbUp>1</ThumbUp><ThumbDown>0</ThumbDown><Sentiment/></Message><Message type="ReplyMessage"><Id>1371334446844-36</Id><Topic><Title>Say XBox On</Title><Username>ineedastock</Username><Timestamp>1371332509664</Timestamp><DateTime>Sat, 2013-06-15 17:41:49 EDT</DateTime></Topic><Msg>You have to pay extra to get Sony's rip off of motion sensing. You do not get Skype, XBOX Music, W8 browsing. XBOX ONE can monitor your heartbeat wirelessly. The XBOX has more to offer. If the log on is your problem, good luck and hope you like Sony's experience.</Msg><Username>ineedastock</Username><Timestamp>1371334446844</Timestamp><DateTime>Sat, 2013-06-15 18:14:06 EDT</DateTime><ThumbUp>0</ThumbUp><ThumbDown>1</ThumbDown><Sentiment/></Message><Message type="ReplyMessage"><Id>1371337983660-37</Id><Topic><Title>If Ralph Nader wrote a book today would it be called</Title><Username>an_obama_nation</Username><Timestamp>1371331702835</Timestamp><DateTime>Sat, 2013-06-15 17:28:22 EDT</DateTime></Topic><Msg>Bush had his policies for EIGHT (8) Years and look what happened ... Financial Disaster and Great Recession and since then "things have only gotten worse with income disparity. Fact, not speculation". Good thing Obama is on the job fixing Bush's Blunders.</Msg><Username>hawcreeks_world</Username><Timestamp>1371337983660</Timestamp><DateTime>Sat, 2013-06-15 19:13:03 EDT</DateTime><ThumbUp>1</ThumbUp><ThumbDown>0</ThumbDown><Sentiment/></Message><Message type="ReplyMessage"><Id>1371338398827-38</Id><Topic><Title>NBC just featured a former Interior Designer now working at McDonalds</Title><Username>an_obama_nation</Username><Timestamp>1371250133114</Timestamp><DateTime>Fri, 2013-06-14 18:48:53 EDT</DateTime></Topic><Msg>"4 Years ?" Well over 4 years. And it did not matter if there had been a hundred year reign before that you stupidly and incorrectly blame, IT'S GOTTEN MUCH WORSE UNDER Obama policy, DENSE MORON.</Msg><Username>an_obama_nation</Username><Timestamp>1371338398827</Timestamp><DateTime>Sat, 2013-06-15 19:19:58 EDT</DateTime><ThumbUp>2</ThumbUp><ThumbDown>1</ThumbDown><Sentiment/></Message><Message type="ReplyMessage"><Id>1371341089594-39</Id><Topic><Title>Any math people out there?</Title><Username>ossobucco20l2</Username><Timestamp>1371240814183</Timestamp><DateTime>Fri, 2013-06-14 16:13:34 EDT</DateTime></Topic><Msg>You are a dolt. Cheers. Osso</Msg><Username>ossobucco20l2</Username><Timestamp>1371341089594</Timestamp><DateTime>Sat, 2013-06-15 20:04:49 EDT</DateTime><ThumbUp>0</ThumbUp><ThumbDown>1</ThumbDown><Sentiment>Strong Sell</Sentiment></Message><Message type="ReplyMessage"><Id>1371341351136-40</Id><Topic><Title>MSFT valuation....</Title><Username>ossobucco2012</Username><Timestamp>1367458331128</Timestamp><DateTime>Wed, 2013-05-01 21:32:11 EDT</DateTime></Topic><Msg>Of course I've been (very) wrong before! Osso</Msg><Username>ossobucco20l2</Username><Timestamp>1371341351136</Timestamp><DateTime>Sat, 2013-06-15 20:09:11 EDT</DateTime><ThumbUp>1</ThumbUp><ThumbDown>0</ThumbDown><Sentiment>Strong Buy</Sentiment></Message><Message type="ReplyMessage"><Id>1371341443655-41</Id><Topic><Title>WHY GS Is Betting Against MSFT....</Title><Username>ossobucco2012</Username><Timestamp>1369342746864</Timestamp><DateTime>Thu, 2013-05-23 16:59:06 EDT</DateTime></Topic><Msg>Of course I are been wrong about this in the past! Osso</Msg><Username>ossobucco20l2</Username><Timestamp>1371341443655</Timestamp><DateTime>Sat, 2013-06-15 20:10:43 EDT</DateTime><ThumbUp>1</ThumbUp><ThumbDown>1</ThumbDown><Sentiment>Strong Buy</Sentiment></Message><Message type="ReplyMessage"><Id>1371341525715-42</Id><Topic><Title>WHY Windows will win this round as well....</Title><Username>ossobucco2012</Username><Timestamp>1368147359000</Timestamp><DateTime>Thu, 2013-05-09 20:55:59 EDT</DateTime></Topic><Msg>And of course $250 by Labor Day. Osso</Msg><Username>ossobucco20l2</Username><Timestamp>1371341525715</Timestamp><DateTime>Sat, 2013-06-15 20:12:05 EDT</DateTime><ThumbUp>0</ThumbUp><ThumbDown>2</ThumbDown><Sentiment>Strong Buy</Sentiment></Message><Message type="ReplyMessage"><Id>1371341688090-43</Id><Topic><Title>XBOX ONE - The Day The World Changed Forever....</Title><Username>ossobucco2012</Username><Timestamp>1369158573053</Timestamp><DateTime>Tue, 2013-05-21 13:49:33 EDT</DateTime></Topic><Msg>Or else the critics are correct and the new Xbox sucks. We all know this could happen! Guess we'll see. Osso</Msg><Username>ossobucco20l2</Username><Timestamp>1371341688090</Timestamp><DateTime>Sat, 2013-06-15 20:14:48 EDT</DateTime><ThumbUp>2</ThumbUp><ThumbDown>0</ThumbDown><Sentiment>Strong Buy</Sentiment></Message><Message type="ReplyMessage"><Id>1371342896971-44</Id><Topic><Title>WINDOWS 8 IMPRESSIVE</Title><Username>lws2000</Username><Timestamp>1371224494771</Timestamp><DateTime>Fri, 2013-06-14 11:41:34 EDT</DateTime></Topic><Msg>Stupid touchscreen ,OS of apple with a magic tracking pad is so much better. You need a screen washer every 10 minutes.</Msg><Username>dollar_printer</Username><Timestamp>1371342896971</Timestamp><DateTime>Sat, 2013-06-15 20:34:56 EDT</DateTime><ThumbUp>0</ThumbUp><ThumbDown>4</ThumbDown><Sentiment/></Message><Message type="ReplyMessage"><Id>1371343729402-45</Id><Topic><Title>NBC just featured a former Interior Designer now working at McDonalds</Title><Username>an_obama_nation</Username><Timestamp>1371250133114</Timestamp><DateTime>Fri, 2013-06-14 18:48:53 EDT</DateTime></Topic><Msg>"IT'S GOTTEN MUCH WORSE UNDER Obama policy" Maybe for someone like you with only Yahoo Posting Skills ...</Msg><Username>hawcreeks_world</Username><Timestamp>1371343729402</Timestamp><DateTime>Sat, 2013-06-15 20:48:49 EDT</DateTime><ThumbUp>2</ThumbUp><ThumbDown>1</ThumbDown><Sentiment/></Message><Message type="ReplyMessage"><Id>1371344459130-46</Id><Topic><Title>GREETINGS MSFT. BOARD. this is my first post here. Not my first post ever. WINDOWS 8 TOUCHSCREEN. HATE IT !</Title><Username>msft_victim</Username><Timestamp>1370116617251</Timestamp><DateTime>Sat, 2013-06-01 15:56:57 EDT</DateTime></Topic><Msg>I've had 98, xp, vista and now....8. I HATE IT. IT'S THE WORST OF THEM ALL. TOO MANY PROBLEMS. TOO CLUNKY, BAD SUPPORT. DYSFUNCTIONAL. HAVE SPENT 3 WEEKS ON THIS. TAKING MY NEW COMPUTER FOR A TRADE-IN...DOWNGRADE. WILL NEVER OWN MSFT. PRODUCT EVER AGAIN. I CAN SEE WHY APPLE IS GROWING SO FAST. I may sue. will sell my msft shares. soon.</Msg><Username>msft_a_dog</Username><Timestamp>1371344459130</Timestamp><DateTime>Sat, 2013-06-15 21:00:59 EDT</DateTime><ThumbUp>2</ThumbUp><ThumbDown>0</ThumbDown><Sentiment>Strong Sell</Sentiment></Message><Message type="ReplyMessage"><Id>1371344516474-47</Id><Topic><Title>WINDOZE 8 QUITE UNIMPRESSIVE. GOOGLE IT.. GO TO CNET OR GIZMADO. SEE 1000S OF COMPLAINTS.</Title><Username>msft_a_dog</Username><Timestamp>1371242824642</Timestamp><DateTime>Fri, 2013-06-14 16:47:04 EDT</DateTime></Topic><Msg>I don't like Windows 8, so I bought a Samsung Google Chromebook. It's a thin and light laptop weighing in at only 2.4 lbs and it has 6.5 hours of battery life. It runs Chrome OS and has a 1.7ghz Samsung Exynos dual core ARM processor, 16gb SSD and 2gb of RAM. Best of all, NO Windows 8 Metro Tiles!!! At only $249, it costs 75% less than a Surface Pro. With the money I saved, I can get an iPad Mini and lots of oriental massagee with happy endin</Msg><Username>msft_a_dog</Username><Timestamp>1371344516474</Timestamp><DateTime>Sat, 2013-06-15 21:01:56 EDT</DateTime><ThumbUp>2</ThumbUp><ThumbDown>0</ThumbDown><Sentiment>Strong Sell</Sentiment></Message><Message type="TopicMessage"><Id>1371344552048-48</Id><Title>Earnings</Title><Msg>Don't forget - even though earnings will be weak - we've all waited 13 years so what's another few years? Unfortunately this must be the mind set. Stay strong! Osso</Msg><Username>ossobucco20l2</Username><Timestamp>1371344552048</Timestamp><DateTime>Sat, 2013-06-15 21:02:32 EDT</DateTime><ThumbUp>1</ThumbUp><ThumbDown>2</ThumbDown><Sentiment>Strong Buy</Sentiment></Message><Message type="ReplyMessage"><Id>1371344590447-49</Id><Topic><Title>WINDOZE 8 QUITE UNIMPRESSIVE. GOOGLE IT.. GO TO CNET OR GIZMADO. SEE 1000S OF COMPLAINTS.</Title><Username>msft_a_dog</Username><Timestamp>1371242824642</Timestamp><DateTime>Fri, 2013-06-14 16:47:04 EDT</DateTime></Topic><Msg>ALL TRUE... GOOGLE IT.</Msg><Username>msft_a_dog</Username><Timestamp>1371344590447</Timestamp><DateTime>Sat, 2013-06-15 21:03:10 EDT</DateTime><ThumbUp>3</ThumbUp><ThumbDown>0</ThumbDown><Sentiment>Strong Sell</Sentiment></Message><Message type="ReplyMessage"><Id>1371344709933-50</Id><Topic><Title>MSFT LAST IN PHONES.....LAST IN GAMING. BING IS A VIRUS... AND 8 STINKS....GO APPLE. GOOGLE</Title><Username>msft_victim</Username><Timestamp>1370794156492</Timestamp><DateTime>Sun, 2013-06-09 12:09:16 EDT</DateTime></Topic><Msg>Those are facts......yes they are... Go see. At google. Win. 8 complaints....thousands.</Msg><Username>msft_a_dog</Username><Timestamp>1371344709933</Timestamp><DateTime>Sat, 2013-06-15 21:05:09 EDT</DateTime><ThumbUp>2</ThumbUp><ThumbDown>1</ThumbDown><Sentiment>Strong Sell</Sentiment></Message><Message type="ReplyMessage"><Id>1371344796186-51</Id><Topic><Title>HEY WHEN PUMPERS CANNOT ADDRESS IT ISSUES WITH 8, THEY ARE UNQUALIFIED TO JUDGE. I'M POSTING</Title><Username>msft_victim</Username><Timestamp>1370400205808</Timestamp><DateTime>Tue, 2013-06-04 22:43:25 EDT</DateTime></Topic><Msg>Jerkoff/predictions are just as worthless as win. 8 and all know it...</Msg><Username>msft_victim</Username><Timestamp>1371344796186</Timestamp><DateTime>Sat, 2013-06-15 21:06:36 EDT</DateTime><ThumbUp>2</ThumbUp><ThumbDown>0</ThumbDown><Sentiment>Strong Sell</Sentiment></Message><Message type="ReplyMessage"><Id>1371344832125-52</Id><Topic><Title>GETTING BINGED. AS MSFT GOES BINGE ON KRAPPY BING. TRYING TO ADD CLICKS. BY AMBUSH !</Title><Username>msft_victim</Username><Timestamp>1370787823791</Timestamp><DateTime>Sun, 2013-06-09 10:23:43 EDT</DateTime></Topic><Msg>A master of understatement are you.13 years uphill for MSFT! That's 2/3rds of the generally accepted definition of a generation. That's like saying the Titanic encountered an ice cube. There's a new generation of young adults that haven't even heard of MSFT!!!!!!!!! Cheers.</Msg><Username>msft_victim</Username><Timestamp>1371344832125</Timestamp><DateTime>Sat, 2013-06-15 21:07:12 EDT</DateTime><ThumbUp>2</ThumbUp><ThumbDown>0</ThumbDown><Sentiment>Strong Sell</Sentiment></Message><Message type="ReplyMessage"><Id>1371344977823-53</Id><Topic><Title>Osso is a bag of excrement</Title><Username>phands.theheretic6</Username><Timestamp>1370287761738</Timestamp><DateTime>Mon, 2013-06-03 15:29:21 EDT</DateTime></Topic><Msg>The community shower at msft must be full of.. Asso...es</Msg><Username>tellya_anything</Username><Timestamp>1371344977823</Timestamp><DateTime>Sat, 2013-06-15 21:09:37 EDT</DateTime><ThumbUp>2</ThumbUp><ThumbDown>0</ThumbDown><Sentiment>Strong Sell</Sentiment></Message><Message type="ReplyMessage"><Id>1371345005615-54</Id><Topic><Title>HEY WHEN PUMPERS CANNOT ADDRESS IT ISSUES WITH 8, THEY ARE UNQUALIFIED TO JUDGE. I'M POSTING</Title><Username>msft_victim</Username><Timestamp>1370400205808</Timestamp><DateTime>Tue, 2013-06-04 22:43:25 EDT</DateTime></Topic><Msg>GOING LOWER....</Msg><Username>tellya_anything</Username><Timestamp>1371345005615</Timestamp><DateTime>Sat, 2013-06-15 21:10:05 EDT</DateTime><ThumbUp>2</ThumbUp><ThumbDown>0</ThumbDown><Sentiment>Strong Sell</Sentiment></Message><Message type="ReplyMessage"><Id>1371345041975-55</Id><Topic><Title>YOU NOW HAVE MY ATTENTION. I BOUGHT 8. AM HAVING TO USE VITS OLD OS. WHY CONFIG. UPDATES.</Title><Username>rudealfo</Username><Timestamp>1370404804503</Timestamp><DateTime>Wed, 2013-06-05 00:00:04 EDT</DateTime></Topic><Msg>Msft took over my pc. Even with my custom task schedule....myy my....they write software to make us think we own our new $800.00 machine.....only to find...no no no...msft...takes over even against my wishes.</Msg><Username>msft_victim</Username><Timestamp>1371345041975</Timestamp><DateTime>Sat, 2013-06-15 21:10:41 EDT</DateTime><ThumbUp>2</ThumbUp><ThumbDown>0</ThumbDown><Sentiment>Strong Sell</Sentiment></Message><Message type="ReplyMessage"><Id>1371346060976-56</Id><Topic><Title>Earnings</Title><Username>ossobucco20l2</Username><Timestamp>1371344552048</Timestamp><DateTime>Sat, 2013-06-15 21:02:32 EDT</DateTime></Topic><Msg>Yes earnings will really stink...but not as bad as windows 8.....aaaggghhh disaster.</Msg><Username>ossobuco2012</Username><Timestamp>1371346060976</Timestamp><DateTime>Sat, 2013-06-15 21:27:40 EDT</DateTime><ThumbUp>2</ThumbUp><ThumbDown>1</ThumbDown><Sentiment>Strong Sell</Sentiment></Message><Message type="ReplyMessage"><Id>1371346109231-57</Id><Topic><Title>WINDOZE 8 QUITE UNIMPRESSIVE. GOOGLE IT.. GO TO CNET OR GIZMADO. SEE 1000S OF COMPLAINTS.</Title><Username>msft_a_dog</Username><Timestamp>1371242824642</Timestamp><DateTime>Fri, 2013-06-14 16:47:04 EDT</DateTime></Topic><Msg>I don't like Windows 8, so I bought a Samsung Google Chromebook. It's a thin and light laptop weighing in at only 2.4 lbs and it has 6.5 hours of battery life. It runs Chrome OS and has a 1.7ghz Samsung Exynos dual core ARM processor, 16gb SSD and 2gb of RAM. Best of all, NO Windows 8 Metro Tiles!!! At only $249, it costs 75% less than a Surface Pro. With the money I saved, I can get an iPad Mini and lots of oriental massagee with happy endin</Msg><Username>ossobuco2012</Username><Timestamp>1371346109231</Timestamp><DateTime>Sat, 2013-06-15 21:28:29 EDT</DateTime><ThumbUp>1</ThumbUp><ThumbDown>0</ThumbDown><Sentiment>Strong Sell</Sentiment></Message><Message type="ReplyMessage"><Id>1371346158754-58</Id><Topic><Title>GREETINGS MSFT. BOARD. this is my first post here. Not my first post ever. WINDOWS 8 TOUCHSCREEN. HATE IT !</Title><Username>msft_victim</Username><Timestamp>1370116617251</Timestamp><DateTime>Sat, 2013-06-01 15:56:57 EDT</DateTime></Topic><Msg>I've had 98, xp, vista and now....8. I HATE IT. IT'S THE WORST OF THEM ALL. TOO MANY PROBLEMS. TOO CLUNKY, BAD SUPPORT. DYSFUNCTIONAL. HAVE SPENT 3 WEEKS ON THIS. TAKING MY NEW COMPUTER FOR A TRADE-IN...DOWNGRADE. WILL NEVER OWN MSFT. PRODUCT EVER AGAIN. I CAN SEE WHY APPLE IS GROWING SO FAST. I may sue. will sell my msft shares. soon.</Msg><Username>eight_suckz</Username><Timestamp>1371346158754</Timestamp><DateTime>Sat, 2013-06-15 21:29:18 EDT</DateTime><ThumbUp>1</ThumbUp><ThumbDown>0</ThumbDown><Sentiment>Strong Sell</Sentiment></Message><Message type="TopicMessage"><Id>1371346343869-59</Id><Title>SARAH LIPSTICK, DEER IN THE HEADLIGHTS LIAR .....PAHLIN....TOPS AT FUAX NEWS. AGAIN.. HA HA WHAT A DOPE.</Title><Msg>AND A QUITTER.....COULDN'T HANDLE ALASKA...BUT DID A POLE DANCE FOR MC'COCAIN....</Msg><Username>ossobucco2112</Username><Timestamp>1371346343869</Timestamp><DateTime>Sat, 2013-06-15 21:32:23 EDT</DateTime><ThumbUp>2</ThumbUp><ThumbDown>3</ThumbDown><Sentiment>Strong Sell</Sentiment></Message><Message type="ReplyMessage"><Id>1371346442033-60</Id><Topic><Title>NBC just featured a former Interior Designer now working at McDonalds</Title><Username>an_obama_nation</Username><Timestamp>1371250133114</Timestamp><DateTime>Fri, 2013-06-14 18:48:53 EDT</DateTime></Topic><Msg>"IT'S GOTTEN MUCH WORSE UNDER Obama policy" Maybe for someone like you ...." And the rest of the nation, idiot. It is a statistical fact, not my OPINION.</Msg><Username>an_obama_nation</Username><Timestamp>1371346442033</Timestamp><DateTime>Sat, 2013-06-15 21:34:02 EDT</DateTime><ThumbUp>2</ThumbUp><ThumbDown>1</ThumbDown><Sentiment/></Message><Message type="TopicMessage"><Id>1371347274089-61</Id><Title>AS I WAS SAYING... MSFT IS A SCAM. HIGH PAY....POOR RESULTS. PC SALES DOWN HUGE. WIN. 8 TO BLAME</Title><Msg>Never appreciates.... Just pays insiders... For 2 decades.....like congress. And republicans.</Msg><Username>pumpas_nemesis</Username><Timestamp>1371347274089</Timestamp><DateTime>Sat, 2013-06-15 21:47:54 EDT</DateTime><ThumbUp>0</ThumbUp><ThumbDown>1</ThumbDown><Sentiment>Strong Sell</Sentiment></Message><Message type="ReplyMessage"><Id>1371347914181-62</Id><Topic><Title>AS I WAS SAYING... MSFT IS A SCAM. HIGH PAY....POOR RESULTS. PC SALES DOWN HUGE. WIN. 8 TO BLAME</Title><Username>pumpas_nemesis</Username><Timestamp>1371347274089</Timestamp><DateTime>Sat, 2013-06-15 21:47:54 EDT</DateTime></Topic><Msg>Shut the H up &amp; quit STINKING up this board Troll,nobodys forcing you to buy it or like it..........</Msg><Username>williamdavis960</Username><Timestamp>1371347914181</Timestamp><DateTime>Sat, 2013-06-15 21:58:34 EDT</DateTime><ThumbUp>0</ThumbUp><ThumbDown>1</ThumbDown><Sentiment>Strong Buy</Sentiment></Message><Message type="ReplyMessage"><Id>1371348383956-63</Id><Topic><Title>AS I WAS SAYING... MSFT IS A SCAM. HIGH PAY....POOR RESULTS. PC SALES DOWN HUGE. WIN. 8 TO BLAME</Title><Username>pumpas_nemesis</Username><Timestamp>1371347274089</Timestamp><DateTime>Sat, 2013-06-15 21:47:54 EDT</DateTime></Topic><Msg>Not true willie hobo.. You buy 8 hoping for xp. Or the like, with cool touch features. what you get is.. Krap that ain't working. Promises unkept. And decades of windows expeirience...out the window. No start feature.. Ha ha.. Too many flaws....so u shut upfool....</Msg><Username>disaster8_box</Username><Timestamp>1371348383956</Timestamp><DateTime>Sat, 2013-06-15 22:06:23 EDT</DateTime><ThumbUp>0</ThumbUp><ThumbDown>0</ThumbDown><Sentiment>Strong Sell</Sentiment></Message><Message type="ReplyMessage"><Id>1371348629969-64</Id><Topic><Title>AS I WAS SAYING... MSFT IS A SCAM. HIGH PAY....POOR RESULTS. PC SALES DOWN HUGE. WIN. 8 TO BLAME</Title><Username>pumpas_nemesis</Username><Timestamp>1371347274089</Timestamp><DateTime>Sat, 2013-06-15 21:47:54 EDT</DateTime></Topic><Msg>pUMPCLOWN...ur mamas callin u...clown Perna</Msg><Username>perna_fool</Username><Timestamp>1371348629969</Timestamp><DateTime>Sat, 2013-06-15 22:10:29 EDT</DateTime><ThumbUp>0</ThumbUp><ThumbDown>0</ThumbDown><Sentiment/></Message><Message type="ReplyMessage"><Id>1371348695775-65</Id><Topic><Title>SARAH LIPSTICK, DEER IN THE HEADLIGHTS LIAR .....PAHLIN....TOPS AT FUAX NEWS. AGAIN.. HA HA WHAT A DOPE.</Title><Username>ossobucco2112</Username><Timestamp>1371346343869</Timestamp><DateTime>Sat, 2013-06-15 21:32:23 EDT</DateTime></Topic><Msg>I had Sarah...she was awesome...said eye was better than...glen Rice Perna</Msg><Username>perna_fool</Username><Timestamp>1371348695775</Timestamp><DateTime>Sat, 2013-06-15 22:11:35 EDT</DateTime><ThumbUp>0</ThumbUp><ThumbDown>1</ThumbDown><Sentiment/></Message><Message type="ReplyMessage"><Id>1371348718776-66</Id><Topic><Title>Earnings</Title><Username>ossobucco20l2</Username><Timestamp>1371344552048</Timestamp><DateTime>Sat, 2013-06-15 21:02:32 EDT</DateTime></Topic><Msg>What are earnings? Perna</Msg><Username>perna_fool</Username><Timestamp>1371348718776</Timestamp><DateTime>Sat, 2013-06-15 22:11:58 EDT</DateTime><ThumbUp>0</ThumbUp><ThumbDown>1</ThumbDown><Sentiment/></Message><Message type="TopicMessage"><Id>1371348729734-67</Id><Title>SONY POS4 IS ONLY AVAILABLE ON DEC 31/2013....</Title><Msg>SO folks all this hype about POS4 being ready for Xmas is another pile of BS as XBOX ONE will be ready to be shipped in Nov. 2013 for certain.... Also SONY is financially in trouble and is going through a turn around and selling POS4 under cost is nothing to brag about as it is a desperate move from a failing company. IT looks like SONY will be like MOTOROLA and will be eventually taken over by Samsung. Osso</Msg><Username>ossobucco2012</Username><Timestamp>1371348729734</Timestamp><DateTime>Sat, 2013-06-15 22:12:09 EDT</DateTime><ThumbUp>1</ThumbUp><ThumbDown>3</ThumbDown><Sentiment>Strong Buy</Sentiment></Message><Message type="TopicMessage"><Id>1371348835536-68</Id><Title>CONTROL FREAKS AT MSFT HQ. HAVE FAITHFUL INVESTORS TRAPPED IN DEAD MONEY ZONE. FOR 13 YRS.</Title><Msg>Your money held hostage, just like ie-10 and bing, and updater, and the box...needs to update.....must connect with evil empire mothership...or die... Oh and this is like sooo dump.. dumb as no used games... And dumb like spying... And dumb like.. If your it goes down.. Which it does all over the world...ooops balmer suckkkz again.. But makes huge money.... Not true for msft investors... See a 5 year chart....goes nowhere. greatest stock market in history...this turd goes nowhere. see a chart. apple doubles... Google doubles... Msft.. Nope. greatest stk. Market in the history of the world... And butkiss for investors... Sick.. And low low low div. and.... if that weren't enough....all the leaders in the industries.. Msft aint one. oh and no games with kinect... What a scam... All for insiders. Period. and shills here.. Prove... It's a scam...</Msg><Username>disaster8_box</Username><Timestamp>1371348835536</Timestamp><DateTime>Sat, 2013-06-15 22:13:55 EDT</DateTime><ThumbUp>0</ThumbUp><ThumbDown>1</ThumbDown><Sentiment>Strong Sell</Sentiment></Message><Message type="ReplyMessage"><Id>1371348909368-69</Id><Topic><Title>CONTROL FREAKS AT MSFT HQ. HAVE FAITHFUL INVESTORS TRAPPED IN DEAD MONEY ZONE. FOR 13 YRS.</Title><Username>disaster8_box</Username><Timestamp>1371348835536</Timestamp><DateTime>Sat, 2013-06-15 22:13:55 EDT</DateTime></Topic><Msg>Same troll different alias.</Msg><Username>ossobucco2012</Username><Timestamp>1371348909368</Timestamp><DateTime>Sat, 2013-06-15 22:15:09 EDT</DateTime><ThumbUp>0</ThumbUp><ThumbDown>1</ThumbDown><Sentiment>Strong Buy</Sentiment></Message><Message type="TopicMessage"><Id>1371349000695-70</Id><Title>ACTUALLY THE PS4 PRE-SOLD OUT AND UK. ROLL OUT. AND FULL WORLD ROLL OUT IN NOV. FOR BLACK FRIDAY!</Title><Msg>Those are the real facts....but xbox stinks and getting horrible reviews and reaction to policies... So who cares... A game console is a puny mkt. And won't save msft. going back to $26....again. stop lying pumpas...</Msg><Username>disaster8_box</Username><Timestamp>1371349000695</Timestamp><DateTime>Sat, 2013-06-15 22:16:40 EDT</DateTime><ThumbUp>0</ThumbUp><ThumbDown>1</ThumbDown><Sentiment>Strong Sell</Sentiment></Message><Message type="ReplyMessage"><Id>1371349050658-71</Id><Topic><Title>WINDOWS 8 IMPRESSIVE</Title><Username>lws2000</Username><Timestamp>1371224494771</Timestamp><DateTime>Fri, 2013-06-14 11:41:34 EDT</DateTime></Topic><Msg>ANYONE who uses the Windows-8 will NEVER touch any other OS. Most of the Trolls bashing W-8 have never used it. Osso</Msg><Username>ossobucco2012</Username><Timestamp>1371349050658</Timestamp><DateTime>Sat, 2013-06-15 22:17:30 EDT</DateTime><ThumbUp>0</ThumbUp><ThumbDown>1</ThumbDown><Sentiment>Strong Buy</Sentiment></Message><Message type="ReplyMessage"><Id>1371349131505-72</Id><Topic><Title>ACTUALLY THE PS4 PRE-SOLD OUT AND UK. ROLL OUT. AND FULL WORLD ROLL OUT IN NOV. FOR BLACK FRIDAY!</Title><Username>disaster8_box</Username><Timestamp>1371349000695</Timestamp><DateTime>Sat, 2013-06-15 22:16:40 EDT</DateTime></Topic><Msg>YOU can pre-sell anything you can not ship as the OS is still getting debugged you jackass. Osso</Msg><Username>ossobucco2012</Username><Timestamp>1371349131505</Timestamp><DateTime>Sat, 2013-06-15 22:18:51 EDT</DateTime><ThumbUp>0</ThumbUp><ThumbDown>2</ThumbDown><Sentiment>Strong Buy</Sentiment></Message><Message type="ReplyMessage"><Id>1371349136485-73</Id><Topic><Title>SARAH LIPSTICK, DEER IN THE HEADLIGHTS LIAR .....PAHLIN....TOPS AT FUAX NEWS. AGAIN.. HA HA WHAT A DOPE.</Title><Username>ossobucco2112</Username><Timestamp>1371346343869</Timestamp><DateTime>Sat, 2013-06-15 21:32:23 EDT</DateTime></Topic><Msg>Did you say she balled glenn beck.. I knew it.. I heard she blewrush.</Msg><Username>msft_virus_bing</Username><Timestamp>1371349136485</Timestamp><DateTime>Sat, 2013-06-15 22:18:56 EDT</DateTime><ThumbUp>1</ThumbUp><ThumbDown>1</ThumbDown><Sentiment>Strong Sell</Sentiment></Message><Message type="ReplyMessage"><Id>1371349225748-74</Id><Topic><Title>ACTUALLY THE PS4 PRE-SOLD OUT AND UK. ROLL OUT. AND FULL WORLD ROLL OUT IN NOV. FOR BLACK FRIDAY!</Title><Username>disaster8_box</Username><Timestamp>1371349000695</Timestamp><DateTime>Sat, 2013-06-15 22:16:40 EDT</DateTime></Topic><Msg>Prove that lie...as you need to see gizmado. or cnet. faux lies. Ujackas-</Msg><Username>disaster8_box</Username><Timestamp>1371349225748</Timestamp><DateTime>Sat, 2013-06-15 22:20:25 EDT</DateTime><ThumbUp>0</ThumbUp><ThumbDown>1</ThumbDown><Sentiment/></Message><Message type="ReplyMessage"><Id>1371349300170-75</Id><Topic><Title>SO folks higher multiple for MSFT is surely on the table....</Title><Username>ossobucco2012</Username><Timestamp>1370630218480</Timestamp><DateTime>Fri, 2013-06-07 14:36:58 EDT</DateTime></Topic><Msg>LESS than 5 weeks from now we will deliver over 100 cents per share of earnings. THEN it will trade over $50.00 Osso</Msg><Username>ossobucco2012</Username><Timestamp>1371349300170</Timestamp><DateTime>Sat, 2013-06-15 22:21:40 EDT</DateTime><ThumbUp>0</ThumbUp><ThumbDown>2</ThumbDown><Sentiment>Strong Buy</Sentiment></Message><Message type="ReplyMessage"><Id>1371349348358-76</Id><Topic><Title>HEY WHEN PUMPERS CANNOT ADDRESS IT ISSUES WITH 8, THEY ARE UNQUALIFIED TO JUDGE. I'M POSTING</Title><Username>msft_victim</Username><Timestamp>1370400205808</Timestamp><DateTime>Tue, 2013-06-04 22:43:25 EDT</DateTime></Topic><Msg>See a chart... No game will fix msft....problems. 14% decline in sales since 8 released. All know flawed.</Msg><Username>msft_last_always</Username><Timestamp>1371349348358</Timestamp><DateTime>Sat, 2013-06-15 22:22:28 EDT</DateTime><ThumbUp>1</ThumbUp><ThumbDown>1</ThumbDown><Sentiment>Strong Sell</Sentiment></Message><Message type="ReplyMessage"><Id>1371349366215-77</Id><Topic><Title>ACTUALLY THE PS4 PRE-SOLD OUT AND UK. ROLL OUT. AND FULL WORLD ROLL OUT IN NOV. FOR BLACK FRIDAY!</Title><Username>disaster8_box</Username><Timestamp>1371349000695</Timestamp><DateTime>Sat, 2013-06-15 22:16:40 EDT</DateTime></Topic><Msg>YOU loser just go to the Amazon Website. Osso</Msg><Username>ossobucco2012</Username><Timestamp>1371349366215</Timestamp><DateTime>Sat, 2013-06-15 22:22:46 EDT</DateTime><ThumbUp>0</ThumbUp><ThumbDown>1</ThumbDown><Sentiment>Strong Buy</Sentiment></Message><Message type="ReplyMessage"><Id>1371349398165-78</Id><Topic><Title>YOU NOW HAVE MY ATTENTION. I BOUGHT 8. AM HAVING TO USE VITS OLD OS. WHY CONFIG. UPDATES.</Title><Username>rudealfo</Username><Timestamp>1370404804503</Timestamp><DateTime>Wed, 2013-06-05 00:00:04 EDT</DateTime></Topic><Msg>Msft took over my pc. Even with my custom task schedule....myy my....they write software to make us think we own our new $800.00 machine.....only to find...no no no...msft...takes over even against my wishes.</Msg><Username>msft_virus_bing</Username><Timestamp>1371349398165</Timestamp><DateTime>Sat, 2013-06-15 22:23:18 EDT</DateTime><ThumbUp>1</ThumbUp><ThumbDown>0</ThumbDown><Sentiment>Strong Sell</Sentiment></Message><Message type="ReplyMessage"><Id>1371349442932-79</Id><Topic><Title>WINDOZE 8 QUITE UNIMPRESSIVE. GOOGLE IT.. GO TO CNET OR GIZMADO. SEE 1000S OF COMPLAINTS.</Title><Username>msft_a_dog</Username><Timestamp>1371242824642</Timestamp><DateTime>Fri, 2013-06-14 16:47:04 EDT</DateTime></Topic><Msg>I don't like Windows 8, so I bought a Samsung Google Chromebook. It's a thin and light laptop weighing in at only 2.4 lbs and it has 6.5 hours of battery life. It runs Chrome OS and has a 1.7ghz Samsung Exynos dual core ARM processor, 16gb SSD and 2gb of RAM. Best of all, NO Windows 8 Metro Tiles!!! At only $249, it costs 75% less than a Surface Pro. With the money I saved, I can get an iPad Mini and lots of oriental massagee with happy endin</Msg><Username>msft_virus_bing</Username><Timestamp>1371349442932</Timestamp><DateTime>Sat, 2013-06-15 22:24:02 EDT</DateTime><ThumbUp>1</ThumbUp><ThumbDown>1</ThumbDown><Sentiment>Strong Sell</Sentiment></Message><Message type="ReplyMessage"><Id>1371349551319-80</Id><Topic><Title>HEY WHEN PUMPERS CANNOT ADDRESS IT ISSUES WITH 8, THEY ARE UNQUALIFIED TO JUDGE. I'M POSTING</Title><Username>msft_victim</Username><Timestamp>1370400205808</Timestamp><DateTime>Tue, 2013-06-04 22:43:25 EDT</DateTime></Topic><Msg>IN fact you don't know #$%$ you are talking about as our revenue was flat for the Windows Division last quarter and with 500 million Windows XP that need to migrate to Windows-8, we will have a killer quarter. Osso</Msg><Username>ossobucco2012</Username><Timestamp>1371349551319</Timestamp><DateTime>Sat, 2013-06-15 22:25:51 EDT</DateTime><ThumbUp>0</ThumbUp><ThumbDown>3</ThumbDown><Sentiment>Strong Buy</Sentiment></Message><Message type="ReplyMessage"><Id>1371349647881-81</Id><Topic><Title>SONY POS4 IS ONLY AVAILABLE ON DEC 31/2013....</Title><Username>ossobucco2012</Username><Timestamp>1371348729734</Timestamp><DateTime>Sat, 2013-06-15 22:12:09 EDT</DateTime></Topic><Msg>Yes I just saw that and Sony is in trouble. Thanks</Msg><Username>longsrboss</Username><Timestamp>1371349647881</Timestamp><DateTime>Sat, 2013-06-15 22:27:27 EDT</DateTime><ThumbUp>1</ThumbUp><ThumbDown>4</ThumbDown><Sentiment>Strong Buy</Sentiment></Message><Message type="TopicMessage"><Id>1371349664077-82</Id><Title>ACTUALLY. MSFT PE IS 18. QUITE HIGH. OVER THE CURRENT S&amp;P AVG. AND LOW YIELD. SO DOWN GOES SP.</Title><Msg>As msft is a perinnial under-performer. best market in history. msft. Goes down. Why. Old in decline... And fully diluted. too many shares distributed.</Msg><Username>joeeddy69</Username><Timestamp>1371349664077</Timestamp><DateTime>Sat, 2013-06-15 22:27:44 EDT</DateTime><ThumbUp>3</ThumbUp><ThumbDown>1</ThumbDown><Sentiment>Strong Sell</Sentiment></Message><Message type="ReplyMessage"><Id>1371349735206-83</Id><Topic><Title>HEY WHEN PUMPERS CANNOT ADDRESS IT ISSUES WITH 8, THEY ARE UNQUALIFIED TO JUDGE. I'M POSTING</Title><Username>msft_victim</Username><Timestamp>1370400205808</Timestamp><DateTime>Tue, 2013-06-04 22:43:25 EDT</DateTime></Topic><Msg>You sound so phony. Get lost you S0B. Osso</Msg><Username>ossobucco2012</Username><Timestamp>1371349735206</Timestamp><DateTime>Sat, 2013-06-15 22:28:55 EDT</DateTime><ThumbUp>0</ThumbUp><ThumbDown>2</ThumbDown><Sentiment>Strong Buy</Sentiment></Message><Message type="TopicMessage"><Id>1371349837115-84</Id><Title>ANYONE TRYING TO SELL A CONSOLE IS IN TROUBLE. IT'S MOBILE STUPID !!!!!</Title><Msg>Look at the stock performance for every game oem...and they all stink.. So when you shills wish to brag console... I laugh.. It's purely obfuscation for 8 being unfunished.</Msg><Username>disaster8_box</Username><Timestamp>1371349837115</Timestamp><DateTime>Sat, 2013-06-15 22:30:37 EDT</DateTime><ThumbUp>2</ThumbUp><ThumbDown>1</ThumbDown><Sentiment>Strong Sell</Sentiment></Message><Message type="ReplyMessage"><Id>1371349855680-85</Id><Topic><Title>ACTUALLY. MSFT PE IS 18. QUITE HIGH. OVER THE CURRENT S&amp;P AVG. AND LOW YIELD. SO DOWN GOES SP.</Title><Username>joeeddy69</Username><Timestamp>1371349664077</Timestamp><DateTime>Sat, 2013-06-15 22:27:44 EDT</DateTime></Topic><Msg>MSFT P/E is around 11 times the current year's earnings and when we get a growth company multiple, it would be 25 plus and trade $75-100 range. You stupid S0B. Osso</Msg><Username>ossobucco2012</Username><Timestamp>1371349855680</Timestamp><DateTime>Sat, 2013-06-15 22:30:55 EDT</DateTime><ThumbUp>0</ThumbUp><ThumbDown>5</ThumbDown><Sentiment>Strong Buy</Sentiment></Message><Message type="ReplyMessage"><Id>1371349952151-86</Id><Topic><Title>ANYONE TRYING TO SELL A CONSOLE IS IN TROUBLE. IT'S MOBILE STUPID !!!!!</Title><Username>disaster8_box</Username><Timestamp>1371349837115</Timestamp><DateTime>Sat, 2013-06-15 22:30:37 EDT</DateTime></Topic><Msg>XBOX ONE is a home entertainment device and anyone who "only" needs a gaming machine can buy a XOX 360. YOU stupid S0B. Osso</Msg><Username>ossobucco2012</Username><Timestamp>1371349952151</Timestamp><DateTime>Sat, 2013-06-15 22:32:32 EDT</DateTime><ThumbUp>0</ThumbUp><ThumbDown>3</ThumbDown><Sentiment>Strong Buy</Sentiment></Message><Message type="ReplyMessage"><Id>1371350056885-87</Id><Topic><Title>SONY POS4 IS ONLY AVAILABLE ON DEC 31/2013....</Title><Username>ossobucco2012</Username><Timestamp>1371348729734</Timestamp><DateTime>Sat, 2013-06-15 22:12:09 EDT</DateTime></Topic><Msg>THE chances are SONY will go bankrupt by Xmas so all the POS4 orders will be cancelled and money will go to the Trustee and the creditors. Osso</Msg><Username>ossobucco2012</Username><Timestamp>1371350056885</Timestamp><DateTime>Sat, 2013-06-15 22:34:16 EDT</DateTime><ThumbUp>1</ThumbUp><ThumbDown>3</ThumbDown><Sentiment>Strong Buy</Sentiment></Message><Message type="ReplyMessage"><Id>1371350118988-88</Id><Topic><Title>XBOX ONE - The Day The World Changed Forever....</Title><Username>ossobucco2012</Username><Timestamp>1369158573053</Timestamp><DateTime>Tue, 2013-05-21 13:49:33 EDT</DateTime></Topic><Msg>Wait till we hear the customer reviews.</Msg><Username>longsrboss</Username><Timestamp>1371350118988</Timestamp><DateTime>Sat, 2013-06-15 22:35:18 EDT</DateTime><ThumbUp>0</ThumbUp><ThumbDown>2</ThumbDown><Sentiment>Strong Buy</Sentiment></Message><Message type="TopicMessage"><Id>1371350176041-89</Id><Title>Linux complaints</Title><Msg>Linux complaints, 7 million, bing Apple complaints, 8 million, bing Microsoft complaints, 5 million, bing This indicates more people are satisfied with Microsoft than anything else. Search and learn.</Msg><Username>the_original_al_coholic_2005</Username><Timestamp>1371350176041</Timestamp><DateTime>Sat, 2013-06-15 22:36:16 EDT</DateTime><ThumbUp>1</ThumbUp><ThumbDown>3</ThumbDown><Sentiment/></Message><Message type="ReplyMessage"><Id>1371350181629-90</Id><Topic><Title>WHY Windows will win this round as well....</Title><Username>ossobucco2012</Username><Timestamp>1368147359000</Timestamp><DateTime>Thu, 2013-05-09 20:55:59 EDT</DateTime></Topic><Msg>Anyone that uses W-8 will never use anything else.</Msg><Username>longsrboss</Username><Timestamp>1371350181629</Timestamp><DateTime>Sat, 2013-06-15 22:36:21 EDT</DateTime><ThumbUp>0</ThumbUp><ThumbDown>4</ThumbDown><Sentiment>Strong Buy</Sentiment></Message><Message type="ReplyMessage"><Id>1371350273655-91</Id><Topic><Title>Linux complaints</Title><Username>the_original_al_coholic_2005</Username><Timestamp>1371350176041</Timestamp><DateTime>Sat, 2013-06-15 22:36:16 EDT</DateTime></Topic><Msg>Most of MSFT complaints are from our competitors as we will kill them. Osso</Msg><Username>ossobucco2012</Username><Timestamp>1371350273655</Timestamp><DateTime>Sat, 2013-06-15 22:37:53 EDT</DateTime><ThumbUp>0</ThumbUp><ThumbDown>3</ThumbDown><Sentiment>Strong Buy</Sentiment></Message><Message type="TopicMessage"><Id>1371350481594-92</Id><Title>OH ASSO.. MSFT P/E IS 17.7 CURRENTLY. U R A LIAR. SEE SCOTTRADE OR YAHOO FINANCE. BUT U NEED TO PU;; HEAD OUT FIRST</Title><Msg>As you are blind and stupid. linux powers every supercomputer u fool.</Msg><Username>eight_suckz</Username><Timestamp>1371350481594</Timestamp><DateTime>Sat, 2013-06-15 22:41:21 EDT</DateTime><ThumbUp>1</ThumbUp><ThumbDown>0</ThumbDown><Sentiment>Strong Sell</Sentiment></Message><Message type="ReplyMessage"><Id>1371350645190-93</Id><Topic><Title>OH ASSO.. MSFT P/E IS 17.7 CURRENTLY. U R A LIAR. SEE SCOTTRADE OR YAHOO FINANCE. BUT U NEED TO PU;; HEAD OUT FIRST</Title><Username>eight_suckz</Username><Timestamp>1371350481594</Timestamp><DateTime>Sat, 2013-06-15 22:41:21 EDT</DateTime></Topic><Msg>there are no super computers that don't run Windows , Pedro.</Msg><Username>the_original_al_coholic_2005</Username><Timestamp>1371350645190</Timestamp><DateTime>Sat, 2013-06-15 22:44:05 EDT</DateTime><ThumbUp>0</ThumbUp><ThumbDown>2</ThumbDown><Sentiment/></Message><Message type="TopicMessage"><Id>1371350732524-94</Id><Title>MSFT HASN'T BEEN A GROWTH CO. FOR 20 YEARS. ATTN. TO " WE WILL DO THIS AND THAT" THIS IS A VERY OLD CON.</Title><Msg>Msft.. Has too high a p/e. no family wants to sit around together.. How dumb. The family all get in their corners and play their mobile devices. consoles are dead. As is msft. period.</Msg><Username>ossobuco2012</Username><Timestamp>1371350732524</Timestamp><DateTime>Sat, 2013-06-15 22:45:32 EDT</DateTime><ThumbUp>1</ThumbUp><ThumbDown>0</ThumbDown><Sentiment>Strong Sell</Sentiment></Message><Message type="ReplyMessage"><Id>1371350789076-95</Id><Topic><Title>ANYONE TRYING TO SELL A CONSOLE IS IN TROUBLE. IT'S MOBILE STUPID !!!!!</Title><Username>disaster8_box</Username><Timestamp>1371349837115</Timestamp><DateTime>Sat, 2013-06-15 22:30:37 EDT</DateTime></Topic><Msg>Of course you could be right - #$%$ do I know?! Osso</Msg><Username>ossobucco20l2</Username><Timestamp>1371350789076</Timestamp><DateTime>Sat, 2013-06-15 22:46:29 EDT</DateTime><ThumbUp>1</ThumbUp><ThumbDown>0</ThumbDown><Sentiment>Strong Buy</Sentiment></Message><Message type="ReplyMessage"><Id>1371350795884-96</Id><Topic><Title>OH ASSO.. MSFT P/E IS 17.7 CURRENTLY. U R A LIAR. SEE SCOTTRADE OR YAHOO FINANCE. BUT U NEED TO PU;; HEAD OUT FIRST</Title><Username>eight_suckz</Username><Timestamp>1371350481594</Timestamp><DateTime>Sat, 2013-06-15 22:41:21 EDT</DateTime></Topic><Msg>Oooh i see. All lies game eh. Ok... But u won't like it.. When i start lying too.</Msg><Username>ossobucco2112</Username><Timestamp>1371350795884</Timestamp><DateTime>Sat, 2013-06-15 22:46:35 EDT</DateTime><ThumbUp>1</ThumbUp><ThumbDown>1</ThumbDown><Sentiment>Strong Sell</Sentiment></Message><Message type="TopicMessage"><Id>1371350893290-97</Id><Title>ANYONE CAN GO TO CNET OR GOOGLE SUPERCOMPUTERS. NOT 1 RUN MSFT. ALL LINUX. FACTS.</Title><Msg>But hey msft... Has always lied lied lied... Just like bing or kinect. look it up.. Not on a msn...thing or bing. As msft....lies.</Msg><Username>eight_suckz</Username><Timestamp>1371350893290</Timestamp><DateTime>Sat, 2013-06-15 22:48:13 EDT</DateTime><ThumbUp>1</ThumbUp><ThumbDown>0</ThumbDown><Sentiment>Strong Sell</Sentiment></Message><Message type="ReplyMessage"><Id>1371350956088-98</Id><Topic><Title>OH ASSO.. MSFT P/E IS 17.7 CURRENTLY. U R A LIAR. SEE SCOTTRADE OR YAHOO FINANCE. BUT U NEED TO PU;; HEAD OUT FIRST</Title><Username>eight_suckz</Username><Timestamp>1371350481594</Timestamp><DateTime>Sat, 2013-06-15 22:41:21 EDT</DateTime></Topic><Msg>Phony alert! 2112 not real me! Osso</Msg><Username>ossobucco20l2</Username><Timestamp>1371350956088</Timestamp><DateTime>Sat, 2013-06-15 22:49:16 EDT</DateTime><ThumbUp>1</ThumbUp><ThumbDown>1</ThumbDown><Sentiment>Strong Buy</Sentiment></Message><Message type="ReplyMessage"><Id>1371351021489-99</Id><Topic><Title>MSFT HASN'T BEEN A GROWTH CO. FOR 20 YEARS. ATTN. TO " WE WILL DO THIS AND THAT" THIS IS A VERY OLD CON.</Title><Username>ossobuco2012</Username><Timestamp>1371350732524</Timestamp><DateTime>Sat, 2013-06-15 22:45:32 EDT</DateTime></Topic><Msg>Phony!!!!! Osso</Msg><Username>ossobucco20l2</Username><Timestamp>1371351021489</Timestamp><DateTime>Sat, 2013-06-15 22:50:21 EDT</DateTime><ThumbUp>1</ThumbUp><ThumbDown>1</ThumbDown><Sentiment>Strong Buy</Sentiment></Message><Message type="ReplyMessage"><Id>1371351023378-100</Id><Topic><Title>YOU NOW HAVE MY ATTENTION. I BOUGHT 8. AM HAVING TO USE VITS OLD OS. WHY CONFIG. UPDATES.</Title><Username>rudealfo</Username><Timestamp>1370404804503</Timestamp><DateTime>Wed, 2013-06-05 00:00:04 EDT</DateTime></Topic><Msg>Msft took over my pc. Even with my custom task schedule....myy my....they write software to make us think we own our new $800.00 machine.....only to find...no no no...msft...takes over even against my wishes. Sentiment: Strong Sell</Msg><Username>ossobucco2112</Username><Timestamp>1371351023378</Timestamp><DateTime>Sat, 2013-06-15 22:50:23 EDT</DateTime><ThumbUp>0</ThumbUp><ThumbDown>0</ThumbDown><Sentiment>Strong Sell</Sentiment></Message><Message type="ReplyMessage"><Id>1371351053892-101</Id><Topic><Title>WINDOZE 8 QUITE UNIMPRESSIVE. GOOGLE IT.. GO TO CNET OR GIZMADO. SEE 1000S OF COMPLAINTS.</Title><Username>msft_a_dog</Username><Timestamp>1371242824642</Timestamp><DateTime>Fri, 2013-06-14 16:47:04 EDT</DateTime></Topic><Msg>I don't like Windows 8, so I bought a Samsung Google Chromebook. It's a thin and light laptop weighing in at only 2.4 lbs and it has 6.5 hours of battery life. It runs Chrome OS and has a 1.7ghz Samsung Exynos dual core ARM processor, 16gb SSD and 2gb of RAM. Best of all, NO Windows 8 Metro Tiles!!! At only $249, it costs 75% less than a Surface Pro. With the money I saved, I can get an iPad Mini and lots of oriental massagee with happy endin</Msg><Username>ossobuco2012</Username><Timestamp>1371351053892</Timestamp><DateTime>Sat, 2013-06-15 22:50:53 EDT</DateTime><ThumbUp>0</ThumbUp><ThumbDown>0</ThumbDown><Sentiment>Strong Sell</Sentiment></Message><Message type="TopicMessage"><Id>1371351372127-102</Id><Title>Beware phony Osso's!!!</Title><Msg>There are many fake Osso's all of a sudden. There's only one real Osso. You know it's me when I'm wrong. Osso</Msg><Username>ossobucco20l2</Username><Timestamp>1371351372127</Timestamp><DateTime>Sat, 2013-06-15 22:56:12 EDT</DateTime><ThumbUp>3</ThumbUp><ThumbDown>2</ThumbDown><Sentiment>Strong Buy</Sentiment></Message><Message type="TopicMessage"><Id>1371351384058-103</Id><Title>COST OF PUMPING THIS DOG JUST WENT UP. KEEP DOIN WHATCHA DOIN, KEEP GETTIN' WHATCHA' GETTIN'</Title><Msg>Ha ha ha... Lol... I know this game better than you......</Msg><Username>iiii_mmm_back</Username><Timestamp>1371351384058</Timestamp><DateTime>Sat, 2013-06-15 22:56:24 EDT</DateTime><ThumbUp>0</ThumbUp><ThumbDown>0</ThumbDown><Sentiment>Strong Sell</Sentiment></Message><Message type="ReplyMessage"><Id>1371351544787-104</Id><Topic><Title>MSFT LAST IN PHONES.....LAST IN GAMING. BING IS A VIRUS... AND 8 STINKS....GO APPLE. GOOGLE</Title><Username>msft_victim</Username><Timestamp>1370794156492</Timestamp><DateTime>Sun, 2013-06-09 12:09:16 EDT</DateTime></Topic><Msg>Always lying.....we gonna do this and that... Like kinect. but never deliver..... just like the flawed os. 8. all con. A swindle to pay baldie ballmer.</Msg><Username>want_refund</Username><Timestamp>1371351544787</Timestamp><DateTime>Sat, 2013-06-15 22:59:04 EDT</DateTime><ThumbUp>0</ThumbUp><ThumbDown>1</ThumbDown><Sentiment>Strong Sell</Sentiment></Message><Message type="ReplyMessage"><Id>1371351863472-105</Id><Topic><Title>MSFT LAST IN PHONES.....LAST IN GAMING. BING IS A VIRUS... AND 8 STINKS....GO APPLE. GOOGLE</Title><Username>msft_victim</Username><Timestamp>1370794156492</Timestamp><DateTime>Sun, 2013-06-09 12:09:16 EDT</DateTime></Topic><Msg>Ballmer is one of the most successful smartest men on the planet you're a stupid bash Troll on a chat board LOL........................</Msg><Username>williamdavis960</Username><Timestamp>1371351863472</Timestamp><DateTime>Sat, 2013-06-15 23:04:23 EDT</DateTime><ThumbUp>0</ThumbUp><ThumbDown>2</ThumbDown><Sentiment>Strong Buy</Sentiment></Message><Message type="ReplyMessage"><Id>1371352999996-106</Id><Topic><Title>COST OF PUMPING THIS DOG JUST WENT UP. KEEP DOIN WHATCHA DOIN, KEEP GETTIN' WHATCHA' GETTIN'</Title><Username>iiii_mmm_back</Username><Timestamp>1371351384058</Timestamp><DateTime>Sat, 2013-06-15 22:56:24 EDT</DateTime></Topic><Msg>Ballmer the worlds worst ... Evil spying and control freak on own loyal customers... Ballmer makes tens of millions, while his investors sit and spin for 20 years. ballmer a pimple on gates a-s-.. And rode gates coattails. hasn't delivered since gates left.</Msg><Username>factz_dontlie</Username><Timestamp>1371352999996</Timestamp><DateTime>Sat, 2013-06-15 23:23:19 EDT</DateTime><ThumbUp>0</ThumbUp><ThumbDown>0</ThumbDown><Sentiment>Strong Sell</Sentiment></Message><Message type="ReplyMessage"><Id>1371353378175-107</Id><Topic><Title>At a tiny 0.53%, Windoze 8 adoption levels in the enterprise are shockingly low</Title><Username>phands.theheretic6</Username><Timestamp>1370388335249</Timestamp><DateTime>Tue, 2013-06-04 19:25:35 EDT</DateTime></Topic><Msg>Time to restate it</Msg><Username>phands.theheretic6</Username><Timestamp>1371353378175</Timestamp><DateTime>Sat, 2013-06-15 23:29:38 EDT</DateTime><ThumbUp>1</ThumbUp><ThumbDown>0</ThumbDown><Sentiment>Strong Sell</Sentiment></Message><Message type="ReplyMessage"><Id>1371353405488-108</Id><Topic><Title>Windoze Phone is a total dud.</Title><Username>phands.theheretic5</Username><Timestamp>1366334198327</Timestamp><DateTime>Thu, 2013-04-18 21:16:38 EDT</DateTime></Topic><Msg>Bumpity</Msg><Username>phands.theheretic6</Username><Timestamp>1371353405488</Timestamp><DateTime>Sat, 2013-06-15 23:30:05 EDT</DateTime><ThumbUp>0</ThumbUp><ThumbDown>0</ThumbDown><Sentiment>Strong Sell</Sentiment></Message><Message type="ReplyMessage"><Id>1371353440504-109</Id><Topic><Title>Windows 8 continues to fail</Title><Username>phands.theheretic6</Username><Timestamp>1370287653415</Timestamp><DateTime>Mon, 2013-06-03 15:27:33 EDT</DateTime></Topic><Msg>Bump it back up</Msg><Username>phands.theheretic6</Username><Timestamp>1371353440504</Timestamp><DateTime>Sat, 2013-06-15 23:30:40 EDT</DateTime><ThumbUp>0</ThumbUp><ThumbDown>0</ThumbDown><Sentiment>Strong Sell</Sentiment></Message><Message type="ReplyMessage"><Id>1371353489285-110</Id><Topic><Title>Osso is a bag of excrement</Title><Username>phands.theheretic6</Username><Timestamp>1370287761738</Timestamp><DateTime>Mon, 2013-06-03 15:29:21 EDT</DateTime></Topic><Msg>The board smells of manure when osso is around.</Msg><Username>phands.theheretic6</Username><Timestamp>1371353489285</Timestamp><DateTime>Sat, 2013-06-15 23:31:29 EDT</DateTime><ThumbUp>0</ThumbUp><ThumbDown>0</ThumbDown><Sentiment>Strong Sell</Sentiment></Message><Message type="ReplyMessage"><Id>1371353505884-111</Id><Topic><Title>ANYONE TRYING TO SELL A CONSOLE IS IN TROUBLE. IT'S MOBILE STUPID !!!!!</Title><Username>disaster8_box</Username><Timestamp>1371349837115</Timestamp><DateTime>Sat, 2013-06-15 22:30:37 EDT</DateTime></Topic><Msg>Look at the stock performance for every game oem...and they all stink.. So when you shills wish to brag console... I laugh.. It's purely obfuscation for 8 being unfunished.</Msg><Username>wishin_aint_investin</Username><Timestamp>1371353505884</Timestamp><DateTime>Sat, 2013-06-15 23:31:45 EDT</DateTime><ThumbUp>0</ThumbUp><ThumbDown>0</ThumbDown><Sentiment>Strong Sell</Sentiment></Message><Message type="ReplyMessage"><Id>1371353607400-112</Id><Topic><Title>ACTUALLY. MSFT PE IS 18. QUITE HIGH. OVER THE CURRENT S&amp;P AVG. AND LOW YIELD. SO DOWN GOES SP.</Title><Username>joeeddy69</Username><Timestamp>1371349664077</Timestamp><DateTime>Sat, 2013-06-15 22:27:44 EDT</DateTime></Topic><Msg>As msft is a perinnial under-performer. best market in history. msft. Goes down. Why. Old in decline... And fully diluted. too many shares distributed.</Msg><Username>wishin_aint_investin</Username><Timestamp>1371353607400</Timestamp><DateTime>Sat, 2013-06-15 23:33:27 EDT</DateTime><ThumbUp>0</ThumbUp><ThumbDown>0</ThumbDown><Sentiment>Strong Sell</Sentiment></Message><Message type="ReplyMessage"><Id>1371353620406-113</Id><Topic><Title>COST OF PUMPING THIS DOG JUST WENT UP. KEEP DOIN WHATCHA DOIN, KEEP GETTIN' WHATCHA' GETTIN'</Title><Username>iiii_mmm_back</Username><Timestamp>1371351384058</Timestamp><DateTime>Sat, 2013-06-15 22:56:24 EDT</DateTime></Topic><Msg>Facts are you're grown person ? with a very lame assumed Troll alias bashing on a chat board you Stupid PUTZ!</Msg><Username>williamdavis960</Username><Timestamp>1371353620406</Timestamp><DateTime>Sat, 2013-06-15 23:33:40 EDT</DateTime><ThumbUp>0</ThumbUp><ThumbDown>0</ThumbDown><Sentiment>Strong Buy</Sentiment></Message><Message type="ReplyMessage"><Id>1371353742093-114</Id><Topic><Title>WINDOZE 8 QUITE UNIMPRESSIVE. GOOGLE IT.. GO TO CNET OR GIZMADO. SEE 1000S OF COMPLAINTS.</Title><Username>msft_a_dog</Username><Timestamp>1371242824642</Timestamp><DateTime>Fri, 2013-06-14 16:47:04 EDT</DateTime></Topic><Msg>I don't like Windows 8, so I bought a Samsung Google Chromebook. It's a thin and light laptop weighing in at only 2.4 lbs and it has 6.5 hours of battery life. It runs Chrome OS and has a 1.7ghz Samsung Exynos dual core ARM processor, 16gb SSD and 2gb of RAM. Best of all, NO Windows 8 Metro Tiles!!! At only $249, it costs 75% less than a Surface Pro. With the money I saved, I can get an iPad Mini and lots of oriental massagee with happy endin</Msg><Username>factz_dontlie</Username><Timestamp>1371353742093</Timestamp><DateTime>Sat, 2013-06-15 23:35:42 EDT</DateTime><ThumbUp>0</ThumbUp><ThumbDown>0</ThumbDown><Sentiment>Strong Sell</Sentiment></Message><Message type="ReplyMessage"><Id>1371353797053-115</Id><Topic><Title>YOU NOW HAVE MY ATTENTION. I BOUGHT 8. AM HAVING TO USE VITS OLD OS. WHY CONFIG. UPDATES.</Title><Username>rudealfo</Username><Timestamp>1370404804503</Timestamp><DateTime>Wed, 2013-06-05 00:00:04 EDT</DateTime></Topic><Msg>Msft took over my pc. Even with my custom task schedule....myy my....they write software to make us think we own our new $800.00 machine.....only to find...no no no...msft...takes over even against my wishes. Sentiment: Strong Sell</Msg><Username>factz_dontlie</Username><Timestamp>1371353797053</Timestamp><DateTime>Sat, 2013-06-15 23:36:37 EDT</DateTime><ThumbUp>0</ThumbUp><ThumbDown>0</ThumbDown><Sentiment>Strong Sell</Sentiment></Message><Message type="ReplyMessage"><Id>1371353865880-116</Id><Topic><Title>HEY WHEN PUMPERS CANNOT ADDRESS IT ISSUES WITH 8, THEY ARE UNQUALIFIED TO JUDGE. I'M POSTING</Title><Username>msft_victim</Username><Timestamp>1370400205808</Timestamp><DateTime>Tue, 2013-06-04 22:43:25 EDT</DateTime></Topic><Msg>See a chart... No game will fix msft....problems. 14% decline in sales since 8 released. All know flawed.</Msg><Username>wishin_aint_investin</Username><Timestamp>1371353865880</Timestamp><DateTime>Sat, 2013-06-15 23:37:45 EDT</DateTime><ThumbUp>0</ThumbUp><ThumbDown>0</ThumbDown><Sentiment>Strong Sell</Sentiment></Message><Message type="ReplyMessage"><Id>1371353875334-117</Id><Topic><Title>WINDOZE 8 QUITE UNIMPRESSIVE. GOOGLE IT.. GO TO CNET OR GIZMADO. SEE 1000S OF COMPLAINTS.</Title><Username>msft_a_dog</Username><Timestamp>1371242824642</Timestamp><DateTime>Fri, 2013-06-14 16:47:04 EDT</DateTime></Topic><Msg>Fondle my feces dog boi...........................</Msg><Username>williamdavis960</Username><Timestamp>1371353875334</Timestamp><DateTime>Sat, 2013-06-15 23:37:55 EDT</DateTime><ThumbUp>0</ThumbUp><ThumbDown>2</ThumbDown><Sentiment>Strong Buy</Sentiment></Message><Message type="ReplyMessage"><Id>1371354031483-118</Id><Topic><Title>WINDOZE 8 QUITE UNIMPRESSIVE. GOOGLE IT.. GO TO CNET OR GIZMADO. SEE 1000S OF COMPLAINTS.</Title><Username>msft_a_dog</Username><Timestamp>1371242824642</Timestamp><DateTime>Fri, 2013-06-14 16:47:04 EDT</DateTime></Topic><Msg>That would be too much like running a windows 8 touchscreen notebook. sorry you need asso he is the reigning amatuer proctologist... You. Willie a distant 2nd.punk</Msg><Username>trollers_nightmare</Username><Timestamp>1371354031483</Timestamp><DateTime>Sat, 2013-06-15 23:40:31 EDT</DateTime><ThumbUp>2</ThumbUp><ThumbDown>0</ThumbDown><Sentiment>Strong Sell</Sentiment></Message><Message type="ReplyMessage"><Id>1371354093643-119</Id><Topic><Title>YOU NOW HAVE MY ATTENTION. I BOUGHT 8. AM HAVING TO USE VITS OLD OS. WHY CONFIG. UPDATES.</Title><Username>rudealfo</Username><Timestamp>1370404804503</Timestamp><DateTime>Wed, 2013-06-05 00:00:04 EDT</DateTime></Topic><Msg>You don't have the brain power to brush your own teeth let alone owning a PC.....................................</Msg><Username>williamdavis960</Username><Timestamp>1371354093643</Timestamp><DateTime>Sat, 2013-06-15 23:41:33 EDT</DateTime><ThumbUp>0</ThumbUp><ThumbDown>1</ThumbDown><Sentiment>Strong Buy</Sentiment></Message><Message type="ReplyMessage"><Id>1371354121184-120</Id><Topic><Title>Any math people out there?</Title><Username>ossobucco20l2</Username><Timestamp>1371240814183</Timestamp><DateTime>Fri, 2013-06-14 16:13:34 EDT</DateTime></Topic><Msg>no correct answers yet.. wuts up with the RWNJ bright bois.</Msg><Username>cfuryurself</Username><Timestamp>1371354121184</Timestamp><DateTime>Sat, 2013-06-15 23:42:01 EDT</DateTime><ThumbUp>2</ThumbUp><ThumbDown>0</ThumbDown><Sentiment/></Message><Message type="ReplyMessage"><Id>1371354278870-121</Id><Topic><Title>HEY WHEN PUMPERS CANNOT ADDRESS IT ISSUES WITH 8, THEY ARE UNQUALIFIED TO JUDGE. I'M POSTING</Title><Username>msft_victim</Username><Timestamp>1370400205808</Timestamp><DateTime>Tue, 2013-06-04 22:43:25 EDT</DateTime></Topic><Msg>I love WinDoze8 works great you dumb PUTZ..................</Msg><Username>williamdavis960</Username><Timestamp>1371354278870</Timestamp><DateTime>Sat, 2013-06-15 23:44:38 EDT</DateTime><ThumbUp>0</ThumbUp><ThumbDown>1</ThumbDown><Sentiment>Strong Buy</Sentiment></Message><Message type="ReplyMessage"><Id>1371354522269-122</Id><Topic><Title>IF YOU REALLY WANT TO KNOW...COMPARE PS4 AND XBOX AT GIZMADO. IT'S A DETAILED COMP. VERY GOOD. BOTTOM LINE.</Title><Username>factz_dontlie</Username><Timestamp>1370996361449</Timestamp><DateTime>Tue, 2013-06-11 20:19:21 EDT</DateTime></Topic><Msg>For now, there is just no getting around the PlayStation's less fumbling rollout. All of the Xbox One's good qualities—ease of use in your home, Kinect magnificence, cloud rendering, possibly super easy trade-ins once the license stuff gets sorted out—are off in the future. They're distinct possibilities, but the PS4 is the bird in the hand right now. It's not made of a bunch of hypothetical parts that may or may not come together. Just know that if everything does work out for Microsoft, it's going to be a very impressive alternative.</Msg><Username>factz_dontlie</Username><Timestamp>1371354522269</Timestamp><DateTime>Sat, 2013-06-15 23:48:42 EDT</DateTime><ThumbUp>0</ThumbUp><ThumbDown>0</ThumbDown><Sentiment>Strong Sell</Sentiment></Message><Message type="ReplyMessage"><Id>1371354565975-123</Id><Topic><Title>xbox is doa</Title><Username>zillionaire_investor</Username><Timestamp>1370993033006</Timestamp><DateTime>Tue, 2013-06-11 19:23:53 EDT</DateTime></Topic><Msg>So in effect you are saying ps4 will lead wii. cuz wii is current #1 and that's by number of running units sold. Ummmm.. I guess msft being #7 in games, and now no new games with much hyped kinect....well then add used games... Then add the gotta connect every frigin day...geez. Msft is still way down in the sewer spying and trying to macro manage society...what creeps...dictators....booooo Less Sentiment: Strong Sell</Msg><Username>factz_dontlie</Username><Timestamp>1371354565975</Timestamp><DateTime>Sat, 2013-06-15 23:49:25 EDT</DateTime><ThumbUp>0</ThumbUp><ThumbDown>0</ThumbDown><Sentiment>Strong Sell</Sentiment></Message><Message type="ReplyMessage"><Id>1371354603302-124</Id><Topic><Title>HP AND GOOGLE TEAM UP.. "IT IN A BOX". MSFT IN TROUBLE. NSA SUITS. ORSEN WELLS "BIG MSFT BROTHER"</Title><Username>factz_dontlie</Username><Timestamp>1370994049094</Timestamp><DateTime>Tue, 2013-06-11 19:40:49 EDT</DateTime></Topic><Msg>Fyi, internet explorer has always spied, and run in the background. as does updater...non stop..stealing disk space from loyal customers and breaking hardware in the process. Fact. Sentiment: Strong Sell</Msg><Username>wishin_aint_investin</Username><Timestamp>1371354603302</Timestamp><DateTime>Sat, 2013-06-15 23:50:03 EDT</DateTime><ThumbUp>1</ThumbUp><ThumbDown>0</ThumbDown><Sentiment>Strong Sell</Sentiment></Message><Message type="ReplyMessage"><Id>1371354783711-125</Id><Topic><Title>MSFT LAST IN PHONES.....LAST IN GAMING. BING IS A VIRUS... AND 8 STINKS....GO APPLE. GOOGLE</Title><Username>msft_victim</Username><Timestamp>1370794156492</Timestamp><DateTime>Sun, 2013-06-09 12:09:16 EDT</DateTime></Topic><Msg>Ballsinmouth msft.. Just for insiders. zero return in 5 years. see a chart. Please.</Msg><Username>wishin_aint_investin</Username><Timestamp>1371354783711</Timestamp><DateTime>Sat, 2013-06-15 23:53:03 EDT</DateTime><ThumbUp>0</ThumbUp><ThumbDown>0</ThumbDown><Sentiment>Strong Sell</Sentiment></Message><Message type="ReplyMessage"><Id>1371354882766-126</Id><Topic><Title>At a tiny 0.53%, Windoze 8 adoption levels in the enterprise are shockingly low</Title><Username>phands.theheretic6</Username><Timestamp>1370388335249</Timestamp><DateTime>Tue, 2013-06-04 19:25:35 EDT</DateTime></Topic><Msg>THOSE ARE FACTS....PERIOD. GO PHANDS....</Msg><Username>factz_dontlie</Username><Timestamp>1371354882766</Timestamp><DateTime>Sat, 2013-06-15 23:54:42 EDT</DateTime><ThumbUp>1</ThumbUp><ThumbDown>0</ThumbDown><Sentiment>Strong Sell</Sentiment></Message><Message type="ReplyMessage"><Id>1371354950931-127</Id><Topic><Title>Windows 8 continues to fail</Title><Username>phands.theheretic6</Username><Timestamp>1370287653415</Timestamp><DateTime>Mon, 2013-06-03 15:27:33 EDT</DateTime></Topic><Msg>YOU GOTTA BUMP THIS...DOG.</Msg><Username>trollers_nightmare</Username><Timestamp>1371354950931</Timestamp><DateTime>Sat, 2013-06-15 23:55:50 EDT</DateTime><ThumbUp>0</ThumbUp><ThumbDown>0</ThumbDown><Sentiment>Strong Sell</Sentiment></Message></Date>