<?xml version="1.0" encoding="UTF-8" standalone="no"?><Date date="2013-01-30"><Message type="TopicMessage"><Id>1359542753351-1</Id><Title>Breaking out - Do not miss the boat!!!!</Title><Msg>MSFT finally closed above 28$ yesterday, in fact the hgihest closing since early November. If history is any duide, i am expecting the stock to move up to around $30, hopefully before Feb. 9!!!!! The stock is a strong buy - fundementals are strong and valuation is very low!!!!</Msg><Username>bwu106</Username><Timestamp>1359542753351</Timestamp><DateTime>Wed, 2013-01-30 05:45:53 EST</DateTime><ThumbUp>0</ThumbUp><ThumbDown>3</ThumbDown><Sentiment>Strong Buy</Sentiment></Message><Message type="ReplyMessage"><Id>1359554100520-2</Id><Topic><Title>Should you keep clear of MSFTLook at why.</Title><Username>ortizjohn42</Username><Timestamp>1359550855104</Timestamp><DateTime>Wed, 2013-01-30 08:00:55 EST</DateTime></Topic><Msg>get out</Msg><Username>rodrick.gamby</Username><Timestamp>1359554100520</Timestamp><DateTime>Wed, 2013-01-30 08:55:00 EST</DateTime><ThumbUp>0</ThumbUp><ThumbDown>1</ThumbDown><Sentiment/></Message><Message type="ReplyMessage"><Id>1359554163517-3</Id><Topic><Title>Micro-soft</Title><Username>don_deal2000</Username><Timestamp>1359491883871</Timestamp><DateTime>Tue, 2013-01-29 15:38:03 EST</DateTime></Topic><Msg>Actually this is a natural market for Linux, which already dominates in embedded computing, routers, headless servers etc.</Msg><Username>wottowwottow</Username><Timestamp>1359554163517</Timestamp><DateTime>Wed, 2013-01-30 08:56:03 EST</DateTime><ThumbUp>0</ThumbUp><ThumbDown>1</ThumbDown><Sentiment/></Message><Message type="ReplyMessage"><Id>1359554745369-4</Id><Topic><Title>Micro-soft</Title><Username>don_deal2000</Username><Timestamp>1359491883871</Timestamp><DateTime>Tue, 2013-01-29 15:38:03 EST</DateTime></Topic><Msg>Microsoft is already the number one software company on the planet and any growth will eliminate Linux from the equation.</Msg><Username>nostra_dumbass666</Username><Timestamp>1359554745369</Timestamp><DateTime>Wed, 2013-01-30 09:05:45 EST</DateTime><ThumbUp>1</ThumbUp><ThumbDown>0</ThumbDown><Sentiment/></Message><Message type="ReplyMessage"><Id>1359554807052-5</Id><Topic><Title>Should you keep clear of MSFTLook at why.</Title><Username>ortizjohn42</Username><Timestamp>1359550855104</Timestamp><DateTime>Wed, 2013-01-30 08:00:55 EST</DateTime></Topic><Msg>i dont think so but their pick will be</Msg><Username>lucio.declouette</Username><Timestamp>1359554807052</Timestamp><DateTime>Wed, 2013-01-30 09:06:47 EST</DateTime><ThumbUp>0</ThumbUp><ThumbDown>1</ThumbDown><Sentiment/></Message><Message type="ReplyMessage"><Id>1359555079156-6</Id><Topic><Title>Should you keep clear of MSFTLook at why.</Title><Username>ortizjohn42</Username><Timestamp>1359550855104</Timestamp><DateTime>Wed, 2013-01-30 08:00:55 EST</DateTime></Topic><Msg>im in thanks again</Msg><Username>lucio.declouette</Username><Timestamp>1359555079156</Timestamp><DateTime>Wed, 2013-01-30 09:11:19 EST</DateTime><ThumbUp>0</ThumbUp><ThumbDown>1</ThumbDown><Sentiment/></Message><Message type="ReplyMessage"><Id>1359555484290-7</Id><Topic><Title>Microsoft's New Surface Tablet Is A Horrible Value</Title><Username>wottowwottow</Username><Timestamp>1359488990024</Timestamp><DateTime>Tue, 2013-01-29 14:49:50 EST</DateTime></Topic><Msg>It's not about what *I* can afford, stupid. I have a terabyte of storage on the desktop I'm using now. It's about value for the dollar. A $1K system should allow more free space than that. Microsoft's operating system hogs an inordinate amount of space.</Msg><Username>wottowwottow</Username><Timestamp>1359555484290</Timestamp><DateTime>Wed, 2013-01-30 09:18:04 EST</DateTime><ThumbUp>3</ThumbUp><ThumbDown>0</ThumbDown><Sentiment/></Message><Message type="ReplyMessage"><Id>1359556104787-8</Id><Topic><Title>Gun Control Legislation DOA in the Senate</Title><Username>plmartin2012</Username><Timestamp>1359491485324</Timestamp><DateTime>Tue, 2013-01-29 15:31:25 EST</DateTime></Topic><Msg>If gun controll was the problem most people would be for it. But it isn't about gun controll it's about controlling our lives, and taking away our rights. Look at the countries that have gun controll, it isn't an improvement.</Msg><Username>willstand99</Username><Timestamp>1359556104787</Timestamp><DateTime>Wed, 2013-01-30 09:28:24 EST</DateTime><ThumbUp>1</ThumbUp><ThumbDown>1</ThumbDown><Sentiment/></Message><Message type="ReplyMessage"><Id>1359556402183-9</Id><Topic><Title>SBA, Indirect automobile</Title><Username>alliecastagnadhv5536</Username><Timestamp>1304341785000</Timestamp><DateTime>Mon, 2011-05-02 09:09:45 EDT</DateTime></Topic><Msg>Logical Thinking</Msg><Username>feliciamortine</Username><Timestamp>1359556402183</Timestamp><DateTime>Wed, 2013-01-30 09:33:22 EST</DateTime><ThumbUp>0</ThumbUp><ThumbDown>0</ThumbDown><Sentiment/></Message><Message type="ReplyMessage"><Id>1359556765332-10</Id><Topic><Title>Gun Control Legislation DOA in the Senate</Title><Username>plmartin2012</Username><Timestamp>1359491485324</Timestamp><DateTime>Tue, 2013-01-29 15:31:25 EST</DateTime></Topic><Msg>A liberal Senator, or congressmen hat is retiring might vote for it, or in a far left kook state maybe like California, or Illinois, but not anyone up for re-election in next year's midterms. Somethin about Obama wanting you to commit suicide says they won't support Obama. Commerce on firearms has gone through the roof because of Obama's desiere for gun control. Police Depts can't get ammo from all the sales of guns and ammo. Folks by the droves buying the UZI type firearms that never owned a gun before. Virginia has told the bad guys that if they want easy sleaddin to head to Maryland, or Conn. where guns have been outlawed.....and that their citizens have been armed!!</Msg><Username>joedokes45</Username><Timestamp>1359556765332</Timestamp><DateTime>Wed, 2013-01-30 09:39:25 EST</DateTime><ThumbUp>1</ThumbUp><ThumbDown>1</ThumbDown><Sentiment/></Message><Message type="ReplyMessage"><Id>1359557081004-11</Id><Topic><Title>Home prices see best yearly gain since 2006</Title><Username>cyber_critiquer</Username><Timestamp>1359493493879</Timestamp><DateTime>Tue, 2013-01-29 16:04:53 EST</DateTime></Topic><Msg>It ain't that hard to improve on the terrible subprime afermath created by the Democrats. The Democrats desire to put flakes in homes they knew couldn't pay back their loans created an international crisis not just here at home. The tough credit qualifications created by regulations Obama, and the left have placed on the banks will continue to restrict home sales.</Msg><Username>joedokes45</Username><Timestamp>1359557081004</Timestamp><DateTime>Wed, 2013-01-30 09:44:41 EST</DateTime><ThumbUp>3</ThumbUp><ThumbDown>1</ThumbDown><Sentiment/></Message><Message type="ReplyMessage"><Id>1359557330845-12</Id><Topic><Title>I'm not a truther, or a birther, but I am a skeeter</Title><Username>hawcreek12</Username><Timestamp>1359480091443</Timestamp><DateTime>Tue, 2013-01-29 12:21:31 EST</DateTime></Topic><Msg>Dose anyone with a sense of moral values believe anything Obama says? What he says in front of the camara is totally different that what he is after behind close doors. The guy shoots off his mouth is what he shoots. The last time he shot a gun was probably on the streets of Chicago when he was doing drugs like he said he was in his autobiography.</Msg><Username>joedokes45</Username><Timestamp>1359557330845</Timestamp><DateTime>Wed, 2013-01-30 09:48:50 EST</DateTime><ThumbUp>1</ThumbUp><ThumbDown>1</ThumbDown><Sentiment/></Message><Message type="ReplyMessage"><Id>1359557461600-13</Id><Topic><Title>I'm not a truther, or a birther, but I am a skeeter</Title><Username>hawcreek12</Username><Timestamp>1359480091443</Timestamp><DateTime>Tue, 2013-01-29 12:21:31 EST</DateTime></Topic><Msg>You're here, "all the time". get it? A common figure of speech everyone uses for everything, all the time, and the President of the United States can't use it. He gets criticized? He gets criticized all the time for nonsense. What do you accomplish being here all the time, anyway? You're a skeeter al right, no different than a birther in mind. Get it, English challenged, word plucker?</Msg><Username>peppeek</Username><Timestamp>1359557461600</Timestamp><DateTime>Wed, 2013-01-30 09:51:01 EST</DateTime><ThumbUp>0</ThumbUp><ThumbDown>0</ThumbDown><Sentiment>Buy</Sentiment></Message><Message type="ReplyMessage"><Id>1359557666531-14</Id><Topic><Title>Micro-soft</Title><Username>don_deal2000</Username><Timestamp>1359491883871</Timestamp><DateTime>Tue, 2013-01-29 15:38:03 EST</DateTime></Topic><Msg>linix might be ok to run a card game,simple Email or surf porn for laughs,but the de facto OS for universal compatible serious computing is Windows.</Msg><Username>williamdavis960</Username><Timestamp>1359557666531</Timestamp><DateTime>Wed, 2013-01-30 09:54:26 EST</DateTime><ThumbUp>0</ThumbUp><ThumbDown>0</ThumbDown><Sentiment>Strong Buy</Sentiment></Message><Message type="TopicMessage"><Id>1359559159553-15</Id><Title>something to think about/ shooters have all been Democrats and not members of the NRA</Title><Msg>~Ft Hood: Registered Democrat; Muslim. ~Columbine: Too young to Vote; Both Shooters families were Registered Democrats and Progressive Liberals. ~Virginia Tech: Wrote hate-mail to President Bush and his staff; Registered Democrat. ~Aurora, Colorado: Registered Democrat; Staff worker on the Obama campaign; Occupy Wall Street participant; Progressive Liberal. ~Newtown, Connecticut: Registered Democrat; Hated Christian Niedermaier. The only thing I had time to check out was that James Holmes, Aurora shooter was in fact a member of Occupy Wall St.</Msg><Username>agolferbogie</Username><Timestamp>1359559159553</Timestamp><DateTime>Wed, 2013-01-30 10:19:19 EST</DateTime><ThumbUp>1</ThumbUp><ThumbDown>0</ThumbDown><Sentiment/></Message><Message type="TopicMessage"><Id>1359559653069-16</Id><Title>Now we have truthers, birthers, and skeeters</Title><Msg>Another strange group forms. They form these groups all the time, one after another, never stops. They vocalize their errors in thinking all the time, everywhere. There is one particular skeeter who is here all the time spewing criticism about the President he hears all the time, on faux news.</Msg><Username>peppeek</Username><Timestamp>1359559653069</Timestamp><DateTime>Wed, 2013-01-30 10:27:33 EST</DateTime><ThumbUp>0</ThumbUp><ThumbDown>0</ThumbDown><Sentiment>Buy</Sentiment></Message><Message type="ReplyMessage"><Id>1359559722702-17</Id><Topic><Title>something to think about/ shooters have all been Democrats and not members of the NRA</Title><Username>agolferbogie</Username><Timestamp>1359559159553</Timestamp><DateTime>Wed, 2013-01-30 10:19:19 EST</DateTime></Topic><Msg>Hillary pushed hard wanting felons in our prisons to be allowed to vote. Guess who she thought felons would vote for?</Msg><Username>joedokes45</Username><Timestamp>1359559722702</Timestamp><DateTime>Wed, 2013-01-30 10:28:42 EST</DateTime><ThumbUp>2</ThumbUp><ThumbDown>1</ThumbDown><Sentiment/></Message><Message type="ReplyMessage"><Id>1359559990716-18</Id><Topic><Title>I'm not a truther, or a birther, but I am a skeeter</Title><Username>hawcreek12</Username><Timestamp>1359480091443</Timestamp><DateTime>Tue, 2013-01-29 12:21:31 EST</DateTime></Topic><Msg>"The last time he shot a gun was probably on the streets of Chicago" Oh yeah, probley. Sure he did that. silly skeeter</Msg><Username>peppeek</Username><Timestamp>1359559990716</Timestamp><DateTime>Wed, 2013-01-30 10:33:10 EST</DateTime><ThumbUp>0</ThumbUp><ThumbDown>1</ThumbDown><Sentiment>Buy</Sentiment></Message><Message type="ReplyMessage"><Id>1359560470706-19</Id><Topic><Title>Now we have truthers, birthers, and skeeters</Title><Username>peppeek</Username><Timestamp>1359559653069</Timestamp><DateTime>Wed, 2013-01-30 10:27:33 EST</DateTime></Topic><Msg>Board scientist, philosopher, and guru of all, proclaims "I am a skeeter." He's stuck with that until he again proclaims he was wrong in his thinking. I come here, all the time, to see what's going on, and never once have seen this strrange person say he was wrong. He's here all the time, as we all well know.</Msg><Username>peppeek</Username><Timestamp>1359560470706</Timestamp><DateTime>Wed, 2013-01-30 10:41:10 EST</DateTime><ThumbUp>0</ThumbUp><ThumbDown>1</ThumbDown><Sentiment>Buy</Sentiment></Message><Message type="ReplyMessage"><Id>1359560877297-20</Id><Topic><Title>Home prices see best yearly gain since 2006</Title><Username>cyber_critiquer</Username><Timestamp>1359493493879</Timestamp><DateTime>Tue, 2013-01-29 16:04:53 EST</DateTime></Topic><Msg>"Obama has brought America Back from the Bush Financial Disaster and Great Recession ...." Stop it with the bad news already. I am not changing, I am waiting for one of my ideas to be right, and I'm not "giving up ever", until I'm right. No #$%$ is telling me anything.</Msg><Username>hawrcreek10</Username><Timestamp>1359560877297</Timestamp><DateTime>Wed, 2013-01-30 10:47:57 EST</DateTime><ThumbUp>0</ThumbUp><ThumbDown>1</ThumbDown><Sentiment>Buy</Sentiment></Message><Message type="ReplyMessage"><Id>1359561606273-21</Id><Topic><Title>Now we have truthers, birthers, and skeeters</Title><Username>peppeek</Username><Timestamp>1359559653069</Timestamp><DateTime>Wed, 2013-01-30 10:27:33 EST</DateTime></Topic><Msg>Present Proclomation 1: "I am a skeeter" Future Proclomation 2: "I was wrong" You proclaimed already #1, you are stuck with that admission until you proclaim again, #2. You proclaimed, next time you proclaim again. Two proclomations. I'm tired of being your teacher all the time.</Msg><Username>peppeek</Username><Timestamp>1359561606273</Timestamp><DateTime>Wed, 2013-01-30 11:00:06 EST</DateTime><ThumbUp>0</ThumbUp><ThumbDown>1</ThumbDown><Sentiment>Buy</Sentiment></Message><Message type="ReplyMessage"><Id>1359561957442-22</Id><Topic><Title>Home prices see best yearly gain since 2006</Title><Username>cyber_critiquer</Username><Timestamp>1359493493879</Timestamp><DateTime>Tue, 2013-01-29 16:04:53 EST</DateTime></Topic><Msg>"I am waiting for one of my ideas to be wrong." Yeah we all know that, we hear it all the time from you. No one has been more wrong all the time than you. You are definitely #1 on being wrong all the time.</Msg><Username>peppeek</Username><Timestamp>1359561957442</Timestamp><DateTime>Wed, 2013-01-30 11:05:57 EST</DateTime><ThumbUp>0</ThumbUp><ThumbDown>1</ThumbDown><Sentiment>Buy</Sentiment></Message><Message type="ReplyMessage"><Id>1359562235962-23</Id><Topic><Title>Home prices see best yearly gain since 2006</Title><Username>cyber_critiquer</Username><Timestamp>1359493493879</Timestamp><DateTime>Tue, 2013-01-29 16:04:53 EST</DateTime></Topic><Msg>"Then follow my posts and adopt my thinking," You do have a sense of humor of sorts with that statement. I know people who are joking all the time like that.</Msg><Username>peppeek</Username><Timestamp>1359562235962</Timestamp><DateTime>Wed, 2013-01-30 11:10:35 EST</DateTime><ThumbUp>0</ThumbUp><ThumbDown>1</ThumbDown><Sentiment>Buy</Sentiment></Message><Message type="ReplyMessage"><Id>1359562466341-24</Id><Topic><Title>If the economy is actually recovering, when will Ben suspend the Quantitative pumping???</Title><Username>hawcreek12</Username><Timestamp>1359558200145</Timestamp><DateTime>Wed, 2013-01-30 10:03:20 EST</DateTime></Topic><Msg>No answers because we hear the same thing all the time from you.</Msg><Username>peppeek</Username><Timestamp>1359562466341</Timestamp><DateTime>Wed, 2013-01-30 11:14:26 EST</DateTime><ThumbUp>0</ThumbUp><ThumbDown>1</ThumbDown><Sentiment>Buy</Sentiment></Message><Message type="TopicMessage"><Id>1359562569600-25</Id><Title>whats everyone think of microsoft</Title><Msg>is it affected much by the economy? thanks in advance</Msg><Username>dontencouragetraitors</Username><Timestamp>1359562569600</Timestamp><DateTime>Wed, 2013-01-30 11:16:09 EST</DateTime><ThumbUp>0</ThumbUp><ThumbDown>0</ThumbDown><Sentiment/></Message><Message type="TopicMessage"><Id>1359562678435-26</Id><Title>MSFT is going up all the time</Title><Msg>these days. Must get in buy buy buy no wait i want you to sell sell sell on the other hand buy buy buy I say</Msg><Username>peppeek</Username><Timestamp>1359562678435</Timestamp><DateTime>Wed, 2013-01-30 11:17:58 EST</DateTime><ThumbUp>0</ThumbUp><ThumbDown>1</ThumbDown><Sentiment>Buy</Sentiment></Message><Message type="ReplyMessage"><Id>1359562904803-27</Id><Topic><Title>If the economy is actually recovering, when will Ben suspend the Quantitative pumping???</Title><Username>hawcreek12</Username><Timestamp>1359558200145</Timestamp><DateTime>Wed, 2013-01-30 10:03:20 EST</DateTime></Topic><Msg>Nope, hear it all the tme from you same exact thing, all the time. So sorry if good news is all the time bad news to you. must be tough to live all the time so negatively</Msg><Username>peppeek</Username><Timestamp>1359562904803</Timestamp><DateTime>Wed, 2013-01-30 11:21:44 EST</DateTime><ThumbUp>0</ThumbUp><ThumbDown>2</ThumbDown><Sentiment>Buy</Sentiment></Message><Message type="ReplyMessage"><Id>1359563012128-28</Id><Topic><Title>whats everyone think of microsoft</Title><Username>dontencouragetraitors</Username><Timestamp>1359562569600</Timestamp><DateTime>Wed, 2013-01-30 11:16:09 EST</DateTime></Topic><Msg>iT GOES UP ALL THE TIME</Msg><Username>peppeek</Username><Timestamp>1359563012128</Timestamp><DateTime>Wed, 2013-01-30 11:23:32 EST</DateTime><ThumbUp>0</ThumbUp><ThumbDown>1</ThumbDown><Sentiment>Buy</Sentiment></Message><Message type="ReplyMessage"><Id>1359563136429-29</Id><Topic><Title>Daily manipulation, The Apple example for today</Title><Username>hawcreek12</Username><Timestamp>1359561780102</Timestamp><DateTime>Wed, 2013-01-30 11:03:00 EST</DateTime></Topic><Msg>You'll lose to the koreans all the time, every time. They won't give in, like you</Msg><Username>hawrcreek10</Username><Timestamp>1359563136429</Timestamp><DateTime>Wed, 2013-01-30 11:25:36 EST</DateTime><ThumbUp>0</ThumbUp><ThumbDown>1</ThumbDown><Sentiment>Buy</Sentiment></Message><Message type="ReplyMessage"><Id>1359563406733-30</Id><Topic><Title>Home prices see best yearly gain since 2006</Title><Username>cyber_critiquer</Username><Timestamp>1359493493879</Timestamp><DateTime>Tue, 2013-01-29 16:04:53 EST</DateTime></Topic><Msg>Are you claiming you are right all the time, skeeter? That' self generosity. When you have lost, man up and don't devolve into your schoolyard mode, like you do so easily all the time.</Msg><Username>hawrcreek10</Username><Timestamp>1359563406733</Timestamp><DateTime>Wed, 2013-01-30 11:30:06 EST</DateTime><ThumbUp>0</ThumbUp><ThumbDown>1</ThumbDown><Sentiment>Buy</Sentiment></Message><Message type="ReplyMessage"><Id>1359565631021-31</Id><Topic><Title>whats everyone think of microsoft</Title><Username>dontencouragetraitors</Username><Timestamp>1359562569600</Timestamp><DateTime>Wed, 2013-01-30 11:16:09 EST</DateTime></Topic><Msg>It won't be sub $30 much longer: - at 10x 2013 earnings it's $28.60, and 10x is historically low for MSFT and well below the market average - they have around $7.75 in cash here and abroad - pays a 3% dividend while you wait - relationship with Facebook and Yahoo - Skype, Bing, and a host of other strategic holdings &amp; investments With a PE multiplier of even 11 or 12, factor in some cash-on-hand, the dividend players, and some news from their many relationships...should be mid $30s easily this year. Not a grand slam, but an easy 20-25% play with a sleep-at-night stock.</Msg><Username>xmoneyneversleepsx</Username><Timestamp>1359565631021</Timestamp><DateTime>Wed, 2013-01-30 12:07:11 EST</DateTime><ThumbUp>2</ThumbUp><ThumbDown>1</ThumbDown><Sentiment>Buy</Sentiment></Message><Message type="ReplyMessage"><Id>1359566563005-32</Id><Topic><Title>If the economy is actually recovering, when will Ben suspend the Quantitative pumping???</Title><Username>hawcreek12</Username><Timestamp>1359558200145</Timestamp><DateTime>Wed, 2013-01-30 10:03:20 EST</DateTime></Topic><Msg>Government spending was increased in mid two quarters of 2012 to pump up the economy for Obama's reelection. But that's done now, the pumping has stopped, and real growth for the last quarter was like 0.1%!!!!!</Msg><Username>balongnieponey</Username><Timestamp>1359566563005</Timestamp><DateTime>Wed, 2013-01-30 12:22:43 EST</DateTime><ThumbUp>0</ThumbUp><ThumbDown>1</ThumbDown><Sentiment>Strong Sell</Sentiment></Message><Message type="ReplyMessage"><Id>1359566824736-33</Id><Topic><Title>Microsoft's New Surface Tablet Is A Horrible Value</Title><Username>wottowwottow</Username><Timestamp>1359488990024</Timestamp><DateTime>Tue, 2013-01-29 14:49:50 EST</DateTime></Topic><Msg>How many do you personally own? Please #$%$ until you own one. Then you can do a product review. We don't need MSFT haters hating MSFT products because they are from MSFT. Go buy yourself a Penguin tablet with OpenOffice Nonproductivity Software and give us reviews of that.</Msg><Username>balongnieponey</Username><Timestamp>1359566824736</Timestamp><DateTime>Wed, 2013-01-30 12:27:04 EST</DateTime><ThumbUp>0</ThumbUp><ThumbDown>3</ThumbDown><Sentiment/></Message><Message type="TopicMessage"><Id>1359567383162-34</Id><Title>I do not care what the price.. I will own at least 2 surface pro's..</Title><Msg>Only MSFT haters are giving the reviews...</Msg><Username>richeydouglas</Username><Timestamp>1359567383162</Timestamp><DateTime>Wed, 2013-01-30 12:36:23 EST</DateTime><ThumbUp>1</ThumbUp><ThumbDown>2</ThumbDown><Sentiment/></Message><Message type="ReplyMessage"><Id>1359567511339-35</Id><Topic><Title>McCain: Failure to act on immigration could turn red states blue.</Title><Username>cyber_critiquer</Username><Timestamp>1359563319906</Timestamp><DateTime>Wed, 2013-01-30 11:28:39 EST</DateTime></Topic><Msg>McCain is an old man- over the hill on his thoughts/ideas</Msg><Username>mikemclaug</Username><Timestamp>1359567511339</Timestamp><DateTime>Wed, 2013-01-30 12:38:31 EST</DateTime><ThumbUp>0</ThumbUp><ThumbDown>0</ThumbDown><Sentiment/></Message><Message type="ReplyMessage"><Id>1359567601613-36</Id><Topic><Title>I do not care what the price.. I will own at least 2 surface pro's..</Title><Username>richeydouglas</Username><Timestamp>1359567383162</Timestamp><DateTime>Wed, 2013-01-30 12:36:23 EST</DateTime></Topic><Msg>That just makes you a phuckwit. The bad reviews are coming form M$ fanboi sites too.</Msg><Username>phands.theheretic5</Username><Timestamp>1359567601613</Timestamp><DateTime>Wed, 2013-01-30 12:40:01 EST</DateTime><ThumbUp>2</ThumbUp><ThumbDown>2</ThumbDown><Sentiment>Strong Sell</Sentiment></Message><Message type="TopicMessage"><Id>1359568267149-37</Id><Title>lifting of game console ban</Title><Msg>What would lifting the ban in China do to this stock?</Msg><Username>hapi2lips</Username><Timestamp>1359568267149</Timestamp><DateTime>Wed, 2013-01-30 12:51:07 EST</DateTime><ThumbUp>0</ThumbUp><ThumbDown>0</ThumbDown><Sentiment/></Message><Message type="ReplyMessage"><Id>1359569010722-38</Id><Topic><Title>I do not care what the price.. I will own at least 2 surface pro's..</Title><Username>richeydouglas</Username><Timestamp>1359567383162</Timestamp><DateTime>Wed, 2013-01-30 12:36:23 EST</DateTime></Topic><Msg>NO my reviews is its the best thing since the Iphone.. everyone wants one but it is a little pricy...Just a matter of time..</Msg><Username>richeydouglas</Username><Timestamp>1359569010722</Timestamp><DateTime>Wed, 2013-01-30 13:03:30 EST</DateTime><ThumbUp>1</ThumbUp><ThumbDown>2</ThumbDown><Sentiment/></Message><Message type="ReplyMessage"><Id>1359569535665-39</Id><Topic><Title>lifting of game console ban</Title><Username>hapi2lips</Username><Timestamp>1359568267149</Timestamp><DateTime>Wed, 2013-01-30 12:51:07 EST</DateTime></Topic><Msg>Where would they be sold?</Msg><Username>hapi2lips</Username><Timestamp>1359569535665</Timestamp><DateTime>Wed, 2013-01-30 13:12:15 EST</DateTime><ThumbUp>0</ThumbUp><ThumbDown>0</ThumbDown><Sentiment/></Message><Message type="ReplyMessage"><Id>1359569853172-40</Id><Topic><Title>I do not care what the price.. I will own at least 2 surface pro's..</Title><Username>richeydouglas</Username><Timestamp>1359567383162</Timestamp><DateTime>Wed, 2013-01-30 12:36:23 EST</DateTime></Topic><Msg>Since the Pro hasn't been released yet just a few insecure hate Trolls posting their trash here because linix SUCKS so bad is meaningless.I want to buy one as well.</Msg><Username>williamdavis960</Username><Timestamp>1359569853172</Timestamp><DateTime>Wed, 2013-01-30 13:17:33 EST</DateTime><ThumbUp>1</ThumbUp><ThumbDown>2</ThumbDown><Sentiment>Strong Buy</Sentiment></Message><Message type="TopicMessage"><Id>1359570011390-41</Id><Title>Leaked U.N. Climate Report Shows 20 yrs of Overestimated Warming</Title><Msg>No links allowed here. Its in several places. Just look for this headline.... LEAKED DRAFT OF U.N. CLIMATE REPORT SUGGESTS TWO DECADES OF OVERESTIMATED GLOBAL WARMING</Msg><Username>eggahmuffin</Username><Timestamp>1359570011390</Timestamp><DateTime>Wed, 2013-01-30 13:20:11 EST</DateTime><ThumbUp>2</ThumbUp><ThumbDown>1</ThumbDown><Sentiment/></Message><Message type="TopicMessage"><Id>1359571473006-42</Id><Title>Wow!!! TTNP Wow!!!</Title><Msg>Priority review granted by the FDA for TTNP's 6 month implant to treat drug addiction. Millions are hooked on pain meds and illicit drugs. Approval on April 30 will earn TTNP a $50 million milestone plus hefty double digit royalties. TTNP is also advancing its ProNeura technology for chronic pain and Parkinson's.</Msg><Username>druggy25</Username><Timestamp>1359571473006</Timestamp><DateTime>Wed, 2013-01-30 13:44:33 EST</DateTime><ThumbUp>2</ThumbUp><ThumbDown>1</ThumbDown><Sentiment/></Message><Message type="ReplyMessage"><Id>1359572154857-43</Id><Topic><Title>Should you keep clear of MSFTLook at why.</Title><Username>ortizjohn42</Username><Timestamp>1359550855104</Timestamp><DateTime>Wed, 2013-01-30 08:00:55 EST</DateTime></Topic><Msg>dont act be real</Msg><Username>albertmosley30</Username><Timestamp>1359572154857</Timestamp><DateTime>Wed, 2013-01-30 13:55:54 EST</DateTime><ThumbUp>0</ThumbUp><ThumbDown>1</ThumbDown><Sentiment/></Message><Message type="ReplyMessage"><Id>1359572321305-44</Id><Topic><Title>I do not care what the price.. I will own at least 2 surface pro's..</Title><Username>richeydouglas</Username><Timestamp>1359567383162</Timestamp><DateTime>Wed, 2013-01-30 12:36:23 EST</DateTime></Topic><Msg>I doubt if a shut in OT 24/7 political diarrhea poster like you could afford buy one anyway.</Msg><Username>williamdavis960</Username><Timestamp>1359572321305</Timestamp><DateTime>Wed, 2013-01-30 13:58:41 EST</DateTime><ThumbUp>1</ThumbUp><ThumbDown>3</ThumbDown><Sentiment>Strong Buy</Sentiment></Message><Message type="TopicMessage"><Id>1359572593498-45</Id><Title>What the f---- is wrong with these analyst now days.</Title><Msg>They act like they work for wallstreet instead of doing there job. That was a d--- good quarter and the surface pro is very good... what the f--- and why are they still bashing msft after that quarter...</Msg><Username>richeydouglas</Username><Timestamp>1359572593498</Timestamp><DateTime>Wed, 2013-01-30 14:03:13 EST</DateTime><ThumbUp>0</ThumbUp><ThumbDown>1</ThumbDown><Sentiment/></Message><Message type="ReplyMessage"><Id>1359572990724-46</Id><Topic><Title>I do not care what the price.. I will own at least 2 surface pro's..</Title><Username>richeydouglas</Username><Timestamp>1359567383162</Timestamp><DateTime>Wed, 2013-01-30 12:36:23 EST</DateTime></Topic><Msg>Put a cork in it,you're as useless as the spammers.</Msg><Username>williamdavis960</Username><Timestamp>1359572990724</Timestamp><DateTime>Wed, 2013-01-30 14:09:50 EST</DateTime><ThumbUp>0</ThumbUp><ThumbDown>1</ThumbDown><Sentiment>Strong Buy</Sentiment></Message><Message type="TopicMessage"><Id>1359573093276-47</Id><Title>Yahoo Finance</Title><Msg>I think it's cool that the Yahoo Finance main page has a section called "ALL THINGS APPLE" but there isn't a single mention of Microsoft anywhere.</Msg><Username>hahahacreek</Username><Timestamp>1359573093276</Timestamp><DateTime>Wed, 2013-01-30 14:11:33 EST</DateTime><ThumbUp>2</ThumbUp><ThumbDown>0</ThumbDown><Sentiment>Strong Sell</Sentiment></Message><Message type="ReplyMessage"><Id>1359573153726-48</Id><Topic><Title>I do not care what the price.. I will own at least 2 surface pro's..</Title><Username>richeydouglas</Username><Timestamp>1359567383162</Timestamp><DateTime>Wed, 2013-01-30 12:36:23 EST</DateTime></Topic><Msg>I bought 2 iPads instead of a Windows 8 PC.</Msg><Username>hahahacreek</Username><Timestamp>1359573153726</Timestamp><DateTime>Wed, 2013-01-30 14:12:33 EST</DateTime><ThumbUp>1</ThumbUp><ThumbDown>1</ThumbDown><Sentiment>Strong Sell</Sentiment></Message><Message type="ReplyMessage"><Id>1359573159359-49</Id><Topic><Title>Microsoft's New Surface Tablet Is A Horrible Value</Title><Username>wottowwottow</Username><Timestamp>1359488990024</Timestamp><DateTime>Tue, 2013-01-29 14:49:50 EST</DateTime></Topic><Msg>good plan, replace $400 - $600 laptop with $1k tablet,,,,,,,,,,,</Msg><Username>corneliusflake</Username><Timestamp>1359573159359</Timestamp><DateTime>Wed, 2013-01-30 14:12:39 EST</DateTime><ThumbUp>2</ThumbUp><ThumbDown>0</ThumbDown><Sentiment/></Message><Message type="ReplyMessage"><Id>1359573267906-50</Id><Topic><Title>whats everyone think of microsoft</Title><Username>dontencouragetraitors</Username><Timestamp>1359562569600</Timestamp><DateTime>Wed, 2013-01-30 11:16:09 EST</DateTime></Topic><Msg>If you think PC sales were bad last year, Windows 8 will make PC sales numbers even worse.</Msg><Username>hahahacreek</Username><Timestamp>1359573267906</Timestamp><DateTime>Wed, 2013-01-30 14:14:27 EST</DateTime><ThumbUp>3</ThumbUp><ThumbDown>1</ThumbDown><Sentiment>Strong Sell</Sentiment></Message><Message type="ReplyMessage"><Id>1359573419023-51</Id><Topic><Title>I do not care what the price.. I will own at least 2 surface pro's..</Title><Username>richeydouglas</Username><Timestamp>1359567383162</Timestamp><DateTime>Wed, 2013-01-30 12:36:23 EST</DateTime></Topic><Msg>buy 4, make stock price go up,,,,,,,,,,,,,,,,,</Msg><Username>corneliusflake</Username><Timestamp>1359573419023</Timestamp><DateTime>Wed, 2013-01-30 14:16:59 EST</DateTime><ThumbUp>0</ThumbUp><ThumbDown>0</ThumbDown><Sentiment/></Message><Message type="ReplyMessage"><Id>1359573445324-52</Id><Topic><Title>I do not care what the price.. I will own at least 2 surface pro's..</Title><Username>richeydouglas</Username><Timestamp>1359567383162</Timestamp><DateTime>Wed, 2013-01-30 12:36:23 EST</DateTime></Topic><Msg>It's a pile of #$%$....like all M$ products.</Msg><Username>phands.theheretic5</Username><Timestamp>1359573445324</Timestamp><DateTime>Wed, 2013-01-30 14:17:25 EST</DateTime><ThumbUp>1</ThumbUp><ThumbDown>2</ThumbDown><Sentiment>Strong Sell</Sentiment></Message><Message type="ReplyMessage"><Id>1359573537316-53</Id><Topic><Title>I do not care what the price.. I will own at least 2 surface pro's..</Title><Username>richeydouglas</Username><Timestamp>1359567383162</Timestamp><DateTime>Wed, 2013-01-30 12:36:23 EST</DateTime></Topic><Msg>why no subsidy? :-p</Msg><Username>corneliusflake</Username><Timestamp>1359573537316</Timestamp><DateTime>Wed, 2013-01-30 14:18:57 EST</DateTime><ThumbUp>0</ThumbUp><ThumbDown>0</ThumbDown><Sentiment/></Message><Message type="ReplyMessage"><Id>1359573903125-54</Id><Topic><Title>whats everyone think of microsoft</Title><Username>dontencouragetraitors</Username><Timestamp>1359562569600</Timestamp><DateTime>Wed, 2013-01-30 11:16:09 EST</DateTime></Topic><Msg>Maybe the board is friendly with the competition and desires to maintain the status quo</Msg><Username>hapi2lips</Username><Timestamp>1359573903125</Timestamp><DateTime>Wed, 2013-01-30 14:25:03 EST</DateTime><ThumbUp>0</ThumbUp><ThumbDown>0</ThumbDown><Sentiment/></Message><Message type="ReplyMessage"><Id>1359575114254-55</Id><Topic><Title>whats everyone think of microsoft</Title><Username>dontencouragetraitors</Username><Timestamp>1359562569600</Timestamp><DateTime>Wed, 2013-01-30 11:16:09 EST</DateTime></Topic><Msg>Microsoft's best days are behind it. As the world moves to mobile computing, Microsoft's fortress will be left high and dry.</Msg><Username>wottowwottow</Username><Timestamp>1359575114254</Timestamp><DateTime>Wed, 2013-01-30 14:45:14 EST</DateTime><ThumbUp>3</ThumbUp><ThumbDown>1</ThumbDown><Sentiment/></Message><Message type="ReplyMessage"><Id>1359576657566-56</Id><Topic><Title>The pumpers really want to tag (at least) 14K</Title><Username>hawcreek12</Username><Timestamp>1359569106679</Timestamp><DateTime>Wed, 2013-01-30 13:05:06 EST</DateTime></Topic><Msg>Yah, they pump all the time, don't they</Msg><Username>hawrcreek10</Username><Timestamp>1359576657566</Timestamp><DateTime>Wed, 2013-01-30 15:10:57 EST</DateTime><ThumbUp>1</ThumbUp><ThumbDown>0</ThumbDown><Sentiment>Buy</Sentiment></Message><Message type="ReplyMessage"><Id>1359576837475-57</Id><Topic><Title>What the f---- is wrong with these analyst now days.</Title><Username>richeydouglas</Username><Timestamp>1359572593498</Timestamp><DateTime>Wed, 2013-01-30 14:03:13 EST</DateTime></Topic><Msg>Looks like the same analysts are working for the govt. and working for Obama. We just had a dreadful 4th QT. far down from Obama's predicted growth for the 4th QT. Over 3% down from Obama's projections, and now we have much higher taxes coming that will further cripple the economy.</Msg><Username>joedokes45</Username><Timestamp>1359576837475</Timestamp><DateTime>Wed, 2013-01-30 15:13:57 EST</DateTime><ThumbUp>2</ThumbUp><ThumbDown>1</ThumbDown><Sentiment/></Message><Message type="ReplyMessage"><Id>1359577078609-58</Id><Topic><Title>Government grows 25%, share of GDP, GDP shrinks anyway</Title><Username>hawcreek12</Username><Timestamp>1359563306096</Timestamp><DateTime>Wed, 2013-01-30 11:28:26 EST</DateTime></Topic><Msg>Yah, putting up road blocks all the time. You think as Pres he wouldn't have to do that kind of labor all the time. But that's what an African American successful achiever has to do, perform 10X as well as any other person, all the time, every time.. Even then the segregationists will complain all the time about it. Why are you on here all the time anyway, how do you get food brought to you all the time.</Msg><Username>peppeek</Username><Timestamp>1359577078609</Timestamp><DateTime>Wed, 2013-01-30 15:17:58 EST</DateTime><ThumbUp>1</ThumbUp><ThumbDown>2</ThumbDown><Sentiment>Buy</Sentiment></Message><Message type="TopicMessage"><Id>1359577710606-59</Id><Title>I come here all the time to see news about Microsoft</Title><Msg>But all I see, all the time, are posts about Pres Obama. All the time they are criticizing him, even when he said "all the time" they made a big stink about it. They think it means he skeet shoots all day and night, or gee the black man lied, because you know al the time means, literally, all the time. All the time they are the same towards him. I am trying to get the Guru here to admit he was wrong, which he is all the time, but he won't. He thinks he is right all the time.</Msg><Username>peppeek</Username><Timestamp>1359577710606</Timestamp><DateTime>Wed, 2013-01-30 15:28:30 EST</DateTime><ThumbUp>0</ThumbUp><ThumbDown>4</ThumbDown><Sentiment>Buy</Sentiment></Message><Message type="TopicMessage"><Id>1359580773863-60</Id><Title>Today in history is the start of the Obama's 2013 recession.</Title><Msg>The start of higher taxes in Q1 will cause negative GDP in Q1 which will make 2Q's onf negative GDP= recession</Msg><Username>coinmaker77</Username><Timestamp>1359580773863</Timestamp><DateTime>Wed, 2013-01-30 16:19:33 EST</DateTime><ThumbUp>2</ThumbUp><ThumbDown>1</ThumbDown><Sentiment/></Message><Message type="TopicMessage"><Id>1359591177423-61</Id><Title>Diaper load grows 25%, share of IQ, IQ shrinks anyway</Title><Msg>Today in history is the start of the Hawfreak's depositing of the last of his neurons into his adult diaper..</Msg><Username>truth_in_government</Username><Timestamp>1359591177423</Timestamp><DateTime>Wed, 2013-01-30 19:12:57 EST</DateTime><ThumbUp>0</ThumbUp><ThumbDown>2</ThumbDown><Sentiment/></Message><Message type="TopicMessage"><Id>1359591749653-62</Id><Title>Lenova is seeing rapid growth of WIn 8 tablets!!!!</Title><Msg>News just out today. Looks like Win 8 is doing the big trick as MSFT designed it for!!! During Lenovo’s quarterly earnings call, Yuanqing said the company shipped 9 million smartphones and 800,000 tablets during the final quarter of 2012. That accounts to nearly an 80 percent year-to-year growth,</Msg><Username>bwu106</Username><Timestamp>1359591749653</Timestamp><DateTime>Wed, 2013-01-30 19:22:29 EST</DateTime><ThumbUp>0</ThumbUp><ThumbDown>2</ThumbDown><Sentiment>Strong Buy</Sentiment></Message><Message type="ReplyMessage"><Id>1359597379137-63</Id><Topic><Title>Lenova is seeing rapid growth of WIn 8 tablets!!!!</Title><Username>bwu106</Username><Timestamp>1359591749653</Timestamp><DateTime>Wed, 2013-01-30 19:22:29 EST</DateTime></Topic><Msg>They also may offer a Windows phone now too: http://www.bloomberg.com/news/2013-01-30/lenovo-may-offer-windows-phone-to-expand-mobile-line-yang-says.html?cmpid=yhoo</Msg><Username>xmoneyneversleepsx</Username><Timestamp>1359597379137</Timestamp><DateTime>Wed, 2013-01-30 20:56:19 EST</DateTime><ThumbUp>0</ThumbUp><ThumbDown>2</ThumbDown><Sentiment>Buy</Sentiment></Message><Message type="TopicMessage"><Id>1359600707827-64</Id><Title>Hope you sold at 28</Title><Msg>Going lower from here, thanks to Windows 8 and Ballmer's Vista Fiasco 2.0</Msg><Username>penguinx64</Username><Timestamp>1359600707827</Timestamp><DateTime>Wed, 2013-01-30 21:51:47 EST</DateTime><ThumbUp>4</ThumbUp><ThumbDown>2</ThumbDown><Sentiment>Strong Sell</Sentiment></Message><Message type="ReplyMessage"><Id>1359601062982-65</Id><Topic><Title>I come here all the time to see news about Microsoft</Title><Username>peppeek</Username><Timestamp>1359577710606</Timestamp><DateTime>Wed, 2013-01-30 15:28:30 EST</DateTime></Topic><Msg>I got your Microsoft news right here. Windows 8 is a flop like Vista. Surface RT is a flop too. Even developers are ditching Microsoft for more popular ecosystems like iOS and Android. Microsoft is yesterday's news.</Msg><Username>penguinx64</Username><Timestamp>1359601062982</Timestamp><DateTime>Wed, 2013-01-30 21:57:42 EST</DateTime><ThumbUp>3</ThumbUp><ThumbDown>1</ThumbDown><Sentiment>Strong Sell</Sentiment></Message><Message type="ReplyMessage"><Id>1359601205600-66</Id><Topic><Title>whats everyone think of microsoft</Title><Username>dontencouragetraitors</Username><Timestamp>1359562569600</Timestamp><DateTime>Wed, 2013-01-30 11:16:09 EST</DateTime></Topic><Msg>MSFT shares are down 5% since Windows 8 was released.</Msg><Username>penguinx64</Username><Timestamp>1359601205600</Timestamp><DateTime>Wed, 2013-01-30 22:00:05 EST</DateTime><ThumbUp>3</ThumbUp><ThumbDown>1</ThumbDown><Sentiment>Strong Sell</Sentiment></Message><Message type="TopicMessage"><Id>1359602001943-67</Id><Title>Office 13 Blew me away. What's this going to do to bottom line</Title><Msg>It's been a while since I downloaded a new copy of Office. Is it just me, or is this 10 buck a month deal for up to 5 computers and this tremendous software and system just an incredible, incredible problem. I am not a Microsoft shill. I just don't know how this program could be any better. How much is this program worth per share? Any ideas out there?</Msg><Username>rmal</Username><Timestamp>1359602001943</Timestamp><DateTime>Wed, 2013-01-30 22:13:21 EST</DateTime><ThumbUp>0</ThumbUp><ThumbDown>0</ThumbDown><Sentiment/></Message><Message type="ReplyMessage"><Id>1359603894271-68</Id><Topic><Title>Office 13 Blew me away. What's this going to do to bottom line</Title><Username>rmal</Username><Timestamp>1359602001943</Timestamp><DateTime>Wed, 2013-01-30 22:13:21 EST</DateTime></Topic><Msg>Office is MSFt's No. top line and bottom line contributoer, so its effect is huge. What MSft is trying to do is to incoporate some of the most recent advances in computing into Office such as social networking and cloud comuting. Of course, as for harwares, MSFt is folloing Apple's leadership into lighetr and better and touch based comuting, all in a sinlge device and all in a single interface. This is outstanding work, and it will simplfy life for humanity!!!</Msg><Username>bwu106</Username><Timestamp>1359603894271</Timestamp><DateTime>Wed, 2013-01-30 22:44:54 EST</DateTime><ThumbUp>0</ThumbUp><ThumbDown>1</ThumbDown><Sentiment>Strong Buy</Sentiment></Message><Message type="ReplyMessage"><Id>1359604159935-69</Id><Topic><Title>whats everyone think of microsoft</Title><Username>dontencouragetraitors</Username><Timestamp>1359562569600</Timestamp><DateTime>Wed, 2013-01-30 11:16:09 EST</DateTime></Topic><Msg>now, this is what i call someone with alot of intelegence! On top of all these, msftis hevily investing into harwares and these efforts shall solidify MSFt's gradual total control and value relaization of the Winodws eco systems. The unified inetrface for desktops, to laptops, then to tablest and to smartphones as well as x-box machines, all these will be hugely positive to msft. No other company is able to pull all these all togather. Office and Windows togahter will create great long term value for shareholders!</Msg><Username>bwu106</Username><Timestamp>1359604159935</Timestamp><DateTime>Wed, 2013-01-30 22:49:19 EST</DateTime><ThumbUp>0</ThumbUp><ThumbDown>2</ThumbDown><Sentiment>Strong Buy</Sentiment></Message><Message type="ReplyMessage"><Id>1359607114373-70</Id><Topic><Title>whats everyone think of microsoft</Title><Username>dontencouragetraitors</Username><Timestamp>1359562569600</Timestamp><DateTime>Wed, 2013-01-30 11:16:09 EST</DateTime></Topic><Msg>Don - is there any company not affected by the economy?</Msg><Username>loungeact131</Username><Timestamp>1359607114373</Timestamp><DateTime>Wed, 2013-01-30 23:38:34 EST</DateTime><ThumbUp>0</ThumbUp><ThumbDown>0</ThumbDown><Sentiment/></Message><Message type="ReplyMessage"><Id>1359607208848-71</Id><Topic><Title>Microsoft's New Surface Tablet Is A Horrible Value</Title><Username>wottowwottow</Username><Timestamp>1359488990024</Timestamp><DateTime>Tue, 2013-01-29 14:49:50 EST</DateTime></Topic><Msg>Spam~</Msg><Username>loungeact131</Username><Timestamp>1359607208848</Timestamp><DateTime>Wed, 2013-01-30 23:40:08 EST</DateTime><ThumbUp>0</ThumbUp><ThumbDown>0</ThumbDown><Sentiment/></Message><Message type="ReplyMessage"><Id>1359607301989-72</Id><Topic><Title>I come here all the time to see news about Microsoft</Title><Username>peppeek</Username><Timestamp>1359577710606</Timestamp><DateTime>Wed, 2013-01-30 15:28:30 EST</DateTime></Topic><Msg>Spam~</Msg><Username>loungeact131</Username><Timestamp>1359607301989</Timestamp><DateTime>Wed, 2013-01-30 23:41:41 EST</DateTime><ThumbUp>0</ThumbUp><ThumbDown>0</ThumbDown><Sentiment/></Message></Date>