<?xml version="1.0" encoding="UTF-8" standalone="no"?><Date date="2013-07-16"><Message type="TopicMessage"><Id>1373948830965-1</Id><Title>Zimmerman: white-hispanic, or hispanic-white. Obama: white-black, or black-white?</Title><Msg>What is racism?</Msg><Username>obamakneegrow</Username><Timestamp>1373948830965</Timestamp><DateTime>Tue, 2013-07-16 00:27:10 EDT</DateTime><ThumbUp>1</ThumbUp><ThumbDown>1</ThumbDown><Sentiment/></Message><Message type="ReplyMessage"><Id>1373949022100-2</Id><Topic><Title>Obama thanks Zimmerman</Title><Username>agolferbogie</Username><Timestamp>1373931702687</Timestamp><DateTime>Mon, 2013-07-15 19:41:42 EDT</DateTime></Topic><Msg>The white-black or black-white was handed a gift!</Msg><Username>obamakneegrow</Username><Timestamp>1373949022100</Timestamp><DateTime>Tue, 2013-07-16 00:30:22 EDT</DateTime><ThumbUp>2</ThumbUp><ThumbDown>0</ThumbDown><Sentiment/></Message><Message type="ReplyMessage"><Id>1373949596876-3</Id><Topic><Title>Eric Holder, biggest racist of all, calls shooting of Martin "unnecessary" to incite riots?</Title><Username>an_obama_nation</Username><Timestamp>1373914060715</Timestamp><DateTime>Mon, 2013-07-15 14:47:40 EDT</DateTime></Topic><Msg>His complexion is white then black, or black then white! Which is he favoring tells his demeanor!</Msg><Username>obamakneegrow</Username><Timestamp>1373949596876</Timestamp><DateTime>Tue, 2013-07-16 00:39:56 EDT</DateTime><ThumbUp>1</ThumbUp><ThumbDown>0</ThumbDown><Sentiment/></Message><Message type="ReplyMessage"><Id>1373950701987-4</Id><Topic><Title>MSFT will own the Cloud business and here is why....</Title><Username>ossobucco2012</Username><Timestamp>1366931968933</Timestamp><DateTime>Thu, 2013-04-25 19:19:28 EDT</DateTime></Topic><Msg>The majority of servers on the net are unix based (Linux, OSX), not Windows based. Window servers are losing market share. MS SqlServer is losing market share. Google has pretty much replaced most of the Office apps on the cloud already. IE is the worst browser as most developers hate it as they develop for the other browsers first. IE10 is still behind Chrome, Safari and Firefox. Enjoy this rally while it lasts.</Msg><Username>maxkissime</Username><Timestamp>1373950701987</Timestamp><DateTime>Tue, 2013-07-16 00:58:21 EDT</DateTime><ThumbUp>1</ThumbUp><ThumbDown>0</ThumbDown><Sentiment/></Message><Message type="ReplyMessage"><Id>1373950896250-5</Id><Topic><Title>MSFT Rewarded For Its Failures?</Title><Username>citizentod</Username><Timestamp>1373910306073</Timestamp><DateTime>Mon, 2013-07-15 13:45:06 EDT</DateTime></Topic><Msg>0.000001% market share can easily double to 0.000002%.</Msg><Username>maxkissime</Username><Timestamp>1373950896250</Timestamp><DateTime>Tue, 2013-07-16 01:01:36 EDT</DateTime><ThumbUp>2</ThumbUp><ThumbDown>0</ThumbDown><Sentiment/></Message><Message type="ReplyMessage"><Id>1373951039180-6</Id><Topic><Title>MSFT Rewarded For Its Failures?</Title><Username>citizentod</Username><Timestamp>1373910306073</Timestamp><DateTime>Mon, 2013-07-15 13:45:06 EDT</DateTime></Topic><Msg>Amazing considering that they make the most user-hostile software on the planet among the big vendors. Oracle is right up there with user-hostility.</Msg><Username>maxkissime</Username><Timestamp>1373951039180</Timestamp><DateTime>Tue, 2013-07-16 01:03:59 EDT</DateTime><ThumbUp>3</ThumbUp><ThumbDown>0</ThumbDown><Sentiment/></Message><Message type="ReplyMessage"><Id>1373953430064-7</Id><Topic><Title>Making money is to easy when your...</Title><Username>rogerwalker513</Username><Timestamp>1371786380089</Timestamp><DateTime>Thu, 2013-06-20 23:46:20 EDT</DateTime></Topic><Msg>IDCH</Msg><Username>brettlange74</Username><Timestamp>1373953430064</Timestamp><DateTime>Tue, 2013-07-16 01:43:50 EDT</DateTime><ThumbUp>0</ThumbUp><ThumbDown>1</ThumbDown><Sentiment/></Message><Message type="TopicMessage"><Id>1373960293268-8</Id><Title>What is Bill Gates' middle name?</Title><Msg>Just wondering.</Msg><Username>kaleidoscope_area</Username><Timestamp>1373960293268</Timestamp><DateTime>Tue, 2013-07-16 03:38:13 EDT</DateTime><ThumbUp>0</ThumbUp><ThumbDown>1</ThumbDown><Sentiment/></Message><Message type="ReplyMessage"><Id>1373965048045-9</Id><Topic><Title>MSFT Rewarded For Its Failures?</Title><Username>citizentod</Username><Timestamp>1373910306073</Timestamp><DateTime>Mon, 2013-07-15 13:45:06 EDT</DateTime></Topic><Msg>Besides Windows 7 and XP, does Microsoft have any successful products these days?</Msg><Username>hahahacreek</Username><Timestamp>1373965048045</Timestamp><DateTime>Tue, 2013-07-16 04:57:28 EDT</DateTime><ThumbUp>5</ThumbUp><ThumbDown>0</ThumbDown><Sentiment>Strong Sell</Sentiment></Message><Message type="ReplyMessage"><Id>1373965167411-10</Id><Topic><Title>All The Morons Have Guns Now</Title><Username>the_lord_balzy_project</Username><Timestamp>1373933422755</Timestamp><DateTime>Mon, 2013-07-15 20:10:22 EDT</DateTime></Topic><Msg>Gun prices have doubled over the past decade. It lguns are a better investment than MSFT shares.</Msg><Username>hahahacreek</Username><Timestamp>1373965167411</Timestamp><DateTime>Tue, 2013-07-16 04:59:27 EDT</DateTime><ThumbUp>7</ThumbUp><ThumbDown>0</ThumbDown><Sentiment>Sell</Sentiment></Message><Message type="ReplyMessage"><Id>1373967670240-11</Id><Topic><Title>What is Bill Gates' middle name?</Title><Username>kaleidoscope_area</Username><Timestamp>1373960293268</Timestamp><DateTime>Tue, 2013-07-16 03:38:13 EDT</DateTime></Topic><Msg>Henry. I had to look it up. I tend to remember it as "Hamilton" because of coincidences between his family's names and mine.</Msg><Username>wottowwottow</Username><Timestamp>1373967670240</Timestamp><DateTime>Tue, 2013-07-16 05:41:10 EDT</DateTime><ThumbUp>2</ThumbUp><ThumbDown>1</ThumbDown><Sentiment/></Message><Message type="ReplyMessage"><Id>1373967901378-12</Id><Topic><Title>How does a 41mp tablet that can make a phone call sound?</Title><Username>ineedastock</Username><Timestamp>1373929223182</Timestamp><DateTime>Mon, 2013-07-15 19:00:23 EDT</DateTime></Topic><Msg>I take pictures at 1mp, so they aren't too big to send as email attachments.</Msg><Username>penguinx64</Username><Timestamp>1373967901378</Timestamp><DateTime>Tue, 2013-07-16 05:45:01 EDT</DateTime><ThumbUp>1</ThumbUp><ThumbDown>0</ThumbDown><Sentiment/></Message><Message type="ReplyMessage"><Id>1373967968604-13</Id><Topic><Title>What is Bill Gates' middle name?</Title><Username>kaleidoscope_area</Username><Timestamp>1373960293268</Timestamp><DateTime>Tue, 2013-07-16 03:38:13 EDT</DateTime></Topic><Msg>His lawyer's name is Sue!</Msg><Username>penguinx64</Username><Timestamp>1373967968604</Timestamp><DateTime>Tue, 2013-07-16 05:46:08 EDT</DateTime><ThumbUp>3</ThumbUp><ThumbDown>1</ThumbDown><Sentiment>Sell</Sentiment></Message><Message type="ReplyMessage"><Id>1373968102443-14</Id><Topic><Title>What is Bill Gates' middle name?</Title><Username>kaleidoscope_area</Username><Timestamp>1373960293268</Timestamp><DateTime>Tue, 2013-07-16 03:38:13 EDT</DateTime></Topic><Msg>Not Izatso Sosumi?</Msg><Username>wottowwottow</Username><Timestamp>1373968102443</Timestamp><DateTime>Tue, 2013-07-16 05:48:22 EDT</DateTime><ThumbUp>3</ThumbUp><ThumbDown>1</ThumbDown><Sentiment/></Message><Message type="TopicMessage"><Id>1373975847179-15</Id><Title>Best Cosell Voice: This is a Country in DIS-ARRAY</Title><Msg>What is happening to America is EXACTLY what one can see happen to a leaderless company, a poorly coached team. Division, no direction, no respect for the rule(s of law), incendiary talk, and Obama more encourages it that dampens it. He did say "chill", congrats, but is afraid to stand strong against the race hate mongers who label themselves black We are a leaderless country and the chaos extends it's reach by the day.</Msg><Username>an_obama_nation</Username><Timestamp>1373975847179</Timestamp><DateTime>Tue, 2013-07-16 07:57:27 EDT</DateTime><ThumbUp>2</ThumbUp><ThumbDown>1</ThumbDown><Sentiment/></Message><Message type="ReplyMessage"><Id>1373976562951-16</Id><Topic><Title>Best Cosell Voice: This is a Country in DIS-ARRAY</Title><Username>an_obama_nation</Username><Timestamp>1373975847179</Timestamp><DateTime>Tue, 2013-07-16 07:57:27 EDT</DateTime></Topic><Msg>What would you say to the black population RWNJ.</Msg><Username>cfuryurself</Username><Timestamp>1373976562951</Timestamp><DateTime>Tue, 2013-07-16 08:09:22 EDT</DateTime><ThumbUp>0</ThumbUp><ThumbDown>3</ThumbDown><Sentiment/></Message><Message type="ReplyMessage"><Id>1373976869803-17</Id><Topic><Title>Best Cosell Voice: This is a Country in DIS-ARRAY</Title><Username>an_obama_nation</Username><Timestamp>1373975847179</Timestamp><DateTime>Tue, 2013-07-16 07:57:27 EDT</DateTime></Topic><Msg>"What would you say to the black population" What it is, home?</Msg><Username>misterreality14</Username><Timestamp>1373976869803</Timestamp><DateTime>Tue, 2013-07-16 08:14:29 EDT</DateTime><ThumbUp>2</ThumbUp><ThumbDown>0</ThumbDown><Sentiment/></Message><Message type="ReplyMessage"><Id>1373977819541-18</Id><Topic><Title>Best Cosell Voice: This is a Country in DIS-ARRAY</Title><Username>an_obama_nation</Username><Timestamp>1373975847179</Timestamp><DateTime>Tue, 2013-07-16 07:57:27 EDT</DateTime></Topic><Msg>"What would you say to the black population ..." My comments would be directed to a minority and race mongers within the black population. Why did you cheer O.J. getting away with obvious murder? Why would you protest and obviously correct verdict by law, rather than the law itself? How do threats of violence for following the current law promote progress? Why does the group refuse to follow rational logic, which tells the thinking that Trayvon broke bad when he should have moved on? We can all acknowledge tragic mistakes were made by both and the result was double tragic while realizing no one (living) violated the law.</Msg><Username>an_obama_nation</Username><Timestamp>1373977819541</Timestamp><DateTime>Tue, 2013-07-16 08:30:19 EDT</DateTime><ThumbUp>3</ThumbUp><ThumbDown>0</ThumbDown><Sentiment/></Message><Message type="ReplyMessage"><Id>1373978622960-19</Id><Topic><Title>All The Morons Have Guns Now</Title><Username>the_lord_balzy_project</Username><Timestamp>1373933422755</Timestamp><DateTime>Mon, 2013-07-15 20:10:22 EDT</DateTime></Topic><Msg>You conveniently omit who the perpetrators are. Doing some socialist ess licking to be politically correct? How does it taste? Does Apple make a matching chocolate color iphone to match your taste?</Msg><Username>splitat80</Username><Timestamp>1373978622960</Timestamp><DateTime>Tue, 2013-07-16 08:43:42 EDT</DateTime><ThumbUp>5</ThumbUp><ThumbDown>2</ThumbDown><Sentiment/></Message><Message type="ReplyMessage"><Id>1373979121298-20</Id><Topic><Title>All The Morons Have Guns Now</Title><Username>the_lord_balzy_project</Username><Timestamp>1373933422755</Timestamp><DateTime>Mon, 2013-07-15 20:10:22 EDT</DateTime></Topic><Msg>The morons are the ones without guns.</Msg><Username>misterreality14</Username><Timestamp>1373979121298</Timestamp><DateTime>Tue, 2013-07-16 08:52:01 EDT</DateTime><ThumbUp>5</ThumbUp><ThumbDown>1</ThumbDown><Sentiment/></Message><Message type="ReplyMessage"><Id>1373980980075-21</Id><Topic><Title>All The Morons Have Guns Now</Title><Username>the_lord_balzy_project</Username><Timestamp>1373933422755</Timestamp><DateTime>Mon, 2013-07-15 20:10:22 EDT</DateTime></Topic><Msg>yew must have something against soshulism- never mind that you live off what little soshul security you draw and are treated by Medicare eh- yew dont know that the entire civilized world is made up of hybrid soSHulist captalist countries-- its like if you were dumber than the dumbest jacksas</Msg><Username>father_zosima</Username><Timestamp>1373980980075</Timestamp><DateTime>Tue, 2013-07-16 09:23:00 EDT</DateTime><ThumbUp>0</ThumbUp><ThumbDown>5</ThumbDown><Sentiment/></Message><Message type="ReplyMessage"><Id>1373981767608-22</Id><Topic><Title>Best Cosell Voice: This is a Country in DIS-ARRAY</Title><Username>an_obama_nation</Username><Timestamp>1373975847179</Timestamp><DateTime>Tue, 2013-07-16 07:57:27 EDT</DateTime></Topic><Msg>The president does not need to address a small minority of the population.</Msg><Username>cfuryurself</Username><Timestamp>1373981767608</Timestamp><DateTime>Tue, 2013-07-16 09:36:07 EDT</DateTime><ThumbUp>0</ThumbUp><ThumbDown>1</ThumbDown><Sentiment/></Message><Message type="ReplyMessage"><Id>1373981919792-23</Id><Topic><Title>How does a 41mp tablet that can make a phone call sound?</Title><Username>ineedastock</Username><Timestamp>1373929223182</Timestamp><DateTime>Mon, 2013-07-15 19:00:23 EDT</DateTime></Topic><Msg>Well,what is big today will be small tomorrow</Msg><Username>knezevic67</Username><Timestamp>1373981919792</Timestamp><DateTime>Tue, 2013-07-16 09:38:39 EDT</DateTime><ThumbUp>0</ThumbUp><ThumbDown>0</ThumbDown><Sentiment>Strong Buy</Sentiment></Message><Message type="TopicMessage"><Id>1373981924129-24</Id><Title>Time to get in Nokia</Title><Msg>Microsoft's partnership makes it a great buy with earnings tomorrow.</Msg><Username>jeffreber44</Username><Timestamp>1373981924129</Timestamp><DateTime>Tue, 2013-07-16 09:38:44 EDT</DateTime><ThumbUp>0</ThumbUp><ThumbDown>0</ThumbDown><Sentiment>Strong Buy</Sentiment></Message><Message type="ReplyMessage"><Id>1373982984693-25</Id><Topic><Title>Guns will save you from black thugs</Title><Username>chicago_blackhawks_finally_2010</Username><Timestamp>1373981076024</Timestamp><DateTime>Tue, 2013-07-16 09:24:36 EDT</DateTime></Topic><Msg>Nothing will save you from your racism and bigotry. You are a particularly vile creature that could use a lesson in humility. A 6'2" American of any color would have no problem whatsoever giving that lesson to a coward that talks racist smack from behind an anonymous handle on a message board.</Msg><Username>predisposable_nym_01</Username><Timestamp>1373982984693</Timestamp><DateTime>Tue, 2013-07-16 09:56:24 EDT</DateTime><ThumbUp>1</ThumbUp><ThumbDown>2</ThumbDown><Sentiment/></Message><Message type="ReplyMessage"><Id>1373983669451-26</Id><Topic><Title>Guns will save you from black thugs</Title><Username>chicago_blackhawks_finally_2010</Username><Timestamp>1373981076024</Timestamp><DateTime>Tue, 2013-07-16 09:24:36 EDT</DateTime></Topic><Msg>Sure came close to death for Mr. Zimmerman. One more slug to his broken nose, or one more slam of his head into the cement, and Mr. Zimmerman knew the thug would kill him. Martin told him he was going to kill him. Martin stalked Zimmerman when Zimmerman returned to his car, and to get the address correct to report it to the cops. He turned around, and Martin broke his nose, and jumped him. Sure looks like liberals, and Blacks must hate Mexicans, and want to see them murdered.</Msg><Username>doublehaul32</Username><Timestamp>1373983669451</Timestamp><DateTime>Tue, 2013-07-16 10:07:49 EDT</DateTime><ThumbUp>2</ThumbUp><ThumbDown>3</ThumbDown><Sentiment/></Message><Message type="ReplyMessage"><Id>1373984321061-27</Id><Topic><Title>Guns will save you from black thugs</Title><Username>chicago_blackhawks_finally_2010</Username><Timestamp>1373981076024</Timestamp><DateTime>Tue, 2013-07-16 09:24:36 EDT</DateTime></Topic><Msg>Did you get those details from trial testimony entered into evidence?</Msg><Username>predisposable_nym_01</Username><Timestamp>1373984321061</Timestamp><DateTime>Tue, 2013-07-16 10:18:41 EDT</DateTime><ThumbUp>0</ThumbUp><ThumbDown>1</ThumbDown><Sentiment/></Message><Message type="ReplyMessage"><Id>1373984583798-28</Id><Topic><Title>Guns will save you from black thugs</Title><Username>chicago_blackhawks_finally_2010</Username><Timestamp>1373981076024</Timestamp><DateTime>Tue, 2013-07-16 09:24:36 EDT</DateTime></Topic><Msg>Go away hate monger! this is the MSFT financial board!</Msg><Username>williamdavis960</Username><Timestamp>1373984583798</Timestamp><DateTime>Tue, 2013-07-16 10:23:03 EDT</DateTime><ThumbUp>1</ThumbUp><ThumbDown>2</ThumbDown><Sentiment>Strong Buy</Sentiment></Message><Message type="ReplyMessage"><Id>1373984653125-29</Id><Topic><Title>MSFT is too beneficial to miss right now. Discover why!</Title><Username>amonroe3770</Username><Timestamp>1373984532968</Timestamp><DateTime>Tue, 2013-07-16 10:22:12 EDT</DateTime></Topic><Msg>better be good</Msg><Username>amonroe3770</Username><Timestamp>1373984653125</Timestamp><DateTime>Tue, 2013-07-16 10:24:13 EDT</DateTime><ThumbUp>0</ThumbUp><ThumbDown>1</ThumbDown><Sentiment/></Message><Message type="ReplyMessage"><Id>1373985230763-30</Id><Topic><Title>Zimmerman: white-hispanic, or hispanic-white. Obama: white-black, or black-white?</Title><Username>obamakneegrow</Username><Timestamp>1373948830965</Timestamp><DateTime>Tue, 2013-07-16 00:27:10 EDT</DateTime></Topic><Msg>What is protesting ? Beating innocent bystanders and looting Wal-Mart ? ?</Msg><Username>nw_ripper</Username><Timestamp>1373985230763</Timestamp><DateTime>Tue, 2013-07-16 10:33:50 EDT</DateTime><ThumbUp>0</ThumbUp><ThumbDown>1</ThumbDown><Sentiment/></Message><Message type="ReplyMessage"><Id>1373985450717-31</Id><Topic><Title>Best Cosell Voice: This is a Country in DIS-ARRAY</Title><Username>an_obama_nation</Username><Timestamp>1373975847179</Timestamp><DateTime>Tue, 2013-07-16 07:57:27 EDT</DateTime></Topic><Msg>Funny, this President only feels the need to weigh in to divide, never to calm.</Msg><Username>an_obama_nation</Username><Timestamp>1373985450717</Timestamp><DateTime>Tue, 2013-07-16 10:37:30 EDT</DateTime><ThumbUp>1</ThumbUp><ThumbDown>0</ThumbDown><Sentiment/></Message><Message type="TopicMessage"><Id>1373985798936-32</Id><Title>ETEK looks prime for a breakout</Title><Msg>ETEK looks like it is about to run. Do some DD on it. We could see an easy double from these levels</Msg><Username>maysc718</Username><Timestamp>1373985798936</Timestamp><DateTime>Tue, 2013-07-16 10:43:18 EDT</DateTime><ThumbUp>0</ThumbUp><ThumbDown>0</ThumbDown><Sentiment/></Message><Message type="ReplyMessage"><Id>1373985827643-33</Id><Topic><Title>MSFT is too beneficial to miss right now. Discover why!</Title><Username>amonroe3770</Username><Timestamp>1373984532968</Timestamp><DateTime>Tue, 2013-07-16 10:22:12 EDT</DateTime></Topic><Msg>Looks very suspicious. This may install a keystroke monitor on your computer and ruin your privacy. W.</Msg><Username>walter77777</Username><Timestamp>1373985827643</Timestamp><DateTime>Tue, 2013-07-16 10:43:47 EDT</DateTime><ThumbUp>1</ThumbUp><ThumbDown>0</ThumbDown><Sentiment/></Message><Message type="ReplyMessage"><Id>1373985965561-34</Id><Topic><Title>Zimmerman: white-hispanic, or hispanic-white. Obama: white-black, or black-white?</Title><Username>obamakneegrow</Username><Timestamp>1373948830965</Timestamp><DateTime>Tue, 2013-07-16 00:27:10 EDT</DateTime></Topic><Msg>Zimmerman was a "BROWN" That is the color many Mexicans refer to themselves as, and told to me! That is not me saying they are a brown. Libs portrayed Zimmerman as a white guy for racist, political reasons. And they lied,and lied, and lied somemore for political reasons.</Msg><Username>doublehaul32</Username><Timestamp>1373985965561</Timestamp><DateTime>Tue, 2013-07-16 10:46:05 EDT</DateTime><ThumbUp>2</ThumbUp><ThumbDown>1</ThumbDown><Sentiment/></Message><Message type="ReplyMessage"><Id>1373986239463-35</Id><Topic><Title>Best Cosell Voice: This is a Country in DIS-ARRAY</Title><Username>an_obama_nation</Username><Timestamp>1373975847179</Timestamp><DateTime>Tue, 2013-07-16 07:57:27 EDT</DateTime></Topic><Msg>Much of the Black population is being crucified by you leftists. Decent Blacks want ownership, oportunity not a socialized America that confines them to feeding at the govt. trough. That is a loser for Blacks, and decent Blacks know that, and their numbers are growing.</Msg><Username>doublehaul32</Username><Timestamp>1373986239463</Timestamp><DateTime>Tue, 2013-07-16 10:50:39 EDT</DateTime><ThumbUp>2</ThumbUp><ThumbDown>1</ThumbDown><Sentiment/></Message><Message type="TopicMessage"><Id>1373987216015-36</Id><Title>Shorts are screwed to a major loss if MSFT hits the earnings.</Title><Msg>Microsoft has broken the 5 year high. That is extremely bullish and will go up with nothing holding it back if they beat earnings on Thursday. Anyone short will get hammered, as there is power and legs to this stock now. Significant run in the up coming months to high 40's.</Msg><Username>ineedastock</Username><Timestamp>1373987216015</Timestamp><DateTime>Tue, 2013-07-16 11:06:56 EDT</DateTime><ThumbUp>1</ThumbUp><ThumbDown>0</ThumbDown><Sentiment/></Message><Message type="TopicMessage"><Id>1373987476555-37</Id><Title>SKYPE For XBOX ONE = Nokia 41 mp camera / cam</Title><Msg>Nokia has developed an incredible camera that can zoom in to find a needle in a haystack. It is the 1020. Think about Skype and Xbox One and large screen TV's. What would look good is the New Nokia 41 mp cam. Nokia and Microsoft have a partnership. Both of these companies are on the cutting edge of the best technologies currently. Nokia own Here cloud Mapping and it is used in all of Microsofts Backend Services. Nokia and Microsoft are strong buys in my opinion.</Msg><Username>ineedastock</Username><Timestamp>1373987476555</Timestamp><DateTime>Tue, 2013-07-16 11:11:16 EDT</DateTime><ThumbUp>1</ThumbUp><ThumbDown>0</ThumbDown><Sentiment/></Message><Message type="TopicMessage"><Id>1373987553273-38</Id><Title>Welcome apple users to Nokia Here maps</Title><Msg>Here maps is coming to IOS and it is one hell of a mapping system. The service is from Nokia (NOK). Welcome aboard.</Msg><Username>ineedastock</Username><Timestamp>1373987553273</Timestamp><DateTime>Tue, 2013-07-16 11:12:33 EDT</DateTime><ThumbUp>1</ThumbUp><ThumbDown>0</ThumbDown><Sentiment/></Message><Message type="ReplyMessage"><Id>1373987837908-39</Id><Topic><Title>Best Cosell Voice: This is a Country in DIS-ARRAY</Title><Username>an_obama_nation</Username><Timestamp>1373975847179</Timestamp><DateTime>Tue, 2013-07-16 07:57:27 EDT</DateTime></Topic><Msg>Yeah the old talking point about unemployment being the presidents fault is circling your brane.</Msg><Username>cfuryurself</Username><Timestamp>1373987837908</Timestamp><DateTime>Tue, 2013-07-16 11:17:17 EDT</DateTime><ThumbUp>0</ThumbUp><ThumbDown>1</ThumbDown><Sentiment/></Message><Message type="TopicMessage"><Id>1373988585912-40</Id><Title>In case you missed Obama's latest poll numbers....</Title><Msg>Latest Rasmussen poll of likely voters who approve of Obama is 43%. Gallup poll of Obama's job approval is 46%. That is 3% lower than Bush's approval at the same stage in his second term. Now, back to your discussion of anything but Obama's job performance.</Msg><Username>agolferbogie</Username><Timestamp>1373988585912</Timestamp><DateTime>Tue, 2013-07-16 11:29:45 EDT</DateTime><ThumbUp>3</ThumbUp><ThumbDown>1</ThumbDown><Sentiment/></Message><Message type="ReplyMessage"><Id>1373988779885-41</Id><Topic><Title>All The Morons Have Guns Now</Title><Username>the_lord_balzy_project</Username><Timestamp>1373933422755</Timestamp><DateTime>Mon, 2013-07-15 20:10:22 EDT</DateTime></Topic><Msg>The morons are incapable of connecting dots--they cant understand even simple things such as the statistics of gun deaths where the US has more than 5 times the gun deaths of any country except for the third world countrys like Somalia and Afganistan. This Neanderthal trait was not bred out during the last ice age but I doubt if it will survive till the next.</Msg><Username>father_zosima</Username><Timestamp>1373988779885</Timestamp><DateTime>Tue, 2013-07-16 11:32:59 EDT</DateTime><ThumbUp>0</ThumbUp><ThumbDown>6</ThumbDown><Sentiment/></Message><Message type="ReplyMessage"><Id>1373989183438-42</Id><Topic><Title>All The Morons Have Guns Now</Title><Username>the_lord_balzy_project</Username><Timestamp>1373933422755</Timestamp><DateTime>Mon, 2013-07-15 20:10:22 EDT</DateTime></Topic><Msg>Well farther zoozoo, most countries like Japan have their own native population and don't have to worry about anthropoid apes.</Msg><Username>misterreality14</Username><Timestamp>1373989183438</Timestamp><DateTime>Tue, 2013-07-16 11:39:43 EDT</DateTime><ThumbUp>2</ThumbUp><ThumbDown>0</ThumbDown><Sentiment/></Message><Message type="ReplyMessage"><Id>1373989349039-43</Id><Topic><Title>All The Morons Have Guns Now</Title><Username>the_lord_balzy_project</Username><Timestamp>1373933422755</Timestamp><DateTime>Mon, 2013-07-15 20:10:22 EDT</DateTime></Topic><Msg>Hey, moe, I bet you didn't know that, statistically, those that have guns in the house have higher death rates than those that don't. The other statistic is that those that have guns in the house are more likely to use the gun on a family member or themselves than a home invasion. Hey, moe, I bet you didn't know that stuff. Enjoy your guns moe.</Msg><Username>the_lord_balzy_project</Username><Timestamp>1373989349039</Timestamp><DateTime>Tue, 2013-07-16 11:42:29 EDT</DateTime><ThumbUp>0</ThumbUp><ThumbDown>7</ThumbDown><Sentiment/></Message><Message type="ReplyMessage"><Id>1373989733350-44</Id><Topic><Title>All The Morons Have Guns Now</Title><Username>the_lord_balzy_project</Username><Timestamp>1373933422755</Timestamp><DateTime>Mon, 2013-07-15 20:10:22 EDT</DateTime></Topic><Msg>Well mamabalzy, I see where your intellect has taken you. Honey Booboo is certainly your speed.</Msg><Username>agolferbogie</Username><Timestamp>1373989733350</Timestamp><DateTime>Tue, 2013-07-16 11:48:53 EDT</DateTime><ThumbUp>7</ThumbUp><ThumbDown>0</ThumbDown><Sentiment/></Message><Message type="ReplyMessage"><Id>1373989903988-45</Id><Topic><Title>All The Morons Have Guns Now</Title><Username>the_lord_balzy_project</Username><Timestamp>1373933422755</Timestamp><DateTime>Mon, 2013-07-15 20:10:22 EDT</DateTime></Topic><Msg>They may have fewer deaths but they definitely have more #$%$ whippings and rapes. If you don't want a gun that's great, but don't your low life leftist butte wipe tell me I can't have one. Any man with a family to protect should at least have the gun option whether he ever utilizes it or not. You momma is a baboon, your sister is a baboon, and "YOU" is a baboon.</Msg><Username>misterreality14</Username><Timestamp>1373989903988</Timestamp><DateTime>Tue, 2013-07-16 11:51:43 EDT</DateTime><ThumbUp>1</ThumbUp><ThumbDown>0</ThumbDown><Sentiment/></Message><Message type="ReplyMessage"><Id>1373989961859-46</Id><Topic><Title>All The Morons Have Guns Now</Title><Username>the_lord_balzy_project</Username><Timestamp>1373933422755</Timestamp><DateTime>Mon, 2013-07-15 20:10:22 EDT</DateTime></Topic><Msg>"you were dumber than the dumbest jacksas" Utterly impossible as log as you're alive, wally...</Msg><Username>predisposable_nym_01</Username><Timestamp>1373989961859</Timestamp><DateTime>Tue, 2013-07-16 11:52:41 EDT</DateTime><ThumbUp>1</ThumbUp><ThumbDown>1</ThumbDown><Sentiment/></Message><Message type="ReplyMessage"><Id>1373991159265-47</Id><Topic><Title>In case you missed Obama's latest poll numbers....</Title><Username>agolferbogie</Username><Timestamp>1373988585912</Timestamp><DateTime>Tue, 2013-07-16 11:29:45 EDT</DateTime></Topic><Msg>"Latest Rasmussen poll of likely voters who approve of Obama is 43%." Wrong ... "Tuesday, July 16, 2013" "The Rasmussen Reports daily Presidential Tracking Poll for Tuesday shows that 49% of Likely U.S. Voters approve of President Obama's job performance. Forty-nine percent (49%) disapprove" ---- "July 9, 2013" "In U.S., Bush Still Bears Brunt of Blame for Economic Woes"</Msg><Username>hawcreeks_world</Username><Timestamp>1373991159265</Timestamp><DateTime>Tue, 2013-07-16 12:12:39 EDT</DateTime><ThumbUp>1</ThumbUp><ThumbDown>1</ThumbDown><Sentiment/></Message><Message type="TopicMessage"><Id>1373993144384-48</Id><Title>Get Your Microsoft Products Now ... Before The Roads Are Flooded.</Title><Msg>"Seas may rise 2.3 metres per degree of global warming: report" "BERLIN (Reuters) - Sea levels could rise by 2.3 metres for each degree Celsius that global temperatures increase and they will remain high for centuries to come, according to a new study by the leading climate research institute, released on Monday."</Msg><Username>hawcreeks_world</Username><Timestamp>1373993144384</Timestamp><DateTime>Tue, 2013-07-16 12:45:44 EDT</DateTime><ThumbUp>0</ThumbUp><ThumbDown>0</ThumbDown><Sentiment/></Message><Message type="TopicMessage"><Id>1373993633095-49</Id><Title>Just a reminder folks...</Title><Msg>We will see $50 TODAY!!!!!!!!!!!!!!!! ----------------------------------------------------------------------------------------------------------------------------------------------- ossobucco2012 • Jun 18, 2013 7:52 PM We will trade over $50.00 in 4 weeks. Osso Sentiment: Strong Buy</Msg><Username>ossobucco20l2</Username><Timestamp>1373993633095</Timestamp><DateTime>Tue, 2013-07-16 12:53:53 EDT</DateTime><ThumbUp>1</ThumbUp><ThumbDown>2</ThumbDown><Sentiment>Strong Buy</Sentiment></Message><Message type="ReplyMessage"><Id>1373993835044-50</Id><Topic><Title>All The Morons Have Guns Now</Title><Username>the_lord_balzy_project</Username><Timestamp>1373933422755</Timestamp><DateTime>Mon, 2013-07-15 20:10:22 EDT</DateTime></Topic><Msg>"You momma is a baboon, your sister is a baboon, and "YOU" is a baboon." Ditto Rush Limpballs!</Msg><Username>the_lord_balzy_project</Username><Timestamp>1373993835044</Timestamp><DateTime>Tue, 2013-07-16 12:57:15 EDT</DateTime><ThumbUp>0</ThumbUp><ThumbDown>3</ThumbDown><Sentiment/></Message><Message type="ReplyMessage"><Id>1373994864740-51</Id><Topic><Title>All The Morons Have Guns Now</Title><Username>the_lord_balzy_project</Username><Timestamp>1373933422755</Timestamp><DateTime>Mon, 2013-07-15 20:10:22 EDT</DateTime></Topic><Msg>I thought morons (i.e., liberals) were anti-gun.</Msg><Username>zingermaster</Username><Timestamp>1373994864740</Timestamp><DateTime>Tue, 2013-07-16 13:14:24 EDT</DateTime><ThumbUp>1</ThumbUp><ThumbDown>0</ThumbDown><Sentiment/></Message><Message type="TopicMessage"><Id>1373994890882-52</Id><Title>TODAY IS THE DAY!!!!!!!!!!!!!!!!!!!!!!!!!!!!!!!!!!!!!!!!</Title><Msg>ossobucco2012 • Jun 18, 2013 7:52 PM We will trade over $50.00 in 4 weeks. Osso Sentiment: Strong Buy</Msg><Username>ossobucco20l2</Username><Timestamp>1373994890882</Timestamp><DateTime>Tue, 2013-07-16 13:14:50 EDT</DateTime><ThumbUp>1</ThumbUp><ThumbDown>2</ThumbDown><Sentiment>Strong Buy</Sentiment></Message><Message type="ReplyMessage"><Id>1373995100506-53</Id><Topic><Title>Guns will save you from black thugs</Title><Username>chicago_blackhawks_finally_2010</Username><Timestamp>1373981076024</Timestamp><DateTime>Tue, 2013-07-16 09:24:36 EDT</DateTime></Topic><Msg>Yes - only serious discussion of MSFT allowed here - GO AWAY! Osso</Msg><Username>ossobucco20l2</Username><Timestamp>1373995100506</Timestamp><DateTime>Tue, 2013-07-16 13:18:20 EDT</DateTime><ThumbUp>0</ThumbUp><ThumbDown>0</ThumbDown><Sentiment>Strong Buy</Sentiment></Message><Message type="TopicMessage"><Id>1373995286088-54</Id><Title>If Zimmerman is a "White Hispanic"</Title><Msg>....because one parent was white and the other Hispanic, does that make Obama a white African-American? Zimmerman appears as Hispanic, as Obama appears African-American. What is the difference?</Msg><Username>plmartin2013</Username><Timestamp>1373995286088</Timestamp><DateTime>Tue, 2013-07-16 13:21:26 EDT</DateTime><ThumbUp>3</ThumbUp><ThumbDown>1</ThumbDown><Sentiment/></Message><Message type="ReplyMessage"><Id>1373996110167-55</Id><Topic><Title>If Zimmerman is a "White Hispanic"</Title><Username>plmartin2013</Username><Timestamp>1373995286088</Timestamp><DateTime>Tue, 2013-07-16 13:21:26 EDT</DateTime></Topic><Msg>The difference is that you are a RWNJ purveyor of online fukery with nothing more productive to do with yourself.</Msg><Username>cfuryurself</Username><Timestamp>1373996110167</Timestamp><DateTime>Tue, 2013-07-16 13:35:10 EDT</DateTime><ThumbUp>0</ThumbUp><ThumbDown>3</ThumbDown><Sentiment/></Message><Message type="ReplyMessage"><Id>1373996368646-56</Id><Topic><Title>If Zimmerman is a "White Hispanic"</Title><Username>plmartin2013</Username><Timestamp>1373995286088</Timestamp><DateTime>Tue, 2013-07-16 13:21:26 EDT</DateTime></Topic><Msg>Yeh, what are they? Is terrorism violence in the work place, and what is the "N" word? Why don't leftist call "things" what they are? What the hell is going on in America today?</Msg><Username>misterreality14</Username><Timestamp>1373996368646</Timestamp><DateTime>Tue, 2013-07-16 13:39:28 EDT</DateTime><ThumbUp>3</ThumbUp><ThumbDown>0</ThumbDown><Sentiment/></Message><Message type="ReplyMessage"><Id>1373996752751-57</Id><Topic><Title>MSFT will own the Cloud business and here is why....</Title><Username>ossobucco2012</Username><Timestamp>1366931968933</Timestamp><DateTime>Thu, 2013-04-25 19:19:28 EDT</DateTime></Topic><Msg>msft cloud crashes/goes offline much more than internet providers do. stays down longer too. this is good news for workers! maybe not for execs tho.</Msg><Username>corneliusflake</Username><Timestamp>1373996752751</Timestamp><DateTime>Tue, 2013-07-16 13:45:52 EDT</DateTime><ThumbUp>0</ThumbUp><ThumbDown>0</ThumbDown><Sentiment/></Message><Message type="ReplyMessage"><Id>1373997181668-58</Id><Topic><Title>MSFT is too beneficial to miss right now. Discover why!</Title><Username>amonroe3770</Username><Timestamp>1373984532968</Timestamp><DateTime>Tue, 2013-07-16 10:22:12 EDT</DateTime></Topic><Msg>good eye, walt! but even if they just get paid per click for spamming, this site should still be avoided!!!</Msg><Username>corneliusflake</Username><Timestamp>1373997181668</Timestamp><DateTime>Tue, 2013-07-16 13:53:01 EDT</DateTime><ThumbUp>0</ThumbUp><ThumbDown>0</ThumbDown><Sentiment/></Message><Message type="ReplyMessage"><Id>1373997319740-59</Id><Topic><Title>Zimmerman: white-hispanic, or hispanic-white. Obama: white-black, or black-white?</Title><Username>obamakneegrow</Username><Timestamp>1373948830965</Timestamp><DateTime>Tue, 2013-07-16 00:27:10 EDT</DateTime></Topic><Msg>you want the market symbol or just want to know what business sector? :-D</Msg><Username>corneliusflake</Username><Timestamp>1373997319740</Timestamp><DateTime>Tue, 2013-07-16 13:55:19 EDT</DateTime><ThumbUp>0</ThumbUp><ThumbDown>0</ThumbDown><Sentiment/></Message><Message type="ReplyMessage"><Id>1373997387671-60</Id><Topic><Title>Just a reminder folks...</Title><Username>ossobucco20l2</Username><Timestamp>1373993633095</Timestamp><DateTime>Tue, 2013-07-16 12:53:53 EDT</DateTime></Topic><Msg>it's good to be reminded ... ;-) go l2!</Msg><Username>corneliusflake</Username><Timestamp>1373997387671</Timestamp><DateTime>Tue, 2013-07-16 13:56:27 EDT</DateTime><ThumbUp>0</ThumbUp><ThumbDown>0</ThumbDown><Sentiment/></Message><Message type="ReplyMessage"><Id>1373997460118-61</Id><Topic><Title>TODAY IS THE DAY!!!!!!!!!!!!!!!!!!!!!!!!!!!!!!!!!!!!!!!!</Title><Username>ossobucco20l2</Username><Timestamp>1373994890882</Timestamp><DateTime>Tue, 2013-07-16 13:14:50 EDT</DateTime></Topic><Msg>just as accurate as the $45 in may prediction! go l2!</Msg><Username>corneliusflake</Username><Timestamp>1373997460118</Timestamp><DateTime>Tue, 2013-07-16 13:57:40 EDT</DateTime><ThumbUp>0</ThumbUp><ThumbDown>0</ThumbDown><Sentiment/></Message><Message type="ReplyMessage"><Id>1373997483283-62</Id><Topic><Title>If Zimmerman is a "White Hispanic"</Title><Username>plmartin2013</Username><Timestamp>1373995286088</Timestamp><DateTime>Tue, 2013-07-16 13:21:26 EDT</DateTime></Topic><Msg>{The difference is that you are a RWNJ purveyor of online fukery with nothing more productive to do with yourself.} Translation: "There is no answer (other than tangential profanity-infused, childish name calling) because there is no logic, reason, or foundation to the emotional religion of liberalism."</Msg><Username>plmartin2013</Username><Timestamp>1373997483283</Timestamp><DateTime>Tue, 2013-07-16 13:58:03 EDT</DateTime><ThumbUp>2</ThumbUp><ThumbDown>0</ThumbDown><Sentiment/></Message><Message type="ReplyMessage"><Id>1373997999954-63</Id><Topic><Title>If Zimmerman is a "White Hispanic"</Title><Username>plmartin2013</Username><Timestamp>1373995286088</Timestamp><DateTime>Tue, 2013-07-16 13:21:26 EDT</DateTime></Topic><Msg>According to the shooting victim WHOM WAS THE ONLY ONE TO utter racist names, he was a "CRACKER".</Msg><Username>krarners_ghost</Username><Timestamp>1373997999954</Timestamp><DateTime>Tue, 2013-07-16 14:06:39 EDT</DateTime><ThumbUp>5</ThumbUp><ThumbDown>0</ThumbDown><Sentiment/></Message><Message type="ReplyMessage"><Id>1373998820417-64</Id><Topic><Title>MSFT Rewarded For Its Failures?</Title><Username>citizentod</Username><Timestamp>1373910306073</Timestamp><DateTime>Mon, 2013-07-15 13:45:06 EDT</DateTime></Topic><Msg>You seriously have no idea? XBOX Windows Server Hyper V Exchange Server SQL Server IIS Azure Microsoft Dynamics Office 365 All are very successful in the market place.</Msg><Username>bjaythebear</Username><Timestamp>1373998820417</Timestamp><DateTime>Tue, 2013-07-16 14:20:20 EDT</DateTime><ThumbUp>1</ThumbUp><ThumbDown>2</ThumbDown><Sentiment/></Message><Message type="ReplyMessage"><Id>1373999015561-65</Id><Topic><Title>If Zimmerman is a "White Hispanic"</Title><Username>plmartin2013</Username><Timestamp>1373995286088</Timestamp><DateTime>Tue, 2013-07-16 13:21:26 EDT</DateTime></Topic><Msg>because there is no logic, reason, or foundation to the emotional RWNJ</Msg><Username>cfuryurself</Username><Timestamp>1373999015561</Timestamp><DateTime>Tue, 2013-07-16 14:23:35 EDT</DateTime><ThumbUp>0</ThumbUp><ThumbDown>3</ThumbDown><Sentiment/></Message><Message type="TopicMessage"><Id>1373999523979-66</Id><Title>Fanning the Flames of Hatred</Title><Msg>Last night, Al Sharpton said that he and his National Action Network are mobilizing protests in 100 cities, further stoking the flames of racism and hatred where none existed until his agitating began. While Americans rightly have protected freedoms to peacefully protest, any costs incurred to patrol or clean up after these protests, or for any damage or destruction that may occur should be directly billed to Sharpton and his organization, or his MSNBC pay attached up to 100% until the debts are paid in full.</Msg><Username>plmartin2013</Username><Timestamp>1373999523979</Timestamp><DateTime>Tue, 2013-07-16 14:32:03 EDT</DateTime><ThumbUp>3</ThumbUp><ThumbDown>1</ThumbDown><Sentiment/></Message><Message type="ReplyMessage"><Id>1373999894437-67</Id><Topic><Title>Guns will save you from black thugs</Title><Username>chicago_blackhawks_finally_2010</Username><Timestamp>1373981076024</Timestamp><DateTime>Tue, 2013-07-16 09:24:36 EDT</DateTime></Topic><Msg>I take from your failure to respond to my question that you are a lying sack of s h i t. You're kind of like pigeontoe and his imaginary [[[FALCON]]], just making s h i t up as you go along, huh?</Msg><Username>predisposable_nym_01</Username><Timestamp>1373999894437</Timestamp><DateTime>Tue, 2013-07-16 14:38:14 EDT</DateTime><ThumbUp>0</ThumbUp><ThumbDown>0</ThumbDown><Sentiment/></Message><Message type="ReplyMessage"><Id>1374001403879-68</Id><Topic><Title>Guns will save you from black thugs</Title><Username>chicago_blackhawks_finally_2010</Username><Timestamp>1373981076024</Timestamp><DateTime>Tue, 2013-07-16 09:24:36 EDT</DateTime></Topic><Msg>{A 6'2" American of any color would have no problem whatsoever giving that lesson to a coward that talks racist smack from behind an anonymous handle on a message board.} Have to agree with you completely on this one, though I highly suspect he is a lefty rabblerouser by the tactic employed. Guns have a high potential to save you from thugs of any variety. Down here in Texas, that happens to be Hispanics running drugs from Mexico. Thuggery knows no color. It is similar to the linguistic chicanery of the "problem" of "gun violence" when the problem is violence itself.</Msg><Username>plmartin2013</Username><Timestamp>1374001403879</Timestamp><DateTime>Tue, 2013-07-16 15:03:23 EDT</DateTime><ThumbUp>0</ThumbUp><ThumbDown>0</ThumbDown><Sentiment/></Message><Message type="TopicMessage"><Id>1374001756019-69</Id><Title>Strong showing, up on a panick day created by CNBC</Title><Msg>CNBC scares the hell out of retail and the pros take them down short. MSFT kicked the shorts AXZ. This stock has unlimited upside potential and this is just another example.</Msg><Username>ineedastock</Username><Timestamp>1374001756019</Timestamp><DateTime>Tue, 2013-07-16 15:09:16 EDT</DateTime><ThumbUp>0</ThumbUp><ThumbDown>0</ThumbDown><Sentiment/></Message><Message type="ReplyMessage"><Id>1374002088396-70</Id><Topic><Title>If Zimmerman is a "White Hispanic"</Title><Username>plmartin2013</Username><Timestamp>1373995286088</Timestamp><DateTime>Tue, 2013-07-16 13:21:26 EDT</DateTime></Topic><Msg>"he was a "CRACKER" Does that name bother you ? I don't care if they call me Cracker, Whitey, Pale Face, Honky, Milky, #$%$, Frosty, Marshmallow, Albino Monkeys, Hillbilly, Gringo ... or whatever the latest name is ... it don't bother me one bit, it bothers only Racist People.</Msg><Username>hawcreeks_world</Username><Timestamp>1374002088396</Timestamp><DateTime>Tue, 2013-07-16 15:14:48 EDT</DateTime><ThumbUp>0</ThumbUp><ThumbDown>3</ThumbDown><Sentiment/></Message><Message type="TopicMessage"><Id>1374002216251-71</Id><Title>MSFT is poor. This is exactly why.</Title><Msg>If or when you are looking for information concerning the stock market, then you might as well take a look at this... Link:- 7DOTly/pQz (Remove DOT &amp; Use .)</Msg><Username>christopher.barnett14</Username><Timestamp>1374002216251</Timestamp><DateTime>Tue, 2013-07-16 15:16:56 EDT</DateTime><ThumbUp>0</ThumbUp><ThumbDown>1</ThumbDown><Sentiment>Sell</Sentiment></Message><Message type="ReplyMessage"><Id>1374002556616-72</Id><Topic><Title>MSFT is poor. This is exactly why.</Title><Username>christopher.barnett14</Username><Timestamp>1374002216251</Timestamp><DateTime>Tue, 2013-07-16 15:16:56 EDT</DateTime></Topic><Msg>it will rise from the ashes</Msg><Username>christopher.barnett14</Username><Timestamp>1374002556616</Timestamp><DateTime>Tue, 2013-07-16 15:22:36 EDT</DateTime><ThumbUp>0</ThumbUp><ThumbDown>1</ThumbDown><Sentiment/></Message><Message type="TopicMessage"><Id>1374002799327-73</Id><Title>Thugs Gunning for Zimmerman's Hispanic Mother</Title><Msg>Zimmerman's mother and father have received numerous death threats from thugs roused up by Obama, Holder, Sharpton, and the rest of the mob of liberal thugs whose depravity knows no bounds. When will there be justice for innocent people threatened and bullied by rioters and depraved politicians?</Msg><Username>kinderjimmy9</Username><Timestamp>1374002799327</Timestamp><DateTime>Tue, 2013-07-16 15:26:39 EDT</DateTime><ThumbUp>2</ThumbUp><ThumbDown>3</ThumbDown><Sentiment/></Message><Message type="ReplyMessage"><Id>1374003300556-74</Id><Topic><Title>VIX Below 20 closed under 19 and going to 15 on Monday....</Title><Username>ossobucco2012</Username><Timestamp>1371868014842</Timestamp><DateTime>Fri, 2013-06-21 22:26:54 EDT</DateTime></Topic><Msg>"AS predicted.... Osso" HAR HAR HAR!!! Hey, ossowronginsomanyways, you fraud. Where is your $50 price? HAR HAR HAR!!! What a complete dumb a s s.</Msg><Username>predisposable_nym_01</Username><Timestamp>1374003300556</Timestamp><DateTime>Tue, 2013-07-16 15:35:00 EDT</DateTime><ThumbUp>1</ThumbUp><ThumbDown>1</ThumbDown><Sentiment/></Message><Message type="ReplyMessage"><Id>1374003598098-75</Id><Topic><Title>Thugs Gunning for Zimmerman's Hispanic Mother</Title><Username>kinderjimmy9</Username><Timestamp>1374002799327</Timestamp><DateTime>Tue, 2013-07-16 15:26:39 EDT</DateTime></Topic><Msg>Will Holder send FBI agents to Florida to protect Mrs. Zimmerman from racist thugs?</Msg><Username>kinderjimmy9</Username><Timestamp>1374003598098</Timestamp><DateTime>Tue, 2013-07-16 15:39:58 EDT</DateTime><ThumbUp>2</ThumbUp><ThumbDown>2</ThumbDown><Sentiment/></Message><Message type="ReplyMessage"><Id>1374005098479-76</Id><Topic><Title>Thugs Gunning for Zimmerman's Hispanic Mother</Title><Username>kinderjimmy9</Username><Timestamp>1374002799327</Timestamp><DateTime>Tue, 2013-07-16 15:26:39 EDT</DateTime></Topic><Msg>I guess You like to twist the truth ... and try to make your own news. Since Obama and Holder is further investigating Zimmerman ... they Are Not rousing anyone up ... except you Right-Wing Stooges. That leaves Sharpton.</Msg><Username>hawcreeks_world</Username><Timestamp>1374005098479</Timestamp><DateTime>Tue, 2013-07-16 16:04:58 EDT</DateTime><ThumbUp>3</ThumbUp><ThumbDown>2</ThumbDown><Sentiment/></Message><Message type="ReplyMessage"><Id>1374005159868-77</Id><Topic><Title>If Zimmerman is a "White Hispanic"</Title><Username>plmartin2013</Username><Timestamp>1373995286088</Timestamp><DateTime>Tue, 2013-07-16 13:21:26 EDT</DateTime></Topic><Msg>No, it makes them nothing different than what they are. If you look at GZ's uncle, you can see he has been "mixed" with Mexican or Central American natives. Spaniards aka "whites" mixed with natives, aka "Indians." GZ is passing for white, Obama is not. Plenty of Black people are as white as GZ. Some pass for white, in the old days at least. "Imitation of Life", a movie, go watch it. What is your racial purity, do you really know? Too bad you weren't living in 1930's Germany, you would be a good follower. You're a White Nut.</Msg><Username>obamas_nation</Username><Timestamp>1374005159868</Timestamp><DateTime>Tue, 2013-07-16 16:05:59 EDT</DateTime><ThumbUp>0</ThumbUp><ThumbDown>4</ThumbDown><Sentiment>Buy</Sentiment></Message><Message type="ReplyMessage"><Id>1374005183477-78</Id><Topic><Title>If Zimmerman is a "White Hispanic"</Title><Username>plmartin2013</Username><Timestamp>1373995286088</Timestamp><DateTime>Tue, 2013-07-16 13:21:26 EDT</DateTime></Topic><Msg>I don't care if they call me Cracker either, mowron. What I object to is the DOJ preparing a case against Mr Z for violating Mr T's racial rights. They already investigated Mr Z for that and failed to come up with anything. In fact, the only racial slur was voiced by Mr T, CRACKER. Yet, the left wing imbeciles insist Mr Z actions were based on race.</Msg><Username>misterreality14</Username><Timestamp>1374005183477</Timestamp><DateTime>Tue, 2013-07-16 16:06:23 EDT</DateTime><ThumbUp>0</ThumbUp><ThumbDown>0</ThumbDown><Sentiment/></Message><Message type="ReplyMessage"><Id>1374005420479-79</Id><Topic><Title>If Zimmerman is a "White Hispanic"</Title><Username>plmartin2013</Username><Timestamp>1373995286088</Timestamp><DateTime>Tue, 2013-07-16 13:21:26 EDT</DateTime></Topic><Msg>Since when is cracker racist? I think of it as someone backwards, like you. Calling someone cracker or sob is the same thing to me, not racist in the least. Racist is what you are. The only people I have seen racist against white people are asian people Who are also pretty white, hahahahahaha</Msg><Username>ghosanonon</Username><Timestamp>1374005420479</Timestamp><DateTime>Tue, 2013-07-16 16:10:20 EDT</DateTime><ThumbUp>0</ThumbUp><ThumbDown>4</ThumbDown><Sentiment>Buy</Sentiment></Message><Message type="ReplyMessage"><Id>1374005430236-80</Id><Topic><Title>All The Morons Have Guns Now</Title><Username>the_lord_balzy_project</Username><Timestamp>1373933422755</Timestamp><DateTime>Mon, 2013-07-15 20:10:22 EDT</DateTime></Topic><Msg>It took many many many generations of incest to create a lawn sausage like you.</Msg><Username>the_lord_balzy_project</Username><Timestamp>1374005430236</Timestamp><DateTime>Tue, 2013-07-16 16:10:30 EDT</DateTime><ThumbUp>0</ThumbUp><ThumbDown>1</ThumbDown><Sentiment/></Message><Message type="ReplyMessage"><Id>1374005468637-81</Id><Topic><Title>VIX Below 20 closed under 19 and going to 15 on Monday....</Title><Username>ossobucco2012</Username><Timestamp>1371868014842</Timestamp><DateTime>Fri, 2013-06-21 22:26:54 EDT</DateTime></Topic><Msg>you malevolent old excrement bag, you don't like M$FT or it's products so stick to your Nancy Boi sites.</Msg><Username>williamdavis960</Username><Timestamp>1374005468637</Timestamp><DateTime>Tue, 2013-07-16 16:11:08 EDT</DateTime><ThumbUp>0</ThumbUp><ThumbDown>0</ThumbDown><Sentiment>Strong Buy</Sentiment></Message><Message type="ReplyMessage"><Id>1374005880611-82</Id><Topic><Title>If Zimmerman is a "White Hispanic"</Title><Username>plmartin2013</Username><Timestamp>1373995286088</Timestamp><DateTime>Tue, 2013-07-16 13:21:26 EDT</DateTime></Topic><Msg>"Calling someone cracker or sob is the same thing to me, not racist in the least." I concur whole heartily! I also don't consider calling someone the "N" fully pronounced racist. I can remember when it was as common as SOB ect.. And you could use the word Watermelon on the golf course with out risk of getting your career ruined. My, how things have changed.</Msg><Username>misterreality14</Username><Timestamp>1374005880611</Timestamp><DateTime>Tue, 2013-07-16 16:18:00 EDT</DateTime><ThumbUp>0</ThumbUp><ThumbDown>0</ThumbDown><Sentiment/></Message><Message type="ReplyMessage"><Id>1374005929267-83</Id><Topic><Title>Thugs Gunning for Zimmerman's Hispanic Mother</Title><Username>kinderjimmy9</Username><Timestamp>1374002799327</Timestamp><DateTime>Tue, 2013-07-16 15:26:39 EDT</DateTime></Topic><Msg>Obama and Holder are racists and race mongers and yes they are rousing up thugs to attack Zimmerman's parents and anyone who resists their racist mongering agenda. Remember Rev Wright, the Boston cop/professor, black panthers, Obama's membership in the racist Congressional Black Caucus as a senator ... and Obama's immediate comments after the Trayvon Martin incident just to name a few proofs. I'm surprised you didn't offer a defense for Sharpton ... a man who has spent his entire career leading racially motivated mob violence.</Msg><Username>kinderjimmy9</Username><Timestamp>1374005929267</Timestamp><DateTime>Tue, 2013-07-16 16:18:49 EDT</DateTime><ThumbUp>3</ThumbUp><ThumbDown>2</ThumbDown><Sentiment/></Message><Message type="ReplyMessage"><Id>1374006235881-84</Id><Topic><Title>Thugs Gunning for Zimmerman's Hispanic Mother</Title><Username>kinderjimmy9</Username><Timestamp>1374002799327</Timestamp><DateTime>Tue, 2013-07-16 15:26:39 EDT</DateTime></Topic><Msg>" I'm surprised you didn't offer a defense for Sharpton" I don't like Sharpton ... and if he stirs things up with his organization ... he should be sent the bill to pay for the damage.</Msg><Username>hawcreeks_world</Username><Timestamp>1374006235881</Timestamp><DateTime>Tue, 2013-07-16 16:23:55 EDT</DateTime><ThumbUp>0</ThumbUp><ThumbDown>0</ThumbDown><Sentiment/></Message><Message type="ReplyMessage"><Id>1374006489037-85</Id><Topic><Title>All The Morons Have Guns Now</Title><Username>the_lord_balzy_project</Username><Timestamp>1373933422755</Timestamp><DateTime>Mon, 2013-07-15 20:10:22 EDT</DateTime></Topic><Msg>It appears Tard Baldy is announcing he got a gun?</Msg><Username>an_obama_nation</Username><Timestamp>1374006489037</Timestamp><DateTime>Tue, 2013-07-16 16:28:09 EDT</DateTime><ThumbUp>2</ThumbUp><ThumbDown>1</ThumbDown><Sentiment/></Message><Message type="ReplyMessage"><Id>1374007179756-86</Id><Topic><Title>If Zimmerman is a "White Hispanic"</Title><Username>plmartin2013</Username><Timestamp>1373995286088</Timestamp><DateTime>Tue, 2013-07-16 13:21:26 EDT</DateTime></Topic><Msg>"Yet, the left wing imbeciles insist Mr Z actions were based on race." "SANFORD, Fla. — Several times in six months, neighborhood watch captain George Zimmerman called police to report suspicious characters in the gated community where he lived. Each time, when asked, he reported that the suspects were black males."</Msg><Username>hawcreeks_world</Username><Timestamp>1374007179756</Timestamp><DateTime>Tue, 2013-07-16 16:39:39 EDT</DateTime><ThumbUp>0</ThumbUp><ThumbDown>0</ThumbDown><Sentiment/></Message><Message type="ReplyMessage"><Id>1374007302034-87</Id><Topic><Title>All The Morons Have Guns Now</Title><Username>the_lord_balzy_project</Username><Timestamp>1373933422755</Timestamp><DateTime>Mon, 2013-07-15 20:10:22 EDT</DateTime></Topic><Msg>the king of queerdom is heard from eh phands</Msg><Username>father_zosima</Username><Timestamp>1374007302034</Timestamp><DateTime>Tue, 2013-07-16 16:41:42 EDT</DateTime><ThumbUp>0</ThumbUp><ThumbDown>2</ThumbDown><Sentiment/></Message><Message type="ReplyMessage"><Id>1374007319895-88</Id><Topic><Title>Thugs Gunning for Zimmerman's Hispanic Mother</Title><Username>kinderjimmy9</Username><Timestamp>1374002799327</Timestamp><DateTime>Tue, 2013-07-16 15:26:39 EDT</DateTime></Topic><Msg>Funny. I haven't heard the strong statement from La Raza either. You know, the largest national Hispanic civil rights and advocacy organization in the United States. Surely they are outraged about the threats being made against this Hispanic family. Or maybe they just care about illegal Hispanics?</Msg><Username>plmartin2013</Username><Timestamp>1374007319895</Timestamp><DateTime>Tue, 2013-07-16 16:41:59 EDT</DateTime><ThumbUp>2</ThumbUp><ThumbDown>3</ThumbDown><Sentiment/></Message><Message type="ReplyMessage"><Id>1374007573147-89</Id><Topic><Title>If Zimmerman is a "White Hispanic"</Title><Username>plmartin2013</Username><Timestamp>1373995286088</Timestamp><DateTime>Tue, 2013-07-16 13:21:26 EDT</DateTime></Topic><Msg>reported them as black males......so what? what should he have reported? There's actually been crimes committed in my city and the TV stations would only report they were males, I suppose they didn't want to be considered racist so they left out race? So, in fact the public didn't know what to look out for, that's just great, really great.</Msg><Username>krarners_ghost</Username><Timestamp>1374007573147</Timestamp><DateTime>Tue, 2013-07-16 16:46:13 EDT</DateTime><ThumbUp>1</ThumbUp><ThumbDown>0</ThumbDown><Sentiment/></Message><Message type="ReplyMessage"><Id>1374007591573-90</Id><Topic><Title>All The Morons Have Guns Now</Title><Username>the_lord_balzy_project</Username><Timestamp>1373933422755</Timestamp><DateTime>Mon, 2013-07-15 20:10:22 EDT</DateTime></Topic><Msg>I bet you are referring to black people as being the cause of the high gun death rates in the USA aren't you you sly guy you- but then you being a Neanderthal couldn't possible associate the high gun ownership of the US with the outrageous gun death numbers we have-- little children and old people caught in the murderous crossfire of the redneck army which has no purpose except to destroy have the US population for no reason except to vent their hate</Msg><Username>father_zosima</Username><Timestamp>1374007591573</Timestamp><DateTime>Tue, 2013-07-16 16:46:31 EDT</DateTime><ThumbUp>0</ThumbUp><ThumbDown>1</ThumbDown><Sentiment/></Message><Message type="ReplyMessage"><Id>1374007705241-91</Id><Topic><Title>If Zimmerman is a "White Hispanic"</Title><Username>plmartin2013</Username><Timestamp>1373995286088</Timestamp><DateTime>Tue, 2013-07-16 13:21:26 EDT</DateTime></Topic><Msg>you got that upside down bubb- since when is cracker NOT racist</Msg><Username>father_zosima</Username><Timestamp>1374007705241</Timestamp><DateTime>Tue, 2013-07-16 16:48:25 EDT</DateTime><ThumbUp>0</ThumbUp><ThumbDown>0</ThumbDown><Sentiment/></Message><Message type="ReplyMessage"><Id>1374007872098-92</Id><Topic><Title>If Zimmerman is a "White Hispanic"</Title><Username>plmartin2013</Username><Timestamp>1373995286088</Timestamp><DateTime>Tue, 2013-07-16 13:21:26 EDT</DateTime></Topic><Msg>"reported them as black males......so what? what should he have reported? " Reported Black males as a different color ?</Msg><Username>hawcreeks_world</Username><Timestamp>1374007872098</Timestamp><DateTime>Tue, 2013-07-16 16:51:12 EDT</DateTime><ThumbUp>0</ThumbUp><ThumbDown>0</ThumbDown><Sentiment/></Message><Message type="ReplyMessage"><Id>1374007982139-93</Id><Topic><Title>All The Morons Have Guns Now</Title><Username>the_lord_balzy_project</Username><Timestamp>1373933422755</Timestamp><DateTime>Mon, 2013-07-15 20:10:22 EDT</DateTime></Topic><Msg>" bet you are referring to black people as being the cause of the high gun death rates in the USA aren't you " You said it, not me. Chicago probably has 99% of gun deaths in the country, just about all are black gun deaths. Get you head out of your pie hole.</Msg><Username>krarners_ghost</Username><Timestamp>1374007982139</Timestamp><DateTime>Tue, 2013-07-16 16:53:02 EDT</DateTime><ThumbUp>2</ThumbUp><ThumbDown>0</ThumbDown><Sentiment/></Message><Message type="ReplyMessage"><Id>1374008121969-94</Id><Topic><Title>SKYPE For XBOX ONE = Nokia 41 mp camera / cam</Title><Username>ineedastock</Username><Timestamp>1373987476555</Timestamp><DateTime>Tue, 2013-07-16 11:11:16 EDT</DateTime></Topic><Msg>Why is that a positive??? That just makes the NSA's pictures of you crystal clear. That's the true reason why the Xbox was supposed to be always connected to the internet that way the NSA can turn it on at will or if the camera shows a group in front of it.</Msg><Username>creephhi</Username><Timestamp>1374008121969</Timestamp><DateTime>Tue, 2013-07-16 16:55:21 EDT</DateTime><ThumbUp>0</ThumbUp><ThumbDown>0</ThumbDown><Sentiment/></Message><Message type="ReplyMessage"><Id>1374008130882-95</Id><Topic><Title>Thugs Gunning for Zimmerman's Hispanic Mother</Title><Username>kinderjimmy9</Username><Timestamp>1374002799327</Timestamp><DateTime>Tue, 2013-07-16 15:26:39 EDT</DateTime></Topic><Msg>"But if George Zimmerman was hoping to find support in the Latino community, he should look elsewhere. “The Latino community joins the African-American community and other communities in condemning George Zimmerman as what he is – a murderer and a racist,” Roberto Lovato, co-founder of the online Latino advocacy organization Presente.org, told The Daily Caller." "La Raza has rallied for Martin with the civil rights community as well."</Msg><Username>hawcreeks_world</Username><Timestamp>1374008130882</Timestamp><DateTime>Tue, 2013-07-16 16:55:30 EDT</DateTime><ThumbUp>1</ThumbUp><ThumbDown>1</ThumbDown><Sentiment/></Message><Message type="ReplyMessage"><Id>1374008272310-96</Id><Topic><Title>If Zimmerman is a "White Hispanic"</Title><Username>plmartin2013</Username><Timestamp>1373995286088</Timestamp><DateTime>Tue, 2013-07-16 13:21:26 EDT</DateTime></Topic><Msg>M Z did say "they" so now I suppose it will be considered racist to use "they". Add "they" to the list along with watermelon, black and the "n" word.</Msg><Username>krarners_ghost</Username><Timestamp>1374008272310</Timestamp><DateTime>Tue, 2013-07-16 16:57:52 EDT</DateTime><ThumbUp>2</ThumbUp><ThumbDown>0</ThumbDown><Sentiment/></Message><Message type="ReplyMessage"><Id>1374010851564-97</Id><Topic><Title>Osso is a bag of excrement</Title><Username>phands.theheretic6</Username><Timestamp>1370287761738</Timestamp><DateTime>Mon, 2013-06-03 15:29:21 EDT</DateTime></Topic><Msg>needs a bump</Msg><Username>the.heretic8</Username><Timestamp>1374010851564</Timestamp><DateTime>Tue, 2013-07-16 17:40:51 EDT</DateTime><ThumbUp>0</ThumbUp><ThumbDown>0</ThumbDown><Sentiment>Strong Sell</Sentiment></Message><Message type="ReplyMessage"><Id>1374011134361-98</Id><Topic><Title>If Zimmerman is a "White Hispanic"</Title><Username>plmartin2013</Username><Timestamp>1373995286088</Timestamp><DateTime>Tue, 2013-07-16 13:21:26 EDT</DateTime></Topic><Msg>Obammy is an America hating log of camel SH#$.</Msg><Username>chicago_blackhawks_finally_2010</Username><Timestamp>1374011134361</Timestamp><DateTime>Tue, 2013-07-16 17:45:34 EDT</DateTime><ThumbUp>1</ThumbUp><ThumbDown>0</ThumbDown><Sentiment/></Message><Message type="TopicMessage"><Id>1374011272634-99</Id><Title>Zimmerman is a murdering cretin....hawKKKunt is a rwnj #$%$</Title><Msg>Both deserve to die</Msg><Username>the.heretic8</Username><Timestamp>1374011272634</Timestamp><DateTime>Tue, 2013-07-16 17:47:52 EDT</DateTime><ThumbUp>1</ThumbUp><ThumbDown>3</ThumbDown><Sentiment>Strong Sell</Sentiment></Message><Message type="ReplyMessage"><Id>1374012983509-100</Id><Topic><Title>If Zimmerman is a "White Hispanic"</Title><Username>plmartin2013</Username><Timestamp>1373995286088</Timestamp><DateTime>Tue, 2013-07-16 13:21:26 EDT</DateTime></Topic><Msg>Well, they were black males. In fact, 8 recent robberies in that very neighborhood were all perped by black males per police reports. Can we not dare voice facts anymore? Orwell must be rejoicing at his prescience.</Msg><Username>ghosananon</Username><Timestamp>1374012983509</Timestamp><DateTime>Tue, 2013-07-16 18:16:23 EDT</DateTime><ThumbUp>0</ThumbUp><ThumbDown>0</ThumbDown><Sentiment/></Message><Message type="ReplyMessage"><Id>1374013680981-101</Id><Topic><Title>Zimmerman is a murdering cretin....hawKKKunt is a rwnj #$%$</Title><Username>the.heretic8</Username><Timestamp>1374011272634</Timestamp><DateTime>Tue, 2013-07-16 17:47:52 EDT</DateTime></Topic><Msg>The only ones that deserve to die is you and oj. FOAD</Msg><Username>krarners_ghost</Username><Timestamp>1374013680981</Timestamp><DateTime>Tue, 2013-07-16 18:28:00 EDT</DateTime><ThumbUp>1</ThumbUp><ThumbDown>2</ThumbDown><Sentiment/></Message><Message type="ReplyMessage"><Id>1374014236043-102</Id><Topic><Title>Zimmerman is a murdering cretin....hawKKKunt is a rwnj #$%$</Title><Username>the.heretic8</Username><Timestamp>1374011272634</Timestamp><DateTime>Tue, 2013-07-16 17:47:52 EDT</DateTime></Topic><Msg>get dead, kkkunt</Msg><Username>the.heretic8</Username><Timestamp>1374014236043</Timestamp><DateTime>Tue, 2013-07-16 18:37:16 EDT</DateTime><ThumbUp>1</ThumbUp><ThumbDown>3</ThumbDown><Sentiment>Strong Sell</Sentiment></Message><Message type="ReplyMessage"><Id>1374014401418-103</Id><Topic><Title>Zimmerman is a murdering cretin....hawKKKunt is a rwnj #$%$</Title><Username>the.heretic8</Username><Timestamp>1374011272634</Timestamp><DateTime>Tue, 2013-07-16 17:47:52 EDT</DateTime></Topic><Msg>kiss my you know what,,,,,s...k...a...n...k</Msg><Username>krarners_ghost</Username><Timestamp>1374014401418</Timestamp><DateTime>Tue, 2013-07-16 18:40:01 EDT</DateTime><ThumbUp>1</ThumbUp><ThumbDown>2</ThumbDown><Sentiment/></Message><Message type="ReplyMessage"><Id>1374015344958-104</Id><Topic><Title>Zimmerman is a murdering cretin....hawKKKunt is a rwnj #$%$</Title><Username>the.heretic8</Username><Timestamp>1374011272634</Timestamp><DateTime>Tue, 2013-07-16 17:47:52 EDT</DateTime></Topic><Msg>get dead #$%$.</Msg><Username>the.heretic8</Username><Timestamp>1374015344958</Timestamp><DateTime>Tue, 2013-07-16 18:55:44 EDT</DateTime><ThumbUp>1</ThumbUp><ThumbDown>1</ThumbDown><Sentiment>Strong Sell</Sentiment></Message><Message type="ReplyMessage"><Id>1374016257244-105</Id><Topic><Title>Zimmerman is a murdering cretin....hawKKKunt is a rwnj #$%$</Title><Username>the.heretic8</Username><Timestamp>1374011272634</Timestamp><DateTime>Tue, 2013-07-16 17:47:52 EDT</DateTime></Topic><Msg>Bend over and smile while I relieve myself, $%#&amp;*^^</Msg><Username>krarners_ghost</Username><Timestamp>1374016257244</Timestamp><DateTime>Tue, 2013-07-16 19:10:57 EDT</DateTime><ThumbUp>0</ThumbUp><ThumbDown>1</ThumbDown><Sentiment/></Message><Message type="TopicMessage"><Id>1374016746941-106</Id><Title>Love my Samsung Google Chromebook</Title><Msg>No Windows 8 Metro Tiles!!! Windows 8 is the worst disaster since Vista!</Msg><Username>papa.weelee</Username><Timestamp>1374016746941</Timestamp><DateTime>Tue, 2013-07-16 19:19:06 EDT</DateTime><ThumbUp>2</ThumbUp><ThumbDown>0</ThumbDown><Sentiment>Strong Sell</Sentiment></Message><Message type="ReplyMessage"><Id>1374017040697-107</Id><Topic><Title>All The Morons Have Guns Now</Title><Username>the_lord_balzy_project</Username><Timestamp>1373933422755</Timestamp><DateTime>Mon, 2013-07-15 20:10:22 EDT</DateTime></Topic><Msg>Shove your gun up our ssa and keep pulling the trigger until it goes "click". Make sure it's loaded first moe.</Msg><Username>the_lord_balzy_project</Username><Timestamp>1374017040697</Timestamp><DateTime>Tue, 2013-07-16 19:24:00 EDT</DateTime><ThumbUp>0</ThumbUp><ThumbDown>2</ThumbDown><Sentiment/></Message><Message type="TopicMessage"><Id>1374021775077-108</Id><Title>WOW ......love the precident in the Zimm case</Title><Msg>I'm packen up my smallest pistol and headed off to #$%$ town. I'll mosey up to the bar and order a bud light and start ranting about ex president boooshh. No more than 15 minutes later i will have my target staring me in the face and calling me all sorts of faux news derived names. I only respond with " at least i'm not an overweight puzzy" Ow then its on, I let him strike at me once and then i pull out my pistol and shoot the facker and then start refining my story before the cops get there. After the trial, I'll do it all over again. I guess i can bag one RWNJ every year.. Get ur game on dum a ss es.</Msg><Username>cfuryurself</Username><Timestamp>1374021775077</Timestamp><DateTime>Tue, 2013-07-16 20:42:55 EDT</DateTime><ThumbUp>4</ThumbUp><ThumbDown>3</ThumbDown><Sentiment/></Message><Message type="ReplyMessage"><Id>1374023104074-109</Id><Topic><Title>Serious Advancement for MSFT</Title><Username>schums74</Username><Timestamp>1374021283415</Timestamp><DateTime>Tue, 2013-07-16 20:34:43 EDT</DateTime></Topic><Msg>Man. I tried this app a few days ago for WLT and then again for ARTH and it hit it right on the money. Sick!</Msg><Username>paige.brooks87</Username><Timestamp>1374023104074</Timestamp><DateTime>Tue, 2013-07-16 21:05:04 EDT</DateTime><ThumbUp>1</ThumbUp><ThumbDown>1</ThumbDown><Sentiment/></Message><Message type="TopicMessage"><Id>1374024125931-110</Id><Title>One other thing the Zimmerman case should make abundantly clear to all, is that liberals don't care about</Title><Msg>upholding laws nor do they believe in innocence under the law when no compelling evidence is available to the contrary. In short, liberals are unAmerican when it does not go per their emotions. The FBI can conduct an extensive history check and find a person is not racist, but if it fits the lig\berals agenda he is anyway. We are winding our way to a civil conflict in this country, and the Criminal in Chief is aiding and abetting the divisions</Msg><Username>an_obama_nation</Username><Timestamp>1374024125931</Timestamp><DateTime>Tue, 2013-07-16 21:22:05 EDT</DateTime><ThumbUp>4</ThumbUp><ThumbDown>6</ThumbDown><Sentiment/></Message><Message type="ReplyMessage"><Id>1374025005982-111</Id><Topic><Title>WOW ......love the precident in the Zimm case</Title><Username>cfuryurself</Username><Timestamp>1374021775077</Timestamp><DateTime>Tue, 2013-07-16 20:42:55 EDT</DateTime></Topic><Msg>Love when people try to appear clever but can't even spell.</Msg><Username>an_obama_nation</Username><Timestamp>1374025005982</Timestamp><DateTime>Tue, 2013-07-16 21:36:45 EDT</DateTime><ThumbUp>2</ThumbUp><ThumbDown>0</ThumbDown><Sentiment/></Message><Message type="ReplyMessage"><Id>1374025503713-112</Id><Topic><Title>WOW ......love the precident in the Zimm case</Title><Username>cfuryurself</Username><Timestamp>1374021775077</Timestamp><DateTime>Tue, 2013-07-16 20:42:55 EDT</DateTime></Topic><Msg>Go in a black bar and rant about Obama.....HAR HAR HAR....IDIOT..!</Msg><Username>krarners_ghost</Username><Timestamp>1374025503713</Timestamp><DateTime>Tue, 2013-07-16 21:45:03 EDT</DateTime><ThumbUp>3</ThumbUp><ThumbDown>0</ThumbDown><Sentiment/></Message><Message type="ReplyMessage"><Id>1374026979663-113</Id><Topic><Title>If Zimmerman is a "White Hispanic"</Title><Username>plmartin2013</Username><Timestamp>1373995286088</Timestamp><DateTime>Tue, 2013-07-16 13:21:26 EDT</DateTime></Topic><Msg>"Since when is cracker racist? " Same circumstances where Ni***r is racist, when it's intended to be, as it was in this case without question.</Msg><Username>an_obama_nation</Username><Timestamp>1374026979663</Timestamp><DateTime>Tue, 2013-07-16 22:09:39 EDT</DateTime><ThumbUp>1</ThumbUp><ThumbDown>0</ThumbDown><Sentiment/></Message><Message type="ReplyMessage"><Id>1374028257108-114</Id><Topic><Title>One other thing the Zimmerman case should make abundantly clear to all, is that liberals don't care about</Title><Username>an_obama_nation</Username><Timestamp>1374024125931</Timestamp><DateTime>Tue, 2013-07-16 21:22:05 EDT</DateTime></Topic><Msg>"In short, liberals are unAmerican when it does not go per their emotions." I guess it can go your way too ... Like when Obama gets Elected Twice and you don't agree. In short, Right-Wing Wackos are unAmerican when it does not go per their emotions.</Msg><Username>hawcreeks_world</Username><Timestamp>1374028257108</Timestamp><DateTime>Tue, 2013-07-16 22:30:57 EDT</DateTime><ThumbUp>3</ThumbUp><ThumbDown>3</ThumbDown><Sentiment/></Message><Message type="ReplyMessage"><Id>1374029010463-115</Id><Topic><Title>One other thing the Zimmerman case should make abundantly clear to all, is that liberals don't care about</Title><Username>an_obama_nation</Username><Timestamp>1374024125931</Timestamp><DateTime>Tue, 2013-07-16 21:22:05 EDT</DateTime></Topic><Msg>"I guess it can go your way too ... Like when Obama gets Elected Twice and you don't agree." Not remotely comparable, moe. Libs are talking about locking a guy up who violated no laws.</Msg><Username>an_obama_nation</Username><Timestamp>1374029010463</Timestamp><DateTime>Tue, 2013-07-16 22:43:30 EDT</DateTime><ThumbUp>4</ThumbUp><ThumbDown>1</ThumbDown><Sentiment/></Message><Message type="ReplyMessage"><Id>1374029042540-116</Id><Topic><Title>Serious Advancement for MSFT</Title><Username>schums74</Username><Timestamp>1374021283415</Timestamp><DateTime>Tue, 2013-07-16 20:34:43 EDT</DateTime></Topic><Msg>Its a nice Mobile Application that gives you Trend Signals to Buy, Sell or Hold a security when you download it and type a ticker into the applications Quote Box. You can type and see Trade Signals for any security symbol you would like.</Msg><Username>michaelclermont38</Username><Timestamp>1374029042540</Timestamp><DateTime>Tue, 2013-07-16 22:44:02 EDT</DateTime><ThumbUp>0</ThumbUp><ThumbDown>0</ThumbDown><Sentiment/></Message><Message type="ReplyMessage"><Id>1374030326066-117</Id><Topic><Title>One other thing the Zimmerman case should make abundantly clear to all, is that liberals don't care about</Title><Username>an_obama_nation</Username><Timestamp>1374024125931</Timestamp><DateTime>Tue, 2013-07-16 21:22:05 EDT</DateTime></Topic><Msg>"Libs are talking about locking a guy up who violated no laws." Kinda like OJ Simpson ... he was "Not Guilty" too. Like OJ ... lets see what the Civil Suit does.</Msg><Username>hawcreeks_world</Username><Timestamp>1374030326066</Timestamp><DateTime>Tue, 2013-07-16 23:05:26 EDT</DateTime><ThumbUp>1</ThumbUp><ThumbDown>3</ThumbDown><Sentiment/></Message><Message type="ReplyMessage"><Id>1374030557639-118</Id><Topic><Title>One other thing the Zimmerman case should make abundantly clear to all, is that liberals don't care about</Title><Username>an_obama_nation</Username><Timestamp>1374024125931</Timestamp><DateTime>Tue, 2013-07-16 21:22:05 EDT</DateTime></Topic><Msg>"Kinda like OJ Simpson ..." No, the activist blacks cheered his acquittal "...he was "Not Guilty" too" Not remotely similar, dense moe, in O.J.s case a crime was committed, in this case no crime was committed..</Msg><Username>an_obama_nation</Username><Timestamp>1374030557639</Timestamp><DateTime>Tue, 2013-07-16 23:09:17 EDT</DateTime><ThumbUp>2</ThumbUp><ThumbDown>1</ThumbDown><Sentiment/></Message><Message type="ReplyMessage"><Id>1374032424807-119</Id><Topic><Title>One other thing the Zimmerman case should make abundantly clear to all, is that liberals don't care about</Title><Username>an_obama_nation</Username><Timestamp>1374024125931</Timestamp><DateTime>Tue, 2013-07-16 21:22:05 EDT</DateTime></Topic><Msg>We are winding our way to a civil conflict in this country, and the Criminal in Chief is aiding and abetting the divisions Less We certainly are- and we already have our General Sherman lookalike to do the big butt kicking in the South again- just like 1865</Msg><Username>father_zosima</Username><Timestamp>1374032424807</Timestamp><DateTime>Tue, 2013-07-16 23:40:24 EDT</DateTime><ThumbUp>1</ThumbUp><ThumbDown>3</ThumbDown><Sentiment/></Message><Message type="ReplyMessage"><Id>1374032642735-120</Id><Topic><Title>One other thing the Zimmerman case should make abundantly clear to all, is that liberals don't care about</Title><Username>an_obama_nation</Username><Timestamp>1374024125931</Timestamp><DateTime>Tue, 2013-07-16 21:22:05 EDT</DateTime></Topic><Msg>"in O.J.s case a crime was committed" Just like Zimmerman, according to the Jury ... NO Crime was committed.</Msg><Username>hawcreeks_world</Username><Timestamp>1374032642735</Timestamp><DateTime>Tue, 2013-07-16 23:44:02 EDT</DateTime><ThumbUp>1</ThumbUp><ThumbDown>3</ThumbDown><Sentiment/></Message></Date>