<?xml version="1.0" encoding="UTF-8" standalone="no"?><Date date="2013-02-15"><Message type="ReplyMessage"><Id>1360905075197-1</Id><Topic><Title>Every 1Million Surface Pro sales = 1Billion in new revenue for Microsoft</Title><Username>bengraham650</Username><Timestamp>1360891106277</Timestamp><DateTime>Thu, 2013-02-14 20:18:26 EST</DateTime></Topic><Msg>What to do about this monster? Summon the villagers and tell them to bring torches and pitchforks? Or notify the faithful to continue shunning it until it fades away. By the way if they get 20% of the tablet market that will be more than 20 times what they have now. Good thing they started 11 years ago or it might not have reached the level they're at now. And how much do they make on the units that get returned? Just the RTs though. No one would return a pro ...</Msg><Username>fan_tazer</Username><Timestamp>1360905075197</Timestamp><DateTime>Fri, 2013-02-15 00:11:15 EST</DateTime><ThumbUp>1</ThumbUp><ThumbDown>0</ThumbDown><Sentiment/></Message><Message type="ReplyMessage"><Id>1360905803731-2</Id><Topic><Title>Fortune 500s testing Surface Pro deployment for employees</Title><Username>bengraham650</Username><Timestamp>1360890967353</Timestamp><DateTime>Thu, 2013-02-14 20:16:07 EST</DateTime></Topic><Msg>HIV positive? (Horrible Interface Version) Makes sense. But more for the pharma industry than F500.</Msg><Username>fan_tazer</Username><Timestamp>1360905803731</Timestamp><DateTime>Fri, 2013-02-15 00:23:23 EST</DateTime><ThumbUp>2</ThumbUp><ThumbDown>2</ThumbDown><Sentiment/></Message><Message type="ReplyMessage"><Id>1360906197395-3</Id><Topic><Title>Fortune 500s testing Surface Pro deployment for employees</Title><Username>bengraham650</Username><Timestamp>1360890967353</Timestamp><DateTime>Thu, 2013-02-14 20:16:07 EST</DateTime></Topic><Msg>Get lost stupid.</Msg><Username>williamdavis960</Username><Timestamp>1360906197395</Timestamp><DateTime>Fri, 2013-02-15 00:29:57 EST</DateTime><ThumbUp>1</ThumbUp><ThumbDown>0</ThumbDown><Sentiment>Strong Buy</Sentiment></Message><Message type="ReplyMessage"><Id>1360906532026-4</Id><Topic><Title>Fortune 500s testing Surface Pro deployment for employees</Title><Username>bengraham650</Username><Timestamp>1360890967353</Timestamp><DateTime>Thu, 2013-02-14 20:16:07 EST</DateTime></Topic><Msg>Ok. Gotcha! Now what do I do with you, lost stupid? Once you figure it out send up a flare ...</Msg><Username>corneliusflake</Username><Timestamp>1360906532026</Timestamp><DateTime>Fri, 2013-02-15 00:35:32 EST</DateTime><ThumbUp>0</ThumbUp><ThumbDown>1</ThumbDown><Sentiment/></Message><Message type="TopicMessage"><Id>1360907004420-5</Id><Title>First 6 days with Surface Pro 128</Title><Msg>I was lucky, had a best buy hold the device and drove 3 hours away to get it last Saturday. I have installed 2013 Office, Visual Studio 2008 for app programming, SQL Server 2008, added it to my corporate domain. Also installed full version of Adobe Acrobat Pro, and Adobe Photoshop. Also, running company rmm tool software and three other proprietary applications such as connectwise. I bought an usb port extender, a displayport to vga adapter and run a second 27 inch monitor. I dropped my old laptop bag which held a 16 inch sony i5/128gb ssd machine, and now my surface simply fits in a small sachel/briefcase. Performance of the machine is unbeatable, the boot speed easily beats the sony. The Pen is simply amazing, I find I use it the most as a secondary mouse and found it especially useful and when not having it find it annoying to reach in touch the screen...which you wouldn't think..you will see what I mean when you use it a week. I was at a meeting at Panera Bread today, this location is full of business meetings in the mornings, I easily seen half dozen people having a corporate laptop right next to their ipad. Hell you need the entire table, the footprint is so small for the surface on your desk/table you have a place to work. Finally, carry one device, leave the bulky laptop at home or retire it as I have. I have been a software developer for 13 years, and I need computing power the surface has the power I need to run everything from compiling apps, running database servers for local development. I cannot say enough with how impressed I am with this tablet/laptop it has changed the way I work for the better. Corporate America will be buying these or similar windows 8 pro tablets such as the HP Envy X2. There will be full product lines of win 8 tablets from all manufactures within two years, these devices will eliminate the need to carry a "second" ipad. It will simply be in the way and be handed to the kids to play cute games.</Msg><Username>lawhorn99</Username><Timestamp>1360907004420</Timestamp><DateTime>Fri, 2013-02-15 00:43:24 EST</DateTime><ThumbUp>3</ThumbUp><ThumbDown>0</ThumbDown><Sentiment/></Message><Message type="TopicMessage"><Id>1360913638002-6</Id><Title>“Gartner estimates that Microsoft sold fewer than 900,000 Surface tablets in the fourth quarter…”</Title><Msg>Not looking too good!</Msg><Username>dogeater2013</Username><Timestamp>1360913638002</Timestamp><DateTime>Fri, 2013-02-15 02:33:58 EST</DateTime><ThumbUp>1</ThumbUp><ThumbDown>1</ThumbDown><Sentiment/></Message><Message type="TopicMessage"><Id>1360917470851-7</Id><Title>all Surface pro 64 Gb are sold out at all my loacal Best Buy stores, again!!!!</Title><Msg>Looks like the Surface Pros are selling realy well. Over the last a few days, some of my local stores still had the 64 version, though no 128 version all along. However, starting today, a total of about 15 stores (Vernon Hills, IL) none of them have any now. I tried Best Buy store to order, but store pick up is about 3-5 days away. This menas sometime next week. Surface Pros, all loking good for MSFT. If 1 million of the Pros are sold this quater, and another 1 millon of the RT is sold this quater, we are looking at $1.5 billions of fresh new revenue!!!! This willput it at $6 billion on a yearly basis.</Msg><Username>bwu106</Username><Timestamp>1360917470851</Timestamp><DateTime>Fri, 2013-02-15 03:37:50 EST</DateTime><ThumbUp>1</ThumbUp><ThumbDown>0</ThumbDown><Sentiment>Strong Buy</Sentiment></Message><Message type="ReplyMessage"><Id>1360917607637-8</Id><Topic><Title>“Gartner estimates that Microsoft sold fewer than 900,000 Surface tablets in the fourth quarter…”</Title><Username>dogeater2013</Username><Timestamp>1360913638002</Timestamp><DateTime>Fri, 2013-02-15 02:33:58 EST</DateTime></Topic><Msg>i millin a quater for 2 months of the last quater is acturally very good!!! Now, if you add in the Surface Pros, we may be looking at $1.5 billions of fresh top line!!!! On a yearly basis, that is $6 billions. This is basically another new company within a year!</Msg><Username>bwu106</Username><Timestamp>1360917607637</Timestamp><DateTime>Fri, 2013-02-15 03:40:07 EST</DateTime><ThumbUp>1</ThumbUp><ThumbDown>1</ThumbDown><Sentiment>Strong Buy</Sentiment></Message><Message type="ReplyMessage"><Id>1360917712791-9</Id><Topic><Title>Fortune 500s testing Surface Pro deployment for employees</Title><Username>bengraham650</Username><Timestamp>1360890967353</Timestamp><DateTime>Thu, 2013-02-14 20:16:07 EST</DateTime></Topic><Msg>not only fortune 500 in the us. I think all the corporate companies from small to big, all all governements around the world, are looking into buying them!!!! Opportunities for MSFt is many times of the current MSFT!!!</Msg><Username>bwu106</Username><Timestamp>1360917712791</Timestamp><DateTime>Fri, 2013-02-15 03:41:52 EST</DateTime><ThumbUp>1</ThumbUp><ThumbDown>2</ThumbDown><Sentiment>Strong Buy</Sentiment></Message><Message type="ReplyMessage"><Id>1360929741197-10</Id><Topic><Title>Let the record reflect, hawcraper aka cyber critter claimed he 'debunked' hawcreek again when 100% wrong himself</Title><Username>hawcreek12</Username><Timestamp>1360928505378</Timestamp><DateTime>Fri, 2013-02-15 06:41:45 EST</DateTime></Topic><Msg>Waste another day. Scrape some more garbage out of the right-wingnut echo chamber and paste it here. How about some tin-foik-hat nonsense about how the red cross is stocking up on hollowpoints preparing to Vince Foster your teatard ssa. Bet you can find it in the bowels of wingnuttia.</Msg><Username>truth_in_government</Username><Timestamp>1360929741197</Timestamp><DateTime>Fri, 2013-02-15 07:02:21 EST</DateTime><ThumbUp>0</ThumbUp><ThumbDown>2</ThumbDown><Sentiment/></Message><Message type="ReplyMessage"><Id>1360929831504-11</Id><Topic><Title>what Microsoft can achieve in next few days?</Title><Username>rhodesfreddie</Username><Timestamp>1360928540810</Timestamp><DateTime>Fri, 2013-02-15 06:42:20 EST</DateTime></Topic><Msg>good report</Msg><Username>maxmorrison599</Username><Timestamp>1360929831504</Timestamp><DateTime>Fri, 2013-02-15 07:03:51 EST</DateTime><ThumbUp>0</ThumbUp><ThumbDown>0</ThumbDown><Sentiment/></Message><Message type="ReplyMessage"><Id>1360930298583-12</Id><Topic><Title>what Microsoft can achieve in next few days?</Title><Username>rhodesfreddie</Username><Timestamp>1360928540810</Timestamp><DateTime>Fri, 2013-02-15 06:42:20 EST</DateTime></Topic><Msg>thank you</Msg><Username>zacharywade361</Username><Timestamp>1360930298583</Timestamp><DateTime>Fri, 2013-02-15 07:11:38 EST</DateTime><ThumbUp>0</ThumbUp><ThumbDown>0</ThumbDown><Sentiment/></Message><Message type="ReplyMessage"><Id>1360930737003-13</Id><Topic><Title>what Microsoft can achieve in next few days?</Title><Username>rhodesfreddie</Username><Timestamp>1360928540810</Timestamp><DateTime>Fri, 2013-02-15 06:42:20 EST</DateTime></Topic><Msg>shorting msft at p/e 5-7 needs guts noboday has, especially no the Surface Pro as well as Surface RT are taking off!!! Hope shorts get killed for real!!!!</Msg><Username>bwu106</Username><Timestamp>1360930737003</Timestamp><DateTime>Fri, 2013-02-15 07:18:57 EST</DateTime><ThumbUp>1</ThumbUp><ThumbDown>0</ThumbDown><Sentiment>Strong Buy</Sentiment></Message><Message type="ReplyMessage"><Id>1360930761765-14</Id><Topic><Title>what Microsoft can achieve in next few days?</Title><Username>rhodesfreddie</Username><Timestamp>1360928540810</Timestamp><DateTime>Fri, 2013-02-15 06:42:20 EST</DateTime></Topic><Msg>thanks</Msg><Username>leonsims227</Username><Timestamp>1360930761765</Timestamp><DateTime>Fri, 2013-02-15 07:19:21 EST</DateTime><ThumbUp>0</ThumbUp><ThumbDown>0</ThumbDown><Sentiment/></Message><Message type="ReplyMessage"><Id>1360931678551-15</Id><Topic><Title>what Microsoft can achieve in next few days?</Title><Username>rhodesfreddie</Username><Timestamp>1360928540810</Timestamp><DateTime>Fri, 2013-02-15 06:42:20 EST</DateTime></Topic><Msg>agree, useful report</Msg><Username>jakefuller725</Username><Timestamp>1360931678551</Timestamp><DateTime>Fri, 2013-02-15 07:34:38 EST</DateTime><ThumbUp>0</ThumbUp><ThumbDown>0</ThumbDown><Sentiment/></Message><Message type="ReplyMessage"><Id>1360931963187-16</Id><Topic><Title>what Microsoft can achieve in next few days?</Title><Username>rhodesfreddie</Username><Timestamp>1360928540810</Timestamp><DateTime>Fri, 2013-02-15 06:42:20 EST</DateTime></Topic><Msg>thanks!</Msg><Username>williamdawson333</Username><Timestamp>1360931963187</Timestamp><DateTime>Fri, 2013-02-15 07:39:23 EST</DateTime><ThumbUp>0</ThumbUp><ThumbDown>0</ThumbDown><Sentiment/></Message><Message type="TopicMessage"><Id>1360933946243-17</Id><Title>Whopping Improvement for (MSFT) **MUST SEE**</Title><Msg>If or when you are looking for information concerning the stock market, then you might as well take a look at this... **pennywatch[dot]org/info-MSFT</Msg><Username>ronaldhargrove21</Username><Timestamp>1360933946243</Timestamp><DateTime>Fri, 2013-02-15 08:12:26 EST</DateTime><ThumbUp>8</ThumbUp><ThumbDown>1</ThumbDown><Sentiment/></Message><Message type="TopicMessage"><Id>1360934465882-18</Id><Title>Subject</Title><Msg>Type message</Msg><Username>father_zosima</Username><Timestamp>1360934465882</Timestamp><DateTime>Fri, 2013-02-15 08:21:05 EST</DateTime><ThumbUp>0</ThumbUp><ThumbDown>1</ThumbDown><Sentiment>Strong Buy</Sentiment></Message><Message type="ReplyMessage"><Id>1360934696624-19</Id><Topic><Title>Just got off the phone with the richest man I know</Title><Username>hawcreek12</Username><Timestamp>1360771875377</Timestamp><DateTime>Wed, 2013-02-13 11:11:15 EST</DateTime></Topic><Msg>Neither they nor I think that you are funny or interesting enough to laugh at. As far as the "puzzy" thing goes, my name is Gary Gibson. I live in Virginia Beach, VA. Go to Poppa's Pub at Shore Dr. and Diamond Springs Rd. Ask for me there. You can some see me any time to test that "puzzy" theory, boy. But it's best if you just stay where you are and continue to hide and bloviate from behind your anonymity. Because you won't be leaving town under your own power...</Msg><Username>predisposable_nym_01</Username><Timestamp>1360934696624</Timestamp><DateTime>Fri, 2013-02-15 08:24:56 EST</DateTime><ThumbUp>1</ThumbUp><ThumbDown>1</ThumbDown><Sentiment/></Message><Message type="TopicMessage"><Id>1360934701685-20</Id><Title>New Microsoft products</Title><Msg>With Surface Pro, SurfaceRT and Office 2013 Microsoft stands to crush the apples and droids this year</Msg><Username>father_zosima</Username><Timestamp>1360934701685</Timestamp><DateTime>Fri, 2013-02-15 08:25:01 EST</DateTime><ThumbUp>1</ThumbUp><ThumbDown>1</ThumbDown><Sentiment/></Message><Message type="TopicMessage"><Id>1360934929752-21</Id><Title>bbry sales versus msft, bbry will win because of buy america act</Title><Msg>thats why they are using the analysts comments for cover, to manipulate the retail out of the stock before the run up to 50 Apple and msft cannot run like that. Its impossible. bbry can IMO</Msg><Username>muppettsalad</Username><Timestamp>1360934929752</Timestamp><DateTime>Fri, 2013-02-15 08:28:49 EST</DateTime><ThumbUp>0</ThumbUp><ThumbDown>1</ThumbDown><Sentiment>Strong Buy</Sentiment></Message><Message type="ReplyMessage"><Id>1360935109511-22</Id><Topic><Title>Just got off the phone with the richest man I know</Title><Username>hawcreek12</Username><Timestamp>1360771875377</Timestamp><DateTime>Wed, 2013-02-13 11:11:15 EST</DateTime></Topic><Msg>phands that was pretty good for someone with only two neurons left</Msg><Username>father_zosima</Username><Timestamp>1360935109511</Timestamp><DateTime>Fri, 2013-02-15 08:31:49 EST</DateTime><ThumbUp>1</ThumbUp><ThumbDown>0</ThumbDown><Sentiment/></Message><Message type="ReplyMessage"><Id>1360936204202-23</Id><Topic><Title>AP verifies story of Homeland Security buying 100 years of bullets, poor fool hawcraper</Title><Username>hawcreek12</Username><Timestamp>1360935564035</Timestamp><DateTime>Fri, 2013-02-15 08:39:24 EST</DateTime></Topic><Msg>What the crapper is complaining about IS the facts. He thinks they should be eliminated to level the playing field. The far left isn't getting their falsehoods supported llike they were in Obama's first term.</Msg><Username>joedokes45</Username><Timestamp>1360936204202</Timestamp><DateTime>Fri, 2013-02-15 08:50:04 EST</DateTime><ThumbUp>3</ThumbUp><ThumbDown>5</ThumbDown><Sentiment/></Message><Message type="TopicMessage"><Id>1360936431679-24</Id><Title>Expect msft shares to break out today</Title><Msg>the stock has tried a few times to finish above 28 a few times, but so far it has not donw it in a meaningful way. I think we could see it happening today or early next week. Massive buying signal if it touches 28.3 or above.</Msg><Username>bwu106</Username><Timestamp>1360936431679</Timestamp><DateTime>Fri, 2013-02-15 08:53:51 EST</DateTime><ThumbUp>0</ThumbUp><ThumbDown>1</ThumbDown><Sentiment>Strong Buy</Sentiment></Message><Message type="ReplyMessage"><Id>1360936506721-25</Id><Topic><Title>Whopping Improvement for (MSFT) **MUST SEE**</Title><Username>ronaldhargrove21</Username><Timestamp>1360933946243</Timestamp><DateTime>Fri, 2013-02-15 08:12:26 EST</DateTime></Topic><Msg>well said</Msg><Username>lucio.declouette</Username><Timestamp>1360936506721</Timestamp><DateTime>Fri, 2013-02-15 08:55:06 EST</DateTime><ThumbUp>10</ThumbUp><ThumbDown>1</ThumbDown><Sentiment/></Message><Message type="TopicMessage"><Id>1360936558571-26</Id><Title>MSFT ex-d next week, 23 cents a share!!</Title><Msg>expect some shorts will try to cover over coming days since they do nto want to pay the dividened. Also, for anyone who wants to capiture the nice divi, the they have got a few days to buy the shares. All combined, we can see the shares finally breaking oout!</Msg><Username>bwu106</Username><Timestamp>1360936558571</Timestamp><DateTime>Fri, 2013-02-15 08:55:58 EST</DateTime><ThumbUp>0</ThumbUp><ThumbDown>0</ThumbDown><Sentiment>Strong Buy</Sentiment></Message><Message type="TopicMessage"><Id>1360936746990-27</Id><Title>Advice to msft Board of Directores, accelerate share buybacks now!</Title><Msg>Gates and Ballmer, now it is the perfebt time ot invest in the very own company. Donot let some $70 billions sitting there earning close to nothing, put some of these money into MSFT shares, earnings 3.5 dividend and potential capital gains of average 8% a year!!!! 20% shares bought back and cancelled is the same thing as grwoing your business by 20%. Just do the smart thing!</Msg><Username>bwu106</Username><Timestamp>1360936746990</Timestamp><DateTime>Fri, 2013-02-15 08:59:06 EST</DateTime><ThumbUp>0</ThumbUp><ThumbDown>1</ThumbDown><Sentiment>Strong Buy</Sentiment></Message><Message type="ReplyMessage"><Id>1360937037356-28</Id><Topic><Title>Whopping Improvement for (MSFT) **MUST SEE**</Title><Username>ronaldhargrove21</Username><Timestamp>1360933946243</Timestamp><DateTime>Fri, 2013-02-15 08:12:26 EST</DateTime></Topic><Msg>no way man</Msg><Username>ahmedsanty822</Username><Timestamp>1360937037356</Timestamp><DateTime>Fri, 2013-02-15 09:03:57 EST</DateTime><ThumbUp>6</ThumbUp><ThumbDown>2</ThumbDown><Sentiment/></Message><Message type="ReplyMessage"><Id>1360937636646-29</Id><Topic><Title>Whopping Improvement for (MSFT) **MUST SEE**</Title><Username>ronaldhargrove21</Username><Timestamp>1360933946243</Timestamp><DateTime>Fri, 2013-02-15 08:12:26 EST</DateTime></Topic><Msg>you guys are nuts</Msg><Username>jose.mcgann</Username><Timestamp>1360937636646</Timestamp><DateTime>Fri, 2013-02-15 09:13:56 EST</DateTime><ThumbUp>0</ThumbUp><ThumbDown>1</ThumbDown><Sentiment/></Message><Message type="ReplyMessage"><Id>1360937658383-30</Id><Topic><Title>AP verifies story of Homeland Security buying 100 years of bullets, poor fool hawcraper</Title><Username>hawcreek12</Username><Timestamp>1360935564035</Timestamp><DateTime>Fri, 2013-02-15 08:39:24 EST</DateTime></Topic><Msg>The feds will now be able to ventilate your tin shack all the more easily-- no more black helicopters - they will be able to drive their duec and half trucks loaded with all that ammo right up to your front porch and start blasting away at you and your tin shack</Msg><Username>father_zosima</Username><Timestamp>1360937658383</Timestamp><DateTime>Fri, 2013-02-15 09:14:18 EST</DateTime><ThumbUp>2</ThumbUp><ThumbDown>4</ThumbDown><Sentiment/></Message><Message type="ReplyMessage"><Id>1360938973073-31</Id><Topic><Title>[EXCLUSIVE] In Depth MSFT Research Report [MUST SEE]</Title><Username>justinphillips235</Username><Timestamp>1360691728915</Timestamp><DateTime>Tue, 2013-02-12 12:55:28 EST</DateTime></Topic><Msg>very good report.</Msg><Username>john.anderson749</Username><Timestamp>1360938973073</Timestamp><DateTime>Fri, 2013-02-15 09:36:13 EST</DateTime><ThumbUp>0</ThumbUp><ThumbDown>2</ThumbDown><Sentiment/></Message><Message type="ReplyMessage"><Id>1360939557311-32</Id><Topic><Title>AP verifies story of Homeland Security buying 100 years of bullets, poor fool hawcraper</Title><Username>hawcreek12</Username><Timestamp>1360935564035</Timestamp><DateTime>Fri, 2013-02-15 08:39:24 EST</DateTime></Topic><Msg>Correction-that's deuce and a half trucks</Msg><Username>father_zosima</Username><Timestamp>1360939557311</Timestamp><DateTime>Fri, 2013-02-15 09:45:57 EST</DateTime><ThumbUp>0</ThumbUp><ThumbDown>0</ThumbDown><Sentiment/></Message><Message type="ReplyMessage"><Id>1360939702003-33</Id><Topic><Title>Fortune 500s testing Surface Pro deployment for employees</Title><Username>bengraham650</Username><Timestamp>1360890967353</Timestamp><DateTime>Thu, 2013-02-14 20:16:07 EST</DateTime></Topic><Msg>It would be positive for Microsoft, in the unlikely event they actually deploy it. The iPad has a big head start, though, and employees up to CEO level are demanding it, even buying it themselves.</Msg><Username>wottowwottow</Username><Timestamp>1360939702003</Timestamp><DateTime>Fri, 2013-02-15 09:48:22 EST</DateTime><ThumbUp>1</ThumbUp><ThumbDown>1</ThumbDown><Sentiment/></Message><Message type="ReplyMessage"><Id>1360940195633-34</Id><Topic><Title>Whopping Improvement for (MSFT) **MUST SEE**</Title><Username>ronaldhargrove21</Username><Timestamp>1360933946243</Timestamp><DateTime>Fri, 2013-02-15 08:12:26 EST</DateTime></Topic><Msg>well done</Msg><Username>jose.backus</Username><Timestamp>1360940195633</Timestamp><DateTime>Fri, 2013-02-15 09:56:35 EST</DateTime><ThumbUp>0</ThumbUp><ThumbDown>1</ThumbDown><Sentiment/></Message><Message type="ReplyMessage"><Id>1360940329802-35</Id><Topic><Title>AP verifies story of Homeland Security buying 100 years of bullets, poor fool hawcraper</Title><Username>hawcreek12</Username><Timestamp>1360935564035</Timestamp><DateTime>Fri, 2013-02-15 08:39:24 EST</DateTime></Topic><Msg>The far right only thinks the far left isn't getting supported like they were in Obama's first term. Thinking it doesn't "change it from a lie." The middle people, we're doing a lot better now that we did support Obama, twice. Twice correctly done.</Msg><Username>peppeek</Username><Timestamp>1360940329802</Timestamp><DateTime>Fri, 2013-02-15 09:58:49 EST</DateTime><ThumbUp>1</ThumbUp><ThumbDown>2</ThumbDown><Sentiment>Buy</Sentiment></Message><Message type="ReplyMessage"><Id>1360940643387-36</Id><Topic><Title>Whopping Improvement for (MSFT) **MUST SEE**</Title><Username>ronaldhargrove21</Username><Timestamp>1360933946243</Timestamp><DateTime>Fri, 2013-02-15 08:12:26 EST</DateTime></Topic><Msg>SPAM SPAM SPAM</Msg><Username>killspam13</Username><Timestamp>1360940643387</Timestamp><DateTime>Fri, 2013-02-15 10:04:03 EST</DateTime><ThumbUp>5</ThumbUp><ThumbDown>0</ThumbDown><Sentiment/></Message><Message type="ReplyMessage"><Id>1360940742089-37</Id><Topic><Title>Whopping Improvement for (MSFT) **MUST SEE**</Title><Username>ronaldhargrove21</Username><Timestamp>1360933946243</Timestamp><DateTime>Fri, 2013-02-15 08:12:26 EST</DateTime></Topic><Msg>looking great</Msg><Username>preston.francisco</Username><Timestamp>1360940742089</Timestamp><DateTime>Fri, 2013-02-15 10:05:42 EST</DateTime><ThumbUp>0</ThumbUp><ThumbDown>1</ThumbDown><Sentiment/></Message><Message type="TopicMessage"><Id>1360940751710-38</Id><Title>45 meter Asteroid to Skirt Very Near Earth on Feb 15</Title><Msg>Some real news for a change. The object will miss Earth by about 28,000 km, which is a small fraction of the distance to the moon, but many times the depth of the Earth's atmosphere. What makes this especially interesting is how closely it follows the fall of a meteorite in Russia only yesterday. "Residents in the city of Chelyabinsk, the largest in the affected region, described a shock wave from the meteorite that blew in doors and smashed glass," according to a WSJ report. About 500 people are said to have been injured.</Msg><Username>wottowwottow</Username><Timestamp>1360940751710</Timestamp><DateTime>Fri, 2013-02-15 10:05:51 EST</DateTime><ThumbUp>4</ThumbUp><ThumbDown>0</ThumbDown><Sentiment/></Message><Message type="ReplyMessage"><Id>1360940831251-39</Id><Topic><Title>AP verifies story of Homeland Security buying 100 years of bullets, poor fool hawcraper</Title><Username>hawcreek12</Username><Timestamp>1360935564035</Timestamp><DateTime>Fri, 2013-02-15 08:39:24 EST</DateTime></Topic><Msg>"I verify them as true " I don't know about others, but I have seen many times first hand where you not only don't verify, you continue to testify the lie. Even when proven it wasn''t verified. Yo have consistently taken every garbage idea from faux news and presented it here. Then you fight endlessly to show yoiu're right, even when proven by recorded facts, you're wrong. You do this daily. It's youer hobby. In conclusion, I strongly disagree with the idea you verify. then testify correctly. Me, when I testify, it's verified.</Msg><Username>peppeek</Username><Timestamp>1360940831251</Timestamp><DateTime>Fri, 2013-02-15 10:07:11 EST</DateTime><ThumbUp>1</ThumbUp><ThumbDown>2</ThumbDown><Sentiment>Strong Buy</Sentiment></Message><Message type="ReplyMessage"><Id>1360941022456-40</Id><Topic><Title>MoMenTum MSFT</Title><Username>lakin_h54</Username><Timestamp>1360940974176</Timestamp><DateTime>Fri, 2013-02-15 10:09:34 EST</DateTime></Topic><Msg>"MSFT is about to explode"... Implode is more like it, and none too soon.</Msg><Username>ghosananon</Username><Timestamp>1360941022456</Timestamp><DateTime>Fri, 2013-02-15 10:10:22 EST</DateTime><ThumbUp>2</ThumbUp><ThumbDown>2</ThumbDown><Sentiment/></Message><Message type="ReplyMessage"><Id>1360941242545-41</Id><Topic><Title>Fortune 500s testing Surface Pro deployment for employees</Title><Username>bengraham650</Username><Timestamp>1360890967353</Timestamp><DateTime>Thu, 2013-02-14 20:16:07 EST</DateTime></Topic><Msg>Got a real good place 4 u to put that flare.</Msg><Username>williamdavis960</Username><Timestamp>1360941242545</Timestamp><DateTime>Fri, 2013-02-15 10:14:02 EST</DateTime><ThumbUp>1</ThumbUp><ThumbDown>2</ThumbDown><Sentiment>Strong Buy</Sentiment></Message><Message type="ReplyMessage"><Id>1360941580104-42</Id><Topic><Title>Whopping Improvement for (MSFT) **MUST SEE**</Title><Username>ronaldhargrove21</Username><Timestamp>1360933946243</Timestamp><DateTime>Fri, 2013-02-15 08:12:26 EST</DateTime></Topic><Msg>i got out</Msg><Username>richardpriestley</Username><Timestamp>1360941580104</Timestamp><DateTime>Fri, 2013-02-15 10:19:40 EST</DateTime><ThumbUp>0</ThumbUp><ThumbDown>1</ThumbDown><Sentiment/></Message><Message type="ReplyMessage"><Id>1360942199030-43</Id><Topic><Title>Whopping Improvement for (MSFT) **MUST SEE**</Title><Username>ronaldhargrove21</Username><Timestamp>1360933946243</Timestamp><DateTime>Fri, 2013-02-15 08:12:26 EST</DateTime></Topic><Msg>is you are right man</Msg><Username>dunlapjames73</Username><Timestamp>1360942199030</Timestamp><DateTime>Fri, 2013-02-15 10:29:59 EST</DateTime><ThumbUp>0</ThumbUp><ThumbDown>1</ThumbDown><Sentiment/></Message><Message type="TopicMessage"><Id>1360942536376-44</Id><Title>29.20 Next Week</Title><Msg>Posturing going on today with OE look for 29.20 test next week.</Msg><Username>beano23</Username><Timestamp>1360942536376</Timestamp><DateTime>Fri, 2013-02-15 10:35:36 EST</DateTime><ThumbUp>1</ThumbUp><ThumbDown>2</ThumbDown><Sentiment/></Message><Message type="ReplyMessage"><Id>1360943336469-45</Id><Topic><Title>Michelle to vacation in Aspen, Obama in Florida. I fear all is not well</Title><Username>hawcreek12</Username><Timestamp>1360941679240</Timestamp><DateTime>Fri, 2013-02-15 10:21:19 EST</DateTime></Topic><Msg>Did you read the book Amateur? The author says that Obama and Michelle came very close to breaking up a couple of years before he became president.</Msg><Username>lrseab</Username><Timestamp>1360943336469</Timestamp><DateTime>Fri, 2013-02-15 10:48:56 EST</DateTime><ThumbUp>2</ThumbUp><ThumbDown>2</ThumbDown><Sentiment/></Message><Message type="TopicMessage"><Id>1360943447737-46</Id><Title>Another whopping lie by our pres</Title><Msg>The Biggest Fib Of 2013: We Have Reduced "The Deficit By More Than $2.5 Trillion" From Forbes The most shameful lie in the President’s State of the Union speech was the following claim: “Over the last few years, both parties have worked together to reduce the deficit by more than $2.5 trillion. As a result we are more than halfway toward the goal of $4 trillion in deficit reduction that economists say we need to stabilize our finances.” I was shocked by this blatant attempt to convince the nation that it is not really necessary to make cuts in Social Security and Medicare. Rather, after misrepresenting the agreement reached in the Budget Control Act of 2011 to cap domestic programs by $1.2 trillion over 10 years– most of which are on the come– not actually made– the President then went on to try and spend more money we don’t have on infrastructure (he should have done it in 2009). It sure would be helpful if we could hire people to repair 70,000 bridges, establish pre-nursery schools for every 4 year old kid, attack the environmental problems that emanate from global warming, and welcome valuable immigrants from around the globe. But, first we have to decide which domestic programs need to be capped, and obtain agreement on how to proceed in a manner that won’t result in another recession and higher unemployment. Maybe the White House intends to pay for all this by closing loopholes for fat-cat oilmen. That would be a hell of an achievement. Still, I’d rather learn precisely how and where and when and how much we have already reduced the deficit by $2.5 trillion. There’s a challenge for some enterprising journalist like myself. I’ll let you know how it comes out ASAP</Msg><Username>agolferbogie</Username><Timestamp>1360943447737</Timestamp><DateTime>Fri, 2013-02-15 10:50:47 EST</DateTime><ThumbUp>1</ThumbUp><ThumbDown>2</ThumbDown><Sentiment/></Message><Message type="ReplyMessage"><Id>1360944239192-47</Id><Topic><Title>Another whopping lie by our pres</Title><Username>agolferbogie</Username><Timestamp>1360943447737</Timestamp><DateTime>Fri, 2013-02-15 10:50:47 EST</DateTime></Topic><Msg>The deficit has actually come down under President Obama, and our trade imbalance has also been reduced. You must get your info from faux noise.</Msg><Username>repub_taliban</Username><Timestamp>1360944239192</Timestamp><DateTime>Fri, 2013-02-15 11:03:59 EST</DateTime><ThumbUp>0</ThumbUp><ThumbDown>2</ThumbDown><Sentiment>Buy</Sentiment></Message><Message type="ReplyMessage"><Id>1360944447356-48</Id><Topic><Title>The young people today are not like those in my generation</Title><Username>hawcreek12</Username><Timestamp>1360943407212</Timestamp><DateTime>Fri, 2013-02-15 10:50:07 EST</DateTime></Topic><Msg>Higher education in Florida, lol. I'm wintering over here in Juno Beach where most folks are from the Northeast. We bring our cash to Florida and keep the economy going. Go north of Palm Beach County and you are in Alabama.</Msg><Username>repub_taliban</Username><Timestamp>1360944447356</Timestamp><DateTime>Fri, 2013-02-15 11:07:27 EST</DateTime><ThumbUp>0</ThumbUp><ThumbDown>2</ThumbDown><Sentiment>Buy</Sentiment></Message><Message type="TopicMessage"><Id>1360944664335-49</Id><Title>Marco Rubio</Title><Msg>I have new respect for the Liberal intelligence and thought process. They have validation in their assessment of Marco Rubio. How can anyone take a guy seriously if he needs a swig of water when giving a speech like Rubio did? Just think of the implications that has on a guy’s foreign and domestic policies and on one’s ability to balance the budget. Now all of you people who were mocking the Libs’ intellect, aren’t you ashamed that you didn’t give the Libs credit for having at least a modicum of intellignce?</Msg><Username>lrseab</Username><Timestamp>1360944664335</Timestamp><DateTime>Fri, 2013-02-15 11:11:04 EST</DateTime><ThumbUp>1</ThumbUp><ThumbDown>0</ThumbDown><Sentiment/></Message><Message type="ReplyMessage"><Id>1360944993241-50</Id><Topic><Title>Marco Rubio</Title><Username>lrseab</Username><Timestamp>1360944664335</Timestamp><DateTime>Fri, 2013-02-15 11:11:04 EST</DateTime></Topic><Msg>Check out his shady financial dealings in the Florida senate. And what about that mansion he lives in and lies that he lives in a middle class neighborhood. I guess republican liars are ok with you.</Msg><Username>repub_taliban</Username><Timestamp>1360944993241</Timestamp><DateTime>Fri, 2013-02-15 11:16:33 EST</DateTime><ThumbUp>0</ThumbUp><ThumbDown>2</ThumbDown><Sentiment>Buy</Sentiment></Message><Message type="ReplyMessage"><Id>1360945613227-51</Id><Topic><Title>Fortune 500s testing Surface Pro deployment for employees</Title><Username>bengraham650</Username><Timestamp>1360890967353</Timestamp><DateTime>Thu, 2013-02-14 20:16:07 EST</DateTime></Topic><Msg>Except I don't have it and you'll have no control over it if you decide to transfer possession of it to me. You may as well keep it. You may find some creative use for it. In your next life, of course. This one's pretty much a lost cause in that regard.</Msg><Username>fan_tazer</Username><Timestamp>1360945613227</Timestamp><DateTime>Fri, 2013-02-15 11:26:53 EST</DateTime><ThumbUp>0</ThumbUp><ThumbDown>0</ThumbDown><Sentiment/></Message><Message type="ReplyMessage"><Id>1360946214825-52</Id><Topic><Title>The young people today are not like those in my generation</Title><Username>hawcreek12</Username><Timestamp>1360943407212</Timestamp><DateTime>Fri, 2013-02-15 10:50:07 EST</DateTime></Topic><Msg>When I used my VA college tuition benefit in 1964 U of F was just another southern party school.</Msg><Username>repub_taliban</Username><Timestamp>1360946214825</Timestamp><DateTime>Fri, 2013-02-15 11:36:54 EST</DateTime><ThumbUp>0</ThumbUp><ThumbDown>2</ThumbDown><Sentiment>Buy</Sentiment></Message><Message type="ReplyMessage"><Id>1360946339760-53</Id><Topic><Title>Advice to msft Board of Directores, accelerate share buybacks now!</Title><Username>bwu106</Username><Timestamp>1360936746990</Timestamp><DateTime>Fri, 2013-02-15 08:59:06 EST</DateTime></Topic><Msg>If buying back shares is the same as growing their business then they should buy all the sahres back and take it private. Bingo! 100% growth. No, that's just silly. Buying back shares only works if it isn't a way to falsely inflate the stock price. The $60 billion they've spent on buybacks in the last 5 or 6 years hasn't helped the share price. Dumping more money down that rat hole isn't really an idea at all. Much less a good one.</Msg><Username>fan_tazer</Username><Timestamp>1360946339760</Timestamp><DateTime>Fri, 2013-02-15 11:38:59 EST</DateTime><ThumbUp>0</ThumbUp><ThumbDown>0</ThumbDown><Sentiment/></Message><Message type="ReplyMessage"><Id>1360946900080-54</Id><Topic><Title>45 meter Asteroid to Skirt Very Near Earth on Feb 15</Title><Username>wottowwottow</Username><Timestamp>1360940751710</Timestamp><DateTime>Fri, 2013-02-15 10:05:51 EST</DateTime></Topic><Msg>Exactly. It could as easily have happened that the small one missed and the big one hit. And it could as easily have hit downtown Manhattan or London or Paris. And someday, we can rest assured, it will.</Msg><Username>wottowwottow</Username><Timestamp>1360946900080</Timestamp><DateTime>Fri, 2013-02-15 11:48:20 EST</DateTime><ThumbUp>1</ThumbUp><ThumbDown>0</ThumbDown><Sentiment/></Message><Message type="ReplyMessage"><Id>1360947105235-55</Id><Topic><Title>Whopping Improvement for (MSFT) **MUST SEE**</Title><Username>ronaldhargrove21</Username><Timestamp>1360933946243</Timestamp><DateTime>Fri, 2013-02-15 08:12:26 EST</DateTime></Topic><Msg>thats for sure</Msg><Username>lewisrobert39</Username><Timestamp>1360947105235</Timestamp><DateTime>Fri, 2013-02-15 11:51:45 EST</DateTime><ThumbUp>0</ThumbUp><ThumbDown>2</ThumbDown><Sentiment/></Message><Message type="TopicMessage"><Id>1360947261265-56</Id><Title>some gome good news out on :ILNS -CONJVMAP-A &amp; PATENTS</Title><Msg>With bottom in here..</Msg><Username>upperport</Username><Timestamp>1360947261265</Timestamp><DateTime>Fri, 2013-02-15 11:54:21 EST</DateTime><ThumbUp>0</ThumbUp><ThumbDown>0</ThumbDown><Sentiment>Strong Buy</Sentiment></Message><Message type="ReplyMessage"><Id>1360947348078-57</Id><Topic><Title>45 meter Asteroid to Skirt Very Near Earth on Feb 15</Title><Username>wottowwottow</Username><Timestamp>1360940751710</Timestamp><DateTime>Fri, 2013-02-15 10:05:51 EST</DateTime></Topic><Msg>Aren't you teapartytaliban, birther, climate change deniers, hoping for the end of days? republican religious right prays for the rapture.</Msg><Username>repub_taliban</Username><Timestamp>1360947348078</Timestamp><DateTime>Fri, 2013-02-15 11:55:48 EST</DateTime><ThumbUp>1</ThumbUp><ThumbDown>4</ThumbDown><Sentiment>Buy</Sentiment></Message><Message type="TopicMessage"><Id>1360947386787-58</Id><Title>AONEQ strong buy</Title><Msg>AONEQ strong buy</Msg><Username>benhorp</Username><Timestamp>1360947386787</Timestamp><DateTime>Fri, 2013-02-15 11:56:26 EST</DateTime><ThumbUp>0</ThumbUp><ThumbDown>0</ThumbDown><Sentiment>Strong Buy</Sentiment></Message><Message type="ReplyMessage"><Id>1360947675961-59</Id><Topic><Title>The young people today are not like those in my generation</Title><Username>hawcreek12</Username><Timestamp>1360943407212</Timestamp><DateTime>Fri, 2013-02-15 10:50:07 EST</DateTime></Topic><Msg>You, in your generation, are not like the generation that came before, the Great Generation. They sacrificed, they worked, they paid taxes to the country they saved and love. Now you think the building of things for progress is wasting money, and you think you still own your tax money after you pay it, if you pay any. The young people are too preoccupied with gadgets and themselves, but they seem to be a lot more tolerant than you.</Msg><Username>peppeek</Username><Timestamp>1360947675961</Timestamp><DateTime>Fri, 2013-02-15 12:01:15 EST</DateTime><ThumbUp>2</ThumbUp><ThumbDown>2</ThumbDown><Sentiment>Buy</Sentiment></Message><Message type="ReplyMessage"><Id>1360947679205-60</Id><Topic><Title>AONEQ strong buy</Title><Username>benhorp</Username><Timestamp>1360947386787</Timestamp><DateTime>Fri, 2013-02-15 11:56:26 EST</DateTime></Topic><Msg>Vanguard will not permit me to buy AONEQ online, they give me instructions to call the office.</Msg><Username>john_rocket88</Username><Timestamp>1360947679205</Timestamp><DateTime>Fri, 2013-02-15 12:01:19 EST</DateTime><ThumbUp>0</ThumbUp><ThumbDown>0</ThumbDown><Sentiment>Buy</Sentiment></Message><Message type="ReplyMessage"><Id>1360947865644-61</Id><Topic><Title>AONEQ strong buy</Title><Username>benhorp</Username><Timestamp>1360947386787</Timestamp><DateTime>Fri, 2013-02-15 11:56:26 EST</DateTime></Topic><Msg>Are you allow to trade OTC stocks online some brokers they don't let you to trade OTC online and you have to call the office and they put the order for you. Tell others to buy this stock too it will fly very soon because GM, FORD AND GE ARE THE NEW BUYERS.</Msg><Username>benhorp</Username><Timestamp>1360947865644</Timestamp><DateTime>Fri, 2013-02-15 12:04:25 EST</DateTime><ThumbUp>0</ThumbUp><ThumbDown>1</ThumbDown><Sentiment>Strong Buy</Sentiment></Message><Message type="ReplyMessage"><Id>1360947997967-62</Id><Topic><Title>AONEQ strong buy</Title><Username>benhorp</Username><Timestamp>1360947386787</Timestamp><DateTime>Fri, 2013-02-15 11:56:26 EST</DateTime></Topic><Msg>I already own 7000 shares, and have lost my asz on this stock, but there's no point in selling now.</Msg><Username>john_rocket88</Username><Timestamp>1360947997967</Timestamp><DateTime>Fri, 2013-02-15 12:06:37 EST</DateTime><ThumbUp>0</ThumbUp><ThumbDown>0</ThumbDown><Sentiment>Buy</Sentiment></Message><Message type="ReplyMessage"><Id>1360948122637-63</Id><Topic><Title>AONEQ strong buy</Title><Username>benhorp</Username><Timestamp>1360947386787</Timestamp><DateTime>Fri, 2013-02-15 11:56:26 EST</DateTime></Topic><Msg>Why you want to sell AONEQ will fly anytime.</Msg><Username>benhorp</Username><Timestamp>1360948122637</Timestamp><DateTime>Fri, 2013-02-15 12:08:42 EST</DateTime><ThumbUp>0</ThumbUp><ThumbDown>0</ThumbDown><Sentiment>Strong Buy</Sentiment></Message><Message type="ReplyMessage"><Id>1360948204705-64</Id><Topic><Title>AONEQ strong buy</Title><Username>benhorp</Username><Timestamp>1360947386787</Timestamp><DateTime>Fri, 2013-02-15 11:56:26 EST</DateTime></Topic><Msg>Not today, it's down again, .0251</Msg><Username>john_rocket88</Username><Timestamp>1360948204705</Timestamp><DateTime>Fri, 2013-02-15 12:10:04 EST</DateTime><ThumbUp>0</ThumbUp><ThumbDown>0</ThumbDown><Sentiment>Buy</Sentiment></Message><Message type="ReplyMessage"><Id>1360948374645-65</Id><Topic><Title>AONEQ strong buy</Title><Username>benhorp</Username><Timestamp>1360947386787</Timestamp><DateTime>Fri, 2013-02-15 11:56:26 EST</DateTime></Topic><Msg>As you wish but is better to get in now before AONEQ fly let other know about this stock.</Msg><Username>benhorp</Username><Timestamp>1360948374645</Timestamp><DateTime>Fri, 2013-02-15 12:12:54 EST</DateTime><ThumbUp>0</ThumbUp><ThumbDown>0</ThumbDown><Sentiment>Strong Buy</Sentiment></Message><Message type="ReplyMessage"><Id>1360948751122-66</Id><Topic><Title>Expect msft shares to break out today</Title><Username>bwu106</Username><Timestamp>1360936431679</Timestamp><DateTime>Fri, 2013-02-15 08:53:51 EST</DateTime></Topic><Msg>I wouldn't be surprised if the stock went to 28.3; but going to that price would only be a prelude to it falling below 27 again. I've been an owner of this stock for 10 years. I'm not holding my breath that it will "break out" any time soon, at least not as long the Fat Bald One is running the show.</Msg><Username>doindadorkus</Username><Timestamp>1360948751122</Timestamp><DateTime>Fri, 2013-02-15 12:19:11 EST</DateTime><ThumbUp>1</ThumbUp><ThumbDown>1</ThumbDown><Sentiment/></Message><Message type="ReplyMessage"><Id>1360949371141-67</Id><Topic><Title>Another whopping lie by our pres</Title><Username>agolferbogie</Username><Timestamp>1360943447737</Timestamp><DateTime>Fri, 2013-02-15 10:50:47 EST</DateTime></Topic><Msg>You stupid ah, can't you read it was from Forbes.</Msg><Username>agolferbogie</Username><Timestamp>1360949371141</Timestamp><DateTime>Fri, 2013-02-15 12:29:31 EST</DateTime><ThumbUp>1</ThumbUp><ThumbDown>2</ThumbDown><Sentiment/></Message><Message type="TopicMessage"><Id>1360950029508-68</Id><Title>State of taxes to buy Offcie 365 for all its 100,000 employees</Title><Msg>This is just another example of the power of its Office software. Offcie is the No. 1 revenue driver for msft!!!!</Msg><Username>bwu106</Username><Timestamp>1360950029508</Timestamp><DateTime>Fri, 2013-02-15 12:40:29 EST</DateTime><ThumbUp>3</ThumbUp><ThumbDown>1</ThumbDown><Sentiment>Strong Buy</Sentiment></Message><Message type="ReplyMessage"><Id>1360950541099-69</Id><Topic><Title>Another whopping lie by our pres</Title><Username>agolferbogie</Username><Timestamp>1360943447737</Timestamp><DateTime>Fri, 2013-02-15 10:50:47 EST</DateTime></Topic><Msg>Steve Forbes is a moron.</Msg><Username>repub_taliban</Username><Timestamp>1360950541099</Timestamp><DateTime>Fri, 2013-02-15 12:49:01 EST</DateTime><ThumbUp>0</ThumbUp><ThumbDown>3</ThumbDown><Sentiment>Buy</Sentiment></Message><Message type="TopicMessage"><Id>1360950546487-70</Id><Title>AONEQ strong buy</Title><Msg>AONEQ strong buy</Msg><Username>benhorp</Username><Timestamp>1360950546487</Timestamp><DateTime>Fri, 2013-02-15 12:49:06 EST</DateTime><ThumbUp>0</ThumbUp><ThumbDown>1</ThumbDown><Sentiment>Strong Buy</Sentiment></Message><Message type="ReplyMessage"><Id>1360950646116-71</Id><Topic><Title>This Stock Has Gone NoWhere in Years</Title><Username>bolivarsam</Username><Timestamp>1354379856467</Timestamp><DateTime>Sat, 2012-12-01 11:37:36 EST</DateTime></Topic><Msg>I like undervalued.</Msg><Username>pukealo</Username><Timestamp>1360950646116</Timestamp><DateTime>Fri, 2013-02-15 12:50:46 EST</DateTime><ThumbUp>0</ThumbUp><ThumbDown>2</ThumbDown><Sentiment/></Message><Message type="ReplyMessage"><Id>1360951205327-72</Id><Topic><Title>MoMenTum MSFT</Title><Username>lakin_h54</Username><Timestamp>1360940974176</Timestamp><DateTime>Fri, 2013-02-15 10:09:34 EST</DateTime></Topic><Msg>Hope this is good. Subscribed!</Msg><Username>gswailes56</Username><Timestamp>1360951205327</Timestamp><DateTime>Fri, 2013-02-15 13:00:05 EST</DateTime><ThumbUp>0</ThumbUp><ThumbDown>1</ThumbDown><Sentiment/></Message><Message type="ReplyMessage"><Id>1360951755335-73</Id><Topic><Title>Todays young people ARE like my generation. They voted Obama &amp; Dem by 70%</Title><Username>monsignor_whiteowl</Username><Timestamp>1360948368235</Timestamp><DateTime>Fri, 2013-02-15 12:12:48 EST</DateTime></Topic><Msg>Remember how hard the Progressives worked to destory our educational system. Now it is paying off bigtime. Liberalism has to depent on ignorance. It isn't hard to see that Obama thinks his voting base is stupid. Hopefully when our economy continues to turn south, even ignorant folks will realize what is going on, and how destructive liberal ideology is.</Msg><Username>joedokes45</Username><Timestamp>1360951755335</Timestamp><DateTime>Fri, 2013-02-15 13:09:15 EST</DateTime><ThumbUp>2</ThumbUp><ThumbDown>3</ThumbDown><Sentiment/></Message><Message type="TopicMessage"><Id>1360952068258-74</Id><Title>Don't you think it is wrong for someone making $50,000 a year to pay more TAXES than GE who made 14 BILLION and paid $0 taxes</Title><Msg>Don't you think it is wrong for someone making $50,000 a year to pay more TAXES than GE who made 14 BILLION and paid $0 taxes</Msg><Username>coinmaker77</Username><Timestamp>1360952068258</Timestamp><DateTime>Fri, 2013-02-15 13:14:28 EST</DateTime><ThumbUp>0</ThumbUp><ThumbDown>0</ThumbDown><Sentiment/></Message><Message type="TopicMessage"><Id>1360952331160-75</Id><Title>Bought 6000 28 puts expiring today at .06</Title><Msg>Wish me luck.</Msg><Username>beano23</Username><Timestamp>1360952331160</Timestamp><DateTime>Fri, 2013-02-15 13:18:51 EST</DateTime><ThumbUp>0</ThumbUp><ThumbDown>1</ThumbDown><Sentiment/></Message><Message type="ReplyMessage"><Id>1360952598920-76</Id><Topic><Title>The young people today are not like those in my generation</Title><Username>hawcreek12</Username><Timestamp>1360943407212</Timestamp><DateTime>Fri, 2013-02-15 10:50:07 EST</DateTime></Topic><Msg>But they don't speak English. They don't say, "I said..." or "I thought...", they say, "I'm like whoa...".</Msg><Username>wottowwottow</Username><Timestamp>1360952598920</Timestamp><DateTime>Fri, 2013-02-15 13:23:18 EST</DateTime><ThumbUp>2</ThumbUp><ThumbDown>0</ThumbDown><Sentiment/></Message><Message type="ReplyMessage"><Id>1360952635055-77</Id><Topic><Title>Whopping Improvement for (MSFT) **MUST SEE**</Title><Username>ronaldhargrove21</Username><Timestamp>1360933946243</Timestamp><DateTime>Fri, 2013-02-15 08:12:26 EST</DateTime></Topic><Msg>Wow eye opener</Msg><Username>jacksonjonathan653</Username><Timestamp>1360952635055</Timestamp><DateTime>Fri, 2013-02-15 13:23:55 EST</DateTime><ThumbUp>0</ThumbUp><ThumbDown>2</ThumbDown><Sentiment/></Message><Message type="ReplyMessage"><Id>1360953123859-78</Id><Topic><Title>Todays young people ARE like my generation. They voted Obama &amp; Dem by 70%</Title><Username>monsignor_whiteowl</Username><Timestamp>1360948368235</Timestamp><DateTime>Fri, 2013-02-15 12:12:48 EST</DateTime></Topic><Msg>It's the cons that constantly try to destroy public education for two reasons, in order to privatize education for profit, and to keep the general public dumb in order to vote republican.</Msg><Username>repub_taliban</Username><Timestamp>1360953123859</Timestamp><DateTime>Fri, 2013-02-15 13:32:03 EST</DateTime><ThumbUp>0</ThumbUp><ThumbDown>2</ThumbDown><Sentiment>Buy</Sentiment></Message><Message type="ReplyMessage"><Id>1360953321674-79</Id><Topic><Title>Todays young people ARE like my generation. They voted Obama &amp; Dem by 70%</Title><Username>monsignor_whiteowl</Username><Timestamp>1360948368235</Timestamp><DateTime>Fri, 2013-02-15 12:12:48 EST</DateTime></Topic><Msg>Sad but true, my generation (sixty and over) will have to die out before our nation can truly move forward.</Msg><Username>repub_taliban</Username><Timestamp>1360953321674</Timestamp><DateTime>Fri, 2013-02-15 13:35:21 EST</DateTime><ThumbUp>0</ThumbUp><ThumbDown>2</ThumbDown><Sentiment>Buy</Sentiment></Message><Message type="TopicMessage"><Id>1360953537720-80</Id><Title>AONEQ strong buy</Title><Msg>AONEQ strong buy</Msg><Username>benhorp</Username><Timestamp>1360953537720</Timestamp><DateTime>Fri, 2013-02-15 13:38:57 EST</DateTime><ThumbUp>0</ThumbUp><ThumbDown>0</ThumbDown><Sentiment>Strong Buy</Sentiment></Message><Message type="TopicMessage"><Id>1360953785040-81</Id><Title>Apple is taking the enterprise by storm</Title><Msg>Apple is an enterprise juggernaut. It had to be said. For the first time since its founding, Apple products have won broad acceptance in the in the corporate world rather than the grudging tolerance they faced through most of Apple's 36-year history. iPad is now in use by virtually all of the Fortune 500 companies and more than 85 percent of the Global 500. In some cases, those companies have widely deployed the iPad. Other enterprises are simply testing the company's slate. In either case, enterprise acceptance of Apple's iPad is a great achievement. But the iPad isn't the only Apple product that has earned corporate acceptance. The company's iPhone is being used by more enterprise customers than ever. All the while Macs have slowly but surely made inroads into the corporate world. Apple products are now common in just about any office environment one walks into. It's a testament to what Apple has become, and what Apple has done to revamp its business and reinvent how people view the company. Simply put, Apple is now an enterprise favorite. In this eWEEK slide show, we examine how Apple did it.</Msg><Username>this_giant_is_dying</Username><Timestamp>1360953785040</Timestamp><DateTime>Fri, 2013-02-15 13:43:05 EST</DateTime><ThumbUp>1</ThumbUp><ThumbDown>0</ThumbDown><Sentiment>Strong Sell</Sentiment></Message><Message type="ReplyMessage"><Id>1360953905059-82</Id><Topic><Title>Todays young people ARE like my generation. They voted Obama &amp; Dem by 70%</Title><Username>monsignor_whiteowl</Username><Timestamp>1360948368235</Timestamp><DateTime>Fri, 2013-02-15 12:12:48 EST</DateTime></Topic><Msg>You had better go to the panhandle of fl and live the rest of your unhappy life with the other rednecks. You and your unhappy friends can complain about the direction of the country . South Fl is for us progressive happy folk.</Msg><Username>repub_taliban</Username><Timestamp>1360953905059</Timestamp><DateTime>Fri, 2013-02-15 13:45:05 EST</DateTime><ThumbUp>0</ThumbUp><ThumbDown>2</ThumbDown><Sentiment>Buy</Sentiment></Message><Message type="TopicMessage"><Id>1360953915011-83</Id><Title>Is MSFT the best investment ever?</Title><Msg>See for yourself: http://finance.yahoo.com/echarts?s=MSFT+Interactive#symbol=msft;range=5y;compare=aapl;indicator=bollinger+volume+rsi;charttype=area;crosshair=on;ohlcvalues=0;logscale=off;source=undefined;</Msg><Username>rogelsanchez</Username><Timestamp>1360953915011</Timestamp><DateTime>Fri, 2013-02-15 13:45:15 EST</DateTime><ThumbUp>0</ThumbUp><ThumbDown>0</ThumbDown><Sentiment/></Message><Message type="ReplyMessage"><Id>1360953982091-84</Id><Topic><Title>Has Sarah Palin Committed Herself? Where is Dubya? What's going on here?</Title><Username>jebus_watches_foxnews</Username><Timestamp>1360953483057</Timestamp><DateTime>Fri, 2013-02-15 13:38:03 EST</DateTime></Topic><Msg>He stays drunk 24/7.</Msg><Username>repub_taliban</Username><Timestamp>1360953982091</Timestamp><DateTime>Fri, 2013-02-15 13:46:22 EST</DateTime><ThumbUp>2</ThumbUp><ThumbDown>3</ThumbDown><Sentiment>Buy</Sentiment></Message><Message type="TopicMessage"><Id>1360954020364-85</Id><Title>Congress it is wrong when GE pays less TAXES than someone make only $50,000 a year</Title><Msg>Congress needs to fix this, Take away all the special taxes breaks that GE gets</Msg><Username>coinmaker77</Username><Timestamp>1360954020364</Timestamp><DateTime>Fri, 2013-02-15 13:47:00 EST</DateTime><ThumbUp>1</ThumbUp><ThumbDown>0</ThumbDown><Sentiment/></Message><Message type="ReplyMessage"><Id>1360954137218-86</Id><Topic><Title>Congress it is wrong when GE pays less TAXES than someone make only $50,000 a year</Title><Username>coinmaker77</Username><Timestamp>1360954020364</Timestamp><DateTime>Fri, 2013-02-15 13:47:00 EST</DateTime></Topic><Msg>There are 100's of Companies that pay no TAXES , but report Billions in earnings</Msg><Username>coinmaker77</Username><Timestamp>1360954137218</Timestamp><DateTime>Fri, 2013-02-15 13:48:57 EST</DateTime><ThumbUp>1</ThumbUp><ThumbDown>0</ThumbDown><Sentiment/></Message><Message type="TopicMessage"><Id>1360954208779-87</Id><Title>BMSN Biomatrix Scientific Cheapest Stem Cell. FDA approval and possible buyout. BMSN @ 0.014</Title><Msg>Look @ stem, ctic, astm psti and other stem cell company. BMSN is way undervalue. FDA approval and possible of a buyout. BMSN will move higher. News next week.</Msg><Username>johnjohn5200</Username><Timestamp>1360954208779</Timestamp><DateTime>Fri, 2013-02-15 13:50:08 EST</DateTime><ThumbUp>0</ThumbUp><ThumbDown>0</ThumbDown><Sentiment>Strong Buy</Sentiment></Message><Message type="ReplyMessage"><Id>1360954473857-88</Id><Topic><Title>It is wrong when UAW members get a bonus from money loaned by taxpayers to GM too</Title><Username>hawcreek12</Username><Timestamp>1360954198908</Timestamp><DateTime>Fri, 2013-02-15 13:49:58 EST</DateTime></Topic><Msg>Never ever buy anything from GM= OBAMA MOTORS until they pay all the money back</Msg><Username>coinmaker77</Username><Timestamp>1360954473857</Timestamp><DateTime>Fri, 2013-02-15 13:54:33 EST</DateTime><ThumbUp>3</ThumbUp><ThumbDown>4</ThumbDown><Sentiment/></Message><Message type="ReplyMessage"><Id>1360954919819-89</Id><Topic><Title>It is wrong when UAW members get a bonus from money loaned by taxpayers to GM too</Title><Username>hawcreek12</Username><Timestamp>1360954198908</Timestamp><DateTime>Fri, 2013-02-15 13:49:58 EST</DateTime></Topic><Msg>I love my beautiful Buick Lacrosse, best car I've ever owned!</Msg><Username>repub_taliban</Username><Timestamp>1360954919819</Timestamp><DateTime>Fri, 2013-02-15 14:01:59 EST</DateTime><ThumbUp>1</ThumbUp><ThumbDown>3</ThumbDown><Sentiment>Buy</Sentiment></Message><Message type="ReplyMessage"><Id>1360955056623-90</Id><Topic><Title>Whopping Improvement for (MSFT) **MUST SEE**</Title><Username>ronaldhargrove21</Username><Timestamp>1360933946243</Timestamp><DateTime>Fri, 2013-02-15 08:12:26 EST</DateTime></Topic><Msg>SPAAM</Msg><Username>scott2536</Username><Timestamp>1360955056623</Timestamp><DateTime>Fri, 2013-02-15 14:04:16 EST</DateTime><ThumbUp>1</ThumbUp><ThumbDown>0</ThumbDown><Sentiment/></Message><Message type="ReplyMessage"><Id>1360955549468-91</Id><Topic><Title>Congress it is wrong when GE pays less TAXES than someone make only $50,000 a year</Title><Username>coinmaker77</Username><Timestamp>1360954020364</Timestamp><DateTime>Fri, 2013-02-15 13:47:00 EST</DateTime></Topic><Msg>Who gave GE this special deal to write off their taxes and get a refund.</Msg><Username>einho330</Username><Timestamp>1360955549468</Timestamp><DateTime>Fri, 2013-02-15 14:12:29 EST</DateTime><ThumbUp>0</ThumbUp><ThumbDown>0</ThumbDown><Sentiment/></Message><Message type="ReplyMessage"><Id>1360955937161-92</Id><Topic><Title>Congress it is wrong when GE pays less TAXES than someone make only $50,000 a year</Title><Username>coinmaker77</Username><Timestamp>1360954020364</Timestamp><DateTime>Fri, 2013-02-15 13:47:00 EST</DateTime></Topic><Msg>Congress is in charge of the TAX breaks and loop holes that Companies get</Msg><Username>coinmaker77</Username><Timestamp>1360955937161</Timestamp><DateTime>Fri, 2013-02-15 14:18:57 EST</DateTime><ThumbUp>0</ThumbUp><ThumbDown>0</ThumbDown><Sentiment/></Message><Message type="TopicMessage"><Id>1360956341373-93</Id><Title>AONEQ strong buy</Title><Msg>AONEQ strong buy</Msg><Username>benhorp</Username><Timestamp>1360956341373</Timestamp><DateTime>Fri, 2013-02-15 14:25:41 EST</DateTime><ThumbUp>0</ThumbUp><ThumbDown>0</ThumbDown><Sentiment>Strong Buy</Sentiment></Message><Message type="ReplyMessage"><Id>1360956889930-94</Id><Topic><Title>The young people today are not like those in my generation</Title><Username>hawcreek12</Username><Timestamp>1360943407212</Timestamp><DateTime>Fri, 2013-02-15 10:50:07 EST</DateTime></Topic><Msg>"top public universities" So, you are 100% supportive of publicly supported higher education? Seems a little out of sync with your inane RW rants, shemp. Are you a lying hypocrite?</Msg><Username>predisposable_nym_01</Username><Timestamp>1360956889930</Timestamp><DateTime>Fri, 2013-02-15 14:34:49 EST</DateTime><ThumbUp>1</ThumbUp><ThumbDown>1</ThumbDown><Sentiment>Strong Sell</Sentiment></Message><Message type="ReplyMessage"><Id>1360958234793-95</Id><Topic><Title>Congress it is wrong when GE pays less TAXES than someone make only $50,000 a year</Title><Username>coinmaker77</Username><Timestamp>1360954020364</Timestamp><DateTime>Fri, 2013-02-15 13:47:00 EST</DateTime></Topic><Msg>It has taken Congress to long to fix this and it really needs fixed , This is unfair to the tax payers for companies to have special tax breaks and end up paying NO TAXES yet make billions and billions</Msg><Username>coinmaker77</Username><Timestamp>1360958234793</Timestamp><DateTime>Fri, 2013-02-15 14:57:14 EST</DateTime><ThumbUp>1</ThumbUp><ThumbDown>0</ThumbDown><Sentiment/></Message><Message type="TopicMessage"><Id>1360958841542-96</Id><Title>Bought some more</Title><Msg>Surface Pro is sold out and ramping up production. Windows 8 and its hardwares will dominate the market again, like msft once did. Wall street hasn't realized it yet; wait till the numbers are out then we will have stampedes of buying. Load it up while it is still cheap. By summer, we will look at $50/sh, in conjnction with Xbox kinect.</Msg><Username>cameleonman</Username><Timestamp>1360958841542</Timestamp><DateTime>Fri, 2013-02-15 15:07:21 EST</DateTime><ThumbUp>1</ThumbUp><ThumbDown>3</ThumbDown><Sentiment/></Message><Message type="TopicMessage"><Id>1360959375443-97</Id><Title>msft will exceed aapl in market cap</Title><Msg>Wait 6 months, we will get there</Msg><Username>cameleonman</Username><Timestamp>1360959375443</Timestamp><DateTime>Fri, 2013-02-15 15:16:15 EST</DateTime><ThumbUp>6</ThumbUp><ThumbDown>2</ThumbDown><Sentiment/></Message><Message type="ReplyMessage"><Id>1360959697430-98</Id><Topic><Title>msft will exceed aapl in market cap</Title><Username>cameleonman</Username><Timestamp>1360959375443</Timestamp><DateTime>Fri, 2013-02-15 15:16:15 EST</DateTime></Topic><Msg>this reminds me when aapl introduced ipad, everyone was snickering and even Saturday Night Live was poking fun at it, calling it "maxipad". Windows 8 and it's hardwares are awesome, and will prodominate. It took months for investors to realize the potential sales of ipads, it will take a little longer for Windows 8 and its hardwares. College kids at the airport are sporting the hybrid laptop touchpads-- smart, saves money, and have it all in one computer.</Msg><Username>cameleonman</Username><Timestamp>1360959697430</Timestamp><DateTime>Fri, 2013-02-15 15:21:37 EST</DateTime><ThumbUp>5</ThumbUp><ThumbDown>3</ThumbDown><Sentiment/></Message><Message type="TopicMessage"><Id>1360959701416-99</Id><Title>GM = OBAMA MOTOR SCREWED THE TAX PAYERS, NEVER BUY ANYTHING FROM OBAMA MOTORS</Title><Msg>Gm = obama motor screwed the tax payers, never buy anything from obama motors</Msg><Username>coinmaker77</Username><Timestamp>1360959701416</Timestamp><DateTime>Fri, 2013-02-15 15:21:41 EST</DateTime><ThumbUp>2</ThumbUp><ThumbDown>2</ThumbDown><Sentiment/></Message><Message type="ReplyMessage"><Id>1360959994297-100</Id><Topic><Title>Congress it is wrong when GE pays less TAXES than someone make only $50,000 a year</Title><Username>coinmaker77</Username><Timestamp>1360954020364</Timestamp><DateTime>Fri, 2013-02-15 13:47:00 EST</DateTime></Topic><Msg>We need to TAX GE, TAX GE and TAX GE until they pay ther fair share, GE should have NO tax breaks</Msg><Username>coinmaker77</Username><Timestamp>1360959994297</Timestamp><DateTime>Fri, 2013-02-15 15:26:34 EST</DateTime><ThumbUp>1</ThumbUp><ThumbDown>0</ThumbDown><Sentiment/></Message><Message type="ReplyMessage"><Id>1360960547224-101</Id><Topic><Title>msft will exceed aapl in market cap</Title><Username>cameleonman</Username><Timestamp>1360959375443</Timestamp><DateTime>Fri, 2013-02-15 15:16:15 EST</DateTime></Topic><Msg>bill gates will double is worth in 6 months.</Msg><Username>cameleonman</Username><Timestamp>1360960547224</Timestamp><DateTime>Fri, 2013-02-15 15:35:47 EST</DateTime><ThumbUp>4</ThumbUp><ThumbDown>3</ThumbDown><Sentiment/></Message><Message type="ReplyMessage"><Id>1360960642977-102</Id><Topic><Title>GM = OBAMA MOTOR SCREWED THE TAX PAYERS, NEVER BUY ANYTHING FROM OBAMA MOTORS</Title><Username>coinmaker77</Username><Timestamp>1360959701416</Timestamp><DateTime>Fri, 2013-02-15 15:21:41 EST</DateTime></Topic><Msg>Go back to bed and sleep it off!</Msg><Username>repub_taliban</Username><Timestamp>1360960642977</Timestamp><DateTime>Fri, 2013-02-15 15:37:22 EST</DateTime><ThumbUp>1</ThumbUp><ThumbDown>5</ThumbDown><Sentiment>Buy</Sentiment></Message><Message type="ReplyMessage"><Id>1360961369292-103</Id><Topic><Title>msft will exceed aapl in market cap</Title><Username>cameleonman</Username><Timestamp>1360959375443</Timestamp><DateTime>Fri, 2013-02-15 15:16:15 EST</DateTime></Topic><Msg>wow man. it year of snake now. eon of camel is over. no one tell you? turn gray, go away,,,,,,,,</Msg><Username>corneliusflake</Username><Timestamp>1360961369292</Timestamp><DateTime>Fri, 2013-02-15 15:49:29 EST</DateTime><ThumbUp>2</ThumbUp><ThumbDown>3</ThumbDown><Sentiment/></Message><Message type="ReplyMessage"><Id>1360961399999-104</Id><Topic><Title>Google increases lead, keeps Bing, Yahoo at bay in search business</Title><Username>phands.theheretic5</Username><Timestamp>1360887715952</Timestamp><DateTime>Thu, 2013-02-14 19:21:55 EST</DateTime></Topic><Msg>bumpity</Msg><Username>phands.theheretic6</Username><Timestamp>1360961399999</Timestamp><DateTime>Fri, 2013-02-15 15:49:59 EST</DateTime><ThumbUp>2</ThumbUp><ThumbDown>2</ThumbDown><Sentiment/></Message><Message type="ReplyMessage"><Id>1360961459828-105</Id><Topic><Title>Retail Copies of Office 2013 Are Tied To a Single Computer Forever</Title><Username>phands.theheretic5</Username><Timestamp>1360886540017</Timestamp><DateTime>Thu, 2013-02-14 19:02:20 EST</DateTime></Topic><Msg>Reminder of how foul M$ is....</Msg><Username>phands.theheretic6</Username><Timestamp>1360961459828</Timestamp><DateTime>Fri, 2013-02-15 15:50:59 EST</DateTime><ThumbUp>2</ThumbUp><ThumbDown>1</ThumbDown><Sentiment/></Message><Message type="ReplyMessage"><Id>1360961671603-106</Id><Topic><Title>State of taxes to buy Offcie 365 for all its 100,000 employees</Title><Username>bwu106</Username><Timestamp>1360950029508</Timestamp><DateTime>Fri, 2013-02-15 12:40:29 EST</DateTime></Topic><Msg>Texas, not taxes. But another big account for Microsoft along with the Department of Defense. The sleeping giant is back, rested and tanned and about to take off. There will be a lot of wishing by investors who are missing this turning point with MSFT. Microsoft has so many places to grow and is doing it.</Msg><Username>davidpacifico</Username><Timestamp>1360961671603</Timestamp><DateTime>Fri, 2013-02-15 15:54:31 EST</DateTime><ThumbUp>1</ThumbUp><ThumbDown>1</ThumbDown><Sentiment/></Message><Message type="ReplyMessage"><Id>1360962252742-107</Id><Topic><Title>Bought some more</Title><Username>cameleonman</Username><Timestamp>1360958841542</Timestamp><DateTime>Fri, 2013-02-15 15:07:21 EST</DateTime></Topic><Msg>I'm not sure about 50, but I can see MSFT at 40 when after the next qtr. Too much new growth.</Msg><Username>roirop</Username><Timestamp>1360962252742</Timestamp><DateTime>Fri, 2013-02-15 16:04:12 EST</DateTime><ThumbUp>0</ThumbUp><ThumbDown>3</ThumbDown><Sentiment/></Message><Message type="ReplyMessage"><Id>1360962844714-108</Id><Topic><Title>Congress it is wrong when GE pays less TAXES than someone make only $50,000 a year</Title><Username>coinmaker77</Username><Timestamp>1360954020364</Timestamp><DateTime>Fri, 2013-02-15 13:47:00 EST</DateTime></Topic><Msg>What has happened to are country when billion dollar companies pay less taxes than someone who only make $50,000 a year , This is really wrong</Msg><Username>coinmaker77</Username><Timestamp>1360962844714</Timestamp><DateTime>Fri, 2013-02-15 16:14:04 EST</DateTime><ThumbUp>1</ThumbUp><ThumbDown>0</ThumbDown><Sentiment/></Message><Message type="ReplyMessage"><Id>1360963048425-109</Id><Topic><Title>Bought some more</Title><Username>cameleonman</Username><Timestamp>1360958841542</Timestamp><DateTime>Fri, 2013-02-15 15:07:21 EST</DateTime></Topic><Msg>I just bought back in at $27.935. I think this is definitely be a good time to get in.</Msg><Username>stok1mom</Username><Timestamp>1360963048425</Timestamp><DateTime>Fri, 2013-02-15 16:17:28 EST</DateTime><ThumbUp>1</ThumbUp><ThumbDown>1</ThumbDown><Sentiment/></Message><Message type="ReplyMessage"><Id>1360963191842-110</Id><Topic><Title>State of taxes to buy Offcie 365 for all its 100,000 employees</Title><Username>bwu106</Username><Timestamp>1360950029508</Timestamp><DateTime>Fri, 2013-02-15 12:40:29 EST</DateTime></Topic><Msg>I sold a few months back at $28.00. Didn't like what I saw. Now I like what I see and am back in at $28.00. I think Microsoft will definitely take off in the mobile market. And of course the Office Suite is the mainstay of business and academia.</Msg><Username>stok1mom</Username><Timestamp>1360963191842</Timestamp><DateTime>Fri, 2013-02-15 16:19:51 EST</DateTime><ThumbUp>1</ThumbUp><ThumbDown>2</ThumbDown><Sentiment/></Message><Message type="ReplyMessage"><Id>1360963405285-111</Id><Topic><Title>Retail Copies of Office 2013 Are Tied To a Single Computer Forever</Title><Username>phands.theheretic5</Username><Timestamp>1360886540017</Timestamp><DateTime>Thu, 2013-02-14 19:02:20 EST</DateTime></Topic><Msg>More money for Microsoft. Big corporations will cut deals for licensing; but unfortunately the little guy will just has to pay the price. However, I bought the student teacher version awhile back of 2010 and was able to install it on 3 computers. And I ran 2003 without a hitch or expense for almost 10 years. So I think one can definitely get their money out of using the office suite.</Msg><Username>stok1mom</Username><Timestamp>1360963405285</Timestamp><DateTime>Fri, 2013-02-15 16:23:25 EST</DateTime><ThumbUp>1</ThumbUp><ThumbDown>2</ThumbDown><Sentiment/></Message><Message type="ReplyMessage"><Id>1360963915096-112</Id><Topic><Title>Think about this closing manipulation of the DOW</Title><Username>hawcreek12</Username><Timestamp>1360963411300</Timestamp><DateTime>Fri, 2013-02-15 16:23:31 EST</DateTime></Topic><Msg>Foul mouth liar.</Msg><Username>repub_taliban</Username><Timestamp>1360963915096</Timestamp><DateTime>Fri, 2013-02-15 16:31:55 EST</DateTime><ThumbUp>0</ThumbUp><ThumbDown>4</ThumbDown><Sentiment/></Message><Message type="ReplyMessage"><Id>1360964046405-113</Id><Topic><Title>Retail Copies of Office 2013 Are Tied To a Single Computer Forever</Title><Username>phands.theheretic5</Username><Timestamp>1360886540017</Timestamp><DateTime>Thu, 2013-02-14 19:02:20 EST</DateTime></Topic><Msg>Better just to use LibreOffice....on Linux.</Msg><Username>phands.theheretic6</Username><Timestamp>1360964046405</Timestamp><DateTime>Fri, 2013-02-15 16:34:06 EST</DateTime><ThumbUp>1</ThumbUp><ThumbDown>2</ThumbDown><Sentiment>Strong Sell</Sentiment></Message><Message type="ReplyMessage"><Id>1360964511103-114</Id><Topic><Title>MoMenTum MSFT</Title><Username>lakin_h54</Username><Timestamp>1360940974176</Timestamp><DateTime>Fri, 2013-02-15 10:09:34 EST</DateTime></Topic><Msg>Checking it out right now.</Msg><Username>mmarylou34</Username><Timestamp>1360964511103</Timestamp><DateTime>Fri, 2013-02-15 16:41:51 EST</DateTime><ThumbUp>0</ThumbUp><ThumbDown>1</ThumbDown><Sentiment/></Message><Message type="ReplyMessage"><Id>1360964552510-115</Id><Topic><Title>Congress it is wrong when GE pays less TAXES than someone make only $50,000 a year</Title><Username>coinmaker77</Username><Timestamp>1360954020364</Timestamp><DateTime>Fri, 2013-02-15 13:47:00 EST</DateTime></Topic><Msg>Sounds like a lot of liberals rushing to inform folks how friggin ignorant they are. No need, we already know that. If thousands of folks work for a corporation, the corporation being made up of real workin folks, and all the workin folks pay taxes from income made working for the Corporation,why should the Corporation then also pay taxes? And when lots of companies now are losing money due to Obama's anti-capitalist policies their taxes are reduced. Warren Buffet by the way lied, about his not paying as much taxes as his Sec.</Msg><Username>joedokes45</Username><Timestamp>1360964552510</Timestamp><DateTime>Fri, 2013-02-15 16:42:32 EST</DateTime><ThumbUp>1</ThumbUp><ThumbDown>2</ThumbDown><Sentiment/></Message><Message type="ReplyMessage"><Id>1360966215004-116</Id><Topic><Title>Has Sarah Palin Committed Herself? Where is Dubya? What's going on here?</Title><Username>jebus_watches_foxnews</Username><Timestamp>1360953483057</Timestamp><DateTime>Fri, 2013-02-15 13:38:03 EST</DateTime></Topic><Msg>Repub bosses make sure Dubya stays out of sight. As for Sarah Palin, no one cares any more.</Msg><Username>national_soup_month</Username><Timestamp>1360966215004</Timestamp><DateTime>Fri, 2013-02-15 17:10:15 EST</DateTime><ThumbUp>3</ThumbUp><ThumbDown>1</ThumbDown><Sentiment/></Message><Message type="TopicMessage"><Id>1360967428594-117</Id><Title>How's that MONKEY BOY dancing fool working for you now</Title><Msg>bagholders?</Msg><Username>tukkersmom2</Username><Timestamp>1360967428594</Timestamp><DateTime>Fri, 2013-02-15 17:30:28 EST</DateTime><ThumbUp>1</ThumbUp><ThumbDown>1</ThumbDown><Sentiment/></Message><Message type="ReplyMessage"><Id>1360968129397-118</Id><Topic><Title>msft will exceed aapl in market cap</Title><Username>cameleonman</Username><Timestamp>1360959375443</Timestamp><DateTime>Fri, 2013-02-15 15:16:15 EST</DateTime></Topic><Msg>You are a phuckwit. windoze 8 sucks and is not selling.</Msg><Username>phands.theheretic6</Username><Timestamp>1360968129397</Timestamp><DateTime>Fri, 2013-02-15 17:42:09 EST</DateTime><ThumbUp>1</ThumbUp><ThumbDown>4</ThumbDown><Sentiment>Strong Sell</Sentiment></Message><Message type="ReplyMessage"><Id>1360968240660-119</Id><Topic><Title>Windows 8's usage uptake falls further behind Vista's</Title><Username>phands.theheretic5</Username><Timestamp>1359762490302</Timestamp><DateTime>Fri, 2013-02-01 18:48:10 EST</DateTime></Topic><Msg>w8 is a pile opf #$%$.</Msg><Username>phands.theheretic6</Username><Timestamp>1360968240660</Timestamp><DateTime>Fri, 2013-02-15 17:44:00 EST</DateTime><ThumbUp>2</ThumbUp><ThumbDown>2</ThumbDown><Sentiment/></Message><Message type="TopicMessage"><Id>1360970118443-120</Id><Title>U #$%$ Shorts Will Pay the DIVY Due to US Monday AM Not Tuesday!! Market Clkosed monday!! $.20 U owe us!!!!</Title><Msg>YeAH!!!!!</Msg><Username>webyufuibf</Username><Timestamp>1360970118443</Timestamp><DateTime>Fri, 2013-02-15 18:15:18 EST</DateTime><ThumbUp>0</ThumbUp><ThumbDown>0</ThumbDown><Sentiment/></Message><Message type="ReplyMessage"><Id>1360971033220-121</Id><Topic><Title>Windows 8's usage uptake falls further behind Vista's</Title><Username>phands.theheretic5</Username><Timestamp>1359762490302</Timestamp><DateTime>Fri, 2013-02-01 18:48:10 EST</DateTime></Topic><Msg>phands is a pile opf #$%$</Msg><Username>father_zosima</Username><Timestamp>1360971033220</Timestamp><DateTime>Fri, 2013-02-15 18:30:33 EST</DateTime><ThumbUp>0</ThumbUp><ThumbDown>3</ThumbDown><Sentiment/></Message><Message type="ReplyMessage"><Id>1360971200152-122</Id><Topic><Title>Windows 8's usage uptake falls further behind Vista's</Title><Username>phands.theheretic5</Username><Timestamp>1359762490302</Timestamp><DateTime>Fri, 2013-02-01 18:48:10 EST</DateTime></Topic><Msg>The disaster imagined by woto the pimp is much more nonexistent than any of his other dreams of doom for Microsoft. Windows 8 use is virtually 100% on all new PC's, and has a rapidly increasing presence on all non iturd, turd-droid tablets and phones</Msg><Username>father_zosima</Username><Timestamp>1360971200152</Timestamp><DateTime>Fri, 2013-02-15 18:33:20 EST</DateTime><ThumbUp>1</ThumbUp><ThumbDown>3</ThumbDown><Sentiment/></Message><Message type="ReplyMessage"><Id>1360971360494-123</Id><Topic><Title>Has Sarah Palin Committed Herself? Where is Dubya? What's going on here?</Title><Username>jebus_watches_foxnews</Username><Timestamp>1360953483057</Timestamp><DateTime>Fri, 2013-02-15 13:38:03 EST</DateTime></Topic><Msg>They went somewhere with Romney's clan, probably Europe. I heard Romney is asking Palin to be wife #2 and she accepted. Dubya is along for humor, and a reminder that yes, I could be worse.</Msg><Username>peppeek</Username><Timestamp>1360971360494</Timestamp><DateTime>Fri, 2013-02-15 18:36:00 EST</DateTime><ThumbUp>2</ThumbUp><ThumbDown>3</ThumbDown><Sentiment>Strong Buy</Sentiment></Message><Message type="ReplyMessage"><Id>1360973692801-124</Id><Topic><Title>Has Sarah Palin Committed Herself? Where is Dubya? What's going on here?</Title><Username>jebus_watches_foxnews</Username><Timestamp>1360953483057</Timestamp><DateTime>Fri, 2013-02-15 13:38:03 EST</DateTime></Topic><Msg>If you are really lookin, check up on Mt. Rushmore. Probably out Moose huntin. I sure hope she doesn't shoot John Kerry by mistake.</Msg><Username>joedokes45</Username><Timestamp>1360973692801</Timestamp><DateTime>Fri, 2013-02-15 19:14:52 EST</DateTime><ThumbUp>3</ThumbUp><ThumbDown>3</ThumbDown><Sentiment/></Message><Message type="ReplyMessage"><Id>1360975145170-125</Id><Topic><Title>Asteroid leaving, good news I survived</Title><Username>hawcreek12</Username><Timestamp>1360956366424</Timestamp><DateTime>Fri, 2013-02-15 14:26:06 EST</DateTime></Topic><Msg>LOL sarcasm is wasted on you.</Msg><Username>wottowwottow</Username><Timestamp>1360975145170</Timestamp><DateTime>Fri, 2013-02-15 19:39:05 EST</DateTime><ThumbUp>1</ThumbUp><ThumbDown>1</ThumbDown><Sentiment/></Message><Message type="ReplyMessage"><Id>1360975261456-126</Id><Topic><Title>msft will exceed aapl in market cap</Title><Username>cameleonman</Username><Timestamp>1360959375443</Timestamp><DateTime>Fri, 2013-02-15 15:16:15 EST</DateTime></Topic><Msg>FOAD you stupid 1/2 wit troll..</Msg><Username>williamdavis960</Username><Timestamp>1360975261456</Timestamp><DateTime>Fri, 2013-02-15 19:41:01 EST</DateTime><ThumbUp>1</ThumbUp><ThumbDown>1</ThumbDown><Sentiment>Strong Buy</Sentiment></Message><Message type="ReplyMessage"><Id>1360975393421-127</Id><Topic><Title>msft will exceed aapl in market cap</Title><Username>cameleonman</Username><Timestamp>1360959375443</Timestamp><DateTime>Fri, 2013-02-15 15:16:15 EST</DateTime></Topic><Msg>MSFT is well setup for a huge revenue Spike!</Msg><Username>williamdavis960</Username><Timestamp>1360975393421</Timestamp><DateTime>Fri, 2013-02-15 19:43:13 EST</DateTime><ThumbUp>4</ThumbUp><ThumbDown>1</ThumbDown><Sentiment>Strong Buy</Sentiment></Message><Message type="TopicMessage"><Id>1360978777299-128</Id><Title>Hawfreak sat on his assteroid all day long.</Title><Msg>Posting inane drivel, same as he does every day. He survived, but remains a gigantic hemorrhoid. A significant problem since, at a penny a post, he'll not be able to stay in diapers if he expects to pay for the hollowpoints he ordered before the Department of Health and Human Services cleans out the stock.</Msg><Username>truth_in_government</Username><Timestamp>1360978777299</Timestamp><DateTime>Fri, 2013-02-15 20:39:37 EST</DateTime><ThumbUp>0</ThumbUp><ThumbDown>1</ThumbDown><Sentiment/></Message><Message type="ReplyMessage"><Id>1360979569075-129</Id><Topic><Title>msft will exceed aapl in market cap</Title><Username>cameleonman</Username><Timestamp>1360959375443</Timestamp><DateTime>Fri, 2013-02-15 15:16:15 EST</DateTime></Topic><Msg>You need the huge MS spike where the sun don't shine.</Msg><Username>ghosananon</Username><Timestamp>1360979569075</Timestamp><DateTime>Fri, 2013-02-15 20:52:49 EST</DateTime><ThumbUp>0</ThumbUp><ThumbDown>2</ThumbDown><Sentiment/></Message><Message type="ReplyMessage"><Id>1360981579313-130</Id><Topic><Title>Does anyone know what a "selp" is?</Title><Username>jebus_watches_foxnews</Username><Timestamp>1360970709331</Timestamp><DateTime>Fri, 2013-02-15 18:25:09 EST</DateTime></Topic><Msg>"But anyone with a fair amount of grey matter will be concerned." Anyone with a fair amount of grey matter will also recall the Maunder Minimum and the Little Ice Age, and fact that they coincided with a complete absence of sunspots. Such correlations do not happen by accident.</Msg><Username>wottowwottow</Username><Timestamp>1360981579313</Timestamp><DateTime>Fri, 2013-02-15 21:26:19 EST</DateTime><ThumbUp>1</ThumbUp><ThumbDown>0</ThumbDown><Sentiment/></Message><Message type="TopicMessage"><Id>1360984120431-131</Id><Title>hi dom doms what is up with politiks</Title><Msg>do try to not be sooo boring</Msg><Username>cfuryurself</Username><Timestamp>1360984120431</Timestamp><DateTime>Fri, 2013-02-15 22:08:40 EST</DateTime><ThumbUp>0</ThumbUp><ThumbDown>2</ThumbDown><Sentiment/></Message><Message type="ReplyMessage"><Id>1360987105020-132</Id><Topic><Title>Windows 8's usage uptake falls further behind Vista's</Title><Username>phands.theheretic5</Username><Timestamp>1359762490302</Timestamp><DateTime>Fri, 2013-02-01 18:48:10 EST</DateTime></Topic><Msg>FOAD, wally-the-phucktard</Msg><Username>phands.theheretic6</Username><Timestamp>1360987105020</Timestamp><DateTime>Fri, 2013-02-15 22:58:25 EST</DateTime><ThumbUp>0</ThumbUp><ThumbDown>1</ThumbDown><Sentiment>Strong Sell</Sentiment></Message></Date>