<?xml version="1.0" encoding="UTF-8" standalone="no"?><Date date="2012-10-08"><Message type="TopicMessage"><Id>1349668865140-1</Id><Title>This message board is full of coldone, dr.gloom, and hotmodel #$%$.</Title><Msg>Why are you all not trying to have a meaningful conversation? Stop your coldone, hotmodel and dr.gloom #$%$., will you? I check this message board every 2/3 days and all I find is all of the above that I mentioned. To me it seems that you guys have nothing else to do in life and spend all your time here on this message board? Go get a life!</Msg><Username>hello_midwest</Username><Timestamp>1349668865140</Timestamp><DateTime>Mon, 2012-10-08 00:01:05 EDT</DateTime><ThumbUp>2</ThumbUp><ThumbDown>2</ThumbDown><Sentiment>Buy</Sentiment></Message><Message type="TopicMessage"><Id>1349669965260-2</Id><Title>when are we gonna hear something, when, when , when, dam this annoying</Title><Msg>swisher said possibly in a week and its been a week, just friggen tell us, really now.</Msg><Username>delmundosoftball</Username><Timestamp>1349669965260</Timestamp><DateTime>Mon, 2012-10-08 00:19:25 EDT</DateTime><ThumbUp>1</ThumbUp><ThumbDown>1</ThumbDown><Sentiment/></Message><Message type="ReplyMessage"><Id>1349670239746-3</Id><Topic><Title>What did you say when coldone told you to buy at $11, $12, $13 and $14, hotmodel?</Title><Username>nanobot8042</Username><Timestamp>1348080744585</Timestamp><DateTime>Wed, 2012-09-19 14:52:24 EDT</DateTime></Topic><Msg>The bashers hotmodel and dr.gloom are the same person.</Msg><Username>ashton10shyof</Username><Timestamp>1349670239746</Timestamp><DateTime>Mon, 2012-10-08 00:23:59 EDT</DateTime><ThumbUp>2</ThumbUp><ThumbDown>3</ThumbDown><Sentiment/></Message><Message type="ReplyMessage"><Id>1349670557930-4</Id><Topic><Title>Yahoo to Layoff 1500 Employees</Title><Username>mb525799</Username><Timestamp>1349467811367</Timestamp><DateTime>Fri, 2012-10-05 16:10:11 EDT</DateTime></Topic><Msg>Some are saying Yahoo will layoff up to 10,000. I don't believe it.</Msg><Username>ashton10shyof</Username><Timestamp>1349670557930</Timestamp><DateTime>Mon, 2012-10-08 00:29:17 EDT</DateTime><ThumbUp>2</ThumbUp><ThumbDown>2</ThumbDown><Sentiment/></Message><Message type="TopicMessage"><Id>1349671957627-5</Id><Title>Yahoo’s Mayer Urged to Repurchase Stock With Alibaba Gain</Title><Msg>A buyback would give the signal that investors seek that Mayer has confidence in Yahoo’s growth prospects and in her ability to use innovative products to lure back users and advertisers who have defected to Google Inc. and Facebook Inc. A dividend, by contrast, may be seen as a tacit admission that management lacks fresh ideas to revive its business and must rely instead on regular cash outlays to hold on to investors. With a buyback, Yahoo’s stock can double to $32 within a year, said Brett Harriss, an analyst at Gabelli &amp; Co. Yahoo has said it will return proceeds from the Alibaba transaction to investors, without specifying when or how. “They have historically bought back a lot of stock, and I think they’ll look at that as being the most efficient way to reduce the share count,” said Ryan Jacob, chief investment officer at Jacob Asset Management, who oversees a $120 million portfolio, including Yahoo shares. “It’s clearly trading at a valuation that’s below the sum of its parts.”</Msg><Username>thetoadtimes</Username><Timestamp>1349671957627</Timestamp><DateTime>Mon, 2012-10-08 00:52:37 EDT</DateTime><ThumbUp>13</ThumbUp><ThumbDown>11</ThumbDown><Sentiment/></Message><Message type="ReplyMessage"><Id>1349673159584-6</Id><Topic><Title>Yahoo’s Mayer Urged to Repurchase Stock With Alibaba Gain</Title><Username>thetoadtimes</Username><Timestamp>1349671957627</Timestamp><DateTime>Mon, 2012-10-08 00:52:37 EDT</DateTime></Topic><Msg>With a buyback, Yahoo’s stock can double to $32 within a year, said Brett Harriss, an analyst at Gabelli &amp; Co.</Msg><Username>brex742</Username><Timestamp>1349673159584</Timestamp><DateTime>Mon, 2012-10-08 01:12:39 EDT</DateTime><ThumbUp>4</ThumbUp><ThumbDown>9</ThumbDown><Sentiment/></Message><Message type="TopicMessage"><Id>1349678596463-7</Id><Title>Yahoo gets close to AOL on share repurchase 32 dollars</Title><Msg>Although, I could use some dividend funds and would be happy with 1/2 dividend and 1/2 repurchase and yahoo at 31.50. Cramer says investors can make lots of $ when analysts disagree.</Msg><Username>oldmaneddie81</Username><Timestamp>1349678596463</Timestamp><DateTime>Mon, 2012-10-08 02:43:16 EDT</DateTime><ThumbUp>4</ThumbUp><ThumbDown>5</ThumbDown><Sentiment/></Message><Message type="TopicMessage"><Id>1349678694982-8</Id><Title>Any idea which way YHOO will trade next week?</Title><Msg>I was watching some trade videos on TheContrarianTrader blog and found some great videos. His analysis was really good and be being new I got a lot out of them. I watched his older videos and his calls were accurate as well. I know there are a bunch of guys that pick stocks and send alerts but the contrarian trader puts himself out there to prove himself unlike other so called pros. Does anyone know of his paid services?</Msg><Username>jermain.mcbride</Username><Timestamp>1349678694982</Timestamp><DateTime>Mon, 2012-10-08 02:44:54 EDT</DateTime><ThumbUp>0</ThumbUp><ThumbDown>1</ThumbDown><Sentiment/></Message><Message type="TopicMessage"><Id>1349678695100-9</Id><Title>Any idea which way YHOO will trade next week?</Title><Msg>I was watching some trade videos on TheContrarianTrader blog and found some great videos. His analysis was really good and be being new I got a lot out of them. I watched his older videos and his calls were accurate as well. I know there are a bunch of guys that pick stocks and send alerts but the contrarian trader puts himself out there to prove himself unlike other so called pros. Does anyone know of his paid services?</Msg><Username>jermain.mcbride</Username><Timestamp>1349678695100</Timestamp><DateTime>Mon, 2012-10-08 02:44:55 EDT</DateTime><ThumbUp>1</ThumbUp><ThumbDown>2</ThumbDown><Sentiment/></Message><Message type="TopicMessage"><Id>1349679689957-10</Id><Title>About 5-6 Analysts are stating yahoo is worth 32 dollar per share</Title><Msg>with a share buy back..</Msg><Username>oldmaneddie81</Username><Timestamp>1349679689957</Timestamp><DateTime>Mon, 2012-10-08 03:01:29 EDT</DateTime><ThumbUp>6</ThumbUp><ThumbDown>8</ThumbDown><Sentiment/></Message><Message type="TopicMessage"><Id>1349679926678-11</Id><Title>Are those Yahoo employees still want to work anymore?</Title><Msg>I just check out Yahoo US company earnings calendar and is totally empty.</Msg><Username>stockpro118</Username><Timestamp>1349679926678</Timestamp><DateTime>Mon, 2012-10-08 03:05:26 EDT</DateTime><ThumbUp>1</ThumbUp><ThumbDown>2</ThumbDown><Sentiment/></Message><Message type="TopicMessage"><Id>1349682177226-12</Id><Title>With a buyback, Yahoo’s stock can double to $32 within a year: analyst at Gabelli &amp; Co</Title><Msg>Exactly, whay I've been saying AOL and YHOO equal pricing equal weight.</Msg><Username>oldmaneddie81</Username><Timestamp>1349682177226</Timestamp><DateTime>Mon, 2012-10-08 03:42:57 EDT</DateTime><ThumbUp>13</ThumbUp><ThumbDown>14</ThumbDown><Sentiment/></Message><Message type="ReplyMessage"><Id>1349690487279-13</Id><Topic><Title>Yahoo's New CFO to OK Stock Buyback</Title><Username>neo1278alpha</Username><Timestamp>1349645245635</Timestamp><DateTime>Sun, 2012-10-07 17:27:25 EDT</DateTime></Topic><Msg>It seems evident to me that neoalpha and gloom had much rather spend their time hiding under a can than reading corporate reports. YHOO has a BOD approved SEC notified stock repuirchase plan aurthorized in the amount of 5B, and I think some authorized buyback authority under one of the previous authorized plans. Read the last report and learn. It is under this authority that YHOO announced repurchase of 40M shares in conjunction with the last quarterly report. There is no need for CFO approval and the valet does not need to worry about approving the sale of Y-J. Speaking of Y-J, I would like to see YHOO do a secondary offering in Japan and unload about 1/3 of their holdings, especially while Y-J is booming higher at this time.</Msg><Username>goldeagle14</Username><Timestamp>1349690487279</Timestamp><DateTime>Mon, 2012-10-08 06:01:27 EDT</DateTime><ThumbUp>2</ThumbUp><ThumbDown>2</ThumbDown><Sentiment>Strong Buy</Sentiment></Message><Message type="ReplyMessage"><Id>1349690974393-14</Id><Topic><Title>Yahoo’s Mayer Urged to Repurchase Stock With Alibaba Gain</Title><Username>thetoadtimes</Username><Timestamp>1349671957627</Timestamp><DateTime>Mon, 2012-10-08 00:52:37 EDT</DateTime></Topic><Msg>Repurchase Yahoo $27 Dec. 7,one yr. $40. Strong Buy !!</Msg><Username>leestoller</Username><Timestamp>1349690974393</Timestamp><DateTime>Mon, 2012-10-08 06:09:34 EDT</DateTime><ThumbUp>1</ThumbUp><ThumbDown>6</ThumbDown><Sentiment>Strong Buy</Sentiment></Message><Message type="ReplyMessage"><Id>1349691234808-15</Id><Topic><Title>With a buyback, Yahoo’s stock can double to $32 within a year: analyst at Gabelli &amp; Co</Title><Username>oldmaneddie81</Username><Timestamp>1349682177226</Timestamp><DateTime>Mon, 2012-10-08 03:42:57 EDT</DateTime></Topic><Msg>Repurchase Yahoo,$27 Dec. $40 one Yr. load up!!</Msg><Username>leestoller</Username><Timestamp>1349691234808</Timestamp><DateTime>Mon, 2012-10-08 06:13:54 EDT</DateTime><ThumbUp>3</ThumbUp><ThumbDown>13</ThumbDown><Sentiment>Strong Buy</Sentiment></Message><Message type="ReplyMessage"><Id>1349701919433-16</Id><Topic><Title>Yahoo’s Mayer Urged to Repurchase Stock With Alibaba Gain</Title><Username>thetoadtimes</Username><Timestamp>1349671957627</Timestamp><DateTime>Mon, 2012-10-08 00:52:37 EDT</DateTime></Topic><Msg>“It’s clearly trading at a valuation that’s below the sum of its parts.” Yep, it is trading below $17.20 which is the maximum value of Yahoo. After the buyback, the value of Yahoo is even lower since interest income will decline along with operational income based on "Investments" by MM in the company. Anyone who says Yahoo is worth more than $17.20 is trying to drive up the price so his/her employer can dump this dog. Soon we will see Yahoo back in the $8's</Msg><Username>grey116677</Username><Timestamp>1349701919433</Timestamp><DateTime>Mon, 2012-10-08 09:11:59 EDT</DateTime><ThumbUp>9</ThumbUp><ThumbDown>4</ThumbDown><Sentiment/></Message><Message type="ReplyMessage"><Id>1349703008806-17</Id><Topic><Title>Yahoo’s Mayer Urged to Repurchase Stock With Alibaba Gain</Title><Username>thetoadtimes</Username><Timestamp>1349671957627</Timestamp><DateTime>Mon, 2012-10-08 00:52:37 EDT</DateTime></Topic><Msg>I am thinking that Yahoo should ONLY hire ex-cheerleaders as executives and then make extra income by selling calendars.</Msg><Username>homersputts</Username><Timestamp>1349703008806</Timestamp><DateTime>Mon, 2012-10-08 09:30:08 EDT</DateTime><ThumbUp>10</ThumbUp><ThumbDown>3</ThumbDown><Sentiment/></Message><Message type="ReplyMessage"><Id>1349703064052-18</Id><Topic><Title>Yahoo’s Mayer Urged to Repurchase Stock With Alibaba Gain</Title><Username>thetoadtimes</Username><Timestamp>1349671957627</Timestamp><DateTime>Mon, 2012-10-08 00:52:37 EDT</DateTime></Topic><Msg>But then again if that were the case then everyone would be promoting the stock in a bubble-headed way and no one would be running the company.</Msg><Username>homersputts</Username><Timestamp>1349703064052</Timestamp><DateTime>Mon, 2012-10-08 09:31:04 EDT</DateTime><ThumbUp>7</ThumbUp><ThumbDown>3</ThumbDown><Sentiment/></Message><Message type="ReplyMessage"><Id>1349703312927-19</Id><Topic><Title>Yahoo to Layoff 1500 Employees</Title><Username>mb525799</Username><Timestamp>1349467811367</Timestamp><DateTime>Fri, 2012-10-05 16:10:11 EDT</DateTime></Topic><Msg>George ( sorry-a(ss) Soros will bail Yahoo out. He's actually the one directing traffic</Msg><Username>garybirch55</Username><Timestamp>1349703312927</Timestamp><DateTime>Mon, 2012-10-08 09:35:12 EDT</DateTime><ThumbUp>0</ThumbUp><ThumbDown>1</ThumbDown><Sentiment/></Message><Message type="ReplyMessage"><Id>1349703364929-20</Id><Topic><Title>Yahoo’s Mayer Urged to Repurchase Stock With Alibaba Gain</Title><Username>thetoadtimes</Username><Timestamp>1349671957627</Timestamp><DateTime>Mon, 2012-10-08 00:52:37 EDT</DateTime></Topic><Msg>No one is running the company now. How else do you get 5 CEO's in less than 2 years?</Msg><Username>grey116677</Username><Timestamp>1349703364929</Timestamp><DateTime>Mon, 2012-10-08 09:36:04 EDT</DateTime><ThumbUp>8</ThumbUp><ThumbDown>2</ThumbDown><Sentiment/></Message><Message type="TopicMessage"><Id>1349703588038-21</Id><Title>Gabelli &amp; Co Analyst Brett Harriss says, With a buyback, Yahoo’s stock can double to $32 within a year</Title><Msg>A buyback would give the signal that investors seek that Mayer has confidence in Yahoo’s growth prospects and in her ability to use innovative products to lure back users and advertisers who have defected to Google Inc. and Facebook Inc. A dividend, by contrast, may be seen as a tacit admission that management lacks fresh ideas to revive its business and must rely instead on regular cash outlays to hold on to investors. With a buyback, Yahoo’s stock can double to $32 within a year, said Brett Harriss, an analyst at Gabelli &amp; Co. Yahoo has said it will return proceeds from the Alibaba transaction to investors, without specifying when or how.</Msg><Username>thurstonthethird</Username><Timestamp>1349703588038</Timestamp><DateTime>Mon, 2012-10-08 09:39:48 EDT</DateTime><ThumbUp>5</ThumbUp><ThumbDown>5</ThumbDown><Sentiment/></Message><Message type="ReplyMessage"><Id>1349703710691-22</Id><Topic><Title>About 5-6 Analysts are stating yahoo is worth 32 dollar per share</Title><Username>oldmaneddie81</Username><Timestamp>1349679689957</Timestamp><DateTime>Mon, 2012-10-08 03:01:29 EDT</DateTime></Topic><Msg>With a buyback, Yahoo’s stock can double to $32 within a year, said Brett Harriss, an analyst at Gabelli &amp; Co. Yahoo has said it will return proceeds from the Alibaba transaction to investors, without specifying when or how.</Msg><Username>thurstonthethird</Username><Timestamp>1349703710691</Timestamp><DateTime>Mon, 2012-10-08 09:41:50 EDT</DateTime><ThumbUp>3</ThumbUp><ThumbDown>7</ThumbDown><Sentiment/></Message><Message type="TopicMessage"><Id>1349703731780-23</Id><Title>CNBC Pissonme, please give it a break. It is exhausting listening to your trice daily pump</Title><Msg>Unreal. How did this guy get a job. He should be changing tires at a local shop.</Msg><Username>creatin_9999</Username><Timestamp>1349703731780</Timestamp><DateTime>Mon, 2012-10-08 09:42:11 EDT</DateTime><ThumbUp>1</ThumbUp><ThumbDown>0</ThumbDown><Sentiment>Strong Sell</Sentiment></Message><Message type="ReplyMessage"><Id>1349703810448-24</Id><Topic><Title>About 5-6 Analysts are stating yahoo is worth 32 dollar per share</Title><Username>oldmaneddie81</Username><Timestamp>1349679689957</Timestamp><DateTime>Mon, 2012-10-08 03:01:29 EDT</DateTime></Topic><Msg>Can you name two?</Msg><Username>dr.gloom</Username><Timestamp>1349703810448</Timestamp><DateTime>Mon, 2012-10-08 09:43:30 EDT</DateTime><ThumbUp>7</ThumbUp><ThumbDown>2</ThumbDown><Sentiment/></Message><Message type="ReplyMessage"><Id>1349703874315-25</Id><Topic><Title>About 5-6 Analysts are stating yahoo is worth 32 dollar per share</Title><Username>oldmaneddie81</Username><Timestamp>1349679689957</Timestamp><DateTime>Mon, 2012-10-08 03:01:29 EDT</DateTime></Topic><Msg>Yahoo will trade higher than AOL in the next 12 months.</Msg><Username>trotlightly34</Username><Timestamp>1349703874315</Timestamp><DateTime>Mon, 2012-10-08 09:44:34 EDT</DateTime><ThumbUp>2</ThumbUp><ThumbDown>7</ThumbDown><Sentiment/></Message><Message type="ReplyMessage"><Id>1349703906652-26</Id><Topic><Title>With a buyback, Yahoo’s stock can double to $32 within a year: analyst at Gabelli &amp; Co</Title><Username>oldmaneddie81</Username><Timestamp>1349682177226</Timestamp><DateTime>Mon, 2012-10-08 03:42:57 EDT</DateTime></Topic><Msg>Yahoo will exceed AOL in the next year.</Msg><Username>trotlightly34</Username><Timestamp>1349703906652</Timestamp><DateTime>Mon, 2012-10-08 09:45:06 EDT</DateTime><ThumbUp>2</ThumbUp><ThumbDown>13</ThumbDown><Sentiment/></Message><Message type="TopicMessage"><Id>1349704185277-27</Id><Title>Buyback</Title><Msg>..and why they don´t buy it back....???It´s idiotic to discuss in a companies board so long over such a simple thing. Decide and publish!!What is this board working all day long????</Msg><Username>zissi022000</Username><Timestamp>1349704185277</Timestamp><DateTime>Mon, 2012-10-08 09:49:45 EDT</DateTime><ThumbUp>3</ThumbUp><ThumbDown>1</ThumbDown><Sentiment/></Message><Message type="ReplyMessage"><Id>1349704219466-28</Id><Topic><Title>Gabelli &amp; Co Analyst Brett Harriss says, With a buyback, Yahoo’s stock can double to $32 within a year</Title><Username>thurstonthethird</Username><Timestamp>1349703588038</Timestamp><DateTime>Mon, 2012-10-08 09:39:48 EDT</DateTime></Topic><Msg>Yahoo is up today on this news.</Msg><Username>smedleypuddles</Username><Timestamp>1349704219466</Timestamp><DateTime>Mon, 2012-10-08 09:50:19 EDT</DateTime><ThumbUp>2</ThumbUp><ThumbDown>7</ThumbDown><Sentiment/></Message><Message type="ReplyMessage"><Id>1349704297536-29</Id><Topic><Title>With a buyback, Yahoo’s stock can double to $32 within a year: analyst at Gabelli &amp; Co</Title><Username>oldmaneddie81</Username><Timestamp>1349682177226</Timestamp><DateTime>Mon, 2012-10-08 03:42:57 EDT</DateTime></Topic><Msg>With a buyback, Yahoo’s stock can double to $32 within a year, said Brett Harriss, an analyst at Gabelli &amp; Co. Yahoo has said it will return proceeds from the Alibaba transaction to investors, without specifying when or how.</Msg><Username>thurstonthethird</Username><Timestamp>1349704297536</Timestamp><DateTime>Mon, 2012-10-08 09:51:37 EDT</DateTime><ThumbUp>1</ThumbUp><ThumbDown>11</ThumbDown><Sentiment/></Message><Message type="TopicMessage"><Id>1349704768586-30</Id><Title>Triple Gap Up is Open</Title><Msg>1st - Sep 26, 2012 15,61 Oct 1, 2012 15,77 2nd - Oct 1, 2012 15,83 Oct 2, 2012 15,88 3rd - Oct 2, 2012 15,94 Oct 3, 2012 15,99</Msg><Username>xetra72</Username><Timestamp>1349704768586</Timestamp><DateTime>Mon, 2012-10-08 09:59:28 EDT</DateTime><ThumbUp>0</ThumbUp><ThumbDown>2</ThumbDown><Sentiment>Strong Buy</Sentiment></Message><Message type="ReplyMessage"><Id>1349704834192-31</Id><Topic><Title>Triple Gap Up is Open</Title><Username>xetra72</Username><Timestamp>1349704768586</Timestamp><DateTime>Mon, 2012-10-08 09:59:28 EDT</DateTime></Topic><Msg>With a buyback, Yahoo’s stock can double to $32 within a year, said Brett Harriss, an analyst at Gabelli &amp; Co. Yahoo has said it will return proceeds from the Alibaba transaction to investors, without specifying when or how.</Msg><Username>thurstonthethird</Username><Timestamp>1349704834192</Timestamp><DateTime>Mon, 2012-10-08 10:00:34 EDT</DateTime><ThumbUp>0</ThumbUp><ThumbDown>1</ThumbDown><Sentiment/></Message><Message type="ReplyMessage"><Id>1349705127676-32</Id><Topic><Title>Yahoo’s Mayer Urged to Repurchase Stock With Alibaba Gain</Title><Username>thetoadtimes</Username><Timestamp>1349671957627</Timestamp><DateTime>Mon, 2012-10-08 00:52:37 EDT</DateTime></Topic><Msg>$32 within a year or more when Alibaba Group IPOs.</Msg><Username>smedleypuddles</Username><Timestamp>1349705127676</Timestamp><DateTime>Mon, 2012-10-08 10:05:27 EDT</DateTime><ThumbUp>2</ThumbUp><ThumbDown>7</ThumbDown><Sentiment/></Message><Message type="ReplyMessage"><Id>1349705821209-33</Id><Topic><Title>With a buyback, Yahoo’s stock can double to $32 within a year: analyst at Gabelli &amp; Co</Title><Username>oldmaneddie81</Username><Timestamp>1349682177226</Timestamp><DateTime>Mon, 2012-10-08 03:42:57 EDT</DateTime></Topic><Msg>You're just a short. A scared short. Everybody knows a stock buyback will double Yahoo in a year. I want the buyback by October 22. I am smedleypuddles, a real Yahoo long.</Msg><Username>smedleypuddles</Username><Timestamp>1349705821209</Timestamp><DateTime>Mon, 2012-10-08 10:17:01 EDT</DateTime><ThumbUp>1</ThumbUp><ThumbDown>10</ThumbDown><Sentiment/></Message><Message type="ReplyMessage"><Id>1349706388804-34</Id><Topic><Title>Gabelli &amp; Co Analyst Brett Harriss says, With a buyback, Yahoo’s stock can double to $32 within a year</Title><Username>thurstonthethird</Username><Timestamp>1349703588038</Timestamp><DateTime>Mon, 2012-10-08 09:39:48 EDT</DateTime></Topic><Msg>Update - Boohoo down today on this news.</Msg><Username>gfrazho</Username><Timestamp>1349706388804</Timestamp><DateTime>Mon, 2012-10-08 10:26:28 EDT</DateTime><ThumbUp>5</ThumbUp><ThumbDown>5</ThumbDown><Sentiment/></Message><Message type="ReplyMessage"><Id>1349706601079-35</Id><Topic><Title>Gabelli &amp; Co Analyst Brett Harriss says, With a buyback, Yahoo’s stock can double to $32 within a year</Title><Username>thurstonthethird</Username><Timestamp>1349703588038</Timestamp><DateTime>Mon, 2012-10-08 09:39:48 EDT</DateTime></Topic><Msg>Another scared short.</Msg><Username>smedleypuddles</Username><Timestamp>1349706601079</Timestamp><DateTime>Mon, 2012-10-08 10:30:01 EDT</DateTime><ThumbUp>3</ThumbUp><ThumbDown>7</ThumbDown><Sentiment/></Message><Message type="TopicMessage"><Id>1349706894398-36</Id><Title>It sucks how little progress YHOO share price has made and how long it takes to....</Title><Msg>...get anything done. A serious share buy back should already be in progress and YHOO-Jap should have been sold by now. YHOO has to take charge and not just wait for things to come to just come to them as clearly YHOO has been slowly bleeding to death for four years, while management and BOD have done well for themselves at the expense of shareholders.</Msg><Username>mewag51</Username><Timestamp>1349706894398</Timestamp><DateTime>Mon, 2012-10-08 10:34:54 EDT</DateTime><ThumbUp>1</ThumbUp><ThumbDown>3</ThumbDown><Sentiment/></Message><Message type="ReplyMessage"><Id>1349707222302-37</Id><Topic><Title>It sucks how little progress YHOO share price has made and how long it takes to....</Title><Username>mewag51</Username><Timestamp>1349706894398</Timestamp><DateTime>Mon, 2012-10-08 10:34:54 EDT</DateTime></Topic><Msg>You suck.</Msg><Username>savior2911</Username><Timestamp>1349707222302</Timestamp><DateTime>Mon, 2012-10-08 10:40:22 EDT</DateTime><ThumbUp>1</ThumbUp><ThumbDown>1</ThumbDown><Sentiment/></Message><Message type="ReplyMessage"><Id>1349707274595-38</Id><Topic><Title>With a buyback, Yahoo’s stock can double to $32 within a year: analyst at Gabelli &amp; Co</Title><Username>oldmaneddie81</Username><Timestamp>1349682177226</Timestamp><DateTime>Mon, 2012-10-08 03:42:57 EDT</DateTime></Topic><Msg>Yahoo to $32 in a year and Yahoo will still be undervalued.</Msg><Username>savior2911</Username><Timestamp>1349707274595</Timestamp><DateTime>Mon, 2012-10-08 10:41:14 EDT</DateTime><ThumbUp>1</ThumbUp><ThumbDown>12</ThumbDown><Sentiment/></Message><Message type="ReplyMessage"><Id>1349707806673-39</Id><Topic><Title>WITHOUT A DOUBT, we need to test support at $16. So no need to buy here.</Title><Username>dominikpounds</Username><Timestamp>1349367147419</Timestamp><DateTime>Thu, 2012-10-04 12:12:27 EDT</DateTime></Topic><Msg>Great call, Dominik!! Will $16 hold??</Msg><Username>fred.jackson55</Username><Timestamp>1349707806673</Timestamp><DateTime>Mon, 2012-10-08 10:50:06 EDT</DateTime><ThumbUp>6</ThumbUp><ThumbDown>5</ThumbDown><Sentiment/></Message><Message type="ReplyMessage"><Id>1349708595487-40</Id><Topic><Title>With a buyback, Yahoo’s stock can double to $32 within a year: analyst at Gabelli &amp; Co</Title><Username>oldmaneddie81</Username><Timestamp>1349682177226</Timestamp><DateTime>Mon, 2012-10-08 03:42:57 EDT</DateTime></Topic><Msg>An Alibaba IPO could take Yahoo to $40.</Msg><Username>smedleypuddles</Username><Timestamp>1349708595487</Timestamp><DateTime>Mon, 2012-10-08 11:03:15 EDT</DateTime><ThumbUp>1</ThumbUp><ThumbDown>9</ThumbDown><Sentiment/></Message><Message type="ReplyMessage"><Id>1349709143660-41</Id><Topic><Title>WITHOUT A DOUBT, we need to test support at $16. So no need to buy here.</Title><Username>dominikpounds</Username><Timestamp>1349367147419</Timestamp><DateTime>Thu, 2012-10-04 12:12:27 EDT</DateTime></Topic><Msg>No. $16 will NOT hold. Yahoo is NOT supporting the stock with buybacks AABOVE $16 at this time. Yahoo is only buying stock in the $14s and $15s. The Market knows that. $16 will NOT hold.</Msg><Username>dominikpounds</Username><Timestamp>1349709143660</Timestamp><DateTime>Mon, 2012-10-08 11:12:23 EDT</DateTime><ThumbUp>6</ThumbUp><ThumbDown>6</ThumbDown><Sentiment/></Message><Message type="TopicMessage"><Id>1349710096000-42</Id><Title>Dan Loeb is the real Daddy</Title><Msg>He decides how the $4.6 Billions will be spent. Since he owns 12+% of the company, he would like to see the stock double to $32 SHORTLY.</Msg><Username>evilwallstreet</Username><Timestamp>1349710096000</Timestamp><DateTime>Mon, 2012-10-08 11:28:16 EDT</DateTime><ThumbUp>1</ThumbUp><ThumbDown>1</ThumbDown><Sentiment>Strong Buy</Sentiment></Message><Message type="ReplyMessage"><Id>1349710740121-43</Id><Topic><Title>With a buyback, Yahoo’s stock can double to $32 within a year: analyst at Gabelli &amp; Co</Title><Username>oldmaneddie81</Username><Timestamp>1349682177226</Timestamp><DateTime>Mon, 2012-10-08 03:42:57 EDT</DateTime></Topic><Msg>Yahoo will first jump to $20 on the buyback. It will then jump to $25 on a Yahoo Japan deal then we will see the $30s on an Alibaba Group IPO. If Mayer can double revs by 2015 as she has stated, Yahoo will trade in the $40s.</Msg><Username>savior2911</Username><Timestamp>1349710740121</Timestamp><DateTime>Mon, 2012-10-08 11:39:00 EDT</DateTime><ThumbUp>2</ThumbUp><ThumbDown>11</ThumbDown><Sentiment/></Message><Message type="ReplyMessage"><Id>1349711605110-44</Id><Topic><Title>WITHOUT A DOUBT, we need to test support at $16. So no need to buy here.</Title><Username>dominikpounds</Username><Timestamp>1349367147419</Timestamp><DateTime>Thu, 2012-10-04 12:12:27 EDT</DateTime></Topic><Msg>Thanks Dominik. You've been hitting 100% so far!</Msg><Username>allymarie5454</Username><Timestamp>1349711605110</Timestamp><DateTime>Mon, 2012-10-08 11:53:25 EDT</DateTime><ThumbUp>3</ThumbUp><ThumbDown>3</ThumbDown><Sentiment/></Message><Message type="ReplyMessage"><Id>1349711746942-45</Id><Topic><Title>With a buyback, Yahoo’s stock can double to $32 within a year: analyst at Gabelli &amp; Co</Title><Username>oldmaneddie81</Username><Timestamp>1349682177226</Timestamp><DateTime>Mon, 2012-10-08 03:42:57 EDT</DateTime></Topic><Msg>Yahoo shorts are finished. They blew it.</Msg><Username>smedleypuddles</Username><Timestamp>1349711746942</Timestamp><DateTime>Mon, 2012-10-08 11:55:46 EDT</DateTime><ThumbUp>2</ThumbUp><ThumbDown>9</ThumbDown><Sentiment/></Message><Message type="ReplyMessage"><Id>1349711785326-46</Id><Topic><Title>Gabelli &amp; Co Analyst Brett Harriss says, With a buyback, Yahoo’s stock can double to $32 within a year</Title><Username>thurstonthethird</Username><Timestamp>1349703588038</Timestamp><DateTime>Mon, 2012-10-08 09:39:48 EDT</DateTime></Topic><Msg>Yahoo shorts are finished. They blew it.</Msg><Username>smedleypuddles</Username><Timestamp>1349711785326</Timestamp><DateTime>Mon, 2012-10-08 11:56:25 EDT</DateTime><ThumbUp>3</ThumbUp><ThumbDown>6</ThumbDown><Sentiment/></Message><Message type="ReplyMessage"><Id>1349711805790-47</Id><Topic><Title>Yahoo’s Mayer Urged to Repurchase Stock With Alibaba Gain</Title><Username>thetoadtimes</Username><Timestamp>1349671957627</Timestamp><DateTime>Mon, 2012-10-08 00:52:37 EDT</DateTime></Topic><Msg>Yahoo shorts are finished. They blew it.</Msg><Username>smedleypuddles</Username><Timestamp>1349711805790</Timestamp><DateTime>Mon, 2012-10-08 11:56:45 EDT</DateTime><ThumbUp>3</ThumbUp><ThumbDown>8</ThumbDown><Sentiment/></Message><Message type="ReplyMessage"><Id>1349711840059-48</Id><Topic><Title>About 5-6 Analysts are stating yahoo is worth 32 dollar per share</Title><Username>oldmaneddie81</Username><Timestamp>1349679689957</Timestamp><DateTime>Mon, 2012-10-08 03:01:29 EDT</DateTime></Topic><Msg>Yahoo shorts like hotmodel and dr.gloom are finished. They blew it.</Msg><Username>smedleypuddles</Username><Timestamp>1349711840059</Timestamp><DateTime>Mon, 2012-10-08 11:57:20 EDT</DateTime><ThumbUp>2</ThumbUp><ThumbDown>6</ThumbDown><Sentiment/></Message><Message type="ReplyMessage"><Id>1349711909125-49</Id><Topic><Title>Yahoo gets close to AOL on share repurchase 32 dollars</Title><Username>oldmaneddie81</Username><Timestamp>1349678596463</Timestamp><DateTime>Mon, 2012-10-08 02:43:16 EDT</DateTime></Topic><Msg>The disposition of all $3.6 billion of Alibaba cash is perhaps the most immediate issue, especially for investors, who are largely hoping for a buyback of stock. Such a move will likely cause Yahoo shares to rise, as happened at AOL. AllThingsD</Msg><Username>smedleypuddles</Username><Timestamp>1349711909125</Timestamp><DateTime>Mon, 2012-10-08 11:58:29 EDT</DateTime><ThumbUp>3</ThumbUp><ThumbDown>4</ThumbDown><Sentiment/></Message><Message type="ReplyMessage"><Id>1349711959293-50</Id><Topic><Title>About 5-6 Analysts are stating yahoo is worth 32 dollar per share</Title><Username>oldmaneddie81</Username><Timestamp>1349679689957</Timestamp><DateTime>Mon, 2012-10-08 03:01:29 EDT</DateTime></Topic><Msg>Link ?? I Love yahoo</Msg><Username>jgiled</Username><Timestamp>1349711959293</Timestamp><DateTime>Mon, 2012-10-08 11:59:19 EDT</DateTime><ThumbUp>0</ThumbUp><ThumbDown>3</ThumbDown><Sentiment/></Message><Message type="ReplyMessage"><Id>1349712093649-51</Id><Topic><Title>About 5-6 Analysts are stating yahoo is worth 32 dollar per share</Title><Username>oldmaneddie81</Username><Timestamp>1349679689957</Timestamp><DateTime>Mon, 2012-10-08 03:01:29 EDT</DateTime></Topic><Msg>And what about the 28 other Analysts! Get a clue....as Yahoo falls back below $16!! Are you one of those who bought at $29 like coldone told you to?</Msg><Username>jmambo54</Username><Timestamp>1349712093649</Timestamp><DateTime>Mon, 2012-10-08 12:01:33 EDT</DateTime><ThumbUp>5</ThumbUp><ThumbDown>0</ThumbDown><Sentiment/></Message><Message type="ReplyMessage"><Id>1349712125606-52</Id><Topic><Title>With a buyback, Yahoo’s stock can double to $32 within a year: analyst at Gabelli &amp; Co</Title><Username>oldmaneddie81</Username><Timestamp>1349682177226</Timestamp><DateTime>Mon, 2012-10-08 03:42:57 EDT</DateTime></Topic><Msg>Not with screwed up message boards and portfolios and calendars etc . . .</Msg><Username>rbh411</Username><Timestamp>1349712125606</Timestamp><DateTime>Mon, 2012-10-08 12:02:05 EDT</DateTime><ThumbUp>10</ThumbUp><ThumbDown>5</ThumbDown><Sentiment/></Message><Message type="TopicMessage"><Id>1349712261006-53</Id><Title>Question?</Title><Msg>Now that yahoo sold 25% of alibaba and payed aprox 3bil in taxes. Is yahoo worth more or less? 3bill are gone and a total of 7bil have no growth chance for the co.</Msg><Username>lisschneider</Username><Timestamp>1349712261006</Timestamp><DateTime>Mon, 2012-10-08 12:04:21 EDT</DateTime><ThumbUp>1</ThumbUp><ThumbDown>3</ThumbDown><Sentiment/></Message><Message type="ReplyMessage"><Id>1349712359115-54</Id><Topic><Title>Question?</Title><Username>lisschneider</Username><Timestamp>1349712261006</Timestamp><DateTime>Mon, 2012-10-08 12:04:21 EDT</DateTime></Topic><Msg>Yahoo didn't sell 25% of Alibaba Group.</Msg><Username>smedleypuddles</Username><Timestamp>1349712359115</Timestamp><DateTime>Mon, 2012-10-08 12:05:59 EDT</DateTime><ThumbUp>2</ThumbUp><ThumbDown>2</ThumbDown><Sentiment/></Message><Message type="ReplyMessage"><Id>1349712432249-55</Id><Topic><Title>With a buyback, Yahoo’s stock can double to $32 within a year: analyst at Gabelli &amp; Co</Title><Username>oldmaneddie81</Username><Timestamp>1349682177226</Timestamp><DateTime>Mon, 2012-10-08 03:42:57 EDT</DateTime></Topic><Msg>It's good to see hotmodel proved wrong over and over. Coldone said buy at $11, $12, $13, $14 and $15 and hotmodel said sell. What a #$%$</Msg><Username>smedleypuddles</Username><Timestamp>1349712432249</Timestamp><DateTime>Mon, 2012-10-08 12:07:12 EDT</DateTime><ThumbUp>2</ThumbUp><ThumbDown>9</ThumbDown><Sentiment/></Message><Message type="TopicMessage"><Id>1349712442249-56</Id><Title>CNBC just had a board on about tech-</Title><Msg>It said Yahoo is on the ropes. (Isn't that nice)</Msg><Username>specialforceshol</Username><Timestamp>1349712442249</Timestamp><DateTime>Mon, 2012-10-08 12:07:22 EDT</DateTime><ThumbUp>0</ThumbUp><ThumbDown>1</ThumbDown><Sentiment/></Message><Message type="ReplyMessage"><Id>1349712498422-57</Id><Topic><Title>About 5-6 Analysts are stating yahoo is worth 32 dollar per share</Title><Username>oldmaneddie81</Username><Timestamp>1349679689957</Timestamp><DateTime>Mon, 2012-10-08 03:01:29 EDT</DateTime></Topic><Msg>Show me the money!</Msg><Username>specialforceshol</Username><Timestamp>1349712498422</Timestamp><DateTime>Mon, 2012-10-08 12:08:18 EDT</DateTime><ThumbUp>4</ThumbUp><ThumbDown>1</ThumbDown><Sentiment/></Message><Message type="ReplyMessage"><Id>1349712546482-58</Id><Topic><Title>Yahoo gets close to AOL on share repurchase 32 dollars</Title><Username>oldmaneddie81</Username><Timestamp>1349678596463</Timestamp><DateTime>Mon, 2012-10-08 02:43:16 EDT</DateTime></Topic><Msg>Even Kara Swisher knows Yahoo will double over the next year with a stock buyback.</Msg><Username>bflathalfdim</Username><Timestamp>1349712546482</Timestamp><DateTime>Mon, 2012-10-08 12:09:06 EDT</DateTime><ThumbUp>3</ThumbUp><ThumbDown>3</ThumbDown><Sentiment/></Message><Message type="ReplyMessage"><Id>1349712605407-59</Id><Topic><Title>With a buyback, Yahoo’s stock can double to $32 within a year: analyst at Gabelli &amp; Co</Title><Username>oldmaneddie81</Username><Timestamp>1349682177226</Timestamp><DateTime>Mon, 2012-10-08 03:42:57 EDT</DateTime></Topic><Msg>Yahoo's stock will do more than double once the Alibaba IPO is announced.</Msg><Username>bflathalfdim</Username><Timestamp>1349712605407</Timestamp><DateTime>Mon, 2012-10-08 12:10:05 EDT</DateTime><ThumbUp>2</ThumbUp><ThumbDown>9</ThumbDown><Sentiment/></Message><Message type="TopicMessage"><Id>1349713024480-60</Id><Title>Yahoo Finance portfolio pages</Title><Msg>Yahoo Finance realtime quotes causing portfolio page to close with each price change. Anyone else having this problem?</Msg><Username>jpm_72</Username><Timestamp>1349713024480</Timestamp><DateTime>Mon, 2012-10-08 12:17:04 EDT</DateTime><ThumbUp>1</ThumbUp><ThumbDown>0</ThumbDown><Sentiment/></Message><Message type="ReplyMessage"><Id>1349713505041-61</Id><Topic><Title>About 5-6 Analysts are stating yahoo is worth 32 dollar per share</Title><Username>oldmaneddie81</Username><Timestamp>1349679689957</Timestamp><DateTime>Mon, 2012-10-08 03:01:29 EDT</DateTime></Topic><Msg>October 22 at the latest.</Msg><Username>smedleypuddles</Username><Timestamp>1349713505041</Timestamp><DateTime>Mon, 2012-10-08 12:25:05 EDT</DateTime><ThumbUp>1</ThumbUp><ThumbDown>3</ThumbDown><Sentiment/></Message><Message type="ReplyMessage"><Id>1349713511027-62</Id><Topic><Title>With a buyback, Yahoo’s stock can double to $32 within a year: analyst at Gabelli &amp; Co</Title><Username>oldmaneddie81</Username><Timestamp>1349682177226</Timestamp><DateTime>Mon, 2012-10-08 03:42:57 EDT</DateTime></Topic><Msg>Yahoo has a buyback, Yahoo Japan and the Alibaba IPO all coming in the next 12 months.</Msg><Username>tetheredbird</Username><Timestamp>1349713511027</Timestamp><DateTime>Mon, 2012-10-08 12:25:11 EDT</DateTime><ThumbUp>1</ThumbUp><ThumbDown>8</ThumbDown><Sentiment/></Message><Message type="ReplyMessage"><Id>1349713512543-63</Id><Topic><Title>Yahoo’s Mayer Urged to Repurchase Stock With Alibaba Gain</Title><Username>thetoadtimes</Username><Timestamp>1349671957627</Timestamp><DateTime>Mon, 2012-10-08 00:52:37 EDT</DateTime></Topic><Msg>Agree, with the current share price, buyback is the best. After all, Yahoo has already paid so much tax that shareholder should not be dividend tax again.</Msg><Username>rhyc</Username><Timestamp>1349713512543</Timestamp><DateTime>Mon, 2012-10-08 12:25:12 EDT</DateTime><ThumbUp>1</ThumbUp><ThumbDown>1</ThumbDown><Sentiment>Buy</Sentiment></Message><Message type="ReplyMessage"><Id>1349713589659-64</Id><Topic><Title>WITHOUT A DOUBT, we need to test support at $16. So no need to buy here.</Title><Username>dominikpounds</Username><Timestamp>1349367147419</Timestamp><DateTime>Thu, 2012-10-04 12:12:27 EDT</DateTime></Topic><Msg>I give you redit for that call to go Short YHOO at $28, when coldone was telling everyone to go Long! Congrats!</Msg><Username>michan59</Username><Timestamp>1349713589659</Timestamp><DateTime>Mon, 2012-10-08 12:26:29 EDT</DateTime><ThumbUp>1</ThumbUp><ThumbDown>4</ThumbDown><Sentiment/></Message><Message type="ReplyMessage"><Id>1349713682187-65</Id><Topic><Title>WITHOUT A DOUBT, we need to test support at $16. So no need to buy here.</Title><Username>dominikpounds</Username><Timestamp>1349367147419</Timestamp><DateTime>Thu, 2012-10-04 12:12:27 EDT</DateTime></Topic><Msg>When coldone told everyone to buy Yahoo at $11, $12, $13, $14 and $15 what did you do? lol!!</Msg><Username>smedleypuddles</Username><Timestamp>1349713682187</Timestamp><DateTime>Mon, 2012-10-08 12:28:02 EDT</DateTime><ThumbUp>1</ThumbUp><ThumbDown>3</ThumbDown><Sentiment/></Message><Message type="ReplyMessage"><Id>1349713739641-66</Id><Topic><Title>Gabelli &amp; Co Analyst Brett Harriss says, With a buyback, Yahoo’s stock can double to $32 within a year</Title><Username>thurstonthethird</Username><Timestamp>1349703588038</Timestamp><DateTime>Mon, 2012-10-08 09:39:48 EDT</DateTime></Topic><Msg>Yahoo has Yahoo Japan and the Alibaba Group IPO to go with this stock buyback. Who is short Yahoo?</Msg><Username>smedleypuddles</Username><Timestamp>1349713739641</Timestamp><DateTime>Mon, 2012-10-08 12:28:59 EDT</DateTime><ThumbUp>2</ThumbUp><ThumbDown>5</ThumbDown><Sentiment/></Message><Message type="ReplyMessage"><Id>1349713863536-67</Id><Topic><Title>With a buyback, Yahoo’s stock can double to $32 within a year: analyst at Gabelli &amp; Co</Title><Username>oldmaneddie81</Username><Timestamp>1349682177226</Timestamp><DateTime>Mon, 2012-10-08 03:42:57 EDT</DateTime></Topic><Msg>Those three events will take Yahoo to $40.</Msg><Username>smedleypuddles</Username><Timestamp>1349713863536</Timestamp><DateTime>Mon, 2012-10-08 12:31:03 EDT</DateTime><ThumbUp>2</ThumbUp><ThumbDown>7</ThumbDown><Sentiment/></Message><Message type="ReplyMessage"><Id>1349714237511-68</Id><Topic><Title>Yahoo’s Mayer Urged to Repurchase Stock With Alibaba Gain</Title><Username>thetoadtimes</Username><Timestamp>1349671957627</Timestamp><DateTime>Mon, 2012-10-08 00:52:37 EDT</DateTime></Topic><Msg>why not both.....even Apple declared a dividend...besides I don`t trust blondes..with all that money " ITS MY MONEY I Want It Now"</Msg><Username>rkmtt</Username><Timestamp>1349714237511</Timestamp><DateTime>Mon, 2012-10-08 12:37:17 EDT</DateTime><ThumbUp>6</ThumbUp><ThumbDown>0</ThumbDown><Sentiment/></Message><Message type="TopicMessage"><Id>1349714351866-69</Id><Title>Buyback shares with earning.s</Title><Msg>meanwhile " ITS MY MONEY I Want It Now before the dividend cliff 12/31/12</Msg><Username>rkmtt</Username><Timestamp>1349714351866</Timestamp><DateTime>Mon, 2012-10-08 12:39:11 EDT</DateTime><ThumbUp>1</ThumbUp><ThumbDown>0</ThumbDown><Sentiment/></Message><Message type="ReplyMessage"><Id>1349715224423-70</Id><Topic><Title>What did you say when coldone told you to buy at $11, $12, $13 and $14, hotmodel?</Title><Username>nanobot8042</Username><Timestamp>1348080744585</Timestamp><DateTime>Wed, 2012-09-19 14:52:24 EDT</DateTime></Topic><Msg>Coldone exposed them a long time ago.</Msg><Username>bflathalfdim</Username><Timestamp>1349715224423</Timestamp><DateTime>Mon, 2012-10-08 12:53:44 EDT</DateTime><ThumbUp>2</ThumbUp><ThumbDown>2</ThumbDown><Sentiment/></Message><Message type="TopicMessage"><Id>1349715405463-71</Id><Title>Yahoo's share price will jump substantially in the coming minutes, hours or a few days..,</Title><Msg>cause the price of the all sum of the business parts is less than the actual share price. asian assets are real and coming to fruition.. yhoo bet big on asia and is now in the process of making it's way to the collection booth.. MM was rushed to the Hos. but still has the winning ticket stub and will be collecting the winnings as soon as her 7th nanny background check is clear and she returns to wk.</Msg><Username>oldmaneddie81</Username><Timestamp>1349715405463</Timestamp><DateTime>Mon, 2012-10-08 12:56:45 EDT</DateTime><ThumbUp>2</ThumbUp><ThumbDown>0</ThumbDown><Sentiment/></Message><Message type="ReplyMessage"><Id>1349715607885-72</Id><Topic><Title>What did you say when coldone told you to buy at $11, $12, $13 and $14, hotmodel?</Title><Username>nanobot8042</Username><Timestamp>1348080744585</Timestamp><DateTime>Wed, 2012-09-19 14:52:24 EDT</DateTime></Topic><Msg>You're not laughing now, are you hotmodel? You spend all day everyday on this board but you laughed when coldone told you to buy at $11, $12, $13 and $14. That makes you the worst investor on this site if not the world. Your golden opportunity was right under your nose but you were too stupid to see it. Leave in shame or stay to be laughed at, your choice. aahhhhhahahahaha!</Msg><Username>bflathalfdim</Username><Timestamp>1349715607885</Timestamp><DateTime>Mon, 2012-10-08 13:00:07 EDT</DateTime><ThumbUp>2</ThumbUp><ThumbDown>1</ThumbDown><Sentiment/></Message><Message type="ReplyMessage"><Id>1349715734314-73</Id><Topic><Title>With a buyback, Yahoo’s stock can double to $32 within a year: analyst at Gabelli &amp; Co</Title><Username>oldmaneddie81</Username><Timestamp>1349682177226</Timestamp><DateTime>Mon, 2012-10-08 03:42:57 EDT</DateTime></Topic><Msg>$16 to $32 on a stock buyback and Asian assets. Yahoo Japan must be close to a deal.</Msg><Username>neo1278alpha</Username><Timestamp>1349715734314</Timestamp><DateTime>Mon, 2012-10-08 13:02:14 EDT</DateTime><ThumbUp>3</ThumbUp><ThumbDown>8</ThumbDown><Sentiment/></Message><Message type="TopicMessage"><Id>1349715946044-74</Id><Title>FB gets all the negative publicity now..</Title><Msg>thanks to the fredful IPO. Yhoo has earned it strips after sevral years of negative publicity. Now, everyone analyst &amp; cramer is saying Yahoo is a Great BUY at these levels!!! One Month Charts looking good.</Msg><Username>oldmaneddie81</Username><Timestamp>1349715946044</Timestamp><DateTime>Mon, 2012-10-08 13:05:46 EDT</DateTime><ThumbUp>0</ThumbUp><ThumbDown>0</ThumbDown><Sentiment/></Message><Message type="ReplyMessage"><Id>1349717067122-75</Id><Topic><Title>Yahoo gets close to AOL on share repurchase 32 dollars</Title><Username>oldmaneddie81</Username><Timestamp>1349678596463</Timestamp><DateTime>Mon, 2012-10-08 02:43:16 EDT</DateTime></Topic><Msg>So what's the hold up w/ the buy back? It should have started even before the got the AG money.</Msg><Username>dariencat8</Username><Timestamp>1349717067122</Timestamp><DateTime>Mon, 2012-10-08 13:24:27 EDT</DateTime><ThumbUp>3</ThumbUp><ThumbDown>2</ThumbDown><Sentiment/></Message><Message type="ReplyMessage"><Id>1349717339789-76</Id><Topic><Title>Yahoo gets close to AOL on share repurchase 32 dollars</Title><Username>oldmaneddie81</Username><Timestamp>1349678596463</Timestamp><DateTime>Mon, 2012-10-08 02:43:16 EDT</DateTime></Topic><Msg>If you were paying attention you would know that the buyback did start before they got the money. Educate yourself, then post.</Msg><Username>bflathalfdim</Username><Timestamp>1349717339789</Timestamp><DateTime>Mon, 2012-10-08 13:28:59 EDT</DateTime><ThumbUp>1</ThumbUp><ThumbDown>3</ThumbDown><Sentiment/></Message><Message type="TopicMessage"><Id>1349718639006-77</Id><Title>yahoo = 32 per share on cost analysis and future earnings projects</Title><Msg>yahoo will be 32 bucks per share by this time next year.........or sooner</Msg><Username>oldmaneddie81</Username><Timestamp>1349718639006</Timestamp><DateTime>Mon, 2012-10-08 13:50:39 EDT</DateTime><ThumbUp>3</ThumbUp><ThumbDown>4</ThumbDown><Sentiment/></Message><Message type="TopicMessage"><Id>1349718643043-78</Id><Title>AAPL UNDER $600 BY FRIDAY. sELL NOW BEFORE YOU LOSE IT ALL.</Title><Msg>AAPL GOING TO CRASH AND CRASH HARD!</Msg><Username>mrfreetruth</Username><Timestamp>1349718643043</Timestamp><DateTime>Mon, 2012-10-08 13:50:43 EDT</DateTime><ThumbUp>0</ThumbUp><ThumbDown>1</ThumbDown><Sentiment/></Message><Message type="ReplyMessage"><Id>1349720020488-79</Id><Topic><Title>yahoo = 32 per share on cost analysis and future earnings projects</Title><Username>oldmaneddie81</Username><Timestamp>1349718639006</Timestamp><DateTime>Mon, 2012-10-08 13:50:39 EDT</DateTime></Topic><Msg>Only a Dolt would say that. You're a Dolt! A Dolt is rungs under a Dunce.</Msg><Username>michan59</Username><Timestamp>1349720020488</Timestamp><DateTime>Mon, 2012-10-08 14:13:40 EDT</DateTime><ThumbUp>3</ThumbUp><ThumbDown>2</ThumbDown><Sentiment/></Message><Message type="ReplyMessage"><Id>1349721359697-80</Id><Topic><Title>yahoo = 32 per share on cost analysis and future earnings projects</Title><Username>oldmaneddie81</Username><Timestamp>1349718639006</Timestamp><DateTime>Mon, 2012-10-08 13:50:39 EDT</DateTime></Topic><Msg>A. fundamentals do not matter in a market where the only players are banks and their minions. B. Why would anyone believe future projections when they are created by sell side marketers? I agree with the other poster. You ARE the weakest link.</Msg><Username>homersputts</Username><Timestamp>1349721359697</Timestamp><DateTime>Mon, 2012-10-08 14:35:59 EDT</DateTime><ThumbUp>3</ThumbUp><ThumbDown>2</ThumbDown><Sentiment/></Message><Message type="ReplyMessage"><Id>1349722106906-81</Id><Topic><Title>yahoo = 32 per share on cost analysis and future earnings projects</Title><Username>oldmaneddie81</Username><Timestamp>1349718639006</Timestamp><DateTime>Mon, 2012-10-08 13:50:39 EDT</DateTime></Topic><Msg>Sept. 25 (Bloomberg) -- Brett Harriss, an analyst with Gabelli &amp; Co., talks about the outlook for Yahoo! Inc. and TiVo Inc. He speaks with Tom Keene and Scarlet Fu on Bloomberg Television's "Surveillance." Barry Ritholtz, chief executive officer of FusionIQ, also speaks. (Source: Bloomberg)</Msg><Username>oldmaneddie81</Username><Timestamp>1349722106906</Timestamp><DateTime>Mon, 2012-10-08 14:48:26 EDT</DateTime><ThumbUp>3</ThumbUp><ThumbDown>3</ThumbDown><Sentiment/></Message><Message type="ReplyMessage"><Id>1349722487516-82</Id><Topic><Title>yahoo = 32 per share on cost analysis and future earnings projects</Title><Username>oldmaneddie81</Username><Timestamp>1349718639006</Timestamp><DateTime>Mon, 2012-10-08 13:50:39 EDT</DateTime></Topic><Msg>I, too, agree, with the other poster. oldman must be suffering from dementia. Only a fool would make such a claim. He be a Fool, or a Dolt, or possibly a Foolish Dolt, if that is possible.</Msg><Username>pearlprue</Username><Timestamp>1349722487516</Timestamp><DateTime>Mon, 2012-10-08 14:54:47 EDT</DateTime><ThumbUp>1</ThumbUp><ThumbDown>2</ThumbDown><Sentiment/></Message><Message type="ReplyMessage"><Id>1349722712625-83</Id><Topic><Title>Any idea which way YHOO will trade next week?</Title><Username>jermain.mcbride</Username><Timestamp>1349678695100</Timestamp><DateTime>Mon, 2012-10-08 02:44:55 EDT</DateTime></Topic><Msg>Yahoo will trade higher heading into earnings and buyback announcement.</Msg><Username>thurstonthethird</Username><Timestamp>1349722712625</Timestamp><DateTime>Mon, 2012-10-08 14:58:32 EDT</DateTime><ThumbUp>0</ThumbUp><ThumbDown>0</ThumbDown><Sentiment/></Message><Message type="ReplyMessage"><Id>1349722824808-84</Id><Topic><Title>yahoo = 32 per share on cost analysis and future earnings projects</Title><Username>oldmaneddie81</Username><Timestamp>1349718639006</Timestamp><DateTime>Mon, 2012-10-08 13:50:39 EDT</DateTime></Topic><Msg>What did you say when coldone told you to buy at $11, $12, $13, $14 and $15, michan. You shorted Yahoo! hahaha! Talk about a dolt.</Msg><Username>bflathalfdim</Username><Timestamp>1349722824808</Timestamp><DateTime>Mon, 2012-10-08 15:00:24 EDT</DateTime><ThumbUp>1</ThumbUp><ThumbDown>2</ThumbDown><Sentiment/></Message><Message type="ReplyMessage"><Id>1349723123632-85</Id><Topic><Title>Question?</Title><Username>lisschneider</Username><Timestamp>1349712261006</Timestamp><DateTime>Mon, 2012-10-08 12:04:21 EDT</DateTime></Topic><Msg>The money paid out for taxes was already discounted in the stock price and company value. So YHOO is worth the same as ever, and still undervalued. Please tell the board how and why you can say there is no growth chance for YHOO? That is going to depend on the direction MM takes the company. YHOO could go to zero, or it could go to 100 a share, but believe me there are growth opportunities waiting for MM to exploit for us share holders. And the fewer shares outstanding to split up the rewards, the better for us!</Msg><Username>goldeagle14</Username><Timestamp>1349723123632</Timestamp><DateTime>Mon, 2012-10-08 15:05:23 EDT</DateTime><ThumbUp>1</ThumbUp><ThumbDown>4</ThumbDown><Sentiment>Strong Buy</Sentiment></Message><Message type="ReplyMessage"><Id>1349723307527-86</Id><Topic><Title>Question?</Title><Username>lisschneider</Username><Timestamp>1349712261006</Timestamp><DateTime>Mon, 2012-10-08 12:04:21 EDT</DateTime></Topic><Msg>yahoo gets so much free publicity it's not even funny.... go marissa!!!!!! &amp; stay in the headlines as much as possible!!!!!!!!</Msg><Username>oldmaneddie81</Username><Timestamp>1349723307527</Timestamp><DateTime>Mon, 2012-10-08 15:08:27 EDT</DateTime><ThumbUp>2</ThumbUp><ThumbDown>0</ThumbDown><Sentiment/></Message><Message type="ReplyMessage"><Id>1349723475112-87</Id><Topic><Title>WITHOUT A DOUBT, we need to test support at $16. So no need to buy here.</Title><Username>dominikpounds</Username><Timestamp>1349367147419</Timestamp><DateTime>Thu, 2012-10-04 12:12:27 EDT</DateTime></Topic><Msg>Dominik....can I say....YOU DA MAN!! Great Call!!!</Msg><Username>allymarie5454</Username><Timestamp>1349723475112</Timestamp><DateTime>Mon, 2012-10-08 15:11:15 EDT</DateTime><ThumbUp>1</ThumbUp><ThumbDown>1</ThumbDown><Sentiment/></Message><Message type="TopicMessage"><Id>1349723552648-88</Id><Title>Chinese Investors are buying NY real estate and Yahoo Shares..</Title><Msg>It's true look it UP!!!!!!!!!!!!!</Msg><Username>oldmaneddie81</Username><Timestamp>1349723552648</Timestamp><DateTime>Mon, 2012-10-08 15:12:32 EDT</DateTime><ThumbUp>1</ThumbUp><ThumbDown>4</ThumbDown><Sentiment/></Message><Message type="ReplyMessage"><Id>1349723729018-89</Id><Topic><Title>Chinese Investors are buying NY real estate and Yahoo Shares..</Title><Username>oldmaneddie81</Username><Timestamp>1349723552648</Timestamp><DateTime>Mon, 2012-10-08 15:12:32 EDT</DateTime></Topic><Msg>That, of course, is a lie from whom we now refer to as Mr. Dementia! Get off the computer, ancient one, its time for your Depends change!</Msg><Username>dominikpounds</Username><Timestamp>1349723729018</Timestamp><DateTime>Mon, 2012-10-08 15:15:29 EDT</DateTime><ThumbUp>2</ThumbUp><ThumbDown>1</ThumbDown><Sentiment/></Message><Message type="ReplyMessage"><Id>1349723914182-90</Id><Topic><Title>Gabelli &amp; Co Analyst Brett Harriss says, With a buyback, Yahoo’s stock can double to $32 within a year</Title><Username>thurstonthethird</Username><Timestamp>1349703588038</Timestamp><DateTime>Mon, 2012-10-08 09:39:48 EDT</DateTime></Topic><Msg>Shorts are afraid to admit they are short.</Msg><Username>bflathalfdim</Username><Timestamp>1349723914182</Timestamp><DateTime>Mon, 2012-10-08 15:18:34 EDT</DateTime><ThumbUp>2</ThumbUp><ThumbDown>3</ThumbDown><Sentiment/></Message><Message type="ReplyMessage"><Id>1349723916125-91</Id><Topic><Title>About 5-6 Analysts are stating yahoo is worth 32 dollar per share</Title><Username>oldmaneddie81</Username><Timestamp>1349679689957</Timestamp><DateTime>Mon, 2012-10-08 03:01:29 EDT</DateTime></Topic><Msg>Shorts are dead.</Msg><Username>tetheredbird</Username><Timestamp>1349723916125</Timestamp><DateTime>Mon, 2012-10-08 15:18:36 EDT</DateTime><ThumbUp>0</ThumbUp><ThumbDown>3</ThumbDown><Sentiment/></Message><Message type="ReplyMessage"><Id>1349724125954-92</Id><Topic><Title>What did you say when coldone told you to buy at $11, $12, $13 and $14, hotmodel?</Title><Username>nanobot8042</Username><Timestamp>1348080744585</Timestamp><DateTime>Wed, 2012-09-19 14:52:24 EDT</DateTime></Topic><Msg>We know!!! You posted here publicly bragging that you bought a "boatload" at $27.50!! Remember?? Or are you going to lose your nads and deny it. Let me say ahead of time......the BOY will deny it!!! lol....no wonder the girls whipped you up on the playground, BOY!! Take your loss like a BOY, BOY!~</Msg><Username>dominikpounds</Username><Timestamp>1349724125954</Timestamp><DateTime>Mon, 2012-10-08 15:22:05 EDT</DateTime><ThumbUp>3</ThumbUp><ThumbDown>3</ThumbDown><Sentiment/></Message><Message type="ReplyMessage"><Id>1349724233785-93</Id><Topic><Title>What did you say when coldone told you to buy at $11, $12, $13 and $14, hotmodel?</Title><Username>nanobot8042</Username><Timestamp>1348080744585</Timestamp><DateTime>Wed, 2012-09-19 14:52:24 EDT</DateTime></Topic><Msg>What did you say when coldone told you to buy at $11, $12, $13 and $14, hotmodel alias?</Msg><Username>bflathalfdim</Username><Timestamp>1349724233785</Timestamp><DateTime>Mon, 2012-10-08 15:23:53 EDT</DateTime><ThumbUp>2</ThumbUp><ThumbDown>1</ThumbDown><Sentiment/></Message><Message type="ReplyMessage"><Id>1349724414223-94</Id><Topic><Title>About 5-6 Analysts are stating yahoo is worth 32 dollar per share</Title><Username>oldmaneddie81</Username><Timestamp>1349679689957</Timestamp><DateTime>Mon, 2012-10-08 03:01:29 EDT</DateTime></Topic><Msg>Unfortunately, the analysts don't determine the stock price, the market does and so far, the market is taking a wait and see attitude. If Yahoo had a history of doing the right thing for shareholders, the stock would be higher, but the shareholders are treated like mushrooms, so nobody will believe anything until we see it.</Msg><Username>rtemplin2000</Username><Timestamp>1349724414223</Timestamp><DateTime>Mon, 2012-10-08 15:26:54 EDT</DateTime><ThumbUp>2</ThumbUp><ThumbDown>0</ThumbDown><Sentiment/></Message><Message type="TopicMessage"><Id>1349724447696-95</Id><Title>Hey HotModel:: Remember when Coldone would post here BEGGING (Yes, BEGGING) you for stock tips because he said he couldn't figure out this "Trading thing"??</Title><Msg>And remember you told him to sell at $33, then again at $32, then again at $31, then again at $30, then again at $29.........all the way down!! My best quote from Coldone is when he said to Lexi, ""Stop Laughing at me, it's not Funny to Lose your life savings"!!!</Msg><Username>dominikpounds</Username><Timestamp>1349724447696</Timestamp><DateTime>Mon, 2012-10-08 15:27:27 EDT</DateTime><ThumbUp>2</ThumbUp><ThumbDown>1</ThumbDown><Sentiment/></Message><Message type="ReplyMessage"><Id>1349724591618-96</Id><Topic><Title>Chinese Investors are buying NY real estate and Yahoo Shares..</Title><Username>oldmaneddie81</Username><Timestamp>1349723552648</Timestamp><DateTime>Mon, 2012-10-08 15:12:32 EDT</DateTime></Topic><Msg>Give us your sources, other than your vivid imagination! I would say, don't you wish Chinese investors are buying YHOO, but that is so foolish it does not even make sense. But there are a lot of US based entities and individuals who are buying the living H^ll out of YHOO, and they will reap the rewards. Please don't post stupid crap and be prepared to post sources when making a bold statement. You have been touting YHOO for the last three days straight, so I am guessing you bought in at about 16.30 and are looking for a break even in here somewhere, just hold on and be patient and do not expect a one day miracle to raise your sinking ship. YHOO's time will come!</Msg><Username>goldeagle14</Username><Timestamp>1349724591618</Timestamp><DateTime>Mon, 2012-10-08 15:29:51 EDT</DateTime><ThumbUp>1</ThumbUp><ThumbDown>1</ThumbDown><Sentiment>Strong Buy</Sentiment></Message><Message type="ReplyMessage"><Id>1349724698619-97</Id><Topic><Title>YHOO May Be Starting To Get Some Exposure...</Title><Username>atkins_wilcox</Username><Timestamp>1349718872248</Timestamp><DateTime>Mon, 2012-10-08 13:54:32 EDT</DateTime></Topic><Msg>spam spam spam</Msg><Username>goldeagle14</Username><Timestamp>1349724698619</Timestamp><DateTime>Mon, 2012-10-08 15:31:38 EDT</DateTime><ThumbUp>1</ThumbUp><ThumbDown>0</ThumbDown><Sentiment>Strong Buy</Sentiment></Message><Message type="ReplyMessage"><Id>1349724817351-98</Id><Topic><Title>With a buyback, Yahoo’s stock can double to $32 within a year: analyst at Gabelli &amp; Co</Title><Username>oldmaneddie81</Username><Timestamp>1349682177226</Timestamp><DateTime>Mon, 2012-10-08 03:42:57 EDT</DateTime></Topic><Msg>Alibaba will IPO in 2013.</Msg><Username>savior2911</Username><Timestamp>1349724817351</Timestamp><DateTime>Mon, 2012-10-08 15:33:37 EDT</DateTime><ThumbUp>1</ThumbUp><ThumbDown>8</ThumbDown><Sentiment/></Message><Message type="ReplyMessage"><Id>1349724906132-99</Id><Topic><Title>Hey HotModel:: Remember when Coldone would post here BEGGING (Yes, BEGGING) you for stock tips because he said he couldn't figure out this "Trading thing"??</Title><Username>dominikpounds</Username><Timestamp>1349724447696</Timestamp><DateTime>Mon, 2012-10-08 15:27:27 EDT</DateTime></Topic><Msg>hotmodel is dominik. What a fool.</Msg><Username>bflathalfdim</Username><Timestamp>1349724906132</Timestamp><DateTime>Mon, 2012-10-08 15:35:06 EDT</DateTime><ThumbUp>1</ThumbUp><ThumbDown>3</ThumbDown><Sentiment/></Message><Message type="ReplyMessage"><Id>1349724917562-100</Id><Topic><Title>Hey HotModel:: Remember when Coldone would post here BEGGING (Yes, BEGGING) you for stock tips because he said he couldn't figure out this "Trading thing"??</Title><Username>dominikpounds</Username><Timestamp>1349724447696</Timestamp><DateTime>Mon, 2012-10-08 15:27:27 EDT</DateTime></Topic><Msg>So dummy " fat boy" pounds, what the h^ll is your point? Why the post? There is an old song, Born to lose, and I think it was written just for you.</Msg><Username>goldeagle14</Username><Timestamp>1349724917562</Timestamp><DateTime>Mon, 2012-10-08 15:35:17 EDT</DateTime><ThumbUp>0</ThumbUp><ThumbDown>2</ThumbDown><Sentiment>Strong Buy</Sentiment></Message><Message type="ReplyMessage"><Id>1349725442800-101</Id><Topic><Title>I bought at $16.08</Title><Username>bflathalfdim</Username><Timestamp>1305296087000</Timestamp><DateTime>Fri, 2011-05-13 10:14:47 EDT</DateTime></Topic><Msg>Over a year and a half later and Yahoo has been under 16 most of the time, going as low as 11. bflathalfdim buying at $15, $14, $13, $12 and $11 as a good addition to his $28 down to $17 buys on every dip for over 4 years.</Msg><Username>dr.gloom</Username><Timestamp>1349725442800</Timestamp><DateTime>Mon, 2012-10-08 15:44:02 EDT</DateTime><ThumbUp>3</ThumbUp><ThumbDown>0</ThumbDown><Sentiment/></Message><Message type="ReplyMessage"><Id>1349725505254-102</Id><Topic><Title>Bought at $15.91</Title><Username>bflathalfdim</Username><Timestamp>1305571387000</Timestamp><DateTime>Mon, 2011-05-16 14:43:07 EDT</DateTime></Topic><Msg>Talk about dead money.</Msg><Username>dr.gloom</Username><Timestamp>1349725505254</Timestamp><DateTime>Mon, 2012-10-08 15:45:05 EDT</DateTime><ThumbUp>3</ThumbUp><ThumbDown>0</ThumbDown><Sentiment/></Message><Message type="ReplyMessage"><Id>1349725881752-103</Id><Topic><Title>Bought at $15.91</Title><Username>bflathalfdim</Username><Timestamp>1305571387000</Timestamp><DateTime>Mon, 2011-05-16 14:43:07 EDT</DateTime></Topic><Msg>That's the worst buy I made and it's up along with my buys in the $11s and $13s, and $14s. You see I'm smart and know when the coldone is right unlike you who shorted at $11, $12, $13, $14 and $15. You lose that's why you are jealous.</Msg><Username>bflathalfdim</Username><Timestamp>1349725881752</Timestamp><DateTime>Mon, 2012-10-08 15:51:21 EDT</DateTime><ThumbUp>0</ThumbUp><ThumbDown>1</ThumbDown><Sentiment/></Message><Message type="ReplyMessage"><Id>1349725937029-104</Id><Topic><Title>I bought at $16.08</Title><Username>bflathalfdim</Username><Timestamp>1305296087000</Timestamp><DateTime>Fri, 2011-05-13 10:14:47 EDT</DateTime></Topic><Msg>I alos bought at $11, $13 and $15 when you were shorting Yahoo. Stick around so I can watch you lose all of your money.</Msg><Username>bflathalfdim</Username><Timestamp>1349725937029</Timestamp><DateTime>Mon, 2012-10-08 15:52:17 EDT</DateTime><ThumbUp>0</ThumbUp><ThumbDown>3</ThumbDown><Sentiment/></Message><Message type="ReplyMessage"><Id>1349726100146-105</Id><Topic><Title>With a buyback, Yahoo’s stock can double to $32 within a year: analyst at Gabelli &amp; Co</Title><Username>oldmaneddie81</Username><Timestamp>1349682177226</Timestamp><DateTime>Mon, 2012-10-08 03:42:57 EDT</DateTime></Topic><Msg>This scares the shorts like hotmodel.</Msg><Username>bflathalfdim</Username><Timestamp>1349726100146</Timestamp><DateTime>Mon, 2012-10-08 15:55:00 EDT</DateTime><ThumbUp>2</ThumbUp><ThumbDown>8</ThumbDown><Sentiment/></Message><Message type="ReplyMessage"><Id>1349726288503-106</Id><Topic><Title>Hey HotModel:: Remember when Coldone would post here BEGGING (Yes, BEGGING) you for stock tips because he said he couldn't figure out this "Trading thing"??</Title><Username>dominikpounds</Username><Timestamp>1349724447696</Timestamp><DateTime>Mon, 2012-10-08 15:27:27 EDT</DateTime></Topic><Msg>Hilarious!!!</Msg><Username>jmambo54</Username><Timestamp>1349726288503</Timestamp><DateTime>Mon, 2012-10-08 15:58:08 EDT</DateTime><ThumbUp>0</ThumbUp><ThumbDown>0</ThumbDown><Sentiment/></Message><Message type="ReplyMessage"><Id>1349726560670-107</Id><Topic><Title>I bought at $16.08</Title><Username>bflathalfdim</Username><Timestamp>1305296087000</Timestamp><DateTime>Fri, 2011-05-13 10:14:47 EDT</DateTime></Topic><Msg>Shorting, covering, buying and selling; over 100% profits in 3 months. How did you do? Are you ever going to sell any of the stock you have been buying for over 4 years? Spending your money has been a joy and a pleasure and I look forward to many years of the same.</Msg><Username>dr.gloom</Username><Timestamp>1349726560670</Timestamp><DateTime>Mon, 2012-10-08 16:02:40 EDT</DateTime><ThumbUp>3</ThumbUp><ThumbDown>1</ThumbDown><Sentiment/></Message><Message type="ReplyMessage"><Id>1349726652987-108</Id><Topic><Title>I bought at $16.08</Title><Username>bflathalfdim</Username><Timestamp>1305296087000</Timestamp><DateTime>Fri, 2011-05-13 10:14:47 EDT</DateTime></Topic><Msg>What a bore. Has to be another hotmodel alias crying over her losses.</Msg><Username>tetheredbird</Username><Timestamp>1349726652987</Timestamp><DateTime>Mon, 2012-10-08 16:04:12 EDT</DateTime><ThumbUp>0</ThumbUp><ThumbDown>3</ThumbDown><Sentiment/></Message><Message type="ReplyMessage"><Id>1349726701125-109</Id><Topic><Title>Yahoo’s Mayer Urged to Repurchase Stock With Alibaba Gain</Title><Username>thetoadtimes</Username><Timestamp>1349671957627</Timestamp><DateTime>Mon, 2012-10-08 00:52:37 EDT</DateTime></Topic><Msg>$32 for Yahoo in 12 months.</Msg><Username>tetheredbird</Username><Timestamp>1349726701125</Timestamp><DateTime>Mon, 2012-10-08 16:05:01 EDT</DateTime><ThumbUp>2</ThumbUp><ThumbDown>4</ThumbDown><Sentiment/></Message><Message type="ReplyMessage"><Id>1349726724160-110</Id><Topic><Title>With a buyback, Yahoo’s stock can double to $32 within a year: analyst at Gabelli &amp; Co</Title><Username>oldmaneddie81</Username><Timestamp>1349682177226</Timestamp><DateTime>Mon, 2012-10-08 03:42:57 EDT</DateTime></Topic><Msg>$32 for Yahoo in 12 months.</Msg><Username>tetheredbird</Username><Timestamp>1349726724160</Timestamp><DateTime>Mon, 2012-10-08 16:05:24 EDT</DateTime><ThumbUp>2</ThumbUp><ThumbDown>7</ThumbDown><Sentiment/></Message><Message type="ReplyMessage"><Id>1349726756262-111</Id><Topic><Title>yahoo = 32 per share on cost analysis and future earnings projects</Title><Username>oldmaneddie81</Username><Timestamp>1349718639006</Timestamp><DateTime>Mon, 2012-10-08 13:50:39 EDT</DateTime></Topic><Msg>$32 for Yahoo in 12 months.</Msg><Username>tetheredbird</Username><Timestamp>1349726756262</Timestamp><DateTime>Mon, 2012-10-08 16:05:56 EDT</DateTime><ThumbUp>1</ThumbUp><ThumbDown>0</ThumbDown><Sentiment/></Message><Message type="ReplyMessage"><Id>1349726777185-112</Id><Topic><Title>About 5-6 Analysts are stating yahoo is worth 32 dollar per share</Title><Username>oldmaneddie81</Username><Timestamp>1349679689957</Timestamp><DateTime>Mon, 2012-10-08 03:01:29 EDT</DateTime></Topic><Msg>$32 for Yahoo in 12 months.</Msg><Username>tetheredbird</Username><Timestamp>1349726777185</Timestamp><DateTime>Mon, 2012-10-08 16:06:17 EDT</DateTime><ThumbUp>0</ThumbUp><ThumbDown>2</ThumbDown><Sentiment/></Message><Message type="ReplyMessage"><Id>1349726947542-113</Id><Topic><Title>About 5-6 Analysts are stating yahoo is worth 32 dollar per share</Title><Username>oldmaneddie81</Username><Timestamp>1349679689957</Timestamp><DateTime>Mon, 2012-10-08 03:01:29 EDT</DateTime></Topic><Msg>12 months from what year?</Msg><Username>rtemplin2000</Username><Timestamp>1349726947542</Timestamp><DateTime>Mon, 2012-10-08 16:09:07 EDT</DateTime><ThumbUp>2</ThumbUp><ThumbDown>1</ThumbDown><Sentiment/></Message><Message type="ReplyMessage"><Id>1349727481628-114</Id><Topic><Title>With a buyback, Yahoo’s stock can double to $32 within a year: analyst at Gabelli &amp; Co</Title><Username>oldmaneddie81</Username><Timestamp>1349682177226</Timestamp><DateTime>Mon, 2012-10-08 03:42:57 EDT</DateTime></Topic><Msg>An Alibaba Group IPO will take Yahoo to $40.</Msg><Username>smedleypuddles</Username><Timestamp>1349727481628</Timestamp><DateTime>Mon, 2012-10-08 16:18:01 EDT</DateTime><ThumbUp>2</ThumbUp><ThumbDown>7</ThumbDown><Sentiment/></Message><Message type="ReplyMessage"><Id>1349727535545-115</Id><Topic><Title>Bought at $15.91</Title><Username>bflathalfdim</Username><Timestamp>1305571387000</Timestamp><DateTime>Mon, 2011-05-16 14:43:07 EDT</DateTime></Topic><Msg>Gloom is desperate bumping posts where you are making money after she shorted Yahoo at $11.</Msg><Username>smedleypuddles</Username><Timestamp>1349727535545</Timestamp><DateTime>Mon, 2012-10-08 16:18:55 EDT</DateTime><ThumbUp>0</ThumbUp><ThumbDown>0</ThumbDown><Sentiment/></Message><Message type="TopicMessage"><Id>1349727739655-116</Id><Title>new message boards are god awful!</Title><Msg>sell this stinking stock they have nothing left to visit for</Msg><Username>darnoanderson</Username><Timestamp>1349727739655</Timestamp><DateTime>Mon, 2012-10-08 16:22:19 EDT</DateTime><ThumbUp>2</ThumbUp><ThumbDown>1</ThumbDown><Sentiment>Strong Sell</Sentiment></Message><Message type="ReplyMessage"><Id>1349727810608-117</Id><Topic><Title>new message boards are god awful!</Title><Username>darnoanderson</Username><Timestamp>1349727739655</Timestamp><DateTime>Mon, 2012-10-08 16:22:19 EDT</DateTime></Topic><Msg>i use to spend hours per day on yahoo now I can only stomach 10 minutes tops!</Msg><Username>darnoanderson</Username><Timestamp>1349727810608</Timestamp><DateTime>Mon, 2012-10-08 16:23:30 EDT</DateTime><ThumbUp>4</ThumbUp><ThumbDown>1</ThumbDown><Sentiment>Strong Sell</Sentiment></Message><Message type="ReplyMessage"><Id>1349727935515-118</Id><Topic><Title>Yahoo Finance portfolio pages</Title><Username>jpm_72</Username><Timestamp>1349713024480</Timestamp><DateTime>Mon, 2012-10-08 12:17:04 EDT</DateTime></Topic><Msg>this company is only good at shooting itself in foot! awful message boards now!</Msg><Username>darnoanderson</Username><Timestamp>1349727935515</Timestamp><DateTime>Mon, 2012-10-08 16:25:35 EDT</DateTime><ThumbUp>1</ThumbUp><ThumbDown>0</ThumbDown><Sentiment>Strong Sell</Sentiment></Message><Message type="ReplyMessage"><Id>1349728176767-119</Id><Topic><Title>I bought 10,000 shares at $16.03</Title><Username>nanobot8042</Username><Timestamp>1300288476000</Timestamp><DateTime>Wed, 2011-03-16 11:14:36 EDT</DateTime></Topic><Msg>19 months later and Yahoo is at $16.03.</Msg><Username>dr.gloom</Username><Timestamp>1349728176767</Timestamp><DateTime>Mon, 2012-10-08 16:29:36 EDT</DateTime><ThumbUp>3</ThumbUp><ThumbDown>1</ThumbDown><Sentiment/></Message><Message type="ReplyMessage"><Id>1349728313309-120</Id><Topic><Title>Bought at $15.91</Title><Username>bflathalfdim</Username><Timestamp>1305571387000</Timestamp><DateTime>Mon, 2011-05-16 14:43:07 EDT</DateTime></Topic><Msg>bought at $16.08 By bflathalfdim.May 13, 2011 10:14 AM.Permalink Yahoo was oversold over this Alipay mix up.</Msg><Username>dr.gloom</Username><Timestamp>1349728313309</Timestamp><DateTime>Mon, 2012-10-08 16:31:53 EDT</DateTime><ThumbUp>0</ThumbUp><ThumbDown>1</ThumbDown><Sentiment/></Message><Message type="TopicMessage"><Id>1349728317007-121</Id><Title>Yahoo investors want buyback, not dividend</Title><Msg>Yahoo’s investors want the company to use the money from its recent Alibaba deal to buy back shares, rather than pay a dividend. According to a report in Bloomberg, investors and analysts support a buyback because it will show that Yahoo’s executives have confidence in the company’s prospects. A dividend could be seen as a way to appease investors without revitalizing the business. An analyst told Bloomberg that Yahoo’s stock could double to $32 if it moves forward with a buyback.</Msg><Username>thetoadtimes</Username><Timestamp>1349728317007</Timestamp><DateTime>Mon, 2012-10-08 16:31:57 EDT</DateTime><ThumbUp>5</ThumbUp><ThumbDown>5</ThumbDown><Sentiment/></Message><Message type="ReplyMessage"><Id>1349728541571-122</Id><Topic><Title>Bought at $15.91</Title><Username>bflathalfdim</Username><Timestamp>1305571387000</Timestamp><DateTime>Mon, 2011-05-16 14:43:07 EDT</DateTime></Topic><Msg>Making money!!</Msg><Username>bflathalfdim</Username><Timestamp>1349728541571</Timestamp><DateTime>Mon, 2012-10-08 16:35:41 EDT</DateTime><ThumbUp>0</ThumbUp><ThumbDown>0</ThumbDown><Sentiment/></Message><Message type="ReplyMessage"><Id>1349728757232-123</Id><Topic><Title>Yahoo investors want buyback, not dividend</Title><Username>thetoadtimes</Username><Timestamp>1349728317007</Timestamp><DateTime>Mon, 2012-10-08 16:31:57 EDT</DateTime></Topic><Msg>The buyback will be here by October 22.</Msg><Username>savior2911</Username><Timestamp>1349728757232</Timestamp><DateTime>Mon, 2012-10-08 16:39:17 EDT</DateTime><ThumbUp>3</ThumbUp><ThumbDown>3</ThumbDown><Sentiment/></Message><Message type="ReplyMessage"><Id>1349729499088-124</Id><Topic><Title>I bought at $16.08</Title><Username>bflathalfdim</Username><Timestamp>1305296087000</Timestamp><DateTime>Fri, 2011-05-13 10:14:47 EDT</DateTime></Topic><Msg>Not making money.</Msg><Username>dr.gloom</Username><Timestamp>1349729499088</Timestamp><DateTime>Mon, 2012-10-08 16:51:39 EDT</DateTime><ThumbUp>2</ThumbUp><ThumbDown>0</ThumbDown><Sentiment/></Message><Message type="ReplyMessage"><Id>1349729628437-125</Id><Topic><Title>I bought at $16.39 pre-earnings</Title><Username>nanobot8042</Username><Timestamp>1302549191000</Timestamp><DateTime>Mon, 2011-04-11 15:13:11 EDT</DateTime></Topic><Msg>Most of the all in at $28 gang is taking a 2 week forced vacation away from internet (jail). 1 week to go.</Msg><Username>dr.gloom</Username><Timestamp>1349729628437</Timestamp><DateTime>Mon, 2012-10-08 16:53:48 EDT</DateTime><ThumbUp>1</ThumbUp><ThumbDown>1</ThumbDown><Sentiment/></Message><Message type="ReplyMessage"><Id>1349736735725-126</Id><Topic><Title>You should pull this up</Title><Username>venessaxfdqg274858</Username><Timestamp>1349733467495</Timestamp><DateTime>Mon, 2012-10-08 17:57:47 EDT</DateTime></Topic><Msg>This is what I am waiting for. Thanks for giving out this article for free.</Msg><Username>valenciatbeh861939</Username><Timestamp>1349736735725</Timestamp><DateTime>Mon, 2012-10-08 18:52:15 EDT</DateTime><ThumbUp>0</ThumbUp><ThumbDown>2</ThumbDown><Sentiment/></Message><Message type="ReplyMessage"><Id>1349737835189-127</Id><Topic><Title>You should pull this up</Title><Username>venessaxfdqg274858</Username><Timestamp>1349733467495</Timestamp><DateTime>Mon, 2012-10-08 17:57:47 EDT</DateTime></Topic><Msg>Yahoo is the worst POS.I can not stress this enough.Do your self a favor and go else ware.</Msg><Username>haiku_blossom</Username><Timestamp>1349737835189</Timestamp><DateTime>Mon, 2012-10-08 19:10:35 EDT</DateTime><ThumbUp>0</ThumbUp><ThumbDown>2</ThumbDown><Sentiment/></Message><Message type="TopicMessage"><Id>1349737997535-128</Id><Title>I think yahoo should just go bankrupt</Title><Msg>They are pure garbage!</Msg><Username>haiku_blossom</Username><Timestamp>1349737997535</Timestamp><DateTime>Mon, 2012-10-08 19:13:17 EDT</DateTime><ThumbUp>1</ThumbUp><ThumbDown>1</ThumbDown><Sentiment/></Message><Message type="ReplyMessage"><Id>1349740273817-129</Id><Topic><Title>You should pull this up</Title><Username>venessaxfdqg274858</Username><Timestamp>1349733467495</Timestamp><DateTime>Mon, 2012-10-08 17:57:47 EDT</DateTime></Topic><Msg>Ok thanks. I will take a look at this.</Msg><Username>anastasiatpout96275</Username><Timestamp>1349740273817</Timestamp><DateTime>Mon, 2012-10-08 19:51:13 EDT</DateTime><ThumbUp>0</ThumbUp><ThumbDown>1</ThumbDown><Sentiment/></Message><Message type="ReplyMessage"><Id>1349740950795-130</Id><Topic><Title>Attn: Message Board Team</Title><Username>basketaetc1</Username><Timestamp>1349730495467</Timestamp><DateTime>Mon, 2012-10-08 17:08:15 EDT</DateTime></Topic><Msg>It's simple, clicks are good, anything against Yahoo politics is bad.</Msg><Username>cowardback</Username><Timestamp>1349740950795</Timestamp><DateTime>Mon, 2012-10-08 20:02:30 EDT</DateTime><ThumbUp>1</ThumbUp><ThumbDown>1</ThumbDown><Sentiment/></Message><Message type="TopicMessage"><Id>1349743608764-131</Id><Title>impersonation</Title><Msg>Sorry, I'm sure this has been dealt with here many times - this is my first visit. Someone is impersonating me on a board (IMUC). What's worse, is that it's someone, among several, who is a "carpetbagger" from another competing co.'s board. What do I do? This is the nearest to a YF complaint center I could find thanks.</Msg><Username>evsworld</Username><Timestamp>1349743608764</Timestamp><DateTime>Mon, 2012-10-08 20:46:48 EDT</DateTime><ThumbUp>1</ThumbUp><ThumbDown>2</ThumbDown><Sentiment/></Message><Message type="ReplyMessage"><Id>1349743939537-132</Id><Topic><Title>impersonation</Title><Username>evsworld</Username><Timestamp>1349743608764</Timestamp><DateTime>Mon, 2012-10-08 20:46:48 EDT</DateTime></Topic><Msg>found the place. Ahem...disregard.</Msg><Username>evsworld</Username><Timestamp>1349743939537</Timestamp><DateTime>Mon, 2012-10-08 20:52:19 EDT</DateTime><ThumbUp>0</ThumbUp><ThumbDown>1</ThumbDown><Sentiment/></Message><Message type="ReplyMessage"><Id>1349748093572-133</Id><Topic><Title>new message boards are god awful!</Title><Username>darnoanderson</Username><Timestamp>1349727739655</Timestamp><DateTime>Mon, 2012-10-08 16:22:19 EDT</DateTime></Topic><Msg>Yes, the boards were better before then they are now. I too, have substantially cut on my useage to as they are not too hard to use and too slow.</Msg><Username>blueline_4321</Username><Timestamp>1349748093572</Timestamp><DateTime>Mon, 2012-10-08 22:01:33 EDT</DateTime><ThumbUp>2</ThumbUp><ThumbDown>0</ThumbDown><Sentiment/></Message><Message type="ReplyMessage"><Id>1349748266059-134</Id><Topic><Title>I think yahoo should just go bankrupt</Title><Username>haiku_blossom</Username><Timestamp>1349737997535</Timestamp><DateTime>Mon, 2012-10-08 19:13:17 EDT</DateTime></Topic><Msg>Gosh, they are going to have to try harder to lose money. Currently and for the last few years they have made over a billion each year in annual profit. That is the kind of garbage you can throw in my direction. Why (or more importantly how) do you think they should go bankrupt?</Msg><Username>homersputts</Username><Timestamp>1349748266059</Timestamp><DateTime>Mon, 2012-10-08 22:04:26 EDT</DateTime><ThumbUp>1</ThumbUp><ThumbDown>1</ThumbDown><Sentiment/></Message><Message type="ReplyMessage"><Id>1349748278204-135</Id><Topic><Title>Yahoo Finance portfolio pages</Title><Username>jpm_72</Username><Timestamp>1349713024480</Timestamp><DateTime>Mon, 2012-10-08 12:17:04 EDT</DateTime></Topic><Msg>Yep, that is what i have been saying for months now. No one at Yahooooooo listens.</Msg><Username>blueline_4321</Username><Timestamp>1349748278204</Timestamp><DateTime>Mon, 2012-10-08 22:04:38 EDT</DateTime><ThumbUp>1</ThumbUp><ThumbDown>0</ThumbDown><Sentiment/></Message><Message type="ReplyMessage"><Id>1349748439966-136</Id><Topic><Title>I think yahoo should just go bankrupt</Title><Username>haiku_blossom</Username><Timestamp>1349737997535</Timestamp><DateTime>Mon, 2012-10-08 19:13:17 EDT</DateTime></Topic><Msg>yahoo will be 20.00 soon.</Msg><Username>saeedershadi</Username><Timestamp>1349748439966</Timestamp><DateTime>Mon, 2012-10-08 22:07:19 EDT</DateTime><ThumbUp>0</ThumbUp><ThumbDown>2</ThumbDown><Sentiment>Strong Buy</Sentiment></Message><Message type="ReplyMessage"><Id>1349750434742-137</Id><Topic><Title>Yahoo investors want buyback, not dividend</Title><Username>thetoadtimes</Username><Timestamp>1349728317007</Timestamp><DateTime>Mon, 2012-10-08 16:31:57 EDT</DateTime></Topic><Msg>An analyst told Bloomberg that Yahoo’s stock could double to $32 if it moves forward with a buyback. There's no if about it. Yahoo will do a $3.6B buyback.</Msg><Username>neo1278alpha</Username><Timestamp>1349750434742</Timestamp><DateTime>Mon, 2012-10-08 22:40:34 EDT</DateTime><ThumbUp>2</ThumbUp><ThumbDown>2</ThumbDown><Sentiment/></Message></Date>