<?xml version="1.0" encoding="UTF-8" standalone="no"?><Date date="2012-10-24"><Message type="ReplyMessage"><Id>1351061598729-1</Id><Topic><Title>A lot of investors must really be giving up on YHOO now after all...</Title><Username>mewag51</Username><Timestamp>1348140070964</Timestamp><DateTime>Thu, 2012-09-20 07:21:10 EDT</DateTime></Topic><Msg>good point</Msg><Username>gdhuang</Username><Timestamp>1351061598729</Timestamp><DateTime>Wed, 2012-10-24 02:53:18 EDT</DateTime><ThumbUp>0</ThumbUp><ThumbDown>1</ThumbDown><Sentiment/></Message><Message type="ReplyMessage"><Id>1351061666045-2</Id><Topic><Title>A lot of investors must really be giving up on YHOO now after all...</Title><Username>mewag51</Username><Timestamp>1348140070964</Timestamp><DateTime>Thu, 2012-09-20 07:21:10 EDT</DateTime></Topic><Msg>good point</Msg><Username>gdhuang</Username><Timestamp>1351061666045</Timestamp><DateTime>Wed, 2012-10-24 02:54:26 EDT</DateTime><ThumbUp>0</ThumbUp><ThumbDown>1</ThumbDown><Sentiment/></Message><Message type="TopicMessage"><Id>1351064009772-3</Id><Title>Now Yahoo is trending upwards...</Title><Msg>we will see $20 in very short time!!! I said it yesterday and I´m right. Look also at priceline and US Steel....!!I bought them too...!!</Msg><Username>zissi022000</Username><Timestamp>1351064009772</Timestamp><DateTime>Wed, 2012-10-24 03:33:29 EDT</DateTime><ThumbUp>0</ThumbUp><ThumbDown>0</ThumbDown><Sentiment>Strong Buy</Sentiment></Message><Message type="TopicMessage"><Id>1351070845051-4</Id><Title>Strong earnings preview from MPartners - Reporting a Milestone quarter today after market</Title><Msg>- Interdigital ( NASDAQ:IDCC ) is about to explode, check out the reasons for the $45 Price target from MPartners ( last night ) - This quarter IDCC recognized revenue from its first batch of patent assets sold to Intel for $375M (announced in June 2012) and also received positive ruling from the CAFC regarding its appeal of a 2009 ITC decision in favor of Nokia with respect to two 3G essential patents. - The recent good news has been undermined by underperformance of its core 3G licenses. Particularly revenue from per unit licensees continued to erode because handset vendors in Japan, along with RIM, and HTC continued to lose market share to Samsung and Apple. Samsung and Apple are both fixed-term licensees where revenue streams are unaffected by volumes. OUTLOOK SHOULD BE SOLID We believe that due to the timing of asset sales, as well as license renewals and outcomes of litigation, that quarterly results are difficult to forecast. However, we should continue to see an annualized trend towards growth through licensing, partnerships, and asset sales. This is reflected in our sum-of-the-parts analysis below. Our estimate of cash includes our estimate incremental cash that resulted from the sale of the patents to Intel. We reiterate our BUY recommendation and our 12-month share price target of $45.00. Our estimate excludes licensing revenue from Nokia, Huawei, ZTE, and LG, which are all involved in litigation with Interdigital currently. Yesterday's the stock closed with a gain of 5% in the after hours trading. Calls are also very active lately</Msg><Username>patentsaddicted</Username><Timestamp>1351070845051</Timestamp><DateTime>Wed, 2012-10-24 05:27:25 EDT</DateTime><ThumbUp>0</ThumbUp><ThumbDown>1</ThumbDown><Sentiment>Strong Buy</Sentiment></Message><Message type="TopicMessage"><Id>1351071090864-5</Id><Title>Hideous Jew worshippers</Title><Msg>Don't you hate the way Mayer is worshipped by the Jewish owned press as some kind of saviour for your company?</Msg><Username>williamdavis721</Username><Timestamp>1351071090864</Timestamp><DateTime>Wed, 2012-10-24 05:31:30 EDT</DateTime><ThumbUp>0</ThumbUp><ThumbDown>3</ThumbDown><Sentiment/></Message><Message type="ReplyMessage"><Id>1351071135502-6</Id><Topic><Title>WHERE IS THE ALIBABA MONEY....</Title><Username>oohay11693</Username><Timestamp>1351048386489</Timestamp><DateTime>Tue, 2012-10-23 23:13:06 EDT</DateTime></Topic><Msg>She spent it already.</Msg><Username>williamdavis721</Username><Timestamp>1351071135502</Timestamp><DateTime>Wed, 2012-10-24 05:32:15 EDT</DateTime><ThumbUp>1</ThumbUp><ThumbDown>2</ThumbDown><Sentiment/></Message><Message type="TopicMessage"><Id>1351073237605-7</Id><Title>FOCK GOERGE W BOUSH AND LIKE ILK</Title><Msg>Goerge Boush and Anglosaxon Republicans are dangerous killers, rapists, and genocidists. Real American People should FOCK these Anglosaxon Republican jerks.</Msg><Username>rozaliakott</Username><Timestamp>1351073237605</Timestamp><DateTime>Wed, 2012-10-24 06:07:17 EDT</DateTime><ThumbUp>1</ThumbUp><ThumbDown>2</ThumbDown><Sentiment/></Message><Message type="ReplyMessage"><Id>1351076653630-8</Id><Topic><Title>TRUMP IS GOING TO DELIVER THE MOTHER OF ALL BOMBSHELLS TODAY</Title><Username>longsazzareraw</Username><Timestamp>1351076252404</Timestamp><DateTime>Wed, 2012-10-24 06:57:32 EDT</DateTime></Topic><Msg>Doesnt have a good appearance for Obama. Real time messages from Libya embassy to white house show events happening with embassy personnel telling white house it was terrorists attack while event unfolding and white house watching on tv from drone cameras</Msg><Username>randywms55</Username><Timestamp>1351076653630</Timestamp><DateTime>Wed, 2012-10-24 07:04:13 EDT</DateTime><ThumbUp>1</ThumbUp><ThumbDown>0</ThumbDown><Sentiment/></Message><Message type="TopicMessage"><Id>1351078660944-9</Id><Title>REPUB philosophy = SOCIALISM among Anglosaxons, but Rape and Kill and Capitalism for others</Title><Msg>Republican Anglosaxons are against health care reform because they cannot tolerate the concept of socialist health care being enjoyed by NON-ANGLOSAXONS. In their mind, good medical facilities and medicines should be made available only to White Anglosaxons, and that Non-Anglosaxons should get substandard medical care. The concept of socialist health care for all (like Canadian health care) sends shudders down REPUBLICAN ANGLOSAXON spines.</Msg><Username>repubs_r_crooks</Username><Timestamp>1351078660944</Timestamp><DateTime>Wed, 2012-10-24 07:37:40 EDT</DateTime><ThumbUp>1</ThumbUp><ThumbDown>1</ThumbDown><Sentiment/></Message><Message type="ReplyMessage"><Id>1351080181991-10</Id><Topic><Title>TRUMP IS GOING TO DELIVER THE MOTHER OF ALL BOMBSHELLS TODAY</Title><Username>longsazzareraw</Username><Timestamp>1351076252404</Timestamp><DateTime>Wed, 2012-10-24 06:57:32 EDT</DateTime></Topic><Msg>Hmmmmmmm are you sure you are not talking about the movie ARGO. Sure sounds like it come on you can do better than that. Loser!</Msg><Username>sanvisor87</Username><Timestamp>1351080181991</Timestamp><DateTime>Wed, 2012-10-24 08:03:01 EDT</DateTime><ThumbUp>0</ThumbUp><ThumbDown>0</ThumbDown><Sentiment/></Message><Message type="TopicMessage"><Id>1351080207245-11</Id><Title>Repurchase Stock--In the focus by CFO</Title><Msg>CFO chatting about stock repurchase could "game" this stock upwards for weeks-----I see 3% increase possibly today with market regaining some price movement towards apples earnings on Thursday Buying more YAHOOOOOOOOO</Msg><Username>oldpalos</Username><Timestamp>1351080207245</Timestamp><DateTime>Wed, 2012-10-24 08:03:27 EDT</DateTime><ThumbUp>0</ThumbUp><ThumbDown>0</ThumbDown><Sentiment>Strong Buy</Sentiment></Message><Message type="TopicMessage"><Id>1351081597195-12</Id><Title>Apple shares, explosive powerful buy now..$705</Title><Msg>There often comes period, when the general markets hold certain stocks down, Apple is one such stock currently, buy all you can and hold...powerful upswing coming.</Msg><Username>ocean79348</Username><Timestamp>1351081597195</Timestamp><DateTime>Wed, 2012-10-24 08:26:37 EDT</DateTime><ThumbUp>1</ThumbUp><ThumbDown>0</ThumbDown><Sentiment>Strong Buy</Sentiment></Message><Message type="ReplyMessage"><Id>1351082242478-13</Id><Topic><Title>I Miss The Links</Title><Username>sage2123</Username><Timestamp>1351018556981</Timestamp><DateTime>Tue, 2012-10-23 14:55:56 EDT</DateTime></Topic><Msg>Obama will never allow links again. link: Obama saying your energy cost will skyrocket when he closes the coal mines. Obama saying he will send 10,000 troops to Afghanistan (5 months before the election in '08)</Msg><Username>obamalostit</Username><Timestamp>1351082242478</Timestamp><DateTime>Wed, 2012-10-24 08:37:22 EDT</DateTime><ThumbUp>0</ThumbUp><ThumbDown>0</ThumbDown><Sentiment>Strong Buy</Sentiment></Message><Message type="ReplyMessage"><Id>1351083488904-14</Id><Topic><Title>Yahoo vs FB Earnings.</Title><Username>fjc35</Username><Timestamp>1351038962284</Timestamp><DateTime>Tue, 2012-10-23 20:36:02 EDT</DateTime></Topic><Msg>I can't believe it</Msg><Username>fjc35</Username><Timestamp>1351083488904</Timestamp><DateTime>Wed, 2012-10-24 08:58:08 EDT</DateTime><ThumbUp>0</ThumbUp><ThumbDown>0</ThumbDown><Sentiment/></Message><Message type="TopicMessage"><Id>1351085228747-15</Id><Title>ALIABABA's Remaining 23 percent holdings is worth more than YHOO mkt cap in total.</Title><Msg>Doesn't Include Yahoo Japan and Yahoo which earns 4.5 billion in revenue per yer...</Msg><Username>oldmaneddie81</Username><Timestamp>1351085228747</Timestamp><DateTime>Wed, 2012-10-24 09:27:08 EDT</DateTime><ThumbUp>0</ThumbUp><ThumbDown>0</ThumbDown><Sentiment/></Message><Message type="TopicMessage"><Id>1351085303350-16</Id><Title>Buyback to only offset future dillution.</Title><Msg>Ken Goldman, chief financial officer, explains to analysts that Yahoo is considering buying back stock. He explains, “We feel strongly that we just think buying back stock at these levels is extremely attractive. Great use of cash, good for our shareholders, good for our future dilution, if you will, of our stock or less dilution, if you will. So we think it’s just a great use of that $3 billion of cash that we’ve previously committed in terms of how to use it for now.”</Msg><Username>grey116677</Username><Timestamp>1351085303350</Timestamp><DateTime>Wed, 2012-10-24 09:28:23 EDT</DateTime><ThumbUp>0</ThumbUp><ThumbDown>0</ThumbDown><Sentiment/></Message><Message type="TopicMessage"><Id>1351085479059-17</Id><Title>YAHOO BREAKS 17 Easy today- Aliabaa is a Beast and Growing Exponentially</Title><Msg>ASIA SOFT LANDING.. ALIBABA IS WORTH 100billion IPO pricing next year. Yahoo has 23 percent of 100 billion. More than total YHOO Mkt cap.. Also, Add Yahoo Japan 5-7 Billion.. Plus, MM good looks priceless.</Msg><Username>oldmaneddie81</Username><Timestamp>1351085479059</Timestamp><DateTime>Wed, 2012-10-24 09:31:19 EDT</DateTime><ThumbUp>0</ThumbUp><ThumbDown>0</ThumbDown><Sentiment/></Message><Message type="ReplyMessage"><Id>1351085742675-18</Id><Topic><Title>Up for 2 weeks!</Title><Username>vasilikiumq044003</Username><Timestamp>1351081991425</Timestamp><DateTime>Wed, 2012-10-24 08:33:11 EDT</DateTime></Topic><Msg>Looks legit. Thank you for sharing this</Msg><Username>burgess_christina611</Username><Timestamp>1351085742675</Timestamp><DateTime>Wed, 2012-10-24 09:35:42 EDT</DateTime><ThumbUp>0</ThumbUp><ThumbDown>1</ThumbDown><Sentiment/></Message><Message type="TopicMessage"><Id>1351085785613-19</Id><Title>Alibaba 100 Million IPO next year. Yahoo own 23 percent!! Net Net.</Title><Msg>Thats 23 Billion in CASH.. Yahoo Japan is worth 5-7 Billion today. We are talking close to 30 Billion is ASIAN assets. Yahoo Core Gross Rev 4.5-5 Billion a year and earns 1 Billion - Hence ProfitAble.</Msg><Username>oldmaneddie81</Username><Timestamp>1351085785613</Timestamp><DateTime>Wed, 2012-10-24 09:36:25 EDT</DateTime><ThumbUp>4</ThumbUp><ThumbDown>0</ThumbDown><Sentiment/></Message><Message type="TopicMessage"><Id>1351086079777-20</Id><Title>BIG NEWS COMING FROM YAHOO</Title><Msg>MM is Back on Board Now.</Msg><Username>oldmaneddie81</Username><Timestamp>1351086079777</Timestamp><DateTime>Wed, 2012-10-24 09:41:19 EDT</DateTime><ThumbUp>0</ThumbUp><ThumbDown>0</ThumbDown><Sentiment/></Message><Message type="TopicMessage"><Id>1351086326038-21</Id><Title>BUY BACK COMING DO NOT SELL - LOW FLOAT -</Title><Msg>LONGS WILL PROSPER</Msg><Username>oldmaneddie81</Username><Timestamp>1351086326038</Timestamp><DateTime>Wed, 2012-10-24 09:45:26 EDT</DateTime><ThumbUp>0</ThumbUp><ThumbDown>0</ThumbDown><Sentiment/></Message><Message type="ReplyMessage"><Id>1351086500197-22</Id><Topic><Title>Up for 2 weeks!</Title><Username>vasilikiumq044003</Username><Timestamp>1351081991425</Timestamp><DateTime>Wed, 2012-10-24 08:33:11 EDT</DateTime></Topic><Msg>this is no place for SPAMMER..this is REAL! awesome.....</Msg><Username>mckinney_lara552</Username><Timestamp>1351086500197</Timestamp><DateTime>Wed, 2012-10-24 09:48:20 EDT</DateTime><ThumbUp>0</ThumbUp><ThumbDown>1</ThumbDown><Sentiment/></Message><Message type="TopicMessage"><Id>1351086530869-23</Id><Title>Expect Major Move Higher</Title><Msg>Yahoo UPSIDE is HUGE</Msg><Username>oldmaneddie81</Username><Timestamp>1351086530869</Timestamp><DateTime>Wed, 2012-10-24 09:48:50 EDT</DateTime><ThumbUp>0</ThumbUp><ThumbDown>0</ThumbDown><Sentiment/></Message><Message type="TopicMessage"><Id>1351086670448-24</Id><Title>23 percent of Alibaba (Bigger than EBAY and AMAZON COMBINED)</Title><Msg>Is worth 23 Billion.. Yahoo Japan 5-7 Billion - Yahoo Core 5-7 ZBillion</Msg><Username>oldmaneddie81</Username><Timestamp>1351086670448</Timestamp><DateTime>Wed, 2012-10-24 09:51:10 EDT</DateTime><ThumbUp>0</ThumbUp><ThumbDown>0</ThumbDown><Sentiment/></Message><Message type="TopicMessage"><Id>1351086738575-25</Id><Title>Good Job Guys/Gals</Title><Msg>They were just trying to sukr u for u're shares this AM. All the way to 26 from here!!!!!!!</Msg><Username>oldmaneddie81</Username><Timestamp>1351086738575</Timestamp><DateTime>Wed, 2012-10-24 09:52:18 EDT</DateTime><ThumbUp>0</ThumbUp><ThumbDown>0</ThumbDown><Sentiment/></Message><Message type="TopicMessage"><Id>1351086848738-26</Id><Title>buy signal, that is, the last breakout was a column of YAHOO's going higher .</Title><Msg>Yup.. All the way to 26 ...</Msg><Username>oldmaneddie81</Username><Timestamp>1351086848738</Timestamp><DateTime>Wed, 2012-10-24 09:54:08 EDT</DateTime><ThumbUp>1</ThumbUp><ThumbDown>0</ThumbDown><Sentiment/></Message><Message type="TopicMessage"><Id>1351086958068-27</Id><Title>VEERY HIGH Volume!!!!!!!!!! Yahoo is worth 26 Dollars at Least</Title><Msg>MM going to bring it back to 78 in 2-3 years/</Msg><Username>oldmaneddie81</Username><Timestamp>1351086958068</Timestamp><DateTime>Wed, 2012-10-24 09:55:58 EDT</DateTime><ThumbUp>0</ThumbUp><ThumbDown>0</ThumbDown><Sentiment/></Message><Message type="TopicMessage"><Id>1351087018454-28</Id><Title>apple earnings are going to blow it away to the upside</Title><Msg>rising all boats</Msg><Username>oldmaneddie81</Username><Timestamp>1351087018454</Timestamp><DateTime>Wed, 2012-10-24 09:56:58 EDT</DateTime><ThumbUp>0</ThumbUp><ThumbDown>0</ThumbDown><Sentiment/></Message><Message type="TopicMessage"><Id>1351087077561-29</Id><Title>Yahoo should Buy Yelp and Groupon</Title><Msg>Ya Think</Msg><Username>oldmaneddie81</Username><Timestamp>1351087077561</Timestamp><DateTime>Wed, 2012-10-24 09:57:57 EDT</DateTime><ThumbUp>0</ThumbUp><ThumbDown>1</ThumbDown><Sentiment/></Message><Message type="ReplyMessage"><Id>1351087127403-30</Id><Topic><Title>Up for 2 weeks!</Title><Username>vasilikiumq044003</Username><Timestamp>1351081991425</Timestamp><DateTime>Wed, 2012-10-24 08:33:11 EDT</DateTime></Topic><Msg>I hope it contains great info. I just joined. Many thanks</Msg><Username>bates_anne556</Username><Timestamp>1351087127403</Timestamp><DateTime>Wed, 2012-10-24 09:58:47 EDT</DateTime><ThumbUp>0</ThumbUp><ThumbDown>1</ThumbDown><Sentiment/></Message><Message type="TopicMessage"><Id>1351087151456-31</Id><Title>No talk of dividend on call</Title><Msg>Good for the Float and Future of Yahoo's potential</Msg><Username>oldmaneddie81</Username><Timestamp>1351087151456</Timestamp><DateTime>Wed, 2012-10-24 09:59:11 EDT</DateTime><ThumbUp>0</ThumbUp><ThumbDown>0</ThumbDown><Sentiment/></Message><Message type="TopicMessage"><Id>1351087215803-32</Id><Title>what"s up</Title><Msg>why is yhoo the same price today? with all the good news i can not undrstand it.</Msg><Username>jamesvparto69</Username><Timestamp>1351087215803</Timestamp><DateTime>Wed, 2012-10-24 10:00:15 EDT</DateTime><ThumbUp>0</ThumbUp><ThumbDown>0</ThumbDown><Sentiment>Buy</Sentiment></Message><Message type="ReplyMessage"><Id>1351087262429-33</Id><Topic><Title>23 percent of Alibaba (Bigger than EBAY and AMAZON COMBINED)</Title><Username>oldmaneddie81</Username><Timestamp>1351086670448</Timestamp><DateTime>Wed, 2012-10-24 09:51:10 EDT</DateTime></Topic><Msg>Forbes Doesn;t think SO: Alibaba's Sales Are Larger Than eBay and Amazon Put Together Forbes - Business | September 8, 2012</Msg><Username>oldmaneddie81</Username><Timestamp>1351087262429</Timestamp><DateTime>Wed, 2012-10-24 10:01:02 EDT</DateTime><ThumbUp>0</ThumbUp><ThumbDown>0</ThumbDown><Sentiment/></Message><Message type="TopicMessage"><Id>1351087362972-34</Id><Title>OK, fascinating.</Title><Msg>"From their annual reports we did a rough calculation and we were similar last year but we are growing faster than them this year, so this year we are probably larger than them," Zeng said of Amazon and eBay, America's top online retailer and auction site. ...</Msg><Username>oldmaneddie81</Username><Timestamp>1351087362972</Timestamp><DateTime>Wed, 2012-10-24 10:02:42 EDT</DateTime><ThumbUp>1</ThumbUp><ThumbDown>0</ThumbDown><Sentiment/></Message><Message type="TopicMessage"><Id>1351087518804-35</Id><Title>Yahoo will Renegotiate Search Deal.</Title><Msg>Yeah</Msg><Username>oldmaneddie81</Username><Timestamp>1351087518804</Timestamp><DateTime>Wed, 2012-10-24 10:05:18 EDT</DateTime><ThumbUp>0</ThumbUp><ThumbDown>0</ThumbDown><Sentiment/></Message><Message type="ReplyMessage"><Id>1351087575235-36</Id><Topic><Title>OK, fascinating.</Title><Username>oldmaneddie81</Username><Timestamp>1351087362972</Timestamp><DateTime>Wed, 2012-10-24 10:02:42 EDT</DateTime></Topic><Msg>whos them? ebay?</Msg><Username>d186282mps</Username><Timestamp>1351087575235</Timestamp><DateTime>Wed, 2012-10-24 10:06:15 EDT</DateTime><ThumbUp>0</ThumbUp><ThumbDown>0</ThumbDown><Sentiment/></Message><Message type="ReplyMessage"><Id>1351087620868-37</Id><Topic><Title>OK, fascinating.</Title><Username>oldmaneddie81</Username><Timestamp>1351087362972</Timestamp><DateTime>Wed, 2012-10-24 10:02:42 EDT</DateTime></Topic><Msg>and amazon</Msg><Username>oldmaneddie81</Username><Timestamp>1351087620868</Timestamp><DateTime>Wed, 2012-10-24 10:07:00 EDT</DateTime><ThumbUp>0</ThumbUp><ThumbDown>0</ThumbDown><Sentiment/></Message><Message type="TopicMessage"><Id>1351087642544-38</Id><Title>Susquehanna Financial Upgrades Yahoo to Postive, Raises Price Target to $20</Title><Msg>Yahoo! By Susquehanna Financial - We are upgrading shares of Yahoo to Positive from Neutral and raising our price target to $20 from $17.</Msg><Username>thetoadtimes</Username><Timestamp>1351087642544</Timestamp><DateTime>Wed, 2012-10-24 10:07:22 EDT</DateTime><ThumbUp>6</ThumbUp><ThumbDown>8</ThumbDown><Sentiment/></Message><Message type="ReplyMessage"><Id>1351087701869-39</Id><Topic><Title>Up for 2 weeks!</Title><Username>vasilikiumq044003</Username><Timestamp>1351081991425</Timestamp><DateTime>Wed, 2012-10-24 08:33:11 EDT</DateTime></Topic><Msg>Finally! I found something informative.</Msg><Username>haynes_jeanette559</Username><Timestamp>1351087701869</Timestamp><DateTime>Wed, 2012-10-24 10:08:21 EDT</DateTime><ThumbUp>0</ThumbUp><ThumbDown>1</ThumbDown><Sentiment/></Message><Message type="TopicMessage"><Id>1351087900037-40</Id><Title>yahoo exceeds expectations</Title><Msg>great quarter. 4 quater holiday sales are expected to be awesome.</Msg><Username>oldmaneddie81</Username><Timestamp>1351087900037</Timestamp><DateTime>Wed, 2012-10-24 10:11:40 EDT</DateTime><ThumbUp>0</ThumbUp><ThumbDown>0</ThumbDown><Sentiment/></Message><Message type="ReplyMessage"><Id>1351088009310-41</Id><Topic><Title>WHERE IS THE ALIBABA MONEY....</Title><Username>oohay11693</Username><Timestamp>1351048386489</Timestamp><DateTime>Tue, 2012-10-23 23:13:06 EDT</DateTime></Topic><Msg>I don't see in Reports Third Quarter 201: .......Other income, net $4,607,656,000 Why not $6,3B?</Msg><Username>xetra72</Username><Timestamp>1351088009310</Timestamp><DateTime>Wed, 2012-10-24 10:13:29 EDT</DateTime><ThumbUp>2</ThumbUp><ThumbDown>1</ThumbDown><Sentiment>Strong Buy</Sentiment></Message><Message type="TopicMessage"><Id>1351088030663-42</Id><Title>4.3 Billion BUY Back -or 7.1 Billion High Interest savings account</Title><Msg>Just wait till the cash comes in from Alibaba's IPO next year and Yahoo Japan Combined worth 30 Billion.</Msg><Username>oldmaneddie81</Username><Timestamp>1351088030663</Timestamp><DateTime>Wed, 2012-10-24 10:13:50 EDT</DateTime><ThumbUp>0</ThumbUp><ThumbDown>0</ThumbDown><Sentiment/></Message><Message type="TopicMessage"><Id>1351088113774-43</Id><Title>7.1 Billion was Loaned to SON at very high Interst rate to buy Spint</Title><Msg>Could be -- It could be!</Msg><Username>oldmaneddie81</Username><Timestamp>1351088113774</Timestamp><DateTime>Wed, 2012-10-24 10:15:13 EDT</DateTime><ThumbUp>0</ThumbUp><ThumbDown>0</ThumbDown><Sentiment/></Message><Message type="TopicMessage"><Id>1351088208090-44</Id><Title>7.1 billion being loaned out in ASIA for V. High Interest Rate.</Title><Msg>Will need for elections to be over to get favorable tax rate to bring this money stateside.</Msg><Username>oldmaneddie81</Username><Timestamp>1351088208090</Timestamp><DateTime>Wed, 2012-10-24 10:16:48 EDT</DateTime><ThumbUp>0</ThumbUp><ThumbDown>1</ThumbDown><Sentiment/></Message><Message type="TopicMessage"><Id>1351088303133-45</Id><Title>New CFO Knows what to do with 7.1 Billion CASH OVER SEAS</Title><Msg>Wait for the next administration to lower taxes on corporations to bring overseas monies back to the u.s.</Msg><Username>oldmaneddie81</Username><Timestamp>1351088303133</Timestamp><DateTime>Wed, 2012-10-24 10:18:23 EDT</DateTime><ThumbUp>1</ThumbUp><ThumbDown>1</ThumbDown><Sentiment/></Message><Message type="ReplyMessage"><Id>1351088424346-46</Id><Topic><Title>Strong buy recommend on Yahoo, one year target $25.</Title><Username>yinvestor</Username><Timestamp>1349795213977</Timestamp><DateTime>Tue, 2012-10-09 11:06:53 EDT</DateTime></Topic><Msg>I told you shorts! Now I am telling you Yahoo is going to $20 - $22 in three months... We will see $18 this month...</Msg><Username>yinvestor</Username><Timestamp>1351088424346</Timestamp><DateTime>Wed, 2012-10-24 10:20:24 EDT</DateTime><ThumbUp>0</ThumbUp><ThumbDown>0</ThumbDown><Sentiment>Strong Buy</Sentiment></Message><Message type="TopicMessage"><Id>1351088650622-47</Id><Title>Yahoo's ASIA asset are woth MORE than the total Mkt Cap today.</Title><Msg>Isn't that awesome.. That mean that this stock is worth 26 dollars and is 10 dollar discount. Wall Street is afraid to say anything about Yahoo's ASIA investments becuse of jealously.</Msg><Username>oldmaneddie81</Username><Timestamp>1351088650622</Timestamp><DateTime>Wed, 2012-10-24 10:24:10 EDT</DateTime><ThumbUp>1</ThumbUp><ThumbDown>0</ThumbDown><Sentiment/></Message><Message type="TopicMessage"><Id>1351088769077-48</Id><Title>YHOO did nothing in years, will move higher now</Title><Msg>now that the growth is back, and most importantly they are going strong after mobile :-) Get ready for a multi year breakout.</Msg><Username>targetreader</Username><Timestamp>1351088769077</Timestamp><DateTime>Wed, 2012-10-24 10:26:09 EDT</DateTime><ThumbUp>1</ThumbUp><ThumbDown>0</ThumbDown><Sentiment>Strong Buy</Sentiment></Message><Message type="TopicMessage"><Id>1351088802906-49</Id><Title>YAHOO GETS IS IMMEDIATE GROWTH FROM ASIA ALIBABA AND Y-JAPAN</Title><Msg>MM will do the rest for the Yahoo Core. $26 easy peasy</Msg><Username>oldmaneddie81</Username><Timestamp>1351088802906</Timestamp><DateTime>Wed, 2012-10-24 10:26:42 EDT</DateTime><ThumbUp>0</ThumbUp><ThumbDown>0</ThumbDown><Sentiment/></Message><Message type="ReplyMessage"><Id>1351088831604-50</Id><Topic><Title>Susquehanna Financial Upgrades Yahoo to Postive, Raises Price Target to $20</Title><Username>thetoadtimes</Username><Timestamp>1351087642544</Timestamp><DateTime>Wed, 2012-10-24 10:07:22 EDT</DateTime></Topic><Msg>Yahoo about to eclipse the old PT. Yahoo! Susquehanna Financial better raise the PT.</Msg><Username>smedleypuddles</Username><Timestamp>1351088831604</Timestamp><DateTime>Wed, 2012-10-24 10:27:11 EDT</DateTime><ThumbUp>2</ThumbUp><ThumbDown>7</ThumbDown><Sentiment/></Message><Message type="TopicMessage"><Id>1351088947889-51</Id><Title>yahoo's price action is breaking out of it's trading range</Title><Msg>to the Upside. Hello 26!!!!!!!!!!!!!!!!!!!!</Msg><Username>oldmaneddie81</Username><Timestamp>1351088947889</Timestamp><DateTime>Wed, 2012-10-24 10:29:07 EDT</DateTime><ThumbUp>1</ThumbUp><ThumbDown>0</ThumbDown><Sentiment/></Message><Message type="TopicMessage"><Id>1351089004519-52</Id><Title>Yahoo Has a SOLID balance Sheet</Title><Msg>IT's TRU</Msg><Username>oldmaneddie81</Username><Timestamp>1351089004519</Timestamp><DateTime>Wed, 2012-10-24 10:30:04 EDT</DateTime><ThumbUp>0</ThumbUp><ThumbDown>0</ThumbDown><Sentiment/></Message><Message type="TopicMessage"><Id>1351089107410-53</Id><Title>Yahoo is a great take over target from companies with deep pockets</Title><Msg>like apple microsoft and alibaba</Msg><Username>oldmaneddie81</Username><Timestamp>1351089107410</Timestamp><DateTime>Wed, 2012-10-24 10:31:47 EDT</DateTime><ThumbUp>1</ThumbUp><ThumbDown>0</ThumbDown><Sentiment/></Message><Message type="ReplyMessage"><Id>1351089196902-54</Id><Topic><Title>Up for 2 weeks!</Title><Username>vasilikiumq044003</Username><Timestamp>1351081991425</Timestamp><DateTime>Wed, 2012-10-24 08:33:11 EDT</DateTime></Topic><Msg>Very informative. Thank you</Msg><Username>love_maria569</Username><Timestamp>1351089196902</Timestamp><DateTime>Wed, 2012-10-24 10:33:16 EDT</DateTime><ThumbUp>0</ThumbUp><ThumbDown>0</ThumbDown><Sentiment/></Message><Message type="TopicMessage"><Id>1351089472716-55</Id><Title>Yahoo Bottom Line</Title><Msg>What we see from the earnings surprises of these four biggies of the technology sector is that two of them (INTC and YHOO) have been consistently springing positive earnings surprises, whereas the other two (GOOG and MSFT) have shown mixed figures.</Msg><Username>oldmaneddie81</Username><Timestamp>1351089472716</Timestamp><DateTime>Wed, 2012-10-24 10:37:52 EDT</DateTime><ThumbUp>0</ThumbUp><ThumbDown>0</ThumbDown><Sentiment/></Message><Message type="TopicMessage"><Id>1351089559167-56</Id><Title>Yahoo Earnings and Volumne Exceed.</Title><Msg>Alibaba &amp; Yahoo Japan are worth a fortune..</Msg><Username>oldmaneddie81</Username><Timestamp>1351089559167</Timestamp><DateTime>Wed, 2012-10-24 10:39:19 EDT</DateTime><ThumbUp>1</ThumbUp><ThumbDown>0</ThumbDown><Sentiment/></Message><Message type="ReplyMessage"><Id>1351089626208-57</Id><Topic><Title>Yahoo Has a SOLID balance Sheet</Title><Username>oldmaneddie81</Username><Timestamp>1351089004519</Timestamp><DateTime>Wed, 2012-10-24 10:30:04 EDT</DateTime></Topic><Msg>That is VERY true .. and therein lies the problem. Wall Street wants companies that they can control and that means they love companies that are deeply indebted to them. What good is a company, to Wall Street if they can basically tell the bankers to go take a flying .... leap. In light of that, one has to question recent hiring decisions.</Msg><Username>mondomario</Username><Timestamp>1351089626208</Timestamp><DateTime>Wed, 2012-10-24 10:40:26 EDT</DateTime><ThumbUp>0</ThumbUp><ThumbDown>0</ThumbDown><Sentiment/></Message><Message type="TopicMessage"><Id>1351089697155-58</Id><Title>ALIBABA IS THE EBAY AND AMAZON OF CHINA - BUT BIGGER -</Title><Msg>Yahoo owns 23 percent of this company..</Msg><Username>oldmaneddie81</Username><Timestamp>1351089697155</Timestamp><DateTime>Wed, 2012-10-24 10:41:37 EDT</DateTime><ThumbUp>1</ThumbUp><ThumbDown>0</ThumbDown><Sentiment/></Message><Message type="TopicMessage"><Id>1351089843219-59</Id><Title>Yahoo Japan is Approaching 30,000 Yen Per Share.</Title><Msg>The chart is at a 1 Year High and very profitable.</Msg><Username>oldmaneddie81</Username><Timestamp>1351089843219</Timestamp><DateTime>Wed, 2012-10-24 10:44:03 EDT</DateTime><ThumbUp>1</ThumbUp><ThumbDown>0</ThumbDown><Sentiment/></Message><Message type="ReplyMessage"><Id>1351089852338-60</Id><Topic><Title>Yahoo is a great take over target from companies with deep pockets</Title><Username>oldmaneddie81</Username><Timestamp>1351089107410</Timestamp><DateTime>Wed, 2012-10-24 10:31:47 EDT</DateTime></Topic><Msg>Indeed ... MSFT and YHOO would be well matched. They both have solid balance sheets and make good profits ... something that is no longer valued by Wall Street.</Msg><Username>mondomario</Username><Timestamp>1351089852338</Timestamp><DateTime>Wed, 2012-10-24 10:44:12 EDT</DateTime><ThumbUp>1</ThumbUp><ThumbDown>0</ThumbDown><Sentiment/></Message><Message type="TopicMessage"><Id>1351089936717-61</Id><Title>Ever Notice</Title><Msg>That Yahoo censors posts that say negative things about the current CEO?</Msg><Username>mondomario</Username><Timestamp>1351089936717</Timestamp><DateTime>Wed, 2012-10-24 10:45:36 EDT</DateTime><ThumbUp>0</ThumbUp><ThumbDown>1</ThumbDown><Sentiment/></Message><Message type="ReplyMessage"><Id>1351090489232-62</Id><Topic><Title>Ever Notice</Title><Username>mondomario</Username><Timestamp>1351089936717</Timestamp><DateTime>Wed, 2012-10-24 10:45:36 EDT</DateTime></Topic><Msg>(comment deleted)</Msg><Username>mrs_vomit</Username><Timestamp>1351090489232</Timestamp><DateTime>Wed, 2012-10-24 10:54:49 EDT</DateTime><ThumbUp>0</ThumbUp><ThumbDown>0</ThumbDown><Sentiment/></Message><Message type="ReplyMessage"><Id>1351090731477-63</Id><Topic><Title>Advice to Yahoo bashers - Take a vacation, coldone's stomach hurts from laughing at you</Title><Username>theecoldone</Username><Timestamp>1351006156722</Timestamp><DateTime>Tue, 2012-10-23 11:29:16 EDT</DateTime></Topic><Msg>It looks like you drove the bashers away.</Msg><Username>bflathalfdim</Username><Timestamp>1351090731477</Timestamp><DateTime>Wed, 2012-10-24 10:58:51 EDT</DateTime><ThumbUp>2</ThumbUp><ThumbDown>8</ThumbDown><Sentiment/></Message><Message type="ReplyMessage"><Id>1351090775712-64</Id><Topic><Title>Yahoo Shorts Get Beatch Slapped!</Title><Username>nanobot8042</Username><Timestamp>1350483237929</Timestamp><DateTime>Wed, 2012-10-17 10:13:57 EDT</DateTime></Topic><Msg>Yahoo shorts continue to get beat up.</Msg><Username>bflathalfdim</Username><Timestamp>1351090775712</Timestamp><DateTime>Wed, 2012-10-24 10:59:35 EDT</DateTime><ThumbUp>5</ThumbUp><ThumbDown>4</ThumbDown><Sentiment/></Message><Message type="ReplyMessage"><Id>1351090843230-65</Id><Topic><Title>Susquehanna Financial Upgrades Yahoo to Postive, Raises Price Target to $20</Title><Username>thetoadtimes</Username><Timestamp>1351087642544</Timestamp><DateTime>Wed, 2012-10-24 10:07:22 EDT</DateTime></Topic><Msg>Yahoo will release guidance in about a month. Watch the upgrades come in after that.</Msg><Username>bflathalfdim</Username><Timestamp>1351090843230</Timestamp><DateTime>Wed, 2012-10-24 11:00:43 EDT</DateTime><ThumbUp>3</ThumbUp><ThumbDown>8</ThumbDown><Sentiment/></Message><Message type="ReplyMessage"><Id>1351091106448-66</Id><Topic><Title>Is anyone shorting Yahoo at $16.50?</Title><Username>nanobot8042</Username><Timestamp>1351002363259</Timestamp><DateTime>Tue, 2012-10-23 10:26:03 EDT</DateTime></Topic><Msg>You should have bought at $16.27 like I did. I also bought at $11 and $13 as you know.</Msg><Username>nanobot8042</Username><Timestamp>1351091106448</Timestamp><DateTime>Wed, 2012-10-24 11:05:06 EDT</DateTime><ThumbUp>2</ThumbUp><ThumbDown>4</ThumbDown><Sentiment/></Message><Message type="TopicMessage"><Id>1351091218856-67</Id><Title>Romney gunna send them drone planes to capture all us black folks...</Title><Msg>and make us work normal jobs...I dont like that</Msg><Username>mrs_vomit</Username><Timestamp>1351091218856</Timestamp><DateTime>Wed, 2012-10-24 11:06:58 EDT</DateTime><ThumbUp>0</ThumbUp><ThumbDown>0</ThumbDown><Sentiment/></Message><Message type="TopicMessage"><Id>1351091373711-68</Id><Title>FB up 21%. We own the world and will be over $830 in January</Title><Msg>Be smart and add down here.</Msg><Username>add_more2</Username><Timestamp>1351091373711</Timestamp><DateTime>Wed, 2012-10-24 11:09:33 EDT</DateTime><ThumbUp>1</ThumbUp><ThumbDown>0</ThumbDown><Sentiment>Strong Buy</Sentiment></Message><Message type="TopicMessage"><Id>1351091488059-69</Id><Title>Hey Cracker...dont you dare take my free Obonga phone away! Gunna knock you out!</Title><Msg>...listen up white people...dont make us mad....prepare for your free beat down</Msg><Username>mrs_vomit</Username><Timestamp>1351091488059</Timestamp><DateTime>Wed, 2012-10-24 11:11:28 EDT</DateTime><ThumbUp>0</ThumbUp><ThumbDown>0</ThumbDown><Sentiment/></Message><Message type="TopicMessage"><Id>1351091535140-70</Id><Title>yahoo finally breaks out of it's trading range</Title><Msg>upside will follow</Msg><Username>kev11375</Username><Timestamp>1351091535140</Timestamp><DateTime>Wed, 2012-10-24 11:12:15 EDT</DateTime><ThumbUp>1</ThumbUp><ThumbDown>0</ThumbDown><Sentiment/></Message><Message type="ReplyMessage"><Id>1351091738469-71</Id><Topic><Title>Is anyone shorting Yahoo at $16.50?</Title><Username>nanobot8042</Username><Timestamp>1351002363259</Timestamp><DateTime>Tue, 2012-10-23 10:26:03 EDT</DateTime></Topic><Msg>No, whispers that Apple may step in to compete on a grander scale against Google and Microsoft.</Msg><Username>tom_me_me</Username><Timestamp>1351091738469</Timestamp><DateTime>Wed, 2012-10-24 11:15:38 EDT</DateTime><ThumbUp>2</ThumbUp><ThumbDown>1</ThumbDown><Sentiment>Strong Buy</Sentiment></Message><Message type="TopicMessage"><Id>1351091872320-72</Id><Title>EPS 3.25, P/E only 5!!!</Title><Msg>This happened to AOL as well, then AOL was doubled in a few months.</Msg><Username>yinvestor</Username><Timestamp>1351091872320</Timestamp><DateTime>Wed, 2012-10-24 11:17:52 EDT</DateTime><ThumbUp>1</ThumbUp><ThumbDown>2</ThumbDown><Sentiment>Strong Buy</Sentiment></Message><Message type="ReplyMessage"><Id>1351092127164-73</Id><Topic><Title>Is anyone shorting Yahoo at $16.50?</Title><Username>nanobot8042</Username><Timestamp>1351002363259</Timestamp><DateTime>Tue, 2012-10-23 10:26:03 EDT</DateTime></Topic><Msg>Perhaps, but at the time you were buying at $16.27 (your third buy over 4 trading days and your eleventh buy this month) I was waiting to sell my $15.86 buy from the day before. My sell at $16.72 and short at $16.75 still looks good.</Msg><Username>dr.gloom</Username><Timestamp>1351092127164</Timestamp><DateTime>Wed, 2012-10-24 11:22:07 EDT</DateTime><ThumbUp>3</ThumbUp><ThumbDown>4</ThumbDown><Sentiment/></Message><Message type="ReplyMessage"><Id>1351092441691-74</Id><Topic><Title>Is anyone shorting Yahoo at $16.50?</Title><Username>nanobot8042</Username><Timestamp>1351002363259</Timestamp><DateTime>Tue, 2012-10-23 10:26:03 EDT</DateTime></Topic><Msg>If fundamentals ever mattered then I would never short YHOO stock. However, Wall Street steals money from people by doing the opposite of what free market dynamics would indicate. The real question then is whether they are running a YHOO scam for profit or they are all tied up in other scams.</Msg><Username>mondomario</Username><Timestamp>1351092441691</Timestamp><DateTime>Wed, 2012-10-24 11:27:21 EDT</DateTime><ThumbUp>3</ThumbUp><ThumbDown>2</ThumbDown><Sentiment/></Message><Message type="TopicMessage"><Id>1351092456718-75</Id><Title>ill sell y my shares for 701 lol</Title><Msg>or 2 years from now 5 or 6 dollars</Msg><Username>carlclark654</Username><Timestamp>1351092456718</Timestamp><DateTime>Wed, 2012-10-24 11:27:36 EDT</DateTime><ThumbUp>0</ThumbUp><ThumbDown>1</ThumbDown><Sentiment/></Message><Message type="ReplyMessage"><Id>1351092545608-76</Id><Topic><Title>Susquehanna Financial Upgrades Yahoo to Postive, Raises Price Target to $20</Title><Username>thetoadtimes</Username><Timestamp>1351087642544</Timestamp><DateTime>Wed, 2012-10-24 10:07:22 EDT</DateTime></Topic><Msg>Yahoo is a strong buy.</Msg><Username>smedleypuddles</Username><Timestamp>1351092545608</Timestamp><DateTime>Wed, 2012-10-24 11:29:05 EDT</DateTime><ThumbUp>2</ThumbUp><ThumbDown>9</ThumbDown><Sentiment/></Message><Message type="TopicMessage"><Id>1351092601317-77</Id><Title>Why is Everyone Bailing??</Title><Msg>Look at the good side!! The stock had a great 1 day run!</Msg><Username>fred.jackson55</Username><Timestamp>1351092601317</Timestamp><DateTime>Wed, 2012-10-24 11:30:01 EDT</DateTime><ThumbUp>2</ThumbUp><ThumbDown>1</ThumbDown><Sentiment/></Message><Message type="TopicMessage"><Id>1351092811634-78</Id><Title>Yahoo's ASIA assets are woth more than today's total market cap in CASH</Title><Msg>Nov 30, 2011 – It's more complex, but there are many ways to create value for ... Together, these Asian assets are worth $19.6 billion or more than the current market cap of Yahoo!</Msg><Username>oldmaneddie81</Username><Timestamp>1351092811634</Timestamp><DateTime>Wed, 2012-10-24 11:33:31 EDT</DateTime><ThumbUp>0</ThumbUp><ThumbDown>1</ThumbDown><Sentiment/></Message><Message type="TopicMessage"><Id>1351092897448-79</Id><Title>Yahoo BUY back is COMING</Title><Msg>jUST HANG oN!</Msg><Username>oldmaneddie81</Username><Timestamp>1351092897448</Timestamp><DateTime>Wed, 2012-10-24 11:34:57 EDT</DateTime><ThumbUp>0</ThumbUp><ThumbDown>0</ThumbDown><Sentiment/></Message><Message type="ReplyMessage"><Id>1351092930347-80</Id><Topic><Title>Yahoo's ASIA assets are woth more than today's total market cap in CASH</Title><Username>oldmaneddie81</Username><Timestamp>1351092811634</Timestamp><DateTime>Wed, 2012-10-24 11:33:31 EDT</DateTime></Topic><Msg>Learn to add before you make such an asinine statement. What r u , a Mindless Pumper?</Msg><Username>jmambo54</Username><Timestamp>1351092930347</Timestamp><DateTime>Wed, 2012-10-24 11:35:30 EDT</DateTime><ThumbUp>0</ThumbUp><ThumbDown>0</ThumbDown><Sentiment/></Message><Message type="ReplyMessage"><Id>1351093028251-81</Id><Topic><Title>Susquehanna Financial Upgrades Yahoo to Postive, Raises Price Target to $20</Title><Username>thetoadtimes</Username><Timestamp>1351087642544</Timestamp><DateTime>Wed, 2012-10-24 10:07:22 EDT</DateTime></Topic><Msg>Don't be such a Rookie!! Susquehanna holds Yahoo shares - What do you EXPECT them to say?? My God, did you start investing last week??</Msg><Username>jmambo54</Username><Timestamp>1351093028251</Timestamp><DateTime>Wed, 2012-10-24 11:37:08 EDT</DateTime><ThumbUp>8</ThumbUp><ThumbDown>3</ThumbDown><Sentiment/></Message><Message type="TopicMessage"><Id>1351093052659-82</Id><Title>Real Yahoo POP comes after the 4.3 Billion Buy Back</Title><Msg>Hehe!</Msg><Username>oldmaneddie81</Username><Timestamp>1351093052659</Timestamp><DateTime>Wed, 2012-10-24 11:37:32 EDT</DateTime><ThumbUp>0</ThumbUp><ThumbDown>0</ThumbDown><Sentiment/></Message><Message type="ReplyMessage"><Id>1351093082781-83</Id><Topic><Title>Susquehanna Financial Upgrades Yahoo to Postive, Raises Price Target to $20</Title><Username>thetoadtimes</Username><Timestamp>1351087642544</Timestamp><DateTime>Wed, 2012-10-24 10:07:22 EDT</DateTime></Topic><Msg>jdumbo shorted Yahoo at $11. What do expect her to say? lol!!!!!!</Msg><Username>nanobot8042</Username><Timestamp>1351093082781</Timestamp><DateTime>Wed, 2012-10-24 11:38:02 EDT</DateTime><ThumbUp>2</ThumbUp><ThumbDown>8</ThumbDown><Sentiment/></Message><Message type="ReplyMessage"><Id>1351093087180-84</Id><Topic><Title>Up for 2 weeks!</Title><Username>vasilikiumq044003</Username><Timestamp>1351081991425</Timestamp><DateTime>Wed, 2012-10-24 08:33:11 EDT</DateTime></Topic><Msg>this is better than DOTA!!! two thumbs UP!!!</Msg><Username>powers_carol565</Username><Timestamp>1351093087180</Timestamp><DateTime>Wed, 2012-10-24 11:38:07 EDT</DateTime><ThumbUp>0</ThumbUp><ThumbDown>0</ThumbDown><Sentiment/></Message><Message type="TopicMessage"><Id>1351093279746-85</Id><Title>A Whopping ONE (1) Day Bump and Back DOWN She Goes!! Does that Suprise Anyone?</Title><Msg>Dead money for years, and years, and years.</Msg><Username>lexi623</Username><Timestamp>1351093279746</Timestamp><DateTime>Wed, 2012-10-24 11:41:19 EDT</DateTime><ThumbUp>4</ThumbUp><ThumbDown>2</ThumbDown><Sentiment/></Message><Message type="TopicMessage"><Id>1351093328531-86</Id><Title>yahoo has 712 million - I seriously doubt 900 million “people” are using face book.</Title><Msg>Yahoo! Inc. is the premiere digital media company, delivering premium content experiences across screens at scale. Yahoo! reaches 712 million users globally (175 million in the U.S.) every month, according to comScore.</Msg><Username>oldmaneddie81</Username><Timestamp>1351093328531</Timestamp><DateTime>Wed, 2012-10-24 11:42:08 EDT</DateTime><ThumbUp>0</ThumbUp><ThumbDown>4</ThumbDown><Sentiment/></Message><Message type="ReplyMessage"><Id>1351093346898-87</Id><Topic><Title>Up for 2 weeks!</Title><Username>vasilikiumq044003</Username><Timestamp>1351081991425</Timestamp><DateTime>Wed, 2012-10-24 08:33:11 EDT</DateTime></Topic><Msg>Sure thing. Been receiving good alerts from them</Msg><Username>young_deborah573</Username><Timestamp>1351093346898</Timestamp><DateTime>Wed, 2012-10-24 11:42:26 EDT</DateTime><ThumbUp>0</ThumbUp><ThumbDown>0</ThumbDown><Sentiment/></Message><Message type="TopicMessage"><Id>1351093414815-88</Id><Title>Yahoo! and CBS Strike Broadcasting Deal</Title><Msg>Yahoo! and CBS Television Distribution have reported an agreement that unites the broadcasting power of The Insider with the online scope of Yahoo!. Through the terms, CTD’s syndicated entertainment newsmagazine The Insider’s name will be changed to omg! in January of next year in order to form a multiplatform entertainment news series.</Msg><Username>thetoadtimes</Username><Timestamp>1351093414815</Timestamp><DateTime>Wed, 2012-10-24 11:43:34 EDT</DateTime><ThumbUp>2</ThumbUp><ThumbDown>3</ThumbDown><Sentiment/></Message><Message type="ReplyMessage"><Id>1351093533702-89</Id><Topic><Title>yahoo has 712 million - I seriously doubt 900 million “people” are using face book.</Title><Username>oldmaneddie81</Username><Timestamp>1351093328531</Timestamp><DateTime>Wed, 2012-10-24 11:42:08 EDT</DateTime></Topic><Msg>What about all of Yahoo's ""Fake"" users. Coldone, for example, has abou 110 aliases, so is that 1 User or,, as Yahoo states, 111 Users?</Msg><Username>lexi623</Username><Timestamp>1351093533702</Timestamp><DateTime>Wed, 2012-10-24 11:45:33 EDT</DateTime><ThumbUp>0</ThumbUp><ThumbDown>3</ThumbDown><Sentiment/></Message><Message type="TopicMessage"><Id>1351093572098-90</Id><Title>Alibaba is the fast growing Inernet Company in China - BIG CAP -</Title><Msg>Yahoo owns 23 billion or 23 percent of the projected IPO price of $100,000,000,000 for next year.</Msg><Username>oldmaneddie81</Username><Timestamp>1351093572098</Timestamp><DateTime>Wed, 2012-10-24 11:46:12 EDT</DateTime><ThumbUp>0</ThumbUp><ThumbDown>2</ThumbDown><Sentiment/></Message><Message type="TopicMessage"><Id>1351093625290-91</Id><Title>Alibaba 100,000,000,000 Billion $ IPO</Title><Msg>Coming Soon - 2013</Msg><Username>oldmaneddie81</Username><Timestamp>1351093625290</Timestamp><DateTime>Wed, 2012-10-24 11:47:05 EDT</DateTime><ThumbUp>0</ThumbUp><ThumbDown>2</ThumbDown><Sentiment/></Message><Message type="ReplyMessage"><Id>1351093646865-92</Id><Topic><Title>Yahoo! and CBS Strike Broadcasting Deal</Title><Username>thetoadtimes</Username><Timestamp>1351093414815</Timestamp><DateTime>Wed, 2012-10-24 11:43:34 EDT</DateTime></Topic><Msg>So CBS's Insider will be on Yahoo next year. That is about a big a deal, as a dime off a loaf a break. Not even worth your time posting such garbage. And your time is virtually worthless.</Msg><Username>lexi623</Username><Timestamp>1351093646865</Timestamp><DateTime>Wed, 2012-10-24 11:47:26 EDT</DateTime><ThumbUp>2</ThumbUp><ThumbDown>1</ThumbDown><Sentiment/></Message><Message type="TopicMessage"><Id>1351093744807-93</Id><Title>Yahoo shares in Yahoo Japan are Worth 7,000,000,000</Title><Msg>thats a lot</Msg><Username>oldmaneddie81</Username><Timestamp>1351093744807</Timestamp><DateTime>Wed, 2012-10-24 11:49:04 EDT</DateTime><ThumbUp>0</ThumbUp><ThumbDown>0</ThumbDown><Sentiment/></Message><Message type="ReplyMessage"><Id>1351093784921-94</Id><Topic><Title>omg! Insider Coming to TV</Title><Username>smedleypuddles</Username><Timestamp>1351010631780</Timestamp><DateTime>Tue, 2012-10-23 12:43:51 EDT</DateTime></Topic><Msg>And I suppose Yahoo will compete with Apple TV??? Gotta go....I can't stop laughing!!! ROTFLMAO!!</Msg><Username>lexi623</Username><Timestamp>1351093784921</Timestamp><DateTime>Wed, 2012-10-24 11:49:44 EDT</DateTime><ThumbUp>2</ThumbUp><ThumbDown>1</ThumbDown><Sentiment/></Message><Message type="TopicMessage"><Id>1351093794946-95</Id><Title>yahoo core easily worth 5,000,000,000</Title><Msg>total 30 billion.</Msg><Username>oldmaneddie81</Username><Timestamp>1351093794946</Timestamp><DateTime>Wed, 2012-10-24 11:49:54 EDT</DateTime><ThumbUp>0</ThumbUp><ThumbDown>0</ThumbDown><Sentiment/></Message><Message type="ReplyMessage"><Id>1351093842949-96</Id><Topic><Title>yahoo core easily worth 5,000,000,000</Title><Username>oldmaneddie81</Username><Timestamp>1351093794946</Timestamp><DateTime>Wed, 2012-10-24 11:49:54 EDT</DateTime></Topic><Msg>30 billion not including core. total 35 billion. microsoft was right.</Msg><Username>oldmaneddie81</Username><Timestamp>1351093842949</Timestamp><DateTime>Wed, 2012-10-24 11:50:42 EDT</DateTime><ThumbUp>0</ThumbUp><ThumbDown>0</ThumbDown><Sentiment/></Message><Message type="ReplyMessage"><Id>1351093871583-97</Id><Topic><Title>Up for 2 weeks!</Title><Username>vasilikiumq044003</Username><Timestamp>1351081991425</Timestamp><DateTime>Wed, 2012-10-24 08:33:11 EDT</DateTime></Topic><Msg>Thanks for sharing this here.</Msg><Username>wright_vickie569</Username><Timestamp>1351093871583</Timestamp><DateTime>Wed, 2012-10-24 11:51:11 EDT</DateTime><ThumbUp>0</ThumbUp><ThumbDown>0</ThumbDown><Sentiment/></Message><Message type="TopicMessage"><Id>1351093942840-98</Id><Title>23% of 100bil = 23 bil + 7 bil + 5 bil = 35 billion dollar company</Title><Msg>alaibaba + yahoo japan + yahoo core = 35 billion</Msg><Username>oldmaneddie81</Username><Timestamp>1351093942840</Timestamp><DateTime>Wed, 2012-10-24 11:52:22 EDT</DateTime><ThumbUp>0</ThumbUp><ThumbDown>0</ThumbDown><Sentiment/></Message><Message type="TopicMessage"><Id>1351094045397-99</Id><Title>Check out the % Year Chart and COMPARE it to the NASDAQ !!!</Title><Msg>YHOO is DOWN 50%++ NASDAQ is UP 8% Nuff said.</Msg><Username>michan59</Username><Timestamp>1351094045397</Timestamp><DateTime>Wed, 2012-10-24 11:54:05 EDT</DateTime><ThumbUp>2</ThumbUp><ThumbDown>1</ThumbDown><Sentiment/></Message><Message type="TopicMessage"><Id>1351094138808-100</Id><Title>Yahoo is Undervalued - Zero Dept- Cash Stash and Massisve`</Title><Msg>Asian Assets.. Bigger than EBAY and Amazon Combined!!!!!!!!!!!!!!!!</Msg><Username>oldmaneddie81</Username><Timestamp>1351094138808</Timestamp><DateTime>Wed, 2012-10-24 11:55:38 EDT</DateTime><ThumbUp>0</ThumbUp><ThumbDown>2</ThumbDown><Sentiment/></Message><Message type="ReplyMessage"><Id>1351094181865-101</Id><Topic><Title>Up for 2 weeks!</Title><Username>vasilikiumq044003</Username><Timestamp>1351081991425</Timestamp><DateTime>Wed, 2012-10-24 08:33:11 EDT</DateTime></Topic><Msg>I like these guys, they're really good.</Msg><Username>mullins_ashley574</Username><Timestamp>1351094181865</Timestamp><DateTime>Wed, 2012-10-24 11:56:21 EDT</DateTime><ThumbUp>0</ThumbUp><ThumbDown>0</ThumbDown><Sentiment/></Message><Message type="TopicMessage"><Id>1351094399538-102</Id><Title>Yahoo Home Page worth 3 bil, fianance worth 1 bil, sports 1bil</Title><Msg>cash 4 billion, buyback cash 4 billion, positve earnings -300 mil per quarter - aliababa 23 billion, yahoo japan 7 billion, MM - Priceless!!!!!!!!!</Msg><Username>oldmaneddie81</Username><Timestamp>1351094399538</Timestamp><DateTime>Wed, 2012-10-24 11:59:59 EDT</DateTime><ThumbUp>0</ThumbUp><ThumbDown>0</ThumbDown><Sentiment/></Message><Message type="ReplyMessage"><Id>1351094429428-103</Id><Topic><Title>Susquehanna Financial Upgrades Yahoo to Postive, Raises Price Target to $20</Title><Username>thetoadtimes</Username><Timestamp>1351087642544</Timestamp><DateTime>Wed, 2012-10-24 10:07:22 EDT</DateTime></Topic><Msg>If YHOO is due for many upgrades, then where are they?? See ya in the $15s, Goofus</Msg><Username>pearlprue</Username><Timestamp>1351094429428</Timestamp><DateTime>Wed, 2012-10-24 12:00:29 EDT</DateTime><ThumbUp>4</ThumbUp><ThumbDown>1</ThumbDown><Sentiment/></Message><Message type="TopicMessage"><Id>1351094477279-104</Id><Title>Yahoo News Coming!!!!!!!!!!!!</Title><Msg>You'll See!!!!!!!!!</Msg><Username>oldmaneddie81</Username><Timestamp>1351094477279</Timestamp><DateTime>Wed, 2012-10-24 12:01:17 EDT</DateTime><ThumbUp>0</ThumbUp><ThumbDown>1</ThumbDown><Sentiment/></Message><Message type="ReplyMessage"><Id>1351094552209-105</Id><Topic><Title>Up for 2 weeks!</Title><Username>vasilikiumq044003</Username><Timestamp>1351081991425</Timestamp><DateTime>Wed, 2012-10-24 08:33:11 EDT</DateTime></Topic><Msg>Just joined. Heard a lot about these guys</Msg><Username>graham_natalie576</Username><Timestamp>1351094552209</Timestamp><DateTime>Wed, 2012-10-24 12:02:32 EDT</DateTime><ThumbUp>0</ThumbUp><ThumbDown>0</ThumbDown><Sentiment/></Message><Message type="ReplyMessage"><Id>1351094845627-106</Id><Topic><Title>Yahoo News Coming!!!!!!!!!!!!</Title><Username>oldmaneddie81</Username><Timestamp>1351094477279</Timestamp><DateTime>Wed, 2012-10-24 12:01:17 EDT</DateTime></Topic><Msg>Yahoo Shines Amidst Tech Sector Weakness</Msg><Username>oldmaneddie81</Username><Timestamp>1351094845627</Timestamp><DateTime>Wed, 2012-10-24 12:07:25 EDT</DateTime><ThumbUp>0</ThumbUp><ThumbDown>1</ThumbDown><Sentiment/></Message><Message type="ReplyMessage"><Id>1351094882586-107</Id><Topic><Title>Up for 2 weeks!</Title><Username>vasilikiumq044003</Username><Timestamp>1351081991425</Timestamp><DateTime>Wed, 2012-10-24 08:33:11 EDT</DateTime></Topic><Msg>Sounds interesting. Let me try this.</Msg><Username>reeves_catherine585</Username><Timestamp>1351094882586</Timestamp><DateTime>Wed, 2012-10-24 12:08:02 EDT</DateTime><ThumbUp>0</ThumbUp><ThumbDown>0</ThumbDown><Sentiment/></Message><Message type="TopicMessage"><Id>1351095032293-108</Id><Title>NO Yahoo Stock Buybacks until $14s and $15s. YHOO believes $16s is ""Fairly Valued""</Title><Msg>With that information, Big money is selling today and Shorts are Shorting!! They are BOTH making money. Only the Baggettes are losing today.</Msg><Username>pearlprue</Username><Timestamp>1351095032293</Timestamp><DateTime>Wed, 2012-10-24 12:10:32 EDT</DateTime><ThumbUp>2</ThumbUp><ThumbDown>0</ThumbDown><Sentiment/></Message><Message type="TopicMessage"><Id>1351095045471-109</Id><Title>fb up on what it could earn</Title><Msg>yahoo did earn and lot of it. crushed earnings. beat the street!!!!!!!</Msg><Username>oldmaneddie81</Username><Timestamp>1351095045471</Timestamp><DateTime>Wed, 2012-10-24 12:10:45 EDT</DateTime><ThumbUp>0</ThumbUp><ThumbDown>1</ThumbDown><Sentiment/></Message><Message type="ReplyMessage"><Id>1351095161537-110</Id><Topic><Title>Up for 2 weeks!</Title><Username>vasilikiumq044003</Username><Timestamp>1351081991425</Timestamp><DateTime>Wed, 2012-10-24 08:33:11 EDT</DateTime></Topic><Msg>Great share. Many thanks</Msg><Username>cross_tara587</Username><Timestamp>1351095161537</Timestamp><DateTime>Wed, 2012-10-24 12:12:41 EDT</DateTime><ThumbUp>0</ThumbUp><ThumbDown>0</ThumbDown><Sentiment/></Message><Message type="TopicMessage"><Id>1351095284215-111</Id><Title>yahoo beat the street be a large margin</Title><Msg>yahoo has beaten earnings estimates 4 quarters in a row.</Msg><Username>oldmaneddie81</Username><Timestamp>1351095284215</Timestamp><DateTime>Wed, 2012-10-24 12:14:44 EDT</DateTime><ThumbUp>0</ThumbUp><ThumbDown>1</ThumbDown><Sentiment/></Message><Message type="TopicMessage"><Id>1351095328035-112</Id><Title>BUYBACK - UPGRADES - COMING</Title><Msg>YAHOO 26</Msg><Username>oldmaneddie81</Username><Timestamp>1351095328035</Timestamp><DateTime>Wed, 2012-10-24 12:15:28 EDT</DateTime><ThumbUp>1</ThumbUp><ThumbDown>1</ThumbDown><Sentiment/></Message><Message type="TopicMessage"><Id>1351095556126-113</Id><Title>ACQUIRE "MONIF" for greater mobile transaction volume- another PAYPAL?</Title><Msg>Monitise plc provides mobile banking, payments, and commerce network solutions worldwide. Its solutions enable financial institutions and other service providers to offer a range of services. The company&#146;s Mobile Banking solutions include bank and credit card management, mobile top ups, transfers, and payments, as well as managing and servicing of savings and lending products. Its Mobile Wallet solutions comprise mobile-centric financial services and payments, deposits, withdrawals, funds transfer, merchant payments, bill payments, salary disbursements, and international remittances.</Msg><Username>willibe45</Username><Timestamp>1351095556126</Timestamp><DateTime>Wed, 2012-10-24 12:19:16 EDT</DateTime><ThumbUp>0</ThumbUp><ThumbDown>0</ThumbDown><Sentiment/></Message><Message type="ReplyMessage"><Id>1351095561484-114</Id><Topic><Title>Up for 2 weeks!</Title><Username>vasilikiumq044003</Username><Timestamp>1351081991425</Timestamp><DateTime>Wed, 2012-10-24 08:33:11 EDT</DateTime></Topic><Msg>this is what i exactly need at the moment</Msg><Username>manning_beth588</Username><Timestamp>1351095561484</Timestamp><DateTime>Wed, 2012-10-24 12:19:21 EDT</DateTime><ThumbUp>0</ThumbUp><ThumbDown>0</ThumbDown><Sentiment/></Message><Message type="ReplyMessage"><Id>1351095816125-115</Id><Topic><Title>BUYBACK - UPGRADES - COMING</Title><Username>oldmaneddie81</Username><Timestamp>1351095328035</Timestamp><DateTime>Wed, 2012-10-24 12:15:28 EDT</DateTime></Topic><Msg>They should announce this week</Msg><Username>joeym151</Username><Timestamp>1351095816125</Timestamp><DateTime>Wed, 2012-10-24 12:23:36 EDT</DateTime><ThumbUp>0</ThumbUp><ThumbDown>1</ThumbDown><Sentiment>Strong Buy</Sentiment></Message><Message type="ReplyMessage"><Id>1351095830472-116</Id><Topic><Title>Up for 2 weeks!</Title><Username>vasilikiumq044003</Username><Timestamp>1351081991425</Timestamp><DateTime>Wed, 2012-10-24 08:33:11 EDT</DateTime></Topic><Msg>I love it. thanks</Msg><Username>edwards_katie592</Username><Timestamp>1351095830472</Timestamp><DateTime>Wed, 2012-10-24 12:23:50 EDT</DateTime><ThumbUp>0</ThumbUp><ThumbDown>0</ThumbDown><Sentiment/></Message><Message type="ReplyMessage"><Id>1351096561027-117</Id><Topic><Title>BUYBACK - UPGRADES - COMING</Title><Username>oldmaneddie81</Username><Timestamp>1351095328035</Timestamp><DateTime>Wed, 2012-10-24 12:15:28 EDT</DateTime></Topic><Msg>You said the exact same thing in 2009. NOTHING happened in the next 3 years! Why do you INSIST on lying?</Msg><Username>allymarie5454</Username><Timestamp>1351096561027</Timestamp><DateTime>Wed, 2012-10-24 12:36:01 EDT</DateTime><ThumbUp>0</ThumbUp><ThumbDown>1</ThumbDown><Sentiment/></Message><Message type="ReplyMessage"><Id>1351096615654-118</Id><Topic><Title>yahoo beat the street be a large margin</Title><Username>oldmaneddie81</Username><Timestamp>1351095284215</Timestamp><DateTime>Wed, 2012-10-24 12:14:44 EDT</DateTime></Topic><Msg>Then why is it a BRIGHT, BRIGHT RED?? Go back to sleep, oldman, and don;t forget your depends!!</Msg><Username>allymarie5454</Username><Timestamp>1351096615654</Timestamp><DateTime>Wed, 2012-10-24 12:36:55 EDT</DateTime><ThumbUp>1</ThumbUp><ThumbDown>1</ThumbDown><Sentiment/></Message><Message type="ReplyMessage"><Id>1351096804755-119</Id><Topic><Title>yahoo beat the street be a large margin</Title><Username>oldmaneddie81</Username><Timestamp>1351095284215</Timestamp><DateTime>Wed, 2012-10-24 12:14:44 EDT</DateTime></Topic><Msg>i guess you missed the story about 20% of all companies cooking the books for earnings season... http://www.cnbc.com/id/49348649/20_of_US_Firms_Cook_the_Books_During_Earnings_Report</Msg><Username>lapetye</Username><Timestamp>1351096804755</Timestamp><DateTime>Wed, 2012-10-24 12:40:04 EDT</DateTime><ThumbUp>0</ThumbUp><ThumbDown>1</ThumbDown><Sentiment/></Message><Message type="TopicMessage"><Id>1351096927444-120</Id><Title>Yahoo Close Green today`</Title><Msg>It will happen TODAY!!!!!!!!!!!!!!!!!!!!!!!!</Msg><Username>oldmaneddie81</Username><Timestamp>1351096927444</Timestamp><DateTime>Wed, 2012-10-24 12:42:07 EDT</DateTime><ThumbUp>0</ThumbUp><ThumbDown>0</ThumbDown><Sentiment/></Message><Message type="TopicMessage"><Id>1351097113733-121</Id><Title>Everybody knows it's heading to 16 again, right?</Title><Msg>i mean, come on... .this is YHOO. no info on the buyback/dividend, they are not getting into local search, no guidance, and they are implementing Levinsohn's plan from last year. if they didn't make that Alibaba investment, they would probably be broke by now. they even screwed that up because Alipay was stolen right from under their nose. heading to 16 or lower.</Msg><Username>lapetye</Username><Timestamp>1351097113733</Timestamp><DateTime>Wed, 2012-10-24 12:45:13 EDT</DateTime><ThumbUp>1</ThumbUp><ThumbDown>3</ThumbDown><Sentiment/></Message><Message type="TopicMessage"><Id>1351097720096-122</Id><Title>Yahoo Close Grn Today</Title><Msg>Look Out!!!!!!!!!!!!!!!!!</Msg><Username>oldmaneddie81</Username><Timestamp>1351097720096</Timestamp><DateTime>Wed, 2012-10-24 12:55:20 EDT</DateTime><ThumbUp>0</ThumbUp><ThumbDown>0</ThumbDown><Sentiment/></Message><Message type="TopicMessage"><Id>1351097765546-123</Id><Title>Short trap here, buybacks can start tomorrow</Title><Msg>Watch out , nice short trap here that will be sprung tomorrow when Yahoo heads near 17 first part of buyback.</Msg><Username>phillyflyer7</Username><Timestamp>1351097765546</Timestamp><DateTime>Wed, 2012-10-24 12:56:05 EDT</DateTime><ThumbUp>3</ThumbUp><ThumbDown>2</ThumbDown><Sentiment>Strong Buy</Sentiment></Message><Message type="TopicMessage"><Id>1351097797165-124</Id><Title>Not a good buy</Title><Msg>Sales and real earning (as opposed to accounting earnings) are both weak and they are wasting money on buying back overpriced stock. I got news for you all, buying stock is not a return to shareholders. And it will be another failure chasing after acquisitions. Look for an eventual slide back under 14. The financial results are to be credited to past management not this inexperienced lot.</Msg><Username>bosshebee</Username><Timestamp>1351097797165</Timestamp><DateTime>Wed, 2012-10-24 12:56:37 EDT</DateTime><ThumbUp>0</ThumbUp><ThumbDown>2</ThumbDown><Sentiment/></Message><Message type="TopicMessage"><Id>1351097872625-125</Id><Title>MM WANTS YHOO BUYBACKS AT CURRENT ATTRACTIVE PRICE LEVELS</Title><Msg>~PULL THE TRIG-R AND BUY BACK NOW.</Msg><Username>oldmaneddie81</Username><Timestamp>1351097872625</Timestamp><DateTime>Wed, 2012-10-24 12:57:52 EDT</DateTime><ThumbUp>0</ThumbUp><ThumbDown>0</ThumbDown><Sentiment/></Message><Message type="ReplyMessage"><Id>1351097890125-126</Id><Topic><Title>Short trap here, buybacks can start tomorrow</Title><Username>phillyflyer7</Username><Timestamp>1351097765546</Timestamp><DateTime>Wed, 2012-10-24 12:56:05 EDT</DateTime></Topic><Msg>short holding down 26%, days to cover is 1... that means 1 day. IF there was a short squeeze, it was yesterday, now it's over and done with. move on.</Msg><Username>lapetye</Username><Timestamp>1351097890125</Timestamp><DateTime>Wed, 2012-10-24 12:58:10 EDT</DateTime><ThumbUp>2</ThumbUp><ThumbDown>1</ThumbDown><Sentiment/></Message><Message type="ReplyMessage"><Id>1351097904808-127</Id><Topic><Title>Where the hell are the upgrades?</Title><Username>basketaetc1</Username><Timestamp>1351097268392</Timestamp><DateTime>Wed, 2012-10-24 12:47:48 EDT</DateTime></Topic><Msg>They is not deserved. Financial fraud was a result of the actions of prior mgnt.</Msg><Username>bosshebee</Username><Timestamp>1351097904808</Timestamp><DateTime>Wed, 2012-10-24 12:58:24 EDT</DateTime><ThumbUp>0</ThumbUp><ThumbDown>2</ThumbDown><Sentiment/></Message><Message type="TopicMessage"><Id>1351098095972-128</Id><Title>Independent Brokers</Title><Msg>I came across LTS and was thinking-given all the acquisitions they have made over the last 3 years and the fact that they are now a top 10 RIA in AUM and Sales why would RJF or LPLA not look to take them over-easy bolt on and the stock has been smoked-you guys want to grow? Here's your growth so come and get it!</Msg><Username>craigbock31</Username><Timestamp>1351098095972</Timestamp><DateTime>Wed, 2012-10-24 13:01:35 EDT</DateTime><ThumbUp>0</ThumbUp><ThumbDown>0</ThumbDown><Sentiment/></Message><Message type="ReplyMessage"><Id>1351098129350-129</Id><Topic><Title>Short trap here, buybacks can start tomorrow</Title><Username>phillyflyer7</Username><Timestamp>1351097765546</Timestamp><DateTime>Wed, 2012-10-24 12:56:05 EDT</DateTime></Topic><Msg>Goldman trying to sucker in shorts. they know the buyback can start tomorrow and will probably add some gas to the fire with a positive note. Be careful, $3 billion in buybacks starting soon.</Msg><Username>phillyflyer7</Username><Timestamp>1351098129350</Timestamp><DateTime>Wed, 2012-10-24 13:02:09 EDT</DateTime><ThumbUp>2</ThumbUp><ThumbDown>3</ThumbDown><Sentiment>Strong Buy</Sentiment></Message><Message type="ReplyMessage"><Id>1351099207415-130</Id><Topic><Title>Hey YHOO, I cannot find the Bengazi-State Dept email news article anywhere...</Title><Username>libsblowobama0087</Username><Timestamp>1351098905946</Timestamp><DateTime>Wed, 2012-10-24 13:15:05 EDT</DateTime></Topic><Msg>if yahoo wants to be part of the NEW media...they better get their act together</Msg><Username>mrs_vomit</Username><Timestamp>1351099207415</Timestamp><DateTime>Wed, 2012-10-24 13:20:07 EDT</DateTime><ThumbUp>1</ThumbUp><ThumbDown>0</ThumbDown><Sentiment/></Message><Message type="TopicMessage"><Id>1351099423237-131</Id><Title>ANNOUNCE THE BUYBACK ALREADY!!!!</Title><Msg>What are you waiting for Yahoo? Are you waiting for a buyout offer?</Msg><Username>joeym151</Username><Timestamp>1351099423237</Timestamp><DateTime>Wed, 2012-10-24 13:23:43 EDT</DateTime><ThumbUp>1</ThumbUp><ThumbDown>0</ThumbDown><Sentiment>Strong Buy</Sentiment></Message><Message type="TopicMessage"><Id>1351099600770-132</Id><Title>Yahoo Shines Amidst Tech Sector Weakness</Title><Msg>Yahoo!'s valuation looks quite attractive at the moment. The stock has a P/E ratio of 17.8x, well below the 34x industry average, and trades at only 1.45 to book. Yahoo!'s main competitor Google trades at 21.3x earnings and 3.36 to book. Yahoo! has a decent operating margin of 16.5% and a less than stellar return on equity of 8.15. Still, the company has an impressive balance sheet and virtually no debt, with a microscopic LT debt to equity ratio of only 0.26.</Msg><Username>thetoadtimes</Username><Timestamp>1351099600770</Timestamp><DateTime>Wed, 2012-10-24 13:26:40 EDT</DateTime><ThumbUp>1</ThumbUp><ThumbDown>0</ThumbDown><Sentiment/></Message><Message type="ReplyMessage"><Id>1351099827234-133</Id><Topic><Title>Susquehanna Financial Upgrades Yahoo to Postive, Raises Price Target to $20</Title><Username>thetoadtimes</Username><Timestamp>1351087642544</Timestamp><DateTime>Wed, 2012-10-24 10:07:22 EDT</DateTime></Topic><Msg>The bashers are scared.</Msg><Username>nanobot8042</Username><Timestamp>1351099827234</Timestamp><DateTime>Wed, 2012-10-24 13:30:27 EDT</DateTime><ThumbUp>0</ThumbUp><ThumbDown>3</ThumbDown><Sentiment/></Message><Message type="TopicMessage"><Id>1351101189372-134</Id><Title>No stop until $26...</Title><Msg>In a year... Watch the monthly chart of Yahoo. http://www.marketwatch.com/investing/stock/YHOO/charts?symb=YHOO&amp;time=20&amp;startdate=1%2F4%2F1999&amp;enddate=10%2F11%2F2012&amp;freq=3&amp;compidx=none&amp;compind=none&amp;comptemptext=Enter+Symbol%28s%29&amp;comp=none&amp;uf=7168&amp;ma=4&amp;maval=5&amp;lf=1&amp;lf2=4&amp;lf3=0&amp;type=4&amp;size=3&amp;style=1013</Msg><Username>yinvestor</Username><Timestamp>1351101189372</Timestamp><DateTime>Wed, 2012-10-24 13:53:09 EDT</DateTime><ThumbUp>0</ThumbUp><ThumbDown>0</ThumbDown><Sentiment>Strong Buy</Sentiment></Message><Message type="ReplyMessage"><Id>1351101571874-135</Id><Topic><Title>Short trap here, buybacks can start tomorrow</Title><Username>phillyflyer7</Username><Timestamp>1351097765546</Timestamp><DateTime>Wed, 2012-10-24 12:56:05 EDT</DateTime></Topic><Msg>Did you notice the last $3 billion buyback? Do you know that Yahoo can only buy at last trade or lower?</Msg><Username>dr.gloom</Username><Timestamp>1351101571874</Timestamp><DateTime>Wed, 2012-10-24 13:59:31 EDT</DateTime><ThumbUp>2</ThumbUp><ThumbDown>1</ThumbDown><Sentiment/></Message><Message type="ReplyMessage"><Id>1351101765736-136</Id><Topic><Title>last trade $32.30</Title><Username>team_america3000</Username><Timestamp>1194277706000</Timestamp><DateTime>Mon, 2007-11-05 10:48:26 EST</DateTime></Topic><Msg>Nov 5, 2007 Susquehanna says...</Msg><Username>dr.gloom</Username><Timestamp>1351101765736</Timestamp><DateTime>Wed, 2012-10-24 14:02:45 EDT</DateTime><ThumbUp>0</ThumbUp><ThumbDown>1</ThumbDown><Sentiment/></Message><Message type="ReplyMessage"><Id>1351102173220-137</Id><Topic><Title>Brace Yourself For Another YHOO Surprise.. SELL NOW?</Title><Username>lavernearmstrong597</Username><Timestamp>1351096292066</Timestamp><DateTime>Wed, 2012-10-24 12:31:32 EDT</DateTime></Topic><Msg>Seems you have more skilled about stock……That’s good....</Msg><Username>antonygreene792</Username><Timestamp>1351102173220</Timestamp><DateTime>Wed, 2012-10-24 14:09:33 EDT</DateTime><ThumbUp>0</ThumbUp><ThumbDown>0</ThumbDown><Sentiment/></Message><Message type="ReplyMessage"><Id>1351102173514-138</Id><Topic><Title>Brace Yourself For Another YHOO Surprise.. SELL NOW?</Title><Username>lavernearmstrong597</Username><Timestamp>1351096292066</Timestamp><DateTime>Wed, 2012-10-24 12:31:32 EDT</DateTime></Topic><Msg>Seems you have more skilled about stock……That’s good....</Msg><Username>antonygreene792</Username><Timestamp>1351102173514</Timestamp><DateTime>Wed, 2012-10-24 14:09:33 EDT</DateTime><ThumbUp>0</ThumbUp><ThumbDown>0</ThumbDown><Sentiment/></Message><Message type="ReplyMessage"><Id>1351102173605-139</Id><Topic><Title>Brace Yourself For Another YHOO Surprise.. SELL NOW?</Title><Username>lavernearmstrong597</Username><Timestamp>1351096292066</Timestamp><DateTime>Wed, 2012-10-24 12:31:32 EDT</DateTime></Topic><Msg>Seems you have more skilled about stock……That’s good....</Msg><Username>antonygreene792</Username><Timestamp>1351102173605</Timestamp><DateTime>Wed, 2012-10-24 14:09:33 EDT</DateTime><ThumbUp>0</ThumbUp><ThumbDown>0</ThumbDown><Sentiment/></Message><Message type="ReplyMessage"><Id>1351102493662-140</Id><Topic><Title>Short trap here, buybacks can start tomorrow</Title><Username>phillyflyer7</Username><Timestamp>1351097765546</Timestamp><DateTime>Wed, 2012-10-24 12:56:05 EDT</DateTime></Topic><Msg>Try to get a clue, gloom.</Msg><Username>nanobot8042</Username><Timestamp>1351102493662</Timestamp><DateTime>Wed, 2012-10-24 14:14:53 EDT</DateTime><ThumbUp>0</ThumbUp><ThumbDown>2</ThumbDown><Sentiment/></Message><Message type="ReplyMessage"><Id>1351103155283-141</Id><Topic><Title>Short trap here, buybacks can start tomorrow</Title><Username>phillyflyer7</Username><Timestamp>1351097765546</Timestamp><DateTime>Wed, 2012-10-24 12:56:05 EDT</DateTime></Topic><Msg>Yahoo got approval for a $5 billion buyback last May after they completed their last $3 billion buyback. A $3 billion buyback Yahoo longs said would drive Yahoo over $20.</Msg><Username>dr.gloom</Username><Timestamp>1351103155283</Timestamp><DateTime>Wed, 2012-10-24 14:25:55 EDT</DateTime><ThumbUp>3</ThumbUp><ThumbDown>1</ThumbDown><Sentiment/></Message><Message type="ReplyMessage"><Id>1351103180720-142</Id><Topic><Title>ANNOUNCE THE BUYBACK ALREADY!!!!</Title><Username>joeym151</Username><Timestamp>1351099423237</Timestamp><DateTime>Wed, 2012-10-24 13:23:43 EDT</DateTime></Topic><Msg>We have momentum and they do nothing with it. We have been waiting for years since the Microsoft Mistake and are just looking for some of our money back.</Msg><Username>joeym151</Username><Timestamp>1351103180720</Timestamp><DateTime>Wed, 2012-10-24 14:26:20 EDT</DateTime><ThumbUp>1</ThumbUp><ThumbDown>0</ThumbDown><Sentiment>Strong Buy</Sentiment></Message><Message type="ReplyMessage"><Id>1351103591766-143</Id><Topic><Title>Actually only 25c proforma EPS</Title><Username>shortofaname_99</Username><Timestamp>1350937774134</Timestamp><DateTime>Mon, 2012-10-22 16:29:34 EDT</DateTime></Topic><Msg>I think you have it. What is current rate of return and expected rate of return in the interest of shareholders.</Msg><Username>randywms55</Username><Timestamp>1351103591766</Timestamp><DateTime>Wed, 2012-10-24 14:33:11 EDT</DateTime><ThumbUp>0</ThumbUp><ThumbDown>0</ThumbDown><Sentiment/></Message><Message type="TopicMessage"><Id>1351103719252-144</Id><Title>i am a buyer once it retreats</Title><Msg>feel sorry for ydays chasers</Msg><Username>magkandler</Username><Timestamp>1351103719252</Timestamp><DateTime>Wed, 2012-10-24 14:35:19 EDT</DateTime><ThumbUp>0</ThumbUp><ThumbDown>0</ThumbDown><Sentiment/></Message><Message type="ReplyMessage"><Id>1351103837659-145</Id><Topic><Title>ANNOUNCE THE BUYBACK ALREADY!!!!</Title><Username>joeym151</Username><Timestamp>1351099423237</Timestamp><DateTime>Wed, 2012-10-24 13:23:43 EDT</DateTime></Topic><Msg>Sorry Joey, but Yahoo Management and Board members have not yet made a decision. Last word was that the decision should be made by the 2nd quarter of 2012. Stay tuned!!</Msg><Username>fred.jackson55</Username><Timestamp>1351103837659</Timestamp><DateTime>Wed, 2012-10-24 14:37:17 EDT</DateTime><ThumbUp>0</ThumbUp><ThumbDown>0</ThumbDown><Sentiment/></Message><Message type="ReplyMessage"><Id>1351103849060-146</Id><Topic><Title>ANNOUNCE THE BUYBACK ALREADY!!!!</Title><Username>joeym151</Username><Timestamp>1351099423237</Timestamp><DateTime>Wed, 2012-10-24 13:23:43 EDT</DateTime></Topic><Msg>Yahoo has almost $10 BILLION in CASH!!!! Do something with it. It is not helping the market cap or stock price at this point so buy back some shares and make us all happy.</Msg><Username>joeym151</Username><Timestamp>1351103849060</Timestamp><DateTime>Wed, 2012-10-24 14:37:29 EDT</DateTime><ThumbUp>0</ThumbUp><ThumbDown>0</ThumbDown><Sentiment>Strong Buy</Sentiment></Message><Message type="ReplyMessage"><Id>1351103987746-147</Id><Topic><Title>i am a buyer once it retreats</Title><Username>magkandler</Username><Timestamp>1351103719252</Timestamp><DateTime>Wed, 2012-10-24 14:35:19 EDT</DateTime></Topic><Msg>minor consolidation today before next leg up. expect a closing high north of 17 by friday.</Msg><Username>swilson1289</Username><Timestamp>1351103987746</Timestamp><DateTime>Wed, 2012-10-24 14:39:47 EDT</DateTime><ThumbUp>0</ThumbUp><ThumbDown>0</ThumbDown><Sentiment/></Message><Message type="ReplyMessage"><Id>1351104095672-148</Id><Topic><Title>Short trap here, buybacks can start tomorrow</Title><Username>phillyflyer7</Username><Timestamp>1351097765546</Timestamp><DateTime>Wed, 2012-10-24 12:56:05 EDT</DateTime></Topic><Msg>You are sooooo right, Dr. Gloom!!! And did you notice that all the Pumpers here had NO response to your facts!! ALL the Pumpers said that Yahoo's 3 BILLION Buyback would take this over $20. Hells Bells,, we spend the hole time in the $15s!!!!!! If the Pumpers think the next $3 Billion gets you past the $16s, welll, I want what they're smokin'!!</Msg><Username>fred.jackson55</Username><Timestamp>1351104095672</Timestamp><DateTime>Wed, 2012-10-24 14:41:35 EDT</DateTime><ThumbUp>2</ThumbUp><ThumbDown>0</ThumbDown><Sentiment/></Message><Message type="ReplyMessage"><Id>1351104138851-149</Id><Topic><Title>ANNOUNCE THE BUYBACK ALREADY!!!!</Title><Username>joeym151</Username><Timestamp>1351099423237</Timestamp><DateTime>Wed, 2012-10-24 13:23:43 EDT</DateTime></Topic><Msg>Yahoo announced the buyback last May and the only announcement they can make is the one coming in January when they report how much they have bought.</Msg><Username>dr.gloom</Username><Timestamp>1351104138851</Timestamp><DateTime>Wed, 2012-10-24 14:42:18 EDT</DateTime><ThumbUp>0</ThumbUp><ThumbDown>0</ThumbDown><Sentiment/></Message><Message type="ReplyMessage"><Id>1351104147824-150</Id><Topic><Title>Check out the % Year Chart and COMPARE it to the NASDAQ !!!</Title><Username>michan59</Username><Timestamp>1351094045397</Timestamp><DateTime>Wed, 2012-10-24 11:54:05 EDT</DateTime></Topic><Msg>I did. You're right!</Msg><Username>fred.jackson55</Username><Timestamp>1351104147824</Timestamp><DateTime>Wed, 2012-10-24 14:42:27 EDT</DateTime><ThumbUp>1</ThumbUp><ThumbDown>0</ThumbDown><Sentiment/></Message><Message type="ReplyMessage"><Id>1351104258864-151</Id><Topic><Title>WHERE IS THE ALIBABA MONEY....</Title><Username>oohay11693</Username><Timestamp>1351048386489</Timestamp><DateTime>Tue, 2012-10-23 23:13:06 EDT</DateTime></Topic><Msg>Y'all been YANGED......AGAIN!!</Msg><Username>fred.jackson55</Username><Timestamp>1351104258864</Timestamp><DateTime>Wed, 2012-10-24 14:44:18 EDT</DateTime><ThumbUp>0</ThumbUp><ThumbDown>0</ThumbDown><Sentiment/></Message><Message type="ReplyMessage"><Id>1351104304894-152</Id><Topic><Title>A Whopping ONE (1) Day Bump and Back DOWN She Goes!! Does that Suprise Anyone?</Title><Username>lexi623</Username><Timestamp>1351093279746</Timestamp><DateTime>Wed, 2012-10-24 11:41:19 EDT</DateTime></Topic><Msg>Hey don't knock it.....It was the best spike we've had in about the last 8 years!!!</Msg><Username>fred.jackson55</Username><Timestamp>1351104304894</Timestamp><DateTime>Wed, 2012-10-24 14:45:04 EDT</DateTime><ThumbUp>1</ThumbUp><ThumbDown>2</ThumbDown><Sentiment/></Message><Message type="TopicMessage"><Id>1351104306390-153</Id><Title>Yahoo might be the best social network...</Title><Msg>News, finance, sports, search, email, videos, photo sharing, food and then finally social network, you could do everything just on this website, why would you need another website? Now let's watch to see how smart Mayer is in leading Yahoo to the real competitor of Google and Facebook. Maybe MSFT could jump in to buy Yahoo to save MSFT itself from falling. Or Apple is interested in becoming a real internet giant by acquiring Yahoo.</Msg><Username>yinvestor</Username><Timestamp>1351104306390</Timestamp><DateTime>Wed, 2012-10-24 14:45:06 EDT</DateTime><ThumbUp>2</ThumbUp><ThumbDown>0</ThumbDown><Sentiment>Strong Buy</Sentiment></Message><Message type="ReplyMessage"><Id>1351104679487-154</Id><Topic><Title>AAPL WILL NOT BUY YAHOO</Title><Username>longsazzareraw</Username><Timestamp>1351104608147</Timestamp><DateTime>Wed, 2012-10-24 14:50:08 EDT</DateTime></Topic><Msg>You sound scared, hotmodel.</Msg><Username>nanobot8042</Username><Timestamp>1351104679487</Timestamp><DateTime>Wed, 2012-10-24 14:51:19 EDT</DateTime><ThumbUp>1</ThumbUp><ThumbDown>0</ThumbDown><Sentiment/></Message><Message type="ReplyMessage"><Id>1351105299316-155</Id><Topic><Title>AAPL WILL NOT BUY YAHOO</Title><Username>longsazzareraw</Username><Timestamp>1351104608147</Timestamp><DateTime>Wed, 2012-10-24 14:50:08 EDT</DateTime></Topic><Msg>He is both scary and angry. But I promise you he would be more scary and angry when Yahoo reaches $26 in a year... He sounds exactly like hotmodel though. Who does he think he is? If he says AAPL WILL NOT BUY YAHOO, then Apple will not buy Yahoo? He is so funny thinking he is somebody! LOL</Msg><Username>yinvestor</Username><Timestamp>1351105299316</Timestamp><DateTime>Wed, 2012-10-24 15:01:39 EDT</DateTime><ThumbUp>1</ThumbUp><ThumbDown>0</ThumbDown><Sentiment/></Message><Message type="TopicMessage"><Id>1351105302747-156</Id><Title>POLL: How Many Trading Days until we Return to the $15s??</Title><Msg>Remember, only 2 trading days remain this week!!</Msg><Username>michan59</Username><Timestamp>1351105302747</Timestamp><DateTime>Wed, 2012-10-24 15:01:42 EDT</DateTime><ThumbUp>5</ThumbUp><ThumbDown>7</ThumbDown><Sentiment/></Message><Message type="ReplyMessage"><Id>1351105328809-157</Id><Topic><Title>Short trap here, buybacks can start tomorrow</Title><Username>phillyflyer7</Username><Timestamp>1351097765546</Timestamp><DateTime>Wed, 2012-10-24 12:56:05 EDT</DateTime></Topic><Msg>Jackson said to short Yahoo at $11, $12, $13, $14 and $15 when coldone told everyone to buy. No one cares what fred.jackson says.</Msg><Username>nanobot8042</Username><Timestamp>1351105328809</Timestamp><DateTime>Wed, 2012-10-24 15:02:08 EDT</DateTime><ThumbUp>0</ThumbUp><ThumbDown>1</ThumbDown><Sentiment/></Message><Message type="ReplyMessage"><Id>1351105655902-158</Id><Topic><Title>POLL: How Many Trading Days until we Return to the $15s??</Title><Username>michan59</Username><Timestamp>1351105302747</Timestamp><DateTime>Wed, 2012-10-24 15:01:42 EDT</DateTime></Topic><Msg>Based on today's action, I think we should back in the $15s by late next week! Enjoy!!</Msg><Username>pearlprue</Username><Timestamp>1351105655902</Timestamp><DateTime>Wed, 2012-10-24 15:07:35 EDT</DateTime><ThumbUp>3</ThumbUp><ThumbDown>6</ThumbDown><Sentiment/></Message><Message type="TopicMessage"><Id>1351105675901-159</Id><Title>Y Close G'RN Today!!!!!!!!!</Title><Msg>Uptick - (Don't underestimate Y-hoo)</Msg><Username>oldmaneddie81</Username><Timestamp>1351105675901</Timestamp><DateTime>Wed, 2012-10-24 15:07:55 EDT</DateTime><ThumbUp>0</ThumbUp><ThumbDown>5</ThumbDown><Sentiment/></Message><Message type="ReplyMessage"><Id>1351105714254-160</Id><Topic><Title>Y Close G'RN Today!!!!!!!!!</Title><Username>oldmaneddie81</Username><Timestamp>1351105675901</Timestamp><DateTime>Wed, 2012-10-24 15:07:55 EDT</DateTime></Topic><Msg>Did you put your Depends on yet today?</Msg><Username>pearlprue</Username><Timestamp>1351105714254</Timestamp><DateTime>Wed, 2012-10-24 15:08:34 EDT</DateTime><ThumbUp>1</ThumbUp><ThumbDown>4</ThumbDown><Sentiment/></Message><Message type="TopicMessage"><Id>1351105805428-161</Id><Title>Don't Underestimate Yahoo!!!!!!!!!</Title><Msg>Yahoo BUYBACK will Sting and make you Cry Really Hard!!!!!!!!!</Msg><Username>oldmaneddie81</Username><Timestamp>1351105805428</Timestamp><DateTime>Wed, 2012-10-24 15:10:05 EDT</DateTime><ThumbUp>0</ThumbUp><ThumbDown>1</ThumbDown><Sentiment/></Message><Message type="ReplyMessage"><Id>1351105853806-162</Id><Topic><Title>Advice to Yahoo bashers - Take a vacation, coldone's stomach hurts from laughing at you</Title><Username>theecoldone</Username><Timestamp>1351006156722</Timestamp><DateTime>Tue, 2012-10-23 11:29:16 EDT</DateTime></Topic><Msg>The old bashers are creating new IDs, but they can't hide their stupidity.</Msg><Username>bflathalfdim</Username><Timestamp>1351105853806</Timestamp><DateTime>Wed, 2012-10-24 15:10:53 EDT</DateTime><ThumbUp>1</ThumbUp><ThumbDown>5</ThumbDown><Sentiment/></Message><Message type="TopicMessage"><Id>1351106064783-163</Id><Title>Yahoo.......</Title><Msg>Will Close Grn Today!!!!!!!!!!</Msg><Username>oldmaneddie81</Username><Timestamp>1351106064783</Timestamp><DateTime>Wed, 2012-10-24 15:14:24 EDT</DateTime><ThumbUp>1</ThumbUp><ThumbDown>0</ThumbDown><Sentiment/></Message><Message type="TopicMessage"><Id>1351106179070-164</Id><Title>YAHOO OWN 23 Percent of Alibaba!!! Talk about Diversified!</Title><Msg>Is it to much for analysts on wall street to include this in their yahoo discussions. LMAO!</Msg><Username>oldmaneddie81</Username><Timestamp>1351106179070</Timestamp><DateTime>Wed, 2012-10-24 15:16:19 EDT</DateTime><ThumbUp>1</ThumbUp><ThumbDown>2</ThumbDown><Sentiment/></Message><Message type="ReplyMessage"><Id>1351106339204-165</Id><Topic><Title>POLL: How Many Trading Days until we Return to the $15s??</Title><Username>michan59</Username><Timestamp>1351105302747</Timestamp><DateTime>Wed, 2012-10-24 15:01:42 EDT</DateTime></Topic><Msg>That's as good a guess as any.</Msg><Username>dominikpounds</Username><Timestamp>1351106339204</Timestamp><DateTime>Wed, 2012-10-24 15:18:59 EDT</DateTime><ThumbUp>2</ThumbUp><ThumbDown>5</ThumbDown><Sentiment/></Message><Message type="TopicMessage"><Id>1351106358638-166</Id><Title>Yahoo's 35 percent stake in Yahoo Japan is worth 8 Billion at least</Title><Msg>Are we Clear? 8 billion + Alibaba 23 billion + Yahoo Core 10 Billion = 41 Billion - Close to MSFT offer</Msg><Username>oldmaneddie81</Username><Timestamp>1351106358638</Timestamp><DateTime>Wed, 2012-10-24 15:19:18 EDT</DateTime><ThumbUp>1</ThumbUp><ThumbDown>3</ThumbDown><Sentiment/></Message><Message type="ReplyMessage"><Id>1351106516311-167</Id><Topic><Title>Yahoo's 35 percent stake in Yahoo Japan is worth 8 Billion at least</Title><Username>oldmaneddie81</Username><Timestamp>1351106358638</Timestamp><DateTime>Wed, 2012-10-24 15:19:18 EDT</DateTime></Topic><Msg>Apparently you learned your math at a one room country school. Did your math teacher have teeth?</Msg><Username>dominikpounds</Username><Timestamp>1351106516311</Timestamp><DateTime>Wed, 2012-10-24 15:21:56 EDT</DateTime><ThumbUp>1</ThumbUp><ThumbDown>1</ThumbDown><Sentiment/></Message><Message type="TopicMessage"><Id>1351106522786-168</Id><Title>Yahoo Japan is an $8,000,000,000 diversified asset for YHOO.</Title><Msg>BIG MONEY</Msg><Username>oldmaneddie81</Username><Timestamp>1351106522786</Timestamp><DateTime>Wed, 2012-10-24 15:22:02 EDT</DateTime><ThumbUp>0</ThumbUp><ThumbDown>0</ThumbDown><Sentiment/></Message><Message type="ReplyMessage"><Id>1351106581232-169</Id><Topic><Title>Susquehanna Financial Upgrades Yahoo to Postive, Raises Price Target to $20</Title><Username>thetoadtimes</Username><Timestamp>1351087642544</Timestamp><DateTime>Wed, 2012-10-24 10:07:22 EDT</DateTime></Topic><Msg>yep, a new hotmodel ID for sure. hotmodel is a fool and everyone knows it. She has to change her ID but she is too stupid to do it undetected.</Msg><Username>bflathalfdim</Username><Timestamp>1351106581232</Timestamp><DateTime>Wed, 2012-10-24 15:23:01 EDT</DateTime><ThumbUp>1</ThumbUp><ThumbDown>1</ThumbDown><Sentiment/></Message><Message type="TopicMessage"><Id>1351106609503-170</Id><Title>Aliababa China is an $23,000,000,000 diversified asset for YHOO - PRE IPO PRICE -</Title><Msg>BIG MONEY</Msg><Username>oldmaneddie81</Username><Timestamp>1351106609503</Timestamp><DateTime>Wed, 2012-10-24 15:23:29 EDT</DateTime><ThumbUp>0</ThumbUp><ThumbDown>0</ThumbDown><Sentiment/></Message><Message type="ReplyMessage"><Id>1351106690926-171</Id><Topic><Title>YAHOO OWN 23 Percent of Alibaba!!! Talk about Diversified!</Title><Username>oldmaneddie81</Username><Timestamp>1351106179070</Timestamp><DateTime>Wed, 2012-10-24 15:16:19 EDT</DateTime></Topic><Msg>In fact, it is the exact OPPOSITE of being Diversified. Did you take your Alzheimers pill yet today?</Msg><Username>dominikpounds</Username><Timestamp>1351106690926</Timestamp><DateTime>Wed, 2012-10-24 15:24:50 EDT</DateTime><ThumbUp>0</ThumbUp><ThumbDown>0</ThumbDown><Sentiment/></Message><Message type="TopicMessage"><Id>1351106768492-172</Id><Title>Yahoo Core 710 Million Users is 10,000,000,000 business for YHOO -includes 5 Bil Cash and 5 Bil Assets</Title><Msg>BIG MONEY</Msg><Username>oldmaneddie81</Username><Timestamp>1351106768492</Timestamp><DateTime>Wed, 2012-10-24 15:26:08 EDT</DateTime><ThumbUp>0</ThumbUp><ThumbDown>0</ThumbDown><Sentiment/></Message><Message type="ReplyMessage"><Id>1351106874866-173</Id><Topic><Title>Susquehanna Financial Upgrades Yahoo to Postive, Raises Price Target to $20</Title><Username>thetoadtimes</Username><Timestamp>1351087642544</Timestamp><DateTime>Wed, 2012-10-24 10:07:22 EDT</DateTime></Topic><Msg>More upgrades will follow.</Msg><Username>smedleypuddles</Username><Timestamp>1351106874866</Timestamp><DateTime>Wed, 2012-10-24 15:27:54 EDT</DateTime><ThumbUp>1</ThumbUp><ThumbDown>1</ThumbDown><Sentiment/></Message><Message type="TopicMessage"><Id>1351106937464-174</Id><Title>owning yahoo stock is like owning a highly diversified gloabl hedge fund with assets in china, japan &amp; U.S.</Title><Msg>BIG MONEY and a Successsful &amp; Beatiful Hedgefund Manager!!! - Three Very Hot markets!!!!!!</Msg><Username>oldmaneddie81</Username><Timestamp>1351106937464</Timestamp><DateTime>Wed, 2012-10-24 15:28:57 EDT</DateTime><ThumbUp>1</ThumbUp><ThumbDown>1</ThumbDown><Sentiment/></Message><Message type="TopicMessage"><Id>1351107063829-175</Id><Title>Yahoo Shorts get a tight mouse cord around their neck</Title><Msg>yesterday,and by the close today...</Msg><Username>oldmaneddie81</Username><Timestamp>1351107063829</Timestamp><DateTime>Wed, 2012-10-24 15:31:03 EDT</DateTime><ThumbUp>0</ThumbUp><ThumbDown>2</ThumbDown><Sentiment/></Message><Message type="TopicMessage"><Id>1351107265316-176</Id><Title>yahoo close green today....41,000,000.000 BILLON IN GLOBAL DIVERSIFIED ASSESTS</Title><Msg>Wall street bean counter is broken. just look at all the crisis going on. do the math people. Don't sell your shares for discount. Load up the truck. 26 dollars is on its way</Msg><Username>oldmaneddie81</Username><Timestamp>1351107265316</Timestamp><DateTime>Wed, 2012-10-24 15:34:25 EDT</DateTime><ThumbUp>0</ThumbUp><ThumbDown>0</ThumbDown><Sentiment/></Message><Message type="TopicMessage"><Id>1351107433339-177</Id><Title>Microspoft could count (good bean counters in seatle) very well.</Title><Msg>wall street is in contstant crisis money blowing up all over the place.. wall street was the ones who got in housing prior to 2008 and you see how they f-'d- that up. Don't listen to WS analysts on Yhoo. Yahoo is worth 41 billion flat liner!!!! Thats More than Double!</Msg><Username>oldmaneddie81</Username><Timestamp>1351107433339</Timestamp><DateTime>Wed, 2012-10-24 15:37:13 EDT</DateTime><ThumbUp>0</ThumbUp><ThumbDown>1</ThumbDown><Sentiment/></Message><Message type="TopicMessage"><Id>1351107520933-178</Id><Title>Yahoo Closing Grn.. All Tech riding Apple BIG Wake tomoroow</Title><Msg>IT's GONNA BE A LOT OF FUN!!!!!!!!!!!</Msg><Username>oldmaneddie81</Username><Timestamp>1351107520933</Timestamp><DateTime>Wed, 2012-10-24 15:38:40 EDT</DateTime><ThumbUp>0</ThumbUp><ThumbDown>1</ThumbDown><Sentiment/></Message><Message type="TopicMessage"><Id>1351107580347-179</Id><Title>BUY NOW.. APPLE EARNINGS ON TAP THURSDAY.</Title><Msg>They will crush and rise the tide for tech !!!!!!!!</Msg><Username>oldmaneddie81</Username><Timestamp>1351107580347</Timestamp><DateTime>Wed, 2012-10-24 15:39:40 EDT</DateTime><ThumbUp>0</ThumbUp><ThumbDown>0</ThumbDown><Sentiment/></Message><Message type="TopicMessage"><Id>1351107843064-180</Id><Title>Marrissa Mayer is the Prettiest Gal you'ver ever seen with a Brain.</Title><Msg>BIG MONEY!</Msg><Username>oldmaneddie81</Username><Timestamp>1351107843064</Timestamp><DateTime>Wed, 2012-10-24 15:44:03 EDT</DateTime><ThumbUp>1</ThumbUp><ThumbDown>3</ThumbDown><Sentiment/></Message><Message type="TopicMessage"><Id>1351108045351-181</Id><Title>(Truly) Make Delighting Users Agenda #1</Title><Msg>MM's MESSAGE</Msg><Username>oldmaneddie81</Username><Timestamp>1351108045351</Timestamp><DateTime>Wed, 2012-10-24 15:47:25 EDT</DateTime><ThumbUp>2</ThumbUp><ThumbDown>0</ThumbDown><Sentiment/></Message><Message type="TopicMessage"><Id>1351108072305-182</Id><Title>2. Focusing -- and Building on -- Strengths</Title><Msg>MM's Message</Msg><Username>oldmaneddie81</Username><Timestamp>1351108072305</Timestamp><DateTime>Wed, 2012-10-24 15:47:52 EDT</DateTime><ThumbUp>2</ThumbUp><ThumbDown>1</ThumbDown><Sentiment/></Message><Message type="ReplyMessage"><Id>1351108106176-183</Id><Topic><Title>Marrissa Mayer is the Prettiest Gal you'ver ever seen with a Brain.</Title><Username>oldmaneddie81</Username><Timestamp>1351107843064</Timestamp><DateTime>Wed, 2012-10-24 15:44:03 EDT</DateTime></Topic><Msg>This old Mysogonist doesn't believe most women have a brain!! And to hear it from a Cranky, Depend wearing, Alzheimer suffering, Bigot makes it all the more laughable!</Msg><Username>dominikpounds</Username><Timestamp>1351108106176</Timestamp><DateTime>Wed, 2012-10-24 15:48:26 EDT</DateTime><ThumbUp>1</ThumbUp><ThumbDown>3</ThumbDown><Sentiment/></Message><Message type="ReplyMessage"><Id>1351108215511-184</Id><Topic><Title>Yahoo Shorts get a tight mouse cord around their neck</Title><Username>oldmaneddie81</Username><Timestamp>1351107063829</Timestamp><DateTime>Wed, 2012-10-24 15:31:03 EDT</DateTime></Topic><Msg>They're making a killing, you silly Sheit for brains!</Msg><Username>dominikpounds</Username><Timestamp>1351108215511</Timestamp><DateTime>Wed, 2012-10-24 15:50:15 EDT</DateTime><ThumbUp>0</ThumbUp><ThumbDown>1</ThumbDown><Sentiment/></Message><Message type="ReplyMessage"><Id>1351108305904-185</Id><Topic><Title>POLL: How Many Trading Days until we Return to the $15s??</Title><Username>michan59</Username><Timestamp>1351105302747</Timestamp><DateTime>Wed, 2012-10-24 15:01:42 EDT</DateTime></Topic><Msg>Could possibly happen yet this week!!!</Msg><Username>pearlprue</Username><Timestamp>1351108305904</Timestamp><DateTime>Wed, 2012-10-24 15:51:45 EDT</DateTime><ThumbUp>0</ThumbUp><ThumbDown>5</ThumbDown><Sentiment/></Message><Message type="ReplyMessage"><Id>1351108362396-186</Id><Topic><Title>2. Focusing -- and Building on -- Strengths</Title><Username>oldmaneddie81</Username><Timestamp>1351108072305</Timestamp><DateTime>Wed, 2012-10-24 15:47:52 EDT</DateTime></Topic><Msg>M&amp;M is a candy shiet for brains.</Msg><Username>pearlprue</Username><Timestamp>1351108362396</Timestamp><DateTime>Wed, 2012-10-24 15:52:42 EDT</DateTime><ThumbUp>0</ThumbUp><ThumbDown>2</ThumbDown><Sentiment/></Message><Message type="TopicMessage"><Id>1351108373969-187</Id><Title>Yahoo is Sooo Undervalued. BUY BACK IS COMING!!!!!!!!</Title><Msg>BIG MONEY.. ROMNEY RYHMES WITH MONEY.</Msg><Username>oldmaneddie81</Username><Timestamp>1351108373969</Timestamp><DateTime>Wed, 2012-10-24 15:52:53 EDT</DateTime><ThumbUp>0</ThumbUp><ThumbDown>4</ThumbDown><Sentiment/></Message><Message type="TopicMessage"><Id>1351108465283-188</Id><Title>MM Built Google.. Just look at their most recent quarter w/o MM</Title><Msg>Their Done... Yahoo is SOOOOOOOOO LUCK to Have her!!!!!!!</Msg><Username>oldmaneddie81</Username><Timestamp>1351108465283</Timestamp><DateTime>Wed, 2012-10-24 15:54:25 EDT</DateTime><ThumbUp>1</ThumbUp><ThumbDown>0</ThumbDown><Sentiment/></Message><Message type="TopicMessage"><Id>1351108517273-189</Id><Title>Yahoo Close Green today</Title><Msg>Jump IN. Apple tomorrow everybody WINS!</Msg><Username>oldmaneddie81</Username><Timestamp>1351108517273</Timestamp><DateTime>Wed, 2012-10-24 15:55:17 EDT</DateTime><ThumbUp>1</ThumbUp><ThumbDown>2</ThumbDown><Sentiment/></Message><Message type="ReplyMessage"><Id>1351108517687-190</Id><Topic><Title>Yahoo is Sooo Undervalued. BUY BACK IS COMING!!!!!!!!</Title><Username>oldmaneddie81</Username><Timestamp>1351108373969</Timestamp><DateTime>Wed, 2012-10-24 15:52:53 EDT</DateTime></Topic><Msg>it doesn't rhyme, Fathead.</Msg><Username>pearlprue</Username><Timestamp>1351108517687</Timestamp><DateTime>Wed, 2012-10-24 15:55:17 EDT</DateTime><ThumbUp>1</ThumbUp><ThumbDown>3</ThumbDown><Sentiment/></Message><Message type="TopicMessage"><Id>1351108562837-191</Id><Title>Green = Yahoo Close today</Title><Msg>OPP A KNOCKING</Msg><Username>oldmaneddie81</Username><Timestamp>1351108562837</Timestamp><DateTime>Wed, 2012-10-24 15:56:02 EDT</DateTime><ThumbUp>1</ThumbUp><ThumbDown>1</ThumbDown><Sentiment/></Message><Message type="TopicMessage"><Id>1351108735195-192</Id><Title>Dont leave the old man at the bus top.. Yahoo Close Grn today</Title><Msg>BIG MOMNEY</Msg><Username>oldmaneddie81</Username><Timestamp>1351108735195</Timestamp><DateTime>Wed, 2012-10-24 15:58:55 EDT</DateTime><ThumbUp>1</ThumbUp><ThumbDown>3</ThumbDown><Sentiment/></Message><Message type="ReplyMessage"><Id>1351110218372-193</Id><Topic><Title>Susquehanna Financial Upgrades Yahoo to Postive, Raises Price Target to $20</Title><Username>thetoadtimes</Username><Timestamp>1351087642544</Timestamp><DateTime>Wed, 2012-10-24 10:07:22 EDT</DateTime></Topic><Msg>Yahoo will</Msg><Username>thurstonthethird</Username><Timestamp>1351110218372</Timestamp><DateTime>Wed, 2012-10-24 16:23:38 EDT</DateTime><ThumbUp>1</ThumbUp><ThumbDown>3</ThumbDown><Sentiment/></Message><Message type="ReplyMessage"><Id>1351113774066-194</Id><Topic><Title>Susquehanna Financial Upgrades Yahoo to Postive, Raises Price Target to $20</Title><Username>thetoadtimes</Username><Timestamp>1351087642544</Timestamp><DateTime>Wed, 2012-10-24 10:07:22 EDT</DateTime></Topic><Msg>$20 is conservative.</Msg><Username>yinvestor</Username><Timestamp>1351113774066</Timestamp><DateTime>Wed, 2012-10-24 17:22:54 EDT</DateTime><ThumbUp>2</ThumbUp><ThumbDown>1</ThumbDown><Sentiment/></Message><Message type="ReplyMessage"><Id>1351120053264-195</Id><Topic><Title>Susquehanna Financial Upgrades Yahoo to Postive, Raises Price Target to $20</Title><Username>thetoadtimes</Username><Timestamp>1351087642544</Timestamp><DateTime>Wed, 2012-10-24 10:07:22 EDT</DateTime></Topic><Msg>You sound like lexi or hotmodel.</Msg><Username>tetheredbird</Username><Timestamp>1351120053264</Timestamp><DateTime>Wed, 2012-10-24 19:07:33 EDT</DateTime><ThumbUp>0</ThumbUp><ThumbDown>1</ThumbDown><Sentiment/></Message><Message type="ReplyMessage"><Id>1351133116182-196</Id><Topic><Title>TO ALL IT MAY CONCERN</Title><Username>longsazzareraw</Username><Timestamp>1351107046272</Timestamp><DateTime>Wed, 2012-10-24 15:30:46 EDT</DateTime></Topic><Msg>Seems like you love to be with losers.</Msg><Username>fjc35</Username><Timestamp>1351133116182</Timestamp><DateTime>Wed, 2012-10-24 22:45:16 EDT</DateTime><ThumbUp>0</ThumbUp><ThumbDown>2</ThumbDown><Sentiment/></Message><Message type="ReplyMessage"><Id>1351134875420-197</Id><Topic><Title>omg! Insider Coming to TV</Title><Username>smedleypuddles</Username><Timestamp>1351010631780</Timestamp><DateTime>Tue, 2012-10-23 12:43:51 EDT</DateTime></Topic><Msg>This is a big move.</Msg><Username>neo1278alpha</Username><Timestamp>1351134875420</Timestamp><DateTime>Wed, 2012-10-24 23:14:35 EDT</DateTime><ThumbUp>2</ThumbUp><ThumbDown>0</ThumbDown><Sentiment/></Message><Message type="TopicMessage"><Id>1351136431653-198</Id><Title>Volume dropped from 71M to 25M after the pump</Title><Msg>Gonna do some Back N Fill towards $15.77 Hope it wont take more than one month like watching paint dry.</Msg><Username>brkout_volume_surge</Username><Timestamp>1351136431653</Timestamp><DateTime>Wed, 2012-10-24 23:40:31 EDT</DateTime><ThumbUp>1</ThumbUp><ThumbDown>2</ThumbDown><Sentiment/></Message><Message type="ReplyMessage"><Id>1351136971306-199</Id><Topic><Title>omg! Insider Coming to TV</Title><Username>smedleypuddles</Username><Timestamp>1351010631780</Timestamp><DateTime>Tue, 2012-10-23 12:43:51 EDT</DateTime></Topic><Msg>Yahoo already doing well with Yahoo Connected TV. Available on 70 TV models</Msg><Username>iggysweet28</Username><Timestamp>1351136971306</Timestamp><DateTime>Wed, 2012-10-24 23:49:31 EDT</DateTime><ThumbUp>0</ThumbUp><ThumbDown>0</ThumbDown><Sentiment/></Message><Message type="ReplyMessage"><Id>1351137148540-200</Id><Topic><Title>Advice to Yahoo bashers - Take a vacation, coldone's stomach hurts from laughing at you</Title><Username>theecoldone</Username><Timestamp>1351006156722</Timestamp><DateTime>Tue, 2012-10-23 11:29:16 EDT</DateTime></Topic><Msg>They will give up.</Msg><Username>smedleypuddles</Username><Timestamp>1351137148540</Timestamp><DateTime>Wed, 2012-10-24 23:52:28 EDT</DateTime><ThumbUp>1</ThumbUp><ThumbDown>2</ThumbDown><Sentiment/></Message><Message type="ReplyMessage"><Id>1351137317278-201</Id><Topic><Title>What did you say when coldone told you to buy at $11, $12, $13 and $14, hotmodel?</Title><Username>nanobot8042</Username><Timestamp>1348080744585</Timestamp><DateTime>Wed, 2012-09-19 14:52:24 EDT</DateTime></Topic><Msg>Yahoo shorts have nothing left but their bad investments.</Msg><Username>smedleypuddles</Username><Timestamp>1351137317278</Timestamp><DateTime>Wed, 2012-10-24 23:55:17 EDT</DateTime><ThumbUp>2</ThumbUp><ThumbDown>0</ThumbDown><Sentiment/></Message></Date>