<?xml version="1.0" encoding="UTF-8" standalone="no"?><Date date="2012-11-05"><Message type="ReplyMessage"><Id>1352095279465-1</Id><Topic><Title>What is Marissa Mayer's Top Secret Pet Project at Yahoo?</Title><Username>thetoadtimes</Username><Timestamp>1348114590837</Timestamp><DateTime>Thu, 2012-09-20 00:16:30 EDT</DateTime></Topic><Msg>i phones for stockholders &amp; no cash or buy back! instead- she will have a 1 month auction on all of her free shares along with all the free shares the employees have that she brought to yahoo.</Msg><Username>matsky5</Username><Timestamp>1352095279465</Timestamp><DateTime>Mon, 2012-11-05 01:01:19 EST</DateTime><ThumbUp>0</ThumbUp><ThumbDown>1</ThumbDown><Sentiment/></Message><Message type="ReplyMessage"><Id>1352100187233-2</Id><Topic><Title>Does anybody think then Yahoo will be bought out?</Title><Username>freenextel</Username><Timestamp>1351979297474</Timestamp><DateTime>Sat, 2012-11-03 17:48:17 EDT</DateTime></Topic><Msg>Yes, I think so. Look at the chart, something is cooking.....!!!!</Msg><Username>zissi022000</Username><Timestamp>1352100187233</Timestamp><DateTime>Mon, 2012-11-05 02:23:07 EST</DateTime><ThumbUp>0</ThumbUp><ThumbDown>2</ThumbDown><Sentiment>Strong Buy</Sentiment></Message><Message type="ReplyMessage"><Id>1352109425832-3</Id><Topic><Title>Does anybody think then Yahoo will be bought out?</Title><Username>freenextel</Username><Timestamp>1351979297474</Timestamp><DateTime>Sat, 2012-11-03 17:48:17 EDT</DateTime></Topic><Msg>Yahoo at premarket up again, someting is cooking!!!!</Msg><Username>zissi022000</Username><Timestamp>1352109425832</Timestamp><DateTime>Mon, 2012-11-05 04:57:05 EST</DateTime><ThumbUp>0</ThumbUp><ThumbDown>2</ThumbDown><Sentiment>Strong Buy</Sentiment></Message><Message type="ReplyMessage"><Id>1352115708975-4</Id><Topic><Title>Do u know Yahoo has $3bill in debd</Title><Username>fatos.seseri</Username><Timestamp>1352082929156</Timestamp><DateTime>Sun, 2012-11-04 21:35:29 EST</DateTime></Topic><Msg>#$%$</Msg><Username>runnx3344</Username><Timestamp>1352115708975</Timestamp><DateTime>Mon, 2012-11-05 06:41:48 EST</DateTime><ThumbUp>0</ThumbUp><ThumbDown>2</ThumbDown><Sentiment/></Message><Message type="ReplyMessage"><Id>1352116157380-5</Id><Topic><Title>Short YHOO @ the range $17 while you can</Title><Username>teaandtea</Username><Timestamp>1352079205537</Timestamp><DateTime>Sun, 2012-11-04 20:33:25 EST</DateTime></Topic><Msg>Oh tea tea and tea...I think you can make 15 to 25 cents on the short side, but if I were you, I would get the silver platter out of the cabinet, your going to need it when your head gets handed back to you. I do not trust YHOO or the market in general any more than you do, but YHOO has a different vibe around it right now, and I think it is headed fairly straight up toward the mid 18's.</Msg><Username>goldeagle14</Username><Timestamp>1352116157380</Timestamp><DateTime>Mon, 2012-11-05 06:49:17 EST</DateTime><ThumbUp>3</ThumbUp><ThumbDown>1</ThumbDown><Sentiment>Strong Buy</Sentiment></Message><Message type="ReplyMessage"><Id>1352116936474-6</Id><Topic><Title>Do u know Yahoo has $3bill in debd</Title><Username>fatos.seseri</Username><Timestamp>1352082929156</Timestamp><DateTime>Sun, 2012-11-04 21:35:29 EST</DateTime></Topic><Msg>I can agree YHOO is ready to explode...TO THE UPSIDE! Fatso is the same tout who was screaming sell AAPL and buy RIMM last Oct when RIMM was 20 and AAPL was 300, now RIMM is 8 and APPL over 600. This is the guy we all want to pay attention to and then just do the exact opposite. You will make mone every time!</Msg><Username>goldeagle14</Username><Timestamp>1352116936474</Timestamp><DateTime>Mon, 2012-11-05 07:02:16 EST</DateTime><ThumbUp>6</ThumbUp><ThumbDown>2</ThumbDown><Sentiment>Strong Buy</Sentiment></Message><Message type="ReplyMessage"><Id>1352122753285-7</Id><Topic><Title>How can anyone deal with the yhoo mainpage anymore?</Title><Username>sqeekyclean38</Username><Timestamp>1351696436356</Timestamp><DateTime>Wed, 2012-10-31 11:13:56 EDT</DateTime></Topic><Msg>i think your wrong.. im not looking for cars and were speaking of the annoying netflix etc.. its such a turnoff. mainpage is now tabloid . and oh my god what will they do if they cant tell you the election is important everyday. its sad. Been very loyal to this company and to see how its changed is depressing. finance site is just a complete joke.</Msg><Username>onespyldpinkushn</Username><Timestamp>1352122753285</Timestamp><DateTime>Mon, 2012-11-05 08:39:13 EST</DateTime><ThumbUp>0</ThumbUp><ThumbDown>1</ThumbDown><Sentiment/></Message><Message type="TopicMessage"><Id>1352126032327-8</Id><Title>Held 17 on first test like a champ . . .</Title><Msg>Consolidating for a run to $20 in my opinion ....</Msg><Username>luther100010</Username><Timestamp>1352126032327</Timestamp><DateTime>Mon, 2012-11-05 09:33:52 EST</DateTime><ThumbUp>2</ThumbUp><ThumbDown>1</ThumbDown><Sentiment/></Message><Message type="TopicMessage"><Id>1352126793906-9</Id><Title>YHOO stalled. Will start to drop as of today</Title><Msg>Cannot go higher anymore. It will drop fast in moments. I got out.</Msg><Username>phd44m</Username><Timestamp>1352126793906</Timestamp><DateTime>Mon, 2012-11-05 09:46:33 EST</DateTime><ThumbUp>0</ThumbUp><ThumbDown>1</ThumbDown><Sentiment/></Message><Message type="TopicMessage"><Id>1352126825776-10</Id><Title>yahoo hates canada</Title><Msg>No access to message boards if you arrive via yahoo.ca. And now any Toronto listed stock (.to) has had its message board deleted. Thanks for the continually deteriorating service, yahoo.</Msg><Username>acro105</Username><Timestamp>1352126825776</Timestamp><DateTime>Mon, 2012-11-05 09:47:05 EST</DateTime><ThumbUp>0</ThumbUp><ThumbDown>0</ThumbDown><Sentiment/></Message><Message type="ReplyMessage"><Id>1352127581095-11</Id><Topic><Title>YHOO stalled. Will start to drop as of today</Title><Username>phd44m</Username><Timestamp>1352126793906</Timestamp><DateTime>Mon, 2012-11-05 09:46:33 EST</DateTime></Topic><Msg>I see accumulation going on.</Msg><Username>caixujin</Username><Timestamp>1352127581095</Timestamp><DateTime>Mon, 2012-11-05 09:59:41 EST</DateTime><ThumbUp>2</ThumbUp><ThumbDown>1</ThumbDown><Sentiment/></Message><Message type="TopicMessage"><Id>1352128553739-12</Id><Title>Yahoo Dividend</Title><Msg>Can someone tell me when Yahoo is going to pay a dividend from the Alibaba sales ($3.1B supposed to be paid to shareholders?)</Msg><Username>targetacq</Username><Timestamp>1352128553739</Timestamp><DateTime>Mon, 2012-11-05 10:15:53 EST</DateTime><ThumbUp>1</ThumbUp><ThumbDown>2</ThumbDown><Sentiment>Buy</Sentiment></Message><Message type="ReplyMessage"><Id>1352128971294-13</Id><Topic><Title>Does anybody think then Yahoo will be bought out?</Title><Username>freenextel</Username><Timestamp>1351979297474</Timestamp><DateTime>Sat, 2012-11-03 17:48:17 EDT</DateTime></Topic><Msg>as much as anyone i would love to see it bought out and have a nice gain in just a couple months,,,but it aint happening,,,no reason cause i m not smart enough to conjure one up,,but i know i m not that lucky at investing. lets just hope they blow away the numbers the next couple quarters and get us to 20 and be exxxxtremely happy. good luck to all</Msg><Username>toni19601</Username><Timestamp>1352128971294</Timestamp><DateTime>Mon, 2012-11-05 10:22:51 EST</DateTime><ThumbUp>0</ThumbUp><ThumbDown>1</ThumbDown><Sentiment>Strong Buy</Sentiment></Message><Message type="ReplyMessage"><Id>1352130222109-14</Id><Topic><Title>$17 in November...</Title><Username>theecoldone</Username><Timestamp>1351640573832</Timestamp><DateTime>Tue, 2012-10-30 19:42:53 EDT</DateTime></Topic><Msg>Yahoo shorts have lost!</Msg><Username>ashton10shyof</Username><Timestamp>1352130222109</Timestamp><DateTime>Mon, 2012-11-05 10:43:42 EST</DateTime><ThumbUp>1</ThumbUp><ThumbDown>0</ThumbDown><Sentiment/></Message><Message type="ReplyMessage"><Id>1352130249111-15</Id><Topic><Title>Buy Yahoo under $17 while you can...</Title><Username>theecoldone</Username><Timestamp>1351693573502</Timestamp><DateTime>Wed, 2012-10-31 10:26:13 EDT</DateTime></Topic><Msg>More great advice from coldone.</Msg><Username>ashton10shyof</Username><Timestamp>1352130249111</Timestamp><DateTime>Mon, 2012-11-05 10:44:09 EST</DateTime><ThumbUp>0</ThumbUp><ThumbDown>1</ThumbDown><Sentiment/></Message><Message type="ReplyMessage"><Id>1352130325951-16</Id><Topic><Title>Do u know Yahoo has $3bill in debd</Title><Username>fatos.seseri</Username><Timestamp>1352082929156</Timestamp><DateTime>Sun, 2012-11-04 21:35:29 EST</DateTime></Topic><Msg>I trust posts from folks who can't spell det correctly.</Msg><Username>cellorder1</Username><Timestamp>1352130325951</Timestamp><DateTime>Mon, 2012-11-05 10:45:25 EST</DateTime><ThumbUp>2</ThumbUp><ThumbDown>2</ThumbDown><Sentiment/></Message><Message type="TopicMessage"><Id>1352130523401-17</Id><Title>I must repeat it..</Title><Msg>..triple top breakout last week!!! The chart is mostly right!!This is a very strong buy..!!</Msg><Username>zissi022000</Username><Timestamp>1352130523401</Timestamp><DateTime>Mon, 2012-11-05 10:48:43 EST</DateTime><ThumbUp>2</ThumbUp><ThumbDown>1</ThumbDown><Sentiment>Strong Buy</Sentiment></Message><Message type="ReplyMessage"><Id>1352130600704-18</Id><Topic><Title>Do u know Yahoo has $3bill in debd</Title><Username>fatos.seseri</Username><Timestamp>1352082929156</Timestamp><DateTime>Sun, 2012-11-04 21:35:29 EST</DateTime></Topic><Msg>No you're wrong!! they have $10 B in Cash !!</Msg><Username>leestoller</Username><Timestamp>1352130600704</Timestamp><DateTime>Mon, 2012-11-05 10:50:00 EST</DateTime><ThumbUp>2</ThumbUp><ThumbDown>1</ThumbDown><Sentiment>Strong Buy</Sentiment></Message><Message type="ReplyMessage"><Id>1352130632262-19</Id><Topic><Title>All Major Averages Are Red, Yahoo at 52 Week High</Title><Username>theecoldone</Username><Timestamp>1352128048270</Timestamp><DateTime>Mon, 2012-11-05 10:07:28 EST</DateTime></Topic><Msg>Yahoo is going to $30.</Msg><Username>brex742</Username><Timestamp>1352130632262</Timestamp><DateTime>Mon, 2012-11-05 10:50:32 EST</DateTime><ThumbUp>2</ThumbUp><ThumbDown>0</ThumbDown><Sentiment/></Message><Message type="TopicMessage"><Id>1352131230243-20</Id><Title>Explain how the buy back works??</Title><Msg>I dont understand how buying 3 billion dollars worth of stock doesnt bump the stock price dollars and not cents with extreme volume. Can someone explain?</Msg><Username>lip2525</Username><Timestamp>1352131230243</Timestamp><DateTime>Mon, 2012-11-05 11:00:30 EST</DateTime><ThumbUp>1</ThumbUp><ThumbDown>4</ThumbDown><Sentiment/></Message><Message type="TopicMessage"><Id>1352131553353-21</Id><Title>Wooooowwwww...$$$$$$$$</Title><Msg>it starts...!!</Msg><Username>zissi022000</Username><Timestamp>1352131553353</Timestamp><DateTime>Mon, 2012-11-05 11:05:53 EST</DateTime><ThumbUp>2</ThumbUp><ThumbDown>1</ThumbDown><Sentiment>Strong Buy</Sentiment></Message><Message type="TopicMessage"><Id>1352132012861-22</Id><Title>First Yahoo, than..</Title><Msg>Bank of America and after it US Steel. That´s the way to make money in an economic uptrend..!!</Msg><Username>zissi022000</Username><Timestamp>1352132012861</Timestamp><DateTime>Mon, 2012-11-05 11:13:32 EST</DateTime><ThumbUp>0</ThumbUp><ThumbDown>0</ThumbDown><Sentiment>Strong Buy</Sentiment></Message><Message type="ReplyMessage"><Id>1352132469109-23</Id><Topic><Title>Explain how the buy back works??</Title><Username>lip2525</Username><Timestamp>1352131230243</Timestamp><DateTime>Mon, 2012-11-05 11:00:30 EST</DateTime></Topic><Msg>You should have bought at $11, $12, $13, $14, $15 and $16 when coldone told you to, hotmodel. Now stop talking to yourself and do what coldone tells you to do.</Msg><Username>remmy12554</Username><Timestamp>1352132469109</Timestamp><DateTime>Mon, 2012-11-05 11:21:09 EST</DateTime><ThumbUp>2</ThumbUp><ThumbDown>0</ThumbDown><Sentiment/></Message><Message type="ReplyMessage"><Id>1352132697145-24</Id><Topic><Title>Explain how the buy back works??</Title><Username>lip2525</Username><Timestamp>1352131230243</Timestamp><DateTime>Mon, 2012-11-05 11:00:30 EST</DateTime></Topic><Msg>more of a psychological warfare effect to raise share price rather than the actual purchasing</Msg><Username>d186282mps</Username><Timestamp>1352132697145</Timestamp><DateTime>Mon, 2012-11-05 11:24:57 EST</DateTime><ThumbUp>0</ThumbUp><ThumbDown>2</ThumbDown><Sentiment/></Message><Message type="ReplyMessage"><Id>1352132732959-25</Id><Topic><Title>Explain how the buy back works??</Title><Username>lip2525</Username><Timestamp>1352131230243</Timestamp><DateTime>Mon, 2012-11-05 11:00:30 EST</DateTime></Topic><Msg>hotmodel got burnt by coldone.</Msg><Username>tetheredbird</Username><Timestamp>1352132732959</Timestamp><DateTime>Mon, 2012-11-05 11:25:32 EST</DateTime><ThumbUp>1</ThumbUp><ThumbDown>1</ThumbDown><Sentiment/></Message><Message type="ReplyMessage"><Id>1352135262459-26</Id><Topic><Title>Short YHOO @ the range $17 while you can</Title><Username>teaandtea</Username><Timestamp>1352079205537</Timestamp><DateTime>Sun, 2012-11-04 20:33:25 EST</DateTime></Topic><Msg>Have you covered? or shorted more?</Msg><Username>caixujin</Username><Timestamp>1352135262459</Timestamp><DateTime>Mon, 2012-11-05 12:07:42 EST</DateTime><ThumbUp>0</ThumbUp><ThumbDown>0</ThumbDown><Sentiment/></Message><Message type="TopicMessage"><Id>1352137369548-27</Id><Title>YHOO chart shows early sign of SELL</Title><Msg>indecision amnong buyer to take it higher shows itself in the chart and price action. YHOO started to crack. High possibility of closing RED today. I believe risk does not justify the reward in short term. Some other external factors (global, election, fiscal cliff) will push the shares lower.</Msg><Username>phd44m</Username><Timestamp>1352137369548</Timestamp><DateTime>Mon, 2012-11-05 12:42:49 EST</DateTime><ThumbUp>0</ThumbUp><ThumbDown>4</ThumbDown><Sentiment/></Message><Message type="ReplyMessage"><Id>1352137639122-28</Id><Topic><Title>Short YHOO @ the range $17 while you can</Title><Username>teaandtea</Username><Timestamp>1352079205537</Timestamp><DateTime>Sun, 2012-11-04 20:33:25 EST</DateTime></Topic><Msg>I short 16k more @ 17.21, it is falling, falling to the south! short short short! I told you so!</Msg><Username>teaandtea</Username><Timestamp>1352137639122</Timestamp><DateTime>Mon, 2012-11-05 12:47:19 EST</DateTime><ThumbUp>1</ThumbUp><ThumbDown>4</ThumbDown><Sentiment>Strong Sell</Sentiment></Message><Message type="TopicMessage"><Id>1352140723628-29</Id><Title>over 5 million shares traded the last hour or so! Wow!</Title><Msg>Looks as though this stock is about to explode. Any news will take this to 20 very quickly, imo.</Msg><Username>optionstrader4u</Username><Timestamp>1352140723628</Timestamp><DateTime>Mon, 2012-11-05 13:38:43 EST</DateTime><ThumbUp>1</ThumbUp><ThumbDown>1</ThumbDown><Sentiment>Strong Buy</Sentiment></Message><Message type="ReplyMessage"><Id>1352142990950-30</Id><Topic><Title>Short YHOO @ the range $17 while you can</Title><Username>teaandtea</Username><Timestamp>1352079205537</Timestamp><DateTime>Sun, 2012-11-04 20:33:25 EST</DateTime></Topic><Msg>Well done shorting into this news....</Msg><Username>cldinvestor</Username><Timestamp>1352142990950</Timestamp><DateTime>Mon, 2012-11-05 14:16:30 EST</DateTime><ThumbUp>1</ThumbUp><ThumbDown>0</ThumbDown><Sentiment>Strong Buy</Sentiment></Message><Message type="ReplyMessage"><Id>1352143398674-31</Id><Topic><Title>Yahoo! &amp; Samsung</Title><Username>basketaetc1</Username><Timestamp>1352143007848</Timestamp><DateTime>Mon, 2012-11-05 14:16:47 EST</DateTime></Topic><Msg>More business, more ad revenue, more growth potential.... Yahoo + Samsung = 3yr highs for $YHOO imo. Looking for a little more in mergers &amp; acquisitions to push this over $20.</Msg><Username>cldinvestor</Username><Timestamp>1352143398674</Timestamp><DateTime>Mon, 2012-11-05 14:23:18 EST</DateTime><ThumbUp>4</ThumbUp><ThumbDown>2</ThumbDown><Sentiment>Strong Buy</Sentiment></Message><Message type="ReplyMessage"><Id>1352143428595-32</Id><Topic><Title>Short YHOO @ the range $17 while you can</Title><Username>teaandtea</Username><Timestamp>1352079205537</Timestamp><DateTime>Sun, 2012-11-04 20:33:25 EST</DateTime></Topic><Msg>Tea, did you get that paltter, I got your head ready to give back to you, less a lot of cash you have lost!</Msg><Username>goldeagle14</Username><Timestamp>1352143428595</Timestamp><DateTime>Mon, 2012-11-05 14:23:48 EST</DateTime><ThumbUp>2</ThumbUp><ThumbDown>0</ThumbDown><Sentiment>Strong Buy</Sentiment></Message><Message type="TopicMessage"><Id>1352143534294-33</Id><Title>I am cover my</Title><Msg>shorts. This Samsung deal is game changer.</Msg><Username>kanifarts</Username><Timestamp>1352143534294</Timestamp><DateTime>Mon, 2012-11-05 14:25:34 EST</DateTime><ThumbUp>0</ThumbUp><ThumbDown>0</ThumbDown><Sentiment/></Message><Message type="ReplyMessage"><Id>1352146682629-34</Id><Topic><Title>Yahoo! &amp; Samsung</Title><Username>basketaetc1</Username><Timestamp>1352143007848</Timestamp><DateTime>Mon, 2012-11-05 14:16:47 EST</DateTime></Topic><Msg>Could be very big. The next wave of smart devices will be TVs. Samsung is well positioned to be a dominant player in smart TVs. Yahoo! Should do very well with products already embedded in</Msg><Username>gregg.fumanti</Username><Timestamp>1352146682629</Timestamp><DateTime>Mon, 2012-11-05 15:18:02 EST</DateTime><ThumbUp>6</ThumbUp><ThumbDown>3</ThumbDown><Sentiment/></Message><Message type="TopicMessage"><Id>1352147977537-35</Id><Title>How does the Samsung deal effect Apple buying us?</Title><Msg>Anyone?</Msg><Username>add_more2</Username><Timestamp>1352147977537</Timestamp><DateTime>Mon, 2012-11-05 15:39:37 EST</DateTime><ThumbUp>2</ThumbUp><ThumbDown>0</ThumbDown><Sentiment>Strong Buy</Sentiment></Message><Message type="TopicMessage"><Id>1352148076040-36</Id><Title>Is Samsung going to make a bid for Yahoo to compete with Google and blow Apple out of the water?</Title><Msg>Serious replies only.</Msg><Username>roof_rider</Username><Timestamp>1352148076040</Timestamp><DateTime>Mon, 2012-11-05 15:41:16 EST</DateTime><ThumbUp>2</ThumbUp><ThumbDown>4</ThumbDown><Sentiment>Strong Buy</Sentiment></Message><Message type="TopicMessage"><Id>1352148452392-37</Id><Title>Value...</Title><Msg>finally being unlocked. After years of screwing up by bad management...looks like a capable team is now in place. Still vastly undervalued with almost unlimited upside going forward.</Msg><Username>gollywogazoo</Username><Timestamp>1352148452392</Timestamp><DateTime>Mon, 2012-11-05 15:47:32 EST</DateTime><ThumbUp>3</ThumbUp><ThumbDown>1</ThumbDown><Sentiment/></Message><Message type="ReplyMessage"><Id>1352148760612-38</Id><Topic><Title>Yahoo at a new 52 week high! $17.40!</Title><Username>theecoldone</Username><Timestamp>1352147376574</Timestamp><DateTime>Mon, 2012-11-05 15:29:36 EST</DateTime></Topic><Msg>The bashers are have lost.</Msg><Username>smedleypuddles</Username><Timestamp>1352148760612</Timestamp><DateTime>Mon, 2012-11-05 15:52:40 EST</DateTime><ThumbUp>4</ThumbUp><ThumbDown>3</ThumbDown><Sentiment/></Message><Message type="ReplyMessage"><Id>1352149038664-39</Id><Topic><Title>Yahoo at a new 52 week high! $17.40!</Title><Username>theecoldone</Username><Timestamp>1352147376574</Timestamp><DateTime>Mon, 2012-11-05 15:29:36 EST</DateTime></Topic><Msg>lexi, framertilmin, ydk, grey, gloom, pearlprue, split29, snotmodel, michan, allymarie and the rest of anydowners2000's aliases will soon disappear. Coldone wins!!!!</Msg><Username>nanobot8042</Username><Timestamp>1352149038664</Timestamp><DateTime>Mon, 2012-11-05 15:57:18 EST</DateTime><ThumbUp>3</ThumbUp><ThumbDown>5</ThumbDown><Sentiment/></Message><Message type="ReplyMessage"><Id>1352149154198-40</Id><Topic><Title>Yahoo! &amp; Samsung</Title><Username>basketaetc1</Username><Timestamp>1352143007848</Timestamp><DateTime>Mon, 2012-11-05 14:16:47 EST</DateTime></Topic><Msg>Good Luck Basket - You also have to figure if Apple were interested at all - getting a top Google insider at the helm, plus a few more Google minions makes it a lot more interesting.</Msg><Username>mrjojangles2</Username><Timestamp>1352149154198</Timestamp><DateTime>Mon, 2012-11-05 15:59:14 EST</DateTime><ThumbUp>2</ThumbUp><ThumbDown>2</ThumbDown><Sentiment>Buy</Sentiment></Message><Message type="TopicMessage"><Id>1352150515771-41</Id><Title>That´s what I call performance!!!</Title><Msg>´....like I said, the chart says it all. Triple top breakout last week was the signal. Now it goes to 20+ very fast.</Msg><Username>zissi022000</Username><Timestamp>1352150515771</Timestamp><DateTime>Mon, 2012-11-05 16:21:55 EST</DateTime><ThumbUp>0</ThumbUp><ThumbDown>0</ThumbDown><Sentiment>Strong Buy</Sentiment></Message><Message type="TopicMessage"><Id>1352152326655-42</Id><Title>Is this why there was a shakeup at Apple?</Title><Msg>I wonder if anyone at Apple is in trouble because Samsung and Yahoo beat them to the Apple tv? How similar is this to Apple tv?</Msg><Username>optionstrader4u</Username><Timestamp>1352152326655</Timestamp><DateTime>Mon, 2012-11-05 16:52:06 EST</DateTime><ThumbUp>3</ThumbUp><ThumbDown>0</ThumbDown><Sentiment>Strong Buy</Sentiment></Message><Message type="ReplyMessage"><Id>1352152409508-43</Id><Topic><Title>How does the Samsung deal effect Apple buying us?</Title><Username>add_more2</Username><Timestamp>1352147977537</Timestamp><DateTime>Mon, 2012-11-05 15:39:37 EST</DateTime></Topic><Msg>Not going to happen</Msg><Username>firsttestcase</Username><Timestamp>1352152409508</Timestamp><DateTime>Mon, 2012-11-05 16:53:29 EST</DateTime><ThumbUp>0</ThumbUp><ThumbDown>0</ThumbDown><Sentiment/></Message><Message type="TopicMessage"><Id>1352152535596-44</Id><Title>Also does anyone really understand how big this is?</Title><Msg>I wonder if the street still has not put 2 and 2 together????? I bet tomorrow Yahoo opens over $18 tomorrow... jmho</Msg><Username>optionstrader4u</Username><Timestamp>1352152535596</Timestamp><DateTime>Mon, 2012-11-05 16:55:35 EST</DateTime><ThumbUp>7</ThumbUp><ThumbDown>3</ThumbDown><Sentiment>Strong Buy</Sentiment></Message><Message type="ReplyMessage"><Id>1352152693152-45</Id><Topic><Title>Is this why there was a shakeup at Apple?</Title><Username>optionstrader4u</Username><Timestamp>1352152326655</Timestamp><DateTime>Mon, 2012-11-05 16:52:06 EST</DateTime></Topic><Msg>Maybe Apple was looking at taking over YHOO and now the price has doubled?? just a thought</Msg><Username>optionstrader4u</Username><Timestamp>1352152693152</Timestamp><DateTime>Mon, 2012-11-05 16:58:13 EST</DateTime><ThumbUp>4</ThumbUp><ThumbDown>0</ThumbDown><Sentiment>Strong Buy</Sentiment></Message><Message type="ReplyMessage"><Id>1352153371344-46</Id><Topic><Title>Also does anyone really understand how big this is?</Title><Username>optionstrader4u</Username><Timestamp>1352152535596</Timestamp><DateTime>Mon, 2012-11-05 16:55:35 EST</DateTime></Topic><Msg>If YHOO announces buyback plan tomorrow, it would go up over $18.</Msg><Username>caixujin</Username><Timestamp>1352153371344</Timestamp><DateTime>Mon, 2012-11-05 17:09:31 EST</DateTime><ThumbUp>5</ThumbUp><ThumbDown>2</ThumbDown><Sentiment/></Message><Message type="ReplyMessage"><Id>1352153538966-47</Id><Topic><Title>Yahoo at a new 52 week high! $17.40!</Title><Username>theecoldone</Username><Timestamp>1352147376574</Timestamp><DateTime>Mon, 2012-11-05 15:29:36 EST</DateTime></Topic><Msg>Another 60 cents and you will only be $10 down. Congratulations loser, I have enjoyed spending your money.</Msg><Username>dr.gloom</Username><Timestamp>1352153538966</Timestamp><DateTime>Mon, 2012-11-05 17:12:18 EST</DateTime><ThumbUp>1</ThumbUp><ThumbDown>2</ThumbDown><Sentiment/></Message><Message type="TopicMessage"><Id>1352153940134-48</Id><Title>Yahoo is breaking out to $20...</Title><Msg>Good luck to all!</Msg><Username>yinvestor</Username><Timestamp>1352153940134</Timestamp><DateTime>Mon, 2012-11-05 17:19:00 EST</DateTime><ThumbUp>4</ThumbUp><ThumbDown>2</ThumbDown><Sentiment/></Message><Message type="ReplyMessage"><Id>1352153998741-49</Id><Topic><Title>Also does anyone really understand how big this is?</Title><Username>optionstrader4u</Username><Timestamp>1352152535596</Timestamp><DateTime>Mon, 2012-11-05 16:55:35 EST</DateTime></Topic><Msg>They have already announced a buyback program you just won't know when they buyback!</Msg><Username>randywms55</Username><Timestamp>1352153998741</Timestamp><DateTime>Mon, 2012-11-05 17:19:58 EST</DateTime><ThumbUp>3</ThumbUp><ThumbDown>1</ThumbDown><Sentiment/></Message><Message type="ReplyMessage"><Id>1352154393594-50</Id><Topic><Title>Also does anyone really understand how big this is?</Title><Username>optionstrader4u</Username><Timestamp>1352152535596</Timestamp><DateTime>Mon, 2012-11-05 16:55:35 EST</DateTime></Topic><Msg>I think this is bigger than most people can wrap their arms around. I thought the company was buying back shares the last few days but now I believe some of this info leaked and that is where the accumulation came from,. It was an institution, imo, accumulating over the last few days and probably will continue. You could tell by it being a slow upward movement with very little retreat.. I think it only sold off 2x's today and that was only for a very short time. all jmho</Msg><Username>optionstrader4u</Username><Timestamp>1352154393594</Timestamp><DateTime>Mon, 2012-11-05 17:26:33 EST</DateTime><ThumbUp>3</ThumbUp><ThumbDown>2</ThumbDown><Sentiment>Strong Buy</Sentiment></Message><Message type="ReplyMessage"><Id>1352154487372-51</Id><Topic><Title>Yahoo is breaking out to $20...</Title><Username>yinvestor</Username><Timestamp>1352153940134</Timestamp><DateTime>Mon, 2012-11-05 17:19:00 EST</DateTime></Topic><Msg>When coldone says it, I'll believe it.</Msg><Username>smedleypuddles</Username><Timestamp>1352154487372</Timestamp><DateTime>Mon, 2012-11-05 17:28:07 EST</DateTime><ThumbUp>3</ThumbUp><ThumbDown>3</ThumbDown><Sentiment/></Message><Message type="ReplyMessage"><Id>1352154499851-52</Id><Topic><Title>Yahoo is breaking out to $20...</Title><Username>yinvestor</Username><Timestamp>1352153940134</Timestamp><DateTime>Mon, 2012-11-05 17:19:00 EST</DateTime></Topic><Msg>Very soon, imo... Huge volume over the last few days. Looks as if it was institutional buying whereas it only corrected in price 2x's today and that was for a very short time. Institutions always buy in an orderly fashion. JMHO</Msg><Username>optionstrader4u</Username><Timestamp>1352154499851</Timestamp><DateTime>Mon, 2012-11-05 17:28:19 EST</DateTime><ThumbUp>8</ThumbUp><ThumbDown>1</ThumbDown><Sentiment>Strong Buy</Sentiment></Message><Message type="ReplyMessage"><Id>1352155170503-53</Id><Topic><Title>Yahoo is breaking out to $20...</Title><Username>yinvestor</Username><Timestamp>1352153940134</Timestamp><DateTime>Mon, 2012-11-05 17:19:00 EST</DateTime></Topic><Msg>I think we need to hear the announcement of the buyback before we can get to $20.... I hope its soon.</Msg><Username>hehernan</Username><Timestamp>1352155170503</Timestamp><DateTime>Mon, 2012-11-05 17:39:30 EST</DateTime><ThumbUp>5</ThumbUp><ThumbDown>0</ThumbDown><Sentiment>Buy</Sentiment></Message><Message type="TopicMessage"><Id>1352155859377-54</Id><Title>Buffett and Yahoo</Title><Msg>Wasn't Mary Decker formerly of Yahoo on the BRK board? Or was she with another tech firm? Buffett says he is seeking a deal in the $20 billion plus range. Yhoo fits. plus Yhoo is a strong cash generator. Plus the Asian assets might appeal to Buffett as he is the ultimate patient money. He is no fan of tech... But in a way Yahoo has a decent moat as a news aggregator with first mover advantage in Yahoo Finance and Yahoo Sports. Maybe I am dreaming but then maybe so is Buffett.</Msg><Username>imadeadcat</Username><Timestamp>1352155859377</Timestamp><DateTime>Mon, 2012-11-05 17:50:59 EST</DateTime><ThumbUp>0</ThumbUp><ThumbDown>3</ThumbDown><Sentiment/></Message><Message type="TopicMessage"><Id>1352156289087-55</Id><Title>Google beats Yahoo hands down. Sell and move on.</Title><Msg>Google beats Yahoo hands down. Sell and move on.</Msg><Username>drstone3</Username><Timestamp>1352156289087</Timestamp><DateTime>Mon, 2012-11-05 17:58:09 EST</DateTime><ThumbUp>1</ThumbUp><ThumbDown>9</ThumbDown><Sentiment>Sell</Sentiment></Message><Message type="ReplyMessage"><Id>1352156292735-56</Id><Topic><Title>Buffett and Yahoo</Title><Username>imadeadcat</Username><Timestamp>1352155859377</Timestamp><DateTime>Mon, 2012-11-05 17:50:59 EST</DateTime></Topic><Msg>buffett does not do tech, he is the first one to tell you he does not understand it.</Msg><Username>ajblo</Username><Timestamp>1352156292735</Timestamp><DateTime>Mon, 2012-11-05 17:58:12 EST</DateTime><ThumbUp>2</ThumbUp><ThumbDown>2</ThumbDown><Sentiment/></Message><Message type="ReplyMessage"><Id>1352158175760-57</Id><Topic><Title>Buffett and Yahoo</Title><Username>imadeadcat</Username><Timestamp>1352155859377</Timestamp><DateTime>Mon, 2012-11-05 17:50:59 EST</DateTime></Topic><Msg>Isn't IBM tech? I think he is IBM's largest shareholder. I think he might understand YHOO. He does not invest in what he doesn't understand.</Msg><Username>imadeadcat</Username><Timestamp>1352158175760</Timestamp><DateTime>Mon, 2012-11-05 18:29:35 EST</DateTime><ThumbUp>3</ThumbUp><ThumbDown>2</ThumbDown><Sentiment/></Message><Message type="TopicMessage"><Id>1352163063634-58</Id><Title>$18 within this week</Title><Msg>Trend.</Msg><Username>caixujin</Username><Timestamp>1352163063634</Timestamp><DateTime>Mon, 2012-11-05 19:51:03 EST</DateTime><ThumbUp>6</ThumbUp><ThumbDown>1</ThumbDown><Sentiment/></Message><Message type="ReplyMessage"><Id>1352163513449-59</Id><Topic><Title>Again messages not being posted!</Title><Username>basketaetc1</Username><Timestamp>1352154933994</Timestamp><DateTime>Mon, 2012-11-05 17:35:33 EST</DateTime></Topic><Msg>They don't like me - I make Baby BaWaHoo cry. Never get through.</Msg><Username>mrjojangles2</Username><Timestamp>1352163513449</Timestamp><DateTime>Mon, 2012-11-05 19:58:33 EST</DateTime><ThumbUp>2</ThumbUp><ThumbDown>0</ThumbDown><Sentiment>Hold</Sentiment></Message><Message type="ReplyMessage"><Id>1352163965864-60</Id><Topic><Title>Google beats Yahoo hands down. Sell and move on.</Title><Username>drstone3</Username><Timestamp>1352156289087</Timestamp><DateTime>Mon, 2012-11-05 17:58:09 EST</DateTime></Topic><Msg>Must be why you're here and not at this goog place you mention.</Msg><Username>gedownonit24me</Username><Timestamp>1352163965864</Timestamp><DateTime>Mon, 2012-11-05 20:06:05 EST</DateTime><ThumbUp>4</ThumbUp><ThumbDown>0</ThumbDown><Sentiment/></Message><Message type="TopicMessage"><Id>1352164131110-61</Id><Title>Fools Yahoo is a 300 stock</Title><Msg>Watch and see</Msg><Username>tomahawkwilson</Username><Timestamp>1352164131110</Timestamp><DateTime>Mon, 2012-11-05 20:08:51 EST</DateTime><ThumbUp>6</ThumbUp><ThumbDown>2</ThumbDown><Sentiment/></Message><Message type="TopicMessage"><Id>1352167195782-62</Id><Title>If Google is so much better than Yahoo then why didn't Samsung sign an agreement with them?</Title><Msg>Seems as though it would of been the logical choice since they already had an agreement for their Android platform? What am I missing here??</Msg><Username>optionstrader4u</Username><Timestamp>1352167195782</Timestamp><DateTime>Mon, 2012-11-05 20:59:55 EST</DateTime><ThumbUp>4</ThumbUp><ThumbDown>0</ThumbDown><Sentiment>Strong Buy</Sentiment></Message><Message type="ReplyMessage"><Id>1352169351374-63</Id><Topic><Title>$18 within this week</Title><Username>caixujin</Username><Timestamp>1352163063634</Timestamp><DateTime>Mon, 2012-11-05 19:51:03 EST</DateTime></Topic><Msg>Like today we have Samsung partnership news. We need another catalyst tomorrow--maybe huge buyback or say special cash dividend===definitely over $18.</Msg><Username>goingbravo</Username><Timestamp>1352169351374</Timestamp><DateTime>Mon, 2012-11-05 21:35:51 EST</DateTime><ThumbUp>4</ThumbUp><ThumbDown>0</ThumbDown><Sentiment>Buy</Sentiment></Message><Message type="ReplyMessage"><Id>1352169397150-64</Id><Topic><Title>Short YHOO @ the range $17 while you can</Title><Username>teaandtea</Username><Timestamp>1352079205537</Timestamp><DateTime>Sun, 2012-11-04 20:33:25 EST</DateTime></Topic><Msg>It will be under 17 and down to the south very soon, one way to go, because I'm dumping this junk to the south, short short short!</Msg><Username>teaandtea</Username><Timestamp>1352169397150</Timestamp><DateTime>Mon, 2012-11-05 21:36:37 EST</DateTime><ThumbUp>1</ThumbUp><ThumbDown>1</ThumbDown><Sentiment>Strong Sell</Sentiment></Message><Message type="ReplyMessage"><Id>1352169730869-65</Id><Topic><Title>$18 within this week</Title><Username>caixujin</Username><Timestamp>1352163063634</Timestamp><DateTime>Mon, 2012-11-05 19:51:03 EST</DateTime></Topic><Msg>STRONG BUY!! Yahoo has #1 CEO !!!</Msg><Username>leestoller</Username><Timestamp>1352169730869</Timestamp><DateTime>Mon, 2012-11-05 21:42:10 EST</DateTime><ThumbUp>5</ThumbUp><ThumbDown>0</ThumbDown><Sentiment>Strong Buy</Sentiment></Message><Message type="TopicMessage"><Id>1352169973207-66</Id><Title>Yahoo and Samsung have beaten Apple to interactive tv!!!</Title><Msg>Game changer here folks!!</Msg><Username>optionstrader4u</Username><Timestamp>1352169973207</Timestamp><DateTime>Mon, 2012-11-05 21:46:13 EST</DateTime><ThumbUp>7</ThumbUp><ThumbDown>1</ThumbDown><Sentiment>Strong Buy</Sentiment></Message><Message type="ReplyMessage"><Id>1352172474957-67</Id><Topic><Title>Posted then deleted. Yahoo is a Prog tool</Title><Username>libsblowobama0087</Username><Timestamp>1352170406342</Timestamp><DateTime>Mon, 2012-11-05 21:53:26 EST</DateTime></Topic><Msg>yhoo sucks</Msg><Username>shepisaman</Username><Timestamp>1352172474957</Timestamp><DateTime>Mon, 2012-11-05 22:27:54 EST</DateTime><ThumbUp>0</ThumbUp><ThumbDown>0</ThumbDown><Sentiment/></Message><Message type="ReplyMessage"><Id>1352175354280-68</Id><Topic><Title>Fools Yahoo is a 300 stock</Title><Username>tomahawkwilson</Username><Timestamp>1352164131110</Timestamp><DateTime>Mon, 2012-11-05 20:08:51 EST</DateTime></Topic><Msg>i don't think people (now investing) will be able to watch under ground in the cemetery!</Msg><Username>matsky5</Username><Timestamp>1352175354280</Timestamp><DateTime>Mon, 2012-11-05 23:15:54 EST</DateTime><ThumbUp>2</ThumbUp><ThumbDown>1</ThumbDown><Sentiment/></Message><Message type="TopicMessage"><Id>1352177517518-69</Id><Title>REPUBLICANS, MITT ROMNEY, GW BUSH = BAD FOR AMERICA</Title><Msg>AMEN</Msg><Username>fck_republican_mafia</Username><Timestamp>1352177517518</Timestamp><DateTime>Mon, 2012-11-05 23:51:57 EST</DateTime><ThumbUp>6</ThumbUp><ThumbDown>7</ThumbDown><Sentiment/></Message></Date>