<?xml version="1.0" encoding="UTF-8" standalone="no"?><Date date="2012-12-10"><Message type="ReplyMessage"><Id>1355116619871-1</Id><Topic><Title>Ok without any hype what does this really do to the pps? Do we go over $20 tomorrow or not?</Title><Username>optionstrader4u</Username><Timestamp>1355107557565</Timestamp><DateTime>Sun, 2012-12-09 21:45:57 EST</DateTime></Topic><Msg>No! It is a small deal to get the market get excited.</Msg><Username>goingbravo</Username><Timestamp>1355116619871</Timestamp><DateTime>Mon, 2012-12-10 00:16:59 EST</DateTime><ThumbUp>2</ThumbUp><ThumbDown>0</ThumbDown><Sentiment>Strong Buy</Sentiment></Message><Message type="TopicMessage"><Id>1355116751694-2</Id><Title>Over $20 tomorrow. If not then by the end of the week</Title><Msg>This should quickly get to $20 but resistance will be massive at that big round number. It's physchological.</Msg><Username>dickey_betts44</Username><Timestamp>1355116751694</Timestamp><DateTime>Mon, 2012-12-10 00:19:11 EST</DateTime><ThumbUp>2</ThumbUp><ThumbDown>1</ThumbDown><Sentiment/></Message><Message type="ReplyMessage"><Id>1355133890310-3</Id><Topic><Title>With NBC Sports deal, YHOO is ready to hit 25 &amp; a more likely candidate for AAPL buyout.</Title><Username>bee_plus_001</Username><Timestamp>1355103963688</Timestamp><DateTime>Sun, 2012-12-09 20:46:03 EST</DateTime></Topic><Msg>A seach engine.</Msg><Username>comic_ali</Username><Timestamp>1355133890310</Timestamp><DateTime>Mon, 2012-12-10 05:04:50 EST</DateTime><ThumbUp>0</ThumbUp><ThumbDown>0</ThumbDown><Sentiment/></Message><Message type="ReplyMessage"><Id>1355139346810-4</Id><Topic><Title>Hey Yahoo, how much longer are you going to block people from posting on news articles?</Title><Username>libsblowobama0087</Username><Timestamp>1355136025844</Timestamp><DateTime>Mon, 2012-12-10 05:40:25 EST</DateTime></Topic><Msg>Yahoo is hard core Lib. Most of their employees are fat black and gay. You DO know that Obama's owner, George Soros, also controls Yahoo dont you?</Msg><Username>garybirch55</Username><Timestamp>1355139346810</Timestamp><DateTime>Mon, 2012-12-10 06:35:46 EST</DateTime><ThumbUp>1</ThumbUp><ThumbDown>1</ThumbDown><Sentiment/></Message><Message type="ReplyMessage"><Id>1355143121201-5</Id><Topic><Title>With NBC Sports deal, YHOO is ready to hit 25 &amp; a more likely candidate for AAPL buyout.</Title><Username>bee_plus_001</Username><Timestamp>1355103963688</Timestamp><DateTime>Sun, 2012-12-09 20:46:03 EST</DateTime></Topic><Msg>Strong Buy ! $38 to $47 by 12/27/13 AAPL ?</Msg><Username>leestoller</Username><Timestamp>1355143121201</Timestamp><DateTime>Mon, 2012-12-10 07:38:41 EST</DateTime><ThumbUp>0</ThumbUp><ThumbDown>0</ThumbDown><Sentiment>Strong Buy</Sentiment></Message><Message type="TopicMessage"><Id>1355145569839-6</Id><Title>News from Yahoo!</Title><Msg>De Castro makes his move!</Msg><Username>mb525789</Username><Timestamp>1355145569839</Timestamp><DateTime>Mon, 2012-12-10 08:19:29 EST</DateTime><ThumbUp>1</ThumbUp><ThumbDown>0</ThumbDown><Sentiment/></Message><Message type="TopicMessage"><Id>1355145680248-7</Id><Title>don't get it...news should give us at least .40 cents premarket....??? come on turtle</Title><Msg>lets go yahoooooooo!</Msg><Username>mawsii1</Username><Timestamp>1355145680248</Timestamp><DateTime>Mon, 2012-12-10 08:21:20 EST</DateTime><ThumbUp>2</ThumbUp><ThumbDown>0</ThumbDown><Sentiment/></Message><Message type="ReplyMessage"><Id>1355145818656-8</Id><Topic><Title>News from Yahoo!</Title><Username>mb525789</Username><Timestamp>1355145569839</Timestamp><DateTime>Mon, 2012-12-10 08:19:29 EST</DateTime></Topic><Msg>Okay with this mornings news Yahoo should move reach $20.00 plus change. Good luck all.</Msg><Username>mb525789</Username><Timestamp>1355145818656</Timestamp><DateTime>Mon, 2012-12-10 08:23:38 EST</DateTime><ThumbUp>1</ThumbUp><ThumbDown>0</ThumbDown><Sentiment/></Message><Message type="ReplyMessage"><Id>1355146722277-9</Id><Topic><Title>News from Yahoo!</Title><Username>mb525789</Username><Timestamp>1355145569839</Timestamp><DateTime>Mon, 2012-12-10 08:19:29 EST</DateTime></Topic><Msg>Premarket is weak yet, buyem if ya can.</Msg><Username>mb525789</Username><Timestamp>1355146722277</Timestamp><DateTime>Mon, 2012-12-10 08:38:42 EST</DateTime><ThumbUp>0</ThumbUp><ThumbDown>0</ThumbDown><Sentiment/></Message><Message type="TopicMessage"><Id>1355147802381-10</Id><Title>Crazy market. Yahoo looks as if is going to open down considerably...</Title><Msg>Maybe news of buyout will take her down to $17.. lol.. What a joke this market is sometimes.</Msg><Username>optionstrader4u</Username><Timestamp>1355147802381</Timestamp><DateTime>Mon, 2012-12-10 08:56:42 EST</DateTime><ThumbUp>1</ThumbUp><ThumbDown>2</ThumbDown><Sentiment>Strong Buy</Sentiment></Message><Message type="ReplyMessage"><Id>1355147855083-11</Id><Topic><Title>News from Yahoo!</Title><Username>mb525789</Username><Timestamp>1355145569839</Timestamp><DateTime>Mon, 2012-12-10 08:19:29 EST</DateTime></Topic><Msg>On this mornings news premarket goes weak. Unbelieveable! De Castro and Mayer making the moves and the share price drops?</Msg><Username>mb525789</Username><Timestamp>1355147855083</Timestamp><DateTime>Mon, 2012-12-10 08:57:35 EST</DateTime><ThumbUp>1</ThumbUp><ThumbDown>0</ThumbDown><Sentiment/></Message><Message type="TopicMessage"><Id>1355148859213-12</Id><Title>Money never sleeps!</Title><Msg>But apparently many on this board do. You are missing a tremendous opportunity this morning.</Msg><Username>mb525789</Username><Timestamp>1355148859213</Timestamp><DateTime>Mon, 2012-12-10 09:14:19 EST</DateTime><ThumbUp>1</ThumbUp><ThumbDown>0</ThumbDown><Sentiment/></Message><Message type="ReplyMessage"><Id>1355148985733-13</Id><Topic><Title>Crazy market. Yahoo looks as if is going to open down considerably...</Title><Username>optionstrader4u</Username><Timestamp>1355147802381</Timestamp><DateTime>Mon, 2012-12-10 08:56:42 EST</DateTime></Topic><Msg>down 7cts right now,,but i m new to yahoo a couple months but i dont see anyone ever buying yahoo. personally i see yahoo continuing to buy other smaller companies, esp. with the alibaba money virtually in pocket. good luck to all.</Msg><Username>toni19601</Username><Timestamp>1355148985733</Timestamp><DateTime>Mon, 2012-12-10 09:16:25 EST</DateTime><ThumbUp>0</ThumbUp><ThumbDown>2</ThumbDown><Sentiment>Strong Buy</Sentiment></Message><Message type="ReplyMessage"><Id>1355149735424-14</Id><Topic><Title>Hotmodel said Yahoo was dead money at $15.80 about 6 weeks ago, Yahoo is now $19.14!</Title><Username>nanobot8042</Username><Timestamp>1354812926449</Timestamp><DateTime>Thu, 2012-12-06 11:55:26 EST</DateTime></Topic><Msg>hotmodel is the only source on this board you can rely on to be wrong every time. Do the opposite of hotmodel and get rich.</Msg><Username>tetheredbird</Username><Timestamp>1355149735424</Timestamp><DateTime>Mon, 2012-12-10 09:28:55 EST</DateTime><ThumbUp>2</ThumbUp><ThumbDown>1</ThumbDown><Sentiment/></Message><Message type="ReplyMessage"><Id>1355150000701-15</Id><Topic><Title>News from Yahoo!</Title><Username>mb525789</Username><Timestamp>1355145569839</Timestamp><DateTime>Mon, 2012-12-10 08:19:29 EST</DateTime></Topic><Msg>The market is worried about year-end selling for capital gains. Raises cash to also hedge against Washington, D.C. and their possible blunder again.</Msg><Username>randywms55</Username><Timestamp>1355150000701</Timestamp><DateTime>Mon, 2012-12-10 09:33:20 EST</DateTime><ThumbUp>1</ThumbUp><ThumbDown>0</ThumbDown><Sentiment/></Message><Message type="ReplyMessage"><Id>1355150019365-16</Id><Topic><Title>Does anyone think Yahoo will not hit $20 by February?</Title><Username>spilerpep</Username><Timestamp>1355097901652</Timestamp><DateTime>Sun, 2012-12-09 19:05:01 EST</DateTime></Topic><Msg>Yahoo will hit $20 well before February.</Msg><Username>tetheredbird</Username><Timestamp>1355150019365</Timestamp><DateTime>Mon, 2012-12-10 09:33:39 EST</DateTime><ThumbUp>2</ThumbUp><ThumbDown>1</ThumbDown><Sentiment/></Message><Message type="ReplyMessage"><Id>1355150083524-17</Id><Topic><Title>Coldone's Buys at $11, $12, $13, $14, $15, $16, $17 and $18 are all up!</Title><Username>nanobot8042</Username><Timestamp>1354656401298</Timestamp><DateTime>Tue, 2012-12-04 16:26:41 EST</DateTime></Topic><Msg>At $22 you start doubling your money in your investments in Yahoo.</Msg><Username>tetheredbird</Username><Timestamp>1355150083524</Timestamp><DateTime>Mon, 2012-12-10 09:34:43 EST</DateTime><ThumbUp>2</ThumbUp><ThumbDown>2</ThumbDown><Sentiment/></Message><Message type="ReplyMessage"><Id>1355150132519-18</Id><Topic><Title>Hotmodel - Do you still think Yahoo was dead money at $15.80?</Title><Username>theecoldone</Username><Timestamp>1354722516724</Timestamp><DateTime>Wed, 2012-12-05 10:48:36 EST</DateTime></Topic><Msg>hotmodel is nothing. No one cares what hotmodel has to say.</Msg><Username>tetheredbird</Username><Timestamp>1355150132519</Timestamp><DateTime>Mon, 2012-12-10 09:35:32 EST</DateTime><ThumbUp>3</ThumbUp><ThumbDown>2</ThumbDown><Sentiment/></Message><Message type="ReplyMessage"><Id>1355150328708-19</Id><Topic><Title>You have $1 million to buy or sell Yahoo at $19, what do you do?</Title><Username>theecoldone</Username><Timestamp>1355011958397</Timestamp><DateTime>Sat, 2012-12-08 19:12:38 EST</DateTime></Topic><Msg>Yahoo Sports sealed a number one spot in sports for years to come with their new partnership with NBC sports.</Msg><Username>tetheredbird</Username><Timestamp>1355150328708</Timestamp><DateTime>Mon, 2012-12-10 09:38:48 EST</DateTime><ThumbUp>3</ThumbUp><ThumbDown>1</ThumbDown><Sentiment/></Message><Message type="ReplyMessage"><Id>1355150445133-20</Id><Topic><Title>Alibaba Group and Yahoo! Japan - $30B</Title><Username>theecoldone</Username><Timestamp>1355006785548</Timestamp><DateTime>Sat, 2012-12-08 17:46:25 EST</DateTime></Topic><Msg>Yahoo's goldmine!</Msg><Username>smedleypuddles</Username><Timestamp>1355150445133</Timestamp><DateTime>Mon, 2012-12-10 09:40:45 EST</DateTime><ThumbUp>1</ThumbUp><ThumbDown>1</ThumbDown><Sentiment/></Message><Message type="ReplyMessage"><Id>1355150543172-21</Id><Topic><Title>A few words for the Yahoo shorts...</Title><Username>theecoldone</Username><Timestamp>1354634484463</Timestamp><DateTime>Tue, 2012-12-04 10:21:24 EST</DateTime></Topic><Msg>gloom, hotmodel and framer are posting much less since no one reads what they write. Everyone is waiting for coldone's next buy recommendation.</Msg><Username>smedleypuddles</Username><Timestamp>1355150543172</Timestamp><DateTime>Mon, 2012-12-10 09:42:23 EST</DateTime><ThumbUp>1</ThumbUp><ThumbDown>2</ThumbDown><Sentiment/></Message><Message type="ReplyMessage"><Id>1355150704313-22</Id><Topic><Title>Pick the date that Yahoo will hit $20</Title><Username>spilerpep</Username><Timestamp>1354915010707</Timestamp><DateTime>Fri, 2012-12-07 16:16:50 EST</DateTime></Topic><Msg>I agree with January 18, Yahoo will get a run up right before they release earnings.</Msg><Username>trip23455</Username><Timestamp>1355150704313</Timestamp><DateTime>Mon, 2012-12-10 09:45:04 EST</DateTime><ThumbUp>4</ThumbUp><ThumbDown>3</ThumbDown><Sentiment/></Message><Message type="ReplyMessage"><Id>1355150801192-23</Id><Topic><Title>Hotmodel - Do you still think Yahoo was dead money at $15.80?</Title><Username>theecoldone</Username><Timestamp>1354722516724</Timestamp><DateTime>Wed, 2012-12-05 10:48:36 EST</DateTime></Topic><Msg>Advice for hotmodel. Answer the question so you don't look so afraid of coldone, unless you are.</Msg><Username>trip23455</Username><Timestamp>1355150801192</Timestamp><DateTime>Mon, 2012-12-10 09:46:41 EST</DateTime><ThumbUp>3</ThumbUp><ThumbDown>4</ThumbDown><Sentiment/></Message><Message type="ReplyMessage"><Id>1355150817575-24</Id><Topic><Title>Pick the date that Yahoo will hit $20</Title><Username>spilerpep</Username><Timestamp>1354915010707</Timestamp><DateTime>Fri, 2012-12-07 16:16:50 EST</DateTime></Topic><Msg>12/11/12</Msg><Username>leestoller</Username><Timestamp>1355150817575</Timestamp><DateTime>Mon, 2012-12-10 09:46:57 EST</DateTime><ThumbUp>0</ThumbUp><ThumbDown>1</ThumbDown><Sentiment>Strong Buy</Sentiment></Message><Message type="ReplyMessage"><Id>1355151172114-25</Id><Topic><Title>Crazy market. Yahoo looks as if is going to open down considerably...</Title><Username>optionstrader4u</Username><Timestamp>1355147802381</Timestamp><DateTime>Mon, 2012-12-10 08:56:42 EST</DateTime></Topic><Msg>Why do you bother writing a post? You obviously don't know the first thing about investing optionsloser.</Msg><Username>nanobot8042</Username><Timestamp>1355151172114</Timestamp><DateTime>Mon, 2012-12-10 09:52:52 EST</DateTime><ThumbUp>2</ThumbUp><ThumbDown>0</ThumbDown><Sentiment/></Message><Message type="TopicMessage"><Id>1355151271994-26</Id><Title>Yahoo is up again!</Title><Msg>Is anyone short Yahoo? Does anyone think Yahoo will not be $20 by February? Does anyone wish the would have listened to coldone like I did? Does anyone not laugh at hotmodel?</Msg><Username>nanobot8042</Username><Timestamp>1355151271994</Timestamp><DateTime>Mon, 2012-12-10 09:54:31 EST</DateTime><ThumbUp>0</ThumbUp><ThumbDown>0</ThumbDown><Sentiment/></Message><Message type="TopicMessage"><Id>1355152016654-27</Id><Title>YHOO is not a run away train. its slow and methodical.. A 20 by end of december</Title><Msg>target would be great</Msg><Username>muchaspunadas</Username><Timestamp>1355152016654</Timestamp><DateTime>Mon, 2012-12-10 10:06:56 EST</DateTime><ThumbUp>0</ThumbUp><ThumbDown>3</ThumbDown><Sentiment/></Message><Message type="TopicMessage"><Id>1355152123111-28</Id><Title>coldone (nanobot etc.), most of us laugh at BOTH you and hotmodel (and his aliases). All you...</Title><Msg>...do is clog up the board, look silly, and show niehter of you has a life.</Msg><Username>mewag51</Username><Timestamp>1355152123111</Timestamp><DateTime>Mon, 2012-12-10 10:08:43 EST</DateTime><ThumbUp>2</ThumbUp><ThumbDown>4</ThumbDown><Sentiment/></Message><Message type="TopicMessage"><Id>1355152267764-29</Id><Title>Unless overall market is very weak, I don't see why YHOO can not easily be above $20 by....</Title><Msg>...the end of the year and really much sooner. YHOO still very undervalued at $19.30.</Msg><Username>mewag51</Username><Timestamp>1355152267764</Timestamp><DateTime>Mon, 2012-12-10 10:11:07 EST</DateTime><ThumbUp>0</ThumbUp><ThumbDown>1</ThumbDown><Sentiment/></Message><Message type="ReplyMessage"><Id>1355152683511-30</Id><Topic><Title>coldone (nanobot etc.), most of us laugh at BOTH you and hotmodel (and his aliases). All you...</Title><Username>mewag51</Username><Timestamp>1355152123111</Timestamp><DateTime>Mon, 2012-12-10 10:08:43 EST</DateTime></Topic><Msg>I am Yahoo long and it sure was dead money for about a yr. Leave Hotmodel alone and enjoy the ride ... Why are so many on this board are infactuate with Hotmodel .... all the talk on this message board is about Hotmodel ... getting bored!</Msg><Username>sunnytran</Username><Timestamp>1355152683511</Timestamp><DateTime>Mon, 2012-12-10 10:18:03 EST</DateTime><ThumbUp>2</ThumbUp><ThumbDown>4</ThumbDown><Sentiment/></Message><Message type="ReplyMessage"><Id>1355152738948-31</Id><Topic><Title>coldone (nanobot etc.), most of us laugh at BOTH you and hotmodel (and his aliases). All you...</Title><Username>mewag51</Username><Timestamp>1355152123111</Timestamp><DateTime>Mon, 2012-12-10 10:08:43 EST</DateTime></Topic><Msg>Look at the hotmodel aliases. What a clown.</Msg><Username>nanobot8042</Username><Timestamp>1355152738948</Timestamp><DateTime>Mon, 2012-12-10 10:18:58 EST</DateTime><ThumbUp>1</ThumbUp><ThumbDown>0</ThumbDown><Sentiment/></Message><Message type="ReplyMessage"><Id>1355152778590-32</Id><Topic><Title>Pick the date that Yahoo will hit $20</Title><Username>spilerpep</Username><Timestamp>1354915010707</Timestamp><DateTime>Fri, 2012-12-07 16:16:50 EST</DateTime></Topic><Msg>No reply from the board cowards.</Msg><Username>nanobot8042</Username><Timestamp>1355152778590</Timestamp><DateTime>Mon, 2012-12-10 10:19:38 EST</DateTime><ThumbUp>2</ThumbUp><ThumbDown>3</ThumbDown><Sentiment/></Message><Message type="ReplyMessage"><Id>1355152896569-33</Id><Topic><Title>Does anyone think Yahoo will not hit $20 by February?</Title><Username>spilerpep</Username><Timestamp>1355097901652</Timestamp><DateTime>Sun, 2012-12-09 19:05:01 EST</DateTime></Topic><Msg>No one thinks Yahoo will not be $20 by February? hotmodel, framer, ydkmatall, grey, dr.gloom, lexi, michan. ally, pearl, split29, bravo, mewag, anyone?</Msg><Username>nanobot8042</Username><Timestamp>1355152896569</Timestamp><DateTime>Mon, 2012-12-10 10:21:36 EST</DateTime><ThumbUp>2</ThumbUp><ThumbDown>1</ThumbDown><Sentiment/></Message><Message type="ReplyMessage"><Id>1355153356980-34</Id><Topic><Title>coldone (nanobot etc.), most of us laugh at BOTH you and hotmodel (and his aliases). All you...</Title><Username>mewag51</Username><Timestamp>1355152123111</Timestamp><DateTime>Mon, 2012-12-10 10:08:43 EST</DateTime></Topic><Msg>Anyone who talks about coldone is probably a coldone clone. Welcome to IGNORE USER. Bye.</Msg><Username>still_my_dime</Username><Timestamp>1355153356980</Timestamp><DateTime>Mon, 2012-12-10 10:29:16 EST</DateTime><ThumbUp>2</ThumbUp><ThumbDown>3</ThumbDown><Sentiment/></Message><Message type="ReplyMessage"><Id>1355153376265-35</Id><Topic><Title>Coldone's Buys at $11, $12, $13, $14, $15, $16, $17 and $18 are all up!</Title><Username>nanobot8042</Username><Timestamp>1354656401298</Timestamp><DateTime>Tue, 2012-12-04 16:26:41 EST</DateTime></Topic><Msg>Coldone's Buys at $11, $12, $13, $14, $15, $16, $17 and $18 are all up! This is what makes coldone the best investor I have ever seen.</Msg><Username>smedleypuddles</Username><Timestamp>1355153376265</Timestamp><DateTime>Mon, 2012-12-10 10:29:36 EST</DateTime><ThumbUp>3</ThumbUp><ThumbDown>1</ThumbDown><Sentiment/></Message><Message type="ReplyMessage"><Id>1355153567681-36</Id><Topic><Title>coldone (nanobot etc.), most of us laugh at BOTH you and hotmodel (and his aliases). All you...</Title><Username>mewag51</Username><Timestamp>1355152123111</Timestamp><DateTime>Mon, 2012-12-10 10:08:43 EST</DateTime></Topic><Msg>Coldone's Buys at $11, $12, $13, $14, $15, $16, $17 and $18 are all up! You're laughing with coldone or he's laughing in your face. Everyone is laughing at hotmodel.</Msg><Username>nanobot8042</Username><Timestamp>1355153567681</Timestamp><DateTime>Mon, 2012-12-10 10:32:47 EST</DateTime><ThumbUp>2</ThumbUp><ThumbDown>1</ThumbDown><Sentiment/></Message><Message type="ReplyMessage"><Id>1355153610882-37</Id><Topic><Title>Pick the date that Yahoo will hit $20</Title><Username>spilerpep</Username><Timestamp>1354915010707</Timestamp><DateTime>Fri, 2012-12-07 16:16:50 EST</DateTime></Topic><Msg>hotmodel hides from this question. lol!!!!!!!!!!!!!!!!!! Everyone is laughing at hotmodel.</Msg><Username>nanobot8042</Username><Timestamp>1355153610882</Timestamp><DateTime>Mon, 2012-12-10 10:33:30 EST</DateTime><ThumbUp>2</ThumbUp><ThumbDown>2</ThumbDown><Sentiment/></Message><Message type="ReplyMessage"><Id>1355153896164-38</Id><Topic><Title>New Yahoo Homepage To Launch This Week</Title><Username>thetoadtimes</Username><Timestamp>1354592762534</Timestamp><DateTime>Mon, 2012-12-03 22:46:02 EST</DateTime></Topic><Msg>Any day now.</Msg><Username>trip23455</Username><Timestamp>1355153896164</Timestamp><DateTime>Mon, 2012-12-10 10:38:16 EST</DateTime><ThumbUp>0</ThumbUp><ThumbDown>0</ThumbDown><Sentiment/></Message><Message type="ReplyMessage"><Id>1355153994044-39</Id><Topic><Title>Hotmodel - Do you still think Yahoo was dead money at $15.80?</Title><Username>theecoldone</Username><Timestamp>1354722516724</Timestamp><DateTime>Wed, 2012-12-05 10:48:36 EST</DateTime></Topic><Msg>coldone has destroyed the hotmodel ID.</Msg><Username>nanobot8042</Username><Timestamp>1355153994044</Timestamp><DateTime>Mon, 2012-12-10 10:39:54 EST</DateTime><ThumbUp>4</ThumbUp><ThumbDown>3</ThumbDown><Sentiment/></Message><Message type="ReplyMessage"><Id>1355154218322-40</Id><Topic><Title>Pick the date that Yahoo will hit $20</Title><Username>spilerpep</Username><Timestamp>1354915010707</Timestamp><DateTime>Fri, 2012-12-07 16:16:50 EST</DateTime></Topic><Msg>Yahoo is only 70 cents from $20. Yahoo will hit $20 no later than December 20.</Msg><Username>savior2911</Username><Timestamp>1355154218322</Timestamp><DateTime>Mon, 2012-12-10 10:43:38 EST</DateTime><ThumbUp>3</ThumbUp><ThumbDown>2</ThumbDown><Sentiment/></Message><Message type="ReplyMessage"><Id>1355154334674-41</Id><Topic><Title>Pick the date that Yahoo will hit $20</Title><Username>spilerpep</Username><Timestamp>1354915010707</Timestamp><DateTime>Fri, 2012-12-07 16:16:50 EST</DateTime></Topic><Msg>Dec 19 or sooner</Msg><Username>funattractivewordly</Username><Timestamp>1355154334674</Timestamp><DateTime>Mon, 2012-12-10 10:45:34 EST</DateTime><ThumbUp>3</ThumbUp><ThumbDown>4</ThumbDown><Sentiment/></Message><Message type="ReplyMessage"><Id>1355154342901-42</Id><Topic><Title>Yahoo hits New 4 Year High of $19.30</Title><Username>remmy12554</Username><Timestamp>1354984776648</Timestamp><DateTime>Sat, 2012-12-08 11:39:36 EST</DateTime></Topic><Msg>Yahoo is about to break that 4 year high. That means 4 years of Yahoo shorts being wrong. No wonder hotmodel isn't posting anymore.</Msg><Username>bflathalfdim</Username><Timestamp>1355154342901</Timestamp><DateTime>Mon, 2012-12-10 10:45:42 EST</DateTime><ThumbUp>2</ThumbUp><ThumbDown>0</ThumbDown><Sentiment/></Message><Message type="ReplyMessage"><Id>1355154350892-43</Id><Topic><Title>YHOO is not a run away train. its slow and methodical.. A 20 by end of december</Title><Username>muchaspunadas</Username><Timestamp>1355152016654</Timestamp><DateTime>Mon, 2012-12-10 10:06:56 EST</DateTime></Topic><Msg>Give me $0.25 to $0.35 a day and that's ok with me.</Msg><Username>randywms55</Username><Timestamp>1355154350892</Timestamp><DateTime>Mon, 2012-12-10 10:45:50 EST</DateTime><ThumbUp>1</ThumbUp><ThumbDown>2</ThumbDown><Sentiment/></Message><Message type="ReplyMessage"><Id>1355154892946-44</Id><Topic><Title>Does anyone think Yahoo will not hit $20 by February?</Title><Username>spilerpep</Username><Timestamp>1355097901652</Timestamp><DateTime>Sun, 2012-12-09 19:05:01 EST</DateTime></Topic><Msg>Those hotmodel aliases are gone. Coldone embarrassed them off this site.</Msg><Username>smedleypuddles</Username><Timestamp>1355154892946</Timestamp><DateTime>Mon, 2012-12-10 10:54:52 EST</DateTime><ThumbUp>2</ThumbUp><ThumbDown>3</ThumbDown><Sentiment/></Message><Message type="ReplyMessage"><Id>1355154898881-45</Id><Topic><Title>YHOO is not a run away train. its slow and methodical.. A 20 by end of december</Title><Username>muchaspunadas</Username><Timestamp>1355152016654</Timestamp><DateTime>Mon, 2012-12-10 10:06:56 EST</DateTime></Topic><Msg>throw in a $.50 day for me once in a while if ya could !! LOL.</Msg><Username>toni19601</Username><Timestamp>1355154898881</Timestamp><DateTime>Mon, 2012-12-10 10:54:58 EST</DateTime><ThumbUp>0</ThumbUp><ThumbDown>2</ThumbDown><Sentiment>Strong Buy</Sentiment></Message><Message type="ReplyMessage"><Id>1355155097501-46</Id><Topic><Title>Hotmodel - Do you still think Yahoo was dead money at $15.80?</Title><Username>theecoldone</Username><Timestamp>1354722516724</Timestamp><DateTime>Wed, 2012-12-05 10:48:36 EST</DateTime></Topic><Msg>Can't blame hotmodel for not wanting to be laughed at any longer. Her fate was sealed years ago. hotmodel is afraid to answer a simple question so everyone can see what a phony she is. The coldone rules...</Msg><Username>theecoldone</Username><Timestamp>1355155097501</Timestamp><DateTime>Mon, 2012-12-10 10:58:17 EST</DateTime><ThumbUp>4</ThumbUp><ThumbDown>4</ThumbDown><Sentiment/></Message><Message type="ReplyMessage"><Id>1355155142410-47</Id><Topic><Title>Coldone's Buys at $11, $12, $13, $14, $15, $16, $17 and $18 are all up!</Title><Username>nanobot8042</Username><Timestamp>1354656401298</Timestamp><DateTime>Tue, 2012-12-04 16:26:41 EST</DateTime></Topic><Msg>The coldone is here to share his knowledge of all things Yahoo...</Msg><Username>theecoldone</Username><Timestamp>1355155142410</Timestamp><DateTime>Mon, 2012-12-10 10:59:02 EST</DateTime><ThumbUp>3</ThumbUp><ThumbDown>2</ThumbDown><Sentiment/></Message><Message type="ReplyMessage"><Id>1355155175805-48</Id><Topic><Title>Yahoo hits New 4 Year High of $19.30</Title><Username>remmy12554</Username><Timestamp>1354984776648</Timestamp><DateTime>Sat, 2012-12-08 11:39:36 EST</DateTime></Topic><Msg>Yahoo will soon trade at $20...</Msg><Username>theecoldone</Username><Timestamp>1355155175805</Timestamp><DateTime>Mon, 2012-12-10 10:59:35 EST</DateTime><ThumbUp>3</ThumbUp><ThumbDown>1</ThumbDown><Sentiment/></Message><Message type="ReplyMessage"><Id>1355155232247-49</Id><Topic><Title>Does anyone think Yahoo will not hit $20 by February?</Title><Username>spilerpep</Username><Timestamp>1355097901652</Timestamp><DateTime>Sun, 2012-12-09 19:05:01 EST</DateTime></Topic><Msg>The old Yahoo shorts are all washed up. The coldone rules...</Msg><Username>theecoldone</Username><Timestamp>1355155232247</Timestamp><DateTime>Mon, 2012-12-10 11:00:32 EST</DateTime><ThumbUp>3</ThumbUp><ThumbDown>3</ThumbDown><Sentiment/></Message><Message type="ReplyMessage"><Id>1355155608316-50</Id><Topic><Title>You have $1 million to buy or sell Yahoo at $19, what do you do?</Title><Username>theecoldone</Username><Timestamp>1355011958397</Timestamp><DateTime>Sat, 2012-12-08 19:12:38 EST</DateTime></Topic><Msg>This is how you shutdown the Yahoo bashers! Now you know why the coldone rules, plus buying at $11, $12, $13, $14, $15, $16, $17 and $18 didn't hurt...Ha!</Msg><Username>theecoldone</Username><Timestamp>1355155608316</Timestamp><DateTime>Mon, 2012-12-10 11:06:48 EST</DateTime><ThumbUp>4</ThumbUp><ThumbDown>1</ThumbDown><Sentiment/></Message><Message type="ReplyMessage"><Id>1355155751966-51</Id><Topic><Title>You have $1 million to buy or sell Yahoo at $19, what do you do?</Title><Username>theecoldone</Username><Timestamp>1355011958397</Timestamp><DateTime>Sat, 2012-12-08 19:12:38 EST</DateTime></Topic><Msg>BUY!!!</Msg><Username>leestoller</Username><Timestamp>1355155751966</Timestamp><DateTime>Mon, 2012-12-10 11:09:11 EST</DateTime><ThumbUp>0</ThumbUp><ThumbDown>3</ThumbDown><Sentiment>Strong Buy</Sentiment></Message><Message type="ReplyMessage"><Id>1355156206283-52</Id><Topic><Title>Does anyone think Yahoo will not hit $20 by February?</Title><Username>spilerpep</Username><Timestamp>1355097901652</Timestamp><DateTime>Sun, 2012-12-09 19:05:01 EST</DateTime></Topic><Msg>After flipping a coin I can say that Yahoo will hit $20 by February. Am I going to make that coin toss rule my day to day trading? No, by February I will have bought and sold shorted and covered at least 50 times. So February is of as much interest to me as your shoe size (8 according to a coin toss).</Msg><Username>dr.gloom</Username><Timestamp>1355156206283</Timestamp><DateTime>Mon, 2012-12-10 11:16:46 EST</DateTime><ThumbUp>1</ThumbUp><ThumbDown>3</ThumbDown><Sentiment/></Message><Message type="TopicMessage"><Id>1355157350601-53</Id><Title>WILL BUY ANOTHER 20,000 SHARES WITH A DAILY CLOSE ABOVE 1.91</Title><Msg>the order is set and ready GTC</Msg><Username>joeyfalcone320</Username><Timestamp>1355157350601</Timestamp><DateTime>Mon, 2012-12-10 11:35:50 EST</DateTime><ThumbUp>0</ThumbUp><ThumbDown>3</ThumbDown><Sentiment>Hold</Sentiment></Message><Message type="ReplyMessage"><Id>1355157469866-54</Id><Topic><Title>WILL BUY ANOTHER 20,000 SHARES WITH A DAILY CLOSE ABOVE 1.91</Title><Username>joeyfalcone320</Username><Timestamp>1355157350601</Timestamp><DateTime>Mon, 2012-12-10 11:35:50 EST</DateTime></Topic><Msg>Useless post.</Msg><Username>still_my_dime</Username><Timestamp>1355157469866</Timestamp><DateTime>Mon, 2012-12-10 11:37:49 EST</DateTime><ThumbUp>0</ThumbUp><ThumbDown>2</ThumbDown><Sentiment/></Message><Message type="ReplyMessage"><Id>1355158478018-55</Id><Topic><Title>You have $1 million to buy or sell Yahoo at $19, what do you do?</Title><Username>theecoldone</Username><Timestamp>1355011958397</Timestamp><DateTime>Sat, 2012-12-08 19:12:38 EST</DateTime></Topic><Msg>look at hotmodel trying to talk to coldone with her basket alias. It's just pitiful.</Msg><Username>remmy12554</Username><Timestamp>1355158478018</Timestamp><DateTime>Mon, 2012-12-10 11:54:38 EST</DateTime><ThumbUp>3</ThumbUp><ThumbDown>1</ThumbDown><Sentiment/></Message><Message type="TopicMessage"><Id>1355158731000-56</Id><Title>Yahoo bashers/shorts have been silenced by the coldone!</Title><Msg>Yahoo bashers/shorts have been silenced by the coldone! The only old shorty/basher IDs left are dr.gloom and snotmodel. They are trying to hang around but everyone keeps laughing at them... Ha!</Msg><Username>theecoldone</Username><Timestamp>1355158731000</Timestamp><DateTime>Mon, 2012-12-10 11:58:51 EST</DateTime><ThumbUp>5</ThumbUp><ThumbDown>17</ThumbDown><Sentiment/></Message><Message type="TopicMessage"><Id>1355161410488-57</Id><Title>NBC Sports Agreement</Title><Msg>Yahoo's agreement with NBC Sports is another excellent move pushed by the new CEO. Incremental additions to a huge franchise! Regardless of the disposition of the Chinese and Japanese holdings, it appears that the base company will be run actively. Current valuation is equal only to those holdings, and we should see increased stock price as the new mobile Yahoo comes is developed. JMHO.</Msg><Username>pinionated</Username><Timestamp>1355161410488</Timestamp><DateTime>Mon, 2012-12-10 12:43:30 EST</DateTime><ThumbUp>2</ThumbUp><ThumbDown>1</ThumbDown><Sentiment>Strong Buy</Sentiment></Message><Message type="ReplyMessage"><Id>1355162372231-58</Id><Topic><Title>Yahoo bashers/shorts have been silenced by the coldone!</Title><Username>theecoldone</Username><Timestamp>1355158731000</Timestamp><DateTime>Mon, 2012-12-10 11:58:51 EST</DateTime></Topic><Msg>basket is hotmodel's new idiotic alias. Now we can still laugh at hotmodel through basket trying to talk to coldone. coldone just ignore's basket and she can't stand it. hahaha!!!!!</Msg><Username>tetheredbird</Username><Timestamp>1355162372231</Timestamp><DateTime>Mon, 2012-12-10 12:59:32 EST</DateTime><ThumbUp>5</ThumbUp><ThumbDown>2</ThumbDown><Sentiment/></Message><Message type="ReplyMessage"><Id>1355162469804-59</Id><Topic><Title>You have $1 million to buy or sell Yahoo at $19, what do you do?</Title><Username>theecoldone</Username><Timestamp>1355011958397</Timestamp><DateTime>Sat, 2012-12-08 19:12:38 EST</DateTime></Topic><Msg>coldone is ignoring hotmodel's new alias, basket. Look how pitiful hotmodel is.</Msg><Username>tetheredbird</Username><Timestamp>1355162469804</Timestamp><DateTime>Mon, 2012-12-10 13:01:09 EST</DateTime><ThumbUp>2</ThumbUp><ThumbDown>1</ThumbDown><Sentiment/></Message><Message type="ReplyMessage"><Id>1355162567696-60</Id><Topic><Title>A few words for the Yahoo shorts...</Title><Username>theecoldone</Username><Timestamp>1354634484463</Timestamp><DateTime>Tue, 2012-12-04 10:21:24 EST</DateTime></Topic><Msg>When coldone says buy, I buy!</Msg><Username>tetheredbird</Username><Timestamp>1355162567696</Timestamp><DateTime>Mon, 2012-12-10 13:02:47 EST</DateTime><ThumbUp>0</ThumbUp><ThumbDown>2</ThumbDown><Sentiment/></Message><Message type="ReplyMessage"><Id>1355162615193-61</Id><Topic><Title>Coldone's Buys at $11, $12, $13, $14, $15, $16, $17 and $18 are all up!</Title><Username>nanobot8042</Username><Timestamp>1354656401298</Timestamp><DateTime>Tue, 2012-12-04 16:26:41 EST</DateTime></Topic><Msg>When coldone says buy, you better buy that day.</Msg><Username>tetheredbird</Username><Timestamp>1355162615193</Timestamp><DateTime>Mon, 2012-12-10 13:03:35 EST</DateTime><ThumbUp>2</ThumbUp><ThumbDown>2</ThumbDown><Sentiment/></Message><Message type="TopicMessage"><Id>1355162620163-62</Id><Title>YAHOO is solidifying positions in Finance and Sports...The future is still TV and Mobile and YHOO is targeting or aiming perfectly...</Title><Msg>With the deal with NBC Sports and the collaboration previously with CNBC Finance, Yahoo is strategizing to solidify their content position for TV and Mobile. It is like real estate, location, location, location. AAPL or MSFT definitely are looking now!!</Msg><Username>stoxtxholdem</Username><Timestamp>1355162620163</Timestamp><DateTime>Mon, 2012-12-10 13:03:40 EST</DateTime><ThumbUp>1</ThumbUp><ThumbDown>2</ThumbDown><Sentiment/></Message><Message type="ReplyMessage"><Id>1355162692477-63</Id><Topic><Title>Hotmodel said Yahoo was dead money at $15.80 about 6 weeks ago, Yahoo is now $19.14!</Title><Username>nanobot8042</Username><Timestamp>1354812926449</Timestamp><DateTime>Thu, 2012-12-06 11:55:26 EST</DateTime></Topic><Msg>I've made thousands doing the opposite of hotmodel and buying as soon as coldone says to buy.</Msg><Username>ashton10shyof</Username><Timestamp>1355162692477</Timestamp><DateTime>Mon, 2012-12-10 13:04:52 EST</DateTime><ThumbUp>2</ThumbUp><ThumbDown>1</ThumbDown><Sentiment/></Message><Message type="ReplyMessage"><Id>1355163708652-64</Id><Topic><Title>Yahoo bashers/shorts have been silenced by the coldone!</Title><Username>theecoldone</Username><Timestamp>1355158731000</Timestamp><DateTime>Mon, 2012-12-10 11:58:51 EST</DateTime></Topic><Msg>Look at basket talking in the third person like coldone. Hotmodel's aliases get more obsessed with coldone with every new alias. basket is the worst yet.</Msg><Username>remmy12554</Username><Timestamp>1355163708652</Timestamp><DateTime>Mon, 2012-12-10 13:21:48 EST</DateTime><ThumbUp>2</ThumbUp><ThumbDown>2</ThumbDown><Sentiment/></Message><Message type="TopicMessage"><Id>1355164101815-65</Id><Title>Yahoo! Sports is coming to your TV</Title><Msg>Yahoo! Inc and NBC Sports Group said they will integrate and promote each others sports content on the Internet as well as on television in a move that would help both the companies draw on their respective strengths across both mediums. The collaboration will increase NBC's digital presence as well as bolster its college and fantasy game coverage, while Yahoo will gain access NBC's video content, live sports coverage and big name television personalities. Reuters-</Msg><Username>thetoadtimes</Username><Timestamp>1355164101815</Timestamp><DateTime>Mon, 2012-12-10 13:28:21 EST</DateTime><ThumbUp>1</ThumbUp><ThumbDown>0</ThumbDown><Sentiment/></Message><Message type="TopicMessage"><Id>1355164126581-66</Id><Title>nanobot aka monett4 #$%$ about who said what! You said it all. Just HOLD!</Title><Msg>Just HOLD Yahoo and teri biwi ki .....stop being sick - Please. You can never be sane you mutt. jejeje</Msg><Username>steddy_reddy1</Username><Timestamp>1355164126581</Timestamp><DateTime>Mon, 2012-12-10 13:28:46 EST</DateTime><ThumbUp>0</ThumbUp><ThumbDown>0</ThumbDown><Sentiment>Strong Buy</Sentiment></Message><Message type="ReplyMessage"><Id>1355164237529-67</Id><Topic><Title>Yahoo! Sports is coming to your TV</Title><Username>thetoadtimes</Username><Timestamp>1355164101815</Timestamp><DateTime>Mon, 2012-12-10 13:28:21 EST</DateTime></Topic><Msg>Comcast is getting cozy with Yahoo.</Msg><Username>tarordble</Username><Timestamp>1355164237529</Timestamp><DateTime>Mon, 2012-12-10 13:30:37 EST</DateTime><ThumbUp>1</ThumbUp><ThumbDown>0</ThumbDown><Sentiment/></Message><Message type="ReplyMessage"><Id>1355165572950-68</Id><Topic><Title>Yahoo bashers/shorts have been silenced by the coldone!</Title><Username>theecoldone</Username><Timestamp>1355158731000</Timestamp><DateTime>Mon, 2012-12-10 11:58:51 EST</DateTime></Topic><Msg>Another hotmodel alias down the tubes. basket is too obvious about her obsession with coldone. Talk about desperate for attention.</Msg><Username>neo1278alpha</Username><Timestamp>1355165572950</Timestamp><DateTime>Mon, 2012-12-10 13:52:52 EST</DateTime><ThumbUp>1</ThumbUp><ThumbDown>2</ThumbDown><Sentiment/></Message><Message type="TopicMessage"><Id>1355165574251-69</Id><Title>like watching paint dry..</Title><Msg>Yahoo trading like Cisco.. I'm going to fall asleep</Msg><Username>freenextel</Username><Timestamp>1355165574251</Timestamp><DateTime>Mon, 2012-12-10 13:52:54 EST</DateTime><ThumbUp>0</ThumbUp><ThumbDown>0</ThumbDown><Sentiment>Strong Buy</Sentiment></Message><Message type="TopicMessage"><Id>1355165781724-70</Id><Title>Yahoo up 27% in 3 months! Yahoo is an exciting company again</Title><Msg>Glad I bought when coldone said to buy at $13.</Msg><Username>shelcorecrust</Username><Timestamp>1355165781724</Timestamp><DateTime>Mon, 2012-12-10 13:56:21 EST</DateTime><ThumbUp>0</ThumbUp><ThumbDown>0</ThumbDown><Sentiment/></Message><Message type="ReplyMessage"><Id>1355165891337-71</Id><Topic><Title>Hotmodel said Yahoo was dead money at $15.80 about 6 weeks ago, Yahoo is now $19.14!</Title><Username>nanobot8042</Username><Timestamp>1354812926449</Timestamp><DateTime>Thu, 2012-12-06 11:55:26 EST</DateTime></Topic><Msg>hotmodel is still afraid to answer.</Msg><Username>tetheredbird</Username><Timestamp>1355165891337</Timestamp><DateTime>Mon, 2012-12-10 13:58:11 EST</DateTime><ThumbUp>2</ThumbUp><ThumbDown>1</ThumbDown><Sentiment/></Message><Message type="ReplyMessage"><Id>1355165965773-72</Id><Topic><Title>Hotmodel - Do you still think Yahoo was dead money at $15.80?</Title><Username>theecoldone</Username><Timestamp>1354722516724</Timestamp><DateTime>Wed, 2012-12-05 10:48:36 EST</DateTime></Topic><Msg>hotmodel's fear of you is embarrassing for her.</Msg><Username>tetheredbird</Username><Timestamp>1355165965773</Timestamp><DateTime>Mon, 2012-12-10 13:59:25 EST</DateTime><ThumbUp>3</ThumbUp><ThumbDown>3</ThumbDown><Sentiment/></Message><Message type="TopicMessage"><Id>1355166453738-73</Id><Title>yawn, this a boring stock, no excitement here</Title><Msg>im going over to FB or GRPN message board to have fun instead, you guys are so boring here</Msg><Username>i_hump_ducks</Username><Timestamp>1355166453738</Timestamp><DateTime>Mon, 2012-12-10 14:07:33 EST</DateTime><ThumbUp>0</ThumbUp><ThumbDown>2</ThumbDown><Sentiment/></Message><Message type="TopicMessage"><Id>1355166748276-74</Id><Title>YHOO Finance</Title><Msg>still as screwed up as ever----embarrassing</Msg><Username>dr_ooopha</Username><Timestamp>1355166748276</Timestamp><DateTime>Mon, 2012-12-10 14:12:28 EST</DateTime><ThumbUp>0</ThumbUp><ThumbDown>0</ThumbDown><Sentiment/></Message><Message type="TopicMessage"><Id>1355167453346-75</Id><Title>The playgound!</Title><Msg>This message board reminds me of a playground full of 3rd graders.</Msg><Username>mb525789</Username><Timestamp>1355167453346</Timestamp><DateTime>Mon, 2012-12-10 14:24:13 EST</DateTime><ThumbUp>2</ThumbUp><ThumbDown>4</ThumbDown><Sentiment/></Message><Message type="ReplyMessage"><Id>1355167598822-76</Id><Topic><Title>Yahoo up 27% in 3 months! Yahoo is an exciting company again</Title><Username>shelcorecrust</Username><Timestamp>1355165781724</Timestamp><DateTime>Mon, 2012-12-10 13:56:21 EST</DateTime></Topic><Msg>coldone has made many investors on this site rich.</Msg><Username>remmy12554</Username><Timestamp>1355167598822</Timestamp><DateTime>Mon, 2012-12-10 14:26:38 EST</DateTime><ThumbUp>0</ThumbUp><ThumbDown>1</ThumbDown><Sentiment/></Message><Message type="TopicMessage"><Id>1355168163739-77</Id><Title>Selling DAL Buying HA</Title><Msg>More Upside in 2013 looks like</Msg><Username>strengrick</Username><Timestamp>1355168163739</Timestamp><DateTime>Mon, 2012-12-10 14:36:03 EST</DateTime><ThumbUp>0</ThumbUp><ThumbDown>1</ThumbDown><Sentiment>Strong Buy</Sentiment></Message><Message type="ReplyMessage"><Id>1355168469212-78</Id><Topic><Title>The playgound!</Title><Username>mb525789</Username><Timestamp>1355167453346</Timestamp><DateTime>Mon, 2012-12-10 14:24:13 EST</DateTime></Topic><Msg>You are being kind</Msg><Username>randywms55</Username><Timestamp>1355168469212</Timestamp><DateTime>Mon, 2012-12-10 14:41:09 EST</DateTime><ThumbUp>0</ThumbUp><ThumbDown>2</ThumbDown><Sentiment/></Message><Message type="ReplyMessage"><Id>1355168659810-79</Id><Topic><Title>The playgound!</Title><Username>mb525789</Username><Timestamp>1355167453346</Timestamp><DateTime>Mon, 2012-12-10 14:24:13 EST</DateTime></Topic><Msg>Well it is a very interesting comparison.</Msg><Username>mb525789</Username><Timestamp>1355168659810</Timestamp><DateTime>Mon, 2012-12-10 14:44:19 EST</DateTime><ThumbUp>0</ThumbUp><ThumbDown>3</ThumbDown><Sentiment/></Message><Message type="TopicMessage"><Id>1355168887765-80</Id><Title>Bet on the Coal Sector, not the NG Sector</Title><Msg>There is no question that both natural gas price and coal price is going a lot higher. But the coal sector, being deeply discounted, is where you will make the big profits. Coal price has just raised to the profitability threshold of coal producers. But natural gas remains deeply un-profitable for shale gas producers. Not to mention that the NG sector has a combined debt load of more than HALF A TRILLION DOLLARS. Not to mention that both the coal and the NG sector produces about an equal amount of energy, but yet investors put 75 times more capital money in the NG sector versus the coal sector. It was the biggest misplacement of investment in the history of energy investment. This create a huge buying opportunity in the US coal sector. Buy JRCC, ANR, ACI, BTU, WLT.</Msg><Username>cadmium_telluride</Username><Timestamp>1355168887765</Timestamp><DateTime>Mon, 2012-12-10 14:48:07 EST</DateTime><ThumbUp>0</ThumbUp><ThumbDown>2</ThumbDown><Sentiment/></Message><Message type="ReplyMessage"><Id>1355169354830-81</Id><Topic><Title>Hotmodel said Yahoo was dead money at $15.80 about 6 weeks ago, Yahoo is now $19.14!</Title><Username>nanobot8042</Username><Timestamp>1354812926449</Timestamp><DateTime>Thu, 2012-12-06 11:55:26 EST</DateTime></Topic><Msg>hotmodel proves how little she knows.</Msg><Username>shelcorecrust</Username><Timestamp>1355169354830</Timestamp><DateTime>Mon, 2012-12-10 14:55:54 EST</DateTime><ThumbUp>2</ThumbUp><ThumbDown>2</ThumbDown><Sentiment/></Message><Message type="ReplyMessage"><Id>1355170293771-82</Id><Topic><Title>The playgound!</Title><Username>mb525789</Username><Timestamp>1355167453346</Timestamp><DateTime>Mon, 2012-12-10 14:24:13 EST</DateTime></Topic><Msg>This place is much better than it was when lexi, lmao, hotmodel, framer, grey, dr.gloom, split29 and ydk were bashing Yahoo every second. They lost everything and left. Now, we have a lot of rich Yahoo longs bragging about their gains. Does that bother you? Too bad you didn't buy when coldone told you to at $11, $12, $13, $14, $15, $16, $17 and $18.</Msg><Username>remmy12554</Username><Timestamp>1355170293771</Timestamp><DateTime>Mon, 2012-12-10 15:11:33 EST</DateTime><ThumbUp>2</ThumbUp><ThumbDown>2</ThumbDown><Sentiment/></Message><Message type="ReplyMessage"><Id>1355170325512-83</Id><Topic><Title>Coldone's Buys at $11, $12, $13, $14, $15, $16, $17 and $18 are all up!</Title><Username>nanobot8042</Username><Timestamp>1354656401298</Timestamp><DateTime>Tue, 2012-12-04 16:26:41 EST</DateTime></Topic><Msg>Coldone has never been wrong.</Msg><Username>remmy12554</Username><Timestamp>1355170325512</Timestamp><DateTime>Mon, 2012-12-10 15:12:05 EST</DateTime><ThumbUp>2</ThumbUp><ThumbDown>1</ThumbDown><Sentiment/></Message><Message type="ReplyMessage"><Id>1355170370233-84</Id><Topic><Title>Yahoo hits New 4 Year High of $19.30</Title><Username>remmy12554</Username><Timestamp>1354984776648</Timestamp><DateTime>Sat, 2012-12-08 11:39:36 EST</DateTime></Topic><Msg>Yahoo just broke that high at $19.31.</Msg><Username>remmy12554</Username><Timestamp>1355170370233</Timestamp><DateTime>Mon, 2012-12-10 15:12:50 EST</DateTime><ThumbUp>2</ThumbUp><ThumbDown>0</ThumbDown><Sentiment/></Message><Message type="ReplyMessage"><Id>1355170632864-85</Id><Topic><Title>The playgound!</Title><Username>mb525789</Username><Timestamp>1355167453346</Timestamp><DateTime>Mon, 2012-12-10 14:24:13 EST</DateTime></Topic><Msg>I would have liked to have "bought in" at the lower levels. Truth is i could not. And i still cannot. While the share price has risen i think there is still considerable upside here.</Msg><Username>mb525789</Username><Timestamp>1355170632864</Timestamp><DateTime>Mon, 2012-12-10 15:17:12 EST</DateTime><ThumbUp>1</ThumbUp><ThumbDown>3</ThumbDown><Sentiment/></Message><Message type="TopicMessage"><Id>1355171033299-86</Id><Title>Money Managers Bidding Yahoo Up In last Hour Of Trading</Title><Msg>Yahoo's volume and price is spiking in the last hour of trade. Yahoo at 4 year high of $19.38.</Msg><Username>trotlightly34</Username><Timestamp>1355171033299</Timestamp><DateTime>Mon, 2012-12-10 15:23:53 EST</DateTime><ThumbUp>3</ThumbUp><ThumbDown>1</ThumbDown><Sentiment/></Message><Message type="ReplyMessage"><Id>1355171047070-87</Id><Topic><Title>Yahoo hits New 4 Year High of $19.30</Title><Username>remmy12554</Username><Timestamp>1354984776648</Timestamp><DateTime>Sat, 2012-12-08 11:39:36 EST</DateTime></Topic><Msg>And going higher today!</Msg><Username>randywms55</Username><Timestamp>1355171047070</Timestamp><DateTime>Mon, 2012-12-10 15:24:07 EST</DateTime><ThumbUp>2</ThumbUp><ThumbDown>0</ThumbDown><Sentiment/></Message><Message type="ReplyMessage"><Id>1355171263713-88</Id><Topic><Title>Dividents</Title><Username>fdc17422000</Username><Timestamp>1354742041977</Timestamp><DateTime>Wed, 2012-12-05 16:14:01 EST</DateTime></Topic><Msg>Dividents today? Maybe</Msg><Username>fdc17422000</Username><Timestamp>1355171263713</Timestamp><DateTime>Mon, 2012-12-10 15:27:43 EST</DateTime><ThumbUp>0</ThumbUp><ThumbDown>0</ThumbDown><Sentiment>Strong Buy</Sentiment></Message><Message type="ReplyMessage"><Id>1355171560694-89</Id><Topic><Title>Money Managers Bidding Yahoo Up In last Hour Of Trading</Title><Username>trotlightly34</Username><Timestamp>1355171033299</Timestamp><DateTime>Mon, 2012-12-10 15:23:53 EST</DateTime></Topic><Msg>Maybe dividents after hour.</Msg><Username>fdc17422000</Username><Timestamp>1355171560694</Timestamp><DateTime>Mon, 2012-12-10 15:32:40 EST</DateTime><ThumbUp>0</ThumbUp><ThumbDown>0</ThumbDown><Sentiment>Strong Buy</Sentiment></Message><Message type="TopicMessage"><Id>1355171866183-90</Id><Title>Yahoo at New 4 Year High of $19.42</Title><Msg>I think if hotmodel has any class she would congratulate coldone and the rest of the longs on this board instead of crying over her losses.</Msg><Username>remmy12554</Username><Timestamp>1355171866183</Timestamp><DateTime>Mon, 2012-12-10 15:37:46 EST</DateTime><ThumbUp>2</ThumbUp><ThumbDown>1</ThumbDown><Sentiment/></Message><Message type="ReplyMessage"><Id>1355171920926-91</Id><Topic><Title>Yahoo at New 4 Year High of $19.42</Title><Username>remmy12554</Username><Timestamp>1355171866183</Timestamp><DateTime>Mon, 2012-12-10 15:37:46 EST</DateTime></Topic><Msg>It's at $19.44 now.</Msg><Username>neo1278alpha</Username><Timestamp>1355171920926</Timestamp><DateTime>Mon, 2012-12-10 15:38:40 EST</DateTime><ThumbUp>3</ThumbUp><ThumbDown>0</ThumbDown><Sentiment/></Message><Message type="ReplyMessage"><Id>1355171988377-92</Id><Topic><Title>Money Managers Bidding Yahoo Up In last Hour Of Trading</Title><Username>trotlightly34</Username><Timestamp>1355171033299</Timestamp><DateTime>Mon, 2012-12-10 15:23:53 EST</DateTime></Topic><Msg>Yahoo traded 2 million shares in the last 10 minutes and is at a 4 year high of $19.46!</Msg><Username>neo1278alpha</Username><Timestamp>1355171988377</Timestamp><DateTime>Mon, 2012-12-10 15:39:48 EST</DateTime><ThumbUp>3</ThumbUp><ThumbDown>0</ThumbDown><Sentiment/></Message><Message type="ReplyMessage"><Id>1355172157628-93</Id><Topic><Title>Yahoo at New 4 Year High of $19.42</Title><Username>remmy12554</Username><Timestamp>1355171866183</Timestamp><DateTime>Mon, 2012-12-10 15:37:46 EST</DateTime></Topic><Msg>$19.47!!!</Msg><Username>ashton10shyof</Username><Timestamp>1355172157628</Timestamp><DateTime>Mon, 2012-12-10 15:42:37 EST</DateTime><ThumbUp>1</ThumbUp><ThumbDown>0</ThumbDown><Sentiment/></Message><Message type="ReplyMessage"><Id>1355172253337-94</Id><Topic><Title>Does anyone think Yahoo will not hit $20 by February?</Title><Username>spilerpep</Username><Timestamp>1355097901652</Timestamp><DateTime>Sun, 2012-12-09 19:05:01 EST</DateTime></Topic><Msg>At this rate Yahoo will be $20 by Wednesday.</Msg><Username>ashton10shyof</Username><Timestamp>1355172253337</Timestamp><DateTime>Mon, 2012-12-10 15:44:13 EST</DateTime><ThumbUp>2</ThumbUp><ThumbDown>1</ThumbDown><Sentiment/></Message><Message type="ReplyMessage"><Id>1355172342071-95</Id><Topic><Title>Pick the date that Yahoo will hit $20</Title><Username>spilerpep</Username><Timestamp>1354915010707</Timestamp><DateTime>Fri, 2012-12-07 16:16:50 EST</DateTime></Topic><Msg>Looks like Yahoo will be $20 on December 13, 2012.</Msg><Username>traderssounds</Username><Timestamp>1355172342071</Timestamp><DateTime>Mon, 2012-12-10 15:45:42 EST</DateTime><ThumbUp>2</ThumbUp><ThumbDown>3</ThumbDown><Sentiment/></Message><Message type="ReplyMessage"><Id>1355172747178-96</Id><Topic><Title>Yahoo at New 4 Year High of $19.42</Title><Username>remmy12554</Username><Timestamp>1355171866183</Timestamp><DateTime>Mon, 2012-12-10 15:37:46 EST</DateTime></Topic><Msg>Needs to close above $19.43 today!</Msg><Username>randywms55</Username><Timestamp>1355172747178</Timestamp><DateTime>Mon, 2012-12-10 15:52:27 EST</DateTime><ThumbUp>0</ThumbUp><ThumbDown>1</ThumbDown><Sentiment/></Message><Message type="ReplyMessage"><Id>1355172758700-97</Id><Topic><Title>Pick the date that Yahoo will hit $20</Title><Username>spilerpep</Username><Timestamp>1354915010707</Timestamp><DateTime>Fri, 2012-12-07 16:16:50 EST</DateTime></Topic><Msg>!2/11/12</Msg><Username>leestoller</Username><Timestamp>1355172758700</Timestamp><DateTime>Mon, 2012-12-10 15:52:38 EST</DateTime><ThumbUp>0</ThumbUp><ThumbDown>6</ThumbDown><Sentiment>Strong Buy</Sentiment></Message><Message type="ReplyMessage"><Id>1355172927453-98</Id><Topic><Title>Yahoo at New 4 Year High of $19.42</Title><Username>remmy12554</Username><Timestamp>1355171866183</Timestamp><DateTime>Mon, 2012-12-10 15:37:46 EST</DateTime></Topic><Msg>Why?</Msg><Username>spilerpep</Username><Timestamp>1355172927453</Timestamp><DateTime>Mon, 2012-12-10 15:55:27 EST</DateTime><ThumbUp>1</ThumbUp><ThumbDown>0</ThumbDown><Sentiment/></Message><Message type="ReplyMessage"><Id>1355173105461-99</Id><Topic><Title>Yahoo at New 4 Year High of $19.42</Title><Username>remmy12554</Username><Timestamp>1355171866183</Timestamp><DateTime>Mon, 2012-12-10 15:37:46 EST</DateTime></Topic><Msg>$19.43 is the next technical level</Msg><Username>randywms55</Username><Timestamp>1355173105461</Timestamp><DateTime>Mon, 2012-12-10 15:58:25 EST</DateTime><ThumbUp>0</ThumbUp><ThumbDown>0</ThumbDown><Sentiment/></Message><Message type="ReplyMessage"><Id>1355173286333-100</Id><Topic><Title>Yahoo at New 4 Year High of $19.42</Title><Username>remmy12554</Username><Timestamp>1355171866183</Timestamp><DateTime>Mon, 2012-12-10 15:37:46 EST</DateTime></Topic><Msg>How do you figure $19.43 is a technical level? By the way Yahoo just closed at $19.43,</Msg><Username>spilerpep</Username><Timestamp>1355173286333</Timestamp><DateTime>Mon, 2012-12-10 16:01:26 EST</DateTime><ThumbUp>0</ThumbUp><ThumbDown>0</ThumbDown><Sentiment/></Message><Message type="TopicMessage"><Id>1355173438403-101</Id><Title>I would to get back in RAS ,,,,I have sold PUTS at $5..............spring 2013............expect higher div</Title><Msg>probably the options will expire...............but as always I have to receive CASH today so that I buy a stock sometime in the future at a price lower than I could by now ................naturally most expire and the premium I received becomes current income ...............fully taxable..........buying four INS co ...and as always adding to ITSI @ 43 c3nts wich has reported 22 cents in earnings with NO DEBT ............hoping their patents are worth tens of millions ...imo</Msg><Username>chi134431</Username><Timestamp>1355173438403</Timestamp><DateTime>Mon, 2012-12-10 16:03:58 EST</DateTime><ThumbUp>0</ThumbUp><ThumbDown>4</ThumbDown><Sentiment/></Message><Message type="ReplyMessage"><Id>1355173604412-102</Id><Topic><Title>Yahoo at New 4 Year High of $19.42</Title><Username>remmy12554</Username><Timestamp>1355171866183</Timestamp><DateTime>Mon, 2012-12-10 15:37:46 EST</DateTime></Topic><Msg>16:01 Share Trades 150,000; 40,000; 100,000; 125,000</Msg><Username>randywms55</Username><Timestamp>1355173604412</Timestamp><DateTime>Mon, 2012-12-10 16:06:44 EST</DateTime><ThumbUp>0</ThumbUp><ThumbDown>0</ThumbDown><Sentiment/></Message><Message type="TopicMessage"><Id>1355173746385-103</Id><Title>Apple is going to go after Yahoo and take on Google. It's called Operation: Level the playing field.</Title><Msg>$34 will be the buyout price.</Msg><Username>add_more2</Username><Timestamp>1355173746385</Timestamp><DateTime>Mon, 2012-12-10 16:09:06 EST</DateTime><ThumbUp>5</ThumbUp><ThumbDown>6</ThumbDown><Sentiment>Strong Buy</Sentiment></Message><Message type="ReplyMessage"><Id>1355173941910-104</Id><Topic><Title>Apple is going to go after Yahoo and take on Google. It's called Operation: Level the playing field.</Title><Username>add_more2</Username><Timestamp>1355173746385</Timestamp><DateTime>Mon, 2012-12-10 16:09:06 EST</DateTime></Topic><Msg>Cash no stock deal!</Msg><Username>randywms55</Username><Timestamp>1355173941910</Timestamp><DateTime>Mon, 2012-12-10 16:12:21 EST</DateTime><ThumbUp>2</ThumbUp><ThumbDown>3</ThumbDown><Sentiment/></Message><Message type="TopicMessage"><Id>1355174118935-105</Id><Title>Yahoo Sets New 4 Year High at 419.47</Title><Msg>Yahoo is on it's way to Goldman Sachs' PT of $24.</Msg><Username>remmy12554</Username><Timestamp>1355174118935</Timestamp><DateTime>Mon, 2012-12-10 16:15:18 EST</DateTime><ThumbUp>0</ThumbUp><ThumbDown>0</ThumbDown><Sentiment/></Message><Message type="TopicMessage"><Id>1355174203603-106</Id><Title>Yahoo Sets New 4 Year High at $19.47</Title><Msg>Goldman Sachs gave Yahoo a PT of $24. Looks like they'll have to raise it.</Msg><Username>remmy12554</Username><Timestamp>1355174203603</Timestamp><DateTime>Mon, 2012-12-10 16:16:43 EST</DateTime><ThumbUp>3</ThumbUp><ThumbDown>1</ThumbDown><Sentiment/></Message><Message type="ReplyMessage"><Id>1355174480458-107</Id><Topic><Title>Yahoo Shorts Get Beatch Slapped!</Title><Username>nanobot8042</Username><Timestamp>1350483237929</Timestamp><DateTime>Wed, 2012-10-17 10:13:57 EDT</DateTime></Topic><Msg>Yes, hotmodel has been silenced...</Msg><Username>theecoldone</Username><Timestamp>1355174480458</Timestamp><DateTime>Mon, 2012-12-10 16:21:20 EST</DateTime><ThumbUp>3</ThumbUp><ThumbDown>1</ThumbDown><Sentiment/></Message><Message type="ReplyMessage"><Id>1355174563000-108</Id><Topic><Title>Ya GOTTA Luv How the Shorts Beatch Slap it DOWN at $15!!!!</Title><Username>dominikpounds</Username><Timestamp>1345561567129</Timestamp><DateTime>Tue, 2012-08-21 11:06:07 EDT</DateTime></Topic><Msg>Another hotmodel alias gets silenced... Ha!</Msg><Username>theecoldone</Username><Timestamp>1355174563000</Timestamp><DateTime>Mon, 2012-12-10 16:22:43 EST</DateTime><ThumbUp>1</ThumbUp><ThumbDown>2</ThumbDown><Sentiment/></Message><Message type="ReplyMessage"><Id>1355174595939-109</Id><Topic><Title>Yahoo Sets New 4 Year High at $19.47</Title><Username>remmy12554</Username><Timestamp>1355174203603</Timestamp><DateTime>Mon, 2012-12-10 16:16:43 EST</DateTime></Topic><Msg>$19.49 in AH.</Msg><Username>theecoldone</Username><Timestamp>1355174595939</Timestamp><DateTime>Mon, 2012-12-10 16:23:15 EST</DateTime><ThumbUp>3</ThumbUp><ThumbDown>0</ThumbDown><Sentiment/></Message><Message type="ReplyMessage"><Id>1355174643483-110</Id><Topic><Title>Apple is going to go after Yahoo and take on Google. It's called Operation: Level the playing field.</Title><Username>add_more2</Username><Timestamp>1355173746385</Timestamp><DateTime>Mon, 2012-12-10 16:09:06 EST</DateTime></Topic><Msg>Yahoo will never sell for $34! Not anymore. This is mid forties buyout now and it goes up as time goes by.. Yahoo will have $20 Billion plus in cash soon. That is 1/5 fo what Apple has.</Msg><Username>dies_4_oil</Username><Timestamp>1355174643483</Timestamp><DateTime>Mon, 2012-12-10 16:24:03 EST</DateTime><ThumbUp>3</ThumbUp><ThumbDown>3</ThumbDown><Sentiment/></Message><Message type="ReplyMessage"><Id>1355174847613-111</Id><Topic><Title>Pick the date that Yahoo will hit $20</Title><Username>spilerpep</Username><Timestamp>1354915010707</Timestamp><DateTime>Fri, 2012-12-07 16:16:50 EST</DateTime></Topic><Msg>Any news tomorrow, like a new homepage will take Yahoo to $20.</Msg><Username>tarordble</Username><Timestamp>1355174847613</Timestamp><DateTime>Mon, 2012-12-10 16:27:27 EST</DateTime><ThumbUp>1</ThumbUp><ThumbDown>3</ThumbDown><Sentiment/></Message><Message type="TopicMessage"><Id>1355175543103-112</Id><Title>$20 is just 3% away</Title><Msg>friday</Msg><Username>filter_bull</Username><Timestamp>1355175543103</Timestamp><DateTime>Mon, 2012-12-10 16:39:03 EST</DateTime><ThumbUp>5</ThumbUp><ThumbDown>0</ThumbDown><Sentiment>Strong Buy</Sentiment></Message><Message type="ReplyMessage"><Id>1355177288298-113</Id><Topic><Title>Pick the date that Yahoo will hit $20</Title><Username>spilerpep</Username><Timestamp>1354915010707</Timestamp><DateTime>Fri, 2012-12-07 16:16:50 EST</DateTime></Topic><Msg>Tue.11/12</Msg><Username>leestoller</Username><Timestamp>1355177288298</Timestamp><DateTime>Mon, 2012-12-10 17:08:08 EST</DateTime><ThumbUp>0</ThumbUp><ThumbDown>3</ThumbDown><Sentiment>Strong Buy</Sentiment></Message><Message type="ReplyMessage"><Id>1355177740738-114</Id><Topic><Title>Apple is going to go after Yahoo and take on Google. It's called Operation: Level the playing field.</Title><Username>add_more2</Username><Timestamp>1355173746385</Timestamp><DateTime>Mon, 2012-12-10 16:09:06 EST</DateTime></Topic><Msg>Why would Apple go after Yahoo to take on Google? What has Yahoo got that Apple could use against Google? Search is out since Microsoft owns the search engine Yahoo uses. Yahoo mail, Apple´s own iCloud Mail is already more popular than Yahoo mail. And is there enough money in free email to make Apple go for Yahoo anyway? Software, Apple and Google compete on mobile operating systems. Yahoo has no mobile operating system. I can’t picture Apple, a hardware company, buying Yahoo, a glorified web portal, to compete with Google, a search company. To me it sounds like Pepsi buying Starbucks to compete with McDonalds, Operation: Let´s do something expensive and pointless.</Msg><Username>dr.gloom</Username><Timestamp>1355177740738</Timestamp><DateTime>Mon, 2012-12-10 17:15:40 EST</DateTime><ThumbUp>1</ThumbUp><ThumbDown>1</ThumbDown><Sentiment/></Message><Message type="TopicMessage"><Id>1355179745786-115</Id><Title>strong last hour...</Title><Msg>Wonder what moved her that well?</Msg><Username>freenextel</Username><Timestamp>1355179745786</Timestamp><DateTime>Mon, 2012-12-10 17:49:05 EST</DateTime><ThumbUp>0</ThumbUp><ThumbDown>0</ThumbDown><Sentiment>Strong Buy</Sentiment></Message><Message type="TopicMessage"><Id>1355179827546-116</Id><Title>fast money</Title><Msg>more upside to come.</Msg><Username>swilson1289</Username><Timestamp>1355179827546</Timestamp><DateTime>Mon, 2012-12-10 17:50:27 EST</DateTime><ThumbUp>1</ThumbUp><ThumbDown>0</ThumbDown><Sentiment/></Message><Message type="ReplyMessage"><Id>1355180932931-117</Id><Topic><Title>Apple is going to go after Yahoo and take on Google. It's called Operation: Level the playing field.</Title><Username>add_more2</Username><Timestamp>1355173746385</Timestamp><DateTime>Mon, 2012-12-10 16:09:06 EST</DateTime></Topic><Msg>Please walk me through your numbers as to how YHOO will have $20 billion in cash soon.</Msg><Username>cellorder1</Username><Timestamp>1355180932931</Timestamp><DateTime>Mon, 2012-12-10 18:08:52 EST</DateTime><ThumbUp>2</ThumbUp><ThumbDown>1</ThumbDown><Sentiment/></Message><Message type="TopicMessage"><Id>1355182161435-118</Id><Title>I didn't get a divident...</Title><Msg>did you?</Msg><Username>gollywogazoo</Username><Timestamp>1355182161435</Timestamp><DateTime>Mon, 2012-12-10 18:29:21 EST</DateTime><ThumbUp>1</ThumbUp><ThumbDown>1</ThumbDown><Sentiment/></Message><Message type="ReplyMessage"><Id>1355182339265-119</Id><Topic><Title>Apple is going to go after Yahoo and take on Google. It's called Operation: Level the playing field.</Title><Username>add_more2</Username><Timestamp>1355173746385</Timestamp><DateTime>Mon, 2012-12-10 16:09:06 EST</DateTime></Topic><Msg>Yahoo Japan and Alibaba. Those two plus coh is about 20 billion. Alibaba will ipo this year for 40-50 billion imo</Msg><Username>freenextel</Username><Timestamp>1355182339265</Timestamp><DateTime>Mon, 2012-12-10 18:32:19 EST</DateTime><ThumbUp>0</ThumbUp><ThumbDown>1</ThumbDown><Sentiment>Strong Buy</Sentiment></Message><Message type="ReplyMessage"><Id>1355182437062-120</Id><Topic><Title>Yahoo Sets New 4 Year High at $19.47</Title><Username>remmy12554</Username><Timestamp>1355174203603</Timestamp><DateTime>Mon, 2012-12-10 16:16:43 EST</DateTime></Topic><Msg>The coldone told Goldman to buy Yahoo...</Msg><Username>theecoldone</Username><Timestamp>1355182437062</Timestamp><DateTime>Mon, 2012-12-10 18:33:57 EST</DateTime><ThumbUp>2</ThumbUp><ThumbDown>3</ThumbDown><Sentiment/></Message><Message type="ReplyMessage"><Id>1355183005615-121</Id><Topic><Title>Apple is going to go after Yahoo and take on Google. It's called Operation: Level the playing field.</Title><Username>add_more2</Username><Timestamp>1355173746385</Timestamp><DateTime>Mon, 2012-12-10 16:09:06 EST</DateTime></Topic><Msg>This Yahoo is one of the 3 big search engines in the world. Their portal has over 800M users. They are the leader in finance, sports, news and entertainment. They certainly need Yahoo.</Msg><Username>add_more2</Username><Timestamp>1355183005615</Timestamp><DateTime>Mon, 2012-12-10 18:43:25 EST</DateTime><ThumbUp>1</ThumbUp><ThumbDown>1</ThumbDown><Sentiment>Strong Buy</Sentiment></Message><Message type="TopicMessage"><Id>1355183177177-122</Id><Title>I am new here. Been looking for an undervalued company and Yahoo seems to be it. I mean all other companies are way too high</Title><Msg>Why is this so undervalued considering revenue, debt and cash on hand. I do not understand. My calculations come to $44.32 a share. Why?</Msg><Username>subsub_sonic</Username><Timestamp>1355183177177</Timestamp><DateTime>Mon, 2012-12-10 18:46:17 EST</DateTime><ThumbUp>0</ThumbUp><ThumbDown>4</ThumbDown><Sentiment>Buy</Sentiment></Message><Message type="ReplyMessage"><Id>1355183780350-123</Id><Topic><Title>I didn't get a divident...</Title><Username>gollywogazoo</Username><Timestamp>1355182161435</Timestamp><DateTime>Mon, 2012-12-10 18:29:21 EST</DateTime></Topic><Msg>No one has received a divident nor have they received any dividends.</Msg><Username>corky310</Username><Timestamp>1355183780350</Timestamp><DateTime>Mon, 2012-12-10 18:56:20 EST</DateTime><ThumbUp>1</ThumbUp><ThumbDown>1</ThumbDown><Sentiment/></Message><Message type="ReplyMessage"><Id>1355183975181-124</Id><Topic><Title>Apple is going to go after Yahoo and take on Google. It's called Operation: Level the playing field.</Title><Username>add_more2</Username><Timestamp>1355173746385</Timestamp><DateTime>Mon, 2012-12-10 16:09:06 EST</DateTime></Topic><Msg>Strong Buy ! Buyout @ $40 !</Msg><Username>leestoller</Username><Timestamp>1355183975181</Timestamp><DateTime>Mon, 2012-12-10 18:59:35 EST</DateTime><ThumbUp>0</ThumbUp><ThumbDown>1</ThumbDown><Sentiment>Strong Buy</Sentiment></Message><Message type="ReplyMessage"><Id>1355184794933-125</Id><Topic><Title>I am new here. Been looking for an undervalued company and Yahoo seems to be it. I mean all other companies are way too high</Title><Username>subsub_sonic</Username><Timestamp>1355183177177</Timestamp><DateTime>Mon, 2012-12-10 18:46:17 EST</DateTime></Topic><Msg>Post your calculations and I am sure many will point out your flaw. Even the most outrageous pumpers don´t get half of what you get without resorting to some miraculous growth in market share and fantasy future value of assets.</Msg><Username>dr.gloom</Username><Timestamp>1355184794933</Timestamp><DateTime>Mon, 2012-12-10 19:13:14 EST</DateTime><ThumbUp>0</ThumbUp><ThumbDown>3</ThumbDown><Sentiment/></Message><Message type="ReplyMessage"><Id>1355184871395-126</Id><Topic><Title>Apple is going to go after Yahoo and take on Google. It's called Operation: Level the playing field.</Title><Username>add_more2</Username><Timestamp>1355173746385</Timestamp><DateTime>Mon, 2012-12-10 16:09:06 EST</DateTime></Topic><Msg>PLEASE SMOKE THE RIGHT STUFF YOUR MAKING ME SICK</Msg><Username>tonynapa</Username><Timestamp>1355184871395</Timestamp><DateTime>Mon, 2012-12-10 19:14:31 EST</DateTime><ThumbUp>1</ThumbUp><ThumbDown>0</ThumbDown><Sentiment>Strong Buy</Sentiment></Message><Message type="ReplyMessage"><Id>1355185106642-127</Id><Topic><Title>I didn't get a divident...</Title><Username>gollywogazoo</Username><Timestamp>1355182161435</Timestamp><DateTime>Mon, 2012-12-10 18:29:21 EST</DateTime></Topic><Msg>aw...what a shame. I was looking forward to my divident, it being Xmas 'n all.</Msg><Username>gollywogazoo</Username><Timestamp>1355185106642</Timestamp><DateTime>Mon, 2012-12-10 19:18:26 EST</DateTime><ThumbUp>0</ThumbUp><ThumbDown>1</ThumbDown><Sentiment/></Message><Message type="TopicMessage"><Id>1355191331969-128</Id><Title>YHOO Japan will likely listen to Morgan Stanley recommendation</Title><Msg>I think YHOO Japan higher management finally realize that it is in their best interest to majority owned and control of their company instead of Softbank. With that argument my take they are already working their buyout financing through Morgan Stanley and Deustche Bank. Watch out for surprise announcement!</Msg><Username>goingbravo</Username><Timestamp>1355191331969</Timestamp><DateTime>Mon, 2012-12-10 21:02:11 EST</DateTime><ThumbUp>6</ThumbUp><ThumbDown>0</ThumbDown><Sentiment>Strong Buy</Sentiment></Message><Message type="ReplyMessage"><Id>1355191704665-129</Id><Topic><Title>Yahoo Sets New 4 Year High at $19.47</Title><Username>remmy12554</Username><Timestamp>1355174203603</Timestamp><DateTime>Mon, 2012-12-10 16:16:43 EST</DateTime></Topic><Msg>Too many positives about YHOO going forward to take odds betting against it. Hedge Funds love YHOO because of MM.</Msg><Username>goingbravo</Username><Timestamp>1355191704665</Timestamp><DateTime>Mon, 2012-12-10 21:08:24 EST</DateTime><ThumbUp>3</ThumbUp><ThumbDown>1</ThumbDown><Sentiment>Strong Buy</Sentiment></Message><Message type="TopicMessage"><Id>1355195135026-130</Id><Title>Huge late volume today...</Title><Msg>Anyone know who what why? Lol</Msg><Username>dtmccune3</Username><Timestamp>1355195135026</Timestamp><DateTime>Mon, 2012-12-10 22:05:35 EST</DateTime><ThumbUp>0</ThumbUp><ThumbDown>0</ThumbDown><Sentiment/></Message><Message type="ReplyMessage"><Id>1355195243542-131</Id><Topic><Title>YHOO Japan will likely listen to Morgan Stanley recommendation</Title><Username>goingbravo</Username><Timestamp>1355191331969</Timestamp><DateTime>Mon, 2012-12-10 21:02:11 EST</DateTime></Topic><Msg>I agree and they will want to get it done fast because the Japanese are going to grease their markets with stimulus imo</Msg><Username>freenextel</Username><Timestamp>1355195243542</Timestamp><DateTime>Mon, 2012-12-10 22:07:23 EST</DateTime><ThumbUp>1</ThumbUp><ThumbDown>0</ThumbDown><Sentiment>Strong Buy</Sentiment></Message><Message type="ReplyMessage"><Id>1355195728147-132</Id><Topic><Title>Huge late volume today...</Title><Username>dtmccune3</Username><Timestamp>1355195135026</Timestamp><DateTime>Mon, 2012-12-10 22:05:35 EST</DateTime></Topic><Msg>Well we know it wasn't the company cause they're not allowed to buy it that time I just think it's hedge funds accumulating.</Msg><Username>freenextel</Username><Timestamp>1355195728147</Timestamp><DateTime>Mon, 2012-12-10 22:15:28 EST</DateTime><ThumbUp>0</ThumbUp><ThumbDown>0</ThumbDown><Sentiment>Strong Buy</Sentiment></Message><Message type="ReplyMessage"><Id>1355196243127-133</Id><Topic><Title>Yahoo Sets New 4 Year High at $19.47</Title><Username>remmy12554</Username><Timestamp>1355174203603</Timestamp><DateTime>Mon, 2012-12-10 16:16:43 EST</DateTime></Topic><Msg>Wait until the buyback begins or they do a deal with Yahoo Japan or they release their new homepage and email or Alibaba Group announces their IPO.</Msg><Username>spilerpep</Username><Timestamp>1355196243127</Timestamp><DateTime>Mon, 2012-12-10 22:24:03 EST</DateTime><ThumbUp>4</ThumbUp><ThumbDown>2</ThumbDown><Sentiment/></Message><Message type="ReplyMessage"><Id>1355197304304-134</Id><Topic><Title>The playgound!</Title><Username>mb525789</Username><Timestamp>1355167453346</Timestamp><DateTime>Mon, 2012-12-10 14:24:13 EST</DateTime></Topic><Msg>Yahoo did very well today but i cannot rationalize the end of day pop. Any solid rumors out there that i have not heard? :)=</Msg><Username>mb525789</Username><Timestamp>1355197304304</Timestamp><DateTime>Mon, 2012-12-10 22:41:44 EST</DateTime><ThumbUp>1</ThumbUp><ThumbDown>1</ThumbDown><Sentiment/></Message><Message type="ReplyMessage"><Id>1355199436027-135</Id><Topic><Title>Does anyone think Yahoo will not hit $20 by February?</Title><Username>spilerpep</Username><Timestamp>1355097901652</Timestamp><DateTime>Sun, 2012-12-09 19:05:01 EST</DateTime></Topic><Msg>Yahoo will hit $20 before the end of the year.</Msg><Username>shelcorecrust</Username><Timestamp>1355199436027</Timestamp><DateTime>Mon, 2012-12-10 23:17:16 EST</DateTime><ThumbUp>1</ThumbUp><ThumbDown>1</ThumbDown><Sentiment/></Message><Message type="ReplyMessage"><Id>1355199515699-136</Id><Topic><Title>Coldone's Buys at $11, $12, $13, $14, $15, $16, $17 and $18 are all up!</Title><Username>nanobot8042</Username><Timestamp>1354656401298</Timestamp><DateTime>Tue, 2012-12-04 16:26:41 EST</DateTime></Topic><Msg>Coldone's record is amazing.</Msg><Username>shelcorecrust</Username><Timestamp>1355199515699</Timestamp><DateTime>Mon, 2012-12-10 23:18:35 EST</DateTime><ThumbUp>1</ThumbUp><ThumbDown>0</ThumbDown><Sentiment/></Message><Message type="ReplyMessage"><Id>1355199564417-137</Id><Topic><Title>Pick the date that Yahoo will hit $20</Title><Username>spilerpep</Username><Timestamp>1354915010707</Timestamp><DateTime>Fri, 2012-12-07 16:16:50 EST</DateTime></Topic><Msg>No answer from the bashers yet.</Msg><Username>shelcorecrust</Username><Timestamp>1355199564417</Timestamp><DateTime>Mon, 2012-12-10 23:19:24 EST</DateTime><ThumbUp>1</ThumbUp><ThumbDown>1</ThumbDown><Sentiment/></Message><Message type="ReplyMessage"><Id>1355199619485-138</Id><Topic><Title>Hotmodel said Yahoo was dead money at $15.80 about 6 weeks ago, Yahoo is now $19.14!</Title><Username>nanobot8042</Username><Timestamp>1354812926449</Timestamp><DateTime>Thu, 2012-12-06 11:55:26 EST</DateTime></Topic><Msg>Too bad she hasn't covered her short at $15.80 yet. No wonder she doesn't post much anymore.</Msg><Username>shelcorecrust</Username><Timestamp>1355199619485</Timestamp><DateTime>Mon, 2012-12-10 23:20:19 EST</DateTime><ThumbUp>4</ThumbUp><ThumbDown>0</ThumbDown><Sentiment/></Message><Message type="TopicMessage"><Id>1355199646007-139</Id><Title>YHOO will be</Title><Msg>$21 plus by the end of February</Msg><Username>big_saciccio</Username><Timestamp>1355199646007</Timestamp><DateTime>Mon, 2012-12-10 23:20:46 EST</DateTime><ThumbUp>1</ThumbUp><ThumbDown>1</ThumbDown><Sentiment/></Message><Message type="ReplyMessage"><Id>1355199687857-140</Id><Topic><Title>Yahoo Sets New 4 Year High at $19.47</Title><Username>remmy12554</Username><Timestamp>1355174203603</Timestamp><DateTime>Mon, 2012-12-10 16:16:43 EST</DateTime></Topic><Msg>Closed at $19.50 after hours.</Msg><Username>shelcorecrust</Username><Timestamp>1355199687857</Timestamp><DateTime>Mon, 2012-12-10 23:21:27 EST</DateTime><ThumbUp>4</ThumbUp><ThumbDown>1</ThumbDown><Sentiment/></Message><Message type="ReplyMessage"><Id>1355200032377-141</Id><Topic><Title>Pick the date that Yahoo will hit $20</Title><Username>spilerpep</Username><Timestamp>1354915010707</Timestamp><DateTime>Fri, 2012-12-07 16:16:50 EST</DateTime></Topic><Msg>Sorry lee but only one pick per customer. You could use your hotmodel ID to make a pick if you'd like... Ha!</Msg><Username>theecoldone</Username><Timestamp>1355200032377</Timestamp><DateTime>Mon, 2012-12-10 23:27:12 EST</DateTime><ThumbUp>1</ThumbUp><ThumbDown>3</ThumbDown><Sentiment/></Message><Message type="ReplyMessage"><Id>1355201604388-142</Id><Topic><Title>YHOO Japan will likely listen to Morgan Stanley recommendation</Title><Username>goingbravo</Username><Timestamp>1355191331969</Timestamp><DateTime>Mon, 2012-12-10 21:02:11 EST</DateTime></Topic><Msg>I think YHOO Japan is the biggest e-commerce in Japan and YHOO know the growth potential so I think YHOO CFO Goldman will ask for higher premium for their 35% stakes. Yea, YHOO Japan will expedite this deal and YHOO can smell it. My guess it will be early next year.</Msg><Username>goingbravo</Username><Timestamp>1355201604388</Timestamp><DateTime>Mon, 2012-12-10 23:53:24 EST</DateTime><ThumbUp>2</ThumbUp><ThumbDown>0</ThumbDown><Sentiment>Strong Buy</Sentiment></Message><Message type="ReplyMessage"><Id>1355201753382-143</Id><Topic><Title>Pick the date that Yahoo will hit $20</Title><Username>spilerpep</Username><Timestamp>1354915010707</Timestamp><DateTime>Fri, 2012-12-07 16:16:50 EST</DateTime></Topic><Msg>Why so bearish over the next month??? January 21 is almost a month and a half away. Geez even I know YHOO is hitting 20 this week, You are the supposed know it all and you are noy loaded up on short term calls like me the clueless clown. All I do is make big money fast. I don't like to wait years like you guys. I am like a Pirhanna. I take big bites fast and then look for my next meal somewhere else</Msg><Username>dickey_betts44</Username><Timestamp>1355201753382</Timestamp><DateTime>Mon, 2012-12-10 23:55:53 EST</DateTime><ThumbUp>1</ThumbUp><ThumbDown>3</ThumbDown><Sentiment/></Message></Date>