<?xml version="1.0" encoding="UTF-8" standalone="no"?><Date date="2012-11-29"><Message type="ReplyMessage"><Id>1354165317593-1</Id><Topic><Title>Fortune Interview - MM Sensational</Title><Username>brtdn2000</Username><Timestamp>1354149206689</Timestamp><DateTime>Wed, 2012-11-28 19:33:26 EST</DateTime></Topic><Msg>yes she is, she is my next door neigbor, she even cuts her own lawn....the other day she was riding her lawn mower and cut her cats tail off.....she quickly grabbed the cat &amp; tail and took it down to Walmart, when she got back I asked her why walmart? she answered, Walmart (walfart) is the largest RE_TAILER</Msg><Username>rkmtt</Username><Timestamp>1354165317593</Timestamp><DateTime>Thu, 2012-11-29 00:01:57 EST</DateTime><ThumbUp>2</ThumbUp><ThumbDown>1</ThumbDown><Sentiment>Strong Buy</Sentiment></Message><Message type="ReplyMessage"><Id>1354165364864-2</Id><Topic><Title>Whats Marissa "the baby maker" Mayer doing at the Whitehouse?</Title><Username>jctuttle12</Username><Timestamp>1354140327923</Timestamp><DateTime>Wed, 2012-11-28 17:05:27 EST</DateTime></Topic><Msg>It only takes one BUB! The world is always looking for a Genius.</Msg><Username>dzebell</Username><Timestamp>1354165364864</Timestamp><DateTime>Thu, 2012-11-29 00:02:44 EST</DateTime><ThumbUp>1</ThumbUp><ThumbDown>0</ThumbDown><Sentiment>Buy</Sentiment></Message><Message type="ReplyMessage"><Id>1354165538369-3</Id><Topic><Title>Any accountants out there? If yahoo gives the shareholders most of the money from Alibaba</Title><Username>optionstrader4u</Username><Timestamp>1354147191994</Timestamp><DateTime>Wed, 2012-11-28 18:59:51 EST</DateTime></Topic><Msg>nope, but if they blow it shareholders will get zip and zip on the stock price....even a small dividend would boost the stock price...</Msg><Username>rkmtt</Username><Timestamp>1354165538369</Timestamp><DateTime>Thu, 2012-11-29 00:05:38 EST</DateTime><ThumbUp>1</ThumbUp><ThumbDown>0</ThumbDown><Sentiment>Strong Buy</Sentiment></Message><Message type="ReplyMessage"><Id>1354169676435-4</Id><Topic><Title>Any accountants out there? If yahoo gives the shareholders most of the money from Alibaba</Title><Username>optionstrader4u</Username><Timestamp>1354147191994</Timestamp><DateTime>Wed, 2012-11-28 18:59:51 EST</DateTime></Topic><Msg>YHOO WILL NOT GIVE ANY SHAREHOLDERS A DIVIDEND! If they intended to they would have announced a dividend. XQ</Msg><Username>xquestor</Username><Timestamp>1354169676435</Timestamp><DateTime>Thu, 2012-11-29 01:14:36 EST</DateTime><ThumbUp>0</ThumbUp><ThumbDown>0</ThumbDown><Sentiment/></Message><Message type="TopicMessage"><Id>1354170283264-5</Id><Title>YAHOO'S PROBLEM</Title><Msg>So they want to get into mobile advertizing. The problem is that they are banking on this as a new business as both FB and GOOG are having problems with their mobile advertizing revenue. The cost per click has been declining for the last year industry wide XQ.</Msg><Username>xquestor</Username><Timestamp>1354170283264</Timestamp><DateTime>Thu, 2012-11-29 01:24:43 EST</DateTime><ThumbUp>2</ThumbUp><ThumbDown>1</ThumbDown><Sentiment/></Message><Message type="ReplyMessage"><Id>1354171399832-6</Id><Topic><Title>Marissa Mayer nominated for Time`s Person of the Year poll.</Title><Username>basketaetc1</Username><Timestamp>1354066341993</Timestamp><DateTime>Tue, 2012-11-27 20:32:21 EST</DateTime></Topic><Msg>M.M.IS the best leave it at that.THe market is just starting to move up. not yahoo's fault or any other stock. Iam looking for a great market in the coming months. Profit taking now and then.</Msg><Username>dzebell</Username><Timestamp>1354171399832</Timestamp><DateTime>Thu, 2012-11-29 01:43:19 EST</DateTime><ThumbUp>0</ThumbUp><ThumbDown>0</ThumbDown><Sentiment>Buy</Sentiment></Message><Message type="ReplyMessage"><Id>1354176078100-7</Id><Topic><Title>Whats Marissa "the baby maker" Mayer doing at the Whitehouse?</Title><Username>jctuttle12</Username><Timestamp>1354140327923</Timestamp><DateTime>Wed, 2012-11-28 17:05:27 EST</DateTime></Topic><Msg>Good PR #$%$</Msg><Username>comic_ali</Username><Timestamp>1354176078100</Timestamp><DateTime>Thu, 2012-11-29 03:01:18 EST</DateTime><ThumbUp>1</ThumbUp><ThumbDown>0</ThumbDown><Sentiment>Buy</Sentiment></Message><Message type="ReplyMessage"><Id>1354177385378-8</Id><Topic><Title>YAHOO'S PROBLEM</Title><Username>xquestor</Username><Timestamp>1354170283264</Timestamp><DateTime>Thu, 2012-11-29 01:24:43 EST</DateTime></Topic><Msg>yahoo's problem isn't the contractors they hire who use these boards as their sandboxes, that's only a small part of it. but it's symptomatic of their problem. i mean, how could a company of this size blow their credibility by being so oblivious to the damage being done? what kind of corporate culture would allow this kind of thing? it's like the phone company hiring people who regularly made prank calls and gave out phone records.</Msg><Username>real_hodad</Username><Timestamp>1354177385378</Timestamp><DateTime>Thu, 2012-11-29 03:23:05 EST</DateTime><ThumbUp>3</ThumbUp><ThumbDown>2</ThumbDown><Sentiment/></Message><Message type="ReplyMessage"><Id>1354195038820-9</Id><Topic><Title>Whats Marissa "the baby maker" Mayer doing at the Whitehouse?</Title><Username>jctuttle12</Username><Timestamp>1354140327923</Timestamp><DateTime>Wed, 2012-11-28 17:05:27 EST</DateTime></Topic><Msg>She's giving herself and Yahoo national exposure-she wouldn't have been invited if she didn't have something to offer. As far as the 'baby maker' comment goes, I'm married to the love of life and best friend. She was a 'baby maker' too at one point in her career and our marriage. Guess what? She pulled it off in magnificent fashion. I doubt any of us guys would've been able to do the same.</Msg><Username>rthoms54</Username><Timestamp>1354195038820</Timestamp><DateTime>Thu, 2012-11-29 08:17:18 EST</DateTime><ThumbUp>2</ThumbUp><ThumbDown>1</ThumbDown><Sentiment>Buy</Sentiment></Message><Message type="ReplyMessage"><Id>1354196876143-10</Id><Topic><Title>Yahoo: Goldman Adds To Conviction Buy List; Target $24</Title><Username>theecoldone</Username><Timestamp>1353940127065</Timestamp><DateTime>Mon, 2012-11-26 09:28:47 EST</DateTime></Topic><Msg>Everyone wants to own Yahoo. Did you buy at $11 to $18 when coldone told you to like I did?</Msg><Username>nanobot8042</Username><Timestamp>1354196876143</Timestamp><DateTime>Thu, 2012-11-29 08:47:56 EST</DateTime><ThumbUp>1</ThumbUp><ThumbDown>1</ThumbDown><Sentiment/></Message><Message type="ReplyMessage"><Id>1354198670445-11</Id><Topic><Title>Buy Yahoo under $19 while you can...</Title><Username>theecoldone</Username><Timestamp>1353736683176</Timestamp><DateTime>Sat, 2012-11-24 00:58:03 EST</DateTime></Topic><Msg>sure ya did. and I'm Santy Claus!!</Msg><Username>dickey_betts44</Username><Timestamp>1354198670445</Timestamp><DateTime>Thu, 2012-11-29 09:17:50 EST</DateTime><ThumbUp>1</ThumbUp><ThumbDown>0</ThumbDown><Sentiment/></Message><Message type="ReplyMessage"><Id>1354198847049-12</Id><Topic><Title>Buy Yahoo under $19 while you can...</Title><Username>theecoldone</Username><Timestamp>1353736683176</Timestamp><DateTime>Sat, 2012-11-24 00:58:03 EST</DateTime></Topic><Msg>The shorts are jealous of your buy remmy.</Msg><Username>bflathalfdim</Username><Timestamp>1354198847049</Timestamp><DateTime>Thu, 2012-11-29 09:20:47 EST</DateTime><ThumbUp>1</ThumbUp><ThumbDown>0</ThumbDown><Sentiment/></Message><Message type="TopicMessage"><Id>1354199017699-13</Id><Title>Too many bullish people on this stock. It's going down I say. It has topped out at 19.16</Title><Msg>mark my words</Msg><Username>dickey_betts44</Username><Timestamp>1354199017699</Timestamp><DateTime>Thu, 2012-11-29 09:23:37 EST</DateTime><ThumbUp>0</ThumbUp><ThumbDown>1</ThumbDown><Sentiment/></Message><Message type="TopicMessage"><Id>1354199214646-14</Id><Title>YHOO just got halted.. Why would that happen??</Title><Msg>quit showing bid and ask too. bad earnings guidance?? Can't be good at all</Msg><Username>dickey_betts44</Username><Timestamp>1354199214646</Timestamp><DateTime>Thu, 2012-11-29 09:26:54 EST</DateTime><ThumbUp>0</ThumbUp><ThumbDown>3</ThumbDown><Sentiment/></Message><Message type="ReplyMessage"><Id>1354199401350-15</Id><Topic><Title>YHOO just got halted.. Why would that happen??</Title><Username>dickey_betts44</Username><Timestamp>1354199214646</Timestamp><DateTime>Thu, 2012-11-29 09:26:54 EST</DateTime></Topic><Msg>dead money from here for sure. Unless your short</Msg><Username>dickey_betts44</Username><Timestamp>1354199401350</Timestamp><DateTime>Thu, 2012-11-29 09:30:01 EST</DateTime><ThumbUp>0</ThumbUp><ThumbDown>1</ThumbDown><Sentiment/></Message><Message type="ReplyMessage"><Id>1354199404370-16</Id><Topic><Title>YHOO just got halted.. Why would that happen??</Title><Username>dickey_betts44</Username><Timestamp>1354199214646</Timestamp><DateTime>Thu, 2012-11-29 09:26:54 EST</DateTime></Topic><Msg>it is still trading on my screen</Msg><Username>deluxebuttkickin</Username><Timestamp>1354199404370</Timestamp><DateTime>Thu, 2012-11-29 09:30:04 EST</DateTime><ThumbUp>0</ThumbUp><ThumbDown>0</ThumbDown><Sentiment/></Message><Message type="TopicMessage"><Id>1354199952940-17</Id><Title>Yahoo servers hanging up. Just hit the news wire</Title><Msg>not good</Msg><Username>dickey_betts44</Username><Timestamp>1354199952940</Timestamp><DateTime>Thu, 2012-11-29 09:39:12 EST</DateTime><ThumbUp>0</ThumbUp><ThumbDown>1</ThumbDown><Sentiment/></Message><Message type="TopicMessage"><Id>1354200482144-18</Id><Title>Big seller appearing on anything over 19. Cannot go higher than 19.15 and hold.</Title><Msg>tens of millions at the ask just waiting for stupid buyers</Msg><Username>dickey_betts44</Username><Timestamp>1354200482144</Timestamp><DateTime>Thu, 2012-11-29 09:48:02 EST</DateTime><ThumbUp>0</ThumbUp><ThumbDown>2</ThumbDown><Sentiment/></Message><Message type="TopicMessage"><Id>1354200623496-19</Id><Title>Yahoo....FIX YOUR MESSAGE BOARDS!!!!!!!</Title><Msg>STOP OUTSOURCING TO INDIA!!!!!!!</Msg><Username>jasonwebber272</Username><Timestamp>1354200623496</Timestamp><DateTime>Thu, 2012-11-29 09:50:23 EST</DateTime><ThumbUp>1</ThumbUp><ThumbDown>0</ThumbDown><Sentiment>Strong Sell</Sentiment></Message><Message type="ReplyMessage"><Id>1354200938665-20</Id><Topic><Title>Yahoo....FIX YOUR MESSAGE BOARDS!!!!!!!</Title><Username>jasonwebber272</Username><Timestamp>1354200623496</Timestamp><DateTime>Thu, 2012-11-29 09:50:23 EST</DateTime></Topic><Msg>fix the whole site pages reloading at a snails pace,worse than usual. I even upgraded to faster browsing service helps everywhere except here</Msg><Username>sick_ofthe_system</Username><Timestamp>1354200938665</Timestamp><DateTime>Thu, 2012-11-29 09:55:38 EST</DateTime><ThumbUp>0</ThumbUp><ThumbDown>0</ThumbDown><Sentiment/></Message><Message type="ReplyMessage"><Id>1354201012445-21</Id><Topic><Title>Yahoo....FIX YOUR MESSAGE BOARDS!!!!!!!</Title><Username>jasonwebber272</Username><Timestamp>1354200623496</Timestamp><DateTime>Thu, 2012-11-29 09:50:23 EST</DateTime></Topic><Msg>it's not just the message boards. It's the whole finance site. Not Indias fault it's just sloppy and poor servers and bad people in the company. Yahoo is not Google by any means. Never was and never will be anything even close to Google. Closer to a Mickey Mouse site!!! lol</Msg><Username>dickey_betts44</Username><Timestamp>1354201012445</Timestamp><DateTime>Thu, 2012-11-29 09:56:52 EST</DateTime><ThumbUp>0</ThumbUp><ThumbDown>0</ThumbDown><Sentiment/></Message><Message type="TopicMessage"><Id>1354201333270-22</Id><Title>Yahoo finance stuck in mid 1990's phase. Acts like dial up connection</Title><Msg>Yahoo is dying.</Msg><Username>jurgensmuscle</Username><Timestamp>1354201333270</Timestamp><DateTime>Thu, 2012-11-29 10:02:13 EST</DateTime><ThumbUp>0</ThumbUp><ThumbDown>0</ThumbDown><Sentiment/></Message><Message type="TopicMessage"><Id>1354201375281-23</Id><Title>CLOSE GAP - BACK TO LOW 11'S</Title><Msg>U BETCHA</Msg><Username>patenright1</Username><Timestamp>1354201375281</Timestamp><DateTime>Thu, 2012-11-29 10:02:55 EST</DateTime><ThumbUp>0</ThumbUp><ThumbDown>1</ThumbDown><Sentiment/></Message><Message type="ReplyMessage"><Id>1354201561794-24</Id><Topic><Title>75% of $3 billion buyback still remains</Title><Username>thurstonthethird</Username><Timestamp>1353944429744</Timestamp><DateTime>Mon, 2012-11-26 10:40:29 EST</DateTime></Topic><Msg>It's good to be long Yahoo from $11.</Msg><Username>nanobot8042</Username><Timestamp>1354201561794</Timestamp><DateTime>Thu, 2012-11-29 10:06:01 EST</DateTime><ThumbUp>1</ThumbUp><ThumbDown>1</ThumbDown><Sentiment/></Message><Message type="TopicMessage"><Id>1354201774797-25</Id><Title>Well ignorant Southern redneck dickey-betts just went on ignore. YHOO will get past $19.15 and....</Title><Msg>...soar when that resistance is beat. Too many of your stupid posts dickey.</Msg><Username>dariencat8</Username><Timestamp>1354201774797</Timestamp><DateTime>Thu, 2012-11-29 10:09:34 EST</DateTime><ThumbUp>1</ThumbUp><ThumbDown>0</ThumbDown><Sentiment/></Message><Message type="ReplyMessage"><Id>1354202023288-26</Id><Topic><Title>Well ignorant Southern redneck dickey-betts just went on ignore. YHOO will get past $19.15 and....</Title><Username>dariencat8</Username><Timestamp>1354201774797</Timestamp><DateTime>Thu, 2012-11-29 10:09:34 EST</DateTime></Topic><Msg>What took you so long?</Msg><Username>thurstonthethird</Username><Timestamp>1354202023288</Timestamp><DateTime>Thu, 2012-11-29 10:13:43 EST</DateTime><ThumbUp>0</ThumbUp><ThumbDown>0</ThumbDown><Sentiment/></Message><Message type="ReplyMessage"><Id>1354202064124-27</Id><Topic><Title>Bernstein Says Yahoo's Value Tops $25 A Share</Title><Username>thetoadtimes</Username><Timestamp>1354029128290</Timestamp><DateTime>Tue, 2012-11-27 10:12:08 EST</DateTime></Topic><Msg>$25 in 12 months is a good return.</Msg><Username>thurstonthethird</Username><Timestamp>1354202064124</Timestamp><DateTime>Thu, 2012-11-29 10:14:24 EST</DateTime><ThumbUp>2</ThumbUp><ThumbDown>0</ThumbDown><Sentiment/></Message><Message type="ReplyMessage"><Id>1354202110240-28</Id><Topic><Title>Yahoo: Goldman Adds To Conviction Buy List; Target $24</Title><Username>theecoldone</Username><Timestamp>1353940127065</Timestamp><DateTime>Mon, 2012-11-26 09:28:47 EST</DateTime></Topic><Msg>I bought under $19. I expect Yahoo to trade at $26 next year.</Msg><Username>thurstonthethird</Username><Timestamp>1354202110240</Timestamp><DateTime>Thu, 2012-11-29 10:15:10 EST</DateTime><ThumbUp>1</ThumbUp><ThumbDown>0</ThumbDown><Sentiment/></Message><Message type="TopicMessage"><Id>1354202663100-29</Id><Title>yapoo on der blink?</Title><Msg>slow as a 500 lb constipated hillbilly!</Msg><Username>gollywogazoo</Username><Timestamp>1354202663100</Timestamp><DateTime>Thu, 2012-11-29 10:24:23 EST</DateTime><ThumbUp>0</ThumbUp><ThumbDown>0</ThumbDown><Sentiment/></Message><Message type="TopicMessage"><Id>1354202844750-30</Id><Title>Yahoo moves up to #2 in new audience ranking</Title><Msg>Google Inc. is still at No. 1, but Yahoo Inc. moved from No. 3 to No. 2, Facebook Inc. moved from No. 4 to No. 3, and Microsoft fell from No. 2 to No. 4. Rounding out the top six are AOL Inc. and Amazon. Microsoft will buy Yahoo or die online...</Msg><Username>co1done</Username><Timestamp>1354202844750</Timestamp><DateTime>Thu, 2012-11-29 10:27:24 EST</DateTime><ThumbUp>3</ThumbUp><ThumbDown>2</ThumbDown><Sentiment/></Message><Message type="ReplyMessage"><Id>1354202928479-31</Id><Topic><Title>Yahoo: Goldman Adds To Conviction Buy List; Target $24</Title><Username>theecoldone</Username><Timestamp>1353940127065</Timestamp><DateTime>Mon, 2012-11-26 09:28:47 EST</DateTime></Topic><Msg>Yahoo was recently added to Goldman Sachs’s Conviction Buy List. A price target of $24 has been set. As you might already know, Goldman Sachs has an exceptional record in regards to stocks added to their Conviction Buy List. Therefore, this is a good sign for Yahoo.</Msg><Username>trip23455</Username><Timestamp>1354202928479</Timestamp><DateTime>Thu, 2012-11-29 10:28:48 EST</DateTime><ThumbUp>0</ThumbUp><ThumbDown>0</ThumbDown><Sentiment/></Message><Message type="TopicMessage"><Id>1354203094550-32</Id><Title>Yahoo has a debt-to-equity ratio of .008, which is exceptionally low</Title><Msg>Yahoo has a debt-to-equity ratio of .008, which is exceptionally low. It’s even more impressive than Google, which has a debt-to-equity ratio of .091. There isn’t much difference there, but any time a company can beat Google in any area, it’s worth noting. AOL has a debt-to-equity ratio of .091. Yahoo has $8.413 billion in cash and $127.53 million in debt. Based on these numbers alone, it’s easy to see Yahoo will be around for a very long time. Yahoo also has over $2 billion in operating cash flow and is in the middle of a $3 billion stock buyback.</Msg><Username>smedleypuddles</Username><Timestamp>1354203094550</Timestamp><DateTime>Thu, 2012-11-29 10:31:34 EST</DateTime><ThumbUp>2</ThumbUp><ThumbDown>0</ThumbDown><Sentiment/></Message><Message type="ReplyMessage"><Id>1354203140982-33</Id><Topic><Title>Yahoo has a debt-to-equity ratio of .008, which is exceptionally low</Title><Username>smedleypuddles</Username><Timestamp>1354203094550</Timestamp><DateTime>Thu, 2012-11-29 10:31:34 EST</DateTime></Topic><Msg>Yahoo has greatly outperformed the S&amp;P 500 over the past month and has been relatively on par with the S&amp;P 500 over the past three years. Over the past month, Yahoo is up 12.57% while the S&amp;P 500 is down .66%. Year-to-date, Yahoo is up 17.17% while the S&amp;P 500 is up 13.50%. Over the past calendar year, Yahoo is up 23.13% while the S&amp;P 500 is up 23.48%. When you look at three-year returns, Yahoo is up 26% while the S&amp;P 500 is only up 36.46%. Yahoo is currently trading a couple of dollars higher than its 50-day SMA of $16.61. It’s trading nearly three dollars higher than its 100-day SMA of $16.05. It’s trading more than three dollars higher than its 200-day moving average of $15.65. These numbers show strength. As long as the overall market can stay afloat, that strength should continue.</Msg><Username>smedleypuddles</Username><Timestamp>1354203140982</Timestamp><DateTime>Thu, 2012-11-29 10:32:20 EST</DateTime><ThumbUp>2</ThumbUp><ThumbDown>0</ThumbDown><Sentiment/></Message><Message type="ReplyMessage"><Id>1354203238200-34</Id><Topic><Title>Yahoo has a debt-to-equity ratio of .008, which is exceptionally low</Title><Username>smedleypuddles</Username><Timestamp>1354203094550</Timestamp><DateTime>Thu, 2012-11-29 10:31:34 EST</DateTime></Topic><Msg>A lot of people like to compare the Internet to the automobile industry in its early stages. In both situations, we saw enormous growth. While the automobile industry slowed down, there was still a lot of profit to go around. The biggest players traded the top spot throughout the years and decades. The same will happen with Internet-related companies, such as Yahoo, Google, Amazon, and Facebook. It’s difficult to see Yahoo competing with some of these names, but they have plenty of firepower (i.e., cash) at their disposal. All they need now is a little innovation, especially with mobile and social. Yahoo’s long-term prospects are superb. Therefore, Yahoo is a long-term OUTPERFORM.</Msg><Username>smedleypuddles</Username><Timestamp>1354203238200</Timestamp><DateTime>Thu, 2012-11-29 10:33:58 EST</DateTime><ThumbUp>2</ThumbUp><ThumbDown>0</ThumbDown><Sentiment/></Message><Message type="TopicMessage"><Id>1354203328140-35</Id><Title>sell something</Title><Msg>what would be wrong with yahoo selling something?</Msg><Username>gup1x</Username><Timestamp>1354203328140</Timestamp><DateTime>Thu, 2012-11-29 10:35:28 EST</DateTime><ThumbUp>0</ThumbUp><ThumbDown>0</ThumbDown><Sentiment/></Message><Message type="ReplyMessage"><Id>1354203887295-36</Id><Topic><Title>Yahoo moves up to #2 in new audience ranking</Title><Username>co1done</Username><Timestamp>1354202844750</Timestamp><DateTime>Thu, 2012-11-29 10:27:24 EST</DateTime></Topic><Msg>Yahoo is a growth company again.</Msg><Username>smedleypuddles</Username><Timestamp>1354203887295</Timestamp><DateTime>Thu, 2012-11-29 10:44:47 EST</DateTime><ThumbUp>1</ThumbUp><ThumbDown>2</ThumbDown><Sentiment/></Message><Message type="ReplyMessage"><Id>1354204193339-37</Id><Topic><Title>75% of $3 billion buyback still remains</Title><Username>thurstonthethird</Username><Timestamp>1353944429744</Timestamp><DateTime>Mon, 2012-11-26 10:40:29 EST</DateTime></Topic><Msg>Thanks to coldone!</Msg><Username>smedleypuddles</Username><Timestamp>1354204193339</Timestamp><DateTime>Thu, 2012-11-29 10:49:53 EST</DateTime><ThumbUp>1</ThumbUp><ThumbDown>2</ThumbDown><Sentiment/></Message><Message type="ReplyMessage"><Id>1354204595625-38</Id><Topic><Title>Yahoo: Goldman Adds To Conviction Buy List; Target $24</Title><Username>theecoldone</Username><Timestamp>1353940127065</Timestamp><DateTime>Mon, 2012-11-26 09:28:47 EST</DateTime></Topic><Msg>Goldman's Conviction Buy List is the gold standard of rating companies.</Msg><Username>thurstonthethird</Username><Timestamp>1354204595625</Timestamp><DateTime>Thu, 2012-11-29 10:56:35 EST</DateTime><ThumbUp>0</ThumbUp><ThumbDown>1</ThumbDown><Sentiment/></Message><Message type="TopicMessage"><Id>1354204598507-39</Id><Title>We need guidance Marissa!!! S&amp;P downgrade needs to be countered by guidance!</Title><Msg>we need it today..</Msg><Username>optionstrader4u</Username><Timestamp>1354204598507</Timestamp><DateTime>Thu, 2012-11-29 10:56:38 EST</DateTime><ThumbUp>3</ThumbUp><ThumbDown>0</ThumbDown><Sentiment>Strong Buy</Sentiment></Message><Message type="ReplyMessage"><Id>1354204639459-40</Id><Topic><Title>Bernstein Says Yahoo's Value Tops $25 A Share</Title><Username>thetoadtimes</Username><Timestamp>1354029128290</Timestamp><DateTime>Tue, 2012-11-27 10:12:08 EST</DateTime></Topic><Msg>Yahoo will trade higher than $25 in the next year.</Msg><Username>nanobot8042</Username><Timestamp>1354204639459</Timestamp><DateTime>Thu, 2012-11-29 10:57:19 EST</DateTime><ThumbUp>1</ThumbUp><ThumbDown>0</ThumbDown><Sentiment/></Message><Message type="ReplyMessage"><Id>1354204751804-41</Id><Topic><Title>We need guidance Marissa!!! S&amp;P downgrade needs to be countered by guidance!</Title><Username>optionstrader4u</Username><Timestamp>1354204598507</Timestamp><DateTime>Thu, 2012-11-29 10:56:38 EST</DateTime></Topic><Msg>Guidance will set off a buying spree on Yahoo. Do you own all the shares you can afford before guidance is released?</Msg><Username>tetheredbird</Username><Timestamp>1354204751804</Timestamp><DateTime>Thu, 2012-11-29 10:59:11 EST</DateTime><ThumbUp>1</ThumbUp><ThumbDown>0</ThumbDown><Sentiment/></Message><Message type="TopicMessage"><Id>1354206225228-42</Id><Title>Server errors is a good sign! It means Yahoo is getting way more traffic than they are used to..</Title><Msg>just need to get more servers on line....</Msg><Username>optionstrader4u</Username><Timestamp>1354206225228</Timestamp><DateTime>Thu, 2012-11-29 11:23:45 EST</DateTime><ThumbUp>0</ThumbUp><ThumbDown>0</ThumbDown><Sentiment/></Message><Message type="TopicMessage"><Id>1354206865316-43</Id><Title>Any one check the news?</Title><Msg>Downgraded on valuation concerns.</Msg><Username>mb525789</Username><Timestamp>1354206865316</Timestamp><DateTime>Thu, 2012-11-29 11:34:25 EST</DateTime><ThumbUp>1</ThumbUp><ThumbDown>4</ThumbDown><Sentiment/></Message><Message type="ReplyMessage"><Id>1354207079503-44</Id><Topic><Title>Server errors is a good sign! It means Yahoo is getting way more traffic than they are used to..</Title><Username>optionstrader4u</Username><Timestamp>1354206225228</Timestamp><DateTime>Thu, 2012-11-29 11:23:45 EST</DateTime></Topic><Msg>Not when you are spending close to $1B to improve efficiencies and you built a brand spanking new server center in western New York that is less than 2yrs old. Its one thing if a business with a handful of servers gets overwhelmed but should never happen to a company with tens of thousands of servers around the world. They should be able to handle quadrillions of sudden inquiries. Its pretty embarrassing but Yahoo regularly has glitches.</Msg><Username>hotmodeltestid122</Username><Timestamp>1354207079503</Timestamp><DateTime>Thu, 2012-11-29 11:37:59 EST</DateTime><ThumbUp>1</ThumbUp><ThumbDown>2</ThumbDown><Sentiment/></Message><Message type="ReplyMessage"><Id>1354207146320-45</Id><Topic><Title>Any one check the news?</Title><Username>mb525789</Username><Timestamp>1354206865316</Timestamp><DateTime>Thu, 2012-11-29 11:34:25 EST</DateTime></Topic><Msg>Yahoo! Inc. (NASDAQ: YHOO) has been downgraded by S&amp;P Equity Research this morning. What is different about this call is that the downgrade is on valuation more than on the traditional execution risks and misses of the past. S&amp;P's equity team now rates this as a Hold, versus its prior Buy rating. What is so interesting here is that Yahoo! recently saw its shares hit a 52-week high. The company is also a candidate to announce a very large special one-time dividend, based on that $4.3 billion that it has after taxes from the sale of part of its Alibaba stake. Whether this will be a buyback or a dividend remains to be seen, but our guess is that it will be a combination of both methods of returning capital to shareholders. It should be noted that S&amp;P Equity Research is an independent research firm and that this is not exactly a commission-based analyst call. Shares hit a new 52-week high of $19.16 this week. Shares are up nine cents at $19.00, and the 52-week trading range is $14.35 to $19.16. The last time shares hit $19 was back in April of 2010. Before that it was September of 2008. Marissa Mayer has already proved her worth for shareholders, but we would note that Wall St. thinks that Yahoo! now is fully valued (unless it wants to raise targets) as the Thomson Reuters consensus price target is $19.08.</Msg><Username>mb525789</Username><Timestamp>1354207146320</Timestamp><DateTime>Thu, 2012-11-29 11:39:06 EST</DateTime><ThumbUp>0</ThumbUp><ThumbDown>0</ThumbDown><Sentiment/></Message><Message type="ReplyMessage"><Id>1354207371095-46</Id><Topic><Title>Any one check the news?</Title><Username>mb525789</Username><Timestamp>1354206865316</Timestamp><DateTime>Thu, 2012-11-29 11:34:25 EST</DateTime></Topic><Msg>Goldman and Bernstein upgraded Yahoo. Bernstein said Yahoo is valued at $25 and Goldman raised Yahoo's PT to $24 and added Yahoo to their Conviction Buy List. No one cares about some no name neutral rating, shorty. You lose.</Msg><Username>nanobot8042</Username><Timestamp>1354207371095</Timestamp><DateTime>Thu, 2012-11-29 11:42:51 EST</DateTime><ThumbUp>2</ThumbUp><ThumbDown>1</ThumbDown><Sentiment/></Message><Message type="ReplyMessage"><Id>1354207439850-47</Id><Topic><Title>Server errors is a good sign! It means Yahoo is getting way more traffic than they are used to..</Title><Username>optionstrader4u</Username><Timestamp>1354206225228</Timestamp><DateTime>Thu, 2012-11-29 11:23:45 EST</DateTime></Topic><Msg>Do you still think Yahoo is dead money at $15.80 hotmodel? See why no one cares what you think. Long live the coldone!</Msg><Username>nanobot8042</Username><Timestamp>1354207439850</Timestamp><DateTime>Thu, 2012-11-29 11:43:59 EST</DateTime><ThumbUp>0</ThumbUp><ThumbDown>0</ThumbDown><Sentiment/></Message><Message type="ReplyMessage"><Id>1354207483168-48</Id><Topic><Title>Yahoo: Goldman Adds To Conviction Buy List; Target $24</Title><Username>theecoldone</Username><Timestamp>1353940127065</Timestamp><DateTime>Mon, 2012-11-26 09:28:47 EST</DateTime></Topic><Msg>Upgrades don't get any better than Goldman's Conviction Buy List.</Msg><Username>nanobot8042</Username><Timestamp>1354207483168</Timestamp><DateTime>Thu, 2012-11-29 11:44:43 EST</DateTime><ThumbUp>0</ThumbUp><ThumbDown>1</ThumbDown><Sentiment/></Message><Message type="ReplyMessage"><Id>1354207609701-49</Id><Topic><Title>Any one check the news?</Title><Username>mb525789</Username><Timestamp>1354206865316</Timestamp><DateTime>Thu, 2012-11-29 11:34:25 EST</DateTime></Topic><Msg>Yahoo! Inc. (NASDAQ: YHOO) has been downgraded by S&amp;P Equity Research this morning. What is different about this call is that the downgrade is on valuation more than on the traditional execution risks and misses of the past. S&amp;P's equity team now rates this as a Hold, versus its prior Buy rating. What is so interesting here is that Yahoo! recently saw its shares hit a 52-week high. The company is also a candidate to announce a very large special one-time dividend, based on that $4.3 billion that it has after taxes from the sale of part of its Alibaba stake. Whether this will be a buyback or a dividend remains to be seen, but our guess is that it will be a combination of both methods of returning capital to shareholders. It should be noted that S&amp;P Equity Research is an independent research firm and that this is not exactly a commission-based analyst call. Shares hit a new 52-week high of $19.16 this week. Shares are up nine cents at $19.00, and the 52-week trading range is $14.35 to $19.16. The last time shares hit $19 was back in April of 2010. Before that it was September of 2008. Marissa Mayer has already proved her worth for shareholders, but we would note that Wall St. thinks that Yahoo! now is fully valued (unless it wants to raise targets) as the Thomson Reuters consensus price target is $19.08.</Msg><Username>mb525789</Username><Timestamp>1354207609701</Timestamp><DateTime>Thu, 2012-11-29 11:46:49 EST</DateTime><ThumbUp>0</ThumbUp><ThumbDown>0</ThumbDown><Sentiment/></Message><Message type="ReplyMessage"><Id>1354207929072-50</Id><Topic><Title>Any one check the news?</Title><Username>mb525789</Username><Timestamp>1354206865316</Timestamp><DateTime>Thu, 2012-11-29 11:34:25 EST</DateTime></Topic><Msg>nano,</Msg><Username>mb525789</Username><Timestamp>1354207929072</Timestamp><DateTime>Thu, 2012-11-29 11:52:09 EST</DateTime><ThumbUp>0</ThumbUp><ThumbDown>0</ThumbDown><Sentiment/></Message><Message type="TopicMessage"><Id>1354209456756-51</Id><Title>Special Dividend</Title><Msg>What are the odds YHOO will issue a special dividend by the end of the year?</Msg><Username>pjs_12</Username><Timestamp>1354209456756</Timestamp><DateTime>Thu, 2012-11-29 12:17:36 EST</DateTime><ThumbUp>0</ThumbUp><ThumbDown>0</ThumbDown><Sentiment>Strong Buy</Sentiment></Message><Message type="ReplyMessage"><Id>1354209488609-52</Id><Topic><Title>Any one check the news?</Title><Username>mb525789</Username><Timestamp>1354206865316</Timestamp><DateTime>Thu, 2012-11-29 11:34:25 EST</DateTime></Topic><Msg>I have been saying for over a year that the Maximum full valuation for Yahoo is $17.20. Yahoo is over bought. Now when they miss revenue projections for the quarter we will start to see the end of the MM fantasy. This balloon is getting way to close to the pins and needles of realty.</Msg><Username>grey116677</Username><Timestamp>1354209488609</Timestamp><DateTime>Thu, 2012-11-29 12:18:08 EST</DateTime><ThumbUp>2</ThumbUp><ThumbDown>2</ThumbDown><Sentiment/></Message><Message type="ReplyMessage"><Id>1354209690963-53</Id><Topic><Title>Any one check the news?</Title><Username>mb525789</Username><Timestamp>1354206865316</Timestamp><DateTime>Thu, 2012-11-29 11:34:25 EST</DateTime></Topic><Msg>Goldman and Bernstein or grey..? I think I'll go with Goldman and Bernstein.</Msg><Username>smedleypuddles</Username><Timestamp>1354209690963</Timestamp><DateTime>Thu, 2012-11-29 12:21:30 EST</DateTime><ThumbUp>0</ThumbUp><ThumbDown>1</ThumbDown><Sentiment/></Message><Message type="ReplyMessage"><Id>1354209783754-54</Id><Topic><Title>Yahoo: Goldman Adds To Conviction Buy List; Target $24</Title><Username>theecoldone</Username><Timestamp>1353940127065</Timestamp><DateTime>Mon, 2012-11-26 09:28:47 EST</DateTime></Topic><Msg>This is big!</Msg><Username>smedleypuddles</Username><Timestamp>1354209783754</Timestamp><DateTime>Thu, 2012-11-29 12:23:03 EST</DateTime><ThumbUp>0</ThumbUp><ThumbDown>1</ThumbDown><Sentiment/></Message><Message type="ReplyMessage"><Id>1354209819798-55</Id><Topic><Title>Bernstein Says Yahoo's Value Tops $25 A Share</Title><Username>thetoadtimes</Username><Timestamp>1354029128290</Timestamp><DateTime>Tue, 2012-11-27 10:12:08 EST</DateTime></Topic><Msg>I will be there!</Msg><Username>nanobot8042</Username><Timestamp>1354209819798</Timestamp><DateTime>Thu, 2012-11-29 12:23:39 EST</DateTime><ThumbUp>1</ThumbUp><ThumbDown>1</ThumbDown><Sentiment/></Message><Message type="TopicMessage"><Id>1354209925721-56</Id><Title>people still trading this dog?</Title><Msg>i stopped after the tech boom</Msg><Username>i_hump_ducks</Username><Timestamp>1354209925721</Timestamp><DateTime>Thu, 2012-11-29 12:25:25 EST</DateTime><ThumbUp>0</ThumbUp><ThumbDown>1</ThumbDown><Sentiment/></Message><Message type="ReplyMessage"><Id>1354210004856-57</Id><Topic><Title>Any one check the news?</Title><Username>mb525789</Username><Timestamp>1354206865316</Timestamp><DateTime>Thu, 2012-11-29 11:34:25 EST</DateTime></Topic><Msg>"Goldman and Bernstein or grey..? I think I'll go with Goldman and Bernstein." Then you will be repeating your mistakes. The long knives are out for Yahoo. Take your profits. MM's interview was a disaster and real money runners know she is an empty dress.</Msg><Username>grey116677</Username><Timestamp>1354210004856</Timestamp><DateTime>Thu, 2012-11-29 12:26:44 EST</DateTime><ThumbUp>1</ThumbUp><ThumbDown>1</ThumbDown><Sentiment/></Message><Message type="ReplyMessage"><Id>1354210582154-58</Id><Topic><Title>Server errors is a good sign! It means Yahoo is getting way more traffic than they are used to..</Title><Username>optionstrader4u</Username><Timestamp>1354206225228</Timestamp><DateTime>Thu, 2012-11-29 11:23:45 EST</DateTime></Topic><Msg>how could you say that with a straight face?</Msg><Username>i_hump_ducks</Username><Timestamp>1354210582154</Timestamp><DateTime>Thu, 2012-11-29 12:36:22 EST</DateTime><ThumbUp>0</ThumbUp><ThumbDown>1</ThumbDown><Sentiment/></Message><Message type="TopicMessage"><Id>1354211750710-59</Id><Title>dividents</Title><Msg>I need some money to buy toys, please order some dividents fast</Msg><Username>fdc17422000</Username><Timestamp>1354211750710</Timestamp><DateTime>Thu, 2012-11-29 12:55:50 EST</DateTime><ThumbUp>0</ThumbUp><ThumbDown>0</ThumbDown><Sentiment/></Message><Message type="ReplyMessage"><Id>1354211798948-60</Id><Topic><Title>Buy Yahoo under $19 while you can...</Title><Username>theecoldone</Username><Timestamp>1353736683176</Timestamp><DateTime>Sat, 2012-11-24 00:58:03 EST</DateTime></Topic><Msg>Buy Yahoo under $11 to $19 and right every time. Coldone is an investing genius!</Msg><Username>nanobot8042</Username><Timestamp>1354211798948</Timestamp><DateTime>Thu, 2012-11-29 12:56:38 EST</DateTime><ThumbUp>1</ThumbUp><ThumbDown>0</ThumbDown><Sentiment/></Message><Message type="ReplyMessage"><Id>1354212176701-61</Id><Topic><Title>Any one check the news?</Title><Username>mb525789</Username><Timestamp>1354206865316</Timestamp><DateTime>Thu, 2012-11-29 11:34:25 EST</DateTime></Topic><Msg>Take your profits. MM's interview was a disaster and real money runners know she is an empty dress.</Msg><Username>gup1x</Username><Timestamp>1354212176701</Timestamp><DateTime>Thu, 2012-11-29 13:02:56 EST</DateTime><ThumbUp>0</ThumbUp><ThumbDown>1</ThumbDown><Sentiment/></Message><Message type="ReplyMessage"><Id>1354212353414-62</Id><Topic><Title>Any one check the news?</Title><Username>mb525789</Username><Timestamp>1354206865316</Timestamp><DateTime>Thu, 2012-11-29 11:34:25 EST</DateTime></Topic><Msg>message above left off : she seemed skilled to me</Msg><Username>gup1x</Username><Timestamp>1354212353414</Timestamp><DateTime>Thu, 2012-11-29 13:05:53 EST</DateTime><ThumbUp>0</ThumbUp><ThumbDown>0</ThumbDown><Sentiment/></Message><Message type="TopicMessage"><Id>1354212683391-63</Id><Title>Retreat...</Title><Msg>To confirm... $17.5...</Msg><Username>yinvestor</Username><Timestamp>1354212683391</Timestamp><DateTime>Thu, 2012-11-29 13:11:23 EST</DateTime><ThumbUp>0</ThumbUp><ThumbDown>0</ThumbDown><Sentiment/></Message><Message type="ReplyMessage"><Id>1354212834246-64</Id><Topic><Title>I am expecting a pull back to $16.5 - $17.5 level</Title><Username>yinvestor</Username><Timestamp>1353700781827</Timestamp><DateTime>Fri, 2012-11-23 14:59:41 EST</DateTime></Topic><Msg>Despite of fiscal cliff, Yahoo is a stock with huge float, now it's over bought and any bads news could trigger a pull back... I am a long-term player, so I am holding some with caucious. If it pulls back, I will get some.</Msg><Username>yinvestor</Username><Timestamp>1354212834246</Timestamp><DateTime>Thu, 2012-11-29 13:13:54 EST</DateTime><ThumbUp>0</ThumbUp><ThumbDown>0</ThumbDown><Sentiment/></Message><Message type="TopicMessage"><Id>1354214033750-65</Id><Title>WOW! You all need to lighten up.</Title><Msg>Kick back and relax. Crank up my play list at My Space and just let your brian cells be bombarded by the decibles. If you have some really good headphones at max your eyeballs will pulse with the base beat. Its all good!</Msg><Username>mb525789</Username><Timestamp>1354214033750</Timestamp><DateTime>Thu, 2012-11-29 13:33:53 EST</DateTime><ThumbUp>1</ThumbUp><ThumbDown>0</ThumbDown><Sentiment/></Message><Message type="TopicMessage"><Id>1354214706299-66</Id><Title>I bet you Marissa and new CFO are in disagreement about a one time dividend that is what is delaying our guidance.</Title><Msg>This may be the reason.. jmho</Msg><Username>optionstrader4u</Username><Timestamp>1354214706299</Timestamp><DateTime>Thu, 2012-11-29 13:45:06 EST</DateTime><ThumbUp>1</ThumbUp><ThumbDown>1</ThumbDown><Sentiment>Strong Buy</Sentiment></Message><Message type="ReplyMessage"><Id>1354214982442-67</Id><Topic><Title>dividents</Title><Username>fdc17422000</Username><Timestamp>1354211750710</Timestamp><DateTime>Thu, 2012-11-29 12:55:50 EST</DateTime></Topic><Msg>no divident for you...half men don't deserve divident. Least dat whot yor goilfriend told me.</Msg><Username>gollywogazoo</Username><Timestamp>1354214982442</Timestamp><DateTime>Thu, 2012-11-29 13:49:42 EST</DateTime><ThumbUp>0</ThumbUp><ThumbDown>0</ThumbDown><Sentiment/></Message><Message type="ReplyMessage"><Id>1354215526906-68</Id><Topic><Title>Special Dividend</Title><Username>pjs_12</Username><Timestamp>1354209456756</Timestamp><DateTime>Thu, 2012-11-29 12:17:36 EST</DateTime></Topic><Msg>Yhoo stock look very tired unless something news is coming out very soon. The stock can't seen to closed above $19+ range.</Msg><Username>mlsmarket</Username><Timestamp>1354215526906</Timestamp><DateTime>Thu, 2012-11-29 13:58:46 EST</DateTime><ThumbUp>0</ThumbUp><ThumbDown>0</ThumbDown><Sentiment/></Message><Message type="ReplyMessage"><Id>1354216481679-69</Id><Topic><Title>WOW! You all need to lighten up.</Title><Username>mb525789</Username><Timestamp>1354214033750</Timestamp><DateTime>Thu, 2012-11-29 13:33:53 EST</DateTime></Topic><Msg>Linkin Park / "Thousand Suns" at the moment. It does not get any better!</Msg><Username>mb525789</Username><Timestamp>1354216481679</Timestamp><DateTime>Thu, 2012-11-29 14:14:41 EST</DateTime><ThumbUp>1</ThumbUp><ThumbDown>1</ThumbDown><Sentiment/></Message><Message type="TopicMessage"><Id>1354216755930-70</Id><Title>Yahoo takes #2 spot in new comScore property traffic rankings</Title><Msg>To see the new rankings list, search for "comScore Announces Beta Release of Media Metrix® Multi-Platform"</Msg><Username>iggysweet28</Username><Timestamp>1354216755930</Timestamp><DateTime>Thu, 2012-11-29 14:19:15 EST</DateTime><ThumbUp>0</ThumbUp><ThumbDown>1</ThumbDown><Sentiment/></Message><Message type="ReplyMessage"><Id>1354217046971-71</Id><Topic><Title>WOW! You all need to lighten up.</Title><Username>mb525789</Username><Timestamp>1354214033750</Timestamp><DateTime>Thu, 2012-11-29 13:33:53 EST</DateTime></Topic><Msg>Name it.</Msg><Username>mb525789</Username><Timestamp>1354217046971</Timestamp><DateTime>Thu, 2012-11-29 14:24:06 EST</DateTime><ThumbUp>0</ThumbUp><ThumbDown>0</ThumbDown><Sentiment/></Message><Message type="TopicMessage"><Id>1354217396867-72</Id><Title>OXF - Breakout Developing!!!</Title><Msg>Huge Insider Buying, Bullish Uptrend!</Msg><Username>northerntrust</Username><Timestamp>1354217396867</Timestamp><DateTime>Thu, 2012-11-29 14:29:56 EST</DateTime><ThumbUp>0</ThumbUp><ThumbDown>0</ThumbDown><Sentiment>Strong Buy</Sentiment></Message><Message type="ReplyMessage"><Id>1354217604369-73</Id><Topic><Title>WOW! You all need to lighten up.</Title><Username>mb525789</Username><Timestamp>1354214033750</Timestamp><DateTime>Thu, 2012-11-29 13:33:53 EST</DateTime></Topic><Msg>Either</Msg><Username>mb525789</Username><Timestamp>1354217604369</Timestamp><DateTime>Thu, 2012-11-29 14:33:24 EST</DateTime><ThumbUp>0</ThumbUp><ThumbDown>1</ThumbDown><Sentiment/></Message><Message type="ReplyMessage"><Id>1354218360175-74</Id><Topic><Title>WOW! You all need to lighten up.</Title><Username>mb525789</Username><Timestamp>1354214033750</Timestamp><DateTime>Thu, 2012-11-29 13:33:53 EST</DateTime></Topic><Msg>She has some great tunes.</Msg><Username>mb525789</Username><Timestamp>1354218360175</Timestamp><DateTime>Thu, 2012-11-29 14:46:00 EST</DateTime><ThumbUp>1</ThumbUp><ThumbDown>1</ThumbDown><Sentiment/></Message><Message type="ReplyMessage"><Id>1354218992765-75</Id><Topic><Title>WOW! You all need to lighten up.</Title><Username>mb525789</Username><Timestamp>1354214033750</Timestamp><DateTime>Thu, 2012-11-29 13:33:53 EST</DateTime></Topic><Msg>Pink rocks!</Msg><Username>mb525789</Username><Timestamp>1354218992765</Timestamp><DateTime>Thu, 2012-11-29 14:56:32 EST</DateTime><ThumbUp>0</ThumbUp><ThumbDown>0</ThumbDown><Sentiment/></Message><Message type="ReplyMessage"><Id>1354219317345-76</Id><Topic><Title>75% of $3 billion buyback still remains</Title><Username>thurstonthethird</Username><Timestamp>1353944429744</Timestamp><DateTime>Mon, 2012-11-26 10:40:29 EST</DateTime></Topic><Msg>Hotmodel blew it with her Yahoo dead money at $15.80 call.</Msg><Username>bflathalfdim</Username><Timestamp>1354219317345</Timestamp><DateTime>Thu, 2012-11-29 15:01:57 EST</DateTime><ThumbUp>1</ThumbUp><ThumbDown>0</ThumbDown><Sentiment/></Message><Message type="ReplyMessage"><Id>1354219451122-77</Id><Topic><Title>Yahoo moves up to #2 in new audience ranking</Title><Username>co1done</Username><Timestamp>1354202844750</Timestamp><DateTime>Thu, 2012-11-29 10:27:24 EST</DateTime></Topic><Msg>Yahoo's next quarter will beat earnings again.</Msg><Username>bflathalfdim</Username><Timestamp>1354219451122</Timestamp><DateTime>Thu, 2012-11-29 15:04:11 EST</DateTime><ThumbUp>3</ThumbUp><ThumbDown>2</ThumbDown><Sentiment/></Message><Message type="TopicMessage"><Id>1354219474497-78</Id><Title>Inevestment ALERT!! SHORT YHOO at $19</Title><Msg>We have dtermined, through multiple computer generated programs, that this trade has a 93.3% chance of success. Furthermore, on a 30 day basis your rate of return will be in excess of 10%. I will return to provide you with further profitable investment advice.</Msg><Username>fred.jackson55</Username><Timestamp>1354219474497</Timestamp><DateTime>Thu, 2012-11-29 15:04:34 EST</DateTime><ThumbUp>1</ThumbUp><ThumbDown>0</ThumbDown><Sentiment/></Message><Message type="ReplyMessage"><Id>1354219672518-79</Id><Topic><Title>WOW! You all need to lighten up.</Title><Username>mb525789</Username><Timestamp>1354214033750</Timestamp><DateTime>Thu, 2012-11-29 13:33:53 EST</DateTime></Topic><Msg>Did you watch the AMA? She was great. Her performances are all so physical. I caught her concert in London, she was great.</Msg><Username>mb525789</Username><Timestamp>1354219672518</Timestamp><DateTime>Thu, 2012-11-29 15:07:52 EST</DateTime><ThumbUp>0</ThumbUp><ThumbDown>0</ThumbDown><Sentiment/></Message><Message type="TopicMessage"><Id>1354220396120-80</Id><Title>Downgraded!!!!</Title><Msg>May be time to SELL!!! Just as the market begins to learn we'll go OVER the Fiscal Cliff!!!! Obuma DOESN'T want a deal!!!</Msg><Username>joco52</Username><Timestamp>1354220396120</Timestamp><DateTime>Thu, 2012-11-29 15:19:56 EST</DateTime><ThumbUp>0</ThumbUp><ThumbDown>0</ThumbDown><Sentiment/></Message><Message type="ReplyMessage"><Id>1354220883294-81</Id><Topic><Title>WOW! You all need to lighten up.</Title><Username>mb525789</Username><Timestamp>1354214033750</Timestamp><DateTime>Thu, 2012-11-29 13:33:53 EST</DateTime></Topic><Msg>Brrrrr! To cold up there for me, this is my first winter away from the equator since 06. I am freezing here in Ohio. Stay warm. Later.</Msg><Username>mb525789</Username><Timestamp>1354220883294</Timestamp><DateTime>Thu, 2012-11-29 15:28:03 EST</DateTime><ThumbUp>0</ThumbUp><ThumbDown>0</ThumbDown><Sentiment/></Message><Message type="TopicMessage"><Id>1354221097741-82</Id><Title>OXF 15% Yield, Looking Cheap Today!!!</Title><Msg>Uptrend Continues, Breakout Developing!</Msg><Username>northerntrust</Username><Timestamp>1354221097741</Timestamp><DateTime>Thu, 2012-11-29 15:31:37 EST</DateTime><ThumbUp>0</ThumbUp><ThumbDown>0</ThumbDown><Sentiment>Strong Buy</Sentiment></Message><Message type="TopicMessage"><Id>1354221833667-83</Id><Title>Einhorn actually added to his holdings during the last qtr</Title><Msg>contrary to a few "hopeful" shorts on this board staking out their short positions and looking for a life raft of sorts</Msg><Username>pinionman</Username><Timestamp>1354221833667</Timestamp><DateTime>Thu, 2012-11-29 15:43:53 EST</DateTime><ThumbUp>0</ThumbUp><ThumbDown>1</ThumbDown><Sentiment/></Message><Message type="ReplyMessage"><Id>1354221844358-84</Id><Topic><Title>Well ignorant Southern redneck dickey-betts just went on ignore. YHOO will get past $19.15 and....</Title><Username>dariencat8</Username><Timestamp>1354201774797</Timestamp><DateTime>Thu, 2012-11-29 10:09:34 EST</DateTime></Topic><Msg>Dickey is right. This stock run seems over. Market rocketed today and YHOO was a dud. I wonder how much we retreat over the next few weeks?</Msg><Username>jurgensmuscle</Username><Timestamp>1354221844358</Timestamp><DateTime>Thu, 2012-11-29 15:44:04 EST</DateTime><ThumbUp>0</ThumbUp><ThumbDown>0</ThumbDown><Sentiment/></Message><Message type="ReplyMessage"><Id>1354222396596-85</Id><Topic><Title>Special Dividend</Title><Username>pjs_12</Username><Timestamp>1354209456756</Timestamp><DateTime>Thu, 2012-11-29 12:17:36 EST</DateTime></Topic><Msg>Anyone remember the cut off date??????????</Msg><Username>denehenry</Username><Timestamp>1354222396596</Timestamp><DateTime>Thu, 2012-11-29 15:53:16 EST</DateTime><ThumbUp>0</ThumbUp><ThumbDown>1</ThumbDown><Sentiment>Hold</Sentiment></Message><Message type="TopicMessage"><Id>1354222484101-86</Id><Title>Well she failed to breakout like I suspected. Down we go. Or should I say TIMBER!</Title><Msg>TIMBER she goes. Buy back looks to be complete as well. No more buying pressure.</Msg><Username>dickey_betts44</Username><Timestamp>1354222484101</Timestamp><DateTime>Thu, 2012-11-29 15:54:44 EST</DateTime><ThumbUp>3</ThumbUp><ThumbDown>3</ThumbDown><Sentiment/></Message><Message type="TopicMessage"><Id>1354223568125-87</Id><Title>just got back from a cruise.. ALIBABA WILL BE BIGGER THAN AMAZON</Title><Msg>In a year and a half.. yahoo owns 23 percent of tmall. - thats the key!!!</Msg><Username>oldmaneddie81</Username><Timestamp>1354223568125</Timestamp><DateTime>Thu, 2012-11-29 16:12:48 EST</DateTime><ThumbUp>3</ThumbUp><ThumbDown>1</ThumbDown><Sentiment/></Message><Message type="ReplyMessage"><Id>1354223757868-88</Id><Topic><Title>Special Dividend</Title><Username>pjs_12</Username><Timestamp>1354209456756</Timestamp><DateTime>Thu, 2012-11-29 12:17:36 EST</DateTime></Topic><Msg>We have heavy historical resistance at the $19 level. In 2010 and 2011 the stock came up against $19 and pulled back. Analyst believe this time is different. It should build a base here and all we need is continued positive news. In previous years they didn't trust the management. However, a new day is dawning. At $19 Shorts are doing more talking than actual shorting. Short squeeze is painful. When it breaks $19 an holds for a few days, week etc. Yahoooooo</Msg><Username>dchrist139</Username><Timestamp>1354223757868</Timestamp><DateTime>Thu, 2012-11-29 16:15:57 EST</DateTime><ThumbUp>0</ThumbUp><ThumbDown>0</ThumbDown><Sentiment>Strong Buy</Sentiment></Message><Message type="ReplyMessage"><Id>1354224025076-89</Id><Topic><Title>Well she failed to breakout like I suspected. Down we go. Or should I say TIMBER!</Title><Username>dickey_betts44</Username><Timestamp>1354222484101</Timestamp><DateTime>Thu, 2012-11-29 15:54:44 EST</DateTime></Topic><Msg>No, and I doubt it. Good luck getting shares with your weak scare tactics. Yahoo has already started to break out....future looks good,</Msg><Username>firsttestcase</Username><Timestamp>1354224025076</Timestamp><DateTime>Thu, 2012-11-29 16:20:25 EST</DateTime><ThumbUp>0</ThumbUp><ThumbDown>2</ThumbDown><Sentiment/></Message><Message type="ReplyMessage"><Id>1354224168926-90</Id><Topic><Title>Special Dividend</Title><Username>pjs_12</Username><Timestamp>1354209456756</Timestamp><DateTime>Thu, 2012-11-29 12:17:36 EST</DateTime></Topic><Msg>Doubt it, they are acting on a buy back which will take some time and have better long term results as long as MM keeps on track and Alibaba and Yhoo Japan keeps growing.</Msg><Username>firsttestcase</Username><Timestamp>1354224168926</Timestamp><DateTime>Thu, 2012-11-29 16:22:48 EST</DateTime><ThumbUp>0</ThumbUp><ThumbDown>0</ThumbDown><Sentiment/></Message><Message type="ReplyMessage"><Id>1354224425823-91</Id><Topic><Title>Special Dividend</Title><Username>pjs_12</Username><Timestamp>1354209456756</Timestamp><DateTime>Thu, 2012-11-29 12:17:36 EST</DateTime></Topic><Msg>Counting on special dividend before Christmas.</Msg><Username>denehenry</Username><Timestamp>1354224425823</Timestamp><DateTime>Thu, 2012-11-29 16:27:05 EST</DateTime><ThumbUp>0</ThumbUp><ThumbDown>0</ThumbDown><Sentiment>Hold</Sentiment></Message><Message type="TopicMessage"><Id>1354225070174-92</Id><Title>this weeks IL fertilizer prices - UP!</Title><Msg>GX_GR210 Springfield, IL Mon, Nov 26, 2012 USDA-IL Dept of Ag Market News Illinois Production Cost Report (Bi-weekly) Production costs items state wide: cash prices bulk, FOB distributor, per ton unless otherwise stated. Fertilizer in granular form unless noted. Product Offer Average Change Anhydrous ammonia 845.00-911.00 869.40 UP 4.22 Urea 46-0-0 525.00-600.00 565.00 UNCH Liquid Nitrogen 28% spread 380.00-400.00 391.25 UP 0.25 DAP(Diammonium Phosphate 18%N 46%P) 600.00-675.00 631.33 UP 1.56 MAP (Monoammonium Phosphate 11%N 52%P) 620.00-688.00 650.60 DN 6.00 Potash (Potassium) 570.00-627.00 599.87 UP 0.80 Farm Diesel Fuel per gal</Msg><Username>ithurtstobeshort</Username><Timestamp>1354225070174</Timestamp><DateTime>Thu, 2012-11-29 16:37:50 EST</DateTime><ThumbUp>0</ThumbUp><ThumbDown>0</ThumbDown><Sentiment/></Message><Message type="ReplyMessage"><Id>1354225618974-93</Id><Topic><Title>just got back from a cruise.. ALIBABA WILL BE BIGGER THAN AMAZON</Title><Username>oldmaneddie81</Username><Timestamp>1354223568125</Timestamp><DateTime>Thu, 2012-11-29 16:12:48 EST</DateTime></Topic><Msg>Erick Jackson said YHOO current stakes in Alibaba will match YHOO current market value of $22B. Wow! I think the IPO is in the middle of next year. When will be the announcement of the IPO by Ma? next month??????.</Msg><Username>goingbravo</Username><Timestamp>1354225618974</Timestamp><DateTime>Thu, 2012-11-29 16:46:58 EST</DateTime><ThumbUp>2</ThumbUp><ThumbDown>1</ThumbDown><Sentiment>Strong Buy</Sentiment></Message><Message type="TopicMessage"><Id>1354225902652-94</Id><Title>Marissa is a God because</Title><Msg>She's going to help me win my bet with my brother-in-law that from 15 Yahoo would hit 20 before it hit 10</Msg><Username>left2rightdoor</Username><Timestamp>1354225902652</Timestamp><DateTime>Thu, 2012-11-29 16:51:42 EST</DateTime><ThumbUp>0</ThumbUp><ThumbDown>0</ThumbDown><Sentiment/></Message><Message type="TopicMessage"><Id>1354226000829-95</Id><Title>when Marissa paying us a special dividends...</Title><Msg>after all we long on yahoo and believer of yahoo...waiting for a little compensation!!!!</Msg><Username>tobyt001</Username><Timestamp>1354226000829</Timestamp><DateTime>Thu, 2012-11-29 16:53:20 EST</DateTime><ThumbUp>0</ThumbUp><ThumbDown>0</ThumbDown><Sentiment>Strong Buy</Sentiment></Message><Message type="ReplyMessage"><Id>1354226110344-96</Id><Topic><Title>just got back from a cruise.. ALIBABA WILL BE BIGGER THAN AMAZON</Title><Username>oldmaneddie81</Username><Timestamp>1354223568125</Timestamp><DateTime>Thu, 2012-11-29 16:12:48 EST</DateTime></Topic><Msg>agreed.. then they would have to make the announcment by next month to meet the deadline..</Msg><Username>oldmaneddie81</Username><Timestamp>1354226110344</Timestamp><DateTime>Thu, 2012-11-29 16:55:10 EST</DateTime><ThumbUp>0</ThumbUp><ThumbDown>1</ThumbDown><Sentiment/></Message><Message type="ReplyMessage"><Id>1354226344215-97</Id><Topic><Title>dividents</Title><Username>fdc17422000</Username><Timestamp>1354211750710</Timestamp><DateTime>Thu, 2012-11-29 12:55:50 EST</DateTime></Topic><Msg>the toys are for my girlfriends, they love them, i spend a lot of money in batteries</Msg><Username>fdc17422000</Username><Timestamp>1354226344215</Timestamp><DateTime>Thu, 2012-11-29 16:59:04 EST</DateTime><ThumbUp>1</ThumbUp><ThumbDown>0</ThumbDown><Sentiment/></Message><Message type="TopicMessage"><Id>1354226559645-98</Id><Title>Alibaba's Tmall Will Overtake Amazon as the World's Biggest Ecommerce Site by 2015</Title><Msg>Yahoo owns 24% of Alibaba Group. Tmall’s revenues should hit $120 billion by 2017, according to Euromonitor. Amazon’s revenues will likely be $100 billion by then. For 2012, Alibaba Group – as a whole – is expected to do $40 billion in revenue while Amazon should do $60 billion. Each percent of Alibaba Group is worth $1 billion at IPO.</Msg><Username>bflathalfdim</Username><Timestamp>1354226559645</Timestamp><DateTime>Thu, 2012-11-29 17:02:39 EST</DateTime><ThumbUp>6</ThumbUp><ThumbDown>3</ThumbDown><Sentiment/></Message><Message type="ReplyMessage"><Id>1354226840524-99</Id><Topic><Title>Alibaba's Tmall Will Overtake Amazon as the World's Biggest Ecommerce Site by 2015</Title><Username>bflathalfdim</Username><Timestamp>1354226559645</Timestamp><DateTime>Thu, 2012-11-29 17:02:39 EST</DateTime></Topic><Msg>Here's the best part. Yahoo (YHOO) currently owns 24% of Alibaba Group, even after reducing its stake earlier this year. If Yahoo held on to its stake for the next year or so until Alibaba Group is valued at least at Amazon’s current market cap, Yahoo’s stake would be worth over $27 billion. Yahoo’s current market cap for the entire company including its Alibaba stake is only $22 billion. Jackson is being conservative.</Msg><Username>bflathalfdim</Username><Timestamp>1354226840524</Timestamp><DateTime>Thu, 2012-11-29 17:07:20 EST</DateTime><ThumbUp>1</ThumbUp><ThumbDown>2</ThumbDown><Sentiment/></Message><Message type="ReplyMessage"><Id>1354228604087-100</Id><Topic><Title>Alibaba's Tmall Will Overtake Amazon as the World's Biggest Ecommerce Site by 2015</Title><Username>bflathalfdim</Username><Timestamp>1354226559645</Timestamp><DateTime>Thu, 2012-11-29 17:02:39 EST</DateTime></Topic><Msg>Fantasy numbers are always fun. Just too bad how easy it is to check those that are part of a SEC filing. Like for 2012, Alibaba Group – as a whole – is expected to do $4 billion not $40 billion. Total revenue for the first 6 months of 2012 was just under $1.9 billion and no sane person thinks they can make over $38 billion the other 6 months. Alibaba Group total revenue for 2011 was reported $2.8 billion.</Msg><Username>dr.gloom</Username><Timestamp>1354228604087</Timestamp><DateTime>Thu, 2012-11-29 17:36:44 EST</DateTime><ThumbUp>0</ThumbUp><ThumbDown>0</ThumbDown><Sentiment/></Message><Message type="ReplyMessage"><Id>1354229515221-101</Id><Topic><Title>Alibaba's Tmall Will Overtake Amazon as the World's Biggest Ecommerce Site by 2015</Title><Username>bflathalfdim</Username><Timestamp>1354226559645</Timestamp><DateTime>Thu, 2012-11-29 17:02:39 EST</DateTime></Topic><Msg>Who is lying you or Erick Jackson?</Msg><Username>goingbravo</Username><Timestamp>1354229515221</Timestamp><DateTime>Thu, 2012-11-29 17:51:55 EST</DateTime><ThumbUp>0</ThumbUp><ThumbDown>0</ThumbDown><Sentiment>Strong Buy</Sentiment></Message><Message type="ReplyMessage"><Id>1354230132356-102</Id><Topic><Title>Alibaba's Tmall Will Overtake Amazon as the World's Biggest Ecommerce Site by 2015</Title><Username>bflathalfdim</Username><Timestamp>1354226559645</Timestamp><DateTime>Thu, 2012-11-29 17:02:39 EST</DateTime></Topic><Msg>Amazing how one forgets that LITERALLY two weeks ago we seen AG have $732M for 3 quarters and will have $1B in profit for the year. While I've argued its value for 4 YEARS I don't think it'll IPO at $100B, way too rich for an investor as that is assuming 100% growth EVERY YEAR for the next 3yrs. Law of diminishing returns is starting to take hold making it difficult to continue at its rapid pace.</Msg><Username>hotmodeltestid122</Username><Timestamp>1354230132356</Timestamp><DateTime>Thu, 2012-11-29 18:02:12 EST</DateTime><ThumbUp>0</ThumbUp><ThumbDown>3</ThumbDown><Sentiment/></Message><Message type="ReplyMessage"><Id>1354230644243-103</Id><Topic><Title>I am expecting a pull back to $16.5 - $17.5 level</Title><Username>yinvestor</Username><Timestamp>1353700781827</Timestamp><DateTime>Fri, 2012-11-23 14:59:41 EST</DateTime></Topic><Msg>Let Henrique De Castro earn his millions now. His job is to manage a WASA WASA communication that will break the $19 resistance.</Msg><Username>filter_bull</Username><Timestamp>1354230644243</Timestamp><DateTime>Thu, 2012-11-29 18:10:44 EST</DateTime><ThumbUp>0</ThumbUp><ThumbDown>0</ThumbDown><Sentiment>Buy</Sentiment></Message><Message type="ReplyMessage"><Id>1354232380030-104</Id><Topic><Title>Alibaba's Tmall Will Overtake Amazon as the World's Biggest Ecommerce Site by 2015</Title><Username>bflathalfdim</Username><Timestamp>1354226559645</Timestamp><DateTime>Thu, 2012-11-29 17:02:39 EST</DateTime></Topic><Msg>Strong Buy!! $47 by 12/27/13</Msg><Username>leestoller</Username><Timestamp>1354232380030</Timestamp><DateTime>Thu, 2012-11-29 18:39:40 EST</DateTime><ThumbUp>1</ThumbUp><ThumbDown>2</ThumbDown><Sentiment>Strong Buy</Sentiment></Message><Message type="ReplyMessage"><Id>1354233512518-105</Id><Topic><Title>Alibaba's Tmall Will Overtake Amazon as the World's Biggest Ecommerce Site by 2015</Title><Username>bflathalfdim</Username><Timestamp>1354226559645</Timestamp><DateTime>Thu, 2012-11-29 17:02:39 EST</DateTime></Topic><Msg>What do you think Alibaba Group will IPO for and when? I think 2014 for $85 billion.</Msg><Username>bflathalfdim</Username><Timestamp>1354233512518</Timestamp><DateTime>Thu, 2012-11-29 18:58:32 EST</DateTime><ThumbUp>2</ThumbUp><ThumbDown>0</ThumbDown><Sentiment/></Message><Message type="ReplyMessage"><Id>1354233569757-106</Id><Topic><Title>when Marissa paying us a special dividends...</Title><Username>tobyt001</Username><Timestamp>1354226000829</Timestamp><DateTime>Thu, 2012-11-29 16:53:20 EST</DateTime></Topic><Msg>I Believe we might be running out of runway for 2012. Hope not..................</Msg><Username>hehernan</Username><Timestamp>1354233569757</Timestamp><DateTime>Thu, 2012-11-29 18:59:29 EST</DateTime><ThumbUp>0</ThumbUp><ThumbDown>0</ThumbDown><Sentiment>Buy</Sentiment></Message><Message type="ReplyMessage"><Id>1354233582112-107</Id><Topic><Title>I am expecting a pull back to $16.5 - $17.5 level</Title><Username>yinvestor</Username><Timestamp>1353700781827</Timestamp><DateTime>Fri, 2012-11-23 14:59:41 EST</DateTime></Topic><Msg>Stay in school.</Msg><Username>bflathalfdim</Username><Timestamp>1354233582112</Timestamp><DateTime>Thu, 2012-11-29 18:59:42 EST</DateTime><ThumbUp>0</ThumbUp><ThumbDown>0</ThumbDown><Sentiment/></Message><Message type="ReplyMessage"><Id>1354233658788-108</Id><Topic><Title>Yahoo moves up to #2 in new audience ranking</Title><Username>co1done</Username><Timestamp>1354202844750</Timestamp><DateTime>Thu, 2012-11-29 10:27:24 EST</DateTime></Topic><Msg>That's an unexpected jump.</Msg><Username>bflathalfdim</Username><Timestamp>1354233658788</Timestamp><DateTime>Thu, 2012-11-29 19:00:58 EST</DateTime><ThumbUp>1</ThumbUp><ThumbDown>0</ThumbDown><Sentiment/></Message><Message type="ReplyMessage"><Id>1354233884184-109</Id><Topic><Title>when Marissa paying us a special dividends...</Title><Username>tobyt001</Username><Timestamp>1354226000829</Timestamp><DateTime>Thu, 2012-11-29 16:53:20 EST</DateTime></Topic><Msg>Why do you think that?</Msg><Username>nanobot8042</Username><Timestamp>1354233884184</Timestamp><DateTime>Thu, 2012-11-29 19:04:44 EST</DateTime><ThumbUp>0</ThumbUp><ThumbDown>1</ThumbDown><Sentiment/></Message><Message type="ReplyMessage"><Id>1354234299330-110</Id><Topic><Title>Well she failed to breakout like I suspected. Down we go. Or should I say TIMBER!</Title><Username>dickey_betts44</Username><Timestamp>1354222484101</Timestamp><DateTime>Thu, 2012-11-29 15:54:44 EST</DateTime></Topic><Msg>Check the charts, challenging multi year highs, having formed a lengthy base.</Msg><Username>e_orton</Username><Timestamp>1354234299330</Timestamp><DateTime>Thu, 2012-11-29 19:11:39 EST</DateTime><ThumbUp>0</ThumbUp><ThumbDown>0</ThumbDown><Sentiment/></Message><Message type="TopicMessage"><Id>1354234631073-111</Id><Title>well looks like we won't get our guidance this week and a special dividend is probably out of the question</Title><Msg>What is this lady waiting for? Unless guidance sucks. I hope not.</Msg><Username>optionstrader4u</Username><Timestamp>1354234631073</Timestamp><DateTime>Thu, 2012-11-29 19:17:11 EST</DateTime><ThumbUp>0</ThumbUp><ThumbDown>0</ThumbDown><Sentiment>Strong Buy</Sentiment></Message><Message type="ReplyMessage"><Id>1354235340403-112</Id><Topic><Title>just got back from a cruise.. ALIBABA WILL BE BIGGER THAN AMAZON</Title><Username>oldmaneddie81</Username><Timestamp>1354223568125</Timestamp><DateTime>Thu, 2012-11-29 16:12:48 EST</DateTime></Topic><Msg>Much bigger news is coming. According to my sources, Yahoo's guidance will be very strong.</Msg><Username>mb525799</Username><Timestamp>1354235340403</Timestamp><DateTime>Thu, 2012-11-29 19:29:00 EST</DateTime><ThumbUp>3</ThumbUp><ThumbDown>2</ThumbDown><Sentiment/></Message><Message type="ReplyMessage"><Id>1354235507000-113</Id><Topic><Title>Special Dividend</Title><Username>pjs_12</Username><Timestamp>1354209456756</Timestamp><DateTime>Thu, 2012-11-29 12:17:36 EST</DateTime></Topic><Msg>******odds YHOO will issue a special dividend by the end of the year?****** SLIM and NONE!!!</Msg><Username>joco52</Username><Timestamp>1354235507000</Timestamp><DateTime>Thu, 2012-11-29 19:31:47 EST</DateTime><ThumbUp>0</ThumbUp><ThumbDown>0</ThumbDown><Sentiment/></Message><Message type="ReplyMessage"><Id>1354236146046-114</Id><Topic><Title>Special Dividend</Title><Username>pjs_12</Username><Timestamp>1354209456756</Timestamp><DateTime>Thu, 2012-11-29 12:17:36 EST</DateTime></Topic><Msg>It's a buyback. Where have you been?</Msg><Username>neo1278alpha</Username><Timestamp>1354236146046</Timestamp><DateTime>Thu, 2012-11-29 19:42:26 EST</DateTime><ThumbUp>0</ThumbUp><ThumbDown>0</ThumbDown><Sentiment/></Message><Message type="ReplyMessage"><Id>1354236289365-115</Id><Topic><Title>Alibaba's Tmall Will Overtake Amazon as the World's Biggest Ecommerce Site by 2015</Title><Username>bflathalfdim</Username><Timestamp>1354226559645</Timestamp><DateTime>Thu, 2012-11-29 17:02:39 EST</DateTime></Topic><Msg>Alibaba will pay Yahoo billions more for every year they wait to go public.</Msg><Username>neo1278alpha</Username><Timestamp>1354236289365</Timestamp><DateTime>Thu, 2012-11-29 19:44:49 EST</DateTime><ThumbUp>2</ThumbUp><ThumbDown>1</ThumbDown><Sentiment/></Message><Message type="ReplyMessage"><Id>1354236616604-116</Id><Topic><Title>75% of $3 billion buyback still remains</Title><Username>thurstonthethird</Username><Timestamp>1353944429744</Timestamp><DateTime>Mon, 2012-11-26 10:40:29 EST</DateTime></Topic><Msg>Only three days ago.</Msg><Username>trotlightly34</Username><Timestamp>1354236616604</Timestamp><DateTime>Thu, 2012-11-29 19:50:16 EST</DateTime><ThumbUp>1</ThumbUp><ThumbDown>0</ThumbDown><Sentiment/></Message><Message type="TopicMessage"><Id>1354237757604-117</Id><Title>Ohhmmm and greetings</Title><Msg>Inuvo rises Prosperity reigns anew Shareholders profit</Msg><Username>ohhmmm</Username><Timestamp>1354237757604</Timestamp><DateTime>Thu, 2012-11-29 20:09:17 EST</DateTime><ThumbUp>0</ThumbUp><ThumbDown>0</ThumbDown><Sentiment>Strong Buy</Sentiment></Message><Message type="ReplyMessage"><Id>1354239770655-118</Id><Topic><Title>just got back from a cruise.. ALIBABA WILL BE BIGGER THAN AMAZON</Title><Username>oldmaneddie81</Username><Timestamp>1354223568125</Timestamp><DateTime>Thu, 2012-11-29 16:12:48 EST</DateTime></Topic><Msg>There is no question YHOO trading in the $20s once Ma announce the IPO.</Msg><Username>goingbravo</Username><Timestamp>1354239770655</Timestamp><DateTime>Thu, 2012-11-29 20:42:50 EST</DateTime><ThumbUp>2</ThumbUp><ThumbDown>2</ThumbDown><Sentiment>Strong Buy</Sentiment></Message><Message type="ReplyMessage"><Id>1354240238616-119</Id><Topic><Title>just got back from a cruise.. ALIBABA WILL BE BIGGER THAN AMAZON</Title><Username>oldmaneddie81</Username><Timestamp>1354223568125</Timestamp><DateTime>Thu, 2012-11-29 16:12:48 EST</DateTime></Topic><Msg>The best is yet to come ! Strong Buy! $47 by 12/7/13</Msg><Username>leestoller</Username><Timestamp>1354240238616</Timestamp><DateTime>Thu, 2012-11-29 20:50:38 EST</DateTime><ThumbUp>1</ThumbUp><ThumbDown>2</ThumbDown><Sentiment>Strong Buy</Sentiment></Message><Message type="ReplyMessage"><Id>1354241447238-120</Id><Topic><Title>just got back from a cruise.. ALIBABA WILL BE BIGGER THAN AMAZON</Title><Username>oldmaneddie81</Username><Timestamp>1354223568125</Timestamp><DateTime>Thu, 2012-11-29 16:12:48 EST</DateTime></Topic><Msg>I hope you are right. But in all due respect....didn't your sources say to you Jack Ma was purchasing Google last year?</Msg><Username>toddspencerusa</Username><Timestamp>1354241447238</Timestamp><DateTime>Thu, 2012-11-29 21:10:47 EST</DateTime><ThumbUp>3</ThumbUp><ThumbDown>0</ThumbDown><Sentiment>Strong Buy</Sentiment></Message><Message type="ReplyMessage"><Id>1354243084804-121</Id><Topic><Title>Alibaba's Tmall Will Overtake Amazon as the World's Biggest Ecommerce Site by 2015</Title><Username>bflathalfdim</Username><Timestamp>1354226559645</Timestamp><DateTime>Thu, 2012-11-29 17:02:39 EST</DateTime></Topic><Msg>You have been perpetually wrong on Alibaba, and are wrong again. The Euromonitor report reflects Gross Merchandise Value transacted on the platform, which Tmall will overtake AMZN in during 2015. They report revenue differently, with AMZN reporting Gross revenue and Alibaba reporting Net revenue in the Yahoo financials. The businesses are directly comparable at the operating profit level. The crazy thing is that Alibaba did $374mm in operating profit in the June quarter alone and AMZN is forecast to do $500mm in operating profit for all of 2012. Alibaba not only blows away Amazon in revenue growth today (70% year-over-year vs. 30%), but it demolishes AMZN in terms of profitability. Better growth and much better absolute profits today than AMZN. Alibaba valued at $40bn via Yahoo, AMZN valued at $114bn. One of those two sounds pretty cheap.</Msg><Username>ancientchinesesecret2000</Username><Timestamp>1354243084804</Timestamp><DateTime>Thu, 2012-11-29 21:38:04 EST</DateTime><ThumbUp>3</ThumbUp><ThumbDown>2</ThumbDown><Sentiment/></Message><Message type="TopicMessage"><Id>1354243637695-122</Id><Title>Big trouble</Title><Msg>Down in a up day, no good and no power. Short short short!</Msg><Username>teaandtea</Username><Timestamp>1354243637695</Timestamp><DateTime>Thu, 2012-11-29 21:47:17 EST</DateTime><ThumbUp>2</ThumbUp><ThumbDown>3</ThumbDown><Sentiment>Strong Sell</Sentiment></Message><Message type="ReplyMessage"><Id>1354245419292-123</Id><Topic><Title>Big trouble</Title><Username>teaandtea</Username><Timestamp>1354243637695</Timestamp><DateTime>Thu, 2012-11-29 21:47:17 EST</DateTime></Topic><Msg>Still holding onto your $17.10 short or covered already?</Msg><Username>sunnytran</Username><Timestamp>1354245419292</Timestamp><DateTime>Thu, 2012-11-29 22:16:59 EST</DateTime><ThumbUp>1</ThumbUp><ThumbDown>1</ThumbDown><Sentiment/></Message><Message type="ReplyMessage"><Id>1354246053054-124</Id><Topic><Title>Big trouble</Title><Username>teaandtea</Username><Timestamp>1354243637695</Timestamp><DateTime>Thu, 2012-11-29 21:47:17 EST</DateTime></Topic><Msg>The only trouble I see right now is ur short at $17.10 ...</Msg><Username>sunnytran</Username><Timestamp>1354246053054</Timestamp><DateTime>Thu, 2012-11-29 22:27:33 EST</DateTime><ThumbUp>2</ThumbUp><ThumbDown>1</ThumbDown><Sentiment/></Message><Message type="ReplyMessage"><Id>1354248543063-125</Id><Topic><Title>just got back from a cruise.. ALIBABA WILL BE BIGGER THAN AMAZON</Title><Username>oldmaneddie81</Username><Timestamp>1354223568125</Timestamp><DateTime>Thu, 2012-11-29 16:12:48 EST</DateTime></Topic><Msg>Re: Agent 99 where the heck have you been? OMG! TOO COOL! I have a clone and now i find out he is a secret agant as well. Way cool!</Msg><Username>mb525789</Username><Timestamp>1354248543063</Timestamp><DateTime>Thu, 2012-11-29 23:09:03 EST</DateTime><ThumbUp>0</ThumbUp><ThumbDown>0</ThumbDown><Sentiment/></Message><Message type="ReplyMessage"><Id>1354250013715-126</Id><Topic><Title>just got back from a cruise.. ALIBABA WILL BE BIGGER THAN AMAZON</Title><Username>oldmaneddie81</Username><Timestamp>1354223568125</Timestamp><DateTime>Thu, 2012-11-29 16:12:48 EST</DateTime></Topic><Msg>To be clone is a true honor, and then my clone turns out to be a secret agent as well, I am truely blessed. Yup, i heard that tune before but not a Dylan fan.</Msg><Username>mb525789</Username><Timestamp>1354250013715</Timestamp><DateTime>Thu, 2012-11-29 23:33:33 EST</DateTime><ThumbUp>1</ThumbUp><ThumbDown>1</ThumbDown><Sentiment/></Message><Message type="TopicMessage"><Id>1354250466194-127</Id><Title>I guess switching phones did not do the trick</Title><Msg>Maybe a new CEO will do the trick, This be Atch does not have a clue. Bring your own phone wil make money or yahooooooooooooooooooo</Msg><Username>kennethshamrock</Username><Timestamp>1354250466194</Timestamp><DateTime>Thu, 2012-11-29 23:41:06 EST</DateTime><ThumbUp>0</ThumbUp><ThumbDown>5</ThumbDown><Sentiment>Strong Sell</Sentiment></Message></Date>