<?xml version="1.0" encoding="UTF-8" standalone="no"?><Date date="2012-11-26"><Message type="ReplyMessage"><Id>1353908235503-1</Id><Topic><Title>If coldone gives you $1000 do you buy or sell Yahoo at $18.30?</Title><Username>theecoldone</Username><Timestamp>1353514427922</Timestamp><DateTime>Wed, 2012-11-21 11:13:47 EST</DateTime></Topic><Msg>i'll just keep the money since i have enough shares now! let me know the distribution date &amp; i'll give you my address/thank you in fact- i let you keep the money if i don't have to see again the every day wasted space that you mentioned to buy at 11 etc.!</Msg><Username>matsky5</Username><Timestamp>1353908235503</Timestamp><DateTime>Mon, 2012-11-26 00:37:15 EST</DateTime><ThumbUp>0</ThumbUp><ThumbDown>0</ThumbDown><Sentiment/></Message><Message type="ReplyMessage"><Id>1353912307302-2</Id><Topic><Title>earnings question</Title><Username>lucetteo1</Username><Timestamp>1353877682674</Timestamp><DateTime>Sun, 2012-11-25 16:08:02 EST</DateTime></Topic><Msg>earnings do cum from both in divies, can't ipo AG as they have zero say, and cash is not king wit qe's. they churn out the stock they buy. u'd think ppl research wht they own guess not!</Msg><Username>ypr1ys</Username><Timestamp>1353912307302</Timestamp><DateTime>Mon, 2012-11-26 01:45:07 EST</DateTime><ThumbUp>0</ThumbUp><ThumbDown>0</ThumbDown><Sentiment/></Message><Message type="ReplyMessage"><Id>1353914173822-3</Id><Topic><Title>earnings question</Title><Username>lucetteo1</Username><Timestamp>1353877682674</Timestamp><DateTime>Sun, 2012-11-25 16:08:02 EST</DateTime></Topic><Msg>Strong Buy ! $27 by 12/27</Msg><Username>leestoller</Username><Timestamp>1353914173822</Timestamp><DateTime>Mon, 2012-11-26 02:16:13 EST</DateTime><ThumbUp>1</ThumbUp><ThumbDown>0</ThumbDown><Sentiment>Strong Buy</Sentiment></Message><Message type="ReplyMessage"><Id>1353917751358-4</Id><Topic><Title>earnings question</Title><Username>lucetteo1</Username><Timestamp>1353877682674</Timestamp><DateTime>Sun, 2012-11-25 16:08:02 EST</DateTime></Topic><Msg>question</Msg><Username>gpriya170982</Username><Timestamp>1353917751358</Timestamp><DateTime>Mon, 2012-11-26 03:15:51 EST</DateTime><ThumbUp>0</ThumbUp><ThumbDown>0</ThumbDown><Sentiment/></Message><Message type="TopicMessage"><Id>1353919283530-5</Id><Title>Frankfurt Today - €14,61 ~ $18,94</Title><Msg>Heavy volume....Any news?</Msg><Username>xetra72</Username><Timestamp>1353919283530</Timestamp><DateTime>Mon, 2012-11-26 03:41:23 EST</DateTime><ThumbUp>0</ThumbUp><ThumbDown>0</ThumbDown><Sentiment>Strong Buy</Sentiment></Message><Message type="ReplyMessage"><Id>1353922060131-6</Id><Topic><Title>Frankfurt Today - €14,61 ~ $18,94</Title><Username>xetra72</Username><Timestamp>1353919283530</Timestamp><DateTime>Mon, 2012-11-26 03:41:23 EST</DateTime></Topic><Msg>Uh you got the exchange rate wrong dud. Actually it's down to 18.44 using todays rates. Your a little off. Yahoo is down in Frankfurt</Msg><Username>dickey_betts44</Username><Timestamp>1353922060131</Timestamp><DateTime>Mon, 2012-11-26 04:27:40 EST</DateTime><ThumbUp>0</ThumbUp><ThumbDown>1</ThumbDown><Sentiment/></Message><Message type="ReplyMessage"><Id>1353924342595-7</Id><Topic><Title>Frankfurt Today - €14,61 ~ $18,94</Title><Username>xetra72</Username><Timestamp>1353919283530</Timestamp><DateTime>Mon, 2012-11-26 03:41:23 EST</DateTime></Topic><Msg>False quote</Msg><Username>dickey_betts44</Username><Timestamp>1353924342595</Timestamp><DateTime>Mon, 2012-11-26 05:05:42 EST</DateTime><ThumbUp>0</ThumbUp><ThumbDown>1</ThumbDown><Sentiment/></Message><Message type="TopicMessage"><Id>1353928522355-8</Id><Title>Premarket</Title><Msg>18,80-18,85 strong!!!!I still believe something big is cooking!!! My other favorites US Steel, Bank of America and Priceline..!! I am very often right..!!</Msg><Username>zissi022000</Username><Timestamp>1353928522355</Timestamp><DateTime>Mon, 2012-11-26 06:15:22 EST</DateTime><ThumbUp>0</ThumbUp><ThumbDown>0</ThumbDown><Sentiment>Strong Buy</Sentiment></Message><Message type="ReplyMessage"><Id>1353929059095-9</Id><Topic><Title>Frankfurt Today - €14,61 ~ $18,94</Title><Username>xetra72</Username><Timestamp>1353919283530</Timestamp><DateTime>Mon, 2012-11-26 03:41:23 EST</DateTime></Topic><Msg>Up pre-market US today $0.21 to $18.78 (1.21%)</Msg><Username>randywms55</Username><Timestamp>1353929059095</Timestamp><DateTime>Mon, 2012-11-26 06:24:19 EST</DateTime><ThumbUp>0</ThumbUp><ThumbDown>0</ThumbDown><Sentiment/></Message><Message type="TopicMessage"><Id>1353929930466-10</Id><Title>YHOO Upgrade...</Title><Msg>November 26, 2012 06:11 EDT YHOO Yahoo! upgraded to Conviction Buy from Buy at Goldman Goldman added Yahoo to the Conviction Buy List based on capital allocation actions that include buybacks, signs of improvement in search, and valuation. Price target raised to $24 from $22.</Msg><Username>lawstuff22</Username><Timestamp>1353929930466</Timestamp><DateTime>Mon, 2012-11-26 06:38:50 EST</DateTime><ThumbUp>0</ThumbUp><ThumbDown>0</ThumbDown><Sentiment/></Message><Message type="TopicMessage"><Id>1353929961021-11</Id><Title>18,85,-18,88</Title><Msg>heavy volume!!!</Msg><Username>zissi022000</Username><Timestamp>1353929961021</Timestamp><DateTime>Mon, 2012-11-26 06:39:21 EST</DateTime><ThumbUp>0</ThumbUp><ThumbDown>0</ThumbDown><Sentiment>Strong Buy</Sentiment></Message><Message type="TopicMessage"><Id>1353929980364-12</Id><Title>Goldman Upgrades Yahoo.....</Title><Msg>Possible $1 jump on the news ?</Msg><Username>mtt819112</Username><Timestamp>1353929980364</Timestamp><DateTime>Mon, 2012-11-26 06:39:40 EST</DateTime><ThumbUp>3</ThumbUp><ThumbDown>0</ThumbDown><Sentiment/></Message><Message type="ReplyMessage"><Id>1353930565788-13</Id><Topic><Title>Frankfurt Today - €14,61 ~ $18,94</Title><Username>xetra72</Username><Timestamp>1353919283530</Timestamp><DateTime>Mon, 2012-11-26 03:41:23 EST</DateTime></Topic><Msg>Goldman upgrade .....I said ....</Msg><Username>xetra72</Username><Timestamp>1353930565788</Timestamp><DateTime>Mon, 2012-11-26 06:49:25 EST</DateTime><ThumbUp>0</ThumbUp><ThumbDown>0</ThumbDown><Sentiment>Strong Buy</Sentiment></Message><Message type="ReplyMessage"><Id>1353930606647-14</Id><Topic><Title>Frankfurt Today - €14,61 ~ $18,94</Title><Username>xetra72</Username><Timestamp>1353919283530</Timestamp><DateTime>Mon, 2012-11-26 03:41:23 EST</DateTime></Topic><Msg>Up $0.35 now to $18.92 (1.88%)</Msg><Username>randywms55</Username><Timestamp>1353930606647</Timestamp><DateTime>Mon, 2012-11-26 06:50:06 EST</DateTime><ThumbUp>0</ThumbUp><ThumbDown>0</ThumbDown><Sentiment/></Message><Message type="ReplyMessage"><Id>1353930979493-15</Id><Topic><Title>Goldman Upgrades Yahoo.....</Title><Username>mtt819112</Username><Timestamp>1353929980364</Timestamp><DateTime>Mon, 2012-11-26 06:39:40 EST</DateTime></Topic><Msg>May be, but there is much more to come...Stay invested!!Only idiots sell now..!</Msg><Username>zissi022000</Username><Timestamp>1353930979493</Timestamp><DateTime>Mon, 2012-11-26 06:56:19 EST</DateTime><ThumbUp>3</ThumbUp><ThumbDown>0</ThumbDown><Sentiment>Strong Buy</Sentiment></Message><Message type="ReplyMessage"><Id>1353931628818-16</Id><Topic><Title>Frankfurt Today - €14,61 ~ $18,94</Title><Username>xetra72</Username><Timestamp>1353919283530</Timestamp><DateTime>Mon, 2012-11-26 03:41:23 EST</DateTime></Topic><Msg>$19.02</Msg><Username>randywms55</Username><Timestamp>1353931628818</Timestamp><DateTime>Mon, 2012-11-26 07:07:08 EST</DateTime><ThumbUp>0</ThumbUp><ThumbDown>0</ThumbDown><Sentiment/></Message><Message type="ReplyMessage"><Id>1353931854700-17</Id><Topic><Title>Goldman Upgrades Yahoo.....</Title><Username>mtt819112</Username><Timestamp>1353929980364</Timestamp><DateTime>Mon, 2012-11-26 06:39:40 EST</DateTime></Topic><Msg>and the band plays on - Yahoo - with sucha huge imprint in all of the world - a massive collection of connections, partners and investments - say no more - just don't sell on the cheap - long and strong - Yahoo!</Msg><Username>castco</Username><Timestamp>1353931854700</Timestamp><DateTime>Mon, 2012-11-26 07:10:54 EST</DateTime><ThumbUp>3</ThumbUp><ThumbDown>0</ThumbDown><Sentiment/></Message><Message type="TopicMessage"><Id>1353932292735-18</Id><Title>18,95 premarket!!</Title><Msg>great news will come..!!</Msg><Username>zissi022000</Username><Timestamp>1353932292735</Timestamp><DateTime>Mon, 2012-11-26 07:18:12 EST</DateTime><ThumbUp>0</ThumbUp><ThumbDown>0</ThumbDown><Sentiment>Strong Buy</Sentiment></Message><Message type="TopicMessage"><Id>1353932493505-19</Id><Title>Today: Step up to begin Mid $ 20 PPS</Title><Msg>just the 1st leg up into the next layer of the Mid 20's in months ahead Why sell???????????????????</Msg><Username>b.coogan</Username><Timestamp>1353932493505</Timestamp><DateTime>Mon, 2012-11-26 07:21:33 EST</DateTime><ThumbUp>1</ThumbUp><ThumbDown>0</ThumbDown><Sentiment>Strong Buy</Sentiment></Message><Message type="ReplyMessage"><Id>1353933281821-20</Id><Topic><Title>Today: Step up to begin Mid $ 20 PPS</Title><Username>b.coogan</Username><Timestamp>1353932493505</Timestamp><DateTime>Mon, 2012-11-26 07:21:33 EST</DateTime></Topic><Msg>Strong Buy ! $27 ! by12/27</Msg><Username>leestoller</Username><Timestamp>1353933281821</Timestamp><DateTime>Mon, 2012-11-26 07:34:41 EST</DateTime><ThumbUp>0</ThumbUp><ThumbDown>0</ThumbDown><Sentiment>Strong Buy</Sentiment></Message><Message type="ReplyMessage"><Id>1353933587379-21</Id><Topic><Title>Goldman Upgrades Yahoo.....</Title><Username>mtt819112</Username><Timestamp>1353929980364</Timestamp><DateTime>Mon, 2012-11-26 06:39:40 EST</DateTime></Topic><Msg>Congrats long-suffering longs - wish I'd stayed in ... but ... Goldman is the kiss of death. I think you'd have to look hard at selling on the bump today and be grateful for your gains. An Alibaba IPO is a shaky deal, especially after Facebook. Their growth rate is more likely to slow, rather than expand, IMHO. And how many more ads can Yahoo cram on its pages? I already click off now because pages are too slow to load, especially on mobile. Be careful. Those new execs and directors will take a lot of shares for themselves.</Msg><Username>mrjojangles2</Username><Timestamp>1353933587379</Timestamp><DateTime>Mon, 2012-11-26 07:39:47 EST</DateTime><ThumbUp>2</ThumbUp><ThumbDown>3</ThumbDown><Sentiment>Hold</Sentiment></Message><Message type="TopicMessage"><Id>1353934284616-22</Id><Title>Sure GS upgrades em just before Apple steps in. Wow! Big deal!!</Title><Msg>We are going to be sold for $33 anyway.</Msg><Username>add_more2</Username><Timestamp>1353934284616</Timestamp><DateTime>Mon, 2012-11-26 07:51:24 EST</DateTime><ThumbUp>1</ThumbUp><ThumbDown>0</ThumbDown><Sentiment>Strong Buy</Sentiment></Message><Message type="TopicMessage"><Id>1353934607764-23</Id><Title>I have upgraded due to triple top breakout. $27 price target</Title><Msg>Thank the good lord for telling me to sell my puts and buy calls. Holi comoli !!!!</Msg><Username>jurgensmuscle</Username><Timestamp>1353934607764</Timestamp><DateTime>Mon, 2012-11-26 07:56:47 EST</DateTime><ThumbUp>0</ThumbUp><ThumbDown>0</ThumbDown><Sentiment/></Message><Message type="TopicMessage"><Id>1353934752625-24</Id><Title>Both stocks I own a ton of calls on upgraded!! YHOO and FB. Thank you Baby Jesus!!</Title><Msg>Sunday prayer at Church worked!!!! Baby Jesus it worked!!!!</Msg><Username>jurgensmuscle</Username><Timestamp>1353934752625</Timestamp><DateTime>Mon, 2012-11-26 07:59:12 EST</DateTime><ThumbUp>0</ThumbUp><ThumbDown>1</ThumbDown><Sentiment/></Message><Message type="TopicMessage"><Id>1353935003077-25</Id><Title>Hah only up .35 measly cents??? What's going on??</Title><Msg>I would expect a Goldman upgrade to drive it up big. Those guys are really greedy and I'm sure they expected their good word to do more.</Msg><Username>jurgensmuscle</Username><Timestamp>1353935003077</Timestamp><DateTime>Mon, 2012-11-26 08:03:23 EST</DateTime><ThumbUp>0</ThumbUp><ThumbDown>0</ThumbDown><Sentiment/></Message><Message type="ReplyMessage"><Id>1353935979706-26</Id><Topic><Title>Both stocks I own a ton of calls on upgraded!! YHOO and FB. Thank you Baby Jesus!!</Title><Username>jurgensmuscle</Username><Timestamp>1353934752625</Timestamp><DateTime>Mon, 2012-11-26 07:59:12 EST</DateTime></Topic><Msg>Everyone at Yahoo is Jewish now. The goyim have been ousted, as they usually are. You should of lit a menorah.</Msg><Username>mrjojangles2</Username><Timestamp>1353935979706</Timestamp><DateTime>Mon, 2012-11-26 08:19:39 EST</DateTime><ThumbUp>0</ThumbUp><ThumbDown>1</ThumbDown><Sentiment>Hold</Sentiment></Message><Message type="ReplyMessage"><Id>1353936171669-27</Id><Topic><Title>Hah only up .35 measly cents??? What's going on??</Title><Username>jurgensmuscle</Username><Timestamp>1353935003077</Timestamp><DateTime>Mon, 2012-11-26 08:03:23 EST</DateTime></Topic><Msg>Goldman's "good word"? I hope you're being sarcastic.</Msg><Username>mrjojangles2</Username><Timestamp>1353936171669</Timestamp><DateTime>Mon, 2012-11-26 08:22:51 EST</DateTime><ThumbUp>0</ThumbUp><ThumbDown>1</ThumbDown><Sentiment>Hold</Sentiment></Message><Message type="TopicMessage"><Id>1353936625328-28</Id><Title>Where is our guidance??</Title><Msg>that is what we need to take over $20 today.</Msg><Username>optionstrader4u</Username><Timestamp>1353936625328</Timestamp><DateTime>Mon, 2012-11-26 08:30:25 EST</DateTime><ThumbUp>0</ThumbUp><ThumbDown>0</ThumbDown><Sentiment>Strong Buy</Sentiment></Message><Message type="ReplyMessage"><Id>1353937117913-29</Id><Topic><Title>Where is our guidance??</Title><Username>optionstrader4u</Username><Timestamp>1353936625328</Timestamp><DateTime>Mon, 2012-11-26 08:30:25 EST</DateTime></Topic><Msg>Just keep the earth in the center of the window and have Gordo burn the LEM's engines for ten seconds. You'll be fine, or you'll skip off the earth's atmosphere. Either is acceptable.</Msg><Username>stosmond</Username><Timestamp>1353937117913</Timestamp><DateTime>Mon, 2012-11-26 08:38:37 EST</DateTime><ThumbUp>0</ThumbUp><ThumbDown>0</ThumbDown><Sentiment/></Message><Message type="ReplyMessage"><Id>1353937535762-30</Id><Topic><Title>Goldman Upgrades Yahoo.....</Title><Username>mtt819112</Username><Timestamp>1353929980364</Timestamp><DateTime>Mon, 2012-11-26 06:39:40 EST</DateTime></Topic><Msg>sounds like sour grapes.</Msg><Username>robertclark135</Username><Timestamp>1353937535762</Timestamp><DateTime>Mon, 2012-11-26 08:45:35 EST</DateTime><ThumbUp>0</ThumbUp><ThumbDown>1</ThumbDown><Sentiment>Buy</Sentiment></Message><Message type="TopicMessage"><Id>1353938153646-31</Id><Title>Stupid Yahoo Ads</Title><Msg>Now I can't even leave my PC alone without making sure the sound is turned off - these annoying video ads popping up causing me to leave. Like right now. Bye Yahoo - lights out - I would have left your page open if you hadn't gotten greedy.</Msg><Username>mrjojangles2</Username><Timestamp>1353938153646</Timestamp><DateTime>Mon, 2012-11-26 08:55:53 EST</DateTime><ThumbUp>1</ThumbUp><ThumbDown>1</ThumbDown><Sentiment>Sell</Sentiment></Message><Message type="TopicMessage"><Id>1353939983233-32</Id><Title>Yahoo: Goldman Adds To Conviction Buy List; Target $24</Title><Msg>Goldman Sachs analyst Heath Terry this morning added Yahoo to the firm’s Conviction Buy List, boosting his target on the stock to $24, from $22.</Msg><Username>theecoldone</Username><Timestamp>1353939983233</Timestamp><DateTime>Mon, 2012-11-26 09:26:23 EST</DateTime><ThumbUp>0</ThumbUp><ThumbDown>0</ThumbDown><Sentiment/></Message><Message type="ReplyMessage"><Id>1353940278861-33</Id><Topic><Title>Coldone encouraged all to buy Yahoo at $11, $12, $13, $14, $15, $16 and $17</Title><Username>theecoldone</Username><Timestamp>1353736593365</Timestamp><DateTime>Sat, 2012-11-24 00:56:33 EST</DateTime></Topic><Msg>Right again coldone!!</Msg><Username>remmy12554</Username><Timestamp>1353940278861</Timestamp><DateTime>Mon, 2012-11-26 09:31:18 EST</DateTime><ThumbUp>2</ThumbUp><ThumbDown>1</ThumbDown><Sentiment/></Message><Message type="ReplyMessage"><Id>1353940500050-34</Id><Topic><Title>Yahoo at $17.83 silences all bashers</Title><Username>theecoldone</Username><Timestamp>1352829337382</Timestamp><DateTime>Tue, 2012-11-13 12:55:37 EST</DateTime></Topic><Msg>Yahoo at $18.85 crushes hotmodel and dr.gloom.</Msg><Username>remmy12554</Username><Timestamp>1353940500050</Timestamp><DateTime>Mon, 2012-11-26 09:35:00 EST</DateTime><ThumbUp>0</ThumbUp><ThumbDown>0</ThumbDown><Sentiment/></Message><Message type="ReplyMessage"><Id>1353940606821-35</Id><Topic><Title>Yahoo: Goldman Adds To Conviction Buy List; Target $24</Title><Username>theecoldone</Username><Timestamp>1353940127065</Timestamp><DateTime>Mon, 2012-11-26 09:28:47 EST</DateTime></Topic><Msg>PT $24. Time to buy!</Msg><Username>shelcorecrust</Username><Timestamp>1353940606821</Timestamp><DateTime>Mon, 2012-11-26 09:36:46 EST</DateTime><ThumbUp>4</ThumbUp><ThumbDown>0</ThumbDown><Sentiment/></Message><Message type="TopicMessage"><Id>1353940908654-36</Id><Title>When will apple..</Title><Msg>say:I love you yahoooooo..???</Msg><Username>zissi022000</Username><Timestamp>1353940908654</Timestamp><DateTime>Mon, 2012-11-26 09:41:48 EST</DateTime><ThumbUp>2</ThumbUp><ThumbDown>0</ThumbDown><Sentiment>Strong Buy</Sentiment></Message><Message type="ReplyMessage"><Id>1353941094070-37</Id><Topic><Title>When will apple..</Title><Username>zissi022000</Username><Timestamp>1353940908654</Timestamp><DateTime>Mon, 2012-11-26 09:41:48 EST</DateTime></Topic><Msg>soon !! do i see $30 !!!!!!!!!</Msg><Username>toni19601</Username><Timestamp>1353941094070</Timestamp><DateTime>Mon, 2012-11-26 09:44:54 EST</DateTime><ThumbUp>1</ThumbUp><ThumbDown>0</ThumbDown><Sentiment>Strong Buy</Sentiment></Message><Message type="ReplyMessage"><Id>1353941126087-38</Id><Topic><Title>Yahoo: Goldman Adds To Conviction Buy List; Target $24</Title><Username>theecoldone</Username><Timestamp>1353940127065</Timestamp><DateTime>Mon, 2012-11-26 09:28:47 EST</DateTime></Topic><Msg>Yahoo hit $19.!!!</Msg><Username>remmy12554</Username><Timestamp>1353941126087</Timestamp><DateTime>Mon, 2012-11-26 09:45:26 EST</DateTime><ThumbUp>3</ThumbUp><ThumbDown>1</ThumbDown><Sentiment/></Message><Message type="ReplyMessage"><Id>1353941234662-39</Id><Topic><Title>Yahoo at $18.99 as all Yahoo bashers/shorts hide</Title><Username>theecoldone</Username><Timestamp>1353941070653</Timestamp><DateTime>Mon, 2012-11-26 09:44:30 EST</DateTime></Topic><Msg>Coldone what do you think about US Steel, Priceline and Bank of America. I mean all are buys now for a mid term hold..!!</Msg><Username>zissi022000</Username><Timestamp>1353941234662</Timestamp><DateTime>Mon, 2012-11-26 09:47:14 EST</DateTime><ThumbUp>1</ThumbUp><ThumbDown>1</ThumbDown><Sentiment>Strong Buy</Sentiment></Message><Message type="ReplyMessage"><Id>1353941433657-40</Id><Topic><Title>Yahoo: Goldman Adds To Conviction Buy List; Target $24</Title><Username>theecoldone</Username><Timestamp>1353940127065</Timestamp><DateTime>Mon, 2012-11-26 09:28:47 EST</DateTime></Topic><Msg>Perfect!</Msg><Username>tetheredbird</Username><Timestamp>1353941433657</Timestamp><DateTime>Mon, 2012-11-26 09:50:33 EST</DateTime><ThumbUp>2</ThumbUp><ThumbDown>0</ThumbDown><Sentiment/></Message><Message type="TopicMessage"><Id>1353941499970-41</Id><Title>NOT SPAM...Up 30% already...CNAM...gains like yhoo...</Title><Msg>$4 - $6 by end of Q1</Msg><Username>noonespecialjustme1234</Username><Timestamp>1353941499970</Timestamp><DateTime>Mon, 2012-11-26 09:51:39 EST</DateTime><ThumbUp>0</ThumbUp><ThumbDown>1</ThumbDown><Sentiment>Strong Buy</Sentiment></Message><Message type="ReplyMessage"><Id>1353941533757-42</Id><Topic><Title>Yahoo hits $19</Title><Username>theecoldone</Username><Timestamp>1353941164478</Timestamp><DateTime>Mon, 2012-11-26 09:46:04 EST</DateTime></Topic><Msg>Hotmodel posted that she loses a lot of money if Yahoo goes to $19. hotmodel got what she deserved.</Msg><Username>remmy12554</Username><Timestamp>1353941533757</Timestamp><DateTime>Mon, 2012-11-26 09:52:13 EST</DateTime><ThumbUp>2</ThumbUp><ThumbDown>1</ThumbDown><Sentiment/></Message><Message type="TopicMessage"><Id>1353942155966-43</Id><Title>she set on Wal*Mart's Board before she became the leader of the</Title><Msg>Houyhnhnm’s.... think about that.... and ask yourself why the 5 and Dime puts less than 5% foreign in all their stores in China.... has their Global Procurement Office in China.... and partnered with Li Ka-shing on a port in Mexico back in 2006.... Li Ka Shing Learning &amp; Knowledge Center (LKSC). 291 Campus Drive, Stanford, CA...... do you know where the Jerry Yang Lecture Hall is located? do you know where the "she" went to school? Did you know 1975 was the last year America had a trade surplus...</Msg><Username>madmilker70</Username><Timestamp>1353942155966</Timestamp><DateTime>Mon, 2012-11-26 10:02:35 EST</DateTime><ThumbUp>0</ThumbUp><ThumbDown>1</ThumbDown><Sentiment/></Message><Message type="ReplyMessage"><Id>1353942290385-44</Id><Topic><Title>Yahoo at $18.99 as all Yahoo bashers/shorts hide</Title><Username>theecoldone</Username><Timestamp>1353941070653</Timestamp><DateTime>Mon, 2012-11-26 09:44:30 EST</DateTime></Topic><Msg>Because he has luck or is an insider...???Arrogant he is!</Msg><Username>zissi022000</Username><Timestamp>1353942290385</Timestamp><DateTime>Mon, 2012-11-26 10:04:50 EST</DateTime><ThumbUp>0</ThumbUp><ThumbDown>3</ThumbDown><Sentiment/></Message><Message type="TopicMessage"><Id>1353942339653-45</Id><Title>Of course it is SPAM and you are put on ignore! Gloom and hotmodel taking big hits and....</Title><Msg>...looking very foolish. $20 coming soon unless buyout and then will go right through without a pause.</Msg><Username>mewag51</Username><Timestamp>1353942339653</Timestamp><DateTime>Mon, 2012-11-26 10:05:39 EST</DateTime><ThumbUp>0</ThumbUp><ThumbDown>1</ThumbDown><Sentiment/></Message><Message type="ReplyMessage"><Id>1353942557545-46</Id><Topic><Title>Yahoo bashers/shorts get silenced!</Title><Username>theecoldone</Username><Timestamp>1353941380050</Timestamp><DateTime>Mon, 2012-11-26 09:49:40 EST</DateTime></Topic><Msg>We won't be seeing hotmodel or dr.gloom posting today, unless they want to get laughed at.</Msg><Username>remmy12554</Username><Timestamp>1353942557545</Timestamp><DateTime>Mon, 2012-11-26 10:09:17 EST</DateTime><ThumbUp>2</ThumbUp><ThumbDown>2</ThumbDown><Sentiment/></Message><Message type="TopicMessage"><Id>1353942644282-47</Id><Title>Long on FB or Yahoo?</Title><Msg>Which is the better buy right now?</Msg><Username>gf995</Username><Timestamp>1353942644282</Timestamp><DateTime>Mon, 2012-11-26 10:10:44 EST</DateTime><ThumbUp>0</ThumbUp><ThumbDown>0</ThumbDown><Sentiment/></Message><Message type="ReplyMessage"><Id>1353942688725-48</Id><Topic><Title>Yahoo bashers/shorts get silenced!</Title><Username>theecoldone</Username><Timestamp>1353941380050</Timestamp><DateTime>Mon, 2012-11-26 09:49:40 EST</DateTime></Topic><Msg>True Yahoo longs love coldone! You must be another hotmodel alias, basket. Coldone's advice to buy Yahoo from $11 to $18 has made many of us rich. You must not be one of us.</Msg><Username>nanobot8042</Username><Timestamp>1353942688725</Timestamp><DateTime>Mon, 2012-11-26 10:11:28 EST</DateTime><ThumbUp>1</ThumbUp><ThumbDown>4</ThumbDown><Sentiment/></Message><Message type="ReplyMessage"><Id>1353942788282-49</Id><Topic><Title>To whom it may concern.</Title><Username>dr.gloom</Username><Timestamp>1276031248000</Timestamp><DateTime>Tue, 2010-06-08 17:07:28 EDT</DateTime></Topic><Msg>Buy Yahoo in the $18s while you can. Buy all you can. Then load the boat at $19 like the coldone did, then at $20 like the coldone did, then at $21 like the coldone did, then at $22 like the coldone did, then at $23 like the coldone did, then at $24 like the coldone did, then at $25 like the coldone did, then at $26 like the coldone did, then at $27 like the coldone did, then at $28 like the coldone did. Load the boat at any price. Forget the past you can´t lose buying Yahoo.</Msg><Username>dr.gloom</Username><Timestamp>1353942788282</Timestamp><DateTime>Mon, 2012-11-26 10:13:08 EST</DateTime><ThumbUp>1</ThumbUp><ThumbDown>2</ThumbDown><Sentiment/></Message><Message type="TopicMessage"><Id>1353942976670-50</Id><Title>It will be RED at closing because it's RED</Title><Msg>now.</Msg><Username>madmilker70</Username><Timestamp>1353942976670</Timestamp><DateTime>Mon, 2012-11-26 10:16:16 EST</DateTime><ThumbUp>1</ThumbUp><ThumbDown>3</ThumbDown><Sentiment/></Message><Message type="ReplyMessage"><Id>1353943059733-51</Id><Topic><Title>Yahoo: Goldman Adds To Conviction Buy List; Target $24</Title><Username>theecoldone</Username><Timestamp>1353940127065</Timestamp><DateTime>Mon, 2012-11-26 09:28:47 EST</DateTime></Topic><Msg>Goldman's price targets are reached within 10 months on average. Yahoo will be $24 no later than October 2013.</Msg><Username>thurstonthethird</Username><Timestamp>1353943059733</Timestamp><DateTime>Mon, 2012-11-26 10:17:39 EST</DateTime><ThumbUp>1</ThumbUp><ThumbDown>0</ThumbDown><Sentiment/></Message><Message type="ReplyMessage"><Id>1353943576969-52</Id><Topic><Title>Of course it is SPAM and you are put on ignore! Gloom and hotmodel taking big hits and....</Title><Username>mewag51</Username><Timestamp>1353942339653</Timestamp><DateTime>Mon, 2012-11-26 10:05:39 EST</DateTime></Topic><Msg>Uze an idiot tht cockroach hotmodal wrote puts givin him profit the more yahoo rises. he was bragging about 14.30's avg for 4mos. or r u a dum dum and think he is sum1 else. laugh at the dum sucka he wrote those puts too, almost worthless im sure.</Msg><Username>ypr1ys</Username><Timestamp>1353943576969</Timestamp><DateTime>Mon, 2012-11-26 10:26:16 EST</DateTime><ThumbUp>0</ThumbUp><ThumbDown>2</ThumbDown><Sentiment/></Message><Message type="ReplyMessage"><Id>1353943706289-53</Id><Topic><Title>Yahoo hits $19</Title><Username>theecoldone</Username><Timestamp>1353941164478</Timestamp><DateTime>Mon, 2012-11-26 09:46:04 EST</DateTime></Topic><Msg>alot of 'hot models' out there i got mine picked out if i m screwing someone</Msg><Username>toni19601</Username><Timestamp>1353943706289</Timestamp><DateTime>Mon, 2012-11-26 10:28:26 EST</DateTime><ThumbUp>0</ThumbUp><ThumbDown>2</ThumbDown><Sentiment/></Message><Message type="ReplyMessage"><Id>1353943769565-54</Id><Topic><Title>Yahoo hits $19</Title><Username>theecoldone</Username><Timestamp>1353941164478</Timestamp><DateTime>Mon, 2012-11-26 09:46:04 EST</DateTime></Topic><Msg>Coldone is King!</Msg><Username>bflathalfdim</Username><Timestamp>1353943769565</Timestamp><DateTime>Mon, 2012-11-26 10:29:29 EST</DateTime><ThumbUp>0</ThumbUp><ThumbDown>0</ThumbDown><Sentiment/></Message><Message type="ReplyMessage"><Id>1353943851827-55</Id><Topic><Title>Of course it is SPAM and you are put on ignore! Gloom and hotmodel taking big hits and....</Title><Username>mewag51</Username><Timestamp>1353942339653</Timestamp><DateTime>Mon, 2012-11-26 10:05:39 EST</DateTime></Topic><Msg>hotmodel said she would lose everything if Yahoo went to $19. Her Yahoo shorts at $11 to $18 when coldone told her to buy are worthless.</Msg><Username>bflathalfdim</Username><Timestamp>1353943851827</Timestamp><DateTime>Mon, 2012-11-26 10:30:51 EST</DateTime><ThumbUp>0</ThumbUp><ThumbDown>1</ThumbDown><Sentiment/></Message><Message type="ReplyMessage"><Id>1353943874108-56</Id><Topic><Title>Yahoo: Goldman Adds To Conviction Buy List; Target $24</Title><Username>theecoldone</Username><Timestamp>1353940127065</Timestamp><DateTime>Mon, 2012-11-26 09:28:47 EST</DateTime></Topic><Msg>You da man coldone.</Msg><Username>bflathalfdim</Username><Timestamp>1353943874108</Timestamp><DateTime>Mon, 2012-11-26 10:31:14 EST</DateTime><ThumbUp>1</ThumbUp><ThumbDown>0</ThumbDown><Sentiment/></Message><Message type="ReplyMessage"><Id>1353943984968-57</Id><Topic><Title>Hotmodel said Yahoo was dead money at $15.80 about one month ago, Yahoo is now $18.13!</Title><Username>nanobot8042</Username><Timestamp>1353345527336</Timestamp><DateTime>Mon, 2012-11-19 12:18:47 EST</DateTime></Topic><Msg>Talk about getting it wrong. That's the worst call I have ever seen.</Msg><Username>neo1278alpha</Username><Timestamp>1353943984968</Timestamp><DateTime>Mon, 2012-11-26 10:33:04 EST</DateTime><ThumbUp>2</ThumbUp><ThumbDown>4</ThumbDown><Sentiment/></Message><Message type="ReplyMessage"><Id>1353944151883-58</Id><Topic><Title>Yahoo: Goldman Adds To Conviction Buy List; Target $24</Title><Username>theecoldone</Username><Timestamp>1353940127065</Timestamp><DateTime>Mon, 2012-11-26 09:28:47 EST</DateTime></Topic><Msg>“With capital allocation actions serving as a catalyst to drive a revaluation in the stock, we believe the value of Yahoo’s balance sheet assets and the core business are worth more than the current stock price,” he writes in research note. “In our opinion, this revaluation, along with recent clarity on the turnaround and channel checks signaling effective management of the organization’s structure, investments and finances, creates a very attractive risk/reward scenario, particularly given the early reaction in the stock to the buyback and the roughly 75% of the buyback that still remains. ” Roughly 75% of the buyback that still remains</Msg><Username>thurstonthethird</Username><Timestamp>1353944151883</Timestamp><DateTime>Mon, 2012-11-26 10:35:51 EST</DateTime><ThumbUp>2</ThumbUp><ThumbDown>1</ThumbDown><Sentiment/></Message><Message type="TopicMessage"><Id>1353944429744-59</Id><Title>75% of $3 billion buyback still remains</Title><Msg>Terry Heath of Goldman Sach's notes that Yahoo has repurchased 54.4 million shares year to date for $858 million, with $212 million of that in Q4 through November. The company has committed to buying back another $2.792 billion, or about 13% of the current market cap, from the cash received in the sale of part of Yahoo’s Alibaba stake back to the company. 75% of $3 billion buyback still remains!</Msg><Username>thurstonthethird</Username><Timestamp>1353944429744</Timestamp><DateTime>Mon, 2012-11-26 10:40:29 EST</DateTime><ThumbUp>13</ThumbUp><ThumbDown>4</ThumbDown><Sentiment/></Message><Message type="ReplyMessage"><Id>1353944481454-60</Id><Topic><Title>Yahoo: Goldman Adds To Conviction Buy List; Target $24</Title><Username>theecoldone</Username><Timestamp>1353940127065</Timestamp><DateTime>Mon, 2012-11-26 09:28:47 EST</DateTime></Topic><Msg>For 2013, his revenue and adjusted EBITDA estimates go up by 3% and 12%, while 2014 estimates go up 7% and 28%, respectively.</Msg><Username>smedleypuddles</Username><Timestamp>1353944481454</Timestamp><DateTime>Mon, 2012-11-26 10:41:21 EST</DateTime><ThumbUp>2</ThumbUp><ThumbDown>0</ThumbDown><Sentiment/></Message><Message type="ReplyMessage"><Id>1353944536934-61</Id><Topic><Title>75% of $3 billion buyback still remains</Title><Username>thurstonthethird</Username><Timestamp>1353944429744</Timestamp><DateTime>Mon, 2012-11-26 10:40:29 EST</DateTime></Topic><Msg>The best is yet to come. Who said Yahoo was dead money at $15.80? lol!!!</Msg><Username>nanobot8042</Username><Timestamp>1353944536934</Timestamp><DateTime>Mon, 2012-11-26 10:42:16 EST</DateTime><ThumbUp>3</ThumbUp><ThumbDown>0</ThumbDown><Sentiment/></Message><Message type="ReplyMessage"><Id>1353944584586-62</Id><Topic><Title>Of course it is SPAM and you are put on ignore! Gloom and hotmodel taking big hits and....</Title><Username>mewag51</Username><Timestamp>1353942339653</Timestamp><DateTime>Mon, 2012-11-26 10:05:39 EST</DateTime></Topic><Msg>uze an idiot too! hotmodal is a long ding dong approachin max profit. u do knw tht u should never have more than 5% in ne1 stock right? i haven't seen hotmodal short since ive been here. gu hasn't been here in a week and u all bow down 2 a cockroach!!!!!</Msg><Username>ypr1ys</Username><Timestamp>1353944584586</Timestamp><DateTime>Mon, 2012-11-26 10:43:04 EST</DateTime><ThumbUp>2</ThumbUp><ThumbDown>3</ThumbDown><Sentiment/></Message><Message type="ReplyMessage"><Id>1353944695878-63</Id><Topic><Title>75% of $3 billion buyback still remains</Title><Username>thurstonthethird</Username><Timestamp>1353944429744</Timestamp><DateTime>Mon, 2012-11-26 10:40:29 EST</DateTime></Topic><Msg>Yahoo buying back another $13% of their stock will be good for another $2 to $3 move up.</Msg><Username>trotlightly34</Username><Timestamp>1353944695878</Timestamp><DateTime>Mon, 2012-11-26 10:44:55 EST</DateTime><ThumbUp>8</ThumbUp><ThumbDown>1</ThumbDown><Sentiment/></Message><Message type="ReplyMessage"><Id>1353945327803-64</Id><Topic><Title>75% of $3 billion buyback still remains</Title><Username>thurstonthethird</Username><Timestamp>1353944429744</Timestamp><DateTime>Mon, 2012-11-26 10:40:29 EST</DateTime></Topic><Msg>less shares...... better earning per share.... it's the oldest trick in the book.... the "money" is behind the click.... just like Facebook... and Retail.... they make NOTHING.... they only move currency.... STOP investing in the NOTHINGS..... Invest in America and watch George on that dollar bill work for Americans not foreigners. Thirty-seven years without a trade surplus.... America is drowning in debt because George is being held by foreigners.... WAKE UP</Msg><Username>madmilker70</Username><Timestamp>1353945327803</Timestamp><DateTime>Mon, 2012-11-26 10:55:27 EST</DateTime><ThumbUp>1</ThumbUp><ThumbDown>7</ThumbDown><Sentiment/></Message><Message type="ReplyMessage"><Id>1353945822641-65</Id><Topic><Title>75% of $3 billion buyback still remains</Title><Username>thurstonthethird</Username><Timestamp>1353944429744</Timestamp><DateTime>Mon, 2012-11-26 10:40:29 EST</DateTime></Topic><Msg>As soon as Yahoo does a deal with Yahoo Japan we can do this all over again. Yahoo to $30!</Msg><Username>smedleypuddles</Username><Timestamp>1353945822641</Timestamp><DateTime>Mon, 2012-11-26 11:03:42 EST</DateTime><ThumbUp>6</ThumbUp><ThumbDown>0</ThumbDown><Sentiment/></Message><Message type="ReplyMessage"><Id>1353945897480-66</Id><Topic><Title>Yahoo: Goldman Adds To Conviction Buy List; Target $24</Title><Username>theecoldone</Username><Timestamp>1353940127065</Timestamp><DateTime>Mon, 2012-11-26 09:28:47 EST</DateTime></Topic><Msg>Yahoo will get $5 billion from Yahoo Japan after taxes. Another $3 billion buyback and $2 billion more for acquisitions.</Msg><Username>smedleypuddles</Username><Timestamp>1353945897480</Timestamp><DateTime>Mon, 2012-11-26 11:04:57 EST</DateTime><ThumbUp>2</ThumbUp><ThumbDown>1</ThumbDown><Sentiment/></Message><Message type="ReplyMessage"><Id>1353946209227-67</Id><Topic><Title>To whom it may concern.</Title><Username>dr.gloom</Username><Timestamp>1276031248000</Timestamp><DateTime>Tue, 2010-06-08 17:07:28 EDT</DateTime></Topic><Msg>Your contribution and support is appreciated. $19 isn’t far off if you dig deep and buy heavily. Just keep saying to yourselves; special dividend, buyback, cash rich split, IPO, special dividend, buyback, cash rich split, IPO, special dividend, buyback, cash rich split, IPO..... AND BUY BUY BUY</Msg><Username>dr.gloom</Username><Timestamp>1353946209227</Timestamp><DateTime>Mon, 2012-11-26 11:10:09 EST</DateTime><ThumbUp>2</ThumbUp><ThumbDown>2</ThumbDown><Sentiment/></Message><Message type="ReplyMessage"><Id>1353946342575-68</Id><Topic><Title>75% of $3 billion buyback still remains</Title><Username>thurstonthethird</Username><Timestamp>1353944429744</Timestamp><DateTime>Mon, 2012-11-26 10:40:29 EST</DateTime></Topic><Msg>the truth hurts.....don't it "It is harder to conceal ignorance than to acquire knowledge." -Arnold H. Glasow</Msg><Username>madmilker70</Username><Timestamp>1353946342575</Timestamp><DateTime>Mon, 2012-11-26 11:12:22 EST</DateTime><ThumbUp>0</ThumbUp><ThumbDown>4</ThumbDown><Sentiment/></Message><Message type="ReplyMessage"><Id>1353946965409-69</Id><Topic><Title>Coldone encouraged all to buy Yahoo at $11, $12, $13, $14, $15, $16 and $17</Title><Username>theecoldone</Username><Timestamp>1353736593365</Timestamp><DateTime>Sat, 2012-11-24 00:56:33 EST</DateTime></Topic><Msg>Great advice coldone! Thanks</Msg><Username>smedleypuddles</Username><Timestamp>1353946965409</Timestamp><DateTime>Mon, 2012-11-26 11:22:45 EST</DateTime><ThumbUp>1</ThumbUp><ThumbDown>2</ThumbDown><Sentiment/></Message><Message type="ReplyMessage"><Id>1353948506567-70</Id><Topic><Title>Another Miserable Day For Yahoo Shorts</Title><Username>theecoldone</Username><Timestamp>1353526846468</Timestamp><DateTime>Wed, 2012-11-21 14:40:46 EST</DateTime></Topic><Msg>hotmodel's basket alias is hurting.</Msg><Username>bflathalfdim</Username><Timestamp>1353948506567</Timestamp><DateTime>Mon, 2012-11-26 11:48:26 EST</DateTime><ThumbUp>1</ThumbUp><ThumbDown>0</ThumbDown><Sentiment/></Message><Message type="ReplyMessage"><Id>1353948554304-71</Id><Topic><Title>75% of $3 billion buyback still remains</Title><Username>thurstonthethird</Username><Timestamp>1353944429744</Timestamp><DateTime>Mon, 2012-11-26 10:40:29 EST</DateTime></Topic><Msg>$2.792 billion left to buy back stock. Yahoo will go higher every month.</Msg><Username>nanobot8042</Username><Timestamp>1353948554304</Timestamp><DateTime>Mon, 2012-11-26 11:49:14 EST</DateTime><ThumbUp>3</ThumbUp><ThumbDown>0</ThumbDown><Sentiment/></Message><Message type="TopicMessage"><Id>1353948605665-72</Id><Title>Bought at $18.77</Title><Msg>With 74% of the buyback remaining Yahoo is a strong buy.</Msg><Username>trip23455</Username><Timestamp>1353948605665</Timestamp><DateTime>Mon, 2012-11-26 11:50:05 EST</DateTime><ThumbUp>1</ThumbUp><ThumbDown>1</ThumbDown><Sentiment/></Message><Message type="ReplyMessage"><Id>1353949216944-73</Id><Topic><Title>75% of $3 billion buyback still remains</Title><Username>thurstonthethird</Username><Timestamp>1353944429744</Timestamp><DateTime>Mon, 2012-11-26 10:40:29 EST</DateTime></Topic><Msg>Yahoo will trade at $24 before the end of 2013.</Msg><Username>bflathalfdim</Username><Timestamp>1353949216944</Timestamp><DateTime>Mon, 2012-11-26 12:00:16 EST</DateTime><ThumbUp>3</ThumbUp><ThumbDown>0</ThumbDown><Sentiment/></Message><Message type="ReplyMessage"><Id>1353949250537-74</Id><Topic><Title>Yahoo: Goldman Adds To Conviction Buy List; Target $24</Title><Username>theecoldone</Username><Timestamp>1353940127065</Timestamp><DateTime>Mon, 2012-11-26 09:28:47 EST</DateTime></Topic><Msg>2013 will be the Alibaba Group IPO.</Msg><Username>bflathalfdim</Username><Timestamp>1353949250537</Timestamp><DateTime>Mon, 2012-11-26 12:00:50 EST</DateTime><ThumbUp>1</ThumbUp><ThumbDown>1</ThumbDown><Sentiment/></Message><Message type="ReplyMessage"><Id>1353949518187-75</Id><Topic><Title>Coldone encouraged all to buy Yahoo at $11, $12, $13, $14, $15, $16 and $17</Title><Username>theecoldone</Username><Timestamp>1353736593365</Timestamp><DateTime>Sat, 2012-11-24 00:56:33 EST</DateTime></Topic><Msg>Coldone! Coldone! Coldone! Coldone!</Msg><Username>bflathalfdim</Username><Timestamp>1353949518187</Timestamp><DateTime>Mon, 2012-11-26 12:05:18 EST</DateTime><ThumbUp>2</ThumbUp><ThumbDown>2</ThumbDown><Sentiment/></Message><Message type="TopicMessage"><Id>1353949570193-76</Id><Title>No more hotmodel or dr.gloom!</Title><Msg>Coldone wins!</Msg><Username>nanobot8042</Username><Timestamp>1353949570193</Timestamp><DateTime>Mon, 2012-11-26 12:06:10 EST</DateTime><ThumbUp>5</ThumbUp><ThumbDown>4</ThumbDown><Sentiment/></Message><Message type="ReplyMessage"><Id>1353949750118-77</Id><Topic><Title>Another Miserable Day For Yahoo Shorts</Title><Username>theecoldone</Username><Timestamp>1353526846468</Timestamp><DateTime>Wed, 2012-11-21 14:40:46 EST</DateTime></Topic><Msg>mb525789 is not crying! Tremendous day here.</Msg><Username>mb525789</Username><Timestamp>1353949750118</Timestamp><DateTime>Mon, 2012-11-26 12:09:10 EST</DateTime><ThumbUp>1</ThumbUp><ThumbDown>2</ThumbDown><Sentiment/></Message><Message type="ReplyMessage"><Id>1353950045470-78</Id><Topic><Title>No more hotmodel or dr.gloom!</Title><Username>nanobot8042</Username><Timestamp>1353949570193</Timestamp><DateTime>Mon, 2012-11-26 12:06:10 EST</DateTime></Topic><Msg>Those that listened to coldone are making a lot of money. Those that listened to dr.gloom/hotmodel are losing a lot of money. Those are the facts!</Msg><Username>neo1278alpha</Username><Timestamp>1353950045470</Timestamp><DateTime>Mon, 2012-11-26 12:14:05 EST</DateTime><ThumbUp>2</ThumbUp><ThumbDown>3</ThumbDown><Sentiment/></Message><Message type="ReplyMessage"><Id>1353950078319-79</Id><Topic><Title>75% of $3 billion buyback still remains</Title><Username>thurstonthethird</Username><Timestamp>1353944429744</Timestamp><DateTime>Mon, 2012-11-26 10:40:29 EST</DateTime></Topic><Msg>$30 in 2013 for sure.</Msg><Username>neo1278alpha</Username><Timestamp>1353950078319</Timestamp><DateTime>Mon, 2012-11-26 12:14:38 EST</DateTime><ThumbUp>2</ThumbUp><ThumbDown>0</ThumbDown><Sentiment/></Message><Message type="ReplyMessage"><Id>1353950480077-80</Id><Topic><Title>No more hotmodel or dr.gloom!</Title><Username>nanobot8042</Username><Timestamp>1353949570193</Timestamp><DateTime>Mon, 2012-11-26 12:06:10 EST</DateTime></Topic><Msg>This marks the end of those idiot bashers like: anydowners2000, hotmodel, basket, framer, gloom, grey, cowardback, pearlprue, lexi, michan, allymarie, lmao, split29, fred.jackson, dominik, lapetye, ydkmatall, bby_fan, cubswin, coldonereign, miket and mb52578 Coldone wins and wins big!</Msg><Username>bflathalfdim</Username><Timestamp>1353950480077</Timestamp><DateTime>Mon, 2012-11-26 12:21:20 EST</DateTime><ThumbUp>2</ThumbUp><ThumbDown>4</ThumbDown><Sentiment/></Message><Message type="ReplyMessage"><Id>1353950759032-81</Id><Topic><Title>No more hotmodel or dr.gloom!</Title><Username>nanobot8042</Username><Timestamp>1353949570193</Timestamp><DateTime>Mon, 2012-11-26 12:06:10 EST</DateTime></Topic><Msg>That idiot hotmodel is using her basket ID today. She is afraid to face coldone.</Msg><Username>smedleypuddles</Username><Timestamp>1353950759032</Timestamp><DateTime>Mon, 2012-11-26 12:25:59 EST</DateTime><ThumbUp>2</ThumbUp><ThumbDown>4</ThumbDown><Sentiment/></Message><Message type="ReplyMessage"><Id>1353952648700-82</Id><Topic><Title>75% of $3 billion buyback still remains</Title><Username>thurstonthethird</Username><Timestamp>1353944429744</Timestamp><DateTime>Mon, 2012-11-26 10:40:29 EST</DateTime></Topic><Msg>I don't see a 30 dollar stock I see a 200 dollar stock in the near future,</Msg><Username>tonynapa</Username><Timestamp>1353952648700</Timestamp><DateTime>Mon, 2012-11-26 12:57:28 EST</DateTime><ThumbUp>2</ThumbUp><ThumbDown>0</ThumbDown><Sentiment>Strong Buy</Sentiment></Message><Message type="ReplyMessage"><Id>1353953270031-83</Id><Topic><Title>No more hotmodel or dr.gloom!</Title><Username>nanobot8042</Username><Timestamp>1353949570193</Timestamp><DateTime>Mon, 2012-11-26 12:06:10 EST</DateTime></Topic><Msg>Happy days!!!</Msg><Username>savior2911</Username><Timestamp>1353953270031</Timestamp><DateTime>Mon, 2012-11-26 13:07:50 EST</DateTime><ThumbUp>0</ThumbUp><ThumbDown>3</ThumbDown><Sentiment/></Message><Message type="ReplyMessage"><Id>1353953450190-84</Id><Topic><Title>Yahoo Shorts Get Beatch Slapped!</Title><Username>nanobot8042</Username><Timestamp>1350483237929</Timestamp><DateTime>Wed, 2012-10-17 10:13:57 EDT</DateTime></Topic><Msg>I believe you have silenced hotmodel once and for all.</Msg><Username>bflathalfdim</Username><Timestamp>1353953450190</Timestamp><DateTime>Mon, 2012-11-26 13:10:50 EST</DateTime><ThumbUp>3</ThumbUp><ThumbDown>2</ThumbDown><Sentiment/></Message><Message type="ReplyMessage"><Id>1353953611520-85</Id><Topic><Title>75% of $3 billion buyback still remains</Title><Username>thurstonthethird</Username><Timestamp>1353944429744</Timestamp><DateTime>Mon, 2012-11-26 10:40:29 EST</DateTime></Topic><Msg>How near and what will make it go to $200?</Msg><Username>trotlightly34</Username><Timestamp>1353953611520</Timestamp><DateTime>Mon, 2012-11-26 13:13:31 EST</DateTime><ThumbUp>1</ThumbUp><ThumbDown>1</ThumbDown><Sentiment/></Message><Message type="ReplyMessage"><Id>1353953662755-86</Id><Topic><Title>$18.65 is multi- year high for Yahoo</Title><Username>smedleypuddles</Username><Timestamp>1352993650686</Timestamp><DateTime>Thu, 2012-11-15 10:34:10 EST</DateTime></Topic><Msg>dr.gloom gets burnt again.</Msg><Username>nanobot8042</Username><Timestamp>1353953662755</Timestamp><DateTime>Mon, 2012-11-26 13:14:22 EST</DateTime><ThumbUp>0</ThumbUp><ThumbDown>0</ThumbDown><Sentiment/></Message><Message type="ReplyMessage"><Id>1353953729934-87</Id><Topic><Title>Yahoo: Goldman Adds To Conviction Buy List; Target $24</Title><Username>theecoldone</Username><Timestamp>1353940127065</Timestamp><DateTime>Mon, 2012-11-26 09:28:47 EST</DateTime></Topic><Msg>Yahoo Japan will be next. Ken Goldman specializes in this sort of deal.</Msg><Username>nanobot8042</Username><Timestamp>1353953729934</Timestamp><DateTime>Mon, 2012-11-26 13:15:29 EST</DateTime><ThumbUp>1</ThumbUp><ThumbDown>1</ThumbDown><Sentiment/></Message><Message type="TopicMessage"><Id>1353954446852-88</Id><Title>Top Buys by Directors: Loeb's $65.5M Bet on Yahoo</Title><Msg>The directors of a company tend to have a unique inside view into the business, so when directors make major buys, investors are wise to take notice. Presumably the only reason a director of a company would choose to take their hard-earned cash and use it to buy stock in the open market, is that they expect to make money — maybe they find the stock very undervalued, or maybe they see exciting progress within the company, or maybe both. So in this series we look at the largest insider buys by company directors over the trailing six month period, one of which was a total of $65.5M invested across 2 purchases by Daniel S. Loeb, Director at Yahoo! Inc.</Msg><Username>thetoadtimes</Username><Timestamp>1353954446852</Timestamp><DateTime>Mon, 2012-11-26 13:27:26 EST</DateTime><ThumbUp>2</ThumbUp><ThumbDown>0</ThumbDown><Sentiment/></Message><Message type="ReplyMessage"><Id>1353954512407-89</Id><Topic><Title>No more hotmodel or dr.gloom!</Title><Username>nanobot8042</Username><Timestamp>1353949570193</Timestamp><DateTime>Mon, 2012-11-26 12:06:10 EST</DateTime></Topic><Msg>And no more lexi.</Msg><Username>smedleypuddles</Username><Timestamp>1353954512407</Timestamp><DateTime>Mon, 2012-11-26 13:28:32 EST</DateTime><ThumbUp>0</ThumbUp><ThumbDown>3</ThumbDown><Sentiment/></Message><Message type="ReplyMessage"><Id>1353954689459-90</Id><Topic><Title>Tiger Capital takes a 2.5% new interest in Yahoo!! Holy cow 25 million shares!!</Title><Username>optionstrader4u</Username><Timestamp>1352935947798</Timestamp><DateTime>Wed, 2012-11-14 18:32:27 EST</DateTime></Topic><Msg>caix is clueless.</Msg><Username>nanobot8042</Username><Timestamp>1353954689459</Timestamp><DateTime>Mon, 2012-11-26 13:31:29 EST</DateTime><ThumbUp>1</ThumbUp><ThumbDown>1</ThumbDown><Sentiment/></Message><Message type="ReplyMessage"><Id>1353954927555-91</Id><Topic><Title>75% of $3 billion buyback still remains</Title><Username>thurstonthethird</Username><Timestamp>1353944429744</Timestamp><DateTime>Mon, 2012-11-26 10:40:29 EST</DateTime></Topic><Msg>Yahoo will trade at $31 in 2013.</Msg><Username>nanobot8042</Username><Timestamp>1353954927555</Timestamp><DateTime>Mon, 2012-11-26 13:35:27 EST</DateTime><ThumbUp>1</ThumbUp><ThumbDown>0</ThumbDown><Sentiment/></Message><Message type="TopicMessage"><Id>1353955165869-92</Id><Title>My first YHOO purchase</Title><Msg>EVER...! Chart looks great. Should see $32 within 2 years... I believe this was the price that Yang turned down MSFT offer.</Msg><Username>marketbuy2002</Username><Timestamp>1353955165869</Timestamp><DateTime>Mon, 2012-11-26 13:39:25 EST</DateTime><ThumbUp>0</ThumbUp><ThumbDown>0</ThumbDown><Sentiment/></Message><Message type="TopicMessage"><Id>1353956382496-93</Id><Title>YHOO peaked today. Time to SELL</Title><Msg>After that GS upgrade I knew that big share holders will start to take profit. Now it is tradin g at low of the day. It might even close red today. Definitely it is time to sell.</Msg><Username>phd44m</Username><Timestamp>1353956382496</Timestamp><DateTime>Mon, 2012-11-26 13:59:42 EST</DateTime><ThumbUp>0</ThumbUp><ThumbDown>5</ThumbDown><Sentiment/></Message><Message type="ReplyMessage"><Id>1353957138853-94</Id><Topic><Title>Coldone encouraged all to buy Yahoo at $11, $12, $13, $14, $15, $16 and $17</Title><Username>theecoldone</Username><Timestamp>1353736593365</Timestamp><DateTime>Sat, 2012-11-24 00:56:33 EST</DateTime></Topic><Msg>How is coldone so good? Does he have insider information or is he just an investing genius?</Msg><Username>thurstonthethird</Username><Timestamp>1353957138853</Timestamp><DateTime>Mon, 2012-11-26 14:12:18 EST</DateTime><ThumbUp>1</ThumbUp><ThumbDown>2</ThumbDown><Sentiment/></Message><Message type="ReplyMessage"><Id>1353957231230-95</Id><Topic><Title>YHOO peaked today. Time to SELL</Title><Username>phd44m</Username><Timestamp>1353956382496</Timestamp><DateTime>Mon, 2012-11-26 13:59:42 EST</DateTime></Topic><Msg>75% of $3 billion buyback still remains. Please sell so I can buy lower.</Msg><Username>nanobot8042</Username><Timestamp>1353957231230</Timestamp><DateTime>Mon, 2012-11-26 14:13:51 EST</DateTime><ThumbUp>0</ThumbUp><ThumbDown>0</ThumbDown><Sentiment/></Message><Message type="ReplyMessage"><Id>1353957266534-96</Id><Topic><Title>75% of $3 billion buyback still remains</Title><Username>thurstonthethird</Username><Timestamp>1353944429744</Timestamp><DateTime>Mon, 2012-11-26 10:40:29 EST</DateTime></Topic><Msg>75% of $3 billion buyback still remains!!!!! Who is short Yahoo?</Msg><Username>nanobot8042</Username><Timestamp>1353957266534</Timestamp><DateTime>Mon, 2012-11-26 14:14:26 EST</DateTime><ThumbUp>4</ThumbUp><ThumbDown>0</ThumbDown><Sentiment/></Message><Message type="TopicMessage"><Id>1353958307311-97</Id><Title>YHOO deletes your post of you don't say YHOO is a buy</Title><Msg>My posts get deleted. Very strange. For the first time that I noticed that.</Msg><Username>phd44m</Username><Timestamp>1353958307311</Timestamp><DateTime>Mon, 2012-11-26 14:31:47 EST</DateTime><ThumbUp>1</ThumbUp><ThumbDown>1</ThumbDown><Sentiment/></Message><Message type="ReplyMessage"><Id>1353958497745-98</Id><Topic><Title>Yahoo: Goldman Adds To Conviction Buy List; Target $24</Title><Username>theecoldone</Username><Timestamp>1353940127065</Timestamp><DateTime>Mon, 2012-11-26 09:28:47 EST</DateTime></Topic><Msg>Yahoo has a lot of ammunition to fire off in 2013.</Msg><Username>trip23455</Username><Timestamp>1353958497745</Timestamp><DateTime>Mon, 2012-11-26 14:34:57 EST</DateTime><ThumbUp>1</ThumbUp><ThumbDown>1</ThumbDown><Sentiment/></Message><Message type="ReplyMessage"><Id>1353958655982-99</Id><Topic><Title>Coldone encouraged all to buy Yahoo at $11, $12, $13, $14, $15, $16 and $17</Title><Username>theecoldone</Username><Timestamp>1353736593365</Timestamp><DateTime>Sat, 2012-11-24 00:56:33 EST</DateTime></Topic><Msg>Coldone is the best I've seen in a long time. Hotmodel is the worst.</Msg><Username>bflathalfdim</Username><Timestamp>1353958655982</Timestamp><DateTime>Mon, 2012-11-26 14:37:35 EST</DateTime><ThumbUp>1</ThumbUp><ThumbDown>2</ThumbDown><Sentiment/></Message><Message type="ReplyMessage"><Id>1353958689040-100</Id><Topic><Title>No more hotmodel or dr.gloom!</Title><Username>nanobot8042</Username><Timestamp>1353949570193</Timestamp><DateTime>Mon, 2012-11-26 12:06:10 EST</DateTime></Topic><Msg>It's time to celebrate.</Msg><Username>bflathalfdim</Username><Timestamp>1353958689040</Timestamp><DateTime>Mon, 2012-11-26 14:38:09 EST</DateTime><ThumbUp>0</ThumbUp><ThumbDown>3</ThumbDown><Sentiment/></Message><Message type="TopicMessage"><Id>1353958914812-101</Id><Title>When are we going to get guidance? I wonder what she is waiting for?</Title><Msg>I thought we would of got it today before the open. Strange that Goldman put it on the conviction buy list before guidance. They always seem to have their finger on the pulse. Look at their call before the Facebook unlocking... They said buy and look what happened? Wonder where we are going from here as far as what the company is going to say. Could be some huge catalysts in that report. jmho</Msg><Username>optionstrader4u</Username><Timestamp>1353958914812</Timestamp><DateTime>Mon, 2012-11-26 14:41:54 EST</DateTime><ThumbUp>0</ThumbUp><ThumbDown>2</ThumbDown><Sentiment>Strong Buy</Sentiment></Message><Message type="ReplyMessage"><Id>1353958964141-102</Id><Topic><Title>When are we going to get guidance? I wonder what she is waiting for?</Title><Username>optionstrader4u</Username><Timestamp>1353958914812</Timestamp><DateTime>Mon, 2012-11-26 14:41:54 EST</DateTime></Topic><Msg>No one cares.</Msg><Username>tetheredbird</Username><Timestamp>1353958964141</Timestamp><DateTime>Mon, 2012-11-26 14:42:44 EST</DateTime><ThumbUp>1</ThumbUp><ThumbDown>0</ThumbDown><Sentiment/></Message><Message type="ReplyMessage"><Id>1353959009394-103</Id><Topic><Title>Yahoo: Goldman Adds To Conviction Buy List; Target $24</Title><Username>theecoldone</Username><Timestamp>1353940127065</Timestamp><DateTime>Mon, 2012-11-26 09:28:47 EST</DateTime></Topic><Msg>More upgrades will follow.</Msg><Username>smedleypuddles</Username><Timestamp>1353959009394</Timestamp><DateTime>Mon, 2012-11-26 14:43:29 EST</DateTime><ThumbUp>1</ThumbUp><ThumbDown>1</ThumbDown><Sentiment/></Message><Message type="ReplyMessage"><Id>1353959330891-104</Id><Topic><Title>75% of $3 billion buyback still remains</Title><Username>thurstonthethird</Username><Timestamp>1353944429744</Timestamp><DateTime>Mon, 2012-11-26 10:40:29 EST</DateTime></Topic><Msg>Yahoo shorts have been wiped out. hotmodel/dr.gloom are in hiding.</Msg><Username>smedleypuddles</Username><Timestamp>1353959330891</Timestamp><DateTime>Mon, 2012-11-26 14:48:50 EST</DateTime><ThumbUp>1</ThumbUp><ThumbDown>0</ThumbDown><Sentiment/></Message><Message type="ReplyMessage"><Id>1353959341877-105</Id><Topic><Title>When are we going to get guidance? I wonder what she is waiting for?</Title><Username>optionstrader4u</Username><Timestamp>1353958914812</Timestamp><DateTime>Mon, 2012-11-26 14:41:54 EST</DateTime></Topic><Msg>I for one am looking for the positive guidance as well. However, do you think Mayer will be pulling a "Google" and not provide any guidance to the street as Google has opted not to? If she has the inclination to pursue such a tactic, I hope Dan Loeb and the new CFO convince her to do otherwise.</Msg><Username>invisiblehandofadamsmith</Username><Timestamp>1353959341877</Timestamp><DateTime>Mon, 2012-11-26 14:49:01 EST</DateTime><ThumbUp>1</ThumbUp><ThumbDown>2</ThumbDown><Sentiment>Strong Buy</Sentiment></Message><Message type="ReplyMessage"><Id>1353959535044-106</Id><Topic><Title>YHOO peaked today. Time to SELL</Title><Username>phd44m</Username><Timestamp>1353956382496</Timestamp><DateTime>Mon, 2012-11-26 13:59:42 EST</DateTime></Topic><Msg>Re: After that GS upgrade I knew that big share holders will start to take profit. Now it is tradin g at low of the day. It might even close red today. Definitely it is time to sell. Yahoo has not peaked, look at the volume. It is reinforcing itself, building a stronger base. It should move beyond the $19. level over the next several days. Dunce!</Msg><Username>mb525789</Username><Timestamp>1353959535044</Timestamp><DateTime>Mon, 2012-11-26 14:52:15 EST</DateTime><ThumbUp>4</ThumbUp><ThumbDown>0</ThumbDown><Sentiment/></Message><Message type="ReplyMessage"><Id>1353959730078-107</Id><Topic><Title>The Coldone is Throwing a Party!</Title><Username>theecoldone</Username><Timestamp>1353959552476</Timestamp><DateTime>Mon, 2012-11-26 14:52:32 EST</DateTime></Topic><Msg>The coldone throws the best parties!</Msg><Username>bflathalfdim</Username><Timestamp>1353959730078</Timestamp><DateTime>Mon, 2012-11-26 14:55:30 EST</DateTime><ThumbUp>2</ThumbUp><ThumbDown>1</ThumbDown><Sentiment/></Message><Message type="ReplyMessage"><Id>1353959832814-108</Id><Topic><Title>The Coldone is Throwing a Party!</Title><Username>theecoldone</Username><Timestamp>1353959552476</Timestamp><DateTime>Mon, 2012-11-26 14:52:32 EST</DateTime></Topic><Msg>We have much to celebrate.</Msg><Username>nanobot8042</Username><Timestamp>1353959832814</Timestamp><DateTime>Mon, 2012-11-26 14:57:12 EST</DateTime><ThumbUp>2</ThumbUp><ThumbDown>1</ThumbDown><Sentiment/></Message><Message type="ReplyMessage"><Id>1353959963857-109</Id><Topic><Title>When are we going to get guidance? I wonder what she is waiting for?</Title><Username>optionstrader4u</Username><Timestamp>1353958914812</Timestamp><DateTime>Mon, 2012-11-26 14:41:54 EST</DateTime></Topic><Msg>she already said she would release guidance so I don't think so.</Msg><Username>optionstrader4u</Username><Timestamp>1353959963857</Timestamp><DateTime>Mon, 2012-11-26 14:59:23 EST</DateTime><ThumbUp>0</ThumbUp><ThumbDown>0</ThumbDown><Sentiment/></Message><Message type="ReplyMessage"><Id>1353960203435-110</Id><Topic><Title>The Coldone is Throwing a Party!</Title><Username>theecoldone</Username><Timestamp>1353959552476</Timestamp><DateTime>Mon, 2012-11-26 14:52:32 EST</DateTime></Topic><Msg>basket sounds bitter and jealous.</Msg><Username>bflathalfdim</Username><Timestamp>1353960203435</Timestamp><DateTime>Mon, 2012-11-26 15:03:23 EST</DateTime><ThumbUp>1</ThumbUp><ThumbDown>1</ThumbDown><Sentiment/></Message><Message type="ReplyMessage"><Id>1353960228584-111</Id><Topic><Title>Yahoo: Goldman Adds To Conviction Buy List; Target $24</Title><Username>theecoldone</Username><Timestamp>1353940127065</Timestamp><DateTime>Mon, 2012-11-26 09:28:47 EST</DateTime></Topic><Msg>Many more upgrades will follow.</Msg><Username>bflathalfdim</Username><Timestamp>1353960228584</Timestamp><DateTime>Mon, 2012-11-26 15:03:48 EST</DateTime><ThumbUp>1</ThumbUp><ThumbDown>0</ThumbDown><Sentiment/></Message><Message type="TopicMessage"><Id>1353960580572-112</Id><Title>guidance</Title><Msg>when is guidance due?</Msg><Username>nnpegonline</Username><Timestamp>1353960580572</Timestamp><DateTime>Mon, 2012-11-26 15:09:40 EST</DateTime><ThumbUp>0</ThumbUp><ThumbDown>1</ThumbDown><Sentiment>Buy</Sentiment></Message><Message type="ReplyMessage"><Id>1353960617752-113</Id><Topic><Title>No more hotmodel or dr.gloom!</Title><Username>nanobot8042</Username><Timestamp>1353949570193</Timestamp><DateTime>Mon, 2012-11-26 12:06:10 EST</DateTime></Topic><Msg>Just a few of their aliases are left to making useless comments. It's pitiful.</Msg><Username>bflathalfdim</Username><Timestamp>1353960617752</Timestamp><DateTime>Mon, 2012-11-26 15:10:17 EST</DateTime><ThumbUp>0</ThumbUp><ThumbDown>3</ThumbDown><Sentiment/></Message><Message type="ReplyMessage"><Id>1353960731534-114</Id><Topic><Title>The Coldone is Throwing a Party!</Title><Username>theecoldone</Username><Timestamp>1353959552476</Timestamp><DateTime>Mon, 2012-11-26 14:52:32 EST</DateTime></Topic><Msg>I'm there!</Msg><Username>savior2911</Username><Timestamp>1353960731534</Timestamp><DateTime>Mon, 2012-11-26 15:12:11 EST</DateTime><ThumbUp>1</ThumbUp><ThumbDown>1</ThumbDown><Sentiment/></Message><Message type="ReplyMessage"><Id>1353960796361-115</Id><Topic><Title>The Coldone is Throwing a Party!</Title><Username>theecoldone</Username><Timestamp>1353959552476</Timestamp><DateTime>Mon, 2012-11-26 14:52:32 EST</DateTime></Topic><Msg>I'll bring the brew.</Msg><Username>tetheredbird</Username><Timestamp>1353960796361</Timestamp><DateTime>Mon, 2012-11-26 15:13:16 EST</DateTime><ThumbUp>2</ThumbUp><ThumbDown>1</ThumbDown><Sentiment/></Message><Message type="ReplyMessage"><Id>1353960824352-116</Id><Topic><Title>No more hotmodel or dr.gloom!</Title><Username>nanobot8042</Username><Timestamp>1353949570193</Timestamp><DateTime>Mon, 2012-11-26 12:06:10 EST</DateTime></Topic><Msg>This board has become a battle between the drivel of hotmodel's various ID's and drivel of thecoldone's many ID's. They are all crapola, ergo the board is 90% crapola. Would have expected a bigger move up today by YHOO but at least moving in right direction. Still need a multi-point move up to gat anywhere near its real value.</Msg><Username>dariencat8</Username><Timestamp>1353960824352</Timestamp><DateTime>Mon, 2012-11-26 15:13:44 EST</DateTime><ThumbUp>1</ThumbUp><ThumbDown>2</ThumbDown><Sentiment/></Message><Message type="ReplyMessage"><Id>1353961373693-117</Id><Topic><Title>YHOO peaked today. Time to SELL</Title><Username>phd44m</Username><Timestamp>1353956382496</Timestamp><DateTime>Mon, 2012-11-26 13:59:42 EST</DateTime></Topic><Msg>MM.s are holding it back so company can buy back more shares before the big run into the 20's which won't be long.</Msg><Username>swilson1289</Username><Timestamp>1353961373693</Timestamp><DateTime>Mon, 2012-11-26 15:22:53 EST</DateTime><ThumbUp>1</ThumbUp><ThumbDown>0</ThumbDown><Sentiment/></Message><Message type="ReplyMessage"><Id>1353961654681-118</Id><Topic><Title>No more hotmodel or dr.gloom!</Title><Username>nanobot8042</Username><Timestamp>1353949570193</Timestamp><DateTime>Mon, 2012-11-26 12:06:10 EST</DateTime></Topic><Msg>Hotmodal hasn't been here in over a week and ppl hv yet to convince me y he'd need more then 1 id. wht i hv seen is #$%$ like coldone and mewag try 2 take away from wht is a profitable option writin trade. i agree on the crapola as mewag and his luver coldone r multi id #$%$. cockroaches whose ego is tryin to compensate 4 a loser life. 2 funny tht those who reply r jealous of hotmodal! can't stand the cockroach but respect the money hes made.</Msg><Username>ypr1ys</Username><Timestamp>1353961654681</Timestamp><DateTime>Mon, 2012-11-26 15:27:34 EST</DateTime><ThumbUp>1</ThumbUp><ThumbDown>2</ThumbDown><Sentiment>Strong Buy</Sentiment></Message><Message type="ReplyMessage"><Id>1353962012892-119</Id><Topic><Title>YHOO peaked today. Time to SELL</Title><Username>phd44m</Username><Timestamp>1353956382496</Timestamp><DateTime>Mon, 2012-11-26 13:59:42 EST</DateTime></Topic><Msg>These fancy dreams has caused many investors lose their shirt.</Msg><Username>hajimow</Username><Timestamp>1353962012892</Timestamp><DateTime>Mon, 2012-11-26 15:33:32 EST</DateTime><ThumbUp>0</ThumbUp><ThumbDown>0</ThumbDown><Sentiment/></Message><Message type="ReplyMessage"><Id>1353962024578-120</Id><Topic><Title>No more hotmodel or dr.gloom!</Title><Username>nanobot8042</Username><Timestamp>1353949570193</Timestamp><DateTime>Mon, 2012-11-26 12:06:10 EST</DateTime></Topic><Msg>Hi hotmodel. Coldone made a fool of you.</Msg><Username>nanobot8042</Username><Timestamp>1353962024578</Timestamp><DateTime>Mon, 2012-11-26 15:33:44 EST</DateTime><ThumbUp>2</ThumbUp><ThumbDown>2</ThumbDown><Sentiment/></Message><Message type="ReplyMessage"><Id>1353962067288-121</Id><Topic><Title>The Coldone is Throwing a Party!</Title><Username>theecoldone</Username><Timestamp>1353959552476</Timestamp><DateTime>Mon, 2012-11-26 14:52:32 EST</DateTime></Topic><Msg>Coldone knows how to live.</Msg><Username>neo1278alpha</Username><Timestamp>1353962067288</Timestamp><DateTime>Mon, 2012-11-26 15:34:27 EST</DateTime><ThumbUp>2</ThumbUp><ThumbDown>1</ThumbDown><Sentiment/></Message><Message type="ReplyMessage"><Id>1353962126045-122</Id><Topic><Title>75% of $3 billion buyback still remains</Title><Username>thurstonthethird</Username><Timestamp>1353944429744</Timestamp><DateTime>Mon, 2012-11-26 10:40:29 EST</DateTime></Topic><Msg>This buyback will keep Yahoo at the top of percent gainers for the next year.</Msg><Username>neo1278alpha</Username><Timestamp>1353962126045</Timestamp><DateTime>Mon, 2012-11-26 15:35:26 EST</DateTime><ThumbUp>4</ThumbUp><ThumbDown>1</ThumbDown><Sentiment/></Message><Message type="ReplyMessage"><Id>1353962132571-123</Id><Topic><Title>YHOO deletes your post of you don't say YHOO is a buy</Title><Username>phd44m</Username><Timestamp>1353958307311</Timestamp><DateTime>Mon, 2012-11-26 14:31:47 EST</DateTime></Topic><Msg>condome the used condom saleman probably delets it</Msg><Username>rkmtt</Username><Timestamp>1353962132571</Timestamp><DateTime>Mon, 2012-11-26 15:35:32 EST</DateTime><ThumbUp>1</ThumbUp><ThumbDown>0</ThumbDown><Sentiment>Strong Buy</Sentiment></Message><Message type="ReplyMessage"><Id>1353962173116-124</Id><Topic><Title>Yahoo: Goldman Adds To Conviction Buy List; Target $24</Title><Username>theecoldone</Username><Timestamp>1353940127065</Timestamp><DateTime>Mon, 2012-11-26 09:28:47 EST</DateTime></Topic><Msg>Yahoo at $24 and then the Yahoo Japan deal.</Msg><Username>neo1278alpha</Username><Timestamp>1353962173116</Timestamp><DateTime>Mon, 2012-11-26 15:36:13 EST</DateTime><ThumbUp>0</ThumbUp><ThumbDown>1</ThumbDown><Sentiment/></Message><Message type="ReplyMessage"><Id>1353962202727-125</Id><Topic><Title>YHOO peaked today. Time to SELL</Title><Username>phd44m</Username><Timestamp>1353956382496</Timestamp><DateTime>Mon, 2012-11-26 13:59:42 EST</DateTime></Topic><Msg>your obviously not a student of market manipulation.</Msg><Username>swilson1289</Username><Timestamp>1353962202727</Timestamp><DateTime>Mon, 2012-11-26 15:36:42 EST</DateTime><ThumbUp>0</ThumbUp><ThumbDown>0</ThumbDown><Sentiment/></Message><Message type="ReplyMessage"><Id>1353962578810-126</Id><Topic><Title>YHOO peaked today. Time to SELL</Title><Username>phd44m</Username><Timestamp>1353956382496</Timestamp><DateTime>Mon, 2012-11-26 13:59:42 EST</DateTime></Topic><Msg>Don't underestimate charisma Marissa and the powerful and talented with her.</Msg><Username>gup1x</Username><Timestamp>1353962578810</Timestamp><DateTime>Mon, 2012-11-26 15:42:58 EST</DateTime><ThumbUp>0</ThumbUp><ThumbDown>0</ThumbDown><Sentiment/></Message><Message type="ReplyMessage"><Id>1353962605676-127</Id><Topic><Title>75% of $3 billion buyback still remains</Title><Username>thurstonthethird</Username><Timestamp>1353944429744</Timestamp><DateTime>Mon, 2012-11-26 10:40:29 EST</DateTime></Topic><Msg>If you want to make 20% in three months buy Yahoo today.</Msg><Username>smedleypuddles</Username><Timestamp>1353962605676</Timestamp><DateTime>Mon, 2012-11-26 15:43:25 EST</DateTime><ThumbUp>1</ThumbUp><ThumbDown>1</ThumbDown><Sentiment/></Message><Message type="TopicMessage"><Id>1353962926734-128</Id><Title>Yahoo's stock hits $19 for 1st time since 2010</Title><Msg>Yahoo's stock climbs to highest level in more than 2 years amid share buybacks, renewed hope.</Msg><Username>thetoadtimes</Username><Timestamp>1353962926734</Timestamp><DateTime>Mon, 2012-11-26 15:48:46 EST</DateTime><ThumbUp>4</ThumbUp><ThumbDown>1</ThumbDown><Sentiment/></Message><Message type="ReplyMessage"><Id>1353963304325-129</Id><Topic><Title>Yahoo's stock hits $19 for 1st time since 2010</Title><Username>thetoadtimes</Username><Timestamp>1353962926734</Timestamp><DateTime>Mon, 2012-11-26 15:48:46 EST</DateTime></Topic><Msg>Yahoo will hit $20 in December.</Msg><Username>bflathalfdim</Username><Timestamp>1353963304325</Timestamp><DateTime>Mon, 2012-11-26 15:55:04 EST</DateTime><ThumbUp>2</ThumbUp><ThumbDown>1</ThumbDown><Sentiment/></Message><Message type="ReplyMessage"><Id>1353963468172-130</Id><Topic><Title>Yahoo: Goldman Adds To Conviction Buy List; Target $24</Title><Username>theecoldone</Username><Timestamp>1353940127065</Timestamp><DateTime>Mon, 2012-11-26 09:28:47 EST</DateTime></Topic><Msg>Goldman Sachs analyst Heath Terry believes Yahoo's stock will climb even higher as more investor enthusiasm builds for Mayer's turnaround strategy and the value of the company's remaining holdings in Asian Internet companies becomes clearer. Besides retaining a 24 percent stake in Alibaba, Yahoo also owns 35 percent of Yahoo Japan. He also thinks Yahoo's stock will get a boost from future buybacks planned by Yahoo.</Msg><Username>trotlightly34</Username><Timestamp>1353963468172</Timestamp><DateTime>Mon, 2012-11-26 15:57:48 EST</DateTime><ThumbUp>0</ThumbUp><ThumbDown>0</ThumbDown><Sentiment/></Message><Message type="ReplyMessage"><Id>1353963766519-131</Id><Topic><Title>Yahoo's stock hits $19 for 1st time since 2010</Title><Username>thetoadtimes</Username><Timestamp>1353962926734</Timestamp><DateTime>Mon, 2012-11-26 15:48:46 EST</DateTime></Topic><Msg>pretty safe prediction !!!!</Msg><Username>runnx3344</Username><Timestamp>1353963766519</Timestamp><DateTime>Mon, 2012-11-26 16:02:46 EST</DateTime><ThumbUp>0</ThumbUp><ThumbDown>2</ThumbDown><Sentiment/></Message><Message type="ReplyMessage"><Id>1353964023935-132</Id><Topic><Title>No more hotmodel or dr.gloom!</Title><Username>nanobot8042</Username><Timestamp>1353949570193</Timestamp><DateTime>Mon, 2012-11-26 12:06:10 EST</DateTime></Topic><Msg>hotmodel/gloom has been laughed at for the last 2 years. I think she's had enough.</Msg><Username>smedleypuddles</Username><Timestamp>1353964023935</Timestamp><DateTime>Mon, 2012-11-26 16:07:03 EST</DateTime><ThumbUp>2</ThumbUp><ThumbDown>4</ThumbDown><Sentiment/></Message><Message type="ReplyMessage"><Id>1353964608721-133</Id><Topic><Title>No more hotmodel or dr.gloom!</Title><Username>nanobot8042</Username><Timestamp>1353949570193</Timestamp><DateTime>Mon, 2012-11-26 12:06:10 EST</DateTime></Topic><Msg>dum dum do u hv any proof 2 those being the same ppl! just cuz ur worthless doesn't mean every1 else is. 7 billion ppl on the planet knw ur worthless and dat don't make them the same person. uze so sad u said hotmodal over 80+ times &amp; he hasn't been here. he may not own me but owns u! its nice w/out tht cockroach here and u bring him up all da time. u hv mental issues!</Msg><Username>ypr1ys</Username><Timestamp>1353964608721</Timestamp><DateTime>Mon, 2012-11-26 16:16:48 EST</DateTime><ThumbUp>3</ThumbUp><ThumbDown>3</ThumbDown><Sentiment>Strong Buy</Sentiment></Message><Message type="ReplyMessage"><Id>1353964749580-134</Id><Topic><Title>No more hotmodel or dr.gloom!</Title><Username>nanobot8042</Username><Timestamp>1353949570193</Timestamp><DateTime>Mon, 2012-11-26 12:06:10 EST</DateTime></Topic><Msg>coldone made a fool of you and now you make a fool of yourself.</Msg><Username>nanobot8042</Username><Timestamp>1353964749580</Timestamp><DateTime>Mon, 2012-11-26 16:19:09 EST</DateTime><ThumbUp>1</ThumbUp><ThumbDown>2</ThumbDown><Sentiment/></Message><Message type="ReplyMessage"><Id>1353964841867-135</Id><Topic><Title>Yahoo's stock hits $19 for 1st time since 2010</Title><Username>thetoadtimes</Username><Timestamp>1353962926734</Timestamp><DateTime>Mon, 2012-11-26 15:48:46 EST</DateTime></Topic><Msg>Yahoo is up in after hours trading.</Msg><Username>trip23455</Username><Timestamp>1353964841867</Timestamp><DateTime>Mon, 2012-11-26 16:20:41 EST</DateTime><ThumbUp>0</ThumbUp><ThumbDown>0</ThumbDown><Sentiment/></Message><Message type="ReplyMessage"><Id>1353964881144-136</Id><Topic><Title>75% of $3 billion buyback still remains</Title><Username>thurstonthethird</Username><Timestamp>1353944429744</Timestamp><DateTime>Mon, 2012-11-26 10:40:29 EST</DateTime></Topic><Msg>Yahoo will be up more than 20%.</Msg><Username>trip23455</Username><Timestamp>1353964881144</Timestamp><DateTime>Mon, 2012-11-26 16:21:21 EST</DateTime><ThumbUp>1</ThumbUp><ThumbDown>2</ThumbDown><Sentiment/></Message><Message type="ReplyMessage"><Id>1353965239109-137</Id><Topic><Title>YHOO peaked today. Time to SELL</Title><Username>phd44m</Username><Timestamp>1353956382496</Timestamp><DateTime>Mon, 2012-11-26 13:59:42 EST</DateTime></Topic><Msg>hahahaha it went green and green tomorrow too hahahahaha</Msg><Username>tonynapa</Username><Timestamp>1353965239109</Timestamp><DateTime>Mon, 2012-11-26 16:27:19 EST</DateTime><ThumbUp>1</ThumbUp><ThumbDown>0</ThumbDown><Sentiment>Strong Buy</Sentiment></Message><Message type="ReplyMessage"><Id>1353965381874-138</Id><Topic><Title>It will be RED at closing because it's RED</Title><Username>madmilker70</Username><Timestamp>1353942976670</Timestamp><DateTime>Mon, 2012-11-26 10:16:16 EST</DateTime></Topic><Msg>hahahahaha it green and green forever hahaahahaha</Msg><Username>tonynapa</Username><Timestamp>1353965381874</Timestamp><DateTime>Mon, 2012-11-26 16:29:41 EST</DateTime><ThumbUp>1</ThumbUp><ThumbDown>1</ThumbDown><Sentiment>Strong Buy</Sentiment></Message><Message type="TopicMessage"><Id>1353965883942-139</Id><Title>Upside at least 75%</Title><Msg>Shares of Yahoo (YHOO) were recently rising 1% after Goldman Sachs added the firm to its Conviction List. In a note out today, analyst Heath Terry also raised his target price by $2 to $24. He notes that the company is taking smart capital allocation actions, which make its balance sheet assets and core businesses more valuable than the market is giving them credit for; moreover, there is still a long way to go in Yahoo’s share repurchase plan, which has been warmly received by the Street, as well as increasing clarity surrounding the company’s turnaround plan. He also outlines how the stock price could grow as high as $35 as the company follows through on divestitures of Yahoo Japan and its remaining Alibaba stake: Base case ($24/share) Our base case assumes a value of the Alibaba group of around $35 bn or $15.50/share – in line with the reported value in the recently concluded deal. We believe this could undervalue Alibaba to the degree that the company’s growth continues to stay at these levels while margins continue to accelerate (Exhibits 3 and 4). We assume a multiple of 7x 2013E EBITDA to value the core business, yielding our 12-month price target of $24. The multiple is essentially in line with other ex-growth businesses in the internet sector. Full monetization case ($32/share)</Msg><Username>todlondon</Username><Timestamp>1353965883942</Timestamp><DateTime>Mon, 2012-11-26 16:38:03 EST</DateTime><ThumbUp>0</ThumbUp><ThumbDown>0</ThumbDown><Sentiment/></Message><Message type="ReplyMessage"><Id>1353965971427-140</Id><Topic><Title>YHOO peaked today. Time to SELL</Title><Username>phd44m</Username><Timestamp>1353956382496</Timestamp><DateTime>Mon, 2012-11-26 13:59:42 EST</DateTime></Topic><Msg>We you at 32</Msg><Username>todlondon</Username><Timestamp>1353965971427</Timestamp><DateTime>Mon, 2012-11-26 16:39:31 EST</DateTime><ThumbUp>0</ThumbUp><ThumbDown>0</ThumbDown><Sentiment/></Message><Message type="TopicMessage"><Id>1353967509026-141</Id><Title>Yahoo the e-mail spam center of all times.</Title><Msg>Hey who knows this yahoo scammer below? Yahoo Mail</Msg><Username>drstone3</Username><Timestamp>1353967509026</Timestamp><DateTime>Mon, 2012-11-26 17:05:09 EST</DateTime><ThumbUp>0</ThumbUp><ThumbDown>2</ThumbDown><Sentiment>Sell</Sentiment></Message><Message type="ReplyMessage"><Id>1353967581653-142</Id><Topic><Title>Yahoo the e-mail spam center of all times.</Title><Username>drstone3</Username><Timestamp>1353967509026</Timestamp><DateTime>Mon, 2012-11-26 17:05:09 EST</DateTime></Topic><Msg>Ha! Ha! Yahoo Mail</Msg><Username>drstone3</Username><Timestamp>1353967581653</Timestamp><DateTime>Mon, 2012-11-26 17:06:21 EST</DateTime><ThumbUp>0</ThumbUp><ThumbDown>2</ThumbDown><Sentiment/></Message><Message type="TopicMessage"><Id>1353968886120-143</Id><Title>google searches are now switching to yahoo???? good to see</Title><Msg>not sure how their doing it, but everyday at some pt my google search changes back to yahoo...and yahoo is behind google at the top of the search page....go yahooooooo!!! buying more!!</Msg><Username>mawsii1</Username><Timestamp>1353968886120</Timestamp><DateTime>Mon, 2012-11-26 17:28:06 EST</DateTime><ThumbUp>1</ThumbUp><ThumbDown>1</ThumbDown><Sentiment>Strong Buy</Sentiment></Message><Message type="TopicMessage"><Id>1353969889836-144</Id><Title>Will Yahoo join the ranks of Year-end Special Dividends?</Title><Msg>Will Yahoo join the ever growing ranks of companies declaring and paying a Special Dividend before year-end to save shareholders taxes imposed by the government after the first of the year?</Msg><Username>randywms55</Username><Timestamp>1353969889836</Timestamp><DateTime>Mon, 2012-11-26 17:44:49 EST</DateTime><ThumbUp>3</ThumbUp><ThumbDown>0</ThumbDown><Sentiment/></Message><Message type="ReplyMessage"><Id>1353974523758-145</Id><Topic><Title>The Coldone is Throwing a Party!</Title><Username>theecoldone</Username><Timestamp>1353959552476</Timestamp><DateTime>Mon, 2012-11-26 14:52:32 EST</DateTime></Topic><Msg>That's hilarious. You should bask in your victory. I've read these boards for a long time. You were right and they were wrong. I'm making money with Yahoo and that's good enough for me.</Msg><Username>roirop</Username><Timestamp>1353974523758</Timestamp><DateTime>Mon, 2012-11-26 19:02:03 EST</DateTime><ThumbUp>3</ThumbUp><ThumbDown>0</ThumbDown><Sentiment/></Message><Message type="TopicMessage"><Id>1353975225342-146</Id><Title>Is Ma waiting to buy back some AG from Son before going ahead with an IPO?</Title><Msg>I'm sure Son would want more than YHOO got. But that would help the 24% YHOO still has of AG. If Ma just announced an IPO for second half of 2013 YHOO would soar.</Msg><Username>mewag51</Username><Timestamp>1353975225342</Timestamp><DateTime>Mon, 2012-11-26 19:13:45 EST</DateTime><ThumbUp>0</ThumbUp><ThumbDown>0</ThumbDown><Sentiment/></Message><Message type="ReplyMessage"><Id>1353975490954-147</Id><Topic><Title>Will Yahoo join the ranks of Year-end Special Dividends?</Title><Username>randywms55</Username><Timestamp>1353969889836</Timestamp><DateTime>Mon, 2012-11-26 17:44:49 EST</DateTime></Topic><Msg>Yahoo will joint it in a few days, will be a good holiday.</Msg><Username>fdc17422000</Username><Timestamp>1353975490954</Timestamp><DateTime>Mon, 2012-11-26 19:18:10 EST</DateTime><ThumbUp>1</ThumbUp><ThumbDown>0</ThumbDown><Sentiment>Strong Buy</Sentiment></Message><Message type="ReplyMessage"><Id>1353976546590-148</Id><Topic><Title>To whom it may concern.</Title><Username>dr.gloom</Username><Timestamp>1276031248000</Timestamp><DateTime>Tue, 2010-06-08 17:07:28 EDT</DateTime></Topic><Msg>No guts no glory slackers. Remember to buy heavily.</Msg><Username>dr.gloom</Username><Timestamp>1353976546590</Timestamp><DateTime>Mon, 2012-11-26 19:35:46 EST</DateTime><ThumbUp>1</ThumbUp><ThumbDown>1</ThumbDown><Sentiment/></Message><Message type="TopicMessage"><Id>1353976733279-149</Id><Title>GS drooling over AG IPO and Yahoo's stake.</Title><Msg>Greedy bums. We don't need their upgrade.</Msg><Username>add_more2</Username><Timestamp>1353976733279</Timestamp><DateTime>Mon, 2012-11-26 19:38:53 EST</DateTime><ThumbUp>3</ThumbUp><ThumbDown>1</ThumbDown><Sentiment>Strong Buy</Sentiment></Message><Message type="TopicMessage"><Id>1353979557409-150</Id><Title>150 are we</Title><Msg>there yet</Msg><Username>frankyourmoney</Username><Timestamp>1353979557409</Timestamp><DateTime>Mon, 2012-11-26 20:25:57 EST</DateTime><ThumbUp>0</ThumbUp><ThumbDown>0</ThumbDown><Sentiment/></Message><Message type="TopicMessage"><Id>1353979690772-151</Id><Title>Major up tick tomorrow!</Title><Msg>IMF agrees to Greek deal. Should be a blow out day tomorrow.</Msg><Username>mb525789</Username><Timestamp>1353979690772</Timestamp><DateTime>Mon, 2012-11-26 20:28:10 EST</DateTime><ThumbUp>4</ThumbUp><ThumbDown>0</ThumbDown><Sentiment/></Message><Message type="ReplyMessage"><Id>1353981294216-152</Id><Topic><Title>Major up tick tomorrow!</Title><Username>mb525789</Username><Timestamp>1353979690772</Timestamp><DateTime>Mon, 2012-11-26 20:28:10 EST</DateTime></Topic><Msg>Should be 200 point day.</Msg><Username>randywms55</Username><Timestamp>1353981294216</Timestamp><DateTime>Mon, 2012-11-26 20:54:54 EST</DateTime><ThumbUp>2</ThumbUp><ThumbDown>0</ThumbDown><Sentiment/></Message><Message type="TopicMessage"><Id>1353981485376-153</Id><Title>anybody else wish they had sold today. This thing will go red tomorrow</Title><Msg>I hope to be able to get out in the green in the morning. This Greek deal rally is fading fast though.</Msg><Username>fidelity111</Username><Timestamp>1353981485376</Timestamp><DateTime>Mon, 2012-11-26 20:58:05 EST</DateTime><ThumbUp>1</ThumbUp><ThumbDown>3</ThumbDown><Sentiment/></Message><Message type="ReplyMessage"><Id>1353983093202-154</Id><Topic><Title>Is Ma waiting to buy back some AG from Son before going ahead with an IPO?</Title><Username>mewag51</Username><Timestamp>1353975225342</Timestamp><DateTime>Mon, 2012-11-26 19:13:45 EST</DateTime></Topic><Msg>There is no doubt whatsoever that is Alibaba IPO is very huge to YHOO market valuation. My personal opinion $2 to $3 minimum tuck in to YHOO share. It all depends obviously of what will be the market valuation of Alibaba. The announcement alone of the IPO is probably $1 to $2 to YHOO share. I think what is the agreement between YHOO and Alibaba (Ma) is that Alibaba IPO will be in the middle of next year. Folks we have another “A” in the hole that is YHOO’s 35% stakes in YHOO Japan. To top it all, we are watching a different YHOO today under Marissa leadership. YHOO is a “goldmine stock” today and going forward. It is already in the bag - YHOO will get all YHOO shareholders richer.</Msg><Username>goingbravo</Username><Timestamp>1353983093202</Timestamp><DateTime>Mon, 2012-11-26 21:24:53 EST</DateTime><ThumbUp>1</ThumbUp><ThumbDown>1</ThumbDown><Sentiment>Strong Buy</Sentiment></Message><Message type="TopicMessage"><Id>1353985755583-155</Id><Title>yhoo fair value but...</Title><Msg>yhoo pps is fair value but AB &amp; JPY should make yhoo $10 pps more to reflect these assets new CEO could be worth $5 pps $30 fair value by end 2013</Msg><Username>lucetteo1</Username><Timestamp>1353985755583</Timestamp><DateTime>Mon, 2012-11-26 22:09:15 EST</DateTime><ThumbUp>0</ThumbUp><ThumbDown>2</ThumbDown><Sentiment>Strong Buy</Sentiment></Message><Message type="ReplyMessage"><Id>1353986209696-156</Id><Topic><Title>anybody else wish they had sold today. This thing will go red tomorrow</Title><Username>fidelity111</Username><Timestamp>1353981485376</Timestamp><DateTime>Mon, 2012-11-26 20:58:05 EST</DateTime></Topic><Msg>I sort of wish I had sold at $19 and re-purchased at $18.75 because at $19 she was a bit ahead of herself. We have seen no dips for many days, so it would not be smart to get out and stay out.</Msg><Username>zippygocart</Username><Timestamp>1353986209696</Timestamp><DateTime>Mon, 2012-11-26 22:16:49 EST</DateTime><ThumbUp>1</ThumbUp><ThumbDown>2</ThumbDown><Sentiment>Buy</Sentiment></Message><Message type="ReplyMessage"><Id>1353988723450-157</Id><Topic><Title>The Coldone is Throwing a Party!</Title><Username>theecoldone</Username><Timestamp>1353959552476</Timestamp><DateTime>Mon, 2012-11-26 14:52:32 EST</DateTime></Topic><Msg>where about in Colorado? I'll be there.</Msg><Username>stonecoldfish</Username><Timestamp>1353988723450</Timestamp><DateTime>Mon, 2012-11-26 22:58:43 EST</DateTime><ThumbUp>0</ThumbUp><ThumbDown>1</ThumbDown><Sentiment>Buy</Sentiment></Message><Message type="TopicMessage"><Id>1353991048443-158</Id><Title>I want Yahoo to buy the Home Shopping Network HSNI</Title><Msg>ok ok...I'm back with my excitement of late (see old posts) but happy to still be holding since my last posts!</Msg><Username>wis_realtor</Username><Timestamp>1353991048443</Timestamp><DateTime>Mon, 2012-11-26 23:37:28 EST</DateTime><ThumbUp>0</ThumbUp><ThumbDown>0</ThumbDown><Sentiment/></Message></Date>