<?xml version="1.0" encoding="UTF-8" standalone="no"?><Date date="2012-12-20"><Message type="ReplyMessage"><Id>1355987731246-1</Id><Topic><Title>Yahoo to Double</Title><Username>blueline_4321</Username><Timestamp>1355897613061</Timestamp><DateTime>Wed, 2012-12-19 01:13:33 EST</DateTime></Topic><Msg>No problem.</Msg><Username>blueline_4321</Username><Timestamp>1355987731246</Timestamp><DateTime>Thu, 2012-12-20 02:15:31 EST</DateTime><ThumbUp>0</ThumbUp><ThumbDown>1</ThumbDown><Sentiment/></Message><Message type="TopicMessage"><Id>1356006800666-2</Id><Title>"cute obama photo" is not a hit, just with yahoo staff</Title><Msg>Post real news for once</Msg><Username>fishnman1973</Username><Timestamp>1356006800666</Timestamp><DateTime>Thu, 2012-12-20 07:33:20 EST</DateTime><ThumbUp>0</ThumbUp><ThumbDown>2</ThumbDown><Sentiment/></Message><Message type="TopicMessage"><Id>1356007251018-3</Id><Title>300 or so Mexican citizens have been mowed down with Fast and Furious weapons</Title><Msg>Obama asserted executive priviledge over the documents of his criminal Fast and Furious scandal. This has been silenced and downplayed by mainstream media..... Gowdy said that the next steps on Fast and Furious need to come from the media. “You can report it and put pressure on the White House and the Department of Justice to give us the documents they haven’t given us,” he said. Fast and Furious weapons were used in the murders of Border Patrol agent Brian Terry in December 2010, and have been used in numerous crimes south of the border for years – and clearly are continually being used. Mario Gonzalez, the brother of Mexican government official Patricia Gonzalez, was murdered with those weapons. So were several teenagers, who were massacred at a birthday party with the weapons President Barack Obama’s administration gave the cartels. An estimated 300 or so Mexican citizens have been mowed down with Fast and Furious weapons. The cartels got the weapons because Attorney General Eric Holder’s Department of Justice and its Bureau of Alcohol, Tobacco, Firearms and Explosives “walked” the AK-47s and other rifles into Mexico. That means they didn’t interdict the weapons they knew were being trafficked to cartels by straw purchasers. Straw purchasers are people who purchase guns for criminals and others who wouldn’t pass the basic background checks that would allow them to buy weapons. It’s illegal to straw purchase firearms because, when someone purchases a weapon, they sign an ATF form that requires them to declare the weapon is for them. Since they’re buying the weapon for someone else, they’re lying on federal forms – which is a crime. At the orders of higher-ups in the Obama administration’s Department of Justice and ATF, agents allowed these purchases to happen and didn’t stop the guns from getting into Mexico, even though they easily could have intercepted them. Holder is in both criminal and civil contempt of Congress for his failure to cooperate with a congressional investigation into Fast and Furious. He and President Obama are hiding tens of thousands of pages of Fast and Furious documents from the American people and the Congress; Obama has asserted executive privilege over those documents.</Msg><Username>fishnman1973</Username><Timestamp>1356007251018</Timestamp><DateTime>Thu, 2012-12-20 07:40:51 EST</DateTime><ThumbUp>1</ThumbUp><ThumbDown>2</ThumbDown><Sentiment/></Message><Message type="TopicMessage"><Id>1356008195013-4</Id><Title>Poor fishnman1973, the board nut case and he is always wrong. Fast and F was a W Bush....</Title><Msg>...started program. You know W Bush the guy he loved and the guy that brought America so far down. And now all the wing nuts like fishnman can do is whine and post their drivel (which no one reads other than headlines) on YHOO board, (while complaining about YHOO). Loser nut case!</Msg><Username>mewag51</Username><Timestamp>1356008195013</Timestamp><DateTime>Thu, 2012-12-20 07:56:35 EST</DateTime><ThumbUp>0</ThumbUp><ThumbDown>1</ThumbDown><Sentiment/></Message><Message type="ReplyMessage"><Id>1356008538591-5</Id><Topic><Title>Yahoo to Double</Title><Username>blueline_4321</Username><Timestamp>1355897613061</Timestamp><DateTime>Wed, 2012-12-19 01:13:33 EST</DateTime></Topic><Msg>Yahoo ! will double in 2013</Msg><Username>leestoller</Username><Timestamp>1356008538591</Timestamp><DateTime>Thu, 2012-12-20 08:02:18 EST</DateTime><ThumbUp>0</ThumbUp><ThumbDown>0</ThumbDown><Sentiment>Strong Buy</Sentiment></Message><Message type="TopicMessage"><Id>1356011031196-6</Id><Title>Yahoo can't fix their message boards, why would i invest</Title><Msg>these boards are the most infuriating, buggiest thing i've tried to use. it certainly suggests that yahoo has many technical and customer/user service issues to resolve before they become some plum new prospect for successful social media / etc company. I dumped my yahoo shares on principle and even though i missed some gains i still feel good about not owning this co until the FIX THESE ISSUES. I don't short stocks, so this is not a short seller bash post, just someone sick and tired of wasting my time on these boards if they can't get their act together to fix the bugs. Grrrrrr.</Msg><Username>natgasgoingdown</Username><Timestamp>1356011031196</Timestamp><DateTime>Thu, 2012-12-20 08:43:51 EST</DateTime><ThumbUp>0</ThumbUp><ThumbDown>0</ThumbDown><Sentiment/></Message><Message type="ReplyMessage"><Id>1356013655352-7</Id><Topic><Title>Yahoo can't fix their message boards, why would i invest</Title><Username>natgasgoingdown</Username><Timestamp>1356011031196</Timestamp><DateTime>Thu, 2012-12-20 08:43:51 EST</DateTime></Topic><Msg>Ok genius, you left a lot of YHOO money on the table by selling. Now why don't you just find yourself a new board? Problem solved!</Msg><Username>dariencat8</Username><Timestamp>1356013655352</Timestamp><DateTime>Thu, 2012-12-20 09:27:35 EST</DateTime><ThumbUp>1</ThumbUp><ThumbDown>0</ThumbDown><Sentiment/></Message><Message type="ReplyMessage"><Id>1356014679855-8</Id><Topic><Title>Elusive $20 .</Title><Username>A Yahoo! User</Username><Timestamp>1355843071695</Timestamp><DateTime>Tue, 2012-12-18 10:04:31 EST</DateTime></Topic><Msg>As I predicted , Yahoo will not hit $20 by the end of the year . Then be prepared for a correction in 2013 .</Msg><Username>A Yahoo! User</Username><Timestamp>1356014679855</Timestamp><DateTime>Thu, 2012-12-20 09:44:39 EST</DateTime><ThumbUp>0</ThumbUp><ThumbDown>0</ThumbDown><Sentiment/></Message><Message type="TopicMessage"><Id>1356014889851-9</Id><Title>YHOO working on 3 down days in a row</Title><Msg>now i am getting interested in loading the boat into some weakness finally</Msg><Username>comstockcir</Username><Timestamp>1356014889851</Timestamp><DateTime>Thu, 2012-12-20 09:48:09 EST</DateTime><ThumbUp>1</ThumbUp><ThumbDown>0</ThumbDown><Sentiment/></Message><Message type="ReplyMessage"><Id>1356015265843-10</Id><Topic><Title>Poor fishnman1973, the board nut case and he is always wrong. Fast and F was a W Bush....</Title><Username>mewag51</Username><Timestamp>1356008195013</Timestamp><DateTime>Thu, 2012-12-20 07:56:35 EST</DateTime></Topic><Msg>The Bush era Program was called "Wide Receiver" and was shut down in 2007 because it didn't work. Fast And Furious is completely an Obama Admin program without the weapon tracking that Wide Receiver employed. Mewag, you are a LIAR. You either LIE because you can't defend your whacked brained Liberal point of view, or you LIE by omission because you refuse to learn the truth. Either way you are a LIAR.</Msg><Username>stosmond</Username><Timestamp>1356015265843</Timestamp><DateTime>Thu, 2012-12-20 09:54:25 EST</DateTime><ThumbUp>1</ThumbUp><ThumbDown>0</ThumbDown><Sentiment/></Message><Message type="ReplyMessage"><Id>1356015750063-11</Id><Topic><Title>Yahoo can't fix their message boards, why would i invest</Title><Username>natgasgoingdown</Username><Timestamp>1356011031196</Timestamp><DateTime>Thu, 2012-12-20 08:43:51 EST</DateTime></Topic><Msg>I do believe they could $%^@ up a junkyard.</Msg><Username>bobszmuda</Username><Timestamp>1356015750063</Timestamp><DateTime>Thu, 2012-12-20 10:02:30 EST</DateTime><ThumbUp>0</ThumbUp><ThumbDown>0</ThumbDown><Sentiment/></Message><Message type="ReplyMessage"><Id>1356015761660-12</Id><Topic><Title>Yahoo can't fix their message boards, why would i invest</Title><Username>natgasgoingdown</Username><Timestamp>1356011031196</Timestamp><DateTime>Thu, 2012-12-20 08:43:51 EST</DateTime></Topic><Msg>I do believe they could F up a junkyard.</Msg><Username>bobszmuda</Username><Timestamp>1356015761660</Timestamp><DateTime>Thu, 2012-12-20 10:02:41 EST</DateTime><ThumbUp>0</ThumbUp><ThumbDown>0</ThumbDown><Sentiment/></Message><Message type="ReplyMessage"><Id>1356015768410-13</Id><Topic><Title>Yahoo can't fix their message boards, why would i invest</Title><Username>natgasgoingdown</Username><Timestamp>1356011031196</Timestamp><DateTime>Thu, 2012-12-20 08:43:51 EST</DateTime></Topic><Msg>I do believe they could F up a junkyard.</Msg><Username>bobszmuda</Username><Timestamp>1356015768410</Timestamp><DateTime>Thu, 2012-12-20 10:02:48 EST</DateTime><ThumbUp>0</ThumbUp><ThumbDown>0</ThumbDown><Sentiment/></Message><Message type="ReplyMessage"><Id>1356015778861-14</Id><Topic><Title>Yahoo can't fix their message boards, why would i invest</Title><Username>natgasgoingdown</Username><Timestamp>1356011031196</Timestamp><DateTime>Thu, 2012-12-20 08:43:51 EST</DateTime></Topic><Msg>I do believe they could F up a junkyard.</Msg><Username>bobszmuda</Username><Timestamp>1356015778861</Timestamp><DateTime>Thu, 2012-12-20 10:02:58 EST</DateTime><ThumbUp>0</ThumbUp><ThumbDown>0</ThumbDown><Sentiment/></Message><Message type="ReplyMessage"><Id>1356015790405-15</Id><Topic><Title>Yahoo can't fix their message boards, why would i invest</Title><Username>natgasgoingdown</Username><Timestamp>1356011031196</Timestamp><DateTime>Thu, 2012-12-20 08:43:51 EST</DateTime></Topic><Msg>I do believe they could F up a junkyard.</Msg><Username>bobszmuda</Username><Timestamp>1356015790405</Timestamp><DateTime>Thu, 2012-12-20 10:03:10 EST</DateTime><ThumbUp>0</ThumbUp><ThumbDown>0</ThumbDown><Sentiment/></Message><Message type="ReplyMessage"><Id>1356015816883-16</Id><Topic><Title>Yahoo can't fix their message boards, why would i invest</Title><Username>natgasgoingdown</Username><Timestamp>1356011031196</Timestamp><DateTime>Thu, 2012-12-20 08:43:51 EST</DateTime></Topic><Msg>I do believe they could F up a junkyard.</Msg><Username>bobszmuda</Username><Timestamp>1356015816883</Timestamp><DateTime>Thu, 2012-12-20 10:03:36 EST</DateTime><ThumbUp>0</ThumbUp><ThumbDown>0</ThumbDown><Sentiment/></Message><Message type="ReplyMessage"><Id>1356015910312-17</Id><Topic><Title>YHOO working on 3 down days in a row</Title><Username>comstockcir</Username><Timestamp>1356014889851</Timestamp><DateTime>Thu, 2012-12-20 09:48:09 EST</DateTime></Topic><Msg>So will everyone else....</Msg><Username>randywms55</Username><Timestamp>1356015910312</Timestamp><DateTime>Thu, 2012-12-20 10:05:10 EST</DateTime><ThumbUp>0</ThumbUp><ThumbDown>0</ThumbDown><Sentiment/></Message><Message type="TopicMessage"><Id>1356016060769-18</Id><Title>My Yahoo mail hacked along with others off topic</Title><Msg>My yahoo account has been hacked and is sending out email ads from my address. A couple of other friends who have yahoo mail have the same problem. My mail interfaced changed suddenly a week ago or so but I thought that was just Yahoo. Anyone else have this problem?</Msg><Username>lotahype44</Username><Timestamp>1356016060769</Timestamp><DateTime>Thu, 2012-12-20 10:07:40 EST</DateTime><ThumbUp>5</ThumbUp><ThumbDown>1</ThumbDown><Sentiment/></Message><Message type="ReplyMessage"><Id>1356016111738-19</Id><Topic><Title>YHOO working on 3 down days in a row</Title><Username>comstockcir</Username><Timestamp>1356014889851</Timestamp><DateTime>Thu, 2012-12-20 09:48:09 EST</DateTime></Topic><Msg>option related selling princibly to lower option premiums in the out months. seen it many times.</Msg><Username>swilson1289</Username><Timestamp>1356016111738</Timestamp><DateTime>Thu, 2012-12-20 10:08:31 EST</DateTime><ThumbUp>0</ThumbUp><ThumbDown>0</ThumbDown><Sentiment/></Message><Message type="TopicMessage"><Id>1356016129260-20</Id><Title>My Yahoo mail hacked along with others off topic</Title><Msg>My yahoo account has been hacked and is sending out email ads from my address. A couple of other friends who have yahoo mail have the same problem. My mail interfaced changed suddenly a week ago or so but I thought that was just Yahoo. Anyone else have this problem?</Msg><Username>lotahype44</Username><Timestamp>1356016129260</Timestamp><DateTime>Thu, 2012-12-20 10:08:49 EST</DateTime><ThumbUp>0</ThumbUp><ThumbDown>1</ThumbDown><Sentiment/></Message><Message type="TopicMessage"><Id>1356016521629-21</Id><Title>head fake - BUY - right at 10 mva support</Title><Msg>place a stop-loss @ $18.95. YHOO will take off to slightly above $20 before yearend</Msg><Username>johnjonn31</Username><Timestamp>1356016521629</Timestamp><DateTime>Thu, 2012-12-20 10:15:21 EST</DateTime><ThumbUp>0</ThumbUp><ThumbDown>0</ThumbDown><Sentiment/></Message><Message type="TopicMessage"><Id>1356016535087-22</Id><Title>head fake - BUY - right at 10 mva support</Title><Msg>place a stop-loss @ $18.95. YHOO will take off to slightly above $20 before yearend</Msg><Username>johnjonn31</Username><Timestamp>1356016535087</Timestamp><DateTime>Thu, 2012-12-20 10:15:35 EST</DateTime><ThumbUp>0</ThumbUp><ThumbDown>0</ThumbDown><Sentiment/></Message><Message type="ReplyMessage"><Id>1356016787575-23</Id><Topic><Title>My Ignorant Forecast</Title><Username>brainless_2004</Username><Timestamp>1355964370983</Timestamp><DateTime>Wed, 2012-12-19 19:46:10 EST</DateTime></Topic><Msg>way to go guys! refreshing to see a topic here about stock and not id's.</Msg><Username>ydkmatall</Username><Timestamp>1356016787575</Timestamp><DateTime>Thu, 2012-12-20 10:19:47 EST</DateTime><ThumbUp>0</ThumbUp><ThumbDown>0</ThumbDown><Sentiment/></Message><Message type="TopicMessage"><Id>1356016794705-24</Id><Title>headfake - BUY - right @ 10-day MVA</Title><Msg>3 down days, BUY on 3rd day, target slightly above $20 by yearend</Msg><Username>johnjonn31</Username><Timestamp>1356016794705</Timestamp><DateTime>Thu, 2012-12-20 10:19:54 EST</DateTime><ThumbUp>0</ThumbUp><ThumbDown>1</ThumbDown><Sentiment/></Message><Message type="ReplyMessage"><Id>1356016810060-25</Id><Topic><Title>My Ignorant Forecast</Title><Username>brainless_2004</Username><Timestamp>1355964370983</Timestamp><DateTime>Wed, 2012-12-19 19:46:10 EST</DateTime></Topic><Msg>way to go guys! refreshing to see a topic here about stock and not id's.</Msg><Username>ydkmatall</Username><Timestamp>1356016810060</Timestamp><DateTime>Thu, 2012-12-20 10:20:10 EST</DateTime><ThumbUp>0</ThumbUp><ThumbDown>0</ThumbDown><Sentiment/></Message><Message type="ReplyMessage"><Id>1356016831265-26</Id><Topic><Title>My Ignorant Forecast</Title><Username>brainless_2004</Username><Timestamp>1355964370983</Timestamp><DateTime>Wed, 2012-12-19 19:46:10 EST</DateTime></Topic><Msg>way to go guys! refreshing to see a topic here about stock and not id's.</Msg><Username>ydkmatall</Username><Timestamp>1356016831265</Timestamp><DateTime>Thu, 2012-12-20 10:20:31 EST</DateTime><ThumbUp>0</ThumbUp><ThumbDown>0</ThumbDown><Sentiment/></Message><Message type="ReplyMessage"><Id>1356016844571-27</Id><Topic><Title>My Ignorant Forecast</Title><Username>brainless_2004</Username><Timestamp>1355964370983</Timestamp><DateTime>Wed, 2012-12-19 19:46:10 EST</DateTime></Topic><Msg>way to go guys! refreshing to see a topic here about stock.</Msg><Username>ydkmatall</Username><Timestamp>1356016844571</Timestamp><DateTime>Thu, 2012-12-20 10:20:44 EST</DateTime><ThumbUp>0</ThumbUp><ThumbDown>0</ThumbDown><Sentiment/></Message><Message type="ReplyMessage"><Id>1356016853933-28</Id><Topic><Title>My Ignorant Forecast</Title><Username>brainless_2004</Username><Timestamp>1355964370983</Timestamp><DateTime>Wed, 2012-12-19 19:46:10 EST</DateTime></Topic><Msg>way to go guys! refreshing to see a topic here about stock.</Msg><Username>ydkmatall</Username><Timestamp>1356016853933</Timestamp><DateTime>Thu, 2012-12-20 10:20:53 EST</DateTime><ThumbUp>0</ThumbUp><ThumbDown>0</ThumbDown><Sentiment/></Message><Message type="ReplyMessage"><Id>1356017138009-29</Id><Topic><Title>Yahoo can't fix their message boards, why would i invest</Title><Username>natgasgoingdown</Username><Timestamp>1356011031196</Timestamp><DateTime>Thu, 2012-12-20 08:43:51 EST</DateTime></Topic><Msg>Error while retrieving the data (Error Code: MBHo_500_1MBBa_INVALID_STATUS)</Msg><Username>extractofhuman</Username><Timestamp>1356017138009</Timestamp><DateTime>Thu, 2012-12-20 10:25:38 EST</DateTime><ThumbUp>0</ThumbUp><ThumbDown>0</ThumbDown><Sentiment/></Message><Message type="TopicMessage"><Id>1356017289064-30</Id><Title>Msg. board test...............</Title><Msg>Test...............</Msg><Username>jbooooie</Username><Timestamp>1356017289064</Timestamp><DateTime>Thu, 2012-12-20 10:28:09 EST</DateTime><ThumbUp>0</ThumbUp><ThumbDown>0</ThumbDown><Sentiment>Strong Buy</Sentiment></Message><Message type="TopicMessage"><Id>1356017336873-31</Id><Title>Hey, ignorant wing nuts, you do realize the election is over and.....</Title><Msg>...YOU LOST! No one-except the biased liars at Fox news and your fellow wing nuts like Rush and Drudge-even cares about Fast and F (started by Bush) or Bengazzi, etc. You just make fools of yourselves.</Msg><Username>mewag51</Username><Timestamp>1356017336873</Timestamp><DateTime>Thu, 2012-12-20 10:28:56 EST</DateTime><ThumbUp>0</ThumbUp><ThumbDown>0</ThumbDown><Sentiment/></Message><Message type="TopicMessage"><Id>1356018468162-32</Id><Title>Yahoo is screwed up today</Title><Msg>whats up....................</Msg><Username>usagary1</Username><Timestamp>1356018468162</Timestamp><DateTime>Thu, 2012-12-20 10:47:48 EST</DateTime><ThumbUp>4</ThumbUp><ThumbDown>0</ThumbDown><Sentiment/></Message><Message type="ReplyMessage"><Id>1356018861334-33</Id><Topic><Title>Yahoo is screwed up today</Title><Username>usagary1</Username><Timestamp>1356018468162</Timestamp><DateTime>Thu, 2012-12-20 10:47:48 EST</DateTime></Topic><Msg>Error while retrieving the data (Error Code: MBHo_500_1MBBa_INVALID_STATUS)</Msg><Username>extractofhuman</Username><Timestamp>1356018861334</Timestamp><DateTime>Thu, 2012-12-20 10:54:21 EST</DateTime><ThumbUp>2</ThumbUp><ThumbDown>0</ThumbDown><Sentiment>Hold</Sentiment></Message><Message type="ReplyMessage"><Id>1356018893761-34</Id><Topic><Title>My Yahoo mail hacked along with others off topic</Title><Username>lotahype44</Username><Timestamp>1356016129260</Timestamp><DateTime>Thu, 2012-12-20 10:08:49 EST</DateTime></Topic><Msg>Also I pay for the email service and there is no way to complain that I can find, a lot of "loops" in help systems</Msg><Username>lotahype44</Username><Timestamp>1356018893761</Timestamp><DateTime>Thu, 2012-12-20 10:54:53 EST</DateTime><ThumbUp>0</ThumbUp><ThumbDown>0</ThumbDown><Sentiment/></Message><Message type="ReplyMessage"><Id>1356019022978-35</Id><Topic><Title>Msg. board test...............</Title><Username>jbooooie</Username><Timestamp>1356017289064</Timestamp><DateTime>Thu, 2012-12-20 10:28:09 EST</DateTime></Topic><Msg>Error while retrieving the data (Error Code: MBHo_500_1MBBa_INVALID_STATUS)</Msg><Username>extractofhuman</Username><Timestamp>1356019022978</Timestamp><DateTime>Thu, 2012-12-20 10:57:02 EST</DateTime><ThumbUp>0</ThumbUp><ThumbDown>0</ThumbDown><Sentiment>Hold</Sentiment></Message><Message type="ReplyMessage"><Id>1356019541014-36</Id><Topic><Title>Hey, ignorant wing nuts, you do realize the election is over and.....</Title><Username>mewag51</Username><Timestamp>1356017336873</Timestamp><DateTime>Thu, 2012-12-20 10:28:56 EST</DateTime></Topic><Msg>Another Angry Liberal who has been caught telling LIES and he now says these issues aren't important to him so he just wants to change the topic. Why did he respond to this topic if they are so unimportant? Why is he so ANGRY? Facts are hard things, that is why conservatives like facts. Emotions are easy things, that is why Liberals like them. Emotions allow a person to hold conflicting opinions about related topics. Such as Women should have access to the morning after pill sold over the counter, but birth control pills should not be sold over the counter? That seems awfully strange and conflicted, but it is the opinion of the Democratic party. Yet women support this party even while it controls women's access to birth control by requiring them to repeatedly visit a physician and discuss their sexual behaviors. That is why Democrats want birth control covered by insurance, when if the pill was sold over the counter the cost would be very reasonable. But then I am using hard logic which a Liberal can't follow because logic wipes away emotion and Liberals can only react / respond emotionally.</Msg><Username>stosmond</Username><Timestamp>1356019541014</Timestamp><DateTime>Thu, 2012-12-20 11:05:41 EST</DateTime><ThumbUp>0</ThumbUp><ThumbDown>0</ThumbDown><Sentiment/></Message><Message type="ReplyMessage"><Id>1356020522998-37</Id><Topic><Title>Yahoo can't fix their message boards, why would i invest</Title><Username>natgasgoingdown</Username><Timestamp>1356011031196</Timestamp><DateTime>Thu, 2012-12-20 08:43:51 EST</DateTime></Topic><Msg>occuring on most threads they are incompetent or it is deliberate. problems always occur during week of options expiration</Msg><Username>sick_ofthe_system</Username><Timestamp>1356020522998</Timestamp><DateTime>Thu, 2012-12-20 11:22:02 EST</DateTime><ThumbUp>0</ThumbUp><ThumbDown>0</ThumbDown><Sentiment/></Message><Message type="TopicMessage"><Id>1356020657714-38</Id><Title>Message board messup big time</Title><Msg>I tried to reply to a message here and "get failed to post" there always seems to be major problems during options expiration week</Msg><Username>sick_ofthe_system</Username><Timestamp>1356020657714</Timestamp><DateTime>Thu, 2012-12-20 11:24:17 EST</DateTime><ThumbUp>2</ThumbUp><ThumbDown>0</ThumbDown><Sentiment/></Message><Message type="TopicMessage"><Id>1356020873964-39</Id><Title>write business insider, tell them to cover yhoo technologica screw ups mssg boards</Title><Msg>this co has no biz trying to pose as up and comer when it can't even run a simple set of message boards! not only that but they worked great until they started "improving" them!</Msg><Username>natgasgoingdown</Username><Timestamp>1356020873964</Timestamp><DateTime>Thu, 2012-12-20 11:27:53 EST</DateTime><ThumbUp>0</ThumbUp><ThumbDown>0</ThumbDown><Sentiment/></Message><Message type="TopicMessage"><Id>1356020888994-40</Id><Title>write business insider, tell them to cover yhoo technologica screw ups mssg boards</Title><Msg>this co has no biz trying to pose as up and comer when it can't even run a simple set of message boards! not only that but they worked great until they started "improving" them!</Msg><Username>natgasgoingdown</Username><Timestamp>1356020888994</Timestamp><DateTime>Thu, 2012-12-20 11:28:08 EST</DateTime><ThumbUp>3</ThumbUp><ThumbDown>1</ThumbDown><Sentiment/></Message><Message type="ReplyMessage"><Id>1356020955177-41</Id><Topic><Title>Message board messup big time</Title><Username>sick_ofthe_system</Username><Timestamp>1356020657714</Timestamp><DateTime>Thu, 2012-12-20 11:24:17 EST</DateTime></Topic><Msg>took several tries to be able to post that could not post as new topic sick of this &amp;*)&amp;*(&amp;</Msg><Username>natgasgoingdown</Username><Timestamp>1356020955177</Timestamp><DateTime>Thu, 2012-12-20 11:29:15 EST</DateTime><ThumbUp>2</ThumbUp><ThumbDown>0</ThumbDown><Sentiment/></Message><Message type="TopicMessage"><Id>1356021790946-42</Id><Title>YAHOO Upgrading database?</Title><Msg>What's up with the database of Yahoo today?</Msg><Username>randywms55</Username><Timestamp>1356021790946</Timestamp><DateTime>Thu, 2012-12-20 11:43:10 EST</DateTime><ThumbUp>3</ThumbUp><ThumbDown>0</ThumbDown><Sentiment/></Message><Message type="TopicMessage"><Id>1356021796941-43</Id><Title>What has the CEO done besides Fubar the message boards?</Title><Msg>Spam is still all over the boards, the boards are FUBAR and when will the stock reflect the impotence ?</Msg><Username>dabrogg</Username><Timestamp>1356021796941</Timestamp><DateTime>Thu, 2012-12-20 11:43:16 EST</DateTime><ThumbUp>2</ThumbUp><ThumbDown>0</ThumbDown><Sentiment/></Message><Message type="ReplyMessage"><Id>1356022011415-44</Id><Topic><Title>Tremendous Improvement for YHOO . **MUST SEE**</Title><Username>pricebarbara66</Username><Timestamp>1356005767544</Timestamp><DateTime>Thu, 2012-12-20 07:16:07 EST</DateTime></Topic><Msg>we shall see</Msg><Username>josedavis30</Username><Timestamp>1356022011415</Timestamp><DateTime>Thu, 2012-12-20 11:46:51 EST</DateTime><ThumbUp>0</ThumbUp><ThumbDown>0</ThumbDown><Sentiment>Hold</Sentiment></Message><Message type="ReplyMessage"><Id>1356023131127-45</Id><Topic><Title>YAHOO Upgrading database?</Title><Username>randywms55</Username><Timestamp>1356021790946</Timestamp><DateTime>Thu, 2012-12-20 11:43:10 EST</DateTime></Topic><Msg>just the usual screw up when they change anything!</Msg><Username>sgiseller</Username><Timestamp>1356023131127</Timestamp><DateTime>Thu, 2012-12-20 12:05:31 EST</DateTime><ThumbUp>1</ThumbUp><ThumbDown>0</ThumbDown><Sentiment/></Message><Message type="ReplyMessage"><Id>1356024029589-46</Id><Topic><Title>Guidance, $3B Buyback, 24% Alibaba Group, 35% Yahoo! Japan, Marissa Mayer...</Title><Username>co1done</Username><Timestamp>1355930874801</Timestamp><DateTime>Wed, 2012-12-19 10:27:54 EST</DateTime></Topic><Msg>Yahoo will do the majority of the buyback in 2013.</Msg><Username>smedleypuddles</Username><Timestamp>1356024029589</Timestamp><DateTime>Thu, 2012-12-20 12:20:29 EST</DateTime><ThumbUp>2</ThumbUp><ThumbDown>0</ThumbDown><Sentiment/></Message><Message type="ReplyMessage"><Id>1356024255103-47</Id><Topic><Title>Hotmodel said Yahoo was dead money at $15.80 about 2 months ago, Yahoo is now $19.70!</Title><Username>nanobot8042</Username><Timestamp>1355843835790</Timestamp><DateTime>Tue, 2012-12-18 10:17:15 EST</DateTime></Topic><Msg>Coldone made a fool of basketmodel.</Msg><Username>nanobot8042</Username><Timestamp>1356024255103</Timestamp><DateTime>Thu, 2012-12-20 12:24:15 EST</DateTime><ThumbUp>0</ThumbUp><ThumbDown>0</ThumbDown><Sentiment/></Message><Message type="ReplyMessage"><Id>1356024337111-48</Id><Topic><Title>Hotmodel - Do you still think Yahoo was dead money at $15.80?</Title><Username>theecoldone</Username><Timestamp>1354722516724</Timestamp><DateTime>Wed, 2012-12-05 10:48:36 EST</DateTime></Topic><Msg>Another day and still no answer from cowardmodel.</Msg><Username>nanobot8042</Username><Timestamp>1356024337111</Timestamp><DateTime>Thu, 2012-12-20 12:25:37 EST</DateTime><ThumbUp>1</ThumbUp><ThumbDown>2</ThumbDown><Sentiment/></Message><Message type="ReplyMessage"><Id>1356024403610-49</Id><Topic><Title>Game Over at $20</Title><Username>co1done</Username><Timestamp>1355523426392</Timestamp><DateTime>Fri, 2012-12-14 17:17:06 EST</DateTime></Topic><Msg>Another snotmodel alias.</Msg><Username>nanobot8042</Username><Timestamp>1356024403610</Timestamp><DateTime>Thu, 2012-12-20 12:26:43 EST</DateTime><ThumbUp>2</ThumbUp><ThumbDown>4</ThumbDown><Sentiment/></Message><Message type="ReplyMessage"><Id>1356025035466-50</Id><Topic><Title>Yahoo Is A Value Dream</Title><Username>thetoadtimes</Username><Timestamp>1355936161529</Timestamp><DateTime>Wed, 2012-12-19 11:56:01 EST</DateTime></Topic><Msg>Yahoo is on its way to $20.</Msg><Username>bflathalfdim</Username><Timestamp>1356025035466</Timestamp><DateTime>Thu, 2012-12-20 12:37:15 EST</DateTime><ThumbUp>0</ThumbUp><ThumbDown>0</ThumbDown><Sentiment/></Message><Message type="ReplyMessage"><Id>1356025103287-51</Id><Topic><Title>What is 35% of Yahoo! Japan and 24% of Alibaba Group worth?</Title><Username>co1done</Username><Timestamp>1355445811263</Timestamp><DateTime>Thu, 2012-12-13 19:43:31 EST</DateTime></Topic><Msg>$26 billion now $34 billion later</Msg><Username>nanobot8042</Username><Timestamp>1356025103287</Timestamp><DateTime>Thu, 2012-12-20 12:38:23 EST</DateTime><ThumbUp>2</ThumbUp><ThumbDown>5</ThumbDown><Sentiment/></Message><Message type="ReplyMessage"><Id>1356025148170-52</Id><Topic><Title>Goldman Price target For Yahoo Raised to $24</Title><Username>getty4422</Username><Timestamp>1355503706538</Timestamp><DateTime>Fri, 2012-12-14 11:48:26 EST</DateTime></Topic><Msg>Yahoo should be $24 by their first quarter earnings report.</Msg><Username>smedleypuddles</Username><Timestamp>1356025148170</Timestamp><DateTime>Thu, 2012-12-20 12:39:08 EST</DateTime><ThumbUp>2</ThumbUp><ThumbDown>1</ThumbDown><Sentiment/></Message><Message type="ReplyMessage"><Id>1356025201895-53</Id><Topic><Title>Yahoo up $4/share since hotmodel said Yahoo was dead money in October</Title><Username>nanobot8042</Username><Timestamp>1355845248143</Timestamp><DateTime>Tue, 2012-12-18 10:40:48 EST</DateTime></Topic><Msg>Coldone has made me rich.</Msg><Username>smedleypuddles</Username><Timestamp>1356025201895</Timestamp><DateTime>Thu, 2012-12-20 12:40:01 EST</DateTime><ThumbUp>1</ThumbUp><ThumbDown>0</ThumbDown><Sentiment/></Message><Message type="ReplyMessage"><Id>1356025313565-54</Id><Topic><Title>Pick the date that Yahoo will hit $20</Title><Username>spilerpep</Username><Timestamp>1354915010707</Timestamp><DateTime>Fri, 2012-12-07 16:16:50 EST</DateTime></Topic><Msg>This is getting interesting.</Msg><Username>bflathalfdim</Username><Timestamp>1356025313565</Timestamp><DateTime>Thu, 2012-12-20 12:41:53 EST</DateTime><ThumbUp>2</ThumbUp><ThumbDown>0</ThumbDown><Sentiment/></Message><Message type="TopicMessage"><Id>1356025656821-55</Id><Title>$heff IS NOW OUT OF FOLD...</Title><Msg>Guess it is game over.</Msg><Username>black_dumba4_you</Username><Timestamp>1356025656821</Timestamp><DateTime>Thu, 2012-12-20 12:47:36 EST</DateTime><ThumbUp>0</ThumbUp><ThumbDown>0</ThumbDown><Sentiment>Strong Sell</Sentiment></Message><Message type="ReplyMessage"><Id>1356025837839-56</Id><Topic><Title>Hotmodel said Yahoo was dead money at $15.80 about 2 months ago, Yahoo is now $19.70!</Title><Username>nanobot8042</Username><Timestamp>1355843835790</Timestamp><DateTime>Tue, 2012-12-18 10:17:15 EST</DateTime></Topic><Msg>basketmodel! hahahaha!!! An attention starved stalker.</Msg><Username>smedleypuddles</Username><Timestamp>1356025837839</Timestamp><DateTime>Thu, 2012-12-20 12:50:37 EST</DateTime><ThumbUp>0</ThumbUp><ThumbDown>0</ThumbDown><Sentiment/></Message><Message type="ReplyMessage"><Id>1356026350005-57</Id><Topic><Title>Yahoo P/E low at 6.05</Title><Username>thetoadtimes</Username><Timestamp>1355764832296</Timestamp><DateTime>Mon, 2012-12-17 12:20:32 EST</DateTime></Topic><Msg>All the shorts have covered. They lost all thier money and are left to walk in limbo on the Yahoo message board.</Msg><Username>theco1done</Username><Timestamp>1356026350005</Timestamp><DateTime>Thu, 2012-12-20 12:59:10 EST</DateTime><ThumbUp>1</ThumbUp><ThumbDown>1</ThumbDown><Sentiment/></Message><Message type="ReplyMessage"><Id>1356026389239-58</Id><Topic><Title>$20 in 2012...</Title><Username>split29_2005</Username><Timestamp>1325280091000</Timestamp><DateTime>Fri, 2011-12-30 16:21:31 EST</DateTime></Topic><Msg>split29 gets burnt. split is another snotmodel alias...</Msg><Username>theco1done</Username><Timestamp>1356026389239</Timestamp><DateTime>Thu, 2012-12-20 12:59:49 EST</DateTime><ThumbUp>0</ThumbUp><ThumbDown>2</ThumbDown><Sentiment/></Message><Message type="ReplyMessage"><Id>1356026478977-59</Id><Topic><Title>The US Government Just Gave Alibaba The Green Light to IPO, Helping Yahoo</Title><Username>getty4422</Username><Timestamp>1355519053495</Timestamp><DateTime>Fri, 2012-12-14 16:04:13 EST</DateTime></Topic><Msg>Alibaba is clear to go public earlier than expected.</Msg><Username>savior2911</Username><Timestamp>1356026478977</Timestamp><DateTime>Thu, 2012-12-20 13:01:18 EST</DateTime><ThumbUp>0</ThumbUp><ThumbDown>0</ThumbDown><Sentiment/></Message><Message type="ReplyMessage"><Id>1356026486161-60</Id><Topic><Title>The US Government Just Gave Alibaba The Green Light to IPO, Helping Yahoo</Title><Username>getty4422</Username><Timestamp>1355519053495</Timestamp><DateTime>Fri, 2012-12-14 16:04:13 EST</DateTime></Topic><Msg>Alibaba is clear to go public earlier than expected.</Msg><Username>savior2911</Username><Timestamp>1356026486161</Timestamp><DateTime>Thu, 2012-12-20 13:01:26 EST</DateTime><ThumbUp>0</ThumbUp><ThumbDown>0</ThumbDown><Sentiment/></Message><Message type="ReplyMessage"><Id>1356026499527-61</Id><Topic><Title>The US Government Just Gave Alibaba The Green Light to IPO, Helping Yahoo</Title><Username>getty4422</Username><Timestamp>1355519053495</Timestamp><DateTime>Fri, 2012-12-14 16:04:13 EST</DateTime></Topic><Msg>Alibaba is clear to go public earlier than expected.</Msg><Username>savior2911</Username><Timestamp>1356026499527</Timestamp><DateTime>Thu, 2012-12-20 13:01:39 EST</DateTime><ThumbUp>0</ThumbUp><ThumbDown>0</ThumbDown><Sentiment/></Message><Message type="ReplyMessage"><Id>1356026517765-62</Id><Topic><Title>The US Government Just Gave Alibaba The Green Light to IPO, Helping Yahoo</Title><Username>getty4422</Username><Timestamp>1355519053495</Timestamp><DateTime>Fri, 2012-12-14 16:04:13 EST</DateTime></Topic><Msg>Alibaba is clear to go public earlier than expected.</Msg><Username>savior2911</Username><Timestamp>1356026517765</Timestamp><DateTime>Thu, 2012-12-20 13:01:57 EST</DateTime><ThumbUp>0</ThumbUp><ThumbDown>0</ThumbDown><Sentiment/></Message><Message type="ReplyMessage"><Id>1356026725095-63</Id><Topic><Title>The US Government Just Gave Alibaba The Green Light to IPO, Helping Yahoo</Title><Username>getty4422</Username><Timestamp>1355519053495</Timestamp><DateTime>Fri, 2012-12-14 16:04:13 EST</DateTime></Topic><Msg>Alibaba is clear to go public earlier than expected.</Msg><Username>savior2911</Username><Timestamp>1356026725095</Timestamp><DateTime>Thu, 2012-12-20 13:05:25 EST</DateTime><ThumbUp>0</ThumbUp><ThumbDown>0</ThumbDown><Sentiment/></Message><Message type="ReplyMessage"><Id>1356027810589-64</Id><Topic><Title>Tremendous Improvement for YHOO . **MUST SEE**</Title><Username>pricebarbara66</Username><Timestamp>1356005767544</Timestamp><DateTime>Thu, 2012-12-20 07:16:07 EST</DateTime></Topic><Msg>will zoom a bit tomorrow too</Msg><Username>robertwidman337</Username><Timestamp>1356027810589</Timestamp><DateTime>Thu, 2012-12-20 13:23:30 EST</DateTime><ThumbUp>0</ThumbUp><ThumbDown>0</ThumbDown><Sentiment>Hold</Sentiment></Message><Message type="ReplyMessage"><Id>1356028156022-65</Id><Topic><Title>YAHOO Upgrading database?</Title><Username>randywms55</Username><Timestamp>1356021790946</Timestamp><DateTime>Thu, 2012-12-20 11:43:10 EST</DateTime></Topic><Msg>Ya, upgrading. From useless to useleser.</Msg><Username>bobszmuda</Username><Timestamp>1356028156022</Timestamp><DateTime>Thu, 2012-12-20 13:29:16 EST</DateTime><ThumbUp>0</ThumbUp><ThumbDown>0</ThumbDown><Sentiment/></Message><Message type="TopicMessage"><Id>1356030477850-66</Id><Title>YAHELL.....FIX YOUR G-D'd MESSAGE BOARDS</Title><Msg>YOU USELESS TARDS !!</Msg><Username>deepsub5</Username><Timestamp>1356030477850</Timestamp><DateTime>Thu, 2012-12-20 14:07:57 EST</DateTime><ThumbUp>2</ThumbUp><ThumbDown>0</ThumbDown><Sentiment/></Message><Message type="TopicMessage"><Id>1356030663137-67</Id><Title>Great boards if you like wasting your time</Title><Msg>Notice the feed back message is missing from bottom of page? Error while retrieving the data (Error Code: MBHo_500_2MBBa_INVALID_STATUS)</Msg><Username>kodyscorner</Username><Timestamp>1356030663137</Timestamp><DateTime>Thu, 2012-12-20 14:11:03 EST</DateTime><ThumbUp>3</ThumbUp><ThumbDown>0</ThumbDown><Sentiment/></Message><Message type="ReplyMessage"><Id>1356033129901-68</Id><Topic><Title>YAHELL.....FIX YOUR G-D'd MESSAGE BOARDS</Title><Username>deepsub5</Username><Timestamp>1356030477850</Timestamp><DateTime>Thu, 2012-12-20 14:07:57 EST</DateTime></Topic><Msg>Its not just the boards that are screwed up. Mail is down - I can't send emails. the freaking systems will not stay connected and there is no recourse from yahoo, their help system is screwed even for paying customers. seems they would make an acknowledgement.</Msg><Username>lotahype44</Username><Timestamp>1356033129901</Timestamp><DateTime>Thu, 2012-12-20 14:52:09 EST</DateTime><ThumbUp>2</ThumbUp><ThumbDown>1</ThumbDown><Sentiment/></Message><Message type="ReplyMessage"><Id>1356033235344-69</Id><Topic><Title>YAHELL.....FIX YOUR G-D'd MESSAGE BOARDS</Title><Username>deepsub5</Username><Timestamp>1356030477850</Timestamp><DateTime>Thu, 2012-12-20 14:07:57 EST</DateTime></Topic><Msg>Team is currently working on to stabilize system. Apology for inconvenience.</Msg><Username>ugcteam</Username><Timestamp>1356033235344</Timestamp><DateTime>Thu, 2012-12-20 14:53:55 EST</DateTime><ThumbUp>1</ThumbUp><ThumbDown>2</ThumbDown><Sentiment/></Message><Message type="ReplyMessage"><Id>1356033340092-70</Id><Topic><Title>Great boards if you like wasting your time</Title><Username>kodyscorner</Username><Timestamp>1356030663137</Timestamp><DateTime>Thu, 2012-12-20 14:11:03 EST</DateTime></Topic><Msg>We are aware of issue, team is currently working on to stabilize system. Apology for inconvenience caused.</Msg><Username>ugcteam</Username><Timestamp>1356033340092</Timestamp><DateTime>Thu, 2012-12-20 14:55:40 EST</DateTime><ThumbUp>0</ThumbUp><ThumbDown>1</ThumbDown><Sentiment/></Message><Message type="ReplyMessage"><Id>1356033725855-71</Id><Topic><Title>Pick the date that Yahoo will hit $20</Title><Username>spilerpep</Username><Timestamp>1354915010707</Timestamp><DateTime>Fri, 2012-12-07 16:16:50 EST</DateTime></Topic><Msg>Fri.12/21/12 $47 12/27/13</Msg><Username>leestoller</Username><Timestamp>1356033725855</Timestamp><DateTime>Thu, 2012-12-20 15:02:05 EST</DateTime><ThumbUp>1</ThumbUp><ThumbDown>2</ThumbDown><Sentiment>Strong Buy</Sentiment></Message><Message type="ReplyMessage"><Id>1356033734632-72</Id><Topic><Title>YAHOO Upgrading database?</Title><Username>randywms55</Username><Timestamp>1356021790946</Timestamp><DateTime>Thu, 2012-12-20 11:43:10 EST</DateTime></Topic><Msg>Saw an update on another thread that they are working to stabilize the system.</Msg><Username>satpot1</Username><Timestamp>1356033734632</Timestamp><DateTime>Thu, 2012-12-20 15:02:14 EST</DateTime><ThumbUp>0</ThumbUp><ThumbDown>0</ThumbDown><Sentiment/></Message><Message type="TopicMessage"><Id>1356035230368-73</Id><Title>YHOO Finance still is AWFUL</Title><Msg>a freakin disgrace</Msg><Username>dr_ooopha</Username><Timestamp>1356035230368</Timestamp><DateTime>Thu, 2012-12-20 15:27:10 EST</DateTime><ThumbUp>3</ThumbUp><ThumbDown>1</ThumbDown><Sentiment/></Message><Message type="ReplyMessage"><Id>1356036554644-74</Id><Topic><Title>Guidance, $3B Buyback, 24% Alibaba Group, 35% Yahoo! Japan, Marissa Mayer...</Title><Username>co1done</Username><Timestamp>1355930874801</Timestamp><DateTime>Wed, 2012-12-19 10:27:54 EST</DateTime></Topic><Msg>Yahoo wants to close at a new high today.</Msg><Username>smedleypuddles</Username><Timestamp>1356036554644</Timestamp><DateTime>Thu, 2012-12-20 15:49:14 EST</DateTime><ThumbUp>2</ThumbUp><ThumbDown>3</ThumbDown><Sentiment/></Message><Message type="ReplyMessage"><Id>1356036626846-75</Id><Topic><Title>Yahoo Closes at New 4 Year High - $19.69</Title><Username>nanobot8042</Username><Timestamp>1355778118963</Timestamp><DateTime>Mon, 2012-12-17 16:01:58 EST</DateTime></Topic><Msg>Yahoo trying to close at new high.</Msg><Username>smedleypuddles</Username><Timestamp>1356036626846</Timestamp><DateTime>Thu, 2012-12-20 15:50:26 EST</DateTime><ThumbUp>0</ThumbUp><ThumbDown>0</ThumbDown><Sentiment/></Message><Message type="ReplyMessage"><Id>1356036873587-76</Id><Topic><Title>Pick the date that Yahoo will hit $20</Title><Username>spilerpep</Username><Timestamp>1354915010707</Timestamp><DateTime>Fri, 2012-12-07 16:16:50 EST</DateTime></Topic><Msg>hotmodel is leestoller. So pitiful.</Msg><Username>nanobot8042</Username><Timestamp>1356036873587</Timestamp><DateTime>Thu, 2012-12-20 15:54:33 EST</DateTime><ThumbUp>2</ThumbUp><ThumbDown>0</ThumbDown><Sentiment/></Message><Message type="ReplyMessage"><Id>1356037024733-77</Id><Topic><Title>Hotmodel said Yahoo was dead money at $15.80 about 2 months ago, Yahoo is now $19.70!</Title><Username>nanobot8042</Username><Timestamp>1355843835790</Timestamp><DateTime>Tue, 2012-12-18 10:17:15 EST</DateTime></Topic><Msg>hotmodel hides like a coward.</Msg><Username>nanobot8042</Username><Timestamp>1356037024733</Timestamp><DateTime>Thu, 2012-12-20 15:57:04 EST</DateTime><ThumbUp>0</ThumbUp><ThumbDown>0</ThumbDown><Sentiment/></Message><Message type="TopicMessage"><Id>1356037599206-78</Id><Title>Yahoo Closes at New 4 Year High - $19.70!</Title><Msg>Yahoo continues to close at new highs as shorts get beatch slapped.</Msg><Username>nanobot8042</Username><Timestamp>1356037599206</Timestamp><DateTime>Thu, 2012-12-20 16:06:39 EST</DateTime><ThumbUp>3</ThumbUp><ThumbDown>0</ThumbDown><Sentiment/></Message><Message type="ReplyMessage"><Id>1356037703375-79</Id><Topic><Title>Pick the date that Yahoo will hit $20</Title><Username>spilerpep</Username><Timestamp>1354915010707</Timestamp><DateTime>Fri, 2012-12-07 16:16:50 EST</DateTime></Topic><Msg>$19.70 four year high close today. Yahoo is ready to pop!</Msg><Username>nanobot8042</Username><Timestamp>1356037703375</Timestamp><DateTime>Thu, 2012-12-20 16:08:23 EST</DateTime><ThumbUp>2</ThumbUp><ThumbDown>1</ThumbDown><Sentiment/></Message><Message type="ReplyMessage"><Id>1356037921292-80</Id><Topic><Title>Yahoo up $4/share since hotmodel said Yahoo was dead money in October</Title><Username>nanobot8042</Username><Timestamp>1355845248143</Timestamp><DateTime>Tue, 2012-12-18 10:40:48 EST</DateTime></Topic><Msg>This was hotmodel's swan song. LOL!!!!!!!!</Msg><Username>nanobot8042</Username><Timestamp>1356037921292</Timestamp><DateTime>Thu, 2012-12-20 16:12:01 EST</DateTime><ThumbUp>2</ThumbUp><ThumbDown>0</ThumbDown><Sentiment/></Message><Message type="ReplyMessage"><Id>1356040647529-81</Id><Topic><Title>$20 in 2012...</Title><Username>split29_2005</Username><Timestamp>1325280091000</Timestamp><DateTime>Fri, 2011-12-30 16:21:31 EST</DateTime></Topic><Msg>We all know eith you , that COLDONE is a fraud as well as a simple minded JERK .</Msg><Username>A Yahoo! User</Username><Timestamp>1356040647529</Timestamp><DateTime>Thu, 2012-12-20 16:57:27 EST</DateTime><ThumbUp>0</ThumbUp><ThumbDown>2</ThumbDown><Sentiment/></Message><Message type="ReplyMessage"><Id>1356040943066-82</Id><Topic><Title>$20 in 2012...</Title><Username>split29_2005</Username><Timestamp>1325280091000</Timestamp><DateTime>Fri, 2011-12-30 16:21:31 EST</DateTime></Topic><Msg>Don't cry hotmodel. How's that Yahoo dead money at $15.80 working out for you? Ha!</Msg><Username>co1done</Username><Timestamp>1356040943066</Timestamp><DateTime>Thu, 2012-12-20 17:02:23 EST</DateTime><ThumbUp>0</ThumbUp><ThumbDown>0</ThumbDown><Sentiment/></Message><Message type="TopicMessage"><Id>1356041460672-83</Id><Title>1,000,000 share after hours trade today!</Title><Msg>16:40 $ 19.70 1,000,000 Not a bad day for at least two traders</Msg><Username>randywms55</Username><Timestamp>1356041460672</Timestamp><DateTime>Thu, 2012-12-20 17:11:00 EST</DateTime><ThumbUp>3</ThumbUp><ThumbDown>0</ThumbDown><Sentiment/></Message><Message type="ReplyMessage"><Id>1356041520501-84</Id><Topic><Title>Yahoo P/E low at 6.05</Title><Username>thetoadtimes</Username><Timestamp>1355764832296</Timestamp><DateTime>Mon, 2012-12-17 12:20:32 EST</DateTime></Topic><Msg>But then there are new shorts - - like me.</Msg><Username>ca_fatboy</Username><Timestamp>1356041520501</Timestamp><DateTime>Thu, 2012-12-20 17:12:00 EST</DateTime><ThumbUp>0</ThumbUp><ThumbDown>1</ThumbDown><Sentiment/></Message><Message type="TopicMessage"><Id>1356045297932-85</Id><Title>YHOO $100 PS by 2015</Title><Msg>YEP..</Msg><Username>view12347</Username><Timestamp>1356045297932</Timestamp><DateTime>Thu, 2012-12-20 18:14:57 EST</DateTime><ThumbUp>3</ThumbUp><ThumbDown>2</ThumbDown><Sentiment>Strong Buy</Sentiment></Message><Message type="ReplyMessage"><Id>1356048761906-86</Id><Topic><Title>Yahoo can't fix their message boards, why would i invest</Title><Username>natgasgoingdown</Username><Timestamp>1356011031196</Timestamp><DateTime>Thu, 2012-12-20 08:43:51 EST</DateTime></Topic><Msg>i cant even respond to a email.</Msg><Username>rbg5r</Username><Timestamp>1356048761906</Timestamp><DateTime>Thu, 2012-12-20 19:12:41 EST</DateTime><ThumbUp>0</ThumbUp><ThumbDown>0</ThumbDown><Sentiment/></Message><Message type="ReplyMessage"><Id>1356049732398-87</Id><Topic><Title>My Ignorant Forecast</Title><Username>brainless_2004</Username><Timestamp>1355964370983</Timestamp><DateTime>Wed, 2012-12-19 19:46:10 EST</DateTime></Topic><Msg>Today the volume was higher. But, it seems that the bears are not even trying to lower it to the $19. The options will expire without a down push, or are they trying and is not moving? If they are trying and is not moving, it could go to $21 next week, after expiration day. What do you think?</Msg><Username>brainless_2004</Username><Timestamp>1356049732398</Timestamp><DateTime>Thu, 2012-12-20 19:28:52 EST</DateTime><ThumbUp>0</ThumbUp><ThumbDown>0</ThumbDown><Sentiment>Strong Buy</Sentiment></Message><Message type="ReplyMessage"><Id>1356050604124-88</Id><Topic><Title>My Ignorant Forecast</Title><Username>brainless_2004</Username><Timestamp>1355964370983</Timestamp><DateTime>Wed, 2012-12-19 19:46:10 EST</DateTime></Topic><Msg>Yeah, the volume has been anemic lately, so interesting that today was back to average. It was an odd day in general. The market is on pins and needle spending every second trying to anticipate what the politicians will say each day about the fiscal cliff. I think today's reaction was mostly about Grover N. letting the republican's off the hook to vote to exclude people making X from the extention of the tax cuts. But every day the market is just tracking what was said - with that much volatility in day to day trading, it's hard to know what will hapen. I honestly think that there is just too litle open interest to heavily steer price action. The open interest at $19 is only about 10% of the daily volume. I just don't think options are driving price action in Yahoo this quarter. There could be a bit of downward pressure on Yahoo tomorrow, but I wouldn't expect any significant movement based on options expiry. But that's just my guess.</Msg><Username>ca_fatboy</Username><Timestamp>1356050604124</Timestamp><DateTime>Thu, 2012-12-20 19:43:24 EST</DateTime><ThumbUp>0</ThumbUp><ThumbDown>1</ThumbDown><Sentiment/></Message><Message type="ReplyMessage"><Id>1356051418511-89</Id><Topic><Title>Pick the date that Yahoo will hit $20</Title><Username>spilerpep</Username><Timestamp>1354915010707</Timestamp><DateTime>Fri, 2012-12-07 16:16:50 EST</DateTime></Topic><Msg>framertilmin, lexi, split29, grey, dr.gloom, hotmodel, lmao, dominik, ydk. pearl, michan, ally, miket anydowners all gone. the new aliases are useless. Game over!</Msg><Username>co1done</Username><Timestamp>1356051418511</Timestamp><DateTime>Thu, 2012-12-20 19:56:58 EST</DateTime><ThumbUp>2</ThumbUp><ThumbDown>4</ThumbDown><Sentiment/></Message><Message type="ReplyMessage"><Id>1356054417565-90</Id><Topic><Title>My Ignorant Forecast</Title><Username>brainless_2004</Username><Timestamp>1355964370983</Timestamp><DateTime>Wed, 2012-12-19 19:46:10 EST</DateTime></Topic><Msg>Whoa - what did I miss? Anyone see the futures?</Msg><Username>ca_fatboy</Username><Timestamp>1356054417565</Timestamp><DateTime>Thu, 2012-12-20 20:46:57 EST</DateTime><ThumbUp>0</ThumbUp><ThumbDown>0</ThumbDown><Sentiment/></Message><Message type="TopicMessage"><Id>1356054718731-91</Id><Title>wall street is losing patience?</Title><Msg>ouch! Obama and GOP enough gamesgames!</Msg><Username>brainless_2004</Username><Timestamp>1356054718731</Timestamp><DateTime>Thu, 2012-12-20 20:51:58 EST</DateTime><ThumbUp>0</ThumbUp><ThumbDown>0</ThumbDown><Sentiment>Strong Buy</Sentiment></Message><Message type="ReplyMessage"><Id>1356056104034-92</Id><Topic><Title>Yahoo can't fix their message boards, why would i invest</Title><Username>natgasgoingdown</Username><Timestamp>1356011031196</Timestamp><DateTime>Thu, 2012-12-20 08:43:51 EST</DateTime></Topic><Msg>why do you contuinue to be on yahoo ....go to google finance !!!! lolololol</Msg><Username>runnx3344</Username><Timestamp>1356056104034</Timestamp><DateTime>Thu, 2012-12-20 21:15:04 EST</DateTime><ThumbUp>0</ThumbUp><ThumbDown>0</ThumbDown><Sentiment/></Message><Message type="TopicMessage"><Id>1356056353148-93</Id><Title>YHOO $45 in 2013 – here's why</Title><Msg>Only positive media coverage, over exuberance wll make YHOO overshoot to $45 Most stock gurus say YHOO will be a winner in 2013 U cant deny Marissa Mayer is a darling of Wall Street - I dont know why other than shes prettty Last October, Jim Cramer said buy YHOO Eric Jackson explained how YHOO gets to $40. AOL tripled in 2012 from $13 to $43 and nobody saw that happening. YHOO is a momentum stock and they all go crazy to the upside</Msg><Username>johnjonn31</Username><Timestamp>1356056353148</Timestamp><DateTime>Thu, 2012-12-20 21:19:13 EST</DateTime><ThumbUp>1</ThumbUp><ThumbDown>0</ThumbDown><Sentiment/></Message><Message type="ReplyMessage"><Id>1356056487787-94</Id><Topic><Title>My Ignorant Forecast</Title><Username>brainless_2004</Username><Timestamp>1355964370983</Timestamp><DateTime>Wed, 2012-12-19 19:46:10 EST</DateTime></Topic><Msg>I do not foresee correction on YHOO in the near-term. First argument is that YHOO uptrend movements is very, very very gradual. Plus going forward YHOO has many positive issues that protect from the downside such as amticipated upcoming Alibaba IPO probably mid next year with possible announcement in 1Q and possible bigtime surprise news of YHOO and YHOO Japan deal. In addition, small positive news such as signed partnership, Flickr major revamped improvements and continuation of shares buyback from previous share buyback program are helping YHOO to sustain his upward movements. In fairness to your comments, I see a "minor" share correction if YHOO didnot meet analysts consensus estimates for their 4Q report next month. However, I expect YHOO to beat analysts revenue and earnings estimates.</Msg><Username>goingbravo</Username><Timestamp>1356056487787</Timestamp><DateTime>Thu, 2012-12-20 21:21:27 EST</DateTime><ThumbUp>0</ThumbUp><ThumbDown>0</ThumbDown><Sentiment>Strong Buy</Sentiment></Message><Message type="ReplyMessage"><Id>1356057172778-95</Id><Topic><Title>wall street is losing patience?</Title><Username>brainless_2004</Username><Timestamp>1356054718731</Timestamp><DateTime>Thu, 2012-12-20 20:51:58 EST</DateTime></Topic><Msg>Yes we lost patience. Futures down lock limit. I hope everyone bought their puts. DOWlikely to plummet 500 points tomorrow. Futures indicate a lock limit down open at this point. How low we go is anyones guess. Looks like taxes are going up bigtime. Congress has walked away from discussions. They can't agree and are most likely done until Obamas inagauguration. I hope everyone who voted for Obama is happy with his results so far!!.LOL</Msg><Username>dickey_betts44</Username><Timestamp>1356057172778</Timestamp><DateTime>Thu, 2012-12-20 21:32:52 EST</DateTime><ThumbUp>0</ThumbUp><ThumbDown>1</ThumbDown><Sentiment/></Message><Message type="TopicMessage"><Id>1356057389451-96</Id><Title>Futures down lock limit right now. Fiscal Cliff a reality now/ Congress has disbanded and is in turmoil</Title><Msg>I hope everyone who voted for Obama is happy with his work so far....LOL Looks like Black Friday. Never in history have taxes gone up as much in 1 year as they are going up Jan 1st 2013. Christmas Break is here and they have adjourned. Sounds like they gave up. Obama seems happy that the Cliff is now a reality.</Msg><Username>dickey_betts44</Username><Timestamp>1356057389451</Timestamp><DateTime>Thu, 2012-12-20 21:36:29 EST</DateTime><ThumbUp>3</ThumbUp><ThumbDown>3</ThumbDown><Sentiment/></Message><Message type="TopicMessage"><Id>1356057494862-97</Id><Title>YHOO to $16. How you ask???</Title><Msg>Fiscal Cliff my dear Watson!!! Obama 2012! You asked for it......YOU GOT IT!!</Msg><Username>dickey_betts44</Username><Timestamp>1356057494862</Timestamp><DateTime>Thu, 2012-12-20 21:38:14 EST</DateTime><ThumbUp>0</ThumbUp><ThumbDown>1</ThumbDown><Sentiment/></Message><Message type="TopicMessage"><Id>1356057596401-98</Id><Title>OBAMA THE FISCAL CLIFF BLOOD IS ON HIS HANDS YOU ASKED FOR HIM.......YOU GOT HIM!!!</Title><Msg>Down we go!</Msg><Username>dickey_betts44</Username><Timestamp>1356057596401</Timestamp><DateTime>Thu, 2012-12-20 21:39:56 EST</DateTime><ThumbUp>3</ThumbUp><ThumbDown>0</ThumbDown><Sentiment/></Message><Message type="ReplyMessage"><Id>1356058102112-99</Id><Topic><Title>My Ignorant Forecast</Title><Username>brainless_2004</Username><Timestamp>1355964370983</Timestamp><DateTime>Wed, 2012-12-19 19:46:10 EST</DateTime></Topic><Msg>Plan B didn't go to a vote so odds are increasing of going over the fiscal cliff. They're all currently playing the blame game instead of getting stuff done for the good of the country.</Msg><Username>hotmodeltestid122</Username><Timestamp>1356058102112</Timestamp><DateTime>Thu, 2012-12-20 21:48:22 EST</DateTime><ThumbUp>0</ThumbUp><ThumbDown>3</ThumbDown><Sentiment/></Message><Message type="TopicMessage"><Id>1356058268820-100</Id><Title>ELUSIVE $20 FOR YAHOO IN 2012</Title><Msg>I repeat , Yahoo will not reach $20 in 2012 and will sell off in 2013 . Nothing coming out of management that would now sustain a valuation greater than it's present value . Hope I'am wrong , but it will require something unusual to change this price .</Msg><Username>A Yahoo! User</Username><Timestamp>1356058268820</Timestamp><DateTime>Thu, 2012-12-20 21:51:08 EST</DateTime><ThumbUp>0</ThumbUp><ThumbDown>3</ThumbDown><Sentiment>Sell</Sentiment></Message><Message type="ReplyMessage"><Id>1356058947978-101</Id><Topic><Title>YHOO $45 in 2013 – here's why</Title><Username>johnjonn31</Username><Timestamp>1356056353148</Timestamp><DateTime>Thu, 2012-12-20 21:19:13 EST</DateTime></Topic><Msg>check the charts, the a.m. pullback was a headfake, uptrend still intact</Msg><Username>johnjonn31</Username><Timestamp>1356058947978</Timestamp><DateTime>Thu, 2012-12-20 22:02:27 EST</DateTime><ThumbUp>0</ThumbUp><ThumbDown>0</ThumbDown><Sentiment/></Message><Message type="TopicMessage"><Id>1356059572086-102</Id><Title>Excited for the open tomorrow!!! I am salivating on my VIX calls and YHOO puts!!</Title><Msg>Yesireee BoB!!!!</Msg><Username>dickey_betts44</Username><Timestamp>1356059572086</Timestamp><DateTime>Thu, 2012-12-20 22:12:52 EST</DateTime><ThumbUp>1</ThumbUp><ThumbDown>0</ThumbDown><Sentiment/></Message><Message type="ReplyMessage"><Id>1356061444991-103</Id><Topic><Title>Yahoo up $4/share since hotmodel said Yahoo was dead money in October</Title><Username>nanobot8042</Username><Timestamp>1355845248143</Timestamp><DateTime>Tue, 2012-12-18 10:40:48 EST</DateTime></Topic><Msg>have you ever been outside you mom's basement and did your parents have any kids that lived ?</Msg><Username>garybirch55</Username><Timestamp>1356061444991</Timestamp><DateTime>Thu, 2012-12-20 22:44:04 EST</DateTime><ThumbUp>0</ThumbUp><ThumbDown>3</ThumbDown><Sentiment/></Message><Message type="ReplyMessage"><Id>1356061685383-104</Id><Topic><Title>Yahoo up $4/share since hotmodel said Yahoo was dead money in October</Title><Username>nanobot8042</Username><Timestamp>1355845248143</Timestamp><DateTime>Tue, 2012-12-18 10:40:48 EST</DateTime></Topic><Msg>garybirch55 is hotmodel trying to get attention but no one will talk to her. It's a pitiful display...</Msg><Username>co1done</Username><Timestamp>1356061685383</Timestamp><DateTime>Thu, 2012-12-20 22:48:05 EST</DateTime><ThumbUp>1</ThumbUp><ThumbDown>1</ThumbDown><Sentiment/></Message><Message type="ReplyMessage"><Id>1356062290954-105</Id><Topic><Title>Guidance, $3B Buyback, 24% Alibaba Group, 35% Yahoo! Japan, Marissa Mayer...</Title><Username>co1done</Username><Timestamp>1355930874801</Timestamp><DateTime>Wed, 2012-12-19 10:27:54 EST</DateTime></Topic><Msg>Yahoo is solid as a rock!</Msg><Username>co1done</Username><Timestamp>1356062290954</Timestamp><DateTime>Thu, 2012-12-20 22:58:10 EST</DateTime><ThumbUp>1</ThumbUp><ThumbDown>6</ThumbDown><Sentiment/></Message><Message type="ReplyMessage"><Id>1356062697736-106</Id><Topic><Title>My Ignorant Forecast</Title><Username>brainless_2004</Username><Timestamp>1355964370983</Timestamp><DateTime>Wed, 2012-12-19 19:46:10 EST</DateTime></Topic><Msg>Yeah, but Plan B was never going anywhere - Obama already said he'd veto it. Although, they did anounce that they are basically all going on vacation until like 2 days before the end of the year. So there is definitely no deal before Dec 31.</Msg><Username>ca_fatboy</Username><Timestamp>1356062697736</Timestamp><DateTime>Thu, 2012-12-20 23:04:57 EST</DateTime><ThumbUp>0</ThumbUp><ThumbDown>0</ThumbDown><Sentiment/></Message><Message type="ReplyMessage"><Id>1356065659814-107</Id><Topic><Title>Yahoo Closes at New 4 Year High - $19.70!</Title><Username>nanobot8042</Username><Timestamp>1356037599206</Timestamp><DateTime>Thu, 2012-12-20 16:06:39 EST</DateTime></Topic><Msg>Yahoo shorts have been defeated...</Msg><Username>co1done</Username><Timestamp>1356065659814</Timestamp><DateTime>Thu, 2012-12-20 23:54:19 EST</DateTime><ThumbUp>2</ThumbUp><ThumbDown>1</ThumbDown><Sentiment/></Message></Date>