<?xml version="1.0" encoding="UTF-8" standalone="no"?><Date date="2012-10-17"><Message type="TopicMessage"><Id>1350446593965-1</Id><Title>Jan 2013 call options</Title><Msg>What happens to my call options when there is a company buyout like this? I have 7.5 option</Msg><Username>totesdlcruz</Username><Timestamp>1350446593965</Timestamp><DateTime>Wed, 2012-10-17 00:03:13 EDT</DateTime><ThumbUp>0</ThumbUp><ThumbDown>1</ThumbDown><Sentiment/></Message><Message type="ReplyMessage"><Id>1350451344982-2</Id><Topic><Title>Jan 2013 call options</Title><Username>totesdlcruz</Username><Timestamp>1350446593965</Timestamp><DateTime>Wed, 2012-10-17 00:03:13 EDT</DateTime></Topic><Msg>what buy out</Msg><Username>delmundosoftball</Username><Timestamp>1350451344982</Timestamp><DateTime>Wed, 2012-10-17 01:22:24 EDT</DateTime><ThumbUp>0</ThumbUp><ThumbDown>0</ThumbDown><Sentiment/></Message><Message type="TopicMessage"><Id>1350451531507-3</Id><Title>why is it such a big secret about what they will do with our money-really</Title><Msg>they better and have to say something really constructive and serious about our money on monday.</Msg><Username>delmundosoftball</Username><Timestamp>1350451531507</Timestamp><DateTime>Wed, 2012-10-17 01:25:31 EDT</DateTime><ThumbUp>1</ThumbUp><ThumbDown>1</ThumbDown><Sentiment/></Message><Message type="TopicMessage"><Id>1350455508057-4</Id><Title>softbank could have bought yhoo for the same price, why didnt they</Title><Msg>dumb and dumber</Msg><Username>delmundosoftball</Username><Timestamp>1350455508057</Timestamp><DateTime>Wed, 2012-10-17 02:31:48 EDT</DateTime><ThumbUp>0</ThumbUp><ThumbDown>0</ThumbDown><Sentiment/></Message><Message type="TopicMessage"><Id>1350461869146-5</Id><Title>More money wasted trying to make Yoogle by Marissa</Title><Msg>Marissa you are an idiot, stop spending tens of millions, this isn't google</Msg><Username>markpinkass</Username><Timestamp>1350461869146</Timestamp><DateTime>Wed, 2012-10-17 04:17:49 EDT</DateTime><ThumbUp>0</ThumbUp><ThumbDown>0</ThumbDown><Sentiment/></Message><Message type="TopicMessage"><Id>1350467463683-6</Id><Title>15.92 Fire free lunch Marissery &amp; BOD today!</Title><Msg>Anti-SHAREHOLDER VALUE</Msg><Username>reebok77</Username><Timestamp>1350467463683</Timestamp><DateTime>Wed, 2012-10-17 05:51:03 EDT</DateTime><ThumbUp>0</ThumbUp><ThumbDown>0</ThumbDown><Sentiment/></Message><Message type="ReplyMessage"><Id>1350474177331-7</Id><Topic><Title>DeCastro Leaves Google For COO Position at Yahoo!</Title><Username>thetoadtimes</Username><Timestamp>1350344655196</Timestamp><DateTime>Mon, 2012-10-15 19:44:15 EDT</DateTime></Topic><Msg>Mayer is building an army from the elite of Google.</Msg><Username>neo1278alpha</Username><Timestamp>1350474177331</Timestamp><DateTime>Wed, 2012-10-17 07:42:57 EDT</DateTime><ThumbUp>0</ThumbUp><ThumbDown>1</ThumbDown><Sentiment/></Message><Message type="TopicMessage"><Id>1350474894206-8</Id><Title>Needham &amp; Company Gives Buy Rating to Yahoo! Price Target $19</Title><Msg>Yahoo!‘s stock had its “buy” rating reaffirmed by research analysts at Needham &amp; Company in a report released on Tuesday. They currently have a $19.00 target price on the stock. A number of other analysts have also recently weighed in on YHOO. Analysts at Credit Suisse initiated coverage on shares of Yahoo! in a research note to investors on Wednesday, October 10th. They set a “neutral” rating on the stock. Separately, analysts at Piper Jaffray reiterated a “neutral” rating on shares of Yahoo! in a research note to investors on Wednesday, October 3rd. They now have an $18.00 price target on the stock. Finally, analysts at Goldman Sachs initiated coverage on shares of Yahoo! in a research note to investors on Thursday, September 27th. They set a “buy” rating on the stock with a price target of $22.</Msg><Username>thetoadtimes</Username><Timestamp>1350474894206</Timestamp><DateTime>Wed, 2012-10-17 07:54:54 EDT</DateTime><ThumbUp>3</ThumbUp><ThumbDown>4</ThumbDown><Sentiment/></Message><Message type="ReplyMessage"><Id>1350475183509-9</Id><Topic><Title>Yahoo reinstated as a buy by Goldman Sachs - Target $22</Title><Username>yp_john_san_francisco_323</Username><Timestamp>1348717503980</Timestamp><DateTime>Wed, 2012-09-26 23:45:03 EDT</DateTime></Topic><Msg>Monday will be big.</Msg><Username>smedleypuddles</Username><Timestamp>1350475183509</Timestamp><DateTime>Wed, 2012-10-17 07:59:43 EDT</DateTime><ThumbUp>1</ThumbUp><ThumbDown>3</ThumbDown><Sentiment/></Message><Message type="ReplyMessage"><Id>1350475523480-10</Id><Topic><Title>3 Yahoo! Japan Options for Yahoo</Title><Username>ashton10shyof</Username><Timestamp>1350312003139</Timestamp><DateTime>Mon, 2012-10-15 10:40:03 EDT</DateTime></Topic><Msg>Yahoo Japan will be monetized.</Msg><Username>smedleypuddles</Username><Timestamp>1350475523480</Timestamp><DateTime>Wed, 2012-10-17 08:05:23 EDT</DateTime><ThumbUp>2</ThumbUp><ThumbDown>0</ThumbDown><Sentiment/></Message><Message type="ReplyMessage"><Id>1350475899160-11</Id><Topic><Title>Yahoo reinstated as a buy by Goldman Sachs - Target $22</Title><Username>yp_john_san_francisco_323</Username><Timestamp>1348717503980</Timestamp><DateTime>Wed, 2012-09-26 23:45:03 EDT</DateTime></Topic><Msg>Strong Buy ! Target by 12/7 $25. 1 Yr. $47.</Msg><Username>leestoller</Username><Timestamp>1350475899160</Timestamp><DateTime>Wed, 2012-10-17 08:11:39 EDT</DateTime><ThumbUp>0</ThumbUp><ThumbDown>2</ThumbDown><Sentiment>Strong Buy</Sentiment></Message><Message type="TopicMessage"><Id>1350477269545-12</Id><Title>STAY SHORT &amp; BUY PUTS THROUGH OPEX.</Title><Msg>EASSSSSSSSSSSY MONEY.</Msg><Username>stealthy.trader</Username><Timestamp>1350477269545</Timestamp><DateTime>Wed, 2012-10-17 08:34:29 EDT</DateTime><ThumbUp>0</ThumbUp><ThumbDown>2</ThumbDown><Sentiment/></Message><Message type="ReplyMessage"><Id>1350479145218-13</Id><Topic><Title>Essential YHOO News - Check it Out Right Now!</Title><Username>fischergood249</Username><Timestamp>1350477105011</Timestamp><DateTime>Wed, 2012-10-17 08:31:45 EDT</DateTime></Topic><Msg>Unlimited ID's. Identity theft - scam URL. What will it take to bring some integrity to Yahoo?</Msg><Username>still_my_dime</Username><Timestamp>1350479145218</Timestamp><DateTime>Wed, 2012-10-17 09:05:45 EDT</DateTime><ThumbUp>0</ThumbUp><ThumbDown>0</ThumbDown><Sentiment/></Message><Message type="ReplyMessage"><Id>1350479827849-14</Id><Topic><Title>Hey Dan Loeb</Title><Username>grey116677</Username><Timestamp>1350405591773</Timestamp><DateTime>Tue, 2012-10-16 12:39:51 EDT</DateTime></Topic><Msg>Dan: I just formed a Shell company. How about You invest $10 million in it and I'll hire myself for $1 million a year and a number of my friends and former employees for $500,000 a year. I figure we'll burn through all of your cash in about 2 years and then you can fire me on the same day you are going to be letting Marissa go after she has burned through all of Yahoo's cash. Deal?</Msg><Username>grey116677</Username><Timestamp>1350479827849</Timestamp><DateTime>Wed, 2012-10-17 09:17:07 EDT</DateTime><ThumbUp>0</ThumbUp><ThumbDown>1</ThumbDown><Sentiment/></Message><Message type="ReplyMessage"><Id>1350480068004-15</Id><Topic><Title>With a buyback, Yahoo’s stock can double to $32 within a year: analyst at Gabelli &amp; Co</Title><Username>oldmaneddie81</Username><Timestamp>1349682177226</Timestamp><DateTime>Mon, 2012-10-08 03:42:57 EDT</DateTime></Topic><Msg>Watch it happen.</Msg><Username>smedleypuddles</Username><Timestamp>1350480068004</Timestamp><DateTime>Wed, 2012-10-17 09:21:08 EDT</DateTime><ThumbUp>1</ThumbUp><ThumbDown>2</ThumbDown><Sentiment/></Message><Message type="ReplyMessage"><Id>1350480103150-16</Id><Topic><Title>Yahoo reinstated as a buy by Goldman Sachs - Target $22</Title><Username>yp_john_san_francisco_323</Username><Timestamp>1348717503980</Timestamp><DateTime>Wed, 2012-09-26 23:45:03 EDT</DateTime></Topic><Msg>Why do you think Yahoo is a strong buy?</Msg><Username>smedleypuddles</Username><Timestamp>1350480103150</Timestamp><DateTime>Wed, 2012-10-17 09:21:43 EDT</DateTime><ThumbUp>2</ThumbUp><ThumbDown>1</ThumbDown><Sentiment/></Message><Message type="ReplyMessage"><Id>1350480172065-17</Id><Topic><Title>Needham &amp; Company Gives Buy Rating to Yahoo! Price Target $19</Title><Username>thetoadtimes</Username><Timestamp>1350474894206</Timestamp><DateTime>Wed, 2012-10-17 07:54:54 EDT</DateTime></Topic><Msg>Goldman's PT is $22. Gabelli's is $32.</Msg><Username>smedleypuddles</Username><Timestamp>1350480172065</Timestamp><DateTime>Wed, 2012-10-17 09:22:52 EDT</DateTime><ThumbUp>0</ThumbUp><ThumbDown>3</ThumbDown><Sentiment/></Message><Message type="ReplyMessage"><Id>1350480240272-18</Id><Topic><Title>Needham &amp; Company Gives Buy Rating to Yahoo! Price Target $19</Title><Username>thetoadtimes</Username><Timestamp>1350474894206</Timestamp><DateTime>Wed, 2012-10-17 07:54:54 EDT</DateTime></Topic><Msg>On top!!!!</Msg><Username>smedleypuddles</Username><Timestamp>1350480240272</Timestamp><DateTime>Wed, 2012-10-17 09:24:00 EDT</DateTime><ThumbUp>0</ThumbUp><ThumbDown>3</ThumbDown><Sentiment/></Message><Message type="ReplyMessage"><Id>1350480320971-19</Id><Topic><Title>Why Sprint's Softbank Deal Is Good for Yahoo!</Title><Username>thetoadtimes</Username><Timestamp>1350323454057</Timestamp><DateTime>Mon, 2012-10-15 13:50:54 EDT</DateTime></Topic><Msg>gloom is a scared short.</Msg><Username>bflathalfdim</Username><Timestamp>1350480320971</Timestamp><DateTime>Wed, 2012-10-17 09:25:20 EDT</DateTime><ThumbUp>1</ThumbUp><ThumbDown>2</ThumbDown><Sentiment/></Message><Message type="TopicMessage"><Id>1350480377155-20</Id><Title>We are days away from major breakout</Title><Msg>TODAY---IMO we should trade today in the $15.90 to $ 16.15 range with close at $ 16.15----IMO I think we move to high 16's on or before Friday close and Monday we launch to the $ 17.50-$ 18 range--why because YAHOO is totally controlled by MM"s and will control until division of $ is known---IMHO I think $ 1.00 dividend and stock buy back</Msg><Username>oldpalos</Username><Timestamp>1350480377155</Timestamp><DateTime>Wed, 2012-10-17 09:26:17 EDT</DateTime><ThumbUp>1</ThumbUp><ThumbDown>1</ThumbDown><Sentiment>Strong Buy</Sentiment></Message><Message type="ReplyMessage"><Id>1350481263026-21</Id><Topic><Title>Needham &amp; Company Gives Buy Rating to Yahoo! Price Target $19</Title><Username>thetoadtimes</Username><Timestamp>1350474894206</Timestamp><DateTime>Wed, 2012-10-17 07:54:54 EDT</DateTime></Topic><Msg>Yahoo is undervalued no matter how you slice it.</Msg><Username>thurstonthethird</Username><Timestamp>1350481263026</Timestamp><DateTime>Wed, 2012-10-17 09:41:03 EDT</DateTime><ThumbUp>0</ThumbUp><ThumbDown>3</ThumbDown><Sentiment/></Message><Message type="ReplyMessage"><Id>1350481310490-22</Id><Topic><Title>Yahoo reinstated as a buy by Goldman Sachs - Target $22</Title><Username>yp_john_san_francisco_323</Username><Timestamp>1348717503980</Timestamp><DateTime>Wed, 2012-09-26 23:45:03 EDT</DateTime></Topic><Msg>Goldman knows.</Msg><Username>nanobot8042</Username><Timestamp>1350481310490</Timestamp><DateTime>Wed, 2012-10-17 09:41:50 EDT</DateTime><ThumbUp>3</ThumbUp><ThumbDown>2</ThumbDown><Sentiment/></Message><Message type="TopicMessage"><Id>1350481318530-23</Id><Title>Apple should acquire Yahoo as a whole for search...</Title><Msg>At current price, Apple is paying $0 to get the whole of Yahoo and its search patents and market share. I can't think of a reason of why not.</Msg><Username>yinvestor</Username><Timestamp>1350481318530</Timestamp><DateTime>Wed, 2012-10-17 09:41:58 EDT</DateTime><ThumbUp>4</ThumbUp><ThumbDown>9</ThumbDown><Sentiment>Strong Buy</Sentiment></Message><Message type="ReplyMessage"><Id>1350481322071-24</Id><Topic><Title>Notice HOw They BeatchSlap it DOWN at $16? Shorts Remain FIRMLY in Control!</Title><Username>pearlprue</Username><Timestamp>1347993878481</Timestamp><DateTime>Tue, 2012-09-18 14:44:38 EDT</DateTime></Topic><Msg>I noticed AGAIN!!</Msg><Username>fred.jackson55</Username><Timestamp>1350481322071</Timestamp><DateTime>Wed, 2012-10-17 09:42:02 EDT</DateTime><ThumbUp>1</ThumbUp><ThumbDown>1</ThumbDown><Sentiment/></Message><Message type="ReplyMessage"><Id>1350481401963-25</Id><Topic><Title>Is anyone shorting Yahoo at $15.72?</Title><Username>smedleypuddles</Username><Timestamp>1350328252348</Timestamp><DateTime>Mon, 2012-10-15 15:10:52 EDT</DateTime></Topic><Msg>No shorts! Coldone has turned all the Yahoo shorts into longs.</Msg><Username>smedleypuddles</Username><Timestamp>1350481401963</Timestamp><DateTime>Wed, 2012-10-17 09:43:21 EDT</DateTime><ThumbUp>1</ThumbUp><ThumbDown>9</ThumbDown><Sentiment/></Message><Message type="ReplyMessage"><Id>1350481437938-26</Id><Topic><Title>BIG BOYZ CONTINUE TO BEATCH-SLAP IT DOWN AT $14!!!!</Title><Username>lexi623</Username><Timestamp>1282147107000</Timestamp><DateTime>Wed, 2010-08-18 11:58:27 EDT</DateTime></Topic><Msg>Idiot.</Msg><Username>bflathalfdim</Username><Timestamp>1350481437938</Timestamp><DateTime>Wed, 2012-10-17 09:43:57 EDT</DateTime><ThumbUp>0</ThumbUp><ThumbDown>0</ThumbDown><Sentiment/></Message><Message type="ReplyMessage"><Id>1350481503939-27</Id><Topic><Title>Apple should acquire Yahoo as a whole for search...</Title><Username>yinvestor</Username><Timestamp>1350481318530</Timestamp><DateTime>Wed, 2012-10-17 09:41:58 EDT</DateTime></Topic><Msg>Apple is going to have $200B cash while Yahoo's market capital is only $19B(Yahoo will have $19B cash after selling Alibaba and Yahoo Japan). Without search, Apple is going to lose its battle with Google.</Msg><Username>yinvestor</Username><Timestamp>1350481503939</Timestamp><DateTime>Wed, 2012-10-17 09:45:03 EDT</DateTime><ThumbUp>2</ThumbUp><ThumbDown>8</ThumbDown><Sentiment/></Message><Message type="ReplyMessage"><Id>1350481616675-28</Id><Topic><Title>Apple should acquire Yahoo as a whole for search...</Title><Username>yinvestor</Username><Timestamp>1350481318530</Timestamp><DateTime>Wed, 2012-10-17 09:41:58 EDT</DateTime></Topic><Msg>Better recalculate, Dope. When you make such idiotic statements, you look, well, Idiotic!</Msg><Username>fred.jackson55</Username><Timestamp>1350481616675</Timestamp><DateTime>Wed, 2012-10-17 09:46:56 EDT</DateTime><ThumbUp>7</ThumbUp><ThumbDown>4</ThumbDown><Sentiment/></Message><Message type="ReplyMessage"><Id>1350481807886-29</Id><Topic><Title>SHORTS!!! LET'S BEATCHSLAP THIS BACK DOWN WHEN SHE HITS $16 AGAIN!!!</Title><Username>dominikpounds</Username><Timestamp>1348844292715</Timestamp><DateTime>Fri, 2012-09-28 10:58:12 EDT</DateTime></Topic><Msg>Hey, it is soooo fun and, more importantly, such easy easy easy money!!!</Msg><Username>jmambo54</Username><Timestamp>1350481807886</Timestamp><DateTime>Wed, 2012-10-17 09:50:07 EDT</DateTime><ThumbUp>0</ThumbUp><ThumbDown>1</ThumbDown><Sentiment/></Message><Message type="ReplyMessage"><Id>1350482240745-30</Id><Topic><Title>THE BOYZ BEATCH-SLAPPED IT DOWN AT $14!!!!</Title><Username>lexi623</Username><Timestamp>1282073976000</Timestamp><DateTime>Tue, 2010-08-17 15:39:36 EDT</DateTime></Topic><Msg>lexi lost all her money.</Msg><Username>tetheredbird</Username><Timestamp>1350482240745</Timestamp><DateTime>Wed, 2012-10-17 09:57:20 EDT</DateTime><ThumbUp>0</ThumbUp><ThumbDown>1</ThumbDown><Sentiment/></Message><Message type="ReplyMessage"><Id>1350482291216-31</Id><Topic><Title>Needham &amp; Company Gives Buy Rating to Yahoo! Price Target $19</Title><Username>thetoadtimes</Username><Timestamp>1350474894206</Timestamp><DateTime>Wed, 2012-10-17 07:54:54 EDT</DateTime></Topic><Msg>All analysts expect Yahoo to go higher.</Msg><Username>tetheredbird</Username><Timestamp>1350482291216</Timestamp><DateTime>Wed, 2012-10-17 09:58:11 EDT</DateTime><ThumbUp>3</ThumbUp><ThumbDown>2</ThumbDown><Sentiment/></Message><Message type="ReplyMessage"><Id>1350482372697-32</Id><Topic><Title>DeCastro Leaves Google For COO Position at Yahoo!</Title><Username>thetoadtimes</Username><Timestamp>1350344655196</Timestamp><DateTime>Mon, 2012-10-15 19:44:15 EDT</DateTime></Topic><Msg>Wall Street likes mayer.</Msg><Username>trotlightly34</Username><Timestamp>1350482372697</Timestamp><DateTime>Wed, 2012-10-17 09:59:32 EDT</DateTime><ThumbUp>1</ThumbUp><ThumbDown>1</ThumbDown><Sentiment/></Message><Message type="ReplyMessage"><Id>1350482426720-33</Id><Topic><Title>Is anyone shorting Yahoo at $15.72?</Title><Username>smedleypuddles</Username><Timestamp>1350328252348</Timestamp><DateTime>Mon, 2012-10-15 15:10:52 EDT</DateTime></Topic><Msg>No Yahoo shorts, that's amazing.</Msg><Username>trotlightly34</Username><Timestamp>1350482426720</Timestamp><DateTime>Wed, 2012-10-17 10:00:26 EDT</DateTime><ThumbUp>2</ThumbUp><ThumbDown>8</ThumbDown><Sentiment/></Message><Message type="TopicMessage"><Id>1350482658026-34</Id><Title>BEATCH SLAPPED!!!!!!! AGAIN!!!!</Title><Msg>How utterly Hilarious is this!!!! It happens EVERY SINGLE TIME!! Do you want to make money or not?? Short at $16.02 and listen to Cha-Ching, Cha-Ching, Cha-Ching!!! Absolutely Loving it!!!!!!!!!!</Msg><Username>jmambo54</Username><Timestamp>1350482658026</Timestamp><DateTime>Wed, 2012-10-17 10:04:18 EDT</DateTime><ThumbUp>5</ThumbUp><ThumbDown>1</ThumbDown><Sentiment/></Message><Message type="ReplyMessage"><Id>1350482665176-35</Id><Topic><Title>Apple should acquire Yahoo as a whole for search...</Title><Username>yinvestor</Username><Timestamp>1350481318530</Timestamp><DateTime>Wed, 2012-10-17 09:41:58 EDT</DateTime></Topic><Msg>How much can the old shelved Yahoo search junk be worth when Yahoo is using the Microsoft Bing search engine? And Yahoo has zero market share in the business Apple operates. Apple would do better and have more synergy buying GM, Yahoo has nothing to offer Apple.</Msg><Username>dr.gloom</Username><Timestamp>1350482665176</Timestamp><DateTime>Wed, 2012-10-17 10:04:25 EDT</DateTime><ThumbUp>8</ThumbUp><ThumbDown>3</ThumbDown><Sentiment/></Message><Message type="ReplyMessage"><Id>1350482884278-36</Id><Topic><Title>Essential YHOO News - Check it Out Right Now!</Title><Username>fischergood249</Username><Timestamp>1350477105011</Timestamp><DateTime>Wed, 2012-10-17 08:31:45 EDT</DateTime></Topic><Msg>i believe the upside potential is very good. just my own opinion.</Msg><Username>wolfmorrow299</Username><Timestamp>1350482884278</Timestamp><DateTime>Wed, 2012-10-17 10:08:04 EDT</DateTime><ThumbUp>0</ThumbUp><ThumbDown>0</ThumbDown><Sentiment/></Message><Message type="ReplyMessage"><Id>1350483006984-37</Id><Topic><Title>Is anyone shorting Yahoo at $15.72?</Title><Username>smedleypuddles</Username><Timestamp>1350328252348</Timestamp><DateTime>Mon, 2012-10-15 15:10:52 EDT</DateTime></Topic><Msg>Yahoo shorts are dying.</Msg><Username>nanobot8042</Username><Timestamp>1350483006984</Timestamp><DateTime>Wed, 2012-10-17 10:10:06 EDT</DateTime><ThumbUp>3</ThumbUp><ThumbDown>8</ThumbDown><Sentiment/></Message><Message type="ReplyMessage"><Id>1350483162056-38</Id><Topic><Title>Is anyone shorting Yahoo at $15.72?</Title><Username>smedleypuddles</Username><Timestamp>1350328252348</Timestamp><DateTime>Mon, 2012-10-15 15:10:52 EDT</DateTime></Topic><Msg>I have posted here on numerous occasions....many, many times, that I am Short about 10,000 shares!! I have been Short since about $25. I am not covering until much lower. Why do you keep asking?? There are literally millions of other Shorts and they are Nice, Fat, and Sassy....thank you!!</Msg><Username>lexi623</Username><Timestamp>1350483162056</Timestamp><DateTime>Wed, 2012-10-17 10:12:42 EDT</DateTime><ThumbUp>8</ThumbUp><ThumbDown>5</ThumbDown><Sentiment/></Message><Message type="TopicMessage"><Id>1350483237929-39</Id><Title>Yahoo Shorts Get Beatch Slapped!</Title><Msg>Coldone told everyone to buy at $11, $12, $13, $14 and $15. Now Yahoo is Trading above $16. lexi, hotmodel, grey, gloom, michan, pearlprue, dominik and the rest of the bashers shorted Yahoo, now they cry.</Msg><Username>nanobot8042</Username><Timestamp>1350483237929</Timestamp><DateTime>Wed, 2012-10-17 10:13:57 EDT</DateTime><ThumbUp>10</ThumbUp><ThumbDown>22</ThumbDown><Sentiment/></Message><Message type="ReplyMessage"><Id>1350483320643-40</Id><Topic><Title>Apple should acquire Yahoo as a whole for search...</Title><Username>yinvestor</Username><Timestamp>1350481318530</Timestamp><DateTime>Wed, 2012-10-17 09:41:58 EDT</DateTime></Topic><Msg>"At current price, Apple is paying $0 to get the whole of Yahoo and its search patents and market share. I can't think of a reason of why not." Oh, I can think of about 50 reasons why Apple would not buy Yahoo. But lets just go with 2 reasons. 1) Apple is developing the killer search app in Siri and it even has Goog running a bit scared. So Apple doesn't need Yahoo. (Assuming there is any search function left in Yahoo decaying husk.) 2) No matter how cheap Yahoo is, you don't buy a company running through the end of its product lifecyle while dramatic marketplace changes are beginning to occur which will make Gambino family members look healthy in the morgue.</Msg><Username>grey116677</Username><Timestamp>1350483320643</Timestamp><DateTime>Wed, 2012-10-17 10:15:20 EDT</DateTime><ThumbUp>5</ThumbUp><ThumbDown>1</ThumbDown><Sentiment/></Message><Message type="TopicMessage"><Id>1350483767777-41</Id><Title>how to get 5 day chart?</Title><Msg>Thanks</Msg><Username>tshih_90630</Username><Timestamp>1350483767777</Timestamp><DateTime>Wed, 2012-10-17 10:22:47 EDT</DateTime><ThumbUp>0</ThumbUp><ThumbDown>0</ThumbDown><Sentiment/></Message><Message type="ReplyMessage"><Id>1350483818389-42</Id><Topic><Title>BEATCH SLAPPED!!!!!!! AGAIN!!!!</Title><Username>jmambo54</Username><Timestamp>1350482658026</Timestamp><DateTime>Wed, 2012-10-17 10:04:18 EDT</DateTime></Topic><Msg>Isn't it Fun??!!!!! I can't believe EVERYONE doesn't do it!! I have done it 6x and EVERY time I have made a LOT of money!!!!!</Msg><Username>michan59</Username><Timestamp>1350483818389</Timestamp><DateTime>Wed, 2012-10-17 10:23:38 EDT</DateTime><ThumbUp>1</ThumbUp><ThumbDown>0</ThumbDown><Sentiment/></Message><Message type="TopicMessage"><Id>1350484187521-43</Id><Title>Now that Marissa is back to Part-Time Work, Any idea when she will return Full-Time?</Title><Msg>This is getting a little ridiculous paying her hundreds of millions of $$$ and she refuses to return full-time???</Msg><Username>pearlprue</Username><Timestamp>1350484187521</Timestamp><DateTime>Wed, 2012-10-17 10:29:47 EDT</DateTime><ThumbUp>1</ThumbUp><ThumbDown>2</ThumbDown><Sentiment/></Message><Message type="ReplyMessage"><Id>1350484210502-44</Id><Topic><Title>Yahoo Shorts Get Beatch Slapped!</Title><Username>nanobot8042</Username><Timestamp>1350483237929</Timestamp><DateTime>Wed, 2012-10-17 10:13:57 EDT</DateTime></Topic><Msg>Yahoo shorts are getting killed.</Msg><Username>bflathalfdim</Username><Timestamp>1350484210502</Timestamp><DateTime>Wed, 2012-10-17 10:30:10 EDT</DateTime><ThumbUp>6</ThumbUp><ThumbDown>13</ThumbDown><Sentiment/></Message><Message type="ReplyMessage"><Id>1350484236569-45</Id><Topic><Title>Is anyone shorting Yahoo at $15.72?</Title><Username>smedleypuddles</Username><Timestamp>1350328252348</Timestamp><DateTime>Mon, 2012-10-15 15:10:52 EDT</DateTime></Topic><Msg>Just yourself, the last short.</Msg><Username>yinvestor</Username><Timestamp>1350484236569</Timestamp><DateTime>Wed, 2012-10-17 10:30:36 EDT</DateTime><ThumbUp>2</ThumbUp><ThumbDown>6</ThumbDown><Sentiment/></Message><Message type="ReplyMessage"><Id>1350484279648-46</Id><Topic><Title>Apple should acquire Yahoo as a whole for search...</Title><Username>yinvestor</Username><Timestamp>1350481318530</Timestamp><DateTime>Wed, 2012-10-17 09:41:58 EDT</DateTime></Topic><Msg>You will be the last short, dope.</Msg><Username>yinvestor</Username><Timestamp>1350484279648</Timestamp><DateTime>Wed, 2012-10-17 10:31:19 EDT</DateTime><ThumbUp>1</ThumbUp><ThumbDown>4</ThumbDown><Sentiment/></Message><Message type="ReplyMessage"><Id>1350484321118-47</Id><Topic><Title>Is anyone shorting Yahoo at $15.72?</Title><Username>smedleypuddles</Username><Timestamp>1350328252348</Timestamp><DateTime>Mon, 2012-10-15 15:10:52 EDT</DateTime></Topic><Msg>lexi shorted Yahoo at $11 and $12 right after coldone told her to buy. Everyone has fun laughing at lexi.</Msg><Username>tetheredbird</Username><Timestamp>1350484321118</Timestamp><DateTime>Wed, 2012-10-17 10:32:01 EDT</DateTime><ThumbUp>4</ThumbUp><ThumbDown>6</ThumbDown><Sentiment/></Message><Message type="TopicMessage"><Id>1350484393607-48</Id><Title>Nice pre announcement into weekend would be great. Buyback or Yahoo Japan</Title><Msg>eom</Msg><Username>phillyflyer7</Username><Timestamp>1350484393607</Timestamp><DateTime>Wed, 2012-10-17 10:33:13 EDT</DateTime><ThumbUp>2</ThumbUp><ThumbDown>2</ThumbDown><Sentiment>Strong Buy</Sentiment></Message><Message type="ReplyMessage"><Id>1350484726690-49</Id><Topic><Title>With a buyback, Yahoo’s stock can double to $32 within a year: analyst at Gabelli &amp; Co</Title><Username>oldmaneddie81</Username><Timestamp>1349682177226</Timestamp><DateTime>Mon, 2012-10-08 03:42:57 EDT</DateTime></Topic><Msg>Yahoo will hit $40 when Alibaba Group goes public.</Msg><Username>smedleypuddles</Username><Timestamp>1350484726690</Timestamp><DateTime>Wed, 2012-10-17 10:38:46 EDT</DateTime><ThumbUp>1</ThumbUp><ThumbDown>2</ThumbDown><Sentiment/></Message><Message type="ReplyMessage"><Id>1350484796827-50</Id><Topic><Title>Yahoo Shorts Get Beatch Slapped!</Title><Username>nanobot8042</Username><Timestamp>1350483237929</Timestamp><DateTime>Wed, 2012-10-17 10:13:57 EDT</DateTime></Topic><Msg>right. a whopping 11 cent "killing"! Say, aren't you the guy who said he "backed up the truck" at $25? now THAT's a "killing"!!! :)</Msg><Username>pearlprue</Username><Timestamp>1350484796827</Timestamp><DateTime>Wed, 2012-10-17 10:39:56 EDT</DateTime><ThumbUp>12</ThumbUp><ThumbDown>5</ThumbDown><Sentiment/></Message><Message type="TopicMessage"><Id>1350485181245-51</Id><Title>No-brainer Shorting opportunity?</Title><Msg>In the past year, Yhoo went up to a little bit over $16 numerous times, each time it would went down back, and shorts have made tons of easy money by shorting at/over $16. Again, now it is over $16. Will this time be different? Or just an usual no-brainer shorting opportunity?</Msg><Username>caixujin</Username><Timestamp>1350485181245</Timestamp><DateTime>Wed, 2012-10-17 10:46:21 EDT</DateTime><ThumbUp>2</ThumbUp><ThumbDown>1</ThumbDown><Sentiment/></Message><Message type="ReplyMessage"><Id>1350485548354-52</Id><Topic><Title>Apple should acquire Yahoo as a whole for search...</Title><Username>yinvestor</Username><Timestamp>1350481318530</Timestamp><DateTime>Wed, 2012-10-17 09:41:58 EDT</DateTime></Topic><Msg>You forget about patents as well. Yahoo has a trove a patents. Tim Cook even said in an interview patents are a pain in the #$%$, so why wouldn't Apple buy Yahoo essentially getting the company for a few billion given all the other tangible #$%$ets, and to boot they are getting insider intel on Google. You know Mayer wants to stick it to Page given their history of dating and him dropping her off committees last year.</Msg><Username>phillyflyer7</Username><Timestamp>1350485548354</Timestamp><DateTime>Wed, 2012-10-17 10:52:28 EDT</DateTime><ThumbUp>1</ThumbUp><ThumbDown>2</ThumbDown><Sentiment>Strong Buy</Sentiment></Message><Message type="ReplyMessage"><Id>1350486292659-53</Id><Topic><Title>Yahoo Shorts Get Beatch Slapped!</Title><Username>nanobot8042</Username><Timestamp>1350483237929</Timestamp><DateTime>Wed, 2012-10-17 10:13:57 EDT</DateTime></Topic><Msg>hotmodel is crying. lol!</Msg><Username>bflathalfdim</Username><Timestamp>1350486292659</Timestamp><DateTime>Wed, 2012-10-17 11:04:52 EDT</DateTime><ThumbUp>4</ThumbUp><ThumbDown>9</ThumbDown><Sentiment/></Message><Message type="ReplyMessage"><Id>1350486577739-54</Id><Topic><Title>Is anyone shorting Yahoo at $15.72?</Title><Username>smedleypuddles</Username><Timestamp>1350328252348</Timestamp><DateTime>Mon, 2012-10-15 15:10:52 EDT</DateTime></Topic><Msg>Everyone on this board knows lexi and hotmodel lost all their money. That's why hotmodel lives with her mother.</Msg><Username>remmy12554</Username><Timestamp>1350486577739</Timestamp><DateTime>Wed, 2012-10-17 11:09:37 EDT</DateTime><ThumbUp>4</ThumbUp><ThumbDown>4</ThumbDown><Sentiment/></Message><Message type="TopicMessage"><Id>1350487070314-55</Id><Title>$1 EPS this year and P/E 16</Title><Msg>$1 EPS this year and P/E 16 $6B - $7B cash on book.</Msg><Username>yinvestor</Username><Timestamp>1350487070314</Timestamp><DateTime>Wed, 2012-10-17 11:17:50 EDT</DateTime><ThumbUp>1</ThumbUp><ThumbDown>1</ThumbDown><Sentiment/></Message><Message type="ReplyMessage"><Id>1350487867523-56</Id><Topic><Title>Yahoo reinstated as a buy by Goldman Sachs - Target $22</Title><Username>yp_john_san_francisco_323</Username><Timestamp>1348717503980</Timestamp><DateTime>Wed, 2012-09-26 23:45:03 EDT</DateTime></Topic><Msg>Yahoo is on it's way to $30.</Msg><Username>shelcorecrust</Username><Timestamp>1350487867523</Timestamp><DateTime>Wed, 2012-10-17 11:31:07 EDT</DateTime><ThumbUp>1</ThumbUp><ThumbDown>1</ThumbDown><Sentiment/></Message><Message type="ReplyMessage"><Id>1350487917826-57</Id><Topic><Title>With a buyback, Yahoo’s stock can double to $32 within a year: analyst at Gabelli &amp; Co</Title><Username>oldmaneddie81</Username><Timestamp>1349682177226</Timestamp><DateTime>Mon, 2012-10-08 03:42:57 EDT</DateTime></Topic><Msg>$32 in 12 months.</Msg><Username>shelcorecrust</Username><Timestamp>1350487917826</Timestamp><DateTime>Wed, 2012-10-17 11:31:57 EDT</DateTime><ThumbUp>1</ThumbUp><ThumbDown>2</ThumbDown><Sentiment/></Message><Message type="ReplyMessage"><Id>1350488183717-58</Id><Topic><Title>Apple should acquire Yahoo as a whole for search...</Title><Username>yinvestor</Username><Timestamp>1350481318530</Timestamp><DateTime>Wed, 2012-10-17 09:41:58 EDT</DateTime></Topic><Msg>"You forget about patents as well." I didn't forget patents. I chose to exclude from discussion a set of items that have proven over and over to be of little or no value. By now everyone has created a work around for Yahoo's patents. Yahoo's patents are so valuable that when Scott Thompson sued Facebook Yahoo had to settle on Facebook's terms after Yahoo was counter sued. I suggest you start grasping for a different straw because the patent straw is split and on the verge of breaking.</Msg><Username>grey116677</Username><Timestamp>1350488183717</Timestamp><DateTime>Wed, 2012-10-17 11:36:23 EDT</DateTime><ThumbUp>3</ThumbUp><ThumbDown>0</ThumbDown><Sentiment/></Message><Message type="ReplyMessage"><Id>1350488238168-59</Id><Topic><Title>Needham &amp; Company Gives Buy Rating to Yahoo! Price Target $19</Title><Username>thetoadtimes</Username><Timestamp>1350474894206</Timestamp><DateTime>Wed, 2012-10-17 07:54:54 EDT</DateTime></Topic><Msg>Yahoo will trade at $20 before Christmas.</Msg><Username>ashton10shyof</Username><Timestamp>1350488238168</Timestamp><DateTime>Wed, 2012-10-17 11:37:18 EDT</DateTime><ThumbUp>1</ThumbUp><ThumbDown>0</ThumbDown><Sentiment/></Message><Message type="ReplyMessage"><Id>1350488370198-60</Id><Topic><Title>Yahoo reinstated as a buy by Goldman Sachs - Target $22</Title><Username>yp_john_san_francisco_323</Username><Timestamp>1348717503980</Timestamp><DateTime>Wed, 2012-09-26 23:45:03 EDT</DateTime></Topic><Msg>Goldman is Short. (I can't believe how stupid some people are...they don't even know when an investor is long or short!)</Msg><Username>dominikpounds</Username><Timestamp>1350488370198</Timestamp><DateTime>Wed, 2012-10-17 11:39:30 EDT</DateTime><ThumbUp>1</ThumbUp><ThumbDown>2</ThumbDown><Sentiment/></Message><Message type="ReplyMessage"><Id>1350488453566-61</Id><Topic><Title>Yahoo reinstated as a buy by Goldman Sachs - Target $22</Title><Username>yp_john_san_francisco_323</Username><Timestamp>1348717503980</Timestamp><DateTime>Wed, 2012-09-26 23:45:03 EDT</DateTime></Topic><Msg>Go take your meds, dominik. Your brain has stopped functioning.</Msg><Username>remmy12554</Username><Timestamp>1350488453566</Timestamp><DateTime>Wed, 2012-10-17 11:40:53 EDT</DateTime><ThumbUp>1</ThumbUp><ThumbDown>1</ThumbDown><Sentiment/></Message><Message type="ReplyMessage"><Id>1350488649783-62</Id><Topic><Title>Is anyone shorting Yahoo at $15.72?</Title><Username>smedleypuddles</Username><Timestamp>1350328252348</Timestamp><DateTime>Mon, 2012-10-15 15:10:52 EDT</DateTime></Topic><Msg>Not one real Yahoo short on this board. We all know lexi lost all of her money shorting Yahoo at $11, $12, $13 and $14. Coldone tried to warn her but she wouldn't listen.</Msg><Username>tetheredbird</Username><Timestamp>1350488649783</Timestamp><DateTime>Wed, 2012-10-17 11:44:09 EDT</DateTime><ThumbUp>3</ThumbUp><ThumbDown>3</ThumbDown><Sentiment/></Message><Message type="TopicMessage"><Id>1350488942227-63</Id><Title>Yahoo moving up heading into earnings</Title><Msg>Is any one short Yahoo?</Msg><Username>tetheredbird</Username><Timestamp>1350488942227</Timestamp><DateTime>Wed, 2012-10-17 11:49:02 EDT</DateTime><ThumbUp>2</ThumbUp><ThumbDown>1</ThumbDown><Sentiment/></Message><Message type="ReplyMessage"><Id>1350488981840-64</Id><Topic><Title>Needham &amp; Company Gives Buy Rating to Yahoo! Price Target $19</Title><Username>thetoadtimes</Username><Timestamp>1350474894206</Timestamp><DateTime>Wed, 2012-10-17 07:54:54 EDT</DateTime></Topic><Msg>hotmodel is a scared Yahoo short.</Msg><Username>tetheredbird</Username><Timestamp>1350488981840</Timestamp><DateTime>Wed, 2012-10-17 11:49:41 EDT</DateTime><ThumbUp>2</ThumbUp><ThumbDown>0</ThumbDown><Sentiment/></Message><Message type="ReplyMessage"><Id>1350489211918-65</Id><Topic><Title>Yahoo Shorts Get Beatch Slapped!</Title><Username>nanobot8042</Username><Timestamp>1350483237929</Timestamp><DateTime>Wed, 2012-10-17 10:13:57 EDT</DateTime></Topic><Msg>pearlprue is another Yahoo short that shorted at $11 and $12.</Msg><Username>remmy12554</Username><Timestamp>1350489211918</Timestamp><DateTime>Wed, 2012-10-17 11:53:31 EDT</DateTime><ThumbUp>2</ThumbUp><ThumbDown>11</ThumbDown><Sentiment/></Message><Message type="TopicMessage"><Id>1350490300380-66</Id><Title>Do Y'All See How the Shorts Control YHOO stock? They are Setting Up for an End-of-the-Day Tank to the $15s!!</Title><Msg>These guys know how to Completely and Totally CONTROL a stock!!!</Msg><Username>fred.jackson55</Username><Timestamp>1350490300380</Timestamp><DateTime>Wed, 2012-10-17 12:11:40 EDT</DateTime><ThumbUp>0</ThumbUp><ThumbDown>1</ThumbDown><Sentiment/></Message><Message type="ReplyMessage"><Id>1350490563385-67</Id><Topic><Title>Apple should acquire Yahoo as a whole for search...</Title><Username>yinvestor</Username><Timestamp>1350481318530</Timestamp><DateTime>Wed, 2012-10-17 09:41:58 EDT</DateTime></Topic><Msg>hm: you have to remember that dumb people outnumber smart people by a wide margin.</Msg><Username>ydkmatall</Username><Timestamp>1350490563385</Timestamp><DateTime>Wed, 2012-10-17 12:16:03 EDT</DateTime><ThumbUp>2</ThumbUp><ThumbDown>0</ThumbDown><Sentiment/></Message><Message type="ReplyMessage"><Id>1350490712018-68</Id><Topic><Title>$1 EPS this year and P/E 16</Title><Username>yinvestor</Username><Timestamp>1350487070314</Timestamp><DateTime>Wed, 2012-10-17 11:17:50 EDT</DateTime></Topic><Msg>Plus about $12+B in assets that Yahoo has not cashed out of yet! So these numbers alone bring Yahoo's "book value in my books" close to where Yahoo is trading right now. Icing on the cake is the $1B a year cold hard cash they are generating even after all their mistakes in the recent past, AND they are still number 3 most visited property on the Internet! I find it puzzling that many investors who fail to understand even basic arithmetic and accounting, are out there investing their thousands and millions of dollars - specifically, those who are going short on Yahoo - what the hack are you thinking? Searching for pennies of gain? Or do they expect Yahoo to tank below $15 price range again?</Msg><Username>hello_midwest</Username><Timestamp>1350490712018</Timestamp><DateTime>Wed, 2012-10-17 12:18:32 EDT</DateTime><ThumbUp>0</ThumbUp><ThumbDown>1</ThumbDown><Sentiment>Buy</Sentiment></Message><Message type="ReplyMessage"><Id>1350491805043-69</Id><Topic><Title>Do Y'All See How the Shorts Control YHOO stock? They are Setting Up for an End-of-the-Day Tank to the $15s!!</Title><Username>fred.jackson55</Username><Timestamp>1350490300380</Timestamp><DateTime>Wed, 2012-10-17 12:11:40 EDT</DateTime></Topic><Msg>I guess I am blind because I do not see how the shorts control YHOO. I do see how being short YHOO is going to really hurt! Sorry, no end of day tank! YHOO is trading around 16 for the rest of this week, may pop higher but not much lower as the trading is influenced by the 200k open option contracts, both put and call 16's, that expire Friday. I want every possible foolish person to short YHOO over the next few days and go short into Monday's quarterly report and the likely details on how Ma's cash is going to be returned to share holders. I want extra volume and upward pressure on the stock as shorts scramble to cover! I LOVE IT, let the wanna be B-slappers start slapping at 16, and we longs on the board will laugh long and strong at you come next Monday afterhours and next Tuesday and every day thereafter for a very long time!</Msg><Username>goldeagle14</Username><Timestamp>1350491805043</Timestamp><DateTime>Wed, 2012-10-17 12:36:45 EDT</DateTime><ThumbUp>1</ThumbUp><ThumbDown>1</ThumbDown><Sentiment>Strong Buy</Sentiment></Message><Message type="TopicMessage"><Id>1350491998292-70</Id><Title>Wall Street is high on Yahoo!</Title><Msg>Wall Street is high on Yahoo!, expecting it to report earnings that are up 14.3% from a year ago when it reports its third quarter earnings on Monday, October 22, 2012. The consensus estimate is 24 cents per share, up from earnings of 21 cents per share a year ago.</Msg><Username>thetoadtimes</Username><Timestamp>1350491998292</Timestamp><DateTime>Wed, 2012-10-17 12:39:58 EDT</DateTime><ThumbUp>3</ThumbUp><ThumbDown>1</ThumbDown><Sentiment/></Message><Message type="TopicMessage"><Id>1350492095667-71</Id><Title>SATC 1$ Down to 7 Cents in 5 days This one is going to Bounce Hard</Title><Msg>SATC No way that this low floater dont bounce back hard super oversold RSI 10</Msg><Username>ta_k1ng_expert_pro</Username><Timestamp>1350492095667</Timestamp><DateTime>Wed, 2012-10-17 12:41:35 EDT</DateTime><ThumbUp>0</ThumbUp><ThumbDown>0</ThumbDown><Sentiment>Strong Buy</Sentiment></Message><Message type="ReplyMessage"><Id>1350492467995-72</Id><Topic><Title>Apple should acquire Yahoo as a whole for search...</Title><Username>yinvestor</Username><Timestamp>1350481318530</Timestamp><DateTime>Wed, 2012-10-17 09:41:58 EDT</DateTime></Topic><Msg>Wow! It looks like shorts are really scared to this possibility. A lot of famous shorts are replying to my post. So this means it's very possible that Apple would aquire Yahoo, why not?. LOL</Msg><Username>yinvestor</Username><Timestamp>1350492467995</Timestamp><DateTime>Wed, 2012-10-17 12:47:47 EDT</DateTime><ThumbUp>0</ThumbUp><ThumbDown>3</ThumbDown><Sentiment/></Message><Message type="ReplyMessage"><Id>1350492591953-73</Id><Topic><Title>Needham &amp; Company Gives Buy Rating to Yahoo! Price Target $19</Title><Username>thetoadtimes</Username><Timestamp>1350474894206</Timestamp><DateTime>Wed, 2012-10-17 07:54:54 EDT</DateTime></Topic><Msg>$19 is too low. That will get upgraded before the end of the year.</Msg><Username>opengslide</Username><Timestamp>1350492591953</Timestamp><DateTime>Wed, 2012-10-17 12:49:51 EDT</DateTime><ThumbUp>0</ThumbUp><ThumbDown>0</ThumbDown><Sentiment/></Message><Message type="ReplyMessage"><Id>1350492720436-74</Id><Topic><Title>Apple should acquire Yahoo as a whole for search...</Title><Username>yinvestor</Username><Timestamp>1350481318530</Timestamp><DateTime>Wed, 2012-10-17 09:41:58 EDT</DateTime></Topic><Msg>Let's give Apple an advice, get Yahoo for $30B with $20B cash and $10B stock, Then sell all the Alibaba and Yahoo Japan holding to get $20B cash back. Made Yahoo the default search on IOS, cancel MSFT deal and improve Yahoo search instead of developing its own search.</Msg><Username>yinvestor</Username><Timestamp>1350492720436</Timestamp><DateTime>Wed, 2012-10-17 12:52:00 EDT</DateTime><ThumbUp>0</ThumbUp><ThumbDown>3</ThumbDown><Sentiment/></Message><Message type="ReplyMessage"><Id>1350492882550-75</Id><Topic><Title>Apple should acquire Yahoo as a whole for search...</Title><Username>yinvestor</Username><Timestamp>1350481318530</Timestamp><DateTime>Wed, 2012-10-17 09:41:58 EDT</DateTime></Topic><Msg>These people, grey116677, dr.gloom, hotmodel, fred.jackson55, jmbo54, mich79, lexi623, are the same person with different aliases.</Msg><Username>yinvestor</Username><Timestamp>1350492882550</Timestamp><DateTime>Wed, 2012-10-17 12:54:42 EDT</DateTime><ThumbUp>0</ThumbUp><ThumbDown>2</ThumbDown><Sentiment/></Message><Message type="ReplyMessage"><Id>1350492916173-76</Id><Topic><Title>Wall Street is high on Yahoo!</Title><Username>thetoadtimes</Username><Timestamp>1350491998292</Timestamp><DateTime>Wed, 2012-10-17 12:39:58 EDT</DateTime></Topic><Msg>with a good earnings report,possible buy back or special dividend and further upgrades, this stock will move much higher. its sure is trading that way today.</Msg><Username>swilson1289</Username><Timestamp>1350492916173</Timestamp><DateTime>Wed, 2012-10-17 12:55:16 EDT</DateTime><ThumbUp>1</ThumbUp><ThumbDown>0</ThumbDown><Sentiment/></Message><Message type="ReplyMessage"><Id>1350492967045-77</Id><Topic><Title>Apple should acquire Yahoo as a whole for search...</Title><Username>yinvestor</Username><Timestamp>1350481318530</Timestamp><DateTime>Wed, 2012-10-17 09:41:58 EDT</DateTime></Topic><Msg>They buy or sell tons of options, calls, puts. All they want is to swing trade Yahoo and gain from options.</Msg><Username>yinvestor</Username><Timestamp>1350492967045</Timestamp><DateTime>Wed, 2012-10-17 12:56:07 EDT</DateTime><ThumbUp>0</ThumbUp><ThumbDown>2</ThumbDown><Sentiment/></Message><Message type="ReplyMessage"><Id>1350493003643-78</Id><Topic><Title>Apple should acquire Yahoo as a whole for search...</Title><Username>yinvestor</Username><Timestamp>1350481318530</Timestamp><DateTime>Wed, 2012-10-17 09:41:58 EDT</DateTime></Topic><Msg>So just ignore what they are saying since they want to fool you to gain from you - Yahoo shareholders.</Msg><Username>yinvestor</Username><Timestamp>1350493003643</Timestamp><DateTime>Wed, 2012-10-17 12:56:43 EDT</DateTime><ThumbUp>0</ThumbUp><ThumbDown>2</ThumbDown><Sentiment/></Message><Message type="ReplyMessage"><Id>1350493114605-79</Id><Topic><Title>No-brainer Shorting opportunity?</Title><Username>caixujin</Username><Timestamp>1350485181245</Timestamp><DateTime>Wed, 2012-10-17 10:46:21 EDT</DateTime></Topic><Msg>it seems someone is shorting quite a lot at $16.06.</Msg><Username>caixujin</Username><Timestamp>1350493114605</Timestamp><DateTime>Wed, 2012-10-17 12:58:34 EDT</DateTime><ThumbUp>0</ThumbUp><ThumbDown>0</ThumbDown><Sentiment/></Message><Message type="ReplyMessage"><Id>1350493140980-80</Id><Topic><Title>Apple should acquire Yahoo as a whole for search...</Title><Username>yinvestor</Username><Timestamp>1350481318530</Timestamp><DateTime>Wed, 2012-10-17 09:41:58 EDT</DateTime></Topic><Msg>They short, short and short until one day, Yahoo pop up $10 for buyout news, they don't have enough time to cover and lose everything. This day is not far now after five years of waiting of Yahoo shareholders.</Msg><Username>yinvestor</Username><Timestamp>1350493140980</Timestamp><DateTime>Wed, 2012-10-17 12:59:00 EDT</DateTime><ThumbUp>0</ThumbUp><ThumbDown>2</ThumbDown><Sentiment/></Message><Message type="ReplyMessage"><Id>1350493387273-81</Id><Topic><Title>DeCastro Leaves Google For COO Position at Yahoo!</Title><Username>thetoadtimes</Username><Timestamp>1350344655196</Timestamp><DateTime>Mon, 2012-10-15 19:44:15 EDT</DateTime></Topic><Msg>Mayer will amaze on Monday.</Msg><Username>shelcorecrust</Username><Timestamp>1350493387273</Timestamp><DateTime>Wed, 2012-10-17 13:03:07 EDT</DateTime><ThumbUp>0</ThumbUp><ThumbDown>0</ThumbDown><Sentiment/></Message><Message type="ReplyMessage"><Id>1350493452824-82</Id><Topic><Title>3 Yahoo! Japan Options for Yahoo</Title><Username>ashton10shyof</Username><Timestamp>1350312003139</Timestamp><DateTime>Mon, 2012-10-15 10:40:03 EDT</DateTime></Topic><Msg>Watch how fast Dan Lobe lines up interested buyers for Yahoo's 45% of Yahoo Japan.</Msg><Username>shelcorecrust</Username><Timestamp>1350493452824</Timestamp><DateTime>Wed, 2012-10-17 13:04:12 EDT</DateTime><ThumbUp>1</ThumbUp><ThumbDown>1</ThumbDown><Sentiment/></Message><Message type="ReplyMessage"><Id>1350493502953-83</Id><Topic><Title>Is anyone shorting Yahoo at $15.72?</Title><Username>smedleypuddles</Username><Timestamp>1350328252348</Timestamp><DateTime>Mon, 2012-10-15 15:10:52 EDT</DateTime></Topic><Msg>lexi is a joke and only a joke.</Msg><Username>ashton10shyof</Username><Timestamp>1350493502953</Timestamp><DateTime>Wed, 2012-10-17 13:05:02 EDT</DateTime><ThumbUp>2</ThumbUp><ThumbDown>3</ThumbDown><Sentiment/></Message><Message type="ReplyMessage"><Id>1350493548934-84</Id><Topic><Title>Why Sprint's Softbank Deal Is Good for Yahoo!</Title><Username>thetoadtimes</Username><Timestamp>1350323454057</Timestamp><DateTime>Mon, 2012-10-15 13:50:54 EDT</DateTime></Topic><Msg>Dan Loeb is lining all interested buyers of Yahoo's 35% of Yahoo Japan.</Msg><Username>shelcorecrust</Username><Timestamp>1350493548934</Timestamp><DateTime>Wed, 2012-10-17 13:05:48 EDT</DateTime><ThumbUp>0</ThumbUp><ThumbDown>1</ThumbDown><Sentiment/></Message><Message type="ReplyMessage"><Id>1350493589765-85</Id><Topic><Title>With a buyback, Yahoo’s stock can double to $32 within a year: analyst at Gabelli &amp; Co</Title><Username>oldmaneddie81</Username><Timestamp>1349682177226</Timestamp><DateTime>Mon, 2012-10-08 03:42:57 EDT</DateTime></Topic><Msg>Maybe more if Alibaba Group goes public in 2013.</Msg><Username>ashton10shyof</Username><Timestamp>1350493589765</Timestamp><DateTime>Wed, 2012-10-17 13:06:29 EDT</DateTime><ThumbUp>1</ThumbUp><ThumbDown>2</ThumbDown><Sentiment/></Message><Message type="ReplyMessage"><Id>1350493634375-86</Id><Topic><Title>Yahoo reinstated as a buy by Goldman Sachs - Target $22</Title><Username>yp_john_san_francisco_323</Username><Timestamp>1348717503980</Timestamp><DateTime>Wed, 2012-09-26 23:45:03 EDT</DateTime></Topic><Msg>Yahoo will trade at $40 with an Alibaba Group IPO.</Msg><Username>ashton10shyof</Username><Timestamp>1350493634375</Timestamp><DateTime>Wed, 2012-10-17 13:07:14 EDT</DateTime><ThumbUp>0</ThumbUp><ThumbDown>2</ThumbDown><Sentiment/></Message><Message type="ReplyMessage"><Id>1350493649806-87</Id><Topic><Title>Apple should acquire Yahoo as a whole for search...</Title><Username>yinvestor</Username><Timestamp>1350481318530</Timestamp><DateTime>Wed, 2012-10-17 09:41:58 EDT</DateTime></Topic><Msg>"A lot of famous shorts are replying to my post." Stating that Apple will never buy Yahoo isn't a short position or a long position. Identifying why Apple will never buy Yahoo isn't a short or long position. Both are positions of sanity, as opposed to those who think Apple has any interest in Yahoo or that Apple would spend $1 on Yahoo which are positions of Complete Insanity! Even the few credible longs on this board can tell you are posting from desperation based on your breathless passion for a fantasy. That said you could have had a wonderful career as the programmer of the Teleprompter of the United States. Unfortunately for you that job will be eliminated early in the new year.</Msg><Username>grey116677</Username><Timestamp>1350493649806</Timestamp><DateTime>Wed, 2012-10-17 13:07:29 EDT</DateTime><ThumbUp>3</ThumbUp><ThumbDown>2</ThumbDown><Sentiment/></Message><Message type="ReplyMessage"><Id>1350493678691-88</Id><Topic><Title>Needham &amp; Company Gives Buy Rating to Yahoo! Price Target $19</Title><Username>thetoadtimes</Username><Timestamp>1350474894206</Timestamp><DateTime>Wed, 2012-10-17 07:54:54 EDT</DateTime></Topic><Msg>Yahoo's buy rating of the day. Expect many more.</Msg><Username>brex742</Username><Timestamp>1350493678691</Timestamp><DateTime>Wed, 2012-10-17 13:07:58 EDT</DateTime><ThumbUp>0</ThumbUp><ThumbDown>0</ThumbDown><Sentiment/></Message><Message type="ReplyMessage"><Id>1350494477566-89</Id><Topic><Title>No-brainer Shorting opportunity?</Title><Username>caixujin</Username><Timestamp>1350485181245</Timestamp><DateTime>Wed, 2012-10-17 10:46:21 EDT</DateTime></Topic><Msg>Man, I am so stupid, I can not figure out how to know when some entity or person is shorting a stock. Can you please educate me on how you know or why it seems to you that somebody is shorting YHOO at 16.06. Tell me how you know this or why it seems to you to be the case, I need to know these things to be a good speculator!</Msg><Username>goldeagle14</Username><Timestamp>1350494477566</Timestamp><DateTime>Wed, 2012-10-17 13:21:17 EDT</DateTime><ThumbUp>0</ThumbUp><ThumbDown>0</ThumbDown><Sentiment/></Message><Message type="TopicMessage"><Id>1350494664935-90</Id><Title>MM TAKES CHARGE AT YAHOO SUNNYVALE HQ..</Title><Msg>JAPAN &amp; CHINA ASSETS SOAR.. ADVERTISING AND SALES COO IS AN AWESOME PICK. CFO IS THE BEST IN THE BUSINESS WITH 30 YRS EXPERINCE. YAHOO TAKES BACK MARKET SHARE THIS QUARTER. BING DEAL TO BE RENEGOGIATED....................yahoo got it all.. SO STRONG!!!!!!!!!!!!!!!!!!!!!!!!!!!!!!!!!!!!!!!!!!!!!!!!!!!!!!!!!!!!!!!!!!!!!!!!!!!!!!!!!!!!!!!!!!!!!!!!!!!!!!!!!!!!!!!!!!!!!</Msg><Username>oldmaneddie81</Username><Timestamp>1350494664935</Timestamp><DateTime>Wed, 2012-10-17 13:24:24 EDT</DateTime><ThumbUp>1</ThumbUp><ThumbDown>0</ThumbDown><Sentiment/></Message><Message type="ReplyMessage"><Id>1350494752364-91</Id><Topic><Title>MM TAKES CHARGE AT YAHOO SUNNYVALE HQ..</Title><Username>oldmaneddie81</Username><Timestamp>1350494664935</Timestamp><DateTime>Wed, 2012-10-17 13:24:24 EDT</DateTime></Topic><Msg>Your the man...you got it spot on!</Msg><Username>goldeagle14</Username><Timestamp>1350494752364</Timestamp><DateTime>Wed, 2012-10-17 13:25:52 EDT</DateTime><ThumbUp>1</ThumbUp><ThumbDown>0</ThumbDown><Sentiment>Strong Buy</Sentiment></Message><Message type="TopicMessage"><Id>1350494799846-92</Id><Title>YAHOO 52 DOLLARS PER SHARE THIS TIME NEXT YR</Title><Msg>GOOGLE IS FACING ANTITRUST HURDLES AND WILL BE IN COURT ALL THE TIME NOW. IT HAPPEN TO IBM YEARS AGO. LOOK IT UP!!! Too big for their bridges!!!!!!!!!!</Msg><Username>oldmaneddie81</Username><Timestamp>1350494799846</Timestamp><DateTime>Wed, 2012-10-17 13:26:39 EDT</DateTime><ThumbUp>0</ThumbUp><ThumbDown>1</ThumbDown><Sentiment/></Message><Message type="ReplyMessage"><Id>1350494847069-93</Id><Topic><Title>Is anyone shorting Yahoo at $15.72?</Title><Username>smedleypuddles</Username><Timestamp>1350328252348</Timestamp><DateTime>Mon, 2012-10-15 15:10:52 EDT</DateTime></Topic><Msg>Shorts are finished on this site. They look like a bunch of idiots.</Msg><Username>opengslide</Username><Timestamp>1350494847069</Timestamp><DateTime>Wed, 2012-10-17 13:27:27 EDT</DateTime><ThumbUp>2</ThumbUp><ThumbDown>3</ThumbDown><Sentiment/></Message><Message type="ReplyMessage"><Id>1350494919316-94</Id><Topic><Title>Yahoo Shorts Get Beatch Slapped!</Title><Username>nanobot8042</Username><Timestamp>1350483237929</Timestamp><DateTime>Wed, 2012-10-17 10:13:57 EDT</DateTime></Topic><Msg>Yahoo shorts are beaten down.</Msg><Username>opengslide</Username><Timestamp>1350494919316</Timestamp><DateTime>Wed, 2012-10-17 13:28:39 EDT</DateTime><ThumbUp>1</ThumbUp><ThumbDown>10</ThumbDown><Sentiment/></Message><Message type="ReplyMessage"><Id>1350494937295-95</Id><Topic><Title>MM TAKES CHARGE AT YAHOO SUNNYVALE HQ..</Title><Username>oldmaneddie81</Username><Timestamp>1350494664935</Timestamp><DateTime>Wed, 2012-10-17 13:24:24 EDT</DateTime></Topic><Msg>Yahoo is the best in business now. 52 dollars per share is on it's way.</Msg><Username>oldmaneddie81</Username><Timestamp>1350494937295</Timestamp><DateTime>Wed, 2012-10-17 13:28:57 EDT</DateTime><ThumbUp>1</ThumbUp><ThumbDown>0</ThumbDown><Sentiment/></Message><Message type="ReplyMessage"><Id>1350495115270-96</Id><Topic><Title>YAHOO 52 DOLLARS PER SHARE THIS TIME NEXT YR</Title><Username>oldmaneddie81</Username><Timestamp>1350494799846</Timestamp><DateTime>Wed, 2012-10-17 13:26:39 EDT</DateTime></Topic><Msg>I am with you whole hearted, Eddie 81, but WHOA man slow down, everybody knows YHOO aint going to be no higher than 51 bucks a share this time next year!</Msg><Username>goldeagle14</Username><Timestamp>1350495115270</Timestamp><DateTime>Wed, 2012-10-17 13:31:55 EDT</DateTime><ThumbUp>1</ThumbUp><ThumbDown>0</ThumbDown><Sentiment>Strong Buy</Sentiment></Message><Message type="ReplyMessage"><Id>1350495249177-97</Id><Topic><Title>Yahoo Shorts Get Beatch Slapped!</Title><Username>nanobot8042</Username><Timestamp>1350483237929</Timestamp><DateTime>Wed, 2012-10-17 10:13:57 EDT</DateTime></Topic><Msg>Come on shorts, slap me , slap me, slap me, at 16! And lose your A^S!</Msg><Username>goldeagle14</Username><Timestamp>1350495249177</Timestamp><DateTime>Wed, 2012-10-17 13:34:09 EDT</DateTime><ThumbUp>2</ThumbUp><ThumbDown>9</ThumbDown><Sentiment>Strong Buy</Sentiment></Message><Message type="ReplyMessage"><Id>1350495338508-98</Id><Topic><Title>Apple should acquire Yahoo as a whole for search...</Title><Username>yinvestor</Username><Timestamp>1350481318530</Timestamp><DateTime>Wed, 2012-10-17 09:41:58 EDT</DateTime></Topic><Msg>Hey, yinvestor, anyone who reads this thread will see that hotmodel is making a public testicle of you!! Maybe you should just crawl back into your ""Pumper" Hole!! You're getting your #$%$ kicked and you don't even realize it!! NO ONE believes a PUMPER who is DOWN on his buy. Move on, boy.</Msg><Username>fred.jackson55</Username><Timestamp>1350495338508</Timestamp><DateTime>Wed, 2012-10-17 13:35:38 EDT</DateTime><ThumbUp>2</ThumbUp><ThumbDown>2</ThumbDown><Sentiment/></Message><Message type="TopicMessage"><Id>1350495434136-99</Id><Title>MOSTLY WHAT MATTERS IS HOW MUCH YOU EARN PER QUARTER</Title><Msg>Yahoo earned 7.6 billion from ag sales &amp; at least another 1 billion in yahoo core sales. yes, taxes will be paid. But, still that is about 5.3 billion earned this q.</Msg><Username>oldmaneddie81</Username><Timestamp>1350495434136</Timestamp><DateTime>Wed, 2012-10-17 13:37:14 EDT</DateTime><ThumbUp>0</ThumbUp><ThumbDown>1</ThumbDown><Sentiment/></Message><Message type="ReplyMessage"><Id>1350495448162-100</Id><Topic><Title>Yahoo moving up heading into earnings</Title><Username>tetheredbird</Username><Timestamp>1350488942227</Timestamp><DateTime>Wed, 2012-10-17 11:49:02 EDT</DateTime></Topic><Msg>Yahoo will be $18 next week.</Msg><Username>neo1278alpha</Username><Timestamp>1350495448162</Timestamp><DateTime>Wed, 2012-10-17 13:37:28 EDT</DateTime><ThumbUp>1</ThumbUp><ThumbDown>1</ThumbDown><Sentiment/></Message><Message type="ReplyMessage"><Id>1350495861663-101</Id><Topic><Title>MOSTLY WHAT MATTERS IS HOW MUCH YOU EARN PER QUARTER</Title><Username>oldmaneddie81</Username><Timestamp>1350495434136</Timestamp><DateTime>Wed, 2012-10-17 13:37:14 EDT</DateTime></Topic><Msg>And Marissa is spending it as fast as it comes in!!! FREEBIES and HUGE Salaries for Everyone....Especially her old Google comrades!!</Msg><Username>fred.jackson55</Username><Timestamp>1350495861663</Timestamp><DateTime>Wed, 2012-10-17 13:44:21 EDT</DateTime><ThumbUp>0</ThumbUp><ThumbDown>0</ThumbDown><Sentiment/></Message><Message type="ReplyMessage"><Id>1350495938519-102</Id><Topic><Title>Yahoo moving up heading into earnings</Title><Username>tetheredbird</Username><Timestamp>1350488942227</Timestamp><DateTime>Wed, 2012-10-17 11:49:02 EDT</DateTime></Topic><Msg>Yeah, Im SHort aout 2,500 shares from $21. I ain't covering. How much you Down?</Msg><Username>fred.jackson55</Username><Timestamp>1350495938519</Timestamp><DateTime>Wed, 2012-10-17 13:45:38 EDT</DateTime><ThumbUp>0</ThumbUp><ThumbDown>1</ThumbDown><Sentiment/></Message><Message type="ReplyMessage"><Id>1350496014775-103</Id><Topic><Title>Yahoo moving up heading into earnings</Title><Username>tetheredbird</Username><Timestamp>1350488942227</Timestamp><DateTime>Wed, 2012-10-17 11:49:02 EDT</DateTime></Topic><Msg>You shorted Yahoo at $11. Don't try to lie it only makes you look stupid, hotmodel.</Msg><Username>remmy12554</Username><Timestamp>1350496014775</Timestamp><DateTime>Wed, 2012-10-17 13:46:54 EDT</DateTime><ThumbUp>0</ThumbUp><ThumbDown>0</ThumbDown><Sentiment/></Message><Message type="ReplyMessage"><Id>1350496036644-104</Id><Topic><Title>Apple should acquire Yahoo as a whole for search...</Title><Username>yinvestor</Username><Timestamp>1350481318530</Timestamp><DateTime>Wed, 2012-10-17 09:41:58 EDT</DateTime></Topic><Msg>Hotmodel: Romney's already promised Big Bird the job so it's staying in the USA. Square would be an interesting acquisition. If I am understanding a number of these new transaction entrants correctly the big losers are going to be Visa and Mastercard and those high transaction fees they charge. The lower the transaction fees the more merchants are willing to accept credit for $1 items, so then more opportunity to coupon and sell ads. Unfortunately, I have a feeling that Marissa is instead going to make a run at Open Table. It is just a feeling I have and not based on anything other than her Goog acquisition of Zagat. But, open table could be transformed into a service for a lot of other customer service type companies.</Msg><Username>grey116677</Username><Timestamp>1350496036644</Timestamp><DateTime>Wed, 2012-10-17 13:47:16 EDT</DateTime><ThumbUp>2</ThumbUp><ThumbDown>0</ThumbDown><Sentiment/></Message><Message type="ReplyMessage"><Id>1350496049770-105</Id><Topic><Title>With a buyback, Yahoo’s stock can double to $32 within a year: analyst at Gabelli &amp; Co</Title><Username>oldmaneddie81</Username><Timestamp>1349682177226</Timestamp><DateTime>Mon, 2012-10-08 03:42:57 EDT</DateTime></Topic><Msg>Shorts don't like this thread.</Msg><Username>remmy12554</Username><Timestamp>1350496049770</Timestamp><DateTime>Wed, 2012-10-17 13:47:29 EDT</DateTime><ThumbUp>1</ThumbUp><ThumbDown>2</ThumbDown><Sentiment/></Message><Message type="ReplyMessage"><Id>1350496136001-106</Id><Topic><Title>Yahoo reinstated as a buy by Goldman Sachs - Target $22</Title><Username>yp_john_san_francisco_323</Username><Timestamp>1348717503980</Timestamp><DateTime>Wed, 2012-09-26 23:45:03 EDT</DateTime></Topic><Msg>hotmodel is a scared short that lost all her money. Why didn't you listen to coldone hotmodel? You look so stupid arguing with coldone's buys in the $11s to $15s. Could you be any more stupid?</Msg><Username>remmy12554</Username><Timestamp>1350496136001</Timestamp><DateTime>Wed, 2012-10-17 13:48:56 EDT</DateTime><ThumbUp>1</ThumbUp><ThumbDown>0</ThumbDown><Sentiment/></Message><Message type="ReplyMessage"><Id>1350496170803-107</Id><Topic><Title>Is anyone shorting Yahoo at $15.72?</Title><Username>smedleypuddles</Username><Timestamp>1350328252348</Timestamp><DateTime>Mon, 2012-10-15 15:10:52 EDT</DateTime></Topic><Msg>This seems to shut up the bashers.</Msg><Username>remmy12554</Username><Timestamp>1350496170803</Timestamp><DateTime>Wed, 2012-10-17 13:49:30 EDT</DateTime><ThumbUp>2</ThumbUp><ThumbDown>3</ThumbDown><Sentiment/></Message><Message type="ReplyMessage"><Id>1350496281206-108</Id><Topic><Title>What did you say when coldone told you to buy at $11, $12, $13 and $14, hotmodel?</Title><Username>nanobot8042</Username><Timestamp>1348080744585</Timestamp><DateTime>Wed, 2012-09-19 14:52:24 EDT</DateTime></Topic><Msg>coldone is a genius when it comes to trading Yahoo.</Msg><Username>opengslide</Username><Timestamp>1350496281206</Timestamp><DateTime>Wed, 2012-10-17 13:51:21 EDT</DateTime><ThumbUp>2</ThumbUp><ThumbDown>1</ThumbDown><Sentiment/></Message><Message type="ReplyMessage"><Id>1350496387026-109</Id><Topic><Title>Needham &amp; Company Gives Buy Rating to Yahoo! Price Target $19</Title><Username>thetoadtimes</Username><Timestamp>1350474894206</Timestamp><DateTime>Wed, 2012-10-17 07:54:54 EDT</DateTime></Topic><Msg>Yahoo could see a quick 10% gain next week.</Msg><Username>opengslide</Username><Timestamp>1350496387026</Timestamp><DateTime>Wed, 2012-10-17 13:53:07 EDT</DateTime><ThumbUp>0</ThumbUp><ThumbDown>0</ThumbDown><Sentiment/></Message><Message type="ReplyMessage"><Id>1350496935781-110</Id><Topic><Title>I bought at $16.39 pre-earnings</Title><Username>nanobot8042</Username><Timestamp>1302549191000</Timestamp><DateTime>Mon, 2011-04-11 15:13:11 EDT</DateTime></Topic><Msg>April 11, 2011 !! Ha, Ha, Ha, Ha</Msg><Username>fred.jackson55</Username><Timestamp>1350496935781</Timestamp><DateTime>Wed, 2012-10-17 14:02:15 EDT</DateTime><ThumbUp>2</ThumbUp><ThumbDown>1</ThumbDown><Sentiment/></Message><Message type="ReplyMessage"><Id>1350497180598-111</Id><Topic><Title>What did you say when coldone told you to buy at $11, $12, $13 and $14, hotmodel?</Title><Username>nanobot8042</Username><Timestamp>1348080744585</Timestamp><DateTime>Wed, 2012-09-19 14:52:24 EDT</DateTime></Topic><Msg>coldone made a fool out of hotmodel. When is coldone coming back from vacation?</Msg><Username>shelcorecrust</Username><Timestamp>1350497180598</Timestamp><DateTime>Wed, 2012-10-17 14:06:20 EDT</DateTime><ThumbUp>3</ThumbUp><ThumbDown>1</ThumbDown><Sentiment/></Message><Message type="ReplyMessage"><Id>1350497201077-112</Id><Topic><Title>Apple should acquire Yahoo as a whole for search...</Title><Username>yinvestor</Username><Timestamp>1350481318530</Timestamp><DateTime>Wed, 2012-10-17 09:41:58 EDT</DateTime></Topic><Msg>"I say don't be too cocky there Grey. " Well, I've posted it elsewhere so I'll post it here also. Obama will be lucky to win 87 electoral votes. California will be in play by the end of next week. Here is why I say Romney will win. Polling data from metropolitan areas with high Gay populations are leaning toward Romney at between 35% and 40% up from the usual 8% to 10%. The general belief is that in metro areas Gays don't worry about their lifestyle being infringed upon, but since so many of them are self employed or business owners they are far more concerned about taxes and regulations and such this time around. That is enough of a swing to let out state votes carry Romney to victory in places like Colorado, Wisconsin, and yes California.</Msg><Username>grey116677</Username><Timestamp>1350497201077</Timestamp><DateTime>Wed, 2012-10-17 14:06:41 EDT</DateTime><ThumbUp>2</ThumbUp><ThumbDown>1</ThumbDown><Sentiment/></Message><Message type="TopicMessage"><Id>1350497257108-113</Id><Title>Mitt will apply gop science and gop economics and achieve a miracle</Title><Msg>Mitts promise to fix all economic problems with tax cuts has a lot of appeal... get more pay less! get your tax cuts now before it's too late! buy Mitt cure all elixer ,NOW! (formerly bush cure all elixer) And the gop has their own facts on science and economics: Earth is 9,000 years old, says Rep. Paul Broun, who sits on House Science Committee. fellow gop science committee member Aikin agreed and also says women have a miraculous power to fight off a rapist's sperm ..... legitimate rape, the female body has ways to try to shut the whole thing down....... W's tax cuts got rid of the projected $6trillion surplus and turned it into a $5 trillion deficit....... the new tax cuts, though will get rid of the deficit! Just trust Mitt!!</Msg><Username>hydroponicoctopus</Username><Timestamp>1350497257108</Timestamp><DateTime>Wed, 2012-10-17 14:07:37 EDT</DateTime><ThumbUp>1</ThumbUp><ThumbDown>2</ThumbDown><Sentiment/></Message><Message type="ReplyMessage"><Id>1350497258580-114</Id><Topic><Title>Now that Marissa is back to Part-Time Work, Any idea when she will return Full-Time?</Title><Username>pearlprue</Username><Timestamp>1350484187521</Timestamp><DateTime>Wed, 2012-10-17 10:29:47 EDT</DateTime></Topic><Msg>must be nice to be getting paid millions and work less</Msg><Username>panatllc</Username><Timestamp>1350497258580</Timestamp><DateTime>Wed, 2012-10-17 14:07:38 EDT</DateTime><ThumbUp>1</ThumbUp><ThumbDown>0</ThumbDown><Sentiment/></Message><Message type="ReplyMessage"><Id>1350497851813-115</Id><Topic><Title>To whom it may concern.</Title><Username>dr.gloom</Username><Timestamp>1276031248000</Timestamp><DateTime>Tue, 2010-06-08 17:07:28 EDT</DateTime></Topic><Msg>Yahoo huge earnings all pockets full of cash coming up. They will use the big truck for the second half of Yahoo's stake in Alibaba. That will be for $20 gazillion. By November Yahoo will get $700 umptillion from Yahoo! Japan. Pay a huge special dividend every day in December and buy Microsoft and Apple. Yahoo is up 12 cents, almost a major short squeeze. Now start seriously buying. We can´t let Yahoo finish under $16. Make a short cry; buy, buy, buy!</Msg><Username>dr.gloom</Username><Timestamp>1350497851813</Timestamp><DateTime>Wed, 2012-10-17 14:17:31 EDT</DateTime><ThumbUp>2</ThumbUp><ThumbDown>1</ThumbDown><Sentiment/></Message><Message type="ReplyMessage"><Id>1350498002377-116</Id><Topic><Title>The coldone bought more at $16.99!!</Title><Username>dr.gloom</Username><Timestamp>1348252218110</Timestamp><DateTime>Fri, 2012-09-21 14:30:18 EDT</DateTime></Topic><Msg>copy/paste is great.</Msg><Username>dr.gloom</Username><Timestamp>1350498002377</Timestamp><DateTime>Wed, 2012-10-17 14:20:02 EDT</DateTime><ThumbUp>0</ThumbUp><ThumbDown>2</ThumbDown><Sentiment/></Message><Message type="ReplyMessage"><Id>1350498053690-117</Id><Topic><Title>What did you say when coldone told you to buy at $11, $12, $13 and $14, hotmodel?</Title><Username>nanobot8042</Username><Timestamp>1348080744585</Timestamp><DateTime>Wed, 2012-09-19 14:52:24 EDT</DateTime></Topic><Msg>coldone made the bashers eat their own words.</Msg><Username>brex742</Username><Timestamp>1350498053690</Timestamp><DateTime>Wed, 2012-10-17 14:20:53 EDT</DateTime><ThumbUp>3</ThumbUp><ThumbDown>1</ThumbDown><Sentiment/></Message><Message type="ReplyMessage"><Id>1350499238189-118</Id><Topic><Title>I bought at $16.08</Title><Username>bflathalfdim</Username><Timestamp>1305296087000</Timestamp><DateTime>Fri, 2011-05-13 10:14:47 EDT</DateTime></Topic><Msg>17 months, supertrader.</Msg><Username>dr.gloom</Username><Timestamp>1350499238189</Timestamp><DateTime>Wed, 2012-10-17 14:40:38 EDT</DateTime><ThumbUp>2</ThumbUp><ThumbDown>0</ThumbDown><Sentiment/></Message><Message type="ReplyMessage"><Id>1350500425182-119</Id><Topic><Title>Apple should acquire Yahoo as a whole for search...</Title><Username>yinvestor</Username><Timestamp>1350481318530</Timestamp><DateTime>Wed, 2012-10-17 09:41:58 EDT</DateTime></Topic><Msg>Pearlprue is another alias of them.</Msg><Username>yinvestor</Username><Timestamp>1350500425182</Timestamp><DateTime>Wed, 2012-10-17 15:00:25 EDT</DateTime><ThumbUp>1</ThumbUp><ThumbDown>2</ThumbDown><Sentiment/></Message><Message type="ReplyMessage"><Id>1350501386043-120</Id><Topic><Title>Apple should acquire Yahoo as a whole for search...</Title><Username>yinvestor</Username><Timestamp>1350481318530</Timestamp><DateTime>Wed, 2012-10-17 09:41:58 EDT</DateTime></Topic><Msg>Shorts are crying now. Please cry harder since I can't hear you. LOL</Msg><Username>yinvestor</Username><Timestamp>1350501386043</Timestamp><DateTime>Wed, 2012-10-17 15:16:26 EDT</DateTime><ThumbUp>0</ThumbUp><ThumbDown>3</ThumbDown><Sentiment/></Message><Message type="ReplyMessage"><Id>1350501616765-121</Id><Topic><Title>Yahoo Shorts Get Beatch Slapped!</Title><Username>nanobot8042</Username><Timestamp>1350483237929</Timestamp><DateTime>Wed, 2012-10-17 10:13:57 EDT</DateTime></Topic><Msg>That shut up the bashers.</Msg><Username>brex742</Username><Timestamp>1350501616765</Timestamp><DateTime>Wed, 2012-10-17 15:20:16 EDT</DateTime><ThumbUp>2</ThumbUp><ThumbDown>4</ThumbDown><Sentiment/></Message><Message type="ReplyMessage"><Id>1350501757620-122</Id><Topic><Title>Apple should acquire Yahoo as a whole for search...</Title><Username>yinvestor</Username><Timestamp>1350481318530</Timestamp><DateTime>Wed, 2012-10-17 09:41:58 EDT</DateTime></Topic><Msg>You're the same Idiot who was telling everyone we would hit $18 in September!! You are one Blatant PUMPER!! How much do they pay you to PUMP this POS stock? Pumpers are a dime a dozen, but in your case just a fraction of a cent. Hey, do us ALL a big favor and let us know when you make your 1st profitable trade!! Now go gwet your homework done and take the garbage out like a good boy!! Get Boy!!!!</Msg><Username>jmambo54</Username><Timestamp>1350501757620</Timestamp><DateTime>Wed, 2012-10-17 15:22:37 EDT</DateTime><ThumbUp>2</ThumbUp><ThumbDown>0</ThumbDown><Sentiment/></Message><Message type="ReplyMessage"><Id>1350501865024-123</Id><Topic><Title>Yahoo Shorts Get Beatch Slapped!</Title><Username>nanobot8042</Username><Timestamp>1350483237929</Timestamp><DateTime>Wed, 2012-10-17 10:13:57 EDT</DateTime></Topic><Msg>The bashers on this board are good comedy.</Msg><Username>opengslide</Username><Timestamp>1350501865024</Timestamp><DateTime>Wed, 2012-10-17 15:24:25 EDT</DateTime><ThumbUp>1</ThumbUp><ThumbDown>4</ThumbDown><Sentiment/></Message><Message type="ReplyMessage"><Id>1350501906806-124</Id><Topic><Title>I bought at $16.39 pre-earnings</Title><Username>nanobot8042</Username><Timestamp>1302549191000</Timestamp><DateTime>Mon, 2011-04-11 15:13:11 EDT</DateTime></Topic><Msg>Excellent, a year and 1/2 later and you STILL haven't broke even!! How much you lose on DNDN?</Msg><Username>jmambo54</Username><Timestamp>1350501906806</Timestamp><DateTime>Wed, 2012-10-17 15:25:06 EDT</DateTime><ThumbUp>2</ThumbUp><ThumbDown>1</ThumbDown><Sentiment/></Message><Message type="ReplyMessage"><Id>1350501996694-125</Id><Topic><Title>What did you say when coldone told you to buy at $11, $12, $13 and $14, hotmodel?</Title><Username>nanobot8042</Username><Timestamp>1348080744585</Timestamp><DateTime>Wed, 2012-09-19 14:52:24 EDT</DateTime></Topic><Msg>coldone is the best.</Msg><Username>tetheredbird</Username><Timestamp>1350501996694</Timestamp><DateTime>Wed, 2012-10-17 15:26:36 EDT</DateTime><ThumbUp>3</ThumbUp><ThumbDown>2</ThumbDown><Sentiment/></Message><Message type="ReplyMessage"><Id>1350502011354-126</Id><Topic><Title>Yahoo Shorts Get Beatch Slapped!</Title><Username>nanobot8042</Username><Timestamp>1350483237929</Timestamp><DateTime>Wed, 2012-10-17 10:13:57 EDT</DateTime></Topic><Msg>They would cry harder when Yahoo hits $20 in three months.</Msg><Username>yinvestor</Username><Timestamp>1350502011354</Timestamp><DateTime>Wed, 2012-10-17 15:26:51 EDT</DateTime><ThumbUp>0</ThumbUp><ThumbDown>9</ThumbDown><Sentiment/></Message><Message type="ReplyMessage"><Id>1350502067008-127</Id><Topic><Title>Yahoo Shorts Get Beatch Slapped!</Title><Username>nanobot8042</Username><Timestamp>1350483237929</Timestamp><DateTime>Wed, 2012-10-17 10:13:57 EDT</DateTime></Topic><Msg>The board bashers and shorts lose to the coldone. hotmodel, gloom, lexi and the rest are useless fools.</Msg><Username>neo1278alpha</Username><Timestamp>1350502067008</Timestamp><DateTime>Wed, 2012-10-17 15:27:47 EDT</DateTime><ThumbUp>1</ThumbUp><ThumbDown>2</ThumbDown><Sentiment/></Message><Message type="ReplyMessage"><Id>1350502101765-128</Id><Topic><Title>Apple should acquire Yahoo as a whole for search...</Title><Username>yinvestor</Username><Timestamp>1350481318530</Timestamp><DateTime>Wed, 2012-10-17 09:41:58 EDT</DateTime></Topic><Msg>Yahoo price is out of control now! $17! $18! $19! $20! $22! $30!</Msg><Username>yinvestor</Username><Timestamp>1350502101765</Timestamp><DateTime>Wed, 2012-10-17 15:28:21 EDT</DateTime><ThumbUp>0</ThumbUp><ThumbDown>3</ThumbDown><Sentiment/></Message><Message type="TopicMessage"><Id>1350502357414-129</Id><Title>You can see this coming a mile away!</Title><Msg>Bing partners with Yahoo. Google execs are recruited. Hang on for the ride!</Msg><Username>dnatestingonline</Username><Timestamp>1350502357414</Timestamp><DateTime>Wed, 2012-10-17 15:32:37 EDT</DateTime><ThumbUp>1</ThumbUp><ThumbDown>1</ThumbDown><Sentiment>Strong Buy</Sentiment></Message><Message type="ReplyMessage"><Id>1350502897140-130</Id><Topic><Title>Yahoo Shorts Get Beatch Slapped!</Title><Username>nanobot8042</Username><Timestamp>1350483237929</Timestamp><DateTime>Wed, 2012-10-17 10:13:57 EDT</DateTime></Topic><Msg>It won't be long before they are all gone. Coldone drove most of them away. The only one left is hotmodel and her 30 aliases. hotmodel would rather get laughed at then to have to face her miserable life stuck in her mother's house.</Msg><Username>brex742</Username><Timestamp>1350502897140</Timestamp><DateTime>Wed, 2012-10-17 15:41:37 EDT</DateTime><ThumbUp>1</ThumbUp><ThumbDown>3</ThumbDown><Sentiment/></Message><Message type="ReplyMessage"><Id>1350503106641-131</Id><Topic><Title>Apple should acquire Yahoo as a whole for search...</Title><Username>yinvestor</Username><Timestamp>1350481318530</Timestamp><DateTime>Wed, 2012-10-17 09:41:58 EDT</DateTime></Topic><Msg>lol He's got his skirt on, his pom, poms, and he's Cheerleading, like all good Pumpers do!! Go get 'em Girly Boy!!</Msg><Username>jmambo54</Username><Timestamp>1350503106641</Timestamp><DateTime>Wed, 2012-10-17 15:45:06 EDT</DateTime><ThumbUp>0</ThumbUp><ThumbDown>0</ThumbDown><Sentiment/></Message><Message type="ReplyMessage"><Id>1350503344129-132</Id><Topic><Title>With a buyback, Yahoo’s stock can double to $32 within a year: analyst at Gabelli &amp; Co</Title><Username>oldmaneddie81</Username><Timestamp>1349682177226</Timestamp><DateTime>Mon, 2012-10-08 03:42:57 EDT</DateTime></Topic><Msg>The longer Alibaba waits to go public the more money Yahoo will get.</Msg><Username>shelcorecrust</Username><Timestamp>1350503344129</Timestamp><DateTime>Wed, 2012-10-17 15:49:04 EDT</DateTime><ThumbUp>1</ThumbUp><ThumbDown>2</ThumbDown><Sentiment/></Message><Message type="ReplyMessage"><Id>1350503383981-133</Id><Topic><Title>What did you say when coldone told you to buy at $11, $12, $13 and $14, hotmodel?</Title><Username>nanobot8042</Username><Timestamp>1348080744585</Timestamp><DateTime>Wed, 2012-09-19 14:52:24 EDT</DateTime></Topic><Msg>No one bothers to read hotmodel's posts.</Msg><Username>ashton10shyof</Username><Timestamp>1350503383981</Timestamp><DateTime>Wed, 2012-10-17 15:49:43 EDT</DateTime><ThumbUp>3</ThumbUp><ThumbDown>1</ThumbDown><Sentiment/></Message><Message type="ReplyMessage"><Id>1350503501293-134</Id><Topic><Title>With a buyback, Yahoo’s stock can double to $32 within a year: analyst at Gabelli &amp; Co</Title><Username>oldmaneddie81</Username><Timestamp>1349682177226</Timestamp><DateTime>Mon, 2012-10-08 03:42:57 EDT</DateTime></Topic><Msg>$110 in 5 1/2 months would be Even More Amazing!!!! lol</Msg><Username>jmambo54</Username><Timestamp>1350503501293</Timestamp><DateTime>Wed, 2012-10-17 15:51:41 EDT</DateTime><ThumbUp>2</ThumbUp><ThumbDown>2</ThumbDown><Sentiment/></Message><Message type="TopicMessage"><Id>1350503565492-135</Id><Title>Mayer Saya New COO De Castro Will Start in Mid-November</Title><Msg>Yahoo CEO Marissa Mayer just told the company’s advertising sales staff that new COO Henrique De Castro will start around November 12. Mayer confirmed that Barrett would be leaving.</Msg><Username>thetoadtimes</Username><Timestamp>1350503565492</Timestamp><DateTime>Wed, 2012-10-17 15:52:45 EDT</DateTime><ThumbUp>1</ThumbUp><ThumbDown>3</ThumbDown><Sentiment/></Message><Message type="ReplyMessage"><Id>1350503807797-136</Id><Topic><Title>Mayer Saya New COO De Castro Will Start in Mid-November</Title><Username>thetoadtimes</Username><Timestamp>1350503565492</Timestamp><DateTime>Wed, 2012-10-17 15:52:45 EDT</DateTime></Topic><Msg>What r they paying him, $60 Million?? I suppose he gets everything else FREE, too, huh?</Msg><Username>jmambo54</Username><Timestamp>1350503807797</Timestamp><DateTime>Wed, 2012-10-17 15:56:47 EDT</DateTime><ThumbUp>3</ThumbUp><ThumbDown>1</ThumbDown><Sentiment/></Message><Message type="TopicMessage"><Id>1350504734351-137</Id><Title>3rd Quarter release date for Yhoo is October 22 after close.</Title><Msg>The street consensus estimate for YHOO is $0.25 I'm a psychic, I can tell you Yhoo will beat estimate by 4 cents to $.29 cents</Msg><Username>big_saciccio</Username><Timestamp>1350504734351</Timestamp><DateTime>Wed, 2012-10-17 16:12:14 EDT</DateTime><ThumbUp>1</ThumbUp><ThumbDown>1</ThumbDown><Sentiment>Strong Buy</Sentiment></Message><Message type="TopicMessage"><Id>1350505436307-138</Id><Title>Mayer Says New COO De Castro Will Start in Mid-November</Title><Msg>Yahoo CEO Marissa Mayer just told the company’s advertising sales staff that new COO Henrique De Castro will start around November 12. Mayer confirmed that Barrett would be leaving.</Msg><Username>thetoadtimes</Username><Timestamp>1350505436307</Timestamp><DateTime>Wed, 2012-10-17 16:23:56 EDT</DateTime><ThumbUp>3</ThumbUp><ThumbDown>2</ThumbDown><Sentiment/></Message><Message type="ReplyMessage"><Id>1350506002700-139</Id><Topic><Title>Yahoo Shorts Get Beatch Slapped!</Title><Username>nanobot8042</Username><Timestamp>1350483237929</Timestamp><DateTime>Wed, 2012-10-17 10:13:57 EDT</DateTime></Topic><Msg>Yahoo shorts like hotmodel got slapped hard today.</Msg><Username>remmy12554</Username><Timestamp>1350506002700</Timestamp><DateTime>Wed, 2012-10-17 16:33:22 EDT</DateTime><ThumbUp>2</ThumbUp><ThumbDown>9</ThumbDown><Sentiment/></Message><Message type="ReplyMessage"><Id>1350506172549-140</Id><Topic><Title>Mayer Says New COO De Castro Will Start in Mid-November</Title><Username>thetoadtimes</Username><Timestamp>1350505436307</Timestamp><DateTime>Wed, 2012-10-17 16:23:56 EDT</DateTime></Topic><Msg>Good news. The sooner Mayer has her team in place the better.</Msg><Username>tetheredbird</Username><Timestamp>1350506172549</Timestamp><DateTime>Wed, 2012-10-17 16:36:12 EDT</DateTime><ThumbUp>1</ThumbUp><ThumbDown>3</ThumbDown><Sentiment/></Message><Message type="ReplyMessage"><Id>1350507745016-141</Id><Topic><Title>Yahoo Shorts Get Beatch Slapped!</Title><Username>nanobot8042</Username><Timestamp>1350483237929</Timestamp><DateTime>Wed, 2012-10-17 10:13:57 EDT</DateTime></Topic><Msg>Still as dorky as ever, huh, coldie-alias. And you also told everyone to buy all the way down to $11 from the $40s, except for that brief period when you told everyone to hold and not sell when Microsoft came calling with a buyout. What a buffoon! You're holding onto a steaming pile of dead money and you'll never recover your costs.</Msg><Username>split29_2005</Username><Timestamp>1350507745016</Timestamp><DateTime>Wed, 2012-10-17 17:02:25 EDT</DateTime><ThumbUp>9</ThumbUp><ThumbDown>2</ThumbDown><Sentiment/></Message><Message type="TopicMessage"><Id>1350507987644-142</Id><Title>When will YHOO get credit for beating earnings 5 Q's in a row, being a tech co. that....</Title><Msg>.....has tons of cash, is starting to grow its business again and has many users and much content, has fast growing Asia stake and even Y-Jap is now doing well? It seems YHOO deserves a higher PE and move value for its assets. Of course they should sell the company to really get its value out.</Msg><Username>mewag51</Username><Timestamp>1350507987644</Timestamp><DateTime>Wed, 2012-10-17 17:06:27 EDT</DateTime><ThumbUp>0</ThumbUp><ThumbDown>2</ThumbDown><Sentiment/></Message><Message type="ReplyMessage"><Id>1350508039771-143</Id><Topic><Title>I bought at $16.39 pre-earnings</Title><Username>nanobot8042</Username><Timestamp>1302549191000</Timestamp><DateTime>Mon, 2011-04-11 15:13:11 EDT</DateTime></Topic><Msg>You Da Man, Nano!! Hilarious!!</Msg><Username>lexi623</Username><Timestamp>1350508039771</Timestamp><DateTime>Wed, 2012-10-17 17:07:19 EDT</DateTime><ThumbUp>2</ThumbUp><ThumbDown>0</ThumbDown><Sentiment/></Message><Message type="TopicMessage"><Id>1350508267036-144</Id><Title>If YHOO and Son are so far apart on value for Y-Jap can't they either go to....</Title><Msg>.....arbitration (or just split the difference) or could YHOO buy out Son's share (if the price is so low) and then sell or split it up at a profit (over what they pay Son)? YHOO has the money and credit to do that.</Msg><Username>mewag51</Username><Timestamp>1350508267036</Timestamp><DateTime>Wed, 2012-10-17 17:11:07 EDT</DateTime><ThumbUp>1</ThumbUp><ThumbDown>1</ThumbDown><Sentiment/></Message><Message type="ReplyMessage"><Id>1350508401351-145</Id><Topic><Title>3rd Quarter release date for Yhoo is October 22 after close.</Title><Username>big_saciccio</Username><Timestamp>1350504734351</Timestamp><DateTime>Wed, 2012-10-17 16:12:14 EDT</DateTime></Topic><Msg>I hope we could see $20 soon.</Msg><Username>yinvestor</Username><Timestamp>1350508401351</Timestamp><DateTime>Wed, 2012-10-17 17:13:21 EDT</DateTime><ThumbUp>0</ThumbUp><ThumbDown>0</ThumbDown><Sentiment/></Message><Message type="TopicMessage"><Id>1350508403274-146</Id><Title>Did marissa break her water Bag?</Title><Msg>Yahoo above 16..</Msg><Username>rkmtt</Username><Timestamp>1350508403274</Timestamp><DateTime>Wed, 2012-10-17 17:13:23 EDT</DateTime><ThumbUp>0</ThumbUp><ThumbDown>0</ThumbDown><Sentiment/></Message><Message type="ReplyMessage"><Id>1350509668696-147</Id><Topic><Title>3rd Quarter release date for Yhoo is October 22 after close.</Title><Username>big_saciccio</Username><Timestamp>1350504734351</Timestamp><DateTime>Wed, 2012-10-17 16:12:14 EDT</DateTime></Topic><Msg>maybe more likely $.35 per share if it happens you'll see $20 in no time!</Msg><Username>upyou_s</Username><Timestamp>1350509668696</Timestamp><DateTime>Wed, 2012-10-17 17:34:28 EDT</DateTime><ThumbUp>0</ThumbUp><ThumbDown>0</ThumbDown><Sentiment/></Message><Message type="ReplyMessage"><Id>1350511138084-148</Id><Topic><Title>Essential YHOO News - Check it Out Right Now!</Title><Username>fischergood249</Username><Timestamp>1350477105011</Timestamp><DateTime>Wed, 2012-10-17 08:31:45 EDT</DateTime></Topic><Msg>i know for sure when this stock will move up</Msg><Username>castanedadella218</Username><Timestamp>1350511138084</Timestamp><DateTime>Wed, 2012-10-17 17:58:58 EDT</DateTime><ThumbUp>1</ThumbUp><ThumbDown>1</ThumbDown><Sentiment/></Message><Message type="ReplyMessage"><Id>1350511252262-149</Id><Topic><Title>Apple should acquire Yahoo as a whole for search...</Title><Username>yinvestor</Username><Timestamp>1350481318530</Timestamp><DateTime>Wed, 2012-10-17 09:41:58 EDT</DateTime></Topic><Msg>Boy you're really dreaming if you think Romney will win California. Hopefully your stock picks are better than your presidential predictions.</Msg><Username>pauljryan2003</Username><Timestamp>1350511252262</Timestamp><DateTime>Wed, 2012-10-17 18:00:52 EDT</DateTime><ThumbUp>2</ThumbUp><ThumbDown>1</ThumbDown><Sentiment/></Message><Message type="ReplyMessage"><Id>1350511364049-150</Id><Topic><Title>Apple should acquire Yahoo as a whole for search...</Title><Username>yinvestor</Username><Timestamp>1350481318530</Timestamp><DateTime>Wed, 2012-10-17 09:41:58 EDT</DateTime></Topic><Msg>I've got two friends that work for Y. They both believe that apple will buy them out down the road. My guess is 18-24 months down the road.</Msg><Username>pauljryan2003</Username><Timestamp>1350511364049</Timestamp><DateTime>Wed, 2012-10-17 18:02:44 EDT</DateTime><ThumbUp>2</ThumbUp><ThumbDown>2</ThumbDown><Sentiment/></Message><Message type="TopicMessage"><Id>1350512507647-151</Id><Title>SQNM is going to be my retirement</Title><Msg>Let's say you took all of your money and bought SQNM after hours in chunks every day. When would you retire? Let's also assume you are supposed to be retired, but you thought: I am not making enough in yield to live well, so I will take on some risk with all of my money.</Msg><Username>bioretiree</Username><Timestamp>1350512507647</Timestamp><DateTime>Wed, 2012-10-17 18:21:47 EDT</DateTime><ThumbUp>0</ThumbUp><ThumbDown>0</ThumbDown><Sentiment/></Message><Message type="TopicMessage"><Id>1350512610733-152</Id><Title>Imaginary article for Dec 2012</Title><Msg>Roche Tenders offer to Buy SQNM at $40 a share. "We are not concerned with the books," the CEO says in this imaginary article, "just the IP which is SOLID GOLD." Who's joining me in the piano room tonight for margaritas?</Msg><Username>bioretiree</Username><Timestamp>1350512610733</Timestamp><DateTime>Wed, 2012-10-17 18:23:30 EDT</DateTime><ThumbUp>0</ThumbUp><ThumbDown>1</ThumbDown><Sentiment/></Message><Message type="TopicMessage"><Id>1350514267839-153</Id><Title>Marching in next three(3) days to higher PPS</Title><Msg>IMO we see Friday to monday a possible short covering rally and could see $ 17.50 to $ 18.10</Msg><Username>b.coogan</Username><Timestamp>1350514267839</Timestamp><DateTime>Wed, 2012-10-17 18:51:07 EDT</DateTime><ThumbUp>2</ThumbUp><ThumbDown>1</ThumbDown><Sentiment>Strong Buy</Sentiment></Message><Message type="TopicMessage"><Id>1350514929372-154</Id><Title>The only news they give out is the outrageous salaries and bonuses</Title><Msg>there raping the co. for. Isn't this the same Google that took Yahoos technology? Now they come back to steal the stockholders money. I this sick or what?</Msg><Username>bhark114</Username><Timestamp>1350514929372</Timestamp><DateTime>Wed, 2012-10-17 19:02:09 EDT</DateTime><ThumbUp>3</ThumbUp><ThumbDown>0</ThumbDown><Sentiment/></Message><Message type="TopicMessage"><Id>1350515788949-155</Id><Title>mayer is taking after her idol Obama. Just keep blowing money</Title><Msg>And that will solve everything. If that doesn!'t work, who cares, blame it on someone else.</Msg><Username>bhark114</Username><Timestamp>1350515788949</Timestamp><DateTime>Wed, 2012-10-17 19:16:28 EDT</DateTime><ThumbUp>0</ThumbUp><ThumbDown>0</ThumbDown><Sentiment/></Message><Message type="ReplyMessage"><Id>1350516295361-156</Id><Topic><Title>Essential YHOO News - Check it Out Right Now!</Title><Username>fischergood249</Username><Timestamp>1350477105011</Timestamp><DateTime>Wed, 2012-10-17 08:31:45 EDT</DateTime></Topic><Msg>another good news, it's no possible to continue to come down</Msg><Username>vickyslater218</Username><Timestamp>1350516295361</Timestamp><DateTime>Wed, 2012-10-17 19:24:55 EDT</DateTime><ThumbUp>1</ThumbUp><ThumbDown>0</ThumbDown><Sentiment/></Message><Message type="ReplyMessage"><Id>1350516564634-157</Id><Topic><Title>mayer is taking after her idol Obama. Just keep blowing money</Title><Username>bhark114</Username><Timestamp>1350515788949</Timestamp><DateTime>Wed, 2012-10-17 19:16:28 EDT</DateTime></Topic><Msg>don't forget to blame the "fiscal cliff" on somebody( namedly the republic party)! both parties agreed to form a special committee of six tax experts &amp; they came up with a solution. the dem. agreed &amp; the republican party wouldn't! remember they had ( 1/2) of their people on the committee! ( didn't want to tax the RICH)! what do you think happened afterwards? we lost our highest credit rating &amp; now we still have the fiscal cliff that could of been resolved/ plus another down grade if they play this game again!</Msg><Username>matsky5</Username><Timestamp>1350516564634</Timestamp><DateTime>Wed, 2012-10-17 19:29:24 EDT</DateTime><ThumbUp>0</ThumbUp><ThumbDown>0</ThumbDown><Sentiment/></Message><Message type="TopicMessage"><Id>1350516772658-158</Id><Title>Revolving door of CEO's, COO's, CIO's, CFO's, VP's... and they all got PAIDj and continue to get PAID. When's the last time you as a shareholder got PAID?</Title><Msg>they promise you boatloads, but produce nothing. this is why Wall Street hates YHOO. there is nothing here, just a portal.</Msg><Username>lapetye</Username><Timestamp>1350516772658</Timestamp><DateTime>Wed, 2012-10-17 19:32:52 EDT</DateTime><ThumbUp>1</ThumbUp><ThumbDown>0</ThumbDown><Sentiment/></Message><Message type="ReplyMessage"><Id>1350517267918-159</Id><Topic><Title>When will YHOO get credit for beating earnings 5 Q's in a row, being a tech co. that....</Title><Username>mewag51</Username><Timestamp>1350507987644</Timestamp><DateTime>Wed, 2012-10-17 17:06:27 EDT</DateTime></Topic><Msg>when they start being shareholder friendly! example-what is going on with the money? also, confidence levels have to pick up with institutions that have many past concerns! i added a concern for myself &amp; that is how much will she pay for acquisitions after seeing what she pays for mgt.? will she spend an enormous amount for cos. with little or no earnings? would she pay 2-3 billion for instragram?</Msg><Username>matsky5</Username><Timestamp>1350517267918</Timestamp><DateTime>Wed, 2012-10-17 19:41:07 EDT</DateTime><ThumbUp>0</ThumbUp><ThumbDown>0</ThumbDown><Sentiment/></Message><Message type="ReplyMessage"><Id>1350518244622-160</Id><Topic><Title>When will YHOO get credit for beating earnings 5 Q's in a row, being a tech co. that....</Title><Username>mewag51</Username><Timestamp>1350507987644</Timestamp><DateTime>Wed, 2012-10-17 17:06:27 EDT</DateTime></Topic><Msg>YHOO is a tech company? why do you say that? and what about the declining revenues? is everyone supposed to forget that part?</Msg><Username>lapetye</Username><Timestamp>1350518244622</Timestamp><DateTime>Wed, 2012-10-17 19:57:24 EDT</DateTime><ThumbUp>2</ThumbUp><ThumbDown>0</ThumbDown><Sentiment/></Message><Message type="ReplyMessage"><Id>1350518462889-161</Id><Topic><Title>When will YHOO get credit for beating earnings 5 Q's in a row, being a tech co. that....</Title><Username>mewag51</Username><Timestamp>1350507987644</Timestamp><DateTime>Wed, 2012-10-17 17:06:27 EDT</DateTime></Topic><Msg>Beating earnings estimates only tells us that they are not doing quite as badly as the analysts think. Not that they are doing well. Getting 25 cents when the estimates predicted 22 and a well run constantly growing company would be showing 60 to 80 is not good.</Msg><Username>dr.gloom</Username><Timestamp>1350518462889</Timestamp><DateTime>Wed, 2012-10-17 20:01:02 EDT</DateTime><ThumbUp>2</ThumbUp><ThumbDown>0</ThumbDown><Sentiment/></Message><Message type="ReplyMessage"><Id>1350519525332-162</Id><Topic><Title>Revolving door of CEO's, COO's, CIO's, CFO's, VP's... and they all got PAIDj and continue to get PAID. When's the last time you as a shareholder got PAID?</Title><Username>lapetye</Username><Timestamp>1350516772658</Timestamp><DateTime>Wed, 2012-10-17 19:32:52 EDT</DateTime></Topic><Msg>It's like rearranging deck chairs on the Titanic.</Msg><Username>exfolios</Username><Timestamp>1350519525332</Timestamp><DateTime>Wed, 2012-10-17 20:18:45 EDT</DateTime><ThumbUp>2</ThumbUp><ThumbDown>0</ThumbDown><Sentiment/></Message><Message type="TopicMessage"><Id>1350519978479-163</Id><Title>Yahoo! site improvements</Title><Msg>Anyone else noticing enhancements small and large to Yahoo! sites? For example, the desktop homepage looks to be enhanced just a little. Sometimes when I go to the mobile homepage on iPhone I think i'm getting a beta test of a new site but then other times it goes back to the original. This also happend with Yahoo! images. I must say, every new enhancement, small or large, seems to be for the better. Mayer has described a few times how Google 'birdwalked' their way to perfection. I believe we're seeing it here with Yahoo!</Msg><Username>gregg.fumanti</Username><Timestamp>1350519978479</Timestamp><DateTime>Wed, 2012-10-17 20:26:18 EDT</DateTime><ThumbUp>1</ThumbUp><ThumbDown>0</ThumbDown><Sentiment>Strong Buy</Sentiment></Message><Message type="ReplyMessage"><Id>1350521574686-164</Id><Topic><Title>If YHOO and Son are so far apart on value for Y-Jap can't they either go to....</Title><Username>mewag51</Username><Timestamp>1350508267036</Timestamp><DateTime>Wed, 2012-10-17 17:11:07 EDT</DateTime></Topic><Msg>Why doesn't Yahoo take a chunk of Sprint...it would also solve a tax problem.</Msg><Username>firsttestcase</Username><Timestamp>1350521574686</Timestamp><DateTime>Wed, 2012-10-17 20:52:54 EDT</DateTime><ThumbUp>0</ThumbUp><ThumbDown>1</ThumbDown><Sentiment/></Message><Message type="ReplyMessage"><Id>1350523135046-165</Id><Topic><Title>The only news they give out is the outrageous salaries and bonuses</Title><Username>bhark114</Username><Timestamp>1350514929372</Timestamp><DateTime>Wed, 2012-10-17 19:02:09 EDT</DateTime></Topic><Msg>i m verrrrrry new to this stock,,but damn,,with the people shes hiring or has hired, this stock should ve been up 50cts. on these guys and girls reputations at least !! come on man !!</Msg><Username>toni19601</Username><Timestamp>1350523135046</Timestamp><DateTime>Wed, 2012-10-17 21:18:55 EDT</DateTime><ThumbUp>0</ThumbUp><ThumbDown>1</ThumbDown><Sentiment/></Message><Message type="ReplyMessage"><Id>1350524845332-166</Id><Topic><Title>Marching in next three(3) days to higher PPS</Title><Username>b.coogan</Username><Timestamp>1350514267839</Timestamp><DateTime>Wed, 2012-10-17 18:51:07 EDT</DateTime></Topic><Msg>I am with you, soldier, march on! But I think 17 for right now is about the limit. Look for that price next Monday afterhours and Tuesday regular trading. WOAH!, shorts better be covering ! Nah, let them get burned!</Msg><Username>goldeagle14</Username><Timestamp>1350524845332</Timestamp><DateTime>Wed, 2012-10-17 21:47:25 EDT</DateTime><ThumbUp>1</ThumbUp><ThumbDown>0</ThumbDown><Sentiment>Strong Buy</Sentiment></Message><Message type="ReplyMessage"><Id>1350528889931-167</Id><Topic><Title>Yahoo! site improvements</Title><Username>gregg.fumanti</Username><Timestamp>1350519978479</Timestamp><DateTime>Wed, 2012-10-17 20:26:18 EDT</DateTime></Topic><Msg>And yet, the serial message board spam posts are heavier than ever. Reported scams do not get deleted. Some of these boards are almost 100% political posts (except for the scammes). So whatever is going on, it hasn't made it to the message boards.</Msg><Username>still_my_dime</Username><Timestamp>1350528889931</Timestamp><DateTime>Wed, 2012-10-17 22:54:49 EDT</DateTime><ThumbUp>0</ThumbUp><ThumbDown>0</ThumbDown><Sentiment/></Message></Date>