<?xml version="1.0" encoding="UTF-8" standalone="no"?><Date date="2012-11-15"><Message type="TopicMessage"><Id>1352962690071-1</Id><Title>Tiger Global Management LLc bought</Title><Msg>25 million shares of Yahoo a stake valued $399 million (SEC today). Bullish signal!!</Msg><Username>zissi022000</Username><Timestamp>1352962690071</Timestamp><DateTime>Thu, 2012-11-15 01:58:10 EST</DateTime><ThumbUp>0</ThumbUp><ThumbDown>1</ThumbDown><Sentiment/></Message><Message type="ReplyMessage"><Id>1352980002929-2</Id><Topic><Title>Anyone hear from Jack Welch?</Title><Username>abksmin</Username><Timestamp>1352952634474</Timestamp><DateTime>Wed, 2012-11-14 23:10:34 EST</DateTime></Topic><Msg>no I think Jack is around but Susan Rice maybe in hidding so she does not go to the sacrificial altar for the anoited one .</Msg><Username>runnx3344</Username><Timestamp>1352980002929</Timestamp><DateTime>Thu, 2012-11-15 06:46:42 EST</DateTime><ThumbUp>1</ThumbUp><ThumbDown>0</ThumbDown><Sentiment>Strong Buy</Sentiment></Message><Message type="ReplyMessage"><Id>1352980526247-3</Id><Topic><Title>Tiger Capital takes a 2.5% new interest in Yahoo!! Holy cow 25 million shares!!</Title><Username>optionstrader4u</Username><Timestamp>1352935947798</Timestamp><DateTime>Wed, 2012-11-14 18:32:27 EST</DateTime></Topic><Msg>Check their performance in the last 10 years. Always were below the average S&amp;P performance. This time should be no exception.</Msg><Username>hajimow</Username><Timestamp>1352980526247</Timestamp><DateTime>Thu, 2012-11-15 06:55:26 EST</DateTime><ThumbUp>0</ThumbUp><ThumbDown>1</ThumbDown><Sentiment/></Message><Message type="TopicMessage"><Id>1352982241209-4</Id><Title>Grenlight Capital...</Title><Msg>bought 5.05 million share- stake of yahoo during the three months ended 3o.september</Msg><Username>zissi022000</Username><Timestamp>1352982241209</Timestamp><DateTime>Thu, 2012-11-15 07:24:01 EST</DateTime><ThumbUp>0</ThumbUp><ThumbDown>0</ThumbDown><Sentiment>Strong Buy</Sentiment></Message><Message type="ReplyMessage"><Id>1352982471498-5</Id><Topic><Title>Grenlight Capital...</Title><Username>zissi022000</Username><Timestamp>1352982241209</Timestamp><DateTime>Thu, 2012-11-15 07:24:01 EST</DateTime></Topic><Msg>that´s bullish again...</Msg><Username>zissi022000</Username><Timestamp>1352982471498</Timestamp><DateTime>Thu, 2012-11-15 07:27:51 EST</DateTime><ThumbUp>0</ThumbUp><ThumbDown>0</ThumbDown><Sentiment>Strong Buy</Sentiment></Message><Message type="ReplyMessage"><Id>1352982937271-6</Id><Topic><Title>Grenlight Capital...</Title><Username>zissi022000</Username><Timestamp>1352982241209</Timestamp><DateTime>Thu, 2012-11-15 07:24:01 EST</DateTime></Topic><Msg>So they bought in the 3rd quarter. So they were in this nice runup. Might they be taking profits now? I suspect you will see profit taking. We are heading for a painful next 6 months in my opinion. Obama is ruining this country and taking this market right into the toilet.</Msg><Username>dickey_betts44</Username><Timestamp>1352982937271</Timestamp><DateTime>Thu, 2012-11-15 07:35:37 EST</DateTime><ThumbUp>0</ThumbUp><ThumbDown>0</ThumbDown><Sentiment/></Message><Message type="ReplyMessage"><Id>1352983325735-7</Id><Topic><Title>YHOO taking beatings like a red-headed rung child.</Title><Username>rosariopriscilla759</Username><Timestamp>1352983070580</Timestamp><DateTime>Thu, 2012-11-15 07:37:50 EST</DateTime></Topic><Msg>Why do you think there will be huge losses today?? What is going on? I thought things were going well?? I am baffled</Msg><Username>jurgensmuscle</Username><Timestamp>1352983325735</Timestamp><DateTime>Thu, 2012-11-15 07:42:05 EST</DateTime><ThumbUp>0</ThumbUp><ThumbDown>0</ThumbDown><Sentiment/></Message><Message type="TopicMessage"><Id>1352983828703-8</Id><Title>Obamas way or the Cliff. I say lets take a step off the cliff!</Title><Msg>That will finally put him as the worst President in the history of the U.S. Which many agree he already holds the title for. I'm ready...screw it. Let's see what's off the edge of the damn cliff. I didn't believe this joker deserved the chance again. Maybe I may have thought otherwise if he could have solved the Fiscal Cliff BEFORE the election. But then again I'm pretty sure I would have considered him a clown anyway. I suppose I'll now be reported to the CIA for calling Obama a clown. So long America....once the land of the brave and home of the free.</Msg><Username>dickey_betts44</Username><Timestamp>1352983828703</Timestamp><DateTime>Thu, 2012-11-15 07:50:28 EST</DateTime><ThumbUp>2</ThumbUp><ThumbDown>2</ThumbDown><Sentiment/></Message><Message type="TopicMessage"><Id>1352984412012-9</Id><Title>OBAMA NEEDS TO GO!!!!!! eVERY TIME HE TALKS THE MARKET GETS HAMMERED!</Title><Msg>I am so sick of seeing his face and hear him talk and the results he is bringing to this once great country. I really wished he could have proven me wrong during his first term. He only reaffirmed it. Condition people to live off government handouts while at the same time lie to the middle class and tell them how he wants to keep their taxes down. $200,000 yr is middle class in some area such as San Fran and LA and NY. In other areas that is rich. Why should those making 250K in LA get taxed by the Feds at the same rate as a 250K earner in say Florida or North Dakota or even upstate NY where 60K houses are ubundant. Here in Cali. I can't touch a decent 3 bedroom house for under 400k where in upstate NY that same house is maybe 90K. There needs to be something in the tax code to help those out in higher cost regions and pay more tax if you live in lower cost areas.</Msg><Username>jurgensmuscle</Username><Timestamp>1352984412012</Timestamp><DateTime>Thu, 2012-11-15 08:00:12 EST</DateTime><ThumbUp>0</ThumbUp><ThumbDown>2</ThumbDown><Sentiment/></Message><Message type="TopicMessage"><Id>1352984955794-10</Id><Title>how can FB go up 2.5 in one day and yahoo pennies????</Title><Msg>don't get it, yahoo is so undervalued compared to the others...</Msg><Username>mawsii1</Username><Timestamp>1352984955794</Timestamp><DateTime>Thu, 2012-11-15 08:09:15 EST</DateTime><ThumbUp>1</ThumbUp><ThumbDown>0</ThumbDown><Sentiment>Strong Buy</Sentiment></Message><Message type="TopicMessage"><Id>1352986475003-11</Id><Title>It seems that profit taking started as of late yesterday</Title><Msg>and will continue today. I don't blame them. Nothing goes up for ever.</Msg><Username>yp_ed_merrimack</Username><Timestamp>1352986475003</Timestamp><DateTime>Thu, 2012-11-15 08:34:35 EST</DateTime><ThumbUp>0</ThumbUp><ThumbDown>2</ThumbDown><Sentiment/></Message><Message type="ReplyMessage"><Id>1352986728470-12</Id><Topic><Title>It seems that profit taking started as of late yesterday</Title><Username>yp_ed_merrimack</Username><Timestamp>1352986475003</Timestamp><DateTime>Thu, 2012-11-15 08:34:35 EST</DateTime></Topic><Msg>Yeah the run of 2-3 lousy points was really sharp. Way over valued now! lol Facebook did that in one day!</Msg><Username>dickey_betts44</Username><Timestamp>1352986728470</Timestamp><DateTime>Thu, 2012-11-15 08:38:48 EST</DateTime><ThumbUp>1</ThumbUp><ThumbDown>1</ThumbDown><Sentiment/></Message><Message type="ReplyMessage"><Id>1352989091859-13</Id><Topic><Title>trading strategy for BSE India and NSE Indian share trading</Title><Username>katycastagnazacbzgw4790</Username><Timestamp>1306804254000</Timestamp><DateTime>Mon, 2011-05-30 21:10:54 EDT</DateTime></Topic><Msg>Nice site.</Msg><Username>sarahsmithm268</Username><Timestamp>1352989091859</Timestamp><DateTime>Thu, 2012-11-15 09:18:11 EST</DateTime><ThumbUp>0</ThumbUp><ThumbDown>0</ThumbDown><Sentiment/></Message><Message type="TopicMessage"><Id>1352989452429-14</Id><Title>dickey-betts44- You are one ignorant person about YHOO and politics. We reelected Obama for the good of.....</Title><Msg>...America, not for racist ignorant Southern trash like you. YHOO is moving way higher so if you are short you better cover.</Msg><Username>klmldsi</Username><Timestamp>1352989452429</Timestamp><DateTime>Thu, 2012-11-15 09:24:12 EST</DateTime><ThumbUp>3</ThumbUp><ThumbDown>2</ThumbDown><Sentiment/></Message><Message type="TopicMessage"><Id>1352989779457-15</Id><Title>yahoo finance portfolio update broken</Title><Msg>how convenient under mainetenance error just before market open</Msg><Username>sick_ofthe_system</Username><Timestamp>1352989779457</Timestamp><DateTime>Thu, 2012-11-15 09:29:39 EST</DateTime><ThumbUp>0</ThumbUp><ThumbDown>0</ThumbDown><Sentiment/></Message><Message type="TopicMessage"><Id>1352990186517-16</Id><Title>Maaariiiisssssaaaa.....</Title><Msg>....don´t let it go down again....... When will you will start buy back ?????????????ß</Msg><Username>zissi022000</Username><Timestamp>1352990186517</Timestamp><DateTime>Thu, 2012-11-15 09:36:26 EST</DateTime><ThumbUp>1</ThumbUp><ThumbDown>0</ThumbDown><Sentiment>Strong Buy</Sentiment></Message><Message type="TopicMessage"><Id>1352990258432-17</Id><Title>YHOO is a good company but ....</Title><Msg>It is overvalued at this moment and we will see a correction soon. Go to YHOO finance and cehck its key statistics. You will see that analysts predict YHOO to slow down next year in terms of revenue and will underperform its sector. Check out my posts. I had a strong buy sentiment when it was at 13.5 to 16 range and in 16 to 17.30 I had hold sentiment and now my sentiment is take profit.</Msg><Username>phd44m</Username><Timestamp>1352990258432</Timestamp><DateTime>Thu, 2012-11-15 09:37:38 EST</DateTime><ThumbUp>0</ThumbUp><ThumbDown>1</ThumbDown><Sentiment/></Message><Message type="ReplyMessage"><Id>1352990576258-18</Id><Topic><Title>Great Time To Get In...</Title><Username>josierentfro513</Username><Timestamp>1310572313000</Timestamp><DateTime>Wed, 2011-07-13 11:51:53 EDT</DateTime></Topic><Msg>Am Impressed!!!</Msg><Username>sarahsmithm268</Username><Timestamp>1352990576258</Timestamp><DateTime>Thu, 2012-11-15 09:42:56 EST</DateTime><ThumbUp>0</ThumbUp><ThumbDown>0</ThumbDown><Sentiment/></Message><Message type="TopicMessage"><Id>1352990861548-19</Id><Title>yhoo is ready to plummet</Title><Msg>will be totally lobster red and down to the south very soon, because I'm shorting this pump and dump. short short short</Msg><Username>teaandtea</Username><Timestamp>1352990861548</Timestamp><DateTime>Thu, 2012-11-15 09:47:41 EST</DateTime><ThumbUp>0</ThumbUp><ThumbDown>2</ThumbDown><Sentiment>Strong Sell</Sentiment></Message><Message type="ReplyMessage"><Id>1352991201091-20</Id><Topic><Title>YHOO MAKES HISTORY</Title><Username>equitiesresearchdotcom</Username><Timestamp>1352818396331</Timestamp><DateTime>Tue, 2012-11-13 09:53:16 EST</DateTime></Topic><Msg>Einhorn is Long !!!</Msg><Username>equitiesresearchdotcom</Username><Timestamp>1352991201091</Timestamp><DateTime>Thu, 2012-11-15 09:53:21 EST</DateTime><ThumbUp>0</ThumbUp><ThumbDown>0</ThumbDown><Sentiment>Strong Buy</Sentiment></Message><Message type="ReplyMessage"><Id>1352991952019-21</Id><Topic><Title>YHOO is a good company but ....</Title><Username>phd44m</Username><Timestamp>1352990258432</Timestamp><DateTime>Thu, 2012-11-15 09:37:38 EST</DateTime></Topic><Msg>sell if you want fool but if you are short you are in trouble.</Msg><Username>mewag51</Username><Timestamp>1352991952019</Timestamp><DateTime>Thu, 2012-11-15 10:05:52 EST</DateTime><ThumbUp>1</ThumbUp><ThumbDown>0</ThumbDown><Sentiment/></Message><Message type="ReplyMessage"><Id>1352992136447-22</Id><Topic><Title>YHOO is a good company but ....</Title><Username>phd44m</Username><Timestamp>1352990258432</Timestamp><DateTime>Thu, 2012-11-15 09:37:38 EST</DateTime></Topic><Msg>..the company makes profits, has a good cash flow, now an excellent CEO and you sell??? Look at the chart and do your TA. It just starts....!!!</Msg><Username>zissi022000</Username><Timestamp>1352992136447</Timestamp><DateTime>Thu, 2012-11-15 10:08:56 EST</DateTime><ThumbUp>1</ThumbUp><ThumbDown>0</ThumbDown><Sentiment>Strong Buy</Sentiment></Message><Message type="ReplyMessage"><Id>1352992691335-23</Id><Topic><Title>Yahoo goes from $15.77 to $18 in three weeks</Title><Username>bflathalfdim</Username><Timestamp>1352904088995</Timestamp><DateTime>Wed, 2012-11-14 09:41:28 EST</DateTime></Topic><Msg>Hotmodel is a loser !! My money is where my mouth is Yahoo!! Strong Buy! $27 by 12/7/12</Msg><Username>leestoller</Username><Timestamp>1352992691335</Timestamp><DateTime>Thu, 2012-11-15 10:18:11 EST</DateTime><ThumbUp>1</ThumbUp><ThumbDown>2</ThumbDown><Sentiment>Strong Buy</Sentiment></Message><Message type="TopicMessage"><Id>1352992798053-24</Id><Title>Yahoo Extremely Strong looking Great</Title><Msg>market has been down very severely---Yahoo is moving to $ 19-20 range</Msg><Username>b.coogan</Username><Timestamp>1352992798053</Timestamp><DateTime>Thu, 2012-11-15 10:19:58 EST</DateTime><ThumbUp>1</ThumbUp><ThumbDown>0</ThumbDown><Sentiment/></Message><Message type="ReplyMessage"><Id>1352992843077-25</Id><Topic><Title>Another miserable day for Yahoo shorts</Title><Username>theecoldone</Username><Timestamp>1352992126595</Timestamp><DateTime>Thu, 2012-11-15 10:08:46 EST</DateTime></Topic><Msg>The shorts have not surrendered look worse everyday. hotmodel is one of them.</Msg><Username>tetheredbird</Username><Timestamp>1352992843077</Timestamp><DateTime>Thu, 2012-11-15 10:20:43 EST</DateTime><ThumbUp>1</ThumbUp><ThumbDown>4</ThumbDown><Sentiment/></Message><Message type="TopicMessage"><Id>1352992878904-26</Id><Title>One by one into the fryer...kicking and screaming</Title><Msg>Too much fun. watching. Going much higher</Msg><Username>byecell</Username><Timestamp>1352992878904</Timestamp><DateTime>Thu, 2012-11-15 10:21:18 EST</DateTime><ThumbUp>2</ThumbUp><ThumbDown>0</ThumbDown><Sentiment/></Message><Message type="ReplyMessage"><Id>1352993122789-27</Id><Topic><Title>Another miserable day for Yahoo shorts</Title><Username>theecoldone</Username><Timestamp>1352992126595</Timestamp><DateTime>Thu, 2012-11-15 10:08:46 EST</DateTime></Topic><Msg>Why is a $28 Yahoo long asking?</Msg><Username>dr.gloom</Username><Timestamp>1352993122789</Timestamp><DateTime>Thu, 2012-11-15 10:25:22 EST</DateTime><ThumbUp>1</ThumbUp><ThumbDown>4</ThumbDown><Sentiment/></Message><Message type="ReplyMessage"><Id>1352993238941-28</Id><Topic><Title>Another miserable day for Yahoo shorts</Title><Username>theecoldone</Username><Timestamp>1352992126595</Timestamp><DateTime>Thu, 2012-11-15 10:08:46 EST</DateTime></Topic><Msg>coldone has dr.gloom sitting in a corner babbling nonsense to himself.</Msg><Username>tetheredbird</Username><Timestamp>1352993238941</Timestamp><DateTime>Thu, 2012-11-15 10:27:18 EST</DateTime><ThumbUp>1</ThumbUp><ThumbDown>3</ThumbDown><Sentiment/></Message><Message type="ReplyMessage"><Id>1352993270964-29</Id><Topic><Title>Yahoo goes from $15.77 to $18 in three weeks</Title><Username>bflathalfdim</Username><Timestamp>1352904088995</Timestamp><DateTime>Wed, 2012-11-14 09:41:28 EST</DateTime></Topic><Msg>$18 in 2008, 2009, 2010, 2011 and 2012 = dead money?</Msg><Username>dr.gloom</Username><Timestamp>1352993270964</Timestamp><DateTime>Thu, 2012-11-15 10:27:50 EST</DateTime><ThumbUp>0</ThumbUp><ThumbDown>1</ThumbDown><Sentiment/></Message><Message type="ReplyMessage"><Id>1352993475047-30</Id><Topic><Title>Another miserable day for Yahoo shorts</Title><Username>theecoldone</Username><Timestamp>1352992126595</Timestamp><DateTime>Thu, 2012-11-15 10:08:46 EST</DateTime></Topic><Msg>$18 in 2008, 2009, 2010, 2011 and 2012 and only the $28 Yahoo longs seem surprised and have stopped posting buys after Yahoo hit $17.</Msg><Username>dr.gloom</Username><Timestamp>1352993475047</Timestamp><DateTime>Thu, 2012-11-15 10:31:15 EST</DateTime><ThumbUp>1</ThumbUp><ThumbDown>1</ThumbDown><Sentiment/></Message><Message type="TopicMessage"><Id>1352993587209-31</Id><Title>chk finance</Title><Msg>chk</Msg><Username>pridg17</Username><Timestamp>1352993587209</Timestamp><DateTime>Thu, 2012-11-15 10:33:07 EST</DateTime><ThumbUp>0</ThumbUp><ThumbDown>0</ThumbDown><Sentiment/></Message><Message type="TopicMessage"><Id>1352993650686-32</Id><Title>$18.65 is multi- year high for Yahoo</Title><Msg>Once Yahoo breaks $18.65 it will jump to $20. Yahoo's fair value today is conservatively $22.</Msg><Username>smedleypuddles</Username><Timestamp>1352993650686</Timestamp><DateTime>Thu, 2012-11-15 10:34:10 EST</DateTime><ThumbUp>3</ThumbUp><ThumbDown>2</ThumbDown><Sentiment/></Message><Message type="ReplyMessage"><Id>1352993714133-33</Id><Topic><Title>Another miserable day for Yahoo shorts</Title><Username>theecoldone</Username><Timestamp>1352992126595</Timestamp><DateTime>Thu, 2012-11-15 10:08:46 EST</DateTime></Topic><Msg>Coldone has that effect on Yahoo bashers.</Msg><Username>bflathalfdim</Username><Timestamp>1352993714133</Timestamp><DateTime>Thu, 2012-11-15 10:35:14 EST</DateTime><ThumbUp>0</ThumbUp><ThumbDown>1</ThumbDown><Sentiment/></Message><Message type="TopicMessage"><Id>1352993829220-34</Id><Title>Buy N O K</Title><Msg>Make big $$$$$$$$$$$$$ eom.</Msg><Username>beccadrew</Username><Timestamp>1352993829220</Timestamp><DateTime>Thu, 2012-11-15 10:37:09 EST</DateTime><ThumbUp>1</ThumbUp><ThumbDown>0</ThumbDown><Sentiment/></Message><Message type="ReplyMessage"><Id>1352993873523-35</Id><Topic><Title>Tiger Capital takes a 2.5% new interest in Yahoo!! Holy cow 25 million shares!!</Title><Username>optionstrader4u</Username><Timestamp>1352935947798</Timestamp><DateTime>Wed, 2012-11-14 18:32:27 EST</DateTime></Topic><Msg>Talk about stupidity, I guess math wasn't your strong subject. .025% is 25 additional shares if you already owen 1000 sh.'s</Msg><Username>twbelter</Username><Timestamp>1352993873523</Timestamp><DateTime>Thu, 2012-11-15 10:37:53 EST</DateTime><ThumbUp>0</ThumbUp><ThumbDown>0</ThumbDown><Sentiment/></Message><Message type="ReplyMessage"><Id>1352993900004-36</Id><Topic><Title>$18.65 is multi- year high for Yahoo</Title><Username>smedleypuddles</Username><Timestamp>1352993650686</Timestamp><DateTime>Thu, 2012-11-15 10:34:10 EST</DateTime></Topic><Msg>It will break it in the next three days....!!!</Msg><Username>zissi022000</Username><Timestamp>1352993900004</Timestamp><DateTime>Thu, 2012-11-15 10:38:20 EST</DateTime><ThumbUp>1</ThumbUp><ThumbDown>3</ThumbDown><Sentiment>Strong Buy</Sentiment></Message><Message type="TopicMessage"><Id>1352993991739-37</Id><Title>Yahoo another 52 week high today</Title><Msg>eom....</Msg><Username>randywms55</Username><Timestamp>1352993991739</Timestamp><DateTime>Thu, 2012-11-15 10:39:51 EST</DateTime><ThumbUp>0</ThumbUp><ThumbDown>0</ThumbDown><Sentiment/></Message><Message type="ReplyMessage"><Id>1352994149854-38</Id><Topic><Title>$18.65 is multi- year high for Yahoo</Title><Username>smedleypuddles</Username><Timestamp>1352993650686</Timestamp><DateTime>Thu, 2012-11-15 10:34:10 EST</DateTime></Topic><Msg>May 9, 2011 $18.84</Msg><Username>dr.gloom</Username><Timestamp>1352994149854</Timestamp><DateTime>Thu, 2012-11-15 10:42:29 EST</DateTime><ThumbUp>1</ThumbUp><ThumbDown>2</ThumbDown><Sentiment/></Message><Message type="ReplyMessage"><Id>1352994156493-39</Id><Topic><Title>Hotmodel says Yahoo dead money at $15.83, Yahoo is now $17.23</Title><Username>opengslide</Username><Timestamp>1352131445277</Timestamp><DateTime>Mon, 2012-11-05 11:04:05 EST</DateTime></Topic><Msg>Yahoo is now $18.13. Hotmodel is clueless.</Msg><Username>nanobot8042</Username><Timestamp>1352994156493</Timestamp><DateTime>Thu, 2012-11-15 10:42:36 EST</DateTime><ThumbUp>2</ThumbUp><ThumbDown>5</ThumbDown><Sentiment/></Message><Message type="TopicMessage"><Id>1352994279301-40</Id><Title>Yahoo at $18.16!</Title><Msg>dr.gloom and hotmodel are finished!</Msg><Username>nanobot8042</Username><Timestamp>1352994279301</Timestamp><DateTime>Thu, 2012-11-15 10:44:39 EST</DateTime><ThumbUp>3</ThumbUp><ThumbDown>0</ThumbDown><Sentiment/></Message><Message type="ReplyMessage"><Id>1352994489121-41</Id><Topic><Title>Buy Yahoo Under $18 While You Can</Title><Username>theecoldone</Username><Timestamp>1352829534724</Timestamp><DateTime>Tue, 2012-11-13 12:58:54 EST</DateTime></Topic><Msg>It looks like investors will have to buy Yahoo under $19 now.</Msg><Username>thurstonthethird</Username><Timestamp>1352994489121</Timestamp><DateTime>Thu, 2012-11-15 10:48:09 EST</DateTime><ThumbUp>2</ThumbUp><ThumbDown>3</ThumbDown><Sentiment/></Message><Message type="ReplyMessage"><Id>1352994722298-42</Id><Topic><Title>What did you say when coldone told you to buy at $11, $12, $13 and $14 and $15 hotmodel?</Title><Username>nanobot8042</Username><Timestamp>1351381078539</Timestamp><DateTime>Sat, 2012-10-27 19:37:58 EDT</DateTime></Topic><Msg>You helped many on this site. Anyone that listened to hotmodel is hurting.</Msg><Username>nanobot8042</Username><Timestamp>1352994722298</Timestamp><DateTime>Thu, 2012-11-15 10:52:02 EST</DateTime><ThumbUp>3</ThumbUp><ThumbDown>3</ThumbDown><Sentiment/></Message><Message type="TopicMessage"><Id>1352994863532-43</Id><Title>The new COO!</Title><Msg>Watching the video Grey sent me about the new COO from Business Insider. Super Stuff! I like him.</Msg><Username>mb525789</Username><Timestamp>1352994863532</Timestamp><DateTime>Thu, 2012-11-15 10:54:23 EST</DateTime><ThumbUp>2</ThumbUp><ThumbDown>5</ThumbDown><Sentiment/></Message><Message type="ReplyMessage"><Id>1352994922947-44</Id><Topic><Title>The new COO!</Title><Username>mb525789</Username><Timestamp>1352994863532</Timestamp><DateTime>Thu, 2012-11-15 10:54:23 EST</DateTime></Topic><Msg>That grey sent you? lol!!! You are grey, hotmodel. Get a life.</Msg><Username>nanobot8042</Username><Timestamp>1352994922947</Timestamp><DateTime>Thu, 2012-11-15 10:55:22 EST</DateTime><ThumbUp>2</ThumbUp><ThumbDown>1</ThumbDown><Sentiment/></Message><Message type="ReplyMessage"><Id>1352995133102-45</Id><Topic><Title>YHOO taking beatings like a red-headed rung child.</Title><Username>rosariopriscilla759</Username><Timestamp>1352983070580</Timestamp><DateTime>Thu, 2012-11-15 07:37:50 EST</DateTime></Topic><Msg>How many total shares are you counting to BUy</Msg><Username>lindsay.mckay89</Username><Timestamp>1352995133102</Timestamp><DateTime>Thu, 2012-11-15 10:58:53 EST</DateTime><ThumbUp>1</ThumbUp><ThumbDown>0</ThumbDown><Sentiment/></Message><Message type="ReplyMessage"><Id>1352995316219-46</Id><Topic><Title>The new COO!</Title><Username>mb525789</Username><Timestamp>1352994863532</Timestamp><DateTime>Thu, 2012-11-15 10:54:23 EST</DateTime></Topic><Msg>Yahoo finally has value minded executive management in place...</Msg><Username>randywms55</Username><Timestamp>1352995316219</Timestamp><DateTime>Thu, 2012-11-15 11:01:56 EST</DateTime><ThumbUp>1</ThumbUp><ThumbDown>0</ThumbDown><Sentiment/></Message><Message type="ReplyMessage"><Id>1352995583991-47</Id><Topic><Title>The new COO!</Title><Username>mb525789</Username><Timestamp>1352994863532</Timestamp><DateTime>Thu, 2012-11-15 10:54:23 EST</DateTime></Topic><Msg>???????????????</Msg><Username>mb525789</Username><Timestamp>1352995583991</Timestamp><DateTime>Thu, 2012-11-15 11:06:23 EST</DateTime><ThumbUp>0</ThumbUp><ThumbDown>3</ThumbDown><Sentiment/></Message><Message type="ReplyMessage"><Id>1352995651801-48</Id><Topic><Title>The new COO!</Title><Username>mb525789</Username><Timestamp>1352994863532</Timestamp><DateTime>Thu, 2012-11-15 10:54:23 EST</DateTime></Topic><Msg>Aren't you the guy that said Yahoo is dead money at $15.80? No one cares what you think hotmodel.</Msg><Username>trip23455</Username><Timestamp>1352995651801</Timestamp><DateTime>Thu, 2012-11-15 11:07:31 EST</DateTime><ThumbUp>0</ThumbUp><ThumbDown>1</ThumbDown><Sentiment/></Message><Message type="ReplyMessage"><Id>1352995713586-49</Id><Topic><Title>Tiger Capital takes a 2.5% new interest in Yahoo!! Holy cow 25 million shares!!</Title><Username>optionstrader4u</Username><Timestamp>1352935947798</Timestamp><DateTime>Wed, 2012-11-14 18:32:27 EST</DateTime></Topic><Msg>That is a big investment in Yahoo that Tiger Capital investors will watch closely.</Msg><Username>trip23455</Username><Timestamp>1352995713586</Timestamp><DateTime>Thu, 2012-11-15 11:08:33 EST</DateTime><ThumbUp>1</ThumbUp><ThumbDown>0</ThumbDown><Sentiment/></Message><Message type="ReplyMessage"><Id>1352995850467-50</Id><Topic><Title>Buy N O K</Title><Username>beccadrew</Username><Timestamp>1352993829220</Timestamp><DateTime>Thu, 2012-11-15 10:37:09 EST</DateTime></Topic><Msg>? why ?</Msg><Username>boneslong</Username><Timestamp>1352995850467</Timestamp><DateTime>Thu, 2012-11-15 11:10:50 EST</DateTime><ThumbUp>0</ThumbUp><ThumbDown>0</ThumbDown><Sentiment/></Message><Message type="TopicMessage"><Id>1352995884403-51</Id><Title>i want to get back into this stock, will it ever come back to 16</Title><Msg>everyday its up, and they havent proven anything yet. something is up</Msg><Username>delmundosoftball</Username><Timestamp>1352995884403</Timestamp><DateTime>Thu, 2012-11-15 11:11:24 EST</DateTime><ThumbUp>2</ThumbUp><ThumbDown>1</ThumbDown><Sentiment/></Message><Message type="ReplyMessage"><Id>1352996024076-52</Id><Topic><Title>The new COO!</Title><Username>mb525789</Username><Timestamp>1352994863532</Timestamp><DateTime>Thu, 2012-11-15 10:54:23 EST</DateTime></Topic><Msg>Re: the Bolo. Sorry i did not bring it back with me. Something about the airline frowns on sharp objects. :)</Msg><Username>mb525789</Username><Timestamp>1352996024076</Timestamp><DateTime>Thu, 2012-11-15 11:13:44 EST</DateTime><ThumbUp>0</ThumbUp><ThumbDown>1</ThumbDown><Sentiment/></Message><Message type="ReplyMessage"><Id>1352996543461-53</Id><Topic><Title>i want to get back into this stock, will it ever come back to 16</Title><Username>delmundosoftball</Username><Timestamp>1352995884403</Timestamp><DateTime>Thu, 2012-11-15 11:11:24 EST</DateTime></Topic><Msg>Get in now ! Don't look back! Strong Buy ! $ 27.by 12/7/</Msg><Username>leestoller</Username><Timestamp>1352996543461</Timestamp><DateTime>Thu, 2012-11-15 11:22:23 EST</DateTime><ThumbUp>1</ThumbUp><ThumbDown>0</ThumbDown><Sentiment>Strong Buy</Sentiment></Message><Message type="ReplyMessage"><Id>1352996604744-54</Id><Topic><Title>Buy N O K</Title><Username>beccadrew</Username><Timestamp>1352993829220</Timestamp><DateTime>Thu, 2012-11-15 10:37:09 EST</DateTime></Topic><Msg>Have Strong Buy !</Msg><Username>leestoller</Username><Timestamp>1352996604744</Timestamp><DateTime>Thu, 2012-11-15 11:23:24 EST</DateTime><ThumbUp>0</ThumbUp><ThumbDown>0</ThumbDown><Sentiment>Strong Buy</Sentiment></Message><Message type="ReplyMessage"><Id>1352996617116-55</Id><Topic><Title>i want to get back into this stock, will it ever come back to 16</Title><Username>delmundosoftball</Username><Timestamp>1352995884403</Timestamp><DateTime>Thu, 2012-11-15 11:11:24 EST</DateTime></Topic><Msg>No, APPL buyout in the works...that is why smart money buying</Msg><Username>americananabolics</Username><Timestamp>1352996617116</Timestamp><DateTime>Thu, 2012-11-15 11:23:37 EST</DateTime><ThumbUp>2</ThumbUp><ThumbDown>1</ThumbDown><Sentiment/></Message><Message type="TopicMessage"><Id>1352996800736-56</Id><Title>this really sucks</Title><Msg>Every post i put up where i relay facts about the sybr security. act gets yanked</Msg><Username>srifrump</Username><Timestamp>1352996800736</Timestamp><DateTime>Thu, 2012-11-15 11:26:40 EST</DateTime><ThumbUp>0</ThumbUp><ThumbDown>0</ThumbDown><Sentiment/></Message><Message type="ReplyMessage"><Id>1352997814732-57</Id><Topic><Title>David Einhorn just bought 4 million shares of Yahoo in the 3rd quarter!!</Title><Username>optionstrader4u</Username><Timestamp>1352931413767</Timestamp><DateTime>Wed, 2012-11-14 17:16:53 EST</DateTime></Topic><Msg>That will put Yahoo over $20.</Msg><Username>smedleypuddles</Username><Timestamp>1352997814732</Timestamp><DateTime>Thu, 2012-11-15 11:43:34 EST</DateTime><ThumbUp>2</ThumbUp><ThumbDown>0</ThumbDown><Sentiment/></Message><Message type="ReplyMessage"><Id>1352997843237-58</Id><Topic><Title>Tiger Capital takes a 2.5% new interest in Yahoo!! Holy cow 25 million shares!!</Title><Username>optionstrader4u</Username><Timestamp>1352935947798</Timestamp><DateTime>Wed, 2012-11-14 18:32:27 EST</DateTime></Topic><Msg>There will be more.</Msg><Username>smedleypuddles</Username><Timestamp>1352997843237</Timestamp><DateTime>Thu, 2012-11-15 11:44:03 EST</DateTime><ThumbUp>1</ThumbUp><ThumbDown>0</ThumbDown><Sentiment/></Message><Message type="TopicMessage"><Id>1352997898081-59</Id><Title>Dan Loeb Buys 3 million more shares of Yahoo</Title><Msg>Dan Loeb is adding to his position in Yahoo.</Msg><Username>smedleypuddles</Username><Timestamp>1352997898081</Timestamp><DateTime>Thu, 2012-11-15 11:44:58 EST</DateTime><ThumbUp>4</ThumbUp><ThumbDown>1</ThumbDown><Sentiment/></Message><Message type="ReplyMessage"><Id>1352998120861-60</Id><Topic><Title>Dan Loeb Buys 3 million more shares of Yahoo</Title><Username>smedleypuddles</Username><Timestamp>1352997898081</Timestamp><DateTime>Thu, 2012-11-15 11:44:58 EST</DateTime></Topic><Msg>When Dan buys everyone should buy !!</Msg><Username>leestoller</Username><Timestamp>1352998120861</Timestamp><DateTime>Thu, 2012-11-15 11:48:40 EST</DateTime><ThumbUp>1</ThumbUp><ThumbDown>0</ThumbDown><Sentiment>Strong Buy</Sentiment></Message><Message type="ReplyMessage"><Id>1352999019469-61</Id><Topic><Title>YHOO taking beatings like a red-headed rung child.</Title><Username>rosariopriscilla759</Username><Timestamp>1352983070580</Timestamp><DateTime>Thu, 2012-11-15 07:37:50 EST</DateTime></Topic><Msg>This works, been doing it for 2 years</Msg><Username>coffeyg74</Username><Timestamp>1352999019469</Timestamp><DateTime>Thu, 2012-11-15 12:03:39 EST</DateTime><ThumbUp>0</ThumbUp><ThumbDown>0</ThumbDown><Sentiment/></Message><Message type="TopicMessage"><Id>1352999835581-62</Id><Title>someone just dumped 3.7M shares at 12:12</Title><Msg>wow. He was wise. We should see more of these today. No catalyst for YHOO to be up.</Msg><Username>hajimow</Username><Timestamp>1352999835581</Timestamp><DateTime>Thu, 2012-11-15 12:17:15 EST</DateTime><ThumbUp>1</ThumbUp><ThumbDown>1</ThumbDown><Sentiment/></Message><Message type="TopicMessage"><Id>1353000530141-63</Id><Title>pumping is done, now is dumping</Title><Msg>prepare for crash down to the South. short short short</Msg><Username>teaandtea</Username><Timestamp>1353000530141</Timestamp><DateTime>Thu, 2012-11-15 12:28:50 EST</DateTime><ThumbUp>0</ThumbUp><ThumbDown>2</ThumbDown><Sentiment>Strong Sell</Sentiment></Message><Message type="ReplyMessage"><Id>1353000556854-64</Id><Topic><Title>someone just dumped 3.7M shares at 12:12</Title><Username>hajimow</Username><Timestamp>1352999835581</Timestamp><DateTime>Thu, 2012-11-15 12:17:15 EST</DateTime></Topic><Msg>Maybe he is Tiger Capital who is taking profit</Msg><Username>yp_ed_merrimack</Username><Timestamp>1353000556854</Timestamp><DateTime>Thu, 2012-11-15 12:29:16 EST</DateTime><ThumbUp>0</ThumbUp><ThumbDown>2</ThumbDown><Sentiment/></Message><Message type="ReplyMessage"><Id>1353000803592-65</Id><Topic><Title>someone just dumped 3.7M shares at 12:12</Title><Username>hajimow</Username><Timestamp>1352999835581</Timestamp><DateTime>Thu, 2012-11-15 12:17:15 EST</DateTime></Topic><Msg>probably more like an arranged purchase by the customer. 3 million shares would of dropped it .50c.. jmho</Msg><Username>optionstrader4u</Username><Timestamp>1353000803592</Timestamp><DateTime>Thu, 2012-11-15 12:33:23 EST</DateTime><ThumbUp>1</ThumbUp><ThumbDown>0</ThumbDown><Sentiment>Strong Buy</Sentiment></Message><Message type="ReplyMessage"><Id>1353001416085-66</Id><Topic><Title>Dan Loeb Buys 3 million more shares of Yahoo</Title><Username>smedleypuddles</Username><Timestamp>1352997898081</Timestamp><DateTime>Thu, 2012-11-15 11:44:58 EST</DateTime></Topic><Msg>Loeb likes what he sees going on behind the scenes at Yahoo.</Msg><Username>tetheredbird</Username><Timestamp>1353001416085</Timestamp><DateTime>Thu, 2012-11-15 12:43:36 EST</DateTime><ThumbUp>2</ThumbUp><ThumbDown>0</ThumbDown><Sentiment/></Message><Message type="ReplyMessage"><Id>1353001420015-67</Id><Topic><Title>David Einhorn just bought 4 million shares of Yahoo in the 3rd quarter!!</Title><Username>optionstrader4u</Username><Timestamp>1352931413767</Timestamp><DateTime>Wed, 2012-11-14 17:16:53 EST</DateTime></Topic><Msg>The big boys are buying Yahoo.</Msg><Username>bflathalfdim</Username><Timestamp>1353001420015</Timestamp><DateTime>Thu, 2012-11-15 12:43:40 EST</DateTime><ThumbUp>1</ThumbUp><ThumbDown>1</ThumbDown><Sentiment/></Message><Message type="TopicMessage"><Id>1353002602851-68</Id><Title>Want to close over 18... I also want to see 19 by first week of december</Title><Msg>lets get it guys</Msg><Username>comstockcir</Username><Timestamp>1353002602851</Timestamp><DateTime>Thu, 2012-11-15 13:03:22 EST</DateTime><ThumbUp>1</ThumbUp><ThumbDown>0</ThumbDown><Sentiment/></Message><Message type="ReplyMessage"><Id>1353002681822-69</Id><Topic><Title>someone just dumped 3.7M shares at 12:12</Title><Username>hajimow</Username><Timestamp>1352999835581</Timestamp><DateTime>Thu, 2012-11-15 12:17:15 EST</DateTime></Topic><Msg>Fund managers liquidating their positions (because of the customers request) will also not help market and also YHOO.</Msg><Username>hajimow</Username><Timestamp>1353002681822</Timestamp><DateTime>Thu, 2012-11-15 13:04:41 EST</DateTime><ThumbUp>0</ThumbUp><ThumbDown>1</ThumbDown><Sentiment/></Message><Message type="ReplyMessage"><Id>1353003414076-70</Id><Topic><Title>Tiger Capital takes a 2.5% new interest in Yahoo!! Holy cow 25 million shares!!</Title><Username>optionstrader4u</Username><Timestamp>1352935947798</Timestamp><DateTime>Wed, 2012-11-14 18:32:27 EST</DateTime></Topic><Msg>Wait until Yahoo does their $3 billion buyback.</Msg><Username>neo1278alpha</Username><Timestamp>1353003414076</Timestamp><DateTime>Thu, 2012-11-15 13:16:54 EST</DateTime><ThumbUp>3</ThumbUp><ThumbDown>1</ThumbDown><Sentiment/></Message><Message type="ReplyMessage"><Id>1353003616689-71</Id><Topic><Title>DOW at 5 Month Low, Yahoo at 17 Month High</Title><Username>theecoldone</Username><Timestamp>1352931384504</Timestamp><DateTime>Wed, 2012-11-14 17:16:24 EST</DateTime></Topic><Msg>Yahoo is hot.</Msg><Username>trip23455</Username><Timestamp>1353003616689</Timestamp><DateTime>Thu, 2012-11-15 13:20:16 EST</DateTime><ThumbUp>0</ThumbUp><ThumbDown>0</ThumbDown><Sentiment/></Message><Message type="ReplyMessage"><Id>1353003670163-72</Id><Topic><Title>$18.65 is multi- year high for Yahoo</Title><Username>smedleypuddles</Username><Timestamp>1352993650686</Timestamp><DateTime>Thu, 2012-11-15 10:34:10 EST</DateTime></Topic><Msg>Yahoo will trade at $19 in December according to coldone. That guy is always right.</Msg><Username>smedleypuddles</Username><Timestamp>1353003670163</Timestamp><DateTime>Thu, 2012-11-15 13:21:10 EST</DateTime><ThumbUp>1</ThumbUp><ThumbDown>1</ThumbDown><Sentiment/></Message><Message type="TopicMessage"><Id>1353004404320-73</Id><Title>Do you really know</Title><Msg>her?</Msg><Username>madmilker70</Username><Timestamp>1353004404320</Timestamp><DateTime>Thu, 2012-11-15 13:33:24 EST</DateTime><ThumbUp>0</ThumbUp><ThumbDown>2</ThumbDown><Sentiment/></Message><Message type="ReplyMessage"><Id>1353004587362-74</Id><Topic><Title>someone just dumped 3.7M shares at 12:12</Title><Username>hajimow</Username><Timestamp>1352999835581</Timestamp><DateTime>Thu, 2012-11-15 12:17:15 EST</DateTime></Topic><Msg>Another one million shares dumped at 13:32ET</Msg><Username>hajimow</Username><Timestamp>1353004587362</Timestamp><DateTime>Thu, 2012-11-15 13:36:27 EST</DateTime><ThumbUp>0</ThumbUp><ThumbDown>1</ThumbDown><Sentiment/></Message><Message type="ReplyMessage"><Id>1353004927874-75</Id><Topic><Title>pumping is done, now is dumping</Title><Username>teaandtea</Username><Timestamp>1353000530141</Timestamp><DateTime>Thu, 2012-11-15 12:28:50 EST</DateTime></Topic><Msg>Will be totally lobster very soon! I told you so! short short short !</Msg><Username>teaandtea</Username><Timestamp>1353004927874</Timestamp><DateTime>Thu, 2012-11-15 13:42:07 EST</DateTime><ThumbUp>0</ThumbUp><ThumbDown>2</ThumbDown><Sentiment>Strong Sell</Sentiment></Message><Message type="TopicMessage"><Id>1353005483884-76</Id><Title>Buy AONEQ</Title><Msg>Buy AONEQ</Msg><Username>benhorp</Username><Timestamp>1353005483884</Timestamp><DateTime>Thu, 2012-11-15 13:51:23 EST</DateTime><ThumbUp>0</ThumbUp><ThumbDown>0</ThumbDown><Sentiment>Strong Buy</Sentiment></Message><Message type="TopicMessage"><Id>1353006103816-77</Id><Title>YHOO FINANCE PORTFOLIOS ON THE BLINK AGAIN</Title><Msg>absolutely the worst technology people on the planet</Msg><Username>dr_ooopha</Username><Timestamp>1353006103816</Timestamp><DateTime>Thu, 2012-11-15 14:01:43 EST</DateTime><ThumbUp>0</ThumbUp><ThumbDown>1</ThumbDown><Sentiment/></Message><Message type="TopicMessage"><Id>1353006995250-78</Id><Title>Yahoo downloads stopped working?</Title><Msg>Very, very long time user of yahoo mail. Multiple email accounts on multiple PCs. Recently, for several days now cannot open Adobe attachments on any of our PCs on any of our accounts. Tried newest version of Adobe reader, tried disabling security, tried different browsers - nothing works. Anyone else out there with this problem? If widespread could be very serious. At wit's end. Will soon be forced to use Gmail or MSFT after close to 15 years. Already forwarding some emails to Comcast - where we can view.</Msg><Username>plutocrat88</Username><Timestamp>1353006995250</Timestamp><DateTime>Thu, 2012-11-15 14:16:35 EST</DateTime><ThumbUp>0</ThumbUp><ThumbDown>0</ThumbDown><Sentiment/></Message><Message type="ReplyMessage"><Id>1353006996970-79</Id><Topic><Title>someone just dumped 3.7M shares at 12:12</Title><Username>hajimow</Username><Timestamp>1352999835581</Timestamp><DateTime>Thu, 2012-11-15 12:17:15 EST</DateTime></Topic><Msg>Somebody buy 4mil and the same time ,somebody very smart!!</Msg><Username>potencjal</Username><Timestamp>1353006996970</Timestamp><DateTime>Thu, 2012-11-15 14:16:36 EST</DateTime><ThumbUp>0</ThumbUp><ThumbDown>0</ThumbDown><Sentiment/></Message><Message type="ReplyMessage"><Id>1353007097691-80</Id><Topic><Title>Hey Repukes.....did you sell to capture your lower capital gains rates before they go up</Title><Username>newt_tax_gingrich</Username><Timestamp>1353006291164</Timestamp><DateTime>Thu, 2012-11-15 14:04:51 EST</DateTime></Topic><Msg>Replying to your own alias must be fun.</Msg><Username>mstevens19600</Username><Timestamp>1353007097691</Timestamp><DateTime>Thu, 2012-11-15 14:18:17 EST</DateTime><ThumbUp>0</ThumbUp><ThumbDown>0</ThumbDown><Sentiment>Strong Buy</Sentiment></Message><Message type="TopicMessage"><Id>1353008082358-81</Id><Title>where does this go with a 200 pt up move? Yahoo is the only one green during this sell off</Title><Msg>RSI is strong, very little resistance up here and still undervalued...wall st likes Marrisa</Msg><Username>mawsii1</Username><Timestamp>1353008082358</Timestamp><DateTime>Thu, 2012-11-15 14:34:42 EST</DateTime><ThumbUp>0</ThumbUp><ThumbDown>0</ThumbDown><Sentiment>Strong Buy</Sentiment></Message><Message type="ReplyMessage"><Id>1353008223143-82</Id><Topic><Title>someone just dumped 3.7M shares at 12:12</Title><Username>hajimow</Username><Timestamp>1352999835581</Timestamp><DateTime>Thu, 2012-11-15 12:17:15 EST</DateTime></Topic><Msg>It was always my opinion that when a stock was sold a BUYER had to be on theother side?</Msg><Username>randywms55</Username><Timestamp>1353008223143</Timestamp><DateTime>Thu, 2012-11-15 14:37:03 EST</DateTime><ThumbUp>1</ThumbUp><ThumbDown>0</ThumbDown><Sentiment/></Message><Message type="TopicMessage"><Id>1353009075569-83</Id><Title>Options expiration tomarrow</Title><Msg>Ratio of puts to calls has a lot more puts in the money. In short, as people close out the puts cause buying - should add upward pressure on stock through the close on Friday - Assume she's due for a bounce</Msg><Username>md841</Username><Timestamp>1353009075569</Timestamp><DateTime>Thu, 2012-11-15 14:51:15 EST</DateTime><ThumbUp>0</ThumbUp><ThumbDown>0</ThumbDown><Sentiment/></Message><Message type="TopicMessage"><Id>1353009798876-84</Id><Title>more black mice are needed now too. wow</Title><Msg>this is crazy.</Msg><Username>skinnerted</Username><Timestamp>1353009798876</Timestamp><DateTime>Thu, 2012-11-15 15:03:18 EST</DateTime><ThumbUp>0</ThumbUp><ThumbDown>0</ThumbDown><Sentiment/></Message><Message type="TopicMessage"><Id>1353012094006-85</Id><Title>Who's Listening to the Fat Kid?</Title><Msg>The fat kid, aka coldie, feddie, vodman and a hundred more, has walked this stock down from the $40s pumping like a poodle on his master's leg, all the way. Even if it makes a buck or two per share, there's nothing substantial behind it at this point so it's more of the hype that we've seen for the last few years. It even hit $18 a couple of years ago when the fat kid's previous fantasy - Granny Bartz - managed to convince some buyers that there was money to be made. Does anyone remember the coldie-mantra for 2009? "$20 in 2009!" 2010? "$20 in 2010!" 2011? "$20 in 2011!" 2012? Yep, you got it... "$20 in 2012!" The very definition of dead money. See YHOO. And with a cost base of $37 per share, it only needs to double for him to almost break even! ROLF! Too bad the hundreds of phantom buys he and his aliases have made over the past couple of years won't even buy him a Krispy Kreme and a coffee.</Msg><Username>split29_2005</Username><Timestamp>1353012094006</Timestamp><DateTime>Thu, 2012-11-15 15:41:34 EST</DateTime><ThumbUp>3</ThumbUp><ThumbDown>0</ThumbDown><Sentiment/></Message><Message type="ReplyMessage"><Id>1353012116070-86</Id><Topic><Title>Hotmodel says, "I'm betting on DEAD MONEY for the next 6mos-1yr..."</Title><Username>savior2911</Username><Timestamp>1349883792903</Timestamp><DateTime>Wed, 2012-10-10 11:43:12 EDT</DateTime></Topic><Msg>Let's ask her. Hotmodel, do you still think you are not wrong about Yahoo being dead money at $15.80?</Msg><Username>bflathalfdim</Username><Timestamp>1353012116070</Timestamp><DateTime>Thu, 2012-11-15 15:41:56 EST</DateTime><ThumbUp>1</ThumbUp><ThumbDown>6</ThumbDown><Sentiment/></Message><Message type="TopicMessage"><Id>1353012158157-87</Id><Title>LVWD: 59% sales growth with positive profit growth and stock price of 28 cents</Title><Msg>This company continues to grow profitable with no debt, low market cap and stock price</Msg><Username>yuppybubba</Username><Timestamp>1353012158157</Timestamp><DateTime>Thu, 2012-11-15 15:42:38 EST</DateTime><ThumbUp>0</ThumbUp><ThumbDown>0</ThumbDown><Sentiment/></Message><Message type="ReplyMessage"><Id>1353012277199-88</Id><Topic><Title>I'm laughing at the Yahoo shorts</Title><Username>nanobot8042</Username><Timestamp>1348848910918</Timestamp><DateTime>Fri, 2012-09-28 12:15:10 EDT</DateTime></Topic><Msg>split29 gets burnt again by the coldone...</Msg><Username>co1done</Username><Timestamp>1353012277199</Timestamp><DateTime>Thu, 2012-11-15 15:44:37 EST</DateTime><ThumbUp>1</ThumbUp><ThumbDown>2</ThumbDown><Sentiment/></Message><Message type="ReplyMessage"><Id>1353012324078-89</Id><Topic><Title>Are you buying or selling Yahoo at $16?</Title><Username>theecoldone</Username><Timestamp>1348444547691</Timestamp><DateTime>Sun, 2012-09-23 19:55:47 EDT</DateTime></Topic><Msg>Split29 shorted Yahoo at $11 and $12 when coldone told her to buy.</Msg><Username>co1done</Username><Timestamp>1353012324078</Timestamp><DateTime>Thu, 2012-11-15 15:45:24 EST</DateTime><ThumbUp>0</ThumbUp><ThumbDown>2</ThumbDown><Sentiment/></Message><Message type="ReplyMessage"><Id>1353012564979-90</Id><Topic><Title>$20 in 2012...</Title><Username>split29_2005</Username><Timestamp>1325280091000</Timestamp><DateTime>Fri, 2011-12-30 16:21:31 EST</DateTime></Topic><Msg>Yahoo has a better chance to hit $20 than your short at $11 and $12. Split29 gets burnt.</Msg><Username>co1done</Username><Timestamp>1353012564979</Timestamp><DateTime>Thu, 2012-11-15 15:49:24 EST</DateTime><ThumbUp>4</ThumbUp><ThumbDown>4</ThumbDown><Sentiment/></Message><Message type="ReplyMessage"><Id>1353012646549-91</Id><Topic><Title>Welcome back to the $15s</Title><Username>split29_2005</Username><Timestamp>1324584550000</Timestamp><DateTime>Thu, 2011-12-22 15:09:10 EST</DateTime></Topic><Msg>You lose hotmodel aliass...</Msg><Username>co1done</Username><Timestamp>1353012646549</Timestamp><DateTime>Thu, 2012-11-15 15:50:46 EST</DateTime><ThumbUp>0</ThumbUp><ThumbDown>2</ThumbDown><Sentiment/></Message><Message type="ReplyMessage"><Id>1353012728481-92</Id><Topic><Title>Who's Listening to the Fat Kid?</Title><Username>split29_2005</Username><Timestamp>1353012094006</Timestamp><DateTime>Thu, 2012-11-15 15:41:34 EST</DateTime></Topic><Msg>Hey hotmodel, do you still think Yahoo is dead money at $15.80? lol!!!!!</Msg><Username>tetheredbird</Username><Timestamp>1353012728481</Timestamp><DateTime>Thu, 2012-11-15 15:52:08 EST</DateTime><ThumbUp>0</ThumbUp><ThumbDown>3</ThumbDown><Sentiment/></Message><Message type="ReplyMessage"><Id>1353012976122-93</Id><Topic><Title>What happened to Axis saving the world?</Title><Username>hotmodeltestid121</Username><Timestamp>1353012861756</Timestamp><DateTime>Thu, 2012-11-15 15:54:21 EST</DateTime></Topic><Msg>You might want to give Mayer more than 3 months to see what she will do with Yahoo search. Do you still think Yahoo going from $15.80 to $18 in a month is dead money?</Msg><Username>savior2911</Username><Timestamp>1353012976122</Timestamp><DateTime>Thu, 2012-11-15 15:56:16 EST</DateTime><ThumbUp>2</ThumbUp><ThumbDown>0</ThumbDown><Sentiment/></Message><Message type="ReplyMessage"><Id>1353013054777-94</Id><Topic><Title>Hotmodel says, "I'm betting on DEAD MONEY for the next 6mos-1yr..."</Title><Username>savior2911</Username><Timestamp>1349883792903</Timestamp><DateTime>Wed, 2012-10-10 11:43:12 EDT</DateTime></Topic><Msg>$15.80 to $18 in one month. Is that what you call dead money, hotmodel?</Msg><Username>savior2911</Username><Timestamp>1353013054777</Timestamp><DateTime>Thu, 2012-11-15 15:57:34 EST</DateTime><ThumbUp>1</ThumbUp><ThumbDown>3</ThumbDown><Sentiment/></Message><Message type="ReplyMessage"><Id>1353013171766-95</Id><Topic><Title>Who's Listening to the Fat Kid?</Title><Username>split29_2005</Username><Timestamp>1353012094006</Timestamp><DateTime>Thu, 2012-11-15 15:41:34 EST</DateTime></Topic><Msg>Once a loser... always a baggie ;-) I'm playing with AMRN right now. Cost base of $10.50 sold the Nov $11 calls for a bunch and hoping for a close tomorrow just below $11 so that I can sell the Dec $15s. Have a look. Reminds me a bit of YHOO in its heyday. My returns are 10%-20% per month. Before that AEGR and VHC but the ship has sailed on both of those for the time being.</Msg><Username>split29_2005</Username><Timestamp>1353013171766</Timestamp><DateTime>Thu, 2012-11-15 15:59:31 EST</DateTime><ThumbUp>1</ThumbUp><ThumbDown>0</ThumbDown><Sentiment/></Message><Message type="ReplyMessage"><Id>1353013416845-96</Id><Topic><Title>someone just dumped 3.7M shares at 12:12</Title><Username>hajimow</Username><Timestamp>1352999835581</Timestamp><DateTime>Thu, 2012-11-15 12:17:15 EST</DateTime></Topic><Msg>George ( sorry#$%$ ) Soros</Msg><Username>garybirch55</Username><Timestamp>1353013416845</Timestamp><DateTime>Thu, 2012-11-15 16:03:36 EST</DateTime><ThumbUp>0</ThumbUp><ThumbDown>0</ThumbDown><Sentiment/></Message><Message type="ReplyMessage"><Id>1353013513747-97</Id><Topic><Title>What happened to Axis saving the world?</Title><Username>hotmodeltestid121</Username><Timestamp>1353012861756</Timestamp><DateTime>Thu, 2012-11-15 15:54:21 EST</DateTime></Topic><Msg>If you don't want to respond, forward me the email and I'll get in the running for $500.</Msg><Username>iggysweet28</Username><Timestamp>1353013513747</Timestamp><DateTime>Thu, 2012-11-15 16:05:13 EST</DateTime><ThumbUp>0</ThumbUp><ThumbDown>3</ThumbDown><Sentiment/></Message><Message type="ReplyMessage"><Id>1353013583106-98</Id><Topic><Title>What happened to Axis saving the world?</Title><Username>hotmodeltestid121</Username><Timestamp>1353012861756</Timestamp><DateTime>Thu, 2012-11-15 15:54:21 EST</DateTime></Topic><Msg>You titled your thread, What happened to Axis saving the world? Give Mayer a chance. Better yet, why don't you short more Yahoo to go with your shorts at $11 and $12. Do you still think Yahoo going from $15.80 to $18 in a month is dead money?</Msg><Username>savior2911</Username><Timestamp>1353013583106</Timestamp><DateTime>Thu, 2012-11-15 16:06:23 EST</DateTime><ThumbUp>2</ThumbUp><ThumbDown>0</ThumbDown><Sentiment/></Message><Message type="ReplyMessage"><Id>1353013927038-99</Id><Topic><Title>Who's Listening to the Fat Kid?</Title><Username>split29_2005</Username><Timestamp>1353012094006</Timestamp><DateTime>Thu, 2012-11-15 15:41:34 EST</DateTime></Topic><Msg>Interesting that Hotmodel and split29 both use the term "dead money" in their posts. From the Axis post, Hotmodel said, "Yahoo has been dead money as long as you've created multiple ID's." split29 said in this post, "The very definition of dead money. See YHOO." Coincidence????? Hmmmmmmm.....</Msg><Username>iggysweet28</Username><Timestamp>1353013927038</Timestamp><DateTime>Thu, 2012-11-15 16:12:07 EST</DateTime><ThumbUp>2</ThumbUp><ThumbDown>4</ThumbDown><Sentiment/></Message><Message type="ReplyMessage"><Id>1353014064459-100</Id><Topic><Title>Tiger Capital takes a 2.5% new interest in Yahoo!! Holy cow 25 million shares!!</Title><Username>optionstrader4u</Username><Timestamp>1352935947798</Timestamp><DateTime>Wed, 2012-11-14 18:32:27 EST</DateTime></Topic><Msg>That will be before the end of the year.</Msg><Username>smedleypuddles</Username><Timestamp>1353014064459</Timestamp><DateTime>Thu, 2012-11-15 16:14:24 EST</DateTime><ThumbUp>2</ThumbUp><ThumbDown>2</ThumbDown><Sentiment/></Message><Message type="TopicMessage"><Id>1353014073190-101</Id><Title>Standard &amp; Poor's now rates YHOO as a "5-Star, Strong Buy".</Title><Msg>S&amp;P has a price target of $21. The date of the report is November 10, 2012.</Msg><Username>lnhirst</Username><Timestamp>1353014073190</Timestamp><DateTime>Thu, 2012-11-15 16:14:33 EST</DateTime><ThumbUp>2</ThumbUp><ThumbDown>0</ThumbDown><Sentiment/></Message><Message type="ReplyMessage"><Id>1353014184627-102</Id><Topic><Title>Are you buying or selling Yahoo at $16?</Title><Username>theecoldone</Username><Timestamp>1348444547691</Timestamp><DateTime>Sun, 2012-09-23 19:55:47 EDT</DateTime></Topic><Msg>dr.gloom lost everything.</Msg><Username>bflathalfdim</Username><Timestamp>1353014184627</Timestamp><DateTime>Thu, 2012-11-15 16:16:24 EST</DateTime><ThumbUp>0</ThumbUp><ThumbDown>0</ThumbDown><Sentiment/></Message><Message type="ReplyMessage"><Id>1353014406132-103</Id><Topic><Title>Dan Loeb Buys 3 million more shares of Yahoo</Title><Username>smedleypuddles</Username><Timestamp>1352997898081</Timestamp><DateTime>Thu, 2012-11-15 11:44:58 EST</DateTime></Topic><Msg>Good point. Loeb owns plenty of Yahoo, he would only buy more if he likes what is coming soon.</Msg><Username>thurstonthethird</Username><Timestamp>1353014406132</Timestamp><DateTime>Thu, 2012-11-15 16:20:06 EST</DateTime><ThumbUp>0</ThumbUp><ThumbDown>0</ThumbDown><Sentiment/></Message><Message type="ReplyMessage"><Id>1353014887240-104</Id><Topic><Title>someone just dumped 3.7M shares at 12:12</Title><Username>hajimow</Username><Timestamp>1352999835581</Timestamp><DateTime>Thu, 2012-11-15 12:17:15 EST</DateTime></Topic><Msg>Not always a real buyer. The market maker of the stock sometimes takes on more stock than they want to keep liquidity high. The stock taking that hit may have been from a firm who is trying to keep the stock under 18 because tomorrow is Options expiration. Expect around 18 tomorrow. They don't want the money to be too easy.</Msg><Username>dickey_betts44</Username><Timestamp>1353014887240</Timestamp><DateTime>Thu, 2012-11-15 16:28:07 EST</DateTime><ThumbUp>0</ThumbUp><ThumbDown>2</ThumbDown><Sentiment/></Message><Message type="ReplyMessage"><Id>1353015430343-105</Id><Topic><Title>dickey-betts44- You are one ignorant person about YHOO and politics. We reelected Obama for the good of.....</Title><Username>klmldsi</Username><Timestamp>1352989452429</Timestamp><DateTime>Thu, 2012-11-15 09:24:12 EST</DateTime></Topic><Msg>The good of America????More like the destruction of America. We are gravitating more to a country similiar toour friends in Europe. But if thats what you call good then that is your opinion along with all you welfare and Pork barrel lovers. Obama care tax increases coming in the years ahead that are astronomical for the middle class. How do you think your average middle class is going to feel when they find out they have to add 6-10K on their taxable income to pay for Obama care? That is real and is not even being talked about yet. Yes that added tax will be added at the amount your employer pays for your medical benefit costs. Yes that pays for all your deadbeats who can't take the reigns on their own life and get a damn job. Tax the middle class to pay for the helpless weaklings so they can pop out more rugrats the government will have to feed....</Msg><Username>dickey_betts44</Username><Timestamp>1353015430343</Timestamp><DateTime>Thu, 2012-11-15 16:37:10 EST</DateTime><ThumbUp>1</ThumbUp><ThumbDown>2</ThumbDown><Sentiment/></Message><Message type="TopicMessage"><Id>1353015499571-106</Id><Title>IPMPEACH OBAMA for destroying America!!!!!!</Title><Msg>How did this joker get elected????</Msg><Username>dickey_betts44</Username><Timestamp>1353015499571</Timestamp><DateTime>Thu, 2012-11-15 16:38:19 EST</DateTime><ThumbUp>0</ThumbUp><ThumbDown>1</ThumbDown><Sentiment/></Message><Message type="ReplyMessage"><Id>1353016116604-107</Id><Topic><Title>someone just dumped 3.7M shares at 12:12</Title><Username>hajimow</Username><Timestamp>1352999835581</Timestamp><DateTime>Thu, 2012-11-15 12:17:15 EST</DateTime></Topic><Msg>Actually that's how markets are suppose to work. If that's what happened!</Msg><Username>randywms55</Username><Timestamp>1353016116604</Timestamp><DateTime>Thu, 2012-11-15 16:48:36 EST</DateTime><ThumbUp>0</ThumbUp><ThumbDown>0</ThumbDown><Sentiment/></Message><Message type="ReplyMessage"><Id>1353016321648-108</Id><Topic><Title>someone just dumped 3.7M shares at 12:12</Title><Username>hajimow</Username><Timestamp>1352999835581</Timestamp><DateTime>Thu, 2012-11-15 12:17:15 EST</DateTime></Topic><Msg>Yes you have to think like the big money acting like they are the "House". As in casino. They don't want it to get too easy. That's why I hold longer term options and didn't try to buy Nov 18's a few days back for $5 apiece. Even though if you knew how to manage the trade you would have been successful.</Msg><Username>dickey_betts44</Username><Timestamp>1353016321648</Timestamp><DateTime>Thu, 2012-11-15 16:52:01 EST</DateTime><ThumbUp>0</ThumbUp><ThumbDown>0</ThumbDown><Sentiment/></Message><Message type="ReplyMessage"><Id>1353016468105-109</Id><Topic><Title>dickey-betts44- You are one ignorant person about YHOO and politics. We reelected Obama for the good of.....</Title><Username>klmldsi</Username><Timestamp>1352989452429</Timestamp><DateTime>Thu, 2012-11-15 09:24:12 EST</DateTime></Topic><Msg>Do you think so many high profile and wealthy Americans are moving to Europe (Greece and a few countries who have never really been that into over achieving, excepted) because they are looking for government hand outs? They are going there because, while they like to go on vacation to a third world country, they don't want to live in one. Your people have taken this country down in the past decades, to being unworthy of being named among the top tier in the world (except still for military strength), let alone a leader. Decaying roads and other infrastructure, more fat people than anywhere in the world with more health problems than anywhere, despite higher costs (and profits for medical companies), a decaying educational system, propped up only by well-educated people from poorer countries around the world, declining wages and middle class with barely 2 weeks or less of vacation time per year... The list goes on and on, but I have a feeling you wouldn't understand any of it...</Msg><Username>carnut13</Username><Timestamp>1353016468105</Timestamp><DateTime>Thu, 2012-11-15 16:54:28 EST</DateTime><ThumbUp>0</ThumbUp><ThumbDown>0</ThumbDown><Sentiment/></Message><Message type="ReplyMessage"><Id>1353016872467-110</Id><Topic><Title>Who's Listening to the Fat Kid?</Title><Username>split29_2005</Username><Timestamp>1353012094006</Timestamp><DateTime>Thu, 2012-11-15 15:41:34 EST</DateTime></Topic><Msg>Funny how split and hotmodel always respond to each other's posts. Hmmmmm....</Msg><Username>iggysweet28</Username><Timestamp>1353016872467</Timestamp><DateTime>Thu, 2012-11-15 17:01:12 EST</DateTime><ThumbUp>0</ThumbUp><ThumbDown>2</ThumbDown><Sentiment/></Message><Message type="TopicMessage"><Id>1353018606988-111</Id><Title>Obama:... Pretend, For A Moment, That You Own A Business...</Title><Msg>... and you have 10 employees. Each of the 10 have different skill levels and different motivations. If you had financial difficulty and had to cut the pay of one of your employees, which one would you penalize?... the top performer, the bottom performer, or one of the 8 in between? Obama has to make the same choice. Who should he raise taxes on to help pay for the budget deficit? Mr. Obama has chosen to raise taxes on those Americans who invest in the most businesses that make America run, pay the most taxes that finance the deficits, and hire the most Americans to work for them... ... eg: the top 1%. The result: Americans are selling "domestic stock" mutual funds and investing in the emerging markets (china &amp; india), gold, and bonds... eg: investments that don't grow the economy or employ Americans. Wealthy people are leaving the U.S... like Facebook's Edwardo Saverin and Apple's Steve Wozniak. "Capital Spending" is currently at a 50-year low... which is a big reason why GDP is barely growing and the number of americans either employed or wanting to work (the "labor participation" rate) is at an all-time low. For the past 100 years, every country that has done what Obama is now doing has experienced similar "capital flight" and a declining standard of living... EVERY SINGLE ONE... there are no exceptions... Greece is just the latest of hundreds of examples. And still, we re-elect Obama and prepare to embark on th 13th year of 16 straight years of the worst presidential leadership our country has ever experienced. Spokanimal</Msg><Username>bjspokanimal</Username><Timestamp>1353018606988</Timestamp><DateTime>Thu, 2012-11-15 17:30:06 EST</DateTime><ThumbUp>4</ThumbUp><ThumbDown>2</ThumbDown><Sentiment/></Message><Message type="ReplyMessage"><Id>1353019625150-112</Id><Topic><Title>Obama:... Pretend, For A Moment, That You Own A Business...</Title><Username>bjspokanimal</Username><Timestamp>1353018606988</Timestamp><DateTime>Thu, 2012-11-15 17:30:06 EST</DateTime></Topic><Msg>Can't blame Obama for at least trying to equalize things for the rest of us, decades of ridiculous wind falls for those you mention who have, in actuality done very little in return to keep this economy going. (Outsourcing and further stream lining despite Obama's 4 years of lower taxes...</Msg><Username>carnut13</Username><Timestamp>1353019625150</Timestamp><DateTime>Thu, 2012-11-15 17:47:05 EST</DateTime><ThumbUp>2</ThumbUp><ThumbDown>1</ThumbDown><Sentiment/></Message><Message type="ReplyMessage"><Id>1353021025040-113</Id><Topic><Title>Obama:... Pretend, For A Moment, That You Own A Business...</Title><Username>bjspokanimal</Username><Timestamp>1353018606988</Timestamp><DateTime>Thu, 2012-11-15 17:30:06 EST</DateTime></Topic><Msg>Good Post. Better for all our boats to float even if most of us do not have Yachts. Old Barry prefers to torpedo anything bigger than a dingy in the name of fairness.</Msg><Username>sonny1776</Username><Timestamp>1353021025040</Timestamp><DateTime>Thu, 2012-11-15 18:10:25 EST</DateTime><ThumbUp>1</ThumbUp><ThumbDown>2</ThumbDown><Sentiment>Strong Buy</Sentiment></Message><Message type="TopicMessage"><Id>1353023100851-114</Id><Title>everyone is saying YAHOOOOOO</Title><Msg>and buying it.</Msg><Username>sep122</Username><Timestamp>1353023100851</Timestamp><DateTime>Thu, 2012-11-15 18:45:00 EST</DateTime><ThumbUp>2</ThumbUp><ThumbDown>0</ThumbDown><Sentiment>Strong Buy</Sentiment></Message><Message type="TopicMessage"><Id>1353026285524-115</Id><Title>Market ready for bounce--yahoo could see $ 18.50 on Friday or Monday</Title><Msg>yahoo holding up like a champ----------------we could see $ 18.50 plus with normal bounce and any good news we could see $ 19-$ 20 range</Msg><Username>oldpalos</Username><Timestamp>1353026285524</Timestamp><DateTime>Thu, 2012-11-15 19:38:05 EST</DateTime><ThumbUp>4</ThumbUp><ThumbDown>2</ThumbDown><Sentiment>Strong Buy</Sentiment></Message><Message type="ReplyMessage"><Id>1353027209981-116</Id><Topic><Title>Market ready for bounce--yahoo could see $ 18.50 on Friday or Monday</Title><Username>oldpalos</Username><Timestamp>1353026285524</Timestamp><DateTime>Thu, 2012-11-15 19:38:05 EST</DateTime></Topic><Msg>The way she is trading we should see $19 by next Friday. She has been moving up slowly and filling gaps. I do believe she will get very close to it... Here is my brief analysis on Yahoo. There is very little float available out there to be traded. Remember institutions and insiders own 80% of this stock. That leaves only 236,000,000 shares available to trade to the retail investor. Of that, imo, 50% don't trade on a daily basis and are long term holders, etc.. That leaves about 115 million to trade daily. This is why I feel the company will be unable to buy back more than 20-30 million by next earnings. I would guess they have maybe bought back 3 to 4 million so far. Remember those are retired when they are bought back so every day they buy the available shares to trade go down that much. My personal opinion is when the street learns how to value Yahoo's holdings properly this will go to $30 in days... Again, all jmho</Msg><Username>optionstrader4u</Username><Timestamp>1353027209981</Timestamp><DateTime>Thu, 2012-11-15 19:53:29 EST</DateTime><ThumbUp>3</ThumbUp><ThumbDown>1</ThumbDown><Sentiment>Strong Buy</Sentiment></Message><Message type="ReplyMessage"><Id>1353027219433-117</Id><Topic><Title>Reuters: Yahoo rises in PM, source says PE interest in buying</Title><Username>optionist007</Username><Timestamp>1287055321000</Timestamp><DateTime>Thu, 2010-10-14 07:22:01 EDT</DateTime></Topic><Msg>Oct 14, 2010 Two years later and the body is still a little warm.</Msg><Username>dr.gloom</Username><Timestamp>1353027219433</Timestamp><DateTime>Thu, 2012-11-15 19:53:39 EST</DateTime><ThumbUp>0</ThumbUp><ThumbDown>0</ThumbDown><Sentiment/></Message><Message type="ReplyMessage"><Id>1353027393474-118</Id><Topic><Title>BREAK OUT! $17.80 Broken!</Title><Username>sia_nyc</Username><Timestamp>1254334590000</Timestamp><DateTime>Wed, 2009-09-30 14:16:30 EDT</DateTime></Topic><Msg>Sep 30, 2009 Three years later and...how did that go?</Msg><Username>dr.gloom</Username><Timestamp>1353027393474</Timestamp><DateTime>Thu, 2012-11-15 19:56:33 EST</DateTime><ThumbUp>1</ThumbUp><ThumbDown>1</ThumbDown><Sentiment/></Message><Message type="ReplyMessage"><Id>1353027631778-119</Id><Topic><Title>everyone is saying YAHOOOOOO</Title><Username>sep122</Username><Timestamp>1353023100851</Timestamp><DateTime>Thu, 2012-11-15 18:45:00 EST</DateTime></Topic><Msg>yes , i have shares and just buoght Dec calls.</Msg><Username>sep122</Username><Timestamp>1353027631778</Timestamp><DateTime>Thu, 2012-11-15 20:00:31 EST</DateTime><ThumbUp>0</ThumbUp><ThumbDown>0</ThumbDown><Sentiment>Strong Buy</Sentiment></Message><Message type="TopicMessage"><Id>1353028476650-120</Id><Title>Here is my take on Yahoo and why this time is different....</Title><Msg>First of all, imo, Yahoo has a permanent put under its price of about $15-$17 just on the value of its holdings (cash, Yahoo Japan, and Alibaba). This put will just go up over time as Alibaba's value increases exponentially over the next year or two. Remember Alibaba did 3 billion in sales over the first 3 quarters and did 3 billion on Nov. 11th (Chinese version of black Friday). They will probably do over a billion in the 4th quarter which will put their earnings for the year at 7 billion of which approximately 25% of that is profit for them (this may change with the margins for 11/11). That means that Yahoo will get about 450m this year from Alibaba! Wow! You see where I am going with this? In my opinion Yahoo is already valued way above $20 without increasing their own revenues. This is just gravy until you get to $21 or $22. The new CEO is very cunning! She is from Google and those guys know how to manipulate and create for the betterment of the company! Lastly there have been huge buyers in the company as one fund bought 25 million shares in the 3rd quarter. This is getting ready to explode and I believe because of its holdings may be a takeover target for a Microsoft (who really needs something to change their direction).. You may wake up one morning with headlines on Bloomberg or CNBC saying Microsoft is making a $45 per share offer for Yahoo! Happened before and now Yahoo is in 10x's better shape than it was back then. Something to really think about. Again, All jmho</Msg><Username>optionstrader4u</Username><Timestamp>1353028476650</Timestamp><DateTime>Thu, 2012-11-15 20:14:36 EST</DateTime><ThumbUp>3</ThumbUp><ThumbDown>3</ThumbDown><Sentiment>Strong Buy</Sentiment></Message><Message type="ReplyMessage"><Id>1353029439720-121</Id><Topic><Title>Anyone hear from Jack Welch?</Title><Username>abksmin</Username><Timestamp>1352952634474</Timestamp><DateTime>Wed, 2012-11-14 23:10:34 EST</DateTime></Topic><Msg>...</Msg><Username>runnx3344</Username><Timestamp>1353029439720</Timestamp><DateTime>Thu, 2012-11-15 20:30:39 EST</DateTime><ThumbUp>0</ThumbUp><ThumbDown>0</ThumbDown><Sentiment/></Message><Message type="ReplyMessage"><Id>1353037795656-122</Id><Topic><Title>Here is my take on Yahoo and why this time is different....</Title><Username>optionstrader4u</Username><Timestamp>1353028476650</Timestamp><DateTime>Thu, 2012-11-15 20:14:36 EST</DateTime></Topic><Msg>Your opinion is more speculation and hope then fact based. The pain prediction price for April options is $15; which at this time suggests that a pullback in price should occur within the next 5 months. MSFT does not need Yahoo as they can easily duplicate with their own branding; therefore no buyout. A merger could occur with a simple stock swap would be more feasible for tax purposes. XQ</Msg><Username>xquestor</Username><Timestamp>1353037795656</Timestamp><DateTime>Thu, 2012-11-15 22:49:55 EST</DateTime><ThumbUp>0</ThumbUp><ThumbDown>1</ThumbDown><Sentiment/></Message><Message type="ReplyMessage"><Id>1353038362695-123</Id><Topic><Title>BREAK OUT! $17.80 Broken!</Title><Username>sia_nyc</Username><Timestamp>1254334590000</Timestamp><DateTime>Wed, 2009-09-30 14:16:30 EDT</DateTime></Topic><Msg>Actual breakout occurs at around 18.80 to 19.12 area. XQ</Msg><Username>xquestor</Username><Timestamp>1353038362695</Timestamp><DateTime>Thu, 2012-11-15 22:59:22 EST</DateTime><ThumbUp>0</ThumbUp><ThumbDown>0</ThumbDown><Sentiment/></Message><Message type="ReplyMessage"><Id>1353039407334-124</Id><Topic><Title>Obama:... Pretend, For A Moment, That You Own A Business...</Title><Username>bjspokanimal</Username><Timestamp>1353018606988</Timestamp><DateTime>Thu, 2012-11-15 17:30:06 EST</DateTime></Topic><Msg>Let's say we don't pretend. Just started a new business in Asia; sold all patents and manufacturing processes to new company. Terminated all 263 US employees. Manufacturing same products for same government customers at 1/5 the cost. Move to new country that paid large incentives for relocation. Thank you Mr Obama for helping us make decision.</Msg><Username>tearnster_li</Username><Timestamp>1353039407334</Timestamp><DateTime>Thu, 2012-11-15 23:16:47 EST</DateTime><ThumbUp>1</ThumbUp><ThumbDown>3</ThumbDown><Sentiment/></Message></Date>