<?xml version="1.0" encoding="UTF-8" standalone="no"?><Date date="2013-03-27"><Message type="ReplyMessage"><Id>1364357261589-1</Id><Topic><Title>sell yhoo japan</Title><Username>lucetteo1</Username><Timestamp>1364356566801</Timestamp><DateTime>Tue, 2013-03-26 23:56:06 EDT</DateTime></Topic><Msg>Can't agree with you more.</Msg><Username>stonepine39</Username><Timestamp>1364357261589</Timestamp><DateTime>Wed, 2013-03-27 00:07:41 EDT</DateTime><ThumbUp>0</ThumbUp><ThumbDown>0</ThumbDown><Sentiment>Strong Buy</Sentiment></Message><Message type="ReplyMessage"><Id>1364359516435-2</Id><Topic><Title>Yahoo Closes at $23.58 New Four Year High!</Title><Username>tetheredbird</Username><Timestamp>1364328044819</Timestamp><DateTime>Tue, 2013-03-26 16:00:44 EDT</DateTime></Topic><Msg>My gut feeling is that we might here partial news about YHOO/MSFT search deal giving us what direction YHOO will go for this deal. If that is the case and the partial news is taken positive for YHOO or let us say that Wall Street perceive it positively then we are going higher. Again, this is a speculation and my personal opinion only!!</Msg><Username>goingbravo</Username><Timestamp>1364359516435</Timestamp><DateTime>Wed, 2013-03-27 00:45:16 EDT</DateTime><ThumbUp>0</ThumbUp><ThumbDown>1</ThumbDown><Sentiment>Strong Buy</Sentiment></Message><Message type="ReplyMessage"><Id>1364359815553-3</Id><Topic><Title>sell yhoo japan</Title><Username>lucetteo1</Username><Timestamp>1364356566801</Timestamp><DateTime>Tue, 2013-03-26 23:56:06 EDT</DateTime></Topic><Msg>Ladys are very good with money.Yhoo is just getting started. At $16 $24 is -will be 50% take .will take a little time to get past 24. Yhoo is ticking right along.</Msg><Username>dzebell</Username><Timestamp>1364359815553</Timestamp><DateTime>Wed, 2013-03-27 00:50:15 EDT</DateTime><ThumbUp>0</ThumbUp><ThumbDown>1</ThumbDown><Sentiment>Buy</Sentiment></Message><Message type="ReplyMessage"><Id>1364360129182-4</Id><Topic><Title>As of March 26/13 YHOO 100 day moving average says buy and long term 96% says buy!</Title><Username>big_saciccio</Username><Timestamp>1364351352759</Timestamp><DateTime>Tue, 2013-03-26 22:29:12 EDT</DateTime></Topic><Msg>I have noticed last two weeks that YHOO sales volume except for one day last week went over the 19M volume average. Likewise if the 100-Day average volum is 21M then I would say YHOO is not in the overbought condition. I don't know technical analysis but I am just applying a logical, practical reasoning.</Msg><Username>goingbravo</Username><Timestamp>1364360129182</Timestamp><DateTime>Wed, 2013-03-27 00:55:29 EDT</DateTime><ThumbUp>0</ThumbUp><ThumbDown>2</ThumbDown><Sentiment>Strong Buy</Sentiment></Message><Message type="ReplyMessage"><Id>1364360150833-5</Id><Topic><Title>Yahoo Closes at $23.58 New Four Year High!</Title><Username>tetheredbird</Username><Timestamp>1364328044819</Timestamp><DateTime>Tue, 2013-03-26 16:00:44 EDT</DateTime></Topic><Msg>I can just say from 16$ to 24$ is or will be a 50% profit take. Will take a little time to move on.</Msg><Username>dzebell</Username><Timestamp>1364360150833</Timestamp><DateTime>Wed, 2013-03-27 00:55:50 EDT</DateTime><ThumbUp>0</ThumbUp><ThumbDown>0</ThumbDown><Sentiment>Buy</Sentiment></Message><Message type="TopicMessage"><Id>1364361471125-6</Id><Title>bullish</Title><Msg>on yahoo!</Msg><Username>landco_36</Username><Timestamp>1364361471125</Timestamp><DateTime>Wed, 2013-03-27 01:17:51 EDT</DateTime><ThumbUp>0</ThumbUp><ThumbDown>0</ThumbDown><Sentiment>Buy</Sentiment></Message><Message type="TopicMessage"><Id>1364385987475-7</Id><Title>Trade like a boss</Title><Msg>Sign up for their free tips by texting “stocks” to 555888 and start trading like a boss. First pick I got went up nearly 200%.</Msg><Username>hwyatt954</Username><Timestamp>1364385987475</Timestamp><DateTime>Wed, 2013-03-27 08:06:27 EDT</DateTime><ThumbUp>0</ThumbUp><ThumbDown>1</ThumbDown><Sentiment/></Message><Message type="ReplyMessage"><Id>1364387573586-8</Id><Topic><Title>sell yhoo japan</Title><Username>lucetteo1</Username><Timestamp>1364356566801</Timestamp><DateTime>Tue, 2013-03-26 23:56:06 EDT</DateTime></Topic><Msg>IMO - Hold Yahoo Japan till the Alibaba IPO, as Yahoo Japan owns a 30% stake in Alibaba, and Yahoo owns 35% of Yahoo Japan. At $100 billion IPO of Alibaba, this is $10.5 billion for Yahoo, without the core value of Yahoo Japan. Sell during the hype of the IPO, and take some preferred shares of Yahoo Japan for the long term growth of both companies...</Msg><Username>theretirementdr</Username><Timestamp>1364387573586</Timestamp><DateTime>Wed, 2013-03-27 08:32:53 EDT</DateTime><ThumbUp>1</ThumbUp><ThumbDown>0</ThumbDown><Sentiment/></Message><Message type="ReplyMessage"><Id>1364388861685-9</Id><Topic><Title>Yahoo Closes at $23.58 New Four Year High!</Title><Username>tetheredbird</Username><Timestamp>1364328044819</Timestamp><DateTime>Tue, 2013-03-26 16:00:44 EDT</DateTime></Topic><Msg>Smart investors are holding until Alibaba goes public.</Msg><Username>neo1278alpha</Username><Timestamp>1364388861685</Timestamp><DateTime>Wed, 2013-03-27 08:54:21 EDT</DateTime><ThumbUp>1</ThumbUp><ThumbDown>0</ThumbDown><Sentiment/></Message><Message type="TopicMessage"><Id>1364389877465-10</Id><Title>Is A Yahoo, Dailymotion Deal Crazy? Like A Fox</Title><Msg>Yahoo’s first major acquisition since Marissa Mayer took over as CEO could be the French video site Dailymotion, of all things. If the talks pan out, Yahoo will be joining a long list of companies hyped up by the booming digital video industry. And if anyone can upset Google’s hold on online video, it’s Mayer.</Msg><Username>thetoadtimes</Username><Timestamp>1364389877465</Timestamp><DateTime>Wed, 2013-03-27 09:11:17 EDT</DateTime><ThumbUp>3</ThumbUp><ThumbDown>3</ThumbDown><Sentiment/></Message><Message type="ReplyMessage"><Id>1364389887749-11</Id><Topic><Title>As of March 26/13 YHOO 100 day moving average says buy and long term 96% says buy!</Title><Username>big_saciccio</Username><Timestamp>1364351352759</Timestamp><DateTime>Tue, 2013-03-26 22:29:12 EDT</DateTime></Topic><Msg>Short Term Indicators Average is a (BUY) Medium Term Indicators Average: 100% (BUY Long Term Indicators also a (BUY) In few words YHOO is not overbought. In technical analysis, the overbought is a situation in which the price of a security has risen too high usually on high volume - that an oscillator has reached its upper bound. YAHOO hasn't got there as an OVERBOUGHT, It still has a long way to go. It might pull back a bit depending on the total market condition. I also believe YHOO will hit over $30 by November 2013</Msg><Username>big_saciccio</Username><Timestamp>1364389887749</Timestamp><DateTime>Wed, 2013-03-27 09:11:27 EDT</DateTime><ThumbUp>1</ThumbUp><ThumbDown>1</ThumbDown><Sentiment>Buy</Sentiment></Message><Message type="ReplyMessage"><Id>1364390284534-12</Id><Topic><Title>Is A Yahoo, Dailymotion Deal Crazy? Like A Fox</Title><Username>thetoadtimes</Username><Timestamp>1364389877465</Timestamp><DateTime>Wed, 2013-03-27 09:11:17 EDT</DateTime></Topic><Msg>When Yahoo takes control over Dailymotion, it will nearly double the size of its video audience worldwide – from 119 million to to 230 million. In the US, Dailymotion will propel Yahoo into a near tie with Facebook for second place, with ~60 million video viewers.</Msg><Username>ashton10shyof</Username><Timestamp>1364390284534</Timestamp><DateTime>Wed, 2013-03-27 09:18:04 EDT</DateTime><ThumbUp>3</ThumbUp><ThumbDown>0</ThumbDown><Sentiment/></Message><Message type="ReplyMessage"><Id>1364390860146-13</Id><Topic><Title>sell yhoo japan</Title><Username>lucetteo1</Username><Timestamp>1364356566801</Timestamp><DateTime>Tue, 2013-03-26 23:56:06 EDT</DateTime></Topic><Msg>Wait, does Yahoo Japan own 30% of AG or does Softbank (which owns most of Yahoo Japan) own the 30% of Alibaba? Big difference.</Msg><Username>mewag51</Username><Timestamp>1364390860146</Timestamp><DateTime>Wed, 2013-03-27 09:27:40 EDT</DateTime><ThumbUp>0</ThumbUp><ThumbDown>0</ThumbDown><Sentiment/></Message><Message type="TopicMessage"><Id>1364390905180-14</Id><Title>Yahoo/Dailymotion deal 'as good as done,' Business Insider reports</Title><Msg>Last week, Amir Efrati and Sam Shechner of the WSJ reported that Yahoo is close to acquiring a controlling stake in the YouTube-of-Europe, Dailymotion, at a valuation somewhere around $300 million. We cannot confirm that the deal is done – but we can say that two separate sources, one, close to Yahoo, another, involved in the deals space, believe the deal is as good as done, and talked to us as though it was. SAI-</Msg><Username>thetoadtimes</Username><Timestamp>1364390905180</Timestamp><DateTime>Wed, 2013-03-27 09:28:25 EDT</DateTime><ThumbUp>2</ThumbUp><ThumbDown>3</ThumbDown><Sentiment/></Message><Message type="ReplyMessage"><Id>1364392153953-15</Id><Topic><Title>Is A Yahoo, Dailymotion Deal Crazy? Like A Fox</Title><Username>thetoadtimes</Username><Timestamp>1364389877465</Timestamp><DateTime>Wed, 2013-03-27 09:11:17 EDT</DateTime></Topic><Msg>It's about time someone takes on YouTube.</Msg><Username>turmaniloil</Username><Timestamp>1364392153953</Timestamp><DateTime>Wed, 2013-03-27 09:49:13 EDT</DateTime><ThumbUp>2</ThumbUp><ThumbDown>0</ThumbDown><Sentiment/></Message><Message type="ReplyMessage"><Id>1364394621125-16</Id><Topic><Title>Top Analyst UPGRADES Yahoo ?</Title><Username>julie.ferrell</Username><Timestamp>1364394140582</Timestamp><DateTime>Wed, 2013-03-27 10:22:20 EDT</DateTime></Topic><Msg>good one! thanks</Msg><Username>mkatie33</Username><Timestamp>1364394621125</Timestamp><DateTime>Wed, 2013-03-27 10:30:21 EDT</DateTime><ThumbUp>0</ThumbUp><ThumbDown>3</ThumbDown><Sentiment/></Message><Message type="ReplyMessage"><Id>1364395419148-17</Id><Topic><Title>Yahoo Closes at $23.58 New Four Year High!</Title><Username>tetheredbird</Username><Timestamp>1364328044819</Timestamp><DateTime>Tue, 2013-03-26 16:00:44 EDT</DateTime></Topic><Msg>Yahoo up again today while the DOW, NAZ and S&amp;P fall. Adding to a four year high on a down day for the major averages is very bullish.</Msg><Username>shelcorecrust</Username><Timestamp>1364395419148</Timestamp><DateTime>Wed, 2013-03-27 10:43:39 EDT</DateTime><ThumbUp>0</ThumbUp><ThumbDown>3</ThumbDown><Sentiment/></Message><Message type="ReplyMessage"><Id>1364396291185-18</Id><Topic><Title>Top Analyst UPGRADES Yahoo ?</Title><Username>julie.ferrell</Username><Timestamp>1364394140582</Timestamp><DateTime>Wed, 2013-03-27 10:22:20 EDT</DateTime></Topic><Msg>Usual resident cybercriminals enabled by usual useless Yahoo employees. Avoid the scam url.</Msg><Username>still_my_dime</Username><Timestamp>1364396291185</Timestamp><DateTime>Wed, 2013-03-27 10:58:11 EDT</DateTime><ThumbUp>1</ThumbUp><ThumbDown>1</ThumbDown><Sentiment/></Message><Message type="ReplyMessage"><Id>1364397910614-19</Id><Topic><Title>The Coldone is Leaving for vacation...Again!</Title><Username>co1done</Username><Timestamp>1363361167428</Timestamp><DateTime>Fri, 2013-03-15 11:26:07 EDT</DateTime></Topic><Msg>Closing in on $24!</Msg><Username>ashton10shyof</Username><Timestamp>1364397910614</Timestamp><DateTime>Wed, 2013-03-27 11:25:10 EDT</DateTime><ThumbUp>2</ThumbUp><ThumbDown>0</ThumbDown><Sentiment/></Message><Message type="ReplyMessage"><Id>1364397992549-20</Id><Topic><Title>sell yhoo japan</Title><Username>lucetteo1</Username><Timestamp>1364356566801</Timestamp><DateTime>Tue, 2013-03-26 23:56:06 EDT</DateTime></Topic><Msg>$10 Billion for yhoo japan is a great deal for yhoo and the cash could generate better returns for yhoo in other ways. If they buyback their own shares they are investing even more in the alibaba IPO. Using the shares bought back to purchase other companies is a win win. Yhoo japan doesn't own 30% of alibaba.</Msg><Username>lucetteo1</Username><Timestamp>1364397992549</Timestamp><DateTime>Wed, 2013-03-27 11:26:32 EDT</DateTime><ThumbUp>0</ThumbUp><ThumbDown>0</ThumbDown><Sentiment/></Message><Message type="ReplyMessage"><Id>1364398057405-21</Id><Topic><Title>March 31 Bing Search deal will be canceled, May 10 Jack Ma steps down, Yahoo Japan to be sold</Title><Username>ashton10shyof</Username><Timestamp>1361378522875</Timestamp><DateTime>Wed, 2013-02-20 11:42:02 EST</DateTime></Topic><Msg>Mayer is playing this one close to the vest.</Msg><Username>ashton10shyof</Username><Timestamp>1364398057405</Timestamp><DateTime>Wed, 2013-03-27 11:27:37 EDT</DateTime><ThumbUp>2</ThumbUp><ThumbDown>2</ThumbDown><Sentiment/></Message><Message type="ReplyMessage"><Id>1364398389279-22</Id><Topic><Title>hotmodel/dr.gloom speechless...Ha!</Title><Username>co1done</Username><Timestamp>1360681791264</Timestamp><DateTime>Tue, 2013-02-12 10:09:51 EST</DateTime></Topic><Msg>Well put.</Msg><Username>tetheredbird</Username><Timestamp>1364398389279</Timestamp><DateTime>Wed, 2013-03-27 11:33:09 EDT</DateTime><ThumbUp>1</ThumbUp><ThumbDown>1</ThumbDown><Sentiment/></Message><Message type="ReplyMessage"><Id>1364398550009-23</Id><Topic><Title>Yahoo Closes at $23.58 New Four Year High!</Title><Username>tetheredbird</Username><Timestamp>1364328044819</Timestamp><DateTime>Tue, 2013-03-26 16:00:44 EDT</DateTime></Topic><Msg>Yahoo is marching higher at $23.75 with the major averages all down.</Msg><Username>ashton10shyof</Username><Timestamp>1364398550009</Timestamp><DateTime>Wed, 2013-03-27 11:35:50 EDT</DateTime><ThumbUp>2</ThumbUp><ThumbDown>0</ThumbDown><Sentiment/></Message><Message type="TopicMessage"><Id>1364399043465-24</Id><Title>Carl Ichan to get involved?</Title><Msg>The activist investor Carl Ichan would be perfect to be involved with SWC!</Msg><Username>pacenet_2000</Username><Timestamp>1364399043465</Timestamp><DateTime>Wed, 2013-03-27 11:44:03 EDT</DateTime><ThumbUp>0</ThumbUp><ThumbDown>1</ThumbDown><Sentiment>Buy</Sentiment></Message><Message type="ReplyMessage"><Id>1364399154416-25</Id><Topic><Title>sell yhoo japan</Title><Username>lucetteo1</Username><Timestamp>1364356566801</Timestamp><DateTime>Tue, 2013-03-26 23:56:06 EDT</DateTime></Topic><Msg>Softbank owns 30% of Alibaba and 41% of YJ. But I agree with the comments of theretirementdr that YHOO should hold on their stakes of YJ until after Alibaba IPO unless YJ/Softbank offers YHOO a deal that they cannot pass on or say no now!!</Msg><Username>goingbravo</Username><Timestamp>1364399154416</Timestamp><DateTime>Wed, 2013-03-27 11:45:54 EDT</DateTime><ThumbUp>0</ThumbUp><ThumbDown>0</ThumbDown><Sentiment>Strong Buy</Sentiment></Message><Message type="TopicMessage"><Id>1364399178905-26</Id><Title>big search deal?</Title><Msg>Are we going to hear anything before March 31? Do they have to make a decision before then?</Msg><Username>lucetteo1</Username><Timestamp>1364399178905</Timestamp><DateTime>Wed, 2013-03-27 11:46:18 EDT</DateTime><ThumbUp>0</ThumbUp><ThumbDown>1</ThumbDown><Sentiment/></Message><Message type="ReplyMessage"><Id>1364399217272-27</Id><Topic><Title>big search deal?</Title><Username>lucetteo1</Username><Timestamp>1364399178905</Timestamp><DateTime>Wed, 2013-03-27 11:46:18 EDT</DateTime></Topic><Msg>What do you think?</Msg><Username>neo1278alpha</Username><Timestamp>1364399217272</Timestamp><DateTime>Wed, 2013-03-27 11:46:57 EDT</DateTime><ThumbUp>0</ThumbUp><ThumbDown>0</ThumbDown><Sentiment/></Message><Message type="ReplyMessage"><Id>1364399281661-28</Id><Topic><Title>March 31 Bing Search deal will be canceled, May 10 Jack Ma steps down, Yahoo Japan to be sold</Title><Username>ashton10shyof</Username><Timestamp>1361378522875</Timestamp><DateTime>Wed, 2013-02-20 11:42:02 EST</DateTime></Topic><Msg>Sunday is March 31, Monday Ballmer is the April fool.</Msg><Username>neo1278alpha</Username><Timestamp>1364399281661</Timestamp><DateTime>Wed, 2013-03-27 11:48:01 EDT</DateTime><ThumbUp>2</ThumbUp><ThumbDown>3</ThumbDown><Sentiment/></Message><Message type="ReplyMessage"><Id>1364400359891-29</Id><Topic><Title>As of March 26/13 YHOO 100 day moving average says buy and long term 96% says buy!</Title><Username>big_saciccio</Username><Timestamp>1364351352759</Timestamp><DateTime>Tue, 2013-03-26 22:29:12 EDT</DateTime></Topic><Msg>I think we'll get $30 by August, never mind November! ;-)</Msg><Username>nonandare</Username><Timestamp>1364400359891</Timestamp><DateTime>Wed, 2013-03-27 12:05:59 EDT</DateTime><ThumbUp>0</ThumbUp><ThumbDown>0</ThumbDown><Sentiment>Strong Buy</Sentiment></Message><Message type="TopicMessage"><Id>1364401035867-30</Id><Title>we broke most resistance points for YHOO</Title><Msg>Resistance 3: $23.96</Msg><Username>big_saciccio</Username><Timestamp>1364401035867</Timestamp><DateTime>Wed, 2013-03-27 12:17:15 EDT</DateTime><ThumbUp>0</ThumbUp><ThumbDown>0</ThumbDown><Sentiment>Buy</Sentiment></Message><Message type="ReplyMessage"><Id>1364401716978-31</Id><Topic><Title>March 31 Bing Search deal will be canceled, May 10 Jack Ma steps down, Yahoo Japan to be sold</Title><Username>ashton10shyof</Username><Timestamp>1361378522875</Timestamp><DateTime>Wed, 2013-02-20 11:42:02 EST</DateTime></Topic><Msg>Everyday is April Fools day for Ballmer.</Msg><Username>shelcorecrust</Username><Timestamp>1364401716978</Timestamp><DateTime>Wed, 2013-03-27 12:28:36 EDT</DateTime><ThumbUp>1</ThumbUp><ThumbDown>6</ThumbDown><Sentiment/></Message><Message type="ReplyMessage"><Id>1364401755233-32</Id><Topic><Title>Yahoo Closes at $23.58 New Four Year High!</Title><Username>tetheredbird</Username><Timestamp>1364328044819</Timestamp><DateTime>Tue, 2013-03-26 16:00:44 EDT</DateTime></Topic><Msg>Yahoo has big news coming in April.</Msg><Username>shelcorecrust</Username><Timestamp>1364401755233</Timestamp><DateTime>Wed, 2013-03-27 12:29:15 EDT</DateTime><ThumbUp>1</ThumbUp><ThumbDown>3</ThumbDown><Sentiment/></Message><Message type="ReplyMessage"><Id>1364401800789-33</Id><Topic><Title>Here's How Yahoo! Gets to $40 By the End of 2013</Title><Username>smedleypuddles</Username><Timestamp>1363010133277</Timestamp><DateTime>Mon, 2013-03-11 09:55:33 EDT</DateTime></Topic><Msg>Yahoo is showing strength today.</Msg><Username>shelcorecrust</Username><Timestamp>1364401800789</Timestamp><DateTime>Wed, 2013-03-27 12:30:00 EDT</DateTime><ThumbUp>1</ThumbUp><ThumbDown>3</ThumbDown><Sentiment/></Message><Message type="ReplyMessage"><Id>1364401922700-34</Id><Topic><Title>Yahoo/Dailymotion deal 'as good as done,' Business Insider reports</Title><Username>thetoadtimes</Username><Timestamp>1364390905180</Timestamp><DateTime>Wed, 2013-03-27 09:28:25 EDT</DateTime></Topic><Msg>In the US, Dailymotion will propel Yahoo into a near tie with Facebook for second place, with ~60 million video viewers.</Msg><Username>ashton10shyof</Username><Timestamp>1364401922700</Timestamp><DateTime>Wed, 2013-03-27 12:32:02 EDT</DateTime><ThumbUp>3</ThumbUp><ThumbDown>0</ThumbDown><Sentiment/></Message><Message type="ReplyMessage"><Id>1364401946702-35</Id><Topic><Title>hotmodel/dr.gloom speechless...Ha!</Title><Username>co1done</Username><Timestamp>1360681791264</Timestamp><DateTime>Tue, 2013-02-12 10:09:51 EST</DateTime></Topic><Msg>hotmodel got burnt by coldone.</Msg><Username>ashton10shyof</Username><Timestamp>1364401946702</Timestamp><DateTime>Wed, 2013-03-27 12:32:26 EDT</DateTime><ThumbUp>2</ThumbUp><ThumbDown>2</ThumbDown><Sentiment/></Message><Message type="ReplyMessage"><Id>1364401982872-36</Id><Topic><Title>Is A Yahoo, Dailymotion Deal Crazy? Like A Fox</Title><Username>thetoadtimes</Username><Timestamp>1364389877465</Timestamp><DateTime>Wed, 2013-03-27 09:11:17 EDT</DateTime></Topic><Msg>Mayer knows exactly how to do it.</Msg><Username>shelcorecrust</Username><Timestamp>1364401982872</Timestamp><DateTime>Wed, 2013-03-27 12:33:02 EDT</DateTime><ThumbUp>1</ThumbUp><ThumbDown>4</ThumbDown><Sentiment/></Message><Message type="ReplyMessage"><Id>1364402024982-37</Id><Topic><Title>Hotmodel - Do you still think Yahoo was dead money at $15.80?</Title><Username>co1done</Username><Timestamp>1362587655224</Timestamp><DateTime>Wed, 2013-03-06 11:34:15 EST</DateTime></Topic><Msg>hotmodel is the board jester.</Msg><Username>ashton10shyof</Username><Timestamp>1364402024982</Timestamp><DateTime>Wed, 2013-03-27 12:33:44 EDT</DateTime><ThumbUp>2</ThumbUp><ThumbDown>2</ThumbDown><Sentiment/></Message><Message type="ReplyMessage"><Id>1364402088481-38</Id><Topic><Title>Coldone's advice to buy Yahoo from $11 to $21 was spot on!</Title><Username>shelcorecrust</Username><Timestamp>1362511915833</Timestamp><DateTime>Tue, 2013-03-05 14:31:55 EST</DateTime></Topic><Msg>Yes, and from what I've seen he is making money in everything he buys.</Msg><Username>ashton10shyof</Username><Timestamp>1364402088481</Timestamp><DateTime>Wed, 2013-03-27 12:34:48 EDT</DateTime><ThumbUp>2</ThumbUp><ThumbDown>1</ThumbDown><Sentiment/></Message><Message type="ReplyMessage"><Id>1364402271782-39</Id><Topic><Title>Hotmodel - Do you still think Yahoo was dead money at $15.80?</Title><Username>co1done</Username><Timestamp>1362587655224</Timestamp><DateTime>Wed, 2013-03-06 11:34:15 EST</DateTime></Topic><Msg>She is fun to laugh at. Her halgordon alias shows what a nutcase she is.</Msg><Username>tetheredbird</Username><Timestamp>1364402271782</Timestamp><DateTime>Wed, 2013-03-27 12:37:51 EDT</DateTime><ThumbUp>1</ThumbUp><ThumbDown>2</ThumbDown><Sentiment/></Message><Message type="ReplyMessage"><Id>1364402387323-40</Id><Topic><Title>March 31 Bing Search deal will be canceled, May 10 Jack Ma steps down, Yahoo Japan to be sold</Title><Username>ashton10shyof</Username><Timestamp>1361378522875</Timestamp><DateTime>Wed, 2013-02-20 11:42:02 EST</DateTime></Topic><Msg>Ballmer has a lot of work to do if he wants to keep Yahoo as a search partner.</Msg><Username>neo1278alpha</Username><Timestamp>1364402387323</Timestamp><DateTime>Wed, 2013-03-27 12:39:47 EDT</DateTime><ThumbUp>1</ThumbUp><ThumbDown>0</ThumbDown><Sentiment/></Message><Message type="ReplyMessage"><Id>1364402424787-41</Id><Topic><Title>Yahoo Closes at $23.58 New Four Year High!</Title><Username>tetheredbird</Username><Timestamp>1364328044819</Timestamp><DateTime>Tue, 2013-03-26 16:00:44 EDT</DateTime></Topic><Msg>Yahoo is going to $26 in April.</Msg><Username>neo1278alpha</Username><Timestamp>1364402424787</Timestamp><DateTime>Wed, 2013-03-27 12:40:24 EDT</DateTime><ThumbUp>1</ThumbUp><ThumbDown>0</ThumbDown><Sentiment/></Message><Message type="ReplyMessage"><Id>1364403943304-42</Id><Topic><Title>Hotmodel - Do you still think Yahoo was dead money at $15.80?</Title><Username>co1done</Username><Timestamp>1362587655224</Timestamp><DateTime>Wed, 2013-03-06 11:34:15 EST</DateTime></Topic><Msg>Only an obsessed stalker like hotmodel would post like halgordon does. Her parents must be so proud. She must miss coldone.</Msg><Username>neo1278alpha</Username><Timestamp>1364403943304</Timestamp><DateTime>Wed, 2013-03-27 13:05:43 EDT</DateTime><ThumbUp>1</ThumbUp><ThumbDown>0</ThumbDown><Sentiment/></Message><Message type="ReplyMessage"><Id>1364403985573-43</Id><Topic><Title>Yahoo Closes at $23.58 New Four Year High!</Title><Username>tetheredbird</Username><Timestamp>1364328044819</Timestamp><DateTime>Tue, 2013-03-26 16:00:44 EDT</DateTime></Topic><Msg>Just do what coldone tells you to do.</Msg><Username>neo1278alpha</Username><Timestamp>1364403985573</Timestamp><DateTime>Wed, 2013-03-27 13:06:25 EDT</DateTime><ThumbUp>1</ThumbUp><ThumbDown>0</ThumbDown><Sentiment/></Message><Message type="ReplyMessage"><Id>1364404288520-44</Id><Topic><Title>Yahoo Closes at $23.58 New Four Year High!</Title><Username>tetheredbird</Username><Timestamp>1364328044819</Timestamp><DateTime>Tue, 2013-03-26 16:00:44 EDT</DateTime></Topic><Msg>As long as YHOO keeps this positive momemtum at $26 next month is a given I think.</Msg><Username>goingbravo</Username><Timestamp>1364404288520</Timestamp><DateTime>Wed, 2013-03-27 13:11:28 EDT</DateTime><ThumbUp>0</ThumbUp><ThumbDown>0</ThumbDown><Sentiment>Strong Buy</Sentiment></Message><Message type="ReplyMessage"><Id>1364404722198-45</Id><Topic><Title>Coldone's advice to buy Yahoo from $11 to $21 was spot on!</Title><Username>shelcorecrust</Username><Timestamp>1362511915833</Timestamp><DateTime>Tue, 2013-03-05 14:31:55 EST</DateTime></Topic><Msg>I'm not surprised. I'll look for his other trades.</Msg><Username>shelcorecrust</Username><Timestamp>1364404722198</Timestamp><DateTime>Wed, 2013-03-27 13:18:42 EDT</DateTime><ThumbUp>0</ThumbUp><ThumbDown>4</ThumbDown><Sentiment/></Message><Message type="TopicMessage"><Id>1364404789896-46</Id><Title>nothing priced in</Title><Msg>$30 should be current price.</Msg><Username>lucetteo1</Username><Timestamp>1364404789896</Timestamp><DateTime>Wed, 2013-03-27 13:19:49 EDT</DateTime><ThumbUp>3</ThumbUp><ThumbDown>0</ThumbDown><Sentiment>Strong Buy</Sentiment></Message><Message type="ReplyMessage"><Id>1364406222027-47</Id><Topic><Title>nothing priced in</Title><Username>lucetteo1</Username><Timestamp>1364404789896</Timestamp><DateTime>Wed, 2013-03-27 13:19:49 EDT</DateTime></Topic><Msg>I Agree!!.........</Msg><Username>hehernan</Username><Timestamp>1364406222027</Timestamp><DateTime>Wed, 2013-03-27 13:43:42 EDT</DateTime><ThumbUp>2</ThumbUp><ThumbDown>0</ThumbDown><Sentiment/></Message><Message type="ReplyMessage"><Id>1364407912118-48</Id><Topic><Title>Yahoo Closes at $23.58 New Four Year High!</Title><Username>tetheredbird</Username><Timestamp>1364328044819</Timestamp><DateTime>Tue, 2013-03-26 16:00:44 EDT</DateTime></Topic><Msg>On track for another closing high today.</Msg><Username>neo1278alpha</Username><Timestamp>1364407912118</Timestamp><DateTime>Wed, 2013-03-27 14:11:52 EDT</DateTime><ThumbUp>1</ThumbUp><ThumbDown>0</ThumbDown><Sentiment/></Message><Message type="ReplyMessage"><Id>1364408914961-49</Id><Topic><Title>What Should I do With YHOO...Buy, Sell or Hold?</Title><Username>ttyolr</Username><Timestamp>1364408273923</Timestamp><DateTime>Wed, 2013-03-27 14:17:53 EDT</DateTime></Topic><Msg>Hold going higher. woman Ceo a plus. she will perform!</Msg><Username>fingenius1000</Username><Timestamp>1364408914961</Timestamp><DateTime>Wed, 2013-03-27 14:28:34 EDT</DateTime><ThumbUp>0</ThumbUp><ThumbDown>1</ThumbDown><Sentiment/></Message><Message type="ReplyMessage"><Id>1364409564140-50</Id><Topic><Title>Yahoo Closes at $23.58 New Four Year High!</Title><Username>tetheredbird</Username><Timestamp>1364328044819</Timestamp><DateTime>Tue, 2013-03-26 16:00:44 EDT</DateTime></Topic><Msg>Sorry I don't need coldone in making my investing decision because I have my mental faculty that is very good to me especially in investing in the stock market and managing my personal resources.</Msg><Username>goingbravo</Username><Timestamp>1364409564140</Timestamp><DateTime>Wed, 2013-03-27 14:39:24 EDT</DateTime><ThumbUp>0</ThumbUp><ThumbDown>0</ThumbDown><Sentiment>Strong Buy</Sentiment></Message><Message type="ReplyMessage"><Id>1364410032680-51</Id><Topic><Title>What Should I do With YHOO...Buy, Sell or Hold?</Title><Username>ttyolr</Username><Timestamp>1364408273923</Timestamp><DateTime>Wed, 2013-03-27 14:17:53 EDT</DateTime></Topic><Msg>Usual residenrt cyber criminal. We could tell him exactly what to do with his shares, but the spam-enabling Yahoo employees would delete that post while leaving the original one. Obviously, avoid the scam url.</Msg><Username>still_my_dime</Username><Timestamp>1364410032680</Timestamp><DateTime>Wed, 2013-03-27 14:47:12 EDT</DateTime><ThumbUp>2</ThumbUp><ThumbDown>1</ThumbDown><Sentiment/></Message><Message type="ReplyMessage"><Id>1364410041331-52</Id><Topic><Title>Coldone's advice to buy Yahoo from $11 to $21 was spot on!</Title><Username>shelcorecrust</Username><Timestamp>1362511915833</Timestamp><DateTime>Tue, 2013-03-05 14:31:55 EST</DateTime></Topic><Msg>I stumbled across one from checking the message board of another stock I own. That led me to a few more.</Msg><Username>ashton10shyof</Username><Timestamp>1364410041331</Timestamp><DateTime>Wed, 2013-03-27 14:47:21 EDT</DateTime><ThumbUp>1</ThumbUp><ThumbDown>0</ThumbDown><Sentiment/></Message><Message type="ReplyMessage"><Id>1364410735760-53</Id><Topic><Title>What Should I do With YHOO...Buy, Sell or Hold?</Title><Username>ttyolr</Username><Timestamp>1364408273923</Timestamp><DateTime>Wed, 2013-03-27 14:17:53 EDT</DateTime></Topic><Msg>Cool man. I've loaded up some more shares to get in front of this and thanks for the heads up.</Msg><Username>marrtinzz</Username><Timestamp>1364410735760</Timestamp><DateTime>Wed, 2013-03-27 14:58:55 EDT</DateTime><ThumbUp>1</ThumbUp><ThumbDown>0</ThumbDown><Sentiment/></Message><Message type="ReplyMessage"><Id>1364410846829-54</Id><Topic><Title>Coldone's advice to buy Yahoo from $11 to $21 was spot on!</Title><Username>shelcorecrust</Username><Timestamp>1362511915833</Timestamp><DateTime>Tue, 2013-03-05 14:31:55 EST</DateTime></Topic><Msg>Is it that difficult to believe someone besides hotmodel can join this board and immediately sicken of Co1done's ego and over the top spamming of these boards? I guess so, if you have an IQ in double digits.</Msg><Username>grandcanyoncomics</Username><Timestamp>1364410846829</Timestamp><DateTime>Wed, 2013-03-27 15:00:46 EDT</DateTime><ThumbUp>0</ThumbUp><ThumbDown>1</ThumbDown><Sentiment/></Message><Message type="ReplyMessage"><Id>1364411535889-55</Id><Topic><Title>CLODONE POSTED HE BOUGHT @28 ONLY 4.35 TO EVEN</Title><Username>halgordon62</Username><Timestamp>1364411286746</Timestamp><DateTime>Wed, 2013-03-27 15:08:06 EDT</DateTime></Topic><Msg>Coldone never posted that. What is your problem?</Msg><Username>neo1278alpha</Username><Timestamp>1364411535889</Timestamp><DateTime>Wed, 2013-03-27 15:12:15 EDT</DateTime><ThumbUp>2</ThumbUp><ThumbDown>1</ThumbDown><Sentiment/></Message><Message type="ReplyMessage"><Id>1364411619588-56</Id><Topic><Title>Hotmodel - Do you still think Yahoo was dead money at $15.80?</Title><Username>co1done</Username><Timestamp>1362587655224</Timestamp><DateTime>Wed, 2013-03-06 11:34:15 EST</DateTime></Topic><Msg>That I saw hotmodel post. hotmodel missed by a mile so she clogs the board with her halgordon alias harassing coldone.</Msg><Username>neo1278alpha</Username><Timestamp>1364411619588</Timestamp><DateTime>Wed, 2013-03-27 15:13:39 EDT</DateTime><ThumbUp>1</ThumbUp><ThumbDown>1</ThumbDown><Sentiment/></Message><Message type="ReplyMessage"><Id>1364411858227-57</Id><Topic><Title>Is A Yahoo, Dailymotion Deal Crazy? Like A Fox</Title><Username>thetoadtimes</Username><Timestamp>1364389877465</Timestamp><DateTime>Wed, 2013-03-27 09:11:17 EDT</DateTime></Topic><Msg>Mayer was well schooled on what makes a video site work.</Msg><Username>neo1278alpha</Username><Timestamp>1364411858227</Timestamp><DateTime>Wed, 2013-03-27 15:17:38 EDT</DateTime><ThumbUp>1</ThumbUp><ThumbDown>0</ThumbDown><Sentiment/></Message><Message type="ReplyMessage"><Id>1364411894534-58</Id><Topic><Title>Here's How Yahoo! Gets to $40 By the End of 2013</Title><Username>smedleypuddles</Username><Timestamp>1363010133277</Timestamp><DateTime>Mon, 2013-03-11 09:55:33 EDT</DateTime></Topic><Msg>A new high at close everyday.</Msg><Username>neo1278alpha</Username><Timestamp>1364411894534</Timestamp><DateTime>Wed, 2013-03-27 15:18:14 EDT</DateTime><ThumbUp>2</ThumbUp><ThumbDown>0</ThumbDown><Sentiment/></Message><Message type="ReplyMessage"><Id>1364412024790-59</Id><Topic><Title>Coldone's advice to buy Yahoo from $11 to $21 was spot on!</Title><Username>shelcorecrust</Username><Timestamp>1362511915833</Timestamp><DateTime>Tue, 2013-03-05 14:31:55 EST</DateTime></Topic><Msg>halgordon and grandcanyon are the two newest members to be obsesed with coldone. Can you say hotmodel alias?</Msg><Username>tornupdown</Username><Timestamp>1364412024790</Timestamp><DateTime>Wed, 2013-03-27 15:20:24 EDT</DateTime><ThumbUp>2</ThumbUp><ThumbDown>3</ThumbDown><Sentiment/></Message><Message type="ReplyMessage"><Id>1364412058277-60</Id><Topic><Title>Yahoo/Dailymotion deal 'as good as done,' Business Insider reports</Title><Username>thetoadtimes</Username><Timestamp>1364390905180</Timestamp><DateTime>Wed, 2013-03-27 09:28:25 EDT</DateTime></Topic><Msg>Mayer is playing to her strengths.</Msg><Username>tornupdown</Username><Timestamp>1364412058277</Timestamp><DateTime>Wed, 2013-03-27 15:20:58 EDT</DateTime><ThumbUp>2</ThumbUp><ThumbDown>1</ThumbDown><Sentiment/></Message><Message type="ReplyMessage"><Id>1364412119807-61</Id><Topic><Title>March 31 Bing Search deal will be canceled, May 10 Jack Ma steps down, Yahoo Japan to be sold</Title><Username>ashton10shyof</Username><Timestamp>1361378522875</Timestamp><DateTime>Wed, 2013-02-20 11:42:02 EST</DateTime></Topic><Msg>Mayer will move on this quickly.</Msg><Username>tornupdown</Username><Timestamp>1364412119807</Timestamp><DateTime>Wed, 2013-03-27 15:21:59 EDT</DateTime><ThumbUp>2</ThumbUp><ThumbDown>4</ThumbDown><Sentiment/></Message><Message type="ReplyMessage"><Id>1364412980862-62</Id><Topic><Title>Coldone's advice to buy Yahoo from $11 to $21 was spot on!</Title><Username>shelcorecrust</Username><Timestamp>1362511915833</Timestamp><DateTime>Tue, 2013-03-05 14:31:55 EST</DateTime></Topic><Msg>An alias? That is your only defense huh? Blame others for creating ID's cause you do it yourself. I've asked you to stick to ONE ID but you're too dumb to listen and I think its GREAT those 2 guys are mocking you, putting you in your place. Not a SINGLE PERSON will vouch for you except your ID's...how great is that? BTW. This is my only post today so what better than to see you laughed at...even your lies go nowhere.</Msg><Username>hotmodeltestid122</Username><Timestamp>1364412980862</Timestamp><DateTime>Wed, 2013-03-27 15:36:20 EDT</DateTime><ThumbUp>2</ThumbUp><ThumbDown>3</ThumbDown><Sentiment>Strong Buy</Sentiment></Message><Message type="ReplyMessage"><Id>1364413896634-63</Id><Topic><Title>What Should I do With YHOO...Buy, Sell or Hold?</Title><Username>ttyolr</Username><Timestamp>1364408273923</Timestamp><DateTime>Wed, 2013-03-27 14:17:53 EDT</DateTime></Topic><Msg>Yes, the future looks "BRIGHT"!$!</Msg><Username>bbakeerke</Username><Timestamp>1364413896634</Timestamp><DateTime>Wed, 2013-03-27 15:51:36 EDT</DateTime><ThumbUp>0</ThumbUp><ThumbDown>1</ThumbDown><Sentiment/></Message><Message type="TopicMessage"><Id>1364414507079-64</Id><Title>Yahoo Closes at $23.59 New Four Year High!</Title><Msg>Can all the Yahoo shorts please tell us how Yahoo is going back to $8? lol!!!! framertilmin gets burnt!</Msg><Username>tetheredbird</Username><Timestamp>1364414507079</Timestamp><DateTime>Wed, 2013-03-27 16:01:47 EDT</DateTime><ThumbUp>4</ThumbUp><ThumbDown>3</ThumbDown><Sentiment/></Message><Message type="ReplyMessage"><Id>1364414612386-65</Id><Topic><Title>Coldone's advice to buy Yahoo from $11 to $21 was spot on!</Title><Username>shelcorecrust</Username><Timestamp>1362511915833</Timestamp><DateTime>Tue, 2013-03-05 14:31:55 EST</DateTime></Topic><Msg>Coldone rules as Yahoo sits at it's four year closing high!</Msg><Username>tetheredbird</Username><Timestamp>1364414612386</Timestamp><DateTime>Wed, 2013-03-27 16:03:32 EDT</DateTime><ThumbUp>3</ThumbUp><ThumbDown>5</ThumbDown><Sentiment/></Message><Message type="ReplyMessage"><Id>1364415532783-66</Id><Topic><Title>The Bible and Quran have this right</Title><Username>todlondon</Username><Timestamp>1364405140028</Timestamp><DateTime>Wed, 2013-03-27 13:25:40 EDT</DateTime></Topic><Msg>Welp, Marissa is straight, so your point is??</Msg><Username>stockscouter9000</Username><Timestamp>1364415532783</Timestamp><DateTime>Wed, 2013-03-27 16:18:52 EDT</DateTime><ThumbUp>0</ThumbUp><ThumbDown>0</ThumbDown><Sentiment/></Message><Message type="ReplyMessage"><Id>1364415648426-67</Id><Topic><Title>Yahoo/Dailymotion deal 'as good as done,' Business Insider reports</Title><Username>thetoadtimes</Username><Timestamp>1364390905180</Timestamp><DateTime>Wed, 2013-03-27 09:28:25 EDT</DateTime></Topic><Msg>OH YAH... Yahoo likes that second-place action, just like Ailibaba is (WAY! second-place to Baidu in the PRC. Find mediocrity and stick with it!!</Msg><Username>stockscouter9000</Username><Timestamp>1364415648426</Timestamp><DateTime>Wed, 2013-03-27 16:20:48 EDT</DateTime><ThumbUp>0</ThumbUp><ThumbDown>1</ThumbDown><Sentiment/></Message><Message type="ReplyMessage"><Id>1364416679041-68</Id><Topic><Title>Yahoo/Dailymotion deal 'as good as done,' Business Insider reports</Title><Username>thetoadtimes</Username><Timestamp>1364390905180</Timestamp><DateTime>Wed, 2013-03-27 09:28:25 EDT</DateTime></Topic><Msg>Perfect! With YHOO's extensive portal with most sites are holding number 1 ranking (sports, finance, news, entertainment and rests mostly number 2 in ranking) most likely users will stay longer compared to FB very limited to social media, so advantage YHOO. Europeans can go to their Dailymotion video and YHOO different sites too. More money for YHOO from the Advertizing companies. I told you guys MM knows what she is doing to jack up more revenue.</Msg><Username>goingbravo</Username><Timestamp>1364416679041</Timestamp><DateTime>Wed, 2013-03-27 16:37:59 EDT</DateTime><ThumbUp>0</ThumbUp><ThumbDown>0</ThumbDown><Sentiment>Strong Buy</Sentiment></Message><Message type="ReplyMessage"><Id>1364417023259-69</Id><Topic><Title>nothing priced in</Title><Username>lucetteo1</Username><Timestamp>1364404789896</Timestamp><DateTime>Wed, 2013-03-27 13:19:49 EDT</DateTime></Topic><Msg>YHOO/MSFT search deal announcement coming soon, anytime anyday now!! If Wall Street perceive this deal significantly to YHOO, I expect YHOO to go higher. What do you think MM decided about this partnership with MSFT?</Msg><Username>goingbravo</Username><Timestamp>1364417023259</Timestamp><DateTime>Wed, 2013-03-27 16:43:43 EDT</DateTime><ThumbUp>1</ThumbUp><ThumbDown>0</ThumbDown><Sentiment>Strong Buy</Sentiment></Message><Message type="ReplyMessage"><Id>1364419093922-70</Id><Topic><Title>Coldone's advice to buy Yahoo from $11 to $21 was spot on!</Title><Username>shelcorecrust</Username><Timestamp>1362511915833</Timestamp><DateTime>Tue, 2013-03-05 14:31:55 EST</DateTime></Topic><Msg>hotmodel's aliases always act like nuts.</Msg><Username>tetheredbird</Username><Timestamp>1364419093922</Timestamp><DateTime>Wed, 2013-03-27 17:18:13 EDT</DateTime><ThumbUp>2</ThumbUp><ThumbDown>3</ThumbDown><Sentiment/></Message><Message type="ReplyMessage"><Id>1364422096974-71</Id><Topic><Title>nothing priced in</Title><Username>lucetteo1</Username><Timestamp>1364404789896</Timestamp><DateTime>Wed, 2013-03-27 13:19:49 EDT</DateTime></Topic><Msg>I have read here that mm must make a decision before March 31, but I don't know. MM is a good ceo and that is worth something, alibaba IPO is worth something, and yhoo japan is worth something. These 3 things are not priced in. Search deal I don't know what that is worth.</Msg><Username>lucetteo1</Username><Timestamp>1364422096974</Timestamp><DateTime>Wed, 2013-03-27 18:08:16 EDT</DateTime><ThumbUp>1</ThumbUp><ThumbDown>2</ThumbDown><Sentiment>Strong Buy</Sentiment></Message><Message type="ReplyMessage"><Id>1364424030776-72</Id><Topic><Title>nothing priced in</Title><Username>lucetteo1</Username><Timestamp>1364404789896</Timestamp><DateTime>Wed, 2013-03-27 13:19:49 EDT</DateTime></Topic><Msg>"...not priced in"?? REALLY?? INTERESTING CONCEPT, apparently you are not familiar with how markets operate. But thanks for laughs and come again when you actually know something.</Msg><Username>stockscouter9000</Username><Timestamp>1364424030776</Timestamp><DateTime>Wed, 2013-03-27 18:40:30 EDT</DateTime><ThumbUp>1</ThumbUp><ThumbDown>1</ThumbDown><Sentiment/></Message><Message type="ReplyMessage"><Id>1364424101951-73</Id><Topic><Title>nothing priced in</Title><Username>lucetteo1</Username><Timestamp>1364404789896</Timestamp><DateTime>Wed, 2013-03-27 13:19:49 EDT</DateTime></Topic><Msg>Are u trying to keep a lid on this bull run? $35 EASY. 40M shares day is coming- The big squueeze!!!</Msg><Username>brkout_volume_surge</Username><Timestamp>1364424101951</Timestamp><DateTime>Wed, 2013-03-27 18:41:41 EDT</DateTime><ThumbUp>1</ThumbUp><ThumbDown>3</ThumbDown><Sentiment/></Message><Message type="TopicMessage"><Id>1364425371955-74</Id><Title>Insiders SOLD all</Title><Msg>Mayer sold her shares on MARCH 15...what's going on here ?? is YAHOO going to collapse ?? ..CHECK INSIDERS TRADING...most of them sold it..included Mayer</Msg><Username>help13damda232dsfs</Username><Timestamp>1364425371955</Timestamp><DateTime>Wed, 2013-03-27 19:02:51 EDT</DateTime><ThumbUp>0</ThumbUp><ThumbDown>4</ThumbDown><Sentiment>Hold</Sentiment></Message><Message type="ReplyMessage"><Id>1364425610675-75</Id><Topic><Title>big search deal?</Title><Username>lucetteo1</Username><Timestamp>1364399178905</Timestamp><DateTime>Wed, 2013-03-27 11:46:18 EDT</DateTime></Topic><Msg>Why Meyer sold all of her shares ?? i checked INSIDERTRADING ....is there something wrong with YAHOO</Msg><Username>fsd2dsfs1313fdsf</Username><Timestamp>1364425610675</Timestamp><DateTime>Wed, 2013-03-27 19:06:50 EDT</DateTime><ThumbUp>0</ThumbUp><ThumbDown>0</ThumbDown><Sentiment>Hold</Sentiment></Message><Message type="ReplyMessage"><Id>1364426905822-76</Id><Topic><Title>big search deal?</Title><Username>lucetteo1</Username><Timestamp>1364399178905</Timestamp><DateTime>Wed, 2013-03-27 11:46:18 EDT</DateTime></Topic><Msg>No</Msg><Username>turmaniloil</Username><Timestamp>1364426905822</Timestamp><DateTime>Wed, 2013-03-27 19:28:25 EDT</DateTime><ThumbUp>2</ThumbUp><ThumbDown>0</ThumbDown><Sentiment/></Message><Message type="ReplyMessage"><Id>1364427178326-77</Id><Topic><Title>Coldone's advice to buy Yahoo from $11 to $21 was spot on!</Title><Username>shelcorecrust</Username><Timestamp>1362511915833</Timestamp><DateTime>Tue, 2013-03-05 14:31:55 EST</DateTime></Topic><Msg>5 thumbs down? dr.gloom is loaded with IDs.</Msg><Username>neo1278alpha</Username><Timestamp>1364427178326</Timestamp><DateTime>Wed, 2013-03-27 19:32:58 EDT</DateTime><ThumbUp>1</ThumbUp><ThumbDown>1</ThumbDown><Sentiment/></Message><Message type="ReplyMessage"><Id>1364427439476-78</Id><Topic><Title>Hotmodel - Do you still think Yahoo was dead money at $15.80?</Title><Username>co1done</Username><Timestamp>1362587655224</Timestamp><DateTime>Wed, 2013-03-06 11:34:15 EST</DateTime></Topic><Msg>Too</Msg><Username>neo1278alpha</Username><Timestamp>1364427439476</Timestamp><DateTime>Wed, 2013-03-27 19:37:19 EDT</DateTime><ThumbUp>2</ThumbUp><ThumbDown>1</ThumbDown><Sentiment/></Message><Message type="ReplyMessage"><Id>1364429317837-79</Id><Topic><Title>Insiders SOLD all</Title><Username>help13damda232dsfs</Username><Timestamp>1364425371955</Timestamp><DateTime>Wed, 2013-03-27 19:02:51 EDT</DateTime></Topic><Msg>Mayer receives a ton of shares .i noticed that she is selling some shares on the 16th on the month since Dec.2012. and i don't see a problem. if you like to panic go ahead sell your shares too. that is if you have any.</Msg><Username>sep122</Username><Timestamp>1364429317837</Timestamp><DateTime>Wed, 2013-03-27 20:08:37 EDT</DateTime><ThumbUp>3</ThumbUp><ThumbDown>1</ThumbDown><Sentiment>Strong Buy</Sentiment></Message><Message type="ReplyMessage"><Id>1364429726452-80</Id><Topic><Title>big search deal?</Title><Username>lucetteo1</Username><Timestamp>1364399178905</Timestamp><DateTime>Wed, 2013-03-27 11:46:18 EDT</DateTime></Topic><Msg>Mayer receives a ton of shares .i noticed that she is selling some shares on the 16th of the month since Dec.2012. and i don't see a problem.</Msg><Username>sep122</Username><Timestamp>1364429726452</Timestamp><DateTime>Wed, 2013-03-27 20:15:26 EDT</DateTime><ThumbUp>0</ThumbUp><ThumbDown>0</ThumbDown><Sentiment>Strong Buy</Sentiment></Message><Message type="ReplyMessage"><Id>1364430939795-81</Id><Topic><Title>Insiders SOLD all</Title><Username>help13damda232dsfs</Username><Timestamp>1364425371955</Timestamp><DateTime>Wed, 2013-03-27 19:02:51 EDT</DateTime></Topic><Msg>Really? She sold $300,000 and has $60,000,000 worth remaining. PANIC. IDIOT.</Msg><Username>eric_steiman</Username><Timestamp>1364430939795</Timestamp><DateTime>Wed, 2013-03-27 20:35:39 EDT</DateTime><ThumbUp>2</ThumbUp><ThumbDown>1</ThumbDown><Sentiment>Strong Buy</Sentiment></Message><Message type="ReplyMessage"><Id>1364434431405-82</Id><Topic><Title>Classic late stage topping pattern taking place. Parabolic top or blowoff top followed by a double top.</Title><Username>dickey_betts44</Username><Timestamp>1364346389190</Timestamp><DateTime>Tue, 2013-03-26 21:06:29 EDT</DateTime></Topic><Msg>I do not give up. This will crater and I made money on other short positions on YHOO on pullbacks as I take my profits. When I lose I just dollar cost average higher short sales and it will pull back. It always does and always will. You can take that to the bank. I play the stock on pullbacks and go long too but it is well extended here and the next few days are going to weigh heavily on the stock as it corrects.</Msg><Username>dickey_betts44</Username><Timestamp>1364434431405</Timestamp><DateTime>Wed, 2013-03-27 21:33:51 EDT</DateTime><ThumbUp>1</ThumbUp><ThumbDown>0</ThumbDown><Sentiment/></Message><Message type="ReplyMessage"><Id>1364437023175-83</Id><Topic><Title>Classic late stage topping pattern taking place. Parabolic top or blowoff top followed by a double top.</Title><Username>dickey_betts44</Username><Timestamp>1364346389190</Timestamp><DateTime>Tue, 2013-03-26 21:06:29 EDT</DateTime></Topic><Msg>Technicals are irrelevant when they announce ipo or. Search change or comscore report.</Msg><Username>brainless_2004</Username><Timestamp>1364437023175</Timestamp><DateTime>Wed, 2013-03-27 22:17:03 EDT</DateTime><ThumbUp>1</ThumbUp><ThumbDown>0</ThumbDown><Sentiment>Strong Buy</Sentiment></Message><Message type="ReplyMessage"><Id>1364440347584-84</Id><Topic><Title>As of March 26/13 YHOO 100 day moving average says buy and long term 96% says buy!</Title><Username>big_saciccio</Username><Timestamp>1364351352759</Timestamp><DateTime>Tue, 2013-03-26 22:29:12 EDT</DateTime></Topic><Msg>Technical Indicators Mar 28, 2013 12:20AM GMT RSI(14) 59.097 Buy STOCH(9,6) 63.951 Buy STOCHRSI(14) 0.000 Oversold MACD(12,26) 0.220 Buy ADX(14) 23.951 Buy Williams %R -50.000 Neutral CCI(14) 61.9308 Buy ATR(14) 0.1293 Less Volatility Highs/Lows(14) 0.0000 Neutral Ultimate Oscillator 53.750 Buy ROC 0.898 Buy Bull/Bear Power(13) 0.1200 Buy Perhaps Big_saciccio has a fresh reading. Thanks.</Msg><Username>bhttsl</Username><Timestamp>1364440347584</Timestamp><DateTime>Wed, 2013-03-27 23:12:27 EDT</DateTime><ThumbUp>0</ThumbUp><ThumbDown>0</ThumbDown><Sentiment>Buy</Sentiment></Message><Message type="ReplyMessage"><Id>1364440745435-85</Id><Topic><Title>As of March 26/13 YHOO 100 day moving average says buy and long term 96% says buy!</Title><Username>big_saciccio</Username><Timestamp>1364351352759</Timestamp><DateTime>Tue, 2013-03-26 22:29:12 EDT</DateTime></Topic><Msg>Technical Indicators Mar 28, 2013 12:20AM GMT Daily Chart Technicals show overbought. The other data posted is a 5-hour analysis. RSI(14) 71.649 Buy STOCH(9,6) 62.604 Buy STOCHRSI(14) 99.975 Overbought MACD(12,26) 0.570 Buy ADX(14) 33.441 Buy Williams %R -14.428 Overbought CCI(14) 142.9717 Buy ATR(14) 0.4371 Less Volatility Highs/Lows(14) 0.6950 Buy Ultimate Oscillator 59.337 Buy ROC 3.921 Buy Bull/Bear Power(13) 1.6720 Buy</Msg><Username>bhttsl</Username><Timestamp>1364440745435</Timestamp><DateTime>Wed, 2013-03-27 23:19:05 EDT</DateTime><ThumbUp>0</ThumbUp><ThumbDown>0</ThumbDown><Sentiment>Buy</Sentiment></Message><Message type="ReplyMessage"><Id>1364440912902-86</Id><Topic><Title>As of March 26/13 YHOO 100 day moving average says buy and long term 96% says buy!</Title><Username>big_saciccio</Username><Timestamp>1364351352759</Timestamp><DateTime>Tue, 2013-03-26 22:29:12 EDT</DateTime></Topic><Msg>Thanks big sacs</Msg><Username>bhttsl</Username><Timestamp>1364440912902</Timestamp><DateTime>Wed, 2013-03-27 23:21:52 EDT</DateTime><ThumbUp>0</ThumbUp><ThumbDown>0</ThumbDown><Sentiment>Buy</Sentiment></Message><Message type="ReplyMessage"><Id>1364441076199-87</Id><Topic><Title>Yahoo Closes at $23.59 New Four Year High!</Title><Username>tetheredbird</Username><Timestamp>1364414507079</Timestamp><DateTime>Wed, 2013-03-27 16:01:47 EDT</DateTime></Topic><Msg>Up again and looking strong.</Msg><Username>neo1278alpha</Username><Timestamp>1364441076199</Timestamp><DateTime>Wed, 2013-03-27 23:24:36 EDT</DateTime><ThumbUp>2</ThumbUp><ThumbDown>2</ThumbDown><Sentiment/></Message><Message type="ReplyMessage"><Id>1364441436464-88</Id><Topic><Title>nothing priced in</Title><Username>lucetteo1</Username><Timestamp>1364404789896</Timestamp><DateTime>Wed, 2013-03-27 13:19:49 EDT</DateTime></Topic><Msg>These 3 things are not priced in. I think that all 3 things are priced in at a lower value???? the current price of yahoo 22-24 is supported by the minimum of these event.</Msg><Username>sep122</Username><Timestamp>1364441436464</Timestamp><DateTime>Wed, 2013-03-27 23:30:36 EDT</DateTime><ThumbUp>0</ThumbUp><ThumbDown>0</ThumbDown><Sentiment>Buy</Sentiment></Message></Date>