<?xml version="1.0" encoding="UTF-8" standalone="no"?><Date date="2013-05-03"><Message type="ReplyMessage"><Id>1367560118601-1</Id><Topic><Title>Y cant yahoo just leave the finance home screen alone!!!!!! They freaking keep changing it.</Title><Username>rbg5r</Username><Timestamp>1367527178266</Timestamp><DateTime>Thu, 2013-05-02 16:39:38 EDT</DateTime></Topic><Msg>Brainwashed like UNXL longs</Msg><Username>djoser_the_great</Username><Timestamp>1367560118601</Timestamp><DateTime>Fri, 2013-05-03 01:48:38 EDT</DateTime><ThumbUp>0</ThumbUp><ThumbDown>0</ThumbDown><Sentiment/></Message><Message type="ReplyMessage"><Id>1367578808181-2</Id><Topic><Title>Trading range for current quarter: What does your crystal ball say...</Title><Username>mdognet</Username><Timestamp>1367539036635</Timestamp><DateTime>Thu, 2013-05-02 19:57:16 EDT</DateTime></Topic><Msg>24.62 min 28.97 max</Msg><Username>warnerlambert</Username><Timestamp>1367578808181</Timestamp><DateTime>Fri, 2013-05-03 07:00:08 EDT</DateTime><ThumbUp>0</ThumbUp><ThumbDown>0</ThumbDown><Sentiment>Strong Buy</Sentiment></Message><Message type="TopicMessage"><Id>1367583610604-3</Id><Title>The exclamation mark is RED</Title><Msg>So is social media in America.</Msg><Username>madmilker70</Username><Timestamp>1367583610604</Timestamp><DateTime>Fri, 2013-05-03 08:20:10 EDT</DateTime><ThumbUp>0</ThumbUp><ThumbDown>1</ThumbDown><Sentiment/></Message><Message type="TopicMessage"><Id>1367585294959-4</Id><Title>Yahoo Back Over $25 Today</Title><Msg>Great jobs number with huge upward revisions for March and February will leave all shorts running to cover today...</Msg><Username>co1done</Username><Timestamp>1367585294959</Timestamp><DateTime>Fri, 2013-05-03 08:48:14 EDT</DateTime><ThumbUp>4</ThumbUp><ThumbDown>2</ThumbDown><Sentiment/></Message><Message type="ReplyMessage"><Id>1367585647244-5</Id><Topic><Title>Why are Yahoo shorts crying..?</Title><Username>co1done</Username><Timestamp>1367520038293</Timestamp><DateTime>Thu, 2013-05-02 14:40:38 EDT</DateTime></Topic><Msg>Coldone controls the obsessed...</Msg><Username>co1done</Username><Timestamp>1367585647244</Timestamp><DateTime>Fri, 2013-05-03 08:54:07 EDT</DateTime><ThumbUp>3</ThumbUp><ThumbDown>3</ThumbDown><Sentiment/></Message><Message type="ReplyMessage"><Id>1367587785267-6</Id><Topic><Title>The coldone bought in after hours at $22.70...</Title><Username>co1done</Username><Timestamp>1366149798450</Timestamp><DateTime>Tue, 2013-04-16 18:03:18 EDT</DateTime></Topic><Msg>If Yahoo sees an Alibaba IPO and does a deal with Yahoo Japan the sky's the limit.</Msg><Username>co1done</Username><Timestamp>1367587785267</Timestamp><DateTime>Fri, 2013-05-03 09:29:45 EDT</DateTime><ThumbUp>4</ThumbUp><ThumbDown>3</ThumbDown><Sentiment/></Message><Message type="ReplyMessage"><Id>1367590305403-7</Id><Topic><Title>Yahoo bashers/shorts have been silenced by the coldone!</Title><Username>co1done</Username><Timestamp>1365616528033</Timestamp><DateTime>Wed, 2013-04-10 13:55:28 EDT</DateTime></Topic><Msg>Up another percent today. How's it feel to be so clueless..?</Msg><Username>co1done</Username><Timestamp>1367590305403</Timestamp><DateTime>Fri, 2013-05-03 10:11:45 EDT</DateTime><ThumbUp>4</ThumbUp><ThumbDown>2</ThumbDown><Sentiment/></Message><Message type="TopicMessage"><Id>1367590562852-8</Id><Title>Yahoo! breaks its multi-year close high from April at 25.24 -- session high 25.25</Title><Msg>All Yahoo shorts have lost...</Msg><Username>co1done</Username><Timestamp>1367590562852</Timestamp><DateTime>Fri, 2013-05-03 10:16:02 EDT</DateTime><ThumbUp>2</ThumbUp><ThumbDown>1</ThumbDown><Sentiment/></Message><Message type="TopicMessage"><Id>1367590931499-9</Id><Title>Hotmodel - Do you still think Yahoo was dead money at $15.80?</Title><Msg>Will hotmodel ever answer? Or is she too embarrassed..?</Msg><Username>co1done</Username><Timestamp>1367590931499</Timestamp><DateTime>Fri, 2013-05-03 10:22:11 EDT</DateTime><ThumbUp>3</ThumbUp><ThumbDown>6</ThumbDown><Sentiment/></Message><Message type="ReplyMessage"><Id>1367590956295-10</Id><Topic><Title>Coldone's advice to buy Yahoo from $11 to $21 was spot on!</Title><Username>shelcorecrust</Username><Timestamp>1362511915833</Timestamp><DateTime>Tue, 2013-03-05 14:31:55 EST</DateTime></Topic><Msg>She needs help...</Msg><Username>co1done</Username><Timestamp>1367590956295</Timestamp><DateTime>Fri, 2013-05-03 10:22:36 EDT</DateTime><ThumbUp>3</ThumbUp><ThumbDown>1</ThumbDown><Sentiment/></Message><Message type="ReplyMessage"><Id>1367591155007-11</Id><Topic><Title>Time for hotmodel and dr.gloom to congratulate coldone</Title><Username>remmy12554</Username><Timestamp>1364221083079</Timestamp><DateTime>Mon, 2013-03-25 10:18:03 EDT</DateTime></Topic><Msg>Coldone is powerful.</Msg><Username>ashton10shyof</Username><Timestamp>1367591155007</Timestamp><DateTime>Fri, 2013-05-03 10:25:55 EDT</DateTime><ThumbUp>2</ThumbUp><ThumbDown>1</ThumbDown><Sentiment/></Message><Message type="ReplyMessage"><Id>1367591631748-12</Id><Topic><Title>Yahoo Back Over $25 Today</Title><Username>co1done</Username><Timestamp>1367585294959</Timestamp><DateTime>Fri, 2013-05-03 08:48:14 EDT</DateTime></Topic><Msg>Right again coldone. Great jobs number with revisions up! Shorts are getting killed.</Msg><Username>ashton10shyof</Username><Timestamp>1367591631748</Timestamp><DateTime>Fri, 2013-05-03 10:33:51 EDT</DateTime><ThumbUp>2</ThumbUp><ThumbDown>1</ThumbDown><Sentiment/></Message><Message type="ReplyMessage"><Id>1367592326888-13</Id><Topic><Title>Congratulations coldone!</Title><Username>dr.gloom</Username><Timestamp>1367365414026</Timestamp><DateTime>Tue, 2013-04-30 19:43:34 EDT</DateTime></Topic><Msg>Over 5 years, stoned and waiting.</Msg><Username>dr.gloom</Username><Timestamp>1367592326888</Timestamp><DateTime>Fri, 2013-05-03 10:45:26 EDT</DateTime><ThumbUp>4</ThumbUp><ThumbDown>5</ThumbDown><Sentiment/></Message><Message type="ReplyMessage"><Id>1367592353276-14</Id><Topic><Title>Yahoo bashers/shorts have been silenced by the coldone!</Title><Username>co1done</Username><Timestamp>1365616528033</Timestamp><DateTime>Wed, 2013-04-10 13:55:28 EDT</DateTime></Topic><Msg>Yahoo shorts like hotmodel had to get day jobs.</Msg><Username>remmy12554</Username><Timestamp>1367592353276</Timestamp><DateTime>Fri, 2013-05-03 10:45:53 EDT</DateTime><ThumbUp>3</ThumbUp><ThumbDown>4</ThumbDown><Sentiment/></Message><Message type="ReplyMessage"><Id>1367592593803-15</Id><Topic><Title>Congratulations coldone!</Title><Username>dr.gloom</Username><Timestamp>1367365414026</Timestamp><DateTime>Tue, 2013-04-30 19:43:34 EDT</DateTime></Topic><Msg>You're the idiot that said Yahoo was going to $8 when coldone was telling everyone to buy from $11 to $23. You might want to do whatever coldone does or you can lose the rest of your money. You might not be able to handle a little weed because you think anyone that smokes pot is stoned. You shouldn't speak of that which you don't know. It highlights your stupidity.</Msg><Username>ashton10shyof</Username><Timestamp>1367592593803</Timestamp><DateTime>Fri, 2013-05-03 10:49:53 EDT</DateTime><ThumbUp>2</ThumbUp><ThumbDown>4</ThumbDown><Sentiment/></Message><Message type="ReplyMessage"><Id>1367592621879-16</Id><Topic><Title>Congratulations coldone!</Title><Username>dr.gloom</Username><Timestamp>1367365414026</Timestamp><DateTime>Tue, 2013-04-30 19:43:34 EDT</DateTime></Topic><Msg>Coldone is the best and you're jealous. You look pitiful.</Msg><Username>ashton10shyof</Username><Timestamp>1367592621879</Timestamp><DateTime>Fri, 2013-05-03 10:50:21 EDT</DateTime><ThumbUp>2</ThumbUp><ThumbDown>4</ThumbDown><Sentiment/></Message><Message type="ReplyMessage"><Id>1367592661840-17</Id><Topic><Title>Yahoo bashers/shorts have been silenced by the coldone!</Title><Username>co1done</Username><Timestamp>1365616528033</Timestamp><DateTime>Wed, 2013-04-10 13:55:28 EDT</DateTime></Topic><Msg>dr.gloom is crying on the board this morning. Soon she will leave with the rest of hotmodel's idiot aliases.</Msg><Username>ashton10shyof</Username><Timestamp>1367592661840</Timestamp><DateTime>Fri, 2013-05-03 10:51:01 EDT</DateTime><ThumbUp>3</ThumbUp><ThumbDown>3</ThumbDown><Sentiment/></Message><Message type="TopicMessage"><Id>1367593407520-18</Id><Title>Yahoo strengthens foothold in China</Title><Msg>Yahoo!, which owns a 24% stake in Alibaba, will benefit from the Weibo deal. Through Alibaba, Yahoo! will own an indirect 4.3% stake in Sina. This could actually strengthen Yahoo’s foothold in China, where other western companies such as Google and Microsoft have clumsily fumbled. Last quarter, Yahoo!’s profit from its two major Asian investments, Alibaba and Yahoo! Japan, came in at $217.5 million - topping the company’s core business profit of $186 million.</Msg><Username>thetoadtimes</Username><Timestamp>1367593407520</Timestamp><DateTime>Fri, 2013-05-03 11:03:27 EDT</DateTime><ThumbUp>2</ThumbUp><ThumbDown>1</ThumbDown><Sentiment/></Message><Message type="ReplyMessage"><Id>1367594224754-19</Id><Topic><Title>The coldone bought in after hours at $22.70...</Title><Username>co1done</Username><Timestamp>1366149798450</Timestamp><DateTime>Tue, 2013-04-16 18:03:18 EDT</DateTime></Topic><Msg>Showing hotmodel how it's done again coldone? Love it!</Msg><Username>neo1278alpha</Username><Timestamp>1367594224754</Timestamp><DateTime>Fri, 2013-05-03 11:17:04 EDT</DateTime><ThumbUp>2</ThumbUp><ThumbDown>3</ThumbDown><Sentiment/></Message><Message type="ReplyMessage"><Id>1367596546025-20</Id><Topic><Title>hotmodel/dr.gloom speechless...Ha!</Title><Username>co1done</Username><Timestamp>1360681791264</Timestamp><DateTime>Tue, 2013-02-12 10:09:51 EST</DateTime></Topic><Msg>coldone showed hotmodel how it's done.</Msg><Username>tetheredbird</Username><Timestamp>1367596546025</Timestamp><DateTime>Fri, 2013-05-03 11:55:46 EDT</DateTime><ThumbUp>1</ThumbUp><ThumbDown>0</ThumbDown><Sentiment/></Message><Message type="ReplyMessage"><Id>1367596579161-21</Id><Topic><Title>Yahoo hits $22 as the coldone laughs</Title><Username>co1done</Username><Timestamp>1362151885274</Timestamp><DateTime>Fri, 2013-03-01 10:31:25 EST</DateTime></Topic><Msg>Over $25 today!</Msg><Username>tetheredbird</Username><Timestamp>1367596579161</Timestamp><DateTime>Fri, 2013-05-03 11:56:19 EDT</DateTime><ThumbUp>1</ThumbUp><ThumbDown>0</ThumbDown><Sentiment/></Message><Message type="ReplyMessage"><Id>1367601026209-22</Id><Topic><Title>Yahoo Back Over $25 Today</Title><Username>co1done</Username><Timestamp>1367585294959</Timestamp><DateTime>Fri, 2013-05-03 08:48:14 EDT</DateTime></Topic><Msg>Yeah I think Hotmodel and dr.gloom are now having second thought of shorting YHOO. I think they are finding their brokerage account depleting. By the way, weekend is coming and this is the last weekend Jack Ma will be the CEO of Alibaba.</Msg><Username>goingbravo</Username><Timestamp>1367601026209</Timestamp><DateTime>Fri, 2013-05-03 13:10:26 EDT</DateTime><ThumbUp>1</ThumbUp><ThumbDown>0</ThumbDown><Sentiment/></Message><Message type="TopicMessage"><Id>1367604528562-23</Id><Title>American's have to survive in a deflation economy</Title><Msg>WMT is my only holding. 80% in cash.</Msg><Username>baileydon57</Username><Timestamp>1367604528562</Timestamp><DateTime>Fri, 2013-05-03 14:08:48 EDT</DateTime><ThumbUp>0</ThumbUp><ThumbDown>0</ThumbDown><Sentiment/></Message><Message type="ReplyMessage"><Id>1367605461340-24</Id><Topic><Title>Yahoo Back Over $25 Today</Title><Username>co1done</Username><Timestamp>1367585294959</Timestamp><DateTime>Fri, 2013-05-03 08:48:14 EDT</DateTime></Topic><Msg>Are we going to get "shorts toasting news" from China this weekend? I do not want to give Hotmodel and dr.gloom gloomy and sleepless weekend. I just want them to watch the internet news coming from China. Thank you hotmodel and dr.gloom.</Msg><Username>goingbravo</Username><Timestamp>1367605461340</Timestamp><DateTime>Fri, 2013-05-03 14:24:21 EDT</DateTime><ThumbUp>0</ThumbUp><ThumbDown>1</ThumbDown><Sentiment/></Message><Message type="ReplyMessage"><Id>1367606787055-25</Id><Topic><Title>Yahoo Back Over $25 Today</Title><Username>co1done</Username><Timestamp>1367585294959</Timestamp><DateTime>Fri, 2013-05-03 08:48:14 EDT</DateTime></Topic><Msg>Start on new topic.</Msg><Username>turmaniloil</Username><Timestamp>1367606787055</Timestamp><DateTime>Fri, 2013-05-03 14:46:27 EDT</DateTime><ThumbUp>3</ThumbUp><ThumbDown>0</ThumbDown><Sentiment/></Message><Message type="ReplyMessage"><Id>1367606848829-26</Id><Topic><Title>Yahoo bashers/shorts have been silenced by the coldone!</Title><Username>co1done</Username><Timestamp>1365616528033</Timestamp><DateTime>Wed, 2013-04-10 13:55:28 EDT</DateTime></Topic><Msg>When one basher leaves they all leave. Why? Because it is hotmodel and her 80 aliases.</Msg><Username>neo1278alpha</Username><Timestamp>1367606848829</Timestamp><DateTime>Fri, 2013-05-03 14:47:28 EDT</DateTime><ThumbUp>2</ThumbUp><ThumbDown>4</ThumbDown><Sentiment/></Message><Message type="ReplyMessage"><Id>1367607176022-27</Id><Topic><Title>American's have to survive in a deflation economy</Title><Username>baileydon57</Username><Timestamp>1367604528562</Timestamp><DateTime>Fri, 2013-05-03 14:08:48 EDT</DateTime></Topic><Msg>1</Msg><Username>andrew.mccrea85</Username><Timestamp>1367607176022</Timestamp><DateTime>Fri, 2013-05-03 14:52:56 EDT</DateTime><ThumbUp>0</ThumbUp><ThumbDown>0</ThumbDown><Sentiment/></Message><Message type="TopicMessage"><Id>1367609214161-28</Id><Title>Sold 40%, then wrote covered calls on the rest</Title><Msg>about 1:30. Also sold all my DAL and DDD calls Doc/John</Msg><Username>council76</Username><Timestamp>1367609214161</Timestamp><DateTime>Fri, 2013-05-03 15:26:54 EDT</DateTime><ThumbUp>0</ThumbUp><ThumbDown>1</ThumbDown><Sentiment/></Message><Message type="TopicMessage"><Id>1367609354104-29</Id><Title>see you soon at 28+</Title><Msg>yahoo is hot hot....and possible take over....love Marissa....go long easy money...</Msg><Username>tobyt001</Username><Timestamp>1367609354104</Timestamp><DateTime>Fri, 2013-05-03 15:29:14 EDT</DateTime><ThumbUp>0</ThumbUp><ThumbDown>0</ThumbDown><Sentiment/></Message><Message type="ReplyMessage"><Id>1367609621796-30</Id><Topic><Title>Sold 40%, then wrote covered calls on the rest</Title><Username>council76</Username><Timestamp>1367609214161</Timestamp><DateTime>Fri, 2013-05-03 15:26:54 EDT</DateTime></Topic><Msg>John; what's the strike price on yur covered calls? Paul</Msg><Username>sps14626</Username><Timestamp>1367609621796</Timestamp><DateTime>Fri, 2013-05-03 15:33:41 EDT</DateTime><ThumbUp>0</ThumbUp><ThumbDown>1</ThumbDown><Sentiment/></Message><Message type="ReplyMessage"><Id>1367610658068-31</Id><Topic><Title>see you soon at 28+</Title><Username>tobyt001</Username><Timestamp>1367609354104</Timestamp><DateTime>Fri, 2013-05-03 15:29:14 EDT</DateTime></Topic><Msg>Up a dime today. Yeah!</Msg><Username>monkeydude3</Username><Timestamp>1367610658068</Timestamp><DateTime>Fri, 2013-05-03 15:50:58 EDT</DateTime><ThumbUp>0</ThumbUp><ThumbDown>1</ThumbDown><Sentiment/></Message><Message type="ReplyMessage"><Id>1367611064183-32</Id><Topic><Title>see you soon at 28+</Title><Username>tobyt001</Username><Timestamp>1367609354104</Timestamp><DateTime>Fri, 2013-05-03 15:29:14 EDT</DateTime></Topic><Msg>Up 60% since Mayer took over in July of last year! Yeah!!!!</Msg><Username>tetheredbird</Username><Timestamp>1367611064183</Timestamp><DateTime>Fri, 2013-05-03 15:57:44 EDT</DateTime><ThumbUp>1</ThumbUp><ThumbDown>0</ThumbDown><Sentiment/></Message><Message type="ReplyMessage"><Id>1367611108371-33</Id><Topic><Title>Yahoo bashers/shorts have been silenced by the coldone!</Title><Username>co1done</Username><Timestamp>1365616528033</Timestamp><DateTime>Wed, 2013-04-10 13:55:28 EDT</DateTime></Topic><Msg>hotmodel was destroyed by coldone.</Msg><Username>tetheredbird</Username><Timestamp>1367611108371</Timestamp><DateTime>Fri, 2013-05-03 15:58:28 EDT</DateTime><ThumbUp>2</ThumbUp><ThumbDown>4</ThumbDown><Sentiment/></Message><Message type="ReplyMessage"><Id>1367611919954-34</Id><Topic><Title>Why are Yahoo shorts crying..?</Title><Username>co1done</Username><Timestamp>1367520038293</Timestamp><DateTime>Thu, 2013-05-02 14:40:38 EDT</DateTime></Topic><Msg>It looks like hotmodel has finally given up, quit, left in shame. The long time short has nothing left. No money, dignity or pride.</Msg><Username>tetheredbird</Username><Timestamp>1367611919954</Timestamp><DateTime>Fri, 2013-05-03 16:11:59 EDT</DateTime><ThumbUp>2</ThumbUp><ThumbDown>0</ThumbDown><Sentiment/></Message><Message type="ReplyMessage"><Id>1367612267351-35</Id><Topic><Title>Why are Yahoo shorts crying..?</Title><Username>co1done</Username><Timestamp>1367520038293</Timestamp><DateTime>Thu, 2013-05-02 14:40:38 EDT</DateTime></Topic><Msg>hOtModel and dr.glooom are both hardheaded YHOO short. Now YHOO got different smart CEO and still they kept the same mindset short short short YHOO. It only means toast toast toast hotmodel and dr.gloom.</Msg><Username>goingbravo</Username><Timestamp>1367612267351</Timestamp><DateTime>Fri, 2013-05-03 16:17:47 EDT</DateTime><ThumbUp>1</ThumbUp><ThumbDown>1</ThumbDown><Sentiment/></Message><Message type="ReplyMessage"><Id>1367613025902-36</Id><Topic><Title>Y cant yahoo just leave the finance home screen alone!!!!!! They freaking keep changing it.</Title><Username>rbg5r</Username><Timestamp>1367527178266</Timestamp><DateTime>Thu, 2013-05-02 16:39:38 EDT</DateTime></Topic><Msg>those people are as wacko as the krispy creamers and the crox heads. maybe u are a i o mega ite. still holding shares bought at 80 down to 3.</Msg><Username>rbg5r</Username><Timestamp>1367613025902</Timestamp><DateTime>Fri, 2013-05-03 16:30:25 EDT</DateTime><ThumbUp>0</ThumbUp><ThumbDown>0</ThumbDown><Sentiment/></Message><Message type="ReplyMessage"><Id>1367613152075-37</Id><Topic><Title>Yahoo strengthens foothold in China</Title><Username>thetoadtimes</Username><Timestamp>1367593407520</Timestamp><DateTime>Fri, 2013-05-03 11:03:27 EDT</DateTime></Topic><Msg>The Alibaba IPO just went up in value.</Msg><Username>neo1278alpha</Username><Timestamp>1367613152075</Timestamp><DateTime>Fri, 2013-05-03 16:32:32 EDT</DateTime><ThumbUp>1</ThumbUp><ThumbDown>1</ThumbDown><Sentiment/></Message><Message type="ReplyMessage"><Id>1367613951427-38</Id><Topic><Title>Sold 40%, then wrote covered calls on the rest</Title><Username>council76</Username><Timestamp>1367609214161</Timestamp><DateTime>Fri, 2013-05-03 15:26:54 EDT</DateTime></Topic><Msg>Good. When apple announces buy of yahoo you don;t get a dime.</Msg><Username>atilla_not_hun</Username><Timestamp>1367613951427</Timestamp><DateTime>Fri, 2013-05-03 16:45:51 EDT</DateTime><ThumbUp>0</ThumbUp><ThumbDown>2</ThumbDown><Sentiment/></Message><Message type="TopicMessage"><Id>1367615709332-39</Id><Title>BREAKING -- TOP SILICON VALLEY CEO GIVES BIRTH TO JACKAL -- DEMANDS NURSERY NEXT TO OFFICE</Title><Msg>Sponsored by AD CHOICES</Msg><Username>haywoodyablome</Username><Timestamp>1367615709332</Timestamp><DateTime>Fri, 2013-05-03 17:15:09 EDT</DateTime><ThumbUp>0</ThumbUp><ThumbDown>2</ThumbDown><Sentiment/></Message><Message type="TopicMessage"><Id>1367615806858-40</Id><Title>WHEN ADVERTISEMENTS BECOME THE NEWS -- IN DEPTH LOOK AT ANAL FISSURES AMONG TOP SILICON VALLEY CEOS</Title><Msg>Sponsored by AD CHOICES</Msg><Username>haywoodyablome</Username><Timestamp>1367615806858</Timestamp><DateTime>Fri, 2013-05-03 17:16:46 EDT</DateTime><ThumbUp>0</ThumbUp><ThumbDown>1</ThumbDown><Sentiment/></Message><Message type="ReplyMessage"><Id>1367616698447-41</Id><Topic><Title>see you soon at 28+</Title><Username>tobyt001</Username><Timestamp>1367609354104</Timestamp><DateTime>Fri, 2013-05-03 15:29:14 EDT</DateTime></Topic><Msg>Not even a year!!</Msg><Username>goingbravo</Username><Timestamp>1367616698447</Timestamp><DateTime>Fri, 2013-05-03 17:31:38 EDT</DateTime><ThumbUp>0</ThumbUp><ThumbDown>0</ThumbDown><Sentiment/></Message><Message type="ReplyMessage"><Id>1367620307357-42</Id><Topic><Title>Why are Yahoo shorts crying..?</Title><Username>co1done</Username><Timestamp>1367520038293</Timestamp><DateTime>Thu, 2013-05-02 14:40:38 EDT</DateTime></Topic><Msg>Happy days of shorting YHOO is over for Hotmodel. Due to his strong belief that YHOO is the old ways (up one down two) is over yet hardheaded HoTmOdEl still belief YHOO is the same old YHOO until MM took over the CEO job and hotmodel keeps shorting YHOO to date. HA HA HA HA HA HA . Sorry shorty so you are feel the pain now. Pay back time hotmodel. YHOO Longs turn now ha ha ha!!</Msg><Username>goingbravo</Username><Timestamp>1367620307357</Timestamp><DateTime>Fri, 2013-05-03 18:31:47 EDT</DateTime><ThumbUp>0</ThumbUp><ThumbDown>0</ThumbDown><Sentiment/></Message><Message type="ReplyMessage"><Id>1367621375953-43</Id><Topic><Title>Congratulations coldone!</Title><Username>dr.gloom</Username><Timestamp>1367365414026</Timestamp><DateTime>Tue, 2013-04-30 19:43:34 EDT</DateTime></Topic><Msg>CONGRATULATIONS MR. COLDONE .</Msg><Username>lyonsaudit</Username><Timestamp>1367621375953</Timestamp><DateTime>Fri, 2013-05-03 18:49:35 EDT</DateTime><ThumbUp>1</ThumbUp><ThumbDown>0</ThumbDown><Sentiment/></Message><Message type="ReplyMessage"><Id>1367625114516-44</Id><Topic><Title>Why are Yahoo shorts crying..?</Title><Username>co1done</Username><Timestamp>1367520038293</Timestamp><DateTime>Thu, 2013-05-02 14:40:38 EDT</DateTime></Topic><Msg>I don't think VuBravo will appreciate you being a meth addict cause you're on some SERIOUS drugs. I'll give you a quick rundown of most of my trades in Yahoo: Wrote options(puts/calls) for 2yrs so DOUBLED my money, I then proceeded to trade long and short in 2011 made another $5/$10 or so, wrote puts making $5 in August that half was reinvested in Netflix($64 to $217 with me cashing out 1/3rd at $140 and $180). I then shorted almost 2mos. ago making .50 and another .80 of which that ride down from $22.90 to $22.04 is documented. A few weeks ago, it popped to upper $22's, where I went long and up almost $3. Overall, your precious Yahoo has to hit $51 to catch me and that is if I cash out my LONG position tomorrow. Funny thing Bravo is I have yet to blast your idiot position now I will:), why did you ride it down from $27 down to $11 cashing out 9,000 shares taking tens of thousands in LOSSES? Why did you lie about phantom buying in the teens? You see, I remember the most outlandish BS so my advice to you is stop the lying!hahahahahahahahahahahahahaha</Msg><Username>hotmodeltestid122</Username><Timestamp>1367625114516</Timestamp><DateTime>Fri, 2013-05-03 19:51:54 EDT</DateTime><ThumbUp>0</ThumbUp><ThumbDown>2</ThumbDown><Sentiment>Strong Buy</Sentiment></Message><Message type="TopicMessage"><Id>1367625168832-45</Id><Title>Summary of Yahoo traffic</Title><Msg>April saw a decrease of 2% on global internet users who visit Yahoo, per Alexa's , now it stands at 19.82% (before was 20.21%) this seems to be the impact of the services shut-downs, if this is so, then we should expect another 1%-2% decrease in May to about low 19%. The good news is that the US percentage of total usage is still increasing, now standing in 34.3! (When I started following the metric it was 32%). Per Statcounter, US mobile search is still growing, this week it stands at 10.3%, at the beginning of the year it was 7.97%. This has been a slow, but constant chipping away to Google. If the rate continues it should have 20% of the market by years end.</Msg><Username>webdave_2000</Username><Timestamp>1367625168832</Timestamp><DateTime>Fri, 2013-05-03 19:52:48 EDT</DateTime><ThumbUp>0</ThumbUp><ThumbDown>1</ThumbDown><Sentiment>Strong Buy</Sentiment></Message><Message type="ReplyMessage"><Id>1367625522990-46</Id><Topic><Title>Congratulations coldone!</Title><Username>dr.gloom</Username><Timestamp>1367365414026</Timestamp><DateTime>Tue, 2013-04-30 19:43:34 EDT</DateTime></Topic><Msg>Say it again, but this time like you mean it. Or don't say it at all...</Msg><Username>co1done</Username><Timestamp>1367625522990</Timestamp><DateTime>Fri, 2013-05-03 19:58:42 EDT</DateTime><ThumbUp>3</ThumbUp><ThumbDown>3</ThumbDown><Sentiment/></Message><Message type="ReplyMessage"><Id>1367625585636-47</Id><Topic><Title>Why are Yahoo shorts crying..?</Title><Username>co1done</Username><Timestamp>1367520038293</Timestamp><DateTime>Thu, 2013-05-02 14:40:38 EDT</DateTime></Topic><Msg>Young snotty needs a tissue...</Msg><Username>co1done</Username><Timestamp>1367625585636</Timestamp><DateTime>Fri, 2013-05-03 19:59:45 EDT</DateTime><ThumbUp>2</ThumbUp><ThumbDown>0</ThumbDown><Sentiment/></Message><Message type="ReplyMessage"><Id>1367625632858-48</Id><Topic><Title>Yahoo hits $22 as the coldone laughs</Title><Username>co1done</Username><Timestamp>1362151885274</Timestamp><DateTime>Fri, 2013-03-01 10:31:25 EST</DateTime></Topic><Msg>Tearing it up</Msg><Username>co1done</Username><Timestamp>1367625632858</Timestamp><DateTime>Fri, 2013-05-03 20:00:32 EDT</DateTime><ThumbUp>2</ThumbUp><ThumbDown>0</ThumbDown><Sentiment/></Message><Message type="ReplyMessage"><Id>1367628179263-49</Id><Topic><Title>Last Yhoo was this oversold it spiked 8.3% in 5 days</Title><Username>webdave_2000</Username><Timestamp>1367457834947</Timestamp><DateTime>Wed, 2013-05-01 21:23:54 EDT</DateTime></Topic><Msg>Keep it going. $26 by friday. After that anyone guess. It could go to $27 or $24.</Msg><Username>webdave_2000</Username><Timestamp>1367628179263</Timestamp><DateTime>Fri, 2013-05-03 20:42:59 EDT</DateTime><ThumbUp>2</ThumbUp><ThumbDown>3</ThumbDown><Sentiment>Strong Buy</Sentiment></Message><Message type="TopicMessage"><Id>1367628876299-50</Id><Title>Why buy MileWise?</Title><Msg>Search Engine land just reported that apps were the primary way to access content in the travel category, specifically 85% of them are mobile now. Everything is for grabs now, will mobile yahoo be the original yahoo again? If it goes the way it seems, yahoo will be a $40 stock in 24 months.</Msg><Username>webdave_2000</Username><Timestamp>1367628876299</Timestamp><DateTime>Fri, 2013-05-03 20:54:36 EDT</DateTime><ThumbUp>0</ThumbUp><ThumbDown>1</ThumbDown><Sentiment>Strong Buy</Sentiment></Message><Message type="ReplyMessage"><Id>1367629831542-51</Id><Topic><Title>Why are Yahoo shorts crying..?</Title><Username>co1done</Username><Timestamp>1367520038293</Timestamp><DateTime>Thu, 2013-05-02 14:40:38 EDT</DateTime></Topic><Msg>Yes that is true - you have certainly been a fan of Marissa's from day 1. (~~,</Msg><Username>basketaetc1</Username><Timestamp>1367629831542</Timestamp><DateTime>Fri, 2013-05-03 21:10:31 EDT</DateTime><ThumbUp>0</ThumbUp><ThumbDown>0</ThumbDown><Sentiment/></Message><Message type="ReplyMessage"><Id>1367632876430-52</Id><Topic><Title>Why buy MileWise?</Title><Username>webdave_2000</Username><Timestamp>1367628876299</Timestamp><DateTime>Fri, 2013-05-03 20:54:36 EDT</DateTime></Topic><Msg>MM is a genius strategist. I think she knows exactly where YHOO will be going forward. If you have the best mobile content or let us say you got what online users wanted then big time online advertizers will make YHOO a $40 to $50 stock in 2 years or less---mobile content domination.</Msg><Username>goingbravo</Username><Timestamp>1367632876430</Timestamp><DateTime>Fri, 2013-05-03 22:01:16 EDT</DateTime><ThumbUp>0</ThumbUp><ThumbDown>0</ThumbDown><Sentiment>Strong Buy</Sentiment></Message><Message type="ReplyMessage"><Id>1367635430805-53</Id><Topic><Title>Why buy MileWise?</Title><Username>webdave_2000</Username><Timestamp>1367628876299</Timestamp><DateTime>Fri, 2013-05-03 20:54:36 EDT</DateTime></Topic><Msg>Maybe they should consider buying BLIP (Dailymotion subs) for their platform of producers of original web series to distribute and monetize their productions. Maybe they can integrate it into a new "Flickr Video". High level photo and video. Just like ipad/iphone price point.</Msg><Username>webdave_2000</Username><Timestamp>1367635430805</Timestamp><DateTime>Fri, 2013-05-03 22:43:50 EDT</DateTime><ThumbUp>0</ThumbUp><ThumbDown>1</ThumbDown><Sentiment>Strong Buy</Sentiment></Message><Message type="ReplyMessage"><Id>1367635644519-54</Id><Topic><Title>Last Yhoo was this oversold it spiked 8.3% in 5 days</Title><Username>webdave_2000</Username><Timestamp>1367457834947</Timestamp><DateTime>Wed, 2013-05-01 21:23:54 EDT</DateTime></Topic><Msg>Still RSI=61, not overbought! On prior occasions RSI went up to 70 and 80 before retracing! Keep it going. $26 by Friday on Alibaba's Change of command and IPO rumor.</Msg><Username>webdave_2000</Username><Timestamp>1367635644519</Timestamp><DateTime>Fri, 2013-05-03 22:47:24 EDT</DateTime><ThumbUp>1</ThumbUp><ThumbDown>3</ThumbDown><Sentiment>Strong Buy</Sentiment></Message><Message type="ReplyMessage"><Id>1367636926896-55</Id><Topic><Title>Congratulations coldone!</Title><Username>dr.gloom</Username><Timestamp>1367365414026</Timestamp><DateTime>Tue, 2013-04-30 19:43:34 EDT</DateTime></Topic><Msg>Your a phony , mr. Cafone . Take all of your congrats and you know what you can do with them . You know that any compliments are lies meant to make you feel good . And even you know that their fabrications. Remember , you can't bull s*** your way through life .</Msg><Username>lyonsaudit</Username><Timestamp>1367636926896</Timestamp><DateTime>Fri, 2013-05-03 23:08:46 EDT</DateTime><ThumbUp>1</ThumbUp><ThumbDown>1</ThumbDown><Sentiment/></Message><Message type="ReplyMessage"><Id>1367637972855-56</Id><Topic><Title>Congratulations coldone!</Title><Username>dr.gloom</Username><Timestamp>1367365414026</Timestamp><DateTime>Tue, 2013-04-30 19:43:34 EDT</DateTime></Topic><Msg>Coldone's buys from $11 to $22.70 speak for themselves. You can't take them anymore than you can get back what you lost shorting Yahoo.</Msg><Username>tetheredbird</Username><Timestamp>1367637972855</Timestamp><DateTime>Fri, 2013-05-03 23:26:12 EDT</DateTime><ThumbUp>2</ThumbUp><ThumbDown>2</ThumbDown><Sentiment/></Message></Date>