<?xml version="1.0" encoding="UTF-8" standalone="no"?><Date date="2013-03-08"><Message type="ReplyMessage"><Id>1362720133393-1</Id><Topic><Title>YHOO on SQUAWK BOX!</Title><Username>bryant_miller</Username><Timestamp>1362509735341</Timestamp><DateTime>Tue, 2013-03-05 13:55:35 EST</DateTime></Topic><Msg>Very helpful :)</Msg><Username>morgankevin589</Username><Timestamp>1362720133393</Timestamp><DateTime>Fri, 2013-03-08 00:22:13 EST</DateTime><ThumbUp>0</ThumbUp><ThumbDown>1</ThumbDown><Sentiment/></Message><Message type="ReplyMessage"><Id>1362724860755-2</Id><Topic><Title>Why so little spam here &amp; FB and ZNGA have lots?</Title><Username>tru.nite</Username><Timestamp>1362623295228</Timestamp><DateTime>Wed, 2013-03-06 21:28:15 EST</DateTime></Topic><Msg>Yahoo just doesn't care...</Msg><Username>star.trader</Username><Timestamp>1362724860755</Timestamp><DateTime>Fri, 2013-03-08 01:41:00 EST</DateTime><ThumbUp>6</ThumbUp><ThumbDown>0</ThumbDown><Sentiment/></Message><Message type="ReplyMessage"><Id>1362726612012-3</Id><Topic><Title>Why so little spam here &amp; FB and ZNGA have lots?</Title><Username>tru.nite</Username><Timestamp>1362623295228</Timestamp><DateTime>Wed, 2013-03-06 21:28:15 EST</DateTime></Topic><Msg>There is a lot of spam and bad behavior. You can bet if this type of behavior occurred at a Marissa Mayer meeting the instigators would be at the curb in a heart beat. There is only one way for this environment to change: Monitors. In just a few days it would be cleaned up. Or, Yahoo could seek volunteer monitors and let the users police themselves. But some type of action needs doing. And oddly, at the bottom of a board Yahoo asks for ideas. I read through many. More than half express the problems you face. Many make very good suggestions. Yet no action from Yahoo. Perhaps it's true the financial boards will be closed with the rest at the end of March. Keep trying, tru. You're not alone.</Msg><Username>point-taken</Username><Timestamp>1362726612012</Timestamp><DateTime>Fri, 2013-03-08 02:10:12 EST</DateTime><ThumbUp>3</ThumbUp><ThumbDown>1</ThumbDown><Sentiment/></Message><Message type="ReplyMessage"><Id>1362726654518-4</Id><Topic><Title>YHOO on SQUAWK BOX!</Title><Username>bryant_miller</Username><Timestamp>1362509735341</Timestamp><DateTime>Tue, 2013-03-05 13:55:35 EST</DateTime></Topic><Msg>Is this the token SPAM for the Yahoo board?</Msg><Username>point-taken</Username><Timestamp>1362726654518</Timestamp><DateTime>Fri, 2013-03-08 02:10:54 EST</DateTime><ThumbUp>0</ThumbUp><ThumbDown>1</ThumbDown><Sentiment/></Message><Message type="ReplyMessage"><Id>1362726757179-5</Id><Topic><Title>[EXCLUSIVE] In Depth YHOO Research Report [MUST SEE]</Title><Username>leonardoyellow</Username><Timestamp>1362339631074</Timestamp><DateTime>Sun, 2013-03-03 14:40:31 EST</DateTime></Topic><Msg>Sorry, spoke too soon. This board has two SPAMMERS on the first page. Small number compared to the 5, 6, 10 SPAMs on other boards</Msg><Username>point-taken</Username><Timestamp>1362726757179</Timestamp><DateTime>Fri, 2013-03-08 02:12:37 EST</DateTime><ThumbUp>0</ThumbUp><ThumbDown>1</ThumbDown><Sentiment/></Message><Message type="ReplyMessage"><Id>1362744917443-6</Id><Topic><Title>Why so little spam here &amp; FB and ZNGA have lots?</Title><Username>tru.nite</Username><Timestamp>1362623295228</Timestamp><DateTime>Wed, 2013-03-06 21:28:15 EST</DateTime></Topic><Msg>No one ever comes here. There is no reason to spam no one.</Msg><Username>madmilker70</Username><Timestamp>1362744917443</Timestamp><DateTime>Fri, 2013-03-08 07:15:17 EST</DateTime><ThumbUp>1</ThumbUp><ThumbDown>1</ThumbDown><Sentiment/></Message><Message type="TopicMessage"><Id>1362745497921-7</Id><Title>Yahoo @ $30 by 5/13/13 ?</Title><Msg>Alilbaba IPO ? 2013</Msg><Username>leestoller</Username><Timestamp>1362745497921</Timestamp><DateTime>Fri, 2013-03-08 07:24:57 EST</DateTime><ThumbUp>0</ThumbUp><ThumbDown>1</ThumbDown><Sentiment>Strong Buy</Sentiment></Message><Message type="ReplyMessage"><Id>1362746926895-8</Id><Topic><Title>[EXCLUSIVE] In Depth YHOO Research Report [MUST SEE]</Title><Username>leonardoyellow</Username><Timestamp>1362339631074</Timestamp><DateTime>Sun, 2013-03-03 14:40:31 EST</DateTime></Topic><Msg>great one</Msg><Username>williamawins</Username><Timestamp>1362746926895</Timestamp><DateTime>Fri, 2013-03-08 07:48:46 EST</DateTime><ThumbUp>0</ThumbUp><ThumbDown>0</ThumbDown><Sentiment>Strong Buy</Sentiment></Message><Message type="TopicMessage"><Id>1362748481004-9</Id><Title>Yahoo please allow post creators the ability to delete their own posts</Title><Msg>Help reduce harassment even more.</Msg><Username>matthassen</Username><Timestamp>1362748481004</Timestamp><DateTime>Fri, 2013-03-08 08:14:41 EST</DateTime><ThumbUp>0</ThumbUp><ThumbDown>1</ThumbDown><Sentiment>Buy</Sentiment></Message><Message type="TopicMessage"><Id>1362748837382-10</Id><Title>Ms Mayer was born the year America had its last trade surplus...</Title><Msg>Sad.... no, not for Ms Mayer but for America. oops! but she was sitting on Wal*Mart's board before being appointed CEO.... and the sad part about that.... Wal*Mart has their Global Procurement Office in China and they put less than 5% foreign in all their stores there. Yeap! sad for the 46 million Americans on food stamps and the 20 million unemployed.</Msg><Username>madmilker70</Username><Timestamp>1362748837382</Timestamp><DateTime>Fri, 2013-03-08 08:20:37 EST</DateTime><ThumbUp>0</ThumbUp><ThumbDown>2</ThumbDown><Sentiment/></Message><Message type="TopicMessage"><Id>1362751246657-11</Id><Title>Another miserable day for Yahoo shorts</Title><Msg>Yahoo has been on a tear since hotmodel proclaimed Yahoo would be dead money for 6 months to a year back in October when Yahoo was $15.80. Coldone told hotmodel to buy Yahoo since it was trading at $11, but hotmodel saidd to short Yahoo. Coldone is still here and hotmodel has lost all her money and gone into hiding... Ha!</Msg><Username>co1done</Username><Timestamp>1362751246657</Timestamp><DateTime>Fri, 2013-03-08 09:00:46 EST</DateTime><ThumbUp>3</ThumbUp><ThumbDown>1</ThumbDown><Sentiment/></Message><Message type="TopicMessage"><Id>1362751302118-12</Id><Title>236,000 new jobs!</Title><Msg>Buy Yahoo under $23 while you can...</Msg><Username>co1done</Username><Timestamp>1362751302118</Timestamp><DateTime>Fri, 2013-03-08 09:01:42 EST</DateTime><ThumbUp>3</ThumbUp><ThumbDown>1</ThumbDown><Sentiment/></Message><Message type="TopicMessage"><Id>1362751386020-13</Id><Title>Buy Yahoo under $23 while you can...</Title><Msg>Yahoo is going to $30 this year with a little help from its Asian assets, $26 without help from the Asian assets which will pay off bigger in 2015.</Msg><Username>co1done</Username><Timestamp>1362751386020</Timestamp><DateTime>Fri, 2013-03-08 09:03:06 EST</DateTime><ThumbUp>5</ThumbUp><ThumbDown>3</ThumbDown><Sentiment/></Message><Message type="ReplyMessage"><Id>1362751426185-14</Id><Topic><Title>Alibaba may choose New York over Hong Kong for its hotly anticipated IPO</Title><Username>tetheredbird</Username><Timestamp>1362700573959</Timestamp><DateTime>Thu, 2013-03-07 18:56:13 EST</DateTime></Topic><Msg>Alibaba is going for the gold...</Msg><Username>co1done</Username><Timestamp>1362751426185</Timestamp><DateTime>Fri, 2013-03-08 09:03:46 EST</DateTime><ThumbUp>3</ThumbUp><ThumbDown>2</ThumbDown><Sentiment/></Message><Message type="ReplyMessage"><Id>1362751863969-15</Id><Topic><Title>YHOO on SQUAWK BOX!</Title><Username>bryant_miller</Username><Timestamp>1362509735341</Timestamp><DateTime>Tue, 2013-03-05 13:55:35 EST</DateTime></Topic><Msg>Awesome info :)</Msg><Username>carr.mathew</Username><Timestamp>1362751863969</Timestamp><DateTime>Fri, 2013-03-08 09:11:03 EST</DateTime><ThumbUp>0</ThumbUp><ThumbDown>1</ThumbDown><Sentiment/></Message><Message type="ReplyMessage"><Id>1362752364662-16</Id><Topic><Title>Coldone's advice to buy Yahoo from $11 to $21 was spot on!</Title><Username>shelcorecrust</Username><Timestamp>1362511915833</Timestamp><DateTime>Tue, 2013-03-05 14:31:55 EST</DateTime></Topic><Msg>They wish they were co1done but alas there is only one co1done...</Msg><Username>co1done</Username><Timestamp>1362752364662</Timestamp><DateTime>Fri, 2013-03-08 09:19:24 EST</DateTime><ThumbUp>4</ThumbUp><ThumbDown>7</ThumbDown><Sentiment/></Message><Message type="ReplyMessage"><Id>1362752442258-17</Id><Topic><Title>Yahoo's Stock Takes Aim At $30</Title><Username>thetoadtimes</Username><Timestamp>1362690769452</Timestamp><DateTime>Thu, 2013-03-07 16:12:49 EST</DateTime></Topic><Msg>No answer from bravo. The question must have been too hard for her...</Msg><Username>co1done</Username><Timestamp>1362752442258</Timestamp><DateTime>Fri, 2013-03-08 09:20:42 EST</DateTime><ThumbUp>3</ThumbUp><ThumbDown>1</ThumbDown><Sentiment/></Message><Message type="TopicMessage"><Id>1362753013370-18</Id><Title>Alibaba follows the money for IPO destination</Title><Msg>The destination of Alibaba Group's much-anticipated initial public offering will likely be determined by this catchphrase: "Show me the money". Market analysts yesterday said the IPO for the mainland's largest e-commerce company would be conducted where it could get the highest value for its shares in what could be the biggest technology-related offering this year. Hangzhou-based Alibaba is apparently keen to explore its best options as its senior finance executives held closed-door discussions in Hong Kong on Wednesday with a representative of Nasdaq OMX, the operator of the Nasdaq Stock Market in New York. "It would be a matter of pride for a Chinese company like Alibaba to have its public offering on Chinese soil, but it must consider where it can get the highest price-earnings ratio," VC Brokerage director Louis Tse Ming-kwong said: In a research note published last month, Morgan Stanley analyst Jordan Monahan calculated that Alibaba was worth between US$66 billion and US$128 billion, based on its forecast net income of US$2.28 billion this year and US$3.55 billion next year. He suggested a share offer this year would value the company at US$80 billion.</Msg><Username>thetoadtimes</Username><Timestamp>1362753013370</Timestamp><DateTime>Fri, 2013-03-08 09:30:13 EST</DateTime><ThumbUp>3</ThumbUp><ThumbDown>3</ThumbDown><Sentiment/></Message><Message type="TopicMessage"><Id>1362753117933-19</Id><Title>FNHC - Article out yesterday indicating co. selling at 50% of its investment portfolio value w/zero debt.</Title><Msg>Insiders are buying as well as one big mutual fund co. which just took a 8% stake. Earnings were up 180% and to be released again in 5 days. Dividend policy just reinstated and they normally pay around an 8% return. Also trading at 50% of price target, which makes sense I guess. In the last CC they indicated that book value is growing again. The article is right there on yahoo under FNHC.</Msg><Username>daveparker0808</Username><Timestamp>1362753117933</Timestamp><DateTime>Fri, 2013-03-08 09:31:57 EST</DateTime><ThumbUp>0</ThumbUp><ThumbDown>0</ThumbDown><Sentiment>Strong Buy</Sentiment></Message><Message type="ReplyMessage"><Id>1362753251293-20</Id><Topic><Title>Alibaba follows the money for IPO destination</Title><Username>thetoadtimes</Username><Timestamp>1362753013370</Timestamp><DateTime>Fri, 2013-03-08 09:30:13 EST</DateTime></Topic><Msg>Tse said: "Alibaba must ask itself: which market can afford such a big IPO that could be many times oversubscribed?" He pointed out that Nasdaq's attraction for Alibaba was that it was the preferred market for many information-technology, media and telecommunications companies. Li Zhongzhi, an analyst at Ping An Securities in Shenzhen, said Alibaba's shareholders - including Japan's Softbank, internet pioneer Yahoo and private-equity investors such as China Investment Corporation - "will prefer the flexibility of the Nasdaq or Hong Kong, where they can cash out their shares easily".</Msg><Username>thetoadtimes</Username><Timestamp>1362753251293</Timestamp><DateTime>Fri, 2013-03-08 09:34:11 EST</DateTime><ThumbUp>2</ThumbUp><ThumbDown>2</ThumbDown><Sentiment/></Message><Message type="TopicMessage"><Id>1362753896372-21</Id><Title>Alibaba IPO to Bypass Hong Kong and Head to NASDAQ!</Title><Msg>According to sources close to Hong Kong’s South China Morning Post, e-commerce giant Alibaba might bypass the Hong Kong Stock Exchange and instead take its huge IPO to NASDAQ. The paper claims that Alibaba executives met with NASDAQ representatives for a secret meeting in the Chinese principality yesterday afternoon.</Msg><Username>thetoadtimes</Username><Timestamp>1362753896372</Timestamp><DateTime>Fri, 2013-03-08 09:44:56 EST</DateTime><ThumbUp>4</ThumbUp><ThumbDown>3</ThumbDown><Sentiment/></Message><Message type="ReplyMessage"><Id>1362754171009-22</Id><Topic><Title>Still the best!</Title><Username>coldonereign</Username><Timestamp>1362505919104</Timestamp><DateTime>Tue, 2013-03-05 12:51:59 EST</DateTime></Topic><Msg>They wish they were coldone but alas there is only one coldone...</Msg><Username>coldonereign</Username><Timestamp>1362754171009</Timestamp><DateTime>Fri, 2013-03-08 09:49:31 EST</DateTime><ThumbUp>0</ThumbUp><ThumbDown>1</ThumbDown><Sentiment/></Message><Message type="ReplyMessage"><Id>1362754230444-23</Id><Topic><Title>Alibaba may choose New York over Hong Kong for its hotly anticipated IPO</Title><Username>tetheredbird</Username><Timestamp>1362700573959</Timestamp><DateTime>Thu, 2013-03-07 18:56:13 EST</DateTime></Topic><Msg>Looks like the NAZ will get the Alibaba listing. That will increase Alibaba's IPO value.</Msg><Username>neo1278alpha</Username><Timestamp>1362754230444</Timestamp><DateTime>Fri, 2013-03-08 09:50:30 EST</DateTime><ThumbUp>3</ThumbUp><ThumbDown>3</ThumbDown><Sentiment/></Message><Message type="ReplyMessage"><Id>1362754895038-24</Id><Topic><Title>Alibaba follows the money for IPO destination</Title><Username>thetoadtimes</Username><Timestamp>1362753013370</Timestamp><DateTime>Fri, 2013-03-08 09:30:13 EST</DateTime></Topic><Msg>The IPO won't take long from here. Late 2013 or early 2014 at the latest.</Msg><Username>tetheredbird</Username><Timestamp>1362754895038</Timestamp><DateTime>Fri, 2013-03-08 10:01:35 EST</DateTime><ThumbUp>3</ThumbUp><ThumbDown>2</ThumbDown><Sentiment/></Message><Message type="ReplyMessage"><Id>1362754995066-25</Id><Topic><Title>Yahoo bashers/shorts have been silenced by the coldone!</Title><Username>theecoldone</Username><Timestamp>1355158731000</Timestamp><DateTime>Mon, 2012-12-10 11:58:51 EST</DateTime></Topic><Msg>The Yahoo bashers lost.</Msg><Username>bflathalfdim</Username><Timestamp>1362754995066</Timestamp><DateTime>Fri, 2013-03-08 10:03:15 EST</DateTime><ThumbUp>2</ThumbUp><ThumbDown>1</ThumbDown><Sentiment/></Message><Message type="ReplyMessage"><Id>1362755050856-26</Id><Topic><Title>Alibaba IPO to Bypass Hong Kong and Head to NASDAQ!</Title><Username>thetoadtimes</Username><Timestamp>1362753896372</Timestamp><DateTime>Fri, 2013-03-08 09:44:56 EST</DateTime></Topic><Msg>An official announcement will be made on or before May 10 when Jack Ma steps down as CEO.</Msg><Username>bflathalfdim</Username><Timestamp>1362755050856</Timestamp><DateTime>Fri, 2013-03-08 10:04:10 EST</DateTime><ThumbUp>2</ThumbUp><ThumbDown>2</ThumbDown><Sentiment/></Message><Message type="ReplyMessage"><Id>1362755141279-27</Id><Topic><Title>[EXCLUSIVE] In Depth YHOO Research Report [MUST SEE]</Title><Username>leonardoyellow</Username><Timestamp>1362339631074</Timestamp><DateTime>Sun, 2013-03-03 14:40:31 EST</DateTime></Topic><Msg>awesome informations</Msg><Username>justin.march</Username><Timestamp>1362755141279</Timestamp><DateTime>Fri, 2013-03-08 10:05:41 EST</DateTime><ThumbUp>0</ThumbUp><ThumbDown>0</ThumbDown><Sentiment>Buy</Sentiment></Message><Message type="ReplyMessage"><Id>1362755317994-28</Id><Topic><Title>Hotmodel - Do you still think Yahoo was dead money at $15.80?</Title><Username>co1done</Username><Timestamp>1362587655224</Timestamp><DateTime>Wed, 2013-03-06 11:34:15 EST</DateTime></Topic><Msg>lol!!!!!!!!!!!!!!!</Msg><Username>nanobot8042</Username><Timestamp>1362755317994</Timestamp><DateTime>Fri, 2013-03-08 10:08:37 EST</DateTime><ThumbUp>2</ThumbUp><ThumbDown>6</ThumbDown><Sentiment/></Message><Message type="ReplyMessage"><Id>1362755347924-29</Id><Topic><Title>Alibaba may choose New York over Hong Kong for its hotly anticipated IPO</Title><Username>tetheredbird</Username><Timestamp>1362700573959</Timestamp><DateTime>Thu, 2013-03-07 18:56:13 EST</DateTime></Topic><Msg>$100B minimum!</Msg><Username>nanobot8042</Username><Timestamp>1362755347924</Timestamp><DateTime>Fri, 2013-03-08 10:09:07 EST</DateTime><ThumbUp>2</ThumbUp><ThumbDown>3</ThumbDown><Sentiment/></Message><Message type="ReplyMessage"><Id>1362755413790-30</Id><Topic><Title>YHOO on SQUAWK BOX!</Title><Username>bryant_miller</Username><Timestamp>1362509735341</Timestamp><DateTime>Tue, 2013-03-05 13:55:35 EST</DateTime></Topic><Msg>thanks a lot!</Msg><Username>derrick_zirkle</Username><Timestamp>1362755413790</Timestamp><DateTime>Fri, 2013-03-08 10:10:13 EST</DateTime><ThumbUp>0</ThumbUp><ThumbDown>1</ThumbDown><Sentiment/></Message><Message type="ReplyMessage"><Id>1362755560890-31</Id><Topic><Title>Alibaba follows the money for IPO destination</Title><Username>thetoadtimes</Username><Timestamp>1362753013370</Timestamp><DateTime>Fri, 2013-03-08 09:30:13 EST</DateTime></Topic><Msg>$100B valuation is in the bag if Alibaba goes with the NAZ.</Msg><Username>neo1278alpha</Username><Timestamp>1362755560890</Timestamp><DateTime>Fri, 2013-03-08 10:12:40 EST</DateTime><ThumbUp>3</ThumbUp><ThumbDown>2</ThumbDown><Sentiment/></Message><Message type="ReplyMessage"><Id>1362755742965-32</Id><Topic><Title>Alibaba IPO to Bypass Hong Kong and Head to NASDAQ!</Title><Username>thetoadtimes</Username><Timestamp>1362753896372</Timestamp><DateTime>Fri, 2013-03-08 09:44:56 EST</DateTime></Topic><Msg>Listing on the NASDAQ will also help Alibaba make their mark in the US market place through Yahoo.</Msg><Username>turmaniloil</Username><Timestamp>1362755742965</Timestamp><DateTime>Fri, 2013-03-08 10:15:42 EST</DateTime><ThumbUp>3</ThumbUp><ThumbDown>1</ThumbDown><Sentiment/></Message><Message type="ReplyMessage"><Id>1362755931970-33</Id><Topic><Title>Yahoo bashers/shorts have been silenced by the coldone!</Title><Username>theecoldone</Username><Timestamp>1355158731000</Timestamp><DateTime>Mon, 2012-12-10 11:58:51 EST</DateTime></Topic><Msg>More like Li Ka-shing and Wal*Mart..... It's never over until the fat lady sings....</Msg><Username>madmilker70</Username><Timestamp>1362755931970</Timestamp><DateTime>Fri, 2013-03-08 10:18:51 EST</DateTime><ThumbUp>0</ThumbUp><ThumbDown>4</ThumbDown><Sentiment/></Message><Message type="ReplyMessage"><Id>1362756259733-34</Id><Topic><Title>Yahoo bashers/shorts have been silenced by the coldone!</Title><Username>theecoldone</Username><Timestamp>1355158731000</Timestamp><DateTime>Mon, 2012-12-10 11:58:51 EST</DateTime></Topic><Msg>Yahoo shorts have lost their minds.</Msg><Username>co1done</Username><Timestamp>1362756259733</Timestamp><DateTime>Fri, 2013-03-08 10:24:19 EST</DateTime><ThumbUp>3</ThumbUp><ThumbDown>3</ThumbDown><Sentiment/></Message><Message type="ReplyMessage"><Id>1362756294070-35</Id><Topic><Title>Yahoo's Stock Takes Aim At $30</Title><Username>thetoadtimes</Username><Timestamp>1362690769452</Timestamp><DateTime>Thu, 2013-03-07 16:12:49 EST</DateTime></Topic><Msg>$30 is nothing...</Msg><Username>co1done</Username><Timestamp>1362756294070</Timestamp><DateTime>Fri, 2013-03-08 10:24:54 EST</DateTime><ThumbUp>4</ThumbUp><ThumbDown>1</ThumbDown><Sentiment/></Message><Message type="ReplyMessage"><Id>1362756386008-36</Id><Topic><Title>Coldone's advice to buy Yahoo from $11 to $21 was spot on!</Title><Username>shelcorecrust</Username><Timestamp>1362511915833</Timestamp><DateTime>Tue, 2013-03-05 14:31:55 EST</DateTime></Topic><Msg>I'm loading up before May 10.</Msg><Username>neo1278alpha</Username><Timestamp>1362756386008</Timestamp><DateTime>Fri, 2013-03-08 10:26:26 EST</DateTime><ThumbUp>3</ThumbUp><ThumbDown>4</ThumbDown><Sentiment/></Message><Message type="ReplyMessage"><Id>1362756410624-37</Id><Topic><Title>Alibaba may choose New York over Hong Kong for its hotly anticipated IPO</Title><Username>tetheredbird</Username><Timestamp>1362700573959</Timestamp><DateTime>Thu, 2013-03-07 18:56:13 EST</DateTime></Topic><Msg>Buying Yahoo is a way to get in on this IPO now.</Msg><Username>neo1278alpha</Username><Timestamp>1362756410624</Timestamp><DateTime>Fri, 2013-03-08 10:26:50 EST</DateTime><ThumbUp>3</ThumbUp><ThumbDown>2</ThumbDown><Sentiment/></Message><Message type="ReplyMessage"><Id>1362756487346-38</Id><Topic><Title>Alibaba follows the money for IPO destination</Title><Username>thetoadtimes</Username><Timestamp>1362753013370</Timestamp><DateTime>Fri, 2013-03-08 09:30:13 EST</DateTime></Topic><Msg>Jack Ma is overseeing this IPO. He will get as much as possible for Alibaba at its IPO.</Msg><Username>neo1278alpha</Username><Timestamp>1362756487346</Timestamp><DateTime>Fri, 2013-03-08 10:28:07 EST</DateTime><ThumbUp>3</ThumbUp><ThumbDown>2</ThumbDown><Sentiment/></Message><Message type="ReplyMessage"><Id>1362756649336-39</Id><Topic><Title>Yahoo Best Way To Participate In The Alibaba IPO</Title><Username>thetoadtimes</Username><Timestamp>1359993302021</Timestamp><DateTime>Mon, 2013-02-04 10:55:02 EST</DateTime></Topic><Msg>Time to load up on Yahoo before May 10.</Msg><Username>neo1278alpha</Username><Timestamp>1362756649336</Timestamp><DateTime>Fri, 2013-03-08 10:30:49 EST</DateTime><ThumbUp>3</ThumbUp><ThumbDown>2</ThumbDown><Sentiment/></Message><Message type="ReplyMessage"><Id>1362756787251-40</Id><Topic><Title>Alibaba IPO to Bypass Hong Kong and Head to NASDAQ!</Title><Username>thetoadtimes</Username><Timestamp>1362753896372</Timestamp><DateTime>Fri, 2013-03-08 09:44:56 EST</DateTime></Topic><Msg>Buying Yahoo now gets you 24% of the Alibaba IPO.</Msg><Username>neo1278alpha</Username><Timestamp>1362756787251</Timestamp><DateTime>Fri, 2013-03-08 10:33:07 EST</DateTime><ThumbUp>4</ThumbUp><ThumbDown>2</ThumbDown><Sentiment/></Message><Message type="TopicMessage"><Id>1362757281748-41</Id><Title>Lobster red soon</Title><Msg>Because I'm shorting this turd.</Msg><Username>coldonefather</Username><Timestamp>1362757281748</Timestamp><DateTime>Fri, 2013-03-08 10:41:21 EST</DateTime><ThumbUp>1</ThumbUp><ThumbDown>3</ThumbDown><Sentiment>Strong Sell</Sentiment></Message><Message type="ReplyMessage"><Id>1362757403814-42</Id><Topic><Title>Lobster red soon</Title><Username>coldonefather</Username><Timestamp>1362757281748</Timestamp><DateTime>Fri, 2013-03-08 10:41:21 EST</DateTime></Topic><Msg>Keep begging...Ha!</Msg><Username>co1done</Username><Timestamp>1362757403814</Timestamp><DateTime>Fri, 2013-03-08 10:43:23 EST</DateTime><ThumbUp>5</ThumbUp><ThumbDown>1</ThumbDown><Sentiment/></Message><Message type="ReplyMessage"><Id>1362757494732-43</Id><Topic><Title>Yahoo bashers/shorts have been silenced by the coldone!</Title><Username>theecoldone</Username><Timestamp>1355158731000</Timestamp><DateTime>Mon, 2012-12-10 11:58:51 EST</DateTime></Topic><Msg>All those old aliases gone, years wasted and all her money gone shorting Yahoo. Poor snotmodel...</Msg><Username>co1done</Username><Timestamp>1362757494732</Timestamp><DateTime>Fri, 2013-03-08 10:44:54 EST</DateTime><ThumbUp>4</ThumbUp><ThumbDown>3</ThumbDown><Sentiment/></Message><Message type="ReplyMessage"><Id>1362757552754-44</Id><Topic><Title>Buy Yahoo under $23 while you can...</Title><Username>co1done</Username><Timestamp>1362751386020</Timestamp><DateTime>Fri, 2013-03-08 09:03:06 EST</DateTime></Topic><Msg>I'm loading up before May 10 when Ma steps down.</Msg><Username>neo1278alpha</Username><Timestamp>1362757552754</Timestamp><DateTime>Fri, 2013-03-08 10:45:52 EST</DateTime><ThumbUp>3</ThumbUp><ThumbDown>1</ThumbDown><Sentiment/></Message><Message type="ReplyMessage"><Id>1362757685544-45</Id><Topic><Title>YHOO Report and Stock Poll</Title><Username>qrandochris</Username><Timestamp>1362582666507</Timestamp><DateTime>Wed, 2013-03-06 10:11:06 EST</DateTime></Topic><Msg>Thanks for sharing this article.</Msg><Username>sammy1amber</Username><Timestamp>1362757685544</Timestamp><DateTime>Fri, 2013-03-08 10:48:05 EST</DateTime><ThumbUp>0</ThumbUp><ThumbDown>1</ThumbDown><Sentiment>Buy</Sentiment></Message><Message type="ReplyMessage"><Id>1362757709871-46</Id><Topic><Title>Lobster red soon</Title><Username>coldonefather</Username><Timestamp>1362757281748</Timestamp><DateTime>Fri, 2013-03-08 10:41:21 EST</DateTime></Topic><Msg>You will soon be turding your shorts.</Msg><Username>cellorder1</Username><Timestamp>1362757709871</Timestamp><DateTime>Fri, 2013-03-08 10:48:29 EST</DateTime><ThumbUp>0</ThumbUp><ThumbDown>3</ThumbDown><Sentiment/></Message><Message type="ReplyMessage"><Id>1362757802493-47</Id><Topic><Title>Alibaba may choose New York over Hong Kong for its hotly anticipated IPO</Title><Username>tetheredbird</Username><Timestamp>1362700573959</Timestamp><DateTime>Thu, 2013-03-07 18:56:13 EST</DateTime></Topic><Msg>No more denying an IPO is on it's way this year for Alibaba.</Msg><Username>rilemenot</Username><Timestamp>1362757802493</Timestamp><DateTime>Fri, 2013-03-08 10:50:02 EST</DateTime><ThumbUp>2</ThumbUp><ThumbDown>2</ThumbDown><Sentiment/></Message><Message type="ReplyMessage"><Id>1362757858259-48</Id><Topic><Title>Alibaba follows the money for IPO destination</Title><Username>thetoadtimes</Username><Timestamp>1362753013370</Timestamp><DateTime>Fri, 2013-03-08 09:30:13 EST</DateTime></Topic><Msg>Alibaba will want to make this decision before Ma steps down as CEO.</Msg><Username>tornupdown</Username><Timestamp>1362757858259</Timestamp><DateTime>Fri, 2013-03-08 10:50:58 EST</DateTime><ThumbUp>3</ThumbUp><ThumbDown>3</ThumbDown><Sentiment/></Message><Message type="ReplyMessage"><Id>1362757906479-49</Id><Topic><Title>Yahoo Best Way To Participate In The Alibaba IPO</Title><Username>thetoadtimes</Username><Timestamp>1359993302021</Timestamp><DateTime>Mon, 2013-02-04 10:55:02 EST</DateTime></Topic><Msg>Yahoo is a strong buy under $30.</Msg><Username>tornupdown</Username><Timestamp>1362757906479</Timestamp><DateTime>Fri, 2013-03-08 10:51:46 EST</DateTime><ThumbUp>1</ThumbUp><ThumbDown>2</ThumbDown><Sentiment/></Message><Message type="ReplyMessage"><Id>1362757963651-50</Id><Topic><Title>Alibaba IPO to Bypass Hong Kong and Head to NASDAQ!</Title><Username>thetoadtimes</Username><Timestamp>1362753896372</Timestamp><DateTime>Fri, 2013-03-08 09:44:56 EST</DateTime></Topic><Msg>Marissa Mayer and Alibaba Group make an unstoppable combination.</Msg><Username>drago37712</Username><Timestamp>1362757963651</Timestamp><DateTime>Fri, 2013-03-08 10:52:43 EST</DateTime><ThumbUp>1</ThumbUp><ThumbDown>1</ThumbDown><Sentiment/></Message><Message type="ReplyMessage"><Id>1362759282604-51</Id><Topic><Title>Lobster red soon</Title><Username>coldonefather</Username><Timestamp>1362757281748</Timestamp><DateTime>Fri, 2013-03-08 10:41:21 EST</DateTime></Topic><Msg>Sure you are... You do realize that $21 per share out of the $23 current value is cash and assets as good as cash right? I am talking about YJ, Alibaba and actual mounds of cash. Certainly, feel free to exercise your right to be a complete idiot and by all means short away.</Msg><Username>warnerlambert</Username><Timestamp>1362759282604</Timestamp><DateTime>Fri, 2013-03-08 11:14:42 EST</DateTime><ThumbUp>0</ThumbUp><ThumbDown>1</ThumbDown><Sentiment>Strong Buy</Sentiment></Message><Message type="ReplyMessage"><Id>1362759362971-52</Id><Topic><Title>Yahoo's Stock Takes Aim At $30</Title><Username>thetoadtimes</Username><Timestamp>1362690769452</Timestamp><DateTime>Thu, 2013-03-07 16:12:49 EST</DateTime></Topic><Msg>Yahoo at $30 this year!</Msg><Username>neo1278alpha</Username><Timestamp>1362759362971</Timestamp><DateTime>Fri, 2013-03-08 11:16:02 EST</DateTime><ThumbUp>2</ThumbUp><ThumbDown>3</ThumbDown><Sentiment/></Message><Message type="ReplyMessage"><Id>1362760041864-53</Id><Topic><Title>YHOO on SQUAWK BOX!</Title><Username>bryant_miller</Username><Timestamp>1362509735341</Timestamp><DateTime>Tue, 2013-03-05 13:55:35 EST</DateTime></Topic><Msg>good report. Thanks!</Msg><Username>johnolmeda82</Username><Timestamp>1362760041864</Timestamp><DateTime>Fri, 2013-03-08 11:27:21 EST</DateTime><ThumbUp>0</ThumbUp><ThumbDown>0</ThumbDown><Sentiment/></Message><Message type="ReplyMessage"><Id>1362764131882-54</Id><Topic><Title>YHOO on SQUAWK BOX!</Title><Username>bryant_miller</Username><Timestamp>1362509735341</Timestamp><DateTime>Tue, 2013-03-05 13:55:35 EST</DateTime></Topic><Msg>Great report !</Msg><Username>williamsharold655</Username><Timestamp>1362764131882</Timestamp><DateTime>Fri, 2013-03-08 12:35:31 EST</DateTime><ThumbUp>0</ThumbUp><ThumbDown>0</ThumbDown><Sentiment/></Message><Message type="ReplyMessage"><Id>1362764256080-55</Id><Topic><Title>Yahoo bashers/shorts have been silenced by the coldone!</Title><Username>theecoldone</Username><Timestamp>1355158731000</Timestamp><DateTime>Mon, 2012-12-10 11:58:51 EST</DateTime></Topic><Msg>Another idiot hotmodel alias gets burnt.</Msg><Username>co1done</Username><Timestamp>1362764256080</Timestamp><DateTime>Fri, 2013-03-08 12:37:36 EST</DateTime><ThumbUp>4</ThumbUp><ThumbDown>1</ThumbDown><Sentiment/></Message><Message type="TopicMessage"><Id>1362764275983-56</Id><Title>Where was Yahoo for the last hour?</Title><Msg>Did anyone else have problems across Yahoo-land? For about an hour across numerous Yahoo servers I kept getting "Connection Refused" and downforeveryoneorjustme said it wasn't me. And neither /b/ nor /g/ were had any insight. Soooo??</Msg><Username>stockscouter9000</Username><Timestamp>1362764275983</Timestamp><DateTime>Fri, 2013-03-08 12:37:55 EST</DateTime><ThumbUp>2</ThumbUp><ThumbDown>3</ThumbDown><Sentiment/></Message><Message type="ReplyMessage"><Id>1362764281799-57</Id><Topic><Title>Alibaba follows the money for IPO destination</Title><Username>thetoadtimes</Username><Timestamp>1362753013370</Timestamp><DateTime>Fri, 2013-03-08 09:30:13 EST</DateTime></Topic><Msg>You can count on it.</Msg><Username>co1done</Username><Timestamp>1362764281799</Timestamp><DateTime>Fri, 2013-03-08 12:38:01 EST</DateTime><ThumbUp>4</ThumbUp><ThumbDown>1</ThumbDown><Sentiment/></Message><Message type="TopicMessage"><Id>1362764311153-58</Id><Title>Bad News coming for YHOO</Title><Msg>Have you heard the saying no news is good news. That is not going to be the case here. This no news / secret vail that now hangs over YHOO is being kept quiet. I will venture to say that it will start coming out next week. Watch the stock price. If it starts to slip the news may be about ready to break. XQ</Msg><Username>xquestor</Username><Timestamp>1362764311153</Timestamp><DateTime>Fri, 2013-03-08 12:38:31 EST</DateTime><ThumbUp>1</ThumbUp><ThumbDown>5</ThumbDown><Sentiment/></Message><Message type="ReplyMessage"><Id>1362764321079-59</Id><Topic><Title>Alibaba IPO to Bypass Hong Kong and Head to NASDAQ!</Title><Username>thetoadtimes</Username><Timestamp>1362753896372</Timestamp><DateTime>Fri, 2013-03-08 09:44:56 EST</DateTime></Topic><Msg>Smart investors loaded up on Yahoo from $11 to $21 when the coldone told them to...</Msg><Username>co1done</Username><Timestamp>1362764321079</Timestamp><DateTime>Fri, 2013-03-08 12:38:41 EST</DateTime><ThumbUp>4</ThumbUp><ThumbDown>3</ThumbDown><Sentiment/></Message><Message type="ReplyMessage"><Id>1362764334074-60</Id><Topic><Title>Where was Yahoo for the last hour?</Title><Username>stockscouter9000</Username><Timestamp>1362764275983</Timestamp><DateTime>Fri, 2013-03-08 12:37:55 EST</DateTime></Topic><Msg>Same here....perhaps technical housekeeping.</Msg><Username>davidsson10</Username><Timestamp>1362764334074</Timestamp><DateTime>Fri, 2013-03-08 12:38:54 EST</DateTime><ThumbUp>1</ThumbUp><ThumbDown>2</ThumbDown><Sentiment/></Message><Message type="ReplyMessage"><Id>1362764386653-61</Id><Topic><Title>Alibaba may choose New York over Hong Kong for its hotly anticipated IPO</Title><Username>tetheredbird</Username><Timestamp>1362700573959</Timestamp><DateTime>Thu, 2013-03-07 18:56:13 EST</DateTime></Topic><Msg>The Alibaba IPO is guaranteed...</Msg><Username>co1done</Username><Timestamp>1362764386653</Timestamp><DateTime>Fri, 2013-03-08 12:39:46 EST</DateTime><ThumbUp>4</ThumbUp><ThumbDown>3</ThumbDown><Sentiment/></Message><Message type="ReplyMessage"><Id>1362764423396-62</Id><Topic><Title>Yahoo Best Way To Participate In The Alibaba IPO</Title><Username>thetoadtimes</Username><Timestamp>1359993302021</Timestamp><DateTime>Mon, 2013-02-04 10:55:02 EST</DateTime></Topic><Msg>Buy under $23 while you can...</Msg><Username>co1done</Username><Timestamp>1362764423396</Timestamp><DateTime>Fri, 2013-03-08 12:40:23 EST</DateTime><ThumbUp>4</ThumbUp><ThumbDown>3</ThumbDown><Sentiment/></Message><Message type="ReplyMessage"><Id>1362764504798-63</Id><Topic><Title>Hotmodel - Do you still think Yahoo was dead money at $15.80?</Title><Username>co1done</Username><Timestamp>1362587655224</Timestamp><DateTime>Wed, 2013-03-06 11:34:15 EST</DateTime></Topic><Msg>hotmodel is a quitter and a loser.</Msg><Username>co1done</Username><Timestamp>1362764504798</Timestamp><DateTime>Fri, 2013-03-08 12:41:44 EST</DateTime><ThumbUp>3</ThumbUp><ThumbDown>3</ThumbDown><Sentiment/></Message><Message type="ReplyMessage"><Id>1362764523451-64</Id><Topic><Title>Coldone's advice to buy Yahoo from $11 to $21 was spot on!</Title><Username>shelcorecrust</Username><Timestamp>1362511915833</Timestamp><DateTime>Tue, 2013-03-05 14:31:55 EST</DateTime></Topic><Msg>Buy under $23 while you can...</Msg><Username>co1done</Username><Timestamp>1362764523451</Timestamp><DateTime>Fri, 2013-03-08 12:42:03 EST</DateTime><ThumbUp>4</ThumbUp><ThumbDown>2</ThumbDown><Sentiment/></Message><Message type="ReplyMessage"><Id>1362764640571-65</Id><Topic><Title>Where was Yahoo for the last hour?</Title><Username>stockscouter9000</Username><Timestamp>1362764275983</Timestamp><DateTime>Fri, 2013-03-08 12:37:55 EST</DateTime></Topic><Msg>The funny thing is no other sites sufficed during the glitch.</Msg><Username>wea1th</Username><Timestamp>1362764640571</Timestamp><DateTime>Fri, 2013-03-08 12:44:00 EST</DateTime><ThumbUp>2</ThumbUp><ThumbDown>2</ThumbDown><Sentiment>Strong Buy</Sentiment></Message><Message type="ReplyMessage"><Id>1362764757199-66</Id><Topic><Title>Yahoo Best Way To Participate In The Alibaba IPO</Title><Username>thetoadtimes</Username><Timestamp>1359993302021</Timestamp><DateTime>Mon, 2013-02-04 10:55:02 EST</DateTime></Topic><Msg>i have to agree with this write up. I'm buying.</Msg><Username>drago37712</Username><Timestamp>1362764757199</Timestamp><DateTime>Fri, 2013-03-08 12:45:57 EST</DateTime><ThumbUp>1</ThumbUp><ThumbDown>0</ThumbDown><Sentiment/></Message><Message type="ReplyMessage"><Id>1362764760498-67</Id><Topic><Title>Where was Yahoo for the last hour?</Title><Username>stockscouter9000</Username><Timestamp>1362764275983</Timestamp><DateTime>Fri, 2013-03-08 12:37:55 EST</DateTime></Topic><Msg>I take it you also experienced connectivity problems across most/all yahoo servers??</Msg><Username>stockscouter9000</Username><Timestamp>1362764760498</Timestamp><DateTime>Fri, 2013-03-08 12:46:00 EST</DateTime><ThumbUp>0</ThumbUp><ThumbDown>1</ThumbDown><Sentiment/></Message><Message type="ReplyMessage"><Id>1362764799233-68</Id><Topic><Title>Alibaba IPO to Bypass Hong Kong and Head to NASDAQ!</Title><Username>thetoadtimes</Username><Timestamp>1362753896372</Timestamp><DateTime>Fri, 2013-03-08 09:44:56 EST</DateTime></Topic><Msg>If this goes to the Nasdaq Alibaba could IPO over $100 billion.</Msg><Username>drago37712</Username><Timestamp>1362764799233</Timestamp><DateTime>Fri, 2013-03-08 12:46:39 EST</DateTime><ThumbUp>1</ThumbUp><ThumbDown>1</ThumbDown><Sentiment/></Message><Message type="ReplyMessage"><Id>1362764823126-69</Id><Topic><Title>Bad News coming for YHOO</Title><Username>xquestor</Username><Timestamp>1362764311153</Timestamp><DateTime>Fri, 2013-03-08 12:38:31 EST</DateTime></Topic><Msg>every other time there was a lull it went up afterward.</Msg><Username>wea1th</Username><Timestamp>1362764823126</Timestamp><DateTime>Fri, 2013-03-08 12:47:03 EST</DateTime><ThumbUp>0</ThumbUp><ThumbDown>4</ThumbDown><Sentiment/></Message><Message type="ReplyMessage"><Id>1362764869877-70</Id><Topic><Title>Alibaba may choose New York over Hong Kong for its hotly anticipated IPO</Title><Username>tetheredbird</Username><Timestamp>1362700573959</Timestamp><DateTime>Thu, 2013-03-07 18:56:13 EST</DateTime></Topic><Msg>This great news for Yahoo investors.</Msg><Username>strumbollio</Username><Timestamp>1362764869877</Timestamp><DateTime>Fri, 2013-03-08 12:47:49 EST</DateTime><ThumbUp>2</ThumbUp><ThumbDown>1</ThumbDown><Sentiment/></Message><Message type="ReplyMessage"><Id>1362764965836-71</Id><Topic><Title>March 31 Bing Search deal will be canceled, May 10 Jack Ma steps down, Yahoo Japan to be sold</Title><Username>ashton10shyof</Username><Timestamp>1361378522875</Timestamp><DateTime>Wed, 2013-02-20 11:42:02 EST</DateTime></Topic><Msg>Ballmer has three weeks to get his act together or Mayer is going to Google.</Msg><Username>strumbollio</Username><Timestamp>1362764965836</Timestamp><DateTime>Fri, 2013-03-08 12:49:25 EST</DateTime><ThumbUp>2</ThumbUp><ThumbDown>0</ThumbDown><Sentiment/></Message><Message type="ReplyMessage"><Id>1362765206056-72</Id><Topic><Title>Alibaba IPO to Bypass Hong Kong and Head to NASDAQ!</Title><Username>thetoadtimes</Username><Timestamp>1362753896372</Timestamp><DateTime>Fri, 2013-03-08 09:44:56 EST</DateTime></Topic><Msg>Most of these news I think are already priced in to YHOO but the announcement of the offcially date of IPO would get YHOO up to $1 to $2, my personal opinion.</Msg><Username>goingbravo</Username><Timestamp>1362765206056</Timestamp><DateTime>Fri, 2013-03-08 12:53:26 EST</DateTime><ThumbUp>0</ThumbUp><ThumbDown>1</ThumbDown><Sentiment>Strong Buy</Sentiment></Message><Message type="ReplyMessage"><Id>1362765365386-73</Id><Topic><Title>Alibaba IPO to Bypass Hong Kong and Head to NASDAQ!</Title><Username>thetoadtimes</Username><Timestamp>1362753896372</Timestamp><DateTime>Fri, 2013-03-08 09:44:56 EST</DateTime></Topic><Msg>True, but take note that YHOO is also buying back their shares so shareholders values is growing in dollar term.</Msg><Username>goingbravo</Username><Timestamp>1362765365386</Timestamp><DateTime>Fri, 2013-03-08 12:56:05 EST</DateTime><ThumbUp>1</ThumbUp><ThumbDown>1</ThumbDown><Sentiment>Strong Buy</Sentiment></Message><Message type="ReplyMessage"><Id>1362765588695-74</Id><Topic><Title>Where was Yahoo for the last hour?</Title><Username>stockscouter9000</Username><Timestamp>1362764275983</Timestamp><DateTime>Fri, 2013-03-08 12:37:55 EST</DateTime></Topic><Msg>Yes, work from home protest?</Msg><Username>banner_ten</Username><Timestamp>1362765588695</Timestamp><DateTime>Fri, 2013-03-08 12:59:48 EST</DateTime><ThumbUp>0</ThumbUp><ThumbDown>2</ThumbDown><Sentiment/></Message><Message type="TopicMessage"><Id>1362765729506-75</Id><Title>Share buybacks is double positive to YHOO shareholders</Title><Msg>Although YHOO Asian assets percentage stakes remain the same, shareholders dollar values go up due to shares buyback. Likewise, the buyback is also helping YHOO core due to less outstanding shares, thus it also increases the value of shareholders.</Msg><Username>goingbravo</Username><Timestamp>1362765729506</Timestamp><DateTime>Fri, 2013-03-08 13:02:09 EST</DateTime><ThumbUp>0</ThumbUp><ThumbDown>0</ThumbDown><Sentiment>Strong Buy</Sentiment></Message><Message type="TopicMessage"><Id>1362765845846-76</Id><Title>Yahoo message boards are ending 3/31</Title><Msg>Get use to streamers</Msg><Username>dsc20601</Username><Timestamp>1362765845846</Timestamp><DateTime>Fri, 2013-03-08 13:04:05 EST</DateTime><ThumbUp>0</ThumbUp><ThumbDown>1</ThumbDown><Sentiment>Hold</Sentiment></Message><Message type="ReplyMessage"><Id>1362765864079-77</Id><Topic><Title>Where was Yahoo for the last hour?</Title><Username>stockscouter9000</Username><Timestamp>1362764275983</Timestamp><DateTime>Fri, 2013-03-08 12:37:55 EST</DateTime></Topic><Msg>IF that was the case it was pretty substantial as it was more than a few minutes down time. As for the "technical housekeeping" suggestion, I doubt Yahoo would deliberately take most (all?) of their servers off the grid in the middle of the business day.</Msg><Username>stockscouter9000</Username><Timestamp>1362765864079</Timestamp><DateTime>Fri, 2013-03-08 13:04:24 EST</DateTime><ThumbUp>0</ThumbUp><ThumbDown>1</ThumbDown><Sentiment/></Message><Message type="ReplyMessage"><Id>1362765873393-78</Id><Topic><Title>Alibaba follows the money for IPO destination</Title><Username>thetoadtimes</Username><Timestamp>1362753013370</Timestamp><DateTime>Fri, 2013-03-08 09:30:13 EST</DateTime></Topic><Msg>The NAZ will put Alibaba's IPO at $110B!</Msg><Username>turmaniloil</Username><Timestamp>1362765873393</Timestamp><DateTime>Fri, 2013-03-08 13:04:33 EST</DateTime><ThumbUp>2</ThumbUp><ThumbDown>2</ThumbDown><Sentiment/></Message><Message type="ReplyMessage"><Id>1362766251353-79</Id><Topic><Title>Alibaba may choose New York over Hong Kong for its hotly anticipated IPO</Title><Username>tetheredbird</Username><Timestamp>1362700573959</Timestamp><DateTime>Thu, 2013-03-07 18:56:13 EST</DateTime></Topic><Msg>Alibaba will have to address these rumors before Ma steps down.</Msg><Username>turmaniloil</Username><Timestamp>1362766251353</Timestamp><DateTime>Fri, 2013-03-08 13:10:51 EST</DateTime><ThumbUp>0</ThumbUp><ThumbDown>1</ThumbDown><Sentiment/></Message><Message type="ReplyMessage"><Id>1362766311267-80</Id><Topic><Title>Yahoo Best Way To Participate In The Alibaba IPO</Title><Username>thetoadtimes</Username><Timestamp>1359993302021</Timestamp><DateTime>Mon, 2013-02-04 10:55:02 EST</DateTime></Topic><Msg>Yahoo is the only way to get in on Alibaba's IPO now.</Msg><Username>turmaniloil</Username><Timestamp>1362766311267</Timestamp><DateTime>Fri, 2013-03-08 13:11:51 EST</DateTime><ThumbUp>1</ThumbUp><ThumbDown>1</ThumbDown><Sentiment/></Message><Message type="ReplyMessage"><Id>1362766422136-81</Id><Topic><Title>Yahoo message boards are ending 3/31</Title><Username>dsc20601</Username><Timestamp>1362765845846</Timestamp><DateTime>Fri, 2013-03-08 13:04:05 EST</DateTime></Topic><Msg>Not the Finance or Sports Boards.</Msg><Username>hope_for_change78</Username><Timestamp>1362766422136</Timestamp><DateTime>Fri, 2013-03-08 13:13:42 EST</DateTime><ThumbUp>0</ThumbUp><ThumbDown>0</ThumbDown><Sentiment/></Message><Message type="ReplyMessage"><Id>1362766637982-82</Id><Topic><Title>Alibaba IPO to Bypass Hong Kong and Head to NASDAQ!</Title><Username>thetoadtimes</Username><Timestamp>1362753896372</Timestamp><DateTime>Fri, 2013-03-08 09:44:56 EST</DateTime></Topic><Msg>$100 billion or more.</Msg><Username>turmaniloil</Username><Timestamp>1362766637982</Timestamp><DateTime>Fri, 2013-03-08 13:17:17 EST</DateTime><ThumbUp>0</ThumbUp><ThumbDown>2</ThumbDown><Sentiment/></Message><Message type="ReplyMessage"><Id>1362766658211-83</Id><Topic><Title>Where was Yahoo for the last hour?</Title><Username>stockscouter9000</Username><Timestamp>1362764275983</Timestamp><DateTime>Fri, 2013-03-08 12:37:55 EST</DateTime></Topic><Msg>what do you expect from this #$%$ company with subpar products?</Msg><Username>foongamoonga</Username><Timestamp>1362766658211</Timestamp><DateTime>Fri, 2013-03-08 13:17:38 EST</DateTime><ThumbUp>0</ThumbUp><ThumbDown>3</ThumbDown><Sentiment/></Message><Message type="ReplyMessage"><Id>1362766660524-84</Id><Topic><Title>Alibaba may choose New York over Hong Kong for its hotly anticipated IPO</Title><Username>tetheredbird</Username><Timestamp>1362700573959</Timestamp><DateTime>Thu, 2013-03-07 18:56:13 EST</DateTime></Topic><Msg>I hope Jack Ma and Alibaba learned about FB IPO experience. Alibaba should avoid over hype and oversubscribe IPO.</Msg><Username>goingbravo</Username><Timestamp>1362766660524</Timestamp><DateTime>Fri, 2013-03-08 13:17:40 EST</DateTime><ThumbUp>0</ThumbUp><ThumbDown>1</ThumbDown><Sentiment>Strong Buy</Sentiment></Message><Message type="ReplyMessage"><Id>1362766689915-85</Id><Topic><Title>Yahoo's Stock Takes Aim At $30</Title><Username>thetoadtimes</Username><Timestamp>1362690769452</Timestamp><DateTime>Thu, 2013-03-07 16:12:49 EST</DateTime></Topic><Msg>Yahoo at $30 sounds low.</Msg><Username>turmaniloil</Username><Timestamp>1362766689915</Timestamp><DateTime>Fri, 2013-03-08 13:18:09 EST</DateTime><ThumbUp>1</ThumbUp><ThumbDown>2</ThumbDown><Sentiment/></Message><Message type="ReplyMessage"><Id>1362766734128-86</Id><Topic><Title>March 31 Bing Search deal will be canceled, May 10 Jack Ma steps down, Yahoo Japan to be sold</Title><Username>ashton10shyof</Username><Timestamp>1361378522875</Timestamp><DateTime>Wed, 2013-02-20 11:42:02 EST</DateTime></Topic><Msg>In three weeks Yahoo will be in the news with a new search partnership.</Msg><Username>turmaniloil</Username><Timestamp>1362766734128</Timestamp><DateTime>Fri, 2013-03-08 13:18:54 EST</DateTime><ThumbUp>1</ThumbUp><ThumbDown>1</ThumbDown><Sentiment/></Message><Message type="ReplyMessage"><Id>1362767505316-87</Id><Topic><Title>Bad News coming for YHOO</Title><Username>xquestor</Username><Timestamp>1362764311153</Timestamp><DateTime>Fri, 2013-03-08 12:38:31 EST</DateTime></Topic><Msg>You are right; but the price was lower and now there is hesitation in the price. YHOO is also overbought and the options seem to indicate a pull back to $21 within a week. Is YHOO buying back stock at this price? I doubt it. I would not be surprised if this slipped back to $18 level in a month. XQ</Msg><Username>xquestor</Username><Timestamp>1362767505316</Timestamp><DateTime>Fri, 2013-03-08 13:31:45 EST</DateTime><ThumbUp>0</ThumbUp><ThumbDown>1</ThumbDown><Sentiment/></Message><Message type="TopicMessage"><Id>1362768146968-88</Id><Title>GOLDMAN IS LOCKED AND LOADED ..TIME FOR UPGRADE</Title><Msg>YOU KNOW THATS HOW IT WORKS</Msg><Username>carbiztoronto</Username><Timestamp>1362768146968</Timestamp><DateTime>Fri, 2013-03-08 13:42:26 EST</DateTime><ThumbUp>0</ThumbUp><ThumbDown>0</ThumbDown><Sentiment/></Message><Message type="ReplyMessage"><Id>1362768179790-89</Id><Topic><Title>Coldone's advice to buy Yahoo from $11 to $21 was spot on!</Title><Username>shelcorecrust</Username><Timestamp>1362511915833</Timestamp><DateTime>Tue, 2013-03-05 14:31:55 EST</DateTime></Topic><Msg>hotmodel is using her halgordon alias to try to bash coldone. What a clown.</Msg><Username>tetheredbird</Username><Timestamp>1362768179790</Timestamp><DateTime>Fri, 2013-03-08 13:42:59 EST</DateTime><ThumbUp>4</ThumbUp><ThumbDown>4</ThumbDown><Sentiment/></Message><Message type="ReplyMessage"><Id>1362768219565-90</Id><Topic><Title>Hotmodel - Do you still think Yahoo was dead money at $15.80?</Title><Username>co1done</Username><Timestamp>1362587655224</Timestamp><DateTime>Wed, 2013-03-06 11:34:15 EST</DateTime></Topic><Msg>Mayve hotmodel can use her halgordon alias to answer, unless she's afraid.</Msg><Username>tetheredbird</Username><Timestamp>1362768219565</Timestamp><DateTime>Fri, 2013-03-08 13:43:39 EST</DateTime><ThumbUp>2</ThumbUp><ThumbDown>5</ThumbDown><Sentiment/></Message><Message type="ReplyMessage"><Id>1362768254915-91</Id><Topic><Title>Yahoo bashers/shorts have been silenced by the coldone!</Title><Username>theecoldone</Username><Timestamp>1355158731000</Timestamp><DateTime>Mon, 2012-12-10 11:58:51 EST</DateTime></Topic><Msg>coldone destroyed the Yahoo bashers like hotmodel and framertilmin.</Msg><Username>tetheredbird</Username><Timestamp>1362768254915</Timestamp><DateTime>Fri, 2013-03-08 13:44:14 EST</DateTime><ThumbUp>2</ThumbUp><ThumbDown>5</ThumbDown><Sentiment/></Message><Message type="ReplyMessage"><Id>1362768273909-92</Id><Topic><Title>Alibaba may choose New York over Hong Kong for its hotly anticipated IPO</Title><Username>tetheredbird</Username><Timestamp>1362700573959</Timestamp><DateTime>Thu, 2013-03-07 18:56:13 EST</DateTime></Topic><Msg>Bring on the IPO!</Msg><Username>tetheredbird</Username><Timestamp>1362768273909</Timestamp><DateTime>Fri, 2013-03-08 13:44:33 EST</DateTime><ThumbUp>1</ThumbUp><ThumbDown>3</ThumbDown><Sentiment/></Message><Message type="ReplyMessage"><Id>1362768292697-93</Id><Topic><Title>Alibaba IPO to Bypass Hong Kong and Head to NASDAQ!</Title><Username>thetoadtimes</Username><Timestamp>1362753896372</Timestamp><DateTime>Fri, 2013-03-08 09:44:56 EST</DateTime></Topic><Msg>This is very good news!</Msg><Username>tetheredbird</Username><Timestamp>1362768292697</Timestamp><DateTime>Fri, 2013-03-08 13:44:52 EST</DateTime><ThumbUp>1</ThumbUp><ThumbDown>2</ThumbDown><Sentiment/></Message><Message type="ReplyMessage"><Id>1362768314299-94</Id><Topic><Title>Yahoo Best Way To Participate In The Alibaba IPO</Title><Username>thetoadtimes</Username><Timestamp>1359993302021</Timestamp><DateTime>Mon, 2013-02-04 10:55:02 EST</DateTime></Topic><Msg>Are you buying?</Msg><Username>tetheredbird</Username><Timestamp>1362768314299</Timestamp><DateTime>Fri, 2013-03-08 13:45:14 EST</DateTime><ThumbUp>1</ThumbUp><ThumbDown>2</ThumbDown><Sentiment/></Message><Message type="ReplyMessage"><Id>1362768335903-95</Id><Topic><Title>Alibaba IPO to Bypass Hong Kong and Head to NASDAQ!</Title><Username>thetoadtimes</Username><Timestamp>1362753896372</Timestamp><DateTime>Fri, 2013-03-08 09:44:56 EST</DateTime></Topic><Msg>Up we go!!!!!!!!!!!</Msg><Username>neo1278alpha</Username><Timestamp>1362768335903</Timestamp><DateTime>Fri, 2013-03-08 13:45:35 EST</DateTime><ThumbUp>1</ThumbUp><ThumbDown>2</ThumbDown><Sentiment/></Message><Message type="ReplyMessage"><Id>1362768364565-96</Id><Topic><Title>Alibaba follows the money for IPO destination</Title><Username>thetoadtimes</Username><Timestamp>1362753013370</Timestamp><DateTime>Fri, 2013-03-08 09:30:13 EST</DateTime></Topic><Msg>Alibaba has the ball rolling.</Msg><Username>neo1278alpha</Username><Timestamp>1362768364565</Timestamp><DateTime>Fri, 2013-03-08 13:46:04 EST</DateTime><ThumbUp>2</ThumbUp><ThumbDown>2</ThumbDown><Sentiment/></Message><Message type="ReplyMessage"><Id>1362768393466-97</Id><Topic><Title>Yahoo's Stock Takes Aim At $30</Title><Username>thetoadtimes</Username><Timestamp>1362690769452</Timestamp><DateTime>Thu, 2013-03-07 16:12:49 EST</DateTime></Topic><Msg>$30 and beyond!</Msg><Username>tetheredbird</Username><Timestamp>1362768393466</Timestamp><DateTime>Fri, 2013-03-08 13:46:33 EST</DateTime><ThumbUp>1</ThumbUp><ThumbDown>4</ThumbDown><Sentiment/></Message><Message type="ReplyMessage"><Id>1362768419873-98</Id><Topic><Title>March 31 Bing Search deal will be canceled, May 10 Jack Ma steps down, Yahoo Japan to be sold</Title><Username>ashton10shyof</Username><Timestamp>1361378522875</Timestamp><DateTime>Wed, 2013-02-20 11:42:02 EST</DateTime></Topic><Msg>Ballmer is choking.</Msg><Username>tetheredbird</Username><Timestamp>1362768419873</Timestamp><DateTime>Fri, 2013-03-08 13:46:59 EST</DateTime><ThumbUp>2</ThumbUp><ThumbDown>3</ThumbDown><Sentiment/></Message><Message type="ReplyMessage"><Id>1362768464317-99</Id><Topic><Title>Buy Yahoo under $23 while you can...</Title><Username>co1done</Username><Timestamp>1362751386020</Timestamp><DateTime>Fri, 2013-03-08 09:03:06 EST</DateTime></Topic><Msg>I bought today.</Msg><Username>turmaniloil</Username><Timestamp>1362768464317</Timestamp><DateTime>Fri, 2013-03-08 13:47:44 EST</DateTime><ThumbUp>2</ThumbUp><ThumbDown>0</ThumbDown><Sentiment/></Message><Message type="ReplyMessage"><Id>1362768496151-100</Id><Topic><Title>Another miserable day for Yahoo shorts</Title><Username>co1done</Username><Timestamp>1362751246657</Timestamp><DateTime>Fri, 2013-03-08 09:00:46 EST</DateTime></Topic><Msg>hotmodel has been silenced by the coldone.</Msg><Username>tetheredbird</Username><Timestamp>1362768496151</Timestamp><DateTime>Fri, 2013-03-08 13:48:16 EST</DateTime><ThumbUp>2</ThumbUp><ThumbDown>4</ThumbDown><Sentiment/></Message><Message type="ReplyMessage"><Id>1362768534858-101</Id><Topic><Title>Alibaba IPO to Bypass Hong Kong and Head to NASDAQ!</Title><Username>thetoadtimes</Username><Timestamp>1362753896372</Timestamp><DateTime>Fri, 2013-03-08 09:44:56 EST</DateTime></Topic><Msg>Yahoo will level off at $30.</Msg><Username>tetheredbird</Username><Timestamp>1362768534858</Timestamp><DateTime>Fri, 2013-03-08 13:48:54 EST</DateTime><ThumbUp>1</ThumbUp><ThumbDown>4</ThumbDown><Sentiment/></Message><Message type="ReplyMessage"><Id>1362768646077-102</Id><Topic><Title>YHOO on SQUAWK BOX!</Title><Username>bryant_miller</Username><Timestamp>1362509735341</Timestamp><DateTime>Tue, 2013-03-05 13:55:35 EST</DateTime></Topic><Msg>Very helpful report .</Msg><Username>freddie.cappone</Username><Timestamp>1362768646077</Timestamp><DateTime>Fri, 2013-03-08 13:50:46 EST</DateTime><ThumbUp>0</ThumbUp><ThumbDown>0</ThumbDown><Sentiment/></Message><Message type="ReplyMessage"><Id>1362768657526-103</Id><Topic><Title>Bad News coming for YHOO</Title><Username>xquestor</Username><Timestamp>1362764311153</Timestamp><DateTime>Fri, 2013-03-08 12:38:31 EST</DateTime></Topic><Msg>Vail is a city in Colorado. Perhaps you mean veil? More useless predictions from a usless poster.</Msg><Username>still_my_dime</Username><Timestamp>1362768657526</Timestamp><DateTime>Fri, 2013-03-08 13:50:57 EST</DateTime><ThumbUp>0</ThumbUp><ThumbDown>3</ThumbDown><Sentiment/></Message><Message type="ReplyMessage"><Id>1362768724779-104</Id><Topic><Title>Alibaba may choose New York over Hong Kong for its hotly anticipated IPO</Title><Username>tetheredbird</Username><Timestamp>1362700573959</Timestamp><DateTime>Thu, 2013-03-07 18:56:13 EST</DateTime></Topic><Msg>That's why Jack Ma has been living in the US for the past year.</Msg><Username>turmaniloil</Username><Timestamp>1362768724779</Timestamp><DateTime>Fri, 2013-03-08 13:52:04 EST</DateTime><ThumbUp>0</ThumbUp><ThumbDown>1</ThumbDown><Sentiment/></Message><Message type="ReplyMessage"><Id>1362768986988-105</Id><Topic><Title>Bad News coming for YHOO</Title><Username>xquestor</Username><Timestamp>1362764311153</Timestamp><DateTime>Fri, 2013-03-08 12:38:31 EST</DateTime></Topic><Msg>I will venture to say that you have absolutely no idea what you are talking about. You morons don't seem to realize that the value of Yahoo's hard assets alone represent 95% of its current stock price. What bad news are you expecting? Their Alibaba shares mysteriously disappeared and nobody knows where they are? Come on - get with the program people. All I have to say is wait until 4/15 when earnings come out......</Msg><Username>warnerlambert</Username><Timestamp>1362768986988</Timestamp><DateTime>Fri, 2013-03-08 13:56:26 EST</DateTime><ThumbUp>0</ThumbUp><ThumbDown>2</ThumbDown><Sentiment>Strong Buy</Sentiment></Message><Message type="ReplyMessage"><Id>1362769403128-106</Id><Topic><Title>YHOO Report and Stock Poll</Title><Username>qrandochris</Username><Timestamp>1362582666507</Timestamp><DateTime>Wed, 2013-03-06 10:11:06 EST</DateTime></Topic><Msg>I just read your article. Nothing else.</Msg><Username>phanutatclara</Username><Timestamp>1362769403128</Timestamp><DateTime>Fri, 2013-03-08 14:03:23 EST</DateTime><ThumbUp>0</ThumbUp><ThumbDown>0</ThumbDown><Sentiment>Buy</Sentiment></Message><Message type="ReplyMessage"><Id>1362770149814-107</Id><Topic><Title>Alibaba may choose New York over Hong Kong for its hotly anticipated IPO</Title><Username>tetheredbird</Username><Timestamp>1362700573959</Timestamp><DateTime>Thu, 2013-03-07 18:56:13 EST</DateTime></Topic><Msg>Full article.... The destination of Alibaba Group's much-anticipated initial public offering will likely be determined by this catchphrase: "Show me the money". Market analysts yesterday said the IPO for the mainland's largest e-commerce company would be conducted where it could get the highest value for its shares in what could be the biggest technology-related offering this year. Hangzhou-based Alibaba is apparently keen to explore its best options as its senior finance executives held closed-door discussions in Hong Kong on Wednesday with a representative of Nasdaq OMX, the operator of the Nasdaq Stock Market in New York. "It would be a matter of pride for a Chinese company like Alibaba to have its public offering on Chinese soil, but it must consider where it can get the highest price-earnings ratio," VC Brokerage director Louis Tse Ming-kwong said: In a research note published last month, Morgan Stanley analyst Jordan Monahan calculated that Alibaba was worth between US$66 billion and US$128 billion, based on its forecast net income of US$2.28 billion this year and US$3.55 billion next year. He suggested a share offer this year would value the company at US$80 billion. Tse said: "Alibaba must ask itself: which market can afford such a big IPO that could be many times oversubscribed?" He pointed out that Nasdaq's attraction for Alibaba was that it was the preferred market for many information-technology, media and telecommunications companies. Li Zhongzhi, an analyst at Ping An Securities in Shenzhen, said Alibaba's shareholders - including Japan's Softbank, internet pioneer Yahoo and private-equity investors such as China Investment Corporation - "will prefer the flexibility of the Nasdaq or Hong Kong, where they can cash out their shares easily". "But it will be difficult to make US investors recognise the full value of Alibaba," Li said. Alibaba is currently being restructured into 25 business units. Alibaba, which entrepreneur Jack Ma Yun started ou</Msg><Username>iggysweet28</Username><Timestamp>1362770149814</Timestamp><DateTime>Fri, 2013-03-08 14:15:49 EST</DateTime><ThumbUp>1</ThumbUp><ThumbDown>1</ThumbDown><Sentiment/></Message><Message type="TopicMessage"><Id>1362770630206-108</Id><Title>Media can't stop talking about the work from home . . .</Title><Msg>Yahoo! situation . . . so stupid. MM has much moral to boost at Yahoo! and a lot of work to do . . . I am sure the "in office" work she is contemplating is alot different than most of these media losers associate with in office positions. Think Google and high morale . . . and the talent will come (if she doesn't buy it first!).</Msg><Username>ajmanieri</Username><Timestamp>1362770630206</Timestamp><DateTime>Fri, 2013-03-08 14:23:50 EST</DateTime><ThumbUp>0</ThumbUp><ThumbDown>2</ThumbDown><Sentiment/></Message><Message type="ReplyMessage"><Id>1362771075761-109</Id><Topic><Title>Alibaba IPO to Bypass Hong Kong and Head to NASDAQ!</Title><Username>thetoadtimes</Username><Timestamp>1362753896372</Timestamp><DateTime>Fri, 2013-03-08 09:44:56 EST</DateTime></Topic><Msg>Show me the money.</Msg><Username>whogeorge69</Username><Timestamp>1362771075761</Timestamp><DateTime>Fri, 2013-03-08 14:31:15 EST</DateTime><ThumbUp>2</ThumbUp><ThumbDown>0</ThumbDown><Sentiment/></Message><Message type="ReplyMessage"><Id>1362771272388-110</Id><Topic><Title>yahoo forums were down for over 2 hours</Title><Username>foongamoonga</Username><Timestamp>1362766595566</Timestamp><DateTime>Fri, 2013-03-08 13:16:35 EST</DateTime></Topic><Msg>It wasn't just the forums; news, finance, and even the dedicated AD servers were unreachable during this event. Whether deliberate attack, or just a massive tech fail, their response and their slow recovery is not impressive. Yahoo has been in this business a long time and surely their security and continuity/contigency managers would have recognized the risk, planned accordingly and briefed the top decision makers. It will be interesting to see what the story is.</Msg><Username>stockscouter9000</Username><Timestamp>1362771272388</Timestamp><DateTime>Fri, 2013-03-08 14:34:32 EST</DateTime><ThumbUp>0</ThumbUp><ThumbDown>0</ThumbDown><Sentiment/></Message><Message type="ReplyMessage"><Id>1362771396866-111</Id><Topic><Title>Coldone's advice to buy Yahoo from $11 to $21 was spot on!</Title><Username>shelcorecrust</Username><Timestamp>1362511915833</Timestamp><DateTime>Tue, 2013-03-05 14:31:55 EST</DateTime></Topic><Msg>hotmodel is a pitiful message board troll.</Msg><Username>nanobot8042</Username><Timestamp>1362771396866</Timestamp><DateTime>Fri, 2013-03-08 14:36:36 EST</DateTime><ThumbUp>2</ThumbUp><ThumbDown>5</ThumbDown><Sentiment/></Message><Message type="ReplyMessage"><Id>1362771430831-112</Id><Topic><Title>Alibaba IPO to Bypass Hong Kong and Head to NASDAQ!</Title><Username>thetoadtimes</Username><Timestamp>1362753896372</Timestamp><DateTime>Fri, 2013-03-08 09:44:56 EST</DateTime></Topic><Msg>This is 100B IPO !!</Msg><Username>leestoller</Username><Timestamp>1362771430831</Timestamp><DateTime>Fri, 2013-03-08 14:37:10 EST</DateTime><ThumbUp>0</ThumbUp><ThumbDown>3</ThumbDown><Sentiment>Strong Buy</Sentiment></Message><Message type="TopicMessage"><Id>1362771527497-113</Id><Title>Alibaba IPO on NASDAG 100B !!</Title><Msg>IPO 100B !!</Msg><Username>leestoller</Username><Timestamp>1362771527497</Timestamp><DateTime>Fri, 2013-03-08 14:38:47 EST</DateTime><ThumbUp>0</ThumbUp><ThumbDown>0</ThumbDown><Sentiment>Strong Buy</Sentiment></Message><Message type="ReplyMessage"><Id>1362773021987-114</Id><Topic><Title>Alibaba follows the money for IPO destination</Title><Username>thetoadtimes</Username><Timestamp>1362753013370</Timestamp><DateTime>Fri, 2013-03-08 09:30:13 EST</DateTime></Topic><Msg>Alibaba will list with the Naz at $110 billion plus.</Msg><Username>strumbollio</Username><Timestamp>1362773021987</Timestamp><DateTime>Fri, 2013-03-08 15:03:41 EST</DateTime><ThumbUp>2</ThumbUp><ThumbDown>2</ThumbDown><Sentiment/></Message><Message type="ReplyMessage"><Id>1362773052049-115</Id><Topic><Title>Alibaba IPO to Bypass Hong Kong and Head to NASDAQ!</Title><Username>thetoadtimes</Username><Timestamp>1362753896372</Timestamp><DateTime>Fri, 2013-03-08 09:44:56 EST</DateTime></Topic><Msg>If it is $100 billion then Yahoo will move higher. That level of an IPO is NOT built into Yahoo price.</Msg><Username>lutts</Username><Timestamp>1362773052049</Timestamp><DateTime>Fri, 2013-03-08 15:04:12 EST</DateTime><ThumbUp>2</ThumbUp><ThumbDown>1</ThumbDown><Sentiment/></Message><Message type="ReplyMessage"><Id>1362773959309-116</Id><Topic><Title>Hotmodel - Do you still think Yahoo was dead money at $15.80?</Title><Username>co1done</Username><Timestamp>1362587655224</Timestamp><DateTime>Wed, 2013-03-06 11:34:15 EST</DateTime></Topic><Msg>Hotmodel is either dead or too embarrassed to answer.</Msg><Username>neo1278alpha</Username><Timestamp>1362773959309</Timestamp><DateTime>Fri, 2013-03-08 15:19:19 EST</DateTime><ThumbUp>2</ThumbUp><ThumbDown>5</ThumbDown><Sentiment/></Message><Message type="ReplyMessage"><Id>1362774432299-117</Id><Topic><Title>Coldone's advice to buy Yahoo from $11 to $21 was spot on!</Title><Username>shelcorecrust</Username><Timestamp>1362511915833</Timestamp><DateTime>Tue, 2013-03-05 14:31:55 EST</DateTime></Topic><Msg>Why are you jealous of coldone, hotmodel? Is it because he said buy from $11 to $22 while you said short Yahoo? Stop crying and embarrassing yourself and your family but keep posting to keep this topic on top.</Msg><Username>nanobot8042</Username><Timestamp>1362774432299</Timestamp><DateTime>Fri, 2013-03-08 15:27:12 EST</DateTime><ThumbUp>2</ThumbUp><ThumbDown>2</ThumbDown><Sentiment/></Message><Message type="ReplyMessage"><Id>1362774467701-118</Id><Topic><Title>Coldone's advice to buy Yahoo from $11 to $21 was spot on!</Title><Username>shelcorecrust</Username><Timestamp>1362511915833</Timestamp><DateTime>Tue, 2013-03-05 14:31:55 EST</DateTime></Topic><Msg>Coldone not only gave the best advice ever, he also got rid of hotmodel. lol!!!!!!!!!!!!</Msg><Username>nanobot8042</Username><Timestamp>1362774467701</Timestamp><DateTime>Fri, 2013-03-08 15:27:47 EST</DateTime><ThumbUp>2</ThumbUp><ThumbDown>4</ThumbDown><Sentiment/></Message><Message type="ReplyMessage"><Id>1362774643299-119</Id><Topic><Title>Google’s Arora Says He’s Open to Expanding Yahoo Ad Relationship</Title><Username>tetheredbird</Username><Timestamp>1362513871889</Timestamp><DateTime>Tue, 2013-03-05 15:04:31 EST</DateTime></Topic><Msg>Yahoo's revenue's will grow with every deal.</Msg><Username>logicteama</Username><Timestamp>1362774643299</Timestamp><DateTime>Fri, 2013-03-08 15:30:43 EST</DateTime><ThumbUp>2</ThumbUp><ThumbDown>3</ThumbDown><Sentiment/></Message><Message type="TopicMessage"><Id>1362775375385-120</Id><Title>North Korean gun control</Title><Msg>If they fire on New york the must be informed we are only allow to use seven round clips</Msg><Username>predator117a2000</Username><Timestamp>1362775375385</Timestamp><DateTime>Fri, 2013-03-08 15:42:55 EST</DateTime><ThumbUp>0</ThumbUp><ThumbDown>2</ThumbDown><Sentiment/></Message><Message type="ReplyMessage"><Id>1362775916903-121</Id><Topic><Title>Alibaba may choose New York over Hong Kong for its hotly anticipated IPO</Title><Username>tetheredbird</Username><Timestamp>1362700573959</Timestamp><DateTime>Thu, 2013-03-07 18:56:13 EST</DateTime></Topic><Msg>Jack Ma knows how and where to list Alibaba Group. It will be the Nasdaq.</Msg><Username>rilemenot</Username><Timestamp>1362775916903</Timestamp><DateTime>Fri, 2013-03-08 15:51:56 EST</DateTime><ThumbUp>3</ThumbUp><ThumbDown>2</ThumbDown><Sentiment/></Message><Message type="ReplyMessage"><Id>1362776167336-122</Id><Topic><Title>Yahoo Best Way To Participate In The Alibaba IPO</Title><Username>thetoadtimes</Username><Timestamp>1359993302021</Timestamp><DateTime>Mon, 2013-02-04 10:55:02 EST</DateTime></Topic><Msg>Yes</Msg><Username>turmaniloil</Username><Timestamp>1362776167336</Timestamp><DateTime>Fri, 2013-03-08 15:56:07 EST</DateTime><ThumbUp>0</ThumbUp><ThumbDown>0</ThumbDown><Sentiment/></Message><Message type="ReplyMessage"><Id>1362776290307-123</Id><Topic><Title>Yahoo bashers/shorts have been silenced by the coldone!</Title><Username>theecoldone</Username><Timestamp>1355158731000</Timestamp><DateTime>Mon, 2012-12-10 11:58:51 EST</DateTime></Topic><Msg>Poor snotty is swearing. So sad...</Msg><Username>co1done</Username><Timestamp>1362776290307</Timestamp><DateTime>Fri, 2013-03-08 15:58:10 EST</DateTime><ThumbUp>2</ThumbUp><ThumbDown>4</ThumbDown><Sentiment/></Message><Message type="ReplyMessage"><Id>1362776383556-124</Id><Topic><Title>Yahoo bashers/shorts have been silenced by the coldone!</Title><Username>theecoldone</Username><Timestamp>1355158731000</Timestamp><DateTime>Mon, 2012-12-10 11:58:51 EST</DateTime></Topic><Msg>another hotmodel ID. Poor rkmtt. lol!!!!!!!!!!!!!</Msg><Username>nanobot8042</Username><Timestamp>1362776383556</Timestamp><DateTime>Fri, 2013-03-08 15:59:43 EST</DateTime><ThumbUp>1</ThumbUp><ThumbDown>2</ThumbDown><Sentiment/></Message><Message type="ReplyMessage"><Id>1362776470360-125</Id><Topic><Title>Bought Yahoo at $19.90</Title><Username>selzar420</Username><Timestamp>1359474309502</Timestamp><DateTime>Tue, 2013-01-29 10:45:09 EST</DateTime></Topic><Msg>Why are you so jealous?</Msg><Username>nanobot8042</Username><Timestamp>1362776470360</Timestamp><DateTime>Fri, 2013-03-08 16:01:10 EST</DateTime><ThumbUp>1</ThumbUp><ThumbDown>4</ThumbDown><Sentiment/></Message><Message type="ReplyMessage"><Id>1362776563781-126</Id><Topic><Title>Bought Yahoo at $19.90</Title><Username>selzar420</Username><Timestamp>1359474309502</Timestamp><DateTime>Tue, 2013-01-29 10:45:09 EST</DateTime></Topic><Msg>Right again coldone!</Msg><Username>nanobot8042</Username><Timestamp>1362776563781</Timestamp><DateTime>Fri, 2013-03-08 16:02:43 EST</DateTime><ThumbUp>1</ThumbUp><ThumbDown>4</ThumbDown><Sentiment/></Message><Message type="ReplyMessage"><Id>1362776786933-127</Id><Topic><Title>Another miserable day for Yahoo shorts</Title><Username>co1done</Username><Timestamp>1362751246657</Timestamp><DateTime>Fri, 2013-03-08 09:00:46 EST</DateTime></Topic><Msg>Shorts can stare at $23 for another weekend.</Msg><Username>bflathalfdim</Username><Timestamp>1362776786933</Timestamp><DateTime>Fri, 2013-03-08 16:06:26 EST</DateTime><ThumbUp>1</ThumbUp><ThumbDown>3</ThumbDown><Sentiment/></Message><Message type="TopicMessage"><Id>1362777153518-128</Id><Title>Yahoo Closes at New Four Year High of $22.90!</Title><Msg>Yahoo will close over $23 next week. Buy Yahoo under $23 while you can...</Msg><Username>co1done</Username><Timestamp>1362777153518</Timestamp><DateTime>Fri, 2013-03-08 16:12:33 EST</DateTime><ThumbUp>3</ThumbUp><ThumbDown>4</ThumbDown><Sentiment/></Message><Message type="ReplyMessage"><Id>1362777170968-129</Id><Topic><Title>Yahoo bashers/shorts have been silenced by the coldone!</Title><Username>theecoldone</Username><Timestamp>1355158731000</Timestamp><DateTime>Mon, 2012-12-10 11:58:51 EST</DateTime></Topic><Msg>Why do you need to send me notifications. I am not interested in dealing with your nonsense. Have I not made that clear. Okay. Now it's clear.</Msg><Username>basketaetc1</Username><Timestamp>1362777170968</Timestamp><DateTime>Fri, 2013-03-08 16:12:50 EST</DateTime><ThumbUp>0</ThumbUp><ThumbDown>3</ThumbDown><Sentiment/></Message><Message type="ReplyMessage"><Id>1362777347994-130</Id><Topic><Title>Yahoo bashers/shorts have been silenced by the coldone!</Title><Username>theecoldone</Username><Timestamp>1355158731000</Timestamp><DateTime>Mon, 2012-12-10 11:58:51 EST</DateTime></Topic><Msg>hotmodel's crying continues under her aliases.</Msg><Username>nanobot8042</Username><Timestamp>1362777347994</Timestamp><DateTime>Fri, 2013-03-08 16:15:47 EST</DateTime><ThumbUp>1</ThumbUp><ThumbDown>4</ThumbDown><Sentiment/></Message><Message type="ReplyMessage"><Id>1362777577277-131</Id><Topic><Title>Yahoo bashers/shorts have been silenced by the coldone!</Title><Username>theecoldone</Username><Timestamp>1355158731000</Timestamp><DateTime>Mon, 2012-12-10 11:58:51 EST</DateTime></Topic><Msg>I won't be wasting time defending myself against your idiotic statements any more. I don't need to. I know, all of the sane people on the board know, Yahoo! knows that I am not hotmodel. I am through with this nonsense. You now have a new alias that attacks you. How juvenile is that. You made fun of my age a while ago. You my friend are no youngster...you just act like one. A man would not treat people, especially a women the way you do.</Msg><Username>basketaetc1</Username><Timestamp>1362777577277</Timestamp><DateTime>Fri, 2013-03-08 16:19:37 EST</DateTime><ThumbUp>0</ThumbUp><ThumbDown>2</ThumbDown><Sentiment/></Message><Message type="ReplyMessage"><Id>1362777586845-132</Id><Topic><Title>Alibaba follows the money for IPO destination</Title><Username>thetoadtimes</Username><Timestamp>1362753013370</Timestamp><DateTime>Fri, 2013-03-08 09:30:13 EST</DateTime></Topic><Msg>This is going to be the biggest IPO in history.</Msg><Username>thurstonthethird</Username><Timestamp>1362777586845</Timestamp><DateTime>Fri, 2013-03-08 16:19:46 EST</DateTime><ThumbUp>1</ThumbUp><ThumbDown>3</ThumbDown><Sentiment/></Message><Message type="ReplyMessage"><Id>1362777590568-133</Id><Topic><Title>Yahoo bashers/shorts have been silenced by the coldone!</Title><Username>theecoldone</Username><Timestamp>1355158731000</Timestamp><DateTime>Mon, 2012-12-10 11:58:51 EST</DateTime></Topic><Msg>..."THE WHAT? ... 'CALZONE'"?!</Msg><Username>r2_d2_l80</Username><Timestamp>1362777590568</Timestamp><DateTime>Fri, 2013-03-08 16:19:50 EST</DateTime><ThumbUp>0</ThumbUp><ThumbDown>1</ThumbDown><Sentiment>Hold</Sentiment></Message><Message type="TopicMessage"><Id>1362778846351-134</Id><Title>Element Trading is a fraud!</Title><Msg>Attention all traders, avoid doing business with this firm.......they are in theft of funds from over 50 traders......the firm is being investigated by the SEC, FINRA, as well as the NY District Attorney's office......the principals of the firm, Charlie Vaccaro and Liam Tynan are in theft of clients funds, mine included.</Msg><Username>phibro1</Username><Timestamp>1362778846351</Timestamp><DateTime>Fri, 2013-03-08 16:40:46 EST</DateTime><ThumbUp>0</ThumbUp><ThumbDown>0</ThumbDown><Sentiment/></Message><Message type="ReplyMessage"><Id>1362780118797-135</Id><Topic><Title>Alibaba follows the money for IPO destination</Title><Username>thetoadtimes</Username><Timestamp>1362753013370</Timestamp><DateTime>Fri, 2013-03-08 09:30:13 EST</DateTime></Topic><Msg>I say this IPO will be about $40B to $60B to accomodate and dessiminate shares to all important parties and allocating shares just for the retail public. Later on if the demand isclearly present then they would issue additional shares for the market. I think Alibaba will avoid oversubcribe IPO like goog IPO. I think they only need to pay their debt and use a few billions$$ to expand their businesses.</Msg><Username>goingbravo</Username><Timestamp>1362780118797</Timestamp><DateTime>Fri, 2013-03-08 17:01:58 EST</DateTime><ThumbUp>0</ThumbUp><ThumbDown>0</ThumbDown><Sentiment>Strong Buy</Sentiment></Message><Message type="ReplyMessage"><Id>1362780209717-136</Id><Topic><Title>Alibaba follows the money for IPO destination</Title><Username>thetoadtimes</Username><Timestamp>1362753013370</Timestamp><DateTime>Fri, 2013-03-08 09:30:13 EST</DateTime></Topic><Msg>I mean they would based this IPO with oog IPO instead of FB IPO.</Msg><Username>goingbravo</Username><Timestamp>1362780209717</Timestamp><DateTime>Fri, 2013-03-08 17:03:29 EST</DateTime><ThumbUp>0</ThumbUp><ThumbDown>0</ThumbDown><Sentiment>Strong Buy</Sentiment></Message><Message type="ReplyMessage"><Id>1362781027028-137</Id><Topic><Title>YHOO on SQUAWK BOX!</Title><Username>bryant_miller</Username><Timestamp>1362509735341</Timestamp><DateTime>Tue, 2013-03-05 13:55:35 EST</DateTime></Topic><Msg>thanks for sharing</Msg><Username>sarahsimpson830</Username><Timestamp>1362781027028</Timestamp><DateTime>Fri, 2013-03-08 17:17:07 EST</DateTime><ThumbUp>0</ThumbUp><ThumbDown>0</ThumbDown><Sentiment/></Message><Message type="TopicMessage"><Id>1362781136220-138</Id><Title>Yahoo Has Been Hacked</Title><Msg>According to CNBC, Yahoo has been hacked this afternoon. This is not the first time Yahoo has been hacked, but it seems that nothing has been done to prevent further attacks. I wonder what would happen if Yahoo sites were down for a couple of days... This doesn't smell good</Msg><Username>canuckmtl</Username><Timestamp>1362781136220</Timestamp><DateTime>Fri, 2013-03-08 17:18:56 EST</DateTime><ThumbUp>0</ThumbUp><ThumbDown>0</ThumbDown><Sentiment/></Message><Message type="ReplyMessage"><Id>1362781195213-139</Id><Topic><Title>Yahoo Has Been Hacked</Title><Username>canuckmtl</Username><Timestamp>1362781136220</Timestamp><DateTime>Fri, 2013-03-08 17:18:56 EST</DateTime></Topic><Msg>FYI: http://www.cnbc.com/id/100538723</Msg><Username>canuckmtl</Username><Timestamp>1362781195213</Timestamp><DateTime>Fri, 2013-03-08 17:19:55 EST</DateTime><ThumbUp>0</ThumbUp><ThumbDown>0</ThumbDown><Sentiment/></Message><Message type="ReplyMessage"><Id>1362782036017-140</Id><Topic><Title>Yahoo Has Been Hacked</Title><Username>canuckmtl</Username><Timestamp>1362781136220</Timestamp><DateTime>Fri, 2013-03-08 17:18:56 EST</DateTime></Topic><Msg>It was hotmodel trying to get coldone's address.</Msg><Username>tetheredbird</Username><Timestamp>1362782036017</Timestamp><DateTime>Fri, 2013-03-08 17:33:56 EST</DateTime><ThumbUp>3</ThumbUp><ThumbDown>3</ThumbDown><Sentiment/></Message><Message type="ReplyMessage"><Id>1362782168018-141</Id><Topic><Title>Yahoo Closes at New Four Year High of $22.90!</Title><Username>co1done</Username><Timestamp>1362777153518</Timestamp><DateTime>Fri, 2013-03-08 16:12:33 EST</DateTime></Topic><Msg>$25 by May 10.</Msg><Username>tetheredbird</Username><Timestamp>1362782168018</Timestamp><DateTime>Fri, 2013-03-08 17:36:08 EST</DateTime><ThumbUp>1</ThumbUp><ThumbDown>4</ThumbDown><Sentiment/></Message><Message type="ReplyMessage"><Id>1362782917928-142</Id><Topic><Title>Yahoo Has Been Hacked</Title><Username>canuckmtl</Username><Timestamp>1362781136220</Timestamp><DateTime>Fri, 2013-03-08 17:18:56 EST</DateTime></Topic><Msg>I posted earlier on this and my thread is still alive...another similar thread was deleted...thin skinned much?</Msg><Username>stockscouter9000</Username><Timestamp>1362782917928</Timestamp><DateTime>Fri, 2013-03-08 17:48:37 EST</DateTime><ThumbUp>0</ThumbUp><ThumbDown>1</ThumbDown><Sentiment/></Message><Message type="ReplyMessage"><Id>1362783116692-143</Id><Topic><Title>Yahoo Has Been Hacked</Title><Username>canuckmtl</Username><Timestamp>1362781136220</Timestamp><DateTime>Fri, 2013-03-08 17:18:56 EST</DateTime></Topic><Msg>I wonder if it was just today. Yesterday, I got an email from Yahoo (at least I hope it was really from Yahoo) saying that my email may have been compromised because someone in Turkey had accessed my account and that I should change my password. Did anyone else have a similar experience yesterday and was that a real Yahoo message or have I been scammed?</Msg><Username>sjones8924</Username><Timestamp>1362783116692</Timestamp><DateTime>Fri, 2013-03-08 17:51:56 EST</DateTime><ThumbUp>0</ThumbUp><ThumbDown>0</ThumbDown><Sentiment/></Message><Message type="ReplyMessage"><Id>1362783162779-144</Id><Topic><Title>Yahoo Has Been Hacked</Title><Username>canuckmtl</Username><Timestamp>1362781136220</Timestamp><DateTime>Fri, 2013-03-08 17:18:56 EST</DateTime></Topic><Msg>No one cares...</Msg><Username>co1done</Username><Timestamp>1362783162779</Timestamp><DateTime>Fri, 2013-03-08 17:52:42 EST</DateTime><ThumbUp>2</ThumbUp><ThumbDown>4</ThumbDown><Sentiment/></Message><Message type="ReplyMessage"><Id>1362783306108-145</Id><Topic><Title>Yahoo Closes at New Four Year High of $22.90!</Title><Username>co1done</Username><Timestamp>1362777153518</Timestamp><DateTime>Fri, 2013-03-08 16:12:33 EST</DateTime></Topic><Msg>Search and Alibaba's IPO should be clear by May 10. The search deal with Microsoft will change in April. $25 will be on track.</Msg><Username>co1done</Username><Timestamp>1362783306108</Timestamp><DateTime>Fri, 2013-03-08 17:55:06 EST</DateTime><ThumbUp>2</ThumbUp><ThumbDown>4</ThumbDown><Sentiment/></Message><Message type="ReplyMessage"><Id>1362783319963-146</Id><Topic><Title>Yahoo Has Been Hacked</Title><Username>canuckmtl</Username><Timestamp>1362781136220</Timestamp><DateTime>Fri, 2013-03-08 17:18:56 EST</DateTime></Topic><Msg>"...short period of time..." LOL it lasted two hours plus and felt and smelt more like a serious DDOS attack. The "back to the mothership" drama isn't the only suspect; the Bamital perps are worth considering also. We shall see.</Msg><Username>stockscouter9000</Username><Timestamp>1362783319963</Timestamp><DateTime>Fri, 2013-03-08 17:55:19 EST</DateTime><ThumbUp>0</ThumbUp><ThumbDown>0</ThumbDown><Sentiment/></Message><Message type="ReplyMessage"><Id>1362785157690-147</Id><Topic><Title>Yahoo Closes at New Four Year High of $22.90!</Title><Username>co1done</Username><Timestamp>1362777153518</Timestamp><DateTime>Fri, 2013-03-08 16:12:33 EST</DateTime></Topic><Msg>Mar 5, 2012 Yahoo closed at $22.95, the four year high is $23.09 so your; #Yahoo Closes at New Four Year High of $22.90!# is just coldone logic. How related are your parents?</Msg><Username>dr.gloom</Username><Timestamp>1362785157690</Timestamp><DateTime>Fri, 2013-03-08 18:25:57 EST</DateTime><ThumbUp>3</ThumbUp><ThumbDown>3</ThumbDown><Sentiment/></Message><Message type="ReplyMessage"><Id>1362786203934-148</Id><Topic><Title>Yahoo bashers/shorts have been silenced by the coldone!</Title><Username>theecoldone</Username><Timestamp>1355158731000</Timestamp><DateTime>Mon, 2012-12-10 11:58:51 EST</DateTime></Topic><Msg>All those old aliases gone...coldone has no admitted alias older than 18 months. years wasted...coldone claims to have only been here less than 2 years but knows the id´s of posters that haven’t been seen here for over 4 years. all her money gone shorting Yahoo...from $28+ and Yahoo is now almost $23. Poor snotmodel???????</Msg><Username>dr.gloom</Username><Timestamp>1362786203934</Timestamp><DateTime>Fri, 2013-03-08 18:43:23 EST</DateTime><ThumbUp>3</ThumbUp><ThumbDown>2</ThumbDown><Sentiment/></Message><Message type="ReplyMessage"><Id>1362787540472-149</Id><Topic><Title>YHOO on SQUAWK BOX!</Title><Username>bryant_miller</Username><Timestamp>1362509735341</Timestamp><DateTime>Tue, 2013-03-05 13:55:35 EST</DateTime></Topic><Msg>Come on, this is SPAM</Msg><Username>point-taken</Username><Timestamp>1362787540472</Timestamp><DateTime>Fri, 2013-03-08 19:05:40 EST</DateTime><ThumbUp>1</ThumbUp><ThumbDown>1</ThumbDown><Sentiment/></Message><Message type="TopicMessage"><Id>1362787766971-150</Id><Title>New income.</Title><Msg>As part of a 2005 deal, Alibaba already operates Yahoo's China page, which contains its own search bar. NoW Alibaba is licensing yhoo's algorithms for its new search.</Msg><Username>webdave_2000</Username><Timestamp>1362787766971</Timestamp><DateTime>Fri, 2013-03-08 19:09:26 EST</DateTime><ThumbUp>1</ThumbUp><ThumbDown>3</ThumbDown><Sentiment>Strong Buy</Sentiment></Message><Message type="ReplyMessage"><Id>1362787893194-151</Id><Topic><Title>New income.</Title><Username>webdave_2000</Username><Timestamp>1362787766971</Timestamp><DateTime>Fri, 2013-03-08 19:09:26 EST</DateTime></Topic><Msg>If Alibaba takes Yahoo’s search algorithm and combines it with purchasing insights from Taobao and ETao to create Aliyun as a “best of breed” engine for searching, it will be a serious threat to traditional search players like Baidu and Google, said Lawrence Wan, managing director at iProspect.</Msg><Username>webdave_2000</Username><Timestamp>1362787893194</Timestamp><DateTime>Fri, 2013-03-08 19:11:33 EST</DateTime><ThumbUp>1</ThumbUp><ThumbDown>2</ThumbDown><Sentiment>Strong Buy</Sentiment></Message><Message type="ReplyMessage"><Id>1362789707394-152</Id><Topic><Title>236,000 new jobs!</Title><Username>co1done</Username><Timestamp>1362751302118</Timestamp><DateTime>Fri, 2013-03-08 09:01:42 EST</DateTime></Topic><Msg>Are ya listening..?</Msg><Username>co1done</Username><Timestamp>1362789707394</Timestamp><DateTime>Fri, 2013-03-08 19:41:47 EST</DateTime><ThumbUp>3</ThumbUp><ThumbDown>4</ThumbDown><Sentiment/></Message><Message type="ReplyMessage"><Id>1362789811279-153</Id><Topic><Title>Yahoo bashers/shorts have been silenced by the coldone!</Title><Username>theecoldone</Username><Timestamp>1355158731000</Timestamp><DateTime>Mon, 2012-12-10 11:58:51 EST</DateTime></Topic><Msg>How's that Yahoo short at $11 working out for ya? $12, $15, $19, $21?...Ha! Take a hike, loser</Msg><Username>co1done</Username><Timestamp>1362789811279</Timestamp><DateTime>Fri, 2013-03-08 19:43:31 EST</DateTime><ThumbUp>2</ThumbUp><ThumbDown>4</ThumbDown><Sentiment/></Message><Message type="ReplyMessage"><Id>1362789903006-154</Id><Topic><Title>New income.</Title><Username>webdave_2000</Username><Timestamp>1362787766971</Timestamp><DateTime>Fri, 2013-03-08 19:09:26 EST</DateTime></Topic><Msg>Great! May see $2 or $3 dollar pop next week.</Msg><Username>rubywood06</Username><Timestamp>1362789903006</Timestamp><DateTime>Fri, 2013-03-08 19:45:03 EST</DateTime><ThumbUp>1</ThumbUp><ThumbDown>1</ThumbDown><Sentiment>Strong Buy</Sentiment></Message><Message type="ReplyMessage"><Id>1362790406391-155</Id><Topic><Title>Yahoo Has Been Hacked</Title><Username>canuckmtl</Username><Timestamp>1362781136220</Timestamp><DateTime>Fri, 2013-03-08 17:18:56 EST</DateTime></Topic><Msg>Strange response from someone who RELIES on this soapbox...too funny. Oh, and thanks for the bumpage.</Msg><Username>stockscouter9000</Username><Timestamp>1362790406391</Timestamp><DateTime>Fri, 2013-03-08 19:53:26 EST</DateTime><ThumbUp>0</ThumbUp><ThumbDown>1</ThumbDown><Sentiment/></Message><Message type="TopicMessage"><Id>1362790526182-156</Id><Title>Notifications.</Title><Msg>What the hell is wrong with the notifications system. For the past few weeks there is often a notification but when it is clicked on there is no message? Just now, once again, I had a notification that has taken me back to that damn thread that I want NOTHING to do with. Mods, fix the damn board - or - take access away from those that are able to 'game' the system. I have had enough.</Msg><Username>basketaetc1</Username><Timestamp>1362790526182</Timestamp><DateTime>Fri, 2013-03-08 19:55:26 EST</DateTime><ThumbUp>1</ThumbUp><ThumbDown>2</ThumbDown><Sentiment/></Message><Message type="ReplyMessage"><Id>1362790881667-157</Id><Topic><Title>Yahoo bashers/shorts have been silenced by the coldone!</Title><Username>theecoldone</Username><Timestamp>1355158731000</Timestamp><DateTime>Mon, 2012-12-10 11:58:51 EST</DateTime></Topic><Msg>The shorts are gone. They lost the idiot hotmodel/framertilmin and all of those aliases. You know lexi and pearly and michan and ally, gloom and grey, ydk and split...But do you recall..The most famous basher of all? Anydowners the loser stalker..had a very... Yahoo longs celebrate Christmas year around...</Msg><Username>co1done</Username><Timestamp>1362790881667</Timestamp><DateTime>Fri, 2013-03-08 20:01:21 EST</DateTime><ThumbUp>2</ThumbUp><ThumbDown>4</ThumbDown><Sentiment/></Message><Message type="ReplyMessage"><Id>1362791465204-158</Id><Topic><Title>Notifications.</Title><Username>basketaetc1</Username><Timestamp>1362790526182</Timestamp><DateTime>Fri, 2013-03-08 19:55:26 EST</DateTime></Topic><Msg>Don't hold your breath. First it was teh widespread email hacking; today it was TWO HOURS of total outage (http://www.cnbc.com/id/100538723). Yahoo doesn't seem to be able maintain a secure, stable environment that keeps their GIG from being reamed from one end to the other. It would be interesting to see their investment (capital and per capita workers) in transport layer (and below) support compared to best in class...or not.</Msg><Username>stockscouter9000</Username><Timestamp>1362791465204</Timestamp><DateTime>Fri, 2013-03-08 20:11:05 EST</DateTime><ThumbUp>1</ThumbUp><ThumbDown>0</ThumbDown><Sentiment/></Message><Message type="TopicMessage"><Id>1362795674665-159</Id><Title>looks like all down from here as it failed breaking out of double top. YIKES!</Title><Msg>Timber she goes very soon. This baby is all petered out</Msg><Username>dickey_betts44</Username><Timestamp>1362795674665</Timestamp><DateTime>Fri, 2013-03-08 21:21:14 EST</DateTime><ThumbUp>1</ThumbUp><ThumbDown>0</ThumbDown><Sentiment/></Message><Message type="ReplyMessage"><Id>1362796170800-160</Id><Topic><Title>Short this baby!!!!</Title><Username>dickey_betts44</Username><Timestamp>1362451551155</Timestamp><DateTime>Mon, 2013-03-04 21:45:51 EST</DateTime></Topic><Msg>I short every spike up and cover $1 cheaper and go long. Like taking candy from a baby. Instead of just making money trading one way I go both. I make so much more that way. I added more to short position today at the open. This will correct to $21.75 before moving higher. Count on it.</Msg><Username>dickey_betts44</Username><Timestamp>1362796170800</Timestamp><DateTime>Fri, 2013-03-08 21:29:30 EST</DateTime><ThumbUp>2</ThumbUp><ThumbDown>1</ThumbDown><Sentiment/></Message><Message type="ReplyMessage"><Id>1362799273302-161</Id><Topic><Title>New income.</Title><Username>webdave_2000</Username><Timestamp>1362787766971</Timestamp><DateTime>Fri, 2013-03-08 19:09:26 EST</DateTime></Topic><Msg>There is no doubt MM is fully aware of this future revenue generator that YHOO can fully exploit especially this in the biggest internet users in the world going forward. This is definitely huge to YHOO revenue going forward.</Msg><Username>goingbravo</Username><Timestamp>1362799273302</Timestamp><DateTime>Fri, 2013-03-08 22:21:13 EST</DateTime><ThumbUp>1</ThumbUp><ThumbDown>3</ThumbDown><Sentiment>Strong Buy</Sentiment></Message><Message type="ReplyMessage"><Id>1362800609005-162</Id><Topic><Title>New income.</Title><Username>webdave_2000</Username><Timestamp>1362787766971</Timestamp><DateTime>Fri, 2013-03-08 19:09:26 EST</DateTime></Topic><Msg>This is one thing YHOO Longs should keep an eye and do a follow up. Common sense, Alibaba Etao should use YHOO search engine to be different from Baidu and goog their competitors in China.</Msg><Username>goingbravo</Username><Timestamp>1362800609005</Timestamp><DateTime>Fri, 2013-03-08 22:43:29 EST</DateTime><ThumbUp>0</ThumbUp><ThumbDown>1</ThumbDown><Sentiment>Strong Buy</Sentiment></Message><Message type="ReplyMessage"><Id>1362801940821-163</Id><Topic><Title>New income.</Title><Username>webdave_2000</Username><Timestamp>1362787766971</Timestamp><DateTime>Fri, 2013-03-08 19:09:26 EST</DateTime></Topic><Msg>And as part of the 2012 deal Alibaba paid a one time $550 million fee for a perpetual license for existing Technology and Intellectual Property. No future royalty payments coming. -#..upon the consummation of the Initial Repurchase, Alibaba will pay to the Company (Yahoo) $550 million in satisfaction of certain future royalty payments under the existing Technology and Intellectual Property License Agreement by and between the Company and Alibaba ..#-</Msg><Username>dr.gloom</Username><Timestamp>1362801940821</Timestamp><DateTime>Fri, 2013-03-08 23:05:40 EST</DateTime><ThumbUp>3</ThumbUp><ThumbDown>2</ThumbDown><Sentiment/></Message><Message type="ReplyMessage"><Id>1362802426372-164</Id><Topic><Title>Short this baby!!!!</Title><Username>dickey_betts44</Username><Timestamp>1362451551155</Timestamp><DateTime>Mon, 2013-03-04 21:45:51 EST</DateTime></Topic><Msg>Buy, sell, short and cover, rinse and repeat. Make money on every movement and don´t bother trying to guess where Yahoo will be next week or month or year. Make more in a week than those holding make in a year.</Msg><Username>dr.gloom</Username><Timestamp>1362802426372</Timestamp><DateTime>Fri, 2013-03-08 23:13:46 EST</DateTime><ThumbUp>1</ThumbUp><ThumbDown>3</ThumbDown><Sentiment/></Message></Date>