<?xml version="1.0" encoding="UTF-8" standalone="no"?><Date date="2013-02-11"><Message type="ReplyMessage"><Id>1360560096975-1</Id><Topic><Title>Alibaba to meet with advisors about IPO plans, FT reports</Title><Username>thetoadtimes</Username><Timestamp>1360338375309</Timestamp><DateTime>Fri, 2013-02-08 10:46:15 EST</DateTime></Topic><Msg>Do you have a link for this report. Is this a rumor or news came out for it.</Msg><Username>vubravo</Username><Timestamp>1360560096975</Timestamp><DateTime>Mon, 2013-02-11 00:21:36 EST</DateTime><ThumbUp>0</ThumbUp><ThumbDown>1</ThumbDown><Sentiment>Strong Buy</Sentiment></Message><Message type="TopicMessage"><Id>1360562992887-2</Id><Title>Yahoo, please do something, your users are now accusing me "sodomy"</Title><Msg>How far will you let this go? When is enough...enough??? How much abuse is enough?</Msg><Username>inteldontplayfair</Username><Timestamp>1360562992887</Timestamp><DateTime>Mon, 2013-02-11 01:09:52 EST</DateTime><ThumbUp>0</ThumbUp><ThumbDown>6</ThumbDown><Sentiment>Buy</Sentiment></Message><Message type="ReplyMessage"><Id>1360583779859-3</Id><Topic><Title>Yahoo Closes at New Four Year High of $20.50!</Title><Username>co1done</Username><Timestamp>1360424581306</Timestamp><DateTime>Sat, 2013-02-09 10:43:01 EST</DateTime></Topic><Msg>It does not say four year closing high. Can't you read?</Msg><Username>dr.gloom</Username><Timestamp>1360583779859</Timestamp><DateTime>Mon, 2013-02-11 06:56:19 EST</DateTime><ThumbUp>1</ThumbUp><ThumbDown>3</ThumbDown><Sentiment/></Message><Message type="ReplyMessage"><Id>1360584009930-4</Id><Topic><Title>Reversal Time</Title><Username>dylan_bailey1550</Username><Timestamp>1328284613000</Timestamp><DateTime>Fri, 2012-02-03 10:56:53 EST</DateTime></Topic><Msg>Just joined too.</Msg><Username>jackdonald643</Username><Timestamp>1360584009930</Timestamp><DateTime>Mon, 2013-02-11 07:00:09 EST</DateTime><ThumbUp>0</ThumbUp><ThumbDown>1</ThumbDown><Sentiment/></Message><Message type="TopicMessage"><Id>1360587017449-5</Id><Title>Yahoo says obama to push economic vision</Title><Msg>What a joke! We are giving up our dividend to pay for the liberals on the Yahoo "news" staff. We have been asking Obama for his economic plan since 2008 before even being elected and he won't tell us. He has put us to $16 trillion in debt and hasn't once demanded that Senate pass a budget. Obama's wild spending has brought us over the fiscal cliff and devaluing our currency and savings. Because of this people are investing overseas not in the USA. The country's credit rating was downgraded for the first time in history under this president. There is a record number of people on food stamps. His labor department's response to unemployment is to falsely report that people are not participants in the job market so they can make the unemployment rates look lower. And Yahoo is eagerly awaiting Obama's economic push? Yahoo is giving us a bunch of spin to try prop up this complete failure in the White House</Msg><Username>fishnman1973</Username><Timestamp>1360587017449</Timestamp><DateTime>Mon, 2013-02-11 07:50:17 EST</DateTime><ThumbUp>0</ThumbUp><ThumbDown>1</ThumbDown><Sentiment/></Message><Message type="TopicMessage"><Id>1360587101278-6</Id><Title>$21 +</Title><Msg>I see $21 + today, then we get news. After that, who knows!</Msg><Username>rtbigger</Username><Timestamp>1360587101278</Timestamp><DateTime>Mon, 2013-02-11 07:51:41 EST</DateTime><ThumbUp>0</ThumbUp><ThumbDown>0</ThumbDown><Sentiment/></Message><Message type="ReplyMessage"><Id>1360588095286-7</Id><Topic><Title>Yahoo Closes at New Four Year High of $20.50!</Title><Username>co1done</Username><Timestamp>1360424581306</Timestamp><DateTime>Sat, 2013-02-09 10:43:01 EST</DateTime></Topic><Msg>The topic of this thread is, Yahoo "Closes" at New Four Year High of $20.50! dr.gloom's reading comprehension is that of a first grader.</Msg><Username>tetheredbird</Username><Timestamp>1360588095286</Timestamp><DateTime>Mon, 2013-02-11 08:08:15 EST</DateTime><ThumbUp>2</ThumbUp><ThumbDown>2</ThumbDown><Sentiment/></Message><Message type="ReplyMessage"><Id>1360588142983-8</Id><Topic><Title>Alibaba to meet with advisors about IPO plans, FT reports</Title><Username>thetoadtimes</Username><Timestamp>1360338375309</Timestamp><DateTime>Fri, 2013-02-08 10:46:15 EST</DateTime></Topic><Msg>Yahoo longs win again!</Msg><Username>tetheredbird</Username><Timestamp>1360588142983</Timestamp><DateTime>Mon, 2013-02-11 08:09:02 EST</DateTime><ThumbUp>4</ThumbUp><ThumbDown>0</ThumbDown><Sentiment/></Message><Message type="ReplyMessage"><Id>1360588177286-9</Id><Topic><Title>Yahoo Best Way To Participate In The Alibaba IPO</Title><Username>thetoadtimes</Username><Timestamp>1359993302021</Timestamp><DateTime>Mon, 2013-02-04 10:55:02 EST</DateTime></Topic><Msg>You can count on that!</Msg><Username>tetheredbird</Username><Timestamp>1360588177286</Timestamp><DateTime>Mon, 2013-02-11 08:09:37 EST</DateTime><ThumbUp>2</ThumbUp><ThumbDown>0</ThumbDown><Sentiment/></Message><Message type="ReplyMessage"><Id>1360588531303-10</Id><Topic><Title>Yahoo Closes at New Four Year High of $20.50!</Title><Username>co1done</Username><Timestamp>1360424581306</Timestamp><DateTime>Sat, 2013-02-09 10:43:01 EST</DateTime></Topic><Msg>The topic of this thread is, Yahoo "Closes" at New Four Year High of $20.50! Not, Yahoo Closes at New Four Year "Closing" High of $20.50! A Four Year "Closing" High is not the same as a Four Year High. And you need to be monumentally #$%$ not to see the difference.</Msg><Username>dr.gloom</Username><Timestamp>1360588531303</Timestamp><DateTime>Mon, 2013-02-11 08:15:31 EST</DateTime><ThumbUp>1</ThumbUp><ThumbDown>3</ThumbDown><Sentiment/></Message><Message type="ReplyMessage"><Id>1360588778847-11</Id><Topic><Title>New YHOO Analyst Report (MUST SEE)</Title><Username>riveraandres435</Username><Timestamp>1360257526455</Timestamp><DateTime>Thu, 2013-02-07 12:18:46 EST</DateTime></Topic><Msg>Nice one</Msg><Username>bryantford</Username><Timestamp>1360588778847</Timestamp><DateTime>Mon, 2013-02-11 08:19:38 EST</DateTime><ThumbUp>0</ThumbUp><ThumbDown>1</ThumbDown><Sentiment/></Message><Message type="ReplyMessage"><Id>1360589951586-12</Id><Topic><Title>Yahoo Closes at New Four Year High of $20.50!</Title><Username>co1done</Username><Timestamp>1360424581306</Timestamp><DateTime>Sat, 2013-02-09 10:43:01 EST</DateTime></Topic><Msg>closes at a four year high means "closes" at a four year high. Go back to school. Better yet, short some more Yahoo and give me the rest of your money.</Msg><Username>tetheredbird</Username><Timestamp>1360589951586</Timestamp><DateTime>Mon, 2013-02-11 08:39:11 EST</DateTime><ThumbUp>2</ThumbUp><ThumbDown>1</ThumbDown><Sentiment/></Message><Message type="ReplyMessage"><Id>1360590110720-13</Id><Topic><Title>Yahoo Closes at New Four Year High of $20.50!</Title><Username>co1done</Username><Timestamp>1360424581306</Timestamp><DateTime>Sat, 2013-02-09 10:43:01 EST</DateTime></Topic><Msg>gloom doesn't understand English. When coldone told her to buy from $11 to $19 she thought it meant to sell. gloom lost everything so has turned into a board troll. gloom is hotmodel.</Msg><Username>nanobot8042</Username><Timestamp>1360590110720</Timestamp><DateTime>Mon, 2013-02-11 08:41:50 EST</DateTime><ThumbUp>2</ThumbUp><ThumbDown>1</ThumbDown><Sentiment/></Message><Message type="ReplyMessage"><Id>1360590150263-14</Id><Topic><Title>Alibaba to meet with advisors about IPO plans, FT reports</Title><Username>thetoadtimes</Username><Timestamp>1360338375309</Timestamp><DateTime>Fri, 2013-02-08 10:46:15 EST</DateTime></Topic><Msg>Alibaba can't hide this IPO any longer.</Msg><Username>nanobot8042</Username><Timestamp>1360590150263</Timestamp><DateTime>Mon, 2013-02-11 08:42:30 EST</DateTime><ThumbUp>3</ThumbUp><ThumbDown>0</ThumbDown><Sentiment/></Message><Message type="ReplyMessage"><Id>1360590207745-15</Id><Topic><Title>Coldone, cluck cluck, bought more Yahoo, cluck cluck, at $18.35...</Title><Username>dr.gloom</Username><Timestamp>1354643310338</Timestamp><DateTime>Tue, 2012-12-04 12:48:30 EST</DateTime></Topic><Msg>gloom is a hotmodel alias that hasn't recovered from the beating coldone gave her.</Msg><Username>nanobot8042</Username><Timestamp>1360590207745</Timestamp><DateTime>Mon, 2013-02-11 08:43:27 EST</DateTime><ThumbUp>2</ThumbUp><ThumbDown>0</ThumbDown><Sentiment/></Message><Message type="ReplyMessage"><Id>1360590491366-16</Id><Topic><Title>Do You Think YHOO is a BUY?</Title><Username>pulquesestela</Username><Timestamp>1359993290984</Timestamp><DateTime>Mon, 2013-02-04 10:54:50 EST</DateTime></Topic><Msg>Glad you shared this to us.</Msg><Username>robinowalexandria</Username><Timestamp>1360590491366</Timestamp><DateTime>Mon, 2013-02-11 08:48:11 EST</DateTime><ThumbUp>1</ThumbUp><ThumbDown>0</ThumbDown><Sentiment>Buy</Sentiment></Message><Message type="ReplyMessage"><Id>1360590513465-17</Id><Topic><Title>New YHOO Analyst Report (MUST SEE)</Title><Username>riveraandres435</Username><Timestamp>1360257526455</Timestamp><DateTime>Thu, 2013-02-07 12:18:46 EST</DateTime></Topic><Msg>Cyber Criminal post. Exclusive to Yahoo! No other employees of any company would allow this post.</Msg><Username>still_my_dime</Username><Timestamp>1360590513465</Timestamp><DateTime>Mon, 2013-02-11 08:48:33 EST</DateTime><ThumbUp>0</ThumbUp><ThumbDown>1</ThumbDown><Sentiment/></Message><Message type="ReplyMessage"><Id>1360590588126-18</Id><Topic><Title>Hotmodel - Do you still think Yahoo was dead money at $15.80?</Title><Username>theecoldone</Username><Timestamp>1354722516724</Timestamp><DateTime>Wed, 2012-12-05 10:48:36 EST</DateTime></Topic><Msg>You can tell hotmodel and dr.gloom are the same person because they are both crying all the time. They shorted when coldone told them to buy from $11 to $19. lol!!!!!!!!!!!!</Msg><Username>nanobot8042</Username><Timestamp>1360590588126</Timestamp><DateTime>Mon, 2013-02-11 08:49:48 EST</DateTime><ThumbUp>3</ThumbUp><ThumbDown>1</ThumbDown><Sentiment/></Message><Message type="ReplyMessage"><Id>1360590857359-19</Id><Topic><Title>Hotmodel - Do you still think Yahoo was dead money at $15.80?</Title><Username>theecoldone</Username><Timestamp>1354722516724</Timestamp><DateTime>Wed, 2012-12-05 10:48:36 EST</DateTime></Topic><Msg>this stock is a screaming buy... great balance sheet, alot of new things going forward... wink wink...MAYER</Msg><Username>hers1996</Username><Timestamp>1360590857359</Timestamp><DateTime>Mon, 2013-02-11 08:54:17 EST</DateTime><ThumbUp>2</ThumbUp><ThumbDown>2</ThumbDown><Sentiment>Strong Buy</Sentiment></Message><Message type="ReplyMessage"><Id>1360590871080-20</Id><Topic><Title>Yahoo Closes at New Four Year High of $20.50!</Title><Username>co1done</Username><Timestamp>1360424581306</Timestamp><DateTime>Sat, 2013-02-09 10:43:01 EST</DateTime></Topic><Msg>It's fun to watch the Yahoo bashers that screamed sell Yahoo for the last two years get burnt and cry about it. dr,gloom is the biggest baby I've seen on this site since hotmodel.</Msg><Username>smedleypuddles</Username><Timestamp>1360590871080</Timestamp><DateTime>Mon, 2013-02-11 08:54:31 EST</DateTime><ThumbUp>2</ThumbUp><ThumbDown>1</ThumbDown><Sentiment/></Message><Message type="ReplyMessage"><Id>1360590900611-21</Id><Topic><Title>Yahoo Closes at New Four Year High of $20.50!</Title><Username>co1done</Username><Timestamp>1360424581306</Timestamp><DateTime>Sat, 2013-02-09 10:43:01 EST</DateTime></Topic><Msg>You keep telling yourself that. lol!!!!!!!!!!!</Msg><Username>nanobot8042</Username><Timestamp>1360590900611</Timestamp><DateTime>Mon, 2013-02-11 08:55:00 EST</DateTime><ThumbUp>2</ThumbUp><ThumbDown>1</ThumbDown><Sentiment/></Message><Message type="ReplyMessage"><Id>1360591014382-22</Id><Topic><Title>Yahoo Closes at New Four Year High of $20.50!</Title><Username>co1done</Username><Timestamp>1360424581306</Timestamp><DateTime>Sat, 2013-02-09 10:43:01 EST</DateTime></Topic><Msg>Looks like Yahoo will go higher today. Do you think we'll close at another new high?</Msg><Username>selzar420</Username><Timestamp>1360591014382</Timestamp><DateTime>Mon, 2013-02-11 08:56:54 EST</DateTime><ThumbUp>2</ThumbUp><ThumbDown>0</ThumbDown><Sentiment/></Message><Message type="ReplyMessage"><Id>1360591064133-23</Id><Topic><Title>Coldone, cluck cluck, bought more Yahoo, cluck cluck, at $18.35...</Title><Username>dr.gloom</Username><Timestamp>1354643310338</Timestamp><DateTime>Tue, 2012-12-04 12:48:30 EST</DateTime></Topic><Msg>clucker, lol!!!</Msg><Username>nanobot8042</Username><Timestamp>1360591064133</Timestamp><DateTime>Mon, 2013-02-11 08:57:44 EST</DateTime><ThumbUp>2</ThumbUp><ThumbDown>3</ThumbDown><Sentiment/></Message><Message type="ReplyMessage"><Id>1360591851948-24</Id><Topic><Title>Alibaba to meet with advisors about IPO plans, FT reports</Title><Username>thetoadtimes</Username><Timestamp>1360338375309</Timestamp><DateTime>Fri, 2013-02-08 10:46:15 EST</DateTime></Topic><Msg>In less than a week the advisors get hired.</Msg><Username>thurstonthethird</Username><Timestamp>1360591851948</Timestamp><DateTime>Mon, 2013-02-11 09:10:51 EST</DateTime><ThumbUp>3</ThumbUp><ThumbDown>0</ThumbDown><Sentiment/></Message><Message type="ReplyMessage"><Id>1360591930692-25</Id><Topic><Title>Buy or sell Yahoo at $20?</Title><Username>co1done</Username><Timestamp>1359850866042</Timestamp><DateTime>Sat, 2013-02-02 19:21:06 EST</DateTime></Topic><Msg>Great advice as always coldone!</Msg><Username>thurstonthethird</Username><Timestamp>1360591930692</Timestamp><DateTime>Mon, 2013-02-11 09:12:10 EST</DateTime><ThumbUp>1</ThumbUp><ThumbDown>0</ThumbDown><Sentiment/></Message><Message type="ReplyMessage"><Id>1360592715789-26</Id><Topic><Title>Yahoo Best Way To Participate In The Alibaba IPO</Title><Username>thetoadtimes</Username><Timestamp>1359993302021</Timestamp><DateTime>Mon, 2013-02-04 10:55:02 EST</DateTime></Topic><Msg>Alibaba's IPO will be all over the news next week.</Msg><Username>selzar420</Username><Timestamp>1360592715789</Timestamp><DateTime>Mon, 2013-02-11 09:25:15 EST</DateTime><ThumbUp>3</ThumbUp><ThumbDown>0</ThumbDown><Sentiment/></Message><Message type="ReplyMessage"><Id>1360594081392-27</Id><Topic><Title>YHOO should end up being the company to pay attention to this year.</Title><Username>arnold.glen</Username><Timestamp>1360584554611</Timestamp><DateTime>Mon, 2013-02-11 07:09:14 EST</DateTime></Topic><Msg>wow great stuff cant wait</Msg><Username>katherineearl73</Username><Timestamp>1360594081392</Timestamp><DateTime>Mon, 2013-02-11 09:48:01 EST</DateTime><ThumbUp>3</ThumbUp><ThumbDown>0</ThumbDown><Sentiment/></Message><Message type="TopicMessage"><Id>1360594287886-28</Id><Title>Yahoo is so strong, I'm out. No shorting</Title><Msg>yahooshorting yahoo is superb. Go!</Msg><Username>bleuosieau</Username><Timestamp>1360594287886</Timestamp><DateTime>Mon, 2013-02-11 09:51:27 EST</DateTime><ThumbUp>0</ThumbUp><ThumbDown>4</ThumbDown><Sentiment/></Message><Message type="ReplyMessage"><Id>1360594532555-29</Id><Topic><Title>Yahoo is so strong, I'm out. No shorting</Title><Username>bleuosieau</Username><Timestamp>1360594287886</Timestamp><DateTime>Mon, 2013-02-11 09:51:27 EST</DateTime></Topic><Msg>Alibaba Group will officially announce hiring advisors for their IPO next week. yahoo Japan will be sold this year and Marissa Mayer is growing search and revenues. Your timing to get out stinks.</Msg><Username>tetheredbird</Username><Timestamp>1360594532555</Timestamp><DateTime>Mon, 2013-02-11 09:55:32 EST</DateTime><ThumbUp>1</ThumbUp><ThumbDown>0</ThumbDown><Sentiment/></Message><Message type="TopicMessage"><Id>1360595249019-30</Id><Title>Yahoo shorts feel more pain today</Title><Msg>Our Yahoo short, hotmodel and her aliases framertilmin, lexi, michan, ydk, pearlprue, grey and dr.gloom are feeling the pain as Yahoo climbs higher after setting a new record close on Friday of $20.50. Say goodbye to them as the embarrassment of their bad investments has driven them to become Yahoo message board trolls. The coldone tried to help but you were too stupid to listen...</Msg><Username>co1done</Username><Timestamp>1360595249019</Timestamp><DateTime>Mon, 2013-02-11 10:07:29 EST</DateTime><ThumbUp>4</ThumbUp><ThumbDown>2</ThumbDown><Sentiment/></Message><Message type="ReplyMessage"><Id>1360595283253-31</Id><Topic><Title>Coldone's Advice to Buy Yahoo From $11 to $19 Was Perfect</Title><Username>bflathalfdim</Username><Timestamp>1357139956520</Timestamp><DateTime>Wed, 2013-01-02 10:19:16 EST</DateTime></Topic><Msg>The coldone is here to help...</Msg><Username>co1done</Username><Timestamp>1360595283253</Timestamp><DateTime>Mon, 2013-02-11 10:08:03 EST</DateTime><ThumbUp>3</ThumbUp><ThumbDown>3</ThumbDown><Sentiment/></Message><Message type="ReplyMessage"><Id>1360595424817-32</Id><Topic><Title>Yahoo is so strong, I'm out. No shorting</Title><Username>bleuosieau</Username><Timestamp>1360594287886</Timestamp><DateTime>Mon, 2013-02-11 09:51:27 EST</DateTime></Topic><Msg>He's a short. He should get out. Read his post again. While you"re at it look at the Feb. $ 21.00 call options. Something is going on this week!</Msg><Username>rtbigger</Username><Timestamp>1360595424817</Timestamp><DateTime>Mon, 2013-02-11 10:10:24 EST</DateTime><ThumbUp>1</ThumbUp><ThumbDown>1</ThumbDown><Sentiment/></Message><Message type="ReplyMessage"><Id>1360595461295-33</Id><Topic><Title>Alibaba to meet with advisors about IPO plans, FT reports</Title><Username>thetoadtimes</Username><Timestamp>1360338375309</Timestamp><DateTime>Fri, 2013-02-08 10:46:15 EST</DateTime></Topic><Msg>Smart investors are buying Yahoo today while all major averages are down. Yahoo is up 1%. Where did all the bashers go? Ha!</Msg><Username>co1done</Username><Timestamp>1360595461295</Timestamp><DateTime>Mon, 2013-02-11 10:11:01 EST</DateTime><ThumbUp>3</ThumbUp><ThumbDown>0</ThumbDown><Sentiment/></Message><Message type="ReplyMessage"><Id>1360596006466-34</Id><Topic><Title>Yahoo shorts feel more pain today</Title><Username>co1done</Username><Timestamp>1360595249019</Timestamp><DateTime>Mon, 2013-02-11 10:07:29 EST</DateTime></Topic><Msg>It's good to see hotmodel lose everything.</Msg><Username>nanobot8042</Username><Timestamp>1360596006466</Timestamp><DateTime>Mon, 2013-02-11 10:20:06 EST</DateTime><ThumbUp>4</ThumbUp><ThumbDown>3</ThumbDown><Sentiment/></Message><Message type="ReplyMessage"><Id>1360596521116-35</Id><Topic><Title>YHOO should end up being the company to pay attention to this year.</Title><Username>arnold.glen</Username><Timestamp>1360584554611</Timestamp><DateTime>Mon, 2013-02-11 07:09:14 EST</DateTime></Topic><Msg>looking good</Msg><Username>royfranklin43</Username><Timestamp>1360596521116</Timestamp><DateTime>Mon, 2013-02-11 10:28:41 EST</DateTime><ThumbUp>2</ThumbUp><ThumbDown>0</ThumbDown><Sentiment/></Message><Message type="ReplyMessage"><Id>1360596912318-36</Id><Topic><Title>Yahoo shorts feel more pain today</Title><Username>co1done</Username><Timestamp>1360595249019</Timestamp><DateTime>Mon, 2013-02-11 10:07:29 EST</DateTime></Topic><Msg>LMAO what a dunce! I bet you wasted your whole pathetic existence this weekend here talking to yourself with your other ID's like Tetherbird, Selzar and Nanotard all the while worshipping me huh? Why don't you PROVE I'm those people instead of lying about it? Then when you can't prove that lie you then show where I'm short? Outside of the lunch money ride down on Thursday with my "sell" you won't find another one period. I won't make another post all day and I bet you mention me over/under 20 times. Probably just a shade under to not be too much of an obsessed nutjob when you're. Only another $8 and you can finally be even...I can tell as the more giddy schoolgirl you become the more narcissitic d'bag you're.</Msg><Username>hotmodeltestid122</Username><Timestamp>1360596912318</Timestamp><DateTime>Mon, 2013-02-11 10:35:12 EST</DateTime><ThumbUp>3</ThumbUp><ThumbDown>5</ThumbDown><Sentiment/></Message><Message type="TopicMessage"><Id>1360596982574-37</Id><Title>Louder Whispers of Apple coming in for $35 buyout of Yahoo.</Title><Msg>They are louder now on Broad Street in NYC.</Msg><Username>alvin555</Username><Timestamp>1360596982574</Timestamp><DateTime>Mon, 2013-02-11 10:36:22 EST</DateTime><ThumbUp>4</ThumbUp><ThumbDown>3</ThumbDown><Sentiment>Strong Buy</Sentiment></Message><Message type="TopicMessage"><Id>1360597066109-38</Id><Title>Yahoo up on no news hints at future deals</Title><Msg>Yahoo! Japan, Alibaba IPO, Yahoo buyback, Marissa Mayer doing more partnerships with Google, Facebook, Microsoft and Apple. Yahoo revs growing, Yahoo search growing. Buy Yahoo before the news is made official and you miss it.</Msg><Username>neo1278alpha</Username><Timestamp>1360597066109</Timestamp><DateTime>Mon, 2013-02-11 10:37:46 EST</DateTime><ThumbUp>8</ThumbUp><ThumbDown>2</ThumbDown><Sentiment/></Message><Message type="ReplyMessage"><Id>1360597153393-39</Id><Topic><Title>Yahoo shorts feel more pain today</Title><Username>co1done</Username><Timestamp>1360595249019</Timestamp><DateTime>Mon, 2013-02-11 10:07:29 EST</DateTime></Topic><Msg>hotmodel is crying. We to try not to laugh to much...</Msg><Username>co1done</Username><Timestamp>1360597153393</Timestamp><DateTime>Mon, 2013-02-11 10:39:13 EST</DateTime><ThumbUp>3</ThumbUp><ThumbDown>3</ThumbDown><Sentiment/></Message><Message type="ReplyMessage"><Id>1360597583962-40</Id><Topic><Title>Yahoo shorts feel more pain today</Title><Username>co1done</Username><Timestamp>1360595249019</Timestamp><DateTime>Mon, 2013-02-11 10:07:29 EST</DateTime></Topic><Msg>hotmodel is a joke.</Msg><Username>remmy12554</Username><Timestamp>1360597583962</Timestamp><DateTime>Mon, 2013-02-11 10:46:23 EST</DateTime><ThumbUp>1</ThumbUp><ThumbDown>2</ThumbDown><Sentiment/></Message><Message type="TopicMessage"><Id>1360597748137-41</Id><Title>yahoo moving up</Title><Msg>I believe yahoo has to step up its buy back for fear of takeover.</Msg><Username>evhjr2</Username><Timestamp>1360597748137</Timestamp><DateTime>Mon, 2013-02-11 10:49:08 EST</DateTime><ThumbUp>0</ThumbUp><ThumbDown>0</ThumbDown><Sentiment>Strong Buy</Sentiment></Message><Message type="TopicMessage"><Id>1360597813413-42</Id><Title>YHOO P/E 3 is this a good buy now?</Title><Msg>The P/E is still low....</Msg><Username>iknightu</Username><Timestamp>1360597813413</Timestamp><DateTime>Mon, 2013-02-11 10:50:13 EST</DateTime><ThumbUp>0</ThumbUp><ThumbDown>0</ThumbDown><Sentiment/></Message><Message type="TopicMessage"><Id>1360597875872-43</Id><Title>Hitches</Title><Msg>There sure is a lot of hitches in yahoo's git along. I see no improvement in the mechanics of the operation.</Msg><Username>bosshebee</Username><Timestamp>1360597875872</Timestamp><DateTime>Mon, 2013-02-11 10:51:15 EST</DateTime><ThumbUp>0</ThumbUp><ThumbDown>0</ThumbDown><Sentiment/></Message><Message type="TopicMessage"><Id>1360597919979-44</Id><Title>Feb. $21 call options</Title><Msg>The Feb. $21 options are telling a story. 5000 contracts traded so far. Something is around a close corner! GLTA</Msg><Username>rtbigger</Username><Timestamp>1360597919979</Timestamp><DateTime>Mon, 2013-02-11 10:51:59 EST</DateTime><ThumbUp>0</ThumbUp><ThumbDown>1</ThumbDown><Sentiment/></Message><Message type="TopicMessage"><Id>1360598221438-45</Id><Title>Will go up much higher. Why?</Title><Msg>Pass that $20.88 is a breakout. RSI still very low, oversold...so a lot more room above..</Msg><Username>cybercash28</Username><Timestamp>1360598221438</Timestamp><DateTime>Mon, 2013-02-11 10:57:01 EST</DateTime><ThumbUp>2</ThumbUp><ThumbDown>1</ThumbDown><Sentiment/></Message><Message type="ReplyMessage"><Id>1360598631892-46</Id><Topic><Title>Yahoo shorts feel more pain today</Title><Username>co1done</Username><Timestamp>1360595249019</Timestamp><DateTime>Mon, 2013-02-11 10:07:29 EST</DateTime></Topic><Msg>Yahoo is up 1.8%. hotmodel is finished.</Msg><Username>ashton10shyof</Username><Timestamp>1360598631892</Timestamp><DateTime>Mon, 2013-02-11 11:03:51 EST</DateTime><ThumbUp>3</ThumbUp><ThumbDown>2</ThumbDown><Sentiment/></Message><Message type="TopicMessage"><Id>1360598659386-47</Id><Title>Looking at nice steady climb to mid 20's</Title><Msg>Yahoo is a great buy and if the rumor mongrols keep on circling this stock tauting $ 30 to $ 40 a share buyout--I am happy I am buying each day--</Msg><Username>b.coogan</Username><Timestamp>1360598659386</Timestamp><DateTime>Mon, 2013-02-11 11:04:19 EST</DateTime><ThumbUp>2</ThumbUp><ThumbDown>0</ThumbDown><Sentiment>Strong Buy</Sentiment></Message><Message type="ReplyMessage"><Id>1360598732368-48</Id><Topic><Title>Hotmodel - Do you still think Yahoo was dead money at $15.80?</Title><Username>theecoldone</Username><Timestamp>1354722516724</Timestamp><DateTime>Wed, 2012-12-05 10:48:36 EST</DateTime></Topic><Msg>hotmodel has no idea what trading stock in the real world is like. She's only here because of her secret admiration of coldone. Why else would she stalk him?</Msg><Username>remmy12554</Username><Timestamp>1360598732368</Timestamp><DateTime>Mon, 2013-02-11 11:05:32 EST</DateTime><ThumbUp>3</ThumbUp><ThumbDown>3</ThumbDown><Sentiment/></Message><Message type="ReplyMessage"><Id>1360598895009-49</Id><Topic><Title>Yahoo up on no news hints at future deals</Title><Username>neo1278alpha</Username><Timestamp>1360597066109</Timestamp><DateTime>Mon, 2013-02-11 10:37:46 EST</DateTime></Topic><Msg>Good point. Something big is brewing at Yahoo.</Msg><Username>tetheredbird</Username><Timestamp>1360598895009</Timestamp><DateTime>Mon, 2013-02-11 11:08:15 EST</DateTime><ThumbUp>3</ThumbUp><ThumbDown>0</ThumbDown><Sentiment/></Message><Message type="ReplyMessage"><Id>1360598985627-50</Id><Topic><Title>Yahoo up on no news hints at future deals</Title><Username>neo1278alpha</Username><Timestamp>1360597066109</Timestamp><DateTime>Mon, 2013-02-11 10:37:46 EST</DateTime></Topic><Msg>Look at the call options. Feb. and March $21 and $21.50</Msg><Username>rtbigger</Username><Timestamp>1360598985627</Timestamp><DateTime>Mon, 2013-02-11 11:09:45 EST</DateTime><ThumbUp>2</ThumbUp><ThumbDown>0</ThumbDown><Sentiment/></Message><Message type="ReplyMessage"><Id>1360599131072-51</Id><Topic><Title>Feb. $21 call options</Title><Username>rtbigger</Username><Timestamp>1360597919979</Timestamp><DateTime>Mon, 2013-02-11 10:51:59 EST</DateTime></Topic><Msg>Yep, we should cross over $21 today. March to $30 and beyond continues.</Msg><Username>pauljryan2003</Username><Timestamp>1360599131072</Timestamp><DateTime>Mon, 2013-02-11 11:12:11 EST</DateTime><ThumbUp>2</ThumbUp><ThumbDown>0</ThumbDown><Sentiment/></Message><Message type="TopicMessage"><Id>1360599306185-52</Id><Title>Yahoo at $20.95, New 4 year high!</Title><Msg>Why is hotmodel/dr.gloom still here? hotmodel/dr.gloom said Yahoo was dead money at $15.80 back in October. This is why nobody listens to hotmodel/dr.gloom. This is why the coldone rules...</Msg><Username>co1done</Username><Timestamp>1360599306185</Timestamp><DateTime>Mon, 2013-02-11 11:15:06 EST</DateTime><ThumbUp>2</ThumbUp><ThumbDown>0</ThumbDown><Sentiment/></Message><Message type="ReplyMessage"><Id>1360599373484-53</Id><Topic><Title>Yahoo at $20.95, New 4 year high!</Title><Username>co1done</Username><Timestamp>1360599306185</Timestamp><DateTime>Mon, 2013-02-11 11:15:06 EST</DateTime></Topic><Msg>$20.965 now!</Msg><Username>co1done</Username><Timestamp>1360599373484</Timestamp><DateTime>Mon, 2013-02-11 11:16:13 EST</DateTime><ThumbUp>4</ThumbUp><ThumbDown>0</ThumbDown><Sentiment/></Message><Message type="ReplyMessage"><Id>1360599490341-54</Id><Topic><Title>Louder Whispers of Apple coming in for $35 buyout of Yahoo.</Title><Username>alvin555</Username><Timestamp>1360596982574</Timestamp><DateTime>Mon, 2013-02-11 10:36:22 EST</DateTime></Topic><Msg>Apple buying Yahoo at $35. What a great idea! You should immediately call AAPL's VP of acquisitions and tell him. Of course, it is just possible that AAPL, with too much cash, has looked at YAHOO (and hundreds of other potiential acquisitions) and decided that YAHOO it brings absolutely nothing to AAPL - no producs, no business that is #1, no solid management andm it has absolutely no interest in acquiring YAHOO at any price. But you are too intererested in making a dumb, usless post to think about that.</Msg><Username>still_my_dime</Username><Timestamp>1360599490341</Timestamp><DateTime>Mon, 2013-02-11 11:18:10 EST</DateTime><ThumbUp>7</ThumbUp><ThumbDown>1</ThumbDown><Sentiment/></Message><Message type="TopicMessage"><Id>1360599538880-55</Id><Title>3 Million</Title><Msg>3 Million share traded in the last 8 Mins. Over 6000 Feb. $21 contracts traded. OMG</Msg><Username>rtbigger</Username><Timestamp>1360599538880</Timestamp><DateTime>Mon, 2013-02-11 11:18:58 EST</DateTime><ThumbUp>2</ThumbUp><ThumbDown>0</ThumbDown><Sentiment/></Message><Message type="ReplyMessage"><Id>1360599609447-56</Id><Topic><Title>Yahoo at $20.95, New 4 year high!</Title><Username>co1done</Username><Timestamp>1360599306185</Timestamp><DateTime>Mon, 2013-02-11 11:15:06 EST</DateTime></Topic><Msg>2 more cents and we've got $21!</Msg><Username>tetheredbird</Username><Timestamp>1360599609447</Timestamp><DateTime>Mon, 2013-02-11 11:20:09 EST</DateTime><ThumbUp>1</ThumbUp><ThumbDown>0</ThumbDown><Sentiment/></Message><Message type="TopicMessage"><Id>1360599661697-57</Id><Title>Yahoo at $20.98 as shorts cover</Title><Msg>Yahoo shorts are burnt.</Msg><Username>tetheredbird</Username><Timestamp>1360599661697</Timestamp><DateTime>Mon, 2013-02-11 11:21:01 EST</DateTime><ThumbUp>4</ThumbUp><ThumbDown>1</ThumbDown><Sentiment/></Message><Message type="ReplyMessage"><Id>1360599685687-58</Id><Topic><Title>Yahoo at $20.95, New 4 year high!</Title><Username>co1done</Username><Timestamp>1360599306185</Timestamp><DateTime>Mon, 2013-02-11 11:15:06 EST</DateTime></Topic><Msg>$20.98 now and with markets down! Wow!</Msg><Username>jfgomezs</Username><Timestamp>1360599685687</Timestamp><DateTime>Mon, 2013-02-11 11:21:25 EST</DateTime><ThumbUp>2</ThumbUp><ThumbDown>0</ThumbDown><Sentiment>Strong Buy</Sentiment></Message><Message type="ReplyMessage"><Id>1360599697324-59</Id><Topic><Title>Hotmodel - Do you still think Yahoo was dead money at $15.80?</Title><Username>theecoldone</Username><Timestamp>1354722516724</Timestamp><DateTime>Wed, 2012-12-05 10:48:36 EST</DateTime></Topic><Msg>so coldone instead of belittling someone else, why not tell your followers and lemmings that you sold out prematurely?</Msg><Username>ajblo</Username><Timestamp>1360599697324</Timestamp><DateTime>Mon, 2013-02-11 11:21:37 EST</DateTime><ThumbUp>2</ThumbUp><ThumbDown>4</ThumbDown><Sentiment/></Message><Message type="ReplyMessage"><Id>1360599699114-60</Id><Topic><Title>Do you buy or sell Yahoo at $19.49?</Title><Username>thurstonthethird</Username><Timestamp>1357747381118</Timestamp><DateTime>Wed, 2013-01-09 11:03:01 EST</DateTime></Topic><Msg>You lose hotmodel...</Msg><Username>theco1done</Username><Timestamp>1360599699114</Timestamp><DateTime>Mon, 2013-02-11 11:21:39 EST</DateTime><ThumbUp>2</ThumbUp><ThumbDown>0</ThumbDown><Sentiment/></Message><Message type="ReplyMessage"><Id>1360599737384-61</Id><Topic><Title>Hotmodel - Do you still think Yahoo was dead money at $15.80?</Title><Username>theecoldone</Username><Timestamp>1354722516724</Timestamp><DateTime>Wed, 2012-12-05 10:48:36 EST</DateTime></Topic><Msg>hotmodel has a new alias. cry for us...Ha!</Msg><Username>theco1done</Username><Timestamp>1360599737384</Timestamp><DateTime>Mon, 2013-02-11 11:22:17 EST</DateTime><ThumbUp>3</ThumbUp><ThumbDown>2</ThumbDown><Sentiment/></Message><Message type="ReplyMessage"><Id>1360599816997-62</Id><Topic><Title>You should have listened to coldone</Title><Username>tetheredbird</Username><Timestamp>1352653312441</Timestamp><DateTime>Sun, 2012-11-11 12:01:52 EST</DateTime></Topic><Msg>Thank you coldone! You are the best!!!</Msg><Username>ashton10shyof</Username><Timestamp>1360599816997</Timestamp><DateTime>Mon, 2013-02-11 11:23:36 EST</DateTime><ThumbUp>3</ThumbUp><ThumbDown>0</ThumbDown><Sentiment/></Message><Message type="ReplyMessage"><Id>1360599852413-63</Id><Topic><Title>Coldone's Advice to Buy Yahoo From $11 to $19 Was Perfect</Title><Username>bflathalfdim</Username><Timestamp>1357139956520</Timestamp><DateTime>Wed, 2013-01-02 10:19:16 EST</DateTime></Topic><Msg>When I grow up I want to be coldone.</Msg><Username>ashton10shyof</Username><Timestamp>1360599852413</Timestamp><DateTime>Mon, 2013-02-11 11:24:12 EST</DateTime><ThumbUp>3</ThumbUp><ThumbDown>3</ThumbDown><Sentiment/></Message><Message type="TopicMessage"><Id>1360599869697-64</Id><Title>Yahoo actual P/E is 18 instead of 6.35</Title><Msg>EPS excluding Alibaba sale is $1.17 instead of $3.28. So the actual P/E is 18 instead of 6.35 Last year, Yahoo spent 2.2 billions to buyback 12600M shares, but it only reduced the total outstanding shares from 1.18B to 1.17B due to too tons of options issued to management and employees. So 50% of the cash from selling half of the Alibaba shares was spent on buyback already but it did not reduce the outstanding shares at all. Now Yahoo has decided to stop buyback since it needs to spend a lot of more money on trying to turnaround. It's not working anyway. Yahoo revenue will be flat this year but the profit is very likely to drop siginificatally due to MSFT search deal and trunaround spending.</Msg><Username>yinvestor</Username><Timestamp>1360599869697</Timestamp><DateTime>Mon, 2013-02-11 11:24:29 EST</DateTime><ThumbUp>2</ThumbUp><ThumbDown>8</ThumbDown><Sentiment/></Message><Message type="ReplyMessage"><Id>1360599916976-65</Id><Topic><Title>Yahoo actual P/E is 18 instead of 6.35</Title><Username>yinvestor</Username><Timestamp>1360599869697</Timestamp><DateTime>Mon, 2013-02-11 11:24:29 EST</DateTime></Topic><Msg>Your IQ is 18.</Msg><Username>tornupdown</Username><Timestamp>1360599916976</Timestamp><DateTime>Mon, 2013-02-11 11:25:16 EST</DateTime><ThumbUp>2</ThumbUp><ThumbDown>5</ThumbDown><Sentiment/></Message><Message type="ReplyMessage"><Id>1360599979780-66</Id><Topic><Title>Yahoo at $20.98 as shorts cover</Title><Username>tetheredbird</Username><Timestamp>1360599661697</Timestamp><DateTime>Mon, 2013-02-11 11:21:01 EST</DateTime></Topic><Msg>Yahoo will easily break $21 this week. maybe $22.</Msg><Username>tr420</Username><Timestamp>1360599979780</Timestamp><DateTime>Mon, 2013-02-11 11:26:19 EST</DateTime><ThumbUp>3</ThumbUp><ThumbDown>0</ThumbDown><Sentiment/></Message><Message type="ReplyMessage"><Id>1360600074342-67</Id><Topic><Title>Louder Whispers of Apple coming in for $35 buyout of Yahoo.</Title><Username>alvin555</Username><Timestamp>1360596982574</Timestamp><DateTime>Mon, 2013-02-11 10:36:22 EST</DateTime></Topic><Msg>I think same agreements between them ,news start leaking out. Watch for Yahoo $23-$24 ant time</Msg><Username>potencjal</Username><Timestamp>1360600074342</Timestamp><DateTime>Mon, 2013-02-11 11:27:54 EST</DateTime><ThumbUp>3</ThumbUp><ThumbDown>2</ThumbDown><Sentiment/></Message><Message type="ReplyMessage"><Id>1360600363182-68</Id><Topic><Title>Yahoo actual P/E is 18 instead of 6.35</Title><Username>yinvestor</Username><Timestamp>1360599869697</Timestamp><DateTime>Mon, 2013-02-11 11:24:29 EST</DateTime></Topic><Msg>I think your comments are spot on.</Msg><Username>randywms55</Username><Timestamp>1360600363182</Timestamp><DateTime>Mon, 2013-02-11 11:32:43 EST</DateTime><ThumbUp>3</ThumbUp><ThumbDown>3</ThumbDown><Sentiment/></Message><Message type="TopicMessage"><Id>1360600453860-69</Id><Title>Buy Yahoo under $21 while you can</Title><Msg>The coldone says buy Yahoo leading into the Alibaba Group IPO...</Msg><Username>co1done</Username><Timestamp>1360600453860</Timestamp><DateTime>Mon, 2013-02-11 11:34:13 EST</DateTime><ThumbUp>5</ThumbUp><ThumbDown>0</ThumbDown><Sentiment/></Message><Message type="ReplyMessage"><Id>1360600549897-70</Id><Topic><Title>I say Yahoo will reach $24 by the Feb 25th AG IPO news.</Title><Username>theecoldnone</Username><Timestamp>1360260241350</Timestamp><DateTime>Thu, 2013-02-07 13:04:01 EST</DateTime></Topic><Msg>people proposing AAPL $35 offer....take a hike! Yahoo no longer for $35. Yahoo will have $more than $20 billion in cash by end of 2013. Yahoo will be sold over $44 if sold in a month or two. After that it will only sell in $50's.</Msg><Username>theecoldnone</Username><Timestamp>1360600549897</Timestamp><DateTime>Mon, 2013-02-11 11:35:49 EST</DateTime><ThumbUp>2</ThumbUp><ThumbDown>2</ThumbDown><Sentiment>Strong Buy</Sentiment></Message><Message type="ReplyMessage"><Id>1360600876914-71</Id><Topic><Title>I say Yahoo will reach $24 by the Feb 25th AG IPO news.</Title><Username>theecoldnone</Username><Timestamp>1360260241350</Timestamp><DateTime>Thu, 2013-02-07 13:04:01 EST</DateTime></Topic><Msg>hotmodel is trying to impersonate theco1done...so obsessed, so sad...</Msg><Username>theco1done</Username><Timestamp>1360600876914</Timestamp><DateTime>Mon, 2013-02-11 11:41:16 EST</DateTime><ThumbUp>4</ThumbUp><ThumbDown>0</ThumbDown><Sentiment/></Message><Message type="ReplyMessage"><Id>1360600956512-72</Id><Topic><Title>Hotmodel - Do you still think Yahoo was dead money at $15.80?</Title><Username>theecoldone</Username><Timestamp>1354722516724</Timestamp><DateTime>Wed, 2012-12-05 10:48:36 EST</DateTime></Topic><Msg>Ha! hotmodel is but a mere child in mind..</Msg><Username>theco1done</Username><Timestamp>1360600956512</Timestamp><DateTime>Mon, 2013-02-11 11:42:36 EST</DateTime><ThumbUp>4</ThumbUp><ThumbDown>2</ThumbDown><Sentiment/></Message><Message type="ReplyMessage"><Id>1360601056131-73</Id><Topic><Title>Coldone's Advice to Buy Yahoo From $11 to $19 Was Perfect</Title><Username>bflathalfdim</Username><Timestamp>1357139956520</Timestamp><DateTime>Wed, 2013-01-02 10:19:16 EST</DateTime></Topic><Msg>Don't we all?</Msg><Username>shelcorecrust</Username><Timestamp>1360601056131</Timestamp><DateTime>Mon, 2013-02-11 11:44:16 EST</DateTime><ThumbUp>0</ThumbUp><ThumbDown>3</ThumbDown><Sentiment/></Message><Message type="ReplyMessage"><Id>1360601298716-74</Id><Topic><Title>Louder Whispers of Apple coming in for $35 buyout of Yahoo.</Title><Username>alvin555</Username><Timestamp>1360596982574</Timestamp><DateTime>Mon, 2013-02-11 10:36:22 EST</DateTime></Topic><Msg>Apple needs Yahoo to boosts its revenue. Anticipate if this is true, AAPL will take a dip, when that happens, I am going in and buy AAPL as much as I can. The synergy between AAPL and Yahoo is too big to ignore. I guess Tim Cook is waiting for some smart #$%$ consultant to push for that idea. It is funny how fortune 500 companies spend millions of dollars to get common sense answers and many times, consultants advice the wrong direction with conviction and see how they sink so many big companies.</Msg><Username>fpl1971</Username><Timestamp>1360601298716</Timestamp><DateTime>Mon, 2013-02-11 11:48:18 EST</DateTime><ThumbUp>1</ThumbUp><ThumbDown>2</ThumbDown><Sentiment>Strong Buy</Sentiment></Message><Message type="ReplyMessage"><Id>1360601541728-75</Id><Topic><Title>Yahoo actual P/E is 18 instead of 6.35</Title><Username>yinvestor</Username><Timestamp>1360599869697</Timestamp><DateTime>Mon, 2013-02-11 11:24:29 EST</DateTime></Topic><Msg>someone is buying. When Yahoo shows more traction after the first quarter and second quarter, then investors will come in.</Msg><Username>lutts</Username><Timestamp>1360601541728</Timestamp><DateTime>Mon, 2013-02-11 11:52:21 EST</DateTime><ThumbUp>4</ThumbUp><ThumbDown>0</ThumbDown><Sentiment/></Message><Message type="ReplyMessage"><Id>1360601575171-76</Id><Topic><Title>Yahoo actual P/E is 18 instead of 6.35</Title><Username>yinvestor</Username><Timestamp>1360599869697</Timestamp><DateTime>Mon, 2013-02-11 11:24:29 EST</DateTime></Topic><Msg>Turnaround requires a lot of spending. The biggest problem for Yahoo is the huge outstanding shares and lack of shareholder control. The largest shareholder is Third Point which has only 7% of total shares. Buyout is not likely to come before a success turnaround.</Msg><Username>yinvestor</Username><Timestamp>1360601575171</Timestamp><DateTime>Mon, 2013-02-11 11:52:55 EST</DateTime><ThumbUp>1</ThumbUp><ThumbDown>4</ThumbDown><Sentiment/></Message><Message type="ReplyMessage"><Id>1360601849280-77</Id><Topic><Title>Yahoo actual P/E is 18 instead of 6.35</Title><Username>yinvestor</Username><Timestamp>1360599869697</Timestamp><DateTime>Mon, 2013-02-11 11:24:29 EST</DateTime></Topic><Msg>Yahoo has more cash than they know what to do with and more is on the way. Stick with your hotmodel ID basher.</Msg><Username>co1done</Username><Timestamp>1360601849280</Timestamp><DateTime>Mon, 2013-02-11 11:57:29 EST</DateTime><ThumbUp>3</ThumbUp><ThumbDown>0</ThumbDown><Sentiment/></Message><Message type="ReplyMessage"><Id>1360602032923-78</Id><Topic><Title>Louder Whispers of Apple coming in for $35 buyout of Yahoo.</Title><Username>alvin555</Username><Timestamp>1360596982574</Timestamp><DateTime>Mon, 2013-02-11 10:36:22 EST</DateTime></Topic><Msg>One of the things that you need to look at is, if Yahoo had competing products to Apple, or other potential acquirers, then an acquisition would probably not be the best. Because it would be a complementary 700 milliion eyeballs each month, Yahoo's audience could be valuable to Apple.</Msg><Username>lutts</Username><Timestamp>1360602032923</Timestamp><DateTime>Mon, 2013-02-11 12:00:32 EST</DateTime><ThumbUp>1</ThumbUp><ThumbDown>1</ThumbDown><Sentiment/></Message><Message type="ReplyMessage"><Id>1360602150898-79</Id><Topic><Title>Yahoo actual P/E is 18 instead of 6.35</Title><Username>yinvestor</Username><Timestamp>1360599869697</Timestamp><DateTime>Mon, 2013-02-11 11:24:29 EST</DateTime></Topic><Msg>I was long for past three years. But I think Yahoo is facing real resistance before $22 and it's due for a major correction to $17 - $18 level. Maybe I am wrong but Q1 report might be the trigger of the correction.</Msg><Username>yinvestor</Username><Timestamp>1360602150898</Timestamp><DateTime>Mon, 2013-02-11 12:02:30 EST</DateTime><ThumbUp>1</ThumbUp><ThumbDown>1</ThumbDown><Sentiment/></Message><Message type="ReplyMessage"><Id>1360602229699-80</Id><Topic><Title>Louder Whispers of Apple coming in for $35 buyout of Yahoo.</Title><Username>alvin555</Username><Timestamp>1360596982574</Timestamp><DateTime>Mon, 2013-02-11 10:36:22 EST</DateTime></Topic><Msg>what about on Wall st where it matter...broad st are nothing but playhouses and comedy bars...Ye</Msg><Username>mawsii1</Username><Timestamp>1360602229699</Timestamp><DateTime>Mon, 2013-02-11 12:03:49 EST</DateTime><ThumbUp>1</ThumbUp><ThumbDown>0</ThumbDown><Sentiment/></Message><Message type="ReplyMessage"><Id>1360602229997-81</Id><Topic><Title>Yahoo actual P/E is 18 instead of 6.35</Title><Username>yinvestor</Username><Timestamp>1360599869697</Timestamp><DateTime>Mon, 2013-02-11 11:24:29 EST</DateTime></Topic><Msg>Yeah, you're wrong...</Msg><Username>co1done</Username><Timestamp>1360602229997</Timestamp><DateTime>Mon, 2013-02-11 12:03:49 EST</DateTime><ThumbUp>2</ThumbUp><ThumbDown>0</ThumbDown><Sentiment/></Message><Message type="ReplyMessage"><Id>1360602256329-82</Id><Topic><Title>Alibaba to meet with advisors about IPO plans, FT reports</Title><Username>thetoadtimes</Username><Timestamp>1360338375309</Timestamp><DateTime>Fri, 2013-02-08 10:46:15 EST</DateTime></Topic><Msg>Real news...</Msg><Username>co1done</Username><Timestamp>1360602256329</Timestamp><DateTime>Mon, 2013-02-11 12:04:16 EST</DateTime><ThumbUp>3</ThumbUp><ThumbDown>0</ThumbDown><Sentiment/></Message><Message type="ReplyMessage"><Id>1360602290531-83</Id><Topic><Title>Yahoo Best Way To Participate In The Alibaba IPO</Title><Username>thetoadtimes</Username><Timestamp>1359993302021</Timestamp><DateTime>Mon, 2013-02-04 10:55:02 EST</DateTime></Topic><Msg>It's so close you can feel it coming...</Msg><Username>co1done</Username><Timestamp>1360602290531</Timestamp><DateTime>Mon, 2013-02-11 12:04:50 EST</DateTime><ThumbUp>3</ThumbUp><ThumbDown>1</ThumbDown><Sentiment/></Message><Message type="ReplyMessage"><Id>1360602329988-84</Id><Topic><Title>I say Yahoo will reach $24 by the Feb 25th AG IPO news.</Title><Username>theecoldnone</Username><Timestamp>1360260241350</Timestamp><DateTime>Thu, 2013-02-07 13:04:01 EST</DateTime></Topic><Msg>Microsoft offered $47 billion for Yahoo back in 2008. Yahoo has reduced the shares outstanding, reduced costs and is turning around revenue. Could it get to a value of $40 billion?</Msg><Username>lutts</Username><Timestamp>1360602329988</Timestamp><DateTime>Mon, 2013-02-11 12:05:29 EST</DateTime><ThumbUp>0</ThumbUp><ThumbDown>1</ThumbDown><Sentiment/></Message><Message type="ReplyMessage"><Id>1360602336402-85</Id><Topic><Title>Coldone, cluck cluck, bought more Yahoo, cluck cluck, at $18.35...</Title><Username>dr.gloom</Username><Timestamp>1354643310338</Timestamp><DateTime>Tue, 2012-12-04 12:48:30 EST</DateTime></Topic><Msg>gloom is crying in front of everyone. What a pity...</Msg><Username>co1done</Username><Timestamp>1360602336402</Timestamp><DateTime>Mon, 2013-02-11 12:05:36 EST</DateTime><ThumbUp>3</ThumbUp><ThumbDown>0</ThumbDown><Sentiment/></Message><Message type="ReplyMessage"><Id>1360602418537-86</Id><Topic><Title>Coldone's Advice to Buy Yahoo From $11 to $19 Was Perfect</Title><Username>bflathalfdim</Username><Timestamp>1357139956520</Timestamp><DateTime>Wed, 2013-01-02 10:19:16 EST</DateTime></Topic><Msg>No need to be the coldone when the advice is free for those smart enough to listen...</Msg><Username>co1done</Username><Timestamp>1360602418537</Timestamp><DateTime>Mon, 2013-02-11 12:06:58 EST</DateTime><ThumbUp>2</ThumbUp><ThumbDown>0</ThumbDown><Sentiment/></Message><Message type="ReplyMessage"><Id>1360602680461-87</Id><Topic><Title>Yahoo actual P/E is 18 instead of 6.35</Title><Username>yinvestor</Username><Timestamp>1360599869697</Timestamp><DateTime>Mon, 2013-02-11 11:24:29 EST</DateTime></Topic><Msg>agreed. SHould start to see turnaround this year.</Msg><Username>lutts</Username><Timestamp>1360602680461</Timestamp><DateTime>Mon, 2013-02-11 12:11:20 EST</DateTime><ThumbUp>0</ThumbUp><ThumbDown>1</ThumbDown><Sentiment/></Message><Message type="ReplyMessage"><Id>1360602808125-88</Id><Topic><Title>What is 24% of USD $59.55 billion - $14.29B!</Title><Username>co1done</Username><Timestamp>1360340093897</Timestamp><DateTime>Fri, 2013-02-08 11:14:53 EST</DateTime></Topic><Msg>Yahoo will increase their buyback and make a few acquisitions.</Msg><Username>co1done</Username><Timestamp>1360602808125</Timestamp><DateTime>Mon, 2013-02-11 12:13:28 EST</DateTime><ThumbUp>4</ThumbUp><ThumbDown>1</ThumbDown><Sentiment/></Message><Message type="ReplyMessage"><Id>1360602868714-89</Id><Topic><Title>Yahoo shorts feel more pain today</Title><Username>co1done</Username><Timestamp>1360595249019</Timestamp><DateTime>Mon, 2013-02-11 10:07:29 EST</DateTime></Topic><Msg>hotmodel was finished a long time ago...</Msg><Username>co1done</Username><Timestamp>1360602868714</Timestamp><DateTime>Mon, 2013-02-11 12:14:28 EST</DateTime><ThumbUp>2</ThumbUp><ThumbDown>2</ThumbDown><Sentiment/></Message><Message type="ReplyMessage"><Id>1360602889679-90</Id><Topic><Title>Yahoo up on no news hints at future deals</Title><Username>neo1278alpha</Username><Timestamp>1360597066109</Timestamp><DateTime>Mon, 2013-02-11 10:37:46 EST</DateTime></Topic><Msg>Alibaba IPO...</Msg><Username>co1done</Username><Timestamp>1360602889679</Timestamp><DateTime>Mon, 2013-02-11 12:14:49 EST</DateTime><ThumbUp>4</ThumbUp><ThumbDown>0</ThumbDown><Sentiment/></Message><Message type="ReplyMessage"><Id>1360602903862-91</Id><Topic><Title>Yahoo actual P/E is 18 instead of 6.35</Title><Username>yinvestor</Username><Timestamp>1360599869697</Timestamp><DateTime>Mon, 2013-02-11 11:24:29 EST</DateTime></Topic><Msg>coz yours is 17 heee hawww ONE UP! jb</Msg><Username>jbspiker2000</Username><Timestamp>1360602903862</Timestamp><DateTime>Mon, 2013-02-11 12:15:03 EST</DateTime><ThumbUp>0</ThumbUp><ThumbDown>2</ThumbDown><Sentiment/></Message><Message type="ReplyMessage"><Id>1360602975727-92</Id><Topic><Title>To whom it may concern.</Title><Username>dr.gloom</Username><Timestamp>1276031248000</Timestamp><DateTime>Tue, 2010-06-08 17:07:28 EDT</DateTime></Topic><Msg>Buybacks, buyouts, upgrades, cash rich split, IPO special dividends and free cars for all Yahoo longs! You can´t lose buying Yahoo!</Msg><Username>dr.gloom</Username><Timestamp>1360602975727</Timestamp><DateTime>Mon, 2013-02-11 12:16:15 EST</DateTime><ThumbUp>0</ThumbUp><ThumbDown>1</ThumbDown><Sentiment/></Message><Message type="ReplyMessage"><Id>1360603411684-93</Id><Topic><Title>Yahoo up on no news hints at future deals</Title><Username>neo1278alpha</Username><Timestamp>1360597066109</Timestamp><DateTime>Mon, 2013-02-11 10:37:46 EST</DateTime></Topic><Msg>Bulls eye! These possible deals or deals being done and in the future are all helping YHOO to sustain his uptrend movements. There is no doubt about it propelling YHOO to go higher. $21 is now a given this week.</Msg><Username>vubravo</Username><Timestamp>1360603411684</Timestamp><DateTime>Mon, 2013-02-11 12:23:31 EST</DateTime><ThumbUp>4</ThumbUp><ThumbDown>0</ThumbDown><Sentiment>Strong Buy</Sentiment></Message><Message type="ReplyMessage"><Id>1360603956201-94</Id><Topic><Title>Yahoo shorts feel more pain today</Title><Username>co1done</Username><Timestamp>1360595249019</Timestamp><DateTime>Mon, 2013-02-11 10:07:29 EST</DateTime></Topic><Msg>Yahoo shorts have no credibility. The look like a bunch morons.</Msg><Username>shelcorecrust</Username><Timestamp>1360603956201</Timestamp><DateTime>Mon, 2013-02-11 12:32:36 EST</DateTime><ThumbUp>2</ThumbUp><ThumbDown>1</ThumbDown><Sentiment/></Message><Message type="ReplyMessage"><Id>1360605554650-95</Id><Topic><Title>YHOO should end up being the company to pay attention to this year.</Title><Username>arnold.glen</Username><Timestamp>1360584554611</Timestamp><DateTime>Mon, 2013-02-11 07:09:14 EST</DateTime></Topic><Msg>they do good work</Msg><Username>frankpeter730</Username><Timestamp>1360605554650</Timestamp><DateTime>Mon, 2013-02-11 12:59:14 EST</DateTime><ThumbUp>0</ThumbUp><ThumbDown>0</ThumbDown><Sentiment/></Message><Message type="ReplyMessage"><Id>1360606260192-96</Id><Topic><Title>Yahoo please help reduce harassment, allow post creators ability to delete own posts</Title><Username>francodelaweas</Username><Timestamp>1360275537316</Timestamp><DateTime>Thu, 2013-02-07 17:18:57 EST</DateTime></Topic><Msg>yahoo please help prevent harassment</Msg><Username>franciszotsky</Username><Timestamp>1360606260192</Timestamp><DateTime>Mon, 2013-02-11 13:11:00 EST</DateTime><ThumbUp>1</ThumbUp><ThumbDown>1</ThumbDown><Sentiment>Hold</Sentiment></Message><Message type="ReplyMessage"><Id>1360607825777-97</Id><Topic><Title>Yahoo up on no news hints at future deals</Title><Username>neo1278alpha</Username><Timestamp>1360597066109</Timestamp><DateTime>Mon, 2013-02-11 10:37:46 EST</DateTime></Topic><Msg>Wait until the real news comes out. Yahoo will pop!</Msg><Username>strumbollio</Username><Timestamp>1360607825777</Timestamp><DateTime>Mon, 2013-02-11 13:37:05 EST</DateTime><ThumbUp>4</ThumbUp><ThumbDown>0</ThumbDown><Sentiment/></Message><Message type="ReplyMessage"><Id>1360608157418-98</Id><Topic><Title>Yahoo bashers/shorts have been silenced by the coldone!</Title><Username>theecoldone</Username><Timestamp>1355158731000</Timestamp><DateTime>Mon, 2012-12-10 11:58:51 EST</DateTime></Topic><Msg>With ease...</Msg><Username>co1done</Username><Timestamp>1360608157418</Timestamp><DateTime>Mon, 2013-02-11 13:42:37 EST</DateTime><ThumbUp>2</ThumbUp><ThumbDown>1</ThumbDown><Sentiment/></Message><Message type="ReplyMessage"><Id>1360608195863-99</Id><Topic><Title>Another Miserable Day For Yahoo Shorts...</Title><Username>theecoldone</Username><Timestamp>1354633787619</Timestamp><DateTime>Tue, 2012-12-04 10:09:47 EST</DateTime></Topic><Msg>Of course...</Msg><Username>co1done</Username><Timestamp>1360608195863</Timestamp><DateTime>Mon, 2013-02-11 13:43:15 EST</DateTime><ThumbUp>3</ThumbUp><ThumbDown>1</ThumbDown><Sentiment/></Message><Message type="ReplyMessage"><Id>1360608226150-100</Id><Topic><Title>A few words for the Yahoo shorts...</Title><Username>theecoldone</Username><Timestamp>1354634484463</Timestamp><DateTime>Tue, 2012-12-04 10:21:24 EST</DateTime></Topic><Msg>Investing is fun...</Msg><Username>co1done</Username><Timestamp>1360608226150</Timestamp><DateTime>Mon, 2013-02-11 13:43:46 EST</DateTime><ThumbUp>3</ThumbUp><ThumbDown>0</ThumbDown><Sentiment/></Message><Message type="ReplyMessage"><Id>1360608250134-101</Id><Topic><Title>No more hotmodel or dr.gloom!</Title><Username>nanobot8042</Username><Timestamp>1353949570193</Timestamp><DateTime>Mon, 2012-11-26 12:06:10 EST</DateTime></Topic><Msg>Nothing to it...</Msg><Username>co1done</Username><Timestamp>1360608250134</Timestamp><DateTime>Mon, 2013-02-11 13:44:10 EST</DateTime><ThumbUp>2</ThumbUp><ThumbDown>2</ThumbDown><Sentiment/></Message><Message type="ReplyMessage"><Id>1360608403026-102</Id><Topic><Title>A few words for the Yahoo shorts...</Title><Username>theecoldone</Username><Timestamp>1354634484463</Timestamp><DateTime>Tue, 2012-12-04 10:21:24 EST</DateTime></Topic><Msg>ihope is another hotmodel alias. Wrong again...Ha!</Msg><Username>co1done</Username><Timestamp>1360608403026</Timestamp><DateTime>Mon, 2013-02-11 13:46:43 EST</DateTime><ThumbUp>2</ThumbUp><ThumbDown>1</ThumbDown><Sentiment/></Message><Message type="ReplyMessage"><Id>1360608508150-103</Id><Topic><Title>New YHOO Analyst Report (MUST SEE)</Title><Username>riveraandres435</Username><Timestamp>1360257526455</Timestamp><DateTime>Thu, 2013-02-07 12:18:46 EST</DateTime></Topic><Msg>Good report. Keep it coming</Msg><Username>leeryan723</Username><Timestamp>1360608508150</Timestamp><DateTime>Mon, 2013-02-11 13:48:28 EST</DateTime><ThumbUp>0</ThumbUp><ThumbDown>3</ThumbDown><Sentiment/></Message><Message type="TopicMessage"><Id>1360608510685-104</Id><Title>shorts</Title><Msg>why you people would focus on the shorts in this stock and feel it to be a major problem with a squeeze--check the stats, the shorts are merely 1 day's volume. and that ain't a problem for covering...</Msg><Username>ajblo</Username><Timestamp>1360608510685</Timestamp><DateTime>Mon, 2013-02-11 13:48:30 EST</DateTime><ThumbUp>0</ThumbUp><ThumbDown>4</ThumbDown><Sentiment/></Message><Message type="ReplyMessage"><Id>1360608666805-105</Id><Topic><Title>shorts</Title><Username>ajblo</Username><Timestamp>1360608510685</Timestamp><DateTime>Mon, 2013-02-11 13:48:30 EST</DateTime></Topic><Msg>No one cares about the shorts but they are fun to laugh at.</Msg><Username>tornupdown</Username><Timestamp>1360608666805</Timestamp><DateTime>Mon, 2013-02-11 13:51:06 EST</DateTime><ThumbUp>1</ThumbUp><ThumbDown>0</ThumbDown><Sentiment/></Message><Message type="ReplyMessage"><Id>1360608721420-106</Id><Topic><Title>Yahoo up on no news hints at future deals</Title><Username>neo1278alpha</Username><Timestamp>1360597066109</Timestamp><DateTime>Mon, 2013-02-11 10:37:46 EST</DateTime></Topic><Msg>The Alibaba news will be out next week. Kara Swisher will not get the scoop.</Msg><Username>tornupdown</Username><Timestamp>1360608721420</Timestamp><DateTime>Mon, 2013-02-11 13:52:01 EST</DateTime><ThumbUp>2</ThumbUp><ThumbDown>0</ThumbDown><Sentiment/></Message><Message type="ReplyMessage"><Id>1360609923820-107</Id><Topic><Title>Do You Think YHOO is a BUY?</Title><Username>pulquesestela</Username><Timestamp>1359993290984</Timestamp><DateTime>Mon, 2013-02-04 10:54:50 EST</DateTime></Topic><Msg>I'm subscribed. Cool</Msg><Username>orzakatracey</Username><Timestamp>1360609923820</Timestamp><DateTime>Mon, 2013-02-11 14:12:03 EST</DateTime><ThumbUp>0</ThumbUp><ThumbDown>0</ThumbDown><Sentiment>Buy</Sentiment></Message><Message type="ReplyMessage"><Id>1360610071729-108</Id><Topic><Title>Yahoo bashers/shorts have been silenced by the coldone!</Title><Username>theecoldone</Username><Timestamp>1355158731000</Timestamp><DateTime>Mon, 2012-12-10 11:58:51 EST</DateTime></Topic><Msg>You have complete control of this board and its bashers. Way to go.</Msg><Username>tornupdown</Username><Timestamp>1360610071729</Timestamp><DateTime>Mon, 2013-02-11 14:14:31 EST</DateTime><ThumbUp>3</ThumbUp><ThumbDown>2</ThumbDown><Sentiment/></Message><Message type="ReplyMessage"><Id>1360610115000-109</Id><Topic><Title>Alibaba to meet with advisors about IPO plans, FT reports</Title><Username>thetoadtimes</Username><Timestamp>1360338375309</Timestamp><DateTime>Fri, 2013-02-08 10:46:15 EST</DateTime></Topic><Msg>Next week Yahoo will go to $23 on Alibaba news.</Msg><Username>tornupdown</Username><Timestamp>1360610115000</Timestamp><DateTime>Mon, 2013-02-11 14:15:15 EST</DateTime><ThumbUp>3</ThumbUp><ThumbDown>0</ThumbDown><Sentiment/></Message><Message type="ReplyMessage"><Id>1360610986737-110</Id><Topic><Title>shorts</Title><Username>ajblo</Username><Timestamp>1360608510685</Timestamp><DateTime>Mon, 2013-02-11 13:48:30 EST</DateTime></Topic><Msg>you are correct. It's only one day, so not really a big deal. Short covering is not moving the stock upward.</Msg><Username>lutts</Username><Timestamp>1360610986737</Timestamp><DateTime>Mon, 2013-02-11 14:29:46 EST</DateTime><ThumbUp>2</ThumbUp><ThumbDown>1</ThumbDown><Sentiment/></Message><Message type="ReplyMessage"><Id>1360611273715-111</Id><Topic><Title>Fantastic Advancement for YHOO . Read Now!</Title><Username>williampressler</Username><Timestamp>1360609082243</Timestamp><DateTime>Mon, 2013-02-11 13:58:02 EST</DateTime></Topic><Msg>Cyber Criminals - making their home on Yahoo. Obviously avoid the scam url.</Msg><Username>still_my_dime</Username><Timestamp>1360611273715</Timestamp><DateTime>Mon, 2013-02-11 14:34:33 EST</DateTime><ThumbUp>1</ThumbUp><ThumbDown>1</ThumbDown><Sentiment/></Message><Message type="ReplyMessage"><Id>1360611384518-112</Id><Topic><Title>Yahoo Best Way To Participate In The Alibaba IPO</Title><Username>thetoadtimes</Username><Timestamp>1359993302021</Timestamp><DateTime>Mon, 2013-02-04 10:55:02 EST</DateTime></Topic><Msg>I was going to buy today but will wait for a pullback to $20.50.</Msg><Username>tornupdown</Username><Timestamp>1360611384518</Timestamp><DateTime>Mon, 2013-02-11 14:36:24 EST</DateTime><ThumbUp>1</ThumbUp><ThumbDown>0</ThumbDown><Sentiment/></Message><Message type="ReplyMessage"><Id>1360611615930-113</Id><Topic><Title>Louder Whispers of Apple coming in for $35 buyout of Yahoo.</Title><Username>alvin555</Username><Timestamp>1360596982574</Timestamp><DateTime>Mon, 2013-02-11 10:36:22 EST</DateTime></Topic><Msg>Synergy? Do you even understand the concept? AAPL makes and sells top quality computers, cell phones, etc. and lots of music on itunes. It has first rate customer service and a fine management. Yahoo makes ...nothing...and sells ... advertising to people who think that those attracted to Yahoo by its free content will buy from them. It has minimum customer service and clearly a mediocre management many of whom would have to be replaced. Would the Yahoo "eyeballs" buy AAPL products? Those who want them already do. Will the AAPL product owners take advantage of Yahoo's free content and buy from the advertisers. They already can. So please tell me where is the synergy? Another garbage post.</Msg><Username>still_my_dime</Username><Timestamp>1360611615930</Timestamp><DateTime>Mon, 2013-02-11 14:40:15 EST</DateTime><ThumbUp>2</ThumbUp><ThumbDown>4</ThumbDown><Sentiment/></Message><Message type="TopicMessage"><Id>1360612014351-114</Id><Title>Alibaba IPO Money train engine just turned on!</Title><Msg>After Chinese New Year, it could start to move up to $1 to $5. Probably we could have news of some sort about starting to roll up IPO paperwork. It is possibly starting to price in this IPO since yesterday when YHOO was up and the market was down.</Msg><Username>goingbravo</Username><Timestamp>1360612014351</Timestamp><DateTime>Mon, 2013-02-11 14:46:54 EST</DateTime><ThumbUp>2</ThumbUp><ThumbDown>2</ThumbDown><Sentiment>Strong Buy</Sentiment></Message><Message type="ReplyMessage"><Id>1360612409873-115</Id><Topic><Title>Yahoo bashers/shorts have been silenced by the coldone!</Title><Username>theecoldone</Username><Timestamp>1355158731000</Timestamp><DateTime>Mon, 2012-12-10 11:58:51 EST</DateTime></Topic><Msg>You noticed...</Msg><Username>theco1done</Username><Timestamp>1360612409873</Timestamp><DateTime>Mon, 2013-02-11 14:53:29 EST</DateTime><ThumbUp>3</ThumbUp><ThumbDown>2</ThumbDown><Sentiment/></Message><Message type="ReplyMessage"><Id>1360612468291-116</Id><Topic><Title>Hotmodel - Do you still think Yahoo was dead money at $15.80?</Title><Username>theecoldone</Username><Timestamp>1354722516724</Timestamp><DateTime>Wed, 2012-12-05 10:48:36 EST</DateTime></Topic><Msg>hotmodel is a message board troll...</Msg><Username>cal12forthood</Username><Timestamp>1360612468291</Timestamp><DateTime>Mon, 2013-02-11 14:54:28 EST</DateTime><ThumbUp>1</ThumbUp><ThumbDown>2</ThumbDown><Sentiment/></Message><Message type="ReplyMessage"><Id>1360612498455-117</Id><Topic><Title>Hotmodel - Do you still think Yahoo was dead money at $15.80?</Title><Username>theecoldone</Username><Timestamp>1354722516724</Timestamp><DateTime>Wed, 2012-12-05 10:48:36 EST</DateTime></Topic><Msg>Don't cry...</Msg><Username>theco1done</Username><Timestamp>1360612498455</Timestamp><DateTime>Mon, 2013-02-11 14:54:58 EST</DateTime><ThumbUp>2</ThumbUp><ThumbDown>2</ThumbDown><Sentiment/></Message><Message type="ReplyMessage"><Id>1360612553671-118</Id><Topic><Title>No more hotmodel or dr.gloom!</Title><Username>nanobot8042</Username><Timestamp>1353949570193</Timestamp><DateTime>Mon, 2012-11-26 12:06:10 EST</DateTime></Topic><Msg>Poor hotmodel...</Msg><Username>theco1done</Username><Timestamp>1360612553671</Timestamp><DateTime>Mon, 2013-02-11 14:55:53 EST</DateTime><ThumbUp>1</ThumbUp><ThumbDown>1</ThumbDown><Sentiment/></Message><Message type="ReplyMessage"><Id>1360612580987-119</Id><Topic><Title>Coldone, cluck cluck, bought more Yahoo, cluck cluck, at $18.35...</Title><Username>dr.gloom</Username><Timestamp>1354643310338</Timestamp><DateTime>Tue, 2012-12-04 12:48:30 EST</DateTime></Topic><Msg>gloom gets burnt by her own words...</Msg><Username>theco1done</Username><Timestamp>1360612580987</Timestamp><DateTime>Mon, 2013-02-11 14:56:20 EST</DateTime><ThumbUp>2</ThumbUp><ThumbDown>4</ThumbDown><Sentiment/></Message><Message type="ReplyMessage"><Id>1360612618549-120</Id><Topic><Title>Coldone's Advice to Buy Yahoo From $11 to $19 Was Perfect</Title><Username>bflathalfdim</Username><Timestamp>1357139956520</Timestamp><DateTime>Wed, 2013-01-02 10:19:16 EST</DateTime></Topic><Msg>Help is there for those that need it...</Msg><Username>theco1done</Username><Timestamp>1360612618549</Timestamp><DateTime>Mon, 2013-02-11 14:56:58 EST</DateTime><ThumbUp>3</ThumbUp><ThumbDown>3</ThumbDown><Sentiment/></Message><Message type="ReplyMessage"><Id>1360612694185-121</Id><Topic><Title>Yahoo at $20.98 as shorts cover</Title><Username>tetheredbird</Username><Timestamp>1360599661697</Timestamp><DateTime>Mon, 2013-02-11 11:21:01 EST</DateTime></Topic><Msg>$21 is a small step away.</Msg><Username>selzar420</Username><Timestamp>1360612694185</Timestamp><DateTime>Mon, 2013-02-11 14:58:14 EST</DateTime><ThumbUp>3</ThumbUp><ThumbDown>0</ThumbDown><Sentiment/></Message><Message type="ReplyMessage"><Id>1360612726376-122</Id><Topic><Title>Buy Yahoo under $21 while you can</Title><Username>co1done</Username><Timestamp>1360600453860</Timestamp><DateTime>Mon, 2013-02-11 11:34:13 EST</DateTime></Topic><Msg>I'm in!</Msg><Username>selzar420</Username><Timestamp>1360612726376</Timestamp><DateTime>Mon, 2013-02-11 14:58:46 EST</DateTime><ThumbUp>2</ThumbUp><ThumbDown>0</ThumbDown><Sentiment/></Message><Message type="ReplyMessage"><Id>1360612736498-123</Id><Topic><Title>Louder Whispers of Apple coming in for $35 buyout of Yahoo.</Title><Username>alvin555</Username><Timestamp>1360596982574</Timestamp><DateTime>Mon, 2013-02-11 10:36:22 EST</DateTime></Topic><Msg>If that happens, major reason for the buyout is goog. Goog is internet and smartphone while AAPL is simply product and no internet. If AAPL wants to compete head on against goog, they need YHOO or FB.</Msg><Username>goingbravo</Username><Timestamp>1360612736498</Timestamp><DateTime>Mon, 2013-02-11 14:58:56 EST</DateTime><ThumbUp>2</ThumbUp><ThumbDown>1</ThumbDown><Sentiment>Strong Buy</Sentiment></Message><Message type="ReplyMessage"><Id>1360612790546-124</Id><Topic><Title>Alibaba to meet with advisors about IPO plans, FT reports</Title><Username>thetoadtimes</Username><Timestamp>1360338375309</Timestamp><DateTime>Fri, 2013-02-08 10:46:15 EST</DateTime></Topic><Msg>This is very good news. Swisher didn't get the story and she could not deny it. Swisher is sitting on her thumb.</Msg><Username>tetheredbird</Username><Timestamp>1360612790546</Timestamp><DateTime>Mon, 2013-02-11 14:59:50 EST</DateTime><ThumbUp>1</ThumbUp><ThumbDown>0</ThumbDown><Sentiment/></Message><Message type="ReplyMessage"><Id>1360612825730-125</Id><Topic><Title>Yahoo shorts feel more pain today</Title><Username>co1done</Username><Timestamp>1360595249019</Timestamp><DateTime>Mon, 2013-02-11 10:07:29 EST</DateTime></Topic><Msg>Well put...</Msg><Username>co1done</Username><Timestamp>1360612825730</Timestamp><DateTime>Mon, 2013-02-11 15:00:25 EST</DateTime><ThumbUp>2</ThumbUp><ThumbDown>1</ThumbDown><Sentiment/></Message><Message type="ReplyMessage"><Id>1360612863615-126</Id><Topic><Title>A few words for the Yahoo shorts...</Title><Username>theecoldone</Username><Timestamp>1354634484463</Timestamp><DateTime>Tue, 2012-12-04 10:21:24 EST</DateTime></Topic><Msg>hotmodel lost than lost it. She is a full blown stalker at this point.</Msg><Username>co1done</Username><Timestamp>1360612863615</Timestamp><DateTime>Mon, 2013-02-11 15:01:03 EST</DateTime><ThumbUp>0</ThumbUp><ThumbDown>1</ThumbDown><Sentiment/></Message><Message type="ReplyMessage"><Id>1360612951008-127</Id><Topic><Title>Alibaba IPO Money train engine just turned on!</Title><Username>goingbravo</Username><Timestamp>1360612014351</Timestamp><DateTime>Mon, 2013-02-11 14:46:54 EST</DateTime></Topic><Msg>How much YHOO could go up because of the IPO, it all depends how much the market value Alibaba IPO. I expect $40B to $60B. What is the realistic IPO market value of Alibaba Group.</Msg><Username>goingbravo</Username><Timestamp>1360612951008</Timestamp><DateTime>Mon, 2013-02-11 15:02:31 EST</DateTime><ThumbUp>2</ThumbUp><ThumbDown>1</ThumbDown><Sentiment>Strong Buy</Sentiment></Message><Message type="ReplyMessage"><Id>1360613428825-128</Id><Topic><Title>Yahoo Best Way To Participate In The Alibaba IPO</Title><Username>thetoadtimes</Username><Timestamp>1359993302021</Timestamp><DateTime>Mon, 2013-02-04 10:55:02 EST</DateTime></Topic><Msg>What are you waiting for? Buy Yahoo under $21 while you can...</Msg><Username>co1done</Username><Timestamp>1360613428825</Timestamp><DateTime>Mon, 2013-02-11 15:10:28 EST</DateTime><ThumbUp>3</ThumbUp><ThumbDown>1</ThumbDown><Sentiment/></Message><Message type="ReplyMessage"><Id>1360614769176-129</Id><Topic><Title>Yahoo Raised to Buy-from-Hold at Pivotal Research</Title><Username>thetoadtimes</Username><Timestamp>1360248930136</Timestamp><DateTime>Thu, 2013-02-07 09:55:30 EST</DateTime></Topic><Msg>More upgrades next week.</Msg><Username>neo1278alpha</Username><Timestamp>1360614769176</Timestamp><DateTime>Mon, 2013-02-11 15:32:49 EST</DateTime><ThumbUp>2</ThumbUp><ThumbDown>0</ThumbDown><Sentiment/></Message><Message type="ReplyMessage"><Id>1360614773333-130</Id><Topic><Title>Alibaba IPO Money train engine just turned on!</Title><Username>goingbravo</Username><Timestamp>1360612014351</Timestamp><DateTime>Mon, 2013-02-11 14:46:54 EST</DateTime></Topic><Msg>when is the new year over and do they work during it. Thanks</Msg><Username>rtbigger</Username><Timestamp>1360614773333</Timestamp><DateTime>Mon, 2013-02-11 15:32:53 EST</DateTime><ThumbUp>2</ThumbUp><ThumbDown>0</ThumbDown><Sentiment/></Message><Message type="ReplyMessage"><Id>1360615167917-131</Id><Topic><Title>Alibaba IPO Money train engine just turned on!</Title><Username>goingbravo</Username><Timestamp>1360612014351</Timestamp><DateTime>Mon, 2013-02-11 14:46:54 EST</DateTime></Topic><Msg>it is this week so ends 2/15 and I doubt any discussions will happen during it. If all of Alibaba is included (ie. TMall) the IPO will exceed $60 by a very wide margin - IMO</Msg><Username>warnerlambert</Username><Timestamp>1360615167917</Timestamp><DateTime>Mon, 2013-02-11 15:39:27 EST</DateTime><ThumbUp>2</ThumbUp><ThumbDown>0</ThumbDown><Sentiment/></Message><Message type="ReplyMessage"><Id>1360615217020-132</Id><Topic><Title>Louder Whispers of Apple coming in for $35 buyout of Yahoo.</Title><Username>alvin555</Username><Timestamp>1360596982574</Timestamp><DateTime>Mon, 2013-02-11 10:36:22 EST</DateTime></Topic><Msg>Actually Yahoo produces ("makes") lots of unique content.</Msg><Username>lutts</Username><Timestamp>1360615217020</Timestamp><DateTime>Mon, 2013-02-11 15:40:17 EST</DateTime><ThumbUp>2</ThumbUp><ThumbDown>1</ThumbDown><Sentiment/></Message><Message type="TopicMessage"><Id>1360615425326-133</Id><Title>$20.92 Moving back toward the high of the day.</Title><Msg>I wonder if everyone wants to be in before an overnight annnouncement?</Msg><Username>lutts</Username><Timestamp>1360615425326</Timestamp><DateTime>Mon, 2013-02-11 15:43:45 EST</DateTime><ThumbUp>6</ThumbUp><ThumbDown>1</ThumbDown><Sentiment/></Message><Message type="ReplyMessage"><Id>1360615996090-134</Id><Topic><Title>Yahoo up on no news hints at future deals</Title><Username>neo1278alpha</Username><Timestamp>1360597066109</Timestamp><DateTime>Mon, 2013-02-11 10:37:46 EST</DateTime></Topic><Msg>The news will be out next week about Alibaba's advisors for their IPO.</Msg><Username>thurstonthethird</Username><Timestamp>1360615996090</Timestamp><DateTime>Mon, 2013-02-11 15:53:16 EST</DateTime><ThumbUp>5</ThumbUp><ThumbDown>0</ThumbDown><Sentiment/></Message><Message type="ReplyMessage"><Id>1360616098342-135</Id><Topic><Title>Another Miserable Day For Yahoo Shorts...</Title><Username>theecoldone</Username><Timestamp>1354633787619</Timestamp><DateTime>Tue, 2012-12-04 10:09:47 EST</DateTime></Topic><Msg>Anyone that shorted Yahoo since hotmodel said Yahoo would be dead money at $15.80 for the next year didn't do their homework. All Yahoo shorts lost.</Msg><Username>smedleypuddles</Username><Timestamp>1360616098342</Timestamp><DateTime>Mon, 2013-02-11 15:54:58 EST</DateTime><ThumbUp>5</ThumbUp><ThumbDown>0</ThumbDown><Sentiment/></Message><Message type="TopicMessage"><Id>1360616441306-136</Id><Title>Yahoo Closes at New Four Year High of $20.90!</Title><Msg>Yahoo closes at another new 4 year high of $20.90. Where have the board bashers disappeared to? Poor gloommodel... Ha!</Msg><Username>co1done</Username><Timestamp>1360616441306</Timestamp><DateTime>Mon, 2013-02-11 16:00:41 EST</DateTime><ThumbUp>5</ThumbUp><ThumbDown>1</ThumbDown><Sentiment/></Message><Message type="ReplyMessage"><Id>1360618987460-137</Id><Topic><Title>Another Miserable Day For Yahoo Shorts...</Title><Username>theecoldone</Username><Timestamp>1354633787619</Timestamp><DateTime>Tue, 2012-12-04 10:09:47 EST</DateTime></Topic><Msg>Whats the Mexican news? Thanks</Msg><Username>rtbigger</Username><Timestamp>1360618987460</Timestamp><DateTime>Mon, 2013-02-11 16:43:07 EST</DateTime><ThumbUp>0</ThumbUp><ThumbDown>0</ThumbDown><Sentiment/></Message><Message type="TopicMessage"><Id>1360619043830-138</Id><Title>Someone has been told about the Apple bid coming. This needs</Title><Msg>to be investigated.</Msg><Username>alvin555</Username><Timestamp>1360619043830</Timestamp><DateTime>Mon, 2013-02-11 16:44:03 EST</DateTime><ThumbUp>0</ThumbUp><ThumbDown>1</ThumbDown><Sentiment>Strong Buy</Sentiment></Message><Message type="ReplyMessage"><Id>1360619957693-139</Id><Topic><Title>Someone has been told about the Apple bid coming. This needs</Title><Username>alvin555</Username><Timestamp>1360619043830</Timestamp><DateTime>Mon, 2013-02-11 16:44:03 EST</DateTime></Topic><Msg>It is actually you that needs to be investigated. If you have a source post it. Otherwise, perhaps prison would help your memory.</Msg><Username>still_my_dime</Username><Timestamp>1360619957693</Timestamp><DateTime>Mon, 2013-02-11 16:59:17 EST</DateTime><ThumbUp>1</ThumbUp><ThumbDown>0</ThumbDown><Sentiment/></Message><Message type="TopicMessage"><Id>1360620037155-140</Id><Title>i need help for risk assessment</Title><Msg>What is the best textbook for risk assessment? when investing in machines and equipment.? I need information how to measure the financial risk when investing in machines and equipment? my textbook is from 1999, may be there are better ways now?</Msg><Username>m2v88</Username><Timestamp>1360620037155</Timestamp><DateTime>Mon, 2013-02-11 17:00:37 EST</DateTime><ThumbUp>0</ThumbUp><ThumbDown>0</ThumbDown><Sentiment/></Message><Message type="ReplyMessage"><Id>1360620058119-141</Id><Topic><Title>Louder Whispers of Apple coming in for $35 buyout of Yahoo.</Title><Username>alvin555</Username><Timestamp>1360596982574</Timestamp><DateTime>Mon, 2013-02-11 10:36:22 EST</DateTime></Topic><Msg>...that they give away for free.</Msg><Username>still_my_dime</Username><Timestamp>1360620058119</Timestamp><DateTime>Mon, 2013-02-11 17:00:58 EST</DateTime><ThumbUp>0</ThumbUp><ThumbDown>0</ThumbDown><Sentiment/></Message><Message type="ReplyMessage"><Id>1360620737916-142</Id><Topic><Title>Someone has been told about the Apple bid coming. This needs</Title><Username>alvin555</Username><Timestamp>1360619043830</Timestamp><DateTime>Mon, 2013-02-11 16:44:03 EST</DateTime></Topic><Msg>still_my_dime You st#upid investigate what genius???</Msg><Username>perrdb</Username><Timestamp>1360620737916</Timestamp><DateTime>Mon, 2013-02-11 17:12:17 EST</DateTime><ThumbUp>0</ThumbUp><ThumbDown>1</ThumbDown><Sentiment>Strong Buy</Sentiment></Message><Message type="ReplyMessage"><Id>1360621181860-143</Id><Topic><Title>Louder Whispers of Apple coming in for $35 buyout of Yahoo.</Title><Username>alvin555</Username><Timestamp>1360596982574</Timestamp><DateTime>Mon, 2013-02-11 10:36:22 EST</DateTime></Topic><Msg>I think msft not Appl a $26-28 offer it might come. Anyway without a take over offer yahoo with all the Asia assets worths $26-28.</Msg><Username>yp_doctor_perris</Username><Timestamp>1360621181860</Timestamp><DateTime>Mon, 2013-02-11 17:19:41 EST</DateTime><ThumbUp>0</ThumbUp><ThumbDown>0</ThumbDown><Sentiment>Strong Buy</Sentiment></Message><Message type="TopicMessage"><Id>1360621202774-144</Id><Title>aapl, msft, goog, amzn, samsung and more all needs to place a bid for Yahoo</Title><Msg>yes... common sense says that any one of the above mentioned companies need to place a bid in Yahoo ASAP. it will start in up 20s. get your shares cheap now. you dont need an insider to tell you this, they dont even know.</Msg><Username>fpl1971</Username><Timestamp>1360621202774</Timestamp><DateTime>Mon, 2013-02-11 17:20:02 EST</DateTime><ThumbUp>0</ThumbUp><ThumbDown>0</ThumbDown><Sentiment>Strong Buy</Sentiment></Message><Message type="ReplyMessage"><Id>1360621319569-145</Id><Topic><Title>Yahoo Closes at New Four Year High of $20.90!</Title><Username>co1done</Username><Timestamp>1360616441306</Timestamp><DateTime>Mon, 2013-02-11 16:00:41 EST</DateTime></Topic><Msg>Since the 4 year high is $20.98, Yahoo did not close at another new 4 year high of $20.90. English as a second language must be tough.</Msg><Username>dr.gloom</Username><Timestamp>1360621319569</Timestamp><DateTime>Mon, 2013-02-11 17:21:59 EST</DateTime><ThumbUp>0</ThumbUp><ThumbDown>2</ThumbDown><Sentiment/></Message><Message type="TopicMessage"><Id>1360621518096-146</Id><Title>the chart in the last five days looks like gold</Title><Msg>you look at the last five days, the initial spike and then follow up with accumulation up ward trend to finish at leas half of the spike only to surpass the spike the next trading session. This is a fantastic indicator that something huge is going on. This past five days have started with slow upward trend and past 3 days are just bullish. This stock is going to spike upward very soon... wow.</Msg><Username>fpl1971</Username><Timestamp>1360621518096</Timestamp><DateTime>Mon, 2013-02-11 17:25:18 EST</DateTime><ThumbUp>0</ThumbUp><ThumbDown>0</ThumbDown><Sentiment>Strong Buy</Sentiment></Message><Message type="TopicMessage"><Id>1360622606879-147</Id><Title>Dr. Gloom, why be so dishonest and disingenous? Yes, YHOO share action is making a fool out of you but clearly....</Title><Msg>...the poster was refering to a 4 year closing high so your point that 20.90 is not the high of 20.98 (actually I think it got to $22 in AH a few days back) is just silly.</Msg><Username>mewag51</Username><Timestamp>1360622606879</Timestamp><DateTime>Mon, 2013-02-11 17:43:26 EST</DateTime><ThumbUp>2</ThumbUp><ThumbDown>2</ThumbDown><Sentiment/></Message><Message type="ReplyMessage"><Id>1360622936637-148</Id><Topic><Title>the chart in the last five days looks like gold</Title><Username>fpl1971</Username><Timestamp>1360621518096</Timestamp><DateTime>Mon, 2013-02-11 17:25:18 EST</DateTime></Topic><Msg>There is so much positives in the pipeline for YHOO not continue this strong upward trend. The big one of course is Alibaba IPO possibly to happen this year. If there is a rumor of buyout watch out, we see $25 per share easily.</Msg><Username>goingbravo</Username><Timestamp>1360622936637</Timestamp><DateTime>Mon, 2013-02-11 17:48:56 EST</DateTime><ThumbUp>1</ThumbUp><ThumbDown>1</ThumbDown><Sentiment>Strong Buy</Sentiment></Message><Message type="ReplyMessage"><Id>1360623842744-149</Id><Topic><Title>Dr. Gloom, why be so dishonest and disingenous? Yes, YHOO share action is making a fool out of you but clearly....</Title><Username>mewag51</Username><Timestamp>1360622606879</Timestamp><DateTime>Mon, 2013-02-11 17:43:26 EST</DateTime></Topic><Msg>I know that pointing out that the poster seems unable to converse in English is silly. But it´s fun. And since I have never told anyone to only short or buy but to "buy and sell, short and cover" depending on the movement of the stock; how is YHOO share action making a fool out of me? My account is still growing and my profits this year are considerable.</Msg><Username>dr.gloom</Username><Timestamp>1360623842744</Timestamp><DateTime>Mon, 2013-02-11 18:04:02 EST</DateTime><ThumbUp>0</ThumbUp><ThumbDown>2</ThumbDown><Sentiment/></Message><Message type="TopicMessage"><Id>1360624570769-150</Id><Title>yahoo will see $30 next year</Title><Msg>unless something drastic happens yahoo will be worth $30 a share by next january easily also very low pe and very little down side risk with ipo's coming</Msg><Username>tonyd1950</Username><Timestamp>1360624570769</Timestamp><DateTime>Mon, 2013-02-11 18:16:10 EST</DateTime><ThumbUp>0</ThumbUp><ThumbDown>0</ThumbDown><Sentiment/></Message><Message type="ReplyMessage"><Id>1360624758846-151</Id><Topic><Title>aapl, msft, goog, amzn, samsung and more all needs to place a bid for Yahoo</Title><Username>fpl1971</Username><Timestamp>1360621202774</Timestamp><DateTime>Mon, 2013-02-11 17:20:02 EST</DateTime></Topic><Msg>You know....seconds before I saw your post I said "Samsung." I feel dumb for not thinking of it earlier...bottom line, Yahoo Channel on our T.V.'s is going to be ready. Google can have a search channel, but in terms of entertainment relationships, links, and their own media....Yahoo could be most ready. I have been holding, actually adding to, positions that can be found in my own limited message history. I hold because I'm tapped out, but not going anywhere either.</Msg><Username>wis_realtor</Username><Timestamp>1360624758846</Timestamp><DateTime>Mon, 2013-02-11 18:19:18 EST</DateTime><ThumbUp>0</ThumbUp><ThumbDown>0</ThumbDown><Sentiment>Hold</Sentiment></Message><Message type="ReplyMessage"><Id>1360625125065-152</Id><Topic><Title>$21.50 this week?</Title><Username>webdave_2000</Username><Timestamp>1360432019235</Timestamp><DateTime>Sat, 2013-02-09 12:46:59 EST</DateTime></Topic><Msg>Tim Cook changed his turn to open the conference...And guess who will close it? Marissa! Since when Yahoo was at the level of AAPL, and higher than MSFT?</Msg><Username>webdave_2000</Username><Timestamp>1360625125065</Timestamp><DateTime>Mon, 2013-02-11 18:25:25 EST</DateTime><ThumbUp>0</ThumbUp><ThumbDown>0</ThumbDown><Sentiment>Strong Buy</Sentiment></Message><Message type="TopicMessage"><Id>1360625495533-153</Id><Title>Where did the ABUSE BUTTON go on the message posting.</Title><Msg>The Yahoo stock message boards, several years ago, was a great stock reseach tool but the abuses have destroyed that factor. Now is seems that the ABUSE BUTTON has been removed. Yahoo could restore the integrity of its message boards by implimenting a screener similar to its email spam screener. I hope Yahoo management reads this.</Msg><Username>byelin4664</Username><Timestamp>1360625495533</Timestamp><DateTime>Mon, 2013-02-11 18:31:35 EST</DateTime><ThumbUp>1</ThumbUp><ThumbDown>2</ThumbDown><Sentiment/></Message><Message type="TopicMessage"><Id>1360626261192-154</Id><Title>hitches and glitches</Title><Msg>that is yahoo in a nutshell</Msg><Username>mechicksexer</Username><Timestamp>1360626261192</Timestamp><DateTime>Mon, 2013-02-11 18:44:21 EST</DateTime><ThumbUp>0</ThumbUp><ThumbDown>1</ThumbDown><Sentiment/></Message><Message type="ReplyMessage"><Id>1360626280755-155</Id><Topic><Title>Yahoo Closes at New Four Year High of $20.90!</Title><Username>co1done</Username><Timestamp>1360616441306</Timestamp><DateTime>Mon, 2013-02-11 16:00:41 EST</DateTime></Topic><Msg>$20.90 is Yahoo's 4 year high at the close. You don't seem happy about it...ha</Msg><Username>co1done</Username><Timestamp>1360626280755</Timestamp><DateTime>Mon, 2013-02-11 18:44:40 EST</DateTime><ThumbUp>0</ThumbUp><ThumbDown>1</ThumbDown><Sentiment/></Message><Message type="ReplyMessage"><Id>1360626976128-156</Id><Topic><Title>yahoo will see $30 next year</Title><Username>tonyd1950</Username><Timestamp>1360624570769</Timestamp><DateTime>Mon, 2013-02-11 18:16:10 EST</DateTime></Topic><Msg>and how do you know that?</Msg><Username>ajblo</Username><Timestamp>1360626976128</Timestamp><DateTime>Mon, 2013-02-11 18:56:16 EST</DateTime><ThumbUp>0</ThumbUp><ThumbDown>2</ThumbDown><Sentiment/></Message><Message type="ReplyMessage"><Id>1360627083766-157</Id><Topic><Title>Louder Whispers of Apple coming in for $35 buyout of Yahoo.</Title><Username>alvin555</Username><Timestamp>1360596982574</Timestamp><DateTime>Mon, 2013-02-11 10:36:22 EST</DateTime></Topic><Msg>yes dude, that whisper is so true that dan loeb offed several million shares last week! you are a genius.</Msg><Username>ajblo</Username><Timestamp>1360627083766</Timestamp><DateTime>Mon, 2013-02-11 18:58:03 EST</DateTime><ThumbUp>1</ThumbUp><ThumbDown>2</ThumbDown><Sentiment/></Message><Message type="ReplyMessage"><Id>1360628142595-158</Id><Topic><Title>Yahoo please help reduce harassment, allow post creators ability to delete own posts</Title><Username>francodelaweas</Username><Timestamp>1360275537316</Timestamp><DateTime>Thu, 2013-02-07 17:18:57 EST</DateTime></Topic><Msg>LET US BE ABLE TO REMOVE ARE OWN POSTS PLEASE.</Msg><Username>my_polycrete_milkshake_suks</Username><Timestamp>1360628142595</Timestamp><DateTime>Mon, 2013-02-11 19:15:42 EST</DateTime><ThumbUp>1</ThumbUp><ThumbDown>2</ThumbDown><Sentiment>Hold</Sentiment></Message><Message type="TopicMessage"><Id>1360629451980-159</Id><Title>yhoo buyout should be a no brainer</Title><Msg>sell asian assets get yhoo's core for free for any company who wants it never understood why alibaba didn't buy yhoo 6 months ago at $15, what they are going to end up paying when they finish buying yhoo's share of alibaba</Msg><Username>lucetteo1</Username><Timestamp>1360629451980</Timestamp><DateTime>Mon, 2013-02-11 19:37:31 EST</DateTime><ThumbUp>1</ThumbUp><ThumbDown>1</ThumbDown><Sentiment>Strong Buy</Sentiment></Message><Message type="ReplyMessage"><Id>1360629512223-160</Id><Topic><Title>--(EXCLUSIVE) YHOO Rumored BUY OUT Report (EXCLUSIVE)--</Title><Username>carry.richard</Username><Timestamp>1360621764267</Timestamp><DateTime>Mon, 2013-02-11 17:29:24 EST</DateTime></Topic><Msg>Good</Msg><Username>agonzalez685</Username><Timestamp>1360629512223</Timestamp><DateTime>Mon, 2013-02-11 19:38:32 EST</DateTime><ThumbUp>0</ThumbUp><ThumbDown>0</ThumbDown><Sentiment>Strong Buy</Sentiment></Message><Message type="ReplyMessage"><Id>1360629677011-161</Id><Topic><Title>aapl, msft, goog, amzn, samsung and more all needs to place a bid for Yahoo</Title><Username>fpl1971</Username><Timestamp>1360621202774</Timestamp><DateTime>Mon, 2013-02-11 17:20:02 EST</DateTime></Topic><Msg>Yeah... I am shocked to see how clueless all these big companies are and not trying harder to court Yahoo. Yahoo's Asian assets can easily buys any take over in $35 per share range given a couple years. Yahoo core basically is giving away for free at $35 per share. Yet, the core business packed so much value for the companies listed in my topic line. I think it is a matter of time that Yahoo will get bid up. I guess all these companies are playing chicken. Apple has the most fire power to take over Yahoo and I also think if Apple is serious about Apple TV, it got to take over Yahoo so it has a foot into Samsung's operation .... however, Samsung may want Yahoo since Yahoo has so much asset in Asian already and Yahoo TV will be in Samsung TV. The biggest looser will be microsoft ... still trying to figure out why they paid close to 10 billion for Skype. Couldn't they buy Yahoo and then build something Google phone has done? won't that give MSFT an instant global user base? Instead, Skype competes with many many different platforms. Not sure if MSFT can win a bidding war against AAPL and Samsung.</Msg><Username>fpl1971</Username><Timestamp>1360629677011</Timestamp><DateTime>Mon, 2013-02-11 19:41:17 EST</DateTime><ThumbUp>1</ThumbUp><ThumbDown>0</ThumbDown><Sentiment>Strong Buy</Sentiment></Message><Message type="TopicMessage"><Id>1360629804953-162</Id><Title>talking ones book</Title><Msg>does anyone on the mb have any interest in intelligent discourse, presenting positive information and thoughts, or is it all about a bunch of unsophisticated bozos who need attention by talking their books? you guys offer nothing of interest or of assistance for those who seek same, and that is what mb's should be about. yeah, coldone, yeah hotbody, yeah all the rest of the BS you guys put out-worthless. bring something relevant to the table, if that is possible. and maybe it is not possible for you martians to do such.</Msg><Username>ajblo</Username><Timestamp>1360629804953</Timestamp><DateTime>Mon, 2013-02-11 19:43:24 EST</DateTime><ThumbUp>2</ThumbUp><ThumbDown>4</ThumbDown><Sentiment/></Message><Message type="ReplyMessage"><Id>1360630153217-163</Id><Topic><Title>Yahoo Closes at New Four Year High of $20.90!</Title><Username>co1done</Username><Timestamp>1360616441306</Timestamp><DateTime>Mon, 2013-02-11 16:00:41 EST</DateTime></Topic><Msg>Up in after hours.</Msg><Username>tetheredbird</Username><Timestamp>1360630153217</Timestamp><DateTime>Mon, 2013-02-11 19:49:13 EST</DateTime><ThumbUp>0</ThumbUp><ThumbDown>0</ThumbDown><Sentiment/></Message><Message type="ReplyMessage"><Id>1360630442702-164</Id><Topic><Title>Yahoo shorts feel more pain today</Title><Username>co1done</Username><Timestamp>1360595249019</Timestamp><DateTime>Mon, 2013-02-11 10:07:29 EST</DateTime></Topic><Msg>Only the desperate Yahoo shorts remain.</Msg><Username>tetheredbird</Username><Timestamp>1360630442702</Timestamp><DateTime>Mon, 2013-02-11 19:54:02 EST</DateTime><ThumbUp>1</ThumbUp><ThumbDown>1</ThumbDown><Sentiment/></Message><Message type="TopicMessage"><Id>1360630708593-165</Id><Title>yj up 3% today</Title><Msg>asian assets keep going up</Msg><Username>lucetteo1</Username><Timestamp>1360630708593</Timestamp><DateTime>Mon, 2013-02-11 19:58:28 EST</DateTime><ThumbUp>3</ThumbUp><ThumbDown>0</ThumbDown><Sentiment>Strong Buy</Sentiment></Message><Message type="TopicMessage"><Id>1360633419837-166</Id><Title>Up on a down day and above $20.88</Title><Msg>Very bullish. RSI also very low.</Msg><Username>cybercash28</Username><Timestamp>1360633419837</Timestamp><DateTime>Mon, 2013-02-11 20:43:39 EST</DateTime><ThumbUp>0</ThumbUp><ThumbDown>0</ThumbDown><Sentiment/></Message><Message type="ReplyMessage"><Id>1360633711247-167</Id><Topic><Title>Yahoo shorts feel more pain today</Title><Username>co1done</Username><Timestamp>1360595249019</Timestamp><DateTime>Mon, 2013-02-11 10:07:29 EST</DateTime></Topic><Msg>I thinks YHOO shorts finally getting into their heads time to give up the fight; it is over, we (shorts) are toast. This baby under MM just keep finding ways to keep the shares uptrend movements.</Msg><Username>goingbravo</Username><Timestamp>1360633711247</Timestamp><DateTime>Mon, 2013-02-11 20:48:31 EST</DateTime><ThumbUp>1</ThumbUp><ThumbDown>2</ThumbDown><Sentiment>Strong Buy</Sentiment></Message><Message type="ReplyMessage"><Id>1360634232672-168</Id><Topic><Title>YHOO might run to $19 - 20 tomorrow....FB and MSFT in play</Title><Username>luther100010</Username><Timestamp>1353281040482</Timestamp><DateTime>Sun, 2012-11-18 18:24:00 EST</DateTime></Topic><Msg>agree 100%</Msg><Username>jimibeam99</Username><Timestamp>1360634232672</Timestamp><DateTime>Mon, 2013-02-11 20:57:12 EST</DateTime><ThumbUp>0</ThumbUp><ThumbDown>0</ThumbDown><Sentiment/></Message><Message type="TopicMessage"><Id>1360634236871-169</Id><Title>It always goes back to 19 so no big hooooha here</Title><Msg>at all.</Msg><Username>tommy_loops</Username><Timestamp>1360634236871</Timestamp><DateTime>Mon, 2013-02-11 20:57:16 EST</DateTime><ThumbUp>2</ThumbUp><ThumbDown>1</ThumbDown><Sentiment/></Message><Message type="TopicMessage"><Id>1360634328280-170</Id><Title>Make no mistake; Apple will not allow MSFT to walk away with YAHOO. They can out bid Ballmer</Title><Msg>big time.</Msg><Username>alvin555</Username><Timestamp>1360634328280</Timestamp><DateTime>Mon, 2013-02-11 20:58:48 EST</DateTime><ThumbUp>1</ThumbUp><ThumbDown>1</ThumbDown><Sentiment>Strong Buy</Sentiment></Message><Message type="ReplyMessage"><Id>1360634419910-171</Id><Topic><Title>Kara Swisher -the Google Connection - Marriage Link</Title><Username>mtt819112</Username><Timestamp>1330179765000</Timestamp><DateTime>Sat, 2012-02-25 09:22:45 EST</DateTime></Topic><Msg>THe Swisher conflict is blatant and ridiculous in my opinion.</Msg><Username>sil2013sil</Username><Timestamp>1360634419910</Timestamp><DateTime>Mon, 2013-02-11 21:00:19 EST</DateTime><ThumbUp>0</ThumbUp><ThumbDown>0</ThumbDown><Sentiment/></Message><Message type="ReplyMessage"><Id>1360634605998-172</Id><Topic><Title>Make no mistake; Apple will not allow MSFT to walk away with YAHOO. They can out bid Ballmer</Title><Username>alvin555</Username><Timestamp>1360634328280</Timestamp><DateTime>Mon, 2013-02-11 20:58:48 EST</DateTime></Topic><Msg>You should probably call Microsoft's VP of acquisitions that Apple is about to buy Yahoo and he needs to do it first! After he finishes laughing at you and calling you a complete idiot, he will explain that he personally knows that Apple has zero interest in Yahoo. Further, Microsoft has thoroughly examined Yahoo, rejected it as being of no value to Microsoft, and decided to invest in the Dell acquisiiton where they can actually sell Microsoft products. Calling you an idiot is a kindness.</Msg><Username>still_my_dime</Username><Timestamp>1360634605998</Timestamp><DateTime>Mon, 2013-02-11 21:03:25 EST</DateTime><ThumbUp>2</ThumbUp><ThumbDown>0</ThumbDown><Sentiment/></Message><Message type="ReplyMessage"><Id>1360634776797-173</Id><Topic><Title>How you #$%$ Joopieces of #$%$ doing tonight? Ready to be thrown in the oven again?</Title><Username>whett_phartts</Username><Timestamp>1360630481688</Timestamp><DateTime>Mon, 2013-02-11 19:54:41 EST</DateTime></Topic><Msg>If Yahoo were a well run company, bigots like this would have their identities permanently blocked. Fortunately for him (but not for us), Yahoo is not a well run company and we are all exposed to this filthy bottom-feeder.</Msg><Username>still_my_dime</Username><Timestamp>1360634776797</Timestamp><DateTime>Mon, 2013-02-11 21:06:16 EST</DateTime><ThumbUp>1</ThumbUp><ThumbDown>0</ThumbDown><Sentiment/></Message><Message type="ReplyMessage"><Id>1360635767689-174</Id><Topic><Title>How you #$%$ Joopieces of #$%$ doing tonight? Ready to be thrown in the oven again?</Title><Username>whett_phartts</Username><Timestamp>1360630481688</Timestamp><DateTime>Mon, 2013-02-11 19:54:41 EST</DateTime></Topic><Msg>Have fun trying to make $43 a day your entire life. I'm impressed you even have an internet connection.</Msg><Username>yp_john_san_francisco_323</Username><Timestamp>1360635767689</Timestamp><DateTime>Mon, 2013-02-11 21:22:47 EST</DateTime><ThumbUp>0</ThumbUp><ThumbDown>0</ThumbDown><Sentiment/></Message><Message type="ReplyMessage"><Id>1360636713916-175</Id><Topic><Title>talking ones book</Title><Username>ajblo</Username><Timestamp>1360629804953</Timestamp><DateTime>Mon, 2013-02-11 19:43:24 EST</DateTime></Topic><Msg>HAHAHAHAHAHAHAHAHA you can't be serious? I've presented ways for Yahoo to make tons of money over the years, IMO wise acquisitions(Netflix when it was in the $40's before it shot to $300 and LinkedIn, a year or two ago when it was around $80 and has doubled), a REALISTIC buyout valuation of no more than $27.91 and that is saying AG is worth TRIPLE what it is. I correctly predicted earnings to a T and $1.5B buyback. Frankly, I've given more information than the rest of this board put together. I actually know where Yahoo Investors is located unlike those that "talk their book" as you would say. Funny thing is this is only my 3rd post today and 4th since Friday yet am on the minds of everyone apparently. I'm up for healthy discourse BUT what is the point as the same dumb people believe the same dumb buyout rumors(Apple, Samsung, FB, Myspace, MSFT, etc.) and never learn a single thing? Take for example Coldone and Bravo, they used to make so many posts that Yahoo would have to remove not thousands but TENS of thousands off their total and STILL say the same s*** as they did 5yrs ago, neither is any closer to breaking even either. Both need the upper $20's($28+ and a shade under $27, respectively, Bravo needs to make for the massive loss in 09' when he sold 3,000 shares at a $10 loss) Now if you ARE right that makes people upset too SO strictly entertainment as you can't win. Anything other than entertainment would be dangerous to your portfolio!</Msg><Username>hotmodeltestid122</Username><Timestamp>1360636713916</Timestamp><DateTime>Mon, 2013-02-11 21:38:33 EST</DateTime><ThumbUp>0</ThumbUp><ThumbDown>3</ThumbDown><Sentiment/></Message><Message type="TopicMessage"><Id>1360637463834-176</Id><Title>blocked plug-in?</Title><Msg>I am getting that message because Yahoo changed something (again) without advising? I have a 1 month old IMac/</Msg><Username>scifijoe2001</Username><Timestamp>1360637463834</Timestamp><DateTime>Mon, 2013-02-11 21:51:03 EST</DateTime><ThumbUp>0</ThumbUp><ThumbDown>2</ThumbDown><Sentiment/></Message><Message type="ReplyMessage"><Id>1360638293354-177</Id><Topic><Title>It always goes back to 19 so no big hooooha here</Title><Username>tommy_loops</Username><Timestamp>1360634236871</Timestamp><DateTime>Mon, 2013-02-11 20:57:16 EST</DateTime></Topic><Msg>Unless this is another hotmodel or dr.gloom alias ID, time to move on and avoid losing more of your hardearned money shorting YHOO.</Msg><Username>goingbravo</Username><Timestamp>1360638293354</Timestamp><DateTime>Mon, 2013-02-11 22:04:53 EST</DateTime><ThumbUp>1</ThumbUp><ThumbDown>3</ThumbDown><Sentiment>Strong Buy</Sentiment></Message><Message type="ReplyMessage"><Id>1360639085187-178</Id><Topic><Title>talking ones book</Title><Username>ajblo</Username><Timestamp>1360629804953</Timestamp><DateTime>Mon, 2013-02-11 19:43:24 EST</DateTime></Topic><Msg>If you called a NFLX and LNKD acquisition a while back, those were certainly great calls. Yahoo should have puruchased those back then.</Msg><Username>lutts</Username><Timestamp>1360639085187</Timestamp><DateTime>Mon, 2013-02-11 22:18:05 EST</DateTime><ThumbUp>0</ThumbUp><ThumbDown>3</ThumbDown><Sentiment/></Message><Message type="ReplyMessage"><Id>1360644780251-179</Id><Topic><Title>Fibonacci Resistance levels</Title><Username>bhttsl</Username><Timestamp>1360382098409</Timestamp><DateTime>Fri, 2013-02-08 22:54:58 EST</DateTime></Topic><Msg>Don't believe fibs, they are lies anyway. $22.92 is the expected Fibonacci extension target.</Msg><Username>bhttsl</Username><Timestamp>1360644780251</Timestamp><DateTime>Mon, 2013-02-11 23:53:00 EST</DateTime><ThumbUp>0</ThumbUp><ThumbDown>0</ThumbDown><Sentiment>Buy</Sentiment></Message></Date>