<?xml version="1.0" encoding="UTF-8" standalone="no"?><Date date="2013-03-14"><Message type="TopicMessage"><Id>1363233722116-1</Id><Title>Look what happens when you get an Obamabot as CEO</Title><Msg>Wow how the stock manipulation here has changed in the recent months post Obamabot CEO.</Msg><Username>boomshakalakatuaca</Username><Timestamp>1363233722116</Timestamp><DateTime>Thu, 2013-03-14 00:02:02 EDT</DateTime><ThumbUp>0</ThumbUp><ThumbDown>1</ThumbDown><Sentiment/></Message><Message type="ReplyMessage"><Id>1363235257332-2</Id><Topic><Title>Yahoo Best Way To Participate In The Alibaba IPO</Title><Username>thetoadtimes</Username><Timestamp>1359993302021</Timestamp><DateTime>Mon, 2013-02-04 10:55:02 EST</DateTime></Topic><Msg>$80B</Msg><Username>neo1278alpha</Username><Timestamp>1363235257332</Timestamp><DateTime>Thu, 2013-03-14 00:27:37 EDT</DateTime><ThumbUp>1</ThumbUp><ThumbDown>1</ThumbDown><Sentiment/></Message><Message type="ReplyMessage"><Id>1363241310906-3</Id><Topic><Title>March 31 Bing Search deal will be canceled, May 10 Jack Ma steps down, Yahoo Japan to be sold</Title><Username>ashton10shyof</Username><Timestamp>1361378522875</Timestamp><DateTime>Wed, 2013-02-20 11:42:02 EST</DateTime></Topic><Msg>I agree.</Msg><Username>tetheredbird</Username><Timestamp>1363241310906</Timestamp><DateTime>Thu, 2013-03-14 02:08:30 EDT</DateTime><ThumbUp>1</ThumbUp><ThumbDown>0</ThumbDown><Sentiment/></Message><Message type="ReplyMessage"><Id>1363242183727-4</Id><Topic><Title>3 Catalysts That Will Push Yahoo To New Highs $30.00-32.00 by Years End</Title><Username>thetoadtimes</Username><Timestamp>1363008487649</Timestamp><DateTime>Mon, 2013-03-11 09:28:07 EDT</DateTime></Topic><Msg>Search news first followed by Alibaba.</Msg><Username>tr420</Username><Timestamp>1363242183727</Timestamp><DateTime>Thu, 2013-03-14 02:23:03 EDT</DateTime><ThumbUp>1</ThumbUp><ThumbDown>1</ThumbDown><Sentiment/></Message><Message type="ReplyMessage"><Id>1363242246699-5</Id><Topic><Title>Barclay's, Needham, B. Riley and Cantor Fitzgerald Give Yahoo $26 PT</Title><Username>co1done</Username><Timestamp>1362673240705</Timestamp><DateTime>Thu, 2013-03-07 11:20:40 EST</DateTime></Topic><Msg>Could drop below 1 billion shares.</Msg><Username>tr420</Username><Timestamp>1363242246699</Timestamp><DateTime>Thu, 2013-03-14 02:24:06 EDT</DateTime><ThumbUp>0</ThumbUp><ThumbDown>1</ThumbDown><Sentiment/></Message><Message type="ReplyMessage"><Id>1363242318174-6</Id><Topic><Title>Any short think Yhoo is dead money at $22.34?</Title><Username>webdave_2000</Username><Timestamp>1363228086864</Timestamp><DateTime>Wed, 2013-03-13 22:28:06 EDT</DateTime></Topic><Msg>All the Yahoo shorts are gone.</Msg><Username>tr420</Username><Timestamp>1363242318174</Timestamp><DateTime>Thu, 2013-03-14 02:25:18 EDT</DateTime><ThumbUp>2</ThumbUp><ThumbDown>2</ThumbDown><Sentiment/></Message><Message type="ReplyMessage"><Id>1363242419042-7</Id><Topic><Title>Hotmodel - Do you still think Yahoo was dead money at $15.80?</Title><Username>co1done</Username><Timestamp>1362587655224</Timestamp><DateTime>Wed, 2013-03-06 11:34:15 EST</DateTime></Topic><Msg>dead money at $15.80 was a ridiculous prediction.</Msg><Username>tr420</Username><Timestamp>1363242419042</Timestamp><DateTime>Thu, 2013-03-14 02:26:59 EDT</DateTime><ThumbUp>2</ThumbUp><ThumbDown>1</ThumbDown><Sentiment/></Message><Message type="ReplyMessage"><Id>1363255129702-8</Id><Topic><Title>YHOO Bounce Report</Title><Username>andreworren</Username><Timestamp>1363042592628</Timestamp><DateTime>Mon, 2013-03-11 18:56:32 EDT</DateTime></Topic><Msg>SPAMMER</Msg><Username>raulraul167</Username><Timestamp>1363255129702</Timestamp><DateTime>Thu, 2013-03-14 05:58:49 EDT</DateTime><ThumbUp>2</ThumbUp><ThumbDown>0</ThumbDown><Sentiment/></Message><Message type="TopicMessage"><Id>1363258349542-9</Id><Title>Mayer gets trashed at party</Title><Msg>media hides details</Msg><Username>garybirch55</Username><Timestamp>1363258349542</Timestamp><DateTime>Thu, 2013-03-14 06:52:29 EDT</DateTime><ThumbUp>0</ThumbUp><ThumbDown>2</ThumbDown><Sentiment/></Message><Message type="TopicMessage"><Id>1363261898985-10</Id><Title>Watch out</Title><Msg>If it try to go up, I'll give it a very good short. ShortShortShort!</Msg><Username>coldonefather</Username><Timestamp>1363261898985</Timestamp><DateTime>Thu, 2013-03-14 07:51:38 EDT</DateTime><ThumbUp>0</ThumbUp><ThumbDown>2</ThumbDown><Sentiment>Strong Sell</Sentiment></Message><Message type="TopicMessage"><Id>1363264914600-11</Id><Title>YAHOO anology</Title><Msg>In 2007 YHOO was trading between $30 and $34 per share, today you can buy YHOO at $22.00, a huge discount. In 2007 that $34.00 was worth much more as in purchase power compare to 20013. In few words if yahoo was trading at $30 today its still a bargain if you put into account inflation eroding the US $ since 2007.</Msg><Username>mastrobenardino</Username><Timestamp>1363264914600</Timestamp><DateTime>Thu, 2013-03-14 08:41:54 EDT</DateTime><ThumbUp>1</ThumbUp><ThumbDown>2</ThumbDown><Sentiment>Buy</Sentiment></Message><Message type="ReplyMessage"><Id>1363265234982-12</Id><Topic><Title>Mayer gets trashed at party</Title><Username>garybirch55</Username><Timestamp>1363258349542</Timestamp><DateTime>Thu, 2013-03-14 06:52:29 EDT</DateTime></Topic><Msg>Do you feel better?</Msg><Username>randywms55</Username><Timestamp>1363265234982</Timestamp><DateTime>Thu, 2013-03-14 08:47:14 EDT</DateTime><ThumbUp>0</ThumbUp><ThumbDown>0</ThumbDown><Sentiment/></Message><Message type="ReplyMessage"><Id>1363265294855-13</Id><Topic><Title>YAHOO anology</Title><Username>mastrobenardino</Username><Timestamp>1363264914600</Timestamp><DateTime>Thu, 2013-03-14 08:41:54 EDT</DateTime></Topic><Msg>And yet one could argue Yahoo is in much better position than they were in 2007.</Msg><Username>randywms55</Username><Timestamp>1363265294855</Timestamp><DateTime>Thu, 2013-03-14 08:48:14 EDT</DateTime><ThumbUp>0</ThumbUp><ThumbDown>0</ThumbDown><Sentiment/></Message><Message type="ReplyMessage"><Id>1363267485813-14</Id><Topic><Title>YAHOO anology</Title><Username>mastrobenardino</Username><Timestamp>1363264914600</Timestamp><DateTime>Thu, 2013-03-14 08:41:54 EDT</DateTime></Topic><Msg>That has to be the poorest reason to buy a stock I have ever seen. RIMM use to trade at $150. Is it undervalued now at $14?. So how does this sound? In 2001 YHOO was trading between $5 and $6 per share, today you can sell YHOO at $22.00, a huge premium. In 2001 that $5.00 was worth much more as in purchase power compare to 2013. In few words if yahoo was trading at $5 today its still over priced if you put into account inflation eroding the US $ since 2001.</Msg><Username>wbobeli</Username><Timestamp>1363267485813</Timestamp><DateTime>Thu, 2013-03-14 09:24:45 EDT</DateTime><ThumbUp>1</ThumbUp><ThumbDown>1</ThumbDown><Sentiment/></Message><Message type="ReplyMessage"><Id>1363268376449-15</Id><Topic><Title>Yahoo Best Way To Participate In The Alibaba IPO</Title><Username>thetoadtimes</Username><Timestamp>1359993302021</Timestamp><DateTime>Mon, 2013-02-04 10:55:02 EST</DateTime></Topic><Msg>Smart man...</Msg><Username>co1done</Username><Timestamp>1363268376449</Timestamp><DateTime>Thu, 2013-03-14 09:39:36 EDT</DateTime><ThumbUp>2</ThumbUp><ThumbDown>1</ThumbDown><Sentiment/></Message><Message type="ReplyMessage"><Id>1363268418599-16</Id><Topic><Title>Coldone's advice to buy Yahoo from $11 to $21 was spot on!</Title><Username>shelcorecrust</Username><Timestamp>1362511915833</Timestamp><DateTime>Tue, 2013-03-05 14:31:55 EST</DateTime></Topic><Msg>That a boy...</Msg><Username>co1done</Username><Timestamp>1363268418599</Timestamp><DateTime>Thu, 2013-03-14 09:40:18 EDT</DateTime><ThumbUp>2</ThumbUp><ThumbDown>1</ThumbDown><Sentiment/></Message><Message type="ReplyMessage"><Id>1363268531661-17</Id><Topic><Title>YAHOO anology</Title><Username>mastrobenardino</Username><Timestamp>1363264914600</Timestamp><DateTime>Thu, 2013-03-14 08:41:54 EDT</DateTime></Topic><Msg>After talking about analogy, how about talking about expiring deal. 31 Mar is fast approaching, so when are we going to hear the news. Do you think YHOO will terminate or extend the search partnership?</Msg><Username>goingbravo</Username><Timestamp>1363268531661</Timestamp><DateTime>Thu, 2013-03-14 09:42:11 EDT</DateTime><ThumbUp>0</ThumbUp><ThumbDown>0</ThumbDown><Sentiment>Strong Buy</Sentiment></Message><Message type="ReplyMessage"><Id>1363268552345-18</Id><Topic><Title>YHOO/MSFT search deal (termination or extension--31 Mar) could pop anytime!!</Title><Username>goingbravo</Username><Timestamp>1363107169316</Timestamp><DateTime>Tue, 2013-03-12 12:52:49 EDT</DateTime></Topic><Msg>bravo's not very bright.</Msg><Username>remmy12554</Username><Timestamp>1363268552345</Timestamp><DateTime>Thu, 2013-03-14 09:42:32 EDT</DateTime><ThumbUp>3</ThumbUp><ThumbDown>0</ThumbDown><Sentiment/></Message><Message type="ReplyMessage"><Id>1363268875748-19</Id><Topic><Title>Bought Yahoo at $22.20</Title><Username>drago37712</Username><Timestamp>1363102813223</Timestamp><DateTime>Tue, 2013-03-12 11:40:13 EDT</DateTime></Topic><Msg>Thanks!</Msg><Username>drago37712</Username><Timestamp>1363268875748</Timestamp><DateTime>Thu, 2013-03-14 09:47:55 EDT</DateTime><ThumbUp>1</ThumbUp><ThumbDown>0</ThumbDown><Sentiment/></Message><Message type="ReplyMessage"><Id>1363269084238-20</Id><Topic><Title>Another miserable day for Yahoo shorts</Title><Username>co1done</Username><Timestamp>1362751246657</Timestamp><DateTime>Fri, 2013-03-08 09:00:46 EST</DateTime></Topic><Msg>Dead and gone...</Msg><Username>co1done</Username><Timestamp>1363269084238</Timestamp><DateTime>Thu, 2013-03-14 09:51:24 EDT</DateTime><ThumbUp>2</ThumbUp><ThumbDown>1</ThumbDown><Sentiment/></Message><Message type="ReplyMessage"><Id>1363269383573-21</Id><Topic><Title>March 31 Bing Search deal will be canceled, May 10 Jack Ma steps down, Yahoo Japan to be sold</Title><Username>ashton10shyof</Username><Timestamp>1361378522875</Timestamp><DateTime>Wed, 2013-02-20 11:42:02 EST</DateTime></Topic><Msg>Mayer is focused on search. The Bing partnership is not working, Mayer must fix it.</Msg><Username>drago37712</Username><Timestamp>1363269383573</Timestamp><DateTime>Thu, 2013-03-14 09:56:23 EDT</DateTime><ThumbUp>0</ThumbUp><ThumbDown>0</ThumbDown><Sentiment/></Message><Message type="ReplyMessage"><Id>1363269463868-22</Id><Topic><Title>Hotmodel - Do you still think Yahoo was dead money at $15.80?</Title><Username>co1done</Username><Timestamp>1362587655224</Timestamp><DateTime>Wed, 2013-03-06 11:34:15 EST</DateTime></Topic><Msg>It was a hotmodel prediction. What did you expect? Anyone that goes against the coldone isn't very smart.</Msg><Username>tetheredbird</Username><Timestamp>1363269463868</Timestamp><DateTime>Thu, 2013-03-14 09:57:43 EDT</DateTime><ThumbUp>1</ThumbUp><ThumbDown>1</ThumbDown><Sentiment/></Message><Message type="ReplyMessage"><Id>1363269537193-23</Id><Topic><Title>Google’s Arora Says He’s Open to Expanding Yahoo Ad Relationship</Title><Username>tetheredbird</Username><Timestamp>1362513871889</Timestamp><DateTime>Tue, 2013-03-05 15:04:31 EST</DateTime></Topic><Msg>You scared the shorts.</Msg><Username>remmy12554</Username><Timestamp>1363269537193</Timestamp><DateTime>Thu, 2013-03-14 09:58:57 EDT</DateTime><ThumbUp>2</ThumbUp><ThumbDown>0</ThumbDown><Sentiment/></Message><Message type="ReplyMessage"><Id>1363269905296-24</Id><Topic><Title>Good day to be long puts or short the stock</Title><Username>dickey_betts44</Username><Timestamp>1363048581875</Timestamp><DateTime>Mon, 2013-03-11 20:36:21 EDT</DateTime></Topic><Msg>Good day to be long the stock or calls...</Msg><Username>eric_steiman</Username><Timestamp>1363269905296</Timestamp><DateTime>Thu, 2013-03-14 10:05:05 EDT</DateTime><ThumbUp>0</ThumbUp><ThumbDown>0</ThumbDown><Sentiment/></Message><Message type="ReplyMessage"><Id>1363269964939-25</Id><Topic><Title>Watch out</Title><Username>coldonefather</Username><Timestamp>1363261898985</Timestamp><DateTime>Thu, 2013-03-14 07:51:38 EDT</DateTime></Topic><Msg>it will be up 1 cent today and tomorrow will down 50 cents.</Msg><Username>coldonefather</Username><Timestamp>1363269964939</Timestamp><DateTime>Thu, 2013-03-14 10:06:04 EDT</DateTime><ThumbUp>0</ThumbUp><ThumbDown>1</ThumbDown><Sentiment>Strong Sell</Sentiment></Message><Message type="ReplyMessage"><Id>1363270886039-26</Id><Topic><Title>Hotmodel - Do you still think Yahoo was dead money at $15.80?</Title><Username>co1done</Username><Timestamp>1362587655224</Timestamp><DateTime>Wed, 2013-03-06 11:34:15 EST</DateTime></Topic><Msg>hotmodel's new alias is halgordon.</Msg><Username>remmy12554</Username><Timestamp>1363270886039</Timestamp><DateTime>Thu, 2013-03-14 10:21:26 EDT</DateTime><ThumbUp>2</ThumbUp><ThumbDown>1</ThumbDown><Sentiment/></Message><Message type="ReplyMessage"><Id>1363271034142-27</Id><Topic><Title>Coldone's advice to buy Yahoo from $11 to $21 was spot on!</Title><Username>shelcorecrust</Username><Timestamp>1362511915833</Timestamp><DateTime>Tue, 2013-03-05 14:31:55 EST</DateTime></Topic><Msg>Guess.</Msg><Username>co1done</Username><Timestamp>1363271034142</Timestamp><DateTime>Thu, 2013-03-14 10:23:54 EDT</DateTime><ThumbUp>2</ThumbUp><ThumbDown>0</ThumbDown><Sentiment/></Message><Message type="ReplyMessage"><Id>1363271121108-28</Id><Topic><Title>Confession: Why I bought Yahoo at $14. Why Coldone is a bright bulb.</Title><Username>roirop</Username><Timestamp>1363120436576</Timestamp><DateTime>Tue, 2013-03-12 16:33:56 EDT</DateTime></Topic><Msg>Sheep's clothes...</Msg><Username>co1done</Username><Timestamp>1363271121108</Timestamp><DateTime>Thu, 2013-03-14 10:25:21 EDT</DateTime><ThumbUp>2</ThumbUp><ThumbDown>0</ThumbDown><Sentiment/></Message><Message type="ReplyMessage"><Id>1363271146183-29</Id><Topic><Title>March 31 Bing Search deal will be canceled, May 10 Jack Ma steps down, Yahoo Japan to be sold</Title><Username>ashton10shyof</Username><Timestamp>1361378522875</Timestamp><DateTime>Wed, 2013-02-20 11:42:02 EST</DateTime></Topic><Msg>Poor Steve...</Msg><Username>co1done</Username><Timestamp>1363271146183</Timestamp><DateTime>Thu, 2013-03-14 10:25:46 EDT</DateTime><ThumbUp>2</ThumbUp><ThumbDown>0</ThumbDown><Sentiment/></Message><Message type="ReplyMessage"><Id>1363271173401-30</Id><Topic><Title>Any short think Yhoo is dead money at $22.34?</Title><Username>webdave_2000</Username><Timestamp>1363228086864</Timestamp><DateTime>Wed, 2013-03-13 22:28:06 EDT</DateTime></Topic><Msg>Shorts are scared...</Msg><Username>co1done</Username><Timestamp>1363271173401</Timestamp><DateTime>Thu, 2013-03-14 10:26:13 EDT</DateTime><ThumbUp>3</ThumbUp><ThumbDown>3</ThumbDown><Sentiment/></Message><Message type="ReplyMessage"><Id>1363271925821-31</Id><Topic><Title>YHOO Insider Trading Reported !!</Title><Username>dorisdavis</Username><Timestamp>1363110509896</Timestamp><DateTime>Tue, 2013-03-12 13:48:29 EDT</DateTime></Topic><Msg>good report! thank you shareholder</Msg><Username>joanne.brewsky</Username><Timestamp>1363271925821</Timestamp><DateTime>Thu, 2013-03-14 10:38:45 EDT</DateTime><ThumbUp>1</ThumbUp><ThumbDown>1</ThumbDown><Sentiment/></Message><Message type="ReplyMessage"><Id>1363272012371-32</Id><Topic><Title>Any short think Yhoo is dead money at $22.34?</Title><Username>webdave_2000</Username><Timestamp>1363228086864</Timestamp><DateTime>Wed, 2013-03-13 22:28:06 EDT</DateTime></Topic><Msg>Shorts lost all their money. They have been reduced to message board trolls.</Msg><Username>tetheredbird</Username><Timestamp>1363272012371</Timestamp><DateTime>Thu, 2013-03-14 10:40:12 EDT</DateTime><ThumbUp>3</ThumbUp><ThumbDown>2</ThumbDown><Sentiment/></Message><Message type="ReplyMessage"><Id>1363272176095-33</Id><Topic><Title>Hotmodel - Do you still think Yahoo was dead money at $15.80?</Title><Username>co1done</Username><Timestamp>1362587655224</Timestamp><DateTime>Wed, 2013-03-06 11:34:15 EST</DateTime></Topic><Msg>Get on your knees when you address coldone. He rules you.</Msg><Username>remmy12554</Username><Timestamp>1363272176095</Timestamp><DateTime>Thu, 2013-03-14 10:42:56 EDT</DateTime><ThumbUp>2</ThumbUp><ThumbDown>1</ThumbDown><Sentiment/></Message><Message type="ReplyMessage"><Id>1363272203467-34</Id><Topic><Title>Any short think Yhoo is dead money at $22.34?</Title><Username>webdave_2000</Username><Timestamp>1363228086864</Timestamp><DateTime>Wed, 2013-03-13 22:28:06 EDT</DateTime></Topic><Msg>Another question hotmodel is afraid to answer.</Msg><Username>remmy12554</Username><Timestamp>1363272203467</Timestamp><DateTime>Thu, 2013-03-14 10:43:23 EDT</DateTime><ThumbUp>3</ThumbUp><ThumbDown>1</ThumbDown><Sentiment/></Message><Message type="ReplyMessage"><Id>1363272527817-35</Id><Topic><Title>Barclay's, Needham, B. Riley and Cantor Fitzgerald Give Yahoo $26 PT</Title><Username>co1done</Username><Timestamp>1362673240705</Timestamp><DateTime>Thu, 2013-03-07 11:20:40 EST</DateTime></Topic><Msg>Are all of these analysts wrong and hotmodel is right? lol!!!!!!!!!!!!!!!!!!!!!!!</Msg><Username>ashton10shyof</Username><Timestamp>1363272527817</Timestamp><DateTime>Thu, 2013-03-14 10:48:47 EDT</DateTime><ThumbUp>2</ThumbUp><ThumbDown>0</ThumbDown><Sentiment/></Message><Message type="ReplyMessage"><Id>1363272554634-36</Id><Topic><Title>3 Catalysts That Will Push Yahoo To New Highs $30.00-32.00 by Years End</Title><Username>thetoadtimes</Username><Timestamp>1363008487649</Timestamp><DateTime>Mon, 2013-03-11 09:28:07 EDT</DateTime></Topic><Msg>It's all coming in the next two months.</Msg><Username>ashton10shyof</Username><Timestamp>1363272554634</Timestamp><DateTime>Thu, 2013-03-14 10:49:14 EDT</DateTime><ThumbUp>2</ThumbUp><ThumbDown>0</ThumbDown><Sentiment/></Message><Message type="ReplyMessage"><Id>1363272600115-37</Id><Topic><Title>Yahoo Best Way To Participate In The Alibaba IPO</Title><Username>thetoadtimes</Username><Timestamp>1359993302021</Timestamp><DateTime>Mon, 2013-02-04 10:55:02 EST</DateTime></Topic><Msg>coldone's advice is always good.</Msg><Username>ashton10shyof</Username><Timestamp>1363272600115</Timestamp><DateTime>Thu, 2013-03-14 10:50:00 EDT</DateTime><ThumbUp>2</ThumbUp><ThumbDown>0</ThumbDown><Sentiment/></Message><Message type="ReplyMessage"><Id>1363272874967-38</Id><Topic><Title>Any short think Yhoo is dead money at $22.34?</Title><Username>webdave_2000</Username><Timestamp>1363228086864</Timestamp><DateTime>Wed, 2013-03-13 22:28:06 EDT</DateTime></Topic><Msg>That will keep the shorts quiet.</Msg><Username>shelcorecrust</Username><Timestamp>1363272874967</Timestamp><DateTime>Thu, 2013-03-14 10:54:34 EDT</DateTime><ThumbUp>2</ThumbUp><ThumbDown>2</ThumbDown><Sentiment/></Message><Message type="ReplyMessage"><Id>1363272933763-39</Id><Topic><Title>Any short think Yhoo is dead money at $22.34?</Title><Username>webdave_2000</Username><Timestamp>1363228086864</Timestamp><DateTime>Wed, 2013-03-13 22:28:06 EDT</DateTime></Topic><Msg>That question shut hotmodel up.</Msg><Username>remmy12554</Username><Timestamp>1363272933763</Timestamp><DateTime>Thu, 2013-03-14 10:55:33 EDT</DateTime><ThumbUp>4</ThumbUp><ThumbDown>1</ThumbDown><Sentiment/></Message><Message type="ReplyMessage"><Id>1363273853469-40</Id><Topic><Title>Any short think Yhoo is dead money at $22.34?</Title><Username>webdave_2000</Username><Timestamp>1363228086864</Timestamp><DateTime>Wed, 2013-03-13 22:28:06 EDT</DateTime></Topic><Msg>hotmodel's stupidity keeps her silenced. The coldone controls hotmodel...</Msg><Username>co1done</Username><Timestamp>1363273853469</Timestamp><DateTime>Thu, 2013-03-14 11:10:53 EDT</DateTime><ThumbUp>2</ThumbUp><ThumbDown>1</ThumbDown><Sentiment/></Message><Message type="ReplyMessage"><Id>1363273881690-41</Id><Topic><Title>Any short think Yhoo is dead money at $22.34?</Title><Username>webdave_2000</Username><Timestamp>1363228086864</Timestamp><DateTime>Wed, 2013-03-13 22:28:06 EDT</DateTime></Topic><Msg>Watch snotty hide...</Msg><Username>co1done</Username><Timestamp>1363273881690</Timestamp><DateTime>Thu, 2013-03-14 11:11:21 EDT</DateTime><ThumbUp>2</ThumbUp><ThumbDown>1</ThumbDown><Sentiment/></Message><Message type="ReplyMessage"><Id>1363274050852-42</Id><Topic><Title>CLODONE SHOW THE POST WHERE YOU TOLD EVERYONE TO BUY YHOO @ 11-12 AT MARKET BOTTOM</Title><Username>halgordon62</Username><Timestamp>1363269917764</Timestamp><DateTime>Thu, 2013-03-14 10:05:17 EDT</DateTime></Topic><Msg>Do you think Yahoo is dead money at $22.34 or are you afraid to answer?</Msg><Username>remmy12554</Username><Timestamp>1363274050852</Timestamp><DateTime>Thu, 2013-03-14 11:14:10 EDT</DateTime><ThumbUp>3</ThumbUp><ThumbDown>1</ThumbDown><Sentiment/></Message><Message type="ReplyMessage"><Id>1363274093145-43</Id><Topic><Title>Any short think Yhoo is dead money at $22.34?</Title><Username>webdave_2000</Username><Timestamp>1363228086864</Timestamp><DateTime>Wed, 2013-03-13 22:28:06 EDT</DateTime></Topic><Msg>hotmodel is trying to talk to you using her halgordon alias. It's a pitiful site.</Msg><Username>remmy12554</Username><Timestamp>1363274093145</Timestamp><DateTime>Thu, 2013-03-14 11:14:53 EDT</DateTime><ThumbUp>2</ThumbUp><ThumbDown>2</ThumbDown><Sentiment/></Message><Message type="TopicMessage"><Id>1363274319676-44</Id><Title>new message board</Title><Msg>Imm sure having probs with it.</Msg><Username>rmalin433</Username><Timestamp>1363274319676</Timestamp><DateTime>Thu, 2013-03-14 11:18:39 EDT</DateTime><ThumbUp>0</ThumbUp><ThumbDown>1</ThumbDown><Sentiment>Buy</Sentiment></Message><Message type="ReplyMessage"><Id>1363274334788-45</Id><Topic><Title>Any short think Yhoo is dead money at $22.34?</Title><Username>webdave_2000</Username><Timestamp>1363228086864</Timestamp><DateTime>Wed, 2013-03-13 22:28:06 EDT</DateTime></Topic><Msg>HAHAHAHAHAHAHAHAHA that question doesn't even make sense?!?!?! I know SoDumbKid says that "shut me up" but that kid has such low intelligence its pathetic. A short is a person betting the stock goes DOWN. A short would NEVER bet on "dead money" as that means no movement, impossible to make money. If a person bets on "dead money" they're using the decay of options to make money regardless where the stock goes. What I did back in August was write ITM options making me a synthetic long. I collected the money up front invested it in SID and Netflix(which has gone from $60 to $192) and covered it(bought back those written options) at $19.40. My return was infinite as I invested nothing. My share price was $14.30s IF assigned. Now last month I went short gaining .50 and one week ago I went short again so up on that as well(10% at the moment). What a laugh though!!!lol Maybe its time to use your Brainless_2004 ID what do you think???</Msg><Username>hotmodeltestid122</Username><Timestamp>1363274334788</Timestamp><DateTime>Thu, 2013-03-14 11:18:54 EDT</DateTime><ThumbUp>1</ThumbUp><ThumbDown>8</ThumbDown><Sentiment/></Message><Message type="ReplyMessage"><Id>1363274360320-46</Id><Topic><Title>Hotmodel - Do you still think Yahoo was dead money at $15.80?</Title><Username>co1done</Username><Timestamp>1362587655224</Timestamp><DateTime>Wed, 2013-03-06 11:34:15 EST</DateTime></Topic><Msg>Did her stalking coldone give it away or just the lack of intelligence in every post she writes?</Msg><Username>ashton10shyof</Username><Timestamp>1363274360320</Timestamp><DateTime>Thu, 2013-03-14 11:19:20 EDT</DateTime><ThumbUp>3</ThumbUp><ThumbDown>2</ThumbDown><Sentiment/></Message><Message type="ReplyMessage"><Id>1363274527222-47</Id><Topic><Title>Any short think Yhoo is dead money at $22.34?</Title><Username>webdave_2000</Username><Timestamp>1363228086864</Timestamp><DateTime>Wed, 2013-03-13 22:28:06 EDT</DateTime></Topic><Msg>coldone controls hotmodel like a puppet. hotmodel is desperate for coldone's attention.</Msg><Username>tetheredbird</Username><Timestamp>1363274527222</Timestamp><DateTime>Thu, 2013-03-14 11:22:07 EDT</DateTime><ThumbUp>2</ThumbUp><ThumbDown>3</ThumbDown><Sentiment/></Message><Message type="ReplyMessage"><Id>1363274651183-48</Id><Topic><Title>Any short think Yhoo is dead money at $22.34?</Title><Username>webdave_2000</Username><Timestamp>1363228086864</Timestamp><DateTime>Wed, 2013-03-13 22:28:06 EDT</DateTime></Topic><Msg>You blew the dead money at $15.80 call. Do you think Yahoo is dead money at $22.50? I don't but getting you to answer shows everyone how clueless you are if you aren't afraid to answer after the last beating you took.</Msg><Username>neo1278alpha</Username><Timestamp>1363274651183</Timestamp><DateTime>Thu, 2013-03-14 11:24:11 EDT</DateTime><ThumbUp>3</ThumbUp><ThumbDown>4</ThumbDown><Sentiment/></Message><Message type="ReplyMessage"><Id>1363274831865-49</Id><Topic><Title>Coldone's advice to buy Yahoo from $11 to $21 was spot on!</Title><Username>shelcorecrust</Username><Timestamp>1362511915833</Timestamp><DateTime>Tue, 2013-03-05 14:31:55 EST</DateTime></Topic><Msg>Coldone said buy, hotmodel said sell. coldone wins!</Msg><Username>ashton10shyof</Username><Timestamp>1363274831865</Timestamp><DateTime>Thu, 2013-03-14 11:27:11 EDT</DateTime><ThumbUp>2</ThumbUp><ThumbDown>4</ThumbDown><Sentiment/></Message><Message type="ReplyMessage"><Id>1363275010079-50</Id><Topic><Title>YHOO/MSFT search deal (termination or extension--31 Mar) could pop anytime!!</Title><Username>goingbravo</Username><Timestamp>1363107169316</Timestamp><DateTime>Tue, 2013-03-12 12:52:49 EDT</DateTime></Topic><Msg>I am trying to be conservative and betting it safe. My take is that if all depends how they will value the IPO, say $40B, $60B, $80B or even $100B.</Msg><Username>goingbravo</Username><Timestamp>1363275010079</Timestamp><DateTime>Thu, 2013-03-14 11:30:10 EDT</DateTime><ThumbUp>0</ThumbUp><ThumbDown>2</ThumbDown><Sentiment>Strong Buy</Sentiment></Message><Message type="ReplyMessage"><Id>1363275333272-51</Id><Topic><Title>YHOO/MSFT search deal (termination or extension--31 Mar) could pop anytime!!</Title><Username>goingbravo</Username><Timestamp>1363107169316</Timestamp><DateTime>Tue, 2013-03-12 12:52:49 EDT</DateTime></Topic><Msg>goingbravo finds the most simple statements difficult to make with any accuracy.</Msg><Username>nanobot8042</Username><Timestamp>1363275333272</Timestamp><DateTime>Thu, 2013-03-14 11:35:33 EDT</DateTime><ThumbUp>1</ThumbUp><ThumbDown>0</ThumbDown><Sentiment/></Message><Message type="ReplyMessage"><Id>1363275358814-52</Id><Topic><Title>Any short think Yhoo is dead money at $22.34?</Title><Username>webdave_2000</Username><Timestamp>1363228086864</Timestamp><DateTime>Wed, 2013-03-13 22:28:06 EDT</DateTime></Topic><Msg>hotmodel gets silenced again!! lol!!!!!!!!!!!!!!!</Msg><Username>nanobot8042</Username><Timestamp>1363275358814</Timestamp><DateTime>Thu, 2013-03-14 11:35:58 EDT</DateTime><ThumbUp>2</ThumbUp><ThumbDown>1</ThumbDown><Sentiment/></Message><Message type="ReplyMessage"><Id>1363275996163-53</Id><Topic><Title>Any short think Yhoo is dead money at $22.34?</Title><Username>webdave_2000</Username><Timestamp>1363228086864</Timestamp><DateTime>Wed, 2013-03-13 22:28:06 EDT</DateTime></Topic><Msg>Gee 4 thumbs down and 3 replies from SoDumbKid's ID's...how sad! Sorry Neo-N A Z I you're on IGNORE and since you know that why do you always try to talk to me? Nanotard is on ignore too and tries to talk to me...what #$%$. Its alright not all of us are smart enough to collect money up front and invest it in a stock that has TRIPLED!!! As for Tetherbird, I posted a DOZEN times in a MONTH and you mention me HUNDREDS of times like a crazy psycho. Not my fault your mom wanted to abort the fetus and you've been trying to validate your "self-worth" ever since. How do you do that you might ask...creating fake ID's and making phantom buys.hahahahaha</Msg><Username>hotmodeltestid122</Username><Timestamp>1363275996163</Timestamp><DateTime>Thu, 2013-03-14 11:46:36 EDT</DateTime><ThumbUp>0</ThumbUp><ThumbDown>5</ThumbDown><Sentiment/></Message><Message type="ReplyMessage"><Id>1363276617881-54</Id><Topic><Title>YHOO Insider Trading Reported !!</Title><Username>dorisdavis</Username><Timestamp>1363110509896</Timestamp><DateTime>Tue, 2013-03-12 13:48:29 EDT</DateTime></Topic><Msg>thanks for sharing</Msg><Username>ywilliam63sh</Username><Timestamp>1363276617881</Timestamp><DateTime>Thu, 2013-03-14 11:56:57 EDT</DateTime><ThumbUp>0</ThumbUp><ThumbDown>1</ThumbDown><Sentiment/></Message><Message type="ReplyMessage"><Id>1363277473738-55</Id><Topic><Title>Watch out</Title><Username>coldonefather</Username><Timestamp>1363261898985</Timestamp><DateTime>Thu, 2013-03-14 07:51:38 EDT</DateTime></Topic><Msg>It's falling, keep falling!</Msg><Username>coldonefather</Username><Timestamp>1363277473738</Timestamp><DateTime>Thu, 2013-03-14 12:11:13 EDT</DateTime><ThumbUp>0</ThumbUp><ThumbDown>1</ThumbDown><Sentiment>Strong Sell</Sentiment></Message><Message type="ReplyMessage"><Id>1363277711949-56</Id><Topic><Title>Any short think Yhoo is dead money at $22.34?</Title><Username>webdave_2000</Username><Timestamp>1363228086864</Timestamp><DateTime>Wed, 2013-03-13 22:28:06 EDT</DateTime></Topic><Msg>Stop trying to talk to coldone. It makes you look like a stalker. Answer the question so I can stop laughing in your face.</Msg><Username>tetheredbird</Username><Timestamp>1363277711949</Timestamp><DateTime>Thu, 2013-03-14 12:15:11 EDT</DateTime><ThumbUp>2</ThumbUp><ThumbDown>1</ThumbDown><Sentiment/></Message><Message type="ReplyMessage"><Id>1363277733983-57</Id><Topic><Title>Any short think Yhoo is dead money at $22.34?</Title><Username>webdave_2000</Username><Timestamp>1363228086864</Timestamp><DateTime>Wed, 2013-03-13 22:28:06 EDT</DateTime></Topic><Msg>hotmodel is afraid to answer.</Msg><Username>tetheredbird</Username><Timestamp>1363277733983</Timestamp><DateTime>Thu, 2013-03-14 12:15:33 EDT</DateTime><ThumbUp>4</ThumbUp><ThumbDown>1</ThumbDown><Sentiment/></Message><Message type="ReplyMessage"><Id>1363278174756-58</Id><Topic><Title>Any short think Yhoo is dead money at $22.34?</Title><Username>webdave_2000</Username><Timestamp>1363228086864</Timestamp><DateTime>Wed, 2013-03-13 22:28:06 EDT</DateTime></Topic><Msg>Every time she answers everyone gets to see how stupid she is. hotmodel has been silenced...</Msg><Username>co1done</Username><Timestamp>1363278174756</Timestamp><DateTime>Thu, 2013-03-14 12:22:54 EDT</DateTime><ThumbUp>3</ThumbUp><ThumbDown>2</ThumbDown><Sentiment/></Message><Message type="ReplyMessage"><Id>1363278302402-59</Id><Topic><Title>Hotmodel - Do you still think Yahoo was dead money at $15.80?</Title><Username>co1done</Username><Timestamp>1362587655224</Timestamp><DateTime>Wed, 2013-03-06 11:34:15 EST</DateTime></Topic><Msg>hotmodel has been silenced...</Msg><Username>co1done</Username><Timestamp>1363278302402</Timestamp><DateTime>Thu, 2013-03-14 12:25:02 EDT</DateTime><ThumbUp>2</ThumbUp><ThumbDown>1</ThumbDown><Sentiment/></Message><Message type="ReplyMessage"><Id>1363279867833-60</Id><Topic><Title>YHOO Bounce Report</Title><Username>andreworren</Username><Timestamp>1363042592628</Timestamp><DateTime>Mon, 2013-03-11 18:56:32 EDT</DateTime></Topic><Msg>really cool one!</Msg><Username>dannycarles</Username><Timestamp>1363279867833</Timestamp><DateTime>Thu, 2013-03-14 12:51:07 EDT</DateTime><ThumbUp>0</ThumbUp><ThumbDown>4</ThumbDown><Sentiment>Buy</Sentiment></Message><Message type="ReplyMessage"><Id>1363281277455-61</Id><Topic><Title>YHOO Insider Trading Reported !!</Title><Username>dorisdavis</Username><Timestamp>1363110509896</Timestamp><DateTime>Tue, 2013-03-12 13:48:29 EDT</DateTime></Topic><Msg>thanks</Msg><Username>walkeradrian14</Username><Timestamp>1363281277455</Timestamp><DateTime>Thu, 2013-03-14 13:14:37 EDT</DateTime><ThumbUp>0</ThumbUp><ThumbDown>1</ThumbDown><Sentiment/></Message><Message type="ReplyMessage"><Id>1363282183458-62</Id><Topic><Title>Any short think Yhoo is dead money at $22.34?</Title><Username>webdave_2000</Username><Timestamp>1363228086864</Timestamp><DateTime>Wed, 2013-03-13 22:28:06 EDT</DateTime></Topic><Msg>Answer the question or at least keep this on top with another reply no one will read.</Msg><Username>nanobot8042</Username><Timestamp>1363282183458</Timestamp><DateTime>Thu, 2013-03-14 13:29:43 EDT</DateTime><ThumbUp>2</ThumbUp><ThumbDown>1</ThumbDown><Sentiment/></Message><Message type="ReplyMessage"><Id>1363282232574-63</Id><Topic><Title>Hotmodel - Do you still think Yahoo was dead money at $15.80?</Title><Username>co1done</Username><Timestamp>1362587655224</Timestamp><DateTime>Wed, 2013-03-06 11:34:15 EST</DateTime></Topic><Msg>hotmodel is afraid to answer any questions since getting burnt. time after time.</Msg><Username>nanobot8042</Username><Timestamp>1363282232574</Timestamp><DateTime>Thu, 2013-03-14 13:30:32 EDT</DateTime><ThumbUp>2</ThumbUp><ThumbDown>0</ThumbDown><Sentiment/></Message><Message type="ReplyMessage"><Id>1363282354800-64</Id><Topic><Title>Yahoo Best Way To Participate In The Alibaba IPO</Title><Username>thetoadtimes</Username><Timestamp>1359993302021</Timestamp><DateTime>Mon, 2013-02-04 10:55:02 EST</DateTime></Topic><Msg>The real investors on this board have posted their buys. The shorts have gone into hiding and trolls like hotmodel waste away.</Msg><Username>nanobot8042</Username><Timestamp>1363282354800</Timestamp><DateTime>Thu, 2013-03-14 13:32:34 EDT</DateTime><ThumbUp>2</ThumbUp><ThumbDown>0</ThumbDown><Sentiment/></Message><Message type="ReplyMessage"><Id>1363282421885-65</Id><Topic><Title>CLODONE WHY WOULD PEOPLE ALL OF A SUDDEN TAKE THEIR MONEY AND TRUST WHAT A MESSAGE BOARD POSER ADVISES</Title><Username>halgordon62</Username><Timestamp>1363282262450</Timestamp><DateTime>Thu, 2013-03-14 13:31:02 EDT</DateTime></Topic><Msg>Coldone is always right. Pat attention hotmodel.</Msg><Username>nanobot8042</Username><Timestamp>1363282421885</Timestamp><DateTime>Thu, 2013-03-14 13:33:41 EDT</DateTime><ThumbUp>2</ThumbUp><ThumbDown>0</ThumbDown><Sentiment/></Message><Message type="ReplyMessage"><Id>1363282446009-66</Id><Topic><Title>Any short think Yhoo is dead money at $22.34?</Title><Username>webdave_2000</Username><Timestamp>1363228086864</Timestamp><DateTime>Wed, 2013-03-13 22:28:06 EDT</DateTime></Topic><Msg>hotmodel is a troll.</Msg><Username>nanobot8042</Username><Timestamp>1363282446009</Timestamp><DateTime>Thu, 2013-03-14 13:34:06 EDT</DateTime><ThumbUp>4</ThumbUp><ThumbDown>0</ThumbDown><Sentiment/></Message><Message type="ReplyMessage"><Id>1363282971048-67</Id><Topic><Title>Barclay's, Needham, B. Riley and Cantor Fitzgerald Give Yahoo $26 PT</Title><Username>co1done</Username><Timestamp>1362673240705</Timestamp><DateTime>Thu, 2013-03-07 11:20:40 EST</DateTime></Topic><Msg>Yahoo is buying back more stock every day.</Msg><Username>turmaniloil</Username><Timestamp>1363282971048</Timestamp><DateTime>Thu, 2013-03-14 13:42:51 EDT</DateTime><ThumbUp>0</ThumbUp><ThumbDown>0</ThumbDown><Sentiment/></Message><Message type="TopicMessage"><Id>1363283204818-68</Id><Title>GET Off Those Boards!</Title><Msg>I have 50,000 shares and what the heck is mayer and that overpaid idiot decastro doing sitting on other companies boards! Look we are paying you lamebrains to turn around a struggling company not to oversea oversea other firms. You have commitments to our company. Mayer tells workers they can't work from home so ok fine in order to pay more attn to the company well mayer start practicing what you preach! You nd that knuckle head decastro better damn well get off those boards or your find yourselfs voted off the island@!</Msg><Username>exoticdav</Username><Timestamp>1363283204818</Timestamp><DateTime>Thu, 2013-03-14 13:46:44 EDT</DateTime><ThumbUp>0</ThumbUp><ThumbDown>3</ThumbDown><Sentiment/></Message><Message type="ReplyMessage"><Id>1363283343219-69</Id><Topic><Title>GET Off Those Boards!</Title><Username>exoticdav</Username><Timestamp>1363283204818</Timestamp><DateTime>Thu, 2013-03-14 13:46:44 EDT</DateTime></Topic><Msg>Many CEOs sit on other companies boards. No big deal. How clueless are you?</Msg><Username>co1done</Username><Timestamp>1363283343219</Timestamp><DateTime>Thu, 2013-03-14 13:49:03 EDT</DateTime><ThumbUp>2</ThumbUp><ThumbDown>1</ThumbDown><Sentiment/></Message><Message type="ReplyMessage"><Id>1363283370249-70</Id><Topic><Title>Barclay's, Needham, B. Riley and Cantor Fitzgerald Give Yahoo $26 PT</Title><Username>co1done</Username><Timestamp>1362673240705</Timestamp><DateTime>Thu, 2013-03-07 11:20:40 EST</DateTime></Topic><Msg>Everyone hates hotmodel...</Msg><Username>co1done</Username><Timestamp>1363283370249</Timestamp><DateTime>Thu, 2013-03-14 13:49:30 EDT</DateTime><ThumbUp>2</ThumbUp><ThumbDown>0</ThumbDown><Sentiment/></Message><Message type="ReplyMessage"><Id>1363283392240-71</Id><Topic><Title>Any short think Yhoo is dead money at $22.34?</Title><Username>webdave_2000</Username><Timestamp>1363228086864</Timestamp><DateTime>Wed, 2013-03-13 22:28:06 EDT</DateTime></Topic><Msg>Hotmodel gets silenced...</Msg><Username>co1done</Username><Timestamp>1363283392240</Timestamp><DateTime>Thu, 2013-03-14 13:49:52 EDT</DateTime><ThumbUp>2</ThumbUp><ThumbDown>1</ThumbDown><Sentiment/></Message><Message type="ReplyMessage"><Id>1363283676765-72</Id><Topic><Title>Coldone's advice to buy Yahoo from $11 to $21 was spot on!</Title><Username>shelcorecrust</Username><Timestamp>1362511915833</Timestamp><DateTime>Tue, 2013-03-05 14:31:55 EST</DateTime></Topic><Msg>hotmodel loses...</Msg><Username>co1done</Username><Timestamp>1363283676765</Timestamp><DateTime>Thu, 2013-03-14 13:54:36 EDT</DateTime><ThumbUp>2</ThumbUp><ThumbDown>7</ThumbDown><Sentiment/></Message><Message type="ReplyMessage"><Id>1363283751830-73</Id><Topic><Title>Hotmodel - Do you still think Yahoo was dead money at $15.80?</Title><Username>co1done</Username><Timestamp>1362587655224</Timestamp><DateTime>Wed, 2013-03-06 11:34:15 EST</DateTime></Topic><Msg>coldone strikes fear in the hearts of all cowards. hotmodel is the biggest coward the coldone has ever had to deal with. What an embarrassment to her family...</Msg><Username>co1done</Username><Timestamp>1363283751830</Timestamp><DateTime>Thu, 2013-03-14 13:55:51 EDT</DateTime><ThumbUp>2</ThumbUp><ThumbDown>1</ThumbDown><Sentiment/></Message><Message type="ReplyMessage"><Id>1363283817476-74</Id><Topic><Title>Hotmodel - Do you still think Yahoo was dead money at $15.80?</Title><Username>co1done</Username><Timestamp>1362587655224</Timestamp><DateTime>Wed, 2013-03-06 11:34:15 EST</DateTime></Topic><Msg>She is afraid to answer a simple question.</Msg><Username>tetheredbird</Username><Timestamp>1363283817476</Timestamp><DateTime>Thu, 2013-03-14 13:56:57 EDT</DateTime><ThumbUp>2</ThumbUp><ThumbDown>1</ThumbDown><Sentiment/></Message><Message type="ReplyMessage"><Id>1363284117201-75</Id><Topic><Title>YHOO/MSFT search deal (termination or extension--31 Mar) could pop anytime!!</Title><Username>goingbravo</Username><Timestamp>1363107169316</Timestamp><DateTime>Tue, 2013-03-12 12:52:49 EDT</DateTime></Topic><Msg>I think some already priced-in and my take is that max upside about $3 for Alibaba IPO. For YJ my take for YHOO minimum $5 up.</Msg><Username>goingbravo</Username><Timestamp>1363284117201</Timestamp><DateTime>Thu, 2013-03-14 14:01:57 EDT</DateTime><ThumbUp>0</ThumbUp><ThumbDown>0</ThumbDown><Sentiment>Strong Buy</Sentiment></Message><Message type="ReplyMessage"><Id>1363285802616-76</Id><Topic><Title>YHOO/MSFT search deal (termination or extension--31 Mar) could pop anytime!!</Title><Username>goingbravo</Username><Timestamp>1363107169316</Timestamp><DateTime>Tue, 2013-03-12 12:52:49 EDT</DateTime></Topic><Msg>If the deal is terminated how much the upside If the deal is extended, the odd is up too, how much In summary YHOO wins no matter what is the outcome. It is coming folks -- - the announcement anytime now!!</Msg><Username>goingbravo</Username><Timestamp>1363285802616</Timestamp><DateTime>Thu, 2013-03-14 14:30:02 EDT</DateTime><ThumbUp>0</ThumbUp><ThumbDown>0</ThumbDown><Sentiment>Strong Buy</Sentiment></Message><Message type="TopicMessage"><Id>1363285951634-77</Id><Title>Day late</Title><Msg>Anyone notice that yahoo is about a day late on some of the news. And the front page seems tailored to the user so that each home page may be different depending on a particular user's taste. Damn good thing yahoo has the finance part since it has nothing else since alibaba is baked into the price and then some.</Msg><Username>bosshebee</Username><Timestamp>1363285951634</Timestamp><DateTime>Thu, 2013-03-14 14:32:31 EDT</DateTime><ThumbUp>1</ThumbUp><ThumbDown>3</ThumbDown><Sentiment/></Message><Message type="TopicMessage"><Id>1363286599350-78</Id><Title>WHAT WOULD HAPPEN IF . . .</Title><Msg>a shareholder stood at the annual meeting and asked the "suits" and the outside CPA (PricewaterhouseCoopers) why Yahoo continues to play host to gang of cyber criminals whose posts attempt to steal from Yahoo users and paying advertisers? Would it change anything? Or do they already know and not care?</Msg><Username>still_my_dime</Username><Timestamp>1363286599350</Timestamp><DateTime>Thu, 2013-03-14 14:43:19 EDT</DateTime><ThumbUp>2</ThumbUp><ThumbDown>0</ThumbDown><Sentiment/></Message><Message type="ReplyMessage"><Id>1363288218976-79</Id><Topic><Title>YHOO Insider Trading Reported !!</Title><Username>dorisdavis</Username><Timestamp>1363110509896</Timestamp><DateTime>Tue, 2013-03-12 13:48:29 EDT</DateTime></Topic><Msg>Awesome report !!</Msg><Username>richardhernandez960</Username><Timestamp>1363288218976</Timestamp><DateTime>Thu, 2013-03-14 15:10:18 EDT</DateTime><ThumbUp>0</ThumbUp><ThumbDown>3</ThumbDown><Sentiment/></Message><Message type="ReplyMessage"><Id>1363288400641-80</Id><Topic><Title>Hotmodel - Do you still think Yahoo was dead money at $15.80?</Title><Username>co1done</Username><Timestamp>1362587655224</Timestamp><DateTime>Wed, 2013-03-06 11:34:15 EST</DateTime></Topic><Msg>You have to feel bad for hotmodel living everyday in fear.</Msg><Username>smedleypuddles</Username><Timestamp>1363288400641</Timestamp><DateTime>Thu, 2013-03-14 15:13:20 EDT</DateTime><ThumbUp>2</ThumbUp><ThumbDown>1</ThumbDown><Sentiment/></Message><Message type="ReplyMessage"><Id>1363288431581-81</Id><Topic><Title>Any short think Yhoo is dead money at $22.34?</Title><Username>webdave_2000</Username><Timestamp>1363228086864</Timestamp><DateTime>Wed, 2013-03-13 22:28:06 EDT</DateTime></Topic><Msg>hotmodel doesn't want to make a fool of herself again.</Msg><Username>smedleypuddles</Username><Timestamp>1363288431581</Timestamp><DateTime>Thu, 2013-03-14 15:13:51 EDT</DateTime><ThumbUp>2</ThumbUp><ThumbDown>0</ThumbDown><Sentiment/></Message><Message type="ReplyMessage"><Id>1363288569622-82</Id><Topic><Title>CLODONE WHY WOULD PEOPLE ALL OF A SUDDEN TAKE THEIR MONEY AND TRUST WHAT A MESSAGE BOARD POSER ADVISES</Title><Username>halgordon62</Username><Timestamp>1363282262450</Timestamp><DateTime>Thu, 2013-03-14 13:31:02 EDT</DateTime></Topic><Msg>Coldone was on vacation for a month about a month ago and he took a two or three week vacation at the end of 2012. Why do you make up lies? Why are you obsessed with coldone?</Msg><Username>smedleypuddles</Username><Timestamp>1363288569622</Timestamp><DateTime>Thu, 2013-03-14 15:16:09 EDT</DateTime><ThumbUp>3</ThumbUp><ThumbDown>1</ThumbDown><Sentiment/></Message><Message type="ReplyMessage"><Id>1363288604521-83</Id><Topic><Title>Hotmodel - Do you still think Yahoo was dead money at $15.80?</Title><Username>co1done</Username><Timestamp>1362587655224</Timestamp><DateTime>Wed, 2013-03-06 11:34:15 EST</DateTime></Topic><Msg>hotmodel is using halgordon as an ID now.</Msg><Username>smedleypuddles</Username><Timestamp>1363288604521</Timestamp><DateTime>Thu, 2013-03-14 15:16:44 EDT</DateTime><ThumbUp>1</ThumbUp><ThumbDown>0</ThumbDown><Sentiment/></Message><Message type="ReplyMessage"><Id>1363288628756-84</Id><Topic><Title>Any short think Yhoo is dead money at $22.34?</Title><Username>webdave_2000</Username><Timestamp>1363228086864</Timestamp><DateTime>Wed, 2013-03-13 22:28:06 EDT</DateTime></Topic><Msg>hotmodel must like to look stupid.</Msg><Username>smedleypuddles</Username><Timestamp>1363288628756</Timestamp><DateTime>Thu, 2013-03-14 15:17:08 EDT</DateTime><ThumbUp>2</ThumbUp><ThumbDown>2</ThumbDown><Sentiment/></Message><Message type="ReplyMessage"><Id>1363288916371-85</Id><Topic><Title>YHOO Insider Trading Reported !!</Title><Username>dorisdavis</Username><Timestamp>1363110509896</Timestamp><DateTime>Tue, 2013-03-12 13:48:29 EDT</DateTime></Topic><Msg>Thank you !</Msg><Username>gregorymoore964</Username><Timestamp>1363288916371</Timestamp><DateTime>Thu, 2013-03-14 15:21:56 EDT</DateTime><ThumbUp>0</ThumbUp><ThumbDown>2</ThumbDown><Sentiment/></Message><Message type="ReplyMessage"><Id>1363289542808-86</Id><Topic><Title>Kara Swisher Exposed As a Yahoo Basher With Ulterior Motives</Title><Username>neo1278alpha</Username><Timestamp>1357921132320</Timestamp><DateTime>Fri, 2013-01-11 11:18:52 EST</DateTime></Topic><Msg>Swisher has been shut out by Marissa Mayer. All she can do now is take roll call at Yahoo. What a bore...</Msg><Username>co1done</Username><Timestamp>1363289542808</Timestamp><DateTime>Thu, 2013-03-14 15:32:22 EDT</DateTime><ThumbUp>3</ThumbUp><ThumbDown>2</ThumbDown><Sentiment/></Message><Message type="ReplyMessage"><Id>1363289595045-87</Id><Topic><Title>Any short think Yhoo is dead money at $22.34?</Title><Username>webdave_2000</Username><Timestamp>1363228086864</Timestamp><DateTime>Wed, 2013-03-13 22:28:06 EDT</DateTime></Topic><Msg>She can't help it...</Msg><Username>co1done</Username><Timestamp>1363289595045</Timestamp><DateTime>Thu, 2013-03-14 15:33:15 EDT</DateTime><ThumbUp>2</ThumbUp><ThumbDown>2</ThumbDown><Sentiment/></Message><Message type="ReplyMessage"><Id>1363289680997-88</Id><Topic><Title>CLODONE WHY WOULD PEOPLE ALL OF A SUDDEN TAKE THEIR MONEY AND TRUST WHAT A MESSAGE BOARD POSER ADVISES</Title><Username>halgordon62</Username><Timestamp>1363282262450</Timestamp><DateTime>Thu, 2013-03-14 13:31:02 EDT</DateTime></Topic><Msg>coldone posted when he went on vacation as you know hotmodel. You might want to get a life.</Msg><Username>smedleypuddles</Username><Timestamp>1363289680997</Timestamp><DateTime>Thu, 2013-03-14 15:34:40 EDT</DateTime><ThumbUp>2</ThumbUp><ThumbDown>1</ThumbDown><Sentiment/></Message><Message type="ReplyMessage"><Id>1363289747456-89</Id><Topic><Title>Long Vacation for The Coldone</Title><Username>co1done</Username><Timestamp>1357174149301</Timestamp><DateTime>Wed, 2013-01-02 19:49:09 EST</DateTime></Topic><Msg>She's crying about it using her halgordon ID.</Msg><Username>smedleypuddles</Username><Timestamp>1363289747456</Timestamp><DateTime>Thu, 2013-03-14 15:35:47 EDT</DateTime><ThumbUp>2</ThumbUp><ThumbDown>1</ThumbDown><Sentiment/></Message><Message type="ReplyMessage"><Id>1363289791364-90</Id><Topic><Title>Long Vacation for The Coldone</Title><Username>co1done</Username><Timestamp>1357174149301</Timestamp><DateTime>Wed, 2013-01-02 19:49:09 EST</DateTime></Topic><Msg>Up to the top Yahoo.</Msg><Username>smedleypuddles</Username><Timestamp>1363289791364</Timestamp><DateTime>Thu, 2013-03-14 15:36:31 EDT</DateTime><ThumbUp>2</ThumbUp><ThumbDown>1</ThumbDown><Sentiment/></Message><Message type="ReplyMessage"><Id>1363289888195-91</Id><Topic><Title>Bought Yahoo at $19.64</Title><Username>thurstonthethird</Username><Timestamp>1358348787718</Timestamp><DateTime>Wed, 2013-01-16 10:06:27 EST</DateTime></Topic><Msg>Coldone is an investing genius.</Msg><Username>smedleypuddles</Username><Timestamp>1363289888195</Timestamp><DateTime>Thu, 2013-03-14 15:38:08 EDT</DateTime><ThumbUp>2</ThumbUp><ThumbDown>0</ThumbDown><Sentiment/></Message><Message type="ReplyMessage"><Id>1363289943004-92</Id><Topic><Title>Bought Yahoo at $19.64</Title><Username>thurstonthethird</Username><Timestamp>1358348787718</Timestamp><DateTime>Wed, 2013-01-16 10:06:27 EST</DateTime></Topic><Msg>hotmodel is jealous.</Msg><Username>smedleypuddles</Username><Timestamp>1363289943004</Timestamp><DateTime>Thu, 2013-03-14 15:39:03 EDT</DateTime><ThumbUp>2</ThumbUp><ThumbDown>0</ThumbDown><Sentiment/></Message><Message type="ReplyMessage"><Id>1363290010360-93</Id><Topic><Title>Day late</Title><Username>bosshebee</Username><Timestamp>1363285951634</Timestamp><DateTime>Thu, 2013-03-14 14:32:31 EDT</DateTime></Topic><Msg>I'm having trouble getting in on IE, using Firefox. Anyone else? Thanks.</Msg><Username>bmlikins</Username><Timestamp>1363290010360</Timestamp><DateTime>Thu, 2013-03-14 15:40:10 EDT</DateTime><ThumbUp>0</ThumbUp><ThumbDown>3</ThumbDown><Sentiment/></Message><Message type="ReplyMessage"><Id>1363290114725-94</Id><Topic><Title>Kara Swisher Exposed As a Yahoo Basher With Ulterior Motives</Title><Username>neo1278alpha</Username><Timestamp>1357921132320</Timestamp><DateTime>Fri, 2013-01-11 11:18:52 EST</DateTime></Topic><Msg>All Swisher does is report on who's coming and going at Yahoo. No one cares Kara.</Msg><Username>strumbollio</Username><Timestamp>1363290114725</Timestamp><DateTime>Thu, 2013-03-14 15:41:54 EDT</DateTime><ThumbUp>3</ThumbUp><ThumbDown>1</ThumbDown><Sentiment/></Message><Message type="ReplyMessage"><Id>1363290123147-95</Id><Topic><Title>Hotmodel - Do you still think Yahoo was dead money at $15.80?</Title><Username>co1done</Username><Timestamp>1362587655224</Timestamp><DateTime>Wed, 2013-03-06 11:34:15 EST</DateTime></Topic><Msg>Why would I create another ID when you worship the ground I walk on with this one? As you can tell creating ID's has only made you a dumber human being and you didn't have any brain cells to spare. Why do you create so many dumb ID's anyway? Are you incapable of interacting with society? Don't answer that last question cause we know you can't...probably creating an ID so you can BLOW UP!hahaha Boom goes the idiot!</Msg><Username>hotmodeltestid122</Username><Timestamp>1363290123147</Timestamp><DateTime>Thu, 2013-03-14 15:42:03 EDT</DateTime><ThumbUp>0</ThumbUp><ThumbDown>2</ThumbDown><Sentiment/></Message><Message type="TopicMessage"><Id>1363290226830-96</Id><Title>Imagine if Yahoo started a Social Media site known as "Yoohoo"</Title><Msg>Yoohoo at Yahoo would be a social media site to end all sites! No one could forget the name. The site needs to be simpler to use than other sites, and can include discussion pages for different topics. So, not just face and friend related, but Topic-related! Practical stuff, like answering questions and problem-solving ideas. Fun stuff, like sports. Investing discussions. Tough stuff, like managing teenagers. Weight loss, stopping smoking, healthy ways to manage stress, great recipes, recommending movies &amp; restaurants, travel ideas, etc!</Msg><Username>emarsh8127</Username><Timestamp>1363290226830</Timestamp><DateTime>Thu, 2013-03-14 15:43:46 EDT</DateTime><ThumbUp>1</ThumbUp><ThumbDown>3</ThumbDown><Sentiment/></Message><Message type="ReplyMessage"><Id>1363290327339-97</Id><Topic><Title>Hotmodel - Do you still think Yahoo was dead money at $15.80?</Title><Username>co1done</Username><Timestamp>1362587655224</Timestamp><DateTime>Wed, 2013-03-06 11:34:15 EST</DateTime></Topic><Msg>You need to stop stalking people hotmodel. You have a serious problem and you know nothing about trading stocks. Why don't you zip it?</Msg><Username>strumbollio</Username><Timestamp>1363290327339</Timestamp><DateTime>Thu, 2013-03-14 15:45:27 EDT</DateTime><ThumbUp>0</ThumbUp><ThumbDown>0</ThumbDown><Sentiment/></Message><Message type="ReplyMessage"><Id>1363290390235-98</Id><Topic><Title>Coldone's advice to buy Yahoo from $11 to $21 was spot on!</Title><Username>shelcorecrust</Username><Timestamp>1362511915833</Timestamp><DateTime>Tue, 2013-03-05 14:31:55 EST</DateTime></Topic><Msg>hotmodel is a nuisance.</Msg><Username>strumbollio</Username><Timestamp>1363290390235</Timestamp><DateTime>Thu, 2013-03-14 15:46:30 EDT</DateTime><ThumbUp>1</ThumbUp><ThumbDown>4</ThumbDown><Sentiment/></Message><Message type="ReplyMessage"><Id>1363290424142-99</Id><Topic><Title>Any short think Yhoo is dead money at $22.34?</Title><Username>webdave_2000</Username><Timestamp>1363228086864</Timestamp><DateTime>Wed, 2013-03-13 22:28:06 EDT</DateTime></Topic><Msg>No one is short Yahoo?</Msg><Username>strumbollio</Username><Timestamp>1363290424142</Timestamp><DateTime>Thu, 2013-03-14 15:47:04 EDT</DateTime><ThumbUp>0</ThumbUp><ThumbDown>0</ThumbDown><Sentiment/></Message><Message type="ReplyMessage"><Id>1363290429921-100</Id><Topic><Title>Imagine if Yahoo started a Social Media site known as "Yoohoo"</Title><Username>emarsh8127</Username><Timestamp>1363290226830</Timestamp><DateTime>Thu, 2013-03-14 15:43:46 EDT</DateTime></Topic><Msg>And then they get sued by Yoohoo, the drink company. Yes, "brilliant" idea.</Msg><Username>iggysweet28</Username><Timestamp>1363290429921</Timestamp><DateTime>Thu, 2013-03-14 15:47:09 EDT</DateTime><ThumbUp>0</ThumbUp><ThumbDown>2</ThumbDown><Sentiment/></Message><Message type="ReplyMessage"><Id>1363290824608-101</Id><Topic><Title>Any short think Yhoo is dead money at $22.34?</Title><Username>webdave_2000</Username><Timestamp>1363228086864</Timestamp><DateTime>Wed, 2013-03-13 22:28:06 EDT</DateTime></Topic><Msg>Yahoo shorts have been silenced...</Msg><Username>co1done</Username><Timestamp>1363290824608</Timestamp><DateTime>Thu, 2013-03-14 15:53:44 EDT</DateTime><ThumbUp>2</ThumbUp><ThumbDown>2</ThumbDown><Sentiment/></Message><Message type="ReplyMessage"><Id>1363290867003-102</Id><Topic><Title>Hotmodel - Do you still think Yahoo was dead money at $15.80?</Title><Username>co1done</Username><Timestamp>1362587655224</Timestamp><DateTime>Wed, 2013-03-06 11:34:15 EST</DateTime></Topic><Msg>She needs professional help...</Msg><Username>co1done</Username><Timestamp>1363290867003</Timestamp><DateTime>Thu, 2013-03-14 15:54:27 EDT</DateTime><ThumbUp>2</ThumbUp><ThumbDown>1</ThumbDown><Sentiment/></Message><Message type="ReplyMessage"><Id>1363291079435-103</Id><Topic><Title>Imagine if Yahoo started a Social Media site known as "Yoohoo"</Title><Username>emarsh8127</Username><Timestamp>1363290226830</Timestamp><DateTime>Thu, 2013-03-14 15:43:46 EDT</DateTime></Topic><Msg>A deal could be made. Free ads for the drink company? Of course, a lawsuit could be more fun.</Msg><Username>emarsh8127</Username><Timestamp>1363291079435</Timestamp><DateTime>Thu, 2013-03-14 15:57:59 EDT</DateTime><ThumbUp>1</ThumbUp><ThumbDown>1</ThumbDown><Sentiment/></Message><Message type="ReplyMessage"><Id>1363291335983-104</Id><Topic><Title>Any short think Yhoo is dead money at $22.34?</Title><Username>webdave_2000</Username><Timestamp>1363228086864</Timestamp><DateTime>Wed, 2013-03-13 22:28:06 EDT</DateTime></Topic><Msg>Yahoo shorts are gone. They lost their money and moved on, except the trolls.</Msg><Username>neo1278alpha</Username><Timestamp>1363291335983</Timestamp><DateTime>Thu, 2013-03-14 16:02:15 EDT</DateTime><ThumbUp>3</ThumbUp><ThumbDown>3</ThumbDown><Sentiment/></Message><Message type="ReplyMessage"><Id>1363291376498-105</Id><Topic><Title>Hotmodel - Do you still think Yahoo was dead money at $15.80?</Title><Username>co1done</Username><Timestamp>1362587655224</Timestamp><DateTime>Wed, 2013-03-06 11:34:15 EST</DateTime></Topic><Msg>hotmodel has nothing but to stalk coldone left. She has made that clear.</Msg><Username>neo1278alpha</Username><Timestamp>1363291376498</Timestamp><DateTime>Thu, 2013-03-14 16:02:56 EDT</DateTime><ThumbUp>1</ThumbUp><ThumbDown>3</ThumbDown><Sentiment/></Message><Message type="ReplyMessage"><Id>1363291588807-106</Id><Topic><Title>Long Vacation for The Coldone</Title><Username>co1done</Username><Timestamp>1357174149301</Timestamp><DateTime>Wed, 2013-01-02 19:49:09 EST</DateTime></Topic><Msg>The coldone is planning his next vacation. Road trip!</Msg><Username>co1done</Username><Timestamp>1363291588807</Timestamp><DateTime>Thu, 2013-03-14 16:06:28 EDT</DateTime><ThumbUp>2</ThumbUp><ThumbDown>2</ThumbDown><Sentiment/></Message><Message type="ReplyMessage"><Id>1363291729678-107</Id><Topic><Title>Bought Yahoo at $19.64</Title><Username>thurstonthethird</Username><Timestamp>1358348787718</Timestamp><DateTime>Wed, 2013-01-16 10:06:27 EST</DateTime></Topic><Msg>Of a PHANTOM BUY!!!hahahaha You really are an idiot if you think I believe ANY of the s*** you've said over the years. Where is the PHANTOM SELL??? Ever think of competing on Worlds Dumbest Human? You'll compete against lower life forms that is if you don't molest them in the prelims before even getting to a human. You'll be "champ" for DECADES unless your ID Nanotard or Smellslikes*** steals it.</Msg><Username>hotmodeltestid122</Username><Timestamp>1363291729678</Timestamp><DateTime>Thu, 2013-03-14 16:08:49 EDT</DateTime><ThumbUp>0</ThumbUp><ThumbDown>1</ThumbDown><Sentiment/></Message><Message type="ReplyMessage"><Id>1363291846110-108</Id><Topic><Title>Any short think Yhoo is dead money at $22.34?</Title><Username>webdave_2000</Username><Timestamp>1363228086864</Timestamp><DateTime>Wed, 2013-03-13 22:28:06 EDT</DateTime></Topic><Msg>Interesting but I went SHORT, a week ago, its in my legend topic and so far up. The only thing "silenced" is your other ID's while this idiot ID is typing.</Msg><Username>hotmodeltestid122</Username><Timestamp>1363291846110</Timestamp><DateTime>Thu, 2013-03-14 16:10:46 EDT</DateTime><ThumbUp>0</ThumbUp><ThumbDown>4</ThumbDown><Sentiment/></Message><Message type="ReplyMessage"><Id>1363291908283-109</Id><Topic><Title>Any short think Yhoo is dead money at $22.34?</Title><Username>webdave_2000</Username><Timestamp>1363228086864</Timestamp><DateTime>Wed, 2013-03-13 22:28:06 EDT</DateTime></Topic><Msg>Stop making a fool of yourself.</Msg><Username>tetheredbird</Username><Timestamp>1363291908283</Timestamp><DateTime>Thu, 2013-03-14 16:11:48 EDT</DateTime><ThumbUp>1</ThumbUp><ThumbDown>0</ThumbDown><Sentiment/></Message><Message type="ReplyMessage"><Id>1363292113624-110</Id><Topic><Title>YHOO/MSFT search deal (termination or extension--31 Mar) could pop anytime!!</Title><Username>goingbravo</Username><Timestamp>1363107169316</Timestamp><DateTime>Tue, 2013-03-12 12:52:49 EDT</DateTime></Topic><Msg>I hope a good rumor this week or this weekend!!</Msg><Username>goingbravo</Username><Timestamp>1363292113624</Timestamp><DateTime>Thu, 2013-03-14 16:15:13 EDT</DateTime><ThumbUp>0</ThumbUp><ThumbDown>1</ThumbDown><Sentiment>Strong Buy</Sentiment></Message><Message type="ReplyMessage"><Id>1363292199590-111</Id><Topic><Title>Any short think Yhoo is dead money at $22.34?</Title><Username>webdave_2000</Username><Timestamp>1363228086864</Timestamp><DateTime>Wed, 2013-03-13 22:28:06 EDT</DateTime></Topic><Msg>Post it when you do it or stick it liar.</Msg><Username>tetheredbird</Username><Timestamp>1363292199590</Timestamp><DateTime>Thu, 2013-03-14 16:16:39 EDT</DateTime><ThumbUp>1</ThumbUp><ThumbDown>0</ThumbDown><Sentiment/></Message><Message type="ReplyMessage"><Id>1363292292301-112</Id><Topic><Title>GET Off Those Boards!</Title><Username>exoticdav</Username><Timestamp>1363283204818</Timestamp><DateTime>Thu, 2013-03-14 13:46:44 EDT</DateTime></Topic><Msg>Indeed, after all how else would Ms Mayer learn how to manage a high-tech highly mobile workforce except from her experience watching the marvels of WALMART. Sooo, do they have the "clueless" shirt in your size??</Msg><Username>stockscouter9000</Username><Timestamp>1363292292301</Timestamp><DateTime>Thu, 2013-03-14 16:18:12 EDT</DateTime><ThumbUp>0</ThumbUp><ThumbDown>0</ThumbDown><Sentiment/></Message><Message type="ReplyMessage"><Id>1363292300253-113</Id><Topic><Title>Any short think Yhoo is dead money at $22.34?</Title><Username>webdave_2000</Username><Timestamp>1363228086864</Timestamp><DateTime>Wed, 2013-03-13 22:28:06 EDT</DateTime></Topic><Msg>Do what you idiot??? My short is in my Legend topic from last week. You have no problem saving a Thurstontheturd topic from January but can't find mine from Thursday?!?!?! I went short at $22.90 and NSC at $75...f'ckin moron you are!!!</Msg><Username>hotmodeltestid122</Username><Timestamp>1363292300253</Timestamp><DateTime>Thu, 2013-03-14 16:18:20 EDT</DateTime><ThumbUp>0</ThumbUp><ThumbDown>1</ThumbDown><Sentiment/></Message><Message type="ReplyMessage"><Id>1363292408462-114</Id><Topic><Title>The "legend" is back!!!!</Title><Username>hotmodeltestid122</Username><Timestamp>1362705817861</Timestamp><DateTime>Thu, 2013-03-07 20:23:37 EST</DateTime></Topic><Msg>Tetherbird do you SEE where I said "small one at 22.90"???? Worlds Dumbest human you are!!!</Msg><Username>hotmodeltestid122</Username><Timestamp>1363292408462</Timestamp><DateTime>Thu, 2013-03-14 16:20:08 EDT</DateTime><ThumbUp>0</ThumbUp><ThumbDown>3</ThumbDown><Sentiment/></Message><Message type="ReplyMessage"><Id>1363292469982-115</Id><Topic><Title>The "legend" is back!!!!</Title><Username>hotmodeltestid122</Username><Timestamp>1362705817861</Timestamp><DateTime>Thu, 2013-03-07 20:23:37 EST</DateTime></Topic><Msg>keep your lies to yourself. Stop wasting time. Don't you wish you would have bought from $11 to $22 when coldone told you to?</Msg><Username>tetheredbird</Username><Timestamp>1363292469982</Timestamp><DateTime>Thu, 2013-03-14 16:21:09 EDT</DateTime><ThumbUp>2</ThumbUp><ThumbDown>0</ThumbDown><Sentiment/></Message><Message type="ReplyMessage"><Id>1363292540491-116</Id><Topic><Title>Any short think Yhoo is dead money at $22.34?</Title><Username>webdave_2000</Username><Timestamp>1363228086864</Timestamp><DateTime>Wed, 2013-03-13 22:28:06 EDT</DateTime></Topic><Msg>Don't you wish you would have bought from $11 to $22 when coldone told you to? Talk about a moron. lol!!!!!!!</Msg><Username>tetheredbird</Username><Timestamp>1363292540491</Timestamp><DateTime>Thu, 2013-03-14 16:22:20 EDT</DateTime><ThumbUp>1</ThumbUp><ThumbDown>0</ThumbDown><Sentiment/></Message><Message type="ReplyMessage"><Id>1363292595559-117</Id><Topic><Title>Imagine if Yahoo started a Social Media site known as "Yoohoo"</Title><Username>emarsh8127</Username><Timestamp>1363290226830</Timestamp><DateTime>Thu, 2013-03-14 15:43:46 EDT</DateTime></Topic><Msg>Somebody seems to have a short memory... Yahoo once owned the MOTHER OF ALL SOCIAL NETWORKS. Yes children GEOCITIES offered what for the time was unprecedented capabilities for like minded individuals to link, share, even collaborate. Now in fairness, Yahoo couldn't figure out how to monetize it well enough and the bandwidth of the day didn't support what FB does. But then again, Yahoo is a media company ("We sell ads.") so comparing it to a technology innovation company is cruel and pointless.</Msg><Username>stockscouter9000</Username><Timestamp>1363292595559</Timestamp><DateTime>Thu, 2013-03-14 16:23:15 EDT</DateTime><ThumbUp>0</ThumbUp><ThumbDown>1</ThumbDown><Sentiment/></Message><Message type="ReplyMessage"><Id>1363292667645-118</Id><Topic><Title>Bought Yahoo at $19.64</Title><Username>thurstonthethird</Username><Timestamp>1358348787718</Timestamp><DateTime>Wed, 2013-01-16 10:06:27 EST</DateTime></Topic><Msg>Jealous.</Msg><Username>tetheredbird</Username><Timestamp>1363292667645</Timestamp><DateTime>Thu, 2013-03-14 16:24:27 EDT</DateTime><ThumbUp>1</ThumbUp><ThumbDown>1</ThumbDown><Sentiment/></Message><Message type="ReplyMessage"><Id>1363292815130-119</Id><Topic><Title>The "legend" is back!!!!</Title><Username>hotmodeltestid122</Username><Timestamp>1362705817861</Timestamp><DateTime>Thu, 2013-03-07 20:23:37 EST</DateTime></Topic><Msg>Don't you wish you would have written calls and puts like I did 3yrs ago DOUBLING my money so you could be stalked by a loser who goes by the name of Coldone? He does have quite a few other #$%$ aliases too as you can tell. Sorry but Coldone/Geier828 has said the same thing for 5 years now and vastly underwater. As you've noticed NO ONE listens to him! Only his created ID's say they did but a REAL HUMAN! My lies???hahahahahahaha The DATE is on the post you moron!!! Admit, you should be an aborted fetus? Then apologize for wasting my time finding my short post!!!</Msg><Username>hotmodeltestid122</Username><Timestamp>1363292815130</Timestamp><DateTime>Thu, 2013-03-14 16:26:55 EDT</DateTime><ThumbUp>0</ThumbUp><ThumbDown>1</ThumbDown><Sentiment/></Message><Message type="ReplyMessage"><Id>1363292958287-120</Id><Topic><Title>Any short think Yhoo is dead money at $22.34?</Title><Username>webdave_2000</Username><Timestamp>1363228086864</Timestamp><DateTime>Wed, 2013-03-13 22:28:06 EDT</DateTime></Topic><Msg>What about when you said buy at $29/$28/$27/$26/$25/$24/$23??? Saying the same thing over and over just makes you ungodly annoying not brilliant.</Msg><Username>hotmodeltestid122</Username><Timestamp>1363292958287</Timestamp><DateTime>Thu, 2013-03-14 16:29:18 EDT</DateTime><ThumbUp>0</ThumbUp><ThumbDown>1</ThumbDown><Sentiment/></Message><Message type="TopicMessage"><Id>1363293033263-121</Id><Title>poor hotmodel, always the fool.</Title><Msg>Can only blame himself for looking so silly.</Msg><Username>dariencat8</Username><Timestamp>1363293033263</Timestamp><DateTime>Thu, 2013-03-14 16:30:33 EDT</DateTime><ThumbUp>1</ThumbUp><ThumbDown>0</ThumbDown><Sentiment/></Message><Message type="ReplyMessage"><Id>1363293209668-122</Id><Topic><Title>Any short think Yhoo is dead money at $22.34?</Title><Username>webdave_2000</Username><Timestamp>1363228086864</Timestamp><DateTime>Wed, 2013-03-13 22:28:06 EDT</DateTime></Topic><Msg>Post a link or everyone knows you're lying.</Msg><Username>tornupdown</Username><Timestamp>1363293209668</Timestamp><DateTime>Thu, 2013-03-14 16:33:29 EDT</DateTime><ThumbUp>0</ThumbUp><ThumbDown>0</ThumbDown><Sentiment/></Message><Message type="ReplyMessage"><Id>1363293252021-123</Id><Topic><Title>The "legend" is back!!!!</Title><Username>hotmodeltestid122</Username><Timestamp>1362705817861</Timestamp><DateTime>Thu, 2013-03-07 20:23:37 EST</DateTime></Topic><Msg>Try reality some day. No one believes anytjing you say about what you did back when.</Msg><Username>tornupdown</Username><Timestamp>1363293252021</Timestamp><DateTime>Thu, 2013-03-14 16:34:12 EDT</DateTime><ThumbUp>0</ThumbUp><ThumbDown>0</ThumbDown><Sentiment/></Message><Message type="ReplyMessage"><Id>1363293285161-124</Id><Topic><Title>The "legend" is back!!!!</Title><Username>hotmodeltestid122</Username><Timestamp>1362705817861</Timestamp><DateTime>Thu, 2013-03-07 20:23:37 EST</DateTime></Topic><Msg>Coldone has been back.</Msg><Username>strumbollio</Username><Timestamp>1363293285161</Timestamp><DateTime>Thu, 2013-03-14 16:34:45 EDT</DateTime><ThumbUp>1</ThumbUp><ThumbDown>2</ThumbDown><Sentiment/></Message><Message type="ReplyMessage"><Id>1363294341793-125</Id><Topic><Title>THE CLODONE AND HOTMODEL ARE THE SAME PERSON ?WHY THE SUBTERFUGE.2 ID'S 1 IDIOT</Title><Username>halgordon62</Username><Timestamp>1363293348501</Timestamp><DateTime>Thu, 2013-03-14 16:35:48 EDT</DateTime></Topic><Msg>Not even close #$%$!!! I've never posted anything close to that idiot and you know it. If you email me a stock question you'll get a reply. A person with multiple ID's won't have ANY email delivered. Get some f'ckin common sense would ya?</Msg><Username>hotmodeltestid122</Username><Timestamp>1363294341793</Timestamp><DateTime>Thu, 2013-03-14 16:52:21 EDT</DateTime><ThumbUp>0</ThumbUp><ThumbDown>0</ThumbDown><Sentiment/></Message><Message type="ReplyMessage"><Id>1363294599983-126</Id><Topic><Title>Why does HalGordon sleep with goats???</Title><Username>hotmodeltestid122</Username><Timestamp>1363294479137</Timestamp><DateTime>Thu, 2013-03-14 16:54:39 EDT</DateTime></Topic><Msg>Did you ever think of finding out the truth Hal or does your tiny brain "think" we're the same? I have ZERO to prove to anyone, SoDumbKid tries to prove EVERYTHING to anyone. Send me an email and you'll get a reply. A man with multiple ID's wouldn't get ANY email.</Msg><Username>hotmodeltestid122</Username><Timestamp>1363294599983</Timestamp><DateTime>Thu, 2013-03-14 16:56:39 EDT</DateTime><ThumbUp>0</ThumbUp><ThumbDown>0</ThumbDown><Sentiment/></Message><Message type="ReplyMessage"><Id>1363295204203-127</Id><Topic><Title>Mayer gets trashed at party</Title><Username>garybirch55</Username><Timestamp>1363258349542</Timestamp><DateTime>Thu, 2013-03-14 06:52:29 EDT</DateTime></Topic><Msg>aww, did 'ems get ur poor widdle feelings hurt ?</Msg><Username>garybirch55</Username><Timestamp>1363295204203</Timestamp><DateTime>Thu, 2013-03-14 17:06:44 EDT</DateTime><ThumbUp>0</ThumbUp><ThumbDown>0</ThumbDown><Sentiment/></Message><Message type="TopicMessage"><Id>1363295768559-128</Id><Title>Yahoo = The Obama Network</Title><Msg>The CEO gave big bucks and a party for Dictator Obama.</Msg><Username>food_stamp_nation</Username><Timestamp>1363295768559</Timestamp><DateTime>Thu, 2013-03-14 17:16:08 EDT</DateTime><ThumbUp>0</ThumbUp><ThumbDown>2</ThumbDown><Sentiment/></Message><Message type="ReplyMessage"><Id>1363298036803-129</Id><Topic><Title>Why does HalGordon sleep with goats???</Title><Username>hotmodeltestid122</Username><Timestamp>1363294479137</Timestamp><DateTime>Thu, 2013-03-14 16:54:39 EDT</DateTime></Topic><Msg>IDK, maybe because his brother FLASH GORDAN said goats were "OUTTA THIS WORLD"?? AND speaking of "flash" how's this last week of Yahoo performance treating you longs here??</Msg><Username>stockscouter9000</Username><Timestamp>1363298036803</Timestamp><DateTime>Thu, 2013-03-14 17:53:56 EDT</DateTime><ThumbUp>1</ThumbUp><ThumbDown>0</ThumbDown><Sentiment/></Message><Message type="ReplyMessage"><Id>1363298267888-130</Id><Topic><Title>Why does HalGordon sleep with goats???</Title><Username>hotmodeltestid122</Username><Timestamp>1363294479137</Timestamp><DateTime>Thu, 2013-03-14 16:54:39 EDT</DateTime></Topic><Msg>Get banter going??? I'm not even here in the past month up until a week ago and was still accused of being him. How can't you tell ID's apart? Look at the English, the grammar, the way sentences are written, the thoughts as it becomes like a fingerprint. Coldone can't hide that as they all sound the same. His original ID was Geier828, and was here long before I got here but was eventually deleted under the Bartz regime. He's made at least 110...in 09' I had an Official Fedophile List and it was up to 76 before he had it deleted. As for your last paragraph, while poorly written, you need to do better then try to reuse my joke against me. If I say you s c r e w farm animals which is "my personal belief" then repeating the joke is pretty dumb IMO. As for Yahoo, I've NEVER changed my tune as I've always been down the middle using facts from Yahoo Investor Relations. On one hand, I shoot down every single idiot buyout topic and on the other I recommend companies for them to purchase. Isn't it time for an Apple is buying? MSFT? Samsung(which is DOMINATING)? Comcast(which can't afford to as they bought the other half of NBCUniversal)? That s*** is annoying!</Msg><Username>hotmodeltestid122</Username><Timestamp>1363298267888</Timestamp><DateTime>Thu, 2013-03-14 17:57:47 EDT</DateTime><ThumbUp>0</ThumbUp><ThumbDown>0</ThumbDown><Sentiment/></Message><Message type="TopicMessage"><Id>1363300505256-131</Id><Title>What's wrong with the Yahoo Finance Web Page?</Title><Msg>Why does it consume so much memory? I can't do anything on that page. I can't even put a ticker symbol into the box. It's grabbing a gig and a half of memory. Does Yahoo have a bug? Anyone else having any problems with the Yahoo Finance Page?</Msg><Username>rromanoo</Username><Timestamp>1363300505256</Timestamp><DateTime>Thu, 2013-03-14 18:35:05 EDT</DateTime><ThumbUp>1</ThumbUp><ThumbDown>0</ThumbDown><Sentiment/></Message><Message type="ReplyMessage"><Id>1363300534942-132</Id><Topic><Title>What's wrong with the Yahoo Finance Web Page?</Title><Username>rromanoo</Username><Timestamp>1363300505256</Timestamp><DateTime>Thu, 2013-03-14 18:35:05 EDT</DateTime></Topic><Msg>I've had this problem for the last few days.</Msg><Username>rromanoo</Username><Timestamp>1363300534942</Timestamp><DateTime>Thu, 2013-03-14 18:35:34 EDT</DateTime><ThumbUp>1</ThumbUp><ThumbDown>0</ThumbDown><Sentiment/></Message><Message type="TopicMessage"><Id>1363302096797-133</Id><Title>Conviction sell time to short it...... friday sell off is a plus..</Title><Msg>lets get eh done tomorrow.</Msg><Username>richeydouglas</Username><Timestamp>1363302096797</Timestamp><DateTime>Thu, 2013-03-14 19:01:36 EDT</DateTime><ThumbUp>1</ThumbUp><ThumbDown>0</ThumbDown><Sentiment/></Message><Message type="ReplyMessage"><Id>1363303180224-134</Id><Topic><Title>Hotmodel - Do you still think Yahoo was dead money at $15.80?</Title><Username>co1done</Username><Timestamp>1362587655224</Timestamp><DateTime>Wed, 2013-03-06 11:34:15 EST</DateTime></Topic><Msg>funny, isn't it...?</Msg><Username>co1done</Username><Timestamp>1363303180224</Timestamp><DateTime>Thu, 2013-03-14 19:19:40 EDT</DateTime><ThumbUp>2</ThumbUp><ThumbDown>2</ThumbDown><Sentiment/></Message><Message type="ReplyMessage"><Id>1363303993776-135</Id><Topic><Title>Any short think Yhoo is dead money at $22.34?</Title><Username>webdave_2000</Username><Timestamp>1363228086864</Timestamp><DateTime>Wed, 2013-03-13 22:28:06 EDT</DateTime></Topic><Msg>Wow somebody did not take its medicine today! Run and take your penny Infinite gain an buy your Prozac.</Msg><Username>webdave_2000</Username><Timestamp>1363303993776</Timestamp><DateTime>Thu, 2013-03-14 19:33:13 EDT</DateTime><ThumbUp>0</ThumbUp><ThumbDown>1</ThumbDown><Sentiment>Strong Buy</Sentiment></Message><Message type="ReplyMessage"><Id>1363304076437-136</Id><Topic><Title>Why does HalGordon sleep with goats???</Title><Username>hotmodeltestid122</Username><Timestamp>1363294479137</Timestamp><DateTime>Thu, 2013-03-14 16:54:39 EDT</DateTime></Topic><Msg>Because the goat is your mother?</Msg><Username>tornupdown</Username><Timestamp>1363304076437</Timestamp><DateTime>Thu, 2013-03-14 19:34:36 EDT</DateTime><ThumbUp>2</ThumbUp><ThumbDown>1</ThumbDown><Sentiment/></Message><Message type="ReplyMessage"><Id>1363304293227-137</Id><Topic><Title>CLODONE IS TAKING MONTH TO GO TO KEYS/REALLY SAYING CAN'T STAND HEAT LET MY BOGUS ID'S TALK</Title><Username>halgordon62</Username><Timestamp>1363303979448</Timestamp><DateTime>Thu, 2013-03-14 19:32:59 EDT</DateTime></Topic><Msg>You should try it.</Msg><Username>tornupdown</Username><Timestamp>1363304293227</Timestamp><DateTime>Thu, 2013-03-14 19:38:13 EDT</DateTime><ThumbUp>0</ThumbUp><ThumbDown>0</ThumbDown><Sentiment/></Message><Message type="ReplyMessage"><Id>1363304343327-138</Id><Topic><Title>Any short think Yhoo is dead money at $22.34?</Title><Username>webdave_2000</Username><Timestamp>1363228086864</Timestamp><DateTime>Wed, 2013-03-13 22:28:06 EDT</DateTime></Topic><Msg>You talk like hotmodel.</Msg><Username>tornupdown</Username><Timestamp>1363304343327</Timestamp><DateTime>Thu, 2013-03-14 19:39:03 EDT</DateTime><ThumbUp>0</ThumbUp><ThumbDown>1</ThumbDown><Sentiment/></Message><Message type="TopicMessage"><Id>1363305091761-139</Id><Title>What would you buy with hotmodel infinite gains?</Title><Msg>For myself I say is enough to buy a spaghetti can.</Msg><Username>webdave_2000</Username><Timestamp>1363305091761</Timestamp><DateTime>Thu, 2013-03-14 19:51:31 EDT</DateTime><ThumbUp>0</ThumbUp><ThumbDown>1</ThumbDown><Sentiment>Strong Buy</Sentiment></Message><Message type="ReplyMessage"><Id>1363305463842-140</Id><Topic><Title>What would you buy with hotmodel infinite gains?</Title><Username>webdave_2000</Username><Timestamp>1363305091761</Timestamp><DateTime>Thu, 2013-03-14 19:51:31 EDT</DateTime></Topic><Msg>Who eats spaghetti out of a can??? How poor are you BrainDead Dave??? Don't be mad I know how to use options to my advantage. You're forgetting though my only cost was commissions which was less than a nickel to both write and buyback those options but glad to know you hang on my every word. Want an autographed poster? What homeless shelter do you want me to send it to? There can't be that many places that serve Spaghetti-O's for dinner, even a poor person doesn't eat that dog food. Are you the exception?</Msg><Username>hotmodeltestid122</Username><Timestamp>1363305463842</Timestamp><DateTime>Thu, 2013-03-14 19:57:43 EDT</DateTime><ThumbUp>0</ThumbUp><ThumbDown>1</ThumbDown><Sentiment/></Message><Message type="ReplyMessage"><Id>1363306199046-141</Id><Topic><Title>What would you buy with hotmodel infinite gains?</Title><Username>webdave_2000</Username><Timestamp>1363305091761</Timestamp><DateTime>Thu, 2013-03-14 19:51:31 EDT</DateTime></Topic><Msg>Yeah. Yeah. I have seen a lot of people like you, but I had to pay admission. Your Infinite gain are enough to buy only one side of a stick right?</Msg><Username>webdave_2000</Username><Timestamp>1363306199046</Timestamp><DateTime>Thu, 2013-03-14 20:09:59 EDT</DateTime><ThumbUp>0</ThumbUp><ThumbDown>1</ThumbDown><Sentiment>Strong Buy</Sentiment></Message><Message type="ReplyMessage"><Id>1363306501338-142</Id><Topic><Title>YHOO Bounce Report</Title><Username>andreworren</Username><Timestamp>1363042592628</Timestamp><DateTime>Mon, 2013-03-11 18:56:32 EDT</DateTime></Topic><Msg>schocking report!</Msg><Username>albertonunes665</Username><Timestamp>1363306501338</Timestamp><DateTime>Thu, 2013-03-14 20:15:01 EDT</DateTime><ThumbUp>0</ThumbUp><ThumbDown>1</ThumbDown><Sentiment>Hold</Sentiment></Message><Message type="ReplyMessage"><Id>1363306906916-143</Id><Topic><Title>Any short think Yhoo is dead money at $22.34?</Title><Username>webdave_2000</Username><Timestamp>1363228086864</Timestamp><DateTime>Wed, 2013-03-13 22:28:06 EDT</DateTime></Topic><Msg>It seems Hotmodel infinite gain is a taker! Yeah!</Msg><Username>webdave_2000</Username><Timestamp>1363306906916</Timestamp><DateTime>Thu, 2013-03-14 20:21:46 EDT</DateTime><ThumbUp>1</ThumbUp><ThumbDown>1</ThumbDown><Sentiment>Strong Buy</Sentiment></Message><Message type="TopicMessage"><Id>1363309050862-144</Id><Title>How significant YHOO/MSFT search deal to YHOO share?</Title><Msg>Soon a decision will be announced. What is your expectation? Good or bad to YHOO. How high or how low to YHOO share once the decision is announced.</Msg><Username>goingbravo</Username><Timestamp>1363309050862</Timestamp><DateTime>Thu, 2013-03-14 20:57:30 EDT</DateTime><ThumbUp>0</ThumbUp><ThumbDown>1</ThumbDown><Sentiment>Strong Buy</Sentiment></Message><Message type="TopicMessage"><Id>1363310991421-145</Id><Title>getting more exciting every day - soon at $30</Title><Msg>getting more exciting every day - soon at $30</Msg><Username>optimestick</Username><Timestamp>1363310991421</Timestamp><DateTime>Thu, 2013-03-14 21:29:51 EDT</DateTime><ThumbUp>0</ThumbUp><ThumbDown>1</ThumbDown><Sentiment>Hold</Sentiment></Message><Message type="TopicMessage"><Id>1363312022287-146</Id><Title>great short stock... has much downside from this price point...</Title><Msg>overbought and overhyped... expectations will remain in doubt.</Msg><Username>richeydouglas</Username><Timestamp>1363312022287</Timestamp><DateTime>Thu, 2013-03-14 21:47:02 EDT</DateTime><ThumbUp>0</ThumbUp><ThumbDown>0</ThumbDown><Sentiment/></Message><Message type="ReplyMessage"><Id>1363312305204-147</Id><Topic><Title>What's wrong with the Yahoo Finance Web Page?</Title><Username>rromanoo</Username><Timestamp>1363300505256</Timestamp><DateTime>Thu, 2013-03-14 18:35:05 EDT</DateTime></Topic><Msg>nothing wrong with the page dude. It's more likely you have a #$%$ computer loaded with viruses. Yahoo web pages are technically fine. Not very exciting and losing users but they work fine. Not a whole lot of web traffic either.</Msg><Username>dickey_betts44</Username><Timestamp>1363312305204</Timestamp><DateTime>Thu, 2013-03-14 21:51:45 EDT</DateTime><ThumbUp>1</ThumbUp><ThumbDown>2</ThumbDown><Sentiment/></Message><Message type="ReplyMessage"><Id>1363312497770-148</Id><Topic><Title>Any short think Yhoo is dead money at $22.34?</Title><Username>webdave_2000</Username><Timestamp>1363228086864</Timestamp><DateTime>Wed, 2013-03-13 22:28:06 EDT</DateTime></Topic><Msg>no they are not. Lots of shorts and more going to flock into YHOO on the way down.</Msg><Username>dickey_betts44</Username><Timestamp>1363312497770</Timestamp><DateTime>Thu, 2013-03-14 21:54:57 EDT</DateTime><ThumbUp>0</ThumbUp><ThumbDown>1</ThumbDown><Sentiment/></Message><Message type="ReplyMessage"><Id>1363312590637-149</Id><Topic><Title>Conviction sell time to short it...... friday sell off is a plus..</Title><Username>richeydouglas</Username><Timestamp>1363302096797</Timestamp><DateTime>Thu, 2013-03-14 19:01:36 EDT</DateTime></Topic><Msg>Hey Richey you will be richey rich shorting this pumped on stock!</Msg><Username>dickey_betts44</Username><Timestamp>1363312590637</Timestamp><DateTime>Thu, 2013-03-14 21:56:30 EDT</DateTime><ThumbUp>0</ThumbUp><ThumbDown>1</ThumbDown><Sentiment/></Message><Message type="TopicMessage"><Id>1363312780074-150</Id><Title>Yahoo and Sylvester Stallone have a lot in common. They are both pumped up more than they should naturally be.</Title><Msg>Something tells me the bubble for both of them will soon pop and they will spiral into the abyss. It's just not natural where they are at this time.</Msg><Username>dickey_betts44</Username><Timestamp>1363312780074</Timestamp><DateTime>Thu, 2013-03-14 21:59:40 EDT</DateTime><ThumbUp>1</ThumbUp><ThumbDown>2</ThumbDown><Sentiment/></Message><Message type="TopicMessage"><Id>1363313034404-151</Id><Title>Lobster red</Title><Msg>Market will be totally lobster red tomorrow, shorting this turd to make money!</Msg><Username>coldonefather</Username><Timestamp>1363313034404</Timestamp><DateTime>Thu, 2013-03-14 22:03:54 EDT</DateTime><ThumbUp>1</ThumbUp><ThumbDown>4</ThumbDown><Sentiment>Strong Sell</Sentiment></Message><Message type="ReplyMessage"><Id>1363313440109-152</Id><Topic><Title>Lobster red</Title><Username>coldonefather</Username><Timestamp>1363313034404</Timestamp><DateTime>Thu, 2013-03-14 22:03:54 EDT</DateTime></Topic><Msg>No one cares if you are a bull or bear, but for you to be disgusting in how you express yourself is down right pathetic.</Msg><Username>rlday2010</Username><Timestamp>1363313440109</Timestamp><DateTime>Thu, 2013-03-14 22:10:40 EDT</DateTime><ThumbUp>1</ThumbUp><ThumbDown>1</ThumbDown><Sentiment/></Message><Message type="ReplyMessage"><Id>1363314312327-153</Id><Topic><Title>How significant YHOO/MSFT search deal to YHOO share?</Title><Username>goingbravo</Username><Timestamp>1363309050862</Timestamp><DateTime>Thu, 2013-03-14 20:57:30 EDT</DateTime></Topic><Msg>I'd say if the market likes the deal, YHOO will go higher by $1 to $2. Any other prediction and why!</Msg><Username>goingbravo</Username><Timestamp>1363314312327</Timestamp><DateTime>Thu, 2013-03-14 22:25:12 EDT</DateTime><ThumbUp>0</ThumbUp><ThumbDown>1</ThumbDown><Sentiment>Strong Buy</Sentiment></Message><Message type="ReplyMessage"><Id>1363315149485-154</Id><Topic><Title>YHOO Bounce Report</Title><Username>andreworren</Username><Timestamp>1363042592628</Timestamp><DateTime>Mon, 2013-03-11 18:56:32 EDT</DateTime></Topic><Msg>good</Msg><Username>dannycarles</Username><Timestamp>1363315149485</Timestamp><DateTime>Thu, 2013-03-14 22:39:09 EDT</DateTime><ThumbUp>0</ThumbUp><ThumbDown>2</ThumbDown><Sentiment>Hold</Sentiment></Message><Message type="ReplyMessage"><Id>1363315670121-155</Id><Topic><Title>Any short think Yhoo is dead money at $22.34?</Title><Username>webdave_2000</Username><Timestamp>1363228086864</Timestamp><DateTime>Wed, 2013-03-13 22:28:06 EDT</DateTime></Topic><Msg>No one is shorting at $22.34. That means they can all stop whining.</Msg><Username>neo1278alpha</Username><Timestamp>1363315670121</Timestamp><DateTime>Thu, 2013-03-14 22:47:50 EDT</DateTime><ThumbUp>2</ThumbUp><ThumbDown>2</ThumbDown><Sentiment/></Message></Date>