<?xml version="1.0" encoding="UTF-8" standalone="no"?><Date date="2013-02-26"><Message type="TopicMessage"><Id>1361855390610-1</Id><Title>What's MM plan for YJ stakes if it is "strategic" to YHOO</Title><Msg>I think YHOO will get the us and the market what will be there plan regarding their stakes in YJ sometime this year. MM is working 24/7 and she will get this company in better shape sooner than later.</Msg><Username>goingbravo</Username><Timestamp>1361855390610</Timestamp><DateTime>Tue, 2013-02-26 00:09:50 EST</DateTime><ThumbUp>0</ThumbUp><ThumbDown>0</ThumbDown><Sentiment>Strong Buy</Sentiment></Message><Message type="TopicMessage"><Id>1361858976469-2</Id><Title>Why is the PE so low --</Title><Msg>Why are you forcing customers to watch disgusting offensive photos in your Yahoo mailbox ads -- What this company needs is new managment starting at the CEO --</Msg><Username>david_meo</Username><Timestamp>1361858976469</Timestamp><DateTime>Tue, 2013-02-26 01:09:36 EST</DateTime><ThumbUp>0</ThumbUp><ThumbDown>0</ThumbDown><Sentiment>Strong Sell</Sentiment></Message><Message type="TopicMessage"><Id>1361865180668-3</Id><Title>MARISSA MAYER DUMB BLONDE #$%$!</Title><Msg>Marissa Mayer is proof women in the corporate world are bimbos when you put them in charge of anything, especially blonde women.</Msg><Username>longislandblows</Username><Timestamp>1361865180668</Timestamp><DateTime>Tue, 2013-02-26 02:53:00 EST</DateTime><ThumbUp>0</ThumbUp><ThumbDown>4</ThumbDown><Sentiment>Strong Sell</Sentiment></Message><Message type="TopicMessage"><Id>1361873313550-4</Id><Title>YAHOO! Establishes True Work Accountability - GREAT News!</Title><Msg>Get real, folks! Yahoo! (via MM) is sending out a long-needed message: We hire you to do a job, and be productive at work. "Teleworking" is another term for working from home so you can watch your kids, take a nap, and work when you feel like it - all the while not interacting with fellow creative employees. Nonsense. Appreciate the opportunity to work, interact to be productive, and forget this entitlement-philosophy that an employer "owes you" time during working hours to watch your children, talk with friends, make a snack, take a nap, go to yoga, etc. Does anyone really think the productivity from competitors in China "work" from home? So the stock price dips. Once Yahoo! employees learn teamwork and mutual support at work, productivity will shoot up faster than you can say "YAHOO! hit $30 a share today!"</Msg><Username>cibor</Username><Timestamp>1361873313550</Timestamp><DateTime>Tue, 2013-02-26 05:08:33 EST</DateTime><ThumbUp>9</ThumbUp><ThumbDown>1</ThumbDown><Sentiment/></Message><Message type="ReplyMessage"><Id>1361875443518-5</Id><Topic><Title>YAHOO! Establishes True Work Accountability - GREAT News!</Title><Username>cibor</Username><Timestamp>1361873313550</Timestamp><DateTime>Tue, 2013-02-26 05:08:33 EST</DateTime></Topic><Msg>Well said, Cibor.</Msg><Username>rlday2010</Username><Timestamp>1361875443518</Timestamp><DateTime>Tue, 2013-02-26 05:44:03 EST</DateTime><ThumbUp>3</ThumbUp><ThumbDown>1</ThumbDown><Sentiment/></Message><Message type="TopicMessage"><Id>1361880546707-6</Id><Title>Wait a minute. Marrisa built a nursery in the CEO suite? So she brings her little brat to work meanwhile remote</Title><Msg>workers can not watch over their kids during the day? This is absurd.</Msg><Username>tommy_loops</Username><Timestamp>1361880546707</Timestamp><DateTime>Tue, 2013-02-26 07:09:06 EST</DateTime><ThumbUp>0</ThumbUp><ThumbDown>5</ThumbDown><Sentiment/></Message><Message type="TopicMessage"><Id>1361887200155-7</Id><Title>WEED OUT THE WEEDS WHO LOAF AND DONT PRODUCE</Title><Msg>what a idea</Msg><Username>boogaloozzz</Username><Timestamp>1361887200155</Timestamp><DateTime>Tue, 2013-02-26 09:00:00 EST</DateTime><ThumbUp>0</ThumbUp><ThumbDown>1</ThumbDown><Sentiment/></Message><Message type="TopicMessage"><Id>1361887536559-8</Id><Title>Colossal Improvement for Yahoo! Inc. (YHOO) **MUST SEE**</Title><Msg>We needed to show this newsletter with people... This website has an article with info of momentous small cap stocks.Link:- microcapwatcherDOTcom/-YHOO</Msg><Username>emmett.eudy</Username><Timestamp>1361887536559</Timestamp><DateTime>Tue, 2013-02-26 09:05:36 EST</DateTime><ThumbUp>2</ThumbUp><ThumbDown>3</ThumbDown><Sentiment>Strong Buy</Sentiment></Message><Message type="ReplyMessage"><Id>1361888004645-9</Id><Topic><Title>Colossal Improvement for Yahoo! Inc. (YHOO) **MUST SEE**</Title><Username>emmett.eudy</Username><Timestamp>1361887536559</Timestamp><DateTime>Tue, 2013-02-26 09:05:36 EST</DateTime></Topic><Msg>Usual resident cyber criminals enabled by Yahoo's useless "stay at home" employees. Avoid the scam url.</Msg><Username>still_my_dime</Username><Timestamp>1361888004645</Timestamp><DateTime>Tue, 2013-02-26 09:13:24 EST</DateTime><ThumbUp>2</ThumbUp><ThumbDown>0</ThumbDown><Sentiment/></Message><Message type="ReplyMessage"><Id>1361889084086-10</Id><Topic><Title>TALENT RETENTION</Title><Username>squeezerd</Username><Timestamp>1361841478021</Timestamp><DateTime>Mon, 2013-02-25 20:17:58 EST</DateTime></Topic><Msg>This is a bad idea! YHOO will lose top talent to competitors. She must have better ideas than this.</Msg><Username>qofaslave69</Username><Timestamp>1361889084086</Timestamp><DateTime>Tue, 2013-02-26 09:31:24 EST</DateTime><ThumbUp>0</ThumbUp><ThumbDown>0</ThumbDown><Sentiment>Sell</Sentiment></Message><Message type="ReplyMessage"><Id>1361889859349-11</Id><Topic><Title>March 31 Bing Search deal will be canceled, May 10 Jack Ma steps down, Yahoo Japan to be sold</Title><Username>ashton10shyof</Username><Timestamp>1361378522875</Timestamp><DateTime>Wed, 2013-02-20 11:42:02 EST</DateTime></Topic><Msg>Alibaba advisors have been chosen.</Msg><Username>ashton10shyof</Username><Timestamp>1361889859349</Timestamp><DateTime>Tue, 2013-02-26 09:44:19 EST</DateTime><ThumbUp>2</ThumbUp><ThumbDown>0</ThumbDown><Sentiment/></Message><Message type="TopicMessage"><Id>1361889903465-12</Id><Title>Getting Very Tired of Hearing About How Terrible a Decision..</Title><Msg>it was for Marissa to ban work at home. Look, unlike the clowns who have run this shop in the past Marissa is setting a clear course for success and one of the top priorities on that list is cleaning out the dead wood and belive me Yahoo! has accumulated more than its fair share of it over the years. This is a strategic move by MM to keep the cream and cut out the bozos who are holding Yahoo back and I am sure she has said as much to her A team. In the business Yahoo is in, success is based on creativity and collaboration and that is much more effective when people are co-located. I hope MM stands her ground on this and doesn't back down to the morons who have no idea what they are talking about calling this a terrible decision...</Msg><Username>warnerlambert</Username><Timestamp>1361889903465</Timestamp><DateTime>Tue, 2013-02-26 09:45:03 EST</DateTime><ThumbUp>4</ThumbUp><ThumbDown>1</ThumbDown><Sentiment>Strong Buy</Sentiment></Message><Message type="TopicMessage"><Id>1361890232424-13</Id><Title>Everyone leaving Yahoo since they all found out Ms Mayer answers to</Title><Msg>Wal*Mart.</Msg><Username>madmilker70</Username><Timestamp>1361890232424</Timestamp><DateTime>Tue, 2013-02-26 09:50:32 EST</DateTime><ThumbUp>0</ThumbUp><ThumbDown>2</ThumbDown><Sentiment/></Message><Message type="ReplyMessage"><Id>1361890333858-14</Id><Topic><Title>March 31 Bing Search deal will be canceled, May 10 Jack Ma steps down, Yahoo Japan to be sold</Title><Username>ashton10shyof</Username><Timestamp>1361378522875</Timestamp><DateTime>Wed, 2013-02-20 11:42:02 EST</DateTime></Topic><Msg>Ballmer wants out too.</Msg><Username>tr420</Username><Timestamp>1361890333858</Timestamp><DateTime>Tue, 2013-02-26 09:52:13 EST</DateTime><ThumbUp>0</ThumbUp><ThumbDown>1</ThumbDown><Sentiment/></Message><Message type="ReplyMessage"><Id>1361890382061-15</Id><Topic><Title>Kara Swisher Exposed As a Yahoo Basher With Ulterior Motives</Title><Username>neo1278alpha</Username><Timestamp>1357921132320</Timestamp><DateTime>Fri, 2013-01-11 11:18:52 EST</DateTime></Topic><Msg>Swisher has been outsmarted by Marissa Mayer.</Msg><Username>shelcorecrust</Username><Timestamp>1361890382061</Timestamp><DateTime>Tue, 2013-02-26 09:53:02 EST</DateTime><ThumbUp>2</ThumbUp><ThumbDown>2</ThumbDown><Sentiment/></Message><Message type="ReplyMessage"><Id>1361890711978-16</Id><Topic><Title>March 31 Bing Search deal will be canceled, May 10 Jack Ma steps down, Yahoo Japan to be sold</Title><Username>ashton10shyof</Username><Timestamp>1361378522875</Timestamp><DateTime>Wed, 2013-02-20 11:42:02 EST</DateTime></Topic><Msg>You think that will make Li Ka-shing happy...</Msg><Username>madmilker70</Username><Timestamp>1361890711978</Timestamp><DateTime>Tue, 2013-02-26 09:58:31 EST</DateTime><ThumbUp>1</ThumbUp><ThumbDown>0</ThumbDown><Sentiment/></Message><Message type="TopicMessage"><Id>1361890733844-17</Id><Title>ILNS - to give presentation at BIOEUROPE in Barcelona March 11-13</Title><Msg>GOOD NEWS</Msg><Username>pollsalerts</Username><Timestamp>1361890733844</Timestamp><DateTime>Tue, 2013-02-26 09:58:53 EST</DateTime><ThumbUp>0</ThumbUp><ThumbDown>0</ThumbDown><Sentiment/></Message><Message type="ReplyMessage"><Id>1361890951177-18</Id><Topic><Title>Getting Very Tired of Hearing About How Terrible a Decision..</Title><Username>warnerlambert</Username><Timestamp>1361889903465</Timestamp><DateTime>Tue, 2013-02-26 09:45:03 EST</DateTime></Topic><Msg>She's ruthless in a nice way: free food, but everybody is expected to come to lunch. Nothing will stop her dynastic intentions.</Msg><Username>wea1th</Username><Timestamp>1361890951177</Timestamp><DateTime>Tue, 2013-02-26 10:02:31 EST</DateTime><ThumbUp>1</ThumbUp><ThumbDown>1</ThumbDown><Sentiment/></Message><Message type="ReplyMessage"><Id>1361890973866-19</Id><Topic><Title>March 31 Bing Search deal will be canceled, May 10 Jack Ma steps down, Yahoo Japan to be sold</Title><Username>ashton10shyof</Username><Timestamp>1361378522875</Timestamp><DateTime>Wed, 2013-02-20 11:42:02 EST</DateTime></Topic><Msg>The search deal with Bing needs to be ended as soon as possible.</Msg><Username>turmaniloil</Username><Timestamp>1361890973866</Timestamp><DateTime>Tue, 2013-02-26 10:02:53 EST</DateTime><ThumbUp>1</ThumbUp><ThumbDown>2</ThumbDown><Sentiment/></Message><Message type="TopicMessage"><Id>1361891035896-20</Id><Title>How many ghosts Yahoo workers?</Title><Msg>Are there</Msg><Username>potencjal</Username><Timestamp>1361891035896</Timestamp><DateTime>Tue, 2013-02-26 10:03:55 EST</DateTime><ThumbUp>0</ThumbUp><ThumbDown>3</ThumbDown><Sentiment/></Message><Message type="ReplyMessage"><Id>1361891089959-21</Id><Topic><Title>Will Yahoo Keep Their Current Search Deal with Microsoft?</Title><Username>neo1278alpha</Username><Timestamp>1361557447871</Timestamp><DateTime>Fri, 2013-02-22 13:24:07 EST</DateTime></Topic><Msg>Nobody likes Ballmer.</Msg><Username>neo1278alpha</Username><Timestamp>1361891089959</Timestamp><DateTime>Tue, 2013-02-26 10:04:49 EST</DateTime><ThumbUp>1</ThumbUp><ThumbDown>0</ThumbDown><Sentiment/></Message><Message type="ReplyMessage"><Id>1361891238294-22</Id><Topic><Title>Morgan Stanley's Latest Alibaba Estimates Suggest It's Worth $66 - 128 Billion</Title><Username>thetoadtimes</Username><Timestamp>1360949506305</Timestamp><DateTime>Fri, 2013-02-15 12:31:46 EST</DateTime></Topic><Msg>This is a good read.</Msg><Username>neo1278alpha</Username><Timestamp>1361891238294</Timestamp><DateTime>Tue, 2013-02-26 10:07:18 EST</DateTime><ThumbUp>1</ThumbUp><ThumbDown>0</ThumbDown><Sentiment/></Message><Message type="ReplyMessage"><Id>1361891298397-23</Id><Topic><Title>Marissa Mayer says Microsoft search deal underperforms</Title><Username>thetoadtimes</Username><Timestamp>1360714102230</Timestamp><DateTime>Tue, 2013-02-12 19:08:22 EST</DateTime></Topic><Msg>Bing will be told it is over.</Msg><Username>neo1278alpha</Username><Timestamp>1361891298397</Timestamp><DateTime>Tue, 2013-02-26 10:08:18 EST</DateTime><ThumbUp>1</ThumbUp><ThumbDown>0</ThumbDown><Sentiment/></Message><Message type="ReplyMessage"><Id>1361891339799-24</Id><Topic><Title>Yahoo Anxious to End Microsoft Search Deal</Title><Username>mb525799</Username><Timestamp>1358803412416</Timestamp><DateTime>Mon, 2013-01-21 16:23:32 EST</DateTime></Topic><Msg>Google is the way for Yahoo to go.</Msg><Username>neo1278alpha</Username><Timestamp>1361891339799</Timestamp><DateTime>Tue, 2013-02-26 10:08:59 EST</DateTime><ThumbUp>1</ThumbUp><ThumbDown>1</ThumbDown><Sentiment/></Message><Message type="ReplyMessage"><Id>1361891414920-25</Id><Topic><Title>Alibaba Group To Name IPO Advisers Week of February 18</Title><Username>smedleypuddles</Username><Timestamp>1360850398158</Timestamp><DateTime>Thu, 2013-02-14 08:59:58 EST</DateTime></Topic><Msg>An announcement is near.</Msg><Username>mb525799</Username><Timestamp>1361891414920</Timestamp><DateTime>Tue, 2013-02-26 10:10:14 EST</DateTime><ThumbUp>1</ThumbUp><ThumbDown>2</ThumbDown><Sentiment/></Message><Message type="ReplyMessage"><Id>1361891448334-26</Id><Topic><Title>Hotmodel - Do you still think Yahoo was dead money at $15.80?</Title><Username>theecoldone</Username><Timestamp>1354722516724</Timestamp><DateTime>Wed, 2012-12-05 10:48:36 EST</DateTime></Topic><Msg>she is still hiding.</Msg><Username>neo1278alpha</Username><Timestamp>1361891448334</Timestamp><DateTime>Tue, 2013-02-26 10:10:48 EST</DateTime><ThumbUp>1</ThumbUp><ThumbDown>4</ThumbDown><Sentiment/></Message><Message type="ReplyMessage"><Id>1361891525624-27</Id><Topic><Title>Coldone's advice to buy Yahoo from $11 to $20 was Perfect!</Title><Username>tetheredbird</Username><Timestamp>1360777418477</Timestamp><DateTime>Wed, 2013-02-13 12:43:38 EST</DateTime></Topic><Msg>So true...</Msg><Username>co1done</Username><Timestamp>1361891525624</Timestamp><DateTime>Tue, 2013-02-26 10:12:05 EST</DateTime><ThumbUp>3</ThumbUp><ThumbDown>0</ThumbDown><Sentiment/></Message><Message type="TopicMessage"><Id>1361892020334-28</Id><Title>What a circus.</Title><Msg>Now yahoo is screwing up the finance part=accurate quotes=not a chance.</Msg><Username>mechicksexer</Username><Timestamp>1361892020334</Timestamp><DateTime>Tue, 2013-02-26 10:20:20 EST</DateTime><ThumbUp>0</ThumbUp><ThumbDown>3</ThumbDown><Sentiment/></Message><Message type="ReplyMessage"><Id>1361892271673-29</Id><Topic><Title>Morgan Stanley's Latest Alibaba Estimates Suggest It's Worth $66 - 128 Billion</Title><Username>thetoadtimes</Username><Timestamp>1360949506305</Timestamp><DateTime>Fri, 2013-02-15 12:31:46 EST</DateTime></Topic><Msg>The advisors for Alibaba's IPO will get announced soon.</Msg><Username>shelcorecrust</Username><Timestamp>1361892271673</Timestamp><DateTime>Tue, 2013-02-26 10:24:31 EST</DateTime><ThumbUp>2</ThumbUp><ThumbDown>0</ThumbDown><Sentiment/></Message><Message type="ReplyMessage"><Id>1361892479008-30</Id><Topic><Title>March 31 Bing Search deal will be canceled, May 10 Jack Ma steps down, Yahoo Japan to be sold</Title><Username>ashton10shyof</Username><Timestamp>1361378522875</Timestamp><DateTime>Wed, 2013-02-20 11:42:02 EST</DateTime></Topic><Msg>These three items should all be resolved by June.</Msg><Username>drago37712</Username><Timestamp>1361892479008</Timestamp><DateTime>Tue, 2013-02-26 10:27:59 EST</DateTime><ThumbUp>1</ThumbUp><ThumbDown>2</ThumbDown><Sentiment/></Message><Message type="ReplyMessage"><Id>1361892647645-31</Id><Topic><Title>The Truth About Marissa Mayer's Surprise Deal With Google</Title><Username>neo1278alpha</Username><Timestamp>1361284185872</Timestamp><DateTime>Tue, 2013-02-19 09:29:45 EST</DateTime></Topic><Msg>Google will replace Bing in Yahoo's search deal.</Msg><Username>neo1278alpha</Username><Timestamp>1361892647645</Timestamp><DateTime>Tue, 2013-02-26 10:30:47 EST</DateTime><ThumbUp>1</ThumbUp><ThumbDown>0</ThumbDown><Sentiment/></Message><Message type="ReplyMessage"><Id>1361892730391-32</Id><Topic><Title>Marissa Mayer And Sheryl Sandberg Are In Secret Talks To Make A Facebook/Yahoo Search Engine</Title><Username>tornupdown</Username><Timestamp>1357835548638</Timestamp><DateTime>Thu, 2013-01-10 11:32:28 EST</DateTime></Topic><Msg>Yahoo will partner with Google in search.</Msg><Username>neo1278alpha</Username><Timestamp>1361892730391</Timestamp><DateTime>Tue, 2013-02-26 10:32:10 EST</DateTime><ThumbUp>1</ThumbUp><ThumbDown>0</ThumbDown><Sentiment/></Message><Message type="ReplyMessage"><Id>1361892784592-33</Id><Topic><Title>Chase Coleman is a believer in Yahoo's undervaluation and holds a sizable stake of $278 million</Title><Username>thetoadtimes</Username><Timestamp>1361294126520</Timestamp><DateTime>Tue, 2013-02-19 12:15:26 EST</DateTime></Topic><Msg>This is why Yahoo is going to $30.</Msg><Username>neo1278alpha</Username><Timestamp>1361892784592</Timestamp><DateTime>Tue, 2013-02-26 10:33:04 EST</DateTime><ThumbUp>1</ThumbUp><ThumbDown>0</ThumbDown><Sentiment/></Message><Message type="ReplyMessage"><Id>1361892839768-34</Id><Topic><Title>Alibaba to meet with advisors about IPO plans, FT reports</Title><Username>thetoadtimes</Username><Timestamp>1360338375309</Timestamp><DateTime>Fri, 2013-02-08 10:46:15 EST</DateTime></Topic><Msg>I'm thinking this will be in the news this week.</Msg><Username>ashton10shyof</Username><Timestamp>1361892839768</Timestamp><DateTime>Tue, 2013-02-26 10:33:59 EST</DateTime><ThumbUp>2</ThumbUp><ThumbDown>0</ThumbDown><Sentiment/></Message><Message type="ReplyMessage"><Id>1361892941383-35</Id><Topic><Title>How did coldone do it?</Title><Username>neo1278alpha</Username><Timestamp>1360694849975</Timestamp><DateTime>Tue, 2013-02-12 13:47:29 EST</DateTime></Topic><Msg>Coldone is an investing genius. Have you seen his other investments? They are all up!</Msg><Username>remmy12554</Username><Timestamp>1361892941383</Timestamp><DateTime>Tue, 2013-02-26 10:35:41 EST</DateTime><ThumbUp>2</ThumbUp><ThumbDown>0</ThumbDown><Sentiment/></Message><Message type="ReplyMessage"><Id>1361892985664-36</Id><Topic><Title>Rumor has it hotmodel has joined Coldone</Title><Username>theecoldone</Username><Timestamp>1354667778575</Timestamp><DateTime>Tue, 2012-12-04 19:36:18 EST</DateTime></Topic><Msg>hotmodel has left in shame.</Msg><Username>remmy12554</Username><Timestamp>1361892985664</Timestamp><DateTime>Tue, 2013-02-26 10:36:25 EST</DateTime><ThumbUp>2</ThumbUp><ThumbDown>0</ThumbDown><Sentiment/></Message><Message type="ReplyMessage"><Id>1361892988028-37</Id><Topic><Title>Chase Coleman is a believer in Yahoo's undervaluation and holds a sizable stake of $278 million</Title><Username>thetoadtimes</Username><Timestamp>1361294126520</Timestamp><DateTime>Tue, 2013-02-19 12:15:26 EST</DateTime></Topic><Msg>be interesting to see if anyone makes a play for Yahoo since they will have $20 billion in cash after divesting Alibaba and Yahoo Japan. Just need to see turnaround in revenue.</Msg><Username>lutts</Username><Timestamp>1361892988028</Timestamp><DateTime>Tue, 2013-02-26 10:36:28 EST</DateTime><ThumbUp>0</ThumbUp><ThumbDown>0</ThumbDown><Sentiment/></Message><Message type="ReplyMessage"><Id>1361893042725-38</Id><Topic><Title>hotmodel/dr.gloom speechless...Ha!</Title><Username>co1done</Username><Timestamp>1360681791264</Timestamp><DateTime>Tue, 2013-02-12 10:09:51 EST</DateTime></Topic><Msg>Yahoo at $20 shut hotmodel and gloom up.</Msg><Username>remmy12554</Username><Timestamp>1361893042725</Timestamp><DateTime>Tue, 2013-02-26 10:37:22 EST</DateTime><ThumbUp>2</ThumbUp><ThumbDown>3</ThumbDown><Sentiment/></Message><Message type="ReplyMessage"><Id>1361893185263-39</Id><Topic><Title>Yahoo Signs Agreement to Use Google’s Services for Display Ads</Title><Username>thetoadtimes</Username><Timestamp>1360190502489</Timestamp><DateTime>Wed, 2013-02-06 17:41:42 EST</DateTime></Topic><Msg>Yahoo will expand this partnership into search.</Msg><Username>shelcorecrust</Username><Timestamp>1361893185263</Timestamp><DateTime>Tue, 2013-02-26 10:39:45 EST</DateTime><ThumbUp>2</ThumbUp><ThumbDown>2</ThumbDown><Sentiment/></Message><Message type="ReplyMessage"><Id>1361893230243-40</Id><Topic><Title>No more hotmodel or dr.gloom!</Title><Username>nanobot8042</Username><Timestamp>1353949570193</Timestamp><DateTime>Mon, 2012-11-26 12:06:10 EST</DateTime></Topic><Msg>Great work coldone!</Msg><Username>shelcorecrust</Username><Timestamp>1361893230243</Timestamp><DateTime>Tue, 2013-02-26 10:40:30 EST</DateTime><ThumbUp>2</ThumbUp><ThumbDown>0</ThumbDown><Sentiment/></Message><Message type="TopicMessage"><Id>1361893269900-41</Id><Title>IMPORTANT INFO - YHOO</Title><Msg>new speculative buy issued by a firm, please view here - stock2chart(.)me</Msg><Username>donald.baranak52</Username><Timestamp>1361893269900</Timestamp><DateTime>Tue, 2013-02-26 10:41:09 EST</DateTime><ThumbUp>8</ThumbUp><ThumbDown>4</ThumbDown><Sentiment/></Message><Message type="ReplyMessage"><Id>1361893286051-42</Id><Topic><Title>Yahoo Raised to Buy-from-Hold at Pivotal Research</Title><Username>thetoadtimes</Username><Timestamp>1360248930136</Timestamp><DateTime>Thu, 2013-02-07 09:55:30 EST</DateTime></Topic><Msg>Yahoo is sitting on many upgrades with more to come.</Msg><Username>ashton10shyof</Username><Timestamp>1361893286051</Timestamp><DateTime>Tue, 2013-02-26 10:41:26 EST</DateTime><ThumbUp>2</ThumbUp><ThumbDown>0</ThumbDown><Sentiment/></Message><Message type="ReplyMessage"><Id>1361893354378-43</Id><Topic><Title>Coldone, cluck cluck, bought more Yahoo, cluck cluck, at $18.35...</Title><Username>dr.gloom</Username><Timestamp>1354643310338</Timestamp><DateTime>Tue, 2012-12-04 12:48:30 EST</DateTime></Topic><Msg>Looks like a good buy to me. What do you think now? Or can't you think?</Msg><Username>remmy12554</Username><Timestamp>1361893354378</Timestamp><DateTime>Tue, 2013-02-26 10:42:34 EST</DateTime><ThumbUp>2</ThumbUp><ThumbDown>4</ThumbDown><Sentiment/></Message><Message type="ReplyMessage"><Id>1361893396916-44</Id><Topic><Title>What is 24% of USD $59.55 billion - $14.29B!</Title><Username>co1done</Username><Timestamp>1360340093897</Timestamp><DateTime>Fri, 2013-02-08 11:14:53 EST</DateTime></Topic><Msg>Alibaba's IPO will be closer to $90B.</Msg><Username>shelcorecrust</Username><Timestamp>1361893396916</Timestamp><DateTime>Tue, 2013-02-26 10:43:16 EST</DateTime><ThumbUp>2</ThumbUp><ThumbDown>1</ThumbDown><Sentiment/></Message><Message type="ReplyMessage"><Id>1361893439304-45</Id><Topic><Title>Game Over at $20</Title><Username>co1done</Username><Timestamp>1355523426392</Timestamp><DateTime>Fri, 2012-12-14 17:17:06 EST</DateTime></Topic><Msg>Coldone wins!!!!!!!!!!</Msg><Username>ashton10shyof</Username><Timestamp>1361893439304</Timestamp><DateTime>Tue, 2013-02-26 10:43:59 EST</DateTime><ThumbUp>2</ThumbUp><ThumbDown>0</ThumbDown><Sentiment/></Message><Message type="ReplyMessage"><Id>1361893478766-46</Id><Topic><Title>Buy or sell Yahoo at $20?</Title><Username>co1done</Username><Timestamp>1355702921607</Timestamp><DateTime>Sun, 2012-12-16 19:08:41 EST</DateTime></Topic><Msg>Another hotmodel alias gets it wrong.</Msg><Username>remmy12554</Username><Timestamp>1361893478766</Timestamp><DateTime>Tue, 2013-02-26 10:44:38 EST</DateTime><ThumbUp>2</ThumbUp><ThumbDown>0</ThumbDown><Sentiment/></Message><Message type="ReplyMessage"><Id>1361893524567-47</Id><Topic><Title>Yahoo! Japan up 53% in One Year</Title><Username>neo1278alpha</Username><Timestamp>1360080579503</Timestamp><DateTime>Tue, 2013-02-05 11:09:39 EST</DateTime></Topic><Msg>Yahoo's investments are worth $25 billion.</Msg><Username>tr420</Username><Timestamp>1361893524567</Timestamp><DateTime>Tue, 2013-02-26 10:45:24 EST</DateTime><ThumbUp>0</ThumbUp><ThumbDown>2</ThumbDown><Sentiment/></Message><Message type="TopicMessage"><Id>1361893661872-48</Id><Title>(akebono.stanford.edu/yahoo) was Made In America....</Title><Msg>the exclamation mark was Made In China.</Msg><Username>madmilker70</Username><Timestamp>1361893661872</Timestamp><DateTime>Tue, 2013-02-26 10:47:41 EST</DateTime><ThumbUp>0</ThumbUp><ThumbDown>1</ThumbDown><Sentiment/></Message><Message type="ReplyMessage"><Id>1361893794844-49</Id><Topic><Title>Morgan Stanley's Latest Alibaba Estimates Suggest It's Worth $66 - 128 Billion</Title><Username>thetoadtimes</Username><Timestamp>1360949506305</Timestamp><DateTime>Fri, 2013-02-15 12:31:46 EST</DateTime></Topic><Msg>Goldman and Credit Suisse won.</Msg><Username>neo1278alpha</Username><Timestamp>1361893794844</Timestamp><DateTime>Tue, 2013-02-26 10:49:54 EST</DateTime><ThumbUp>2</ThumbUp><ThumbDown>0</ThumbDown><Sentiment/></Message><Message type="ReplyMessage"><Id>1361893882775-50</Id><Topic><Title>March 31 Bing Search deal will be canceled, May 10 Jack Ma steps down, Yahoo Japan to be sold</Title><Username>ashton10shyof</Username><Timestamp>1361378522875</Timestamp><DateTime>Wed, 2013-02-20 11:42:02 EST</DateTime></Topic><Msg>The search deal will be settled by March 31. The Alibaba IPO will be announced when Ma steps down on May 10. Yahoo Japan is growing and Yahoo needs to hold on to it.</Msg><Username>turmaniloil</Username><Timestamp>1361893882775</Timestamp><DateTime>Tue, 2013-02-26 10:51:22 EST</DateTime><ThumbUp>1</ThumbUp><ThumbDown>2</ThumbDown><Sentiment/></Message><Message type="ReplyMessage"><Id>1361894407090-51</Id><Topic><Title>March 31 Bing Search deal will be canceled, May 10 Jack Ma steps down, Yahoo Japan to be sold</Title><Username>ashton10shyof</Username><Timestamp>1361378522875</Timestamp><DateTime>Wed, 2013-02-20 11:42:02 EST</DateTime></Topic><Msg>Would some posters on this board reply to some of the following. I don't think it has been repeated enough and needs to be repeated as many times as possible. Clearly the share price and those that establish it have no idea about these things so we need to keep repeating it over and over again to get the news out. thanks 1. When will Jack Ma step down 2. Who are the Alibaba bankers for the IPO 3. How much is Alibaba worth 4. How much is Yahoo Japan worth 5. How good is coldone 6. What about the Microsoft deal 7. Who will Yahoo partner with 8. How high can the Yahoo share price go 9.How much cash will Yahoo have when all the deals are done 10. Name the top 3 bashers on this board</Msg><Username>wbobeli</Username><Timestamp>1361894407090</Timestamp><DateTime>Tue, 2013-02-26 11:00:07 EST</DateTime><ThumbUp>1</ThumbUp><ThumbDown>1</ThumbDown><Sentiment/></Message><Message type="TopicMessage"><Id>1361894433569-52</Id><Title>Remote Worker Productivity is a Myth</Title><Msg>Just as the Smokers smoking look like they are innovating something and Managers in a meeting look like they have a plan</Msg><Username>smk3188</Username><Timestamp>1361894433569</Timestamp><DateTime>Tue, 2013-02-26 11:00:33 EST</DateTime><ThumbUp>2</ThumbUp><ThumbDown>2</ThumbDown><Sentiment/></Message><Message type="ReplyMessage"><Id>1361894502150-53</Id><Topic><Title>March 31 Bing Search deal will be canceled, May 10 Jack Ma steps down, Yahoo Japan to be sold</Title><Username>ashton10shyof</Username><Timestamp>1361378522875</Timestamp><DateTime>Wed, 2013-02-20 11:42:02 EST</DateTime></Topic><Msg>Look up the answers and report back. Make yourself useful for a change...</Msg><Username>co1done</Username><Timestamp>1361894502150</Timestamp><DateTime>Tue, 2013-02-26 11:01:42 EST</DateTime><ThumbUp>1</ThumbUp><ThumbDown>0</ThumbDown><Sentiment/></Message><Message type="ReplyMessage"><Id>1361894577685-54</Id><Topic><Title>hotmodel/dr.gloom speechless...Ha!</Title><Username>co1done</Username><Timestamp>1360681791264</Timestamp><DateTime>Tue, 2013-02-12 10:09:51 EST</DateTime></Topic><Msg>The game ended at $20. Coldone destroyed hotmodel...</Msg><Username>co1done</Username><Timestamp>1361894577685</Timestamp><DateTime>Tue, 2013-02-26 11:02:57 EST</DateTime><ThumbUp>3</ThumbUp><ThumbDown>3</ThumbDown><Sentiment/></Message><Message type="ReplyMessage"><Id>1361894617983-55</Id><Topic><Title>Game Over at $20</Title><Username>co1done</Username><Timestamp>1355523426392</Timestamp><DateTime>Fri, 2012-12-14 17:17:06 EST</DateTime></Topic><Msg>Another hotmodel alias is crying...</Msg><Username>co1done</Username><Timestamp>1361894617983</Timestamp><DateTime>Tue, 2013-02-26 11:03:37 EST</DateTime><ThumbUp>1</ThumbUp><ThumbDown>0</ThumbDown><Sentiment/></Message><Message type="ReplyMessage"><Id>1361894630611-56</Id><Topic><Title>March 31 Bing Search deal will be canceled, May 10 Jack Ma steps down, Yahoo Japan to be sold</Title><Username>ashton10shyof</Username><Timestamp>1361378522875</Timestamp><DateTime>Wed, 2013-02-20 11:42:02 EST</DateTime></Topic><Msg>It was a joke......</Msg><Username>wbobeli</Username><Timestamp>1361894630611</Timestamp><DateTime>Tue, 2013-02-26 11:03:50 EST</DateTime><ThumbUp>0</ThumbUp><ThumbDown>0</ThumbDown><Sentiment/></Message><Message type="TopicMessage"><Id>1361894908539-57</Id><Title>Why Apple Needs To Buy Yahoo Today</Title><Msg>Internet Services has received quite a bit of attention over the last few months on blogs and in the press and it deserves to. As the battle between mobile OS’s continues to heat up over the coming years, rolling out amazing Internet Services will become more important, not less. Apple is again taking a go slow and grind it out approach to these. MobileMe didn’t work. We’ll learn from that. Apple Maps didn’t work. We’ll learn from that. The thinking seems to be internally: we don’t need to be first to market with great services, we just need to get to market. Sadly though, consumers seem to be getting more and more impatient in waiting around for Apple. Google was never perfect out of the blocks with their Internet Services but they do seem to be on a roll lately. Apple does need more external talent with these skills injected into the organization. Yahoo (YHOO) could be a great fit and Marissa Mayer would be an ideal head of Apple mobile Internet Services. Mail, Flickr, and their core properties would fit very well into prominent positioning in iOS. As Mayer has been saying of late, the Yahoo properties map on very well to the top 10 list of activities of what people do most on mobile.</Msg><Username>neo1278alpha</Username><Timestamp>1361894908539</Timestamp><DateTime>Tue, 2013-02-26 11:08:28 EST</DateTime><ThumbUp>5</ThumbUp><ThumbDown>1</ThumbDown><Sentiment/></Message><Message type="ReplyMessage"><Id>1361894965192-58</Id><Topic><Title>March 31 Bing Search deal will be canceled, May 10 Jack Ma steps down, Yahoo Japan to be sold</Title><Username>ashton10shyof</Username><Timestamp>1361378522875</Timestamp><DateTime>Wed, 2013-02-20 11:42:02 EST</DateTime></Topic><Msg>You're a joke...</Msg><Username>co1done</Username><Timestamp>1361894965192</Timestamp><DateTime>Tue, 2013-02-26 11:09:25 EST</DateTime><ThumbUp>1</ThumbUp><ThumbDown>0</ThumbDown><Sentiment/></Message><Message type="ReplyMessage"><Id>1361895000469-59</Id><Topic><Title>Why Apple Needs To Buy Yahoo Today</Title><Username>neo1278alpha</Username><Timestamp>1361894908539</Timestamp><DateTime>Tue, 2013-02-26 11:08:28 EST</DateTime></Topic><Msg>Apple is saving all that cash for something big.</Msg><Username>tetheredbird</Username><Timestamp>1361895000469</Timestamp><DateTime>Tue, 2013-02-26 11:10:00 EST</DateTime><ThumbUp>3</ThumbUp><ThumbDown>1</ThumbDown><Sentiment/></Message><Message type="ReplyMessage"><Id>1361895010222-60</Id><Topic><Title>(akebono.stanford.edu/yahoo) was Made In America....</Title><Username>madmilker70</Username><Timestamp>1361893661872</Timestamp><DateTime>Tue, 2013-02-26 10:47:41 EST</DateTime></Topic><Msg>just one thumbs down..... Come on.... you red ɐssholes can do better than that....</Msg><Username>madmilker70</Username><Timestamp>1361895010222</Timestamp><DateTime>Tue, 2013-02-26 11:10:10 EST</DateTime><ThumbUp>0</ThumbUp><ThumbDown>0</ThumbDown><Sentiment/></Message><Message type="ReplyMessage"><Id>1361895614001-61</Id><Topic><Title>Remote Worker Productivity is a Myth</Title><Username>smk3188</Username><Timestamp>1361894433569</Timestamp><DateTime>Tue, 2013-02-26 11:00:33 EST</DateTime></Topic><Msg>if some look like they function better remotely, she'll reinvigorate, assimilate, and send them home to "produce" adroitly. if there are some rough edges, they'll get polished. great ceo evaluates whole company. all pieces.</Msg><Username>wea1th</Username><Timestamp>1361895614001</Timestamp><DateTime>Tue, 2013-02-26 11:20:14 EST</DateTime><ThumbUp>0</ThumbUp><ThumbDown>0</ThumbDown><Sentiment/></Message><Message type="ReplyMessage"><Id>1361895721847-62</Id><Topic><Title>Coldone, cluck cluck, bought more Yahoo, cluck cluck, at $18.35...</Title><Username>dr.gloom</Username><Timestamp>1354643310338</Timestamp><DateTime>Tue, 2012-12-04 12:48:30 EST</DateTime></Topic><Msg>I still think that 5 years of posting buys on every 25 cent drop from $28 and waiting for Yahoo to hit $19 before having the guts to post this one and then panicking, good or bad is not the point.</Msg><Username>dr.gloom</Username><Timestamp>1361895721847</Timestamp><DateTime>Tue, 2013-02-26 11:22:01 EST</DateTime><ThumbUp>4</ThumbUp><ThumbDown>1</ThumbDown><Sentiment/></Message><Message type="ReplyMessage"><Id>1361895766775-63</Id><Topic><Title>YAHOO! Establishes True Work Accountability - GREAT News!</Title><Username>cibor</Username><Timestamp>1361873313550</Timestamp><DateTime>Tue, 2013-02-26 05:08:33 EST</DateTime></Topic><Msg>Those who will quit and perhaps try to sue YAHOO! because they were expected to pay for gasoline and spend time in traffic to actually GO to an office and work with others will have little sympathy among the long-term unemployed. With today's unemployment and under-employment, Yahoo employees hould be grateful for the opportunities they have, not demanding.</Msg><Username>cibor</Username><Timestamp>1361895766775</Timestamp><DateTime>Tue, 2013-02-26 11:22:46 EST</DateTime><ThumbUp>2</ThumbUp><ThumbDown>1</ThumbDown><Sentiment>Strong Buy</Sentiment></Message><Message type="ReplyMessage"><Id>1361896384885-64</Id><Topic><Title>Remote Worker Productivity is a Myth</Title><Username>smk3188</Username><Timestamp>1361894433569</Timestamp><DateTime>Tue, 2013-02-26 11:00:33 EST</DateTime></Topic><Msg>The federal government is pushing "teleworking", and every time there's any snow, employees are told they have the choice to taking leave or "teleworking". The problem is the employees are not given specific assignments, and when they return to work, they discuss the soap operas they spent the day watching, or the shopping they did. No accountability; no consequences. Teleworking should be restricted to professions such as painters and writers, not people who work together to colaberate to produce new concepts and R&amp;D. MM is setting standards, and I applaud her. Neither sex should claim special treatment because they have small children at home - that's discrimination. Nobody should complain about commuting; that's part of any job unless you're self-employed!</Msg><Username>cibor</Username><Timestamp>1361896384885</Timestamp><DateTime>Tue, 2013-02-26 11:33:04 EST</DateTime><ThumbUp>0</ThumbUp><ThumbDown>0</ThumbDown><Sentiment>Strong Buy</Sentiment></Message><Message type="TopicMessage"><Id>1361896859280-65</Id><Title>TRADERX TOLD THE BOARD THAT BAC WOULD NOT STAY ABOVE 12.14!!!</Title><Msg>It looks as if he was right!</Msg><Username>ghostfacetrader</Username><Timestamp>1361896859280</Timestamp><DateTime>Tue, 2013-02-26 11:40:59 EST</DateTime><ThumbUp>0</ThumbUp><ThumbDown>1</ThumbDown><Sentiment/></Message><Message type="TopicMessage"><Id>1361896949278-66</Id><Title>TRADERX MAKE MONEY OFF OF GETTING PEOPLE TO GO LONG TO COMBAT HIM, THEN HE SHORT SELLS!!!</Title><Msg>Wake up people!!! TraderX knows fully what he is doing!!!</Msg><Username>ghostfacetrader</Username><Timestamp>1361896949278</Timestamp><DateTime>Tue, 2013-02-26 11:42:29 EST</DateTime><ThumbUp>0</ThumbUp><ThumbDown>0</ThumbDown><Sentiment/></Message><Message type="ReplyMessage"><Id>1361896991458-67</Id><Topic><Title>Coldone, cluck cluck, bought more Yahoo, cluck cluck, at $18.35...</Title><Username>dr.gloom</Username><Timestamp>1354643310338</Timestamp><DateTime>Tue, 2012-12-04 12:48:30 EST</DateTime></Topic><Msg>Coldone made a fool of you gloom. He said buy from $11 to $20 and you said sell. You lose.</Msg><Username>remmy12554</Username><Timestamp>1361896991458</Timestamp><DateTime>Tue, 2013-02-26 11:43:11 EST</DateTime><ThumbUp>1</ThumbUp><ThumbDown>3</ThumbDown><Sentiment/></Message><Message type="ReplyMessage"><Id>1361897041654-68</Id><Topic><Title>Why Apple Needs To Buy Yahoo Today</Title><Username>neo1278alpha</Username><Timestamp>1361894908539</Timestamp><DateTime>Tue, 2013-02-26 11:08:28 EST</DateTime></Topic><Msg>Apple better wake up before they're trading in the $300s.</Msg><Username>remmy12554</Username><Timestamp>1361897041654</Timestamp><DateTime>Tue, 2013-02-26 11:44:01 EST</DateTime><ThumbUp>3</ThumbUp><ThumbDown>1</ThumbDown><Sentiment/></Message><Message type="TopicMessage"><Id>1361897101621-69</Id><Title>SELL YOUR SHARES WHEN YOU SEE TRADERX=====TRUST ME!!!!</Title><Msg>The man knows his charts.....Those who cambat him have no ideas how he actually works!!!</Msg><Username>ghostfacetrader</Username><Timestamp>1361897101621</Timestamp><DateTime>Tue, 2013-02-26 11:45:01 EST</DateTime><ThumbUp>0</ThumbUp><ThumbDown>1</ThumbDown><Sentiment/></Message><Message type="ReplyMessage"><Id>1361897196855-70</Id><Topic><Title>Yahoo! Japan up 53% in One Year</Title><Username>neo1278alpha</Username><Timestamp>1360080579503</Timestamp><DateTime>Tue, 2013-02-05 11:09:39 EST</DateTime></Topic><Msg>$25B and growing everyday.</Msg><Username>tetheredbird</Username><Timestamp>1361897196855</Timestamp><DateTime>Tue, 2013-02-26 11:46:36 EST</DateTime><ThumbUp>1</ThumbUp><ThumbDown>2</ThumbDown><Sentiment/></Message><Message type="ReplyMessage"><Id>1361897274243-71</Id><Topic><Title>Hotmodel - Do you still think Yahoo was dead money at $15.80?</Title><Username>theecoldone</Username><Timestamp>1354722516724</Timestamp><DateTime>Wed, 2012-12-05 10:48:36 EST</DateTime></Topic><Msg>hotmodel blew it.</Msg><Username>neo1278alpha</Username><Timestamp>1361897274243</Timestamp><DateTime>Tue, 2013-02-26 11:47:54 EST</DateTime><ThumbUp>1</ThumbUp><ThumbDown>5</ThumbDown><Sentiment/></Message><Message type="ReplyMessage"><Id>1361897300641-72</Id><Topic><Title>Coldone's advice to buy Yahoo from $11 to $20 was Perfect!</Title><Username>tetheredbird</Username><Timestamp>1360777418477</Timestamp><DateTime>Wed, 2013-02-13 12:43:38 EST</DateTime></Topic><Msg>Coldone always gets it right.</Msg><Username>neo1278alpha</Username><Timestamp>1361897300641</Timestamp><DateTime>Tue, 2013-02-26 11:48:20 EST</DateTime><ThumbUp>1</ThumbUp><ThumbDown>5</ThumbDown><Sentiment/></Message><Message type="ReplyMessage"><Id>1361897677091-73</Id><Topic><Title>IMPORTANT INFO - YHOO</Title><Username>donald.baranak52</Username><Timestamp>1361893269900</Timestamp><DateTime>Tue, 2013-02-26 10:41:09 EST</DateTime></Topic><Msg>This news letter truly comprehend how the stock trading runs.</Msg><Username>shelly_k48</Username><Timestamp>1361897677091</Timestamp><DateTime>Tue, 2013-02-26 11:54:37 EST</DateTime><ThumbUp>0</ThumbUp><ThumbDown>3</ThumbDown><Sentiment/></Message><Message type="ReplyMessage"><Id>1361898224664-74</Id><Topic><Title>The coldone bought more at $16.99!!</Title><Username>dr.gloom</Username><Timestamp>1348252218110</Timestamp><DateTime>Fri, 2012-09-21 14:30:18 EDT</DateTime></Topic><Msg>Coldone continues to make gloom cry...</Msg><Username>co1done</Username><Timestamp>1361898224664</Timestamp><DateTime>Tue, 2013-02-26 12:03:44 EST</DateTime><ThumbUp>1</ThumbUp><ThumbDown>0</ThumbDown><Sentiment/></Message><Message type="ReplyMessage"><Id>1361898272101-75</Id><Topic><Title>The coldone bought more at $16.99!!</Title><Username>dr.gloom</Username><Timestamp>1348252218110</Timestamp><DateTime>Fri, 2012-09-21 14:30:18 EDT</DateTime></Topic><Msg>gloom gets burnt again...</Msg><Username>co1done</Username><Timestamp>1361898272101</Timestamp><DateTime>Tue, 2013-02-26 12:04:32 EST</DateTime><ThumbUp>1</ThumbUp><ThumbDown>0</ThumbDown><Sentiment/></Message><Message type="ReplyMessage"><Id>1361898309052-76</Id><Topic><Title>IMPORTANT INFO - YHOO</Title><Username>donald.baranak52</Username><Timestamp>1361893269900</Timestamp><DateTime>Tue, 2013-02-26 10:41:09 EST</DateTime></Topic><Msg>████████████ LINK IS TO NASTY PORN!!!! ████████████...</Msg><Username>zion_will_up_huge</Username><Timestamp>1361898309052</Timestamp><DateTime>Tue, 2013-02-26 12:05:09 EST</DateTime><ThumbUp>0</ThumbUp><ThumbDown>1</ThumbDown><Sentiment/></Message><Message type="ReplyMessage"><Id>1361898362004-77</Id><Topic><Title>The coldone bought more at $16.99!!</Title><Username>dr.gloom</Username><Timestamp>1348252218110</Timestamp><DateTime>Fri, 2012-09-21 14:30:18 EDT</DateTime></Topic><Msg>gloom excels at looking foolish.</Msg><Username>tetheredbird</Username><Timestamp>1361898362004</Timestamp><DateTime>Tue, 2013-02-26 12:06:02 EST</DateTime><ThumbUp>1</ThumbUp><ThumbDown>0</ThumbDown><Sentiment/></Message><Message type="ReplyMessage"><Id>1361898443674-78</Id><Topic><Title>Colossal Improvement for Yahoo! Inc. (YHOO) **MUST SEE**</Title><Username>emmett.eudy</Username><Timestamp>1361887536559</Timestamp><DateTime>Tue, 2013-02-26 09:05:36 EST</DateTime></Topic><Msg>I am happy i read that before buying</Msg><Username>cecil.kunkel</Username><Timestamp>1361898443674</Timestamp><DateTime>Tue, 2013-02-26 12:07:23 EST</DateTime><ThumbUp>0</ThumbUp><ThumbDown>1</ThumbDown><Sentiment/></Message><Message type="TopicMessage"><Id>1361899765354-79</Id><Title>Interesting - Apple could buy Yahoo for Internet services</Title><Msg>2. Internet Services. This has received some attention quite a bit over the last few months on blogs and in the press and it deserves to. As the battle between mobile OS’s continues to heat up over the coming years, rolling out amazing Internet Services will become more important, not less. Apple is again taking a go slow and grind it out approach to these. MobileMe didn’t work. We’ll learn from that. Apple Maps didn’t work. We’ll learn from that. The thinking seems to be internally: we don’t need to be first to market with great services, we just need to get to market. Sadly though, consumers seem to be getting more and more impatient in waiting around for Apple. Google was never perfect out of the blocks with their Internet Services but they do seem to be on a roll lately. Apple does need more external talent with these skills injected into the organization. Yahoo (YHOO) could be a great fit and Marissa Mayer would be an ideal head of Apple mobile Internet Services. Mail, Flickr, and their core properties would fit very well into prominent positioning in iOS. As Mayer has been saying of late, the Yahoo properties map on very well to the top 10 list of activities of what people do most on mobile.</Msg><Username>lutts</Username><Timestamp>1361899765354</Timestamp><DateTime>Tue, 2013-02-26 12:29:25 EST</DateTime><ThumbUp>2</ThumbUp><ThumbDown>0</ThumbDown><Sentiment/></Message><Message type="ReplyMessage"><Id>1361899876162-80</Id><Topic><Title>Why Apple Needs To Buy Yahoo Today</Title><Username>neo1278alpha</Username><Timestamp>1361894908539</Timestamp><DateTime>Tue, 2013-02-26 11:08:28 EST</DateTime></Topic><Msg>Apple will make big moves this year.</Msg><Username>turmaniloil</Username><Timestamp>1361899876162</Timestamp><DateTime>Tue, 2013-02-26 12:31:16 EST</DateTime><ThumbUp>0</ThumbUp><ThumbDown>1</ThumbDown><Sentiment/></Message><Message type="ReplyMessage"><Id>1361902399786-81</Id><Topic><Title>Do You Think YHOO is a BUY, SELL, or HOLD?</Title><Username>nbaltzrochelle</Username><Timestamp>1361803811476</Timestamp><DateTime>Mon, 2013-02-25 09:50:11 EST</DateTime></Topic><Msg>I got it for free. Thank you</Msg><Username>odisejmiriam</Username><Timestamp>1361902399786</Timestamp><DateTime>Tue, 2013-02-26 13:13:19 EST</DateTime><ThumbUp>1</ThumbUp><ThumbDown>2</ThumbDown><Sentiment/></Message><Message type="ReplyMessage"><Id>1361903257807-82</Id><Topic><Title>IMPORTANT INFO - YHOO</Title><Username>donald.baranak52</Username><Timestamp>1361893269900</Timestamp><DateTime>Tue, 2013-02-26 10:41:09 EST</DateTime></Topic><Msg>The staff at this newsletter certainly fully grasp how the wall street game runs.</Msg><Username>tericlubb11</Username><Timestamp>1361903257807</Timestamp><DateTime>Tue, 2013-02-26 13:27:37 EST</DateTime><ThumbUp>0</ThumbUp><ThumbDown>1</ThumbDown><Sentiment/></Message><Message type="ReplyMessage"><Id>1361903365704-83</Id><Topic><Title>Colossal Improvement for Yahoo! Inc. (YHOO) **MUST SEE**</Title><Username>emmett.eudy</Username><Timestamp>1361887536559</Timestamp><DateTime>Tue, 2013-02-26 09:05:36 EST</DateTime></Topic><Msg>game changer no doubt</Msg><Username>bonnermichael51</Username><Timestamp>1361903365704</Timestamp><DateTime>Tue, 2013-02-26 13:29:25 EST</DateTime><ThumbUp>0</ThumbUp><ThumbDown>2</ThumbDown><Sentiment/></Message><Message type="ReplyMessage"><Id>1361903937919-84</Id><Topic><Title>Why Apple Needs To Buy Yahoo Today</Title><Username>neo1278alpha</Username><Timestamp>1361894908539</Timestamp><DateTime>Tue, 2013-02-26 11:08:28 EST</DateTime></Topic><Msg>Apple has to be planning something big. Buying Yahoo and getting M. Mayer would be huge.</Msg><Username>neo1278alpha</Username><Timestamp>1361903937919</Timestamp><DateTime>Tue, 2013-02-26 13:38:57 EST</DateTime><ThumbUp>3</ThumbUp><ThumbDown>0</ThumbDown><Sentiment/></Message><Message type="ReplyMessage"><Id>1361904851600-85</Id><Topic><Title>YAHOO! Establishes True Work Accountability - GREAT News!</Title><Username>cibor</Username><Timestamp>1361873313550</Timestamp><DateTime>Tue, 2013-02-26 05:08:33 EST</DateTime></Topic><Msg>Well stated, Cibor. I actually thought we were headed for a great bump up in pps when I heard about MM's policy change. It is hard to believe that share price took such a hit because people were told to get out of their footed pajamas &amp; go into the office to work. I have a close relative who lost management job &amp; now has two part time jobs at minimum wage. She is happy to have those since she is a divorced mom but would jump at the chance to go to these YHOO jobs. So much sympathy for the home-workers??? Could it be because so many are seeing this while they surf the net &amp; watch TV while they sit home &amp; collect a check. BTW this family member of mine qualified for collecting a check but said she couldn't just sit home &amp; do that...4 years ago. Blessings :)</Msg><Username>sfm211myutmost</Username><Timestamp>1361904851600</Timestamp><DateTime>Tue, 2013-02-26 13:54:11 EST</DateTime><ThumbUp>3</ThumbUp><ThumbDown>0</ThumbDown><Sentiment>Buy</Sentiment></Message><Message type="ReplyMessage"><Id>1361905608823-86</Id><Topic><Title>Why Apple Needs To Buy Yahoo Today</Title><Username>neo1278alpha</Username><Timestamp>1361894908539</Timestamp><DateTime>Tue, 2013-02-26 11:08:28 EST</DateTime></Topic><Msg>Don't be surprised to wake up one of these days (speculating), huge news say YHOO is acqXXXXX by AAPL or MSFT or ????. I will not be surprised YHOO being largest website in the world, and most of his content are number 1 in ranking: news, sports, finance, entertainment and pursuing aggressively mobile internet.</Msg><Username>goingbravo</Username><Timestamp>1361905608823</Timestamp><DateTime>Tue, 2013-02-26 14:06:48 EST</DateTime><ThumbUp>2</ThumbUp><ThumbDown>0</ThumbDown><Sentiment/></Message><Message type="TopicMessage"><Id>1361905664993-87</Id><Title>END TIME</Title><Msg>U MURDER 1000 WolvES 4 SATAN American PIGGGGGGGGGGGGGGGGGGGS U GET SATANS rewarDS and 34 US cities annihilated before YOUR PIGGGGGGGGGGGGGGGGGGGGGGGS END. America is A #$%$ nose sniffing, satan worshipping, animal murdering GREEDY PIGGGGGGG. Take it Russia, China, N. Korea and Iran. Christ has LIFTED HIS veil of protection KUMPLETELY and IT IS YOUR TIME.</Msg><Username>ezekiel_trinity</Username><Timestamp>1361905664993</Timestamp><DateTime>Tue, 2013-02-26 14:07:44 EST</DateTime><ThumbUp>0</ThumbUp><ThumbDown>1</ThumbDown><Sentiment/></Message><Message type="TopicMessage"><Id>1361905702692-88</Id><Title>yhoo buying back shares</Title><Msg>Each share that yhoo buys back increases the value of the remaining shares because the asian assets. The longer it takes the more they buy back and the more value the asian assets increase is making the remaining shares more valueable. This is a perfect use of the cash on hand.</Msg><Username>lucetteo1</Username><Timestamp>1361905702692</Timestamp><DateTime>Tue, 2013-02-26 14:08:22 EST</DateTime><ThumbUp>2</ThumbUp><ThumbDown>1</ThumbDown><Sentiment/></Message><Message type="ReplyMessage"><Id>1361905831207-89</Id><Topic><Title>Colossal Improvement for Yahoo! Inc. (YHOO) **MUST SEE**</Title><Username>emmett.eudy</Username><Timestamp>1361887536559</Timestamp><DateTime>Tue, 2013-02-26 09:05:36 EST</DateTime></Topic><Msg>yea i guess</Msg><Username>josephgolden70</Username><Timestamp>1361905831207</Timestamp><DateTime>Tue, 2013-02-26 14:10:31 EST</DateTime><ThumbUp>0</ThumbUp><ThumbDown>0</ThumbDown><Sentiment/></Message><Message type="ReplyMessage"><Id>1361906140530-90</Id><Topic><Title>Wait a minute. Marrisa built a nursery in the CEO suite? So she brings her little brat to work meanwhile remote</Title><Username>tommy_loops</Username><Timestamp>1361880546707</Timestamp><DateTime>Tue, 2013-02-26 07:09:06 EST</DateTime></Topic><Msg>Are all YaHoo remote workers women that have kids? Sure sounds like it.</Msg><Username>cancel190</Username><Timestamp>1361906140530</Timestamp><DateTime>Tue, 2013-02-26 14:15:40 EST</DateTime><ThumbUp>0</ThumbUp><ThumbDown>0</ThumbDown><Sentiment>Hold</Sentiment></Message><Message type="TopicMessage"><Id>1361906189400-91</Id><Title>No More Pyjama Days you Lazy's - Time to do Time at Yahoo! Work Beach!</Title><Msg>You Hear!</Msg><Username>gs_markets</Username><Timestamp>1361906189400</Timestamp><DateTime>Tue, 2013-02-26 14:16:29 EST</DateTime><ThumbUp>0</ThumbUp><ThumbDown>0</ThumbDown><Sentiment/></Message><Message type="ReplyMessage"><Id>1361907407522-92</Id><Topic><Title>yhoo buying back shares</Title><Username>lucetteo1</Username><Timestamp>1361905702692</Timestamp><DateTime>Tue, 2013-02-26 14:08:22 EST</DateTime></Topic><Msg>You are absolutely right!! YHOO has a very smart CEO finally! YHOO shareholders you are definitely in good hands today and going forward.</Msg><Username>goingbravo</Username><Timestamp>1361907407522</Timestamp><DateTime>Tue, 2013-02-26 14:36:47 EST</DateTime><ThumbUp>1</ThumbUp><ThumbDown>1</ThumbDown><Sentiment>Strong Buy</Sentiment></Message><Message type="ReplyMessage"><Id>1361907735964-93</Id><Topic><Title>No More Pyjama Days you Lazy's - Time to do Time at Yahoo! Work Beach!</Title><Username>gs_markets</Username><Timestamp>1361906189400</Timestamp><DateTime>Tue, 2013-02-26 14:16:29 EST</DateTime></Topic><Msg>This policy will backfire!</Msg><Username>mccofee</Username><Timestamp>1361907735964</Timestamp><DateTime>Tue, 2013-02-26 14:42:15 EST</DateTime><ThumbUp>0</ThumbUp><ThumbDown>0</ThumbDown><Sentiment/></Message><Message type="TopicMessage"><Id>1361908579500-94</Id><Title>No more Dk'n off at home</Title><Msg>Now come into the office so you can Professionally Screw Up The Message Boards YHOO to 2...................</Msg><Username>dabrogg</Username><Timestamp>1361908579500</Timestamp><DateTime>Tue, 2013-02-26 14:56:19 EST</DateTime><ThumbUp>3</ThumbUp><ThumbDown>5</ThumbDown><Sentiment/></Message><Message type="ReplyMessage"><Id>1361909061541-95</Id><Topic><Title>Why Apple Needs To Buy Yahoo Today</Title><Username>neo1278alpha</Username><Timestamp>1361894908539</Timestamp><DateTime>Tue, 2013-02-26 11:08:28 EST</DateTime></Topic><Msg>Apple needs to get their edge back. Yahoo and Marissa is the answer.</Msg><Username>shelcorecrust</Username><Timestamp>1361909061541</Timestamp><DateTime>Tue, 2013-02-26 15:04:21 EST</DateTime><ThumbUp>2</ThumbUp><ThumbDown>1</ThumbDown><Sentiment/></Message><Message type="ReplyMessage"><Id>1361909769558-96</Id><Topic><Title>yhoo buying back shares</Title><Username>lucetteo1</Username><Timestamp>1361905702692</Timestamp><DateTime>Tue, 2013-02-26 14:08:22 EST</DateTime></Topic><Msg>Nobody is even talking about what could happen when this smart CEO does revamp yhoo's core and increases its earnings. These earnings will go to a lower share count also increasing its pps. The asian assets are a bonus and were a great investment. Yhoo actual business is what MM is going to perfect.</Msg><Username>lucetteo1</Username><Timestamp>1361909769558</Timestamp><DateTime>Tue, 2013-02-26 15:16:09 EST</DateTime><ThumbUp>2</ThumbUp><ThumbDown>1</ThumbDown><Sentiment/></Message><Message type="ReplyMessage"><Id>1361911558823-97</Id><Topic><Title>IMPORTANT INFO - YHOO</Title><Username>donald.baranak52</Username><Timestamp>1361893269900</Timestamp><DateTime>Tue, 2013-02-26 10:41:09 EST</DateTime></Topic><Msg>Thank you for the advice guys, i will certainly make absolutely sure to do so.</Msg><Username>plazekg54</Username><Timestamp>1361911558823</Timestamp><DateTime>Tue, 2013-02-26 15:45:58 EST</DateTime><ThumbUp>0</ThumbUp><ThumbDown>0</ThumbDown><Sentiment/></Message><Message type="ReplyMessage"><Id>1361912937912-98</Id><Topic><Title>Top Analyst UPGRADES YHOO !!!</Title><Username>karen.land</Username><Timestamp>1361908553841</Timestamp><DateTime>Tue, 2013-02-26 14:55:53 EST</DateTime></Topic><Msg>Good news</Msg><Username>michaelmurray106</Username><Timestamp>1361912937912</Timestamp><DateTime>Tue, 2013-02-26 16:08:57 EST</DateTime><ThumbUp>0</ThumbUp><ThumbDown>1</ThumbDown><Sentiment/></Message><Message type="ReplyMessage"><Id>1361913535499-99</Id><Topic><Title>yhoo buying back shares</Title><Username>lucetteo1</Username><Timestamp>1361905702692</Timestamp><DateTime>Tue, 2013-02-26 14:08:22 EST</DateTime></Topic><Msg>The future of YHOO is really bright under this CEO.</Msg><Username>goingbravo</Username><Timestamp>1361913535499</Timestamp><DateTime>Tue, 2013-02-26 16:18:55 EST</DateTime><ThumbUp>1</ThumbUp><ThumbDown>0</ThumbDown><Sentiment>Strong Buy</Sentiment></Message><Message type="ReplyMessage"><Id>1361913602069-100</Id><Topic><Title>Top Analyst UPGRADES YHOO !!!</Title><Username>karen.land</Username><Timestamp>1361908553841</Timestamp><DateTime>Tue, 2013-02-26 14:55:53 EST</DateTime></Topic><Msg>thanks a lot!</Msg><Username>mayertodd654</Username><Timestamp>1361913602069</Timestamp><DateTime>Tue, 2013-02-26 16:20:02 EST</DateTime><ThumbUp>0</ThumbUp><ThumbDown>1</ThumbDown><Sentiment/></Message><Message type="ReplyMessage"><Id>1361914067396-101</Id><Topic><Title>Top Analyst UPGRADES YHOO !!!</Title><Username>karen.land</Username><Timestamp>1361908553841</Timestamp><DateTime>Tue, 2013-02-26 14:55:53 EST</DateTime></Topic><Msg>very helpful</Msg><Username>terry.horka</Username><Timestamp>1361914067396</Timestamp><DateTime>Tue, 2013-02-26 16:27:47 EST</DateTime><ThumbUp>0</ThumbUp><ThumbDown>1</ThumbDown><Sentiment/></Message><Message type="ReplyMessage"><Id>1361914140107-102</Id><Topic><Title>YAHOO! Establishes True Work Accountability - GREAT News!</Title><Username>cibor</Username><Timestamp>1361873313550</Timestamp><DateTime>Tue, 2013-02-26 05:08:33 EST</DateTime></Topic><Msg>Brilliant move on many dimensions by Marissa Mayer. She will wind up cutting cost by letting non-productive employees either become productive or leave and let others more talented join Yahoo. They have a nursery and daycare and free food, so there's no reason for any complaining. This was another homerun for shareholders and for the future of Yahoo.</Msg><Username>roirop</Username><Timestamp>1361914140107</Timestamp><DateTime>Tue, 2013-02-26 16:29:00 EST</DateTime><ThumbUp>3</ThumbUp><ThumbDown>1</ThumbDown><Sentiment/></Message><Message type="ReplyMessage"><Id>1361914594963-103</Id><Topic><Title>Do You Think YHOO is a BUY, SELL, or HOLD?</Title><Username>nbaltzrochelle</Username><Timestamp>1361803811476</Timestamp><DateTime>Mon, 2013-02-25 09:50:11 EST</DateTime></Topic><Msg>I got it for free. Thank you</Msg><Username>newiconsuitemolly</Username><Timestamp>1361914594963</Timestamp><DateTime>Tue, 2013-02-26 16:36:34 EST</DateTime><ThumbUp>1</ThumbUp><ThumbDown>1</ThumbDown><Sentiment>Buy</Sentiment></Message><Message type="ReplyMessage"><Id>1361914972334-104</Id><Topic><Title>yhoo buying back shares</Title><Username>lucetteo1</Username><Timestamp>1361905702692</Timestamp><DateTime>Tue, 2013-02-26 14:08:22 EST</DateTime></Topic><Msg>Each share that yhoo buys back decreases the value of the company. Yahoo is spending cash to lessen share count and value. Cash has value, cash is an asset. The more cash Yahoo spends on shares the less Yahoo is worth.</Msg><Username>dr.gloom</Username><Timestamp>1361914972334</Timestamp><DateTime>Tue, 2013-02-26 16:42:52 EST</DateTime><ThumbUp>0</ThumbUp><ThumbDown>1</ThumbDown><Sentiment/></Message><Message type="ReplyMessage"><Id>1361915251033-105</Id><Topic><Title>Top Analyst UPGRADES YHOO !!!</Title><Username>karen.land</Username><Timestamp>1361908553841</Timestamp><DateTime>Tue, 2013-02-26 14:55:53 EST</DateTime></Topic><Msg>very helpful</Msg><Username>john.harris414</Username><Timestamp>1361915251033</Timestamp><DateTime>Tue, 2013-02-26 16:47:31 EST</DateTime><ThumbUp>0</ThumbUp><ThumbDown>1</ThumbDown><Sentiment/></Message><Message type="ReplyMessage"><Id>1361915783058-106</Id><Topic><Title>Top Analyst UPGRADES YHOO !!!</Title><Username>karen.land</Username><Timestamp>1361908553841</Timestamp><DateTime>Tue, 2013-02-26 14:55:53 EST</DateTime></Topic><Msg>thanks a lot! helpfully info</Msg><Username>aokiwilliam574</Username><Timestamp>1361915783058</Timestamp><DateTime>Tue, 2013-02-26 16:56:23 EST</DateTime><ThumbUp>0</ThumbUp><ThumbDown>0</ThumbDown><Sentiment/></Message><Message type="TopicMessage"><Id>1361915895322-107</Id><Title>Old Posts Reposted...yawwwwwnnnnnnn</Title><Msg>Do people need to see their id on the board again or what????? Bless their little hearts...</Msg><Username>sfm211myutmost</Username><Timestamp>1361915895322</Timestamp><DateTime>Tue, 2013-02-26 16:58:15 EST</DateTime><ThumbUp>0</ThumbUp><ThumbDown>0</ThumbDown><Sentiment>Buy</Sentiment></Message><Message type="ReplyMessage"><Id>1361916411488-108</Id><Topic><Title>Top Analyst UPGRADES YHOO !!!</Title><Username>karen.land</Username><Timestamp>1361908553841</Timestamp><DateTime>Tue, 2013-02-26 14:55:53 EST</DateTime></Topic><Msg>great report!</Msg><Username>smithshawn755</Username><Timestamp>1361916411488</Timestamp><DateTime>Tue, 2013-02-26 17:06:51 EST</DateTime><ThumbUp>0</ThumbUp><ThumbDown>0</ThumbDown><Sentiment/></Message><Message type="TopicMessage"><Id>1361916823951-109</Id><Title>Sold today</Title><Msg>I bought at $11 and sold today. The reason I bought at 11 was because the company looked solid and grossly undervalued. There is tremendous value in keeping major design changes from happenning to the site. Familiarity, despite being boring, keeps users coming back. I didn't like the design changes they made. Next you get the work from home ban. I would suggest anyone who is for this look into a little principle called "loss aversion". I try to buy stocks in a company any idiot could run, but unfortunately, I think an idiot is now running YHOO. They would be better off with a robot that just bought back shares, and stayed out of the way.</Msg><Username>bribeavis</Username><Timestamp>1361916823951</Timestamp><DateTime>Tue, 2013-02-26 17:13:43 EST</DateTime><ThumbUp>1</ThumbUp><ThumbDown>5</ThumbDown><Sentiment/></Message><Message type="TopicMessage"><Id>1361916833881-110</Id><Title>Go back to Office and Dk'd Off The Old Fashion Ways</Title><Msg>Go blow an hour every day BS'ing, make it look like you are super busy, take those long lunch breaks, show up late due to traffic, working in an office is carte blanche to screw off in front of the bosses, lets hear it for those workers that can now quit giving the company anything extra without be compensate, management knows your productivity will go down once you start working in the office, so do your part for America, cause your company will have to hire more people to get the same amount of work done.</Msg><Username>skeetz1234</Username><Timestamp>1361916833881</Timestamp><DateTime>Tue, 2013-02-26 17:13:53 EST</DateTime><ThumbUp>4</ThumbUp><ThumbDown>0</ThumbDown><Sentiment/></Message><Message type="ReplyMessage"><Id>1361917331650-111</Id><Topic><Title>Top Analyst UPGRADES YHOO !!!</Title><Username>karen.land</Username><Timestamp>1361908553841</Timestamp><DateTime>Tue, 2013-02-26 14:55:53 EST</DateTime></Topic><Msg>good work! thANKS FOR SHARING</Msg><Username>joshua.dean66</Username><Timestamp>1361917331650</Timestamp><DateTime>Tue, 2013-02-26 17:22:11 EST</DateTime><ThumbUp>0</ThumbUp><ThumbDown>0</ThumbDown><Sentiment/></Message><Message type="ReplyMessage"><Id>1361917833421-112</Id><Topic><Title>Top Analyst UPGRADES YHOO !!!</Title><Username>karen.land</Username><Timestamp>1361908553841</Timestamp><DateTime>Tue, 2013-02-26 14:55:53 EST</DateTime></Topic><Msg>thanks a lot!</Msg><Username>burtonmarilyn463</Username><Timestamp>1361917833421</Timestamp><DateTime>Tue, 2013-02-26 17:30:33 EST</DateTime><ThumbUp>0</ThumbUp><ThumbDown>0</ThumbDown><Sentiment/></Message><Message type="ReplyMessage"><Id>1361918338997-113</Id><Topic><Title>Top Analyst UPGRADES YHOO !!!</Title><Username>karen.land</Username><Timestamp>1361908553841</Timestamp><DateTime>Tue, 2013-02-26 14:55:53 EST</DateTime></Topic><Msg>Great report! thanks for sharing!</Msg><Username>virginiakelly60</Username><Timestamp>1361918338997</Timestamp><DateTime>Tue, 2013-02-26 17:38:58 EST</DateTime><ThumbUp>0</ThumbUp><ThumbDown>0</ThumbDown><Sentiment/></Message><Message type="ReplyMessage"><Id>1361919194486-114</Id><Topic><Title>Go back to Office and Dk'd Off The Old Fashion Ways</Title><Username>skeetz1234</Username><Timestamp>1361916833881</Timestamp><DateTime>Tue, 2013-02-26 17:13:53 EST</DateTime></Topic><Msg>It is just my opinion, but it looks like somebody got a control freak CEO. Does the blonde REALLY think that all of Yahoo's issues can be solved by having people go into the office? Limiting your employment base to California? Yahoo and anyone with half of a brain needs to realize that they are stronger when your staff can work from anywhere. Ideas and creativity will not flow until freedom is encouraged from the top layers of management. IMHO, the blonde has just given YAHOO a death nail.</Msg><Username>abs_ideas</Username><Timestamp>1361919194486</Timestamp><DateTime>Tue, 2013-02-26 17:53:14 EST</DateTime><ThumbUp>1</ThumbUp><ThumbDown>1</ThumbDown><Sentiment/></Message><Message type="ReplyMessage"><Id>1361919638580-115</Id><Topic><Title>Go back to Office and Dk'd Off The Old Fashion Ways</Title><Username>skeetz1234</Username><Timestamp>1361916833881</Timestamp><DateTime>Tue, 2013-02-26 17:13:53 EST</DateTime></Topic><Msg>The new Yahoo homepage is terrible. Once it fully sinks in that you can't change back to the old style, page hits will drop through the floor. Infinite scroll (i.e. no editorial control) and cartoony theme is a bad dream.</Msg><Username>fightingthenonothings</Username><Timestamp>1361919638580</Timestamp><DateTime>Tue, 2013-02-26 18:00:38 EST</DateTime><ThumbUp>0</ThumbUp><ThumbDown>0</ThumbDown><Sentiment/></Message><Message type="ReplyMessage"><Id>1361919825979-116</Id><Topic><Title>No more Dk'n off at home</Title><Username>dabrogg</Username><Timestamp>1361908579500</Timestamp><DateTime>Tue, 2013-02-26 14:56:19 EST</DateTime></Topic><Msg>your posts are such a waste of message board space dabrogggggg</Msg><Username>laudcivility</Username><Timestamp>1361919825979</Timestamp><DateTime>Tue, 2013-02-26 18:03:45 EST</DateTime><ThumbUp>0</ThumbUp><ThumbDown>4</ThumbDown><Sentiment/></Message><Message type="TopicMessage"><Id>1361920175922-117</Id><Title>Mayer is so beautiful and wholesome....</Title><Msg>How could anyone mind going into HQ? I mean really, the Goddess has spoken.</Msg><Username>samsonp65</Username><Timestamp>1361920175922</Timestamp><DateTime>Tue, 2013-02-26 18:09:35 EST</DateTime><ThumbUp>1</ThumbUp><ThumbDown>0</ThumbDown><Sentiment/></Message><Message type="ReplyMessage"><Id>1361920779182-118</Id><Topic><Title>Mayer is so beautiful and wholesome....</Title><Username>samsonp65</Username><Timestamp>1361920175922</Timestamp><DateTime>Tue, 2013-02-26 18:09:35 EST</DateTime></Topic><Msg>And you are supposed to go back and be collaborative and creative? Blondie has give you a death nail. The creative will leave and you will be stuck with the same old bag of tricks that Yahoo has played for the last ten years. The creative folks will bail and the folks that stay will be too repressed and subjugated to even try anything new. Maybe the Excite portal will catch back on?</Msg><Username>abs_ideas</Username><Timestamp>1361920779182</Timestamp><DateTime>Tue, 2013-02-26 18:19:39 EST</DateTime><ThumbUp>0</ThumbUp><ThumbDown>1</ThumbDown><Sentiment/></Message><Message type="ReplyMessage"><Id>1361921222404-119</Id><Topic><Title>Mayer is so beautiful and wholesome....</Title><Username>samsonp65</Username><Timestamp>1361920175922</Timestamp><DateTime>Tue, 2013-02-26 18:09:35 EST</DateTime></Topic><Msg>A direct Mayer quote from the memo: And if your home is not a safe place for you, my Dear Ones, call on me to find the strength to do what you need for it and you to become safe. Do you need to speak up and assert your needs and desires? Do you need to leave? Do you need to stop and change your behavior and beliefs? Whatever you need, Dear Ones, I will provide.</Msg><Username>samsonp65</Username><Timestamp>1361921222404</Timestamp><DateTime>Tue, 2013-02-26 18:27:02 EST</DateTime><ThumbUp>0</ThumbUp><ThumbDown>0</ThumbDown><Sentiment/></Message><Message type="TopicMessage"><Id>1361921349946-120</Id><Title>Will Alibaba Group to announce IPO on Friday?</Title><Msg>Last trading lucky day of February. (Well, Jack believe in this) To what would Yhoo jump to? $23?</Msg><Username>brainless_2004</Username><Timestamp>1361921349946</Timestamp><DateTime>Tue, 2013-02-26 18:29:09 EST</DateTime><ThumbUp>0</ThumbUp><ThumbDown>1</ThumbDown><Sentiment>Buy</Sentiment></Message><Message type="TopicMessage"><Id>1361921803878-121</Id><Title>Cramer says Yahoo is a buy</Title><Msg>He says he likes Marissa.</Msg><Username>blueline_4321</Username><Timestamp>1361921803878</Timestamp><DateTime>Tue, 2013-02-26 18:36:43 EST</DateTime><ThumbUp>0</ThumbUp><ThumbDown>0</ThumbDown><Sentiment/></Message><Message type="ReplyMessage"><Id>1361922096542-122</Id><Topic><Title>Mayer is so beautiful and wholesome....</Title><Username>samsonp65</Username><Timestamp>1361920175922</Timestamp><DateTime>Tue, 2013-02-26 18:09:35 EST</DateTime></Topic><Msg>ROFLMAO! What you guys need is an environment that fosters creativity. 15 years ago, I would have loved to have worked there. I guess it is why I watch. Now, I am just as happy where I am. Here's something creative- Why on earth isn't there a Yahoo store for apps?</Msg><Username>abs_ideas</Username><Timestamp>1361922096542</Timestamp><DateTime>Tue, 2013-02-26 18:41:36 EST</DateTime><ThumbUp>1</ThumbUp><ThumbDown>0</ThumbDown><Sentiment/></Message><Message type="ReplyMessage"><Id>1361923086674-123</Id><Topic><Title>Will Alibaba Group to announce IPO on Friday?</Title><Username>brainless_2004</Username><Timestamp>1361921349946</Timestamp><DateTime>Tue, 2013-02-26 18:29:09 EST</DateTime></Topic><Msg>Ups is Thursday! not Friday.</Msg><Username>brainless_2004</Username><Timestamp>1361923086674</Timestamp><DateTime>Tue, 2013-02-26 18:58:06 EST</DateTime><ThumbUp>0</ThumbUp><ThumbDown>0</ThumbDown><Sentiment>Strong Buy</Sentiment></Message><Message type="ReplyMessage"><Id>1361923220291-124</Id><Topic><Title>No more Dk'n off at home</Title><Username>dabrogg</Username><Timestamp>1361908579500</Timestamp><DateTime>Tue, 2013-02-26 14:56:19 EST</DateTime></Topic><Msg>"This isn't a broad industry view on working from home -- this is about what is right for Yahoo, right now,"</Msg><Username>turmaniloil</Username><Timestamp>1361923220291</Timestamp><DateTime>Tue, 2013-02-26 19:00:20 EST</DateTime><ThumbUp>1</ThumbUp><ThumbDown>1</ThumbDown><Sentiment/></Message><Message type="TopicMessage"><Id>1361924054167-125</Id><Title>Sup wi'da purple on da homepage, Mayer?</Title><Msg>So many choices...lose da purple. Colorado...</Msg><Username>co1done</Username><Timestamp>1361924054167</Timestamp><DateTime>Tue, 2013-02-26 19:14:14 EST</DateTime><ThumbUp>2</ThumbUp><ThumbDown>1</ThumbDown><Sentiment/></Message><Message type="ReplyMessage"><Id>1361924421604-126</Id><Topic><Title>No more Dk'n off at home</Title><Username>dabrogg</Username><Timestamp>1361908579500</Timestamp><DateTime>Tue, 2013-02-26 14:56:19 EST</DateTime></Topic><Msg>Git yo#$%$ to work...Pronto! The coldone is very fond of Marissa Mayer...</Msg><Username>co1done</Username><Timestamp>1361924421604</Timestamp><DateTime>Tue, 2013-02-26 19:20:21 EST</DateTime><ThumbUp>3</ThumbUp><ThumbDown>0</ThumbDown><Sentiment/></Message><Message type="ReplyMessage"><Id>1361924654060-127</Id><Topic><Title>Why Apple Needs To Buy Yahoo Today</Title><Username>neo1278alpha</Username><Timestamp>1361894908539</Timestamp><DateTime>Tue, 2013-02-26 11:08:28 EST</DateTime></Topic><Msg>Da'mnstraight! Cook is a bore, so far...</Msg><Username>co1done</Username><Timestamp>1361924654060</Timestamp><DateTime>Tue, 2013-02-26 19:24:14 EST</DateTime><ThumbUp>2</ThumbUp><ThumbDown>0</ThumbDown><Sentiment/></Message><Message type="ReplyMessage"><Id>1361926868722-128</Id><Topic><Title>Sold today</Title><Username>bribeavis</Username><Timestamp>1361916823951</Timestamp><DateTime>Tue, 2013-02-26 17:13:43 EST</DateTime></Topic><Msg>You're clueless bro in pretty much everything you have said. Good luck finding a company that meets your needs.</Msg><Username>warnerlambert</Username><Timestamp>1361926868722</Timestamp><DateTime>Tue, 2013-02-26 20:01:08 EST</DateTime><ThumbUp>1</ThumbUp><ThumbDown>0</ThumbDown><Sentiment>Strong Buy</Sentiment></Message><Message type="TopicMessage"><Id>1361928756483-129</Id><Title>$25</Title><Msg>When do you think YHOO will hit 25?</Msg><Username>doubleblahster</Username><Timestamp>1361928756483</Timestamp><DateTime>Tue, 2013-02-26 20:32:36 EST</DateTime><ThumbUp>1</ThumbUp><ThumbDown>1</ThumbDown><Sentiment/></Message><Message type="ReplyMessage"><Id>1361928772759-130</Id><Topic><Title>$25</Title><Username>doubleblahster</Username><Timestamp>1361928756483</Timestamp><DateTime>Tue, 2013-02-26 20:32:36 EST</DateTime></Topic><Msg>very soon :-)</Msg><Username>datta_v_patil</Username><Timestamp>1361928772759</Timestamp><DateTime>Tue, 2013-02-26 20:32:52 EST</DateTime><ThumbUp>0</ThumbUp><ThumbDown>0</ThumbDown><Sentiment/></Message><Message type="ReplyMessage"><Id>1361930083759-131</Id><Topic><Title>$25</Title><Username>doubleblahster</Username><Timestamp>1361928756483</Timestamp><DateTime>Tue, 2013-02-26 20:32:36 EST</DateTime></Topic><Msg>YHOO's 24% stakes in Alibaba Group based on Morgan Stantley Alibaba Group IPO market value of $80B. YHOO stakes is worth around $19B. YHOO has around 1.17B outstanding shares equal to about $16 per YHOO shares. Based on current shares of YHOO, conservatively pricing in around $5 to current share price. Still we are discounting YHOO's 35% stakes in YJ and possible improvements of YHOO revenue and earnings due to MM continue to improve YHOO business operations, trimming the fats and improving personnel productivity.</Msg><Username>goingbravo</Username><Timestamp>1361930083759</Timestamp><DateTime>Tue, 2013-02-26 20:54:43 EST</DateTime><ThumbUp>0</ThumbUp><ThumbDown>0</ThumbDown><Sentiment>Strong Buy</Sentiment></Message><Message type="ReplyMessage"><Id>1361930612749-132</Id><Topic><Title>Sold today</Title><Username>bribeavis</Username><Timestamp>1361916823951</Timestamp><DateTime>Tue, 2013-02-26 17:13:43 EST</DateTime></Topic><Msg>I also bought at the absolute low...HAHA. Enough of your #$%$. A good investor would understand that the Yahoo culture was horrendous. MM is looking to change that. I guarantee Q1 results beat on the top and bottom lines. Alibaba and Yahoo J keep going higher. Great 2013 ahead. Chart looks splendid.</Msg><Username>eric_steiman</Username><Timestamp>1361930612749</Timestamp><DateTime>Tue, 2013-02-26 21:03:32 EST</DateTime><ThumbUp>4</ThumbUp><ThumbDown>0</ThumbDown><Sentiment>Strong Buy</Sentiment></Message><Message type="TopicMessage"><Id>1361930634117-133</Id><Title>advertising revenues</Title><Msg>like it or not, Marissa gets a ton of attention for yahoo, and that computes to a huge mass of visitors, which translates to rapidly rising ad revs</Msg><Username>wea1th</Username><Timestamp>1361930634117</Timestamp><DateTime>Tue, 2013-02-26 21:03:54 EST</DateTime><ThumbUp>0</ThumbUp><ThumbDown>0</ThumbDown><Sentiment>Buy</Sentiment></Message><Message type="ReplyMessage"><Id>1361932096816-134</Id><Topic><Title>advertising revenues</Title><Username>wea1th</Username><Timestamp>1361930634117</Timestamp><DateTime>Tue, 2013-02-26 21:03:54 EST</DateTime></Topic><Msg>During this short period of time, Wall Street, institutional investors and well-known internet analysts are beginning to believe on MM, that is huge. She is not only improving operations thus helping revenue and earnings to improve likewise, she is also aggressively buying back shares, enhancing shareholders values in YHOO, in Alibaba Group and in Yahoo Japan stakes. All in all, this will reflect to YHOO shares eventually. Be patient folks.</Msg><Username>goingbravo</Username><Timestamp>1361932096816</Timestamp><DateTime>Tue, 2013-02-26 21:28:16 EST</DateTime><ThumbUp>1</ThumbUp><ThumbDown>0</ThumbDown><Sentiment>Strong Buy</Sentiment></Message><Message type="ReplyMessage"><Id>1361933649565-135</Id><Topic><Title>$25</Title><Username>doubleblahster</Username><Timestamp>1361928756483</Timestamp><DateTime>Tue, 2013-02-26 20:32:36 EST</DateTime></Topic><Msg>can't be soon enough!</Msg><Username>rlday2010</Username><Timestamp>1361933649565</Timestamp><DateTime>Tue, 2013-02-26 21:54:09 EST</DateTime><ThumbUp>0</ThumbUp><ThumbDown>1</ThumbDown><Sentiment/></Message><Message type="ReplyMessage"><Id>1361937292433-136</Id><Topic><Title>--(EXCLUSIVE) YHOO Rumored BUY OUT Report (EXCLUSIVE)--</Title><Username>andrevincenz</Username><Timestamp>1361917301415</Timestamp><DateTime>Tue, 2013-02-26 17:21:41 EST</DateTime></Topic><Msg>Same lying cyber criminal enabled by Yahoo's "work at home" employees. Avoid the scam url.</Msg><Username>still_my_dime</Username><Timestamp>1361937292433</Timestamp><DateTime>Tue, 2013-02-26 22:54:52 EST</DateTime><ThumbUp>1</ThumbUp><ThumbDown>2</ThumbDown><Sentiment/></Message><Message type="ReplyMessage"><Id>1361940179169-137</Id><Topic><Title>$25</Title><Username>doubleblahster</Username><Timestamp>1361928756483</Timestamp><DateTime>Tue, 2013-02-26 20:32:36 EST</DateTime></Topic><Msg>When they officially announce the IPO investment advisors and then eventually the IPO date and IPO price. Sometime during this period YHOO will hit $25 my personal prediction.</Msg><Username>goingbravo</Username><Timestamp>1361940179169</Timestamp><DateTime>Tue, 2013-02-26 23:42:59 EST</DateTime><ThumbUp>0</ThumbUp><ThumbDown>0</ThumbDown><Sentiment>Strong Buy</Sentiment></Message><Message type="ReplyMessage"><Id>1361940461208-138</Id><Topic><Title>Sold today</Title><Username>bribeavis</Username><Timestamp>1361916823951</Timestamp><DateTime>Tue, 2013-02-26 17:13:43 EST</DateTime></Topic><Msg>beavis, what did your partner butthead do today? did he also sell? I really liked you 2 guys in the cartoon...LOL</Msg><Username>crosscourt11</Username><Timestamp>1361940461208</Timestamp><DateTime>Tue, 2013-02-26 23:47:41 EST</DateTime><ThumbUp>1</ThumbUp><ThumbDown>0</ThumbDown><Sentiment>Strong Buy</Sentiment></Message><Message type="ReplyMessage"><Id>1361940698722-139</Id><Topic><Title>$25</Title><Username>doubleblahster</Username><Timestamp>1361928756483</Timestamp><DateTime>Tue, 2013-02-26 20:32:36 EST</DateTime></Topic><Msg>Don't forget that YHOO is spending billions$$$ buying back their shares and this program is ongoing right now. I believe this will continue after Alibaba bought the 10% stakes of YHOO after the IPO. This obviously is very positive to YHOO shareholders values. So eventually YHOO will be trading the $30's.</Msg><Username>goingbravo</Username><Timestamp>1361940698722</Timestamp><DateTime>Tue, 2013-02-26 23:51:38 EST</DateTime><ThumbUp>0</ThumbUp><ThumbDown>0</ThumbDown><Sentiment>Strong Buy</Sentiment></Message><Message type="ReplyMessage"><Id>1361940737828-140</Id><Topic><Title>Sold today</Title><Username>bribeavis</Username><Timestamp>1361916823951</Timestamp><DateTime>Tue, 2013-02-26 17:13:43 EST</DateTime></Topic><Msg>Yep, I'm full of it and clueless, that's why I started DD in 2011 and bought at the low. http://finance.yahoo.com/mbview/threadview/;_ylt=AnkXPzlYiMncy76YurmYRbHeAohG;_ylu=X3oDMTB2NmRtb3B2BHBvcwMyMwRzZWMDTWVkaWFNc2dCb2FyZHNYSFJVbHQ-;_ylg=X3oDMTBhYWM1a2sxBGxhbmcDZW4tVVM-;_ylv=3?&amp;bn=2e5cc525-8c6f-3155-a7fd-1c520f0af756&amp;tid=1312502092000-912d34e1-aa8f-32cc-9d2a-49bab154acb8</Msg><Username>bribeavis</Username><Timestamp>1361940737828</Timestamp><DateTime>Tue, 2013-02-26 23:52:17 EST</DateTime><ThumbUp>0</ThumbUp><ThumbDown>2</ThumbDown><Sentiment/></Message></Date>