<?xml version="1.0" encoding="UTF-8" standalone="no"?><Date date="2013-01-25"><Message type="ReplyMessage"><Id>1359090717796-1</Id><Topic><Title>Monday Earnings mean good earnings</Title><Username>brainless_2004</Username><Timestamp>1359079815914</Timestamp><DateTime>Thu, 2013-01-24 21:10:15 EST</DateTime></Topic><Msg>Hoping you're right. I asked the same question myself before.</Msg><Username>scrapman50</Username><Timestamp>1359090717796</Timestamp><DateTime>Fri, 2013-01-25 00:11:57 EST</DateTime><ThumbUp>0</ThumbUp><ThumbDown>0</ThumbDown><Sentiment/></Message><Message type="ReplyMessage"><Id>1359100098940-2</Id><Topic><Title>B. Riley’s Sameet Sinha reiterates a Buy rating onYahoo! and a $26 price target</Title><Username>thetoadtimes</Username><Timestamp>1359061069939</Timestamp><DateTime>Thu, 2013-01-24 15:57:49 EST</DateTime></Topic><Msg>You are one dumb sonofabitch to put it lightly! You have over 15 active retarded ID's therefore like Thurstonretarded hasn't hit ignore YET. If I don't reply to you then its safe to say you're on IGNORE correct? That isn't too complicated for your tiny brain now is it? You are the same clown who didn't know how many months in a year, thought Yahoo search was worth $20B, bought in the upper $20's, own Dendreon at $32 even though its a penny stock and not ONCE have you sold your thousands of phantom buys. Which tells me you're allergic to money. Tell your inbred ID Tethered, I wasn't "stunned" I had business to attend so can't laugh at you all the time when money is to be made.</Msg><Username>hotmodeltestid122</Username><Timestamp>1359100098940</Timestamp><DateTime>Fri, 2013-01-25 02:48:18 EST</DateTime><ThumbUp>0</ThumbUp><ThumbDown>3</ThumbDown><Sentiment/></Message><Message type="ReplyMessage"><Id>1359100846090-3</Id><Topic><Title>Yahoo Anxious to End Microsoft Search Deal</Title><Username>mb525799</Username><Timestamp>1358803412416</Timestamp><DateTime>Mon, 2013-01-21 16:23:32 EST</DateTime></Topic><Msg>Bad deal !</Msg><Username>leestoller</Username><Timestamp>1359100846090</Timestamp><DateTime>Fri, 2013-01-25 03:00:46 EST</DateTime><ThumbUp>0</ThumbUp><ThumbDown>1</ThumbDown><Sentiment>Strong Buy</Sentiment></Message><Message type="ReplyMessage"><Id>1359100926056-4</Id><Topic><Title>Monday Earnings mean good earnings</Title><Username>brainless_2004</Username><Timestamp>1359079815914</Timestamp><DateTime>Thu, 2013-01-24 21:10:15 EST</DateTime></Topic><Msg>Strong Buy ! $47 by 11/26/13</Msg><Username>leestoller</Username><Timestamp>1359100926056</Timestamp><DateTime>Fri, 2013-01-25 03:02:06 EST</DateTime><ThumbUp>0</ThumbUp><ThumbDown>0</ThumbDown><Sentiment>Strong Buy</Sentiment></Message><Message type="TopicMessage"><Id>1359106064847-5</Id><Title>$ 20.475 on Frankfurt now !!!</Title><Msg>Vae victis</Msg><Username>franznummer1</Username><Timestamp>1359106064847</Timestamp><DateTime>Fri, 2013-01-25 04:27:44 EST</DateTime><ThumbUp>0</ThumbUp><ThumbDown>1</ThumbDown><Sentiment>Strong Buy</Sentiment></Message><Message type="ReplyMessage"><Id>1359111778095-6</Id><Topic><Title>LEAKED Yahoo! BUY OUT REPORT !</Title><Username>cantu.shirley</Username><Timestamp>1359054847379</Timestamp><DateTime>Thu, 2013-01-24 14:14:07 EST</DateTime></Topic><Msg>Spam</Msg><Username>franznummer1</Username><Timestamp>1359111778095</Timestamp><DateTime>Fri, 2013-01-25 06:02:58 EST</DateTime><ThumbUp>0</ThumbUp><ThumbDown>1</ThumbDown><Sentiment/></Message><Message type="TopicMessage"><Id>1359112080050-7</Id><Title>ui</Title><Msg>iu</Msg><Username>aneesme</Username><Timestamp>1359112080050</Timestamp><DateTime>Fri, 2013-01-25 06:08:00 EST</DateTime><ThumbUp>0</ThumbUp><ThumbDown>0</ThumbDown><Sentiment/></Message><Message type="TopicMessage"><Id>1359115356677-8</Id><Title>Apple is coming for you. $32 first bid.</Title><Msg>and Y should take it. Y will become a division of Apple.</Msg><Username>alvin555</Username><Timestamp>1359115356677</Timestamp><DateTime>Fri, 2013-01-25 07:02:36 EST</DateTime><ThumbUp>1</ThumbUp><ThumbDown>1</ThumbDown><Sentiment>Strong Buy</Sentiment></Message><Message type="TopicMessage"><Id>1359115468712-9</Id><Title>Yahoo Anxious to End Microsoft Search Deal as it prepares for Apple Bid</Title><Msg>Apple knows this is the entity to put it in mainstream internet and compete head on with Google.</Msg><Username>alvin555</Username><Timestamp>1359115468712</Timestamp><DateTime>Fri, 2013-01-25 07:04:28 EST</DateTime><ThumbUp>1</ThumbUp><ThumbDown>1</ThumbDown><Sentiment>Strong Buy</Sentiment></Message><Message type="TopicMessage"><Id>1359115495977-10</Id><Title>She is perfect for CEO....go yahoo go.....great interview...</Title><Msg>finally Yahoo is getting attentiion...enough of apple...which is great...but yahoo is getting it's mojo back...finally</Msg><Username>mawsii1</Username><Timestamp>1359115495977</Timestamp><DateTime>Fri, 2013-01-25 07:04:55 EST</DateTime><ThumbUp>1</ThumbUp><ThumbDown>0</ThumbDown><Sentiment>Strong Buy</Sentiment></Message><Message type="TopicMessage"><Id>1359115809316-11</Id><Title>agree..she's doing great and represents the future...slow crawl is much better than these big moves up then down..</Title><Msg>big money will flow into yahoo because it's not so volatile..especially since apple has been crushed...lots of cash to redeploy into the sector besides FB...Yahoo value is practically cash...</Msg><Username>mawsii1</Username><Timestamp>1359115809316</Timestamp><DateTime>Fri, 2013-01-25 07:10:09 EST</DateTime><ThumbUp>0</ThumbUp><ThumbDown>0</ThumbDown><Sentiment/></Message><Message type="ReplyMessage"><Id>1359117466413-12</Id><Topic><Title>Should you keep from YHOO ? Take a look at why.</Title><Username>rayford.roudabush</Username><Timestamp>1359115828620</Timestamp><DateTime>Fri, 2013-01-25 07:10:28 EST</DateTime></Topic><Msg>Yahoo's resident cyber criminal. How can you take any company seriously that fosters these thieves? Obviously, avoid the scam URL.</Msg><Username>still_my_dime</Username><Timestamp>1359117466413</Timestamp><DateTime>Fri, 2013-01-25 07:37:46 EST</DateTime><ThumbUp>0</ThumbUp><ThumbDown>0</ThumbDown><Sentiment/></Message><Message type="ReplyMessage"><Id>1359118924099-13</Id><Topic><Title>Apple is coming for you. $32 first bid.</Title><Username>alvin555</Username><Timestamp>1359115356677</Timestamp><DateTime>Fri, 2013-01-25 07:02:36 EST</DateTime></Topic><Msg>Makes sense</Msg><Username>leestoller</Username><Timestamp>1359118924099</Timestamp><DateTime>Fri, 2013-01-25 08:02:04 EST</DateTime><ThumbUp>1</ThumbUp><ThumbDown>0</ThumbDown><Sentiment>Strong Buy</Sentiment></Message><Message type="TopicMessage"><Id>1359119219620-14</Id><Title>Rally into earnings on Monday</Title><Msg>IMO we could see 2% to 2.5% gain today to stage for monday's earnings---Meyer will surprise us</Msg><Username>b.coogan</Username><Timestamp>1359119219620</Timestamp><DateTime>Fri, 2013-01-25 08:06:59 EST</DateTime><ThumbUp>1</ThumbUp><ThumbDown>0</ThumbDown><Sentiment>Strong Buy</Sentiment></Message><Message type="TopicMessage"><Id>1359122825106-15</Id><Title>PE</Title><Msg>Tell me why yahoo is not trading at 40 with a PE of 6!</Msg><Username>jreschlein</Username><Timestamp>1359122825106</Timestamp><DateTime>Fri, 2013-01-25 09:07:05 EST</DateTime><ThumbUp>0</ThumbUp><ThumbDown>0</ThumbDown><Sentiment/></Message><Message type="TopicMessage"><Id>1359122952526-16</Id><Title>Mayer on Bloomberg</Title><Msg>Bloomberg says Yahoo working on Facebook killer.</Msg><Username>neo1278alpha</Username><Timestamp>1359122952526</Timestamp><DateTime>Fri, 2013-01-25 09:09:12 EST</DateTime><ThumbUp>2</ThumbUp><ThumbDown>0</ThumbDown><Sentiment/></Message><Message type="ReplyMessage"><Id>1359123854651-17</Id><Topic><Title>Mayer on Bloomberg</Title><Username>neo1278alpha</Username><Timestamp>1359122952526</Timestamp><DateTime>Fri, 2013-01-25 09:09:12 EST</DateTime></Topic><Msg>Mayer was not impressed with Facebook's Graph search but said she was interested in stronger partnerships with Facebook, Apple and Google.</Msg><Username>thurstonthethird</Username><Timestamp>1359123854651</Timestamp><DateTime>Fri, 2013-01-25 09:24:14 EST</DateTime><ThumbUp>2</ThumbUp><ThumbDown>0</ThumbDown><Sentiment/></Message><Message type="ReplyMessage"><Id>1359124339532-18</Id><Topic><Title>Mayer on Bloomberg</Title><Username>neo1278alpha</Username><Timestamp>1359122952526</Timestamp><DateTime>Fri, 2013-01-25 09:09:12 EST</DateTime></Topic><Msg>I just watched the entire interview on Bloomberg. Mayer is so focused on exactly what Yahoo needs to be and she is completely in tune with how to do that.</Msg><Username>tetheredbird</Username><Timestamp>1359124339532</Timestamp><DateTime>Fri, 2013-01-25 09:32:19 EST</DateTime><ThumbUp>3</ThumbUp><ThumbDown>0</ThumbDown><Sentiment/></Message><Message type="ReplyMessage"><Id>1359124709215-19</Id><Topic><Title>Coldone, cluck cluck, bought more Yahoo, cluck cluck, at $18.35...</Title><Username>dr.gloom</Username><Timestamp>1354643310338</Timestamp><DateTime>Tue, 2012-12-04 12:48:30 EST</DateTime></Topic><Msg>Coldone bought at $18.35 and gloom was making fun of him. Now we can all laugh at dr.gloom.</Msg><Username>tetheredbird</Username><Timestamp>1359124709215</Timestamp><DateTime>Fri, 2013-01-25 09:38:29 EST</DateTime><ThumbUp>3</ThumbUp><ThumbDown>5</ThumbDown><Sentiment/></Message><Message type="ReplyMessage"><Id>1359124779076-20</Id><Topic><Title>Coldone's Advice to Buy Yahoo From $11 to $19 Was Perfect</Title><Username>bflathalfdim</Username><Timestamp>1357139956520</Timestamp><DateTime>Wed, 2013-01-02 10:19:16 EST</DateTime></Topic><Msg>Coldone said he will hold all of his Yahoo stock until Alibaba goes public. Yahoo will trade at $30.</Msg><Username>tetheredbird</Username><Timestamp>1359124779076</Timestamp><DateTime>Fri, 2013-01-25 09:39:39 EST</DateTime><ThumbUp>4</ThumbUp><ThumbDown>2</ThumbDown><Sentiment/></Message><Message type="ReplyMessage"><Id>1359124825991-21</Id><Topic><Title>May 10, 2013 is the date Jack Ma steps down at Alibaba Group</Title><Username>xisdamarkfonex</Username><Timestamp>1358608300644</Timestamp><DateTime>Sat, 2013-01-19 10:11:40 EST</DateTime></Topic><Msg>Once Yahoo monetizes all of their Asian assets it will trade at $30.</Msg><Username>tetheredbird</Username><Timestamp>1359124825991</Timestamp><DateTime>Fri, 2013-01-25 09:40:25 EST</DateTime><ThumbUp>3</ThumbUp><ThumbDown>0</ThumbDown><Sentiment/></Message><Message type="ReplyMessage"><Id>1359124874478-22</Id><Topic><Title>Hotmodel - Do you still think Yahoo was dead money at $15.80?</Title><Username>theecoldone</Username><Timestamp>1354722516724</Timestamp><DateTime>Wed, 2012-12-05 10:48:36 EST</DateTime></Topic><Msg>hotmodel is history.</Msg><Username>tetheredbird</Username><Timestamp>1359124874478</Timestamp><DateTime>Fri, 2013-01-25 09:41:14 EST</DateTime><ThumbUp>3</ThumbUp><ThumbDown>0</ThumbDown><Sentiment/></Message><Message type="ReplyMessage"><Id>1359124903504-23</Id><Topic><Title>Yahoo goes from $15.80 to $20.52 in 3 months</Title><Username>tetheredbird</Username><Timestamp>1359047955867</Timestamp><DateTime>Thu, 2013-01-24 12:19:15 EST</DateTime></Topic><Msg>She excels at it.</Msg><Username>tetheredbird</Username><Timestamp>1359124903504</Timestamp><DateTime>Fri, 2013-01-25 09:41:43 EST</DateTime><ThumbUp>4</ThumbUp><ThumbDown>1</ThumbDown><Sentiment/></Message><Message type="ReplyMessage"><Id>1359124979293-24</Id><Topic><Title>Coldone...thanks for the tip, I am in at 16.61, sorry I arrived a little late to the party..</Title><Username>snosurfer08012</Username><Timestamp>1354034623590</Timestamp><DateTime>Tue, 2012-11-27 11:43:43 EST</DateTime></Topic><Msg>Coldone's advice was perfect.</Msg><Username>tetheredbird</Username><Timestamp>1359124979293</Timestamp><DateTime>Fri, 2013-01-25 09:42:59 EST</DateTime><ThumbUp>3</ThumbUp><ThumbDown>1</ThumbDown><Sentiment/></Message><Message type="ReplyMessage"><Id>1359125035562-25</Id><Topic><Title>Rumor has it hotmodel has joined Coldone</Title><Username>theecoldone</Username><Timestamp>1354667778575</Timestamp><DateTime>Tue, 2012-12-04 19:36:18 EST</DateTime></Topic><Msg>hotmodel lost everything a long time ago. She is just a message board troll now.</Msg><Username>tetheredbird</Username><Timestamp>1359125035562</Timestamp><DateTime>Fri, 2013-01-25 09:43:55 EST</DateTime><ThumbUp>3</ThumbUp><ThumbDown>0</ThumbDown><Sentiment/></Message><Message type="ReplyMessage"><Id>1359125072977-26</Id><Topic><Title>Very few posts from the bashers, they have been beaten by coldone</Title><Username>smedleypuddles</Username><Timestamp>1351887658207</Timestamp><DateTime>Fri, 2012-11-02 16:20:58 EDT</DateTime></Topic><Msg>The bashers almost all gone. A few linger to get laughed at.</Msg><Username>tetheredbird</Username><Timestamp>1359125072977</Timestamp><DateTime>Fri, 2013-01-25 09:44:32 EST</DateTime><ThumbUp>2</ThumbUp><ThumbDown>1</ThumbDown><Sentiment/></Message><Message type="ReplyMessage"><Id>1359125094265-27</Id><Topic><Title>You should have listened to coldone</Title><Username>tetheredbird</Username><Timestamp>1352653312441</Timestamp><DateTime>Sun, 2012-11-11 12:01:52 EST</DateTime></Topic><Msg>Coldone nailed it!</Msg><Username>tetheredbird</Username><Timestamp>1359125094265</Timestamp><DateTime>Fri, 2013-01-25 09:44:54 EST</DateTime><ThumbUp>3</ThumbUp><ThumbDown>2</ThumbDown><Sentiment/></Message><Message type="ReplyMessage"><Id>1359125127399-28</Id><Topic><Title>Coldone's advice to buy Yahoo from $11 to $18 made me a fortune!</Title><Username>smedleypuddles</Username><Timestamp>1355619398959</Timestamp><DateTime>Sat, 2012-12-15 19:56:38 EST</DateTime></Topic><Msg>I look forward to coldone's return from vacation.</Msg><Username>tetheredbird</Username><Timestamp>1359125127399</Timestamp><DateTime>Fri, 2013-01-25 09:45:27 EST</DateTime><ThumbUp>3</ThumbUp><ThumbDown>2</ThumbDown><Sentiment/></Message><Message type="ReplyMessage"><Id>1359125178092-29</Id><Topic><Title>Long Vacation for The Coldone</Title><Username>co1done</Username><Timestamp>1357174149301</Timestamp><DateTime>Wed, 2013-01-02 19:49:09 EST</DateTime></Topic><Msg>Coldone went to California for the last earnings call.</Msg><Username>neo1278alpha</Username><Timestamp>1359125178092</Timestamp><DateTime>Fri, 2013-01-25 09:46:18 EST</DateTime><ThumbUp>1</ThumbUp><ThumbDown>1</ThumbDown><Sentiment/></Message><Message type="ReplyMessage"><Id>1359125241929-30</Id><Topic><Title>Yahoo bashers/shorts have been silenced by the coldone!</Title><Username>theecoldone</Username><Timestamp>1355158731000</Timestamp><DateTime>Mon, 2012-12-10 11:58:51 EST</DateTime></Topic><Msg>The bashers are all gone except hotmodel, grey and dr.gloom. They are good for comic relief.</Msg><Username>tetheredbird</Username><Timestamp>1359125241929</Timestamp><DateTime>Fri, 2013-01-25 09:47:21 EST</DateTime><ThumbUp>3</ThumbUp><ThumbDown>2</ThumbDown><Sentiment/></Message><Message type="ReplyMessage"><Id>1359125303564-31</Id><Topic><Title>Yahoo Conference Call</Title><Username>tetheredbird</Username><Timestamp>1358988719314</Timestamp><DateTime>Wed, 2013-01-23 19:51:59 EST</DateTime></Topic><Msg>Yahoo will have a new search agreement by the end of March.</Msg><Username>tetheredbird</Username><Timestamp>1359125303564</Timestamp><DateTime>Fri, 2013-01-25 09:48:23 EST</DateTime><ThumbUp>3</ThumbUp><ThumbDown>0</ThumbDown><Sentiment/></Message><Message type="ReplyMessage"><Id>1359125526948-32</Id><Topic><Title>Coldone, cluck cluck, bought more Yahoo, cluck cluck, at $18.35...</Title><Username>dr.gloom</Username><Timestamp>1354643310338</Timestamp><DateTime>Tue, 2012-12-04 12:48:30 EST</DateTime></Topic><Msg>dr.gloom stuck his foot in his mouth.</Msg><Username>tornupdown</Username><Timestamp>1359125526948</Timestamp><DateTime>Fri, 2013-01-25 09:52:06 EST</DateTime><ThumbUp>2</ThumbUp><ThumbDown>5</ThumbDown><Sentiment/></Message><Message type="ReplyMessage"><Id>1359125661523-33</Id><Topic><Title>Why Jack Ma Will Take Alibaba Group Public in 2013</Title><Username>thetoadtimes</Username><Timestamp>1356730280704</Timestamp><DateTime>Fri, 2012-12-28 16:31:20 EST</DateTime></Topic><Msg>Jack Ma has too many reasons to take Alibaba public in 2013 to ignore.</Msg><Username>smedleypuddles</Username><Timestamp>1359125661523</Timestamp><DateTime>Fri, 2013-01-25 09:54:21 EST</DateTime><ThumbUp>4</ThumbUp><ThumbDown>1</ThumbDown><Sentiment/></Message><Message type="TopicMessage"><Id>1359125761851-34</Id><Title>Yahoo's Mayer eyeing Facebook, Google with personalized web content</Title><Msg>Yahoo Inc. is targeting Facebook Inc. and Google Inc. users with a technology that will personalize people's Internet experiences, CEO Marissa Mayer told Bloomberg TV this week. Mayer said the company is working on a way to create "interest graphs" that show common "likes" among people, package it together and send it right to the person's mobile device.</Msg><Username>thetoadtimes</Username><Timestamp>1359125761851</Timestamp><DateTime>Fri, 2013-01-25 09:56:01 EST</DateTime><ThumbUp>2</ThumbUp><ThumbDown>1</ThumbDown><Sentiment/></Message><Message type="ReplyMessage"><Id>1359126024772-35</Id><Topic><Title>Coldone, cluck cluck, bought more Yahoo, cluck cluck, at $18.35...</Title><Username>dr.gloom</Username><Timestamp>1354643310338</Timestamp><DateTime>Tue, 2012-12-04 12:48:30 EST</DateTime></Topic><Msg>Coldone bought at $18.35 (posted well after the alleged buy was to have taken place) and gloom was making fun of coldone´s hundredth phantom buy since his original all in at $28 buy.</Msg><Username>dr.gloom</Username><Timestamp>1359126024772</Timestamp><DateTime>Fri, 2013-01-25 10:00:24 EST</DateTime><ThumbUp>3</ThumbUp><ThumbDown>2</ThumbDown><Sentiment/></Message><Message type="ReplyMessage"><Id>1359126069902-36</Id><Topic><Title>Yahoo's Mayer eyeing Facebook, Google with personalized web content</Title><Username>thetoadtimes</Username><Timestamp>1359125761851</Timestamp><DateTime>Fri, 2013-01-25 09:56:01 EST</DateTime></Topic><Msg>so why is the stock down...yahoo will spend more on R7D?</Msg><Username>atmytoy</Username><Timestamp>1359126069902</Timestamp><DateTime>Fri, 2013-01-25 10:01:09 EST</DateTime><ThumbUp>1</ThumbUp><ThumbDown>1</ThumbDown><Sentiment/></Message><Message type="ReplyMessage"><Id>1359126852726-37</Id><Topic><Title>Mayer on Bloomberg</Title><Username>neo1278alpha</Username><Timestamp>1359122952526</Timestamp><DateTime>Fri, 2013-01-25 09:09:12 EST</DateTime></Topic><Msg>I am more impressed with Mayer every time she speaks.</Msg><Username>selzar420</Username><Timestamp>1359126852726</Timestamp><DateTime>Fri, 2013-01-25 10:14:12 EST</DateTime><ThumbUp>1</ThumbUp><ThumbDown>0</ThumbDown><Sentiment/></Message><Message type="ReplyMessage"><Id>1359126982894-38</Id><Topic><Title>Yahoo's Mayer eyeing Facebook, Google with personalized web content</Title><Username>thetoadtimes</Username><Timestamp>1359125761851</Timestamp><DateTime>Fri, 2013-01-25 09:56:01 EST</DateTime></Topic><Msg>Mayer has an exact plan and is executing. The results will be seen over the next few quarters. Anyone asking so why is the stock down today, shows how ignorant they are to the world of investing.</Msg><Username>tetheredbird</Username><Timestamp>1359126982894</Timestamp><DateTime>Fri, 2013-01-25 10:16:22 EST</DateTime><ThumbUp>3</ThumbUp><ThumbDown>2</ThumbDown><Sentiment/></Message><Message type="ReplyMessage"><Id>1359127452420-39</Id><Topic><Title>Mayer on Bloomberg</Title><Username>neo1278alpha</Username><Timestamp>1359122952526</Timestamp><DateTime>Fri, 2013-01-25 09:09:12 EST</DateTime></Topic><Msg>Mayer will have much more to say on Monday. I have complete confidence in Marissa Mayer.</Msg><Username>nanobot8042</Username><Timestamp>1359127452420</Timestamp><DateTime>Fri, 2013-01-25 10:24:12 EST</DateTime><ThumbUp>2</ThumbUp><ThumbDown>0</ThumbDown><Sentiment/></Message><Message type="ReplyMessage"><Id>1359127516984-40</Id><Topic><Title>Hotmodel - Do you still think Yahoo was dead money at $15.80?</Title><Username>theecoldone</Username><Timestamp>1354722516724</Timestamp><DateTime>Wed, 2012-12-05 10:48:36 EST</DateTime></Topic><Msg>hotmodel had no choice since becoming the board jester.</Msg><Username>nanobot8042</Username><Timestamp>1359127516984</Timestamp><DateTime>Fri, 2013-01-25 10:25:16 EST</DateTime><ThumbUp>3</ThumbUp><ThumbDown>3</ThumbDown><Sentiment/></Message><Message type="ReplyMessage"><Id>1359127954001-41</Id><Topic><Title>Mayer on Bloomberg</Title><Username>neo1278alpha</Username><Timestamp>1359122952526</Timestamp><DateTime>Fri, 2013-01-25 09:09:12 EST</DateTime></Topic><Msg>Mayer said the company is working on a way to create "interest graphs" that show common "likes" among people, package it together and send it right to the person's mobile device.</Msg><Username>nanobot8042</Username><Timestamp>1359127954001</Timestamp><DateTime>Fri, 2013-01-25 10:32:34 EST</DateTime><ThumbUp>3</ThumbUp><ThumbDown>0</ThumbDown><Sentiment/></Message><Message type="TopicMessage"><Id>1359128054023-42</Id><Title>Marissa Mayer Focused on "Interest Graph"</Title><Msg>Mayer said the company is working on a way to create "interest graphs" that show common "likes" among people, package it together and send it right to the person's mobile device. This is just one of the many updates Mayer has made to Yahoo (Nasdaq: YHOO) since taking over the company last July. Changes have included plans to hire smartphone and tablet-proficient engineers as well as acquisitions of mobile app Stamped, and this year, collections app Snip.it.</Msg><Username>nanobot8042</Username><Timestamp>1359128054023</Timestamp><DateTime>Fri, 2013-01-25 10:34:14 EST</DateTime><ThumbUp>2</ThumbUp><ThumbDown>0</ThumbDown><Sentiment/></Message><Message type="ReplyMessage"><Id>1359128520805-43</Id><Topic><Title>Marissa Mayer Focused on "Interest Graph"</Title><Username>nanobot8042</Username><Timestamp>1359128054023</Timestamp><DateTime>Fri, 2013-01-25 10:34:14 EST</DateTime></Topic><Msg>Marissa Mayer has to scare the heck out of companies like Microsoft and AOL. If Ballmer was smart he would buy Yahoo and forget about investing in dying Dell. Ballmer has failed online and needs to be replaced.</Msg><Username>tetheredbird</Username><Timestamp>1359128520805</Timestamp><DateTime>Fri, 2013-01-25 10:42:00 EST</DateTime><ThumbUp>5</ThumbUp><ThumbDown>0</ThumbDown><Sentiment/></Message><Message type="ReplyMessage"><Id>1359128599659-44</Id><Topic><Title>Marissa Mayer Focused on "Interest Graph"</Title><Username>nanobot8042</Username><Timestamp>1359128054023</Timestamp><DateTime>Fri, 2013-01-25 10:34:14 EST</DateTime></Topic><Msg>Hopefully she has already filed for a patent.</Msg><Username>koziliketyco</Username><Timestamp>1359128599659</Timestamp><DateTime>Fri, 2013-01-25 10:43:19 EST</DateTime><ThumbUp>0</ThumbUp><ThumbDown>0</ThumbDown><Sentiment/></Message><Message type="ReplyMessage"><Id>1359128790915-45</Id><Topic><Title>Fantastic Mayer interview.</Title><Username>basketaetc1</Username><Timestamp>1359125442713</Timestamp><DateTime>Fri, 2013-01-25 09:50:42 EST</DateTime></Topic><Msg>Basket: Good to see you post. O.K., you know how I feel about Yahoo. That said, How do you do search based on Likes or whatever when so much of Likes or whatever are faked by marketers to draw attention to themselves? To me this seems more like a marketers dream than a real and useful search function. What am I missing? (Yes in the short run it would drives Yahoo's revenue until people felt cheated, then....) Grey.</Msg><Username>grey116677</Username><Timestamp>1359128790915</Timestamp><DateTime>Fri, 2013-01-25 10:46:30 EST</DateTime><ThumbUp>1</ThumbUp><ThumbDown>1</ThumbDown><Sentiment/></Message><Message type="ReplyMessage"><Id>1359128798061-46</Id><Topic><Title>Marissa Mayer Focused on "Interest Graph"</Title><Username>nanobot8042</Username><Timestamp>1359128054023</Timestamp><DateTime>Fri, 2013-01-25 10:34:14 EST</DateTime></Topic><Msg>Duh.</Msg><Username>nanobot8042</Username><Timestamp>1359128798061</Timestamp><DateTime>Fri, 2013-01-25 10:46:38 EST</DateTime><ThumbUp>1</ThumbUp><ThumbDown>0</ThumbDown><Sentiment/></Message><Message type="TopicMessage"><Id>1359129401948-47</Id><Title>Marissa Mayer Lays Out Her Vision</Title><Msg>Earlier today in Davos, Switzerland, Marissa Mayer gave her first televised interview since becoming Yahoo CEO. Bloomberg Television scored the scoop. We've emedded the 30 minute video below. First, highlights from the transcript, provided by Bloomberg: SAI-</Msg><Username>thetoadtimes</Username><Timestamp>1359129401948</Timestamp><DateTime>Fri, 2013-01-25 10:56:41 EST</DateTime><ThumbUp>3</ThumbUp><ThumbDown>0</ThumbDown><Sentiment/></Message><Message type="ReplyMessage"><Id>1359130025939-48</Id><Topic><Title>Coldone, cluck cluck, bought more Yahoo, cluck cluck, at $18.35...</Title><Username>dr.gloom</Username><Timestamp>1354643310338</Timestamp><DateTime>Tue, 2012-12-04 12:48:30 EST</DateTime></Topic><Msg>This is why dr.gloom has been using aliases to ask how to remove his original posts. dr.gloom made a fool of himself trying to criticize coldone.</Msg><Username>ashton10shyof</Username><Timestamp>1359130025939</Timestamp><DateTime>Fri, 2013-01-25 11:07:05 EST</DateTime><ThumbUp>2</ThumbUp><ThumbDown>0</ThumbDown><Sentiment/></Message><Message type="ReplyMessage"><Id>1359130502441-49</Id><Topic><Title>LEAKED Yahoo! BUY OUT REPORT !</Title><Username>cantu.shirley</Username><Timestamp>1359054847379</Timestamp><DateTime>Thu, 2013-01-24 14:14:07 EST</DateTime></Topic><Msg>Great report , thanks !</Msg><Username>april_simpson</Username><Timestamp>1359130502441</Timestamp><DateTime>Fri, 2013-01-25 11:15:02 EST</DateTime><ThumbUp>0</ThumbUp><ThumbDown>0</ThumbDown><Sentiment/></Message><Message type="ReplyMessage"><Id>1359130963473-50</Id><Topic><Title>Marissa Mayer Focused on "Interest Graph"</Title><Username>nanobot8042</Username><Timestamp>1359128054023</Timestamp><DateTime>Fri, 2013-01-25 10:34:14 EST</DateTime></Topic><Msg>mayer would never sell at this point i dont think. it would take a silly price and if it got to that i d probably sell before anything actually happened. good luck to all</Msg><Username>toni19601</Username><Timestamp>1359130963473</Timestamp><DateTime>Fri, 2013-01-25 11:22:43 EST</DateTime><ThumbUp>0</ThumbUp><ThumbDown>0</ThumbDown><Sentiment/></Message><Message type="ReplyMessage"><Id>1359131213335-51</Id><Topic><Title>PE</Title><Username>jreschlein</Username><Timestamp>1359122825106</Timestamp><DateTime>Fri, 2013-01-25 09:07:05 EST</DateTime></Topic><Msg>Because a big chunk of earnings was from the one time sale of Alibaba stock. Need to see Yahoo turn revenue around to be growing, rather than shrinking and we will see $40 per share rather quickly.</Msg><Username>lutts</Username><Timestamp>1359131213335</Timestamp><DateTime>Fri, 2013-01-25 11:26:53 EST</DateTime><ThumbUp>0</ThumbUp><ThumbDown>0</ThumbDown><Sentiment/></Message><Message type="TopicMessage"><Id>1359131910153-52</Id><Title>From Msft 10Q</Title><Msg>"OSD’s operating loss was reduced by higher revenue and lower cost of revenue and sales and marketing expenses, offset in part by higher research and development expenses. Cost of revenue decreased $163 million, driven by lower traffic acquisition costs and Yahoo! reimbursement costs. Sales and marketing expenses decreased $71 million or 19%, due mainly to decreased advertising and corporate marketing activities. Research and development expenses increased $47 million or 8%, primarily reflecting higher headcount-related expenses." Seems to be saying YHOO will be reporting less search income. I sure hope the float has been reduced enough to offset that shortfall in operating income if, infact, there is a shortfall.</Msg><Username>goldeagle14</Username><Timestamp>1359131910153</Timestamp><DateTime>Fri, 2013-01-25 11:38:30 EST</DateTime><ThumbUp>2</ThumbUp><ThumbDown>3</ThumbDown><Sentiment>Strong Sell</Sentiment></Message><Message type="ReplyMessage"><Id>1359132082742-53</Id><Topic><Title>stock movement</Title><Username>ajblo</Username><Timestamp>1359069504011</Timestamp><DateTime>Thu, 2013-01-24 18:18:24 EST</DateTime></Topic><Msg>unlike many of the mindless fools and the cheerleaders who seemingly know all, i am not that omniscient to know the value of the shares of this company. i trade options, anywhere from 20 to more than 100 per day, and i spread, and i minimize risk, i look at the charts, i look at volatility and the greeks, and buy undervalued and sell overvalued. a couple days ago it was clearly a buy when a gap was almost 100% filled-close enough for me. i watch order flow. bottom line is trading the technicals and the valuations of the derivative is far more fruitful than figuring worth. i do take long and short biases based on these factoids and others such as the overall market. with this company the micros are far more important than the market macros, but one cannot lose sight of the latter as 70% + of all stocks go the direction of the market. good luck. hope the stock goes in the direction that you want.</Msg><Username>ajblo</Username><Timestamp>1359132082742</Timestamp><DateTime>Fri, 2013-01-25 11:41:22 EST</DateTime><ThumbUp>1</ThumbUp><ThumbDown>4</ThumbDown><Sentiment/></Message><Message type="ReplyMessage"><Id>1359132252027-54</Id><Topic><Title>Fantastic Mayer interview.</Title><Username>basketaetc1</Username><Timestamp>1359125442713</Timestamp><DateTime>Fri, 2013-01-25 09:50:42 EST</DateTime></Topic><Msg>You had me flashing back to Carol Bartz and almost lost your credibility. As you said it is going to be a tricky dance.</Msg><Username>grey116677</Username><Timestamp>1359132252027</Timestamp><DateTime>Fri, 2013-01-25 11:44:12 EST</DateTime><ThumbUp>0</ThumbUp><ThumbDown>0</ThumbDown><Sentiment/></Message><Message type="ReplyMessage"><Id>1359132596860-55</Id><Topic><Title>Mayer on Bloomberg</Title><Username>neo1278alpha</Username><Timestamp>1359122952526</Timestamp><DateTime>Fri, 2013-01-25 09:09:12 EST</DateTime></Topic><Msg>Mayer is the Queen of Silicon Valley.</Msg><Username>whogeorge69</Username><Timestamp>1359132596860</Timestamp><DateTime>Fri, 2013-01-25 11:49:56 EST</DateTime><ThumbUp>0</ThumbUp><ThumbDown>1</ThumbDown><Sentiment/></Message><Message type="TopicMessage"><Id>1359132783143-56</Id><Title>graph?</Title><Msg>I thought the word "graph" was prehistoric to the term "demographics" , an aspect of every company. Interest groups are always identified for ad purposes.</Msg><Username>dola1r</Username><Timestamp>1359132783143</Timestamp><DateTime>Fri, 2013-01-25 11:53:03 EST</DateTime><ThumbUp>0</ThumbUp><ThumbDown>1</ThumbDown><Sentiment/></Message><Message type="ReplyMessage"><Id>1359132820594-57</Id><Topic><Title>Coldone...thanks for the tip, I am in at 16.61, sorry I arrived a little late to the party..</Title><Username>snosurfer08012</Username><Timestamp>1354034623590</Timestamp><DateTime>Tue, 2012-11-27 11:43:43 EST</DateTime></Topic><Msg>The guy is always right.</Msg><Username>shelcorecrust</Username><Timestamp>1359132820594</Timestamp><DateTime>Fri, 2013-01-25 11:53:40 EST</DateTime><ThumbUp>1</ThumbUp><ThumbDown>2</ThumbDown><Sentiment/></Message><Message type="ReplyMessage"><Id>1359132863126-58</Id><Topic><Title>Coldone...thanks for the tip, I am in at 16.61, sorry I arrived a little late to the party..</Title><Username>snosurfer08012</Username><Timestamp>1354034623590</Timestamp><DateTime>Tue, 2012-11-27 11:43:43 EST</DateTime></Topic><Msg>If coldone says buy, I buy.</Msg><Username>shelcorecrust</Username><Timestamp>1359132863126</Timestamp><DateTime>Fri, 2013-01-25 11:54:23 EST</DateTime><ThumbUp>1</ThumbUp><ThumbDown>1</ThumbDown><Sentiment/></Message><Message type="TopicMessage"><Id>1359132888129-59</Id><Title>GRPN - SPIKING UP BIG!!!</Title><Msg>Take a look</Msg><Username>robzuc15</Username><Timestamp>1359132888129</Timestamp><DateTime>Fri, 2013-01-25 11:54:48 EST</DateTime><ThumbUp>0</ThumbUp><ThumbDown>0</ThumbDown><Sentiment/></Message><Message type="ReplyMessage"><Id>1359132897967-60</Id><Topic><Title>Yahoo goes from $15.80 to $20.52 in 3 months</Title><Username>tetheredbird</Username><Timestamp>1359047955867</Timestamp><DateTime>Thu, 2013-01-24 12:19:15 EST</DateTime></Topic><Msg>hotmodel got burnt.</Msg><Username>shelcorecrust</Username><Timestamp>1359132897967</Timestamp><DateTime>Fri, 2013-01-25 11:54:57 EST</DateTime><ThumbUp>2</ThumbUp><ThumbDown>2</ThumbDown><Sentiment/></Message><Message type="ReplyMessage"><Id>1359132944946-61</Id><Topic><Title>You should have listened to coldone</Title><Username>tetheredbird</Username><Timestamp>1352653312441</Timestamp><DateTime>Sun, 2012-11-11 12:01:52 EST</DateTime></Topic><Msg>Coldone is the best when it comes to investing in Yahoo.</Msg><Username>shelcorecrust</Username><Timestamp>1359132944946</Timestamp><DateTime>Fri, 2013-01-25 11:55:44 EST</DateTime><ThumbUp>1</ThumbUp><ThumbDown>2</ThumbDown><Sentiment/></Message><Message type="TopicMessage"><Id>1359136769472-62</Id><Title>I wonder why Bloom got the Mayer interview when CNBC has a deal with YHOO?</Title><Msg>Not much of a YHOO move these past thtree very strong market weeks and moving into earnings.</Msg><Username>dariencat8</Username><Timestamp>1359136769472</Timestamp><DateTime>Fri, 2013-01-25 12:59:29 EST</DateTime><ThumbUp>0</ThumbUp><ThumbDown>3</ThumbDown><Sentiment/></Message><Message type="ReplyMessage"><Id>1359136941333-63</Id><Topic><Title>Coldone's advice to buy Yahoo from $11 to $18 made me a fortune!</Title><Username>smedleypuddles</Username><Timestamp>1355619398959</Timestamp><DateTime>Sat, 2012-12-15 19:56:38 EST</DateTime></Topic><Msg>When coldone returns Yahoo goes to $22.</Msg><Username>neo1278alpha</Username><Timestamp>1359136941333</Timestamp><DateTime>Fri, 2013-01-25 13:02:21 EST</DateTime><ThumbUp>1</ThumbUp><ThumbDown>0</ThumbDown><Sentiment/></Message><Message type="ReplyMessage"><Id>1359136985636-64</Id><Topic><Title>Coldone's Advice to Buy Yahoo From $11 to $19 Was Perfect</Title><Username>bflathalfdim</Username><Timestamp>1357139956520</Timestamp><DateTime>Wed, 2013-01-02 10:19:16 EST</DateTime></Topic><Msg>$30 with ease once Asian assets are monetized.</Msg><Username>neo1278alpha</Username><Timestamp>1359136985636</Timestamp><DateTime>Fri, 2013-01-25 13:03:05 EST</DateTime><ThumbUp>1</ThumbUp><ThumbDown>1</ThumbDown><Sentiment/></Message><Message type="ReplyMessage"><Id>1359137027202-65</Id><Topic><Title>Coldone, cluck cluck, bought more Yahoo, cluck cluck, at $18.35...</Title><Username>dr.gloom</Username><Timestamp>1354643310338</Timestamp><DateTime>Tue, 2012-12-04 12:48:30 EST</DateTime></Topic><Msg>Coldone wins even when he's not here.</Msg><Username>neo1278alpha</Username><Timestamp>1359137027202</Timestamp><DateTime>Fri, 2013-01-25 13:03:47 EST</DateTime><ThumbUp>2</ThumbUp><ThumbDown>0</ThumbDown><Sentiment/></Message><Message type="ReplyMessage"><Id>1359137058836-66</Id><Topic><Title>Hotmodel - Do you still think Yahoo was dead money at $15.80?</Title><Username>theecoldone</Username><Timestamp>1354722516724</Timestamp><DateTime>Wed, 2012-12-05 10:48:36 EST</DateTime></Topic><Msg>hotmodel never stood up to a fight in her life.</Msg><Username>neo1278alpha</Username><Timestamp>1359137058836</Timestamp><DateTime>Fri, 2013-01-25 13:04:18 EST</DateTime><ThumbUp>2</ThumbUp><ThumbDown>0</ThumbDown><Sentiment/></Message><Message type="ReplyMessage"><Id>1359137549997-67</Id><Topic><Title>Yahoo Closes at New 4 Year High of $20.44</Title><Username>nanobot8042</Username><Timestamp>1359061323855</Timestamp><DateTime>Thu, 2013-01-24 16:02:03 EST</DateTime></Topic><Msg>Yahoo is adding to it's record close.</Msg><Username>neo1278alpha</Username><Timestamp>1359137549997</Timestamp><DateTime>Fri, 2013-01-25 13:12:29 EST</DateTime><ThumbUp>2</ThumbUp><ThumbDown>0</ThumbDown><Sentiment/></Message><Message type="TopicMessage"><Id>1359138994811-68</Id><Title>Poll: Will Yahoo Meet, Beat or Miss Earnings?</Title><Msg>Analysts are looking for EPS of 28c on revenue of $1.21B Will Yahoo Meet, Beat or Miss Earnings and Revs and by how much?</Msg><Username>remmy12554</Username><Timestamp>1359138994811</Timestamp><DateTime>Fri, 2013-01-25 13:36:34 EST</DateTime><ThumbUp>3</ThumbUp><ThumbDown>1</ThumbDown><Sentiment/></Message><Message type="ReplyMessage"><Id>1359139330525-69</Id><Topic><Title>Poll: Will Yahoo Meet, Beat or Miss Earnings?</Title><Username>remmy12554</Username><Timestamp>1359138994811</Timestamp><DateTime>Fri, 2013-01-25 13:36:34 EST</DateTime></Topic><Msg>I think they easily beat EPS...Buyback will certainly help, but I think they'd beat without it. Revenues will be close to in-line. More information on Mayer's Plan will move the stock though. Google new search partner? How are Apple, Facebook, and Twitter going to partner</Msg><Username>eric_steiman</Username><Timestamp>1359139330525</Timestamp><DateTime>Fri, 2013-01-25 13:42:10 EST</DateTime><ThumbUp>3</ThumbUp><ThumbDown>0</ThumbDown><Sentiment>Strong Buy</Sentiment></Message><Message type="ReplyMessage"><Id>1359139736715-70</Id><Topic><Title>Poll: Will Yahoo Meet, Beat or Miss Earnings?</Title><Username>remmy12554</Username><Timestamp>1359138994811</Timestamp><DateTime>Fri, 2013-01-25 13:36:34 EST</DateTime></Topic><Msg>Beat earnings by 3 cents. Revs will be inline.</Msg><Username>neo1278alpha</Username><Timestamp>1359139736715</Timestamp><DateTime>Fri, 2013-01-25 13:48:56 EST</DateTime><ThumbUp>2</ThumbUp><ThumbDown>0</ThumbDown><Sentiment/></Message><Message type="TopicMessage"><Id>1359141442705-71</Id><Title>stuck in mud...what is up...fb, aol, goog all up big</Title><Msg>Jesus, can you give us a bone...</Msg><Username>mawsii1</Username><Timestamp>1359141442705</Timestamp><DateTime>Fri, 2013-01-25 14:17:22 EST</DateTime><ThumbUp>1</ThumbUp><ThumbDown>3</ThumbDown><Sentiment/></Message><Message type="ReplyMessage"><Id>1359141932467-72</Id><Topic><Title>Yahoo's Mayer eyeing Facebook, Google with personalized web content</Title><Username>thetoadtimes</Username><Timestamp>1359125761851</Timestamp><DateTime>Fri, 2013-01-25 09:56:01 EST</DateTime></Topic><Msg>Mayer exudes confidence.</Msg><Username>neo1278alpha</Username><Timestamp>1359141932467</Timestamp><DateTime>Fri, 2013-01-25 14:25:32 EST</DateTime><ThumbUp>3</ThumbUp><ThumbDown>0</ThumbDown><Sentiment/></Message><Message type="ReplyMessage"><Id>1359141981576-73</Id><Topic><Title>Yahoo Closes at New 4 Year High of $20.44</Title><Username>nanobot8042</Username><Timestamp>1359061323855</Timestamp><DateTime>Thu, 2013-01-24 16:02:03 EST</DateTime></Topic><Msg>Yahoo is hanging on to it's big gains since hotmodel said Yahoo was dead money at $15.80 back in October.</Msg><Username>neo1278alpha</Username><Timestamp>1359141981576</Timestamp><DateTime>Fri, 2013-01-25 14:26:21 EST</DateTime><ThumbUp>1</ThumbUp><ThumbDown>1</ThumbDown><Sentiment/></Message><Message type="ReplyMessage"><Id>1359142008466-74</Id><Topic><Title>stuck in mud...what is up...fb, aol, goog all up big</Title><Username>mawsii1</Username><Timestamp>1359141442705</Timestamp><DateTime>Fri, 2013-01-25 14:17:22 EST</DateTime></Topic><Msg>I am only a saint but I know that heavenly bones don't go to Yahoos.</Msg><Username>stosmond</Username><Timestamp>1359142008466</Timestamp><DateTime>Fri, 2013-01-25 14:26:48 EST</DateTime><ThumbUp>1</ThumbUp><ThumbDown>2</ThumbDown><Sentiment/></Message><Message type="ReplyMessage"><Id>1359142924862-75</Id><Topic><Title>stuck in mud...what is up...fb, aol, goog all up big</Title><Username>mawsii1</Username><Timestamp>1359141442705</Timestamp><DateTime>Fri, 2013-01-25 14:17:22 EST</DateTime></Topic><Msg>Yahoo closed at a new 4 Year High of $20.44 yesterday.Yahoo is up 28% since Mayer took over. If that's stuck in the mud I'll take it all day long. You might want to reassess your ignorant statement.</Msg><Username>remmy12554</Username><Timestamp>1359142924862</Timestamp><DateTime>Fri, 2013-01-25 14:42:04 EST</DateTime><ThumbUp>2</ThumbUp><ThumbDown>1</ThumbDown><Sentiment/></Message><Message type="ReplyMessage"><Id>1359142964690-76</Id><Topic><Title>Yahoo goes from $15.80 to $20.52 in 3 months</Title><Username>tetheredbird</Username><Timestamp>1359047955867</Timestamp><DateTime>Thu, 2013-01-24 12:19:15 EST</DateTime></Topic><Msg>Yahoo is flying!!</Msg><Username>remmy12554</Username><Timestamp>1359142964690</Timestamp><DateTime>Fri, 2013-01-25 14:42:44 EST</DateTime><ThumbUp>1</ThumbUp><ThumbDown>0</ThumbDown><Sentiment/></Message><Message type="TopicMessage"><Id>1359142999449-77</Id><Title>Mayer is confident! The report got to be Great!!!</Title><Msg>No doubt!!!</Msg><Username>yinvestor</Username><Timestamp>1359142999449</Timestamp><DateTime>Fri, 2013-01-25 14:43:19 EST</DateTime><ThumbUp>2</ThumbUp><ThumbDown>0</ThumbDown><Sentiment/></Message><Message type="TopicMessage"><Id>1359143061640-78</Id><Title>INSIDER TRADING - LOW SALES</Title><Msg>Check out the insider transactions... very low low low sales. All of the board members are hoarding their gold. What does this mean? THE RICH WILL GET RICHER. Yahoo! is going to go UP UP UP.</Msg><Username>serial_number_1001</Username><Timestamp>1359143061640</Timestamp><DateTime>Fri, 2013-01-25 14:44:21 EST</DateTime><ThumbUp>0</ThumbUp><ThumbDown>1</ThumbDown><Sentiment>Buy</Sentiment></Message><Message type="ReplyMessage"><Id>1359143168808-79</Id><Topic><Title>Mayer is confident! The report got to be Great!!!</Title><Username>yinvestor</Username><Timestamp>1359142999449</Timestamp><DateTime>Fri, 2013-01-25 14:43:19 EST</DateTime></Topic><Msg>If the board members are NOT SELLING, it's a great time to be OWNING right along with them. BUY NOW.</Msg><Username>serial_number_1001</Username><Timestamp>1359143168808</Timestamp><DateTime>Fri, 2013-01-25 14:46:08 EST</DateTime><ThumbUp>0</ThumbUp><ThumbDown>0</ThumbDown><Sentiment>Buy</Sentiment></Message><Message type="ReplyMessage"><Id>1359143384473-80</Id><Topic><Title>Yahoo goes from $15.80 to $20.52 in 3 months</Title><Username>tetheredbird</Username><Timestamp>1359047955867</Timestamp><DateTime>Thu, 2013-01-24 12:19:15 EST</DateTime></Topic><Msg>The board members are hoarding their gold. This tells us that Yahoo will go through the roof! BUY BUY BUY and watch the stock FLY FLY FLY. It will be $30 soon, after everyone cashes out at $20 and the big boys jump back in.</Msg><Username>serial_number_1001</Username><Timestamp>1359143384473</Timestamp><DateTime>Fri, 2013-01-25 14:49:44 EST</DateTime><ThumbUp>0</ThumbUp><ThumbDown>0</ThumbDown><Sentiment>Buy</Sentiment></Message><Message type="TopicMessage"><Id>1359143761630-81</Id><Title>Marissa Mayer keeps 9,600 shares to sell after the release?</Title><Msg>She had been consistantly selling 23K shares, monthly. In Jan 2013 only 14K?</Msg><Username>sseharan</Username><Timestamp>1359143761630</Timestamp><DateTime>Fri, 2013-01-25 14:56:01 EST</DateTime><ThumbUp>0</ThumbUp><ThumbDown>3</ThumbDown><Sentiment/></Message><Message type="ReplyMessage"><Id>1359144067389-82</Id><Topic><Title>Marissa Mayer keeps 9,600 shares to sell after the release?</Title><Username>sseharan</Username><Timestamp>1359143761630</Timestamp><DateTime>Fri, 2013-01-25 14:56:01 EST</DateTime></Topic><Msg>Do you know why Mayer sells a set amount monthly? Until you know the answer you are no trader and have no business posting here.</Msg><Username>tetheredbird</Username><Timestamp>1359144067389</Timestamp><DateTime>Fri, 2013-01-25 15:01:07 EST</DateTime><ThumbUp>2</ThumbUp><ThumbDown>1</ThumbDown><Sentiment/></Message><Message type="ReplyMessage"><Id>1359144262334-83</Id><Topic><Title>Marissa Mayer Focused on "Interest Graph"</Title><Username>nanobot8042</Username><Timestamp>1359128054023</Timestamp><DateTime>Fri, 2013-01-25 10:34:14 EST</DateTime></Topic><Msg>Mayer does her first official interview days before earnings are released. If earnings were bad Mayer would not have done this interview.</Msg><Username>tornupdown</Username><Timestamp>1359144262334</Timestamp><DateTime>Fri, 2013-01-25 15:04:22 EST</DateTime><ThumbUp>0</ThumbUp><ThumbDown>0</ThumbDown><Sentiment/></Message><Message type="ReplyMessage"><Id>1359144314634-84</Id><Topic><Title>From Msft 10Q</Title><Username>goldeagle14</Username><Timestamp>1359131910153</Timestamp><DateTime>Fri, 2013-01-25 11:38:30 EST</DateTime></Topic><Msg>Anybody got a comment? Strong sell in orginal post was error, I am very long YHOO.</Msg><Username>goldeagle14</Username><Timestamp>1359144314634</Timestamp><DateTime>Fri, 2013-01-25 15:05:14 EST</DateTime><ThumbUp>0</ThumbUp><ThumbDown>2</ThumbDown><Sentiment>Strong Buy</Sentiment></Message><Message type="ReplyMessage"><Id>1359144385932-85</Id><Topic><Title>Poll: Will Yahoo Meet, Beat or Miss Earnings?</Title><Username>remmy12554</Username><Timestamp>1359138994811</Timestamp><DateTime>Fri, 2013-01-25 13:36:34 EST</DateTime></Topic><Msg>Mayer's confidence during the Bloomberg interview tells me Yahoo will beat earnings and revs. Beat by 5 cents and $1.23 in revs.</Msg><Username>tornupdown</Username><Timestamp>1359144385932</Timestamp><DateTime>Fri, 2013-01-25 15:06:25 EST</DateTime><ThumbUp>2</ThumbUp><ThumbDown>0</ThumbDown><Sentiment/></Message><Message type="TopicMessage"><Id>1359145029091-86</Id><Title>CYCOLOGY S&amp;P CRASH AROUND 1500 and RUSSELL 2000 CRASH AROUND 905</Title><Msg>Time for big sell off next weeks earing almost over</Msg><Username>bolger_alert</Username><Timestamp>1359145029091</Timestamp><DateTime>Fri, 2013-01-25 15:17:09 EST</DateTime><ThumbUp>0</ThumbUp><ThumbDown>1</ThumbDown><Sentiment/></Message><Message type="ReplyMessage"><Id>1359145653388-87</Id><Topic><Title>Yahoo Closes at New 4 Year High of $20.44</Title><Username>nanobot8042</Username><Timestamp>1359061323855</Timestamp><DateTime>Thu, 2013-01-24 16:02:03 EST</DateTime></Topic><Msg>All the Yahoo shorts have gone away with their tails tucked between their legs.</Msg><Username>ashton10shyof</Username><Timestamp>1359145653388</Timestamp><DateTime>Fri, 2013-01-25 15:27:33 EST</DateTime><ThumbUp>2</ThumbUp><ThumbDown>0</ThumbDown><Sentiment/></Message><Message type="TopicMessage"><Id>1359146664361-88</Id><Title>YHOO willing to sell at $43+...MSFT are you interested or are you going Defunct?</Title><Msg>Yahoo is a cash machine. With over $20 Billion in cash on hand in 12 months will make Yahoo and great buyout NOW!!!</Msg><Username>gs_markets</Username><Timestamp>1359146664361</Timestamp><DateTime>Fri, 2013-01-25 15:44:24 EST</DateTime><ThumbUp>2</ThumbUp><ThumbDown>0</ThumbDown><Sentiment>Strong Buy</Sentiment></Message><Message type="TopicMessage"><Id>1359147010560-89</Id><Title>Want to make some money</Title><Msg>hey guys, like you I am wanting to make some cash.. I am long YHOO, and think it doubles in 18 months, but also have some dry powder set aside, what looks good to you out there.?.? I like the trains, but too far too fast maybe.. What kind of good luck can you throw my way?</Msg><Username>huckfoly</Username><Timestamp>1359147010560</Timestamp><DateTime>Fri, 2013-01-25 15:50:10 EST</DateTime><ThumbUp>0</ThumbUp><ThumbDown>0</ThumbDown><Sentiment>Strong Buy</Sentiment></Message><Message type="ReplyMessage"><Id>1359147176835-90</Id><Topic><Title>Want to make some money</Title><Username>huckfoly</Username><Timestamp>1359147010560</Timestamp><DateTime>Fri, 2013-01-25 15:50:10 EST</DateTime></Topic><Msg>Put everything you have in Axion Power. What's the worst that could happen?</Msg><Username>sjones8924</Username><Timestamp>1359147176835</Timestamp><DateTime>Fri, 2013-01-25 15:52:56 EST</DateTime><ThumbUp>0</ThumbUp><ThumbDown>0</ThumbDown><Sentiment/></Message><Message type="TopicMessage"><Id>1359147619350-91</Id><Title>How long does this chick get. We are still not $25.</Title><Msg>She better get on it or be gone.</Msg><Username>bobby_skys</Username><Timestamp>1359147619350</Timestamp><DateTime>Fri, 2013-01-25 16:00:19 EST</DateTime><ThumbUp>0</ThumbUp><ThumbDown>5</ThumbDown><Sentiment/></Message><Message type="ReplyMessage"><Id>1359147974309-92</Id><Topic><Title>Coldone, cluck cluck, bought more Yahoo, cluck cluck, at $18.35...</Title><Username>dr.gloom</Username><Timestamp>1354643310338</Timestamp><DateTime>Tue, 2012-12-04 12:48:30 EST</DateTime></Topic><Msg>gloom's stupidity mad e it easy.</Msg><Username>tetheredbird</Username><Timestamp>1359147974309</Timestamp><DateTime>Fri, 2013-01-25 16:06:14 EST</DateTime><ThumbUp>2</ThumbUp><ThumbDown>0</ThumbDown><Sentiment/></Message><Message type="TopicMessage"><Id>1359148052387-93</Id><Title>pfft</Title><Msg>that's nuts, I don't like it, insiders selling at 3 dimes a share? nah bro, good luck, maybe you make a killing?</Msg><Username>bboicourt</Username><Timestamp>1359148052387</Timestamp><DateTime>Fri, 2013-01-25 16:07:32 EST</DateTime><ThumbUp>0</ThumbUp><ThumbDown>0</ThumbDown><Sentiment/></Message><Message type="ReplyMessage"><Id>1359148940655-94</Id><Topic><Title>How long does this chick get. We are still not $25.</Title><Username>bobby_skys</Username><Timestamp>1359147619350</Timestamp><DateTime>Fri, 2013-01-25 16:00:19 EST</DateTime></Topic><Msg>I didn't like the hire initially, but she is doing good. I don't think she is running at full steam yet. I do think people are liking the changes at yahoo, the ones we can see matter as well. Green is still Green, I think she is doing better for the shareholder than most. I think this "chick" will make me allot of money. If your mad or upset, you got in to high.</Msg><Username>bboicourt</Username><Timestamp>1359148940655</Timestamp><DateTime>Fri, 2013-01-25 16:22:20 EST</DateTime><ThumbUp>0</ThumbUp><ThumbDown>1</ThumbDown><Sentiment/></Message><Message type="ReplyMessage"><Id>1359149329922-95</Id><Topic><Title>YHOO willing to sell at $43+...MSFT are you interested or are you going Defunct?</Title><Username>gs_markets</Username><Timestamp>1359146664361</Timestamp><DateTime>Fri, 2013-01-25 15:44:24 EST</DateTime></Topic><Msg>Cash machine? Say it has $25B in cash selling off everything including all of AG and Yahoo Japan. Forget that its offshore, forget repatriation and forget the share buyback for a second. At $43x1.2B is $51.6B. Minus out that $25B in cash leaves you with $26.6B. The Yahoo core's operating income was over $850M give or take.($450M add'l was their investment income which will be gone) Why would ANYONE pay $26.6B for an asset generating only $850M? IDK about you but I'm not in the mood to wait 30yrs to breakeven on something. Let's say that MSFT DOUBLES that operating income and still its 15.5yrs just to breakeven. If I used your $20B figure it'd be even worse(37yr and 18yrs to breakeven) Sure Yahoo is cash rich but what you're asking an astronomical premium on is not. Even a 10PE only makes it worth $8.5B so $33.5B(my $25B cash figure)/1.2B=$27.91. I honestly can't get anymore generous then that.</Msg><Username>hotmodeltestid122</Username><Timestamp>1359149329922</Timestamp><DateTime>Fri, 2013-01-25 16:28:49 EST</DateTime><ThumbUp>0</ThumbUp><ThumbDown>5</ThumbDown><Sentiment/></Message><Message type="ReplyMessage"><Id>1359149848839-96</Id><Topic><Title>How long does this chick get. We are still not $25.</Title><Username>bobby_skys</Username><Timestamp>1359147619350</Timestamp><DateTime>Fri, 2013-01-25 16:00:19 EST</DateTime></Topic><Msg>If she can't deliver $25 then the broad needs to be sent packing. I will give her til June.</Msg><Username>bobby_skys</Username><Timestamp>1359149848839</Timestamp><DateTime>Fri, 2013-01-25 16:37:28 EST</DateTime><ThumbUp>0</ThumbUp><ThumbDown>3</ThumbDown><Sentiment/></Message><Message type="ReplyMessage"><Id>1359150445724-97</Id><Topic><Title>YHOO willing to sell at $43+...MSFT are you interested or are you going Defunct?</Title><Username>gs_markets</Username><Timestamp>1359146664361</Timestamp><DateTime>Fri, 2013-01-25 15:44:24 EST</DateTime></Topic><Msg>DREAM ON , AND ON , AND ON , AND ON ETC.....</Msg><Username>A Yahoo! User</Username><Timestamp>1359150445724</Timestamp><DateTime>Fri, 2013-01-25 16:47:25 EST</DateTime><ThumbUp>0</ThumbUp><ThumbDown>2</ThumbDown><Sentiment/></Message><Message type="ReplyMessage"><Id>1359151370963-98</Id><Topic><Title>From Msft 10Q</Title><Username>goldeagle14</Username><Timestamp>1359131910153</Timestamp><DateTime>Fri, 2013-01-25 11:38:30 EST</DateTime></Topic><Msg>they reimburse yhoo if their revenue is not equivalent to goog. This could mean they are at par charging so no need to reimburse.</Msg><Username>brainless_2004</Username><Timestamp>1359151370963</Timestamp><DateTime>Fri, 2013-01-25 17:02:50 EST</DateTime><ThumbUp>0</ThumbUp><ThumbDown>0</ThumbDown><Sentiment/></Message><Message type="ReplyMessage"><Id>1359153285248-99</Id><Topic><Title>hold on Yahoo!</Title><Username>calvin.rockett</Username><Timestamp>1359025234266</Timestamp><DateTime>Thu, 2013-01-24 06:00:34 EST</DateTime></Topic><Msg>useful info, thanks</Msg><Username>georgethompson382</Username><Timestamp>1359153285248</Timestamp><DateTime>Fri, 2013-01-25 17:34:45 EST</DateTime><ThumbUp>0</ThumbUp><ThumbDown>2</ThumbDown><Sentiment/></Message><Message type="TopicMessage"><Id>1359153528264-100</Id><Title>Apple is going to buy yahoo 26/share</Title><Msg>Apple is going to buy yahoo, i have a very sneaky suspicion.</Msg><Username>kickmofoass</Username><Timestamp>1359153528264</Timestamp><DateTime>Fri, 2013-01-25 17:38:48 EST</DateTime><ThumbUp>3</ThumbUp><ThumbDown>3</ThumbDown><Sentiment>Strong Buy</Sentiment></Message><Message type="ReplyMessage"><Id>1359154158988-101</Id><Topic><Title>Yahoo Closes at New 4 Year High of $20.44</Title><Username>nanobot8042</Username><Timestamp>1359061323855</Timestamp><DateTime>Thu, 2013-01-24 16:02:03 EST</DateTime></Topic><Msg>There will be many more days like this, $30 will be here pretty fast. Yahoo has a brilliant and motivated CEO with the right experience. Wish I had more cash to buy in the $14's but I will average up and be grateful all the way to doubling my money.</Msg><Username>view12347</Username><Timestamp>1359154158988</Timestamp><DateTime>Fri, 2013-01-25 17:49:18 EST</DateTime><ThumbUp>1</ThumbUp><ThumbDown>0</ThumbDown><Sentiment>Strong Buy</Sentiment></Message><Message type="ReplyMessage"><Id>1359157842704-102</Id><Topic><Title>How long does this chick get. We are still not $25.</Title><Username>bobby_skys</Username><Timestamp>1359147619350</Timestamp><DateTime>Fri, 2013-01-25 16:00:19 EST</DateTime></Topic><Msg>Gee whiz, how greedy are you? The stock price has increased from less than $16 when she took over to right around $20 now. That's a 25% increase in about 6 months. I wish all my holding did that well. She's earned some patience from shareholders.</Msg><Username>sjones8924</Username><Timestamp>1359157842704</Timestamp><DateTime>Fri, 2013-01-25 18:50:42 EST</DateTime><ThumbUp>0</ThumbUp><ThumbDown>0</ThumbDown><Sentiment/></Message><Message type="TopicMessage"><Id>1359158407902-103</Id><Title>Awesome</Title><Msg>great information, can't go wrong, join my dollar for your thought program to make millions.</Msg><Username>hskr8</Username><Timestamp>1359158407902</Timestamp><DateTime>Fri, 2013-01-25 19:00:07 EST</DateTime><ThumbUp>1</ThumbUp><ThumbDown>1</ThumbDown><Sentiment>Strong Buy</Sentiment></Message><Message type="ReplyMessage"><Id>1359158518764-104</Id><Topic><Title>Marissa is not running for the bottom</Title><Username>webdave_2000</Username><Timestamp>1359069743716</Timestamp><DateTime>Thu, 2013-01-24 18:22:23 EST</DateTime></Topic><Msg>It seems Marissa was doing a peacock attention grabbing dance in davos. Hope now for .33 with little buyback.</Msg><Username>webdave_2000</Username><Timestamp>1359158518764</Timestamp><DateTime>Fri, 2013-01-25 19:01:58 EST</DateTime><ThumbUp>1</ThumbUp><ThumbDown>0</ThumbDown><Sentiment>Strong Buy</Sentiment></Message><Message type="ReplyMessage"><Id>1359158762947-105</Id><Topic><Title>hold on Yahoo!</Title><Username>calvin.rockett</Username><Timestamp>1359025234266</Timestamp><DateTime>Thu, 2013-01-24 06:00:34 EST</DateTime></Topic><Msg>Marissa! Please fix this robo-spam!!! Make it a priority for 3 of your best people and it should be fixed in 2 weeks! Hint: ", thanks" "good report" "thank you" and any 3-6 word post.</Msg><Username>airy_disk</Username><Timestamp>1359158762947</Timestamp><DateTime>Fri, 2013-01-25 19:06:02 EST</DateTime><ThumbUp>2</ThumbUp><ThumbDown>0</ThumbDown><Sentiment>Strong Buy</Sentiment></Message><Message type="ReplyMessage"><Id>1359159909949-106</Id><Topic><Title>Apple is going to buy yahoo 26/share</Title><Username>kickmofoass</Username><Timestamp>1359153528264</Timestamp><DateTime>Fri, 2013-01-25 17:38:48 EST</DateTime></Topic><Msg>would not surprise me in the least, fundamentally good call I think..</Msg><Username>huckfoly</Username><Timestamp>1359159909949</Timestamp><DateTime>Fri, 2013-01-25 19:25:09 EST</DateTime><ThumbUp>1</ThumbUp><ThumbDown>0</ThumbDown><Sentiment>Strong Buy</Sentiment></Message><Message type="ReplyMessage"><Id>1359160560753-107</Id><Topic><Title>Apple is going to buy yahoo 26/share</Title><Username>kickmofoass</Username><Timestamp>1359153528264</Timestamp><DateTime>Fri, 2013-01-25 17:38:48 EST</DateTime></Topic><Msg>I have another suspicion Marissa will be indicted to the Justice League to the right of Batman.</Msg><Username>filter_bear</Username><Timestamp>1359160560753</Timestamp><DateTime>Fri, 2013-01-25 19:36:00 EST</DateTime><ThumbUp>1</ThumbUp><ThumbDown>0</ThumbDown><Sentiment/></Message><Message type="TopicMessage"><Id>1359161591063-108</Id><Title>Mayer: Yahoo Entering a Great Period of Execution</Title><Msg>Watch Mayer's interview on Bloomberg and learn...</Msg><Username>co1done</Username><Timestamp>1359161591063</Timestamp><DateTime>Fri, 2013-01-25 19:53:11 EST</DateTime><ThumbUp>5</ThumbUp><ThumbDown>0</ThumbDown><Sentiment/></Message><Message type="ReplyMessage"><Id>1359163851979-109</Id><Topic><Title>Mayer: Yahoo Entering a Great Period of Execution</Title><Username>co1done</Username><Timestamp>1359161591063</Timestamp><DateTime>Fri, 2013-01-25 19:53:11 EST</DateTime></Topic><Msg>MM proved she is as professional as most other CEO's, I wasn't overwhelmed but she spoke well of her vision, and if the #'s and forecast come in Monday bette than expected she will be a true tech star.</Msg><Username>rlday2010</Username><Timestamp>1359163851979</Timestamp><DateTime>Fri, 2013-01-25 20:30:51 EST</DateTime><ThumbUp>2</ThumbUp><ThumbDown>0</ThumbDown><Sentiment>Hold</Sentiment></Message><Message type="ReplyMessage"><Id>1359164987214-110</Id><Topic><Title>How long does this chick get. We are still not $25.</Title><Username>bobby_skys</Username><Timestamp>1359147619350</Timestamp><DateTime>Fri, 2013-01-25 16:00:19 EST</DateTime></Topic><Msg>bobby why give the "chick"/"broad" that long you can sell out now and not suffer along with the rest of us. The stock is at it's highest level since August 2008, just sell it! Hopefully he can sell enough shares that I can average down from here, I'm betting on the "chick".</Msg><Username>imadtchdgr</Username><Timestamp>1359164987214</Timestamp><DateTime>Fri, 2013-01-25 20:49:47 EST</DateTime><ThumbUp>0</ThumbUp><ThumbDown>0</ThumbDown><Sentiment/></Message><Message type="ReplyMessage"><Id>1359165410386-111</Id><Topic><Title>Apple is going to buy yahoo 26/share</Title><Username>kickmofoass</Username><Timestamp>1359153528264</Timestamp><DateTime>Fri, 2013-01-25 17:38:48 EST</DateTime></Topic><Msg>Pleeeeassse take you meds.</Msg><Username>leftandhappy22</Username><Timestamp>1359165410386</Timestamp><DateTime>Fri, 2013-01-25 20:56:50 EST</DateTime><ThumbUp>0</ThumbUp><ThumbDown>0</ThumbDown><Sentiment/></Message><Message type="ReplyMessage"><Id>1359166327020-112</Id><Topic><Title>Apple is going to buy yahoo 26/share</Title><Username>kickmofoass</Username><Timestamp>1359153528264</Timestamp><DateTime>Fri, 2013-01-25 17:38:48 EST</DateTime></Topic><Msg>If she is wearing shiny hot black leather pants, then count me in, otherwise, why bother with it in the first place..</Msg><Username>huckfoly</Username><Timestamp>1359166327020</Timestamp><DateTime>Fri, 2013-01-25 21:12:07 EST</DateTime><ThumbUp>0</ThumbUp><ThumbDown>0</ThumbDown><Sentiment/></Message><Message type="TopicMessage"><Id>1359167245929-113</Id><Title>YHOO goldmine assets</Title><Msg>Owning 25% stakes in Alibaba and 35% of YHOO Japan give YHOO collateral from downside from current share price. If MM and her team execute their business plan, YHOO will get to $25+ easily. Much more if we have Alibaba IPO second half of this year. Earnings report Monday will tell about YHOO going forward under MM leadership.</Msg><Username>goingbravo</Username><Timestamp>1359167245929</Timestamp><DateTime>Fri, 2013-01-25 21:27:25 EST</DateTime><ThumbUp>3</ThumbUp><ThumbDown>0</ThumbDown><Sentiment>Strong Buy</Sentiment></Message><Message type="ReplyMessage"><Id>1359172252278-114</Id><Topic><Title>Mayer: Yahoo Entering a Great Period of Execution</Title><Username>co1done</Username><Timestamp>1359161591063</Timestamp><DateTime>Fri, 2013-01-25 19:53:11 EST</DateTime></Topic><Msg>Mayer always impresses when she speaks. Back just in time for earnings or still on vacation?</Msg><Username>ashton10shyof</Username><Timestamp>1359172252278</Timestamp><DateTime>Fri, 2013-01-25 22:50:52 EST</DateTime><ThumbUp>5</ThumbUp><ThumbDown>0</ThumbDown><Sentiment/></Message><Message type="TopicMessage"><Id>1359175918622-115</Id><Title>Yhoo to $40 by end of year if Q4 report indicates brighter future</Title><Msg>I have been an yahoo and yahoo mail user since its first day. Never really went to gmail. Always thought one day there could be an opportunity for me to invest in it, just like sbux and mcd after they went down. That opportunity has come since MM took over. Hopefully MM is the one to turn yhoo around. This is one of the deals that I invest in a person more than other reasons.</Msg><Username>polarbear.topicks</Username><Timestamp>1359175918622</Timestamp><DateTime>Fri, 2013-01-25 23:51:58 EST</DateTime><ThumbUp>5</ThumbUp><ThumbDown>1</ThumbDown><Sentiment>Buy</Sentiment></Message></Date>