<?xml version="1.0" encoding="UTF-8" standalone="no"?><Date date="2013-02-08"><Message type="ReplyMessage"><Id>1360301045636-1</Id><Topic><Title>Yahoo taps into Google's ad network, expertise</Title><Username>ashton10shyof</Username><Timestamp>1360207133332</Timestamp><DateTime>Wed, 2013-02-06 22:18:53 EST</DateTime></Topic><Msg>Unless we have a huge YHOO news tomorrow, I think we will see $21 next week. I do not see any stopping to $21. I do not expect any downgrade or bad news ahead, instead possible upgrade and good surprise news.</Msg><Username>vubravo</Username><Timestamp>1360301045636</Timestamp><DateTime>Fri, 2013-02-08 00:24:05 EST</DateTime><ThumbUp>0</ThumbUp><ThumbDown>0</ThumbDown><Sentiment>Strong Buy</Sentiment></Message><Message type="TopicMessage"><Id>1360305954443-2</Id><Title>s.eisner has info on rumor-gs has plan for a buy 27-28yhoo</Title><Msg>can`t be true</Msg><Username>eikademas</Username><Timestamp>1360305954443</Timestamp><DateTime>Fri, 2013-02-08 01:45:54 EST</DateTime><ThumbUp>1</ThumbUp><ThumbDown>0</ThumbDown><Sentiment>Hold</Sentiment></Message><Message type="ReplyMessage"><Id>1360306314288-3</Id><Topic><Title>MSFT stealing search market, Google stealing display ad, what else is left for Yahoo?</Title><Username>yinvestor</Username><Timestamp>1360268640223</Timestamp><DateTime>Thu, 2013-02-07 15:24:00 EST</DateTime></Topic><Msg>Big difference actually. When Microsoft partnered with Yahoo, search users started abandoning Yahoo and going to Bing which took search share away from Yahoo. With this Google deal, users aren't going to go to Google because Google doesn't have the top content properties that Yahoo does (where the Google ads will show up). If Google had huge properties like News, Sports, Finance, and Entertainment they wouldn't be doing this partnership Yahoo because they'd just run AdSense ads across their own huge network of top sites. But they don't. This is why the Yahoo property traffic is SO important. So Google grows it's AdSense reach via Yahoo's largest properties in the world and Yahoo gets paid for every user click on a Google AdSense ad across those Yahoo properties. Really, Google is just another contextual partner of Yahoo's. They just happen to be better than all of Yahoo's other contextual partners because Google can bring more relavant ads to the table (due to its monster search database which it uses to drive the Adsense ads). That means, more clicks on Yahoo and more engagement on Yahoo. This is a win/win for both companies because they both need each other to make this work in the end. They should have done this a long time ago.</Msg><Username>iggysweet28</Username><Timestamp>1360306314288</Timestamp><DateTime>Fri, 2013-02-08 01:51:54 EST</DateTime><ThumbUp>0</ThumbUp><ThumbDown>1</ThumbDown><Sentiment/></Message><Message type="ReplyMessage"><Id>1360306966819-4</Id><Topic><Title>MSFT stealing search market, Google stealing display ad, what else is left for Yahoo?</Title><Username>yinvestor</Username><Timestamp>1360268640223</Timestamp><DateTime>Thu, 2013-02-07 15:24:00 EST</DateTime></Topic><Msg>Good explanation on the deal here... clickzDOTcom/clickz/news/2242418/yahoo-google-ad-deal-good-for-market-participants-say</Msg><Username>iggysweet28</Username><Timestamp>1360306966819</Timestamp><DateTime>Fri, 2013-02-08 02:02:46 EST</DateTime><ThumbUp>0</ThumbUp><ThumbDown>0</ThumbDown><Sentiment/></Message><Message type="TopicMessage"><Id>1360311454109-5</Id><Title>gs making offer yah--@ 27 anouncement reported by sara eisner of bloomber? ha</Title><Msg>call her and ask her about the mike between her legs.</Msg><Username>poohpour</Username><Timestamp>1360311454109</Timestamp><DateTime>Fri, 2013-02-08 03:17:34 EST</DateTime><ThumbUp>1</ThumbUp><ThumbDown>0</ThumbDown><Sentiment>Hold</Sentiment></Message><Message type="ReplyMessage"><Id>1360314678598-6</Id><Topic><Title>s.eisner has info on rumor-gs has plan for a buy 27-28yhoo</Title><Username>eikademas</Username><Timestamp>1360305954443</Timestamp><DateTime>Fri, 2013-02-08 01:45:54 EST</DateTime></Topic><Msg>Hi Eikademas, Could you please give the link ? Thank you.</Msg><Username>franznummer1</Username><Timestamp>1360314678598</Timestamp><DateTime>Fri, 2013-02-08 04:11:18 EST</DateTime><ThumbUp>0</ThumbUp><ThumbDown>2</ThumbDown><Sentiment>Strong Buy</Sentiment></Message><Message type="ReplyMessage"><Id>1360328572489-7</Id><Topic><Title>Chart Information Help.</Title><Username>noreenseylerdtzp5344</Username><Timestamp>1306856629000</Timestamp><DateTime>Tue, 2011-05-31 11:43:49 EDT</DateTime></Topic><Msg>They are increasing fixed expenses.</Msg><Username>sarah.smithm</Username><Timestamp>1360328572489</Timestamp><DateTime>Fri, 2013-02-08 08:02:52 EST</DateTime><ThumbUp>0</ThumbUp><ThumbDown>0</ThumbDown><Sentiment/></Message><Message type="ReplyMessage"><Id>1360330065715-8</Id><Topic><Title>AMD is breaking out!!!!!!!!!! $1.98 +0.100 (+5.32%) Winners!! YHOO PCFG CBIS MJNA</Title><Username>powerball754</Username><Timestamp>1354132359206</Timestamp><DateTime>Wed, 2012-11-28 14:52:39 EST</DateTime></Topic><Msg>wish i would have bought then. nice</Msg><Username>maker.stock</Username><Timestamp>1360330065715</Timestamp><DateTime>Fri, 2013-02-08 08:27:45 EST</DateTime><ThumbUp>0</ThumbUp><ThumbDown>0</ThumbDown><Sentiment/></Message><Message type="TopicMessage"><Id>1360331112063-9</Id><Title>bartzo on cnbc mitttttttttt da millionssssssssssssssssssssssssssssssssssssssssssssssss</Title><Msg>hmmmmmmmmmmmmmmmmmmmmmmmmmmmmmmmmmmmmmmmmmmmmm</Msg><Username>raggwead</Username><Timestamp>1360331112063</Timestamp><DateTime>Fri, 2013-02-08 08:45:12 EST</DateTime><ThumbUp>1</ThumbUp><ThumbDown>2</ThumbDown><Sentiment/></Message><Message type="TopicMessage"><Id>1360331904166-10</Id><Title>agreements with Apple and FB are next</Title><Msg>Yahoo is the big winner</Msg><Username>potencjal</Username><Timestamp>1360331904166</Timestamp><DateTime>Fri, 2013-02-08 08:58:24 EST</DateTime><ThumbUp>0</ThumbUp><ThumbDown>2</ThumbDown><Sentiment/></Message><Message type="TopicMessage"><Id>1360332068171-11</Id><Title>bartzo going on the pwga mit da kashhhhhhhhhhhhhhhhhhhhhhhhhhhhhhhhhhhhhhhhhhhhhhh</Title><Msg>yenta kealerrrrrrrrrrrrrrrrrrrrrrrrrrrrrrrrrrrrrrr</Msg><Username>raggwead</Username><Timestamp>1360332068171</Timestamp><DateTime>Fri, 2013-02-08 09:01:08 EST</DateTime><ThumbUp>0</ThumbUp><ThumbDown>1</ThumbDown><Sentiment/></Message><Message type="ReplyMessage"><Id>1360332097091-12</Id><Topic><Title>bartzo on cnbc mitttttttttt da millionssssssssssssssssssssssssssssssssssssssssssssssss</Title><Username>raggwead</Username><Timestamp>1360331112063</Timestamp><DateTime>Fri, 2013-02-08 08:45:12 EST</DateTime></Topic><Msg>why? she added no value to YAHOO! and nothing to the TV show. Oh, now I understand.</Msg><Username>twitbum</Username><Timestamp>1360332097091</Timestamp><DateTime>Fri, 2013-02-08 09:01:37 EST</DateTime><ThumbUp>2</ThumbUp><ThumbDown>1</ThumbDown><Sentiment/></Message><Message type="ReplyMessage"><Id>1360332315600-13</Id><Topic><Title>agreements with Apple and FB are next</Title><Username>potencjal</Username><Timestamp>1360331904166</Timestamp><DateTime>Fri, 2013-02-08 08:58:24 EST</DateTime></Topic><Msg>Yahoo will have partnerships with everyone except Microsoft once Mayer cancels the search agreement.</Msg><Username>neo1278alpha</Username><Timestamp>1360332315600</Timestamp><DateTime>Fri, 2013-02-08 09:05:15 EST</DateTime><ThumbUp>2</ThumbUp><ThumbDown>1</ThumbDown><Sentiment/></Message><Message type="ReplyMessage"><Id>1360332356831-14</Id><Topic><Title>Yahoo taps into Google's ad network, expertise</Title><Username>ashton10shyof</Username><Timestamp>1360207133332</Timestamp><DateTime>Wed, 2013-02-06 22:18:53 EST</DateTime></Topic><Msg>Up again today.</Msg><Username>neo1278alpha</Username><Timestamp>1360332356831</Timestamp><DateTime>Fri, 2013-02-08 09:05:56 EST</DateTime><ThumbUp>2</ThumbUp><ThumbDown>0</ThumbDown><Sentiment/></Message><Message type="ReplyMessage"><Id>1360332591751-15</Id><Topic><Title>Yahoo Signs Agreement to Use Google’s Services for Display Ads</Title><Username>thetoadtimes</Username><Timestamp>1360190502489</Timestamp><DateTime>Wed, 2013-02-06 17:41:42 EST</DateTime></Topic><Msg>A deal with Facebook will be next.</Msg><Username>neo1278alpha</Username><Timestamp>1360332591751</Timestamp><DateTime>Fri, 2013-02-08 09:09:51 EST</DateTime><ThumbUp>2</ThumbUp><ThumbDown>1</ThumbDown><Sentiment/></Message><Message type="ReplyMessage"><Id>1360332672666-16</Id><Topic><Title>Yahoo Signs Agreement to Use Google’s Services for Display Ads</Title><Username>thetoadtimes</Username><Timestamp>1360190502489</Timestamp><DateTime>Wed, 2013-02-06 17:41:42 EST</DateTime></Topic><Msg>Up we go!!!!!!!!!!!!!!!!</Msg><Username>neo1278alpha</Username><Timestamp>1360332672666</Timestamp><DateTime>Fri, 2013-02-08 09:11:12 EST</DateTime><ThumbUp>2</ThumbUp><ThumbDown>0</ThumbDown><Sentiment/></Message><Message type="ReplyMessage"><Id>1360332702029-17</Id><Topic><Title>agreements with Apple and FB are next</Title><Username>potencjal</Username><Timestamp>1360331904166</Timestamp><DateTime>Fri, 2013-02-08 08:58:24 EST</DateTime></Topic><Msg>This needs to be on top when I make a post.</Msg><Username>neo1278alpha</Username><Timestamp>1360332702029</Timestamp><DateTime>Fri, 2013-02-08 09:11:42 EST</DateTime><ThumbUp>2</ThumbUp><ThumbDown>0</ThumbDown><Sentiment/></Message><Message type="ReplyMessage"><Id>1360332742284-18</Id><Topic><Title>Yahoo Shines on a Down Day</Title><Username>co1done</Username><Timestamp>1360280026628</Timestamp><DateTime>Thu, 2013-02-07 18:33:46 EST</DateTime></Topic><Msg>Yahoo is looking good. BUY!</Msg><Username>neo1278alpha</Username><Timestamp>1360332742284</Timestamp><DateTime>Fri, 2013-02-08 09:12:22 EST</DateTime><ThumbUp>2</ThumbUp><ThumbDown>0</ThumbDown><Sentiment/></Message><Message type="ReplyMessage"><Id>1360332791824-19</Id><Topic><Title>Yahoo Raised to Buy-from-Hold at Pivotal Research</Title><Username>thetoadtimes</Username><Timestamp>1360248930136</Timestamp><DateTime>Thu, 2013-02-07 09:55:30 EST</DateTime></Topic><Msg>A little light on the PT but $23 will work for now.</Msg><Username>neo1278alpha</Username><Timestamp>1360332791824</Timestamp><DateTime>Fri, 2013-02-08 09:13:11 EST</DateTime><ThumbUp>2</ThumbUp><ThumbDown>0</ThumbDown><Sentiment/></Message><Message type="TopicMessage"><Id>1360332807656-20</Id><Title>Its true, what an absolute paranoid board idiot hotmodel is. Thecoldone has made him the fool....</Title><Msg>...so many times. Everyone can see that. How much time does he spend posting crapola?</Msg><Username>dariencat8</Username><Timestamp>1360332807656</Timestamp><DateTime>Fri, 2013-02-08 09:13:27 EST</DateTime><ThumbUp>1</ThumbUp><ThumbDown>0</ThumbDown><Sentiment/></Message><Message type="ReplyMessage"><Id>1360332834783-21</Id><Topic><Title>YHOO price target was raised at Needham to $26</Title><Username>thetoadtimes</Username><Timestamp>1356359311116</Timestamp><DateTime>Mon, 2012-12-24 09:28:31 EST</DateTime></Topic><Msg>$26 is a low but fair price for now.</Msg><Username>neo1278alpha</Username><Timestamp>1360332834783</Timestamp><DateTime>Fri, 2013-02-08 09:13:54 EST</DateTime><ThumbUp>2</ThumbUp><ThumbDown>0</ThumbDown><Sentiment/></Message><Message type="ReplyMessage"><Id>1360332864989-22</Id><Topic><Title>Goldman Price target For Yahoo Raised to $24</Title><Username>getty4422</Username><Timestamp>1355503706538</Timestamp><DateTime>Fri, 2012-12-14 11:48:26 EST</DateTime></Topic><Msg>Yahoo's PT is a good return.</Msg><Username>neo1278alpha</Username><Timestamp>1360332864989</Timestamp><DateTime>Fri, 2013-02-08 09:14:24 EST</DateTime><ThumbUp>2</ThumbUp><ThumbDown>0</ThumbDown><Sentiment/></Message><Message type="ReplyMessage"><Id>1360332899449-23</Id><Topic><Title>B. Riley’s Sameet Sinha reiterates a Buy rating onYahoo! and a $26 price target</Title><Username>thetoadtimes</Username><Timestamp>1359061069939</Timestamp><DateTime>Thu, 2013-01-24 15:57:49 EST</DateTime></Topic><Msg>Another $26 PT. Low but OK for now.</Msg><Username>neo1278alpha</Username><Timestamp>1360332899449</Timestamp><DateTime>Fri, 2013-02-08 09:14:59 EST</DateTime><ThumbUp>2</ThumbUp><ThumbDown>0</ThumbDown><Sentiment/></Message><Message type="ReplyMessage"><Id>1360332936650-24</Id><Topic><Title>Bernstein Raises Yahoo Price Target to $23</Title><Username>savior2911</Username><Timestamp>1357571620521</Timestamp><DateTime>Mon, 2013-01-07 10:13:40 EST</DateTime></Topic><Msg>Bernstein will be raising that PT next quarter.</Msg><Username>neo1278alpha</Username><Timestamp>1360332936650</Timestamp><DateTime>Fri, 2013-02-08 09:15:36 EST</DateTime><ThumbUp>2</ThumbUp><ThumbDown>0</ThumbDown><Sentiment/></Message><Message type="ReplyMessage"><Id>1360333172665-25</Id><Topic><Title>Yahoo at $20.20</Title><Username>co1done</Username><Timestamp>1360258352805</Timestamp><DateTime>Thu, 2013-02-07 12:32:32 EST</DateTime></Topic><Msg>Everyone agrees with coldone! hotmodel has finally given in to coldone's superiority.</Msg><Username>ashton10shyof</Username><Timestamp>1360333172665</Timestamp><DateTime>Fri, 2013-02-08 09:19:32 EST</DateTime><ThumbUp>2</ThumbUp><ThumbDown>0</ThumbDown><Sentiment/></Message><Message type="ReplyMessage"><Id>1360333345540-26</Id><Topic><Title>Rumor has it hotmodel has joined Coldone</Title><Username>theecoldone</Username><Timestamp>1354667778575</Timestamp><DateTime>Tue, 2012-12-04 19:36:18 EST</DateTime></Topic><Msg>hotmodel no longer refutes coldone's predictions. hotmodel has given in to coldone's superiority.</Msg><Username>ashton10shyof</Username><Timestamp>1360333345540</Timestamp><DateTime>Fri, 2013-02-08 09:22:25 EST</DateTime><ThumbUp>1</ThumbUp><ThumbDown>0</ThumbDown><Sentiment/></Message><Message type="ReplyMessage"><Id>1360333602935-27</Id><Topic><Title>Coldone's Advice to Buy Yahoo From $11 to $19 Was Perfect</Title><Username>bflathalfdim</Username><Timestamp>1357139956520</Timestamp><DateTime>Wed, 2013-01-02 10:19:16 EST</DateTime></Topic><Msg>Coldone is a God on this board.</Msg><Username>neo1278alpha</Username><Timestamp>1360333602935</Timestamp><DateTime>Fri, 2013-02-08 09:26:42 EST</DateTime><ThumbUp>2</ThumbUp><ThumbDown>4</ThumbDown><Sentiment/></Message><Message type="ReplyMessage"><Id>1360333669045-28</Id><Topic><Title>Hotmodel - Do you still think Yahoo was dead money at $15.80?</Title><Username>theecoldone</Username><Timestamp>1354722516724</Timestamp><DateTime>Wed, 2012-12-05 10:48:36 EST</DateTime></Topic><Msg>hotmodel has given up and joined coldone. hotmodel will do what coldone says from now on.</Msg><Username>neo1278alpha</Username><Timestamp>1360333669045</Timestamp><DateTime>Fri, 2013-02-08 09:27:49 EST</DateTime><ThumbUp>2</ThumbUp><ThumbDown>0</ThumbDown><Sentiment/></Message><Message type="ReplyMessage"><Id>1360334220255-29</Id><Topic><Title>No more hotmodel or dr.gloom!</Title><Username>nanobot8042</Username><Timestamp>1353949570193</Timestamp><DateTime>Mon, 2012-11-26 12:06:10 EST</DateTime></Topic><Msg>You are dariencat and mewag, ypr1ys.</Msg><Username>remmy12554</Username><Timestamp>1360334220255</Timestamp><DateTime>Fri, 2013-02-08 09:37:00 EST</DateTime><ThumbUp>2</ThumbUp><ThumbDown>0</ThumbDown><Sentiment/></Message><Message type="ReplyMessage"><Id>1360334596293-30</Id><Topic><Title>agreements with Apple and FB are next</Title><Username>potencjal</Username><Timestamp>1360331904166</Timestamp><DateTime>Fri, 2013-02-08 08:58:24 EST</DateTime></Topic><Msg>Yahoo make great strategy be the middle mean ,Don't fight withe the gorilla ,used them and make money.</Msg><Username>potencjal</Username><Timestamp>1360334596293</Timestamp><DateTime>Fri, 2013-02-08 09:43:16 EST</DateTime><ThumbUp>0</ThumbUp><ThumbDown>0</ThumbDown><Sentiment/></Message><Message type="ReplyMessage"><Id>1360334889918-31</Id><Topic><Title>B. Riley’s Sameet Sinha reiterates a Buy rating onYahoo! and a $26 price target</Title><Username>thetoadtimes</Username><Timestamp>1359061069939</Timestamp><DateTime>Thu, 2013-01-24 15:57:49 EST</DateTime></Topic><Msg>Yahoo is going to surprise everyone with a Yahoo Japan deal.</Msg><Username>tr420</Username><Timestamp>1360334889918</Timestamp><DateTime>Fri, 2013-02-08 09:48:09 EST</DateTime><ThumbUp>1</ThumbUp><ThumbDown>0</ThumbDown><Sentiment/></Message><Message type="ReplyMessage"><Id>1360334937941-32</Id><Topic><Title>YHOO price target was raised at Needham to $26</Title><Username>thetoadtimes</Username><Timestamp>1356359311116</Timestamp><DateTime>Mon, 2012-12-24 09:28:31 EST</DateTime></Topic><Msg>A deal with Yahoo Japan will put Yahoo at $26.</Msg><Username>tr420</Username><Timestamp>1360334937941</Timestamp><DateTime>Fri, 2013-02-08 09:48:57 EST</DateTime><ThumbUp>2</ThumbUp><ThumbDown>0</ThumbDown><Sentiment/></Message><Message type="ReplyMessage"><Id>1360335519738-33</Id><Topic><Title>No more hotmodel or dr.gloom!</Title><Username>nanobot8042</Username><Timestamp>1353949570193</Timestamp><DateTime>Mon, 2012-11-26 12:06:10 EST</DateTime></Topic><Msg>A $28 Yahoo long with an identity cricis claiming victory over people who constantly make real money.The multy alias mongrel has been laughed at for the last 4+ years.</Msg><Username>dr.gloom</Username><Timestamp>1360335519738</Timestamp><DateTime>Fri, 2013-02-08 09:58:39 EST</DateTime><ThumbUp>2</ThumbUp><ThumbDown>2</ThumbDown><Sentiment/></Message><Message type="ReplyMessage"><Id>1360335712732-34</Id><Topic><Title>No more hotmodel or dr.gloom!</Title><Username>nanobot8042</Username><Timestamp>1353949570193</Timestamp><DateTime>Mon, 2012-11-26 12:06:10 EST</DateTime></Topic><Msg>You should have listened to coldone.</Msg><Username>tetheredbird</Username><Timestamp>1360335712732</Timestamp><DateTime>Fri, 2013-02-08 10:01:52 EST</DateTime><ThumbUp>2</ThumbUp><ThumbDown>3</ThumbDown><Sentiment/></Message><Message type="ReplyMessage"><Id>1360335801403-35</Id><Topic><Title>You should have listened to coldone</Title><Username>tetheredbird</Username><Timestamp>1352653312441</Timestamp><DateTime>Sun, 2012-11-11 12:01:52 EST</DateTime></Topic><Msg>All that listened to coldone and bought from $11 to $19 are making money. All that listened to dr.gloom/hotmodel and went against coldone's advice to buy from $11 to $19 got burnt!</Msg><Username>tetheredbird</Username><Timestamp>1360335801403</Timestamp><DateTime>Fri, 2013-02-08 10:03:21 EST</DateTime><ThumbUp>2</ThumbUp><ThumbDown>1</ThumbDown><Sentiment/></Message><Message type="ReplyMessage"><Id>1360335886074-36</Id><Topic><Title>No more hotmodel or dr.gloom!</Title><Username>nanobot8042</Username><Timestamp>1353949570193</Timestamp><DateTime>Mon, 2012-11-26 12:06:10 EST</DateTime></Topic><Msg>Coldone won by a mile.</Msg><Username>tornupdown</Username><Timestamp>1360335886074</Timestamp><DateTime>Fri, 2013-02-08 10:04:46 EST</DateTime><ThumbUp>3</ThumbUp><ThumbDown>3</ThumbDown><Sentiment/></Message><Message type="ReplyMessage"><Id>1360336026797-37</Id><Topic><Title>bartzo on cnbc mitttttttttt da millionssssssssssssssssssssssssssssssssssssssssssssssss</Title><Username>raggwead</Username><Timestamp>1360331112063</Timestamp><DateTime>Fri, 2013-02-08 08:45:12 EST</DateTime></Topic><Msg>I only caught apiece of the show. Carol was vapid, and the show seemed forced... I was somewhat comforted that she is no longer running Yahoo. One interesting tidbit from Becky revealed Clint's inspiration for the empty chair bit at the RNC was a Neil Diamond song!??</Msg><Username>imadeadcat</Username><Timestamp>1360336026797</Timestamp><DateTime>Fri, 2013-02-08 10:07:06 EST</DateTime><ThumbUp>1</ThumbUp><ThumbDown>1</ThumbDown><Sentiment/></Message><Message type="TopicMessage"><Id>1360336242071-38</Id><Title>how can aol jump 3.00 by those earnings and we move pennies?? dont' get it</Title><Msg>yahoo is tough and slow..what is up here</Msg><Username>mawsii1</Username><Timestamp>1360336242071</Timestamp><DateTime>Fri, 2013-02-08 10:10:42 EST</DateTime><ThumbUp>0</ThumbUp><ThumbDown>0</ThumbDown><Sentiment>Hold</Sentiment></Message><Message type="TopicMessage"><Id>1360336332753-39</Id><Title>call the close</Title><Msg>YHOO closes above $20.80. With a little more news it will be $21 +. It's on a roll!!!!!</Msg><Username>rtbigger</Username><Timestamp>1360336332753</Timestamp><DateTime>Fri, 2013-02-08 10:12:12 EST</DateTime><ThumbUp>1</ThumbUp><ThumbDown>0</ThumbDown><Sentiment/></Message><Message type="ReplyMessage"><Id>1360336383451-40</Id><Topic><Title>how can aol jump 3.00 by those earnings and we move pennies?? dont' get it</Title><Username>mawsii1</Username><Timestamp>1360336242071</Timestamp><DateTime>Fri, 2013-02-08 10:10:42 EST</DateTime></Topic><Msg>it just means it's a coiled spring. Can you imagine the stock movement when they beat expectations each of the next three quarters in 2013? Plus a windfall from Alibaba and Japan? It's setting up to be a double for 2013, just like AOL was last year.</Msg><Username>lutts</Username><Timestamp>1360336383451</Timestamp><DateTime>Fri, 2013-02-08 10:13:03 EST</DateTime><ThumbUp>0</ThumbUp><ThumbDown>1</ThumbDown><Sentiment/></Message><Message type="ReplyMessage"><Id>1360336568397-41</Id><Topic><Title>Yahoo and Facebook Search Alliance Talks Heat Up</Title><Username>meanwhatimean</Username><Timestamp>1358210826985</Timestamp><DateTime>Mon, 2013-01-14 19:47:06 EST</DateTime></Topic><Msg>This will be Yahoo's next partnership.</Msg><Username>shelcorecrust</Username><Timestamp>1360336568397</Timestamp><DateTime>Fri, 2013-02-08 10:16:08 EST</DateTime><ThumbUp>0</ThumbUp><ThumbDown>0</ThumbDown><Sentiment/></Message><Message type="TopicMessage"><Id>1360336590230-42</Id><Title>Heavy selling at 20.3, ha ha</Title><Msg>Wall street heavy selling.... Yahoooooo!,,,</Msg><Username>bleuosieau</Username><Timestamp>1360336590230</Timestamp><DateTime>Fri, 2013-02-08 10:16:30 EST</DateTime><ThumbUp>0</ThumbUp><ThumbDown>4</ThumbDown><Sentiment/></Message><Message type="ReplyMessage"><Id>1360336669801-43</Id><Topic><Title>Goldman Price target For Yahoo Raised to $24</Title><Username>getty4422</Username><Timestamp>1355503706538</Timestamp><DateTime>Fri, 2012-12-14 11:48:26 EST</DateTime></Topic><Msg>Go Yahoo. Mayer is the Queen of Tech!</Msg><Username>remmy12554</Username><Timestamp>1360336669801</Timestamp><DateTime>Fri, 2013-02-08 10:17:49 EST</DateTime><ThumbUp>1</ThumbUp><ThumbDown>0</ThumbDown><Sentiment/></Message><Message type="ReplyMessage"><Id>1360336693476-44</Id><Topic><Title>Bernstein Raises Yahoo Price Target to $23</Title><Username>savior2911</Username><Timestamp>1357571620521</Timestamp><DateTime>Mon, 2013-01-07 10:13:40 EST</DateTime></Topic><Msg>They will have to raise it.</Msg><Username>ashton10shyof</Username><Timestamp>1360336693476</Timestamp><DateTime>Fri, 2013-02-08 10:18:13 EST</DateTime><ThumbUp>1</ThumbUp><ThumbDown>0</ThumbDown><Sentiment/></Message><Message type="ReplyMessage"><Id>1360336733964-45</Id><Topic><Title>B. Riley’s Sameet Sinha reiterates a Buy rating onYahoo! and a $26 price target</Title><Username>thetoadtimes</Username><Timestamp>1359061069939</Timestamp><DateTime>Thu, 2013-01-24 15:57:49 EST</DateTime></Topic><Msg>Yahoo Japan grew 53% over the last year.</Msg><Username>remmy12554</Username><Timestamp>1360336733964</Timestamp><DateTime>Fri, 2013-02-08 10:18:53 EST</DateTime><ThumbUp>1</ThumbUp><ThumbDown>0</ThumbDown><Sentiment/></Message><Message type="ReplyMessage"><Id>1360336769737-46</Id><Topic><Title>YHOO price target was raised at Needham to $26</Title><Username>thetoadtimes</Username><Timestamp>1356359311116</Timestamp><DateTime>Mon, 2012-12-24 09:28:31 EST</DateTime></Topic><Msg>One deal with Yahoo's Asian assets and Yahoo jumps to $26.</Msg><Username>ashton10shyof</Username><Timestamp>1360336769737</Timestamp><DateTime>Fri, 2013-02-08 10:19:29 EST</DateTime><ThumbUp>2</ThumbUp><ThumbDown>0</ThumbDown><Sentiment/></Message><Message type="ReplyMessage"><Id>1360336799469-47</Id><Topic><Title>No more hotmodel or dr.gloom!</Title><Username>nanobot8042</Username><Timestamp>1353949570193</Timestamp><DateTime>Mon, 2012-11-26 12:06:10 EST</DateTime></Topic><Msg>Coldone always wins.</Msg><Username>ashton10shyof</Username><Timestamp>1360336799469</Timestamp><DateTime>Fri, 2013-02-08 10:19:59 EST</DateTime><ThumbUp>1</ThumbUp><ThumbDown>2</ThumbDown><Sentiment/></Message><Message type="ReplyMessage"><Id>1360336812037-48</Id><Topic><Title>Heavy selling at 20.3, ha ha</Title><Username>bleuosieau</Username><Timestamp>1360336590230</Timestamp><DateTime>Fri, 2013-02-08 10:16:30 EST</DateTime></Topic><Msg>You wouldn't mean "Heavy Buying" by any chance would you?</Msg><Username>uirapuru0</Username><Timestamp>1360336812037</Timestamp><DateTime>Fri, 2013-02-08 10:20:12 EST</DateTime><ThumbUp>1</ThumbUp><ThumbDown>0</ThumbDown><Sentiment/></Message><Message type="ReplyMessage"><Id>1360336825736-49</Id><Topic><Title>Hotmodel - Do you still think Yahoo was dead money at $15.80?</Title><Username>theecoldone</Username><Timestamp>1354722516724</Timestamp><DateTime>Wed, 2012-12-05 10:48:36 EST</DateTime></Topic><Msg>hotmodel likes to look uneducated.</Msg><Username>remmy12554</Username><Timestamp>1360336825736</Timestamp><DateTime>Fri, 2013-02-08 10:20:25 EST</DateTime><ThumbUp>2</ThumbUp><ThumbDown>1</ThumbDown><Sentiment/></Message><Message type="ReplyMessage"><Id>1360336852281-50</Id><Topic><Title>Coldone's Advice to Buy Yahoo From $11 to $19 Was Perfect</Title><Username>bflathalfdim</Username><Timestamp>1357139956520</Timestamp><DateTime>Wed, 2013-01-02 10:19:16 EST</DateTime></Topic><Msg>Coldone's record says it all.</Msg><Username>remmy12554</Username><Timestamp>1360336852281</Timestamp><DateTime>Fri, 2013-02-08 10:20:52 EST</DateTime><ThumbUp>1</ThumbUp><ThumbDown>3</ThumbDown><Sentiment/></Message><Message type="ReplyMessage"><Id>1360336889002-51</Id><Topic><Title>Coldone's Advice to Buy Yahoo From $11 to $19 Was Perfect</Title><Username>bflathalfdim</Username><Timestamp>1357139956520</Timestamp><DateTime>Wed, 2013-01-02 10:19:16 EST</DateTime></Topic><Msg>Yahoo's bumping needs bumped.</Msg><Username>remmy12554</Username><Timestamp>1360336889002</Timestamp><DateTime>Fri, 2013-02-08 10:21:29 EST</DateTime><ThumbUp>1</ThumbUp><ThumbDown>3</ThumbDown><Sentiment/></Message><Message type="ReplyMessage"><Id>1360336916903-52</Id><Topic><Title>You should have listened to coldone</Title><Username>tetheredbird</Username><Timestamp>1352653312441</Timestamp><DateTime>Sun, 2012-11-11 12:01:52 EST</DateTime></Topic><Msg>I always buy when coldone says to buy.</Msg><Username>shelcorecrust</Username><Timestamp>1360336916903</Timestamp><DateTime>Fri, 2013-02-08 10:21:56 EST</DateTime><ThumbUp>0</ThumbUp><ThumbDown>0</ThumbDown><Sentiment/></Message><Message type="TopicMessage"><Id>1360336968807-53</Id><Title>Yahoo at $20.38 and moving up</Title><Msg>Yahoo will close near $20.50 today.</Msg><Username>ashton10shyof</Username><Timestamp>1360336968807</Timestamp><DateTime>Fri, 2013-02-08 10:22:48 EST</DateTime><ThumbUp>5</ThumbUp><ThumbDown>1</ThumbDown><Sentiment/></Message><Message type="ReplyMessage"><Id>1360337058112-54</Id><Topic><Title>Rumor has it hotmodel has joined Coldone</Title><Username>theecoldone</Username><Timestamp>1354667778575</Timestamp><DateTime>Tue, 2012-12-04 19:36:18 EST</DateTime></Topic><Msg>Rumor has it hotmodel wishes she was coldone.</Msg><Username>ashton10shyof</Username><Timestamp>1360337058112</Timestamp><DateTime>Fri, 2013-02-08 10:24:18 EST</DateTime><ThumbUp>2</ThumbUp><ThumbDown>2</ThumbDown><Sentiment/></Message><Message type="ReplyMessage"><Id>1360337104295-55</Id><Topic><Title>Yahoo Raised to Buy-from-Hold at Pivotal Research</Title><Username>thetoadtimes</Username><Timestamp>1360248930136</Timestamp><DateTime>Thu, 2013-02-07 09:55:30 EST</DateTime></Topic><Msg>This ia another big upgrade for yahoo and Marissa Mayer.</Msg><Username>tr420</Username><Timestamp>1360337104295</Timestamp><DateTime>Fri, 2013-02-08 10:25:04 EST</DateTime><ThumbUp>1</ThumbUp><ThumbDown>0</ThumbDown><Sentiment/></Message><Message type="ReplyMessage"><Id>1360337131978-56</Id><Topic><Title>Yahoo at $20.38 and moving up</Title><Username>ashton10shyof</Username><Timestamp>1360336968807</Timestamp><DateTime>Fri, 2013-02-08 10:22:48 EST</DateTime></Topic><Msg>I think $20.80. Then over $21 on Monday</Msg><Username>rtbigger</Username><Timestamp>1360337131978</Timestamp><DateTime>Fri, 2013-02-08 10:25:31 EST</DateTime><ThumbUp>1</ThumbUp><ThumbDown>1</ThumbDown><Sentiment/></Message><Message type="ReplyMessage"><Id>1360337150903-57</Id><Topic><Title>Yahoo at $20.20</Title><Username>co1done</Username><Timestamp>1360258352805</Timestamp><DateTime>Thu, 2013-02-07 12:32:32 EST</DateTime></Topic><Msg>hotmodel had no choice but to give up.</Msg><Username>remmy12554</Username><Timestamp>1360337150903</Timestamp><DateTime>Fri, 2013-02-08 10:25:50 EST</DateTime><ThumbUp>1</ThumbUp><ThumbDown>0</ThumbDown><Sentiment/></Message><Message type="ReplyMessage"><Id>1360337185223-58</Id><Topic><Title>Yahoo at $20.38 and moving up</Title><Username>ashton10shyof</Username><Timestamp>1360336968807</Timestamp><DateTime>Fri, 2013-02-08 10:22:48 EST</DateTime></Topic><Msg>What will make Yahoo go over $21 on Monday?</Msg><Username>tr420</Username><Timestamp>1360337185223</Timestamp><DateTime>Fri, 2013-02-08 10:26:25 EST</DateTime><ThumbUp>1</ThumbUp><ThumbDown>1</ThumbDown><Sentiment/></Message><Message type="ReplyMessage"><Id>1360337249164-59</Id><Topic><Title>New YHOO Analyst Report (MUST SEE)</Title><Username>riveraandres435</Username><Timestamp>1360257526455</Timestamp><DateTime>Thu, 2013-02-07 12:18:46 EST</DateTime></Topic><Msg>great info.</Msg><Username>ruben.parker</Username><Timestamp>1360337249164</Timestamp><DateTime>Fri, 2013-02-08 10:27:29 EST</DateTime><ThumbUp>0</ThumbUp><ThumbDown>1</ThumbDown><Sentiment/></Message><Message type="ReplyMessage"><Id>1360337344696-60</Id><Topic><Title>bartzo on cnbc mitttttttttt da millionssssssssssssssssssssssssssssssssssssssssssssssss</Title><Username>raggwead</Username><Timestamp>1360331112063</Timestamp><DateTime>Fri, 2013-02-08 08:45:12 EST</DateTime></Topic><Msg>I doubt they will ever have her back after that performance. Becky &amp; Joe didn't look comfortable with her at all. They should have had the Former CEO of AT&amp;T Co-host. He was much better and far more interesting to watch / listen to.</Msg><Username>grey116677</Username><Timestamp>1360337344696</Timestamp><DateTime>Fri, 2013-02-08 10:29:04 EST</DateTime><ThumbUp>0</ThumbUp><ThumbDown>2</ThumbDown><Sentiment/></Message><Message type="TopicMessage"><Id>1360338154573-61</Id><Title>Alibaba to meet with advisors about IPO plans</Title><Msg>Hell Yeah!!!</Msg><Username>warnerlambert</Username><Timestamp>1360338154573</Timestamp><DateTime>Fri, 2013-02-08 10:42:34 EST</DateTime><ThumbUp>3</ThumbUp><ThumbDown>0</ThumbDown><Sentiment/></Message><Message type="ReplyMessage"><Id>1360338301175-62</Id><Topic><Title>Alibaba Group Hired Credit Suisse, Goldman for IPO</Title><Username>thetoadtimes</Username><Timestamp>1358345835261</Timestamp><DateTime>Wed, 2013-01-16 09:17:15 EST</DateTime></Topic><Msg>They are putting the finishing touches on Alibaba's IPO.</Msg><Username>ashton10shyof</Username><Timestamp>1360338301175</Timestamp><DateTime>Fri, 2013-02-08 10:45:01 EST</DateTime><ThumbUp>2</ThumbUp><ThumbDown>0</ThumbDown><Sentiment/></Message><Message type="ReplyMessage"><Id>1360338320280-63</Id><Topic><Title>Alibaba to meet with advisors about IPO plans</Title><Username>warnerlambert</Username><Timestamp>1360338154573</Timestamp><DateTime>Fri, 2013-02-08 10:42:34 EST</DateTime></Topic><Msg>Alibaba Group, whose shareholders include Yahoo [YHOO:US] and Japan’s Softbank [9984:JP], has been working on an internal restructuring in preparation for a future listing, this news service reported in early December. An investment invitation document circulated among private equity funds at that time suggested Alibaba would list at the group level in the second half of 2013 seeking a valuation of USD 59.55bn, according to the report. $60 Billion!!!</Msg><Username>warnerlambert</Username><Timestamp>1360338320280</Timestamp><DateTime>Fri, 2013-02-08 10:45:20 EST</DateTime><ThumbUp>2</ThumbUp><ThumbDown>0</ThumbDown><Sentiment/></Message><Message type="TopicMessage"><Id>1360338375309-64</Id><Title>Alibaba to meet with advisors about IPO plans, FT reports</Title><Msg>Alibaba Group, which Yahoo (YHOO) owns a minority stake in, will meet advisors about plans for an IPO shortly after Chinese New Year, according to the Financial Times, citing three industry sources. Two sources believe Hong Kong will be the listing platform, while the third source said New York could be a possibility.</Msg><Username>thetoadtimes</Username><Timestamp>1360338375309</Timestamp><DateTime>Fri, 2013-02-08 10:46:15 EST</DateTime><ThumbUp>9</ThumbUp><ThumbDown>1</ThumbDown><Sentiment/></Message><Message type="ReplyMessage"><Id>1360338538612-65</Id><Topic><Title>Alibaba to meet with advisors about IPO plans, FT reports</Title><Username>thetoadtimes</Username><Timestamp>1360338375309</Timestamp><DateTime>Fri, 2013-02-08 10:46:15 EST</DateTime></Topic><Msg>The Alibaba IPO will put Yahoo at $30.</Msg><Username>neo1278alpha</Username><Timestamp>1360338538612</Timestamp><DateTime>Fri, 2013-02-08 10:48:58 EST</DateTime><ThumbUp>6</ThumbUp><ThumbDown>0</ThumbDown><Sentiment/></Message><Message type="ReplyMessage"><Id>1360338572369-66</Id><Topic><Title>Yahoo Best Way To Participate In The Alibaba IPO</Title><Username>thetoadtimes</Username><Timestamp>1359993302021</Timestamp><DateTime>Mon, 2013-02-04 10:55:02 EST</DateTime></Topic><Msg>I bought Yahoo today.</Msg><Username>whogeorge69</Username><Timestamp>1360338572369</Timestamp><DateTime>Fri, 2013-02-08 10:49:32 EST</DateTime><ThumbUp>1</ThumbUp><ThumbDown>0</ThumbDown><Sentiment/></Message><Message type="ReplyMessage"><Id>1360338941734-67</Id><Topic><Title>Alibaba to meet with advisors about IPO plans, FT reports</Title><Username>thetoadtimes</Username><Timestamp>1360338375309</Timestamp><DateTime>Fri, 2013-02-08 10:46:15 EST</DateTime></Topic><Msg>Alibaba denied claims they had hired Goldman and Credit Suisse. Alibaba lied. Today's meeting means 2013 IPO.</Msg><Username>selzar420</Username><Timestamp>1360338941734</Timestamp><DateTime>Fri, 2013-02-08 10:55:41 EST</DateTime><ThumbUp>4</ThumbUp><ThumbDown>0</ThumbDown><Sentiment/></Message><Message type="ReplyMessage"><Id>1360339273049-68</Id><Topic><Title>Alibaba to meet with advisors about IPO plans, FT reports</Title><Username>thetoadtimes</Username><Timestamp>1360338375309</Timestamp><DateTime>Fri, 2013-02-08 10:46:15 EST</DateTime></Topic><Msg>The next Chinese New Year's Day falls on February 10, 2013. So, Goldman, Credit Suisse and Alibaba are getting together to ready their IPO on Monday!</Msg><Username>neo1278alpha</Username><Timestamp>1360339273049</Timestamp><DateTime>Fri, 2013-02-08 11:01:13 EST</DateTime><ThumbUp>3</ThumbUp><ThumbDown>0</ThumbDown><Sentiment/></Message><Message type="ReplyMessage"><Id>1360339567874-69</Id><Topic><Title>Alibaba to meet with advisors about IPO plans, FT reports</Title><Username>thetoadtimes</Username><Timestamp>1360338375309</Timestamp><DateTime>Fri, 2013-02-08 10:46:15 EST</DateTime></Topic><Msg>The Hangzhou-based company has not yet hired anyone to arrange the deal, but it has been reaching out to investment banks and law firms about meeting shortly after the holidays, two of the sources said. Chinese New Year runs from 10 February to 15 February in mainland China.</Msg><Username>co1done</Username><Timestamp>1360339567874</Timestamp><DateTime>Fri, 2013-02-08 11:06:07 EST</DateTime><ThumbUp>6</ThumbUp><ThumbDown>0</ThumbDown><Sentiment/></Message><Message type="ReplyMessage"><Id>1360339881285-70</Id><Topic><Title>Alibaba to meet with advisors about IPO plans, FT reports</Title><Username>thetoadtimes</Username><Timestamp>1360338375309</Timestamp><DateTime>Fri, 2013-02-08 10:46:15 EST</DateTime></Topic><Msg>I would agree. If they are meeting this week, then the IPO is going to come int 2013. This coupled with growth in Yahoo revenues and earning are going to make for a nice uptrend for Yahoo.</Msg><Username>lutts</Username><Timestamp>1360339881285</Timestamp><DateTime>Fri, 2013-02-08 11:11:21 EST</DateTime><ThumbUp>4</ThumbUp><ThumbDown>0</ThumbDown><Sentiment/></Message><Message type="TopicMessage"><Id>1360340093897-71</Id><Title>What is 24% of USD $59.55 billion - $14.29B!</Title><Msg>Yahoo will sell 10% of their 24% of Alibaba at the listing price giving Yahoo another $6 billion in cash. Yahoo's remaining 14% of Alibaba Group will be sold after the initial listing for at least an additional $8.29B USD! Alibaba Group, whose shareholders include Yahoo and Japan’s Softbank,, has been working on an internal restructuring in preparation for a future listing, this news service reported in early December. An investment invitation document circulated among private equity funds at that time suggested Alibaba would list at the group level in the second half of 2013 seeking a valuation of USD $59.55bn, according to the report.</Msg><Username>co1done</Username><Timestamp>1360340093897</Timestamp><DateTime>Fri, 2013-02-08 11:14:53 EST</DateTime><ThumbUp>3</ThumbUp><ThumbDown>1</ThumbDown><Sentiment/></Message><Message type="TopicMessage"><Id>1360340253364-72</Id><Title>Early Alert: **ytrv** press release on 02/19/2013</Title><Msg>should see new highs!</Msg><Username>stock.makers</Username><Timestamp>1360340253364</Timestamp><DateTime>Fri, 2013-02-08 11:17:33 EST</DateTime><ThumbUp>0</ThumbUp><ThumbDown>0</ThumbDown><Sentiment>Strong Buy</Sentiment></Message><Message type="ReplyMessage"><Id>1360340426387-73</Id><Topic><Title>Alibaba Group Hired Credit Suisse, Goldman for IPO</Title><Username>thetoadtimes</Username><Timestamp>1358345835261</Timestamp><DateTime>Wed, 2013-01-16 09:17:15 EST</DateTime></Topic><Msg>Bloomberg got it right! Kara Swisher caught sleeping on the job again.</Msg><Username>tetheredbird</Username><Timestamp>1360340426387</Timestamp><DateTime>Fri, 2013-02-08 11:20:26 EST</DateTime><ThumbUp>1</ThumbUp><ThumbDown>0</ThumbDown><Sentiment/></Message><Message type="ReplyMessage"><Id>1360340487176-74</Id><Topic><Title>Alibaba to meet with advisors about IPO plans, FT reports</Title><Username>thetoadtimes</Username><Timestamp>1360338375309</Timestamp><DateTime>Fri, 2013-02-08 10:46:15 EST</DateTime></Topic><Msg>The Toad Times does it again! Better than Kara Swisher.</Msg><Username>tetheredbird</Username><Timestamp>1360340487176</Timestamp><DateTime>Fri, 2013-02-08 11:21:27 EST</DateTime><ThumbUp>3</ThumbUp><ThumbDown>1</ThumbDown><Sentiment/></Message><Message type="ReplyMessage"><Id>1360340522182-75</Id><Topic><Title>What is 24% of USD $59.55 billion - $14.29B!</Title><Username>co1done</Username><Timestamp>1360340093897</Timestamp><DateTime>Fri, 2013-02-08 11:14:53 EST</DateTime></Topic><Msg>Those are minimums. I think Alibaba's IPO will be higher.</Msg><Username>neo1278alpha</Username><Timestamp>1360340522182</Timestamp><DateTime>Fri, 2013-02-08 11:22:02 EST</DateTime><ThumbUp>2</ThumbUp><ThumbDown>1</ThumbDown><Sentiment/></Message><Message type="ReplyMessage"><Id>1360340569548-76</Id><Topic><Title>Yahoo Best Way To Participate In The Alibaba IPO</Title><Username>thetoadtimes</Username><Timestamp>1359993302021</Timestamp><DateTime>Mon, 2013-02-04 10:55:02 EST</DateTime></Topic><Msg>I bought more Yahoo. This will be confirmed after February 15.</Msg><Username>neo1278alpha</Username><Timestamp>1360340569548</Timestamp><DateTime>Fri, 2013-02-08 11:22:49 EST</DateTime><ThumbUp>4</ThumbUp><ThumbDown>0</ThumbDown><Sentiment/></Message><Message type="ReplyMessage"><Id>1360341071628-77</Id><Topic><Title>What is 24% of USD $59.55 billion - $14.29B!</Title><Username>co1done</Username><Timestamp>1360340093897</Timestamp><DateTime>Fri, 2013-02-08 11:14:53 EST</DateTime></Topic><Msg>I would agree esp if it includes Tmall which had a $3BILLION day in Nov. Clearly a monster and should be worth more than Tencent which is a $63B company. This is huge for Yahoo!</Msg><Username>warnerlambert</Username><Timestamp>1360341071628</Timestamp><DateTime>Fri, 2013-02-08 11:31:11 EST</DateTime><ThumbUp>1</ThumbUp><ThumbDown>1</ThumbDown><Sentiment/></Message><Message type="ReplyMessage"><Id>1360341955696-78</Id><Topic><Title>Alibaba to meet with advisors about IPO plans, FT reports</Title><Username>thetoadtimes</Username><Timestamp>1360338375309</Timestamp><DateTime>Fri, 2013-02-08 10:46:15 EST</DateTime></Topic><Msg>Kara Swisher is lazy, she depends on leaks for her information. Yahoo's leaks have dried up.</Msg><Username>strumbollio</Username><Timestamp>1360341955696</Timestamp><DateTime>Fri, 2013-02-08 11:45:55 EST</DateTime><ThumbUp>2</ThumbUp><ThumbDown>0</ThumbDown><Sentiment/></Message><Message type="ReplyMessage"><Id>1360342193540-79</Id><Topic><Title>Yahoo Best Way To Participate In The Alibaba IPO</Title><Username>thetoadtimes</Username><Timestamp>1359993302021</Timestamp><DateTime>Mon, 2013-02-04 10:55:02 EST</DateTime></Topic><Msg>Yahoo is sitting golden going into the IPO. My hope is that they hold onto the final 10% of Alibaba and take a nice post IPO ride up. The two strong elements of the deal for Yhoo are the equity that they will gain as part of the IPO cash out of half of their remaining holdings (not counting the interest in Alibaba that they have through Yahoo Japan) and the clarity of share value that Alibaba will project for the remainder of their holdings after the IPO. IMO Yahoo Japan will want to close out their purchase of Yahoo's interest in them prior to the IPO so that they can reserve a good chunk of the Alibaba IPO gain for themselves. If the Alibaba IPO goes first, then the Yahoo Japan deal may wait until the value of Alibaba is better defined in a post IPO environment (perhaps 6-10 mo following the IPO. All of this is simply my view based on what I would do if I were doing it (but like everyone else here I am simply speculating based on what I have read).</Msg><Username>firsttestcase</Username><Timestamp>1360342193540</Timestamp><DateTime>Fri, 2013-02-08 11:49:53 EST</DateTime><ThumbUp>2</ThumbUp><ThumbDown>0</ThumbDown><Sentiment/></Message><Message type="ReplyMessage"><Id>1360342499184-80</Id><Topic><Title>Alibaba to meet with advisors about IPO plans, FT reports</Title><Username>thetoadtimes</Username><Timestamp>1360338375309</Timestamp><DateTime>Fri, 2013-02-08 10:46:15 EST</DateTime></Topic><Msg>In anticipation of the coming IPO, several foreign and domestic private equity funds recently approached some senior Alibaba Group staff about buying their stock options, a person familiar with the company said. The offers ranged from the equivalent of USD $16 to USD $22 per share, the person said.</Msg><Username>neo1278alpha</Username><Timestamp>1360342499184</Timestamp><DateTime>Fri, 2013-02-08 11:54:59 EST</DateTime><ThumbUp>3</ThumbUp><ThumbDown>0</ThumbDown><Sentiment/></Message><Message type="ReplyMessage"><Id>1360343116564-81</Id><Topic><Title>What is 24% of USD $59.55 billion - $14.29B!</Title><Username>co1done</Username><Timestamp>1360340093897</Timestamp><DateTime>Fri, 2013-02-08 11:14:53 EST</DateTime></Topic><Msg>Add $10 billion for Yahoo Japan and $4 billion existing cash. Yahoo will have over $20 billion in cash after taxes.</Msg><Username>tornupdown</Username><Timestamp>1360343116564</Timestamp><DateTime>Fri, 2013-02-08 12:05:16 EST</DateTime><ThumbUp>2</ThumbUp><ThumbDown>3</ThumbDown><Sentiment/></Message><Message type="TopicMessage"><Id>1360344975928-82</Id><Title>Castlevania</Title><Msg>Does Anyone Have A 100% complete in box copy of Castlevania For The nintendo entertainment system?</Msg><Username>jackson.stephen77</Username><Timestamp>1360344975928</Timestamp><DateTime>Fri, 2013-02-08 12:36:15 EST</DateTime><ThumbUp>0</ThumbUp><ThumbDown>0</ThumbDown><Sentiment>Strong Buy</Sentiment></Message><Message type="ReplyMessage"><Id>1360345253880-83</Id><Topic><Title>Alibaba to meet with advisors about IPO plans, FT reports</Title><Username>thetoadtimes</Username><Timestamp>1360338375309</Timestamp><DateTime>Fri, 2013-02-08 10:46:15 EST</DateTime></Topic><Msg>Alibaba wants everything in place so Jack Ma can announce the IPO when he steps down on May 10.</Msg><Username>ashton10shyof</Username><Timestamp>1360345253880</Timestamp><DateTime>Fri, 2013-02-08 12:40:53 EST</DateTime><ThumbUp>2</ThumbUp><ThumbDown>0</ThumbDown><Sentiment/></Message><Message type="TopicMessage"><Id>1360345599051-84</Id><Title>Yes that hotmodel is certainly a paraniod fool.</Title><Msg>The coldone has put him in his place.</Msg><Username>mewag51</Username><Timestamp>1360345599051</Timestamp><DateTime>Fri, 2013-02-08 12:46:39 EST</DateTime><ThumbUp>2</ThumbUp><ThumbDown>4</ThumbDown><Sentiment/></Message><Message type="TopicMessage"><Id>1360346401603-85</Id><Title>How about GOOGLE make an offer for YAHOO..$30.00/share</Title><Msg>what do you think guys..</Msg><Username>peewee_jean</Username><Timestamp>1360346401603</Timestamp><DateTime>Fri, 2013-02-08 13:00:01 EST</DateTime><ThumbUp>2</ThumbUp><ThumbDown>3</ThumbDown><Sentiment/></Message><Message type="ReplyMessage"><Id>1360346522288-86</Id><Topic><Title>Alibaba Group Hired Credit Suisse, Goldman for IPO</Title><Username>thetoadtimes</Username><Timestamp>1358345835261</Timestamp><DateTime>Wed, 2013-01-16 09:17:15 EST</DateTime></Topic><Msg>Swisher's job is roll call at Yahoo. That's all she's good for.</Msg><Username>neo1278alpha</Username><Timestamp>1360346522288</Timestamp><DateTime>Fri, 2013-02-08 13:02:02 EST</DateTime><ThumbUp>2</ThumbUp><ThumbDown>0</ThumbDown><Sentiment/></Message><Message type="ReplyMessage"><Id>1360346554114-87</Id><Topic><Title>Alibaba to meet with advisors about IPO plans, FT reports</Title><Username>thetoadtimes</Username><Timestamp>1360338375309</Timestamp><DateTime>Fri, 2013-02-08 10:46:15 EST</DateTime></Topic><Msg>May 10 or sooner.</Msg><Username>neo1278alpha</Username><Timestamp>1360346554114</Timestamp><DateTime>Fri, 2013-02-08 13:02:34 EST</DateTime><ThumbUp>2</ThumbUp><ThumbDown>0</ThumbDown><Sentiment/></Message><Message type="ReplyMessage"><Id>1360347170825-88</Id><Topic><Title>How about GOOGLE make an offer for YAHOO..$30.00/share</Title><Username>peewee_jean</Username><Timestamp>1360346401603</Timestamp><DateTime>Fri, 2013-02-08 13:00:01 EST</DateTime></Topic><Msg>Too little!</Msg><Username>rtbigger</Username><Timestamp>1360347170825</Timestamp><DateTime>Fri, 2013-02-08 13:12:50 EST</DateTime><ThumbUp>2</ThumbUp><ThumbDown>0</ThumbDown><Sentiment/></Message><Message type="TopicMessage"><Id>1360347315777-89</Id><Title>$20.80</Title><Msg>Still think YHOO will close at $20.80 today. Over $21 on Monday. Lot of call options being traded.</Msg><Username>rtbigger</Username><Timestamp>1360347315777</Timestamp><DateTime>Fri, 2013-02-08 13:15:15 EST</DateTime><ThumbUp>0</ThumbUp><ThumbDown>0</ThumbDown><Sentiment/></Message><Message type="TopicMessage"><Id>1360347515967-90</Id><Title>I want AOL kind of love</Title><Msg>EOM</Msg><Username>vfw123_99</Username><Timestamp>1360347515967</Timestamp><DateTime>Fri, 2013-02-08 13:18:35 EST</DateTime><ThumbUp>0</ThumbUp><ThumbDown>0</ThumbDown><Sentiment/></Message><Message type="ReplyMessage"><Id>1360347648825-91</Id><Topic><Title>Coldone's Advice to Buy Yahoo From $11 to $19 Was Perfect</Title><Username>bflathalfdim</Username><Timestamp>1357139956520</Timestamp><DateTime>Wed, 2013-01-02 10:19:16 EST</DateTime></Topic><Msg>If I didn't see coldone making all those posts to buy from $11 to $19 I wouldn't have believed it. Keep those posts coming coldone.</Msg><Username>tetheredbird</Username><Timestamp>1360347648825</Timestamp><DateTime>Fri, 2013-02-08 13:20:48 EST</DateTime><ThumbUp>1</ThumbUp><ThumbDown>3</ThumbDown><Sentiment/></Message><Message type="ReplyMessage"><Id>1360347746779-92</Id><Topic><Title>Hotmodel - Do you still think Yahoo was dead money at $15.80?</Title><Username>theecoldone</Username><Timestamp>1354722516724</Timestamp><DateTime>Wed, 2012-12-05 10:48:36 EST</DateTime></Topic><Msg>If I didn't see hotmodel telling coldone how wrong he was when he was telling everyone to buy from $11 to $19 I wouldn't have believed it. Hotmodel gives the worst advice I ever saw.</Msg><Username>tetheredbird</Username><Timestamp>1360347746779</Timestamp><DateTime>Fri, 2013-02-08 13:22:26 EST</DateTime><ThumbUp>2</ThumbUp><ThumbDown>1</ThumbDown><Sentiment/></Message><Message type="ReplyMessage"><Id>1360347783300-93</Id><Topic><Title>Alibaba to meet with advisors about IPO plans, FT reports</Title><Username>thetoadtimes</Username><Timestamp>1360338375309</Timestamp><DateTime>Fri, 2013-02-08 10:46:15 EST</DateTime></Topic><Msg>May 10 is a good announcement date for a second half IPO.</Msg><Username>tetheredbird</Username><Timestamp>1360347783300</Timestamp><DateTime>Fri, 2013-02-08 13:23:03 EST</DateTime><ThumbUp>2</ThumbUp><ThumbDown>0</ThumbDown><Sentiment/></Message><Message type="ReplyMessage"><Id>1360347868872-94</Id><Topic><Title>Yahoo Best Way To Participate In The Alibaba IPO</Title><Username>thetoadtimes</Username><Timestamp>1359993302021</Timestamp><DateTime>Mon, 2013-02-04 10:55:02 EST</DateTime></Topic><Msg>$60 billion minimum on the Alibaba IPO.</Msg><Username>drago37712</Username><Timestamp>1360347868872</Timestamp><DateTime>Fri, 2013-02-08 13:24:28 EST</DateTime><ThumbUp>2</ThumbUp><ThumbDown>0</ThumbDown><Sentiment/></Message><Message type="ReplyMessage"><Id>1360347957504-95</Id><Topic><Title>Alibaba Group Hired Credit Suisse, Goldman for IPO</Title><Username>thetoadtimes</Username><Timestamp>1358345835261</Timestamp><DateTime>Wed, 2013-01-16 09:17:15 EST</DateTime></Topic><Msg>The Hangzhou-based company has not yet hired anyone to arrange the deal, but it has been reaching out to investment banks and law firms about meeting shortly after the holidays, two of the sources said. Chinese New Year runs from 10 February to 15 February in mainland China.</Msg><Username>neo1278alpha</Username><Timestamp>1360347957504</Timestamp><DateTime>Fri, 2013-02-08 13:25:57 EST</DateTime><ThumbUp>2</ThumbUp><ThumbDown>0</ThumbDown><Sentiment/></Message><Message type="ReplyMessage"><Id>1360348473200-96</Id><Topic><Title>Yahoo Best Way To Participate In The Alibaba IPO</Title><Username>thetoadtimes</Username><Timestamp>1359993302021</Timestamp><DateTime>Mon, 2013-02-04 10:55:02 EST</DateTime></Topic><Msg>The deal could hit the market toward the end of the year if everything goes smoothly, the first two sources said.</Msg><Username>tr420</Username><Timestamp>1360348473200</Timestamp><DateTime>Fri, 2013-02-08 13:34:33 EST</DateTime><ThumbUp>3</ThumbUp><ThumbDown>0</ThumbDown><Sentiment/></Message><Message type="TopicMessage"><Id>1360349281990-97</Id><Title>Continued Upward Price action</Title><Msg>buy on any dip---with Yahoo new turnaround under MM abd staff plus the Alibaba IPO we are looking at a $ 28 to $ 36 stock in 2013</Msg><Username>b.coogan</Username><Timestamp>1360349281990</Timestamp><DateTime>Fri, 2013-02-08 13:48:01 EST</DateTime><ThumbUp>1</ThumbUp><ThumbDown>0</ThumbDown><Sentiment>Strong Buy</Sentiment></Message><Message type="TopicMessage"><Id>1360350305145-98</Id><Title>Remember today is an OE day. Yeah, the maxpain of YHOO is 19.50</Title><Msg>read the number from iMaxPain @AppStore iphone device</Msg><Username>leolin01</Username><Timestamp>1360350305145</Timestamp><DateTime>Fri, 2013-02-08 14:05:05 EST</DateTime><ThumbUp>0</ThumbUp><ThumbDown>0</ThumbDown><Sentiment/></Message><Message type="ReplyMessage"><Id>1360350516566-99</Id><Topic><Title>New YHOO Analyst Report (MUST SEE)</Title><Username>riveraandres435</Username><Timestamp>1360257526455</Timestamp><DateTime>Thu, 2013-02-07 12:18:46 EST</DateTime></Topic><Msg>Spam</Msg><Username>franznummer1</Username><Timestamp>1360350516566</Timestamp><DateTime>Fri, 2013-02-08 14:08:36 EST</DateTime><ThumbUp>0</ThumbUp><ThumbDown>1</ThumbDown><Sentiment>Strong Buy</Sentiment></Message><Message type="ReplyMessage"><Id>1360350622967-100</Id><Topic><Title>Yahoo at $20.38 and moving up</Title><Username>ashton10shyof</Username><Timestamp>1360336968807</Timestamp><DateTime>Fri, 2013-02-08 10:22:48 EST</DateTime></Topic><Msg>Are you a coldone alias. Good call!</Msg><Username>selzar420</Username><Timestamp>1360350622967</Timestamp><DateTime>Fri, 2013-02-08 14:10:22 EST</DateTime><ThumbUp>2</ThumbUp><ThumbDown>0</ThumbDown><Sentiment/></Message><Message type="ReplyMessage"><Id>1360350799776-101</Id><Topic><Title>Alibaba to meet with advisors about IPO plans, FT reports</Title><Username>thetoadtimes</Username><Timestamp>1360338375309</Timestamp><DateTime>Fri, 2013-02-08 10:46:15 EST</DateTime></Topic><Msg>Yahoo is moving up on this news. If you want to get in on the ground floor of the Alibaba IPO, buy Yahoo.</Msg><Username>selzar420</Username><Timestamp>1360350799776</Timestamp><DateTime>Fri, 2013-02-08 14:13:19 EST</DateTime><ThumbUp>3</ThumbUp><ThumbDown>0</ThumbDown><Sentiment/></Message><Message type="TopicMessage"><Id>1360350982617-102</Id><Title>yahoo will be taken over by one of the biggies...msft really needs them more than any other though..FB could do it too!</Title><Msg>I would say 30.00 plus is now in the cards...good luck longs</Msg><Username>mawsii1</Username><Timestamp>1360350982617</Timestamp><DateTime>Fri, 2013-02-08 14:16:22 EST</DateTime><ThumbUp>1</ThumbUp><ThumbDown>1</ThumbDown><Sentiment>Strong Buy</Sentiment></Message><Message type="ReplyMessage"><Id>1360352352776-103</Id><Topic><Title>The one and only co1done/theco1done</Title><Username>co1done</Username><Timestamp>1360264614017</Timestamp><DateTime>Thu, 2013-02-07 14:16:54 EST</DateTime></Topic><Msg>You got it on your second guess. Now you can go back to your knitting...</Msg><Username>co1done</Username><Timestamp>1360352352776</Timestamp><DateTime>Fri, 2013-02-08 14:39:12 EST</DateTime><ThumbUp>3</ThumbUp><ThumbDown>1</ThumbDown><Sentiment/></Message><Message type="ReplyMessage"><Id>1360352439296-104</Id><Topic><Title>Alibaba to meet with advisors about IPO plans, FT reports</Title><Username>thetoadtimes</Username><Timestamp>1360338375309</Timestamp><DateTime>Fri, 2013-02-08 10:46:15 EST</DateTime></Topic><Msg>Alibaba will not keep this quiet after the Chinese New Year.</Msg><Username>co1done</Username><Timestamp>1360352439296</Timestamp><DateTime>Fri, 2013-02-08 14:40:39 EST</DateTime><ThumbUp>2</ThumbUp><ThumbDown>1</ThumbDown><Sentiment/></Message><Message type="ReplyMessage"><Id>1360353218639-105</Id><Topic><Title>Alibaba to meet with advisors about IPO plans, FT reports</Title><Username>thetoadtimes</Username><Timestamp>1360338375309</Timestamp><DateTime>Fri, 2013-02-08 10:46:15 EST</DateTime></Topic><Msg>This could be the biggest IPO ever!!!</Msg><Username>leestoller</Username><Timestamp>1360353218639</Timestamp><DateTime>Fri, 2013-02-08 14:53:38 EST</DateTime><ThumbUp>2</ThumbUp><ThumbDown>1</ThumbDown><Sentiment>Strong Buy</Sentiment></Message><Message type="TopicMessage"><Id>1360353356563-106</Id><Title>Alibaba $100B IPO</Title><Msg>Could be biggest IPO ever !!</Msg><Username>leestoller</Username><Timestamp>1360353356563</Timestamp><DateTime>Fri, 2013-02-08 14:55:56 EST</DateTime><ThumbUp>2</ThumbUp><ThumbDown>1</ThumbDown><Sentiment>Strong Buy</Sentiment></Message><Message type="ReplyMessage"><Id>1360353729114-107</Id><Topic><Title>Yahoo please help reduce harassment, allow post creators ability to delete own posts</Title><Username>francodelaweas</Username><Timestamp>1360275537316</Timestamp><DateTime>Thu, 2013-02-07 17:18:57 EST</DateTime></Topic><Msg>I think yahoo is catching on, they are just slower then the government.</Msg><Username>joerittes</Username><Timestamp>1360353729114</Timestamp><DateTime>Fri, 2013-02-08 15:02:09 EST</DateTime><ThumbUp>3</ThumbUp><ThumbDown>4</ThumbDown><Sentiment>Hold</Sentiment></Message><Message type="ReplyMessage"><Id>1360354574829-108</Id><Topic><Title>What is 24% of USD $59.55 billion - $14.29B!</Title><Username>co1done</Username><Timestamp>1360340093897</Timestamp><DateTime>Fri, 2013-02-08 11:14:53 EST</DateTime></Topic><Msg>Add $15 a share for Yahoo's core.</Msg><Username>selzar420</Username><Timestamp>1360354574829</Timestamp><DateTime>Fri, 2013-02-08 15:16:14 EST</DateTime><ThumbUp>2</ThumbUp><ThumbDown>1</ThumbDown><Sentiment/></Message><Message type="ReplyMessage"><Id>1360354601021-109</Id><Topic><Title>Alibaba to meet with advisors about IPO plans, FT reports</Title><Username>thetoadtimes</Username><Timestamp>1360338375309</Timestamp><DateTime>Fri, 2013-02-08 10:46:15 EST</DateTime></Topic><Msg>What is the old record?</Msg><Username>selzar420</Username><Timestamp>1360354601021</Timestamp><DateTime>Fri, 2013-02-08 15:16:41 EST</DateTime><ThumbUp>1</ThumbUp><ThumbDown>0</ThumbDown><Sentiment/></Message><Message type="ReplyMessage"><Id>1360355083914-110</Id><Topic><Title>Do You Think YHOO is a BUY?</Title><Username>pulquesestela</Username><Timestamp>1359993290984</Timestamp><DateTime>Mon, 2013-02-04 10:54:50 EST</DateTime></Topic><Msg>I never missed a single article from you. Thank you and please keep it coming.</Msg><Username>schaulustigeremjulie</Username><Timestamp>1360355083914</Timestamp><DateTime>Fri, 2013-02-08 15:24:43 EST</DateTime><ThumbUp>0</ThumbUp><ThumbDown>0</ThumbDown><Sentiment/></Message><Message type="ReplyMessage"><Id>1360355265534-111</Id><Topic><Title>Alibaba to meet with advisors about IPO plans, FT reports</Title><Username>thetoadtimes</Username><Timestamp>1360338375309</Timestamp><DateTime>Fri, 2013-02-08 10:46:15 EST</DateTime></Topic><Msg>According to Bloomberg, Chinese IPOs have delivered an AVERAGE gain of 32% in their first month of trading.</Msg><Username>whogeorge69</Username><Timestamp>1360355265534</Timestamp><DateTime>Fri, 2013-02-08 15:27:45 EST</DateTime><ThumbUp>3</ThumbUp><ThumbDown>0</ThumbDown><Sentiment/></Message><Message type="ReplyMessage"><Id>1360355510301-112</Id><Topic><Title>How about GOOGLE make an offer for YAHOO..$30.00/share</Title><Username>peewee_jean</Username><Timestamp>1360346401603</Timestamp><DateTime>Fri, 2013-02-08 13:00:01 EST</DateTime></Topic><Msg>might face gov scrutiny...but then again, maybe not...they love marisa...</Msg><Username>mawsii1</Username><Timestamp>1360355510301</Timestamp><DateTime>Fri, 2013-02-08 15:31:50 EST</DateTime><ThumbUp>1</ThumbUp><ThumbDown>0</ThumbDown><Sentiment>Strong Buy</Sentiment></Message><Message type="ReplyMessage"><Id>1360356321990-113</Id><Topic><Title>Alibaba to meet with advisors about IPO plans, FT reports</Title><Username>thetoadtimes</Username><Timestamp>1360338375309</Timestamp><DateTime>Fri, 2013-02-08 10:46:15 EST</DateTime></Topic><Msg>Yahoo will hold 14% for the IPO gain.</Msg><Username>shelcorecrust</Username><Timestamp>1360356321990</Timestamp><DateTime>Fri, 2013-02-08 15:45:21 EST</DateTime><ThumbUp>3</ThumbUp><ThumbDown>0</ThumbDown><Sentiment/></Message><Message type="ReplyMessage"><Id>1360356400868-114</Id><Topic><Title>Yahoo Best Way To Participate In The Alibaba IPO</Title><Username>thetoadtimes</Username><Timestamp>1359993302021</Timestamp><DateTime>Mon, 2013-02-04 10:55:02 EST</DateTime></Topic><Msg>September at the latest.</Msg><Username>tornupdown</Username><Timestamp>1360356400868</Timestamp><DateTime>Fri, 2013-02-08 15:46:40 EST</DateTime><ThumbUp>1</ThumbUp><ThumbDown>1</ThumbDown><Sentiment/></Message><Message type="ReplyMessage"><Id>1360356460390-115</Id><Topic><Title>Alibaba Group Hired Credit Suisse, Goldman for IPO</Title><Username>thetoadtimes</Username><Timestamp>1358345835261</Timestamp><DateTime>Wed, 2013-01-16 09:17:15 EST</DateTime></Topic><Msg>September at the latest according to what I'm hearing.</Msg><Username>tornupdown</Username><Timestamp>1360356460390</Timestamp><DateTime>Fri, 2013-02-08 15:47:40 EST</DateTime><ThumbUp>0</ThumbUp><ThumbDown>1</ThumbDown><Sentiment/></Message><Message type="TopicMessage"><Id>1360356550759-116</Id><Title>Good old yahoo</Title><Msg>They keep showing the same old stuff over and over again and are generally always behind on news compared to other sites. I like inquisitor lately. Without cost cutting and share buybacks, I don't know what is keeping the stock priced at these levels. The only asset seems to be finance.</Msg><Username>bosshebee</Username><Timestamp>1360356550759</Timestamp><DateTime>Fri, 2013-02-08 15:49:10 EST</DateTime><ThumbUp>1</ThumbUp><ThumbDown>2</ThumbDown><Sentiment/></Message><Message type="TopicMessage"><Id>1360356626923-117</Id><Title>alibaby</Title><Msg>Don't forget, it is factored into the overpriced stock at this stage.</Msg><Username>bosshebee</Username><Timestamp>1360356626923</Timestamp><DateTime>Fri, 2013-02-08 15:50:26 EST</DateTime><ThumbUp>1</ThumbUp><ThumbDown>2</ThumbDown><Sentiment/></Message><Message type="ReplyMessage"><Id>1360356715381-118</Id><Topic><Title>What is 24% of USD $59.55 billion - $14.29B!</Title><Username>co1done</Username><Timestamp>1360340093897</Timestamp><DateTime>Fri, 2013-02-08 11:14:53 EST</DateTime></Topic><Msg>Yahoo will trade near $30 this year.</Msg><Username>drago37712</Username><Timestamp>1360356715381</Timestamp><DateTime>Fri, 2013-02-08 15:51:55 EST</DateTime><ThumbUp>1</ThumbUp><ThumbDown>2</ThumbDown><Sentiment/></Message><Message type="ReplyMessage"><Id>1360356748772-119</Id><Topic><Title>Yahoo at $20.38 and moving up</Title><Username>ashton10shyof</Username><Timestamp>1360336968807</Timestamp><DateTime>Fri, 2013-02-08 10:22:48 EST</DateTime></Topic><Msg>Thta's what I call a good prediction.</Msg><Username>tornupdown</Username><Timestamp>1360356748772</Timestamp><DateTime>Fri, 2013-02-08 15:52:28 EST</DateTime><ThumbUp>2</ThumbUp><ThumbDown>1</ThumbDown><Sentiment/></Message><Message type="ReplyMessage"><Id>1360356818072-120</Id><Topic><Title>Alibaba to meet with advisors about IPO plans, FT reports</Title><Username>thetoadtimes</Username><Timestamp>1360338375309</Timestamp><DateTime>Fri, 2013-02-08 10:46:15 EST</DateTime></Topic><Msg>Once talks begin after the Chinese New Year, the news will be everywhere you look.</Msg><Username>drago37712</Username><Timestamp>1360356818072</Timestamp><DateTime>Fri, 2013-02-08 15:53:38 EST</DateTime><ThumbUp>2</ThumbUp><ThumbDown>1</ThumbDown><Sentiment/></Message><Message type="TopicMessage"><Id>1360356818584-121</Id><Title>You will notice</Title><Msg>yahoo is using this message board for customer sentiment. It is the only board like it.</Msg><Username>bosshebee</Username><Timestamp>1360356818584</Timestamp><DateTime>Fri, 2013-02-08 15:53:38 EST</DateTime><ThumbUp>0</ThumbUp><ThumbDown>2</ThumbDown><Sentiment/></Message><Message type="ReplyMessage"><Id>1360356851057-122</Id><Topic><Title>Yahoo Best Way To Participate In The Alibaba IPO</Title><Username>thetoadtimes</Username><Timestamp>1359993302021</Timestamp><DateTime>Mon, 2013-02-04 10:55:02 EST</DateTime></Topic><Msg>I'm in!</Msg><Username>drago37712</Username><Timestamp>1360356851057</Timestamp><DateTime>Fri, 2013-02-08 15:54:11 EST</DateTime><ThumbUp>3</ThumbUp><ThumbDown>0</ThumbDown><Sentiment/></Message><Message type="ReplyMessage"><Id>1360356984631-123</Id><Topic><Title>Hotmodel - Do you still think Yahoo was dead money at $15.80?</Title><Username>theecoldone</Username><Timestamp>1354722516724</Timestamp><DateTime>Wed, 2012-12-05 10:48:36 EST</DateTime></Topic><Msg>Hotmodel never will get it.</Msg><Username>remmy12554</Username><Timestamp>1360356984631</Timestamp><DateTime>Fri, 2013-02-08 15:56:24 EST</DateTime><ThumbUp>2</ThumbUp><ThumbDown>2</ThumbDown><Sentiment/></Message><Message type="ReplyMessage"><Id>1360357016854-124</Id><Topic><Title>Alibaba Group Hired Credit Suisse, Goldman for IPO</Title><Username>thetoadtimes</Username><Timestamp>1358345835261</Timestamp><DateTime>Wed, 2013-01-16 09:17:15 EST</DateTime></Topic><Msg>Swisher has been shutout.</Msg><Username>remmy12554</Username><Timestamp>1360357016854</Timestamp><DateTime>Fri, 2013-02-08 15:56:56 EST</DateTime><ThumbUp>1</ThumbUp><ThumbDown>1</ThumbDown><Sentiment/></Message><Message type="ReplyMessage"><Id>1360357098557-125</Id><Topic><Title>Yahoo at $20.38 and moving up</Title><Username>ashton10shyof</Username><Timestamp>1360336968807</Timestamp><DateTime>Fri, 2013-02-08 10:22:48 EST</DateTime></Topic><Msg>hotmodel is still waiting for Yahoo to close under $20. lol! Got anymore predictions hotmodel? Do you still think Yahoo was dead money at $15.80?</Msg><Username>remmy12554</Username><Timestamp>1360357098557</Timestamp><DateTime>Fri, 2013-02-08 15:58:18 EST</DateTime><ThumbUp>2</ThumbUp><ThumbDown>2</ThumbDown><Sentiment/></Message><Message type="ReplyMessage"><Id>1360357170193-126</Id><Topic><Title>Yahoo at $20.38 and moving up</Title><Username>ashton10shyof</Username><Timestamp>1360336968807</Timestamp><DateTime>Fri, 2013-02-08 10:22:48 EST</DateTime></Topic><Msg>ashton is showing hotmodel how to make a good prediction. You got it ashton. You must be coldone.</Msg><Username>shelcorecrust</Username><Timestamp>1360357170193</Timestamp><DateTime>Fri, 2013-02-08 15:59:30 EST</DateTime><ThumbUp>2</ThumbUp><ThumbDown>1</ThumbDown><Sentiment/></Message><Message type="ReplyMessage"><Id>1360357309035-127</Id><Topic><Title>Yahoo at $20.38 and moving up</Title><Username>ashton10shyof</Username><Timestamp>1360336968807</Timestamp><DateTime>Fri, 2013-02-08 10:22:48 EST</DateTime></Topic><Msg>Yahoo closed at $20.50 on the nose. I learned everything I know from coldone.</Msg><Username>ashton10shyof</Username><Timestamp>1360357309035</Timestamp><DateTime>Fri, 2013-02-08 16:01:49 EST</DateTime><ThumbUp>3</ThumbUp><ThumbDown>1</ThumbDown><Sentiment/></Message><Message type="ReplyMessage"><Id>1360357364357-128</Id><Topic><Title>Yahoo at $20.38 and moving up</Title><Username>ashton10shyof</Username><Timestamp>1360336968807</Timestamp><DateTime>Fri, 2013-02-08 10:22:48 EST</DateTime></Topic><Msg>good call</Msg><Username>lutts</Username><Timestamp>1360357364357</Timestamp><DateTime>Fri, 2013-02-08 16:02:44 EST</DateTime><ThumbUp>3</ThumbUp><ThumbDown>0</ThumbDown><Sentiment/></Message><Message type="ReplyMessage"><Id>1360357608248-129</Id><Topic><Title>Yahoo at $20.38 and moving up</Title><Username>ashton10shyof</Username><Timestamp>1360336968807</Timestamp><DateTime>Fri, 2013-02-08 10:22:48 EST</DateTime></Topic><Msg>Good guess! What are the winning lottery numbers?</Msg><Username>mybmw49</Username><Timestamp>1360357608248</Timestamp><DateTime>Fri, 2013-02-08 16:06:48 EST</DateTime><ThumbUp>0</ThumbUp><ThumbDown>3</ThumbDown><Sentiment/></Message><Message type="ReplyMessage"><Id>1360357746815-130</Id><Topic><Title>Yahoo at $20.38 and moving up</Title><Username>ashton10shyof</Username><Timestamp>1360336968807</Timestamp><DateTime>Fri, 2013-02-08 10:22:48 EST</DateTime></Topic><Msg>HAHAHAHA I love laughing at these blocked ID's once in-a-while. I didn't say it'd close under $20 moron but you never had much for comprehension skills. B.Coogan guaranteed $21.05, I simply said it'd head back to $20 and IT DID. Why aren't you jumping on B. Coogans nuts for being horribly wrong? He also said $22 today? Granted I am held to a God-like standard around here but even you know I was right. Right on earnings too? Right on $1.5B buyback and I never seen a thumbs up. I gave you one yesterday for admitting you have more than one ID. Make yourself useful and find the post where I said "LinkedIn is the future and I love it". A useful stalker has that saved so FIND IT! LinkedIn is up 20% today and doubled in the past year so I want to gloat and I can't gloat without that proof:) I'll give you 5mins. to find it at which point back to ignore you go, you crazy multi-ID moron.lol</Msg><Username>hotmodeltestid122</Username><Timestamp>1360357746815</Timestamp><DateTime>Fri, 2013-02-08 16:09:06 EST</DateTime><ThumbUp>0</ThumbUp><ThumbDown>3</ThumbDown><Sentiment/></Message><Message type="ReplyMessage"><Id>1360357806222-131</Id><Topic><Title>Alibaba to meet with advisors about IPO plans, FT reports</Title><Username>thetoadtimes</Username><Timestamp>1360338375309</Timestamp><DateTime>Fri, 2013-02-08 10:46:15 EST</DateTime></Topic><Msg>Alibaba isn't waiting until 2015 like some have siad. This IPO is this year.</Msg><Username>logicteama</Username><Timestamp>1360357806222</Timestamp><DateTime>Fri, 2013-02-08 16:10:06 EST</DateTime><ThumbUp>3</ThumbUp><ThumbDown>0</ThumbDown><Sentiment/></Message><Message type="ReplyMessage"><Id>1360357842479-132</Id><Topic><Title>Yahoo at $20.38 and moving up</Title><Username>ashton10shyof</Username><Timestamp>1360336968807</Timestamp><DateTime>Fri, 2013-02-08 10:22:48 EST</DateTime></Topic><Msg>hotmodel continues to make a fool of herself on a daily basis.</Msg><Username>tornupdown</Username><Timestamp>1360357842479</Timestamp><DateTime>Fri, 2013-02-08 16:10:42 EST</DateTime><ThumbUp>1</ThumbUp><ThumbDown>1</ThumbDown><Sentiment/></Message><Message type="ReplyMessage"><Id>1360357908003-133</Id><Topic><Title>Yahoo at $20.38 and moving up</Title><Username>ashton10shyof</Username><Timestamp>1360336968807</Timestamp><DateTime>Fri, 2013-02-08 10:22:48 EST</DateTime></Topic><Msg>smart people buying it :)</Msg><Username>warnerlambert</Username><Timestamp>1360357908003</Timestamp><DateTime>Fri, 2013-02-08 16:11:48 EST</DateTime><ThumbUp>1</ThumbUp><ThumbDown>0</ThumbDown><Sentiment/></Message><Message type="ReplyMessage"><Id>1360358164977-134</Id><Topic><Title>Yahoo at $20.38 and moving up</Title><Username>ashton10shyof</Username><Timestamp>1360336968807</Timestamp><DateTime>Fri, 2013-02-08 10:22:48 EST</DateTime></Topic><Msg>WHAT!!! A moron waits till the day is half over, bumps it a few cents, on an UP day and you call that "good prediction". I call that a kid destined for the Special Olympics! You're right about one thing you're/IT is certainly the never ending garbage that is SmellyOne. PS. How many computers do you have refreshing to give me a thumbs down in seconds when I only posted ONCE today?</Msg><Username>hotmodeltestid122</Username><Timestamp>1360358164977</Timestamp><DateTime>Fri, 2013-02-08 16:16:04 EST</DateTime><ThumbUp>0</ThumbUp><ThumbDown>2</ThumbDown><Sentiment/></Message><Message type="ReplyMessage"><Id>1360358822608-135</Id><Topic><Title>Yahoo at $20.38 and moving up</Title><Username>ashton10shyof</Username><Timestamp>1360336968807</Timestamp><DateTime>Fri, 2013-02-08 10:22:48 EST</DateTime></Topic><Msg>hotmodel is jealous of you. Maybe she'll stop stalking coldone and start stalking you.</Msg><Username>tetheredbird</Username><Timestamp>1360358822608</Timestamp><DateTime>Fri, 2013-02-08 16:27:02 EST</DateTime><ThumbUp>0</ThumbUp><ThumbDown>1</ThumbDown><Sentiment/></Message><Message type="ReplyMessage"><Id>1360358895379-136</Id><Topic><Title>alibaby</Title><Username>bosshebee</Username><Timestamp>1360356626923</Timestamp><DateTime>Fri, 2013-02-08 15:50:26 EST</DateTime></Topic><Msg>huh? can you try that again in English?</Msg><Username>warnerlambert</Username><Timestamp>1360358895379</Timestamp><DateTime>Fri, 2013-02-08 16:28:15 EST</DateTime><ThumbUp>0</ThumbUp><ThumbDown>0</ThumbDown><Sentiment/></Message><Message type="ReplyMessage"><Id>1360358944917-137</Id><Topic><Title>How about GOOGLE make an offer for YAHOO..$30.00/share</Title><Username>peewee_jean</Username><Timestamp>1360346401603</Timestamp><DateTime>Fri, 2013-02-08 13:00:01 EST</DateTime></Topic><Msg>way too low. $45-50 is more like it</Msg><Username>warnerlambert</Username><Timestamp>1360358944917</Timestamp><DateTime>Fri, 2013-02-08 16:29:04 EST</DateTime><ThumbUp>3</ThumbUp><ThumbDown>0</ThumbDown><Sentiment/></Message><Message type="ReplyMessage"><Id>1360359018490-138</Id><Topic><Title>Alibaba to meet with advisors about IPO plans, FT reports</Title><Username>thetoadtimes</Username><Timestamp>1360338375309</Timestamp><DateTime>Fri, 2013-02-08 10:46:15 EST</DateTime></Topic><Msg>Yahoo will jump once the news is confirmed.</Msg><Username>tetheredbird</Username><Timestamp>1360359018490</Timestamp><DateTime>Fri, 2013-02-08 16:30:18 EST</DateTime><ThumbUp>3</ThumbUp><ThumbDown>1</ThumbDown><Sentiment/></Message><Message type="ReplyMessage"><Id>1360359132781-139</Id><Topic><Title>How about GOOGLE make an offer for YAHOO..$30.00/share</Title><Username>peewee_jean</Username><Timestamp>1360346401603</Timestamp><DateTime>Fri, 2013-02-08 13:00:01 EST</DateTime></Topic><Msg>$52 or Nothing. We get there on our own in 3 years. I go plenty of time. I am only 23.</Msg><Username>ram9751</Username><Timestamp>1360359132781</Timestamp><DateTime>Fri, 2013-02-08 16:32:12 EST</DateTime><ThumbUp>3</ThumbUp><ThumbDown>0</ThumbDown><Sentiment>Strong Buy</Sentiment></Message><Message type="ReplyMessage"><Id>1360359419285-140</Id><Topic><Title>Yahoo at $20.38 and moving up</Title><Username>ashton10shyof</Username><Timestamp>1360336968807</Timestamp><DateTime>Fri, 2013-02-08 10:22:48 EST</DateTime></Topic><Msg>hotmodel is crying...Ha!</Msg><Username>co1done</Username><Timestamp>1360359419285</Timestamp><DateTime>Fri, 2013-02-08 16:36:59 EST</DateTime><ThumbUp>1</ThumbUp><ThumbDown>1</ThumbDown><Sentiment/></Message><Message type="ReplyMessage"><Id>1360360747974-141</Id><Topic><Title>Feel Sorry For Hotmodel</Title><Username>ashton10shyof</Username><Timestamp>1357156414609</Timestamp><DateTime>Wed, 2013-01-02 14:53:34 EST</DateTime></Topic><Msg>Well you're word is obviously s*** as you couldn't even make it a few weeks after coming "back"? Even though we both know you never left...Yahoo is the only boy that has put up with your s*** all these years. Even Maxwellends and Toadstolemyseat, all committed suicide when Nanotard came into the picture. A sad inbred affair!</Msg><Username>hotmodeltestid122</Username><Timestamp>1360360747974</Timestamp><DateTime>Fri, 2013-02-08 16:59:07 EST</DateTime><ThumbUp>1</ThumbUp><ThumbDown>1</ThumbDown><Sentiment/></Message><Message type="ReplyMessage"><Id>1360361006175-142</Id><Topic><Title>How about GOOGLE make an offer for YAHOO..$30.00/share</Title><Username>peewee_jean</Username><Timestamp>1360346401603</Timestamp><DateTime>Fri, 2013-02-08 13:00:01 EST</DateTime></Topic><Msg>How about - Google is doing real well without Yahoo. Great, intuitive search engine. Clearly superior management. Exactly what, if anything, does a second rate company with absolutely no unique characeristics bring to the table? The "users"- "eyeballs" basiclly pay nothing, have no loyalty, and will leave if something better comes along.</Msg><Username>still_my_dime</Username><Timestamp>1360361006175</Timestamp><DateTime>Fri, 2013-02-08 17:03:26 EST</DateTime><ThumbUp>1</ThumbUp><ThumbDown>2</ThumbDown><Sentiment/></Message><Message type="ReplyMessage"><Id>1360361531994-143</Id><Topic><Title>How about GOOGLE make an offer for YAHOO..$30.00/share</Title><Username>peewee_jean</Username><Timestamp>1360346401603</Timestamp><DateTime>Fri, 2013-02-08 13:00:01 EST</DateTime></Topic><Msg>Are you the CEO of GOOG?</Msg><Username>goingbravo</Username><Timestamp>1360361531994</Timestamp><DateTime>Fri, 2013-02-08 17:12:11 EST</DateTime><ThumbUp>0</ThumbUp><ThumbDown>1</ThumbDown><Sentiment/></Message><Message type="TopicMessage"><Id>1360361680856-144</Id><Title>Marissa Mayer</Title><Msg>Is one cutthroat leader. It is obvious that she is making huge progress faster than many envisioned. The GOOG partnership sent a stern warning to Ballmer that YHOO does not need MSFT, MSFT actually needs YHOO. Very interesting power play Marissa did. If you like trading stock options, mention Pig Bob in an email to these guys and get 33% off a year subscription: 'Psychology of the Call blog'</Msg><Username>pigbob007</Username><Timestamp>1360361680856</Timestamp><DateTime>Fri, 2013-02-08 17:14:40 EST</DateTime><ThumbUp>2</ThumbUp><ThumbDown>2</ThumbDown><Sentiment>Buy</Sentiment></Message><Message type="ReplyMessage"><Id>1360361874840-145</Id><Topic><Title>How about GOOGLE make an offer for YAHOO..$30.00/share</Title><Username>peewee_jean</Username><Timestamp>1360346401603</Timestamp><DateTime>Fri, 2013-02-08 13:00:01 EST</DateTime></Topic><Msg>My pig brain is closer to $40/share. The name alone is worth $20, sum of th eparts another $20. What are the masses missing here. POTC loves Marissa and Yahoo!</Msg><Username>pigbob007</Username><Timestamp>1360361874840</Timestamp><DateTime>Fri, 2013-02-08 17:17:54 EST</DateTime><ThumbUp>3</ThumbUp><ThumbDown>0</ThumbDown><Sentiment>Buy</Sentiment></Message><Message type="ReplyMessage"><Id>1360363429430-146</Id><Topic><Title>How about GOOGLE make an offer for YAHOO..$30.00/share</Title><Username>peewee_jean</Username><Timestamp>1360346401603</Timestamp><DateTime>Fri, 2013-02-08 13:00:01 EST</DateTime></Topic><Msg>Won't happen. I'd take it if offered today but I think that in a year of so $30 will be too low, especially after the Alibaba IPO. More likely to have AAPL and/or MSFT step in with an offer</Msg><Username>firsttestcase</Username><Timestamp>1360363429430</Timestamp><DateTime>Fri, 2013-02-08 17:43:49 EST</DateTime><ThumbUp>2</ThumbUp><ThumbDown>0</ThumbDown><Sentiment/></Message><Message type="ReplyMessage"><Id>1360364236810-147</Id><Topic><Title>How about GOOGLE make an offer for YAHOO..$30.00/share</Title><Username>peewee_jean</Username><Timestamp>1360346401603</Timestamp><DateTime>Fri, 2013-02-08 13:00:01 EST</DateTime></Topic><Msg>$40 plus to get Yahoo!</Msg><Username>leestoller</Username><Timestamp>1360364236810</Timestamp><DateTime>Fri, 2013-02-08 17:57:16 EST</DateTime><ThumbUp>2</ThumbUp><ThumbDown>1</ThumbDown><Sentiment>Strong Buy</Sentiment></Message><Message type="ReplyMessage"><Id>1360366258710-148</Id><Topic><Title>alibaby</Title><Username>bosshebee</Username><Timestamp>1360356626923</Timestamp><DateTime>Fri, 2013-02-08 15:50:26 EST</DateTime></Topic><Msg>Alibaba's factored in? What part? The 20% sale of Yahoo's stake in Alibaba? Or the other 20% stake that is worth $8B and going up every week? Is the rumored IPO already factored in also? OK, you stay put with your factored in theory and I'll buy more as it goes up as the IPO gets closer.</Msg><Username>iggysweet28</Username><Timestamp>1360366258710</Timestamp><DateTime>Fri, 2013-02-08 18:30:58 EST</DateTime><ThumbUp>1</ThumbUp><ThumbDown>0</ThumbDown><Sentiment/></Message><Message type="ReplyMessage"><Id>1360366457434-149</Id><Topic><Title>Feel Sorry For Hotmodel</Title><Username>ashton10shyof</Username><Timestamp>1357156414609</Timestamp><DateTime>Wed, 2013-01-02 14:53:34 EST</DateTime></Topic><Msg>if Hotmodel is short - i feel bad for him actually - it must be tough, very tough to sleep having shorted yhoo at $15 or so . . .tough nights, tough mornings as yahoo is forming more long term support at current levels.</Msg><Username>jimibeam99</Username><Timestamp>1360366457434</Timestamp><DateTime>Fri, 2013-02-08 18:34:17 EST</DateTime><ThumbUp>1</ThumbUp><ThumbDown>0</ThumbDown><Sentiment/></Message><Message type="ReplyMessage"><Id>1360366971031-150</Id><Topic><Title>Feel Sorry For Hotmodel</Title><Username>ashton10shyof</Username><Timestamp>1357156414609</Timestamp><DateTime>Wed, 2013-01-02 14:53:34 EST</DateTime></Topic><Msg>You're taking it hard. Try to calm down.</Msg><Username>theco1done</Username><Timestamp>1360366971031</Timestamp><DateTime>Fri, 2013-02-08 18:42:51 EST</DateTime><ThumbUp>2</ThumbUp><ThumbDown>0</ThumbDown><Sentiment/></Message><Message type="ReplyMessage"><Id>1360367126870-151</Id><Topic><Title>alibaby</Title><Username>bosshebee</Username><Timestamp>1360356626923</Timestamp><DateTime>Fri, 2013-02-08 15:50:26 EST</DateTime></Topic><Msg>Microsoft struck a deal today with Alipay to offer Windows 8 in their on-line program.</Msg><Username>randywms55</Username><Timestamp>1360367126870</Timestamp><DateTime>Fri, 2013-02-08 18:45:26 EST</DateTime><ThumbUp>3</ThumbUp><ThumbDown>0</ThumbDown><Sentiment/></Message><Message type="ReplyMessage"><Id>1360369318971-152</Id><Topic><Title>How about GOOGLE make an offer for YAHOO..$30.00/share</Title><Username>peewee_jean</Username><Timestamp>1360346401603</Timestamp><DateTime>Fri, 2013-02-08 13:00:01 EST</DateTime></Topic><Msg>go ahead - short Yahoo - I dare you. You're clueless and I feel bad for you but good luck chasing GOOG at all time highs, I am sure that will work out just fine for you...</Msg><Username>warnerlambert</Username><Timestamp>1360369318971</Timestamp><DateTime>Fri, 2013-02-08 19:21:58 EST</DateTime><ThumbUp>1</ThumbUp><ThumbDown>2</ThumbDown><Sentiment/></Message><Message type="ReplyMessage"><Id>1360369669911-153</Id><Topic><Title>Alibaba to meet with advisors about IPO plans, FT reports</Title><Username>thetoadtimes</Username><Timestamp>1360338375309</Timestamp><DateTime>Fri, 2013-02-08 10:46:15 EST</DateTime></Topic><Msg>This is it. The process will take a year or less.</Msg><Username>whogeorge69</Username><Timestamp>1360369669911</Timestamp><DateTime>Fri, 2013-02-08 19:27:49 EST</DateTime><ThumbUp>3</ThumbUp><ThumbDown>1</ThumbDown><Sentiment/></Message><Message type="ReplyMessage"><Id>1360369860621-154</Id><Topic><Title>Feel Sorry For Hotmodel</Title><Username>ashton10shyof</Username><Timestamp>1357156414609</Timestamp><DateTime>Wed, 2013-01-02 14:53:34 EST</DateTime></Topic><Msg>do you work for BING??? OR MICROSOFT?</Msg><Username>shellyysellsseashells</Username><Timestamp>1360369860621</Timestamp><DateTime>Fri, 2013-02-08 19:31:00 EST</DateTime><ThumbUp>2</ThumbUp><ThumbDown>0</ThumbDown><Sentiment>Strong Buy</Sentiment></Message><Message type="TopicMessage"><Id>1360370036116-155</Id><Title>You must be really jelous of Marissa Mayer to be putting her down! You GO Marissa!!!! Yahooooooooo</Title><Msg>don't be dumb out there!!!! Buy Yahoooooo</Msg><Username>duckdogbilly</Username><Timestamp>1360370036116</Timestamp><DateTime>Fri, 2013-02-08 19:33:56 EST</DateTime><ThumbUp>2</ThumbUp><ThumbDown>0</ThumbDown><Sentiment>Strong Buy</Sentiment></Message><Message type="ReplyMessage"><Id>1360371332820-156</Id><Topic><Title>Yahoo Signs Agreement to Use Google’s Services for Display Ads</Title><Username>thetoadtimes</Username><Timestamp>1360190502489</Timestamp><DateTime>Wed, 2013-02-06 17:41:42 EST</DateTime></Topic><Msg>An Alibaba IPO in 2013 is now certain. A new search agreement with Microsoft or other is certain. A partnership with Google has been completed. More partnerships are certain. Do you buy Yahoo now at $20.50 or wait for the Asian assets to be monetized and pay $30?</Msg><Username>theco1done</Username><Timestamp>1360371332820</Timestamp><DateTime>Fri, 2013-02-08 19:55:32 EST</DateTime><ThumbUp>2</ThumbUp><ThumbDown>1</ThumbDown><Sentiment/></Message><Message type="TopicMessage"><Id>1360372688654-157</Id><Title>Why is yahoo allowing people to copy others id's identically?</Title><Msg>Yahoo get it together.</Msg><Username>matthassen</Username><Timestamp>1360372688654</Timestamp><DateTime>Fri, 2013-02-08 20:18:08 EST</DateTime><ThumbUp>0</ThumbUp><ThumbDown>3</ThumbDown><Sentiment>Sell</Sentiment></Message><Message type="ReplyMessage"><Id>1360374102201-158</Id><Topic><Title>How about GOOGLE make an offer for YAHOO..$30.00/share</Title><Username>peewee_jean</Username><Timestamp>1360346401603</Timestamp><DateTime>Fri, 2013-02-08 13:00:01 EST</DateTime></Topic><Msg>Unlikely, but if goog decided to do it, his chances of passing the anti-trust is good, now that FB displaced YHOO behind goog in display ad ranking. More chance of getting approval is when YHOO sells his search business say to MSFT or FB as a condition of a gov't approval. MM could get a higher position in goog in addition of running YHOO. This is also apply to MSFT buying out YHOO. MM could become the CEO of the combined MSFT and YHOO. These are alll scenarios that could happen.</Msg><Username>vubravo</Username><Timestamp>1360374102201</Timestamp><DateTime>Fri, 2013-02-08 20:41:42 EST</DateTime><ThumbUp>1</ThumbUp><ThumbDown>1</ThumbDown><Sentiment>Strong Buy</Sentiment></Message><Message type="ReplyMessage"><Id>1360374288781-159</Id><Topic><Title>Marissa Mayer</Title><Username>pigbob007</Username><Timestamp>1360361680856</Timestamp><DateTime>Fri, 2013-02-08 17:14:40 EST</DateTime></Topic><Msg>It is a business philosophy that if you cannot beat them, join them. MM knows that goog technology is far far superior than YHOO. It is a win-win partnership but YHOO got more it I think.</Msg><Username>vubravo</Username><Timestamp>1360374288781</Timestamp><DateTime>Fri, 2013-02-08 20:44:48 EST</DateTime><ThumbUp>1</ThumbUp><ThumbDown>0</ThumbDown><Sentiment>Strong Buy</Sentiment></Message><Message type="ReplyMessage"><Id>1360375582760-160</Id><Topic><Title>Why is yahoo allowing people to copy others id's identically?</Title><Username>matthassen</Username><Timestamp>1360372688654</Timestamp><DateTime>Fri, 2013-02-08 20:18:08 EST</DateTime></Topic><Msg>you must not be worried since your on Yahoo?</Msg><Username>shellyysellsseashells</Username><Timestamp>1360375582760</Timestamp><DateTime>Fri, 2013-02-08 21:06:22 EST</DateTime><ThumbUp>2</ThumbUp><ThumbDown>1</ThumbDown><Sentiment>Strong Buy</Sentiment></Message><Message type="ReplyMessage"><Id>1360375721758-161</Id><Topic><Title>Why is yahoo allowing people to copy others id's identically?</Title><Username>matthassen</Username><Timestamp>1360372688654</Timestamp><DateTime>Fri, 2013-02-08 20:18:08 EST</DateTime></Topic><Msg>if your so worried get off Yahoo website......</Msg><Username>duckdogbilly</Username><Timestamp>1360375721758</Timestamp><DateTime>Fri, 2013-02-08 21:08:41 EST</DateTime><ThumbUp>2</ThumbUp><ThumbDown>1</ThumbDown><Sentiment>Strong Buy</Sentiment></Message><Message type="ReplyMessage"><Id>1360375851546-162</Id><Topic><Title>Why is yahoo allowing people to copy others id's identically?</Title><Username>matthassen</Username><Timestamp>1360372688654</Timestamp><DateTime>Fri, 2013-02-08 20:18:08 EST</DateTime></Topic><Msg>I think people are concerned about harassment &amp; hacking confidential accounts</Msg><Username>mytek38088</Username><Timestamp>1360375851546</Timestamp><DateTime>Fri, 2013-02-08 21:10:51 EST</DateTime><ThumbUp>1</ThumbUp><ThumbDown>1</ThumbDown><Sentiment>Buy</Sentiment></Message><Message type="TopicMessage"><Id>1360376459754-163</Id><Title>GO YAHOO</Title><Msg>Great year so far! :)</Msg><Username>eclipsebuildersawj</Username><Timestamp>1360376459754</Timestamp><DateTime>Fri, 2013-02-08 21:20:59 EST</DateTime><ThumbUp>1</ThumbUp><ThumbDown>1</ThumbDown><Sentiment>Strong Buy</Sentiment></Message><Message type="ReplyMessage"><Id>1360376563263-164</Id><Topic><Title>Marissa Mayer</Title><Username>pigbob007</Username><Timestamp>1360361680856</Timestamp><DateTime>Fri, 2013-02-08 17:14:40 EST</DateTime></Topic><Msg>r u #$%$ or complaining???</Msg><Username>eclipsebuildersawj</Username><Timestamp>1360376563263</Timestamp><DateTime>Fri, 2013-02-08 21:22:43 EST</DateTime><ThumbUp>0</ThumbUp><ThumbDown>1</ThumbDown><Sentiment>Strong Buy</Sentiment></Message><Message type="ReplyMessage"><Id>1360377392711-165</Id><Topic><Title>Yahoo please help reduce harassment, allow post creators ability to delete own posts</Title><Username>francodelaweas</Username><Timestamp>1360275537316</Timestamp><DateTime>Thu, 2013-02-07 17:18:57 EST</DateTime></Topic><Msg>There IS NOW almost THREE THOUSAND repost, that's 3 THOUSAND REpost harassing one Yahoo! account holder at the AMD message board!!!! Why? Because he is" trying" to post anything or something about AMD that is NOT negative, while they "team up" on him with their disgusting immature way of treating posters this way-like trash. I mean, what is the point? I'm still trying to figure it out, is what a financial message board is for? Nothing but a forum for hate and bashing??? That IS THREE thousand repost in ((SEVEN)) days! This is absolutely appalling in the full sense of the meaning what (abuse) is. To me, it's actually beyond belief it has even gone this far!!!!! Is there anyone out there? Can you hear me Yahoo! ????</Msg><Username>inteldontplayfair</Username><Timestamp>1360377392711</Timestamp><DateTime>Fri, 2013-02-08 21:36:32 EST</DateTime><ThumbUp>1</ThumbUp><ThumbDown>6</ThumbDown><Sentiment>Buy</Sentiment></Message><Message type="ReplyMessage"><Id>1360381616694-166</Id><Topic><Title>What is 24% of USD $59.55 billion - $14.29B!</Title><Username>co1done</Username><Timestamp>1360340093897</Timestamp><DateTime>Fri, 2013-02-08 11:14:53 EST</DateTime></Topic><Msg>What will Yahoo do with all that cash?</Msg><Username>cal12forthood</Username><Timestamp>1360381616694</Timestamp><DateTime>Fri, 2013-02-08 22:46:56 EST</DateTime><ThumbUp>1</ThumbUp><ThumbDown>1</ThumbDown><Sentiment/></Message><Message type="TopicMessage"><Id>1360382098409-167</Id><Title>Fibonacci Resistance levels</Title><Msg>R1 20.42 R2 20.54 R3 20.73 There's little resistance above these levels. Support at $20.04. Today the market makers busted the weekly $20.50 Call and Put buyers right in the gonads. next week they'll take it in the rear at these levels. Close20.50 Day's Range20.30 - 20.61 Revenue4.96B Open20.37 52 wk Range14.36 - 20.88 EPS 3.29 Volume 22093261 Market Cap24.03B Dividend (Yield)0.00 (N/A) Average Volume (3m)23185634 P/E Ratio 6.17 Beta0.87 1-Year Return 28.12% Shares Outstanding 1.18B Next Earnings Date Apr 15, 2013 Good luck trading</Msg><Username>bhttsl</Username><Timestamp>1360382098409</Timestamp><DateTime>Fri, 2013-02-08 22:54:58 EST</DateTime><ThumbUp>1</ThumbUp><ThumbDown>1</ThumbDown><Sentiment>Buy</Sentiment></Message></Date>