<?xml version="1.0" encoding="UTF-8" standalone="no"?><Date date="2013-07-03"><Message type="ReplyMessage"><Id>1372824313066-1</Id><Topic><Title>History</Title><Username>bosshebee</Username><Timestamp>1372806628867</Timestamp><DateTime>Tue, 2013-07-02 19:10:28 EDT</DateTime></Topic><Msg>I disagree, the company is doing quasi well compared to before. It's like watching grass grow though so do not invest in it if you're 60; the ROI may take awhile.</Msg><Username>ms13675_29</Username><Timestamp>1372824313066</Timestamp><DateTime>Wed, 2013-07-03 00:05:13 EDT</DateTime><ThumbUp>0</ThumbUp><ThumbDown>0</ThumbDown><Sentiment>Hold</Sentiment></Message><Message type="ReplyMessage"><Id>1372829058063-2</Id><Topic><Title>Not looking good!!!</Title><Username>fjc35</Username><Timestamp>1372788957819</Timestamp><DateTime>Tue, 2013-07-02 14:15:57 EDT</DateTime></Topic><Msg>The 1.1b for Tumbler it's going to bring Yahoo a lot of trouble. It has changed a lot of people's perception of Yahoo, especially of MM as a CEO. For long term Investors it's been a nightmare investing in Yahoo.</Msg><Username>fjc35</Username><Timestamp>1372829058063</Timestamp><DateTime>Wed, 2013-07-03 01:24:18 EDT</DateTime><ThumbUp>0</ThumbUp><ThumbDown>0</ThumbDown><Sentiment/></Message><Message type="ReplyMessage"><Id>1372838997785-3</Id><Topic><Title>Another Letter Sent to Execs of</Title><Username>aroadrock</Username><Timestamp>1372630626225</Timestamp><DateTime>Sun, 2013-06-30 18:17:06 EDT</DateTime></Topic><Msg>Whats your buisness here? Do you own any stock? Long? short? Or are you just a super hero out to save the worlds children from the wicked Yahoo finance boards?</Msg><Username>jim_bo20203030</Username><Timestamp>1372838997785</Timestamp><DateTime>Wed, 2013-07-03 04:09:57 EDT</DateTime><ThumbUp>0</ThumbUp><ThumbDown>1</ThumbDown><Sentiment/></Message><Message type="ReplyMessage"><Id>1372845364547-4</Id><Topic><Title>Another Letter Sent to Execs of</Title><Username>aroadrock</Username><Timestamp>1372630626225</Timestamp><DateTime>Sun, 2013-06-30 18:17:06 EDT</DateTime></Topic><Msg>SUPER HERO long on ALL my holdings...L@@K up in the sky, it's a bird, no, it's a plane, NO - IT'S SUPERMAN!</Msg><Username>aroadrock</Username><Timestamp>1372845364547</Timestamp><DateTime>Wed, 2013-07-03 05:56:04 EDT</DateTime><ThumbUp>0</ThumbUp><ThumbDown>0</ThumbDown><Sentiment/></Message><Message type="ReplyMessage"><Id>1372845506248-5</Id><Topic><Title>History</Title><Username>bosshebee</Username><Timestamp>1372806628867</Timestamp><DateTime>Tue, 2013-07-02 19:10:28 EDT</DateTime></Topic><Msg>keep telling yourself that, it'll ease the pain, but if you want it to change you should write management and tell them to clean up their act and put some decency into yahoo...something they've NEVER had.</Msg><Username>aroadrock</Username><Timestamp>1372845506248</Timestamp><DateTime>Wed, 2013-07-03 05:58:26 EDT</DateTime><ThumbUp>0</ThumbUp><ThumbDown>1</ThumbDown><Sentiment/></Message><Message type="ReplyMessage"><Id>1372845599878-6</Id><Topic><Title>sex</Title><Username>gemini_dominant</Username><Timestamp>1372499196631</Timestamp><DateTime>Sat, 2013-06-29 05:46:36 EDT</DateTime></Topic><Msg>and here's this guy looking for sadism and masochism...yahoo lets him post freely....</Msg><Username>aroadrock</Username><Timestamp>1372845599878</Timestamp><DateTime>Wed, 2013-07-03 05:59:59 EDT</DateTime><ThumbUp>0</ThumbUp><ThumbDown>0</ThumbDown><Sentiment/></Message><Message type="ReplyMessage"><Id>1372845663072-7</Id><Topic><Title>letter sent to Gen. Mgr. of The NYT</Title><Username>aroadrock</Username><Timestamp>1372556952991</Timestamp><DateTime>Sat, 2013-06-29 21:49:12 EDT</DateTime></Topic><Msg>i think she'll be sending me an email tomorrow with her decision</Msg><Username>aroadrock</Username><Timestamp>1372845663072</Timestamp><DateTime>Wed, 2013-07-03 06:01:03 EDT</DateTime><ThumbUp>0</ThumbUp><ThumbDown>0</ThumbDown><Sentiment/></Message><Message type="ReplyMessage"><Id>1372845758790-8</Id><Topic><Title>MR. YAHOO - Please clean up the Yahoo Messageboards</Title><Username>aroadrock</Username><Timestamp>1372644121601</Timestamp><DateTime>Sun, 2013-06-30 22:02:01 EDT</DateTime></Topic><Msg>i guess under their control was an overstatement</Msg><Username>aroadrock</Username><Timestamp>1372845758790</Timestamp><DateTime>Wed, 2013-07-03 06:02:38 EDT</DateTime><ThumbUp>1</ThumbUp><ThumbDown>1</ThumbDown><Sentiment/></Message><Message type="ReplyMessage"><Id>1372845824568-9</Id><Topic><Title>$17 for yahoo</Title><Username>instantwinbutton</Username><Timestamp>1372709310290</Timestamp><DateTime>Mon, 2013-07-01 16:08:30 EDT</DateTime></Topic><Msg>yep, without some housecleaning around here, it's just a stone's throw away</Msg><Username>aroadrock</Username><Timestamp>1372845824568</Timestamp><DateTime>Wed, 2013-07-03 06:03:44 EDT</DateTime><ThumbUp>0</ThumbUp><ThumbDown>0</ThumbDown><Sentiment/></Message><Message type="ReplyMessage"><Id>1372846113706-10</Id><Topic><Title>do the yahoo stock messageboard get the as many abusive posters as other boards</Title><Username>aroadrock</Username><Timestamp>1372455116846</Timestamp><DateTime>Fri, 2013-06-28 17:31:56 EDT</DateTime></Topic><Msg>but, but...what about the children...they come on the messageboard sites too...</Msg><Username>aroadrock</Username><Timestamp>1372846113706</Timestamp><DateTime>Wed, 2013-07-03 06:08:33 EDT</DateTime><ThumbUp>0</ThumbUp><ThumbDown>0</ThumbDown><Sentiment/></Message><Message type="ReplyMessage"><Id>1372848385973-11</Id><Topic><Title>Facebook and many other platforms don’t offer the opportunity to specifically target like offers of Local Corp with premium content</Title><Username>flankenking</Username><Timestamp>1372597626461</Timestamp><DateTime>Sun, 2013-06-30 09:07:06 EDT</DateTime></Topic><Msg>Compare of US-Visitors of Facebook and the flagshipsite of Local Corp Local Corp’s (market-cap = 34 million) Flagshipsite development of Unique Visitors: 11/2012: 18,745,842 Monthly Unique Visitors 12/2012: 22,738,206 Monthly Unique Visitors 01/2013: 26,410,927 Monthly Unique Visitors 02/2013: 24,017,605 Monthly Unique Visitors 03/2013: 24,427,755 Monthly Unique Visitors 04/2013: 23,785,928 Monthly Unique Visitors 05/2013: 27,804,187 Monthly Unique Visitors RANK (BY UVS): 44 Facebook’s (market-cap = 59,020 million) development of US-Unique Visitors: 11/2012: 163,640,791 Monthly Unique Visitors 12/2012: 165,602,717 Monthly Unique Visitors 01/2013: 166,238,881 Monthly Unique Visitors 02/2013: 165,056,717 Monthly Unique Visitors 03/2013: 164,808,579 Monthly Unique Visitors 04/2013: 164,131,064 Monthly Unique Visitors 05/2013: 163,323,608 Monthly Unique Visitors RANK (BY UVS): 3 Less . Local Corp has addtitional to the 27,804,187 Monthly Unique Visitors from the flagshipsite more than 12 million Monthly Unique Visitors from the network = together about 40 million Monthly Unique Visitors. Facebook has only the 4-fold US-Monthly Unique Visitors of, but Facebook has with 59,020 million the 1,553-fold market-cap of the idiotic low 34 million of Local Corp.</Msg><Username>flankenking</Username><Timestamp>1372848385973</Timestamp><DateTime>Wed, 2013-07-03 06:46:25 EDT</DateTime><ThumbUp>0</ThumbUp><ThumbDown>0</ThumbDown><Sentiment/></Message><Message type="ReplyMessage"><Id>1372852250094-12</Id><Topic><Title>$17 for yahoo</Title><Username>instantwinbutton</Username><Timestamp>1372709310290</Timestamp><DateTime>Mon, 2013-07-01 16:08:30 EDT</DateTime></Topic><Msg>TYhe have 25 Billion in cash based on $$ on hand, Alibaba, and Yahoo Japan. Let me know how your math works.</Msg><Username>eric_steiman</Username><Timestamp>1372852250094</Timestamp><DateTime>Wed, 2013-07-03 07:50:50 EDT</DateTime><ThumbUp>0</ThumbUp><ThumbDown>0</ThumbDown><Sentiment/></Message><Message type="TopicMessage"><Id>1372855154948-13</Id><Title>Is Noodles &amp; Co. (NDLS) still a good buy</Title><Msg>Wow, what a surge! When is it too late to jump in? Any advice is appreciated.</Msg><Username>armor55</Username><Timestamp>1372855154948</Timestamp><DateTime>Wed, 2013-07-03 08:39:14 EDT</DateTime><ThumbUp>0</ThumbUp><ThumbDown>0</ThumbDown><Sentiment/></Message><Message type="ReplyMessage"><Id>1372859794612-14</Id><Topic><Title>YHOO = ANTI GAY</Title><Username>shortiisagirleeman</Username><Timestamp>1371157623862</Timestamp><DateTime>Thu, 2013-06-13 17:07:03 EDT</DateTime></Topic><Msg>Matter has been turn over to Gay and Lesbian Alliance Against Defamation.</Msg><Username>shortiisagirleeman</Username><Timestamp>1372859794612</Timestamp><DateTime>Wed, 2013-07-03 09:56:34 EDT</DateTime><ThumbUp>2</ThumbUp><ThumbDown>1</ThumbDown><Sentiment/></Message><Message type="ReplyMessage"><Id>1372860083119-15</Id><Topic><Title>Yahoo buys Qwiki</Title><Username>eric_steiman</Username><Timestamp>1372797471841</Timestamp><DateTime>Tue, 2013-07-02 16:37:51 EDT</DateTime></Topic><Msg>checked out covestor and now i am talking to you--what is your point? looks like a bunch of losers there...do they know from yahoo? again what is the point?</Msg><Username>ajblo</Username><Timestamp>1372860083119</Timestamp><DateTime>Wed, 2013-07-03 10:01:23 EDT</DateTime><ThumbUp>2</ThumbUp><ThumbDown>0</ThumbDown><Sentiment/></Message><Message type="ReplyMessage"><Id>1372862095411-16</Id><Topic><Title>Yahoo buys Qwiki</Title><Username>eric_steiman</Username><Timestamp>1372797471841</Timestamp><DateTime>Tue, 2013-07-02 16:37:51 EDT</DateTime></Topic><Msg>search my name on covestor</Msg><Username>eric_steiman</Username><Timestamp>1372862095411</Timestamp><DateTime>Wed, 2013-07-03 10:34:55 EDT</DateTime><ThumbUp>0</ThumbUp><ThumbDown>1</ThumbDown><Sentiment/></Message><Message type="ReplyMessage"><Id>1372863318263-17</Id><Topic><Title>Facebook and many other platforms don’t offer the opportunity to specifically target like offers of Local Corp with premium content</Title><Username>flankenking</Username><Timestamp>1372597626461</Timestamp><DateTime>Sun, 2013-06-30 09:07:06 EDT</DateTime></Topic><Msg>In the sectopr finance 548 results Page 1 of 55 Should You Use a Tax Professional for Your Tax Preparation? Categories: If you have difficult taxes with deductions and property, professional tax preparation can help. Learn more about when you should call in a pro....more Is Debt Financing or Equity Financing Better For Your Business? Categories: Making Money Read about the differences between debt financing and equity financing, and which option would be best for your business....more Financing Surgery Based on the Payments You Can Afford to Make Categories: Life Events Financing plastic surgery is much like financing any other product that entails payments. Find out about what it entails!....more Tips to Remember When Purchasing a New or Used Car Categories: Life Events Learn more about car financing for a new or used car. Read more to help you decide whether you should finance a new or used car....more Financing Surgery Based on the Type of Procedure You’re Having Categories: Life Events Financing surgery can be done, depending upon the procedure you need. Learn about what’s available for financing....more Why You Should Stick With a Used Car for Your Teenager Categories: Life Events Read more to learn why you should buy used when it comes to your teenager’s first car....more How to Protect Your Personal Finances During a Divorce Categories: Life Events Learn how to handle divorce finances to best protect your interests. Learn what you can do to help yourself during divorce....more Learn Why Financing a Psychology Appointment Requires Some Thought Categories: Life Events Financing a psychology session can be done, no matter what your means. Read more about how to go about getting help....more</Msg><Username>flankenking</Username><Timestamp>1372863318263</Timestamp><DateTime>Wed, 2013-07-03 10:55:18 EDT</DateTime><ThumbUp>0</ThumbUp><ThumbDown>0</ThumbDown><Sentiment/></Message><Message type="ReplyMessage"><Id>1372864924503-18</Id><Topic><Title>Softbank/Sprint deal.</Title><Username>basketaetc1</Username><Timestamp>1372815704761</Timestamp><DateTime>Tue, 2013-07-02 21:41:44 EDT</DateTime></Topic><Msg>The deal I am looking for now is Alibaba baby $60B to $100B. That is a deal baby, huge to YHOO and shareholders. I am speculating the IPO announcement will be this month.</Msg><Username>goingbravo</Username><Timestamp>1372864924503</Timestamp><DateTime>Wed, 2013-07-03 11:22:04 EDT</DateTime><ThumbUp>0</ThumbUp><ThumbDown>0</ThumbDown><Sentiment>Strong Buy</Sentiment></Message><Message type="TopicMessage"><Id>1372865458900-19</Id><Title>Just A Thought</Title><Msg>The mkt is stuck trying to breakout of its 50 day moving average. The S&amp;P is stuck between 1600 and 1630 and unless it breaks out in either direction we are gonna face this dilemma everyday. The OIL spike hurt the mkts earlier and turmoil in Europe ie Portugal crumbling and the weak service data out of china is all adding to todays trading but normally the mkts have ended positive before the july 4th holidays. Today being a shortened session could be volatile as well but will end positive.</Msg><Username>littlestewie88</Username><Timestamp>1372865458900</Timestamp><DateTime>Wed, 2013-07-03 11:30:58 EDT</DateTime><ThumbUp>0</ThumbUp><ThumbDown>0</ThumbDown><Sentiment/></Message><Message type="ReplyMessage"><Id>1372865469379-20</Id><Topic><Title>Softbank/Sprint deal.</Title><Username>basketaetc1</Username><Timestamp>1372815704761</Timestamp><DateTime>Tue, 2013-07-02 21:41:44 EDT</DateTime></Topic><Msg>Ha, okay "baby"...</Msg><Username>basketaetc1</Username><Timestamp>1372865469379</Timestamp><DateTime>Wed, 2013-07-03 11:31:09 EDT</DateTime><ThumbUp>0</ThumbUp><ThumbDown>2</ThumbDown><Sentiment/></Message><Message type="TopicMessage"><Id>1372867699761-21</Id><Title>How can I become a member of one of the many class action lawsuits against yahoo, olamo , google , NSA , verizon etc.</Title><Msg>Please advise . In todays yahoo news you can read how Germany's Merkel feels about olamo's spying on all Germans. I can assure he's a help of lot angrier than liberal dems who used to value each and every civil liberty . At least the ACLU , NAACP , Dem senators in droves A.P. the New York Times etc etc , came out condemning his communist actions. The rest of the liberal hypocrites don't say boo about his spying or about his 5 year old wars in Iraq and Afghanistan. We can also throw in his losing 20,000 surface to air missiles in Libya that have now found there way into Al kid ya not hands. And last but certainly not the last time ( Egypt next ) his sending the same missile launchers and billions of dollars to Syria. Does anyone doubt that the Syrian missiles will find there way to Hez B and al kid ya not. B/f some liberal dem says this is a yahoo message board only talk about issues that relate to yahoo. Let me tell you that politics , especially communist politics will eventually effect each and every publicly traded stock. And Not for the better.</Msg><Username>wgboxman2</Username><Timestamp>1372867699761</Timestamp><DateTime>Wed, 2013-07-03 12:08:19 EDT</DateTime><ThumbUp>0</ThumbUp><ThumbDown>1</ThumbDown><Sentiment/></Message><Message type="ReplyMessage"><Id>1372870579604-22</Id><Topic><Title>I bought at $24.25</Title><Username>sublimalt</Username><Timestamp>1372081708039</Timestamp><DateTime>Mon, 2013-06-24 09:48:28 EDT</DateTime></Topic><Msg>hotmodel doesn't have enough sense to know when to shut the blank up.</Msg><Username>hm44778</Username><Timestamp>1372870579604</Timestamp><DateTime>Wed, 2013-07-03 12:56:19 EDT</DateTime><ThumbUp>1</ThumbUp><ThumbDown>1</ThumbDown><Sentiment/></Message><Message type="ReplyMessage"><Id>1372870619679-23</Id><Topic><Title>Added to my shares of Yahoo at $23.92</Title><Username>drago37712</Username><Timestamp>1372093272126</Timestamp><DateTime>Mon, 2013-06-24 13:01:12 EDT</DateTime></Topic><Msg>hotmodel is the board punching bag.</Msg><Username>hm44778</Username><Timestamp>1372870619679</Timestamp><DateTime>Wed, 2013-07-03 12:56:59 EDT</DateTime><ThumbUp>1</ThumbUp><ThumbDown>1</ThumbDown><Sentiment/></Message><Message type="ReplyMessage"><Id>1372870658182-24</Id><Topic><Title>Former Alibaba Exec (David Wei) Puts Alibaba Group IPO Value at $100 Billion</Title><Username>thetoadtimes</Username><Timestamp>1372431133661</Timestamp><DateTime>Fri, 2013-06-28 10:52:13 EDT</DateTime></Topic><Msg>Yahoo shareholders get another win.</Msg><Username>hm44778</Username><Timestamp>1372870658182</Timestamp><DateTime>Wed, 2013-07-03 12:57:38 EDT</DateTime><ThumbUp>1</ThumbUp><ThumbDown>2</ThumbDown><Sentiment/></Message><Message type="ReplyMessage"><Id>1372871519003-25</Id><Topic><Title>I bought at $24.25</Title><Username>sublimalt</Username><Timestamp>1372081708039</Timestamp><DateTime>Mon, 2013-06-24 09:48:28 EDT</DateTime></Topic><Msg>hotmodel is a big baby that lost everything going against the coldone's advice to buy from $11 to $23. hotmodel has to live with her stupidity and can't deal with it. Watch her whither away.</Msg><Username>drago37712</Username><Timestamp>1372871519003</Timestamp><DateTime>Wed, 2013-07-03 13:11:59 EDT</DateTime><ThumbUp>3</ThumbUp><ThumbDown>1</ThumbDown><Sentiment/></Message><Message type="ReplyMessage"><Id>1372872042650-26</Id><Topic><Title>The coldone bought in after hours at $22.70...</Title><Username>co1done</Username><Timestamp>1366149798450</Timestamp><DateTime>Tue, 2013-04-16 18:03:18 EDT</DateTime></Topic><Msg>Something hotmodel will never understand.</Msg><Username>drago37712</Username><Timestamp>1372872042650</Timestamp><DateTime>Wed, 2013-07-03 13:20:42 EDT</DateTime><ThumbUp>3</ThumbUp><ThumbDown>1</ThumbDown><Sentiment/></Message><Message type="ReplyMessage"><Id>1372872301188-27</Id><Topic><Title>Coldone's Advice To Buy From $11 to $23 Was Genius</Title><Username>tetheredbird</Username><Timestamp>1370629977022</Timestamp><DateTime>Fri, 2013-06-07 14:32:57 EDT</DateTime></Topic><Msg>coldone made me rich.</Msg><Username>tetheredbird</Username><Timestamp>1372872301188</Timestamp><DateTime>Wed, 2013-07-03 13:25:01 EDT</DateTime><ThumbUp>2</ThumbUp><ThumbDown>2</ThumbDown><Sentiment/></Message><Message type="ReplyMessage"><Id>1372872363958-28</Id><Topic><Title>Former Alibaba Exec (David Wei) Puts Alibaba Group IPO Value at $100 Billion</Title><Username>thetoadtimes</Username><Timestamp>1372431133661</Timestamp><DateTime>Fri, 2013-06-28 10:52:13 EDT</DateTime></Topic><Msg>You're fizzeled.</Msg><Username>stronghold812</Username><Timestamp>1372872363958</Timestamp><DateTime>Wed, 2013-07-03 13:26:03 EDT</DateTime><ThumbUp>2</ThumbUp><ThumbDown>0</ThumbDown><Sentiment/></Message><Message type="ReplyMessage"><Id>1372872376020-29</Id><Topic><Title>YHOO = ANTI GAY</Title><Username>shortiisagirleeman</Username><Timestamp>1371157623862</Timestamp><DateTime>Thu, 2013-06-13 17:07:03 EDT</DateTime></Topic><Msg>Who gives a dam about Gay's . If youall want to get Aids , so be it .Your behavior and challenges are often irrational and masked as an offense and estrangement from God . Youall are playing with an eternity of Russian roulette .</Msg><Username>lyonsaudit</Username><Timestamp>1372872376020</Timestamp><DateTime>Wed, 2013-07-03 13:26:16 EDT</DateTime><ThumbUp>2</ThumbUp><ThumbDown>0</ThumbDown><Sentiment/></Message><Message type="TopicMessage"><Id>1372874398936-30</Id><Title>Do we...</Title><Msg>Do we have any money left out that 8mil we had? Hard to say after all these acquisitions...</Msg><Username>diggingout</Username><Timestamp>1372874398936</Timestamp><DateTime>Wed, 2013-07-03 13:59:58 EDT</DateTime><ThumbUp>0</ThumbUp><ThumbDown>0</ThumbDown><Sentiment>Buy</Sentiment></Message><Message type="TopicMessage"><Id>1372876208043-31</Id><Title>camdscam</Title><Msg>Emailed you.</Msg><Username>fatstogieman</Username><Timestamp>1372876208043</Timestamp><DateTime>Wed, 2013-07-03 14:30:08 EDT</DateTime><ThumbUp>0</ThumbUp><ThumbDown>0</ThumbDown><Sentiment/></Message><Message type="ReplyMessage"><Id>1372876222246-32</Id><Topic><Title>camdscam</Title><Username>fatstogieman</Username><Timestamp>1372876208043</Timestamp><DateTime>Wed, 2013-07-03 14:30:08 EDT</DateTime></Topic><Msg>Just a bump.</Msg><Username>fatstogieman</Username><Timestamp>1372876222246</Timestamp><DateTime>Wed, 2013-07-03 14:30:22 EDT</DateTime><ThumbUp>0</ThumbUp><ThumbDown>0</ThumbDown><Sentiment/></Message><Message type="ReplyMessage"><Id>1372877447840-33</Id><Topic><Title>Coldone's Advice To Buy From $11 to $23 Was Genius</Title><Username>tetheredbird</Username><Timestamp>1370629977022</Timestamp><DateTime>Fri, 2013-06-07 14:32:57 EDT</DateTime></Topic><Msg>hotmodel is an idiot.</Msg><Username>stronghold812</Username><Timestamp>1372877447840</Timestamp><DateTime>Wed, 2013-07-03 14:50:47 EDT</DateTime><ThumbUp>2</ThumbUp><ThumbDown>0</ThumbDown><Sentiment/></Message><Message type="ReplyMessage"><Id>1372877510734-34</Id><Topic><Title>Hotmodel, Do you still think Yahoo was dead money at $15.80?</Title><Username>co1done</Username><Timestamp>1365776842368</Timestamp><DateTime>Fri, 2013-04-12 10:27:22 EDT</DateTime></Topic><Msg>hotmodel lost everything. That's why she stalks coldone.</Msg><Username>stronghold812</Username><Timestamp>1372877510734</Timestamp><DateTime>Wed, 2013-07-03 14:51:50 EDT</DateTime><ThumbUp>3</ThumbUp><ThumbDown>0</ThumbDown><Sentiment/></Message><Message type="TopicMessage"><Id>1372878834065-35</Id><Title>sell yhoo japan</Title><Msg>for $10 billion and buy yhoo shares</Msg><Username>lucetteo1</Username><Timestamp>1372878834065</Timestamp><DateTime>Wed, 2013-07-03 15:13:54 EDT</DateTime><ThumbUp>1</ThumbUp><ThumbDown>0</ThumbDown><Sentiment>Strong Buy</Sentiment></Message><Message type="TopicMessage"><Id>1372882554987-36</Id><Title>Yahoo officially buys Xobni</Title><Msg>3 purchases in a matter of days. JUGGERNAUT in the making</Msg><Username>eric_steiman</Username><Timestamp>1372882554987</Timestamp><DateTime>Wed, 2013-07-03 16:15:54 EDT</DateTime><ThumbUp>4</ThumbUp><ThumbDown>0</ThumbDown><Sentiment/></Message><Message type="ReplyMessage"><Id>1372884552687-37</Id><Topic><Title>Facebook and many other platforms don’t offer the opportunity to specifically target like offers of Local Corp with premium content</Title><Username>flankenking</Username><Timestamp>1372597626461</Timestamp><DateTime>Sun, 2013-06-30 09:07:06 EDT</DateTime></Topic><Msg>Such a divergence will never lasten for a longer time.</Msg><Username>flankenking</Username><Timestamp>1372884552687</Timestamp><DateTime>Wed, 2013-07-03 16:49:12 EDT</DateTime><ThumbUp>0</ThumbUp><ThumbDown>0</ThumbDown><Sentiment/></Message><Message type="ReplyMessage"><Id>1372885272551-38</Id><Topic><Title>sell yhoo japan</Title><Username>lucetteo1</Username><Timestamp>1372878834065</Timestamp><DateTime>Wed, 2013-07-03 15:13:54 EDT</DateTime></Topic><Msg>Yahoo's 35% of Yahoo! Japan is in good hands.</Msg><Username>strumbollio</Username><Timestamp>1372885272551</Timestamp><DateTime>Wed, 2013-07-03 17:01:12 EDT</DateTime><ThumbUp>2</ThumbUp><ThumbDown>1</ThumbDown><Sentiment/></Message><Message type="ReplyMessage"><Id>1372888822743-39</Id><Topic><Title>Yahoo officially buys Xobni</Title><Username>eric_steiman</Username><Timestamp>1372882554987</Timestamp><DateTime>Wed, 2013-07-03 16:15:54 EDT</DateTime></Topic><Msg>Marissa is piecing together a string of strategic acquisitions, and we can be sure it's a grand scheme and string of pearls.</Msg><Username>goforitmedx</Username><Timestamp>1372888822743</Timestamp><DateTime>Wed, 2013-07-03 18:00:22 EDT</DateTime><ThumbUp>3</ThumbUp><ThumbDown>0</ThumbDown><Sentiment/></Message><Message type="TopicMessage"><Id>1372891339918-40</Id><Title>More Banks Join in Alibaba $8B Loan</Title><Msg>By PRUDENCE HO More banks want in on a possible Alibaba IPO... HONG KONG—The number of lenders participating in an $8 billion loan to Alibaba Group Holding in advance of its much-anticipated initial public offering has grown to 22, a person familiar with the loan said on Wednesday. The large number—well above the 10 that's common in Asia on loans of more than $5 billion—shows the continued high interest in the company, which is expected to raise tens of billions of dollars in its IPO. For the banks that can underwrite IPOs—that is, that aren't purely commercial lenders—involvement in the loan has been seen as a way to deepen a relationship with Alibaba that could lead to a large role when the technology giant lists, which could be as early as this year. The loan, meant partly to refinance existing debt, has been syndicated, or sold on, to a further 13 banks from the nine that first offered to lend money to China's biggest e-commerce company.</Msg><Username>iggysweet28</Username><Timestamp>1372891339918</Timestamp><DateTime>Wed, 2013-07-03 18:42:19 EDT</DateTime><ThumbUp>5</ThumbUp><ThumbDown>0</ThumbDown><Sentiment/></Message><Message type="ReplyMessage"><Id>1372904331900-41</Id><Topic><Title>Attention</Title><Username>webdave_2000</Username><Timestamp>1372808737957</Timestamp><DateTime>Tue, 2013-07-02 19:45:37 EDT</DateTime></Topic><Msg>You see!</Msg><Username>webdave_2000</Username><Timestamp>1372904331900</Timestamp><DateTime>Wed, 2013-07-03 22:18:51 EDT</DateTime><ThumbUp>2</ThumbUp><ThumbDown>2</ThumbDown><Sentiment/></Message><Message type="ReplyMessage"><Id>1372907580526-42</Id><Topic><Title>Attention</Title><Username>webdave_2000</Username><Timestamp>1372808737957</Timestamp><DateTime>Tue, 2013-07-02 19:45:37 EDT</DateTime></Topic><Msg>Are your numbers ex tac?</Msg><Username>eric_steiman</Username><Timestamp>1372907580526</Timestamp><DateTime>Wed, 2013-07-03 23:13:00 EDT</DateTime><ThumbUp>0</ThumbUp><ThumbDown>1</ThumbDown><Sentiment/></Message><Message type="ReplyMessage"><Id>1372907947298-43</Id><Topic><Title>More Banks Join in Alibaba $8B Loan</Title><Username>iggysweet28</Username><Timestamp>1372891339918</Timestamp><DateTime>Wed, 2013-07-03 18:42:19 EDT</DateTime></Topic><Msg>I think the IPO announcement will be this month.</Msg><Username>goingbravo</Username><Timestamp>1372907947298</Timestamp><DateTime>Wed, 2013-07-03 23:19:07 EDT</DateTime><ThumbUp>2</ThumbUp><ThumbDown>2</ThumbDown><Sentiment>Strong Buy</Sentiment></Message></Date>