<?xml version="1.0" encoding="UTF-8" standalone="no"?><Date date="2013-01-23"><Message type="ReplyMessage"><Id>1358918358569-1</Id><Topic><Title>Did Yahoo move its earnings date back 5 days because it wanted numbers from Alibaba?</Title><Username>optionstrader4u</Username><Timestamp>1358824334969</Timestamp><DateTime>Mon, 2013-01-21 22:12:14 EST</DateTime></Topic><Msg>Lol I know you didn't say that I was only reiterating what I said yesterday in it not being included. Earnings could be all over the map as I have no idea how many shares they bought and if substantial it'd be an easy beat, have no idea how much the cash balance has fallen as a result of that and AG taxes. Then again Yahoo has used Non-GAAP vs. GAAP for as long as I've followed so can make it look better than it really is. Btw. have people noticed Marissa has been dumping shares, even a week ago, albeit a small amount of 40,000 shares? Maybe, she'll use the Bartz excuse of taxes?lol</Msg><Username>hotmodeltestid122</Username><Timestamp>1358918358569</Timestamp><DateTime>Wed, 2013-01-23 00:19:18 EST</DateTime><ThumbUp>0</ThumbUp><ThumbDown>3</ThumbDown><Sentiment/></Message><Message type="ReplyMessage"><Id>1358925769612-2</Id><Topic><Title>Yahoo's Revenue and Earnings Climb; Shares Rise After Hours</Title><Username>neo1278alpha</Username><Timestamp>1358894496806</Timestamp><DateTime>Tue, 2013-01-22 17:41:36 EST</DateTime></Topic><Msg>first-if it's that good why not show it during the morning hours-stupid procedure showing it after closing. dumb-dumb-dumb! if lousy-show it after closing on fri.&amp; hope nobody remembers! it could show several cost-lay offs- &amp; not much change in revenue. hopefully not -but would feel more comfortable if they would of used all the funds available to buy back more of the stock!</Msg><Username>matsky5</Username><Timestamp>1358925769612</Timestamp><DateTime>Wed, 2013-01-23 02:22:49 EST</DateTime><ThumbUp>0</ThumbUp><ThumbDown>0</ThumbDown><Sentiment/></Message><Message type="ReplyMessage"><Id>1358948966420-3</Id><Topic><Title>Yahoo please give post creators the ability to "remove" their own posts</Title><Username>dsc20601</Username><Timestamp>1358876204971</Timestamp><DateTime>Tue, 2013-01-22 12:36:44 EST</DateTime></Topic><Msg>you don't understand grey. People keep re posting comments that are years and months old. Check out the "siri" board. Trolls are re posting comments from 2004 etc. I want to be able to make a comment, and leave it alone, but if it is abused, be able to remove it. 80% of the harassment on these boards is from harassing re posting.</Msg><Username>kentbeene</Username><Timestamp>1358948966420</Timestamp><DateTime>Wed, 2013-01-23 08:49:26 EST</DateTime><ThumbUp>3</ThumbUp><ThumbDown>4</ThumbDown><Sentiment>Buy</Sentiment></Message><Message type="ReplyMessage"><Id>1358949023645-4</Id><Topic><Title>Yahoo Anxious to End Microsoft Search Deal</Title><Username>mb525799</Username><Timestamp>1358803412416</Timestamp><DateTime>Mon, 2013-01-21 16:23:32 EST</DateTime></Topic><Msg>gloom lost all her money doing the opposite of coldone. Now she is a message board troll.</Msg><Username>neo1278alpha</Username><Timestamp>1358949023645</Timestamp><DateTime>Wed, 2013-01-23 08:50:23 EST</DateTime><ThumbUp>0</ThumbUp><ThumbDown>4</ThumbDown><Sentiment/></Message><Message type="ReplyMessage"><Id>1358949236220-5</Id><Topic><Title>Substantial Improvement for Yahoo! Inc. (YHOO). Read Now!</Title><Username>frankperson36</Username><Timestamp>1358947136522</Timestamp><DateTime>Wed, 2013-01-23 08:18:56 EST</DateTime></Topic><Msg>report is number 1</Msg><Username>rolland.nathaniel</Username><Timestamp>1358949236220</Timestamp><DateTime>Wed, 2013-01-23 08:53:56 EST</DateTime><ThumbUp>6</ThumbUp><ThumbDown>1</ThumbDown><Sentiment/></Message><Message type="ReplyMessage"><Id>1358949408541-6</Id><Topic><Title>Yahoo please give post creators the ability to "remove" their own posts</Title><Username>dsc20601</Username><Timestamp>1358876204971</Timestamp><DateTime>Tue, 2013-01-22 12:36:44 EST</DateTime></Topic><Msg>Ah, O.K. now I understand what you are really talking about. I wouldn't call that Harassment, but I do understand what your point is. Unfortunately, the folks running things believe that every post should be kept forever and be searchable. Remember when Gmail first came out there wasn't any delete function since Brin wanted those E-mails searchable forever. That same belief is very prevalent throughout the industry.</Msg><Username>grey116677</Username><Timestamp>1358949408541</Timestamp><DateTime>Wed, 2013-01-23 08:56:48 EST</DateTime><ThumbUp>3</ThumbUp><ThumbDown>1</ThumbDown><Sentiment/></Message><Message type="ReplyMessage"><Id>1358949660130-7</Id><Topic><Title>Hotmodel - Do you still think Yahoo was dead money at $15.80?</Title><Username>theecoldone</Username><Timestamp>1354722516724</Timestamp><DateTime>Wed, 2012-12-05 10:48:36 EST</DateTime></Topic><Msg>hotmodel is hiding behind her grey alias this morning.</Msg><Username>nanobot8042</Username><Timestamp>1358949660130</Timestamp><DateTime>Wed, 2013-01-23 09:01:00 EST</DateTime><ThumbUp>2</ThumbUp><ThumbDown>2</ThumbDown><Sentiment/></Message><Message type="ReplyMessage"><Id>1358949696168-8</Id><Topic><Title>YHOO price target was raised at Needham to $26</Title><Username>thetoadtimes</Username><Timestamp>1356359311116</Timestamp><DateTime>Mon, 2012-12-24 09:28:31 EST</DateTime></Topic><Msg>Everyone is buying.</Msg><Username>nanobot8042</Username><Timestamp>1358949696168</Timestamp><DateTime>Wed, 2013-01-23 09:01:36 EST</DateTime><ThumbUp>2</ThumbUp><ThumbDown>1</ThumbDown><Sentiment/></Message><Message type="ReplyMessage"><Id>1358950301409-9</Id><Topic><Title>Bernstein Raises Yahoo Price Target to $23</Title><Username>savior2911</Username><Timestamp>1357571620521</Timestamp><DateTime>Mon, 2013-01-07 10:13:40 EST</DateTime></Topic><Msg>Mayer will not disappoint at earnings.</Msg><Username>nanobot8042</Username><Timestamp>1358950301409</Timestamp><DateTime>Wed, 2013-01-23 09:11:41 EST</DateTime><ThumbUp>2</ThumbUp><ThumbDown>0</ThumbDown><Sentiment/></Message><Message type="ReplyMessage"><Id>1358950305112-10</Id><Topic><Title>Goldman Price target For Yahoo Raised to $24</Title><Username>getty4422</Username><Timestamp>1355503706538</Timestamp><DateTime>Fri, 2012-12-14 11:48:26 EST</DateTime></Topic><Msg>It's the only list that matters.</Msg><Username>nanobot8042</Username><Timestamp>1358950305112</Timestamp><DateTime>Wed, 2013-01-23 09:11:45 EST</DateTime><ThumbUp>2</ThumbUp><ThumbDown>0</ThumbDown><Sentiment/></Message><Message type="ReplyMessage"><Id>1358950308392-11</Id><Topic><Title>Yahoo will have about $19.7 billion in cash</Title><Username>thurstonthethird</Username><Timestamp>1358366369533</Timestamp><DateTime>Wed, 2013-01-16 14:59:29 EST</DateTime></Topic><Msg>Yahoo's cash is going to $20 billion and their share count is going below 1 billion.</Msg><Username>nanobot8042</Username><Timestamp>1358950308392</Timestamp><DateTime>Wed, 2013-01-23 09:11:48 EST</DateTime><ThumbUp>3</ThumbUp><ThumbDown>1</ThumbDown><Sentiment/></Message><Message type="ReplyMessage"><Id>1358950332565-12</Id><Topic><Title>Jack Ma is stepping down early for a reason</Title><Username>tetheredbird</Username><Timestamp>1358556625154</Timestamp><DateTime>Fri, 2013-01-18 19:50:25 EST</DateTime></Topic><Msg>Big plans for Yahoo and Alibaba this year.</Msg><Username>nanobot8042</Username><Timestamp>1358950332565</Timestamp><DateTime>Wed, 2013-01-23 09:12:12 EST</DateTime><ThumbUp>3</ThumbUp><ThumbDown>0</ThumbDown><Sentiment/></Message><Message type="ReplyMessage"><Id>1358950332719-13</Id><Topic><Title>Why Jack Ma Will Take Alibaba Group Public in 2013</Title><Username>thetoadtimes</Username><Timestamp>1356730280704</Timestamp><DateTime>Fri, 2012-12-28 16:31:20 EST</DateTime></Topic><Msg>Alibaba is ready to go public.</Msg><Username>nanobot8042</Username><Timestamp>1358950332719</Timestamp><DateTime>Wed, 2013-01-23 09:12:12 EST</DateTime><ThumbUp>5</ThumbUp><ThumbDown>1</ThumbDown><Sentiment/></Message><Message type="ReplyMessage"><Id>1358950347620-14</Id><Topic><Title>Jack Ma Made All Preperations For Alibaba Group IPO and Will Step Down</Title><Username>thetoadtimes</Username><Timestamp>1358260918723</Timestamp><DateTime>Tue, 2013-01-15 09:41:58 EST</DateTime></Topic><Msg>All bets have been placed. Anyone buying now is buying in the $20s.</Msg><Username>nanobot8042</Username><Timestamp>1358950347620</Timestamp><DateTime>Wed, 2013-01-23 09:12:27 EST</DateTime><ThumbUp>2</ThumbUp><ThumbDown>1</ThumbDown><Sentiment/></Message><Message type="ReplyMessage"><Id>1358950405284-15</Id><Topic><Title>After News of Alibaba IPO Plans, Yahoo Is Worth $28 A Share Today</Title><Username>big_saciccio</Username><Timestamp>1358364521000</Timestamp><DateTime>Wed, 2013-01-16 14:28:41 EST</DateTime></Topic><Msg>The shorts on this board have changed their tune since coldone made fools of them.</Msg><Username>nanobot8042</Username><Timestamp>1358950405284</Timestamp><DateTime>Wed, 2013-01-23 09:13:25 EST</DateTime><ThumbUp>2</ThumbUp><ThumbDown>1</ThumbDown><Sentiment/></Message><Message type="ReplyMessage"><Id>1358950509039-16</Id><Topic><Title>May 10, 2013 is the date Jack Ma steps down at Alibaba Group</Title><Username>xisdamarkfonex</Username><Timestamp>1358608300644</Timestamp><DateTime>Sat, 2013-01-19 10:11:40 EST</DateTime></Topic><Msg>May 10 is earlier than expected.</Msg><Username>neo1278alpha</Username><Timestamp>1358950509039</Timestamp><DateTime>Wed, 2013-01-23 09:15:09 EST</DateTime><ThumbUp>2</ThumbUp><ThumbDown>2</ThumbDown><Sentiment/></Message><Message type="ReplyMessage"><Id>1358952138281-17</Id><Topic><Title>YHOO price target was raised at Needham to $26</Title><Username>thetoadtimes</Username><Timestamp>1356359311116</Timestamp><DateTime>Mon, 2012-12-24 09:28:31 EST</DateTime></Topic><Msg>Have not seen anyone say they were shorting Yahoo for months. Everyone has finally joined coldone's team.</Msg><Username>bflathalfdim</Username><Timestamp>1358952138281</Timestamp><DateTime>Wed, 2013-01-23 09:42:18 EST</DateTime><ThumbUp>1</ThumbUp><ThumbDown>0</ThumbDown><Sentiment/></Message><Message type="ReplyMessage"><Id>1358952815894-18</Id><Topic><Title>Substantial Improvement for Yahoo! Inc. (YHOO). Read Now!</Title><Username>frankperson36</Username><Timestamp>1358947136522</Timestamp><DateTime>Wed, 2013-01-23 08:18:56 EST</DateTime></Topic><Msg>yea im in</Msg><Username>towlesluis</Username><Timestamp>1358952815894</Timestamp><DateTime>Wed, 2013-01-23 09:53:35 EST</DateTime><ThumbUp>2</ThumbUp><ThumbDown>1</ThumbDown><Sentiment/></Message><Message type="TopicMessage"><Id>1358952943327-19</Id><Title>To the CEO of this piece of .....</Title><Msg>You have the most ignorant asinine self-centered snotty nose dumbest nerds on the face of God's green Earth. VHGI Holdings, Inc. (BMSPF)..... that symbol is for Biomass Secure Power. You don't even know the profile for Biomass Secure Power.... Lady, you have no idea how stupid that looks to an investor.... no idea at all because you went to Bentonville, AR before you were appointed CEO of this piece of cɹap...!!!</Msg><Username>madmilker70</Username><Timestamp>1358952943327</Timestamp><DateTime>Wed, 2013-01-23 09:55:43 EST</DateTime><ThumbUp>1</ThumbUp><ThumbDown>4</ThumbDown><Sentiment/></Message><Message type="TopicMessage"><Id>1358953126495-20</Id><Title>Details of Mayer's strategy are trickling out</Title><Msg>"Details of Mayer's strategy are trickling out – and it sounds like it incorporates an awful lot of Levinsohn's plan. First there was Yahoo's recently completed deal with CBS to bring new content into its gossip site, OMG. Mayer also signed a deal with Rolling Stone publisher Wenner Media. Next, there were the remarks Mayer's recently-hired number two and fellow ex-Googler, COO Henrique De Castro, gave over at a conference in Germany . He said that “the desktop portal needs to transform itself" and that the best ones going forward would "aggregate premium quality content at scale, and distribute it in a personalized way.” And now there's a report from All Things D's Kara Swisher about a secret project Mayer has Yahoo working on called "Project Zed." Multiple sources tell Swisher the plan is to make Yahoo a "destination where people go to find content regardless of where it originates from; the better Yahoo gets at making it more relevant, the more it becomes part of people’s everyday routine and the more repeat visitors there are.” Another says it will be a “trusted destination to get them to where they want to go and keep going back.” Swisher says that this means "more partnership deals from third-party sources" to bring video content to Yahoo and distribute it "across a number of devices and platforms."</Msg><Username>big_saciccio</Username><Timestamp>1358953126495</Timestamp><DateTime>Wed, 2013-01-23 09:58:46 EST</DateTime><ThumbUp>0</ThumbUp><ThumbDown>0</ThumbDown><Sentiment>Strong Buy</Sentiment></Message><Message type="ReplyMessage"><Id>1358953197805-21</Id><Topic><Title>Marissa Mayer's Plan To Save Yahoo Suddenly Looks Much Different Than Anyone Predicted</Title><Username>thetoadtimes</Username><Timestamp>1358881063657</Timestamp><DateTime>Tue, 2013-01-22 13:57:43 EST</DateTime></Topic><Msg>Mayer is on a mission.</Msg><Username>neo1278alpha</Username><Timestamp>1358953197805</Timestamp><DateTime>Wed, 2013-01-23 09:59:57 EST</DateTime><ThumbUp>0</ThumbUp><ThumbDown>1</ThumbDown><Sentiment/></Message><Message type="ReplyMessage"><Id>1358953279022-22</Id><Topic><Title>Yahoo to Acquire Content Curation Site Snip.it</Title><Username>thetoadtimes</Username><Timestamp>1358884840214</Timestamp><DateTime>Tue, 2013-01-22 15:00:40 EST</DateTime></Topic><Msg>Instagram and Pinterest are in trouble.</Msg><Username>neo1278alpha</Username><Timestamp>1358953279022</Timestamp><DateTime>Wed, 2013-01-23 10:01:19 EST</DateTime><ThumbUp>1</ThumbUp><ThumbDown>1</ThumbDown><Sentiment/></Message><Message type="ReplyMessage"><Id>1358954305715-23</Id><Topic><Title>Hotmodel - Do you still think Yahoo was dead money at $15.80?</Title><Username>theecoldone</Username><Timestamp>1354722516724</Timestamp><DateTime>Wed, 2012-12-05 10:48:36 EST</DateTime></Topic><Msg>Watching hotmodel squirm from this question is hilarious.</Msg><Username>smedleypuddles</Username><Timestamp>1358954305715</Timestamp><DateTime>Wed, 2013-01-23 10:18:25 EST</DateTime><ThumbUp>2</ThumbUp><ThumbDown>1</ThumbDown><Sentiment/></Message><Message type="TopicMessage"><Id>1358954821117-24</Id><Title>Warning</Title><Msg>COVER YOUR YAHOO SHORT ASAP... like now!!</Msg><Username>livefromnewyork1958</Username><Timestamp>1358954821117</Timestamp><DateTime>Wed, 2013-01-23 10:27:01 EST</DateTime><ThumbUp>2</ThumbUp><ThumbDown>3</ThumbDown><Sentiment/></Message><Message type="ReplyMessage"><Id>1358955483078-25</Id><Topic><Title>May 10, 2013 is the date Jack Ma steps down at Alibaba Group</Title><Username>xisdamarkfonex</Username><Timestamp>1358608300644</Timestamp><DateTime>Sat, 2013-01-19 10:11:40 EST</DateTime></Topic><Msg>I was surprised to see Ma stepping down on May 10. All IPO plans must have gone better than expected.</Msg><Username>neo1278alpha</Username><Timestamp>1358955483078</Timestamp><DateTime>Wed, 2013-01-23 10:38:03 EST</DateTime><ThumbUp>2</ThumbUp><ThumbDown>2</ThumbDown><Sentiment/></Message><Message type="TopicMessage"><Id>1358956022857-26</Id><Title>Can't Keep Yahoo under $20</Title><Msg>Coldone was right. Buy Yahoo under $20 while you can. All shorts have covered and joined coldone.</Msg><Username>nanobot8042</Username><Timestamp>1358956022857</Timestamp><DateTime>Wed, 2013-01-23 10:47:02 EST</DateTime><ThumbUp>2</ThumbUp><ThumbDown>1</ThumbDown><Sentiment/></Message><Message type="ReplyMessage"><Id>1358956062088-27</Id><Topic><Title>Yahoo please give post creators the ability to "remove" their own posts</Title><Username>dsc20601</Username><Timestamp>1358876204971</Timestamp><DateTime>Tue, 2013-01-22 12:36:44 EST</DateTime></Topic><Msg>grey, post creators should have the ability to remove their own posts, like youtube vids, as a creator you can remove your videos, also if you look at yahoo news stories you can comment on them &amp; they offer a "remove" button. Yahoo can REALLY cut down on harassment by allowing this.</Msg><Username>kentbeene</Username><Timestamp>1358956062088</Timestamp><DateTime>Wed, 2013-01-23 10:47:42 EST</DateTime><ThumbUp>3</ThumbUp><ThumbDown>3</ThumbDown><Sentiment>Buy</Sentiment></Message><Message type="ReplyMessage"><Id>1358956070795-28</Id><Topic><Title>Buy Yahoo under $20 while you can</Title><Username>co1done</Username><Timestamp>1355764934754</Timestamp><DateTime>Mon, 2012-12-17 12:22:14 EST</DateTime></Topic><Msg>Right again coldone!</Msg><Username>nanobot8042</Username><Timestamp>1358956070795</Timestamp><DateTime>Wed, 2013-01-23 10:47:50 EST</DateTime><ThumbUp>2</ThumbUp><ThumbDown>0</ThumbDown><Sentiment/></Message><Message type="ReplyMessage"><Id>1358956144564-29</Id><Topic><Title>Yahoo please give post creators the ability to "remove" their own posts</Title><Username>dsc20601</Username><Timestamp>1358876204971</Timestamp><DateTime>Tue, 2013-01-22 12:36:44 EST</DateTime></Topic><Msg>hotmodel would like to remove all the posts where coldone made a fool of her. There are hundreds.</Msg><Username>nanobot8042</Username><Timestamp>1358956144564</Timestamp><DateTime>Wed, 2013-01-23 10:49:04 EST</DateTime><ThumbUp>2</ThumbUp><ThumbDown>0</ThumbDown><Sentiment/></Message><Message type="ReplyMessage"><Id>1358956263998-30</Id><Topic><Title>Yahoo Anxious to End Microsoft Search Deal</Title><Username>mb525799</Username><Timestamp>1358803412416</Timestamp><DateTime>Mon, 2013-01-21 16:23:32 EST</DateTime></Topic><Msg>Bing will be screwed if Yahoo ends the partnership.</Msg><Username>nanobot8042</Username><Timestamp>1358956263998</Timestamp><DateTime>Wed, 2013-01-23 10:51:03 EST</DateTime><ThumbUp>6</ThumbUp><ThumbDown>3</ThumbDown><Sentiment/></Message><Message type="ReplyMessage"><Id>1358957002229-31</Id><Topic><Title>Yahoo please give post creators the ability to "remove" their own posts</Title><Username>dsc20601</Username><Timestamp>1358876204971</Timestamp><DateTime>Tue, 2013-01-22 12:36:44 EST</DateTime></Topic><Msg>Kent: Well, good luck on your quest. I just don't ever see it happening.</Msg><Username>grey116677</Username><Timestamp>1358957002229</Timestamp><DateTime>Wed, 2013-01-23 11:03:22 EST</DateTime><ThumbUp>3</ThumbUp><ThumbDown>1</ThumbDown><Sentiment/></Message><Message type="ReplyMessage"><Id>1358957110074-32</Id><Topic><Title>Can't Keep Yahoo under $20</Title><Username>nanobot8042</Username><Timestamp>1358956022857</Timestamp><DateTime>Wed, 2013-01-23 10:47:02 EST</DateTime></Topic><Msg>Coldone is always right.</Msg><Username>smedleypuddles</Username><Timestamp>1358957110074</Timestamp><DateTime>Wed, 2013-01-23 11:05:10 EST</DateTime><ThumbUp>2</ThumbUp><ThumbDown>1</ThumbDown><Sentiment/></Message><Message type="ReplyMessage"><Id>1358957834934-33</Id><Topic><Title>Yahoo please give post creators the ability to "remove" their own posts</Title><Username>dsc20601</Username><Timestamp>1358876204971</Timestamp><DateTime>Tue, 2013-01-22 12:36:44 EST</DateTime></Topic><Msg>grey, look at the "siri" board. Same guy just re posted same post from 2010. He has re posted like 30x. If google came up with boards, I would go there. Harassment would be tremendously reduced, if post creators had the power to remove their own posts.</Msg><Username>kentbeene</Username><Timestamp>1358957834934</Timestamp><DateTime>Wed, 2013-01-23 11:17:14 EST</DateTime><ThumbUp>3</ThumbUp><ThumbDown>2</ThumbDown><Sentiment>Buy</Sentiment></Message><Message type="ReplyMessage"><Id>1358957865194-34</Id><Topic><Title>Coldone's Advice to Buy Yahoo From $11 to $19 Was Perfect</Title><Username>bflathalfdim</Username><Timestamp>1357139956520</Timestamp><DateTime>Wed, 2013-01-02 10:19:16 EST</DateTime></Topic><Msg>Coldone does it again.</Msg><Username>nanobot8042</Username><Timestamp>1358957865194</Timestamp><DateTime>Wed, 2013-01-23 11:17:45 EST</DateTime><ThumbUp>2</ThumbUp><ThumbDown>0</ThumbDown><Sentiment/></Message><Message type="ReplyMessage"><Id>1358958071807-35</Id><Topic><Title>Yahoo Anxious to End Microsoft Search Deal</Title><Username>mb525799</Username><Timestamp>1358803412416</Timestamp><DateTime>Mon, 2013-01-21 16:23:32 EST</DateTime></Topic><Msg>bad move if true . Sandberg in my estimate is person who insulates herself with her own kind and would be bad like MSFT. No good. Facebook is the biggest hoax every perpetrated since the Internet started. Even worse than Google. I wonder if this marrissa is still working for Google. In that case Yahoo goes back to $13/ share</Msg><Username>erimaas</Username><Timestamp>1358958071807</Timestamp><DateTime>Wed, 2013-01-23 11:21:11 EST</DateTime><ThumbUp>2</ThumbUp><ThumbDown>2</ThumbDown><Sentiment>Buy</Sentiment></Message><Message type="TopicMessage"><Id>1358958282911-36</Id><Title>Yahoo! pushes to new session high of 20.19, just above its multi-year close high of 20.13</Title><Msg>Yahoo's earnings report is on Monday. Early whisper numbers have Yahoo handily beating earnings expectations.</Msg><Username>tornupdown</Username><Timestamp>1358958282911</Timestamp><DateTime>Wed, 2013-01-23 11:24:42 EST</DateTime><ThumbUp>2</ThumbUp><ThumbDown>0</ThumbDown><Sentiment/></Message><Message type="ReplyMessage"><Id>1358958413451-37</Id><Topic><Title>Yahoo Anxious to End Microsoft Search Deal</Title><Username>mb525799</Username><Timestamp>1358803412416</Timestamp><DateTime>Mon, 2013-01-21 16:23:32 EST</DateTime></Topic><Msg>Marissa Mayer knows what she's doing, no one cares what your uneducated opinion is. In Mayer we trust.</Msg><Username>tetheredbird</Username><Timestamp>1358958413451</Timestamp><DateTime>Wed, 2013-01-23 11:26:53 EST</DateTime><ThumbUp>6</ThumbUp><ThumbDown>1</ThumbDown><Sentiment/></Message><Message type="ReplyMessage"><Id>1358958466224-38</Id><Topic><Title>Yahoo! pushes to new session high of 20.19, just above its multi-year close high of 20.13</Title><Username>tornupdown</Username><Timestamp>1358958282911</Timestamp><DateTime>Wed, 2013-01-23 11:24:42 EST</DateTime></Topic><Msg>You can't keep a good stock down.</Msg><Username>tetheredbird</Username><Timestamp>1358958466224</Timestamp><DateTime>Wed, 2013-01-23 11:27:46 EST</DateTime><ThumbUp>3</ThumbUp><ThumbDown>0</ThumbDown><Sentiment/></Message><Message type="ReplyMessage"><Id>1358959568542-39</Id><Topic><Title>POLL: How Many Trading Days until we Return to the $15s??</Title><Username>michan59</Username><Timestamp>1351105302747</Timestamp><DateTime>Wed, 2012-10-24 15:01:42 EDT</DateTime></Topic><Msg>Look at the fools. lol!!!!!!!!!!!!!!</Msg><Username>nanobot8042</Username><Timestamp>1358959568542</Timestamp><DateTime>Wed, 2013-01-23 11:46:08 EST</DateTime><ThumbUp>4</ThumbUp><ThumbDown>1</ThumbDown><Sentiment/></Message><Message type="ReplyMessage"><Id>1358959574209-40</Id><Topic><Title>To the CEO of this piece of .....</Title><Username>madmilker70</Username><Timestamp>1358952943327</Timestamp><DateTime>Wed, 2013-01-23 09:55:43 EST</DateTime></Topic><Msg>People are leaving yahoo because of censorship of the truth.</Msg><Username>madmilker70</Username><Timestamp>1358959574209</Timestamp><DateTime>Wed, 2013-01-23 11:46:14 EST</DateTime><ThumbUp>0</ThumbUp><ThumbDown>4</ThumbDown><Sentiment/></Message><Message type="ReplyMessage"><Id>1358959626563-41</Id><Topic><Title>Why Jack Ma Will Take Alibaba Group Public in 2013</Title><Username>thetoadtimes</Username><Timestamp>1356730280704</Timestamp><DateTime>Fri, 2012-12-28 16:31:20 EST</DateTime></Topic><Msg>It's coming May 10.</Msg><Username>nanobot8042</Username><Timestamp>1358959626563</Timestamp><DateTime>Wed, 2013-01-23 11:47:06 EST</DateTime><ThumbUp>4</ThumbUp><ThumbDown>1</ThumbDown><Sentiment/></Message><Message type="ReplyMessage"><Id>1358959667585-42</Id><Topic><Title>May 10, 2013 is the date Jack Ma steps down at Alibaba Group</Title><Username>xisdamarkfonex</Username><Timestamp>1358608300644</Timestamp><DateTime>Sat, 2013-01-19 10:11:40 EST</DateTime></Topic><Msg>Buy Yahoo now.</Msg><Username>nanobot8042</Username><Timestamp>1358959667585</Timestamp><DateTime>Wed, 2013-01-23 11:47:47 EST</DateTime><ThumbUp>2</ThumbUp><ThumbDown>0</ThumbDown><Sentiment/></Message><Message type="ReplyMessage"><Id>1358960127694-43</Id><Topic><Title>Yahoo please give post creators the ability to "remove" their own posts</Title><Username>dsc20601</Username><Timestamp>1358876204971</Timestamp><DateTime>Tue, 2013-01-22 12:36:44 EST</DateTime></Topic><Msg>Great point.</Msg><Username>megamuscles3</Username><Timestamp>1358960127694</Timestamp><DateTime>Wed, 2013-01-23 11:55:27 EST</DateTime><ThumbUp>3</ThumbUp><ThumbDown>1</ThumbDown><Sentiment>Hold</Sentiment></Message><Message type="ReplyMessage"><Id>1358960460575-44</Id><Topic><Title>mail</Title><Username>rug_dust</Username><Timestamp>1358736910742</Timestamp><DateTime>Sun, 2013-01-20 21:55:10 EST</DateTime></Topic><Msg>My mail is screwed again today, it freezes and I can't move emails to files - this board area does not load well either.</Msg><Username>lotahype44</Username><Timestamp>1358960460575</Timestamp><DateTime>Wed, 2013-01-23 12:01:00 EST</DateTime><ThumbUp>0</ThumbUp><ThumbDown>0</ThumbDown><Sentiment/></Message><Message type="ReplyMessage"><Id>1358960771416-45</Id><Topic><Title>Substantial Improvement for Yahoo! Inc. (YHOO). Read Now!</Title><Username>frankperson36</Username><Timestamp>1358947136522</Timestamp><DateTime>Wed, 2013-01-23 08:18:56 EST</DateTime></Topic><Msg>listen to people who got it right befote</Msg><Username>williamhardin10</Username><Timestamp>1358960771416</Timestamp><DateTime>Wed, 2013-01-23 12:06:11 EST</DateTime><ThumbUp>1</ThumbUp><ThumbDown>0</ThumbDown><Sentiment/></Message><Message type="ReplyMessage"><Id>1358961456825-46</Id><Topic><Title>Coldone's Advice to Buy Yahoo From $11 to $19 Was Perfect</Title><Username>bflathalfdim</Username><Timestamp>1357139956520</Timestamp><DateTime>Wed, 2013-01-02 10:19:16 EST</DateTime></Topic><Msg>Coldone never said to buy over $20. Your just another hotmodel alias. Coldone made a fool of you so now you make up lies about him.</Msg><Username>nanobot8042</Username><Timestamp>1358961456825</Timestamp><DateTime>Wed, 2013-01-23 12:17:36 EST</DateTime><ThumbUp>2</ThumbUp><ThumbDown>3</ThumbDown><Sentiment/></Message><Message type="ReplyMessage"><Id>1358961502938-47</Id><Topic><Title>May 10, 2013 is the date Jack Ma steps down at Alibaba Group</Title><Username>xisdamarkfonex</Username><Timestamp>1358608300644</Timestamp><DateTime>Sat, 2013-01-19 10:11:40 EST</DateTime></Topic><Msg>May Day, May Day!!!!</Msg><Username>nanobot8042</Username><Timestamp>1358961502938</Timestamp><DateTime>Wed, 2013-01-23 12:18:22 EST</DateTime><ThumbUp>2</ThumbUp><ThumbDown>0</ThumbDown><Sentiment/></Message><Message type="TopicMessage"><Id>1358961557228-48</Id><Title>20 calls for this week ?</Title><Msg>I see lot of action on 20 calls for this week. I wonder if something is brewing and if this calls work ? I do like the daily, weekly charts ? any one thinks this is good bet ?</Msg><Username>rumbavac</Username><Timestamp>1358961557228</Timestamp><DateTime>Wed, 2013-01-23 12:19:17 EST</DateTime><ThumbUp>2</ThumbUp><ThumbDown>1</ThumbDown><Sentiment/></Message><Message type="ReplyMessage"><Id>1358961788206-49</Id><Topic><Title>Coldone's Advice to Buy Yahoo From $11 to $19 Was Perfect</Title><Username>bflathalfdim</Username><Timestamp>1357139956520</Timestamp><DateTime>Wed, 2013-01-02 10:19:16 EST</DateTime></Topic><Msg>Wow - you're an idiot. You're dragging up posts from a month ago just to defend your precious Coldone? Or should I say your other alias. Fine. Yahoo is over $20 right now. Ask him whether to buy or not. Otherwise, shut up and buzz off. P.S. I already posted that I covered my short and haven't posted her in weeks - dide you just miss me?</Msg><Username>ca_fatboy</Username><Timestamp>1358961788206</Timestamp><DateTime>Wed, 2013-01-23 12:23:08 EST</DateTime><ThumbUp>0</ThumbUp><ThumbDown>1</ThumbDown><Sentiment/></Message><Message type="ReplyMessage"><Id>1358961986124-50</Id><Topic><Title>Coldone's Advice to Buy Yahoo From $11 to $19 Was Perfect</Title><Username>bflathalfdim</Username><Timestamp>1357139956520</Timestamp><DateTime>Wed, 2013-01-02 10:19:16 EST</DateTime></Topic><Msg>Look at the new hotmodel alias crying. What a baby throwing her little hissy fit. lol!!!! You serve one purpose - Keeping a good thread on top. Serve your purpose or begone with you.</Msg><Username>nanobot8042</Username><Timestamp>1358961986124</Timestamp><DateTime>Wed, 2013-01-23 12:26:26 EST</DateTime><ThumbUp>2</ThumbUp><ThumbDown>1</ThumbDown><Sentiment/></Message><Message type="ReplyMessage"><Id>1358962649469-51</Id><Topic><Title>Coldone's Advice to Buy Yahoo From $11 to $19 Was Perfect</Title><Username>bflathalfdim</Username><Timestamp>1357139956520</Timestamp><DateTime>Wed, 2013-01-02 10:19:16 EST</DateTime></Topic><Msg>Feel bad for Hotmodel - - - we've all been there. you're short and short and feeling great and then a full quarter of rallies blows away your portfolio and you spend 2 years holding the bag, digging out and not sleeping. Have empathy for hotmodel!</Msg><Username>sil2013sil</Username><Timestamp>1358962649469</Timestamp><DateTime>Wed, 2013-01-23 12:37:29 EST</DateTime><ThumbUp>0</ThumbUp><ThumbDown>1</ThumbDown><Sentiment/></Message><Message type="TopicMessage"><Id>1358962679861-52</Id><Title>All Indications---Yahoo will test Mid 20's in next month or so</Title><Msg>This stock is SOOOOOOOOOOOOOOOOOOOOOO grossly undervalued that when the lid is taken off we will see $ 21.50 after earnings and then pop from there to mid 20's---end of 2013 will bring Yahoo at $ 35-$ 40 The hell with the naysayers they area joke</Msg><Username>oldpalos</Username><Timestamp>1358962679861</Timestamp><DateTime>Wed, 2013-01-23 12:37:59 EST</DateTime><ThumbUp>0</ThumbUp><ThumbDown>0</ThumbDown><Sentiment>Strong Buy</Sentiment></Message><Message type="ReplyMessage"><Id>1358962744628-53</Id><Topic><Title>Coldone's Advice to Buy Yahoo From $11 to $19 Was Perfect</Title><Username>bflathalfdim</Username><Timestamp>1357139956520</Timestamp><DateTime>Wed, 2013-01-02 10:19:16 EST</DateTime></Topic><Msg>Coward. Put up or shut up. I challenged you - proved you wrong. And instead of taking it like a man, you do the only thing you can, whine little a little beatch. Ha - you've proved exactly what you are. Coldone's fluffer.</Msg><Username>ca_fatboy</Username><Timestamp>1358962744628</Timestamp><DateTime>Wed, 2013-01-23 12:39:04 EST</DateTime><ThumbUp>0</ThumbUp><ThumbDown>2</ThumbDown><Sentiment/></Message><Message type="TopicMessage"><Id>1358962879144-54</Id><Title>Y! will breaking out today!!</Title><Msg>Closing Price over $20,30</Msg><Username>xetra72</Username><Timestamp>1358962879144</Timestamp><DateTime>Wed, 2013-01-23 12:41:19 EST</DateTime><ThumbUp>1</ThumbUp><ThumbDown>1</ThumbDown><Sentiment>Strong Buy</Sentiment></Message><Message type="ReplyMessage"><Id>1358963153645-55</Id><Topic><Title>Y! will breaking out today!!</Title><Username>xetra72</Username><Timestamp>1358962879144</Timestamp><DateTime>Wed, 2013-01-23 12:41:19 EST</DateTime></Topic><Msg>ifthat's the close, the breakout might finally be here. i would love to see Yahoo climb to $28 this year and then get acquired next January for $35</Msg><Username>lutts</Username><Timestamp>1358963153645</Timestamp><DateTime>Wed, 2013-01-23 12:45:53 EST</DateTime><ThumbUp>1</ThumbUp><ThumbDown>1</ThumbDown><Sentiment/></Message><Message type="ReplyMessage"><Id>1358963697968-56</Id><Topic><Title>POLL: How Many Trading Days until we Return to the $15s??</Title><Username>michan59</Username><Timestamp>1351105302747</Timestamp><DateTime>Wed, 2012-10-24 15:01:42 EDT</DateTime></Topic><Msg>After the split</Msg><Username>whodatu_2000</Username><Timestamp>1358963697968</Timestamp><DateTime>Wed, 2013-01-23 12:54:57 EST</DateTime><ThumbUp>1</ThumbUp><ThumbDown>2</ThumbDown><Sentiment/></Message><Message type="ReplyMessage"><Id>1358963794409-57</Id><Topic><Title>Coldone's Advice to Buy Yahoo From $11 to $19 Was Perfect</Title><Username>bflathalfdim</Username><Timestamp>1357139956520</Timestamp><DateTime>Wed, 2013-01-02 10:19:16 EST</DateTime></Topic><Msg>You serve one purpose, hotmodel alias - Keeping a good thread on top. Serve your purpose again or begone with you, simpleton.</Msg><Username>nanobot8042</Username><Timestamp>1358963794409</Timestamp><DateTime>Wed, 2013-01-23 12:56:34 EST</DateTime><ThumbUp>2</ThumbUp><ThumbDown>1</ThumbDown><Sentiment/></Message><Message type="ReplyMessage"><Id>1358967050521-58</Id><Topic><Title>Coldone's Advice to Buy Yahoo From $11 to $19 Was Perfect</Title><Username>bflathalfdim</Username><Timestamp>1357139956520</Timestamp><DateTime>Wed, 2013-01-02 10:19:16 EST</DateTime></Topic><Msg>hahaha! Put that hotmodel alias to work!</Msg><Username>tetheredbird</Username><Timestamp>1358967050521</Timestamp><DateTime>Wed, 2013-01-23 13:50:50 EST</DateTime><ThumbUp>2</ThumbUp><ThumbDown>2</ThumbDown><Sentiment/></Message><Message type="ReplyMessage"><Id>1358967793334-59</Id><Topic><Title>Substantial Improvement for Yahoo! Inc. (YHOO). Read Now!</Title><Username>frankperson36</Username><Timestamp>1358947136522</Timestamp><DateTime>Wed, 2013-01-23 08:18:56 EST</DateTime></Topic><Msg>biggest winners around</Msg><Username>garywall59</Username><Timestamp>1358967793334</Timestamp><DateTime>Wed, 2013-01-23 14:03:13 EST</DateTime><ThumbUp>0</ThumbUp><ThumbDown>0</ThumbDown><Sentiment/></Message><Message type="TopicMessage"><Id>1358968699013-60</Id><Title>APPLE should buy yahoo</Title><Msg>Apple should buy yahoo for 24/share</Msg><Username>kickmofoass</Username><Timestamp>1358968699013</Timestamp><DateTime>Wed, 2013-01-23 14:18:19 EST</DateTime><ThumbUp>2</ThumbUp><ThumbDown>5</ThumbDown><Sentiment>Strong Buy</Sentiment></Message><Message type="ReplyMessage"><Id>1358968920204-61</Id><Topic><Title>APPLE should buy yahoo</Title><Username>kickmofoass</Username><Timestamp>1358968699013</Timestamp><DateTime>Wed, 2013-01-23 14:18:19 EST</DateTime></Topic><Msg>$24 will not do it. Get real.</Msg><Username>tetheredbird</Username><Timestamp>1358968920204</Timestamp><DateTime>Wed, 2013-01-23 14:22:00 EST</DateTime><ThumbUp>4</ThumbUp><ThumbDown>2</ThumbDown><Sentiment/></Message><Message type="ReplyMessage"><Id>1358968997605-62</Id><Topic><Title>Coldone's Advice to Buy Yahoo From $11 to $19 Was Perfect</Title><Username>bflathalfdim</Username><Timestamp>1357139956520</Timestamp><DateTime>Wed, 2013-01-02 10:19:16 EST</DateTime></Topic><Msg>Coldone has forced hotmodel to use aliases like ca_fatboy after shaming her on this board. hotmodel is losing her mind.</Msg><Username>nanobot8042</Username><Timestamp>1358968997605</Timestamp><DateTime>Wed, 2013-01-23 14:23:17 EST</DateTime><ThumbUp>2</ThumbUp><ThumbDown>2</ThumbDown><Sentiment/></Message><Message type="ReplyMessage"><Id>1358969650785-63</Id><Topic><Title>Yahoo! pushes to new session high of 20.19, just above its multi-year close high of 20.13</Title><Username>tornupdown</Username><Timestamp>1358958282911</Timestamp><DateTime>Wed, 2013-01-23 11:24:42 EST</DateTime></Topic><Msg>just can't seem to get through $20.20</Msg><Username>lutts</Username><Timestamp>1358969650785</Timestamp><DateTime>Wed, 2013-01-23 14:34:10 EST</DateTime><ThumbUp>0</ThumbUp><ThumbDown>1</ThumbDown><Sentiment/></Message><Message type="ReplyMessage"><Id>1358970018345-64</Id><Topic><Title>Yahoo! pushes to new session high of 20.19, just above its multi-year close high of 20.13</Title><Username>tornupdown</Username><Timestamp>1358958282911</Timestamp><DateTime>Wed, 2013-01-23 11:24:42 EST</DateTime></Topic><Msg>Yahoo is building into earnings.</Msg><Username>mb525799</Username><Timestamp>1358970018345</Timestamp><DateTime>Wed, 2013-01-23 14:40:18 EST</DateTime><ThumbUp>1</ThumbUp><ThumbDown>0</ThumbDown><Sentiment/></Message><Message type="TopicMessage"><Id>1358972115905-65</Id><Title>New Yahoo website</Title><Msg>Hate it.</Msg><Username>wintermanddd</Username><Timestamp>1358972115905</Timestamp><DateTime>Wed, 2013-01-23 15:15:15 EST</DateTime><ThumbUp>0</ThumbUp><ThumbDown>1</ThumbDown><Sentiment>Hold</Sentiment></Message><Message type="TopicMessage"><Id>1358972480205-66</Id><Title>DIVIDEND</Title><Msg>Any word of Yahoo paying a dividend?</Msg><Username>bommer54</Username><Timestamp>1358972480205</Timestamp><DateTime>Wed, 2013-01-23 15:21:20 EST</DateTime><ThumbUp>0</ThumbUp><ThumbDown>2</ThumbDown><Sentiment/></Message><Message type="ReplyMessage"><Id>1358974106650-67</Id><Topic><Title>Yahoo! pushes to new session high of 20.19, just above its multi-year close high of 20.13</Title><Username>tornupdown</Username><Timestamp>1358958282911</Timestamp><DateTime>Wed, 2013-01-23 11:24:42 EST</DateTime></Topic><Msg>Could set a new multi-year close today.</Msg><Username>selzar420</Username><Timestamp>1358974106650</Timestamp><DateTime>Wed, 2013-01-23 15:48:26 EST</DateTime><ThumbUp>0</ThumbUp><ThumbDown>1</ThumbDown><Sentiment/></Message><Message type="ReplyMessage"><Id>1358974174330-68</Id><Topic><Title>DIVIDEND</Title><Username>bommer54</Username><Timestamp>1358972480205</Timestamp><DateTime>Wed, 2013-01-23 15:21:20 EST</DateTime></Topic><Msg>Does google at over $740 per share pays a dividend? The answer is NO! Investors are buying YAHOO shares now for future growth that maybe one day yhoo will be at least half of google share price</Msg><Username>upyou_s</Username><Timestamp>1358974174330</Timestamp><DateTime>Wed, 2013-01-23 15:49:34 EST</DateTime><ThumbUp>0</ThumbUp><ThumbDown>1</ThumbDown><Sentiment>Strong Buy</Sentiment></Message><Message type="ReplyMessage"><Id>1358974668932-69</Id><Topic><Title>New Yahoo website</Title><Username>wintermanddd</Username><Timestamp>1358972115905</Timestamp><DateTime>Wed, 2013-01-23 15:15:15 EST</DateTime></Topic><Msg>I like it. Check out the music section. And install Axis, it's pretty cool. They are definitely focusing on techniology</Msg><Username>lutts</Username><Timestamp>1358974668932</Timestamp><DateTime>Wed, 2013-01-23 15:57:48 EST</DateTime><ThumbUp>0</ThumbUp><ThumbDown>1</ThumbDown><Sentiment/></Message><Message type="ReplyMessage"><Id>1358974739893-70</Id><Topic><Title>POLL: How Many Trading Days until we Return to the $15s??</Title><Username>michan59</Username><Timestamp>1351105302747</Timestamp><DateTime>Wed, 2012-10-24 15:01:42 EDT</DateTime></Topic><Msg>do you mean $20 and 15 cents?</Msg><Username>lutts</Username><Timestamp>1358974739893</Timestamp><DateTime>Wed, 2013-01-23 15:58:59 EST</DateTime><ThumbUp>0</ThumbUp><ThumbDown>2</ThumbDown><Sentiment/></Message><Message type="ReplyMessage"><Id>1358974813940-71</Id><Topic><Title>May 10, 2013 is the date Jack Ma steps down at Alibaba Group</Title><Username>xisdamarkfonex</Username><Timestamp>1358608300644</Timestamp><DateTime>Sat, 2013-01-19 10:11:40 EST</DateTime></Topic><Msg>Yahoo's earnings will be great!</Msg><Username>neo1278alpha</Username><Timestamp>1358974813940</Timestamp><DateTime>Wed, 2013-01-23 16:00:13 EST</DateTime><ThumbUp>0</ThumbUp><ThumbDown>0</ThumbDown><Sentiment/></Message><Message type="ReplyMessage"><Id>1358975290118-72</Id><Topic><Title>Yahoo please give post creators the ability to "remove" their own posts</Title><Username>dsc20601</Username><Timestamp>1358876204971</Timestamp><DateTime>Tue, 2013-01-22 12:36:44 EST</DateTime></Topic><Msg>yahoo please help prevent harassment</Msg><Username>reubensaulstein</Username><Timestamp>1358975290118</Timestamp><DateTime>Wed, 2013-01-23 16:08:10 EST</DateTime><ThumbUp>0</ThumbUp><ThumbDown>2</ThumbDown><Sentiment>Hold</Sentiment></Message><Message type="ReplyMessage"><Id>1358975472310-73</Id><Topic><Title>Hotmodel - Do you still think Yahoo was dead money at $15.80?</Title><Username>theecoldone</Username><Timestamp>1354722516724</Timestamp><DateTime>Wed, 2012-12-05 10:48:36 EST</DateTime></Topic><Msg>What a coward.</Msg><Username>tetheredbird</Username><Timestamp>1358975472310</Timestamp><DateTime>Wed, 2013-01-23 16:11:12 EST</DateTime><ThumbUp>1</ThumbUp><ThumbDown>2</ThumbDown><Sentiment/></Message><Message type="ReplyMessage"><Id>1358976054046-74</Id><Topic><Title>APPLE should buy yahoo</Title><Username>kickmofoass</Username><Timestamp>1358968699013</Timestamp><DateTime>Wed, 2013-01-23 14:18:19 EST</DateTime></Topic><Msg>If AAPL decided to buy YHOO they will be a company directly competing against goog, that is product and internet.</Msg><Username>goingbravo</Username><Timestamp>1358976054046</Timestamp><DateTime>Wed, 2013-01-23 16:20:54 EST</DateTime><ThumbUp>1</ThumbUp><ThumbDown>1</ThumbDown><Sentiment>Strong Buy</Sentiment></Message><Message type="TopicMessage"><Id>1358976060493-75</Id><Title>Pray that Yahoo shows good earnings .</Title><Msg>If not , Yahoo will go in the TANK .</Msg><Username>A Yahoo! User</Username><Timestamp>1358976060493</Timestamp><DateTime>Wed, 2013-01-23 16:21:00 EST</DateTime><ThumbUp>0</ThumbUp><ThumbDown>1</ThumbDown><Sentiment/></Message><Message type="ReplyMessage"><Id>1358976493865-76</Id><Topic><Title>Yahoo Anxious to End Microsoft Search Deal</Title><Username>mb525799</Username><Timestamp>1358803412416</Timestamp><DateTime>Mon, 2013-01-21 16:23:32 EST</DateTime></Topic><Msg>Yahoo and Microsoft will workout a new deal.</Msg><Username>trip23455</Username><Timestamp>1358976493865</Timestamp><DateTime>Wed, 2013-01-23 16:28:13 EST</DateTime><ThumbUp>2</ThumbUp><ThumbDown>1</ThumbDown><Sentiment/></Message><Message type="ReplyMessage"><Id>1358977886445-77</Id><Topic><Title>Pray that Yahoo shows good earnings .</Title><Username>A Yahoo! User</Username><Timestamp>1358976060493</Timestamp><DateTime>Wed, 2013-01-23 16:21:00 EST</DateTime></Topic><Msg>Yahoo is much more than earnings. They will beat estimates</Msg><Username>neo1278alpha</Username><Timestamp>1358977886445</Timestamp><DateTime>Wed, 2013-01-23 16:51:26 EST</DateTime><ThumbUp>0</ThumbUp><ThumbDown>1</ThumbDown><Sentiment/></Message><Message type="ReplyMessage"><Id>1358978135826-78</Id><Topic><Title>Yahoo! pushes to new session high of 20.19, just above its multi-year close high of 20.13</Title><Username>tornupdown</Username><Timestamp>1358958282911</Timestamp><DateTime>Wed, 2013-01-23 11:24:42 EST</DateTime></Topic><Msg>dammit! Still can't break that $20.20 mark. Overhead resistance is so tough to break through, once broken, YHOO could run up quickly. Anyone see the next resistance levels?</Msg><Username>lutts</Username><Timestamp>1358978135826</Timestamp><DateTime>Wed, 2013-01-23 16:55:35 EST</DateTime><ThumbUp>0</ThumbUp><ThumbDown>0</ThumbDown><Sentiment/></Message><Message type="TopicMessage"><Id>1358978747425-79</Id><Title>Apple 137 billion in the kitty</Title><Msg>apple could afford to pay 30 billion for Yahoo and still have 107 billion left over , add another 10 billion from apple cash horde to add to petty cash</Msg><Username>rkmtt</Username><Timestamp>1358978747425</Timestamp><DateTime>Wed, 2013-01-23 17:05:47 EST</DateTime><ThumbUp>0</ThumbUp><ThumbDown>0</ThumbDown><Sentiment>Strong Buy</Sentiment></Message><Message type="ReplyMessage"><Id>1358979330383-80</Id><Topic><Title>Yahoo please give post creators the ability to "remove" their own posts</Title><Username>dsc20601</Username><Timestamp>1358876204971</Timestamp><DateTime>Tue, 2013-01-22 12:36:44 EST</DateTime></Topic><Msg>Just so everyone knows, dsc20601 posts mostly spam on the SIRI board with many racists and bigoted remarks. Now he wants to delete his posts to hide his misdeeds and bigotry. Just so everyone knows reubensaulstein and megamuscles3 are dsc20601 aliases and kentbeene is probably one of his aliases too. Replying to someones post is not harassment. Some of the posts dsc20601 wants to delete are posts where he posted personal family information about a fellow Yahoo board member he was jealous of. Now that is harassment. If you don't want someone to reply then don't post it. If you are ashamed of your old posts then don't posts them to begin with.</Msg><Username>stoolpumper</Username><Timestamp>1358979330383</Timestamp><DateTime>Wed, 2013-01-23 17:15:30 EST</DateTime><ThumbUp>0</ThumbUp><ThumbDown>0</ThumbDown><Sentiment/></Message><Message type="ReplyMessage"><Id>1358980273920-81</Id><Topic><Title>Hotmodel - Do you still think Yahoo was dead money at $15.80?</Title><Username>theecoldone</Username><Timestamp>1354722516724</Timestamp><DateTime>Wed, 2012-12-05 10:48:36 EST</DateTime></Topic><Msg>Hahahahahaha and tonight Netflix is up 27% to over $130 per share...how do you like them apples stalkers???lol Oh and as I told Eric Jackson in his Forbes articles, Apple is in trouble, Iphone sales "disappointed" and get socked back down to the $480's. May not gloat much but damn!lol</Msg><Username>hotmodeltestid122</Username><Timestamp>1358980273920</Timestamp><DateTime>Wed, 2013-01-23 17:31:13 EST</DateTime><ThumbUp>0</ThumbUp><ThumbDown>4</ThumbDown><Sentiment/></Message><Message type="ReplyMessage"><Id>1358984199111-82</Id><Topic><Title>DIVIDEND</Title><Username>bommer54</Username><Timestamp>1358972480205</Timestamp><DateTime>Wed, 2013-01-23 15:21:20 EST</DateTime></Topic><Msg>Half of Google's value would be more realistic. :P If YHOO traded at half of GOOG's share price, it would have a market cap of roughly $438bil (or just under 2X GOOG's market cap.)</Msg><Username>lionstigersandbulls</Username><Timestamp>1358984199111</Timestamp><DateTime>Wed, 2013-01-23 18:36:39 EST</DateTime><ThumbUp>0</ThumbUp><ThumbDown>0</ThumbDown><Sentiment>Hold</Sentiment></Message><Message type="ReplyMessage"><Id>1358986098805-83</Id><Topic><Title>.28 cents consensus?</Title><Username>webdave_2000</Username><Timestamp>1358903285977</Timestamp><DateTime>Tue, 2013-01-22 20:08:05 EST</DateTime></Topic><Msg>would it be a apple or a netflix?</Msg><Username>webdave_2000</Username><Timestamp>1358986098805</Timestamp><DateTime>Wed, 2013-01-23 19:08:18 EST</DateTime><ThumbUp>0</ThumbUp><ThumbDown>0</ThumbDown><Sentiment>Strong Buy</Sentiment></Message><Message type="ReplyMessage"><Id>1358986343325-84</Id><Topic><Title>APPLE should buy yahoo</Title><Username>kickmofoass</Username><Timestamp>1358968699013</Timestamp><DateTime>Wed, 2013-01-23 14:18:19 EST</DateTime></Topic><Msg>I have a feeling about it.</Msg><Username>plashadpobedy</Username><Timestamp>1358986343325</Timestamp><DateTime>Wed, 2013-01-23 19:12:23 EST</DateTime><ThumbUp>1</ThumbUp><ThumbDown>1</ThumbDown><Sentiment/></Message><Message type="TopicMessage"><Id>1358986813276-85</Id><Title>Has the ridiculous, non-stop #$%$ contest flushed all YHOO discourse from this mb???</Title><Msg>It used to be so interesting...no more. I am a long-time long. Blessings</Msg><Username>sfm211myutmost</Username><Timestamp>1358986813276</Timestamp><DateTime>Wed, 2013-01-23 19:20:13 EST</DateTime><ThumbUp>1</ThumbUp><ThumbDown>0</ThumbDown><Sentiment>Buy</Sentiment></Message><Message type="ReplyMessage"><Id>1358986909532-86</Id><Topic><Title>Has the ridiculous, non-stop #$%$ contest flushed all YHOO discourse from this mb???</Title><Username>sfm211myutmost</Username><Timestamp>1358986813276</Timestamp><DateTime>Wed, 2013-01-23 19:20:13 EST</DateTime></Topic><Msg>hmmmm...urinating</Msg><Username>sfm211myutmost</Username><Timestamp>1358986909532</Timestamp><DateTime>Wed, 2013-01-23 19:21:49 EST</DateTime><ThumbUp>0</ThumbUp><ThumbDown>0</ThumbDown><Sentiment>Buy</Sentiment></Message><Message type="ReplyMessage"><Id>1358987342713-87</Id><Topic><Title>Yahoo Anxious to End Microsoft Search Deal</Title><Username>mb525799</Username><Timestamp>1358803412416</Timestamp><DateTime>Mon, 2013-01-21 16:23:32 EST</DateTime></Topic><Msg>Microsoft will make Yahoo an offer they can't refuse.</Msg><Username>selzar420</Username><Timestamp>1358987342713</Timestamp><DateTime>Wed, 2013-01-23 19:29:02 EST</DateTime><ThumbUp>1</ThumbUp><ThumbDown>2</ThumbDown><Sentiment/></Message><Message type="ReplyMessage"><Id>1358987798888-88</Id><Topic><Title>Hotmodel - Do you still think Yahoo was dead money at $15.80?</Title><Username>theecoldone</Username><Timestamp>1354722516724</Timestamp><DateTime>Wed, 2012-12-05 10:48:36 EST</DateTime></Topic><Msg>This is the Yahoo message board. You should have listened to coldone.</Msg><Username>tetheredbird</Username><Timestamp>1358987798888</Timestamp><DateTime>Wed, 2013-01-23 19:36:38 EST</DateTime><ThumbUp>1</ThumbUp><ThumbDown>1</ThumbDown><Sentiment/></Message><Message type="ReplyMessage"><Id>1358988623532-89</Id><Topic><Title>.28 cents consensus?</Title><Username>webdave_2000</Username><Timestamp>1358903285977</Timestamp><DateTime>Tue, 2013-01-22 20:08:05 EST</DateTime></Topic><Msg>ignorant guess .30</Msg><Username>brainless_2004</Username><Timestamp>1358988623532</Timestamp><DateTime>Wed, 2013-01-23 19:50:23 EST</DateTime><ThumbUp>1</ThumbUp><ThumbDown>0</ThumbDown><Sentiment>Strong Buy</Sentiment></Message><Message type="TopicMessage"><Id>1358988719314-90</Id><Title>Yahoo Conference Call</Title><Msg>Mayer has been CEO for 6 months, Yahoo will guide higher than expected and beat earnings. Listen for comments on key points such as Asian assets, Microsoft search deal, hiring and the $3B buyback.</Msg><Username>tetheredbird</Username><Timestamp>1358988719314</Timestamp><DateTime>Wed, 2013-01-23 19:51:59 EST</DateTime><ThumbUp>2</ThumbUp><ThumbDown>0</ThumbDown><Sentiment/></Message><Message type="TopicMessage"><Id>1358989591390-91</Id><Title>Yahoo quit violating our constitutional rights!!</Title><Msg>Maybe we should start shorting Yahoo!!! If they won't allow individuals the right to read the actual news and allow individual prospect investors learn about the importance of MJ. Then all this site is doing is violating our 1st amendment rights! Our forefathers created the constitution for this very reason. The right of free speech is essential for our country to move forward not backwards. Change in the world is necessary for us as individuals to evolve! Censorship is a violation of our constitutional rights and if Yahoo continues this practice then maybe we do the same to it. I am sure many other search engine/ news sites would love to have the web traffic. I feel like I want to start a movement that all the pro MJ investors and all other individuals that want to hear the actual news without censorship should find another site to find the news and chat about the news without censorship. Isn't that what news journalist's fear the most??? Great Job Yahoo!! Be careful of your actions as if we have a mass exodus from Yahoo they would certainly feel the pain. Remember there are strength in numbers! One day we may all decide to find another place to discuss our views and opinions without being oppressed by another corporate american company. I suggest we all speak out and post our opinions with a mass of people doing so maybe they will change there corrupt policy.</Msg><Username>A Yahoo! User</Username><Timestamp>1358989591390</Timestamp><DateTime>Wed, 2013-01-23 20:06:31 EST</DateTime><ThumbUp>0</ThumbUp><ThumbDown>1</ThumbDown><Sentiment/></Message><Message type="ReplyMessage"><Id>1358991120269-92</Id><Topic><Title>Pray that Yahoo shows good earnings .</Title><Username>A Yahoo! User</Username><Timestamp>1358976060493</Timestamp><DateTime>Wed, 2013-01-23 16:21:00 EST</DateTime></Topic><Msg>YAHOO IS GOING DOWN .</Msg><Username>A Yahoo! User</Username><Timestamp>1358991120269</Timestamp><DateTime>Wed, 2013-01-23 20:32:00 EST</DateTime><ThumbUp>0</ThumbUp><ThumbDown>1</ThumbDown><Sentiment>Strong Sell</Sentiment></Message><Message type="TopicMessage"><Id>1358994204703-93</Id><Title>YHOO $22+ after earning?</Title><Msg>/cheer</Msg><Username>aurin_res</Username><Timestamp>1358994204703</Timestamp><DateTime>Wed, 2013-01-23 21:23:24 EST</DateTime><ThumbUp>1</ThumbUp><ThumbDown>1</ThumbDown><Sentiment/></Message><Message type="ReplyMessage"><Id>1358995450771-94</Id><Topic><Title>Yahoo quit violating our constitutional rights!!</Title><Username>A Yahoo! User</Username><Timestamp>1358989591390</Timestamp><DateTime>Wed, 2013-01-23 20:06:31 EST</DateTime></Topic><Msg>What is MJ?</Msg><Username>markjtb</Username><Timestamp>1358995450771</Timestamp><DateTime>Wed, 2013-01-23 21:44:10 EST</DateTime><ThumbUp>0</ThumbUp><ThumbDown>0</ThumbDown><Sentiment/></Message><Message type="ReplyMessage"><Id>1358995902105-95</Id><Topic><Title>Yahoo quit violating our constitutional rights!!</Title><Username>A Yahoo! User</Username><Timestamp>1358989591390</Timestamp><DateTime>Wed, 2013-01-23 20:06:31 EST</DateTime></Topic><Msg>I agree with you! Their censors are as bad as Joseph Stalin's!!</Msg><Username>boulmichone</Username><Timestamp>1358995902105</Timestamp><DateTime>Wed, 2013-01-23 21:51:42 EST</DateTime><ThumbUp>0</ThumbUp><ThumbDown>0</ThumbDown><Sentiment>Strong Sell</Sentiment></Message><Message type="TopicMessage"><Id>1358995996623-96</Id><Title>aapl is fashion fad toy maker</Title><Msg>it has no value as a business tool maker. aapleites do not care if they make or lose money, so long they can hold on to their delusion that aapl is an invincible demigod.</Msg><Username>boston215</Username><Timestamp>1358995996623</Timestamp><DateTime>Wed, 2013-01-23 21:53:16 EST</DateTime><ThumbUp>0</ThumbUp><ThumbDown>0</ThumbDown><Sentiment/></Message><Message type="ReplyMessage"><Id>1358997492486-97</Id><Topic><Title>APPLE should buy yahoo</Title><Username>kickmofoass</Username><Timestamp>1358968699013</Timestamp><DateTime>Wed, 2013-01-23 14:18:19 EST</DateTime></Topic><Msg>well they may have to pay more but they should make an offer and could compete against google more effectively they need to do something</Msg><Username>kickmofoass</Username><Timestamp>1358997492486</Timestamp><DateTime>Wed, 2013-01-23 22:18:12 EST</DateTime><ThumbUp>1</ThumbUp><ThumbDown>1</ThumbDown><Sentiment>Strong Buy</Sentiment></Message><Message type="ReplyMessage"><Id>1358997953481-98</Id><Topic><Title>POLL: How Many Trading Days until we Return to the $15s??</Title><Username>michan59</Username><Timestamp>1351105302747</Timestamp><DateTime>Wed, 2012-10-24 15:01:42 EDT</DateTime></Topic><Msg>to get to $15 u have to go back 180 days or rotate your brain 180 degree .</Msg><Username>sep122</Username><Timestamp>1358997953481</Timestamp><DateTime>Wed, 2013-01-23 22:25:53 EST</DateTime><ThumbUp>0</ThumbUp><ThumbDown>0</ThumbDown><Sentiment>Strong Buy</Sentiment></Message><Message type="ReplyMessage"><Id>1358998714200-99</Id><Topic><Title>.28 cents consensus?</Title><Username>webdave_2000</Username><Timestamp>1358903285977</Timestamp><DateTime>Tue, 2013-01-22 20:08:05 EST</DateTime></Topic><Msg>I included December 16th as well and rounded up to 40,000. I also stated it was probably for taxes as well. No, I didn't read the SEC Filings as I've barely been keeping up on individual stocks. I've been getting half a dozen trade idea's from Fahed, of Optionmonster, for free lately and trying to research those. He did make a compelling case with lots of charts that the market rally is over. Here: Reviewing Market Internals at the end of Tuesday, January 22 This is going to sound overly or dangerously cautious, but it is necessary to be aware of how market internals are stacking up and reaching overbought. Do not be surprised if very soon I send out an alert titled "Go To Cash" or "Short The Market." Except NYMO, which can get to overbought reading in a single day, all other internals are now stretched. Let's review in more detail each chart and then I will sum it all up with some high-level points on market sentiment/fundamentals. S&amp;P Long-Term Chart - Since the rally began in March 2009, this is the first time that while S&amp;P continues to make new highs on ever decreasing volume, the MACD is not. This is a bearish divergence which has been playing out since May of 2012, but not many pundits seem to pay attention. S&amp;P Intermediate Chart - We have a classic breakout here through VWAP resistance which has every technician excited. No arguing there. But both RSI and MACD are nearing overbought, while S&amp;P tags along upper end of the channel resistance. While slow grind higher is possible, but any thrust of big rally from here will put both RSI and MACD immediately to overbought, likely bringing out sell orders. S&amp;P Short-Term Chart - Same as described above. Watch the channel. Slow grind higher is possible, but now everyone is playing this trend since the beginning of year, which means it is likely coming to an end soon. NYMO - Closed at +51. Above +60 it gets hot. Above +80 it is Sahara Desert.</Msg><Username>hotmodeltestid122</Username><Timestamp>1358998714200</Timestamp><DateTime>Wed, 2013-01-23 22:38:34 EST</DateTime><ThumbUp>0</ThumbUp><ThumbDown>3</ThumbDown><Sentiment/></Message><Message type="ReplyMessage"><Id>1358998829528-100</Id><Topic><Title>.28 cents consensus?</Title><Username>webdave_2000</Username><Timestamp>1358903285977</Timestamp><DateTime>Tue, 2013-01-22 20:08:05 EST</DateTime></Topic><Msg>NYSI - Closed at +941. Above +1000 it gets hot. Above +1000 with MACD 200 is Sahara Desert. NYA50R - Percent of NYSE stocks trading above 50-day MA closed at 89%. Red Coal Hot! SPXA50R - Percent of S&amp;P 500 stocks trading above 50-day MA closed at 93%. Red Coal Hot! BPSPX - S&amp;P Bullish Percentage Index based on P&amp;F charts used by NYSE technicians closed at 79%, just a tad shy of 80% overbought indicator. Too many bulls at the NYSE. VIX - While the Spot VIX is in the dumpster with 12 handle, the futures curve has also collapsed and continues to move lower. Feb at 14.05. Mar at 15.40. Apr at 16.05. May at 17.10. There is no fear looking out several months. We haven't had NYSE Tick reading below +1000 since Christmas. In other words, even during days when market was slightly weak, the number of NYSE issues advancing vs. declining has consistently remained above 1000 for four weeks. Last time the streak was this long was in mid-2007. Another stat (courtesy of Bespoke) is that during last 5 years, there have been only 2 days (Oct 27 and 28 in 2011) when the number of overbought stocks in S&amp;P were higher than today (398). Subsequently, S&amp;P corrected 9% within a month. On the flip side, the two indicators that bulls point out lately is incredible outperformance of Transports (IYT) and Small Caps (IWM) relative to S&amp;P. See under Sector Performance. The argument goes that as long as these are outpacing S&amp;P, this rally can remain intact. I can understand that, but there is no historic precedent to suggest that market can't pull back, say 3-5%, to neutralize some of these overbought market internals when IYT and IWM are outperforming.</Msg><Username>hotmodeltestid122</Username><Timestamp>1358998829528</Timestamp><DateTime>Wed, 2013-01-23 22:40:29 EST</DateTime><ThumbUp>0</ThumbUp><ThumbDown>3</ThumbDown><Sentiment/></Message><Message type="ReplyMessage"><Id>1358998919153-101</Id><Topic><Title>.28 cents consensus?</Title><Username>webdave_2000</Username><Timestamp>1358903285977</Timestamp><DateTime>Tue, 2013-01-22 20:08:05 EST</DateTime></Topic><Msg>The question that we need to ask is what is the catalyst for pull back? Quite frankly, given current state of overbought internals I was hoping it would be negative reaction to GOOG and IBM earnings, which was part of the thought process before I sent out those earnings plays. But clearly the S&amp;P has different agenda in mind. Just quickly regarding those earnings, GOOG got hammered in Oct when it reported deceleration in paid clicks. This time further deceleration doesn't seem to matter. IBM got hammered in Oct for deterioration in order bookings. This time 13% decline in bookings doesn't seem to matter. The same talking heads who were trashing these stocks in Oct now seem to love them despite further cracks in quality of earnings. Three months ago S&amp;P Q4 earnings growth expectation was 9%. Today it is 3% and as companies beat the low bar, everyone is cheering. That's what happens when investors cloud their judgement on fundamentals by simply looking at stock price action. I guarantee that if GOOG shares had dropped, the same pundits who were cheering the fundamentals after hours would have been trashing them. Back to market internals -- a few more recently issued macro data points. The Richmond, New York and Philly Fed Index missed expectations by a mile as reported in last two weeks, the worst reading in five months. The Citi Macro Index, which has an impeccable track record in forecasting turns in S&amp;P 500, turned negative for the first time since April 2012. Courtesty of Zerohedge, this is presented in the first chart below. Once again, what is the catalyst that will cause market correction? Perhaps Credit Suisse gives us some hints as following: "There is an 89% correlation between forward-year EPS revision and the market performance in February. Our expectation is for 2013 EPS consensus to be revised down by 3% from $112.57 to $109.30 over the next three months." So market sell-off in February? Fahad</Msg><Username>hotmodeltestid122</Username><Timestamp>1358998919153</Timestamp><DateTime>Wed, 2013-01-23 22:41:59 EST</DateTime><ThumbUp>0</ThumbUp><ThumbDown>3</ThumbDown><Sentiment/></Message><Message type="ReplyMessage"><Id>1358999163341-102</Id><Topic><Title>.28 cents consensus?</Title><Username>webdave_2000</Username><Timestamp>1358903285977</Timestamp><DateTime>Tue, 2013-01-22 20:08:05 EST</DateTime></Topic><Msg>Basket- For some reason Yahoo has dramatically limited the length of our posts. Anyway, thanks for Fancy, as I haven't heard of it so will research it some time when I have a chance. You don't like the circumcised name? Perhaps, go to hospitals with a free Snip It?hahahahaha</Msg><Username>hotmodeltestid122</Username><Timestamp>1358999163341</Timestamp><DateTime>Wed, 2013-01-23 22:46:03 EST</DateTime><ThumbUp>1</ThumbUp><ThumbDown>3</ThumbDown><Sentiment/></Message><Message type="ReplyMessage"><Id>1359001384902-103</Id><Topic><Title>Hotmodel - Do you still think Yahoo was dead money at $15.80?</Title><Username>theecoldone</Username><Timestamp>1354722516724</Timestamp><DateTime>Wed, 2012-12-05 10:48:36 EST</DateTime></Topic><Msg>i think after 1000 times the question should be DEAD!</Msg><Username>matsky5</Username><Timestamp>1359001384902</Timestamp><DateTime>Wed, 2013-01-23 23:23:04 EST</DateTime><ThumbUp>1</ThumbUp><ThumbDown>2</ThumbDown><Sentiment/></Message></Date>