<?xml version="1.0" encoding="UTF-8" standalone="no"?><Date date="2012-12-10"><Message type="ReplyMessage"><Id>1355146028122-1</Id><Topic><Title>Thank Obama for the 401K shafting</Title><Username>thatgdgreenspan</Username><Timestamp>1355071222977</Timestamp><DateTime>Sun, 2012-12-09 11:40:22 EST</DateTime></Topic><Msg>No, you can thank the executives (and the B.O.D.) at IBM who have made it perfectly clear that the march to $20 EPS by 2015 will NOT be interrupted, and if the employees have to shed benefits (and jobs, sadly) to do it, then so be it. Again, share price FAR outweighs employee morale. It's a short term recipe for success. Long term, it's dangerous</Msg><Username>approval_myass</Username><Timestamp>1355146028122</Timestamp><DateTime>Mon, 2012-12-10 08:27:08 EST</DateTime><ThumbUp>6</ThumbUp><ThumbDown>0</ThumbDown><Sentiment/></Message><Message type="TopicMessage"><Id>1355148531218-2</Id><Title>Dare to short this stock today</Title><Msg>Already 2 green. It will cover my short at $189 today</Msg><Username>bigk95133</Username><Timestamp>1355148531218</Timestamp><DateTime>Mon, 2012-12-10 09:08:51 EST</DateTime><ThumbUp>0</ThumbUp><ThumbDown>1</ThumbDown><Sentiment/></Message><Message type="ReplyMessage"><Id>1355159909815-3</Id><Topic><Title>Thank Obama for the 401K shafting</Title><Username>thatgdgreenspan</Username><Timestamp>1355071222977</Timestamp><DateTime>Sun, 2012-12-09 11:40:22 EST</DateTime></Topic><Msg>WRONG WRONG WRONG! This is all about $20 EPS. Nothing more, nothing less. You can blame Obama for a lot of things, but this ain't one of them. Sending jobs to China, Mexico, India? $20EPS, - Cut pension? $20 EPS, - No raises or bonuses for working stiffs? $20 EPS - Layoffs? $20 EPS. It is a goal with no realistic road map other than cut cut cut. When the revenue increases, then come and see me about Obama, until then it is just the march to $20 EPS.</Msg><Username>louscashcow</Username><Timestamp>1355159909815</Timestamp><DateTime>Mon, 2012-12-10 12:18:29 EST</DateTime><ThumbUp>4</ThumbUp><ThumbDown>0</ThumbDown><Sentiment/></Message><Message type="TopicMessage"><Id>1355161937269-4</Id><Title>SELL-OFF...SELL-OFF...SELL-OFF...SELL-OFF...SELL-OFF IS COMING!</Title><Msg>WAIT FOR WHAT?</Msg><Username>rddr2022</Username><Timestamp>1355161937269</Timestamp><DateTime>Mon, 2012-12-10 12:52:17 EST</DateTime><ThumbUp>0</ThumbUp><ThumbDown>1</ThumbDown><Sentiment/></Message><Message type="ReplyMessage"><Id>1355162339936-5</Id><Topic><Title>IBM latest pension cut hits older employees hardest.....again.</Title><Username>louscashcow</Username><Timestamp>1354899847683</Timestamp><DateTime>Fri, 2012-12-07 12:04:07 EST</DateTime></Topic><Msg>Train them how to do what? #$%$ and Moan most were just dead wood the company should have got rid of decades ago.......</Msg><Username>dyerh81</Username><Timestamp>1355162339936</Timestamp><DateTime>Mon, 2012-12-10 12:58:59 EST</DateTime><ThumbUp>0</ThumbUp><ThumbDown>6</ThumbDown><Sentiment/></Message><Message type="ReplyMessage"><Id>1355179905148-6</Id><Topic><Title>IBM latest pension cut hits older employees hardest.....again.</Title><Username>louscashcow</Username><Timestamp>1354899847683</Timestamp><DateTime>Fri, 2012-12-07 12:04:07 EST</DateTime></Topic><Msg>Exactly. Very well, stated. We're all doomed if you want to put it in that perspective. I like IBM servers though. They hum along rather good. good job guys, while it lasted. cd</Msg><Username>cd_iso</Username><Timestamp>1355179905148</Timestamp><DateTime>Mon, 2012-12-10 17:51:45 EST</DateTime><ThumbUp>1</ThumbUp><ThumbDown>2</ThumbDown><Sentiment/></Message><Message type="TopicMessage"><Id>1355184946649-7</Id><Title>Done nothing for 52 weeks</Title><Msg>Just checked google stock screener and it has the dubious distinction of having a 52 week change of zero! That said, is it time to move on? Is there any juice left in this or just the proverbial dead money situation?</Msg><Username>colorado_dude4u</Username><Timestamp>1355184946649</Timestamp><DateTime>Mon, 2012-12-10 19:15:46 EST</DateTime><ThumbUp>1</ThumbUp><ThumbDown>1</ThumbDown><Sentiment/></Message><Message type="ReplyMessage"><Id>1355193403923-8</Id><Topic><Title>Done nothing for 52 weeks</Title><Username>colorado_dude4u</Username><Timestamp>1355184946649</Timestamp><DateTime>Mon, 2012-12-10 19:15:46 EST</DateTime></Topic><Msg>you are supposed to jump in and jump out, you know time this pig</Msg><Username>teamb562</Username><Timestamp>1355193403923</Timestamp><DateTime>Mon, 2012-12-10 21:36:43 EST</DateTime><ThumbUp>0</ThumbUp><ThumbDown>2</ThumbDown><Sentiment/></Message><Message type="TopicMessage"><Id>1355194031526-9</Id><Title>IBM making same dumb move HP made</Title><Msg>Ruining employee morale will destroy a company. I just bet the farm by shorting IBM</Msg><Username>captain_of_truth</Username><Timestamp>1355194031526</Timestamp><DateTime>Mon, 2012-12-10 21:47:11 EST</DateTime><ThumbUp>0</ThumbUp><ThumbDown>2</ThumbDown><Sentiment/></Message><Message type="TopicMessage"><Id>1355194145486-10</Id><Title>If you want to impose chane, do a work slowdown</Title><Msg>IBM will keep cutting like airlines did</Msg><Username>captain_of_truth</Username><Timestamp>1355194145486</Timestamp><DateTime>Mon, 2012-12-10 21:49:05 EST</DateTime><ThumbUp>0</ThumbUp><ThumbDown>2</ThumbDown><Sentiment/></Message></Date>