<?xml version="1.0" encoding="UTF-8" standalone="no"?><Date date="2012-07-30"><Message type="TopicMessage"><Id>1343652610000-1</Id><Title>Chinese Proverb</Title><Msg>Bounce like ball - drop like rock</Msg><Username>hamletshakespeare71</Username><Timestamp>1343652610000</Timestamp><DateTime>Mon, 2012-07-30 08:50:10 EDT</DateTime><ThumbUp>0</ThumbUp><ThumbDown>3</ThumbDown><Sentiment/></Message><Message type="ReplyMessage"><Id>1343655654000-2</Id><Topic><Title>Chinese Proverb</Title><Username>hamletshakespeare71</Username><Timestamp>1343652610000</Timestamp><DateTime>Mon, 2012-07-30 08:50:10 EDT</DateTime></Topic><Msg>Talk is cheap.</Msg><Username>yield_of_my_dreams</Username><Timestamp>1343655654000</Timestamp><DateTime>Mon, 2012-07-30 09:40:54 EDT</DateTime><ThumbUp>1</ThumbUp><ThumbDown>1</ThumbDown><Sentiment/></Message><Message type="ReplyMessage"><Id>1343659889000-3</Id><Topic><Title>2017-2020 IBM Breakup ???????</Title><Username>tx.icon0clast</Username><Timestamp>1343431999000</Timestamp><DateTime>Fri, 2012-07-27 19:33:19 EDT</DateTime></Topic><Msg>Never going to happen.</Msg><Username>dont_ask_me_dont_tell_you</Username><Timestamp>1343659889000</Timestamp><DateTime>Mon, 2012-07-30 10:51:29 EDT</DateTime><ThumbUp>1</ThumbUp><ThumbDown>0</ThumbDown><Sentiment/></Message><Message type="ReplyMessage"><Id>1343674246000-4</Id><Topic><Title>Chinese Proverb</Title><Username>hamletshakespeare71</Username><Timestamp>1343652610000</Timestamp><DateTime>Mon, 2012-07-30 08:50:10 EDT</DateTime></Topic><Msg>"Those who know do not say; Those who say do not know."</Msg><Username>alreadyhaveauser</Username><Timestamp>1343674246000</Timestamp><DateTime>Mon, 2012-07-30 14:50:46 EDT</DateTime><ThumbUp>1</ThumbUp><ThumbDown>0</ThumbDown><Sentiment/></Message><Message type="ReplyMessage"><Id>1343677664000-5</Id><Topic><Title>IBM - IBM's Reinvention Should Inspire Flat Pharma Businesses</Title><Username>virginakastel</Username><Timestamp>1343564894000</Timestamp><DateTime>Sun, 2012-07-29 08:28:14 EDT</DateTime></Topic><Msg>VIRUS !!!</Msg><Username>unclelarry66</Username><Timestamp>1343677664000</Timestamp><DateTime>Mon, 2012-07-30 15:47:44 EDT</DateTime><ThumbUp>0</ThumbUp><ThumbDown>1</ThumbDown><Sentiment/></Message><Message type="ReplyMessage"><Id>1343684768000-6</Id><Topic><Title>Chinese Proverb</Title><Username>hamletshakespeare71</Username><Timestamp>1343652610000</Timestamp><DateTime>Mon, 2012-07-30 08:50:10 EDT</DateTime></Topic><Msg>Another Genius with a crystal ball.</Msg><Username>dino2hootie</Username><Timestamp>1343684768000</Timestamp><DateTime>Mon, 2012-07-30 17:46:08 EDT</DateTime><ThumbUp>0</ThumbUp><ThumbDown>1</ThumbDown><Sentiment/></Message><Message type="TopicMessage"><Id>1343685018000-7</Id><Title>yes</Title><Msg>fddsfdsafsdfsdfsdfsdf</Msg><Username>timofeymozgov</Username><Timestamp>1343685018000</Timestamp><DateTime>Mon, 2012-07-30 17:50:18 EDT</DateTime><ThumbUp>0</ThumbUp><ThumbDown>1</ThumbDown><Sentiment/></Message><Message type="ReplyMessage"><Id>1343688392000-8</Id><Topic><Title>Chinese Proverb</Title><Username>hamletshakespeare71</Username><Timestamp>1343652610000</Timestamp><DateTime>Mon, 2012-07-30 08:50:10 EDT</DateTime></Topic><Msg>Bounce like ball - drop like rock , fly like a butterfly.(IBM proverb). The ball equals the Dow, the rock equals naysayers, (everything to a rock is negative and the butterfly is IBM. There.... thats more like it !</Msg><Username>zer0t0l</Username><Timestamp>1343688392000</Timestamp><DateTime>Mon, 2012-07-30 18:46:32 EDT</DateTime><ThumbUp>0</ThumbUp><ThumbDown>1</ThumbDown><Sentiment/></Message><Message type="ReplyMessage"><Id>1343691233000-9</Id><Topic><Title>Help is on its way</Title><Username>olvagev073</Username><Timestamp>1343657591000</Timestamp><DateTime>Mon, 2012-07-30 10:13:11 EDT</DateTime></Topic><Msg>Thanks for the site</Msg><Username>hillardhni921</Username><Timestamp>1343691233000</Timestamp><DateTime>Mon, 2012-07-30 19:33:53 EDT</DateTime><ThumbUp>0</ThumbUp><ThumbDown>2</ThumbDown><Sentiment/></Message><Message type="TopicMessage"><Id>1343694592000-10</Id><Title>Cemex inks huge dealwith IBM</Title><Msg>AND FOR LAUGHS they really expect to get savings by 2014??? IBM will simply screw them for billable hours as another cash cow.</Msg><Username>retiredexaon</Username><Timestamp>1343694592000</Timestamp><DateTime>Mon, 2012-07-30 20:29:52 EDT</DateTime><ThumbUp>0</ThumbUp><ThumbDown>1</ThumbDown><Sentiment/></Message><Message type="ReplyMessage"><Id>1343696204000-11</Id><Topic><Title>Cemex inks huge dealwith IBM</Title><Username>retiredexaon</Username><Timestamp>1343694592000</Timestamp><DateTime>Mon, 2012-07-30 20:29:52 EDT</DateTime></Topic><Msg>Yep -- a billion dollar deal is always welcome, assuming that it has been properly priced with clear and attainable benchmarks. Given IBM's great rep and HPQ's big fade, I expect to see more of this. Glad to see you're on board on this one old man.</Msg><Username>yield_of_my_dreams</Username><Timestamp>1343696204000</Timestamp><DateTime>Mon, 2012-07-30 20:56:44 EDT</DateTime><ThumbUp>1</ThumbUp><ThumbDown>0</ThumbDown><Sentiment/></Message></Date>