<?xml version="1.0" encoding="UTF-8" standalone="no"?><Date date="2012-10-11"><Message type="TopicMessage"><Id>1349964754545-1</Id><Title>IBM Yahoo Finance charts - all on one screen - for free</Title><Msg>See all IBM charts - all on one screen - for free. I use this free standalone lightweight tool (does not install anything on your web browser or computer - this is not an annoying browser toolbar nor an add-in). It is called Yahoo Finance 7 Ways and lets me see all charts (e.g. 1 day, 5 days, 1 month, 3 months, etc.) on the same page for any given security. Do a web search for the website RSTNL and download it from the Downloads section of that website. You can also go to the website CNET, do a search for Yahoo Finance 7 Ways in the downloads section, and download it from there.</Msg><Username>donaldinthecity72</Username><Timestamp>1349964754545</Timestamp><DateTime>Thu, 2012-10-11 10:12:34 EDT</DateTime><ThumbUp>1</ThumbUp><ThumbDown>2</ThumbDown><Sentiment/></Message><Message type="ReplyMessage"><Id>1349972038945-2</Id><Topic><Title>MITT ROMNEY WILL BE A REAL AMERICAN PRESIDENT !!!!!!!!!!!!</Title><Username>usafirst270</Username><Timestamp>1349780375326</Timestamp><DateTime>Tue, 2012-10-09 06:59:35 EDT</DateTime></Topic><Msg>YOU ARE REALLY STUPID BIGOT</Msg><Username>now_just_a_minute_please</Username><Timestamp>1349972038945</Timestamp><DateTime>Thu, 2012-10-11 12:13:58 EDT</DateTime><ThumbUp>2</ThumbUp><ThumbDown>3</ThumbDown><Sentiment>Hold</Sentiment></Message><Message type="TopicMessage"><Id>1349976311157-3</Id><Title>TIC TOC are you ready for the drop, Have you sold some or protected your shares in all your stocks</Title><Msg>TIC TOC are you ready for the drop, Have you sold some or protected your shares in all your stocks</Msg><Username>coinmaker77</Username><Timestamp>1349976311157</Timestamp><DateTime>Thu, 2012-10-11 13:25:11 EDT</DateTime><ThumbUp>0</ThumbUp><ThumbDown>1</ThumbDown><Sentiment>Strong Sell</Sentiment></Message><Message type="TopicMessage"><Id>1349976384887-4</Id><Title>The real ? is have your protected your 401k so it doesn't turn into a 201k again</Title><Msg>The real ? is have your protected your 401k so it doesn't turn into a 201k again</Msg><Username>coinmaker77</Username><Timestamp>1349976384887</Timestamp><DateTime>Thu, 2012-10-11 13:26:24 EDT</DateTime><ThumbUp>0</ThumbUp><ThumbDown>1</ThumbDown><Sentiment>Strong Sell</Sentiment></Message><Message type="TopicMessage"><Id>1349982022343-5</Id><Title>Don't let them turn your 401k turn into a 201k again protect it</Title><Msg>Don't let them turn your 401k turn into a 201k again protect it</Msg><Username>coinmaker77</Username><Timestamp>1349982022343</Timestamp><DateTime>Thu, 2012-10-11 15:00:22 EDT</DateTime><ThumbUp>0</ThumbUp><ThumbDown>1</ThumbDown><Sentiment>Strong Sell</Sentiment></Message><Message type="TopicMessage"><Id>1349982126649-6</Id><Title>JPM was A CNBC PUMP and DUMP Protect your 401k's</Title><Msg>JPM was A CNBC PUMP and DUMP Protect your 401k's</Msg><Username>coinmaker77</Username><Timestamp>1349982126649</Timestamp><DateTime>Thu, 2012-10-11 15:02:06 EDT</DateTime><ThumbUp>0</ThumbUp><ThumbDown>1</ThumbDown><Sentiment>Strong Sell</Sentiment></Message><Message type="TopicMessage"><Id>1349982212042-7</Id><Title>BIG money selling banks</Title><Msg>BIG money selling banks</Msg><Username>coinmaker77</Username><Timestamp>1349982212042</Timestamp><DateTime>Thu, 2012-10-11 15:03:32 EDT</DateTime><ThumbUp>0</ThumbUp><ThumbDown>1</ThumbDown><Sentiment>Strong Sell</Sentiment></Message><Message type="ReplyMessage"><Id>1350001433224-8</Id><Topic><Title>BIG money selling banks</Title><Username>coinmaker77</Username><Timestamp>1349982212042</Timestamp><DateTime>Thu, 2012-10-11 15:03:32 EDT</DateTime></Topic><Msg>You own nothing worth selling.</Msg><Username>yield_of_my_dreams</Username><Timestamp>1350001433224</Timestamp><DateTime>Thu, 2012-10-11 20:23:53 EDT</DateTime><ThumbUp>1</ThumbUp><ThumbDown>0</ThumbDown><Sentiment/></Message></Date>