<?xml version="1.0" encoding="UTF-8" standalone="no"?><Date date="2012-09-21"><Message type="ReplyMessage"><Id>1348200833672-1</Id><Topic><Title>AMERICANS GET KILLED , OBOMBA LIKE CARTER WILL DO NOTHING....IS THIS YOUR PRESIDENT ...PLS ADV. HERE FOR THE RECORD</Title><Username>flashywildwest</Username><Timestamp>1347808901213</Timestamp><DateTime>Sun, 2012-09-16 11:21:41 EDT</DateTime></Topic><Msg>Get rid of O'blammah! And the Democratic Congress!</Msg><Username>jotrout</Username><Timestamp>1348200833672</Timestamp><DateTime>Fri, 2012-09-21 00:13:53 EDT</DateTime><ThumbUp>0</ThumbUp><ThumbDown>2</ThumbDown><Sentiment/></Message><Message type="ReplyMessage"><Id>1348200989817-2</Id><Topic><Title>Obama: How Much Socialism is "just right" in a society</Title><Username>bjspokanimal</Username><Timestamp>1348160486268</Timestamp><DateTime>Thu, 2012-09-20 13:01:26 EDT</DateTime></Topic><Msg>Get rid of O'blammah! And the Democratic Congress!</Msg><Username>jotrout</Username><Timestamp>1348200989817</Timestamp><DateTime>Fri, 2012-09-21 00:16:29 EDT</DateTime><ThumbUp>1</ThumbUp><ThumbDown>2</ThumbDown><Sentiment/></Message><Message type="ReplyMessage"><Id>1348229585923-3</Id><Topic><Title>Revenue Numbers</Title><Username>qofaslave69</Username><Timestamp>1335014262000</Timestamp><DateTime>Sat, 2012-04-21 09:17:42 EDT</DateTime></Topic><Msg>PureSystems making an impact in the second half of 2012...</Msg><Username>qofaslave69</Username><Timestamp>1348229585923</Timestamp><DateTime>Fri, 2012-09-21 08:13:05 EDT</DateTime><ThumbUp>1</ThumbUp><ThumbDown>0</ThumbDown><Sentiment/></Message><Message type="ReplyMessage"><Id>1348235906346-4</Id><Topic><Title>ORCL to report after close today</Title><Username>themetador</Username><Timestamp>1348153113990</Timestamp><DateTime>Thu, 2012-09-20 10:58:33 EDT</DateTime></Topic><Msg>ORCL: software sales are strong. Great for IBM.</Msg><Username>themetador</Username><Timestamp>1348235906346</Timestamp><DateTime>Fri, 2012-09-21 09:58:26 EDT</DateTime><ThumbUp>2</ThumbUp><ThumbDown>0</ThumbDown><Sentiment>Strong Buy</Sentiment></Message><Message type="ReplyMessage"><Id>1348239664500-5</Id><Topic><Title>GOD PLEASE GIVE US A REAL AMERICA PRESIDENT !!!! NOT A MUSLIM PRESIDENT</Title><Username>savingamerica308</Username><Timestamp>1348235357407</Timestamp><DateTime>Fri, 2012-09-21 09:49:17 EDT</DateTime></Topic><Msg>Please God , give us a new president. From one in a party that did not try to vote God out during their convention.</Msg><Username>thruston</Username><Timestamp>1348239664500</Timestamp><DateTime>Fri, 2012-09-21 11:01:04 EDT</DateTime><ThumbUp>1</ThumbUp><ThumbDown>2</ThumbDown><Sentiment/></Message><Message type="ReplyMessage"><Id>1348239665488-6</Id><Topic><Title>GOD PLEASE GIVE US A REAL AMERICA PRESIDENT !!!! NOT A MUSLIM PRESIDENT</Title><Username>savingamerica308</Username><Timestamp>1348235357407</Timestamp><DateTime>Fri, 2012-09-21 09:49:17 EDT</DateTime></Topic><Msg>Please God , give us a new president. From one in a party that did not try to vote God out during their convention.</Msg><Username>thruston</Username><Timestamp>1348239665488</Timestamp><DateTime>Fri, 2012-09-21 11:01:05 EDT</DateTime><ThumbUp>1</ThumbUp><ThumbDown>2</ThumbDown><Sentiment/></Message><Message type="TopicMessage"><Id>1348241068319-7</Id><Title>fk manipulators! IBM TO 100!</Title><Msg>#$%$ HOLES</Msg><Username>behindtruth2003</Username><Timestamp>1348241068319</Timestamp><DateTime>Fri, 2012-09-21 11:24:28 EDT</DateTime><ThumbUp>0</ThumbUp><ThumbDown>1</ThumbDown><Sentiment/></Message><Message type="TopicMessage"><Id>1348243449341-8</Id><Title>Next stop 210</Title><Msg>May be reached when Spain officially requests help next week.</Msg><Username>themetador</Username><Timestamp>1348243449341</Timestamp><DateTime>Fri, 2012-09-21 12:04:09 EDT</DateTime><ThumbUp>1</ThumbUp><ThumbDown>1</ThumbDown><Sentiment>Strong Buy</Sentiment></Message><Message type="ReplyMessage"><Id>1348248089756-9</Id><Topic><Title>Santelli why not talk about HFT ?</Title><Username>jgiled</Username><Timestamp>1347982937051</Timestamp><DateTime>Tue, 2012-09-18 11:42:17 EDT</DateTime></Topic><Msg>Good job Santelli your a good man you should get a job at Fox.</Msg><Username>jgiled</Username><Timestamp>1348248089756</Timestamp><DateTime>Fri, 2012-09-21 13:21:29 EDT</DateTime><ThumbUp>0</ThumbUp><ThumbDown>1</ThumbDown><Sentiment/></Message><Message type="TopicMessage"><Id>1348252589619-10</Id><Title>exactly 1460？</Title><Msg>fk the wallstreet!</Msg><Username>behindtruth2003</Username><Timestamp>1348252589619</Timestamp><DateTime>Fri, 2012-09-21 14:36:29 EDT</DateTime><ThumbUp>0</ThumbUp><ThumbDown>1</ThumbDown><Sentiment/></Message><Message type="ReplyMessage"><Id>1348257624301-11</Id><Topic><Title>exactly 1460？</Title><Username>behindtruth2003</Username><Timestamp>1348252589619</Timestamp><DateTime>Fri, 2012-09-21 14:36:29 EDT</DateTime></Topic><Msg>Sounds like you should change your username to "behindthe8ball". Ha!</Msg><Username>alreadyhaveauser</Username><Timestamp>1348257624301</Timestamp><DateTime>Fri, 2012-09-21 16:00:24 EDT</DateTime><ThumbUp>0</ThumbUp><ThumbDown>0</ThumbDown><Sentiment/></Message><Message type="TopicMessage"><Id>1348261221360-12</Id><Title>Volume</Title><Msg>Did Buffet dump some shares..... why the volume thru the roof ???? Any info appreciated. Thanks, The Swami</Msg><Username>zsalamiswami</Username><Timestamp>1348261221360</Timestamp><DateTime>Fri, 2012-09-21 17:00:21 EDT</DateTime><ThumbUp>0</ThumbUp><ThumbDown>1</ThumbDown><Sentiment>Strong Buy</Sentiment></Message><Message type="ReplyMessage"><Id>1348262281110-13</Id><Topic><Title>Volume</Title><Username>zsalamiswami</Username><Timestamp>1348261221360</Timestamp><DateTime>Fri, 2012-09-21 17:00:21 EDT</DateTime></Topic><Msg>Options expire on the third Friday of every month. Therefore, the volume increases on that day. PPPSSSTT...today is the third Friday of the month. The volume will begin to dry up as we approach the October EPS report. Warren Buffett will take IBM shares to his grave, and his firm will hold IBM shares for many years. He is not a trader, and has done real well in his first year of holding IBM stock. It would not surprise me if he buys more.</Msg><Username>qofaslave69</Username><Timestamp>1348262281110</Timestamp><DateTime>Fri, 2012-09-21 17:18:01 EDT</DateTime><ThumbUp>1</ThumbUp><ThumbDown>0</ThumbDown><Sentiment/></Message></Date>