<?xml version="1.0" encoding="UTF-8" standalone="no"?><Date date="2012-11-01"><Message type="ReplyMessage"><Id>1351765872842-1</Id><Topic><Title>MITT ROMNEY WILL SAVE AMERICA</Title><Username>savingamerica167</Username><Timestamp>1351255401611</Timestamp><DateTime>Fri, 2012-10-26 08:43:21 EDT</DateTime></Topic><Msg>Disastrous results - like the housing and subprime loan crisis. That was a Bill Clinton/Barney Frank generated crisis. We had 5% unemployment during Bush's tenure as President. All the Democrats want is to deny the right to vote to service people by invalidating mailbags full of absentee ballots because of an incorrect date stamp on the bag. Keep those republican troops from voting. Besides Obama approved of George Bush's stupid bank bailout, never closed the prison in Cuba and follows plenty of other Pres. Bush's policies such as extending the war in Iraq a few years.</Msg><Username>tr01742</Username><Timestamp>1351765872842</Timestamp><DateTime>Thu, 2012-11-01 06:31:12 EDT</DateTime><ThumbUp>0</ThumbUp><ThumbDown>4</ThumbDown><Sentiment/></Message><Message type="ReplyMessage"><Id>1351775677780-2</Id><Topic><Title>~~~~QUESTIONS FOR JOHN E. KELLY III ~~~</Title><Username>thegoldenowl</Username><Timestamp>994855021000</Timestamp><DateTime>Wed, 2001-07-11 08:37:01 EDT</DateTime></Topic><Msg>Still always good for a laugh whenever I see an old goldenFoul post,,,, HAR!!</Msg><Username>det5blackcat</Username><Timestamp>1351775677780</Timestamp><DateTime>Thu, 2012-11-01 09:14:37 EDT</DateTime><ThumbUp>1</ThumbUp><ThumbDown>0</ThumbDown><Sentiment/></Message><Message type="TopicMessage"><Id>1351778746680-3</Id><Title>Market Expecting Romney Victory</Title><Msg>eom eom</Msg><Username>p1sorell</Username><Timestamp>1351778746680</Timestamp><DateTime>Thu, 2012-11-01 10:05:46 EDT</DateTime><ThumbUp>2</ThumbUp><ThumbDown>6</ThumbDown><Sentiment/></Message><Message type="ReplyMessage"><Id>1351779803351-4</Id><Topic><Title>Market Expecting Romney Victory</Title><Username>p1sorell</Username><Timestamp>1351778746680</Timestamp><DateTime>Thu, 2012-11-01 10:05:46 EDT</DateTime></Topic><Msg>I voted for him, but there are plenty of people voting for Obama . don't count your chickens. This election determines whether we remain a capitalist country or not and become insolvent. Even if Romney is elected we could see be insolvent.</Msg><Username>trobert612t</Username><Timestamp>1351779803351</Timestamp><DateTime>Thu, 2012-11-01 10:23:23 EDT</DateTime><ThumbUp>1</ThumbUp><ThumbDown>8</ThumbDown><Sentiment/></Message><Message type="TopicMessage"><Id>1351781699345-5</Id><Title>AAPL GOOG EBAY MSFT SNDK braking out</Title><Msg>Nice pop !!</Msg><Username>jgiled</Username><Timestamp>1351781699345</Timestamp><DateTime>Thu, 2012-11-01 10:54:59 EDT</DateTime><ThumbUp>0</ThumbUp><ThumbDown>2</ThumbDown><Sentiment/></Message><Message type="TopicMessage"><Id>1351784543871-6</Id><Title>PROTECT YOUR 401K, RETIREMENT, SAVING NOW!!</Title><Msg>and you??</Msg><Username>rddr2022</Username><Timestamp>1351784543871</Timestamp><DateTime>Thu, 2012-11-01 11:42:23 EDT</DateTime><ThumbUp>0</ThumbUp><ThumbDown>1</ThumbDown><Sentiment/></Message><Message type="TopicMessage"><Id>1351787149944-7</Id><Title>INTC is up by 3% and CSCO by 2%, IBM only 1%</Title><Msg>The dogs are running while big power house like IBM still lagging. This has to change and IBM has to be aleader. IBM nanotube technology will push INTC and many other chip makers out of business.</Msg><Username>help4all1332</Username><Timestamp>1351787149944</Timestamp><DateTime>Thu, 2012-11-01 12:25:49 EDT</DateTime><ThumbUp>0</ThumbUp><ThumbDown>0</ThumbDown><Sentiment>Strong Buy</Sentiment></Message><Message type="ReplyMessage"><Id>1351788346096-8</Id><Topic><Title>INTC is up by 3% and CSCO by 2%, IBM only 1%</Title><Username>help4all1332</Username><Timestamp>1351787149944</Timestamp><DateTime>Thu, 2012-11-01 12:25:49 EDT</DateTime></Topic><Msg>Its hitting up against the 100 day. and almost 150 and 200 day. if it gets through 198 or 199 then it will jump 3-4% quickly...</Msg><Username>issar0</Username><Timestamp>1351788346096</Timestamp><DateTime>Thu, 2012-11-01 12:45:46 EDT</DateTime><ThumbUp>0</ThumbUp><ThumbDown>1</ThumbDown><Sentiment/></Message><Message type="TopicMessage"><Id>1351796472317-9</Id><Title>Reduce its gains later</Title><Msg>...and closes at $195.85</Msg><Username>ninht88</Username><Timestamp>1351796472317</Timestamp><DateTime>Thu, 2012-11-01 15:01:12 EDT</DateTime><ThumbUp>0</ThumbUp><ThumbDown>1</ThumbDown><Sentiment>Sell</Sentiment></Message><Message type="TopicMessage"><Id>1351796870624-10</Id><Title>Red Hat and ACN are not better than IBM</Title><Msg>And look at their multiples. IBM is very cheap and Buffett knows it better than anyone else and that's why he has a huge position in IBM.</Msg><Username>help4all1332</Username><Timestamp>1351796870624</Timestamp><DateTime>Thu, 2012-11-01 15:07:50 EDT</DateTime><ThumbUp>0</ThumbUp><ThumbDown>1</ThumbDown><Sentiment>Strong Buy</Sentiment></Message><Message type="ReplyMessage"><Id>1351797538749-11</Id><Topic><Title>Red Hat and ACN are not better than IBM</Title><Username>help4all1332</Username><Timestamp>1351796870624</Timestamp><DateTime>Thu, 2012-11-01 15:07:50 EDT</DateTime></Topic><Msg>One of these days when IBM changes the transistor design again nano tech, then all chip makers should get license from IBM. If Intel says intel inside, then all PCs should say IBM inside.</Msg><Username>help4all1332</Username><Timestamp>1351797538749</Timestamp><DateTime>Thu, 2012-11-01 15:18:58 EDT</DateTime><ThumbUp>0</ThumbUp><ThumbDown>1</ThumbDown><Sentiment>Strong Buy</Sentiment></Message><Message type="ReplyMessage"><Id>1351805178669-12</Id><Topic><Title>Market Expecting Romney Victory</Title><Username>p1sorell</Username><Timestamp>1351778746680</Timestamp><DateTime>Thu, 2012-11-01 10:05:46 EDT</DateTime></Topic><Msg>Can't you see the writing on the wall that Obama is ahead and Romney is getting deparate? We are better of with the known leadership that can only get better than the unknown flip flopper who is suffering from amnesia.</Msg><Username>bdplayer</Username><Timestamp>1351805178669</Timestamp><DateTime>Thu, 2012-11-01 17:26:18 EDT</DateTime><ThumbUp>5</ThumbUp><ThumbDown>2</ThumbDown><Sentiment/></Message><Message type="ReplyMessage"><Id>1351812719256-13</Id><Topic><Title>INTC is up by 3% and CSCO by 2%, IBM only 1%</Title><Username>help4all1332</Username><Timestamp>1351787149944</Timestamp><DateTime>Thu, 2012-11-01 12:25:49 EDT</DateTime></Topic><Msg>INTC is off 35% from it's high. Are you really this dumb? IBM will be at new highs by January. INTC will still be way off.</Msg><Username>atonofbricks0</Username><Timestamp>1351812719256</Timestamp><DateTime>Thu, 2012-11-01 19:31:59 EDT</DateTime><ThumbUp>0</ThumbUp><ThumbDown>1</ThumbDown><Sentiment/></Message><Message type="ReplyMessage"><Id>1351812821537-14</Id><Topic><Title>Market Expecting Romney Victory</Title><Username>p1sorell</Username><Timestamp>1351778746680</Timestamp><DateTime>Thu, 2012-11-01 10:05:46 EDT</DateTime></Topic><Msg>Can you read or do you not understand current polls? Are you really this dumb? Market rallies no matter who wins but it's looking like Obama.</Msg><Username>atonofbricks0</Username><Timestamp>1351812821537</Timestamp><DateTime>Thu, 2012-11-01 19:33:41 EDT</DateTime><ThumbUp>5</ThumbUp><ThumbDown>2</ThumbDown><Sentiment/></Message><Message type="TopicMessage"><Id>1351820761870-15</Id><Title>Remember - Real Quality of Life Determined By State's Rights - Romney</Title><Msg>Federal control is the alternative</Msg><Username>mackgreene33</Username><Timestamp>1351820761870</Timestamp><DateTime>Thu, 2012-11-01 21:46:01 EDT</DateTime><ThumbUp>0</ThumbUp><ThumbDown>1</ThumbDown><Sentiment/></Message></Date>