<?xml version="1.0" encoding="UTF-8" standalone="no"?><Date date="2012-09-13"><Message type="TopicMessage"><Id>1347544716684-1</Id><Title>Market Correction</Title><Msg>Begins this afternoon.</Msg><Username>p1sorell</Username><Timestamp>1347544716684</Timestamp><DateTime>Thu, 2012-09-13 09:58:36 EDT</DateTime><ThumbUp>0</ThumbUp><ThumbDown>4</ThumbDown><Sentiment>Strong Sell</Sentiment></Message><Message type="ReplyMessage"><Id>1347551874357-2</Id><Topic><Title>Market Correction</Title><Username>p1sorell</Username><Timestamp>1347544716684</Timestamp><DateTime>Thu, 2012-09-13 09:58:36 EDT</DateTime></Topic><Msg>I have a feeling we are near a short term top. I sold 1/4 of my holdings at 204.8</Msg><Username>dacherx</Username><Timestamp>1347551874357</Timestamp><DateTime>Thu, 2012-09-13 11:57:54 EDT</DateTime><ThumbUp>0</ThumbUp><ThumbDown>1</ThumbDown><Sentiment>Sell</Sentiment></Message><Message type="ReplyMessage"><Id>1347552633645-3</Id><Topic><Title>Market Correction</Title><Username>p1sorell</Username><Timestamp>1347544716684</Timestamp><DateTime>Thu, 2012-09-13 09:58:36 EDT</DateTime></Topic><Msg>"I have a feeling we are near a short term top." Why would anyone care about your "feeling"?</Msg><Username>yield_of_my_dreams</Username><Timestamp>1347552633645</Timestamp><DateTime>Thu, 2012-09-13 12:10:33 EDT</DateTime><ThumbUp>1</ThumbUp><ThumbDown>1</ThumbDown><Sentiment/></Message><Message type="ReplyMessage"><Id>1347559753077-4</Id><Topic><Title>Market Correction</Title><Username>p1sorell</Username><Timestamp>1347544716684</Timestamp><DateTime>Thu, 2012-09-13 09:58:36 EDT</DateTime></Topic><Msg>Yeah, sure you did. North of 225 before year end and 300 next year. Clearly within the realm of probability, at least that's what my crystal ball tells me.</Msg><Username>dino2hootie</Username><Timestamp>1347559753077</Timestamp><DateTime>Thu, 2012-09-13 14:09:13 EDT</DateTime><ThumbUp>2</ThumbUp><ThumbDown>0</ThumbDown><Sentiment/></Message><Message type="ReplyMessage"><Id>1347560154142-5</Id><Topic><Title>Market Correction</Title><Username>p1sorell</Username><Timestamp>1347544716684</Timestamp><DateTime>Thu, 2012-09-13 09:58:36 EDT</DateTime></Topic><Msg>"begins this afternoon." What does hamlet think? Push back from your TV table, pull out the elastic on your shorts and see if you can see him.</Msg><Username>yield_of_my_dreams</Username><Timestamp>1347560154142</Timestamp><DateTime>Thu, 2012-09-13 14:15:54 EDT</DateTime><ThumbUp>2</ThumbUp><ThumbDown>0</ThumbDown><Sentiment/></Message><Message type="TopicMessage"><Id>1347564908346-6</Id><Title>Fantastic Selling Opportunity</Title><Msg>A gift !</Msg><Username>p1sorell</Username><Timestamp>1347564908346</Timestamp><DateTime>Thu, 2012-09-13 15:35:08 EDT</DateTime><ThumbUp>0</ThumbUp><ThumbDown>2</ThumbDown><Sentiment>Strong Sell</Sentiment></Message><Message type="ReplyMessage"><Id>1347570522243-7</Id><Topic><Title>RE: Traders Only</Title><Username>p1sorell</Username><Timestamp>1322493287000</Timestamp><DateTime>Mon, 2011-11-28 10:14:47 EST</DateTime></Topic><Msg>You have been wrong for $25! Give it a rest!</Msg><Username>qofaslave69</Username><Timestamp>1347570522243</Timestamp><DateTime>Thu, 2012-09-13 17:08:42 EDT</DateTime><ThumbUp>1</ThumbUp><ThumbDown>0</ThumbDown><Sentiment/></Message><Message type="ReplyMessage"><Id>1347571616974-8</Id><Topic><Title>Market Correction</Title><Username>p1sorell</Username><Timestamp>1347544716684</Timestamp><DateTime>Thu, 2012-09-13 09:58:36 EDT</DateTime></Topic><Msg>you are right ! Market CORRECTED to the upside. Good call !</Msg><Username>zer0t0l</Username><Timestamp>1347571616974</Timestamp><DateTime>Thu, 2012-09-13 17:26:56 EDT</DateTime><ThumbUp>2</ThumbUp><ThumbDown>0</ThumbDown><Sentiment/></Message><Message type="ReplyMessage"><Id>1347571631574-9</Id><Topic><Title>Buy $182</Title><Username>qofaslave69</Username><Timestamp>1338496083000</Timestamp><DateTime>Thu, 2012-05-31 16:28:03 EDT</DateTime></Topic><Msg>Chart looks great!</Msg><Username>qofaslave69</Username><Timestamp>1347571631574</Timestamp><DateTime>Thu, 2012-09-13 17:27:11 EDT</DateTime><ThumbUp>0</ThumbUp><ThumbDown>0</ThumbDown><Sentiment/></Message><Message type="ReplyMessage"><Id>1347580491002-10</Id><Topic><Title>Buy $182</Title><Username>qofaslave69</Username><Timestamp>1338496083000</Timestamp><DateTime>Thu, 2012-05-31 16:28:03 EDT</DateTime></Topic><Msg>when it gets to 364 and splits will be your opportunity, Don't miss out this time!!!</Msg><Username>zer0t0l</Username><Timestamp>1347580491002</Timestamp><DateTime>Thu, 2012-09-13 19:54:51 EDT</DateTime><ThumbUp>2</ThumbUp><ThumbDown>1</ThumbDown><Sentiment/></Message></Date>