<?xml version="1.0" encoding="UTF-8" standalone="no"?><Date date="2013-04-01"><Message type="ReplyMessage"><Id>1364828601025-1</Id><Topic><Title>OLD WALL STREET SAYINGS</Title><Username>p1sorell</Username><Timestamp>1364501456159</Timestamp><DateTime>Thu, 2013-03-28 16:10:56 EDT</DateTime></Topic><Msg>why would anyone sell here when we will be going into earnings next week?</Msg><Username>no1matemary</Username><Timestamp>1364828601025</Timestamp><DateTime>Mon, 2013-04-01 11:03:21 EDT</DateTime><ThumbUp>1</ThumbUp><ThumbDown>0</ThumbDown><Sentiment/></Message><Message type="TopicMessage"><Id>1364835652161-2</Id><Title>Ready or Not: States and Insurers Brace for Obamacare</Title><Msg>The biggest challenge remains building out the IT infrastructure that will provide the backbone for enrollment—the new state health insurance exchanges that will serve as the gateway for individuals to obtain insurance under the Affordable Care Act and find out whether they qualify for Medicaid or insurance subsidies. http://www.cnbc.com/id/100606206</Msg><Username>low_mac</Username><Timestamp>1364835652161</Timestamp><DateTime>Mon, 2013-04-01 13:00:52 EDT</DateTime><ThumbUp>1</ThumbUp><ThumbDown>2</ThumbDown><Sentiment/></Message><Message type="TopicMessage"><Id>1364846504545-3</Id><Title>Pumping the Dow</Title><Msg>Dow down 41 at 3:41. Then the manipulators showed up as they do every day. One of the most rigged markets in history.</Msg><Username>p1sorell</Username><Timestamp>1364846504545</Timestamp><DateTime>Mon, 2013-04-01 16:01:44 EDT</DateTime><ThumbUp>0</ThumbUp><ThumbDown>3</ThumbDown><Sentiment/></Message><Message type="ReplyMessage"><Id>1364846938026-4</Id><Topic><Title>Ready or Not: States and Insurers Brace for Obamacare</Title><Username>low_mac</Username><Timestamp>1364835652161</Timestamp><DateTime>Mon, 2013-04-01 13:00:52 EDT</DateTime></Topic><Msg>Health Insurance companies are currently warning americans that they're insurance premiums are going to rise more during the next year than they have for the past 3 years... ... and mine have risen almost 65% over the past 3 years due to Obamacare. The reason is because Obama seeks to cover all American's equally, whether or not they do anything individually to help with the cost. It's all about "equal outcomes" with socialism... rather than "equal opportunity". S</Msg><Username>bjspokanimal</Username><Timestamp>1364846938026</Timestamp><DateTime>Mon, 2013-04-01 16:08:58 EDT</DateTime><ThumbUp>2</ThumbUp><ThumbDown>2</ThumbDown><Sentiment/></Message><Message type="ReplyMessage"><Id>1364847382847-5</Id><Topic><Title>Disability: The Defacto "New Welfare System" (NBC news - NPR)</Title><Username>bjspokanimal</Username><Timestamp>1364503245545</Timestamp><DateTime>Thu, 2013-03-28 16:40:45 EDT</DateTime></Topic><Msg>One of the latest abuses of government spending programs that you may have heard of involves motorized wheel chairs. An article that appeared the other day suggested that 3/4 of all motorized wheelchairs that are paid for by medicare are for people who are NOT qualified to have their cost covered by medicare. The whole reason why America's entitlements and social welfare systems are so massively out of control is because everybody piles on when they can find ways to qualify to get free stuff. Obamacare will fast become the same way... if it's free, everybody will go in to the doctor for every danm hangnail they get... and eventually, rationing will result. Economics 101: Supply/Demand curves. S</Msg><Username>bjspokanimal</Username><Timestamp>1364847382847</Timestamp><DateTime>Mon, 2013-04-01 16:16:22 EDT</DateTime><ThumbUp>2</ThumbUp><ThumbDown>1</ThumbDown><Sentiment/></Message><Message type="TopicMessage"><Id>1364848109059-6</Id><Title>The Catalyst</Title><Msg>I happen to be a retired Wall Street executive from Merrill Lynch, and I know a bubble when I see one. This market is running on fumes do to the irresponsible policies of the Fed. A catalyst is all that is needed to burst this ballon. IBM has been a very poor investment since I recommended selling it between 209 - 210 on March 28, 2012 That said, it should hold up better than most stocks during a sharp correction. Right now I prefer cash. With that advice I leave the board. I will you well.</Msg><Username>p1sorell</Username><Timestamp>1364848109059</Timestamp><DateTime>Mon, 2013-04-01 16:28:29 EDT</DateTime><ThumbUp>0</ThumbUp><ThumbDown>4</ThumbDown><Sentiment/></Message><Message type="ReplyMessage"><Id>1364859968347-7</Id><Topic><Title>The Catalyst</Title><Username>p1sorell</Username><Timestamp>1364848109059</Timestamp><DateTime>Mon, 2013-04-01 16:28:29 EDT</DateTime></Topic><Msg>ok thanks. I will you well also.</Msg><Username>zer0t0l</Username><Timestamp>1364859968347</Timestamp><DateTime>Mon, 2013-04-01 19:46:08 EDT</DateTime><ThumbUp>1</ThumbUp><ThumbDown>0</ThumbDown><Sentiment/></Message></Date>