<?xml version="1.0" encoding="UTF-8" standalone="no"?><Date date="2013-06-25"><Message type="ReplyMessage"><Id>1372132876043-1</Id><Topic><Title>Shanghai Stock Exchange Composite Index SHCOMP:IND 1,888.68 74.34 -3.79% :lost 5% yesterday???</Title><Username>buffetmunger</Username><Timestamp>1372132099850</Timestamp><DateTime>Mon, 2013-06-24 23:48:19 EDT</DateTime></Topic><Msg>you just woke up? Nice long nap, (like 72 hours) you had. You must feel refreshed !!</Msg><Username>zer0t0l</Username><Timestamp>1372132876043</Timestamp><DateTime>Tue, 2013-06-25 00:01:16 EDT</DateTime><ThumbUp>1</ThumbUp><ThumbDown>1</ThumbDown><Sentiment/></Message><Message type="TopicMessage"><Id>1372135630811-2</Id><Title>"In a sense, the United States has gone from a 'model of human rights' to 'an eavesdropper on personal privacy', the 'manipulator' of the centralized power over the international Internet, and the mad 'invader' of other countries' networks," the People's Daily said.</Title><Msg>"In a sense, the United States has gone from a 'model of human rights' to 'an eavesdropper on personal privacy', the 'manipulator' of the centralized power over the international Internet, and the mad 'invader' of other countries' networks," the People's Daily said. "The world will remember Edward Snowden," the newspaper said. "It was his fearlessness that tore off Washington's sanctimonious mask."</Msg><Username>buffetmunger</Username><Timestamp>1372135630811</Timestamp><DateTime>Tue, 2013-06-25 00:47:10 EDT</DateTime><ThumbUp>0</ThumbUp><ThumbDown>3</ThumbDown><Sentiment/></Message><Message type="TopicMessage"><Id>1372159443996-3</Id><Title>IBM no innovation, drop to 108？</Title><Msg>nothing innovative dead meqt</Msg><Username>behindtruth2003</Username><Timestamp>1372159443996</Timestamp><DateTime>Tue, 2013-06-25 07:24:03 EDT</DateTime><ThumbUp>0</ThumbUp><ThumbDown>4</ThumbDown><Sentiment/></Message><Message type="TopicMessage"><Id>1372161717082-4</Id><Title>ibm is worth ~185......</Title><Msg>and not a penny more........check out the head &amp; shoulders on the weekly chart.....clear to me, tho not entirely classic. .....charts look broken &amp; ugly. ......any comment here from the longs?</Msg><Username>txtrader77</Username><Timestamp>1372161717082</Timestamp><DateTime>Tue, 2013-06-25 08:01:57 EDT</DateTime><ThumbUp>1</ThumbUp><ThumbDown>4</ThumbDown><Sentiment/></Message><Message type="ReplyMessage"><Id>1372161815745-5</Id><Topic><Title>IBM and layoffs</Title><Username>jand2357</Username><Timestamp>1370366399824</Timestamp><DateTime>Tue, 2013-06-04 13:19:59 EDT</DateTime></Topic><Msg>yeah, agreed, corporations have the right to be distinctly un-American..........and are too often.</Msg><Username>txtrader77</Username><Timestamp>1372161815745</Timestamp><DateTime>Tue, 2013-06-25 08:03:35 EDT</DateTime><ThumbUp>4</ThumbUp><ThumbDown>2</ThumbDown><Sentiment/></Message><Message type="ReplyMessage"><Id>1372167647688-6</Id><Topic><Title>ibm is worth ~185......</Title><Username>txtrader77</Username><Timestamp>1372161717082</Timestamp><DateTime>Tue, 2013-06-25 08:01:57 EDT</DateTime></Topic><Msg>guess not.....maybe there are no longs here with a convincing rationale for owning this one.....</Msg><Username>txtrader77</Username><Timestamp>1372167647688</Timestamp><DateTime>Tue, 2013-06-25 09:40:47 EDT</DateTime><ThumbUp>0</ThumbUp><ThumbDown>3</ThumbDown><Sentiment/></Message><Message type="ReplyMessage"><Id>1372168195399-7</Id><Topic><Title>IBM and layoffs</Title><Username>jand2357</Username><Timestamp>1370366399824</Timestamp><DateTime>Tue, 2013-06-04 13:19:59 EDT</DateTime></Topic><Msg>you're right....americans deserve to be fired by American greed-driven corporations so they can continue to pay executive staff ~600% more then general employee population.....and increase this amount by ~60-80% annually......all to satisfy executive greed and that of wallstreet's also ever increasing greed/expectations for earnings (earnings cycle is a gaming joke).....only to put more americans on the street and in their upside down mortgages so the nsa, cia and fbi can spy and #$%$ on them with domestic drones........yes, it all makes perfect sense. yea! let's celebrate!</Msg><Username>txtrader77</Username><Timestamp>1372168195399</Timestamp><DateTime>Tue, 2013-06-25 09:49:55 EDT</DateTime><ThumbUp>8</ThumbUp><ThumbDown>0</ThumbDown><Sentiment/></Message><Message type="TopicMessage"><Id>1372168356670-8</Id><Title>sell this p o s ........and/or</Title><Msg>short it to ~185.........make some money over the next several months....</Msg><Username>txtrader77</Username><Timestamp>1372168356670</Timestamp><DateTime>Tue, 2013-06-25 09:52:36 EDT</DateTime><ThumbUp>0</ThumbUp><ThumbDown>2</ThumbDown><Sentiment/></Message><Message type="ReplyMessage"><Id>1372170691366-9</Id><Topic><Title>IBM and layoffs</Title><Username>jand2357</Username><Timestamp>1370366399824</Timestamp><DateTime>Tue, 2013-06-04 13:19:59 EDT</DateTime></Topic><Msg>errata: i was wrong here to imply firing people to meet ws earnings expectations was 'un-american' ......unfortunately, it is very 'American,' corporate-like behavior.......American employees be da mned!</Msg><Username>txtrader77</Username><Timestamp>1372170691366</Timestamp><DateTime>Tue, 2013-06-25 10:31:31 EDT</DateTime><ThumbUp>3</ThumbUp><ThumbDown>1</ThumbDown><Sentiment/></Message><Message type="TopicMessage"><Id>1372172491020-10</Id><Title>IBM Short Ratio of 4.6</Title><Msg>IBM just passed VZ as 5th or 6th most shorted DOW stock. That's about 19 mil shares which is about 1.8% - 1.9% total shares short. The report due about July 20 will probably shake out the shorts either way. And probably establish a range either in the $180 - $200 or $200 - $220. Given Q1 it may be a year that IBM struggles to hit the bogy. It may also a year when IBM buys back more like $12 bil of stock rather than the $15 bil of gross buybacks last year due to acquisitions. I'd be happy to see IBM at $200 at YE. We may see some revenue and margin pressure from the transition to cloud. I added a little VZ yesterday. The transition to cloud will benefit VZ &amp; T.</Msg><Username>mr_dinky_dot_bomb</Username><Timestamp>1372172491020</Timestamp><DateTime>Tue, 2013-06-25 11:01:31 EDT</DateTime><ThumbUp>2</ThumbUp><ThumbDown>0</ThumbDown><Sentiment/></Message><Message type="TopicMessage"><Id>1372172664290-11</Id><Title>PLEASE PLEASE BRING BACK MITT ROMNEY</Title><Msg>9999999999999</Msg><Username>y.trader</Username><Timestamp>1372172664290</Timestamp><DateTime>Tue, 2013-06-25 11:04:24 EDT</DateTime><ThumbUp>0</ThumbUp><ThumbDown>2</ThumbDown><Sentiment/></Message><Message type="TopicMessage"><Id>1372179465908-12</Id><Title>$222 target and only 3 weeks until earnings</Title><Msg>A definite Buy in my book!</Msg><Username>cramerstrophywife</Username><Timestamp>1372179465908</Timestamp><DateTime>Tue, 2013-06-25 12:57:45 EDT</DateTime><ThumbUp>3</ThumbUp><ThumbDown>0</ThumbDown><Sentiment/></Message><Message type="ReplyMessage"><Id>1372180962376-13</Id><Topic><Title>IBM and layoffs</Title><Username>jand2357</Username><Timestamp>1370366399824</Timestamp><DateTime>Tue, 2013-06-04 13:19:59 EDT</DateTime></Topic><Msg>Hundreds of Thousands? About 90,000 in the US now, over 2900 fired recently and the headcount in India is FAR larger than the Americas. Also factor in cost of living in the US as opposed to Bangalore. YOU want to be salary competitive against India? Even below our minimum wage. IBM does not care about adding value to the US economy - again, firing workers sure helps? But they DO CARE about shareholder value very very much. YOU definately do not have a clue.</Msg><Username>retiredexaon</Username><Timestamp>1372180962376</Timestamp><DateTime>Tue, 2013-06-25 13:22:42 EDT</DateTime><ThumbUp>3</ThumbUp><ThumbDown>3</ThumbDown><Sentiment/></Message><Message type="TopicMessage"><Id>1372185445179-14</Id><Title>IBM and a Kraig backer</Title><Msg>I think Kraig sold, rolled proceeds into SKYWERKS.</Msg><Username>james-hornback</Username><Timestamp>1372185445179</Timestamp><DateTime>Tue, 2013-06-25 14:37:25 EDT</DateTime><ThumbUp>0</ThumbUp><ThumbDown>1</ThumbDown><Sentiment/></Message><Message type="ReplyMessage"><Id>1372187676018-15</Id><Topic><Title>IBM and layoffs</Title><Username>jand2357</Username><Timestamp>1370366399824</Timestamp><DateTime>Tue, 2013-06-04 13:19:59 EDT</DateTime></Topic><Msg>You left out 700 new jobs in France. Why France is a mystery. You would be better off making the current staff at Alliance at IBM VP's at IBM. All two of them.</Msg><Username>yield_of_my_dreams</Username><Timestamp>1372187676018</Timestamp><DateTime>Tue, 2013-06-25 15:14:36 EDT</DateTime><ThumbUp>0</ThumbUp><ThumbDown>4</ThumbDown><Sentiment/></Message><Message type="TopicMessage"><Id>1372193090636-16</Id><Title>Down tomorrow</Title><Msg>For certainly...</Msg><Username>bigk95133</Username><Timestamp>1372193090636</Timestamp><DateTime>Tue, 2013-06-25 16:44:50 EDT</DateTime><ThumbUp>0</ThumbUp><ThumbDown>2</ThumbDown><Sentiment>Strong Sell</Sentiment></Message><Message type="ReplyMessage"><Id>1372200465118-17</Id><Topic><Title>Down tomorrow</Title><Username>bigk95133</Username><Timestamp>1372193090636</Timestamp><DateTime>Tue, 2013-06-25 16:44:50 EDT</DateTime></Topic><Msg>really ?</Msg><Username>zer0t0l</Username><Timestamp>1372200465118</Timestamp><DateTime>Tue, 2013-06-25 18:47:45 EDT</DateTime><ThumbUp>2</ThumbUp><ThumbDown>0</ThumbDown><Sentiment/></Message><Message type="ReplyMessage"><Id>1372200613809-18</Id><Topic><Title>ibm is worth ~185......</Title><Username>txtrader77</Username><Timestamp>1372161717082</Timestamp><DateTime>Tue, 2013-06-25 08:01:57 EDT</DateTime></Topic><Msg>could it be that you misinterpreted your charts and mistaking head &amp; shoulders for foot &amp; ankle ?</Msg><Username>zer0t0l</Username><Timestamp>1372200613809</Timestamp><DateTime>Tue, 2013-06-25 18:50:13 EDT</DateTime><ThumbUp>3</ThumbUp><ThumbDown>0</ThumbDown><Sentiment/></Message></Date>