<?xml version="1.0" encoding="UTF-8" standalone="no"?><Date date="2013-01-15"><Message type="ReplyMessage"><Id>1358261763264-1</Id><Topic><Title>Big Bad Blue down on a DOW triple runup</Title><Username>teamb562</Username><Timestamp>1241642974000</Timestamp><DateTime>Wed, 2009-05-06 16:49:34 EDT</DateTime></Topic><Msg>Here is the crack analyst "temb52" on may 6, 2009 with Big Blue sub 100 making a typical call: "yep, this is one great stock" Yes -- he was so right!</Msg><Username>yield_of_my_dreams</Username><Timestamp>1358261763264</Timestamp><DateTime>Tue, 2013-01-15 09:56:03 EST</DateTime><ThumbUp>1</ThumbUp><ThumbDown>1</ThumbDown><Sentiment/></Message><Message type="ReplyMessage"><Id>1358281379673-2</Id><Topic><Title>this is all temporary</Title><Username>lezamaharold</Username><Timestamp>1358264943582</Timestamp><DateTime>Tue, 2013-01-15 10:49:03 EST</DateTime></Topic><Msg>Thanks !</Msg><Username>johnrivas410</Username><Timestamp>1358281379673</Timestamp><DateTime>Tue, 2013-01-15 15:22:59 EST</DateTime><ThumbUp>0</ThumbUp><ThumbDown>5</ThumbDown><Sentiment/></Message><Message type="ReplyMessage"><Id>1358284438788-3</Id><Topic><Title>this is all temporary</Title><Username>lezamaharold</Username><Timestamp>1358264943582</Timestamp><DateTime>Tue, 2013-01-15 10:49:03 EST</DateTime></Topic><Msg>where and how do you spammers come up with such trash?</Msg><Username>dirtpoordog</Username><Timestamp>1358284438788</Timestamp><DateTime>Tue, 2013-01-15 16:13:58 EST</DateTime><ThumbUp>0</ThumbUp><ThumbDown>5</ThumbDown><Sentiment>Hold</Sentiment></Message><Message type="ReplyMessage"><Id>1358290785046-4</Id><Topic><Title>this is all temporary</Title><Username>lezamaharold</Username><Timestamp>1358264943582</Timestamp><DateTime>Tue, 2013-01-15 10:49:03 EST</DateTime></Topic><Msg>SCAM VIRUS REPORTED !</Msg><Username>alphonite</Username><Timestamp>1358290785046</Timestamp><DateTime>Tue, 2013-01-15 17:59:45 EST</DateTime><ThumbUp>0</ThumbUp><ThumbDown>2</ThumbDown><Sentiment/></Message><Message type="ReplyMessage"><Id>1358291188688-5</Id><Topic><Title>this is all temporary</Title><Username>lezamaharold</Username><Timestamp>1358264943582</Timestamp><DateTime>Tue, 2013-01-15 10:49:03 EST</DateTime></Topic><Msg>SCAM VIRUS REPORTED !</Msg><Username>alphonite</Username><Timestamp>1358291188688</Timestamp><DateTime>Tue, 2013-01-15 18:06:28 EST</DateTime><ThumbUp>0</ThumbUp><ThumbDown>2</ThumbDown><Sentiment/></Message></Date>