<?xml version="1.0" encoding="UTF-8" standalone="no"?><Date date="2013-05-20"><Message type="TopicMessage"><Id>1369061610048-1</Id><Title>Up $20 since bad earnings? seems nuts. Time to short?</Title><Msg>ALl thoughts welcomed. IMO</Msg><Username>jjjjjm1965</Username><Timestamp>1369061610048</Timestamp><DateTime>Mon, 2013-05-20 10:53:30 EDT</DateTime><ThumbUp>1</ThumbUp><ThumbDown>2</ThumbDown><Sentiment/></Message><Message type="ReplyMessage"><Id>1369065633885-2</Id><Topic><Title>Up $20 since bad earnings? seems nuts. Time to short?</Title><Username>jjjjjm1965</Username><Timestamp>1369061610048</Timestamp><DateTime>Mon, 2013-05-20 10:53:30 EDT</DateTime></Topic><Msg>"Up $20 since bad earnings? seems nuts. Time to short?" No, time for a vacation in Vermont &amp; Maine. Goodbye</Msg><Username>yield_of_my_dreams</Username><Timestamp>1369065633885</Timestamp><DateTime>Mon, 2013-05-20 12:00:33 EDT</DateTime><ThumbUp>2</ThumbUp><ThumbDown>0</ThumbDown><Sentiment/></Message><Message type="ReplyMessage"><Id>1369073469849-3</Id><Topic><Title>Stock Split</Title><Username>bob787m</Username><Timestamp>1368822081525</Timestamp><DateTime>Fri, 2013-05-17 16:21:21 EDT</DateTime></Topic><Msg>agreed</Msg><Username>newscentral2002</Username><Timestamp>1369073469849</Timestamp><DateTime>Mon, 2013-05-20 14:11:09 EDT</DateTime><ThumbUp>5</ThumbUp><ThumbDown>5</ThumbDown><Sentiment/></Message><Message type="TopicMessage"><Id>1369075936184-4</Id><Title>10-15% pullback next???</Title><Msg>Buy under $200 next??</Msg><Username>madmoneycramer</Username><Timestamp>1369075936184</Timestamp><DateTime>Mon, 2013-05-20 14:52:16 EDT</DateTime><ThumbUp>0</ThumbUp><ThumbDown>4</ThumbDown><Sentiment>Strong Sell</Sentiment></Message><Message type="ReplyMessage"><Id>1369100311211-5</Id><Topic><Title>10-15% pullback next???</Title><Username>madmoneycramer</Username><Timestamp>1369075936184</Timestamp><DateTime>Mon, 2013-05-20 14:52:16 EDT</DateTime></Topic><Msg>Y?</Msg><Username>zer0t0l</Username><Timestamp>1369100311211</Timestamp><DateTime>Mon, 2013-05-20 21:38:31 EDT</DateTime><ThumbUp>1</ThumbUp><ThumbDown>1</ThumbDown><Sentiment/></Message></Date>