<?xml version="1.0" encoding="UTF-8" standalone="no"?><Date date="2013-02-11"><Message type="ReplyMessage"><Id>1360560196940-1</Id><Topic><Title>Why you should not buy or rent anything from GM =OBAMA MOTORS?</Title><Username>coinmaker77</Username><Timestamp>1360441125341</Timestamp><DateTime>Sat, 2013-02-09 15:18:45 EST</DateTime></Topic><Msg>Do the right thing GM. Pay the money back</Msg><Username>coinmaker77</Username><Timestamp>1360560196940</Timestamp><DateTime>Mon, 2013-02-11 00:23:16 EST</DateTime><ThumbUp>0</ThumbUp><ThumbDown>3</ThumbDown><Sentiment/></Message><Message type="TopicMessage"><Id>1360581036184-2</Id><Title>my fav stock is XIN..</Title><Msg>low priced, steady dividend and the only housing stock that did not double last year, talk about value. its worth the research for small retail investors. do your own DD</Msg><Username>johndrew101</Username><Timestamp>1360581036184</Timestamp><DateTime>Mon, 2013-02-11 06:10:36 EST</DateTime><ThumbUp>0</ThumbUp><ThumbDown>4</ThumbDown><Sentiment>Strong Buy</Sentiment></Message><Message type="TopicMessage"><Id>1360592887617-3</Id><Title>Wednesday</Title><Msg>Market begins 10% correction.</Msg><Username>p1sorell</Username><Timestamp>1360592887617</Timestamp><DateTime>Mon, 2013-02-11 09:28:07 EST</DateTime><ThumbUp>0</ThumbUp><ThumbDown>4</ThumbDown><Sentiment>Strong Sell</Sentiment></Message><Message type="ReplyMessage"><Id>1360595533919-4</Id><Topic><Title>Why you should not buy or rent anything from GM =OBAMA MOTORS?</Title><Username>coinmaker77</Username><Timestamp>1360441125341</Timestamp><DateTime>Sat, 2013-02-09 15:18:45 EST</DateTime></Topic><Msg>GM pay the money back so we don't have to furlough are VETS</Msg><Username>coinmaker77</Username><Timestamp>1360595533919</Timestamp><DateTime>Mon, 2013-02-11 10:12:13 EST</DateTime><ThumbUp>0</ThumbUp><ThumbDown>3</ThumbDown><Sentiment/></Message><Message type="TopicMessage"><Id>1360602168803-5</Id><Title>Media propganda ? watch these short videos</Title><Msg>infowars.DOTCOM/why-people-think-sandy-hook-is-a-hoax/ youtube.dotcom/watch?v=3id88P6xlUk youtube.dotcom/watch?v=_9XAr2BhMm4</Msg><Username>hs73be7s03838jdsj</Username><Timestamp>1360602168803</Timestamp><DateTime>Mon, 2013-02-11 12:02:48 EST</DateTime><ThumbUp>0</ThumbUp><ThumbDown>1</ThumbDown><Sentiment/></Message><Message type="ReplyMessage"><Id>1360602253555-6</Id><Topic><Title>Why you should not buy or rent anything from GM =OBAMA MOTORS?</Title><Username>coinmaker77</Username><Timestamp>1360441125341</Timestamp><DateTime>Sat, 2013-02-09 15:18:45 EST</DateTime></Topic><Msg>You are an IDIOT!!!!!</Msg><Username>dyerh81</Username><Timestamp>1360602253555</Timestamp><DateTime>Mon, 2013-02-11 12:04:13 EST</DateTime><ThumbUp>3</ThumbUp><ThumbDown>0</ThumbDown><Sentiment/></Message><Message type="ReplyMessage"><Id>1360603889111-7</Id><Topic><Title>Why you should not buy or rent anything from GM =OBAMA MOTORS?</Title><Username>coinmaker77</Username><Timestamp>1360441125341</Timestamp><DateTime>Sat, 2013-02-09 15:18:45 EST</DateTime></Topic><Msg>I sure hope you are still holding your bank stock.</Msg><Username>coinmaker77</Username><Timestamp>1360603889111</Timestamp><DateTime>Mon, 2013-02-11 12:31:29 EST</DateTime><ThumbUp>0</ThumbUp><ThumbDown>3</ThumbDown><Sentiment/></Message><Message type="ReplyMessage"><Id>1360612088359-8</Id><Topic><Title>Why is Big Government, Big Deficit, Socialism so Popular in America Today?</Title><Username>bjspokanimal</Username><Timestamp>1360428184347</Timestamp><DateTime>Sat, 2013-02-09 11:43:04 EST</DateTime></Topic><Msg>bjspokanimal you need to leave this message board permanently.</Msg><Username>alreadyhaveauser</Username><Timestamp>1360612088359</Timestamp><DateTime>Mon, 2013-02-11 14:48:08 EST</DateTime><ThumbUp>2</ThumbUp><ThumbDown>4</ThumbDown><Sentiment/></Message><Message type="TopicMessage"><Id>1360612823451-9</Id><Title>TOP IBM OFFICER/INSIDER SELLS $5,000,000,000.00 IN STOCK 2/8/13 (NEWS/ALERT)...</Title><Msg>IBM International Business Machines Corp Macdonald J Randall (Senior Vice President) Sale 10,596 201.57 2,135,793 13:24:51 2013-02-08 IBM International Business Machines Corp Macdonald J Randall (Senior Vice President) Sale 13,453 201.37 2,708,976 13:22:56 2013-02-08 IBM HAS BEEN BEHAVING VERY POORLY FOR THE PAST 2 YEARS, EVER SINCE BUFFET BOUGHT A POSITION IN THIS STOCK. BUFFET IS LIKE A HEX ON TECH STOCKS. HE HASN'T A CLUE ABOUT TECH AS HE'S OPENLY ADMITTED TO HIS SHAREHOLDERS. OBVIOUSLY WITH IBM GOING NOWHERE FOR OVER 2 YEARS!!! AND PEOPLE PRAISE BUFFET AS BEING SOME SORT OF STOCK INVESTOR GENIUS, LOL! IT COULDN'T BE MORE FALSE. HE HAS SCREWED UP WITH 41% OF HIS TRADES/INVESTMENTS. I HAVE KEPT TRACK OF HIS TRACK RECORD, GOING BACK 17 YEARS. THE PRESS AND MEDIA ARE CLUELESS FOR TREATING THIS GUY AS IF HE'S THE SMARTEST MAN ON WALL STREET, AND AS IF EVERYTHING HE TOUCHES TURNS TO GOLD. COULDN'T BE FURTHER FROM THE TRUTH. IBM IS JUST ANOTHER ADDITION TO THE LIST OF FAILED TRADES THAT HE STICKS WITH FAR LONGER THAN HE SHOULD. THIS STOCK SHOULD HAVE BEEN DUMPED A YEAR AGO. WHAT ARE YOU WAITING FOR BUFFET? SOMEONE TO RING A BELL AND SEND A BLIMP OVER YOUR OFFICE IN OMAHA TELEGRAPHING YOU TO SELL?</Msg><Username>thebookstar1</Username><Timestamp>1360612823451</Timestamp><DateTime>Mon, 2013-02-11 15:00:23 EST</DateTime><ThumbUp>0</ThumbUp><ThumbDown>5</ThumbDown><Sentiment/></Message><Message type="ReplyMessage"><Id>1360620746614-10</Id><Topic><Title>Why you should not buy or rent anything from GM =OBAMA MOTORS?</Title><Username>coinmaker77</Username><Timestamp>1360441125341</Timestamp><DateTime>Sat, 2013-02-09 15:18:45 EST</DateTime></Topic><Msg>This board is for IBM Isn't there a GM board or has that gone to Japan &amp; Korea too?</Msg><Username>halinvestor</Username><Timestamp>1360620746614</Timestamp><DateTime>Mon, 2013-02-11 17:12:26 EST</DateTime><ThumbUp>2</ThumbUp><ThumbDown>0</ThumbDown><Sentiment>Buy</Sentiment></Message><Message type="TopicMessage"><Id>1360623119435-11</Id><Title>Buffett's purchases</Title><Msg>Were they common shares or convertible preferred shares?</Msg><Username>newgoose76</Username><Timestamp>1360623119435</Timestamp><DateTime>Mon, 2013-02-11 17:51:59 EST</DateTime><ThumbUp>0</ThumbUp><ThumbDown>0</ThumbDown><Sentiment/></Message></Date>