<?xml version="1.0" encoding="UTF-8" standalone="no"?><Date date="2013-07-11"><Message type="ReplyMessage"><Id>1373524225305-1</Id><Topic><Title>made 60k on IBM puts!!!!</Title><Username>stockmr</Username><Timestamp>1366434222044</Timestamp><DateTime>Sat, 2013-04-20 01:03:42 EDT</DateTime></Topic><Msg>LMRT</Msg><Username>jamestrotter18</Username><Timestamp>1373524225305</Timestamp><DateTime>Thu, 2013-07-11 02:30:25 EDT</DateTime><ThumbUp>0</ThumbUp><ThumbDown>3</ThumbDown><Sentiment/></Message><Message type="ReplyMessage"><Id>1373546051985-2</Id><Topic><Title>If things are so bad then why didn't they preannounce.</Title><Username>j.kreitzer</Username><Timestamp>1373380950818</Timestamp><DateTime>Tue, 2013-07-09 10:42:30 EDT</DateTime></Topic><Msg>look, ibm has been buying back shares &amp; cutting costs ahead of the quarter for decades to prop up earnings .....it isn't a temporary operational practice. it's just as permanent as the one-time......*every time* expense write offs that hpq takes every quarter.......these practices enable them to manage the balance sheet so they can *manage* to satisfy wall street expectations every quarter.....these are practices that are permanent and in no way should represent a healthy and principled financial state.....</Msg><Username>txtrader77</Username><Timestamp>1373546051985</Timestamp><DateTime>Thu, 2013-07-11 08:34:11 EDT</DateTime><ThumbUp>1</ThumbUp><ThumbDown>1</ThumbDown><Sentiment/></Message><Message type="TopicMessage"><Id>1373546248452-3</Id><Title>UBS on IBM today</Title><Msg>IBM's quarter and guidance at UBS UBS believes IBM consensus quarterly revenue estimate of $25.36 is at risk due to the weak macro environment and soft emerging market demand, currently impact, and checks that indicate some hardware weakness. Despite the near-term risk, the analyst views IBM as a winner in big data and cloud and maintains its Buy rating and $235 price target.</Msg><Username>mr_dinky_dot_bomb</Username><Timestamp>1373546248452</Timestamp><DateTime>Thu, 2013-07-11 08:37:28 EDT</DateTime><ThumbUp>5</ThumbUp><ThumbDown>1</ThumbDown><Sentiment/></Message><Message type="TopicMessage"><Id>1373546313893-4</Id><Title>new fed assurances float all boats.....</Title><Msg>until each announces earnings.......then we'll see. but what each company can't hide entirely, wall street analysts will apply maximum spin cover.......lol</Msg><Username>txtrader77</Username><Timestamp>1373546313893</Timestamp><DateTime>Thu, 2013-07-11 08:38:33 EDT</DateTime><ThumbUp>0</ThumbUp><ThumbDown>1</ThumbDown><Sentiment/></Message><Message type="ReplyMessage"><Id>1373546408760-5</Id><Topic><Title>If things are so bad then why didn't they preannounce.</Title><Username>j.kreitzer</Username><Timestamp>1373380950818</Timestamp><DateTime>Tue, 2013-07-09 10:42:30 EDT</DateTime></Topic><Msg>btw, companies don't preannounce until and unless they know they are going to miss earnings......that they don't preannounce doesn't mean everything is just peachy.....</Msg><Username>txtrader77</Username><Timestamp>1373546408760</Timestamp><DateTime>Thu, 2013-07-11 08:40:08 EDT</DateTime><ThumbUp>1</ThumbUp><ThumbDown>1</ThumbDown><Sentiment/></Message><Message type="ReplyMessage"><Id>1373551103729-6</Id><Topic><Title>UBS on IBM today</Title><Username>mr_dinky_dot_bomb</Username><Timestamp>1373546248452</Timestamp><DateTime>Thu, 2013-07-11 08:37:28 EDT</DateTime></Topic><Msg>that conflicts directly with Goldman Sucks' outlook doesn't it. These analysts are such a sad bunch. They guess along with the rest of us. Meanwhile they can sink a ship at will.</Msg><Username>zer0t0l</Username><Timestamp>1373551103729</Timestamp><DateTime>Thu, 2013-07-11 09:58:23 EDT</DateTime><ThumbUp>6</ThumbUp><ThumbDown>0</ThumbDown><Sentiment>Buy</Sentiment></Message><Message type="TopicMessage"><Id>1373551782600-7</Id><Title>Hey Goldman</Title><Msg>Eat my 'SHORTS' ! loser</Msg><Username>knowcandoo</Username><Timestamp>1373551782600</Timestamp><DateTime>Thu, 2013-07-11 10:09:42 EDT</DateTime><ThumbUp>1</ThumbUp><ThumbDown>1</ThumbDown><Sentiment/></Message><Message type="ReplyMessage"><Id>1373554282275-8</Id><Topic><Title>Bill Shope Goldman Sachs: Always Wrong!!</Title><Username>gamalataki</Username><Timestamp>1373390682781</Timestamp><DateTime>Tue, 2013-07-09 13:24:42 EDT</DateTime></Topic><Msg>so true.....</Msg><Username>txtrader77</Username><Timestamp>1373554282275</Timestamp><DateTime>Thu, 2013-07-11 10:51:22 EDT</DateTime><ThumbUp>1</ThumbUp><ThumbDown>0</ThumbDown><Sentiment/></Message><Message type="ReplyMessage"><Id>1373554387452-9</Id><Topic><Title>UBS on IBM today</Title><Username>mr_dinky_dot_bomb</Username><Timestamp>1373546248452</Timestamp><DateTime>Thu, 2013-07-11 08:37:28 EDT</DateTime></Topic><Msg>unfortunately, the 'ship they sink' may be yours.......if you listen to them ....rather than do your own homework as you imply....</Msg><Username>txtrader77</Username><Timestamp>1373554387452</Timestamp><DateTime>Thu, 2013-07-11 10:53:07 EDT</DateTime><ThumbUp>2</ThumbUp><ThumbDown>1</ThumbDown><Sentiment/></Message><Message type="TopicMessage"><Id>1373556735482-10</Id><Title>The Tape Doesn't Lie</Title><Msg>Even before the Goldman downgrade, the tape action on IBM was terrible indicating a problem. Bew prepared for a much worse earnings and revenue report next week. Stock should be sold in trading accounts.</Msg><Username>p1sorell</Username><Timestamp>1373556735482</Timestamp><DateTime>Thu, 2013-07-11 11:32:15 EDT</DateTime><ThumbUp>2</ThumbUp><ThumbDown>4</ThumbDown><Sentiment>Strong Sell</Sentiment></Message><Message type="ReplyMessage"><Id>1373557904853-11</Id><Topic><Title>The Tape Doesn't Lie</Title><Username>p1sorell</Username><Timestamp>1373556735482</Timestamp><DateTime>Thu, 2013-07-11 11:32:15 EDT</DateTime></Topic><Msg>Maybe not, but you do.</Msg><Username>nozupforyou</Username><Timestamp>1373557904853</Timestamp><DateTime>Thu, 2013-07-11 11:51:44 EDT</DateTime><ThumbUp>2</ThumbUp><ThumbDown>1</ThumbDown><Sentiment/></Message><Message type="TopicMessage"><Id>1373560713444-12</Id><Title>boo hoo......longs here</Title><Msg>in love with their stock........if you can't take objective criticism of a stock you own, you shouldn't own it. the fact is, if you're in love and/or emotionally entangled with a stock, it's the stock that 'owns' you. d a m n morons.</Msg><Username>txtrader77</Username><Timestamp>1373560713444</Timestamp><DateTime>Thu, 2013-07-11 12:38:33 EDT</DateTime><ThumbUp>0</ThumbUp><ThumbDown>2</ThumbDown><Sentiment/></Message><Message type="TopicMessage"><Id>1373563515111-13</Id><Title>IBM Survey</Title><Msg>How many people will admit to getting a #$%$ from Ginny?</Msg><Username>flatsflyer</Username><Timestamp>1373563515111</Timestamp><DateTime>Thu, 2013-07-11 13:25:15 EDT</DateTime><ThumbUp>1</ThumbUp><ThumbDown>4</ThumbDown><Sentiment>Strong Sell</Sentiment></Message><Message type="ReplyMessage"><Id>1373566138047-14</Id><Topic><Title>IBM Survey</Title><Username>flatsflyer</Username><Timestamp>1373563515111</Timestamp><DateTime>Thu, 2013-07-11 13:25:15 EDT</DateTime></Topic><Msg>Dang flats, you talkin' 'bout a dividend????</Msg><Username>alreadyhaveauser</Username><Timestamp>1373566138047</Timestamp><DateTime>Thu, 2013-07-11 14:08:58 EDT</DateTime><ThumbUp>4</ThumbUp><ThumbDown>1</ThumbDown><Sentiment/></Message><Message type="ReplyMessage"><Id>1373570333548-15</Id><Topic><Title>boo hoo......longs here</Title><Username>txtrader77</Username><Timestamp>1373560713444</Timestamp><DateTime>Thu, 2013-07-11 12:38:33 EDT</DateTime></Topic><Msg>"in love with their stock........if you can't take objective criticism of a stock you own, you shouldn't own it. the fact is, if you're in love and/or emotionally entangled with a stock, it's the stock that 'owns' you. d a m n morons." One of a parade of empty-suit flamers passing thru.</Msg><Username>yield_of_my_dreams</Username><Timestamp>1373570333548</Timestamp><DateTime>Thu, 2013-07-11 15:18:53 EDT</DateTime><ThumbUp>1</ThumbUp><ThumbDown>1</ThumbDown><Sentiment/></Message><Message type="TopicMessage"><Id>1373573069862-16</Id><Title>This Board</Title><Msg>What a bunch of morons.</Msg><Username>p1sorell</Username><Timestamp>1373573069862</Timestamp><DateTime>Thu, 2013-07-11 16:04:29 EDT</DateTime><ThumbUp>0</ThumbUp><ThumbDown>3</ThumbDown><Sentiment>Strong Sell</Sentiment></Message><Message type="ReplyMessage"><Id>1373574018515-17</Id><Topic><Title>This Board</Title><Username>p1sorell</Username><Timestamp>1373573069862</Timestamp><DateTime>Thu, 2013-07-11 16:04:29 EDT</DateTime></Topic><Msg>Dare I repeat myself? Yep, I took the dare: Hey I thought you were leaving "pissy"? Don't let the door hit you in the butt on the way out!</Msg><Username>alreadyhaveauser</Username><Timestamp>1373574018515</Timestamp><DateTime>Thu, 2013-07-11 16:20:18 EDT</DateTime><ThumbUp>3</ThumbUp><ThumbDown>0</ThumbDown><Sentiment/></Message><Message type="ReplyMessage"><Id>1373579642690-18</Id><Topic><Title>(GLBH) looks prime for a huge breakout</Title><Username>wliam681</Username><Timestamp>1373469837913</Timestamp><DateTime>Wed, 2013-07-10 11:23:57 EDT</DateTime></Topic><Msg>Down 20% today! Globaltech Holdings, Inc. (GLBH)-OTC Markets Prev Close: 0.06 Open: 0.06 Bid: N/A Ask: N/A 1y Target Est: N/A Beta: N/A Next Earnings Date: N/A Day's Range: 0.0320 - 0.0570 52wk Range: N/A Volume: 1,225,373 Avg Vol (3m): N/A Market Cap: N/A P/E (ttm): N/A EPS (ttm): N/A Div &amp; Yield: N/A (N/A)</Msg><Username>birddd727</Username><Timestamp>1373579642690</Timestamp><DateTime>Thu, 2013-07-11 17:54:02 EDT</DateTime><ThumbUp>1</ThumbUp><ThumbDown>1</ThumbDown><Sentiment/></Message><Message type="ReplyMessage"><Id>1373584355180-19</Id><Topic><Title>UBS on IBM today</Title><Username>mr_dinky_dot_bomb</Username><Timestamp>1373546248452</Timestamp><DateTime>Thu, 2013-07-11 08:37:28 EDT</DateTime></Topic><Msg>I never in my life acknowledged that an analyst would at all help me. They work with the same data available to everyone. Why would you need to put any credence into what they say. I don't need an incompetent analysts to "advise me". I can make my own mistakes.</Msg><Username>zer0t0l</Username><Timestamp>1373584355180</Timestamp><DateTime>Thu, 2013-07-11 19:12:35 EDT</DateTime><ThumbUp>3</ThumbUp><ThumbDown>0</ThumbDown><Sentiment>Buy</Sentiment></Message><Message type="ReplyMessage"><Id>1373599546595-20</Id><Topic><Title>UBS on IBM today</Title><Username>mr_dinky_dot_bomb</Username><Timestamp>1373546248452</Timestamp><DateTime>Thu, 2013-07-11 08:37:28 EDT</DateTime></Topic><Msg>Certain "friendly" analysts may be being wined and dined by Corp. Communication at IBM to get the company's wanted message out; this particilar rosy outlook could be a planned counter to the Goldman Sachs"k pessimistic analysis as a means of damage control. That's what Corporate Communications' department staff is paid to do, isnt it?</Msg><Username>medchemlead</Username><Timestamp>1373599546595</Timestamp><DateTime>Thu, 2013-07-11 23:25:46 EDT</DateTime><ThumbUp>0</ThumbUp><ThumbDown>2</ThumbDown><Sentiment/></Message></Date>