<?xml version="1.0" encoding="UTF-8" standalone="no"?><Date date="2013-05-22"><Message type="TopicMessage"><Id>1369226680054-1</Id><Title>210 next, then 60% drop</Title><Msg>that is capitalism</Msg><Username>behindtruth2003</Username><Timestamp>1369226680054</Timestamp><DateTime>Wed, 2013-05-22 08:44:40 EDT</DateTime><ThumbUp>0</ThumbUp><ThumbDown>2</ThumbDown><Sentiment/></Message><Message type="TopicMessage"><Id>1369231190046-2</Id><Title>1/2 pullback of recent rally to $199? healthy pullback</Title><Msg>Good luck all. IMO</Msg><Username>jjjjjm1965</Username><Timestamp>1369231190046</Timestamp><DateTime>Wed, 2013-05-22 09:59:50 EDT</DateTime><ThumbUp>0</ThumbUp><ThumbDown>1</ThumbDown><Sentiment/></Message><Message type="ReplyMessage"><Id>1369234845924-3</Id><Topic><Title>made 60k on IBM puts!!!!</Title><Username>stockmr</Username><Timestamp>1366434222044</Timestamp><DateTime>Sat, 2013-04-20 01:03:42 EDT</DateTime></Topic><Msg>signed up</Msg><Username>jackmayor503</Username><Timestamp>1369234845924</Timestamp><DateTime>Wed, 2013-05-22 11:00:45 EDT</DateTime><ThumbUp>0</ThumbUp><ThumbDown>4</ThumbDown><Sentiment/></Message><Message type="TopicMessage"><Id>1369235585314-4</Id><Title>Time to sell here....</Title><Msg>who sold at $210?? I will see at $206 soon..</Msg><Username>bigk95133</Username><Timestamp>1369235585314</Timestamp><DateTime>Wed, 2013-05-22 11:13:05 EDT</DateTime><ThumbUp>0</ThumbUp><ThumbDown>3</ThumbDown><Sentiment>Sell</Sentiment></Message><Message type="ReplyMessage"><Id>1369242680857-5</Id><Topic><Title>Time to sell here....</Title><Username>bigk95133</Username><Timestamp>1369235585314</Timestamp><DateTime>Wed, 2013-05-22 11:13:05 EDT</DateTime></Topic><Msg>I agree Bernake just give a cold shower to market....but sometime market take 2-3 hours to digest it...lol QE purchasing will slow down....now!!! fun over!!!</Msg><Username>sp500crash</Username><Timestamp>1369242680857</Timestamp><DateTime>Wed, 2013-05-22 13:11:20 EDT</DateTime><ThumbUp>0</ThumbUp><ThumbDown>1</ThumbDown><Sentiment/></Message><Message type="TopicMessage"><Id>1369243715921-6</Id><Title>Dow dropping fast.....Feds 14H00 then Bang!!!!</Title><Msg>All the way down....!!!</Msg><Username>sp500crash</Username><Timestamp>1369243715921</Timestamp><DateTime>Wed, 2013-05-22 13:28:35 EDT</DateTime><ThumbUp>0</ThumbUp><ThumbDown>1</ThumbDown><Sentiment/></Message><Message type="TopicMessage"><Id>1369245253032-7</Id><Title>Back to $188 would be something. IMO</Title><Msg>Good luck all. Still not sure why it even bounced. IMO</Msg><Username>jjjjjm1965</Username><Timestamp>1369245253032</Timestamp><DateTime>Wed, 2013-05-22 13:54:13 EDT</DateTime><ThumbUp>0</ThumbUp><ThumbDown>1</ThumbDown><Sentiment/></Message><Message type="TopicMessage"><Id>1369246492993-8</Id><Title>IBM: Under $200 next???</Title><Msg>Just watch on the side line......</Msg><Username>madmoneycramer</Username><Timestamp>1369246492993</Timestamp><DateTime>Wed, 2013-05-22 14:14:52 EDT</DateTime><ThumbUp>0</ThumbUp><ThumbDown>1</ThumbDown><Sentiment/></Message><Message type="TopicMessage"><Id>1369248173635-9</Id><Title>Told ya.......</Title><Msg>Down we go.....</Msg><Username>madmoneycramer</Username><Timestamp>1369248173635</Timestamp><DateTime>Wed, 2013-05-22 14:42:53 EDT</DateTime><ThumbUp>0</ThumbUp><ThumbDown>2</ThumbDown><Sentiment/></Message><Message type="TopicMessage"><Id>1369256426131-10</Id><Title>Lenova deal going through at higher price! IBM up</Title><Msg>Will be over 215 by July</Msg><Username>findingbigtips</Username><Timestamp>1369256426131</Timestamp><DateTime>Wed, 2013-05-22 17:00:26 EDT</DateTime><ThumbUp>0</ThumbUp><ThumbDown>1</ThumbDown><Sentiment/></Message><Message type="ReplyMessage"><Id>1369256556245-11</Id><Topic><Title>Told ya.......</Title><Username>madmoneycramer</Username><Timestamp>1369248173635</Timestamp><DateTime>Wed, 2013-05-22 14:42:53 EDT</DateTime></Topic><Msg>You vicious, evil fiend IBM down 0.80% and you swoop in to rub it in!!! Back to your dark shadows and devil worship.</Msg><Username>yield_of_my_dreams</Username><Timestamp>1369256556245</Timestamp><DateTime>Wed, 2013-05-22 17:02:36 EDT</DateTime><ThumbUp>1</ThumbUp><ThumbDown>0</ThumbDown><Sentiment/></Message><Message type="ReplyMessage"><Id>1369266756535-12</Id><Topic><Title>Back to $188 would be something. IMO</Title><Username>jjjjjm1965</Username><Timestamp>1369245253032</Timestamp><DateTime>Wed, 2013-05-22 13:54:13 EDT</DateTime></Topic><Msg>Because if they want the averages to go higher, the dow, they push ibm. It has nothing to do with earnings or anything else. Just compare the dow chart and ibm. Its really a joke to drop like a rock on earnings and a few weeks later spike up like nothing ever happened, but thats the case for the whole market. Bad news last about 5 mins, and good news is worth 200 pts, even if its really not even good news, as long as its not worse. Case in pt, hpq earnings compared to last year</Msg><Username>sterlingbreeze17</Username><Timestamp>1369266756535</Timestamp><DateTime>Wed, 2013-05-22 19:52:36 EDT</DateTime><ThumbUp>0</ThumbUp><ThumbDown>1</ThumbDown><Sentiment/></Message><Message type="ReplyMessage"><Id>1369269558247-13</Id><Topic><Title>Back to $188 would be something. IMO</Title><Username>jjjjjm1965</Username><Timestamp>1369245253032</Timestamp><DateTime>Wed, 2013-05-22 13:54:13 EDT</DateTime></Topic><Msg>there's nowhere else to put your money. Treasuries? Real estate? Bank cd's? That's one of the reasons for the surge in all equities.</Msg><Username>zer0t0l</Username><Timestamp>1369269558247</Timestamp><DateTime>Wed, 2013-05-22 20:39:18 EDT</DateTime><ThumbUp>1</ThumbUp><ThumbDown>0</ThumbDown><Sentiment/></Message><Message type="ReplyMessage"><Id>1369271338201-14</Id><Topic><Title>Lenova deal going through at higher price! IBM up</Title><Username>findingbigtips</Username><Timestamp>1369256426131</Timestamp><DateTime>Wed, 2013-05-22 17:00:26 EDT</DateTime></Topic><Msg>Lenova deal? What year are you living in?</Msg><Username>zer0t0l</Username><Timestamp>1369271338201</Timestamp><DateTime>Wed, 2013-05-22 21:08:58 EDT</DateTime><ThumbUp>1</ThumbUp><ThumbDown>0</ThumbDown><Sentiment/></Message><Message type="ReplyMessage"><Id>1369272753659-15</Id><Topic><Title>Back to $188 would be something. IMO</Title><Username>jjjjjm1965</Username><Timestamp>1369245253032</Timestamp><DateTime>Wed, 2013-05-22 13:54:13 EDT</DateTime></Topic><Msg>You keep believing that line of bs from the talking heads and you will find out the hard way that this is the biggest scam market in history.</Msg><Username>sterlingbreeze17</Username><Timestamp>1369272753659</Timestamp><DateTime>Wed, 2013-05-22 21:32:33 EDT</DateTime><ThumbUp>0</ThumbUp><ThumbDown>1</ThumbDown><Sentiment/></Message><Message type="ReplyMessage"><Id>1369276318649-16</Id><Topic><Title>Back to $188 would be something. IMO</Title><Username>jjjjjm1965</Username><Timestamp>1369245253032</Timestamp><DateTime>Wed, 2013-05-22 13:54:13 EDT</DateTime></Topic><Msg>where are you putting your money?</Msg><Username>zer0t0l</Username><Timestamp>1369276318649</Timestamp><DateTime>Wed, 2013-05-22 22:31:58 EDT</DateTime><ThumbUp>1</ThumbUp><ThumbDown>0</ThumbDown><Sentiment/></Message><Message type="TopicMessage"><Id>1369278691360-17</Id><Title>Might US stock market tank 60%? I think it is possible</Title><Msg>Then the stupid Ben will have to resign and damages are bad.</Msg><Username>wallstreetskimmer</Username><Timestamp>1369278691360</Timestamp><DateTime>Wed, 2013-05-22 23:11:31 EDT</DateTime><ThumbUp>0</ThumbUp><ThumbDown>2</ThumbDown><Sentiment/></Message><Message type="ReplyMessage"><Id>1369281541511-18</Id><Topic><Title>Lenova deal going through at higher price! IBM up</Title><Username>findingbigtips</Username><Timestamp>1369256426131</Timestamp><DateTime>Wed, 2013-05-22 17:00:26 EDT</DateTime></Topic><Msg>hey clueless... Lenova is after some of IBM's server business but balking at the price IBM wants. The deal is going through anyway.</Msg><Username>findingbigtips</Username><Timestamp>1369281541511</Timestamp><DateTime>Wed, 2013-05-22 23:59:01 EDT</DateTime><ThumbUp>0</ThumbUp><ThumbDown>1</ThumbDown><Sentiment>Buy</Sentiment></Message></Date>