<?xml version="1.0" encoding="UTF-8" standalone="no"?><Date date="2013-03-12"><Message type="ReplyMessage"><Id>1363069095195-1</Id><Topic><Title>IBM on MAD MONEY TONIGHT!</Title><Username>chad.cooper61</Username><Timestamp>1362420846332</Timestamp><DateTime>Mon, 2013-03-04 13:14:06 EST</DateTime></Topic><Msg>well done</Msg><Username>linarespaolo295</Username><Timestamp>1363069095195</Timestamp><DateTime>Tue, 2013-03-12 02:18:15 EDT</DateTime><ThumbUp>0</ThumbUp><ThumbDown>3</ThumbDown><Sentiment>Buy</Sentiment></Message><Message type="ReplyMessage"><Id>1363072332792-2</Id><Topic><Title>Major IBM Pre Promotion Report</Title><Username>johncoates212</Username><Timestamp>1362659610191</Timestamp><DateTime>Thu, 2013-03-07 07:33:30 EST</DateTime></Topic><Msg>thank you</Msg><Username>robertbates954</Username><Timestamp>1363072332792</Timestamp><DateTime>Tue, 2013-03-12 03:12:12 EDT</DateTime><ThumbUp>0</ThumbUp><ThumbDown>1</ThumbDown><Sentiment/></Message><Message type="ReplyMessage"><Id>1363080407226-3</Id><Topic><Title>International Business Machines Corporation Insiders SELLING?! (SHOCKING REPORT)</Title><Username>ritchie.douglas</Username><Timestamp>1363042661696</Timestamp><DateTime>Mon, 2013-03-11 18:57:41 EDT</DateTime></Topic><Msg>Great one</Msg><Username>seanlacroix518</Username><Timestamp>1363080407226</Timestamp><DateTime>Tue, 2013-03-12 05:26:47 EDT</DateTime><ThumbUp>0</ThumbUp><ThumbDown>3</ThumbDown><Sentiment/></Message><Message type="ReplyMessage"><Id>1363093185364-4</Id><Topic><Title>Major IBM Pre Promotion Report</Title><Username>johncoates212</Username><Timestamp>1362659610191</Timestamp><DateTime>Thu, 2013-03-07 07:33:30 EST</DateTime></Topic><Msg>good report</Msg><Username>spencermiles473</Username><Timestamp>1363093185364</Timestamp><DateTime>Tue, 2013-03-12 08:59:45 EDT</DateTime><ThumbUp>0</ThumbUp><ThumbDown>2</ThumbDown><Sentiment/></Message><Message type="ReplyMessage"><Id>1363093344648-5</Id><Topic><Title>Detailed International Business Machines Corporation Research Report</Title><Username>efrain.mercer</Username><Timestamp>1362394781724</Timestamp><DateTime>Mon, 2013-03-04 05:59:41 EST</DateTime></Topic><Msg>fantastic report</Msg><Username>merlin.luis</Username><Timestamp>1363093344648</Timestamp><DateTime>Tue, 2013-03-12 09:02:24 EDT</DateTime><ThumbUp>0</ThumbUp><ThumbDown>2</ThumbDown><Sentiment/></Message><Message type="ReplyMessage"><Id>1363094164557-6</Id><Topic><Title>International Business Machines Corporation Insiders SELLING?! (SHOCKING REPORT)</Title><Username>ritchie.douglas</Username><Timestamp>1363042661696</Timestamp><DateTime>Mon, 2013-03-11 18:57:41 EDT</DateTime></Topic><Msg>love it</Msg><Username>joeclaus616</Username><Timestamp>1363094164557</Timestamp><DateTime>Tue, 2013-03-12 09:16:04 EDT</DateTime><ThumbUp>0</ThumbUp><ThumbDown>3</ThumbDown><Sentiment/></Message><Message type="TopicMessage"><Id>1363094844693-7</Id><Title>Big red today</Title><Msg>I can see that IBM will go lower than $209 today. Close later at $208.65 with today's low at $208.42</Msg><Username>ninht88</Username><Timestamp>1363094844693</Timestamp><DateTime>Tue, 2013-03-12 09:27:24 EDT</DateTime><ThumbUp>0</ThumbUp><ThumbDown>2</ThumbDown><Sentiment/></Message><Message type="ReplyMessage"><Id>1363097334000-8</Id><Topic><Title>Big red today</Title><Username>ninht88</Username><Timestamp>1363094844693</Timestamp><DateTime>Tue, 2013-03-12 09:27:24 EDT</DateTime></Topic><Msg>Its 10:05 and its going the wrong way. I hope this doesn't wind disappointing you.</Msg><Username>zer0t0l</Username><Timestamp>1363097334000</Timestamp><DateTime>Tue, 2013-03-12 10:08:54 EDT</DateTime><ThumbUp>2</ThumbUp><ThumbDown>0</ThumbDown><Sentiment/></Message><Message type="ReplyMessage"><Id>1363099870481-9</Id><Topic><Title>Major IBM Pre Promotion Report</Title><Username>johncoates212</Username><Timestamp>1362659610191</Timestamp><DateTime>Thu, 2013-03-07 07:33:30 EST</DateTime></Topic><Msg>very useful report</Msg><Username>aidan_fry</Username><Timestamp>1363099870481</Timestamp><DateTime>Tue, 2013-03-12 10:51:10 EDT</DateTime><ThumbUp>0</ThumbUp><ThumbDown>2</ThumbDown><Sentiment/></Message><Message type="ReplyMessage"><Id>1363100072687-10</Id><Topic><Title>Detailed International Business Machines Corporation Research Report</Title><Username>efrain.mercer</Username><Timestamp>1362394781724</Timestamp><DateTime>Mon, 2013-03-04 05:59:41 EST</DateTime></Topic><Msg>useful info</Msg><Username>willard.meyer</Username><Timestamp>1363100072687</Timestamp><DateTime>Tue, 2013-03-12 10:54:32 EDT</DateTime><ThumbUp>0</ThumbUp><ThumbDown>2</ThumbDown><Sentiment/></Message><Message type="ReplyMessage"><Id>1363100721553-11</Id><Topic><Title>International Business Machines Corporation Insiders SELLING?! (SHOCKING REPORT)</Title><Username>ritchie.douglas</Username><Timestamp>1363042661696</Timestamp><DateTime>Mon, 2013-03-11 18:57:41 EDT</DateTime></Topic><Msg>thanks a lot</Msg><Username>jamesthompson105</Username><Timestamp>1363100721553</Timestamp><DateTime>Tue, 2013-03-12 11:05:21 EDT</DateTime><ThumbUp>0</ThumbUp><ThumbDown>1</ThumbDown><Sentiment/></Message><Message type="ReplyMessage"><Id>1363101055578-12</Id><Topic><Title>IN DEPTH IBM Analyst Report .</Title><Username>elmer.jacobs</Username><Timestamp>1361730684470</Timestamp><DateTime>Sun, 2013-02-24 13:31:24 EST</DateTime></Topic><Msg>SPAMMER !!</Msg><Username>lillianyz</Username><Timestamp>1363101055578</Timestamp><DateTime>Tue, 2013-03-12 11:10:55 EDT</DateTime><ThumbUp>0</ThumbUp><ThumbDown>2</ThumbDown><Sentiment/></Message><Message type="ReplyMessage"><Id>1363101699992-13</Id><Topic><Title>IN DEPTH IBM Analyst Report .</Title><Username>elmer.jacobs</Username><Timestamp>1361730684470</Timestamp><DateTime>Sun, 2013-02-24 13:31:24 EST</DateTime></Topic><Msg>really good report!</Msg><Username>duggins_patrick</Username><Timestamp>1363101699992</Timestamp><DateTime>Tue, 2013-03-12 11:21:39 EDT</DateTime><ThumbUp>0</ThumbUp><ThumbDown>3</ThumbDown><Sentiment/></Message><Message type="ReplyMessage"><Id>1363101853297-14</Id><Topic><Title>IBM CEO &amp; CFO Selling Shares?!</Title><Username>barry.white95</Username><Timestamp>1362317955245</Timestamp><DateTime>Sun, 2013-03-03 08:39:15 EST</DateTime></Topic><Msg>really good report!</Msg><Username>duggins_patrick</Username><Timestamp>1363101853297</Timestamp><DateTime>Tue, 2013-03-12 11:24:13 EDT</DateTime><ThumbUp>0</ThumbUp><ThumbDown>2</ThumbDown><Sentiment/></Message><Message type="TopicMessage"><Id>1363104568460-15</Id><Title>Will NASDAQ go under 3000 when correction starts ?</Title><Msg>will AAPL be to blame as usual ?</Msg><Username>jgiled</Username><Timestamp>1363104568460</Timestamp><DateTime>Tue, 2013-03-12 12:09:28 EDT</DateTime><ThumbUp>0</ThumbUp><ThumbDown>1</ThumbDown><Sentiment/></Message><Message type="ReplyMessage"><Id>1363106824812-16</Id><Topic><Title>Detailed International Business Machines Corporation Research Report</Title><Username>efrain.mercer</Username><Timestamp>1362394781724</Timestamp><DateTime>Mon, 2013-03-04 05:59:41 EST</DateTime></Topic><Msg>perfect one</Msg><Username>bruce.bourg</Username><Timestamp>1363106824812</Timestamp><DateTime>Tue, 2013-03-12 12:47:04 EDT</DateTime><ThumbUp>0</ThumbUp><ThumbDown>2</ThumbDown><Sentiment/></Message><Message type="ReplyMessage"><Id>1363107506585-17</Id><Topic><Title>International Business Machines Corporation Insiders SELLING?! (SHOCKING REPORT)</Title><Username>ritchie.douglas</Username><Timestamp>1363042661696</Timestamp><DateTime>Mon, 2013-03-11 18:57:41 EDT</DateTime></Topic><Msg>nice report</Msg><Username>phillipvargas42</Username><Timestamp>1363107506585</Timestamp><DateTime>Tue, 2013-03-12 12:58:26 EDT</DateTime><ThumbUp>0</ThumbUp><ThumbDown>1</ThumbDown><Sentiment/></Message><Message type="ReplyMessage"><Id>1363107722461-18</Id><Topic><Title>IBM on MAD MONEY TONIGHT!</Title><Username>chad.cooper61</Username><Timestamp>1362420846332</Timestamp><DateTime>Mon, 2013-03-04 13:14:06 EST</DateTime></Topic><Msg>good information</Msg><Username>clark_button</Username><Timestamp>1363107722461</Timestamp><DateTime>Tue, 2013-03-12 13:02:02 EDT</DateTime><ThumbUp>0</ThumbUp><ThumbDown>3</ThumbDown><Sentiment>Buy</Sentiment></Message><Message type="ReplyMessage"><Id>1363108240551-19</Id><Topic><Title>IN DEPTH IBM Analyst Report .</Title><Username>elmer.jacobs</Username><Timestamp>1361730684470</Timestamp><DateTime>Sun, 2013-02-24 13:31:24 EST</DateTime></Topic><Msg>thanks</Msg><Username>lawrence_buff</Username><Timestamp>1363108240551</Timestamp><DateTime>Tue, 2013-03-12 13:10:40 EDT</DateTime><ThumbUp>0</ThumbUp><ThumbDown>2</ThumbDown><Sentiment/></Message><Message type="ReplyMessage"><Id>1363108362230-20</Id><Topic><Title>IBM CEO &amp; CFO Selling Shares?!</Title><Username>barry.white95</Username><Timestamp>1362317955245</Timestamp><DateTime>Sun, 2013-03-03 08:39:15 EST</DateTime></Topic><Msg>thanks</Msg><Username>lawrence_buff</Username><Timestamp>1363108362230</Timestamp><DateTime>Tue, 2013-03-12 13:12:42 EDT</DateTime><ThumbUp>0</ThumbUp><ThumbDown>1</ThumbDown><Sentiment/></Message><Message type="ReplyMessage"><Id>1363108425927-21</Id><Topic><Title>Major IBM Pre Promotion Report</Title><Username>johncoates212</Username><Timestamp>1362659610191</Timestamp><DateTime>Thu, 2013-03-07 07:33:30 EST</DateTime></Topic><Msg>nice update</Msg><Username>wongkian</Username><Timestamp>1363108425927</Timestamp><DateTime>Tue, 2013-03-12 13:13:45 EDT</DateTime><ThumbUp>0</ThumbUp><ThumbDown>2</ThumbDown><Sentiment/></Message><Message type="ReplyMessage"><Id>1363111738591-22</Id><Topic><Title>IBM CEO &amp; CFO Selling Shares?!</Title><Username>barry.white95</Username><Timestamp>1362317955245</Timestamp><DateTime>Sun, 2013-03-03 08:39:15 EST</DateTime></Topic><Msg>Thanks for sharing !</Msg><Username>phipps.jennifer</Username><Timestamp>1363111738591</Timestamp><DateTime>Tue, 2013-03-12 14:08:58 EDT</DateTime><ThumbUp>0</ThumbUp><ThumbDown>1</ThumbDown><Sentiment/></Message><Message type="ReplyMessage"><Id>1363112032913-23</Id><Topic><Title>IN DEPTH IBM Analyst Report .</Title><Username>elmer.jacobs</Username><Timestamp>1361730684470</Timestamp><DateTime>Sun, 2013-02-24 13:31:24 EST</DateTime></Topic><Msg>Thanks for sharing !</Msg><Username>phipps.jennifer</Username><Timestamp>1363112032913</Timestamp><DateTime>Tue, 2013-03-12 14:13:52 EDT</DateTime><ThumbUp>0</ThumbUp><ThumbDown>3</ThumbDown><Sentiment/></Message><Message type="ReplyMessage"><Id>1363113011921-24</Id><Topic><Title>Detailed International Business Machines Corporation Research Report</Title><Username>efrain.mercer</Username><Timestamp>1362394781724</Timestamp><DateTime>Mon, 2013-03-04 05:59:41 EST</DateTime></Topic><Msg>thanks a lot</Msg><Username>richarddavis80</Username><Timestamp>1363113011921</Timestamp><DateTime>Tue, 2013-03-12 14:30:11 EDT</DateTime><ThumbUp>0</ThumbUp><ThumbDown>2</ThumbDown><Sentiment/></Message><Message type="ReplyMessage"><Id>1363113488524-25</Id><Topic><Title>International Business Machines Corporation Insiders SELLING?! (SHOCKING REPORT)</Title><Username>ritchie.douglas</Username><Timestamp>1363042661696</Timestamp><DateTime>Mon, 2013-03-11 18:57:41 EDT</DateTime></Topic><Msg>fantastic job</Msg><Username>wendell.obrian</Username><Timestamp>1363113488524</Timestamp><DateTime>Tue, 2013-03-12 14:38:08 EDT</DateTime><ThumbUp>0</ThumbUp><ThumbDown>1</ThumbDown><Sentiment/></Message><Message type="ReplyMessage"><Id>1363114545022-26</Id><Topic><Title>Major IBM Pre Promotion Report</Title><Username>johncoates212</Username><Timestamp>1362659610191</Timestamp><DateTime>Thu, 2013-03-07 07:33:30 EST</DateTime></Topic><Msg>thank you</Msg><Username>finleyellis740</Username><Timestamp>1363114545022</Timestamp><DateTime>Tue, 2013-03-12 14:55:45 EDT</DateTime><ThumbUp>0</ThumbUp><ThumbDown>2</ThumbDown><Sentiment/></Message><Message type="ReplyMessage"><Id>1363116538174-27</Id><Topic><Title>Detailed International Business Machines Corporation Research Report</Title><Username>efrain.mercer</Username><Timestamp>1362394781724</Timestamp><DateTime>Mon, 2013-03-04 05:59:41 EST</DateTime></Topic><Msg>love it</Msg><Username>duane.krebs</Username><Timestamp>1363116538174</Timestamp><DateTime>Tue, 2013-03-12 15:28:58 EDT</DateTime><ThumbUp>0</ThumbUp><ThumbDown>3</ThumbDown><Sentiment/></Message><Message type="ReplyMessage"><Id>1363117504928-28</Id><Topic><Title>Will NASDAQ go under 3000 when correction starts ?</Title><Username>jgiled</Username><Timestamp>1363104568460</Timestamp><DateTime>Tue, 2013-03-12 12:09:28 EDT</DateTime></Topic><Msg>maybe</Msg><Username>eyebeem1</Username><Timestamp>1363117504928</Timestamp><DateTime>Tue, 2013-03-12 15:45:04 EDT</DateTime><ThumbUp>0</ThumbUp><ThumbDown>1</ThumbDown><Sentiment/></Message><Message type="ReplyMessage"><Id>1363118974357-29</Id><Topic><Title>IBM CEO &amp; CFO Selling Shares?!</Title><Username>barry.white95</Username><Timestamp>1362317955245</Timestamp><DateTime>Sun, 2013-03-03 08:39:15 EST</DateTime></Topic><Msg>Very helpful report , thank you !</Msg><Username>moseley_nichole</Username><Timestamp>1363118974357</Timestamp><DateTime>Tue, 2013-03-12 16:09:34 EDT</DateTime><ThumbUp>0</ThumbUp><ThumbDown>1</ThumbDown><Sentiment/></Message><Message type="ReplyMessage"><Id>1363119159371-30</Id><Topic><Title>IN DEPTH IBM Analyst Report .</Title><Username>elmer.jacobs</Username><Timestamp>1361730684470</Timestamp><DateTime>Sun, 2013-02-24 13:31:24 EST</DateTime></Topic><Msg>Very helpful report , thank you !</Msg><Username>moseley_nichole</Username><Timestamp>1363119159371</Timestamp><DateTime>Tue, 2013-03-12 16:12:39 EDT</DateTime><ThumbUp>0</ThumbUp><ThumbDown>3</ThumbDown><Sentiment/></Message><Message type="ReplyMessage"><Id>1363124259621-31</Id><Topic><Title>Big red today</Title><Username>ninht88</Username><Timestamp>1363094844693</Timestamp><DateTime>Tue, 2013-03-12 09:27:24 EDT</DateTime></Topic><Msg>What else can you see?</Msg><Username>wbtkm</Username><Timestamp>1363124259621</Timestamp><DateTime>Tue, 2013-03-12 17:37:39 EDT</DateTime><ThumbUp>0</ThumbUp><ThumbDown>1</ThumbDown><Sentiment/></Message><Message type="ReplyMessage"><Id>1363125496261-32</Id><Topic><Title>Will NASDAQ go under 3000 when correction starts ?</Title><Username>jgiled</Username><Timestamp>1363104568460</Timestamp><DateTime>Tue, 2013-03-12 12:09:28 EDT</DateTime></Topic><Msg>when the correction starts next year, anything can happen.</Msg><Username>zer0t0l</Username><Timestamp>1363125496261</Timestamp><DateTime>Tue, 2013-03-12 17:58:16 EDT</DateTime><ThumbUp>0</ThumbUp><ThumbDown>1</ThumbDown><Sentiment/></Message><Message type="ReplyMessage"><Id>1363125515657-33</Id><Topic><Title>IN DEPTH IBM Analyst Report .</Title><Username>elmer.jacobs</Username><Timestamp>1361730684470</Timestamp><DateTime>Sun, 2013-02-24 13:31:24 EST</DateTime></Topic><Msg>good report</Msg><Username>gordonjeff72</Username><Timestamp>1363125515657</Timestamp><DateTime>Tue, 2013-03-12 17:58:35 EDT</DateTime><ThumbUp>0</ThumbUp><ThumbDown>2</ThumbDown><Sentiment/></Message><Message type="ReplyMessage"><Id>1363125760529-34</Id><Topic><Title>IBM CEO &amp; CFO Selling Shares?!</Title><Username>barry.white95</Username><Timestamp>1362317955245</Timestamp><DateTime>Sun, 2013-03-03 08:39:15 EST</DateTime></Topic><Msg>good report</Msg><Username>gordonjeff72</Username><Timestamp>1363125760529</Timestamp><DateTime>Tue, 2013-03-12 18:02:40 EDT</DateTime><ThumbUp>0</ThumbUp><ThumbDown>1</ThumbDown><Sentiment/></Message><Message type="ReplyMessage"><Id>1363126260395-35</Id><Topic><Title>Major IBM Pre Promotion Report</Title><Username>johncoates212</Username><Timestamp>1362659610191</Timestamp><DateTime>Thu, 2013-03-07 07:33:30 EST</DateTime></Topic><Msg>very detailed and helpful report</Msg><Username>irene.holman</Username><Timestamp>1363126260395</Timestamp><DateTime>Tue, 2013-03-12 18:11:00 EDT</DateTime><ThumbUp>0</ThumbUp><ThumbDown>2</ThumbDown><Sentiment/></Message><Message type="ReplyMessage"><Id>1363126497477-36</Id><Topic><Title>International Business Machines Corporation Insiders SELLING?! (SHOCKING REPORT)</Title><Username>ritchie.douglas</Username><Timestamp>1363042661696</Timestamp><DateTime>Mon, 2013-03-11 18:57:41 EDT</DateTime></Topic><Msg>useful info</Msg><Username>isaiahlyons50</Username><Timestamp>1363126497477</Timestamp><DateTime>Tue, 2013-03-12 18:14:57 EDT</DateTime><ThumbUp>0</ThumbUp><ThumbDown>1</ThumbDown><Sentiment/></Message><Message type="ReplyMessage"><Id>1363127024896-37</Id><Topic><Title>Detailed International Business Machines Corporation Research Report</Title><Username>efrain.mercer</Username><Timestamp>1362394781724</Timestamp><DateTime>Mon, 2013-03-04 05:59:41 EST</DateTime></Topic><Msg>superb</Msg><Username>rubenjones55</Username><Timestamp>1363127024896</Timestamp><DateTime>Tue, 2013-03-12 18:23:44 EDT</DateTime><ThumbUp>0</ThumbUp><ThumbDown>3</ThumbDown><Sentiment/></Message><Message type="ReplyMessage"><Id>1363129802267-38</Id><Topic><Title>IBM CEO &amp; CFO Selling Shares?!</Title><Username>barry.white95</Username><Timestamp>1362317955245</Timestamp><DateTime>Sun, 2013-03-03 08:39:15 EST</DateTime></Topic><Msg>Thanks !</Msg><Username>riedel.carolyn</Username><Timestamp>1363129802267</Timestamp><DateTime>Tue, 2013-03-12 19:10:02 EDT</DateTime><ThumbUp>0</ThumbUp><ThumbDown>1</ThumbDown><Sentiment/></Message><Message type="ReplyMessage"><Id>1363129957200-39</Id><Topic><Title>IN DEPTH IBM Analyst Report .</Title><Username>elmer.jacobs</Username><Timestamp>1361730684470</Timestamp><DateTime>Sun, 2013-02-24 13:31:24 EST</DateTime></Topic><Msg>Thanks !</Msg><Username>riedel.carolyn</Username><Timestamp>1363129957200</Timestamp><DateTime>Tue, 2013-03-12 19:12:37 EDT</DateTime><ThumbUp>0</ThumbUp><ThumbDown>3</ThumbDown><Sentiment/></Message><Message type="ReplyMessage"><Id>1363131000476-40</Id><Topic><Title>Major IBM Pre Promotion Report</Title><Username>johncoates212</Username><Timestamp>1362659610191</Timestamp><DateTime>Thu, 2013-03-07 07:33:30 EST</DateTime></Topic><Msg>very interesting report, thanks!</Msg><Username>gabrielholden749</Username><Timestamp>1363131000476</Timestamp><DateTime>Tue, 2013-03-12 19:30:00 EDT</DateTime><ThumbUp>0</ThumbUp><ThumbDown>2</ThumbDown><Sentiment/></Message><Message type="ReplyMessage"><Id>1363141108848-41</Id><Topic><Title>Mrs. Virginia M. Rometty - Raise Up That Dividend!!!</Title><Username>chance_pocketwatch</Username><Timestamp>1363023960864</Timestamp><DateTime>Mon, 2013-03-11 13:46:00 EDT</DateTime></Topic><Msg>Yea Ginni, make it so. You just got your big bonus, so let us investors in on some.</Msg><Username>gamalataki</Username><Timestamp>1363141108848</Timestamp><DateTime>Tue, 2013-03-12 22:18:28 EDT</DateTime><ThumbUp>2</ThumbUp><ThumbDown>1</ThumbDown><Sentiment/></Message><Message type="ReplyMessage"><Id>1363141412078-42</Id><Topic><Title>Major IBM Pre Promotion Report</Title><Username>johncoates212</Username><Timestamp>1362659610191</Timestamp><DateTime>Thu, 2013-03-07 07:33:30 EST</DateTime></Topic><Msg>Bite my big one</Msg><Username>nozupforyou</Username><Timestamp>1363141412078</Timestamp><DateTime>Tue, 2013-03-12 22:23:32 EDT</DateTime><ThumbUp>0</ThumbUp><ThumbDown>2</ThumbDown><Sentiment/></Message><Message type="ReplyMessage"><Id>1363141487929-43</Id><Topic><Title>IN DEPTH IBM Analyst Report .</Title><Username>elmer.jacobs</Username><Timestamp>1361730684470</Timestamp><DateTime>Sun, 2013-02-24 13:31:24 EST</DateTime></Topic><Msg>Bite my scrotum</Msg><Username>nozupforyou</Username><Timestamp>1363141487929</Timestamp><DateTime>Tue, 2013-03-12 22:24:47 EDT</DateTime><ThumbUp>1</ThumbUp><ThumbDown>0</ThumbDown><Sentiment/></Message><Message type="ReplyMessage"><Id>1363141797849-44</Id><Topic><Title>Detailed International Business Machines Corporation Research Report</Title><Username>efrain.mercer</Username><Timestamp>1362394781724</Timestamp><DateTime>Mon, 2013-03-04 05:59:41 EST</DateTime></Topic><Msg>Lick my peepee</Msg><Username>nozupforyou</Username><Timestamp>1363141797849</Timestamp><DateTime>Tue, 2013-03-12 22:29:57 EDT</DateTime><ThumbUp>1</ThumbUp><ThumbDown>1</ThumbDown><Sentiment/></Message><Message type="ReplyMessage"><Id>1363141844078-45</Id><Topic><Title>IBM CEO &amp; CFO Selling Shares?!</Title><Username>barry.white95</Username><Timestamp>1362317955245</Timestamp><DateTime>Sun, 2013-03-03 08:39:15 EST</DateTime></Topic><Msg>Bite my schwantz</Msg><Username>nozupforyou</Username><Timestamp>1363141844078</Timestamp><DateTime>Tue, 2013-03-12 22:30:44 EDT</DateTime><ThumbUp>2</ThumbUp><ThumbDown>0</ThumbDown><Sentiment/></Message><Message type="ReplyMessage"><Id>1363141928251-46</Id><Topic><Title>IBM on MAD MONEY TONIGHT!</Title><Username>chad.cooper61</Username><Timestamp>1362420846332</Timestamp><DateTime>Mon, 2013-03-04 13:14:06 EST</DateTime></Topic><Msg>Blow my weiner</Msg><Username>nozupforyou</Username><Timestamp>1363141928251</Timestamp><DateTime>Tue, 2013-03-12 22:32:08 EDT</DateTime><ThumbUp>2</ThumbUp><ThumbDown>1</ThumbDown><Sentiment/></Message></Date>