<?xml version="1.0" encoding="UTF-8" standalone="no"?><Date date="2013-03-08"><Message type="ReplyMessage"><Id>1362720290610-1</Id><Topic><Title>IBM CEO &amp; CFO Selling Shares?!</Title><Username>barry.white95</Username><Timestamp>1362317955245</Timestamp><DateTime>Sun, 2013-03-03 08:39:15 EST</DateTime></Topic><Msg>Very helpful :)</Msg><Username>morgankevin589</Username><Timestamp>1362720290610</Timestamp><DateTime>Fri, 2013-03-08 00:24:50 EST</DateTime><ThumbUp>0</ThumbUp><ThumbDown>4</ThumbDown><Sentiment/></Message><Message type="ReplyMessage"><Id>1362720505270-2</Id><Topic><Title>IN DEPTH IBM Analyst Report .</Title><Username>elmer.jacobs</Username><Timestamp>1361730684470</Timestamp><DateTime>Sun, 2013-02-24 13:31:24 EST</DateTime></Topic><Msg>Very helpful :)</Msg><Username>morgankevin589</Username><Timestamp>1362720505270</Timestamp><DateTime>Fri, 2013-03-08 00:28:25 EST</DateTime><ThumbUp>0</ThumbUp><ThumbDown>3</ThumbDown><Sentiment/></Message><Message type="ReplyMessage"><Id>1362735176460-3</Id><Topic><Title>Major IBM Pre Promotion Report</Title><Username>johncoates212</Username><Timestamp>1362659610191</Timestamp><DateTime>Thu, 2013-03-07 07:33:30 EST</DateTime></Topic><Msg>thank you</Msg><Username>randallpowell622</Username><Timestamp>1362735176460</Timestamp><DateTime>Fri, 2013-03-08 04:32:56 EST</DateTime><ThumbUp>0</ThumbUp><ThumbDown>4</ThumbDown><Sentiment/></Message><Message type="ReplyMessage"><Id>1362737390013-4</Id><Topic><Title>Detailed International Business Machines Corporation Research Report</Title><Username>efrain.mercer</Username><Timestamp>1362394781724</Timestamp><DateTime>Mon, 2013-03-04 05:59:41 EST</DateTime></Topic><Msg>love it!</Msg><Username>dsam152</Username><Timestamp>1362737390013</Timestamp><DateTime>Fri, 2013-03-08 05:09:50 EST</DateTime><ThumbUp>0</ThumbUp><ThumbDown>6</ThumbDown><Sentiment/></Message><Message type="ReplyMessage"><Id>1362743721467-5</Id><Topic><Title>IBM on MAD MONEY TONIGHT!</Title><Username>chad.cooper61</Username><Timestamp>1362420846332</Timestamp><DateTime>Mon, 2013-03-04 13:14:06 EST</DateTime></Topic><Msg>great one</Msg><Username>williamawins</Username><Timestamp>1362743721467</Timestamp><DateTime>Fri, 2013-03-08 06:55:21 EST</DateTime><ThumbUp>0</ThumbUp><ThumbDown>4</ThumbDown><Sentiment>Buy</Sentiment></Message><Message type="TopicMessage"><Id>1362744372274-6</Id><Title>Fidelity faces more complaints about 'float income'</Title><Msg>Fidelity Investments, the largest U.S. provider of workplace retirement plans, is facing more accusations that it improperly uses customer money earned in overnight accounts to pay its own operating expenses. http://www.reuters.com/article/2013/03/07/funds-fidelity-lawsuit-idUSL1N0BZK5C20130307</Msg><Username>low_mac</Username><Timestamp>1362744372274</Timestamp><DateTime>Fri, 2013-03-08 07:06:12 EST</DateTime><ThumbUp>1</ThumbUp><ThumbDown>0</ThumbDown><Sentiment/></Message><Message type="ReplyMessage"><Id>1362749175689-7</Id><Topic><Title>Detailed International Business Machines Corporation Research Report</Title><Username>efrain.mercer</Username><Timestamp>1362394781724</Timestamp><DateTime>Mon, 2013-03-04 05:59:41 EST</DateTime></Topic><Msg>VIRUS</Msg><Username>codebuddy</Username><Timestamp>1362749175689</Timestamp><DateTime>Fri, 2013-03-08 08:26:15 EST</DateTime><ThumbUp>1</ThumbUp><ThumbDown>2</ThumbDown><Sentiment/></Message><Message type="TopicMessage"><Id>1362750621354-8</Id><Title>Ben Bernanke on Jobs Report</Title><Msg>What's thr big deal ? Rates will remain at zero until the cows come home.</Msg><Username>p1sorell</Username><Timestamp>1362750621354</Timestamp><DateTime>Fri, 2013-03-08 08:50:21 EST</DateTime><ThumbUp>0</ThumbUp><ThumbDown>4</ThumbDown><Sentiment/></Message><Message type="TopicMessage"><Id>1362751625623-9</Id><Title>Market Overbought</Title><Msg>Traders take profits.</Msg><Username>p1sorell</Username><Timestamp>1362751625623</Timestamp><DateTime>Fri, 2013-03-08 09:07:05 EST</DateTime><ThumbUp>0</ThumbUp><ThumbDown>5</ThumbDown><Sentiment>Sell</Sentiment></Message><Message type="ReplyMessage"><Id>1362751925765-10</Id><Topic><Title>IBM CEO &amp; CFO Selling Shares?!</Title><Username>barry.white95</Username><Timestamp>1362317955245</Timestamp><DateTime>Sun, 2013-03-03 08:39:15 EST</DateTime></Topic><Msg>Awesome info :)</Msg><Username>carr.mathew</Username><Timestamp>1362751925765</Timestamp><DateTime>Fri, 2013-03-08 09:12:05 EST</DateTime><ThumbUp>1</ThumbUp><ThumbDown>3</ThumbDown><Sentiment/></Message><Message type="ReplyMessage"><Id>1362752274214-11</Id><Topic><Title>IN DEPTH IBM Analyst Report .</Title><Username>elmer.jacobs</Username><Timestamp>1361730684470</Timestamp><DateTime>Sun, 2013-02-24 13:31:24 EST</DateTime></Topic><Msg>Awesome info :)</Msg><Username>carr.mathew</Username><Timestamp>1362752274214</Timestamp><DateTime>Fri, 2013-03-08 09:17:54 EST</DateTime><ThumbUp>0</ThumbUp><ThumbDown>4</ThumbDown><Sentiment/></Message><Message type="ReplyMessage"><Id>1362752341241-12</Id><Topic><Title>Detailed International Business Machines Corporation Research Report</Title><Username>efrain.mercer</Username><Timestamp>1362394781724</Timestamp><DateTime>Mon, 2013-03-04 05:59:41 EST</DateTime></Topic><Msg>that was great</Msg><Username>robertthorpe36</Username><Timestamp>1362752341241</Timestamp><DateTime>Fri, 2013-03-08 09:19:01 EST</DateTime><ThumbUp>0</ThumbUp><ThumbDown>3</ThumbDown><Sentiment/></Message><Message type="ReplyMessage"><Id>1362753584951-13</Id><Topic><Title>IBM on MAD MONEY TONIGHT!</Title><Username>chad.cooper61</Username><Timestamp>1362420846332</Timestamp><DateTime>Mon, 2013-03-04 13:14:06 EST</DateTime></Topic><Msg>awesome informations</Msg><Username>justin.march</Username><Timestamp>1362753584951</Timestamp><DateTime>Fri, 2013-03-08 09:39:44 EST</DateTime><ThumbUp>0</ThumbUp><ThumbDown>3</ThumbDown><Sentiment>Buy</Sentiment></Message><Message type="TopicMessage"><Id>1362754317542-14</Id><Title>Will IBM split the stock?</Title><Msg>PLEASE!</Msg><Username>quotes54</Username><Timestamp>1362754317542</Timestamp><DateTime>Fri, 2013-03-08 09:51:57 EST</DateTime><ThumbUp>1</ThumbUp><ThumbDown>2</ThumbDown><Sentiment/></Message><Message type="ReplyMessage"><Id>1362755130966-15</Id><Topic><Title>IN DEPTH IBM Analyst Report .</Title><Username>elmer.jacobs</Username><Timestamp>1361730684470</Timestamp><DateTime>Sun, 2013-02-24 13:31:24 EST</DateTime></Topic><Msg>thanks a lot!</Msg><Username>derrick_zirkle</Username><Timestamp>1362755130966</Timestamp><DateTime>Fri, 2013-03-08 10:05:30 EST</DateTime><ThumbUp>0</ThumbUp><ThumbDown>2</ThumbDown><Sentiment/></Message><Message type="ReplyMessage"><Id>1362755340701-16</Id><Topic><Title>IBM CEO &amp; CFO Selling Shares?!</Title><Username>barry.white95</Username><Timestamp>1362317955245</Timestamp><DateTime>Sun, 2013-03-03 08:39:15 EST</DateTime></Topic><Msg>thanks a lot!</Msg><Username>derrick_zirkle</Username><Timestamp>1362755340701</Timestamp><DateTime>Fri, 2013-03-08 10:09:00 EST</DateTime><ThumbUp>0</ThumbUp><ThumbDown>4</ThumbDown><Sentiment/></Message><Message type="TopicMessage"><Id>1362755417325-17</Id><Title>Already 4days green</Title><Msg>It will erase its gains or will descent to $106 next week. Watching its moves..</Msg><Username>ninht88</Username><Timestamp>1362755417325</Timestamp><DateTime>Fri, 2013-03-08 10:10:17 EST</DateTime><ThumbUp>0</ThumbUp><ThumbDown>6</ThumbDown><Sentiment/></Message><Message type="TopicMessage"><Id>1362757179827-18</Id><Title>new 52 week high today,.....LET'S DO IT</Title><Msg>YEP</Msg><Username>halljohn471</Username><Timestamp>1362757179827</Timestamp><DateTime>Fri, 2013-03-08 10:39:39 EST</DateTime><ThumbUp>1</ThumbUp><ThumbDown>0</ThumbDown><Sentiment/></Message><Message type="ReplyMessage"><Id>1362757443208-19</Id><Topic><Title>new 52 week high today,.....LET'S DO IT</Title><Username>halljohn471</Username><Timestamp>1362757179827</Timestamp><DateTime>Fri, 2013-03-08 10:39:39 EST</DateTime></Topic><Msg>correction, all time high</Msg><Username>timicin</Username><Timestamp>1362757443208</Timestamp><DateTime>Fri, 2013-03-08 10:44:03 EST</DateTime><ThumbUp>1</ThumbUp><ThumbDown>1</ThumbDown><Sentiment/></Message><Message type="ReplyMessage"><Id>1362757588938-20</Id><Topic><Title>new 52 week high today,.....LET'S DO IT</Title><Username>halljohn471</Username><Timestamp>1362757179827</Timestamp><DateTime>Fri, 2013-03-08 10:39:39 EST</DateTime></Topic><Msg>I hope it happens. A lot of people will be getting alerts to buy if that resistance is broken.</Msg><Username>markallenstephenson</Username><Timestamp>1362757588938</Timestamp><DateTime>Fri, 2013-03-08 10:46:28 EST</DateTime><ThumbUp>1</ThumbUp><ThumbDown>1</ThumbDown><Sentiment/></Message><Message type="ReplyMessage"><Id>1362759741162-21</Id><Topic><Title>IN DEPTH IBM Analyst Report .</Title><Username>elmer.jacobs</Username><Timestamp>1361730684470</Timestamp><DateTime>Sun, 2013-02-24 13:31:24 EST</DateTime></Topic><Msg>good report. Thanks!</Msg><Username>johnolmeda82</Username><Timestamp>1362759741162</Timestamp><DateTime>Fri, 2013-03-08 11:22:21 EST</DateTime><ThumbUp>0</ThumbUp><ThumbDown>3</ThumbDown><Sentiment/></Message><Message type="ReplyMessage"><Id>1362760014293-22</Id><Topic><Title>IBM CEO &amp; CFO Selling Shares?!</Title><Username>barry.white95</Username><Timestamp>1362317955245</Timestamp><DateTime>Sun, 2013-03-03 08:39:15 EST</DateTime></Topic><Msg>good report. Thanks!</Msg><Username>johnolmeda82</Username><Timestamp>1362760014293</Timestamp><DateTime>Fri, 2013-03-08 11:26:54 EST</DateTime><ThumbUp>0</ThumbUp><ThumbDown>3</ThumbDown><Sentiment/></Message><Message type="ReplyMessage"><Id>1362764161552-23</Id><Topic><Title>IBM CEO &amp; CFO Selling Shares?!</Title><Username>barry.white95</Username><Timestamp>1362317955245</Timestamp><DateTime>Sun, 2013-03-03 08:39:15 EST</DateTime></Topic><Msg>Great report !</Msg><Username>williamsharold655</Username><Timestamp>1362764161552</Timestamp><DateTime>Fri, 2013-03-08 12:36:01 EST</DateTime><ThumbUp>0</ThumbUp><ThumbDown>4</ThumbDown><Sentiment/></Message><Message type="ReplyMessage"><Id>1362764553253-24</Id><Topic><Title>IN DEPTH IBM Analyst Report .</Title><Username>elmer.jacobs</Username><Timestamp>1361730684470</Timestamp><DateTime>Sun, 2013-02-24 13:31:24 EST</DateTime></Topic><Msg>Great report !</Msg><Username>williamsharold655</Username><Timestamp>1362764553253</Timestamp><DateTime>Fri, 2013-03-08 12:42:33 EST</DateTime><ThumbUp>0</ThumbUp><ThumbDown>4</ThumbDown><Sentiment/></Message><Message type="ReplyMessage"><Id>1362766012512-25</Id><Topic><Title>new 52 week high today,.....LET'S DO IT</Title><Username>halljohn471</Username><Timestamp>1362757179827</Timestamp><DateTime>Fri, 2013-03-08 10:39:39 EST</DateTime></Topic><Msg>OUT FOR NOW MADE 160% ON MY CALLS TODAY I might buy $205 puts for next week looks extended right here pullback needed imo</Msg><Username>halljohn471</Username><Timestamp>1362766012512</Timestamp><DateTime>Fri, 2013-03-08 13:06:52 EST</DateTime><ThumbUp>0</ThumbUp><ThumbDown>2</ThumbDown><Sentiment/></Message><Message type="ReplyMessage"><Id>1362766546719-26</Id><Topic><Title>Detailed International Business Machines Corporation Research Report</Title><Username>efrain.mercer</Username><Timestamp>1362394781724</Timestamp><DateTime>Mon, 2013-03-04 05:59:41 EST</DateTime></Topic><Msg>VIRUS!!!!</Msg><Username>soptest</Username><Timestamp>1362766546719</Timestamp><DateTime>Fri, 2013-03-08 13:15:46 EST</DateTime><ThumbUp>0</ThumbUp><ThumbDown>2</ThumbDown><Sentiment/></Message><Message type="TopicMessage"><Id>1362767245229-27</Id><Title>why the resistnace at $210</Title><Msg>any ideas? Is Warren Buffett wrong about this compay?</Msg><Username>jpegwmv</Username><Timestamp>1362767245229</Timestamp><DateTime>Fri, 2013-03-08 13:27:25 EST</DateTime><ThumbUp>0</ThumbUp><ThumbDown>2</ThumbDown><Sentiment/></Message><Message type="ReplyMessage"><Id>1362768676894-28</Id><Topic><Title>IBM CEO &amp; CFO Selling Shares?!</Title><Username>barry.white95</Username><Timestamp>1362317955245</Timestamp><DateTime>Sun, 2013-03-03 08:39:15 EST</DateTime></Topic><Msg>Very helpful report .</Msg><Username>freddie.cappone</Username><Timestamp>1362768676894</Timestamp><DateTime>Fri, 2013-03-08 13:51:16 EST</DateTime><ThumbUp>0</ThumbUp><ThumbDown>2</ThumbDown><Sentiment/></Message><Message type="ReplyMessage"><Id>1362769058511-29</Id><Topic><Title>IN DEPTH IBM Analyst Report .</Title><Username>elmer.jacobs</Username><Timestamp>1361730684470</Timestamp><DateTime>Sun, 2013-02-24 13:31:24 EST</DateTime></Topic><Msg>Very helpful report .</Msg><Username>freddie.cappone</Username><Timestamp>1362769058511</Timestamp><DateTime>Fri, 2013-03-08 13:57:38 EST</DateTime><ThumbUp>0</ThumbUp><ThumbDown>3</ThumbDown><Sentiment/></Message><Message type="ReplyMessage"><Id>1362770547483-30</Id><Topic><Title>Major IBM Pre Promotion Report</Title><Username>johncoates212</Username><Timestamp>1362659610191</Timestamp><DateTime>Thu, 2013-03-07 07:33:30 EST</DateTime></Topic><Msg>thank you</Msg><Username>judeherbert319</Username><Timestamp>1362770547483</Timestamp><DateTime>Fri, 2013-03-08 14:22:27 EST</DateTime><ThumbUp>0</ThumbUp><ThumbDown>2</ThumbDown><Sentiment/></Message><Message type="ReplyMessage"><Id>1362775886216-31</Id><Topic><Title>Detailed International Business Machines Corporation Research Report</Title><Username>efrain.mercer</Username><Timestamp>1362394781724</Timestamp><DateTime>Mon, 2013-03-04 05:59:41 EST</DateTime></Topic><Msg>This report is awesome</Msg><Username>bratzbrandon</Username><Timestamp>1362775886216</Timestamp><DateTime>Fri, 2013-03-08 15:51:26 EST</DateTime><ThumbUp>0</ThumbUp><ThumbDown>3</ThumbDown><Sentiment/></Message><Message type="ReplyMessage"><Id>1362777595752-32</Id><Topic><Title>IBM on MAD MONEY TONIGHT!</Title><Username>chad.cooper61</Username><Timestamp>1362420846332</Timestamp><DateTime>Mon, 2013-03-04 13:14:06 EST</DateTime></Topic><Msg>awesome report</Msg><Username>sgonzalez834</Username><Timestamp>1362777595752</Timestamp><DateTime>Fri, 2013-03-08 16:19:55 EST</DateTime><ThumbUp>0</ThumbUp><ThumbDown>2</ThumbDown><Sentiment>Buy</Sentiment></Message><Message type="ReplyMessage"><Id>1362779546224-33</Id><Topic><Title>Major IBM Pre Promotion Report</Title><Username>johncoates212</Username><Timestamp>1362659610191</Timestamp><DateTime>Thu, 2013-03-07 07:33:30 EST</DateTime></Topic><Msg>very helpful report</Msg><Username>jayden.bates</Username><Timestamp>1362779546224</Timestamp><DateTime>Fri, 2013-03-08 16:52:26 EST</DateTime><ThumbUp>0</ThumbUp><ThumbDown>2</ThumbDown><Sentiment/></Message><Message type="ReplyMessage"><Id>1362780581790-34</Id><Topic><Title>IN DEPTH IBM Analyst Report .</Title><Username>elmer.jacobs</Username><Timestamp>1361730684470</Timestamp><DateTime>Sun, 2013-02-24 13:31:24 EST</DateTime></Topic><Msg>thanks for sharing</Msg><Username>sarahsimpson830</Username><Timestamp>1362780581790</Timestamp><DateTime>Fri, 2013-03-08 17:09:41 EST</DateTime><ThumbUp>0</ThumbUp><ThumbDown>1</ThumbDown><Sentiment/></Message><Message type="ReplyMessage"><Id>1362780841367-35</Id><Topic><Title>IBM CEO &amp; CFO Selling Shares?!</Title><Username>barry.white95</Username><Timestamp>1362317955245</Timestamp><DateTime>Sun, 2013-03-03 08:39:15 EST</DateTime></Topic><Msg>thanks for sharing</Msg><Username>sarahsimpson830</Username><Timestamp>1362780841367</Timestamp><DateTime>Fri, 2013-03-08 17:14:01 EST</DateTime><ThumbUp>0</ThumbUp><ThumbDown>1</ThumbDown><Sentiment/></Message><Message type="TopicMessage"><Id>1362782657825-36</Id><Title>IBM New High?</Title><Msg>I expect IBM to make a new high soon, and on to $220...</Msg><Username>qofaslave69</Username><Timestamp>1362782657825</Timestamp><DateTime>Fri, 2013-03-08 17:44:17 EST</DateTime><ThumbUp>4</ThumbUp><ThumbDown>1</ThumbDown><Sentiment/></Message><Message type="ReplyMessage"><Id>1362783000570-37</Id><Topic><Title>why the resistnace at $210</Title><Username>jpegwmv</Username><Timestamp>1362767245229</Timestamp><DateTime>Fri, 2013-03-08 13:27:25 EST</DateTime></Topic><Msg>Closed above 210 today. Chart is primed to break out.</Msg><Username>d.ssss</Username><Timestamp>1362783000570</Timestamp><DateTime>Fri, 2013-03-08 17:50:00 EST</DateTime><ThumbUp>1</ThumbUp><ThumbDown>1</ThumbDown><Sentiment/></Message><Message type="ReplyMessage"><Id>1362783874377-38</Id><Topic><Title>IN DEPTH IBM Analyst Report .</Title><Username>elmer.jacobs</Username><Timestamp>1361730684470</Timestamp><DateTime>Sun, 2013-02-24 13:31:24 EST</DateTime></Topic><Msg>useful</Msg><Username>armand.kastner</Username><Timestamp>1362783874377</Timestamp><DateTime>Fri, 2013-03-08 18:04:34 EST</DateTime><ThumbUp>0</ThumbUp><ThumbDown>1</ThumbDown><Sentiment/></Message><Message type="ReplyMessage"><Id>1362784265365-39</Id><Topic><Title>IBM CEO &amp; CFO Selling Shares?!</Title><Username>barry.white95</Username><Timestamp>1362317955245</Timestamp><DateTime>Sun, 2013-03-03 08:39:15 EST</DateTime></Topic><Msg>useful</Msg><Username>armand.kastner</Username><Timestamp>1362784265365</Timestamp><DateTime>Fri, 2013-03-08 18:11:05 EST</DateTime><ThumbUp>0</ThumbUp><ThumbDown>1</ThumbDown><Sentiment/></Message><Message type="ReplyMessage"><Id>1362797764482-40</Id><Topic><Title>IBM New High?</Title><Username>qofaslave69</Username><Timestamp>1362782657825</Timestamp><DateTime>Fri, 2013-03-08 17:44:17 EST</DateTime></Topic><Msg>$220 soon. All aboard.</Msg><Username>dino2hootie</Username><Timestamp>1362797764482</Timestamp><DateTime>Fri, 2013-03-08 21:56:04 EST</DateTime><ThumbUp>2</ThumbUp><ThumbDown>1</ThumbDown><Sentiment>Strong Buy</Sentiment></Message></Date>