<?xml version="1.0" encoding="UTF-8" standalone="no"?><Date date="2013-03-21"><Message type="ReplyMessage"><Id>1363869252444-1</Id><Topic><Title>ORCL Losing Market Share...</Title><Username>qofaslave69</Username><Timestamp>1363828025164</Timestamp><DateTime>Wed, 2013-03-20 21:07:05 EDT</DateTime></Topic><Msg>"ORCL blamed their software sales force for their big miss this quarter. The truth is that IBM is kicking their rear ends and taking market share. IBM will be down tomorrow in sympathy with the ORCL debacle. That will provide wise traders an opportunity to buy before IBM reports next month..." I hope so -- ORCL missed a Q a couple of years ago -- probably 2010 -- and they said the same thing and I remember reading their explanation about expanding the sales force. The problem is that IBM hardware has been weak but getting stronger in Q4. I do believe that ORCL has a much higher % of revenue from the US Gov't than IBM -- I believe it's around 1% for IBM and around 10% for ORCL -- at least that's what I recall reading. Anyone know?</Msg><Username>mr_dinky_dot_bomb</Username><Timestamp>1363869252444</Timestamp><DateTime>Thu, 2013-03-21 08:34:12 EDT</DateTime><ThumbUp>0</ThumbUp><ThumbDown>1</ThumbDown><Sentiment/></Message><Message type="TopicMessage"><Id>1363876526806-2</Id><Title>I'd DUMP all the IBM you can up here above 200</Title><Msg>wake up...just the beginning. 150 tgt by end of year</Msg><Username>cwtripps</Username><Timestamp>1363876526806</Timestamp><DateTime>Thu, 2013-03-21 10:35:26 EDT</DateTime><ThumbUp>2</ThumbUp><ThumbDown>8</ThumbDown><Sentiment/></Message><Message type="TopicMessage"><Id>1363877216606-3</Id><Title>look at where the 50 and 200 day is</Title><Msg>this is falling hard</Msg><Username>cwtripps</Username><Timestamp>1363877216606</Timestamp><DateTime>Thu, 2013-03-21 10:46:56 EDT</DateTime><ThumbUp>0</ThumbUp><ThumbDown>3</ThumbDown><Sentiment/></Message><Message type="ReplyMessage"><Id>1363877936435-4</Id><Topic><Title>The Pied Piper</Title><Username>p1sorell</Username><Timestamp>1363806256429</Timestamp><DateTime>Wed, 2013-03-20 15:04:16 EDT</DateTime></Topic><Msg>The Bernanlke stock market bubble has burst. Just like his housing bubble.</Msg><Username>p1sorell</Username><Timestamp>1363877936435</Timestamp><DateTime>Thu, 2013-03-21 10:58:56 EDT</DateTime><ThumbUp>0</ThumbUp><ThumbDown>5</ThumbDown><Sentiment/></Message><Message type="ReplyMessage"><Id>1363877977510-5</Id><Topic><Title>ORCL Losing Market Share...</Title><Username>qofaslave69</Username><Timestamp>1363828025164</Timestamp><DateTime>Wed, 2013-03-20 21:07:05 EDT</DateTime></Topic><Msg>Seeing no real reason for IBM to drop five points today. In fact, it is most likely positive for IBM as ORCL is losing to big blue</Msg><Username>jimbollini</Username><Timestamp>1363877977510</Timestamp><DateTime>Thu, 2013-03-21 10:59:37 EDT</DateTime><ThumbUp>3</ThumbUp><ThumbDown>0</ThumbDown><Sentiment/></Message><Message type="TopicMessage"><Id>1363878640170-6</Id><Title>IBM having its own 'flashcrash'</Title><Msg>stock is 'on sale' today...one day only, you'll regret not getting in now, funds are gonna load up on this puppy before the quarter is over to make it look like they've been in it all along...look for 220 by next week</Msg><Username>ibji</Username><Timestamp>1363878640170</Timestamp><DateTime>Thu, 2013-03-21 11:10:40 EDT</DateTime><ThumbUp>4</ThumbUp><ThumbDown>1</ThumbDown><Sentiment/></Message><Message type="TopicMessage"><Id>1363879610197-7</Id><Title>Cover short at $208 by Friday</Title><Msg>I think it will tumble again tomorrow. That's true!!</Msg><Username>gee2888</Username><Timestamp>1363879610197</Timestamp><DateTime>Thu, 2013-03-21 11:26:50 EDT</DateTime><ThumbUp>0</ThumbUp><ThumbDown>1</ThumbDown><Sentiment/></Message><Message type="ReplyMessage"><Id>1363883976421-8</Id><Topic><Title>ORCL Losing Market Share...</Title><Username>qofaslave69</Username><Timestamp>1363828025164</Timestamp><DateTime>Wed, 2013-03-20 21:07:05 EDT</DateTime></Topic><Msg>2012 for IBM: $1,695,169,000 of total revenue $104,507,000,000 (1.62%) Dec 30 2012 2012 for ORCL: $196,614,000 of total revenue $37,121,000,000 (0.52%) May 30 2012 That is defense and civilian revenue per Washington Technology. That is all.</Msg><Username>alreadyhaveauser</Username><Timestamp>1363883976421</Timestamp><DateTime>Thu, 2013-03-21 12:39:36 EDT</DateTime><ThumbUp>0</ThumbUp><ThumbDown>0</ThumbDown><Sentiment/></Message><Message type="ReplyMessage"><Id>1363885531734-9</Id><Topic><Title>The Pied Piper</Title><Username>p1sorell</Username><Timestamp>1363806256429</Timestamp><DateTime>Wed, 2013-03-20 15:04:16 EDT</DateTime></Topic><Msg>65% of people in this country are homeowners, and he is keeping people in their homes. Ben Bernanke is doing a great job. After a 30 year bull market in bonds it is about time that equities get a boost as they have been in a 13 year bear market. Don't fight the fed...</Msg><Username>qofaslave69</Username><Timestamp>1363885531734</Timestamp><DateTime>Thu, 2013-03-21 13:05:31 EDT</DateTime><ThumbUp>0</ThumbUp><ThumbDown>3</ThumbDown><Sentiment/></Message><Message type="ReplyMessage"><Id>1363888073624-10</Id><Topic><Title>IBM CEO &amp; CFO Selling Shares?!</Title><Username>barry.white95</Username><Timestamp>1362317955245</Timestamp><DateTime>Sun, 2013-03-03 08:39:15 EST</DateTime></Topic><Msg>Spammer</Msg><Username>cacacgtcaa</Username><Timestamp>1363888073624</Timestamp><DateTime>Thu, 2013-03-21 13:47:53 EDT</DateTime><ThumbUp>2</ThumbUp><ThumbDown>2</ThumbDown><Sentiment/></Message><Message type="TopicMessage"><Id>1363889250937-11</Id><Title>IBM was raised to $240 target price</Title><Msg>Really a good time to add to your position on Cisco and Oracle's bashing technology today!</Msg><Username>whoozyurdaddi</Username><Timestamp>1363889250937</Timestamp><DateTime>Thu, 2013-03-21 14:07:30 EDT</DateTime><ThumbUp>2</ThumbUp><ThumbDown>0</ThumbDown><Sentiment/></Message><Message type="ReplyMessage"><Id>1363889318563-12</Id><Topic><Title>IBM was raised to $240 target price</Title><Username>whoozyurdaddi</Username><Timestamp>1363889250937</Timestamp><DateTime>Thu, 2013-03-21 14:07:30 EDT</DateTime></Topic><Msg>QCOM was also raised today by Citibank to $81/share price.</Msg><Username>kudlowsflooziegirl</Username><Timestamp>1363889318563</Timestamp><DateTime>Thu, 2013-03-21 14:08:38 EDT</DateTime><ThumbUp>0</ThumbUp><ThumbDown>1</ThumbDown><Sentiment/></Message><Message type="ReplyMessage"><Id>1363890358093-13</Id><Topic><Title>The Pied Piper</Title><Username>p1sorell</Username><Timestamp>1363806256429</Timestamp><DateTime>Wed, 2013-03-20 15:04:16 EDT</DateTime></Topic><Msg>Many of the homeowners are retirees who depend on interest from money market instruments to survive. Bernanke has destoryed their savings who will little little or nothing to their children. Low rates are important in a financial crisis bur not ti be usewd in perpetuity, There are 40 million retirees in tbis country. Millions are not in the stock market. Obama says to them: Let them eat cake. He said in late 2005 there was no housing bubble. He now says there is no stock bubble. He is a total incompetent who is only interested in pumping up stocks for his Wall Strret buddies.</Msg><Username>p1sorell</Username><Timestamp>1363890358093</Timestamp><DateTime>Thu, 2013-03-21 14:25:58 EDT</DateTime><ThumbUp>0</ThumbUp><ThumbDown>3</ThumbDown><Sentiment/></Message><Message type="TopicMessage"><Id>1363891416725-14</Id><Title>AAPL ready to move higher</Title><Msg>check it out</Msg><Username>jgiled</Username><Timestamp>1363891416725</Timestamp><DateTime>Thu, 2013-03-21 14:43:36 EDT</DateTime><ThumbUp>1</ThumbUp><ThumbDown>4</ThumbDown><Sentiment/></Message><Message type="TopicMessage"><Id>1363892108632-15</Id><Title>all time highs..and zero catalyts..sell into ANY LIFT</Title><Msg>if you have any remaining soul left for your money</Msg><Username>cwtripps</Username><Timestamp>1363892108632</Timestamp><DateTime>Thu, 2013-03-21 14:55:08 EDT</DateTime><ThumbUp>0</ThumbUp><ThumbDown>1</ThumbDown><Sentiment/></Message><Message type="TopicMessage"><Id>1363892778349-16</Id><Title>Back to $215 tomorrow</Title><Msg>Enjoyed the Blue Light Special today!</Msg><Username>jesseliverspot</Username><Timestamp>1363892778349</Timestamp><DateTime>Thu, 2013-03-21 15:06:18 EDT</DateTime><ThumbUp>2</ThumbUp><ThumbDown>3</ThumbDown><Sentiment/></Message><Message type="ReplyMessage"><Id>1363892879833-17</Id><Topic><Title>ORCL Losing Market Share...</Title><Username>qofaslave69</Username><Timestamp>1363828025164</Timestamp><DateTime>Wed, 2013-03-20 21:07:05 EDT</DateTime></Topic><Msg>ORCL blamed CRM and their own sales folks' inability to sell Cloud! Pretty sad reasoning for missing their #'s imo!</Msg><Username>cramerstrophywife</Username><Timestamp>1363892879833</Timestamp><DateTime>Thu, 2013-03-21 15:07:59 EDT</DateTime><ThumbUp>1</ThumbUp><ThumbDown>0</ThumbDown><Sentiment/></Message><Message type="ReplyMessage"><Id>1363892970440-18</Id><Topic><Title>ORCL Losing Market Share...</Title><Username>qofaslave69</Username><Timestamp>1363828025164</Timestamp><DateTime>Wed, 2013-03-20 21:07:05 EDT</DateTime></Topic><Msg>Oracle's problems were company specific and even they admit this is the case! EOM!</Msg><Username>jesseliverspot</Username><Timestamp>1363892970440</Timestamp><DateTime>Thu, 2013-03-21 15:09:30 EDT</DateTime><ThumbUp>1</ThumbUp><ThumbDown>0</ThumbDown><Sentiment/></Message><Message type="TopicMessage"><Id>1363895745866-19</Id><Title>what consequence came from the end of BUBBLE$ ?</Title><Msg>TELL TELL ME NOW</Msg><Username>rddr2022</Username><Timestamp>1363895745866</Timestamp><DateTime>Thu, 2013-03-21 15:55:45 EDT</DateTime><ThumbUp>0</ThumbUp><ThumbDown>4</ThumbDown><Sentiment/></Message><Message type="ReplyMessage"><Id>1363897809161-20</Id><Topic><Title>The Pied Piper</Title><Username>p1sorell</Username><Timestamp>1363806256429</Timestamp><DateTime>Wed, 2013-03-20 15:04:16 EDT</DateTime></Topic><Msg>CORRECTION. It is Bernanke who says let them eat cake not Obama. Sorry for the error.</Msg><Username>p1sorell</Username><Timestamp>1363897809161</Timestamp><DateTime>Thu, 2013-03-21 16:30:09 EDT</DateTime><ThumbUp>0</ThumbUp><ThumbDown>3</ThumbDown><Sentiment/></Message><Message type="ReplyMessage"><Id>1363899125937-21</Id><Topic><Title>Mrs. Virginia M. Rometty - Raise Up That Dividend!!!</Title><Username>chance_pocketwatch</Username><Timestamp>1363023960864</Timestamp><DateTime>Mon, 2013-03-11 13:46:00 EDT</DateTime></Topic><Msg>Raising it to $1 would be great and it would boost the stock price as well. Cmon, Ginny, show some cajones (not literally of course).</Msg><Username>nozupforyou</Username><Timestamp>1363899125937</Timestamp><DateTime>Thu, 2013-03-21 16:52:05 EDT</DateTime><ThumbUp>1</ThumbUp><ThumbDown>0</ThumbDown><Sentiment/></Message><Message type="ReplyMessage"><Id>1363899608295-22</Id><Topic><Title>Back to $215 tomorrow</Title><Username>jesseliverspot</Username><Timestamp>1363892778349</Timestamp><DateTime>Thu, 2013-03-21 15:06:18 EDT</DateTime></Topic><Msg>Too good to pass up. I jumped back in today at 210.60. Had to pull over the car and use my phone.</Msg><Username>dino2hootie</Username><Timestamp>1363899608295</Timestamp><DateTime>Thu, 2013-03-21 17:00:08 EDT</DateTime><ThumbUp>4</ThumbUp><ThumbDown>1</ThumbDown><Sentiment>Strong Buy</Sentiment></Message><Message type="ReplyMessage"><Id>1363899833687-23</Id><Topic><Title>I'd DUMP all the IBM you can up here above 200</Title><Username>cwtripps</Username><Timestamp>1363876526806</Timestamp><DateTime>Thu, 2013-03-21 10:35:26 EDT</DateTime></Topic><Msg>I'de sell but my capital gains are enormous, resuting in a very big hit to the IRS.</Msg><Username>zer0t0l</Username><Timestamp>1363899833687</Timestamp><DateTime>Thu, 2013-03-21 17:03:53 EDT</DateTime><ThumbUp>3</ThumbUp><ThumbDown>1</ThumbDown><Sentiment/></Message></Date>