<?xml version="1.0" encoding="UTF-8" standalone="no"?><Date date="2013-04-09"><Message type="TopicMessage"><Id>1365507828289-1</Id><Title>boycott chinese goods until they curb their dog, save human lives</Title><Msg>great idea, pass it around</Msg><Username>bonkusinterruptus</Username><Timestamp>1365507828289</Timestamp><DateTime>Tue, 2013-04-09 07:43:48 EDT</DateTime><ThumbUp>0</ThumbUp><ThumbDown>4</ThumbDown><Sentiment/></Message><Message type="TopicMessage"><Id>1365513802435-2</Id><Title>Crucial M500 SSD Now Available</Title><Msg>The 2.5-inch drives are available in 120GB, 240GB, 480GB, and 960GB capacities with MSRPs of $129.99, $219.99, $399.99, and $599.99, respectively. http://finance.yahoo.com/news/crucial-m500-ssd-now-available-130000078.html</Msg><Username>low_mac</Username><Timestamp>1365513802435</Timestamp><DateTime>Tue, 2013-04-09 09:23:22 EDT</DateTime><ThumbUp>0</ThumbUp><ThumbDown>2</ThumbDown><Sentiment/></Message><Message type="ReplyMessage"><Id>1365517478298-3</Id><Topic><Title>IBM CEO &amp; CFO Selling Shares?!</Title><Username>barry.white95</Username><Timestamp>1362317955245</Timestamp><DateTime>Sun, 2013-03-03 08:39:15 EST</DateTime></Topic><Msg>Great report , thanks !</Msg><Username>mary.grooms</Username><Timestamp>1365517478298</Timestamp><DateTime>Tue, 2013-04-09 10:24:38 EDT</DateTime><ThumbUp>0</ThumbUp><ThumbDown>2</ThumbDown><Sentiment/></Message><Message type="ReplyMessage"><Id>1365521780091-4</Id><Topic><Title>IBM CEO &amp; CFO Selling Shares?!</Title><Username>barry.white95</Username><Timestamp>1362317955245</Timestamp><DateTime>Sun, 2013-03-03 08:39:15 EST</DateTime></Topic><Msg>Thank you for sharing !</Msg><Username>lucille.coffey</Username><Timestamp>1365521780091</Timestamp><DateTime>Tue, 2013-04-09 11:36:20 EDT</DateTime><ThumbUp>0</ThumbUp><ThumbDown>1</ThumbDown><Sentiment/></Message><Message type="TopicMessage"><Id>1365523616156-5</Id><Title>Anybody out there miss p1sorell's posts?</Title><Msg>I kinda miss his daily dose of gloom and doom</Msg><Username>ibji</Username><Timestamp>1365523616156</Timestamp><DateTime>Tue, 2013-04-09 12:06:56 EDT</DateTime><ThumbUp>1</ThumbUp><ThumbDown>2</ThumbDown><Sentiment>Strong Buy</Sentiment></Message><Message type="ReplyMessage"><Id>1365528541055-6</Id><Topic><Title>IBM CEO &amp; CFO Selling Shares?!</Title><Username>barry.white95</Username><Timestamp>1362317955245</Timestamp><DateTime>Sun, 2013-03-03 08:39:15 EST</DateTime></Topic><Msg>Thanks for sharing</Msg><Username>willian.madrigal</Username><Timestamp>1365528541055</Timestamp><DateTime>Tue, 2013-04-09 13:29:01 EDT</DateTime><ThumbUp>0</ThumbUp><ThumbDown>1</ThumbDown><Sentiment/></Message><Message type="ReplyMessage"><Id>1365533648968-7</Id><Topic><Title>Anybody out there miss p1sorell's posts?</Title><Username>ibji</Username><Timestamp>1365523616156</Timestamp><DateTime>Tue, 2013-04-09 12:06:56 EDT</DateTime></Topic><Msg>I am glad he is gone. But, if you miss him, then I can post for him... "The market is gonna crash! Get out now! Put your money under your mattress." Do ya feel better?</Msg><Username>qofaslave69</Username><Timestamp>1365533648968</Timestamp><DateTime>Tue, 2013-04-09 14:54:08 EDT</DateTime><ThumbUp>1</ThumbUp><ThumbDown>1</ThumbDown><Sentiment/></Message><Message type="ReplyMessage"><Id>1365533834128-8</Id><Topic><Title>boycott chinese goods until they curb their dog, save human lives</Title><Username>bonkusinterruptus</Username><Timestamp>1365507828289</Timestamp><DateTime>Tue, 2013-04-09 07:43:48 EDT</DateTime></Topic><Msg>You would have to close Walmart and 50% of other retailers, building material suppliers and consumer electronics (Apple, etc) cos.</Msg><Username>canner01</Username><Timestamp>1365533834128</Timestamp><DateTime>Tue, 2013-04-09 14:57:14 EDT</DateTime><ThumbUp>1</ThumbUp><ThumbDown>1</ThumbDown><Sentiment/></Message><Message type="ReplyMessage"><Id>1365536576833-9</Id><Topic><Title>Anybody out there miss p1sorell's posts?</Title><Username>ibji</Username><Timestamp>1365523616156</Timestamp><DateTime>Tue, 2013-04-09 12:06:56 EDT</DateTime></Topic><Msg>Ah...Brings me back...</Msg><Username>bigdickdaddy045</Username><Timestamp>1365536576833</Timestamp><DateTime>Tue, 2013-04-09 15:42:56 EDT</DateTime><ThumbUp>0</ThumbUp><ThumbDown>2</ThumbDown><Sentiment/></Message><Message type="ReplyMessage"><Id>1365538921985-10</Id><Topic><Title>IBM CEO &amp; CFO Selling Shares?!</Title><Username>barry.white95</Username><Timestamp>1362317955245</Timestamp><DateTime>Sun, 2013-03-03 08:39:15 EST</DateTime></Topic><Msg>Very helpful.</Msg><Username>paulcoleman168</Username><Timestamp>1365538921985</Timestamp><DateTime>Tue, 2013-04-09 16:22:01 EDT</DateTime><ThumbUp>0</ThumbUp><ThumbDown>1</ThumbDown><Sentiment/></Message><Message type="ReplyMessage"><Id>1365542201927-11</Id><Topic><Title>IBM CEO &amp; CFO Selling Shares?!</Title><Username>barry.white95</Username><Timestamp>1362317955245</Timestamp><DateTime>Sun, 2013-03-03 08:39:15 EST</DateTime></Topic><Msg>Great report</Msg><Username>andresmith537</Username><Timestamp>1365542201927</Timestamp><DateTime>Tue, 2013-04-09 17:16:41 EDT</DateTime><ThumbUp>0</ThumbUp><ThumbDown>1</ThumbDown><Sentiment/></Message><Message type="TopicMessage"><Id>1365543821910-12</Id><Title>Reason y IBM not participating in day to day gains</Title><Msg>is because the investment community is expecting another analyst "miss". I say 'analyst miss' because that is what it is. A corporation doesn't miss because its the analysts that make the predictions based on known data.</Msg><Username>zer0t0l</Username><Timestamp>1365543821910</Timestamp><DateTime>Tue, 2013-04-09 17:43:41 EDT</DateTime><ThumbUp>2</ThumbUp><ThumbDown>0</ThumbDown><Sentiment/></Message><Message type="ReplyMessage"><Id>1365546405067-13</Id><Topic><Title>IBM CEO &amp; CFO Selling Shares?!</Title><Username>barry.white95</Username><Timestamp>1362317955245</Timestamp><DateTime>Sun, 2013-03-03 08:39:15 EST</DateTime></Topic><Msg>Very helpful.</Msg><Username>ingramayolanda</Username><Timestamp>1365546405067</Timestamp><DateTime>Tue, 2013-04-09 18:26:45 EDT</DateTime><ThumbUp>0</ThumbUp><ThumbDown>1</ThumbDown><Sentiment/></Message></Date>