<?xml version="1.0" encoding="UTF-8" standalone="no"?><Date date="2013-02-12"><Message type="ReplyMessage"><Id>1360688611617-1</Id><Topic><Title>TOP IBM OFFICER/INSIDER SELLS $5,000,000,000.00 IN STOCK 2/8/13 (NEWS/ALERT)...</Title><Username>thebookstar1</Username><Timestamp>1360612823451</Timestamp><DateTime>Mon, 2013-02-11 15:00:23 EST</DateTime></Topic><Msg>I wish I was doing as poorly as Buffet is doing.</Msg><Username>wolfgangjr1969</Username><Timestamp>1360688611617</Timestamp><DateTime>Tue, 2013-02-12 12:03:31 EST</DateTime><ThumbUp>2</ThumbUp><ThumbDown>0</ThumbDown><Sentiment>Buy</Sentiment></Message><Message type="ReplyMessage"><Id>1360688867985-2</Id><Topic><Title>my fav stock is XIN..</Title><Username>johndrew101</Username><Timestamp>1360581036184</Timestamp><DateTime>Mon, 2013-02-11 06:10:36 EST</DateTime></Topic><Msg>It looks like XIN took a #$%$ in 2008, and hasn't recovered yet.</Msg><Username>wolfgangjr1969</Username><Timestamp>1360688867985</Timestamp><DateTime>Tue, 2013-02-12 12:07:47 EST</DateTime><ThumbUp>0</ThumbUp><ThumbDown>2</ThumbDown><Sentiment/></Message><Message type="ReplyMessage"><Id>1360688952648-3</Id><Topic><Title>Remember to use IBM's max pain value, equals 200.00 for this week (exprires on Saturday)</Title><Username>imaxpainapp</Username><Timestamp>1360609877342</Timestamp><DateTime>Mon, 2013-02-11 14:11:17 EST</DateTime></Topic><Msg>I'm into pain, as I'm nine of ten.</Msg><Username>wolfgangjr1969</Username><Timestamp>1360688952648</Timestamp><DateTime>Tue, 2013-02-12 12:09:12 EST</DateTime><ThumbUp>0</ThumbUp><ThumbDown>1</ThumbDown><Sentiment/></Message><Message type="TopicMessage"><Id>1360691752907-4</Id><Title>Major Correction</Title><Msg>Begins tomorrow.</Msg><Username>p1sorell</Username><Timestamp>1360691752907</Timestamp><DateTime>Tue, 2013-02-12 12:55:52 EST</DateTime><ThumbUp>0</ThumbUp><ThumbDown>3</ThumbDown><Sentiment>Strong Sell</Sentiment></Message><Message type="TopicMessage"><Id>1360693266768-5</Id><Title>big pop (YTRV) NEWS 2-19-13 4:30pm</Title><Msg>could test new highs!</Msg><Username>fishernorth</Username><Timestamp>1360693266768</Timestamp><DateTime>Tue, 2013-02-12 13:21:06 EST</DateTime><ThumbUp>0</ThumbUp><ThumbDown>1</ThumbDown><Sentiment>Strong Buy</Sentiment></Message><Message type="TopicMessage"><Id>1360693409290-6</Id><Title>Decent report, price target raised, why are we stifled?</Title><Msg>IBM seems trapped at the $200 level! What will it take to get back to the $210+ area?</Msg><Username>ihateoptions</Username><Timestamp>1360693409290</Timestamp><DateTime>Tue, 2013-02-12 13:23:29 EST</DateTime><ThumbUp>1</ThumbUp><ThumbDown>1</ThumbDown><Sentiment/></Message><Message type="ReplyMessage"><Id>1360695723917-7</Id><Topic><Title>Decent report, price target raised, why are we stifled?</Title><Username>ihateoptions</Username><Timestamp>1360693409290</Timestamp><DateTime>Tue, 2013-02-12 13:23:29 EST</DateTime></Topic><Msg>imho, its temporarily out of favor with institutions. A small runup occurred when announcements came and that squeezed every ounce of gains that it could make. It'll stay dorment for a while until the tech and computer services cycle resurfaces.</Msg><Username>zer0t0l</Username><Timestamp>1360695723917</Timestamp><DateTime>Tue, 2013-02-12 14:02:03 EST</DateTime><ThumbUp>2</ThumbUp><ThumbDown>1</ThumbDown><Sentiment/></Message><Message type="ReplyMessage"><Id>1360698135074-8</Id><Topic><Title>Decent report, price target raised, why are we stifled?</Title><Username>ihateoptions</Username><Timestamp>1360693409290</Timestamp><DateTime>Tue, 2013-02-12 13:23:29 EST</DateTime></Topic><Msg>IBM moves with the market.(Some my think the market moves with IBM) Gains occur at major announcements. The last time at the 4Q stats. The next will be at 1Q stats or when a dividend increase or stock split is announced. After that it will again follow the markets.</Msg><Username>bob787m</Username><Timestamp>1360698135074</Timestamp><DateTime>Tue, 2013-02-12 14:42:15 EST</DateTime><ThumbUp>1</ThumbUp><ThumbDown>0</ThumbDown><Sentiment>Buy</Sentiment></Message><Message type="ReplyMessage"><Id>1360712379101-9</Id><Topic><Title>Why is Big Government, Big Deficit, Socialism so Popular in America Today?</Title><Username>bjspokanimal</Username><Timestamp>1360428184347</Timestamp><DateTime>Sat, 2013-02-09 11:43:04 EST</DateTime></Topic><Msg>When you don't have a job, health insurance, etc, etc ...who cares about big government, big deficit</Msg><Username>rdd10</Username><Timestamp>1360712379101</Timestamp><DateTime>Tue, 2013-02-12 18:39:39 EST</DateTime><ThumbUp>1</ThumbUp><ThumbDown>2</ThumbDown><Sentiment/></Message><Message type="ReplyMessage"><Id>1360723915938-10</Id><Topic><Title>Why is Big Government, Big Deficit, Socialism so Popular in America Today?</Title><Username>bjspokanimal</Username><Timestamp>1360428184347</Timestamp><DateTime>Sat, 2013-02-09 11:43:04 EST</DateTime></Topic><Msg>Americans used to have balls. Not anymore.</Msg><Username>goldgoldgold666</Username><Timestamp>1360723915938</Timestamp><DateTime>Tue, 2013-02-12 21:51:55 EST</DateTime><ThumbUp>0</ThumbUp><ThumbDown>2</ThumbDown><Sentiment>Strong Buy</Sentiment></Message><Message type="ReplyMessage"><Id>1360728515473-11</Id><Topic><Title>my fav stock is XIN..</Title><Username>johndrew101</Username><Timestamp>1360581036184</Timestamp><DateTime>Mon, 2013-02-11 06:10:36 EST</DateTime></Topic><Msg>ok, i'd rather purchase stock of XIN during its recovery instead of being a fully recovered stock. thats an investor mentality. get onboard before the rest of wall street., not after.. go XIN..</Msg><Username>johndrew101</Username><Timestamp>1360728515473</Timestamp><DateTime>Tue, 2013-02-12 23:08:35 EST</DateTime><ThumbUp>0</ThumbUp><ThumbDown>4</ThumbDown><Sentiment>Strong Buy</Sentiment></Message></Date>