<?xml version="1.0" encoding="UTF-8" standalone="no"?><Date date="2013-02-06"><Message type="ReplyMessage"><Id>1360128318555-1</Id><Topic><Title>DELL Deal Has IBM on Market Hold</Title><Username>yield_of_my_dreams</Username><Timestamp>1360078361226</Timestamp><DateTime>Tue, 2013-02-05 10:32:41 EST</DateTime></Topic><Msg>selling these servers @ lower prices point would be made up by the bundled software and the services along with the sale - there by capturing more customers right at the time when other hardware players are folding their hands.</Msg><Username>jkwebzone</Username><Timestamp>1360128318555</Timestamp><DateTime>Wed, 2013-02-06 00:25:18 EST</DateTime><ThumbUp>5</ThumbUp><ThumbDown>0</ThumbDown><Sentiment/></Message><Message type="TopicMessage"><Id>1360129264195-2</Id><Title>40k in 30days</Title><Msg>i made over 40,000 dollars following explosive alerts just google them, i buy there alert picks an i made 200% on MJNA</Msg><Username>tovy111</Username><Timestamp>1360129264195</Timestamp><DateTime>Wed, 2013-02-06 00:41:04 EST</DateTime><ThumbUp>0</ThumbUp><ThumbDown>5</ThumbDown><Sentiment>Strong Buy</Sentiment></Message><Message type="TopicMessage"><Id>1360162562105-3</Id><Title>Its about time</Title><Msg>Rev down qtr over qtr, Govermennt spending down, earning made on the backs of employess , pention liabilities up,Compensation down over 500 million, is that going to happen again this year, Mcdonald #$%$-ing around with 401k plan I think the free pass is over now It wll have to be a show me year</Msg><Username>cvs9yt</Username><Timestamp>1360162562105</Timestamp><DateTime>Wed, 2013-02-06 09:56:02 EST</DateTime><ThumbUp>3</ThumbUp><ThumbDown>1</ThumbDown><Sentiment/></Message><Message type="ReplyMessage"><Id>1360162807790-4</Id><Topic><Title>Its about time</Title><Username>cvs9yt</Username><Timestamp>1360162562105</Timestamp><DateTime>Wed, 2013-02-06 09:56:02 EST</DateTime></Topic><Msg>You may be on to something. Obviously others in your corner.</Msg><Username>dino2hootie</Username><Timestamp>1360162807790</Timestamp><DateTime>Wed, 2013-02-06 10:00:07 EST</DateTime><ThumbUp>3</ThumbUp><ThumbDown>1</ThumbDown><Sentiment/></Message><Message type="ReplyMessage"><Id>1360167021786-5</Id><Topic><Title>Why Is Big Government, Big Deficit, Socialism So Popular In America</Title><Username>bjspokanimal</Username><Timestamp>1359220102692</Timestamp><DateTime>Sat, 2013-01-26 12:08:22 EST</DateTime></Topic><Msg>bjspokanimal you need to leave this message board permanently. Talk to you tomorrow!</Msg><Username>alreadyhaveauser</Username><Timestamp>1360167021786</Timestamp><DateTime>Wed, 2013-02-06 11:10:21 EST</DateTime><ThumbUp>1</ThumbUp><ThumbDown>0</ThumbDown><Sentiment/></Message><Message type="TopicMessage"><Id>1360169265244-6</Id><Title>CERP tradeing 70 million projected to hit 3-4 dollars</Title><Msg>wow! omg..</Msg><Username>stock.brains</Username><Timestamp>1360169265244</Timestamp><DateTime>Wed, 2013-02-06 11:47:45 EST</DateTime><ThumbUp>0</ThumbUp><ThumbDown>2</ThumbDown><Sentiment>Strong Buy</Sentiment></Message><Message type="TopicMessage"><Id>1360175078126-7</Id><Title>everyone should report abuse = bjspokanimal = spammer to yahoo. I just did. They'll kick him off</Title><Msg>It works. When a whole board gets together, the spam maroons get kicked off Just do it</Msg><Username>pumpjob_guru</Username><Timestamp>1360175078126</Timestamp><DateTime>Wed, 2013-02-06 13:24:38 EST</DateTime><ThumbUp>1</ThumbUp><ThumbDown>2</ThumbDown><Sentiment/></Message><Message type="ReplyMessage"><Id>1360175386616-8</Id><Topic><Title>Its about time</Title><Username>cvs9yt</Username><Timestamp>1360162562105</Timestamp><DateTime>Wed, 2013-02-06 09:56:02 EST</DateTime></Topic><Msg>Yes -- it has been a long time. And you have been snarking old Big Blue for a long time. Remember the halcyon days of snipping and talking her down below $100? I do.</Msg><Username>yield_of_my_dreams</Username><Timestamp>1360175386616</Timestamp><DateTime>Wed, 2013-02-06 13:29:46 EST</DateTime><ThumbUp>2</ThumbUp><ThumbDown>0</ThumbDown><Sentiment/></Message></Date>