<?xml version="1.0" encoding="UTF-8" standalone="no"?><Date date="2013-01-17"><Message type="ReplyMessage"><Id>1358433688900-1</Id><Topic><Title>If you watched CNBC would you want to invest in this market ??</Title><Username>jgiled</Username><Timestamp>1357662755958</Timestamp><DateTime>Tue, 2013-01-08 11:32:35 EST</DateTime></Topic><Msg>I stopped watching CNBC a long time ago and switched to Bloomberg. Sadly, CNBC has become a right-wing political channel instead of a financial news channel. Bloomberg isn't perfect, but they don't infect the financial news with political views to the extent that CNBC does.</Msg><Username>codebuddy</Username><Timestamp>1358433688900</Timestamp><DateTime>Thu, 2013-01-17 09:41:28 EST</DateTime><ThumbUp>2</ThumbUp><ThumbDown>3</ThumbDown><Sentiment>Buy</Sentiment></Message><Message type="ReplyMessage"><Id>1358441698569-2</Id><Topic><Title>If you watched CNBC would you want to invest in this market ??</Title><Username>jgiled</Username><Timestamp>1357662755958</Timestamp><DateTime>Tue, 2013-01-08 11:32:35 EST</DateTime></Topic><Msg>CNBC turns everything into a crisis for effect.</Msg><Username>zer0t0l</Username><Timestamp>1358441698569</Timestamp><DateTime>Thu, 2013-01-17 11:54:58 EST</DateTime><ThumbUp>3</ThumbUp><ThumbDown>0</ThumbDown><Sentiment/></Message><Message type="TopicMessage"><Id>1358451977395-3</Id><Title>great</Title><Msg>great</Msg><Username>knowsbuzz</Username><Timestamp>1358451977395</Timestamp><DateTime>Thu, 2013-01-17 14:46:17 EST</DateTime><ThumbUp>0</ThumbUp><ThumbDown>4</ThumbDown><Sentiment/></Message><Message type="TopicMessage"><Id>1358469653453-4</Id><Title>Read INTC story pretty sure it will be the same as IBM</Title><Msg>Intel (IBM) Beats on Earnings, Revenue Falls Short Intel Corp (IBM) forecast current-quarter revenue that was slightly below expectations as computer industry grapples with falling sales They will talk about backlog .</Msg><Username>cvs9yt</Username><Timestamp>1358469653453</Timestamp><DateTime>Thu, 2013-01-17 19:40:53 EST</DateTime><ThumbUp>1</ThumbUp><ThumbDown>4</ThumbDown><Sentiment/></Message></Date>