<?xml version="1.0" encoding="UTF-8" standalone="no"?><Date date="2013-03-15"><Message type="ReplyMessage"><Id>1363345781664-1</Id><Topic><Title>IBM CEO &amp; CFO Selling Shares?!</Title><Username>barry.white95</Username><Timestamp>1362317955245</Timestamp><DateTime>Sun, 2013-03-03 08:39:15 EST</DateTime></Topic><Msg>Very helpful report , thanks !</Msg><Username>ballerano</Username><Timestamp>1363345781664</Timestamp><DateTime>Fri, 2013-03-15 07:09:41 EDT</DateTime><ThumbUp>0</ThumbUp><ThumbDown>2</ThumbDown><Sentiment/></Message><Message type="ReplyMessage"><Id>1363345971029-2</Id><Topic><Title>IN DEPTH IBM Analyst Report .</Title><Username>elmer.jacobs</Username><Timestamp>1361730684470</Timestamp><DateTime>Sun, 2013-02-24 13:31:24 EST</DateTime></Topic><Msg>Very helpful report , thanks !</Msg><Username>ballerano</Username><Timestamp>1363345971029</Timestamp><DateTime>Fri, 2013-03-15 07:12:51 EDT</DateTime><ThumbUp>0</ThumbUp><ThumbDown>2</ThumbDown><Sentiment/></Message><Message type="ReplyMessage"><Id>1363351914834-3</Id><Topic><Title>Important Report on IBM</Title><Username>robertbaker260</Username><Timestamp>1363351247562</Timestamp><DateTime>Fri, 2013-03-15 08:40:47 EDT</DateTime></Topic><Msg>awesome news</Msg><Username>tom.adams</Username><Timestamp>1363351914834</Timestamp><DateTime>Fri, 2013-03-15 08:51:54 EDT</DateTime><ThumbUp>0</ThumbUp><ThumbDown>4</ThumbDown><Sentiment/></Message><Message type="ReplyMessage"><Id>1363352755441-4</Id><Topic><Title>Detailed International Business Machines Corporation Research Report</Title><Username>efrain.mercer</Username><Timestamp>1362394781724</Timestamp><DateTime>Mon, 2013-03-04 05:59:41 EST</DateTime></Topic><Msg>superb</Msg><Username>james.lopez857</Username><Timestamp>1363352755441</Timestamp><DateTime>Fri, 2013-03-15 09:05:55 EDT</DateTime><ThumbUp>0</ThumbUp><ThumbDown>2</ThumbDown><Sentiment/></Message><Message type="TopicMessage"><Id>1363353874872-5</Id><Title>The False Prophet</Title><Msg>In late 2005 Bernanke told Congress not to be concerned about what some econiomists were saying: "There is no housing bubble" Bubble burst less than 6 months later. On June 3, 2009 he told Congress he would never monetize the debt. Another lie. Now he has assured Congress not to worry about an asset bubble in stocks. Also not to worry because he will act before inflation becomes a problem. Put your trust in yoiursef - not Bernanke.</Msg><Username>p1sorell</Username><Timestamp>1363353874872</Timestamp><DateTime>Fri, 2013-03-15 09:24:34 EDT</DateTime><ThumbUp>0</ThumbUp><ThumbDown>2</ThumbDown><Sentiment/></Message><Message type="TopicMessage"><Id>1363354346811-6</Id><Title>US stock market 70% overvalued</Title><Msg>ignore it</Msg><Username>behindtruth2003</Username><Timestamp>1363354346811</Timestamp><DateTime>Fri, 2013-03-15 09:32:26 EDT</DateTime><ThumbUp>0</ThumbUp><ThumbDown>2</ThumbDown><Sentiment/></Message><Message type="ReplyMessage"><Id>1363358102433-7</Id><Topic><Title>Important Report on IBM</Title><Username>robertbaker260</Username><Timestamp>1363351247562</Timestamp><DateTime>Fri, 2013-03-15 08:40:47 EDT</DateTime></Topic><Msg>full detailed report. thanks.</Msg><Username>hallluke502</Username><Timestamp>1363358102433</Timestamp><DateTime>Fri, 2013-03-15 10:35:02 EDT</DateTime><ThumbUp>0</ThumbUp><ThumbDown>3</ThumbDown><Sentiment/></Message><Message type="ReplyMessage"><Id>1363359759210-8</Id><Topic><Title>Never Follow the Crowd</Title><Username>p1sorell</Username><Timestamp>1363291881003</Timestamp><DateTime>Thu, 2013-03-14 16:11:21 EDT</DateTime></Topic><Msg>Who listens to talking heads?</Msg><Username>qofaslave69</Username><Timestamp>1363359759210</Timestamp><DateTime>Fri, 2013-03-15 11:02:39 EDT</DateTime><ThumbUp>1</ThumbUp><ThumbDown>0</ThumbDown><Sentiment/></Message><Message type="TopicMessage"><Id>1363360413244-9</Id><Title>Oversold QCOM by manipulation</Title><Msg>$$$$$$$$$$$$$$$$$$$</Msg><Username>jgiled</Username><Timestamp>1363360413244</Timestamp><DateTime>Fri, 2013-03-15 11:13:33 EDT</DateTime><ThumbUp>0</ThumbUp><ThumbDown>1</ThumbDown><Sentiment/></Message><Message type="ReplyMessage"><Id>1363361290839-10</Id><Topic><Title>IBM CEO &amp; CFO Selling Shares?!</Title><Username>barry.white95</Username><Timestamp>1362317955245</Timestamp><DateTime>Sun, 2013-03-03 08:39:15 EST</DateTime></Topic><Msg>Thanks !!</Msg><Username>dale.hollen</Username><Timestamp>1363361290839</Timestamp><DateTime>Fri, 2013-03-15 11:28:10 EDT</DateTime><ThumbUp>0</ThumbUp><ThumbDown>2</ThumbDown><Sentiment/></Message><Message type="ReplyMessage"><Id>1363361502144-11</Id><Topic><Title>IN DEPTH IBM Analyst Report .</Title><Username>elmer.jacobs</Username><Timestamp>1361730684470</Timestamp><DateTime>Sun, 2013-02-24 13:31:24 EST</DateTime></Topic><Msg>Thanks !!</Msg><Username>dale.hollen</Username><Timestamp>1363361502144</Timestamp><DateTime>Fri, 2013-03-15 11:31:42 EDT</DateTime><ThumbUp>0</ThumbUp><ThumbDown>3</ThumbDown><Sentiment/></Message><Message type="TopicMessage"><Id>1363361768987-12</Id><Title>Greenspan Pumps the Market</Title><Msg>Greenspan: No worries about 'irrational exuberance' Stocks significantly undervalued. Who you going to believe? The alter cocker or Bill Gross?</Msg><Username>p1sorell</Username><Timestamp>1363361768987</Timestamp><DateTime>Fri, 2013-03-15 11:36:08 EDT</DateTime><ThumbUp>0</ThumbUp><ThumbDown>2</ThumbDown><Sentiment/></Message><Message type="TopicMessage"><Id>1363361926107-13</Id><Title>"NetSol Technologies (NTWK) has a Zacks Rank #1 (Strong Buy) and Zacks Earnings ESP of +4.76."</Title><Msg>EOM !!!!!!</Msg><Username>jesus_loves_ntwk</Username><Timestamp>1363361926107</Timestamp><DateTime>Fri, 2013-03-15 11:38:46 EDT</DateTime><ThumbUp>0</ThumbUp><ThumbDown>1</ThumbDown><Sentiment>Strong Buy</Sentiment></Message><Message type="TopicMessage"><Id>1363364897070-14</Id><Title>Will AAPL now take out the big guns and show Samsung who is in charge</Title><Msg>Did AAPL waited for Samsung to use all the energy out so they could punch them out LOL!!! My feelings are that AAPL will roll out big guns and shorts will be set up</Msg><Username>jgiled</Username><Timestamp>1363364897070</Timestamp><DateTime>Fri, 2013-03-15 12:28:17 EDT</DateTime><ThumbUp>0</ThumbUp><ThumbDown>1</ThumbDown><Sentiment/></Message><Message type="ReplyMessage"><Id>1363366492180-15</Id><Topic><Title>IBM CEO &amp; CFO Selling Shares?!</Title><Username>barry.white95</Username><Timestamp>1362317955245</Timestamp><DateTime>Sun, 2013-03-03 08:39:15 EST</DateTime></Topic><Msg>SPAMMER !!</Msg><Username>daxwang</Username><Timestamp>1363366492180</Timestamp><DateTime>Fri, 2013-03-15 12:54:52 EDT</DateTime><ThumbUp>0</ThumbUp><ThumbDown>1</ThumbDown><Sentiment/></Message><Message type="ReplyMessage"><Id>1363367835895-16</Id><Topic><Title>Detailed International Business Machines Corporation Research Report</Title><Username>efrain.mercer</Username><Timestamp>1362394781724</Timestamp><DateTime>Mon, 2013-03-04 05:59:41 EST</DateTime></Topic><Msg>great job</Msg><Username>johnsongary636</Username><Timestamp>1363367835895</Timestamp><DateTime>Fri, 2013-03-15 13:17:15 EDT</DateTime><ThumbUp>0</ThumbUp><ThumbDown>2</ThumbDown><Sentiment/></Message><Message type="ReplyMessage"><Id>1363371097813-17</Id><Topic><Title>IBM CEO &amp; CFO Selling Shares?!</Title><Username>barry.white95</Username><Timestamp>1362317955245</Timestamp><DateTime>Sun, 2013-03-03 08:39:15 EST</DateTime></Topic><Msg>Awesome info , thanks !</Msg><Username>reese.donna</Username><Timestamp>1363371097813</Timestamp><DateTime>Fri, 2013-03-15 14:11:37 EDT</DateTime><ThumbUp>0</ThumbUp><ThumbDown>1</ThumbDown><Sentiment/></Message><Message type="ReplyMessage"><Id>1363371267507-18</Id><Topic><Title>IN DEPTH IBM Analyst Report .</Title><Username>elmer.jacobs</Username><Timestamp>1361730684470</Timestamp><DateTime>Sun, 2013-02-24 13:31:24 EST</DateTime></Topic><Msg>Awesome info , thanks !</Msg><Username>reese.donna</Username><Timestamp>1363371267507</Timestamp><DateTime>Fri, 2013-03-15 14:14:27 EDT</DateTime><ThumbUp>0</ThumbUp><ThumbDown>2</ThumbDown><Sentiment/></Message><Message type="ReplyMessage"><Id>1363372904375-19</Id><Topic><Title>Greenspan Pumps the Market</Title><Username>p1sorell</Username><Timestamp>1363361768987</Timestamp><DateTime>Fri, 2013-03-15 11:36:08 EDT</DateTime></Topic><Msg>Bill Gross is a bond #$%$. Bonds have had a 30 year bull run which is ending, and he is whining a great deal about his diminishing returns. Don't fight the fed...</Msg><Username>qofaslave69</Username><Timestamp>1363372904375</Timestamp><DateTime>Fri, 2013-03-15 14:41:44 EDT</DateTime><ThumbUp>1</ThumbUp><ThumbDown>0</ThumbDown><Sentiment/></Message><Message type="ReplyMessage"><Id>1363373045296-20</Id><Topic><Title>Major IBM Pre Promotion Report</Title><Username>johncoates212</Username><Timestamp>1362659610191</Timestamp><DateTime>Thu, 2013-03-07 07:33:30 EST</DateTime></Topic><Msg>thank you</Msg><Username>martinsimmons948</Username><Timestamp>1363373045296</Timestamp><DateTime>Fri, 2013-03-15 14:44:05 EDT</DateTime><ThumbUp>0</ThumbUp><ThumbDown>2</ThumbDown><Sentiment/></Message><Message type="ReplyMessage"><Id>1363374889430-21</Id><Topic><Title>Detailed International Business Machines Corporation Research Report</Title><Username>efrain.mercer</Username><Timestamp>1362394781724</Timestamp><DateTime>Mon, 2013-03-04 05:59:41 EST</DateTime></Topic><Msg>useful info</Msg><Username>jamestucker350</Username><Timestamp>1363374889430</Timestamp><DateTime>Fri, 2013-03-15 15:14:49 EDT</DateTime><ThumbUp>0</ThumbUp><ThumbDown>2</ThumbDown><Sentiment/></Message><Message type="ReplyMessage"><Id>1363375887970-22</Id><Topic><Title>Mrs. Virginia M. Rometty - Raise Up That Dividend!!!</Title><Username>chance_pocketwatch</Username><Timestamp>1363023960864</Timestamp><DateTime>Mon, 2013-03-11 13:46:00 EDT</DateTime></Topic><Msg>How about 2 bucks. With all the cash this company is holding........</Msg><Username>gamalataki</Username><Timestamp>1363375887970</Timestamp><DateTime>Fri, 2013-03-15 15:31:27 EDT</DateTime><ThumbUp>0</ThumbUp><ThumbDown>1</ThumbDown><Sentiment>Hold</Sentiment></Message><Message type="TopicMessage"><Id>1363377158569-23</Id><Title>North Korea</Title><Msg>Stay tuned.</Msg><Username>p1sorell</Username><Timestamp>1363377158569</Timestamp><DateTime>Fri, 2013-03-15 15:52:38 EDT</DateTime><ThumbUp>0</ThumbUp><ThumbDown>2</ThumbDown><Sentiment/></Message><Message type="TopicMessage"><Id>1363377405633-24</Id><Title>NEVER ANY DOUBT</Title><Msg>Dow down 50 at #:30 when the buyers jumped in. Last 5 montes of trading is rigged time.</Msg><Username>p1sorell</Username><Timestamp>1363377405633</Timestamp><DateTime>Fri, 2013-03-15 15:56:45 EDT</DateTime><ThumbUp>0</ThumbUp><ThumbDown>2</ThumbDown><Sentiment/></Message><Message type="ReplyMessage"><Id>1363377517686-25</Id><Topic><Title>NEVER ANY DOUBT</Title><Username>p1sorell</Username><Timestamp>1363377405633</Timestamp><DateTime>Fri, 2013-03-15 15:56:45 EDT</DateTime></Topic><Msg>Make that read Dow down 59 at 3:30 when buyers jumped in. Only the very naive believe the market isn't rigged.</Msg><Username>p1sorell</Username><Timestamp>1363377517686</Timestamp><DateTime>Fri, 2013-03-15 15:58:37 EDT</DateTime><ThumbUp>0</ThumbUp><ThumbDown>2</ThumbDown><Sentiment/></Message><Message type="ReplyMessage"><Id>1363377950004-26</Id><Topic><Title>IBM CEO &amp; CFO Selling Shares?!</Title><Username>barry.white95</Username><Timestamp>1362317955245</Timestamp><DateTime>Sun, 2013-03-03 08:39:15 EST</DateTime></Topic><Msg>good report</Msg><Username>d.daviesdonnell</Username><Timestamp>1363377950004</Timestamp><DateTime>Fri, 2013-03-15 16:05:50 EDT</DateTime><ThumbUp>0</ThumbUp><ThumbDown>2</ThumbDown><Sentiment/></Message><Message type="ReplyMessage"><Id>1363378281382-27</Id><Topic><Title>IN DEPTH IBM Analyst Report .</Title><Username>elmer.jacobs</Username><Timestamp>1361730684470</Timestamp><DateTime>Sun, 2013-02-24 13:31:24 EST</DateTime></Topic><Msg>good report</Msg><Username>d.daviesdonnell</Username><Timestamp>1363378281382</Timestamp><DateTime>Fri, 2013-03-15 16:11:21 EDT</DateTime><ThumbUp>0</ThumbUp><ThumbDown>2</ThumbDown><Sentiment/></Message><Message type="ReplyMessage"><Id>1363380417817-28</Id><Topic><Title>Detailed International Business Machines Corporation Research Report</Title><Username>efrain.mercer</Username><Timestamp>1362394781724</Timestamp><DateTime>Mon, 2013-03-04 05:59:41 EST</DateTime></Topic><Msg>awesome</Msg><Username>john.simon523</Username><Timestamp>1363380417817</Timestamp><DateTime>Fri, 2013-03-15 16:46:57 EDT</DateTime><ThumbUp>0</ThumbUp><ThumbDown>2</ThumbDown><Sentiment/></Message><Message type="ReplyMessage"><Id>1363387097123-29</Id><Topic><Title>Important Report on IBM</Title><Username>robertbaker260</Username><Timestamp>1363351247562</Timestamp><DateTime>Fri, 2013-03-15 08:40:47 EDT</DateTime></Topic><Msg>SPAMMER !!</Msg><Username>daxwang</Username><Timestamp>1363387097123</Timestamp><DateTime>Fri, 2013-03-15 18:38:17 EDT</DateTime><ThumbUp>2</ThumbUp><ThumbDown>2</ThumbDown><Sentiment/></Message><Message type="ReplyMessage"><Id>1363388101817-30</Id><Topic><Title>NEVER ANY DOUBT</Title><Username>p1sorell</Username><Timestamp>1363377405633</Timestamp><DateTime>Fri, 2013-03-15 15:56:45 EDT</DateTime></Topic><Msg>It's called short covering ahead of the week end.</Msg><Username>grmcox</Username><Timestamp>1363388101817</Timestamp><DateTime>Fri, 2013-03-15 18:55:01 EDT</DateTime><ThumbUp>1</ThumbUp><ThumbDown>0</ThumbDown><Sentiment/></Message><Message type="ReplyMessage"><Id>1363392235372-31</Id><Topic><Title>Major IBM Pre Promotion Report</Title><Username>johncoates212</Username><Timestamp>1362659610191</Timestamp><DateTime>Thu, 2013-03-07 07:33:30 EST</DateTime></Topic><Msg>helpful report, thanks!</Msg><Username>shawn.rivera</Username><Timestamp>1363392235372</Timestamp><DateTime>Fri, 2013-03-15 20:03:55 EDT</DateTime><ThumbUp>0</ThumbUp><ThumbDown>1</ThumbDown><Sentiment/></Message><Message type="ReplyMessage"><Id>1363393760188-32</Id><Topic><Title>IBM CEO &amp; CFO Selling Shares?!</Title><Username>barry.white95</Username><Timestamp>1362317955245</Timestamp><DateTime>Sun, 2013-03-03 08:39:15 EST</DateTime></Topic><Msg>Thanks !</Msg><Username>felix.acker</Username><Timestamp>1363393760188</Timestamp><DateTime>Fri, 2013-03-15 20:29:20 EDT</DateTime><ThumbUp>0</ThumbUp><ThumbDown>2</ThumbDown><Sentiment/></Message><Message type="ReplyMessage"><Id>1363393938223-33</Id><Topic><Title>IN DEPTH IBM Analyst Report .</Title><Username>elmer.jacobs</Username><Timestamp>1361730684470</Timestamp><DateTime>Sun, 2013-02-24 13:31:24 EST</DateTime></Topic><Msg>Thanks !</Msg><Username>felix.acker</Username><Timestamp>1363393938223</Timestamp><DateTime>Fri, 2013-03-15 20:32:18 EDT</DateTime><ThumbUp>0</ThumbUp><ThumbDown>2</ThumbDown><Sentiment/></Message><Message type="ReplyMessage"><Id>1363404082026-34</Id><Topic><Title>IN DEPTH IBM Analyst Report .</Title><Username>elmer.jacobs</Username><Timestamp>1361730684470</Timestamp><DateTime>Sun, 2013-02-24 13:31:24 EST</DateTime></Topic><Msg>SPAMMER !!</Msg><Username>daxwang</Username><Timestamp>1363404082026</Timestamp><DateTime>Fri, 2013-03-15 23:21:22 EDT</DateTime><ThumbUp>0</ThumbUp><ThumbDown>1</ThumbDown><Sentiment/></Message><Message type="ReplyMessage"><Id>1363404898901-35</Id><Topic><Title>IBM CEO &amp; CFO Selling Shares?!</Title><Username>barry.white95</Username><Timestamp>1362317955245</Timestamp><DateTime>Sun, 2013-03-03 08:39:15 EST</DateTime></Topic><Msg>SPAMMER !!</Msg><Username>daxwang</Username><Timestamp>1363404898901</Timestamp><DateTime>Fri, 2013-03-15 23:34:58 EDT</DateTime><ThumbUp>0</ThumbUp><ThumbDown>1</ThumbDown><Sentiment/></Message></Date>