<?xml version="1.0" encoding="UTF-8" standalone="no"?><Date date="2013-04-18"><Message type="TopicMessage"><Id>1366288699514-1</Id><Title>Earnings leaked. $3.08/share on $24.4B. 46.6%GM</Title><Msg>Looks like a non-event.</Msg><Username>ned_digger</Username><Timestamp>1366288699514</Timestamp><DateTime>Thu, 2013-04-18 08:38:19 EDT</DateTime><ThumbUp>0</ThumbUp><ThumbDown>6</ThumbDown><Sentiment/></Message><Message type="ReplyMessage"><Id>1366292082838-2</Id><Topic><Title>Earnings leaked. $3.08/share on $24.4B. 46.6%GM</Title><Username>ned_digger</Username><Timestamp>1366288699514</Timestamp><DateTime>Thu, 2013-04-18 08:38:19 EDT</DateTime></Topic><Msg>ned - hey You pop on the IBM board with this ID once n' a while with the same bs about earnings. It's always "leaked" and for reasons undisclosed it's always leaked to you. And you're never right. We are not impressed. We like the test pilot ID better</Msg><Username>yield_of_my_dreams</Username><Timestamp>1366292082838</Timestamp><DateTime>Thu, 2013-04-18 09:34:42 EDT</DateTime><ThumbUp>5</ThumbUp><ThumbDown>0</ThumbDown><Sentiment/></Message><Message type="TopicMessage"><Id>1366293157391-3</Id><Title>Strong $$ may hurt Rev. but they know how to spin it</Title><Msg>I have no real knowledge but I can see 3.12 and 24.5B</Msg><Username>rick.gordon16</Username><Timestamp>1366293157391</Timestamp><DateTime>Thu, 2013-04-18 09:52:37 EDT</DateTime><ThumbUp>0</ThumbUp><ThumbDown>2</ThumbDown><Sentiment/></Message><Message type="TopicMessage"><Id>1366298433657-4</Id><Title>AH IBM will slump at least 10%</Title><Msg>It looks like its earnings weak in 1Q. I look for for a low tomorrow.</Msg><Username>bigk95133</Username><Timestamp>1366298433657</Timestamp><DateTime>Thu, 2013-04-18 11:20:33 EDT</DateTime><ThumbUp>1</ThumbUp><ThumbDown>1</ThumbDown><Sentiment/></Message><Message type="ReplyMessage"><Id>1366300250095-5</Id><Topic><Title>Earnings leaked. $3.08/share on $24.4B. 46.6%GM</Title><Username>ned_digger</Username><Timestamp>1366288699514</Timestamp><DateTime>Thu, 2013-04-18 08:38:19 EDT</DateTime></Topic><Msg>The Forward Looking Statement could make it an event today</Msg><Username>clarence197</Username><Timestamp>1366300250095</Timestamp><DateTime>Thu, 2013-04-18 11:50:50 EDT</DateTime><ThumbUp>1</ThumbUp><ThumbDown>1</ThumbDown><Sentiment>Hold</Sentiment></Message><Message type="TopicMessage"><Id>1366300509407-6</Id><Title>IBM please go up - my kids ribs are showin</Title><Msg>And I need this to get to 220. Please have a good earnings report.</Msg><Username>swimwithsharks99</Username><Timestamp>1366300509407</Timestamp><DateTime>Thu, 2013-04-18 11:55:09 EDT</DateTime><ThumbUp>3</ThumbUp><ThumbDown>1</ThumbDown><Sentiment/></Message><Message type="ReplyMessage"><Id>1366301844991-7</Id><Topic><Title>Earnings leaked. $3.08/share on $24.4B. 46.6%GM</Title><Username>ned_digger</Username><Timestamp>1366288699514</Timestamp><DateTime>Thu, 2013-04-18 08:38:19 EDT</DateTime></Topic><Msg>Well ... I follow Ned and he has been spot on at Hp and other boards. Yield of dreams offers nothing more than racist, condescending , and moronic posts. Board bullies are boring.</Msg><Username>the_uniposter</Username><Timestamp>1366301844991</Timestamp><DateTime>Thu, 2013-04-18 12:17:24 EDT</DateTime><ThumbUp>0</ThumbUp><ThumbDown>2</ThumbDown><Sentiment/></Message><Message type="TopicMessage"><Id>1366303299372-8</Id><Title>IBM will beat. stock will be higher tomorrow</Title><Msg>who knows how much.</Msg><Username>yeshuah_athonai</Username><Timestamp>1366303299372</Timestamp><DateTime>Thu, 2013-04-18 12:41:39 EDT</DateTime><ThumbUp>0</ThumbUp><ThumbDown>1</ThumbDown><Sentiment/></Message><Message type="ReplyMessage"><Id>1366303983068-9</Id><Topic><Title>IBM please go up - my kids ribs are showin</Title><Username>swimwithsharks99</Username><Timestamp>1366300509407</Timestamp><DateTime>Thu, 2013-04-18 11:55:09 EDT</DateTime></Topic><Msg>Magic 8 ball says 3.09</Msg><Username>jtbcm</Username><Timestamp>1366303983068</Timestamp><DateTime>Thu, 2013-04-18 12:53:03 EDT</DateTime><ThumbUp>0</ThumbUp><ThumbDown>1</ThumbDown><Sentiment/></Message><Message type="ReplyMessage"><Id>1366304243922-10</Id><Topic><Title>AH IBM will slump at least 10%</Title><Username>bigk95133</Username><Timestamp>1366298433657</Timestamp><DateTime>Thu, 2013-04-18 11:20:33 EDT</DateTime></Topic><Msg>You don't know jack, #$%$.</Msg><Username>nozupforyou</Username><Timestamp>1366304243922</Timestamp><DateTime>Thu, 2013-04-18 12:57:23 EDT</DateTime><ThumbUp>0</ThumbUp><ThumbDown>2</ThumbDown><Sentiment/></Message><Message type="ReplyMessage"><Id>1366304516786-11</Id><Topic><Title>IBM please go up - my kids ribs are showin</Title><Username>swimwithsharks99</Username><Timestamp>1366300509407</Timestamp><DateTime>Thu, 2013-04-18 11:55:09 EDT</DateTime></Topic><Msg>Don't look for 220 anytime soon. Even if IBM beats by a few cents and meets revenue, it'll probably stay around this level for a while, you may even see a dip below 205, but 200 should hold. Will be interesting to see what the dividend increase will be, if they jack it to a $1.00 this baby could take off. They also need a good outlook too to keep investors interested.</Msg><Username>nozupforyou</Username><Timestamp>1366304516786</Timestamp><DateTime>Thu, 2013-04-18 13:01:56 EDT</DateTime><ThumbUp>1</ThumbUp><ThumbDown>0</ThumbDown><Sentiment/></Message><Message type="ReplyMessage"><Id>1366304679397-12</Id><Topic><Title>AH IBM will slump at least 10%</Title><Username>bigk95133</Username><Timestamp>1366298433657</Timestamp><DateTime>Thu, 2013-04-18 11:20:33 EDT</DateTime></Topic><Msg>Govt spending for IT taking a hit...sequenster....FFIV warned, TIBX warned, ORCL warned. Dollar is at high...IBM stock is close to 52 week high. What are chances it will go down vs. up.</Msg><Username>doing_good123</Username><Timestamp>1366304679397</Timestamp><DateTime>Thu, 2013-04-18 13:04:39 EDT</DateTime><ThumbUp>0</ThumbUp><ThumbDown>1</ThumbDown><Sentiment/></Message><Message type="TopicMessage"><Id>1366306144456-13</Id><Title>this stocks sells off on good earnings</Title><Msg>after it runs up to its 52 week I have been #$%$ 2 times by them</Msg><Username>chapmangirl824</Username><Timestamp>1366306144456</Timestamp><DateTime>Thu, 2013-04-18 13:29:04 EDT</DateTime><ThumbUp>0</ThumbUp><ThumbDown>1</ThumbDown><Sentiment/></Message><Message type="TopicMessage"><Id>1366309155247-14</Id><Title>Market Sucks but</Title><Msg>I'm not giving my shares of IBM away. I'll hang in there and we all know this is temporary, IBM isn't going anywhere, will be here long after we're all gone.</Msg><Username>dino2hootie</Username><Timestamp>1366309155247</Timestamp><DateTime>Thu, 2013-04-18 14:19:15 EDT</DateTime><ThumbUp>2</ThumbUp><ThumbDown>0</ThumbDown><Sentiment>Strong Buy</Sentiment></Message><Message type="ReplyMessage"><Id>1366310002838-15</Id><Topic><Title>AH IBM will slump at least 10%</Title><Username>bigk95133</Username><Timestamp>1366298433657</Timestamp><DateTime>Thu, 2013-04-18 11:20:33 EDT</DateTime></Topic><Msg>2012 for IBM: $1,695,169,000 of total revenue $104,507,000,000 (1.62%) Dec 30 2012 Not much income from Government spending.</Msg><Username>alreadyhaveauser</Username><Timestamp>1366310002838</Timestamp><DateTime>Thu, 2013-04-18 14:33:22 EDT</DateTime><ThumbUp>0</ThumbUp><ThumbDown>0</ThumbDown><Sentiment/></Message><Message type="TopicMessage"><Id>1366310065487-16</Id><Title>strange feeling</Title><Msg>in my gut , like big blue is going to quake the talking heads this afternoon ... g</Msg><Username>iamgarce</Username><Timestamp>1366310065487</Timestamp><DateTime>Thu, 2013-04-18 14:34:25 EDT</DateTime><ThumbUp>1</ThumbUp><ThumbDown>0</ThumbDown><Sentiment/></Message><Message type="ReplyMessage"><Id>1366310164474-17</Id><Topic><Title>I just got back from the future..</Title><Username>chance_pocketwatch</Username><Timestamp>1366248089488</Timestamp><DateTime>Wed, 2013-04-17 21:21:29 EDT</DateTime></Topic><Msg>predictions are a stew of hope , emotion , and dreams ... entertaining , but that's all .... in ancient times , people were fearful of the mystics ... should be today also ... g</Msg><Username>iamgarce</Username><Timestamp>1366310164474</Timestamp><DateTime>Thu, 2013-04-18 14:36:04 EDT</DateTime><ThumbUp>2</ThumbUp><ThumbDown>0</ThumbDown><Sentiment/></Message><Message type="ReplyMessage"><Id>1366314318474-18</Id><Topic><Title>Earnings leaked. $3.08/share on $24.4B. 46.6%GM</Title><Username>ned_digger</Username><Timestamp>1366288699514</Timestamp><DateTime>Thu, 2013-04-18 08:38:19 EDT</DateTime></Topic><Msg>Jackass.</Msg><Username>pandorabelle</Username><Timestamp>1366314318474</Timestamp><DateTime>Thu, 2013-04-18 15:45:18 EDT</DateTime><ThumbUp>2</ThumbUp><ThumbDown>0</ThumbDown><Sentiment/></Message><Message type="ReplyMessage"><Id>1366315230624-19</Id><Topic><Title>AH IBM will slump at least 10%</Title><Username>bigk95133</Username><Timestamp>1366298433657</Timestamp><DateTime>Thu, 2013-04-18 11:20:33 EDT</DateTime></Topic><Msg>The market is in a correction. There are good chances of a sell off even with 10% YOY EPS growth...</Msg><Username>qofaslave69</Username><Timestamp>1366315230624</Timestamp><DateTime>Thu, 2013-04-18 16:00:30 EDT</DateTime><ThumbUp>0</ThumbUp><ThumbDown>1</ThumbDown><Sentiment/></Message><Message type="TopicMessage"><Id>1366315256208-20</Id><Title>who's buying into earnings?</Title><Msg>any sensable replies?</Msg><Username>txtrader77</Username><Timestamp>1366315256208</Timestamp><DateTime>Thu, 2013-04-18 16:00:56 EDT</DateTime><ThumbUp>0</ThumbUp><ThumbDown>2</ThumbDown><Sentiment/></Message><Message type="TopicMessage"><Id>1366315347430-21</Id><Title>3.08 EPS. Revs</Title><Msg>will beat</Msg><Username>news_to_myears</Username><Timestamp>1366315347430</Timestamp><DateTime>Thu, 2013-04-18 16:02:27 EDT</DateTime><ThumbUp>0</ThumbUp><ThumbDown>1</ThumbDown><Sentiment/></Message><Message type="TopicMessage"><Id>1366315584526-22</Id><Title>something wrong</Title><Msg>Oh well !!</Msg><Username>jgiled</Username><Timestamp>1366315584526</Timestamp><DateTime>Thu, 2013-04-18 16:06:24 EDT</DateTime><ThumbUp>0</ThumbUp><ThumbDown>1</ThumbDown><Sentiment/></Message><Message type="TopicMessage"><Id>1366315648772-23</Id><Title>down ~6$ already.....</Title><Msg>early release....of poor numbers...</Msg><Username>txtrader77</Username><Timestamp>1366315648772</Timestamp><DateTime>Thu, 2013-04-18 16:07:28 EDT</DateTime><ThumbUp>1</ThumbUp><ThumbDown>1</ThumbDown><Sentiment/></Message><Message type="TopicMessage"><Id>1366315696739-24</Id><Title>$3.00 EPS $23.4 Revs-LIGHT!</Title><Msg>Not good..IBM will fill the gap at $196...</Msg><Username>qofaslave69</Username><Timestamp>1366315696739</Timestamp><DateTime>Thu, 2013-04-18 16:08:16 EDT</DateTime><ThumbUp>1</ThumbUp><ThumbDown>1</ThumbDown><Sentiment/></Message><Message type="ReplyMessage"><Id>1366315707485-25</Id><Topic><Title>down ~6$ already.....</Title><Username>txtrader77</Username><Timestamp>1366315648772</Timestamp><DateTime>Thu, 2013-04-18 16:07:28 EDT</DateTime></Topic><Msg>real bad earning</Msg><Username>rajeshk_1998</Username><Timestamp>1366315707485</Timestamp><DateTime>Thu, 2013-04-18 16:08:27 EDT</DateTime><ThumbUp>1</ThumbUp><ThumbDown>1</ThumbDown><Sentiment/></Message><Message type="TopicMessage"><Id>1366315750326-26</Id><Title>Wait for guide down ,do not cover</Title><Msg>Target $180.</Msg><Username>chairman1600</Username><Timestamp>1366315750326</Timestamp><DateTime>Thu, 2013-04-18 16:09:10 EDT</DateTime><ThumbUp>1</ThumbUp><ThumbDown>1</ThumbDown><Sentiment/></Message><Message type="TopicMessage"><Id>1366315775754-27</Id><Title>What about the statement from last quarter, "at least" $16.70...</Title><Msg>What a bunch of BS.....</Msg><Username>moneynow27</Username><Timestamp>1366315775754</Timestamp><DateTime>Thu, 2013-04-18 16:09:35 EDT</DateTime><ThumbUp>1</ThumbUp><ThumbDown>1</ThumbDown><Sentiment/></Message><Message type="ReplyMessage"><Id>1366316103347-28</Id><Topic><Title>Good for IBM</Title><Username>bigk95133</Username><Timestamp>1366205318102</Timestamp><DateTime>Wed, 2013-04-17 09:28:38 EDT</DateTime></Topic><Msg>bigk95133, would you be my stock broker. You sure had this one pegged.</Msg><Username>dino2hootie</Username><Timestamp>1366316103347</Timestamp><DateTime>Thu, 2013-04-18 16:15:03 EDT</DateTime><ThumbUp>0</ThumbUp><ThumbDown>1</ThumbDown><Sentiment/></Message><Message type="TopicMessage"><Id>1366316211056-29</Id><Title>Guide not lowered!</Title><Msg>Do not sell!</Msg><Username>no1matemary</Username><Timestamp>1366316211056</Timestamp><DateTime>Thu, 2013-04-18 16:16:51 EDT</DateTime><ThumbUp>2</ThumbUp><ThumbDown>2</ThumbDown><Sentiment/></Message><Message type="TopicMessage"><Id>1366316251037-30</Id><Title>It's a buy here.</Title><Msg>for a trade to 205</Msg><Username>tech_analysishuh</Username><Timestamp>1366316251037</Timestamp><DateTime>Thu, 2013-04-18 16:17:31 EDT</DateTime><ThumbUp>1</ThumbUp><ThumbDown>0</ThumbDown><Sentiment/></Message><Message type="ReplyMessage"><Id>1366316271418-31</Id><Topic><Title>Added a Little</Title><Username>mr_dinky_dot_bomb</Username><Timestamp>1365170819344</Timestamp><DateTime>Fri, 2013-04-05 10:06:59 EDT</DateTime></Topic><Msg>IBM is a screaming buy at $196...nothing has changed....</Msg><Username>qofaslave69</Username><Timestamp>1366316271418</Timestamp><DateTime>Thu, 2013-04-18 16:17:51 EDT</DateTime><ThumbUp>1</ThumbUp><ThumbDown>0</ThumbDown><Sentiment/></Message><Message type="TopicMessage"><Id>1366316290148-32</Id><Title>Their guidance looks pretty good,</Title><Msg>I think it's a one off qtr</Msg><Username>phkd_in_the_azz_by_mrktmaker</Username><Timestamp>1366316290148</Timestamp><DateTime>Thu, 2013-04-18 16:18:10 EDT</DateTime><ThumbUp>2</ThumbUp><ThumbDown>1</ThumbDown><Sentiment/></Message><Message type="ReplyMessage"><Id>1366316298120-33</Id><Topic><Title>Guide not lowered!</Title><Username>no1matemary</Username><Timestamp>1366316211056</Timestamp><DateTime>Thu, 2013-04-18 16:16:51 EDT</DateTime></Topic><Msg>They will sell it for you Don't worry</Msg><Username>jgiled</Username><Timestamp>1366316298120</Timestamp><DateTime>Thu, 2013-04-18 16:18:18 EDT</DateTime><ThumbUp>1</ThumbUp><ThumbDown>2</ThumbDown><Sentiment/></Message><Message type="TopicMessage"><Id>1366316310154-34</Id><Title>Well I shorted 400 shares right at the closing bell, coverd at 199.50.....</Title><Msg>It seems most tech companies are getting a haircut during this earning season, I was just going with the flow....... CAT is next on my list to short tomorrow ahead of Mondays report....</Msg><Username>owned_by_miss_luanne</Username><Timestamp>1366316310154</Timestamp><DateTime>Thu, 2013-04-18 16:18:30 EDT</DateTime><ThumbUp>0</ThumbUp><ThumbDown>1</ThumbDown><Sentiment/></Message><Message type="TopicMessage"><Id>1366316560510-35</Id><Title>The "Bernacks" will protect IBM to protect the Dow</Title><Msg>Biggest component. Can't allow it to fall tomorrow.</Msg><Username>jjjinglehimersmith</Username><Timestamp>1366316560510</Timestamp><DateTime>Thu, 2013-04-18 16:22:40 EDT</DateTime><ThumbUp>0</ThumbUp><ThumbDown>1</ThumbDown><Sentiment/></Message><Message type="TopicMessage"><Id>1366316714598-36</Id><Title>Guidence sounds like the dollar will impact it and the Euro is an unknown. See ya at 190 next week.</Title><Msg>Cant stand it when CNBC spreads lies.</Msg><Username>swimwithsharks99</Username><Timestamp>1366316714598</Timestamp><DateTime>Thu, 2013-04-18 16:25:14 EDT</DateTime><ThumbUp>0</ThumbUp><ThumbDown>1</ThumbDown><Sentiment/></Message><Message type="TopicMessage"><Id>1366316789930-37</Id><Title>they always sell IBM on earnings..wwake up</Title><Msg>same thing as always then they buy the dip</Msg><Username>cwtripps</Username><Timestamp>1366316789930</Timestamp><DateTime>Thu, 2013-04-18 16:26:29 EDT</DateTime><ThumbUp>1</ThumbUp><ThumbDown>0</ThumbDown><Sentiment/></Message><Message type="TopicMessage"><Id>1366316851250-38</Id><Title>IBM Earnings Solid</Title><Msg>Chairman and CEO Ginni Rometty did not mince words in the company’s release. “[W]e grew operating net income, earnings per share and expanded operating margins but we did not achieve all of our goals in the period,” she said. Among the missed opportunities: IBM is still waiting on a number of software and mainframe transactions to close. Despite the first-quarter miss, Rometty said the company still expects to deliver on its full-year operating EPS guidance of $16.70.</Msg><Username>lws2000</Username><Timestamp>1366316851250</Timestamp><DateTime>Thu, 2013-04-18 16:27:31 EDT</DateTime><ThumbUp>1</ThumbUp><ThumbDown>0</ThumbDown><Sentiment/></Message><Message type="ReplyMessage"><Id>1366316898397-39</Id><Topic><Title>Guidence sounds like the dollar will impact it and the Euro is an unknown. See ya at 190 next week.</Title><Username>swimwithsharks99</Username><Timestamp>1366316714598</Timestamp><DateTime>Thu, 2013-04-18 16:25:14 EDT</DateTime></Topic><Msg>190 beautiful entry point - except for - sell in may and go away coming up .... what to do....</Msg><Username>woodwardstewart</Username><Timestamp>1366316898397</Timestamp><DateTime>Thu, 2013-04-18 16:28:18 EDT</DateTime><ThumbUp>0</ThumbUp><ThumbDown>1</ThumbDown><Sentiment/></Message><Message type="TopicMessage"><Id>1366316963890-40</Id><Title>Businessmen are finding out that they don't have to do business with the arrogant pricks at IBM....</Title><Msg>Dell is right there waiting for you....Go Dell....</Msg><Username>fattymcbutterpants2001</Username><Timestamp>1366316963890</Timestamp><DateTime>Thu, 2013-04-18 16:29:23 EDT</DateTime><ThumbUp>0</ThumbUp><ThumbDown>2</ThumbDown><Sentiment/></Message><Message type="ReplyMessage"><Id>1366317017836-41</Id><Topic><Title>Their guidance looks pretty good,</Title><Username>phkd_in_the_azz_by_mrktmaker</Username><Timestamp>1366316290148</Timestamp><DateTime>Thu, 2013-04-18 16:18:10 EDT</DateTime></Topic><Msg>$16.70 with current multiple puts IBM at $235. I would buy the dip when it fills the gap at $196...</Msg><Username>qofaslave69</Username><Timestamp>1366317017836</Timestamp><DateTime>Thu, 2013-04-18 16:30:17 EDT</DateTime><ThumbUp>2</ThumbUp><ThumbDown>0</ThumbDown><Sentiment/></Message><Message type="TopicMessage"><Id>1366317302228-42</Id><Title>Holding Strong at $200 to $201</Title><Msg>Maybe dip again below $200 tomorrow, but overall not bad considering the miss. Normally IBM gets pounded worse than this, sometimes even when they beat. I think postive guidance is the big key here to keep this baby above $200.</Msg><Username>nozupforyou</Username><Timestamp>1366317302228</Timestamp><DateTime>Thu, 2013-04-18 16:35:02 EDT</DateTime><ThumbUp>1</ThumbUp><ThumbDown>1</ThumbDown><Sentiment/></Message><Message type="TopicMessage"><Id>1366317314516-43</Id><Title>A nightmare came true....</Title><Msg>Short at $197 tomorrow...</Msg><Username>bigk95133</Username><Timestamp>1366317314516</Timestamp><DateTime>Thu, 2013-04-18 16:35:14 EDT</DateTime><ThumbUp>1</ThumbUp><ThumbDown>2</ThumbDown><Sentiment/></Message><Message type="ReplyMessage"><Id>1366317400531-44</Id><Topic><Title>A nightmare came true....</Title><Username>bigk95133</Username><Timestamp>1366317314516</Timestamp><DateTime>Thu, 2013-04-18 16:35:14 EDT</DateTime></Topic><Msg>short the open.</Msg><Username>jrpowell01</Username><Timestamp>1366317400531</Timestamp><DateTime>Thu, 2013-04-18 16:36:40 EDT</DateTime><ThumbUp>1</ThumbUp><ThumbDown>1</ThumbDown><Sentiment/></Message><Message type="TopicMessage"><Id>1366317482466-45</Id><Title>Future of IBM: Buy Blackberry</Title><Msg>Buy Blackberry. After that, sell hardware business bought from Blackberry to Lenovo again. With combined strengths, IBM will rule the world in software, service, mobile computing, and security, etc Off we go to become the largest company in the world.</Msg><Username>antimachine_kudo</Username><Timestamp>1366317482466</Timestamp><DateTime>Thu, 2013-04-18 16:38:02 EDT</DateTime><ThumbUp>6</ThumbUp><ThumbDown>2</ThumbDown><Sentiment/></Message><Message type="TopicMessage"><Id>1366317486009-46</Id><Title>Everyone will tell you that its not that bad and that this is the bottom - they are going to exit 1st thing tomorrow</Title><Msg>This is an extension of SA and these boards are nothing more than entertainment.</Msg><Username>swimwithsharks99</Username><Timestamp>1366317486009</Timestamp><DateTime>Thu, 2013-04-18 16:38:06 EDT</DateTime><ThumbUp>0</ThumbUp><ThumbDown>1</ThumbDown><Sentiment/></Message><Message type="ReplyMessage"><Id>1366317516360-47</Id><Topic><Title>Guidence sounds like the dollar will impact it and the Euro is an unknown. See ya at 190 next week.</Title><Username>swimwithsharks99</Username><Timestamp>1366316714598</Timestamp><DateTime>Thu, 2013-04-18 16:25:14 EDT</DateTime></Topic><Msg>Look at DOW futures. traders are selling... When everyone else sells, you sell. IF you are holding shares of IBM, buy a protective put. 1 protective put for every 100 shares you own. that will give you some insurance.</Msg><Username>jrpowell01</Username><Timestamp>1366317516360</Timestamp><DateTime>Thu, 2013-04-18 16:38:36 EDT</DateTime><ThumbUp>1</ThumbUp><ThumbDown>0</ThumbDown><Sentiment/></Message><Message type="ReplyMessage"><Id>1366317743662-48</Id><Topic><Title>A nightmare came true....</Title><Username>bigk95133</Username><Timestamp>1366317314516</Timestamp><DateTime>Thu, 2013-04-18 16:35:14 EDT</DateTime></Topic><Msg>The nightmare would be if you could breed. God help us all.</Msg><Username>nozupforyou</Username><Timestamp>1366317743662</Timestamp><DateTime>Thu, 2013-04-18 16:42:23 EDT</DateTime><ThumbUp>1</ThumbUp><ThumbDown>0</ThumbDown><Sentiment/></Message><Message type="ReplyMessage"><Id>1366317933040-49</Id><Topic><Title>A nightmare came true....</Title><Username>bigk95133</Username><Timestamp>1366317314516</Timestamp><DateTime>Thu, 2013-04-18 16:35:14 EDT</DateTime></Topic><Msg>guess you just started following IBM a few months ago , eh ??? what do you think will happen when they issue the follow on pr in a week or so ?</Msg><Username>iamgarce</Username><Timestamp>1366317933040</Timestamp><DateTime>Thu, 2013-04-18 16:45:33 EDT</DateTime><ThumbUp>0</ThumbUp><ThumbDown>0</ThumbDown><Sentiment/></Message><Message type="ReplyMessage"><Id>1366318018301-50</Id><Topic><Title>they always sell IBM on earnings..wwake up</Title><Username>cwtripps</Username><Timestamp>1366316789930</Timestamp><DateTime>Thu, 2013-04-18 16:26:29 EDT</DateTime></Topic><Msg>yup , and typically following a weak report , IBM comes out with some big announce about 1-2 weeks later .. and then we get the sellers' remorse .. LOL</Msg><Username>iamgarce</Username><Timestamp>1366318018301</Timestamp><DateTime>Thu, 2013-04-18 16:46:58 EDT</DateTime><ThumbUp>1</ThumbUp><ThumbDown>1</ThumbDown><Sentiment/></Message><Message type="ReplyMessage"><Id>1366318062093-51</Id><Topic><Title>Holding Strong at $200 to $201</Title><Username>nozupforyou</Username><Timestamp>1366317302228</Timestamp><DateTime>Thu, 2013-04-18 16:35:02 EDT</DateTime></Topic><Msg>Ay Ay Captain....enjoy the rest of your voyage on the Titanic...</Msg><Username>swimwithsharks99</Username><Timestamp>1366318062093</Timestamp><DateTime>Thu, 2013-04-18 16:47:42 EDT</DateTime><ThumbUp>0</ThumbUp><ThumbDown>1</ThumbDown><Sentiment/></Message><Message type="ReplyMessage"><Id>1366318076567-52</Id><Topic><Title>Holding Strong at $200 to $201</Title><Username>nozupforyou</Username><Timestamp>1366317302228</Timestamp><DateTime>Thu, 2013-04-18 16:35:02 EDT</DateTime></Topic><Msg>The real action begins tomorrow morning........not going to hold up well.</Msg><Username>doubledribbs23</Username><Timestamp>1366318076567</Timestamp><DateTime>Thu, 2013-04-18 16:47:56 EDT</DateTime><ThumbUp>0</ThumbUp><ThumbDown>1</ThumbDown><Sentiment/></Message><Message type="ReplyMessage"><Id>1366318166024-53</Id><Topic><Title>Future of IBM: Buy Blackberry</Title><Username>antimachine_kudo</Username><Timestamp>1366317482466</Timestamp><DateTime>Thu, 2013-04-18 16:38:02 EDT</DateTime></Topic><Msg>That would be good for both companies, good for the corporate world, good for the government and good for most American people. Good deal ought to happen.</Msg><Username>arhdan9</Username><Timestamp>1366318166024</Timestamp><DateTime>Thu, 2013-04-18 16:49:26 EDT</DateTime><ThumbUp>3</ThumbUp><ThumbDown>1</ThumbDown><Sentiment/></Message><Message type="TopicMessage"><Id>1366318359133-54</Id><Title>IBM Earnings Strong &amp; Solid; YEN reduces earnings by 7 cents</Title><Msg>International Business Machines Corp said on Thursday its quarterly non-GAAP income rose 3 percent to $3.4 billion, or $3.00, compared with analyst estimates of $3.05 a share, according to Thomson Reuters I/B/E/S. The deterioration in Yen currency since mid-January reduced EPS by $0.07, a spokesman said. Quarterly revenue dropped 5 percent to $23.4 billion compared with estimates of $24.6 billion. Revenues fell 3 percent adjusted for currency.</Msg><Username>lws2000</Username><Timestamp>1366318359133</Timestamp><DateTime>Thu, 2013-04-18 16:52:39 EDT</DateTime><ThumbUp>3</ThumbUp><ThumbDown>0</ThumbDown><Sentiment/></Message><Message type="TopicMessage"><Id>1366318610749-55</Id><Title>Why isn't the headline "Analysts Miss on IBM Earnings Estimates"?</Title><Msg>IBM did great! Its the analysts who flubbed. Why punish the stock when they should take the analysts out to the woodshed for being stupid. The price of a stock shouldn't hinge on whether or not an analyst gets it right... especially when you're talking pennies I'm buying IBM tomorrow on the open,</Msg><Username>findingbigtips</Username><Timestamp>1366318610749</Timestamp><DateTime>Thu, 2013-04-18 16:56:50 EDT</DateTime><ThumbUp>2</ThumbUp><ThumbDown>0</ThumbDown><Sentiment>Strong Buy</Sentiment></Message><Message type="ReplyMessage"><Id>1366318729815-56</Id><Topic><Title>Future of IBM: Buy Blackberry</Title><Username>antimachine_kudo</Username><Timestamp>1366317482466</Timestamp><DateTime>Thu, 2013-04-18 16:38:02 EDT</DateTime></Topic><Msg>That would be interesting to see.</Msg><Username>jojojojosenior</Username><Timestamp>1366318729815</Timestamp><DateTime>Thu, 2013-04-18 16:58:49 EDT</DateTime><ThumbUp>3</ThumbUp><ThumbDown>0</ThumbDown><Sentiment/></Message><Message type="ReplyMessage"><Id>1366318759010-57</Id><Topic><Title>Why isn't the headline "Analysts Miss on IBM Earnings Estimates"?</Title><Username>findingbigtips</Username><Timestamp>1366318610749</Timestamp><DateTime>Thu, 2013-04-18 16:56:50 EDT</DateTime></Topic><Msg>Buy more is right I just did! RSI is down to 29</Msg><Username>no1matemary</Username><Timestamp>1366318759010</Timestamp><DateTime>Thu, 2013-04-18 16:59:19 EDT</DateTime><ThumbUp>1</ThumbUp><ThumbDown>0</ThumbDown><Sentiment/></Message><Message type="ReplyMessage"><Id>1366319100246-58</Id><Topic><Title>Future of IBM: Buy Blackberry</Title><Username>antimachine_kudo</Username><Timestamp>1366317482466</Timestamp><DateTime>Thu, 2013-04-18 16:38:02 EDT</DateTime></Topic><Msg>Yes, IBM should take this a serious consideration. Lenovo has repeatedly expressed its interest to buy Blackberry. The problem is that the Canadian government will never allow that to happen due to the concern of security. It was reported other companies have the interest too. But, a buyout form IBM should be okay for the Canadian government. Blackberry has no debt, tons of cash, profitable since last quarter, and its potentials have far from been realized... The longer the wait, the more costly for any buyout! Hurry up, IBM for the sake of our shareholders.</Msg><Username>antiyaya_yes</Username><Timestamp>1366319100246</Timestamp><DateTime>Thu, 2013-04-18 17:05:00 EDT</DateTime><ThumbUp>1</ThumbUp><ThumbDown>1</ThumbDown><Sentiment/></Message><Message type="TopicMessage"><Id>1366319400624-59</Id><Title>hee hee I will buy the open!</Title><Msg>that was a solid qtr. dumb arz analists.</Msg><Username>tricknixon7</Username><Timestamp>1366319400624</Timestamp><DateTime>Thu, 2013-04-18 17:10:00 EDT</DateTime><ThumbUp>2</ThumbUp><ThumbDown>1</ThumbDown><Sentiment/></Message><Message type="TopicMessage"><Id>1366319433800-60</Id><Title>IBM talking down q2 on call..</Title><Msg>citing execution issues</Msg><Username>cantbeatbeta</Username><Timestamp>1366319433800</Timestamp><DateTime>Thu, 2013-04-18 17:10:33 EDT</DateTime><ThumbUp>1</ThumbUp><ThumbDown>0</ThumbDown><Sentiment/></Message><Message type="ReplyMessage"><Id>1366319578617-61</Id><Topic><Title>hee hee I will buy the open!</Title><Username>tricknixon7</Username><Timestamp>1366319400624</Timestamp><DateTime>Thu, 2013-04-18 17:10:00 EDT</DateTime></Topic><Msg>OK you do that...We will watch the news when you jump out the window when it hits 185 next week.</Msg><Username>swimwithsharks99</Username><Timestamp>1366319578617</Timestamp><DateTime>Thu, 2013-04-18 17:12:58 EDT</DateTime><ThumbUp>0</ThumbUp><ThumbDown>1</ThumbDown><Sentiment/></Message><Message type="ReplyMessage"><Id>1366319732655-62</Id><Topic><Title>hee hee I will buy the open!</Title><Username>tricknixon7</Username><Timestamp>1366319400624</Timestamp><DateTime>Thu, 2013-04-18 17:10:00 EDT</DateTime></Topic><Msg>dope you ate paint chips as a child! Weak yen and sales in pipeline and the guide as expected.</Msg><Username>tricknixon7</Username><Timestamp>1366319732655</Timestamp><DateTime>Thu, 2013-04-18 17:15:32 EDT</DateTime><ThumbUp>3</ThumbUp><ThumbDown>0</ThumbDown><Sentiment/></Message><Message type="ReplyMessage"><Id>1366319915207-63</Id><Topic><Title>hee hee I will buy the open!</Title><Username>tricknixon7</Username><Timestamp>1366319400624</Timestamp><DateTime>Thu, 2013-04-18 17:10:00 EDT</DateTime></Topic><Msg>You know these are just the shorts right now scaring folks out of their shares cheaply.</Msg><Username>no1matemary</Username><Timestamp>1366319915207</Timestamp><DateTime>Thu, 2013-04-18 17:18:35 EDT</DateTime><ThumbUp>2</ThumbUp><ThumbDown>0</ThumbDown><Sentiment/></Message><Message type="ReplyMessage"><Id>1366319941294-64</Id><Topic><Title>Why isn't the headline "Analysts Miss on IBM Earnings Estimates"?</Title><Username>findingbigtips</Username><Timestamp>1366318610749</Timestamp><DateTime>Thu, 2013-04-18 16:56:50 EDT</DateTime></Topic><Msg>Solid company. Good P/E. A gem here...</Msg><Username>agamemnus_0</Username><Timestamp>1366319941294</Timestamp><DateTime>Thu, 2013-04-18 17:19:01 EDT</DateTime><ThumbUp>1</ThumbUp><ThumbDown>0</ThumbDown><Sentiment/></Message><Message type="ReplyMessage"><Id>1366319962657-65</Id><Topic><Title>hee hee I will buy the open!</Title><Username>tricknixon7</Username><Timestamp>1366319400624</Timestamp><DateTime>Thu, 2013-04-18 17:10:00 EDT</DateTime></Topic><Msg>Ok Einstein - do you see the yen getting any stronger in the next qtr? If you say yes then you are the new village idiot. The 2nd qtr is the worst qtr for HI tech companies... boing!!!!!! Watch your stock drop like your boyfriend in a hot dog factory.</Msg><Username>swimwithsharks99</Username><Timestamp>1366319962657</Timestamp><DateTime>Thu, 2013-04-18 17:19:22 EDT</DateTime><ThumbUp>0</ThumbUp><ThumbDown>1</ThumbDown><Sentiment/></Message><Message type="ReplyMessage"><Id>1366320017385-66</Id><Topic><Title>hee hee I will buy the open!</Title><Username>tricknixon7</Username><Timestamp>1366319400624</Timestamp><DateTime>Thu, 2013-04-18 17:10:00 EDT</DateTime></Topic><Msg>Don't buy the news. Wait it out a few days.</Msg><Username>agamemnus_0</Username><Timestamp>1366320017385</Timestamp><DateTime>Thu, 2013-04-18 17:20:17 EDT</DateTime><ThumbUp>0</ThumbUp><ThumbDown>1</ThumbDown><Sentiment/></Message><Message type="TopicMessage"><Id>1366321028999-67</Id><Title>IBM is overvalued IMHO</Title><Msg>IBM is ovevalued and GOOG is overvalued and VRTX is overvalued at 80 bucks and BIIB is overvalued at aroiund 200 bucks. I think it is a good idea to move money from these to Gold minning companies like NEM and ABX</Msg><Username>kotharivk</Username><Timestamp>1366321028999</Timestamp><DateTime>Thu, 2013-04-18 17:37:08 EDT</DateTime><ThumbUp>0</ThumbUp><ThumbDown>1</ThumbDown><Sentiment/></Message><Message type="ReplyMessage"><Id>1366321168537-68</Id><Topic><Title>"It's disappointing results," said ISI group analyst Brian Marshall.</Title><Username>extrader</Username><Timestamp>1366319602167</Timestamp><DateTime>Thu, 2013-04-18 17:13:22 EDT</DateTime></Topic><Msg>Its what happens when you go to war against your own employees....only going to get worse.</Msg><Username>swthompson999</Username><Timestamp>1366321168537</Timestamp><DateTime>Thu, 2013-04-18 17:39:28 EDT</DateTime><ThumbUp>1</ThumbUp><ThumbDown>1</ThumbDown><Sentiment/></Message><Message type="ReplyMessage"><Id>1366321271633-69</Id><Topic><Title>hee hee I will buy the open!</Title><Username>tricknixon7</Username><Timestamp>1366319400624</Timestamp><DateTime>Thu, 2013-04-18 17:10:00 EDT</DateTime></Topic><Msg>Idiot IBM never misses on EPS and Rev . Missed it big time . Wait and buy it at 190 else get burnt. Ananlyst know what they speak keep your mouth shut</Msg><Username>zeeshan.fazal</Username><Timestamp>1366321271633</Timestamp><DateTime>Thu, 2013-04-18 17:41:11 EDT</DateTime><ThumbUp>0</ThumbUp><ThumbDown>1</ThumbDown><Sentiment/></Message><Message type="ReplyMessage"><Id>1366321361574-70</Id><Topic><Title>hee hee I will buy the open!</Title><Username>tricknixon7</Username><Timestamp>1366319400624</Timestamp><DateTime>Thu, 2013-04-18 17:10:00 EDT</DateTime></Topic><Msg>Bloody idiotic fool!!! Some idiots just keep posting #$%$. Dont you know the basic trading rules fool , you wait for 2 days and then buy the stock if you like. Buy it at 198 tomorrow and see it going down to 185</Msg><Username>zeeshan.fazal</Username><Timestamp>1366321361574</Timestamp><DateTime>Thu, 2013-04-18 17:42:41 EDT</DateTime><ThumbUp>0</ThumbUp><ThumbDown>1</ThumbDown><Sentiment/></Message><Message type="ReplyMessage"><Id>1366321464761-71</Id><Topic><Title>Holding Strong at $200 to $201</Title><Username>nozupforyou</Username><Timestamp>1366317302228</Timestamp><DateTime>Thu, 2013-04-18 16:35:02 EDT</DateTime></Topic><Msg>Their guidance was bad. IBM has a history of underperforming once they miss and stock goes down after hours. It will be at 185-190 level by next week . You are basically out of luck until next quarter</Msg><Username>zeeshan.fazal</Username><Timestamp>1366321464761</Timestamp><DateTime>Thu, 2013-04-18 17:44:24 EDT</DateTime><ThumbUp>0</ThumbUp><ThumbDown>1</ThumbDown><Sentiment/></Message><Message type="TopicMessage"><Id>1366321502107-72</Id><Title>Okay .. now the 5% correction is out of the way</Title><Msg>though i won't be surprised to see it sell down to 191 , next move should take it over 220 ... garce</Msg><Username>iamgarce</Username><Timestamp>1366321502107</Timestamp><DateTime>Thu, 2013-04-18 17:45:02 EDT</DateTime><ThumbUp>1</ThumbUp><ThumbDown>0</ThumbDown><Sentiment/></Message><Message type="ReplyMessage"><Id>1366321518004-73</Id><Topic><Title>hee hee I will buy the open!</Title><Username>tricknixon7</Username><Timestamp>1366319400624</Timestamp><DateTime>Thu, 2013-04-18 17:10:00 EDT</DateTime></Topic><Msg>"Idiot IBM never misses on EPS and Rev' That's untrue, idiot.</Msg><Username>yield_of_my_dreams</Username><Timestamp>1366321518004</Timestamp><DateTime>Thu, 2013-04-18 17:45:18 EDT</DateTime><ThumbUp>1</ThumbUp><ThumbDown>0</ThumbDown><Sentiment/></Message><Message type="TopicMessage"><Id>1366321569616-74</Id><Title>IBM finally #$%$ the bed ???</Title><Msg>it had to happen This is a great company and it will recover fast Change the sheets and look forward to next Q</Msg><Username>shareacellwithmadoff</Username><Timestamp>1366321569616</Timestamp><DateTime>Thu, 2013-04-18 17:46:09 EDT</DateTime><ThumbUp>1</ThumbUp><ThumbDown>0</ThumbDown><Sentiment/></Message><Message type="ReplyMessage"><Id>1366321581460-75</Id><Topic><Title>they always sell IBM on earnings..wwake up</Title><Username>cwtripps</Username><Timestamp>1366316789930</Timestamp><DateTime>Thu, 2013-04-18 16:26:29 EDT</DateTime></Topic><Msg>Good luck idiots. You will se this at 190 believe me. Look at the current market. Tech sector is sinking not 1 impressive beat as yet. See a blood bath on tech tomorrow again led by IBM and AAPL . Watch the DOW tank tomorrow</Msg><Username>zeeshan.fazal</Username><Timestamp>1366321581460</Timestamp><DateTime>Thu, 2013-04-18 17:46:21 EDT</DateTime><ThumbUp>0</ThumbUp><ThumbDown>1</ThumbDown><Sentiment/></Message><Message type="TopicMessage"><Id>1366321603609-76</Id><Title>2015 Road Map $20 EPS</Title><Msg>IBM can not cut it's way to $20. Where is the revenue? Selling of x series is another short term solution to a long term problem. Cost reduction helps short term, but they need revenue. Cutting US employees and holding back on raises, bonuses and further benefit cuts will only get them so far. What will they do when there are no US employees left to despoil other than directors and execs?</Msg><Username>louscashcow</Username><Timestamp>1366321603609</Timestamp><DateTime>Thu, 2013-04-18 17:46:43 EDT</DateTime><ThumbUp>3</ThumbUp><ThumbDown>1</ThumbDown><Sentiment>Hold</Sentiment></Message><Message type="ReplyMessage"><Id>1366321607495-77</Id><Topic><Title>hee hee I will buy the open!</Title><Username>tricknixon7</Username><Timestamp>1366319400624</Timestamp><DateTime>Thu, 2013-04-18 17:10:00 EDT</DateTime></Topic><Msg>buy now, clown coward</Msg><Username>shareacellwithmadoff</Username><Timestamp>1366321607495</Timestamp><DateTime>Thu, 2013-04-18 17:46:47 EDT</DateTime><ThumbUp>0</ThumbUp><ThumbDown>2</ThumbDown><Sentiment/></Message><Message type="ReplyMessage"><Id>1366323368164-78</Id><Topic><Title>Their guidance looks pretty good,</Title><Username>phkd_in_the_azz_by_mrktmaker</Username><Timestamp>1366316290148</Timestamp><DateTime>Thu, 2013-04-18 16:18:10 EDT</DateTime></Topic><Msg>AH's has it at $197.05 already.</Msg><Username>highlowsel</Username><Timestamp>1366323368164</Timestamp><DateTime>Thu, 2013-04-18 18:16:08 EDT</DateTime><ThumbUp>0</ThumbUp><ThumbDown>1</ThumbDown><Sentiment/></Message><Message type="ReplyMessage"><Id>1366323494778-79</Id><Topic><Title>hee hee I will buy the open!</Title><Username>tricknixon7</Username><Timestamp>1366319400624</Timestamp><DateTime>Thu, 2013-04-18 17:10:00 EDT</DateTime></Topic><Msg>HEY fazal. Its the analysts who "missed". They have the data beforehand. They just can't add. When an analyst predicts, all he has to do is go to corporate headquarters and say "show me the books". He looks at the books and then makes his prediction. If he can't add,then he "misses".</Msg><Username>zer0t0l</Username><Timestamp>1366323494778</Timestamp><DateTime>Thu, 2013-04-18 18:18:14 EDT</DateTime><ThumbUp>0</ThumbUp><ThumbDown>1</ThumbDown><Sentiment/></Message><Message type="ReplyMessage"><Id>1366323863956-80</Id><Topic><Title>hee hee I will buy the open!</Title><Username>tricknixon7</Username><Timestamp>1366319400624</Timestamp><DateTime>Thu, 2013-04-18 17:10:00 EDT</DateTime></Topic><Msg>Created id 34 min ago, and put 43 posts already? Wow! Posting must be your job.</Msg><Username>warrenk</Username><Timestamp>1366323863956</Timestamp><DateTime>Thu, 2013-04-18 18:24:23 EDT</DateTime><ThumbUp>1</ThumbUp><ThumbDown>0</ThumbDown><Sentiment>Strong Buy</Sentiment></Message><Message type="TopicMessage"><Id>1366323926786-81</Id><Title>Lovely Miss - Thank you IBM</Title><Msg>This will set the stage for a major sell off tomorrow. I've been buying FAZ in hopes this would happen.</Msg><Username>quickmovesmiles</Username><Timestamp>1366323926786</Timestamp><DateTime>Thu, 2013-04-18 18:25:26 EDT</DateTime><ThumbUp>0</ThumbUp><ThumbDown>2</ThumbDown><Sentiment/></Message><Message type="ReplyMessage"><Id>1366324045730-82</Id><Topic><Title>hee hee I will buy the open!</Title><Username>tricknixon7</Username><Timestamp>1366319400624</Timestamp><DateTime>Thu, 2013-04-18 17:10:00 EDT</DateTime></Topic><Msg>The current market sentiment does not support any sort of a miss. Tech is already under big pressure. Mark my words this will be at 190's by next week. IBM is a good company no offense but when it comes to trading a miss is not taken well by wall street you miss an you get hammered. IBM is no exception it dropped to 197 after hours o you really expect a rally tomorrow . Based on what Market is getting crushed. SNDK had a great quarter was 57 after hours but what happened at the open today 51. Be realistic the current market sentiment will push IBM even lower</Msg><Username>zeeshan.fazal</Username><Timestamp>1366324045730</Timestamp><DateTime>Thu, 2013-04-18 18:27:25 EDT</DateTime><ThumbUp>1</ThumbUp><ThumbDown>1</ThumbDown><Sentiment/></Message><Message type="ReplyMessage"><Id>1366324078104-83</Id><Topic><Title>hee hee I will buy the open!</Title><Username>tricknixon7</Username><Timestamp>1366319400624</Timestamp><DateTime>Thu, 2013-04-18 17:10:00 EDT</DateTime></Topic><Msg>It's for 'sharecellwithmadof'</Msg><Username>warrenk</Username><Timestamp>1366324078104</Timestamp><DateTime>Thu, 2013-04-18 18:27:58 EDT</DateTime><ThumbUp>0</ThumbUp><ThumbDown>1</ThumbDown><Sentiment>Strong Buy</Sentiment></Message><Message type="ReplyMessage"><Id>1366324150965-84</Id><Topic><Title>Their guidance looks pretty good,</Title><Username>phkd_in_the_azz_by_mrktmaker</Username><Timestamp>1366316290148</Timestamp><DateTime>Thu, 2013-04-18 16:18:10 EDT</DateTime></Topic><Msg>Oh really pretty good does not work at Wall street. This is what you get for pretty good down 13 points to 197. OW will be crush tomorrow, GOOG came out again with not so impressive numbers.</Msg><Username>zeeshan.fazal</Username><Timestamp>1366324150965</Timestamp><DateTime>Thu, 2013-04-18 18:29:10 EDT</DateTime><ThumbUp>0</ThumbUp><ThumbDown>1</ThumbDown><Sentiment/></Message><Message type="ReplyMessage"><Id>1366324889383-85</Id><Topic><Title>they always sell IBM on earnings..wwake up</Title><Username>cwtripps</Username><Timestamp>1366316789930</Timestamp><DateTime>Thu, 2013-04-18 16:26:29 EDT</DateTime></Topic><Msg>IBM is a buy under $196! They will announce a dividend increase next week, and some contracts will close next quarter. IBM is fine. Buy the over reaction here...</Msg><Username>qofaslave69</Username><Timestamp>1366324889383</Timestamp><DateTime>Thu, 2013-04-18 18:41:29 EDT</DateTime><ThumbUp>1</ThumbUp><ThumbDown>1</ThumbDown><Sentiment/></Message><Message type="TopicMessage"><Id>1366326621820-86</Id><Title>with after hours drop we have cut through 50 100 and 200 moving averages..</Title><Msg>next support is 185 ...</Msg><Username>cantbeatbeta</Username><Timestamp>1366326621820</Timestamp><DateTime>Thu, 2013-04-18 19:10:21 EDT</DateTime><ThumbUp>0</ThumbUp><ThumbDown>1</ThumbDown><Sentiment/></Message><Message type="ReplyMessage"><Id>1366327300871-87</Id><Topic><Title>they always sell IBM on earnings..wwake up</Title><Username>cwtripps</Username><Timestamp>1366316789930</Timestamp><DateTime>Thu, 2013-04-18 16:26:29 EDT</DateTime></Topic><Msg>Its unwise to buy IBM given the current Tech sector performance. Hello are you blind. Name me 1 tech which is doing well at the moment. Correction is coming which will take IBM to 185. yes its a buy below 196 but where 190,185 or 175. It has room to go all the way down to 185</Msg><Username>zeeshan.fazal</Username><Timestamp>1366327300871</Timestamp><DateTime>Thu, 2013-04-18 19:21:40 EDT</DateTime><ThumbUp>0</ThumbUp><ThumbDown>1</ThumbDown><Sentiment/></Message><Message type="TopicMessage"><Id>1366328260960-88</Id><Title>IBM Also Had a Slow Q1 2009</Title><Msg>Fortunately, Q2 saw a rebound and IBM was up 15% from about $100 to $115. As a realist, IBM could see a tough next 3 months. If the market sells off IBM could trade below $190. Unless the world goes south, at $200 it's 12x the $16.70 boggy so long term it looks like the usual low multiple. Here's an excerpt from the Q1 '09 PR: BM REPORTS 2009 FIRST-QUARTER RESULTS Diluted earnings of $1.70 per share, up 4 percent; Reiterates full-year 2009 earnings of at least $9.20 per share; Free cash flow of $1 billion, up $450 million; Gross profit margin of 43.4 percent, up 1.9 points; Net income of $2.3 billion, down 1 percent; net margin up 1.1 points; Revenue of $21.7 billion, impacted by strong U.S. dollar, down 11 percent, down 4 percent adjusting for currency; Software pre-tax margin up 2.9 points; income up 5 percent; Global Services pre-tax margin up 1.6 points; income up 4 percent; Total services signings up 10 percent, longer-term signings up 27 percent, both adjusting for currency; 16 services deals greater than $100 million; Growth markets revenue up 4 percent adjusting for currency; Returned nearly $2.5 billion to shareholders in dividends and share repurchases. ARMONK, N.Y., April 20, 2009 . . . IBM (NYSE: IBM) today announced first-quarter 2009 diluted earnings of $1.70 per share compared with diluted earnings of $1.64 per share in the first quarter of 2008, an increase of 4 percent as reported. First-quarter net income was $2.30 billion compared with $2.32 billion in the first quarter of 2008, a decrease of 1 percent. Total revenues for the first quarter of 2009 of $21.7 billion decreased 11 percent (4 percent, adjusting for currency) from the first quarter of 2008.</Msg><Username>mr_dinky_dot_bomb</Username><Timestamp>1366328260960</Timestamp><DateTime>Thu, 2013-04-18 19:37:40 EDT</DateTime><ThumbUp>2</ThumbUp><ThumbDown>0</ThumbDown><Sentiment/></Message><Message type="ReplyMessage"><Id>1366328435579-89</Id><Topic><Title>hee hee I will buy the open!</Title><Username>tricknixon7</Username><Timestamp>1366319400624</Timestamp><DateTime>Thu, 2013-04-18 17:10:00 EDT</DateTime></Topic><Msg>" drop like your boyfriend in a hot dog factory " what does that even mean ?</Msg><Username>satansmessage</Username><Timestamp>1366328435579</Timestamp><DateTime>Thu, 2013-04-18 19:40:35 EDT</DateTime><ThumbUp>1</ThumbUp><ThumbDown>1</ThumbDown><Sentiment>Strong Buy</Sentiment></Message><Message type="ReplyMessage"><Id>1366329292724-90</Id><Topic><Title>Why isn't the headline "Analysts Miss on IBM Earnings Estimates"?</Title><Username>findingbigtips</Username><Timestamp>1366318610749</Timestamp><DateTime>Thu, 2013-04-18 16:56:50 EDT</DateTime></Topic><Msg>It doesnt matter they have no reason to miss on revenues.POS went up a lot lately . It will be below 190 next week. Thats how IBM works get ready for a slow 3 months until next earnings this is never going to get back up until next earnings</Msg><Username>zeeshan.fazal</Username><Timestamp>1366329292724</Timestamp><DateTime>Thu, 2013-04-18 19:54:52 EDT</DateTime><ThumbUp>0</ThumbUp><ThumbDown>1</ThumbDown><Sentiment/></Message><Message type="ReplyMessage"><Id>1366329368860-91</Id><Topic><Title>Why isn't the headline "Analysts Miss on IBM Earnings Estimates"?</Title><Username>findingbigtips</Username><Timestamp>1366318610749</Timestamp><DateTime>Thu, 2013-04-18 16:56:50 EDT</DateTime></Topic><Msg>DID you . You Idiot dont you understand the current market sentiment. It has no support till 185. Free fall there. It fills the GAP at 196 and goes lower towards 190.</Msg><Username>zeeshan.fazal</Username><Timestamp>1366329368860</Timestamp><DateTime>Thu, 2013-04-18 19:56:08 EDT</DateTime><ThumbUp>0</ThumbUp><ThumbDown>1</ThumbDown><Sentiment/></Message><Message type="ReplyMessage"><Id>1366329429193-92</Id><Topic><Title>hee hee I will buy the open!</Title><Username>tricknixon7</Username><Timestamp>1366319400624</Timestamp><DateTime>Thu, 2013-04-18 17:10:00 EDT</DateTime></Topic><Msg>"drop like your boyfriend in a hot dog factory " what does that even mean ?" It means a weak mind tried to express itself forcefully.</Msg><Username>yield_of_my_dreams</Username><Timestamp>1366329429193</Timestamp><DateTime>Thu, 2013-04-18 19:57:09 EDT</DateTime><ThumbUp>1</ThumbUp><ThumbDown>0</ThumbDown><Sentiment/></Message><Message type="TopicMessage"><Id>1366330653471-93</Id><Title>New CEO performance... questionable</Title><Msg>There's a #$%$ running the company now... what did you expect? Indians Managed Badly (IBM)... that strategy is obviously run its course and no longer viable. You cannot cut costs indefinitely to prop up earnings, especially when the quality of work sucks. And Indians don't necessary respect female leaders... especially those that are a total beotch.</Msg><Username>washsale</Username><Timestamp>1366330653471</Timestamp><DateTime>Thu, 2013-04-18 20:17:33 EDT</DateTime><ThumbUp>3</ThumbUp><ThumbDown>3</ThumbDown><Sentiment/></Message><Message type="ReplyMessage"><Id>1366332032223-94</Id><Topic><Title>New CEO performance... questionable</Title><Username>washsale</Username><Timestamp>1366330653471</Timestamp><DateTime>Thu, 2013-04-18 20:17:33 EDT</DateTime></Topic><Msg>LOL well said nailed it.</Msg><Username>zeeshan.fazal</Username><Timestamp>1366332032223</Timestamp><DateTime>Thu, 2013-04-18 20:40:32 EDT</DateTime><ThumbUp>1</ThumbUp><ThumbDown>2</ThumbDown><Sentiment/></Message><Message type="TopicMessage"><Id>1366332209326-95</Id><Title>Shorting IBM at 215 in March and covering at 197 AH was like taking a candy...</Title><Msg>Shorting IBM at 215 in March and covering at 197 AH was like taking a candy from a kid! All the signs were so obvious out there ... if you know how to look! Now, moving on with the "transit-moola" to the shorting-party in TGT next ... that selloff is just around the corner! (Also: EQIX and MON will be aggressively sold-off next).</Msg><Username>n59218</Username><Timestamp>1366332209326</Timestamp><DateTime>Thu, 2013-04-18 20:43:29 EDT</DateTime><ThumbUp>3</ThumbUp><ThumbDown>5</ThumbDown><Sentiment/></Message><Message type="ReplyMessage"><Id>1366335872827-96</Id><Topic><Title>Shorting IBM at 215 in March and covering at 197 AH was like taking a candy...</Title><Username>n59218</Username><Timestamp>1366332209326</Timestamp><DateTime>Thu, 2013-04-18 20:43:29 EDT</DateTime></Topic><Msg>Indeed a little more patience and you could have got 193 idiot.</Msg><Username>zeeshan.fazal</Username><Timestamp>1366335872827</Timestamp><DateTime>Thu, 2013-04-18 21:44:32 EDT</DateTime><ThumbUp>2</ThumbUp><ThumbDown>3</ThumbDown><Sentiment/></Message><Message type="TopicMessage"><Id>1366337344309-97</Id><Title>IBM profit machine slows; layoffs planned</Title><Msg>Employees take it up the XXX again, IBM has had zero Revenue growth for every and has been dxxking employees for years, so they miss big this qtr what do they do go after employees what a great American company NOT</Msg><Username>cvs9yt</Username><Timestamp>1366337344309</Timestamp><DateTime>Thu, 2013-04-18 22:09:04 EDT</DateTime><ThumbUp>2</ThumbUp><ThumbDown>2</ThumbDown><Sentiment/></Message><Message type="ReplyMessage"><Id>1366340436652-98</Id><Topic><Title>IBM profit machine slows; layoffs planned</Title><Username>cvs9yt</Username><Timestamp>1366337344309</Timestamp><DateTime>Thu, 2013-04-18 22:09:04 EDT</DateTime></Topic><Msg>They did NOT miss big. They need to lay off more because they serve shareholders and not employees.</Msg><Username>foo_fighter007</Username><Timestamp>1366340436652</Timestamp><DateTime>Thu, 2013-04-18 23:00:36 EDT</DateTime><ThumbUp>0</ThumbUp><ThumbDown>4</ThumbDown><Sentiment>Buy</Sentiment></Message><Message type="ReplyMessage"><Id>1366341266047-99</Id><Topic><Title>IBM profit machine slows; layoffs planned</Title><Username>cvs9yt</Username><Timestamp>1366337344309</Timestamp><DateTime>Thu, 2013-04-18 22:09:04 EDT</DateTime></Topic><Msg>hey #$%$ you have to take care of your employees to even have a business, Why don't you just layoff all employees and just run with Machines, You see the government cut back are the real reason for the short falls, The Corporate welfare got hit this qtr, and I'm sure it will continue to hurt them all going forward, The corporate welfare in this country far exceeds any other programs combined 17 percent of all revenue comes from some government agency for real</Msg><Username>cvs9yt</Username><Timestamp>1366341266047</Timestamp><DateTime>Thu, 2013-04-18 23:14:26 EDT</DateTime><ThumbUp>1</ThumbUp><ThumbDown>1</ThumbDown><Sentiment/></Message><Message type="ReplyMessage"><Id>1366341759436-100</Id><Topic><Title>IBM profit machine slows; layoffs planned</Title><Username>cvs9yt</Username><Timestamp>1366337344309</Timestamp><DateTime>Thu, 2013-04-18 22:09:04 EDT</DateTime></Topic><Msg>You seem to have no knowledge of how a public corporation must be run. Google the term "fiduciary responsibility". You may want to stay out of the stock market and buy CD's with a 0.5% interest.</Msg><Username>foo_fighter007</Username><Timestamp>1366341759436</Timestamp><DateTime>Thu, 2013-04-18 23:22:39 EDT</DateTime><ThumbUp>1</ThumbUp><ThumbDown>0</ThumbDown><Sentiment>Buy</Sentiment></Message><Message type="ReplyMessage"><Id>1366342541773-101</Id><Topic><Title>IBM profit machine slows; layoffs planned</Title><Username>cvs9yt</Username><Timestamp>1366337344309</Timestamp><DateTime>Thu, 2013-04-18 22:09:04 EDT</DateTime></Topic><Msg>lets just see what happens in the coming day's, then we will get back I do have some experience from the inside on this pretty sure its about time things caught up to them, but who knows the government may just print money for them and everything will be cool It's not just IBM , There are many way's to build highways and bridges that go no where, as government agency buy technology they don't need or use they just #$%$ it away to spend the money into the welfare system If the government is forced to cut spending the first thing that goes is the useless spending lets just see how this pans out</Msg><Username>cvs9yt</Username><Timestamp>1366342541773</Timestamp><DateTime>Thu, 2013-04-18 23:35:41 EDT</DateTime><ThumbUp>0</ThumbUp><ThumbDown>1</ThumbDown><Sentiment/></Message><Message type="ReplyMessage"><Id>1366342591236-102</Id><Topic><Title>Why isn't the headline "Analysts Miss on IBM Earnings Estimates"?</Title><Username>findingbigtips</Username><Timestamp>1366318610749</Timestamp><DateTime>Thu, 2013-04-18 16:56:50 EDT</DateTime></Topic><Msg>Take them all to the word shed to meet leather face.</Msg><Username>unknownesing</Username><Timestamp>1366342591236</Timestamp><DateTime>Thu, 2013-04-18 23:36:31 EDT</DateTime><ThumbUp>0</ThumbUp><ThumbDown>2</ThumbDown><Sentiment/></Message><Message type="TopicMessage"><Id>1366342683116-103</Id><Title>They will even put out rumors of selling the server business to Lenovo to prop it up. Nice Try hegies everyone is getting out</Title><Msg>At the opening. What a crock</Msg><Username>swimwithsharks99</Username><Timestamp>1366342683116</Timestamp><DateTime>Thu, 2013-04-18 23:38:03 EDT</DateTime><ThumbUp>1</ThumbUp><ThumbDown>2</ThumbDown><Sentiment/></Message><Message type="ReplyMessage"><Id>1366342726039-104</Id><Topic><Title>IBM profit machine slows; layoffs planned</Title><Username>cvs9yt</Username><Timestamp>1366337344309</Timestamp><DateTime>Thu, 2013-04-18 22:09:04 EDT</DateTime></Topic><Msg>IBM employs 450,000 people all over the globe. They have been generous to employees, and now will reduce workforce a bit tis quarter. One of the reasons Warren Buffett loves IBM.</Msg><Username>qofaslave69</Username><Timestamp>1366342726039</Timestamp><DateTime>Thu, 2013-04-18 23:38:46 EDT</DateTime><ThumbUp>1</ThumbUp><ThumbDown>1</ThumbDown><Sentiment/></Message><Message type="ReplyMessage"><Id>1366342983114-105</Id><Topic><Title>IBM Earnings Strong &amp; Solid; YEN reduces earnings by 7 cents</Title><Username>lws2000</Username><Timestamp>1366318359133</Timestamp><DateTime>Thu, 2013-04-18 16:52:39 EDT</DateTime></Topic><Msg>This was not a solid quarter at all. Many contracts were pushed back into Q2 and if IBM lands those then Q2 promises to be solid. This was the first time in 17 quarters where IBM did not report 10% YOY EPS growth. I expect the stock to trade into the mid 190's next week.</Msg><Username>qofaslave69</Username><Timestamp>1366342983114</Timestamp><DateTime>Thu, 2013-04-18 23:43:03 EDT</DateTime><ThumbUp>1</ThumbUp><ThumbDown>2</ThumbDown><Sentiment/></Message><Message type="ReplyMessage"><Id>1366343351871-106</Id><Topic><Title>IBM profit machine slows; layoffs planned</Title><Username>cvs9yt</Username><Timestamp>1366337344309</Timestamp><DateTime>Thu, 2013-04-18 22:09:04 EDT</DateTime></Topic><Msg>450k not a chance you are talking back when Aker's was CEO not even close, Warren Buffett made most of his money by not paying taxes , hope that changes in the future,</Msg><Username>cvs9yt</Username><Timestamp>1366343351871</Timestamp><DateTime>Thu, 2013-04-18 23:49:11 EDT</DateTime><ThumbUp>0</ThumbUp><ThumbDown>1</ThumbDown><Sentiment/></Message></Date>