<?xml version="1.0" encoding="UTF-8" standalone="no"?><Date date="2012-07-26"><Message type="TopicMessage"><Id>1343280708626-1</Id><Title>GOOG/AAPL correlation</Title><Msg>GOOG, it is a good investment for the next year even if GOOG /AAPL correlation of 0.91 will not be kept. * FT * I Know First system also keep positive stance on GOOG. Good Trading!</Msg><Username>tomsongarry</Username><Timestamp>1343280708626</Timestamp><DateTime>Thu, 2012-07-26 01:31:48 EDT</DateTime><ThumbUp>14</ThumbUp><ThumbDown>1</ThumbDown><Sentiment/></Message><Message type="ReplyMessage"><Id>1343288363741-2</Id><Topic><Title>GOOG:- What do you think.,</Title><Username>xabi1847</Username><Timestamp>1342587376680</Timestamp><DateTime>Wed, 2012-07-18 00:56:16 EDT</DateTime></Topic><Msg>This is great site</Msg><Username>simon5842</Username><Timestamp>1343288363741</Timestamp><DateTime>Thu, 2012-07-26 03:39:23 EDT</DateTime><ThumbUp>0</ThumbUp><ThumbDown>0</ThumbDown><Sentiment/></Message><Message type="ReplyMessage"><Id>1343288410998-3</Id><Topic><Title>GOOG:- What do you think.,</Title><Username>xabi1847</Username><Timestamp>1342587376680</Timestamp><DateTime>Wed, 2012-07-18 00:56:16 EDT</DateTime></Topic><Msg>Awesome information</Msg><Username>khalid5842</Username><Timestamp>1343288410998</Timestamp><DateTime>Thu, 2012-07-26 03:40:10 EDT</DateTime><ThumbUp>0</ThumbUp><ThumbDown>0</ThumbDown><Sentiment/></Message><Message type="ReplyMessage"><Id>1343288476163-4</Id><Topic><Title>GOOG:- What do you think.,</Title><Username>xabi1847</Username><Timestamp>1342587376680</Timestamp><DateTime>Wed, 2012-07-18 00:56:16 EDT</DateTime></Topic><Msg>The new picks are wonderful</Msg><Username>xabi1847</Username><Timestamp>1343288476163</Timestamp><DateTime>Thu, 2012-07-26 03:41:16 EDT</DateTime><ThumbUp>0</ThumbUp><ThumbDown>0</ThumbDown><Sentiment/></Message><Message type="ReplyMessage"><Id>1343289101907-5</Id><Topic><Title>GOOG:- What do you think.,</Title><Username>xabi1847</Username><Timestamp>1342587376680</Timestamp><DateTime>Wed, 2012-07-18 00:56:16 EDT</DateTime></Topic><Msg>Very good, keep it up</Msg><Username>khalid5842</Username><Timestamp>1343289101907</Timestamp><DateTime>Thu, 2012-07-26 03:51:41 EDT</DateTime><ThumbUp>0</ThumbUp><ThumbDown>0</ThumbDown><Sentiment/></Message><Message type="ReplyMessage"><Id>1343298954048-6</Id><Topic><Title>GOOG is winning vs. APPLE</Title><Username>aiwal1</Username><Timestamp>1343219905243</Timestamp><DateTime>Wed, 2012-07-25 08:38:25 EDT</DateTime></Topic><Msg>Agree with you</Msg><Username>tomsongarry</Username><Timestamp>1343298954048</Timestamp><DateTime>Thu, 2012-07-26 06:35:54 EDT</DateTime><ThumbUp>0</ThumbUp><ThumbDown>0</ThumbDown><Sentiment/></Message><Message type="ReplyMessage"><Id>1343302456191-7</Id><Topic><Title>April 02, 2008: Hantro TRADEmark &amp; Google: #77437662</Title><Username>casp321</Username><Timestamp>1301961211000</Timestamp><DateTime>Mon, 2011-04-04 19:53:31 EDT</DateTime></Topic><Msg>This was posted more than 14 months ago BUT the judge NEVER seemed to pay attention to it??? April 02, 2008: Hantro TRADEmark &amp; Google: #77437662 By casp321 . 1 year 3 months ago</Msg><Username>casp321</Username><Timestamp>1343302456191</Timestamp><DateTime>Thu, 2012-07-26 07:34:16 EDT</DateTime><ThumbUp>0</ThumbUp><ThumbDown>0</ThumbDown><Sentiment/></Message><Message type="TopicMessage"><Id>1343305655839-8</Id><Title>Goog is better stock than aapl</Title><Msg>I see lots of momentum in goog. Positioned most of my funds into goog yesterday</Msg><Username>havingfunalways11</Username><Timestamp>1343305655839</Timestamp><DateTime>Thu, 2012-07-26 08:27:35 EDT</DateTime><ThumbUp>0</ThumbUp><ThumbDown>0</ThumbDown><Sentiment/></Message><Message type="ReplyMessage"><Id>1343307315099-9</Id><Topic><Title>GOOG/AAPL correlation</Title><Username>tomsongarry</Username><Timestamp>1343280708626</Timestamp><DateTime>Thu, 2012-07-26 01:31:48 EDT</DateTime></Topic><Msg>Thanks for the tip. GOOG&amp;614.5 in pre-market</Msg><Username>jamesgordon99</Username><Timestamp>1343307315099</Timestamp><DateTime>Thu, 2012-07-26 08:55:15 EDT</DateTime><ThumbUp>14</ThumbUp><ThumbDown>0</ThumbDown><Sentiment/></Message><Message type="ReplyMessage"><Id>1343309900168-10</Id><Topic><Title>NOK++NOK++NOK++NOK+++IS ON FIRE NOW B/C</Title><Username>nusaiba</Username><Timestamp>1311091391000</Timestamp><DateTime>Tue, 2011-07-19 12:03:11 EDT</DateTime></Topic><Msg>NOK GOING TO 5.00 EASY</Msg><Username>soren025</Username><Timestamp>1343309900168</Timestamp><DateTime>Thu, 2012-07-26 09:38:20 EDT</DateTime><ThumbUp>1</ThumbUp><ThumbDown>0</ThumbDown><Sentiment>Strong Buy</Sentiment></Message><Message type="TopicMessage"><Id>1343311837983-11</Id><Title>when does goog report</Title><Msg>I can't find it?</Msg><Username>actionspread</Username><Timestamp>1343311837983</Timestamp><DateTime>Thu, 2012-07-26 10:10:37 EDT</DateTime><ThumbUp>0</ThumbUp><ThumbDown>0</ThumbDown><Sentiment>Hold</Sentiment></Message><Message type="ReplyMessage"><Id>1343313085289-12</Id><Topic><Title>when does goog report</Title><Username>actionspread</Username><Timestamp>1343311837983</Timestamp><DateTime>Thu, 2012-07-26 10:10:37 EDT</DateTime></Topic><Msg>r u serious a week ago look at the news u idiot!</Msg><Username>bigdaddycass15</Username><Timestamp>1343313085289</Timestamp><DateTime>Thu, 2012-07-26 10:31:25 EDT</DateTime><ThumbUp>0</ThumbUp><ThumbDown>0</ThumbDown><Sentiment/></Message><Message type="TopicMessage"><Id>1343318590460-13</Id><Title>NEW ANDROID MALWARE COMES IN THROUGH REAL APPS?</Title><Msg>OPERA? read the news before you buy an android. On Bing.</Msg><Username>thefarm666</Username><Timestamp>1343318590460</Timestamp><DateTime>Thu, 2012-07-26 12:03:10 EDT</DateTime><ThumbUp>0</ThumbUp><ThumbDown>0</ThumbDown><Sentiment/></Message><Message type="TopicMessage"><Id>1343318728205-14</Id><Title>NEW ANDROID MALWARE COMES IN THROUGH NFC??</Title><Msg>read the news on Bing....scary.</Msg><Username>thefarm666</Username><Timestamp>1343318728205</Timestamp><DateTime>Thu, 2012-07-26 12:05:28 EDT</DateTime><ThumbUp>0</ThumbUp><ThumbDown>0</ThumbDown><Sentiment/></Message><Message type="TopicMessage"><Id>1343318902710-15</Id><Title>ANDROID MALWARE UP HOW MANY HUNDRED PERCENT IN TWO MONTHS???</Title><Msg>read the news on Bing. I don't think you'll find this on google.</Msg><Username>thefarm666</Username><Timestamp>1343318902710</Timestamp><DateTime>Thu, 2012-07-26 12:08:22 EDT</DateTime><ThumbUp>0</ThumbUp><ThumbDown>0</ThumbDown><Sentiment/></Message><Message type="TopicMessage"><Id>1343328590091-16</Id><Title>620+</Title><Msg>No stopping this when it held 610</Msg><Username>A Yahoo! User</Username><Timestamp>1343328590091</Timestamp><DateTime>Thu, 2012-07-26 14:49:50 EDT</DateTime><ThumbUp>0</ThumbUp><ThumbDown>0</ThumbDown><Sentiment/></Message><Message type="ReplyMessage"><Id>1343331787015-17</Id><Topic><Title>when does goog report</Title><Username>actionspread</Username><Timestamp>1343311837983</Timestamp><DateTime>Thu, 2012-07-26 10:10:37 EDT</DateTime></Topic><Msg>I would give you several links to help you ... but this NEW MESSAGE BOARD WILL NOT ALLOW THEM TO BE POSTED GL</Msg><Username>airstockman</Username><Timestamp>1343331787015</Timestamp><DateTime>Thu, 2012-07-26 15:43:07 EDT</DateTime><ThumbUp>0</ThumbUp><ThumbDown>0</ThumbDown><Sentiment/></Message><Message type="ReplyMessage"><Id>1343336741352-18</Id><Topic><Title>when does goog report</Title><Username>actionspread</Username><Timestamp>1343311837983</Timestamp><DateTime>Thu, 2012-07-26 10:10:37 EDT</DateTime></Topic><Msg>sorry if hecant look at the yahoo news he should not be on here!</Msg><Username>bigdaddycass15</Username><Timestamp>1343336741352</Timestamp><DateTime>Thu, 2012-07-26 17:05:41 EDT</DateTime><ThumbUp>0</ThumbUp><ThumbDown>0</ThumbDown><Sentiment/></Message><Message type="TopicMessage"><Id>1343348522098-19</Id><Title>when does google split?</Title><Msg>looking for the date of the split thanks</Msg><Username>mapleleaf27</Username><Timestamp>1343348522098</Timestamp><DateTime>Thu, 2012-07-26 20:22:02 EDT</DateTime><ThumbUp>0</ThumbUp><ThumbDown>0</ThumbDown><Sentiment>Buy</Sentiment></Message><Message type="ReplyMessage"><Id>1343350163925-20</Id><Topic><Title>when does google split?</Title><Username>mapleleaf27</Username><Timestamp>1343348522098</Timestamp><DateTime>Thu, 2012-07-26 20:22:02 EDT</DateTime></Topic><Msg>Can't post the link - new format. Do a google search to confirm it will be some undetermined yet date in October because of lawsuitsl</Msg><Username>joetong419</Username><Timestamp>1343350163925</Timestamp><DateTime>Thu, 2012-07-26 20:49:23 EDT</DateTime><ThumbUp>0</ThumbUp><ThumbDown>0</ThumbDown><Sentiment/></Message><Message type="ReplyMessage"><Id>1343351926344-21</Id><Topic><Title>620+</Title><Username>A Yahoo! User</Username><Timestamp>1343328590091</Timestamp><DateTime>Thu, 2012-07-26 14:49:50 EDT</DateTime></Topic><Msg>700-800 is on target once Google Fiber is installed for operation.</Msg><Username>after8before12</Username><Timestamp>1343351926344</Timestamp><DateTime>Thu, 2012-07-26 21:18:46 EDT</DateTime><ThumbUp>0</ThumbUp><ThumbDown>0</ThumbDown><Sentiment/></Message><Message type="TopicMessage"><Id>1343354463533-22</Id><Title>Google's first earnings report</Title><Msg>Does anybody have a link to Google's first earnings report as a public company, and how the market reacted at the time?</Msg><Username>a_rusty_spanner</Username><Timestamp>1343354463533</Timestamp><DateTime>Thu, 2012-07-26 22:01:03 EDT</DateTime><ThumbUp>0</ThumbUp><ThumbDown>0</ThumbDown><Sentiment/></Message></Date>