<?xml version="1.0" encoding="UTF-8" standalone="no"?><Date date="2012-12-28"><Message type="TopicMessage"><Id>1356672345126-1</Id><Title>How are those Android profits working out for Google?</Title><Msg>Any yet?</Msg><Username>dogeater20088</Username><Timestamp>1356672345126</Timestamp><DateTime>Fri, 2012-12-28 00:25:45 EST</DateTime><ThumbUp>0</ThumbUp><ThumbDown>0</ThumbDown><Sentiment/></Message><Message type="TopicMessage"><Id>1356691614912-2</Id><Title>Not worth Developing Apps for ANDROID PHONES</Title><Msg>Because most users are lower income in third world countries, who don't have money to buy Apps or are too cheap to buy Apps. Even in USA, most Android phone users (such as myself) never paid much or any money down payment to get the Android phone. So why would we ever use an App. we must pay for?</Msg><Username>aiwal1</Username><Timestamp>1356691614912</Timestamp><DateTime>Fri, 2012-12-28 05:46:54 EST</DateTime><ThumbUp>0</ThumbUp><ThumbDown>0</ThumbDown><Sentiment/></Message><Message type="TopicMessage"><Id>1356697410052-3</Id><Title>GOOG value could probably retract! Review why!</Title><Msg>Has any individual taken a look at the articles being presented? Incredible information that will help any investor or trader. Link:- xtolnews . biz/GOOG</Msg><Username>jameseric933</Username><Timestamp>1356697410052</Timestamp><DateTime>Fri, 2012-12-28 07:23:30 EST</DateTime><ThumbUp>20</ThumbUp><ThumbDown>2</ThumbDown><Sentiment/></Message><Message type="ReplyMessage"><Id>1356700758126-4</Id><Topic><Title>Tudor Investment Corporation's Top 15 Buys</Title><Username>clareschertzvarubpjr757</Username><Timestamp>1306593971000</Timestamp><DateTime>Sat, 2011-05-28 10:46:11 EDT</DateTime></Topic><Msg>Thank you for sharing.</Msg><Username>evangelinesara786</Username><Timestamp>1356700758126</Timestamp><DateTime>Fri, 2012-12-28 08:19:18 EST</DateTime><ThumbUp>0</ThumbUp><ThumbDown>0</ThumbDown><Sentiment/></Message><Message type="ReplyMessage"><Id>1356700991696-5</Id><Topic><Title>Google’s BeatThatQuote Acquisition Cleared by U.K. Regulator</Title><Username>gaysartwellzqkmry8528</Username><Timestamp>1309539594000</Timestamp><DateTime>Fri, 2011-07-01 12:59:54 EDT</DateTime></Topic><Msg>I subscribed. thxs.</Msg><Username>evangelinesara786</Username><Timestamp>1356700991696</Timestamp><DateTime>Fri, 2012-12-28 08:23:11 EST</DateTime><ThumbUp>0</ThumbUp><ThumbDown>0</ThumbDown><Sentiment/></Message><Message type="TopicMessage"><Id>1356703950498-6</Id><Title>: PBCW GOING TO BE TODAYS NUMBER 1 GAINER</Title><Msg>Dont miss this one pbcw going to be todays number 1 gainer</Msg><Username>stockexpertpro</Username><Timestamp>1356703950498</Timestamp><DateTime>Fri, 2012-12-28 09:12:30 EST</DateTime><ThumbUp>0</ThumbUp><ThumbDown>0</ThumbDown><Sentiment>Strong Buy</Sentiment></Message><Message type="TopicMessage"><Id>1356704209232-7</Id><Title>HEDGE FUNDS manipulating VXX VIX to spread fear</Title><Msg>just another tool to scare small investors</Msg><Username>jgiled</Username><Timestamp>1356704209232</Timestamp><DateTime>Fri, 2012-12-28 09:16:49 EST</DateTime><ThumbUp>0</ThumbUp><ThumbDown>1</ThumbDown><Sentiment/></Message><Message type="ReplyMessage"><Id>1356704802499-8</Id><Topic><Title>GOOG value could probably retract! Review why!</Title><Username>jameseric933</Username><Timestamp>1356697410052</Timestamp><DateTime>Fri, 2012-12-28 07:23:30 EST</DateTime></Topic><Msg>thats for sure</Msg><Username>bartling.arthur</Username><Timestamp>1356704802499</Timestamp><DateTime>Fri, 2012-12-28 09:26:42 EST</DateTime><ThumbUp>1</ThumbUp><ThumbDown>0</ThumbDown><Sentiment/></Message><Message type="ReplyMessage"><Id>1356706852253-9</Id><Topic><Title>GOOG value could probably retract! Review why!</Title><Username>jameseric933</Username><Timestamp>1356697410052</Timestamp><DateTime>Fri, 2012-12-28 07:23:30 EST</DateTime></Topic><Msg>only way is up</Msg><Username>erickelley14</Username><Timestamp>1356706852253</Timestamp><DateTime>Fri, 2012-12-28 10:00:52 EST</DateTime><ThumbUp>0</ThumbUp><ThumbDown>0</ThumbDown><Sentiment/></Message><Message type="TopicMessage"><Id>1356707659533-10</Id><Title>GTIM and BOSC look low float</Title><Msg>GTIM bid what's up with that? BOSC hit rock bottom no float left major run coming</Msg><Username>rivalmoney</Username><Timestamp>1356707659533</Timestamp><DateTime>Fri, 2012-12-28 10:14:19 EST</DateTime><ThumbUp>0</ThumbUp><ThumbDown>0</ThumbDown><Sentiment/></Message><Message type="TopicMessage"><Id>1356708080939-11</Id><Title>BOSC low float entry day</Title><Msg>Downside is over grab some huge profits to be made fast</Msg><Username>rivalmoney</Username><Timestamp>1356708080939</Timestamp><DateTime>Fri, 2012-12-28 10:21:20 EST</DateTime><ThumbUp>0</ThumbUp><ThumbDown>0</ThumbDown><Sentiment/></Message><Message type="TopicMessage"><Id>1356708486001-12</Id><Title>BING is Better</Title><Msg>Try searching for bargain on Google and then compare it to Bing. Google now features items where the sellers are paying and you don't necessarily see the "BEST" deals. I see this consistently. So, I have started using Bing to search for deals on items I want to buy. Sorry Google, you loose.</Msg><Username>nuthead48</Username><Timestamp>1356708486001</Timestamp><DateTime>Fri, 2012-12-28 10:28:06 EST</DateTime><ThumbUp>0</ThumbUp><ThumbDown>0</ThumbDown><Sentiment>Sell</Sentiment></Message><Message type="TopicMessage"><Id>1356710309772-13</Id><Title>chart looks great here, going long</Title><Msg>new HI in next month IMO</Msg><Username>cwtripps</Username><Timestamp>1356710309772</Timestamp><DateTime>Fri, 2012-12-28 10:58:29 EST</DateTime><ThumbUp>0</ThumbUp><ThumbDown>1</ThumbDown><Sentiment/></Message><Message type="TopicMessage"><Id>1356712948908-14</Id><Title>Congress lower than used car salesman</Title><Msg>How dare they do this!!</Msg><Username>a33stacybb</Username><Timestamp>1356712948908</Timestamp><DateTime>Fri, 2012-12-28 11:42:28 EST</DateTime><ThumbUp>0</ThumbUp><ThumbDown>0</ThumbDown><Sentiment/></Message><Message type="ReplyMessage"><Id>1356714065163-15</Id><Topic><Title>GOOG value could probably retract! Review why!</Title><Username>jameseric933</Username><Timestamp>1356697410052</Timestamp><DateTime>Fri, 2012-12-28 07:23:30 EST</DateTime></Topic><Msg>When can I expect their next alert?</Msg><Username>blackjames175</Username><Timestamp>1356714065163</Timestamp><DateTime>Fri, 2012-12-28 12:01:05 EST</DateTime><ThumbUp>3</ThumbUp><ThumbDown>0</ThumbDown><Sentiment/></Message><Message type="ReplyMessage"><Id>1356716222018-16</Id><Topic><Title>Congress lower than used car salesman</Title><Username>a33stacybb</Username><Timestamp>1356712948908</Timestamp><DateTime>Fri, 2012-12-28 11:42:28 EST</DateTime></Topic><Msg>Divided congress always polls extremely low. GOP hates it because of the senate. Dims hate it because of the house.</Msg><Username>xraythrives</Username><Timestamp>1356716222018</Timestamp><DateTime>Fri, 2012-12-28 12:37:02 EST</DateTime><ThumbUp>0</ThumbUp><ThumbDown>0</ThumbDown><Sentiment/></Message><Message type="TopicMessage"><Id>1356717753644-17</Id><Title>time to buy......LDK</Title><Msg>STRONG BUY</Msg><Username>jimlala94</Username><Timestamp>1356717753644</Timestamp><DateTime>Fri, 2012-12-28 13:02:33 EST</DateTime><ThumbUp>0</ThumbUp><ThumbDown>0</ThumbDown><Sentiment/></Message><Message type="ReplyMessage"><Id>1356717980380-18</Id><Topic><Title>time to buy......LDK</Title><Username>jimlala94</Username><Timestamp>1356717753644</Timestamp><DateTime>Fri, 2012-12-28 13:02:33 EST</DateTime></Topic><Msg>I would watch CSTR and NFLX I think the race will start soon</Msg><Username>jgiled</Username><Timestamp>1356717980380</Timestamp><DateTime>Fri, 2012-12-28 13:06:20 EST</DateTime><ThumbUp>0</ThumbUp><ThumbDown>1</ThumbDown><Sentiment/></Message><Message type="ReplyMessage"><Id>1356718896099-19</Id><Topic><Title>WHO ARE THE IDIOTS BUYING A 700+ Stock ????</Title><Username>basicknowledge</Username><Timestamp>1355772753723</Timestamp><DateTime>Mon, 2012-12-17 14:32:33 EST</DateTime></Topic><Msg>Prepare to be disappointed!!!!</Msg><Username>mlg4044</Username><Timestamp>1356718896099</Timestamp><DateTime>Fri, 2012-12-28 13:21:36 EST</DateTime><ThumbUp>0</ThumbUp><ThumbDown>0</ThumbDown><Sentiment/></Message><Message type="TopicMessage"><Id>1356719126747-20</Id><Title>MLNX stock long strong bullish today</Title><Msg>long strong target 71$</Msg><Username>A Yahoo! User</Username><Timestamp>1356719126747</Timestamp><DateTime>Fri, 2012-12-28 13:25:26 EST</DateTime><ThumbUp>0</ThumbUp><ThumbDown>0</ThumbDown><Sentiment/></Message><Message type="ReplyMessage"><Id>1356719590243-21</Id><Topic><Title>Can Google deal with the taint of the implications?</Title><Username>spixleatedlifeform</Username><Timestamp>1261608391000</Timestamp><DateTime>Wed, 2009-12-23 17:46:31 EST</DateTime></Topic><Msg>Rumi: If you are irritated by every rub, how will you be polished? casp321 by casp321 . Dec 27, 2012 10:14 PM If you are irritated by every rub, how will you be polished? ~Rumi Why Google in less than three days, from December 10, 2012 to December 13, 2012, EMPTIED ON2 account in ON2 UK after being EXPOSED on scratch Yahoo GOOG/VRNG Board? casp321 $$$$$$$$$$$$$$$$$$$$$$$$$$$$$$$$$ Official Legal documents for ON2 TECHNOLOGIES (UK) LIMITED Legal Information Financial Year End: 30 Jun Capital:£1.00 on 13 Dec 2012 ??????????????? Official Legal documents for ON2 TECHNOLOGIES (UK) LIMITED Legal Information Capital:£30,079,102.71 on 5 Jan 2012 $$$$$$$$$$$$$$$$$$$$$$$$$$$$$$$$$</Msg><Username>casp321</Username><Timestamp>1356719590243</Timestamp><DateTime>Fri, 2012-12-28 13:33:10 EST</DateTime><ThumbUp>0</ThumbUp><ThumbDown>0</ThumbDown><Sentiment/></Message><Message type="TopicMessage"><Id>1356722177177-22</Id><Title>DOWN WE GOOOOOOOOOOOOOOOOOOOOOO!!!</Title><Msg>Get ready for the crash of a lifetime!!! Democrats are determined to destroy America! It is time we quit giving lazy good for nothing free loaders a ride. off the bus you black bstrds!!!</Msg><Username>nggrobama</Username><Timestamp>1356722177177</Timestamp><DateTime>Fri, 2012-12-28 14:16:17 EST</DateTime><ThumbUp>0</ThumbUp><ThumbDown>0</ThumbDown><Sentiment/></Message><Message type="ReplyMessage"><Id>1356722246915-23</Id><Topic><Title>13 Indicator GOOG Research Report</Title><Username>alberto_gray</Username><Timestamp>1356722150467</Timestamp><DateTime>Fri, 2012-12-28 14:15:50 EST</DateTime></Topic><Msg>Virus web sight!!! Trojan loads on your puter!!! Avoid this sight!!!</Msg><Username>nggrobama</Username><Timestamp>1356722246915</Timestamp><DateTime>Fri, 2012-12-28 14:17:26 EST</DateTime><ThumbUp>0</ThumbUp><ThumbDown>0</ThumbDown><Sentiment/></Message><Message type="TopicMessage"><Id>1356722307119-24</Id><Title>WHAT THE F IS WRONG WITH GOOGLE'S EM ??SERVICE?? NOW?? GOOGLE AKA OVERPRICED YAHOO</Title><Msg>ppppppppppppppppppppppppppppppppppppppppppppppppppppppppppppppppppppppppppppppppppOOOOOOOOOOOOOOOOOOOOOOOOOOOOOOOOOOOOOOOOOOOOOOOOOOOOOOOOOOO ssssssssssssssssssssssssssssssssssssssssssssssssssssssssssssssssssssssssssssssssssssssssssss</Msg><Username>truth_is_the_mother_of_hatred</Username><Timestamp>1356722307119</Timestamp><DateTime>Fri, 2012-12-28 14:18:27 EST</DateTime><ThumbUp>1</ThumbUp><ThumbDown>0</ThumbDown><Sentiment>Strong Sell</Sentiment></Message><Message type="ReplyMessage"><Id>1356722321901-25</Id><Topic><Title>GOOG value could probably retract! Review why!</Title><Username>jameseric933</Username><Timestamp>1356697410052</Timestamp><DateTime>Fri, 2012-12-28 07:23:30 EST</DateTime></Topic><Msg>VIRUS TROJAN SPAM SIGHGT!!!!</Msg><Username>nggrobama</Username><Timestamp>1356722321901</Timestamp><DateTime>Fri, 2012-12-28 14:18:41 EST</DateTime><ThumbUp>0</ThumbUp><ThumbDown>0</ThumbDown><Sentiment/></Message><Message type="ReplyMessage"><Id>1356722348113-26</Id><Topic><Title>GOOG value could probably retract! Review why!</Title><Username>jameseric933</Username><Timestamp>1356697410052</Timestamp><DateTime>Fri, 2012-12-28 07:23:30 EST</DateTime></Topic><Msg>TROJAN SIGHT AVOID!!!</Msg><Username>nggrobama</Username><Timestamp>1356722348113</Timestamp><DateTime>Fri, 2012-12-28 14:19:08 EST</DateTime><ThumbUp>0</ThumbUp><ThumbDown>0</ThumbDown><Sentiment/></Message><Message type="ReplyMessage"><Id>1356722497779-27</Id><Topic><Title>WHO ARE THE IDIOTS BUYING A 700+ Stock ????</Title><Username>basicknowledge</Username><Timestamp>1355772753723</Timestamp><DateTime>Mon, 2012-12-17 14:32:33 EST</DateTime></Topic><Msg>Tax selling gonna get them!!! Not to mention the triple top that just formed!!!</Msg><Username>nggrobama</Username><Timestamp>1356722497779</Timestamp><DateTime>Fri, 2012-12-28 14:21:37 EST</DateTime><ThumbUp>0</ThumbUp><ThumbDown>0</ThumbDown><Sentiment/></Message><Message type="TopicMessage"><Id>1356722590118-28</Id><Title>Triple top officially IN... DOWN FROM HERE!!!</Title><Msg>It matters not what that monkey some fools call a president does! This stock going down from here!!!</Msg><Username>nggrobama</Username><Timestamp>1356722590118</Timestamp><DateTime>Fri, 2012-12-28 14:23:10 EST</DateTime><ThumbUp>0</ThumbUp><ThumbDown>0</ThumbDown><Sentiment/></Message><Message type="ReplyMessage"><Id>1356722668260-29</Id><Topic><Title>Congress lower than used car salesman</Title><Username>a33stacybb</Username><Timestamp>1356712948908</Timestamp><DateTime>Fri, 2012-12-28 11:42:28 EST</DateTime></Topic><Msg>Harry is the problem!!! He is a socialist and he is busy drinking obamalaid!!!</Msg><Username>nggrobama</Username><Timestamp>1356722668260</Timestamp><DateTime>Fri, 2012-12-28 14:24:28 EST</DateTime><ThumbUp>0</ThumbUp><ThumbDown>0</ThumbDown><Sentiment/></Message><Message type="TopicMessage"><Id>1356722726576-30</Id><Title>Mark my post!!! Close below 690 today!!!</Title><Msg>Buy the heck out of the 700 weekly puts!!!</Msg><Username>nggrobama</Username><Timestamp>1356722726576</Timestamp><DateTime>Fri, 2012-12-28 14:25:26 EST</DateTime><ThumbUp>0</ThumbUp><ThumbDown>1</ThumbDown><Sentiment/></Message><Message type="TopicMessage"><Id>1356723036955-31</Id><Title>MY BIG #$%$ IS SO HARD!!!!</Title><Msg>I can't wait till the eod sell off!!! I will be plugging me some longs in their big ole nasty booty's!!!</Msg><Username>nggrobama</Username><Timestamp>1356723036955</Timestamp><DateTime>Fri, 2012-12-28 14:30:36 EST</DateTime><ThumbUp>0</ThumbUp><ThumbDown>0</ThumbDown><Sentiment/></Message><Message type="ReplyMessage"><Id>1356723301716-32</Id><Topic><Title>chart looks great here, going long</Title><Username>cwtripps</Username><Timestamp>1356710309772</Timestamp><DateTime>Fri, 2012-12-28 10:58:29 EST</DateTime></Topic><Msg>How can you show your face around here??? After all the bad calls you have made??? You are the single dumbest day trader on yahoo!!!</Msg><Username>nggrobama</Username><Timestamp>1356723301716</Timestamp><DateTime>Fri, 2012-12-28 14:35:01 EST</DateTime><ThumbUp>0</ThumbUp><ThumbDown>1</ThumbDown><Sentiment/></Message><Message type="TopicMessage"><Id>1356723398410-33</Id><Title>CWTRIPPS IS ONE DUMB SOB!!!</Title><Msg>For real!!! This clown never calls it right! I have gotten rich going to the oposite side of the tards calls!!!</Msg><Username>nggrobama</Username><Timestamp>1356723398410</Timestamp><DateTime>Fri, 2012-12-28 14:36:38 EST</DateTime><ThumbUp>0</ThumbUp><ThumbDown>0</ThumbDown><Sentiment/></Message><Message type="TopicMessage"><Id>1356723449510-34</Id><Title>DOWN SHE GOES!!! JUST AS I SAID!!!</Title><Msg>LISTEN TO ME AND GET RICH!!!!</Msg><Username>nggrobama</Username><Timestamp>1356723449510</Timestamp><DateTime>Fri, 2012-12-28 14:37:29 EST</DateTime><ThumbUp>0</ThumbUp><ThumbDown>0</ThumbDown><Sentiment/></Message><Message type="TopicMessage"><Id>1356723964952-35</Id><Title>FBN FBN FBN</Title><Msg>ITS going up but looks like dog ...must be leak</Msg><Username>mastercarpenter39</Username><Timestamp>1356723964952</Timestamp><DateTime>Fri, 2012-12-28 14:46:04 EST</DateTime><ThumbUp>0</ThumbUp><ThumbDown>0</ThumbDown><Sentiment/></Message><Message type="ReplyMessage"><Id>1356724134722-36</Id><Topic><Title>chart looks great here, going long</Title><Username>cwtripps</Username><Timestamp>1356710309772</Timestamp><DateTime>Fri, 2012-12-28 10:58:29 EST</DateTime></Topic><Msg>u mean like shorting AMAZON at 261?</Msg><Username>cwtripps</Username><Timestamp>1356724134722</Timestamp><DateTime>Fri, 2012-12-28 14:48:54 EST</DateTime><ThumbUp>1</ThumbUp><ThumbDown>0</ThumbDown><Sentiment/></Message><Message type="ReplyMessage"><Id>1356724293608-37</Id><Topic><Title>WHO ARE THE IDIOTS BUYING A 700+ Stock ????</Title><Username>basicknowledge</Username><Timestamp>1355772753723</Timestamp><DateTime>Mon, 2012-12-17 14:32:33 EST</DateTime></Topic><Msg>I wish I had enough money that I can tie up to buy an $700 stock. Buying 10 shares will cost you $7 Grand for what? What kind of money can you make with that? If you are able to tie up that kind of money, good for you.</Msg><Username>bananas500</Username><Timestamp>1356724293608</Timestamp><DateTime>Fri, 2012-12-28 14:51:33 EST</DateTime><ThumbUp>0</ThumbUp><ThumbDown>0</ThumbDown><Sentiment/></Message><Message type="TopicMessage"><Id>1356726689598-38</Id><Title>Search engine play-MIMV about to explode again on deal with MSFT 0.35 0.04(14.05%) 2:42PM</Title><Msg>off topic, but since a search engine play, worth a look....Their deal with MSFT keeps getting bigger...</Msg><Username>nostocksnoglory1001</Username><Timestamp>1356726689598</Timestamp><DateTime>Fri, 2012-12-28 15:31:29 EST</DateTime><ThumbUp>0</ThumbUp><ThumbDown>1</ThumbDown><Sentiment/></Message><Message type="ReplyMessage"><Id>1356729326442-39</Id><Topic><Title>DOWN SHE GOES!!! JUST AS I SAID!!!</Title><Username>nggrobama</Username><Timestamp>1356723449510</Timestamp><DateTime>Fri, 2012-12-28 14:37:29 EST</DateTime></Topic><Msg>STICK IT LONGS!!!</Msg><Username>nggrobama</Username><Timestamp>1356729326442</Timestamp><DateTime>Fri, 2012-12-28 16:15:26 EST</DateTime><ThumbUp>0</ThumbUp><ThumbDown>0</ThumbDown><Sentiment/></Message><Message type="ReplyMessage"><Id>1356729485019-40</Id><Topic><Title>chart looks great here, going long</Title><Username>cwtripps</Username><Timestamp>1356710309772</Timestamp><DateTime>Fri, 2012-12-28 10:58:29 EST</DateTime></Topic><Msg>If you made that play, well good on you! Congrats!</Msg><Username>nggrobama</Username><Timestamp>1356729485019</Timestamp><DateTime>Fri, 2012-12-28 16:18:05 EST</DateTime><ThumbUp>0</ThumbUp><ThumbDown>0</ThumbDown><Sentiment/></Message><Message type="ReplyMessage"><Id>1356729543384-41</Id><Topic><Title>Triple top officially IN... DOWN FROM HERE!!!</Title><Username>nggrobama</Username><Timestamp>1356722590118</Timestamp><DateTime>Fri, 2012-12-28 14:23:10 EST</DateTime></Topic><Msg>YEP!!!</Msg><Username>nggrobama</Username><Timestamp>1356729543384</Timestamp><DateTime>Fri, 2012-12-28 16:19:03 EST</DateTime><ThumbUp>0</ThumbUp><ThumbDown>0</ThumbDown><Sentiment/></Message><Message type="TopicMessage"><Id>1356729638624-42</Id><Title>CHAIRMAN UNLOADS ON YOU AT 704!!! 47K shares!!! OMG!!!</Title><Msg>I SUPPOSE HE EXPECTS THE STOCK TO GO HIGHER!!!</Msg><Username>nggrobama</Username><Timestamp>1356729638624</Timestamp><DateTime>Fri, 2012-12-28 16:20:38 EST</DateTime><ThumbUp>0</ThumbUp><ThumbDown>0</ThumbDown><Sentiment/></Message><Message type="TopicMessage"><Id>1356729764239-43</Id><Title>obama ruins America!!! His dream comes true!!!</Title><Msg>He will now propose a socialist society!</Msg><Username>nggrobama</Username><Timestamp>1356729764239</Timestamp><DateTime>Fri, 2012-12-28 16:22:44 EST</DateTime><ThumbUp>0</ThumbUp><ThumbDown>0</ThumbDown><Sentiment/></Message><Message type="TopicMessage"><Id>1356729840015-44</Id><Title>gop noquist wants to tie cliff together with debt ceiling</Title><Msg>gop noquist wants to tie cliff together with debt ceiling. my god, that is gop plan to screw main n wall street.</Msg><Username>pupu0495</Username><Timestamp>1356729840015</Timestamp><DateTime>Fri, 2012-12-28 16:24:00 EST</DateTime><ThumbUp>0</ThumbUp><ThumbDown>1</ThumbDown><Sentiment>Strong Sell</Sentiment></Message><Message type="ReplyMessage"><Id>1356729960239-45</Id><Topic><Title>gop noquist wants to tie cliff together with debt ceiling</Title><Username>pupu0495</Username><Timestamp>1356729840015</Timestamp><DateTime>Fri, 2012-12-28 16:24:00 EST</DateTime></Topic><Msg>You are truly ignorant!!! obama is the reason the country is ruined. He is a chimp!!!</Msg><Username>nggrobama</Username><Timestamp>1356729960239</Timestamp><DateTime>Fri, 2012-12-28 16:26:00 EST</DateTime><ThumbUp>0</ThumbUp><ThumbDown>1</ThumbDown><Sentiment/></Message><Message type="TopicMessage"><Id>1356730276770-46</Id><Title>IMPEACH OBAMA!!! THAT LYING CHIMP JUST RUINED THE ECONOMY!!!</Title><Msg>His dream is to make everyone poor so the lazy free cheese crowd feels good about being chimps!!!</Msg><Username>nggrobama</Username><Timestamp>1356730276770</Timestamp><DateTime>Fri, 2012-12-28 16:31:16 EST</DateTime><ThumbUp>0</ThumbUp><ThumbDown>1</ThumbDown><Sentiment/></Message><Message type="TopicMessage"><Id>1356730345181-47</Id><Title>MASSIVE SELL OFF IN AFTER HOURS!!! MY GAWD!!!</Title><Msg>THE CARNAGE ON MONDAY WILL BE MASSIVE!!!</Msg><Username>nggrobama</Username><Timestamp>1356730345181</Timestamp><DateTime>Fri, 2012-12-28 16:32:25 EST</DateTime><ThumbUp>2</ThumbUp><ThumbDown>1</ThumbDown><Sentiment/></Message><Message type="TopicMessage"><Id>1356730375903-48</Id><Title>Another 4 years of the same</Title><Msg>boy, there sure are a lot of newly graduated BS, PhDs and MAs that have nowhere to go. Pile them on top of the ones from last 4 years, and that's a lot of unemployed college grads hoping to get a job at McDonalds, except the illegal aliens get the jobs first</Msg><Username>counter_insurgency_buff</Username><Timestamp>1356730375903</Timestamp><DateTime>Fri, 2012-12-28 16:32:55 EST</DateTime><ThumbUp>2</ThumbUp><ThumbDown>1</ThumbDown><Sentiment/></Message><Message type="ReplyMessage"><Id>1356730549381-49</Id><Topic><Title>Another 4 years of the same</Title><Username>counter_insurgency_buff</Username><Timestamp>1356730375903</Timestamp><DateTime>Fri, 2012-12-28 16:32:55 EST</DateTime></Topic><Msg>Obama has done a great job of ruining the country! he cant blame anyone but himself now! He did it on purpose!</Msg><Username>nggrobama</Username><Timestamp>1356730549381</Timestamp><DateTime>Fri, 2012-12-28 16:35:49 EST</DateTime><ThumbUp>0</ThumbUp><ThumbDown>1</ThumbDown><Sentiment/></Message><Message type="ReplyMessage"><Id>1356732678803-50</Id><Topic><Title>Another 4 years of the same</Title><Username>counter_insurgency_buff</Username><Timestamp>1356730375903</Timestamp><DateTime>Fri, 2012-12-28 16:32:55 EST</DateTime></Topic><Msg>Yes....biggest ego...sad....our country voted for him....blindly..</Msg><Username>cybercash28</Username><Timestamp>1356732678803</Timestamp><DateTime>Fri, 2012-12-28 17:11:18 EST</DateTime><ThumbUp>0</ThumbUp><ThumbDown>1</ThumbDown><Sentiment/></Message><Message type="ReplyMessage"><Id>1356733479416-51</Id><Topic><Title>Another 4 years of the same</Title><Username>counter_insurgency_buff</Username><Timestamp>1356730375903</Timestamp><DateTime>Fri, 2012-12-28 16:32:55 EST</DateTime></Topic><Msg>An average leader, not even a good leader would never blame anyone. He has zero management, leadership skills or truing...so sad.</Msg><Username>cybercash28</Username><Timestamp>1356733479416</Timestamp><DateTime>Fri, 2012-12-28 17:24:39 EST</DateTime><ThumbUp>0</ThumbUp><ThumbDown>1</ThumbDown><Sentiment/></Message><Message type="ReplyMessage"><Id>1356757160218-52</Id><Topic><Title>Another 4 years of the same</Title><Username>counter_insurgency_buff</Username><Timestamp>1356730375903</Timestamp><DateTime>Fri, 2012-12-28 16:32:55 EST</DateTime></Topic><Msg>But he has excellent language skill and makes good speeches.</Msg><Username>blust34442</Username><Timestamp>1356757160218</Timestamp><DateTime>Fri, 2012-12-28 23:59:20 EST</DateTime><ThumbUp>0</ThumbUp><ThumbDown>0</ThumbDown><Sentiment/></Message></Date>