<?xml version="1.0" encoding="UTF-8" standalone="no"?><Date date="2012-11-16"><Message type="TopicMessage"><Id>1353050755869-1</Id><Title>Cash out now!</Title><Msg>Good advice.</Msg><Username>daxwang</Username><Timestamp>1353050755869</Timestamp><DateTime>Fri, 2012-11-16 02:25:55 EST</DateTime><ThumbUp>1</ThumbUp><ThumbDown>0</ThumbDown><Sentiment>Strong Sell</Sentiment></Message><Message type="ReplyMessage"><Id>1353062827665-2</Id><Topic><Title>Why is this pig only down 8?</Title><Username>ghetto_trash</Username><Timestamp>1352926449804</Timestamp><DateTime>Wed, 2012-11-14 15:54:09 EST</DateTime></Topic><Msg>You are dreaming. How can massive long term news possibly be in the stock when the stock is 100 points above the July price? Which was the price BEFORE the MASSIVE bad news.</Msg><Username>obamasuxcockwithnegrolips</Username><Timestamp>1353062827665</Timestamp><DateTime>Fri, 2012-11-16 05:47:07 EST</DateTime><ThumbUp>0</ThumbUp><ThumbDown>2</ThumbDown><Sentiment/></Message><Message type="ReplyMessage"><Id>1353065348261-3</Id><Topic><Title>Why is this pig only down 8?</Title><Username>ghetto_trash</Username><Timestamp>1352926449804</Timestamp><DateTime>Wed, 2012-11-14 15:54:09 EST</DateTime></Topic><Msg>Why do you thrash around like a worm on a fish hook??</Msg><Username>obamasuxcockwithnegrolips</Username><Timestamp>1353065348261</Timestamp><DateTime>Fri, 2012-11-16 06:29:08 EST</DateTime><ThumbUp>0</ThumbUp><ThumbDown>2</ThumbDown><Sentiment/></Message><Message type="TopicMessage"><Id>1353065721802-4</Id><Title>Guess the low of the day!!,</Title><Msg>I am betting we see 625 today.</Msg><Username>obamasuxcockwithnegrolips</Username><Timestamp>1353065721802</Timestamp><DateTime>Fri, 2012-11-16 06:35:21 EST</DateTime><ThumbUp>0</ThumbUp><ThumbDown>2</ThumbDown><Sentiment/></Message><Message type="ReplyMessage"><Id>1353065845180-5</Id><Topic><Title>Why is this pig only down 8?</Title><Username>ghetto_trash</Username><Timestamp>1352926449804</Timestamp><DateTime>Wed, 2012-11-14 15:54:09 EST</DateTime></Topic><Msg>because he is essentially a thrash. and a short thrash while he is thrashing. Basically their attitude is "as long as I make money others can go to he_ll. namely the maas and the papas saving a little bit at a time for the future of their middle class or lower middle class families. I don't care a dam_n as long as I am comfortable and rich and can buy "THINGS" . That is their attitude.</Msg><Username>karm_joshi</Username><Timestamp>1353065845180</Timestamp><DateTime>Fri, 2012-11-16 06:37:25 EST</DateTime><ThumbUp>0</ThumbUp><ThumbDown>4</ThumbDown><Sentiment>Strong Buy</Sentiment></Message><Message type="TopicMessage"><Id>1353070765238-6</Id><Title>Does dec 21 mean anything to you? the world will end on that date that why everyone selling now</Title><Msg>everyone know that there will be no stock market after dec. 21 that why everyone been selling stocks</Msg><Username>raystock48079</Username><Timestamp>1353070765238</Timestamp><DateTime>Fri, 2012-11-16 07:59:25 EST</DateTime><ThumbUp>0</ThumbUp><ThumbDown>1</ThumbDown><Sentiment/></Message><Message type="TopicMessage"><Id>1353073224638-7</Id><Title>Google shows evil side, insisting I upgrade to CHROME as gmail browser. NO SCROLLING permitted.</Title><Msg>Google shows its evil side, insisting I upgrade to CHROME as the gmail browser. "NO SCROLLING" now permitted in my gmail.</Msg><Username>tankcircuitnoise</Username><Timestamp>1353073224638</Timestamp><DateTime>Fri, 2012-11-16 08:40:24 EST</DateTime><ThumbUp>0</ThumbUp><ThumbDown>1</ThumbDown><Sentiment/></Message><Message type="TopicMessage"><Id>1353074562074-8</Id><Title>RCON for a quick double....</Title><Msg>just like its chinese twin sister CALI</Msg><Username>jimfromsavannah</Username><Timestamp>1353074562074</Timestamp><DateTime>Fri, 2012-11-16 09:02:42 EST</DateTime><ThumbUp>0</ThumbUp><ThumbDown>0</ThumbDown><Sentiment/></Message><Message type="ReplyMessage"><Id>1353077641712-9</Id><Topic><Title>@@@ GOOG Featured on SQUAWK BOX @@@</Title><Username>neckanderson</Username><Timestamp>1350579474131</Timestamp><DateTime>Thu, 2012-10-18 12:57:54 EDT</DateTime></Topic><Msg>Thanks for sharing this report</Msg><Username>johnnyalbert899</Username><Timestamp>1353077641712</Timestamp><DateTime>Fri, 2012-11-16 09:54:01 EST</DateTime><ThumbUp>0</ThumbUp><ThumbDown>0</ThumbDown><Sentiment/></Message><Message type="TopicMessage"><Id>1353078529968-10</Id><Title>Great upside potential at 200 MA</Title><Msg>I assume most of you are fundamentalists, but right now is a high probability long trade right at the 200 MA. If it drops much below 637, all bets are off. Otherwise this looks good.</Msg><Username>iuaccount123</Username><Timestamp>1353078529968</Timestamp><DateTime>Fri, 2012-11-16 10:08:49 EST</DateTime><ThumbUp>0</ThumbUp><ThumbDown>0</ThumbDown><Sentiment>Strong Buy</Sentiment></Message><Message type="ReplyMessage"><Id>1353078846215-11</Id><Topic><Title>Great upside potential at 200 MA</Title><Username>iuaccount123</Username><Timestamp>1353078529968</Timestamp><DateTime>Fri, 2012-11-16 10:08:49 EST</DateTime></Topic><Msg>Possible short squeeze temporarily below the 200 MA (as often is the case).</Msg><Username>iuaccount123</Username><Timestamp>1353078846215</Timestamp><DateTime>Fri, 2012-11-16 10:14:06 EST</DateTime><ThumbUp>0</ThumbUp><ThumbDown>0</ThumbDown><Sentiment/></Message><Message type="ReplyMessage"><Id>1353079004477-12</Id><Topic><Title>Great upside potential at 200 MA</Title><Username>iuaccount123</Username><Timestamp>1353078529968</Timestamp><DateTime>Fri, 2012-11-16 10:08:49 EST</DateTime></Topic><Msg>Yep, I hung in there for that shot below the 200. Another time and I'll start worrying. Otherwise still long, probably for at least a swing, if not a position.</Msg><Username>iuaccount123</Username><Timestamp>1353079004477</Timestamp><DateTime>Fri, 2012-11-16 10:16:44 EST</DateTime><ThumbUp>0</ThumbUp><ThumbDown>0</ThumbDown><Sentiment>Strong Buy</Sentiment></Message><Message type="ReplyMessage"><Id>1353079031998-13</Id><Topic><Title>Great upside potential at 200 MA</Title><Username>iuaccount123</Username><Timestamp>1353078529968</Timestamp><DateTime>Fri, 2012-11-16 10:08:49 EST</DateTime></Topic><Msg>That's called technical analysis, folks. Read up.</Msg><Username>iuaccount123</Username><Timestamp>1353079031998</Timestamp><DateTime>Fri, 2012-11-16 10:17:11 EST</DateTime><ThumbUp>0</ThumbUp><ThumbDown>0</ThumbDown><Sentiment/></Message><Message type="TopicMessage"><Id>1353079329175-14</Id><Title>Please don't panic, little barry and his business acumen</Title><Msg>will provide an even better 4 years for all of us.</Msg><Username>richardswiss99</Username><Timestamp>1353079329175</Timestamp><DateTime>Fri, 2012-11-16 10:22:09 EST</DateTime><ThumbUp>0</ThumbUp><ThumbDown>1</ThumbDown><Sentiment/></Message><Message type="ReplyMessage"><Id>1353080304413-15</Id><Topic><Title>Great upside potential at 200 MA</Title><Username>iuaccount123</Username><Timestamp>1353078529968</Timestamp><DateTime>Fri, 2012-11-16 10:08:49 EST</DateTime></Topic><Msg>Yep, looks like it was just that. Moving up nicely now; bounce off the 200 MA. Surprise? Only for fundamentalists.</Msg><Username>iuaccount123</Username><Timestamp>1353080304413</Timestamp><DateTime>Fri, 2012-11-16 10:38:24 EST</DateTime><ThumbUp>0</ThumbUp><ThumbDown>0</ThumbDown><Sentiment/></Message><Message type="TopicMessage"><Id>1353080370485-16</Id><Title>ALERT: GOOG HAS POSSIBLY HIT BOTTOM</Title><Msg>If it drops below 635, start worrying. Otherwise the 200 MA has saved the day.</Msg><Username>iuaccount123</Username><Timestamp>1353080370485</Timestamp><DateTime>Fri, 2012-11-16 10:39:30 EST</DateTime><ThumbUp>0</ThumbUp><ThumbDown>0</ThumbDown><Sentiment/></Message><Message type="ReplyMessage"><Id>1353080482818-17</Id><Topic><Title>ALERT: GOOG HAS POSSIBLY HIT BOTTOM</Title><Username>iuaccount123</Username><Timestamp>1353080370485</Timestamp><DateTime>Fri, 2012-11-16 10:39:30 EST</DateTime></Topic><Msg>Just banged its head against the falling 20 MA on the 5 minute chart. Predictable. If it goes and stays above 643 we're probably in good shape (depending, of course, on at least neutral overall market performance).</Msg><Username>iuaccount123</Username><Timestamp>1353080482818</Timestamp><DateTime>Fri, 2012-11-16 10:41:22 EST</DateTime><ThumbUp>0</ThumbUp><ThumbDown>0</ThumbDown><Sentiment/></Message><Message type="ReplyMessage"><Id>1353081152375-18</Id><Topic><Title>ALERT: GOOG HAS POSSIBLY HIT BOTTOM</Title><Username>iuaccount123</Username><Timestamp>1353080370485</Timestamp><DateTime>Fri, 2012-11-16 10:39:30 EST</DateTime></Topic><Msg>Has at least temporarily cleared the 20 MA on the 5 minute chart...but then dropped back...then up again...watch this level...</Msg><Username>iuaccount123</Username><Timestamp>1353081152375</Timestamp><DateTime>Fri, 2012-11-16 10:52:32 EST</DateTime><ThumbUp>0</ThumbUp><ThumbDown>0</ThumbDown><Sentiment/></Message><Message type="ReplyMessage"><Id>1353081245174-19</Id><Topic><Title>ALERT: GOOG HAS POSSIBLY HIT BOTTOM</Title><Username>iuaccount123</Username><Timestamp>1353080370485</Timestamp><DateTime>Fri, 2012-11-16 10:39:30 EST</DateTime></Topic><Msg>The volume doesn't look that great...yet...watch for a rise on heavy volume--that would be nice semi-confirmation (provided the market doesn't tank).</Msg><Username>iuaccount123</Username><Timestamp>1353081245174</Timestamp><DateTime>Fri, 2012-11-16 10:54:05 EST</DateTime><ThumbUp>0</ThumbUp><ThumbDown>0</ThumbDown><Sentiment/></Message><Message type="ReplyMessage"><Id>1353081412647-20</Id><Topic><Title>ALERT: GOOG HAS POSSIBLY HIT BOTTOM</Title><Username>iuaccount123</Username><Timestamp>1353080370485</Timestamp><DateTime>Fri, 2012-11-16 10:39:30 EST</DateTime></Topic><Msg>We're over the hump apparently. Keeping my position (638.55 a share) if we don't drop below 633.54 (my stop). Very high probability trade. Probably good for several days if the market cooperates (I know that's a big if!).</Msg><Username>iuaccount123</Username><Timestamp>1353081412647</Timestamp><DateTime>Fri, 2012-11-16 10:56:52 EST</DateTime><ThumbUp>0</ThumbUp><ThumbDown>0</ThumbDown><Sentiment/></Message><Message type="TopicMessage"><Id>1353083209207-21</Id><Title>GOOG should be up $20 today</Title><Msg>On AAPL news.</Msg><Username>cybercash28</Username><Timestamp>1353083209207</Timestamp><DateTime>Fri, 2012-11-16 11:26:49 EST</DateTime><ThumbUp>0</ThumbUp><ThumbDown>0</ThumbDown><Sentiment/></Message><Message type="TopicMessage"><Id>1353083854901-22</Id><Title>----CRAP CODE----</Title><Msg>All google products</Msg><Username>testpilot1003</Username><Timestamp>1353083854901</Timestamp><DateTime>Fri, 2012-11-16 11:37:34 EST</DateTime><ThumbUp>0</ThumbUp><ThumbDown>0</ThumbDown><Sentiment>Strong Sell</Sentiment></Message><Message type="ReplyMessage"><Id>1353084280262-23</Id><Topic><Title>Buy 770 weekly calls!</Title><Username>wingofeaglets17</Username><Timestamp>1349452204815</Timestamp><DateTime>Fri, 2012-10-05 11:50:04 EDT</DateTime></Topic><Msg>ZZZZZZZ</Msg><Username>i_bump_you4</Username><Timestamp>1353084280262</Timestamp><DateTime>Fri, 2012-11-16 11:44:40 EST</DateTime><ThumbUp>0</ThumbUp><ThumbDown>0</ThumbDown><Sentiment/></Message><Message type="TopicMessage"><Id>1353084892579-24</Id><Title>Buy Dec $700 calls now</Title><Msg>Way way oversold. AAPL news is very bullish..maps.</Msg><Username>cybercash28</Username><Timestamp>1353084892579</Timestamp><DateTime>Fri, 2012-11-16 11:54:52 EST</DateTime><ThumbUp>0</ThumbUp><ThumbDown>0</ThumbDown><Sentiment/></Message><Message type="ReplyMessage"><Id>1353085051072-25</Id><Topic><Title>Buy Dec $700 calls now</Title><Username>cybercash28</Username><Timestamp>1353084892579</Timestamp><DateTime>Fri, 2012-11-16 11:54:52 EST</DateTime></Topic><Msg>YOU LOST YOUR BALLS THE PAST FEW WEEKS</Msg><Username>i_bump_you4</Username><Timestamp>1353085051072</Timestamp><DateTime>Fri, 2012-11-16 11:57:31 EST</DateTime><ThumbUp>0</ThumbUp><ThumbDown>0</ThumbDown><Sentiment/></Message><Message type="TopicMessage"><Id>1353085097057-26</Id><Title>Gotta love Fridays</Title><Msg>MMs love to screw everyone on Fridays</Msg><Username>prostocktrader</Username><Timestamp>1353085097057</Timestamp><DateTime>Fri, 2012-11-16 11:58:17 EST</DateTime><ThumbUp>0</ThumbUp><ThumbDown>0</ThumbDown><Sentiment/></Message><Message type="TopicMessage"><Id>1353085254087-27</Id><Title>This is a little ridiculous now</Title><Msg>But that is how it goes in the rigged system.</Msg><Username>prostocktrader</Username><Timestamp>1353085254087</Timestamp><DateTime>Fri, 2012-11-16 12:00:54 EST</DateTime><ThumbUp>0</ThumbUp><ThumbDown>0</ThumbDown><Sentiment/></Message><Message type="TopicMessage"><Id>1353086947887-28</Id><Title>Hammer reversal candle forming</Title><Msg>The whole market is way way oversold..</Msg><Username>cybercash28</Username><Timestamp>1353086947887</Timestamp><DateTime>Fri, 2012-11-16 12:29:07 EST</DateTime><ThumbUp>0</ThumbUp><ThumbDown>0</ThumbDown><Sentiment/></Message><Message type="ReplyMessage"><Id>1353090949140-29</Id><Topic><Title>Hammer reversal candle forming</Title><Username>cybercash28</Username><Timestamp>1353086947887</Timestamp><DateTime>Fri, 2012-11-16 12:29:07 EST</DateTime></Topic><Msg>and dirt cheap!!!</Msg><Username>cwtripps</Username><Timestamp>1353090949140</Timestamp><DateTime>Fri, 2012-11-16 13:35:49 EST</DateTime><ThumbUp>1</ThumbUp><ThumbDown>0</ThumbDown><Sentiment/></Message><Message type="ReplyMessage"><Id>1353091638781-30</Id><Topic><Title>Hammer reversal candle forming</Title><Username>cybercash28</Username><Timestamp>1353086947887</Timestamp><DateTime>Fri, 2012-11-16 12:29:07 EST</DateTime></Topic><Msg>cwtripps took a huge loss on SINA &amp; BIDU</Msg><Username>i_bump_you4</Username><Timestamp>1353091638781</Timestamp><DateTime>Fri, 2012-11-16 13:47:18 EST</DateTime><ThumbUp>0</ThumbUp><ThumbDown>0</ThumbDown><Sentiment/></Message><Message type="ReplyMessage"><Id>1353091744565-31</Id><Topic><Title>Buy Dec $700 calls now</Title><Username>cybercash28</Username><Timestamp>1353084892579</Timestamp><DateTime>Fri, 2012-11-16 11:54:52 EST</DateTime></Topic><Msg>Adding more.....not end of dec yet.</Msg><Username>cybercash28</Username><Timestamp>1353091744565</Timestamp><DateTime>Fri, 2012-11-16 13:49:04 EST</DateTime><ThumbUp>0</ThumbUp><ThumbDown>0</ThumbDown><Sentiment/></Message><Message type="ReplyMessage"><Id>1353091789289-32</Id><Topic><Title>Buy Dec $700 calls now</Title><Username>cybercash28</Username><Timestamp>1353084892579</Timestamp><DateTime>Fri, 2012-11-16 11:54:52 EST</DateTime></Topic><Msg>Moving up can be as fast...to many shorts in this market.</Msg><Username>cybercash28</Username><Timestamp>1353091789289</Timestamp><DateTime>Fri, 2012-11-16 13:49:49 EST</DateTime><ThumbUp>0</ThumbUp><ThumbDown>0</ThumbDown><Sentiment/></Message><Message type="ReplyMessage"><Id>1353091820827-33</Id><Topic><Title>Buy Dec $700 calls now</Title><Username>cybercash28</Username><Timestamp>1353084892579</Timestamp><DateTime>Fri, 2012-11-16 11:54:52 EST</DateTime></Topic><Msg>AAPL is a very good news...</Msg><Username>cybercash28</Username><Timestamp>1353091820827</Timestamp><DateTime>Fri, 2012-11-16 13:50:20 EST</DateTime><ThumbUp>0</ThumbUp><ThumbDown>0</ThumbDown><Sentiment/></Message><Message type="ReplyMessage"><Id>1353091941420-34</Id><Topic><Title>Buy Dec $700 calls now</Title><Username>cybercash28</Username><Timestamp>1353084892579</Timestamp><DateTime>Fri, 2012-11-16 11:54:52 EST</DateTime></Topic><Msg>DO YOU JACK OFF HERE EVERYDAY?</Msg><Username>i_bump_you4</Username><Timestamp>1353091941420</Timestamp><DateTime>Fri, 2012-11-16 13:52:21 EST</DateTime><ThumbUp>0</ThumbUp><ThumbDown>0</ThumbDown><Sentiment/></Message><Message type="ReplyMessage"><Id>1353092164189-35</Id><Topic><Title>ATTD October News,Distribution Agreement Announcement, 2200% GAINS POSSIBLE, UNDERVALUED, CHEAP@ 0.001 BUY,READ</Title><Username>greatpennies</Username><Timestamp>1351880194214</Timestamp><DateTime>Fri, 2012-11-02 14:16:34 EDT</DateTime></Topic><Msg>MASSIVE POSSIBILITIES HERE.</Msg><Username>pennysbull</Username><Timestamp>1353092164189</Timestamp><DateTime>Fri, 2012-11-16 13:56:04 EST</DateTime><ThumbUp>1</ThumbUp><ThumbDown>0</ThumbDown><Sentiment>Buy</Sentiment></Message><Message type="TopicMessage"><Id>1353097074722-36</Id><Title>Any chance GOOG ROARS into the close?</Title><Msg>I'll be in deep doo doo if it does!</Msg><Username>holderofbags</Username><Timestamp>1353097074722</Timestamp><DateTime>Fri, 2012-11-16 15:17:54 EST</DateTime><ThumbUp>0</ThumbUp><ThumbDown>1</ThumbDown><Sentiment>Strong Sell</Sentiment></Message><Message type="TopicMessage"><Id>1353098200760-37</Id><Title>CNBC...AAPL $630 in three weeks</Title><Msg>So GOOG will be $750?</Msg><Username>cybercash28</Username><Timestamp>1353098200760</Timestamp><DateTime>Fri, 2012-11-16 15:36:40 EST</DateTime><ThumbUp>0</ThumbUp><ThumbDown>0</ThumbDown><Sentiment/></Message><Message type="ReplyMessage"><Id>1353099555867-38</Id><Topic><Title>CNBC...AAPL $630 in three weeks</Title><Username>cybercash28</Username><Timestamp>1353098200760</Timestamp><DateTime>Fri, 2012-11-16 15:36:40 EST</DateTime></Topic><Msg>WE KNOW YOU LOST YOUR BALLS</Msg><Username>i_bump_you4</Username><Timestamp>1353099555867</Timestamp><DateTime>Fri, 2012-11-16 15:59:15 EST</DateTime><ThumbUp>0</ThumbUp><ThumbDown>0</ThumbDown><Sentiment/></Message><Message type="TopicMessage"><Id>1353099709460-39</Id><Title>cybercash28</Title><Msg>Do you get paid to spend your life jacking off on the yahoo boards everyday?</Msg><Username>i_bump_you4</Username><Timestamp>1353099709460</Timestamp><DateTime>Fri, 2012-11-16 16:01:49 EST</DateTime><ThumbUp>0</ThumbUp><ThumbDown>0</ThumbDown><Sentiment/></Message><Message type="ReplyMessage"><Id>1353100027291-40</Id><Topic><Title>cybercash28</Title><Username>i_bump_you4</Username><Timestamp>1353099709460</Timestamp><DateTime>Fri, 2012-11-16 16:01:49 EST</DateTime></Topic><Msg>Not at all. I blessed that I planned early and did well with stock options working as an executive for a good company so I spent the last 12 years learning the market. It is fun to post what I see. You are posting here too. I hope you enjoy it too. Good luck. Be disciplined and have your own system.</Msg><Username>cybercash28</Username><Timestamp>1353100027291</Timestamp><DateTime>Fri, 2012-11-16 16:07:07 EST</DateTime><ThumbUp>0</ThumbUp><ThumbDown>0</ThumbDown><Sentiment/></Message><Message type="ReplyMessage"><Id>1353100123111-41</Id><Topic><Title>cybercash28</Title><Username>i_bump_you4</Username><Timestamp>1353099709460</Timestamp><DateTime>Fri, 2012-11-16 16:01:49 EST</DateTime></Topic><Msg>I added FB on the way down. I like to buy stock when rbi is way oversold. Growth stocks that will be here 30 years from now. FB GOOG fit that rule.</Msg><Username>cybercash28</Username><Timestamp>1353100123111</Timestamp><DateTime>Fri, 2012-11-16 16:08:43 EST</DateTime><ThumbUp>0</ThumbUp><ThumbDown>0</ThumbDown><Sentiment/></Message><Message type="ReplyMessage"><Id>1353101667178-42</Id><Topic><Title>Buy Dec $700 calls now</Title><Username>cybercash28</Username><Timestamp>1353084892579</Timestamp><DateTime>Fri, 2012-11-16 11:54:52 EST</DateTime></Topic><Msg>GOOG has more cash than AAPL. CNBC always talks about AAPL and the cash that they have but do not mention much about GOOG. Karen on the Fast Money is a very smart fund manager. She owns GOOG. She is a value investor. Read under CNBC.</Msg><Username>cybercash28</Username><Timestamp>1353101667178</Timestamp><DateTime>Fri, 2012-11-16 16:34:27 EST</DateTime><ThumbUp>0</ThumbUp><ThumbDown>0</ThumbDown><Sentiment/></Message><Message type="ReplyMessage"><Id>1353101862276-43</Id><Topic><Title>Buy Dec $700 calls now</Title><Username>cybercash28</Username><Timestamp>1353084892579</Timestamp><DateTime>Fri, 2012-11-16 11:54:52 EST</DateTime></Topic><Msg>KAREN HAS SUFFERED HUGE LOSSES ON GOOG, AAPL, GLW</Msg><Username>i_bump_you4</Username><Timestamp>1353101862276</Timestamp><DateTime>Fri, 2012-11-16 16:37:42 EST</DateTime><ThumbUp>0</ThumbUp><ThumbDown>0</ThumbDown><Sentiment/></Message><Message type="TopicMessage"><Id>1353103705246-44</Id><Title>Now that they (BIG Wall street THUGS) stole from you, they will say all positives to get er to 750</Title><Msg>Interesting, they stole all the way down. First, oh its tax selling, oh its 200dma testing, oh Steve Jobs is gone (I really like that one in particular), then next these same thugs told you that Fiscal Cliff crap, then they told you the stock is in BEAR territory, then the one I like most is when after it was in Bear territory around 564 or less, they (CNBC Melissa Lee) said about a KEY level of 550, that it had now breached this "KEY" Level, then right after that the Crook Cramer with his teeth (yellow teeth) seething with greed said its a SELL, SELL SELL all the way up to 525 it was a sell, so when they bring it to 505 and 525+ the same day, now its a BUY, BUY, now they will tell you about CHINA MOBIL, Once in a GENERATION buy, BEST stock ever, Now they will tell you all the positives that at 540 they were trashing and yet we will be at 540 probably on Monday. Now they are talking 635 and beyond! These Thugs STOLE from You!</Msg><Username>shivering_gums</Username><Timestamp>1353103705246</Timestamp><DateTime>Fri, 2012-11-16 17:08:25 EST</DateTime><ThumbUp>0</ThumbUp><ThumbDown>0</ThumbDown><Sentiment/></Message><Message type="ReplyMessage"><Id>1353104888102-45</Id><Topic><Title>Now that they (BIG Wall street THUGS) stole from you, they will say all positives to get er to 750</Title><Username>shivering_gums</Username><Timestamp>1353103705246</Timestamp><DateTime>Fri, 2012-11-16 17:08:25 EST</DateTime></Topic><Msg>The rich gets richer because they can afford to average down....</Msg><Username>cybercash28</Username><Timestamp>1353104888102</Timestamp><DateTime>Fri, 2012-11-16 17:28:08 EST</DateTime><ThumbUp>0</ThumbUp><ThumbDown>0</ThumbDown><Sentiment/></Message><Message type="ReplyMessage"><Id>1353112880775-46</Id><Topic><Title>Gambled on Sept. 28 760 Calls...Bought 100 @ .50</Title><Username>funnimone67</Username><Timestamp>1348844205190</Timestamp><DateTime>Fri, 2012-09-28 10:56:45 EDT</DateTime></Topic><Msg>dip sheit</Msg><Username>fbd_dfbd</Username><Timestamp>1353112880775</Timestamp><DateTime>Fri, 2012-11-16 19:41:20 EST</DateTime><ThumbUp>0</ThumbUp><ThumbDown>0</ThumbDown><Sentiment/></Message><Message type="ReplyMessage"><Id>1353117505953-47</Id><Topic><Title>ATTD October News,Distribution Agreement Announcement, 2200% GAINS POSSIBLE, UNDERVALUED, CHEAP@ 0.001 BUY,READ</Title><Username>greatpennies</Username><Timestamp>1351880194214</Timestamp><DateTime>Fri, 2012-11-02 14:16:34 EDT</DateTime></Topic><Msg>Fast, quick entry price range 0.0007-0.0018. 1 more major sales deal with major chain like costco &amp; attd will take like a rocket. holding long will maximize profits</Msg><Username>undervaluedstock</Username><Timestamp>1353117505953</Timestamp><DateTime>Fri, 2012-11-16 20:58:25 EST</DateTime><ThumbUp>0</ThumbUp><ThumbDown>0</ThumbDown><Sentiment>Buy</Sentiment></Message></Date>