<?xml version="1.0" encoding="UTF-8" standalone="no"?><Date date="2013-04-11"><Message type="TopicMessage"><Id>1365656394647-1</Id><Title>benns banksster buddies getting the minutes a day before reetail</Title><Msg>A list of recipients obtained by CNBC reveals that at least 12 banks, a Wall Street law firm, a hedge fund, and a private equity fund were on the distribution list that got the minutes early. The banks included Fifth Third, Citigroup (NYSE:C), UBS, Barclays, U.S.Bank, Goldman Sachs (GS), Wells Fargo (WFC), HSBC, BNP Paribas, BB&amp;T, JPMorgan Chase (JPM) and PNC. Sullivan &amp; Cromwell, one of the most powerful Wall Street law firms, also got the email.</Msg><Username>bluesjamj</Username><Timestamp>1365656394647</Timestamp><DateTime>Thu, 2013-04-11 00:59:54 EDT</DateTime><ThumbUp>0</ThumbUp><ThumbDown>0</ThumbDown><Sentiment/></Message><Message type="ReplyMessage"><Id>1365661082138-2</Id><Topic><Title>GOOG Upgraded to STRONG BUY (EXCLUSIVE REPORT)</Title><Username>arangooscar930</Username><Timestamp>1363000930883</Timestamp><DateTime>Mon, 2013-03-11 07:22:10 EDT</DateTime></Topic><Msg>awesome</Msg><Username>gabinoseremet</Username><Timestamp>1365661082138</Timestamp><DateTime>Thu, 2013-04-11 02:18:02 EDT</DateTime><ThumbUp>0</ThumbUp><ThumbDown>0</ThumbDown><Sentiment>Buy</Sentiment></Message><Message type="TopicMessage"><Id>1365663529634-3</Id><Title>Disaster looming: This stock will drop like a Florida sinkhole, quickly with no time to react. Sell today....</Title><Msg>Don't end up at the bottom of the pit...Tellitotherain</Msg><Username>tellitotherain</Username><Timestamp>1365663529634</Timestamp><DateTime>Thu, 2013-04-11 02:58:49 EDT</DateTime><ThumbUp>0</ThumbUp><ThumbDown>0</ThumbDown><Sentiment>Strong Sell</Sentiment></Message><Message type="TopicMessage"><Id>1365677686868-4</Id><Title>NewYorkTimes : "by 2017 android = dominant operating system"</Title><Msg>NewYorkTimes : "by 2017 android = dominant operating system" "Gartner estimated that by 2017, the dominant operating system for all computing devices, including smartphones, computers and tablets, would be Google’s Android, with software from Microsoft and Apple far behind. "</Msg><Username>francoisdecamenbertdupond</Username><Timestamp>1365677686868</Timestamp><DateTime>Thu, 2013-04-11 06:54:46 EDT</DateTime><ThumbUp>0</ThumbUp><ThumbDown>0</ThumbDown><Sentiment/></Message><Message type="ReplyMessage"><Id>1365681384895-5</Id><Topic><Title>Google to be featured on SQUAWK BOX!</Title><Username>joeygrasso</Username><Timestamp>1364393708774</Timestamp><DateTime>Wed, 2013-03-27 10:15:08 EDT</DateTime></Topic><Msg>Well done!</Msg><Username>clinekate341</Username><Timestamp>1365681384895</Timestamp><DateTime>Thu, 2013-04-11 07:56:24 EDT</DateTime><ThumbUp>0</ThumbUp><ThumbDown>0</ThumbDown><Sentiment/></Message><Message type="ReplyMessage"><Id>1365681433196-6</Id><Topic><Title>Will GOOG Bounce?</Title><Username>finouye</Username><Timestamp>1363620414411</Timestamp><DateTime>Mon, 2013-03-18 11:26:54 EDT</DateTime></Topic><Msg>Very useful:</Msg><Username>clinekate341</Username><Timestamp>1365681433196</Timestamp><DateTime>Thu, 2013-04-11 07:57:13 EDT</DateTime><ThumbUp>0</ThumbUp><ThumbDown>0</ThumbDown><Sentiment/></Message><Message type="ReplyMessage"><Id>1365685755746-7</Id><Topic><Title>$800 this week</Title><Username>biglefthook_00</Username><Timestamp>1365598568343</Timestamp><DateTime>Wed, 2013-04-10 08:56:08 EDT</DateTime></Topic><Msg>Maybe today?</Msg><Username>biglefthook_00</Username><Timestamp>1365685755746</Timestamp><DateTime>Thu, 2013-04-11 09:09:15 EDT</DateTime><ThumbUp>0</ThumbUp><ThumbDown>1</ThumbDown><Sentiment/></Message><Message type="ReplyMessage"><Id>1365686342474-8</Id><Topic><Title>Goog heading for 760 and then higher</Title><Username>imshortemc</Username><Timestamp>1365404338167</Timestamp><DateTime>Mon, 2013-04-08 02:58:58 EDT</DateTime></Topic><Msg>shoot did I miss the boat.</Msg><Username>imshortemc</Username><Timestamp>1365686342474</Timestamp><DateTime>Thu, 2013-04-11 09:19:02 EDT</DateTime><ThumbUp>0</ThumbUp><ThumbDown>0</ThumbDown><Sentiment/></Message><Message type="TopicMessage"><Id>1365686368118-9</Id><Title>Facebook "HOME" + Mozilla/Samsung Web browser.</Title><Msg>Advertisers will start shifting toward Facebook "HOME" and Mozilla/Samsung new web browser, this year will be very tough for Google on the ads revenue side. Technology keep changing, and it seems more and more companies are pulling the carpet on Google, as Google did to Yahoo and AOL in the past, here is one analyst view (Horace Dediu): "Facebook is inserting itself between users and Google, diverting them to the social network's own ads and services. It's taking advantage of the fact that Google places few restrictions on how phone manufacturers and software developers modify Android. By contrast, Facebook Home would not work on the iPhone without approval from Apple Inc., and close collaboration with the company. Facebook Home can only reside on Android because only Google was daft enough to allow it." "Pivotal argues that Google is "spending hundreds of millions (and eventually billions?) of dollars on Google Fiber," having just announced it is building out a network in Austin, Texas. While Pivotal hedges that the investment "may be justified because of the future-proofing aspects of the initiative," the analyst points out that even if you like the strategy, it's clearly "margin-eroding," and will hurt Google's ability to earn profits for its shareholders -- laying fiber being a lot more cost-intensive than selling clicks."</Msg><Username>europe_and_usa</Username><Timestamp>1365686368118</Timestamp><DateTime>Thu, 2013-04-11 09:19:28 EDT</DateTime><ThumbUp>0</ThumbUp><ThumbDown>1</ThumbDown><Sentiment/></Message><Message type="ReplyMessage"><Id>1365686394153-10</Id><Topic><Title>Google to be featured on SQUAWK BOX!</Title><Username>joeygrasso</Username><Timestamp>1364393708774</Timestamp><DateTime>Wed, 2013-03-27 10:15:08 EDT</DateTime></Topic><Msg>Nice stuff!</Msg><Username>hargreaves_leo</Username><Timestamp>1365686394153</Timestamp><DateTime>Thu, 2013-04-11 09:19:54 EDT</DateTime><ThumbUp>0</ThumbUp><ThumbDown>0</ThumbDown><Sentiment/></Message><Message type="ReplyMessage"><Id>1365686674872-11</Id><Topic><Title>Will GOOG Bounce?</Title><Username>finouye</Username><Timestamp>1363620414411</Timestamp><DateTime>Mon, 2013-03-18 11:26:54 EDT</DateTime></Topic><Msg>Good report!</Msg><Username>hargreaves_leo</Username><Timestamp>1365686674872</Timestamp><DateTime>Thu, 2013-04-11 09:24:34 EDT</DateTime><ThumbUp>0</ThumbUp><ThumbDown>0</ThumbDown><Sentiment/></Message><Message type="ReplyMessage"><Id>1365689342341-12</Id><Topic><Title>Google to be featured on SQUAWK BOX!</Title><Username>joeygrasso</Username><Timestamp>1364393708774</Timestamp><DateTime>Wed, 2013-03-27 10:15:08 EDT</DateTime></Topic><Msg>very helpful report!</Msg><Username>garner_nicole</Username><Timestamp>1365689342341</Timestamp><DateTime>Thu, 2013-04-11 10:09:02 EDT</DateTime><ThumbUp>0</ThumbUp><ThumbDown>0</ThumbDown><Sentiment/></Message><Message type="ReplyMessage"><Id>1365689534809-13</Id><Topic><Title>Will GOOG Bounce?</Title><Username>finouye</Username><Timestamp>1363620414411</Timestamp><DateTime>Mon, 2013-03-18 11:26:54 EDT</DateTime></Topic><Msg>very helpful report!</Msg><Username>garner_nicole</Username><Timestamp>1365689534809</Timestamp><DateTime>Thu, 2013-04-11 10:12:14 EDT</DateTime><ThumbUp>0</ThumbUp><ThumbDown>0</ThumbDown><Sentiment/></Message><Message type="ReplyMessage"><Id>1365690235765-14</Id><Topic><Title>Facebook "HOME" + Mozilla/Samsung Web browser.</Title><Username>europe_and_usa</Username><Timestamp>1365686368118</Timestamp><DateTime>Thu, 2013-04-11 09:19:28 EDT</DateTime></Topic><Msg>"Facebook is also forecast to grab 30% of the mobile advertising market by the end of the year. Considering that eMarketer’s numbers were compiled prior to the release of Facebook Home, these projections could be conservative - which would be pretty scary news for Google."</Msg><Username>europe_and_usa</Username><Timestamp>1365690235765</Timestamp><DateTime>Thu, 2013-04-11 10:23:55 EDT</DateTime><ThumbUp>0</ThumbUp><ThumbDown>0</ThumbDown><Sentiment/></Message><Message type="TopicMessage"><Id>1365690882754-15</Id><Title>SHORTY WILL GET HAMMERED COME EARNINGS. COVER!</Title><Msg>$$$$$$</Msg><Username>greenegggs</Username><Timestamp>1365690882754</Timestamp><DateTime>Thu, 2013-04-11 10:34:42 EDT</DateTime><ThumbUp>0</ThumbUp><ThumbDown>1</ThumbDown><Sentiment/></Message><Message type="TopicMessage"><Id>1365690922019-16</Id><Title>IDC: Facebook is top mobile display ad seller.</Title><Msg>April 11, 2013 ( Motley Fool Article): According to a recent report from IDC, the mobile display ad market is being taken over by publishers like Facebook, Pandora Media, and Twitter. That's good news for those companies, and bad news for incumbent ad networks from Google, Millennial Media, and Apple. Overall mobile ad spending continues to rise, jumping 88% in 2012 to $4.5 billion. IDC pegs Facebook as the top mobile display ad seller with $234 million in gross revenue. Pandora follows that with $229 million, with Twitter ranking third at $117 million.</Msg><Username>strong_iiiii</Username><Timestamp>1365690922019</Timestamp><DateTime>Thu, 2013-04-11 10:35:22 EDT</DateTime><ThumbUp>0</ThumbUp><ThumbDown>0</ThumbDown><Sentiment/></Message><Message type="TopicMessage"><Id>1365691169330-17</Id><Title>this oinkers stinking up the place</Title><Msg>what happened to 850 rookie calls</Msg><Username>bluesjamj</Username><Timestamp>1365691169330</Timestamp><DateTime>Thu, 2013-04-11 10:39:29 EDT</DateTime><ThumbUp>0</ThumbUp><ThumbDown>0</ThumbDown><Sentiment/></Message><Message type="TopicMessage"><Id>1365692935536-18</Id><Title>Vivid Entertainment to buy RICK and porn stars to tour clubs and videos at the doors...</Title><Msg>Wow... Is this going to be huge for RICK as dirty old men and stock brokers watch their favorite pink take if off for them and then they buy their NEWEST RELEASE at the door and have their way with them behind closed doors when they get home with the smell of the real thing on their clothes still.. Can you say making money hand over fist for RICK :-------------). That is management.</Msg><Username>daveparker0808</Username><Timestamp>1365692935536</Timestamp><DateTime>Thu, 2013-04-11 11:08:55 EDT</DateTime><ThumbUp>0</ThumbUp><ThumbDown>0</ThumbDown><Sentiment>Strong Buy</Sentiment></Message><Message type="ReplyMessage"><Id>1365693067390-19</Id><Topic><Title>Google to be featured on SQUAWK BOX!</Title><Username>joeygrasso</Username><Timestamp>1364393708774</Timestamp><DateTime>Wed, 2013-03-27 10:15:08 EDT</DateTime></Topic><Msg>Awesome staff!</Msg><Username>tommyunknow</Username><Timestamp>1365693067390</Timestamp><DateTime>Thu, 2013-04-11 11:11:07 EDT</DateTime><ThumbUp>0</ThumbUp><ThumbDown>0</ThumbDown><Sentiment/></Message><Message type="ReplyMessage"><Id>1365693389378-20</Id><Topic><Title>Will GOOG Bounce?</Title><Username>finouye</Username><Timestamp>1363620414411</Timestamp><DateTime>Mon, 2013-03-18 11:26:54 EDT</DateTime></Topic><Msg>Interesting report!</Msg><Username>tommyunknow</Username><Timestamp>1365693389378</Timestamp><DateTime>Thu, 2013-04-11 11:16:29 EDT</DateTime><ThumbUp>0</ThumbUp><ThumbDown>0</ThumbDown><Sentiment/></Message><Message type="TopicMessage"><Id>1365693888182-21</Id><Title>Look at the DOW chart from 1980 to 1999</Title><Msg>are we going in to a bull market if yes I say DOW 20K + is coming sometimes in late 2014 early 2015</Msg><Username>jgiled</Username><Timestamp>1365693888182</Timestamp><DateTime>Thu, 2013-04-11 11:24:48 EDT</DateTime><ThumbUp>0</ThumbUp><ThumbDown>1</ThumbDown><Sentiment/></Message><Message type="TopicMessage"><Id>1365693936633-22</Id><Title>GOOG WILL RECOVER, AND I THINK LNKD WILL BECOME A $250-$300 STOCK. STILL CHEAP</Title><Msg>$$$$$</Msg><Username>greenegggs</Username><Timestamp>1365693936633</Timestamp><DateTime>Thu, 2013-04-11 11:25:36 EDT</DateTime><ThumbUp>0</ThumbUp><ThumbDown>0</ThumbDown><Sentiment/></Message><Message type="TopicMessage"><Id>1365694415598-23</Id><Title>794 today</Title><Msg>could see 795 high. loaded up on calls on the cheap :)</Msg><Username>mbunce1</Username><Timestamp>1365694415598</Timestamp><DateTime>Thu, 2013-04-11 11:33:35 EDT</DateTime><ThumbUp>0</ThumbUp><ThumbDown>0</ThumbDown><Sentiment/></Message><Message type="TopicMessage"><Id>1365695326667-24</Id><Title>BING!! Their commercials awesome...</Title><Msg>...and going to cost Google huge. This is the stock to short now.</Msg><Username>mascumantam4same</Username><Timestamp>1365695326667</Timestamp><DateTime>Thu, 2013-04-11 11:48:46 EDT</DateTime><ThumbUp>0</ThumbUp><ThumbDown>0</ThumbDown><Sentiment/></Message><Message type="ReplyMessage"><Id>1365695785652-25</Id><Topic><Title>Will GOOG Bounce?</Title><Username>finouye</Username><Timestamp>1363620414411</Timestamp><DateTime>Mon, 2013-03-18 11:26:54 EDT</DateTime></Topic><Msg>helpful report!</Msg><Username>hedrickpaul552</Username><Timestamp>1365695785652</Timestamp><DateTime>Thu, 2013-04-11 11:56:25 EDT</DateTime><ThumbUp>0</ThumbUp><ThumbDown>0</ThumbDown><Sentiment/></Message><Message type="ReplyMessage"><Id>1365696193131-26</Id><Topic><Title>$800 this week</Title><Username>biglefthook_00</Username><Timestamp>1365598568343</Timestamp><DateTime>Wed, 2013-04-10 08:56:08 EDT</DateTime></Topic><Msg>NOT BEFORE EARNINGS</Msg><Username>marine_1290</Username><Timestamp>1365696193131</Timestamp><DateTime>Thu, 2013-04-11 12:03:13 EDT</DateTime><ThumbUp>0</ThumbUp><ThumbDown>0</ThumbDown><Sentiment/></Message><Message type="ReplyMessage"><Id>1365696333863-27</Id><Topic><Title>Facebook "HOME" + Mozilla/Samsung Web browser.</Title><Username>europe_and_usa</Username><Timestamp>1365686368118</Timestamp><DateTime>Thu, 2013-04-11 09:19:28 EDT</DateTime></Topic><Msg>FYI....</Msg><Username>europe_and_usa</Username><Timestamp>1365696333863</Timestamp><DateTime>Thu, 2013-04-11 12:05:33 EDT</DateTime><ThumbUp>0</ThumbUp><ThumbDown>0</ThumbDown><Sentiment/></Message><Message type="ReplyMessage"><Id>1365697734910-28</Id><Topic><Title>GOOG Upgraded to STRONG BUY (EXCLUSIVE REPORT)</Title><Username>arangooscar930</Username><Timestamp>1363000930883</Timestamp><DateTime>Mon, 2013-03-11 07:22:10 EDT</DateTime></Topic><Msg>pozitive</Msg><Username>gregorhotja</Username><Timestamp>1365697734910</Timestamp><DateTime>Thu, 2013-04-11 12:28:54 EDT</DateTime><ThumbUp>0</ThumbUp><ThumbDown>0</ThumbDown><Sentiment>Sell</Sentiment></Message><Message type="TopicMessage"><Id>1365699350347-29</Id><Title>longs need over 790 to save themselves</Title><Msg>from bagholder syndrome</Msg><Username>bluesjamj</Username><Timestamp>1365699350347</Timestamp><DateTime>Thu, 2013-04-11 12:55:50 EDT</DateTime><ThumbUp>0</ThumbUp><ThumbDown>0</ThumbDown><Sentiment/></Message><Message type="ReplyMessage"><Id>1365699672602-30</Id><Topic><Title>794 today</Title><Username>mbunce1</Username><Timestamp>1365694415598</Timestamp><DateTime>Thu, 2013-04-11 11:33:35 EDT</DateTime></Topic><Msg>797s possible if mms squueze this oinker</Msg><Username>bluesjamj</Username><Timestamp>1365699672602</Timestamp><DateTime>Thu, 2013-04-11 13:01:12 EDT</DateTime><ThumbUp>0</ThumbUp><ThumbDown>0</ThumbDown><Sentiment/></Message><Message type="TopicMessage"><Id>1365699924495-31</Id><Title>LOL the new theme in media is buy the highs for bloated piggs</Title><Msg>reality tv and 5 years of owwebamma has really dumbbed down folks</Msg><Username>bluesjamj</Username><Timestamp>1365699924495</Timestamp><DateTime>Thu, 2013-04-11 13:05:24 EDT</DateTime><ThumbUp>0</ThumbUp><ThumbDown>0</ThumbDown><Sentiment/></Message><Message type="ReplyMessage"><Id>1365700376818-32</Id><Topic><Title>794 today</Title><Username>mbunce1</Username><Timestamp>1365694415598</Timestamp><DateTime>Thu, 2013-04-11 11:33:35 EDT</DateTime></Topic><Msg>intraday inverse head and shoulders. close above 790 seems realistic. only problem i see now is it dips with market and doesn't go up as much with the market... maybe tomorrow it will be up 10 bucks.</Msg><Username>mbunce1</Username><Timestamp>1365700376818</Timestamp><DateTime>Thu, 2013-04-11 13:12:56 EDT</DateTime><ThumbUp>0</ThumbUp><ThumbDown>0</ThumbDown><Sentiment/></Message><Message type="ReplyMessage"><Id>1365700617125-33</Id><Topic><Title>Will GOOG Bounce?</Title><Username>finouye</Username><Timestamp>1363620414411</Timestamp><DateTime>Mon, 2013-03-18 11:26:54 EDT</DateTime></Topic><Msg>Good report!</Msg><Username>allenjake617</Username><Timestamp>1365700617125</Timestamp><DateTime>Thu, 2013-04-11 13:16:57 EDT</DateTime><ThumbUp>0</ThumbUp><ThumbDown>0</ThumbDown><Sentiment/></Message><Message type="ReplyMessage"><Id>1365701333574-34</Id><Topic><Title>GOOG Upgraded to STRONG BUY (EXCLUSIVE REPORT)</Title><Username>arangooscar930</Username><Timestamp>1363000930883</Timestamp><DateTime>Mon, 2013-03-11 07:22:10 EDT</DateTime></Topic><Msg>wonderful</Msg><Username>methewmonte</Username><Timestamp>1365701333574</Timestamp><DateTime>Thu, 2013-04-11 13:28:53 EDT</DateTime><ThumbUp>0</ThumbUp><ThumbDown>0</ThumbDown><Sentiment>Strong Buy</Sentiment></Message><Message type="ReplyMessage"><Id>1365704851282-35</Id><Topic><Title>Facebook "HOME" + Mozilla/Samsung Web browser.</Title><Username>europe_and_usa</Username><Timestamp>1365686368118</Timestamp><DateTime>Thu, 2013-04-11 09:19:28 EDT</DateTime></Topic><Msg>FYI.....</Msg><Username>europe_and_usa</Username><Timestamp>1365704851282</Timestamp><DateTime>Thu, 2013-04-11 14:27:31 EDT</DateTime><ThumbUp>0</ThumbUp><ThumbDown>0</ThumbDown><Sentiment/></Message><Message type="TopicMessage"><Id>1365705839845-36</Id><Title>ANALysts used MSFT and INTC to beat down technology sector today</Title><Msg>Guess they don't want to see the naz takeoff like it did yesterday as perhaps some of them got caught up in short positions! #$%$ buckets all of them imo!</Msg><Username>jesseliverspot</Username><Timestamp>1365705839845</Timestamp><DateTime>Thu, 2013-04-11 14:43:59 EDT</DateTime><ThumbUp>0</ThumbUp><ThumbDown>0</ThumbDown><Sentiment/></Message><Message type="TopicMessage"><Id>1365707089582-37</Id><Title>Dow headed to 14,900.00 POINTS!!</Title><Msg>Google headed back above $793.00! !!! Cuffs</Msg><Username>kingcuffs</Username><Timestamp>1365707089582</Timestamp><DateTime>Thu, 2013-04-11 15:04:49 EDT</DateTime><ThumbUp>0</ThumbUp><ThumbDown>0</ThumbDown><Sentiment/></Message><Message type="ReplyMessage"><Id>1365707095589-38</Id><Topic><Title>Look at the DOW chart from 1980 to 1999</Title><Username>jgiled</Username><Timestamp>1365693888182</Timestamp><DateTime>Thu, 2013-04-11 11:24:48 EDT</DateTime></Topic><Msg>401K are growing people will spend and drive market higher All we need to fuel this market more is banks start lending money</Msg><Username>jgiled</Username><Timestamp>1365707095589</Timestamp><DateTime>Thu, 2013-04-11 15:04:55 EDT</DateTime><ThumbUp>0</ThumbUp><ThumbDown>1</ThumbDown><Sentiment/></Message><Message type="ReplyMessage"><Id>1365707390303-39</Id><Topic><Title>Look at the DOW chart from 1980 to 1999</Title><Username>jgiled</Username><Timestamp>1365693888182</Timestamp><DateTime>Thu, 2013-04-11 11:24:48 EDT</DateTime></Topic><Msg>Sorry but the Dow will run into problems when the Dow 30 stocks get to high priced. There is no way the Dow will run up over 5,000.00 points by the end of December 2015! Cuffs</Msg><Username>kingcuffs</Username><Timestamp>1365707390303</Timestamp><DateTime>Thu, 2013-04-11 15:09:50 EDT</DateTime><ThumbUp>0</ThumbUp><ThumbDown>0</ThumbDown><Sentiment/></Message><Message type="ReplyMessage"><Id>1365707557830-40</Id><Topic><Title>Look at the DOW chart from 1980 to 1999</Title><Username>jgiled</Username><Timestamp>1365693888182</Timestamp><DateTime>Thu, 2013-04-11 11:24:48 EDT</DateTime></Topic><Msg>It would take more than bank lending to move the Dow over 5,000.00 points by the end of December 2015. Cuffs</Msg><Username>kingcuffs</Username><Timestamp>1365707557830</Timestamp><DateTime>Thu, 2013-04-11 15:12:37 EDT</DateTime><ThumbUp>0</ThumbUp><ThumbDown>0</ThumbDown><Sentiment/></Message><Message type="TopicMessage"><Id>1365707739885-41</Id><Title>Anybody know what is wrong with GOOG?</Title><Msg>I see GOOG not be able to go up WHY? serious answer plz.</Msg><Username>sam_setta</Username><Timestamp>1365707739885</Timestamp><DateTime>Thu, 2013-04-11 15:15:39 EDT</DateTime><ThumbUp>0</ThumbUp><ThumbDown>1</ThumbDown><Sentiment>Buy</Sentiment></Message><Message type="TopicMessage"><Id>1365708474136-42</Id><Title>#$%$?</Title><Msg>What's with GOOG trading?</Msg><Username>cramerstrophywife</Username><Timestamp>1365708474136</Timestamp><DateTime>Thu, 2013-04-11 15:27:54 EDT</DateTime><ThumbUp>0</ThumbUp><ThumbDown>1</ThumbDown><Sentiment/></Message><Message type="ReplyMessage"><Id>1365708714852-43</Id><Topic><Title>Anybody know what is wrong with GOOG?</Title><Username>sam_setta</Username><Timestamp>1365707739885</Timestamp><DateTime>Thu, 2013-04-11 15:15:39 EDT</DateTime></Topic><Msg>Not a thing. Google is on pattern to clear $844.00 later this year. Just go and relax.cuffs</Msg><Username>kingcuffs</Username><Timestamp>1365708714852</Timestamp><DateTime>Thu, 2013-04-11 15:31:54 EDT</DateTime><ThumbUp>0</ThumbUp><ThumbDown>0</ThumbDown><Sentiment/></Message><Message type="TopicMessage"><Id>1365709974179-44</Id><Title>Dow closes at record high again!</Title><Msg>Nothing is slowing down the Dow! Cuffs</Msg><Username>kingcuffs</Username><Timestamp>1365709974179</Timestamp><DateTime>Thu, 2013-04-11 15:52:54 EDT</DateTime><ThumbUp>0</ThumbUp><ThumbDown>0</ThumbDown><Sentiment/></Message><Message type="ReplyMessage"><Id>1365711631163-45</Id><Topic><Title>794 today</Title><Username>mbunce1</Username><Timestamp>1365694415598</Timestamp><DateTime>Thu, 2013-04-11 11:33:35 EDT</DateTime></Topic><Msg>nice call. not quite 794 but almost certain tomorrow.</Msg><Username>mbunce1</Username><Timestamp>1365711631163</Timestamp><DateTime>Thu, 2013-04-11 16:20:31 EDT</DateTime><ThumbUp>0</ThumbUp><ThumbDown>0</ThumbDown><Sentiment/></Message><Message type="ReplyMessage"><Id>1365712250376-46</Id><Topic><Title>A company with such facts is extreme undervalued: with only 35 million like today</Title><Username>flankenking</Username><Timestamp>1363551452427</Timestamp><DateTime>Sun, 2013-03-17 16:17:32 EDT</DateTime></Topic><Msg>Zillow has only three quarter of the Monthly Unique Visitors of Local Corp, but the 45-fold market-cap – a joke Market-Cap of Local Corp = 40 million Market-Cap of Zillow = 1,800 million Local Corp development of Unique Visitors: 11/2012: 18,745,842 Monthly Unique Visitors 12/2012: 22,738,206 Monthly Unique Visitors 01/2013: 26,410,927 Monthly Unique Visitors 02/2013: 24,017,605 Monthly Unique Visitors Decrease of 9.06% (but February has only 28 days against 31 in January) against January and an increase of 38.64% year-over-year. Compare with the development of Zillow’s Monthly Unique Visitors: 11/2012: 10,978,144 Monthly Unique Visitors 12/2012: 11,366,564 Monthly Unique Visitors 01/2013: 14,298,071 Monthly Unique Visitors 02/2013: 13,415,496 Monthly Unique Visitors Decrease of 6.17% (but February has only 28 days against 31 in January) against January and an increase of 45.23% year-over-year. Source fot Montthly Unique Visitors = siteanalytics</Msg><Username>flankenking</Username><Timestamp>1365712250376</Timestamp><DateTime>Thu, 2013-04-11 16:30:50 EDT</DateTime><ThumbUp>0</ThumbUp><ThumbDown>0</ThumbDown><Sentiment/></Message><Message type="TopicMessage"><Id>1365714434783-47</Id><Title>$801 tomorrow</Title><Msg>come to pappa!</Msg><Username>mbunce1</Username><Timestamp>1365714434783</Timestamp><DateTime>Thu, 2013-04-11 17:07:14 EDT</DateTime><ThumbUp>1</ThumbUp><ThumbDown>0</ThumbDown><Sentiment/></Message><Message type="ReplyMessage"><Id>1365715012411-48</Id><Topic><Title>Dow closes at record high again!</Title><Username>kingcuffs</Username><Timestamp>1365709974179</Timestamp><DateTime>Thu, 2013-04-11 15:52:54 EDT</DateTime></Topic><Msg>Dow new record¡¡¡</Msg><Username>kingcuffs</Username><Timestamp>1365715012411</Timestamp><DateTime>Thu, 2013-04-11 17:16:52 EDT</DateTime><ThumbUp>0</ThumbUp><ThumbDown>0</ThumbDown><Sentiment/></Message><Message type="TopicMessage"><Id>1365715181819-49</Id><Title>Google vastly undervalued!</Title><Msg>Expert analyst has Google valued at $1,100.00 a share. Truely a bargain buy at today's extremly low prices.Cuffs</Msg><Username>kingcuffs</Username><Timestamp>1365715181819</Timestamp><DateTime>Thu, 2013-04-11 17:19:41 EDT</DateTime><ThumbUp>0</ThumbUp><ThumbDown>0</ThumbDown><Sentiment/></Message><Message type="TopicMessage"><Id>1365715436546-50</Id><Title>Undervalued Google worth $1,100.00 a share!</Title><Msg>Say's expert analyst" Google is vastly undervalued."</Msg><Username>kingcuffs</Username><Timestamp>1365715436546</Timestamp><DateTime>Thu, 2013-04-11 17:23:56 EDT</DateTime><ThumbUp>3</ThumbUp><ThumbDown>0</ThumbDown><Sentiment/></Message><Message type="ReplyMessage"><Id>1365718274860-51</Id><Topic><Title>The TRUTH about GOOG (COULD BE A SCAM!)</Title><Username>barbara_watkins</Username><Timestamp>1361540025887</Timestamp><DateTime>Fri, 2013-02-22 08:33:45 EST</DateTime></Topic><Msg>Very helpful.</Msg><Username>fordjohn842</Username><Timestamp>1365718274860</Timestamp><DateTime>Thu, 2013-04-11 18:11:14 EDT</DateTime><ThumbUp>0</ThumbUp><ThumbDown>0</ThumbDown><Sentiment/></Message><Message type="TopicMessage"><Id>1365721882367-52</Id><Title>Hanging Man on the Daily, Dropping into Earnings</Title><Msg>...Not saying earnings will be bad, but GOOG may be the first indicator of a market pullback</Msg><Username>dascientist</Username><Timestamp>1365721882367</Timestamp><DateTime>Thu, 2013-04-11 19:11:22 EDT</DateTime><ThumbUp>0</ThumbUp><ThumbDown>0</ThumbDown><Sentiment/></Message><Message type="ReplyMessage"><Id>1365731668842-53</Id><Topic><Title>Novel Johnny Dirtbag "Movie Star" vs. "Lean In"; Gwyneth Samberg's literary masterpiece------</Title><Username>disgracedpublicist757</Username><Timestamp>1364264288733</Timestamp><DateTime>Mon, 2013-03-25 22:18:08 EDT</DateTime></Topic><Msg>"I will call this Gwyneth Sanberg to testify in my marriage fraud case , that my marriage was NOT a FRAUD; but merely a "Scam"................and I won't allow Kris Humphries to read the new novel Johnny Dirtbag "Movie Star", either!".....Kim Kardashian with the assistance of Lindsay Lohan</Msg><Username>crookedhedgefundmanager</Username><Timestamp>1365731668842</Timestamp><DateTime>Thu, 2013-04-11 21:54:28 EDT</DateTime><ThumbUp>0</ThumbUp><ThumbDown>1</ThumbDown><Sentiment/></Message><Message type="ReplyMessage"><Id>1365737682583-54</Id><Topic><Title>Look at the DOW chart from 1980 to 1999</Title><Username>jgiled</Username><Timestamp>1365693888182</Timestamp><DateTime>Thu, 2013-04-11 11:24:48 EDT</DateTime></Topic><Msg>Banks will not lend with free money from Bernanke</Msg><Username>nothing_but_the_truth_2003</Username><Timestamp>1365737682583</Timestamp><DateTime>Thu, 2013-04-11 23:34:42 EDT</DateTime><ThumbUp>0</ThumbUp><ThumbDown>0</ThumbDown><Sentiment/></Message></Date>