<?xml version="1.0" encoding="UTF-8" standalone="no"?><Date date="2013-03-15"><Message type="ReplyMessage"><Id>1363330278368-1</Id><Topic><Title>GOOG Upgraded to STRONG BUY (EXCLUSIVE REPORT)</Title><Username>arangooscar930</Username><Timestamp>1363000930883</Timestamp><DateTime>Mon, 2013-03-11 07:22:10 EDT</DateTime></Topic><Msg>good news</Msg><Username>stivemonroe</Username><Timestamp>1363330278368</Timestamp><DateTime>Fri, 2013-03-15 02:51:18 EDT</DateTime><ThumbUp>0</ThumbUp><ThumbDown>0</ThumbDown><Sentiment>Buy</Sentiment></Message><Message type="ReplyMessage"><Id>1363334896804-2</Id><Topic><Title>GOOG Upgraded to STRONG BUY (EXCLUSIVE REPORT)</Title><Username>arangooscar930</Username><Timestamp>1363000930883</Timestamp><DateTime>Mon, 2013-03-11 07:22:10 EDT</DateTime></Topic><Msg>good news</Msg><Username>enricopareja</Username><Timestamp>1363334896804</Timestamp><DateTime>Fri, 2013-03-15 04:08:16 EDT</DateTime><ThumbUp>0</ThumbUp><ThumbDown>0</ThumbDown><Sentiment>Buy</Sentiment></Message><Message type="ReplyMessage"><Id>1363335997711-3</Id><Topic><Title>GOOG Upgraded to STRONG BUY (EXCLUSIVE REPORT)</Title><Username>arangooscar930</Username><Timestamp>1363000930883</Timestamp><DateTime>Mon, 2013-03-11 07:22:10 EDT</DateTime></Topic><Msg>I agree</Msg><Username>markolambda</Username><Timestamp>1363335997711</Timestamp><DateTime>Fri, 2013-03-15 04:26:37 EDT</DateTime><ThumbUp>0</ThumbUp><ThumbDown>0</ThumbDown><Sentiment>Buy</Sentiment></Message><Message type="ReplyMessage"><Id>1363345706971-4</Id><Topic><Title>MASSIVE GOOG Short Squeeze Coming (SEE DETAILED REPORT)</Title><Username>bryant_miller</Username><Timestamp>1362509597558</Timestamp><DateTime>Tue, 2013-03-05 13:53:17 EST</DateTime></Topic><Msg>Very helpful report , thanks !</Msg><Username>ballerano</Username><Timestamp>1363345706971</Timestamp><DateTime>Fri, 2013-03-15 07:08:26 EDT</DateTime><ThumbUp>0</ThumbUp><ThumbDown>1</ThumbDown><Sentiment/></Message><Message type="ReplyMessage"><Id>1363345955296-5</Id><Topic><Title>The TRUTH about GOOG (COULD BE A SCAM!)</Title><Username>barbara_watkins</Username><Timestamp>1361540025887</Timestamp><DateTime>Fri, 2013-02-22 08:33:45 EST</DateTime></Topic><Msg>Very helpful report , thanks !</Msg><Username>ballerano</Username><Timestamp>1363345955296</Timestamp><DateTime>Fri, 2013-03-15 07:12:35 EDT</DateTime><ThumbUp>0</ThumbUp><ThumbDown>1</ThumbDown><Sentiment/></Message><Message type="ReplyMessage"><Id>1363347782303-6</Id><Topic><Title>This will be an easier short than Apple.......</Title><Username>genesis_gekko</Username><Timestamp>1361385496149</Timestamp><DateTime>Wed, 2013-02-20 13:38:16 EST</DateTime></Topic><Msg>testing gekko you still playing Goldcorpse</Msg><Username>lex_luther4</Username><Timestamp>1363347782303</Timestamp><DateTime>Fri, 2013-03-15 07:43:02 EDT</DateTime><ThumbUp>0</ThumbUp><ThumbDown>2</ThumbDown><Sentiment/></Message><Message type="TopicMessage"><Id>1363348382956-7</Id><Title>Sell into strength does not mean to short it</Title><Msg>Earlier this week at $839, it posted "Sell into strength"] go ahead and look at the past posts</Msg><Username>biglefthook_00</Username><Timestamp>1363348382956</Timestamp><DateTime>Fri, 2013-03-15 07:53:02 EDT</DateTime><ThumbUp>0</ThumbUp><ThumbDown>1</ThumbDown><Sentiment/></Message><Message type="TopicMessage"><Id>1363350028830-8</Id><Title>Lol...Sammie copying Nokia now too. I think I'll just buy a Nokia instead without the Android malware.</Title><Msg>HTC, Apple, now Sammie all look to Nokia.</Msg><Username>thefarm666</Username><Timestamp>1363350028830</Timestamp><DateTime>Fri, 2013-03-15 08:20:28 EDT</DateTime><ThumbUp>0</ThumbUp><ThumbDown>2</ThumbDown><Sentiment/></Message><Message type="TopicMessage"><Id>1363350212615-9</Id><Title>Is it a Sammie, or isn't that a Nokia??? Whaaaaaaaaa Sammie. Copy Cat.</Title><Msg>Korea doesn't do that. A proud heritage of inventing others innovation after the fact.</Msg><Username>thefarm666</Username><Timestamp>1363350212615</Timestamp><DateTime>Fri, 2013-03-15 08:23:32 EDT</DateTime><ThumbUp>0</ThumbUp><ThumbDown>2</ThumbDown><Sentiment/></Message><Message type="TopicMessage"><Id>1363350313232-10</Id><Title>We at Sammie, really need help with innovation. Does anyone have Nokia's phone number?</Title><Msg>Finland!!!!!!!</Msg><Username>thefarm666</Username><Timestamp>1363350313232</Timestamp><DateTime>Fri, 2013-03-15 08:25:13 EDT</DateTime><ThumbUp>0</ThumbUp><ThumbDown>2</ThumbDown><Sentiment/></Message><Message type="TopicMessage"><Id>1363350426157-11</Id><Title>See, you can now use gloves with a Sammie phone. We invented that. Dont tell Nokia.</Title><Msg>Please......</Msg><Username>thefarm666</Username><Timestamp>1363350426157</Timestamp><DateTime>Fri, 2013-03-15 08:27:06 EDT</DateTime><ThumbUp>0</ThumbUp><ThumbDown>2</ThumbDown><Sentiment/></Message><Message type="TopicMessage"><Id>1363350504440-12</Id><Title>See the new body of the Sammie? We invented that. Dont tell Nokia.</Title><Msg>Please.........</Msg><Username>thefarm666</Username><Timestamp>1363350504440</Timestamp><DateTime>Fri, 2013-03-15 08:28:24 EDT</DateTime><ThumbUp>0</ThumbUp><ThumbDown>2</ThumbDown><Sentiment/></Message><Message type="ReplyMessage"><Id>1363350572271-13</Id><Topic><Title>Short GOOG/Long AAPL</Title><Username>mr.markgagnon</Username><Timestamp>1362725988606</Timestamp><DateTime>Fri, 2013-03-08 01:59:48 EST</DateTime></Topic><Msg>If you jumped on this trade the day I posted it, you would be very happy right about now. It isn't too late, hop on board. Plenty more profit to be reigned in!</Msg><Username>mr.markgagnon</Username><Timestamp>1363350572271</Timestamp><DateTime>Fri, 2013-03-15 08:29:32 EDT</DateTime><ThumbUp>0</ThumbUp><ThumbDown>0</ThumbDown><Sentiment/></Message><Message type="TopicMessage"><Id>1363350621308-14</Id><Title>Yes this is HTCee. Lowlight pictures, we invented that. Dont tell Nokia.</Title><Msg>Please......</Msg><Username>thefarm666</Username><Timestamp>1363350621308</Timestamp><DateTime>Fri, 2013-03-15 08:30:21 EDT</DateTime><ThumbUp>0</ThumbUp><ThumbDown>1</ThumbDown><Sentiment/></Message><Message type="TopicMessage"><Id>1363350709595-15</Id><Title>Google Glasses, we came up with that idea. Dont watch that Nokia glasses video. please..........</Title><Msg>Years ago.</Msg><Username>thefarm666</Username><Timestamp>1363350709595</Timestamp><DateTime>Fri, 2013-03-15 08:31:49 EDT</DateTime><ThumbUp>0</ThumbUp><ThumbDown>2</ThumbDown><Sentiment/></Message><Message type="ReplyMessage"><Id>1363350804126-16</Id><Topic><Title>We at Sammie, really need help with innovation. Does anyone have Nokia's phone number?</Title><Username>thefarm666</Username><Timestamp>1363350313232</Timestamp><DateTime>Fri, 2013-03-15 08:25:13 EDT</DateTime></Topic><Msg>We need help with Sammie 5 real bad.</Msg><Username>thefarm666</Username><Timestamp>1363350804126</Timestamp><DateTime>Fri, 2013-03-15 08:33:24 EDT</DateTime><ThumbUp>0</ThumbUp><ThumbDown>2</ThumbDown><Sentiment/></Message><Message type="ReplyMessage"><Id>1363350855349-17</Id><Topic><Title>Google Glasses, we came up with that idea. Dont watch that Nokia glasses video. please..........</Title><Username>thefarm666</Username><Timestamp>1363350709595</Timestamp><DateTime>Fri, 2013-03-15 08:31:49 EDT</DateTime></Topic><Msg>Nokia glasses don't spy on people.</Msg><Username>thefarm666</Username><Timestamp>1363350855349</Timestamp><DateTime>Fri, 2013-03-15 08:34:15 EDT</DateTime><ThumbUp>0</ThumbUp><ThumbDown>2</ThumbDown><Sentiment/></Message><Message type="ReplyMessage"><Id>1363350890248-18</Id><Topic><Title>Google Glasses, we came up with that idea. Dont watch that Nokia glasses video. please..........</Title><Username>thefarm666</Username><Timestamp>1363350709595</Timestamp><DateTime>Fri, 2013-03-15 08:31:49 EDT</DateTime></Topic><Msg>Nokia glasses don't get kicked out of bars.</Msg><Username>thefarm666</Username><Timestamp>1363350890248</Timestamp><DateTime>Fri, 2013-03-15 08:34:50 EDT</DateTime><ThumbUp>0</ThumbUp><ThumbDown>2</ThumbDown><Sentiment/></Message><Message type="ReplyMessage"><Id>1363350952384-19</Id><Topic><Title>See the new body of the Sammie? We invented that. Dont tell Nokia.</Title><Username>thefarm666</Username><Timestamp>1363350504440</Timestamp><DateTime>Fri, 2013-03-15 08:28:24 EDT</DateTime></Topic><Msg>When would they all be without Nokia.</Msg><Username>thefarm666</Username><Timestamp>1363350952384</Timestamp><DateTime>Fri, 2013-03-15 08:35:52 EDT</DateTime><ThumbUp>0</ThumbUp><ThumbDown>2</ThumbDown><Sentiment/></Message><Message type="ReplyMessage"><Id>1363353015563-20</Id><Topic><Title>Major GOOG Pre Promotion Report</Title><Username>judesanders</Username><Timestamp>1362062119306</Timestamp><DateTime>Thu, 2013-02-28 09:35:19 EST</DateTime></Topic><Msg>very detailed update</Msg><Username>joemiller767</Username><Timestamp>1363353015563</Timestamp><DateTime>Fri, 2013-03-15 09:10:15 EDT</DateTime><ThumbUp>0</ThumbUp><ThumbDown>0</ThumbDown><Sentiment/></Message><Message type="TopicMessage"><Id>1363354038351-21</Id><Title>The new Firefox OS ecosystem.</Title><Msg>Mozilla's Firefox OS, the new open mobile ecosystem is a real threat to Android and iOS, currently there are more than 17 key operators spanning the globe committed to that mobile ecosystem. With current US sequester and the global recession, I think the future will be for that free open ecosystem from Mozilla foundation, taking into consideration how it's easy to build applications in HTML5 which is the default standard in many new web browsers.</Msg><Username>sam_the9th</Username><Timestamp>1363354038351</Timestamp><DateTime>Fri, 2013-03-15 09:27:18 EDT</DateTime><ThumbUp>0</ThumbUp><ThumbDown>0</ThumbDown><Sentiment/></Message><Message type="TopicMessage"><Id>1363354280486-22</Id><Title>BOYS PULLING AN APPLE.</Title><Msg>Long apple now</Msg><Username>bmpthegreat</Username><Timestamp>1363354280486</Timestamp><DateTime>Fri, 2013-03-15 09:31:20 EDT</DateTime><ThumbUp>1</ThumbUp><ThumbDown>0</ThumbDown><Sentiment/></Message><Message type="TopicMessage"><Id>1363354558157-23</Id><Title>GOOG Eric Schmidt, VISA &amp; PLPM make important inroads in Asia--anoucements today</Title><Msg>Visa (V) recently announced the opening of the Myanmar market to ATM and POS acceptance through their licensing agreements with Co-operative Bank, Kanbawza Bank, and Myanmar Overseas Bank. This represents significant progress for Myanmar's electronic payments infrastructure as it provides the country with a platform to participate in the global financial system. By joining the Visa network, the banks agree to adopt Visa's global security standards for electronic payment. Phillip Kumnick, Visa's Head of Global Acquirer Processing, said "For the core technology and operating systems we are working with Planet Payment." As a result of the recent success in Myanmar, Visa and Planet Payment (PLPM) are working on opportunities to target the deployment of the managed service to additional developing markets in support of traditional ATM and POS acceptance as well as developing support for mobile point of sale</Msg><Username>willibe45</Username><Timestamp>1363354558157</Timestamp><DateTime>Fri, 2013-03-15 09:35:58 EDT</DateTime><ThumbUp>0</ThumbUp><ThumbDown>0</ThumbDown><Sentiment/></Message><Message type="TopicMessage"><Id>1363355788335-24</Id><Title>AAPL shorts running like cockroaches</Title><Msg>exterminator arrived</Msg><Username>jgiled</Username><Timestamp>1363355788335</Timestamp><DateTime>Fri, 2013-03-15 09:56:28 EDT</DateTime><ThumbUp>0</ThumbUp><ThumbDown>0</ThumbDown><Sentiment/></Message><Message type="TopicMessage"><Id>1363356130138-25</Id><Title>take profit in goog and buy aapl</Title><Msg>goog will go down</Msg><Username>ntjdmar</Username><Timestamp>1363356130138</Timestamp><DateTime>Fri, 2013-03-15 10:02:10 EDT</DateTime><ThumbUp>1</ThumbUp><ThumbDown>1</ThumbDown><Sentiment/></Message><Message type="TopicMessage"><Id>1363356542463-26</Id><Title>Samsung Galaxy S4 is best fone. It's tite yo. 8 cores. It's tite yo.</Title><Msg>8 cores.</Msg><Username>samsungtyrone</Username><Timestamp>1363356542463</Timestamp><DateTime>Fri, 2013-03-15 10:09:02 EDT</DateTime><ThumbUp>0</ThumbUp><ThumbDown>1</ThumbDown><Sentiment/></Message><Message type="TopicMessage"><Id>1363356717508-27</Id><Title>lordy lordy.... could 8 hundo be in the making??</Title><Msg>scammed again.....</Msg><Username>spectate_ulator</Username><Timestamp>1363356717508</Timestamp><DateTime>Fri, 2013-03-15 10:11:57 EDT</DateTime><ThumbUp>0</ThumbUp><ThumbDown>0</ThumbDown><Sentiment/></Message><Message type="ReplyMessage"><Id>1363357085336-28</Id><Topic><Title>Weekly Call Option Strategy:</Title><Username>dtd1955</Username><Timestamp>1361202867068</Timestamp><DateTime>Mon, 2013-02-18 10:54:27 EST</DateTime></Topic><Msg>mmmmmmmmmmmmmmmmmmmmmmmmmmmmm</Msg><Username>cjgrz</Username><Timestamp>1363357085336</Timestamp><DateTime>Fri, 2013-03-15 10:18:05 EDT</DateTime><ThumbUp>0</ThumbUp><ThumbDown>0</ThumbDown><Sentiment/></Message><Message type="ReplyMessage"><Id>1363357153110-29</Id><Topic><Title>sure looks like double top...feb call wrong</Title><Username>cjgrz</Username><Timestamp>1363012915720</Timestamp><DateTime>Mon, 2013-03-11 10:41:55 EDT</DateTime></Topic><Msg>mmmmmmmmmmmmmmmmmmmmmm</Msg><Username>cjgrz</Username><Timestamp>1363357153110</Timestamp><DateTime>Fri, 2013-03-15 10:19:13 EDT</DateTime><ThumbUp>0</ThumbUp><ThumbDown>0</ThumbDown><Sentiment>Sell</Sentiment></Message><Message type="TopicMessage"><Id>1363357587782-30</Id><Title>where are the idiots that paid $840</Title><Msg>watch it go down to $750</Msg><Username>roobie42</Username><Timestamp>1363357587782</Timestamp><DateTime>Fri, 2013-03-15 10:26:27 EDT</DateTime><ThumbUp>0</ThumbUp><ThumbDown>0</ThumbDown><Sentiment/></Message><Message type="TopicMessage"><Id>1363357588482-31</Id><Title>Last Night's Samsung Event Was An Attack On Google More Than An Attack On Apple</Title><Msg>As said Monday, time to short goog and get long aapl... this morning Bill Miller is raving about aapl being incredibly cheap vs ebitda and pointing out that its relative vs goog is crazy... in other words, AAPL is super cheap, particularly vs goog. We also pointed out this trade was good for the year -- just getting started now. Here's some other news from BI Last Night's Samsung Event Was An Attack On Google More Than An Attack On Apple</Msg><Username>squeezetracker</Username><Timestamp>1363357588482</Timestamp><DateTime>Fri, 2013-03-15 10:26:28 EDT</DateTime><ThumbUp>0</ThumbUp><ThumbDown>0</ThumbDown><Sentiment/></Message><Message type="ReplyMessage"><Id>1363358095849-32</Id><Topic><Title>sure looks like double top...feb call wrong</Title><Username>cjgrz</Username><Timestamp>1363012915720</Timestamp><DateTime>Mon, 2013-03-11 10:41:55 EDT</DateTime></Topic><Msg>yeeeeeehhhhhhaaaaaa</Msg><Username>cjgrz</Username><Timestamp>1363358095849</Timestamp><DateTime>Fri, 2013-03-15 10:34:55 EDT</DateTime><ThumbUp>0</ThumbUp><ThumbDown>0</ThumbDown><Sentiment/></Message><Message type="ReplyMessage"><Id>1363358325256-33</Id><Topic><Title>anyone on this board interested in investing in an mj stock. check out mjna. legitimate. really good potential</Title><Username>messageboard69</Username><Timestamp>1363288209592</Timestamp><DateTime>Thu, 2013-03-14 15:10:09 EDT</DateTime></Topic><Msg>Dixie elixrs, a subsidary, sells soda, truffles, rice crispy treats, losnges, mints, tinctures, scripts, and afew other varities of THC infused products for mj card holders. They also sell a CBD line of products available online for anyone to purchase. Another subsidary, CanChew will release a CBD infused chewing gum and a THC infused gum. check out their wesite.</Msg><Username>messageboard69</Username><Timestamp>1363358325256</Timestamp><DateTime>Fri, 2013-03-15 10:38:45 EDT</DateTime><ThumbUp>0</ThumbUp><ThumbDown>0</ThumbDown><Sentiment/></Message><Message type="TopicMessage"><Id>1363358442919-34</Id><Title>Like I said. Top was established 3 days ago</Title><Msg>Money pouring back into Apple now.</Msg><Username>chris.gough67</Username><Timestamp>1363358442919</Timestamp><DateTime>Fri, 2013-03-15 10:40:42 EDT</DateTime><ThumbUp>1</ThumbUp><ThumbDown>0</ThumbDown><Sentiment/></Message><Message type="ReplyMessage"><Id>1363358511804-35</Id><Topic><Title>Samsung Galaxy S4 is best fone. It's tite yo. 8 cores. It's tite yo.</Title><Username>samsungtyrone</Username><Timestamp>1363356542463</Timestamp><DateTime>Fri, 2013-03-15 10:09:02 EDT</DateTime></Topic><Msg>lolol riight.....</Msg><Username>chris.gough67</Username><Timestamp>1363358511804</Timestamp><DateTime>Fri, 2013-03-15 10:41:51 EDT</DateTime><ThumbUp>0</ThumbUp><ThumbDown>0</ThumbDown><Sentiment/></Message><Message type="ReplyMessage"><Id>1363359591806-36</Id><Topic><Title>sure looks like double top...feb call wrong</Title><Username>cjgrz</Username><Timestamp>1363012915720</Timestamp><DateTime>Mon, 2013-03-11 10:41:55 EDT</DateTime></Topic><Msg>oh no mr bill</Msg><Username>cjgrz</Username><Timestamp>1363359591806</Timestamp><DateTime>Fri, 2013-03-15 10:59:51 EDT</DateTime><ThumbUp>0</ThumbUp><ThumbDown>0</ThumbDown><Sentiment>Sell</Sentiment></Message><Message type="ReplyMessage"><Id>1363359776783-37</Id><Topic><Title>The new Firefox OS ecosystem.</Title><Username>sam_the9th</Username><Timestamp>1363354038351</Timestamp><DateTime>Fri, 2013-03-15 09:27:18 EDT</DateTime></Topic><Msg>FYI......</Msg><Username>sam_the9th</Username><Timestamp>1363359776783</Timestamp><DateTime>Fri, 2013-03-15 11:02:56 EDT</DateTime><ThumbUp>0</ThumbUp><ThumbDown>0</ThumbDown><Sentiment/></Message><Message type="TopicMessage"><Id>1363360435803-38</Id><Title>♣♣♣♣♣ RUSSELL 2000 average P/E is LAUGHABLE at 35...some in the 200-350 range !!.</Title><Msg>ridiculous......</Msg><Username>zip_i_t_do_da</Username><Timestamp>1363360435803</Timestamp><DateTime>Fri, 2013-03-15 11:13:55 EDT</DateTime><ThumbUp>0</ThumbUp><ThumbDown>0</ThumbDown><Sentiment/></Message><Message type="TopicMessage"><Id>1363360538174-39</Id><Title>Samsung is killing all Android based devices.</Title><Msg>Samsung is the state of the art for any possible Android based device, so why anyone on earth would buy Googls' Motorola devices, HTC, or LG !!!! The race now is between Samsung, Apple, and Blackberry..........</Msg><Username>europe_and_usa</Username><Timestamp>1363360538174</Timestamp><DateTime>Fri, 2013-03-15 11:15:38 EDT</DateTime><ThumbUp>0</ThumbUp><ThumbDown>0</ThumbDown><Sentiment/></Message><Message type="ReplyMessage"><Id>1363361113895-40</Id><Topic><Title>♣♣♣♣♣ RUSSELL 2000 average P/E is LAUGHABLE at 35...some in the 200-350 range !!.</Title><Username>zip_i_t_do_da</Username><Timestamp>1363360435803</Timestamp><DateTime>Fri, 2013-03-15 11:13:55 EDT</DateTime></Topic><Msg>bwhahahahahaha!</Msg><Username>zip_i_t_do_da</Username><Timestamp>1363361113895</Timestamp><DateTime>Fri, 2013-03-15 11:25:13 EDT</DateTime><ThumbUp>0</ThumbUp><ThumbDown>0</ThumbDown><Sentiment/></Message><Message type="TopicMessage"><Id>1363361200582-41</Id><Title>FNHC - Five pieces of good news issued in three days. Trading at 30% its worth with no debt.</Title><Msg>Just read a few and then all and you will open your wallet and sell a lot of other things to buy more FNHC.</Msg><Username>daveparker0808</Username><Timestamp>1363361200582</Timestamp><DateTime>Fri, 2013-03-15 11:26:40 EDT</DateTime><ThumbUp>0</ThumbUp><ThumbDown>1</ThumbDown><Sentiment>Strong Buy</Sentiment></Message><Message type="ReplyMessage"><Id>1363361213229-42</Id><Topic><Title>MASSIVE GOOG Short Squeeze Coming (SEE DETAILED REPORT)</Title><Username>bryant_miller</Username><Timestamp>1362509597558</Timestamp><DateTime>Tue, 2013-03-05 13:53:17 EST</DateTime></Topic><Msg>Thanks !!</Msg><Username>dale.hollen</Username><Timestamp>1363361213229</Timestamp><DateTime>Fri, 2013-03-15 11:26:53 EDT</DateTime><ThumbUp>0</ThumbUp><ThumbDown>1</ThumbDown><Sentiment/></Message><Message type="ReplyMessage"><Id>1363361488427-43</Id><Topic><Title>The TRUTH about GOOG (COULD BE A SCAM!)</Title><Username>barbara_watkins</Username><Timestamp>1361540025887</Timestamp><DateTime>Fri, 2013-02-22 08:33:45 EST</DateTime></Topic><Msg>Thanks !!</Msg><Username>dale.hollen</Username><Timestamp>1363361488427</Timestamp><DateTime>Fri, 2013-03-15 11:31:28 EDT</DateTime><ThumbUp>0</ThumbUp><ThumbDown>1</ThumbDown><Sentiment/></Message><Message type="TopicMessage"><Id>1363361644713-44</Id><Title>♣♣ RUSSELL 2000 average P/E is LAUGHABLE at 35 some in the 200-350 range! 8-10 normal</Title><Msg>ridiculous........</Msg><Username>zip_i_t_do_da</Username><Timestamp>1363361644713</Timestamp><DateTime>Fri, 2013-03-15 11:34:04 EDT</DateTime><ThumbUp>0</ThumbUp><ThumbDown>0</ThumbDown><Sentiment/></Message><Message type="TopicMessage"><Id>1363364205155-45</Id><Title>♣♣♣♣♣BE THE BEAR ! There's ALOT MORE DOWNSIDE than UP ! Really !.</Title><Msg>sell asap.........</Msg><Username>zip_i_t_do_da</Username><Timestamp>1363364205155</Timestamp><DateTime>Fri, 2013-03-15 12:16:45 EDT</DateTime><ThumbUp>0</ThumbUp><ThumbDown>0</ThumbDown><Sentiment/></Message><Message type="TopicMessage"><Id>1363365133173-46</Id><Title>what is the next support line for goog? 810?</Title><Msg>Cant figure out the charts, anyone ?</Msg><Username>sherlockshah</Username><Timestamp>1363365133173</Timestamp><DateTime>Fri, 2013-03-15 12:32:13 EDT</DateTime><ThumbUp>0</ThumbUp><ThumbDown>0</ThumbDown><Sentiment/></Message><Message type="TopicMessage"><Id>1363365387515-47</Id><Title>♣♣ RUSSELL 2000 average P/E is LAUGHABLE at 35 some in the 200-350 range! 8-10 normal.</Title><Msg>bwhahahahahaha!</Msg><Username>zip_i_t_do_da</Username><Timestamp>1363365387515</Timestamp><DateTime>Fri, 2013-03-15 12:36:27 EDT</DateTime><ThumbUp>0</ThumbUp><ThumbDown>0</ThumbDown><Sentiment/></Message><Message type="TopicMessage"><Id>1363366011298-48</Id><Title>Google has started to Implode, it was only a matter of time</Title><Msg>Sellers flocking to Apple now after the embarrassing Samsung musical circus event.</Msg><Username>chris.gough67</Username><Timestamp>1363366011298</Timestamp><DateTime>Fri, 2013-03-15 12:46:51 EDT</DateTime><ThumbUp>3</ThumbUp><ThumbDown>0</ThumbDown><Sentiment/></Message><Message type="ReplyMessage"><Id>1363366106916-49</Id><Topic><Title>The new Firefox OS ecosystem.</Title><Username>sam_the9th</Username><Timestamp>1363354038351</Timestamp><DateTime>Fri, 2013-03-15 09:27:18 EDT</DateTime></Topic><Msg>FYI.........</Msg><Username>sam_the9th</Username><Timestamp>1363366106916</Timestamp><DateTime>Fri, 2013-03-15 12:48:26 EDT</DateTime><ThumbUp>0</ThumbUp><ThumbDown>0</ThumbDown><Sentiment/></Message><Message type="TopicMessage"><Id>1363366275988-50</Id><Title>♣♣♣♣♣WE SAY this market is PURE "BULL-SHEET" boys...save your $$$$ asap......</Title><Msg>really...........</Msg><Username>zip_i_t_do_da</Username><Timestamp>1363366275988</Timestamp><DateTime>Fri, 2013-03-15 12:51:15 EDT</DateTime><ThumbUp>0</ThumbUp><ThumbDown>0</ThumbDown><Sentiment/></Message><Message type="ReplyMessage"><Id>1363366478979-51</Id><Topic><Title>♣♣♣♣♣WE SAY this market is PURE "BULL-SHEET" boys...save your $$$$ asap......</Title><Username>zip_i_t_do_da</Username><Timestamp>1363366275988</Timestamp><DateTime>Fri, 2013-03-15 12:51:15 EDT</DateTime></Topic><Msg>gggggggggggggg</Msg><Username>zip_i_t_do_da</Username><Timestamp>1363366478979</Timestamp><DateTime>Fri, 2013-03-15 12:54:38 EDT</DateTime><ThumbUp>0</ThumbUp><ThumbDown>0</ThumbDown><Sentiment/></Message><Message type="ReplyMessage"><Id>1363366700130-52</Id><Topic><Title>MASSIVE GOOG Short Squeeze Coming (SEE DETAILED REPORT)</Title><Username>bryant_miller</Username><Timestamp>1362509597558</Timestamp><DateTime>Tue, 2013-03-05 13:53:17 EST</DateTime></Topic><Msg>SPAMMER !!</Msg><Username>daxwang</Username><Timestamp>1363366700130</Timestamp><DateTime>Fri, 2013-03-15 12:58:20 EDT</DateTime><ThumbUp>0</ThumbUp><ThumbDown>0</ThumbDown><Sentiment/></Message><Message type="ReplyMessage"><Id>1363366873116-53</Id><Topic><Title>Google has started to Implode, it was only a matter of time</Title><Username>chris.gough67</Username><Timestamp>1363366011298</Timestamp><DateTime>Fri, 2013-03-15 12:46:51 EDT</DateTime></Topic><Msg>I like the Goog at $250 and Apple at $750. Get her done! ..... and Amzn at $35 where it belongs.</Msg><Username>buymoreapple</Username><Timestamp>1363366873116</Timestamp><DateTime>Fri, 2013-03-15 13:01:13 EDT</DateTime><ThumbUp>0</ThumbUp><ThumbDown>0</ThumbDown><Sentiment>Hold</Sentiment></Message><Message type="TopicMessage"><Id>1363367139955-54</Id><Title>♣♣♣♣♣WE SAY this market is PURE "BULL-SHEET" boys...save your $$$$ asap......</Title><Msg>really....</Msg><Username>zip_i_t_do_da</Username><Timestamp>1363367139955</Timestamp><DateTime>Fri, 2013-03-15 13:05:39 EDT</DateTime><ThumbUp>0</ThumbUp><ThumbDown>0</ThumbDown><Sentiment/></Message><Message type="TopicMessage"><Id>1363367496375-55</Id><Title>♣♣ RUSSELL 2000 average P/E is LAUGHABLE at 35 some in the 200-350 range! 8-10 normal..</Title><Msg>really !</Msg><Username>zip_i_t_do_da</Username><Timestamp>1363367496375</Timestamp><DateTime>Fri, 2013-03-15 13:11:36 EDT</DateTime><ThumbUp>0</ThumbUp><ThumbDown>0</ThumbDown><Sentiment/></Message><Message type="TopicMessage"><Id>1363367918829-56</Id><Title>808-801 better hold or this oinkers toast.. above 829 and bandwagon shorts are effed to 837s</Title><Msg>if market dont tank soon dont be surprised if the scammers ramp this oinker to 856-7 on the shorts $$$$$ glta</Msg><Username>bluesjamj</Username><Timestamp>1363367918829</Timestamp><DateTime>Fri, 2013-03-15 13:18:38 EDT</DateTime><ThumbUp>0</ThumbUp><ThumbDown>0</ThumbDown><Sentiment/></Message><Message type="ReplyMessage"><Id>1363368562335-57</Id><Topic><Title>Google has started to Implode, it was only a matter of time</Title><Username>chris.gough67</Username><Timestamp>1363366011298</Timestamp><DateTime>Fri, 2013-03-15 12:46:51 EDT</DateTime></Topic><Msg>media clowns are rounding up the bandwagoneers caution</Msg><Username>bluesjamj</Username><Timestamp>1363368562335</Timestamp><DateTime>Fri, 2013-03-15 13:29:22 EDT</DateTime><ThumbUp>0</ThumbUp><ThumbDown>0</ThumbDown><Sentiment/></Message><Message type="ReplyMessage"><Id>1363368843063-58</Id><Topic><Title>PIGS GETS SLAUGHTEREDDDDDDDDDDDDDDDDDDDDDDDDDDDDDDDDDDDDDDDDDDDDDDDDDDDD</Title><Username>pharmaheruuu</Username><Timestamp>1363368593843</Timestamp><DateTime>Fri, 2013-03-15 13:29:53 EDT</DateTime></Topic><Msg>Are u a tard? U sure act like one.......maybe your downsy or inbreed.</Msg><Username>ukillme613</Username><Timestamp>1363368843063</Timestamp><DateTime>Fri, 2013-03-15 13:34:03 EDT</DateTime><ThumbUp>0</ThumbUp><ThumbDown>0</ThumbDown><Sentiment/></Message><Message type="ReplyMessage"><Id>1363369383888-59</Id><Topic><Title>♣♣ RUSSELL 2000 average P/E is LAUGHABLE at 35 some in the 200-350 range! 8-10 normal..</Title><Username>zip_i_t_do_da</Username><Timestamp>1363367496375</Timestamp><DateTime>Fri, 2013-03-15 13:11:36 EDT</DateTime></Topic><Msg>ggggggggg</Msg><Username>zip_i_t_do_da</Username><Timestamp>1363369383888</Timestamp><DateTime>Fri, 2013-03-15 13:43:03 EDT</DateTime><ThumbUp>0</ThumbUp><ThumbDown>0</ThumbDown><Sentiment/></Message><Message type="ReplyMessage"><Id>1363369398742-60</Id><Topic><Title>♣♣♣♣♣WE SAY this market is PURE "BULL-SHEET" boys...save your $$$$ asap......</Title><Username>zip_i_t_do_da</Username><Timestamp>1363367139955</Timestamp><DateTime>Fri, 2013-03-15 13:05:39 EDT</DateTime></Topic><Msg>ggggggggggg</Msg><Username>zip_i_t_do_da</Username><Timestamp>1363369398742</Timestamp><DateTime>Fri, 2013-03-15 13:43:18 EDT</DateTime><ThumbUp>0</ThumbUp><ThumbDown>0</ThumbDown><Sentiment/></Message><Message type="TopicMessage"><Id>1363369571415-61</Id><Title>Baristas Submits Formal Application for NASDAQ Listing-- news release</Title><Msg>facts</Msg><Username>goosehunt393</Username><Timestamp>1363369571415</Timestamp><DateTime>Fri, 2013-03-15 13:46:11 EDT</DateTime><ThumbUp>0</ThumbUp><ThumbDown>0</ThumbDown><Sentiment/></Message><Message type="TopicMessage"><Id>1363369675195-62</Id><Title>♣♣♣♣ BERNANKE BETTER pull back on this RUN AWAY TRAIN...or Disaster....</Title><Msg>really</Msg><Username>zip_i_t_do_da</Username><Timestamp>1363369675195</Timestamp><DateTime>Fri, 2013-03-15 13:47:55 EDT</DateTime><ThumbUp>0</ThumbUp><ThumbDown>0</ThumbDown><Sentiment/></Message><Message type="ReplyMessage"><Id>1363369858438-63</Id><Topic><Title>♣♣ RUSSELL 2000 average P/E is LAUGHABLE at 35 some in the 200-350 range! 8-10 normal..</Title><Username>zip_i_t_do_da</Username><Timestamp>1363367496375</Timestamp><DateTime>Fri, 2013-03-15 13:11:36 EDT</DateTime></Topic><Msg>ggggggggggg</Msg><Username>zip_i_t_do_da</Username><Timestamp>1363369858438</Timestamp><DateTime>Fri, 2013-03-15 13:50:58 EDT</DateTime><ThumbUp>0</ThumbUp><ThumbDown>1</ThumbDown><Sentiment/></Message><Message type="TopicMessage"><Id>1363369963037-64</Id><Title>WARNING---SELL0FF..SELL0FF...SELL0FF---WARNING!!!</Title><Msg>be prepared yet?</Msg><Username>rddr2022</Username><Timestamp>1363369963037</Timestamp><DateTime>Fri, 2013-03-15 13:52:43 EDT</DateTime><ThumbUp>0</ThumbUp><ThumbDown>0</ThumbDown><Sentiment/></Message><Message type="ReplyMessage"><Id>1363371051020-65</Id><Topic><Title>MASSIVE GOOG Short Squeeze Coming (SEE DETAILED REPORT)</Title><Username>bryant_miller</Username><Timestamp>1362509597558</Timestamp><DateTime>Tue, 2013-03-05 13:53:17 EST</DateTime></Topic><Msg>Awesome info , thanks !</Msg><Username>reese.donna</Username><Timestamp>1363371051020</Timestamp><DateTime>Fri, 2013-03-15 14:10:51 EDT</DateTime><ThumbUp>0</ThumbUp><ThumbDown>0</ThumbDown><Sentiment/></Message><Message type="TopicMessage"><Id>1363371082122-66</Id><Title>Funds selling Goog, amzn and buying AAPL</Title><Msg>no brainer!!!</Msg><Username>sameas55</Username><Timestamp>1363371082122</Timestamp><DateTime>Fri, 2013-03-15 14:11:22 EDT</DateTime><ThumbUp>0</ThumbUp><ThumbDown>1</ThumbDown><Sentiment>Strong Buy</Sentiment></Message><Message type="TopicMessage"><Id>1363371179097-67</Id><Title>Samsung CEO bery angry:</Title><Msg>Merrisa Ree should have done a better job for us!!! We want a refund!!!</Msg><Username>sameas55</Username><Timestamp>1363371179097</Timestamp><DateTime>Fri, 2013-03-15 14:12:59 EDT</DateTime><ThumbUp>1</ThumbUp><ThumbDown>1</ThumbDown><Sentiment>Strong Buy</Sentiment></Message><Message type="ReplyMessage"><Id>1363371254635-68</Id><Topic><Title>The TRUTH about GOOG (COULD BE A SCAM!)</Title><Username>barbara_watkins</Username><Timestamp>1361540025887</Timestamp><DateTime>Fri, 2013-02-22 08:33:45 EST</DateTime></Topic><Msg>Awesome info , thanks !</Msg><Username>reese.donna</Username><Timestamp>1363371254635</Timestamp><DateTime>Fri, 2013-03-15 14:14:14 EDT</DateTime><ThumbUp>0</ThumbUp><ThumbDown>1</ThumbDown><Sentiment/></Message><Message type="ReplyMessage"><Id>1363371410821-69</Id><Topic><Title>Google Inc. (GOOG) SURVEY!</Title><Username>langrovaterri</Username><Timestamp>1361804176592</Timestamp><DateTime>Mon, 2013-02-25 09:56:16 EST</DateTime></Topic><Msg>Continue sharing this to us please. Thanks in advance.</Msg><Username>minwoosusanne</Username><Timestamp>1363371410821</Timestamp><DateTime>Fri, 2013-03-15 14:16:50 EDT</DateTime><ThumbUp>0</ThumbUp><ThumbDown>0</ThumbDown><Sentiment>Strong Buy</Sentiment></Message><Message type="TopicMessage"><Id>1363372512020-70</Id><Title>Samsung Galaxy S4 is tite yo. The fone is tite yo</Title><Msg>It has 8 cores yo. The fone has 8 cores yo. That makes it tite yo. It's tite yo.</Msg><Username>samsungtyrone</Username><Timestamp>1363372512020</Timestamp><DateTime>Fri, 2013-03-15 14:35:12 EDT</DateTime><ThumbUp>0</ThumbUp><ThumbDown>1</ThumbDown><Sentiment/></Message><Message type="ReplyMessage"><Id>1363372881510-71</Id><Topic><Title>The new Firefox OS ecosystem.</Title><Username>sam_the9th</Username><Timestamp>1363354038351</Timestamp><DateTime>Fri, 2013-03-15 09:27:18 EDT</DateTime></Topic><Msg>FYI.............</Msg><Username>sam_the9th</Username><Timestamp>1363372881510</Timestamp><DateTime>Fri, 2013-03-15 14:41:21 EDT</DateTime><ThumbUp>0</ThumbUp><ThumbDown>0</ThumbDown><Sentiment/></Message><Message type="ReplyMessage"><Id>1363372911588-72</Id><Topic><Title>Major GOOG Pre Promotion Report</Title><Username>judesanders</Username><Timestamp>1362062119306</Timestamp><DateTime>Thu, 2013-02-28 09:35:19 EST</DateTime></Topic><Msg>thank you</Msg><Username>martinsimmons948</Username><Timestamp>1363372911588</Timestamp><DateTime>Fri, 2013-03-15 14:41:51 EDT</DateTime><ThumbUp>0</ThumbUp><ThumbDown>0</ThumbDown><Sentiment/></Message><Message type="ReplyMessage"><Id>1363373391602-73</Id><Topic><Title>sure looks like double top...feb call wrong</Title><Username>cjgrz</Username><Timestamp>1363012915720</Timestamp><DateTime>Mon, 2013-03-11 10:41:55 EDT</DateTime></Topic><Msg>lalalala</Msg><Username>cjgrz</Username><Timestamp>1363373391602</Timestamp><DateTime>Fri, 2013-03-15 14:49:51 EDT</DateTime><ThumbUp>0</ThumbUp><ThumbDown>0</ThumbDown><Sentiment/></Message><Message type="TopicMessage"><Id>1363373465031-74</Id><Title>Googlers selling and buying Apple before they go down with the ship</Title><Msg>Apple about to have a meteoric run.</Msg><Username>chris.gough67</Username><Timestamp>1363373465031</Timestamp><DateTime>Fri, 2013-03-15 14:51:05 EDT</DateTime><ThumbUp>1</ThumbUp><ThumbDown>0</ThumbDown><Sentiment/></Message><Message type="ReplyMessage"><Id>1363374110368-75</Id><Topic><Title>Samsung CEO bery angry:</Title><Username>sameas55</Username><Timestamp>1363371179097</Timestamp><DateTime>Fri, 2013-03-15 14:12:59 EDT</DateTime></Topic><Msg>+1</Msg><Username>buymoreapple</Username><Timestamp>1363374110368</Timestamp><DateTime>Fri, 2013-03-15 15:01:50 EDT</DateTime><ThumbUp>0</ThumbUp><ThumbDown>0</ThumbDown><Sentiment/></Message><Message type="ReplyMessage"><Id>1363374142222-76</Id><Topic><Title>GOOG Upgraded to STRONG BUY (EXCLUSIVE REPORT)</Title><Username>arangooscar930</Username><Timestamp>1363000930883</Timestamp><DateTime>Mon, 2013-03-11 07:22:10 EDT</DateTime></Topic><Msg>I agree</Msg><Username>enricotrueba</Username><Timestamp>1363374142222</Timestamp><DateTime>Fri, 2013-03-15 15:02:22 EDT</DateTime><ThumbUp>0</ThumbUp><ThumbDown>0</ThumbDown><Sentiment>Buy</Sentiment></Message><Message type="TopicMessage"><Id>1363374345865-77</Id><Title>they will close this oinker 818s today</Title><Msg>this pos be oinking away</Msg><Username>bluesjamj</Username><Timestamp>1363374345865</Timestamp><DateTime>Fri, 2013-03-15 15:05:45 EDT</DateTime><ThumbUp>0</ThumbUp><ThumbDown>0</ThumbDown><Sentiment/></Message><Message type="TopicMessage"><Id>1363375266048-78</Id><Title>♣♣♣♣ BEAR MARKET REST OF THE YEAR !! woooooohooooooooooo!!!</Title><Msg>amen..</Msg><Username>zip_i_t_do_da</Username><Timestamp>1363375266048</Timestamp><DateTime>Fri, 2013-03-15 15:21:06 EDT</DateTime><ThumbUp>0</ThumbUp><ThumbDown>0</ThumbDown><Sentiment/></Message><Message type="ReplyMessage"><Id>1363376040593-79</Id><Topic><Title>what is the next support line for goog? 810?</Title><Username>sherlockshah</Username><Timestamp>1363365133173</Timestamp><DateTime>Fri, 2013-03-15 12:32:13 EDT</DateTime></Topic><Msg>i have 130 puts expire jan 14</Msg><Username>sherlockshah</Username><Timestamp>1363376040593</Timestamp><DateTime>Fri, 2013-03-15 15:34:00 EDT</DateTime><ThumbUp>0</ThumbUp><ThumbDown>0</ThumbDown><Sentiment/></Message><Message type="TopicMessage"><Id>1363376472153-80</Id><Title>OCLR___ Going higher all next week. New Products BOOM!</Title><Msg>CHINA Boom ??</Msg><Username>keyisvol</Username><Timestamp>1363376472153</Timestamp><DateTime>Fri, 2013-03-15 15:41:12 EDT</DateTime><ThumbUp>0</ThumbUp><ThumbDown>0</ThumbDown><Sentiment/></Message><Message type="ReplyMessage"><Id>1363376767771-81</Id><Topic><Title>The new Firefox OS ecosystem.</Title><Username>sam_the9th</Username><Timestamp>1363354038351</Timestamp><DateTime>Fri, 2013-03-15 09:27:18 EDT</DateTime></Topic><Msg>FYI.................</Msg><Username>sam_the9th</Username><Timestamp>1363376767771</Timestamp><DateTime>Fri, 2013-03-15 15:46:07 EDT</DateTime><ThumbUp>0</ThumbUp><ThumbDown>0</ThumbDown><Sentiment/></Message><Message type="ReplyMessage"><Id>1363377015781-82</Id><Topic><Title>Last Night's Samsung Event Was An Attack On Google More Than An Attack On Apple</Title><Username>squeezetracker</Username><Timestamp>1363357588482</Timestamp><DateTime>Fri, 2013-03-15 10:26:28 EDT</DateTime></Topic><Msg>long aapl short goog... trade of the year.</Msg><Username>squeezetracker</Username><Timestamp>1363377015781</Timestamp><DateTime>Fri, 2013-03-15 15:50:15 EDT</DateTime><ThumbUp>0</ThumbUp><ThumbDown>0</ThumbDown><Sentiment/></Message><Message type="ReplyMessage"><Id>1363377879201-83</Id><Topic><Title>MASSIVE GOOG Short Squeeze Coming (SEE DETAILED REPORT)</Title><Username>bryant_miller</Username><Timestamp>1362509597558</Timestamp><DateTime>Tue, 2013-03-05 13:53:17 EST</DateTime></Topic><Msg>good report</Msg><Username>d.daviesdonnell</Username><Timestamp>1363377879201</Timestamp><DateTime>Fri, 2013-03-15 16:04:39 EDT</DateTime><ThumbUp>0</ThumbUp><ThumbDown>1</ThumbDown><Sentiment/></Message><Message type="ReplyMessage"><Id>1363378432021-84</Id><Topic><Title>The TRUTH about GOOG (COULD BE A SCAM!)</Title><Username>barbara_watkins</Username><Timestamp>1361540025887</Timestamp><DateTime>Fri, 2013-02-22 08:33:45 EST</DateTime></Topic><Msg>good report</Msg><Username>d.daviesdonnell</Username><Timestamp>1363378432021</Timestamp><DateTime>Fri, 2013-03-15 16:13:52 EDT</DateTime><ThumbUp>0</ThumbUp><ThumbDown>2</ThumbDown><Sentiment/></Message><Message type="TopicMessage"><Id>1363378701855-85</Id><Title>♣♣♣♣ CNBC "Pumper's" and BROKERS full of "SHEET" ! They know it !.</Title><Msg>really!</Msg><Username>zip_i_t_do_da</Username><Timestamp>1363378701855</Timestamp><DateTime>Fri, 2013-03-15 16:18:21 EDT</DateTime><ThumbUp>0</ThumbUp><ThumbDown>0</ThumbDown><Sentiment/></Message><Message type="TopicMessage"><Id>1363378716586-86</Id><Title>♣♣♣♣ CNBC "Pumper's" and BROKERS full of "SHEET" ! They know it !.</Title><Msg>,diitO</Msg><Username>zip_i_t_do_da</Username><Timestamp>1363378716586</Timestamp><DateTime>Fri, 2013-03-15 16:18:36 EDT</DateTime><ThumbUp>0</ThumbUp><ThumbDown>0</ThumbDown><Sentiment/></Message><Message type="TopicMessage"><Id>1363381895220-87</Id><Title>Next week</Title><Msg>They killed the most put volume by keeping it under 815, this will inch back up next week</Msg><Username>fritter70</Username><Timestamp>1363381895220</Timestamp><DateTime>Fri, 2013-03-15 17:11:35 EDT</DateTime><ThumbUp>0</ThumbUp><ThumbDown>0</ThumbDown><Sentiment/></Message><Message type="TopicMessage"><Id>1363383709898-88</Id><Title>Google glasses kicked out of bars for filming customers?? Yech....sounds like google.</Title><Msg>Let's call them looooser glasses.</Msg><Username>thefarm666</Username><Timestamp>1363383709898</Timestamp><DateTime>Fri, 2013-03-15 17:41:49 EDT</DateTime><ThumbUp>0</ThumbUp><ThumbDown>2</ThumbDown><Sentiment/></Message><Message type="TopicMessage"><Id>1363383940024-89</Id><Title>My neighbor switched to a Nokia 920. The pictures are amazing. He showed his video...flawless.</Title><Msg>I think I'll look at the Verizon Nokia when its announced.</Msg><Username>thefarm666</Username><Timestamp>1363383940024</Timestamp><DateTime>Fri, 2013-03-15 17:45:40 EDT</DateTime><ThumbUp>0</ThumbUp><ThumbDown>2</ThumbDown><Sentiment/></Message><Message type="TopicMessage"><Id>1363384028598-90</Id><Title>If all the OEM's are copying Nokia, maybe I'll just try them.</Title><Msg>They seem to be the leader.</Msg><Username>thefarm666</Username><Timestamp>1363384028598</Timestamp><DateTime>Fri, 2013-03-15 17:47:08 EDT</DateTime><ThumbUp>0</ThumbUp><ThumbDown>2</ThumbDown><Sentiment/></Message><Message type="ReplyMessage"><Id>1363384044524-91</Id><Topic><Title>Next week</Title><Username>fritter70</Username><Timestamp>1363381895220</Timestamp><DateTime>Fri, 2013-03-15 17:11:35 EDT</DateTime></Topic><Msg>what do you expect the price to be?? I actually expect it to come down in price. THE upgrades came they sold off on it. THE entire week the stock dropped and insiders are bailing. IF it does go up than the only reason i can think of is the boys will push it up to squeeze shorts from this week if they did not cover. TO get to 850 level. WHEN insiders sell someone has to take the shares. RETails dont have that kind of money to buy the big sales. SO if the institution are buying than they have to get their money back by raising the price and in return take shorts money. I can be wrong. Tough call though on this one. ITS gone up so much so shorts can think it will come down but can actually go higher.</Msg><Username>sherlockshah</Username><Timestamp>1363384044524</Timestamp><DateTime>Fri, 2013-03-15 17:47:24 EDT</DateTime><ThumbUp>0</ThumbUp><ThumbDown>0</ThumbDown><Sentiment/></Message><Message type="TopicMessage"><Id>1363384182339-92</Id><Title>Does the FBI still Warn people not to use Androids?</Title><Msg>Sounds not good.</Msg><Username>thefarm666</Username><Timestamp>1363384182339</Timestamp><DateTime>Fri, 2013-03-15 17:49:42 EDT</DateTime><ThumbUp>0</ThumbUp><ThumbDown>2</ThumbDown><Sentiment/></Message><Message type="ReplyMessage"><Id>1363385504202-93</Id><Topic><Title>Next week</Title><Username>fritter70</Username><Timestamp>1363381895220</Timestamp><DateTime>Fri, 2013-03-15 17:11:35 EDT</DateTime></Topic><Msg>I should reword what I said, I meant keeping the price below 815 was advantageous to the huge put volume under 815. I think after the big down week, that this will inch up next week. Maybe to 820. This is a momentum/trading stock, so it will have it's ups and downs. I do know GOOG has a high institutional ownership....so maybe the price was pushed down for them to buy more shares....there was a huge blip at days' end, did you see that?</Msg><Username>fritter70</Username><Timestamp>1363385504202</Timestamp><DateTime>Fri, 2013-03-15 18:11:44 EDT</DateTime><ThumbUp>0</ThumbUp><ThumbDown>0</ThumbDown><Sentiment/></Message><Message type="ReplyMessage"><Id>1363385581880-94</Id><Topic><Title>Next week</Title><Username>fritter70</Username><Timestamp>1363381895220</Timestamp><DateTime>Fri, 2013-03-15 17:11:35 EDT</DateTime></Topic><Msg>Also, I am only a short term trader in this stock, so it's bound to blip up next week so I can sell my call options. At least that's my theory. :D</Msg><Username>fritter70</Username><Timestamp>1363385581880</Timestamp><DateTime>Fri, 2013-03-15 18:13:01 EDT</DateTime><ThumbUp>0</ThumbUp><ThumbDown>0</ThumbDown><Sentiment/></Message><Message type="TopicMessage"><Id>1363388678081-95</Id><Title>that big blip could be short covering at the end not to take into weekend</Title><Msg>I agree with you on the call side for the notion it may have a dead cat bounce. SOON as it makes news and everyone starts to upgrade and cause these spikes usually means its the end. THEY run it up to lure people in just likey they did with apple. THEY never completly kill the HEN that gives them constant money but they make a killing from the swings and options market. I have learned the hard way but to make money you have to sell options calls or puts. BUYING options rarely works out.</Msg><Username>sherlockshah</Username><Timestamp>1363388678081</Timestamp><DateTime>Fri, 2013-03-15 19:04:38 EDT</DateTime><ThumbUp>0</ThumbUp><ThumbDown>0</ThumbDown><Sentiment/></Message><Message type="ReplyMessage"><Id>1363390551770-96</Id><Topic><Title>Next week</Title><Username>fritter70</Username><Timestamp>1363381895220</Timestamp><DateTime>Fri, 2013-03-15 17:11:35 EDT</DateTime></Topic><Msg>that huge blip could be short covering. WE shall see on monday.</Msg><Username>sherlockshah</Username><Timestamp>1363390551770</Timestamp><DateTime>Fri, 2013-03-15 19:35:51 EDT</DateTime><ThumbUp>0</ThumbUp><ThumbDown>0</ThumbDown><Sentiment/></Message><Message type="ReplyMessage"><Id>1363392089170-97</Id><Topic><Title>Major GOOG Pre Promotion Report</Title><Username>judesanders</Username><Timestamp>1362062119306</Timestamp><DateTime>Thu, 2013-02-28 09:35:19 EST</DateTime></Topic><Msg>helpful report, thanks!</Msg><Username>shawn.rivera</Username><Timestamp>1363392089170</Timestamp><DateTime>Fri, 2013-03-15 20:01:29 EDT</DateTime><ThumbUp>0</ThumbUp><ThumbDown>1</ThumbDown><Sentiment/></Message><Message type="ReplyMessage"><Id>1363393555939-98</Id><Topic><Title>MASSIVE GOOG Short Squeeze Coming (SEE DETAILED REPORT)</Title><Username>bryant_miller</Username><Timestamp>1362509597558</Timestamp><DateTime>Tue, 2013-03-05 13:53:17 EST</DateTime></Topic><Msg>Thanks !</Msg><Username>felix.acker</Username><Timestamp>1363393555939</Timestamp><DateTime>Fri, 2013-03-15 20:25:55 EDT</DateTime><ThumbUp>0</ThumbUp><ThumbDown>1</ThumbDown><Sentiment/></Message><Message type="ReplyMessage"><Id>1363393924267-99</Id><Topic><Title>The TRUTH about GOOG (COULD BE A SCAM!)</Title><Username>barbara_watkins</Username><Timestamp>1361540025887</Timestamp><DateTime>Fri, 2013-02-22 08:33:45 EST</DateTime></Topic><Msg>Thanks !</Msg><Username>felix.acker</Username><Timestamp>1363393924267</Timestamp><DateTime>Fri, 2013-03-15 20:32:04 EDT</DateTime><ThumbUp>0</ThumbUp><ThumbDown>1</ThumbDown><Sentiment/></Message><Message type="TopicMessage"><Id>1363396855881-100</Id><Title>The financial media like to talk about some $1000 curse lol! Says that why AAPL went down lol</Title><Msg>There is no $1,000 curse and superstition has no place in the market lol. GOOG will soar after the manipulation is over.</Msg><Username>greenegggs</Username><Timestamp>1363396855881</Timestamp><DateTime>Fri, 2013-03-15 21:20:55 EDT</DateTime><ThumbUp>0</ThumbUp><ThumbDown>1</ThumbDown><Sentiment/></Message><Message type="TopicMessage"><Id>1363397985631-101</Id><Title>Any money from Android yet?</Title><Msg>Its been about 5 years now!</Msg><Username>rimlytarder</Username><Timestamp>1363397985631</Timestamp><DateTime>Fri, 2013-03-15 21:39:45 EDT</DateTime><ThumbUp>0</ThumbUp><ThumbDown>1</ThumbDown><Sentiment/></Message><Message type="TopicMessage"><Id>1363398167353-102</Id><Title>Amazon making more profit from Android than Google!</Title><Msg>Google paid for the Androidhooker, but the Samsungpimps and Amazonpimps are cashing in! Nice move Google!</Msg><Username>rimlytarder</Username><Timestamp>1363398167353</Timestamp><DateTime>Fri, 2013-03-15 21:42:47 EDT</DateTime><ThumbUp>0</ThumbUp><ThumbDown>1</ThumbDown><Sentiment/></Message><Message type="ReplyMessage"><Id>1363404343391-103</Id><Topic><Title>MASSIVE GOOG Short Squeeze Coming (SEE DETAILED REPORT)</Title><Username>bryant_miller</Username><Timestamp>1362509597558</Timestamp><DateTime>Tue, 2013-03-05 13:53:17 EST</DateTime></Topic><Msg>SPAMMER !!</Msg><Username>daxwang</Username><Timestamp>1363404343391</Timestamp><DateTime>Fri, 2013-03-15 23:25:43 EDT</DateTime><ThumbUp>0</ThumbUp><ThumbDown>0</ThumbDown><Sentiment/></Message><Message type="ReplyMessage"><Id>1363405473164-104</Id><Topic><Title>The TRUTH about GOOG (COULD BE A SCAM!)</Title><Username>barbara_watkins</Username><Timestamp>1361540025887</Timestamp><DateTime>Fri, 2013-02-22 08:33:45 EST</DateTime></Topic><Msg>SPAMMER !!</Msg><Username>daxwang</Username><Timestamp>1363405473164</Timestamp><DateTime>Fri, 2013-03-15 23:44:33 EDT</DateTime><ThumbUp>0</ThumbUp><ThumbDown>0</ThumbDown><Sentiment/></Message></Date>