<?xml version="1.0" encoding="UTF-8" standalone="no"?><Date date="2013-07-12"><Message type="ReplyMessage"><Id>1373611787252-1</Id><Topic><Title>Pcln has a PE of over 31 with big jump today , but i'm asking</Title><Username>gambling2m</Username><Timestamp>1373578648298</Timestamp><DateTime>Thu, 2013-07-11 17:37:28 EDT</DateTime></Topic><Msg>First, PCLN has a much lower float, so it moves differently. Also, PCLN is growing faster than GOOG MS guy made an argument that PCLN should be viewed as amzn, aapl, berkshire rolled into one. Basically, my impression, is he was calling for it to be etched into the virtual mount rushmore of the most solid and dominant growth stocks, which includes GOOg. . He thinks it deserves a higher multiple, PE expansion. His survey showed that despite Expedia's new platform offering, pcln is showing continued growth, unabated domination. When global econ improves, they will benefit greatly. So that sets the stage for psychological momentum, and technically, pcln broke out on huge volume that day. But it's a late stage base, which is not a solid play. Still, if you were feeling it, and I was, you may have thought pcln would beat goog to 1000, however fleetingly, and played the breakout. I turned on a dime this afternoon and decided it would be Goog instead, &amp; got in as it tested all-time highs :) So, I'm looking for a break-out tomorrow, a pre-earnings momentum run. Not the type of trading to encourage in others, obviously, but I'm good with risk management. I'm using a portion of profits on this one. Small $.</Msg><Username>solarflarehair</Username><Timestamp>1373611787252</Timestamp><DateTime>Fri, 2013-07-12 02:49:47 EDT</DateTime><ThumbUp>0</ThumbUp><ThumbDown>0</ThumbDown><Sentiment/></Message><Message type="TopicMessage"><Id>1373629602396-2</Id><Title>Finally... GOOG at $920.... the Jan 2014 $900 calls are $71......up $1</Title><Msg>If it goes to $970,the move is so easy to traded UP with no loss of profit but?.....II the money is in your pocket, leave it there."</Msg><Username>biglefthook_00</Username><Timestamp>1373629602396</Timestamp><DateTime>Fri, 2013-07-12 07:46:42 EDT</DateTime><ThumbUp>0</ThumbUp><ThumbDown>5</ThumbDown><Sentiment/></Message><Message type="ReplyMessage"><Id>1373631173158-3</Id><Topic><Title>Finally... GOOG at $920.... the Jan 2014 $900 calls are $71......up $1</Title><Username>biglefthook_00</Username><Timestamp>1373629602396</Timestamp><DateTime>Fri, 2013-07-12 07:46:42 EDT</DateTime></Topic><Msg>the Jan 2014 $900 calls lost $20 of their premium from the Spring when GOOG was $900 and these sold for $70. The Jan 2015 $900 calls sell for $120..these lost $20 premium.... reason...TIME!</Msg><Username>biglefthook_00</Username><Timestamp>1373631173158</Timestamp><DateTime>Fri, 2013-07-12 08:12:53 EDT</DateTime><ThumbUp>1</ThumbUp><ThumbDown>5</ThumbDown><Sentiment/></Message><Message type="TopicMessage"><Id>1373632248523-4</Id><Title>GOOG red in premarket</Title><Msg>We cant have that #$%$.............Buy like hell at the open</Msg><Username>riley200834</Username><Timestamp>1373632248523</Timestamp><DateTime>Fri, 2013-07-12 08:30:48 EDT</DateTime><ThumbUp>0</ThumbUp><ThumbDown>0</ThumbDown><Sentiment/></Message><Message type="TopicMessage"><Id>1373632487595-5</Id><Title>Earnings are Thursday's close next week...July monthly expire that Friday</Title><Msg>been this way for years</Msg><Username>biglefthook_00</Username><Timestamp>1373632487595</Timestamp><DateTime>Fri, 2013-07-12 08:34:47 EDT</DateTime><ThumbUp>0</ThumbUp><ThumbDown>4</ThumbDown><Sentiment/></Message><Message type="ReplyMessage"><Id>1373632616764-6</Id><Topic><Title>Earnings are Thursday's close next week...July monthly expire that Friday</Title><Username>biglefthook_00</Username><Timestamp>1373632487595</Timestamp><DateTime>Fri, 2013-07-12 08:34:47 EDT</DateTime></Topic><Msg>Will the BIg Boys play the "V" action before on Monday and Tuesday? I don't know but IF HISTORY is a guide...yes!</Msg><Username>biglefthook_00</Username><Timestamp>1373632616764</Timestamp><DateTime>Fri, 2013-07-12 08:36:56 EDT</DateTime><ThumbUp>0</ThumbUp><ThumbDown>5</ThumbDown><Sentiment/></Message><Message type="TopicMessage"><Id>1373633163132-7</Id><Title>here are the numbers today close</Title><Msg>GOOG-10 aapl-7 PCLN-10,V-3,MA-8,NFLX-6 take profits ahead of weekend. Market over bought</Msg><Username>amit1234510</Username><Timestamp>1373633163132</Timestamp><DateTime>Fri, 2013-07-12 08:46:03 EDT</DateTime><ThumbUp>0</ThumbUp><ThumbDown>1</ThumbDown><Sentiment/></Message><Message type="TopicMessage"><Id>1373633249594-8</Id><Title>SHORT 10,000 shares today</Title><Msg>GOODNIGHT GUY</Msg><Username>tommer1959</Username><Timestamp>1373633249594</Timestamp><DateTime>Fri, 2013-07-12 08:47:29 EDT</DateTime><ThumbUp>1</ThumbUp><ThumbDown>0</ThumbDown><Sentiment>Strong Sell</Sentiment></Message><Message type="TopicMessage"><Id>1373634979685-9</Id><Title>JPM, WFC pop after earnings</Title><Msg>so will GOOG next Thursday ------ to 1000</Msg><Username>pruinvstr</Username><Timestamp>1373634979685</Timestamp><DateTime>Fri, 2013-07-12 09:16:19 EDT</DateTime><ThumbUp>1</ThumbUp><ThumbDown>0</ThumbDown><Sentiment>Strong Buy</Sentiment></Message><Message type="ReplyMessage"><Id>1373638102718-10</Id><Topic><Title>Any chance for 930</Title><Username>lacemngr</Username><Timestamp>1373600370006</Timestamp><DateTime>Thu, 2013-07-11 23:39:30 EDT</DateTime></Topic><Msg>oh yeah</Msg><Username>goodeyecharting</Username><Timestamp>1373638102718</Timestamp><DateTime>Fri, 2013-07-12 10:08:22 EDT</DateTime><ThumbUp>0</ThumbUp><ThumbDown>1</ThumbDown><Sentiment/></Message><Message type="ReplyMessage"><Id>1373638796903-11</Id><Topic><Title>SHORT 10,000 shares today</Title><Username>tommer1959</Username><Timestamp>1373633249594</Timestamp><DateTime>Fri, 2013-07-12 08:47:29 EDT</DateTime></Topic><Msg>You either are stupid or got alotta BALLS.</Msg><Username>riley200834</Username><Timestamp>1373638796903</Timestamp><DateTime>Fri, 2013-07-12 10:19:56 EDT</DateTime><ThumbUp>0</ThumbUp><ThumbDown>0</ThumbDown><Sentiment/></Message><Message type="ReplyMessage"><Id>1373640042567-12</Id><Topic><Title>Forget GOOG For A Moment... BYOC Is Your Ticket To Riches Beyond!</Title><Username>hotmanforahotwoman</Username><Timestamp>1373397808741</Timestamp><DateTime>Tue, 2013-07-09 15:23:28 EDT</DateTime></Topic><Msg>Have no doubts!</Msg><Username>hotmanforahotwoman</Username><Timestamp>1373640042567</Timestamp><DateTime>Fri, 2013-07-12 10:40:42 EDT</DateTime><ThumbUp>0</ThumbUp><ThumbDown>0</ThumbDown><Sentiment>Buy</Sentiment></Message><Message type="ReplyMessage"><Id>1373640046400-13</Id><Topic><Title>Wow! Start your DD on TRTC because I think it is about to soar.</Title><Username>aidenjacobson610</Username><Timestamp>1370351512814</Timestamp><DateTime>Tue, 2013-06-04 09:11:52 EDT</DateTime></Topic><Msg>I'll agree</Msg><Username>soren025</Username><Timestamp>1373640046400</Timestamp><DateTime>Fri, 2013-07-12 10:40:46 EDT</DateTime><ThumbUp>0</ThumbUp><ThumbDown>0</ThumbDown><Sentiment>Strong Buy</Sentiment></Message><Message type="TopicMessage"><Id>1373640300047-14</Id><Title>PLXT: @5$ very cheap:has 60% upside potential: 10$ soon</Title><Msg>An improving product mix and recent divestitures have PLXT in position to grow well. The company has 60% upside as it continues to gain share. seekingalpha.com/article/1541672-focused-and-profitable-there-s-still-plenty-of-room-for-plx-technology-to-run</Msg><Username>ngmike18</Username><Timestamp>1373640300047</Timestamp><DateTime>Fri, 2013-07-12 10:45:00 EDT</DateTime><ThumbUp>0</ThumbUp><ThumbDown>0</ThumbDown><Sentiment/></Message><Message type="TopicMessage"><Id>1373640534749-15</Id><Title>Fair Value for this stock is between $400 and $500.</Title><Msg>I am shocked that it is at $920!!! This is the reason they don't do a stock split because they know that it will be cut in half. Well....good luck longs</Msg><Username>malia37f</Username><Timestamp>1373640534749</Timestamp><DateTime>Fri, 2013-07-12 10:48:54 EDT</DateTime><ThumbUp>1</ThumbUp><ThumbDown>2</ThumbDown><Sentiment/></Message><Message type="TopicMessage"><Id>1373640601133-16</Id><Title>Should pull back today</Title><Msg>I see it around $912 to 915 by the close</Msg><Username>malia37f</Username><Timestamp>1373640601133</Timestamp><DateTime>Fri, 2013-07-12 10:50:01 EDT</DateTime><ThumbUp>0</ThumbUp><ThumbDown>0</ThumbDown><Sentiment/></Message><Message type="TopicMessage"><Id>1373640833768-17</Id><Title>premiums very very high next week?</Title><Msg>because of the split or earnings</Msg><Username>goodeyecharting</Username><Timestamp>1373640833768</Timestamp><DateTime>Fri, 2013-07-12 10:53:53 EDT</DateTime><ThumbUp>1</ThumbUp><ThumbDown>1</ThumbDown><Sentiment/></Message><Message type="ReplyMessage"><Id>1373641387915-18</Id><Topic><Title>SELL GOOGLE GLOBALLY EVERYONE IS TURNING</Title><Username>seetheworldsfuture</Username><Timestamp>1373597858226</Timestamp><DateTime>Thu, 2013-07-11 22:57:38 EDT</DateTime></Topic><Msg>Dont be a hater its just the truth its happening fast actually just want you all to be aware</Msg><Username>seetheworldsfuture</Username><Timestamp>1373641387915</Timestamp><DateTime>Fri, 2013-07-12 11:03:07 EDT</DateTime><ThumbUp>0</ThumbUp><ThumbDown>1</ThumbDown><Sentiment/></Message><Message type="ReplyMessage"><Id>1373641483246-19</Id><Topic><Title>premiums very very high next week?</Title><Username>goodeyecharting</Username><Timestamp>1373640833768</Timestamp><DateTime>Fri, 2013-07-12 10:53:53 EDT</DateTime></Topic><Msg>I know,I was just about to post that; at the money calls are going for 23 dollars. A straddle cost 46 dollars. Imply move 5 to 6 % after earning.</Msg><Username>pauly6734</Username><Timestamp>1373641483246</Timestamp><DateTime>Fri, 2013-07-12 11:04:43 EDT</DateTime><ThumbUp>0</ThumbUp><ThumbDown>0</ThumbDown><Sentiment/></Message><Message type="TopicMessage"><Id>1373641738106-20</Id><Title>SELL GOOGLE THEY HELPED GOV., SPY ON YOU</Title><Msg>SELL THESE COMMIES</Msg><Username>seetheworldsfuture</Username><Timestamp>1373641738106</Timestamp><DateTime>Fri, 2013-07-12 11:08:58 EDT</DateTime><ThumbUp>0</ThumbUp><ThumbDown>2</ThumbDown><Sentiment/></Message><Message type="ReplyMessage"><Id>1373643197006-21</Id><Topic><Title>Fair Value for this stock is between $400 and $500.</Title><Username>malia37f</Username><Timestamp>1373640534749</Timestamp><DateTime>Fri, 2013-07-12 10:48:54 EDT</DateTime></Topic><Msg>Fair value is more like $550-$600 after a 2-1 split. good call</Msg><Username>greenegggs</Username><Timestamp>1373643197006</Timestamp><DateTime>Fri, 2013-07-12 11:33:17 EDT</DateTime><ThumbUp>1</ThumbUp><ThumbDown>0</ThumbDown><Sentiment/></Message><Message type="TopicMessage"><Id>1373644356254-22</Id><Title>False Breakout</Title><Msg>Print above all time high was a head fake with no follow through. Could mean trouble for GOOG and overall market unless GOOG closes above $920 next week. QQQs also did a head fake above recent high of 75.03.</Msg><Username>tech_stock_technician</Username><Timestamp>1373644356254</Timestamp><DateTime>Fri, 2013-07-12 11:52:36 EDT</DateTime><ThumbUp>1</ThumbUp><ThumbDown>0</ThumbDown><Sentiment/></Message><Message type="TopicMessage"><Id>1373648925461-23</Id><Title>Earnings are on Monday .</Title><Msg>Shorty playing with fire right now.</Msg><Username>no65limit</Username><Timestamp>1373648925461</Timestamp><DateTime>Fri, 2013-07-12 13:08:45 EDT</DateTime><ThumbUp>0</ThumbUp><ThumbDown>1</ThumbDown><Sentiment/></Message><Message type="ReplyMessage"><Id>1373650291576-24</Id><Topic><Title>DRAM $4.1 UP 10%...BREAKING OUT !!!....$30 TARGET...CATALYSTS: 1) NEW BLOCKBUSTER MEMORY MANUFACTURING DEAL WITH AMD, 2) MEMORY PRICES UP!</Title><Username>will.jipson</Username><Timestamp>1373558655516</Timestamp><DateTime>Thu, 2013-07-11 12:04:15 EDT</DateTime></Topic><Msg>The market look forward not backwards moron ...BTW...DRAM is up again</Msg><Username>joeyggrecco</Username><Timestamp>1373650291576</Timestamp><DateTime>Fri, 2013-07-12 13:31:31 EDT</DateTime><ThumbUp>0</ThumbUp><ThumbDown>0</ThumbDown><Sentiment/></Message><Message type="ReplyMessage"><Id>1373651517065-25</Id><Topic><Title>Forget GOOG For A Moment... BYOC Is Your Ticket To Riches Beyond!</Title><Username>hotmanforahotwoman</Username><Timestamp>1373397808741</Timestamp><DateTime>Tue, 2013-07-09 15:23:28 EDT</DateTime></Topic><Msg>Watch the BIG-RUN higher soon. I'm... "Luvin' It"</Msg><Username>hotmanforahotwoman</Username><Timestamp>1373651517065</Timestamp><DateTime>Fri, 2013-07-12 13:51:57 EDT</DateTime><ThumbUp>0</ThumbUp><ThumbDown>0</ThumbDown><Sentiment>Buy</Sentiment></Message><Message type="TopicMessage"><Id>1373652768798-26</Id><Title>Earnings on close of THURSDAY 18 July; July Monthly expiration on 19 July</Title><Msg>been this way for years</Msg><Username>biglefthook_00</Username><Timestamp>1373652768798</Timestamp><DateTime>Fri, 2013-07-12 14:12:48 EDT</DateTime><ThumbUp>1</ThumbUp><ThumbDown>5</ThumbDown><Sentiment/></Message><Message type="ReplyMessage"><Id>1373652815174-27</Id><Topic><Title>Earnings are on Monday .</Title><Username>no65limit</Username><Timestamp>1373648925461</Timestamp><DateTime>Fri, 2013-07-12 13:08:45 EDT</DateTime></Topic><Msg>Earnings are on THURSDAY at CLOSE OF MARKET</Msg><Username>biglefthook_00</Username><Timestamp>1373652815174</Timestamp><DateTime>Fri, 2013-07-12 14:13:35 EDT</DateTime><ThumbUp>1</ThumbUp><ThumbDown>5</ThumbDown><Sentiment/></Message><Message type="TopicMessage"><Id>1373655444742-28</Id><Title>PCLN will pass GOOG soon because of it's low float and share buy back imo.</Title><Msg>Easier for PCLN to move because it's float is only 50 Million and GOOG float is 270MM. Plus PCLN buying back shares. Both will make go much higher, but I still think PCLN will get there much quicker.</Msg><Username>greenegggs</Username><Timestamp>1373655444742</Timestamp><DateTime>Fri, 2013-07-12 14:57:24 EDT</DateTime><ThumbUp>0</ThumbUp><ThumbDown>0</ThumbDown><Sentiment/></Message><Message type="TopicMessage"><Id>1373659061486-29</Id><Title>Expect high range today $921.00-$922.50!</Title><Msg>As Google comes closer to $925.00! Cuffs</Msg><Username>kingcuffs</Username><Timestamp>1373659061486</Timestamp><DateTime>Fri, 2013-07-12 15:57:41 EDT</DateTime><ThumbUp>0</ThumbUp><ThumbDown>0</ThumbDown><Sentiment/></Message><Message type="TopicMessage"><Id>1373660245964-30</Id><Title>GOOG deserves a p.e. 30!</Title><Msg>Anything less is just a total joke! Cuffs</Msg><Username>kingcuffs</Username><Timestamp>1373660245964</Timestamp><DateTime>Fri, 2013-07-12 16:17:25 EDT</DateTime><ThumbUp>0</ThumbUp><ThumbDown>0</ThumbDown><Sentiment/></Message><Message type="ReplyMessage"><Id>1373662002538-31</Id><Topic><Title>PCLN will pass GOOG soon because of it's low float and share buy back imo.</Title><Username>greenegggs</Username><Timestamp>1373655444742</Timestamp><DateTime>Fri, 2013-07-12 14:57:24 EDT</DateTime></Topic><Msg>You wrote:Both will make go much higher,but I still think PCLN will get there much quicker. Try this:Both will go much higher.But I think PCLN will get there faster. Cuffs</Msg><Username>kingcuffs</Username><Timestamp>1373662002538</Timestamp><DateTime>Fri, 2013-07-12 16:46:42 EDT</DateTime><ThumbUp>0</ThumbUp><ThumbDown>0</ThumbDown><Sentiment/></Message><Message type="ReplyMessage"><Id>1373662085974-32</Id><Topic><Title>Earnings are on Monday .</Title><Username>no65limit</Username><Timestamp>1373648925461</Timestamp><DateTime>Fri, 2013-07-12 13:08:45 EDT</DateTime></Topic><Msg>Earnings are incredible! Cuffs</Msg><Username>kingcuffs</Username><Timestamp>1373662085974</Timestamp><DateTime>Fri, 2013-07-12 16:48:05 EDT</DateTime><ThumbUp>0</ThumbUp><ThumbDown>0</ThumbDown><Sentiment/></Message><Message type="ReplyMessage"><Id>1373662518219-33</Id><Topic><Title>Fair Value for this stock is between $400 and $500.</Title><Username>malia37f</Username><Timestamp>1373640534749</Timestamp><DateTime>Fri, 2013-07-12 10:48:54 EDT</DateTime></Topic><Msg>What are you talking about? Seriously? Are you familiar with the stock market? Google could double and still be cheap. Stocks are forward looking, and Google has been undervalued and misunderstood by Wall Street from day one of the IPO. If you think Google is overvalued, then you must really hate NFLX, AMZN, FB, and just about any other internet tech stock out there. If Google was priced like those stocks it would be at $10,000+/share. So relative to the market Google trades in, it is severely undervalued.</Msg><Username>tagetlocman</Username><Timestamp>1373662518219</Timestamp><DateTime>Fri, 2013-07-12 16:55:18 EDT</DateTime><ThumbUp>1</ThumbUp><ThumbDown>0</ThumbDown><Sentiment>Strong Buy</Sentiment></Message><Message type="ReplyMessage"><Id>1373663121327-34</Id><Topic><Title>Fair Value for this stock is between $400 and $500.</Title><Username>malia37f</Username><Timestamp>1373640534749</Timestamp><DateTime>Fri, 2013-07-12 10:48:54 EDT</DateTime></Topic><Msg>LMAO. Freight train will double within 2 years.</Msg><Username>tsparis</Username><Timestamp>1373663121327</Timestamp><DateTime>Fri, 2013-07-12 17:05:21 EDT</DateTime><ThumbUp>0</ThumbUp><ThumbDown>1</ThumbDown><Sentiment>Strong Buy</Sentiment></Message><Message type="ReplyMessage"><Id>1373664692171-35</Id><Topic><Title>PCLN will pass GOOG soon because of it's low float and share buy back imo.</Title><Username>greenegggs</Username><Timestamp>1373655444742</Timestamp><DateTime>Fri, 2013-07-12 14:57:24 EDT</DateTime></Topic><Msg>Doesn't matter to me which way or the other, because I'm in both lol. Btw. You have too much time on your hands lol.</Msg><Username>greenegggs</Username><Timestamp>1373664692171</Timestamp><DateTime>Fri, 2013-07-12 17:31:32 EDT</DateTime><ThumbUp>0</ThumbUp><ThumbDown>0</ThumbDown><Sentiment/></Message><Message type="TopicMessage"><Id>1373664725778-36</Id><Title>I DON'T THINK SHORTS UNDERSTAND HOW BIG GOOG FIBER WILL BECOME EITHER.</Title><Msg>$$$$</Msg><Username>greenegggs</Username><Timestamp>1373664725778</Timestamp><DateTime>Fri, 2013-07-12 17:32:05 EDT</DateTime><ThumbUp>0</ThumbUp><ThumbDown>0</ThumbDown><Sentiment/></Message><Message type="TopicMessage"><Id>1373664786153-37</Id><Title>ALSO, THE MARKETING CAMPAIGN FOR THE MOTO X: "MADE IN AMERICA" WILL SELL MASSIVE PHONE IMO.</Title><Msg>$$$$$$</Msg><Username>greenegggs</Username><Timestamp>1373664786153</Timestamp><DateTime>Fri, 2013-07-12 17:33:06 EDT</DateTime><ThumbUp>0</ThumbUp><ThumbDown>0</ThumbDown><Sentiment/></Message><Message type="ReplyMessage"><Id>1373665513950-38</Id><Topic><Title>ALSO, THE MARKETING CAMPAIGN FOR THE MOTO X: "MADE IN AMERICA" WILL SELL MASSIVE PHONE IMO.</Title><Username>greenegggs</Username><Timestamp>1373664786153</Timestamp><DateTime>Fri, 2013-07-12 17:33:06 EDT</DateTime></Topic><Msg>Should be Phones. In case you have something to say about that too lol. Get a life.</Msg><Username>greenegggs</Username><Timestamp>1373665513950</Timestamp><DateTime>Fri, 2013-07-12 17:45:13 EDT</DateTime><ThumbUp>1</ThumbUp><ThumbDown>0</ThumbDown><Sentiment/></Message><Message type="TopicMessage"><Id>1373679332846-39</Id><Title>After watching the trial, thank Gawd Trayvon and that disgusting fat</Title><Msg>balack hoochie did not reproduce! Zimmerman did the world a favor.</Msg><Username>obama_thanggr</Username><Timestamp>1373679332846</Timestamp><DateTime>Fri, 2013-07-12 21:35:32 EDT</DateTime><ThumbUp>1</ThumbUp><ThumbDown>0</ThumbDown><Sentiment/></Message><Message type="TopicMessage"><Id>1373686410120-40</Id><Title>crama said google will hit 1100.00 .after e.</Title><Msg>I think he's right buy buy buy</Msg><Username>dkatakmo</Username><Timestamp>1373686410120</Timestamp><DateTime>Fri, 2013-07-12 23:33:30 EDT</DateTime><ThumbUp>1</ThumbUp><ThumbDown>3</ThumbDown><Sentiment/></Message><Message type="ReplyMessage"><Id>1373687203845-41</Id><Topic><Title>premiums very very high next week?</Title><Username>goodeyecharting</Username><Timestamp>1373640833768</Timestamp><DateTime>Fri, 2013-07-12 10:53:53 EDT</DateTime></Topic><Msg>How do you play this? at what strikes?</Msg><Username>lastshirt</Username><Timestamp>1373687203845</Timestamp><DateTime>Fri, 2013-07-12 23:46:43 EDT</DateTime><ThumbUp>0</ThumbUp><ThumbDown>0</ThumbDown><Sentiment/></Message></Date>