<?xml version="1.0" encoding="UTF-8" standalone="no"?><Date date="2013-01-10"><Message type="TopicMessage"><Id>1357822840566-1</Id><Title>Ho Hum another UP day</Title><Msg>Its good to be long GOOG</Msg><Username>riley200834</Username><Timestamp>1357822840566</Timestamp><DateTime>Thu, 2013-01-10 08:00:40 EST</DateTime><ThumbUp>0</ThumbUp><ThumbDown>0</ThumbDown><Sentiment/></Message><Message type="ReplyMessage"><Id>1357824398131-2</Id><Topic><Title>Five stocks to own in 2013!!!</Title><Username>kingcuffs</Username><Timestamp>1357767342905</Timestamp><DateTime>Wed, 2013-01-09 16:35:42 EST</DateTime></Topic><Msg>Good stocks. Look at COF you need to add to your list.</Msg><Username>riley200834</Username><Timestamp>1357824398131</Timestamp><DateTime>Thu, 2013-01-10 08:26:38 EST</DateTime><ThumbUp>0</ThumbUp><ThumbDown>0</ThumbDown><Sentiment/></Message><Message type="ReplyMessage"><Id>1357825630958-3</Id><Topic><Title>Google’s BeatThatQuote Acquisition Cleared by U.K. Regulator</Title><Username>gaysartwellzqkmry8528</Username><Timestamp>1309539594000</Timestamp><DateTime>Fri, 2011-07-01 12:59:54 EDT</DateTime></Topic><Msg>Its a Must See Chart Pattern</Msg><Username>thomashenry893</Username><Timestamp>1357825630958</Timestamp><DateTime>Thu, 2013-01-10 08:47:10 EST</DateTime><ThumbUp>0</ThumbUp><ThumbDown>0</ThumbDown><Sentiment/></Message><Message type="TopicMessage"><Id>1357825792065-4</Id><Title>Will we see 52 week high before earnings ??</Title><Msg>Me think so</Msg><Username>jgiled</Username><Timestamp>1357825792065</Timestamp><DateTime>Thu, 2013-01-10 08:49:52 EST</DateTime><ThumbUp>0</ThumbUp><ThumbDown>0</ThumbDown><Sentiment/></Message><Message type="ReplyMessage"><Id>1357826359415-5</Id><Topic><Title>Google’s BeatThatQuote Acquisition Cleared by U.K. Regulator</Title><Username>gaysartwellzqkmry8528</Username><Timestamp>1309539594000</Timestamp><DateTime>Fri, 2011-07-01 12:59:54 EDT</DateTime></Topic><Msg>I see your point</Msg><Username>thomashenry893</Username><Timestamp>1357826359415</Timestamp><DateTime>Thu, 2013-01-10 08:59:19 EST</DateTime><ThumbUp>0</ThumbUp><ThumbDown>0</ThumbDown><Sentiment/></Message><Message type="TopicMessage"><Id>1357826467359-6</Id><Title>GOOG up $5 in premarket</Title><Msg>Already its gonna be a BIG day</Msg><Username>riley200834</Username><Timestamp>1357826467359</Timestamp><DateTime>Thu, 2013-01-10 09:01:07 EST</DateTime><ThumbUp>0</ThumbUp><ThumbDown>0</ThumbDown><Sentiment/></Message><Message type="ReplyMessage"><Id>1357826558372-7</Id><Topic><Title>HOT Longs Going Up</Title><Username>kristineirion515</Username><Timestamp>1325355389000</Timestamp><DateTime>Sat, 2011-12-31 13:16:29 EST</DateTime></Topic><Msg>Really free??? let me check...</Msg><Username>thomashenry893</Username><Timestamp>1357826558372</Timestamp><DateTime>Thu, 2013-01-10 09:02:38 EST</DateTime><ThumbUp>0</ThumbUp><ThumbDown>0</ThumbDown><Sentiment/></Message><Message type="TopicMessage"><Id>1357827747441-8</Id><Title>GOOG is ON FIRE</Title><Msg>Love it Baby</Msg><Username>riley200834</Username><Timestamp>1357827747441</Timestamp><DateTime>Thu, 2013-01-10 09:22:27 EST</DateTime><ThumbUp>0</ThumbUp><ThumbDown>0</ThumbDown><Sentiment/></Message><Message type="TopicMessage"><Id>1357828507172-9</Id><Title>Love it when shortie</Title><Msg>takes it up the hoo hoo!!!!! Bwaaaaahhaaaaaaa</Msg><Username>riley200834</Username><Timestamp>1357828507172</Timestamp><DateTime>Thu, 2013-01-10 09:35:07 EST</DateTime><ThumbUp>0</ThumbUp><ThumbDown>0</ThumbDown><Sentiment/></Message><Message type="TopicMessage"><Id>1357829343582-10</Id><Title>LNKD taking off on outperform rating. Nice.</Title><Msg>$$$$$$$$$$$</Msg><Username>greenegggs</Username><Timestamp>1357829343582</Timestamp><DateTime>Thu, 2013-01-10 09:49:03 EST</DateTime><ThumbUp>0</ThumbUp><ThumbDown>0</ThumbDown><Sentiment/></Message><Message type="TopicMessage"><Id>1357831006661-11</Id><Title>GOOG =</Title><Msg>MO MONEY MO MONEY</Msg><Username>riley200834</Username><Timestamp>1357831006661</Timestamp><DateTime>Thu, 2013-01-10 10:16:46 EST</DateTime><ThumbUp>0</ThumbUp><ThumbDown>0</ThumbDown><Sentiment/></Message><Message type="TopicMessage"><Id>1357832632131-12</Id><Title>Gentleman's club</Title><Msg>how can you become the member ? I want to know where those Gentleman's will hit next</Msg><Username>jgiled</Username><Timestamp>1357832632131</Timestamp><DateTime>Thu, 2013-01-10 10:43:52 EST</DateTime><ThumbUp>0</ThumbUp><ThumbDown>0</ThumbDown><Sentiment/></Message><Message type="TopicMessage"><Id>1357834169226-13</Id><Title>BOSC breakout??</Title><Msg>Will BOSC breakout or fail today???? Calm before the storm either way? Look weird level II</Msg><Username>axiomdog</Username><Timestamp>1357834169226</Timestamp><DateTime>Thu, 2013-01-10 11:09:29 EST</DateTime><ThumbUp>0</ThumbUp><ThumbDown>0</ThumbDown><Sentiment/></Message><Message type="TopicMessage"><Id>1357836995102-14</Id><Title>STOA .05 BREAKOUT ALERT NEW HIGHS COMING</Title><Msg>GOING TO BE A MONSTER STOA</Msg><Username>mr_kn0wn_it_all</Username><Timestamp>1357836995102</Timestamp><DateTime>Thu, 2013-01-10 11:56:35 EST</DateTime><ThumbUp>0</ThumbUp><ThumbDown>0</ThumbDown><Sentiment>Strong Buy</Sentiment></Message><Message type="TopicMessage"><Id>1357842269213-15</Id><Title>Can short sellers manipulate stocks using HFT</Title><Msg>any idea ??? we trying to have a nice presentation on how a group of stocks trade at the same time There are just few dozens of them but the best part there are only group of Hedge Funds play with them and abuse them Its amazing how they can manipulate with only few trades causing a massive slide in just sec</Msg><Username>jgiled</Username><Timestamp>1357842269213</Timestamp><DateTime>Thu, 2013-01-10 13:24:29 EST</DateTime><ThumbUp>0</ThumbUp><ThumbDown>0</ThumbDown><Sentiment/></Message><Message type="TopicMessage"><Id>1357844168833-16</Id><Title>volume</Title><Msg>why is average volume so low on this hot stock????</Msg><Username>johnparcg</Username><Timestamp>1357844168833</Timestamp><DateTime>Thu, 2013-01-10 13:56:08 EST</DateTime><ThumbUp>0</ThumbUp><ThumbDown>0</ThumbDown><Sentiment/></Message><Message type="TopicMessage"><Id>1357845664725-17</Id><Title>DON'T HOLD, DON'T BUY, AND!!!!!</Title><Msg>DONT SHORT EITHER!</Msg><Username>rddr2022</Username><Timestamp>1357845664725</Timestamp><DateTime>Thu, 2013-01-10 14:21:04 EST</DateTime><ThumbUp>0</ThumbUp><ThumbDown>1</ThumbDown><Sentiment/></Message><Message type="ReplyMessage"><Id>1357848225519-18</Id><Topic><Title>volume</Title><Username>johnparcg</Username><Timestamp>1357844168833</Timestamp><DateTime>Thu, 2013-01-10 13:56:08 EST</DateTime></Topic><Msg>Everybody's holding.......................dont want to sell til it hits the right price. $800</Msg><Username>riley200834</Username><Timestamp>1357848225519</Timestamp><DateTime>Thu, 2013-01-10 15:03:45 EST</DateTime><ThumbUp>0</ThumbUp><ThumbDown>0</ThumbDown><Sentiment/></Message><Message type="TopicMessage"><Id>1357849593095-19</Id><Title>Lets get that 3:30 pm pump in</Title><Msg>Take it to 750</Msg><Username>riley200834</Username><Timestamp>1357849593095</Timestamp><DateTime>Thu, 2013-01-10 15:26:33 EST</DateTime><ThumbUp>0</ThumbUp><ThumbDown>0</ThumbDown><Sentiment/></Message><Message type="TopicMessage"><Id>1357850703026-20</Id><Title>Nuthin but UP</Title><Msg>baby.................................</Msg><Username>riley200834</Username><Timestamp>1357850703026</Timestamp><DateTime>Thu, 2013-01-10 15:45:03 EST</DateTime><ThumbUp>0</ThumbUp><ThumbDown>0</ThumbDown><Sentiment/></Message><Message type="TopicMessage"><Id>1357856978022-21</Id><Title>For sale 22,000 shares</Title><Msg>Price for my shares only $775.00 per share.Cuffs</Msg><Username>kingcuffs</Username><Timestamp>1357856978022</Timestamp><DateTime>Thu, 2013-01-10 17:29:38 EST</DateTime><ThumbUp>0</ThumbUp><ThumbDown>0</ThumbDown><Sentiment/></Message><Message type="TopicMessage"><Id>1357864974877-22</Id><Title>Android/Java huge security holes!</Title><Msg>Infosecurity Magazine just reported today that 99% of mobile malware targets Android. And because Android is based on Java, which Reuters is reporting today has major security issues and should be disabled immediately, Android shouldn't be used at all either.</Msg><Username>adonis9000</Username><Timestamp>1357864974877</Timestamp><DateTime>Thu, 2013-01-10 19:42:54 EST</DateTime><ThumbUp>1</ThumbUp><ThumbDown>0</ThumbDown><Sentiment>Strong Sell</Sentiment></Message><Message type="ReplyMessage"><Id>1357867736713-23</Id><Topic><Title>volume</Title><Username>johnparcg</Username><Timestamp>1357844168833</Timestamp><DateTime>Thu, 2013-01-10 13:56:08 EST</DateTime></Topic><Msg>why is average volume so low on this hot stock???? Because it's not a "hot" stock.</Msg><Username>house_at_pooneil_corners</Username><Timestamp>1357867736713</Timestamp><DateTime>Thu, 2013-01-10 20:28:56 EST</DateTime><ThumbUp>0</ThumbUp><ThumbDown>0</ThumbDown><Sentiment/></Message><Message type="ReplyMessage"><Id>1357876335012-24</Id><Topic><Title>volume</Title><Username>johnparcg</Username><Timestamp>1357844168833</Timestamp><DateTime>Thu, 2013-01-10 13:56:08 EST</DateTime></Topic><Msg>Because everyone is scared to death that the truly disastrous earnings performance from last quarter will be repeated and the PPS will drop 100 points overnight.</Msg><Username>myronblender</Username><Timestamp>1357876335012</Timestamp><DateTime>Thu, 2013-01-10 22:52:15 EST</DateTime><ThumbUp>0</ThumbUp><ThumbDown>0</ThumbDown><Sentiment/></Message></Date>