<?xml version="1.0" encoding="UTF-8" standalone="no"?><Date date="2013-07-09"><Message type="TopicMessage"><Id>1373348946428-1</Id><Title>clout - Sunshine Baby</Title><Msg>/watch?v=r2ARgFzdBMo</Msg><Username>haughtciao</Username><Timestamp>1373348946428</Timestamp><DateTime>Tue, 2013-07-09 01:49:06 EDT</DateTime><ThumbUp>0</ThumbUp><ThumbDown>0</ThumbDown><Sentiment/></Message><Message type="ReplyMessage"><Id>1373349311817-2</Id><Topic><Title>EASY 75k year.. all you have to..</Title><Username>stockmr</Username><Timestamp>1366859241381</Timestamp><DateTime>Wed, 2013-04-24 23:07:21 EDT</DateTime></Topic><Msg>NOWD</Msg><Username>j_benson34</Username><Timestamp>1373349311817</Timestamp><DateTime>Tue, 2013-07-09 01:55:11 EDT</DateTime><ThumbUp>0</ThumbUp><ThumbDown>0</ThumbDown><Sentiment/></Message><Message type="TopicMessage"><Id>1373350048591-3</Id><Title>Rhye - Last Dance</Title><Msg>/watch?v=AsvxTCvY26c</Msg><Username>haughtciao</Username><Timestamp>1373350048591</Timestamp><DateTime>Tue, 2013-07-09 02:07:28 EDT</DateTime><ThumbUp>0</ThumbUp><ThumbDown>0</ThumbDown><Sentiment/></Message><Message type="TopicMessage"><Id>1373351074468-4</Id><Title>Fred Bongusto - Pensieri</Title><Msg>/watch?v=CXbr78Yp7ug</Msg><Username>haughtciao</Username><Timestamp>1373351074468</Timestamp><DateTime>Tue, 2013-07-09 02:24:34 EDT</DateTime><ThumbUp>0</ThumbUp><ThumbDown>0</ThumbDown><Sentiment/></Message><Message type="TopicMessage"><Id>1373357097809-5</Id><Title>My guess is ? Google will gap up.</Title><Msg>Huge fromb950 to 970 within this week.</Msg><Username>no65limit</Username><Timestamp>1373357097809</Timestamp><DateTime>Tue, 2013-07-09 04:04:57 EDT</DateTime><ThumbUp>0</ThumbUp><ThumbDown>0</ThumbDown><Sentiment>Strong Buy</Sentiment></Message><Message type="TopicMessage"><Id>1373373138983-6</Id><Title>Already Up $5</Title><Msg>#$%$...................................Nuthin but UP here</Msg><Username>riley200834</Username><Timestamp>1373373138983</Timestamp><DateTime>Tue, 2013-07-09 08:32:18 EDT</DateTime><ThumbUp>0</ThumbUp><ThumbDown>0</ThumbDown><Sentiment/></Message><Message type="TopicMessage"><Id>1373374802019-7</Id><Title>Heeeeeyyy Heeeeeyyy yaaaah</Title><Msg>Party in the USA</Msg><Username>riley200834</Username><Timestamp>1373374802019</Timestamp><DateTime>Tue, 2013-07-09 09:00:02 EDT</DateTime><ThumbUp>0</ThumbUp><ThumbDown>0</ThumbDown><Sentiment/></Message><Message type="ReplyMessage"><Id>1373375219793-8</Id><Topic><Title>Heeeeeyyy Heeeeeyyy yaaaah</Title><Username>riley200834</Username><Timestamp>1373374802019</Timestamp><DateTime>Tue, 2013-07-09 09:00:02 EDT</DateTime></Topic><Msg>Bad news is good news.............good news is great news. You cant lose. unless u r short</Msg><Username>riley200834</Username><Timestamp>1373375219793</Timestamp><DateTime>Tue, 2013-07-09 09:06:59 EDT</DateTime><ThumbUp>0</ThumbUp><ThumbDown>0</ThumbDown><Sentiment/></Message><Message type="TopicMessage"><Id>1373377884619-9</Id><Title>CSWC to split 4:1 end of month !</Title><Msg>NAV is over $172</Msg><Username>bomber1882</Username><Timestamp>1373377884619</Timestamp><DateTime>Tue, 2013-07-09 09:51:24 EDT</DateTime><ThumbUp>0</ThumbUp><ThumbDown>0</ThumbDown><Sentiment/></Message><Message type="ReplyMessage"><Id>1373378573782-10</Id><Topic><Title>Already Up $5</Title><Username>riley200834</Username><Timestamp>1373373138983</Timestamp><DateTime>Tue, 2013-07-09 08:32:18 EDT</DateTime></Topic><Msg>Flip that! Now down $5.</Msg><Username>blust34442</Username><Timestamp>1373378573782</Timestamp><DateTime>Tue, 2013-07-09 10:02:53 EDT</DateTime><ThumbUp>0</ThumbUp><ThumbDown>0</ThumbDown><Sentiment>Strong Sell</Sentiment></Message><Message type="TopicMessage"><Id>1373378872805-11</Id><Title>MOST OVERVALUED TECH STOCK, doing to much badly</Title><Msg>Worthless glasses, the problem of Google is doing to much to badly. Better concentrate in doing thing good and less</Msg><Username>prins127c</Username><Timestamp>1373378872805</Timestamp><DateTime>Tue, 2013-07-09 10:07:52 EDT</DateTime><ThumbUp>0</ThumbUp><ThumbDown>0</ThumbDown><Sentiment/></Message><Message type="ReplyMessage"><Id>1373378881507-12</Id><Topic><Title>SHOULD TEST THE 899-900 LEVEL TO KEEP EM HONEST--SPY LOOKS TOPPY</Title><Username>valueplay_2000</Username><Timestamp>1373299345419</Timestamp><DateTime>Mon, 2013-07-08 12:02:25 EDT</DateTime></Topic><Msg>Well, there ya have it...Question is do we jump back in long or look for additional drift maybe down to 5 day ma or mid 895's...help, I don't know</Msg><Username>valueplay_2000</Username><Timestamp>1373378881507</Timestamp><DateTime>Tue, 2013-07-09 10:08:01 EDT</DateTime><ThumbUp>0</ThumbUp><ThumbDown>0</ThumbDown><Sentiment/></Message><Message type="TopicMessage"><Id>1373379577961-13</Id><Title>Going Up</Title><Msg>Stock will resume its climb after 100 Million insider sales by Brin, Schmidt, and the others. They will be sorry when the stock hits 1000 next week. They do not want to appear greedy.</Msg><Username>joep102195</Username><Timestamp>1373379577961</Timestamp><DateTime>Tue, 2013-07-09 10:19:37 EDT</DateTime><ThumbUp>0</ThumbUp><ThumbDown>0</ThumbDown><Sentiment/></Message><Message type="TopicMessage"><Id>1373380057726-14</Id><Title>HAVE TO SHAKE OUT THE WEAK KNEES FIRST.</Title><Msg>$$$$$</Msg><Username>greenegggs</Username><Timestamp>1373380057726</Timestamp><DateTime>Tue, 2013-07-09 10:27:37 EDT</DateTime><ThumbUp>0</ThumbUp><ThumbDown>0</ThumbDown><Sentiment/></Message><Message type="TopicMessage"><Id>1373381179137-15</Id><Title>What happened at 9:56?</Title><Msg>Looks like a unified sell program kicked in?</Msg><Username>dtd1955</Username><Timestamp>1373381179137</Timestamp><DateTime>Tue, 2013-07-09 10:46:19 EDT</DateTime><ThumbUp>0</ThumbUp><ThumbDown>0</ThumbDown><Sentiment/></Message><Message type="ReplyMessage"><Id>1373381750940-16</Id><Topic><Title>What happened at 9:56?</Title><Username>dtd1955</Username><Timestamp>1373381179137</Timestamp><DateTime>Tue, 2013-07-09 10:46:19 EDT</DateTime></Topic><Msg>Many many many hands in this cookie jar! Easy manipulation for shakeout is required. Needs to move higher but can't with weak hands here. Hang on or miss the real move</Msg><Username>goodeyecharting</Username><Timestamp>1373381750940</Timestamp><DateTime>Tue, 2013-07-09 10:55:50 EDT</DateTime><ThumbUp>0</ThumbUp><ThumbDown>0</ThumbDown><Sentiment/></Message><Message type="TopicMessage"><Id>1373381769596-17</Id><Title>903 your second chance to sell longs</Title><Msg>dont miss out</Msg><Username>bluesjamj</Username><Timestamp>1373381769596</Timestamp><DateTime>Tue, 2013-07-09 10:56:09 EDT</DateTime><ThumbUp>0</ThumbUp><ThumbDown>0</ThumbDown><Sentiment/></Message><Message type="TopicMessage"><Id>1373381851984-18</Id><Title>GOOGLE AND APPLE losing ground in popularity and trust in USA goverment</Title><Msg>If they can be avoided avoid them!</Msg><Username>prins127c</Username><Timestamp>1373381851984</Timestamp><DateTime>Tue, 2013-07-09 10:57:31 EDT</DateTime><ThumbUp>0</ThumbUp><ThumbDown>0</ThumbDown><Sentiment/></Message><Message type="ReplyMessage"><Id>1373381895161-19</Id><Topic><Title>GOOGLE AND APPLE losing ground in popularity and trust in USA goverment</Title><Username>prins127c</Username><Timestamp>1373381851984</Timestamp><DateTime>Tue, 2013-07-09 10:57:31 EDT</DateTime></Topic><Msg>I mean, with the USA goverment spying around, no GOOGLE AND APPLE/MS for me!</Msg><Username>prins127c</Username><Timestamp>1373381895161</Timestamp><DateTime>Tue, 2013-07-09 10:58:15 EDT</DateTime><ThumbUp>0</ThumbUp><ThumbDown>0</ThumbDown><Sentiment/></Message><Message type="TopicMessage"><Id>1373382807277-20</Id><Title>WFM:BreakOUT of 3 month base: will be 60$ in few weeks</Title><Msg>===============================================================================</Msg><Username>ngmike18</Username><Timestamp>1373382807277</Timestamp><DateTime>Tue, 2013-07-09 11:13:27 EDT</DateTime><ThumbUp>0</ThumbUp><ThumbDown>0</ThumbDown><Sentiment/></Message><Message type="ReplyMessage"><Id>1373384844048-21</Id><Topic><Title>My guess is ? Google will gap up.</Title><Username>no65limit</Username><Timestamp>1373357097809</Timestamp><DateTime>Tue, 2013-07-09 04:04:57 EDT</DateTime></Topic><Msg>I hope you're right, but what do you base your guess on?</Msg><Username>bbucel</Username><Timestamp>1373384844048</Timestamp><DateTime>Tue, 2013-07-09 11:47:24 EDT</DateTime><ThumbUp>0</ThumbUp><ThumbDown>0</ThumbDown><Sentiment/></Message><Message type="TopicMessage"><Id>1373385879236-22</Id><Title>American Spy-activities will lead to exodus from internet giants like Google and Facebook</Title><Msg>Google becoming a pain in the #$%$</Msg><Username>prins127c</Username><Timestamp>1373385879236</Timestamp><DateTime>Tue, 2013-07-09 12:04:39 EDT</DateTime><ThumbUp>1</ThumbUp><ThumbDown>0</ThumbDown><Sentiment/></Message><Message type="ReplyMessage"><Id>1373385915176-23</Id><Topic><Title>American Spy-activities will lead to exodus from internet giants like Google and Facebook</Title><Username>prins127c</Username><Timestamp>1373385879236</Timestamp><DateTime>Tue, 2013-07-09 12:04:39 EDT</DateTime></Topic><Msg>not placed?</Msg><Username>prins127c</Username><Timestamp>1373385915176</Timestamp><DateTime>Tue, 2013-07-09 12:05:15 EDT</DateTime><ThumbUp>0</ThumbUp><ThumbDown>0</ThumbDown><Sentiment/></Message><Message type="TopicMessage"><Id>1373385992619-24</Id><Title>JUST UPGRADED TO $1010.00</Title><Msg>$$$$$$$$$$</Msg><Username>greenegggs</Username><Timestamp>1373385992619</Timestamp><DateTime>Tue, 2013-07-09 12:06:32 EDT</DateTime><ThumbUp>0</ThumbUp><ThumbDown>3</ThumbDown><Sentiment/></Message><Message type="ReplyMessage"><Id>1373386057566-25</Id><Topic><Title>American Spy-activities will lead to exodus from internet giants like Google and Facebook</Title><Username>prins127c</Username><Timestamp>1373385879236</Timestamp><DateTime>Tue, 2013-07-09 12:04:39 EDT</DateTime></Topic><Msg>I even think they work together in secret!</Msg><Username>prins127c</Username><Timestamp>1373386057566</Timestamp><DateTime>Tue, 2013-07-09 12:07:37 EDT</DateTime><ThumbUp>1</ThumbUp><ThumbDown>0</ThumbDown><Sentiment/></Message><Message type="TopicMessage"><Id>1373386126849-26</Id><Title>$1,000 IS JUST EARNINGS TARGET. A SPLIT WOULD BE A BONUS AND PRICE WOULD GO TO $1100-$1200 IMO</Title><Msg>$$$$$$$</Msg><Username>greenegggs</Username><Timestamp>1373386126849</Timestamp><DateTime>Tue, 2013-07-09 12:08:46 EDT</DateTime><ThumbUp>0</ThumbUp><ThumbDown>0</ThumbDown><Sentiment/></Message><Message type="ReplyMessage"><Id>1373388445464-27</Id><Topic><Title>JUST UPGRADED TO $1010.00</Title><Username>greenegggs</Username><Timestamp>1373385992619</Timestamp><DateTime>Tue, 2013-07-09 12:06:32 EDT</DateTime></Topic><Msg>The hell you say??????????????</Msg><Username>riley200834</Username><Timestamp>1373388445464</Timestamp><DateTime>Tue, 2013-07-09 12:47:25 EDT</DateTime><ThumbUp>0</ThumbUp><ThumbDown>2</ThumbDown><Sentiment/></Message><Message type="ReplyMessage"><Id>1373389104506-28</Id><Topic><Title>JUST UPGRADED TO $1010.00</Title><Username>greenegggs</Username><Timestamp>1373385992619</Timestamp><DateTime>Tue, 2013-07-09 12:06:32 EDT</DateTime></Topic><Msg>dont buy it yet ,,they need new bagholders to sell to</Msg><Username>bluesjamj</Username><Timestamp>1373389104506</Timestamp><DateTime>Tue, 2013-07-09 12:58:24 EDT</DateTime><ThumbUp>1</ThumbUp><ThumbDown>0</ThumbDown><Sentiment/></Message><Message type="TopicMessage"><Id>1373390641229-29</Id><Title>Google was upgraded to $1,100.00 months ago!</Title><Msg>So any upgrades lower than that amount is a total joke. Cuffs</Msg><Username>kingcuffs</Username><Timestamp>1373390641229</Timestamp><DateTime>Tue, 2013-07-09 13:24:01 EDT</DateTime><ThumbUp>0</ThumbUp><ThumbDown>0</ThumbDown><Sentiment/></Message><Message type="TopicMessage"><Id>1373390783539-30</Id><Title>$912.00 - $915.00 Expected high today!</Title><Msg>Buy Buy Buy! !! Cuffs</Msg><Username>kingcuffs</Username><Timestamp>1373390783539</Timestamp><DateTime>Tue, 2013-07-09 13:26:23 EDT</DateTime><ThumbUp>1</ThumbUp><ThumbDown>0</ThumbDown><Sentiment/></Message><Message type="ReplyMessage"><Id>1373391106573-31</Id><Topic><Title>$912.00 - $915.00 Expected high today!</Title><Username>kingcuffs</Username><Timestamp>1373390783539</Timestamp><DateTime>Tue, 2013-07-09 13:26:23 EDT</DateTime></Topic><Msg>it already topped at 912 3 1/2 hours ago LOLyou napping ,, ???? sell mortimer</Msg><Username>bluesjamj</Username><Timestamp>1373391106573</Timestamp><DateTime>Tue, 2013-07-09 13:31:46 EDT</DateTime><ThumbUp>0</ThumbUp><ThumbDown>0</ThumbDown><Sentiment/></Message><Message type="ReplyMessage"><Id>1373391152981-32</Id><Topic><Title>$912.00 - $915.00 Expected high today!</Title><Username>kingcuffs</Username><Timestamp>1373390783539</Timestamp><DateTime>Tue, 2013-07-09 13:26:23 EDT</DateTime></Topic><Msg>Lol your a funny man.cuffs</Msg><Username>kingcuffs</Username><Timestamp>1373391152981</Timestamp><DateTime>Tue, 2013-07-09 13:32:32 EDT</DateTime><ThumbUp>0</ThumbUp><ThumbDown>0</ThumbDown><Sentiment/></Message><Message type="ReplyMessage"><Id>1373391238378-33</Id><Topic><Title>JUST UPGRADED TO $1010.00</Title><Username>greenegggs</Username><Timestamp>1373385992619</Timestamp><DateTime>Tue, 2013-07-09 12:06:32 EDT</DateTime></Topic><Msg>Its worth $1,100.00 do your research.cuts</Msg><Username>kingcuffs</Username><Timestamp>1373391238378</Timestamp><DateTime>Tue, 2013-07-09 13:33:58 EDT</DateTime><ThumbUp>0</ThumbUp><ThumbDown>0</ThumbDown><Sentiment/></Message><Message type="TopicMessage"><Id>1373391551507-34</Id><Title>going downtown not like isrg hopefully LOL</Title><Msg>weeeeeeeeeeeeeeeeeeeeeeee</Msg><Username>bluesjamj</Username><Timestamp>1373391551507</Timestamp><DateTime>Tue, 2013-07-09 13:39:11 EDT</DateTime><ThumbUp>0</ThumbUp><ThumbDown>0</ThumbDown><Sentiment/></Message><Message type="TopicMessage"><Id>1373391668480-35</Id><Title>isrg getting effin hammered today</Title><Msg>wow</Msg><Username>bluesjamj</Username><Timestamp>1373391668480</Timestamp><DateTime>Tue, 2013-07-09 13:41:08 EDT</DateTime><ThumbUp>0</ThumbUp><ThumbDown>0</ThumbDown><Sentiment/></Message><Message type="TopicMessage"><Id>1373391983976-36</Id><Title>+ 200 billion fresh market for Google around the corner</Title><Msg>Self driving car computer unit: Piper calculates 60 milj car each year sold (times) 3000 - 4000 dollars per unit. Nice market for Google which is a technology leader. BMW, Nissan etc embrace the technology already. - read more in Forbes</Msg><Username>cocktailbird65</Username><Timestamp>1373391983976</Timestamp><DateTime>Tue, 2013-07-09 13:46:23 EDT</DateTime><ThumbUp>0</ThumbUp><ThumbDown>0</ThumbDown><Sentiment/></Message><Message type="ReplyMessage"><Id>1373392796631-37</Id><Topic><Title>+ 200 billion fresh market for Google around the corner</Title><Username>cocktailbird65</Username><Timestamp>1373391983976</Timestamp><DateTime>Tue, 2013-07-09 13:46:23 EDT</DateTime></Topic><Msg>oh yeah self driving car sounds real safe , and borg glasses for perverts and spys??? no thanx</Msg><Username>bluesjamj</Username><Timestamp>1373392796631</Timestamp><DateTime>Tue, 2013-07-09 13:59:56 EDT</DateTime><ThumbUp>0</ThumbUp><ThumbDown>0</ThumbDown><Sentiment/></Message><Message type="TopicMessage"><Id>1373393484370-38</Id><Title>Abigail Doolittle says GOOGs going to $650</Title><Msg>According to her charts, GOOG has huge downside risk. Not sure where she gets that since GOOG is still in a bullish uptrend and has not violated the 50 DMA even during the recent sell off.</Msg><Username>nvc_invstr</Username><Timestamp>1373393484370</Timestamp><DateTime>Tue, 2013-07-09 14:11:24 EDT</DateTime><ThumbUp>0</ThumbUp><ThumbDown>0</ThumbDown><Sentiment/></Message><Message type="TopicMessage"><Id>1373397133054-39</Id><Title>WFM: breakOUTof 3 month base Heading2 60$ plus</Title><Msg>==================================================================</Msg><Username>ngmike18</Username><Timestamp>1373397133054</Timestamp><DateTime>Tue, 2013-07-09 15:12:13 EDT</DateTime><ThumbUp>0</ThumbUp><ThumbDown>0</ThumbDown><Sentiment/></Message><Message type="TopicMessage"><Id>1373397808741-40</Id><Title>Forget GOOG For A Moment... BYOC Is Your Ticket To Riches Beyond!</Title><Msg>But very speculative indeed. Trading range of .0008-.0013 just today alone. I still see GOOG going to around $1250.00 later on this year.</Msg><Username>hotmanforahotwoman</Username><Timestamp>1373397808741</Timestamp><DateTime>Tue, 2013-07-09 15:23:28 EDT</DateTime><ThumbUp>0</ThumbUp><ThumbDown>0</ThumbDown><Sentiment>Buy</Sentiment></Message><Message type="ReplyMessage"><Id>1373399312040-41</Id><Topic><Title>I am finally mastering GOOG stock</Title><Username>betty.sinclair</Username><Timestamp>1370894218376</Timestamp><DateTime>Mon, 2013-06-10 15:56:58 EDT</DateTime></Topic><Msg>:) super</Msg><Username>martha.lane92</Username><Timestamp>1373399312040</Timestamp><DateTime>Tue, 2013-07-09 15:48:32 EDT</DateTime><ThumbUp>1</ThumbUp><ThumbDown>1</ThumbDown><Sentiment/></Message><Message type="ReplyMessage"><Id>1373399517302-42</Id><Topic><Title>Really liking this on GOOG stock</Title><Username>lillian.brian</Username><Timestamp>1371759456144</Timestamp><DateTime>Thu, 2013-06-20 16:17:36 EDT</DateTime></Topic><Msg>astonishing, super</Msg><Username>carol.jacobs25</Username><Timestamp>1373399517302</Timestamp><DateTime>Tue, 2013-07-09 15:51:57 EDT</DateTime><ThumbUp>1</ThumbUp><ThumbDown>0</ThumbDown><Sentiment/></Message><Message type="TopicMessage"><Id>1373402275703-43</Id><Title>CITIGROUP just upgraded Internet stocks..GOOG top pick</Title><Msg>CNBC just announced this</Msg><Username>biglefthook_00</Username><Timestamp>1373402275703</Timestamp><DateTime>Tue, 2013-07-09 16:37:55 EDT</DateTime><ThumbUp>1</ThumbUp><ThumbDown>7</ThumbDown><Sentiment/></Message><Message type="ReplyMessage"><Id>1373402682007-44</Id><Topic><Title>GOOG will be a big winner this year</Title><Username>biglefthook_00</Username><Timestamp>1373269342739</Timestamp><DateTime>Mon, 2013-07-08 03:42:22 EDT</DateTime></Topic><Msg>BIG WINNER!</Msg><Username>biglefthook_00</Username><Timestamp>1373402682007</Timestamp><DateTime>Tue, 2013-07-09 16:44:42 EDT</DateTime><ThumbUp>0</ThumbUp><ThumbDown>5</ThumbDown><Sentiment/></Message><Message type="ReplyMessage"><Id>1373402683693-45</Id><Topic><Title>Really liking this on GOOG stock</Title><Username>lillian.brian</Username><Timestamp>1371759456144</Timestamp><DateTime>Thu, 2013-06-20 16:17:36 EDT</DateTime></Topic><Msg>all of these names are fakes. Notice how they all sound like vanilla. I want to get in on the shill. Would one of you "astonishing super really interested" people give me the email address, so I can make some coin, just like you do by posting such worthless text? Please?</Msg><Username>sdansker2002</Username><Timestamp>1373402683693</Timestamp><DateTime>Tue, 2013-07-09 16:44:43 EDT</DateTime><ThumbUp>0</ThumbUp><ThumbDown>2</ThumbDown><Sentiment>Hold</Sentiment></Message><Message type="ReplyMessage"><Id>1373403037519-46</Id><Topic><Title>GOOG will be a big winner this year</Title><Username>biglefthook_00</Username><Timestamp>1373269342739</Timestamp><DateTime>Mon, 2013-07-08 03:42:22 EDT</DateTime></Topic><Msg>all this sound &amp; fury today for just 15 cents??? The stock ended up even &amp; I made $500 by doing nothing. My spread narrowed 25 cents on 20 contracts. Again, woulda coulda shoulda done something on the huge dip this morning, but didn't--oh well. But then there's always the perennial bump up just after the opening.....</Msg><Username>sdansker2002</Username><Timestamp>1373403037519</Timestamp><DateTime>Tue, 2013-07-09 16:50:37 EDT</DateTime><ThumbUp>0</ThumbUp><ThumbDown>0</ThumbDown><Sentiment>Hold</Sentiment></Message><Message type="TopicMessage"><Id>1373405748870-47</Id><Title>NETE signs with Spotify, Itunes and Google music</Title><Msg>NETE is the next Paypal...worldwide mobile commerce payment company.</Msg><Username>bomber1882</Username><Timestamp>1373405748870</Timestamp><DateTime>Tue, 2013-07-09 17:35:48 EDT</DateTime><ThumbUp>0</ThumbUp><ThumbDown>0</ThumbDown><Sentiment/></Message><Message type="TopicMessage"><Id>1373409014444-48</Id><Title>Lesson on time... Stock is $905; Jan $900 calls at $64</Title><Msg>This is a simple concept</Msg><Username>biglefthook_00</Username><Timestamp>1373409014444</Timestamp><DateTime>Tue, 2013-07-09 18:30:14 EDT</DateTime><ThumbUp>0</ThumbUp><ThumbDown>5</ThumbDown><Sentiment/></Message><Message type="ReplyMessage"><Id>1373411288986-49</Id><Topic><Title>EASY 75k year.. all you have to..</Title><Username>stockmr</Username><Timestamp>1366859241381</Timestamp><DateTime>Wed, 2013-04-24 23:07:21 EDT</DateTime></Topic><Msg>I'd like to send you a little something for all that you do for those on this board that are smart enough to pay attention to you. I just have to wonder why someone would be kind enough to take the time to do this. Since I can't get something to you directly I will keep you in mind next time I. Blow big yeasty one. God Bless You - jerx ofx</Msg><Username>muttsydog</Username><Timestamp>1373411288986</Timestamp><DateTime>Tue, 2013-07-09 19:08:08 EDT</DateTime><ThumbUp>0</ThumbUp><ThumbDown>0</ThumbDown><Sentiment/></Message><Message type="ReplyMessage"><Id>1373412290272-50</Id><Topic><Title>Forget GOOG For A Moment... BYOC Is Your Ticket To Riches Beyond!</Title><Username>hotmanforahotwoman</Username><Timestamp>1373397808741</Timestamp><DateTime>Tue, 2013-07-09 15:23:28 EDT</DateTime></Topic><Msg>How is it possible for anyone to be so stupid. You have to try to be stupid.</Msg><Username>ellerbebil2</Username><Timestamp>1373412290272</Timestamp><DateTime>Tue, 2013-07-09 19:24:50 EDT</DateTime><ThumbUp>0</ThumbUp><ThumbDown>0</ThumbDown><Sentiment/></Message><Message type="TopicMessage"><Id>1373417629077-51</Id><Title>Watch the next pop is coming soon!</Title><Msg>Coming into earnings fast and furious! Cuffs</Msg><Username>kingcuffs</Username><Timestamp>1373417629077</Timestamp><DateTime>Tue, 2013-07-09 20:53:49 EDT</DateTime><ThumbUp>1</ThumbUp><ThumbDown>0</ThumbDown><Sentiment/></Message><Message type="TopicMessage"><Id>1373419551656-52</Id><Title>imf says global growth slowing</Title><Msg>sad it takes these morons to state and confirm the obvious</Msg><Username>bluesjamj</Username><Timestamp>1373419551656</Timestamp><DateTime>Tue, 2013-07-09 21:25:51 EDT</DateTime><ThumbUp>0</ThumbUp><ThumbDown>1</ThumbDown><Sentiment/></Message><Message type="TopicMessage"><Id>1373419773087-53</Id><Title>oinkey could go down alot tommorrow imo</Title><Msg>anyone take notice the option activity today?</Msg><Username>bluesjamj</Username><Timestamp>1373419773087</Timestamp><DateTime>Tue, 2013-07-09 21:29:33 EDT</DateTime><ThumbUp>0</ThumbUp><ThumbDown>1</ThumbDown><Sentiment/></Message><Message type="ReplyMessage"><Id>1373420541827-54</Id><Topic><Title>CITIGROUP just upgraded Internet stocks..GOOG top pick</Title><Username>biglefthook_00</Username><Timestamp>1373402275703</Timestamp><DateTime>Tue, 2013-07-09 16:37:55 EDT</DateTime></Topic><Msg>the wall streeters want bagholder buyers up here,to sell into imho, i plan 2 be a buyer sub 890 for a trade</Msg><Username>bluesjamj</Username><Timestamp>1373420541827</Timestamp><DateTime>Tue, 2013-07-09 21:42:21 EDT</DateTime><ThumbUp>1</ThumbUp><ThumbDown>1</ThumbDown><Sentiment/></Message><Message type="ReplyMessage"><Id>1373420642642-55</Id><Topic><Title>$912.00 - $915.00 Expected high today!</Title><Username>kingcuffs</Username><Timestamp>1373390783539</Timestamp><DateTime>Tue, 2013-07-09 13:26:23 EDT</DateTime></Topic><Msg>hope you took profits cuffy</Msg><Username>bluesjamj</Username><Timestamp>1373420642642</Timestamp><DateTime>Tue, 2013-07-09 21:44:02 EDT</DateTime><ThumbUp>0</ThumbUp><ThumbDown>0</ThumbDown><Sentiment/></Message><Message type="ReplyMessage"><Id>1373427083770-56</Id><Topic><Title>Watch the next pop is coming soon!</Title><Username>kingcuffs</Username><Timestamp>1373417629077</Timestamp><DateTime>Tue, 2013-07-09 20:53:49 EDT</DateTime></Topic><Msg>Yup. Ready for her tomorrow mornin!</Msg><Username>goodeyecharting</Username><Timestamp>1373427083770</Timestamp><DateTime>Tue, 2013-07-09 23:31:23 EDT</DateTime><ThumbUp>0</ThumbUp><ThumbDown>0</ThumbDown><Sentiment/></Message><Message type="TopicMessage"><Id>1373427754879-57</Id><Title>((((Alert))Microsoft reports hackings linked to report by Google researcher Reuters</Title><Msg>Microsoft reports hackings linked to report by Google researcher Reuters Microsoft Corp said hackers have attacked some computers by exploiting a bug in Windows first disclosed two months ago by a Google Inc researcher, who came under fire at the time for publicizing the flaw ...</Msg><Username>mashiach</Username><Timestamp>1373427754879</Timestamp><DateTime>Tue, 2013-07-09 23:42:34 EDT</DateTime><ThumbUp>1</ThumbUp><ThumbDown>0</ThumbDown><Sentiment/></Message></Date>