<?xml version="1.0" encoding="UTF-8" standalone="no"?><Date date="2013-06-13"><Message type="ReplyMessage"><Id>1371096596662-1</Id><Topic><Title>Tomorrow there will be a big fight between the longs and the shorts.</Title><Username>yinvestor</Username><Timestamp>1371067300016</Timestamp><DateTime>Wed, 2013-06-12 16:01:40 EDT</DateTime></Topic><Msg>how low willit gap down is the question 867 better hold or look out below</Msg><Username>bluesjamj</Username><Timestamp>1371096596662</Timestamp><DateTime>Thu, 2013-06-13 00:09:56 EDT</DateTime><ThumbUp>0</ThumbUp><ThumbDown>0</ThumbDown><Sentiment/></Message><Message type="TopicMessage"><Id>1371114675955-2</Id><Title>Inside Rumor Leaked - Google Will Announce Stock Split in July</Title><Msg>BOOM</Msg><Username>goodeyecharting</Username><Timestamp>1371114675955</Timestamp><DateTime>Thu, 2013-06-13 05:11:15 EDT</DateTime><ThumbUp>2</ThumbUp><ThumbDown>1</ThumbDown><Sentiment>Strong Buy</Sentiment></Message><Message type="ReplyMessage"><Id>1371125173051-3</Id><Topic><Title>Inside Rumor Leaked - Google Will Announce Stock Split in July</Title><Username>goodeyecharting</Username><Timestamp>1371114675955</Timestamp><DateTime>Thu, 2013-06-13 05:11:15 EDT</DateTime></Topic><Msg>Workers at Google say that's not true.cuffs</Msg><Username>kingcuffs</Username><Timestamp>1371125173051</Timestamp><DateTime>Thu, 2013-06-13 08:06:13 EDT</DateTime><ThumbUp>0</ThumbUp><ThumbDown>0</ThumbDown><Sentiment/></Message><Message type="ReplyMessage"><Id>1371126633705-4</Id><Topic><Title>look at fidelity and charles schab in Bethesda</Title><Username>election00</Username><Timestamp>1371092844314</Timestamp><DateTime>Wed, 2013-06-12 23:07:24 EDT</DateTime></Topic><Msg>I think you are looking at the wrong address..that is the Samsung return line based on AAPL's latest news</Msg><Username>biglefthook_00</Username><Timestamp>1371126633705</Timestamp><DateTime>Thu, 2013-06-13 08:30:33 EDT</DateTime><ThumbUp>0</ThumbUp><ThumbDown>6</ThumbDown><Sentiment/></Message><Message type="TopicMessage"><Id>1371126699118-5</Id><Title>Reverse psychology...open low then rebound vs open higher then drop</Title><Msg>Could be an weekly "V" move ?</Msg><Username>biglefthook_00</Username><Timestamp>1371126699118</Timestamp><DateTime>Thu, 2013-06-13 08:31:39 EDT</DateTime><ThumbUp>1</ThumbUp><ThumbDown>6</ThumbDown><Sentiment/></Message><Message type="TopicMessage"><Id>1371126743794-6</Id><Title>Let's review...</Title><Msg>this weekend</Msg><Username>biglefthook_00</Username><Timestamp>1371126743794</Timestamp><DateTime>Thu, 2013-06-13 08:32:23 EDT</DateTime><ThumbUp>0</ThumbUp><ThumbDown>7</ThumbDown><Sentiment/></Message><Message type="TopicMessage"><Id>1371129710576-7</Id><Title>Analysts: Google is heading to $1000.</Title><Msg>On "Featured on Yahoo! Finance" section.</Msg><Username>europe_and_usa</Username><Timestamp>1371129710576</Timestamp><DateTime>Thu, 2013-06-13 09:21:50 EDT</DateTime><ThumbUp>0</ThumbUp><ThumbDown>0</ThumbDown><Sentiment/></Message><Message type="ReplyMessage"><Id>1371129881060-8</Id><Topic><Title>Inside Rumor Leaked - Google Will Announce Stock Split in July</Title><Username>goodeyecharting</Username><Timestamp>1371114675955</Timestamp><DateTime>Thu, 2013-06-13 05:11:15 EDT</DateTime></Topic><Msg>A rumor is just a rumor until it is true. This one seems in line with current price action. The stock pairs AAPL/GOOG are also at a split and trade accordingly. It warrants further look at the least. A 2 for 1 is sensible</Msg><Username>goodeyecharting</Username><Timestamp>1371129881060</Timestamp><DateTime>Thu, 2013-06-13 09:24:41 EDT</DateTime><ThumbUp>0</ThumbUp><ThumbDown>0</ThumbDown><Sentiment/></Message><Message type="ReplyMessage"><Id>1371130419924-9</Id><Topic><Title>Easy as 1, 2, 3</Title><Username>cunninghammichael852</Username><Timestamp>1371056082901</Timestamp><DateTime>Wed, 2013-06-12 12:54:42 EDT</DateTime></Topic><Msg>They are increasing fixed expenses</Msg><Username>max.fox358260</Username><Timestamp>1371130419924</Timestamp><DateTime>Thu, 2013-06-13 09:33:39 EDT</DateTime><ThumbUp>0</ThumbUp><ThumbDown>0</ThumbDown><Sentiment/></Message><Message type="TopicMessage"><Id>1371131359466-10</Id><Title>Any Thought we can see $880 today ?</Title><Msg>Any Thought we can see $880 today ?</Msg><Username>sam_setta</Username><Timestamp>1371131359466</Timestamp><DateTime>Thu, 2013-06-13 09:49:19 EDT</DateTime><ThumbUp>0</ThumbUp><ThumbDown>0</ThumbDown><Sentiment>Strong Buy</Sentiment></Message><Message type="ReplyMessage"><Id>1371131708408-11</Id><Topic><Title>Tomorrow there will be a big fight between the longs and the shorts.</Title><Username>yinvestor</Username><Timestamp>1371067300016</Timestamp><DateTime>Wed, 2013-06-12 16:01:40 EDT</DateTime></Topic><Msg>yep, as described above... I have held Goog since 2005 and have been selling far out of the money calls (generating small additional profits) as well as when she runs too high to fast I buy protective puts to generate even greater profits all the while owning Google out right... Her chart did not look healthy after running from 700 to 920 with no sizable pullback to establish any foothold... She has some large gaps that WILL get covered (someday, who knows when...) but I like playing goog with protective options strategy to maintain ownership as well as generating income on the side as she pulls back... now do I think a pull back or out right crushing like AAPL is in store... no, but I do believe she is going through her 50 day MA before earnings and I believe she flys past 920 after earnings... I make quick 2-3 week option plays backed with protective 6 month out option puts. Sometimes it works great... sometimes they expire worthless. with limits, I'm still way ahead of the ball game than merely buying and holding a stock... to many 911's in the world as well as to many manipulations like AAPL in the world.</Msg><Username>chadwick_71</Username><Timestamp>1371131708408</Timestamp><DateTime>Thu, 2013-06-13 09:55:08 EDT</DateTime><ThumbUp>1</ThumbUp><ThumbDown>0</ThumbDown><Sentiment>Hold</Sentiment></Message><Message type="ReplyMessage"><Id>1371131841584-12</Id><Topic><Title>Does PXLW follow HIMX..................Apple deal?</Title><Username>goldmine9950</Username><Timestamp>1371040826099</Timestamp><DateTime>Wed, 2013-06-12 08:40:26 EDT</DateTime></Topic><Msg>Hope so... Bought some.</Msg><Username>financialsforfun</Username><Timestamp>1371131841584</Timestamp><DateTime>Thu, 2013-06-13 09:57:21 EDT</DateTime><ThumbUp>0</ThumbUp><ThumbDown>0</ThumbDown><Sentiment/></Message><Message type="ReplyMessage"><Id>1371131852688-13</Id><Topic><Title>Is PXLW .......being used for Apple's iTV ??????????</Title><Username>powertraderpro</Username><Timestamp>1370967357615</Timestamp><DateTime>Tue, 2013-06-11 12:15:57 EDT</DateTime></Topic><Msg>Hope so....bought some</Msg><Username>financialsforfun</Username><Timestamp>1371131852688</Timestamp><DateTime>Thu, 2013-06-13 09:57:32 EDT</DateTime><ThumbUp>0</ThumbUp><ThumbDown>0</ThumbDown><Sentiment/></Message><Message type="ReplyMessage"><Id>1371132117171-14</Id><Topic><Title>Any Thought we can see $880 today ?</Title><Username>sam_setta</Username><Timestamp>1371131359466</Timestamp><DateTime>Thu, 2013-06-13 09:49:19 EDT</DateTime></Topic><Msg>what do you mean thoughts? Should we all pray?</Msg><Username>shanzha8</Username><Timestamp>1371132117171</Timestamp><DateTime>Thu, 2013-06-13 10:01:57 EDT</DateTime><ThumbUp>0</ThumbUp><ThumbDown>1</ThumbDown><Sentiment/></Message><Message type="ReplyMessage"><Id>1371132579473-15</Id><Topic><Title>Any Thought we can see $880 today ?</Title><Username>sam_setta</Username><Timestamp>1371131359466</Timestamp><DateTime>Thu, 2013-06-13 09:49:19 EDT</DateTime></Topic><Msg>That might so the trick. LoL.</Msg><Username>risc6k</Username><Timestamp>1371132579473</Timestamp><DateTime>Thu, 2013-06-13 10:09:39 EDT</DateTime><ThumbUp>0</ThumbUp><ThumbDown>0</ThumbDown><Sentiment>Strong Buy</Sentiment></Message><Message type="TopicMessage"><Id>1371132642090-16</Id><Title>Watch out here comes 50 DAY MA</Title><Msg>As mention last week when I place the protective puts at 914 and doubled up last week at 890... she is pressing her 50 day with a slide before earnings... I look to close out the puts by next Wednesday if she passes her 50 DAY...</Msg><Username>chadwick_71</Username><Timestamp>1371132642090</Timestamp><DateTime>Thu, 2013-06-13 10:10:42 EDT</DateTime><ThumbUp>0</ThumbUp><ThumbDown>0</ThumbDown><Sentiment>Hold</Sentiment></Message><Message type="TopicMessage"><Id>1371132800359-17</Id><Title>IGNORE tout machine and TV spin booya. SELL - markets heading down....</Title><Msg>Getting fooled again? Its simple: markets and this peaked after strong run. Upside small downside risk big. Take profits all around or lose.IMO</Msg><Username>beststockstoownnow</Username><Timestamp>1371132800359</Timestamp><DateTime>Thu, 2013-06-13 10:13:20 EDT</DateTime><ThumbUp>0</ThumbUp><ThumbDown>0</ThumbDown><Sentiment>Strong Sell</Sentiment></Message><Message type="ReplyMessage"><Id>1371133054483-18</Id><Topic><Title>Any Thought we can see $880 today ?</Title><Username>sam_setta</Username><Timestamp>1371131359466</Timestamp><DateTime>Thu, 2013-06-13 09:49:19 EDT</DateTime></Topic><Msg>If we hold 868, then likely tomorrow 880-888. I would expect the same victory bounce we saw last Friday into close. Oversold</Msg><Username>goodeyecharting</Username><Timestamp>1371133054483</Timestamp><DateTime>Thu, 2013-06-13 10:17:34 EDT</DateTime><ThumbUp>1</ThumbUp><ThumbDown>0</ThumbDown><Sentiment>Strong Buy</Sentiment></Message><Message type="ReplyMessage"><Id>1371133249045-19</Id><Topic><Title>Any Thought we can see $880 today ?</Title><Username>sam_setta</Username><Timestamp>1371131359466</Timestamp><DateTime>Thu, 2013-06-13 09:49:19 EDT</DateTime></Topic><Msg>green by the eod</Msg><Username>eclik2000</Username><Timestamp>1371133249045</Timestamp><DateTime>Thu, 2013-06-13 10:20:49 EDT</DateTime><ThumbUp>0</ThumbUp><ThumbDown>0</ThumbDown><Sentiment/></Message><Message type="ReplyMessage"><Id>1371133253128-20</Id><Topic><Title>Any Thought we can see $880 today ?</Title><Username>sam_setta</Username><Timestamp>1371131359466</Timestamp><DateTime>Thu, 2013-06-13 09:49:19 EDT</DateTime></Topic><Msg>oversold? Really.... that is an interesting prospective (or is that Hope and Dream?) Within 2 bucks of the 50 Day MA, GooG really needs market help to stay above big time or she will cover her gap of a month ago (on the downside)... Get some protective puts if you are even long...</Msg><Username>chadwick_71</Username><Timestamp>1371133253128</Timestamp><DateTime>Thu, 2013-06-13 10:20:53 EDT</DateTime><ThumbUp>0</ThumbUp><ThumbDown>0</ThumbDown><Sentiment>Hold</Sentiment></Message><Message type="ReplyMessage"><Id>1371133374479-21</Id><Topic><Title>Is PXLW .......being used for Apple's iTV ??????????</Title><Username>powertraderpro</Username><Timestamp>1370967357615</Timestamp><DateTime>Tue, 2013-06-11 12:15:57 EDT</DateTime></Topic><Msg>today's action looks positive.</Msg><Username>harrisgreh</Username><Timestamp>1371133374479</Timestamp><DateTime>Thu, 2013-06-13 10:22:54 EDT</DateTime><ThumbUp>0</ThumbUp><ThumbDown>0</ThumbDown><Sentiment/></Message><Message type="ReplyMessage"><Id>1371133418974-22</Id><Topic><Title>Does GOOG stock price have direct inverse relationship with 10 year?</Title><Username>biglefthook_00</Username><Timestamp>1370709436099</Timestamp><DateTime>Sat, 2013-06-08 12:37:16 EDT</DateTime></Topic><Msg>still tracking that 10 year today...</Msg><Username>biglefthook_00</Username><Timestamp>1371133418974</Timestamp><DateTime>Thu, 2013-06-13 10:23:38 EDT</DateTime><ThumbUp>0</ThumbUp><ThumbDown>6</ThumbDown><Sentiment/></Message><Message type="ReplyMessage"><Id>1371133824714-23</Id><Topic><Title>Does GOOG stock price have direct inverse relationship with 10 year?</Title><Username>biglefthook_00</Username><Timestamp>1370709436099</Timestamp><DateTime>Sat, 2013-06-08 12:37:16 EDT</DateTime></Topic><Msg>10 year just turned and so did GOOG. I have to sign off now</Msg><Username>biglefthook_00</Username><Timestamp>1371133824714</Timestamp><DateTime>Thu, 2013-06-13 10:30:24 EDT</DateTime><ThumbUp>0</ThumbUp><ThumbDown>6</ThumbDown><Sentiment/></Message><Message type="TopicMessage"><Id>1371135093681-24</Id><Title>How low GOOG going today</Title><Msg>any idea ?</Msg><Username>jgiled</Username><Timestamp>1371135093681</Timestamp><DateTime>Thu, 2013-06-13 10:51:33 EDT</DateTime><ThumbUp>0</ThumbUp><ThumbDown>0</ThumbDown><Sentiment/></Message><Message type="ReplyMessage"><Id>1371135185282-25</Id><Topic><Title>Any Thought we can see $880 today ?</Title><Username>sam_setta</Username><Timestamp>1371131359466</Timestamp><DateTime>Thu, 2013-06-13 09:49:19 EDT</DateTime></Topic><Msg>Yes. Oversold is why it's here. Sounds like many will help keep it above the 30 day MA</Msg><Username>goodeyecharting</Username><Timestamp>1371135185282</Timestamp><DateTime>Thu, 2013-06-13 10:53:05 EDT</DateTime><ThumbUp>0</ThumbUp><ThumbDown>0</ThumbDown><Sentiment/></Message><Message type="ReplyMessage"><Id>1371135199376-26</Id><Topic><Title>Does GOOG stock price have direct inverse relationship with 10 year?</Title><Username>biglefthook_00</Username><Timestamp>1370709436099</Timestamp><DateTime>Sat, 2013-06-08 12:37:16 EDT</DateTime></Topic><Msg>the charts dont diverge majority of the time if you go back,, whats your point</Msg><Username>bluesjamj</Username><Timestamp>1371135199376</Timestamp><DateTime>Thu, 2013-06-13 10:53:19 EDT</DateTime><ThumbUp>0</ThumbUp><ThumbDown>0</ThumbDown><Sentiment/></Message><Message type="TopicMessage"><Id>1371135476059-27</Id><Title>Sell half of GOOG n move to NBG...with the rest of us....20% gains coming</Title><Msg>GEt in soon..we are moving up.....and moving higher...get some real gains...I mean 20%...within weeks...</Msg><Username>fullerton_titan</Username><Timestamp>1371135476059</Timestamp><DateTime>Thu, 2013-06-13 10:57:56 EDT</DateTime><ThumbUp>0</ThumbUp><ThumbDown>0</ThumbDown><Sentiment/></Message><Message type="ReplyMessage"><Id>1371135540171-28</Id><Topic><Title>Any Thought we can see $880 today ?</Title><Username>sam_setta</Username><Timestamp>1371131359466</Timestamp><DateTime>Thu, 2013-06-13 09:49:19 EDT</DateTime></Topic><Msg>no way, ,gonna issue a steaming pile alert soon</Msg><Username>bluesjamj</Username><Timestamp>1371135540171</Timestamp><DateTime>Thu, 2013-06-13 10:59:00 EDT</DateTime><ThumbUp>0</ThumbUp><ThumbDown>0</ThumbDown><Sentiment/></Message><Message type="TopicMessage"><Id>1371135666701-29</Id><Title>steaming pile neeeds to get above 867</Title><Msg>really really</Msg><Username>bluesjamj</Username><Timestamp>1371135666701</Timestamp><DateTime>Thu, 2013-06-13 11:01:06 EDT</DateTime><ThumbUp>0</ThumbUp><ThumbDown>0</ThumbDown><Sentiment/></Message><Message type="TopicMessage"><Id>1371136034234-30</Id><Title>#$%$? WHAT HAPPENED?</Title><Msg>We were sailing north of $900!</Msg><Username>kudlowsflooziegirl</Username><Timestamp>1371136034234</Timestamp><DateTime>Thu, 2013-06-13 11:07:14 EDT</DateTime><ThumbUp>0</ThumbUp><ThumbDown>0</ThumbDown><Sentiment/></Message><Message type="ReplyMessage"><Id>1371137287294-31</Id><Topic><Title>steaming pile neeeds to get above 867</Title><Username>bluesjamj</Username><Timestamp>1371135666701</Timestamp><DateTime>Thu, 2013-06-13 11:01:06 EDT</DateTime></Topic><Msg>me thinks 872 is the magic # today!</Msg><Username>whoozyurdaddi</Username><Timestamp>1371137287294</Timestamp><DateTime>Thu, 2013-06-13 11:28:07 EDT</DateTime><ThumbUp>0</ThumbUp><ThumbDown>0</ThumbDown><Sentiment/></Message><Message type="TopicMessage"><Id>1371137424227-32</Id><Title>may pin a 870 for options expiry tomorrow</Title><Msg>buttttttt you wanna be in this name ahead of July 15 earnings! $900+</Msg><Username>jesseliverspot</Username><Timestamp>1371137424227</Timestamp><DateTime>Thu, 2013-06-13 11:30:24 EDT</DateTime><ThumbUp>0</ThumbUp><ThumbDown>0</ThumbDown><Sentiment/></Message><Message type="TopicMessage"><Id>1371138003168-33</Id><Title>INFI short squueze coming folks, buy buy buy</Title><Msg>watch it goes to $19 or higher</Msg><Username>mastertrader777</Username><Timestamp>1371138003168</Timestamp><DateTime>Thu, 2013-06-13 11:40:03 EDT</DateTime><ThumbUp>0</ThumbUp><ThumbDown>0</ThumbDown><Sentiment/></Message><Message type="TopicMessage"><Id>1371138492330-34</Id><Title>Well you can thank me for the recent down move. I went long yesterday.</Title><Msg>I'm the kiss of death. I go short, the stock rallies. I go long, we crash. They call me the KOD. shanz</Msg><Username>shanzha8</Username><Timestamp>1371138492330</Timestamp><DateTime>Thu, 2013-06-13 11:48:12 EDT</DateTime><ThumbUp>0</ThumbUp><ThumbDown>1</ThumbDown><Sentiment/></Message><Message type="ReplyMessage"><Id>1371138760422-35</Id><Topic><Title>INFI short squueze coming folks, buy buy buy</Title><Username>mastertrader777</Username><Timestamp>1371138003168</Timestamp><DateTime>Thu, 2013-06-13 11:40:03 EDT</DateTime></Topic><Msg>Booooooooooooom coming folks, keep a close eye on INFI</Msg><Username>mastertrader777</Username><Timestamp>1371138760422</Timestamp><DateTime>Thu, 2013-06-13 11:52:40 EDT</DateTime><ThumbUp>0</ThumbUp><ThumbDown>0</ThumbDown><Sentiment/></Message><Message type="ReplyMessage"><Id>1371140462713-36</Id><Topic><Title>Easy as 1, 2, 3</Title><Username>cunninghammichael852</Username><Timestamp>1371056082901</Timestamp><DateTime>Wed, 2013-06-12 12:54:42 EDT</DateTime></Topic><Msg>Interesting</Msg><Username>gavincoleman793</Username><Timestamp>1371140462713</Timestamp><DateTime>Thu, 2013-06-13 12:21:02 EDT</DateTime><ThumbUp>0</ThumbUp><ThumbDown>0</ThumbDown><Sentiment/></Message><Message type="ReplyMessage"><Id>1371140693593-37</Id><Topic><Title>Trading was never so easy</Title><Username>jacksoncherry640</Username><Timestamp>1371054399823</Timestamp><DateTime>Wed, 2013-06-12 12:26:39 EDT</DateTime></Topic><Msg>thanks man, greatly appreciated</Msg><Username>gavincoleman793</Username><Timestamp>1371140693593</Timestamp><DateTime>Thu, 2013-06-13 12:24:53 EDT</DateTime><ThumbUp>1</ThumbUp><ThumbDown>0</ThumbDown><Sentiment/></Message><Message type="ReplyMessage"><Id>1371140710152-38</Id><Topic><Title>Real Deal</Title><Username>carterkey303</Username><Timestamp>1371054696714</Timestamp><DateTime>Wed, 2013-06-12 12:31:36 EDT</DateTime></Topic><Msg>thanks man, greatly appreciated</Msg><Username>gavincoleman793</Username><Timestamp>1371140710152</Timestamp><DateTime>Thu, 2013-06-13 12:25:10 EDT</DateTime><ThumbUp>0</ThumbUp><ThumbDown>0</ThumbDown><Sentiment/></Message><Message type="ReplyMessage"><Id>1371140903976-39</Id><Topic><Title>may pin a 870 for options expiry tomorrow</Title><Username>jesseliverspot</Username><Timestamp>1371137424227</Timestamp><DateTime>Thu, 2013-06-13 11:30:24 EDT</DateTime></Topic><Msg>time to cover</Msg><Username>eclik2000</Username><Timestamp>1371140903976</Timestamp><DateTime>Thu, 2013-06-13 12:28:23 EDT</DateTime><ThumbUp>0</ThumbUp><ThumbDown>0</ThumbDown><Sentiment/></Message><Message type="ReplyMessage"><Id>1371141084909-40</Id><Topic><Title>Any Thought we can see $880 today ?</Title><Username>sam_setta</Username><Timestamp>1371131359466</Timestamp><DateTime>Thu, 2013-06-13 09:49:19 EDT</DateTime></Topic><Msg>is going to run</Msg><Username>eclik2000</Username><Timestamp>1371141084909</Timestamp><DateTime>Thu, 2013-06-13 12:31:24 EDT</DateTime><ThumbUp>0</ThumbUp><ThumbDown>0</ThumbDown><Sentiment/></Message><Message type="TopicMessage"><Id>1371141511466-41</Id><Title>up $6.00</Title><Msg>From $866.50-$872.50 go GOOG!! CUFFS</Msg><Username>kingcuffs</Username><Timestamp>1371141511466</Timestamp><DateTime>Thu, 2013-06-13 12:38:31 EDT</DateTime><ThumbUp>0</ThumbUp><ThumbDown>0</ThumbDown><Sentiment/></Message><Message type="ReplyMessage"><Id>1371141678678-42</Id><Topic><Title>Any Thought we can see $880 today ?</Title><Username>sam_setta</Username><Timestamp>1371131359466</Timestamp><DateTime>Thu, 2013-06-13 09:49:19 EDT</DateTime></Topic><Msg>70% change to go over 880</Msg><Username>eclik2000</Username><Timestamp>1371141678678</Timestamp><DateTime>Thu, 2013-06-13 12:41:18 EDT</DateTime><ThumbUp>0</ThumbUp><ThumbDown>0</ThumbDown><Sentiment/></Message><Message type="ReplyMessage"><Id>1371141859543-43</Id><Topic><Title>Any Thought we can see $880 today ?</Title><Username>sam_setta</Username><Timestamp>1371131359466</Timestamp><DateTime>Thu, 2013-06-13 09:49:19 EDT</DateTime></Topic><Msg>not a chance</Msg><Username>cramerstrophywife</Username><Timestamp>1371141859543</Timestamp><DateTime>Thu, 2013-06-13 12:44:19 EDT</DateTime><ThumbUp>0</ThumbUp><ThumbDown>0</ThumbDown><Sentiment/></Message><Message type="ReplyMessage"><Id>1371142148696-44</Id><Topic><Title>Any Thought we can see $880 today ?</Title><Username>sam_setta</Username><Timestamp>1371131359466</Timestamp><DateTime>Thu, 2013-06-13 09:49:19 EDT</DateTime></Topic><Msg>Anybody want some German Chocolate cake?I got six slices left.cuffs</Msg><Username>kingcuffs</Username><Timestamp>1371142148696</Timestamp><DateTime>Thu, 2013-06-13 12:49:08 EDT</DateTime><ThumbUp>0</ThumbUp><ThumbDown>0</ThumbDown><Sentiment/></Message><Message type="ReplyMessage"><Id>1371142153672-45</Id><Topic><Title>Any Thought we can see $880 today ?</Title><Username>sam_setta</Username><Timestamp>1371131359466</Timestamp><DateTime>Thu, 2013-06-13 09:49:19 EDT</DateTime></Topic><Msg>why not?......</Msg><Username>eclik2000</Username><Timestamp>1371142153672</Timestamp><DateTime>Thu, 2013-06-13 12:49:13 EDT</DateTime><ThumbUp>0</ThumbUp><ThumbDown>1</ThumbDown><Sentiment/></Message><Message type="ReplyMessage"><Id>1371142229179-46</Id><Topic><Title>Any Thought we can see $880 today ?</Title><Username>sam_setta</Username><Timestamp>1371131359466</Timestamp><DateTime>Thu, 2013-06-13 09:49:19 EDT</DateTime></Topic><Msg>Trade in dollars not deer bucks</Msg><Username>kingcuffs</Username><Timestamp>1371142229179</Timestamp><DateTime>Thu, 2013-06-13 12:50:29 EDT</DateTime><ThumbUp>0</ThumbUp><ThumbDown>0</ThumbDown><Sentiment/></Message><Message type="TopicMessage"><Id>1371142323820-47</Id><Title>$.05 gallon of beer</Title><Msg>Get youe beer cold!</Msg><Username>kingcuffs</Username><Timestamp>1371142323820</Timestamp><DateTime>Thu, 2013-06-13 12:52:03 EDT</DateTime><ThumbUp>1</ThumbUp><ThumbDown>0</ThumbDown><Sentiment/></Message><Message type="TopicMessage"><Id>1371142553717-48</Id><Title>we really need to hold 872</Title><Msg>struggling to do so</Msg><Username>whoozyurdaddi</Username><Timestamp>1371142553717</Timestamp><DateTime>Thu, 2013-06-13 12:55:53 EDT</DateTime><ThumbUp>0</ThumbUp><ThumbDown>0</ThumbDown><Sentiment/></Message><Message type="ReplyMessage"><Id>1371142572250-49</Id><Topic><Title>Any Thought we can see $880 today ?</Title><Username>sam_setta</Username><Timestamp>1371131359466</Timestamp><DateTime>Thu, 2013-06-13 09:49:19 EDT</DateTime></Topic><Msg>back from lunch time to run ....75% change....don't short ....</Msg><Username>eclik2000</Username><Timestamp>1371142572250</Timestamp><DateTime>Thu, 2013-06-13 12:56:12 EDT</DateTime><ThumbUp>0</ThumbUp><ThumbDown>0</ThumbDown><Sentiment/></Message><Message type="ReplyMessage"><Id>1371142635899-50</Id><Topic><Title>we really need to hold 872</Title><Username>whoozyurdaddi</Username><Timestamp>1371142553717</Timestamp><DateTime>Thu, 2013-06-13 12:55:53 EDT</DateTime></Topic><Msg>noaaat</Msg><Username>eclik2000</Username><Timestamp>1371142635899</Timestamp><DateTime>Thu, 2013-06-13 12:57:15 EDT</DateTime><ThumbUp>0</ThumbUp><ThumbDown>0</ThumbDown><Sentiment/></Message><Message type="ReplyMessage"><Id>1371142636048-51</Id><Topic><Title>Any Thought we can see $880 today ?</Title><Username>sam_setta</Username><Timestamp>1371131359466</Timestamp><DateTime>Thu, 2013-06-13 09:49:19 EDT</DateTime></Topic><Msg>GOOG is gonna soar pre-earnings. Accumulate here!</Msg><Username>kudlowsflooziegirl</Username><Timestamp>1371142636048</Timestamp><DateTime>Thu, 2013-06-13 12:57:16 EDT</DateTime><ThumbUp>0</ThumbUp><ThumbDown>0</ThumbDown><Sentiment/></Message><Message type="TopicMessage"><Id>1371142673621-52</Id><Title>that's right cova you sob's!</Title><Msg>lol lol</Msg><Username>whoozyurdaddi</Username><Timestamp>1371142673621</Timestamp><DateTime>Thu, 2013-06-13 12:57:53 EDT</DateTime><ThumbUp>0</ThumbUp><ThumbDown>0</ThumbDown><Sentiment/></Message><Message type="ReplyMessage"><Id>1371142754594-53</Id><Topic><Title>Any Thought we can see $880 today ?</Title><Username>sam_setta</Username><Timestamp>1371131359466</Timestamp><DateTime>Thu, 2013-06-13 09:49:19 EDT</DateTime></Topic><Msg>80%......</Msg><Username>eclik2000</Username><Timestamp>1371142754594</Timestamp><DateTime>Thu, 2013-06-13 12:59:14 EDT</DateTime><ThumbUp>0</ThumbUp><ThumbDown>0</ThumbDown><Sentiment/></Message><Message type="ReplyMessage"><Id>1371143146657-54</Id><Topic><Title>Any Thought we can see $880 today ?</Title><Username>sam_setta</Username><Timestamp>1371131359466</Timestamp><DateTime>Thu, 2013-06-13 09:49:19 EDT</DateTime></Topic><Msg>back to 70%</Msg><Username>eclik2000</Username><Timestamp>1371143146657</Timestamp><DateTime>Thu, 2013-06-13 13:05:46 EDT</DateTime><ThumbUp>0</ThumbUp><ThumbDown>0</ThumbDown><Sentiment/></Message><Message type="TopicMessage"><Id>1371143770483-55</Id><Title>Any Thought we can see $1180 today ?</Title><Msg>You guys need to "raise your sights" to a whole new level.</Msg><Username>hotmanforahotwoman</Username><Timestamp>1371143770483</Timestamp><DateTime>Thu, 2013-06-13 13:16:10 EDT</DateTime><ThumbUp>1</ThumbUp><ThumbDown>0</ThumbDown><Sentiment>Strong Buy</Sentiment></Message><Message type="ReplyMessage"><Id>1371145062332-56</Id><Topic><Title>Any Thought we can see $880 today ?</Title><Username>sam_setta</Username><Timestamp>1371131359466</Timestamp><DateTime>Thu, 2013-06-13 09:49:19 EDT</DateTime></Topic><Msg>50%</Msg><Username>eclik2000</Username><Timestamp>1371145062332</Timestamp><DateTime>Thu, 2013-06-13 13:37:42 EDT</DateTime><ThumbUp>0</ThumbUp><ThumbDown>0</ThumbDown><Sentiment/></Message><Message type="TopicMessage"><Id>1371145194366-57</Id><Title>Spy-gle</Title><Msg>Yeah... like I would ever do anything having to do with Spy-gle if I had a choice.</Msg><Username>mondomario18</Username><Timestamp>1371145194366</Timestamp><DateTime>Thu, 2013-06-13 13:39:54 EDT</DateTime><ThumbUp>1</ThumbUp><ThumbDown>0</ThumbDown><Sentiment/></Message><Message type="ReplyMessage"><Id>1371146725813-58</Id><Topic><Title>Any Thought we can see $1180 today ?</Title><Username>hotmanforahotwoman</Username><Timestamp>1371143770483</Timestamp><DateTime>Thu, 2013-06-13 13:16:10 EDT</DateTime></Topic><Msg>No, not today. But GOOG will most definitely surpass $1180 over next 9 months. GOOG is just so incredibly strong and is only getting stronger.</Msg><Username>phoenixsun8</Username><Timestamp>1371146725813</Timestamp><DateTime>Thu, 2013-06-13 14:05:25 EDT</DateTime><ThumbUp>1</ThumbUp><ThumbDown>0</ThumbDown><Sentiment>Strong Buy</Sentiment></Message><Message type="TopicMessage"><Id>1371146952582-59</Id><Title>GOOG will be 900+ by Tomorrow Close. PCLN maintainied 800+ Market supported 50DMA</Title><Msg>It will be around 904 by tomorrow Close. That is what happening last few weeks. 3 Days sell off squared by 2 days Bull run. Economy is improving. Fed will not taper till unemployment 6.5. Correction is done and we are going to S&amp;P 1700. Good Luck!</Msg><Username>newguruohm</Username><Timestamp>1371146952582</Timestamp><DateTime>Thu, 2013-06-13 14:09:12 EDT</DateTime><ThumbUp>1</ThumbUp><ThumbDown>0</ThumbDown><Sentiment>Strong Buy</Sentiment></Message><Message type="ReplyMessage"><Id>1371147739710-60</Id><Topic><Title>Any Thought we can see $880 today ?</Title><Username>sam_setta</Username><Timestamp>1371131359466</Timestamp><DateTime>Thu, 2013-06-13 09:49:19 EDT</DateTime></Topic><Msg>back to 80% short will cover at 876</Msg><Username>eclik2000</Username><Timestamp>1371147739710</Timestamp><DateTime>Thu, 2013-06-13 14:22:19 EDT</DateTime><ThumbUp>0</ThumbUp><ThumbDown>0</ThumbDown><Sentiment/></Message><Message type="TopicMessage"><Id>1371148096419-61</Id><Title>Anyone tell me why Goog act like that ? Thx.</Title><Msg>Anyone tell me why Goog act like that ? Thx.</Msg><Username>sam_setta</Username><Timestamp>1371148096419</Timestamp><DateTime>Thu, 2013-06-13 14:28:16 EDT</DateTime><ThumbUp>0</ThumbUp><ThumbDown>0</ThumbDown><Sentiment>Strong Buy</Sentiment></Message><Message type="ReplyMessage"><Id>1371148358032-62</Id><Topic><Title>Analysts: Google is heading to $1000.</Title><Username>europe_and_usa</Username><Timestamp>1371129710576</Timestamp><DateTime>Thu, 2013-06-13 09:21:50 EDT</DateTime></Topic><Msg>$1000 before year's end......</Msg><Username>europe_and_usa</Username><Timestamp>1371148358032</Timestamp><DateTime>Thu, 2013-06-13 14:32:38 EDT</DateTime><ThumbUp>0</ThumbUp><ThumbDown>0</ThumbDown><Sentiment/></Message><Message type="TopicMessage"><Id>1371148438579-63</Id><Title>Do not pull the trigger too early.</Title><Msg>The correction just started, this is just the rebound. Institutions had been selling since last quarter.</Msg><Username>yinvestor</Username><Timestamp>1371148438579</Timestamp><DateTime>Thu, 2013-06-13 14:33:58 EDT</DateTime><ThumbUp>1</ThumbUp><ThumbDown>0</ThumbDown><Sentiment/></Message><Message type="ReplyMessage"><Id>1371148502650-64</Id><Topic><Title>Do not pull the trigger too early.</Title><Username>yinvestor</Username><Timestamp>1371148438579</Timestamp><DateTime>Thu, 2013-06-13 14:33:58 EDT</DateTime></Topic><Msg>see you over 900</Msg><Username>eclik2000</Username><Timestamp>1371148502650</Timestamp><DateTime>Thu, 2013-06-13 14:35:02 EDT</DateTime><ThumbUp>1</ThumbUp><ThumbDown>0</ThumbDown><Sentiment/></Message><Message type="TopicMessage"><Id>1371148508602-65</Id><Title>GOOG - Google Inc - Upgraded to a Buy</Title><Msg>Symbol(s): GOOG Date: 15-Jun-13 Author: Hunter Orr Contributor: Alpha Street Research Title: GOOG - Google Inc - Upgraded to a Buy - Company Analysis and ASR Ranking Report Document Size: 9 pages Price: $24</Msg><Username>newguruohm</Username><Timestamp>1371148508602</Timestamp><DateTime>Thu, 2013-06-13 14:35:08 EDT</DateTime><ThumbUp>0</ThumbUp><ThumbDown>0</ThumbDown><Sentiment/></Message><Message type="ReplyMessage"><Id>1371149045337-66</Id><Topic><Title>Do not pull the trigger too early.</Title><Username>yinvestor</Username><Timestamp>1371148438579</Timestamp><DateTime>Thu, 2013-06-13 14:33:58 EDT</DateTime></Topic><Msg>last call to cover</Msg><Username>eclik2000</Username><Timestamp>1371149045337</Timestamp><DateTime>Thu, 2013-06-13 14:44:05 EDT</DateTime><ThumbUp>0</ThumbUp><ThumbDown>0</ThumbDown><Sentiment/></Message><Message type="ReplyMessage"><Id>1371149096645-67</Id><Topic><Title>Do not pull the trigger too early.</Title><Username>yinvestor</Username><Timestamp>1371148438579</Timestamp><DateTime>Thu, 2013-06-13 14:33:58 EDT</DateTime></Topic><Msg>I am sure Google will go to 900 but it might go down first.</Msg><Username>yinvestor</Username><Timestamp>1371149096645</Timestamp><DateTime>Thu, 2013-06-13 14:44:56 EDT</DateTime><ThumbUp>0</ThumbUp><ThumbDown>0</ThumbDown><Sentiment/></Message><Message type="ReplyMessage"><Id>1371149330842-68</Id><Topic><Title>Do not pull the trigger too early.</Title><Username>yinvestor</Username><Timestamp>1371148438579</Timestamp><DateTime>Thu, 2013-06-13 14:33:58 EDT</DateTime></Topic><Msg>already went down 25.50</Msg><Username>eclik2000</Username><Timestamp>1371149330842</Timestamp><DateTime>Thu, 2013-06-13 14:48:50 EDT</DateTime><ThumbUp>0</ThumbUp><ThumbDown>0</ThumbDown><Sentiment/></Message><Message type="ReplyMessage"><Id>1371149547362-69</Id><Topic><Title>Anyone tell me why Goog act like that ? Thx.</Title><Username>sam_setta</Username><Timestamp>1371148096419</Timestamp><DateTime>Thu, 2013-06-13 14:28:16 EDT</DateTime></Topic><Msg>I will attempt to answer this question. Look at the market 100 point gyrations. Mostly, HEDGE FUNDS muscling the indexes and stocks to play the see-saw action on weekly options...THis way, the public is happy with a stable market while HEDGE FUNDS triple their profits within a very tight range</Msg><Username>biglefthook_00</Username><Timestamp>1371149547362</Timestamp><DateTime>Thu, 2013-06-13 14:52:27 EDT</DateTime><ThumbUp>0</ThumbUp><ThumbDown>7</ThumbDown><Sentiment/></Message><Message type="ReplyMessage"><Id>1371149592194-70</Id><Topic><Title>Anyone tell me why Goog act like that ? Thx.</Title><Username>sam_setta</Username><Timestamp>1371148096419</Timestamp><DateTime>Thu, 2013-06-13 14:28:16 EDT</DateTime></Topic><Msg>one can make more money with a stock market flatlining then one with crazy gyrations</Msg><Username>biglefthook_00</Username><Timestamp>1371149592194</Timestamp><DateTime>Thu, 2013-06-13 14:53:12 EDT</DateTime><ThumbUp>0</ThumbUp><ThumbDown>7</ThumbDown><Sentiment/></Message><Message type="ReplyMessage"><Id>1371149931303-71</Id><Topic><Title>Do not pull the trigger too early.</Title><Username>yinvestor</Username><Timestamp>1371148438579</Timestamp><DateTime>Thu, 2013-06-13 14:33:58 EDT</DateTime></Topic><Msg>950.00 Soon!</Msg><Username>ugecan99</Username><Timestamp>1371149931303</Timestamp><DateTime>Thu, 2013-06-13 14:58:51 EDT</DateTime><ThumbUp>0</ThumbUp><ThumbDown>0</ThumbDown><Sentiment>Buy</Sentiment></Message><Message type="TopicMessage"><Id>1371150138765-72</Id><Title>I posted this last month but think $900 is AAPL $600 last year</Title><Msg>I never said to sell at $900 but to sell the Jan 2014 $900 calls for $70. These are now..?</Msg><Username>biglefthook_00</Username><Timestamp>1371150138765</Timestamp><DateTime>Thu, 2013-06-13 15:02:18 EDT</DateTime><ThumbUp>0</ThumbUp><ThumbDown>7</ThumbDown><Sentiment/></Message><Message type="TopicMessage"><Id>1371150838135-73</Id><Title>could be 900 tommorow</Title><Msg>id cover</Msg><Username>cwtripps</Username><Timestamp>1371150838135</Timestamp><DateTime>Thu, 2013-06-13 15:13:58 EDT</DateTime><ThumbUp>0</ThumbUp><ThumbDown>0</ThumbDown><Sentiment/></Message><Message type="ReplyMessage"><Id>1371150920370-74</Id><Topic><Title>FreeSeas Inc. (FREE) 3 X'S The money in the making</Title><Username>wwzg</Username><Timestamp>1364834642835</Timestamp><DateTime>Mon, 2013-04-01 12:44:02 EDT</DateTime></Topic><Msg>Get in on the low.</Msg><Username>thebigmonkey</Username><Timestamp>1371150920370</Timestamp><DateTime>Thu, 2013-06-13 15:15:20 EDT</DateTime><ThumbUp>0</ThumbUp><ThumbDown>1</ThumbDown><Sentiment>Strong Buy</Sentiment></Message><Message type="ReplyMessage"><Id>1371151358557-75</Id><Topic><Title>Do not pull the trigger too early.</Title><Username>yinvestor</Username><Timestamp>1371148438579</Timestamp><DateTime>Thu, 2013-06-13 14:33:58 EDT</DateTime></Topic><Msg>DOW is supported by 50 days average but under 30 days average. It will break down next week. As to Google, I like it and hope it holds.</Msg><Username>yinvestor</Username><Timestamp>1371151358557</Timestamp><DateTime>Thu, 2013-06-13 15:22:38 EDT</DateTime><ThumbUp>0</ThumbUp><ThumbDown>0</ThumbDown><Sentiment/></Message><Message type="ReplyMessage"><Id>1371151656101-76</Id><Topic><Title>Do not pull the trigger too early.</Title><Username>yinvestor</Username><Timestamp>1371148438579</Timestamp><DateTime>Thu, 2013-06-13 14:33:58 EDT</DateTime></Topic><Msg>I predicted that DOW will go down to 5000 - 6000 level when it was trading above 14000 in 2009. Hope I am right again this time. This time, it should be 11500 if it holds there. Maybe interest rate rising would be the trigger. I am thinking maybe some of the institutions already known that the interest rate will rise and they had been selling for months.</Msg><Username>yinvestor</Username><Timestamp>1371151656101</Timestamp><DateTime>Thu, 2013-06-13 15:27:36 EDT</DateTime><ThumbUp>0</ThumbUp><ThumbDown>0</ThumbDown><Sentiment/></Message><Message type="ReplyMessage"><Id>1371152044268-77</Id><Topic><Title>Do not pull the trigger too early.</Title><Username>yinvestor</Username><Timestamp>1371148438579</Timestamp><DateTime>Thu, 2013-06-13 14:33:58 EDT</DateTime></Topic><Msg>not now maybe in 24 months</Msg><Username>eclik2000</Username><Timestamp>1371152044268</Timestamp><DateTime>Thu, 2013-06-13 15:34:04 EDT</DateTime><ThumbUp>0</ThumbUp><ThumbDown>0</ThumbDown><Sentiment/></Message><Message type="TopicMessage"><Id>1371152243190-78</Id><Title>shorts dont want a close above 877</Title><Msg>really</Msg><Username>bluesjamj</Username><Timestamp>1371152243190</Timestamp><DateTime>Thu, 2013-06-13 15:37:23 EDT</DateTime><ThumbUp>1</ThumbUp><ThumbDown>0</ThumbDown><Sentiment/></Message><Message type="ReplyMessage"><Id>1371152536977-79</Id><Topic><Title>Any Thought we can see $880 today ?</Title><Username>sam_setta</Username><Timestamp>1371131359466</Timestamp><DateTime>Thu, 2013-06-13 09:49:19 EDT</DateTime></Topic><Msg>90%</Msg><Username>eclik2000</Username><Timestamp>1371152536977</Timestamp><DateTime>Thu, 2013-06-13 15:42:16 EDT</DateTime><ThumbUp>0</ThumbUp><ThumbDown>0</ThumbDown><Sentiment/></Message><Message type="ReplyMessage"><Id>1371152612266-80</Id><Topic><Title>shorts dont want a close above 877</Title><Username>bluesjamj</Username><Timestamp>1371152243190</Timestamp><DateTime>Thu, 2013-06-13 15:37:23 EDT</DateTime></Topic><Msg>882 will be strong close</Msg><Username>eclik2000</Username><Timestamp>1371152612266</Timestamp><DateTime>Thu, 2013-06-13 15:43:32 EDT</DateTime><ThumbUp>0</ThumbUp><ThumbDown>1</ThumbDown><Sentiment/></Message><Message type="ReplyMessage"><Id>1371152794097-81</Id><Topic><Title>Do not pull the trigger too early.</Title><Username>yinvestor</Username><Timestamp>1371148438579</Timestamp><DateTime>Thu, 2013-06-13 14:33:58 EDT</DateTime></Topic><Msg>Maybe you are right. But we might have some news about interest rate rising by the end of this year.</Msg><Username>yinvestor</Username><Timestamp>1371152794097</Timestamp><DateTime>Thu, 2013-06-13 15:46:34 EDT</DateTime><ThumbUp>0</ThumbUp><ThumbDown>0</ThumbDown><Sentiment/></Message><Message type="ReplyMessage"><Id>1371153049055-82</Id><Topic><Title>Do not pull the trigger too early.</Title><Username>yinvestor</Username><Timestamp>1371148438579</Timestamp><DateTime>Thu, 2013-06-13 14:33:58 EDT</DateTime></Topic><Msg>Did Feb just put more money in the market? LOL</Msg><Username>yinvestor</Username><Timestamp>1371153049055</Timestamp><DateTime>Thu, 2013-06-13 15:50:49 EDT</DateTime><ThumbUp>1</ThumbUp><ThumbDown>0</ThumbDown><Sentiment/></Message><Message type="ReplyMessage"><Id>1371153276023-83</Id><Topic><Title>shorts dont want a close above 877</Title><Username>bluesjamj</Username><Timestamp>1371152243190</Timestamp><DateTime>Thu, 2013-06-13 15:37:23 EDT</DateTime></Topic><Msg>nope ...but 877 needs to hold for longs imo</Msg><Username>bluesjamj</Username><Timestamp>1371153276023</Timestamp><DateTime>Thu, 2013-06-13 15:54:36 EDT</DateTime><ThumbUp>1</ThumbUp><ThumbDown>0</ThumbDown><Sentiment/></Message><Message type="ReplyMessage"><Id>1371153803165-84</Id><Topic><Title>shorts dont want a close above 877</Title><Username>bluesjamj</Username><Timestamp>1371152243190</Timestamp><DateTime>Thu, 2013-06-13 15:37:23 EDT</DateTime></Topic><Msg>How do you like dem Apples? $877 on the nose. Wonder what this means for tomorro's OPEX?</Msg><Username>bangbang3131</Username><Timestamp>1371153803165</Timestamp><DateTime>Thu, 2013-06-13 16:03:23 EDT</DateTime><ThumbUp>0</ThumbUp><ThumbDown>0</ThumbDown><Sentiment>Strong Sell</Sentiment></Message><Message type="ReplyMessage"><Id>1371153856085-85</Id><Topic><Title>Do not pull the trigger too early.</Title><Username>yinvestor</Username><Timestamp>1371148438579</Timestamp><DateTime>Thu, 2013-06-13 14:33:58 EDT</DateTime></Topic><Msg>Bernanke up to his old tricks again............</Msg><Username>bangbang3131</Username><Timestamp>1371153856085</Timestamp><DateTime>Thu, 2013-06-13 16:04:16 EDT</DateTime><ThumbUp>0</ThumbUp><ThumbDown>0</ThumbDown><Sentiment>Strong Sell</Sentiment></Message><Message type="TopicMessage"><Id>1371154138623-86</Id><Title>movement</Title><Msg>Big bowel movement at the close</Msg><Username>gscweevie2003</Username><Timestamp>1371154138623</Timestamp><DateTime>Thu, 2013-06-13 16:08:58 EDT</DateTime><ThumbUp>0</ThumbUp><ThumbDown>0</ThumbDown><Sentiment/></Message><Message type="TopicMessage"><Id>1371154787577-87</Id><Title>$866.50-$879.50 +$13.00 per share gain! !!</Title><Msg>Google rules baby!!!</Msg><Username>kingcuffs</Username><Timestamp>1371154787577</Timestamp><DateTime>Thu, 2013-06-13 16:19:47 EDT</DateTime><ThumbUp>1</ThumbUp><ThumbDown>0</ThumbDown><Sentiment/></Message><Message type="ReplyMessage"><Id>1371155022410-88</Id><Topic><Title>Any Thought we can see $880 today ?</Title><Username>sam_setta</Username><Timestamp>1371131359466</Timestamp><DateTime>Thu, 2013-06-13 09:49:19 EDT</DateTime></Topic><Msg>Not a chance!!!</Msg><Username>kingcuffs</Username><Timestamp>1371155022410</Timestamp><DateTime>Thu, 2013-06-13 16:23:42 EDT</DateTime><ThumbUp>0</ThumbUp><ThumbDown>0</ThumbDown><Sentiment/></Message><Message type="ReplyMessage"><Id>1371156336132-89</Id><Topic><Title>$.05 gallon of beer</Title><Username>kingcuffs</Username><Timestamp>1371142323820</Timestamp><DateTime>Thu, 2013-06-13 12:52:03 EDT</DateTime></Topic><Msg>No cover charge Friday nights!</Msg><Username>kingcuffs</Username><Timestamp>1371156336132</Timestamp><DateTime>Thu, 2013-06-13 16:45:36 EDT</DateTime><ThumbUp>0</ThumbUp><ThumbDown>0</ThumbDown><Sentiment/></Message><Message type="TopicMessage"><Id>1371156674063-90</Id><Title>Greed of ERIC SCHMIDT?</Title><Msg>If you look at Insiders Transactions: ES is unloading 200 Millions on the last week of every month. Ten times more than LP sells and twice more than Brin. I think that tells a lot about his motivation at working at Google...</Msg><Username>boston_escape</Username><Timestamp>1371156674063</Timestamp><DateTime>Thu, 2013-06-13 16:51:14 EDT</DateTime><ThumbUp>0</ThumbUp><ThumbDown>0</ThumbDown><Sentiment>Buy</Sentiment></Message><Message type="ReplyMessage"><Id>1371158267208-91</Id><Topic><Title>Greed of ERIC SCHMIDT?</Title><Username>boston_escape</Username><Timestamp>1371156674063</Timestamp><DateTime>Thu, 2013-06-13 16:51:14 EDT</DateTime></Topic><Msg>A smart investor selling into strength... What's your question? I'm sure he'll be unloading at $1000 and $1500 too in the next year or two</Msg><Username>goodeyecharting</Username><Timestamp>1371158267208</Timestamp><DateTime>Thu, 2013-06-13 17:17:47 EDT</DateTime><ThumbUp>0</ThumbUp><ThumbDown>0</ThumbDown><Sentiment>Strong Buy</Sentiment></Message><Message type="ReplyMessage"><Id>1371158841810-92</Id><Topic><Title>Greed of ERIC SCHMIDT?</Title><Username>boston_escape</Username><Timestamp>1371156674063</Timestamp><DateTime>Thu, 2013-06-13 16:51:14 EDT</DateTime></Topic><Msg>Those are pre-scheduled sales, what's striking me is the $ amount of those. It's not like Eric Schmidt is Bill Gates who needs to fund his non-profit foundation projects on a monthly basis. But even Gates sells far less and less often. Is ES transitioning out of Google by transferring/selling his shares?</Msg><Username>boston_escape</Username><Timestamp>1371158841810</Timestamp><DateTime>Thu, 2013-06-13 17:27:21 EDT</DateTime><ThumbUp>0</ThumbUp><ThumbDown>0</ThumbDown><Sentiment>Buy</Sentiment></Message><Message type="ReplyMessage"><Id>1371159567135-93</Id><Topic><Title>Greed of ERIC SCHMIDT?</Title><Username>boston_escape</Username><Timestamp>1371156674063</Timestamp><DateTime>Thu, 2013-06-13 16:51:14 EDT</DateTime></Topic><Msg>Who are you to tell successful businessmen how much they can and cannot make?</Msg><Username>lowkey_investor</Username><Timestamp>1371159567135</Timestamp><DateTime>Thu, 2013-06-13 17:39:27 EDT</DateTime><ThumbUp>0</ThumbUp><ThumbDown>0</ThumbDown><Sentiment/></Message><Message type="ReplyMessage"><Id>1371160686133-94</Id><Topic><Title>Greed of ERIC SCHMIDT?</Title><Username>boston_escape</Username><Timestamp>1371156674063</Timestamp><DateTime>Thu, 2013-06-13 16:51:14 EDT</DateTime></Topic><Msg>Well that is why there are private and public companies. In public companies the behavior and compensation of CEO is important to shareholders, especially if it comes as a huge contrast to what his peers are doing. Let's not forget that Google brought Larry Page back after continuous internal and external dissatisfaction of Eric Schmidt lead...</Msg><Username>boston_escape</Username><Timestamp>1371160686133</Timestamp><DateTime>Thu, 2013-06-13 17:58:06 EDT</DateTime><ThumbUp>0</ThumbUp><ThumbDown>0</ThumbDown><Sentiment/></Message><Message type="ReplyMessage"><Id>1371163213609-95</Id><Topic><Title>Well you can thank me for the recent down move. I went long yesterday.</Title><Username>shanzha8</Username><Timestamp>1371138492330</Timestamp><DateTime>Thu, 2013-06-13 11:48:12 EDT</DateTime></Topic><Msg>I think you found your Unicorn young man. I hope you traded accordingly. Stay with her</Msg><Username>goodeyecharting</Username><Timestamp>1371163213609</Timestamp><DateTime>Thu, 2013-06-13 18:40:13 EDT</DateTime><ThumbUp>0</ThumbUp><ThumbDown>0</ThumbDown><Sentiment/></Message><Message type="ReplyMessage"><Id>1371166080712-96</Id><Topic><Title>Well you can thank me for the recent down move. I went long yesterday.</Title><Username>shanzha8</Username><Timestamp>1371138492330</Timestamp><DateTime>Thu, 2013-06-13 11:48:12 EDT</DateTime></Topic><Msg>KOD, no biggie, GOOG is just consolidating for an upward move. With GOOG a 10 point drop is just over 1%, no biggie.</Msg><Username>chaolopez</Username><Timestamp>1371166080712</Timestamp><DateTime>Thu, 2013-06-13 19:28:00 EDT</DateTime><ThumbUp>0</ThumbUp><ThumbDown>0</ThumbDown><Sentiment/></Message><Message type="ReplyMessage"><Id>1371167051436-97</Id><Topic><Title>Greed of ERIC SCHMIDT?</Title><Username>boston_escape</Username><Timestamp>1371156674063</Timestamp><DateTime>Thu, 2013-06-13 16:51:14 EDT</DateTime></Topic><Msg>Many believe that Eric Schmidt is unloading some shares to get cash to pay off the wife. They are getting divorced and either he gives her shares or cash. I don't think his wealth is spread out beyond his GOOG shares.</Msg><Username>pricewowens</Username><Timestamp>1371167051436</Timestamp><DateTime>Thu, 2013-06-13 19:44:11 EDT</DateTime><ThumbUp>0</ThumbUp><ThumbDown>0</ThumbDown><Sentiment/></Message><Message type="TopicMessage"><Id>1371171364855-98</Id><Title>ALL THE BUBLELONIAN ANALYSTS LOVE IT</Title><Msg>INDEED</Msg><Username>stockstar17</Username><Timestamp>1371171364855</Timestamp><DateTime>Thu, 2013-06-13 20:56:04 EDT</DateTime><ThumbUp>0</ThumbUp><ThumbDown>1</ThumbDown><Sentiment/></Message><Message type="TopicMessage"><Id>1371172154115-99</Id><Title>USAA INSURANCE CON. If your house burns you get no up front money-- you must re-build and</Title><Msg>take their low bid. You will be nickelled and dimed to death following your tragedy. No "full payment option" for USAA members. Robles disgraceful con.</Msg><Username>consumercon</Username><Timestamp>1371172154115</Timestamp><DateTime>Thu, 2013-06-13 21:09:14 EDT</DateTime><ThumbUp>1</ThumbUp><ThumbDown>2</ThumbDown><Sentiment/></Message><Message type="TopicMessage"><Id>1371173337988-100</Id><Title>usaa management sinks to new low.............</Title><Msg>Robles and his Amazon army of insurance claim zombies pays nothing and doesn't even show up to process claims</Msg><Username>consumercon</Username><Timestamp>1371173337988</Timestamp><DateTime>Thu, 2013-06-13 21:28:57 EDT</DateTime><ThumbUp>1</ThumbUp><ThumbDown>2</ThumbDown><Sentiment/></Message></Date>