<?xml version="1.0" encoding="UTF-8" standalone="no"?><Date date="2013-04-26"><Message type="ReplyMessage"><Id>1366963162163-1</Id><Topic><Title>Hope I Die</Title><Username>billybrown04</Username><Timestamp>1366939746705</Timestamp><DateTime>Thu, 2013-04-25 21:29:06 EDT</DateTime></Topic><Msg>why would you buy those practically at the top</Msg><Username>jrzk1</Username><Timestamp>1366963162163</Timestamp><DateTime>Fri, 2013-04-26 03:59:22 EDT</DateTime><ThumbUp>0</ThumbUp><ThumbDown>0</ThumbDown><Sentiment/></Message><Message type="TopicMessage"><Id>1366979419161-2</Id><Title>With the stock buyback Aapl and Goog now have the same market cap..</Title><Msg>Apple will pay 100B over 3 years to shareholders. That effectively lowers apples market cap to 280B. Should google and apple really be valued the same?</Msg><Username>aapl_2000</Username><Timestamp>1366979419161</Timestamp><DateTime>Fri, 2013-04-26 08:30:19 EDT</DateTime><ThumbUp>0</ThumbUp><ThumbDown>0</ThumbDown><Sentiment/></Message><Message type="TopicMessage"><Id>1366982590982-3</Id><Title>Mozilla HTML5 mobile OS new ecosystem.</Title><Msg>From Motley Fool Article: "On April 23, 2013 Mozilla the non-profit company sold out of 1,000 developer-launch phones loaded with the Mozilla OS in just a few hours. The company, in collaboration with Geeksphone, sold $119 Keon models and $194 high-end versions called Peak for developers to test in real-world situations and on mobile networks. Unlike the other mobile tech companies, Mozilla's OS is built on HTML5. Because its apps will run off the new web standard, the Mozilla OS phones require less internal storage than traditional smartphones. This difference is expected to keep the cost of phones much lower than even low-end phones running Android. OEMs could benefit from the OS because it will help them keep costs down and still sell products with similar capabilities of more expensive phones. For carriers, of which Mozilla already has 17 signed up, the benefit lies in being able to sell comparable phones for less money. Additionally, since the apps are built on HTML 5, developers can create apps that work across multiple devices and have less restrictions than app stores. Samsung launching a full-scale mobile approach with its own mobile OS, Tizen. The company will sell a few Tizen phones in small markets later this year, but the company's still extremely dependent on Google. If Samsung does move away from Android, it could also team up with Mozilla and use the company's OS instead of its own version. Mozilla and Samsung are already working on a new mobile browser in an effort to cut out Google's Android and Chrome browsers. A mobile OS agreement between the two could be mutually beneficial for both companies. Samsung could move away from Android, while Mozilla would gain significant OS share because of Samsung's current reach."</Msg><Username>europe_and_usa</Username><Timestamp>1366982590982</Timestamp><DateTime>Fri, 2013-04-26 09:23:10 EDT</DateTime><ThumbUp>0</ThumbUp><ThumbDown>0</ThumbDown><Sentiment/></Message><Message type="TopicMessage"><Id>1366982902882-4</Id><Title>$240/share</Title><Msg>That's what GOOG is expected to earn over the next 4 years .. that is nearly $70billion .. incredible!</Msg><Username>akara1ph</Username><Timestamp>1366982902882</Timestamp><DateTime>Fri, 2013-04-26 09:28:22 EDT</DateTime><ThumbUp>0</ThumbUp><ThumbDown>0</ThumbDown><Sentiment/></Message><Message type="TopicMessage"><Id>1366983318740-5</Id><Title>Eric Schmidt needs to quit selling shares at the highs!</Title><Msg>Unfavorable insider activity imo!</Msg><Username>whoozyurdaddi</Username><Timestamp>1366983318740</Timestamp><DateTime>Fri, 2013-04-26 09:35:18 EDT</DateTime><ThumbUp>0</ThumbUp><ThumbDown>0</ThumbDown><Sentiment/></Message><Message type="TopicMessage"><Id>1366983390159-6</Id><Title>Eric Schmidt criticizes Google's Glass device.</Title><Msg>April 26, 2013: "Google Executive Chairman Eric Schmidt thinks that there are some "obvious" places where Google Glass is inappropriate. Schmidt also admitted that talking out loud to control Glass through its voice recognition is, "the weirdest thing. Schmidt confirmed Google's challenge, saying that Glass is "so new, we decided to be more cautious...It's always easier to open it up more in the future."</Msg><Username>strong_iiiii</Username><Timestamp>1366983390159</Timestamp><DateTime>Fri, 2013-04-26 09:36:30 EDT</DateTime><ThumbUp>0</ThumbUp><ThumbDown>0</ThumbDown><Sentiment/></Message><Message type="ReplyMessage"><Id>1366983586758-7</Id><Topic><Title>Hope I Die</Title><Username>billybrown04</Username><Timestamp>1366939746705</Timestamp><DateTime>Thu, 2013-04-25 21:29:06 EDT</DateTime></Topic><Msg>Well, I didn't die unfortunately and I did wake up to a bad loss in GOOG. This stock will not have an up day as long as I hold it- just like all the other stocks I own.</Msg><Username>billybrown04</Username><Timestamp>1366983586758</Timestamp><DateTime>Fri, 2013-04-26 09:39:46 EDT</DateTime><ThumbUp>0</ThumbUp><ThumbDown>0</ThumbDown><Sentiment/></Message><Message type="ReplyMessage"><Id>1366983827947-8</Id><Topic><Title>Eric Schmidt needs to quit selling shares at the highs!</Title><Username>whoozyurdaddi</Username><Timestamp>1366983318740</Timestamp><DateTime>Fri, 2013-04-26 09:35:18 EDT</DateTime></Topic><Msg>Schmidt Eric sold 83,700 shares at $815.18 per share for a total value of $68,230,951.</Msg><Username>europe_and_usa</Username><Timestamp>1366983827947</Timestamp><DateTime>Fri, 2013-04-26 09:43:47 EDT</DateTime><ThumbUp>0</ThumbUp><ThumbDown>0</ThumbDown><Sentiment/></Message><Message type="TopicMessage"><Id>1366984025064-9</Id><Title>Judge's Ruling Is Turning Point in Microsoft-Motorola Patent Suit.</Title><Msg>4/26/2013 9:42:32 AM. "The decision is also a setback for Motorola; it had argued that companies which join standards are entitled to negotiate the value of their patents with users of the standards. Motorola had argued that Microsoft should compensate Motorola billions of dollars for its patents. The methodology and patent rates set by the court indicate Microsoft should pay about $1.8 million annually. "</Msg><Username>strong_iiiii</Username><Timestamp>1366984025064</Timestamp><DateTime>Fri, 2013-04-26 09:47:05 EDT</DateTime><ThumbUp>0</ThumbUp><ThumbDown>0</ThumbDown><Sentiment/></Message><Message type="TopicMessage"><Id>1366984577078-10</Id><Title>Schmidt sells out Google yet again!</Title><Msg>Looks like the money will start going back into Apple were it came from.</Msg><Username>chris.gough67</Username><Timestamp>1366984577078</Timestamp><DateTime>Fri, 2013-04-26 09:56:17 EDT</DateTime><ThumbUp>0</ThumbUp><ThumbDown>0</ThumbDown><Sentiment/></Message><Message type="ReplyMessage"><Id>1366984593224-11</Id><Topic><Title>Eric Schmidt criticizes Google's Glass device.</Title><Username>strong_iiiii</Username><Timestamp>1366983390159</Timestamp><DateTime>Fri, 2013-04-26 09:36:30 EDT</DateTime></Topic><Msg>Google's Glass project is a complete failure, here is why: - It's too expensive ($1500). - Prohibited by law to wear when driving in most countries. - Prohibited by Google to sell for children below 13 year of age. - Wearable devices have proven impractical for most people. - Non water proof. - Easy to steal in crowded streets. - Battery won't last long because of its small size.</Msg><Username>strong_iiiii</Username><Timestamp>1366984593224</Timestamp><DateTime>Fri, 2013-04-26 09:56:33 EDT</DateTime><ThumbUp>0</ThumbUp><ThumbDown>0</ThumbDown><Sentiment/></Message><Message type="ReplyMessage"><Id>1366984659848-12</Id><Topic><Title>HIMX........GOOGLE GLASS. When the release?</Title><Username>weslander</Username><Timestamp>1366810862660</Timestamp><DateTime>Wed, 2013-04-24 09:41:02 EDT</DateTime></Topic><Msg>That is exactly why HIMX is a winner and google should buy them out.</Msg><Username>harrisgreh</Username><Timestamp>1366984659848</Timestamp><DateTime>Fri, 2013-04-26 09:57:39 EDT</DateTime><ThumbUp>0</ThumbUp><ThumbDown>0</ThumbDown><Sentiment/></Message><Message type="TopicMessage"><Id>1366984955340-13</Id><Title>hp is on fire--screaming buy</Title><Msg>buy now</Msg><Username>adamwangwang47</Username><Timestamp>1366984955340</Timestamp><DateTime>Fri, 2013-04-26 10:02:35 EDT</DateTime><ThumbUp>0</ThumbUp><ThumbDown>0</ThumbDown><Sentiment>Strong Buy</Sentiment></Message><Message type="ReplyMessage"><Id>1366985055222-14</Id><Topic><Title>Mozilla HTML5 mobile OS new ecosystem.</Title><Username>europe_and_usa</Username><Timestamp>1366982590982</Timestamp><DateTime>Fri, 2013-04-26 09:23:10 EDT</DateTime></Topic><Msg>FYI............</Msg><Username>europe_and_usa</Username><Timestamp>1366985055222</Timestamp><DateTime>Fri, 2013-04-26 10:04:15 EDT</DateTime><ThumbUp>0</ThumbUp><ThumbDown>0</ThumbDown><Sentiment/></Message><Message type="TopicMessage"><Id>1366985581335-15</Id><Title>Money is rotating back into Apple...</Title><Msg>Goog and apple will both be 600/share in 3 months.</Msg><Username>aapl_2000</Username><Timestamp>1366985581335</Timestamp><DateTime>Fri, 2013-04-26 10:13:01 EDT</DateTime><ThumbUp>1</ThumbUp><ThumbDown>1</ThumbDown><Sentiment/></Message><Message type="ReplyMessage"><Id>1366985721032-16</Id><Topic><Title>Money is rotating back into Apple...</Title><Username>aapl_2000</Username><Timestamp>1366985581335</Timestamp><DateTime>Fri, 2013-04-26 10:13:01 EDT</DateTime></Topic><Msg>I agree, Google PE is way to high at 24 while Apple PE is just 9.</Msg><Username>europe_and_usa</Username><Timestamp>1366985721032</Timestamp><DateTime>Fri, 2013-04-26 10:15:21 EDT</DateTime><ThumbUp>0</ThumbUp><ThumbDown>0</ThumbDown><Sentiment/></Message><Message type="ReplyMessage"><Id>1366985816961-17</Id><Topic><Title>Money is rotating back into Apple...</Title><Username>aapl_2000</Username><Timestamp>1366985581335</Timestamp><DateTime>Fri, 2013-04-26 10:13:01 EDT</DateTime></Topic><Msg>if you add in the 100 billion apple is giving back to its shareholders and apple's cash it is now cheaper than Google by market cap!</Msg><Username>aapl_2000</Username><Timestamp>1366985816961</Timestamp><DateTime>Fri, 2013-04-26 10:16:56 EDT</DateTime><ThumbUp>0</ThumbUp><ThumbDown>0</ThumbDown><Sentiment/></Message><Message type="ReplyMessage"><Id>1366988109849-18</Id><Topic><Title>Any long timers here know if GOOG share price is sensititve to AMZN movement on their earnings at all (up or down)</Title><Username>akara1ph</Username><Timestamp>1366918812794</Timestamp><DateTime>Thu, 2013-04-25 15:40:12 EDT</DateTime></Topic><Msg>See BIDU, that might be the associated drive by. And some Samsung phone fallout.</Msg><Username>robynrokn</Username><Timestamp>1366988109849</Timestamp><DateTime>Fri, 2013-04-26 10:55:09 EDT</DateTime><ThumbUp>0</ThumbUp><ThumbDown>0</ThumbDown><Sentiment>Hold</Sentiment></Message><Message type="TopicMessage"><Id>1366989713378-19</Id><Title>one time i get in</Title><Msg>ggod does nothing and i lose money. pos!</Msg><Username>mbunce1</Username><Timestamp>1366989713378</Timestamp><DateTime>Fri, 2013-04-26 11:21:53 EDT</DateTime><ThumbUp>0</ThumbUp><ThumbDown>0</ThumbDown><Sentiment/></Message><Message type="TopicMessage"><Id>1366991150113-20</Id><Title>Option EX at $800.00?</Title><Msg>Option EX at $800.00?</Msg><Username>andrew2d</Username><Timestamp>1366991150113</Timestamp><DateTime>Fri, 2013-04-26 11:45:50 EDT</DateTime><ThumbUp>0</ThumbUp><ThumbDown>0</ThumbDown><Sentiment/></Message><Message type="ReplyMessage"><Id>1366991471870-21</Id><Topic><Title>Eric Schmidt criticizes Google's Glass device.</Title><Username>strong_iiiii</Username><Timestamp>1366983390159</Timestamp><DateTime>Fri, 2013-04-26 09:36:30 EDT</DateTime></Topic><Msg>awful.....</Msg><Username>europe_and_usa</Username><Timestamp>1366991471870</Timestamp><DateTime>Fri, 2013-04-26 11:51:11 EDT</DateTime><ThumbUp>0</ThumbUp><ThumbDown>0</ThumbDown><Sentiment/></Message><Message type="TopicMessage"><Id>1366991853840-22</Id><Title>When I saw Eric Schmidt comments on Google's Glass, I knew this would be down today.</Title><Msg>Glad I sold. When the dust settles, I will reload. This guy needs to be fired! Brain dead lol.</Msg><Username>greenegggs</Username><Timestamp>1366991853840</Timestamp><DateTime>Fri, 2013-04-26 11:57:33 EDT</DateTime><ThumbUp>1</ThumbUp><ThumbDown>0</ThumbDown><Sentiment/></Message><Message type="ReplyMessage"><Id>1366991887860-23</Id><Topic><Title>Option EX at $800.00?</Title><Username>andrew2d</Username><Timestamp>1366991150113</Timestamp><DateTime>Fri, 2013-04-26 11:45:50 EDT</DateTime></Topic><Msg>805</Msg><Username>iamignant</Username><Timestamp>1366991887860</Timestamp><DateTime>Fri, 2013-04-26 11:58:07 EDT</DateTime><ThumbUp>0</ThumbUp><ThumbDown>0</ThumbDown><Sentiment/></Message><Message type="ReplyMessage"><Id>1366992862896-24</Id><Topic><Title>When I saw Eric Schmidt comments on Google's Glass, I knew this would be down today.</Title><Username>greenegggs</Username><Timestamp>1366991853840</Timestamp><DateTime>Fri, 2013-04-26 11:57:33 EDT</DateTime></Topic><Msg>Good move, however, the Glass project is a complete failure, here is why: - It's too expensive ($1500). - Prohibited by law to wear when driving in most countries. - Prohibited by Google to sell for children below 13 year of age. - Wearable devices have proven impractical for most people. - Non water proof. - Easy to steal in crowded streets. - Battery won't last long because of its small size.</Msg><Username>strong_iiiii</Username><Timestamp>1366992862896</Timestamp><DateTime>Fri, 2013-04-26 12:14:22 EDT</DateTime><ThumbUp>0</ThumbUp><ThumbDown>0</ThumbDown><Sentiment/></Message><Message type="TopicMessage"><Id>1366992953261-25</Id><Title>bounce time</Title><Msg>now that lod is in</Msg><Username>bluesjamj</Username><Timestamp>1366992953261</Timestamp><DateTime>Fri, 2013-04-26 12:15:53 EDT</DateTime><ThumbUp>0</ThumbUp><ThumbDown>0</ThumbDown><Sentiment/></Message><Message type="ReplyMessage"><Id>1366993008159-26</Id><Topic><Title>Option EX at $800.00?</Title><Username>andrew2d</Username><Timestamp>1366991150113</Timestamp><DateTime>Fri, 2013-04-26 11:45:50 EDT</DateTime></Topic><Msg>or 804</Msg><Username>bluesjamj</Username><Timestamp>1366993008159</Timestamp><DateTime>Fri, 2013-04-26 12:16:48 EDT</DateTime><ThumbUp>0</ThumbUp><ThumbDown>0</ThumbDown><Sentiment/></Message><Message type="ReplyMessage"><Id>1366993210473-27</Id><Topic><Title>Mozilla HTML5 mobile OS new ecosystem.</Title><Username>europe_and_usa</Username><Timestamp>1366982590982</Timestamp><DateTime>Fri, 2013-04-26 09:23:10 EDT</DateTime></Topic><Msg>FYI........</Msg><Username>europe_and_usa</Username><Timestamp>1366993210473</Timestamp><DateTime>Fri, 2013-04-26 12:20:10 EDT</DateTime><ThumbUp>0</ThumbUp><ThumbDown>0</ThumbDown><Sentiment/></Message><Message type="TopicMessage"><Id>1366994145951-28</Id><Title>apple and google will both be 600/share</Title><Msg>I give it 3 months...</Msg><Username>aapl_2000</Username><Timestamp>1366994145951</Timestamp><DateTime>Fri, 2013-04-26 12:35:45 EDT</DateTime><ThumbUp>0</ThumbUp><ThumbDown>0</ThumbDown><Sentiment/></Message><Message type="ReplyMessage"><Id>1366994247250-29</Id><Topic><Title>Option EX at $800.00?</Title><Username>andrew2d</Username><Timestamp>1366991150113</Timestamp><DateTime>Fri, 2013-04-26 11:45:50 EDT</DateTime></Topic><Msg>803.79</Msg><Username>iamignant</Username><Timestamp>1366994247250</Timestamp><DateTime>Fri, 2013-04-26 12:37:27 EDT</DateTime><ThumbUp>0</ThumbUp><ThumbDown>0</ThumbDown><Sentiment/></Message><Message type="ReplyMessage"><Id>1366994291736-30</Id><Topic><Title>Hope I Die</Title><Username>billybrown04</Username><Timestamp>1366939746705</Timestamp><DateTime>Thu, 2013-04-25 21:29:06 EDT</DateTime></Topic><Msg>If you are serious buy apple.. it will be the best trade you ever make. They are giving shareholders 100 billion over 3 years. Google gives back nothing and makes 1/3 the profit of apple on a per share basis.</Msg><Username>aapl_2000</Username><Timestamp>1366994291736</Timestamp><DateTime>Fri, 2013-04-26 12:38:11 EDT</DateTime><ThumbUp>0</ThumbUp><ThumbDown>0</ThumbDown><Sentiment/></Message><Message type="TopicMessage"><Id>1366994825678-31</Id><Title>next week will test 820s</Title><Msg>if holds over 802n today on weekly</Msg><Username>bluesjamj</Username><Timestamp>1366994825678</Timestamp><DateTime>Fri, 2013-04-26 12:47:05 EDT</DateTime><ThumbUp>0</ThumbUp><ThumbDown>0</ThumbDown><Sentiment/></Message><Message type="ReplyMessage"><Id>1366995202371-32</Id><Topic><Title>Option EX at $800.00?</Title><Username>andrew2d</Username><Timestamp>1366991150113</Timestamp><DateTime>Fri, 2013-04-26 11:45:50 EDT</DateTime></Topic><Msg>I see $795.</Msg><Username>bangbang3131</Username><Timestamp>1366995202371</Timestamp><DateTime>Fri, 2013-04-26 12:53:22 EDT</DateTime><ThumbUp>0</ThumbUp><ThumbDown>0</ThumbDown><Sentiment>Strong Sell</Sentiment></Message><Message type="ReplyMessage"><Id>1366995875651-33</Id><Topic><Title>Eric Schmidt criticizes Google's Glass device.</Title><Username>strong_iiiii</Username><Timestamp>1366983390159</Timestamp><DateTime>Fri, 2013-04-26 09:36:30 EDT</DateTime></Topic><Msg>yep....</Msg><Username>strong_iiiii</Username><Timestamp>1366995875651</Timestamp><DateTime>Fri, 2013-04-26 13:04:35 EDT</DateTime><ThumbUp>0</ThumbUp><ThumbDown>0</ThumbDown><Sentiment/></Message><Message type="TopicMessage"><Id>1366997087726-34</Id><Title>what if mms decide to fill the gap from today???</Title><Msg>not likely but ya never know with the scam market</Msg><Username>bluesjamj</Username><Timestamp>1366997087726</Timestamp><DateTime>Fri, 2013-04-26 13:24:47 EDT</DateTime><ThumbUp>0</ThumbUp><ThumbDown>0</ThumbDown><Sentiment/></Message><Message type="TopicMessage"><Id>1366997328476-35</Id><Title>Nice tiurn around</Title><Msg>let's see if it holds? Maybe the rally can resume? My stop 795.</Msg><Username>chardda233</Username><Timestamp>1366997328476</Timestamp><DateTime>Fri, 2013-04-26 13:28:48 EDT</DateTime><ThumbUp>0</ThumbUp><ThumbDown>0</ThumbDown><Sentiment/></Message><Message type="ReplyMessage"><Id>1366998388064-36</Id><Topic><Title>Mozilla HTML5 mobile OS new ecosystem.</Title><Username>europe_and_usa</Username><Timestamp>1366982590982</Timestamp><DateTime>Fri, 2013-04-26 09:23:10 EDT</DateTime></Topic><Msg>FYI...................</Msg><Username>europe_and_usa</Username><Timestamp>1366998388064</Timestamp><DateTime>Fri, 2013-04-26 13:46:28 EDT</DateTime><ThumbUp>0</ThumbUp><ThumbDown>0</ThumbDown><Sentiment/></Message><Message type="TopicMessage"><Id>1366998985957-37</Id><Title>GOOG will not hold</Title><Msg>sellers will come in soon</Msg><Username>jgiled</Username><Timestamp>1366998985957</Timestamp><DateTime>Fri, 2013-04-26 13:56:25 EDT</DateTime><ThumbUp>0</ThumbUp><ThumbDown>1</ThumbDown><Sentiment/></Message><Message type="ReplyMessage"><Id>1366999383947-38</Id><Topic><Title>Eric Schmidt criticizes Google's Glass device.</Title><Username>strong_iiiii</Username><Timestamp>1366983390159</Timestamp><DateTime>Fri, 2013-04-26 09:36:30 EDT</DateTime></Topic><Msg>“We want to be very careful that this sort of new invention is not misused,” Schmidt said later. “It’s already been banned in Las Vegas casinos. They haven’t even seen it. I’m always concerned about premature regulation based on fear, as opposed to understanding what’s possible.”</Msg><Username>strong_iiiii</Username><Timestamp>1366999383947</Timestamp><DateTime>Fri, 2013-04-26 14:03:03 EDT</DateTime><ThumbUp>0</ThumbUp><ThumbDown>0</ThumbDown><Sentiment/></Message><Message type="TopicMessage"><Id>1366999983746-39</Id><Title>gonna get pinned at 800</Title><Msg>sorry mm.s</Msg><Username>mbunce1</Username><Timestamp>1366999983746</Timestamp><DateTime>Fri, 2013-04-26 14:13:03 EDT</DateTime><ThumbUp>0</ThumbUp><ThumbDown>0</ThumbDown><Sentiment/></Message><Message type="ReplyMessage"><Id>1367000028116-40</Id><Topic><Title>GOOG will not hold</Title><Username>jgiled</Username><Timestamp>1366998985957</Timestamp><DateTime>Fri, 2013-04-26 13:56:25 EDT</DateTime></Topic><Msg>now that's a hail mary..clean looking chart off the lows.</Msg><Username>chardda233</Username><Timestamp>1367000028116</Timestamp><DateTime>Fri, 2013-04-26 14:13:48 EDT</DateTime><ThumbUp>0</ThumbUp><ThumbDown>0</ThumbDown><Sentiment/></Message><Message type="TopicMessage"><Id>1367000940951-41</Id><Title>Google worth $1200 - $1500 in a few years</Title><Msg>Google worth $1200 - $1500 in a few years Only fools will sell Google. Hold it for years.</Msg><Username>yinvestor</Username><Timestamp>1367000940951</Timestamp><DateTime>Fri, 2013-04-26 14:29:00 EDT</DateTime><ThumbUp>0</ThumbUp><ThumbDown>0</ThumbDown><Sentiment/></Message><Message type="TopicMessage"><Id>1367001094833-42</Id><Title>WOW!! IDN TECHNOLOGY TRACED BOSTON BOMBERS, NEWS TODAY!! SYMB. IDN</Title><Msg>Symbol idn, all insiders bought above 1.00 buy today at 48</Msg><Username>dpreim</Username><Timestamp>1367001094833</Timestamp><DateTime>Fri, 2013-04-26 14:31:34 EDT</DateTime><ThumbUp>0</ThumbUp><ThumbDown>0</ThumbDown><Sentiment>Strong Buy</Sentiment></Message><Message type="ReplyMessage"><Id>1367001137767-43</Id><Topic><Title>GOOG will not hold</Title><Username>jgiled</Username><Timestamp>1366998985957</Timestamp><DateTime>Fri, 2013-04-26 13:56:25 EDT</DateTime></Topic><Msg>Agreed. She wants to go higher. Thinking about a LEAP.</Msg><Username>gatordogz</Username><Timestamp>1367001137767</Timestamp><DateTime>Fri, 2013-04-26 14:32:17 EDT</DateTime><ThumbUp>0</ThumbUp><ThumbDown>0</ThumbDown><Sentiment/></Message><Message type="ReplyMessage"><Id>1367001216680-44</Id><Topic><Title>4 main negative factors in recent Google earning.</Title><Username>europe_and_usa</Username><Timestamp>1366896724136</Timestamp><DateTime>Thu, 2013-04-25 09:32:04 EDT</DateTime></Topic><Msg>FYI.........</Msg><Username>europe_and_usa</Username><Timestamp>1367001216680</Timestamp><DateTime>Fri, 2013-04-26 14:33:36 EDT</DateTime><ThumbUp>0</ThumbUp><ThumbDown>0</ThumbDown><Sentiment/></Message><Message type="TopicMessage"><Id>1367003528415-45</Id><Title>Blackberry Q10 2000 units have been sold in the first 90 minutes at UK Selfridges store.</Title><Msg>More details at BBRY news section.</Msg><Username>sam_the9th</Username><Timestamp>1367003528415</Timestamp><DateTime>Fri, 2013-04-26 15:12:08 EDT</DateTime><ThumbUp>0</ThumbUp><ThumbDown>0</ThumbDown><Sentiment/></Message><Message type="TopicMessage"><Id>1367003648510-46</Id><Title>Strong finish</Title><Msg>If they close strong and goog rallies I'm feeling good about next week...we shall see.</Msg><Username>chardda233</Username><Timestamp>1367003648510</Timestamp><DateTime>Fri, 2013-04-26 15:14:08 EDT</DateTime><ThumbUp>0</ThumbUp><ThumbDown>0</ThumbDown><Sentiment/></Message><Message type="ReplyMessage"><Id>1367004320782-47</Id><Topic><Title>Eric Schmidt criticizes Google's Glass device.</Title><Username>strong_iiiii</Username><Timestamp>1366983390159</Timestamp><DateTime>Fri, 2013-04-26 09:36:30 EDT</DateTime></Topic><Msg>Fron AllThingsD article.</Msg><Username>strong_iiiii</Username><Timestamp>1367004320782</Timestamp><DateTime>Fri, 2013-04-26 15:25:20 EDT</DateTime><ThumbUp>0</ThumbUp><ThumbDown>0</ThumbDown><Sentiment/></Message></Date>