<?xml version="1.0" encoding="UTF-8" standalone="no"?><Date date="2013-07-17"><Message type="TopicMessage"><Id>1374036206722-1</Id><Title>Seriously, Where Do You Guys See This Stock After Hours Tomorrow?</Title><Msg>Should I buy at the open bell tomorrow a quick 80 shares and will I be rewarded with this going to $980 by Thursday around 11am or noontime? Serious and honest expert opinions only.</Msg><Username>playboy210</Username><Timestamp>1374036206722</Timestamp><DateTime>Wed, 2013-07-17 00:43:26 EDT</DateTime><ThumbUp>0</ThumbUp><ThumbDown>0</ThumbDown><Sentiment/></Message><Message type="ReplyMessage"><Id>1374040483801-2</Id><Topic><Title>Seriously, Where Do You Guys See This Stock After Hours Tomorrow?</Title><Username>playboy210</Username><Timestamp>1374036206722</Timestamp><DateTime>Wed, 2013-07-17 00:43:26 EDT</DateTime></Topic><Msg>Tough to say MMS tasted blood on tesla, and me thinks they figure they can make more money shorting goog than buying into it. Short term that is. Glasses are priced in. Schmidt schmoozing Apple is also a bad sign. Buying Waze was a good move Yahoo bad news is probably good news in that marketshare was not eroded. Lookout for LinkedIn and bing dinging marketshare b. 1-2% Hope YouTube is racking it in and they target Netflix. Overall, the market may figure $1000 is a tougher climb than a breather to $790 and reload.</Msg><Username>kedubob</Username><Timestamp>1374040483801</Timestamp><DateTime>Wed, 2013-07-17 01:54:43 EDT</DateTime><ThumbUp>0</ThumbUp><ThumbDown>0</ThumbDown><Sentiment/></Message><Message type="ReplyMessage"><Id>1374047847642-3</Id><Topic><Title>Facebook and many other platforms don’t offer the opportunity to specifically target like offers of Local Corp with premium content</Title><Username>flankenking</Username><Timestamp>1372586026223</Timestamp><DateTime>Sun, 2013-06-30 05:53:46 EDT</DateTime></Topic><Msg>Services of Business Solutions of Local Corp • Our Services . • URL Acquisition • Web Hosting • Website Design • Mobile Website • Social Media • Content Management • Business Listing • Search Engine Optimization (SEO) • Banner Advertising • Offers • Call Tracking • Lead Generation © 2013 Local Corporation. All rights reserved</Msg><Username>flankenking</Username><Timestamp>1374047847642</Timestamp><DateTime>Wed, 2013-07-17 03:57:27 EDT</DateTime><ThumbUp>0</ThumbUp><ThumbDown>0</ThumbDown><Sentiment/></Message><Message type="ReplyMessage"><Id>1374057935558-4</Id><Topic><Title>Seriously, Where Do You Guys See This Stock After Hours Tomorrow?</Title><Username>playboy210</Username><Timestamp>1374036206722</Timestamp><DateTime>Wed, 2013-07-17 00:43:26 EDT</DateTime></Topic><Msg>LinkedIn a good buy?</Msg><Username>playboy210</Username><Timestamp>1374057935558</Timestamp><DateTime>Wed, 2013-07-17 06:45:35 EDT</DateTime><ThumbUp>0</ThumbUp><ThumbDown>0</ThumbDown><Sentiment/></Message><Message type="ReplyMessage"><Id>1374058030789-5</Id><Topic><Title>Seriously, Where Do You Guys See This Stock After Hours Tomorrow?</Title><Username>playboy210</Username><Timestamp>1374036206722</Timestamp><DateTime>Wed, 2013-07-17 00:43:26 EDT</DateTime></Topic><Msg>I personally like TEAR and this compant specifically targeting defects that cause cancer in genes.</Msg><Username>playboy210</Username><Timestamp>1374058030789</Timestamp><DateTime>Wed, 2013-07-17 06:47:10 EDT</DateTime><ThumbUp>0</ThumbUp><ThumbDown>0</ThumbDown><Sentiment/></Message><Message type="ReplyMessage"><Id>1374062259332-6</Id><Topic><Title>NEWS OF GOOG BEING IN TALKS WITH MEDIA COMPANIES TO START A WEB TV. BAD NEWS FOR CABLE COMPANIES.</Title><Username>greenegggs</Username><Timestamp>1374022188598</Timestamp><DateTime>Tue, 2013-07-16 20:49:48 EDT</DateTime></Topic><Msg>NFLX is already a thorn in the side for cable companies with the original content they have been creating. Now if GOOG can offer the consumer the same TV shows as cable, but À la carte, then that would be a huge blow to cable. No more expensive cable packages, and paying for all those channels that we never watch/want.</Msg><Username>greenegggs</Username><Timestamp>1374062259332</Timestamp><DateTime>Wed, 2013-07-17 07:57:39 EDT</DateTime><ThumbUp>0</ThumbUp><ThumbDown>0</ThumbDown><Sentiment/></Message><Message type="TopicMessage"><Id>1374063822104-7</Id><Title>Should see a nice gain today!</Title><Msg>Oversold yesterday.cuffs</Msg><Username>kingcuffs</Username><Timestamp>1374063822104</Timestamp><DateTime>Wed, 2013-07-17 08:23:42 EDT</DateTime><ThumbUp>0</ThumbUp><ThumbDown>0</ThumbDown><Sentiment/></Message><Message type="ReplyMessage"><Id>1374064026988-8</Id><Topic><Title>NEWS OF GOOG BEING IN TALKS WITH MEDIA COMPANIES TO START A WEB TV. BAD NEWS FOR CABLE COMPANIES.</Title><Username>greenegggs</Username><Timestamp>1374022188598</Timestamp><DateTime>Tue, 2013-07-16 20:49:48 EDT</DateTime></Topic><Msg>If you hate cable try satélite or Dish. Cable has always been higher. cuffs</Msg><Username>kingcuffs</Username><Timestamp>1374064026988</Timestamp><DateTime>Wed, 2013-07-17 08:27:06 EDT</DateTime><ThumbUp>0</ThumbUp><ThumbDown>0</ThumbDown><Sentiment/></Message><Message type="ReplyMessage"><Id>1374064500230-9</Id><Topic><Title>Earnings AFTER Thursday close</Title><Username>biglefthook_00</Username><Timestamp>1373855935315</Timestamp><DateTime>Sun, 2013-07-14 22:38:55 EDT</DateTime></Topic><Msg>Where do you see this stock opening up tomorrow morning after earnings are announced today?</Msg><Username>playboy210</Username><Timestamp>1374064500230</Timestamp><DateTime>Wed, 2013-07-17 08:35:00 EDT</DateTime><ThumbUp>0</ThumbUp><ThumbDown>0</ThumbDown><Sentiment/></Message><Message type="TopicMessage"><Id>1374064625442-10</Id><Title>split</Title><Msg>if they announce split...the stock soars over 100+++</Msg><Username>tomjuliano2000</Username><Timestamp>1374064625442</Timestamp><DateTime>Wed, 2013-07-17 08:37:05 EDT</DateTime><ThumbUp>0</ThumbUp><ThumbDown>0</ThumbDown><Sentiment/></Message><Message type="ReplyMessage"><Id>1374064685814-11</Id><Topic><Title>split</Title><Username>tomjuliano2000</Username><Timestamp>1374064625442</Timestamp><DateTime>Wed, 2013-07-17 08:37:05 EDT</DateTime></Topic><Msg>Why would you think they are going to do that? Are you crazy?</Msg><Username>playboy210</Username><Timestamp>1374064685814</Timestamp><DateTime>Wed, 2013-07-17 08:38:05 EDT</DateTime><ThumbUp>0</ThumbUp><ThumbDown>0</ThumbDown><Sentiment/></Message><Message type="ReplyMessage"><Id>1374065348575-12</Id><Topic><Title>Day's Range: 914.58 - 927.98</Title><Username>biglefthook_00</Username><Timestamp>1373992236949</Timestamp><DateTime>Tue, 2013-07-16 12:30:36 EDT</DateTime></Topic><Msg>yesterday, it was posted here at real time...."Gap higher tomorrow" Presently up $4.50 in pre-market due to google TV talk. I am signing off until tomorrow at 15:45 hrs</Msg><Username>biglefthook_00</Username><Timestamp>1374065348575</Timestamp><DateTime>Wed, 2013-07-17 08:49:08 EDT</DateTime><ThumbUp>0</ThumbUp><ThumbDown>5</ThumbDown><Sentiment/></Message><Message type="ReplyMessage"><Id>1374065366902-13</Id><Topic><Title>Day's Range: 914.58 - 927.98</Title><Username>biglefthook_00</Username><Timestamp>1373992236949</Timestamp><DateTime>Tue, 2013-07-16 12:30:36 EDT</DateTime></Topic><Msg>typo...up $2.50</Msg><Username>biglefthook_00</Username><Timestamp>1374065366902</Timestamp><DateTime>Wed, 2013-07-17 08:49:26 EDT</DateTime><ThumbUp>0</ThumbUp><ThumbDown>6</ThumbDown><Sentiment/></Message><Message type="ReplyMessage"><Id>1374065481248-14</Id><Topic><Title>split</Title><Username>tomjuliano2000</Username><Timestamp>1374064625442</Timestamp><DateTime>Wed, 2013-07-17 08:37:05 EDT</DateTime></Topic><Msg>they already did it, last june... they held it up due to litigation, which they just resolved on june 17 th. there is nothing to stop it now 2 for 1... check the facts... do your own research...</Msg><Username>tomjuliano2000</Username><Timestamp>1374065481248</Timestamp><DateTime>Wed, 2013-07-17 08:51:21 EDT</DateTime><ThumbUp>0</ThumbUp><ThumbDown>0</ThumbDown><Sentiment/></Message><Message type="ReplyMessage"><Id>1374065636740-15</Id><Topic><Title>split</Title><Username>tomjuliano2000</Username><Timestamp>1374064625442</Timestamp><DateTime>Wed, 2013-07-17 08:37:05 EDT</DateTime></Topic><Msg>Where do you see the stock price at come Friday morning?</Msg><Username>dolamyte19</Username><Timestamp>1374065636740</Timestamp><DateTime>Wed, 2013-07-17 08:53:56 EDT</DateTime><ThumbUp>0</ThumbUp><ThumbDown>0</ThumbDown><Sentiment/></Message><Message type="ReplyMessage"><Id>1374065850545-16</Id><Topic><Title>Seriously, Where Do You Guys See This Stock After Hours Tomorrow?</Title><Username>playboy210</Username><Timestamp>1374036206722</Timestamp><DateTime>Wed, 2013-07-17 00:43:26 EDT</DateTime></Topic><Msg>After hours tomorrow this could shoot up I to the $965 range. It should go up about $10 a share into closing today.</Msg><Username>dolamyte19</Username><Timestamp>1374065850545</Timestamp><DateTime>Wed, 2013-07-17 08:57:30 EDT</DateTime><ThumbUp>1</ThumbUp><ThumbDown>0</ThumbDown><Sentiment/></Message><Message type="ReplyMessage"><Id>1374065898761-17</Id><Topic><Title>split</Title><Username>tomjuliano2000</Username><Timestamp>1374064625442</Timestamp><DateTime>Wed, 2013-07-17 08:37:05 EDT</DateTime></Topic><Msg>they may hold it back a little to wipe out option speculators....so maybe 938 to 950..then it goes..</Msg><Username>tomjuliano2000</Username><Timestamp>1374065898761</Timestamp><DateTime>Wed, 2013-07-17 08:58:18 EDT</DateTime><ThumbUp>0</ThumbUp><ThumbDown>0</ThumbDown><Sentiment/></Message><Message type="TopicMessage"><Id>1374065931935-18</Id><Title>923.25 3.64 (0.40%) 8:52AM EDT - Nasdaq Real Time Price</Title><Msg>Yesterday, I posted here ... 1. a perfect "V" was setting up...$928. It fell from $928 based at $915 now it looks like $928+ today 2. GOOG would GAP HIGHER at OPEN Tomorrow, meaning today. Go back and read my post "Day's range...etc" Have a nice day</Msg><Username>biglefthook_00</Username><Timestamp>1374065931935</Timestamp><DateTime>Wed, 2013-07-17 08:58:51 EDT</DateTime><ThumbUp>0</ThumbUp><ThumbDown>5</ThumbDown><Sentiment/></Message><Message type="ReplyMessage"><Id>1374066006677-19</Id><Topic><Title>Day's Range: 914.58 - 927.98</Title><Username>biglefthook_00</Username><Timestamp>1373992236949</Timestamp><DateTime>Tue, 2013-07-16 12:30:36 EDT</DateTime></Topic><Msg>Sorry pal up over $3.00</Msg><Username>kingcuffs</Username><Timestamp>1374066006677</Timestamp><DateTime>Wed, 2013-07-17 09:00:06 EDT</DateTime><ThumbUp>0</ThumbUp><ThumbDown>0</ThumbDown><Sentiment/></Message><Message type="ReplyMessage"><Id>1374066010761-20</Id><Topic><Title>Seriously, Where Do You Guys See This Stock After Hours Tomorrow?</Title><Username>playboy210</Username><Timestamp>1374036206722</Timestamp><DateTime>Wed, 2013-07-17 00:43:26 EDT</DateTime></Topic><Msg>$1000+ easily.</Msg><Username>tagetlocman</Username><Timestamp>1374066010761</Timestamp><DateTime>Wed, 2013-07-17 09:00:10 EDT</DateTime><ThumbUp>2</ThumbUp><ThumbDown>0</ThumbDown><Sentiment>Strong Buy</Sentiment></Message><Message type="TopicMessage"><Id>1374066112500-21</Id><Title>Question about the split</Title><Msg>The new shares will not have voting rights. How will they work that? Will each share have 1/2 of a vote? Or will they do something else?</Msg><Username>tagetlocman</Username><Timestamp>1374066112500</Timestamp><DateTime>Wed, 2013-07-17 09:01:52 EDT</DateTime><ThumbUp>0</ThumbUp><ThumbDown>0</ThumbDown><Sentiment>Strong Buy</Sentiment></Message><Message type="ReplyMessage"><Id>1374066211612-22</Id><Topic><Title>Question about the split</Title><Username>tagetlocman</Username><Timestamp>1374066112500</Timestamp><DateTime>Wed, 2013-07-17 09:01:52 EDT</DateTime></Topic><Msg>Where do you see the stock price on Friday morning guy?</Msg><Username>dolamyte19</Username><Timestamp>1374066211612</Timestamp><DateTime>Wed, 2013-07-17 09:03:31 EDT</DateTime><ThumbUp>0</ThumbUp><ThumbDown>0</ThumbDown><Sentiment/></Message><Message type="ReplyMessage"><Id>1374066313826-23</Id><Topic><Title>Question about the split</Title><Username>tagetlocman</Username><Timestamp>1374066112500</Timestamp><DateTime>Wed, 2013-07-17 09:01:52 EDT</DateTime></Topic><Msg>I expect a large gap up. I think GOOG is way undervalued relative to the market. Of course with OE shenanigans the larger move might not come till next week. I fully expect to be over $1000 in very short order.</Msg><Username>tagetlocman</Username><Timestamp>1374066313826</Timestamp><DateTime>Wed, 2013-07-17 09:05:13 EDT</DateTime><ThumbUp>1</ThumbUp><ThumbDown>0</ThumbDown><Sentiment>Strong Buy</Sentiment></Message><Message type="ReplyMessage"><Id>1374066424189-24</Id><Topic><Title>Question about the split</Title><Username>tagetlocman</Username><Timestamp>1374066112500</Timestamp><DateTime>Wed, 2013-07-17 09:01:52 EDT</DateTime></Topic><Msg>more voting rights for the founders.. which is not a big deal they have done great job with this baby...voting rights are useless anyhow...</Msg><Username>tomjuliano2000</Username><Timestamp>1374066424189</Timestamp><DateTime>Wed, 2013-07-17 09:07:04 EDT</DateTime><ThumbUp>0</ThumbUp><ThumbDown>0</ThumbDown><Sentiment/></Message><Message type="ReplyMessage"><Id>1374066788730-25</Id><Topic><Title>Seriously, Where Do You Guys See This Stock After Hours Tomorrow?</Title><Username>playboy210</Username><Timestamp>1374036206722</Timestamp><DateTime>Wed, 2013-07-17 00:43:26 EDT</DateTime></Topic><Msg>just a buy a few out of the money calls, why would u risk 80,000 dollars when u can control 2500 shares for 1000.00 or so....put the 80,000 into PPL convertible preferred at 8.5 percent</Msg><Username>tomjuliano2000</Username><Timestamp>1374066788730</Timestamp><DateTime>Wed, 2013-07-17 09:13:08 EDT</DateTime><ThumbUp>0</ThumbUp><ThumbDown>0</ThumbDown><Sentiment/></Message><Message type="ReplyMessage"><Id>1374066810854-26</Id><Topic><Title>Seriously, Where Do You Guys See This Stock After Hours Tomorrow?</Title><Username>playboy210</Username><Timestamp>1374036206722</Timestamp><DateTime>Wed, 2013-07-17 00:43:26 EDT</DateTime></Topic><Msg>the stock should run,....</Msg><Username>tomjuliano2000</Username><Timestamp>1374066810854</Timestamp><DateTime>Wed, 2013-07-17 09:13:30 EDT</DateTime><ThumbUp>0</ThumbUp><ThumbDown>0</ThumbDown><Sentiment/></Message><Message type="ReplyMessage"><Id>1374066864340-27</Id><Topic><Title>Seriously, Where Do You Guys See This Stock After Hours Tomorrow?</Title><Username>playboy210</Username><Timestamp>1374036206722</Timestamp><DateTime>Wed, 2013-07-17 00:43:26 EDT</DateTime></Topic><Msg>Which direction?</Msg><Username>dolamyte19</Username><Timestamp>1374066864340</Timestamp><DateTime>Wed, 2013-07-17 09:14:24 EDT</DateTime><ThumbUp>0</ThumbUp><ThumbDown>1</ThumbDown><Sentiment/></Message><Message type="ReplyMessage"><Id>1374067008566-28</Id><Topic><Title>Seriously, Where Do You Guys See This Stock After Hours Tomorrow?</Title><Username>playboy210</Username><Timestamp>1374036206722</Timestamp><DateTime>Wed, 2013-07-17 00:43:26 EDT</DateTime></Topic><Msg>run is up !!! really? fall is down hello???</Msg><Username>tomjuliano2000</Username><Timestamp>1374067008566</Timestamp><DateTime>Wed, 2013-07-17 09:16:48 EDT</DateTime><ThumbUp>0</ThumbUp><ThumbDown>0</ThumbDown><Sentiment/></Message><Message type="ReplyMessage"><Id>1374067360827-29</Id><Topic><Title>Seriously, Where Do You Guys See This Stock After Hours Tomorrow?</Title><Username>playboy210</Username><Timestamp>1374036206722</Timestamp><DateTime>Wed, 2013-07-17 00:43:26 EDT</DateTime></Topic><Msg>TOM how high do you project this to run up to by Friday or Monday?</Msg><Username>playboy210</Username><Timestamp>1374067360827</Timestamp><DateTime>Wed, 2013-07-17 09:22:40 EDT</DateTime><ThumbUp>0</ThumbUp><ThumbDown>0</ThumbDown><Sentiment/></Message><Message type="ReplyMessage"><Id>1374067750191-30</Id><Topic><Title>Seriously, Where Do You Guys See This Stock After Hours Tomorrow?</Title><Username>playboy210</Username><Timestamp>1374036206722</Timestamp><DateTime>Wed, 2013-07-17 00:43:26 EDT</DateTime></Topic><Msg>again, if they beat the whisper, and announce split sky is limit...1150 by late august...hey it is just an opinion</Msg><Username>tomjuliano2000</Username><Timestamp>1374067750191</Timestamp><DateTime>Wed, 2013-07-17 09:29:10 EDT</DateTime><ThumbUp>0</ThumbUp><ThumbDown>0</ThumbDown><Sentiment/></Message><Message type="ReplyMessage"><Id>1374067849956-31</Id><Topic><Title>Seriously, Where Do You Guys See This Stock After Hours Tomorrow?</Title><Username>playboy210</Username><Timestamp>1374036206722</Timestamp><DateTime>Wed, 2013-07-17 00:43:26 EDT</DateTime></Topic><Msg>hey in this fkin market it could drop, just because the earnings are too good...whatever the powers decide</Msg><Username>tomjuliano2000</Username><Timestamp>1374067849956</Timestamp><DateTime>Wed, 2013-07-17 09:30:49 EDT</DateTime><ThumbUp>0</ThumbUp><ThumbDown>0</ThumbDown><Sentiment/></Message><Message type="ReplyMessage"><Id>1374067903592-32</Id><Topic><Title>Seriously, Where Do You Guys See This Stock After Hours Tomorrow?</Title><Username>playboy210</Username><Timestamp>1374036206722</Timestamp><DateTime>Wed, 2013-07-17 00:43:26 EDT</DateTime></Topic><Msg>C'mon be realistic. I said by Friday morning or Monday morning not by August.....and forget this split nonsense. just on the estimate.</Msg><Username>playboy210</Username><Timestamp>1374067903592</Timestamp><DateTime>Wed, 2013-07-17 09:31:43 EDT</DateTime><ThumbUp>0</ThumbUp><ThumbDown>0</ThumbDown><Sentiment/></Message><Message type="TopicMessage"><Id>1374067958071-33</Id><Title>Sold! Market and Stock Overbought - Locked in Gains</Title><Msg>Market and the stock has a feel of a top. Best to bank profits, Too risky holding through earnings. This artificial fed rally will crash hard very soon. Good Luck!</Msg><Username>thetrdr</Username><Timestamp>1374067958071</Timestamp><DateTime>Wed, 2013-07-17 09:32:38 EDT</DateTime><ThumbUp>0</ThumbUp><ThumbDown>0</ThumbDown><Sentiment/></Message><Message type="ReplyMessage"><Id>1374068276309-34</Id><Topic><Title>Seriously, Where Do You Guys See This Stock After Hours Tomorrow?</Title><Username>playboy210</Username><Timestamp>1374036206722</Timestamp><DateTime>Wed, 2013-07-17 00:43:26 EDT</DateTime></Topic><Msg>925</Msg><Username>tomjuliano2000</Username><Timestamp>1374068276309</Timestamp><DateTime>Wed, 2013-07-17 09:37:56 EDT</DateTime><ThumbUp>0</ThumbUp><ThumbDown>0</ThumbDown><Sentiment/></Message><Message type="TopicMessage"><Id>1374069013024-35</Id><Title>$930 +</Title><Msg>$930 +</Msg><Username>sam_setta</Username><Timestamp>1374069013024</Timestamp><DateTime>Wed, 2013-07-17 09:50:13 EDT</DateTime><ThumbUp>1</ThumbUp><ThumbDown>0</ThumbDown><Sentiment>Strong Buy</Sentiment></Message><Message type="TopicMessage"><Id>1374069376108-36</Id><Title>Google/YouTube advertises Porn on Childrens Game Sites.</Title><Msg>Google/YouTube advertises porn on Children's game sites. They also make it impossible for parents to Complain. They are not an honest company. I will take it up with State and Federal Regulators.</Msg><Username>gowithpete</Username><Timestamp>1374069376108</Timestamp><DateTime>Wed, 2013-07-17 09:56:16 EDT</DateTime><ThumbUp>0</ThumbUp><ThumbDown>0</ThumbDown><Sentiment/></Message><Message type="TopicMessage"><Id>1374069761241-37</Id><Title>Is Cramer living CNBC after his contract is over ?????</Title><Msg>he will start a Hedge Fund ??? is that what he said ??? BBOOYAAAAAA about a #$%$ time if this is true</Msg><Username>jgiled</Username><Timestamp>1374069761241</Timestamp><DateTime>Wed, 2013-07-17 10:02:41 EDT</DateTime><ThumbUp>0</ThumbUp><ThumbDown>0</ThumbDown><Sentiment/></Message><Message type="ReplyMessage"><Id>1374069843615-38</Id><Topic><Title>$930 +</Title><Username>sam_setta</Username><Timestamp>1374069013024</Timestamp><DateTime>Wed, 2013-07-17 09:50:13 EDT</DateTime></Topic><Msg>In your dreams. Topped out at 926.</Msg><Username>playboy210</Username><Timestamp>1374069843615</Timestamp><DateTime>Wed, 2013-07-17 10:04:03 EDT</DateTime><ThumbUp>0</ThumbUp><ThumbDown>0</ThumbDown><Sentiment/></Message><Message type="TopicMessage"><Id>1374070591576-39</Id><Title>Big M&amp;A Activity Coming</Title><Msg>We have been experiencing the start of a new huge wave of cable TV industry consolidation. In 2006, during the industry's last consolidation wave - the cable TV operators initially made the largest gains, but the focus quickly shifted to cable TV technology vendors. Seachange (SEAC) was the subject of a Brean Capital research note issued in December that read, "Because of SEAC's leading position in key areas of MSO investment, it is not likely to remain an independent company in an industry consolidation scenario." The industry consolidation scenario is now here! SEAC has been soaring in recent days, rising past its previous 52-week high of $12.10 and setting a new 52-week high yesterday of $12.50 where it has an enterprise value/revenue ratio of 1.89. In 2006, many articles were published about both SEAC and its close rival CCUR being potential takeover targets. CCUR hasn't rallied to new highs yet like SEAC, but could do so in the days ahead! CCUR recently surpassed SEAC to capture the #1 largest video on demand (VOD) technology market share, and CCUR now leads in other key areas of MSO investment like start-over/look-back, Big Data Analytics, and CDN multi-screen solutions. CCUR is an undiscovered gem that in the event of a buyout could fetch a much larger premium than SEAC! , CCUR meets all of the same criteria that Brean mentions for SEAC being a takeover target. CCUR is currently trading with an extremely undervalued enterprise value/revenue ratio of only 0.71. CCUR could rapidly rise to SEAC's enterprise value/revenue ratio of 1.89, which would value CCUR at $16.21. CCUR could quiclly rise to above SEAC's share price in the short-term. CCUR's 10-K filing next month will likely show record profits for CCUR and solid revenue growth! CCUR's fiscal 2013 non-GAAP EPS could potentially reach $0.50 and exceed SEAC's current non-GAAP EPS of $0.44. CCUR recently raised its dividend by 100% to an industry leading yield of 6.2%, which is an extremely bullish sign!</Msg><Username>goodwe212</Username><Timestamp>1374070591576</Timestamp><DateTime>Wed, 2013-07-17 10:16:31 EDT</DateTime><ThumbUp>0</ThumbUp><ThumbDown>0</ThumbDown><Sentiment/></Message><Message type="ReplyMessage"><Id>1374072529912-40</Id><Topic><Title>Sold! Market and Stock Overbought - Locked in Gains</Title><Username>thetrdr</Username><Timestamp>1374067958071</Timestamp><DateTime>Wed, 2013-07-17 09:32:38 EDT</DateTime></Topic><Msg>Yes. The run is nearly over, Good article to read that came out today, "Seven reasons why the market is topping out: by Doug Kass : North American consumer looks especially weak in the second half." UPS lowers expectations and Coca-Cola's weak shipments being just two.</Msg><Username>cutenyguy2</Username><Timestamp>1374072529912</Timestamp><DateTime>Wed, 2013-07-17 10:48:49 EDT</DateTime><ThumbUp>0</ThumbUp><ThumbDown>0</ThumbDown><Sentiment>Sell</Sentiment></Message><Message type="TopicMessage"><Id>1374073699626-41</Id><Title>DOWN TO $921 Now</Title><Msg>This is not good.....</Msg><Username>playboy210</Username><Timestamp>1374073699626</Timestamp><DateTime>Wed, 2013-07-17 11:08:19 EDT</DateTime><ThumbUp>0</ThumbUp><ThumbDown>1</ThumbDown><Sentiment/></Message><Message type="ReplyMessage"><Id>1374074574216-42</Id><Topic><Title>Seriously, Where Do You Guys See This Stock After Hours Tomorrow?</Title><Username>playboy210</Username><Timestamp>1374036206722</Timestamp><DateTime>Wed, 2013-07-17 00:43:26 EDT</DateTime></Topic><Msg>tear is up from 52 week low of $3.10! Yet still has not reached $13.00 cuffs</Msg><Username>kingcuffs</Username><Timestamp>1374074574216</Timestamp><DateTime>Wed, 2013-07-17 11:22:54 EDT</DateTime><ThumbUp>0</ThumbUp><ThumbDown>0</ThumbDown><Sentiment/></Message><Message type="TopicMessage"><Id>1374075363457-43</Id><Title>What the Eff???? Goog down</Title><Msg>Manipulation before earnings</Msg><Username>riley200834</Username><Timestamp>1374075363457</Timestamp><DateTime>Wed, 2013-07-17 11:36:03 EDT</DateTime><ThumbUp>1</ThumbUp><ThumbDown>0</ThumbDown><Sentiment/></Message><Message type="TopicMessage"><Id>1374075374958-44</Id><Title>See the dumping.... I do...</Title><Msg>Nervous Longs taking profits, bought puts just in case...</Msg><Username>jack_hoff_often</Username><Timestamp>1374075374958</Timestamp><DateTime>Wed, 2013-07-17 11:36:14 EDT</DateTime><ThumbUp>0</ThumbUp><ThumbDown>0</ThumbDown><Sentiment/></Message><Message type="ReplyMessage"><Id>1374075468459-45</Id><Topic><Title>What the Eff???? Goog down</Title><Username>riley200834</Username><Timestamp>1374075363457</Timestamp><DateTime>Wed, 2013-07-17 11:36:03 EDT</DateTime></Topic><Msg>Will pop to $950 by Friday morning then consolidate back down into $880 range.</Msg><Username>playboy210</Username><Timestamp>1374075468459</Timestamp><DateTime>Wed, 2013-07-17 11:37:48 EDT</DateTime><ThumbUp>0</ThumbUp><ThumbDown>0</ThumbDown><Sentiment/></Message><Message type="ReplyMessage"><Id>1374075876345-46</Id><Topic><Title>What the Eff???? Goog down</Title><Username>riley200834</Username><Timestamp>1374075363457</Timestamp><DateTime>Wed, 2013-07-17 11:36:03 EDT</DateTime></Topic><Msg>Feds are talking and the market is reacting to every word!</Msg><Username>cramerstrophywife</Username><Timestamp>1374075876345</Timestamp><DateTime>Wed, 2013-07-17 11:44:36 EDT</DateTime><ThumbUp>0</ThumbUp><ThumbDown>0</ThumbDown><Sentiment/></Message><Message type="ReplyMessage"><Id>1374076116543-47</Id><Topic><Title>What the Eff???? Goog down</Title><Username>riley200834</Username><Timestamp>1374075363457</Timestamp><DateTime>Wed, 2013-07-17 11:36:03 EDT</DateTime></Topic><Msg>It has at $913.90 the court other day.cuffs</Msg><Username>kingcuffs</Username><Timestamp>1374076116543</Timestamp><DateTime>Wed, 2013-07-17 11:48:36 EDT</DateTime><ThumbUp>0</ThumbUp><ThumbDown>0</ThumbDown><Sentiment/></Message><Message type="TopicMessage"><Id>1374076269122-48</Id><Title>Shorts taking down tech stocks!</Title><Msg>Goog getting a beating! cuffs</Msg><Username>kingcuffs</Username><Timestamp>1374076269122</Timestamp><DateTime>Wed, 2013-07-17 11:51:09 EDT</DateTime><ThumbUp>0</ThumbUp><ThumbDown>0</ThumbDown><Sentiment/></Message><Message type="ReplyMessage"><Id>1374076394525-49</Id><Topic><Title>My take on GOOG htis week</Title><Username>riley200834</Username><Timestamp>1373980193539</Timestamp><DateTime>Tue, 2013-07-16 09:09:53 EDT</DateTime></Topic><Msg>today is an example</Msg><Username>biglefthook_00</Username><Timestamp>1374076394525</Timestamp><DateTime>Wed, 2013-07-17 11:53:14 EDT</DateTime><ThumbUp>0</ThumbUp><ThumbDown>3</ThumbDown><Sentiment/></Message><Message type="ReplyMessage"><Id>1374076470240-50</Id><Topic><Title>Earnings AFTER Thursday close</Title><Username>biglefthook_00</Username><Timestamp>1373855935315</Timestamp><DateTime>Sun, 2013-07-14 22:38:55 EDT</DateTime></Topic><Msg>I may change this suggestion..! WIll post tomorrow at 3:45</Msg><Username>biglefthook_00</Username><Timestamp>1374076470240</Timestamp><DateTime>Wed, 2013-07-17 11:54:30 EDT</DateTime><ThumbUp>0</ThumbUp><ThumbDown>5</ThumbDown><Sentiment/></Message><Message type="ReplyMessage"><Id>1374076568433-51</Id><Topic><Title>Seriously, Where Do You Guys See This Stock After Hours Tomorrow?</Title><Username>playboy210</Username><Timestamp>1374036206722</Timestamp><DateTime>Wed, 2013-07-17 00:43:26 EDT</DateTime></Topic><Msg>There is absolutely no doubt Google will miss Revenue estimates, but they could beat earnings. At current Market Cap - Google is head to head with Microsoft, both reporting earnings tomorrow. Looking forward it will be a tough Q3 for both, with some relief in Q4. Best case scenario Google will jump 3-4% to 950 level, most likely though it will go down slightly below 900. So my guess 890-950 range... 980 is unreal</Msg><Username>boston_escape</Username><Timestamp>1374076568433</Timestamp><DateTime>Wed, 2013-07-17 11:56:08 EDT</DateTime><ThumbUp>1</ThumbUp><ThumbDown>0</ThumbDown><Sentiment/></Message><Message type="ReplyMessage"><Id>1374076595115-52</Id><Topic><Title>Beauty of my strategy...Jan 2014 $900 calls and Jan 2015 $1100 calls are both $75-</Title><Username>biglefthook_00</Username><Timestamp>1373978328329</Timestamp><DateTime>Tue, 2013-07-16 08:38:48 EDT</DateTime></Topic><Msg>I changed from July to AUg but I might change this ? Remember my two earlier ideas ALREADY put $225 cash tax deferred in your pockets</Msg><Username>biglefthook_00</Username><Timestamp>1374076595115</Timestamp><DateTime>Wed, 2013-07-17 11:56:35 EDT</DateTime><ThumbUp>0</ThumbUp><ThumbDown>5</ThumbDown><Sentiment/></Message><Message type="TopicMessage"><Id>1374076694357-53</Id><Title>Yesterday, WE said $928...hedge funds had a sell or short just south at $927-</Title><Msg>this is the cost of TRANSPARENCY. Erase all my earlier ideas about tomorrow. Wait for tomorrow!</Msg><Username>biglefthook_00</Username><Timestamp>1374076694357</Timestamp><DateTime>Wed, 2013-07-17 11:58:14 EDT</DateTime><ThumbUp>0</ThumbUp><ThumbDown>5</ThumbDown><Sentiment/></Message><Message type="ReplyMessage"><Id>1374076985517-54</Id><Topic><Title>Earnings AFTER Thursday close</Title><Username>biglefthook_00</Username><Timestamp>1373855935315</Timestamp><DateTime>Sun, 2013-07-14 22:38:55 EDT</DateTime></Topic><Msg>it is irrelevant! I deal with math. It is my premise that Wall Street wants to HURT RETAil...I try to minimize their chances in doing so. IN the past sis months, two suggestions already put $125 tax deferred CASH a share in one's pocket IF they listened. Of course, I put $225 a share in AAPL shareholders' pocket over the past 18 months if they listened as well</Msg><Username>biglefthook_00</Username><Timestamp>1374076985517</Timestamp><DateTime>Wed, 2013-07-17 12:03:05 EDT</DateTime><ThumbUp>0</ThumbUp><ThumbDown>5</ThumbDown><Sentiment/></Message><Message type="TopicMessage"><Id>1374078563713-55</Id><Title>Bernanke Tapering later this year</Title><Msg>market will correct very soon</Msg><Username>finer_truth</Username><Timestamp>1374078563713</Timestamp><DateTime>Wed, 2013-07-17 12:29:23 EDT</DateTime><ThumbUp>0</ThumbUp><ThumbDown>0</ThumbDown><Sentiment/></Message><Message type="TopicMessage"><Id>1374078865948-56</Id><Title>GOOG Running On Fumes; Pros Getting Ready to Short</Title><Msg>BE careful</Msg><Username>finer_truth</Username><Timestamp>1374078865948</Timestamp><DateTime>Wed, 2013-07-17 12:34:25 EDT</DateTime><ThumbUp>2</ThumbUp><ThumbDown>0</ThumbDown><Sentiment/></Message><Message type="TopicMessage"><Id>1374081679679-57</Id><Title>Make no sense to own Google long with no dividends at 300+ B market cap</Title><Msg>Most of the Google revenue still come from ads, how much high Google market cap could go? They won't have the perfect timing of Apple to grow in great market conditions to 500-600B, so probably, at best we will see Google to rise to 450B market cap (in "good market weather") that's lifetime gain of only 50% while holding a stock that does not pay dividends...</Msg><Username>boston_escape</Username><Timestamp>1374081679679</Timestamp><DateTime>Wed, 2013-07-17 13:21:19 EDT</DateTime><ThumbUp>4</ThumbUp><ThumbDown>0</ThumbDown><Sentiment/></Message><Message type="ReplyMessage"><Id>1374081830671-58</Id><Topic><Title>As much as I like Google - it won't hold 900 after earnings :(</Title><Username>boston_escape</Username><Timestamp>1373996362922</Timestamp><DateTime>Tue, 2013-07-16 13:39:22 EDT</DateTime></Topic><Msg>Oupss, I meant they will miss Revenue expectations, they might beat earnings</Msg><Username>boston_escape</Username><Timestamp>1374081830671</Timestamp><DateTime>Wed, 2013-07-17 13:23:50 EDT</DateTime><ThumbUp>1</ThumbUp><ThumbDown>0</ThumbDown><Sentiment/></Message><Message type="ReplyMessage"><Id>1374082056388-59</Id><Topic><Title>GOOG Running On Fumes; Pros Getting Ready to Short</Title><Username>finer_truth</Username><Timestamp>1374078865948</Timestamp><DateTime>Wed, 2013-07-17 12:34:25 EDT</DateTime></Topic><Msg>YHOO Ad Revs down</Msg><Username>finer_truth</Username><Timestamp>1374082056388</Timestamp><DateTime>Wed, 2013-07-17 13:27:36 EDT</DateTime><ThumbUp>0</ThumbUp><ThumbDown>0</ThumbDown><Sentiment/></Message><Message type="TopicMessage"><Id>1374082483498-60</Id><Title>Google Nexus 7 Price Cut!</Title><Msg>Google is price Cutting Nexus 7 Tablets 32GB $179 @ Gadgetar Google = Gadgetar and you will find it</Msg><Username>doctorwho33</Username><Timestamp>1374082483498</Timestamp><DateTime>Wed, 2013-07-17 13:34:43 EDT</DateTime><ThumbUp>0</ThumbUp><ThumbDown>0</ThumbDown><Sentiment/></Message><Message type="TopicMessage"><Id>1374083150012-61</Id><Title>GOOG looking good!</Title><Msg>GOOG looking great also RMTI is riding on its phase 3 approval by FDA..</Msg><Username>oneilld9</Username><Timestamp>1374083150012</Timestamp><DateTime>Wed, 2013-07-17 13:45:50 EDT</DateTime><ThumbUp>0</ThumbUp><ThumbDown>0</ThumbDown><Sentiment/></Message><Message type="ReplyMessage"><Id>1374083894315-62</Id><Topic><Title>As much as I like Google - it won't hold 900 after earnings :(</Title><Username>boston_escape</Username><Timestamp>1373996362922</Timestamp><DateTime>Tue, 2013-07-16 13:39:22 EDT</DateTime></Topic><Msg>Keep dreaming bub they never miss and the split is coming.</Msg><Username>tagetlocman</Username><Timestamp>1374083894315</Timestamp><DateTime>Wed, 2013-07-17 13:58:14 EDT</DateTime><ThumbUp>1</ThumbUp><ThumbDown>0</ThumbDown><Sentiment>Strong Buy</Sentiment></Message><Message type="TopicMessage"><Id>1374085352941-63</Id><Title>wow, GOOG doing what with Bidu to combat QIHOO and Alibaba?</Title><Msg>they are too big to combine so what will the relationship be?</Msg><Username>altairman56</Username><Timestamp>1374085352941</Timestamp><DateTime>Wed, 2013-07-17 14:22:32 EDT</DateTime><ThumbUp>0</ThumbUp><ThumbDown>0</ThumbDown><Sentiment/></Message><Message type="ReplyMessage"><Id>1374086401944-64</Id><Topic><Title>As much as I like Google - it won't hold 900 after earnings :(</Title><Username>boston_escape</Username><Timestamp>1373996362922</Timestamp><DateTime>Tue, 2013-07-16 13:39:22 EDT</DateTime></Topic><Msg>How do you know they will miss revenue earnings? And aren't both tied to each other anyhow? So if revenue is less than expected divided by the same total # of shares then EPS should also be lower as a result, no?</Msg><Username>playboy210</Username><Timestamp>1374086401944</Timestamp><DateTime>Wed, 2013-07-17 14:40:01 EDT</DateTime><ThumbUp>0</ThumbUp><ThumbDown>0</ThumbDown><Sentiment/></Message><Message type="TopicMessage"><Id>1374087071458-65</Id><Title>to all the nice boys and girls at Google</Title><Msg>I tweeted.</Msg><Username>madmilker70</Username><Timestamp>1374087071458</Timestamp><DateTime>Wed, 2013-07-17 14:51:11 EDT</DateTime><ThumbUp>0</ThumbUp><ThumbDown>0</ThumbDown><Sentiment/></Message><Message type="ReplyMessage"><Id>1374087080459-66</Id><Topic><Title>As much as I like Google - it won't hold 900 after earnings :(</Title><Username>boston_escape</Username><Timestamp>1373996362922</Timestamp><DateTime>Tue, 2013-07-16 13:39:22 EDT</DateTime></Topic><Msg>Google has history of missing revenue expectations but beating earnings, the big question is: will they be able to keep those profit margins</Msg><Username>boston_escape</Username><Timestamp>1374087080459</Timestamp><DateTime>Wed, 2013-07-17 14:51:20 EDT</DateTime><ThumbUp>0</ThumbUp><ThumbDown>0</ThumbDown><Sentiment/></Message><Message type="ReplyMessage"><Id>1374087156458-67</Id><Topic><Title>As much as I like Google - it won't hold 900 after earnings :(</Title><Username>boston_escape</Username><Timestamp>1373996362922</Timestamp><DateTime>Tue, 2013-07-16 13:39:22 EDT</DateTime></Topic><Msg>So if they miss revenue expectation but beat earnings.....will that cause the price to shoot up after hours tomorrow or go down?</Msg><Username>playboy210</Username><Timestamp>1374087156458</Timestamp><DateTime>Wed, 2013-07-17 14:52:36 EDT</DateTime><ThumbUp>0</ThumbUp><ThumbDown>0</ThumbDown><Sentiment/></Message><Message type="ReplyMessage"><Id>1374088190406-68</Id><Topic><Title>As much as I like Google - it won't hold 900 after earnings :(</Title><Username>boston_escape</Username><Timestamp>1373996362922</Timestamp><DateTime>Tue, 2013-07-16 13:39:22 EDT</DateTime></Topic><Msg>How would I know? :) Last time it happened - price went up, this time it is tricky, because market in general might go lower on Thu-Fri. We'll see in 24 hours...</Msg><Username>boston_escape</Username><Timestamp>1374088190406</Timestamp><DateTime>Wed, 2013-07-17 15:09:50 EDT</DateTime><ThumbUp>0</ThumbUp><ThumbDown>0</ThumbDown><Sentiment/></Message><Message type="TopicMessage"><Id>1374089197828-69</Id><Title>Watch RCON Thursday morning</Title><Msg>RCON breakout day !!!</Msg><Username>savvyblood</Username><Timestamp>1374089197828</Timestamp><DateTime>Wed, 2013-07-17 15:26:37 EDT</DateTime><ThumbUp>0</ThumbUp><ThumbDown>0</ThumbDown><Sentiment/></Message><Message type="ReplyMessage"><Id>1374089570865-70</Id><Topic><Title>As much as I like Google - it won't hold 900 after earnings :(</Title><Username>boston_escape</Username><Timestamp>1373996362922</Timestamp><DateTime>Tue, 2013-07-16 13:39:22 EDT</DateTime></Topic><Msg>Okay but for Google's history, when they miss revenue earnings but beat earnings do is usually go up?</Msg><Username>playboy210</Username><Timestamp>1374089570865</Timestamp><DateTime>Wed, 2013-07-17 15:32:50 EDT</DateTime><ThumbUp>0</ThumbUp><ThumbDown>0</ThumbDown><Sentiment/></Message><Message type="TopicMessage"><Id>1374089676688-71</Id><Title>-$300 tomorrow!!!</Title><Msg>It will be the turn of the CENTURY!!!</Msg><Username>mikestarfish</Username><Timestamp>1374089676688</Timestamp><DateTime>Wed, 2013-07-17 15:34:36 EDT</DateTime><ThumbUp>0</ThumbUp><ThumbDown>0</ThumbDown><Sentiment/></Message><Message type="TopicMessage"><Id>1374090111913-72</Id><Title>GOOG's afternoon press release answered that question..do NOT BUY CALLS for EARNINGS</Title><Msg>HOld the stock and Sell Jan 2014 or 2015 covered calls for $70 to $120+ a share</Msg><Username>biglefthook_00</Username><Timestamp>1374090111913</Timestamp><DateTime>Wed, 2013-07-17 15:41:51 EDT</DateTime><ThumbUp>0</ThumbUp><ThumbDown>5</ThumbDown><Sentiment/></Message><Message type="ReplyMessage"><Id>1374090448882-73</Id><Topic><Title>GOOG's afternoon press release answered that question..do NOT BUY CALLS for EARNINGS</Title><Username>biglefthook_00</Username><Timestamp>1374090111913</Timestamp><DateTime>Wed, 2013-07-17 15:41:51 EDT</DateTime></Topic><Msg>Whenever a company hypes an upcoming an event before earnings; this is not a good sign. no reason to sell just do not BUY near term calls...they are too expensive</Msg><Username>biglefthook_00</Username><Timestamp>1374090448882</Timestamp><DateTime>Wed, 2013-07-17 15:47:28 EDT</DateTime><ThumbUp>0</ThumbUp><ThumbDown>5</ThumbDown><Sentiment/></Message><Message type="ReplyMessage"><Id>1374091072045-74</Id><Topic><Title>GOOG's afternoon press release answered that question..do NOT BUY CALLS for EARNINGS</Title><Username>biglefthook_00</Username><Timestamp>1374090111913</Timestamp><DateTime>Wed, 2013-07-17 15:41:51 EDT</DateTime></Topic><Msg>Forget options.....is this a buy and sell on pop Friday morning or not?</Msg><Username>playboy210</Username><Timestamp>1374091072045</Timestamp><DateTime>Wed, 2013-07-17 15:57:52 EDT</DateTime><ThumbUp>0</ThumbUp><ThumbDown>0</ThumbDown><Sentiment/></Message><Message type="TopicMessage"><Id>1374091197634-75</Id><Title>Is poster BigLeftHook_00 Smart or Blowing Hot Air?</Title><Msg>This guys writes 80% of the posts about Google on this board. I can't tell if he knws what he is talking about or just blowing smoke out of his #$%$? Anyone?</Msg><Username>playboy210</Username><Timestamp>1374091197634</Timestamp><DateTime>Wed, 2013-07-17 15:59:57 EDT</DateTime><ThumbUp>0</ThumbUp><ThumbDown>0</ThumbDown><Sentiment/></Message><Message type="ReplyMessage"><Id>1374091438691-76</Id><Topic><Title>GOOG's afternoon press release answered that question..do NOT BUY CALLS for EARNINGS</Title><Username>biglefthook_00</Username><Timestamp>1374090111913</Timestamp><DateTime>Wed, 2013-07-17 15:41:51 EDT</DateTime></Topic><Msg>Are you on acid?</Msg><Username>tagetlocman</Username><Timestamp>1374091438691</Timestamp><DateTime>Wed, 2013-07-17 16:03:58 EDT</DateTime><ThumbUp>0</ThumbUp><ThumbDown>0</ThumbDown><Sentiment>Strong Buy</Sentiment></Message><Message type="ReplyMessage"><Id>1374091649253-77</Id><Topic><Title>Is poster BigLeftHook_00 Smart or Blowing Hot Air?</Title><Username>playboy210</Username><Timestamp>1374091197634</Timestamp><DateTime>Wed, 2013-07-17 15:59:57 EDT</DateTime></Topic><Msg>Here's a question? If someone suggests to Hold a stock and pocket $70 to $120 tax deferred cash for 6 to18 months: is that person smart or blowing smoke? Some think this means the stock will fall..it doesn't! It is merely pre-pocketing profits while giving you a HEDGE...simple concept If this same person said the same thing with another stock that pocketed you $225 saving a shareholder from loosing principle when the stock plunged from $600 to present price; is that person smart or just using common sense!</Msg><Username>biglefthook_00</Username><Timestamp>1374091649253</Timestamp><DateTime>Wed, 2013-07-17 16:07:29 EDT</DateTime><ThumbUp>0</ThumbUp><ThumbDown>5</ThumbDown><Sentiment/></Message><Message type="ReplyMessage"><Id>1374091789097-78</Id><Topic><Title>Is poster BigLeftHook_00 Smart or Blowing Hot Air?</Title><Username>playboy210</Username><Timestamp>1374091197634</Timestamp><DateTime>Wed, 2013-07-17 15:59:57 EDT</DateTime></Topic><Msg>He's right about selling medium term deep in the money covered calls to lock in gains.The average folks don't know what's going to happen after earnings are reported.I'm always of the mind that there's people who have better information and if a stock rally's into earnings the report will be good, and if it doesn#$%$ not going to be. Today didn't bode well for being long going into earnings without the safety of selling calls to protect your gains, in my opinion.GLTA</Msg><Username>dtd1955</Username><Timestamp>1374091789097</Timestamp><DateTime>Wed, 2013-07-17 16:09:49 EDT</DateTime><ThumbUp>0</ThumbUp><ThumbDown>0</ThumbDown><Sentiment/></Message><Message type="ReplyMessage"><Id>1374092047263-79</Id><Topic><Title>Is poster BigLeftHook_00 Smart or Blowing Hot Air?</Title><Username>playboy210</Username><Timestamp>1374091197634</Timestamp><DateTime>Wed, 2013-07-17 15:59:57 EDT</DateTime></Topic><Msg>bigleft-You're on the beam.I think a lot of folks reading your posts about this topic think you have an agenda.But wrong they are....you're giving very helpful advice.By the way,what do you think will happen after earnings are reported?</Msg><Username>dtd1955</Username><Timestamp>1374092047263</Timestamp><DateTime>Wed, 2013-07-17 16:14:07 EDT</DateTime><ThumbUp>0</ThumbUp><ThumbDown>0</ThumbDown><Sentiment/></Message><Message type="ReplyMessage"><Id>1374093165485-80</Id><Topic><Title>Is poster BigLeftHook_00 Smart or Blowing Hot Air?</Title><Username>playboy210</Username><Timestamp>1374091197634</Timestamp><DateTime>Wed, 2013-07-17 15:59:57 EDT</DateTime></Topic><Msg>Big left hook.....Friday morning open.....what will GOOG be trading at price wise? That's all I wanna know.</Msg><Username>playboy210</Username><Timestamp>1374093165485</Timestamp><DateTime>Wed, 2013-07-17 16:32:45 EDT</DateTime><ThumbUp>0</ThumbUp><ThumbDown>0</ThumbDown><Sentiment/></Message><Message type="ReplyMessage"><Id>1374093731911-81</Id><Topic><Title>Is poster BigLeftHook_00 Smart or Blowing Hot Air?</Title><Username>playboy210</Username><Timestamp>1374091197634</Timestamp><DateTime>Wed, 2013-07-17 15:59:57 EDT</DateTime></Topic><Msg>Playboy, how the F does bigleft know. I think he is saying don't buy tomorrow but buy friday morning when you know the direction of the move. Once 9.40am comes friday the IV will be gone and you can buy alot cheaper the options.</Msg><Username>cheryljoynewell</Username><Timestamp>1374093731911</Timestamp><DateTime>Wed, 2013-07-17 16:42:11 EDT</DateTime><ThumbUp>0</ThumbUp><ThumbDown>0</ThumbDown><Sentiment>Hold</Sentiment></Message><Message type="TopicMessage"><Id>1374094248495-82</Id><Title>Google Halted? Last trade 57,750 shares to the sell side. $800 by Friday!</Title><Msg>If Google misses like Ebay did. It will drop over $100</Msg><Username>mycl4692</Username><Timestamp>1374094248495</Timestamp><DateTime>Wed, 2013-07-17 16:50:48 EDT</DateTime><ThumbUp>0</ThumbUp><ThumbDown>0</ThumbDown><Sentiment>Strong Sell</Sentiment></Message><Message type="ReplyMessage"><Id>1374094406070-83</Id><Topic><Title>Is poster BigLeftHook_00 Smart or Blowing Hot Air?</Title><Username>playboy210</Username><Timestamp>1374091197634</Timestamp><DateTime>Wed, 2013-07-17 15:59:57 EDT</DateTime></Topic><Msg>Yea but after hours Thursday it's going move big one way or another. I am long....need to know if I should sell tomorrow or hold into after hours.</Msg><Username>playboy210</Username><Timestamp>1374094406070</Timestamp><DateTime>Wed, 2013-07-17 16:53:26 EDT</DateTime><ThumbUp>0</ThumbUp><ThumbDown>0</ThumbDown><Sentiment/></Message><Message type="ReplyMessage"><Id>1374095262476-84</Id><Topic><Title>Google Halted? Last trade 57,750 shares to the sell side. $800 by Friday!</Title><Username>mycl4692</Username><Timestamp>1374094248495</Timestamp><DateTime>Wed, 2013-07-17 16:50:48 EDT</DateTime></Topic><Msg>NOOOOOOOOO!</Msg><Username>playboy210</Username><Timestamp>1374095262476</Timestamp><DateTime>Wed, 2013-07-17 17:07:42 EDT</DateTime><ThumbUp>0</ThumbUp><ThumbDown>1</ThumbDown><Sentiment/></Message><Message type="ReplyMessage"><Id>1374096137846-85</Id><Topic><Title>Is poster BigLeftHook_00 Smart or Blowing Hot Air?</Title><Username>playboy210</Username><Timestamp>1374091197634</Timestamp><DateTime>Wed, 2013-07-17 15:59:57 EDT</DateTime></Topic><Msg>playboy, If you are long right now. This is what you do. if the stock is up tomorrow by close, then SELL. Vice versa then HOLD. it always does the opposite the day before earnings I have noticed and learned.</Msg><Username>propane66</Username><Timestamp>1374096137846</Timestamp><DateTime>Wed, 2013-07-17 17:22:17 EDT</DateTime><ThumbUp>0</ThumbUp><ThumbDown>0</ThumbDown><Sentiment/></Message><Message type="ReplyMessage"><Id>1374096366939-86</Id><Topic><Title>Google Halted? Last trade 57,750 shares to the sell side. $800 by Friday!</Title><Username>mycl4692</Username><Timestamp>1374094248495</Timestamp><DateTime>Wed, 2013-07-17 16:50:48 EDT</DateTime></Topic><Msg>Don't listen to him..........you have all day tomorrow. remember SELL at close if GOOG up. IF down HOLD it over night. Works every time.</Msg><Username>propane66</Username><Timestamp>1374096366939</Timestamp><DateTime>Wed, 2013-07-17 17:26:06 EDT</DateTime><ThumbUp>1</ThumbUp><ThumbDown>0</ThumbDown><Sentiment/></Message><Message type="ReplyMessage"><Id>1374096703832-87</Id><Topic><Title>Google Halted? Last trade 57,750 shares to the sell side. $800 by Friday!</Title><Username>mycl4692</Username><Timestamp>1374094248495</Timestamp><DateTime>Wed, 2013-07-17 16:50:48 EDT</DateTime></Topic><Msg>Interesting......what if its up only like $1 or $.60 or down by some small amount?</Msg><Username>playboy210</Username><Timestamp>1374096703832</Timestamp><DateTime>Wed, 2013-07-17 17:31:43 EDT</DateTime><ThumbUp>0</ThumbUp><ThumbDown>0</ThumbDown><Sentiment/></Message><Message type="ReplyMessage"><Id>1374097174619-88</Id><Topic><Title>Google Halted? Last trade 57,750 shares to the sell side. $800 by Friday!</Title><Username>mycl4692</Username><Timestamp>1374094248495</Timestamp><DateTime>Wed, 2013-07-17 16:50:48 EDT</DateTime></Topic><Msg>i can guarantee you there will be a big move either way tomorrow......up 8 or down 8 intra day.....when its at one of those SELL or HOLD.</Msg><Username>propane66</Username><Timestamp>1374097174619</Timestamp><DateTime>Wed, 2013-07-17 17:39:34 EDT</DateTime><ThumbUp>0</ThumbUp><ThumbDown>0</ThumbDown><Sentiment/></Message><Message type="ReplyMessage"><Id>1374097595800-89</Id><Topic><Title>Google Halted? Last trade 57,750 shares to the sell side. $800 by Friday!</Title><Username>mycl4692</Username><Timestamp>1374094248495</Timestamp><DateTime>Wed, 2013-07-17 16:50:48 EDT</DateTime></Topic><Msg>So down to Tomorrow I buy......up tomorrow I sell before close? Yikes.....</Msg><Username>playboy210</Username><Timestamp>1374097595800</Timestamp><DateTime>Wed, 2013-07-17 17:46:35 EDT</DateTime><ThumbUp>0</ThumbUp><ThumbDown>0</ThumbDown><Sentiment/></Message><Message type="ReplyMessage"><Id>1374097741386-90</Id><Topic><Title>Google Halted? Last trade 57,750 shares to the sell side. $800 by Friday!</Title><Username>mycl4692</Username><Timestamp>1374094248495</Timestamp><DateTime>Wed, 2013-07-17 16:50:48 EDT</DateTime></Topic><Msg>Thanks Propane! Will do!</Msg><Username>playboy210</Username><Timestamp>1374097741386</Timestamp><DateTime>Wed, 2013-07-17 17:49:01 EDT</DateTime><ThumbUp>0</ThumbUp><ThumbDown>0</ThumbDown><Sentiment/></Message><Message type="TopicMessage"><Id>1374100565679-91</Id><Title>These are super updates on GOOG Stock</Title><Msg>Pennystockchief is the dotcom site on GOOG stock, which has helped me understand the business</Msg><Username>sandyanderson49</Username><Timestamp>1374100565679</Timestamp><DateTime>Wed, 2013-07-17 18:36:05 EDT</DateTime><ThumbUp>1</ThumbUp><ThumbDown>1</ThumbDown><Sentiment/></Message><Message type="TopicMessage"><Id>1374101723746-92</Id><Title>WILL SEE 970.00 TO-MORROW AFTER HOUR</Title><Msg>BUY BUY BUY</Msg><Username>dkatakmo</Username><Timestamp>1374101723746</Timestamp><DateTime>Wed, 2013-07-17 18:55:23 EDT</DateTime><ThumbUp>0</ThumbUp><ThumbDown>0</ThumbDown><Sentiment/></Message><Message type="TopicMessage"><Id>1374102959266-93</Id><Title>Goggle &amp; Intel Chip TV's New Virus &amp; NSA Terriority In Your Home</Title><Msg>In Your Cells, In Your Cars, Your Home Is Next</Msg><Username>buymonkey11</Username><Timestamp>1374102959266</Timestamp><DateTime>Wed, 2013-07-17 19:15:59 EDT</DateTime><ThumbUp>0</ThumbUp><ThumbDown>0</ThumbDown><Sentiment>Sell</Sentiment></Message><Message type="ReplyMessage"><Id>1374105835172-94</Id><Topic><Title>GOOG's afternoon press release answered that question..do NOT BUY CALLS for EARNINGS</Title><Username>biglefthook_00</Username><Timestamp>1374090111913</Timestamp><DateTime>Wed, 2013-07-17 15:41:51 EDT</DateTime></Topic><Msg>IMHO, GOOG trading pattern for the last three days is indicative of a "SELL." I have no position although I would like to buy in at a much lower price after earnings are announced. Tommorow I thing we get a big disappointment with MSFT after INTC's numbers and this hurt technology overall.</Msg><Username>sammsjohn99</Username><Timestamp>1374105835172</Timestamp><DateTime>Wed, 2013-07-17 20:03:55 EDT</DateTime><ThumbUp>1</ThumbUp><ThumbDown>0</ThumbDown><Sentiment/></Message><Message type="ReplyMessage"><Id>1374106395957-95</Id><Topic><Title>GOOG's afternoon press release answered that question..do NOT BUY CALLS for EARNINGS</Title><Username>biglefthook_00</Username><Timestamp>1374090111913</Timestamp><DateTime>Wed, 2013-07-17 15:41:51 EDT</DateTime></Topic><Msg>No...GOOG looked weak during AH, they started strong in morning but then quickly started to drift down...below average volume.</Msg><Username>chaolopez</Username><Timestamp>1374106395957</Timestamp><DateTime>Wed, 2013-07-17 20:13:15 EDT</DateTime><ThumbUp>0</ThumbUp><ThumbDown>0</ThumbDown><Sentiment/></Message><Message type="ReplyMessage"><Id>1374108103351-96</Id><Topic><Title>GOOG's afternoon press release answered that question..do NOT BUY CALLS for EARNINGS</Title><Username>biglefthook_00</Username><Timestamp>1374090111913</Timestamp><DateTime>Wed, 2013-07-17 15:41:51 EDT</DateTime></Topic><Msg>Why not just sell the stock? If anything cap gains will go up in the coming years. And besides GOOG is headed higher long term. It is way behind the market and will catch up to it eventually. If you're willing to sell calls trapping you in the stock for 2 years, just hold it long and buy the dips instead. You either believe or you don't. If you don't then you should sell. Hedging is just giving away money. If you're not sure or don't like the stock then sell it. It's obvious you don't get Google, few on wall street do. They never have and they never will. This stock could double in the next 6 months and still be cheap.</Msg><Username>tagetlocman</Username><Timestamp>1374108103351</Timestamp><DateTime>Wed, 2013-07-17 20:41:43 EDT</DateTime><ThumbUp>0</ThumbUp><ThumbDown>0</ThumbDown><Sentiment>Strong Buy</Sentiment></Message><Message type="TopicMessage"><Id>1374111014471-97</Id><Title>This is a huge short if they dont beat</Title><Msg>This is a huge short if they dont beat on earnings and revenue.</Msg><Username>qzeck71</Username><Timestamp>1374111014471</Timestamp><DateTime>Wed, 2013-07-17 21:30:14 EDT</DateTime><ThumbUp>0</ThumbUp><ThumbDown>0</ThumbDown><Sentiment/></Message><Message type="ReplyMessage"><Id>1374114180918-98</Id><Topic><Title>This is a huge short if they dont beat</Title><Username>qzeck71</Username><Timestamp>1374111014471</Timestamp><DateTime>Wed, 2013-07-17 21:30:14 EDT</DateTime></Topic><Msg>What if they beat earnings but not revenue?</Msg><Username>playboy210</Username><Timestamp>1374114180918</Timestamp><DateTime>Wed, 2013-07-17 22:23:00 EDT</DateTime><ThumbUp>0</ThumbUp><ThumbDown>0</ThumbDown><Sentiment/></Message><Message type="ReplyMessage"><Id>1374114223583-99</Id><Topic><Title>WILL SEE 970.00 TO-MORROW AFTER HOUR</Title><Username>dkatakmo</Username><Timestamp>1374101723746</Timestamp><DateTime>Wed, 2013-07-17 18:55:23 EDT</DateTime></Topic><Msg>What us your proof behind this?</Msg><Username>playboy210</Username><Timestamp>1374114223583</Timestamp><DateTime>Wed, 2013-07-17 22:23:43 EDT</DateTime><ThumbUp>0</ThumbUp><ThumbDown>0</ThumbDown><Sentiment/></Message><Message type="TopicMessage"><Id>1374116310963-100</Id><Title>I will do suicide if GOOG does not open 950 after the close</Title><Msg>My email: election00atyahoodotcom</Msg><Username>election00</Username><Timestamp>1374116310963</Timestamp><DateTime>Wed, 2013-07-17 22:58:30 EDT</DateTime><ThumbUp>0</ThumbUp><ThumbDown>0</ThumbDown><Sentiment/></Message><Message type="TopicMessage"><Id>1374116393074-101</Id><Title>MM bought 945 calls more then</Title><Msg>open interest-I have 24 hrs to live or die</Msg><Username>election00</Username><Timestamp>1374116393074</Timestamp><DateTime>Wed, 2013-07-17 22:59:53 EDT</DateTime><ThumbUp>0</ThumbUp><ThumbDown>0</ThumbDown><Sentiment/></Message><Message type="ReplyMessage"><Id>1374117906554-102</Id><Topic><Title>I will do suicide if GOOG does not open 950 after the close</Title><Username>election00</Username><Timestamp>1374116310963</Timestamp><DateTime>Wed, 2013-07-17 22:58:30 EDT</DateTime></Topic><Msg>It's not that serious. It's only money.</Msg><Username>greenegggs</Username><Timestamp>1374117906554</Timestamp><DateTime>Wed, 2013-07-17 23:25:06 EDT</DateTime><ThumbUp>0</ThumbUp><ThumbDown>0</ThumbDown><Sentiment/></Message><Message type="TopicMessage"><Id>1374118905350-103</Id><Title>Who's going to be the shareholder of GOOG at $1,000?</Title><Msg>GOOG is going to cost a grand a share tomorrow evening!! Who's going to be the proud owner?</Msg><Username>lazy_investor_today</Username><Timestamp>1374118905350</Timestamp><DateTime>Wed, 2013-07-17 23:41:45 EDT</DateTime><ThumbUp>0</ThumbUp><ThumbDown>0</ThumbDown><Sentiment/></Message></Date>