<?xml version="1.0" encoding="UTF-8" standalone="no"?><Date date="2013-01-23"><Message type="TopicMessage"><Id>1358919618034-1</Id><Title>GOOG's $8.62 EPS up a mind-boggling 4.8% over last year's $8.22</Title><Msg>This is a glorious beat on GOOG's part, and I applaud them for the extra 40 cents compared to last year. I hope they'll outdo themselves and go up by a full 5.0% in the next holiday quarter. Then, Goog can join the Dow with all the other 5%-a-year performers. This excites me so I will certainly join in tomorrow and buy all I can!</Msg><Username>novalis_97</Username><Timestamp>1358919618034</Timestamp><DateTime>Wed, 2013-01-23 00:40:18 EST</DateTime><ThumbUp>3</ThumbUp><ThumbDown>0</ThumbDown><Sentiment>Strong Sell</Sentiment></Message><Message type="TopicMessage"><Id>1358922650348-2</Id><Title>Here's my take.....open 760</Title><Msg>close 763. Trading range 758 to 763 all day.</Msg><Username>dimebag_eddie</Username><Timestamp>1358922650348</Timestamp><DateTime>Wed, 2013-01-23 01:30:50 EST</DateTime><ThumbUp>0</ThumbUp><ThumbDown>0</ThumbDown><Sentiment/></Message><Message type="ReplyMessage"><Id>1358922857845-3</Id><Topic><Title>Here's my take.....open 760</Title><Username>dimebag_eddie</Username><Timestamp>1358922650348</Timestamp><DateTime>Wed, 2013-01-23 01:30:50 EST</DateTime></Topic><Msg>738-745</Msg><Username>buccsfansrule</Username><Timestamp>1358922857845</Timestamp><DateTime>Wed, 2013-01-23 01:34:17 EST</DateTime><ThumbUp>0</ThumbUp><ThumbDown>0</ThumbDown><Sentiment>Hold</Sentiment></Message><Message type="ReplyMessage"><Id>1358923399649-4</Id><Topic><Title>Not impressed, down we go</Title><Username>stkjk01</Username><Timestamp>1358915948270</Timestamp><DateTime>Tue, 2013-01-22 23:39:08 EST</DateTime></Topic><Msg>Keep telling yourself that shorty. If you turn the chart to the mirror at the close of trading tomorrow, you will probably feel a lot better. Your pocketbook won't, but you will. You might also consider letting the phone ring tomorrow instead of answering it. It will most likely be your broker making a margin call. Sleep tight.</Msg><Username>mardob55</Username><Timestamp>1358923399649</Timestamp><DateTime>Wed, 2013-01-23 01:43:19 EST</DateTime><ThumbUp>0</ThumbUp><ThumbDown>1</ThumbDown><Sentiment/></Message><Message type="ReplyMessage"><Id>1358927642220-5</Id><Topic><Title>GOOG's $8.62 EPS up a mind-boggling 4.8% over last year's $8.22</Title><Username>novalis_97</Username><Timestamp>1358919618034</Timestamp><DateTime>Wed, 2013-01-23 00:40:18 EST</DateTime></Topic><Msg>I concur! Marvelous job of beating 10.50 EPS w/ their 10.65, did you know 90 days ago it was around 11.77? Don't mind the $1B revenue miss.</Msg><Username>stole_your_money</Username><Timestamp>1358927642220</Timestamp><DateTime>Wed, 2013-01-23 02:54:02 EST</DateTime><ThumbUp>0</ThumbUp><ThumbDown>0</ThumbDown><Sentiment/></Message><Message type="ReplyMessage"><Id>1358937510464-6</Id><Topic><Title>GOOG's $8.62 EPS up a mind-boggling 4.8% over last year's $8.22</Title><Username>novalis_97</Username><Timestamp>1358919618034</Timestamp><DateTime>Wed, 2013-01-23 00:40:18 EST</DateTime></Topic><Msg>I don't share the excitement about Google earnings as well. EPS should be up at least 30% to justify a stock price gain of over 30% year-over-year. GOOG should be down end of day.</Msg><Username>sh0rtmimi</Username><Timestamp>1358937510464</Timestamp><DateTime>Wed, 2013-01-23 05:38:30 EST</DateTime><ThumbUp>0</ThumbUp><ThumbDown>1</ThumbDown><Sentiment/></Message><Message type="TopicMessage"><Id>1358938317546-7</Id><Title>will go down after opening</Title><Msg>mark this post itwill close around 710 so buy put option at opening and make tons of money</Msg><Username>ntjdmar</Username><Timestamp>1358938317546</Timestamp><DateTime>Wed, 2013-01-23 05:51:57 EST</DateTime><ThumbUp>0</ThumbUp><ThumbDown>2</ThumbDown><Sentiment/></Message><Message type="ReplyMessage"><Id>1358938437011-8</Id><Topic><Title>I bought jan 780 calls</Title><Username>mshepherd197</Username><Timestamp>1358895219034</Timestamp><DateTime>Tue, 2013-01-22 17:53:39 EST</DateTime></Topic><Msg>it will bw worthless cuz u bought on big premium</Msg><Username>ntjdmar</Username><Timestamp>1358938437011</Timestamp><DateTime>Wed, 2013-01-23 05:53:57 EST</DateTime><ThumbUp>0</ThumbUp><ThumbDown>1</ThumbDown><Sentiment/></Message><Message type="TopicMessage"><Id>1358940946002-9</Id><Title>Not as bad as they thought !!</Title><Msg>Growth is slowing and costs are increasing ! Let's have them start a dividend</Msg><Username>presidentobama2013</Username><Timestamp>1358940946002</Timestamp><DateTime>Wed, 2013-01-23 06:35:46 EST</DateTime><ThumbUp>0</ThumbUp><ThumbDown>0</ThumbDown><Sentiment/></Message><Message type="ReplyMessage"><Id>1358941279333-10</Id><Topic><Title>I bought jan 780 calls</Title><Username>mshepherd197</Username><Timestamp>1358895219034</Timestamp><DateTime>Tue, 2013-01-22 17:53:39 EST</DateTime></Topic><Msg>Sell at the open. They are slowing and costs are increasing ! Will drop later in day when they calm down !</Msg><Username>presidentobama2013</Username><Timestamp>1358941279333</Timestamp><DateTime>Wed, 2013-01-23 06:41:19 EST</DateTime><ThumbUp>0</ThumbUp><ThumbDown>0</ThumbDown><Sentiment/></Message><Message type="TopicMessage"><Id>1358941709991-11</Id><Title>Looking forward 2 seeing the freestockwizard sign in the super bowl halftime show.</Title><Msg>freestockwizard JAVA (not) SECURE AND ENCRYPTED WEBSITE Working hard everyday for you! I think you will be pleased</Msg><Username>stocks2cheap</Username><Timestamp>1358941709991</Timestamp><DateTime>Wed, 2013-01-23 06:48:29 EST</DateTime><ThumbUp>0</ThumbUp><ThumbDown>1</ThumbDown><Sentiment/></Message><Message type="ReplyMessage"><Id>1358942273881-12</Id><Topic><Title>I bought jan 780 calls</Title><Username>mshepherd197</Username><Timestamp>1358895219034</Timestamp><DateTime>Tue, 2013-01-22 17:53:39 EST</DateTime></Topic><Msg>unfortunately they will probably be worth less than you paid bc IV will fall off the cliff after earnings. The premium on those were very high b/c of the ramp up in IV pre-earnings and they are still $40 OTM with 3 days left. Probably best to dump right at the open to recoup what you can..</Msg><Username>warnerlambert</Username><Timestamp>1358942273881</Timestamp><DateTime>Wed, 2013-01-23 06:57:53 EST</DateTime><ThumbUp>2</ThumbUp><ThumbDown>0</ThumbDown><Sentiment/></Message><Message type="ReplyMessage"><Id>1358943115818-13</Id><Topic><Title>I bought jan 780 calls</Title><Username>mshepherd197</Username><Timestamp>1358895219034</Timestamp><DateTime>Tue, 2013-01-22 17:53:39 EST</DateTime></Topic><Msg>its funny how the amateurs get sucked in to buying options with such high IV and scratch their heads in amazement and disappointment when they lose money. IV will drop dramatically along with the option premium.</Msg><Username>electronicstechnician37</Username><Timestamp>1358943115818</Timestamp><DateTime>Wed, 2013-01-23 07:11:55 EST</DateTime><ThumbUp>0</ThumbUp><ThumbDown>0</ThumbDown><Sentiment/></Message><Message type="TopicMessage"><Id>1358944140725-14</Id><Title>SHORTS HAVE A</Title><Msg>long way to go to get to yesterdays price. LOL</Msg><Username>wall2676</Username><Timestamp>1358944140725</Timestamp><DateTime>Wed, 2013-01-23 07:29:00 EST</DateTime><ThumbUp>0</ThumbUp><ThumbDown>1</ThumbDown><Sentiment/></Message><Message type="ReplyMessage"><Id>1358945226032-15</Id><Topic><Title>I have a feeling this is going to have a small drop after-hours.</Title><Username>thadsilverfox</Username><Timestamp>1358888397207</Timestamp><DateTime>Tue, 2013-01-22 15:59:57 EST</DateTime></Topic><Msg>Nice Call. Got any others?</Msg><Username>josejimenezrubenstein</Username><Timestamp>1358945226032</Timestamp><DateTime>Wed, 2013-01-23 07:47:06 EST</DateTime><ThumbUp>0</ThumbUp><ThumbDown>0</ThumbDown><Sentiment/></Message><Message type="ReplyMessage"><Id>1358945323336-16</Id><Topic><Title>I do not think these Earnings are Positive, Revenue Miss was quite large.</Title><Username>tradersteve2000</Username><Timestamp>1358889404516</Timestamp><DateTime>Tue, 2013-01-22 16:16:44 EST</DateTime></Topic><Msg>....and you are alone in thinking that.......hey, put it out there dude. Loud and proud.</Msg><Username>josejimenezrubenstein</Username><Timestamp>1358945323336</Timestamp><DateTime>Wed, 2013-01-23 07:48:43 EST</DateTime><ThumbUp>0</ThumbUp><ThumbDown>0</ThumbDown><Sentiment/></Message><Message type="ReplyMessage"><Id>1358945404915-17</Id><Topic><Title>Millions of $ in ON2 UK Limited account, Hantro, China, Verisilicon &amp; Google?</Title><Username>casp321</Username><Timestamp>1358442152072</Timestamp><DateTime>Thu, 2013-01-17 12:02:32 EST</DateTime></Topic><Msg>Where did all money laundered/funneled into and out of ON2 UK Limited account go: Google liquidated ON2 UK Limited on jan 21, 2013. RIP? ON2 UK Limited: Liquidation as of 21 Jan 2013</Msg><Username>casp321</Username><Timestamp>1358945404915</Timestamp><DateTime>Wed, 2013-01-23 07:50:04 EST</DateTime><ThumbUp>0</ThumbUp><ThumbDown>0</ThumbDown><Sentiment/></Message><Message type="ReplyMessage"><Id>1358945655718-18</Id><Topic><Title>I bought jan 780 calls</Title><Username>mshepherd197</Username><Timestamp>1358895219034</Timestamp><DateTime>Tue, 2013-01-22 17:53:39 EST</DateTime></Topic><Msg>HAH, I know right dud. I bought the shares two years ago at $535.</Msg><Username>josejimenezrubenstein</Username><Timestamp>1358945655718</Timestamp><DateTime>Wed, 2013-01-23 07:54:15 EST</DateTime><ThumbUp>0</ThumbUp><ThumbDown>0</ThumbDown><Sentiment/></Message><Message type="ReplyMessage"><Id>1358945717411-19</Id><Topic><Title>Not impressed, down we go</Title><Username>stkjk01</Username><Timestamp>1358915948270</Timestamp><DateTime>Tue, 2013-01-22 23:39:08 EST</DateTime></Topic><Msg>Good call.</Msg><Username>josejimenezrubenstein</Username><Timestamp>1358945717411</Timestamp><DateTime>Wed, 2013-01-23 07:55:17 EST</DateTime><ThumbUp>0</ThumbUp><ThumbDown>0</ThumbDown><Sentiment/></Message><Message type="TopicMessage"><Id>1358946221298-20</Id><Title>Im in ..................$750 here we come</Title><Msg>I love it.</Msg><Username>riley200834</Username><Timestamp>1358946221298</Timestamp><DateTime>Wed, 2013-01-23 08:03:41 EST</DateTime><ThumbUp>0</ThumbUp><ThumbDown>0</ThumbDown><Sentiment/></Message><Message type="ReplyMessage"><Id>1358946878803-21</Id><Topic><Title>The Fallacy of High Price-Earnings Ratios</Title><Username>clarepascalfvra5933</Username><Timestamp>1304094209000</Timestamp><DateTime>Fri, 2011-04-29 12:23:29 EDT</DateTime></Topic><Msg>Getting good benefit.</Msg><Username>annieparker278</Username><Timestamp>1358946878803</Timestamp><DateTime>Wed, 2013-01-23 08:14:38 EST</DateTime><ThumbUp>0</ThumbUp><ThumbDown>0</ThumbDown><Sentiment/></Message><Message type="ReplyMessage"><Id>1358947287701-22</Id><Topic><Title>The Fallacy of High Price-Earnings Ratios</Title><Username>clarepascalfvra5933</Username><Timestamp>1304094209000</Timestamp><DateTime>Fri, 2011-04-29 12:23:29 EDT</DateTime></Topic><Msg>I would not. Thank you for asking.</Msg><Username>josejimenezrubenstein</Username><Timestamp>1358947287701</Timestamp><DateTime>Wed, 2013-01-23 08:21:27 EST</DateTime><ThumbUp>1</ThumbUp><ThumbDown>0</ThumbDown><Sentiment/></Message><Message type="ReplyMessage"><Id>1358947403685-23</Id><Topic><Title>Looking forward 2 seeing the freestockwizard sign in the super bowl halftime show.</Title><Username>stocks2cheap</Username><Timestamp>1358941709991</Timestamp><DateTime>Wed, 2013-01-23 06:48:29 EST</DateTime></Topic><Msg>Wow, an exciting life you lead.</Msg><Username>josejimenezrubenstein</Username><Timestamp>1358947403685</Timestamp><DateTime>Wed, 2013-01-23 08:23:23 EST</DateTime><ThumbUp>0</ThumbUp><ThumbDown>0</ThumbDown><Sentiment/></Message><Message type="TopicMessage"><Id>1358948336672-24</Id><Title>New hign around the corner</Title><Msg>Awesome quarter, business is firing on all cylinders</Msg><Username>buy_undervalued_stocks</Username><Timestamp>1358948336672</Timestamp><DateTime>Wed, 2013-01-23 08:38:56 EST</DateTime><ThumbUp>0</ThumbUp><ThumbDown>0</ThumbDown><Sentiment>Buy</Sentiment></Message><Message type="TopicMessage"><Id>1358948375338-25</Id><Title>IBM, AMD... SOLD more P.C's in a choppy Market... blowout est.. AMD, IBM,,</Title><Msg>GREAT NEWS AMD, IBM</Msg><Username>buywhenallbazh</Username><Timestamp>1358948375338</Timestamp><DateTime>Wed, 2013-01-23 08:39:35 EST</DateTime><ThumbUp>0</ThumbUp><ThumbDown>18</ThumbDown><Sentiment/></Message><Message type="TopicMessage"><Id>1358948761387-26</Id><Title>I'm long 175 shares @ $ 698.87..... But GOOG does not seem to have any steam this am.</Title><Msg>I have a Stop set at $734.87. So this will still be a nice gain. Good luck long or short.</Msg><Username>fmrmlbcatcher</Username><Timestamp>1358948761387</Timestamp><DateTime>Wed, 2013-01-23 08:46:01 EST</DateTime><ThumbUp>0</ThumbUp><ThumbDown>0</ThumbDown><Sentiment/></Message><Message type="TopicMessage"><Id>1358949403668-27</Id><Title>Would have been better to buy calls or sell puts?</Title><Msg>Sold 3 700 puts and bot a few 650 puts. Worked out but any thoughts on trade?</Msg><Username>futuresrnow</Username><Timestamp>1358949403668</Timestamp><DateTime>Wed, 2013-01-23 08:56:43 EST</DateTime><ThumbUp>0</ThumbUp><ThumbDown>0</ThumbDown><Sentiment/></Message><Message type="ReplyMessage"><Id>1358949896900-28</Id><Topic><Title>I'm long 175 shares @ $ 698.87..... But GOOG does not seem to have any steam this am.</Title><Username>fmrmlbcatcher</Username><Timestamp>1358948761387</Timestamp><DateTime>Wed, 2013-01-23 08:46:01 EST</DateTime></Topic><Msg>NO STEAM??????? 740 in premarket. Loog like a lot to me</Msg><Username>riley200834</Username><Timestamp>1358949896900</Timestamp><DateTime>Wed, 2013-01-23 09:04:56 EST</DateTime><ThumbUp>0</ThumbUp><ThumbDown>0</ThumbDown><Sentiment>Strong Buy</Sentiment></Message><Message type="TopicMessage"><Id>1358950235494-29</Id><Title>Institutions are taking her to $840</Title><Msg>Best Stock Idea of 2013, as Paid Click Revenue to expand from mobile and their Nexus is starting to make some traction...... GL</Msg><Username>stcpiker</Username><Timestamp>1358950235494</Timestamp><DateTime>Wed, 2013-01-23 09:10:35 EST</DateTime><ThumbUp>0</ThumbUp><ThumbDown>0</ThumbDown><Sentiment/></Message><Message type="ReplyMessage"><Id>1358950466064-30</Id><Topic><Title>I'm long 175 shares @ $ 698.87..... But GOOG does not seem to have any steam this am.</Title><Username>fmrmlbcatcher</Username><Timestamp>1358948761387</Timestamp><DateTime>Wed, 2013-01-23 08:46:01 EST</DateTime></Topic><Msg>That all came in the after market yesterday. I'm dogging the stock, I have a stop limit set so we shall see what happens. I was expecting to see it up another $6-$9 bucks this am.</Msg><Username>fmrmlbcatcher</Username><Timestamp>1358950466064</Timestamp><DateTime>Wed, 2013-01-23 09:14:26 EST</DateTime><ThumbUp>0</ThumbUp><ThumbDown>0</ThumbDown><Sentiment/></Message><Message type="ReplyMessage"><Id>1358950520939-31</Id><Topic><Title>I'm long 175 shares @ $ 698.87..... But GOOG does not seem to have any steam this am.</Title><Username>fmrmlbcatcher</Username><Timestamp>1358948761387</Timestamp><DateTime>Wed, 2013-01-23 08:46:01 EST</DateTime></Topic><Msg>I meant to say I'm not dogging the stock sorry.</Msg><Username>fmrmlbcatcher</Username><Timestamp>1358950520939</Timestamp><DateTime>Wed, 2013-01-23 09:15:20 EST</DateTime><ThumbUp>0</ThumbUp><ThumbDown>0</ThumbDown><Sentiment/></Message><Message type="TopicMessage"><Id>1358950562404-32</Id><Title>let this run/exhaust for 30 minutes and then short</Title><Msg>the gap wont stand</Msg><Username>futuresrnow</Username><Timestamp>1358950562404</Timestamp><DateTime>Wed, 2013-01-23 09:16:02 EST</DateTime><ThumbUp>0</ThumbUp><ThumbDown>1</ThumbDown><Sentiment/></Message><Message type="TopicMessage"><Id>1358950752814-33</Id><Title>WILL FIGHT TO TAKE PROFIT BY WEEKEND</Title><Msg>MUSICAL CHAIRS HAS BEGUN</Msg><Username>thebigpitcher17</Username><Timestamp>1358950752814</Timestamp><DateTime>Wed, 2013-01-23 09:19:12 EST</DateTime><ThumbUp>0</ThumbUp><ThumbDown>0</ThumbDown><Sentiment/></Message><Message type="TopicMessage"><Id>1358950823585-34</Id><Title>TOMORROW THEY WILL SELL LIKE RATS</Title><Msg>LOOK OUT</Msg><Username>thebigpitcher17</Username><Timestamp>1358950823585</Timestamp><DateTime>Wed, 2013-01-23 09:20:23 EST</DateTime><ThumbUp>0</ThumbUp><ThumbDown>0</ThumbDown><Sentiment/></Message><Message type="TopicMessage"><Id>1358950897528-35</Id><Title>Dollar more than last year? Big Deal!!!!</Title><Msg>depressing report</Msg><Username>thebigpitcher17</Username><Timestamp>1358950897528</Timestamp><DateTime>Wed, 2013-01-23 09:21:37 EST</DateTime><ThumbUp>0</ThumbUp><ThumbDown>0</ThumbDown><Sentiment/></Message><Message type="ReplyMessage"><Id>1358951323943-36</Id><Topic><Title>I'm long 175 shares @ $ 698.87..... But GOOG does not seem to have any steam this am.</Title><Username>fmrmlbcatcher</Username><Timestamp>1358948761387</Timestamp><DateTime>Wed, 2013-01-23 08:46:01 EST</DateTime></Topic><Msg>Show some grit. Buy another 175 shares. And while you are at it, buy 500 AAPL.</Msg><Username>lacunaspy</Username><Timestamp>1358951323943</Timestamp><DateTime>Wed, 2013-01-23 09:28:43 EST</DateTime><ThumbUp>0</ThumbUp><ThumbDown>0</ThumbDown><Sentiment>Strong Buy</Sentiment></Message><Message type="TopicMessage"><Id>1358951448058-37</Id><Title>Going to take out high of $775 soon</Title><Msg>Business firing on all cylinders</Msg><Username>buy_undervalued_stocks</Username><Timestamp>1358951448058</Timestamp><DateTime>Wed, 2013-01-23 09:30:48 EST</DateTime><ThumbUp>0</ThumbUp><ThumbDown>0</ThumbDown><Sentiment>Buy</Sentiment></Message><Message type="TopicMessage"><Id>1358951448269-38</Id><Title>Going to take out high of $775 soon</Title><Msg>Business firing on all cylinders</Msg><Username>buy_undervalued_stocks</Username><Timestamp>1358951448269</Timestamp><DateTime>Wed, 2013-01-23 09:30:48 EST</DateTime><ThumbUp>0</ThumbUp><ThumbDown>0</ThumbDown><Sentiment>Buy</Sentiment></Message><Message type="TopicMessage"><Id>1358951448312-39</Id><Title>Going to take out high of $775 soon</Title><Msg>Business firing on all cylinders</Msg><Username>buy_undervalued_stocks</Username><Timestamp>1358951448312</Timestamp><DateTime>Wed, 2013-01-23 09:30:48 EST</DateTime><ThumbUp>0</ThumbUp><ThumbDown>0</ThumbDown><Sentiment>Buy</Sentiment></Message><Message type="ReplyMessage"><Id>1358951499291-40</Id><Topic><Title>let this run/exhaust for 30 minutes and then short</Title><Username>futuresrnow</Username><Timestamp>1358950562404</Timestamp><DateTime>Wed, 2013-01-23 09:16:02 EST</DateTime></Topic><Msg>Please feel free to do so. At your peril. There is no lifeguard on duty.</Msg><Username>yurkiddingrite</Username><Timestamp>1358951499291</Timestamp><DateTime>Wed, 2013-01-23 09:31:39 EST</DateTime><ThumbUp>0</ThumbUp><ThumbDown>0</ThumbDown><Sentiment>Strong Buy</Sentiment></Message><Message type="TopicMessage"><Id>1358951791163-41</Id><Title>NetSol Technologies, Inc. (NTWK) ???????????????????</Title><Msg>Who's watching this?????????? SAP, Oracle, or IBM</Msg><Username>ntwk_wizkid</Username><Timestamp>1358951791163</Timestamp><DateTime>Wed, 2013-01-23 09:36:31 EST</DateTime><ThumbUp>0</ThumbUp><ThumbDown>0</ThumbDown><Sentiment>Strong Buy</Sentiment></Message><Message type="TopicMessage"><Id>1358952077614-42</Id><Title>moved my profit to FARE... may be hottest stock of 2013</Title><Msg>glta</Msg><Username>scalpelxpert45</Username><Timestamp>1358952077614</Timestamp><DateTime>Wed, 2013-01-23 09:41:17 EST</DateTime><ThumbUp>0</ThumbUp><ThumbDown>0</ThumbDown><Sentiment/></Message><Message type="ReplyMessage"><Id>1358952155650-43</Id><Topic><Title>TOMORROW THEY WILL SELL LIKE RATS</Title><Username>thebigpitcher17</Username><Timestamp>1358950823585</Timestamp><DateTime>Wed, 2013-01-23 09:20:23 EST</DateTime></Topic><Msg>how do u know that? it is #$%$ well now. r u short on the stock?</Msg><Username>sun_cruise</Username><Timestamp>1358952155650</Timestamp><DateTime>Wed, 2013-01-23 09:42:35 EST</DateTime><ThumbUp>0</ThumbUp><ThumbDown>0</ThumbDown><Sentiment/></Message><Message type="TopicMessage"><Id>1358952167932-44</Id><Title>Hold for all time high</Title><Msg>Will come</Msg><Username>cybercash28</Username><Timestamp>1358952167932</Timestamp><DateTime>Wed, 2013-01-23 09:42:47 EST</DateTime><ThumbUp>0</ThumbUp><ThumbDown>0</ThumbDown><Sentiment/></Message><Message type="TopicMessage"><Id>1358952269944-45</Id><Title>Ohhhhh Yeah!!!!!!</Title><Msg>Luvin it</Msg><Username>riley200834</Username><Timestamp>1358952269944</Timestamp><DateTime>Wed, 2013-01-23 09:44:29 EST</DateTime><ThumbUp>0</ThumbUp><ThumbDown>0</ThumbDown><Sentiment/></Message><Message type="TopicMessage"><Id>1358952311861-46</Id><Title>Profit taking galore look at the tape...Good run Goog...</Title><Msg>up allmost 6 percent draws those selllers... good run Goog..</Msg><Username>richeydouglas</Username><Timestamp>1358952311861</Timestamp><DateTime>Wed, 2013-01-23 09:45:11 EST</DateTime><ThumbUp>0</ThumbUp><ThumbDown>0</ThumbDown><Sentiment/></Message><Message type="TopicMessage"><Id>1358952464259-47</Id><Title>Its ALL GOOD</Title><Msg>Clear sailing ahead</Msg><Username>riley200834</Username><Timestamp>1358952464259</Timestamp><DateTime>Wed, 2013-01-23 09:47:44 EST</DateTime><ThumbUp>0</ThumbUp><ThumbDown>0</ThumbDown><Sentiment/></Message><Message type="TopicMessage"><Id>1358952482046-48</Id><Title>Take GOOG profit ....into OCZ short S soon... 31% short</Title><Msg>OCZ will rocket</Msg><Username>keyisvol</Username><Timestamp>1358952482046</Timestamp><DateTime>Wed, 2013-01-23 09:48:02 EST</DateTime><ThumbUp>0</ThumbUp><ThumbDown>0</ThumbDown><Sentiment/></Message><Message type="ReplyMessage"><Id>1358952884274-49</Id><Topic><Title>Hold for all time high</Title><Username>cybercash28</Username><Timestamp>1358952167932</Timestamp><DateTime>Wed, 2013-01-23 09:42:47 EST</DateTime></Topic><Msg>Broke out......very bullish.</Msg><Username>cybercash28</Username><Timestamp>1358952884274</Timestamp><DateTime>Wed, 2013-01-23 09:54:44 EST</DateTime><ThumbUp>0</ThumbUp><ThumbDown>0</ThumbDown><Sentiment/></Message><Message type="TopicMessage"><Id>1358952950067-50</Id><Title>HA HA HA shorts are wrong again they are poor and have a big mouth</Title><Msg>Google is what makes the internet No other search compares!</Msg><Username>bcdmyers43</Username><Timestamp>1358952950067</Timestamp><DateTime>Wed, 2013-01-23 09:55:50 EST</DateTime><ThumbUp>0</ThumbUp><ThumbDown>0</ThumbDown><Sentiment/></Message><Message type="TopicMessage"><Id>1358953050332-51</Id><Title>lol @ idiots buying this garbage company</Title><Msg>up 6% on missing earnings? I love it!!!!</Msg><Username>keepshorting</Username><Timestamp>1358953050332</Timestamp><DateTime>Wed, 2013-01-23 09:57:30 EST</DateTime><ThumbUp>0</ThumbUp><ThumbDown>2</ThumbDown><Sentiment>Strong Sell</Sentiment></Message><Message type="TopicMessage"><Id>1358953057947-52</Id><Title>Shorts are nothing but big fat liars and trend followers.</Title><Msg>So you thought google would miss? Fell for it hook line and sinker. Why, because you cant think for yourself.</Msg><Username>bcdmyers43</Username><Timestamp>1358953057947</Timestamp><DateTime>Wed, 2013-01-23 09:57:37 EST</DateTime><ThumbUp>0</ThumbUp><ThumbDown>0</ThumbDown><Sentiment/></Message><Message type="TopicMessage"><Id>1358953071680-53</Id><Title>Just took out a 150 share short at $ 747.49</Title><Msg>Lol all</Msg><Username>fmrmlbcatcher</Username><Timestamp>1358953071680</Timestamp><DateTime>Wed, 2013-01-23 09:57:51 EST</DateTime><ThumbUp>0</ThumbUp><ThumbDown>1</ThumbDown><Sentiment/></Message><Message type="ReplyMessage"><Id>1358953169452-54</Id><Topic><Title>lol @ idiots buying this garbage company</Title><Username>keepshorting</Username><Timestamp>1358953050332</Timestamp><DateTime>Wed, 2013-01-23 09:57:30 EST</DateTime></Topic><Msg>HA HA HA Google is the only thing that makes the net searchable You dont think is a miracle what google can do? Search through gobs and gobs of data and pop up relevant information Tell me where the internet has not bettered our life? Who is responsible for the searching? GOOGLE!!</Msg><Username>bcdmyers43</Username><Timestamp>1358953169452</Timestamp><DateTime>Wed, 2013-01-23 09:59:29 EST</DateTime><ThumbUp>2</ThumbUp><ThumbDown>0</ThumbDown><Sentiment/></Message><Message type="ReplyMessage"><Id>1358953200662-55</Id><Topic><Title>Johnny Dirtbag "Movie Star" $$$ECRET$$$---What THEY don't want YOU to find out??????????</Title><Username>disgracedpublicist757</Username><Timestamp>1356210989988</Timestamp><DateTime>Sat, 2012-12-22 16:16:29 EST</DateTime></Topic><Msg>"I WILL NOT let Kanye read Johnny Dirtbag "Movie Star"!---I prefer that he remain "Swagless"-----Kim Kardashian"</Msg><Username>disgracedpublicist757</Username><Timestamp>1358953200662</Timestamp><DateTime>Wed, 2013-01-23 10:00:00 EST</DateTime><ThumbUp>1</ThumbUp><ThumbDown>1</ThumbDown><Sentiment>Hold</Sentiment></Message><Message type="ReplyMessage"><Id>1358953332475-56</Id><Topic><Title>lol @ idiots buying this garbage company</Title><Username>keepshorting</Username><Timestamp>1358953050332</Timestamp><DateTime>Wed, 2013-01-23 09:57:30 EST</DateTime></Topic><Msg>Cover YO #$%$</Msg><Username>riley200834</Username><Timestamp>1358953332475</Timestamp><DateTime>Wed, 2013-01-23 10:02:12 EST</DateTime><ThumbUp>1</ThumbUp><ThumbDown>0</ThumbDown><Sentiment/></Message><Message type="ReplyMessage"><Id>1358953443063-57</Id><Topic><Title>Shorts are nothing but big fat liars and trend followers.</Title><Username>bcdmyers43</Username><Timestamp>1358953057947</Timestamp><DateTime>Wed, 2013-01-23 09:57:37 EST</DateTime></Topic><Msg>Dork what makes you think this POS can go higher with downside coming. Its all Fraud</Msg><Username>tradenfish</Username><Timestamp>1358953443063</Timestamp><DateTime>Wed, 2013-01-23 10:04:03 EST</DateTime><ThumbUp>0</ThumbUp><ThumbDown>0</ThumbDown><Sentiment>Strong Sell</Sentiment></Message><Message type="TopicMessage"><Id>1358953475386-58</Id><Title>PARP and FCI need HELP</Title><Msg>Please spread the word.</Msg><Username>biglefthook_00</Username><Timestamp>1358953475386</Timestamp><DateTime>Wed, 2013-01-23 10:04:35 EST</DateTime><ThumbUp>0</ThumbUp><ThumbDown>1</ThumbDown><Sentiment/></Message><Message type="ReplyMessage"><Id>1358953654773-59</Id><Topic><Title>lol @ idiots buying this garbage company</Title><Username>keepshorting</Username><Timestamp>1358953050332</Timestamp><DateTime>Wed, 2013-01-23 09:57:30 EST</DateTime></Topic><Msg>Dork Yahoo does the same</Msg><Username>tradenfish</Username><Timestamp>1358953654773</Timestamp><DateTime>Wed, 2013-01-23 10:07:34 EST</DateTime><ThumbUp>1</ThumbUp><ThumbDown>3</ThumbDown><Sentiment/></Message><Message type="ReplyMessage"><Id>1358953916481-60</Id><Topic><Title>Going to take out high of $775 soon</Title><Username>buy_undervalued_stocks</Username><Timestamp>1358951448269</Timestamp><DateTime>Wed, 2013-01-23 09:30:48 EST</DateTime></Topic><Msg>money will come out of apple and into goog. Goog is no. 2 in display behind FB.</Msg><Username>acarapi08</Username><Timestamp>1358953916481</Timestamp><DateTime>Wed, 2013-01-23 10:11:56 EST</DateTime><ThumbUp>0</ThumbUp><ThumbDown>0</ThumbDown><Sentiment/></Message><Message type="TopicMessage"><Id>1358954146199-61</Id><Title>Got 100 shares at 740</Title><Msg>this AM. just sittin back and enjoyin the show</Msg><Username>riley200834</Username><Timestamp>1358954146199</Timestamp><DateTime>Wed, 2013-01-23 10:15:46 EST</DateTime><ThumbUp>1</ThumbUp><ThumbDown>0</ThumbDown><Sentiment/></Message><Message type="TopicMessage"><Id>1358954404452-62</Id><Title>P/E is in the 20's</Title><Msg>Doesn't that mean overvalued?</Msg><Username>mbc2302000</Username><Timestamp>1358954404452</Timestamp><DateTime>Wed, 2013-01-23 10:20:04 EST</DateTime><ThumbUp>1</ThumbUp><ThumbDown>0</ThumbDown><Sentiment/></Message><Message type="ReplyMessage"><Id>1358954549760-63</Id><Topic><Title>P/E is in the 20's</Title><Username>mbc2302000</Username><Timestamp>1358954404452</Timestamp><DateTime>Wed, 2013-01-23 10:20:04 EST</DateTime></Topic><Msg>Thats CHEAP for this company and its growth prospects</Msg><Username>riley200834</Username><Timestamp>1358954549760</Timestamp><DateTime>Wed, 2013-01-23 10:22:29 EST</DateTime><ThumbUp>0</ThumbUp><ThumbDown>1</ThumbDown><Sentiment/></Message><Message type="ReplyMessage"><Id>1358954998549-64</Id><Topic><Title>P/E is in the 20's</Title><Username>mbc2302000</Username><Timestamp>1358954404452</Timestamp><DateTime>Wed, 2013-01-23 10:20:04 EST</DateTime></Topic><Msg>it is overvalued and growth slows. I think they going to F B.</Msg><Username>mystk7</Username><Timestamp>1358954998549</Timestamp><DateTime>Wed, 2013-01-23 10:29:58 EST</DateTime><ThumbUp>0</ThumbUp><ThumbDown>0</ThumbDown><Sentiment/></Message><Message type="ReplyMessage"><Id>1358955447677-65</Id><Topic><Title>let this run/exhaust for 30 minutes and then short</Title><Username>futuresrnow</Username><Timestamp>1358950562404</Timestamp><DateTime>Wed, 2013-01-23 09:16:02 EST</DateTime></Topic><Msg>Swimming in my $$$$$$$!!!!!!! LOL!</Msg><Username>futuresrnow</Username><Timestamp>1358955447677</Timestamp><DateTime>Wed, 2013-01-23 10:37:27 EST</DateTime><ThumbUp>0</ThumbUp><ThumbDown>0</ThumbDown><Sentiment/></Message><Message type="ReplyMessage"><Id>1358955471299-66</Id><Topic><Title>Just took out a 150 share short at $ 747.49</Title><Username>fmrmlbcatcher</Username><Timestamp>1358953071680</Timestamp><DateTime>Wed, 2013-01-23 09:57:51 EST</DateTime></Topic><Msg>You'll reget that one</Msg><Username>riley200834</Username><Timestamp>1358955471299</Timestamp><DateTime>Wed, 2013-01-23 10:37:51 EST</DateTime><ThumbUp>1</ThumbUp><ThumbDown>0</ThumbDown><Sentiment/></Message><Message type="TopicMessage"><Id>1358956132306-67</Id><Title>Buying some puts here</Title><Msg>profit taking soon</Msg><Username>jim23592002</Username><Timestamp>1358956132306</Timestamp><DateTime>Wed, 2013-01-23 10:48:52 EST</DateTime><ThumbUp>0</ThumbUp><ThumbDown>1</ThumbDown><Sentiment>Sell</Sentiment></Message><Message type="TopicMessage"><Id>1358956197508-68</Id><Title>Single digit earnings growth. I'm not impressed!</Title><Msg>Really, theier earnings growth is very low! Share price will collapse.</Msg><Username>sh0rtmimi</Username><Timestamp>1358956197508</Timestamp><DateTime>Wed, 2013-01-23 10:49:57 EST</DateTime><ThumbUp>0</ThumbUp><ThumbDown>1</ThumbDown><Sentiment/></Message><Message type="ReplyMessage"><Id>1358956306007-69</Id><Topic><Title>Just took out a 150 share short at $ 747.49</Title><Username>fmrmlbcatcher</Username><Timestamp>1358953071680</Timestamp><DateTime>Wed, 2013-01-23 09:57:51 EST</DateTime></Topic><Msg>Got a stop set at $ 745.49....$300 better than no dollar.</Msg><Username>fmrmlbcatcher</Username><Timestamp>1358956306007</Timestamp><DateTime>Wed, 2013-01-23 10:51:46 EST</DateTime><ThumbUp>0</ThumbUp><ThumbDown>1</ThumbDown><Sentiment/></Message><Message type="ReplyMessage"><Id>1358956366871-70</Id><Topic><Title>Secret GOOG Info Revealed</Title><Username>tomwood324</Username><Timestamp>1358954794659</Timestamp><DateTime>Wed, 2013-01-23 10:26:34 EST</DateTime></Topic><Msg>very helpful report, thanks</Msg><Username>jeffreyriley184</Username><Timestamp>1358956366871</Timestamp><DateTime>Wed, 2013-01-23 10:52:46 EST</DateTime><ThumbUp>0</ThumbUp><ThumbDown>1</ThumbDown><Sentiment/></Message><Message type="TopicMessage"><Id>1358956478217-71</Id><Title>GOOG needs to bail out the Guvmitt</Title><Msg>Kick out the sorry #$%$ politicans and replace with their staff and people</Msg><Username>riley200834</Username><Timestamp>1358956478217</Timestamp><DateTime>Wed, 2013-01-23 10:54:38 EST</DateTime><ThumbUp>0</ThumbUp><ThumbDown>0</ThumbDown><Sentiment/></Message><Message type="ReplyMessage"><Id>1358956788609-72</Id><Topic><Title>Secret GOOG Info Revealed</Title><Username>tomwood324</Username><Timestamp>1358954794659</Timestamp><DateTime>Wed, 2013-01-23 10:26:34 EST</DateTime></Topic><Msg>thanks for the interesting report.</Msg><Username>riddletom234</Username><Timestamp>1358956788609</Timestamp><DateTime>Wed, 2013-01-23 10:59:48 EST</DateTime><ThumbUp>0</ThumbUp><ThumbDown>1</ThumbDown><Sentiment/></Message><Message type="ReplyMessage"><Id>1358957654839-73</Id><Topic><Title>Secret GOOG Info Revealed</Title><Username>tomwood324</Username><Timestamp>1358954794659</Timestamp><DateTime>Wed, 2013-01-23 10:26:34 EST</DateTime></Topic><Msg>UNBELIEVABLE SPAMM !!!</Msg><Username>tomf91</Username><Timestamp>1358957654839</Timestamp><DateTime>Wed, 2013-01-23 11:14:14 EST</DateTime><ThumbUp>0</ThumbUp><ThumbDown>0</ThumbDown><Sentiment/></Message><Message type="ReplyMessage"><Id>1358957827995-74</Id><Topic><Title>lol @ idiots buying this garbage company</Title><Username>keepshorting</Username><Timestamp>1358953050332</Timestamp><DateTime>Wed, 2013-01-23 09:57:30 EST</DateTime></Topic><Msg>Yep.. we are all idiots.. maniacs laughing all the way to the bank !!!</Msg><Username>tomf91</Username><Timestamp>1358957827995</Timestamp><DateTime>Wed, 2013-01-23 11:17:07 EST</DateTime><ThumbUp>0</ThumbUp><ThumbDown>0</ThumbDown><Sentiment/></Message><Message type="TopicMessage"><Id>1358958027776-75</Id><Title>time to buy FSLR now before its 100+</Title><Msg>get moving</Msg><Username>whattime0000</Username><Timestamp>1358958027776</Timestamp><DateTime>Wed, 2013-01-23 11:20:27 EST</DateTime><ThumbUp>0</ThumbUp><ThumbDown>0</ThumbDown><Sentiment/></Message><Message type="TopicMessage"><Id>1358958175775-76</Id><Title>yawn- stuck at $746</Title><Msg>These WS thugs! Wake me up when this leaves $746- up or down!</Msg><Username>johnlukisretard</Username><Timestamp>1358958175775</Timestamp><DateTime>Wed, 2013-01-23 11:22:55 EST</DateTime><ThumbUp>0</ThumbUp><ThumbDown>0</ThumbDown><Sentiment/></Message><Message type="TopicMessage"><Id>1358958324185-77</Id><Title>DCGD IS ON THE MOVE!!!</Title><Msg>VOLUME COMING IN!!!!!!!!!!!!</Msg><Username>guruofpennies</Username><Timestamp>1358958324185</Timestamp><DateTime>Wed, 2013-01-23 11:25:24 EST</DateTime><ThumbUp>0</ThumbUp><ThumbDown>0</ThumbDown><Sentiment>Strong Buy</Sentiment></Message><Message type="TopicMessage"><Id>1358959054782-78</Id><Title>Talked to my friend who met GOOG executive on train in NY</Title><Msg>GOOG is ready for splite 2 for one in April time frame. So buy as much you can.</Msg><Username>election00</Username><Timestamp>1358959054782</Timestamp><DateTime>Wed, 2013-01-23 11:37:34 EST</DateTime><ThumbUp>0</ThumbUp><ThumbDown>0</ThumbDown><Sentiment/></Message><Message type="TopicMessage"><Id>1358959107503-79</Id><Title>Fund manager are loading up for 790 close to today</Title><Msg>You will be surprise a 2PM</Msg><Username>election00</Username><Timestamp>1358959107503</Timestamp><DateTime>Wed, 2013-01-23 11:38:27 EST</DateTime><ThumbUp>0</ThumbUp><ThumbDown>0</ThumbDown><Sentiment/></Message><Message type="TopicMessage"><Id>1358959192104-80</Id><Title>Goog has legs --this is not apple</Title><Msg>but apple will surprise you know why??????aapl sold tons of iPADs at election time. also president inauragation' s day.</Msg><Username>election00</Username><Timestamp>1358959192104</Timestamp><DateTime>Wed, 2013-01-23 11:39:52 EST</DateTime><ThumbUp>0</ThumbUp><ThumbDown>0</ThumbDown><Sentiment/></Message><Message type="ReplyMessage"><Id>1358959248560-81</Id><Topic><Title>Goog has legs --this is not apple</Title><Username>election00</Username><Timestamp>1358959192104</Timestamp><DateTime>Wed, 2013-01-23 11:39:52 EST</DateTime></Topic><Msg>Yeah AAPL might be at $600+ tomorrow. GOOG may finish $755 today.</Msg><Username>johnlukisretard</Username><Timestamp>1358959248560</Timestamp><DateTime>Wed, 2013-01-23 11:40:48 EST</DateTime><ThumbUp>0</ThumbUp><ThumbDown>0</ThumbDown><Sentiment/></Message><Message type="TopicMessage"><Id>1358959419083-82</Id><Title>LOL @ BULLGASM</Title><Msg>SHORT THIS PIG. UP 6%??? LMAO!!!!!!!!!!!!!!!!!!!!!!!!!!!!!!!!!!!!!!!!!!!!!!!!</Msg><Username>keepshorting</Username><Timestamp>1358959419083</Timestamp><DateTime>Wed, 2013-01-23 11:43:39 EST</DateTime><ThumbUp>0</ThumbUp><ThumbDown>0</ThumbDown><Sentiment>Strong Sell</Sentiment></Message><Message type="ReplyMessage"><Id>1358959708532-83</Id><Topic><Title>LOL @ BULLGASM</Title><Username>keepshorting</Username><Timestamp>1358959419083</Timestamp><DateTime>Wed, 2013-01-23 11:43:39 EST</DateTime></Topic><Msg>Bulls are winning and the move is close to the high. Calls pre-earnings were gold.</Msg><Username>qid_rock</Username><Timestamp>1358959708532</Timestamp><DateTime>Wed, 2013-01-23 11:48:28 EST</DateTime><ThumbUp>0</ThumbUp><ThumbDown>0</ThumbDown><Sentiment/></Message><Message type="TopicMessage"><Id>1358959750557-84</Id><Title>Very bullish. Why?</Title><Msg>Broke out and rbi still very low, very low.</Msg><Username>cybercash28</Username><Timestamp>1358959750557</Timestamp><DateTime>Wed, 2013-01-23 11:49:10 EST</DateTime><ThumbUp>0</ThumbUp><ThumbDown>0</ThumbDown><Sentiment/></Message><Message type="TopicMessage"><Id>1358959906340-85</Id><Title>BULLISH ON DCGD!!!</Title><Msg>YOU WILL MAKE A FORTUNE!!!!!!!!!!!!!!!!!!!!!!</Msg><Username>guruofpennies</Username><Timestamp>1358959906340</Timestamp><DateTime>Wed, 2013-01-23 11:51:46 EST</DateTime><ThumbUp>0</ThumbUp><ThumbDown>0</ThumbDown><Sentiment>Strong Buy</Sentiment></Message><Message type="TopicMessage"><Id>1358959980997-86</Id><Title>I posted last night that down $80 last Q so up $80</Title><Msg>This Q. Very bullish comments from CEO on CC.</Msg><Username>cybercash28</Username><Timestamp>1358959980997</Timestamp><DateTime>Wed, 2013-01-23 11:53:00 EST</DateTime><ThumbUp>0</ThumbUp><ThumbDown>0</ThumbDown><Sentiment/></Message><Message type="ReplyMessage"><Id>1358960082621-87</Id><Topic><Title>let this run/exhaust for 30 minutes and then short</Title><Username>futuresrnow</Username><Timestamp>1358950562404</Timestamp><DateTime>Wed, 2013-01-23 09:16:02 EST</DateTime></Topic><Msg>ummmm....how is that possible? I also shorted this beast at around 10:30, 743.00 and now taking a pretty good beating. Hoping this thing reverses trend soon, but not looking so good-it's on a friggin mission!! You would think some people would lock in profits by now....</Msg><Username>petelato</Username><Timestamp>1358960082621</Timestamp><DateTime>Wed, 2013-01-23 11:54:42 EST</DateTime><ThumbUp>0</ThumbUp><ThumbDown>0</ThumbDown><Sentiment>Strong Sell</Sentiment></Message><Message type="TopicMessage"><Id>1358960099778-88</Id><Title>10 big bloks buy order just went through</Title><Msg>woh!!!!!!!!!!!!</Msg><Username>election00</Username><Timestamp>1358960099778</Timestamp><DateTime>Wed, 2013-01-23 11:54:59 EST</DateTime><ThumbUp>0</ThumbUp><ThumbDown>0</ThumbDown><Sentiment>Strong Buy</Sentiment></Message><Message type="TopicMessage"><Id>1358960796200-89</Id><Title>Best strategy..</Title><Msg>For good earning stocks, buy on dips For bad earning stocks, buy on spikes. Big money will not sell good earning stocks so DO NOT short GOOG now. Go and short COH. Look at LULU as an example. If you short every spike you make money.</Msg><Username>cybercash28</Username><Timestamp>1358960796200</Timestamp><DateTime>Wed, 2013-01-23 12:06:36 EST</DateTime><ThumbUp>0</ThumbUp><ThumbDown>0</ThumbDown><Sentiment/></Message><Message type="TopicMessage"><Id>1358960966125-90</Id><Title>755 this afternoon</Title><Msg>possible</Msg><Username>wingofeaglets17</Username><Timestamp>1358960966125</Timestamp><DateTime>Wed, 2013-01-23 12:09:26 EST</DateTime><ThumbUp>0</ThumbUp><ThumbDown>0</ThumbDown><Sentiment/></Message><Message type="TopicMessage"><Id>1358961073902-91</Id><Title>The markets are never going to go down again.</Title><Msg>Keep buying and you can't lose.</Msg><Username>fmrmlbcatcher</Username><Timestamp>1358961073902</Timestamp><DateTime>Wed, 2013-01-23 12:11:13 EST</DateTime><ThumbUp>0</ThumbUp><ThumbDown>0</ThumbDown><Sentiment/></Message><Message type="ReplyMessage"><Id>1358961101746-92</Id><Topic><Title>let this run/exhaust for 30 minutes and then short</Title><Username>futuresrnow</Username><Timestamp>1358950562404</Timestamp><DateTime>Wed, 2013-01-23 09:16:02 EST</DateTime></Topic><Msg>I usually see 10 am as a reversal time. Shorted at 746.40 and covered at 743.53</Msg><Username>futuresrnow</Username><Timestamp>1358961101746</Timestamp><DateTime>Wed, 2013-01-23 12:11:41 EST</DateTime><ThumbUp>0</ThumbUp><ThumbDown>0</ThumbDown><Sentiment/></Message><Message type="TopicMessage"><Id>1358961162639-93</Id><Title>Go GOOG....</Title><Msg>Take a bite out of that apple. Never owned an apple product and i'm still breathing....</Msg><Username>mandan14shooter</Username><Timestamp>1358961162639</Timestamp><DateTime>Wed, 2013-01-23 12:12:42 EST</DateTime><ThumbUp>0</ThumbUp><ThumbDown>1</ThumbDown><Sentiment/></Message><Message type="ReplyMessage"><Id>1358961243783-94</Id><Topic><Title>755 this afternoon</Title><Username>wingofeaglets17</Username><Timestamp>1358960966125</Timestamp><DateTime>Wed, 2013-01-23 12:09:26 EST</DateTime></Topic><Msg>752 ish, but I will split the difference, great quarter!</Msg><Username>lincolnsummers123</Username><Timestamp>1358961243783</Timestamp><DateTime>Wed, 2013-01-23 12:14:03 EST</DateTime><ThumbUp>0</ThumbUp><ThumbDown>0</ThumbDown><Sentiment/></Message><Message type="ReplyMessage"><Id>1358962110269-95</Id><Topic><Title>Fund manager are loading up for 790 close to today</Title><Username>election00</Username><Timestamp>1358959107503</Timestamp><DateTime>Wed, 2013-01-23 11:38:27 EST</DateTime></Topic><Msg>stop posting #$%$ thanks.</Msg><Username>indexit</Username><Timestamp>1358962110269</Timestamp><DateTime>Wed, 2013-01-23 12:28:30 EST</DateTime><ThumbUp>0</ThumbUp><ThumbDown>0</ThumbDown><Sentiment/></Message><Message type="ReplyMessage"><Id>1358963578267-96</Id><Topic><Title>Obama is the Best President Ever! President Obama Saved America, AGAIN!!!! Radical Republicans on Suicide Watch......</Title><Username>jbhdallas2000</Username><Timestamp>1358823684509</Timestamp><DateTime>Mon, 2013-01-21 22:01:24 EST</DateTime></Topic><Msg>Obama is the Best President Ever! President Obama Saved America, AGAIN!!!! Radical Republicans on Suicide Watch......</Msg><Username>jbhdallas2000</Username><Timestamp>1358963578267</Timestamp><DateTime>Wed, 2013-01-23 12:52:58 EST</DateTime><ThumbUp>1</ThumbUp><ThumbDown>3</ThumbDown><Sentiment>Buy</Sentiment></Message><Message type="TopicMessage"><Id>1358963956392-97</Id><Title>Take profit now... ordinary earnings, very hyped stock, destined to go below $500</Title><Msg>This pig deserves a good fall. Advertisement competition is going to get worese and GOOG's bottomline is in clear and present danger</Msg><Username>A Yahoo! User</Username><Timestamp>1358963956392</Timestamp><DateTime>Wed, 2013-01-23 12:59:16 EST</DateTime><ThumbUp>3</ThumbUp><ThumbDown>1</ThumbDown><Sentiment>Strong Sell</Sentiment></Message><Message type="ReplyMessage"><Id>1358964280203-98</Id><Topic><Title>755 this afternoon</Title><Username>wingofeaglets17</Username><Timestamp>1358960966125</Timestamp><DateTime>Wed, 2013-01-23 12:09:26 EST</DateTime></Topic><Msg>I see 760..If not today, by the end of the week.</Msg><Username>darotweiler07</Username><Timestamp>1358964280203</Timestamp><DateTime>Wed, 2013-01-23 13:04:40 EST</DateTime><ThumbUp>0</ThumbUp><ThumbDown>0</ThumbDown><Sentiment/></Message><Message type="ReplyMessage"><Id>1358964551825-99</Id><Topic><Title>Take profit now... ordinary earnings, very hyped stock, destined to go below $500</Title><Username>A Yahoo! User</Username><Timestamp>1358963956392</Timestamp><DateTime>Wed, 2013-01-23 12:59:16 EST</DateTime></Topic><Msg>please tell me how do you know that? You have insight u can share with the board?</Msg><Username>sun_cruise</Username><Timestamp>1358964551825</Timestamp><DateTime>Wed, 2013-01-23 13:09:11 EST</DateTime><ThumbUp>2</ThumbUp><ThumbDown>0</ThumbDown><Sentiment/></Message><Message type="TopicMessage"><Id>1358964645737-100</Id><Title>Sweet Googles up big</Title><Msg>I read their earnings report and thought they would be down.</Msg><Username>imshortemc</Username><Timestamp>1358964645737</Timestamp><DateTime>Wed, 2013-01-23 13:10:45 EST</DateTime><ThumbUp>0</ThumbUp><ThumbDown>0</ThumbDown><Sentiment/></Message><Message type="TopicMessage"><Id>1358964699994-101</Id><Title>GREEDINESS MADE ME LOOOK STUPPPID!</Title><Msg>DID NOT SELL APPL @700</Msg><Username>mlg4044</Username><Timestamp>1358964699994</Timestamp><DateTime>Wed, 2013-01-23 13:11:39 EST</DateTime><ThumbUp>0</ThumbUp><ThumbDown>1</ThumbDown><Sentiment/></Message><Message type="ReplyMessage"><Id>1358964919896-102</Id><Topic><Title>HEB will make you money</Title><Username>janesnose</Username><Timestamp>1358867091670</Timestamp><DateTime>Tue, 2013-01-22 10:04:51 EST</DateTime></Topic><Msg>check the company's website to find the FDA to complete its review of the NDA (new drug application) is February 2, 2013.</Msg><Username>janesnose</Username><Timestamp>1358964919896</Timestamp><DateTime>Wed, 2013-01-23 13:15:19 EST</DateTime><ThumbUp>0</ThumbUp><ThumbDown>0</ThumbDown><Sentiment/></Message><Message type="ReplyMessage"><Id>1358965014446-103</Id><Topic><Title>Single digit earnings growth. I'm not impressed!</Title><Username>sh0rtmimi</Username><Timestamp>1358956197508</Timestamp><DateTime>Wed, 2013-01-23 10:49:57 EST</DateTime></Topic><Msg>good thing your little opinion doesn't matter AT ALL</Msg><Username>crystalbayboi</Username><Timestamp>1358965014446</Timestamp><DateTime>Wed, 2013-01-23 13:16:54 EST</DateTime><ThumbUp>0</ThumbUp><ThumbDown>0</ThumbDown><Sentiment/></Message><Message type="ReplyMessage"><Id>1358965093282-104</Id><Topic><Title>Not impressed, down we go</Title><Username>stkjk01</Username><Timestamp>1358915948270</Timestamp><DateTime>Tue, 2013-01-22 23:39:08 EST</DateTime></Topic><Msg>don't quit your day job. must have a small wheenie</Msg><Username>crystalbayboi</Username><Timestamp>1358965093282</Timestamp><DateTime>Wed, 2013-01-23 13:18:13 EST</DateTime><ThumbUp>0</ThumbUp><ThumbDown>1</ThumbDown><Sentiment/></Message><Message type="TopicMessage"><Id>1358965375493-105</Id><Title>Creepy Advertising Fraud Reach New Levels</Title><Msg>Google "Creepy Advertising Fraud Reach New Levels"</Msg><Username>vincent64</Username><Timestamp>1358965375493</Timestamp><DateTime>Wed, 2013-01-23 13:22:55 EST</DateTime><ThumbUp>0</ThumbUp><ThumbDown>0</ThumbDown><Sentiment/></Message><Message type="TopicMessage"><Id>1358965548911-106</Id><Title>How could Google make money out of Gmail?</Title><Msg>Google "How could Google make money out of Gmail analyticbridge" to read about an interesting new business model for Google.</Msg><Username>vincent64</Username><Timestamp>1358965548911</Timestamp><DateTime>Wed, 2013-01-23 13:25:48 EST</DateTime><ThumbUp>0</ThumbUp><ThumbDown>0</ThumbDown><Sentiment/></Message><Message type="TopicMessage"><Id>1358965885385-107</Id><Title>Goog getting ready to bust out to $780-$790 range</Title><Msg>For every sell there are 4 or 5 buyers lined up. Look at it on level 2. And also for every 100 share lot got sell they are coming in with 250-300-400, share buys</Msg><Username>fmrmlbcatcher</Username><Timestamp>1358965885385</Timestamp><DateTime>Wed, 2013-01-23 13:31:25 EST</DateTime><ThumbUp>0</ThumbUp><ThumbDown>0</ThumbDown><Sentiment/></Message><Message type="TopicMessage"><Id>1358965909033-108</Id><Title>Market Watch story</Title><Msg>John Shinal, a tech writer, just posted a story on Market Watch on how Android may/might/will put a squeeze on Apple. Worth a read for anyone long and hopeful. He suggests the conflict will determine which company becomes the largest tech powerhouse.</Msg><Username>wulfadams</Username><Timestamp>1358965909033</Timestamp><DateTime>Wed, 2013-01-23 13:31:49 EST</DateTime><ThumbUp>0</ThumbUp><ThumbDown>0</ThumbDown><Sentiment>Hold</Sentiment></Message><Message type="ReplyMessage"><Id>1358966313218-109</Id><Topic><Title>Goog getting ready to bust out to $780-$790 range</Title><Username>fmrmlbcatcher</Username><Timestamp>1358965885385</Timestamp><DateTime>Wed, 2013-01-23 13:31:25 EST</DateTime></Topic><Msg>LOL! You wish!</Msg><Username>tradddevlin</Username><Timestamp>1358966313218</Timestamp><DateTime>Wed, 2013-01-23 13:38:33 EST</DateTime><ThumbUp>0</ThumbUp><ThumbDown>0</ThumbDown><Sentiment/></Message><Message type="TopicMessage"><Id>1358966356632-110</Id><Title>I bet we see Dow 14K ---- Naz 3300 this week</Title><Msg>You can't stop a speeding train, And we are on the Google Express, All aboard.</Msg><Username>fmrmlbcatcher</Username><Timestamp>1358966356632</Timestamp><DateTime>Wed, 2013-01-23 13:39:16 EST</DateTime><ThumbUp>0</ThumbUp><ThumbDown>0</ThumbDown><Sentiment/></Message><Message type="ReplyMessage"><Id>1358966403695-111</Id><Topic><Title>755 this afternoon</Title><Username>wingofeaglets17</Username><Timestamp>1358960966125</Timestamp><DateTime>Wed, 2013-01-23 12:09:26 EST</DateTime></Topic><Msg>LOL! You Wish</Msg><Username>tradddevlin</Username><Timestamp>1358966403695</Timestamp><DateTime>Wed, 2013-01-23 13:40:03 EST</DateTime><ThumbUp>0</ThumbUp><ThumbDown>0</ThumbDown><Sentiment/></Message><Message type="TopicMessage"><Id>1358967315233-112</Id><Title>Huge news GSX major buyout</Title><Msg>yahoo news</Msg><Username>lake.sage</Username><Timestamp>1358967315233</Timestamp><DateTime>Wed, 2013-01-23 13:55:15 EST</DateTime><ThumbUp>0</ThumbUp><ThumbDown>0</ThumbDown><Sentiment>Strong Buy</Sentiment></Message><Message type="TopicMessage"><Id>1358967321695-113</Id><Title>Huge news GSX major buyout</Title><Msg>yahoo news</Msg><Username>lake.sage</Username><Timestamp>1358967321695</Timestamp><DateTime>Wed, 2013-01-23 13:55:21 EST</DateTime><ThumbUp>0</ThumbUp><ThumbDown>0</ThumbDown><Sentiment>Strong Buy</Sentiment></Message><Message type="TopicMessage"><Id>1358967712247-114</Id><Title>Good time to go short long term</Title><Msg>Market overbought. GOOG not impressive...</Msg><Username>bogdanmiltchev</Username><Timestamp>1358967712247</Timestamp><DateTime>Wed, 2013-01-23 14:01:52 EST</DateTime><ThumbUp>0</ThumbUp><ThumbDown>0</ThumbDown><Sentiment>Strong Sell</Sentiment></Message><Message type="TopicMessage"><Id>1358967774155-115</Id><Title>time to buy....NEWL</Title><Msg>STRONG BUY</Msg><Username>dave.attal</Username><Timestamp>1358967774155</Timestamp><DateTime>Wed, 2013-01-23 14:02:54 EST</DateTime><ThumbUp>0</ThumbUp><ThumbDown>0</ThumbDown><Sentiment/></Message><Message type="ReplyMessage"><Id>1358968060252-116</Id><Topic><Title>Goog getting ready to bust out to $780-$790 range</Title><Username>fmrmlbcatcher</Username><Timestamp>1358965885385</Timestamp><DateTime>Wed, 2013-01-23 13:31:25 EST</DateTime></Topic><Msg>How is that $625.00 short doing you.</Msg><Username>fmrmlbcatcher</Username><Timestamp>1358968060252</Timestamp><DateTime>Wed, 2013-01-23 14:07:40 EST</DateTime><ThumbUp>0</ThumbUp><ThumbDown>0</ThumbDown><Sentiment/></Message><Message type="ReplyMessage"><Id>1358968289077-117</Id><Topic><Title>P/E is in the 20's</Title><Username>mbc2302000</Username><Timestamp>1358954404452</Timestamp><DateTime>Wed, 2013-01-23 10:20:04 EST</DateTime></Topic><Msg>I wouldn't buy Google at that price, their stock hasn't really done much, the only reason why it's so expensive is because they don't have many shares since they haven't done any stock splits that I'm aware of. If you compared them to Apple, you would have dilute the shares by a factor of 3 and the share price would be about $200+ a share and the EPS would be around $10+. I don't see that much huge growth from these guys since they haven't proved themselves as being able to make and sell their own hardware at decent profit margins. The Motorola Mobility unit lost over $350 Mil last quarter. Plus they aren't paying dividends. Google derives most of their profits from ad clicks. BFD.</Msg><Username>mbc2302000</Username><Timestamp>1358968289077</Timestamp><DateTime>Wed, 2013-01-23 14:11:29 EST</DateTime><ThumbUp>0</ThumbUp><ThumbDown>0</ThumbDown><Sentiment/></Message><Message type="TopicMessage"><Id>1358968299046-118</Id><Title>"The Smart Money"</Title><Msg>I believe will be selling this afternoon (the overall market). Many amateurs, (like me) think that Apple has gone down 200 points so it is bound to go up after the bell regardless of the report today. As Apple goes, so goes the market right? I believe that Apple has further downside and will put the brakes on this entire market... Just think this way...divide Apple by 100 and it has gone from 70 to 50 okay? Does anyone think the MM's can't punish this stock easily to 45 (450) or even 40 (400) before moving it back up? The GOOG quarter was NOT that great folks...I am looking for a sell-off back to the 700 area sooner rather than later. Disclosure: Long GOOG Puts as of this afternoon.</Msg><Username>leemajors6millyun</Username><Timestamp>1358968299046</Timestamp><DateTime>Wed, 2013-01-23 14:11:39 EST</DateTime><ThumbUp>0</ThumbUp><ThumbDown>0</ThumbDown><Sentiment/></Message><Message type="ReplyMessage"><Id>1358968884081-119</Id><Topic><Title>I do not think these Earnings are Positive, Revenue Miss was quite large.</Title><Username>tradersteve2000</Username><Timestamp>1358889404516</Timestamp><DateTime>Tue, 2013-01-22 16:16:44 EST</DateTime></Topic><Msg>Nice call. What else you got?</Msg><Username>josejimenezrubenstein</Username><Timestamp>1358968884081</Timestamp><DateTime>Wed, 2013-01-23 14:21:24 EST</DateTime><ThumbUp>0</ThumbUp><ThumbDown>0</ThumbDown><Sentiment/></Message><Message type="ReplyMessage"><Id>1358968941965-120</Id><Topic><Title>I have a feeling this is going to have a small drop after-hours.</Title><Username>thadsilverfox</Username><Timestamp>1358888397207</Timestamp><DateTime>Tue, 2013-01-22 15:59:57 EST</DateTime></Topic><Msg>Good call, or should I say GOOG call.</Msg><Username>josejimenezrubenstein</Username><Timestamp>1358968941965</Timestamp><DateTime>Wed, 2013-01-23 14:22:21 EST</DateTime><ThumbUp>0</ThumbUp><ThumbDown>0</ThumbDown><Sentiment/></Message><Message type="ReplyMessage"><Id>1358969249458-121</Id><Topic><Title>Goog getting ready to bust out to $780-$790 range</Title><Username>fmrmlbcatcher</Username><Timestamp>1358965885385</Timestamp><DateTime>Wed, 2013-01-23 13:31:25 EST</DateTime></Topic><Msg>Sad that you have to lie and claim that I am short in order to lend credibility to your foolish call.</Msg><Username>tradddevlin</Username><Timestamp>1358969249458</Timestamp><DateTime>Wed, 2013-01-23 14:27:29 EST</DateTime><ThumbUp>0</ThumbUp><ThumbDown>0</ThumbDown><Sentiment/></Message><Message type="ReplyMessage"><Id>1358969943245-122</Id><Topic><Title>Goog getting ready to bust out to $780-$790 range</Title><Username>fmrmlbcatcher</Username><Timestamp>1358965885385</Timestamp><DateTime>Wed, 2013-01-23 13:31:25 EST</DateTime></Topic><Msg>how do u know that? Please share</Msg><Username>sun_cruise</Username><Timestamp>1358969943245</Timestamp><DateTime>Wed, 2013-01-23 14:39:03 EST</DateTime><ThumbUp>0</ThumbUp><ThumbDown>0</ThumbDown><Sentiment/></Message><Message type="ReplyMessage"><Id>1358969982700-123</Id><Topic><Title>P/E is in the 20's</Title><Username>mbc2302000</Username><Timestamp>1358954404452</Timestamp><DateTime>Wed, 2013-01-23 10:20:04 EST</DateTime></Topic><Msg>Earnings growth is too low. I don't see much upside!</Msg><Username>sh0rtmimi</Username><Timestamp>1358969982700</Timestamp><DateTime>Wed, 2013-01-23 14:39:42 EST</DateTime><ThumbUp>0</ThumbUp><ThumbDown>1</ThumbDown><Sentiment/></Message><Message type="ReplyMessage"><Id>1358970260959-124</Id><Topic><Title>Take profit now... ordinary earnings, very hyped stock, destined to go below $500</Title><Username>A Yahoo! User</Username><Timestamp>1358963956392</Timestamp><DateTime>Wed, 2013-01-23 12:59:16 EST</DateTime></Topic><Msg>Android is stolen technology, Samsung, another thief is switching the OS, hardware manufacturing but no innovations. Ad revenue will drop significantly as margin squeeze and competition increase. Very gloomy</Msg><Username>A Yahoo! User</Username><Timestamp>1358970260959</Timestamp><DateTime>Wed, 2013-01-23 14:44:20 EST</DateTime><ThumbUp>2</ThumbUp><ThumbDown>0</ThumbDown><Sentiment/></Message><Message type="ReplyMessage"><Id>1358970944742-125</Id><Topic><Title>Goog getting ready to bust out to $780-$790 range</Title><Username>fmrmlbcatcher</Username><Timestamp>1358965885385</Timestamp><DateTime>Wed, 2013-01-23 13:31:25 EST</DateTime></Topic><Msg>How do I know what ? That trader trash is short from the $625 area. Or the buy to sell ratio ? When you are trading with this muck on the line every day you need a great trading platform. T.D Waterhouse has one of the best. You can see the buy and sell order trades lining up buy lot size and lot price. It also helps to know how to read a chart. When you are trading with $ 150 to $ 200 k, I hope you ate not just using you I-Pad. Ask for help anytime. The way I look at it, be you long or short we are all her for the same reason( To make the GREEN stuff.)</Msg><Username>fmrmlbcatcher</Username><Timestamp>1358970944742</Timestamp><DateTime>Wed, 2013-01-23 14:55:44 EST</DateTime><ThumbUp>0</ThumbUp><ThumbDown>0</ThumbDown><Sentiment/></Message><Message type="ReplyMessage"><Id>1358971109044-126</Id><Topic><Title>Goog getting ready to bust out to $780-$790 range</Title><Username>fmrmlbcatcher</Username><Timestamp>1358965885385</Timestamp><DateTime>Wed, 2013-01-23 13:31:25 EST</DateTime></Topic><Msg>Sorry for the miss spells tryingnto type to fast as I place more trades.</Msg><Username>fmrmlbcatcher</Username><Timestamp>1358971109044</Timestamp><DateTime>Wed, 2013-01-23 14:58:29 EST</DateTime><ThumbUp>0</ThumbUp><ThumbDown>0</ThumbDown><Sentiment/></Message><Message type="ReplyMessage"><Id>1358971239771-127</Id><Topic><Title>I do not think these Earnings are Positive, Revenue Miss was quite large.</Title><Username>tradersteve2000</Username><Timestamp>1358889404516</Timestamp><DateTime>Tue, 2013-01-22 16:16:44 EST</DateTime></Topic><Msg>When everyone is positive, it is time to SELL!</Msg><Username>mlg4044</Username><Timestamp>1358971239771</Timestamp><DateTime>Wed, 2013-01-23 15:00:39 EST</DateTime><ThumbUp>0</ThumbUp><ThumbDown>1</ThumbDown><Sentiment/></Message><Message type="ReplyMessage"><Id>1358972117069-128</Id><Topic><Title>Goog getting ready to bust out to $780-$790 range</Title><Username>fmrmlbcatcher</Username><Timestamp>1358965885385</Timestamp><DateTime>Wed, 2013-01-23 13:31:25 EST</DateTime></Topic><Msg>And I guess next you will tell us that your fantastic trading platform allows you to access the market position of individual traders delivering you key market insights ahead of the average trader. Is it linked into the Bat Computer also? You #$%$ idiot! You only know long from short when your wife laughs when you get out of the shower. Pathetic!</Msg><Username>tradddevlin</Username><Timestamp>1358972117069</Timestamp><DateTime>Wed, 2013-01-23 15:15:17 EST</DateTime><ThumbUp>0</ThumbUp><ThumbDown>0</ThumbDown><Sentiment/></Message><Message type="TopicMessage"><Id>1358972381126-129</Id><Title>$745 support broken, short at will.</Title><Msg>eom</Msg><Username>charts_say_sell_u_dumb_azz</Username><Timestamp>1358972381126</Timestamp><DateTime>Wed, 2013-01-23 15:19:41 EST</DateTime><ThumbUp>0</ThumbUp><ThumbDown>0</ThumbDown><Sentiment/></Message><Message type="TopicMessage"><Id>1358972505460-130</Id><Title>3 million more shares traded than a normal day.</Title><Msg>Tons of buyers.</Msg><Username>fmrmlbcatcher</Username><Timestamp>1358972505460</Timestamp><DateTime>Wed, 2013-01-23 15:21:45 EST</DateTime><ThumbUp>0</ThumbUp><ThumbDown>0</ThumbDown><Sentiment/></Message><Message type="ReplyMessage"><Id>1358972728710-131</Id><Topic><Title>$745 support broken, short at will.</Title><Username>charts_say_sell_u_dumb_azz</Username><Timestamp>1358972381126</Timestamp><DateTime>Wed, 2013-01-23 15:19:41 EST</DateTime></Topic><Msg>Looking for profit taking to low 700s Sell the news</Msg><Username>jim23592002</Username><Timestamp>1358972728710</Timestamp><DateTime>Wed, 2013-01-23 15:25:28 EST</DateTime><ThumbUp>0</ThumbUp><ThumbDown>0</ThumbDown><Sentiment>Sell</Sentiment></Message><Message type="ReplyMessage"><Id>1358973063574-132</Id><Topic><Title>$745 support broken, short at will.</Title><Username>charts_say_sell_u_dumb_azz</Username><Timestamp>1358972381126</Timestamp><DateTime>Wed, 2013-01-23 15:19:41 EST</DateTime></Topic><Msg>I would wait until $741.76 to $738.31 to short.</Msg><Username>fmrmlbcatcher</Username><Timestamp>1358973063574</Timestamp><DateTime>Wed, 2013-01-23 15:31:03 EST</DateTime><ThumbUp>0</ThumbUp><ThumbDown>0</ThumbDown><Sentiment/></Message><Message type="ReplyMessage"><Id>1358973192936-133</Id><Topic><Title>3 million more shares traded than a normal day.</Title><Username>fmrmlbcatcher</Username><Timestamp>1358972505460</Timestamp><DateTime>Wed, 2013-01-23 15:21:45 EST</DateTime></Topic><Msg>I guess that's why the price is dropping! LOL!</Msg><Username>tradddevlin</Username><Timestamp>1358973192936</Timestamp><DateTime>Wed, 2013-01-23 15:33:12 EST</DateTime><ThumbUp>0</ThumbUp><ThumbDown>1</ThumbDown><Sentiment/></Message><Message type="TopicMessage"><Id>1358973245314-134</Id><Title>There is going to be a ton of short covering into the close will run GOOG to HOD.</Title><Msg>Watch</Msg><Username>fmrmlbcatcher</Username><Timestamp>1358973245314</Timestamp><DateTime>Wed, 2013-01-23 15:34:05 EST</DateTime><ThumbUp>0</ThumbUp><ThumbDown>0</ThumbDown><Sentiment/></Message><Message type="ReplyMessage"><Id>1358973320036-135</Id><Topic><Title>There is going to be a ton of short covering into the close will run GOOG to HOD.</Title><Username>fmrmlbcatcher</Username><Timestamp>1358973245314</Timestamp><DateTime>Wed, 2013-01-23 15:34:05 EST</DateTime></Topic><Msg>LOL!</Msg><Username>tradddevlin</Username><Timestamp>1358973320036</Timestamp><DateTime>Wed, 2013-01-23 15:35:20 EST</DateTime><ThumbUp>0</ThumbUp><ThumbDown>1</ThumbDown><Sentiment/></Message><Message type="ReplyMessage"><Id>1358973618435-136</Id><Topic><Title>There is going to be a ton of short covering into the close will run GOOG to HOD.</Title><Username>fmrmlbcatcher</Username><Timestamp>1358973245314</Timestamp><DateTime>Wed, 2013-01-23 15:34:05 EST</DateTime></Topic><Msg>How is you $625.00 short doing you.</Msg><Username>fmrmlbcatcher</Username><Timestamp>1358973618435</Timestamp><DateTime>Wed, 2013-01-23 15:40:18 EST</DateTime><ThumbUp>0</ThumbUp><ThumbDown>0</ThumbDown><Sentiment/></Message><Message type="ReplyMessage"><Id>1358973657204-137</Id><Topic><Title>There is going to be a ton of short covering into the close will run GOOG to HOD.</Title><Username>fmrmlbcatcher</Username><Timestamp>1358973245314</Timestamp><DateTime>Wed, 2013-01-23 15:34:05 EST</DateTime></Topic><Msg>How original!</Msg><Username>tradddevlin</Username><Timestamp>1358973657204</Timestamp><DateTime>Wed, 2013-01-23 15:40:57 EST</DateTime><ThumbUp>0</ThumbUp><ThumbDown>1</ThumbDown><Sentiment/></Message><Message type="ReplyMessage"><Id>1358973781368-138</Id><Topic><Title>3 million more shares traded than a normal day.</Title><Username>fmrmlbcatcher</Username><Timestamp>1358972505460</Timestamp><DateTime>Wed, 2013-01-23 15:21:45 EST</DateTime></Topic><Msg>Being up over $40 ,Hummmmmmmm yea we are going down.</Msg><Username>fmrmlbcatcher</Username><Timestamp>1358973781368</Timestamp><DateTime>Wed, 2013-01-23 15:43:01 EST</DateTime><ThumbUp>0</ThumbUp><ThumbDown>0</ThumbDown><Sentiment/></Message><Message type="ReplyMessage"><Id>1358973798029-139</Id><Topic><Title>let this run/exhaust for 30 minutes and then short</Title><Username>futuresrnow</Username><Timestamp>1358950562404</Timestamp><DateTime>Wed, 2013-01-23 09:16:02 EST</DateTime></Topic><Msg>take yur profits now or wait for gap down in am</Msg><Username>futuresrnow</Username><Timestamp>1358973798029</Timestamp><DateTime>Wed, 2013-01-23 15:43:18 EST</DateTime><ThumbUp>0</ThumbUp><ThumbDown>0</ThumbDown><Sentiment/></Message><Message type="ReplyMessage"><Id>1358974239582-140</Id><Topic><Title>There is going to be a ton of short covering into the close will run GOOG to HOD.</Title><Username>fmrmlbcatcher</Username><Timestamp>1358973245314</Timestamp><DateTime>Wed, 2013-01-23 15:34:05 EST</DateTime></Topic><Msg>Oh yea! I see it now. Tons of buyers coming in to push us to the HOD!! You might want to check the connection on that fantastic trading platform.</Msg><Username>tradddevlin</Username><Timestamp>1358974239582</Timestamp><DateTime>Wed, 2013-01-23 15:50:39 EST</DateTime><ThumbUp>0</ThumbUp><ThumbDown>1</ThumbDown><Sentiment/></Message><Message type="ReplyMessage"><Id>1358974882166-141</Id><Topic><Title>There is going to be a ton of short covering into the close will run GOOG to HOD.</Title><Username>fmrmlbcatcher</Username><Timestamp>1358973245314</Timestamp><DateTime>Wed, 2013-01-23 15:34:05 EST</DateTime></Topic><Msg>#$%$they are running for the door.</Msg><Username>katekir1234</Username><Timestamp>1358974882166</Timestamp><DateTime>Wed, 2013-01-23 16:01:22 EST</DateTime><ThumbUp>0</ThumbUp><ThumbDown>0</ThumbDown><Sentiment/></Message><Message type="TopicMessage"><Id>1358975560861-142</Id><Title>Expensive Cash Use</Title><Msg>Google Inc. is a fantastic company run by genuinely bold and curious entrepreneurs. The company's price is too expensive. The costs to maintain growth are enormous. I question the company's stated free cash flow. I would almost reckon that Google has little to zero cash available besides that which it receives from "Search," which appropriately serves as an annuity of sorts. However, unlike an annuity, the company must spend excess amounts of money to constantly refresh old products, as well as to procure new products... all in order to maintain advertising turf. The cow makes cash, but the calf gets it all.</Msg><Username>reichardschwartz</Username><Timestamp>1358975560861</Timestamp><DateTime>Wed, 2013-01-23 16:12:40 EST</DateTime><ThumbUp>0</ThumbUp><ThumbDown>0</ThumbDown><Sentiment/></Message><Message type="ReplyMessage"><Id>1358975702253-143</Id><Topic><Title>Expensive Cash Use</Title><Username>reichardschwartz</Username><Timestamp>1358975560861</Timestamp><DateTime>Wed, 2013-01-23 16:12:40 EST</DateTime></Topic><Msg>And thanks to environmentalist whackos, wolves live in this Country and feast on calves every year.</Msg><Username>reichardschwartz</Username><Timestamp>1358975702253</Timestamp><DateTime>Wed, 2013-01-23 16:15:02 EST</DateTime><ThumbUp>0</ThumbUp><ThumbDown>0</ThumbDown><Sentiment/></Message><Message type="TopicMessage"><Id>1358976249839-144</Id><Title>NFLX killed it GOOG up Big time in the am</Title><Msg>Sorry shorts. Don't get me wrong, I short stocks all the time. It is all about making money. Shorts and longs need to get a long to better each other.</Msg><Username>fmrmlbcatcher</Username><Timestamp>1358976249839</Timestamp><DateTime>Wed, 2013-01-23 16:24:09 EST</DateTime><ThumbUp>0</ThumbUp><ThumbDown>0</ThumbDown><Sentiment/></Message><Message type="ReplyMessage"><Id>1358976315032-145</Id><Topic><Title>Expensive Cash Use</Title><Username>reichardschwartz</Username><Timestamp>1358975560861</Timestamp><DateTime>Wed, 2013-01-23 16:12:40 EST</DateTime></Topic><Msg>If you are looking for a payback on an investment, better to buy a utility or a manufacturer that pays a dividend. The internet companies are all about Ponzinomics.... but they have been good at Ponzinomics.</Msg><Username>lnkdforbegginners</Username><Timestamp>1358976315032</Timestamp><DateTime>Wed, 2013-01-23 16:25:15 EST</DateTime><ThumbUp>0</ThumbUp><ThumbDown>0</ThumbDown><Sentiment/></Message><Message type="ReplyMessage"><Id>1358977023965-146</Id><Topic><Title>"The Smart Money"</Title><Username>leemajors6millyun</Username><Timestamp>1358968299046</Timestamp><DateTime>Wed, 2013-01-23 14:11:39 EST</DateTime></Topic><Msg>Hope you listened to me...sold the market short today around 1pm and tomorrow Google, Apple, S@P all most likely quite a bit lower. This might even mark the market short term top... good luck trading.</Msg><Username>leemajors6millyun</Username><Timestamp>1358977023965</Timestamp><DateTime>Wed, 2013-01-23 16:37:03 EST</DateTime><ThumbUp>0</ThumbUp><ThumbDown>0</ThumbDown><Sentiment/></Message><Message type="ReplyMessage"><Id>1358977305330-147</Id><Topic><Title>Expensive Cash Use</Title><Username>reichardschwartz</Username><Timestamp>1358975560861</Timestamp><DateTime>Wed, 2013-01-23 16:12:40 EST</DateTime></Topic><Msg>I agree. Also, I'm not hating on Google. Nor am I seeking cash payouts, like dividends. However, look at Walmart or Wells Fargo, companies that make cash and have very low development costs. Banking is certainly competitive and risky, but WFC, for example, doesn't need to blow all its cash each month just to stay alive.</Msg><Username>reichardschwartz</Username><Timestamp>1358977305330</Timestamp><DateTime>Wed, 2013-01-23 16:41:45 EST</DateTime><ThumbUp>0</ThumbUp><ThumbDown>0</ThumbDown><Sentiment/></Message><Message type="TopicMessage"><Id>1358977619936-148</Id><Title>Fire Tim Cook</Title><Msg>Rotten AAPL...hurts the market</Msg><Username>cybercash28</Username><Timestamp>1358977619936</Timestamp><DateTime>Wed, 2013-01-23 16:46:59 EST</DateTime><ThumbUp>0</ThumbUp><ThumbDown>0</ThumbDown><Sentiment/></Message><Message type="ReplyMessage"><Id>1358979602236-149</Id><Topic><Title>Changes in payments after BLUE MONDAY</Title><Username>desantis.william</Username><Timestamp>1358978610351</Timestamp><DateTime>Wed, 2013-01-23 17:03:30 EST</DateTime></Topic><Msg>Nope, just blue spam.</Msg><Username>wulfadams</Username><Timestamp>1358979602236</Timestamp><DateTime>Wed, 2013-01-23 17:20:02 EST</DateTime><ThumbUp>0</ThumbUp><ThumbDown>0</ThumbDown><Sentiment/></Message><Message type="TopicMessage"><Id>1358979753399-150</Id><Title>A perfect day again</Title><Msg>That is why they call me futureman.</Msg><Username>mrpopcorna</Username><Timestamp>1358979753399</Timestamp><DateTime>Wed, 2013-01-23 17:22:33 EST</DateTime><ThumbUp>0</ThumbUp><ThumbDown>0</ThumbDown><Sentiment/></Message><Message type="TopicMessage"><Id>1358980160702-151</Id><Title>Not fair that GOOG goes down with AAPL..NFLX. To $150</Title><Msg>And higher....buy some SQQQ</Msg><Username>cybercash28</Username><Timestamp>1358980160702</Timestamp><DateTime>Wed, 2013-01-23 17:29:20 EST</DateTime><ThumbUp>0</ThumbUp><ThumbDown>0</ThumbDown><Sentiment/></Message><Message type="TopicMessage"><Id>1358980236902-152</Id><Title>Pin at 735 740. level thank you</Title><Msg>Very much</Msg><Username>mrpopcorna</Username><Timestamp>1358980236902</Timestamp><DateTime>Wed, 2013-01-23 17:30:36 EST</DateTime><ThumbUp>0</ThumbUp><ThumbDown>0</ThumbDown><Sentiment/></Message><Message type="ReplyMessage"><Id>1358982448438-153</Id><Topic><Title>NFLX killed it GOOG up Big time in the am</Title><Username>fmrmlbcatcher</Username><Timestamp>1358976249839</Timestamp><DateTime>Wed, 2013-01-23 16:24:09 EST</DateTime></Topic><Msg>Apple killed it as well. Imagine the Nasdaq reflecting on Apple's $50+ down in afterhours.</Msg><Username>pumpa_and_dumpa</Username><Timestamp>1358982448438</Timestamp><DateTime>Wed, 2013-01-23 18:07:28 EST</DateTime><ThumbUp>0</ThumbUp><ThumbDown>0</ThumbDown><Sentiment/></Message><Message type="TopicMessage"><Id>1358985723086-154</Id><Title>Cramer ,ices GOOG and FB</Title><Msg>Now....AAPL no longer a star. Any new invention???</Msg><Username>cybercash28</Username><Timestamp>1358985723086</Timestamp><DateTime>Wed, 2013-01-23 19:02:03 EST</DateTime><ThumbUp>0</ThumbUp><ThumbDown>0</ThumbDown><Sentiment/></Message><Message type="TopicMessage"><Id>1358986015490-155</Id><Title>HEY PUMPERZ</Title><Msg>ENJOY THE BLOOD BATH TOMORROW.</Msg><Username>delsol9999</Username><Timestamp>1358986015490</Timestamp><DateTime>Wed, 2013-01-23 19:06:55 EST</DateTime><ThumbUp>0</ThumbUp><ThumbDown>0</ThumbDown><Sentiment/></Message><Message type="ReplyMessage"><Id>1358986358091-156</Id><Topic><Title>Cramer ,ices GOOG and FB</Title><Username>cybercash28</Username><Timestamp>1358985723086</Timestamp><DateTime>Wed, 2013-01-23 19:02:03 EST</DateTime></Topic><Msg>Likes.. Maybe money will flow from AAPL to GOOG so GOOG can run up independent from AAPL.</Msg><Username>cybercash28</Username><Timestamp>1358986358091</Timestamp><DateTime>Wed, 2013-01-23 19:12:38 EST</DateTime><ThumbUp>0</ThumbUp><ThumbDown>0</ThumbDown><Sentiment/></Message><Message type="TopicMessage"><Id>1358986928097-157</Id><Title>Goog does half of Apple and shares go up</Title><Msg>so perverted....</Msg><Username>genesis_gekko</Username><Timestamp>1358986928097</Timestamp><DateTime>Wed, 2013-01-23 19:22:08 EST</DateTime><ThumbUp>2</ThumbUp><ThumbDown>0</ThumbDown><Sentiment/></Message><Message type="TopicMessage"><Id>1358988736668-158</Id><Title>AAPL spoils the party</Title><Msg>A good one . Down $10 from high. The question is what Catalyst will AAPL brings to the market? Logic says that GOOG should be independent from AAPL but traders do look at the index to make decision. Too bad.</Msg><Username>cybercash28</Username><Timestamp>1358988736668</Timestamp><DateTime>Wed, 2013-01-23 19:52:16 EST</DateTime><ThumbUp>0</ThumbUp><ThumbDown>0</ThumbDown><Sentiment/></Message><Message type="ReplyMessage"><Id>1358990293598-159</Id><Topic><Title>Cramer ,ices GOOG and FB</Title><Username>cybercash28</Username><Timestamp>1358985723086</Timestamp><DateTime>Wed, 2013-01-23 19:02:03 EST</DateTime></Topic><Msg>Is he kicking FB?</Msg><Username>alpala06</Username><Timestamp>1358990293598</Timestamp><DateTime>Wed, 2013-01-23 20:18:13 EST</DateTime><ThumbUp>0</ThumbUp><ThumbDown>0</ThumbDown><Sentiment/></Message><Message type="ReplyMessage"><Id>1358993252524-160</Id><Topic><Title>Not impressed, down we go</Title><Username>stkjk01</Username><Timestamp>1358915948270</Timestamp><DateTime>Tue, 2013-01-22 23:39:08 EST</DateTime></Topic><Msg>Nice call shorty. I guess if you really tried, you could convince yourself (and possibly your wife) that "Up $ 40.00" is the same thing as "Down $ 15.00"</Msg><Username>mardob55</Username><Timestamp>1358993252524</Timestamp><DateTime>Wed, 2013-01-23 21:07:32 EST</DateTime><ThumbUp>0</ThumbUp><ThumbDown>1</ThumbDown><Sentiment/></Message><Message type="TopicMessage"><Id>1358994029197-161</Id><Title>people across Goldman Sachs understand that the American bond market is in trouble. They are taking advantage of that knowledge to create and then bet against securities and then also to unload garbage investments on unsuspecting buyers.</Title><Msg>remember...</Msg><Username>zip_i_t_do_da</Username><Timestamp>1358994029197</Timestamp><DateTime>Wed, 2013-01-23 21:20:29 EST</DateTime><ThumbUp>0</ThumbUp><ThumbDown>1</ThumbDown><Sentiment>Strong Sell</Sentiment></Message><Message type="ReplyMessage"><Id>1358995135985-162</Id><Topic><Title>Take profit now... ordinary earnings, very hyped stock, destined to go below $500</Title><Username>A Yahoo! User</Username><Timestamp>1358963956392</Timestamp><DateTime>Wed, 2013-01-23 12:59:16 EST</DateTime></Topic><Msg>I see. thanksssssssssssssssssssssssssssss</Msg><Username>sun_cruise</Username><Timestamp>1358995135985</Timestamp><DateTime>Wed, 2013-01-23 21:38:55 EST</DateTime><ThumbUp>0</ThumbUp><ThumbDown>0</ThumbDown><Sentiment/></Message><Message type="ReplyMessage"><Id>1358998398655-163</Id><Topic><Title>Johnny Dirtbag "Movie Star" $$$ECRET$$$---What THEY don't want YOU to find out??????????</Title><Username>disgracedpublicist757</Username><Timestamp>1356210989988</Timestamp><DateTime>Sat, 2012-12-22 16:16:29 EST</DateTime></Topic><Msg>"No "Swag" for Kanye----NO WAY, NO HOW!!!!,,,,,,,,,,,Kim Kardashian... Chairperson "Ban Johnny Dirtbag "Movie Star" Coalition"</Msg><Username>disgracedpublicist757</Username><Timestamp>1358998398655</Timestamp><DateTime>Wed, 2013-01-23 22:33:18 EST</DateTime><ThumbUp>1</ThumbUp><ThumbDown>1</ThumbDown><Sentiment>Hold</Sentiment></Message><Message type="ReplyMessage"><Id>1359002353093-164</Id><Topic><Title>Goog does half of Apple and shares go up</Title><Username>genesis_gekko</Username><Timestamp>1358986928097</Timestamp><DateTime>Wed, 2013-01-23 19:22:08 EST</DateTime></Topic><Msg>The most amazing part is that this market is stretching into multi-year highs while AAPL has essentially collapsed. I think it's just a matter of time before the rest of the market catches up to reality.</Msg><Username>johnlukisretard</Username><Timestamp>1359002353093</Timestamp><DateTime>Wed, 2013-01-23 23:39:13 EST</DateTime><ThumbUp>1</ThumbUp><ThumbDown>0</ThumbDown><Sentiment/></Message></Date>