<?xml version="1.0" encoding="UTF-8" standalone="no"?><Date date="2013-06-05"><Message type="TopicMessage"><Id>1370429755166-1</Id><Title>Jan 2015 $900 calls sell for $94 vs Jan 2015 $865 calls sell for $115</Title><Msg>Jan 2014 $900 calls were $70 and are now $48...so, $22 profit there. Yesterday, I posted sell the Jan 2015 $865 calls for $115... Six of one or a half dozen of another......either way you pit over $100 in your pocket</Msg><Username>biglefthook_00</Username><Timestamp>1370429755166</Timestamp><DateTime>Wed, 2013-06-05 06:55:55 EDT</DateTime><ThumbUp>0</ThumbUp><ThumbDown>10</ThumbDown><Sentiment/></Message><Message type="TopicMessage"><Id>1370431691036-2</Id><Title>Holding $850 Today?</Title><Msg>Nope, I don't think so.</Msg><Username>frtgrdn21</Username><Timestamp>1370431691036</Timestamp><DateTime>Wed, 2013-06-05 07:28:11 EDT</DateTime><ThumbUp>0</ThumbUp><ThumbDown>0</ThumbDown><Sentiment/></Message><Message type="TopicMessage"><Id>1370435777123-3</Id><Title>MISM looks like it could see $1+ in the near future I</Title><Msg>MISM looks like a winner in my book. Im backing up the truck and loading up!</Msg><Username>carlosmccall242</Username><Timestamp>1370435777123</Timestamp><DateTime>Wed, 2013-06-05 08:36:17 EDT</DateTime><ThumbUp>1</ThumbUp><ThumbDown>2</ThumbDown><Sentiment/></Message><Message type="TopicMessage"><Id>1370435988291-4</Id><Title>to protect buy GOLD</Title><Msg>THX ME LATER</Msg><Username>sherry757583</Username><Timestamp>1370435988291</Timestamp><DateTime>Wed, 2013-06-05 08:39:48 EDT</DateTime><ThumbUp>0</ThumbUp><ThumbDown>1</ThumbDown><Sentiment>Strong Buy</Sentiment></Message><Message type="TopicMessage"><Id>1370436309785-5</Id><Title>markets are UP 15% since Jan 1...simple course of action</Title><Msg>HOLD your stock sell OUT OF THE MONEY - above market price COVERED CALLS - you own the stock for another 8 to 11%..tax deferred. Do not sell calls on AAPL...too undervalued at this time</Msg><Username>biglefthook_00</Username><Timestamp>1370436309785</Timestamp><DateTime>Wed, 2013-06-05 08:45:09 EDT</DateTime><ThumbUp>0</ThumbUp><ThumbDown>10</ThumbDown><Sentiment/></Message><Message type="ReplyMessage"><Id>1370439035994-6</Id><Topic><Title>Holding $850 Today?</Title><Username>frtgrdn21</Username><Timestamp>1370431691036</Timestamp><DateTime>Wed, 2013-06-05 07:28:11 EDT</DateTime></Topic><Msg>by close... likely yes... But intra-day... Likely no way!</Msg><Username>petorio.riffin</Username><Timestamp>1370439035994</Timestamp><DateTime>Wed, 2013-06-05 09:30:35 EDT</DateTime><ThumbUp>0</ThumbUp><ThumbDown>0</ThumbDown><Sentiment>Sell</Sentiment></Message><Message type="TopicMessage"><Id>1370439168478-7</Id><Title>Congratulation to all LONG, but it's time to add AONEQ stock to your stock profile because Apple announced that they will use AONEQ battery in their products. AONEQ STRONG BUY AT: barchart /opinions/stocks/AONEQ</Title><Msg>dsgsihgo8sy8gyo8sd8yg</Msg><Username>georgecarlin81</Username><Timestamp>1370439168478</Timestamp><DateTime>Wed, 2013-06-05 09:32:48 EDT</DateTime><ThumbUp>0</ThumbUp><ThumbDown>1</ThumbDown><Sentiment/></Message><Message type="TopicMessage"><Id>1370439530045-8</Id><Title>$875?</Title><Msg>goog might pin around $875 to day.</Msg><Username>aliakhtari2</Username><Timestamp>1370439530045</Timestamp><DateTime>Wed, 2013-06-05 09:38:50 EDT</DateTime><ThumbUp>0</ThumbUp><ThumbDown>0</ThumbDown><Sentiment/></Message><Message type="TopicMessage"><Id>1370439893187-9</Id><Title>Oh yeah</Title><Msg>back on track</Msg><Username>riley200834</Username><Timestamp>1370439893187</Timestamp><DateTime>Wed, 2013-06-05 09:44:53 EDT</DateTime><ThumbUp>0</ThumbUp><ThumbDown>0</ThumbDown><Sentiment/></Message><Message type="TopicMessage"><Id>1370440614972-10</Id><Title>SHORTS ARE NERVOUS</Title><Msg>$$$$&amp;</Msg><Username>greenegggs</Username><Timestamp>1370440614972</Timestamp><DateTime>Wed, 2013-06-05 09:56:54 EDT</DateTime><ThumbUp>0</ThumbUp><ThumbDown>0</ThumbDown><Sentiment/></Message><Message type="ReplyMessage"><Id>1370440636373-11</Id><Topic><Title>$875?</Title><Username>aliakhtari2</Username><Timestamp>1370439530045</Timestamp><DateTime>Wed, 2013-06-05 09:38:50 EDT</DateTime></Topic><Msg>882</Msg><Username>goodeyecharting</Username><Timestamp>1370440636373</Timestamp><DateTime>Wed, 2013-06-05 09:57:16 EDT</DateTime><ThumbUp>0</ThumbUp><ThumbDown>0</ThumbDown><Sentiment/></Message><Message type="TopicMessage"><Id>1370442387122-12</Id><Title>Watching LULU TSLA HAIN SODA today</Title><Msg>check it out</Msg><Username>jgiled</Username><Timestamp>1370442387122</Timestamp><DateTime>Wed, 2013-06-05 10:26:27 EDT</DateTime><ThumbUp>0</ThumbUp><ThumbDown>1</ThumbDown><Sentiment/></Message><Message type="TopicMessage"><Id>1370443246660-13</Id><Title>On Monday 6/10, Will AAPL Pop or Will Goog Pop?</Title><Msg>Of course, AAPL has their developer conference, but we have something bigger and better, box office receipts from The Intern....lol.</Msg><Username>chaolopez</Username><Timestamp>1370443246660</Timestamp><DateTime>Wed, 2013-06-05 10:40:46 EDT</DateTime><ThumbUp>0</ThumbUp><ThumbDown>0</ThumbDown><Sentiment/></Message><Message type="ReplyMessage"><Id>1370443864041-14</Id><Topic><Title>how many more down days</Title><Username>jthediesel</Username><Timestamp>1370364786358</Timestamp><DateTime>Tue, 2013-06-04 12:53:06 EDT</DateTime></Topic><Msg>As you should with play money and "Fake Bets"...</Msg><Username>chadwick_71</Username><Timestamp>1370443864041</Timestamp><DateTime>Wed, 2013-06-05 10:51:04 EDT</DateTime><ThumbUp>0</ThumbUp><ThumbDown>0</ThumbDown><Sentiment>Hold</Sentiment></Message><Message type="TopicMessage"><Id>1370444742416-15</Id><Title>up $6.85 from $862.50!</Title><Msg>Go GOOG! !! cuffs</Msg><Username>kingcuffs</Username><Timestamp>1370444742416</Timestamp><DateTime>Wed, 2013-06-05 11:05:42 EDT</DateTime><ThumbUp>0</ThumbUp><ThumbDown>0</ThumbDown><Sentiment/></Message><Message type="ReplyMessage"><Id>1370444861798-16</Id><Topic><Title>I bought GGOG at $81 I thought it was expensive....but now???</Title><Username>buffetmunger</Username><Timestamp>1369761248738</Timestamp><DateTime>Tue, 2013-05-28 13:14:08 EDT</DateTime></Topic><Msg>Liar the lowest price was $85.00 and that was the ipo! CUFFS</Msg><Username>kingcuffs</Username><Timestamp>1370444861798</Timestamp><DateTime>Wed, 2013-06-05 11:07:41 EDT</DateTime><ThumbUp>0</ThumbUp><ThumbDown>0</ThumbDown><Sentiment/></Message><Message type="ReplyMessage"><Id>1370444941021-17</Id><Topic><Title>how many more down days</Title><Username>jthediesel</Username><Timestamp>1370364786358</Timestamp><DateTime>Tue, 2013-06-04 12:53:06 EDT</DateTime></Topic><Msg>It dropped from $920.60 not $915.00! !!cuffs</Msg><Username>kingcuffs</Username><Timestamp>1370444941021</Timestamp><DateTime>Wed, 2013-06-05 11:09:01 EDT</DateTime><ThumbUp>0</ThumbUp><ThumbDown>0</ThumbDown><Sentiment/></Message><Message type="TopicMessage"><Id>1370445227843-18</Id><Title>Dow 15,000.00and lower!!!</Title><Msg>Is a strong chance this month.cuffs</Msg><Username>kingcuffs</Username><Timestamp>1370445227843</Timestamp><DateTime>Wed, 2013-06-05 11:13:47 EDT</DateTime><ThumbUp>0</ThumbUp><ThumbDown>0</ThumbDown><Sentiment/></Message><Message type="TopicMessage"><Id>1370445797876-19</Id><Title>MISM looks prime for a huge breakout</Title><Msg>Keep an eye on MSIM, A little birdie told me that this thing is about to get a huge awarness campaign.</Msg><Username>johnstond148</Username><Timestamp>1370445797876</Timestamp><DateTime>Wed, 2013-06-05 11:23:17 EDT</DateTime><ThumbUp>0</ThumbUp><ThumbDown>0</ThumbDown><Sentiment/></Message><Message type="TopicMessage"><Id>1370446380120-20</Id><Title>GOOG SHORTS ARE WEAK LOL. NO CONVICTION</Title><Msg>$$$&amp;</Msg><Username>greenegggs</Username><Timestamp>1370446380120</Timestamp><DateTime>Wed, 2013-06-05 11:33:00 EDT</DateTime><ThumbUp>0</ThumbUp><ThumbDown>0</ThumbDown><Sentiment/></Message><Message type="TopicMessage"><Id>1370446975599-21</Id><Title>RETAIL investors</Title><Msg>just watch your money every time market pops you can see HFT take the market down again Be very carful think twice before buying in to this market</Msg><Username>jgiled</Username><Timestamp>1370446975599</Timestamp><DateTime>Wed, 2013-06-05 11:42:55 EDT</DateTime><ThumbUp>0</ThumbUp><ThumbDown>1</ThumbDown><Sentiment/></Message><Message type="ReplyMessage"><Id>1370447927334-22</Id><Topic><Title>RETAIL investors</Title><Username>jgiled</Username><Timestamp>1370446975599</Timestamp><DateTime>Wed, 2013-06-05 11:42:55 EDT</DateTime></Topic><Msg>told you 12 pm program stared no humans here</Msg><Username>jgiled</Username><Timestamp>1370447927334</Timestamp><DateTime>Wed, 2013-06-05 11:58:47 EDT</DateTime><ThumbUp>0</ThumbUp><ThumbDown>1</ThumbDown><Sentiment/></Message><Message type="TopicMessage"><Id>1370448699704-23</Id><Title>Study the market how they trade</Title><Msg>how every move is orgenized watch how they move and when this is very well orginized this was in the books love how they trying confuse retail guys on TV like they know what they talking about</Msg><Username>jgiled</Username><Timestamp>1370448699704</Timestamp><DateTime>Wed, 2013-06-05 12:11:39 EDT</DateTime><ThumbUp>0</ThumbUp><ThumbDown>1</ThumbDown><Sentiment/></Message><Message type="TopicMessage"><Id>1370448699899-24</Id><Title>Coiled Spring</Title><Msg>Taking Cover</Msg><Username>goodeyecharting</Username><Timestamp>1370448699899</Timestamp><DateTime>Wed, 2013-06-05 12:11:39 EDT</DateTime><ThumbUp>0</ThumbUp><ThumbDown>0</ThumbDown><Sentiment/></Message><Message type="TopicMessage"><Id>1370448891511-25</Id><Title>The hype machine on TV and elsewhere in full gear to keep you in and LOSE. ...</Title><Msg>You listen to the TV hype guys and it is almost a laugh. Pure rationalizations. Its NOT even complicated. Markets up big for months. Bad news spun into good news. Japan bubble bursting. When will people EVER learn? Real Estate crashed when they said buy, Nasdaq 2000 dropped, Apple at 700 was a buy according to the hype guys, and gold at $1900 was a buy then but a sell when it was a few hundred. LEARN from this. Sell and take profits when you have them, FORGET ALL THE B+ S from Wall Street crew. Upside to markets SMALL if any at all, DOWNSIDE HUGE.IMO Its that simple. Greed and waiting against common sense makes you lose EVERY TIME.IMO Less</Msg><Username>beststockstoownnow</Username><Timestamp>1370448891511</Timestamp><DateTime>Wed, 2013-06-05 12:14:51 EDT</DateTime><ThumbUp>1</ThumbUp><ThumbDown>1</ThumbDown><Sentiment/></Message><Message type="ReplyMessage"><Id>1370449509558-26</Id><Topic><Title>Coiled Spring</Title><Username>goodeyecharting</Username><Timestamp>1370448699899</Timestamp><DateTime>Wed, 2013-06-05 12:11:39 EDT</DateTime></Topic><Msg>this stock has no business trading at these levels. nothing has changed in past 2 years to justify this run up at 25 PE. what happened to apple will certainly come this way. amazon is beyond reason, facebook unexplained ,and the grand daddy of them all netflif!!! what a dumb market.</Msg><Username>cincinatikid99</Username><Timestamp>1370449509558</Timestamp><DateTime>Wed, 2013-06-05 12:25:09 EDT</DateTime><ThumbUp>1</ThumbUp><ThumbDown>0</ThumbDown><Sentiment/></Message><Message type="TopicMessage"><Id>1370449591844-27</Id><Title>LONG UNG to 26</Title><Msg>good luck</Msg><Username>bos_nu</Username><Timestamp>1370449591844</Timestamp><DateTime>Wed, 2013-06-05 12:26:31 EDT</DateTime><ThumbUp>0</ThumbUp><ThumbDown>1</ThumbDown><Sentiment/></Message><Message type="ReplyMessage"><Id>1370451139801-28</Id><Topic><Title>RETAIL investors</Title><Username>jgiled</Username><Timestamp>1370446975599</Timestamp><DateTime>Wed, 2013-06-05 11:42:55 EDT</DateTime></Topic><Msg>Looks like just before 1PM another program stared every hour you have HFT program</Msg><Username>jgiled</Username><Timestamp>1370451139801</Timestamp><DateTime>Wed, 2013-06-05 12:52:19 EDT</DateTime><ThumbUp>0</ThumbUp><ThumbDown>1</ThumbDown><Sentiment/></Message><Message type="TopicMessage"><Id>1370452091445-29</Id><Title>AONEQ=if they offer you free AONEQ you paid too much</Title><Msg>I rather buy garbage</Msg><Username>aliakhtari2</Username><Timestamp>1370452091445</Timestamp><DateTime>Wed, 2013-06-05 13:08:11 EDT</DateTime><ThumbUp>0</ThumbUp><ThumbDown>0</ThumbDown><Sentiment/></Message><Message type="TopicMessage"><Id>1370452125051-30</Id><Title>Damage is done to the market</Title><Msg>retail will not come back agin not after watching news and seeing HFT are back in full force I knew this will happen and I told everybody that GREED will distroy this market Side line money wil be on side line for a very very long time</Msg><Username>jgiled</Username><Timestamp>1370452125051</Timestamp><DateTime>Wed, 2013-06-05 13:08:45 EDT</DateTime><ThumbUp>0</ThumbUp><ThumbDown>1</ThumbDown><Sentiment/></Message><Message type="ReplyMessage"><Id>1370452160309-31</Id><Topic><Title>Coiled Spring</Title><Username>goodeyecharting</Username><Timestamp>1370448699899</Timestamp><DateTime>Wed, 2013-06-05 12:11:39 EDT</DateTime></Topic><Msg>GOOG is eating apple, amazon, netflix, and next Samsung marketshare right in front of our eyes and getting away with it like happy go lucky children. What's not to like, oh that's right, Facebook. What's the PE on that atrocity now these days. It's all about the future. Google is the future. That's the bottom line</Msg><Username>goodeyecharting</Username><Timestamp>1370452160309</Timestamp><DateTime>Wed, 2013-06-05 13:09:20 EDT</DateTime><ThumbUp>0</ThumbUp><ThumbDown>0</ThumbDown><Sentiment>Buy</Sentiment></Message><Message type="ReplyMessage"><Id>1370452531645-32</Id><Topic><Title>Coiled Spring</Title><Username>goodeyecharting</Username><Timestamp>1370448699899</Timestamp><DateTime>Wed, 2013-06-05 12:11:39 EDT</DateTime></Topic><Msg>It looks like Google needs the overall market to improve today in order for it to take off. It is probably good to bottom fish it while observing QQQ and Nasdaq levels. My opinion is around 2pm we will see it pop along with the overall market. 1pm is probably better opportunity to acquire it long. Basically, Google is being held down by the systemic factors. (Overall market down is causing it not to pop.) Just my opinion</Msg><Username>petorio.riffin</Username><Timestamp>1370452531645</Timestamp><DateTime>Wed, 2013-06-05 13:15:31 EDT</DateTime><ThumbUp>0</ThumbUp><ThumbDown>0</ThumbDown><Sentiment>Buy</Sentiment></Message><Message type="ReplyMessage"><Id>1370452798814-33</Id><Topic><Title>Coiled Spring</Title><Username>goodeyecharting</Username><Timestamp>1370448699899</Timestamp><DateTime>Wed, 2013-06-05 12:11:39 EDT</DateTime></Topic><Msg>Looks like sellers dry up under $860. Even if it breaks below, there appear to be plenty of buyers that want to step up and buy.</Msg><Username>tech_stock_technician</Username><Timestamp>1370452798814</Timestamp><DateTime>Wed, 2013-06-05 13:19:58 EDT</DateTime><ThumbUp>0</ThumbUp><ThumbDown>0</ThumbDown><Sentiment/></Message><Message type="TopicMessage"><Id>1370453152085-34</Id><Title>sell GOG buy SOL - easy double</Title><Msg>in one month</Msg><Username>drhollars</Username><Timestamp>1370453152085</Timestamp><DateTime>Wed, 2013-06-05 13:25:52 EDT</DateTime><ThumbUp>0</ThumbUp><ThumbDown>0</ThumbDown><Sentiment/></Message><Message type="TopicMessage"><Id>1370454168938-35</Id><Title>yahoo boards shutting down</Title><Msg>QQQ now QLD... just a matter of time to execute on their promise to kill the boards. Stupid stupid move, yahoo.</Msg><Username>another_brick_wall</Username><Timestamp>1370454168938</Timestamp><DateTime>Wed, 2013-06-05 13:42:48 EDT</DateTime><ThumbUp>0</ThumbUp><ThumbDown>0</ThumbDown><Sentiment/></Message><Message type="TopicMessage"><Id>1370454439188-36</Id><Title>Google uses technology to target conservatives--Obama cronies(AP)</Title><Msg>finally!!!!! It' all came out today.</Msg><Username>doctor.ho38</Username><Timestamp>1370454439188</Timestamp><DateTime>Wed, 2013-06-05 13:47:19 EDT</DateTime><ThumbUp>0</ThumbUp><ThumbDown>1</ThumbDown><Sentiment/></Message><Message type="ReplyMessage"><Id>1370455692163-37</Id><Topic><Title>Damage is done to the market</Title><Username>jgiled</Username><Timestamp>1370452125051</Timestamp><DateTime>Wed, 2013-06-05 13:08:45 EDT</DateTime></Topic><Msg>2:06pm another H.FT hit</Msg><Username>jgiled</Username><Timestamp>1370455692163</Timestamp><DateTime>Wed, 2013-06-05 14:08:12 EDT</DateTime><ThumbUp>0</ThumbUp><ThumbDown>1</ThumbDown><Sentiment/></Message><Message type="TopicMessage"><Id>1370457294597-38</Id><Title>Just like the old days !!!! 2:30PM program</Title><Msg>check the history this always happend in bear market</Msg><Username>jgiled</Username><Timestamp>1370457294597</Timestamp><DateTime>Wed, 2013-06-05 14:34:54 EDT</DateTime><ThumbUp>0</ThumbUp><ThumbDown>1</ThumbDown><Sentiment/></Message><Message type="ReplyMessage"><Id>1370458167233-39</Id><Topic><Title>Coiled Spring</Title><Username>goodeyecharting</Username><Timestamp>1370448699899</Timestamp><DateTime>Wed, 2013-06-05 12:11:39 EDT</DateTime></Topic><Msg>Haven't you heard? Google glass is going to change the world! It comes in all kinds of funky colors. Teenagers will be all over it!</Msg><Username>nvc_invstr</Username><Timestamp>1370458167233</Timestamp><DateTime>Wed, 2013-06-05 14:49:27 EDT</DateTime><ThumbUp>0</ThumbUp><ThumbDown>0</ThumbDown><Sentiment/></Message><Message type="TopicMessage"><Id>1370458539823-40</Id><Title>Watch 3PM program start again soon</Title><Msg>on the clock</Msg><Username>jgiled</Username><Timestamp>1370458539823</Timestamp><DateTime>Wed, 2013-06-05 14:55:39 EDT</DateTime><ThumbUp>0</ThumbUp><ThumbDown>1</ThumbDown><Sentiment/></Message><Message type="ReplyMessage"><Id>1370458747700-41</Id><Topic><Title>Watch 3PM program start again soon</Title><Username>jgiled</Username><Timestamp>1370458539823</Timestamp><DateTime>Wed, 2013-06-05 14:55:39 EDT</DateTime></Topic><Msg>fallowed by 2 more at 3;30 and 3:45</Msg><Username>jgiled</Username><Timestamp>1370458747700</Timestamp><DateTime>Wed, 2013-06-05 14:59:07 EDT</DateTime><ThumbUp>0</ThumbUp><ThumbDown>1</ThumbDown><Sentiment/></Message><Message type="TopicMessage"><Id>1370458905054-42</Id><Title>Major support at $844</Title><Msg>The previous breakout high provides major support at $844. If it holds, then it should continue higher. Unfortunately, next major support is $775. Hopefully this is not another AAPL story.</Msg><Username>tech_stock_technician</Username><Timestamp>1370458905054</Timestamp><DateTime>Wed, 2013-06-05 15:01:45 EDT</DateTime><ThumbUp>0</ThumbUp><ThumbDown>0</ThumbDown><Sentiment/></Message><Message type="TopicMessage"><Id>1370459103207-43</Id><Title>green while dow is down 200</Title><Msg>says it all get in and get on bilderbergs side</Msg><Username>cwtripps</Username><Timestamp>1370459103207</Timestamp><DateTime>Wed, 2013-06-05 15:05:03 EDT</DateTime><ThumbUp>0</ThumbUp><ThumbDown>0</ThumbDown><Sentiment/></Message><Message type="ReplyMessage"><Id>1370459362508-44</Id><Topic><Title>Major support at $844</Title><Username>tech_stock_technician</Username><Timestamp>1370458905054</Timestamp><DateTime>Wed, 2013-06-05 15:01:45 EDT</DateTime></Topic><Msg>You mean 834... not 844 (and by no means is it major)</Msg><Username>chadwick_71</Username><Timestamp>1370459362508</Timestamp><DateTime>Wed, 2013-06-05 15:09:22 EDT</DateTime><ThumbUp>0</ThumbUp><ThumbDown>0</ThumbDown><Sentiment>Hold</Sentiment></Message><Message type="TopicMessage"><Id>1370459405836-45</Id><Title>$859 now. Retail GOOG Sellers Are About To Get Badly Fried!</Title><Msg>I know trading (15 years worth), and I know investing (35 years worth). What generally happens next in this situation is that new highs for GOOG will come much sooner than anybody expects. $1200.00 is not unrealistic but then, those who sell at $1200.00 are still taking a #$%$-shoot".</Msg><Username>rogerdonna_1988</Username><Timestamp>1370459405836</Timestamp><DateTime>Wed, 2013-06-05 15:10:05 EDT</DateTime><ThumbUp>0</ThumbUp><ThumbDown>0</ThumbDown><Sentiment>Buy</Sentiment></Message><Message type="ReplyMessage"><Id>1370459946944-46</Id><Topic><Title>Major support at $844</Title><Username>tech_stock_technician</Username><Timestamp>1370458905054</Timestamp><DateTime>Wed, 2013-06-05 15:01:45 EDT</DateTime></Topic><Msg>No actually I mean $844. Not just a number pulled out of a hat. Go back to Technical Analysis 101 class. On May 3rd, it broke above the previous high of $844 that was set on March 6th. Any time there is a break-out above a previous long-term high, that level presents signifcant support. Buyers who missed the move from $844 to $920 want to get in. Not rocket science.</Msg><Username>tech_stock_technician</Username><Timestamp>1370459946944</Timestamp><DateTime>Wed, 2013-06-05 15:19:06 EDT</DateTime><ThumbUp>0</ThumbUp><ThumbDown>0</ThumbDown><Sentiment/></Message><Message type="ReplyMessage"><Id>1370460419396-47</Id><Topic><Title>14k in 48 HOURs</Title><Username>tovy111</Username><Timestamp>1363577451326</Timestamp><DateTime>Sun, 2013-03-17 23:30:51 EDT</DateTime></Topic><Msg>i can't believe i made over 4,000 today just cause i signed up with them</Msg><Username>stockbanker</Username><Timestamp>1370460419396</Timestamp><DateTime>Wed, 2013-06-05 15:26:59 EDT</DateTime><ThumbUp>0</ThumbUp><ThumbDown>0</ThumbDown><Sentiment/></Message><Message type="ReplyMessage"><Id>1370460687772-48</Id><Topic><Title>$859 now. Retail GOOG Sellers Are About To Get Badly Fried!</Title><Username>rogerdonna_1988</Username><Timestamp>1370459405836</Timestamp><DateTime>Wed, 2013-06-05 15:10:05 EDT</DateTime></Topic><Msg>Oh Please- Take your stinky hype and go away, GOOG will follow the market down at least 10%, then maybe it will be a buy, even then $1000 or so will be a 1 year top.. Gezzzzz...I get tired of you sick pumpers....</Msg><Username>climbingup123</Username><Timestamp>1370460687772</Timestamp><DateTime>Wed, 2013-06-05 15:31:27 EDT</DateTime><ThumbUp>0</ThumbUp><ThumbDown>1</ThumbDown><Sentiment>Hold</Sentiment></Message><Message type="ReplyMessage"><Id>1370460690542-49</Id><Topic><Title>made 45k Trading GOOG</Title><Username>man_stock</Username><Timestamp>1364489226084</Timestamp><DateTime>Thu, 2013-03-28 12:47:06 EDT</DateTime></Topic><Msg>i made 30k with them just last week</Msg><Username>stockbanker</Username><Timestamp>1370460690542</Timestamp><DateTime>Wed, 2013-06-05 15:31:30 EDT</DateTime><ThumbUp>0</ThumbUp><ThumbDown>1</ThumbDown><Sentiment/></Message><Message type="ReplyMessage"><Id>1370460995344-50</Id><Topic><Title>GOOG going down to the ground??</Title><Username>stockmr</Username><Timestamp>1366309347290</Timestamp><DateTime>Thu, 2013-04-18 14:22:27 EDT</DateTime></Topic><Msg>QWDS</Msg><Username>stockbanker</Username><Timestamp>1370460995344</Timestamp><DateTime>Wed, 2013-06-05 15:36:35 EDT</DateTime><ThumbUp>0</ThumbUp><ThumbDown>0</ThumbDown><Sentiment/></Message><Message type="ReplyMessage"><Id>1370461180371-51</Id><Topic><Title>Coiled Spring</Title><Username>goodeyecharting</Username><Timestamp>1370448699899</Timestamp><DateTime>Wed, 2013-06-05 12:11:39 EDT</DateTime></Topic><Msg>looks ripe to me here. plus bilderburg backed</Msg><Username>cwtripps</Username><Timestamp>1370461180371</Timestamp><DateTime>Wed, 2013-06-05 15:39:40 EDT</DateTime><ThumbUp>0</ThumbUp><ThumbDown>0</ThumbDown><Sentiment/></Message><Message type="ReplyMessage"><Id>1370461239453-52</Id><Topic><Title>Coiled Spring</Title><Username>goodeyecharting</Username><Timestamp>1370448699899</Timestamp><DateTime>Wed, 2013-06-05 12:11:39 EDT</DateTime></Topic><Msg>Google makes most of it's money as an ad server, so it doesn't matter what the technology is. Google's competitors are the opposite: they create cool technologies, and try to serve their own ads. They would make more money serving Google ads, but they can't pay their competitor. Google competition is stuck in the mud.</Msg><Username>therulersupreme</Username><Timestamp>1370461239453</Timestamp><DateTime>Wed, 2013-06-05 15:40:39 EDT</DateTime><ThumbUp>0</ThumbUp><ThumbDown>0</ThumbDown><Sentiment/></Message><Message type="TopicMessage"><Id>1370469587875-53</Id><Title>That turkey on Fast Money says hes looking to buy GOOG $815-$830. He can forget about $815 unless market meltdown</Title><Msg>GOOG is still vey hot!</Msg><Username>greenegggs</Username><Timestamp>1370469587875</Timestamp><DateTime>Wed, 2013-06-05 17:59:47 EDT</DateTime><ThumbUp>0</ThumbUp><ThumbDown>0</ThumbDown><Sentiment>Buy</Sentiment></Message><Message type="ReplyMessage"><Id>1370469682713-54</Id><Topic><Title>That turkey on Fast Money says hes looking to buy GOOG $815-$830. He can forget about $815 unless market meltdown</Title><Username>greenegggs</Username><Timestamp>1370469587875</Timestamp><DateTime>Wed, 2013-06-05 17:59:47 EDT</DateTime></Topic><Msg>Btw, he said if it doesn't go that low, he will buy at $875. At least he has a little sense.</Msg><Username>greenegggs</Username><Timestamp>1370469682713</Timestamp><DateTime>Wed, 2013-06-05 18:01:22 EDT</DateTime><ThumbUp>0</ThumbUp><ThumbDown>0</ThumbDown><Sentiment/></Message><Message type="ReplyMessage"><Id>1370471638379-55</Id><Topic><Title>Damage is done to the market</Title><Username>jgiled</Username><Timestamp>1370452125051</Timestamp><DateTime>Wed, 2013-06-05 13:08:45 EDT</DateTime></Topic><Msg>HFT messes up the traders, more people will become value investors. Probably, little overall change to market volume. However, volatility of the market may increase.</Msg><Username>chaolopez</Username><Timestamp>1370471638379</Timestamp><DateTime>Wed, 2013-06-05 18:33:58 EDT</DateTime><ThumbUp>0</ThumbUp><ThumbDown>0</ThumbDown><Sentiment/></Message><Message type="ReplyMessage"><Id>1370479707847-56</Id><Topic><Title>SAPX-FASTEN YOUR SEAT BELT</Title><Username>vogok11</Username><Timestamp>1365101960745</Timestamp><DateTime>Thu, 2013-04-04 14:59:20 EDT</DateTime></Topic><Msg>It may be in for one huge bounce. We'll see.</Msg><Username>in_spite_of_it_all</Username><Timestamp>1370479707847</Timestamp><DateTime>Wed, 2013-06-05 20:48:27 EDT</DateTime><ThumbUp>0</ThumbUp><ThumbDown>0</ThumbDown><Sentiment/></Message><Message type="ReplyMessage"><Id>1370481255899-57</Id><Topic><Title>GOOGLE going for that $1,000 break this week?</Title><Username>stockpro6</Username><Timestamp>1368919728124</Timestamp><DateTime>Sat, 2013-05-18 19:28:48 EDT</DateTime></Topic><Msg>another spam post!</Msg><Username>dividendmonkey</Username><Timestamp>1370481255899</Timestamp><DateTime>Wed, 2013-06-05 21:14:15 EDT</DateTime><ThumbUp>1</ThumbUp><ThumbDown>0</ThumbDown><Sentiment/></Message><Message type="ReplyMessage"><Id>1370481398544-58</Id><Topic><Title>sell GOG buy SOL - easy double</Title><Username>drhollars</Username><Timestamp>1370453152085</Timestamp><DateTime>Wed, 2013-06-05 13:25:52 EDT</DateTime></Topic><Msg>these stocks are not even related</Msg><Username>dividendmonkey</Username><Timestamp>1370481398544</Timestamp><DateTime>Wed, 2013-06-05 21:16:38 EDT</DateTime><ThumbUp>0</ThumbUp><ThumbDown>0</ThumbDown><Sentiment/></Message><Message type="ReplyMessage"><Id>1370488510293-59</Id><Topic><Title>Damage is done to the market</Title><Username>jgiled</Username><Timestamp>1370452125051</Timestamp><DateTime>Wed, 2013-06-05 13:08:45 EDT</DateTime></Topic><Msg>you didn't mind when HFT took google from $765 to $915. Why now?</Msg><Username>loop_around</Username><Timestamp>1370488510293</Timestamp><DateTime>Wed, 2013-06-05 23:15:10 EDT</DateTime><ThumbUp>0</ThumbUp><ThumbDown>0</ThumbDown><Sentiment/></Message></Date>