<?xml version="1.0" encoding="UTF-8" standalone="no"?><Date date="2013-01-02"><Message type="ReplyMessage"><Id>1357132408030-1</Id><Topic><Title>Every and each trader it is an apt time to tow up your GOOG profits</Title><Username>valenzuelafannie84</Username><Timestamp>1354198527691</Timestamp><DateTime>Thu, 2012-11-29 09:15:27 EST</DateTime></Topic><Msg>Thank you</Msg><Username>jackwhite565</Username><Timestamp>1357132408030</Timestamp><DateTime>Wed, 2013-01-02 08:13:28 EST</DateTime><ThumbUp>0</ThumbUp><ThumbDown>0</ThumbDown><Sentiment/></Message><Message type="TopicMessage"><Id>1357133442275-2</Id><Title>GOOG up $50 today</Title><Msg>On the news . I will sell sometime today</Msg><Username>riley200834</Username><Timestamp>1357133442275</Timestamp><DateTime>Wed, 2013-01-02 08:30:42 EST</DateTime><ThumbUp>0</ThumbUp><ThumbDown>0</ThumbDown><Sentiment/></Message><Message type="TopicMessage"><Id>1357133599390-3</Id><Title>Already UP 10 in premarket</Title><Msg>I love America</Msg><Username>riley200834</Username><Timestamp>1357133599390</Timestamp><DateTime>Wed, 2013-01-02 08:33:19 EST</DateTime><ThumbUp>0</ThumbUp><ThumbDown>0</ThumbDown><Sentiment/></Message><Message type="TopicMessage"><Id>1357136616886-4</Id><Title>were gonna party like its 2012</Title><Msg>Im glad those POS's in washington came to their senses</Msg><Username>riley200834</Username><Timestamp>1357136616886</Timestamp><DateTime>Wed, 2013-01-02 09:23:36 EST</DateTime><ThumbUp>0</ThumbUp><ThumbDown>0</ThumbDown><Sentiment/></Message><Message type="TopicMessage"><Id>1357136957915-5</Id><Title>Up $13 now</Title><Msg>yeeeeehhaaaaaaaw. Shortie will be hurtin for certain</Msg><Username>riley200834</Username><Timestamp>1357136957915</Timestamp><DateTime>Wed, 2013-01-02 09:29:17 EST</DateTime><ThumbUp>0</ThumbUp><ThumbDown>0</ThumbDown><Sentiment/></Message><Message type="ReplyMessage"><Id>1357140441372-6</Id><Topic><Title>Johnny Dirtbag "Movie Star" $$$ECRET$$$---What THEY don't want YOU to find out??????????</Title><Username>disgracedpublicist757</Username><Timestamp>1356210989988</Timestamp><DateTime>Sat, 2012-12-22 16:16:29 EST</DateTime></Topic><Msg>"Wow-there'a shttload of dirt in this motha!"....The New York Times "Swimsuit Edition"</Msg><Username>disgracedpublicist757</Username><Timestamp>1357140441372</Timestamp><DateTime>Wed, 2013-01-02 10:27:21 EST</DateTime><ThumbUp>1</ThumbUp><ThumbDown>1</ThumbDown><Sentiment>Hold</Sentiment></Message><Message type="ReplyMessage"><Id>1357140896059-7</Id><Topic><Title>were gonna party like its 2012</Title><Username>riley200834</Username><Timestamp>1357136616886</Timestamp><DateTime>Wed, 2013-01-02 09:23:36 EST</DateTime></Topic><Msg>Party like it is 2013! Cuffs</Msg><Username>kingcuffs</Username><Timestamp>1357140896059</Timestamp><DateTime>Wed, 2013-01-02 10:34:56 EST</DateTime><ThumbUp>0</ThumbUp><ThumbDown>0</ThumbDown><Sentiment/></Message><Message type="ReplyMessage"><Id>1357141269578-8</Id><Topic><Title>Energy Focus, Inc. EFOI Should Squeeze back over 1.00 easy</Title><Username>wwzg</Username><Timestamp>1306417841000</Timestamp><DateTime>Thu, 2011-05-26 09:50:41 EDT</DateTime></Topic><Msg>Interesting</Msg><Username>soren025</Username><Timestamp>1357141269578</Timestamp><DateTime>Wed, 2013-01-02 10:41:09 EST</DateTime><ThumbUp>0</ThumbUp><ThumbDown>0</ThumbDown><Sentiment>Strong Buy</Sentiment></Message><Message type="TopicMessage"><Id>1357141498921-9</Id><Title>Gotta read this ***USGT NEWS***</Title><Msg>If USGT breaks .90 cents all hell will break loose. The Buying Frenzy and momentum could take it to $1.00-1.10 in a hurry. USGT Really is a diamond in the rough.</Msg><Username>burgess_christina611</Username><Timestamp>1357141498921</Timestamp><DateTime>Wed, 2013-01-02 10:44:58 EST</DateTime><ThumbUp>0</ThumbUp><ThumbDown>0</ThumbDown><Sentiment/></Message><Message type="TopicMessage"><Id>1357142001594-10</Id><Title>Watch for the drop under $719.45!!!</Title><Msg>Never chase a stock! Cuffs</Msg><Username>kingcuffs</Username><Timestamp>1357142001594</Timestamp><DateTime>Wed, 2013-01-02 10:53:21 EST</DateTime><ThumbUp>0</ThumbUp><ThumbDown>0</ThumbDown><Sentiment/></Message><Message type="TopicMessage"><Id>1357142469987-11</Id><Title>CERE Breakout underway!!!! Check beautiful reversal chart set up...CERE traded as high as 18 last year as IPO.</Title><Msg>CERE will fly soon......Buy now!! Check your charts and you'll see!!!!!</Msg><Username>reversejcurve6678</Username><Timestamp>1357142469987</Timestamp><DateTime>Wed, 2013-01-02 11:01:09 EST</DateTime><ThumbUp>0</ThumbUp><ThumbDown>0</ThumbDown><Sentiment/></Message><Message type="ReplyMessage"><Id>1357142933937-12</Id><Topic><Title>CERE Breakout underway!!!! Check beautiful reversal chart set up...CERE traded as high as 18 last year as IPO.</Title><Username>reversejcurve6678</Username><Timestamp>1357142469987</Timestamp><DateTime>Wed, 2013-01-02 11:01:09 EST</DateTime></Topic><Msg>Huge move ahead for CERE!!! Check charts!!!</Msg><Username>reversejcurve6678</Username><Timestamp>1357142933937</Timestamp><DateTime>Wed, 2013-01-02 11:08:53 EST</DateTime><ThumbUp>0</ThumbUp><ThumbDown>0</ThumbDown><Sentiment/></Message><Message type="ReplyMessage"><Id>1357143260155-13</Id><Topic><Title>CERE Breakout underway!!!! Check beautiful reversal chart set up...CERE traded as high as 18 last year as IPO.</Title><Username>reversejcurve6678</Username><Timestamp>1357142469987</Timestamp><DateTime>Wed, 2013-01-02 11:01:09 EST</DateTime></Topic><Msg>Buy CERE now...8+ is coming.</Msg><Username>reversejcurve6678</Username><Timestamp>1357143260155</Timestamp><DateTime>Wed, 2013-01-02 11:14:20 EST</DateTime><ThumbUp>0</ThumbUp><ThumbDown>0</ThumbDown><Sentiment/></Message><Message type="ReplyMessage"><Id>1357143301844-14</Id><Topic><Title>CERE Breakout underway!!!! Check beautiful reversal chart set up...CERE traded as high as 18 last year as IPO.</Title><Username>reversejcurve6678</Username><Timestamp>1357142469987</Timestamp><DateTime>Wed, 2013-01-02 11:01:09 EST</DateTime></Topic><Msg>Buy CERE now...8+ is coming!!!!</Msg><Username>reversejcurve6678</Username><Timestamp>1357143301844</Timestamp><DateTime>Wed, 2013-01-02 11:15:01 EST</DateTime><ThumbUp>0</ThumbUp><ThumbDown>0</ThumbDown><Sentiment/></Message><Message type="ReplyMessage"><Id>1357145326183-15</Id><Topic><Title>CERE Breakout underway!!!! Check beautiful reversal chart set up...CERE traded as high as 18 last year as IPO.</Title><Username>reversejcurve6678</Username><Timestamp>1357142469987</Timestamp><DateTime>Wed, 2013-01-02 11:01:09 EST</DateTime></Topic><Msg>Get in CERE now!!!</Msg><Username>reversejcurve6678</Username><Timestamp>1357145326183</Timestamp><DateTime>Wed, 2013-01-02 11:48:46 EST</DateTime><ThumbUp>0</ThumbUp><ThumbDown>0</ThumbDown><Sentiment/></Message><Message type="ReplyMessage"><Id>1357145397627-16</Id><Topic><Title>Very well written report, it's really worth reading.</Title><Username>perezandrea275</Username><Timestamp>1357144023665</Timestamp><DateTime>Wed, 2013-01-02 11:27:03 EST</DateTime></Topic><Msg>nice report.</Msg><Username>pricetom434</Username><Timestamp>1357145397627</Timestamp><DateTime>Wed, 2013-01-02 11:49:57 EST</DateTime><ThumbUp>0</ThumbUp><ThumbDown>2</ThumbDown><Sentiment>Buy</Sentiment></Message><Message type="TopicMessage"><Id>1357145416681-17</Id><Title>school security armed guards stock MOC MOC 1.73</Title><Msg>not sure if good dod dd imo</Msg><Username>mastercarpenter39</Username><Timestamp>1357145416681</Timestamp><DateTime>Wed, 2013-01-02 11:50:16 EST</DateTime><ThumbUp>0</ThumbUp><ThumbDown>0</ThumbDown><Sentiment/></Message><Message type="ReplyMessage"><Id>1357145802640-18</Id><Topic><Title>Very well written report, it's really worth reading.</Title><Username>perezandrea275</Username><Timestamp>1357144023665</Timestamp><DateTime>Wed, 2013-01-02 11:27:03 EST</DateTime></Topic><Msg>usefull info</Msg><Username>amberslynn</Username><Timestamp>1357145802640</Timestamp><DateTime>Wed, 2013-01-02 11:56:42 EST</DateTime><ThumbUp>0</ThumbUp><ThumbDown>2</ThumbDown><Sentiment/></Message><Message type="ReplyMessage"><Id>1357145950760-19</Id><Topic><Title>2013 report for GOOG released !</Title><Username>alonsobarksdale</Username><Timestamp>1357142251258</Timestamp><DateTime>Wed, 2013-01-02 10:57:31 EST</DateTime></Topic><Msg>usefull info</Msg><Username>amberslynn</Username><Timestamp>1357145950760</Timestamp><DateTime>Wed, 2013-01-02 11:59:10 EST</DateTime><ThumbUp>0</ThumbUp><ThumbDown>0</ThumbDown><Sentiment/></Message><Message type="ReplyMessage"><Id>1357148010793-20</Id><Topic><Title>XSNX UP, UP AND UP. LOOK AT THE CHART. LIKE 2 YEARS AGO ???</Title><Username>mhpully</Username><Timestamp>1199368517000</Timestamp><DateTime>Thu, 2008-01-03 08:55:17 EST</DateTime></Topic><Msg>Is it tough to own now? They will be moving to production of CIGS solar this year.</Msg><Username>profit_rocket_prophet</Username><Timestamp>1357148010793</Timestamp><DateTime>Wed, 2013-01-02 12:33:30 EST</DateTime><ThumbUp>0</ThumbUp><ThumbDown>0</ThumbDown><Sentiment/></Message><Message type="TopicMessage"><Id>1357150660940-21</Id><Title>---------------DNDN------------------</Title><Msg>what a nice pop</Msg><Username>jgiled</Username><Timestamp>1357150660940</Timestamp><DateTime>Wed, 2013-01-02 13:17:40 EST</DateTime><ThumbUp>0</ThumbUp><ThumbDown>0</ThumbDown><Sentiment/></Message><Message type="ReplyMessage"><Id>1357152436301-22</Id><Topic><Title>CERE Breakout underway!!!! Check beautiful reversal chart set up...CERE traded as high as 18 last year as IPO.</Title><Username>reversejcurve6678</Username><Timestamp>1357142469987</Timestamp><DateTime>Wed, 2013-01-02 11:01:09 EST</DateTime></Topic><Msg>Buy nwo!! CERE!!!</Msg><Username>reversejcurve6678</Username><Timestamp>1357152436301</Timestamp><DateTime>Wed, 2013-01-02 13:47:16 EST</DateTime><ThumbUp>0</ThumbUp><ThumbDown>0</ThumbDown><Sentiment/></Message><Message type="ReplyMessage"><Id>1357152448484-23</Id><Topic><Title>CERE Breakout underway!!!! Check beautiful reversal chart set up...CERE traded as high as 18 last year as IPO.</Title><Username>reversejcurve6678</Username><Timestamp>1357142469987</Timestamp><DateTime>Wed, 2013-01-02 11:01:09 EST</DateTime></Topic><Msg>Buy Now!!! CERE!</Msg><Username>reversejcurve6678</Username><Timestamp>1357152448484</Timestamp><DateTime>Wed, 2013-01-02 13:47:28 EST</DateTime><ThumbUp>0</ThumbUp><ThumbDown>0</ThumbDown><Sentiment/></Message><Message type="ReplyMessage"><Id>1357152513913-24</Id><Topic><Title>Still a Bull</Title><Username>evieluongo364</Username><Timestamp>1322459829000</Timestamp><DateTime>Mon, 2011-11-28 00:57:09 EST</DateTime></Topic><Msg>I love your videos.</Msg><Username>winstenaubrey</Username><Timestamp>1357152513913</Timestamp><DateTime>Wed, 2013-01-02 13:48:33 EST</DateTime><ThumbUp>0</ThumbUp><ThumbDown>0</ThumbDown><Sentiment/></Message><Message type="TopicMessage"><Id>1357152716318-25</Id><Title>Would buy lower than $718.00! !!</Title><Msg>This stock like others is only up due to it being the first buying day of 2013. It will go lower than $718.00 . Cuffs</Msg><Username>kingcuffs</Username><Timestamp>1357152716318</Timestamp><DateTime>Wed, 2013-01-02 13:51:56 EST</DateTime><ThumbUp>0</ThumbUp><ThumbDown>0</ThumbDown><Sentiment/></Message><Message type="ReplyMessage"><Id>1357153878000-26</Id><Topic><Title>Would buy lower than $718.00! !!</Title><Username>kingcuffs</Username><Timestamp>1357152716318</Timestamp><DateTime>Wed, 2013-01-02 13:51:56 EST</DateTime></Topic><Msg>Oppenheimer just cut GOOG pt. Check out Street Insider</Msg><Username>theearningstrader</Username><Timestamp>1357153878000</Timestamp><DateTime>Wed, 2013-01-02 14:11:18 EST</DateTime><ThumbUp>0</ThumbUp><ThumbDown>0</ThumbDown><Sentiment/></Message><Message type="ReplyMessage"><Id>1357157204746-27</Id><Topic><Title>CERE Breakout underway!!!! Check beautiful reversal chart set up...CERE traded as high as 18 last year as IPO.</Title><Username>reversejcurve6678</Username><Timestamp>1357142469987</Timestamp><DateTime>Wed, 2013-01-02 11:01:09 EST</DateTime></Topic><Msg>Buy CERE into the close.</Msg><Username>reversejcurve6678</Username><Timestamp>1357157204746</Timestamp><DateTime>Wed, 2013-01-02 15:06:44 EST</DateTime><ThumbUp>0</ThumbUp><ThumbDown>0</ThumbDown><Sentiment/></Message><Message type="TopicMessage"><Id>1357157824193-28</Id><Title>Google...WindowsPhone...YouTube....AntiTrust....</Title><Msg>Verdict....GUILTY AS CHARGED....</Msg><Username>fattymcbutterpants2001</Username><Timestamp>1357157824193</Timestamp><DateTime>Wed, 2013-01-02 15:17:04 EST</DateTime><ThumbUp>0</ThumbUp><ThumbDown>1</ThumbDown><Sentiment/></Message><Message type="TopicMessage"><Id>1357161588977-29</Id><Title>They will need to bring down GOOG hard and fast</Title><Msg>if max pain for Jan truly is $660... Anyone able to pin down a better max pain without all the outlyers?</Msg><Username>dndn_man</Username><Timestamp>1357161588977</Timestamp><DateTime>Wed, 2013-01-02 16:19:48 EST</DateTime><ThumbUp>0</ThumbUp><ThumbDown>0</ThumbDown><Sentiment/></Message><Message type="ReplyMessage"><Id>1357162474089-30</Id><Topic><Title>Very well written report, it's really worth reading.</Title><Username>perezandrea275</Username><Timestamp>1357144023665</Timestamp><DateTime>Wed, 2013-01-02 11:27:03 EST</DateTime></Topic><Msg>Spam</Msg><Username>couponpete</Username><Timestamp>1357162474089</Timestamp><DateTime>Wed, 2013-01-02 16:34:34 EST</DateTime><ThumbUp>0</ThumbUp><ThumbDown>1</ThumbDown><Sentiment/></Message><Message type="ReplyMessage"><Id>1357165761128-31</Id><Topic><Title>They will need to bring down GOOG hard and fast</Title><Username>dndn_man</Username><Timestamp>1357161588977</Timestamp><DateTime>Wed, 2013-01-02 16:19:48 EST</DateTime></Topic><Msg>660? I see 710 reported as current Jan max pain. Where the hell ru looking?</Msg><Username>algaebb</Username><Timestamp>1357165761128</Timestamp><DateTime>Wed, 2013-01-02 17:29:21 EST</DateTime><ThumbUp>0</ThumbUp><ThumbDown>0</ThumbDown><Sentiment>Hold</Sentiment></Message><Message type="ReplyMessage"><Id>1357165979665-32</Id><Topic><Title>Very well written report, it's really worth reading.</Title><Username>perezandrea275</Username><Timestamp>1357144023665</Timestamp><DateTime>Wed, 2013-01-02 11:27:03 EST</DateTime></Topic><Msg>nice report.</Msg><Username>pricetom434</Username><Timestamp>1357165979665</Timestamp><DateTime>Wed, 2013-01-02 17:32:59 EST</DateTime><ThumbUp>0</ThumbUp><ThumbDown>2</ThumbDown><Sentiment>Buy</Sentiment></Message><Message type="ReplyMessage"><Id>1357166112357-33</Id><Topic><Title>2013 report for GOOG released !</Title><Username>alonsobarksdale</Username><Timestamp>1357142251258</Timestamp><DateTime>Wed, 2013-01-02 10:57:31 EST</DateTime></Topic><Msg>nice report.</Msg><Username>pricetom434</Username><Timestamp>1357166112357</Timestamp><DateTime>Wed, 2013-01-02 17:35:12 EST</DateTime><ThumbUp>0</ThumbUp><ThumbDown>0</ThumbDown><Sentiment>Buy</Sentiment></Message><Message type="TopicMessage"><Id>1357176764447-34</Id><Title>(FOGC) .0001</Title><Msg>Fortune........</Msg><Username>free2fight13</Username><Timestamp>1357176764447</Timestamp><DateTime>Wed, 2013-01-02 20:32:44 EST</DateTime><ThumbUp>0</ThumbUp><ThumbDown>0</ThumbDown><Sentiment>Strong Buy</Sentiment></Message><Message type="TopicMessage"><Id>1357178848471-35</Id><Title>Google Needs To Get In the Gun Business</Title><Msg>Cheap and they have great online distribution.</Msg><Username>niles.brinkley</Username><Timestamp>1357178848471</Timestamp><DateTime>Wed, 2013-01-02 21:07:28 EST</DateTime><ThumbUp>0</ThumbUp><ThumbDown>3</ThumbDown><Sentiment/></Message><Message type="ReplyMessage"><Id>1357180741094-36</Id><Topic><Title>XSNX UP, UP AND UP. LOOK AT THE CHART. LIKE 2 YEARS AGO ???</Title><Username>mhpully</Username><Timestamp>1199368517000</Timestamp><DateTime>Thu, 2008-01-03 08:55:17 EST</DateTime></Topic><Msg>Today about a 1/2 hour after noon I replied to a message that turns 5 years old tomorrow. I've connected a few dots. At google enter Robert G.Wendt linkedin for a search and find, Current Director at Solexant Solexant is a private company that has a website and has secured funding, the most recent about 40 million. I've read about the exec team at Solexant; a former President of JA Solar, another won a Wilson Prize at Harvard and is considered one of the world's preeminent researchers and innovators in nanotechnology and solar energy. At the XSNX website, under the sub-heading Company/Technical Expertise, Wendt is still playing a key role. You can find that Wendt spent eight years with Lockheed Marietta Astronautics, Denver Division. And you will find • Government Program Management: Developed program plans and program manager of a seven organizations development team (univ. and businesses) for a $28M DARPA Program for the development of thin film flexible solar cells. Simultaneously managed 2 NREL programs maintaining scope differentiation between concurrently funded government programs. (an FYI The National Renewable Energy Laboratory, NREL). You are free to connect the dots however you choose to do so or simply do nothing. What I think is Solexant is going to buyout XsunX, symbol XSNX. Note: as with any penny stock do not expect to be in at the very bottom. There may or may not be a significant pullback. In other words, never go all in.</Msg><Username>profit_rocket_prophet</Username><Timestamp>1357180741094</Timestamp><DateTime>Wed, 2013-01-02 21:39:01 EST</DateTime><ThumbUp>0</ThumbUp><ThumbDown>0</ThumbDown><Sentiment/></Message></Date>