<?xml version="1.0" encoding="UTF-8" standalone="no"?><Date date="2013-07-11"><Message type="ReplyMessage"><Id>1373516342632-1</Id><Topic><Title>Futures are going crazy.</Title><Username>no65limit</Username><Timestamp>1373507428747</Timestamp><DateTime>Wed, 2013-07-10 21:50:28 EDT</DateTime></Topic><Msg>at least 2%</Msg><Username>pruinvstr</Username><Timestamp>1373516342632</Timestamp><DateTime>Thu, 2013-07-11 00:19:02 EDT</DateTime><ThumbUp>0</ThumbUp><ThumbDown>0</ThumbDown><Sentiment>Strong Buy</Sentiment></Message><Message type="ReplyMessage"><Id>1373516842185-2</Id><Topic><Title>damn, i closed my 915 calls just before close today...</Title><Username>padakri</Username><Timestamp>1373510648002</Timestamp><DateTime>Wed, 2013-07-10 22:44:08 EDT</DateTime></Topic><Msg>Bad decision. Option premiums will go way up as we approach earnings, even with a flat stock price, due to high demand and the pending binary event.</Msg><Username>tagetlocman</Username><Timestamp>1373516842185</Timestamp><DateTime>Thu, 2013-07-11 00:27:22 EDT</DateTime><ThumbUp>0</ThumbUp><ThumbDown>0</ThumbDown><Sentiment>Strong Buy</Sentiment></Message><Message type="ReplyMessage"><Id>1373517845631-3</Id><Topic><Title>Futures are going crazy.</Title><Username>no65limit</Username><Timestamp>1373507428747</Timestamp><DateTime>Wed, 2013-07-10 21:50:28 EDT</DateTime></Topic><Msg>tomorrow could be a gap and trap ... would be 5 green days in a row with a blow off type of top feeling. The fed told us nothing new. Will be interesting to see how it plays out tomorrow</Msg><Username>kzoo_man2525</Username><Timestamp>1373517845631</Timestamp><DateTime>Thu, 2013-07-11 00:44:05 EDT</DateTime><ThumbUp>0</ThumbUp><ThumbDown>0</ThumbDown><Sentiment/></Message><Message type="ReplyMessage"><Id>1373524067474-4</Id><Topic><Title>EASY 75k year.. all you have to..</Title><Username>stockmr</Username><Timestamp>1366859241381</Timestamp><DateTime>Wed, 2013-04-24 23:07:21 EDT</DateTime></Topic><Msg>exciting opportunity</Msg><Username>jamestrotter18</Username><Timestamp>1373524067474</Timestamp><DateTime>Thu, 2013-07-11 02:27:47 EDT</DateTime><ThumbUp>0</ThumbUp><ThumbDown>0</ThumbDown><Sentiment/></Message><Message type="ReplyMessage"><Id>1373524491848-5</Id><Topic><Title>GOOG going down to the ground??</Title><Username>stockmr</Username><Timestamp>1366309347290</Timestamp><DateTime>Thu, 2013-04-18 14:22:27 EDT</DateTime></Topic><Msg>INRD</Msg><Username>jamestrotter18</Username><Timestamp>1373524491848</Timestamp><DateTime>Thu, 2013-07-11 02:34:51 EDT</DateTime><ThumbUp>0</ThumbUp><ThumbDown>1</ThumbDown><Sentiment/></Message><Message type="TopicMessage"><Id>1373529651798-6</Id><Title>559% Profit Growth, 6.1% Dividend Yield, Could Rapidly Double in Share Price!</Title><Msg>CCUR has grown operating income over the four most recent quarters from $0.187mm to $0.413mm to $0.876mm and to $1.233mm, for unbelievably HUGE twelve month growth of 559%! Even more incredible is how CCUR just increased its dividend by 100% and now pays a yield of 6.1%, the highest out of all profitable, debt-free, NASDAQ tech stocks! CCUR at its current price of $7.87 has an enterprise value/revenue ratio of only 0.74 and could rapidly double or triple in value! Major consolidation is beginning to take place in the pay-TV industry, with rumors swirling about the next cable TV operator to be acquired. CCUR is one of the top tech vendors serving pay-TV operators. CCUR is the video on demand (VOD) market share leader with a VOD reach of 50 million households. CCUR also holds the largest market share for start-over/look-back network DVR services. Plus, CCUR provides the leading Big Data Analytics solution used by pay-TV operators, with CCUR's technology tracking the behavior of 35 million pay-TV subscribers. CCUR also has new content delivery network (CDN) multi-screen video delivery solutions that were just deployed by Time Warner Cable and Virgin Media! ARRS was rumored to be interested in acquiring CCUR in the past and with industry consolidation gaining huge momentum, CCUR could become a top takeover target! While CCUR has been growing revenues, reducing operating expenses, improving gross margins, and reporting rapidly growing operating and net profits - its top two pay-TV technology rivals SEAC and HLIT have been reporting declining revenues and large losses! CCUR's gross margins last quarter of 59.1% well exceeded SEAC's margins of 53.7% and HLIT's margins of 45.4%, yet SEAC is trading with an enterprise value/revenue ratio of 1.74, which would value CCUR at $15.05 - and HLIT is trading with an enterprise value/revenue ratio of 1.04, which would value CCUR at $10.07. CCUR will be $15+ soon and is the biggest steal on Wall Street below $10!</Msg><Username>goodwe212</Username><Timestamp>1373529651798</Timestamp><DateTime>Thu, 2013-07-11 04:00:51 EDT</DateTime><ThumbUp>0</ThumbUp><ThumbDown>0</ThumbDown><Sentiment/></Message><Message type="ReplyMessage"><Id>1373534208835-7</Id><Topic><Title>Note to all smart Google engineers</Title><Username>vincent64</Username><Timestamp>1373511575026</Timestamp><DateTime>Wed, 2013-07-10 22:59:35 EDT</DateTime></Topic><Msg>We are also looking for reverse sponsors. Unlike traditional sponsorship, reverse sponsorship means that the sponsor incurs no cost. For details, google "reverse sponsoring".</Msg><Username>vincent64</Username><Timestamp>1373534208835</Timestamp><DateTime>Thu, 2013-07-11 05:16:48 EDT</DateTime><ThumbUp>0</ThumbUp><ThumbDown>1</ThumbDown><Sentiment/></Message><Message type="TopicMessage"><Id>1373539136860-8</Id><Title>$913.00 premarket!</Title><Msg>Zooming up. Cuffs</Msg><Username>kingcuffs</Username><Timestamp>1373539136860</Timestamp><DateTime>Thu, 2013-07-11 06:38:56 EDT</DateTime><ThumbUp>0</ThumbUp><ThumbDown>0</ThumbDown><Sentiment/></Message><Message type="TopicMessage"><Id>1373539352954-9</Id><Title>$914.00 +$8.01</Title><Msg>Go GOOGLE! CUFFS</Msg><Username>kingcuffs</Username><Timestamp>1373539352954</Timestamp><DateTime>Thu, 2013-07-11 06:42:32 EDT</DateTime><ThumbUp>0</ThumbUp><ThumbDown>0</ThumbDown><Sentiment/></Message><Message type="ReplyMessage"><Id>1373539605826-10</Id><Topic><Title>Note to all smart Google engineers</Title><Username>vincent64</Username><Timestamp>1373511575026</Timestamp><DateTime>Wed, 2013-07-10 22:59:35 EDT</DateTime></Topic><Msg>R(w*k)+(t/a)=P</Msg><Username>kingcuffs</Username><Timestamp>1373539605826</Timestamp><DateTime>Thu, 2013-07-11 06:46:45 EDT</DateTime><ThumbUp>0</ThumbUp><ThumbDown>0</ThumbDown><Sentiment/></Message><Message type="TopicMessage"><Id>1373541514479-11</Id><Title>Insiders lately</Title><Msg>dropping off tons of luggage. Berstein boating this float until when?</Msg><Username>slacytechtick</Username><Timestamp>1373541514479</Timestamp><DateTime>Thu, 2013-07-11 07:18:34 EDT</DateTime><ThumbUp>1</ThumbUp><ThumbDown>0</ThumbDown><Sentiment/></Message><Message type="TopicMessage"><Id>1373542249727-12</Id><Title>Here are the futures presently</Title><Msg>Dow (mini)... 15,370.00 127.00 +0.83% Nasdaq fut... 3,023.00 26.75 +0.89% 10-Year Bond 2.68</Msg><Username>biglefthook_00</Username><Timestamp>1373542249727</Timestamp><DateTime>Thu, 2013-07-11 07:30:49 EDT</DateTime><ThumbUp>0</ThumbUp><ThumbDown>6</ThumbDown><Sentiment/></Message><Message type="ReplyMessage"><Id>1373545076128-13</Id><Topic><Title>Here are the futures presently</Title><Username>biglefthook_00</Username><Timestamp>1373542249727</Timestamp><DateTime>Thu, 2013-07-11 07:30:49 EDT</DateTime></Topic><Msg>Feds are gonna keep the markets UP forever.</Msg><Username>riley200834</Username><Timestamp>1373545076128</Timestamp><DateTime>Thu, 2013-07-11 08:17:56 EDT</DateTime><ThumbUp>1</ThumbUp><ThumbDown>0</ThumbDown><Sentiment/></Message><Message type="TopicMessage"><Id>1373548148525-14</Id><Title>Moto X can be HUGE</Title><Msg>It has the potential of breaking the dominance of AAPL and Samsung and garnering 25% of the smartphone market. Exciting !</Msg><Username>abrachen1</Username><Timestamp>1373548148525</Timestamp><DateTime>Thu, 2013-07-11 09:09:08 EDT</DateTime><ThumbUp>4</ThumbUp><ThumbDown>0</ThumbDown><Sentiment>Strong Buy</Sentiment></Message><Message type="TopicMessage"><Id>1373550382512-15</Id><Title>the swirl is here u are missing SWRL SWRL 74 YOGURT cafe low low low float</Title><Msg>60% owned rmcf..............do dd</Msg><Username>mastercarpenter39</Username><Timestamp>1373550382512</Timestamp><DateTime>Thu, 2013-07-11 09:46:22 EDT</DateTime><ThumbUp>0</ThumbUp><ThumbDown>0</ThumbDown><Sentiment/></Message><Message type="TopicMessage"><Id>1373551228128-16</Id><Title>KNDI!! KNDI!! Reversal underway!! At major supprt!! I gave you USMD yesterday!! KNDI ready to reverse and explode higher!!</Title><Msg>7 dollars for KNDI in next two trading days!! Check charts!!</Msg><Username>reversejcurve0987</Username><Timestamp>1373551228128</Timestamp><DateTime>Thu, 2013-07-11 10:00:28 EDT</DateTime><ThumbUp>0</ThumbUp><ThumbDown>0</ThumbDown><Sentiment/></Message><Message type="TopicMessage"><Id>1373551360378-17</Id><Title>Bernanke is a Rock God</Title><Msg>he speaks...........................the markets go crazy. He makes Greenspan look like an amatuer</Msg><Username>riley200834</Username><Timestamp>1373551360378</Timestamp><DateTime>Thu, 2013-07-11 10:02:40 EDT</DateTime><ThumbUp>0</ThumbUp><ThumbDown>0</ThumbDown><Sentiment/></Message><Message type="TopicMessage"><Id>1373552074078-18</Id><Title>if you dont swirl it you girl it...................SWRL SWRL low float 74 yogurt cafes big earn today</Title><Msg>do ur dd on it</Msg><Username>mastercarpenter39</Username><Timestamp>1373552074078</Timestamp><DateTime>Thu, 2013-07-11 10:14:34 EDT</DateTime><ThumbUp>0</ThumbUp><ThumbDown>0</ThumbDown><Sentiment/></Message><Message type="TopicMessage"><Id>1373553263151-19</Id><Title>IBM ARMH: hot new SHORT candidate: good entry point today</Title><Msg>============================================================</Msg><Username>ngmike18</Username><Timestamp>1373553263151</Timestamp><DateTime>Thu, 2013-07-11 10:34:23 EDT</DateTime><ThumbUp>0</ThumbUp><ThumbDown>0</ThumbDown><Sentiment/></Message><Message type="TopicMessage"><Id>1373554237743-20</Id><Title>expected high range today $916.00-$920.40 today!</Title><Msg>Summer Rally continues as the Bulls get ready earnings.cuffs</Msg><Username>kingcuffs</Username><Timestamp>1373554237743</Timestamp><DateTime>Thu, 2013-07-11 10:50:37 EDT</DateTime><ThumbUp>0</ThumbUp><ThumbDown>1</ThumbDown><Sentiment/></Message><Message type="TopicMessage"><Id>1373554956386-21</Id><Title>pros will sell it down to 909s by eod</Title><Msg>because all the fed dependent reeetail reeetardz think they are good investors LOL</Msg><Username>bluesjamj</Username><Timestamp>1373554956386</Timestamp><DateTime>Thu, 2013-07-11 11:02:36 EDT</DateTime><ThumbUp>0</ThumbUp><ThumbDown>1</ThumbDown><Sentiment/></Message><Message type="TopicMessage"><Id>1373555252439-22</Id><Title>California investors are buying GOOG shares!</Title><Msg>Hugebuying in L.A. and SanDiego.cuffs</Msg><Username>kingcuffs</Username><Timestamp>1373555252439</Timestamp><DateTime>Thu, 2013-07-11 11:07:32 EDT</DateTime><ThumbUp>0</ThumbUp><ThumbDown>0</ThumbDown><Sentiment/></Message><Message type="TopicMessage"><Id>1373555625099-23</Id><Title>The market will rally for a few days</Title><Msg>and most probably through the rest of this month, as the consensus for tapering is being push back to December instead of September. jmho</Msg><Username>abrachen1</Username><Timestamp>1373555625099</Timestamp><DateTime>Thu, 2013-07-11 11:13:45 EDT</DateTime><ThumbUp>2</ThumbUp><ThumbDown>2</ThumbDown><Sentiment>Strong Buy</Sentiment></Message><Message type="ReplyMessage"><Id>1373555954934-24</Id><Topic><Title>pros will sell it down to 909s by eod</Title><Username>bluesjamj</Username><Timestamp>1373554956386</Timestamp><DateTime>Thu, 2013-07-11 11:02:36 EDT</DateTime></Topic><Msg>You mean challenged or special as the R word has been ruled by law illegal to use.cuffs</Msg><Username>kingcuffs</Username><Timestamp>1373555954934</Timestamp><DateTime>Thu, 2013-07-11 11:19:14 EDT</DateTime><ThumbUp>0</ThumbUp><ThumbDown>0</ThumbDown><Sentiment/></Message><Message type="TopicMessage"><Id>1373555983609-25</Id><Title>this oinker likely is topped and will b goin back down to fill gap</Title><Msg>because too many berwannke welfare $$ dependent reeetardz own it</Msg><Username>bluesjamj</Username><Timestamp>1373555983609</Timestamp><DateTime>Thu, 2013-07-11 11:19:43 EDT</DateTime><ThumbUp>0</ThumbUp><ThumbDown>0</ThumbDown><Sentiment/></Message><Message type="TopicMessage"><Id>1373556127820-26</Id><Title>Feb just doesn't want the bull market over</Title><Msg>They have pulled it back on the right track.</Msg><Username>yinvestor</Username><Timestamp>1373556127820</Timestamp><DateTime>Thu, 2013-07-11 11:22:07 EDT</DateTime><ThumbUp>0</ThumbUp><ThumbDown>0</ThumbDown><Sentiment/></Message><Message type="TopicMessage"><Id>1373556244426-27</Id><Title>Are we to believe that everything is ok and we should keep buying and continue this ponzi game till it collapses?</Title><Msg>So the fed will print more paper money and keep adding to our debt and we are suppose to believe every thing is ok, just stick our head in the sand and pretend nothing is wrong, as long as the market moves up we have no worries</Msg><Username>roobie42</Username><Timestamp>1373556244426</Timestamp><DateTime>Thu, 2013-07-11 11:24:04 EDT</DateTime><ThumbUp>0</ThumbUp><ThumbDown>0</ThumbDown><Sentiment/></Message><Message type="ReplyMessage"><Id>1373556312126-28</Id><Topic><Title>Moto X can be HUGE</Title><Username>abrachen1</Username><Timestamp>1373548148525</Timestamp><DateTime>Thu, 2013-07-11 09:09:08 EDT</DateTime></Topic><Msg>GOOG will spend $500 million on marketing it. Awesome !</Msg><Username>abrachen1</Username><Timestamp>1373556312126</Timestamp><DateTime>Thu, 2013-07-11 11:25:12 EDT</DateTime><ThumbUp>0</ThumbUp><ThumbDown>0</ThumbDown><Sentiment>Strong Buy</Sentiment></Message><Message type="ReplyMessage"><Id>1373556363608-29</Id><Topic><Title>pros will sell it down to 909s by eod</Title><Username>bluesjamj</Username><Timestamp>1373554956386</Timestamp><DateTime>Thu, 2013-07-11 11:02:36 EDT</DateTime></Topic><Msg>LOL thats hilarious that liberal doooshes want to ban words after raamm manuaal called his liberal supporters the r word</Msg><Username>bluesjamj</Username><Timestamp>1373556363608</Timestamp><DateTime>Thu, 2013-07-11 11:26:03 EDT</DateTime><ThumbUp>1</ThumbUp><ThumbDown>1</ThumbDown><Sentiment/></Message><Message type="ReplyMessage"><Id>1373556591867-30</Id><Topic><Title>Are we to believe that everything is ok and we should keep buying and continue this ponzi game till it collapses?</Title><Username>roobie42</Username><Timestamp>1373556244426</Timestamp><DateTime>Thu, 2013-07-11 11:24:04 EDT</DateTime></Topic><Msg>yep thats the new hope and change and wall st reeform the reeetardz were promised</Msg><Username>bluesjamj</Username><Timestamp>1373556591867</Timestamp><DateTime>Thu, 2013-07-11 11:29:51 EDT</DateTime><ThumbUp>0</ThumbUp><ThumbDown>0</ThumbDown><Sentiment/></Message><Message type="TopicMessage"><Id>1373556643737-31</Id><Title>Not much selling before earnings!</Title><Msg>Steady upswing.cuffs</Msg><Username>kingcuffs</Username><Timestamp>1373556643737</Timestamp><DateTime>Thu, 2013-07-11 11:30:43 EDT</DateTime><ThumbUp>0</ThumbUp><ThumbDown>0</ThumbDown><Sentiment/></Message><Message type="TopicMessage"><Id>1373556752932-32</Id><Title>if it bounces to 917s one more time</Title><Msg>be smart not greedy LOL</Msg><Username>bluesjamj</Username><Timestamp>1373556752932</Timestamp><DateTime>Thu, 2013-07-11 11:32:32 EDT</DateTime><ThumbUp>1</ThumbUp><ThumbDown>0</ThumbDown><Sentiment/></Message><Message type="ReplyMessage"><Id>1373556787241-33</Id><Topic><Title>Are we to believe that everything is ok and we should keep buying and continue this ponzi game till it collapses?</Title><Username>roobie42</Username><Timestamp>1373556244426</Timestamp><DateTime>Thu, 2013-07-11 11:24:04 EDT</DateTime></Topic><Msg>Just don't invest in losing stocks.cuffs</Msg><Username>kingcuffs</Username><Timestamp>1373556787241</Timestamp><DateTime>Thu, 2013-07-11 11:33:07 EDT</DateTime><ThumbUp>1</ThumbUp><ThumbDown>0</ThumbDown><Sentiment/></Message><Message type="ReplyMessage"><Id>1373556894371-34</Id><Topic><Title>Moto X can be HUGE</Title><Username>abrachen1</Username><Timestamp>1373548148525</Timestamp><DateTime>Thu, 2013-07-11 09:09:08 EDT</DateTime></Topic><Msg>How did you come up with 25%? It can also be one-third or even 50%, like Android.</Msg><Username>randomsprint</Username><Timestamp>1373556894371</Timestamp><DateTime>Thu, 2013-07-11 11:34:54 EDT</DateTime><ThumbUp>0</ThumbUp><ThumbDown>0</ThumbDown><Sentiment>Strong Buy</Sentiment></Message><Message type="ReplyMessage"><Id>1373556946222-35</Id><Topic><Title>if it bounces to 917s one more time</Title><Username>bluesjamj</Username><Timestamp>1373556752932</Timestamp><DateTime>Thu, 2013-07-11 11:32:32 EDT</DateTime></Topic><Msg>Some are waiting to sell over $925.00! Cuffs</Msg><Username>kingcuffs</Username><Timestamp>1373556946222</Timestamp><DateTime>Thu, 2013-07-11 11:35:46 EDT</DateTime><ThumbUp>0</ThumbUp><ThumbDown>1</ThumbDown><Sentiment/></Message><Message type="ReplyMessage"><Id>1373557002240-36</Id><Topic><Title>if it bounces to 917s one more time</Title><Username>bluesjamj</Username><Timestamp>1373556752932</Timestamp><DateTime>Thu, 2013-07-11 11:32:32 EDT</DateTime></Topic><Msg>thats exactly why it wont happen imo</Msg><Username>bluesjamj</Username><Timestamp>1373557002240</Timestamp><DateTime>Thu, 2013-07-11 11:36:42 EDT</DateTime><ThumbUp>1</ThumbUp><ThumbDown>0</ThumbDown><Sentiment/></Message><Message type="ReplyMessage"><Id>1373557171065-37</Id><Topic><Title>if it bounces to 917s one more time</Title><Username>bluesjamj</Username><Timestamp>1373556752932</Timestamp><DateTime>Thu, 2013-07-11 11:32:32 EDT</DateTime></Topic><Msg>It has to happen. Do your math.$925.00 comes before $1,100.00 cuffs</Msg><Username>kingcuffs</Username><Timestamp>1373557171065</Timestamp><DateTime>Thu, 2013-07-11 11:39:31 EDT</DateTime><ThumbUp>0</ThumbUp><ThumbDown>2</ThumbDown><Sentiment/></Message><Message type="ReplyMessage"><Id>1373557233778-38</Id><Topic><Title>if it bounces to 917s one more time</Title><Username>bluesjamj</Username><Timestamp>1373556752932</Timestamp><DateTime>Thu, 2013-07-11 11:32:32 EDT</DateTime></Topic><Msg>LOL good luck</Msg><Username>bluesjamj</Username><Timestamp>1373557233778</Timestamp><DateTime>Thu, 2013-07-11 11:40:33 EDT</DateTime><ThumbUp>1</ThumbUp><ThumbDown>0</ThumbDown><Sentiment/></Message><Message type="ReplyMessage"><Id>1373558200145-39</Id><Topic><Title>if it bounces to 917s one more time</Title><Username>bluesjamj</Username><Timestamp>1373556752932</Timestamp><DateTime>Thu, 2013-07-11 11:32:32 EDT</DateTime></Topic><Msg>It won't today.But it will come.cuffs</Msg><Username>kingcuffs</Username><Timestamp>1373558200145</Timestamp><DateTime>Thu, 2013-07-11 11:56:40 EDT</DateTime><ThumbUp>0</ThumbUp><ThumbDown>2</ThumbDown><Sentiment/></Message><Message type="TopicMessage"><Id>1373558655516-40</Id><Title>DRAM $4.1 UP 10%...BREAKING OUT !!!....$30 TARGET...CATALYSTS: 1) NEW BLOCKBUSTER MEMORY MANUFACTURING DEAL WITH AMD, 2) MEMORY PRICES UP!</Title><Msg>Here is the biggest reason for DRAM huge short and long term upside in addition to skyrocketing memory prices (it's main core business for the last several decades) and a tiny $8 million market kap with only 1.4 million shares on the float: AMD and DRAM announced in May (5/8/2013 AMD Press Release and 5/12/2013 DRAMPress Release) that DRAM will begin manufacturing all new AMD Gamer Series memory modules and will provide it's RAMDisk software to drive all AMD Radeon products. The Gamer Series memory is compatible with AMD and Intel platforms, supporting both AMP and XMP memory profiles. Recent reviews rank AMD Gamer Series memory the fastest and more reliable for gaming and other applications requiring super fast processing speeds. "AMD Radeon RG2133 Gamer Series Memory is armed with features designed to outperform the competition on any task," said Roman Kyrychynskyi, product director, Graphics Business Unit, AMD. "Designed with multi-platform compatibility in mind, the AMD Radeon RG2133 brings cutting-edge technology, as well as uncompromising quality and compatibility for PC gamers. "AMD and Dataram have worked together to significantly enhance the dynamic background load-and-save feature in order to create a seamless, non-volatile RAMDisk experience," said Jason Caulkins, CTO, Dataram. "This underscores AMD and Dataram's continued dedication to delivering the highest-performing memory products. DRAM is also pursuing it's RAMDiisk technology in the energy, banking, simulations, military, medical, and other sectors requiring superfast processing speeds.</Msg><Username>will.jipson</Username><Timestamp>1373558655516</Timestamp><DateTime>Thu, 2013-07-11 12:04:15 EDT</DateTime><ThumbUp>1</ThumbUp><ThumbDown>1</ThumbDown><Sentiment/></Message><Message type="TopicMessage"><Id>1373560761797-41</Id><Title>MAX PAIN = $900</Title><Msg>Tomorrow. See you there.</Msg><Username>bangbang3131</Username><Timestamp>1373560761797</Timestamp><DateTime>Thu, 2013-07-11 12:39:21 EDT</DateTime><ThumbUp>1</ThumbUp><ThumbDown>1</ThumbDown><Sentiment>Strong Sell</Sentiment></Message><Message type="TopicMessage"><Id>1373561415972-42</Id><Title>Thanks Uncle Ben!</Title><Msg>I luv ya! You da man</Msg><Username>riley200834</Username><Timestamp>1373561415972</Timestamp><DateTime>Thu, 2013-07-11 12:50:15 EDT</DateTime><ThumbUp>0</ThumbUp><ThumbDown>1</ThumbDown><Sentiment/></Message><Message type="TopicMessage"><Id>1373561632517-43</Id><Title>SHORTS THOUGHT BERNANKE WOULD HELP THEM LOL. DON'T FIGHT THE FED! OR GOOG!</Title><Msg>$$$$$$$</Msg><Username>greenegggs</Username><Timestamp>1373561632517</Timestamp><DateTime>Thu, 2013-07-11 12:53:52 EDT</DateTime><ThumbUp>0</ThumbUp><ThumbDown>0</ThumbDown><Sentiment/></Message><Message type="ReplyMessage"><Id>1373562959123-44</Id><Topic><Title>MAX PAIN = $900</Title><Username>bangbang3131</Username><Timestamp>1373560761797</Timestamp><DateTime>Thu, 2013-07-11 12:39:21 EDT</DateTime></Topic><Msg>not much in the way of options at 900 really IMO, not worth it for MM's to take it down 17 bucks, maybe if mkts pull back you could see it. but I don't think so</Msg><Username>l0000000l123</Username><Timestamp>1373562959123</Timestamp><DateTime>Thu, 2013-07-11 13:15:59 EDT</DateTime><ThumbUp>0</ThumbUp><ThumbDown>0</ThumbDown><Sentiment/></Message><Message type="ReplyMessage"><Id>1373563045950-45</Id><Topic><Title>Moto X can be HUGE</Title><Username>abrachen1</Username><Timestamp>1373548148525</Timestamp><DateTime>Thu, 2013-07-11 09:09:08 EDT</DateTime></Topic><Msg>why spend $500mill, they should just advertise it on the front page of google, they would get millions of orders overnight</Msg><Username>l0000000l123</Username><Timestamp>1373563045950</Timestamp><DateTime>Thu, 2013-07-11 13:17:25 EDT</DateTime><ThumbUp>2</ThumbUp><ThumbDown>0</ThumbDown><Sentiment/></Message><Message type="TopicMessage"><Id>1373563639419-46</Id><Title>Big activity in 920 calls</Title><Msg>that can only mean its going higher</Msg><Username>riley200834</Username><Timestamp>1373563639419</Timestamp><DateTime>Thu, 2013-07-11 13:27:19 EDT</DateTime><ThumbUp>0</ThumbUp><ThumbDown>0</ThumbDown><Sentiment/></Message><Message type="ReplyMessage"><Id>1373564610127-47</Id><Topic><Title>if it bounces to 917s one more time</Title><Username>bluesjamj</Username><Timestamp>1373556752932</Timestamp><DateTime>Thu, 2013-07-11 11:32:32 EDT</DateTime></Topic><Msg>heres another chance for greedies before they pull the rug</Msg><Username>bluesjamj</Username><Timestamp>1373564610127</Timestamp><DateTime>Thu, 2013-07-11 13:43:30 EDT</DateTime><ThumbUp>0</ThumbUp><ThumbDown>0</ThumbDown><Sentiment/></Message><Message type="TopicMessage"><Id>1373565536745-48</Id><Title>52 week highs today....</Title><Msg>another 2 bucks to go</Msg><Username>l0000000l123</Username><Timestamp>1373565536745</Timestamp><DateTime>Thu, 2013-07-11 13:58:56 EDT</DateTime><ThumbUp>0</ThumbUp><ThumbDown>0</ThumbDown><Sentiment/></Message><Message type="ReplyMessage"><Id>1373565561724-49</Id><Topic><Title>Big activity in 920 calls</Title><Username>riley200834</Username><Timestamp>1373563639419</Timestamp><DateTime>Thu, 2013-07-11 13:27:19 EDT</DateTime></Topic><Msg>means it wont go there for berwankkee s crackheads</Msg><Username>bluesjamj</Username><Timestamp>1373565561724</Timestamp><DateTime>Thu, 2013-07-11 13:59:21 EDT</DateTime><ThumbUp>0</ThumbUp><ThumbDown>0</ThumbDown><Sentiment/></Message><Message type="ReplyMessage"><Id>1373565634909-50</Id><Topic><Title>Buying More GOOG Right Now (@$857 Now). Amazing Buy Here!</Title><Username>hotmanforahotwoman</Username><Timestamp>1370279016573</Timestamp><DateTime>Mon, 2013-06-03 13:03:36 EDT</DateTime></Topic><Msg>See!</Msg><Username>hotmanforahotwoman</Username><Timestamp>1373565634909</Timestamp><DateTime>Thu, 2013-07-11 14:00:34 EDT</DateTime><ThumbUp>0</ThumbUp><ThumbDown>0</ThumbDown><Sentiment/></Message><Message type="TopicMessage"><Id>1373565720398-51</Id><Title>cant wait for eod</Title><Msg>to see all the berwaankkee crackheads scatterlike cockkroaches LOL</Msg><Username>bluesjamj</Username><Timestamp>1373565720398</Timestamp><DateTime>Thu, 2013-07-11 14:02:00 EDT</DateTime><ThumbUp>0</ThumbUp><ThumbDown>0</ThumbDown><Sentiment/></Message><Message type="ReplyMessage"><Id>1373565774626-52</Id><Topic><Title>cant wait for eod</Title><Username>bluesjamj</Username><Timestamp>1373565720398</Timestamp><DateTime>Thu, 2013-07-11 14:02:00 EDT</DateTime></Topic><Msg>just buy call options and ride them into earnings, as the IV increases even if it goes flat you will make $...just be sure to dump before earnings if you think they will miss. Not hard to make money on this one..</Msg><Username>l0000000l123</Username><Timestamp>1373565774626</Timestamp><DateTime>Thu, 2013-07-11 14:02:54 EDT</DateTime><ThumbUp>0</ThumbUp><ThumbDown>0</ThumbDown><Sentiment/></Message><Message type="ReplyMessage"><Id>1373565996342-53</Id><Topic><Title>Note to all smart Google engineers</Title><Username>vincent64</Username><Timestamp>1373511575026</Timestamp><DateTime>Wed, 2013-07-10 22:59:35 EDT</DateTime></Topic><Msg>Could you elaborate on your answer?</Msg><Username>vincent64</Username><Timestamp>1373565996342</Timestamp><DateTime>Thu, 2013-07-11 14:06:36 EDT</DateTime><ThumbUp>0</ThumbUp><ThumbDown>0</ThumbDown><Sentiment/></Message><Message type="ReplyMessage"><Id>1373566035476-54</Id><Topic><Title>Note to all smart Google engineers</Title><Username>vincent64</Username><Timestamp>1373511575026</Timestamp><DateTime>Wed, 2013-07-10 22:59:35 EDT</DateTime></Topic><Msg>We've just signed up our first reverse sponsor!</Msg><Username>vincent64</Username><Timestamp>1373566035476</Timestamp><DateTime>Thu, 2013-07-11 14:07:15 EDT</DateTime><ThumbUp>0</ThumbUp><ThumbDown>1</ThumbDown><Sentiment/></Message><Message type="TopicMessage"><Id>1373566148120-55</Id><Title>what time does the pigg stampede start??? 3:30 0r 3:45?</Title><Msg>LMFAO</Msg><Username>bluesjamj</Username><Timestamp>1373566148120</Timestamp><DateTime>Thu, 2013-07-11 14:09:08 EDT</DateTime><ThumbUp>0</ThumbUp><ThumbDown>0</ThumbDown><Sentiment/></Message><Message type="ReplyMessage"><Id>1373567824422-56</Id><Topic><Title>what time does the pigg stampede start??? 3:30 0r 3:45?</Title><Username>bluesjamj</Username><Timestamp>1373566148120</Timestamp><DateTime>Thu, 2013-07-11 14:09:08 EDT</DateTime></Topic><Msg>under 916 will be start of stampede of oinking piggs</Msg><Username>bluesjamj</Username><Timestamp>1373567824422</Timestamp><DateTime>Thu, 2013-07-11 14:37:04 EDT</DateTime><ThumbUp>0</ThumbUp><ThumbDown>0</ThumbDown><Sentiment/></Message><Message type="TopicMessage"><Id>1373567902162-57</Id><Title>new high $422.00 +</Title><Msg>new high $422.00 +</Msg><Username>sam_setta</Username><Timestamp>1373567902162</Timestamp><DateTime>Thu, 2013-07-11 14:38:22 EDT</DateTime><ThumbUp>0</ThumbUp><ThumbDown>2</ThumbDown><Sentiment>Strong Buy</Sentiment></Message><Message type="TopicMessage"><Id>1373568469469-58</Id><Title>Baaahaaaa Save a little bit for tommorrow</Title><Msg>We dont have to get there in one day.</Msg><Username>riley200834</Username><Timestamp>1373568469469</Timestamp><DateTime>Thu, 2013-07-11 14:47:49 EDT</DateTime><ThumbUp>0</ThumbUp><ThumbDown>0</ThumbDown><Sentiment/></Message><Message type="ReplyMessage"><Id>1373568596698-59</Id><Topic><Title>Moto X can be HUGE</Title><Username>abrachen1</Username><Timestamp>1373548148525</Timestamp><DateTime>Thu, 2013-07-11 09:09:08 EDT</DateTime></Topic><Msg>They will be a key player for sure, and with that they can expand their share in mobile search as well.</Msg><Username>abrachen1</Username><Timestamp>1373568596698</Timestamp><DateTime>Thu, 2013-07-11 14:49:56 EDT</DateTime><ThumbUp>0</ThumbUp><ThumbDown>0</ThumbDown><Sentiment>Strong Buy</Sentiment></Message><Message type="ReplyMessage"><Id>1373568694527-60</Id><Topic><Title>Baaahaaaa Save a little bit for tommorrow</Title><Username>riley200834</Username><Timestamp>1373568469469</Timestamp><DateTime>Thu, 2013-07-11 14:47:49 EDT</DateTime></Topic><Msg>in another words dont be areeetard and hold baggs here??? LMFAO</Msg><Username>bluesjamj</Username><Timestamp>1373568694527</Timestamp><DateTime>Thu, 2013-07-11 14:51:34 EDT</DateTime><ThumbUp>0</ThumbUp><ThumbDown>0</ThumbDown><Sentiment/></Message><Message type="TopicMessage"><Id>1373568757568-61</Id><Title>CVO Cenveo $2 digital labeling stock $20 target up 3.8%!</Title><Msg>insiders buying earnings going up fast</Msg><Username>whogivesaratsassbesidesme</Username><Timestamp>1373568757568</Timestamp><DateTime>Thu, 2013-07-11 14:52:37 EDT</DateTime><ThumbUp>0</ThumbUp><ThumbDown>0</ThumbDown><Sentiment>Strong Buy</Sentiment></Message><Message type="TopicMessage"><Id>1373569223434-62</Id><Title>1000 + next weekend</Title><Msg>If they announce forward split 1200+.</Msg><Username>no65limit</Username><Timestamp>1373569223434</Timestamp><DateTime>Thu, 2013-07-11 15:00:23 EDT</DateTime><ThumbUp>1</ThumbUp><ThumbDown>1</ThumbDown><Sentiment>Strong Buy</Sentiment></Message><Message type="ReplyMessage"><Id>1373569558836-63</Id><Topic><Title>1000 + next weekend</Title><Username>no65limit</Username><Timestamp>1373569223434</Timestamp><DateTime>Thu, 2013-07-11 15:00:23 EDT</DateTime></Topic><Msg>I wouldnt doubt it Buddy. Getting exhuberent...............All the news is GOOD</Msg><Username>riley200834</Username><Timestamp>1373569558836</Timestamp><DateTime>Thu, 2013-07-11 15:05:58 EDT</DateTime><ThumbUp>1</ThumbUp><ThumbDown>0</ThumbDown><Sentiment/></Message><Message type="ReplyMessage"><Id>1373569594083-64</Id><Topic><Title>1000 + next weekend</Title><Username>no65limit</Username><Timestamp>1373569223434</Timestamp><DateTime>Thu, 2013-07-11 15:00:23 EDT</DateTime></Topic><Msg>The next thing you know the Government will erase the deficit</Msg><Username>riley200834</Username><Timestamp>1373569594083</Timestamp><DateTime>Thu, 2013-07-11 15:06:34 EDT</DateTime><ThumbUp>1</ThumbUp><ThumbDown>0</ThumbDown><Sentiment/></Message><Message type="TopicMessage"><Id>1373569960735-65</Id><Title>I got my 200 shares with an ask of $1,000</Title><Msg>Anybody interested????????????</Msg><Username>riley200834</Username><Timestamp>1373569960735</Timestamp><DateTime>Thu, 2013-07-11 15:12:40 EDT</DateTime><ThumbUp>0</ThumbUp><ThumbDown>0</ThumbDown><Sentiment/></Message><Message type="ReplyMessage"><Id>1373570303523-66</Id><Topic><Title>1000 + next weekend</Title><Username>no65limit</Username><Timestamp>1373569223434</Timestamp><DateTime>Thu, 2013-07-11 15:00:23 EDT</DateTime></Topic><Msg>come on be optimistic.</Msg><Username>no65limit</Username><Timestamp>1373570303523</Timestamp><DateTime>Thu, 2013-07-11 15:18:23 EDT</DateTime><ThumbUp>1</ThumbUp><ThumbDown>0</ThumbDown><Sentiment/></Message><Message type="ReplyMessage"><Id>1373570458320-67</Id><Topic><Title>DRAM $4.1 UP 10%...BREAKING OUT !!!....$30 TARGET...CATALYSTS: 1) NEW BLOCKBUSTER MEMORY MANUFACTURING DEAL WITH AMD, 2) MEMORY PRICES UP!</Title><Username>will.jipson</Username><Timestamp>1373558655516</Timestamp><DateTime>Thu, 2013-07-11 12:04:15 EDT</DateTime></Topic><Msg>Company stat's are horrible. No EPS, HUGE debt, very low available cash. Their close ties with AMD is an additional problem because AMS is not doing well either. Anybody buying into this laggard would really be rolling the dice. Recommend: AVOID</Msg><Username>end_rever</Username><Timestamp>1373570458320</Timestamp><DateTime>Thu, 2013-07-11 15:20:58 EDT</DateTime><ThumbUp>0</ThumbUp><ThumbDown>1</ThumbDown><Sentiment/></Message><Message type="ReplyMessage"><Id>1373570490277-68</Id><Topic><Title>DRAM $4.1 UP 10%...BREAKING OUT !!!....$30 TARGET...CATALYSTS: 1) NEW BLOCKBUSTER MEMORY MANUFACTURING DEAL WITH AMD, 2) MEMORY PRICES UP!</Title><Username>will.jipson</Username><Timestamp>1373558655516</Timestamp><DateTime>Thu, 2013-07-11 12:04:15 EDT</DateTime></Topic><Msg>"AMD" not AMS ..... typo.</Msg><Username>end_rever</Username><Timestamp>1373570490277</Timestamp><DateTime>Thu, 2013-07-11 15:21:30 EDT</DateTime><ThumbUp>0</ThumbUp><ThumbDown>1</ThumbDown><Sentiment/></Message><Message type="TopicMessage"><Id>1373570913050-69</Id><Title>Harry Dent said the stock market bubble is going to pop and then crash!!!</Title><Msg>Huh! Is that why insiders at ALL co are unloading big time???</Msg><Username>farmergreg100</Username><Timestamp>1373570913050</Timestamp><DateTime>Thu, 2013-07-11 15:28:33 EDT</DateTime><ThumbUp>0</ThumbUp><ThumbDown>1</ThumbDown><Sentiment/></Message><Message type="TopicMessage"><Id>1373572046309-70</Id><Title>GOOG - 52 week high today, breaking 920.60</Title><Msg>Certainly has been a good day in the market!</Msg><Username>the_stock_warrior</Username><Timestamp>1373572046309</Timestamp><DateTime>Thu, 2013-07-11 15:47:26 EDT</DateTime><ThumbUp>0</ThumbUp><ThumbDown>0</ThumbDown><Sentiment/></Message><Message type="TopicMessage"><Id>1373572510996-71</Id><Title>Google hits new all time high today!</Title><Msg>As investors take it closer to $925.00! cuffs</Msg><Username>kingcuffs</Username><Timestamp>1373572510996</Timestamp><DateTime>Thu, 2013-07-11 15:55:10 EDT</DateTime><ThumbUp>0</ThumbUp><ThumbDown>0</ThumbDown><Sentiment/></Message><Message type="TopicMessage"><Id>1373572834683-72</Id><Title>GOOG BREAKS $920.80 TODAY!</Title><Msg>As it heads towards $925.00!!! Cuffs</Msg><Username>kingcuffs</Username><Timestamp>1373572834683</Timestamp><DateTime>Thu, 2013-07-11 16:00:34 EDT</DateTime><ThumbUp>0</ThumbUp><ThumbDown>0</ThumbDown><Sentiment/></Message><Message type="TopicMessage"><Id>1373573875547-73</Id><Title>Google glasses selling fast!</Title><Msg>Will take Google up up up and away! Cuffs</Msg><Username>kingcuffs</Username><Timestamp>1373573875547</Timestamp><DateTime>Thu, 2013-07-11 16:17:55 EDT</DateTime><ThumbUp>0</ThumbUp><ThumbDown>0</ThumbDown><Sentiment/></Message><Message type="TopicMessage"><Id>1373574595988-74</Id><Title>GOOG deserves a p.e. of 30!</Title><Msg>Anything less is a total joke! Cuffs</Msg><Username>kingcuffs</Username><Timestamp>1373574595988</Timestamp><DateTime>Thu, 2013-07-11 16:29:55 EDT</DateTime><ThumbUp>0</ThumbUp><ThumbDown>0</ThumbDown><Sentiment/></Message><Message type="TopicMessage"><Id>1373574677983-75</Id><Title>$921.00 after hours!</Title><Msg>Shorts got burned this week! Cuffs</Msg><Username>kingcuffs</Username><Timestamp>1373574677983</Timestamp><DateTime>Thu, 2013-07-11 16:31:17 EDT</DateTime><ThumbUp>0</ThumbUp><ThumbDown>0</ThumbDown><Sentiment/></Message><Message type="ReplyMessage"><Id>1373577774141-76</Id><Topic><Title>GOOG deserves a p.e. of 30!</Title><Username>kingcuffs</Username><Timestamp>1373574595988</Timestamp><DateTime>Thu, 2013-07-11 16:29:55 EDT</DateTime></Topic><Msg>30? Goog is guaranteed return. Goog will double within 2 years. The acceleration in profit making products is going to be unbelievable given they have the smartest people using their billions in R&amp;D. Complete freight train coming through, any non-computer selling GOOG needs to wake up and wake up fast.</Msg><Username>tsparis</Username><Timestamp>1373577774141</Timestamp><DateTime>Thu, 2013-07-11 17:22:54 EDT</DateTime><ThumbUp>0</ThumbUp><ThumbDown>0</ThumbDown><Sentiment>Strong Buy</Sentiment></Message><Message type="ReplyMessage"><Id>1373578157310-77</Id><Topic><Title>this oinker likely is topped and will b goin back down to fill gap</Title><Username>bluesjamj</Username><Timestamp>1373555983609</Timestamp><DateTime>Thu, 2013-07-11 11:19:43 EDT</DateTime></Topic><Msg>ooopsy.....</Msg><Username>sdansker2002</Username><Timestamp>1373578157310</Timestamp><DateTime>Thu, 2013-07-11 17:29:17 EDT</DateTime><ThumbUp>0</ThumbUp><ThumbDown>0</ThumbDown><Sentiment>Strong Buy</Sentiment></Message><Message type="TopicMessage"><Id>1373578648298-78</Id><Title>Pcln has a PE of over 31 with big jump today , but i'm asking</Title><Msg>WHY? the headlines say they're in a race with Goog to 1000 / That is the reason for the 18pt pop today? Goog which I consider a great co. should already be there and pcln should be trading much, much lower. pcln has climbed 80Pts in a weeks time on an upgrade from Morga Stanley that was obviously leaked to all their clients before their before the bell announcement.</Msg><Username>gambling2m</Username><Timestamp>1373578648298</Timestamp><DateTime>Thu, 2013-07-11 17:37:28 EDT</DateTime><ThumbUp>0</ThumbUp><ThumbDown>0</ThumbDown><Sentiment/></Message><Message type="TopicMessage"><Id>1373579474763-79</Id><Title>Google will be over $1000 after earnings</Title><Msg>$940-950 run up into earnings, $1000 touch on earnings, then consolidation for awhile before it runs more. book it</Msg><Username>l0000000l123</Username><Timestamp>1373579474763</Timestamp><DateTime>Thu, 2013-07-11 17:51:14 EDT</DateTime><ThumbUp>1</ThumbUp><ThumbDown>0</ThumbDown><Sentiment/></Message><Message type="ReplyMessage"><Id>1373579899173-80</Id><Topic><Title>(GLBH) looks ready to take off. Check it out</Title><Username>sjayden793</Username><Timestamp>1373474002435</Timestamp><DateTime>Wed, 2013-07-10 12:33:22 EDT</DateTime></Topic><Msg>.Down 20% today! Globaltech Holdings, Inc. (GLBH)-OTC Markets Prev Close: 0.06 Open: 0.06 Bid: N/A Ask: N/A 1y Target Est: N/A Beta: N/A Next Earnings Date: N/A Day's Range: 0.0320 - 0.0570 52wk Range: N/A Volume: 1,225,373 Avg Vol (3m): N/A Market Cap: N/A P/E (ttm): N/A EPS (ttm): N/A Div &amp; Yield: N/A (N/A)</Msg><Username>birddd727</Username><Timestamp>1373579899173</Timestamp><DateTime>Thu, 2013-07-11 17:58:19 EDT</DateTime><ThumbUp>0</ThumbUp><ThumbDown>0</ThumbDown><Sentiment/></Message><Message type="ReplyMessage"><Id>1373589743023-81</Id><Topic><Title>Google will be over $1000 after earnings</Title><Username>l0000000l123</Username><Timestamp>1373579474763</Timestamp><DateTime>Thu, 2013-07-11 17:51:14 EDT</DateTime></Topic><Msg>Complete no brainer. Im long so I dont care about the daily bs. Never been a more 100% buy buy buy buy.</Msg><Username>tsparis</Username><Timestamp>1373589743023</Timestamp><DateTime>Thu, 2013-07-11 20:42:23 EDT</DateTime><ThumbUp>0</ThumbUp><ThumbDown>0</ThumbDown><Sentiment>Strong Buy</Sentiment></Message><Message type="TopicMessage"><Id>1373592533453-82</Id><Title>P.E will be down after earnings.</Title><Msg>How much depend on earnings on monday</Msg><Username>no65limit</Username><Timestamp>1373592533453</Timestamp><DateTime>Thu, 2013-07-11 21:28:53 EDT</DateTime><ThumbUp>0</ThumbUp><ThumbDown>0</ThumbDown><Sentiment>Strong Buy</Sentiment></Message><Message type="ReplyMessage"><Id>1373594716439-83</Id><Topic><Title>Harry Dent said the stock market bubble is going to pop and then crash!!!</Title><Username>farmergreg100</Username><Timestamp>1373570913050</Timestamp><DateTime>Thu, 2013-07-11 15:28:33 EDT</DateTime></Topic><Msg>Insiders sell when they need money t o pay tax or children college tuition,or the business fundamnetal have gone south,not because some TV guru said sell. But this bull market based on the Fed maintaining easy mony policy for the foreseable future is BS,how much is really fueled by program trading??? Institutions dont want bond because rate will someday go up,but stocks are risky too. Yes,a crash is possible ,when everyone is in stock and find out the fire exit is too small.</Msg><Username>callingdrcasey</Username><Timestamp>1373594716439</Timestamp><DateTime>Thu, 2013-07-11 22:05:16 EDT</DateTime><ThumbUp>0</ThumbUp><ThumbDown>0</ThumbDown><Sentiment/></Message><Message type="ReplyMessage"><Id>1373596871719-84</Id><Topic><Title>DRAM $4.1 UP 10%...BREAKING OUT !!!....$30 TARGET...CATALYSTS: 1) NEW BLOCKBUSTER MEMORY MANUFACTURING DEAL WITH AMD, 2) MEMORY PRICES UP!</Title><Username>will.jipson</Username><Timestamp>1373558655516</Timestamp><DateTime>Thu, 2013-07-11 12:04:15 EDT</DateTime></Topic><Msg>See you at $30+</Msg><Username>kellyjessica50</Username><Timestamp>1373596871719</Timestamp><DateTime>Thu, 2013-07-11 22:41:11 EDT</DateTime><ThumbUp>0</ThumbUp><ThumbDown>0</ThumbDown><Sentiment/></Message><Message type="TopicMessage"><Id>1373597630325-85</Id><Title>GOOG Stock Split!!!!!!!! YES!!!!!!!!!</Title><Msg>after earnings maybe</Msg><Username>tatu_300</Username><Timestamp>1373597630325</Timestamp><DateTime>Thu, 2013-07-11 22:53:50 EDT</DateTime><ThumbUp>0</ThumbUp><ThumbDown>0</ThumbDown><Sentiment/></Message><Message type="TopicMessage"><Id>1373597858226-86</Id><Title>SELL GOOGLE GLOBALLY EVERYONE IS TURNING</Title><Msg>Due to the snooping issues foriegn holders are pulling out due to customers complaining about it. Be carefull this might have a big pullback</Msg><Username>seetheworldsfuture</Username><Timestamp>1373597858226</Timestamp><DateTime>Thu, 2013-07-11 22:57:38 EDT</DateTime><ThumbUp>0</ThumbUp><ThumbDown>3</ThumbDown><Sentiment/></Message><Message type="TopicMessage"><Id>1373600370006-87</Id><Title>Any chance for 930</Title><Msg>I think we get a flatish open than melt up and race for 930 plus on weely exp</Msg><Username>lacemngr</Username><Timestamp>1373600370006</Timestamp><DateTime>Thu, 2013-07-11 23:39:30 EDT</DateTime><ThumbUp>1</ThumbUp><ThumbDown>0</ThumbDown><Sentiment/></Message></Date>