<?xml version="1.0" encoding="UTF-8" standalone="no"?><Date date="2013-05-29"><Message type="ReplyMessage"><Id>1369802879699-1</Id><Topic><Title>GOOG going down to the ground??</Title><Username>stockmr</Username><Timestamp>1366309347290</Timestamp><DateTime>Thu, 2013-04-18 14:22:27 EDT</DateTime></Topic><Msg>aapl</Msg><Username>traderporter</Username><Timestamp>1369802879699</Timestamp><DateTime>Wed, 2013-05-29 00:47:59 EDT</DateTime><ThumbUp>0</ThumbUp><ThumbDown>0</ThumbDown><Sentiment/></Message><Message type="ReplyMessage"><Id>1369816575567-2</Id><Topic><Title>I bought GGOG at $81 I thought it was expensive....but now???</Title><Username>buffetmunger</Username><Timestamp>1369761248738</Timestamp><DateTime>Tue, 2013-05-28 13:14:08 EDT</DateTime></Topic><Msg>Well just look at insider transactions here on yahoo. SCHMIDT ERIC E, PAGE LAWRENCE, DOERR L JOHN .... Insider Purchases - Last 6 Months Shares Trans Purchases N/A 0 Sales 2,818,640 91</Msg><Username>cyprus_riot</Username><Timestamp>1369816575567</Timestamp><DateTime>Wed, 2013-05-29 04:36:15 EDT</DateTime><ThumbUp>0</ThumbUp><ThumbDown>0</ThumbDown><Sentiment/></Message><Message type="TopicMessage"><Id>1369825587595-3</Id><Title>Current levels are crucial</Title><Msg>The $870-880 levels are being tested. If they do not hold, then $840 could be the next stop. The fall from $920 has not been with exceptional volumes so there is no huge momentum at the moment. It seems like a phase of profit booking which may continue till the range is clearly established. Possibility of a broad range of $840 to $920 is pretty high. This is because $920 is a price which has a lot of future positives factored and going below $840 may take some huge negative news flow. Meanwhile news regarding the lawsuits continued, with the EU not being totally satisfied with Google's response to the anti-trust issues. Mainly, it is being accused of using its dominant position as a search engine to manipulate search results to its advantage. It is alleged that the search results are not totally based on relevance, and favors its own services like YouTube. This has allegedly hurt the local businesses as the practice is anti-competitive. Though legally there may be a point in this, often these lawsuits seem to presume that Google is supposed to be providing a community service of sorts rather than running a business. In any case, these lawsuits are not going to go away and Google has to live with them. There are also the patent infringement lawsuits like the one against Vringo (VRNG). These lawsuits are on the rise all the time with this becoming a business model for companies. Spherix Inc (SPEX) which was into building an IPR portfolio around drug research recently became a full service IP company to leverage the growth in the IP monetizing business. For Google, these cases take the focus away from the good things it may be doing on the innovation front.</Msg><Username>investora2z</Username><Timestamp>1369825587595</Timestamp><DateTime>Wed, 2013-05-29 07:06:27 EDT</DateTime><ThumbUp>0</ThumbUp><ThumbDown>0</ThumbDown><Sentiment/></Message><Message type="ReplyMessage"><Id>1369827625208-4</Id><Topic><Title>Current levels are crucial</Title><Username>investora2z</Username><Timestamp>1369825587595</Timestamp><DateTime>Wed, 2013-05-29 07:06:27 EDT</DateTime></Topic><Msg>The lawsuits are very minor setbacks for GOOG in the bigger picture.</Msg><Username>jfrytucker</Username><Timestamp>1369827625208</Timestamp><DateTime>Wed, 2013-05-29 07:40:25 EDT</DateTime><ThumbUp>0</ThumbUp><ThumbDown>0</ThumbDown><Sentiment/></Message><Message type="ReplyMessage"><Id>1369828355888-5</Id><Topic><Title>Hulu's Monthly Unieque Visigors in Compare (Source: siteananalytics)</Title><Username>flankenking</Username><Timestamp>1369651487023</Timestamp><DateTime>Mon, 2013-05-27 06:44:47 EDT</DateTime></Topic><Msg>flankenking flankenking • 16 hours ago Flag0 users liked this posts users disliked this posts 0 Reply The Inflection Point of Local Corp is Now • Five material challenges in 24 months withstood »Significant cost to the company in revenue and earnings • Highest revenue per employee ever »Projected growth to about $900k per employee EOY »Running lean! • Returning to profit »Significant cost savings starting 1Q13 »Achieved 1Q13 Positive Adjusted EBITDA »Achieved positive cash from operations from 1Q13</Msg><Username>flankenking</Username><Timestamp>1369828355888</Timestamp><DateTime>Wed, 2013-05-29 07:52:35 EDT</DateTime><ThumbUp>0</ThumbUp><ThumbDown>0</ThumbDown><Sentiment/></Message><Message type="TopicMessage"><Id>1369828496762-6</Id><Title>Hulu's Monthly Unique Visitors in Compare (Source: siteananalytics)</Title><Msg>Hulu's Monthly Unieque Visigors in Compare (Source: siteananalytics) Local Corp (market-cap of 40 million) development of Unique Visitors: 11/2012: 18,745,842 Monthly Unique Visitors 12/2012: 22,738,206 Monthly Unique Visitors 01/2013: 26,410,927 Monthly Unique Visitors 02/2013: 24,017,605 Monthly Unique Visitors 03/2013: 24,427,755 Monthly Unique Visitors 04/2013: 23,785,928 Monthly Unique Visitors Compare with the development of Hulu’s (Yahoo-Offer = 600 – 800 million) Unique Visitors: 11/2012: 11,908,754 Monthly Unique Visitors 12/2012: 11,808,002 Monthly Unique Visitors 01/2013: 12,640,986 Monthly Unique Visitors 02/2013: 12,361,375 Monthly Unique Visitors 03/2013: 12,817,622 Monthly Unique Visitors 04/2013: 13,101,952 Monthly Unique Visitors</Msg><Username>flankenking</Username><Timestamp>1369828496762</Timestamp><DateTime>Wed, 2013-05-29 07:54:56 EDT</DateTime><ThumbUp>0</ThumbUp><ThumbDown>0</ThumbDown><Sentiment/></Message><Message type="ReplyMessage"><Id>1369828611573-7</Id><Topic><Title>Hulu's Monthly Unique Visitors in Compare (Source: siteananalytics)</Title><Username>flankenking</Username><Timestamp>1369828496762</Timestamp><DateTime>Wed, 2013-05-29 07:54:56 EDT</DateTime></Topic><Msg>It is a joke, that Yelp has the 50-fold market-cap and Tumblr the 27-fold price of Local Corp, but both less US-Monthly-Unique-Visitors (newest numbers from Siteanalytics) . Local Corp (market-cap of 40 million) development of Unique Visitors: 11/2012: 18,745,842 Monthly Unique Visitors 12/2012: 22,738,206 Monthly Unique Visitors 01/2013: 26,410,927 Monthly Unique Visitors 02/2013: 24,017,605 Monthly Unique Visitors 03/2013: 24,427,755 Monthly Unique Visitors 04/2013: 23,785,928 Monthly Unique Visitors Compare with the development of Yelp's (market-cap of 2 billion) Unique Visitors: 11/2012: 19,358,705 Monthly Unique Visitors 12/2012: 21,017,483 Monthly Unique Visitors 01/2013: 22,293,301 Monthly Unique Visitors 02/2013: 21,063,155 Monthly Unique Visitors 03/2013: 23,364,095 Monthly Unique Visitors 04/2013: 22,252,993 Monthly Unique Visitors Compare with the development of Tumblr’s (offer of Yahoo of 1.1 billion) Unique Visitors: 11/2012: 24,610,970 Monthly Unique Visitors 12/2012: 26,348,660 Monthly Unique Visitors 01/2013: 26,003,223 Monthly Unique Visitors 02/2013: 24,082,558 Monthly Unique Visitors 03/2013: 22,990,413 Monthly Unique Visitors 04/2013: 23,21,082 Monthly Unique Visitors</Msg><Username>flankenking</Username><Timestamp>1369828611573</Timestamp><DateTime>Wed, 2013-05-29 07:56:51 EDT</DateTime><ThumbUp>0</ThumbUp><ThumbDown>0</ThumbDown><Sentiment/></Message><Message type="ReplyMessage"><Id>1369829579556-8</Id><Topic><Title>Hulu's Monthly Unique Visitors in Compare (Source: siteananalytics)</Title><Username>flankenking</Username><Timestamp>1369828496762</Timestamp><DateTime>Wed, 2013-05-29 07:54:56 EDT</DateTime></Topic><Msg>Key Takeaways from Q1/13 • Sequential revenue growth from $20.9 million in Q4 to $21.8 million in Q1, up 4% • Margin expansion drove positive cash flow from operations one quarter ahead of schedule • Record traffic: » Overall traffic on the site and network was a record 106 million monthly unique visitors (MUV) » Organic traffic on the site was a record 49 million MUVs » Mobile traffic was 32 million MUVS for the first quarter 2013 • Costs savings due to cessation of direct sales efforts during 1Q • Made significant progress on key objectives for the year: » Expand gross margins on our largest revenue stream (O&amp;O) – total gross margin up 4 points » Expand revenue of our highest gross margin business (Network) – Network ex TAC up 67% from prior year quarter • Reiterating prior guidance: » Revenue between $93 million and $95 million » Adjusted EBITDA of at least $5 million •Completed a $5 million convertible note financing in April 2013</Msg><Username>flankenking</Username><Timestamp>1369829579556</Timestamp><DateTime>Wed, 2013-05-29 08:12:59 EDT</DateTime><ThumbUp>0</ThumbUp><ThumbDown>0</ThumbDown><Sentiment/></Message><Message type="TopicMessage"><Id>1369834001442-9</Id><Title>Google Glass is a flop</Title><Msg>Many issues, not to mention few people want to wear it.</Msg><Username>a2020trading</Username><Timestamp>1369834001442</Timestamp><DateTime>Wed, 2013-05-29 09:26:41 EDT</DateTime><ThumbUp>0</ThumbUp><ThumbDown>0</ThumbDown><Sentiment/></Message><Message type="TopicMessage"><Id>1369835030149-10</Id><Title>tim cook is right, no one will buy google glass who records your life like a cyborg</Title><Msg>and makes you one. bildergoog is not fooling anyway. the truth is spreading 500 tgt</Msg><Username>cwtripps</Username><Timestamp>1369835030149</Timestamp><DateTime>Wed, 2013-05-29 09:43:50 EDT</DateTime><ThumbUp>0</ThumbUp><ThumbDown>0</ThumbDown><Sentiment/></Message><Message type="TopicMessage"><Id>1369836832844-11</Id><Title>Invest some money in Fannie Mae also in addition to google</Title><Msg>You will make loads of money</Msg><Username>sowj_gade</Username><Timestamp>1369836832844</Timestamp><DateTime>Wed, 2013-05-29 10:13:52 EDT</DateTime><ThumbUp>0</ThumbUp><ThumbDown>0</ThumbDown><Sentiment/></Message><Message type="TopicMessage"><Id>1369837044939-12</Id><Title>AT W11 COOK PUT IT IN A NICE CONTEXT THAT GLASS WILL FLOP, HE HAS MANNERS AND CLASS</Title><Msg>UNLIKE SAMFUNG AND THIS POS</Msg><Username>stockstar17</Username><Timestamp>1369837044939</Timestamp><DateTime>Wed, 2013-05-29 10:17:24 EDT</DateTime><ThumbUp>0</ThumbUp><ThumbDown>1</ThumbDown><Sentiment/></Message><Message type="ReplyMessage"><Id>1369837225434-13</Id><Topic><Title>Agreed... buy apple sell google. .</Title><Username>aapl_2000</Username><Timestamp>1369243077440</Timestamp><DateTime>Wed, 2013-05-22 13:17:57 EDT</DateTime></Topic><Msg>and another day. more of the same. money is moving over. yo better do the same. don't fall in love with a stock. look at what happened to microsoft. how many times did that sucker go up and split? But then came a time when you had to dump it.</Msg><Username>kisakisa</Username><Timestamp>1369837225434</Timestamp><DateTime>Wed, 2013-05-29 10:20:25 EDT</DateTime><ThumbUp>0</ThumbUp><ThumbDown>0</ThumbDown><Sentiment/></Message><Message type="TopicMessage"><Id>1369837269301-14</Id><Title>HOW MUCH HAS THIS GONE UP BECAUSE OF THOSE HIDEOUS GLASSES THAT WILL FLOP</Title><Msg>LOOKING LIKE A CYBORG IS GREAT FASHION SENSE LOL</Msg><Username>stockstar17</Username><Timestamp>1369837269301</Timestamp><DateTime>Wed, 2013-05-29 10:21:09 EDT</DateTime><ThumbUp>0</ThumbUp><ThumbDown>1</ThumbDown><Sentiment>Strong Sell</Sentiment></Message><Message type="ReplyMessage"><Id>1369837382479-15</Id><Topic><Title>Hulu's Monthly Unique Visitors in Compare (Source: siteananalytics)</Title><Username>flankenking</Username><Timestamp>1369828496762</Timestamp><DateTime>Wed, 2013-05-29 07:54:56 EDT</DateTime></Topic><Msg>I extend my argumentation to Tripadvisor and Priceline: Local Corp (market-cap of 40 million) development of Unique Visitors: 11/2012: 18,745,842 Monthly Unique Visitors 12/2012: 22,738,206 Monthly Unique Visitors 01/2013: 26,410,927 Monthly Unique Visitors 02/2013: 24,017,605 Monthly Unique Visitors 03/2013: 24,427,755 Monthly Unique Visitors 04/2013: 23,785,928 Monthly Unique Visitors Compare with the development of Priceline’s Unique Visitors: 11/2012: 10,090,532 Monthly Unique Visitors 12/2012: 9,865,043 Monthly Unique Visitors 01/2013: 13,270,962 Monthly Unique Visitors 02/2013: 12,927,291 Monthly Unique Visitors 03/2013: 15,317,797 Monthly Unique Visitors 04/2013: 14,081,338 Monthly Unique Visitors Compare with the development of Tripadvisor’s Unique Visitors: 11/2012: 14,134,949 Monthly Unique Visitors 12/2012: 13,825,652 Monthly Unique Visitors 01/2013: 17,486,397 Monthly Unique Visitors 02/2013: 17,073,553 Monthly Unique Visitors 03/2013: 19,728,219 Monthly Unique Visitors 04/2013: 18,340,755 Monthly Unique Visitors</Msg><Username>flankenking</Username><Timestamp>1369837382479</Timestamp><DateTime>Wed, 2013-05-29 10:23:02 EDT</DateTime><ThumbUp>0</ThumbUp><ThumbDown>0</ThumbDown><Sentiment/></Message><Message type="TopicMessage"><Id>1369837491657-16</Id><Title>SKUL LOOK LIKE WILL EXPLODE.NO MM IN LIST JUST 1 @ $7.20 PLUS</Title><Msg>CAN EXPLODE UP ANY TIME!!</Msg><Username>dariodbest</Username><Timestamp>1369837491657</Timestamp><DateTime>Wed, 2013-05-29 10:24:51 EDT</DateTime><ThumbUp>0</ThumbUp><ThumbDown>0</ThumbDown><Sentiment>Strong Buy</Sentiment></Message><Message type="TopicMessage"><Id>1369837505108-17</Id><Title>Day like this is better then sex</Title><Msg>bwaaahahah</Msg><Username>jgiled</Username><Timestamp>1369837505108</Timestamp><DateTime>Wed, 2013-05-29 10:25:05 EDT</DateTime><ThumbUp>0</ThumbUp><ThumbDown>1</ThumbDown><Sentiment/></Message><Message type="TopicMessage"><Id>1369838656829-18</Id><Title>Flush... THIS ... TURD</Title><Msg>Bye Bye Gains....</Msg><Username>jack_hoff_often</Username><Timestamp>1369838656829</Timestamp><DateTime>Wed, 2013-05-29 10:44:16 EDT</DateTime><ThumbUp>0</ThumbUp><ThumbDown>1</ThumbDown><Sentiment/></Message><Message type="TopicMessage"><Id>1369839178544-19</Id><Title>trap door will open, drop to 840s</Title><Msg>before a mild bounce.</Msg><Username>cwtripps</Username><Timestamp>1369839178544</Timestamp><DateTime>Wed, 2013-05-29 10:52:58 EDT</DateTime><ThumbUp>1</ThumbUp><ThumbDown>0</ThumbDown><Sentiment/></Message><Message type="TopicMessage"><Id>1369839493171-20</Id><Title>Back to 500 free fall</Title><Msg>So over priced like everything in the markets.Just one massive manipulated pyramid scheme by Wall Strreet.Buy anything/everything at any price.</Msg><Username>kopach</Username><Timestamp>1369839493171</Timestamp><DateTime>Wed, 2013-05-29 10:58:13 EDT</DateTime><ThumbUp>0</ThumbUp><ThumbDown>1</ThumbDown><Sentiment/></Message><Message type="TopicMessage"><Id>1369839730196-21</Id><Title>Resist at 900 and sell all your shares now....</Title><Msg>May as well not lose all your money</Msg><Username>jack_hoff_often</Username><Timestamp>1369839730196</Timestamp><DateTime>Wed, 2013-05-29 11:02:10 EDT</DateTime><ThumbUp>0</ThumbUp><ThumbDown>0</ThumbDown><Sentiment/></Message><Message type="ReplyMessage"><Id>1369839987129-22</Id><Topic><Title>trap door will open, drop to 840s</Title><Username>cwtripps</Username><Timestamp>1369839178544</Timestamp><DateTime>Wed, 2013-05-29 10:52:58 EDT</DateTime></Topic><Msg>or 820s seriosuly, get out guys...wall st is trapped in this and has to liquidate for months and months now</Msg><Username>cwtripps</Username><Timestamp>1369839987129</Timestamp><DateTime>Wed, 2013-05-29 11:06:27 EDT</DateTime><ThumbUp>1</ThumbUp><ThumbDown>0</ThumbDown><Sentiment/></Message><Message type="TopicMessage"><Id>1369841201645-23</Id><Title>wow, starting to run out of sellers already?</Title><Msg>#$%$</Msg><Username>cwtripps</Username><Timestamp>1369841201645</Timestamp><DateTime>Wed, 2013-05-29 11:26:41 EDT</DateTime><ThumbUp>0</ThumbUp><ThumbDown>0</ThumbDown><Sentiment/></Message><Message type="ReplyMessage"><Id>1369842160959-24</Id><Topic><Title>trap door will open, drop to 840s</Title><Username>cwtripps</Username><Timestamp>1369839178544</Timestamp><DateTime>Wed, 2013-05-29 10:52:58 EDT</DateTime></Topic><Msg>877 broke 20 MA and at the moment the 50 MA is 830, that might be the next stop</Msg><Username>cyprus_riot</Username><Timestamp>1369842160959</Timestamp><DateTime>Wed, 2013-05-29 11:42:40 EDT</DateTime><ThumbUp>1</ThumbUp><ThumbDown>0</ThumbDown><Sentiment/></Message><Message type="TopicMessage"><Id>1369842322019-25</Id><Title>H&amp;S pattern playing out..</Title><Msg>550 price target by Mid July...</Msg><Username>aapl_2000</Username><Timestamp>1369842322019</Timestamp><DateTime>Wed, 2013-05-29 11:45:22 EDT</DateTime><ThumbUp>0</ThumbUp><ThumbDown>0</ThumbDown><Sentiment/></Message><Message type="TopicMessage"><Id>1369842496259-26</Id><Title>Hot Stocks</Title><Msg>Daily stock alerts for free here... Have a try, it may help u as it helped me, just go to this page: vil.asia/goog</Msg><Username>clayj878</Username><Timestamp>1369842496259</Timestamp><DateTime>Wed, 2013-05-29 11:48:16 EDT</DateTime><ThumbUp>0</ThumbUp><ThumbDown>0</ThumbDown><Sentiment/></Message><Message type="TopicMessage"><Id>1369842554733-27</Id><Title>i hate when people do what</Title><Msg>i am doing here but i love it...huge rally building in the google of russia yndx</Msg><Username>i_came_to_shred</Username><Timestamp>1369842554733</Timestamp><DateTime>Wed, 2013-05-29 11:49:14 EDT</DateTime><ThumbUp>0</ThumbUp><ThumbDown>0</ThumbDown><Sentiment/></Message><Message type="ReplyMessage"><Id>1369844492696-28</Id><Topic><Title>Day like this is better then sex</Title><Username>jgiled</Username><Timestamp>1369837505108</Timestamp><DateTime>Wed, 2013-05-29 10:25:05 EDT</DateTime></Topic><Msg>with your inflatable perhaps. . .</Msg><Username>rgc99</Username><Timestamp>1369844492696</Timestamp><DateTime>Wed, 2013-05-29 12:21:32 EDT</DateTime><ThumbUp>1</ThumbUp><ThumbDown>0</ThumbDown><Sentiment/></Message><Message type="TopicMessage"><Id>1369845036131-29</Id><Title>Massive downside for these huge stocks</Title><Msg>So over priced in this market. Once this massive sell-off starts look out below. I see at least 10% easily quickly here. All markets world wide so over priced. All on just buying no fundamentals to suport it. All financial institutions buying at any price.</Msg><Username>kopach</Username><Timestamp>1369845036131</Timestamp><DateTime>Wed, 2013-05-29 12:30:36 EDT</DateTime><ThumbUp>0</ThumbUp><ThumbDown>1</ThumbDown><Sentiment/></Message><Message type="ReplyMessage"><Id>1369846895564-30</Id><Topic><Title>Massive downside for these huge stocks</Title><Username>kopach</Username><Timestamp>1369845036131</Timestamp><DateTime>Wed, 2013-05-29 12:30:36 EDT</DateTime></Topic><Msg>Yes, but just like Apple investors keep thinking GOOG will go to $1,000!! And thus they will get killed with greed....It is a cycle....Market rallyies investors get cheery More and more money goes in then market takes it away:)</Msg><Username>bearnobull</Username><Timestamp>1369846895564</Timestamp><DateTime>Wed, 2013-05-29 13:01:35 EDT</DateTime><ThumbUp>0</ThumbUp><ThumbDown>0</ThumbDown><Sentiment/></Message><Message type="TopicMessage"><Id>1369847595088-31</Id><Title>CPOW strikes deal with China</Title><Msg>HUGE</Msg><Username>f.march731</Username><Timestamp>1369847595088</Timestamp><DateTime>Wed, 2013-05-29 13:13:15 EDT</DateTime><ThumbUp>0</ThumbUp><ThumbDown>0</ThumbDown><Sentiment/></Message><Message type="TopicMessage"><Id>1369848290478-32</Id><Title>Sell before this copies Apple. Remember when AAPL was $700 going to $1000....</Title><Msg>And what were the same "analysts" saying? Buy Apple, its this, its got the cash blah blah blah. Now down $300 and some now say sell. Here: its the same IMO. Market correction will take everything down.</Msg><Username>beststockstoownnow</Username><Timestamp>1369848290478</Timestamp><DateTime>Wed, 2013-05-29 13:24:50 EDT</DateTime><ThumbUp>1</ThumbUp><ThumbDown>0</ThumbDown><Sentiment>Strong Sell</Sentiment></Message><Message type="TopicMessage"><Id>1369848313595-33</Id><Title>OK Folks, one more time....SELL GOOG AND BUY AAPL</Title><Msg>Is apple green or red today? how about google? nuf said! 3 out of the last 4 days apple has been green while google red? no brainer. same thing happened to apple right after it broke 700. now same with google and 900. why is it different this time verses 700 or 800 for google? because it didn't go parabolic before.</Msg><Username>kisakisa</Username><Timestamp>1369848313595</Timestamp><DateTime>Wed, 2013-05-29 13:25:13 EDT</DateTime><ThumbUp>0</ThumbUp><ThumbDown>0</ThumbDown><Sentiment>Strong Sell</Sentiment></Message><Message type="ReplyMessage"><Id>1369848739208-34</Id><Topic><Title>Sell before this copies Apple. Remember when AAPL was $700 going to $1000....</Title><Username>beststockstoownnow</Username><Timestamp>1369848290478</Timestamp><DateTime>Wed, 2013-05-29 13:24:50 EDT</DateTime></Topic><Msg>they were screaming $1000 and then thats when people bought google like a frenzy! that's the que to get out. people already made money in goog, up big. STUPID people get greedy here. TAKE PROFITS! How many times did you hear this one: bears make money, bulls make money, pigs get slaughtered. You wanna feel the pain that apple shareholders felt for half a year? People need to at LEAST take some off the table here. Good post beststock. 100% agree. Predict summer correction. At least to get us back to 14,000 DOW.</Msg><Username>kisakisa</Username><Timestamp>1369848739208</Timestamp><DateTime>Wed, 2013-05-29 13:32:19 EDT</DateTime><ThumbUp>0</ThumbUp><ThumbDown>0</ThumbDown><Sentiment/></Message><Message type="TopicMessage"><Id>1369849903783-35</Id><Title>Just bought puts.. Jun 850</Title><Msg>This pig has lipstick all over her #$%$...</Msg><Username>jack_hoff_often</Username><Timestamp>1369849903783</Timestamp><DateTime>Wed, 2013-05-29 13:51:43 EDT</DateTime><ThumbUp>0</ThumbUp><ThumbDown>1</ThumbDown><Sentiment/></Message><Message type="TopicMessage"><Id>1369850422335-36</Id><Title>Same game every time markets down</Title><Msg>Desperate to bring them back. Always use heavy weighted sectors. Finance/tech OIl etc. Games never end</Msg><Username>kopach</Username><Timestamp>1369850422335</Timestamp><DateTime>Wed, 2013-05-29 14:00:22 EDT</DateTime><ThumbUp>0</ThumbUp><ThumbDown>1</ThumbDown><Sentiment/></Message><Message type="TopicMessage"><Id>1369850786349-37</Id><Title>Finally made the jump into Google..</Title><Msg>Happy as a clam and looking ahead to what this Company has in store in the coming months..GLTA</Msg><Username>carv1007</Username><Timestamp>1369850786349</Timestamp><DateTime>Wed, 2013-05-29 14:06:26 EDT</DateTime><ThumbUp>0</ThumbUp><ThumbDown>0</ThumbDown><Sentiment/></Message><Message type="ReplyMessage"><Id>1369851089854-38</Id><Topic><Title>Just bought puts.. Jun 850</Title><Username>jack_hoff_often</Username><Timestamp>1369849903783</Timestamp><DateTime>Wed, 2013-05-29 13:51:43 EDT</DateTime></Topic><Msg>IM usually negative like yourself sir...you will lose all your money shorting this stock..I hold no positions...If you want to make money but 1000 Jun/Jul calls...This thing is a monster..just wait for the next 2-3 earning relases...Goggle is a monster do not bet against it...just advice sir</Msg><Username>akamarb</Username><Timestamp>1369851089854</Timestamp><DateTime>Wed, 2013-05-29 14:11:29 EDT</DateTime><ThumbUp>0</ThumbUp><ThumbDown>0</ThumbDown><Sentiment/></Message><Message type="TopicMessage"><Id>1369851466170-39</Id><Title>Wall Street just prolonging the slaughter thats coming</Title><Msg>Buying the dips just to bring markets back. After all no risk not their money. Investors risk imagine.</Msg><Username>kopach</Username><Timestamp>1369851466170</Timestamp><DateTime>Wed, 2013-05-29 14:17:46 EDT</DateTime><ThumbUp>0</ThumbUp><ThumbDown>1</ThumbDown><Sentiment/></Message><Message type="TopicMessage"><Id>1369851478245-40</Id><Title>Google might test $855 - 30 days average tomorrow</Title><Msg>Google might test $855 - 30 days average tomorrow IMO</Msg><Username>yinvestor</Username><Timestamp>1369851478245</Timestamp><DateTime>Wed, 2013-05-29 14:17:58 EDT</DateTime><ThumbUp>0</ThumbUp><ThumbDown>0</ThumbDown><Sentiment/></Message><Message type="ReplyMessage"><Id>1369851816957-41</Id><Topic><Title>Congratulation to all Google holders, but it's time to add AONEQ stock to your stock profile 0.044USD +0.011because Apple just announced that will use AONEQ battery in their products.</Title><Username>thomasjeffrey124</Username><Timestamp>1369851119645</Timestamp><DateTime>Wed, 2013-05-29 14:11:59 EDT</DateTime></Topic><Msg>Was that after they filed for protection? AONEQ is toast. LOL</Msg><Username>beststockstoownnow</Username><Timestamp>1369851816957</Timestamp><DateTime>Wed, 2013-05-29 14:23:36 EDT</DateTime><ThumbUp>0</ThumbUp><ThumbDown>0</ThumbDown><Sentiment/></Message><Message type="TopicMessage"><Id>1369852609863-42</Id><Title>thomasjeffrey123 is a spammer use ignore eom</Title><Msg>thomasjeffrey123 is a spammer use ignore eom</Msg><Username>pbppbp1</Username><Timestamp>1369852609863</Timestamp><DateTime>Wed, 2013-05-29 14:36:49 EDT</DateTime><ThumbUp>0</ThumbUp><ThumbDown>0</ThumbDown><Sentiment/></Message><Message type="ReplyMessage"><Id>1369853638537-43</Id><Topic><Title>Wall Street just prolonging the slaughter thats coming</Title><Username>kopach</Username><Timestamp>1369851466170</Timestamp><DateTime>Wed, 2013-05-29 14:17:46 EDT</DateTime></Topic><Msg>888 new brick wall ,</Msg><Username>bluesjamj</Username><Timestamp>1369853638537</Timestamp><DateTime>Wed, 2013-05-29 14:53:58 EDT</DateTime><ThumbUp>0</ThumbUp><ThumbDown>0</ThumbDown><Sentiment/></Message><Message type="ReplyMessage"><Id>1369854065550-44</Id><Topic><Title>Wall Street just prolonging the slaughter thats coming</Title><Username>kopach</Username><Timestamp>1369851466170</Timestamp><DateTime>Wed, 2013-05-29 14:17:46 EDT</DateTime></Topic><Msg>over 892s w volume and squuueze bandwagon shorts</Msg><Username>bluesjamj</Username><Timestamp>1369854065550</Timestamp><DateTime>Wed, 2013-05-29 15:01:05 EDT</DateTime><ThumbUp>0</ThumbUp><ThumbDown>0</ThumbDown><Sentiment/></Message><Message type="TopicMessage"><Id>1369854848150-45</Id><Title>buybuybuy!! strong buy!!! load up 1K shares at 870 !!</Title><Msg>1000 by the end of June !!!</Msg><Username>msn_canada</Username><Timestamp>1369854848150</Timestamp><DateTime>Wed, 2013-05-29 15:14:08 EDT</DateTime><ThumbUp>0</ThumbUp><ThumbDown>1</ThumbDown><Sentiment/></Message><Message type="ReplyMessage"><Id>1369855609776-46</Id><Topic><Title>buybuybuy!! strong buy!!! load up 1K shares at 870 !!</Title><Username>msn_canada</Username><Timestamp>1369854848150</Timestamp><DateTime>Wed, 2013-05-29 15:14:08 EDT</DateTime></Topic><Msg>come down $$$$ is living GOOG</Msg><Username>jgiled</Username><Timestamp>1369855609776</Timestamp><DateTime>Wed, 2013-05-29 15:26:49 EDT</DateTime><ThumbUp>0</ThumbUp><ThumbDown>1</ThumbDown><Sentiment/></Message><Message type="ReplyMessage"><Id>1369856923537-47</Id><Topic><Title>Wall Street just prolonging the slaughter thats coming</Title><Username>kopach</Username><Timestamp>1369851466170</Timestamp><DateTime>Wed, 2013-05-29 14:17:46 EDT</DateTime></Topic><Msg>slow pain</Msg><Username>jgiled</Username><Timestamp>1369856923537</Timestamp><DateTime>Wed, 2013-05-29 15:48:43 EDT</DateTime><ThumbUp>0</ThumbUp><ThumbDown>1</ThumbDown><Sentiment/></Message><Message type="TopicMessage"><Id>1369857094396-48</Id><Title>Any Thoughts on what Google will do tomorrow?</Title><Msg>Any Thoughts on what Google will do tomorrow? AND WHY?</Msg><Username>petoriogriffin</Username><Timestamp>1369857094396</Timestamp><DateTime>Wed, 2013-05-29 15:51:34 EDT</DateTime><ThumbUp>0</ThumbUp><ThumbDown>1</ThumbDown><Sentiment>Hold</Sentiment></Message><Message type="TopicMessage"><Id>1369857517705-49</Id><Title>holdin above 868 is bueno</Title><Msg>for now</Msg><Username>bluesjamj</Username><Timestamp>1369857517705</Timestamp><DateTime>Wed, 2013-05-29 15:58:37 EDT</DateTime><ThumbUp>0</ThumbUp><ThumbDown>0</ThumbDown><Sentiment/></Message><Message type="ReplyMessage"><Id>1369857682989-50</Id><Topic><Title>anyone see this 17:37 $ 834.82 High 14,000</Title><Username>sherlockshah</Username><Timestamp>1363125785276</Timestamp><DateTime>Tue, 2013-03-12 18:03:05 EDT</DateTime></Topic><Msg>yes, you can get killed overnight holding onto an option. Sounds smart. I am doing the same thing. When my option goes profitable, I take the profit. If it goes the wrong way, I get out.</Msg><Username>petoriogriffin</Username><Timestamp>1369857682989</Timestamp><DateTime>Wed, 2013-05-29 16:01:22 EDT</DateTime><ThumbUp>0</ThumbUp><ThumbDown>0</ThumbDown><Sentiment>Hold</Sentiment></Message><Message type="ReplyMessage"><Id>1369859919737-51</Id><Topic><Title>Any Thoughts on what Google will do tomorrow?</Title><Username>petoriogriffin</Username><Timestamp>1369857094396</Timestamp><DateTime>Wed, 2013-05-29 15:51:34 EDT</DateTime></Topic><Msg>I thought they were supposed to present at All Things Digital. Any word on how that went would be appreciated. It may sway the stock price somewhat!</Msg><Username>ihateoptions</Username><Timestamp>1369859919737</Timestamp><DateTime>Wed, 2013-05-29 16:38:39 EDT</DateTime><ThumbUp>0</ThumbUp><ThumbDown>0</ThumbDown><Sentiment/></Message><Message type="ReplyMessage"><Id>1369861873871-52</Id><Topic><Title>Any Thoughts on what Google will do tomorrow?</Title><Username>petoriogriffin</Username><Timestamp>1369857094396</Timestamp><DateTime>Wed, 2013-05-29 15:51:34 EDT</DateTime></Topic><Msg>chart does not look good,lower low and lower high,it wants to go lower. If you are thinking of buying,wait</Msg><Username>callingdrcasey</Username><Timestamp>1369861873871</Timestamp><DateTime>Wed, 2013-05-29 17:11:13 EDT</DateTime><ThumbUp>1</ThumbUp><ThumbDown>0</ThumbDown><Sentiment/></Message><Message type="ReplyMessage"><Id>1369863710677-53</Id><Topic><Title>Any Thoughts on what Google will do tomorrow?</Title><Username>petoriogriffin</Username><Timestamp>1369857094396</Timestamp><DateTime>Wed, 2013-05-29 15:51:34 EDT</DateTime></Topic><Msg>normally after a down day in a bull marketi expect a early morning pop like tuesday and tne slide lower, and if not and we go lower early we are in a correction and either short or wait to buy, I'm hoping for a pop so i can get out with a little money.</Msg><Username>cooter2000000</Username><Timestamp>1369863710677</Timestamp><DateTime>Wed, 2013-05-29 17:41:50 EDT</DateTime><ThumbUp>0</ThumbUp><ThumbDown>1</ThumbDown><Sentiment/></Message><Message type="ReplyMessage"><Id>1369865659407-54</Id><Topic><Title>Any Thoughts on what Google will do tomorrow?</Title><Username>petoriogriffin</Username><Timestamp>1369857094396</Timestamp><DateTime>Wed, 2013-05-29 15:51:34 EDT</DateTime></Topic><Msg>Japan pre-market is crashing and it's tech heavy. We can see another 1-2% drop in GOOG tomorrow. My mid June target is $750 and it looks like it's heading in that direction.</Msg><Username>frtgrdn21</Username><Timestamp>1369865659407</Timestamp><DateTime>Wed, 2013-05-29 18:14:19 EDT</DateTime><ThumbUp>1</ThumbUp><ThumbDown>0</ThumbDown><Sentiment/></Message><Message type="ReplyMessage"><Id>1369868137610-55</Id><Topic><Title>holdin above 868 is bueno</Title><Username>bluesjamj</Username><Timestamp>1369857517705</Timestamp><DateTime>Wed, 2013-05-29 15:58:37 EDT</DateTime></Topic><Msg>closing below 870 is no bueno... who cares about 868 lol</Msg><Username>mbunce1</Username><Timestamp>1369868137610</Timestamp><DateTime>Wed, 2013-05-29 18:55:37 EDT</DateTime><ThumbUp>0</ThumbUp><ThumbDown>0</ThumbDown><Sentiment/></Message><Message type="ReplyMessage"><Id>1369870362907-56</Id><Topic><Title>Any Thoughts on what Google will do tomorrow?</Title><Username>petoriogriffin</Username><Timestamp>1369857094396</Timestamp><DateTime>Wed, 2013-05-29 15:51:34 EDT</DateTime></Topic><Msg>I was a Google long. today I got tired of losing money and I bought some puts the air is simply coming out of the Rallys tire as summer begins</Msg><Username>speakwithlove</Username><Timestamp>1369870362907</Timestamp><DateTime>Wed, 2013-05-29 19:32:42 EDT</DateTime><ThumbUp>0</ThumbUp><ThumbDown>0</ThumbDown><Sentiment/></Message></Date>