<?xml version="1.0" encoding="UTF-8" standalone="no"?><Date date="2013-04-12"><Message type="ReplyMessage"><Id>1365766152980-1</Id><Topic><Title>The TRUTH about GOOG (COULD BE A SCAM!)</Title><Username>barbara_watkins</Username><Timestamp>1361540025887</Timestamp><DateTime>Fri, 2013-02-22 08:33:45 EST</DateTime></Topic><Msg>thanks a lot</Msg><Username>harold.benon</Username><Timestamp>1365766152980</Timestamp><DateTime>Fri, 2013-04-12 07:29:12 EDT</DateTime><ThumbUp>0</ThumbUp><ThumbDown>0</ThumbDown><Sentiment/></Message><Message type="ReplyMessage"><Id>1365766448179-2</Id><Topic><Title>Where will Google Bounce?</Title><Username>syreeta.cammack</Username><Timestamp>1360252040734</Timestamp><DateTime>Thu, 2013-02-07 10:47:20 EST</DateTime></Topic><Msg>awesome report!</Msg><Username>harold.benon</Username><Timestamp>1365766448179</Timestamp><DateTime>Fri, 2013-04-12 07:34:08 EDT</DateTime><ThumbUp>0</ThumbUp><ThumbDown>1</ThumbDown><Sentiment/></Message><Message type="ReplyMessage"><Id>1365769499518-3</Id><Topic><Title>The TRUTH about GOOG (COULD BE A SCAM!)</Title><Username>barbara_watkins</Username><Timestamp>1361540025887</Timestamp><DateTime>Fri, 2013-02-22 08:33:45 EST</DateTime></Topic><Msg>Awesome stuff!</Msg><Username>alycenapier</Username><Timestamp>1365769499518</Timestamp><DateTime>Fri, 2013-04-12 08:24:59 EDT</DateTime><ThumbUp>0</ThumbUp><ThumbDown>1</ThumbDown><Sentiment/></Message><Message type="TopicMessage"><Id>1365771168184-4</Id><Title>Here are the numbers a week away</Title><Msg>Jan $790 call at $60 May $790 call and out at $25...$50 Net $10 You have action in upside and downside... Like I said...the number sto be used is on APril 18th at 1530 hrs</Msg><Username>biglefthook_00</Username><Timestamp>1365771168184</Timestamp><DateTime>Fri, 2013-04-12 08:52:48 EDT</DateTime><ThumbUp>0</ThumbUp><ThumbDown>1</ThumbDown><Sentiment/></Message><Message type="ReplyMessage"><Id>1365771552133-5</Id><Topic><Title>Here are the numbers a week away</Title><Username>biglefthook_00</Username><Timestamp>1365771168184</Timestamp><DateTime>Fri, 2013-04-12 08:52:48 EDT</DateTime></Topic><Msg>now..IF you use that following Friday's numbers (april monthly expiration) the cost of the put and call is a ,ere $20..but the action may be delayed until next week...so use that following week's options. Remember this is not to be done until next Thursday at 1530 hrs using that market price option. This is a learning lesson ...Give a man a fish you feed him for a day; teach a man how to fish... Signing off</Msg><Username>biglefthook_00</Username><Timestamp>1365771552133</Timestamp><DateTime>Fri, 2013-04-12 08:59:12 EDT</DateTime><ThumbUp>0</ThumbUp><ThumbDown>1</ThumbDown><Sentiment/></Message><Message type="ReplyMessage"><Id>1365772527657-6</Id><Topic><Title>The TRUTH about GOOG (COULD BE A SCAM!)</Title><Username>barbara_watkins</Username><Timestamp>1361540025887</Timestamp><DateTime>Fri, 2013-02-22 08:33:45 EST</DateTime></Topic><Msg>Nice stuff!</Msg><Username>frederickprice70</Username><Timestamp>1365772527657</Timestamp><DateTime>Fri, 2013-04-12 09:15:27 EDT</DateTime><ThumbUp>0</ThumbUp><ThumbDown>1</ThumbDown><Sentiment/></Message><Message type="ReplyMessage"><Id>1365772942277-7</Id><Topic><Title>Facebook "HOME" + Mozilla/Samsung Web browser.</Title><Username>europe_and_usa</Username><Timestamp>1365686368118</Timestamp><DateTime>Thu, 2013-04-11 09:19:28 EDT</DateTime></Topic><Msg>FYI.............</Msg><Username>europe_and_usa</Username><Timestamp>1365772942277</Timestamp><DateTime>Fri, 2013-04-12 09:22:22 EDT</DateTime><ThumbUp>0</ThumbUp><ThumbDown>0</ThumbDown><Sentiment/></Message><Message type="TopicMessage"><Id>1365773190049-8</Id><Title>Android malware spreading through irs email according to news.</Title><Msg>My neighbor took his Androids back and bought a much better quality Nokia.</Msg><Username>thefarm666</Username><Timestamp>1365773190049</Timestamp><DateTime>Fri, 2013-04-12 09:26:30 EDT</DateTime><ThumbUp>0</ThumbUp><ThumbDown>1</ThumbDown><Sentiment/></Message><Message type="TopicMessage"><Id>1365773535356-9</Id><Title>Major manipulation going on</Title><Msg>very strange</Msg><Username>prostocktrader</Username><Timestamp>1365773535356</Timestamp><DateTime>Fri, 2013-04-12 09:32:15 EDT</DateTime><ThumbUp>0</ThumbUp><ThumbDown>0</ThumbDown><Sentiment/></Message><Message type="TopicMessage"><Id>1365775424131-10</Id><Title>The problem with retail #'s was the weather</Title><Msg>shorts and bashers will spin this news in to something different What else is new on Wall Street</Msg><Username>jgiled</Username><Timestamp>1365775424131</Timestamp><DateTime>Fri, 2013-04-12 10:03:44 EDT</DateTime><ThumbUp>0</ThumbUp><ThumbDown>0</ThumbDown><Sentiment/></Message><Message type="ReplyMessage"><Id>1365776184466-11</Id><Topic><Title>Facebook "HOME" + Mozilla/Samsung Web browser.</Title><Username>europe_and_usa</Username><Timestamp>1365686368118</Timestamp><DateTime>Thu, 2013-04-11 09:19:28 EDT</DateTime></Topic><Msg>Today is the official Facebook "HOME" day........... Go to Google Play store and download it for free.</Msg><Username>europe_and_usa</Username><Timestamp>1365776184466</Timestamp><DateTime>Fri, 2013-04-12 10:16:24 EDT</DateTime><ThumbUp>0</ThumbUp><ThumbDown>0</ThumbDown><Sentiment/></Message><Message type="ReplyMessage"><Id>1365777786517-12</Id><Topic><Title>The TRUTH about GOOG (COULD BE A SCAM!)</Title><Username>barbara_watkins</Username><Timestamp>1361540025887</Timestamp><DateTime>Fri, 2013-02-22 08:33:45 EST</DateTime></Topic><Msg>Thanks for sharing</Msg><Username>walkerbrenda562</Username><Timestamp>1365777786517</Timestamp><DateTime>Fri, 2013-04-12 10:43:06 EDT</DateTime><ThumbUp>0</ThumbUp><ThumbDown>1</ThumbDown><Sentiment/></Message><Message type="TopicMessage"><Id>1365777826537-13</Id><Title>Market wacky valuations</Title><Msg>Mickey D's basically no growth, bad euro headwinds, setting 52 wk highs has PE that is basically same as the GOOG's. Which one is out of line? Food and search for thought on that one.</Msg><Username>robynrokn</Username><Timestamp>1365777826537</Timestamp><DateTime>Fri, 2013-04-12 10:43:46 EDT</DateTime><ThumbUp>0</ThumbUp><ThumbDown>0</ThumbDown><Sentiment>Buy</Sentiment></Message><Message type="TopicMessage"><Id>1365777961551-14</Id><Title>Vuzi - Best Selling Augmented Reality Glasses Now Available in an All Digital Version</Title><Msg>http://finance.yahoo.com/news/vuzix-best-selling-augmented-reality-113800285.html This is the 10-100 bagger to buy for Augmented reality. Unless GOOG buys them before they explode in price</Msg><Username>whattime0000</Username><Timestamp>1365777961551</Timestamp><DateTime>Fri, 2013-04-12 10:46:01 EDT</DateTime><ThumbUp>0</ThumbUp><ThumbDown>1</ThumbDown><Sentiment/></Message><Message type="TopicMessage"><Id>1365778492203-15</Id><Title>Vuzix Leads the Drive for Augmented Reality Standards and Compelling Content</Title><Msg>its a 10 to 100 bagger</Msg><Username>whattime0000</Username><Timestamp>1365778492203</Timestamp><DateTime>Fri, 2013-04-12 10:54:52 EDT</DateTime><ThumbUp>0</ThumbUp><ThumbDown>1</ThumbDown><Sentiment/></Message><Message type="TopicMessage"><Id>1365778968718-16</Id><Title>LAST CHANCE to buy VUZI at this level - AUGMENTED REALITY will explode</Title><Msg>Once on NASDAQ this is to the moon</Msg><Username>whattime0000</Username><Timestamp>1365778968718</Timestamp><DateTime>Fri, 2013-04-12 11:02:48 EDT</DateTime><ThumbUp>0</ThumbUp><ThumbDown>1</ThumbDown><Sentiment/></Message><Message type="ReplyMessage"><Id>1365780072112-17</Id><Topic><Title>The TRUTH about GOOG (COULD BE A SCAM!)</Title><Username>barbara_watkins</Username><Timestamp>1361540025887</Timestamp><DateTime>Fri, 2013-02-22 08:33:45 EST</DateTime></Topic><Msg>Very helpful.</Msg><Username>rankindaniel973</Username><Timestamp>1365780072112</Timestamp><DateTime>Fri, 2013-04-12 11:21:12 EDT</DateTime><ThumbUp>0</ThumbUp><ThumbDown>1</ThumbDown><Sentiment/></Message><Message type="ReplyMessage"><Id>1365781670545-18</Id><Topic><Title>I TOLD U SHORTS I WOULD GET THE $850 CALLS DIRT CHEAP AHEAD OF EARNINGS!</Title><Username>greenegggs</Username><Timestamp>1364916446210</Timestamp><DateTime>Tue, 2013-04-02 11:27:26 EDT</DateTime></Topic><Msg>much cheaper now</Msg><Username>bluesjamj</Username><Timestamp>1365781670545</Timestamp><DateTime>Fri, 2013-04-12 11:47:50 EDT</DateTime><ThumbUp>0</ThumbUp><ThumbDown>2</ThumbDown><Sentiment/></Message><Message type="TopicMessage"><Id>1365781996251-19</Id><Title>Market Cap over 250 BILLION and a PE of over 25</Title><Msg>Wow how is that for confidence in this market.</Msg><Username>westexwill</Username><Timestamp>1365781996251</Timestamp><DateTime>Fri, 2013-04-12 11:53:16 EDT</DateTime><ThumbUp>0</ThumbUp><ThumbDown>0</ThumbDown><Sentiment/></Message><Message type="ReplyMessage"><Id>1365783846164-20</Id><Topic><Title>The TRUTH about GOOG (COULD BE A SCAM!)</Title><Username>barbara_watkins</Username><Timestamp>1361540025887</Timestamp><DateTime>Fri, 2013-02-22 08:33:45 EST</DateTime></Topic><Msg>Awesome report !</Msg><Username>ivan.blackwell</Username><Timestamp>1365783846164</Timestamp><DateTime>Fri, 2013-04-12 12:24:06 EDT</DateTime><ThumbUp>0</ThumbUp><ThumbDown>0</ThumbDown><Sentiment/></Message><Message type="TopicMessage"><Id>1365784353868-21</Id><Title>$783.00 - $786.00 + $3.00 today!</Title><Msg>Google bounce! Cuffs</Msg><Username>kingcuffs</Username><Timestamp>1365784353868</Timestamp><DateTime>Fri, 2013-04-12 12:32:33 EDT</DateTime><ThumbUp>0</ThumbUp><ThumbDown>0</ThumbDown><Sentiment/></Message><Message type="ReplyMessage"><Id>1365784455393-22</Id><Topic><Title>I TOLD U SHORTS I WOULD GET THE $850 CALLS DIRT CHEAP AHEAD OF EARNINGS!</Title><Username>greenegggs</Username><Timestamp>1364916446210</Timestamp><DateTime>Tue, 2013-04-02 11:27:26 EDT</DateTime></Topic><Msg>Your post is hidden from me, because I have you on ignore, but I can only assume you are trying to speak negative about the heading of this post. So, I will post just this once to you lol. I have already made the profits on those calls on the run-up and went to the May 26 $800 calls which I picked up for under $11.00. Maybe you should re-post that one for the board loser. Yahoo needs to fix this problem, what the use of having losers on ignore, if they are going to still show me their names lol.</Msg><Username>greenegggs</Username><Timestamp>1365784455393</Timestamp><DateTime>Fri, 2013-04-12 12:34:15 EDT</DateTime><ThumbUp>0</ThumbUp><ThumbDown>1</ThumbDown><Sentiment/></Message><Message type="ReplyMessage"><Id>1365784546829-23</Id><Topic><Title>I TOLD U SHORTS I WOULD GET THE $850 CALLS DIRT CHEAP AHEAD OF EARNINGS!</Title><Username>greenegggs</Username><Timestamp>1364916446210</Timestamp><DateTime>Tue, 2013-04-02 11:27:26 EDT</DateTime></Topic><Msg>Correction April 26 $800 calls, Not May.</Msg><Username>greenegggs</Username><Timestamp>1365784546829</Timestamp><DateTime>Fri, 2013-04-12 12:35:46 EDT</DateTime><ThumbUp>0</ThumbUp><ThumbDown>1</ThumbDown><Sentiment/></Message><Message type="ReplyMessage"><Id>1365784866779-24</Id><Topic><Title>$783.00 - $786.00 + $3.00 today!</Title><Username>kingcuffs</Username><Timestamp>1365784353868</Timestamp><DateTime>Fri, 2013-04-12 12:32:33 EDT</DateTime></Topic><Msg>$786.08 now!cuffs</Msg><Username>kingcuffs</Username><Timestamp>1365784866779</Timestamp><DateTime>Fri, 2013-04-12 12:41:06 EDT</DateTime><ThumbUp>0</ThumbUp><ThumbDown>0</ThumbDown><Sentiment/></Message><Message type="ReplyMessage"><Id>1365784930822-25</Id><Topic><Title>Facebook "HOME" + Mozilla/Samsung Web browser.</Title><Username>europe_and_usa</Username><Timestamp>1365686368118</Timestamp><DateTime>Thu, 2013-04-11 09:19:28 EDT</DateTime></Topic><Msg>FYI.....................</Msg><Username>europe_and_usa</Username><Timestamp>1365784930822</Timestamp><DateTime>Fri, 2013-04-12 12:42:10 EDT</DateTime><ThumbUp>0</ThumbUp><ThumbDown>0</ThumbDown><Sentiment/></Message><Message type="ReplyMessage"><Id>1365785300473-26</Id><Topic><Title>APR 26 $800 CALLS. $$$$$</Title><Username>greenegggs</Username><Timestamp>1365445408897</Timestamp><DateTime>Mon, 2013-04-08 14:23:28 EDT</DateTime></Topic><Msg>Got these babies on Tuesday under $11 and I'm still in the green on them so far. Should have sold 1/2 at $18 and bought back cheaper today, but oh well. They will be higher. Happy trading.</Msg><Username>greenegggs</Username><Timestamp>1365785300473</Timestamp><DateTime>Fri, 2013-04-12 12:48:20 EDT</DateTime><ThumbUp>0</ThumbUp><ThumbDown>0</ThumbDown><Sentiment/></Message><Message type="TopicMessage"><Id>1365785797396-27</Id><Title>Google bounces from $783.00.-$786.20</Title><Msg>Google rules! Cuffs</Msg><Username>kingcuffs</Username><Timestamp>1365785797396</Timestamp><DateTime>Fri, 2013-04-12 12:56:37 EDT</DateTime><ThumbUp>0</ThumbUp><ThumbDown>0</ThumbDown><Sentiment/></Message><Message type="ReplyMessage"><Id>1365786424625-28</Id><Topic><Title>Market Cap over 250 BILLION and a PE of over 25</Title><Username>westexwill</Username><Timestamp>1365781996251</Timestamp><DateTime>Fri, 2013-04-12 11:53:16 EDT</DateTime></Topic><Msg>Stop worrying about the market cap! And get out there and trade already up from $783.00-$786.50 and going higher still.cuffs</Msg><Username>kingcuffs</Username><Timestamp>1365786424625</Timestamp><DateTime>Fri, 2013-04-12 13:07:04 EDT</DateTime><ThumbUp>0</ThumbUp><ThumbDown>0</ThumbDown><Sentiment/></Message><Message type="TopicMessage"><Id>1365786531269-29</Id><Title>WHEN THIS BABY TAKES OFF AGAIN, THEY WILL SHOW ME THE MONEY!!!</Title><Msg>$$$$$$$</Msg><Username>greenegggs</Username><Timestamp>1365786531269</Timestamp><DateTime>Fri, 2013-04-12 13:08:51 EDT</DateTime><ThumbUp>0</ThumbUp><ThumbDown>0</ThumbDown><Sentiment/></Message><Message type="ReplyMessage"><Id>1365789239467-30</Id><Topic><Title>I TOLD U SHORTS I WOULD GET THE $850 CALLS DIRT CHEAP AHEAD OF EARNINGS!</Title><Username>greenegggs</Username><Timestamp>1364916446210</Timestamp><DateTime>Tue, 2013-04-02 11:27:26 EDT</DateTime></Topic><Msg>the stock was down days in a row how did you make profit?? LOL nevermind keep doubling down on cheaper calls</Msg><Username>bluesjamj</Username><Timestamp>1365789239467</Timestamp><DateTime>Fri, 2013-04-12 13:53:59 EDT</DateTime><ThumbUp>0</ThumbUp><ThumbDown>0</ThumbDown><Sentiment/></Message><Message type="TopicMessage"><Id>1365789576389-31</Id><Title>HEY SHORTY!!!!! TRY HARDER!</Title><Msg>$$$$$$$</Msg><Username>greenegggs</Username><Timestamp>1365789576389</Timestamp><DateTime>Fri, 2013-04-12 13:59:36 EDT</DateTime><ThumbUp>0</ThumbUp><ThumbDown>0</ThumbDown><Sentiment/></Message><Message type="ReplyMessage"><Id>1365790113112-32</Id><Topic><Title>$783.00 - $786.00 + $3.00 today!</Title><Username>kingcuffs</Username><Timestamp>1365784353868</Timestamp><DateTime>Fri, 2013-04-12 12:32:33 EDT</DateTime></Topic><Msg>less than 1/2 %. What is wrong with you? Remember when they were talking whether apple or google was going to be the first to hit $1000? They were talking to you!</Msg><Username>not.real84</Username><Timestamp>1365790113112</Timestamp><DateTime>Fri, 2013-04-12 14:08:33 EDT</DateTime><ThumbUp>1</ThumbUp><ThumbDown>1</ThumbDown><Sentiment/></Message><Message type="ReplyMessage"><Id>1365790889969-33</Id><Topic><Title>HEY SHORTY!!!!! TRY HARDER!</Title><Username>greenegggs</Username><Timestamp>1365789576389</Timestamp><DateTime>Fri, 2013-04-12 13:59:36 EDT</DateTime></Topic><Msg>buy some more cheaper calls cheaper LOL</Msg><Username>bluesjamj</Username><Timestamp>1365790889969</Timestamp><DateTime>Fri, 2013-04-12 14:21:29 EDT</DateTime><ThumbUp>0</ThumbUp><ThumbDown>0</ThumbDown><Sentiment/></Message><Message type="ReplyMessage"><Id>1365791291484-34</Id><Topic><Title>Facebook "HOME" + Mozilla/Samsung Web browser.</Title><Username>europe_and_usa</Username><Timestamp>1365686368118</Timestamp><DateTime>Thu, 2013-04-11 09:19:28 EDT</DateTime></Topic><Msg>FYI..........................</Msg><Username>europe_and_usa</Username><Timestamp>1365791291484</Timestamp><DateTime>Fri, 2013-04-12 14:28:11 EDT</DateTime><ThumbUp>0</ThumbUp><ThumbDown>0</ThumbDown><Sentiment/></Message><Message type="TopicMessage"><Id>1365791342275-35</Id><Title>just sitting like a stuffed bloated pigg</Title><Msg>oink oink</Msg><Username>bluesjamj</Username><Timestamp>1365791342275</Timestamp><DateTime>Fri, 2013-04-12 14:29:02 EDT</DateTime><ThumbUp>0</ThumbUp><ThumbDown>0</ThumbDown><Sentiment/></Message><Message type="TopicMessage"><Id>1365791458697-36</Id><Title>You call this a pull back shorty?! lol GOOG will crush shorty soon!</Title><Msg>$$$$$$$$$$$</Msg><Username>greenegggs</Username><Timestamp>1365791458697</Timestamp><DateTime>Fri, 2013-04-12 14:30:58 EDT</DateTime><ThumbUp>0</ThumbUp><ThumbDown>0</ThumbDown><Sentiment/></Message><Message type="TopicMessage"><Id>1365791655015-37</Id><Title>Is Max pain still between 785 and 790?</Title><Msg>Well, if it gets real boring here like most Fridays, Expect this to close right in the middle....like 787.50 Only way it will move much is if holders of the weekly options give up on one side faster than the other.</Msg><Username>silversplode</Username><Timestamp>1365791655015</Timestamp><DateTime>Fri, 2013-04-12 14:34:15 EDT</DateTime><ThumbUp>0</ThumbUp><ThumbDown>0</ThumbDown><Sentiment/></Message><Message type="TopicMessage"><Id>1365792811245-38</Id><Title>Baidu Eye better than Google Glass or Apple watch ? when does BIDU report ?</Title><Msg>the eye sees</Msg><Username>newmarkwiz</Username><Timestamp>1365792811245</Timestamp><DateTime>Fri, 2013-04-12 14:53:31 EDT</DateTime><ThumbUp>0</ThumbUp><ThumbDown>1</ThumbDown><Sentiment/></Message><Message type="TopicMessage"><Id>1365793728386-39</Id><Title>$787.98! !!</Title><Msg>And goin up! Cuffs</Msg><Username>kingcuffs</Username><Timestamp>1365793728386</Timestamp><DateTime>Fri, 2013-04-12 15:08:48 EDT</DateTime><ThumbUp>0</ThumbUp><ThumbDown>0</ThumbDown><Sentiment/></Message><Message type="ReplyMessage"><Id>1365793952710-40</Id><Topic><Title>$783.00 - $786.00 + $3.00 today!</Title><Username>kingcuffs</Username><Timestamp>1365784353868</Timestamp><DateTime>Fri, 2013-04-12 12:32:33 EDT</DateTime></Topic><Msg>Nothing wrong with me goog up $783.00 -$797.98. And GOOGLE will see $1,000.00 before aapl .cuffs will see</Msg><Username>kingcuffs</Username><Timestamp>1365793952710</Timestamp><DateTime>Fri, 2013-04-12 15:12:32 EDT</DateTime><ThumbUp>0</ThumbUp><ThumbDown>0</ThumbDown><Sentiment/></Message><Message type="TopicMessage"><Id>1365794466431-41</Id><Title>$788.01 and going up!</Title><Msg>Goog never seems to have a bad day.cuffs</Msg><Username>kingcuffs</Username><Timestamp>1365794466431</Timestamp><DateTime>Fri, 2013-04-12 15:21:06 EDT</DateTime><ThumbUp>0</ThumbUp><ThumbDown>0</ThumbDown><Sentiment/></Message><Message type="TopicMessage"><Id>1365794555255-42</Id><Title>Up $5.00 and still going up!</Title><Msg>Shorts are DOOMED!!!!!</Msg><Username>kingcuffs</Username><Timestamp>1365794555255</Timestamp><DateTime>Fri, 2013-04-12 15:22:35 EDT</DateTime><ThumbUp>0</ThumbUp><ThumbDown>0</ThumbDown><Sentiment/></Message><Message type="TopicMessage"><Id>1365795449314-43</Id><Title>$789.50!!!</Title><Msg>Goog is rocking up $6.50! !cuffs</Msg><Username>kingcuffs</Username><Timestamp>1365795449314</Timestamp><DateTime>Fri, 2013-04-12 15:37:29 EDT</DateTime><ThumbUp>0</ThumbUp><ThumbDown>0</ThumbDown><Sentiment/></Message><Message type="TopicMessage"><Id>1365798346272-44</Id><Title>$793.00-$790.00 made $7.00 a share today!</Title><Msg>Buy low sellhigh! Cuffs</Msg><Username>kingcuffs</Username><Timestamp>1365798346272</Timestamp><DateTime>Fri, 2013-04-12 16:25:46 EDT</DateTime><ThumbUp>0</ThumbUp><ThumbDown>1</ThumbDown><Sentiment/></Message><Message type="TopicMessage"><Id>1365800929783-45</Id><Title>1 000 $ in 2014</Title><Msg>At 110%</Msg><Username>myrtle24beach</Username><Timestamp>1365800929783</Timestamp><DateTime>Fri, 2013-04-12 17:08:49 EDT</DateTime><ThumbUp>0</ThumbUp><ThumbDown>0</ThumbDown><Sentiment/></Message><Message type="TopicMessage"><Id>1365812442834-46</Id><Title>GOOG 800 Calls</Title><Msg>we have goog in our weeklypicks</Msg><Username>sasicts1</Username><Timestamp>1365812442834</Timestamp><DateTime>Fri, 2013-04-12 20:20:42 EDT</DateTime><ThumbUp>0</ThumbUp><ThumbDown>1</ThumbDown><Sentiment/></Message><Message type="TopicMessage"><Id>1365817793196-47</Id><Title>Buying WEEKLY PUTS on GOOG that Next Thursday</Title><Msg>The Puts will expire the next day. This STOCK is toast folks!!!!! Its the beginning of the great pull back of 2013, I still believe the market will continue to go up for the next 3 years then peak but as for the rest of this year, we are finished folks</Msg><Username>bagholderslose</Username><Timestamp>1365817793196</Timestamp><DateTime>Fri, 2013-04-12 21:49:53 EDT</DateTime><ThumbUp>0</ThumbUp><ThumbDown>0</ThumbDown><Sentiment>Strong Sell</Sentiment></Message></Date>