<?xml version="1.0" encoding="UTF-8" standalone="no"?><Date date="2013-03-07"><Message type="TopicMessage"><Id>1362642064784-1</Id><Title>GOOG is closing APPL doors sooner then we all thing. "APPLE is a over grown PIG"</Title><Msg>Sale AAPL,</Msg><Username>hijamesjon</Username><Timestamp>1362642064784</Timestamp><DateTime>Thu, 2013-03-07 02:41:04 EST</DateTime><ThumbUp>0</ThumbUp><ThumbDown>1</ThumbDown><Sentiment>Strong Buy</Sentiment></Message><Message type="ReplyMessage"><Id>1362646269049-2</Id><Topic><Title>Check it! Google can achieve 900 at the begging of March!</Title><Username>gutierrezdavid933</Username><Timestamp>1361789790735</Timestamp><DateTime>Mon, 2013-02-25 05:56:30 EST</DateTime></Topic><Msg>Great job</Msg><Username>ramonhyman</Username><Timestamp>1362646269049</Timestamp><DateTime>Thu, 2013-03-07 03:51:09 EST</DateTime><ThumbUp>0</ThumbUp><ThumbDown>0</ThumbDown><Sentiment/></Message><Message type="TopicMessage"><Id>1362656028747-3</Id><Title>Google go and buy dang? 31% increase in revenue 175% growth expected</Title><Msg>Enough cash blow out earning today</Msg><Username>jai4524</Username><Timestamp>1362656028747</Timestamp><DateTime>Thu, 2013-03-07 06:33:48 EST</DateTime><ThumbUp>0</ThumbUp><ThumbDown>0</ThumbDown><Sentiment>Strong Buy</Sentiment></Message><Message type="ReplyMessage"><Id>1362660111367-4</Id><Topic><Title>THIS MOSTER PUMPED BALLOON IS ABOUT TO POP BRUTALLYYYYYYYYYYYYYYYYYYYYYYYYYYY</Title><Username>pharmaheroou</Username><Timestamp>1362654805336</Timestamp><DateTime>Thu, 2013-03-07 06:13:25 EST</DateTime></Topic><Msg>Yeah!!! Right. Quit smokin that crack its affecting your judgement</Msg><Username>riley200834</Username><Timestamp>1362660111367</Timestamp><DateTime>Thu, 2013-03-07 07:41:51 EST</DateTime><ThumbUp>0</ThumbUp><ThumbDown>0</ThumbDown><Sentiment/></Message><Message type="ReplyMessage"><Id>1362660347860-5</Id><Topic><Title>Google Inc. (GOOG) SURVEY!</Title><Username>langrovaterri</Username><Timestamp>1361804176592</Timestamp><DateTime>Mon, 2013-02-25 09:56:16 EST</DateTime></Topic><Msg>I'm subscribed. Cool</Msg><Username>paterfamiliasesrebekah</Username><Timestamp>1362660347860</Timestamp><DateTime>Thu, 2013-03-07 07:45:47 EST</DateTime><ThumbUp>0</ThumbUp><ThumbDown>1</ThumbDown><Sentiment>Buy</Sentiment></Message><Message type="ReplyMessage"><Id>1362661606339-6</Id><Topic><Title>Major GOOG Pre Promotion Report</Title><Username>judesanders</Username><Timestamp>1362062119306</Timestamp><DateTime>Thu, 2013-02-28 09:35:19 EST</DateTime></Topic><Msg>thanks!</Msg><Username>haydenwoods630</Username><Timestamp>1362661606339</Timestamp><DateTime>Thu, 2013-03-07 08:06:46 EST</DateTime><ThumbUp>0</ThumbUp><ThumbDown>0</ThumbDown><Sentiment/></Message><Message type="ReplyMessage"><Id>1362663888905-7</Id><Topic><Title>LET THIS MEGA BRUTALLY BUBBLE BURST HARD = BACK TO $200 VERY SOON ..MARK THIS</Title><Username>pharmaheroou</Username><Timestamp>1362662677343</Timestamp><DateTime>Thu, 2013-03-07 08:24:37 EST</DateTime></Topic><Msg>The confessions of a desperate Short.</Msg><Username>riley200834</Username><Timestamp>1362663888905</Timestamp><DateTime>Thu, 2013-03-07 08:44:48 EST</DateTime><ThumbUp>0</ThumbUp><ThumbDown>0</ThumbDown><Sentiment/></Message><Message type="TopicMessage"><Id>1362663925651-8</Id><Title>The BIG GOOG will recoup all of yesterdays losses</Title><Msg>I guarantee</Msg><Username>riley200834</Username><Timestamp>1362663925651</Timestamp><DateTime>Thu, 2013-03-07 08:45:25 EST</DateTime><ThumbUp>0</ThumbUp><ThumbDown>0</ThumbDown><Sentiment/></Message><Message type="TopicMessage"><Id>1362664695217-9</Id><Title>Excellent Read Long</Title><Msg>I am thrilled! It clearly shows they understand the technical aspects of the stock market and are accurate in predicting its future direction. There videos is clear, to the point, straight forward, and NO hype. I came upon this site and decided to give it a try. They have a terrific service. Being able to make money again is certainly a great feeling. Watch there free video. copy and paste and put info this link STOCKPICKSBUY</Msg><Username>felixjohn108</Username><Timestamp>1362664695217</Timestamp><DateTime>Thu, 2013-03-07 08:58:15 EST</DateTime><ThumbUp>0</ThumbUp><ThumbDown>0</ThumbDown><Sentiment/></Message><Message type="TopicMessage"><Id>1362666221875-10</Id><Title>Thoughts for the day</Title><Msg>A lot of chart folks are calling the gap up on the fifth an exhaustion gap and the chart pattern yesterday a bearish cloud cover. Both of these are what they sound like. If the stock doesn't push through it's high of between $840-$844 on volume it will fill the $822-$829 gap. If it breaches the gap to the down side on volume it will be looking for for it's next level of support, which many say is in the the $705-$710 area.Trade careful today.GLTA</Msg><Username>dtd1955</Username><Timestamp>1362666221875</Timestamp><DateTime>Thu, 2013-03-07 09:23:41 EST</DateTime><ThumbUp>0</ThumbUp><ThumbDown>0</ThumbDown><Sentiment/></Message><Message type="ReplyMessage"><Id>1362666249971-11</Id><Topic><Title>Check it! Google can achieve 900 at the begging of March!</Title><Username>gutierrezdavid933</Username><Timestamp>1361789790735</Timestamp><DateTime>Mon, 2013-02-25 05:56:30 EST</DateTime></Topic><Msg>good report</Msg><Username>donaldburr770</Username><Timestamp>1362666249971</Timestamp><DateTime>Thu, 2013-03-07 09:24:09 EST</DateTime><ThumbUp>0</ThumbUp><ThumbDown>1</ThumbDown><Sentiment/></Message><Message type="TopicMessage"><Id>1362666992544-12</Id><Title>I'm in way to deep</Title><Msg>Just got filled with my puts at $4.70 today for the weekly $835's lets see where she goes Good luck to all</Msg><Username>bagholderslose</Username><Timestamp>1362666992544</Timestamp><DateTime>Thu, 2013-03-07 09:36:32 EST</DateTime><ThumbUp>0</ThumbUp><ThumbDown>0</ThumbDown><Sentiment/></Message><Message type="TopicMessage"><Id>1362667305868-13</Id><Title>The new Firefox OS ecosystem.</Title><Msg>Mozilla's Firefox OS, the new open mobile ecosystem is a real threat to Android and iOS, currently there are more than 17 key operators spanning the globe committed to that mobile ecosystem. With current US sequester and the global recession, I think the future will be for that free open ecosystem from Mozilla foundation, taking into consideration how it's easy to build applications in HTML5 which is the default standard in many new web browsers.</Msg><Username>sam_the9th</Username><Timestamp>1362667305868</Timestamp><DateTime>Thu, 2013-03-07 09:41:45 EST</DateTime><ThumbUp>0</ThumbUp><ThumbDown>0</ThumbDown><Sentiment/></Message><Message type="TopicMessage"><Id>1362667435809-14</Id><Title>HIMX deal confirmed with GOOGLE .......GOOGLE GLASS in stores before Christmas</Title><Msg>Now hitting wires.</Msg><Username>zookaintmadatya</Username><Timestamp>1362667435809</Timestamp><DateTime>Thu, 2013-03-07 09:43:55 EST</DateTime><ThumbUp>0</ThumbUp><ThumbDown>0</ThumbDown><Sentiment/></Message><Message type="ReplyMessage"><Id>1362667570629-15</Id><Topic><Title>MASSIVE GOOG Short Squeeze Coming (SEE DETAILED REPORT)</Title><Username>bryant_miller</Username><Timestamp>1362509597558</Timestamp><DateTime>Tue, 2013-03-05 13:53:17 EST</DateTime></Topic><Msg>Very helpful , thank you :)</Msg><Username>robertyoung99</Username><Timestamp>1362667570629</Timestamp><DateTime>Thu, 2013-03-07 09:46:10 EST</DateTime><ThumbUp>0</ThumbUp><ThumbDown>0</ThumbDown><Sentiment/></Message><Message type="ReplyMessage"><Id>1362667819814-16</Id><Topic><Title>Analyst Downgrades GOOG , BREAKING NEWS !!!</Title><Username>robert_shorter</Username><Timestamp>1362151020595</Timestamp><DateTime>Fri, 2013-03-01 10:17:00 EST</DateTime></Topic><Msg>Very helpful , thank you :)</Msg><Username>robertyoung99</Username><Timestamp>1362667819814</Timestamp><DateTime>Thu, 2013-03-07 09:50:19 EST</DateTime><ThumbUp>0</ThumbUp><ThumbDown>0</ThumbDown><Sentiment/></Message><Message type="ReplyMessage"><Id>1362668032211-17</Id><Topic><Title>The TRUTH about GOOG (COULD BE A SCAM!)</Title><Username>barbara_watkins</Username><Timestamp>1361540025887</Timestamp><DateTime>Fri, 2013-02-22 08:33:45 EST</DateTime></Topic><Msg>Very helpful , thank you :)</Msg><Username>robertyoung99</Username><Timestamp>1362668032211</Timestamp><DateTime>Thu, 2013-03-07 09:53:52 EST</DateTime><ThumbUp>0</ThumbUp><ThumbDown>0</ThumbDown><Sentiment/></Message><Message type="ReplyMessage"><Id>1362668193770-18</Id><Topic><Title>[EXCLUSIVE] GOOG CEO on MAD MONEY! [EXCLUSIVE]</Title><Username>garrettross</Username><Timestamp>1360694467439</Timestamp><DateTime>Tue, 2013-02-12 13:41:07 EST</DateTime></Topic><Msg>Important report</Msg><Username>garygellis205</Username><Timestamp>1362668193770</Timestamp><DateTime>Thu, 2013-03-07 09:56:33 EST</DateTime><ThumbUp>0</ThumbUp><ThumbDown>2</ThumbDown><Sentiment/></Message><Message type="ReplyMessage"><Id>1362668354492-19</Id><Topic><Title>Major GOOG Pre Promotion Report</Title><Username>judesanders</Username><Timestamp>1362062119306</Timestamp><DateTime>Thu, 2013-02-28 09:35:19 EST</DateTime></Topic><Msg>veery good report!</Msg><Username>sebastianpeters512</Username><Timestamp>1362668354492</Timestamp><DateTime>Thu, 2013-03-07 09:59:14 EST</DateTime><ThumbUp>0</ThumbUp><ThumbDown>0</ThumbDown><Sentiment/></Message><Message type="TopicMessage"><Id>1362668584152-20</Id><Title>GOOG will explode at any minute</Title><Msg>BIG BUY program will kick in. Watch and learn</Msg><Username>riley200834</Username><Timestamp>1362668584152</Timestamp><DateTime>Thu, 2013-03-07 10:03:04 EST</DateTime><ThumbUp>0</ThumbUp><ThumbDown>0</ThumbDown><Sentiment/></Message><Message type="TopicMessage"><Id>1362669496783-21</Id><Title>can the mms pump this oinker for a reetest?????</Title><Msg>dont forget to buy low sell high</Msg><Username>bluesjamj</Username><Timestamp>1362669496783</Timestamp><DateTime>Thu, 2013-03-07 10:18:16 EST</DateTime><ThumbUp>0</ThumbUp><ThumbDown>0</ThumbDown><Sentiment/></Message><Message type="TopicMessage"><Id>1362669522960-22</Id><Title>FREE Stock is up 35% Breaking out MICRO FLOAT 2$ Last time ran to over 21$ a share</Title><Msg>FREE Stock going to be a monster</Msg><Username>expert_facts_god</Username><Timestamp>1362669522960</Timestamp><DateTime>Thu, 2013-03-07 10:18:42 EST</DateTime><ThumbUp>0</ThumbUp><ThumbDown>0</ThumbDown><Sentiment>Strong Buy</Sentiment></Message><Message type="ReplyMessage"><Id>1362670535218-23</Id><Topic><Title>I'm in way to deep</Title><Username>bagholderslose</Username><Timestamp>1362666992544</Timestamp><DateTime>Thu, 2013-03-07 09:36:32 EST</DateTime></Topic><Msg>Curse you S&amp;P, you are the reason why I am not making money like I should. I mean I am making money but I should be doing very well today, will you freaking roll over and play dead for me please?</Msg><Username>bagholderslose</Username><Timestamp>1362670535218</Timestamp><DateTime>Thu, 2013-03-07 10:35:35 EST</DateTime><ThumbUp>0</ThumbUp><ThumbDown>0</ThumbDown><Sentiment>Strong Buy</Sentiment></Message><Message type="ReplyMessage"><Id>1362670578583-24</Id><Topic><Title>heads up eman 30-millon in revs. is profitable gave a 10-cent dividend this past dec. cash flow pos,</Title><Username>sp500no1</Username><Timestamp>1362490002284</Timestamp><DateTime>Tue, 2013-03-05 08:26:42 EST</DateTime></Topic><Msg>continue to look under eman's hood found a WOW factor: Monday earnings and guidance for 2013 from eman tuesday eman presents at piper Jaffray conference! this is a keeper and thanks for the heads up!$$$$$$$$$$$</Msg><Username>yelpnow1</Username><Timestamp>1362670578583</Timestamp><DateTime>Thu, 2013-03-07 10:36:18 EST</DateTime><ThumbUp>0</ThumbUp><ThumbDown>0</ThumbDown><Sentiment/></Message><Message type="TopicMessage"><Id>1362671870446-25</Id><Title>Here comes the GOOG swap INTO AAPL !!!</Title><Msg>I called it!</Msg><Username>will.needy</Username><Timestamp>1362671870446</Timestamp><DateTime>Thu, 2013-03-07 10:57:50 EST</DateTime><ThumbUp>0</ThumbUp><ThumbDown>0</ThumbDown><Sentiment/></Message><Message type="ReplyMessage"><Id>1362672269914-26</Id><Topic><Title>The new Firefox OS ecosystem.</Title><Username>sam_the9th</Username><Timestamp>1362667305868</Timestamp><DateTime>Thu, 2013-03-07 09:41:45 EST</DateTime></Topic><Msg>FYI.</Msg><Username>sam_the9th</Username><Timestamp>1362672269914</Timestamp><DateTime>Thu, 2013-03-07 11:04:29 EST</DateTime><ThumbUp>0</ThumbUp><ThumbDown>0</ThumbDown><Sentiment/></Message><Message type="TopicMessage"><Id>1362673165830-27</Id><Title>i told a customer to sell his apple stock at 700 bucks....</Title><Msg>He answered "No Way", because he didn't want to give unkl sam any money. YIKES!! There was about a hundred dollar spread between the two heavy weights at the time and now it's more than 400. I've never owned an Apple product and i'm still breathing. That proves that the impossible can be possible. Go Goog....Go Go Goog....</Msg><Username>mandan14shooter</Username><Timestamp>1362673165830</Timestamp><DateTime>Thu, 2013-03-07 11:19:25 EST</DateTime><ThumbUp>0</ThumbUp><ThumbDown>1</ThumbDown><Sentiment/></Message><Message type="TopicMessage"><Id>1362673208431-28</Id><Title>FNHC - EPS up 180%, .7book, PE 9, insiders buying heavily, trading at 50% target.</Title><Msg>Article out yesterday saying the co. is trading at 50% of the investment portfolio value with zero debt. Fire in the hole boys, this one is about to blow...The article is right there on Yahoo under FNHC, take a read, all right there.</Msg><Username>daveparker0808</Username><Timestamp>1362673208431</Timestamp><DateTime>Thu, 2013-03-07 11:20:08 EST</DateTime><ThumbUp>0</ThumbUp><ThumbDown>0</ThumbDown><Sentiment>Strong Buy</Sentiment></Message><Message type="TopicMessage"><Id>1362674008739-29</Id><Title>$850 Close tomorrow, load up on the weekly OX!</Title><Msg>Employment number will crush tomorrow, of course it will, it's rigged! LOL Markets will explode higher, why wouldn't they, it Friday! Another ANALyst will slap $1000 price target on the GOOG, or maybe higher if he wants to get some good PR and top his buddies! Back up the truck, like taking candy from a baby... I love it, I love it, I love it! To quote my old Dukes of Hazzard buddy Roscoe P Coltrain. Oh, and if govt cust a deal, I think we can EASILY see an additional $15 to $20 on top of that! LOCK IT UP!</Msg><Username>soonersof_ou</Username><Timestamp>1362674008739</Timestamp><DateTime>Thu, 2013-03-07 11:33:28 EST</DateTime><ThumbUp>0</ThumbUp><ThumbDown>0</ThumbDown><Sentiment/></Message><Message type="ReplyMessage"><Id>1362674162622-30</Id><Topic><Title>Google Inc. (GOOG) SURVEY!</Title><Username>langrovaterri</Username><Timestamp>1361804176592</Timestamp><DateTime>Mon, 2013-02-25 09:56:16 EST</DateTime></Topic><Msg>I love this article. Keep it coming.</Msg><Username>nalneeshjulie</Username><Timestamp>1362674162622</Timestamp><DateTime>Thu, 2013-03-07 11:36:02 EST</DateTime><ThumbUp>0</ThumbUp><ThumbDown>0</ThumbDown><Sentiment>Buy</Sentiment></Message><Message type="ReplyMessage"><Id>1362674792767-31</Id><Topic><Title>Check it! Google can achieve 900 at the begging of March!</Title><Username>gutierrezdavid933</Username><Timestamp>1361789790735</Timestamp><DateTime>Mon, 2013-02-25 05:56:30 EST</DateTime></Topic><Msg>awesome</Msg><Username>lawrenceronald13</Username><Timestamp>1362674792767</Timestamp><DateTime>Thu, 2013-03-07 11:46:32 EST</DateTime><ThumbUp>0</ThumbUp><ThumbDown>1</ThumbDown><Sentiment/></Message><Message type="ReplyMessage"><Id>1362675245106-32</Id><Topic><Title>Major GOOG Pre Promotion Report</Title><Username>judesanders</Username><Timestamp>1362062119306</Timestamp><DateTime>Thu, 2013-02-28 09:35:19 EST</DateTime></Topic><Msg>interesting and useful report</Msg><Username>abbottsebastian</Username><Timestamp>1362675245106</Timestamp><DateTime>Thu, 2013-03-07 11:54:05 EST</DateTime><ThumbUp>0</ThumbUp><ThumbDown>0</ThumbDown><Sentiment/></Message><Message type="ReplyMessage"><Id>1362675637520-33</Id><Topic><Title>The TRUTH about GOOG (COULD BE A SCAM!)</Title><Username>barbara_watkins</Username><Timestamp>1361540025887</Timestamp><DateTime>Fri, 2013-02-22 08:33:45 EST</DateTime></Topic><Msg>thanks a lot!</Msg><Username>edward.blake56</Username><Timestamp>1362675637520</Timestamp><DateTime>Thu, 2013-03-07 12:00:37 EST</DateTime><ThumbUp>0</ThumbUp><ThumbDown>0</ThumbDown><Sentiment/></Message><Message type="TopicMessage"><Id>1362676001766-34</Id><Title>GOOG might possibly skyrocket! View why!</Title><Msg>I wanted to present this publication with everyone... This service has a newsletter with extensive research of fast moving small-cap stocks... **winstocksDOTinfo/GOOG**</Msg><Username>wolfordwilkins</Username><Timestamp>1362676001766</Timestamp><DateTime>Thu, 2013-03-07 12:06:41 EST</DateTime><ThumbUp>4</ThumbUp><ThumbDown>0</ThumbDown><Sentiment/></Message><Message type="ReplyMessage"><Id>1362676040337-35</Id><Topic><Title>MASSIVE GOOG Short Squeeze Coming (SEE DETAILED REPORT)</Title><Username>bryant_miller</Username><Timestamp>1362509597558</Timestamp><DateTime>Tue, 2013-03-05 13:53:17 EST</DateTime></Topic><Msg>thanks a lot!</Msg><Username>edward.blake56</Username><Timestamp>1362676040337</Timestamp><DateTime>Thu, 2013-03-07 12:07:20 EST</DateTime><ThumbUp>0</ThumbUp><ThumbDown>0</ThumbDown><Sentiment/></Message><Message type="ReplyMessage"><Id>1362676183173-36</Id><Topic><Title>Analyst Downgrades GOOG , BREAKING NEWS !!!</Title><Username>robert_shorter</Username><Timestamp>1362151020595</Timestamp><DateTime>Fri, 2013-03-01 10:17:00 EST</DateTime></Topic><Msg>thanks a lot!</Msg><Username>edward.blake56</Username><Timestamp>1362676183173</Timestamp><DateTime>Thu, 2013-03-07 12:09:43 EST</DateTime><ThumbUp>0</ThumbUp><ThumbDown>0</ThumbDown><Sentiment/></Message><Message type="TopicMessage"><Id>1362676262954-37</Id><Title>NOT DBL TOP....GOING TO 1000 BUY MORE......PUMP</Title><Msg>LOSING STEAM</Msg><Username>thebottomlime</Username><Timestamp>1362676262954</Timestamp><DateTime>Thu, 2013-03-07 12:11:02 EST</DateTime><ThumbUp>0</ThumbUp><ThumbDown>2</ThumbDown><Sentiment/></Message><Message type="TopicMessage"><Id>1362676789324-38</Id><Title>rumors,, Google buyout of</Title><Msg>Vringo ...Hmmmm</Msg><Username>biggensroy</Username><Timestamp>1362676789324</Timestamp><DateTime>Thu, 2013-03-07 12:19:49 EST</DateTime><ThumbUp>0</ThumbUp><ThumbDown>0</ThumbDown><Sentiment/></Message><Message type="TopicMessage"><Id>1362676836058-39</Id><Title>The GOOG Target Price Is $2400.00 Per Share (set by me):</Title><Msg>Is it really true that sellers can have unlimited financial losses when they sell a stock short? I want to know more about this theory.</Msg><Username>rogerdonna_1988</Username><Timestamp>1362676836058</Timestamp><DateTime>Thu, 2013-03-07 12:20:36 EST</DateTime><ThumbUp>0</ThumbUp><ThumbDown>1</ThumbDown><Sentiment>Strong Buy</Sentiment></Message><Message type="TopicMessage"><Id>1362677379789-40</Id><Title>FREE Stock going to sky rocket today and tomorrow</Title><Msg>Ticker symbol FREE stock is ready to skyrocket today and tomorrow</Msg><Username>amazing_returns</Username><Timestamp>1362677379789</Timestamp><DateTime>Thu, 2013-03-07 12:29:39 EST</DateTime><ThumbUp>0</ThumbUp><ThumbDown>1</ThumbDown><Sentiment>Strong Buy</Sentiment></Message><Message type="ReplyMessage"><Id>1362677479575-41</Id><Topic><Title>GOOG might possibly skyrocket! View why!</Title><Username>wolfordwilkins</Username><Timestamp>1362676001766</Timestamp><DateTime>Thu, 2013-03-07 12:06:41 EST</DateTime></Topic><Msg>keep me updated</Msg><Username>patrickbaker48</Username><Timestamp>1362677479575</Timestamp><DateTime>Thu, 2013-03-07 12:31:19 EST</DateTime><ThumbUp>2</ThumbUp><ThumbDown>0</ThumbDown><Sentiment/></Message><Message type="ReplyMessage"><Id>1362677709044-42</Id><Topic><Title>GOOG might possibly skyrocket! View why!</Title><Username>wolfordwilkins</Username><Timestamp>1362676001766</Timestamp><DateTime>Thu, 2013-03-07 12:06:41 EST</DateTime></Topic><Msg>dont let me down</Msg><Username>reidmitchell92</Username><Timestamp>1362677709044</Timestamp><DateTime>Thu, 2013-03-07 12:35:09 EST</DateTime><ThumbUp>1</ThumbUp><ThumbDown>0</ThumbDown><Sentiment/></Message><Message type="TopicMessage"><Id>1362677835012-43</Id><Title>Stock Split in the works?</Title><Msg>I'm hearing stock split in the works. Maybe a 6 for 1! That'd be great for long term investors that bought originally at the original stock offering...</Msg><Username>pantsscratchfever</Username><Timestamp>1362677835012</Timestamp><DateTime>Thu, 2013-03-07 12:37:15 EST</DateTime><ThumbUp>0</ThumbUp><ThumbDown>0</ThumbDown><Sentiment>Strong Buy</Sentiment></Message><Message type="ReplyMessage"><Id>1362677981767-44</Id><Topic><Title>GOOG might possibly skyrocket! View why!</Title><Username>wolfordwilkins</Username><Timestamp>1362676001766</Timestamp><DateTime>Thu, 2013-03-07 12:06:41 EST</DateTime></Topic><Msg>never let me doen</Msg><Username>meade.spann</Username><Timestamp>1362677981767</Timestamp><DateTime>Thu, 2013-03-07 12:39:41 EST</DateTime><ThumbUp>0</ThumbUp><ThumbDown>0</ThumbDown><Sentiment/></Message><Message type="ReplyMessage"><Id>1362678045984-45</Id><Topic><Title>SHORT THIS MONSTER BUBBLEEEEEEEEEEEEEE INTOOOOO THE GROUNDDDDDDDDDDDDDDDDDDDDDDDDDDDDDDDDDDD</Title><Username>pharmaheroou</Username><Timestamp>1362676720162</Timestamp><DateTime>Thu, 2013-03-07 12:18:40 EST</DateTime></Topic><Msg>Good luck doing that... you'll lose everything! You see, google makes money.. hand over fist and that is what makes stocks go higher (earnings). Why on earth would you short a stock like this?</Msg><Username>pantsscratchfever</Username><Timestamp>1362678045984</Timestamp><DateTime>Thu, 2013-03-07 12:40:45 EST</DateTime><ThumbUp>0</ThumbUp><ThumbDown>0</ThumbDown><Sentiment/></Message><Message type="ReplyMessage"><Id>1362679466186-46</Id><Topic><Title>The TRUTH about GOOG (COULD BE A SCAM!)</Title><Username>barbara_watkins</Username><Timestamp>1361540025887</Timestamp><DateTime>Fri, 2013-02-22 08:33:45 EST</DateTime></Topic><Msg>nice report! thanks for sharing</Msg><Username>todd_walters</Username><Timestamp>1362679466186</Timestamp><DateTime>Thu, 2013-03-07 13:04:26 EST</DateTime><ThumbUp>0</ThumbUp><ThumbDown>0</ThumbDown><Sentiment/></Message><Message type="ReplyMessage"><Id>1362679694941-47</Id><Topic><Title>Analyst Downgrades GOOG , BREAKING NEWS !!!</Title><Username>robert_shorter</Username><Timestamp>1362151020595</Timestamp><DateTime>Fri, 2013-03-01 10:17:00 EST</DateTime></Topic><Msg>nice report! thanks for sharing</Msg><Username>todd_walters</Username><Timestamp>1362679694941</Timestamp><DateTime>Thu, 2013-03-07 13:08:14 EST</DateTime><ThumbUp>0</ThumbUp><ThumbDown>0</ThumbDown><Sentiment/></Message><Message type="ReplyMessage"><Id>1362679942397-48</Id><Topic><Title>MASSIVE GOOG Short Squeeze Coming (SEE DETAILED REPORT)</Title><Username>bryant_miller</Username><Timestamp>1362509597558</Timestamp><DateTime>Tue, 2013-03-05 13:53:17 EST</DateTime></Topic><Msg>nice report! thanks for sharing</Msg><Username>todd_walters</Username><Timestamp>1362679942397</Timestamp><DateTime>Thu, 2013-03-07 13:12:22 EST</DateTime><ThumbUp>0</ThumbUp><ThumbDown>0</ThumbDown><Sentiment/></Message><Message type="ReplyMessage"><Id>1362680267856-49</Id><Topic><Title>The new Firefox OS ecosystem.</Title><Username>sam_the9th</Username><Timestamp>1362667305868</Timestamp><DateTime>Thu, 2013-03-07 09:41:45 EST</DateTime></Topic><Msg>FYI.....</Msg><Username>sam_the9th</Username><Timestamp>1362680267856</Timestamp><DateTime>Thu, 2013-03-07 13:17:47 EST</DateTime><ThumbUp>0</ThumbUp><ThumbDown>0</ThumbDown><Sentiment/></Message><Message type="TopicMessage"><Id>1362680386009-50</Id><Title>Google Glasses are cool!</Title><Msg>HIMX supposedly may get big contract to supply the liquid crystal on silicon (lcos). Buy on the dip.</Msg><Username>itropical</Username><Timestamp>1362680386009</Timestamp><DateTime>Thu, 2013-03-07 13:19:46 EST</DateTime><ThumbUp>0</ThumbUp><ThumbDown>1</ThumbDown><Sentiment/></Message><Message type="ReplyMessage"><Id>1362681857288-51</Id><Topic><Title>Check it! Google can achieve 900 at the begging of March!</Title><Username>gutierrezdavid933</Username><Timestamp>1361789790735</Timestamp><DateTime>Mon, 2013-02-25 05:56:30 EST</DateTime></Topic><Msg>useful info</Msg><Username>johnmorrill470</Username><Timestamp>1362681857288</Timestamp><DateTime>Thu, 2013-03-07 13:44:17 EST</DateTime><ThumbUp>0</ThumbUp><ThumbDown>1</ThumbDown><Sentiment/></Message><Message type="TopicMessage"><Id>1362681891815-52</Id><Title>pharmaheroou aka NORMAN BATES !</Title><Msg>S.E.C COMING FOR YOU MAGGOT!!!</Msg><Username>cramerssloppyseconds</Username><Timestamp>1362681891815</Timestamp><DateTime>Thu, 2013-03-07 13:44:51 EST</DateTime><ThumbUp>0</ThumbUp><ThumbDown>0</ThumbDown><Sentiment/></Message><Message type="ReplyMessage"><Id>1362681949523-53</Id><Topic><Title>Major GOOG Pre Promotion Report</Title><Username>judesanders</Username><Timestamp>1362062119306</Timestamp><DateTime>Thu, 2013-02-28 09:35:19 EST</DateTime></Topic><Msg>helpful update</Msg><Username>stokes.cameron</Username><Timestamp>1362681949523</Timestamp><DateTime>Thu, 2013-03-07 13:45:49 EST</DateTime><ThumbUp>0</ThumbUp><ThumbDown>0</ThumbDown><Sentiment/></Message><Message type="ReplyMessage"><Id>1362682693950-54</Id><Topic><Title>RUNNNNNNNNNNNNNNNNNNNNNNNNNNNNNNNNNN CRASHHHHHHHHHHHHH IS HERRRRRRRRRRRRRRRRRRR</Title><Username>pharmaheroou</Username><Timestamp>1362669689152</Timestamp><DateTime>Thu, 2013-03-07 10:21:29 EST</DateTime></Topic><Msg>norman s.e.c ..</Msg><Username>cramerssloppyseconds</Username><Timestamp>1362682693950</Timestamp><DateTime>Thu, 2013-03-07 13:58:13 EST</DateTime><ThumbUp>0</ThumbUp><ThumbDown>0</ThumbDown><Sentiment/></Message><Message type="TopicMessage"><Id>1362682701812-55</Id><Title>Close red under $830.00 GUESS?</Title><Msg>Close red under $830.00 GUESS?</Msg><Username>sam_setta</Username><Timestamp>1362682701812</Timestamp><DateTime>Thu, 2013-03-07 13:58:21 EST</DateTime><ThumbUp>0</ThumbUp><ThumbDown>0</ThumbDown><Sentiment>Sell</Sentiment></Message><Message type="ReplyMessage"><Id>1362682758640-56</Id><Topic><Title>Major GOOG Pre Promotion Report</Title><Username>judesanders</Username><Timestamp>1362062119306</Timestamp><DateTime>Thu, 2013-02-28 09:35:19 EST</DateTime></Topic><Msg>100% fraud avoid the spam.</Msg><Username>cramerssloppyseconds</Username><Timestamp>1362682758640</Timestamp><DateTime>Thu, 2013-03-07 13:59:18 EST</DateTime><ThumbUp>0</ThumbUp><ThumbDown>0</ThumbDown><Sentiment/></Message><Message type="ReplyMessage"><Id>1362682836851-57</Id><Topic><Title>The TRUTH about GOOG (COULD BE A SCAM!)</Title><Username>barbara_watkins</Username><Timestamp>1361540025887</Timestamp><DateTime>Fri, 2013-02-22 08:33:45 EST</DateTime></Topic><Msg>useful report</Msg><Username>charlesurick</Username><Timestamp>1362682836851</Timestamp><DateTime>Thu, 2013-03-07 14:00:36 EST</DateTime><ThumbUp>0</ThumbUp><ThumbDown>0</ThumbDown><Sentiment/></Message><Message type="ReplyMessage"><Id>1362683168696-58</Id><Topic><Title>Analyst Downgrades GOOG , BREAKING NEWS !!!</Title><Username>robert_shorter</Username><Timestamp>1362151020595</Timestamp><DateTime>Fri, 2013-03-01 10:17:00 EST</DateTime></Topic><Msg>useful report</Msg><Username>charlesurick</Username><Timestamp>1362683168696</Timestamp><DateTime>Thu, 2013-03-07 14:06:08 EST</DateTime><ThumbUp>0</ThumbUp><ThumbDown>0</ThumbDown><Sentiment/></Message><Message type="ReplyMessage"><Id>1362683380577-59</Id><Topic><Title>MASSIVE GOOG Short Squeeze Coming (SEE DETAILED REPORT)</Title><Username>bryant_miller</Username><Timestamp>1362509597558</Timestamp><DateTime>Tue, 2013-03-05 13:53:17 EST</DateTime></Topic><Msg>useful report</Msg><Username>charlesurick</Username><Timestamp>1362683380577</Timestamp><DateTime>Thu, 2013-03-07 14:09:40 EST</DateTime><ThumbUp>0</ThumbUp><ThumbDown>0</ThumbDown><Sentiment/></Message><Message type="TopicMessage"><Id>1362683546249-60</Id><Title>Four analysts forecast $1,000 in One Year or less.</Title><Msg>Around a 25% profit. Wow!</Msg><Username>beaner9576</Username><Timestamp>1362683546249</Timestamp><DateTime>Thu, 2013-03-07 14:12:26 EST</DateTime><ThumbUp>0</ThumbUp><ThumbDown>0</ThumbDown><Sentiment/></Message><Message type="ReplyMessage"><Id>1362683753612-61</Id><Topic><Title>MEGA MONSTER SELL ORDERS COMING IN BLOOOOOOOOOOOOOOOOOOOOOOOOOOOODBATHHHHHHHH</Title><Username>pharmaheroou</Username><Timestamp>1362682796696</Timestamp><DateTime>Thu, 2013-03-07 13:59:56 EST</DateTime></Topic><Msg>norman ... s.e.c !</Msg><Username>cramerssloppyseconds</Username><Timestamp>1362683753612</Timestamp><DateTime>Thu, 2013-03-07 14:15:53 EST</DateTime><ThumbUp>0</ThumbUp><ThumbDown>0</ThumbDown><Sentiment/></Message><Message type="ReplyMessage"><Id>1362683778137-62</Id><Topic><Title>MEGA MONSTER SELL ORDERS COMING IN BLOOOOOOOOOOOOOOOOOOOOOOOOOOOODBATHHHHHHHH</Title><Username>pharmaheroou</Username><Timestamp>1362682796696</Timestamp><DateTime>Thu, 2013-03-07 13:59:56 EST</DateTime></Topic><Msg>norman ... s.e.c !</Msg><Username>cramerssloppyseconds</Username><Timestamp>1362683778137</Timestamp><DateTime>Thu, 2013-03-07 14:16:18 EST</DateTime><ThumbUp>0</ThumbUp><ThumbDown>0</ThumbDown><Sentiment/></Message><Message type="ReplyMessage"><Id>1362683786603-63</Id><Topic><Title>SHORT THIS MONSTER BUBBLEEEEEEEEEEEEEE INTOOOOO THE GROUNDDDDDDDDDDDDDDDDDDDDDDDDDDDDDDDDDDD</Title><Username>pharmaheroou</Username><Timestamp>1362682788649</Timestamp><DateTime>Thu, 2013-03-07 13:59:48 EST</DateTime></Topic><Msg>norman ... s.e.c !</Msg><Username>cramerssloppyseconds</Username><Timestamp>1362683786603</Timestamp><DateTime>Thu, 2013-03-07 14:16:26 EST</DateTime><ThumbUp>0</ThumbUp><ThumbDown>0</ThumbDown><Sentiment/></Message><Message type="ReplyMessage"><Id>1362683912411-64</Id><Topic><Title>I'm in way to deep</Title><Username>bagholderslose</Username><Timestamp>1362666992544</Timestamp><DateTime>Thu, 2013-03-07 09:36:32 EST</DateTime></Topic><Msg>Out at $6.20, this bad boy is still not ready to fall yet, I will short it again tomorrow. Easy money folks, easy money</Msg><Username>bagholderslose</Username><Timestamp>1362683912411</Timestamp><DateTime>Thu, 2013-03-07 14:18:32 EST</DateTime><ThumbUp>0</ThumbUp><ThumbDown>0</ThumbDown><Sentiment>Strong Sell</Sentiment></Message><Message type="TopicMessage"><Id>1362684000428-65</Id><Title>Pharmaheroou is a crying pig, AH, DH, MF, Loser!!!</Title><Msg>Go F yourself.</Msg><Username>beaner9576</Username><Timestamp>1362684000428</Timestamp><DateTime>Thu, 2013-03-07 14:20:00 EST</DateTime><ThumbUp>0</ThumbUp><ThumbDown>0</ThumbDown><Sentiment/></Message><Message type="TopicMessage"><Id>1362684010324-66</Id><Title>BUY ARR BUY ARR</Title><Msg>BUY ARR</Msg><Username>apextoner</Username><Timestamp>1362684010324</Timestamp><DateTime>Thu, 2013-03-07 14:20:10 EST</DateTime><ThumbUp>0</ThumbUp><ThumbDown>1</ThumbDown><Sentiment>Strong Buy</Sentiment></Message><Message type="TopicMessage"><Id>1362684076341-67</Id><Title>Armour</Title><Msg>Buy Armour residentail reit, pays .08 cents per share</Msg><Username>apextoner</Username><Timestamp>1362684076341</Timestamp><DateTime>Thu, 2013-03-07 14:21:16 EST</DateTime><ThumbUp>0</ThumbUp><ThumbDown>1</ThumbDown><Sentiment>Strong Buy</Sentiment></Message><Message type="TopicMessage"><Id>1362684116915-68</Id><Title>But ARR</Title><Msg>Buy ARR</Msg><Username>apextoner</Username><Timestamp>1362684116915</Timestamp><DateTime>Thu, 2013-03-07 14:21:56 EST</DateTime><ThumbUp>0</ThumbUp><ThumbDown>1</ThumbDown><Sentiment>Strong Buy</Sentiment></Message><Message type="ReplyMessage"><Id>1362684739348-69</Id><Topic><Title>The new Firefox OS ecosystem.</Title><Username>sam_the9th</Username><Timestamp>1362667305868</Timestamp><DateTime>Thu, 2013-03-07 09:41:45 EST</DateTime></Topic><Msg>FYI................</Msg><Username>sam_the9th</Username><Timestamp>1362684739348</Timestamp><DateTime>Thu, 2013-03-07 14:32:19 EST</DateTime><ThumbUp>0</ThumbUp><ThumbDown>0</ThumbDown><Sentiment/></Message><Message type="TopicMessage"><Id>1362684760229-70</Id><Title>Jobs report Friday expect to blow market up big. Puts get burned big time</Title><Msg>U will lose if you bet against goog</Msg><Username>beaner9576</Username><Timestamp>1362684760229</Timestamp><DateTime>Thu, 2013-03-07 14:32:40 EST</DateTime><ThumbUp>0</ThumbUp><ThumbDown>0</ThumbDown><Sentiment/></Message><Message type="ReplyMessage"><Id>1362684845751-71</Id><Topic><Title>Google Inc. (GOOG) SURVEY!</Title><Username>langrovaterri</Username><Timestamp>1361804176592</Timestamp><DateTime>Mon, 2013-02-25 09:56:16 EST</DateTime></Topic><Msg>Ok cool. I will check your article out.</Msg><Username>rocabeleleanor</Username><Timestamp>1362684845751</Timestamp><DateTime>Thu, 2013-03-07 14:34:05 EST</DateTime><ThumbUp>0</ThumbUp><ThumbDown>1</ThumbDown><Sentiment/></Message><Message type="TopicMessage"><Id>1362685128249-72</Id><Title>Check BVSN breakout quickly</Title><Msg>Do your thorough but quick DD ... but it seems BVSN is about to break out in a huge way now ... already up 2.28%... take it as a gift from GOOG+ ... has FB implications also ... common buyable platform for any social media ...</Msg><Username>kathlenebradshaw</Username><Timestamp>1362685128249</Timestamp><DateTime>Thu, 2013-03-07 14:38:48 EST</DateTime><ThumbUp>0</ThumbUp><ThumbDown>0</ThumbDown><Sentiment>Strong Buy</Sentiment></Message><Message type="ReplyMessage"><Id>1362686532582-73</Id><Topic><Title>The TRUTH about GOOG (COULD BE A SCAM!)</Title><Username>barbara_watkins</Username><Timestamp>1361540025887</Timestamp><DateTime>Fri, 2013-02-22 08:33:45 EST</DateTime></Topic><Msg>thanks a lot</Msg><Username>shirley_lock</Username><Timestamp>1362686532582</Timestamp><DateTime>Thu, 2013-03-07 15:02:12 EST</DateTime><ThumbUp>0</ThumbUp><ThumbDown>0</ThumbDown><Sentiment/></Message><Message type="ReplyMessage"><Id>1362686774136-74</Id><Topic><Title>Analyst Downgrades GOOG , BREAKING NEWS !!!</Title><Username>robert_shorter</Username><Timestamp>1362151020595</Timestamp><DateTime>Fri, 2013-03-01 10:17:00 EST</DateTime></Topic><Msg>thanks a lot</Msg><Username>shirley_lock</Username><Timestamp>1362686774136</Timestamp><DateTime>Thu, 2013-03-07 15:06:14 EST</DateTime><ThumbUp>0</ThumbUp><ThumbDown>0</ThumbDown><Sentiment/></Message><Message type="ReplyMessage"><Id>1362687026540-75</Id><Topic><Title>MASSIVE GOOG Short Squeeze Coming (SEE DETAILED REPORT)</Title><Username>bryant_miller</Username><Timestamp>1362509597558</Timestamp><DateTime>Tue, 2013-03-05 13:53:17 EST</DateTime></Topic><Msg>thanks a lot</Msg><Username>shirley_lock</Username><Timestamp>1362687026540</Timestamp><DateTime>Thu, 2013-03-07 15:10:26 EST</DateTime><ThumbUp>0</ThumbUp><ThumbDown>0</ThumbDown><Sentiment/></Message><Message type="TopicMessage"><Id>1362687554999-76</Id><Title>Samsung Galaxy S4 new review out next week</Title><Msg>Yo had a chance to check out the brand spa king new Samsung Galaxy S4 yo on BGR and such and such. 8 cores yo. That's tite yo. 4 gigs.or 2 gigs of ram. Badonkadonk. Son. True dat. Also the screen is off the charts. Fone gots the hook up. 8 cores yo. 8 cores. True. True indeed. Bus it check it. Holla back at ya boy.</Msg><Username>samsungtyrone</Username><Timestamp>1362687554999</Timestamp><DateTime>Thu, 2013-03-07 15:19:14 EST</DateTime><ThumbUp>0</ThumbUp><ThumbDown>3</ThumbDown><Sentiment/></Message><Message type="ReplyMessage"><Id>1362687581695-77</Id><Topic><Title>Major GOOG Pre Promotion Report</Title><Username>judesanders</Username><Timestamp>1362062119306</Timestamp><DateTime>Thu, 2013-02-28 09:35:19 EST</DateTime></Topic><Msg>good report</Msg><Username>harding_louis</Username><Timestamp>1362687581695</Timestamp><DateTime>Thu, 2013-03-07 15:19:41 EST</DateTime><ThumbUp>0</ThumbUp><ThumbDown>1</ThumbDown><Sentiment/></Message><Message type="TopicMessage"><Id>1362687706634-78</Id><Title>Samsung S4 bus it check it</Title><Msg>My mike sounds nice check one. My mike sounds nice check too. Next week Sammy gonna drop the S4 and let me tell yous it is tite. Can I get a beep beep. Holla.</Msg><Username>samsungtyrone</Username><Timestamp>1362687706634</Timestamp><DateTime>Thu, 2013-03-07 15:21:46 EST</DateTime><ThumbUp>0</ThumbUp><ThumbDown>3</ThumbDown><Sentiment/></Message><Message type="TopicMessage"><Id>1362688443560-79</Id><Title>Moving money to FB for high % gains for now</Title><Msg>Does not mean GOOG is not good longer term.</Msg><Username>cybercash28</Username><Timestamp>1362688443560</Timestamp><DateTime>Thu, 2013-03-07 15:34:03 EST</DateTime><ThumbUp>0</ThumbUp><ThumbDown>0</ThumbDown><Sentiment/></Message><Message type="ReplyMessage"><Id>1362688561572-80</Id><Topic><Title>This update is fabulous and fantastic for GOOG stock</Title><Username>nickimiller85</Username><Timestamp>1361392858448</Timestamp><DateTime>Wed, 2013-02-20 15:40:58 EST</DateTime></Topic><Msg>keep the great work up, I loved the reports</Msg><Username>kashmir.hill</Username><Timestamp>1362688561572</Timestamp><DateTime>Thu, 2013-03-07 15:36:01 EST</DateTime><ThumbUp>2</ThumbUp><ThumbDown>0</ThumbDown><Sentiment/></Message><Message type="ReplyMessage"><Id>1362688636532-81</Id><Topic><Title>This is just amazing and has great information on GOOG stock</Title><Username>abate2128276</Username><Timestamp>1355454636881</Timestamp><DateTime>Thu, 2012-12-13 22:10:36 EST</DateTime></Topic><Msg>Just had to add my love for it too, great stuff</Msg><Username>kashmir.hill</Username><Timestamp>1362688636532</Timestamp><DateTime>Thu, 2013-03-07 15:37:16 EST</DateTime><ThumbUp>2</ThumbUp><ThumbDown>0</ThumbDown><Sentiment/></Message><Message type="ReplyMessage"><Id>1362688781148-82</Id><Topic><Title>This is just amazing and has great information on GOOG stock</Title><Username>abate2128276</Username><Timestamp>1355454636881</Timestamp><DateTime>Thu, 2012-12-13 22:10:36 EST</DateTime></Topic><Msg>I am a fan</Msg><Username>kashmir.hill</Username><Timestamp>1362688781148</Timestamp><DateTime>Thu, 2013-03-07 15:39:41 EST</DateTime><ThumbUp>2</ThumbUp><ThumbDown>0</ThumbDown><Sentiment/></Message><Message type="ReplyMessage"><Id>1362688850996-83</Id><Topic><Title>This update is fabulous and fantastic for GOOG stock</Title><Username>nickimiller85</Username><Timestamp>1361392858448</Timestamp><DateTime>Wed, 2013-02-20 15:40:58 EST</DateTime></Topic><Msg>really appreciate your work</Msg><Username>kashmir.hill</Username><Timestamp>1362688850996</Timestamp><DateTime>Thu, 2013-03-07 15:40:50 EST</DateTime><ThumbUp>3</ThumbUp><ThumbDown>0</ThumbDown><Sentiment/></Message><Message type="ReplyMessage"><Id>1362689535676-84</Id><Topic><Title>Check it! Google can achieve 900 at the begging of March!</Title><Username>gutierrezdavid933</Username><Timestamp>1361789790735</Timestamp><DateTime>Mon, 2013-02-25 05:56:30 EST</DateTime></Topic><Msg>Good news</Msg><Username>bryantmicheal280</Username><Timestamp>1362689535676</Timestamp><DateTime>Thu, 2013-03-07 15:52:15 EST</DateTime><ThumbUp>0</ThumbUp><ThumbDown>1</ThumbDown><Sentiment/></Message><Message type="ReplyMessage"><Id>1362690678001-85</Id><Topic><Title>GOOG shocking news just came out!</Title><Username>bryancolder</Username><Timestamp>1361795959729</Timestamp><DateTime>Mon, 2013-02-25 07:39:19 EST</DateTime></Topic><Msg>Awesome</Msg><Username>sterlingfoley</Username><Timestamp>1362690678001</Timestamp><DateTime>Thu, 2013-03-07 16:11:18 EST</DateTime><ThumbUp>0</ThumbUp><ThumbDown>0</ThumbDown><Sentiment/></Message><Message type="ReplyMessage"><Id>1362690701725-86</Id><Topic><Title>The TRUTH about GOOG (COULD BE A SCAM!)</Title><Username>barbara_watkins</Username><Timestamp>1361540025887</Timestamp><DateTime>Fri, 2013-02-22 08:33:45 EST</DateTime></Topic><Msg>good report!</Msg><Username>wlarson203</Username><Timestamp>1362690701725</Timestamp><DateTime>Thu, 2013-03-07 16:11:41 EST</DateTime><ThumbUp>0</ThumbUp><ThumbDown>0</ThumbDown><Sentiment/></Message><Message type="TopicMessage"><Id>1362690766946-87</Id><Title>Google is the stock that you would want to own for the rest of your life...</Title><Msg>Google is the stock that you would want to own for the rest of your life (at least I could say that for the next three to five years)... They have great dream and innovation.</Msg><Username>yinvestor</Username><Timestamp>1362690766946</Timestamp><DateTime>Thu, 2013-03-07 16:12:46 EST</DateTime><ThumbUp>0</ThumbUp><ThumbDown>0</ThumbDown><Sentiment/></Message><Message type="ReplyMessage"><Id>1362690853211-88</Id><Topic><Title>Analyst Downgrades GOOG , BREAKING NEWS !!!</Title><Username>robert_shorter</Username><Timestamp>1362151020595</Timestamp><DateTime>Fri, 2013-03-01 10:17:00 EST</DateTime></Topic><Msg>good report!</Msg><Username>wlarson203</Username><Timestamp>1362690853211</Timestamp><DateTime>Thu, 2013-03-07 16:14:13 EST</DateTime><ThumbUp>0</ThumbUp><ThumbDown>0</ThumbDown><Sentiment/></Message><Message type="TopicMessage"><Id>1362691167774-89</Id><Title>TIM (GAY) COOK HAS TURNED TO SELLING PLASTIC, NOT TECHNOLGY</Title><Msg>Plastic outer cases, plastic accessories, plastic wristwatch (tba)...apple is a gay plastic company and it's that image that is killing steve's creation. god rest your soul steve, we're all so sorry for how cook is destroying your baby. we honor and pay tribute to your memory and all that you gave us in this life. thank you!!!</Msg><Username>thebookstar1</Username><Timestamp>1362691167774</Timestamp><DateTime>Thu, 2013-03-07 16:19:27 EST</DateTime><ThumbUp>0</ThumbUp><ThumbDown>1</ThumbDown><Sentiment/></Message><Message type="ReplyMessage"><Id>1362691191506-90</Id><Topic><Title>MASSIVE GOOG Short Squeeze Coming (SEE DETAILED REPORT)</Title><Username>bryant_miller</Username><Timestamp>1362509597558</Timestamp><DateTime>Tue, 2013-03-05 13:53:17 EST</DateTime></Topic><Msg>good report!</Msg><Username>wlarson203</Username><Timestamp>1362691191506</Timestamp><DateTime>Thu, 2013-03-07 16:19:51 EST</DateTime><ThumbUp>0</ThumbUp><ThumbDown>0</ThumbDown><Sentiment/></Message><Message type="TopicMessage"><Id>1362691321926-91</Id><Title>N. korea's now trying to make friend's with the rest of america.......</Title><Msg>oh that funny!</Msg><Username>cla19gcco</Username><Timestamp>1362691321926</Timestamp><DateTime>Thu, 2013-03-07 16:22:01 EST</DateTime><ThumbUp>0</ThumbUp><ThumbDown>0</ThumbDown><Sentiment/></Message><Message type="ReplyMessage"><Id>1362692161275-92</Id><Topic><Title>MASSIVE GOOG Short Squeeze Coming (SEE DETAILED REPORT)</Title><Username>bryant_miller</Username><Timestamp>1362509597558</Timestamp><DateTime>Tue, 2013-03-05 13:53:17 EST</DateTime></Topic><Msg>Awesome report , thank you !!</Msg><Username>marilyn.coates</Username><Timestamp>1362692161275</Timestamp><DateTime>Thu, 2013-03-07 16:36:01 EST</DateTime><ThumbUp>0</ThumbUp><ThumbDown>0</ThumbDown><Sentiment/></Message><Message type="ReplyMessage"><Id>1362692452527-93</Id><Topic><Title>Analyst Downgrades GOOG , BREAKING NEWS !!!</Title><Username>robert_shorter</Username><Timestamp>1362151020595</Timestamp><DateTime>Fri, 2013-03-01 10:17:00 EST</DateTime></Topic><Msg>Awesome report , thank you !!</Msg><Username>marilyn.coates</Username><Timestamp>1362692452527</Timestamp><DateTime>Thu, 2013-03-07 16:40:52 EST</DateTime><ThumbUp>0</ThumbUp><ThumbDown>0</ThumbDown><Sentiment/></Message><Message type="ReplyMessage"><Id>1362692690815-94</Id><Topic><Title>The TRUTH about GOOG (COULD BE A SCAM!)</Title><Username>barbara_watkins</Username><Timestamp>1361540025887</Timestamp><DateTime>Fri, 2013-02-22 08:33:45 EST</DateTime></Topic><Msg>Awesome report , thank you !!</Msg><Username>marilyn.coates</Username><Timestamp>1362692690815</Timestamp><DateTime>Thu, 2013-03-07 16:44:50 EST</DateTime><ThumbUp>0</ThumbUp><ThumbDown>1</ThumbDown><Sentiment/></Message><Message type="TopicMessage"><Id>1362696215450-95</Id><Title>Goog down 20 tomor,,CNBC bashing bring on all the bashers</Title><Msg>Run billy run,,,,,,buy HLF will be up 10 tomor,,Icahn increased stake just announce after hr</Msg><Username>housedoctor66</Username><Timestamp>1362696215450</Timestamp><DateTime>Thu, 2013-03-07 17:43:35 EST</DateTime><ThumbUp>0</ThumbUp><ThumbDown>0</ThumbDown><Sentiment/></Message><Message type="TopicMessage"><Id>1362698161600-96</Id><Title>Cash out Goog people, buy AAPL, little near term upside from here.</Title><Msg>AAPL will have its day, PE at 9</Msg><Username>bowhunter30pts</Username><Timestamp>1362698161600</Timestamp><DateTime>Thu, 2013-03-07 18:16:01 EST</DateTime><ThumbUp>0</ThumbUp><ThumbDown>1</ThumbDown><Sentiment/></Message><Message type="ReplyMessage"><Id>1362700393784-97</Id><Topic><Title>Cash out Goog people, buy AAPL, little near term upside from here.</Title><Username>bowhunter30pts</Username><Timestamp>1362698161600</Timestamp><DateTime>Thu, 2013-03-07 18:16:01 EST</DateTime></Topic><Msg>Don't fall into this trap. Learn from history. Apple only goes up when the company buy few shares. The company has a leadership crisis and competitors are killing them. If its goes to 435 short everything you can.</Msg><Username>vperez195</Username><Timestamp>1362700393784</Timestamp><DateTime>Thu, 2013-03-07 18:53:13 EST</DateTime><ThumbUp>0</ThumbUp><ThumbDown>0</ThumbDown><Sentiment/></Message><Message type="TopicMessage"><Id>1362700662364-98</Id><Title>850 pin tomorrow.</Title><Msg>Doesn't seem likely now, but I've seen them do this dozens of times before. Options were stagnant the past two days. Time to run on expiration day.</Msg><Username>mxpxqc78</Username><Timestamp>1362700662364</Timestamp><DateTime>Thu, 2013-03-07 18:57:42 EST</DateTime><ThumbUp>0</ThumbUp><ThumbDown>1</ThumbDown><Sentiment/></Message><Message type="ReplyMessage"><Id>1362701576009-99</Id><Topic><Title>850 pin tomorrow.</Title><Username>mxpxqc78</Username><Timestamp>1362700662364</Timestamp><DateTime>Thu, 2013-03-07 18:57:42 EST</DateTime></Topic><Msg>This is, of course, dependent upon the jobs report being good (but not too good).</Msg><Username>mxpxqc78</Username><Timestamp>1362701576009</Timestamp><DateTime>Thu, 2013-03-07 19:12:56 EST</DateTime><ThumbUp>0</ThumbUp><ThumbDown>0</ThumbDown><Sentiment/></Message><Message type="TopicMessage"><Id>1362701914760-100</Id><Title>This will go the way of apple...</Title><Msg>GOOG is another bubble!</Msg><Username>dick.harper</Username><Timestamp>1362701914760</Timestamp><DateTime>Thu, 2013-03-07 19:18:34 EST</DateTime><ThumbUp>0</ThumbUp><ThumbDown>0</ThumbDown><Sentiment/></Message><Message type="TopicMessage"><Id>1362705429425-101</Id><Title>GOOG the next CSCO, DELL, INTC, MSFT, HPQ,AAPL,GE</Title><Msg>GOOG the next CSCO, DELL GTW,, INTC, MSFT, HPQ,AAPL,GE.....bad search engine and declining phone prices, Opening stores will make it go down faster like AAPL and Gateway.</Msg><Username>alblok2</Username><Timestamp>1362705429425</Timestamp><DateTime>Thu, 2013-03-07 20:17:09 EST</DateTime><ThumbUp>0</ThumbUp><ThumbDown>0</ThumbDown><Sentiment/></Message><Message type="TopicMessage"><Id>1362705596831-102</Id><Title>The analysts played goog just like Appl</Title><Msg>$1000.00 price target everywhere, same as Appl back in 09/12</Msg><Username>mingngai</Username><Timestamp>1362705596831</Timestamp><DateTime>Thu, 2013-03-07 20:19:56 EST</DateTime><ThumbUp>1</ThumbUp><ThumbDown>0</ThumbDown><Sentiment/></Message><Message type="ReplyMessage"><Id>1362705924878-103</Id><Topic><Title>The analysts played goog just like Appl</Title><Username>mingngai</Username><Timestamp>1362705596831</Timestamp><DateTime>Thu, 2013-03-07 20:19:56 EST</DateTime></Topic><Msg>This is very eerie and GOOG may have topped out yesterday. Starting a put position today with the April 825 put, very expensive but a good gamble.</Msg><Username>jms_linn</Username><Timestamp>1362705924878</Timestamp><DateTime>Thu, 2013-03-07 20:25:24 EST</DateTime><ThumbUp>2</ThumbUp><ThumbDown>0</ThumbDown><Sentiment/></Message><Message type="TopicMessage"><Id>1362710321375-104</Id><Title>Interesting..FB and GOOG..</Title><Msg>http://www.cnbc.com/id/100533124?__source=yahoo%7Cheadline%7Cquote%7Ctext%7C&amp;par=yahoo</Msg><Username>cybercash28</Username><Timestamp>1362710321375</Timestamp><DateTime>Thu, 2013-03-07 21:38:41 EST</DateTime><ThumbUp>0</ThumbUp><ThumbDown>0</ThumbDown><Sentiment/></Message><Message type="ReplyMessage"><Id>1362712198353-105</Id><Topic><Title>850 pin tomorrow.</Title><Username>mxpxqc78</Username><Timestamp>1362700662364</Timestamp><DateTime>Thu, 2013-03-07 18:57:42 EST</DateTime></Topic><Msg>850 pin? Specialist don't pin prices $20 higher ever. If GOOG gets pinned it will be around the $830 area.</Msg><Username>rodgwag</Username><Timestamp>1362712198353</Timestamp><DateTime>Thu, 2013-03-07 22:09:58 EST</DateTime><ThumbUp>0</ThumbUp><ThumbDown>0</ThumbDown><Sentiment/></Message><Message type="TopicMessage"><Id>1362716183954-106</Id><Title>They will Crash Google</Title><Msg>strong sell</Msg><Username>waterhousemann</Username><Timestamp>1362716183954</Timestamp><DateTime>Thu, 2013-03-07 23:16:23 EST</DateTime><ThumbUp>0</ThumbUp><ThumbDown>0</ThumbDown><Sentiment/></Message><Message type="TopicMessage"><Id>1362718789800-107</Id><Title>not a goog stock fan though wish i bought at 600</Title><Msg>now hearing that its going to 1000 like we heard about aapl,</Msg><Username>raygeo2003</Username><Timestamp>1362718789800</Timestamp><DateTime>Thu, 2013-03-07 23:59:49 EST</DateTime><ThumbUp>0</ThumbUp><ThumbDown>0</ThumbDown><Sentiment/></Message></Date>