<?xml version="1.0" encoding="UTF-8" standalone="no"?><Date date="2012-11-26"><Message type="ReplyMessage"><Id>1353944630556-1</Id><Topic><Title>There's that Pesky Ebay $50 Again</Title><Username>johns_joint</Username><Timestamp>1350914034629</Timestamp><DateTime>Mon, 2012-10-22 09:53:54 EDT</DateTime></Topic><Msg>Looks like that pesky $50 just won't stay away!</Msg><Username>johns_joint</Username><Timestamp>1353944630556</Timestamp><DateTime>Mon, 2012-11-26 10:43:50 EST</DateTime><ThumbUp>1</ThumbUp><ThumbDown>1</ThumbDown><Sentiment/></Message><Message type="ReplyMessage"><Id>1353949968820-2</Id><Topic><Title>Insiders selling like crazy assuming $48 price, double than last year</Title><Username>uddi_uddi_javan</Username><Timestamp>1353688576459</Timestamp><DateTime>Fri, 2012-11-23 11:36:16 EST</DateTime></Topic><Msg>So much for predictions.</Msg><Username>chklondon</Username><Timestamp>1353949968820</Timestamp><DateTime>Mon, 2012-11-26 12:12:48 EST</DateTime><ThumbUp>0</ThumbUp><ThumbDown>0</ThumbDown><Sentiment/></Message><Message type="TopicMessage"><Id>1353950260248-3</Id><Title>eBay, ( Paypal) , is less than $10.00 away.....</Title><Msg>eBay, also Paypal, at $50+ is less than $10 away from a New All Time High.</Msg><Username>keimosaabe</Username><Timestamp>1353950260248</Timestamp><DateTime>Mon, 2012-11-26 12:17:40 EST</DateTime><ThumbUp>1</ThumbUp><ThumbDown>0</ThumbDown><Sentiment/></Message><Message type="TopicMessage"><Id>1353956444254-4</Id><Title>Taking some profits now.</Title><Msg>Bought some at 46, 47, and 48 last week or two. Cyber Monday pushing it higher today.</Msg><Username>bull_v_bear</Username><Timestamp>1353956444254</Timestamp><DateTime>Mon, 2012-11-26 14:00:44 EST</DateTime><ThumbUp>0</ThumbUp><ThumbDown>0</ThumbDown><Sentiment/></Message><Message type="TopicMessage"><Id>1353956477872-5</Id><Title>Fascinating To See Even Ebay Is Getting The Obama Landslide "Bump"!!</Title><Msg>Wonderful how that works! Everything is getting better and better!</Msg><Username>fellow.professor</Username><Timestamp>1353956477872</Timestamp><DateTime>Mon, 2012-11-26 14:01:17 EST</DateTime><ThumbUp>3</ThumbUp><ThumbDown>0</ThumbDown><Sentiment/></Message><Message type="TopicMessage"><Id>1353960451072-6</Id><Title>Soon $60 point run will start</Title><Msg>I call it the marathon of Ebay</Msg><Username>jgiled</Username><Timestamp>1353960451072</Timestamp><DateTime>Mon, 2012-11-26 15:07:31 EST</DateTime><ThumbUp>2</ThumbUp><ThumbDown>1</ThumbDown><Sentiment/></Message><Message type="ReplyMessage"><Id>1353960730907-7</Id><Topic><Title>Soon $60 point run will start</Title><Username>jgiled</Username><Timestamp>1353960451072</Timestamp><DateTime>Mon, 2012-11-26 15:07:31 EST</DateTime></Topic><Msg>More likely, eBay will finally get caught cooking the books and the only running they will be doing is to follow Enron's tragic footsteps.</Msg><Username>quinnwolf</Username><Timestamp>1353960730907</Timestamp><DateTime>Mon, 2012-11-26 15:12:10 EST</DateTime><ThumbUp>0</ThumbUp><ThumbDown>1</ThumbDown><Sentiment>Strong Buy</Sentiment></Message><Message type="ReplyMessage"><Id>1353964502790-8</Id><Topic><Title>Soon $60 point run will start</Title><Username>jgiled</Username><Timestamp>1353960451072</Timestamp><DateTime>Mon, 2012-11-26 15:07:31 EST</DateTime></Topic><Msg>"cooking the books" Ebay has no need to cook anything other than the sellers they have. I've been paying monthly for 12 years now with no end in sight</Msg><Username>johns_joint</Username><Timestamp>1353964502790</Timestamp><DateTime>Mon, 2012-11-26 16:15:02 EST</DateTime><ThumbUp>1</ThumbUp><ThumbDown>1</ThumbDown><Sentiment/></Message><Message type="TopicMessage"><Id>1353971154784-9</Id><Title>So Funny To See My Imitator And His Girl/Boyfriend Called Out Like Dogs While I Profit.</Title><Msg>Men like me trade, invest and make money. Pudwacks fret over some poster who left six years ago. Some pudwacks have lived here 12 years! They're busy deleting posts and sweating their stains while men just post in their other IDs. Spinning spinning 'round and 'round. Simon says hug the ground. ROTFLMAO!!!!!!!!!!!!!!!!!!!!! Sully</Msg><Username>sullyinmass.2012</Username><Timestamp>1353971154784</Timestamp><DateTime>Mon, 2012-11-26 18:05:54 EST</DateTime><ThumbUp>1</ThumbUp><ThumbDown>0</ThumbDown><Sentiment/></Message><Message type="ReplyMessage"><Id>1353974955885-10</Id><Topic><Title>Soon $60 point run will start</Title><Username>jgiled</Username><Timestamp>1353960451072</Timestamp><DateTime>Mon, 2012-11-26 15:07:31 EST</DateTime></Topic><Msg>should be at $60+ by some time in January</Msg><Username>acman40930</Username><Timestamp>1353974955885</Timestamp><DateTime>Mon, 2012-11-26 19:09:15 EST</DateTime><ThumbUp>1</ThumbUp><ThumbDown>0</ThumbDown><Sentiment>Strong Buy</Sentiment></Message></Date>