<?xml version="1.0" encoding="UTF-8" standalone="no"?><Date date="2012-10-08"><Message type="TopicMessage"><Id>1349715792973-1</Id><Title>ebay and paypal are having internet problems now</Title><Msg>ebay and paypal are having internet problems now as a user, I can't get paypal to function or ebay for the last two hours</Msg><Username>chinadishes</Username><Timestamp>1349715792973</Timestamp><DateTime>Mon, 2012-10-08 13:03:12 EDT</DateTime><ThumbUp>0</ThumbUp><ThumbDown>0</ThumbDown><Sentiment/></Message><Message type="ReplyMessage"><Id>1349715904755-2</Id><Topic><Title>I BEEN SELLING ON EBAY 12 YEARS,SALES HAVE COME TO A STALL, NO SALES WORST IN 10 YEARS</Title><Username>capecod245</Username><Timestamp>1349481482849</Timestamp><DateTime>Fri, 2012-10-05 19:58:02 EDT</DateTime></Topic><Msg>Worst in 15 years for me and Oct should be my best month</Msg><Username>chinadishes</Username><Timestamp>1349715904755</Timestamp><DateTime>Mon, 2012-10-08 13:05:04 EDT</DateTime><ThumbUp>0</ThumbUp><ThumbDown>0</ThumbDown><Sentiment/></Message><Message type="ReplyMessage"><Id>1349716012531-3</Id><Topic><Title>I BEEN SELLING ON EBAY 12 YEARS,SALES HAVE COME TO A STALL, NO SALES WORST IN 10 YEARS</Title><Username>capecod245</Username><Timestamp>1349481482849</Timestamp><DateTime>Fri, 2012-10-05 19:58:02 EDT</DateTime></Topic><Msg>ditto from another powerseller</Msg><Username>chinadishes</Username><Timestamp>1349716012531</Timestamp><DateTime>Mon, 2012-10-08 13:06:52 EDT</DateTime><ThumbUp>0</ThumbUp><ThumbDown>0</ThumbDown><Sentiment/></Message><Message type="ReplyMessage"><Id>1349716192593-4</Id><Topic><Title>I BEEN SELLING ON EBAY 12 YEARS,SALES HAVE COME TO A STALL, NO SALES WORST IN 10 YEARS</Title><Username>capecod245</Username><Timestamp>1349481482849</Timestamp><DateTime>Fri, 2012-10-05 19:58:02 EDT</DateTime></Topic><Msg>I'd like to list today, but ebay is "down"</Msg><Username>chinadishes</Username><Timestamp>1349716192593</Timestamp><DateTime>Mon, 2012-10-08 13:09:52 EDT</DateTime><ThumbUp>0</ThumbUp><ThumbDown>0</ThumbDown><Sentiment/></Message><Message type="TopicMessage"><Id>1349716462876-5</Id><Title>paypal &amp;ebay outage today</Title><Msg>Having problems for the last 3 hours at least. Can't list, can't bid, can't do paypal</Msg><Username>chinadishes</Username><Timestamp>1349716462876</Timestamp><DateTime>Mon, 2012-10-08 13:14:22 EDT</DateTime><ThumbUp>0</ThumbUp><ThumbDown>0</ThumbDown><Sentiment/></Message><Message type="ReplyMessage"><Id>1349744011646-6</Id><Topic><Title>I BEEN SELLING ON EBAY 12 YEARS,SALES HAVE COME TO A STALL, NO SALES WORST IN 10 YEARS</Title><Username>capecod245</Username><Timestamp>1349481482849</Timestamp><DateTime>Fri, 2012-10-05 19:58:02 EDT</DateTime></Topic><Msg>Nice try Shortie. You must really be feeling the pain of your short position. LOL!</Msg><Username>mpg54</Username><Timestamp>1349744011646</Timestamp><DateTime>Mon, 2012-10-08 20:53:31 EDT</DateTime><ThumbUp>0</ThumbUp><ThumbDown>0</ThumbDown><Sentiment/></Message></Date>