<?xml version="1.0" encoding="UTF-8" standalone="no"?><Date date="2012-07-25"><Message type="ReplyMessage"><Id>1343222623000-1</Id><Topic><Title>Way to go.......Sully!</Title><Username>gewizmeto</Username><Timestamp>1343172666000</Timestamp><DateTime>Tue, 2012-07-24 19:31:06 EDT</DateTime></Topic><Msg>"You really know how to pick-em" Thanks for the shout-out. I appreciate it. I've made tons of money on this stock and the aapl stock. I also got John to invest in the aapl stock, he is making a fortune. Sully</Msg><Username>sullyinma2007</Username><Timestamp>1343222623000</Timestamp><DateTime>Wed, 2012-07-25 09:23:43 EDT</DateTime><ThumbUp>0</ThumbUp><ThumbDown>2</ThumbDown><Sentiment/></Message><Message type="TopicMessage"><Id>1343224009000-2</Id><Title>ebay looks like a rocket, stright up today.</Title><Msg>ebay looks like a rocket, stright up today!! Some one put a fire under it.</Msg><Username>acman40930</Username><Timestamp>1343224009000</Timestamp><DateTime>Wed, 2012-07-25 09:46:49 EDT</DateTime><ThumbUp>0</ThumbUp><ThumbDown>0</ThumbDown><Sentiment/></Message><Message type="ReplyMessage"><Id>1343224477000-3</Id><Topic><Title>Going Higher!</Title><Username>gwenqqn320</Username><Timestamp>1343219240000</Timestamp><DateTime>Wed, 2012-07-25 08:27:20 EDT</DateTime></Topic><Msg>STINKING SPAM MALWARE LINKS - FREE</Msg><Username>killspam13</Username><Timestamp>1343224477000</Timestamp><DateTime>Wed, 2012-07-25 09:54:37 EDT</DateTime><ThumbUp>0</ThumbUp><ThumbDown>0</ThumbDown><Sentiment/></Message><Message type="ReplyMessage"><Id>1343225596000-4</Id><Topic><Title>Way to go.......Sully!</Title><Username>gewizmeto</Username><Timestamp>1343172666000</Timestamp><DateTime>Tue, 2012-07-24 19:31:06 EDT</DateTime></Topic><Msg>"I've made tons of money on this stock and the aapl stock. I also got John to invest in the aapl stock, he is making a fortune." If only they knew my friend, if only they knew!! After letting me know only a fraction of you holdings, I am $taggered . Please don't give me a hard time again for opening my big mouth about you. You talk.......we all listen. YOU OWN THIS PLAcE. -Sully Rules</Msg><Username>sullys_ebay_board</Username><Timestamp>1343225596000</Timestamp><DateTime>Wed, 2012-07-25 10:13:16 EDT</DateTime><ThumbUp>0</ThumbUp><ThumbDown>3</ThumbDown><Sentiment/></Message><Message type="ReplyMessage"><Id>1343225812000-5</Id><Topic><Title>Way to go.......Sully!</Title><Username>gewizmeto</Username><Timestamp>1343172666000</Timestamp><DateTime>Tue, 2012-07-24 19:31:06 EDT</DateTime></Topic><Msg>(I've made tons of money on this stock and the aapl stock. I also got John to invest in the aapl stock, he is making a fortune.) Sounds to me like you lost this time. John lost money also...? I bet he appreciates the free public announcement...? Way to go John! Maybe you should start a news letter....LOL</Msg><Username>gewizmeto</Username><Timestamp>1343225812000</Timestamp><DateTime>Wed, 2012-07-25 10:16:52 EDT</DateTime><ThumbUp>3</ThumbUp><ThumbDown>1</ThumbDown><Sentiment/></Message><Message type="TopicMessage"><Id>1343228318000-6</Id><Title>This is not a high flyer, it's valuation is lower than DIS, buy the dip,</Title><Msg>sell the high flyers</Msg><Username>wingofeaglets</Username><Timestamp>1343228318000</Timestamp><DateTime>Wed, 2012-07-25 10:58:38 EDT</DateTime><ThumbUp>0</ThumbUp><ThumbDown>0</ThumbDown><Sentiment/></Message><Message type="ReplyMessage"><Id>1343231368000-7</Id><Topic><Title>Way to go.......Sully!</Title><Username>gewizmeto</Username><Timestamp>1343172666000</Timestamp><DateTime>Tue, 2012-07-24 19:31:06 EDT</DateTime></Topic><Msg>Yes Gewiz! We're all making so muvch money listening to Sullied repeat her sullied self! Yes, we're just richer than Gates! Taller than Shaq, smartewr than the average beasr, all thanks to Sullied repeating her g@y sickness in public. High five her, and if you miss and slap her frittering flapping face, so much the better!</Msg><Username>sybil.dribble</Username><Timestamp>1343231368000</Timestamp><DateTime>Wed, 2012-07-25 11:49:28 EDT</DateTime><ThumbUp>8</ThumbUp><ThumbDown>2</ThumbDown><Sentiment/></Message><Message type="TopicMessage"><Id>1343232014000-8</Id><Title>The Hypocracy Here Is Incredibly Amusing!</Title><Msg>There is a small gaggle here who babble every day, almost every hour, about nothing, yet they hate spammers. This gaggle has no investments but is rich on pretend investments! This gaggle has 100s of IDs but hate people with other IDs! They spam continuously but hate spammers. They hate all one poster but he is not here. They drag ebay down, but claim they love it. They pretend to be John's pal's but wrecked him. They pretend to have conversations but read them and laugh! And laugh! It's an incredible laugh! Constant hilarity!</Msg><Username>sybil.dribble</Username><Timestamp>1343232014000</Timestamp><DateTime>Wed, 2012-07-25 12:00:14 EDT</DateTime><ThumbUp>7</ThumbUp><ThumbDown>1</ThumbDown><Sentiment/></Message><Message type="ReplyMessage"><Id>1343232220000-9</Id><Topic><Title>Way to go.......Sully!</Title><Username>gewizmeto</Username><Timestamp>1343172666000</Timestamp><DateTime>Tue, 2012-07-24 19:31:06 EDT</DateTime></Topic><Msg>"muvch", "smartewr", "beasr" Charles, You might want to go back and try that post again. I've told you time and time again not to post while drunk. You make yourself look like a bigger fool than normal. If that is even possible. ROTFLMAO!!! Sully</Msg><Username>sullyinma2007</Username><Timestamp>1343232220000</Timestamp><DateTime>Wed, 2012-07-25 12:03:40 EDT</DateTime><ThumbUp>0</ThumbUp><ThumbDown>3</ThumbDown><Sentiment/></Message><Message type="ReplyMessage"><Id>1343232402000-10</Id><Topic><Title>Way to go.......Sully!</Title><Username>gewizmeto</Username><Timestamp>1343172666000</Timestamp><DateTime>Tue, 2012-07-24 19:31:06 EDT</DateTime></Topic><Msg>""muvch", "smartewr", "beasr" Charles, You might want to go back and try that post again. I've told you time and time again not to post while drunk. You make yourself look like a bigger fool than normal. If that is even possible. ROTFLMAO!!! Sully" OUCH !!!! lol lol lol lol lol lol</Msg><Username>sullys_ebay_board</Username><Timestamp>1343232402000</Timestamp><DateTime>Wed, 2012-07-25 12:06:42 EDT</DateTime><ThumbUp>0</ThumbUp><ThumbDown>3</ThumbDown><Sentiment/></Message><Message type="TopicMessage"><Id>1343232702000-11</Id><Title>Charles is like a broken record</Title><Msg>He stalks this board 24/7, sitting in his own urine and feces while doing so. It doesn't matter whether he posts under his johnosborne.toolfool, sybil.dribble, fake sully ids, crybaby_spotter, or any of his other hundreds of ids. He just spews the same crap day in and day out. He's really into gay talk, as evidenced by all his post with "g@y" in them. What a sad human being Charles is. ROTFLMAO!!! Sully</Msg><Username>sullyinma2007</Username><Timestamp>1343232702000</Timestamp><DateTime>Wed, 2012-07-25 12:11:42 EDT</DateTime><ThumbUp>1</ThumbUp><ThumbDown>2</ThumbDown><Sentiment/></Message><Message type="ReplyMessage"><Id>1343232917000-12</Id><Topic><Title>Way to go.......Sully!</Title><Username>gewizmeto</Username><Timestamp>1343172666000</Timestamp><DateTime>Tue, 2012-07-24 19:31:06 EDT</DateTime></Topic><Msg>That's not my name idiot and you know it, but thanks for making my point for me. I knew those typos would flp your sullied brainn.</Msg><Username>sybil.dribble</Username><Timestamp>1343232917000</Timestamp><DateTime>Wed, 2012-07-25 12:15:17 EDT</DateTime><ThumbUp>7</ThumbUp><ThumbDown>2</ThumbDown><Sentiment/></Message><Message type="ReplyMessage"><Id>1343233042000-13</Id><Topic><Title>Way to go.......Sully!</Title><Username>gewizmeto</Username><Timestamp>1343172666000</Timestamp><DateTime>Tue, 2012-07-24 19:31:06 EDT</DateTime></Topic><Msg>Nice tongue licking of your other Sullied ID! Endless circles. Endless! You guys certainly are g@y for that long long long ago poster. Does that make you money?</Msg><Username>sybil.dribble</Username><Timestamp>1343233042000</Timestamp><DateTime>Wed, 2012-07-25 12:17:22 EDT</DateTime><ThumbUp>7</ThumbUp><ThumbDown>2</ThumbDown><Sentiment/></Message><Message type="ReplyMessage"><Id>1343233408000-14</Id><Topic><Title>Why Do Board Trolls Hate $45? $44? $43? $42? $41?? ??</Title><Username>ebay.redchart</Username><Timestamp>1343058624000</Timestamp><DateTime>Mon, 2012-07-23 11:50:24 EDT</DateTime></Topic><Msg>Back to the top!</Msg><Username>ebay.redchart</Username><Timestamp>1343233408000</Timestamp><DateTime>Wed, 2012-07-25 12:23:28 EDT</DateTime><ThumbUp>7</ThumbUp><ThumbDown>1</ThumbDown><Sentiment/></Message><Message type="TopicMessage"><Id>1343233723000-15</Id><Title>Someone Long Gone Can't Be A Broken Record</Title><Msg>Isn't it "interesting" how only the most broken, and repeating (and broke) 'tards care about a poster who left in 2005? What power he must have to still own them so! How unfortunate these slaves are. How unfortunate their every post reveals that!</Msg><Username>sybil.dribble</Username><Timestamp>1343233723000</Timestamp><DateTime>Wed, 2012-07-25 12:28:43 EDT</DateTime><ThumbUp>8</ThumbUp><ThumbDown>1</ThumbDown><Sentiment/></Message><Message type="ReplyMessage"><Id>1343235036000-16</Id><Topic><Title>Way to go.......Sully!</Title><Username>gewizmeto</Username><Timestamp>1343172666000</Timestamp><DateTime>Tue, 2012-07-24 19:31:06 EDT</DateTime></Topic><Msg>"I knew those typos would flp your sullied brainn." They don't "flp" my brain. What they do is prove that you have no brain. As you cannot even spell words a 3rd grader could. ROTFLMO!!! Sully</Msg><Username>sullyinma2007</Username><Timestamp>1343235036000</Timestamp><DateTime>Wed, 2012-07-25 12:50:36 EDT</DateTime><ThumbUp>0</ThumbUp><ThumbDown>3</ThumbDown><Sentiment/></Message><Message type="ReplyMessage"><Id>1343235546000-17</Id><Topic><Title>Way to go.......Sully!</Title><Username>gewizmeto</Username><Timestamp>1343172666000</Timestamp><DateTime>Tue, 2012-07-24 19:31:06 EDT</DateTime></Topic><Msg>You fall for it every time retard! It was so easy to completely discredit you and your tongue licking ID. Continue to sit there and spam all day as I may yank your puppet strings later and slap you around some more! Like I said! Easy fun and hilarity, at YOUR expense! Daily!</Msg><Username>sybil.dribble</Username><Timestamp>1343235546000</Timestamp><DateTime>Wed, 2012-07-25 12:59:06 EDT</DateTime><ThumbUp>6</ThumbUp><ThumbDown>1</ThumbDown><Sentiment/></Message><Message type="TopicMessage"><Id>1343237048000-18</Id><Title>yahoo raised Ebay target $46.86</Title><Msg>yahoo raised Ebay target $46.86 as allways target should be at 50.00+</Msg><Username>acman40930</Username><Timestamp>1343237048000</Timestamp><DateTime>Wed, 2012-07-25 13:24:08 EDT</DateTime><ThumbUp>0</ThumbUp><ThumbDown>2</ThumbDown><Sentiment/></Message><Message type="ReplyMessage"><Id>1343250210000-19</Id><Topic><Title>Way to go.......Sully!</Title><Username>gewizmeto</Username><Timestamp>1343172666000</Timestamp><DateTime>Tue, 2012-07-24 19:31:06 EDT</DateTime></Topic><Msg>So we should call you DRIBBLES instead of Charles OK no problem LOL</Msg><Username>johns_joint</Username><Timestamp>1343250210000</Timestamp><DateTime>Wed, 2012-07-25 17:03:30 EDT</DateTime><ThumbUp>0</ThumbUp><ThumbDown>3</ThumbDown><Sentiment/></Message><Message type="ReplyMessage"><Id>1343254005000-20</Id><Topic><Title>Way to go.......Sully!</Title><Username>gewizmeto</Username><Timestamp>1343172666000</Timestamp><DateTime>Tue, 2012-07-24 19:31:06 EDT</DateTime></Topic><Msg>From here on out Charles will be addressed as DRIBBLES. ROTFLMAO!!! Sully</Msg><Username>sullyinma2009</Username><Timestamp>1343254005000</Timestamp><DateTime>Wed, 2012-07-25 18:06:45 EDT</DateTime><ThumbUp>0</ThumbUp><ThumbDown>3</ThumbDown><Sentiment/></Message><Message type="ReplyMessage"><Id>1343256290000-21</Id><Topic><Title>Way to go.......Sully!</Title><Username>gewizmeto</Username><Timestamp>1343172666000</Timestamp><DateTime>Tue, 2012-07-24 19:31:06 EDT</DateTime></Topic><Msg>You addled meth heads really have nothing to do except fixate on that long gone poster? How g@y IS that? Notice how great the board is when you losers are gone. Investors can actually hear their value draining away in peace. ROTFLMAO!!!!!!!!!!! Sully</Msg><Username>sullyinmass.2012</Username><Timestamp>1343256290000</Timestamp><DateTime>Wed, 2012-07-25 18:44:50 EDT</DateTime><ThumbUp>7</ThumbUp><ThumbDown>1</ThumbDown><Sentiment/></Message><Message type="TopicMessage"><Id>1343256347000-22</Id><Title>Does Ebay SELLER PROTECTION Exist ???</Title><Msg>we had a buyer file a claim with their credit card company a week ago, "Unauthorized Use", The item they ordered was shipped to their confirmed address with Paypal. The Priority Mail label was printed through Paypal with delivery confirmation. The tracking shows the item delivered to the customer's address in two days. The customer never contacted us and did not file a claim through Ebay....THIS TYPE OF SITUATION COMPLETELY UNDERMINES THE ECOMMERCE MODEL. Ebay has a lot of clout, why can't they put an end to this type of Nonsense?....PS - our sales have dropped significantly since the claim was made...So we get punished by Ebay with lower search status because a customer is attempting fraud ....too? By the way, the customer's feedback score is about 100 our feedback score is about 10,000. Something is really wrong with this picture. FIX IT!</Msg><Username>stoptheinsanity2000</Username><Timestamp>1343256347000</Timestamp><DateTime>Wed, 2012-07-25 18:45:47 EDT</DateTime><ThumbUp>1</ThumbUp><ThumbDown>0</ThumbDown><Sentiment/></Message><Message type="ReplyMessage"><Id>1343256383000-23</Id><Topic><Title>Way to go.......Sully!</Title><Username>gewizmeto</Username><Timestamp>1343172666000</Timestamp><DateTime>Tue, 2012-07-24 19:31:06 EDT</DateTime></Topic><Msg>From here on out you will always be a meth addled idiot g@y over a long ago poster! Why do you want to be you? No one would want to be you. That's why you copy me. ROTFLMAO!!!!!!!!!!</Msg><Username>sullyinmass.2012</Username><Timestamp>1343256383000</Timestamp><DateTime>Wed, 2012-07-25 18:46:23 EDT</DateTime><ThumbUp>7</ThumbUp><ThumbDown>2</ThumbDown><Sentiment/></Message><Message type="ReplyMessage"><Id>1343256539000-24</Id><Topic><Title>Way to go.......Sully!</Title><Username>gewizmeto</Username><Timestamp>1343172666000</Timestamp><DateTime>Tue, 2012-07-24 19:31:06 EDT</DateTime></Topic><Msg>The value from $19 to $43 You're too funny DRIBBLES! How's the watch business going? ? ?</Msg><Username>johns_joint</Username><Timestamp>1343256539000</Timestamp><DateTime>Wed, 2012-07-25 18:48:59 EDT</DateTime><ThumbUp>0</ThumbUp><ThumbDown>2</ThumbDown><Sentiment/></Message><Message type="ReplyMessage"><Id>1343256630000-25</Id><Topic><Title>Does Ebay SELLER PROTECTION Exist ???</Title><Username>stoptheinsanity2000</Username><Timestamp>1343256347000</Timestamp><DateTime>Wed, 2012-07-25 18:45:47 EDT</DateTime></Topic><Msg>Ebay will stand behind the sale and you won't lose out. Been there and all worked out fine. . .</Msg><Username>johns_joint</Username><Timestamp>1343256630000</Timestamp><DateTime>Wed, 2012-07-25 18:50:30 EDT</DateTime><ThumbUp>0</ThumbUp><ThumbDown>2</ThumbDown><Sentiment/></Message><Message type="ReplyMessage"><Id>1343256735000-26</Id><Topic><Title>Way to go.......Sully!</Title><Username>gewizmeto</Username><Timestamp>1343172666000</Timestamp><DateTime>Tue, 2012-07-24 19:31:06 EDT</DateTime></Topic><Msg>The soon empty and abandoned trash invested dirty garbage pit of that ongoing crime scene dope growing hovel at 5008 Hanover Circle Cypress CA 90630 is but one testiment of the power of that Man who left in 2005. Did he completely ream our board trolls? Their every daily melting post says yes Master, yes! Look how they g@yly call to their owner, and HE and his friends do is laugh! Laugh! Laugh at the losers. They are just starting their eternal misery. Enjoy!</Msg><Username>johnosborne.toolfool</Username><Timestamp>1343256735000</Timestamp><DateTime>Wed, 2012-07-25 18:52:15 EDT</DateTime><ThumbUp>7</ThumbUp><ThumbDown>1</ThumbDown><Sentiment/></Message><Message type="ReplyMessage"><Id>1343256737000-27</Id><Topic><Title>Way to go.......Sully!</Title><Username>gewizmeto</Username><Timestamp>1343172666000</Timestamp><DateTime>Tue, 2012-07-24 19:31:06 EDT</DateTime></Topic><Msg>The only original thing you ever posted was: 10 watchbands for sale, no mixing or choosing sizes. Colors are brown and black and no substitutions. . .</Msg><Username>johns_joint</Username><Timestamp>1343256737000</Timestamp><DateTime>Wed, 2012-07-25 18:52:17 EDT</DateTime><ThumbUp>0</ThumbUp><ThumbDown>3</ThumbDown><Sentiment/></Message><Message type="TopicMessage"><Id>1343256782000-28</Id><Title>Hey DRIBBLES</Title><Msg>Are you too fat to ride a dirt bike? Just wondering. . .</Msg><Username>johns_joint</Username><Timestamp>1343256782000</Timestamp><DateTime>Wed, 2012-07-25 18:53:02 EDT</DateTime><ThumbUp>1</ThumbUp><ThumbDown>5</ThumbDown><Sentiment/></Message><Message type="ReplyMessage"><Id>1343256868000-29</Id><Topic><Title>Way to go.......Sully!</Title><Username>gewizmeto</Username><Timestamp>1343172666000</Timestamp><DateTime>Tue, 2012-07-24 19:31:06 EDT</DateTime></Topic><Msg>Dribbles, be careful of what you post about Hanover The new owners are attorneys at law. . . They'll take you for everything you don't have ~ LOL</Msg><Username>johns_joint</Username><Timestamp>1343256868000</Timestamp><DateTime>Wed, 2012-07-25 18:54:28 EDT</DateTime><ThumbUp>1</ThumbUp><ThumbDown>3</ThumbDown><Sentiment/></Message><Message type="TopicMessage"><Id>1343256904000-30</Id><Title>Got to Go</Title><Msg>Mountains of dirt are calling my name ~ :-)</Msg><Username>johns_joint</Username><Timestamp>1343256904000</Timestamp><DateTime>Wed, 2012-07-25 18:55:04 EDT</DateTime><ThumbUp>0</ThumbUp><ThumbDown>3</ThumbDown><Sentiment/></Message><Message type="TopicMessage"><Id>1343257134000-31</Id><Title>Hey G@y Failed Daddy Failed Grand Daddy z50com</Title><Msg>Are you busy calling out to that long ago man like a deeply pricked 60 year old Ripples Boy Failed Daddy Failed Grand Daddy? Why don't you buy me and neglected no daddy no grand daddy Baby Dime Bag a sandwich? Do you think you'll pick up Boy Scouts with a dirt bike old loser? Remember, they see your face.</Msg><Username>jen.dimebag</Username><Timestamp>1343257134000</Timestamp><DateTime>Wed, 2012-07-25 18:58:54 EDT</DateTime><ThumbUp>5</ThumbUp><ThumbDown>0</ThumbDown><Sentiment/></Message><Message type="ReplyMessage"><Id>1343257311000-32</Id><Topic><Title>Does Ebay SELLER PROTECTION Exist ???</Title><Username>stoptheinsanity2000</Username><Timestamp>1343256347000</Timestamp><DateTime>Wed, 2012-07-25 18:45:47 EDT</DateTime></Topic><Msg>I hope so.....In the past we had a bunch of these go for the buyer, we lost a bundle and gave up many categories of products because it was getting ridiculous. A situation like this should be stopped immediately, Sellers need to be made to feel confident too, especially those with High feedback scores...We shouldn't have to keep going through this nonsense, we paid our dues. By the way, we are also a buyer on Ebay who purchases much much more merchandise than the seller who filed the charge back......It's just plain stupid to penalize a power-seller!</Msg><Username>stoptheinsanity2000</Username><Timestamp>1343257311000</Timestamp><DateTime>Wed, 2012-07-25 19:01:51 EDT</DateTime><ThumbUp>0</ThumbUp><ThumbDown>0</ThumbDown><Sentiment/></Message><Message type="ReplyMessage"><Id>1343257430000-33</Id><Topic><Title>Got to Go</Title><Username>johns_joint</Username><Timestamp>1343256904000</Timestamp><DateTime>Wed, 2012-07-25 18:55:04 EDT</DateTime></Topic><Msg>Mountains of dirt are ALWAYS calling your name failed Daddy failed Grand Daddy but they want you under them, not leaving conniving z50com tracks all over. Oooh, I said tracks. Tar time!</Msg><Username>jen.dimebag</Username><Timestamp>1343257430000</Timestamp><DateTime>Wed, 2012-07-25 19:03:50 EDT</DateTime><ThumbUp>7</ThumbUp><ThumbDown>2</ThumbDown><Sentiment/></Message><Message type="ReplyMessage"><Id>1343257552000-34</Id><Topic><Title>Got to Go</Title><Username>johns_joint</Username><Timestamp>1343256904000</Timestamp><DateTime>Wed, 2012-07-25 18:55:04 EDT</DateTime></Topic><Msg>HI DRIBBLES!! ROTFLMAO!!! Sully</Msg><Username>sullyinma2009</Username><Timestamp>1343257552000</Timestamp><DateTime>Wed, 2012-07-25 19:05:52 EDT</DateTime><ThumbUp>0</ThumbUp><ThumbDown>3</ThumbDown><Sentiment/></Message><Message type="ReplyMessage"><Id>1343257716000-35</Id><Topic><Title>Way to go.......Sully!</Title><Username>gewizmeto</Username><Timestamp>1343172666000</Timestamp><DateTime>Tue, 2012-07-24 19:31:06 EDT</DateTime></Topic><Msg>Dribbles, Why do you want to be me? ROTFLMAO!!! Sully</Msg><Username>sullyinma2009</Username><Timestamp>1343257716000</Timestamp><DateTime>Wed, 2012-07-25 19:08:36 EDT</DateTime><ThumbUp>0</ThumbUp><ThumbDown>3</ThumbDown><Sentiment/></Message><Message type="ReplyMessage"><Id>1343257787000-36</Id><Topic><Title>Hey DRIBBLES</Title><Username>johns_joint</Username><Timestamp>1343256782000</Timestamp><DateTime>Wed, 2012-07-25 18:53:02 EDT</DateTime></Topic><Msg>"Hey DRIBBLES" OUCH, that is going to hurt. Dribbles will be bouncing off the walls now. ROTFLMAO!!! Sully</Msg><Username>sullyinma2009</Username><Timestamp>1343257787000</Timestamp><DateTime>Wed, 2012-07-25 19:09:47 EDT</DateTime><ThumbUp>0</ThumbUp><ThumbDown>3</ThumbDown><Sentiment/></Message><Message type="ReplyMessage"><Id>1343258034000-37</Id><Topic><Title>Going Higher!</Title><Username>gwenqqn320</Username><Timestamp>1343219240000</Timestamp><DateTime>Wed, 2012-07-25 08:27:20 EDT</DateTime></Topic><Msg>Interesting</Msg><Username>elenaist917</Username><Timestamp>1343258034000</Timestamp><DateTime>Wed, 2012-07-25 19:13:54 EDT</DateTime><ThumbUp>0</ThumbUp><ThumbDown>0</ThumbDown><Sentiment/></Message><Message type="ReplyMessage"><Id>1343261853000-38</Id><Topic><Title>Did Hear The Forecast?</Title><Username>abeleib702</Username><Timestamp>1343234192000</Timestamp><DateTime>Wed, 2012-07-25 12:36:32 EDT</DateTime></Topic><Msg>Nice Info</Msg><Username>mariskambh918</Username><Timestamp>1343261853000</Timestamp><DateTime>Wed, 2012-07-25 20:17:33 EDT</DateTime><ThumbUp>0</ThumbUp><ThumbDown>0</ThumbDown><Sentiment/></Message></Date>