<?xml version="1.0" encoding="UTF-8" standalone="no"?><Date date="2012-09-10"><Message type="TopicMessage"><Id>1347288859961-1</Id><Title>Hot Stock Tip for my Friends</Title><Msg>RGR They even pay a dividend of 3.2%</Msg><Username>johns_joint</Username><Timestamp>1347288859961</Timestamp><DateTime>Mon, 2012-09-10 10:54:19 EDT</DateTime><ThumbUp>3</ThumbUp><ThumbDown>4</ThumbDown><Sentiment>Strong Buy</Sentiment></Message><Message type="ReplyMessage"><Id>1347297086733-2</Id><Topic><Title>Hot Stock Tip for my Friends</Title><Username>johns_joint</Username><Timestamp>1347288859961</Timestamp><DateTime>Mon, 2012-09-10 10:54:19 EDT</DateTime></Topic><Msg>Poor broke g@y failed Daddy failed Grand Daddy! People don't want stock tips from a broke loser who has lived 247 on this board for 12 long years too broke to invest in anything, even his very own daughter and grand kid. As they say in England: "shut it". Ebay is almost as red as your neck.</Msg><Username>jen_dimebag</Username><Timestamp>1347297086733</Timestamp><DateTime>Mon, 2012-09-10 13:11:26 EDT</DateTime><ThumbUp>7</ThumbUp><ThumbDown>2</ThumbDown><Sentiment>Strong Sell</Sentiment></Message><Message type="TopicMessage"><Id>1347298849134-3</Id><Title>Ebay on sale, today only!!!! under $49.00</Title><Msg>Ebay on sale, today only!!!! under $49.00 Back to $49+ Tuesday. on it's way to 52.00+</Msg><Username>acman40930</Username><Timestamp>1347298849134</Timestamp><DateTime>Mon, 2012-09-10 13:40:49 EDT</DateTime><ThumbUp>1</ThumbUp><ThumbDown>1</ThumbDown><Sentiment>Strong Buy</Sentiment></Message><Message type="ReplyMessage"><Id>1347305621894-4</Id><Topic><Title>Hot Stock Tip for my Friends</Title><Username>johns_joint</Username><Timestamp>1347288859961</Timestamp><DateTime>Mon, 2012-09-10 10:54:19 EDT</DateTime></Topic><Msg>What is wrong with him coming on here and posting something. Did he attack anyone? No, only you did as you feel you must each and every time he posts. This board is almost kaput, so why don't you give it up?</Msg><Username>flyktning</Username><Timestamp>1347305621894</Timestamp><DateTime>Mon, 2012-09-10 15:33:41 EDT</DateTime><ThumbUp>1</ThumbUp><ThumbDown>5</ThumbDown><Sentiment>Sell</Sentiment></Message><Message type="TopicMessage"><Id>1347306120753-5</Id><Title>The Dump Will Continue Tomorrow</Title><Msg>These guys have fulfilled their stock options last Friday. Why stay around? The dump will get worse tomorrow. Should have sold you greedy people</Msg><Username>basicknowledge</Username><Timestamp>1347306120753</Timestamp><DateTime>Mon, 2012-09-10 15:42:00 EDT</DateTime><ThumbUp>1</ThumbUp><ThumbDown>1</ThumbDown><Sentiment/></Message><Message type="TopicMessage"><Id>1347310082054-6</Id><Title>Piper Jaffray raised Ebay target from $50 to $60 today.</Title><Msg>Piper Jaffray raised ebay target from $50 to $60 It was about time. Everyone will have raised it to $60 at earnings. That should push ebay over $50 Tuesday.</Msg><Username>acman40930</Username><Timestamp>1347310082054</Timestamp><DateTime>Mon, 2012-09-10 16:48:02 EDT</DateTime><ThumbUp>0</ThumbUp><ThumbDown>0</ThumbDown><Sentiment>Strong Buy</Sentiment></Message><Message type="ReplyMessage"><Id>1347318817786-7</Id><Topic><Title>Hot Stock Tip for my Friends</Title><Username>johns_joint</Username><Timestamp>1347288859961</Timestamp><DateTime>Mon, 2012-09-10 10:54:19 EDT</DateTime></Topic><Msg>Oh poor Uncle Fly! You always stick up for your childish 12 year daily troll boyfriend but that will never make my failed Daddy failed Grand Daddy a real man. This board needed to be kaput back when you deleted posts and poster IDs for your boyfriend. Your words have no meaning. Your broke failed boyfriend shouldn't babble idiocy to investors.</Msg><Username>jen_dimebag</Username><Timestamp>1347318817786</Timestamp><DateTime>Mon, 2012-09-10 19:13:37 EDT</DateTime><ThumbUp>0</ThumbUp><ThumbDown>1</ThumbDown><Sentiment>Strong Sell</Sentiment></Message><Message type="ReplyMessage"><Id>1347319235115-8</Id><Topic><Title>Hot Stock Tip for my Friends</Title><Username>johns_joint</Username><Timestamp>1347288859961</Timestamp><DateTime>Mon, 2012-09-10 10:54:19 EDT</DateTime></Topic><Msg>Oh poor Uncle Fly! You can try to prop your boyfriend, my 12 year daily board troll broke failed Daddy failed Grand Daddy up, but he shouldn't spout idiocy to investors. This board needed to be kaput back when you deleted posts and posters trying to bail his sinking boat.</Msg><Username>jen_dimebag</Username><Timestamp>1347319235115</Timestamp><DateTime>Mon, 2012-09-10 19:20:35 EDT</DateTime><ThumbUp>0</ThumbUp><ThumbDown>1</ThumbDown><Sentiment>Strong Sell</Sentiment></Message><Message type="ReplyMessage"><Id>1347320006028-9</Id><Topic><Title>Hot Stock Tip for my Friends</Title><Username>johns_joint</Username><Timestamp>1347288859961</Timestamp><DateTime>Mon, 2012-09-10 10:54:19 EDT</DateTime></Topic><Msg>This board was kaput back when you deleted posts and posters for your idiot boyfriend. Fact.</Msg><Username>logicfence</Username><Timestamp>1347320006028</Timestamp><DateTime>Mon, 2012-09-10 19:33:26 EDT</DateTime><ThumbUp>0</ThumbUp><ThumbDown>1</ThumbDown><Sentiment>Strong Sell</Sentiment></Message></Date>