<?xml version="1.0" encoding="UTF-8" standalone="no"?><Date date="2012-12-21"><Message type="TopicMessage"><Id>1356069246332-1</Id><Title>★★★★ GOING TO 65!!! SOON!!!★★★★</Title><Msg>MORE UPGRADES ON THE WAY!!! STRONG BUY</Msg><Username>apple2go</Username><Timestamp>1356069246332</Timestamp><DateTime>Fri, 2012-12-21 00:54:06 EST</DateTime><ThumbUp>0</ThumbUp><ThumbDown>0</ThumbDown><Sentiment>Strong Buy</Sentiment></Message><Message type="ReplyMessage"><Id>1356116258189-2</Id><Topic><Title>Very well written report, it's really worth reading.</Title><Username>raymondcox273</Username><Timestamp>1354552653315</Timestamp><DateTime>Mon, 2012-12-03 11:37:33 EST</DateTime></Topic><Msg>Fried or over easy? The SPAM that it is. . .</Msg><Username>johns_joint</Username><Timestamp>1356116258189</Timestamp><DateTime>Fri, 2012-12-21 13:57:38 EST</DateTime><ThumbUp>1</ThumbUp><ThumbDown>0</ThumbDown><Sentiment/></Message><Message type="TopicMessage"><Id>1356116323836-3</Id><Title>Thanks Yahoo ~ Now the Spammers own the message boards!</Title><Msg>No wonder Yahoo can't keep people around. . .</Msg><Username>johns_joint</Username><Timestamp>1356116323836</Timestamp><DateTime>Fri, 2012-12-21 13:58:43 EST</DateTime><ThumbUp>0</ThumbUp><ThumbDown>2</ThumbDown><Sentiment/></Message><Message type="ReplyMessage"><Id>1356118182130-4</Id><Topic><Title>Very well written report, it's really worth reading.</Title><Username>raymondcox273</Username><Timestamp>1354552653315</Timestamp><DateTime>Mon, 2012-12-03 11:37:33 EST</DateTime></Topic><Msg>wow!</Msg><Username>phillipslela442</Username><Timestamp>1356118182130</Timestamp><DateTime>Fri, 2012-12-21 14:29:42 EST</DateTime><ThumbUp>0</ThumbUp><ThumbDown>2</ThumbDown><Sentiment/></Message><Message type="ReplyMessage"><Id>1356122984577-5</Id><Topic><Title>MercadoMagico - New place to Buy/Sell products</Title><Username>boyeee28</Username><Timestamp>1356043172057</Timestamp><DateTime>Thu, 2012-12-20 17:39:32 EST</DateTime></Topic><Msg>It is an exciting and growing web destination for purchasing and selling products.</Msg><Username>stock_freek</Username><Timestamp>1356122984577</Timestamp><DateTime>Fri, 2012-12-21 15:49:44 EST</DateTime><ThumbUp>0</ThumbUp><ThumbDown>0</ThumbDown><Sentiment/></Message><Message type="ReplyMessage"><Id>1356136764207-6</Id><Topic><Title>Thanks Yahoo ~ Now the Spammers own the message boards!</Title><Username>johns_joint</Username><Timestamp>1356116323836</Timestamp><DateTime>Fri, 2012-12-21 13:58:43 EST</DateTime></Topic><Msg>Poor broke g@y failed Daddy failed Grand Daddy, I don't know why you want to keep pointing out your failure and hate as the longest running (12 years daily) spamming troll in all creation but it IS all you have in life now that me and B-a-b-y D-i-m-e B-a-g have fled your greasy clutches. Looks like your troll-ness has crashed ebay again. Again. Yet again.</Msg><Username>jen_dimebag</Username><Timestamp>1356136764207</Timestamp><DateTime>Fri, 2012-12-21 19:39:24 EST</DateTime><ThumbUp>0</ThumbUp><ThumbDown>0</ThumbDown><Sentiment>Strong Sell</Sentiment></Message></Date>