<?xml version="1.0" encoding="UTF-8" standalone="no"?><Date date="2012-08-22"><Message type="TopicMessage"><Id>1345641758000-1</Id><Title>Discover Deal</Title><Msg>quite significant------could push the stock to mid 50's</Msg><Username>oldpalos</Username><Timestamp>1345641758000</Timestamp><DateTime>Wed, 2012-08-22 09:22:38 EDT</DateTime><ThumbUp>1</ThumbUp><ThumbDown>0</ThumbDown><Sentiment/></Message><Message type="TopicMessage"><Id>1345641852000-2</Id><Title>Discover Paypal at your local supermarket</Title><Msg>Discover Paypal : Discover &amp; Paypal together. Paypal, aka, dba Ebay only $15 away from a new all-time high. Discover &amp; Paypal together, swipe it! its in the bag in 2013!</Msg><Username>keimosaabe</Username><Timestamp>1345641852000</Timestamp><DateTime>Wed, 2012-08-22 09:24:12 EDT</DateTime><ThumbUp>1</ThumbUp><ThumbDown>0</ThumbDown><Sentiment/></Message><Message type="TopicMessage"><Id>1345642410000-3</Id><Title>Shall We Continue Falling Here? Why Not?</Title><Msg>Ebay only has the unfounded hopes of the long investors, the BS of the paid pumpers, the tragic efforts of the spam bots, the manipulation of insider share dumpers, and Goldman Sachs lil' micro trading games to hold it up and that tiny thread is straining, straining, straining to keep from breaking.</Msg><Username>sinkssebay</Username><Timestamp>1345642410000</Timestamp><DateTime>Wed, 2012-08-22 09:33:30 EDT</DateTime><ThumbUp>6</ThumbUp><ThumbDown>2</ThumbDown><Sentiment/></Message><Message type="ReplyMessage"><Id>1345642781000-4</Id><Topic><Title>How Can I Survive 2012? - Surviving In The Face Of Disaster</Title><Username>medina.aldo33</Username><Timestamp>1345467919000</Timestamp><DateTime>Mon, 2012-08-20 09:05:19 EDT</DateTime></Topic><Msg>it's just ANOTHER PUMPED SPAM SITE.</Msg><Username>looks_like_spam</Username><Timestamp>1345642781000</Timestamp><DateTime>Wed, 2012-08-22 09:39:41 EDT</DateTime><ThumbUp>0</ThumbUp><ThumbDown>0</ThumbDown><Sentiment/></Message><Message type="TopicMessage"><Id>1345643142000-5</Id><Title>May Test $ 48.50 Today</Title><Msg>great deal with Discover Volume/Price is extremely positive</Msg><Username>oldpalos</Username><Timestamp>1345643142000</Timestamp><DateTime>Wed, 2012-08-22 09:45:42 EDT</DateTime><ThumbUp>1</ThumbUp><ThumbDown>0</ThumbDown><Sentiment/></Message><Message type="ReplyMessage"><Id>1345643339000-6</Id><Topic><Title>Shall We Continue Falling Here? Why Not?</Title><Username>sinkssebay</Username><Timestamp>1345642410000</Timestamp><DateTime>Wed, 2012-08-22 09:33:30 EDT</DateTime></Topic><Msg>Ebay is Green Mr. Mean!</Msg><Username>johns_joint</Username><Timestamp>1345643339000</Timestamp><DateTime>Wed, 2012-08-22 09:48:59 EDT</DateTime><ThumbUp>1</ThumbUp><ThumbDown>7</ThumbDown><Sentiment/></Message><Message type="TopicMessage"><Id>1345645234000-7</Id><Title>How can you go wrong with a P/E of 16</Title><Msg>Ebay's a great buy at P/E 16 Unlike other companies that are fooling investors with P/E's in the high 200's (no need to mention what river)</Msg><Username>johns_joint</Username><Timestamp>1345645234000</Timestamp><DateTime>Wed, 2012-08-22 10:20:34 EDT</DateTime><ThumbUp>1</ThumbUp><ThumbDown>3</ThumbDown><Sentiment/></Message><Message type="TopicMessage"><Id>1345645331000-8</Id><Title>Ebay Hits a New 5 Year High</Title><Msg>Speaking of high Where's my joint?</Msg><Username>johns_joint</Username><Timestamp>1345645331000</Timestamp><DateTime>Wed, 2012-08-22 10:22:11 EDT</DateTime><ThumbUp>1</ThumbUp><ThumbDown>3</ThumbDown><Sentiment/></Message><Message type="TopicMessage"><Id>1345645473000-9</Id><Title>Paypal &amp; Discover Team Up</Title><Msg>I have both cards in my wallet. . .</Msg><Username>johns_joint</Username><Timestamp>1345645473000</Timestamp><DateTime>Wed, 2012-08-22 10:24:33 EDT</DateTime><ThumbUp>1</ThumbUp><ThumbDown>3</ThumbDown><Sentiment/></Message><Message type="TopicMessage"><Id>1345645600000-10</Id><Title>get on the train</Title><Msg>this stock will be $80 by 2013. Get out of the way amzn, here we come.</Msg><Username>mikey_07747</Username><Timestamp>1345645600000</Timestamp><DateTime>Wed, 2012-08-22 10:26:40 EDT</DateTime><ThumbUp>1</ThumbUp><ThumbDown>0</ThumbDown><Sentiment/></Message><Message type="ReplyMessage"><Id>1345645973000-11</Id><Topic><Title>Shall We Continue Falling Here? Why Not?</Title><Username>sinkssebay</Username><Timestamp>1345642410000</Timestamp><DateTime>Wed, 2012-08-22 09:33:30 EDT</DateTime></Topic><Msg>It's pumped Mrs Chump! You don't invest either direction so why jabber your mouth? Why obsess over Amazon? You're the one drowning in the Denial River.</Msg><Username>sinkssebay</Username><Timestamp>1345645973000</Timestamp><DateTime>Wed, 2012-08-22 10:32:53 EDT</DateTime><ThumbUp>3</ThumbUp><ThumbDown>0</ThumbDown><Sentiment/></Message><Message type="ReplyMessage"><Id>1345646096000-12</Id><Topic><Title>New Report: CEOs Massive Salaries Subsidized By Your Taxes</Title><Username>ebayalphamale</Username><Timestamp>1345576398000</Timestamp><DateTime>Tue, 2012-08-21 15:13:18 EDT</DateTime></Topic><Msg>Ebayalphaman, you are one smart dude. Like Obama says, it all belongs to Uncle Sam, but Uncle is generous and lets us keep some of it. The only poster that I remember as being as smart as you was a guy named “bush-to-go”. He posted years ago. Too bad you didn’t know the chap. You could have had good conversations.</Msg><Username>lrseab</Username><Timestamp>1345646096000</Timestamp><DateTime>Wed, 2012-08-22 10:34:56 EDT</DateTime><ThumbUp>0</ThumbUp><ThumbDown>2</ThumbDown><Sentiment/></Message><Message type="ReplyMessage"><Id>1345646113000-13</Id><Topic><Title>Paypal &amp; Discover Team Up</Title><Username>johns_joint</Username><Timestamp>1345645473000</Timestamp><DateTime>Wed, 2012-08-22 10:24:33 EDT</DateTime></Topic><Msg>And nothing else expect an about to expire out of date drivers license. Too bad you can't afford to make any ebay green.</Msg><Username>sinkssebay</Username><Timestamp>1345646113000</Timestamp><DateTime>Wed, 2012-08-22 10:35:13 EDT</DateTime><ThumbUp>3</ThumbUp><ThumbDown>0</ThumbDown><Sentiment/></Message><Message type="TopicMessage"><Id>1345646466000-14</Id><Title>Check out this link</Title><Msg>http://www.lightspeedretail.com/ http://www.isispos.com/</Msg><Username>joelooope</Username><Timestamp>1345646466000</Timestamp><DateTime>Wed, 2012-08-22 10:41:06 EDT</DateTime><ThumbUp>0</ThumbUp><ThumbDown>0</ThumbDown><Sentiment/></Message><Message type="ReplyMessage"><Id>1345647284000-15</Id><Topic><Title>New Report: CEOs Massive Salaries Subsidized By Your Taxes</Title><Username>ebayalphamale</Username><Timestamp>1345576398000</Timestamp><DateTime>Tue, 2012-08-21 15:13:18 EDT</DateTime></Topic><Msg>ALL ONE POSTER You're still here ~ LOL</Msg><Username>johns_joint</Username><Timestamp>1345647284000</Timestamp><DateTime>Wed, 2012-08-22 10:54:44 EDT</DateTime><ThumbUp>0</ThumbUp><ThumbDown>3</ThumbDown><Sentiment/></Message><Message type="ReplyMessage"><Id>1345647769000-16</Id><Topic><Title>Shall We Continue Falling Here? Why Not?</Title><Username>sinkssebay</Username><Timestamp>1345642410000</Timestamp><DateTime>Wed, 2012-08-22 09:33:30 EDT</DateTime></Topic><Msg>sorry you lost so much money.</Msg><Username>mikey_07747</Username><Timestamp>1345647769000</Timestamp><DateTime>Wed, 2012-08-22 11:02:49 EDT</DateTime><ThumbUp>0</ThumbUp><ThumbDown>0</ThumbDown><Sentiment/></Message><Message type="TopicMessage"><Id>1345647881000-17</Id><Title>New closing high today.</Title><Msg>From there who knows.</Msg><Username>wingofeaglets</Username><Timestamp>1345647881000</Timestamp><DateTime>Wed, 2012-08-22 11:04:41 EDT</DateTime><ThumbUp>0</ThumbUp><ThumbDown>0</ThumbDown><Sentiment/></Message><Message type="TopicMessage"><Id>1345648520000-18</Id><Title>48+ close should happen.</Title><Msg>forced buying will push it by tomorrow</Msg><Username>wingofeaglets</Username><Timestamp>1345648520000</Timestamp><DateTime>Wed, 2012-08-22 11:15:20 EDT</DateTime><ThumbUp>1</ThumbUp><ThumbDown>0</ThumbDown><Sentiment/></Message><Message type="TopicMessage"><Id>1345649023000-19</Id><Title>discover 7 million ,starbucks 7,000 locations</Title><Msg>Paypal, discover has 7 million locations , Square, Starbucks has 7,000 locations, Paypal wins!!!!This is BIG news giving paypal a lock in this space. No one can get in with vista or mastercard . Ebay over $$50 in a few days.</Msg><Username>acman40930</Username><Timestamp>1345649023000</Timestamp><DateTime>Wed, 2012-08-22 11:23:43 EDT</DateTime><ThumbUp>0</ThumbUp><ThumbDown>0</ThumbDown><Sentiment/></Message><Message type="ReplyMessage"><Id>1345649477000-20</Id><Topic><Title>New Report: CEOs Massive Salaries Subsidized By Your Taxes</Title><Username>ebayalphamale</Username><Timestamp>1345576398000</Timestamp><DateTime>Tue, 2012-08-21 15:13:18 EDT</DateTime></Topic><Msg>Now wait just one minute john. Are you saying that ebayalphaman is also bush-to-go? (I would like to hear it from ebayalphaman.) If true, that means there is only one brilliant mind on this board instead of two. What a disappointment.</Msg><Username>lrseab</Username><Timestamp>1345649477000</Timestamp><DateTime>Wed, 2012-08-22 11:31:17 EDT</DateTime><ThumbUp>0</ThumbUp><ThumbDown>1</ThumbDown><Sentiment/></Message><Message type="TopicMessage"><Id>1345649480000-21</Id><Title>I don't get this Discover deal</Title><Msg>Is this simply going to allow shoppers who do not have a Discover card to pay via Paypal?? Is Paypal going to implement buyer fees for the transaction? Is Paypal going to charge additional merchant fees on top of the Discover merchant fees, or will Discover keep their same merchant fee structure and give Paypal a cut??</Msg><Username>sharpeyeddude</Username><Timestamp>1345649480000</Timestamp><DateTime>Wed, 2012-08-22 11:31:20 EDT</DateTime><ThumbUp>3</ThumbUp><ThumbDown>0</ThumbDown><Sentiment/></Message><Message type="ReplyMessage"><Id>1345649585000-22</Id><Topic><Title>New Report: CEOs Massive Salaries Subsidized By Your Taxes</Title><Username>ebayalphamale</Username><Timestamp>1345576398000</Timestamp><DateTime>Tue, 2012-08-21 15:13:18 EDT</DateTime></Topic><Msg>He's the old bush_to_go The new bush_to_go is much smarter! ditto for dr.clarify ~ LOL</Msg><Username>johns_joint</Username><Timestamp>1345649585000</Timestamp><DateTime>Wed, 2012-08-22 11:33:05 EDT</DateTime><ThumbUp>0</ThumbUp><ThumbDown>3</ThumbDown><Sentiment/></Message><Message type="ReplyMessage"><Id>1345649688000-23</Id><Topic><Title>I don't get this Discover deal</Title><Username>sharpeyeddude</Username><Timestamp>1345649480000</Timestamp><DateTime>Wed, 2012-08-22 11:31:20 EDT</DateTime></Topic><Msg>And I thought my Paypal card was only good at ATM's and Home Depot Now it's good anywhere the "Discover" card is accepted OH YEA!</Msg><Username>johns_joint</Username><Timestamp>1345649688000</Timestamp><DateTime>Wed, 2012-08-22 11:34:48 EDT</DateTime><ThumbUp>1</ThumbUp><ThumbDown>4</ThumbDown><Sentiment/></Message><Message type="ReplyMessage"><Id>1345650559000-24</Id><Topic><Title>New Report: CEOs Massive Salaries Subsidized By Your Taxes</Title><Username>ebayalphamale</Username><Timestamp>1345576398000</Timestamp><DateTime>Tue, 2012-08-21 15:13:18 EDT</DateTime></Topic><Msg>"If true, that means there is only one brilliant mind on this board instead of two" Are you saying you're not brilliant and bush_to_go is?</Msg><Username>johns_joint</Username><Timestamp>1345650559000</Timestamp><DateTime>Wed, 2012-08-22 11:49:19 EDT</DateTime><ThumbUp>0</ThumbUp><ThumbDown>3</ThumbDown><Sentiment/></Message><Message type="ReplyMessage"><Id>1345650568000-25</Id><Topic><Title>New Report: CEOs Massive Salaries Subsidized By Your Taxes</Title><Username>ebayalphamale</Username><Timestamp>1345576398000</Timestamp><DateTime>Tue, 2012-08-21 15:13:18 EDT</DateTime></Topic><Msg>Well, I am going to be careful about what I post. The old bush_to_go was just a little too smart for me.</Msg><Username>lrseab</Username><Timestamp>1345650568000</Timestamp><DateTime>Wed, 2012-08-22 11:49:28 EDT</DateTime><ThumbUp>0</ThumbUp><ThumbDown>1</ThumbDown><Sentiment/></Message><Message type="TopicMessage"><Id>1345650699000-26</Id><Title>$50 right around the corner</Title><Msg>I was the first one to predict this stock would hit $50 before it ever dropped to $30 again. Looks like my prediction is about to come to fruition. Sully</Msg><Username>sullyinmass</Username><Timestamp>1345650699000</Timestamp><DateTime>Wed, 2012-08-22 11:51:39 EDT</DateTime><ThumbUp>1</ThumbUp><ThumbDown>3</ThumbDown><Sentiment/></Message><Message type="ReplyMessage"><Id>1345650945000-27</Id><Topic><Title>New Report: CEOs Massive Salaries Subsidized By Your Taxes</Title><Username>ebayalphamale</Username><Timestamp>1345576398000</Timestamp><DateTime>Tue, 2012-08-21 15:13:18 EDT</DateTime></Topic><Msg>I never said, or implied, anywhere that all money belongs to Uncle Scam, and frankly neither did Obama, but it's typical of far righties to twist words since they really can't debate the merits of any point. I'm successful and simply pay my taxes. Guess what? I'm still rich afterwards. Wow! I don't get the 13% deal thieving shyster, off shoring money, job killing America haters like Romney gets, but it's good as can be. And yes, I looked back at this Bush_to_go fellow from long ago. Brilliant! It's not only amazing he helped run Bush Jr out on a rail (war crimes trial still pending sadly) but also funny that he was so powerful he still has people obsessing on him and imitating him to this day. Such is the power Alpha males have with properly used words. Sort of why Bill Clinton and Obama are amazing in person and Romney is all zzzzzzzzzzzzzzzzzzzzzzzz.</Msg><Username>ebayalphamale</Username><Timestamp>1345650945000</Timestamp><DateTime>Wed, 2012-08-22 11:55:45 EDT</DateTime><ThumbUp>12</ThumbUp><ThumbDown>0</ThumbDown><Sentiment/></Message><Message type="ReplyMessage"><Id>1345650969000-28</Id><Topic><Title>Shall We Continue Falling Here? Why Not?</Title><Username>sinkssebay</Username><Timestamp>1345642410000</Timestamp><DateTime>Wed, 2012-08-22 09:33:30 EDT</DateTime></Topic><Msg>You must be related to the ebay.redchart id. He made a fool of himself braying about that this should be a $28 stock. He admitted to not being a day trader. My guess you are not a day trader also, otherwise, you would've made tons of cash like I did. I recommend that you invest in aapl also, as that stock has also made me lots of cash. ROTFLMAO!!! Sully</Msg><Username>sullyinmass</Username><Timestamp>1345650969000</Timestamp><DateTime>Wed, 2012-08-22 11:56:09 EDT</DateTime><ThumbUp>0</ThumbUp><ThumbDown>3</ThumbDown><Sentiment/></Message><Message type="ReplyMessage"><Id>1345651137000-29</Id><Topic><Title>New Report: CEOs Massive Salaries Subsidized By Your Taxes</Title><Username>ebayalphamale</Username><Timestamp>1345576398000</Timestamp><DateTime>Tue, 2012-08-21 15:13:18 EDT</DateTime></Topic><Msg>All one poster????????? You're STILL obsessed! And a broke loser. Will you jabber until we're red again? You always do. Always.</Msg><Username>sinkssebay</Username><Timestamp>1345651137000</Timestamp><DateTime>Wed, 2012-08-22 11:58:57 EDT</DateTime><ThumbUp>4</ThumbUp><ThumbDown>0</ThumbDown><Sentiment/></Message><Message type="ReplyMessage"><Id>1345651410000-30</Id><Topic><Title>Shall We Continue Falling Here? Why Not?</Title><Username>sinkssebay</Username><Timestamp>1345642410000</Timestamp><DateTime>Wed, 2012-08-22 09:33:30 EDT</DateTime></Topic><Msg>Poor broke g@y fake Sullied, are you going to bray your repeating g@y catch phrases all day again today? What else do you have to do but make a public fool of yourself? ROTFLMAO!!!!!!!!!!!! Sully</Msg><Username>sullyinmass.2012</Username><Timestamp>1345651410000</Timestamp><DateTime>Wed, 2012-08-22 12:03:30 EDT</DateTime><ThumbUp>7</ThumbUp><ThumbDown>1</ThumbDown><Sentiment/></Message><Message type="ReplyMessage"><Id>1345651626000-31</Id><Topic><Title>New Report: CEOs Massive Salaries Subsidized By Your Taxes</Title><Username>ebayalphamale</Username><Timestamp>1345576398000</Timestamp><DateTime>Tue, 2012-08-21 15:13:18 EDT</DateTime></Topic><Msg>I keep my income low on purpose. Just low enough not to pay a single cent in taxes :-)</Msg><Username>johns_joint</Username><Timestamp>1345651626000</Timestamp><DateTime>Wed, 2012-08-22 12:07:06 EDT</DateTime><ThumbUp>0</ThumbUp><ThumbDown>1</ThumbDown><Sentiment/></Message><Message type="ReplyMessage"><Id>1345651728000-32</Id><Topic><Title>New Report: CEOs Massive Salaries Subsidized By Your Taxes</Title><Username>ebayalphamale</Username><Timestamp>1345576398000</Timestamp><DateTime>Tue, 2012-08-21 15:13:18 EDT</DateTime></Topic><Msg>"jabber" That's phrase used by: "ALL ONE POSTER" ~ LOL</Msg><Username>johns_joint</Username><Timestamp>1345651728000</Timestamp><DateTime>Wed, 2012-08-22 12:08:48 EDT</DateTime><ThumbUp>0</ThumbUp><ThumbDown>1</ThumbDown><Sentiment/></Message><Message type="ReplyMessage"><Id>1345651798000-33</Id><Topic><Title>New Report: CEOs Massive Salaries Subsidized By Your Taxes</Title><Username>ebayalphamale</Username><Timestamp>1345576398000</Timestamp><DateTime>Tue, 2012-08-21 15:13:18 EDT</DateTime></Topic><Msg>You brag about having big money and about being broke. Can't have it both ways liar. I bet an IRS investigation would sort you out and maybe, just maybe, grow you up a bit. ROTFLMAO!!!!!!!!!!!!!!!! Sully</Msg><Username>sullyinmass.2012</Username><Timestamp>1345651798000</Timestamp><DateTime>Wed, 2012-08-22 12:09:58 EDT</DateTime><ThumbUp>3</ThumbUp><ThumbDown>0</ThumbDown><Sentiment/></Message><Message type="ReplyMessage"><Id>1345651873000-34</Id><Topic><Title>New Report: CEOs Massive Salaries Subsidized By Your Taxes</Title><Username>ebayalphamale</Username><Timestamp>1345576398000</Timestamp><DateTime>Tue, 2012-08-21 15:13:18 EDT</DateTime></Topic><Msg>"Can't have it both ways liar" Who says? YOU I can have it anyway I want it! Just ask my wife ~ LOL</Msg><Username>johns_joint</Username><Timestamp>1345651873000</Timestamp><DateTime>Wed, 2012-08-22 12:11:13 EDT</DateTime><ThumbUp>0</ThumbUp><ThumbDown>1</ThumbDown><Sentiment/></Message><Message type="ReplyMessage"><Id>1345651970000-35</Id><Topic><Title>New Report: CEOs Massive Salaries Subsidized By Your Taxes</Title><Username>ebayalphamale</Username><Timestamp>1345576398000</Timestamp><DateTime>Tue, 2012-08-21 15:13:18 EDT</DateTime></Topic><Msg>"I bet an IRS investigation" I'm a small fish, not worth hooking ~ LOL It would be a waste of YOUR tax dollars. . .</Msg><Username>johns_joint</Username><Timestamp>1345651970000</Timestamp><DateTime>Wed, 2012-08-22 12:12:50 EDT</DateTime><ThumbUp>0</ThumbUp><ThumbDown>1</ThumbDown><Sentiment/></Message><Message type="ReplyMessage"><Id>1345651995000-36</Id><Topic><Title>New Report: CEOs Massive Salaries Subsidized By Your Taxes</Title><Username>ebayalphamale</Username><Timestamp>1345576398000</Timestamp><DateTime>Tue, 2012-08-21 15:13:18 EDT</DateTime></Topic><Msg>Yes! And I bet he says "the" "and" and "is" too idiot. OMG! I bet he says "idiot" a lot talking about you! He is everywhere. Everyone! He is you in your other IDs! How insidious!</Msg><Username>sinkssebay</Username><Timestamp>1345651995000</Timestamp><DateTime>Wed, 2012-08-22 12:13:15 EDT</DateTime><ThumbUp>3</ThumbUp><ThumbDown>0</ThumbDown><Sentiment/></Message><Message type="ReplyMessage"><Id>1345652141000-37</Id><Topic><Title>New Report: CEOs Massive Salaries Subsidized By Your Taxes</Title><Username>ebayalphamale</Username><Timestamp>1345576398000</Timestamp><DateTime>Tue, 2012-08-21 15:13:18 EDT</DateTime></Topic><Msg>Only YOU say "jabber" ALL ONE POSTER UNDER MANY ID's Here's the proof: http://search.messages.yahoo.com/search?.mbintl=finance&amp;q=jabber&amp;type=oClX1zbVWsdPcM6LGkmONNpZQivqeDZUX7JJqIjH9F_XeERr1svPBeNdvAWYsgw-&amp;action=Search&amp;srch=0&amp;v=vTmRjkfVWsfU69IVb_okKRUBtayPIZpeKgI5vssJO7Qy45KqgwaWMVbxu16v&amp;b=1&amp;within=subject&amp;within=msgtext&amp;showthread=tm&amp;sentiment=0&amp;authoredby=aa&amp;user_profiles=johns_joint&amp;postedon=pr&amp;sMonth=8&amp;sDay=22&amp;sYear=2010&amp;eMonth=8&amp;eDay=22&amp;eYear=2012</Msg><Username>johns_joint</Username><Timestamp>1345652141000</Timestamp><DateTime>Wed, 2012-08-22 12:15:41 EDT</DateTime><ThumbUp>0</ThumbUp><ThumbDown>2</ThumbDown><Sentiment/></Message><Message type="TopicMessage"><Id>1345652270000-38</Id><Title>Let's JABBER about Ebay $50</Title><Msg>A bunch of small talk leads to BIG numbers ~ LOL</Msg><Username>johns_joint</Username><Timestamp>1345652270000</Timestamp><DateTime>Wed, 2012-08-22 12:17:50 EDT</DateTime><ThumbUp>1</ThumbUp><ThumbDown>1</ThumbDown><Sentiment/></Message><Message type="ReplyMessage"><Id>1345652400000-39</Id><Topic><Title>New Report: CEOs Massive Salaries Subsidized By Your Taxes</Title><Username>ebayalphamale</Username><Timestamp>1345576398000</Timestamp><DateTime>Tue, 2012-08-21 15:13:18 EDT</DateTime></Topic><Msg>Poor Johnie! You got it bad and that ain't good. Only you say "ebay pays my bills" and we all know that was a crock. I bet 10% finders fee on your tax fraud might interest certain people.</Msg><Username>sinkssebay</Username><Timestamp>1345652400000</Timestamp><DateTime>Wed, 2012-08-22 12:20:00 EDT</DateTime><ThumbUp>3</ThumbUp><ThumbDown>0</ThumbDown><Sentiment/></Message><Message type="ReplyMessage"><Id>1345653053000-40</Id><Topic><Title>New Report: CEOs Massive Salaries Subsidized By Your Taxes</Title><Username>ebayalphamale</Username><Timestamp>1345576398000</Timestamp><DateTime>Tue, 2012-08-21 15:13:18 EDT</DateTime></Topic><Msg>10% of zero is 0 Waste your tax dollars, they ain't mine! ~ LOL</Msg><Username>johns_joint</Username><Timestamp>1345653053000</Timestamp><DateTime>Wed, 2012-08-22 12:30:53 EDT</DateTime><ThumbUp>0</ThumbUp><ThumbDown>1</ThumbDown><Sentiment/></Message><Message type="ReplyMessage"><Id>1345653703000-41</Id><Topic><Title>$50 right around the corner</Title><Username>sullyinmass</Username><Timestamp>1345650699000</Timestamp><DateTime>Wed, 2012-08-22 11:51:39 EDT</DateTime></Topic><Msg>I would like to see 50$ too, but this stock canèt seem to stay up, it's already down 1$ from the highs this morning. I really don't like this action at all!!!!</Msg><Username>marty81274</Username><Timestamp>1345653703000</Timestamp><DateTime>Wed, 2012-08-22 12:41:43 EDT</DateTime><ThumbUp>0</ThumbUp><ThumbDown>0</ThumbDown><Sentiment/></Message><Message type="TopicMessage"><Id>1345653765000-42</Id><Title>It's like fly fishing</Title><Msg>I cast the line in a previous post, and caught DRIBBLES. He bites every single time. ROTFLMAO!!! Sully</Msg><Username>sullyinmass</Username><Timestamp>1345653765000</Timestamp><DateTime>Wed, 2012-08-22 12:42:45 EDT</DateTime><ThumbUp>0</ThumbUp><ThumbDown>1</ThumbDown><Sentiment/></Message><Message type="ReplyMessage"><Id>1345653813000-43</Id><Topic><Title>$50 right around the corner</Title><Username>sullyinmass</Username><Timestamp>1345650699000</Timestamp><DateTime>Wed, 2012-08-22 11:51:39 EDT</DateTime></Topic><Msg>Be patient. Sully</Msg><Username>sullyinmass</Username><Timestamp>1345653813000</Timestamp><DateTime>Wed, 2012-08-22 12:43:33 EDT</DateTime><ThumbUp>1</ThumbUp><ThumbDown>1</ThumbDown><Sentiment/></Message><Message type="ReplyMessage"><Id>1345655601000-44</Id><Topic><Title>$50 right around the corner</Title><Username>sullyinmass</Username><Timestamp>1345650699000</Timestamp><DateTime>Wed, 2012-08-22 11:51:39 EDT</DateTime></Topic><Msg>My broker told me ebay going to $60.gl</Msg><Username>willgivetheeall</Username><Timestamp>1345655601000</Timestamp><DateTime>Wed, 2012-08-22 13:13:21 EDT</DateTime><ThumbUp>1</ThumbUp><ThumbDown>0</ThumbDown><Sentiment/></Message><Message type="TopicMessage"><Id>1345656941000-45</Id><Title>up only $1.27 ?</Title><Msg>Basically just got back what was lost over the past few days. I AMZN reported this kinda news it would be up 30%. Even Discover is up 5%. Ebay should be up at least 20%. There is no respect for this stock.</Msg><Username>bribeavis</Username><Timestamp>1345656941000</Timestamp><DateTime>Wed, 2012-08-22 13:35:41 EDT</DateTime><ThumbUp>1</ThumbUp><ThumbDown>0</ThumbDown><Sentiment/></Message><Message type="TopicMessage"><Id>1345657098000-46</Id><Title>Poor Broke DRIBBLES (Fake Sullyinma)</Title><Msg>Poor broke DRIBBLES (fake sullied) is dribbling her uselessness again, repeating her spamming g@y catch phrases. Yawn. Sad. So sad. ROTFLMAO!!!!!!!!!!!! Sully</Msg><Username>sullyinmass.2012</Username><Timestamp>1345657098000</Timestamp><DateTime>Wed, 2012-08-22 13:38:18 EDT</DateTime><ThumbUp>3</ThumbUp><ThumbDown>1</ThumbDown><Sentiment/></Message><Message type="ReplyMessage"><Id>1345657640000-47</Id><Topic><Title>Poor Broke DRIBBLES (Fake Sullyinma)</Title><Username>sullyinmass.2012</Username><Timestamp>1345657098000</Timestamp><DateTime>Wed, 2012-08-22 13:38:18 EDT</DateTime></Topic><Msg>ALL ONE POSTER Why do you want to be Sully so bad? Is it because he's tough, slim, good looking and a hard worker? Everything YOU'RE not. . .</Msg><Username>johns_joint</Username><Timestamp>1345657640000</Timestamp><DateTime>Wed, 2012-08-22 13:47:20 EDT</DateTime><ThumbUp>2</ThumbUp><ThumbDown>3</ThumbDown><Sentiment/></Message><Message type="ReplyMessage"><Id>1345657903000-48</Id><Topic><Title>Poor Broke DRIBBLES (Fake Sullyinma)</Title><Username>sullyinmass.2012</Username><Timestamp>1345657098000</Timestamp><DateTime>Wed, 2012-08-22 13:38:18 EDT</DateTime></Topic><Msg>Poor broke spammingh John Osborne! Sounds like you have another g@y crush on top of your 'all one poster' obsession! Sad. Sad. ROTFLMAO!!!!!!!!!!!!!!! Sully</Msg><Username>sullyinmass.2012</Username><Timestamp>1345657903000</Timestamp><DateTime>Wed, 2012-08-22 13:51:43 EDT</DateTime><ThumbUp>3</ThumbUp><ThumbDown>1</ThumbDown><Sentiment/></Message><Message type="ReplyMessage"><Id>1345658156000-49</Id><Topic><Title>Poor Broke DRIBBLES (Fake Sullyinma)</Title><Username>sullyinmass.2012</Username><Timestamp>1345657098000</Timestamp><DateTime>Wed, 2012-08-22 13:38:18 EDT</DateTime></Topic><Msg>Charles Kelly Why do YOu want to be Sully and not Charles Kelly? Is Charles that bad of a person? Ask yourself, Do I like the guy I see in the mirror? My guess is NO!</Msg><Username>johns_joint</Username><Timestamp>1345658156000</Timestamp><DateTime>Wed, 2012-08-22 13:55:56 EDT</DateTime><ThumbUp>0</ThumbUp><ThumbDown>2</ThumbDown><Sentiment/></Message><Message type="TopicMessage"><Id>1345658256000-50</Id><Title>The Vegan &amp; the Cow</Title><Msg>The similarities are numerous!</Msg><Username>johns_joint</Username><Timestamp>1345658256000</Timestamp><DateTime>Wed, 2012-08-22 13:57:36 EDT</DateTime><ThumbUp>0</ThumbUp><ThumbDown>2</ThumbDown><Sentiment/></Message><Message type="TopicMessage"><Id>1345659038000-51</Id><Title>This is simply a short squeeze ebay &amp; dfs are both losers</Title><Msg>play the old elliot wave &amp; short the heck out of both on the 3rd wave up</Msg><Username>sharpeyeddude</Username><Timestamp>1345659038000</Timestamp><DateTime>Wed, 2012-08-22 14:10:38 EDT</DateTime><ThumbUp>1</ThumbUp><ThumbDown>0</ThumbDown><Sentiment/></Message><Message type="TopicMessage"><Id>1345659669000-52</Id><Title>Buy Ebay, Short amzn as pair trade.</Title><Msg>If you have to own an internet</Msg><Username>wingofeaglets17</Username><Timestamp>1345659669000</Timestamp><DateTime>Wed, 2012-08-22 14:21:09 EDT</DateTime><ThumbUp>1</ThumbUp><ThumbDown>0</ThumbDown><Sentiment/></Message><Message type="ReplyMessage"><Id>1345660953000-53</Id><Topic><Title>This is simply a short squeeze ebay &amp; dfs are both losers</Title><Username>sharpeyeddude</Username><Timestamp>1345659038000</Timestamp><DateTime>Wed, 2012-08-22 14:10:38 EDT</DateTime></Topic><Msg>short squeeze ebay This can not be a short squeeze!!! Why: Who would be short on Ebay now???? Who would be shorting ebay now with it going up up up ??? It could be $60.00 by Christmas with a litle more good news.</Msg><Username>acman40930</Username><Timestamp>1345660953000</Timestamp><DateTime>Wed, 2012-08-22 14:42:33 EDT</DateTime><ThumbUp>0</ThumbUp><ThumbDown>1</ThumbDown><Sentiment/></Message><Message type="ReplyMessage"><Id>1345662181000-54</Id><Topic><Title>This is simply a short squeeze ebay &amp; dfs are both losers</Title><Username>sharpeyeddude</Username><Timestamp>1345659038000</Timestamp><DateTime>Wed, 2012-08-22 14:10:38 EDT</DateTime></Topic><Msg>yes and if you really believe that, I have some ocean front property beginning at the southern edge of the Omaha city limits.</Msg><Username>sharpeyeddude</Username><Timestamp>1345662181000</Timestamp><DateTime>Wed, 2012-08-22 15:03:01 EDT</DateTime><ThumbUp>1</ThumbUp><ThumbDown>0</ThumbDown><Sentiment/></Message><Message type="ReplyMessage"><Id>1345662957000-55</Id><Topic><Title>Poor Broke DRIBBLES (Fake Sullyinma)</Title><Username>sullyinmass.2012</Username><Timestamp>1345657098000</Timestamp><DateTime>Wed, 2012-08-22 13:38:18 EDT</DateTime></Topic><Msg>"Everything YOU'RE not. . ." OUCH!!! Now that's a direct hit to the forehead of DRIBBLES. Once again you've made him look like a complete fool. ROTFLMAO!!! Sully</Msg><Username>sullyinmass</Username><Timestamp>1345662957000</Timestamp><DateTime>Wed, 2012-08-22 15:15:57 EDT</DateTime><ThumbUp>1</ThumbUp><ThumbDown>1</ThumbDown><Sentiment/></Message><Message type="ReplyMessage"><Id>1345664776000-56</Id><Topic><Title>This is simply a short squeeze ebay &amp; dfs are both losers</Title><Username>sharpeyeddude</Username><Timestamp>1345659038000</Timestamp><DateTime>Wed, 2012-08-22 14:10:38 EDT</DateTime></Topic><Msg>Respectfully think you should reconsider positionconclusion THE most important indicator...price/volume action has set the trend for some time now. Pls do a daily analysis for affirmation. Yes - there's been "pullbacks" w/indicies, and distribution days within....but the trend with the MACD are positive</Msg><Username>grnous01</Username><Timestamp>1345664776000</Timestamp><DateTime>Wed, 2012-08-22 15:46:16 EDT</DateTime><ThumbUp>1</ThumbUp><ThumbDown>0</ThumbDown><Sentiment/></Message><Message type="ReplyMessage"><Id>1345665863000-57</Id><Topic><Title>This is simply a short squeeze ebay &amp; dfs are both losers</Title><Username>sharpeyeddude</Username><Timestamp>1345659038000</Timestamp><DateTime>Wed, 2012-08-22 14:10:38 EDT</DateTime></Topic><Msg>ur an idiot....and u dont know how to trade .....shorts will get their balls cut off before 55</Msg><Username>darrenarchie</Username><Timestamp>1345665863000</Timestamp><DateTime>Wed, 2012-08-22 16:04:23 EDT</DateTime><ThumbUp>1</ThumbUp><ThumbDown>0</ThumbDown><Sentiment/></Message><Message type="ReplyMessage"><Id>1345666762000-58</Id><Topic><Title>Poor Broke DRIBBLES (Fake Sullyinma)</Title><Username>sullyinmass.2012</Username><Timestamp>1345657098000</Timestamp><DateTime>Wed, 2012-08-22 13:38:18 EDT</DateTime></Topic><Msg>That's still not my name John Osborne. Why do you g@yly melt down and you and Sullied get all excited and expose your g@yness and bring public exposure to your failing ebay z50com trailer park life trying to bother a long ago poster. Amusing how owned you are. ROTFLMOA!!!!!!!!!!! Sully</Msg><Username>sullyinmass.2012</Username><Timestamp>1345666762000</Timestamp><DateTime>Wed, 2012-08-22 16:19:22 EDT</DateTime><ThumbUp>5</ThumbUp><ThumbDown>0</ThumbDown><Sentiment/></Message><Message type="ReplyMessage"><Id>1345666849000-59</Id><Topic><Title>Poor Broke DRIBBLES (Fake Sullyinma)</Title><Username>sullyinmass.2012</Username><Timestamp>1345657098000</Timestamp><DateTime>Wed, 2012-08-22 13:38:18 EDT</DateTime></Topic><Msg>Poor broke Sullied. You've gone and made John Osborne spew while you repeat your g@y catch phrases. Why don't you gurlies get a room already? ROTFLMAO!!!!!!!!!!!! Sully</Msg><Username>sullyinmass.2012</Username><Timestamp>1345666849000</Timestamp><DateTime>Wed, 2012-08-22 16:20:49 EDT</DateTime><ThumbUp>6</ThumbUp><ThumbDown>1</ThumbDown><Sentiment/></Message><Message type="ReplyMessage"><Id>1345666983000-60</Id><Topic><Title>Poor Broke DRIBBLES (Fake Sullyinma)</Title><Username>sullyinmass.2012</Username><Timestamp>1345657098000</Timestamp><DateTime>Wed, 2012-08-22 13:38:18 EDT</DateTime></Topic><Msg>Wow! I noticed John answered faster and angrier than Sullied. Hmmmmmmm</Msg><Username>aig.elike</Username><Timestamp>1345666983000</Timestamp><DateTime>Wed, 2012-08-22 16:23:03 EDT</DateTime><ThumbUp>5</ThumbUp><ThumbDown>1</ThumbDown><Sentiment/></Message><Message type="TopicMessage"><Id>1345676650000-61</Id><Title>Look! Someone Is Posing In Their Long Ago Master's Thong!</Title><Msg>Look how some obsessed fool tries to pose in his long ago Master's thong! But it's way to big there in front girl! Way too much headroom left. Someone is that obsessed! LOL! Priceless comedy! Priceless! Why don't they want to be themselves? LOL! ROTFLMAO!!!!!!!!!!!!!!!! Sully</Msg><Username>sullyinmass.2012</Username><Timestamp>1345676650000</Timestamp><DateTime>Wed, 2012-08-22 19:04:10 EDT</DateTime><ThumbUp>3</ThumbUp><ThumbDown>0</ThumbDown><Sentiment/></Message><Message type="ReplyMessage"><Id>1345680234000-62</Id><Topic><Title>Look! Someone Is Posing In Their Long Ago Master's Thong!</Title><Username>sullyinmass.2012</Username><Timestamp>1345676650000</Timestamp><DateTime>Wed, 2012-08-22 19:04:10 EDT</DateTime></Topic><Msg>"Why don't they want to be themselves?" mirror mirror on the wall Now that's priceless. . .</Msg><Username>johns_joint</Username><Timestamp>1345680234000</Timestamp><DateTime>Wed, 2012-08-22 20:03:54 EDT</DateTime><ThumbUp>0</ThumbUp><ThumbDown>0</ThumbDown><Sentiment/></Message><Message type="ReplyMessage"><Id>1345685061000-63</Id><Topic><Title>Care Must Be Taken</Title><Username>ambrosiusgoy219</Username><Timestamp>1345646029000</Timestamp><DateTime>Wed, 2012-08-22 10:33:49 EDT</DateTime></Topic><Msg>I AM UP TODAY!</Msg><Username>neysaaju055</Username><Timestamp>1345685061000</Timestamp><DateTime>Wed, 2012-08-22 21:24:21 EDT</DateTime><ThumbUp>0</ThumbUp><ThumbDown>0</ThumbDown><Sentiment/></Message><Message type="TopicMessage"><Id>1345686969000-64</Id><Title>is anyone on here besides some sully guy?</Title><Msg>id like info but this board is like mr.sullys living room////no offense , seems like a nice guy but does anyone post anything of value? thanks</Msg><Username>darrenarchie</Username><Timestamp>1345686969000</Timestamp><DateTime>Wed, 2012-08-22 21:56:09 EDT</DateTime><ThumbUp>1</ThumbUp><ThumbDown>0</ThumbDown><Sentiment/></Message><Message type="ReplyMessage"><Id>1345692711000-65</Id><Topic><Title>StockConsultant.com - EBAY breakout watch</Title><Username>wingmast3</Username><Timestamp>1345149429000</Timestamp><DateTime>Thu, 2012-08-16 16:37:09 EDT</DateTime></Topic><Msg>I think the breakout is confirmed now?</Msg><Username>postlavia23</Username><Timestamp>1345692711000</Timestamp><DateTime>Wed, 2012-08-22 23:31:51 EDT</DateTime><ThumbUp>0</ThumbUp><ThumbDown>0</ThumbDown><Sentiment/></Message><Message type="ReplyMessage"><Id>1345693840000-66</Id><Topic><Title>Video Update</Title><Username>libbirlc680</Username><Timestamp>1345656198000</Timestamp><DateTime>Wed, 2012-08-22 13:23:18 EDT</DateTime></Topic><Msg>Well done for a solid service</Msg><Username>saraannhwd194</Username><Timestamp>1345693840000</Timestamp><DateTime>Wed, 2012-08-22 23:50:40 EDT</DateTime><ThumbUp>0</ThumbUp><ThumbDown>0</ThumbDown><Sentiment/></Message></Date>