<?xml version="1.0" encoding="UTF-8" standalone="no"?><Date date="2012-12-16"><Message type="ReplyMessage"><Id>1355681804049-1</Id><Topic><Title>Very well written report, it's really worth reading.</Title><Username>raymondcox273</Username><Timestamp>1354552653315</Timestamp><DateTime>Mon, 2012-12-03 11:37:33 EST</DateTime></Topic><Msg>nice</Msg><Username>thompsonvicki82</Username><Timestamp>1355681804049</Timestamp><DateTime>Sun, 2012-12-16 13:16:44 EST</DateTime><ThumbUp>0</ThumbUp><ThumbDown>2</ThumbDown><Sentiment/></Message><Message type="TopicMessage"><Id>1355704749253-2</Id><Title>Ebay and Paypal fees are now 9% and 3%</Title><Msg>I havent used their service for 2 years. I was thinking of selling something on EBAY but at those prices I would rather throw it in the trash than pay these leeches this much for nothing,..</Msg><Username>bwng_cash_flow_positive</Username><Timestamp>1355704749253</Timestamp><DateTime>Sun, 2012-12-16 19:39:09 EST</DateTime><ThumbUp>0</ThumbUp><ThumbDown>0</ThumbDown><Sentiment/></Message></Date>