<?xml version="1.0" encoding="UTF-8" standalone="no"?><Date date="2012-10-16"><Message type="TopicMessage"><Id>1350368250110-1</Id><Title>CANT FIND ANYTHING ON EBAY CAN YOU?</Title><Msg>There website format sucks, cant find anything, buy it now sucks, you can buy cheaper on amazon with warranty.</Msg><Username>jack_hoff_often</Username><Timestamp>1350368250110</Timestamp><DateTime>Tue, 2012-10-16 02:17:30 EDT</DateTime><ThumbUp>1</ThumbUp><ThumbDown>1</ThumbDown><Sentiment>Strong Sell</Sentiment></Message><Message type="ReplyMessage"><Id>1350391680072-2</Id><Topic><Title>CANT FIND ANYTHING ON EBAY CAN YOU?</Title><Username>jack_hoff_often</Username><Timestamp>1350368250110</Timestamp><DateTime>Tue, 2012-10-16 02:17:30 EDT</DateTime></Topic><Msg>What are you looking for? I don't have any problems finding what I need.</Msg><Username>sullyinmass</Username><Timestamp>1350391680072</Timestamp><DateTime>Tue, 2012-10-16 08:48:00 EDT</DateTime><ThumbUp>0</ThumbUp><ThumbDown>0</ThumbDown><Sentiment/></Message><Message type="ReplyMessage"><Id>1350391781000-3</Id><Topic><Title>Shorting $50 Was The Easiest Easiest Money I've Ever Ever Made. Too Easy! Too Easy! jUST Too Easy!</Title><Username>ebay.redchart</Username><Timestamp>1350343302545</Timestamp><DateTime>Mon, 2012-10-15 19:21:42 EDT</DateTime></Topic><Msg>Are you the #$%$ who posted last November that this stock was overrated at $28.00? You said you never did day trading.</Msg><Username>sullyinmass</Username><Timestamp>1350391781000</Timestamp><DateTime>Tue, 2012-10-16 08:49:41 EDT</DateTime><ThumbUp>0</ThumbUp><ThumbDown>1</ThumbDown><Sentiment/></Message><Message type="TopicMessage"><Id>1350391927517-4</Id><Title>Junior Gold Mining Start-Up Company Getting Ready To Start Gold Production</Title><Msg>Bonanza Goldfields, BONZ, is a junior gold mining start-up company with tremendous potential. The new C.E.O. was a director at the U.S. Mint. Financing secured. Gold production will begin at the company's Tarantula site soon. Read the recent Yahoo news. Get in under 4 cents today. 300-500% upside over the next 90 days is possible. "Penny stock today. Dollar stock tomorrow."</Msg><Username>aunttizzy</Username><Timestamp>1350391927517</Timestamp><DateTime>Tue, 2012-10-16 08:52:07 EDT</DateTime><ThumbUp>0</ThumbUp><ThumbDown>0</ThumbDown><Sentiment/></Message><Message type="TopicMessage"><Id>1350392048916-5</Id><Title>Whatever became of DRIBBLES?</Title><Msg>I haven't seen any posts by that loser in quite a while now. Sully</Msg><Username>sullyinmass</Username><Timestamp>1350392048916</Timestamp><DateTime>Tue, 2012-10-16 08:54:08 EDT</DateTime><ThumbUp>0</ThumbUp><ThumbDown>0</ThumbDown><Sentiment/></Message><Message type="TopicMessage"><Id>1350402377361-6</Id><Title>$53 - $55 By Friday</Title><Msg>Big pop after earnings , Will see new highs and raised price targets next week.</Msg><Username>acman40930</Username><Timestamp>1350402377361</Timestamp><DateTime>Tue, 2012-10-16 11:46:17 EDT</DateTime><ThumbUp>0</ThumbUp><ThumbDown>0</ThumbDown><Sentiment>Strong Buy</Sentiment></Message><Message type="TopicMessage"><Id>1350404449692-7</Id><Title>7.5% of my ebay sales last qtr were overseas, 4% to Europe.</Title><Msg>7.5% of my ebay sales last qtr were overseas, 4% to Europe.</Msg><Username>lzb5ml</Username><Timestamp>1350404449692</Timestamp><DateTime>Tue, 2012-10-16 12:20:49 EDT</DateTime><ThumbUp>0</ThumbUp><ThumbDown>0</ThumbDown><Sentiment/></Message><Message type="TopicMessage"><Id>1350415601454-8</Id><Title>Ebay is not working cannot upload any photos today</Title><Msg>Fix it please</Msg><Username>biohead23</Username><Timestamp>1350415601454</Timestamp><DateTime>Tue, 2012-10-16 15:26:41 EDT</DateTime><ThumbUp>0</ThumbUp><ThumbDown>0</ThumbDown><Sentiment/></Message><Message type="TopicMessage"><Id>1350432523654-9</Id><Title>Did you this Romney fellows first name is Willard</Title><Msg>Who would vote for a morman named Willard? My god !</Msg><Username>clerk392</Username><Timestamp>1350432523654</Timestamp><DateTime>Tue, 2012-10-16 20:08:43 EDT</DateTime><ThumbUp>0</ThumbUp><ThumbDown>2</ThumbDown><Sentiment/></Message></Date>