<?xml version="1.0" encoding="UTF-8" standalone="no"?><Date date="2012-10-15"><Message type="ReplyMessage"><Id>1350286167455-1</Id><Topic><Title>EBAY 1-866-540-3229 CUSTOMER SERVICE SUCKS</Title><Username>two_door32</Username><Timestamp>1349363659218</Timestamp><DateTime>Thu, 2012-10-04 11:14:19 EDT</DateTime></Topic><Msg>trying to pay a charge to ebay of a customer charge back,sold an item that was perfectly fine but customer complained before notifying me and ebay paid them and i never paid ebay, thus my account was suspended. im trying to take care of issue and resume buying and selling on ebay.....it has been over a year, my problem is i need to know what i need to pay and where to send it.</Msg><Username>two_door32</Username><Timestamp>1350286167455</Timestamp><DateTime>Mon, 2012-10-15 03:29:27 EDT</DateTime><ThumbUp>0</ThumbUp><ThumbDown>0</ThumbDown><Sentiment/></Message><Message type="TopicMessage"><Id>1350293953240-2</Id><Title>EBAY: challenge 50.50$ this week, just the right timing</Title><Msg>will OPEN 55-60$ after ER</Msg><Username>ngmike18</Username><Timestamp>1350293953240</Timestamp><DateTime>Mon, 2012-10-15 05:39:13 EDT</DateTime><ThumbUp>1</ThumbUp><ThumbDown>0</ThumbDown><Sentiment/></Message><Message type="TopicMessage"><Id>1350310040870-3</Id><Title>BUY ALL U CAN</Title><Msg>this is a gift -- paypal rocking and holiday season is right around the corner -- buy and hold --- 60 by Q1 !!!</Msg><Username>winston10024</Username><Timestamp>1350310040870</Timestamp><DateTime>Mon, 2012-10-15 10:07:20 EDT</DateTime><ThumbUp>0</ThumbUp><ThumbDown>0</ThumbDown><Sentiment>Strong Buy</Sentiment></Message><Message type="TopicMessage"><Id>1350315602162-4</Id><Title>I hope EBAY is not depending on international sales from the likes of MELI which they have ownership in.</Title><Msg>sales from abroad are not good, I hope EBAy isnt depending on that.</Msg><Username>rrs0007</Username><Timestamp>1350315602162</Timestamp><DateTime>Mon, 2012-10-15 11:40:02 EDT</DateTime><ThumbUp>0</ThumbUp><ThumbDown>0</ThumbDown><Sentiment/></Message><Message type="TopicMessage"><Id>1350343302545-5</Id><Title>Shorting $50 Was The Easiest Easiest Money I've Ever Ever Made. Too Easy! Too Easy! jUST Too Easy!</Title><Msg>Come on ebay, get back down to a level I have to at least crunch some fundamentals and stats to short your worthless worthless hind! Why do you shuck your long investors like you do your sellers?</Msg><Username>ebay.redchart</Username><Timestamp>1350343302545</Timestamp><DateTime>Mon, 2012-10-15 19:21:42 EDT</DateTime><ThumbUp>0</ThumbUp><ThumbDown>0</ThumbDown><Sentiment>Strong Sell</Sentiment></Message></Date>