<?xml version="1.0" encoding="UTF-8" standalone="no"?><Date date="2012-11-09"><Message type="TopicMessage"><Id>1352449773092-1</Id><Title>Obama doesn't like Ebay</Title><Msg>I'm going to sell all my stocks and run.</Msg><Username>m13monkeys</Username><Timestamp>1352449773092</Timestamp><DateTime>Fri, 2012-11-09 03:29:33 EST</DateTime><ThumbUp>0</ThumbUp><ThumbDown>0</ThumbDown><Sentiment/></Message><Message type="ReplyMessage"><Id>1352463843156-2</Id><Topic><Title>eBay Inc. Stock of the day? eBay Inc. Never snoozes</Title><Username>hungcarpenter757</Username><Timestamp>1351097594035</Timestamp><DateTime>Wed, 2012-10-24 12:53:14 EDT</DateTime></Topic><Msg>Can you expain a little further? I believe the idea is good to use</Msg><Username>crystalenglish331</Username><Timestamp>1352463843156</Timestamp><DateTime>Fri, 2012-11-09 07:24:03 EST</DateTime><ThumbUp>1</ThumbUp><ThumbDown>0</ThumbDown><Sentiment/></Message><Message type="ReplyMessage"><Id>1352469992027-3</Id><Topic><Title>eBay Inc. Stock of the day? eBay Inc. Never snoozes</Title><Username>hungcarpenter757</Username><Timestamp>1351097594035</Timestamp><DateTime>Wed, 2012-10-24 12:53:14 EDT</DateTime></Topic><Msg>And, Ill be buying more tomorrow...</Msg><Username>stephensondiana526</Username><Timestamp>1352469992027</Timestamp><DateTime>Fri, 2012-11-09 09:06:32 EST</DateTime><ThumbUp>1</ThumbUp><ThumbDown>0</ThumbDown><Sentiment/></Message><Message type="ReplyMessage"><Id>1352512880707-4</Id><Topic><Title>Congratulations America, you made the right choice.</Title><Username>sullyinma2009</Username><Timestamp>1352292592822</Timestamp><DateTime>Wed, 2012-11-07 07:49:52 EST</DateTime></Topic><Msg>Poor fake Sully, you're as "real" as Romney's smile. America sent that fool packing like they will you. Enjoy that. I'm so glad I rule this board and make you flop sweat yourself daily. PS: I bet that man had good use for all the cash made off shorting $50. ROTFLMAO!!!!!!!!!!!!! Sully</Msg><Username>sullyinmass.2012</Username><Timestamp>1352512880707</Timestamp><DateTime>Fri, 2012-11-09 21:01:20 EST</DateTime><ThumbUp>0</ThumbUp><ThumbDown>2</ThumbDown><Sentiment/></Message><Message type="ReplyMessage"><Id>1352513010748-5</Id><Topic><Title>Congratulations America, you made the right choice.</Title><Username>sullyinma2009</Username><Timestamp>1352292592822</Timestamp><DateTime>Wed, 2012-11-07 07:49:52 EST</DateTime></Topic><Msg>Poor baby Tool Fool! You lost your home because you're a loser who lived on this chat board daily, all day and night, for over 12 years. How would you ever know you'd lost your freedom since you don't do anything with it anyways? ROTFLMAO!!!!!!!!! Sully</Msg><Username>sullyinmass.2012</Username><Timestamp>1352513010748</Timestamp><DateTime>Fri, 2012-11-09 21:03:30 EST</DateTime><ThumbUp>0</ThumbUp><ThumbDown>2</ThumbDown><Sentiment/></Message></Date>