<?xml version="1.0" encoding="UTF-8" standalone="no"?><Date date="2012-12-14"><Message type="TopicMessage"><Id>1355461659205-1</Id><Title>★★★★ GOING TO 60!!!!!</Title><Msg>MORE UPGRADES ON THE WAY!!! Strong Buy!!!</Msg><Username>apple2go</Username><Timestamp>1355461659205</Timestamp><DateTime>Fri, 2012-12-14 00:07:39 EST</DateTime><ThumbUp>2</ThumbUp><ThumbDown>0</ThumbDown><Sentiment>Strong Buy</Sentiment></Message><Message type="ReplyMessage"><Id>1355490466864-2</Id><Topic><Title>Awesome Improvement for EBAY . Read Now!</Title><Username>terrell.fawcett</Username><Timestamp>1355312706398</Timestamp><DateTime>Wed, 2012-12-12 06:45:06 EST</DateTime></Topic><Msg>ABUSIVE SCAMS REPORTED TO YAHOO !</Msg><Username>alphonite</Username><Timestamp>1355490466864</Timestamp><DateTime>Fri, 2012-12-14 08:07:46 EST</DateTime><ThumbUp>1</ThumbUp><ThumbDown>0</ThumbDown><Sentiment/></Message><Message type="TopicMessage"><Id>1355494172236-3</Id><Title>history will repeat itself...</Title><Msg>do not get caught up in the hype of holiday shopping. Insiders are selling for a reason.. Fact is, Paypal and Ebay cost the company dearly to operate and profits are not inline. Jan earning report will be just as expected, disappointing.</Msg><Username>rscarlatella</Username><Timestamp>1355494172236</Timestamp><DateTime>Fri, 2012-12-14 09:09:32 EST</DateTime><ThumbUp>0</ThumbUp><ThumbDown>1</ThumbDown><Sentiment/></Message><Message type="ReplyMessage"><Id>1355496254874-4</Id><Topic><Title>history will repeat itself...</Title><Username>rscarlatella</Username><Timestamp>1355494172236</Timestamp><DateTime>Fri, 2012-12-14 09:09:32 EST</DateTime></Topic><Msg>Ebay P/E is only 17 That's inline I think you're talking about Amazon Earnings are NOT inline with a P/E of 3000</Msg><Username>johns_joint</Username><Timestamp>1355496254874</Timestamp><DateTime>Fri, 2012-12-14 09:44:14 EST</DateTime><ThumbUp>1</ThumbUp><ThumbDown>0</ThumbDown><Sentiment/></Message><Message type="ReplyMessage"><Id>1355504795018-5</Id><Topic><Title>Awesome Improvement for EBAY . Read Now!</Title><Username>terrell.fawcett</Username><Timestamp>1355312706398</Timestamp><DateTime>Wed, 2012-12-12 06:45:06 EST</DateTime></Topic><Msg>im in</Msg><Username>josewalton15</Username><Timestamp>1355504795018</Timestamp><DateTime>Fri, 2012-12-14 12:06:35 EST</DateTime><ThumbUp>0</ThumbUp><ThumbDown>0</ThumbDown><Sentiment>Buy</Sentiment></Message></Date>