<?xml version="1.0" encoding="UTF-8" standalone="no"?><Date date="2012-09-19"><Message type="TopicMessage"><Id>1348062411328-1</Id><Title>50.56 pre market, no reason for it down</Title><Msg>wait for that</Msg><Username>chairman_westgate</Username><Timestamp>1348062411328</Timestamp><DateTime>Wed, 2012-09-19 09:46:51 EDT</DateTime><ThumbUp>0</ThumbUp><ThumbDown>0</ThumbDown><Sentiment/></Message><Message type="TopicMessage"><Id>1348072687327-2</Id><Title>Janney Capital Markets' raised ebay from $46 to $58</Title><Msg>Janney Capital Markets' raised ebay from $46 to $58. They know it should be $60.</Msg><Username>acman40930</Username><Timestamp>1348072687327</Timestamp><DateTime>Wed, 2012-09-19 12:38:07 EDT</DateTime><ThumbUp>0</ThumbUp><ThumbDown>0</ThumbDown><Sentiment>Strong Buy</Sentiment></Message></Date>