<?xml version="1.0" encoding="UTF-8" standalone="no"?><Date date="2012-11-08"><Message type="TopicMessage"><Id>1352388436935-1</Id><Title>AAPL. Killing that market</Title><Msg>Or EBAY already at $55. It will..</Msg><Username>cybercash28</Username><Timestamp>1352388436935</Timestamp><DateTime>Thu, 2012-11-08 10:27:16 EST</DateTime><ThumbUp>0</ThumbUp><ThumbDown>0</ThumbDown><Sentiment/></Message><Message type="TopicMessage"><Id>1352391293619-2</Id><Title>Fast $ Halftime, Ebay is a strong buy.</Title><Msg>$60 target they have</Msg><Username>wingofeaglets17</Username><Timestamp>1352391293619</Timestamp><DateTime>Thu, 2012-11-08 11:14:53 EST</DateTime><ThumbUp>0</ThumbUp><ThumbDown>0</ThumbDown><Sentiment/></Message><Message type="TopicMessage"><Id>1352391866725-3</Id><Title>Why the hell is this now down? Holy @#$#, was up .80 all day,</Title><Msg>fraud mrkt</Msg><Username>wingofeaglets17</Username><Timestamp>1352391866725</Timestamp><DateTime>Thu, 2012-11-08 11:24:26 EST</DateTime><ThumbUp>0</ThumbUp><ThumbDown>0</ThumbDown><Sentiment/></Message><Message type="TopicMessage"><Id>1352400806059-4</Id><Title>Obama crash?</Title><Msg>The people voted......and now wall st. will vote! Good luck to all, who hold this stock through the end of the year!</Msg><Username>gewizmeto</Username><Timestamp>1352400806059</Timestamp><DateTime>Thu, 2012-11-08 13:53:26 EST</DateTime><ThumbUp>0</ThumbUp><ThumbDown>0</ThumbDown><Sentiment/></Message><Message type="TopicMessage"><Id>1352409282904-5</Id><Title>Up to 48.40 AH, surging up.</Title><Msg>Sell off for no reason, 16 p/e very reasonable</Msg><Username>wingofeaglets17</Username><Timestamp>1352409282904</Timestamp><DateTime>Thu, 2012-11-08 16:14:42 EST</DateTime><ThumbUp>0</ThumbUp><ThumbDown>0</ThumbDown><Sentiment/></Message><Message type="ReplyMessage"><Id>1352425241885-6</Id><Topic><Title>Up to 48.40 AH, surging up.</Title><Username>wingofeaglets17</Username><Timestamp>1352409282904</Timestamp><DateTime>Thu, 2012-11-08 16:14:42 EST</DateTime></Topic><Msg>she's a sinking to 46 easy</Msg><Username>nicesauce</Username><Timestamp>1352425241885</Timestamp><DateTime>Thu, 2012-11-08 20:40:41 EST</DateTime><ThumbUp>0</ThumbUp><ThumbDown>0</ThumbDown><Sentiment>Strong Sell</Sentiment></Message><Message type="ReplyMessage"><Id>1352425840357-7</Id><Topic><Title>Why the hell is this now down? Holy @#$#, was up .80 all day,</Title><Username>wingofeaglets17</Username><Timestamp>1352391866725</Timestamp><DateTime>Thu, 2012-11-08 11:24:26 EST</DateTime></Topic><Msg>supply and demand too much volume to manipulate and owned by too many institutions this will be a 100 stock one day - but no stock goes straight up - sell for now</Msg><Username>nicesauce</Username><Timestamp>1352425840357</Timestamp><DateTime>Thu, 2012-11-08 20:50:40 EST</DateTime><ThumbUp>0</ThumbUp><ThumbDown>0</ThumbDown><Sentiment>Sell</Sentiment></Message></Date>