<?xml version="1.0" encoding="UTF-8" standalone="no"?><Date date="2012-09-14"><Message type="TopicMessage"><Id>1347633106322-1</Id><Title>There's That Ebay $50 We've Been Waiting For</Title><Msg>Now it's time to move toward an all time high of $58.50</Msg><Username>johns_joint</Username><Timestamp>1347633106322</Timestamp><DateTime>Fri, 2012-09-14 10:31:46 EDT</DateTime><ThumbUp>3</ThumbUp><ThumbDown>3</ThumbDown><Sentiment>Strong Buy</Sentiment></Message><Message type="TopicMessage"><Id>1347635099598-2</Id><Title>eBay $50 wooooooooo</Title><Msg>Go eBay - looking good, should have very strong Holiday biz! We are way to undervalued. We should be closer towards Amazon #'s</Msg><Username>smspms2627</Username><Timestamp>1347635099598</Timestamp><DateTime>Fri, 2012-09-14 11:04:59 EDT</DateTime><ThumbUp>1</ThumbUp><ThumbDown>0</ThumbDown><Sentiment/></Message><Message type="ReplyMessage"><Id>1347642382566-3</Id><Topic><Title>There's That Ebay $50 We've Been Waiting For</Title><Username>johns_joint</Username><Timestamp>1347633106322</Timestamp><DateTime>Fri, 2012-09-14 10:31:46 EDT</DateTime></Topic><Msg>Poor broke g @ y failed Daddy failed Grand Daddy! You've NOT made $50.11 cents of this, at the time of this writing. A smarter person would notice an across the board manipulated stock pump right before an epic storm. No justice no peace. Ever. No Grand Baby Dime Bagf either. Ever.</Msg><Username>jen_dimebag</Username><Timestamp>1347642382566</Timestamp><DateTime>Fri, 2012-09-14 13:06:22 EDT</DateTime><ThumbUp>3</ThumbUp><ThumbDown>2</ThumbDown><Sentiment>Strong Sell</Sentiment></Message><Message type="ReplyMessage"><Id>1347647018256-4</Id><Topic><Title>There's That Ebay $50 We've Been Waiting For</Title><Username>johns_joint</Username><Timestamp>1347633106322</Timestamp><DateTime>Fri, 2012-09-14 10:31:46 EDT</DateTime></Topic><Msg>you mean $75.50</Msg><Username>smspms2627</Username><Timestamp>1347647018256</Timestamp><DateTime>Fri, 2012-09-14 14:23:38 EDT</DateTime><ThumbUp>2</ThumbUp><ThumbDown>1</ThumbDown><Sentiment/></Message><Message type="TopicMessage"><Id>1347648553464-5</Id><Title>EBAY confirmed breakout</Title><Msg>nice move lets see some more from StockConsultant website BREAKOUT CONFIRMED breakout above 49.28, no resistance in area just above. Type: Continuation breakout from single resistance. Target: 52.22, 4.5% Stop: 48.72, Loss: 2.5%, Profit/Loss ratio: 1.8 : 1 - Fair CURRENT PRICE 49.96, just above resistance, 48.63 ± 0.63, type single, strength 5 RESISTANCE ABOVE None. SUPPORT BELOW -2.7% at 48.63 ± 0.63, type single, strength 5 -6.1% at 46.93 ± 0.61, type single, strength 3 -10.2% at 44.85 ± 0.58, type single, strength 3 -11.9% at 44 ± 0.57, type single, strength 8 -15.1% at 42.41 ± 0.55, type single, strength 3</Msg><Username>bozolover31</Username><Timestamp>1347648553464</Timestamp><DateTime>Fri, 2012-09-14 14:49:13 EDT</DateTime><ThumbUp>3</ThumbUp><ThumbDown>0</ThumbDown><Sentiment/></Message><Message type="ReplyMessage"><Id>1347651198885-6</Id><Topic><Title>ebay will see a new high friday</Title><Username>acman40930</Username><Timestamp>1347572637214</Timestamp><DateTime>Thu, 2012-09-13 17:43:57 EDT</DateTime></Topic><Msg>a new high and crossed $50 now own to $52 then $60.00 by x-mas</Msg><Username>acman40930</Username><Timestamp>1347651198885</Timestamp><DateTime>Fri, 2012-09-14 15:33:18 EDT</DateTime><ThumbUp>0</ThumbUp><ThumbDown>0</ThumbDown><Sentiment>Strong Buy</Sentiment></Message></Date>