<?xml version="1.0" encoding="UTF-8" standalone="no"?><Date date="2012-11-01"><Message type="ReplyMessage"><Id>1351743747685-1</Id><Topic><Title>What's with this PIECE OF CRAP EBAY today</Title><Username>marty81274</Username><Timestamp>1351692196590</Timestamp><DateTime>Wed, 2012-10-31 10:03:16 EDT</DateTime></Topic><Msg>its goign to keep falling</Msg><Username>cars245zx</Username><Timestamp>1351743747685</Timestamp><DateTime>Thu, 2012-11-01 00:22:27 EDT</DateTime><ThumbUp>0</ThumbUp><ThumbDown>0</ThumbDown><Sentiment>Strong Sell</Sentiment></Message><Message type="ReplyMessage"><Id>1351785316911-2</Id><Topic><Title>Hello Sully. I see you still totally rule!!!! NATCH.</Title><Username>sullys_ebay_board</Username><Timestamp>1351689784455</Timestamp><DateTime>Wed, 2012-10-31 09:23:04 EDT</DateTime></Topic><Msg>Yes I totally and completely rule this board but have never needed a sick diseased flamer punk like you trying to publicly lick my nether regions. I'm glad to see you still haven't found a life for your non-investing uselessness. ROTFLMAO!!!!!!!!! Sully</Msg><Username>sullyinmass.2012</Username><Timestamp>1351785316911</Timestamp><DateTime>Thu, 2012-11-01 11:55:16 EDT</DateTime><ThumbUp>0</ThumbUp><ThumbDown>1</ThumbDown><Sentiment/></Message><Message type="ReplyMessage"><Id>1351785518538-3</Id><Topic><Title>Big Tex was No Match</Title><Username>johns_joint</Username><Timestamp>1350731763142</Timestamp><DateTime>Sat, 2012-10-20 07:16:03 EDT</DateTime></Topic><Msg>Poor broke fake Sully, you were always the real DRIBBLES. I see you and Johns_Joint are still playing hide the loofah while you delete posts. Are you going to regal us now with your Smolderingmary and Crispy Critter IDs you made to taunt Lisa's deceased daughter? What a charmer you are! Keep deleting. I'll just keep posting the truth. ROTFLMAO!!!!!!!!! Sully</Msg><Username>sullyinmass.2012</Username><Timestamp>1351785518538</Timestamp><DateTime>Thu, 2012-11-01 11:58:38 EDT</DateTime><ThumbUp>0</ThumbUp><ThumbDown>0</ThumbDown><Sentiment/></Message><Message type="ReplyMessage"><Id>1351786355786-4</Id><Topic><Title>Big Tex was No Match</Title><Username>johns_joint</Username><Timestamp>1350731763142</Timestamp><DateTime>Sat, 2012-10-20 07:16:03 EDT</DateTime></Topic><Msg>Are YOU playing with FIRE again? ? ? ?</Msg><Username>johns_joint</Username><Timestamp>1351786355786</Timestamp><DateTime>Thu, 2012-11-01 12:12:35 EDT</DateTime><ThumbUp>0</ThumbUp><ThumbDown>0</ThumbDown><Sentiment/></Message><Message type="ReplyMessage"><Id>1351786489895-5</Id><Topic><Title>Hello Sully. I see you still totally rule!!!! NATCH.</Title><Username>sullys_ebay_board</Username><Timestamp>1351689784455</Timestamp><DateTime>Wed, 2012-10-31 09:23:04 EDT</DateTime></Topic><Msg>A Kelly girl can never be Sully man. . .</Msg><Username>johns_joint</Username><Timestamp>1351786489895</Timestamp><DateTime>Thu, 2012-11-01 12:14:49 EDT</DateTime><ThumbUp>0</ThumbUp><ThumbDown>2</ThumbDown><Sentiment/></Message><Message type="TopicMessage"><Id>1351787481271-6</Id><Title>Loving the "toned down" failure!</Title><Msg>Cowering in the corner with "toned down" feeble taunts. Hilarious. TEAM created all this! Now, keep repeating (whilst being TEAM group-gaped), "I will never RED REC again", "I will never RED REC again", "I will never RED REC again"!!!!!!! Atta boy! Someone was effectively neutered and lost. Badly. -Sully Rules</Msg><Username>sullys_ebay_board</Username><Timestamp>1351787481271</Timestamp><DateTime>Thu, 2012-11-01 12:31:21 EDT</DateTime><ThumbUp>1</ThumbUp><ThumbDown>2</ThumbDown><Sentiment/></Message><Message type="ReplyMessage"><Id>1351787613578-7</Id><Topic><Title>Hello Sully. I see you still totally rule!!!! NATCH.</Title><Username>sullys_ebay_board</Username><Timestamp>1351689784455</Timestamp><DateTime>Wed, 2012-10-31 09:23:04 EDT</DateTime></Topic><Msg>LOL LOL!! I hope all is well John! -Sully Rules</Msg><Username>sullys_ebay_board</Username><Timestamp>1351787613578</Timestamp><DateTime>Thu, 2012-11-01 12:33:33 EDT</DateTime><ThumbUp>0</ThumbUp><ThumbDown>0</ThumbDown><Sentiment/></Message><Message type="TopicMessage"><Id>1351787721597-8</Id><Title>Medical Marijuana Works!!!!</Title><Msg>Aight!!!!!! -Sully Rules</Msg><Username>sullys_ebay_board</Username><Timestamp>1351787721597</Timestamp><DateTime>Thu, 2012-11-01 12:35:21 EDT</DateTime><ThumbUp>0</ThumbUp><ThumbDown>2</ThumbDown><Sentiment/></Message><Message type="TopicMessage"><Id>1351787900462-9</Id><Title>Sully runs a tight ship here! TEAM trust.</Title><Msg>You have to work here. No freebies. We may neuter you as well. We will be watching. -Sully Rules</Msg><Username>sullys_ebay_board</Username><Timestamp>1351787900462</Timestamp><DateTime>Thu, 2012-11-01 12:38:20 EDT</DateTime><ThumbUp>0</ThumbUp><ThumbDown>2</ThumbDown><Sentiment/></Message><Message type="TopicMessage"><Id>1351789235451-10</Id><Title>Whatever Became of James?</Title><Msg>Ever since the new school year started we haven't heard a single peep from him. His wife must have taken his computer away. . .</Msg><Username>johns_joint</Username><Timestamp>1351789235451</Timestamp><DateTime>Thu, 2012-11-01 13:00:35 EDT</DateTime><ThumbUp>0</ThumbUp><ThumbDown>2</ThumbDown><Sentiment/></Message><Message type="ReplyMessage"><Id>1351791429613-11</Id><Topic><Title>Hello Sully. I see you still totally rule!!!! NATCH.</Title><Username>sullys_ebay_board</Username><Timestamp>1351689784455</Timestamp><DateTime>Wed, 2012-10-31 09:23:04 EDT</DateTime></Topic><Msg>Sully is more of a Sandusky man...</Msg><Username>quinnwolf</Username><Timestamp>1351791429613</Timestamp><DateTime>Thu, 2012-11-01 13:37:09 EDT</DateTime><ThumbUp>0</ThumbUp><ThumbDown>0</ThumbDown><Sentiment/></Message></Date>