<?xml version="1.0" encoding="UTF-8" standalone="no"?><Date date="2012-12-31"><Message type="TopicMessage"><Id>1356969849483-1</Id><Title>New Years Resolution</Title><Msg>Keep as much money out of the hands of government as possible</Msg><Username>johns_joint</Username><Timestamp>1356969849483</Timestamp><DateTime>Mon, 2012-12-31 11:04:09 EST</DateTime><ThumbUp>0</ThumbUp><ThumbDown>3</ThumbDown><Sentiment/></Message><Message type="TopicMessage"><Id>1356970941258-2</Id><Title>In 17 days and ebay will jump to $60.00</Title><Msg>Earnings Jan/16/ 2013</Msg><Username>acman40930</Username><Timestamp>1356970941258</Timestamp><DateTime>Mon, 2012-12-31 11:22:21 EST</DateTime><ThumbUp>3</ThumbUp><ThumbDown>2</ThumbDown><Sentiment>Strong Buy</Sentiment></Message><Message type="ReplyMessage"><Id>1356971497990-3</Id><Topic><Title>In 17 days and ebay will jump to $60.00</Title><Username>acman40930</Username><Timestamp>1356970941258</Timestamp><DateTime>Mon, 2012-12-31 11:22:21 EST</DateTime></Topic><Msg>Boy oh Boy I hope you are right on this 1</Msg><Username>marty81274</Username><Timestamp>1356971497990</Timestamp><DateTime>Mon, 2012-12-31 11:31:37 EST</DateTime><ThumbUp>1</ThumbUp><ThumbDown>0</ThumbDown><Sentiment/></Message></Date>