<?xml version="1.0" encoding="UTF-8" standalone="no"?><Date date="2013-03-07"><Message type="ReplyMessage"><Id>1362637406272-1</Id><Topic><Title>EBAY is certainly not looking fine. Understand why.</Title><Username>collinsthomas223</Username><Timestamp>1362575408469</Timestamp><DateTime>Wed, 2013-03-06 08:10:08 EST</DateTime></Topic><Msg>SPAMMER !!</Msg><Username>lillianyz</Username><Timestamp>1362637406272</Timestamp><DateTime>Thu, 2013-03-07 01:23:26 EST</DateTime><ThumbUp>0</ThumbUp><ThumbDown>0</ThumbDown><Sentiment/></Message><Message type="TopicMessage"><Id>1362655232280-2</Id><Title>EBAY Premarket news</Title><Msg>EBAY Premarket news @ nasdaqnews . biz</Msg><Username>stock_talk_866</Username><Timestamp>1362655232280</Timestamp><DateTime>Thu, 2013-03-07 06:20:32 EST</DateTime><ThumbUp>0</ThumbUp><ThumbDown>2</ThumbDown><Sentiment/></Message><Message type="ReplyMessage"><Id>1362660760259-3</Id><Topic><Title>Do You Think EBAY is a BUY, SELL, or HOLD?</Title><Username>schouderophalenclara</Username><Timestamp>1361803235084</Timestamp><DateTime>Mon, 2013-02-25 09:40:35 EST</DateTime></Topic><Msg>You are the best.</Msg><Username>paterfamiliasesrebekah</Username><Timestamp>1362660760259</Timestamp><DateTime>Thu, 2013-03-07 07:52:40 EST</DateTime><ThumbUp>0</ThumbUp><ThumbDown>1</ThumbDown><Sentiment>Buy</Sentiment></Message><Message type="ReplyMessage"><Id>1362661604582-4</Id><Topic><Title>13 INDICATOR EBAY BUY/SELL/HOLD REPORT</Title><Username>judesanders</Username><Timestamp>1362062058012</Timestamp><DateTime>Thu, 2013-02-28 09:34:18 EST</DateTime></Topic><Msg>thanks!</Msg><Username>haydenwoods630</Username><Timestamp>1362661604582</Timestamp><DateTime>Thu, 2013-03-07 08:06:44 EST</DateTime><ThumbUp>0</ThumbUp><ThumbDown>1</ThumbDown><Sentiment/></Message><Message type="TopicMessage"><Id>1362664827631-5</Id><Title>Buy Calls</Title><Msg>Excellent analysis and commentary! They regularly provide the best rundown on the US market. These guys are awesome!! With this great analysis, and there is no way I could have made money this year without this site! I signed up for there FREE daily videos. See for yourself, you will be glad you did! copy and paste and put info this link STOCK-PICKS-BUY</Msg><Username>felixjohn108</Username><Timestamp>1362664827631</Timestamp><DateTime>Thu, 2013-03-07 09:00:27 EST</DateTime><ThumbUp>0</ThumbUp><ThumbDown>1</ThumbDown><Sentiment/></Message><Message type="TopicMessage"><Id>1362665368588-6</Id><Title>Amazing how one lousy analyst comment can do so much damage</Title><Msg>No reason for that selloff yesterday!</Msg><Username>whoozyurdaddi</Username><Timestamp>1362665368588</Timestamp><DateTime>Thu, 2013-03-07 09:09:28 EST</DateTime><ThumbUp>1</ThumbUp><ThumbDown>0</ThumbDown><Sentiment/></Message><Message type="ReplyMessage"><Id>1362666161469-7</Id><Topic><Title>Serious Advancement for EBAY **MUST SEE**</Title><Username>josejames819</Username><Timestamp>1362659371931</Timestamp><DateTime>Thu, 2013-03-07 07:29:31 EST</DateTime></Topic><Msg>cant wait for pick</Msg><Username>chuallen127</Username><Timestamp>1362666161469</Timestamp><DateTime>Thu, 2013-03-07 09:22:41 EST</DateTime><ThumbUp>2</ThumbUp><ThumbDown>1</ThumbDown><Sentiment/></Message><Message type="ReplyMessage"><Id>1362667530782-8</Id><Topic><Title>Where will EBAY Bounce?</Title><Username>johnscott859</Username><Timestamp>1362586210824</Timestamp><DateTime>Wed, 2013-03-06 11:10:10 EST</DateTime></Topic><Msg>Very helpful , thank you :)</Msg><Username>robertyoung99</Username><Timestamp>1362667530782</Timestamp><DateTime>Thu, 2013-03-07 09:45:30 EST</DateTime><ThumbUp>0</ThumbUp><ThumbDown>1</ThumbDown><Sentiment/></Message><Message type="ReplyMessage"><Id>1362668352251-9</Id><Topic><Title>13 INDICATOR EBAY BUY/SELL/HOLD REPORT</Title><Username>judesanders</Username><Timestamp>1362062058012</Timestamp><DateTime>Thu, 2013-02-28 09:34:18 EST</DateTime></Topic><Msg>veery good report!</Msg><Username>sebastianpeters512</Username><Timestamp>1362668352251</Timestamp><DateTime>Thu, 2013-03-07 09:59:12 EST</DateTime><ThumbUp>0</ThumbUp><ThumbDown>1</ThumbDown><Sentiment/></Message><Message type="TopicMessage"><Id>1362673225058-10</Id><Title>my sales up</Title><Msg>on ebay. growing!</Msg><Username>greenpitta</Username><Timestamp>1362673225058</Timestamp><DateTime>Thu, 2013-03-07 11:20:25 EST</DateTime><ThumbUp>1</ThumbUp><ThumbDown>0</ThumbDown><Sentiment/></Message><Message type="ReplyMessage"><Id>1362674582382-11</Id><Topic><Title>my sales up</Title><Username>greenpitta</Username><Timestamp>1362673225058</Timestamp><DateTime>Thu, 2013-03-07 11:20:25 EST</DateTime></Topic><Msg>The beige book just released yesterday that internet sales are the only area of retail that are "up!" No reason for this selloff other than Wall Street greed!</Msg><Username>ihateoptions</Username><Timestamp>1362674582382</Timestamp><DateTime>Thu, 2013-03-07 11:43:02 EST</DateTime><ThumbUp>1</ThumbUp><ThumbDown>0</ThumbDown><Sentiment/></Message><Message type="ReplyMessage"><Id>1362675243324-12</Id><Topic><Title>13 INDICATOR EBAY BUY/SELL/HOLD REPORT</Title><Username>judesanders</Username><Timestamp>1362062058012</Timestamp><DateTime>Thu, 2013-02-28 09:34:18 EST</DateTime></Topic><Msg>interesting and useful report</Msg><Username>abbottsebastian</Username><Timestamp>1362675243324</Timestamp><DateTime>Thu, 2013-03-07 11:54:03 EST</DateTime><ThumbUp>0</ThumbUp><ThumbDown>1</ThumbDown><Sentiment/></Message><Message type="ReplyMessage"><Id>1362675453811-13</Id><Topic><Title>Do You Think EBAY is a BUY, SELL, or HOLD?</Title><Username>schouderophalenclara</Username><Timestamp>1361803235084</Timestamp><DateTime>Mon, 2013-02-25 09:40:35 EST</DateTime></Topic><Msg>Ok cool. I will check your article out.</Msg><Username>nalneeshjulie</Username><Timestamp>1362675453811</Timestamp><DateTime>Thu, 2013-03-07 11:57:33 EST</DateTime><ThumbUp>0</ThumbUp><ThumbDown>1</ThumbDown><Sentiment>Buy</Sentiment></Message><Message type="ReplyMessage"><Id>1362675738952-14</Id><Topic><Title>Where will EBAY Bounce?</Title><Username>johnscott859</Username><Timestamp>1362586210824</Timestamp><DateTime>Wed, 2013-03-06 11:10:10 EST</DateTime></Topic><Msg>thanks a lot!</Msg><Username>edward.blake56</Username><Timestamp>1362675738952</Timestamp><DateTime>Thu, 2013-03-07 12:02:18 EST</DateTime><ThumbUp>0</ThumbUp><ThumbDown>1</ThumbDown><Sentiment/></Message><Message type="ReplyMessage"><Id>1362679005203-15</Id><Topic><Title>Amazing how one lousy analyst comment can do so much damage</Title><Username>whoozyurdaddi</Username><Timestamp>1362665368588</Timestamp><DateTime>Thu, 2013-03-07 09:09:28 EST</DateTime></Topic><Msg>There was a reason - PayOne sued Home Depot for using PayPal.</Msg><Username>the_stock_warrior</Username><Timestamp>1362679005203</Timestamp><DateTime>Thu, 2013-03-07 12:56:45 EST</DateTime><ThumbUp>0</ThumbUp><ThumbDown>0</ThumbDown><Sentiment/></Message><Message type="ReplyMessage"><Id>1362679122239-16</Id><Topic><Title>Amazing how one lousy analyst comment can do so much damage</Title><Username>whoozyurdaddi</Username><Timestamp>1362665368588</Timestamp><DateTime>Thu, 2013-03-07 09:09:28 EST</DateTime></Topic><Msg>Same situation with EBIX and BRLI. Shares dropped sharply</Msg><Username>garoseme</Username><Timestamp>1362679122239</Timestamp><DateTime>Thu, 2013-03-07 12:58:42 EST</DateTime><ThumbUp>1</ThumbUp><ThumbDown>0</ThumbDown><Sentiment/></Message><Message type="ReplyMessage"><Id>1362679153343-17</Id><Topic><Title>Amazing how one lousy analyst comment can do so much damage</Title><Username>whoozyurdaddi</Username><Timestamp>1362665368588</Timestamp><DateTime>Thu, 2013-03-07 09:09:28 EST</DateTime></Topic><Msg>eBay should just buy out PayOne and be done with it.</Msg><Username>the_stock_warrior</Username><Timestamp>1362679153343</Timestamp><DateTime>Thu, 2013-03-07 12:59:13 EST</DateTime><ThumbUp>1</ThumbUp><ThumbDown>0</ThumbDown><Sentiment/></Message><Message type="ReplyMessage"><Id>1362679476570-18</Id><Topic><Title>Serious Advancement for EBAY **MUST SEE**</Title><Username>josejames819</Username><Timestamp>1362659371931</Timestamp><DateTime>Thu, 2013-03-07 07:29:31 EST</DateTime></Topic><Msg>they do good work good stuff</Msg><Username>ronaldkeith54</Username><Timestamp>1362679476570</Timestamp><DateTime>Thu, 2013-03-07 13:04:36 EST</DateTime><ThumbUp>0</ThumbUp><ThumbDown>1</ThumbDown><Sentiment/></Message><Message type="ReplyMessage"><Id>1362680067944-19</Id><Topic><Title>Where will EBAY Bounce?</Title><Username>johnscott859</Username><Timestamp>1362586210824</Timestamp><DateTime>Wed, 2013-03-06 11:10:10 EST</DateTime></Topic><Msg>nice report! thanks for sharing</Msg><Username>todd_walters</Username><Timestamp>1362680067944</Timestamp><DateTime>Thu, 2013-03-07 13:14:27 EST</DateTime><ThumbUp>0</ThumbUp><ThumbDown>1</ThumbDown><Sentiment/></Message><Message type="TopicMessage"><Id>1362681366873-20</Id><Title>Both RSI and W%R indicate EBAY is oversold</Title><Msg>It's gotta bounce off these levels soon imo!</Msg><Username>jesseliverspot</Username><Timestamp>1362681366873</Timestamp><DateTime>Thu, 2013-03-07 13:36:06 EST</DateTime><ThumbUp>1</ThumbUp><ThumbDown>0</ThumbDown><Sentiment/></Message><Message type="ReplyMessage"><Id>1362681948497-21</Id><Topic><Title>13 INDICATOR EBAY BUY/SELL/HOLD REPORT</Title><Username>judesanders</Username><Timestamp>1362062058012</Timestamp><DateTime>Thu, 2013-02-28 09:34:18 EST</DateTime></Topic><Msg>helpful update</Msg><Username>stokes.cameron</Username><Timestamp>1362681948497</Timestamp><DateTime>Thu, 2013-03-07 13:45:48 EST</DateTime><ThumbUp>0</ThumbUp><ThumbDown>1</ThumbDown><Sentiment/></Message><Message type="ReplyMessage"><Id>1362683506953-22</Id><Topic><Title>Where will EBAY Bounce?</Title><Username>johnscott859</Username><Timestamp>1362586210824</Timestamp><DateTime>Wed, 2013-03-06 11:10:10 EST</DateTime></Topic><Msg>useful report</Msg><Username>charlesurick</Username><Timestamp>1362683506953</Timestamp><DateTime>Thu, 2013-03-07 14:11:46 EST</DateTime><ThumbUp>0</ThumbUp><ThumbDown>1</ThumbDown><Sentiment/></Message><Message type="TopicMessage"><Id>1362685966289-23</Id><Title>damn------</Title><Msg>sorry guys, I decided to buy at 53 and change and of course this thing gets hammered..#$%$???</Msg><Username>johnparcg</Username><Timestamp>1362685966289</Timestamp><DateTime>Thu, 2013-03-07 14:52:46 EST</DateTime><ThumbUp>1</ThumbUp><ThumbDown>0</ThumbDown><Sentiment/></Message><Message type="ReplyMessage"><Id>1362687089440-24</Id><Topic><Title>Where will EBAY Bounce?</Title><Username>johnscott859</Username><Timestamp>1362586210824</Timestamp><DateTime>Wed, 2013-03-06 11:10:10 EST</DateTime></Topic><Msg>thanks a lot</Msg><Username>shirley_lock</Username><Timestamp>1362687089440</Timestamp><DateTime>Thu, 2013-03-07 15:11:29 EST</DateTime><ThumbUp>0</ThumbUp><ThumbDown>1</ThumbDown><Sentiment/></Message><Message type="ReplyMessage"><Id>1362687580021-25</Id><Topic><Title>13 INDICATOR EBAY BUY/SELL/HOLD REPORT</Title><Username>judesanders</Username><Timestamp>1362062058012</Timestamp><DateTime>Thu, 2013-02-28 09:34:18 EST</DateTime></Topic><Msg>good report</Msg><Username>harding_louis</Username><Timestamp>1362687580021</Timestamp><DateTime>Thu, 2013-03-07 15:19:40 EST</DateTime><ThumbUp>0</ThumbUp><ThumbDown>2</ThumbDown><Sentiment/></Message><Message type="ReplyMessage"><Id>1362691297185-26</Id><Topic><Title>Where will EBAY Bounce?</Title><Username>johnscott859</Username><Timestamp>1362586210824</Timestamp><DateTime>Wed, 2013-03-06 11:10:10 EST</DateTime></Topic><Msg>good report!</Msg><Username>wlarson203</Username><Timestamp>1362691297185</Timestamp><DateTime>Thu, 2013-03-07 16:21:37 EST</DateTime><ThumbUp>0</ThumbUp><ThumbDown>1</ThumbDown><Sentiment/></Message><Message type="ReplyMessage"><Id>1362692127414-27</Id><Topic><Title>Where will EBAY Bounce?</Title><Username>johnscott859</Username><Timestamp>1362586210824</Timestamp><DateTime>Wed, 2013-03-06 11:10:10 EST</DateTime></Topic><Msg>Awesome report , thank you !!</Msg><Username>marilyn.coates</Username><Timestamp>1362692127414</Timestamp><DateTime>Thu, 2013-03-07 16:35:27 EST</DateTime><ThumbUp>0</ThumbUp><ThumbDown>1</ThumbDown><Sentiment/></Message><Message type="TopicMessage"><Id>1362699984277-28</Id><Title>Ebay will go up $10.00 from here. $62.98 target</Title><Msg>Ebay has to be a buy, buy, buy, from here. $10.00 up side. That's about a 20% gain.</Msg><Username>acman40930</Username><Timestamp>1362699984277</Timestamp><DateTime>Thu, 2013-03-07 18:46:24 EST</DateTime><ThumbUp>0</ThumbUp><ThumbDown>0</ThumbDown><Sentiment>Strong Buy</Sentiment></Message><Message type="ReplyMessage"><Id>1362703302965-29</Id><Topic><Title>Record High DOW (Look Out Below) But Ebay Kicked A Little Red?</Title><Username>ebay_bored</Username><Timestamp>1362525715148</Timestamp><DateTime>Tue, 2013-03-05 18:21:55 EST</DateTime></Topic><Msg>It certainly is more fun making money shorting ebay, then holding this junk stock long. Just saying!</Msg><Username>ebay_bored</Username><Timestamp>1362703302965</Timestamp><DateTime>Thu, 2013-03-07 19:41:42 EST</DateTime><ThumbUp>4</ThumbUp><ThumbDown>2</ThumbDown><Sentiment/></Message></Date>