<?xml version="1.0" encoding="UTF-8" standalone="no"?><Date date="2013-01-24"><Message type="TopicMessage"><Id>1359006272431-1</Id><Title>GOOG is cheaper</Title><Msg>Look at the competitors comparison. Use yahoo competitor.</Msg><Username>cybercash28</Username><Timestamp>1359006272431</Timestamp><DateTime>Thu, 2013-01-24 00:44:32 EST</DateTime><ThumbUp>0</ThumbUp><ThumbDown>0</ThumbDown><Sentiment/></Message><Message type="TopicMessage"><Id>1359027369388-2</Id><Title>Bullish Video on SKUL</Title><Msg>Really good chart analysis on SKUL. He nails Bernanke and the Fed in his opening comments with evidence! Love it!The video is on The Contrarian Trader Blog posted January 19 called Best Stocks - January 19 2013</Msg><Username>fizameliza</Username><Timestamp>1359027369388</Timestamp><DateTime>Thu, 2013-01-24 06:36:09 EST</DateTime><ThumbUp>0</ThumbUp><ThumbDown>0</ThumbDown><Sentiment/></Message><Message type="ReplyMessage"><Id>1359034851662-3</Id><Topic><Title>After listing several items for sale on Ebay some interisting info</Title><Username>pcforyou</Username><Timestamp>1358955079336</Timestamp><DateTime>Wed, 2013-01-23 10:31:19 EST</DateTime></Topic><Msg>it wasn't so much the way i was doing it ebay would start download then abort many many times then would flip from basic to advance from listing to listing was another problem, Maybe there system overloaded at times. Again 15% is a chunk of funds for what you are buying. But Paypal should make money for them in the retail space.</Msg><Username>pcforyou</Username><Timestamp>1359034851662</Timestamp><DateTime>Thu, 2013-01-24 08:40:51 EST</DateTime><ThumbUp>0</ThumbUp><ThumbDown>0</ThumbDown><Sentiment>Sell</Sentiment></Message><Message type="ReplyMessage"><Id>1359036716670-4</Id><Topic><Title>Market Oorder Filled Long</Title><Username>iesha_brenden65</Username><Timestamp>1345217184000</Timestamp><DateTime>Fri, 2012-08-17 11:26:24 EDT</DateTime></Topic><Msg>I will be expecting for more news.</Msg><Username>monicamoras490</Username><Timestamp>1359036716670</Timestamp><DateTime>Thu, 2013-01-24 09:11:56 EST</DateTime><ThumbUp>0</ThumbUp><ThumbDown>0</ThumbDown><Sentiment/></Message><Message type="ReplyMessage"><Id>1359041147581-5</Id><Topic><Title>technical analysis breakout,</Title><Username>avislieferdzkan1442</Username><Timestamp>1307284882000</Timestamp><DateTime>Sun, 2011-06-05 10:41:22 EDT</DateTime></Topic><Msg>Great move</Msg><Username>monicamoras490</Username><Timestamp>1359041147581</Timestamp><DateTime>Thu, 2013-01-24 10:25:47 EST</DateTime><ThumbUp>0</ThumbUp><ThumbDown>0</ThumbDown><Sentiment/></Message><Message type="TopicMessage"><Id>1359042005723-6</Id><Title>Selling this rip</Title><Msg>for sure.</Msg><Username>riskreversal777</Username><Timestamp>1359042005723</Timestamp><DateTime>Thu, 2013-01-24 10:40:05 EST</DateTime><ThumbUp>0</ThumbUp><ThumbDown>0</ThumbDown><Sentiment/></Message><Message type="ReplyMessage"><Id>1359042134182-7</Id><Topic><Title>Market Oorder Filled Long</Title><Username>estefanabagatta408</Username><Timestamp>1318082252000</Timestamp><DateTime>Sat, 2011-10-08 09:57:32 EDT</DateTime></Topic><Msg>They are increasing fixed expenses.</Msg><Username>monicamoras490</Username><Timestamp>1359042134182</Timestamp><DateTime>Thu, 2013-01-24 10:42:14 EST</DateTime><ThumbUp>0</ThumbUp><ThumbDown>1</ThumbDown><Sentiment/></Message><Message type="TopicMessage"><Id>1359045795014-8</Id><Title>EBAY broke...</Title><Msg>Through it's resistance at $54...Now I fully expect it to be at $65 in a month...The growth of this company is tremendous with Paypal signing a deal with NCR to start doing charges in retail stores. Paypal is the online credit card, almost 30% of all online sales are transacted through paypal. Cramer is right this company is under valued.</Msg><Username>iceman6696</Username><Timestamp>1359045795014</Timestamp><DateTime>Thu, 2013-01-24 11:43:15 EST</DateTime><ThumbUp>2</ThumbUp><ThumbDown>0</ThumbDown><Sentiment>Buy</Sentiment></Message><Message type="ReplyMessage"><Id>1359046950161-9</Id><Topic><Title>After listing several items for sale on Ebay some interisting info</Title><Username>pcforyou</Username><Timestamp>1358955079336</Timestamp><DateTime>Wed, 2013-01-23 10:31:19 EST</DateTime></Topic><Msg>Try selling amy of your items at say an auction house -- IF they will take and sell your stuff with will collect from 20% - to 35% of your sales price! Try setting up your own brick and mortar store somewhere and getting any foot traffic, certainly it will cost you more than 15%... try and set up your own web site and get even a thousandth of a percent of the traffic in a day that ebay gets in just one minute .... you'll never do it ---- this is why you need eBay as a seller and why eBay/PayPal is so valuable</Msg><Username>amarkesman</Username><Timestamp>1359046950161</Timestamp><DateTime>Thu, 2013-01-24 12:02:30 EST</DateTime><ThumbUp>1</ThumbUp><ThumbDown>0</ThumbDown><Sentiment/></Message><Message type="ReplyMessage"><Id>1359047461813-10</Id><Topic><Title>After listing several items for sale on Ebay some interisting info</Title><Username>pcforyou</Username><Timestamp>1358955079336</Timestamp><DateTime>Wed, 2013-01-23 10:31:19 EST</DateTime></Topic><Msg>get a kid ti list for you</Msg><Username>charles13672000</Username><Timestamp>1359047461813</Timestamp><DateTime>Thu, 2013-01-24 12:11:01 EST</DateTime><ThumbUp>0</ThumbUp><ThumbDown>0</ThumbDown><Sentiment>Strong Buy</Sentiment></Message><Message type="ReplyMessage"><Id>1359048335290-11</Id><Topic><Title>After listing several items for sale on Ebay some interisting info</Title><Username>pcforyou</Username><Timestamp>1358955079336</Timestamp><DateTime>Wed, 2013-01-23 10:31:19 EST</DateTime></Topic><Msg>Anti Ebayers = Quinine</Msg><Username>johns_joint</Username><Timestamp>1359048335290</Timestamp><DateTime>Thu, 2013-01-24 12:25:35 EST</DateTime><ThumbUp>0</ThumbUp><ThumbDown>0</ThumbDown><Sentiment/></Message><Message type="TopicMessage"><Id>1359051334304-12</Id><Title>EBAY is taking on Amazon's business. Target to $60 before next earning.</Title><Msg>Compare to the EPS and P/E between EBAY and Amazon, EBAY is the stock get in for much bigger growth,</Msg><Username>stocker4949</Username><Timestamp>1359051334304</Timestamp><DateTime>Thu, 2013-01-24 13:15:34 EST</DateTime><ThumbUp>2</ThumbUp><ThumbDown>0</ThumbDown><Sentiment>Strong Buy</Sentiment></Message><Message type="ReplyMessage"><Id>1359063379975-13</Id><Topic><Title>After listing several items for sale on Ebay some interisting info</Title><Username>pcforyou</Username><Timestamp>1358955079336</Timestamp><DateTime>Wed, 2013-01-23 10:31:19 EST</DateTime></Topic><Msg>List on Craigslist first, it's free and takes about 2 minutes per item. No shipping the customer comes to you and pays cash. I list on Ebay but only as a last resort when CL doesn't get it done.</Msg><Username>king_trader</Username><Timestamp>1359063379975</Timestamp><DateTime>Thu, 2013-01-24 16:36:19 EST</DateTime><ThumbUp>0</ThumbUp><ThumbDown>0</ThumbDown><Sentiment/></Message><Message type="ReplyMessage"><Id>1359067276145-14</Id><Topic><Title>After listing several items for sale on Ebay some interisting info</Title><Username>pcforyou</Username><Timestamp>1358955079336</Timestamp><DateTime>Wed, 2013-01-23 10:31:19 EST</DateTime></Topic><Msg>"Between Ebay and PayPal Costs are about 15%" That's not bad at all. Craigslist is great if you don't value your life. I was in Home Depot and there was Paypal right on the checkout machine. I buy many things on ebay, for 15 years. It's much better now for the buyer, which as we all know, is where the money ultimately comes from. I can see why it is finally going up. When will they have a stock split? 70?</Msg><Username>lithiumniobate</Username><Timestamp>1359067276145</Timestamp><DateTime>Thu, 2013-01-24 17:41:16 EST</DateTime><ThumbUp>0</ThumbUp><ThumbDown>0</ThumbDown><Sentiment>Buy</Sentiment></Message><Message type="TopicMessage"><Id>1359067796843-15</Id><Title>Why the heck is it up AH? Who's pumping it</Title><Msg>shy!t face?</Msg><Username>moreqe</Username><Timestamp>1359067796843</Timestamp><DateTime>Thu, 2013-01-24 17:49:56 EST</DateTime><ThumbUp>0</ThumbUp><ThumbDown>0</ThumbDown><Sentiment/></Message><Message type="ReplyMessage"><Id>1359080209334-16</Id><Topic><Title>Ebay was up 1.65% this morning</Title><Username>marty81274</Username><Timestamp>1358958730881</Timestamp><DateTime>Wed, 2013-01-23 11:32:10 EST</DateTime></Topic><Msg>You happy today Marty? Even kicked #$%$ in AH</Msg><Username>elronns</Username><Timestamp>1359080209334</Timestamp><DateTime>Thu, 2013-01-24 21:16:49 EST</DateTime><ThumbUp>1</ThumbUp><ThumbDown>0</ThumbDown><Sentiment/></Message></Date>