<?xml version="1.0" encoding="UTF-8" standalone="no"?><Date date="2013-01-22"><Message type="TopicMessage"><Id>1358866725835-1</Id><Title>what the frig?</Title><Msg>why is ebay down so strongly today? It's as though some news came out against it-even though I don't see any. Figures, when I decide to go long on it, that's when it tanks....</Msg><Username>petelato</Username><Timestamp>1358866725835</Timestamp><DateTime>Tue, 2013-01-22 09:58:45 EST</DateTime><ThumbUp>0</ThumbUp><ThumbDown>0</ThumbDown><Sentiment>Buy</Sentiment></Message><Message type="TopicMessage"><Id>1358867202820-2</Id><Title>No followthrough..Take 'er down</Title><Msg>Sorry dude</Msg><Username>ahlmidezherioff</Username><Timestamp>1358867202820</Timestamp><DateTime>Tue, 2013-01-22 10:06:42 EST</DateTime><ThumbUp>0</ThumbUp><ThumbDown>1</ThumbDown><Sentiment>Strong Sell</Sentiment></Message><Message type="TopicMessage"><Id>1358868038373-3</Id><Title>What's with this P.O.S. today</Title><Msg>Why is this thing down almost 2% with no news. It had great earnings also IMO. Most analyst have a target of 57-60$. It should've popped more that what it did on Thursday. P.O.S.</Msg><Username>marty81274</Username><Timestamp>1358868038373</Timestamp><DateTime>Tue, 2013-01-22 10:20:38 EST</DateTime><ThumbUp>1</ThumbUp><ThumbDown>0</ThumbDown><Sentiment/></Message><Message type="TopicMessage"><Id>1358868430902-4</Id><Title>This Garbage stock is now the same price prior to earnings</Title><Msg>POS POS POS POS POS POS</Msg><Username>marty81274</Username><Timestamp>1358868430902</Timestamp><DateTime>Tue, 2013-01-22 10:27:10 EST</DateTime><ThumbUp>0</ThumbUp><ThumbDown>0</ThumbDown><Sentiment/></Message><Message type="TopicMessage"><Id>1358871355682-5</Id><Title>WHAT HT #$%$#%#$@</Title><Msg>What the hell is going on with this POS</Msg><Username>marty81274</Username><Timestamp>1358871355682</Timestamp><DateTime>Tue, 2013-01-22 11:15:55 EST</DateTime><ThumbUp>0</ThumbUp><ThumbDown>0</ThumbDown><Sentiment/></Message><Message type="TopicMessage"><Id>1358871582304-6</Id><Title>Pay Me Later - sleaze balls. ** Never Use It **</Title><Msg>Bought $70/- worth of item from ebay. 2 Months later - got a bill from Pay Me Later - with $25 + $35 late fees. Plus $4 in interest charges. Paid $134/- called them and ask them to waive atleast one of the late fees and they refuse to do so. Bunch of sleaze balls - stay away -</Msg><Username>charity_begins_at_home</Username><Timestamp>1358871582304</Timestamp><DateTime>Tue, 2013-01-22 11:19:42 EST</DateTime><ThumbUp>1</ThumbUp><ThumbDown>0</ThumbDown><Sentiment/></Message><Message type="TopicMessage"><Id>1358872287381-7</Id><Title>Important Info in PLSB</Title><Msg>PLSB has been on the uptrend from .40-70 and is looking to really catch steam. I'm initiating a long position as they are a LEGITIMATE company with good #'s. There have been buyout talks and its one year Target has been set at $4-5.</Msg><Username>lowejunie</Username><Timestamp>1358872287381</Timestamp><DateTime>Tue, 2013-01-22 11:31:27 EST</DateTime><ThumbUp>0</ThumbUp><ThumbDown>0</ThumbDown><Sentiment/></Message><Message type="TopicMessage"><Id>1358872847790-8</Id><Title>Premarket</Title><Msg>This COC@#%@ING stock was up in pre market and is now tanking. WHAT A PICE OF #$%$</Msg><Username>marty81274</Username><Timestamp>1358872847790</Timestamp><DateTime>Tue, 2013-01-22 11:40:47 EST</DateTime><ThumbUp>0</ThumbUp><ThumbDown>0</ThumbDown><Sentiment/></Message><Message type="ReplyMessage"><Id>1358874197174-9</Id><Topic><Title>Very well written report, it's really worth reading.</Title><Username>raymondcox273</Username><Timestamp>1354552653315</Timestamp><DateTime>Mon, 2012-12-03 11:37:33 EST</DateTime></Topic><Msg>Helpful report</Msg><Username>alberto.solo</Username><Timestamp>1358874197174</Timestamp><DateTime>Tue, 2013-01-22 12:03:17 EST</DateTime><ThumbUp>0</ThumbUp><ThumbDown>0</ThumbDown><Sentiment/></Message><Message type="TopicMessage"><Id>1358874268836-10</Id><Title>Just Bought back in Oversold short squeeze next!</Title><Msg>Nice re-entry point today. Fair amount of shorts here. Good luck!</Msg><Username>thetrdr</Username><Timestamp>1358874268836</Timestamp><DateTime>Tue, 2013-01-22 12:04:28 EST</DateTime><ThumbUp>1</ThumbUp><ThumbDown>0</ThumbDown><Sentiment>Strong Buy</Sentiment></Message><Message type="ReplyMessage"><Id>1358880699302-11</Id><Topic><Title>Very well written report, it's really worth reading.</Title><Username>raymondcox273</Username><Timestamp>1354552653315</Timestamp><DateTime>Mon, 2012-12-03 11:37:33 EST</DateTime></Topic><Msg>this was really helpful</Msg><Username>rebeccawhite746</Username><Timestamp>1358880699302</Timestamp><DateTime>Tue, 2013-01-22 13:51:39 EST</DateTime><ThumbUp>0</ThumbUp><ThumbDown>0</ThumbDown><Sentiment/></Message></Date>