<?xml version="1.0" encoding="UTF-8" standalone="no"?><Date date="2013-05-23"><Message type="TopicMessage"><Id>1369303465345-1</Id><Title>Good Morning From Wonderful Philadelphia</Title><Msg>Good morning! What a wonderful day to be happy and sane. I get to see another year's students earn their diplomas knowing that I simply have this ID, am not what who an obviously sick spammer board troll claims I am, nor will any of my students end up as homeless lying jabbering melting board trolls. John Osborne wrecked his children. I inspire mine. I look back on his 1000s of IDs and his billions of hateful words and I laugh and stand tall. The world is happy that I am here, but will be happier when John Osborne, z50com and VW, chokes on his lies and is gone. I hope that helps clear things up.</Msg><Username>angel.madbezos</Username><Timestamp>1369303465345</Timestamp><DateTime>Thu, 2013-05-23 06:04:25 EDT</DateTime><ThumbUp>8</ThumbUp><ThumbDown>1</ThumbDown><Sentiment/></Message><Message type="ReplyMessage"><Id>1369312711257-2</Id><Topic><Title>Good Morning From Wonderful Philadelphia</Title><Username>angel.madbezos</Username><Timestamp>1369303465345</Timestamp><DateTime>Thu, 2013-05-23 06:04:25 EDT</DateTime></Topic><Msg>DRIBBLES, Why do you self-rec your own posts? Fyi, I am the one who "thumbs downed" your post. ROTFLMAO!!! Sully</Msg><Username>sullyinmass2013</Username><Timestamp>1369312711257</Timestamp><DateTime>Thu, 2013-05-23 08:38:31 EDT</DateTime><ThumbUp>0</ThumbUp><ThumbDown>9</ThumbDown><Sentiment/></Message><Message type="ReplyMessage"><Id>1369312914223-3</Id><Topic><Title>Hey YAHOO. Why Is Your Ebay Board Entirely Ebay_Pays_My_Bills Melting And Threat Spam?</Title><Username>flyktning_onde</Username><Timestamp>1369276718433</Timestamp><DateTime>Wed, 2013-05-22 22:38:38 EDT</DateTime></Topic><Msg>Below is DRIBBLES waving the white flag with all his ids. ¸.¤*¨¨*¤.¸¸...¸.¤*¨¨*¤.¤*¨¨*¤.¸¸...¸.¤*¨¨*¤.¸¸...¸.¤*¨¨*¤.¸¸...¸.¤*¨¨*¤.¸¸...¸.¤*¨¨*¤.¸¸...¸.¤*¨¨*¤.¸¸...¸.¤*¨¨*¤.¸¸...¸.¤*¨¨*¤. \¸. johnosborne.toolfool, sullyinmass.2012, sybil.dribble, id_dejour, crybaby_spoiler, angel.madbezos, sullytheass2013, flyktning.onde .\¸.¤*¨¨*¤.¸¸.¸.¤*¨¨*¤.¤*¨¨*¤.¸¸...¸.¤*¨¨*¤.¸¸...¸.¤* ¨¨*¤.¸¸...¸.¤*¨¨*¤.¸¸...¸.¤*¨¨*¤.¸¸...¸.¤*¨¨*¤.¸¸...¸.¤*¨¨*¤.¸¸...¸.¤*¨¨*¤. ..\ ☻/ .▌Dribbles / \ ROTFLMAO!!!</Msg><Username>sullyinmass2013</Username><Timestamp>1369312914223</Timestamp><DateTime>Thu, 2013-05-23 08:41:54 EDT</DateTime><ThumbUp>0</ThumbUp><ThumbDown>8</ThumbDown><Sentiment/></Message><Message type="ReplyMessage"><Id>1369314065232-4</Id><Topic><Title>John Osborne (Ebay_Pays_My_Bills NOT!) Ebay's z50com &amp; VW IS The Shorts Best Friend Melting!</Title><Username>id_dejour</Username><Timestamp>1369276041780</Timestamp><DateTime>Wed, 2013-05-22 22:27:21 EDT</DateTime></Topic><Msg>"we all see you are the truly owned here is YOU" WHAT??? DRIBBLES, You might want to take another crack at that sentence. Once again you've made a complete fool of yourself. ROTFLMAO!!! Sully</Msg><Username>sullyinmass2013</Username><Timestamp>1369314065232</Timestamp><DateTime>Thu, 2013-05-23 09:01:05 EDT</DateTime><ThumbUp>0</ThumbUp><ThumbDown>8</ThumbDown><Sentiment/></Message><Message type="ReplyMessage"><Id>1369314236603-5</Id><Topic><Title>First Madbezos then Chuckie</Title><Username>ebay_pays_my_bills</Username><Timestamp>1369244353769</Timestamp><DateTime>Wed, 2013-05-22 13:39:13 EDT</DateTime></Topic><Msg>"and f you want to know what my skin in the game is" WHAT??? You might want to take another crack at that sentence. "it''s that I've watched you over the last decade" Are you admitting to being a stalker? Sully</Msg><Username>sullyinmass2013</Username><Timestamp>1369314236603</Timestamp><DateTime>Thu, 2013-05-23 09:03:56 EDT</DateTime><ThumbUp>0</ThumbUp><ThumbDown>9</ThumbDown><Sentiment/></Message><Message type="TopicMessage"><Id>1369314417414-6</Id><Title>masterbates649 admits to being OBSESSED with John</Title><Msg>Below are his exact words... "I've watched you over the last decade" Interesting, very interesting. Sully</Msg><Username>sullyinmass2013</Username><Timestamp>1369314417414</Timestamp><DateTime>Thu, 2013-05-23 09:06:57 EDT</DateTime><ThumbUp>2</ThumbUp><ThumbDown>6</ThumbDown><Sentiment/></Message><Message type="ReplyMessage"><Id>1369316704087-7</Id><Topic><Title>A company with such facts is extreme undervalued: with only 36 million like today</Title><Username>flankenking</Username><Timestamp>1364029048775</Timestamp><DateTime>Sat, 2013-03-23 04:57:28 EDT</DateTime></Topic><Msg>Better Local Audiences at Scale throug Fusion by Local of Local Corp . Fusion by Local makes it possible for brand marketers to reach engaged, ready-to-buy local audiences on a national scale though our vast community of 1,200+ trusted news sites. No need for multiple local vendors and direct relationships to implement local campaigns for their clients. Through a single point of contact, agencies now have access to highly desirable news sites in our transparent premium ad network. Fusion by Local gives your clients the ability to reach millions of people every month in the markets that matter most – simply and efficiently. We work through direct publisher partnerships to offer advertisers tremendous reach within specific categories or DMAs. Whatever your needs are, we work with you to customize and optimize a perfect-fit advertising campaign across the best sites, audiences and channels. Spend less time on buying and more time on strategy.</Msg><Username>flankenking</Username><Timestamp>1369316704087</Timestamp><DateTime>Thu, 2013-05-23 09:45:04 EDT</DateTime><ThumbUp>0</ThumbUp><ThumbDown>0</ThumbDown><Sentiment/></Message><Message type="ReplyMessage"><Id>1369316874888-8</Id><Topic><Title>A company with such facts is extreme undervalued: with only 36 million like today</Title><Username>flankenking</Username><Timestamp>1364029048775</Timestamp><DateTime>Sat, 2013-03-23 04:57:28 EDT</DateTime></Topic><Msg>It is a joke, that Yelp has the 50-fold market-cap and Tumblr the 27-fold price of Local Corp, but both less US-Monthly-Unique-Visitors (newest numbers from Siteanalytics) . Local Corp (market-cap of 40 million) development of Unique Visitors: 11/2012: 18,745,842 Monthly Unique Visitors 12/2012: 22,738,206 Monthly Unique Visitors 01/2013: 26,410,927 Monthly Unique Visitors 02/2013: 24,017,605 Monthly Unique Visitors 03/2013: 24,427,755 Monthly Unique Visitors 04/2013: 23,785,928 Monthly Unique Visitors Compare with the development of Yelp's (market-cap of 2 billion) Unique Visitors: 11/2012: 19,358,705 Monthly Unique Visitors 12/2012: 21,017,483 Monthly Unique Visitors 01/2013: 22,293,301 Monthly Unique Visitors 02/2013: 21,063,155 Monthly Unique Visitors 03/2013: 23,364,095 Monthly Unique Visitors 04/2013: 22,252,993 Monthly Unique Visitors Compare with the development of Tumblr’s (offer of Yahoo of 1.1 billion) Unique Visitors: 11/2012: 24,610,970 Monthly Unique Visitors 12/2012: 26,348,660 Monthly Unique Visitors 01/2013: 26,003,223 Monthly Unique Visitors 02/2013: 24,082,558 Monthly Unique Visitors 03/2013: 22,990,413 Monthly Unique Visitors 04/2013: 23,21,082 Monthly Unique Visitors</Msg><Username>flankenking</Username><Timestamp>1369316874888</Timestamp><DateTime>Thu, 2013-05-23 09:47:54 EDT</DateTime><ThumbUp>0</ThumbUp><ThumbDown>2</ThumbDown><Sentiment/></Message><Message type="ReplyMessage"><Id>1369318205452-9</Id><Topic><Title>Meg Whitman is on a Tear with HP</Title><Username>ebay_pays_my_bills</Username><Timestamp>1369251146876</Timestamp><DateTime>Wed, 2013-05-22 15:32:26 EDT</DateTime></Topic><Msg>"What are you smoking?" Better #$%$ than you are ~ LOL GO MEG GO</Msg><Username>ebay_pays_my_bills</Username><Timestamp>1369318205452</Timestamp><DateTime>Thu, 2013-05-23 10:10:05 EDT</DateTime><ThumbUp>0</ThumbUp><ThumbDown>3</ThumbDown><Sentiment/></Message><Message type="TopicMessage"><Id>1369319143246-10</Id><Title>EBAY has a way to go on the PayPal initative</Title><Msg>I appreciate the new data center's added capacity and the push for PayPal to be used for more everyday consumer purchases but the numbers dont show adoption at rates as high as co. would like.</Msg><Username>inlining</Username><Timestamp>1369319143246</Timestamp><DateTime>Thu, 2013-05-23 10:25:43 EDT</DateTime><ThumbUp>0</ThumbUp><ThumbDown>0</ThumbDown><Sentiment/></Message><Message type="TopicMessage"><Id>1369319384551-11</Id><Title>BACK BY POPULAR DEMAND</Title><Msg>"MY ID SAYS IT ALL" INDEED IT DOES ROTFLMAO!!!!!!!! -Sully Drools</Msg><Username>sully_village.idiot</Username><Timestamp>1369319384551</Timestamp><DateTime>Thu, 2013-05-23 10:29:44 EDT</DateTime><ThumbUp>6</ThumbUp><ThumbDown>1</ThumbDown><Sentiment/></Message><Message type="ReplyMessage"><Id>1369324054930-12</Id><Topic><Title>EBAY has a way to go on the PayPal initative</Title><Username>inlining</Username><Timestamp>1369319143246</Timestamp><DateTime>Thu, 2013-05-23 10:25:43 EDT</DateTime></Topic><Msg>It's not going to happen. Paypal has damaged their reputation over the years with shady business practices, shoddy customer service and forcing it's usage on every consumer who uses eBay. You simply can't force a service on consumers and expect them to fall head over heels for it. 90% of experienced merchants DO NOT leave a balance in Paypal. Why? Google "paypal holds" and "paypal freezes" and you'll see thousands of horror stories from merchants, including the American Red Cross who had their account frozen post hurricane Katrina.</Msg><Username>masterbates649</Username><Timestamp>1369324054930</Timestamp><DateTime>Thu, 2013-05-23 11:47:34 EDT</DateTime><ThumbUp>0</ThumbUp><ThumbDown>3</ThumbDown><Sentiment/></Message><Message type="ReplyMessage"><Id>1369324255611-13</Id><Topic><Title>Meg Whitman is on a Tear with HP</Title><Username>ebay_pays_my_bills</Username><Timestamp>1369251146876</Timestamp><DateTime>Wed, 2013-05-22 15:32:26 EDT</DateTime></Topic><Msg>Sorry, I'm an adult, I don't do drugs. Nor would I be proud of it.</Msg><Username>masterbates649</Username><Timestamp>1369324255611</Timestamp><DateTime>Thu, 2013-05-23 11:50:55 EDT</DateTime><ThumbUp>0</ThumbUp><ThumbDown>3</ThumbDown><Sentiment/></Message><Message type="ReplyMessage"><Id>1369324317496-14</Id><Topic><Title>Meg Whitman is on a Tear with HP</Title><Username>ebay_pays_my_bills</Username><Timestamp>1369251146876</Timestamp><DateTime>Wed, 2013-05-22 15:32:26 EDT</DateTime></Topic><Msg>After capital gains and brokerage fees, not much left over. Not to mention, who wants to be a bagholder on HP? The company is a complete failure and will go to ruin with Smeg Whitman running it.</Msg><Username>masterbates649</Username><Timestamp>1369324317496</Timestamp><DateTime>Thu, 2013-05-23 11:51:57 EDT</DateTime><ThumbUp>1</ThumbUp><ThumbDown>3</ThumbDown><Sentiment/></Message><Message type="ReplyMessage"><Id>1369324445981-15</Id><Topic><Title>masterbates649 admits to being OBSESSED with John</Title><Username>sullyinmass2013</Username><Timestamp>1369314417414</Timestamp><DateTime>Thu, 2013-05-23 09:06:57 EDT</DateTime></Topic><Msg>Hard for any eBay seller who has frequented AuctionBytes, Powerseller unite and eBay Discussion forums to miss this guy. Not exactly an obsession when said person is trolling every eBay related discussion venue. and btw, we all know this sully ID is John Osborne once again. Grow up man-child.</Msg><Username>masterbates649</Username><Timestamp>1369324445981</Timestamp><DateTime>Thu, 2013-05-23 11:54:05 EDT</DateTime><ThumbUp>3</ThumbUp><ThumbDown>6</ThumbDown><Sentiment/></Message><Message type="ReplyMessage"><Id>1369324530411-16</Id><Topic><Title>First Madbezos then Chuckie</Title><Username>ebay_pays_my_bills</Username><Timestamp>1369244353769</Timestamp><DateTime>Wed, 2013-05-22 13:39:13 EDT</DateTime></Topic><Msg>OK, another John Osborne ID pretending to be another person commenting. A veritable ARMY OF ONE.</Msg><Username>masterbates649</Username><Timestamp>1369324530411</Timestamp><DateTime>Thu, 2013-05-23 11:55:30 EDT</DateTime><ThumbUp>1</ThumbUp><ThumbDown>3</ThumbDown><Sentiment/></Message><Message type="ReplyMessage"><Id>1369324741799-17</Id><Topic><Title>First Madbezos then Chuckie</Title><Username>ebay_pays_my_bills</Username><Timestamp>1369244353769</Timestamp><DateTime>Wed, 2013-05-22 13:39:13 EDT</DateTime></Topic><Msg>I take that as a threat of physical violence directed at me. Once again, you've gone to show your true colors. Threats of violence while hiding behind your computer keyboard. We'll see how funny it all is when you're finally arrested.</Msg><Username>masterbates649</Username><Timestamp>1369324741799</Timestamp><DateTime>Thu, 2013-05-23 11:59:01 EDT</DateTime><ThumbUp>1</ThumbUp><ThumbDown>3</ThumbDown><Sentiment/></Message><Message type="ReplyMessage"><Id>1369327185518-18</Id><Topic><Title>masterbates649 admits to being OBSESSED with John</Title><Username>sullyinmass2013</Username><Timestamp>1369314417414</Timestamp><DateTime>Thu, 2013-05-23 09:06:57 EDT</DateTime></Topic><Msg>"and btw, we all know this sully ID is John Osborne once again. Grow up man-child" I see that you still need a program to identify who the players are. ROTFLMAO!!! Sully</Msg><Username>sullyinmass2013</Username><Timestamp>1369327185518</Timestamp><DateTime>Thu, 2013-05-23 12:39:45 EDT</DateTime><ThumbUp>1</ThumbUp><ThumbDown>7</ThumbDown><Sentiment/></Message><Message type="ReplyMessage"><Id>1369327806565-19</Id><Topic><Title>EBAY has a way to go on the PayPal initative</Title><Username>inlining</Username><Timestamp>1369319143246</Timestamp><DateTime>Thu, 2013-05-23 10:25:43 EDT</DateTime></Topic><Msg>Experience or hearsay? Most sellers and I mean MOST do not have Paypal holds. . . My guess is about 90% ~ LOL</Msg><Username>ebay_pays_my_bills</Username><Timestamp>1369327806565</Timestamp><DateTime>Thu, 2013-05-23 12:50:06 EDT</DateTime><ThumbUp>0</ThumbUp><ThumbDown>2</ThumbDown><Sentiment/></Message><Message type="ReplyMessage"><Id>1369327916534-20</Id><Topic><Title>Meg Whitman is on a Tear with HP</Title><Username>ebay_pays_my_bills</Username><Timestamp>1369251146876</Timestamp><DateTime>Wed, 2013-05-22 15:32:26 EDT</DateTime></Topic><Msg>I don't do drugs either I haven't taken a prescription drug in years I use medical mary jane and it works just fine for what ails me.</Msg><Username>ebay_pays_my_bills</Username><Timestamp>1369327916534</Timestamp><DateTime>Thu, 2013-05-23 12:51:56 EDT</DateTime><ThumbUp>0</ThumbUp><ThumbDown>2</ThumbDown><Sentiment/></Message><Message type="TopicMessage"><Id>1369327950987-21</Id><Title>EBAY got stake in ChannelAdvisor, IPO UP 40%</Title><Msg>Here it says ; ChannelAdvisor, which eBay holds a stake in, estimated eBay's same-store-sales rose 28.2% in July, thanks in part to growth in the company's fixed pricing segment, which experienced a 33.1% increase year-over-year. (google that for source) Anyone knows how big is Ebay stake in ECOM? Thanks!</Msg><Username>boomyy</Username><Timestamp>1369327950987</Timestamp><DateTime>Thu, 2013-05-23 12:52:30 EDT</DateTime><ThumbUp>0</ThumbUp><ThumbDown>0</ThumbDown><Sentiment>Hold</Sentiment></Message><Message type="ReplyMessage"><Id>1369328061576-22</Id><Topic><Title>First Madbezos then Chuckie</Title><Username>ebay_pays_my_bills</Username><Timestamp>1369244353769</Timestamp><DateTime>Wed, 2013-05-22 13:39:13 EDT</DateTime></Topic><Msg>Charles, I've always used only 1 ID at a time For the last 2 years it's been: ebay_pays_my_bills I will admit I do use another ID on a different board Yes, I'm CHEATING on YOU :-(</Msg><Username>ebay_pays_my_bills</Username><Timestamp>1369328061576</Timestamp><DateTime>Thu, 2013-05-23 12:54:21 EDT</DateTime><ThumbUp>0</ThumbUp><ThumbDown>2</ThumbDown><Sentiment/></Message><Message type="TopicMessage"><Id>1369328192141-23</Id><Title>Meg Whitman is Today's Wall Street Hero</Title><Msg>If in doubt go look at: HPQ</Msg><Username>ebay_pays_my_bills</Username><Timestamp>1369328192141</Timestamp><DateTime>Thu, 2013-05-23 12:56:32 EDT</DateTime><ThumbUp>1</ThumbUp><ThumbDown>3</ThumbDown><Sentiment/></Message><Message type="TopicMessage"><Id>1369328424963-24</Id><Title>Ebay Owns 25% of Channeladvisor</Title><Msg>Looks like Ebay has a new gem on Wall Street</Msg><Username>ebay_pays_my_bills</Username><Timestamp>1369328424963</Timestamp><DateTime>Thu, 2013-05-23 13:00:24 EDT</DateTime><ThumbUp>0</ThumbUp><ThumbDown>3</ThumbDown><Sentiment/></Message><Message type="ReplyMessage"><Id>1369333825258-25</Id><Topic><Title>Ebay Owns 25% of Channeladvisor</Title><Username>ebay_pays_my_bills</Username><Timestamp>1369328424963</Timestamp><DateTime>Thu, 2013-05-23 13:00:24 EDT</DateTime></Topic><Msg>Source?</Msg><Username>boomyy</Username><Timestamp>1369333825258</Timestamp><DateTime>Thu, 2013-05-23 14:30:25 EDT</DateTime><ThumbUp>0</ThumbUp><ThumbDown>0</ThumbDown><Sentiment/></Message><Message type="ReplyMessage"><Id>1369334874541-26</Id><Topic><Title>BACK BY POPULAR DEMAND</Title><Username>sully_village.idiot</Username><Timestamp>1369319384551</Timestamp><DateTime>Thu, 2013-05-23 10:29:44 EDT</DateTime></Topic><Msg>DRIBBLES, Why do you self-rec your own posts? Are you that insecure about them? ROTFLMAO!!! Sully</Msg><Username>sullyinmass2013</Username><Timestamp>1369334874541</Timestamp><DateTime>Thu, 2013-05-23 14:47:54 EDT</DateTime><ThumbUp>1</ThumbUp><ThumbDown>6</ThumbDown><Sentiment/></Message><Message type="TopicMessage"><Id>1369335908990-27</Id><Title>I'M BAAAAACCCKKK</Title><Msg>Just wanted to remind everyone that I am the "IDIOT" of this village. ROTFLMAO!!!!</Msg><Username>dribbles_village.idiot</Username><Timestamp>1369335908990</Timestamp><DateTime>Thu, 2013-05-23 15:05:08 EDT</DateTime><ThumbUp>3</ThumbUp><ThumbDown>6</ThumbDown><Sentiment/></Message><Message type="TopicMessage"><Id>1369336110941-28</Id><Title>Anyone got a few dollars that they can spare?</Title><Msg>I'm broke, homeless, and unemployed. I just drank my last bottle of cheap wine, and need to buy another one. -DRIBBLES the drunken fool</Msg><Username>dribbles_the_drunken_fool</Username><Timestamp>1369336110941</Timestamp><DateTime>Thu, 2013-05-23 15:08:30 EDT</DateTime><ThumbUp>3</ThumbUp><ThumbDown>7</ThumbDown><Sentiment/></Message><Message type="TopicMessage"><Id>1369336405500-29</Id><Title>Hey everybody, I'm feeling taller</Title><Msg>I am no longer just a dwarf. I am now a drunken dwarf. I put the bottle caps from my wine bottles in my shoes, so I feel taller. -DTDD</Msg><Username>dribbles_the_drunken_dwarf</Username><Timestamp>1369336405500</Timestamp><DateTime>Thu, 2013-05-23 15:13:25 EDT</DateTime><ThumbUp>2</ThumbUp><ThumbDown>7</ThumbDown><Sentiment/></Message><Message type="ReplyMessage"><Id>1369359301639-30</Id><Topic><Title>Good Morning From Wonderful Philadelphia</Title><Username>angel.madbezos</Username><Timestamp>1369303465345</Timestamp><DateTime>Thu, 2013-05-23 06:04:25 EDT</DateTime></Topic><Msg>Good eve Professor. I've been to busy investing to post, but I see one tiny factual post from you causes my sullied imposter and his girlfriend dumb broke John Osborne z50com to p their pants publicly all day. Now they're back to their 'you rec your own posts' lies. We can all see you're simply the most popular poster here. We can all see they're nearing their end of days. ROTFLMOA!!!!!!!!!!!! Sully</Msg><Username>sullyinmass.2012</Username><Timestamp>1369359301639</Timestamp><DateTime>Thu, 2013-05-23 21:35:01 EDT</DateTime><ThumbUp>7</ThumbUp><ThumbDown>1</ThumbDown><Sentiment/></Message><Message type="ReplyMessage"><Id>1369359416553-31</Id><Topic><Title>Hey YAHOO. Why Is Your Ebay Board Entirely Ebay_Pays_My_Bills Melting And Threat Spam?</Title><Username>flyktning_onde</Username><Timestamp>1369276718433</Timestamp><DateTime>Wed, 2013-05-22 22:38:38 EDT</DateTime></Topic><Msg>We all see my sullied imposter and broke homeless John Osborne z50com repeating their endless hate and spam daily. How g @ y IS that? Very. ROTFLMAO!!!!!!!!!!!!!!!!!!!!!! Sully</Msg><Username>sullyinmass.2012</Username><Timestamp>1369359416553</Timestamp><DateTime>Thu, 2013-05-23 21:36:56 EDT</DateTime><ThumbUp>6</ThumbUp><ThumbDown>1</ThumbDown><Sentiment/></Message></Date>