<?xml version="1.0" encoding="UTF-8" standalone="no"?><Date date="2013-06-24"><Message type="TopicMessage"><Id>1372050049523-1</Id><Title>eBay to STOA</Title><Msg>Great candidate for acquisition</Msg><Username>wyn.moore</Username><Timestamp>1372050049523</Timestamp><DateTime>Mon, 2013-06-24 01:00:49 EDT</DateTime><ThumbUp>0</ThumbUp><ThumbDown>3</ThumbDown><Sentiment/></Message><Message type="ReplyMessage"><Id>1372077626844-2</Id><Topic><Title>Ebay Discussion Boards</Title><Username>johns_joint</Username><Timestamp>1371994233732</Timestamp><DateTime>Sun, 2013-06-23 09:30:33 EDT</DateTime></Topic><Msg>I agree with you 100%. DRIBBLES has ruined this board with his daily puke that he posts. Sully</Msg><Username>sullyinmass2013</Username><Timestamp>1372077626844</Timestamp><DateTime>Mon, 2013-06-24 08:40:26 EDT</DateTime><ThumbUp>2</ThumbUp><ThumbDown>6</ThumbDown><Sentiment/></Message><Message type="ReplyMessage"><Id>1372077740186-3</Id><Topic><Title>Ebay Discussion Boards</Title><Username>johns_joint</Username><Timestamp>1371994233732</Timestamp><DateTime>Sun, 2013-06-23 09:30:33 EDT</DateTime></Topic><Msg>He hates Ebay so much he'll do anything to ruin this board</Msg><Username>johns_joint</Username><Timestamp>1372077740186</Timestamp><DateTime>Mon, 2013-06-24 08:42:20 EDT</DateTime><ThumbUp>3</ThumbUp><ThumbDown>6</ThumbDown><Sentiment/></Message><Message type="TopicMessage"><Id>1372104127592-4</Id><Title>The Smart-Money Bought More EBAY @ $50.50 &amp; Again @ $50.25 Today...</Title><Msg>IMO.</Msg><Username>rogerdonna_1988</Username><Timestamp>1372104127592</Timestamp><DateTime>Mon, 2013-06-24 16:02:07 EDT</DateTime><ThumbUp>2</ThumbUp><ThumbDown>0</ThumbDown><Sentiment>Buy</Sentiment></Message><Message type="ReplyMessage"><Id>1372107297453-5</Id><Topic><Title>POST OF THE YEAR = "agqut, Gina, Shack, and countless others were......, ME!!!!!"</Title><Username>post_judge</Username><Timestamp>1371910766840</Timestamp><DateTime>Sat, 2013-06-22 10:19:26 EDT</DateTime></Topic><Msg>Did you win a prize?</Msg><Username>gewizmeto</Username><Timestamp>1372107297453</Timestamp><DateTime>Mon, 2013-06-24 16:54:57 EDT</DateTime><ThumbUp>2</ThumbUp><ThumbDown>1</ThumbDown><Sentiment/></Message><Message type="TopicMessage"><Id>1372107418420-6</Id><Title>If it breaks 50......it will drop hard.</Title><Msg>Got some resistance here......don't know how long it can hold out.</Msg><Username>gewizmeto</Username><Timestamp>1372107418420</Timestamp><DateTime>Mon, 2013-06-24 16:56:58 EDT</DateTime><ThumbUp>1</ThumbUp><ThumbDown>0</ThumbDown><Sentiment/></Message><Message type="ReplyMessage"><Id>1372130264932-7</Id><Topic><Title>Ebay Discussion Boards</Title><Username>johns_joint</Username><Timestamp>1371994233732</Timestamp><DateTime>Sun, 2013-06-23 09:30:33 EDT</DateTime></Topic><Msg>Poor John Osborne and fake Sullied, you clowns ruined this board long long before your enemies arrived. I'm sure you'll quickly ruin any board you go to. Note your recs say '666'. Scurry to fix that. I command you. Lol! ROTFLMAO!!!!!!!!!!!!! Sully</Msg><Username>sullyinmass.2012</Username><Timestamp>1372130264932</Timestamp><DateTime>Mon, 2013-06-24 23:17:44 EDT</DateTime><ThumbUp>6</ThumbUp><ThumbDown>1</ThumbDown><Sentiment/></Message><Message type="TopicMessage"><Id>1372130474165-8</Id><Title>"Team" Is Only John And Fake Sullied</Title><Msg>Around and around they go. An endless public self to self circle of jerks jerking. Accomplishing nothing. LOL! ROTFLMAO!!!!!!!!!!!!!!! Sully</Msg><Username>sullyinmass.2012</Username><Timestamp>1372130474165</Timestamp><DateTime>Mon, 2013-06-24 23:21:14 EDT</DateTime><ThumbUp>5</ThumbUp><ThumbDown>1</ThumbDown><Sentiment/></Message></Date>