<?xml version="1.0" encoding="UTF-8" standalone="no"?><Date date="2013-02-21"><Message type="ReplyMessage"><Id>1361448076292-1</Id><Topic><Title>EBAY Upgraded to STRONG BUY (EXCLUSIVE REPORT)</Title><Username>francismuldoon</Username><Timestamp>1360873275155</Timestamp><DateTime>Thu, 2013-02-14 15:21:15 EST</DateTime></Topic><Msg>I recommend this link,THANKS</Msg><Username>cash.donald</Username><Timestamp>1361448076292</Timestamp><DateTime>Thu, 2013-02-21 07:01:16 EST</DateTime><ThumbUp>0</ThumbUp><ThumbDown>1</ThumbDown><Sentiment/></Message><Message type="ReplyMessage"><Id>1361458309040-2</Id><Topic><Title>INTERACTIVE CHART: eBay Inc. (EBAY)</Title><Username>kjennetegnesann</Username><Timestamp>1360862503454</Timestamp><DateTime>Thu, 2013-02-14 12:21:43 EST</DateTime></Topic><Msg>You are the best.</Msg><Username>mccormicjaclyn</Username><Timestamp>1361458309040</Timestamp><DateTime>Thu, 2013-02-21 09:51:49 EST</DateTime><ThumbUp>0</ThumbUp><ThumbDown>0</ThumbDown><Sentiment>Buy</Sentiment></Message><Message type="TopicMessage"><Id>1361459726698-3</Id><Title>Fortune Article on EBAY</Title><Msg>Forbes just had EBAY as the cover article....a very favorable report</Msg><Username>sprtx2002</Username><Timestamp>1361459726698</Timestamp><DateTime>Thu, 2013-02-21 10:15:26 EST</DateTime><ThumbUp>0</ThumbUp><ThumbDown>0</ThumbDown><Sentiment/></Message><Message type="ReplyMessage"><Id>1361462603108-4</Id><Topic><Title>INTERACTIVE CHART: eBay Inc. (EBAY)</Title><Username>kjennetegnesann</Username><Timestamp>1360862503454</Timestamp><DateTime>Thu, 2013-02-14 12:21:43 EST</DateTime></Topic><Msg>Ok cool. Thank you for sharing this.</Msg><Username>lumbertoluisa</Username><Timestamp>1361462603108</Timestamp><DateTime>Thu, 2013-02-21 11:03:23 EST</DateTime><ThumbUp>0</ThumbUp><ThumbDown>0</ThumbDown><Sentiment>Buy</Sentiment></Message><Message type="ReplyMessage"><Id>1361463233013-5</Id><Topic><Title>EBAY Upgraded to STRONG BUY (EXCLUSIVE REPORT)</Title><Username>francismuldoon</Username><Timestamp>1360873275155</Timestamp><DateTime>Thu, 2013-02-14 15:21:15 EST</DateTime></Topic><Msg>Good info</Msg><Username>samuelbrennan513</Username><Timestamp>1361463233013</Timestamp><DateTime>Thu, 2013-02-21 11:13:53 EST</DateTime><ThumbUp>0</ThumbUp><ThumbDown>1</ThumbDown><Sentiment/></Message><Message type="TopicMessage"><Id>1361468775385-6</Id><Title>Subject</Title><Msg>Type message</Msg><Username>gewizmeto</Username><Timestamp>1361468775385</Timestamp><DateTime>Thu, 2013-02-21 12:46:15 EST</DateTime><ThumbUp>0</ThumbUp><ThumbDown>0</ThumbDown><Sentiment/></Message><Message type="ReplyMessage"><Id>1361468874211-7</Id><Topic><Title>Subject</Title><Username>gewizmeto</Username><Timestamp>1361468775385</Timestamp><DateTime>Thu, 2013-02-21 12:46:15 EST</DateTime></Topic><Msg>Looks like we are going down!</Msg><Username>gewizmeto</Username><Timestamp>1361468874211</Timestamp><DateTime>Thu, 2013-02-21 12:47:54 EST</DateTime><ThumbUp>0</ThumbUp><ThumbDown>0</ThumbDown><Sentiment/></Message><Message type="ReplyMessage"><Id>1361476128146-8</Id><Topic><Title>Do You Think EBAY is a BUY, SELL, or HOLD?</Title><Username>operalogimogene</Username><Timestamp>1361473228833</Timestamp><DateTime>Thu, 2013-02-21 14:00:28 EST</DateTime></Topic><Msg>Thank you and please keep it coming.</Msg><Username>murrnongkim</Username><Timestamp>1361476128146</Timestamp><DateTime>Thu, 2013-02-21 14:48:48 EST</DateTime><ThumbUp>0</ThumbUp><ThumbDown>0</ThumbDown><Sentiment>Buy</Sentiment></Message><Message type="ReplyMessage"><Id>1361476772435-9</Id><Topic><Title>I Am Loving The Board I Completely Own But A Dead Board Conversationally, With Most Spam Pumpers And "Investors" With Ebay At $56 to $57 Range Totally Proves This Stock Is A Sham.</Title><Username>sullyinmass.2012</Username><Timestamp>1360717404044</Timestamp><DateTime>Tue, 2013-02-12 20:03:24 EST</DateTime></Topic><Msg>Yes! We ALL miss The Doc all the time! Especially the puppets he completely owned. But most of all I find it amusing ebay crashes and burns while my imposters itch and break out in herps. It's a most satisfying feeling so I 'm just saying it. ROTFLMAO!!!!!!!!!!!! Sully</Msg><Username>sullyinmass.2012</Username><Timestamp>1361476772435</Timestamp><DateTime>Thu, 2013-02-21 14:59:32 EST</DateTime><ThumbUp>1</ThumbUp><ThumbDown>0</ThumbDown><Sentiment/></Message><Message type="ReplyMessage"><Id>1361482190894-10</Id><Topic><Title>Johnie Flyktning Gang's Many Unavoidable Problems</Title><Username>traffic.jammer</Username><Timestamp>1222188390000</Timestamp><DateTime>Tue, 2008-09-23 12:46:30 EDT</DateTime></Topic><Msg>Great to see you once again dr_clarify! As you can see, this place is a ghost town ever since aqgut effectively scoured out the disease(d). Sully still rules here and in the stock market world. Because of Sully's keen prowess, we are reaping massive gains. At Sully's begging we pulled out of aapl after riding it up for years and placed everything into goog! I only wish we had pulled out of aapl at 700 instead of 650. And elike is still winning with ebay. Drop us another line when you get a chance Doc, eh? We need some real writers here! -Sully Rules</Msg><Username>sullys_ebay_board</Username><Timestamp>1361482190894</Timestamp><DateTime>Thu, 2013-02-21 16:29:50 EST</DateTime><ThumbUp>0</ThumbUp><ThumbDown>0</ThumbDown><Sentiment>Strong Buy</Sentiment></Message><Message type="ReplyMessage"><Id>1361482201119-11</Id><Topic><Title>Do You Think EBAY is a BUY, SELL, or HOLD?</Title><Username>operalogimogene</Username><Timestamp>1361473228833</Timestamp><DateTime>Thu, 2013-02-21 14:00:28 EST</DateTime></Topic><Msg>I'm subscribed. Cool</Msg><Username>orbechristy</Username><Timestamp>1361482201119</Timestamp><DateTime>Thu, 2013-02-21 16:30:01 EST</DateTime><ThumbUp>0</ThumbUp><ThumbDown>0</ThumbDown><Sentiment>Buy</Sentiment></Message><Message type="TopicMessage"><Id>1361491261387-12</Id><Title>Check out what Honda Motors just did with SolarCity -- Game Changer......</Title><Msg>SolarCity just went public just a few weeks ago --- California based large solar panel -INSTALLER- and that is critical --cause the installer sector of the solar energy field is booming using cheap Chinese and others panels... What SolarCity specializes in is financing the installation so the homeowner gets the panels for free and pays a monthly payment for the electricity at cheaper rates than off the grid, while SolarCity maintains the system for them.... Honda motors just inject $65 million into the company and is having their Honda Auto dealers push the solar installation with SolorCity.... Long range that helps Honda since it creates the base infrastructure it needs in home electric panels to home fuel it`s electric, hybrids and the hydrogen cars it`s introducing .... all of which can use the cheap homebased solar electricity whose rates stay stable over the years compared to the utilities.... Smart of the Japanese --- again.</Msg><Username>kcf_07757</Username><Timestamp>1361491261387</Timestamp><DateTime>Thu, 2013-02-21 19:01:01 EST</DateTime><ThumbUp>0</ThumbUp><ThumbDown>1</ThumbDown><Sentiment/></Message></Date>