<?xml version="1.0" encoding="UTF-8" standalone="no"?><Date date="2013-07-11"><Message type="TopicMessage"><Id>1373520871387-1</Id><Title>Poor Broke "Team". Posting Nothing But Endless Circular Hate</Title><Msg>Everyone can read the psychotic "team" posts and realize those girls don't invest in anything but hate. It's too psycho they think taunting is helping. Daily they wallow in their misery fighting John Osborne's long lost 13 year board war. Those broke old men couldn't p on each other if they were on fire. Why does the sullied fake one want to be me so badly? She posts nothing else. ROTFLMAO!!!!!!!!!!!!!! Sully</Msg><Username>sullyinmass.2012</Username><Timestamp>1373520871387</Timestamp><DateTime>Thu, 2013-07-11 01:34:31 EDT</DateTime><ThumbUp>5</ThumbUp><ThumbDown>2</ThumbDown><Sentiment/></Message><Message type="ReplyMessage"><Id>1373546690648-2</Id><Topic><Title>Poor Broke "Team". Posting Nothing But Endless Circular Hate</Title><Username>sullyinmass.2012</Username><Timestamp>1373520871387</Timestamp><DateTime>Thu, 2013-07-11 01:34:31 EDT</DateTime></Topic><Msg>"Posting Nothing But Endless Circular Hate" DRIBBLES, That is all you do on this board. P.S. Why do you want to be me? ROTFLMAO!!! Sully</Msg><Username>sullyinmass2013</Username><Timestamp>1373546690648</Timestamp><DateTime>Thu, 2013-07-11 08:44:50 EDT</DateTime><ThumbUp>1</ThumbUp><ThumbDown>3</ThumbDown><Sentiment/></Message><Message type="ReplyMessage"><Id>1373547901273-3</Id><Topic><Title>Poor Broke "Team". Posting Nothing But Endless Circular Hate</Title><Username>sullyinmass.2012</Username><Timestamp>1373520871387</Timestamp><DateTime>Thu, 2013-07-11 01:34:31 EDT</DateTime></Topic><Msg>She's a mental case and the professor knew it That makes what he did even worse</Msg><Username>johns_joint</Username><Timestamp>1373547901273</Timestamp><DateTime>Thu, 2013-07-11 09:05:01 EDT</DateTime><ThumbUp>2</ThumbUp><ThumbDown>3</ThumbDown><Sentiment/></Message><Message type="ReplyMessage"><Id>1373553627547-4</Id><Topic><Title>Happy Easter Day From Always Beautiful Philadelphia</Title><Username>angel.madbezos</Username><Timestamp>1364747620808</Timestamp><DateTime>Sun, 2013-03-31 12:33:40 EDT</DateTime></Topic><Msg>"on this wonderful and hollowed (SIC) day! " You idiot. Quit trying to be a professor! Wake up. Stop trying to be everyone but yourself. For your own good. Move on folks......nothing to see here! BTW- he preyed on those with limited capacities....all in the archives Preyed and preyed. Archive noose? Indeed. -Sully Rules</Msg><Username>sullys_ebay_board</Username><Timestamp>1373553627547</Timestamp><DateTime>Thu, 2013-07-11 10:40:27 EDT</DateTime><ThumbUp>1</ThumbUp><ThumbDown>3</ThumbDown><Sentiment/></Message><Message type="ReplyMessage"><Id>1373553846409-5</Id><Topic><Title>Poor Broke "Team". Posting Nothing But Endless Circular Hate</Title><Username>sullyinmass.2012</Username><Timestamp>1373520871387</Timestamp><DateTime>Thu, 2013-07-11 01:34:31 EDT</DateTime></Topic><Msg>"She's a mental case and the professor knew it..." Without a doubt. A given. Astute! -Sully Rules</Msg><Username>sullys_ebay_board</Username><Timestamp>1373553846409</Timestamp><DateTime>Thu, 2013-07-11 10:44:06 EDT</DateTime><ThumbUp>1</ThumbUp><ThumbDown>5</ThumbDown><Sentiment/></Message><Message type="TopicMessage"><Id>1373554507102-6</Id><Title>Name Address &amp; Phone Number</Title><Msg>Got TUNA? I do. . .</Msg><Username>johns_joint</Username><Timestamp>1373554507102</Timestamp><DateTime>Thu, 2013-07-11 10:55:07 EDT</DateTime><ThumbUp>1</ThumbUp><ThumbDown>5</ThumbDown><Sentiment/></Message></Date>