<?xml version="1.0" encoding="UTF-8" standalone="no"?><Date date="2013-01-04"><Message type="ReplyMessage"><Id>1357318984659-1</Id><Topic><Title>Garbage</Title><Username>marty81274</Username><Timestamp>1357242652271</Timestamp><DateTime>Thu, 2013-01-03 14:50:52 EST</DateTime></Topic><Msg>Look again NON BELIEVER Ebay $53 is just a tick away</Msg><Username>johns_joint</Username><Timestamp>1357318984659</Timestamp><DateTime>Fri, 2013-01-04 12:03:04 EST</DateTime><ThumbUp>0</ThumbUp><ThumbDown>0</ThumbDown><Sentiment/></Message><Message type="ReplyMessage"><Id>1357321465145-2</Id><Topic><Title>Very well written report, it's really worth reading.</Title><Username>raymondcox273</Username><Timestamp>1354552653315</Timestamp><DateTime>Mon, 2012-12-03 11:37:33 EST</DateTime></Topic><Msg>interesting..</Msg><Username>jeffreyhill225</Username><Timestamp>1357321465145</Timestamp><DateTime>Fri, 2013-01-04 12:44:25 EST</DateTime><ThumbUp>0</ThumbUp><ThumbDown>0</ThumbDown><Sentiment/></Message></Date>