<?xml version="1.0" encoding="UTF-8" standalone="no"?><Date date="2013-05-03"><Message type="TopicMessage"><Id>1367577628767-1</Id><Title>Ebay next Amazon only with PROFITS!!!!!</Title><Msg>PayPal exposure growing @ 10x. 20x, 30x over next couple of years (maybe even 70x with push into international/global stores)</Msg><Username>davidba1960</Username><Timestamp>1367577628767</Timestamp><DateTime>Fri, 2013-05-03 06:40:28 EDT</DateTime><ThumbUp>1</ThumbUp><ThumbDown>0</ThumbDown><Sentiment/></Message><Message type="TopicMessage"><Id>1367584774555-2</Id><Title>$10 pop next week?? With PayPal store expose up 10x this year and maybe up 40x in 3 years</Title><Msg>PayPal could double Ebay revenues</Msg><Username>davidba1960</Username><Timestamp>1367584774555</Timestamp><DateTime>Fri, 2013-05-03 08:39:34 EDT</DateTime><ThumbUp>1</ThumbUp><ThumbDown>0</ThumbDown><Sentiment/></Message><Message type="ReplyMessage"><Id>1367589432438-3</Id><Topic><Title>Ebay back to $53, on the way to $54 this week.</Title><Username>acman40930</Username><Timestamp>1367343703823</Timestamp><DateTime>Tue, 2013-04-30 13:41:43 EDT</DateTime></Topic><Msg>I see $54</Msg><Username>acman40930</Username><Timestamp>1367589432438</Timestamp><DateTime>Fri, 2013-05-03 09:57:12 EDT</DateTime><ThumbUp>0</ThumbUp><ThumbDown>0</ThumbDown><Sentiment/></Message><Message type="TopicMessage"><Id>1367590800761-4</Id><Title>$54.35 isn't bad</Title><Msg>How about $60s?</Msg><Username>davidba1960</Username><Timestamp>1367590800761</Timestamp><DateTime>Fri, 2013-05-03 10:20:00 EDT</DateTime><ThumbUp>1</ThumbUp><ThumbDown>0</ThumbDown><Sentiment/></Message><Message type="ReplyMessage"><Id>1367591453389-5</Id><Topic><Title>$54.35 isn't bad</Title><Username>davidba1960</Username><Timestamp>1367590800761</Timestamp><DateTime>Fri, 2013-05-03 10:20:00 EDT</DateTime></Topic><Msg>$58+ by June 5 Aug 20 $65+</Msg><Username>acman40930</Username><Timestamp>1367591453389</Timestamp><DateTime>Fri, 2013-05-03 10:30:53 EDT</DateTime><ThumbUp>0</ThumbUp><ThumbDown>0</ThumbDown><Sentiment>Strong Buy</Sentiment></Message><Message type="TopicMessage"><Id>1367592051623-6</Id><Title>Ebay No downgrade after earnings, 1 upgrade after earnings</Title><Msg>No downgrade because the year outlook did not change. Ebay's price should not have changed. Ebay should be at $60.00 with the up side of the market after earnings.</Msg><Username>acman40930</Username><Timestamp>1367592051623</Timestamp><DateTime>Fri, 2013-05-03 10:40:51 EDT</DateTime><ThumbUp>0</ThumbUp><ThumbDown>0</ThumbDown><Sentiment>Strong Buy</Sentiment></Message><Message type="ReplyMessage"><Id>1367593200345-7</Id><Topic><Title>Good Morning From Fabulous Philadelphia</Title><Username>angel.madbezos</Username><Timestamp>1367338507220</Timestamp><DateTime>Tue, 2013-04-30 12:15:07 EDT</DateTime></Topic><Msg>"You'll never be me" DRIBBLES, You're exactly right. I will never be you. And you will never be me, no matter how many fake sully ids your create and post under. Now carry on puppet. ROTFLMAO!!!</Msg><Username>sullyinmass2013</Username><Timestamp>1367593200345</Timestamp><DateTime>Fri, 2013-05-03 11:00:00 EDT</DateTime><ThumbUp>0</ThumbUp><ThumbDown>6</ThumbDown><Sentiment/></Message><Message type="ReplyMessage"><Id>1367603032553-8</Id><Topic><Title>Good Morning From Fabulous Philadelphia</Title><Username>angel.madbezos</Username><Timestamp>1367338507220</Timestamp><DateTime>Tue, 2013-04-30 12:15:07 EDT</DateTime></Topic><Msg>"no matter how many fake sully ids your create and post under." Wow that didn't make any sense.I might want to take a break from hitting the bottle and take another crack at that sentence. ROTFLMAO!!!!!! Sully</Msg><Username>sully_the_drunken.dwarf</Username><Timestamp>1367603032553</Timestamp><DateTime>Fri, 2013-05-03 13:43:52 EDT</DateTime><ThumbUp>6</ThumbUp><ThumbDown>0</ThumbDown><Sentiment>Strong Buy</Sentiment></Message><Message type="ReplyMessage"><Id>1367610527062-9</Id><Topic><Title>Good Morning From Fabulous Philadelphia</Title><Username>angel.madbezos</Username><Timestamp>1367338507220</Timestamp><DateTime>Tue, 2013-04-30 12:15:07 EDT</DateTime></Topic><Msg>See, my puppet just posted with another of his sully ids. Just as I commanded him to do. ROTFLMAO!!! Sully</Msg><Username>sullyinmass2013</Username><Timestamp>1367610527062</Timestamp><DateTime>Fri, 2013-05-03 15:48:47 EDT</DateTime><ThumbUp>0</ThumbUp><ThumbDown>3</ThumbDown><Sentiment/></Message><Message type="ReplyMessage"><Id>1367617631502-10</Id><Topic><Title>$10 pop next week?? With PayPal store expose up 10x this year and maybe up 40x in 3 years</Title><Username>davidba1960</Username><Timestamp>1367584774555</Timestamp><DateTime>Fri, 2013-05-03 08:39:34 EDT</DateTime></Topic><Msg>Too bad Walmart already stated they were not allowing Paypal into their stores due to the fact the checkout process is slow, clunky and they don't see it as generating significant revenue.</Msg><Username>quinnwolf</Username><Timestamp>1367617631502</Timestamp><DateTime>Fri, 2013-05-03 17:47:11 EDT</DateTime><ThumbUp>0</ThumbUp><ThumbDown>0</ThumbDown><Sentiment/></Message><Message type="ReplyMessage"><Id>1367621600682-11</Id><Topic><Title>$10 pop next week?? With PayPal store expose up 10x this year and maybe up 40x in 3 years</Title><Username>davidba1960</Username><Timestamp>1367584774555</Timestamp><DateTime>Fri, 2013-05-03 08:39:34 EDT</DateTime></Topic><Msg>PayPal can improve - but still a great start. Walmart - the gigantic gorilla doesn't need anybody.</Msg><Username>davidba1960</Username><Timestamp>1367621600682</Timestamp><DateTime>Fri, 2013-05-03 18:53:20 EDT</DateTime><ThumbUp>0</ThumbUp><ThumbDown>0</ThumbDown><Sentiment/></Message></Date>