<?xml version="1.0" encoding="UTF-8" standalone="no"?><Date date="2013-03-15"><Message type="ReplyMessage"><Id>1363342699278-1</Id><Topic><Title>Secret EBAY Info Revealed</Title><Username>calebking850</Username><Timestamp>1363270245626</Timestamp><DateTime>Thu, 2013-03-14 10:10:45 EDT</DateTime></Topic><Msg>Helpful report</Msg><Username>issacthompson637</Username><Timestamp>1363342699278</Timestamp><DateTime>Fri, 2013-03-15 06:18:19 EDT</DateTime><ThumbUp>0</ThumbUp><ThumbDown>1</ThumbDown><Sentiment/></Message><Message type="ReplyMessage"><Id>1363345284334-2</Id><Topic><Title>Will EBAY Bounce? SEE OUR IN DEPTH EBAY BOUNCE REPORT !</Title><Username>bertram.palmer</Username><Timestamp>1363114202380</Timestamp><DateTime>Tue, 2013-03-12 14:50:02 EDT</DateTime></Topic><Msg>Very helpful report , thanks !</Msg><Username>ballerano</Username><Timestamp>1363345284334</Timestamp><DateTime>Fri, 2013-03-15 07:01:24 EDT</DateTime><ThumbUp>0</ThumbUp><ThumbDown>0</ThumbDown><Sentiment/></Message><Message type="ReplyMessage"><Id>1363351829465-3</Id><Topic><Title>Secret EBAY Info Revealed</Title><Username>calebking850</Username><Timestamp>1363270245626</Timestamp><DateTime>Thu, 2013-03-14 10:10:45 EDT</DateTime></Topic><Msg>awesome news</Msg><Username>tom.adams</Username><Timestamp>1363351829465</Timestamp><DateTime>Fri, 2013-03-15 08:50:29 EDT</DateTime><ThumbUp>0</ThumbUp><ThumbDown>1</ThumbDown><Sentiment/></Message><Message type="ReplyMessage"><Id>1363353014562-4</Id><Topic><Title>13 INDICATOR EBAY BUY/SELL/HOLD REPORT</Title><Username>judesanders</Username><Timestamp>1362062058012</Timestamp><DateTime>Thu, 2013-02-28 09:34:18 EST</DateTime></Topic><Msg>very detailed update</Msg><Username>joemiller767</Username><Timestamp>1363353014562</Timestamp><DateTime>Fri, 2013-03-15 09:10:14 EDT</DateTime><ThumbUp>0</ThumbUp><ThumbDown>1</ThumbDown><Sentiment/></Message><Message type="ReplyMessage"><Id>1363353311108-5</Id><Topic><Title>How's that Ebay short working out today?</Title><Username>ebay_pays_my_bills</Username><Timestamp>1363277141554</Timestamp><DateTime>Thu, 2013-03-14 12:05:41 EDT</DateTime></Topic><Msg>"LET HIM REST IN PEACE FOR CRYING OUT LOUD" No #$%$%ing shait! What a total idiot. -Sully Rules</Msg><Username>sullys_ebay_board</Username><Timestamp>1363353311108</Timestamp><DateTime>Fri, 2013-03-15 09:15:11 EDT</DateTime><ThumbUp>0</ThumbUp><ThumbDown>7</ThumbDown><Sentiment/></Message><Message type="TopicMessage"><Id>1363353621619-6</Id><Title>John</Title><Msg>Good luck with your recent problems. -Sully Rules</Msg><Username>sullys_ebay_board</Username><Timestamp>1363353621619</Timestamp><DateTime>Fri, 2013-03-15 09:20:21 EDT</DateTime><ThumbUp>0</ThumbUp><ThumbDown>5</ThumbDown><Sentiment/></Message><Message type="TopicMessage"><Id>1363354819155-7</Id><Title>What a piece of GARBAGE</Title><Msg>This stock should at least be in the low 60's and not the low 50's WHAT A PIECE OF GARBAGE!!!!!!!!!!!!!!!!!</Msg><Username>marty81274</Username><Timestamp>1363354819155</Timestamp><DateTime>Fri, 2013-03-15 09:40:19 EDT</DateTime><ThumbUp>0</ThumbUp><ThumbDown>0</ThumbDown><Sentiment/></Message><Message type="TopicMessage"><Id>1363355103157-8</Id><Title>What the #$%$@#$ is wrong with EBAY</Title><Msg>What the hell is wrong with this piece of SH@#% turd stock anyways.</Msg><Username>marty81274</Username><Timestamp>1363355103157</Timestamp><DateTime>Fri, 2013-03-15 09:45:03 EDT</DateTime><ThumbUp>0</ThumbUp><ThumbDown>0</ThumbDown><Sentiment/></Message><Message type="TopicMessage"><Id>1363355235493-9</Id><Title>UPGRADE YESTERDAY</Title><Msg>What was the use of getting an upgrade yesterday, It has lost all it gained yesterday. WHAT A PIECE OF SH@#%</Msg><Username>marty81274</Username><Timestamp>1363355235493</Timestamp><DateTime>Fri, 2013-03-15 09:47:15 EDT</DateTime><ThumbUp>0</ThumbUp><ThumbDown>0</ThumbDown><Sentiment/></Message><Message type="TopicMessage"><Id>1363355416827-10</Id><Title>Ebay was up nicely in pre market</Title><Msg>NOW as I write it has lost all it's gains from yesterday. WHAT A PIECE OF SH!@#$!#@</Msg><Username>marty81274</Username><Timestamp>1363355416827</Timestamp><DateTime>Fri, 2013-03-15 09:50:16 EDT</DateTime><ThumbUp>0</ThumbUp><ThumbDown>0</ThumbDown><Sentiment/></Message><Message type="ReplyMessage"><Id>1363356179251-11</Id><Topic><Title>Positive news for EBAY, check out!</Title><Username>ryanbaker26</Username><Timestamp>1363265521729</Timestamp><DateTime>Thu, 2013-03-14 08:52:01 EDT</DateTime></Topic><Msg>very nice article!</Msg><Username>dvd.coleman</Username><Timestamp>1363356179251</Timestamp><DateTime>Fri, 2013-03-15 10:02:59 EDT</DateTime><ThumbUp>0</ThumbUp><ThumbDown>1</ThumbDown><Sentiment/></Message><Message type="ReplyMessage"><Id>1363356409264-12</Id><Topic><Title>What a piece of GARBAGE</Title><Username>marty81274</Username><Timestamp>1363354819155</Timestamp><DateTime>Fri, 2013-03-15 09:40:19 EDT</DateTime></Topic><Msg>I bought at $42 and sold at $55.00.Well,it will go lower.national internet tax bill is a threat to EBAY</Msg><Username>desertknight90</Username><Timestamp>1363356409264</Timestamp><DateTime>Fri, 2013-03-15 10:06:49 EDT</DateTime><ThumbUp>0</ThumbUp><ThumbDown>0</ThumbDown><Sentiment/></Message><Message type="ReplyMessage"><Id>1363357091108-13</Id><Topic><Title>Positive news for EBAY, check out!</Title><Username>ryanbaker26</Username><Timestamp>1363265521729</Timestamp><DateTime>Thu, 2013-03-14 08:52:01 EDT</DateTime></Topic><Msg>wow! full detailed report</Msg><Username>h.morris123</Username><Timestamp>1363357091108</Timestamp><DateTime>Fri, 2013-03-15 10:18:11 EDT</DateTime><ThumbUp>0</ThumbUp><ThumbDown>1</ThumbDown><Sentiment/></Message><Message type="ReplyMessage"><Id>1363357958608-14</Id><Topic><Title>Positive news for EBAY, check out!</Title><Username>ryanbaker26</Username><Timestamp>1363265521729</Timestamp><DateTime>Thu, 2013-03-14 08:52:01 EDT</DateTime></Topic><Msg>good job mate!</Msg><Username>oharris_68</Username><Timestamp>1363357958608</Timestamp><DateTime>Fri, 2013-03-15 10:32:38 EDT</DateTime><ThumbUp>0</ThumbUp><ThumbDown>1</ThumbDown><Sentiment/></Message><Message type="ReplyMessage"><Id>1363358133507-15</Id><Topic><Title>Secret EBAY Info Revealed</Title><Username>calebking850</Username><Timestamp>1363270245626</Timestamp><DateTime>Thu, 2013-03-14 10:10:45 EDT</DateTime></Topic><Msg>full detailed report. thanks.</Msg><Username>hallluke502</Username><Timestamp>1363358133507</Timestamp><DateTime>Fri, 2013-03-15 10:35:33 EDT</DateTime><ThumbUp>0</ThumbUp><ThumbDown>1</ThumbDown><Sentiment/></Message><Message type="TopicMessage"><Id>1363358246144-16</Id><Title>""""OVERSOLD""""</Title><Msg>manipulation by cockroaches</Msg><Username>jgiled</Username><Timestamp>1363358246144</Timestamp><DateTime>Fri, 2013-03-15 10:37:26 EDT</DateTime><ThumbUp>1</ThumbUp><ThumbDown>0</ThumbDown><Sentiment/></Message><Message type="TopicMessage"><Id>1363358749508-17</Id><Title>Market for EBAy</Title><Msg>The analysts are seeing EBAY as overvalued do to current metrics as compared to peers. They also see Paypal as something that could be attacked by the new iphones that have the ability to pay for product using the phone rather than something like Paypal. It is getting beat down right now for those reasons. My guess is this will change and it will again be loved by the market. We just have to get thru this rough patch. It showed some life yesterday, but got day traded back down again. 61 is the estimated one year price. Hang in there.</Msg><Username>jman6065</Username><Timestamp>1363358749508</Timestamp><DateTime>Fri, 2013-03-15 10:45:49 EDT</DateTime><ThumbUp>0</ThumbUp><ThumbDown>0</ThumbDown><Sentiment/></Message><Message type="TopicMessage"><Id>1363359053014-18</Id><Title>EBAy</Title><Msg>FYI, a key double bottom would occur if this stock hit fifty which occured around the middle of Dec. Usually there is a bounce off these double bottoms that you might want to watch for. Stock is a definite hold, possibly add more if you are the type that buys while the stock is falling. Some people won't do this. Good Luck.</Msg><Username>jman6065</Username><Timestamp>1363359053014</Timestamp><DateTime>Fri, 2013-03-15 10:50:53 EDT</DateTime><ThumbUp>1</ThumbUp><ThumbDown>0</ThumbDown><Sentiment/></Message><Message type="TopicMessage"><Id>1363359749632-19</Id><Title>One more thing</Title><Msg>Remember - great companies have equity. Check out EBAY's Bal Sheet and compare cash to debt - check the equity - look at cash flow statement and see the FCF amount. This is a great company - there is no doubt about that and great companies find a way to fight off the competition.</Msg><Username>jman6065</Username><Timestamp>1363359749632</Timestamp><DateTime>Fri, 2013-03-15 11:02:29 EDT</DateTime><ThumbUp>0</ThumbUp><ThumbDown>0</ThumbDown><Sentiment/></Message><Message type="ReplyMessage"><Id>1363360820852-20</Id><Topic><Title>Will EBAY Bounce? SEE OUR IN DEPTH EBAY BOUNCE REPORT !</Title><Username>bertram.palmer</Username><Timestamp>1363114202380</Timestamp><DateTime>Tue, 2013-03-12 14:50:02 EDT</DateTime></Topic><Msg>Thanks !!</Msg><Username>dale.hollen</Username><Timestamp>1363360820852</Timestamp><DateTime>Fri, 2013-03-15 11:20:20 EDT</DateTime><ThumbUp>0</ThumbUp><ThumbDown>1</ThumbDown><Sentiment/></Message><Message type="ReplyMessage"><Id>1363361463657-21</Id><Topic><Title>Bullish harami candle forming</Title><Username>cybercash28</Username><Timestamp>1363270738026</Timestamp><DateTime>Thu, 2013-03-14 10:18:58 EDT</DateTime></Topic><Msg>Great response, had a good laugh over this one. Thanks</Msg><Username>jman6065</Username><Timestamp>1363361463657</Timestamp><DateTime>Fri, 2013-03-15 11:31:03 EDT</DateTime><ThumbUp>0</ThumbUp><ThumbDown>0</ThumbDown><Sentiment/></Message><Message type="ReplyMessage"><Id>1363362193712-22</Id><Topic><Title>Positive news for EBAY, check out!</Title><Username>ryanbaker26</Username><Timestamp>1363265521729</Timestamp><DateTime>Thu, 2013-03-14 08:52:01 EDT</DateTime></Topic><Msg>important info!</Msg><Username>amitchelll3</Username><Timestamp>1363362193712</Timestamp><DateTime>Fri, 2013-03-15 11:43:13 EDT</DateTime><ThumbUp>0</ThumbUp><ThumbDown>1</ThumbDown><Sentiment/></Message><Message type="TopicMessage"><Id>1363366246125-23</Id><Title>stock looks screwed but its oversold</Title><Msg>so wouldnt short it now</Msg><Username>teldar_paper</Username><Timestamp>1363366246125</Timestamp><DateTime>Fri, 2013-03-15 12:50:46 EDT</DateTime><ThumbUp>0</ThumbUp><ThumbDown>0</ThumbDown><Sentiment/></Message><Message type="TopicMessage"><Id>1363367005248-24</Id><Title>Insider Advice</Title><Msg>As a 14 year Ebay powerseller; I've had a great track record of predicting Ebay's up and downs because I see how every move; both positive or negative; affects ebay. I'm convinced the Post Office's huge rate hike for international shipping will greatly hurt Ebay. Also Amazon for that matter. There's just no way around it; doubling the shipping rates for items under 4 pounds is an insane price hike for Non-U.S. buyers who like buying American products from American sellers. I've seen a 60% decrease in non-U.S. orders the past month, as foreigners have caught on to the horrible price hike by the post office. I sold my Ebay stock a month ago at $55 and would not even think about buying back until the results come in from the Post Office rate hike. As a long time ebay seller; I know this is a huge factor that's receiving almost no attention</Msg><Username>contentsmatters</Username><Timestamp>1363367005248</Timestamp><DateTime>Fri, 2013-03-15 13:03:25 EDT</DateTime><ThumbUp>2</ThumbUp><ThumbDown>1</ThumbDown><Sentiment/></Message><Message type="ReplyMessage"><Id>1363367853436-25</Id><Topic><Title>Insider Advice</Title><Username>contentsmatters</Username><Timestamp>1363367005248</Timestamp><DateTime>Fri, 2013-03-15 13:03:25 EDT</DateTime></Topic><Msg>The US Postal service had to raise the rate. They were losing money on International shipments and the price increase was long overdue. If you hadn't noticed the USPS is in the RED!</Msg><Username>ebay_pays_my_bills</Username><Timestamp>1363367853436</Timestamp><DateTime>Fri, 2013-03-15 13:17:33 EDT</DateTime><ThumbUp>0</ThumbUp><ThumbDown>3</ThumbDown><Sentiment/></Message><Message type="ReplyMessage"><Id>1363368827589-26</Id><Topic><Title>will close at $54 today</Title><Username>johnparcg</Username><Timestamp>1363265821461</Timestamp><DateTime>Thu, 2013-03-14 08:57:01 EDT</DateTime></Topic><Msg>Hop you didn't bank on that :-(</Msg><Username>masterbates649</Username><Timestamp>1363368827589</Timestamp><DateTime>Fri, 2013-03-15 13:33:47 EDT</DateTime><ThumbUp>1</ThumbUp><ThumbDown>0</ThumbDown><Sentiment/></Message><Message type="ReplyMessage"><Id>1363369057496-27</Id><Topic><Title>Bullish harami candle forming</Title><Username>cybercash28</Username><Timestamp>1363270738026</Timestamp><DateTime>Thu, 2013-03-14 10:18:58 EDT</DateTime></Topic><Msg>So is your wallet if you bought into eBay.</Msg><Username>masterbates649</Username><Timestamp>1363369057496</Timestamp><DateTime>Fri, 2013-03-15 13:37:37 EDT</DateTime><ThumbUp>0</ThumbUp><ThumbDown>1</ThumbDown><Sentiment/></Message><Message type="ReplyMessage"><Id>1363369191430-28</Id><Topic><Title>EBAy</Title><Username>jman6065</Username><Timestamp>1363359053014</Timestamp><DateTime>Fri, 2013-03-15 10:50:53 EDT</DateTime></Topic><Msg>One thing I've learned after 25 years experience in the market is no pattern is predictable. You've got to roll on gut instinct. Mine tells me eBay is overvalued and we're more likely to see $40 than $60 in the near future.</Msg><Username>masterbates649</Username><Timestamp>1363369191430</Timestamp><DateTime>Fri, 2013-03-15 13:39:51 EDT</DateTime><ThumbUp>0</ThumbUp><ThumbDown>2</ThumbDown><Sentiment/></Message><Message type="ReplyMessage"><Id>1363370654432-29</Id><Topic><Title>Will EBAY Bounce? SEE OUR IN DEPTH EBAY BOUNCE REPORT !</Title><Username>bertram.palmer</Username><Timestamp>1363114202380</Timestamp><DateTime>Tue, 2013-03-12 14:50:02 EDT</DateTime></Topic><Msg>Awesome info , thanks !</Msg><Username>reese.donna</Username><Timestamp>1363370654432</Timestamp><DateTime>Fri, 2013-03-15 14:04:14 EDT</DateTime><ThumbUp>0</ThumbUp><ThumbDown>0</ThumbDown><Sentiment/></Message><Message type="ReplyMessage"><Id>1363370999852-30</Id><Topic><Title>Positive news for EBAY, check out!</Title><Username>ryanbaker26</Username><Timestamp>1363265521729</Timestamp><DateTime>Thu, 2013-03-14 08:52:01 EDT</DateTime></Topic><Msg>well prepared report!</Msg><Username>h.west16</Username><Timestamp>1363370999852</Timestamp><DateTime>Fri, 2013-03-15 14:09:59 EDT</DateTime><ThumbUp>0</ThumbUp><ThumbDown>1</ThumbDown><Sentiment/></Message><Message type="ReplyMessage"><Id>1363371758823-31</Id><Topic><Title>Positive news for EBAY, check out!</Title><Username>ryanbaker26</Username><Timestamp>1363265521729</Timestamp><DateTime>Thu, 2013-03-14 08:52:01 EDT</DateTime></Topic><Msg>how do you access this report?</Msg><Username>jldavid_48</Username><Timestamp>1363371758823</Timestamp><DateTime>Fri, 2013-03-15 14:22:38 EDT</DateTime><ThumbUp>0</ThumbUp><ThumbDown>1</ThumbDown><Sentiment/></Message><Message type="ReplyMessage"><Id>1363372021474-32</Id><Topic><Title>Positive news for EBAY, check out!</Title><Username>ryanbaker26</Username><Timestamp>1363265521729</Timestamp><DateTime>Thu, 2013-03-14 08:52:01 EDT</DateTime></Topic><Msg>Bend over and spread your cheeks wide. It's SPAM from India.</Msg><Username>masterbates649</Username><Timestamp>1363372021474</Timestamp><DateTime>Fri, 2013-03-15 14:27:01 EDT</DateTime><ThumbUp>0</ThumbUp><ThumbDown>0</ThumbDown><Sentiment/></Message><Message type="ReplyMessage"><Id>1363372910015-33</Id><Topic><Title>13 INDICATOR EBAY BUY/SELL/HOLD REPORT</Title><Username>judesanders</Username><Timestamp>1362062058012</Timestamp><DateTime>Thu, 2013-02-28 09:34:18 EST</DateTime></Topic><Msg>thank you</Msg><Username>martinsimmons948</Username><Timestamp>1363372910015</Timestamp><DateTime>Fri, 2013-03-15 14:41:50 EDT</DateTime><ThumbUp>0</ThumbUp><ThumbDown>0</ThumbDown><Sentiment/></Message><Message type="TopicMessage"><Id>1363373008572-34</Id><Title>this is ugly - YTD down</Title><Msg>that is hard to do in this market. Thank goodness for that pop yesterday.</Msg><Username>idbtc</Username><Timestamp>1363373008572</Timestamp><DateTime>Fri, 2013-03-15 14:43:28 EDT</DateTime><ThumbUp>0</ThumbUp><ThumbDown>0</ThumbDown><Sentiment/></Message><Message type="ReplyMessage"><Id>1363373597351-35</Id><Topic><Title>13 INDICATOR EBAY BUY/SELL/HOLD REPORT</Title><Username>judesanders</Username><Timestamp>1362062058012</Timestamp><DateTime>Thu, 2013-02-28 09:34:18 EST</DateTime></Topic><Msg>SPAM</Msg><Username>masterbates649</Username><Timestamp>1363373597351</Timestamp><DateTime>Fri, 2013-03-15 14:53:17 EDT</DateTime><ThumbUp>1</ThumbUp><ThumbDown>0</ThumbDown><Sentiment/></Message><Message type="ReplyMessage"><Id>1363373736847-36</Id><Topic><Title>this is ugly - YTD down</Title><Username>idbtc</Username><Timestamp>1363373008572</Timestamp><DateTime>Fri, 2013-03-15 14:43:28 EDT</DateTime></Topic><Msg>You watching? the market took that pop yesterday away, away, away... Not to mention, above average volume selling off? This dog is going down faster than Hugh Heffner on a playmate.</Msg><Username>masterbates649</Username><Timestamp>1363373736847</Timestamp><DateTime>Fri, 2013-03-15 14:55:36 EDT</DateTime><ThumbUp>0</ThumbUp><ThumbDown>0</ThumbDown><Sentiment/></Message><Message type="ReplyMessage"><Id>1363373797152-37</Id><Topic><Title>this is ugly - YTD down</Title><Username>idbtc</Username><Timestamp>1363373008572</Timestamp><DateTime>Fri, 2013-03-15 14:43:28 EDT</DateTime></Topic><Msg>Going down faster than a priest on a choirboy.</Msg><Username>masterbates649</Username><Timestamp>1363373797152</Timestamp><DateTime>Fri, 2013-03-15 14:56:37 EDT</DateTime><ThumbUp>0</ThumbUp><ThumbDown>0</ThumbDown><Sentiment/></Message><Message type="TopicMessage"><Id>1363376069069-38</Id><Title>shorts</Title><Msg>smell blood here. longs step aside for now. let the volume drop thos is going down.</Msg><Username>paraffinlamp</Username><Timestamp>1363376069069</Timestamp><DateTime>Fri, 2013-03-15 15:34:29 EDT</DateTime><ThumbUp>0</ThumbUp><ThumbDown>0</ThumbDown><Sentiment/></Message><Message type="ReplyMessage"><Id>1363376227486-39</Id><Topic><Title>Insider Advice</Title><Username>contentsmatters</Username><Timestamp>1363367005248</Timestamp><DateTime>Fri, 2013-03-15 13:03:25 EDT</DateTime></Topic><Msg>Well said insider. It's a telling clue that ebay sellers are not doing well, nor ebay in general, when they can't keep the Post Office afloat without rate increases. Only illiterates fail to notice that the only reason the Post Office is in the red is because republi-pukes are purposefully trying to destroy it by demanding that they pay forward its retirement and insurance employee packages. No other business has to do this. Just another example of the Un-American republi-pukes trying to destroy America from within. This is what they do and this is what they stand for these days.</Msg><Username>ebay_bored</Username><Timestamp>1363376227486</Timestamp><DateTime>Fri, 2013-03-15 15:37:07 EDT</DateTime><ThumbUp>1</ThumbUp><ThumbDown>1</ThumbDown><Sentiment/></Message><Message type="ReplyMessage"><Id>1363376375928-40</Id><Topic><Title>The Whole World Is Laughing At Ebay "Stock". Bring Out Your Dead... Bring Out Your Dead....</Title><Username>ebay_bored</Username><Timestamp>1363190392101</Timestamp><DateTime>Wed, 2013-03-13 11:59:52 EDT</DateTime></Topic><Msg>Yes, the Doctor Clarify Handbook easily predicted these bipolar jumps and collapses at the stock market's peak and had very sage advice for profiting in these times, as you know all too well.</Msg><Username>ebay_bored</Username><Timestamp>1363376375928</Timestamp><DateTime>Fri, 2013-03-15 15:39:35 EDT</DateTime><ThumbUp>2</ThumbUp><ThumbDown>0</ThumbDown><Sentiment/></Message><Message type="ReplyMessage"><Id>1363377040277-41</Id><Topic><Title>Will EBAY Bounce? SEE OUR IN DEPTH EBAY BOUNCE REPORT !</Title><Username>bertram.palmer</Username><Timestamp>1363114202380</Timestamp><DateTime>Tue, 2013-03-12 14:50:02 EDT</DateTime></Topic><Msg>good report</Msg><Username>d.daviesdonnell</Username><Timestamp>1363377040277</Timestamp><DateTime>Fri, 2013-03-15 15:50:40 EDT</DateTime><ThumbUp>0</ThumbUp><ThumbDown>1</ThumbDown><Sentiment/></Message><Message type="ReplyMessage"><Id>1363377161372-42</Id><Topic><Title>How's that Ebay short working out today?</Title><Username>ebay_pays_my_bills</Username><Timestamp>1363277141554</Timestamp><DateTime>Thu, 2013-03-14 12:05:41 EDT</DateTime></Topic><Msg>Wow! With a serious ID like "masterbates" and a daily spamming style we can all see you just salivating to get your tongue way up his patoot the way you clean my imposter. Pays well does it? Nice "life" for you. ROTFLMAO!!!!!!!!!!!!!!!!!! Sully</Msg><Username>sullyinmass.2012</Username><Timestamp>1363377161372</Timestamp><DateTime>Fri, 2013-03-15 15:52:41 EDT</DateTime><ThumbUp>0</ThumbUp><ThumbDown>0</ThumbDown><Sentiment/></Message><Message type="ReplyMessage"><Id>1363377280116-43</Id><Topic><Title>The Whole World Is Laughing At Ebay "Stock". Bring Out Your Dead... Bring Out Your Dead....</Title><Username>ebay_bored</Username><Timestamp>1363190392101</Timestamp><DateTime>Wed, 2013-03-13 11:59:52 EDT</DateTime></Topic><Msg>Ebay is about to cross that Rubicon of $50. ROTFLMAO!!!!!!!!!!!!!!! Sully</Msg><Username>sullyinmass.2012</Username><Timestamp>1363377280116</Timestamp><DateTime>Fri, 2013-03-15 15:54:40 EDT</DateTime><ThumbUp>1</ThumbUp><ThumbDown>0</ThumbDown><Sentiment/></Message><Message type="ReplyMessage"><Id>1363378795877-44</Id><Topic><Title>will close at $54 today</Title><Username>johnparcg</Username><Timestamp>1363265821461</Timestamp><DateTime>Thu, 2013-03-14 08:57:01 EDT</DateTime></Topic><Msg>goog thing i did not.. LOL</Msg><Username>johnparcg</Username><Timestamp>1363378795877</Timestamp><DateTime>Fri, 2013-03-15 16:19:55 EDT</DateTime><ThumbUp>0</ThumbUp><ThumbDown>0</ThumbDown><Sentiment/></Message><Message type="ReplyMessage"><Id>1363379368761-45</Id><Topic><Title>will close at $54 today</Title><Username>johnparcg</Username><Timestamp>1363265821461</Timestamp><DateTime>Thu, 2013-03-14 08:57:01 EDT</DateTime></Topic><Msg>Right. But you can bank on eBay going below $40 before the summer.</Msg><Username>masterbates649</Username><Timestamp>1363379368761</Timestamp><DateTime>Fri, 2013-03-15 16:29:28 EDT</DateTime><ThumbUp>0</ThumbUp><ThumbDown>1</ThumbDown><Sentiment/></Message><Message type="ReplyMessage"><Id>1363379650100-46</Id><Topic><Title>will close at $54 today</Title><Username>johnparcg</Username><Timestamp>1363265821461</Timestamp><DateTime>Thu, 2013-03-14 08:57:01 EDT</DateTime></Topic><Msg>this is true</Msg><Username>johnparcg</Username><Timestamp>1363379650100</Timestamp><DateTime>Fri, 2013-03-15 16:34:10 EDT</DateTime><ThumbUp>0</ThumbUp><ThumbDown>1</ThumbDown><Sentiment/></Message><Message type="ReplyMessage"><Id>1363379799319-47</Id><Topic><Title>Insider Advice</Title><Username>contentsmatters</Username><Timestamp>1363367005248</Timestamp><DateTime>Fri, 2013-03-15 13:03:25 EDT</DateTime></Topic><Msg>Are you serious? A 5oz package (let's say a CD) went from $5 to nearly $12. Whoa nellie, that's not an increase, it's highway robbery. USPS will lose out and eBay will lose out. In the meantime, USPS still isn't providing the tracking (deliver confirmation) they promised, even to Canada. My international sales are dead, down from 30% of my business. No way in heck, with refund crazy Paypal, I'll ship a $5 CD to Europe and risk losing $20+ for one item. Yeah, if a seller refunds a supposedly missing item, we eat the original postage as well as the refunded postage. A double loss. USPS's problem is their pensioners. Just like teachers, the police and fire department. Kick them to 401k like everyone else.</Msg><Username>masterbates649</Username><Timestamp>1363379799319</Timestamp><DateTime>Fri, 2013-03-15 16:36:39 EDT</DateTime><ThumbUp>0</ThumbUp><ThumbDown>1</ThumbDown><Sentiment/></Message><Message type="ReplyMessage"><Id>1363380062695-48</Id><Topic><Title>will close at $54 today</Title><Username>johnparcg</Username><Timestamp>1363265821461</Timestamp><DateTime>Thu, 2013-03-14 08:57:01 EDT</DateTime></Topic><Msg>eBay is going even lower. Just watch, $40 is coming soon.</Msg><Username>masterbates649</Username><Timestamp>1363380062695</Timestamp><DateTime>Fri, 2013-03-15 16:41:02 EDT</DateTime><ThumbUp>1</ThumbUp><ThumbDown>1</ThumbDown><Sentiment/></Message><Message type="ReplyMessage"><Id>1363385936485-49</Id><Topic><Title>Insider Advice</Title><Username>contentsmatters</Username><Timestamp>1363367005248</Timestamp><DateTime>Fri, 2013-03-15 13:03:25 EDT</DateTime></Topic><Msg>Ah the postal pension. My Mom, Dad, Grandfather &amp; Brother were all of that elite club who paid zero to SS and will get 85% of their last years wages as retirement each year until death. I agree pensions are draining the system dry.</Msg><Username>ebay_pays_my_bills</Username><Timestamp>1363385936485</Timestamp><DateTime>Fri, 2013-03-15 18:18:56 EDT</DateTime><ThumbUp>0</ThumbUp><ThumbDown>2</ThumbDown><Sentiment/></Message><Message type="ReplyMessage"><Id>1363387617346-50</Id><Topic><Title>Insider Advice</Title><Username>contentsmatters</Username><Timestamp>1363367005248</Timestamp><DateTime>Fri, 2013-03-15 13:03:25 EDT</DateTime></Topic><Msg>Of course, everyone you know has a postal pension, except YOU. No money trickled down to you. Everyone you know has a job and daughter and grand child, except YOU. Even your own husband Flyktning won't even send you any cash so I guess we all learn free speech poster child-ing daily for 12 long years does not pay any bills. I hope that helps.</Msg><Username>angel.madbezos</Username><Timestamp>1363387617346</Timestamp><DateTime>Fri, 2013-03-15 18:46:57 EDT</DateTime><ThumbUp>1</ThumbUp><ThumbDown>1</ThumbDown><Sentiment/></Message><Message type="ReplyMessage"><Id>1363388576368-51</Id><Topic><Title>Secret EBAY Info Revealed</Title><Username>calebking850</Username><Timestamp>1363270245626</Timestamp><DateTime>Thu, 2013-03-14 10:10:45 EDT</DateTime></Topic><Msg>SPAMMER !!</Msg><Username>daxwang</Username><Timestamp>1363388576368</Timestamp><DateTime>Fri, 2013-03-15 19:02:56 EDT</DateTime><ThumbUp>0</ThumbUp><ThumbDown>0</ThumbDown><Sentiment/></Message><Message type="ReplyMessage"><Id>1363392080232-52</Id><Topic><Title>13 INDICATOR EBAY BUY/SELL/HOLD REPORT</Title><Username>judesanders</Username><Timestamp>1362062058012</Timestamp><DateTime>Thu, 2013-02-28 09:34:18 EST</DateTime></Topic><Msg>helpful report, thanks!</Msg><Username>shawn.rivera</Username><Timestamp>1363392080232</Timestamp><DateTime>Fri, 2013-03-15 20:01:20 EDT</DateTime><ThumbUp>0</ThumbUp><ThumbDown>0</ThumbDown><Sentiment/></Message><Message type="ReplyMessage"><Id>1363393416524-53</Id><Topic><Title>Will EBAY Bounce? SEE OUR IN DEPTH EBAY BOUNCE REPORT !</Title><Username>bertram.palmer</Username><Timestamp>1363114202380</Timestamp><DateTime>Tue, 2013-03-12 14:50:02 EDT</DateTime></Topic><Msg>Thanks !</Msg><Username>felix.acker</Username><Timestamp>1363393416524</Timestamp><DateTime>Fri, 2013-03-15 20:23:36 EDT</DateTime><ThumbUp>0</ThumbUp><ThumbDown>1</ThumbDown><Sentiment/></Message><Message type="TopicMessage"><Id>1363395348439-54</Id><Title>There's No Reason We Can't Go To $150.00</Title><Msg>In My Opinion.</Msg><Username>hotmanforahotwoman</Username><Timestamp>1363395348439</Timestamp><DateTime>Fri, 2013-03-15 20:55:48 EDT</DateTime><ThumbUp>3</ThumbUp><ThumbDown>3</ThumbDown><Sentiment>Strong Buy</Sentiment></Message></Date>