<?xml version="1.0" encoding="UTF-8" standalone="no"?><Date date="2013-02-11"><Message type="ReplyMessage"><Id>1360563620298-1</Id><Topic><Title>International Shipping up 40-50%</Title><Username>contentsmatters</Username><Timestamp>1359477949254</Timestamp><DateTime>Tue, 2013-01-29 11:45:49 EST</DateTime></Topic><Msg>The biggest cost of shipping for airlines and shipping companies is the fuel cost or gas. fuel prices is 30-50% more than 2007. and sellers just passing the cost to buyers or they lose money. USPS been hedging fuel prices but the hedge is off. to make money selling on ebay or amazon, you need volume and volume if below breakeven they close down or shut down. you can only operate a business for so long and keep losing money before the cash runs dry. you have sellers on amazon selling stuff that are like 50% more in price gaps.</Msg><Username>freemarketcapitalc</Username><Timestamp>1360563620298</Timestamp><DateTime>Mon, 2013-02-11 01:20:20 EST</DateTime><ThumbUp>0</ThumbUp><ThumbDown>0</ThumbDown><Sentiment/></Message><Message type="ReplyMessage"><Id>1360563759145-2</Id><Topic><Title>International Shipping up 40-50%</Title><Username>contentsmatters</Username><Timestamp>1359477949254</Timestamp><DateTime>Tue, 2013-01-29 11:45:49 EST</DateTime></Topic><Msg>Also increase cost of customs and paperwork if stuff is shipped out from US sellers like taxes, customs and returns. US sellers would rather sell to US buyer at lower price if they can than ship it.</Msg><Username>freemarketcapitalc</Username><Timestamp>1360563759145</Timestamp><DateTime>Mon, 2013-02-11 01:22:39 EST</DateTime><ThumbUp>0</ThumbUp><ThumbDown>0</ThumbDown><Sentiment/></Message><Message type="ReplyMessage"><Id>1360563843188-3</Id><Topic><Title>International Shipping up 40-50%</Title><Username>contentsmatters</Username><Timestamp>1359477949254</Timestamp><DateTime>Tue, 2013-01-29 11:45:49 EST</DateTime></Topic><Msg>ebay most profitable business is paypal fees...or banking fee. after paying all the fees a seller pays like 10% in fees.</Msg><Username>freemarketcapitalc</Username><Timestamp>1360563843188</Timestamp><DateTime>Mon, 2013-02-11 01:24:03 EST</DateTime><ThumbUp>0</ThumbUp><ThumbDown>0</ThumbDown><Sentiment/></Message><Message type="ReplyMessage"><Id>1360563944119-4</Id><Topic><Title>International Shipping up 40-50%</Title><Username>contentsmatters</Username><Timestamp>1359477949254</Timestamp><DateTime>Tue, 2013-01-29 11:45:49 EST</DateTime></Topic><Msg>I'm surprise the banks haven't gotten their own paypal service..paypal doesn't have any competition. that is why it charges so much in fees.</Msg><Username>freemarketcapitalc</Username><Timestamp>1360563944119</Timestamp><DateTime>Mon, 2013-02-11 01:25:44 EST</DateTime><ThumbUp>0</ThumbUp><ThumbDown>0</ThumbDown><Sentiment/></Message><Message type="ReplyMessage"><Id>1360563989962-5</Id><Topic><Title>International Shipping up 40-50%</Title><Username>contentsmatters</Username><Timestamp>1359477949254</Timestamp><DateTime>Tue, 2013-01-29 11:45:49 EST</DateTime></Topic><Msg>paypal fees IMO are a ripoff man..paying that much money for the convenience, paypal doesn't even handle the money.</Msg><Username>freemarketcapitalc</Username><Timestamp>1360563989962</Timestamp><DateTime>Mon, 2013-02-11 01:26:29 EST</DateTime><ThumbUp>0</ThumbUp><ThumbDown>0</ThumbDown><Sentiment/></Message><Message type="ReplyMessage"><Id>1360564113182-6</Id><Topic><Title>International Shipping up 40-50%</Title><Username>contentsmatters</Username><Timestamp>1359477949254</Timestamp><DateTime>Tue, 2013-01-29 11:45:49 EST</DateTime></Topic><Msg>it cost too much in shipping cross border,, customs inspection fees etc for contra -bands that is the reason it cost more money...border gaurds are inspecting shipments for drugs, guns and other contra-bands. shipped out of the US more paperwork and cost. when custom gaurds get paid $30/hour</Msg><Username>freemarketcapitalc</Username><Timestamp>1360564113182</Timestamp><DateTime>Mon, 2013-02-11 01:28:33 EST</DateTime><ThumbUp>0</ThumbUp><ThumbDown>0</ThumbDown><Sentiment/></Message><Message type="ReplyMessage"><Id>1360564152754-7</Id><Topic><Title>International Shipping up 40-50%</Title><Username>contentsmatters</Username><Timestamp>1359477949254</Timestamp><DateTime>Tue, 2013-01-29 11:45:49 EST</DateTime></Topic><Msg>even shipping across the country is way too expensive.</Msg><Username>freemarketcapitalc</Username><Timestamp>1360564152754</Timestamp><DateTime>Mon, 2013-02-11 01:29:12 EST</DateTime><ThumbUp>0</ThumbUp><ThumbDown>0</ThumbDown><Sentiment/></Message><Message type="ReplyMessage"><Id>1360590499012-8</Id><Topic><Title>Do You Think EBAY is a BUY?</Title><Username>krajnakvickie</Username><Timestamp>1359993585858</Timestamp><DateTime>Mon, 2013-02-04 10:59:45 EST</DateTime></Topic><Msg>Fantastic. I will check it out.</Msg><Username>robinowalexandria</Username><Timestamp>1360590499012</Timestamp><DateTime>Mon, 2013-02-11 08:48:19 EST</DateTime><ThumbUp>1</ThumbUp><ThumbDown>0</ThumbDown><Sentiment>Strong Buy</Sentiment></Message><Message type="ReplyMessage"><Id>1360596972833-9</Id><Topic><Title>eBay Inc I SEEN A BOTTOM</Title><Username>clarepascalomtyqjuu3972</Username><Timestamp>1308754028000</Timestamp><DateTime>Wed, 2011-06-22 10:47:08 EDT</DateTime></Topic><Msg>Got it. Good job man!</Msg><Username>ameliajoshep</Username><Timestamp>1360596972833</Timestamp><DateTime>Mon, 2013-02-11 10:36:12 EST</DateTime><ThumbUp>0</ThumbUp><ThumbDown>0</ThumbDown><Sentiment/></Message><Message type="ReplyMessage"><Id>1360609933146-10</Id><Topic><Title>Do You Think EBAY is a BUY?</Title><Username>krajnakvickie</Username><Timestamp>1359993585858</Timestamp><DateTime>Mon, 2013-02-04 10:59:45 EST</DateTime></Topic><Msg>I just joined.</Msg><Username>orzakatracey</Username><Timestamp>1360609933146</Timestamp><DateTime>Mon, 2013-02-11 14:12:13 EST</DateTime><ThumbUp>0</ThumbUp><ThumbDown>0</ThumbDown><Sentiment>Hold</Sentiment></Message><Message type="ReplyMessage"><Id>1360622827892-11</Id><Topic><Title>Do You Think EBAY is a BUY?</Title><Username>krajnakvickie</Username><Timestamp>1359993585858</Timestamp><DateTime>Mon, 2013-02-04 10:59:45 EST</DateTime></Topic><Msg>Fantastic. I will check it out.</Msg><Username>midshipsleigh</Username><Timestamp>1360622827892</Timestamp><DateTime>Mon, 2013-02-11 17:47:07 EST</DateTime><ThumbUp>0</ThumbUp><ThumbDown>0</ThumbDown><Sentiment>Buy</Sentiment></Message></Date>