<?xml version="1.0" encoding="UTF-8" standalone="no"?><Date date="2013-06-07"><Message type="TopicMessage"><Id>1370609847669-1</Id><Title>MISM looks ready to take off. Check it out</Title><Msg>Looks like MISM is about to take off. With all of the recent developments I am going to start accumulating some MISM</Msg><Username>gfry679</Username><Timestamp>1370609847669</Timestamp><DateTime>Fri, 2013-06-07 08:57:27 EDT</DateTime><ThumbUp>4</ThumbUp><ThumbDown>4</ThumbDown><Sentiment/></Message><Message type="TopicMessage"><Id>1370629285609-2</Id><Title>eBay's Up Today</Title><Msg>eBay's up 9 cents a share today. Front and center, John Osborne and pumpers. Like the organ grinder's monkey, dance, dance for those pennies in your cup.</Msg><Username>masterbates649</Username><Timestamp>1370629285609</Timestamp><DateTime>Fri, 2013-06-07 14:21:25 EDT</DateTime><ThumbUp>3</ThumbUp><ThumbDown>8</ThumbDown><Sentiment/></Message><Message type="ReplyMessage"><Id>1370629537312-3</Id><Topic><Title>eBay's Up Today</Title><Username>masterbates649</Username><Timestamp>1370629285609</Timestamp><DateTime>Fri, 2013-06-07 14:21:25 EDT</DateTime></Topic><Msg>John Donahoe's playing the hurdy-gurdy in the house of mirrors. Oh, no, spoke too soon, eBay's in the red again.</Msg><Username>masterbates649</Username><Timestamp>1370629537312</Timestamp><DateTime>Fri, 2013-06-07 14:25:37 EDT</DateTime><ThumbUp>2</ThumbUp><ThumbDown>7</ThumbDown><Sentiment/></Message><Message type="TopicMessage"><Id>1370650149137-4</Id><Title>This is why Google is going to buy Ebay/Paypal!</Title><Msg>The digital-wallet business is rough — just ask Google by Lauren Hockenson 2 HOURS AGO No Comments SUMMARY: Pouring money into Google Wallet is getting Google nowhere. Slow adoption, reluctant phone carriers and lack of enthusiasm for NFC are weighing heavy on the mobile payments trend, and something’s got to give. tweet this Today, a report from Businessweek showed the cracks in one of Google’s most spirited and cutting-edge products. Google Wallet, it seems, is a “money pit.” The team is now forced to make tough decisions about how to move forward with the product, potentially scrapping projects designed to encourage digital wallet adoption. It’s been a rough few years for the digital wallet space in general. Smaller companies like Dwolla and LevelUp have a hard time reaching out to educate their audience and expand their consumer base, according to a study by ComScore. PayPal, with the most name recognition out of all, has investors unsure of success in the onsite payments business according to Mercury News. Even buzzy payments provider Square, boasting of processing mobile transactions upwards of $8 billion per year, has only 3 million Square Wallet users as of last year, according to CNET. But perhaps no company has felt the squeeze quite like Google. The search giant has already sunk $300 million into acquisitions to supercharge the technology and edge ahead of competitors, but the reaction to the service has been lukewarm at best. Wallet has been downloaded from Google Play fewer than 10 million times in the last two years, which means it is dwarfed by an order of magnitude by Google’s other offerings — even the recently released Hangouts app. Even those who download digital wallet apps like Google Wallet use them sparingly: Only $500 million in transactions went through U.S. stores and services via mobile payments in 2012, and roughly $12.8 billion worldwide. A lot of the trouble with digital wallets has to do with inconsistency among</Msg><Username>jessten1</Username><Timestamp>1370650149137</Timestamp><DateTime>Fri, 2013-06-07 20:09:09 EDT</DateTime><ThumbUp>0</ThumbUp><ThumbDown>1</ThumbDown><Sentiment/></Message></Date>