<?xml version="1.0" encoding="UTF-8" standalone="no"?><Date date="2013-02-14"><Message type="ReplyMessage"><Id>1360854841523-1</Id><Topic><Title>Excellent Read Long</Title><Username>d.meaghanfitzgerald</Username><Timestamp>1329659937000</Timestamp><DateTime>Sun, 2012-02-19 08:58:57 EST</DateTime></Topic><Msg>Terrific service</Msg><Username>nancyrobert76</Username><Timestamp>1360854841523</Timestamp><DateTime>Thu, 2013-02-14 10:14:01 EST</DateTime><ThumbUp>0</ThumbUp><ThumbDown>0</ThumbDown><Sentiment/></Message><Message type="ReplyMessage"><Id>1360857176349-2</Id><Topic><Title>Excellent Read Long</Title><Username>d.meaghanfitzgerald</Username><Timestamp>1329659937000</Timestamp><DateTime>Sun, 2012-02-19 08:58:57 EST</DateTime></Topic><Msg>SPAM SPAM SPAM</Msg><Username>killspam13</Username><Timestamp>1360857176349</Timestamp><DateTime>Thu, 2013-02-14 10:52:56 EST</DateTime><ThumbUp>1</ThumbUp><ThumbDown>0</ThumbDown><Sentiment/></Message><Message type="ReplyMessage"><Id>1360862039077-3</Id><Topic><Title>new closing high?</Title><Username>riskreversal777</Username><Timestamp>1360702720588</Timestamp><DateTime>Tue, 2013-02-12 15:58:40 EST</DateTime></Topic><Msg>Ebay will hit $58 next week.</Msg><Username>acman40930</Username><Timestamp>1360862039077</Timestamp><DateTime>Thu, 2013-02-14 12:13:59 EST</DateTime><ThumbUp>0</ThumbUp><ThumbDown>0</ThumbDown><Sentiment>Strong Buy</Sentiment></Message><Message type="ReplyMessage"><Id>1360867597814-4</Id><Topic><Title>I Am Loving The Board I Completely Own But A Dead Board Conversationally, With Most Spam Pumpers And "Investors" With Ebay At $56 to $57 Range Totally Proves This Stock Is A Sham.</Title><Username>sullyinmass.2012</Username><Timestamp>1360717404044</Timestamp><DateTime>Tue, 2013-02-12 20:03:24 EST</DateTime></Topic><Msg>What are you trying to say? You completely own a dead board! Conversationally speaking......The Doc would of chimed in to your post. I miss him already!</Msg><Username>gewizmeto</Username><Timestamp>1360867597814</Timestamp><DateTime>Thu, 2013-02-14 13:46:37 EST</DateTime><ThumbUp>0</ThumbUp><ThumbDown>0</ThumbDown><Sentiment/></Message><Message type="ReplyMessage"><Id>1360874492690-5</Id><Topic><Title>INTERACTIVE CHART: eBay Inc. (EBAY)</Title><Username>kjennetegnesann</Username><Timestamp>1360862503454</Timestamp><DateTime>Thu, 2013-02-14 12:21:43 EST</DateTime></Topic><Msg>I got it. It's awesome.</Msg><Username>rapture1marie</Username><Timestamp>1360874492690</Timestamp><DateTime>Thu, 2013-02-14 15:41:32 EST</DateTime><ThumbUp>0</ThumbUp><ThumbDown>1</ThumbDown><Sentiment>Strong Sell</Sentiment></Message><Message type="ReplyMessage"><Id>1360874986904-6</Id><Topic><Title>EBAY Upgraded to STRONG BUY (EXCLUSIVE REPORT)</Title><Username>francismuldoon</Username><Timestamp>1360873275155</Timestamp><DateTime>Thu, 2013-02-14 15:21:15 EST</DateTime></Topic><Msg>Amazing info!</Msg><Username>randy_kendrick</Username><Timestamp>1360874986904</Timestamp><DateTime>Thu, 2013-02-14 15:49:46 EST</DateTime><ThumbUp>0</ThumbUp><ThumbDown>0</ThumbDown><Sentiment/></Message><Message type="ReplyMessage"><Id>1360885775595-7</Id><Topic><Title>OMG! Dorner went to Cypress High School</Title><Username>johns_joint</Username><Timestamp>1360773547545</Timestamp><DateTime>Wed, 2013-02-13 11:39:07 EST</DateTime></Topic><Msg>It's in your water my free speech poster child and 12 year long daily board troll. When does your trailer go up on flames? I have counted beans that need well roasted.</Msg><Username>flyktning_altoids</Username><Timestamp>1360885775595</Timestamp><DateTime>Thu, 2013-02-14 18:49:35 EST</DateTime><ThumbUp>0</ThumbUp><ThumbDown>0</ThumbDown><Sentiment/></Message></Date>