<?xml version="1.0" encoding="UTF-8" standalone="no"?><Date date="2013-03-19"><Message type="ReplyMessage"><Id>1363688774384-1</Id><Topic><Title>A company with such facts is extreme undervalued: with only 35 million like today</Title><Username>flankenking</Username><Timestamp>1363599284238</Timestamp><DateTime>Mon, 2013-03-18 05:34:44 EDT</DateTime></Topic><Msg>Local Corp is THE pioneer in local technology • Proprietary platform and know-how »Real time business, product and services data integration »Large scale local/commercial content production and syndication »Very large scale CPC ad-serving and distribution »Web indexing and local search relevance »Very large scale SEO, SEM campaign expertise »Local display ad production and syndication »Web hosting and local/commercial domain name acquisition •12 patents issued, 8 pending »Key patents –Local web indexing (for indexing local web sites across the web) –Pay per call for local and commercial searches via a mobile device (multiple patents) •The billion dollar industry question: How do we monetize mobile? –Dynamic cascading menu search (for product search on tablets and smart phones) –Bulk domain registration and content management (for very large scale SEO)</Msg><Username>flankenking</Username><Timestamp>1363688774384</Timestamp><DateTime>Tue, 2013-03-19 06:26:14 EDT</DateTime><ThumbUp>0</ThumbUp><ThumbDown>0</ThumbDown><Sentiment/></Message><Message type="TopicMessage"><Id>1363690702470-2</Id><Title>Upgraded to buy by "Cantor Fitzerald"</Title><Msg>Upgraded to buy by "Cantor Fitzerald"</Msg><Username>venkatr.nukala</Username><Timestamp>1363690702470</Timestamp><DateTime>Tue, 2013-03-19 06:58:22 EDT</DateTime><ThumbUp>1</ThumbUp><ThumbDown>0</ThumbDown><Sentiment/></Message><Message type="ReplyMessage"><Id>1363693716584-3</Id><Topic><Title>Upgraded to buy by "Cantor Fitzerald"</Title><Username>venkatr.nukala</Username><Timestamp>1363690702470</Timestamp><DateTime>Tue, 2013-03-19 06:58:22 EDT</DateTime></Topic><Msg>That's the last thing you want as an EBAY long .... At this juncture: This upgrade is almost tantamount to: "Hey come buddy come, come here ... we don't have enough natural buyers ... please buy this off my hands please ... take-away this hot potato. Market is already overbought and this thing has been cratering! Please come ... pleeeaase"! LoL! :-)</Msg><Username>n59218</Username><Timestamp>1363693716584</Timestamp><DateTime>Tue, 2013-03-19 07:48:36 EDT</DateTime><ThumbUp>0</ThumbUp><ThumbDown>1</ThumbDown><Sentiment/></Message><Message type="ReplyMessage"><Id>1363702810066-4</Id><Topic><Title>Do You Think EBAY is a BUY, SELL, or HOLD?</Title><Username>schouderophalenclara</Username><Timestamp>1361803235084</Timestamp><DateTime>Mon, 2013-02-25 09:40:35 EST</DateTime></Topic><Msg>I just subscribed. I am hoping for the best.</Msg><Username>routxfelicia</Username><Timestamp>1363702810066</Timestamp><DateTime>Tue, 2013-03-19 10:20:10 EDT</DateTime><ThumbUp>0</ThumbUp><ThumbDown>0</ThumbDown><Sentiment>Strong Buy</Sentiment></Message><Message type="ReplyMessage"><Id>1363703368136-5</Id><Topic><Title>13 INDICATOR EBAY BUY/SELL/HOLD REPORT</Title><Username>judesanders</Username><Timestamp>1362062058012</Timestamp><DateTime>Thu, 2013-02-28 09:34:18 EST</DateTime></Topic><Msg>nice report</Msg><Username>realerichard</Username><Timestamp>1363703368136</Timestamp><DateTime>Tue, 2013-03-19 10:29:28 EDT</DateTime><ThumbUp>0</ThumbUp><ThumbDown>0</ThumbDown><Sentiment/></Message><Message type="ReplyMessage"><Id>1363703801163-6</Id><Topic><Title>Positive news for EBAY, check out!</Title><Username>ryanbaker26</Username><Timestamp>1363265521729</Timestamp><DateTime>Thu, 2013-03-14 08:52:01 EDT</DateTime></Topic><Msg>wow, great news!</Msg><Username>macwalker55</Username><Timestamp>1363703801163</Timestamp><DateTime>Tue, 2013-03-19 10:36:41 EDT</DateTime><ThumbUp>0</ThumbUp><ThumbDown>0</ThumbDown><Sentiment/></Message><Message type="ReplyMessage"><Id>1363707308724-7</Id><Topic><Title>Secret EBAY Info Revealed</Title><Username>calebking850</Username><Timestamp>1363270245626</Timestamp><DateTime>Thu, 2013-03-14 10:10:45 EDT</DateTime></Topic><Msg>awesome news</Msg><Username>matthewthomas115</Username><Timestamp>1363707308724</Timestamp><DateTime>Tue, 2013-03-19 11:35:08 EDT</DateTime><ThumbUp>0</ThumbUp><ThumbDown>0</ThumbDown><Sentiment/></Message><Message type="ReplyMessage"><Id>1363708276417-8</Id><Topic><Title>Positive news for EBAY, check out!</Title><Username>ryanbaker26</Username><Timestamp>1363265521729</Timestamp><DateTime>Thu, 2013-03-14 08:52:01 EDT</DateTime></Topic><Msg>still strong report!</Msg><Username>jim_mgan</Username><Timestamp>1363708276417</Timestamp><DateTime>Tue, 2013-03-19 11:51:16 EDT</DateTime><ThumbUp>0</ThumbUp><ThumbDown>0</ThumbDown><Sentiment/></Message><Message type="ReplyMessage"><Id>1363709139768-9</Id><Topic><Title>Will EBAY Bounce? SEE OUR IN DEPTH EBAY BOUNCE REPORT !</Title><Username>bertram.palmer</Username><Timestamp>1363114202380</Timestamp><DateTime>Tue, 2013-03-12 14:50:02 EDT</DateTime></Topic><Msg>great job</Msg><Username>parish_charlotte</Username><Timestamp>1363709139768</Timestamp><DateTime>Tue, 2013-03-19 12:05:39 EDT</DateTime><ThumbUp>0</ThumbUp><ThumbDown>0</ThumbDown><Sentiment/></Message><Message type="ReplyMessage"><Id>1363709194813-10</Id><Topic><Title>EBAY Bounce Report !!</Title><Username>gosselinwillie</Username><Timestamp>1363629476162</Timestamp><DateTime>Mon, 2013-03-18 13:57:56 EDT</DateTime></Topic><Msg>Good report :)</Msg><Username>bermudez.dexter</Username><Timestamp>1363709194813</Timestamp><DateTime>Tue, 2013-03-19 12:06:34 EDT</DateTime><ThumbUp>0</ThumbUp><ThumbDown>1</ThumbDown><Sentiment/></Message><Message type="ReplyMessage"><Id>1363709552513-11</Id><Topic><Title>Will EBAY Bounce? SEE OUR IN DEPTH EBAY BOUNCE REPORT !</Title><Username>bertram.palmer</Username><Timestamp>1363114202380</Timestamp><DateTime>Tue, 2013-03-12 14:50:02 EDT</DateTime></Topic><Msg>Good report :)</Msg><Username>bermudez.dexter</Username><Timestamp>1363709552513</Timestamp><DateTime>Tue, 2013-03-19 12:12:32 EDT</DateTime><ThumbUp>0</ThumbUp><ThumbDown>0</ThumbDown><Sentiment/></Message><Message type="ReplyMessage"><Id>1363709571279-12</Id><Topic><Title>Positive news for EBAY, check out!</Title><Username>ryanbaker26</Username><Timestamp>1363265521729</Timestamp><DateTime>Thu, 2013-03-14 08:52:01 EDT</DateTime></Topic><Msg>wow, great news!</Msg><Username>bcollins_72</Username><Timestamp>1363709571279</Timestamp><DateTime>Tue, 2013-03-19 12:12:51 EDT</DateTime><ThumbUp>0</ThumbUp><ThumbDown>0</ThumbDown><Sentiment/></Message><Message type="ReplyMessage"><Id>1363709829618-13</Id><Topic><Title>13 INDICATOR EBAY BUY/SELL/HOLD REPORT</Title><Username>judesanders</Username><Timestamp>1362062058012</Timestamp><DateTime>Thu, 2013-02-28 09:34:18 EST</DateTime></Topic><Msg>very detailed update</Msg><Username>stiles.joseph</Username><Timestamp>1363709829618</Timestamp><DateTime>Tue, 2013-03-19 12:17:09 EDT</DateTime><ThumbUp>0</ThumbUp><ThumbDown>0</ThumbDown><Sentiment/></Message><Message type="ReplyMessage"><Id>1363709972881-14</Id><Topic><Title>EBAY Bounce Report !!</Title><Username>gosselinwillie</Username><Timestamp>1363629476162</Timestamp><DateTime>Mon, 2013-03-18 13:57:56 EDT</DateTime></Topic><Msg>great job</Msg><Username>parish_charlotte</Username><Timestamp>1363709972881</Timestamp><DateTime>Tue, 2013-03-19 12:19:32 EDT</DateTime><ThumbUp>0</ThumbUp><ThumbDown>1</ThumbDown><Sentiment/></Message><Message type="ReplyMessage"><Id>1363714099119-15</Id><Topic><Title>EBAY Bounce Report !!</Title><Username>gosselinwillie</Username><Timestamp>1363629476162</Timestamp><DateTime>Mon, 2013-03-18 13:57:56 EDT</DateTime></Topic><Msg>thanks. Great report</Msg><Username>coopernancy789</Username><Timestamp>1363714099119</Timestamp><DateTime>Tue, 2013-03-19 13:28:19 EDT</DateTime><ThumbUp>0</ThumbUp><ThumbDown>1</ThumbDown><Sentiment/></Message><Message type="TopicMessage"><Id>1363714244981-16</Id><Title>EBAY RAISING FEES AGAIN UNDER GUISE OF LOWERING THEM</Title><Msg>I'm sure most have seen the news that eBay is overhauling their fee structure to be more competitive with Amazon and because merchants are complaining. THIS IS A COMPLETE LIE. ONCE AGAIN EBAY IS RAISING FEES, NOT LOWERING THEM. As a merchant with 2000 items and a premium store, I currently pay : $49.95 store fees plus .05 per listing ($100) = $149.95 in LISTING FEES (before I even sell an item) Under the new plan, I'll be paying : $59.95 store fees with 500 free listings, .10 per listing afterwards (1500x.10=$150) for a total of $209.95 LISTING fees before I even sell an item) Amazon charges $0 fees for listing as many items as you want. $39 a month if you want a premium account so you can create listing pages.</Msg><Username>masterbates649</Username><Timestamp>1363714244981</Timestamp><DateTime>Tue, 2013-03-19 13:30:44 EDT</DateTime><ThumbUp>12</ThumbUp><ThumbDown>3</ThumbDown><Sentiment/></Message><Message type="ReplyMessage"><Id>1363714594834-17</Id><Topic><Title>Will EBAY Bounce? SEE OUR IN DEPTH EBAY BOUNCE REPORT !</Title><Username>bertram.palmer</Username><Timestamp>1363114202380</Timestamp><DateTime>Tue, 2013-03-12 14:50:02 EDT</DateTime></Topic><Msg>thanks. Great report</Msg><Username>coopernancy789</Username><Timestamp>1363714594834</Timestamp><DateTime>Tue, 2013-03-19 13:36:34 EDT</DateTime><ThumbUp>0</ThumbUp><ThumbDown>0</ThumbDown><Sentiment/></Message><Message type="ReplyMessage"><Id>1363714667418-18</Id><Topic><Title>Secret EBAY Info Revealed</Title><Username>calebking850</Username><Timestamp>1363270245626</Timestamp><DateTime>Thu, 2013-03-14 10:10:45 EDT</DateTime></Topic><Msg>awesome informations</Msg><Username>logangreen580</Username><Timestamp>1363714667418</Timestamp><DateTime>Tue, 2013-03-19 13:37:47 EDT</DateTime><ThumbUp>0</ThumbUp><ThumbDown>0</ThumbDown><Sentiment/></Message><Message type="ReplyMessage"><Id>1363714784784-19</Id><Topic><Title>Do You Think EBAY is a BUY, SELL, or HOLD?</Title><Username>schouderophalenclara</Username><Timestamp>1361803235084</Timestamp><DateTime>Mon, 2013-02-25 09:40:35 EST</DateTime></Topic><Msg>Keep them coming.</Msg><Username>lecaniidbianca</Username><Timestamp>1363714784784</Timestamp><DateTime>Tue, 2013-03-19 13:39:44 EDT</DateTime><ThumbUp>0</ThumbUp><ThumbDown>0</ThumbDown><Sentiment>Strong Buy</Sentiment></Message><Message type="ReplyMessage"><Id>1363716319041-20</Id><Topic><Title>EBAY Bounce Report !!</Title><Username>gosselinwillie</Username><Timestamp>1363629476162</Timestamp><DateTime>Mon, 2013-03-18 13:57:56 EDT</DateTime></Topic><Msg>Great report !!</Msg><Username>ronda_skinner</Username><Timestamp>1363716319041</Timestamp><DateTime>Tue, 2013-03-19 14:05:19 EDT</DateTime><ThumbUp>0</ThumbUp><ThumbDown>2</ThumbDown><Sentiment/></Message><Message type="ReplyMessage"><Id>1363716623257-21</Id><Topic><Title>Will EBAY Bounce? SEE OUR IN DEPTH EBAY BOUNCE REPORT !</Title><Username>bertram.palmer</Username><Timestamp>1363114202380</Timestamp><DateTime>Tue, 2013-03-12 14:50:02 EDT</DateTime></Topic><Msg>Great report !!</Msg><Username>ronda_skinner</Username><Timestamp>1363716623257</Timestamp><DateTime>Tue, 2013-03-19 14:10:23 EDT</DateTime><ThumbUp>0</ThumbUp><ThumbDown>0</ThumbDown><Sentiment/></Message><Message type="ReplyMessage"><Id>1363719283591-22</Id><Topic><Title>Positive news for EBAY, check out!</Title><Username>ryanbaker26</Username><Timestamp>1363265521729</Timestamp><DateTime>Thu, 2013-03-14 08:52:01 EDT</DateTime></Topic><Msg>interesting! wish them luck</Msg><Username>jo_walker22</Username><Timestamp>1363719283591</Timestamp><DateTime>Tue, 2013-03-19 14:54:43 EDT</DateTime><ThumbUp>0</ThumbUp><ThumbDown>0</ThumbDown><Sentiment/></Message><Message type="ReplyMessage"><Id>1363720480594-23</Id><Topic><Title>EBAY Bounce Report !!</Title><Username>gosselinwillie</Username><Timestamp>1363629476162</Timestamp><DateTime>Mon, 2013-03-18 13:57:56 EDT</DateTime></Topic><Msg>Thanks !</Msg><Username>wilkerson_carolyn</Username><Timestamp>1363720480594</Timestamp><DateTime>Tue, 2013-03-19 15:14:40 EDT</DateTime><ThumbUp>0</ThumbUp><ThumbDown>2</ThumbDown><Sentiment/></Message><Message type="ReplyMessage"><Id>1363720784033-24</Id><Topic><Title>Will EBAY Bounce? SEE OUR IN DEPTH EBAY BOUNCE REPORT !</Title><Username>bertram.palmer</Username><Timestamp>1363114202380</Timestamp><DateTime>Tue, 2013-03-12 14:50:02 EDT</DateTime></Topic><Msg>Thanks !</Msg><Username>wilkerson_carolyn</Username><Timestamp>1363720784033</Timestamp><DateTime>Tue, 2013-03-19 15:19:44 EDT</DateTime><ThumbUp>0</ThumbUp><ThumbDown>0</ThumbDown><Sentiment/></Message><Message type="TopicMessage"><Id>1363721345855-25</Id><Title>Add on dips</Title><Msg>Bottom is in..</Msg><Username>cybercash28</Username><Timestamp>1363721345855</Timestamp><DateTime>Tue, 2013-03-19 15:29:05 EDT</DateTime><ThumbUp>1</ThumbUp><ThumbDown>1</ThumbDown><Sentiment/></Message><Message type="ReplyMessage"><Id>1363723692295-26</Id><Topic><Title>EBAY Bounce Report !!</Title><Username>gosselinwillie</Username><Timestamp>1363629476162</Timestamp><DateTime>Mon, 2013-03-18 13:57:56 EDT</DateTime></Topic><Msg>Great one.</Msg><Username>bernice_abbott</Username><Timestamp>1363723692295</Timestamp><DateTime>Tue, 2013-03-19 16:08:12 EDT</DateTime><ThumbUp>0</ThumbUp><ThumbDown>2</ThumbDown><Sentiment/></Message><Message type="ReplyMessage"><Id>1363723952893-27</Id><Topic><Title>Will EBAY Bounce? SEE OUR IN DEPTH EBAY BOUNCE REPORT !</Title><Username>bertram.palmer</Username><Timestamp>1363114202380</Timestamp><DateTime>Tue, 2013-03-12 14:50:02 EDT</DateTime></Topic><Msg>Great one.</Msg><Username>bernice_abbott</Username><Timestamp>1363723952893</Timestamp><DateTime>Tue, 2013-03-19 16:12:32 EDT</DateTime><ThumbUp>0</ThumbUp><ThumbDown>0</ThumbDown><Sentiment/></Message><Message type="ReplyMessage"><Id>1363724832601-28</Id><Topic><Title>Secret EBAY Info Revealed</Title><Username>calebking850</Username><Timestamp>1363270245626</Timestamp><DateTime>Thu, 2013-03-14 10:10:45 EDT</DateTime></Topic><Msg>good news</Msg><Username>tomallen906</Username><Timestamp>1363724832601</Timestamp><DateTime>Tue, 2013-03-19 16:27:12 EDT</DateTime><ThumbUp>0</ThumbUp><ThumbDown>0</ThumbDown><Sentiment/></Message><Message type="ReplyMessage"><Id>1363728759346-29</Id><Topic><Title>EBAY Bounce Report !!</Title><Username>gosselinwillie</Username><Timestamp>1363629476162</Timestamp><DateTime>Mon, 2013-03-18 13:57:56 EDT</DateTime></Topic><Msg>good report, thanks!</Msg><Username>laneralph817</Username><Timestamp>1363728759346</Timestamp><DateTime>Tue, 2013-03-19 17:32:39 EDT</DateTime><ThumbUp>0</ThumbUp><ThumbDown>2</ThumbDown><Sentiment/></Message><Message type="ReplyMessage"><Id>1363728953103-30</Id><Topic><Title>Will EBAY Bounce? SEE OUR IN DEPTH EBAY BOUNCE REPORT !</Title><Username>bertram.palmer</Username><Timestamp>1363114202380</Timestamp><DateTime>Tue, 2013-03-12 14:50:02 EDT</DateTime></Topic><Msg>good report, thanks!</Msg><Username>laneralph817</Username><Timestamp>1363728953103</Timestamp><DateTime>Tue, 2013-03-19 17:35:53 EDT</DateTime><ThumbUp>0</ThumbUp><ThumbDown>0</ThumbDown><Sentiment/></Message><Message type="ReplyMessage"><Id>1363729499532-31</Id><Topic><Title>Positive news for EBAY, check out!</Title><Username>ryanbaker26</Username><Timestamp>1363265521729</Timestamp><DateTime>Thu, 2013-03-14 08:52:01 EDT</DateTime></Topic><Msg>well prepared report!</Msg><Username>fclarkk4</Username><Timestamp>1363729499532</Timestamp><DateTime>Tue, 2013-03-19 17:44:59 EDT</DateTime><ThumbUp>0</ThumbUp><ThumbDown>0</ThumbDown><Sentiment/></Message><Message type="ReplyMessage"><Id>1363733278673-32</Id><Topic><Title>Time to sell</Title><Username>gewizmeto</Username><Timestamp>1363643936679</Timestamp><DateTime>Mon, 2013-03-18 17:58:56 EDT</DateTime></Topic><Msg>It is only fitting for Paypal to now pay fees to Master Card, Visa, American Express etc. Anyone who has or had a ebay account over the years is now relishing this news....... What comes around goes around!</Msg><Username>gewizmeto</Username><Timestamp>1363733278673</Timestamp><DateTime>Tue, 2013-03-19 18:47:58 EDT</DateTime><ThumbUp>0</ThumbUp><ThumbDown>0</ThumbDown><Sentiment/></Message></Date>