<?xml version="1.0" encoding="UTF-8" standalone="no"?><Date date="2013-04-04"><Message type="ReplyMessage"><Id>1365048360238-1</Id><Topic><Title>The Road Goes Ever On</Title><Username>the_stock_warrior</Username><Timestamp>1364929748632</Timestamp><DateTime>Tue, 2013-04-02 15:09:08 EDT</DateTime></Topic><Msg>Sure Aunt Sybil, it's on a chat board so it must be true. Three plus five is 2 if enough jokers say it is. You're just like my failed Daddy failed Grand Daddy: you know how you lived (the rest of the truth cuts your last breath) and it's understandable you would be afraid. But the real question is: why is it always your conspiracies projected onto others? Why always the Professor. Why always HIM? Why even be you?</Msg><Username>jen_dimebag</Username><Timestamp>1365048360238</Timestamp><DateTime>Thu, 2013-04-04 00:06:00 EDT</DateTime><ThumbUp>5</ThumbUp><ThumbDown>0</ThumbDown><Sentiment/></Message><Message type="ReplyMessage"><Id>1365054266527-2</Id><Topic><Title>Whatever happened to sanjosemission</Title><Username>sullys_ebay_board</Username><Timestamp>1365036725719</Timestamp><DateTime>Wed, 2013-04-03 20:52:05 EDT</DateTime></Topic><Msg>Just another chickensh1t po1it1c1an</Msg><Username>flyktning</Username><Timestamp>1365054266527</Timestamp><DateTime>Thu, 2013-04-04 01:44:26 EDT</DateTime><ThumbUp>1</ThumbUp><ThumbDown>3</ThumbDown><Sentiment/></Message><Message type="ReplyMessage"><Id>1365067319472-3</Id><Topic><Title>EBAY Bounce Report !!</Title><Username>gosselinwillie</Username><Timestamp>1363629476162</Timestamp><DateTime>Mon, 2013-03-18 13:57:56 EDT</DateTime></Topic><Msg>Very helpful:)</Msg><Username>normanmarra</Username><Timestamp>1365067319472</Timestamp><DateTime>Thu, 2013-04-04 05:21:59 EDT</DateTime><ThumbUp>0</ThumbUp><ThumbDown>0</ThumbDown><Sentiment/></Message><Message type="ReplyMessage"><Id>1365071502059-4</Id><Topic><Title>EBAY Bounce Report !!</Title><Username>gosselinwillie</Username><Timestamp>1363629476162</Timestamp><DateTime>Mon, 2013-03-18 13:57:56 EDT</DateTime></Topic><Msg>thanks for this report!</Msg><Username>severanced</Username><Timestamp>1365071502059</Timestamp><DateTime>Thu, 2013-04-04 06:31:42 EDT</DateTime><ThumbUp>0</ThumbUp><ThumbDown>0</ThumbDown><Sentiment/></Message><Message type="ReplyMessage"><Id>1365074200464-5</Id><Topic><Title>The Road Goes Ever On</Title><Username>the_stock_warrior</Username><Timestamp>1364929748632</Timestamp><DateTime>Tue, 2013-04-02 15:09:08 EDT</DateTime></Topic><Msg>Good to know, thanks. However, I do not want you to think I I feel you a fool. Never. I would never say that because I do not feel that way. There is only one fool here. -Sully Rules.</Msg><Username>sullys_ebay_board</Username><Timestamp>1365074200464</Timestamp><DateTime>Thu, 2013-04-04 07:16:40 EDT</DateTime><ThumbUp>0</ThumbUp><ThumbDown>6</ThumbDown><Sentiment/></Message><Message type="ReplyMessage"><Id>1365074552026-6</Id><Topic><Title>EBAY Bounce Report !!</Title><Username>gosselinwillie</Username><Timestamp>1363629476162</Timestamp><DateTime>Mon, 2013-03-18 13:57:56 EDT</DateTime></Topic><Msg>great job:)</Msg><Username>lorenphelps535</Username><Timestamp>1365074552026</Timestamp><DateTime>Thu, 2013-04-04 07:22:32 EDT</DateTime><ThumbUp>0</ThumbUp><ThumbDown>0</ThumbDown><Sentiment/></Message><Message type="ReplyMessage"><Id>1365075661965-7</Id><Topic><Title>A company with such facts is extreme undervalued: with only 36 million like today</Title><Username>flankenking</Username><Timestamp>1364029048775</Timestamp><DateTime>Sat, 2013-03-23 04:57:28 EDT</DateTime></Topic><Msg>The Strategy of Local Corp We believe that we are in the early stages of a large and long-term business opportunity presented by the shift of local marketing budgets from traditional media formats to digital media formats. Our strategy for pursuing this opportunity includes the following key components:</Msg><Username>flankenking</Username><Timestamp>1365075661965</Timestamp><DateTime>Thu, 2013-04-04 07:41:01 EDT</DateTime><ThumbUp>0</ThumbUp><ThumbDown>1</ThumbDown><Sentiment/></Message><Message type="ReplyMessage"><Id>1365075849258-8</Id><Topic><Title>A company with such facts is extreme undervalued: with only 36 million like today</Title><Username>flankenking</Username><Timestamp>1364029048775</Timestamp><DateTime>Sat, 2013-03-23 04:57:28 EDT</DateTime></Topic><Msg>• Access to a Desirable Demographic of Decision-Makers Our patented and proprietary technology allows us to consolidate an amalgamated and disparate set of local business listings, information and other data and combine it into a targeted, highly relevant results-set, which is presented in a useful and compelling manner. A majority of users on Local Corps flagship-site are females, aged between 25 and 45, with at least one child at home (the so-called “soccer moms”), a demographic that is deemed by many to be highly desirable because they generally have responsibility for 89% of bank accounts, 80% of healthcare decisions, and 50% of do-it-yourself projects and consumer product purchases. We designed the utility of our website to appeal to this group of targeted users.</Msg><Username>flankenking</Username><Timestamp>1365075849258</Timestamp><DateTime>Thu, 2013-04-04 07:44:09 EDT</DateTime><ThumbUp>0</ThumbUp><ThumbDown>1</ThumbDown><Sentiment/></Message><Message type="ReplyMessage"><Id>1365077441739-9</Id><Topic><Title>EBAY Bounce Report !!</Title><Username>gosselinwillie</Username><Timestamp>1363629476162</Timestamp><DateTime>Mon, 2013-03-18 13:57:56 EDT</DateTime></Topic><Msg>very helpful!</Msg><Username>sherrimcdonald412</Username><Timestamp>1365077441739</Timestamp><DateTime>Thu, 2013-04-04 08:10:41 EDT</DateTime><ThumbUp>0</ThumbUp><ThumbDown>0</ThumbDown><Sentiment/></Message><Message type="TopicMessage"><Id>1365077748714-10</Id><Title>This board was nice and quiet until...</Title><Msg>I came on here crying like the little girl I always am. But hey that's the way I roll, especially when the old ladies here hand me my rear on a daily basis. ROTFLMAO!!!!!!!! Sully</Msg><Username>sullytheass2013</Username><Timestamp>1365077748714</Timestamp><DateTime>Thu, 2013-04-04 08:15:48 EDT</DateTime><ThumbUp>7</ThumbUp><ThumbDown>1</ThumbDown><Sentiment>Strong Buy</Sentiment></Message><Message type="ReplyMessage"><Id>1365079579549-11</Id><Topic><Title>This board was nice and quiet until...</Title><Username>sullytheass2013</Username><Timestamp>1365077748714</Timestamp><DateTime>Thu, 2013-04-04 08:15:48 EDT</DateTime></Topic><Msg>DRIBBLES, For once I have to agree with you. You are a crybaby little girl. Especially when you create clone ids (such as this one) of me and others on this board. I will add this one to the white flag to you wave. ROTFLMAO!!! Sully</Msg><Username>sullyinmass2013</Username><Timestamp>1365079579549</Timestamp><DateTime>Thu, 2013-04-04 08:46:19 EDT</DateTime><ThumbUp>0</ThumbUp><ThumbDown>6</ThumbDown><Sentiment/></Message><Message type="ReplyMessage"><Id>1365081720245-12</Id><Topic><Title>EBAY Bounce Report !!</Title><Username>gosselinwillie</Username><Timestamp>1363629476162</Timestamp><DateTime>Mon, 2013-03-18 13:57:56 EDT</DateTime></Topic><Msg>Good work !</Msg><Username>mildred.ryan</Username><Timestamp>1365081720245</Timestamp><DateTime>Thu, 2013-04-04 09:22:00 EDT</DateTime><ThumbUp>0</ThumbUp><ThumbDown>0</ThumbDown><Sentiment/></Message><Message type="ReplyMessage"><Id>1365083100658-13</Id><Topic><Title>Whatever happened to sanjosemission</Title><Username>sullys_ebay_board</Username><Timestamp>1365036725719</Timestamp><DateTime>Wed, 2013-04-03 20:52:05 EDT</DateTime></Topic><Msg>Self analysis? Healthy. Generally, awakenings will happen with better posters. I hope that helps.</Msg><Username>angel.madbezos</Username><Timestamp>1365083100658</Timestamp><DateTime>Thu, 2013-04-04 09:45:00 EDT</DateTime><ThumbUp>5</ThumbUp><ThumbDown>0</ThumbDown><Sentiment/></Message><Message type="ReplyMessage"><Id>1365083268653-14</Id><Topic><Title>The Road Goes Ever On</Title><Username>the_stock_warrior</Username><Timestamp>1364929748632</Timestamp><DateTime>Tue, 2013-04-02 15:09:08 EDT</DateTime></Topic><Msg>There was no "Bezos". There was no "Charlie" and Gina is fine. There is no one worse than you and your Gang Of Imperfects Flything. Look how you diddle your lives away in unending hate. Please bother us with pithy nonsense after lurking several more months.</Msg><Username>angel.madbezos</Username><Timestamp>1365083268653</Timestamp><DateTime>Thu, 2013-04-04 09:47:48 EDT</DateTime><ThumbUp>4</ThumbUp><ThumbDown>0</ThumbDown><Sentiment/></Message><Message type="ReplyMessage"><Id>1365083569395-15</Id><Topic><Title>The Road Goes Ever On</Title><Username>the_stock_warrior</Username><Timestamp>1364929748632</Timestamp><DateTime>Tue, 2013-04-02 15:09:08 EDT</DateTime></Topic><Msg>Yes Jen, I can tell you've flat lined and turned blue enough times to know the wise words of Chief Seathe "...it's the same wind that is a man's first breath that catches his last...". Glance at old pictures, we're ALL gone. Yet we're here now. The most important thing is what we do with it. Don't wallow in evil. Laugh at it, and its sadly pathetic long overdue exit.</Msg><Username>angel.madbezos</Username><Timestamp>1365083569395</Timestamp><DateTime>Thu, 2013-04-04 09:52:49 EDT</DateTime><ThumbUp>6</ThumbUp><ThumbDown>0</ThumbDown><Sentiment/></Message><Message type="TopicMessage"><Id>1365084024314-16</Id><Title>Good Morning From Beautiful Philadelphia</Title><Msg>I hope you have a spectacular day and never wallow in the endless circular hate of Gang Of Imperfects. Has any of their years of toxic public remarks ever once helped the situation? Ever once? I hope that helps.</Msg><Username>angel.madbezos</Username><Timestamp>1365084024314</Timestamp><DateTime>Thu, 2013-04-04 10:00:24 EDT</DateTime><ThumbUp>6</ThumbUp><ThumbDown>1</ThumbDown><Sentiment/></Message><Message type="ReplyMessage"><Id>1365084409165-17</Id><Topic><Title>EBAY Bounce Report !!</Title><Username>gosselinwillie</Username><Timestamp>1363629476162</Timestamp><DateTime>Mon, 2013-03-18 13:57:56 EDT</DateTime></Topic><Msg>good job</Msg><Username>raul.saechao</Username><Timestamp>1365084409165</Timestamp><DateTime>Thu, 2013-04-04 10:06:49 EDT</DateTime><ThumbUp>0</ThumbUp><ThumbDown>0</ThumbDown><Sentiment/></Message><Message type="TopicMessage"><Id>1365084778410-18</Id><Title>Look At The Chart! Going To A New 52-Week High.</Title><Msg>A "no brain er".</Msg><Username>rogerdonna_1988</Username><Timestamp>1365084778410</Timestamp><DateTime>Thu, 2013-04-04 10:12:58 EDT</DateTime><ThumbUp>1</ThumbUp><ThumbDown>0</ThumbDown><Sentiment>Strong Buy</Sentiment></Message><Message type="ReplyMessage"><Id>1365084965902-19</Id><Topic><Title>Good Morning From Beautiful Philadelphia</Title><Username>angel.madbezos</Username><Timestamp>1365084024314</Timestamp><DateTime>Thu, 2013-04-04 10:00:24 EDT</DateTime></Topic><Msg>Good Morning Professor Madbezos. I see you always have class in session. How much longer can Fly and the gang of trolls pretend the dog eats their homework? Come to the island this weekend. Great driving for those who can. Beep Beep!</Msg><Username>a_car_that_fine</Username><Timestamp>1365084965902</Timestamp><DateTime>Thu, 2013-04-04 10:16:05 EDT</DateTime><ThumbUp>4</ThumbUp><ThumbDown>0</ThumbDown><Sentiment/></Message><Message type="TopicMessage"><Id>1365085383467-20</Id><Title>My Imposter Woke Early Again Dreaming About Daddy's White Rag</Title><Msg>Her Daddy tried to wipe up but one disgusting sullied got through. Will my imposter's endlessly lying spam ever cure her many many issues? ROTFLMAO!!!!!!!!!!! Sully</Msg><Username>sullyinmass.2012</Username><Timestamp>1365085383467</Timestamp><DateTime>Thu, 2013-04-04 10:23:03 EDT</DateTime><ThumbUp>7</ThumbUp><ThumbDown>1</ThumbDown><Sentiment/></Message><Message type="TopicMessage"><Id>1365086357539-21</Id><Title>My Paranoid Psychosis</Title><Msg>My Life-Partner (Triumph) and I used to troll the Red Sux sports board (amongst many others) incessantly. We were mocked (by spoof ids) and made fun of for our stupidity. So in my delusional psychotic state I called everyone Al, just like here in my delusional state I call everyone "Dribbles" . I am sorry I am such an ignorant and moronic troll, but it is all I know how to do. BTW has anyone seen my meds I forgot to take them again. ROTFLMAO!!! -Sully Rules The land of Delusion</Msg><Username>sully_gayn.proud</Username><Timestamp>1365086357539</Timestamp><DateTime>Thu, 2013-04-04 10:39:17 EDT</DateTime><ThumbUp>5</ThumbUp><ThumbDown>1</ThumbDown><Sentiment>Strong Buy</Sentiment></Message><Message type="TopicMessage"><Id>1365089127165-22</Id><Title>I'm Gone for 2 Days &amp; She Still Melts</Title><Msg>Team Goodness still has what it takes to keep her going. No Bezos No Charlie and the Sun never shines and my name isn't John. . .</Msg><Username>ebay_pays_my_bills</Username><Timestamp>1365089127165</Timestamp><DateTime>Thu, 2013-04-04 11:25:27 EDT</DateTime><ThumbUp>0</ThumbUp><ThumbDown>4</ThumbDown><Sentiment/></Message><Message type="TopicMessage"><Id>1365089141649-23</Id><Title>Will break out..their growth</Title><Msg>Plan is very good...</Msg><Username>cybercash28</Username><Timestamp>1365089141649</Timestamp><DateTime>Thu, 2013-04-04 11:25:41 EDT</DateTime><ThumbUp>1</ThumbUp><ThumbDown>0</ThumbDown><Sentiment/></Message><Message type="ReplyMessage"><Id>1365089544302-24</Id><Topic><Title>EBAY Bounce Report !!</Title><Username>gosselinwillie</Username><Timestamp>1363629476162</Timestamp><DateTime>Mon, 2013-03-18 13:57:56 EDT</DateTime></Topic><Msg>really good work! thanks</Msg><Username>jose_shoop</Username><Timestamp>1365089544302</Timestamp><DateTime>Thu, 2013-04-04 11:32:24 EDT</DateTime><ThumbUp>0</ThumbUp><ThumbDown>0</ThumbDown><Sentiment/></Message><Message type="ReplyMessage"><Id>1365089945798-25</Id><Topic><Title>Good Morning From Beautiful Philadelphia</Title><Username>angel.madbezos</Username><Timestamp>1365084024314</Timestamp><DateTime>Thu, 2013-04-04 10:00:24 EDT</DateTime></Topic><Msg>You and your Imperfects attend to each and every word. You're always sitting in the corner with your pointed dunce cap on. I hope that helps.</Msg><Username>angel.madbezos</Username><Timestamp>1365089945798</Timestamp><DateTime>Thu, 2013-04-04 11:39:05 EDT</DateTime><ThumbUp>4</ThumbUp><ThumbDown>0</ThumbDown><Sentiment/></Message><Message type="ReplyMessage"><Id>1365090073645-26</Id><Topic><Title>My Paranoid Psychosis</Title><Username>sully_gayn.proud</Username><Timestamp>1365086357539</Timestamp><DateTime>Thu, 2013-04-04 10:39:17 EDT</DateTime></Topic><Msg>Poor John Osborne ebay's failing z50com. Every post is not the fault of your enemy who proved you lived here obsessing too often to ever do ebay sales. The fault of all these posts is YOU.</Msg><Username>angel.madbezos</Username><Timestamp>1365090073645</Timestamp><DateTime>Thu, 2013-04-04 11:41:13 EDT</DateTime><ThumbUp>4</ThumbUp><ThumbDown>0</ThumbDown><Sentiment/></Message><Message type="ReplyMessage"><Id>1365090295909-27</Id><Topic><Title>I'm Gone for 2 Days &amp; She Still Melts</Title><Username>ebay_pays_my_bills</Username><Timestamp>1365089127165</Timestamp><DateTime>Thu, 2013-04-04 11:25:27 EDT</DateTime></Topic><Msg>There is no goodness in your team. All your team's posts show clearly the obsessive evil that you all are. I hope that helps but after 12 years 247 we all see nothing can help you but your pathetic ending.</Msg><Username>angel.madbezos</Username><Timestamp>1365090295909</Timestamp><DateTime>Thu, 2013-04-04 11:44:55 EDT</DateTime><ThumbUp>3</ThumbUp><ThumbDown>0</ThumbDown><Sentiment/></Message><Message type="ReplyMessage"><Id>1365090680372-28</Id><Topic><Title>I'm Gone for 2 Days &amp; She Still Melts</Title><Username>ebay_pays_my_bills</Username><Timestamp>1365089127165</Timestamp><DateTime>Thu, 2013-04-04 11:25:27 EDT</DateTime></Topic><Msg>Will I become: angels_pay_my_bills</Msg><Username>ebay_pays_my_bills</Username><Timestamp>1365090680372</Timestamp><DateTime>Thu, 2013-04-04 11:51:20 EDT</DateTime><ThumbUp>0</ThumbUp><ThumbDown>3</ThumbDown><Sentiment/></Message><Message type="TopicMessage"><Id>1365090832248-29</Id><Title>James J. Roberge will never have PEACE</Title><Msg>Charles Kelly is HELL bent on making sure it stays that way. . .</Msg><Username>ebay_pays_my_bills</Username><Timestamp>1365090832248</Timestamp><DateTime>Thu, 2013-04-04 11:53:52 EDT</DateTime><ThumbUp>0</ThumbUp><ThumbDown>4</ThumbDown><Sentiment/></Message><Message type="ReplyMessage"><Id>1365090906463-30</Id><Topic><Title>My Paranoid Psychosis</Title><Username>sully_gayn.proud</Username><Timestamp>1365086357539</Timestamp><DateTime>Thu, 2013-04-04 10:39:17 EDT</DateTime></Topic><Msg>Poor Charles, his mentor died and he's left to tow the line alone. . .</Msg><Username>ebay_pays_my_bills</Username><Timestamp>1365090906463</Timestamp><DateTime>Thu, 2013-04-04 11:55:06 EDT</DateTime><ThumbUp>0</ThumbUp><ThumbDown>3</ThumbDown><Sentiment/></Message><Message type="TopicMessage"><Id>1365091011621-31</Id><Title>Ebay Never Paid His Bills</Title><Msg>crwatches could never pay his bills on or off Ebay</Msg><Username>ebay_pays_my_bills</Username><Timestamp>1365091011621</Timestamp><DateTime>Thu, 2013-04-04 11:56:51 EDT</DateTime><ThumbUp>0</ThumbUp><ThumbDown>2</ThumbDown><Sentiment/></Message><Message type="ReplyMessage"><Id>1365091058724-32</Id><Topic><Title>My Paranoid Psychosis</Title><Username>sully_gayn.proud</Username><Timestamp>1365086357539</Timestamp><DateTime>Thu, 2013-04-04 10:39:17 EDT</DateTime></Topic><Msg>"Why can't YOU just be Charles Kelly?" Because I'm not this Charles Kelly you speak of. Geez not another Delusional Idiot like Sully..Please. ROTFLMAO!!!!!!!! Sully</Msg><Username>sully_gayn.proud</Username><Timestamp>1365091058724</Timestamp><DateTime>Thu, 2013-04-04 11:57:38 EDT</DateTime><ThumbUp>5</ThumbUp><ThumbDown>0</ThumbDown><Sentiment/></Message><Message type="ReplyMessage"><Id>1365092384269-33</Id><Topic><Title>EBAY Bounce Report !!</Title><Username>gosselinwillie</Username><Timestamp>1363629476162</Timestamp><DateTime>Mon, 2013-03-18 13:57:56 EDT</DateTime></Topic><Msg>well done</Msg><Username>lopezadrian42</Username><Timestamp>1365092384269</Timestamp><DateTime>Thu, 2013-04-04 12:19:44 EDT</DateTime><ThumbUp>0</ThumbUp><ThumbDown>0</ThumbDown><Sentiment/></Message><Message type="ReplyMessage"><Id>1365095141509-34</Id><Topic><Title>My Paranoid Psychosis</Title><Username>sully_gayn.proud</Username><Timestamp>1365086357539</Timestamp><DateTime>Thu, 2013-04-04 10:39:17 EDT</DateTime></Topic><Msg>DRIBBLES, You're in panic mode. Take a deep breath, and step away from this board for a few days. You might feel better. ROTFLMAO!!! Sully</Msg><Username>sullyinmass2013</Username><Timestamp>1365095141509</Timestamp><DateTime>Thu, 2013-04-04 13:05:41 EDT</DateTime><ThumbUp>1</ThumbUp><ThumbDown>5</ThumbDown><Sentiment/></Message><Message type="TopicMessage"><Id>1365095767317-35</Id><Title>Sell. This was 49 not too long ago, relentless upgrades has pushed it, a give back</Title><Msg>coming.</Msg><Username>tech_analysishuh</Username><Timestamp>1365095767317</Timestamp><DateTime>Thu, 2013-04-04 13:16:07 EDT</DateTime><ThumbUp>0</ThumbUp><ThumbDown>0</ThumbDown><Sentiment/></Message><Message type="ReplyMessage"><Id>1365096044259-36</Id><Topic><Title>Short Ebay.</Title><Username>yeshuah_athonai</Username><Timestamp>1365006021048</Timestamp><DateTime>Wed, 2013-04-03 12:20:21 EDT</DateTime></Topic><Msg>Why not just buy puts</Msg><Username>chairman_westgate</Username><Timestamp>1365096044259</Timestamp><DateTime>Thu, 2013-04-04 13:20:44 EDT</DateTime><ThumbUp>0</ThumbUp><ThumbDown>0</ThumbDown><Sentiment/></Message><Message type="ReplyMessage"><Id>1365096241614-37</Id><Topic><Title>My Paranoid Psychosis</Title><Username>sully_gayn.proud</Username><Timestamp>1365086357539</Timestamp><DateTime>Thu, 2013-04-04 10:39:17 EDT</DateTime></Topic><Msg>Sober up Sally, you're making a foll of yourself again. But then again you're used to doing that on a daily basis. ROTFLMAO!!!!!</Msg><Username>alaskadolt99</Username><Timestamp>1365096241614</Timestamp><DateTime>Thu, 2013-04-04 13:24:01 EDT</DateTime><ThumbUp>5</ThumbUp><ThumbDown>1</ThumbDown><Sentiment/></Message><Message type="TopicMessage"><Id>1365096284912-38</Id><Title>Don't get why ebay not going to $80s:Competing directly with amzn</Title><Msg>Ebay growing, Paypal growing: expansion into emerging markets. What am I missing here? Ebay down from $57s... why?</Msg><Username>davidba1960</Username><Timestamp>1365096284912</Timestamp><DateTime>Thu, 2013-04-04 13:24:44 EDT</DateTime><ThumbUp>2</ThumbUp><ThumbDown>1</ThumbDown><Sentiment/></Message><Message type="TopicMessage"><Id>1365097420573-39</Id><Title>With Amazon, EBAY is the premier ecommerce company on the globe. Ebay has tons of room for growth.</Title><Msg>Hmm.. Ebay stock flatlined.</Msg><Username>davidba1960</Username><Timestamp>1365097420573</Timestamp><DateTime>Thu, 2013-04-04 13:43:40 EDT</DateTime><ThumbUp>1</ThumbUp><ThumbDown>0</ThumbDown><Sentiment/></Message><Message type="TopicMessage"><Id>1365097526578-40</Id><Title>jesus pfu8king crhist. go the fp8k down</Title><Msg>you piece of sh#t</Msg><Username>phkd_in_the_azz_by_mrktmaker</Username><Timestamp>1365097526578</Timestamp><DateTime>Thu, 2013-04-04 13:45:26 EDT</DateTime><ThumbUp>0</ThumbUp><ThumbDown>0</ThumbDown><Sentiment/></Message><Message type="TopicMessage"><Id>1365098769820-41</Id><Title>Stupid Ignorant Flyktning, John Osborne z50com and Whatever A Sullied Sybil Is. Wasting Your Lives!</Title><Msg>You guys have to be the most willfully #$%$ idiots ever! You persist in thinking one, or two posters, is your problem here? YOU are the problem. YOU attacked a very popular Professor so you will get endless alumni and students bothering you forever. Are you so weak you think one man has been whipping you? You will be hounded to your graves but luckily poor idiot haters don't live well or long.</Msg><Username>shaq.factor</Username><Timestamp>1365098769820</Timestamp><DateTime>Thu, 2013-04-04 14:06:09 EDT</DateTime><ThumbUp>9</ThumbUp><ThumbDown>2</ThumbDown><Sentiment/></Message><Message type="ReplyMessage"><Id>1365099033345-42</Id><Topic><Title>Stupid Ignorant Flyktning, John Osborne z50com and Whatever A Sullied Sybil Is. Wasting Your Lives!</Title><Username>shaq.factor</Username><Timestamp>1365098769820</Timestamp><DateTime>Thu, 2013-04-04 14:06:09 EDT</DateTime></Topic><Msg>Your posts makes absolutely no sense whatsoever. Please try again. Sully</Msg><Username>sullyinmass2013</Username><Timestamp>1365099033345</Timestamp><DateTime>Thu, 2013-04-04 14:10:33 EDT</DateTime><ThumbUp>1</ThumbUp><ThumbDown>7</ThumbDown><Sentiment/></Message><Message type="ReplyMessage"><Id>1365099252480-43</Id><Topic><Title>My Paranoid Psychosis</Title><Username>sully_gayn.proud</Username><Timestamp>1365086357539</Timestamp><DateTime>Thu, 2013-04-04 10:39:17 EDT</DateTime></Topic><Msg>Sober up Al. Once again you've made a complete fool of yourself. While you're at it, change your shirt, there is puke all over it.</Msg><Username>al_the_drunken_fool</Username><Timestamp>1365099252480</Timestamp><DateTime>Thu, 2013-04-04 14:14:12 EDT</DateTime><ThumbUp>0</ThumbUp><ThumbDown>5</ThumbDown><Sentiment/></Message><Message type="ReplyMessage"><Id>1365099408014-44</Id><Topic><Title>Stupid Ignorant Flyktning, John Osborne z50com and Whatever A Sullied Sybil Is. Wasting Your Lives!</Title><Username>shaq.factor</Username><Timestamp>1365098769820</Timestamp><DateTime>Thu, 2013-04-04 14:06:09 EDT</DateTime></Topic><Msg>Wise post Shaq (look who instantly replied) but you do all mentally disabled people a disservice by thinking John Osborne z50com can ever climb up to their level. Just saying. I hope that helps.</Msg><Username>angel.madbezos</Username><Timestamp>1365099408014</Timestamp><DateTime>Thu, 2013-04-04 14:16:48 EDT</DateTime><ThumbUp>7</ThumbUp><ThumbDown>3</ThumbDown><Sentiment/></Message><Message type="ReplyMessage"><Id>1365099896057-45</Id><Topic><Title>This board was nice and quiet until...</Title><Username>sullyinmass2013</Username><Timestamp>1365014883934</Timestamp><DateTime>Wed, 2013-04-03 14:48:03 EDT</DateTime></Topic><Msg>Wise post Sully. The effort that you and John put in to keep this board enjoyable to visit, does not go unnoticed. Keep up the great work! MY ID SAYS IT ALL</Msg><Username>sully_rules</Username><Timestamp>1365099896057</Timestamp><DateTime>Thu, 2013-04-04 14:24:56 EDT</DateTime><ThumbUp>1</ThumbUp><ThumbDown>6</ThumbDown><Sentiment/></Message><Message type="ReplyMessage"><Id>1365100386534-46</Id><Topic><Title>Stupid Ignorant Flyktning, John Osborne z50com and Whatever A Sullied Sybil Is. Wasting Your Lives!</Title><Username>shaq.factor</Username><Timestamp>1365098769820</Timestamp><DateTime>Thu, 2013-04-04 14:06:09 EDT</DateTime></Topic><Msg>Wise words, but lost on idiots. A brief look at the IPs show Fly and John are almost every bit of this mess.</Msg><Username>id.dejour</Username><Timestamp>1365100386534</Timestamp><DateTime>Thu, 2013-04-04 14:33:06 EDT</DateTime><ThumbUp>5</ThumbUp><ThumbDown>2</ThumbDown><Sentiment/></Message><Message type="TopicMessage"><Id>1365101066721-47</Id><Title>Insider's are selling this.</Title><Msg>I know how bullish this board is. It was a good buy at 50, but not here.</Msg><Username>news_to_myears</Username><Timestamp>1365101066721</Timestamp><DateTime>Thu, 2013-04-04 14:44:26 EDT</DateTime><ThumbUp>0</ThumbUp><ThumbDown>0</ThumbDown><Sentiment/></Message><Message type="ReplyMessage"><Id>1365101247899-48</Id><Topic><Title>Important Report on EBAY</Title><Username>jonesthomas525</Username><Timestamp>1364563893231</Timestamp><DateTime>Fri, 2013-03-29 09:31:33 EDT</DateTime></Topic><Msg>very interesting and helpful update</Msg><Username>mirandacosgrove406</Username><Timestamp>1365101247899</Timestamp><DateTime>Thu, 2013-04-04 14:47:27 EDT</DateTime><ThumbUp>0</ThumbUp><ThumbDown>2</ThumbDown><Sentiment>Sell</Sentiment></Message><Message type="ReplyMessage"><Id>1365101340948-49</Id><Topic><Title>My Paranoid Psychosis</Title><Username>sully_gayn.proud</Username><Timestamp>1365086357539</Timestamp><DateTime>Thu, 2013-04-04 10:39:17 EDT</DateTime></Topic><Msg>DRIBBLES uh I mean Al ..er uh I mean DRIBBLES uh hell I don't know what I'm talking about. Man what a wicked pizzer of a bender I'm on. I really need to sober up. But then again being a 4' 1'' drunken dwarf is really tuff. "Hiccup" ROTFLMAO!!!! Sully</Msg><Username>sully_the_drunken.dwarf</Username><Timestamp>1365101340948</Timestamp><DateTime>Thu, 2013-04-04 14:49:00 EDT</DateTime><ThumbUp>4</ThumbUp><ThumbDown>1</ThumbDown><Sentiment/></Message><Message type="ReplyMessage"><Id>1365101732900-50</Id><Topic><Title>Important Report on EBAY</Title><Username>jonesthomas525</Username><Timestamp>1364563893231</Timestamp><DateTime>Fri, 2013-03-29 09:31:33 EDT</DateTime></Topic><Msg>Cool picks. keep them coming</Msg><Username>trevorparker141</Username><Timestamp>1365101732900</Timestamp><DateTime>Thu, 2013-04-04 14:55:32 EDT</DateTime><ThumbUp>0</ThumbUp><ThumbDown>2</ThumbDown><Sentiment/></Message><Message type="ReplyMessage"><Id>1365105056078-51</Id><Topic><Title>My Paranoid Psychosis</Title><Username>sully_gayn.proud</Username><Timestamp>1365086357539</Timestamp><DateTime>Thu, 2013-04-04 10:39:17 EDT</DateTime></Topic><Msg>DRIBBLES, I am really impressed. You've broken out all your ids today to post with. Keep up the great work LOSER. ROTFLMAO!!! Sully</Msg><Username>sullyinmass2013</Username><Timestamp>1365105056078</Timestamp><DateTime>Thu, 2013-04-04 15:50:56 EDT</DateTime><ThumbUp>0</ThumbUp><ThumbDown>3</ThumbDown><Sentiment/></Message><Message type="ReplyMessage"><Id>1365106413597-52</Id><Topic><Title>Insider's are selling this.</Title><Username>news_to_myears</Username><Timestamp>1365101066721</Timestamp><DateTime>Thu, 2013-04-04 14:44:26 EDT</DateTime></Topic><Msg>The pump is already over. Watch for the dumping to begin.</Msg><Username>quinnwolf</Username><Timestamp>1365106413597</Timestamp><DateTime>Thu, 2013-04-04 16:13:33 EDT</DateTime><ThumbUp>0</ThumbUp><ThumbDown>0</ThumbDown><Sentiment/></Message><Message type="ReplyMessage"><Id>1365106575947-53</Id><Topic><Title>Don't get why ebay not going to $80s:Competing directly with amzn</Title><Username>davidba1960</Username><Timestamp>1365096284912</Timestamp><DateTime>Thu, 2013-04-04 13:24:44 EDT</DateTime></Topic><Msg>because eBay is a lump in the e-commerce toilet that needs to be flushed already,. Amazon is superior in every way. Streamlined for both buyers and merchants. eBay is a mess. Paypal is a skim. Only a matter of time before both are history,</Msg><Username>quinnwolf</Username><Timestamp>1365106575947</Timestamp><DateTime>Thu, 2013-04-04 16:16:15 EDT</DateTime><ThumbUp>0</ThumbUp><ThumbDown>1</ThumbDown><Sentiment/></Message><Message type="ReplyMessage"><Id>1365109871258-54</Id><Topic><Title>Charles Kelly</Title><Username>ebay_pays_my_bills</Username><Timestamp>1364752461959</Timestamp><DateTime>Sun, 2013-03-31 13:54:21 EDT</DateTime></Topic><Msg>He cOULD never! -Sully Rules</Msg><Username>sullys_ebay_board</Username><Timestamp>1365109871258</Timestamp><DateTime>Thu, 2013-04-04 17:11:11 EDT</DateTime><ThumbUp>0</ThumbUp><ThumbDown>3</ThumbDown><Sentiment/></Message><Message type="ReplyMessage"><Id>1365109943039-55</Id><Topic><Title>The Unspeakable Failure That Is John Osborne, Ebay's Lonely Failing Z50com</Title><Username>angel.madbezos</Username><Timestamp>1364831220026</Timestamp><DateTime>Mon, 2013-04-01 11:47:00 EDT</DateTime></Topic><Msg>"Charles Kelly, you're too much And I mean too much as in FAT Your facts are always skewed, I'm not 60 and I haven't been here 12 years James is DEAD and Ebay's over $20 GET OVER IT" Facts are facts!! -Sully Rules</Msg><Username>sullys_ebay_board</Username><Timestamp>1365109943039</Timestamp><DateTime>Thu, 2013-04-04 17:12:23 EDT</DateTime><ThumbUp>0</ThumbUp><ThumbDown>5</ThumbDown><Sentiment/></Message><Message type="TopicMessage"><Id>1365110123462-56</Id><Title>Living life LARGE on SULLY'S BOARD!!!</Title><Msg>Glorious world.....glorious life, all very real. Not the pretend Maserati Hot Wheels version, people!!! No rosy spectacles here! Just truth. Truth, from TEAM GOODNESS. -Sully Rules</Msg><Username>sullys_ebay_board</Username><Timestamp>1365110123462</Timestamp><DateTime>Thu, 2013-04-04 17:15:23 EDT</DateTime><ThumbUp>0</ThumbUp><ThumbDown>5</ThumbDown><Sentiment/></Message><Message type="TopicMessage"><Id>1365111230218-57</Id><Title>The 3 Ripples Rejects Live For Hate. Daily. They Have Nothing Else.</Title><Msg>Poor fake Sullied. She has that wet tongue of Sullied_Board way up her tail daily. These cowgirls obsess and hate on men who long long ago handed them their hats, but they're stuck in their daily loop of hate. ROTFLMAO!!!!!!!!!!!! Sully</Msg><Username>sullyinmass.2012</Username><Timestamp>1365111230218</Timestamp><DateTime>Thu, 2013-04-04 17:33:50 EDT</DateTime><ThumbUp>5</ThumbUp><ThumbDown>1</ThumbDown><Sentiment/></Message><Message type="ReplyMessage"><Id>1365121282542-58</Id><Topic><Title>Important Report on EBAY</Title><Username>jonesthomas525</Username><Timestamp>1364563893231</Timestamp><DateTime>Fri, 2013-03-29 09:31:33 EDT</DateTime></Topic><Msg>useful information</Msg><Username>ethansmith188</Username><Timestamp>1365121282542</Timestamp><DateTime>Thu, 2013-04-04 20:21:22 EDT</DateTime><ThumbUp>0</ThumbUp><ThumbDown>1</ThumbDown><Sentiment>Hold</Sentiment></Message><Message type="TopicMessage"><Id>1365122505480-59</Id><Title>Ebay Seller's Beware, This Could Happen To You...</Title><Msg>I sell on Ebay and have a score of over 1,200. However, this week something happened to me on Ebay that should be a wake up call to all sellers. I sold a silver half dollar. My listing CLEARLY stated that the buyer assumes risk if insurance was not taken by the buyer. A fairly newbie buyer with a score under 35 bought it but did not want to pay for insurance. So I sent the coin as I have done many times before with no insurance. The buyer then claimed not to receive the item. I have a copy of the receipt from the post office showing what I paid to send the coin. However, astonishingly Ebay sided with the buyer and removed the money from my PayPal account which is scary if you think about it. It made me wonder so someone can just create a new account buy something then say they did not get it and possibly get the item for free? I was shocked that they would treat a longtime seller that has made them a lot of money over the years so poorly it just seems like poor business practice IMHO...</Msg><Username>bear_cubster</Username><Timestamp>1365122505480</Timestamp><DateTime>Thu, 2013-04-04 20:41:45 EDT</DateTime><ThumbUp>3</ThumbUp><ThumbDown>0</ThumbDown><Sentiment/></Message><Message type="ReplyMessage"><Id>1365123196802-60</Id><Topic><Title>EBAY Should Be At $125.00-$150.00 Today...</Title><Username>hotmanforahotwoman</Username><Timestamp>1364498151351</Timestamp><DateTime>Thu, 2013-03-28 15:15:51 EDT</DateTime></Topic><Msg>You're a complete kook. Amazon blows eBay away in infrastructure, customer service, customer satisfaction and customer loyalty. Amazon makes more money than eBay BUT they have expenses because Amazon is actually a retailer that has inventory. eBay is nothing but a website with broken search, glitches everywhere and no concern for customer satisfaction.</Msg><Username>quinnwolf</Username><Timestamp>1365123196802</Timestamp><DateTime>Thu, 2013-04-04 20:53:16 EDT</DateTime><ThumbUp>0</ThumbUp><ThumbDown>0</ThumbDown><Sentiment/></Message><Message type="ReplyMessage"><Id>1365123575423-61</Id><Topic><Title>Ebay Seller's Beware, This Could Happen To You...</Title><Username>bear_cubster</Username><Timestamp>1365122505480</Timestamp><DateTime>Thu, 2013-04-04 20:41:45 EDT</DateTime></Topic><Msg>If you're a longtime seller, you obviously should know that insurance doesn't matter for squat. Insurance is only for the sellers protection and you're not even allowed to offer it to as an add-on to buyers. All you need is online viewable delivery confirmation that shows the item was delivered and eBay or Paypal will never, ever side with the buyer in an INR (item not received) case. DC (delivery confirmation) is only 19 cents if you print your shipping labels through eBay, 63 cents at the post office. You call the buyer a newbie but obviously, you have no clue what you're doing. The only one to blame is yourself.</Msg><Username>quinnwolf</Username><Timestamp>1365123575423</Timestamp><DateTime>Thu, 2013-04-04 20:59:35 EDT</DateTime><ThumbUp>1</ThumbUp><ThumbDown>0</ThumbDown><Sentiment/></Message><Message type="ReplyMessage"><Id>1365123638035-62</Id><Topic><Title>Living life LARGE on SULLY'S BOARD!!!</Title><Username>sullys_ebay_board</Username><Timestamp>1365110123462</Timestamp><DateTime>Thu, 2013-04-04 17:15:23 EDT</DateTime></Topic><Msg>Please get a life already.</Msg><Username>quinnwolf</Username><Timestamp>1365123638035</Timestamp><DateTime>Thu, 2013-04-04 21:00:38 EDT</DateTime><ThumbUp>1</ThumbUp><ThumbDown>0</ThumbDown><Sentiment/></Message><Message type="ReplyMessage"><Id>1365125187319-63</Id><Topic><Title>EBAY Should Be At $125.00-$150.00 Today...</Title><Username>hotmanforahotwoman</Username><Timestamp>1364498151351</Timestamp><DateTime>Thu, 2013-03-28 15:15:51 EDT</DateTime></Topic><Msg>They make more money than eBay? LOL! Who's the Kook? You might want to check that again before saying such nonsense. Amazon will never make the money eBay does, never. Their margins are razor thin and they suffer from the same problems as brick and mortar stores do. Walmart and other online retailers are catching up with them especially with Amazon now having to pay taxes. eBay has none of those problems. They are a CASH COW.</Msg><Username>mpg54</Username><Timestamp>1365125187319</Timestamp><DateTime>Thu, 2013-04-04 21:26:27 EDT</DateTime><ThumbUp>0</ThumbUp><ThumbDown>0</ThumbDown><Sentiment/></Message><Message type="TopicMessage"><Id>1365130519992-64</Id><Title>If madbezos could type like Patrick Swayze in Ghost from the other side...</Title><Msg>what would he say here? That EBAY is hitting the resistance and a big-sell off is coming?? Many old-timers here can just feel his presence IMHO! Even visiting the EBAY MB Title-rows these days feels like a walk between the flower rows of a cemetery! RIP madbezos!</Msg><Username>n59218</Username><Timestamp>1365130519992</Timestamp><DateTime>Thu, 2013-04-04 22:55:19 EDT</DateTime><ThumbUp>4</ThumbUp><ThumbDown>1</ThumbDown><Sentiment/></Message><Message type="ReplyMessage"><Id>1365133171958-65</Id><Topic><Title>Doesn't Take A Certified Psychologist To See The Extreme Dysfunction Here</Title><Username>shaq.factor</Username><Timestamp>1365129527549</Timestamp><DateTime>Thu, 2013-04-04 22:38:47 EDT</DateTime></Topic><Msg>What is that called when one takes on the identity of someone's who dead? We all see the DEEP mental illness but no one wants to do anything about it. . .</Msg><Username>ebay_pays_my_bills</Username><Timestamp>1365133171958</Timestamp><DateTime>Thu, 2013-04-04 23:39:31 EDT</DateTime><ThumbUp>0</ThumbUp><ThumbDown>3</ThumbDown><Sentiment/></Message></Date>