<?xml version="1.0" encoding="UTF-8" standalone="no"?><Date date="2013-01-14"><Message type="ReplyMessage"><Id>1358146310230-1</Id><Topic><Title>eBay's Milo could hurt this patent of Local Corp</Title><Username>flankenking</Username><Timestamp>1354095340022</Timestamp><DateTime>Wed, 2012-11-28 04:35:40 EST</DateTime></Topic><Msg>“We already provide small businesses with leads as part of our ‘Launch by Local’ digital media suite for small businesses, so it’s natural for us to expand further into this performance ad segment,” said Heath Clarke, Local Corporation, chairman and chief executive officer. “These sites expand our ecosystem and lead generation is expected to help us to optimize overall monetization by harvesting leads from the 30 million consumers we reach each month, who are searching for goods and services locally.” Online advertising for apartment communities - A new lease on prospective tenants Online advertising for carpet cleaners - Strategies for being a customer’s first call Online advertising for caterers - Serving up more customers Online advertising for conventions - Showcase your capabilities, book more events Online advertising for assisted living facilities: Reach prospective clients, plus the adult children who care for them Online advertising for auto parts and repair - Tune up your customer base Online advertising for cleaning services - Outshine the competition Online advertising for cosmetic dentists - Brighten your business prospects Online advertising for dentists - Put some bite in your business Online advertising for flooring businesses - Smart steps to more customers Online advertising for restaurants - Put more customers on your menu Online advertising for furniture businesses - Your portal to furniture buyers Online advertising for glass repair businesses - A clear view to your customers Online advertising for golf courses - The straightest shot to your customers Online advertising for hair salons - Restyle your client base Online advertising for HVAC businesses - Heat up your customer base Online advertising for lawyers - Direct clients to your practice Online advertising for small to medium sized businesses - Your road to reaching customers Online advertising for movers - Move your business forward Online advertising for pest control - Strategies for being a customer's first call Online advertising for physicians - Bringing greater accessibility to your patients Online advertising for plastic surgeons - Rise above the rest Online advertising for pool businesses - Swim laps around your competitors Online advertising for roofers - Build connections with homeowners and a lot more. You could spend over $1,000 elsewhere or get it all with Launch by Local for just $249. See how Local Corp stack up over the competition. The complete offer (named Propel) of the Launch by Local-package for only $249: - URL-Acquisition - Web-Hosting - Site Design - Mobile - Social Media - Content - Listings - SEO - Display - Offers - Calls - Leads Propel gets you everything you need to launch your business to new heights so that you can get found by customers looking for you when they’re ready to buy. The best part about it? Our package offers an unbeatable value at one low price. Sign up today and we’ll do all the work to get you started. My estimate for Launch by Local (Propel-package for $249/month) is 1,100 subscribers at the end of 2012 and 3,000 subsribers at the end of 2013.</Msg><Username>flankenking</Username><Timestamp>1358146310230</Timestamp><DateTime>Mon, 2013-01-14 01:51:50 EST</DateTime><ThumbUp>0</ThumbUp><ThumbDown>0</ThumbDown><Sentiment/></Message><Message type="ReplyMessage"><Id>1358160131099-2</Id><Topic><Title>Regardless That It's Winter, Ebay Stock Is The Biggest SNOW JOB Of All Worthless Pumped Stocks.</Title><Username>jen_dimebag</Username><Timestamp>1358129656122</Timestamp><DateTime>Sun, 2013-01-13 21:14:16 EST</DateTime></Topic><Msg>You should relocate to the Amazon board. Its in the same business as eBay but its P/E ratio is ten times higher. You could make a fortune shorting Amazon stock, with your keen insights that nobody will purchase things on the Internet. :^)</Msg><Username>b1g_brothr</Username><Timestamp>1358160131099</Timestamp><DateTime>Mon, 2013-01-14 05:42:11 EST</DateTime><ThumbUp>1</ThumbUp><ThumbDown>2</ThumbDown><Sentiment/></Message><Message type="TopicMessage"><Id>1358185974776-3</Id><Title>eBay new site with news and report , every day !!</Title><Msg>Check out this site : EBAY.2catch.in</Msg><Username>robert.hille</Username><Timestamp>1358185974776</Timestamp><DateTime>Mon, 2013-01-14 12:52:54 EST</DateTime><ThumbUp>7</ThumbUp><ThumbDown>2</ThumbDown><Sentiment/></Message><Message type="ReplyMessage"><Id>1358187307301-4</Id><Topic><Title>eBay new site with news and report , every day !!</Title><Username>robert.hille</Username><Timestamp>1358185974776</Timestamp><DateTime>Mon, 2013-01-14 12:52:54 EST</DateTime></Topic><Msg>very good and helpful report</Msg><Username>josephkennedy413</Username><Timestamp>1358187307301</Timestamp><DateTime>Mon, 2013-01-14 13:15:07 EST</DateTime><ThumbUp>0</ThumbUp><ThumbDown>1</ThumbDown><Sentiment/></Message><Message type="TopicMessage"><Id>1358187501875-5</Id><Title>BEay will beats on Wednesday according to Zacks research</Title><Msg>http://finance.yahoo.com/news/ebay-beat-estimates-4q-173852702.html</Msg><Username>jmcchen</Username><Timestamp>1358187501875</Timestamp><DateTime>Mon, 2013-01-14 13:18:21 EST</DateTime><ThumbUp>2</ThumbUp><ThumbDown>1</ThumbDown><Sentiment/></Message><Message type="ReplyMessage"><Id>1358191406866-6</Id><Topic><Title>Very well written report, it's really worth reading.</Title><Username>raymondcox273</Username><Timestamp>1354552653315</Timestamp><DateTime>Mon, 2012-12-03 11:37:33 EST</DateTime></Topic><Msg>new update!</Msg><Username>dorothymurphy827</Username><Timestamp>1358191406866</Timestamp><DateTime>Mon, 2013-01-14 14:23:26 EST</DateTime><ThumbUp>0</ThumbUp><ThumbDown>0</ThumbDown><Sentiment/></Message></Date>