<?xml version="1.0" encoding="UTF-8" standalone="no"?><Date date="2013-01-28"><Message type="TopicMessage"><Id>1359382839454-1</Id><Title>Colossal Improvement for EBAY . Read Now!</Title><Msg>If or when you are searching for information concerning the stock market, then you may want to see this... xcellmanagement . biz/EBAY</Msg><Username>abreudavid321</Username><Timestamp>1359382839454</Timestamp><DateTime>Mon, 2013-01-28 09:20:39 EST</DateTime><ThumbUp>11</ThumbUp><ThumbDown>0</ThumbDown><Sentiment/></Message><Message type="ReplyMessage"><Id>1359386387470-2</Id><Topic><Title>Colossal Improvement for EBAY . Read Now!</Title><Username>abreudavid321</Username><Timestamp>1359382839454</Timestamp><DateTime>Mon, 2013-01-28 09:20:39 EST</DateTime></Topic><Msg>i signed up cant wait to read</Msg><Username>landinghamd</Username><Timestamp>1359386387470</Timestamp><DateTime>Mon, 2013-01-28 10:19:47 EST</DateTime><ThumbUp>5</ThumbUp><ThumbDown>0</ThumbDown><Sentiment/></Message><Message type="ReplyMessage"><Id>1359388183158-3</Id><Topic><Title>EBAY is taking on Amazon's business. Target to $60 before next earning.</Title><Username>stocker4949</Username><Timestamp>1359051334304</Timestamp><DateTime>Thu, 2013-01-24 13:15:34 EST</DateTime></Topic><Msg>Targets are moving up to $65.00 for the year. I can see Ebay being above $60.00+ before earnings.</Msg><Username>acman40930</Username><Timestamp>1359388183158</Timestamp><DateTime>Mon, 2013-01-28 10:49:43 EST</DateTime><ThumbUp>0</ThumbUp><ThumbDown>0</ThumbDown><Sentiment>Strong Buy</Sentiment></Message><Message type="ReplyMessage"><Id>1359388421397-4</Id><Topic><Title>EBAY broke...</Title><Username>iceman6696</Username><Timestamp>1359045795014</Timestamp><DateTime>Thu, 2013-01-24 11:43:15 EST</DateTime></Topic><Msg>Ebay $60.00+ before earnings.</Msg><Username>acman40930</Username><Timestamp>1359388421397</Timestamp><DateTime>Mon, 2013-01-28 10:53:41 EST</DateTime><ThumbUp>0</ThumbUp><ThumbDown>0</ThumbDown><Sentiment>Strong Buy</Sentiment></Message><Message type="ReplyMessage"><Id>1359391326154-5</Id><Topic><Title>Colossal Improvement for EBAY . Read Now!</Title><Username>abreudavid321</Username><Timestamp>1359382839454</Timestamp><DateTime>Mon, 2013-01-28 09:20:39 EST</DateTime></Topic><Msg>yip real deal</Msg><Username>graham.latulippe</Username><Timestamp>1359391326154</Timestamp><DateTime>Mon, 2013-01-28 11:42:06 EST</DateTime><ThumbUp>1</ThumbUp><ThumbDown>0</ThumbDown><Sentiment/></Message><Message type="TopicMessage"><Id>1359393659483-6</Id><Title>New Usps intl rates will ding Ebay. One of the best shorts now.....going to 40</Title><Msg>Rates increased by 60%!!!! Will kill intl sales...</Msg><Username>autoover</Username><Timestamp>1359393659483</Timestamp><DateTime>Mon, 2013-01-28 12:20:59 EST</DateTime><ThumbUp>2</ThumbUp><ThumbDown>0</ThumbDown><Sentiment>Strong Sell</Sentiment></Message><Message type="TopicMessage"><Id>1359394820137-7</Id><Title>It's Illegal to Unlock Your Cellphone</Title><Msg>I believe eBay will lose this revenue stream as eBay will remove any listing that sell unlock phone.</Msg><Username>ifandonlyif2012</Username><Timestamp>1359394820137</Timestamp><DateTime>Mon, 2013-01-28 12:40:20 EST</DateTime><ThumbUp>0</ThumbUp><ThumbDown>0</ThumbDown><Sentiment/></Message><Message type="TopicMessage"><Id>1359397104241-8</Id><Title>EBAY's earning is going to be a blow out this quarter!</Title><Msg>They are taking a lot of business away from Amazon!</Msg><Username>stocker4949</Username><Timestamp>1359397104241</Timestamp><DateTime>Mon, 2013-01-28 13:18:24 EST</DateTime><ThumbUp>1</ThumbUp><ThumbDown>0</ThumbDown><Sentiment>Strong Buy</Sentiment></Message><Message type="TopicMessage"><Id>1359397281400-9</Id><Title>I have a new target for EBAY at $60 after the earning</Title><Msg>Do your DD.</Msg><Username>stocker4949</Username><Timestamp>1359397281400</Timestamp><DateTime>Mon, 2013-01-28 13:21:21 EST</DateTime><ThumbUp>2</ThumbUp><ThumbDown>0</ThumbDown><Sentiment>Strong Buy</Sentiment></Message><Message type="ReplyMessage"><Id>1359404894208-10</Id><Topic><Title>New Usps intl rates will ding Ebay. One of the best shorts now.....going to 40</Title><Username>autoover</Username><Timestamp>1359393659483</Timestamp><DateTime>Mon, 2013-01-28 12:20:59 EST</DateTime></Topic><Msg>You're not kidding!...Domestic rates are up too ...A three ounce First class mail package went from $1.64 to $2.07, that's more than a 26% increase. Priority rates are up similar numbers. What is with the Post Office that can't gradually increase rates. The costs must be passed on to the customer, but it should be more gradual, when the customer gets shocked, they won't buy, at least not until they realise they have no other choice.</Msg><Username>stoptheinsanity2000</Username><Timestamp>1359404894208</Timestamp><DateTime>Mon, 2013-01-28 15:28:14 EST</DateTime><ThumbUp>1</ThumbUp><ThumbDown>0</ThumbDown><Sentiment/></Message><Message type="TopicMessage"><Id>1359407326991-11</Id><Title>eBay almost minus one % today. Don't worry next 3 days should be 59.8 $</Title><Msg>Get more details here &amp; expect to see a MAJOR gap higher in the morning: EBAYhigh.4check.me</Msg><Username>jorge.kunz</Username><Timestamp>1359407326991</Timestamp><DateTime>Mon, 2013-01-28 16:08:46 EST</DateTime><ThumbUp>27</ThumbUp><ThumbDown>1</ThumbDown><Sentiment>Strong Buy</Sentiment></Message><Message type="ReplyMessage"><Id>1359410592866-12</Id><Topic><Title>New Usps intl rates will ding Ebay. One of the best shorts now.....going to 40</Title><Username>autoover</Username><Timestamp>1359393659483</Timestamp><DateTime>Mon, 2013-01-28 12:20:59 EST</DateTime></Topic><Msg>As a 14 year power seller, this is a shocking USPS international increase. It's up about 40 or 50% for all packages 4 pounds or less and it's up 25% for all non-U.S. packages of 4 pounds or more. I just eliminated all of my international buying options for my store of 6,000 items. No way I deal with the angry wave of international buyers that's coming this month. Millions less items will be available for non-U.S. buyers. Ebay and Amazon are both great short plays now</Msg><Username>contentsmatters</Username><Timestamp>1359410592866</Timestamp><DateTime>Mon, 2013-01-28 17:03:12 EST</DateTime><ThumbUp>0</ThumbUp><ThumbDown>0</ThumbDown><Sentiment>Strong Sell</Sentiment></Message><Message type="ReplyMessage"><Id>1359410829042-13</Id><Topic><Title>New Usps intl rates will ding Ebay. One of the best shorts now.....going to 40</Title><Username>autoover</Username><Timestamp>1359393659483</Timestamp><DateTime>Mon, 2013-01-28 12:20:59 EST</DateTime></Topic><Msg>yeah, that really blows... Even though Ebay has grown tremendously over the years, it has also been a momentum stock so far and any news of faltering sales will bring this down hard......</Msg><Username>autoover</Username><Timestamp>1359410829042</Timestamp><DateTime>Mon, 2013-01-28 17:07:09 EST</DateTime><ThumbUp>0</ThumbUp><ThumbDown>0</ThumbDown><Sentiment>Strong Sell</Sentiment></Message><Message type="ReplyMessage"><Id>1359411540352-14</Id><Topic><Title>eBay almost minus one % today. Don't worry next 3 days should be 59.8 $</Title><Username>jorge.kunz</Username><Timestamp>1359407326991</Timestamp><DateTime>Mon, 2013-01-28 16:08:46 EST</DateTime></Topic><Msg>very well written. I subscribed</Msg><Username>stevenhill681</Username><Timestamp>1359411540352</Timestamp><DateTime>Mon, 2013-01-28 17:19:00 EST</DateTime><ThumbUp>0</ThumbUp><ThumbDown>0</ThumbDown><Sentiment/></Message><Message type="TopicMessage"><Id>1359425452697-15</Id><Title>IR...Bank of Ireland</Title><Msg>the Bank of Ireland is about to turn the corner and now is a good time to get in..... the pps in Ireland and Europe are moving straight up on high volume.... The USA pps is lagging now....IRE</Msg><Username>stv_brent</Username><Timestamp>1359425452697</Timestamp><DateTime>Mon, 2013-01-28 21:10:52 EST</DateTime><ThumbUp>0</ThumbUp><ThumbDown>0</ThumbDown><Sentiment/></Message></Date>