<?xml version="1.0" encoding="UTF-8" standalone="no"?><Date date="2013-05-02"><Message type="TopicMessage"><Id>1367467486702-1</Id><Title>ebay</Title><Msg>or mercadomagico</Msg><Username>mercadomagico</Username><Timestamp>1367467486702</Timestamp><DateTime>Thu, 2013-05-02 00:04:46 EDT</DateTime><ThumbUp>0</ThumbUp><ThumbDown>0</ThumbDown><Sentiment/></Message><Message type="ReplyMessage"><Id>1367498246353-2</Id><Topic><Title>Good Morning From Fabulous Philadelphia</Title><Username>angel.madbezos</Username><Timestamp>1367338507220</Timestamp><DateTime>Tue, 2013-04-30 12:15:07 EDT</DateTime></Topic><Msg>DRIBBLES, The difference between you accusing me and I accusing you of being the fake Sully, is that at the end of the day, I know who I am, and you wish that you were me. ROTFLMAO!!! Sully</Msg><Username>sullyinmass2013</Username><Timestamp>1367498246353</Timestamp><DateTime>Thu, 2013-05-02 08:37:26 EDT</DateTime><ThumbUp>0</ThumbUp><ThumbDown>7</ThumbDown><Sentiment/></Message><Message type="TopicMessage"><Id>1367508721874-3</Id><Title>Ebay should double: Based on Ebay growth projection &amp; paypal going from 250k to 2million to 7 million store venues</Title><Msg>But but but, Ebay can't break $53 and stuck at $52s</Msg><Username>davidba1960</Username><Timestamp>1367508721874</Timestamp><DateTime>Thu, 2013-05-02 11:32:01 EDT</DateTime><ThumbUp>0</ThumbUp><ThumbDown>0</ThumbDown><Sentiment/></Message><Message type="TopicMessage"><Id>1367509229739-4</Id><Title>Good Morning Fellow Ebayers</Title><Msg>I have a new outlook on life It's not easy being sleazy ~ LOL</Msg><Username>ebay_pays_my_bills</Username><Timestamp>1367509229739</Timestamp><DateTime>Thu, 2013-05-02 11:40:29 EDT</DateTime><ThumbUp>1</ThumbUp><ThumbDown>5</ThumbDown><Sentiment/></Message><Message type="ReplyMessage"><Id>1367510092775-5</Id><Topic><Title>Ebay should double: Based on Ebay growth projection &amp; paypal going from 250k to 2million to 7 million store venues</Title><Username>davidba1960</Username><Timestamp>1367508721874</Timestamp><DateTime>Thu, 2013-05-02 11:32:01 EDT</DateTime></Topic><Msg>Hurr</Msg><Username>boomyy</Username><Timestamp>1367510092775</Timestamp><DateTime>Thu, 2013-05-02 11:54:52 EDT</DateTime><ThumbUp>0</ThumbUp><ThumbDown>0</ThumbDown><Sentiment/></Message><Message type="TopicMessage"><Id>1367510160231-6</Id><Title>BUY</Title><Msg>BUY!</Msg><Username>boomyy</Username><Timestamp>1367510160231</Timestamp><DateTime>Thu, 2013-05-02 11:56:00 EDT</DateTime><ThumbUp>1</ThumbUp><ThumbDown>0</ThumbDown><Sentiment/></Message><Message type="TopicMessage"><Id>1367511809682-7</Id><Title>tired of losing? check here now</Title><Msg>Free stock picks sent to your phone for free. What else more needs to be said? Sign up now! Txt YAHOO now to 5 5 5 - 8 8 8</Msg><Username>acallahan950</Username><Timestamp>1367511809682</Timestamp><DateTime>Thu, 2013-05-02 12:23:29 EDT</DateTime><ThumbUp>0</ThumbUp><ThumbDown>0</ThumbDown><Sentiment/></Message><Message type="ReplyMessage"><Id>1367518125265-8</Id><Topic><Title>Ebay should double: Based on Ebay growth projection &amp; paypal going from 250k to 2million to 7 million store venues</Title><Username>davidba1960</Username><Timestamp>1367508721874</Timestamp><DateTime>Thu, 2013-05-02 11:32:01 EDT</DateTime></Topic><Msg>Stuck at $53.50 today!! Friday stuck at $55.01</Msg><Username>acman40930</Username><Timestamp>1367518125265</Timestamp><DateTime>Thu, 2013-05-02 14:08:45 EDT</DateTime><ThumbUp>0</ThumbUp><ThumbDown>0</ThumbDown><Sentiment>Strong Buy</Sentiment></Message><Message type="ReplyMessage"><Id>1367518303621-9</Id><Topic><Title>Ebay back to $53, on the way to $54 this week.</Title><Username>acman40930</Username><Timestamp>1367343703823</Timestamp><DateTime>Tue, 2013-04-30 13:41:43 EDT</DateTime></Topic><Msg>Could be heading to $55 by Friday.</Msg><Username>acman40930</Username><Timestamp>1367518303621</Timestamp><DateTime>Thu, 2013-05-02 14:11:43 EDT</DateTime><ThumbUp>0</ThumbUp><ThumbDown>0</ThumbDown><Sentiment>Strong Buy</Sentiment></Message><Message type="TopicMessage"><Id>1367521906773-10</Id><Title>Ebay negative by what $.30 and now up by $1.20: all based on the same growth projections for Ebay &amp; PayPal</Title><Msg>PayPal reves could easily increase 10x imo</Msg><Username>davidba1960</Username><Timestamp>1367521906773</Timestamp><DateTime>Thu, 2013-05-02 15:11:46 EDT</DateTime><ThumbUp>1</ThumbUp><ThumbDown>0</ThumbDown><Sentiment/></Message><Message type="ReplyMessage"><Id>1367522701117-11</Id><Topic><Title>EBAY Going To $70 REALLY REALLY Fast... Here's why:</Title><Username>rogerdonna_1988</Username><Timestamp>1366191361541</Timestamp><DateTime>Wed, 2013-04-17 05:36:01 EDT</DateTime></Topic><Msg>PayPal exposure increasing 10x this year and 70x in a couple of years: 70x!!!!!!!!!!!!!!</Msg><Username>davidba1960</Username><Timestamp>1367522701117</Timestamp><DateTime>Thu, 2013-05-02 15:25:01 EDT</DateTime><ThumbUp>2</ThumbUp><ThumbDown>1</ThumbDown><Sentiment/></Message><Message type="ReplyMessage"><Id>1367544958583-12</Id><Topic><Title>Good Morning Fellow Ebayers</Title><Username>ebay_pays_my_bills</Username><Timestamp>1367509229739</Timestamp><DateTime>Thu, 2013-05-02 11:40:29 EDT</DateTime></Topic><Msg>Poor John Osborne, ex z50com, is it easy to grow weed on the off ramp while you dig in trash cans for food? I notice my sullied imposter still fights your lost board war but is way to broke to toss a nickel into your cup. Enjoy! ROTFLMAO!!!!!!!!!! Sully</Msg><Username>sullyinmass.2012</Username><Timestamp>1367544958583</Timestamp><DateTime>Thu, 2013-05-02 21:35:58 EDT</DateTime><ThumbUp>9</ThumbUp><ThumbDown>0</ThumbDown><Sentiment/></Message><Message type="ReplyMessage"><Id>1367545509618-13</Id><Topic><Title>Good Morning From Fabulous Philadelphia</Title><Username>angel.madbezos</Username><Timestamp>1367338507220</Timestamp><DateTime>Tue, 2013-04-30 12:15:07 EDT</DateTime></Topic><Msg>DRIBBLES, fake sullied. The difference is you DRIBBLE hate, you're outed on every board, broke with no life and puke sick daily sullied hate. Go be John's highway lady boy. You know you want to. You'll never be me, or a man. ROTFLMAO!!!!!!!!!!!!! Sully</Msg><Username>sullyinmass.2012</Username><Timestamp>1367545509618</Timestamp><DateTime>Thu, 2013-05-02 21:45:09 EDT</DateTime><ThumbUp>8</ThumbUp><ThumbDown>0</ThumbDown><Sentiment/></Message><Message type="ReplyMessage"><Id>1367545591036-14</Id><Topic><Title>Good Morning From Fabulous Philadelphia</Title><Username>angel.madbezos</Username><Timestamp>1367338507220</Timestamp><DateTime>Tue, 2013-04-30 12:15:07 EDT</DateTime></Topic><Msg>Look how the sullied one's spin and spin around your manliness... Too funny. I guess you own them now. Enjoy! ROTFLMAO!!!!!!!!!!!!! Sully</Msg><Username>sullyinmass.2012</Username><Timestamp>1367545591036</Timestamp><DateTime>Thu, 2013-05-02 21:46:31 EDT</DateTime><ThumbUp>6</ThumbUp><ThumbDown>0</ThumbDown><Sentiment/></Message></Date>