<?xml version="1.0" encoding="UTF-8" standalone="no"?><Date date="2012-11-06"><Message type="ReplyMessage"><Id>1352189310406-1</Id><Topic><Title>500 Military Leaders Urge U to Vote</Title><Username>robfisk</Username><Timestamp>1352168633434</Timestamp><DateTime>Mon, 2012-11-05 21:23:53 EST</DateTime></Topic><Msg>More last ditch #$%$. Do not let these low lives control your vote. This election is the last time the boss whites, uneducated elites get their way. Next election 2016, and beyond their tent of voters will be the size of a pup tent and shrinking.</Msg><Username>minnflier</Username><Timestamp>1352189310406</Timestamp><DateTime>Tue, 2012-11-06 03:08:30 EST</DateTime><ThumbUp>0</ThumbUp><ThumbDown>4</ThumbDown><Sentiment/></Message><Message type="ReplyMessage"><Id>1352189601433-2</Id><Topic><Title>Censors are out, last chance to ditch Barricare</Title><Username>robfisk</Username><Timestamp>1352158694162</Timestamp><DateTime>Mon, 2012-11-05 18:38:14 EST</DateTime></Topic><Msg>Yes, these panels exist today. people who can not afford healthcare are dieing. whey because they can not afford healthcare. obama will fix this and cut the rising expenses of the pill pushing industry.</Msg><Username>minnflier</Username><Timestamp>1352189601433</Timestamp><DateTime>Tue, 2012-11-06 03:13:21 EST</DateTime><ThumbUp>0</ThumbUp><ThumbDown>4</ThumbDown><Sentiment/></Message><Message type="ReplyMessage"><Id>1352207282974-3</Id><Topic><Title>Hardened Crimals endorsing Romney</Title><Username>gishphoric</Username><Timestamp>1352147012290</Timestamp><DateTime>Mon, 2012-11-05 15:23:32 EST</DateTime></Topic><Msg>No, they endorse Obama fool. Romney would have all our cars made in China in Bain factories. Yet the main reason is the Chinese really make great locks, better security.</Msg><Username>minnflier</Username><Timestamp>1352207282974</Timestamp><DateTime>Tue, 2012-11-06 08:08:02 EST</DateTime><ThumbUp>1</ThumbUp><ThumbDown>8</ThumbDown><Sentiment/></Message><Message type="ReplyMessage"><Id>1352208724768-4</Id><Topic><Title>Censors are out, last chance to ditch Barricare</Title><Username>robfisk</Username><Timestamp>1352158694162</Timestamp><DateTime>Mon, 2012-11-05 18:38:14 EST</DateTime></Topic><Msg>Just a plain simple lie.</Msg><Username>ellerbebil2</Username><Timestamp>1352208724768</Timestamp><DateTime>Tue, 2012-11-06 08:32:04 EST</DateTime><ThumbUp>0</ThumbUp><ThumbDown>8</ThumbDown><Sentiment/></Message><Message type="ReplyMessage"><Id>1352208848822-5</Id><Topic><Title>Censors are out, last chance to ditch Barricare</Title><Username>robfisk</Username><Timestamp>1352158694162</Timestamp><DateTime>Mon, 2012-11-05 18:38:14 EST</DateTime></Topic><Msg>They are voting against Obama because he is attempting to cut out some of the waste of the doctors. Doctors vote with their wallet, not with the idea of good care.</Msg><Username>ellerbebil2</Username><Timestamp>1352208848822</Timestamp><DateTime>Tue, 2012-11-06 08:34:08 EST</DateTime><ThumbUp>0</ThumbUp><ThumbDown>7</ThumbDown><Sentiment/></Message><Message type="ReplyMessage"><Id>1352208903380-6</Id><Topic><Title>Censors are out, last chance to ditch Barricare</Title><Username>robfisk</Username><Timestamp>1352158694162</Timestamp><DateTime>Mon, 2012-11-05 18:38:14 EST</DateTime></Topic><Msg>Pure and simple lie.</Msg><Username>ellerbebil2</Username><Timestamp>1352208903380</Timestamp><DateTime>Tue, 2012-11-06 08:35:03 EST</DateTime><ThumbUp>0</ThumbUp><ThumbDown>8</ThumbDown><Sentiment/></Message><Message type="ReplyMessage"><Id>1352213086607-7</Id><Topic><Title>Hardened Crimals endorsing Romney</Title><Username>gishphoric</Username><Timestamp>1352147012290</Timestamp><DateTime>Mon, 2012-11-05 15:23:32 EST</DateTime></Topic><Msg>The seniles had their last hurrah in 2010. It will take decades to undo the damage the Me generation has done to this country, but the process is beginning.</Msg><Username>ricky18201</Username><Timestamp>1352213086607</Timestamp><DateTime>Tue, 2012-11-06 09:44:46 EST</DateTime><ThumbUp>1</ThumbUp><ThumbDown>6</ThumbDown><Sentiment/></Message><Message type="TopicMessage"><Id>1352214361610-8</Id><Title>CHAVEZ, PUTIN AND CASTRO SUPPORT OBAMA! THAT SAYS IT ALL!</Title><Msg>Obozo must go!</Msg><Username>downgoesobama</Username><Timestamp>1352214361610</Timestamp><DateTime>Tue, 2012-11-06 10:06:01 EST</DateTime><ThumbUp>8</ThumbUp><ThumbDown>8</ThumbDown><Sentiment/></Message><Message type="ReplyMessage"><Id>1352214509357-9</Id><Topic><Title>Gigi George Endorses -- !</Title><Username>gishphoric</Username><Timestamp>1352131737390</Timestamp><DateTime>Mon, 2012-11-05 11:08:57 EST</DateTime></Topic><Msg>Never heard of Gigi Georges. I have heard of Chris Christie &amp; Colin Powell.</Msg><Username>ricky18201</Username><Timestamp>1352214509357</Timestamp><DateTime>Tue, 2012-11-06 10:08:29 EST</DateTime><ThumbUp>0</ThumbUp><ThumbDown>7</ThumbDown><Sentiment/></Message><Message type="TopicMessage"><Id>1352214544368-10</Id><Title>Navy Seals (ex) monitor Black Panthers</Title><Msg>at voting polls today. You will see the NBPP on their best behavior. ummm.... I'm hoping for a good story line. Who brings a baton to a hand fight.</Msg><Username>gishphoric</Username><Timestamp>1352214544368</Timestamp><DateTime>Tue, 2012-11-06 10:09:04 EST</DateTime><ThumbUp>3</ThumbUp><ThumbDown>1</ThumbDown><Sentiment/></Message><Message type="ReplyMessage"><Id>1352215798468-11</Id><Topic><Title>Center For Immigration Job Report</Title><Username>robfisk</Username><Timestamp>1352159757113</Timestamp><DateTime>Mon, 2012-11-05 18:55:57 EST</DateTime></Topic><Msg>Depends on if he provides the buses for them or just continues to ignore and not prosecute the laws on the books. If Holder stays, assuming the worst, and Obama actually wins, they will flock to the US as if the economy was going great guns. Boy will they be surprised!</Msg><Username>winholder</Username><Timestamp>1352215798468</Timestamp><DateTime>Tue, 2012-11-06 10:29:58 EST</DateTime><ThumbUp>5</ThumbUp><ThumbDown>0</ThumbDown><Sentiment/></Message><Message type="ReplyMessage"><Id>1352215874783-12</Id><Topic><Title>Gigi George Endorses -- !</Title><Username>gishphoric</Username><Timestamp>1352131737390</Timestamp><DateTime>Mon, 2012-11-05 11:08:57 EST</DateTime></Topic><Msg>Unlike yours, my head is not continually staring at the Fox News b**b tube..</Msg><Username>ricky18201</Username><Timestamp>1352215874783</Timestamp><DateTime>Tue, 2012-11-06 10:31:14 EST</DateTime><ThumbUp>1</ThumbUp><ThumbDown>4</ThumbDown><Sentiment/></Message><Message type="ReplyMessage"><Id>1352216946714-13</Id><Topic><Title>Navy Seals (ex) monitor Black Panthers</Title><Username>gishphoric</Username><Timestamp>1352214544368</Timestamp><DateTime>Tue, 2012-11-06 10:09:04 EST</DateTime></Topic><Msg>Too bad the NBPP doesn't show up at my poll in AZ. It would be interesting. Many Arizonans carry concealed. I think too that Sheriff Joe of Maricopa County would put a stop to them very quickly. Not like the slug police in Philadelphia.</Msg><Username>lewcor</Username><Timestamp>1352216946714</Timestamp><DateTime>Tue, 2012-11-06 10:49:06 EST</DateTime><ThumbUp>6</ThumbUp><ThumbDown>3</ThumbDown><Sentiment/></Message><Message type="ReplyMessage"><Id>1352219847674-14</Id><Topic><Title>Why do most Republicans vote against their own best interests?</Title><Username>kit3taylor</Username><Timestamp>1352124286466</Timestamp><DateTime>Mon, 2012-11-05 09:04:46 EST</DateTime></Topic><Msg>Most repuks are greedy like the bush clan and need a good #$%$ kicking.</Msg><Username>orri1934</Username><Timestamp>1352219847674</Timestamp><DateTime>Tue, 2012-11-06 11:37:27 EST</DateTime><ThumbUp>3</ThumbUp><ThumbDown>6</ThumbDown><Sentiment/></Message><Message type="ReplyMessage"><Id>1352220043769-15</Id><Topic><Title>Navy Seals (ex) monitor Black Panthers</Title><Username>gishphoric</Username><Timestamp>1352214544368</Timestamp><DateTime>Tue, 2012-11-06 10:09:04 EST</DateTime></Topic><Msg>Porn group backs romy.</Msg><Username>orri1934</Username><Timestamp>1352220043769</Timestamp><DateTime>Tue, 2012-11-06 11:40:43 EST</DateTime><ThumbUp>0</ThumbUp><ThumbDown>4</ThumbDown><Sentiment/></Message><Message type="TopicMessage"><Id>1352221714101-16</Id><Title>Tough going for T..</Title><Msg>Nothing seems to move this stock lately - doesn't even follow the general market up anymore. No interest in T at all.</Msg><Username>mikerego19</Username><Timestamp>1352221714101</Timestamp><DateTime>Tue, 2012-11-06 12:08:34 EST</DateTime><ThumbUp>3</ThumbUp><ThumbDown>0</ThumbDown><Sentiment>Hold</Sentiment></Message><Message type="TopicMessage"><Id>1352221922918-17</Id><Title>Multiple personality disorder...</Title><Msg>... A conservative, a liberal and an independant walk into a bar...the bartender says, "Hi, Mitt !"</Msg><Username>echo2165</Username><Timestamp>1352221922918</Timestamp><DateTime>Tue, 2012-11-06 12:12:02 EST</DateTime><ThumbUp>2</ThumbUp><ThumbDown>6</ThumbDown><Sentiment/></Message><Message type="ReplyMessage"><Id>1352222451809-18</Id><Topic><Title>Tough going for T..</Title><Username>mikerego19</Username><Timestamp>1352221714101</Timestamp><DateTime>Tue, 2012-11-06 12:08:34 EST</DateTime></Topic><Msg>Nice to see a comment on this board about T for a change, instead of opinions on politics. I too can't understand the large stock price movements, without apparent reasons.</Msg><Username>droach19</Username><Timestamp>1352222451809</Timestamp><DateTime>Tue, 2012-11-06 12:20:51 EST</DateTime><ThumbUp>3</ThumbUp><ThumbDown>0</ThumbDown><Sentiment>Hold</Sentiment></Message><Message type="TopicMessage"><Id>1352222532634-19</Id><Title>Watch $34.50....</Title><Msg>T hasn't closed below $34.50 in 5 MONTHS - hope it holds that and turns around soon and stops the constant bleeding. But I don't see any catalyst for interest in this stock. The expected (but NOT yet announced) penny increase in the quarterly dividend? Yawnnnnnn.</Msg><Username>mikerego19</Username><Timestamp>1352222532634</Timestamp><DateTime>Tue, 2012-11-06 12:22:12 EST</DateTime><ThumbUp>0</ThumbUp><ThumbDown>0</ThumbDown><Sentiment/></Message><Message type="ReplyMessage"><Id>1352222584265-20</Id><Topic><Title>Navy Seals (ex) monitor Black Panthers</Title><Username>gishphoric</Username><Timestamp>1352214544368</Timestamp><DateTime>Tue, 2012-11-06 10:09:04 EST</DateTime></Topic><Msg>Two guys in Philly make themselves look like idiots for a couple of hours and you guys obsess over it for four years. Grow up. There have been dogged efforts to suppress the vote this election cycle, but they have nothing to do with a couple of #$%$ in Philly. They have alot to do with powerful people holding high office in certain states.</Msg><Username>ricky18201</Username><Timestamp>1352222584265</Timestamp><DateTime>Tue, 2012-11-06 12:23:04 EST</DateTime><ThumbUp>0</ThumbUp><ThumbDown>6</ThumbDown><Sentiment/></Message><Message type="ReplyMessage"><Id>1352223239337-21</Id><Topic><Title>Watch $34.50....</Title><Username>mikerego19</Username><Timestamp>1352222532634</Timestamp><DateTime>Tue, 2012-11-06 12:22:12 EST</DateTime></Topic><Msg>I did put a call at $34.53 (strike).</Msg><Username>ilm328</Username><Timestamp>1352223239337</Timestamp><DateTime>Tue, 2012-11-06 12:33:59 EST</DateTime><ThumbUp>0</ThumbUp><ThumbDown>0</ThumbDown><Sentiment>Strong Buy</Sentiment></Message><Message type="ReplyMessage"><Id>1352224135621-22</Id><Topic><Title>Tough going for T..</Title><Username>mikerego19</Username><Timestamp>1352221714101</Timestamp><DateTime>Tue, 2012-11-06 12:08:34 EST</DateTime></Topic><Msg>The political hucksters are bad enough, the spammers are atrocious!</Msg><Username>timetraveler2u</Username><Timestamp>1352224135621</Timestamp><DateTime>Tue, 2012-11-06 12:48:55 EST</DateTime><ThumbUp>3</ThumbUp><ThumbDown>0</ThumbDown><Sentiment/></Message><Message type="TopicMessage"><Id>1352225043441-23</Id><Title>Sell the RIPS, they are, soon no buyers</Title><Msg>Sell the RIPS, they are, soon no buyers</Msg><Username>coinmaker77</Username><Timestamp>1352225043441</Timestamp><DateTime>Tue, 2012-11-06 13:04:03 EST</DateTime><ThumbUp>0</ThumbUp><ThumbDown>1</ThumbDown><Sentiment>Strong Sell</Sentiment></Message><Message type="ReplyMessage"><Id>1352226387835-24</Id><Topic><Title>Navy Seals (ex) monitor Black Panthers</Title><Username>gishphoric</Username><Timestamp>1352214544368</Timestamp><DateTime>Tue, 2012-11-06 10:09:04 EST</DateTime></Topic><Msg>"Grow up. There have been dogged efforts to suppress the vote this election cycle" Go look in the mirror if you want to someone who needs to "grow up" Ricky. The only dogged efforts made to suppress the vote of qualified American voters are in your imagination.</Msg><Username>ramsdude46</Username><Timestamp>1352226387835</Timestamp><DateTime>Tue, 2012-11-06 13:26:27 EST</DateTime><ThumbUp>2</ThumbUp><ThumbDown>0</ThumbDown><Sentiment/></Message><Message type="TopicMessage"><Id>1352227059132-25</Id><Title>Yeah..Sell AT&amp;T right before the holidays where millions of idevices get added and</Title><Msg>ALL the carriers benefit..no wonder you idioots lose money!!! MOBILE EVERYTHING = $$$..get a clue!!</Msg><Username>rmbdata</Username><Timestamp>1352227059132</Timestamp><DateTime>Tue, 2012-11-06 13:37:39 EST</DateTime><ThumbUp>1</ThumbUp><ThumbDown>0</ThumbDown><Sentiment/></Message><Message type="TopicMessage"><Id>1352227103891-26</Id><Title>What's wrong with T?</Title><Msg>Why is T giving up all its gains, and then some? Something is seriously wrong!</Msg><Username>catfisherman201</Username><Timestamp>1352227103891</Timestamp><DateTime>Tue, 2012-11-06 13:38:23 EST</DateTime><ThumbUp>0</ThumbUp><ThumbDown>0</ThumbDown><Sentiment/></Message><Message type="ReplyMessage"><Id>1352227290950-27</Id><Topic><Title>Yeah..Sell AT&amp;T right before the holidays where millions of idevices get added and</Title><Username>rmbdata</Username><Timestamp>1352227059132</Timestamp><DateTime>Tue, 2012-11-06 13:37:39 EST</DateTime></Topic><Msg>Yeah, but the hit is only on T, not all telecoms.Why?</Msg><Username>catfisherman201</Username><Timestamp>1352227290950</Timestamp><DateTime>Tue, 2012-11-06 13:41:30 EST</DateTime><ThumbUp>0</ThumbUp><ThumbDown>0</ThumbDown><Sentiment/></Message><Message type="ReplyMessage"><Id>1352227811007-28</Id><Topic><Title>What's wrong with T?</Title><Username>catfisherman201</Username><Timestamp>1352227103891</Timestamp><DateTime>Tue, 2012-11-06 13:38:23 EST</DateTime></Topic><Msg>Hard to find a stock in the red today - but that's business as usual for T since ex-div date. Major sell off/correction going on.</Msg><Username>mikerego19</Username><Timestamp>1352227811007</Timestamp><DateTime>Tue, 2012-11-06 13:50:11 EST</DateTime><ThumbUp>0</ThumbUp><ThumbDown>0</ThumbDown><Sentiment/></Message><Message type="ReplyMessage"><Id>1352227905927-29</Id><Topic><Title>Multiple personality disorder...</Title><Username>echo2165</Username><Timestamp>1352221922918</Timestamp><DateTime>Tue, 2012-11-06 12:12:02 EST</DateTime></Topic><Msg>Hey robfisk, think your guys are going to reach to President Obama the next four years? Didn't think so.</Msg><Username>lv66vette</Username><Timestamp>1352227905927</Timestamp><DateTime>Tue, 2012-11-06 13:51:45 EST</DateTime><ThumbUp>2</ThumbUp><ThumbDown>6</ThumbDown><Sentiment/></Message><Message type="ReplyMessage"><Id>1352228075609-30</Id><Topic><Title>Why do most Republicans vote against their own best interests?</Title><Username>kit3taylor</Username><Timestamp>1352124286466</Timestamp><DateTime>Mon, 2012-11-05 09:04:46 EST</DateTime></Topic><Msg>They are going to get a good one today. Goodbye Bishop Rmoney.</Msg><Username>lv66vette</Username><Timestamp>1352228075609</Timestamp><DateTime>Tue, 2012-11-06 13:54:35 EST</DateTime><ThumbUp>1</ThumbUp><ThumbDown>2</ThumbDown><Sentiment/></Message><Message type="ReplyMessage"><Id>1352228274849-31</Id><Topic><Title>Navy Seals (ex) monitor Black Panthers</Title><Username>gishphoric</Username><Timestamp>1352214544368</Timestamp><DateTime>Tue, 2012-11-06 10:09:04 EST</DateTime></Topic><Msg>... Again, more signs of last minute desperation and nothing left but the same old nonsense…this bogus story about bogie men Panthers at the polls was tried two years ago just before the election. Your mouthpiece of the time, Dale (read winhjonrob) was spreading the same #$%$. Here’s my response which simply stated that the right wing’s own National Review was telling fools like Dale to grow up. The same still stands for you clowns. Voter suppression orchestrated by the GOP has been a major issue in many states, and it’s all because the shrinking ranks of the GOP lead them to believe they cannot win any other way without cheating and gerrymandering. Accuse the other side of cheating, then do it yourself. Posted here Oct., 2010 "Where is the Obama/Holder Justice Department? They've turned a blind eye... The New Black Panthers case instructed everyone on how they would approach voter fraud and intimidation if it served the Democrat cause." - Dale How pathetic – don’t you even read your own “Bible”, The National Review? The New Black Panther Case: A Conservative Dissent Abigail Thernstrom, The National Review, July, 2010 “Forget about the New Black Panther Party case; it is very small potatoes In the 45 years since the act was passed, there have been a total of three successful prosecutions. The incident involved only two Panthers at a single majority-black precinct in Philadelphia. So far — after months of hearings, testimony and investigation — no one has produced actual evidence that any voters were too scared to cast their ballots. Too much overheated rhetoric filled with insinuations and unsubstantiated charges has been devoted to this case… The two Panthers have been described as ‘armed’ — which suggests guns. One of them was carrying a billy club, and it is alleged that his repeated slapping of the club against his palm constituted brandishing it in a menacing way. They have also been described as wearing “jackboots,” but the boots were no different from a pair my husband owns. There are plenty of grounds on which to sharply criticize the attorney general…but this particular overblown attack threatens to UNDERMINE THE CRDIBILITY OF HIS CONSERVATIVE CRITICS.” Dale, Ms. Thernstrom’s column goes on to warn about the always controversial, Federal “preclearance” of redistricting maps – now there’s a political hot potato worthy of debate, but sadly, not one with which you can bludgeon and scare your intended, non-thinking constituents. Stick with “birth place, he’s a Muslim, he’s a #$%$, Michelle’s gonna’ visit #$%$ on “vacation”, Bo is a gay dog (okay, I made that one up) and other issues that resonate with your voter base. It would also appear that, apparently fearful that the gains you expect to make next Tuesday might fall somewhat short of your expectations, with Limbaugh leading the way yesterday, you’ve already decided to claim voter fraud days before the election. Now, that’s very responsible politics – if you want to start a civil war. (which, btw, listening to many of the Tea Party candidates, seems to be the case.)</Msg><Username>echo2165</Username><Timestamp>1352228274849</Timestamp><DateTime>Tue, 2012-11-06 13:57:54 EST</DateTime><ThumbUp>0</ThumbUp><ThumbDown>3</ThumbDown><Sentiment/></Message><Message type="ReplyMessage"><Id>1352228326459-32</Id><Topic><Title>Center For Immigration Job Report</Title><Username>robfisk</Username><Timestamp>1352159757113</Timestamp><DateTime>Mon, 2012-11-05 18:55:57 EST</DateTime></Topic><Msg>More jon2retard disinformation. The illegals have been going back home since 2007, because the lack of jobs do to Bush's recession.</Msg><Username>lv66vette</Username><Timestamp>1352228326459</Timestamp><DateTime>Tue, 2012-11-06 13:58:46 EST</DateTime><ThumbUp>0</ThumbUp><ThumbDown>7</ThumbDown><Sentiment/></Message><Message type="ReplyMessage"><Id>1352228878599-33</Id><Topic><Title>Tough going for T..</Title><Username>mikerego19</Username><Timestamp>1352221714101</Timestamp><DateTime>Tue, 2012-11-06 12:08:34 EST</DateTime></Topic><Msg>Down 15 out of 20 sessions since ex-dividend (exactly 1 month ago) !! Down on good market days, down on bad market days, down on flat market days - very ugly. Lost about 10% of it's value in that time - classic correction.</Msg><Username>mikerego19</Username><Timestamp>1352228878599</Timestamp><DateTime>Tue, 2012-11-06 14:07:58 EST</DateTime><ThumbUp>0</ThumbUp><ThumbDown>0</ThumbDown><Sentiment/></Message><Message type="TopicMessage"><Id>1352230349061-34</Id><Title>EGI Entree Gold - News on Mongolian Copper Mine on fire $.58 +0.075 (+14.85%) t pcfg aumy cbis</Title><Msg>EGI Entree Gold - News on Mongolian Copper Mine on fire $.58 +0.075 (+14.85%) t pcfg aumy cbis</Msg><Username>cowboyman613</Username><Timestamp>1352230349061</Timestamp><DateTime>Tue, 2012-11-06 14:32:29 EST</DateTime><ThumbUp>0</ThumbUp><ThumbDown>1</ThumbDown><Sentiment>Strong Buy</Sentiment></Message><Message type="TopicMessage"><Id>1352230615997-35</Id><Title>"Origin of Left and Right"</Title><Msg>"Origin of Left and Right" 'I have often wondered why it is that Conservatives are called the "right"and Liberals are called the "left." ' By chance I stumbled upon this verse in the Bible: "The heart of the wise inclines to the right, but the heart of the fool to the left." Ecclesiastes 10:2 (NIV) Thus sayeth the Lord. Amen. Can't get any simpler than that. Spelling Lesson The last four letters in American..........I Can The last four letters in Republican.......I Can The last four letters in Democrats.........Rats End of lesson. Test to follow in November, 2012 Remember, November is National Rodent Extermination Month.</Msg><Username>pinhighshot</Username><Timestamp>1352230615997</Timestamp><DateTime>Tue, 2012-11-06 14:36:55 EST</DateTime><ThumbUp>6</ThumbUp><ThumbDown>1</ThumbDown><Sentiment/></Message><Message type="ReplyMessage"><Id>1352230781085-36</Id><Topic><Title>Navy Seals (ex) monitor Black Panthers</Title><Username>gishphoric</Username><Timestamp>1352214544368</Timestamp><DateTime>Tue, 2012-11-06 10:09:04 EST</DateTime></Topic><Msg>The problem is that they and the Democrats are slow learners, because the Panthers are back again this year.</Msg><Username>pinhighshot</Username><Timestamp>1352230781085</Timestamp><DateTime>Tue, 2012-11-06 14:39:41 EST</DateTime><ThumbUp>3</ThumbUp><ThumbDown>0</ThumbDown><Sentiment/></Message><Message type="ReplyMessage"><Id>1352232374007-37</Id><Topic><Title>Yeah..Sell AT&amp;T right before the holidays where millions of idevices get added and</Title><Username>rmbdata</Username><Timestamp>1352227059132</Timestamp><DateTime>Tue, 2012-11-06 13:37:39 EST</DateTime></Topic><Msg>because weak hands listen the tardbutts on CNBC talk about divi cuts if Obama blah blah blah...the same clowns promote Apple,,whothefck do they think gets all the repeat data revenue?? Mobile data movement is so huge its beyond their peabrain mental capacities!!!!</Msg><Username>rmbdata</Username><Timestamp>1352232374007</Timestamp><DateTime>Tue, 2012-11-06 15:06:14 EST</DateTime><ThumbUp>0</ThumbUp><ThumbDown>0</ThumbDown><Sentiment/></Message><Message type="ReplyMessage"><Id>1352232514416-38</Id><Topic><Title>Yeah..Sell AT&amp;T right before the holidays where millions of idevices get added and</Title><Username>rmbdata</Username><Timestamp>1352227059132</Timestamp><DateTime>Tue, 2012-11-06 13:37:39 EST</DateTime></Topic><Msg>meant to say " divi taxes " ..sorry...same blowhard MM CNBC hedge buddies have been sayin that since T was at 27$...tards</Msg><Username>rmbdata</Username><Timestamp>1352232514416</Timestamp><DateTime>Tue, 2012-11-06 15:08:34 EST</DateTime><ThumbUp>0</ThumbUp><ThumbDown>0</ThumbDown><Sentiment/></Message><Message type="ReplyMessage"><Id>1352233902638-39</Id><Topic><Title>Multiple personality disorder...</Title><Username>echo2165</Username><Timestamp>1352221922918</Timestamp><DateTime>Tue, 2012-11-06 12:12:02 EST</DateTime></Topic><Msg>Taxes under Obama are at an all-time high is a myth (!!) If you buy this "one", congratulations: You've (??) failed not just history, but economics as well. Between the combined burden of federal, state, and local income taxes, Americans are parting with the smallest share of their income since 1958. The Bureau of Economic Analysis says we pay 23.6 percent of what we make, down from an average of about 27 percent during the 1970s, 1980s and 1990s.</Msg><Username>jon3retiired</Username><Timestamp>1352233902638</Timestamp><DateTime>Tue, 2012-11-06 15:31:42 EST</DateTime><ThumbUp>1</ThumbUp><ThumbDown>3</ThumbDown><Sentiment/></Message><Message type="ReplyMessage"><Id>1352234481533-40</Id><Topic><Title>"Origin of Left and Right"</Title><Username>pinhighshot</Username><Timestamp>1352230615997</Timestamp><DateTime>Tue, 2012-11-06 14:36:55 EST</DateTime></Topic><Msg>You are right "It can't get much simplier than that". Glad you said it, simpleton.</Msg><Username>ellerbebil2</Username><Timestamp>1352234481533</Timestamp><DateTime>Tue, 2012-11-06 15:41:21 EST</DateTime><ThumbUp>2</ThumbUp><ThumbDown>6</ThumbDown><Sentiment/></Message><Message type="ReplyMessage"><Id>1352234686232-41</Id><Topic><Title>"Origin of Left and Right"</Title><Username>pinhighshot</Username><Timestamp>1352230615997</Timestamp><DateTime>Tue, 2012-11-06 14:36:55 EST</DateTime></Topic><Msg>"pinhigh"..I thiink that it is destructive (!!) to diviede..up the AmerICAN people this way. "We" should pull togehter (??) now..</Msg><Username>jon3retiired</Username><Timestamp>1352234686232</Timestamp><DateTime>Tue, 2012-11-06 15:44:46 EST</DateTime><ThumbUp>2</ThumbUp><ThumbDown>1</ThumbDown><Sentiment/></Message><Message type="ReplyMessage"><Id>1352236217610-42</Id><Topic><Title>Tough going for T..</Title><Username>mikerego19</Username><Timestamp>1352221714101</Timestamp><DateTime>Tue, 2012-11-06 12:08:34 EST</DateTime></Topic><Msg>Long term we're OK.</Msg><Username>kenp1145</Username><Timestamp>1352236217610</Timestamp><DateTime>Tue, 2012-11-06 16:10:17 EST</DateTime><ThumbUp>1</ThumbUp><ThumbDown>2</ThumbDown><Sentiment>Strong Buy</Sentiment></Message><Message type="ReplyMessage"><Id>1352237809010-43</Id><Topic><Title>Sorry Shorty</Title><Username>shipleyinsuranceservices</Username><Timestamp>1351709624100</Timestamp><DateTime>Wed, 2012-10-31 14:53:44 EDT</DateTime></Topic><Msg>I still see a downtrend for a while too.</Msg><Username>coulddobetter</Username><Timestamp>1352237809010</Timestamp><DateTime>Tue, 2012-11-06 16:36:49 EST</DateTime><ThumbUp>2</ThumbUp><ThumbDown>1</ThumbDown><Sentiment/></Message><Message type="ReplyMessage"><Id>1352238421013-44</Id><Topic><Title>Closely OBSERVE the FAKE POSTER</Title><Username>jon3retired</Username><Timestamp>1352237417645</Timestamp><DateTime>Tue, 2012-11-06 16:30:17 EST</DateTime></Topic><Msg>Don't worry Jon. I'm sure the fake one will give himself away with his words. We know the real one.</Msg><Username>coulddobetter</Username><Timestamp>1352238421013</Timestamp><DateTime>Tue, 2012-11-06 16:47:01 EST</DateTime><ThumbUp>6</ThumbUp><ThumbDown>3</ThumbDown><Sentiment/></Message><Message type="TopicMessage"><Id>1352241118312-45</Id><Title>Dancing or Rioting</Title><Msg>In the city streets tonight. I think I will read about it in the morning paper.</Msg><Username>cmontx</Username><Timestamp>1352241118312</Timestamp><DateTime>Tue, 2012-11-06 17:31:58 EST</DateTime><ThumbUp>2</ThumbUp><ThumbDown>0</ThumbDown><Sentiment/></Message><Message type="ReplyMessage"><Id>1352241350468-46</Id><Topic><Title>Closely OBSERVE the FAKE POSTER</Title><Username>jon3retired</Username><Timestamp>1352237417645</Timestamp><DateTime>Tue, 2012-11-06 16:30:17 EST</DateTime></Topic><Msg>I have used ellerbebil for about 12 years and have never posted under any other name. ellerbe is the small town where i grew up in NC.</Msg><Username>ellerbebil2</Username><Timestamp>1352241350468</Timestamp><DateTime>Tue, 2012-11-06 17:35:50 EST</DateTime><ThumbUp>5</ThumbUp><ThumbDown>5</ThumbDown><Sentiment/></Message><Message type="TopicMessage"><Id>1352241353055-47</Id><Title>Reely Exciting news (!!)</Title><Msg>"I'm" exited about this .. (!!) How aout YOU (??)..it will be wonderful to have the SMART, gracious MR. OBAMA as PRESIDENT, insted of that flop-flipping spawn of POLYMAGNITSTS RONMEY (!!) "As the last full day of the 2012 presidential campaign gets under way, the prediction remains the same as it was nearly nine months ago: President Barack Obama will win reelection with 303 electoral votes, winning Ohio and Virginia but losing Florida to Gov. Mitt Romney."</Msg><Username>jon3retiired</Username><Timestamp>1352241353055</Timestamp><DateTime>Tue, 2012-11-06 17:35:53 EST</DateTime><ThumbUp>4</ThumbUp><ThumbDown>4</ThumbDown><Sentiment/></Message><Message type="ReplyMessage"><Id>1352241581726-48</Id><Topic><Title>Closely OBSERVE the FAKE POSTER</Title><Username>jon3retired</Username><Timestamp>1352237417645</Timestamp><DateTime>Tue, 2012-11-06 16:30:17 EST</DateTime></Topic><Msg>"Unn huh" (!!)..No "WAY".. cause that would mean that moor than ONE "person"..on this "BOARD" knows that "I" am IGNANT. Iliterated waste of "OCXYGEN".</Msg><Username>jon3retiired</Username><Timestamp>1352241581726</Timestamp><DateTime>Tue, 2012-11-06 17:39:41 EST</DateTime><ThumbUp>3</ThumbUp><ThumbDown>5</ThumbDown><Sentiment/></Message><Message type="ReplyMessage"><Id>1352241685595-49</Id><Topic><Title>Dancing or Rioting</Title><Username>cmontx</Username><Timestamp>1352241118312</Timestamp><DateTime>Tue, 2012-11-06 17:31:58 EST</DateTime></Topic><Msg>I wish I could "moo - ve" enough to do either (??) (bubbles)</Msg><Username>jon3retiired</Username><Timestamp>1352241685595</Timestamp><DateTime>Tue, 2012-11-06 17:41:25 EST</DateTime><ThumbUp>6</ThumbUp><ThumbDown>2</ThumbDown><Sentiment/></Message><Message type="ReplyMessage"><Id>1352242671501-50</Id><Topic><Title>Reely Exciting news (!!)</Title><Username>jon3retiired</Username><Timestamp>1352241353055</Timestamp><DateTime>Tue, 2012-11-06 17:35:53 EST</DateTime></Topic><Msg>Thumbs up. Though I think that the "fake alias" is likely just jon looking for still more attention, if it is not, you have pegged his writing "style" perfectly. What a mess.</Msg><Username>bigcity1943</Username><Timestamp>1352242671501</Timestamp><DateTime>Tue, 2012-11-06 17:57:51 EST</DateTime><ThumbUp>3</ThumbUp><ThumbDown>3</ThumbDown><Sentiment/></Message><Message type="ReplyMessage"><Id>1352243710994-51</Id><Topic><Title>Closely OBSERVE the FAKE POSTER</Title><Username>jon3retired</Username><Timestamp>1352237417645</Timestamp><DateTime>Tue, 2012-11-06 16:30:17 EST</DateTime></Topic><Msg>Hilarious! Well done. You really have to look for the extra "i" in the name - the writing is indistinguishable from the "real" thing. This should perk the board up a bit.</Msg><Username>bigcity1943</Username><Timestamp>1352243710994</Timestamp><DateTime>Tue, 2012-11-06 18:15:10 EST</DateTime><ThumbUp>2</ThumbUp><ThumbDown>4</ThumbDown><Sentiment/></Message><Message type="ReplyMessage"><Id>1352244261543-52</Id><Topic><Title>Dancing or Rioting</Title><Username>cmontx</Username><Timestamp>1352241118312</Timestamp><DateTime>Tue, 2012-11-06 17:31:58 EST</DateTime></Topic><Msg>I picked up some Obami signs, I carry them just in case. However, there is no one willing to put Barry's signs on their car, even here in the inner city. I know those people in Philadelphia are crazy, they again tried to intimadate voters at the same polling place. That's the problem with Eric Holder, he's a racist bully. Soon, we get decent men and women in these offices. Not crazed czars, trying to turn this Great Country into a banana republic.</Msg><Username>robfisk</Username><Timestamp>1352244261543</Timestamp><DateTime>Tue, 2012-11-06 18:24:21 EST</DateTime><ThumbUp>2</ThumbUp><ThumbDown>0</ThumbDown><Sentiment>Buy</Sentiment></Message><Message type="TopicMessage"><Id>1352244894188-53</Id><Title>Nokia Lumia 920</Title><Msg>will drive customers to AT&amp;T. At 2.77 I had to jump into NOK. Sales start Friday.</Msg><Username>jeffreber44</Username><Timestamp>1352244894188</Timestamp><DateTime>Tue, 2012-11-06 18:34:54 EST</DateTime><ThumbUp>0</ThumbUp><ThumbDown>0</ThumbDown><Sentiment/></Message><Message type="ReplyMessage"><Id>1352245610584-54</Id><Topic><Title>Center For Immigration Job Report</Title><Username>robfisk</Username><Timestamp>1352159757113</Timestamp><DateTime>Mon, 2012-11-05 18:55:57 EST</DateTime></Topic><Msg>Here in Maryland, I've heard that many Hispanics didn't show at the polls. I know Barry will be looking for someone to blame. I'm hearing on lib radio, some Blacks are blaming Hispanics for not showing up. It's a shame Barry should look in the mirror, on who blew an opportunity to bring people together. So many people, friends said they voted for Barry in 08. McCain was pretty lame. I forgave them. I reminded them, as Bachman-Turner said, you ain't seen nothing yet. America is about to get stuff done. No excuses, no wacky appointments. The Best of the Best, will be put in positions of power. Thank You, Seniors, America's Greatest Generation, Kid Rock, and WOMEN!!! Barry, and the Gang treated you as a sperme receptacles. You, are our Mothers, Daughters, and Grandmas. God Bless you all. Grandmas, if it wasn't for you, we in the Black Community would perish!</Msg><Username>robfisk</Username><Timestamp>1352245610584</Timestamp><DateTime>Tue, 2012-11-06 18:46:50 EST</DateTime><ThumbUp>2</ThumbUp><ThumbDown>0</ThumbDown><Sentiment>Buy</Sentiment></Message><Message type="ReplyMessage"><Id>1352245643217-55</Id><Topic><Title>CHAVEZ, PUTIN AND CASTRO SUPPORT OBAMA! THAT SAYS IT ALL!</Title><Username>downgoesobama</Username><Timestamp>1352214361610</Timestamp><DateTime>Tue, 2012-11-06 10:06:01 EST</DateTime></Topic><Msg>you're an I/D/I/O/T/ tonight your party R.I.P</Msg><Username>hrod57</Username><Timestamp>1352245643217</Timestamp><DateTime>Tue, 2012-11-06 18:47:23 EST</DateTime><ThumbUp>4</ThumbUp><ThumbDown>9</ThumbDown><Sentiment/></Message><Message type="ReplyMessage"><Id>1352245719782-56</Id><Topic><Title>What's wrong with T?</Title><Username>catfisherman201</Username><Timestamp>1352227103891</Timestamp><DateTime>Tue, 2012-11-06 13:38:23 EST</DateTime></Topic><Msg>look at the 200 and 50 DMA's I warned sell when it was at 38.....Sell....Sell</Msg><Username>hrod57</Username><Timestamp>1352245719782</Timestamp><DateTime>Tue, 2012-11-06 18:48:39 EST</DateTime><ThumbUp>0</ThumbUp><ThumbDown>2</ThumbDown><Sentiment/></Message><Message type="ReplyMessage"><Id>1352246757046-57</Id><Topic><Title>CHAVEZ, PUTIN AND CASTRO SUPPORT OBAMA! THAT SAYS IT ALL!</Title><Username>downgoesobama</Username><Timestamp>1352214361610</Timestamp><DateTime>Tue, 2012-11-06 10:06:01 EST</DateTime></Topic><Msg>"I" tink thjat you should have more "RESPECT" for the smart and gracious Presient of the uniTED sTates. (bubbles)</Msg><Username>jon3retiired</Username><Timestamp>1352246757046</Timestamp><DateTime>Tue, 2012-11-06 19:05:57 EST</DateTime><ThumbUp>2</ThumbUp><ThumbDown>8</ThumbDown><Sentiment/></Message><Message type="ReplyMessage"><Id>1352246928877-58</Id><Topic><Title>Center For Immigration Job Report</Title><Username>robfisk</Username><Timestamp>1352159757113</Timestamp><DateTime>Mon, 2012-11-05 18:55:57 EST</DateTime></Topic><Msg>"No".. "YOU" is a mistaker (bubbles)..He is orB.. I am jon (!!) and from now on "I" (jon..grins) will only POST the triuth (!!)</Msg><Username>jon3retiired</Username><Timestamp>1352246928877</Timestamp><DateTime>Tue, 2012-11-06 19:08:48 EST</DateTime><ThumbUp>0</ThumbUp><ThumbDown>1</ThumbDown><Sentiment/></Message><Message type="ReplyMessage"><Id>1352247034176-59</Id><Topic><Title>Center For Immigration Job Report</Title><Username>robfisk</Username><Timestamp>1352159757113</Timestamp><DateTime>Mon, 2012-11-05 18:55:57 EST</DateTime></Topic><Msg>tee hee (!!) "You" said "sperme receptacles"..(!!) It makes me happy so (chubs)..</Msg><Username>jon3retiired</Username><Timestamp>1352247034176</Timestamp><DateTime>Tue, 2012-11-06 19:10:34 EST</DateTime><ThumbUp>0</ThumbUp><ThumbDown>3</ThumbDown><Sentiment/></Message><Message type="ReplyMessage"><Id>1352247235003-60</Id><Topic><Title>Multiple personality disorder...</Title><Username>echo2165</Username><Timestamp>1352221922918</Timestamp><DateTime>Tue, 2012-11-06 12:12:02 EST</DateTime></Topic><Msg>"I" apologize to board for that outburst (!!). "I" am on SSI for a "condition" what where I loss control from mine emotiens. I "try" to be better person futurely (choochoo)..</Msg><Username>jon3retiired</Username><Timestamp>1352247235003</Timestamp><DateTime>Tue, 2012-11-06 19:13:55 EST</DateTime><ThumbUp>0</ThumbUp><ThumbDown>3</ThumbDown><Sentiment/></Message><Message type="ReplyMessage"><Id>1352247928219-61</Id><Topic><Title>Closely OBSERVE the FAKE POSTER</Title><Username>jon3retired</Username><Timestamp>1352237417645</Timestamp><DateTime>Tue, 2012-11-06 16:30:17 EST</DateTime></Topic><Msg>"THANK" you for word of COMFORT..I very emotienelle about this and "condition" and damnage to my "REUPTATION"..(pout) :(</Msg><Username>jon3retiired</Username><Timestamp>1352247928219</Timestamp><DateTime>Tue, 2012-11-06 19:25:28 EST</DateTime><ThumbUp>1</ThumbUp><ThumbDown>4</ThumbDown><Sentiment/></Message><Message type="TopicMessage"><Id>1352247969545-62</Id><Title>Entire NBC Crew Looks Faint</Title><Msg>These guys are so yesterday. They know they are watching a Mitt Tidal Wave coming their way. Some of these anchors look like they just ate a rat turrd. Pass the Pepto. I feel sorry for Plugs. Somebody has to take the blame for this, and we all know Barry isn't man enough to. Mouchelle is really going to miss those extravagant vacations on the taxpayer. Oil Well.</Msg><Username>robfisk</Username><Timestamp>1352247969545</Timestamp><DateTime>Tue, 2012-11-06 19:26:09 EST</DateTime><ThumbUp>3</ThumbUp><ThumbDown>2</ThumbDown><Sentiment/></Message><Message type="ReplyMessage"><Id>1352248070147-63</Id><Topic><Title>Entire NBC Crew Looks Faint</Title><Username>robfisk</Username><Timestamp>1352247969545</Timestamp><DateTime>Tue, 2012-11-06 19:26:09 EST</DateTime></Topic><Msg>"I" like to eat a rat turd (smacks lips)</Msg><Username>jon3retiired</Username><Timestamp>1352248070147</Timestamp><DateTime>Tue, 2012-11-06 19:27:50 EST</DateTime><ThumbUp>0</ThumbUp><ThumbDown>4</ThumbDown><Sentiment/></Message><Message type="ReplyMessage"><Id>1352249742594-64</Id><Topic><Title>Center For Immigration Job Report</Title><Username>robfisk</Username><Timestamp>1352159757113</Timestamp><DateTime>Mon, 2012-11-05 18:55:57 EST</DateTime></Topic><Msg>Almost forgot Clint. Thank You. You started many former Obamites thinking, this Presidente doesn't fix things, he makes them so much more worse. A real Economic Lightweight.</Msg><Username>robfisk</Username><Timestamp>1352249742594</Timestamp><DateTime>Tue, 2012-11-06 19:55:42 EST</DateTime><ThumbUp>1</ThumbUp><ThumbDown>0</ThumbDown><Sentiment>Buy</Sentiment></Message><Message type="ReplyMessage"><Id>1352249749004-65</Id><Topic><Title>Entire NBC Crew Looks Faint</Title><Username>robfisk</Username><Timestamp>1352247969545</Timestamp><DateTime>Tue, 2012-11-06 19:26:09 EST</DateTime></Topic><Msg>I have cable and long ago blocked the big networks and most of their associated programming. If/when they start objective reporting, I'll hear about it and resume viewership. I could get my news from the comedians such as stewart, kimmel, maher, leno, letterman and such like most of the left but I don't find it too useful.</Msg><Username>demsdontgetitever</Username><Timestamp>1352249749004</Timestamp><DateTime>Tue, 2012-11-06 19:55:49 EST</DateTime><ThumbUp>7</ThumbUp><ThumbDown>1</ThumbDown><Sentiment/></Message><Message type="ReplyMessage"><Id>1352251296917-66</Id><Topic><Title>Entire NBC Crew Looks Faint</Title><Username>robfisk</Username><Timestamp>1352247969545</Timestamp><DateTime>Tue, 2012-11-06 19:26:09 EST</DateTime></Topic><Msg>Spekaing of ECHOs (obsesses), "NOW" I am talking to myself...self...self...self (poots)(!!)</Msg><Username>jon3retiired</Username><Timestamp>1352251296917</Timestamp><DateTime>Tue, 2012-11-06 20:21:36 EST</DateTime><ThumbUp>0</ThumbUp><ThumbDown>4</ThumbDown><Sentiment/></Message><Message type="TopicMessage"><Id>1352252288707-67</Id><Title>Baltimore City Turnout Down</Title><Msg>2008=78% to polls under Obamacorination. Down to 62% in 2012. Rush is right. Their side not motivated. I know why. Illegal immigration. Parts of Baltimore won't hire American citizens. Why, no habla espanol.</Msg><Username>robfisk</Username><Timestamp>1352252288707</Timestamp><DateTime>Tue, 2012-11-06 20:38:08 EST</DateTime><ThumbUp>1</ThumbUp><ThumbDown>0</ThumbDown><Sentiment>Buy</Sentiment></Message><Message type="TopicMessage"><Id>1352264393882-68</Id><Title>Are You Out of Denial Yet, Teatards?</Title><Msg>Reality seep in yet? Certainly Obama was a vulnerable candidate. But the Republicans lost more than Obama won. Maybe if your extremist ideology didn't require no compromise, you wouldn't have had this beat-down by the mainstream.</Msg><Username>burnintoo</Username><Timestamp>1352264393882</Timestamp><DateTime>Tue, 2012-11-06 23:59:53 EST</DateTime><ThumbUp>3</ThumbUp><ThumbDown>14</ThumbDown><Sentiment/></Message></Date>