<?xml version="1.0" encoding="UTF-8" standalone="no"?><Date date="2012-07-23"><Message type="ReplyMessage"><Id>1343046166000-1</Id><Topic><Title>Another ugly day for T; nobody wants...</Title><Username>mikerego19</Username><Timestamp>1342804672000</Timestamp><DateTime>Fri, 2012-07-20 13:17:52 EDT</DateTime></Topic><Msg>The entire market is down SHORTY. If you got out last week you can buy at a nice sale price this week.</Msg><Username>catspaw33129</Username><Timestamp>1343046166000</Timestamp><DateTime>Mon, 2012-07-23 08:22:46 EDT</DateTime><ThumbUp>2</ThumbUp><ThumbDown>1</ThumbDown><Sentiment/></Message><Message type="TopicMessage"><Id>1343049846000-2</Id><Title>good union contract !forT</Title><Msg>COMPANY IS OK.</Msg><Username>jckyhrs</Username><Timestamp>1343049846000</Timestamp><DateTime>Mon, 2012-07-23 09:24:06 EDT</DateTime><ThumbUp>2</ThumbUp><ThumbDown>3</ThumbDown><Sentiment/></Message><Message type="ReplyMessage"><Id>1343051026000-3</Id><Topic><Title>good union contract !forT</Title><Username>jckyhrs</Username><Timestamp>1343049846000</Timestamp><DateTime>Mon, 2012-07-23 09:24:06 EDT</DateTime></Topic><Msg>good union ,all benefits, good gains. go union</Msg><Username>jckyhrs</Username><Timestamp>1343051026000</Timestamp><DateTime>Mon, 2012-07-23 09:43:46 EDT</DateTime><ThumbUp>3</ThumbUp><ThumbDown>3</ThumbDown><Sentiment/></Message><Message type="ReplyMessage"><Id>1343052165000-4</Id><Topic><Title>good union contract !forT</Title><Username>jckyhrs</Username><Timestamp>1343049846000</Timestamp><DateTime>Mon, 2012-07-23 09:24:06 EDT</DateTime></Topic><Msg>GO UNION,??? Come on man! Union's SUCK!!! been paying in for years and all these Ba$ard$ do is, let me think NOTHING...</Msg><Username>workhard1966</Username><Timestamp>1343052165000</Timestamp><DateTime>Mon, 2012-07-23 10:02:45 EDT</DateTime><ThumbUp>4</ThumbUp><ThumbDown>2</ThumbDown><Sentiment/></Message><Message type="ReplyMessage"><Id>1343052407000-5</Id><Topic><Title>good union contract !forT</Title><Username>jckyhrs</Username><Timestamp>1343049846000</Timestamp><DateTime>Mon, 2012-07-23 09:24:06 EDT</DateTime></Topic><Msg>It does seem like membership in a union should be optional. They just spend your money to get Obama re-elected no matter who YOUR choice is.</Msg><Username>wilkes71</Username><Timestamp>1343052407000</Timestamp><DateTime>Mon, 2012-07-23 10:06:47 EDT</DateTime><ThumbUp>5</ThumbUp><ThumbDown>2</ThumbDown><Sentiment/></Message><Message type="TopicMessage"><Id>1343052429000-6</Id><Title>LOOKING FOR EARNINGS TIME</Title><Msg>Anyone know when earnings come out today???</Msg><Username>workhard1966</Username><Timestamp>1343052429000</Timestamp><DateTime>Mon, 2012-07-23 10:07:09 EDT</DateTime><ThumbUp>0</ThumbUp><ThumbDown>2</ThumbDown><Sentiment/></Message><Message type="ReplyMessage"><Id>1343053221000-7</Id><Topic><Title>LOOKING FOR EARNINGS TIME</Title><Username>workhard1966</Username><Timestamp>1343052429000</Timestamp><DateTime>Mon, 2012-07-23 10:07:09 EDT</DateTime></Topic><Msg>Tomorrow morning.</Msg><Username>t.bfine</Username><Timestamp>1343053221000</Timestamp><DateTime>Mon, 2012-07-23 10:20:21 EDT</DateTime><ThumbUp>1</ThumbUp><ThumbDown>0</ThumbDown><Sentiment/></Message><Message type="ReplyMessage"><Id>1343053575000-8</Id><Topic><Title>LOOKING FOR EARNINGS TIME</Title><Username>workhard1966</Username><Timestamp>1343052429000</Timestamp><DateTime>Mon, 2012-07-23 10:07:09 EDT</DateTime></Topic><Msg>Thank you. Do you know the time trying to find it. AM PM?</Msg><Username>workhard1966</Username><Timestamp>1343053575000</Timestamp><DateTime>Mon, 2012-07-23 10:26:15 EDT</DateTime><ThumbUp>0</ThumbUp><ThumbDown>1</ThumbDown><Sentiment/></Message><Message type="ReplyMessage"><Id>1343053975000-9</Id><Topic><Title>Another ugly day for T; nobody wants...</Title><Username>mikerego19</Username><Timestamp>1342804672000</Timestamp><DateTime>Fri, 2012-07-20 13:17:52 EDT</DateTime></Topic><Msg>Not short - I'm sure I own more shares (long) than you do!</Msg><Username>mikerego19</Username><Timestamp>1343053975000</Timestamp><DateTime>Mon, 2012-07-23 10:32:55 EDT</DateTime><ThumbUp>2</ThumbUp><ThumbDown>1</ThumbDown><Sentiment/></Message><Message type="ReplyMessage"><Id>1343054102000-10</Id><Topic><Title>Another ugly day for T; nobody wants...</Title><Username>mikerego19</Username><Timestamp>1342804672000</Timestamp><DateTime>Fri, 2012-07-20 13:17:52 EDT</DateTime></Topic><Msg>And if you think it's a good price now you should wait until tomorrow to buy. Tomorrow will be a blood bath for T. Long and strong - but not a pumper!!</Msg><Username>mikerego19</Username><Timestamp>1343054102000</Timestamp><DateTime>Mon, 2012-07-23 10:35:02 EDT</DateTime><ThumbUp>1</ThumbUp><ThumbDown>2</ThumbDown><Sentiment/></Message><Message type="ReplyMessage"><Id>1343059239000-11</Id><Topic><Title>LOOKING FOR EARNINGS TIME</Title><Username>workhard1966</Username><Timestamp>1343052429000</Timestamp><DateTime>Mon, 2012-07-23 10:07:09 EDT</DateTime></Topic><Msg>9:30 a.m. ET</Msg><Username>t.bfine</Username><Timestamp>1343059239000</Timestamp><DateTime>Mon, 2012-07-23 12:00:39 EDT</DateTime><ThumbUp>1</ThumbUp><ThumbDown>0</ThumbDown><Sentiment/></Message><Message type="ReplyMessage"><Id>1343063067000-12</Id><Topic><Title>Yup...this is a nasty day for T...</Title><Username>mikerego19</Username><Timestamp>1342716216000</Timestamp><DateTime>Thu, 2012-07-19 12:43:36 EDT</DateTime></Topic><Msg>Nice little article on the topic. History repeats. GLTA http://realmoney.thestreet.com/articles/12/15/2011/how-options-expiration-affects-stock-prices</Msg><Username>rpschom</Username><Timestamp>1343063067000</Timestamp><DateTime>Mon, 2012-07-23 13:04:27 EDT</DateTime><ThumbUp>0</ThumbUp><ThumbDown>0</ThumbDown><Sentiment/></Message><Message type="ReplyMessage"><Id>1343076304000-13</Id><Topic><Title>good union contract !forT</Title><Username>jckyhrs</Username><Timestamp>1343049846000</Timestamp><DateTime>Mon, 2012-07-23 09:24:06 EDT</DateTime></Topic><Msg>times are bad times this is one of the best deal around. good everything. get lost with your B.S.</Msg><Username>jckyhrs</Username><Timestamp>1343076304000</Timestamp><DateTime>Mon, 2012-07-23 16:45:04 EDT</DateTime><ThumbUp>2</ThumbUp><ThumbDown>4</ThumbDown><Sentiment/></Message><Message type="TopicMessage"><Id>1343077640000-14</Id><Title>WHY THE 1.14% DROP AH?</Title><Msg>WEIRD........</Msg><Username>tsibr549</Username><Timestamp>1343077640000</Timestamp><DateTime>Mon, 2012-07-23 17:07:20 EDT</DateTime><ThumbUp>0</ThumbUp><ThumbDown>2</ThumbDown><Sentiment/></Message><Message type="ReplyMessage"><Id>1343079553000-15</Id><Topic><Title>WHY THE 1.14% DROP AH?</Title><Username>tsibr549</Username><Timestamp>1343077640000</Timestamp><DateTime>Mon, 2012-07-23 17:07:20 EDT</DateTime></Topic><Msg>AH results are usually just noise. AH results following an event, such as earnings release or buyout, are usually strong predictors of the next day price action. In the case of T, the 1.14% after hours drop is noise. T started the day down 1%, but closed up. The 1.14% down after hours matches the open today. For tomorrow, T will disappoint worse than VZ--IMHO. I expect T to trade below $33 by the end of this week, especially if the overall market goes down (which is most likely).</Msg><Username>phjohnson</Username><Timestamp>1343079553000</Timestamp><DateTime>Mon, 2012-07-23 17:39:13 EDT</DateTime><ThumbUp>2</ThumbUp><ThumbDown>1</ThumbDown><Sentiment/></Message><Message type="ReplyMessage"><Id>1343080451000-16</Id><Topic><Title>WHY THE 1.14% DROP AH?</Title><Username>tsibr549</Username><Timestamp>1343077640000</Timestamp><DateTime>Mon, 2012-07-23 17:07:20 EDT</DateTime></Topic><Msg>It is not 1.14% It's .14 Don't pay attention toAfter hours and before the bell .</Msg><Username>catspaw33129</Username><Timestamp>1343080451000</Timestamp><DateTime>Mon, 2012-07-23 17:54:11 EDT</DateTime><ThumbUp>1</ThumbUp><ThumbDown>1</ThumbDown><Sentiment/></Message><Message type="ReplyMessage"><Id>1343085137000-17</Id><Topic><Title>good union contract !forT</Title><Username>jckyhrs</Username><Timestamp>1343049846000</Timestamp><DateTime>Mon, 2012-07-23 09:24:06 EDT</DateTime></Topic><Msg>district 4 should vote that agreement down....att made 17 billion profit last year ...they should pay no increase in their medical plan.....vote no</Msg><Username>ctmuscles</Username><Timestamp>1343085137000</Timestamp><DateTime>Mon, 2012-07-23 19:12:17 EDT</DateTime><ThumbUp>4</ThumbUp><ThumbDown>2</ThumbDown><Sentiment/></Message><Message type="ReplyMessage"><Id>1343089965000-18</Id><Topic><Title>good union contract !forT</Title><Username>jckyhrs</Username><Timestamp>1343049846000</Timestamp><DateTime>Mon, 2012-07-23 09:24:06 EDT</DateTime></Topic><Msg>Sorry you took management job,eh?</Msg><Username>av8lover</Username><Timestamp>1343089965000</Timestamp><DateTime>Mon, 2012-07-23 20:32:45 EDT</DateTime><ThumbUp>0</ThumbUp><ThumbDown>3</ThumbDown><Sentiment/></Message><Message type="TopicMessage"><Id>1343090054000-19</Id><Title>Why Apple Sucks</Title><Msg>1. Manipulates "earnings" (imo) 2. Blocks negative posts from its yahoo site (which is stupid because then others find much larger audiences to tell about how they suck) 3. Cook is no Chef - they're living off of Jobs' ideas, and when those run out, look out! 4. Stock is WAY OVERVALUED! If they have bad earnings, SELL. If they have "good" (manipulated, imo) earnings, SELL! 5. Now, let's see if Crapple tries to interfere with poster's rights to state their opinions - they may control CRAPPLE, but they are still operating in America, unless they forgot that or think they're above it, lol! AVOID THIS COMPANY! All imo.</Msg><Username>ohnowhatsnext</Username><Timestamp>1343090054000</Timestamp><DateTime>Mon, 2012-07-23 20:34:14 EDT</DateTime><ThumbUp>3</ThumbUp><ThumbDown>0</ThumbDown><Sentiment/></Message><Message type="ReplyMessage"><Id>1343101633000-20</Id><Topic><Title>re: More flash mobs...</Title><Username>echo2165</Username><Timestamp>1343081623000</Timestamp><DateTime>Mon, 2012-07-23 18:13:43 EDT</DateTime></Topic><Msg>Again the loon echo displays his lack of taking his medication as the doctor directed . What a sad circumstance that this sad deranged individual portrays . One should feel pity perhaps...but I say let the poor bugger suffer in his own way for he cries about star ratings concerning his posts and the lack of responsibillty to answer challenges .The most disgusting revealing fact about this echo is his trying to inject humor into the slaughter of people trying to enjoy an evening at the movies ...his comment "AT LEAST I DIDN'T GET SHOT" .Real class dude !!!!!</Msg><Username>ltcolhen</Username><Timestamp>1343101633000</Timestamp><DateTime>Mon, 2012-07-23 23:47:13 EDT</DateTime><ThumbUp>1</ThumbUp><ThumbDown>0</ThumbDown><Sentiment/></Message></Date>