<?xml version="1.0" encoding="UTF-8" standalone="no"?><Date date="2013-07-16"><Message type="ReplyMessage"><Id>1373961283194-1</Id><Topic><Title>Zimmerman Acquitted</Title><Username>geoff_holt_2000</Username><Timestamp>1373769095727</Timestamp><DateTime>Sat, 2013-07-13 22:31:35 EDT</DateTime></Topic><Msg>How's the only black man in America driving a Prius? Still spouting off your right wing garbage as usual. Still using multiple alias?</Msg><Username>lv66vette</Username><Timestamp>1373961283194</Timestamp><DateTime>Tue, 2013-07-16 03:54:43 EDT</DateTime><ThumbUp>0</ThumbUp><ThumbDown>13</ThumbDown><Sentiment/></Message><Message type="TopicMessage"><Id>1373973107131-2</Id><Title>T joins deflation train</Title><Msg>w Kamikaze Sprint</Msg><Username>polobserver</Username><Timestamp>1373973107131</Timestamp><DateTime>Tue, 2013-07-16 07:11:47 EDT</DateTime><ThumbUp>0</ThumbUp><ThumbDown>0</ThumbDown><Sentiment/></Message><Message type="ReplyMessage"><Id>1373982996691-3</Id><Topic><Title>More DRIP shares!!!</Title><Username>ossobucco20l2</Username><Timestamp>1373908076922</Timestamp><DateTime>Mon, 2013-07-15 13:07:56 EDT</DateTime></Topic><Msg>WOW! Look we are going down down down Look Look!! WOW qe are up up NOOOO Down down ..WOW drip shares drip.shares !WOW up down up up up and away! your are a KOOK!!!!</Msg><Username>beau287</Username><Timestamp>1373982996691</Timestamp><DateTime>Tue, 2013-07-16 09:56:36 EDT</DateTime><ThumbUp>2</ThumbUp><ThumbDown>3</ThumbDown><Sentiment/></Message><Message type="ReplyMessage"><Id>1373983970655-4</Id><Topic><Title>More DRIP shares!!!</Title><Username>ossobucco20l2</Username><Timestamp>1373908076922</Timestamp><DateTime>Mon, 2013-07-15 13:07:56 EDT</DateTime></Topic><Msg>Wow this t is up again in a down market when will it ever stop going up !!these constant up days are terrible wrecking my drip plan hahaha!!</Msg><Username>beau287</Username><Timestamp>1373983970655</Timestamp><DateTime>Tue, 2013-07-16 10:12:50 EDT</DateTime><ThumbUp>4</ThumbUp><ThumbDown>0</ThumbDown><Sentiment/></Message><Message type="TopicMessage"><Id>1373986031297-5</Id><Title>T buy VOD or merge with VOD ? Think about it...then</Title><Msg>T &amp; VOD could go after Canadian assets and S America. VZ would be shell shocked.</Msg><Username>romannorga</Username><Timestamp>1373986031297</Timestamp><DateTime>Tue, 2013-07-16 10:47:11 EDT</DateTime><ThumbUp>2</ThumbUp><ThumbDown>0</ThumbDown><Sentiment/></Message><Message type="TopicMessage"><Id>1373987511838-6</Id><Title>Did anyone take notice ???</Title><Msg>2 million shares were " swept up " in pre-market trading !!! IMVHO, this is EXTREMELY bullish prior to earnings report ...</Msg><Username>louisbartomeosr</Username><Timestamp>1373987511838</Timestamp><DateTime>Tue, 2013-07-16 11:11:51 EDT</DateTime><ThumbUp>4</ThumbUp><ThumbDown>1</ThumbDown><Sentiment/></Message><Message type="ReplyMessage"><Id>1373988536382-7</Id><Topic><Title>Should you keep clear of T? Look at why.</Title><Username>leealviar217</Username><Timestamp>1373988051807</Timestamp><DateTime>Tue, 2013-07-16 11:20:51 EDT</DateTime></Topic><Msg>i want this report send it already</Msg><Username>schuber_christopher</Username><Timestamp>1373988536382</Timestamp><DateTime>Tue, 2013-07-16 11:28:56 EDT</DateTime><ThumbUp>3</ThumbUp><ThumbDown>8</ThumbDown><Sentiment/></Message><Message type="ReplyMessage"><Id>1373993390741-8</Id><Topic><Title>More DRIP shares!!!</Title><Username>ossobucco20l2</Username><Timestamp>1373908076922</Timestamp><DateTime>Mon, 2013-07-15 13:07:56 EDT</DateTime></Topic><Msg>Whoa!! - easy beau$39 - I think this heat is getting to you. PS - save those divvies - you'll never see $39 again. Osso</Msg><Username>ossobucco20l2</Username><Timestamp>1373993390741</Timestamp><DateTime>Tue, 2013-07-16 12:49:50 EDT</DateTime><ThumbUp>0</ThumbUp><ThumbDown>6</ThumbDown><Sentiment>Strong Sell</Sentiment></Message><Message type="TopicMessage"><Id>1374001673795-9</Id><Title>Dividend coming baby! Caachingggggg!!</Title><Msg>what a great little cash machine.</Msg><Username>capp013</Username><Timestamp>1374001673795</Timestamp><DateTime>Tue, 2013-07-16 15:07:53 EDT</DateTime><ThumbUp>8</ThumbUp><ThumbDown>1</ThumbDown><Sentiment/></Message><Message type="TopicMessage"><Id>1374004318668-10</Id><Title>"STOMP" (the Broadway musical)</Title><Msg>I'm hearing rumors these" free tickets" are being given out by Erk Hoder .. to a bunch of his club members &amp; friends .. (??) Well, I guess I'd better check my "Tuxedo" ... just in case I get an unexpected last minute invite ?? After all .. I'd sure hate to miss a fun gathering like this .. (smiles)</Msg><Username>echo.2l65</Username><Timestamp>1374004318668</Timestamp><DateTime>Tue, 2013-07-16 15:51:58 EDT</DateTime><ThumbUp>8</ThumbUp><ThumbDown>0</ThumbDown><Sentiment/></Message><Message type="ReplyMessage"><Id>1374006626614-11</Id><Topic><Title>More DRIP shares!!!</Title><Username>ossobucco20l2</Username><Timestamp>1373908076922</Timestamp><DateTime>Mon, 2013-07-15 13:07:56 EDT</DateTime></Topic><Msg>"I've done great over the years with my DRIP..." - lewcor Hey, lew - have you tried penicillin for that?</Msg><Username>echo2165</Username><Timestamp>1374006626614</Timestamp><DateTime>Tue, 2013-07-16 16:30:26 EDT</DateTime><ThumbUp>3</ThumbUp><ThumbDown>8</ThumbDown><Sentiment/></Message><Message type="ReplyMessage"><Id>1374012739278-12</Id><Topic><Title>More DRIP shares!!!</Title><Username>ossobucco20l2</Username><Timestamp>1373908076922</Timestamp><DateTime>Mon, 2013-07-15 13:07:56 EDT</DateTime></Topic><Msg>Get off your mother's computer and get back to day school. Of course, you might just be off your meds. Gotta go now to BUY more T.</Msg><Username>igurumo</Username><Timestamp>1374012739278</Timestamp><DateTime>Tue, 2013-07-16 18:12:19 EDT</DateTime><ThumbUp>7</ThumbUp><ThumbDown>0</ThumbDown><Sentiment>Buy</Sentiment></Message><Message type="ReplyMessage"><Id>1374014001083-13</Id><Topic><Title>AHQ (cont.)...</Title><Username>echo2165</Username><Timestamp>1373679060098</Timestamp><DateTime>Fri, 2013-07-12 21:31:00 EDT</DateTime></Topic><Msg>your opinion,and your opinion only......</Msg><Username>splicerwannabe</Username><Timestamp>1374014001083</Timestamp><DateTime>Tue, 2013-07-16 18:33:21 EDT</DateTime><ThumbUp>0</ThumbUp><ThumbDown>9</ThumbDown><Sentiment/></Message><Message type="ReplyMessage"><Id>1374018750686-14</Id><Topic><Title>Dividend coming baby! Caachingggggg!!</Title><Username>capp013</Username><Timestamp>1374001673795</Timestamp><DateTime>Tue, 2013-07-16 15:07:53 EDT</DateTime></Topic><Msg>i agree almost as safe as a "CD". Dividends are awesome, I sleep well at night knowing it swings very little either way. Safety. I'm down on paper (a small amount) and re-invest the dividends.</Msg><Username>west_seth</Username><Timestamp>1374018750686</Timestamp><DateTime>Tue, 2013-07-16 19:52:30 EDT</DateTime><ThumbUp>6</ThumbUp><ThumbDown>0</ThumbDown><Sentiment/></Message><Message type="ReplyMessage"><Id>1374019349986-15</Id><Topic><Title>More DRIP shares!!!</Title><Username>ossobucco20l2</Username><Timestamp>1373908076922</Timestamp><DateTime>Mon, 2013-07-15 13:07:56 EDT</DateTime></Topic><Msg>POOR 'eggo" ... a grown man, that doesn't know the difference between a 'divy reinvestment' and his V.D. drip !! Sounds like he's has plenty of 'that' penicillin experience ... too bad about his 'stock knowledge' .. And I thought he was a Clintonesque Road Scholar .. but I see he's just a 'fake professor', as well as a 'fake Marine' ... (tisk tisk)</Msg><Username>echo.2l65</Username><Timestamp>1374019349986</Timestamp><DateTime>Tue, 2013-07-16 20:02:29 EDT</DateTime><ThumbUp>5</ThumbUp><ThumbDown>0</ThumbDown><Sentiment/></Message><Message type="ReplyMessage"><Id>1374025565989-16</Id><Topic><Title>More DRIP shares!!!</Title><Username>ossobucco20l2</Username><Timestamp>1373908076922</Timestamp><DateTime>Mon, 2013-07-15 13:07:56 EDT</DateTime></Topic><Msg>Funny. Ha Ha.</Msg><Username>lewcor</Username><Timestamp>1374025565989</Timestamp><DateTime>Tue, 2013-07-16 21:46:05 EDT</DateTime><ThumbUp>1</ThumbUp><ThumbDown>0</ThumbDown><Sentiment/></Message><Message type="ReplyMessage"><Id>1374027244128-17</Id><Topic><Title>"STOMP" (the Broadway musical)</Title><Username>echo.2l65</Username><Timestamp>1374004318668</Timestamp><DateTime>Tue, 2013-07-16 15:51:58 EDT</DateTime></Topic><Msg>~ free Stomp tickets ? Supported distributed and endorsed by our current who ? ~ I too shall prepare for a fun gathering .. sweet !</Msg><Username>killroywashere2013</Username><Timestamp>1374027244128</Timestamp><DateTime>Tue, 2013-07-16 22:14:04 EDT</DateTime><ThumbUp>4</ThumbUp><ThumbDown>0</ThumbDown><Sentiment/></Message><Message type="ReplyMessage"><Id>1374033534403-18</Id><Topic><Title>AHQ (cont.)...</Title><Username>echo2165</Username><Timestamp>1373679060098</Timestamp><DateTime>Fri, 2013-07-12 21:31:00 EDT</DateTime></Topic><Msg>If only that were a true statement.</Msg><Username>winholder</Username><Timestamp>1374033534403</Timestamp><DateTime>Tue, 2013-07-16 23:58:54 EDT</DateTime><ThumbUp>10</ThumbUp><ThumbDown>0</ThumbDown><Sentiment/></Message></Date>