<?xml version="1.0" encoding="UTF-8" standalone="no"?><Date date="2013-03-06"><Message type="ReplyMessage"><Id>1362547837775-1</Id><Topic><Title>Well folks it's official, the second amendment has been deemed obsolete</Title><Username>froggnot</Username><Timestamp>1359433775667</Timestamp><DateTime>Mon, 2013-01-28 23:29:35 EST</DateTime></Topic><Msg>Farrakhan is an enemy worthy of respect. Glover and Obama are dumb jerks.</Msg><Username>meatbeater.obama</Username><Timestamp>1362547837775</Timestamp><DateTime>Wed, 2013-03-06 00:30:37 EST</DateTime><ThumbUp>1</ThumbUp><ThumbDown>1</ThumbDown><Sentiment/></Message><Message type="ReplyMessage"><Id>1362560625956-2</Id><Topic><Title>On the third day of sequester Obama gave to me:</Title><Username>froggnot</Username><Timestamp>1362344262150</Timestamp><DateTime>Sun, 2013-03-03 15:57:42 EST</DateTime></Topic><Msg>On the sixth day of sequester Obama gave to me: o Six whining cabinet secretaries waiting for their portraits ($400,000.00 spent on cabinet portraits in the last two years) o Five F16s for Egypt o Four fake airport delays o Three more dire warnings o Two aides a ranting o And one emphatic denial that his administration had anything to do with starting the whole thing in the first place. People have to understand that in Washington they have to have priorities.</Msg><Username>froggnot</Username><Timestamp>1362560625956</Timestamp><DateTime>Wed, 2013-03-06 04:03:45 EST</DateTime><ThumbUp>4</ThumbUp><ThumbDown>2</ThumbDown><Sentiment/></Message><Message type="ReplyMessage"><Id>1362562548557-3</Id><Topic><Title>Top Analyst UPGRADES AT&amp;T</Title><Username>whitlockjohn510</Username><Timestamp>1361876686315</Timestamp><DateTime>Tue, 2013-02-26 06:04:46 EST</DateTime></Topic><Msg>Great news!!!!</Msg><Username>charlesjohn584</Username><Timestamp>1362562548557</Timestamp><DateTime>Wed, 2013-03-06 04:35:48 EST</DateTime><ThumbUp>0</ThumbUp><ThumbDown>1</ThumbDown><Sentiment/></Message><Message type="ReplyMessage"><Id>1362563577971-4</Id><Topic><Title>AT&amp;T Insiders SELLING?! (SHOCKING REPORT)</Title><Username>kylecampbell541</Username><Timestamp>1362132432770</Timestamp><DateTime>Fri, 2013-03-01 05:07:12 EST</DateTime></Topic><Msg>Awesome</Msg><Username>olssonjonathan</Username><Timestamp>1362563577971</Timestamp><DateTime>Wed, 2013-03-06 04:52:57 EST</DateTime><ThumbUp>0</ThumbUp><ThumbDown>1</ThumbDown><Sentiment/></Message><Message type="ReplyMessage"><Id>1362574215834-5</Id><Topic><Title>Catholics wil probably be blessed with a new BLACK POPE.</Title><Username>lavendarsen</Username><Timestamp>1362112759036</Timestamp><DateTime>Thu, 2013-02-28 23:39:19 EST</DateTime></Topic><Msg>They are going to go from volume and and image change. Next pope will be a gay muslim.</Msg><Username>frn89yggo</Username><Timestamp>1362574215834</Timestamp><DateTime>Wed, 2013-03-06 07:50:15 EST</DateTime><ThumbUp>2</ThumbUp><ThumbDown>1</ThumbDown><Sentiment/></Message><Message type="ReplyMessage"><Id>1362575332620-6</Id><Topic><Title>Top Analyst UPGRADES AT&amp;T</Title><Username>whitlockjohn510</Username><Timestamp>1361876686315</Timestamp><DateTime>Tue, 2013-02-26 06:04:46 EST</DateTime></Topic><Msg>good report</Msg><Username>jackbrown538</Username><Timestamp>1362575332620</Timestamp><DateTime>Wed, 2013-03-06 08:08:52 EST</DateTime><ThumbUp>0</ThumbUp><ThumbDown>2</ThumbDown><Sentiment/></Message><Message type="ReplyMessage"><Id>1362576133334-7</Id><Topic><Title>AT&amp;T Insiders SELLING?! (SHOCKING REPORT)</Title><Username>kylecampbell541</Username><Timestamp>1362132432770</Timestamp><DateTime>Fri, 2013-03-01 05:07:12 EST</DateTime></Topic><Msg>got it, good job</Msg><Username>nicholassummers562</Username><Timestamp>1362576133334</Timestamp><DateTime>Wed, 2013-03-06 08:22:13 EST</DateTime><ThumbUp>0</ThumbUp><ThumbDown>1</ThumbDown><Sentiment/></Message><Message type="ReplyMessage"><Id>1362578550235-8</Id><Topic><Title>On the third day of sequester Obama gave to me:</Title><Username>froggnot</Username><Timestamp>1362344262150</Timestamp><DateTime>Sun, 2013-03-03 15:57:42 EST</DateTime></Topic><Msg>"his condemnation of all of us with generalizations" The T message board does not appear to be a place for nuance.</Msg><Username>ricky18201</Username><Timestamp>1362578550235</Timestamp><DateTime>Wed, 2013-03-06 09:02:30 EST</DateTime><ThumbUp>0</ThumbUp><ThumbDown>5</ThumbDown><Sentiment/></Message><Message type="ReplyMessage"><Id>1362578641001-9</Id><Topic><Title>On the third day of sequester Obama gave to me:</Title><Username>froggnot</Username><Timestamp>1362344262150</Timestamp><DateTime>Sun, 2013-03-03 15:57:42 EST</DateTime></Topic><Msg>"The Administration recognizes that not all forecasters share this assumption, and it is the main reason the Administration projections for real growth in 2012 are stronger than the consensus expectation." Could it be because they have missed all their forecasts thus far and missed them badly? There is no trust in this administration.</Msg><Username>winholder</Username><Timestamp>1362578641001</Timestamp><DateTime>Wed, 2013-03-06 09:04:01 EST</DateTime><ThumbUp>0</ThumbUp><ThumbDown>0</ThumbDown><Sentiment/></Message><Message type="ReplyMessage"><Id>1362578909079-10</Id><Topic><Title>On the third day of sequester Obama gave to me:</Title><Username>froggnot</Username><Timestamp>1362344262150</Timestamp><DateTime>Sun, 2013-03-03 15:57:42 EST</DateTime></Topic><Msg>"As you know, those negotiations have not been successful, and have basically broken down into crisis politics and cheap sniping." And as you know the Senate has never allowed one of them to come up for a vote. Any you know that he can't negotiate when there is no debate and no President in town to meet with. He is dodging the issue because he knows he can't win except though intimidation. He does not want a budget or anything that has his name on it as a commitment to controlling the finances of this country. His idea of controlling the finances is winning yet more tax increases and increasing the spending. Without that he loses a large share of his welfare, illegal immigrant, and just plain ignorant voters.</Msg><Username>winholder</Username><Timestamp>1362578909079</Timestamp><DateTime>Wed, 2013-03-06 09:08:29 EST</DateTime><ThumbUp>0</ThumbUp><ThumbDown>0</ThumbDown><Sentiment/></Message><Message type="TopicMessage"><Id>1362578913364-11</Id><Title>very strong trendlines... will not break down</Title><Msg>Amazing !!! I am extremely pleased to have become a member of this service earlier this year (2012)! We are up over 36%, and my retirement savings have never looked better. I was thrilled with the nimble movement they made when they had us go to cash in the morning and then back to long in the afternoon just ahead of the big market move on the following Monday. That was brilliant! I also appreciate there comments they made about pullbacks which helped me to not panic and to be patient when my position in these stocks temporarily loses money. I suggest you check this out, there daily video is FREE! copy and paste and put info this link STOCKTRADINGSITE</Msg><Username>stephenalex667</Username><Timestamp>1362578913364</Timestamp><DateTime>Wed, 2013-03-06 09:08:33 EST</DateTime><ThumbUp>0</ThumbUp><ThumbDown>2</ThumbDown><Sentiment/></Message><Message type="ReplyMessage"><Id>1362579047186-12</Id><Topic><Title>On the third day of sequester Obama gave to me:</Title><Username>froggnot</Username><Timestamp>1362344262150</Timestamp><DateTime>Sun, 2013-03-03 15:57:42 EST</DateTime></Topic><Msg>Only for over twenty years. Percentage increase style budgeting and zero based budgeting. Head count, expense, travel, training, benefits, etc. Missed meeting those budgets twice. Once nearly got me fired. Perhaps that is what is frightening Obama and Harry? They think they might be on the block if they can't meet a budget so they simply choose not to have one. You can't claim they went over budget if they don't have one.</Msg><Username>winholder</Username><Timestamp>1362579047186</Timestamp><DateTime>Wed, 2013-03-06 09:10:47 EST</DateTime><ThumbUp>0</ThumbUp><ThumbDown>0</ThumbDown><Sentiment/></Message><Message type="ReplyMessage"><Id>1362579081951-13</Id><Topic><Title>On the third day of sequester Obama gave to me:</Title><Username>froggnot</Username><Timestamp>1362344262150</Timestamp><DateTime>Sun, 2013-03-03 15:57:42 EST</DateTime></Topic><Msg>".The President has proposed budgets. I don't know what else to tell you." Try the truth!</Msg><Username>winholder</Username><Timestamp>1362579081951</Timestamp><DateTime>Wed, 2013-03-06 09:11:21 EST</DateTime><ThumbUp>0</ThumbUp><ThumbDown>0</ThumbDown><Sentiment/></Message><Message type="ReplyMessage"><Id>1362579123926-14</Id><Topic><Title>On the third day of sequester Obama gave to me:</Title><Username>froggnot</Username><Timestamp>1362344262150</Timestamp><DateTime>Sun, 2013-03-03 15:57:42 EST</DateTime></Topic><Msg>I am not sure anyone could imagine your horror!</Msg><Username>winholder</Username><Timestamp>1362579123926</Timestamp><DateTime>Wed, 2013-03-06 09:12:03 EST</DateTime><ThumbUp>0</ThumbUp><ThumbDown>0</ThumbDown><Sentiment/></Message><Message type="ReplyMessage"><Id>1362579360160-15</Id><Topic><Title>NoBama and the Man</Title><Username>dan2003hr</Username><Timestamp>1362168549860</Timestamp><DateTime>Fri, 2013-03-01 15:09:09 EST</DateTime></Topic><Msg>And what do you suppose that Obama would have done in light of 9-11? Pulled a Clinton and bombed another empty training camp or a chemical plant? Or pulled out like he did in Somilia, Kenya and other places including Monica?</Msg><Username>pinhighshot</Username><Timestamp>1362579360160</Timestamp><DateTime>Wed, 2013-03-06 09:16:00 EST</DateTime><ThumbUp>1</ThumbUp><ThumbDown>1</ThumbDown><Sentiment/></Message><Message type="ReplyMessage"><Id>1362579517212-16</Id><Topic><Title>Dennis Rodman fouls out</Title><Username>robfisk</Username><Timestamp>1362444823698</Timestamp><DateTime>Mon, 2013-03-04 19:53:43 EST</DateTime></Topic><Msg>Putting him on his show and providing him with any semblance of legitimacy was a foolish thing to do. Trust me that are a lot more important 'news' stories that the MSM has ignored to claim this had anything to do with reporting actual 'news'.</Msg><Username>winholder</Username><Timestamp>1362579517212</Timestamp><DateTime>Wed, 2013-03-06 09:18:37 EST</DateTime><ThumbUp>1</ThumbUp><ThumbDown>0</ThumbDown><Sentiment/></Message><Message type="ReplyMessage"><Id>1362579708914-17</Id><Topic><Title>NoBama and the Man</Title><Username>dan2003hr</Username><Timestamp>1362168549860</Timestamp><DateTime>Fri, 2013-03-01 15:09:09 EST</DateTime></Topic><Msg>I doubt he would have invaded two countrie, but whatever he did he would have paid for it (or tried to--Republicans held both chambers then.) If you are trying to make the claim that Obama is weak on terrorism, and therefore it was ok for Bush to borrow money pointlessly, I suggest you have your head examined.</Msg><Username>ricky18201</Username><Timestamp>1362579708914</Timestamp><DateTime>Wed, 2013-03-06 09:21:48 EST</DateTime><ThumbUp>0</ThumbUp><ThumbDown>3</ThumbDown><Sentiment/></Message><Message type="ReplyMessage"><Id>1362579926882-18</Id><Topic><Title>Is AAPL better than T?</Title><Username>realizatcolleen</Username><Timestamp>1362399304777</Timestamp><DateTime>Mon, 2013-03-04 07:15:04 EST</DateTime></Topic><Msg>Good job. Informational article.</Msg><Username>maticienhelene</Username><Timestamp>1362579926882</Timestamp><DateTime>Wed, 2013-03-06 09:25:26 EST</DateTime><ThumbUp>0</ThumbUp><ThumbDown>2</ThumbDown><Sentiment>Buy</Sentiment></Message><Message type="ReplyMessage"><Id>1362580475242-19</Id><Topic><Title>Dennis Rodman fouls out</Title><Username>robfisk</Username><Timestamp>1362444823698</Timestamp><DateTime>Mon, 2013-03-04 19:53:43 EST</DateTime></Topic><Msg>From North Korea. You get visas from the country you are visiting, not the country you come from. There is no travel ban on North Korea. North Korea just generally doesn't let other people in. Rodman was there with a small group of players to host an exhibition game and with a documentary film crew. Apparently the Kims are big basketball fans and the guy shooting the documentary hatched the plan in order to get access to the country. No one ever claimed Rodman was bright. (mentally, at least).</Msg><Username>ricky18201</Username><Timestamp>1362580475242</Timestamp><DateTime>Wed, 2013-03-06 09:34:35 EST</DateTime><ThumbUp>1</ThumbUp><ThumbDown>3</ThumbDown><Sentiment/></Message><Message type="ReplyMessage"><Id>1362583289725-20</Id><Topic><Title>AT&amp;T Insiders SELLING?! (SHOCKING REPORT)</Title><Username>kylecampbell541</Username><Timestamp>1362132432770</Timestamp><DateTime>Fri, 2013-03-01 05:07:12 EST</DateTime></Topic><Msg>thanks</Msg><Username>richarddacus756</Username><Timestamp>1362583289725</Timestamp><DateTime>Wed, 2013-03-06 10:21:29 EST</DateTime><ThumbUp>0</ThumbUp><ThumbDown>1</ThumbDown><Sentiment/></Message><Message type="TopicMessage"><Id>1362583671913-21</Id><Title>OOPS! (Not about T)</Title><Msg>WASHINGTON, March 6 (Reuters) - Less than two months into his second term, President Barack Obama's approval rating has dropped and Americans blame him and his fellow Democrats almost as much as his Republican opponents for a fiscal mess. A Reuters/Ipsos online poll released on Wednesday showed 43 percent of people approve of Obama's handling of his job, down 7 percentage points from Feb. 19. Most of that steep drop came in the week to Feb. 26 when it was becoming clear that Washington was going to be unable to put aside partisan differences and agree to halt automatic budget cuts which started last Friday. Confounding the White House's efforts to blame Republicans for the cuts, most respondents in the online survey hold both Democrats and Republicans responsible.</Msg><Username>t.bfine</Username><Timestamp>1362583671913</Timestamp><DateTime>Wed, 2013-03-06 10:27:51 EST</DateTime><ThumbUp>8</ThumbUp><ThumbDown>1</ThumbDown><Sentiment/></Message><Message type="ReplyMessage"><Id>1362583818852-22</Id><Topic><Title>Top Analyst UPGRADES AT&amp;T</Title><Username>whitlockjohn510</Username><Timestamp>1361876686315</Timestamp><DateTime>Tue, 2013-02-26 06:04:46 EST</DateTime></Topic><Msg>perfect one</Msg><Username>johnbussell595</Username><Timestamp>1362583818852</Timestamp><DateTime>Wed, 2013-03-06 10:30:18 EST</DateTime><ThumbUp>0</ThumbUp><ThumbDown>0</ThumbDown><Sentiment/></Message><Message type="ReplyMessage"><Id>1362584284705-23</Id><Topic><Title>OOPS! (Not about T)</Title><Username>t.bfine</Username><Timestamp>1362583671913</Timestamp><DateTime>Wed, 2013-03-06 10:27:51 EST</DateTime></Topic><Msg>You go ahead and get excited every time Obama's daily polls take a dip. You'll have plenty of opportunity to celebrate. I'll keep my eye on this: "Since President Obama’s re-election in 2012, Republicans have worried about what an increasingly diverse electorate will mean for their future as a national party. Democrats, meanwhile, have started talking about turning ruby red states like Arizona and Texas blue. How worried should Republicans be? And how realistic are those Democratic aspirations? A new study released on Thursday — based on data from the Census Bureau’s American Community Survey — points toward some answers: Republicans should be worried, but Democrats in Austin and Phoenix shouldn’t stock up on confetti just yet."</Msg><Username>ricky18201</Username><Timestamp>1362584284705</Timestamp><DateTime>Wed, 2013-03-06 10:38:04 EST</DateTime><ThumbUp>1</ThumbUp><ThumbDown>9</ThumbDown><Sentiment/></Message><Message type="ReplyMessage"><Id>1362585266947-24</Id><Topic><Title>AT&amp;T Upgraded to STRONG BUY !</Title><Username>marymitchell773</Username><Timestamp>1362510364800</Timestamp><DateTime>Tue, 2013-03-05 14:06:04 EST</DateTime></Topic><Msg>SPAMMER !!!!</Msg><Username>daxwang</Username><Timestamp>1362585266947</Timestamp><DateTime>Wed, 2013-03-06 10:54:26 EST</DateTime><ThumbUp>2</ThumbUp><ThumbDown>0</ThumbDown><Sentiment/></Message><Message type="ReplyMessage"><Id>1362588240883-25</Id><Topic><Title>Top Analyst UPGRADES AT&amp;T</Title><Username>whitlockjohn510</Username><Timestamp>1361876686315</Timestamp><DateTime>Tue, 2013-02-26 06:04:46 EST</DateTime></Topic><Msg>love that report!</Msg><Username>frederickstone909</Username><Timestamp>1362588240883</Timestamp><DateTime>Wed, 2013-03-06 11:44:00 EST</DateTime><ThumbUp>0</ThumbUp><ThumbDown>1</ThumbDown><Sentiment/></Message><Message type="ReplyMessage"><Id>1362588786626-26</Id><Topic><Title>AT&amp;T Insiders SELLING?! (SHOCKING REPORT)</Title><Username>kylecampbell541</Username><Timestamp>1362132432770</Timestamp><DateTime>Fri, 2013-03-01 05:07:12 EST</DateTime></Topic><Msg>great report</Msg><Username>stanleynichols778</Username><Timestamp>1362588786626</Timestamp><DateTime>Wed, 2013-03-06 11:53:06 EST</DateTime><ThumbUp>0</ThumbUp><ThumbDown>1</ThumbDown><Sentiment/></Message><Message type="TopicMessage"><Id>1362591030664-27</Id><Title>What is going on with this "stock" today (!!)</Title><Msg>"T" is..down (!!).."it" must be "Obummers" fault (??) Heehee..</Msg><Username>jon3retiree</Username><Timestamp>1362591030664</Timestamp><DateTime>Wed, 2013-03-06 12:30:30 EST</DateTime><ThumbUp>4</ThumbUp><ThumbDown>4</ThumbDown><Sentiment/></Message><Message type="ReplyMessage"><Id>1362591904836-28</Id><Topic><Title>Top Analyst UPGRADES AT&amp;T</Title><Username>whitlockjohn510</Username><Timestamp>1361876686315</Timestamp><DateTime>Tue, 2013-02-26 06:04:46 EST</DateTime></Topic><Msg>thanks</Msg><Username>floydpotter938</Username><Timestamp>1362591904836</Timestamp><DateTime>Wed, 2013-03-06 12:45:04 EST</DateTime><ThumbUp>0</ThumbUp><ThumbDown>1</ThumbDown><Sentiment/></Message><Message type="ReplyMessage"><Id>1362592008757-29</Id><Topic><Title>AT&amp;T Upgraded to STRONG BUY !</Title><Username>marymitchell773</Username><Timestamp>1362510364800</Timestamp><DateTime>Tue, 2013-03-05 14:06:04 EST</DateTime></Topic><Msg>Thanks !</Msg><Username>almeda.mosley</Username><Timestamp>1362592008757</Timestamp><DateTime>Wed, 2013-03-06 12:46:48 EST</DateTime><ThumbUp>0</ThumbUp><ThumbDown>0</ThumbDown><Sentiment/></Message><Message type="ReplyMessage"><Id>1362592199243-30</Id><Topic><Title>Detailed AT&amp;T Research Report !!!</Title><Username>ashleyjones221</Username><Timestamp>1362156250127</Timestamp><DateTime>Fri, 2013-03-01 11:44:10 EST</DateTime></Topic><Msg>Thanks !</Msg><Username>almeda.mosley</Username><Timestamp>1362592199243</Timestamp><DateTime>Wed, 2013-03-06 12:49:59 EST</DateTime><ThumbUp>0</ThumbUp><ThumbDown>1</ThumbDown><Sentiment/></Message><Message type="ReplyMessage"><Id>1362592673296-31</Id><Topic><Title>AT&amp;T Insiders SELLING?! (SHOCKING REPORT)</Title><Username>kylecampbell541</Username><Timestamp>1362132432770</Timestamp><DateTime>Fri, 2013-03-01 05:07:12 EST</DateTime></Topic><Msg>this report is great</Msg><Username>larrygray800</Username><Timestamp>1362592673296</Timestamp><DateTime>Wed, 2013-03-06 12:57:53 EST</DateTime><ThumbUp>0</ThumbUp><ThumbDown>1</ThumbDown><Sentiment/></Message><Message type="TopicMessage"><Id>1362594523593-32</Id><Title>Spam is theft</Title><Msg>The T message board has been taken over by spam and yahoo seems to be unable or unwilling to stop it. My solution is to but all spammers on ignore. The only problem with that is there doesn't seem to be a way anymore to see the list you have on ignore or to remove any from the list.</Msg><Username>wilkes71</Username><Timestamp>1362594523593</Timestamp><DateTime>Wed, 2013-03-06 13:28:43 EST</DateTime><ThumbUp>5</ThumbUp><ThumbDown>0</ThumbDown><Sentiment/></Message><Message type="ReplyMessage"><Id>1362594794184-33</Id><Topic><Title>Spam is theft</Title><Username>wilkes71</Username><Timestamp>1362594523593</Timestamp><DateTime>Wed, 2013-03-06 13:28:43 EST</DateTime></Topic><Msg>Another problem is that the spammers have figured out a way to make it impossible to put them on ignore.</Msg><Username>wilkes71</Username><Timestamp>1362594794184</Timestamp><DateTime>Wed, 2013-03-06 13:33:14 EST</DateTime><ThumbUp>4</ThumbUp><ThumbDown>0</ThumbDown><Sentiment/></Message><Message type="TopicMessage"><Id>1362595159797-34</Id><Title>May 38 calls are selling for 20 cents</Title><Msg>If my target of $40 is reached they will be worth over $2.00. Even if T doesn't make $40 it is very likely the May 38 calls will be well above 40 cents between now and May 18th.</Msg><Username>wilkes71</Username><Timestamp>1362595159797</Timestamp><DateTime>Wed, 2013-03-06 13:39:19 EST</DateTime><ThumbUp>0</ThumbUp><ThumbDown>1</ThumbDown><Sentiment/></Message><Message type="ReplyMessage"><Id>1362595528283-35</Id><Topic><Title>Spam is theft</Title><Username>wilkes71</Username><Timestamp>1362594523593</Timestamp><DateTime>Wed, 2013-03-06 13:28:43 EST</DateTime></Topic><Msg>I agree..and the new "board" is impossible to figure out (!!). Yahoo sensors also elminated my earlier "alias" (!!)</Msg><Username>jon3retiree</Username><Timestamp>1362595528283</Timestamp><DateTime>Wed, 2013-03-06 13:45:28 EST</DateTime><ThumbUp>2</ThumbUp><ThumbDown>4</ThumbDown><Sentiment/></Message><Message type="ReplyMessage"><Id>1362596291693-36</Id><Topic><Title>Top Analyst UPGRADES AT&amp;T</Title><Username>whitlockjohn510</Username><Timestamp>1361876686315</Timestamp><DateTime>Tue, 2013-02-26 06:04:46 EST</DateTime></Topic><Msg>great, thanks!</Msg><Username>georgethompson382</Username><Timestamp>1362596291693</Timestamp><DateTime>Wed, 2013-03-06 13:58:11 EST</DateTime><ThumbUp>0</ThumbUp><ThumbDown>0</ThumbDown><Sentiment/></Message><Message type="ReplyMessage"><Id>1362597300743-37</Id><Topic><Title>AT&amp;T Insiders SELLING?! (SHOCKING REPORT)</Title><Username>kylecampbell541</Username><Timestamp>1362132432770</Timestamp><DateTime>Fri, 2013-03-01 05:07:12 EST</DateTime></Topic><Msg>awesome</Msg><Username>nathanshuler742</Username><Timestamp>1362597300743</Timestamp><DateTime>Wed, 2013-03-06 14:15:00 EST</DateTime><ThumbUp>0</ThumbUp><ThumbDown>0</ThumbDown><Sentiment/></Message><Message type="ReplyMessage"><Id>1362600125058-38</Id><Topic><Title>$ T Featured on MAD MONEY</Title><Username>kevinlee899</Username><Timestamp>1361805521276</Timestamp><DateTime>Mon, 2013-02-25 10:18:41 EST</DateTime></Topic><Msg>Good job mate. Thank you</Msg><Username>henryclark930</Username><Timestamp>1362600125058</Timestamp><DateTime>Wed, 2013-03-06 15:02:05 EST</DateTime><ThumbUp>0</ThumbUp><ThumbDown>1</ThumbDown><Sentiment/></Message><Message type="ReplyMessage"><Id>1362601107196-39</Id><Topic><Title>What is going on with this "stock" today (!!)</Title><Username>jon3retiree</Username><Timestamp>1362591030664</Timestamp><DateTime>Wed, 2013-03-06 12:30:30 EST</DateTime></Topic><Msg>You can't expect up every day. For six weeks we have been going up and are about due for a pull back to about $35.50.</Msg><Username>wilkes71</Username><Timestamp>1362601107196</Timestamp><DateTime>Wed, 2013-03-06 15:18:27 EST</DateTime><ThumbUp>2</ThumbUp><ThumbDown>6</ThumbDown><Sentiment/></Message><Message type="ReplyMessage"><Id>1362601154020-40</Id><Topic><Title>AT&amp;T Upgraded to STRONG BUY !</Title><Username>marymitchell773</Username><Timestamp>1362510364800</Timestamp><DateTime>Tue, 2013-03-05 14:06:04 EST</DateTime></Topic><Msg>Thanks for sharing !</Msg><Username>douglas.goddard</Username><Timestamp>1362601154020</Timestamp><DateTime>Wed, 2013-03-06 15:19:14 EST</DateTime><ThumbUp>0</ThumbUp><ThumbDown>0</ThumbDown><Sentiment/></Message><Message type="ReplyMessage"><Id>1362601305858-41</Id><Topic><Title>Detailed AT&amp;T Research Report !!!</Title><Username>ashleyjones221</Username><Timestamp>1362156250127</Timestamp><DateTime>Fri, 2013-03-01 11:44:10 EST</DateTime></Topic><Msg>Thanks for sharing !</Msg><Username>douglas.goddard</Username><Timestamp>1362601305858</Timestamp><DateTime>Wed, 2013-03-06 15:21:45 EST</DateTime><ThumbUp>0</ThumbUp><ThumbDown>1</ThumbDown><Sentiment/></Message><Message type="ReplyMessage"><Id>1362601898525-42</Id><Topic><Title>AT&amp;T Insiders SELLING?! (SHOCKING REPORT)</Title><Username>kylecampbell541</Username><Timestamp>1362132432770</Timestamp><DateTime>Fri, 2013-03-01 05:07:12 EST</DateTime></Topic><Msg>Useful report</Msg><Username>charlesjohn584</Username><Timestamp>1362601898525</Timestamp><DateTime>Wed, 2013-03-06 15:31:38 EST</DateTime><ThumbUp>0</ThumbUp><ThumbDown>0</ThumbDown><Sentiment/></Message><Message type="ReplyMessage"><Id>1362602888927-43</Id><Topic><Title>Frewfrewwillie AKA jon3retiree !!</Title><Username>zonbac98</Username><Timestamp>1362601117251</Timestamp><DateTime>Wed, 2013-03-06 15:18:37 EST</DateTime></Topic><Msg>zombie69 aka jon2retard aka robfisk, ect, ect. He has more ID's than brains. Now this is a "dirtbag".</Msg><Username>lv66vette</Username><Timestamp>1362602888927</Timestamp><DateTime>Wed, 2013-03-06 15:48:08 EST</DateTime><ThumbUp>7</ThumbUp><ThumbDown>7</ThumbDown><Sentiment/></Message><Message type="ReplyMessage"><Id>1362606444062-44</Id><Topic><Title>OOPS! (Not about T)</Title><Username>t.bfine</Username><Timestamp>1362583671913</Timestamp><DateTime>Wed, 2013-03-06 10:27:51 EST</DateTime></Topic><Msg>At this same point in time in Clinton's administration, he had an approval rating in excess of 60%. Obama is less than 50%. Not a guarantee that the mid-terms will go the way of the right, but history has said he is in trouble. One can only hope.</Msg><Username>winholder</Username><Timestamp>1362606444062</Timestamp><DateTime>Wed, 2013-03-06 16:47:24 EST</DateTime><ThumbUp>6</ThumbUp><ThumbDown>2</ThumbDown><Sentiment/></Message><Message type="ReplyMessage"><Id>1362606572882-45</Id><Topic><Title>AT&amp;T Insiders SELLING?! (SHOCKING REPORT)</Title><Username>kylecampbell541</Username><Timestamp>1362132432770</Timestamp><DateTime>Fri, 2013-03-01 05:07:12 EST</DateTime></Topic><Msg>thanks</Msg><Username>johnmarston503</Username><Timestamp>1362606572882</Timestamp><DateTime>Wed, 2013-03-06 16:49:32 EST</DateTime><ThumbUp>0</ThumbUp><ThumbDown>1</ThumbDown><Sentiment/></Message><Message type="ReplyMessage"><Id>1362607205458-46</Id><Topic><Title>Top Analyst UPGRADES AT&amp;T</Title><Username>whitlockjohn510</Username><Timestamp>1361876686315</Timestamp><DateTime>Tue, 2013-02-26 06:04:46 EST</DateTime></Topic><Msg>well done</Msg><Username>stevenhill681</Username><Timestamp>1362607205458</Timestamp><DateTime>Wed, 2013-03-06 17:00:05 EST</DateTime><ThumbUp>0</ThumbUp><ThumbDown>1</ThumbDown><Sentiment/></Message><Message type="ReplyMessage"><Id>1362612483531-47</Id><Topic><Title>What is going on with this "stock" today (!!)</Title><Username>jon3retiree</Username><Timestamp>1362591030664</Timestamp><DateTime>Wed, 2013-03-06 12:30:30 EST</DateTime></Topic><Msg>zonbac98 (!!), you seem be "only" won who is "wearing twisted panties" about my alias..(??) Please "splain"..why you feel so "mean" about it..(??)</Msg><Username>jon3retiree</Username><Timestamp>1362612483531</Timestamp><DateTime>Wed, 2013-03-06 18:28:03 EST</DateTime><ThumbUp>2</ThumbUp><ThumbDown>2</ThumbDown><Sentiment/></Message><Message type="ReplyMessage"><Id>1362612643666-48</Id><Topic><Title>What is going on with this "stock" today (!!)</Title><Username>jon3retiree</Username><Timestamp>1362591030664</Timestamp><DateTime>Wed, 2013-03-06 12:30:30 EST</DateTime></Topic><Msg>I know wilksies..I gets "upset" about things easy these days when "it" doesn't go like I like I like it..teehee ;)</Msg><Username>jon3retiree</Username><Timestamp>1362612643666</Timestamp><DateTime>Wed, 2013-03-06 18:30:43 EST</DateTime><ThumbUp>2</ThumbUp><ThumbDown>4</ThumbDown><Sentiment/></Message><Message type="TopicMessage"><Id>1362615107930-49</Id><Title>Where is all my "posts"..(??)</Title><Msg>It is bad 'nuff that those "Yahoo" sensors canceled my last alias "jon3retired" but it "looks"..like the "deleted" all of me posts two (!!) Their was some "good StuFf" in those "posts". I am complaining to "Yahoo"..(!!)</Msg><Username>jon3retiree</Username><Timestamp>1362615107930</Timestamp><DateTime>Wed, 2013-03-06 19:11:47 EST</DateTime><ThumbUp>2</ThumbUp><ThumbDown>4</ThumbDown><Sentiment/></Message><Message type="ReplyMessage"><Id>1362616062503-50</Id><Topic><Title>OOPS! (Not about T)</Title><Username>t.bfine</Username><Timestamp>1362583671913</Timestamp><DateTime>Wed, 2013-03-06 10:27:51 EST</DateTime></Topic><Msg>At day 1506 (today in Obama's term) , Clinton was at 57% and Obama at 49% in Gallup's Daily tracking poll. Clinton was at 60% for about a week prior, when Obama was at 53%. Whatever you're doing it's fuzzy. If you're trying to predict the midterms based on a single week's drop in the polls almost two year's out, you're fuzzy. I don't think you quite understand what is happenning to the Republican party right now. Tbfine is celebrating because people hold "both Democrats and Republicans" responsible. Keep celebrating--it's the best your going to get. A large contingent of the people who "don't approve" of Obama's job are upset because he let the sequester happen--that he didn't roll over you Tea Brains as you deserve. Do you think those people are going to vote Republican in the next election? You've made yourselves obsolete. The more you people die off and the more younger people enter the voter pool, the fewer seats you will hold--even in your gerrymandered House districts. As long as the Tea Brains are clinging to control of the party, it will slip into obsolscence. Unfortunately, there are too many old, retired people with too much money and too much time on their hands to let the party advance.</Msg><Username>ricky18201</Username><Timestamp>1362616062503</Timestamp><DateTime>Wed, 2013-03-06 19:27:42 EST</DateTime><ThumbUp>1</ThumbUp><ThumbDown>5</ThumbDown><Sentiment/></Message><Message type="ReplyMessage"><Id>1362616546712-51</Id><Topic><Title>Spam is theft</Title><Username>wilkes71</Username><Timestamp>1362594523593</Timestamp><DateTime>Wed, 2013-03-06 13:28:43 EST</DateTime></Topic><Msg>Yeah these boards are starting to suck.</Msg><Username>wallpaint777</Username><Timestamp>1362616546712</Timestamp><DateTime>Wed, 2013-03-06 19:35:46 EST</DateTime><ThumbUp>3</ThumbUp><ThumbDown>0</ThumbDown><Sentiment/></Message><Message type="ReplyMessage"><Id>1362616750310-52</Id><Topic><Title>Spam is theft</Title><Username>wilkes71</Username><Timestamp>1362594523593</Timestamp><DateTime>Wed, 2013-03-06 13:28:43 EST</DateTime></Topic><Msg>I am thinking about "quitting". The sensors took my "jon3retired" alias and deluted all of my posts. I think "I" am just wasting time I could be spending in "my" senior Zumba class..(??)</Msg><Username>jon3retiree</Username><Timestamp>1362616750310</Timestamp><DateTime>Wed, 2013-03-06 19:39:10 EST</DateTime><ThumbUp>1</ThumbUp><ThumbDown>2</ThumbDown><Sentiment/></Message><Message type="ReplyMessage"><Id>1362625702413-53</Id><Topic><Title>Please say a prayer for a True American Sheriff Joe Arpaio</Title><Username>bouch84</Username><Timestamp>1362421106271</Timestamp><DateTime>Mon, 2013-03-04 13:18:26 EST</DateTime></Topic><Msg>I'm glad Sheriff Joe is on the Right Side! Down with Anti-American Fleabag Lib Zeroes! Libs are a Creepy Lot!</Msg><Username>sdmiller4747</Username><Timestamp>1362625702413</Timestamp><DateTime>Wed, 2013-03-06 22:08:22 EST</DateTime><ThumbUp>2</ThumbUp><ThumbDown>4</ThumbDown><Sentiment/></Message></Date>