<?xml version="1.0" encoding="UTF-8" standalone="no"?><Date date="2012-10-22"><Message type="TopicMessage"><Id>1350878867977-1</Id><Title>Why $7.01 is coming to Da Bear ...learn why...</Title><Msg>Because that's what E-Tub's worth, efficient markets, remember, huh? I have never trusted E-Tub's loan book, but at $7.01, all that risk is discounted. Look, I almost got it, $7.08 was close, but when I say $7.01, I mean $7.01, not a penny more, get it. C Yaz - Da Bear Cares [CGDGE] ( I expect more heads to roll before January 1. This is not a good time to be LONG Da E-Tub. Yinz need to dump yer shares and wait with Da Bear on da sidelines till I tell yaz when. )</Msg><Username>legofthebear</Username><Timestamp>1350878867977</Timestamp><DateTime>Mon, 2012-10-22 00:07:47 EDT</DateTime><ThumbUp>2</ThumbUp><ThumbDown>0</ThumbDown><Sentiment/></Message><Message type="ReplyMessage"><Id>1350902367482-2</Id><Topic><Title>President Romney WINS in Landslide!!!</Title><Username>q4bike</Username><Timestamp>1348835996084</Timestamp><DateTime>Fri, 2012-09-28 08:39:56 EDT</DateTime></Topic><Msg>Dumbo to 'OCCUPY" the umemployment line!</Msg><Username>q4bike</Username><Timestamp>1350902367482</Timestamp><DateTime>Mon, 2012-10-22 06:39:27 EDT</DateTime><ThumbUp>0</ThumbUp><ThumbDown>0</ThumbDown><Sentiment>Strong Buy</Sentiment></Message><Message type="ReplyMessage"><Id>1350910523031-3</Id><Topic><Title>Sandra fluke draws huge crowd</Title><Username>biddermon_ca</Username><Timestamp>1350847236640</Timestamp><DateTime>Sun, 2012-10-21 15:20:36 EDT</DateTime></Topic><Msg>10 people with the Huffingtonpost crew of nine following her!</Msg><Username>q4bike</Username><Timestamp>1350910523031</Timestamp><DateTime>Mon, 2012-10-22 08:55:23 EDT</DateTime><ThumbUp>4</ThumbUp><ThumbDown>3</ThumbDown><Sentiment>Strong Buy</Sentiment></Message><Message type="ReplyMessage"><Id>1350911385857-4</Id><Topic><Title>Sandra fluke draws huge crowd</Title><Username>biddermon_ca</Username><Timestamp>1350847236640</Timestamp><DateTime>Sun, 2012-10-21 15:20:36 EDT</DateTime></Topic><Msg>Please sandra, wash your hair...so gross!</Msg><Username>q4bike</Username><Timestamp>1350911385857</Timestamp><DateTime>Mon, 2012-10-22 09:09:45 EDT</DateTime><ThumbUp>5</ThumbUp><ThumbDown>3</ThumbDown><Sentiment>Strong Buy</Sentiment></Message><Message type="TopicMessage"><Id>1350913821369-5</Id><Title>Sandra Fluke appointed 'Vagina Czar'!!</Title><Msg>Why does she want me to pay for her birth control? Does she even sleep with men? Or would a man actually sleep with her???</Msg><Username>q4bike</Username><Timestamp>1350913821369</Timestamp><DateTime>Mon, 2012-10-22 09:50:21 EDT</DateTime><ThumbUp>3</ThumbUp><ThumbDown>0</ThumbDown><Sentiment>Strong Buy</Sentiment></Message><Message type="ReplyMessage"><Id>1350915602375-6</Id><Topic><Title>'THE TALK' (Dumbo and MOO-shell)</Title><Username>q4bike</Username><Timestamp>1350850798658</Timestamp><DateTime>Sun, 2012-10-21 16:19:58 EDT</DateTime></Topic><Msg>Dude! Game Over!!</Msg><Username>q4bike</Username><Timestamp>1350915602375</Timestamp><DateTime>Mon, 2012-10-22 10:20:02 EDT</DateTime><ThumbUp>3</ThumbUp><ThumbDown>0</ThumbDown><Sentiment>Strong Buy</Sentiment></Message><Message type="TopicMessage"><Id>1350915640350-7</Id><Title>Jesse Jackson Jr. Has BiPolar Disorder</Title><Msg>again.</Msg><Username>investorelvis</Username><Timestamp>1350915640350</Timestamp><DateTime>Mon, 2012-10-22 10:20:40 EDT</DateTime><ThumbUp>2</ThumbUp><ThumbDown>0</ThumbDown><Sentiment/></Message><Message type="ReplyMessage"><Id>1350916394305-8</Id><Topic><Title>Jesse Jackson Jr. Has BiPolar Disorder</Title><Username>investorelvis</Username><Timestamp>1350915640350</Timestamp><DateTime>Mon, 2012-10-22 10:20:40 EDT</DateTime></Topic><Msg>'BiPolar'? Is that the new term for that married with children politician who is seen solo at a bar with 2 women last week?? This a total con to avoid more public questions of his criminal behavior before the election. If he was a Republican..things would be very different as the press would go wild!</Msg><Username>q4bike</Username><Timestamp>1350916394305</Timestamp><DateTime>Mon, 2012-10-22 10:33:14 EDT</DateTime><ThumbUp>1</ThumbUp><ThumbDown>0</ThumbDown><Sentiment>Strong Buy</Sentiment></Message><Message type="TopicMessage"><Id>1350916568244-9</Id><Title>Democrat Strategist: 'It's Over for Obama'</Title><Msg>Bob Beckel - “If I were looking at the numbers and managing the presidential campaign, I would be upset, I’m not sure panic. But if those numbers are correct — it is over, it is over,”</Msg><Username>leftie_weezner</Username><Timestamp>1350916568244</Timestamp><DateTime>Mon, 2012-10-22 10:36:08 EDT</DateTime><ThumbUp>6</ThumbUp><ThumbDown>3</ThumbDown><Sentiment/></Message><Message type="ReplyMessage"><Id>1350916767441-10</Id><Topic><Title>Sandra Fluke appointed 'Vagina Czar'!!</Title><Username>q4bike</Username><Timestamp>1350913821369</Timestamp><DateTime>Mon, 2012-10-22 09:50:21 EDT</DateTime></Topic><Msg>Sandra Fluke,could be used as a part of a contraception drug, if properly dried up and used as a base ingredient.</Msg><Username>leftie_weezner</Username><Timestamp>1350916767441</Timestamp><DateTime>Mon, 2012-10-22 10:39:27 EDT</DateTime><ThumbUp>2</ThumbUp><ThumbDown>0</ThumbDown><Sentiment/></Message><Message type="ReplyMessage"><Id>1350916823535-11</Id><Topic><Title>Democrat Strategist: 'It's Over for Obama'</Title><Username>leftie_weezner</Username><Timestamp>1350916568244</Timestamp><DateTime>Mon, 2012-10-22 10:36:08 EDT</DateTime></Topic><Msg>Not only is it over..but Dumbo looks/acts like he is DONE! He does not want the job anymore...unless the Constitution is ripprd up and he is Dictator</Msg><Username>q4bike</Username><Timestamp>1350916823535</Timestamp><DateTime>Mon, 2012-10-22 10:40:23 EDT</DateTime><ThumbUp>5</ThumbUp><ThumbDown>3</ThumbDown><Sentiment>Strong Buy</Sentiment></Message><Message type="ReplyMessage"><Id>1350917196087-12</Id><Topic><Title>Sandra fluke draws huge crowd</Title><Username>biddermon_ca</Username><Timestamp>1350847236640</Timestamp><DateTime>Sun, 2012-10-21 15:20:36 EDT</DateTime></Topic><Msg>'Intelleigent' is code for UGLY!!</Msg><Username>q4bike</Username><Timestamp>1350917196087</Timestamp><DateTime>Mon, 2012-10-22 10:46:36 EDT</DateTime><ThumbUp>5</ThumbUp><ThumbDown>3</ThumbDown><Sentiment>Strong Buy</Sentiment></Message><Message type="TopicMessage"><Id>1350917516379-13</Id><Title>Mannkind - MNKD - Potential Blockbuster Drug - Under $2.00</Title><Msg>The announcement that Mannkind has issued a new secondary to raise funds has created a buying opportunity. Mannkind's insulin drug, Afrezza, could receive F.D.A. approval as early as September,2013 if it is granted "priority review" status. With $1.6 billion in tax-loss carry forwards and insulin inventory to produce $10,000,000,000 worth of Afrezza the company in a potential takeover target which may be why Mr. Mann probably decided to convert so much debt to equity at $2.59/share last week. A "big-pharma" partnership could happen at any time. Consider buying a few shares below $2.00 before the approval run-up begins.</Msg><Username>aunttizzy</Username><Timestamp>1350917516379</Timestamp><DateTime>Mon, 2012-10-22 10:51:56 EDT</DateTime><ThumbUp>0</ThumbUp><ThumbDown>0</ThumbDown><Sentiment/></Message><Message type="TopicMessage"><Id>1350917516792-14</Id><Title>Mannkind - MNKD - Potential Blockbuster Drug - Under $2.00</Title><Msg>The announcement that Mannkind has issued a new secondary to raise funds has created a buying opportunity. Mannkind's insulin drug, Afrezza, could receive F.D.A. approval as early as September,2013 if it is granted "priority review" status. With $1.6 billion in tax-loss carry forwards and insulin inventory to produce $10,000,000,000 worth of Afrezza the company in a potential takeover target which may be why Mr. Mann probably decided to convert so much debt to equity at $2.59/share last week. A "big-pharma" partnership could happen at any time. Consider buying a few shares below $2.00 before the approval run-up begins.</Msg><Username>aunttizzy</Username><Timestamp>1350917516792</Timestamp><DateTime>Mon, 2012-10-22 10:51:56 EDT</DateTime><ThumbUp>0</ThumbUp><ThumbDown>0</ThumbDown><Sentiment/></Message><Message type="TopicMessage"><Id>1350918763825-15</Id><Title>PGRX ready to lift off for $2 billions Potash 10 year supply contract from China!</Title><Msg>Please look up the newa under PGRX! The insiders recent buyings confirm more business deals are coming from other nations as well! The floating share is low, RSI 80, MFI 50, MCAD K%over pass, all good indicators for the break-out! A strong momentum play! Wobble beta 2.8!</Msg><Username>savvy_investor123</Username><Timestamp>1350918763825</Timestamp><DateTime>Mon, 2012-10-22 11:12:43 EDT</DateTime><ThumbUp>0</ThumbUp><ThumbDown>0</ThumbDown><Sentiment/></Message><Message type="TopicMessage"><Id>1350923768863-16</Id><Title>Italian scientists convicted over earthquake warning</Title><Msg>i suppose "lack of earthquake warning" is a better headline. yeppers - now we have governments in the earthquake predicting business. the world has gone mad.</Msg><Username>investorelvis</Username><Timestamp>1350923768863</Timestamp><DateTime>Mon, 2012-10-22 12:36:08 EDT</DateTime><ThumbUp>0</ThumbUp><ThumbDown>0</ThumbDown><Sentiment/></Message><Message type="ReplyMessage"><Id>1350925677029-17</Id><Topic><Title>Democrat Strategist: 'It's Over for Obama'</Title><Username>leftie_weezner</Username><Timestamp>1350916568244</Timestamp><DateTime>Mon, 2012-10-22 10:36:08 EDT</DateTime></Topic><Msg>At this point Obama want's to retire and and then join Jimmy Carter in supporting petty Communist Dictators.</Msg><Username>leftie_weezner</Username><Timestamp>1350925677029</Timestamp><DateTime>Mon, 2012-10-22 13:07:57 EDT</DateTime><ThumbUp>4</ThumbUp><ThumbDown>3</ThumbDown><Sentiment>Hold</Sentiment></Message><Message type="ReplyMessage"><Id>1350927254287-18</Id><Topic><Title>Democrat Strategist: 'It's Over for Obama'</Title><Username>leftie_weezner</Username><Timestamp>1350916568244</Timestamp><DateTime>Mon, 2012-10-22 10:36:08 EDT</DateTime></Topic><Msg>Yep - it's over -...... it's either a tie, or Obama is ahead in general polls, he is definitely ahead in all battleground states - but sure - what not...... - it's over..... - Romney the chameleon wins.... Faux News wins the elections :)</Msg><Username>crown_11111</Username><Timestamp>1350927254287</Timestamp><DateTime>Mon, 2012-10-22 13:34:14 EDT</DateTime><ThumbUp>0</ThumbUp><ThumbDown>3</ThumbDown><Sentiment/></Message><Message type="TopicMessage"><Id>1350927876324-19</Id><Title>Avoid trading this week!</Title><Msg>Market is very unstable and may further go down with weak and bad earning reports. I would not trade for the next 2~3 weeks.</Msg><Username>stmoon2000</Username><Timestamp>1350927876324</Timestamp><DateTime>Mon, 2012-10-22 13:44:36 EDT</DateTime><ThumbUp>1</ThumbUp><ThumbDown>0</ThumbDown><Sentiment>Strong Sell</Sentiment></Message><Message type="ReplyMessage"><Id>1350927902564-20</Id><Topic><Title>Sandra fluke draws huge crowd</Title><Username>biddermon_ca</Username><Timestamp>1350847236640</Timestamp><DateTime>Sun, 2012-10-21 15:20:36 EDT</DateTime></Topic><Msg>//'Intelleigent' is code for UGLY// I have never met you (thank the proverbial Lord) - but this tells me that ..... well.......... - you must be really, really PRETTY! Because 'Intelleigent' you really, really are not...(and I assume spell-check was not introduced to your neck of back-woods yet either....)</Msg><Username>crown_11111</Username><Timestamp>1350927902564</Timestamp><DateTime>Mon, 2012-10-22 13:45:02 EDT</DateTime><ThumbUp>0</ThumbUp><ThumbDown>4</ThumbDown><Sentiment/></Message><Message type="TopicMessage"><Id>1350933200918-21</Id><Title>why don't they name the failure?</Title><Msg>are they protecting the cfo? Where is 50 million in losses ? let me see are they in the bottom drawer? sounds like the lame management at etfc!!fire the incompetent and lets move on!!IMHO</Msg><Username>roadtoad25</Username><Timestamp>1350933200918</Timestamp><DateTime>Mon, 2012-10-22 15:13:20 EDT</DateTime><ThumbUp>2</ThumbUp><ThumbDown>2</ThumbDown><Sentiment/></Message><Message type="TopicMessage"><Id>1350934086615-22</Id><Title>Dipshidiot's bad math skills</Title><Msg>David Gregory: Bowles And Simpson Say Romney’s Tax Math ‘Simply Doesn’t Work’ NBC "Meet The Press" host David Gregory, interviewing Sen. Rob Portman (R-OH) on Sunday, said the two co-chairmen of the Simpson-Bowles fiscal commission have told him that Mitt Romney's tax reform proposal doesn't add up. "Now here's the thing, I know the Romney campaign has six studies that say it does add up but we don't know exactly how. I've talked to Erskine Bowles and Senator Simpson of the Simpson-Bowles commission and they say it simply doesn't work -- that either the middle class will have to pay more in taxes or you have to blow up the deficit." Portman, a top Romney surrogate, insisted the math "does work" but did not specify which tax deductions or credits Romney would target.</Msg><Username>foknewsjunkie</Username><Timestamp>1350934086615</Timestamp><DateTime>Mon, 2012-10-22 15:28:06 EDT</DateTime><ThumbUp>1</ThumbUp><ThumbDown>5</ThumbDown><Sentiment/></Message><Message type="TopicMessage"><Id>1350934114222-23</Id><Title>time to link salary to performance!!</Title><Msg>that would get rid of the rats asap!!! Why does the board continue to screw the investors with thiese lame management choices? IMHO</Msg><Username>roadtoad25</Username><Timestamp>1350934114222</Timestamp><DateTime>Mon, 2012-10-22 15:28:34 EDT</DateTime><ThumbUp>1</ThumbUp><ThumbDown>3</ThumbDown><Sentiment/></Message><Message type="TopicMessage"><Id>1350935648152-24</Id><Title>From $8.40 to $7.40 is coming in a month!!!</Title><Msg>From $8.40 to $7.40 is coming in a month!!! Just my hunch with current unstable market condition!!</Msg><Username>stmoon2000</Username><Timestamp>1350935648152</Timestamp><DateTime>Mon, 2012-10-22 15:54:08 EDT</DateTime><ThumbUp>0</ThumbUp><ThumbDown>2</ThumbDown><Sentiment>Strong Sell</Sentiment></Message><Message type="ReplyMessage"><Id>1350936190412-25</Id><Topic><Title>From $8.40 to $7.40 is coming in a month!!!</Title><Username>stmoon2000</Username><Timestamp>1350935648152</Timestamp><DateTime>Mon, 2012-10-22 15:54:08 EDT</DateTime></Topic><Msg>$6.85 will be the lowest point before going up again from Q2-13. I will be waiting to see high $6s. No trading until then. This is just my hunch and do you own D-D. GLTA!!</Msg><Username>stmoon2000</Username><Timestamp>1350936190412</Timestamp><DateTime>Mon, 2012-10-22 16:03:10 EDT</DateTime><ThumbUp>0</ThumbUp><ThumbDown>2</ThumbDown><Sentiment>Strong Sell</Sentiment></Message><Message type="ReplyMessage"><Id>1350937586451-26</Id><Topic><Title>From $8.40 to $7.40 is coming in a month!!!</Title><Username>stmoon2000</Username><Timestamp>1350935648152</Timestamp><DateTime>Mon, 2012-10-22 15:54:08 EDT</DateTime></Topic><Msg>How about the fact you are a tool and nothing you say ever comes true. You were talking about trading in the $8.40's when the stock moved up to $9.50. Just quit guessing. It may go down and it may go up and it may stay flat, how about that guess.</Msg><Username>billwilliselkins</Username><Timestamp>1350937586451</Timestamp><DateTime>Mon, 2012-10-22 16:26:26 EDT</DateTime><ThumbUp>0</ThumbUp><ThumbDown>0</ThumbDown><Sentiment/></Message><Message type="ReplyMessage"><Id>1350938690024-27</Id><Topic><Title>Sandra fluke draws huge crowd</Title><Username>biddermon_ca</Username><Timestamp>1350847236640</Timestamp><DateTime>Sun, 2012-10-21 15:20:36 EDT</DateTime></Topic><Msg>If you notice neither of the baord trolls adressed the crowd issue, just childish middle school name calling. ..must be getting desperate? BTW, someone on this board sure seems to have an inmate knowledge of chcikens farmers, yet has no clue of where he lives.</Msg><Username>biddermon_ca</Username><Timestamp>1350938690024</Timestamp><DateTime>Mon, 2012-10-22 16:44:50 EDT</DateTime><ThumbUp>1</ThumbUp><ThumbDown>0</ThumbDown><Sentiment>Hold</Sentiment></Message><Message type="ReplyMessage"><Id>1350939249708-28</Id><Topic><Title>Sandra fluke draws huge crowd</Title><Username>biddermon_ca</Username><Timestamp>1350847236640</Timestamp><DateTime>Sun, 2012-10-21 15:20:36 EDT</DateTime></Topic><Msg>Wrong! Chicken farmers are awesome. hardworking Americans. You mean scummmy Moooo-sleems like their women beaten, raped, blind and dumb. Wiht no sense of smell due to their noses being cut off. Moo-leems are just smelly EVIL sub-humans... Leave the Great American Chicken farmers alone..</Msg><Username>q4bike</Username><Timestamp>1350939249708</Timestamp><DateTime>Mon, 2012-10-22 16:54:09 EDT</DateTime><ThumbUp>2</ThumbUp><ThumbDown>1</ThumbDown><Sentiment>Strong Buy</Sentiment></Message><Message type="ReplyMessage"><Id>1350939434819-29</Id><Topic><Title>Sandra fluke draws huge crowd</Title><Username>biddermon_ca</Username><Timestamp>1350847236640</Timestamp><DateTime>Sun, 2012-10-21 15:20:36 EDT</DateTime></Topic><Msg>What's the difference between Castro and Sandra Fluke? Castro will kill you if you don't show up for his crazy speeches!!</Msg><Username>q4bike</Username><Timestamp>1350939434819</Timestamp><DateTime>Mon, 2012-10-22 16:57:14 EDT</DateTime><ThumbUp>0</ThumbUp><ThumbDown>0</ThumbDown><Sentiment>Strong Buy</Sentiment></Message><Message type="TopicMessage"><Id>1350939745709-30</Id><Title>Is the PPT back in town</Title><Msg>The S&amp;P closed Friday right at the 50 day, which is big support for the S&amp;P. Drops well below that today...and on cue at 3:15ish the market rallies hard back to the 50 day...coininsadance? The Dodd/Frank legislation sure taught the WS folks a thing or two...lol. . .</Msg><Username>biddermon_ca</Username><Timestamp>1350939745709</Timestamp><DateTime>Mon, 2012-10-22 17:02:25 EDT</DateTime><ThumbUp>2</ThumbUp><ThumbDown>0</ThumbDown><Sentiment>Hold</Sentiment></Message><Message type="TopicMessage"><Id>1350944455889-31</Id><Title>October Surprise-Gloria Alred style (Oooo, Scary!!!)</Title><Msg>The big October surprise that Liberals are buildiing up was leaked yesterday. Gloria Alred who took down Meg Whitman with an overpaid illegal maid (California is paying the price now) and Herman Cain (no proof other than the word of Axelrods neightbor). The story is an old one used by Dumbo earlier in the year. The 'Big Story' happened (if it happened) 40 years ago!!! A woman says that President Romney pressed her to not have an abortion during a troubled pregnancy. GOOD LUCK WITH THAT!</Msg><Username>q4bike</Username><Timestamp>1350944455889</Timestamp><DateTime>Mon, 2012-10-22 18:20:55 EDT</DateTime><ThumbUp>1</ThumbUp><ThumbDown>0</ThumbDown><Sentiment>Strong Buy</Sentiment></Message><Message type="ReplyMessage"><Id>1350959673483-32</Id><Topic><Title>From $8.40 to $7.40 is coming in a month!!!</Title><Username>stmoon2000</Username><Timestamp>1350935648152</Timestamp><DateTime>Mon, 2012-10-22 15:54:08 EDT</DateTime></Topic><Msg>If markets are bad enough, ETFC will further sink to $7s by Friday. There is no catalyst for ETFC except a new CEO announcement. I doubt ETFC will announce it soon. Depends who will be a new CEO, ETFC may even drop more with a new CEO announcement. I will not add one single share of ETFC until it reports a profit!!</Msg><Username>stmoon2000</Username><Timestamp>1350959673483</Timestamp><DateTime>Mon, 2012-10-22 22:34:33 EDT</DateTime><ThumbUp>0</ThumbUp><ThumbDown>0</ThumbDown><Sentiment>Strong Sell</Sentiment></Message><Message type="TopicMessage"><Id>1350963762012-33</Id><Title>$7.01's a coming ...learn why...</Title><Msg>Face it, E-Tub will have questionable issues about their loan book for at least another quarter. Da economy is slipping back into recession, and da fiscal cliff is eyeball to eyeball. DARTs are dropping along with hope for an acqusition ...tee hehehe... C Yaz - Da Bear Cares [CGDGE] ( Da onlyest thing that can stop da 701 train is a legitimate buyout attempt; otherwise, it's curtains for da Hog for another 3 months or longer. If Yinz are keeping count, that's -$1.43 from where we closed today. Da Bear outta here. )</Msg><Username>legofthebear</Username><Timestamp>1350963762012</Timestamp><DateTime>Mon, 2012-10-22 23:42:42 EDT</DateTime><ThumbUp>1</ThumbUp><ThumbDown>0</ThumbDown><Sentiment/></Message></Date>