<?xml version="1.0" encoding="UTF-8" standalone="no"?><Date date="2012-11-06"><Message type="ReplyMessage"><Id>1352201857045-1</Id><Topic><Title>Benghazi-LIBYA gets MASSIVE Help! Staten Island gets NOTHING!!!</Title><Username>q4bike</Username><Timestamp>1352055976839</Timestamp><DateTime>Sun, 2012-11-04 14:06:16 EST</DateTime></Topic><Msg>We will Find the TRUTH!!</Msg><Username>q4bike</Username><Timestamp>1352201857045</Timestamp><DateTime>Tue, 2012-11-06 06:37:37 EST</DateTime><ThumbUp>3</ThumbUp><ThumbDown>0</ThumbDown><Sentiment>Strong Buy</Sentiment></Message><Message type="TopicMessage"><Id>1352205542008-2</Id><Title>President Romney starts TODAY !!!!!!!!!!!!!!!!!!</Title><Msg>Yes! REAL Hope, REAL CHANGE !!!!!!</Msg><Username>q4bike</Username><Timestamp>1352205542008</Timestamp><DateTime>Tue, 2012-11-06 07:39:02 EST</DateTime><ThumbUp>1</ThumbUp><ThumbDown>3</ThumbDown><Sentiment>Strong Buy</Sentiment></Message><Message type="ReplyMessage"><Id>1352210173309-3</Id><Topic><Title>President Romney WINS in Landslide!!!</Title><Username>q4bike</Username><Timestamp>1348835996084</Timestamp><DateTime>Fri, 2012-09-28 08:39:56 EDT</DateTime></Topic><Msg>SOOO great to post this on Election day!!!!</Msg><Username>q4bike</Username><Timestamp>1352210173309</Timestamp><DateTime>Tue, 2012-11-06 08:56:13 EST</DateTime><ThumbUp>0</ThumbUp><ThumbDown>0</ThumbDown><Sentiment>Strong Buy</Sentiment></Message><Message type="ReplyMessage"><Id>1352220461640-4</Id><Topic><Title>Covered my short position and went long</Title><Username>getshorty20700</Username><Timestamp>1352138102166</Timestamp><DateTime>Mon, 2012-11-05 12:55:02 EST</DateTime></Topic><Msg>Not looking good for GM or Ford.</Msg><Username>billwilliselkins</Username><Timestamp>1352220461640</Timestamp><DateTime>Tue, 2012-11-06 11:47:41 EST</DateTime><ThumbUp>0</ThumbUp><ThumbDown>0</ThumbDown><Sentiment/></Message><Message type="TopicMessage"><Id>1352222366767-5</Id><Title>BAC, RIMM, and ETRADE</Title><Msg>All three were trading at $7.50 not too long ago. Today BAC $9.90 RIMM $9.05 ETFC $8.73</Msg><Username>billwilliselkins</Username><Timestamp>1352222366767</Timestamp><DateTime>Tue, 2012-11-06 12:19:26 EST</DateTime><ThumbUp>0</ThumbUp><ThumbDown>0</ThumbDown><Sentiment/></Message><Message type="ReplyMessage"><Id>1352226467174-6</Id><Topic><Title>President Romney starts TODAY !!!!!!!!!!!!!!!!!!</Title><Username>q4bike</Username><Timestamp>1352205542008</Timestamp><DateTime>Tue, 2012-11-06 07:39:02 EST</DateTime></Topic><Msg>Dumbo already shreading documents, right after his basket ball game..</Msg><Username>q4bike</Username><Timestamp>1352226467174</Timestamp><DateTime>Tue, 2012-11-06 13:27:47 EST</DateTime><ThumbUp>0</ThumbUp><ThumbDown>1</ThumbDown><Sentiment>Strong Buy</Sentiment></Message><Message type="ReplyMessage"><Id>1352227511882-7</Id><Topic><Title>Benghazi-LIBYA gets MASSIVE Help! Staten Island gets NOTHING!!!</Title><Username>q4bike</Username><Timestamp>1352055976839</Timestamp><DateTime>Sun, 2012-11-04 14:06:16 EST</DateTime></Topic><Msg>Dumbo basketball game is more important than helpng Americans today..</Msg><Username>q4bike</Username><Timestamp>1352227511882</Timestamp><DateTime>Tue, 2012-11-06 13:45:11 EST</DateTime><ThumbUp>1</ThumbUp><ThumbDown>0</ThumbDown><Sentiment>Strong Buy</Sentiment></Message><Message type="ReplyMessage"><Id>1352232615074-8</Id><Topic><Title>President Romney WINS in Landslide!!!</Title><Username>q4bike</Username><Timestamp>1348835996084</Timestamp><DateTime>Fri, 2012-09-28 08:39:56 EDT</DateTime></Topic><Msg>Vote for Love of Country!!</Msg><Username>q4bike</Username><Timestamp>1352232615074</Timestamp><DateTime>Tue, 2012-11-06 15:10:15 EST</DateTime><ThumbUp>1</ThumbUp><ThumbDown>0</ThumbDown><Sentiment>Strong Buy</Sentiment></Message><Message type="ReplyMessage"><Id>1352235609829-9</Id><Topic><Title>BAC, RIMM, and ETRADE</Title><Username>billwilliselkins</Username><Timestamp>1352222366767</Timestamp><DateTime>Tue, 2012-11-06 12:19:26 EST</DateTime></Topic><Msg>Etrade sux I know</Msg><Username>barryfromthehood</Username><Timestamp>1352235609829</Timestamp><DateTime>Tue, 2012-11-06 16:00:09 EST</DateTime><ThumbUp>0</ThumbUp><ThumbDown>0</ThumbDown><Sentiment/></Message><Message type="ReplyMessage"><Id>1352236168823-10</Id><Topic><Title>President Romney starts TODAY !!!!!!!!!!!!!!!!!!</Title><Username>q4bike</Username><Timestamp>1352205542008</Timestamp><DateTime>Tue, 2012-11-06 07:39:02 EST</DateTime></Topic><Msg>The Storm is over!!</Msg><Username>q4bike</Username><Timestamp>1352236168823</Timestamp><DateTime>Tue, 2012-11-06 16:09:28 EST</DateTime><ThumbUp>0</ThumbUp><ThumbDown>0</ThumbDown><Sentiment>Strong Buy</Sentiment></Message><Message type="TopicMessage"><Id>1352241422104-11</Id><Title>505Mil at 6% and 800Mil at 6.375% pricing.....</Title><Msg>with 505mil callable Nov 2014 and 800mil callable Nov 2015. That would appear to me no upstream of capital for 2 more years and then only 505 mil with the remaining 800 mil in 3 years. Long wait.....while the fundies stink right now.....</Msg><Username>billwilliselkins</Username><Timestamp>1352241422104</Timestamp><DateTime>Tue, 2012-11-06 17:37:02 EST</DateTime><ThumbUp>2</ThumbUp><ThumbDown>0</ThumbDown><Sentiment/></Message><Message type="TopicMessage"><Id>1352241432153-12</Id><Title>Just a Few More Hours til JB Slits Her Throat!...</Title><Msg>...while wearing Rusty Panties!</Msg><Username>lackofzzzzzz</Username><Timestamp>1352241432153</Timestamp><DateTime>Tue, 2012-11-06 17:37:12 EST</DateTime><ThumbUp>1</ThumbUp><ThumbDown>0</ThumbDown><Sentiment/></Message><Message type="ReplyMessage"><Id>1352241901276-13</Id><Topic><Title>Just a Few More Hours til JB Slits Her Throat!...</Title><Username>lackofzzzzzz</Username><Timestamp>1352241432153</Timestamp><DateTime>Tue, 2012-11-06 17:37:12 EST</DateTime></Topic><Msg>Heh, What can I say...Chastity belts rust !!</Msg><Username>q4bike</Username><Timestamp>1352241901276</Timestamp><DateTime>Tue, 2012-11-06 17:45:01 EST</DateTime><ThumbUp>0</ThumbUp><ThumbDown>0</ThumbDown><Sentiment>Strong Buy</Sentiment></Message><Message type="ReplyMessage"><Id>1352244248217-14</Id><Topic><Title>President Romney WINS in Landslide!!!</Title><Username>q4bike</Username><Timestamp>1348835996084</Timestamp><DateTime>Fri, 2012-09-28 08:39:56 EDT</DateTime></Topic><Msg>Celebrate!!!!!</Msg><Username>q4bike</Username><Timestamp>1352244248217</Timestamp><DateTime>Tue, 2012-11-06 18:24:08 EST</DateTime><ThumbUp>0</ThumbUp><ThumbDown>0</ThumbDown><Sentiment>Strong Buy</Sentiment></Message><Message type="ReplyMessage"><Id>1352244681438-15</Id><Topic><Title>President Romney WINS in Landslide!!!</Title><Username>q4bike</Username><Timestamp>1348835996084</Timestamp><DateTime>Fri, 2012-09-28 08:39:56 EDT</DateTime></Topic><Msg>Dylan predicts Romney landslide. Check it out at the cinchview website.</Msg><Username>a.completeunknown</Username><Timestamp>1352244681438</Timestamp><DateTime>Tue, 2012-11-06 18:31:21 EST</DateTime><ThumbUp>0</ThumbUp><ThumbDown>4</ThumbDown><Sentiment/></Message></Date>