<?xml version="1.0" encoding="UTF-8" standalone="no"?><Date date="2012-10-03"><Message type="TopicMessage"><Id>1349296370531-1</Id><Title>Mitt armed with Quiver full of Zingers!!</Title><Msg>Watch this #$%$-bag shoot himself on to his foot tonight</Msg><Username>gopsrsobs</Username><Timestamp>1349296370531</Timestamp><DateTime>Wed, 2012-10-03 16:32:50 EDT</DateTime><ThumbUp>0</ThumbUp><ThumbDown>1</ThumbDown><Sentiment/></Message><Message type="ReplyMessage"><Id>1349317824930-2</Id><Topic><Title>I just paid 2 bucks for a bottle of Coke at a supermarket store</Title><Username>insider117</Username><Timestamp>1348155538362</Timestamp><DateTime>Thu, 2012-09-20 11:38:58 EDT</DateTime></Topic><Msg>I buy at walmart 2 liter 1.38 and pour as needed in my big ice mug,,,i never buy at a vending machine 20 oz for 1.50 not me</Msg><Username>six6pack2go</Username><Timestamp>1349317824930</Timestamp><DateTime>Wed, 2012-10-03 22:30:24 EDT</DateTime><ThumbUp>2</ThumbUp><ThumbDown>1</ThumbDown><Sentiment/></Message></Date>