<?xml version="1.0" encoding="UTF-8" standalone="no"?><Date date="2012-10-18"><Message type="TopicMessage"><Id>1350575863213-1</Id><Title>Strong Dollar</Title><Msg>The strong dollar is having a negative affect on the KO EPS. Where have we heard this before?</Msg><Username>qofaslave69</Username><Timestamp>1350575863213</Timestamp><DateTime>Thu, 2012-10-18 11:57:43 EDT</DateTime><ThumbUp>0</ThumbUp><ThumbDown>0</ThumbDown><Sentiment/></Message><Message type="TopicMessage"><Id>1350576937370-2</Id><Title>WOW! AWESOME ROMNEY WOULD NOT TAX CAPITAL GAINS AND INVESTMENT INCOME</Title><Msg>Romney in the last debate revealed he would eliminate tax on interest, dividends, and capital gains. What a tax savings for investors. Romney’s plan would let households earning less than $200,000 a year collect capital gains, dividends and interest tax-free. That would encourage more Americans to build cash nest eggs and to own stocks and bonds above and beyond their retirement plans.</Msg><Username>ricky1820l</Username><Timestamp>1350576937370</Timestamp><DateTime>Thu, 2012-10-18 12:15:37 EDT</DateTime><ThumbUp>2</ThumbUp><ThumbDown>2</ThumbDown><Sentiment/></Message><Message type="ReplyMessage"><Id>1350589740250-3</Id><Topic><Title>WOW! AWESOME ROMNEY WOULD NOT TAX CAPITAL GAINS AND INVESTMENT INCOME</Title><Username>ricky1820l</Username><Timestamp>1350576937370</Timestamp><DateTime>Thu, 2012-10-18 12:15:37 EDT</DateTime></Topic><Msg>I believe that was what clinched the victory and lead in the polls for Romney! Never in the history by the middle of October with an challenger with a plus 50 which Romney now actually leads by seven points has the incumbent won. Guess the Prez will enjoy alot of rounds of golf in Hawaii though and who knows what ghost writer will pen his autobiography. Dinesh DeSousa perhaps? LOL!</Msg><Username>siserv2001</Username><Timestamp>1350589740250</Timestamp><DateTime>Thu, 2012-10-18 15:49:00 EDT</DateTime><ThumbUp>1</ThumbUp><ThumbDown>1</ThumbDown><Sentiment/></Message><Message type="TopicMessage"><Id>1350599381197-4</Id><Title>just got the earnings pump - cash it in while you can</Title><Msg>otherwise by Wednesday it's not going to be a pretty market place</Msg><Username>counter_insurgency_buff</Username><Timestamp>1350599381197</Timestamp><DateTime>Thu, 2012-10-18 18:29:41 EDT</DateTime><ThumbUp>0</ThumbUp><ThumbDown>2</ThumbDown><Sentiment/></Message></Date>