<?xml version="1.0" encoding="UTF-8" standalone="no"?><Date date="2012-11-15"><Message type="ReplyMessage"><Id>1352989449070-1</Id><Topic><Title>I am right or wrong</Title><Username>mmck1961</Username><Timestamp>1352475124740</Timestamp><DateTime>Fri, 2012-11-09 10:32:04 EST</DateTime></Topic><Msg>completely wrong, right now, KO is trading at split adjusted $72 a share, a near double from the low of $39 in 2009.</Msg><Username>andevenabs</Username><Timestamp>1352989449070</Timestamp><DateTime>Thu, 2012-11-15 09:24:09 EST</DateTime><ThumbUp>0</ThumbUp><ThumbDown>1</ThumbDown><Sentiment/></Message><Message type="TopicMessage"><Id>1352990357180-2</Id><Title>KO will fall</Title><Msg>to the $32's where it will have good support, $36 is too high given where the overall market is and still up nearly 90% from the lows put in 2009. I'm banking on it.</Msg><Username>andevenabs</Username><Timestamp>1352990357180</Timestamp><DateTime>Thu, 2012-11-15 09:39:17 EST</DateTime><ThumbUp>1</ThumbUp><ThumbDown>3</ThumbDown><Sentiment>Sell</Sentiment></Message><Message type="TopicMessage"><Id>1352992655034-3</Id><Title>New product AQUABALL by Penny Stock Symbol: BAZI</Title><Msg>Any thought??? I am long the stock....</Msg><Username>traderjay120</Username><Timestamp>1352992655034</Timestamp><DateTime>Thu, 2012-11-15 10:17:35 EST</DateTime><ThumbUp>0</ThumbUp><ThumbDown>2</ThumbDown><Sentiment/></Message><Message type="TopicMessage"><Id>1352992894870-4</Id><Title>New Acquisition for Symbol: PIMO...A KO Service Provider!!!</Title><Msg>Just got news out today on service provider for Coca Cola, The company, PIMO, provides services for efficiency to KO. Any thoughts, I am long the stock.....</Msg><Username>traderjay120</Username><Timestamp>1352992894870</Timestamp><DateTime>Thu, 2012-11-15 10:21:34 EST</DateTime><ThumbUp>0</ThumbUp><ThumbDown>1</ThumbDown><Sentiment/></Message></Date>