<?xml version="1.0" encoding="UTF-8" standalone="no"?><Date date="2012-10-15"><Message type="TopicMessage"><Id>1350309423260-1</Id><Title>clsa</Title><Msg>who care abaout yuor opinion CLSA</Msg><Username>pizzajoe34</Username><Timestamp>1350309423260</Timestamp><DateTime>Mon, 2012-10-15 09:57:03 EDT</DateTime><ThumbUp>0</ThumbUp><ThumbDown>1</ThumbDown><Sentiment>Strong Buy</Sentiment></Message><Message type="ReplyMessage"><Id>1350312143762-2</Id><Topic><Title>Read Immediately -The Coca-Cola Company (KO).</Title><Username>chesterkennedy62</Username><Timestamp>1350044354164</Timestamp><DateTime>Fri, 2012-10-12 08:19:14 EDT</DateTime></Topic><Msg>well this stock wont make rich thats for sure</Msg><Username>stanleyanthony36</Username><Timestamp>1350312143762</Timestamp><DateTime>Mon, 2012-10-15 10:42:23 EDT</DateTime><ThumbUp>0</ThumbUp><ThumbDown>2</ThumbDown><Sentiment/></Message><Message type="ReplyMessage"><Id>1350316171547-3</Id><Topic><Title>Read Immediately -The Coca-Cola Company (KO).</Title><Username>chesterkennedy62</Username><Timestamp>1350044354164</Timestamp><DateTime>Fri, 2012-10-12 08:19:14 EDT</DateTime></Topic><Msg>great picks opened my eyes.</Msg><Username>storrs.centeno</Username><Timestamp>1350316171547</Timestamp><DateTime>Mon, 2012-10-15 11:49:31 EDT</DateTime><ThumbUp>0</ThumbUp><ThumbDown>1</ThumbDown><Sentiment/></Message><Message type="TopicMessage"><Id>1350318193047-4</Id><Title>earnings</Title><Msg>not a word from anyone about earnings. does it not matter anymore?</Msg><Username>garynvia</Username><Timestamp>1350318193047</Timestamp><DateTime>Mon, 2012-10-15 12:23:13 EDT</DateTime><ThumbUp>0</ThumbUp><ThumbDown>0</ThumbDown><Sentiment>Buy</Sentiment></Message><Message type="TopicMessage"><Id>1350322491458-5</Id><Title>VALE AONE TAGG on fire!!!!</Title><Msg>VALE AONE TAGG on fire!!!!</Msg><Username>fishstar749</Username><Timestamp>1350322491458</Timestamp><DateTime>Mon, 2012-10-15 13:34:51 EDT</DateTime><ThumbUp>0</ThumbUp><ThumbDown>1</ThumbDown><Sentiment>Strong Buy</Sentiment></Message><Message type="TopicMessage"><Id>1350324705672-6</Id><Title>Bought the NOV $40 Calls @ 12 cents.</Title><Msg>I think we could see an earnings surprise tomorrow.</Msg><Username>jdr52683</Username><Timestamp>1350324705672</Timestamp><DateTime>Mon, 2012-10-15 14:11:45 EDT</DateTime><ThumbUp>0</ThumbUp><ThumbDown>0</ThumbDown><Sentiment>Strong Buy</Sentiment></Message><Message type="TopicMessage"><Id>1350334987819-7</Id><Title>were are you big daddy?</Title><Msg>buy ko</Msg><Username>aapl55597</Username><Timestamp>1350334987819</Timestamp><DateTime>Mon, 2012-10-15 17:03:07 EDT</DateTime><ThumbUp>0</ThumbUp><ThumbDown>1</ThumbDown><Sentiment/></Message><Message type="TopicMessage"><Id>1350335288340-8</Id><Title>JP IS A GOOG WORKER</Title><Msg>JB OUT</Msg><Username>aapl55597</Username><Timestamp>1350335288340</Timestamp><DateTime>Mon, 2012-10-15 17:08:08 EDT</DateTime><ThumbUp>0</ThumbUp><ThumbDown>1</ThumbDown><Sentiment/></Message></Date>