<?xml version="1.0" encoding="UTF-8" standalone="no"?><Date date="2012-11-21"><Message type="ReplyMessage"><Id>1353507088560-1</Id><Topic><Title>Buy baby buy!</Title><Username>dsc20601</Username><Timestamp>1353455459294</Timestamp><DateTime>Tue, 2012-11-20 18:50:59 EST</DateTime></Topic><Msg>If they can postpone the fiscal cliff, could be a massive rally</Msg><Username>gf995</Username><Timestamp>1353507088560</Timestamp><DateTime>Wed, 2012-11-21 09:11:28 EST</DateTime><ThumbUp>1</ThumbUp><ThumbDown>0</ThumbDown><Sentiment/></Message><Message type="TopicMessage"><Id>1353519609863-2</Id><Title>KO MCP MJNA CBIS - Fisical Cliff picks</Title><Msg>..imho</Msg><Username>diamondsgold939</Username><Timestamp>1353519609863</Timestamp><DateTime>Wed, 2012-11-21 12:40:09 EST</DateTime><ThumbUp>0</ThumbUp><ThumbDown>1</ThumbDown><Sentiment>Strong Buy</Sentiment></Message><Message type="TopicMessage"><Id>1353524989563-3</Id><Title>$45 stockprice in 6 months.</Title><Msg>Is that possible? I think it is just to early to reach this. The EPS-trend is very stable growing but not accelerating imo.</Msg><Username>sander0975</Username><Timestamp>1353524989563</Timestamp><DateTime>Wed, 2012-11-21 14:09:49 EST</DateTime><ThumbUp>2</ThumbUp><ThumbDown>0</ThumbDown><Sentiment>Hold</Sentiment></Message><Message type="ReplyMessage"><Id>1353544744762-4</Id><Topic><Title>$45 stockprice in 6 months.</Title><Username>sander0975</Username><Timestamp>1353524989563</Timestamp><DateTime>Wed, 2012-11-21 14:09:49 EST</DateTime></Topic><Msg>Well what I will say is that as a long time hold, I am pleased with the periodic bounces to the upside and how the price uptrends with the hold and waiting game. I am not sure about your price, but, I think we are ok here and will rise on the good trading days. I wish all a great Thanksgiving.</Msg><Username>foxeelicious</Username><Timestamp>1353544744762</Timestamp><DateTime>Wed, 2012-11-21 19:39:04 EST</DateTime><ThumbUp>4</ThumbUp><ThumbDown>0</ThumbDown><Sentiment>Buy</Sentiment></Message><Message type="ReplyMessage"><Id>1353550499397-5</Id><Topic><Title>$45 stockprice in 6 months.</Title><Username>sander0975</Username><Timestamp>1353524989563</Timestamp><DateTime>Wed, 2012-11-21 14:09:49 EST</DateTime></Topic><Msg>20X Earnings...I think not</Msg><Username>dukdre23</Username><Timestamp>1353550499397</Timestamp><DateTime>Wed, 2012-11-21 21:14:59 EST</DateTime><ThumbUp>0</ThumbUp><ThumbDown>1</ThumbDown><Sentiment/></Message></Date>