<?xml version="1.0" encoding="UTF-8" standalone="no"?><Date date="2012-08-26"><Message type="ReplyMessage"><Id>1346037799000-1</Id><Topic><Title>buy buy buy ko $50 next week.</Title><Username>ymkhail</Username><Timestamp>1345640314000</Timestamp><DateTime>Wed, 2012-08-22 08:58:34 EDT</DateTime></Topic><Msg>why are insiders selling? (38) Go to KO and look at insider action.</Msg><Username>1molly2</Username><Timestamp>1346037799000</Timestamp><DateTime>Sun, 2012-08-26 23:23:19 EDT</DateTime><ThumbUp>0</ThumbUp><ThumbDown>0</ThumbDown><Sentiment/></Message></Date>