<?xml version="1.0" encoding="UTF-8" standalone="no"?><Date date="2012-09-20"><Message type="ReplyMessage"><Id>1348155375810-1</Id><Topic><Title>Obama has a plan</Title><Username>crazyhorse1786</Username><Timestamp>1348008653549</Timestamp><DateTime>Tue, 2012-09-18 18:50:53 EDT</DateTime></Topic><Msg>He also needs a few more lazy Hawiaan vacations and a couple hundred more days on the golf course.</Msg><Username>insider117</Username><Timestamp>1348155375810</Timestamp><DateTime>Thu, 2012-09-20 11:36:15 EDT</DateTime><ThumbUp>3</ThumbUp><ThumbDown>1</ThumbDown><Sentiment/></Message><Message type="TopicMessage"><Id>1348155538362-2</Id><Title>I just paid 2 bucks for a bottle of Coke at a supermarket store</Title><Msg>33% price increase / what gives? Answer......The Consumer</Msg><Username>insider117</Username><Timestamp>1348155538362</Timestamp><DateTime>Thu, 2012-09-20 11:38:58 EDT</DateTime><ThumbUp>1</ThumbUp><ThumbDown>1</ThumbDown><Sentiment/></Message><Message type="ReplyMessage"><Id>1348156321640-3</Id><Topic><Title>Obama has a plan</Title><Username>crazyhorse1786</Username><Timestamp>1348008653549</Timestamp><DateTime>Tue, 2012-09-18 18:50:53 EDT</DateTime></Topic><Msg>This is a site about KO, not a political site. BTW, check your spelling. Wait, leave your post up because the remark is so obviously ridiculous.</Msg><Username>everfoxy</Username><Timestamp>1348156321640</Timestamp><DateTime>Thu, 2012-09-20 11:52:01 EDT</DateTime><ThumbUp>2</ThumbUp><ThumbDown>0</ThumbDown><Sentiment/></Message><Message type="ReplyMessage"><Id>1348156769966-4</Id><Topic><Title>Obama has a plan</Title><Username>crazyhorse1786</Username><Timestamp>1348008653549</Timestamp><DateTime>Tue, 2012-09-18 18:50:53 EDT</DateTime></Topic><Msg>It got your attention didn't it and most Obama lovers are idiots anyway.</Msg><Username>insider117</Username><Timestamp>1348156769966</Timestamp><DateTime>Thu, 2012-09-20 11:59:29 EDT</DateTime><ThumbUp>0</ThumbUp><ThumbDown>1</ThumbDown><Sentiment/></Message></Date>