<?xml version="1.0" encoding="UTF-8" standalone="no"?><Date date="2012-11-14"><Message type="TopicMessage"><Id>1352906042462-1</Id><Title>Billionaire T Boone Pickens Increased Shares of CLNE Clean Energy Fuels. KO CBIS HEMP</Title><Msg>Billionaire T Boone Pickens Increased Shares of CLNE Clean Energy Fuels. KO CBIS HEMP</Msg><Username>diamondsgold939</Username><Timestamp>1352906042462</Timestamp><DateTime>Wed, 2012-11-14 10:14:02 EST</DateTime><ThumbUp>0</ThumbUp><ThumbDown>1</ThumbDown><Sentiment>Strong Buy</Sentiment></Message><Message type="TopicMessage"><Id>1352915622379-2</Id><Title>Marijuana soda pop invented by MJNA .10 cents per share</Title><Msg>MJNA Medical Marijuana stock for 10 cents before the rumors</Msg><Username>disfarmer1</Username><Timestamp>1352915622379</Timestamp><DateTime>Wed, 2012-11-14 12:53:42 EST</DateTime><ThumbUp>0</ThumbUp><ThumbDown>1</ThumbDown><Sentiment>Strong Buy</Sentiment></Message><Message type="ReplyMessage"><Id>1352916986770-3</Id><Topic><Title>Boy Cott this P.O.S. !!!!!!!!</Title><Username>antiqcoll12</Username><Timestamp>1351271576360</Timestamp><DateTime>Fri, 2012-10-26 13:12:56 EDT</DateTime></Topic><Msg>Mayor Bloomberg is that you ???</Msg><Username>outlaw_josey_dells</Username><Timestamp>1352916986770</Timestamp><DateTime>Wed, 2012-11-14 13:16:26 EST</DateTime><ThumbUp>7</ThumbUp><ThumbDown>1</ThumbDown><Sentiment/></Message><Message type="ReplyMessage"><Id>1352921360712-4</Id><Topic><Title>I am right or wrong</Title><Username>mmck1961</Username><Timestamp>1352475124740</Timestamp><DateTime>Fri, 2012-11-09 10:32:04 EST</DateTime></Topic><Msg>I think you have it backwards - If $19 /share had been split (2:1) you would divide the 19 by 2 (not multiply) - your value would then be twice as many shares @ $9.50 per share..... absent this recenjt split, our $36 shares would be going for $72.....</Msg><Username>uhlerf</Username><Timestamp>1352921360712</Timestamp><DateTime>Wed, 2012-11-14 14:29:20 EST</DateTime><ThumbUp>0</ThumbUp><ThumbDown>1</ThumbDown><Sentiment/></Message><Message type="ReplyMessage"><Id>1352929318817-5</Id><Topic><Title>I am right or wrong</Title><Username>mmck1961</Username><Timestamp>1352475124740</Timestamp><DateTime>Fri, 2012-11-09 10:32:04 EST</DateTime></Topic><Msg>wrong 3/20/ 09 ko was $19.21 split adjusted</Msg><Username>a2speak</Username><Timestamp>1352929318817</Timestamp><DateTime>Wed, 2012-11-14 16:41:58 EST</DateTime><ThumbUp>2</ThumbUp><ThumbDown>0</ThumbDown><Sentiment/></Message></Date>