<?xml version="1.0" encoding="UTF-8" standalone="no"?><Date date="2012-08-10"><Message type="TopicMessage"><Id>1344592259000-1</Id><Title>IF YOU WANT TO TRY TO MAKE MUCHO BUCKS - CHECK OUT COCO STOCK</Title><Msg>The more i research coco's stock - the more i like it here's why coco should rally now! A lot of improved earnings are expected to cause a massive stampede to buy coco shares. Anticipation of the pending coco rally is building!! coca cola - vs corinthian colleges corinthian college shares -check with your stock advisor and you will swear that coco shares should go higher and higher as we move closer to earning day - august 19th.</Msg><Username>marshleo304</Username><Timestamp>1344592259000</Timestamp><DateTime>Fri, 2012-08-10 05:50:59 EDT</DateTime><ThumbUp>0</ThumbUp><ThumbDown>2</ThumbDown><Sentiment/></Message><Message type="ReplyMessage"><Id>1344605902000-2</Id><Topic><Title>Bought 750 shares at $80.50</Title><Username>wendyvtao</Username><Timestamp>1344526355000</Timestamp><DateTime>Thu, 2012-08-09 11:32:35 EDT</DateTime></Topic><Msg>Coke will go down by 50% just because the cost of corn sugar is going up 50% this year. Everything they use in drinks and other products use some corn product. The market will take the other 25% so take the loss.</Msg><Username>1molly2</Username><Timestamp>1344605902000</Timestamp><DateTime>Fri, 2012-08-10 09:38:22 EDT</DateTime><ThumbUp>0</ThumbUp><ThumbDown>3</ThumbDown><Sentiment/></Message><Message type="TopicMessage"><Id>1344607943000-3</Id><Title>Will It ....</Title><Msg>Split after the close today or mid day?</Msg><Username>snowshovel70</Username><Timestamp>1344607943000</Timestamp><DateTime>Fri, 2012-08-10 10:12:23 EDT</DateTime><ThumbUp>0</ThumbUp><ThumbDown>0</ThumbDown><Sentiment/></Message><Message type="ReplyMessage"><Id>1344609568000-4</Id><Topic><Title>Will It ....</Title><Username>snowshovel70</Username><Timestamp>1344607943000</Timestamp><DateTime>Fri, 2012-08-10 10:12:23 EDT</DateTime></Topic><Msg>After the close.</Msg><Username>cwn600</Username><Timestamp>1344609568000</Timestamp><DateTime>Fri, 2012-08-10 10:39:28 EDT</DateTime><ThumbUp>0</ThumbUp><ThumbDown>0</ThumbDown><Sentiment/></Message><Message type="ReplyMessage"><Id>1344612107000-5</Id><Topic><Title>Bought 750 shares at $80.50</Title><Username>wendyvtao</Username><Timestamp>1344526355000</Timestamp><DateTime>Thu, 2012-08-09 11:32:35 EDT</DateTime></Topic><Msg>Remember - No guts, no glory! Coke is the most recognizable brand in the world. You will do fine. The best time to buy a stock is BEFORE it splits BECAUSE THE MAJORITY OF INVESTORS BUY IT AFTER IT SPLITS THEREBY DRIVING THE PRICE UP. Good luck.</Msg><Username>airbornetrppervet</Username><Timestamp>1344612107000</Timestamp><DateTime>Fri, 2012-08-10 11:21:47 EDT</DateTime><ThumbUp>0</ThumbUp><ThumbDown>0</ThumbDown><Sentiment/></Message><Message type="ReplyMessage"><Id>1344612796000-6</Id><Topic><Title>Bought 750 shares at $80.50</Title><Username>wendyvtao</Username><Timestamp>1344526355000</Timestamp><DateTime>Thu, 2012-08-09 11:32:35 EDT</DateTime></Topic><Msg>Take a look at this also to help belay your concerns... http://www.fool.com/investing/general/2012/08/10/5-star-stocks-poised-to-pop-coca-cola.aspx</Msg><Username>siksalempolyee</Username><Timestamp>1344612796000</Timestamp><DateTime>Fri, 2012-08-10 11:33:16 EDT</DateTime><ThumbUp>0</ThumbUp><ThumbDown>0</ThumbDown><Sentiment/></Message><Message type="ReplyMessage"><Id>1344614158000-7</Id><Topic><Title>Bought 750 shares at $80.50</Title><Username>wendyvtao</Username><Timestamp>1344526355000</Timestamp><DateTime>Thu, 2012-08-09 11:32:35 EDT</DateTime></Topic><Msg>Thanks for the fool post. After the basic market surprise rally in recent times there has to be a bit of profit taking, and so, just watch for a final dip now and get back in with more share. Money is flowing from troubled areas in the world and looking for safe places to park, and this is one of them.</Msg><Username>foxeelicious</Username><Timestamp>1344614158000</Timestamp><DateTime>Fri, 2012-08-10 11:55:58 EDT</DateTime><ThumbUp>0</ThumbUp><ThumbDown>0</ThumbDown><Sentiment/></Message><Message type="TopicMessage"><Id>1344615612000-8</Id><Title>Is it a typo??</Title><Msg>Yahoo finance shows next Earnings 12 Aug... reporting Sunday?</Msg><Username>snowshovel70</Username><Timestamp>1344615612000</Timestamp><DateTime>Fri, 2012-08-10 12:20:12 EDT</DateTime><ThumbUp>0</ThumbUp><ThumbDown>0</ThumbDown><Sentiment/></Message><Message type="ReplyMessage"><Id>1344615915000-9</Id><Topic><Title>Is it a typo??</Title><Username>snowshovel70</Username><Timestamp>1344615612000</Timestamp><DateTime>Fri, 2012-08-10 12:20:12 EDT</DateTime></Topic><Msg>It said "Aug 10th" up until today. I think it's some bug or something.</Msg><Username>turkeybaster911</Username><Timestamp>1344615915000</Timestamp><DateTime>Fri, 2012-08-10 12:25:15 EDT</DateTime><ThumbUp>0</ThumbUp><ThumbDown>0</ThumbDown><Sentiment/></Message><Message type="ReplyMessage"><Id>1344615967000-10</Id><Topic><Title>Is it a typo??</Title><Username>snowshovel70</Username><Timestamp>1344615612000</Timestamp><DateTime>Fri, 2012-08-10 12:20:12 EDT</DateTime></Topic><Msg>Scratch that -- I was on the wrong board. Sorry about that</Msg><Username>turkeybaster911</Username><Timestamp>1344615967000</Timestamp><DateTime>Fri, 2012-08-10 12:26:07 EDT</DateTime><ThumbUp>0</ThumbUp><ThumbDown>0</ThumbDown><Sentiment/></Message><Message type="TopicMessage"><Id>1344617956000-11</Id><Title>EK BONDS TRADING OFF</Title><Msg>http://cxa.gtm.idmanagedsolutions.com/finra/bondcenter/BondDetail.aspx?ID=Mjc3NDYxQVYx&amp;Range=3mo&amp;GraphType=Price Prices are down about 5% of face from 25 to 20 this week. I don't know how... but the bond market always knows something prior to the stock market. If I were to bet , I would think the Auction is not going as well as expected early in the week. Proceeds may be north of a billion but not enough to bail out the stock holders. first 900mm pays off the DIP financing next 575mm pays off secured holders next 500mm other sr holders then 2-2.5 billion for all other creditors. company needs 2-300mm cash for day to day needs. Assets are worth something but how much?? lots of value lost in past 8 months. Bonds trading at 20 cents on the dollar suggest that they might only get 40 cents down the road. Where does that leave the stock holder? I would feel much better if the bonds were trading up this week.</Msg><Username>ejschultheis</Username><Timestamp>1344617956000</Timestamp><DateTime>Fri, 2012-08-10 12:59:16 EDT</DateTime><ThumbUp>0</ThumbUp><ThumbDown>0</ThumbDown><Sentiment/></Message><Message type="ReplyMessage"><Id>1344621792000-12</Id><Topic><Title>Quit Asking these Stupid Questions about the Split</Title><Username>jeepcreep111</Username><Timestamp>1344376745000</Timestamp><DateTime>Tue, 2012-08-07 17:59:05 EDT</DateTime></Topic><Msg>Nice words - compassionate &amp; empathetic. Glad to see human being are still among the posters.</Msg><Username>americasince1776</Username><Timestamp>1344621792000</Timestamp><DateTime>Fri, 2012-08-10 14:03:12 EDT</DateTime><ThumbUp>0</ThumbUp><ThumbDown>0</ThumbDown><Sentiment/></Message><Message type="ReplyMessage"><Id>1344625196000-13</Id><Topic><Title>Is it a typo??</Title><Username>snowshovel70</Username><Timestamp>1344615612000</Timestamp><DateTime>Fri, 2012-08-10 12:20:12 EDT</DateTime></Topic><Msg>Saw that too.</Msg><Username>crazyhorse1786</Username><Timestamp>1344625196000</Timestamp><DateTime>Fri, 2012-08-10 14:59:56 EDT</DateTime><ThumbUp>0</ThumbUp><ThumbDown>0</ThumbDown><Sentiment/></Message><Message type="ReplyMessage"><Id>1344626747000-14</Id><Topic><Title>Quit Asking these Stupid Questions about the Split</Title><Username>jeepcreep111</Username><Timestamp>1344376745000</Timestamp><DateTime>Tue, 2012-08-07 17:59:05 EDT</DateTime></Topic><Msg>split stock trades monday</Msg><Username>trusty1907</Username><Timestamp>1344626747000</Timestamp><DateTime>Fri, 2012-08-10 15:25:47 EDT</DateTime><ThumbUp>1</ThumbUp><ThumbDown>0</ThumbDown><Sentiment/></Message><Message type="TopicMessage"><Id>1344645112000-15</Id><Title>So Monday</Title><Msg>It should open at ...??? 39.45? That would be 1/2 of the after hours high, or will Pre Market action on Monday fluctuate where it will open also. Just planning my pricing point to get in on Monday :)</Msg><Username>snowshovel70</Username><Timestamp>1344645112000</Timestamp><DateTime>Fri, 2012-08-10 20:31:52 EDT</DateTime><ThumbUp>1</ThumbUp><ThumbDown>0</ThumbDown><Sentiment/></Message><Message type="ReplyMessage"><Id>1344645894000-16</Id><Topic><Title>So Monday</Title><Username>snowshovel70</Username><Timestamp>1344645112000</Timestamp><DateTime>Fri, 2012-08-10 20:31:52 EDT</DateTime></Topic><Msg>"It should open at ...??? 39.45?" There's no price at which it "should" open. That doesn't mean it won't open at 39.45, though. "That would be 1/2 of the after hours high" Has nothing to do with where it will open. If it does open at 39.45, it won't be because that's half the after hours closing price today. It will open at whatever price someone is willing to pay. One half of today's regular hours closing price will be the basis upon which Monday's gain or loss will be calculated. That's the only thing you can be sure of. ... well, that and death &amp; taxes, of course.</Msg><Username>cwn600</Username><Timestamp>1344645894000</Timestamp><DateTime>Fri, 2012-08-10 20:44:54 EDT</DateTime><ThumbUp>1</ThumbUp><ThumbDown>1</ThumbDown><Sentiment/></Message><Message type="ReplyMessage"><Id>1344647518000-17</Id><Topic><Title>So Monday</Title><Username>snowshovel70</Username><Timestamp>1344645112000</Timestamp><DateTime>Fri, 2012-08-10 20:31:52 EDT</DateTime></Topic><Msg>Your wrong.... I can be sure I am going to enjoy this Sam Adams :) Have a good weekend all and Happy Trading come Monday</Msg><Username>snowshovel70</Username><Timestamp>1344647518000</Timestamp><DateTime>Fri, 2012-08-10 21:11:58 EDT</DateTime><ThumbUp>1</ThumbUp><ThumbDown>0</ThumbDown><Sentiment/></Message></Date>