<?xml version="1.0" encoding="UTF-8" standalone="no"?><Date date="2012-11-30"><Message type="TopicMessage"><Id>1354309669967-1</Id><Title>She said that she likes it in the can !!!!!!!!!</Title><Msg>Ohhhhhhhhhhh !!!!!!!!!!!!!!! KO S**ks !!!!!!!!!!!!!!!!!!!!!!!!!!!!!!!!!!!!!!!</Msg><Username>antiqcoll12</Username><Timestamp>1354309669967</Timestamp><DateTime>Fri, 2012-11-30 16:07:49 EST</DateTime><ThumbUp>0</ThumbUp><ThumbDown>1</ThumbDown><Sentiment>Strong Sell</Sentiment></Message><Message type="ReplyMessage"><Id>1354311355903-2</Id><Topic><Title>MITT ROMNEY IS MORMON... vs. OBAMA IS CHRISTIAN, you choose...</Title><Username>jbhdallas2000</Username><Timestamp>1349718424156</Timestamp><DateTime>Mon, 2012-10-08 13:47:04 EDT</DateTime></Topic><Msg>don't care if either one worships a fornicating parrot with a pencahnt for goldfish if he can make the stock price go thru the roof!</Msg><Username>entitlement1</Username><Timestamp>1354311355903</Timestamp><DateTime>Fri, 2012-11-30 16:35:55 EST</DateTime><ThumbUp>0</ThumbUp><ThumbDown>1</ThumbDown><Sentiment>Buy</Sentiment></Message></Date>