<?xml version="1.0" encoding="UTF-8" standalone="no"?><Date date="2012-09-10"><Message type="TopicMessage"><Id>1347277150784-1</Id><Title>I am buying some more this am</Title><Msg>Like the idea of flavor drops.</Msg><Username>dsc20601</Username><Timestamp>1347277150784</Timestamp><DateTime>Mon, 2012-09-10 07:39:10 EDT</DateTime><ThumbUp>0</ThumbUp><ThumbDown>1</ThumbDown><Sentiment>Strong Buy</Sentiment></Message><Message type="ReplyMessage"><Id>1347302202134-2</Id><Topic><Title>I am buying some more this am</Title><Username>dsc20601</Username><Timestamp>1347277150784</Timestamp><DateTime>Mon, 2012-09-10 07:39:10 EDT</DateTime></Topic><Msg>buying high can only result in selling low :)</Msg><Username>mm4equity</Username><Timestamp>1347302202134</Timestamp><DateTime>Mon, 2012-09-10 14:36:42 EDT</DateTime><ThumbUp>0</ThumbUp><ThumbDown>0</ThumbDown><Sentiment/></Message><Message type="ReplyMessage"><Id>1347302604366-3</Id><Topic><Title>I am buying some more this am</Title><Username>dsc20601</Username><Timestamp>1347277150784</Timestamp><DateTime>Mon, 2012-09-10 07:39:10 EDT</DateTime></Topic><Msg>Not if your selling years later bro. Buy it and forget it and its easy money going forward.</Msg><Username>bumbleb572</Username><Timestamp>1347302604366</Timestamp><DateTime>Mon, 2012-09-10 14:43:24 EDT</DateTime><ThumbUp>1</ThumbUp><ThumbDown>0</ThumbDown><Sentiment/></Message><Message type="ReplyMessage"><Id>1347319813830-4</Id><Topic><Title>Obama attemping to re-colonize America for Britain - old war still being fought</Title><Username>mackgreene33</Username><Timestamp>1347190131099</Timestamp><DateTime>Sun, 2012-09-09 07:28:51 EDT</DateTime></Topic><Msg>Allow me to warmly congratulate you on being the single dumbest person to ever post a message in this forum. You fought through some very tough competition to get where you are, even surpassing someone who believes that they are a duck. Again...congratulations, you drooling idiot.</Msg><Username>nothingsmissing</Username><Timestamp>1347319813830</Timestamp><DateTime>Mon, 2012-09-10 19:30:13 EDT</DateTime><ThumbUp>0</ThumbUp><ThumbDown>0</ThumbDown><Sentiment>Buy</Sentiment></Message></Date>