<?xml version="1.0" encoding="UTF-8" standalone="no"?><Date date="2012-10-26"><Message type="TopicMessage"><Id>1351259312689-1</Id><Title>Vote Mitt, You Drones!</Title><Msg>I'm a millionaire and I'm doing swimmingly! Make sure you working zombies vote for Mitt, so I will not have to pay any taxes on my dividends and cap gains! Now you drones get off Yahoo and get back to work! I'm going to play tennis!</Msg><Username>frootloop885</Username><Timestamp>1351259312689</Timestamp><DateTime>Fri, 2012-10-26 09:48:32 EDT</DateTime><ThumbUp>1</ThumbUp><ThumbDown>4</ThumbDown><Sentiment>Strong Buy</Sentiment></Message><Message type="ReplyMessage"><Id>1351260915831-2</Id><Topic><Title>MITT ROMNEY IS MORMON... vs. OBAMA IS CHRISTIAN, you choose...</Title><Username>jbhdallas2000</Username><Timestamp>1349718424156</Timestamp><DateTime>Mon, 2012-10-08 13:47:04 EDT</DateTime></Topic><Msg>What are you talking about?? Obama a Christian......big laugh</Msg><Username>billdee99</Username><Timestamp>1351260915831</Timestamp><DateTime>Fri, 2012-10-26 10:15:15 EDT</DateTime><ThumbUp>0</ThumbUp><ThumbDown>2</ThumbDown><Sentiment>Strong Buy</Sentiment></Message><Message type="TopicMessage"><Id>1351268528326-3</Id><Title>Nike (NKE) looks like a great buy as consumer products company</Title><Msg>Want to hear thoughts</Msg><Username>balak_joshi</Username><Timestamp>1351268528326</Timestamp><DateTime>Fri, 2012-10-26 12:22:08 EDT</DateTime><ThumbUp>0</ThumbUp><ThumbDown>1</ThumbDown><Sentiment/></Message><Message type="ReplyMessage"><Id>1351268575950-4</Id><Topic><Title>MITT ROMNEY IS MORMON... vs. OBAMA IS CHRISTIAN, you choose...</Title><Username>jbhdallas2000</Username><Timestamp>1349718424156</Timestamp><DateTime>Mon, 2012-10-08 13:47:04 EDT</DateTime></Topic><Msg>Obama is in Christ... what about u madame?</Msg><Username>jbhdallas2000</Username><Timestamp>1351268575950</Timestamp><DateTime>Fri, 2012-10-26 12:22:55 EDT</DateTime><ThumbUp>0</ThumbUp><ThumbDown>1</ThumbDown><Sentiment>Strong Sell</Sentiment></Message><Message type="TopicMessage"><Id>1351271473562-5</Id><Title>Great Company Here !! After the U.S. Lost Over 100,000 of our Guy's Over There in Vet. K.O. Helps them out. .</Title><Msg>WoW!!! Unreal !!!!!!!! That's American Company for You !!!!!!!!</Msg><Username>antiqcoll12</Username><Timestamp>1351271473562</Timestamp><DateTime>Fri, 2012-10-26 13:11:13 EDT</DateTime><ThumbUp>0</ThumbUp><ThumbDown>4</ThumbDown><Sentiment>Strong Sell</Sentiment></Message><Message type="TopicMessage"><Id>1351271576360-6</Id><Title>Boy Cott this P.O.S. !!!!!!!!</Title><Msg>I will never buy annother soda from this P.O.S. !!!!!!!!!! If you are an American , You will Dump your Shares Now and Boy Cott !!!!!</Msg><Username>antiqcoll12</Username><Timestamp>1351271576360</Timestamp><DateTime>Fri, 2012-10-26 13:12:56 EDT</DateTime><ThumbUp>0</ThumbUp><ThumbDown>19</ThumbDown><Sentiment>Strong Sell</Sentiment></Message><Message type="ReplyMessage"><Id>1351295866299-7</Id><Topic><Title>Boy Cott this P.O.S. !!!!!!!!</Title><Username>antiqcoll12</Username><Timestamp>1351271576360</Timestamp><DateTime>Fri, 2012-10-26 13:12:56 EDT</DateTime></Topic><Msg>Wise choice...I would rather see you use your money to buy a fourth-grade education.</Msg><Username>nothingsmissing</Username><Timestamp>1351295866299</Timestamp><DateTime>Fri, 2012-10-26 19:57:46 EDT</DateTime><ThumbUp>8</ThumbUp><ThumbDown>3</ThumbDown><Sentiment>Buy</Sentiment></Message></Date>