<?xml version="1.0" encoding="UTF-8" standalone="no"?><Date date="2013-03-14"><Message type="ReplyMessage"><Id>1363263922855-1</Id><Topic><Title>ROTFF! Liberal Judge tosses Liberal Law in Lib Bloomberg's face!</Title><Username>slugg_fest</Username><Timestamp>1363031891503</Timestamp><DateTime>Mon, 2013-03-11 15:58:11 EDT</DateTime></Topic><Msg>Bloomberg calls himself an independent but his policies aren't.</Msg><Username>investor_wizard</Username><Timestamp>1363263922855</Timestamp><DateTime>Thu, 2013-03-14 08:25:22 EDT</DateTime><ThumbUp>2</ThumbUp><ThumbDown>2</ThumbDown><Sentiment/></Message><Message type="ReplyMessage"><Id>1363272240967-2</Id><Topic><Title>Cramer-Buy PEP @ 75.36 &amp; Sell KO-37.71</Title><Username>axpkocop</Username><Timestamp>1361550484935</Timestamp><DateTime>Fri, 2013-02-22 11:28:04 EST</DateTime></Topic><Msg>Only three weeks after making this call and Cramer today agreed with an analyst that KO is a buy again @ 39.9 per share or 5.5% higher than it was at the time of his original call. PEP was about 77 at the time up 3.5% higher since said call. It's amazing how often this guy will change an opinion on a stock and for no other apparent reason other then momentum.</Msg><Username>axpkocop</Username><Timestamp>1363272240967</Timestamp><DateTime>Thu, 2013-03-14 10:44:00 EDT</DateTime><ThumbUp>2</ThumbUp><ThumbDown>1</ThumbDown><Sentiment/></Message><Message type="ReplyMessage"><Id>1363284612491-3</Id><Topic><Title>why doesnt ko just go healthy with LBIX ??</Title><Username>boileroomguy</Username><Timestamp>1363097863468</Timestamp><DateTime>Tue, 2013-03-12 10:17:43 EDT</DateTime></Topic><Msg>forgot to you to get Happywater from lbix</Msg><Username>boileroomguy</Username><Timestamp>1363284612491</Timestamp><DateTime>Thu, 2013-03-14 14:10:12 EDT</DateTime><ThumbUp>0</ThumbUp><ThumbDown>3</ThumbDown><Sentiment/></Message><Message type="ReplyMessage"><Id>1363285534997-4</Id><Topic><Title>Cramer-Buy PEP @ 75.36 &amp; Sell KO-37.71</Title><Username>axpkocop</Username><Timestamp>1361550484935</Timestamp><DateTime>Fri, 2013-02-22 11:28:04 EST</DateTime></Topic><Msg>Both companies also have gone XD since this call so you can add an additional .7% to both their returns which puts KO at 6.2% and PEP at 4.2% respectively. Very close call but as usual you'd be much better off doing nothing and just hold on to them both.</Msg><Username>axpkocop</Username><Timestamp>1363285534997</Timestamp><DateTime>Thu, 2013-03-14 14:25:34 EDT</DateTime><ThumbUp>1</ThumbUp><ThumbDown>0</ThumbDown><Sentiment/></Message><Message type="ReplyMessage"><Id>1363287681850-5</Id><Topic><Title>Do You Think KO is a BUY, SELL, or HOLD?</Title><Username>landeyshawna</Username><Timestamp>1361801843661</Timestamp><DateTime>Mon, 2013-02-25 09:17:23 EST</DateTime></Topic><Msg>Ok thanks. I will take a look at this.</Msg><Username>pavoneoanne</Username><Timestamp>1363287681850</Timestamp><DateTime>Thu, 2013-03-14 15:01:21 EDT</DateTime><ThumbUp>0</ThumbUp><ThumbDown>1</ThumbDown><Sentiment>Buy</Sentiment></Message></Date>