<?xml version="1.0" encoding="UTF-8" standalone="no"?><Date date="2013-03-15"><Message type="TopicMessage"><Id>1363362646498-1</Id><Title>Check out MNST</Title><Msg>interesting stock</Msg><Username>jgiled</Username><Timestamp>1363362646498</Timestamp><DateTime>Fri, 2013-03-15 11:50:46 EDT</DateTime><ThumbUp>0</ThumbUp><ThumbDown>1</ThumbDown><Sentiment/></Message><Message type="ReplyMessage"><Id>1363367574288-2</Id><Topic><Title>Do You Think KO is a BUY, SELL, or HOLD?</Title><Username>landeyshawna</Username><Timestamp>1361801843661</Timestamp><DateTime>Mon, 2013-02-25 09:17:23 EST</DateTime></Topic><Msg>Got it. Good job mate.</Msg><Username>lippincottreba</Username><Timestamp>1363367574288</Timestamp><DateTime>Fri, 2013-03-15 13:12:54 EDT</DateTime><ThumbUp>0</ThumbUp><ThumbDown>1</ThumbDown><Sentiment>Strong Buy</Sentiment></Message><Message type="ReplyMessage"><Id>1363367962865-3</Id><Topic><Title>Do You Think KO is a BUY, SELL, or HOLD?</Title><Username>landeyshawna</Username><Timestamp>1361801843661</Timestamp><DateTime>Mon, 2013-02-25 09:17:23 EST</DateTime></Topic><Msg>If you need the money sell half of your stocks gained by the split. If you don't need the money, wait until all those selling their newly acquired shares by the split are out and the wait will be worth it. Hold and collect the dividends.</Msg><Username>northvisitor34</Username><Timestamp>1363367962865</Timestamp><DateTime>Fri, 2013-03-15 13:19:22 EDT</DateTime><ThumbUp>1</ThumbUp><ThumbDown>1</ThumbDown><Sentiment/></Message><Message type="ReplyMessage"><Id>1363369802357-4</Id><Topic><Title>==== KO Insider Trading Reported ====</Title><Username>allenjordan872</Username><Timestamp>1363122964058</Timestamp><DateTime>Tue, 2013-03-12 17:16:04 EDT</DateTime></Topic><Msg>Important info</Msg><Username>blakecruz82</Username><Timestamp>1363369802357</Timestamp><DateTime>Fri, 2013-03-15 13:50:02 EDT</DateTime><ThumbUp>0</ThumbUp><ThumbDown>3</ThumbDown><Sentiment/></Message><Message type="TopicMessage"><Id>1363374174945-5</Id><Title>* * KO Insider Trading = VIRUS</Title><Msg>DO NOT CLICK *******TROJAN VIRUS WARNING**********</Msg><Username>dunkyj24</Username><Timestamp>1363374174945</Timestamp><DateTime>Fri, 2013-03-15 15:02:54 EDT</DateTime><ThumbUp>7</ThumbUp><ThumbDown>2</ThumbDown><Sentiment/></Message><Message type="ReplyMessage"><Id>1363386980802-6</Id><Topic><Title>* * KO Insider Trading = VIRUS</Title><Username>dunkyj24</Username><Timestamp>1363374174945</Timestamp><DateTime>Fri, 2013-03-15 15:02:54 EDT</DateTime></Topic><Msg>bump bump</Msg><Username>dunkyj24</Username><Timestamp>1363386980802</Timestamp><DateTime>Fri, 2013-03-15 18:36:20 EDT</DateTime><ThumbUp>1</ThumbUp><ThumbDown>1</ThumbDown><Sentiment/></Message><Message type="ReplyMessage"><Id>1363387033294-7</Id><Topic><Title>==== KO Insider Trading Reported ====</Title><Username>allenjordan872</Username><Timestamp>1363122964058</Timestamp><DateTime>Tue, 2013-03-12 17:16:04 EDT</DateTime></Topic><Msg>* * * * DO NOT FOLLOW LINK</Msg><Username>dunkyj24</Username><Timestamp>1363387033294</Timestamp><DateTime>Fri, 2013-03-15 18:37:13 EDT</DateTime><ThumbUp>2</ThumbUp><ThumbDown>1</ThumbDown><Sentiment/></Message></Date>