<?xml version="1.0" encoding="UTF-8" standalone="no"?><Date date="2013-06-15"><Message type="ReplyMessage"><Id>1371331185073-1</Id><Topic><Title>Time to enjoy an ice cold Coke</Title><Username>yp_daniel_chicago_158</Username><Timestamp>1371244255544</Timestamp><DateTime>Fri, 2013-06-14 17:10:55 EDT</DateTime></Topic><Msg>Coke with real sugar is too expensive, Reeds is much better.</Msg><Username>williamjennings_bryan</Username><Timestamp>1371331185073</Timestamp><DateTime>Sat, 2013-06-15 17:19:45 EDT</DateTime><ThumbUp>1</ThumbUp><ThumbDown>3</ThumbDown><Sentiment/></Message><Message type="ReplyMessage"><Id>1371331298673-2</Id><Topic><Title>beverage deals inlast month/revenues expected to double in 45days</Title><Username>nostocksnoglory1005</Username><Timestamp>1371229888960</Timestamp><DateTime>Fri, 2013-06-14 13:11:28 EDT</DateTime></Topic><Msg>I love Coke, but I'm getting nauseated by the corn syrup. And Mexican coke is too expensive. I've switched to Reeds.</Msg><Username>williamjennings_bryan</Username><Timestamp>1371331298673</Timestamp><DateTime>Sat, 2013-06-15 17:21:38 EDT</DateTime><ThumbUp>1</ThumbUp><ThumbDown>1</ThumbDown><Sentiment/></Message><Message type="ReplyMessage"><Id>1371332202984-3</Id><Topic><Title>Will eventually be a problem for KO</Title><Username>johnberchick</Username><Timestamp>1341280697000</Timestamp><DateTime>Mon, 2012-07-02 21:58:17 EDT</DateTime></Topic><Msg>I haven't visited this board for years, and don't recognize anyone on it. I miss you and cancanoe's dialogs, and the Ducks thoughts. There is so much junk on yahoo, that the boards are certainly not providing any useful dialog; but they don't even produce a laugh anymore. Bill</Msg><Username>williamjennings_bryan</Username><Timestamp>1371332202984</Timestamp><DateTime>Sat, 2013-06-15 17:36:42 EDT</DateTime><ThumbUp>0</ThumbUp><ThumbDown>0</ThumbDown><Sentiment/></Message><Message type="ReplyMessage"><Id>1371335080459-4</Id><Topic><Title>beverage deals inlast month/revenues expected to double in 45days</Title><Username>nostocksnoglory1005</Username><Timestamp>1371229888960</Timestamp><DateTime>Fri, 2013-06-14 13:11:28 EDT</DateTime></Topic><Msg>Never heard of it but you give me the feeling that it comes with a fat helping of spam.</Msg><Username>nothingsmissing</Username><Timestamp>1371335080459</Timestamp><DateTime>Sat, 2013-06-15 18:24:40 EDT</DateTime><ThumbUp>0</ThumbUp><ThumbDown>0</ThumbDown><Sentiment>Strong Buy</Sentiment></Message></Date>