<?xml version="1.0" encoding="UTF-8" standalone="no"?><Date date="2013-06-27"><Message type="TopicMessage"><Id>1372348429846-1</Id><Title>The KO play</Title><Msg>I entered a swing trade on KO @ 40. and just don't get it. It sells off for no reason. Low GDP does not effect Coke sales. Even during bad times Iv never heard some one order a Jack n Pepsi or a rum n RC. In China people drink Coke because it gives them face. Down China economy up Coke sales. No respectable Chinese wants their friends to think they're poor. Todays gain loss is just stupid.</Msg><Username>buylow101a</Username><Timestamp>1372348429846</Timestamp><DateTime>Thu, 2013-06-27 11:53:49 EDT</DateTime><ThumbUp>0</ThumbUp><ThumbDown>0</ThumbDown><Sentiment/></Message><Message type="TopicMessage"><Id>1372349473010-2</Id><Title>No Really</Title><Msg>What the H E double L is going on?</Msg><Username>buylow101a</Username><Timestamp>1372349473010</Timestamp><DateTime>Thu, 2013-06-27 12:11:13 EDT</DateTime><ThumbUp>1</ThumbUp><ThumbDown>1</ThumbDown><Sentiment/></Message><Message type="ReplyMessage"><Id>1372357755987-3</Id><Topic><Title>JULY : Coca-Cola Blowout Earnings; Dividend Increase; Share Buyback:</Title><Username>oceanbeachvictor</Username><Timestamp>1372262433203</Timestamp><DateTime>Wed, 2013-06-26 12:00:33 EDT</DateTime></Topic><Msg>calm before the storm : After Earnings : Easy : 45$</Msg><Username>oceanbeachvictor</Username><Timestamp>1372357755987</Timestamp><DateTime>Thu, 2013-06-27 14:29:15 EDT</DateTime><ThumbUp>0</ThumbUp><ThumbDown>0</ThumbDown><Sentiment/></Message><Message type="ReplyMessage"><Id>1372362634375-4</Id><Topic><Title>No Really</Title><Username>buylow101a</Username><Timestamp>1372349473010</Timestamp><DateTime>Thu, 2013-06-27 12:11:13 EDT</DateTime></Topic><Msg>Is there any good reason why KO is in the red today?</Msg><Username>buylow101a</Username><Timestamp>1372362634375</Timestamp><DateTime>Thu, 2013-06-27 15:50:34 EDT</DateTime><ThumbUp>0</ThumbUp><ThumbDown>1</ThumbDown><Sentiment/></Message><Message type="ReplyMessage"><Id>1372365548769-5</Id><Topic><Title>No Really</Title><Username>buylow101a</Username><Timestamp>1372349473010</Timestamp><DateTime>Thu, 2013-06-27 12:11:13 EDT</DateTime></Topic><Msg>No!</Msg><Username>bradshaw22000</Username><Timestamp>1372365548769</Timestamp><DateTime>Thu, 2013-06-27 16:39:08 EDT</DateTime><ThumbUp>0</ThumbUp><ThumbDown>0</ThumbDown><Sentiment>Buy</Sentiment></Message><Message type="ReplyMessage"><Id>1372365790751-6</Id><Topic><Title>No Really</Title><Username>buylow101a</Username><Timestamp>1372349473010</Timestamp><DateTime>Thu, 2013-06-27 12:11:13 EDT</DateTime></Topic><Msg>Nothing in particular. Just a VERY short period (and move) in a VERY volatile market. Don't sweat these kind of moves.</Msg><Username>bradshaw22000</Username><Timestamp>1372365790751</Timestamp><DateTime>Thu, 2013-06-27 16:43:10 EDT</DateTime><ThumbUp>0</ThumbUp><ThumbDown>0</ThumbDown><Sentiment>Buy</Sentiment></Message><Message type="TopicMessage"><Id>1372369189613-7</Id><Title>ko</Title><Msg>i think buffet is getting ready to buy</Msg><Username>ciscokid40299</Username><Timestamp>1372369189613</Timestamp><DateTime>Thu, 2013-06-27 17:39:49 EDT</DateTime><ThumbUp>0</ThumbUp><ThumbDown>1</ThumbDown><Sentiment/></Message><Message type="ReplyMessage"><Id>1372375476145-8</Id><Topic><Title>No Really</Title><Username>buylow101a</Username><Timestamp>1372349473010</Timestamp><DateTime>Thu, 2013-06-27 12:11:13 EDT</DateTime></Topic><Msg>Not that I'm panicking it just doesn't make sense to Sell off for no reason when the market is at +145.? C was the only red on my board and the only news was the launch of what looks like a good product. Except there should be some Coke a Cola red on that label.</Msg><Username>buylow101a</Username><Timestamp>1372375476145</Timestamp><DateTime>Thu, 2013-06-27 19:24:36 EDT</DateTime><ThumbUp>0</ThumbUp><ThumbDown>0</ThumbDown><Sentiment/></Message><Message type="ReplyMessage"><Id>1372378727015-9</Id><Topic><Title>ko</Title><Username>ciscokid40299</Username><Timestamp>1372369189613</Timestamp><DateTime>Thu, 2013-06-27 17:39:49 EDT</DateTime></Topic><Msg>maybe next week announcement ; increased stake in Coca-Cola. as this Friday closes out first 1/2 of the year. To be honest; I have been studying the TAPE and it seems a lack of buyers in the past 3 weeks...since june 7th. Seems some BIG-Holder of "KO" was trimming there holdings and on each "ask" ...someone accumulated.</Msg><Username>oceanbeachvictor</Username><Timestamp>1372378727015</Timestamp><DateTime>Thu, 2013-06-27 20:18:47 EDT</DateTime><ThumbUp>0</ThumbUp><ThumbDown>0</ThumbDown><Sentiment>Strong Buy</Sentiment></Message><Message type="TopicMessage"><Id>1372378918693-10</Id><Title>Reasons to Buy "KO following on Coca-Cola today :</Title><Msg>I have been studying the TAPE and it seems a lack of buyers in the past 3 weeks...since june 7th. Seems some BIG-Holder of "KO" was trimming there holdings and on each "ask" ...someone accumulated. Hold on Folks all the excitement starts on July 1st: - New Buyers : portfolio dressing. - Wouldn't be surprised if WARREN announces increased stake in "KO" - Earnings on July 16th</Msg><Username>oceanbeachvictor</Username><Timestamp>1372378918693</Timestamp><DateTime>Thu, 2013-06-27 20:21:58 EDT</DateTime><ThumbUp>0</ThumbUp><ThumbDown>0</ThumbDown><Sentiment/></Message><Message type="TopicMessage"><Id>1372379640829-11</Id><Title>My Analysis for July on: Coca-Cola : "KO"</Title><Msg>Folks : All the excitement starts on Monday July 1st: - New Buyers : portfolio dressing. -Wouldn't be surprised if WARREN announces increased stake in "KO" -Earnings on July 16th : Blowout Earnings : - Possible announcement stock buyback: - may surprise with a Dividend Increase: - New Markets ; New products - Breakout profits in China - With "Dow" @ all-time High heading to 16000+..... - "KO" heads to $45+.</Msg><Username>oceanbeachvictor</Username><Timestamp>1372379640829</Timestamp><DateTime>Thu, 2013-06-27 20:34:00 EDT</DateTime><ThumbUp>2</ThumbUp><ThumbDown>0</ThumbDown><Sentiment>Strong Buy</Sentiment></Message><Message type="ReplyMessage"><Id>1372380802110-12</Id><Topic><Title>My Analysis for July on: Coca-Cola : "KO"</Title><Username>oceanbeachvictor</Username><Timestamp>1372379640829</Timestamp><DateTime>Thu, 2013-06-27 20:34:00 EDT</DateTime></Topic><Msg>Stop the flood, chief. Adopt a puppy if you're this bored.</Msg><Username>nothingsmissing</Username><Timestamp>1372380802110</Timestamp><DateTime>Thu, 2013-06-27 20:53:22 EDT</DateTime><ThumbUp>0</ThumbUp><ThumbDown>0</ThumbDown><Sentiment>Buy</Sentiment></Message></Date>