<?xml version="1.0" encoding="UTF-8" standalone="no"?><Date date="2013-04-08"><Message type="ReplyMessage"><Id>1365430693496-1</Id><Topic><Title>Important Report on KO</Title><Username>carterhoward166</Username><Timestamp>1363887991976</Timestamp><DateTime>Thu, 2013-03-21 13:46:31 EDT</DateTime></Topic><Msg>awesome news</Msg><Username>morrisnoah247</Username><Timestamp>1365430693496</Timestamp><DateTime>Mon, 2013-04-08 10:18:13 EDT</DateTime><ThumbUp>0</ThumbUp><ThumbDown>1</ThumbDown><Sentiment>Hold</Sentiment></Message><Message type="ReplyMessage"><Id>1365430775583-2</Id><Topic><Title>KO Insiders Selling ?</Title><Username>josephwalker795</Username><Timestamp>1363767679670</Timestamp><DateTime>Wed, 2013-03-20 04:21:19 EDT</DateTime></Topic><Msg>news like dreams</Msg><Username>morrisnoah247</Username><Timestamp>1365430775583</Timestamp><DateTime>Mon, 2013-04-08 10:19:35 EDT</DateTime><ThumbUp>0</ThumbUp><ThumbDown>1</ThumbDown><Sentiment>Hold</Sentiment></Message><Message type="TopicMessage"><Id>1365431658042-3</Id><Title>Is sale of KO shares after the 2012 split really a Federally taxable event, with 0.00 cost basis?</Title><Msg>Does anyone know (who is doing their own Fed income tax) that on Form 1099-B, sales of any split KO shares are taxable, with a cost basis of $0.00? I see a notation about this being a STOCK SPLIT DUE BILL. But this really wasn't a capital gain, was it? Wasn't it just a split in stock price and a doubling of share total? Do we have to swallow this split as a non-valid capital gain?</Msg><Username>drdlayman</Username><Timestamp>1365431658042</Timestamp><DateTime>Mon, 2013-04-08 10:34:18 EDT</DateTime><ThumbUp>0</ThumbUp><ThumbDown>0</ThumbDown><Sentiment/></Message><Message type="ReplyMessage"><Id>1365436830735-4</Id><Topic><Title>Coke= 100% Toxic</Title><Username>wakeupamerica87</Username><Timestamp>1362918822817</Timestamp><DateTime>Sun, 2013-03-10 08:33:42 EDT</DateTime></Topic><Msg>Cool. Enjoy your future case of fibromyalgia from the aspartame. What do you think caused all that "Gulf War Syndrome" (i.e., fibromyalgia) after the FIRST 'Gulf War' (1991), whereas there was little to none after the SECOND 'Gulf War' (2003)? The difference was, in 1991, we shipped case after case of Diet Pepsi, which sat out in the desert heat before being iced and drunk...we pumped those soldiers full of aspartame...whereas by 2003, bottled water was the "in" thing and so in 2003, we sent in case after case of bottled water...no aspartame. I have asked every doctor I know about their opinion of aspartame and not one has ever had a kind thing to say about it. They tell me to avoid it like the plague.</Msg><Username>laneys.world</Username><Timestamp>1365436830735</Timestamp><DateTime>Mon, 2013-04-08 12:00:30 EDT</DateTime><ThumbUp>0</ThumbUp><ThumbDown>6</ThumbDown><Sentiment>Buy</Sentiment></Message><Message type="ReplyMessage"><Id>1365445513309-5</Id><Topic><Title>Shorting KO? Read and weep... bit^ly/YGnc6Q (change ^ to a dot)</Title><Username>gregmcbeth</Username><Timestamp>1365439519614</Timestamp><DateTime>Mon, 2013-04-08 12:45:19 EDT</DateTime></Topic><Msg>VIRUS!!!</Msg><Username>iv92264</Username><Timestamp>1365445513309</Timestamp><DateTime>Mon, 2013-04-08 14:25:13 EDT</DateTime><ThumbUp>0</ThumbUp><ThumbDown>1</ThumbDown><Sentiment/></Message><Message type="ReplyMessage"><Id>1365450907024-6</Id><Topic><Title>Important Report on KO</Title><Username>carterhoward166</Username><Timestamp>1363887991976</Timestamp><DateTime>Thu, 2013-03-21 13:46:31 EDT</DateTime></Topic><Msg>awesome news</Msg><Username>jessicaclark591</Username><Timestamp>1365450907024</Timestamp><DateTime>Mon, 2013-04-08 15:55:07 EDT</DateTime><ThumbUp>0</ThumbUp><ThumbDown>1</ThumbDown><Sentiment>Hold</Sentiment></Message><Message type="ReplyMessage"><Id>1365451007270-7</Id><Topic><Title>KO Insiders Selling ?</Title><Username>josephwalker795</Username><Timestamp>1363767679670</Timestamp><DateTime>Wed, 2013-03-20 04:21:19 EDT</DateTime></Topic><Msg>news like dreams</Msg><Username>jessicaclark591</Username><Timestamp>1365451007270</Timestamp><DateTime>Mon, 2013-04-08 15:56:47 EDT</DateTime><ThumbUp>0</ThumbUp><ThumbDown>1</ThumbDown><Sentiment>Hold</Sentiment></Message><Message type="ReplyMessage"><Id>1365465190966-8</Id><Topic><Title>KO Insiders Selling ?</Title><Username>josephwalker795</Username><Timestamp>1363767679670</Timestamp><DateTime>Wed, 2013-03-20 04:21:19 EDT</DateTime></Topic><Msg>* * * * * * VIRUS * * * * * * * *</Msg><Username>iv92264</Username><Timestamp>1365465190966</Timestamp><DateTime>Mon, 2013-04-08 19:53:10 EDT</DateTime><ThumbUp>1</ThumbUp><ThumbDown>1</ThumbDown><Sentiment/></Message><Message type="ReplyMessage"><Id>1365465223970-9</Id><Topic><Title>Important Report on KO</Title><Username>carterhoward166</Username><Timestamp>1363887991976</Timestamp><DateTime>Thu, 2013-03-21 13:46:31 EDT</DateTime></Topic><Msg>* * * * * * * VIRUS * * * * * * * *</Msg><Username>iv92264</Username><Timestamp>1365465223970</Timestamp><DateTime>Mon, 2013-04-08 19:53:43 EDT</DateTime><ThumbUp>2</ThumbUp><ThumbDown>1</ThumbDown><Sentiment/></Message><Message type="ReplyMessage"><Id>1365465239267-10</Id><Topic><Title>* * * Important Report on KO= VIRUS!</Title><Username>dunkyj24</Username><Timestamp>1363888312088</Timestamp><DateTime>Thu, 2013-03-21 13:51:52 EDT</DateTime></Topic><Msg>BUMPS</Msg><Username>iv92264</Username><Timestamp>1365465239267</Timestamp><DateTime>Mon, 2013-04-08 19:53:59 EDT</DateTime><ThumbUp>2</ThumbUp><ThumbDown>1</ThumbDown><Sentiment/></Message><Message type="ReplyMessage"><Id>1365465251045-11</Id><Topic><Title>"KO-Insiders Selling?" = VIRUS</Title><Username>iv92265</Username><Timestamp>1364401631140</Timestamp><DateTime>Wed, 2013-03-27 12:27:11 EDT</DateTime></Topic><Msg>UP UP UP</Msg><Username>iv92264</Username><Timestamp>1365465251045</Timestamp><DateTime>Mon, 2013-04-08 19:54:11 EDT</DateTime><ThumbUp>2</ThumbUp><ThumbDown>1</ThumbDown><Sentiment/></Message></Date>