<?xml version="1.0" encoding="UTF-8" standalone="no"?><Date date="2013-03-08"><Message type="ReplyMessage"><Id>1362720443998-1</Id><Topic><Title>KO CEO Buying Shares!</Title><Username>steven_martin</Username><Timestamp>1361801414920</Timestamp><DateTime>Mon, 2013-02-25 09:10:14 EST</DateTime></Topic><Msg>Very helpful :)</Msg><Username>morgankevin589</Username><Timestamp>1362720443998</Timestamp><DateTime>Fri, 2013-03-08 00:27:23 EST</DateTime><ThumbUp>0</ThumbUp><ThumbDown>0</ThumbDown><Sentiment/></Message><Message type="ReplyMessage"><Id>1362748478534-2</Id><Topic><Title>Big budget Coca-Cola promotion campaign coming !</Title><Username>harrison.bill2</Username><Timestamp>1362580055336</Timestamp><DateTime>Wed, 2013-03-06 09:27:35 EST</DateTime></Topic><Msg>we are looking good today!</Msg><Username>coleman_alex</Username><Timestamp>1362748478534</Timestamp><DateTime>Fri, 2013-03-08 08:14:38 EST</DateTime><ThumbUp>0</ThumbUp><ThumbDown>0</ThumbDown><Sentiment/></Message><Message type="ReplyMessage"><Id>1362748655998-3</Id><Topic><Title>Do You Think KO is a BUY, SELL, or HOLD?</Title><Username>landeyshawna</Username><Timestamp>1361801843661</Timestamp><DateTime>Mon, 2013-02-25 09:17:23 EST</DateTime></Topic><Msg>Nice work.</Msg><Username>sakslyancandy</Username><Timestamp>1362748655998</Timestamp><DateTime>Fri, 2013-03-08 08:17:35 EST</DateTime><ThumbUp>0</ThumbUp><ThumbDown>0</ThumbDown><Sentiment>Buy</Sentiment></Message><Message type="ReplyMessage"><Id>1362749362122-4</Id><Topic><Title>Big budget Coca-Cola promotion campaign coming !</Title><Username>harrison.bill2</Username><Timestamp>1362580055336</Timestamp><DateTime>Wed, 2013-03-06 09:27:35 EST</DateTime></Topic><Msg>important information !</Msg><Username>sanders_ben</Username><Timestamp>1362749362122</Timestamp><DateTime>Fri, 2013-03-08 08:29:22 EST</DateTime><ThumbUp>0</ThumbUp><ThumbDown>0</ThumbDown><Sentiment/></Message><Message type="ReplyMessage"><Id>1362750331779-5</Id><Topic><Title>Big budget Coca-Cola promotion campaign coming !</Title><Username>harrison.bill2</Username><Timestamp>1362580055336</Timestamp><DateTime>Wed, 2013-03-06 09:27:35 EST</DateTime></Topic><Msg>helpful, thanks</Msg><Username>simmonspeter</Username><Timestamp>1362750331779</Timestamp><DateTime>Fri, 2013-03-08 08:45:31 EST</DateTime><ThumbUp>0</ThumbUp><ThumbDown>0</ThumbDown><Sentiment/></Message><Message type="ReplyMessage"><Id>1362752180821-6</Id><Topic><Title>KO CEO Buying Shares!</Title><Username>steven_martin</Username><Timestamp>1361801414920</Timestamp><DateTime>Mon, 2013-02-25 09:10:14 EST</DateTime></Topic><Msg>Awesome info :)</Msg><Username>carr.mathew</Username><Timestamp>1362752180821</Timestamp><DateTime>Fri, 2013-03-08 09:16:20 EST</DateTime><ThumbUp>0</ThumbUp><ThumbDown>0</ThumbDown><Sentiment/></Message><Message type="ReplyMessage"><Id>1362759383230-7</Id><Topic><Title>Do You Think KO is a BUY, SELL, or HOLD?</Title><Username>landeyshawna</Username><Timestamp>1361801843661</Timestamp><DateTime>Mon, 2013-02-25 09:17:23 EST</DateTime></Topic><Msg>Fantastic. I will check it out.</Msg><Username>pulvisculapolly</Username><Timestamp>1362759383230</Timestamp><DateTime>Fri, 2013-03-08 11:16:23 EST</DateTime><ThumbUp>0</ThumbUp><ThumbDown>0</ThumbDown><Sentiment/></Message><Message type="ReplyMessage"><Id>1362759779299-8</Id><Topic><Title>KO CEO Buying Shares!</Title><Username>steven_martin</Username><Timestamp>1361801414920</Timestamp><DateTime>Mon, 2013-02-25 09:10:14 EST</DateTime></Topic><Msg>good report. Thanks!</Msg><Username>johnolmeda82</Username><Timestamp>1362759779299</Timestamp><DateTime>Fri, 2013-03-08 11:22:59 EST</DateTime><ThumbUp>0</ThumbUp><ThumbDown>0</ThumbDown><Sentiment/></Message><Message type="ReplyMessage"><Id>1362764467354-9</Id><Topic><Title>KO CEO Buying Shares!</Title><Username>steven_martin</Username><Timestamp>1361801414920</Timestamp><DateTime>Mon, 2013-02-25 09:10:14 EST</DateTime></Topic><Msg>Great report !</Msg><Username>williamsharold655</Username><Timestamp>1362764467354</Timestamp><DateTime>Fri, 2013-03-08 12:41:07 EST</DateTime><ThumbUp>0</ThumbUp><ThumbDown>0</ThumbDown><Sentiment/></Message><Message type="ReplyMessage"><Id>1362768949382-10</Id><Topic><Title>KO CEO Buying Shares!</Title><Username>steven_martin</Username><Timestamp>1361801414920</Timestamp><DateTime>Mon, 2013-02-25 09:10:14 EST</DateTime></Topic><Msg>Very helpful report .</Msg><Username>freddie.cappone</Username><Timestamp>1362768949382</Timestamp><DateTime>Fri, 2013-03-08 13:55:49 EST</DateTime><ThumbUp>0</ThumbUp><ThumbDown>0</ThumbDown><Sentiment/></Message><Message type="ReplyMessage"><Id>1362770585895-11</Id><Topic><Title>Do You Think KO is a BUY, SELL, or HOLD?</Title><Username>landeyshawna</Username><Timestamp>1361801843661</Timestamp><DateTime>Mon, 2013-02-25 09:17:23 EST</DateTime></Topic><Msg>I have entered my email address. Waiting for the update.</Msg><Username>porruslatonya</Username><Timestamp>1362770585895</Timestamp><DateTime>Fri, 2013-03-08 14:23:05 EST</DateTime><ThumbUp>0</ThumbUp><ThumbDown>1</ThumbDown><Sentiment/></Message><Message type="ReplyMessage"><Id>1362780621953-12</Id><Topic><Title>KO CEO Buying Shares!</Title><Username>steven_martin</Username><Timestamp>1361801414920</Timestamp><DateTime>Mon, 2013-02-25 09:10:14 EST</DateTime></Topic><Msg>thanks for sharing</Msg><Username>sarahsimpson830</Username><Timestamp>1362780621953</Timestamp><DateTime>Fri, 2013-03-08 17:10:21 EST</DateTime><ThumbUp>0</ThumbUp><ThumbDown>0</ThumbDown><Sentiment/></Message><Message type="ReplyMessage"><Id>1362783945571-13</Id><Topic><Title>KO CEO Buying Shares!</Title><Username>steven_martin</Username><Timestamp>1361801414920</Timestamp><DateTime>Mon, 2013-02-25 09:10:14 EST</DateTime></Topic><Msg>useful</Msg><Username>armand.kastner</Username><Timestamp>1362783945571</Timestamp><DateTime>Fri, 2013-03-08 18:05:45 EST</DateTime><ThumbUp>0</ThumbUp><ThumbDown>0</ThumbDown><Sentiment/></Message><Message type="ReplyMessage"><Id>1362788247005-14</Id><Topic><Title>Big budget Coca-Cola promotion campaign coming !</Title><Username>harrison.bill2</Username><Timestamp>1362580055336</Timestamp><DateTime>Wed, 2013-03-06 09:27:35 EST</DateTime></Topic><Msg>full detailed report. thanks</Msg><Username>johnwilson745</Username><Timestamp>1362788247005</Timestamp><DateTime>Fri, 2013-03-08 19:17:27 EST</DateTime><ThumbUp>0</ThumbUp><ThumbDown>0</ThumbDown><Sentiment/></Message></Date>