<?xml version="1.0" encoding="UTF-8" standalone="no"?><Date date="2013-01-10"><Message type="TopicMessage"><Id>1357823914823-1</Id><Title>HeLLo everyone,</Title><Msg>Where I can I get the recent earnings. Speed is important. Thank you in advance.</Msg><Username>canel5</Username><Timestamp>1357823914823</Timestamp><DateTime>Thu, 2013-01-10 08:18:34 EST</DateTime><ThumbUp>0</ThumbUp><ThumbDown>1</ThumbDown><Sentiment/></Message><Message type="TopicMessage"><Id>1357845436783-2</Id><Title>KO should have NEVER split their stock - worse thing they ever done.</Title><Msg>Stock has been on a downward / sideway trajectory since the split. Too many shares outstanding to get any kind of movement.</Msg><Username>k1ltnow</Username><Timestamp>1357845436783</Timestamp><DateTime>Thu, 2013-01-10 14:17:16 EST</DateTime><ThumbUp>2</ThumbUp><ThumbDown>2</ThumbDown><Sentiment/></Message><Message type="ReplyMessage"><Id>1357853458780-3</Id><Topic><Title>KO should have NEVER split their stock - worse thing they ever done.</Title><Username>k1ltnow</Username><Timestamp>1357845436783</Timestamp><DateTime>Thu, 2013-01-10 14:17:16 EST</DateTime></Topic><Msg>i disagree.</Msg><Username>drussial</Username><Timestamp>1357853458780</Timestamp><DateTime>Thu, 2013-01-10 16:30:58 EST</DateTime><ThumbUp>0</ThumbUp><ThumbDown>0</ThumbDown><Sentiment/></Message><Message type="ReplyMessage"><Id>1357853534556-4</Id><Topic><Title>sold today</Title><Username>whatexactlyistaint</Username><Timestamp>1357754847857</Timestamp><DateTime>Wed, 2013-01-09 13:07:27 EST</DateTime></Topic><Msg>who cares what prop 47 says?</Msg><Username>drussial</Username><Timestamp>1357853534556</Timestamp><DateTime>Thu, 2013-01-10 16:32:14 EST</DateTime><ThumbUp>1</ThumbUp><ThumbDown>0</ThumbDown><Sentiment>Buy</Sentiment></Message><Message type="ReplyMessage"><Id>1357853625286-5</Id><Topic><Title>KO has a problem being a new Competitor</Title><Username>tejdem1</Username><Timestamp>1356715498151</Timestamp><DateTime>Fri, 2012-12-28 12:24:58 EST</DateTime></Topic><Msg>sodastream is a fad.</Msg><Username>drussial</Username><Timestamp>1357853625286</Timestamp><DateTime>Thu, 2013-01-10 16:33:45 EST</DateTime><ThumbUp>2</ThumbUp><ThumbDown>0</ThumbDown><Sentiment>Buy</Sentiment></Message><Message type="ReplyMessage"><Id>1357853805293-6</Id><Topic><Title>Boy Cott this P.O.S. !!!!!!!!</Title><Username>antiqcoll12</Username><Timestamp>1351271576360</Timestamp><DateTime>Fri, 2012-10-26 13:12:56 EDT</DateTime></Topic><Msg>#$%$. An American? A POS? I guess Buffet doesn't know anything.</Msg><Username>drussial</Username><Timestamp>1357853805293</Timestamp><DateTime>Thu, 2013-01-10 16:36:45 EST</DateTime><ThumbUp>0</ThumbUp><ThumbDown>1</ThumbDown><Sentiment>Buy</Sentiment></Message><Message type="ReplyMessage"><Id>1357861159921-7</Id><Topic><Title>KO has a problem being a new Competitor</Title><Username>tejdem1</Username><Timestamp>1356715498151</Timestamp><DateTime>Fri, 2012-12-28 12:24:58 EST</DateTime></Topic><Msg>All you have to do is look at the glowing reviews of Sodastream on a website like Amazon from customers who bought it and love it. Even they say that it isn't a cost savings. Even they say that it is more of a cute novelty item than a replacement for store-bought soft drinks. You couldn't sound like any more of a goofball if you said that Pajama Jeans were going to put Levi's out of business.</Msg><Username>nothingsmissing</Username><Timestamp>1357861159921</Timestamp><DateTime>Thu, 2013-01-10 18:39:19 EST</DateTime><ThumbUp>0</ThumbUp><ThumbDown>1</ThumbDown><Sentiment>Buy</Sentiment></Message></Date>