<?xml version="1.0" encoding="UTF-8" standalone="no"?><Date date="2013-02-06"><Message type="ReplyMessage"><Id>1360163014485-1</Id><Topic><Title>(BREAKING NEWS) Analyst Downgrades KO</Title><Username>wilkerson_stephen</Username><Timestamp>1360161644780</Timestamp><DateTime>Wed, 2013-02-06 09:40:44 EST</DateTime></Topic><Msg>great news!</Msg><Username>michelecook203</Username><Timestamp>1360163014485</Timestamp><DateTime>Wed, 2013-02-06 10:03:34 EST</DateTime><ThumbUp>0</ThumbUp><ThumbDown>1</ThumbDown><Sentiment/></Message><Message type="TopicMessage"><Id>1360163693340-2</Id><Title>Breaking news ??? Lbix and SmartWater</Title><Msg>The big guys will be fighting over LBIX because SmartWater really makes you smarter. I am proof???</Msg><Username>boileroomguy</Username><Timestamp>1360163693340</Timestamp><DateTime>Wed, 2013-02-06 10:14:53 EST</DateTime><ThumbUp>0</ThumbUp><ThumbDown>1</ThumbDown><Sentiment/></Message><Message type="ReplyMessage"><Id>1360164402184-3</Id><Topic><Title>Do You Think KO is a BUY, SELL, or HOLD?</Title><Username>konkubinatenjohnnie</Username><Timestamp>1360162683916</Timestamp><DateTime>Wed, 2013-02-06 09:58:03 EST</DateTime></Topic><Msg>I just read your article. Nothing else.</Msg><Username>oloensamjoyce</Username><Timestamp>1360164402184</Timestamp><DateTime>Wed, 2013-02-06 10:26:42 EST</DateTime><ThumbUp>1</ThumbUp><ThumbDown>2</ThumbDown><Sentiment>Strong Buy</Sentiment></Message><Message type="TopicMessage"><Id>1360167370700-4</Id><Title>huge stock alert: YTRV finding coming out feb-19</Title><Msg>early alert</Msg><Username>stock.brains</Username><Timestamp>1360167370700</Timestamp><DateTime>Wed, 2013-02-06 11:16:10 EST</DateTime><ThumbUp>0</ThumbUp><ThumbDown>0</ThumbDown><Sentiment>Strong Buy</Sentiment></Message><Message type="ReplyMessage"><Id>1360167801154-5</Id><Topic><Title>Do You Think KO is a BUY, SELL, or HOLD?</Title><Username>konkubinatenjohnnie</Username><Timestamp>1360162683916</Timestamp><DateTime>Wed, 2013-02-06 09:58:03 EST</DateTime></Topic><Msg>Wow free of charge. I love it. Thanks</Msg><Username>sandraleneginger</Username><Timestamp>1360167801154</Timestamp><DateTime>Wed, 2013-02-06 11:23:21 EST</DateTime><ThumbUp>0</ThumbUp><ThumbDown>2</ThumbDown><Sentiment>Hold</Sentiment></Message><Message type="ReplyMessage"><Id>1360176033632-6</Id><Topic><Title>Do You Think KO is a BUY, SELL, or HOLD?</Title><Username>konkubinatenjohnnie</Username><Timestamp>1360162683916</Timestamp><DateTime>Wed, 2013-02-06 09:58:03 EST</DateTime></Topic><Msg>Cool picks. Please always share this to us.</Msg><Username>resourcesmegan</Username><Timestamp>1360176033632</Timestamp><DateTime>Wed, 2013-02-06 13:40:33 EST</DateTime><ThumbUp>1</ThumbUp><ThumbDown>2</ThumbDown><Sentiment>Buy</Sentiment></Message><Message type="ReplyMessage"><Id>1360178978739-7</Id><Topic><Title>(BREAKING NEWS) Analyst Downgrades KO</Title><Username>wilkerson_stephen</Username><Timestamp>1360161644780</Timestamp><DateTime>Wed, 2013-02-06 09:40:44 EST</DateTime></Topic><Msg>props</Msg><Username>christopherhansen93</Username><Timestamp>1360178978739</Timestamp><DateTime>Wed, 2013-02-06 14:29:38 EST</DateTime><ThumbUp>0</ThumbUp><ThumbDown>1</ThumbDown><Sentiment/></Message><Message type="ReplyMessage"><Id>1360181010184-8</Id><Topic><Title>Coca-Cola delay bounce</Title><Username>nelsonjohn995</Username><Timestamp>1358767806261</Timestamp><DateTime>Mon, 2013-01-21 06:30:06 EST</DateTime></Topic><Msg>perfect report</Msg><Username>carrjoe180</Username><Timestamp>1360181010184</Timestamp><DateTime>Wed, 2013-02-06 15:03:30 EST</DateTime><ThumbUp>0</ThumbUp><ThumbDown>0</ThumbDown><Sentiment/></Message><Message type="ReplyMessage"><Id>1360186365448-9</Id><Topic><Title>(BREAKING NEWS) Analyst Downgrades KO</Title><Username>wilkerson_stephen</Username><Timestamp>1360161644780</Timestamp><DateTime>Wed, 2013-02-06 09:40:44 EST</DateTime></Topic><Msg>great report</Msg><Username>tommysevert</Username><Timestamp>1360186365448</Timestamp><DateTime>Wed, 2013-02-06 16:32:45 EST</DateTime><ThumbUp>0</ThumbUp><ThumbDown>1</ThumbDown><Sentiment/></Message><Message type="ReplyMessage"><Id>1360187461250-10</Id><Topic><Title>Do You Think KO is a BUY, SELL, or HOLD?</Title><Username>konkubinatenjohnnie</Username><Timestamp>1360162683916</Timestamp><DateTime>Wed, 2013-02-06 09:58:03 EST</DateTime></Topic><Msg>I like your free article.</Msg><Username>rgangenlauren</Username><Timestamp>1360187461250</Timestamp><DateTime>Wed, 2013-02-06 16:51:01 EST</DateTime><ThumbUp>0</ThumbUp><ThumbDown>2</ThumbDown><Sentiment/></Message><Message type="ReplyMessage"><Id>1360191217625-11</Id><Topic><Title>(BREAKING NEWS) Analyst Downgrades KO</Title><Username>wilkerson_stephen</Username><Timestamp>1360161644780</Timestamp><DateTime>Wed, 2013-02-06 09:40:44 EST</DateTime></Topic><Msg>how about that..</Msg><Username>andrewowens840</Username><Timestamp>1360191217625</Timestamp><DateTime>Wed, 2013-02-06 17:53:37 EST</DateTime><ThumbUp>0</ThumbUp><ThumbDown>1</ThumbDown><Sentiment/></Message><Message type="ReplyMessage"><Id>1360193842275-12</Id><Topic><Title>(BREAKING NEWS) Analyst Downgrades KO</Title><Username>wilkerson_stephen</Username><Timestamp>1360161644780</Timestamp><DateTime>Wed, 2013-02-06 09:40:44 EST</DateTime></Topic><Msg>Just more spam. If you like spam and a nice virus just paste this junk to your browser. Report and ignore this clown and all the fake screen names touting it.</Msg><Username>jimbo1392</Username><Timestamp>1360193842275</Timestamp><DateTime>Wed, 2013-02-06 18:37:22 EST</DateTime><ThumbUp>0</ThumbUp><ThumbDown>0</ThumbDown><Sentiment/></Message><Message type="ReplyMessage"><Id>1360194663408-13</Id><Topic><Title>(BREAKING NEWS) Analyst Downgrades KO</Title><Username>wilkerson_stephen</Username><Timestamp>1360161644780</Timestamp><DateTime>Wed, 2013-02-06 09:40:44 EST</DateTime></Topic><Msg>good report</Msg><Username>ruthriley107</Username><Timestamp>1360194663408</Timestamp><DateTime>Wed, 2013-02-06 18:51:03 EST</DateTime><ThumbUp>0</ThumbUp><ThumbDown>1</ThumbDown><Sentiment/></Message></Date>