<?xml version="1.0" encoding="UTF-8" standalone="no"?><Date date="2013-04-19"><Message type="ReplyMessage"><Id>1366380815133-1</Id><Topic><Title>PRICE TARGET $55</Title><Username>monett4</Username><Timestamp>1366295425176</Timestamp><DateTime>Thu, 2013-04-18 10:30:25 EDT</DateTime></Topic><Msg>I loaded-up pre-split in the 40's, time to sell some covered calls now..</Msg><Username>fss13</Username><Timestamp>1366380815133</Timestamp><DateTime>Fri, 2013-04-19 10:13:35 EDT</DateTime><ThumbUp>0</ThumbUp><ThumbDown>1</ThumbDown><Sentiment/></Message><Message type="ReplyMessage"><Id>1366380901105-2</Id><Topic><Title>Crash is coming !!</Title><Username>willis.sousa</Username><Timestamp>1366367542989</Timestamp><DateTime>Fri, 2013-04-19 06:32:22 EDT</DateTime></Topic><Msg>Thank you !</Msg><Username>woo.ruthie</Username><Timestamp>1366380901105</Timestamp><DateTime>Fri, 2013-04-19 10:15:01 EDT</DateTime><ThumbUp>0</ThumbUp><ThumbDown>2</ThumbDown><Sentiment/></Message><Message type="ReplyMessage"><Id>1366384048603-3</Id><Topic><Title>Crash is coming !!</Title><Username>willis.sousa</Username><Timestamp>1366367542989</Timestamp><DateTime>Fri, 2013-04-19 06:32:22 EDT</DateTime></Topic><Msg>Great report !</Msg><Username>smock_t</Username><Timestamp>1366384048603</Timestamp><DateTime>Fri, 2013-04-19 11:07:28 EDT</DateTime><ThumbUp>0</ThumbUp><ThumbDown>2</ThumbDown><Sentiment/></Message><Message type="TopicMessage"><Id>1366385182175-4</Id><Title>XSNX looks like it could see $1+ in the near future</Title><Msg>Do some DD on XSNX. Seems like it is ready to take off</Msg><Username>bentleyewing395</Username><Timestamp>1366385182175</Timestamp><DateTime>Fri, 2013-04-19 11:26:22 EDT</DateTime><ThumbUp>0</ThumbUp><ThumbDown>1</ThumbDown><Sentiment/></Message><Message type="ReplyMessage"><Id>1366392261259-5</Id><Topic><Title>Crash is coming !!</Title><Username>willis.sousa</Username><Timestamp>1366367542989</Timestamp><DateTime>Fri, 2013-04-19 06:32:22 EDT</DateTime></Topic><Msg>Awesome repoert !</Msg><Username>swopes.william</Username><Timestamp>1366392261259</Timestamp><DateTime>Fri, 2013-04-19 13:24:21 EDT</DateTime><ThumbUp>0</ThumbUp><ThumbDown>2</ThumbDown><Sentiment/></Message><Message type="ReplyMessage"><Id>1366393798913-6</Id><Topic><Title>Coke= 100% Toxic</Title><Username>wakeupamerica87</Username><Timestamp>1362918822817</Timestamp><DateTime>Sun, 2013-03-10 08:33:42 EDT</DateTime></Topic><Msg>Correction: Change, "They tell me to avoid Diet Coke like the plague" to, "They tell me to avoid the plague like Diet Coke."</Msg><Username>laneys.world</Username><Timestamp>1366393798913</Timestamp><DateTime>Fri, 2013-04-19 13:49:58 EDT</DateTime><ThumbUp>0</ThumbUp><ThumbDown>1</ThumbDown><Sentiment/></Message><Message type="ReplyMessage"><Id>1366401775462-7</Id><Topic><Title>Coke= 100% Toxic</Title><Username>wakeupamerica87</Username><Timestamp>1362918822817</Timestamp><DateTime>Sun, 2013-03-10 08:33:42 EDT</DateTime></Topic><Msg>Cry baby, go post your BS elsewhere. KO will be here a lot longer than you will. If you are so concerened about your health, don't drink any KO. Your post is just trash.</Msg><Username>dirtpoordog</Username><Timestamp>1366401775462</Timestamp><DateTime>Fri, 2013-04-19 16:02:55 EDT</DateTime><ThumbUp>5</ThumbUp><ThumbDown>1</ThumbDown><Sentiment/></Message><Message type="ReplyMessage"><Id>1366403614184-8</Id><Topic><Title>Crash is coming !!</Title><Username>willis.sousa</Username><Timestamp>1366367542989</Timestamp><DateTime>Fri, 2013-04-19 06:32:22 EDT</DateTime></Topic><Msg>Good report !</Msg><Username>shannaterrerell</Username><Timestamp>1366403614184</Timestamp><DateTime>Fri, 2013-04-19 16:33:34 EDT</DateTime><ThumbUp>0</ThumbUp><ThumbDown>2</ThumbDown><Sentiment/></Message><Message type="ReplyMessage"><Id>1366405380245-9</Id><Topic><Title>Crash is coming !!</Title><Username>willis.sousa</Username><Timestamp>1366367542989</Timestamp><DateTime>Fri, 2013-04-19 06:32:22 EDT</DateTime></Topic><Msg>* * * * * * * VIRUS* * * * * * *</Msg><Username>iv92260</Username><Timestamp>1366405380245</Timestamp><DateTime>Fri, 2013-04-19 17:03:00 EDT</DateTime><ThumbUp>1</ThumbUp><ThumbDown>1</ThumbDown><Sentiment/></Message><Message type="TopicMessage"><Id>1366405421530-10</Id><Title>Crash is coming !!= VIRUS</Title><Msg>* * * * * * VIRUS DO NOT FOLLOW LINK</Msg><Username>iv92260</Username><Timestamp>1366405421530</Timestamp><DateTime>Fri, 2013-04-19 17:03:41 EDT</DateTime><ThumbUp>0</ThumbUp><ThumbDown>1</ThumbDown><Sentiment/></Message></Date>