<?xml version="1.0" encoding="UTF-8" standalone="no"?><Date date="2013-04-23"><Message type="TopicMessage"><Id>1366768692378-1</Id><Title>WOW did you know?????</Title><Msg>The average Mexican drinks more Coke products than the average American, British, Indian, and Chinese combined</Msg><Username>stagetec100</Username><Timestamp>1366768692378</Timestamp><DateTime>Tue, 2013-04-23 21:58:12 EDT</DateTime><ThumbUp>0</ThumbUp><ThumbDown>0</ThumbDown><Sentiment/></Message><Message type="ReplyMessage"><Id>1366768757943-2</Id><Topic><Title>Coke= 100% Toxic</Title><Username>wakeupamerica87</Username><Timestamp>1362918822817</Timestamp><DateTime>Sun, 2013-03-10 08:33:42 EDT</DateTime></Topic><Msg>Don't drink Coke if you are so worried about its effects. Do you smoke cigarettes, joints, or snort cocaine? These are likely to be more deleterious to your health.</Msg><Username>northvisitor34</Username><Timestamp>1366768757943</Timestamp><DateTime>Tue, 2013-04-23 21:59:17 EDT</DateTime><ThumbUp>4</ThumbUp><ThumbDown>1</ThumbDown><Sentiment/></Message><Message type="ReplyMessage"><Id>1366768967485-3</Id><Topic><Title>Coke= 100% Toxic</Title><Username>wakeupamerica87</Username><Timestamp>1362918822817</Timestamp><DateTime>Sun, 2013-03-10 08:33:42 EDT</DateTime></Topic><Msg>The problem is today to many people live a sedentary life. I see kids that should be exercising and they are eating or drinking soda. If they had to work like my brothers and sisters did when we were you they wouldn't be fat.</Msg><Username>northvisitor34</Username><Timestamp>1366768967485</Timestamp><DateTime>Tue, 2013-04-23 22:02:47 EDT</DateTime><ThumbUp>0</ThumbUp><ThumbDown>2</ThumbDown><Sentiment/></Message><Message type="ReplyMessage"><Id>1366769177837-4</Id><Topic><Title>Do your DD on WAFR, Looks ready to bust out</Title><Username>juansweet982</Username><Timestamp>1366219856315</Timestamp><DateTime>Wed, 2013-04-17 13:30:56 EDT</DateTime></Topic><Msg>WAFR looks ready to go bankrupt.</Msg><Username>northvisitor34</Username><Timestamp>1366769177837</Timestamp><DateTime>Tue, 2013-04-23 22:06:17 EDT</DateTime><ThumbUp>0</ThumbUp><ThumbDown>2</ThumbDown><Sentiment/></Message><Message type="TopicMessage"><Id>1366771998344-5</Id><Title>Slingshot</Title><Msg>Ko has the rights on Slingshot..It will change the world Gates is a supporter For pennies it changes DIRTY WATER into drinkable water.. One of the worlds great inventors came up with He urinated into glass and changed it into steam then drinkable water(he drank his urine See Fortune magazine latest issue They are focusing on Africa to start</Msg><Username>rollamo1</Username><Timestamp>1366771998344</Timestamp><DateTime>Tue, 2013-04-23 22:53:18 EDT</DateTime><ThumbUp>1</ThumbUp><ThumbDown>0</ThumbDown><Sentiment/></Message></Date>