<?xml version="1.0" encoding="UTF-8" standalone="no"?><Date date="2013-03-06"><Message type="ReplyMessage"><Id>1362575519842-1</Id><Topic><Title>Do You Think KO is a BUY, SELL, or HOLD?</Title><Username>landeyshawna</Username><Timestamp>1361801843661</Timestamp><DateTime>Mon, 2013-02-25 09:17:23 EST</DateTime></Topic><Msg>Got it. Good job mate.</Msg><Username>produktionsregelsmarion</Username><Timestamp>1362575519842</Timestamp><DateTime>Wed, 2013-03-06 08:11:59 EST</DateTime><ThumbUp>0</ThumbUp><ThumbDown>2</ThumbDown><Sentiment>Buy</Sentiment></Message><Message type="ReplyMessage"><Id>1362580795072-2</Id><Topic><Title>Big budget Coca-Cola promotion campaign coming !</Title><Username>harrison.bill2</Username><Timestamp>1362580055336</Timestamp><DateTime>Wed, 2013-03-06 09:27:35 EST</DateTime></Topic><Msg>full detailed report. thanks</Msg><Username>o.webb</Username><Timestamp>1362580795072</Timestamp><DateTime>Wed, 2013-03-06 09:39:55 EST</DateTime><ThumbUp>0</ThumbUp><ThumbDown>1</ThumbDown><Sentiment/></Message><Message type="ReplyMessage"><Id>1362581504973-3</Id><Topic><Title>Big budget Coca-Cola promotion campaign coming !</Title><Username>harrison.bill2</Username><Timestamp>1362580055336</Timestamp><DateTime>Wed, 2013-03-06 09:27:35 EST</DateTime></Topic><Msg>thanks just received the report</Msg><Username>sam.gibson</Username><Timestamp>1362581504973</Timestamp><DateTime>Wed, 2013-03-06 09:51:44 EST</DateTime><ThumbUp>0</ThumbUp><ThumbDown>1</ThumbDown><Sentiment/></Message><Message type="ReplyMessage"><Id>1362582885923-4</Id><Topic><Title>Big budget Coca-Cola promotion campaign coming !</Title><Username>harrison.bill2</Username><Timestamp>1362580055336</Timestamp><DateTime>Wed, 2013-03-06 09:27:35 EST</DateTime></Topic><Msg>important information !</Msg><Username>perkins.jack</Username><Timestamp>1362582885923</Timestamp><DateTime>Wed, 2013-03-06 10:14:45 EST</DateTime><ThumbUp>0</ThumbUp><ThumbDown>1</ThumbDown><Sentiment/></Message><Message type="ReplyMessage"><Id>1362585756599-5</Id><Topic><Title>Big budget Coca-Cola promotion campaign coming !</Title><Username>harrison.bill2</Username><Timestamp>1362580055336</Timestamp><DateTime>Wed, 2013-03-06 09:27:35 EST</DateTime></Topic><Msg>very good report</Msg><Username>craig.johanson</Username><Timestamp>1362585756599</Timestamp><DateTime>Wed, 2013-03-06 11:02:36 EST</DateTime><ThumbUp>0</ThumbUp><ThumbDown>1</ThumbDown><Sentiment/></Message><Message type="ReplyMessage"><Id>1362587548654-6</Id><Topic><Title>Do You Think KO is a BUY, SELL, or HOLD?</Title><Username>landeyshawna</Username><Timestamp>1361801843661</Timestamp><DateTime>Mon, 2013-02-25 09:17:23 EST</DateTime></Topic><Msg>Wow free of charge. I love it. Thanks</Msg><Username>lovelinesslou</Username><Timestamp>1362587548654</Timestamp><DateTime>Wed, 2013-03-06 11:32:28 EST</DateTime><ThumbUp>0</ThumbUp><ThumbDown>2</ThumbDown><Sentiment/></Message><Message type="ReplyMessage"><Id>1362589541976-7</Id><Topic><Title>Job Cuts at Coca-Cola Refreshments</Title><Username>frenchjim28</Username><Timestamp>1362106325466</Timestamp><DateTime>Thu, 2013-02-28 21:52:05 EST</DateTime></Topic><Msg>Closing an office in Sheboygan, eliminating 40 jobs. Is that why you are in a panic?</Msg><Username>unclelarry66</Username><Timestamp>1362589541976</Timestamp><DateTime>Wed, 2013-03-06 12:05:41 EST</DateTime><ThumbUp>1</ThumbUp><ThumbDown>0</ThumbDown><Sentiment/></Message><Message type="ReplyMessage"><Id>1362592459352-8</Id><Topic><Title>KO CEO Buying Shares!</Title><Username>steven_martin</Username><Timestamp>1361801414920</Timestamp><DateTime>Mon, 2013-02-25 09:10:14 EST</DateTime></Topic><Msg>Thanks !</Msg><Username>almeda.mosley</Username><Timestamp>1362592459352</Timestamp><DateTime>Wed, 2013-03-06 12:54:19 EST</DateTime><ThumbUp>0</ThumbUp><ThumbDown>1</ThumbDown><Sentiment/></Message><Message type="ReplyMessage"><Id>1362596995441-9</Id><Topic><Title>Do You Think KO is a BUY, SELL, or HOLD?</Title><Username>landeyshawna</Username><Timestamp>1361801843661</Timestamp><DateTime>Mon, 2013-02-25 09:17:23 EST</DateTime></Topic><Msg>I got it. It's awesome.</Msg><Username>quietpadela</Username><Timestamp>1362596995441</Timestamp><DateTime>Wed, 2013-03-06 14:09:55 EST</DateTime><ThumbUp>0</ThumbUp><ThumbDown>2</ThumbDown><Sentiment/></Message><Message type="ReplyMessage"><Id>1362601278496-10</Id><Topic><Title>Big budget Coca-Cola promotion campaign coming !</Title><Username>harrison.bill2</Username><Timestamp>1362580055336</Timestamp><DateTime>Wed, 2013-03-06 09:27:35 EST</DateTime></Topic><Msg>awesome report!</Msg><Username>brownmark768</Username><Timestamp>1362601278496</Timestamp><DateTime>Wed, 2013-03-06 15:21:18 EST</DateTime><ThumbUp>0</ThumbUp><ThumbDown>2</ThumbDown><Sentiment/></Message><Message type="ReplyMessage"><Id>1362601608925-11</Id><Topic><Title>KO CEO Buying Shares!</Title><Username>steven_martin</Username><Timestamp>1361801414920</Timestamp><DateTime>Mon, 2013-02-25 09:10:14 EST</DateTime></Topic><Msg>Thanks for sharing !</Msg><Username>douglas.goddard</Username><Timestamp>1362601608925</Timestamp><DateTime>Wed, 2013-03-06 15:26:48 EST</DateTime><ThumbUp>0</ThumbUp><ThumbDown>1</ThumbDown><Sentiment/></Message><Message type="ReplyMessage"><Id>1362602888606-12</Id><Topic><Title>Big budget Coca-Cola promotion campaign coming !</Title><Username>harrison.bill2</Username><Timestamp>1362580055336</Timestamp><DateTime>Wed, 2013-03-06 09:27:35 EST</DateTime></Topic><Msg>great news</Msg><Username>robinson_donald</Username><Timestamp>1362602888606</Timestamp><DateTime>Wed, 2013-03-06 15:48:08 EST</DateTime><ThumbUp>0</ThumbUp><ThumbDown>2</ThumbDown><Sentiment/></Message><Message type="ReplyMessage"><Id>1362605136085-13</Id><Topic><Title>Job Cuts at Coca-Cola Refreshments</Title><Username>frenchjim28</Username><Timestamp>1362106325466</Timestamp><DateTime>Thu, 2013-02-28 21:52:05 EST</DateTime></Topic><Msg>No. This took place systematically across the country last Thursday and Friday. Here in New England, CCR eliminated over 30 positions mostly Area and District Sales Managers responsible for brand &amp; package promotional execution at the local level. May 1st is their last day with the implementation of the new North American business model. Account Manager to District Manager span of control is now 8:1 which is insane to be effective. Company direction is to spend no money, company cars went away and now more people gone. All signs pointing to the final spinoff of CCR rumored to happen within the next 18 months. Stay tuned!!</Msg><Username>frenchjim28</Username><Timestamp>1362605136085</Timestamp><DateTime>Wed, 2013-03-06 16:25:36 EST</DateTime><ThumbUp>1</ThumbUp><ThumbDown>0</ThumbDown><Sentiment/></Message><Message type="ReplyMessage"><Id>1362616023247-14</Id><Topic><Title>Job Cuts at Coca-Cola Refreshments</Title><Username>frenchjim28</Username><Timestamp>1362106325466</Timestamp><DateTime>Thu, 2013-02-28 21:52:05 EST</DateTime></Topic><Msg>The number of "displaced" employees is at four figures this time around, and that doesn't account for the smaller departments that were lifted &amp; shifted last year. CCE went through reorganizations every two or three years and CCR is continuing that trend. A heck of a lot more than the sales dept. is being affected but sales had to have seen it coming with all of their layers. It's pretty sad that even with a stacked sales force we still had countless customers who say that they never knew they had an account manager because they never once heard from them, their orders would just show up (not to their liking half the time). Where's the AM? Go to the WiFi coffee shop and say hello.</Msg><Username>nothingsmissing</Username><Timestamp>1362616023247</Timestamp><DateTime>Wed, 2013-03-06 19:27:03 EST</DateTime><ThumbUp>1</ThumbUp><ThumbDown>1</ThumbDown><Sentiment>Buy</Sentiment></Message><Message type="ReplyMessage"><Id>1362617991461-15</Id><Topic><Title>Should Coca-Cola buy Hostess??</Title><Username>dukecity79</Username><Timestamp>1362344131287</Timestamp><DateTime>Sun, 2013-03-03 15:55:31 EST</DateTime></Topic><Msg>It would be a bad move at a time when they're battling the ridiculous notion that soft drinks are the cause of childhood obesity (instead of lack of exercise). The snacks would have to be healthier, like Odwalla.</Msg><Username>nothingsmissing</Username><Timestamp>1362617991461</Timestamp><DateTime>Wed, 2013-03-06 19:59:51 EST</DateTime><ThumbUp>0</ThumbUp><ThumbDown>0</ThumbDown><Sentiment>Buy</Sentiment></Message></Date>