<?xml version="1.0" encoding="UTF-8" standalone="no"?><Date date="2013-01-16"><Message type="ReplyMessage"><Id>1358353055513-1</Id><Topic><Title>The Coca-Cola Company CHARTS!</Title><Username>cuoqhzqpjprfks8438</Username><Timestamp>1358352809315</Timestamp><DateTime>Wed, 2013-01-16 11:13:29 EST</DateTime></Topic><Msg>I just joined.</Msg><Username>nanette.montgomery646d</Username><Timestamp>1358353055513</Timestamp><DateTime>Wed, 2013-01-16 11:17:35 EST</DateTime><ThumbUp>0</ThumbUp><ThumbDown>1</ThumbDown><Sentiment/></Message><Message type="ReplyMessage"><Id>1358357292202-2</Id><Topic><Title>The Coca-Cola Company CHARTS!</Title><Username>cuoqhzqpjprfks8438</Username><Timestamp>1358352809315</Timestamp><DateTime>Wed, 2013-01-16 11:13:29 EST</DateTime></Topic><Msg>Thanks for sharing this article.</Msg><Username>eunice.griffith406l</Username><Timestamp>1358357292202</Timestamp><DateTime>Wed, 2013-01-16 12:28:12 EST</DateTime><ThumbUp>0</ThumbUp><ThumbDown>1</ThumbDown><Sentiment/></Message><Message type="ReplyMessage"><Id>1358360679937-3</Id><Topic><Title>The Coca-Cola Company CHARTS!</Title><Username>cuoqhzqpjprfks8438</Username><Timestamp>1358352809315</Timestamp><DateTime>Wed, 2013-01-16 11:13:29 EST</DateTime></Topic><Msg>Your site gave me a virus and stole my credit card numbers.Jerk</Msg><Username>hahastocks</Username><Timestamp>1358360679937</Timestamp><DateTime>Wed, 2013-01-16 13:24:39 EST</DateTime><ThumbUp>2</ThumbUp><ThumbDown>5</ThumbDown><Sentiment/></Message><Message type="ReplyMessage"><Id>1358389904173-4</Id><Topic><Title>KO has a problem being a new Competitor</Title><Username>tejdem1</Username><Timestamp>1356715498151</Timestamp><DateTime>Fri, 2012-12-28 12:24:58 EST</DateTime></Topic><Msg>That's what they said when Fizzies came on the market in the early 60s.</Msg><Username>juanruiz1330</Username><Timestamp>1358389904173</Timestamp><DateTime>Wed, 2013-01-16 21:31:44 EST</DateTime><ThumbUp>1</ThumbUp><ThumbDown>0</ThumbDown><Sentiment>Hold</Sentiment></Message></Date>