<?xml version="1.0" encoding="UTF-8" standalone="no"?><Date date="2013-02-28"><Message type="ReplyMessage"><Id>1362057526303-1</Id><Topic><Title>Do You Think KO is a BUY, SELL, or HOLD?</Title><Username>landeyshawna</Username><Timestamp>1361801843661</Timestamp><DateTime>Mon, 2013-02-25 09:17:23 EST</DateTime></Topic><Msg>I like your free article.</Msg><Username>ricomincjoanne</Username><Timestamp>1362057526303</Timestamp><DateTime>Thu, 2013-02-28 08:18:46 EST</DateTime><ThumbUp>0</ThumbUp><ThumbDown>2</ThumbDown><Sentiment/></Message><Message type="ReplyMessage"><Id>1362066607901-2</Id><Topic><Title>Do You Think KO is a BUY, SELL, or HOLD?</Title><Username>landeyshawna</Username><Timestamp>1361801843661</Timestamp><DateTime>Mon, 2013-02-25 09:17:23 EST</DateTime></Topic><Msg>I was really looking for some great news. Now I found it.</Msg><Username>lyssekilivy</Username><Timestamp>1362066607901</Timestamp><DateTime>Thu, 2013-02-28 10:50:07 EST</DateTime><ThumbUp>0</ThumbUp><ThumbDown>2</ThumbDown><Sentiment/></Message><Message type="ReplyMessage"><Id>1362070824577-3</Id><Topic><Title>KO CEO Buying Shares!</Title><Username>steven_martin</Username><Timestamp>1361801414920</Timestamp><DateTime>Mon, 2013-02-25 09:10:14 EST</DateTime></Topic><Msg>Great work!</Msg><Username>robert_graves</Username><Timestamp>1362070824577</Timestamp><DateTime>Thu, 2013-02-28 12:00:24 EST</DateTime><ThumbUp>0</ThumbUp><ThumbDown>1</ThumbDown><Sentiment/></Message><Message type="ReplyMessage"><Id>1362071429025-4</Id><Topic><Title>KO CEO Buying Shares!</Title><Username>steven_martin</Username><Timestamp>1361801414920</Timestamp><DateTime>Mon, 2013-02-25 09:10:14 EST</DateTime></Topic><Msg>thanks</Msg><Username>willis.bachmann</Username><Timestamp>1362071429025</Timestamp><DateTime>Thu, 2013-02-28 12:10:29 EST</DateTime><ThumbUp>0</ThumbUp><ThumbDown>1</ThumbDown><Sentiment/></Message><Message type="ReplyMessage"><Id>1362071811006-5</Id><Topic><Title>KO CEO Buying Shares!</Title><Username>steven_martin</Username><Timestamp>1361801414920</Timestamp><DateTime>Mon, 2013-02-25 09:10:14 EST</DateTime></Topic><Msg>useful information! thanks for sharing!</Msg><Username>gore_colleen</Username><Timestamp>1362071811006</Timestamp><DateTime>Thu, 2013-02-28 12:16:51 EST</DateTime><ThumbUp>0</ThumbUp><ThumbDown>1</ThumbDown><Sentiment/></Message><Message type="TopicMessage"><Id>1362079244808-6</Id><Title>restistance at $38.91.</Title><Msg>Most TA-websites point to this price-level as an important (first) resistance.</Msg><Username>sander0975</Username><Timestamp>1362079244808</Timestamp><DateTime>Thu, 2013-02-28 14:20:44 EST</DateTime><ThumbUp>0</ThumbUp><ThumbDown>0</ThumbDown><Sentiment>Hold</Sentiment></Message><Message type="ReplyMessage"><Id>1362085838903-7</Id><Topic><Title>Do You Think KO is a BUY, SELL, or HOLD?</Title><Username>landeyshawna</Username><Timestamp>1361801843661</Timestamp><DateTime>Mon, 2013-02-25 09:17:23 EST</DateTime></Topic><Msg>Just more spam and a nice VIRUS. DON'T read it. LOL with the fake screen names touting this junk</Msg><Username>jimbo1392</Username><Timestamp>1362085838903</Timestamp><DateTime>Thu, 2013-02-28 16:10:38 EST</DateTime><ThumbUp>1</ThumbUp><ThumbDown>1</ThumbDown><Sentiment/></Message><Message type="ReplyMessage"><Id>1362085980183-8</Id><Topic><Title>KO CEO Buying Shares!</Title><Username>steven_martin</Username><Timestamp>1361801414920</Timestamp><DateTime>Mon, 2013-02-25 09:10:14 EST</DateTime></Topic><Msg>More junki spam with made up screen names touting this. Report and ignore these clowns.</Msg><Username>jimbo1392</Username><Timestamp>1362085980183</Timestamp><DateTime>Thu, 2013-02-28 16:13:00 EST</DateTime><ThumbUp>1</ThumbUp><ThumbDown>0</ThumbDown><Sentiment/></Message><Message type="TopicMessage"><Id>1362106325466-9</Id><Title>Job Cuts at Coca-Cola Refreshments</Title><Msg>Hearing through my contacts in the CCR Bottling system that a number of job eliminations took place today across the country as a new field sales span of control model was announced; impacting front-line sales. Less feet on the street at a critical time for the industry cannot be received as a positive step.</Msg><Username>frenchjim28</Username><Timestamp>1362106325466</Timestamp><DateTime>Thu, 2013-02-28 21:52:05 EST</DateTime><ThumbUp>4</ThumbUp><ThumbDown>1</ThumbDown><Sentiment/></Message></Date>