<?xml version="1.0" encoding="UTF-8" standalone="no"?><Date date="2013-04-30"><Message type="TopicMessage"><Id>1367337990884-1</Id><Title>What Is Coke Waiting For?</Title><Msg>What Is Coke Waiting For? Pepsi beat out Coke by buying Gatorade. Coke needs to wake up and get aggressive by buying Monster. Coke needs more growth, and buying Monster would provide Coke with some much needed growth.</Msg><Username>byetwoholed</Username><Timestamp>1367337990884</Timestamp><DateTime>Tue, 2013-04-30 12:06:30 EDT</DateTime><ThumbUp>0</ThumbUp><ThumbDown>2</ThumbDown><Sentiment>Hold</Sentiment></Message><Message type="TopicMessage"><Id>1367348064414-2</Id><Title>P.O.S. Here !!!! P.O.S. Here !!!!</Title><Msg>Get Your #$%$ Here !!!</Msg><Username>antiqcoll12</Username><Timestamp>1367348064414</Timestamp><DateTime>Tue, 2013-04-30 14:54:24 EDT</DateTime><ThumbUp>0</ThumbUp><ThumbDown>2</ThumbDown><Sentiment>Sell</Sentiment></Message><Message type="TopicMessage"><Id>1367348166710-3</Id><Title>Buy Coke and support the communist !!!!!</Title><Msg>nice way to make money !!! P.O.S. Company !! I will never buy annother coke in my life time !!!</Msg><Username>antiqcoll12</Username><Timestamp>1367348166710</Timestamp><DateTime>Tue, 2013-04-30 14:56:06 EDT</DateTime><ThumbUp>0</ThumbUp><ThumbDown>4</ThumbDown><Sentiment>Sell</Sentiment></Message><Message type="ReplyMessage"><Id>1367368810294-4</Id><Topic><Title>What Is Coke Waiting For?</Title><Username>byetwoholed</Username><Timestamp>1367337990884</Timestamp><DateTime>Tue, 2013-04-30 12:06:30 EDT</DateTime></Topic><Msg>The price is too high right now. They are doing the right thing by focusing on their core and emerging brands.</Msg><Username>nothingsmissing</Username><Timestamp>1367368810294</Timestamp><DateTime>Tue, 2013-04-30 20:40:10 EDT</DateTime><ThumbUp>0</ThumbUp><ThumbDown>0</ThumbDown><Sentiment>Buy</Sentiment></Message></Date>