<?xml version="1.0" encoding="UTF-8" standalone="no"?><Date date="2013-07-17"><Message type="ReplyMessage"><Id>1374066245371-1</Id><Topic><Title>since white people murder 83% of all white people murdered, who should white people profile?</Title><Username>manceridermunce</Username><Timestamp>1374002806497</Timestamp><DateTime>Tue, 2013-07-16 15:26:46 EDT</DateTime></Topic><Msg>fbi statistics also show you are most likely to be murdered by your family , friends or acquaintances. and besides the fact that whites are the ones far more likely to murder whites, whites also do nearly all the arson, insurance fraud and mass murder. Is there a criminal gene or what?</Msg><Username>manceridermunce</Username><Timestamp>1374066245371</Timestamp><DateTime>Wed, 2013-07-17 09:04:05 EDT</DateTime><ThumbUp>0</ThumbUp><ThumbDown>13</ThumbDown><Sentiment/></Message><Message type="ReplyMessage"><Id>1374066742178-2</Id><Topic><Title>ORCL</Title><Username>hot_bloodedindian</Username><Timestamp>1373652718010</Timestamp><DateTime>Fri, 2013-07-12 14:11:58 EDT</DateTime></Topic><Msg>ORCL has big news! Strata Health Helps Customers Speed Patient Care With Oracle Database Appliance Health Care Technology Leader Improves Performance and Speed of Its SaaS Patient Flow Technology With Oracle, Improving Medical Facility Efficiency and Patient Care REDWOOD SHORES, CA --(Marketwired - Jul 17, 2013 ) - Oracle (NYSE: ORCL) News Summary In the health care industry, speed and efficiency are critical to reducing costs, conserving limited resources and improving patient outcomes. Strata Health Solutions plays a key role in the health care ecosystem with its SaaS resource matching and referral technology, which provides Local Health Integration Networks (LHINs) with real-time tools to optimize patient flow and experience. With a growing customer base of LHINs and health care providers, Strata Health required a scalable, cost-effective solution to increase performance and availability. The company turned to the Oracle Database Appliance and Oracle Real Application Clusters to create a high availability database cluster infrastructure to seamlessly manage the growing volume of health care providers relying on its system, leading to better, more cost- effective patient care. News Facts -- Strata Health Solutions Inc. is successfully using the Oracle Database Appliance to support the growth of its software-as-a-service (SaaS) health care business and help its customers improve patient care, Oracle today announced. -- With the recent business growth of its business line, Strata PathWays, Strata required a solution to support its customers' service level agreements (SLAs). It compared IBM's hardware-only solution to Oracle Database Appliance with Oracle Database Enterprise Edition and Oracle Real Application Clusters and determined Oracle Database Appliance was the best solution to seamlessly and cost-effectively meet the growing data requirements of their customers today as well as into th</Msg><Username>ewaldux</Username><Timestamp>1374066742178</Timestamp><DateTime>Wed, 2013-07-17 09:12:22 EDT</DateTime><ThumbUp>0</ThumbUp><ThumbDown>0</ThumbDown><Sentiment/></Message><Message type="TopicMessage"><Id>1374068902294-3</Id><Title>Blacks are their own worst enemy....</Title><Msg>They call each other brother all week and on Saturday night go out, get drunk and drugged and shoot each other. Most black crime is black on black. They make up 12% of the population and cause 90% of the problems in this country. In D.C. black teen unemployment is 34%, so what does the black D.C. council do? Arranges for Wal-Mart to leave and take 1800 jobs with it. Stupid bunch of people IMHO!</Msg><Username>wannasmellmypoop</Username><Timestamp>1374068902294</Timestamp><DateTime>Wed, 2013-07-17 09:48:22 EDT</DateTime><ThumbUp>0</ThumbUp><ThumbDown>0</ThumbDown><Sentiment/></Message><Message type="TopicMessage"><Id>1374069203146-4</Id><Title>everyone is their own worst enemy, Rush Limbaugh is a prime example</Title><Msg>cowardly draft dodger, but loudmouthed hawk drug abuser, but denounced drug abuse and demanded drug abusers be jailed and the gluttony and whoring, my god, the fat slob should be more concerned for his health.</Msg><Username>manceridermunce</Username><Timestamp>1374069203146</Timestamp><DateTime>Wed, 2013-07-17 09:53:23 EDT</DateTime><ThumbUp>0</ThumbUp><ThumbDown>12</ThumbDown><Sentiment/></Message><Message type="TopicMessage"><Id>1374069823265-5</Id><Title>the justice system seems to be the enemy of blacks</Title><Msg>"blacks in Florida are 35 percent more likely to be convicted of a felony or misdemeanor than whites who have similar socioeconomic status, live in areas with similar crime rates and have similar criminal records. " one can't help but also note that Florida claims to fly the largest confederate flag of all , which to many is the symbol of slavery, treason and bigotry.</Msg><Username>manceridermunce</Username><Timestamp>1374069823265</Timestamp><DateTime>Wed, 2013-07-17 10:03:43 EDT</DateTime><ThumbUp>0</ThumbUp><ThumbDown>11</ThumbDown><Sentiment/></Message><Message type="TopicMessage"><Id>1374071511689-6</Id><Title>Health Plan Cost for New Yorkers Set to Fall 50% due to Obamacare</Title><Msg>Health Plan Cost for New Yorkers Set to Fall 50% . By RONI CARYN RABIN and REED ABELSON Individuals buying health insurance on their own will see their premiums tumble next year in New York State as changes under the federal health care law take effect, Gov. Andrew M. Cuomo announced on Wednesday. State insurance regulators say they have approved rates for 2014 that are at least 50 percent lower on average than those currently available in New York. Beginning in October, individuals in New York City who now pay $1,000 a month or more for coverage will be able to shop for health insurance for as little as $308 monthly. With federal subsidies, the cost will be even lower. Supporters of the new health care law, the Affordable Care Act, credited the drop in rates to the online purchasing exchanges the law created, which they say are spurring competition among insurers that are anticipating an influx of new customers. The law requires that an exchange be started in every state. “Health insurance has suddenly become affordable in New York,” said Elisabeth Benjamin, vice president for health initiatives with the Community Service Society of New York. “It’s not bargain-basement prices, but we’re going from Bergdorf’s to Filene’s here.” “The extraordinary decline in New York’s insurance rates for individual consumers demonstrates the profound promise of the Affordable Care Act,” she added. Administration officials, long confronted by Republicans and other critics of President Obama’s signature law, were quick to add New York to the list of states that appear to be successfully carrying out the law and setting up exchanges. “We’re seeing in New York what we’ve seen in other states like California and Oregon — that competition and transparency in the marketplaces are leading to affordable and new choices for families,” said Joanne Peters, a spokeswoman for the Department of Health and Human Services.</Msg><Username>hydroponicoctopus</Username><Timestamp>1374071511689</Timestamp><DateTime>Wed, 2013-07-17 10:31:51 EDT</DateTime><ThumbUp>1</ThumbUp><ThumbDown>3</ThumbDown><Sentiment/></Message><Message type="ReplyMessage"><Id>1374072871623-7</Id><Topic><Title>Buy ORCL and be happy...</Title><Username>almlk</Username><Timestamp>1373552634311</Timestamp><DateTime>Thu, 2013-07-11 10:23:54 EDT</DateTime></Topic><Msg>Yacktman Fund Buys Oracle, Exxon Mobil, C.R. Bard, Sells Pfizer, Viacom, Microsoft http://www.forbes.com/sites/gurufocus/2013/07/17/yacktman-fund-buys-oracle-exxon-mobil-c-r-bard-sells-pfizer-viacom-microsoft/?partner=yahootix</Msg><Username>ewaldux</Username><Timestamp>1374072871623</Timestamp><DateTime>Wed, 2013-07-17 10:54:31 EDT</DateTime><ThumbUp>0</ThumbUp><ThumbDown>0</ThumbDown><Sentiment/></Message><Message type="TopicMessage"><Id>1374074066435-8</Id><Title>Even Jimmy Carter Believes The Zimmerman Verdict Was The Right One!</Title><Msg>It's the only time I have ever agreed with this him... on anything! "Former President Jimmy Carter stymied Democrats' efforts to turn the death of Trayvon Martin into a partisan rallying cry Tuesday, telling local NBC affiliate WXIA in Atlanta that the acquittal of George Zimmerman was correct. "I think the jury made the right decision based on the evidence presented, because the prosecution inadvertently set the standard so high that the jury had to be convinced that it was a deliberate act by Zimmerman, and he was not at all defending himself, and so forth," Carter said, speaking from the Carter Center for Peace. "It's not a moral question, it's a legal question and the American law requires that the jury listen to the evidence presented. And I think another action that was taken in the court was not to bring in the race issue at all."</Msg><Username>moveon_moveoutnow</Username><Timestamp>1374074066435</Timestamp><DateTime>Wed, 2013-07-17 11:14:26 EDT</DateTime><ThumbUp>1</ThumbUp><ThumbDown>1</ThumbDown><Sentiment/></Message><Message type="ReplyMessage"><Id>1374074438367-9</Id><Topic><Title>the justice system seems to be the enemy of blacks</Title><Username>manceridermunce</Username><Timestamp>1374069823265</Timestamp><DateTime>Wed, 2013-07-17 10:03:43 EDT</DateTime></Topic><Msg>Typical PC Democrat Pigshyt! Laughable! The FACTS are that the low-income Black Culture in America is driven by ignorance and violence, thanks to the White PC Trash of the Democrat Party and its Race-Pimping pack of Black Hucksters!!</Msg><Username>ivleeg_garbage</Username><Timestamp>1374074438367</Timestamp><DateTime>Wed, 2013-07-17 11:20:38 EDT</DateTime><ThumbUp>0</ThumbUp><ThumbDown>0</ThumbDown><Sentiment/></Message><Message type="TopicMessage"><Id>1374077050534-10</Id><Title>this is the only thing you need to win in these markets</Title><Msg>I haven’t missed with a stock since I followed their picks. They always skyrocket. Great FREE service. Join now. Text the word Alert without quotes to FIVE FIVE FIVE EIGHT EIGHT EIGHT</Msg><Username>holcombnoah982</Username><Timestamp>1374077050534</Timestamp><DateTime>Wed, 2013-07-17 12:04:10 EDT</DateTime><ThumbUp>0</ThumbUp><ThumbDown>1</ThumbDown><Sentiment/></Message><Message type="ReplyMessage"><Id>1374078507103-11</Id><Topic><Title>the justice system seems to be the enemy of blacks</Title><Username>manceridermunce</Username><Timestamp>1374069823265</Timestamp><DateTime>Wed, 2013-07-17 10:03:43 EDT</DateTime></Topic><Msg>That is because blacks are lazy criminals. They are 100% more likely to commit crimes. Can anyone tell me any black neighborhood with low crime?</Msg><Username>crombola19040</Username><Timestamp>1374078507103</Timestamp><DateTime>Wed, 2013-07-17 12:28:27 EDT</DateTime><ThumbUp>0</ThumbUp><ThumbDown>0</ThumbDown><Sentiment/></Message><Message type="ReplyMessage"><Id>1374078565963-12</Id><Topic><Title>Health Plan Cost for New Yorkers Set to Fall 50% due to Obamacare</Title><Username>hydroponicoctopus</Username><Timestamp>1374071511689</Timestamp><DateTime>Wed, 2013-07-17 10:31:51 EDT</DateTime></Topic><Msg>GREAT. Us Rs will save money. Dems lose again.</Msg><Username>crombola19040</Username><Timestamp>1374078565963</Timestamp><DateTime>Wed, 2013-07-17 12:29:25 EDT</DateTime><ThumbUp>0</ThumbUp><ThumbDown>1</ThumbDown><Sentiment/></Message><Message type="ReplyMessage"><Id>1374078590908-13</Id><Topic><Title>Blacks are their own worst enemy....</Title><Username>wannasmellmypoop</Username><Timestamp>1374068902294</Timestamp><DateTime>Wed, 2013-07-17 09:48:22 EDT</DateTime></Topic><Msg>Afronomics is a failure.</Msg><Username>crombola19040</Username><Timestamp>1374078590908</Timestamp><DateTime>Wed, 2013-07-17 12:29:50 EDT</DateTime><ThumbUp>0</ThumbUp><ThumbDown>0</ThumbDown><Sentiment/></Message><Message type="TopicMessage"><Id>1374078671809-14</Id><Title>AFronomics is a failure</Title><Msg>Can anyone tell me ANY economic system where the majority of blacks are successful? The reality is most of htem are lazy criminals and they fail with every system.</Msg><Username>crombola19040</Username><Timestamp>1374078671809</Timestamp><DateTime>Wed, 2013-07-17 12:31:11 EDT</DateTime><ThumbUp>1</ThumbUp><ThumbDown>0</ThumbDown><Sentiment/></Message><Message type="ReplyMessage"><Id>1374080120807-15</Id><Topic><Title>Blacks are their own worst enemy....</Title><Username>wannasmellmypoop</Username><Timestamp>1374068902294</Timestamp><DateTime>Wed, 2013-07-17 09:48:22 EDT</DateTime></Topic><Msg>Ever read Shocley's, "The Bell Curve?" "Liberals" hate him because he told the truth. It explains a lot. I knew it was true from my own observations when in my early teens. Shockley just proves what I felt.</Msg><Username>lewcor</Username><Timestamp>1374080120807</Timestamp><DateTime>Wed, 2013-07-17 12:55:20 EDT</DateTime><ThumbUp>0</ThumbUp><ThumbDown>0</ThumbDown><Sentiment/></Message><Message type="ReplyMessage"><Id>1374080235707-16</Id><Topic><Title>Blacks are their own worst enemy....</Title><Username>wannasmellmypoop</Username><Timestamp>1374068902294</Timestamp><DateTime>Wed, 2013-07-17 09:48:22 EDT</DateTime></Topic><Msg>Not "Afronomics". It's the policies and the people that Obama fronts for such as George Soros and financial institutions like Goldman-Sachs.</Msg><Username>lewcor</Username><Timestamp>1374080235707</Timestamp><DateTime>Wed, 2013-07-17 12:57:15 EDT</DateTime><ThumbUp>0</ThumbUp><ThumbDown>0</ThumbDown><Sentiment/></Message><Message type="ReplyMessage"><Id>1374080311269-17</Id><Topic><Title>Health Plan Cost for New Yorkers Set to Fall 50% due to Obamacare</Title><Username>hydroponicoctopus</Username><Timestamp>1374071511689</Timestamp><DateTime>Wed, 2013-07-17 10:31:51 EDT</DateTime></Topic><Msg>Funny, my costs were INCREASED by 20% about 3 months ago.</Msg><Username>lewcor</Username><Timestamp>1374080311269</Timestamp><DateTime>Wed, 2013-07-17 12:58:31 EDT</DateTime><ThumbUp>0</ThumbUp><ThumbDown>1</ThumbDown><Sentiment/></Message><Message type="ReplyMessage"><Id>1374080482316-18</Id><Topic><Title>the justice system seems to be the enemy of blacks</Title><Username>manceridermunce</Username><Timestamp>1374069823265</Timestamp><DateTime>Wed, 2013-07-17 10:03:43 EDT</DateTime></Topic><Msg>How many Blacks have priors vis-a-vis Whites? Might have something to do with it. Plus, the attitude in court.</Msg><Username>lewcor</Username><Timestamp>1374080482316</Timestamp><DateTime>Wed, 2013-07-17 13:01:22 EDT</DateTime><ThumbUp>0</ThumbUp><ThumbDown>0</ThumbDown><Sentiment/></Message><Message type="ReplyMessage"><Id>1374080659904-19</Id><Topic><Title>Even Jimmy Carter Believes The Zimmerman Verdict Was The Right One!</Title><Username>moveon_moveoutnow</Username><Timestamp>1374074066435</Timestamp><DateTime>Wed, 2013-07-17 11:14:26 EDT</DateTime></Topic><Msg>Will wonders never cease. Jimmy "Peanut" Carter on the right side of an issue. I always thought his brother Billy was the smart one in the family. Wish I had bought a case of "Billy Beer". It sells for a good price now.</Msg><Username>lewcor</Username><Timestamp>1374080659904</Timestamp><DateTime>Wed, 2013-07-17 13:04:19 EDT</DateTime><ThumbUp>1</ThumbUp><ThumbDown>1</ThumbDown><Sentiment/></Message><Message type="ReplyMessage"><Id>1374080926552-20</Id><Topic><Title>AFronomics is a failure</Title><Username>crombola19040</Username><Timestamp>1374078671809</Timestamp><DateTime>Wed, 2013-07-17 12:31:11 EDT</DateTime></Topic><Msg>The answer is never have been, never will be. But remember all their unfortunate circumstances are the fault of rich whites. Every black who has had that pounded into their skulls believe they are owed a free ride. Most don't take the opportunities available to everybody. Some do quite well. Michelle Obama gave a speech wherein she demonized the rich at some political event, wearing a $4000. dress, $1900 earrings, $500 for hairdo and $500 for facial and makeup.</Msg><Username>passthebuckaroo</Username><Timestamp>1374080926552</Timestamp><DateTime>Wed, 2013-07-17 13:08:46 EDT</DateTime><ThumbUp>0</ThumbUp><ThumbDown>0</ThumbDown><Sentiment/></Message><Message type="ReplyMessage"><Id>1374081697909-21</Id><Topic><Title>Even Jimmy Carter Believes The Zimmerman Verdict Was The Right One!</Title><Username>moveon_moveoutnow</Username><Timestamp>1374074066435</Timestamp><DateTime>Wed, 2013-07-17 11:14:26 EDT</DateTime></Topic><Msg>Won,t take long for the left to trash carter.</Msg><Username>seeburgc</Username><Timestamp>1374081697909</Timestamp><DateTime>Wed, 2013-07-17 13:21:37 EDT</DateTime><ThumbUp>1</ThumbUp><ThumbDown>1</ThumbDown><Sentiment/></Message><Message type="TopicMessage"><Id>1374083723761-22</Id><Title>More from Rachel jentel</Title><Msg>Admits trayvon whooped #$%$ on Zimmerman. She said that to piers Morgan in addition Ito telling him she feared zimmermanI'm was a gay rapist. It means she admits travon was the aggressor. She tells the truth though I doubt she realizes it.</Msg><Username>seeburgc</Username><Timestamp>1374083723761</Timestamp><DateTime>Wed, 2013-07-17 13:55:23 EDT</DateTime><ThumbUp>0</ThumbUp><ThumbDown>0</ThumbDown><Sentiment/></Message><Message type="TopicMessage"><Id>1374083747300-23</Id><Title>everyone should be well behaved</Title><Msg>you know, don't be loud in a restaurant or throw things at a movie screen.</Msg><Username>suitcase8858</Username><Timestamp>1374083747300</Timestamp><DateTime>Wed, 2013-07-17 13:55:47 EDT</DateTime><ThumbUp>0</ThumbUp><ThumbDown>0</ThumbDown><Sentiment/></Message><Message type="TopicMessage"><Id>1374084009394-24</Id><Title>Carter said that the prosecution blew it "inadvertently" by not going for manslaugher in the first place</Title><Msg>Prosecution was wrong to go for murder. It was manslaughter and that is what they should have focused on. Carter says as much. "I think the jury made the right decision based on the evidence presented because the prosecution inadvertently set the standard so high that the jury had to be convinced that it was a deliberate act by Zimmerman and that he was not at all defending himself," Carter said. "It's not a moral question," he continued, "it was a legal question and the American law requires that the jury listens to the evidence presente</Msg><Username>manceridermunce</Username><Timestamp>1374084009394</Timestamp><DateTime>Wed, 2013-07-17 14:00:09 EDT</DateTime><ThumbUp>1</ThumbUp><ThumbDown>12</ThumbDown><Sentiment/></Message><Message type="ReplyMessage"><Id>1374084221733-25</Id><Topic><Title>Health Plan Cost for New Yorkers Set to Fall 50% due to Obamacare</Title><Username>hydroponicoctopus</Username><Timestamp>1374071511689</Timestamp><DateTime>Wed, 2013-07-17 10:31:51 EDT</DateTime></Topic><Msg>funny, you are a geezer on medicare and the ACA hasn't even started yet.</Msg><Username>hydroponicoctopus</Username><Timestamp>1374084221733</Timestamp><DateTime>Wed, 2013-07-17 14:03:41 EDT</DateTime><ThumbUp>2</ThumbUp><ThumbDown>3</ThumbDown><Sentiment/></Message><Message type="TopicMessage"><Id>1374085727845-26</Id><Title>Obama Says "The Jury Has Spoken"! Right! Just Another Pile of BS...</Title><Msg>as he directs his UnJustice Department to F Over Zimmerman at every turn in the road, no matter the illegality and immorality of doing so!! These Pigs, Obama, Holder, Corey,, Sharpton, Jackson, Jealous and hundreds of Black &amp; White race-baiting shake-down artists, should all be behind bars! Obama, and his gang of Pigs, are a total disgrace to American Justice!</Msg><Username>ivleeg_garbage</Username><Timestamp>1374085727845</Timestamp><DateTime>Wed, 2013-07-17 14:28:47 EDT</DateTime><ThumbUp>1</ThumbUp><ThumbDown>0</ThumbDown><Sentiment/></Message><Message type="ReplyMessage"><Id>1374086030851-27</Id><Topic><Title>Even Jimmy Carter Believes The Zimmerman Verdict Was The Right One!</Title><Username>moveon_moveoutnow</Username><Timestamp>1374074066435</Timestamp><DateTime>Wed, 2013-07-17 11:14:26 EDT</DateTime></Topic><Msg>NAACP Rejects Black Conservatives From National Conference Katie Pavlich | Jul 17, 2013</Msg><Username>hillary_is_sewage</Username><Timestamp>1374086030851</Timestamp><DateTime>Wed, 2013-07-17 14:33:50 EDT</DateTime><ThumbUp>2</ThumbUp><ThumbDown>0</ThumbDown><Sentiment/></Message><Message type="TopicMessage"><Id>1374086592960-28</Id><Title>Repubs say OJ Jury was wrong but Zim jury right......</Title><Msg>Funny. Ya been listening to some of these dumb jurrors? I like the one who calls ZIM,....GEORGE amd says no racism was involved in the murder.</Msg><Username>dropkickpubs4321</Username><Timestamp>1374086592960</Timestamp><DateTime>Wed, 2013-07-17 14:43:12 EDT</DateTime><ThumbUp>1</ThumbUp><ThumbDown>2</ThumbDown><Sentiment/></Message><Message type="TopicMessage"><Id>1374086649162-29</Id><Title>Ya don't need NRA Stand Your Ground laws</Title><Msg>At least not here in Fl. repub stand ground laws allows murder.</Msg><Username>dropkickpubs4321</Username><Timestamp>1374086649162</Timestamp><DateTime>Wed, 2013-07-17 14:44:09 EDT</DateTime><ThumbUp>1</ThumbUp><ThumbDown>2</ThumbDown><Sentiment/></Message><Message type="TopicMessage"><Id>1374087529892-30</Id><Title>ACTUALLY Carter said the prosicution sucked!</Title><Msg>He didn't say Zim ISN'T a murderer.....which he is of course. A PUNK MURDERER who NEVER should have had a gun considering his past and his present.</Msg><Username>dropkickpubs4321</Username><Timestamp>1374087529892</Timestamp><DateTime>Wed, 2013-07-17 14:58:49 EDT</DateTime><ThumbUp>0</ThumbUp><ThumbDown>2</ThumbDown><Sentiment/></Message><Message type="TopicMessage"><Id>1374087600301-31</Id><Title>Have you repubs heard what Zim had on his fbook page? O Meara confirmed it.........Zim a racist.</Title><Msg>But worse...he's a punk corpiss like murderer.</Msg><Username>dropkickpubs4321</Username><Timestamp>1374087600301</Timestamp><DateTime>Wed, 2013-07-17 15:00:00 EDT</DateTime><ThumbUp>0</ThumbUp><ThumbDown>2</ThumbDown><Sentiment/></Message><Message type="TopicMessage"><Id>1374088171265-32</Id><Title>BTW repub supporters of murder..................</Title><Msg>Carter says jury did the right thing..I say they did the wrong thing and punk repubs say I wasn't on the jury..... was Carter on the jury? Nice dropkick pauper!</Msg><Username>dropkickpubs4321</Username><Timestamp>1374088171265</Timestamp><DateTime>Wed, 2013-07-17 15:09:31 EDT</DateTime><ThumbUp>0</ThumbUp><ThumbDown>3</ThumbDown><Sentiment/></Message><Message type="TopicMessage"><Id>1374088335477-33</Id><Title>.and another thing repubs......</Title><Msg>I could have done a better job at puttin punk Zim away than the prosecution. Repubs TRULY support murder so shut up about aborts and drones and all else too.</Msg><Username>dropkickpubs4321</Username><Timestamp>1374088335477</Timestamp><DateTime>Wed, 2013-07-17 15:12:15 EDT</DateTime><ThumbUp>0</ThumbUp><ThumbDown>2</ThumbDown><Sentiment/></Message><Message type="ReplyMessage"><Id>1374090755355-34</Id><Topic><Title>.and another thing repubs......</Title><Username>dropkickpubs4321</Username><Timestamp>1374088335477</Timestamp><DateTime>Wed, 2013-07-17 15:12:15 EDT</DateTime></Topic><Msg>Dems support murder. You look the other way at all your bros who commit thousands of murders each year. That is why Trayvon's parents wanted to move to a Republcian neighbohrood to avoid their criminal brothers.</Msg><Username>crombola19040</Username><Timestamp>1374090755355</Timestamp><DateTime>Wed, 2013-07-17 15:52:35 EDT</DateTime><ThumbUp>0</ThumbUp><ThumbDown>0</ThumbDown><Sentiment/></Message><Message type="TopicMessage"><Id>1374090791407-35</Id><Title>Now the bros can get back to killing each other.</Title><Msg>Blacks destroy schools and neighohroods.</Msg><Username>crombola19040</Username><Timestamp>1374090791407</Timestamp><DateTime>Wed, 2013-07-17 15:53:11 EDT</DateTime><ThumbUp>1</ThumbUp><ThumbDown>0</ThumbDown><Sentiment/></Message><Message type="ReplyMessage"><Id>1374091274612-36</Id><Topic><Title>Repubs say OJ Jury was wrong but Zim jury right......</Title><Username>dropkickpubs4321</Username><Timestamp>1374086592960</Timestamp><DateTime>Wed, 2013-07-17 14:43:12 EDT</DateTime></Topic><Msg>Squeal, Squeal!</Msg><Username>passthebuckaroo</Username><Timestamp>1374091274612</Timestamp><DateTime>Wed, 2013-07-17 16:01:14 EDT</DateTime><ThumbUp>1</ThumbUp><ThumbDown>0</ThumbDown><Sentiment/></Message><Message type="ReplyMessage"><Id>1374091318854-37</Id><Topic><Title>ACTUALLY Carter said the prosicution sucked!</Title><Username>dropkickpubs4321</Username><Timestamp>1374087529892</Timestamp><DateTime>Wed, 2013-07-17 14:58:49 EDT</DateTime></Topic><Msg>Squeal, Squeal!</Msg><Username>passthebuckaroo</Username><Timestamp>1374091318854</Timestamp><DateTime>Wed, 2013-07-17 16:01:58 EDT</DateTime><ThumbUp>1</ThumbUp><ThumbDown>0</ThumbDown><Sentiment/></Message><Message type="ReplyMessage"><Id>1374091346721-38</Id><Topic><Title>Ya don't need NRA Stand Your Ground laws</Title><Username>dropkickpubs4321</Username><Timestamp>1374086649162</Timestamp><DateTime>Wed, 2013-07-17 14:44:09 EDT</DateTime></Topic><Msg>Squeal, Squeal!</Msg><Username>passthebuckaroo</Username><Timestamp>1374091346721</Timestamp><DateTime>Wed, 2013-07-17 16:02:26 EDT</DateTime><ThumbUp>1</ThumbUp><ThumbDown>0</ThumbDown><Sentiment/></Message><Message type="ReplyMessage"><Id>1374091406777-39</Id><Topic><Title>Have you repubs heard what Zim had on his fbook page? O Meara confirmed it.........Zim a racist.</Title><Username>dropkickpubs4321</Username><Timestamp>1374087600301</Timestamp><DateTime>Wed, 2013-07-17 15:00:00 EDT</DateTime></Topic><Msg>Squeal, Squeal!</Msg><Username>passthebuckaroo</Username><Timestamp>1374091406777</Timestamp><DateTime>Wed, 2013-07-17 16:03:26 EDT</DateTime><ThumbUp>1</ThumbUp><ThumbDown>0</ThumbDown><Sentiment/></Message><Message type="ReplyMessage"><Id>1374091470676-40</Id><Topic><Title>BTW repub supporters of murder..................</Title><Username>dropkickpubs4321</Username><Timestamp>1374088171265</Timestamp><DateTime>Wed, 2013-07-17 15:09:31 EDT</DateTime></Topic><Msg>Squeal Squeal</Msg><Username>passthebuckaroo</Username><Timestamp>1374091470676</Timestamp><DateTime>Wed, 2013-07-17 16:04:30 EDT</DateTime><ThumbUp>0</ThumbUp><ThumbDown>0</ThumbDown><Sentiment/></Message><Message type="ReplyMessage"><Id>1374093020307-41</Id><Topic><Title>BTW repub supporters of murder..................</Title><Username>dropkickpubs4321</Username><Timestamp>1374088171265</Timestamp><DateTime>Wed, 2013-07-17 15:09:31 EDT</DateTime></Topic><Msg>Ivy League professor of Religious Studies calls God a 'white racist' after Zimmerman verdict Last Updated: 11:54 AM, July 17, 2013 Posted: 11:34 AM, July 17, 2013 An Ivy League professor blogged after George Zimmerman was found not guilty of murdering Trayvon Martin that the verdict shows God is a “white racist” who stalks “young black men.” Anthea Butler, an associate professor at the University of Pennsylvania's Department of Religious Studies, made the unusual comments in a blog post released on Monday on ReligionDispatches.org, where she is a regular contributor. “God ain’t good all of the time. In fact, sometimes, God is not for us,” she wrote in the post. “As a black woman in an [sic] nation that has taken too many pains to remind me that I am not a white man, and am not capable of taking care of my reproductive rights, or my voting rights, I know that this American god ain’t my god. UNIVERSITY OF PENNSYLVANIA University of Pennsylvania religious studies professor Anthea Butler, who charged in her blog that God is a "racist." “As a matter of fact, I think he’s a white racist god with a problem. More importantly, he is carrying a gun and stalking young black men,” she added. Butler adds that Trayvon Martin’s killing was the result of racism that was influenced by Christianity.</Msg><Username>hillary_is_sewage</Username><Timestamp>1374093020307</Timestamp><DateTime>Wed, 2013-07-17 16:30:20 EDT</DateTime><ThumbUp>0</ThumbUp><ThumbDown>0</ThumbDown><Sentiment/></Message><Message type="TopicMessage"><Id>1374095290556-42</Id><Title>whites committed 7 million crimes, blacks committed 3 million crimes in 2009</Title><Msg>Arrests by Race, 2009 TOTAL 10,690,561 white 7,389,208 black 3,027,153 and some crimes were much more likely to be commited by whites , arson for instance whites did 75% of them, blacks did 23%.just about the same numbers for vandalism. all if a person is a victim of crime it is most likely a WHITE person did it, and whites did more than twice as many crimes as blacks. ◾In 2009, 69.1 percent of all individuals arrested were white, 28.3 percent were black, and 2.6 percent were of other races. ◾Of all juveniles (individuals under the age of 18) arrested in 2009 in the Nation, 65.9 percent were white, 31.3 percent were black, and 2.8 percent were of other races. ◾Nearly 70 percent (69.7) of all adults arrested in 2009 were white, 27.8 percent were black, and 2.5 percent were of other races. ◾White individuals were more often arrested for violent crimes than individuals of any other race, accounting for 58.7 percent of those arrests. ◾The percentages of adult white and black arrestees for murder were similar, with 49.6 percent being white, and 48.4 percent being black. ◾Black juveniles accounted for 51.6 percent of juvenile arrests for violent crimes. ◾For property crime, white juveniles accounted for 63.9 percent of juvenile arrestees. ◾Of juvenile arrestees charged with driving under the influence, most were white (92.0 percent). ◾White juveniles accounted for 76.7 percent of juveniles arrested for arson in 2009. Crime in the United States, 2009 U.S. Department of Justice — Federal Bureau of Investigation September 2010</Msg><Username>manceridermunce</Username><Timestamp>1374095290556</Timestamp><DateTime>Wed, 2013-07-17 17:08:10 EDT</DateTime><ThumbUp>1</ThumbUp><ThumbDown>14</ThumbDown><Sentiment/></Message><Message type="TopicMessage"><Id>1374099323750-43</Id><Title>Of course white mans god is racist. Otherwise racist white s would have found a different on</Title><Msg>No doubt.</Msg><Username>dropkickpubs4321</Username><Timestamp>1374099323750</Timestamp><DateTime>Wed, 2013-07-17 18:15:23 EDT</DateTime><ThumbUp>1</ThumbUp><ThumbDown>2</ThumbDown><Sentiment/></Message><Message type="TopicMessage"><Id>1374099839978-44</Id><Title>the nite of the murder</Title><Msg>Martin was just walking home w/o a gun</Msg><Username>dropkickpubs4321</Username><Timestamp>1374099839978</Timestamp><DateTime>Wed, 2013-07-17 18:23:59 EDT</DateTime><ThumbUp>1</ThumbUp><ThumbDown>3</ThumbDown><Sentiment/></Message><Message type="TopicMessage"><Id>1374100073915-45</Id><Title>The greatest thing about having a gun would be to PROTECT someone w/o a gun from someone WITH a gun like</Title><Msg>to use my gun to protect Martin from a MURDERER! THAT would be so great. Saving the decent persons life and getting rid of a bad person/ Except for the gun, Martin could have protected himself. But repubs don't believe in FAIR FIGHTS!</Msg><Username>dropkickpubs4321</Username><Timestamp>1374100073915</Timestamp><DateTime>Wed, 2013-07-17 18:27:53 EDT</DateTime><ThumbUp>0</ThumbUp><ThumbDown>2</ThumbDown><Sentiment/></Message><Message type="TopicMessage"><Id>1374100194279-46</Id><Title>If its a fair fight repubs RUN from it.</Title><Msg>No fair fights for repubs.</Msg><Username>dropkickpubs4321</Username><Timestamp>1374100194279</Timestamp><DateTime>Wed, 2013-07-17 18:29:54 EDT</DateTime><ThumbUp>0</ThumbUp><ThumbDown>2</ThumbDown><Sentiment/></Message><Message type="TopicMessage"><Id>1374100497267-47</Id><Title>there were a few breakin ins around Martins mothers house??? Any MURDERS?? NOPE just penny annie crime until Zim that is!</Title><Msg>Agains.,, Ida beat those defense atts/ I would have had them playing DEFENSE! And losing.</Msg><Username>dropkickpubs4321</Username><Timestamp>1374100497267</Timestamp><DateTime>Wed, 2013-07-17 18:34:57 EDT</DateTime><ThumbUp>1</ThumbUp><ThumbDown>3</ThumbDown><Sentiment/></Message><Message type="ReplyMessage"><Id>1374102595516-48</Id><Topic><Title>there were a few breakin ins around Martins mothers house??? Any MURDERS?? NOPE just penny annie crime until Zim that is!</Title><Username>dropkickpubs4321</Username><Timestamp>1374100497267</Timestamp><DateTime>Wed, 2013-07-17 18:34:57 EDT</DateTime></Topic><Msg>Zim might sue you for inferring he murdered someone. Be careful smart A-s. Anyone breaks in my house while I'm home they are leavibg in a hearse.</Msg><Username>lewcor</Username><Timestamp>1374102595516</Timestamp><DateTime>Wed, 2013-07-17 19:09:55 EDT</DateTime><ThumbUp>0</ThumbUp><ThumbDown>1</ThumbDown><Sentiment/></Message><Message type="ReplyMessage"><Id>1374102808697-49</Id><Topic><Title>the nite of the murder</Title><Username>dropkickpubs4321</Username><Timestamp>1374099839978</Timestamp><DateTime>Wed, 2013-07-17 18:23:59 EDT</DateTime></Topic><Msg>No, he turned around and assaulted a man. It's called "FelonyAssault". Gee, I wonder if someone can get hold of Zim and tell him you are calling him a murderer. That's grounds for a big lawsuit.</Msg><Username>lewcor</Username><Timestamp>1374102808697</Timestamp><DateTime>Wed, 2013-07-17 19:13:28 EDT</DateTime><ThumbUp>0</ThumbUp><ThumbDown>1</ThumbDown><Sentiment/></Message><Message type="ReplyMessage"><Id>1374102943899-50</Id><Topic><Title>Of course white mans god is racist. Otherwise racist white s would have found a different on</Title><Username>dropkickpubs4321</Username><Timestamp>1374099323750</Timestamp><DateTime>Wed, 2013-07-17 18:15:23 EDT</DateTime></Topic><Msg>You're close to the truth. More so than you know. You should look up the Dogon tribe of West Africa. They have some rather arcane knowledge. Read one of their prayers to the God of the universe. They know who and what He is.</Msg><Username>lewcor</Username><Timestamp>1374102943899</Timestamp><DateTime>Wed, 2013-07-17 19:15:43 EDT</DateTime><ThumbUp>0</ThumbUp><ThumbDown>1</ThumbDown><Sentiment/></Message><Message type="TopicMessage"><Id>1374106890535-51</Id><Title>WE should send all the blacks back to AFrica.</Title><Msg>THey contribute nothing to society.</Msg><Username>crombola19040</Username><Timestamp>1374106890535</Timestamp><DateTime>Wed, 2013-07-17 20:21:30 EDT</DateTime><ThumbUp>2</ThumbUp><ThumbDown>1</ThumbDown><Sentiment/></Message><Message type="ReplyMessage"><Id>1374109793517-52</Id><Topic><Title>WE should send all the blacks back to AFrica.</Title><Username>crombola19040</Username><Timestamp>1374106890535</Timestamp><DateTime>Wed, 2013-07-17 20:21:30 EDT</DateTime></Topic><Msg>Not all of them, We'll keep Bill Cosby and Dr. Ben Carson. Eric Holder should be the first to go. Has to be the dumbest Afro since Mike Tyson. The goon knows nothing about the constitution for which he's supposed to withhold. He's a point man for Obama and a lousy one at that. Fast and Furious, DOJ spying and now engaging in a Civil Rights matter that has no preponderance for pursuing. More idiots in this administration than Obama golf games.</Msg><Username>passthebuckaroo</Username><Timestamp>1374109793517</Timestamp><DateTime>Wed, 2013-07-17 21:09:53 EDT</DateTime><ThumbUp>0</ThumbUp><ThumbDown>1</ThumbDown><Sentiment/></Message><Message type="TopicMessage"><Id>1374116701039-53</Id><Title>The Black Caucus Are Going To Be Very Disappointed</Title><Msg>These goons, and mostly the women, are so enraged about the verdict they are pressuring to keep this a racial issue by claiming a Civil Rights violation. If that were the case, the prosecutor would have labeled it a hate crime. There was no inference to that and Holder will not have a case based on witness testimony, just like the first trial. Let them go for it and look like fools when they find out they can't just arrange the blame or motive to suit their position. If Trayvon were white, the case would be over and done.</Msg><Username>passthebuckaroo</Username><Timestamp>1374116701039</Timestamp><DateTime>Wed, 2013-07-17 23:05:01 EDT</DateTime><ThumbUp>1</ThumbUp><ThumbDown>1</ThumbDown><Sentiment/></Message></Date>