<?xml version="1.0" encoding="UTF-8" standalone="no"?><Date date="2013-06-21"><Message type="ReplyMessage"><Id>1371787445745-1</Id><Topic><Title>How high do you think orcle will go?</Title><Username>dmrj697</Username><Timestamp>1371606359949</Timestamp><DateTime>Tue, 2013-06-18 21:45:59 EDT</DateTime></Topic><Msg>yes i know.........to 37.00 next friday, great guidance, great quarter, nice to be a NYSE stock and cool to be a MSFT close friend from next monday!</Msg><Username>spanishbee</Username><Timestamp>1371787445745</Timestamp><DateTime>Fri, 2013-06-21 00:04:05 EDT</DateTime><ThumbUp>0</ThumbUp><ThumbDown>0</ThumbDown><Sentiment/></Message><Message type="ReplyMessage"><Id>1371789675346-2</Id><Topic><Title>Bought 3000 shares at $32.09 and love it</Title><Username>ght342w</Username><Timestamp>1371767337710</Timestamp><DateTime>Thu, 2013-06-20 18:28:57 EDT</DateTime></Topic><Msg>I think you meant the democrats</Msg><Username>casefukedmillionzzzzzzz</Username><Timestamp>1371789675346</Timestamp><DateTime>Fri, 2013-06-21 00:41:15 EDT</DateTime><ThumbUp>0</ThumbUp><ThumbDown>0</ThumbDown><Sentiment/></Message><Message type="TopicMessage"><Id>1371790655835-3</Id><Title>Ellison's future</Title><Msg>Saleforce buyout coming in the next two weeks for $30-$33 a share. Ellison steps down from day-to-day operations as CEO, but shall remain a board member of the combined company. Ellison also will promote Marc Benioff to CEO to run the combined company. These are strong rumors flying around the valley.</Msg><Username>eurotyle</Username><Timestamp>1371790655835</Timestamp><DateTime>Fri, 2013-06-21 00:57:35 EDT</DateTime><ThumbUp>1</ThumbUp><ThumbDown>1</ThumbDown><Sentiment>Hold</Sentiment></Message><Message type="ReplyMessage"><Id>1371790861849-4</Id><Topic><Title>Bought 3000 shares at $32.09 and love it</Title><Username>ght342w</Username><Timestamp>1371767337710</Timestamp><DateTime>Thu, 2013-06-20 18:28:57 EDT</DateTime></Topic><Msg>You will get to buy even more at $30.00 tomorrow. Aren't you excited?</Msg><Username>abatulis</Username><Timestamp>1371790861849</Timestamp><DateTime>Fri, 2013-06-21 01:01:01 EDT</DateTime><ThumbUp>0</ThumbUp><ThumbDown>0</ThumbDown><Sentiment/></Message><Message type="TopicMessage"><Id>1371791813985-5</Id><Title>HEAVY LOW-VOLUME AFTERHOURS MANIPULATION IS NOT GOING TO PERSUADE ANYONE TO SELL!</Title><Msg>Logic will dictate a buy-all-you-can attitude in the morning!</Msg><Username>ordininid</Username><Timestamp>1371791813985</Timestamp><DateTime>Fri, 2013-06-21 01:16:53 EDT</DateTime><ThumbUp>1</ThumbUp><ThumbDown>2</ThumbDown><Sentiment/></Message><Message type="TopicMessage"><Id>1371810213123-6</Id><Title>buy all you can here -- 30 is bottom</Title><Msg>will close at 33 today -- buy and hold</Msg><Username>winston10024</Username><Timestamp>1371810213123</Timestamp><DateTime>Fri, 2013-06-21 06:23:33 EDT</DateTime><ThumbUp>0</ThumbUp><ThumbDown>0</ThumbDown><Sentiment>Strong Buy</Sentiment></Message><Message type="TopicMessage"><Id>1371812769636-7</Id><Title>Scotty</Title><Msg>Captain to Scotty Scotty, I need more power, engage the pumptard drive.....Captain, its all used up, start peddling.</Msg><Username>misterreality14</Username><Timestamp>1371812769636</Timestamp><DateTime>Fri, 2013-06-21 07:06:09 EDT</DateTime><ThumbUp>0</ThumbUp><ThumbDown>0</ThumbDown><Sentiment/></Message><Message type="TopicMessage"><Id>1371817231051-8</Id><Title>Beautiful Opportunity with ORCL</Title><Msg>I bought 9000 @ 30.79 and I love it! Way over sold.... Market down big pulled ORCL down too far... No reason for this big of a downturn... Fear is overblown... FWIW</Msg><Username>bullwind</Username><Timestamp>1371817231051</Timestamp><DateTime>Fri, 2013-06-21 08:20:31 EDT</DateTime><ThumbUp>0</ThumbUp><ThumbDown>0</ThumbDown><Sentiment>Strong Buy</Sentiment></Message><Message type="TopicMessage"><Id>1371818366680-9</Id><Title>May it go the same way</Title><Msg>as HPQ, to $ 11 ?</Msg><Username>dorianmaro</Username><Timestamp>1371818366680</Timestamp><DateTime>Fri, 2013-06-21 08:39:26 EDT</DateTime><ThumbUp>0</ThumbUp><ThumbDown>0</ThumbDown><Sentiment/></Message><Message type="ReplyMessage"><Id>1371818413155-10</Id><Topic><Title>Ellison's future</Title><Username>eurotyle</Username><Timestamp>1371790655835</Timestamp><DateTime>Fri, 2013-06-21 00:57:35 EDT</DateTime></Topic><Msg>Salesforce buying out Oracle? Good luck.</Msg><Username>onemanshillshow</Username><Timestamp>1371818413155</Timestamp><DateTime>Fri, 2013-06-21 08:40:13 EDT</DateTime><ThumbUp>2</ThumbUp><ThumbDown>0</ThumbDown><Sentiment/></Message><Message type="TopicMessage"><Id>1371820133219-11</Id><Title>all this ORCL talk</Title><Msg>what's up with all the chat on ORCL? This is a politics board. C'mon all, let's take it back!</Msg><Username>seeburgc</Username><Timestamp>1371820133219</Timestamp><DateTime>Fri, 2013-06-21 09:08:53 EDT</DateTime><ThumbUp>0</ThumbUp><ThumbDown>0</ThumbDown><Sentiment/></Message><Message type="ReplyMessage"><Id>1371821131920-12</Id><Topic><Title>Beautiful Opportunity with ORCL</Title><Username>bullwind</Username><Timestamp>1371817231051</Timestamp><DateTime>Fri, 2013-06-21 08:20:31 EDT</DateTime></Topic><Msg>"way oversold". Since when?</Msg><Username>francis_sidney2000</Username><Timestamp>1371821131920</Timestamp><DateTime>Fri, 2013-06-21 09:25:31 EDT</DateTime><ThumbUp>0</ThumbUp><ThumbDown>0</ThumbDown><Sentiment/></Message><Message type="ReplyMessage"><Id>1371821193790-13</Id><Topic><Title>Dividend</Title><Username>jld2734</Username><Timestamp>1371780837542</Timestamp><DateTime>Thu, 2013-06-20 22:13:57 EDT</DateTime></Topic><Msg>and more buybacks too... LEt's keep our fingers crossed</Msg><Username>quiktripper</Username><Timestamp>1371821193790</Timestamp><DateTime>Fri, 2013-06-21 09:26:33 EDT</DateTime><ThumbUp>0</ThumbUp><ThumbDown>0</ThumbDown><Sentiment/></Message><Message type="ReplyMessage"><Id>1371821196255-14</Id><Topic><Title>Beautiful Opportunity with ORCL</Title><Username>bullwind</Username><Timestamp>1371817231051</Timestamp><DateTime>Fri, 2013-06-21 08:20:31 EDT</DateTime></Topic><Msg>actually your right. I was looking at the wrong chart</Msg><Username>francis_sidney2000</Username><Timestamp>1371821196255</Timestamp><DateTime>Fri, 2013-06-21 09:26:36 EDT</DateTime><ThumbUp>0</ThumbUp><ThumbDown>0</ThumbDown><Sentiment/></Message><Message type="TopicMessage"><Id>1371821312241-15</Id><Title>Morgan Stanley maintains OVERWEIGHT with $36 target</Title><Msg>That says it all!</Msg><Username>bet012good</Username><Timestamp>1371821312241</Timestamp><DateTime>Fri, 2013-06-21 09:28:32 EDT</DateTime><ThumbUp>0</ThumbUp><ThumbDown>0</ThumbDown><Sentiment/></Message><Message type="ReplyMessage"><Id>1371821816927-16</Id><Topic><Title>Ellison's future</Title><Username>eurotyle</Username><Timestamp>1371790655835</Timestamp><DateTime>Fri, 2013-06-21 00:57:35 EDT</DateTime></Topic><Msg>Other way around. Oracle buying Salesforce.</Msg><Username>majorsubs</Username><Timestamp>1371821816927</Timestamp><DateTime>Fri, 2013-06-21 09:36:56 EDT</DateTime><ThumbUp>1</ThumbUp><ThumbDown>0</ThumbDown><Sentiment/></Message><Message type="TopicMessage"><Id>1371822013976-17</Id><Title>there is a glitch in the system...</Title><Msg>50 million qid in oneday........................................................koby 1995.........you shook</Msg><Username>boldchris</Username><Timestamp>1371822013976</Timestamp><DateTime>Fri, 2013-06-21 09:40:13 EDT</DateTime><ThumbUp>0</ThumbUp><ThumbDown>1</ThumbDown><Sentiment/></Message><Message type="ReplyMessage"><Id>1371822116786-18</Id><Topic><Title>Ellison's future</Title><Username>eurotyle</Username><Timestamp>1371790655835</Timestamp><DateTime>Fri, 2013-06-21 00:57:35 EDT</DateTime></Topic><Msg>LOL. Salesforce buying Oracle? LOLOL. Oracle's market cap is 7 times larger than Sales Force. LOLOL</Msg><Username>m_cleveland101</Username><Timestamp>1371822116786</Timestamp><DateTime>Fri, 2013-06-21 09:41:56 EDT</DateTime><ThumbUp>2</ThumbUp><ThumbDown>0</ThumbDown><Sentiment/></Message><Message type="TopicMessage"><Id>1371822127748-19</Id><Title>Bought small position 30.60</Title><Msg>Yeah I know I am already down some, but will see by the end of the day. Will keep a tight stop loss on this. See what the BIG announcement is next week.</Msg><Username>billsilva45</Username><Timestamp>1371822127748</Timestamp><DateTime>Fri, 2013-06-21 09:42:07 EDT</DateTime><ThumbUp>0</ThumbUp><ThumbDown>0</ThumbDown><Sentiment/></Message><Message type="TopicMessage"><Id>1371822171425-20</Id><Title>Also got back into AKAM</Title><Msg>Try to get a run back to $46-$48</Msg><Username>billsilva45</Username><Timestamp>1371822171425</Timestamp><DateTime>Fri, 2013-06-21 09:42:51 EDT</DateTime><ThumbUp>0</ThumbUp><ThumbDown>0</ThumbDown><Sentiment/></Message><Message type="TopicMessage"><Id>1371822263772-21</Id><Title>Oracle's move to NYSE the biggest ever! A coupe for NYSE!</Title><Msg>Nice!</Msg><Username>generatee1</Username><Timestamp>1371822263772</Timestamp><DateTime>Fri, 2013-06-21 09:44:23 EDT</DateTime><ThumbUp>0</ThumbUp><ThumbDown>0</ThumbDown><Sentiment/></Message><Message type="TopicMessage"><Id>1371822774202-22</Id><Title>OK I am in 2000 shares at 30.18</Title><Msg>It maybe a tad bit too early but I am OK holding here. I wish all of you longs and all of you shorts well. Don't forget it is all about making money. Go both ways.</Msg><Username>gimmeecollegedegree</Username><Timestamp>1371822774202</Timestamp><DateTime>Fri, 2013-06-21 09:52:54 EDT</DateTime><ThumbUp>0</ThumbUp><ThumbDown>1</ThumbDown><Sentiment/></Message><Message type="TopicMessage"><Id>1371823658997-23</Id><Title>looks like a fleecing</Title><Msg>We will see by next week . The numbers were not that bad. Testing the fear tolerance of the little guys. IMO this should be down but not to this extreme. Either cost average down or wait for next week . Triple witching today and the option players will drive this today. My 2c good luck all</Msg><Username>bullbearpig1</Username><Timestamp>1371823658997</Timestamp><DateTime>Fri, 2013-06-21 10:07:38 EDT</DateTime><ThumbUp>0</ThumbUp><ThumbDown>0</ThumbDown><Sentiment/></Message><Message type="TopicMessage"><Id>1371823705241-24</Id><Title>IN: 5000 shares at $30.87</Title><Msg>Will see $32 sometime today.</Msg><Username>stockpikkerre</Username><Timestamp>1371823705241</Timestamp><DateTime>Fri, 2013-06-21 10:08:25 EDT</DateTime><ThumbUp>0</ThumbUp><ThumbDown>0</ThumbDown><Sentiment/></Message><Message type="ReplyMessage"><Id>1371823775388-25</Id><Topic><Title>looks like a fleecing</Title><Username>bullbearpig1</Username><Timestamp>1371823658997</Timestamp><DateTime>Fri, 2013-06-21 10:07:38 EDT</DateTime></Topic><Msg>One mans fleecing is another mans entry. Now hope this was the right entry.</Msg><Username>billsilva45</Username><Timestamp>1371823775388</Timestamp><DateTime>Fri, 2013-06-21 10:09:35 EDT</DateTime><ThumbUp>0</ThumbUp><ThumbDown>0</ThumbDown><Sentiment/></Message><Message type="TopicMessage"><Id>1371823934558-26</Id><Title>ORCL TOOK ALL THE PUNCHES ND STOOD TALL! NOW IT'S GOING UP FAST AND FURIOUS!</Title><Msg>$36 coming!</Msg><Username>investorgenerale</Username><Timestamp>1371823934558</Timestamp><DateTime>Fri, 2013-06-21 10:12:14 EDT</DateTime><ThumbUp>1</ThumbUp><ThumbDown>0</ThumbDown><Sentiment/></Message><Message type="ReplyMessage"><Id>1371824013908-27</Id><Topic><Title>OK I am in 2000 shares at 30.18</Title><Username>gimmeecollegedegree</Username><Timestamp>1371822774202</Timestamp><DateTime>Fri, 2013-06-21 09:52:54 EDT</DateTime></Topic><Msg>Climb that wall of worry</Msg><Username>gimmeecollegedegree</Username><Timestamp>1371824013908</Timestamp><DateTime>Fri, 2013-06-21 10:13:33 EDT</DateTime><ThumbUp>0</ThumbUp><ThumbDown>1</ThumbDown><Sentiment/></Message><Message type="TopicMessage"><Id>1371824168053-28</Id><Title>in AH yesterday - 3200 shares 31.67 avg</Title><Msg>go ORCLE!!!!!!</Msg><Username>bns891</Username><Timestamp>1371824168053</Timestamp><DateTime>Fri, 2013-06-21 10:16:08 EDT</DateTime><ThumbUp>0</ThumbUp><ThumbDown>0</ThumbDown><Sentiment/></Message><Message type="ReplyMessage"><Id>1371824174085-29</Id><Topic><Title>ORCL TOOK ALL THE PUNCHES ND STOOD TALL! NOW IT'S GOING UP FAST AND FURIOUS!</Title><Username>investorgenerale</Username><Timestamp>1371823934558</Timestamp><DateTime>Fri, 2013-06-21 10:12:14 EDT</DateTime></Topic><Msg>how is a 9% drop "standing tall" ? More like flat on its bum</Msg><Username>bigbluerawks</Username><Timestamp>1371824174085</Timestamp><DateTime>Fri, 2013-06-21 10:16:14 EDT</DateTime><ThumbUp>0</ThumbUp><ThumbDown>1</ThumbDown><Sentiment/></Message><Message type="ReplyMessage"><Id>1371824246671-30</Id><Topic><Title>ORCL TOOK ALL THE PUNCHES ND STOOD TALL! NOW IT'S GOING UP FAST AND FURIOUS!</Title><Username>investorgenerale</Username><Timestamp>1371823934558</Timestamp><DateTime>Fri, 2013-06-21 10:12:14 EDT</DateTime></Topic><Msg>count your chickens at the end. this is going to $35 next week.</Msg><Username>investorgenerale</Username><Timestamp>1371824246671</Timestamp><DateTime>Fri, 2013-06-21 10:17:26 EDT</DateTime><ThumbUp>0</ThumbUp><ThumbDown>0</ThumbDown><Sentiment/></Message><Message type="TopicMessage"><Id>1371824255593-31</Id><Title>WILL IT BREAK 30?</Title><Msg>lots of buys in as per fast money guy, buy with a stop at 29.50. I feel mkt. sell-off not done yet.</Msg><Username>acfixer321</Username><Timestamp>1371824255593</Timestamp><DateTime>Fri, 2013-06-21 10:17:35 EDT</DateTime><ThumbUp>1</ThumbUp><ThumbDown>0</ThumbDown><Sentiment/></Message><Message type="TopicMessage"><Id>1371824385115-32</Id><Title>WILL IT BREAK $33 TODAY?</Title><Msg>YES!</Msg><Username>gfasrd190</Username><Timestamp>1371824385115</Timestamp><DateTime>Fri, 2013-06-21 10:19:45 EDT</DateTime><ThumbUp>1</ThumbUp><ThumbDown>0</ThumbDown><Sentiment/></Message><Message type="TopicMessage"><Id>1371825099631-33</Id><Title>Idiots</Title><Msg>They "miss" by 1% (and even that is assuming the $11 billion target wasn't just rounded off) and everyone sells? More proof that 95% of investors are irrational and stupid.</Msg><Username>ababababaabbbabababba</Username><Timestamp>1371825099631</Timestamp><DateTime>Fri, 2013-06-21 10:31:39 EDT</DateTime><ThumbUp>1</ThumbUp><ThumbDown>0</ThumbDown><Sentiment>Buy</Sentiment></Message><Message type="TopicMessage"><Id>1371825169754-34</Id><Title>Everyone is trying to bash this stock today while loading up their own truck with ORCL shares!!!</Title><Msg>crooks!</Msg><Username>stockpikkerre</Username><Timestamp>1371825169754</Timestamp><DateTime>Fri, 2013-06-21 10:32:49 EDT</DateTime><ThumbUp>0</ThumbUp><ThumbDown>0</ThumbDown><Sentiment/></Message><Message type="TopicMessage"><Id>1371825345164-35</Id><Title>* CALI * HALTED WILL OPEN $5</Title><Msg>TODAYS BEST IS CALI,,,,,,,,,</Msg><Username>pepito183</Username><Timestamp>1371825345164</Timestamp><DateTime>Fri, 2013-06-21 10:35:45 EDT</DateTime><ThumbUp>0</ThumbUp><ThumbDown>0</ThumbDown><Sentiment>Strong Buy</Sentiment></Message><Message type="TopicMessage"><Id>1371825412889-36</Id><Title>ORCL Dividend</Title><Msg>Whene is the next dividend payment date for ORCL and it's associated ex-dividend date? thanks much !</Msg><Username>ohiobengalfan</Username><Timestamp>1371825412889</Timestamp><DateTime>Fri, 2013-06-21 10:36:52 EDT</DateTime><ThumbUp>0</ThumbUp><ThumbDown>0</ThumbDown><Sentiment/></Message><Message type="TopicMessage"><Id>1371826223995-37</Id><Title>Thanks Larry!</Title><Msg>Nothing like a big tech company miss to #$%$ up a reversal today!</Msg><Username>whoozyurdaddi</Username><Timestamp>1371826223995</Timestamp><DateTime>Fri, 2013-06-21 10:50:23 EDT</DateTime><ThumbUp>0</ThumbUp><ThumbDown>0</ThumbDown><Sentiment/></Message><Message type="TopicMessage"><Id>1371827036219-38</Id><Title>ORCL has now missed the last 2 NOT GOOD and Larry said last time that would not happen again, NOT GOOD LARRY</Title><Msg>ORCL has now missed the last 2 NOT GOOD and Larry said last time that would not happen again, NOT GOOD LARRY</Msg><Username>coinmaker77</Username><Timestamp>1371827036219</Timestamp><DateTime>Fri, 2013-06-21 11:03:56 EDT</DateTime><ThumbUp>1</ThumbUp><ThumbDown>0</ThumbDown><Sentiment/></Message><Message type="ReplyMessage"><Id>1371827117698-39</Id><Topic><Title>ORCL has now missed the last 2 NOT GOOD and Larry said last time that would not happen again, NOT GOOD LARRY</Title><Username>coinmaker77</Username><Timestamp>1371827036219</Timestamp><DateTime>Fri, 2013-06-21 11:03:56 EDT</DateTime></Topic><Msg>REALLY NOT GOOD LARRY</Msg><Username>coinmaker77</Username><Timestamp>1371827117698</Timestamp><DateTime>Fri, 2013-06-21 11:05:17 EDT</DateTime><ThumbUp>1</ThumbUp><ThumbDown>0</ThumbDown><Sentiment/></Message><Message type="TopicMessage"><Id>1371827230838-40</Id><Title>ORCL IS STANDING TALL TODAY! TOO MANY BASHERS TODAY! GOOD TIME TO LOAD UP FOR NEXT WEEK'S RUN-UP!</Title><Msg>Opportunity knocks!!!</Msg><Username>generatee1</Username><Timestamp>1371827230838</Timestamp><DateTime>Fri, 2013-06-21 11:07:10 EDT</DateTime><ThumbUp>0</ThumbUp><ThumbDown>0</ThumbDown><Sentiment/></Message><Message type="ReplyMessage"><Id>1371827525067-41</Id><Topic><Title>Ellison's future</Title><Username>eurotyle</Username><Timestamp>1371790655835</Timestamp><DateTime>Fri, 2013-06-21 00:57:35 EDT</DateTime></Topic><Msg>I actually think the odds are decent that Oracle will buy SalesForce in due time, at an optimal price. Oracle still has great cash flow &amp; balance sheets. It's technology underpins the cloud. And keep in mind, Oracle still grew revenue, although not as much as Wall Street expected. This is hardly a disaster. SalesForce on the other hand makes no money. It's a matter of time before Wall Street normalizes this. When it does, I expect Larry to press hard in perhaps acquiring SalesForce. Larry has weathered a lot of change. Odds are he will again in this so called cloud revolution. I've been an "enemy" of Oracle professionally since the 90s. But I give credit where credit is due. Oracle is still a great technology company with great business fundamentals. I've learned not to bet against their stock. Just my 2 cents.</Msg><Username>banmate7</Username><Timestamp>1371827525067</Timestamp><DateTime>Fri, 2013-06-21 11:12:05 EDT</DateTime><ThumbUp>2</ThumbUp><ThumbDown>0</ThumbDown><Sentiment/></Message><Message type="TopicMessage"><Id>1371827566919-42</Id><Title>CNBC IS FUNNY! EVERY TIME ORCL IS TRYING TO MAKE A RUN THEY BASH IT ON TV! THEIR TIMING IS IMPECCABLE! LMAO!</Title><Msg>They are loading up the shares while bashing at the same time. They want cheap shares. Time is running out on them.</Msg><Username>stockpikkerre</Username><Timestamp>1371827566919</Timestamp><DateTime>Fri, 2013-06-21 11:12:46 EDT</DateTime><ThumbUp>1</ThumbUp><ThumbDown>0</ThumbDown><Sentiment/></Message><Message type="ReplyMessage"><Id>1371828063377-43</Id><Topic><Title>Ellison's future</Title><Username>eurotyle</Username><Timestamp>1371790655835</Timestamp><DateTime>Fri, 2013-06-21 00:57:35 EDT</DateTime></Topic><Msg>Great analysis and I agree with you.</Msg><Username>john.witt99</Username><Timestamp>1371828063377</Timestamp><DateTime>Fri, 2013-06-21 11:21:03 EDT</DateTime><ThumbUp>1</ThumbUp><ThumbDown>0</ThumbDown><Sentiment>Strong Buy</Sentiment></Message><Message type="TopicMessage"><Id>1371828181647-44</Id><Title>lay upppppppppppppp</Title><Msg>upgrades to follow</Msg><Username>anton11267</Username><Timestamp>1371828181647</Timestamp><DateTime>Fri, 2013-06-21 11:23:01 EDT</DateTime><ThumbUp>1</ThumbUp><ThumbDown>1</ThumbDown><Sentiment/></Message><Message type="TopicMessage"><Id>1371828264928-45</Id><Title>ORCL</Title><Msg>Just who is this band of ORCL posters trying to take over the board? A myriad of ORCL postings just minutes apart. A deliberate attempt to talk about ORCL. We must act as a unit to reassert ourselves.</Msg><Username>seeburgc</Username><Timestamp>1371828264928</Timestamp><DateTime>Fri, 2013-06-21 11:24:24 EDT</DateTime><ThumbUp>0</ThumbUp><ThumbDown>0</ThumbDown><Sentiment/></Message><Message type="ReplyMessage"><Id>1371828325342-46</Id><Topic><Title>CNBC IS FUNNY! EVERY TIME ORCL IS TRYING TO MAKE A RUN THEY BASH IT ON TV! THEIR TIMING IS IMPECCABLE! LMAO!</Title><Username>stockpikkerre</Username><Timestamp>1371827566919</Timestamp><DateTime>Fri, 2013-06-21 11:12:46 EDT</DateTime></Topic><Msg>me LMAO too!!! The bashing will all be gone tomorrow. ORCL will be back huge next week!!!</Msg><Username>bns891</Username><Timestamp>1371828325342</Timestamp><DateTime>Fri, 2013-06-21 11:25:25 EDT</DateTime><ThumbUp>1</ThumbUp><ThumbDown>0</ThumbDown><Sentiment/></Message><Message type="TopicMessage"><Id>1371828516427-47</Id><Title>Did anyone else see what happened at NCR, HPQ and now starting at ORCL NOT GOOD Larry.</Title><Msg>Did anyone else see what happened at NCR, HPQ and now starting at ORCL NOT GOOD Larry.</Msg><Username>coinmaker77</Username><Timestamp>1371828516427</Timestamp><DateTime>Fri, 2013-06-21 11:28:36 EDT</DateTime><ThumbUp>0</ThumbUp><ThumbDown>0</ThumbDown><Sentiment/></Message><Message type="ReplyMessage"><Id>1371828873109-48</Id><Topic><Title>CNBC IS FUNNY! EVERY TIME ORCL IS TRYING TO MAKE A RUN THEY BASH IT ON TV! THEIR TIMING IS IMPECCABLE! LMAO!</Title><Username>stockpikkerre</Username><Timestamp>1371827566919</Timestamp><DateTime>Fri, 2013-06-21 11:12:46 EDT</DateTime></Topic><Msg>I thought I was the only one that noticed that ...THREE TIMES IN ROW, GET SOMEONE NEGATIVE AND OFF WE GO...YOU NOTICE that they are not bringing on anybody positive.....</Msg><Username>rahwearinc</Username><Timestamp>1371828873109</Timestamp><DateTime>Fri, 2013-06-21 11:34:33 EDT</DateTime><ThumbUp>2</ThumbUp><ThumbDown>0</ThumbDown><Sentiment/></Message><Message type="TopicMessage"><Id>1371829716990-49</Id><Title>Larry has an exhilarating announcement....</Title><Msg>Oracle just bought Segway....yipeeee.</Msg><Username>fattymcbutterpants2001</Username><Timestamp>1371829716990</Timestamp><DateTime>Fri, 2013-06-21 11:48:36 EDT</DateTime><ThumbUp>1</ThumbUp><ThumbDown>2</ThumbDown><Sentiment/></Message><Message type="TopicMessage"><Id>1371829758568-50</Id><Title>Crammer Said Sell with ORCL @ 30</Title><Msg>Usually he's wrong so now would be the time to buy for a short term trade. I currently I have no position and doubt that I'll take one but I'll occasionally make bets against Crammer picks when he bashes or recommends one of my stocks.</Msg><Username>axpkocop</Username><Timestamp>1371829758568</Timestamp><DateTime>Fri, 2013-06-21 11:49:18 EDT</DateTime><ThumbUp>1</ThumbUp><ThumbDown>1</ThumbDown><Sentiment/></Message><Message type="TopicMessage"><Id>1371829774933-51</Id><Title>In Ah 5000 at $ 31.69, out today $ 30. 54 . LOST $ 5600. IDIOT</Title><Msg>2 times idiot</Msg><Username>michael9mdva</Username><Timestamp>1371829774933</Timestamp><DateTime>Fri, 2013-06-21 11:49:34 EDT</DateTime><ThumbUp>0</ThumbUp><ThumbDown>0</ThumbDown><Sentiment/></Message><Message type="ReplyMessage"><Id>1371830632805-52</Id><Topic><Title>Crammer Said Sell with ORCL @ 30</Title><Username>axpkocop</Username><Timestamp>1371829758568</Timestamp><DateTime>Fri, 2013-06-21 11:49:18 EDT</DateTime></Topic><Msg>#$%$#K CRAMER...ITS THAT SIMPLE</Msg><Username>rahwearinc</Username><Timestamp>1371830632805</Timestamp><DateTime>Fri, 2013-06-21 12:03:52 EDT</DateTime><ThumbUp>0</ThumbUp><ThumbDown>0</ThumbDown><Sentiment/></Message><Message type="ReplyMessage"><Id>1371831601453-53</Id><Topic><Title>Did anyone else see what happened at NCR, HPQ and now starting at ORCL NOT GOOD Larry.</Title><Username>coinmaker77</Username><Timestamp>1371828516427</Timestamp><DateTime>Fri, 2013-06-21 11:28:36 EDT</DateTime></Topic><Msg>NOT GOOD Larry NCR crashed, HPQ crashed and now is the start of the ORCL crash what's in common?</Msg><Username>coinmaker77</Username><Timestamp>1371831601453</Timestamp><DateTime>Fri, 2013-06-21 12:20:01 EDT</DateTime><ThumbUp>1</ThumbUp><ThumbDown>0</ThumbDown><Sentiment/></Message><Message type="TopicMessage"><Id>1371832173127-54</Id><Title>ORCL always floats back up</Title><Msg>Whenever they miss (and this was a very close miss) ORCL always floats back up to where it was in about 70-80 days right before next earnings release. Look at last Q3.</Msg><Username>chandlermail</Username><Timestamp>1371832173127</Timestamp><DateTime>Fri, 2013-06-21 12:29:33 EDT</DateTime><ThumbUp>0</ThumbUp><ThumbDown>0</ThumbDown><Sentiment/></Message><Message type="TopicMessage"><Id>1371832856093-55</Id><Title>Tebow to play tight end...</Title><Msg>for NE Pats. How ironic is it that a set of bizarre circumstances may allow Tebow to start at tight end. Part of God's plan for him, right?</Msg><Username>seeburgc</Username><Timestamp>1371832856093</Timestamp><DateTime>Fri, 2013-06-21 12:40:56 EDT</DateTime><ThumbUp>0</ThumbUp><ThumbDown>0</ThumbDown><Sentiment/></Message><Message type="ReplyMessage"><Id>1371833510051-56</Id><Topic><Title>ORCL always floats back up</Title><Username>chandlermail</Username><Timestamp>1371832173127</Timestamp><DateTime>Fri, 2013-06-21 12:29:33 EDT</DateTime></Topic><Msg>Yep. After the last earnings miss it did go back up, albeit slowly. Not quite to the previous highs, though. I am beginning to lose patience. Two missed quarters in a row. Their business model needs tweaking and perhaps needs to get a little leaner and meaner.</Msg><Username>dgsdfdfgdfgdfgdfgadf</Username><Timestamp>1371833510051</Timestamp><DateTime>Fri, 2013-06-21 12:51:50 EDT</DateTime><ThumbUp>1</ThumbUp><ThumbDown>0</ThumbDown><Sentiment/></Message><Message type="ReplyMessage"><Id>1371833660134-57</Id><Topic><Title>Tebow to play tight end...</Title><Username>seeburgc</Username><Timestamp>1371832856093</Timestamp><DateTime>Fri, 2013-06-21 12:40:56 EDT</DateTime></Topic><Msg>what's god's plan for small pox, leukemia, earthquakes, child molesting priests and Alzheimer's? (since you are talking about his plans and all)</Msg><Username>delucks345</Username><Timestamp>1371833660134</Timestamp><DateTime>Fri, 2013-06-21 12:54:20 EDT</DateTime><ThumbUp>0</ThumbUp><ThumbDown>0</ThumbDown><Sentiment/></Message><Message type="ReplyMessage"><Id>1371833762616-58</Id><Topic><Title>ORCL</Title><Username>seeburgc</Username><Timestamp>1371828264928</Timestamp><DateTime>Fri, 2013-06-21 11:24:24 EDT</DateTime></Topic><Msg>This will happen when Oracle misses earnings, two quarters in a row. Shareholders take a haircut and folks actually talk about the company. Imagine that?</Msg><Username>dgsdfdfgdfgdfgdfgadf</Username><Timestamp>1371833762616</Timestamp><DateTime>Fri, 2013-06-21 12:56:02 EDT</DateTime><ThumbUp>0</ThumbUp><ThumbDown>0</ThumbDown><Sentiment/></Message><Message type="ReplyMessage"><Id>1371834022545-59</Id><Topic><Title>Tebow to play tight end...</Title><Username>seeburgc</Username><Timestamp>1371832856093</Timestamp><DateTime>Fri, 2013-06-21 12:40:56 EDT</DateTime></Topic><Msg>Mesa, you can't recognize tongue in cheek when it smacks you upside the head. When have you ever known me to talk about God or religion on this board? Never. You should have known not to read too much into my statement. However, you must admit the whole Tebow scenario is at a minimum ironic, no?</Msg><Username>seeburgc</Username><Timestamp>1371834022545</Timestamp><DateTime>Fri, 2013-06-21 13:00:22 EDT</DateTime><ThumbUp>0</ThumbUp><ThumbDown>0</ThumbDown><Sentiment/></Message><Message type="ReplyMessage"><Id>1371834127258-60</Id><Topic><Title>ORCL always floats back up</Title><Username>chandlermail</Username><Timestamp>1371832173127</Timestamp><DateTime>Fri, 2013-06-21 12:29:33 EDT</DateTime></Topic><Msg>just like turd in $hit hole</Msg><Username>alias69696969</Username><Timestamp>1371834127258</Timestamp><DateTime>Fri, 2013-06-21 13:02:07 EDT</DateTime><ThumbUp>2</ThumbUp><ThumbDown>1</ThumbDown><Sentiment/></Message><Message type="ReplyMessage"><Id>1371834423842-61</Id><Topic><Title>Tebow to play tight end...</Title><Username>seeburgc</Username><Timestamp>1371832856093</Timestamp><DateTime>Fri, 2013-06-21 12:40:56 EDT</DateTime></Topic><Msg>nope, you are wrong, I get your joke... i was joking too...................obviously god has no plan for child molesting priests..lol..... and that is the fault of the pope... you do blame the guy at the top for all the crimes of the employees right? like you blamed bush for rape and torture at abu gharaib or for his warrantless wiretapping patriot act or god for inventing small pox and leukemia, earthquakes and Alzheimer's</Msg><Username>delucks345</Username><Timestamp>1371834423842</Timestamp><DateTime>Fri, 2013-06-21 13:07:03 EDT</DateTime><ThumbUp>0</ThumbUp><ThumbDown>0</ThumbDown><Sentiment/></Message><Message type="TopicMessage"><Id>1371834978757-62</Id><Title>FTWRQ IS THE BUY FOLKS !</Title><Msg>FTWRQ IS THE BUY FOLKS !</Msg><Username>texasholdempros</Username><Timestamp>1371834978757</Timestamp><DateTime>Fri, 2013-06-21 13:16:18 EDT</DateTime><ThumbUp>0</ThumbUp><ThumbDown>1</ThumbDown><Sentiment/></Message><Message type="TopicMessage"><Id>1371836232433-63</Id><Title>Not even a bounce</Title><Msg>This is way overdone. You would think they guided much lower. Quarter was not bad. Options expiration today isn't helping. We will see what the "startling" news is next week. I can't imagine Ellison would use such a word to further disappoint shareholders.</Msg><Username>inbounds7</Username><Timestamp>1371836232433</Timestamp><DateTime>Fri, 2013-06-21 13:37:12 EDT</DateTime><ThumbUp>1</ThumbUp><ThumbDown>0</ThumbDown><Sentiment/></Message><Message type="ReplyMessage"><Id>1371838059652-64</Id><Topic><Title>when i bought 4000 shares...</Title><Username>caspringmoney</Username><Timestamp>1371772644877</Timestamp><DateTime>Thu, 2013-06-20 19:57:24 EDT</DateTime></Topic><Msg>im signing up thanks man</Msg><Username>red_fr</Username><Timestamp>1371838059652</Timestamp><DateTime>Fri, 2013-06-21 14:07:39 EDT</DateTime><ThumbUp>0</ThumbUp><ThumbDown>0</ThumbDown><Sentiment/></Message><Message type="ReplyMessage"><Id>1371838105838-65</Id><Topic><Title>doesn't anyone know about this?</Title><Username>breatesr</Username><Timestamp>1371531038007</Timestamp><DateTime>Tue, 2013-06-18 00:50:38 EDT</DateTime></Topic><Msg>im signing up thanks man</Msg><Username>red_fr</Username><Timestamp>1371838105838</Timestamp><DateTime>Fri, 2013-06-21 14:08:25 EDT</DateTime><ThumbUp>0</ThumbUp><ThumbDown>0</ThumbDown><Sentiment/></Message><Message type="TopicMessage"><Id>1371838327135-66</Id><Title>Well, well well ---- ANOTHER +300 visits to the Whitehouse by the IR!!!!</Title><Msg>Perhaps they were there for canapés?</Msg><Username>indahouzza</Username><Timestamp>1371838327135</Timestamp><DateTime>Fri, 2013-06-21 14:12:07 EDT</DateTime><ThumbUp>2</ThumbUp><ThumbDown>1</ThumbDown><Sentiment/></Message><Message type="ReplyMessage"><Id>1371838397860-67</Id><Topic><Title>when i bought 4000 shares...</Title><Username>caspringmoney</Username><Timestamp>1371772644877</Timestamp><DateTime>Thu, 2013-06-20 19:57:24 EDT</DateTime></Topic><Msg>If you want to call somebody stupid, use proper grammar.</Msg><Username>jeffwtux</Username><Timestamp>1371838397860</Timestamp><DateTime>Fri, 2013-06-21 14:13:17 EDT</DateTime><ThumbUp>1</ThumbUp><ThumbDown>0</ThumbDown><Sentiment/></Message><Message type="ReplyMessage"><Id>1371838408580-68</Id><Topic><Title>ORCL always floats back up</Title><Username>chandlermail</Username><Timestamp>1371832173127</Timestamp><DateTime>Fri, 2013-06-21 12:29:33 EDT</DateTime></Topic><Msg>Agreed, after stating that last quarter's miss was an "execution issue', they set the table for what should have been a "blowout quarter", instead they look like they lied to the analysts not once, but twice..</Msg><Username>atrue42long</Username><Timestamp>1371838408580</Timestamp><DateTime>Fri, 2013-06-21 14:13:28 EDT</DateTime><ThumbUp>1</ThumbUp><ThumbDown>0</ThumbDown><Sentiment/></Message><Message type="TopicMessage"><Id>1371840821036-69</Id><Title>Islands, Mansions, Airlines</Title><Msg>I hope Mr Ellison one of the Greediest, Amoral, Arrogant Slugs on the Planet is spending YOUR hard earned Money wisely. Perhaps NEXT he`ll buy the #$%$ MOON, With your mooney of course. I`m sure he feels badly about how his Lackluster Company is ruining many financially. NOT. Ellison CARES NOT A WIT ABOUT ANYONE. Enjoy.</Msg><Username>bhenning32</Username><Timestamp>1371840821036</Timestamp><DateTime>Fri, 2013-06-21 14:53:41 EDT</DateTime><ThumbUp>1</ThumbUp><ThumbDown>0</ThumbDown><Sentiment>Strong Sell</Sentiment></Message><Message type="TopicMessage"><Id>1371840984149-70</Id><Title>NetSol Technologies, Inc. (NTWK)</Title><Msg>NetSol Technologies, Inc. (NTWK) -</Msg><Username>jesuslovesntwk</Username><Timestamp>1371840984149</Timestamp><DateTime>Fri, 2013-06-21 14:56:24 EDT</DateTime><ThumbUp>0</ThumbUp><ThumbDown>0</ThumbDown><Sentiment>Strong Buy</Sentiment></Message><Message type="TopicMessage"><Id>1371841641842-71</Id><Title>Being kept flat for OPEX....</Title><Msg>pretty sure this should have a bounce in it on Monday, today's action feels like a opex type pin, didn't see anything dramatically wrong with the company to justify a 9% plunge</Msg><Username>l0000000l123</Username><Timestamp>1371841641842</Timestamp><DateTime>Fri, 2013-06-21 15:07:21 EDT</DateTime><ThumbUp>1</ThumbUp><ThumbDown>0</ThumbDown><Sentiment/></Message><Message type="ReplyMessage"><Id>1371842385820-72</Id><Topic><Title>Being kept flat for OPEX....</Title><Username>l0000000l123</Username><Timestamp>1371841641842</Timestamp><DateTime>Fri, 2013-06-21 15:07:21 EDT</DateTime></Topic><Msg>A "pin"? This is a collapse I would take a pin. Perhaps OPEX has hurt a little but there is more to this. Larry better come through will his "startling" announce,nets next week.</Msg><Username>inbounds7</Username><Timestamp>1371842385820</Timestamp><DateTime>Fri, 2013-06-21 15:19:45 EDT</DateTime><ThumbUp>0</ThumbUp><ThumbDown>0</ThumbDown><Sentiment/></Message><Message type="TopicMessage"><Id>1371842934782-73</Id><Title>Sell today or sell lower next week</Title><Msg>mid 20's</Msg><Username>jgiled</Username><Timestamp>1371842934782</Timestamp><DateTime>Fri, 2013-06-21 15:28:54 EDT</DateTime><ThumbUp>1</ThumbUp><ThumbDown>0</ThumbDown><Sentiment/></Message><Message type="TopicMessage"><Id>1371843036126-74</Id><Title>NEVER buy Intel when New Software Licenses struggle</Title><Msg>Most of you have no clue what you are doing.</Msg><Username>onemanshillshow</Username><Timestamp>1371843036126</Timestamp><DateTime>Fri, 2013-06-21 15:30:36 EDT</DateTime><ThumbUp>0</ThumbUp><ThumbDown>0</ThumbDown><Sentiment/></Message><Message type="TopicMessage"><Id>1371843083121-75</Id><Title>Correction: Never buy ORACLE when New Sofware Licenses struggle</Title><Msg>I'm serious. Not good.</Msg><Username>onemanshillshow</Username><Timestamp>1371843083121</Timestamp><DateTime>Fri, 2013-06-21 15:31:23 EDT</DateTime><ThumbUp>0</ThumbUp><ThumbDown>0</ThumbDown><Sentiment/></Message><Message type="TopicMessage"><Id>1371843205013-76</Id><Title>Last time I checked the share price is was in the tens, what happened?</Title><Msg>Is it just inflation?</Msg><Username>trouderenard</Username><Timestamp>1371843205013</Timestamp><DateTime>Fri, 2013-06-21 15:33:25 EDT</DateTime><ThumbUp>0</ThumbUp><ThumbDown>0</ThumbDown><Sentiment>Strong Buy</Sentiment></Message><Message type="ReplyMessage"><Id>1371843566446-77</Id><Topic><Title>Bought 3000 shares at $32.09 and love it</Title><Username>ght342w</Username><Timestamp>1371767337710</Timestamp><DateTime>Thu, 2013-06-20 18:28:57 EDT</DateTime></Topic><Msg>Anybody see $34.00 today? Anybody expect to see it again anytime soon?</Msg><Username>abatulis</Username><Timestamp>1371843566446</Timestamp><DateTime>Fri, 2013-06-21 15:39:26 EDT</DateTime><ThumbUp>0</ThumbUp><ThumbDown>0</ThumbDown><Sentiment/></Message><Message type="ReplyMessage"><Id>1371844359234-78</Id><Topic><Title>ORCL always floats back up</Title><Username>chandlermail</Username><Timestamp>1371832173127</Timestamp><DateTime>Fri, 2013-06-21 12:29:33 EDT</DateTime></Topic><Msg>ORCL is similar to GOOG. They have very lofty expectations, often fail to meet then and get slammed. Then after a few weeks, the fund managers need to re-invest into a better big cap-tech stock. They end up not finding a better stock, and so they end up piling back into GOOG citing the same fundamentals that were crystal clear when they sold.</Msg><Username>jeffwtux</Username><Timestamp>1371844359234</Timestamp><DateTime>Fri, 2013-06-21 15:52:39 EDT</DateTime><ThumbUp>1</ThumbUp><ThumbDown>0</ThumbDown><Sentiment/></Message><Message type="TopicMessage"><Id>1371845477610-79</Id><Title>Shorted 10K at close today</Title><Msg>I'm not saying there is anything wrong with the company but the chart tells me that I could cover it on Monday at $29.04. I thought making $11K over the weekend is better than leaving my money idle. What do yo guys think?</Msg><Username>bikahika</Username><Timestamp>1371845477610</Timestamp><DateTime>Fri, 2013-06-21 16:11:17 EDT</DateTime><ThumbUp>1</ThumbUp><ThumbDown>1</ThumbDown><Sentiment>Hold</Sentiment></Message><Message type="ReplyMessage"><Id>1371846736679-80</Id><Topic><Title>Shorted 10K at close today</Title><Username>bikahika</Username><Timestamp>1371845477610</Timestamp><DateTime>Fri, 2013-06-21 16:11:17 EDT</DateTime></Topic><Msg>I would cover dollar cost ave: 33% cover at 30.00, another 33% cover at 29.90 and 33% cover at 29.75. Consider 29.58 is as low as it went for about a year -- so pushing for more of this will get you squeezed out. Waiting until 29.04 is too dangerous for me -- but its your risk. Be covered by close of business Monday due to the fact home sales are reported on Tuesday (could affect whole market) and also Larry is under considerable pressure to make a strong announcement on Oracle CLoud development sometime next week. I figure that announcement will bump oracle to 31 or 32. After Google and Apples earnings in July we will hit 33 again --. My predictions.</Msg><Username>jcapsom</Username><Timestamp>1371846736679</Timestamp><DateTime>Fri, 2013-06-21 16:32:16 EDT</DateTime><ThumbUp>0</ThumbUp><ThumbDown>0</ThumbDown><Sentiment/></Message><Message type="ReplyMessage"><Id>1371846777563-81</Id><Topic><Title>Shorted 10K at close today</Title><Username>bikahika</Username><Timestamp>1371845477610</Timestamp><DateTime>Fri, 2013-06-21 16:11:17 EDT</DateTime></Topic><Msg>I bought 100 of the 30.50 weekly put today on the little spike up before the close for .60</Msg><Username>kzoo_man2525</Username><Timestamp>1371846777563</Timestamp><DateTime>Fri, 2013-06-21 16:32:57 EDT</DateTime><ThumbUp>1</ThumbUp><ThumbDown>0</ThumbDown><Sentiment/></Message><Message type="ReplyMessage"><Id>1371847046038-82</Id><Topic><Title>Shorted 10K at close today</Title><Username>bikahika</Username><Timestamp>1371845477610</Timestamp><DateTime>Fri, 2013-06-21 16:11:17 EDT</DateTime></Topic><Msg>Also I am thinking a break of 29.58 no way should you cover at 29.04 .. it will go a lot lower</Msg><Username>kzoo_man2525</Username><Timestamp>1371847046038</Timestamp><DateTime>Fri, 2013-06-21 16:37:26 EDT</DateTime><ThumbUp>0</ThumbUp><ThumbDown>0</ThumbDown><Sentiment/></Message><Message type="ReplyMessage"><Id>1371848376040-83</Id><Topic><Title>Shorted 10K at close today</Title><Username>bikahika</Username><Timestamp>1371845477610</Timestamp><DateTime>Fri, 2013-06-21 16:11:17 EDT</DateTime></Topic><Msg>Never short a cheap stock. You might be better to sell a call spread. That way if it sits in this range you will not be covering dividends while you wait for the drop. There is a div coming up in about few weeks.</Msg><Username>pricewowens</Username><Timestamp>1371848376040</Timestamp><DateTime>Fri, 2013-06-21 16:59:36 EDT</DateTime><ThumbUp>1</ThumbUp><ThumbDown>0</ThumbDown><Sentiment/></Message><Message type="ReplyMessage"><Id>1371848543003-84</Id><Topic><Title>Shorted 10K at close today</Title><Username>bikahika</Username><Timestamp>1371845477610</Timestamp><DateTime>Fri, 2013-06-21 16:11:17 EDT</DateTime></Topic><Msg>Price owens good point. I forgot about the increased div coming up. I thought he was going to cover no matter what on Monday so I recommended a drop dead cover all position at 29.58 --- its as risky as I would go. +1 to divi catch</Msg><Username>jcapsom</Username><Timestamp>1371848543003</Timestamp><DateTime>Fri, 2013-06-21 17:02:23 EDT</DateTime><ThumbUp>0</ThumbUp><ThumbDown>0</ThumbDown><Sentiment/></Message><Message type="ReplyMessage"><Id>1371848771623-85</Id><Topic><Title>Shorted 10K at close today</Title><Username>bikahika</Username><Timestamp>1371845477610</Timestamp><DateTime>Fri, 2013-06-21 16:11:17 EDT</DateTime></Topic><Msg>Yah, I think I did a mistake here, bought july $31 calls @the lowiet levels today but didn't see a move up I expected at the end of trading. I guess I made a costly mistake and it ll go lower on Monday :(</Msg><Username>dgreatuncle</Username><Timestamp>1371848771623</Timestamp><DateTime>Fri, 2013-06-21 17:06:11 EDT</DateTime><ThumbUp>1</ThumbUp><ThumbDown>0</ThumbDown><Sentiment/></Message><Message type="ReplyMessage"><Id>1371848962854-86</Id><Topic><Title>Shorted 10K at close today</Title><Username>bikahika</Username><Timestamp>1371845477610</Timestamp><DateTime>Fri, 2013-06-21 16:11:17 EDT</DateTime></Topic><Msg>Look at the broader affect Housing Sales has on Dow and Nasdaq (reported Tuesday) coupled with Larry's announcement sometime next week. I wouldnt be so concerned bargain hunters are waiting for the options to expire, then they will be back.</Msg><Username>jcapsom</Username><Timestamp>1371848962854</Timestamp><DateTime>Fri, 2013-06-21 17:09:22 EDT</DateTime><ThumbUp>1</ThumbUp><ThumbDown>0</ThumbDown><Sentiment/></Message><Message type="ReplyMessage"><Id>1371849677827-87</Id><Topic><Title>Shorted 10K at close today</Title><Username>bikahika</Username><Timestamp>1371845477610</Timestamp><DateTime>Fri, 2013-06-21 16:11:17 EDT</DateTime></Topic><Msg>I know... as of now I think it may rebound to 31-32 by the end of the week....but It ll be hard to hold if Monday goes down to 29-28. well... good luck to eveyone...we ll see</Msg><Username>andiwieser13</Username><Timestamp>1371849677827</Timestamp><DateTime>Fri, 2013-06-21 17:21:17 EDT</DateTime><ThumbUp>1</ThumbUp><ThumbDown>0</ThumbDown><Sentiment/></Message><Message type="ReplyMessage"><Id>1371849801557-88</Id><Topic><Title>Shorted 10K at close today</Title><Username>bikahika</Username><Timestamp>1371845477610</Timestamp><DateTime>Fri, 2013-06-21 16:11:17 EDT</DateTime></Topic><Msg>i had this same thought, but the market was already closed. good luck mate</Msg><Username>philosophize_me_capt</Username><Timestamp>1371849801557</Timestamp><DateTime>Fri, 2013-06-21 17:23:21 EDT</DateTime><ThumbUp>0</ThumbUp><ThumbDown>0</ThumbDown><Sentiment>Strong Buy</Sentiment></Message><Message type="ReplyMessage"><Id>1371850323741-89</Id><Topic><Title>Shorted 10K at close today</Title><Username>bikahika</Username><Timestamp>1371845477610</Timestamp><DateTime>Fri, 2013-06-21 16:11:17 EDT</DateTime></Topic><Msg>Yah, lets hope.. have a great weekend!</Msg><Username>dgreatuncle</Username><Timestamp>1371850323741</Timestamp><DateTime>Fri, 2013-06-21 17:32:03 EDT</DateTime><ThumbUp>0</ThumbUp><ThumbDown>0</ThumbDown><Sentiment/></Message><Message type="TopicMessage"><Id>1371851994248-90</Id><Title>BUY rating intact - 52 week TARGET $38.00</Title><Msg>In a report published Friday, Canaccord Genuity analyst Richard Davis reiterated a Buy rating on Oracle (NASDAQ: ORCL), but lowered the price target from $42.00 to $38.00. In the report, Canaccord Genuity noted, “Oracle posted an adequate quarter, made bullish comments on the long-term future, and provided mixed August guidance. The stock tacked on another 8% fall to Thursday's 3% trading hours decline. As we suggested in our Monday earnings preview, we believe this dip represents an opportunity to establish or expand a position in a stock that is likely to at least be a safe harbor in a storm through what looks to be a confusing and choppy summer. Nobody should confuse Oracle with the next hyper growth company, but we believe enough things could go right over the next few quarters to enable the stock to outperform the overall stock market. While our new price target is one multiple point lower than before to reflect weaker valuations of comps, the potential for at least a solid summer is enough for us to keep our BUY rating intact.”</Msg><Username>stock2mm</Username><Timestamp>1371851994248</Timestamp><DateTime>Fri, 2013-06-21 17:59:54 EDT</DateTime><ThumbUp>4</ThumbUp><ThumbDown>0</ThumbDown><Sentiment>Strong Buy</Sentiment></Message><Message type="ReplyMessage"><Id>1371853197915-91</Id><Topic><Title>Well, well well ---- ANOTHER +300 visits to the Whitehouse by the IR!!!!</Title><Username>indahouzza</Username><Timestamp>1371838327135</Timestamp><DateTime>Fri, 2013-06-21 14:12:07 EDT</DateTime></Topic><Msg>Lots of business happening, mostly monkey though.</Msg><Username>vanzinf</Username><Timestamp>1371853197915</Timestamp><DateTime>Fri, 2013-06-21 18:19:57 EDT</DateTime><ThumbUp>0</ThumbUp><ThumbDown>1</ThumbDown><Sentiment/></Message><Message type="ReplyMessage"><Id>1371853226494-92</Id><Topic><Title>Shorted 10K at close today</Title><Username>bikahika</Username><Timestamp>1371845477610</Timestamp><DateTime>Fri, 2013-06-21 16:11:17 EDT</DateTime></Topic><Msg>you may be right. We broke the support with the heavy volume today. It may have support @29.06 -29.30 area. But in next 2-3 month, ORCL may go lower than $29. For weekly chart (3/18 and 6/21 bars), ORCL down with heavy volume. Technically ORCL is a broken stock now. Any attempt to bounce will face heavy short selling. My 2 cents.</Msg><Username>jimsmith201060</Username><Timestamp>1371853226494</Timestamp><DateTime>Fri, 2013-06-21 18:20:26 EDT</DateTime><ThumbUp>0</ThumbUp><ThumbDown>0</ThumbDown><Sentiment/></Message><Message type="ReplyMessage"><Id>1371853326418-93</Id><Topic><Title>Oracle stock has to go to $9 to justify fundamentas; Dividend Yield has to rise to 7%+ to make it buy</Title><Username>singhlion2001</Username><Timestamp>1371831632789</Timestamp><DateTime>Fri, 2013-06-21 12:20:32 EDT</DateTime></Topic><Msg>Just what the Bummer wants. Russia in 1917.</Msg><Username>vanzinf</Username><Timestamp>1371853326418</Timestamp><DateTime>Fri, 2013-06-21 18:22:06 EDT</DateTime><ThumbUp>0</ThumbUp><ThumbDown>0</ThumbDown><Sentiment/></Message><Message type="ReplyMessage"><Id>1371853655317-94</Id><Topic><Title>Bought 3000 shares at $32.09 and love it</Title><Username>ght342w</Username><Timestamp>1371767337710</Timestamp><DateTime>Thu, 2013-06-20 18:28:57 EDT</DateTime></Topic><Msg>ya, me!</Msg><Username>bns891</Username><Timestamp>1371853655317</Timestamp><DateTime>Fri, 2013-06-21 18:27:35 EDT</DateTime><ThumbUp>0</ThumbUp><ThumbDown>0</ThumbDown><Sentiment/></Message><Message type="TopicMessage"><Id>1371854077426-95</Id><Title>Oracle stock has to go to $9 up to justify fundamentas</Title><Msg>$39.14 in July 2014.</Msg><Username>stock2mm</Username><Timestamp>1371854077426</Timestamp><DateTime>Fri, 2013-06-21 18:34:37 EDT</DateTime><ThumbUp>0</ThumbUp><ThumbDown>1</ThumbDown><Sentiment>Strong Buy</Sentiment></Message><Message type="TopicMessage"><Id>1371855781532-96</Id><Title>Guys, The World ended YESTERDAY</Title><Msg>Not today. Yesterday and day-before-yesterday combined, DOW was down 550 points. And ORCL closed at $33.00+ yesterday!</Msg><Username>stock2mm</Username><Timestamp>1371855781532</Timestamp><DateTime>Fri, 2013-06-21 19:03:01 EDT</DateTime><ThumbUp>0</ThumbUp><ThumbDown>0</ThumbDown><Sentiment>Strong Buy</Sentiment></Message><Message type="ReplyMessage"><Id>1371856328377-97</Id><Topic><Title>Well, well well ---- ANOTHER +300 visits to the Whitehouse by the IR!!!!</Title><Username>indahouzza</Username><Timestamp>1371838327135</Timestamp><DateTime>Fri, 2013-06-21 14:12:07 EDT</DateTime></Topic><Msg>This type of monkey business has been going on a long time. We know Nixon had an "enemies list" he sicked the IRS on. Hoover of the FBI used to provide LBJ with info on the peccadillos of congressmen. He was a drunken adulterer himslef with an illigitimate child. Read "Texas In The Morning" by Eula Mae Brown. She also ties him to the JFK assassination. As did Jackie Kennedy. Bet you never heard of it.</Msg><Username>lewcor</Username><Timestamp>1371856328377</Timestamp><DateTime>Fri, 2013-06-21 19:12:08 EDT</DateTime><ThumbUp>1</ThumbUp><ThumbDown>3</ThumbDown><Sentiment/></Message><Message type="TopicMessage"><Id>1371859842340-98</Id><Title>Cheap stock</Title><Msg>These are bargain basement stock prices. The earnings report wasn't bad at all. I bought today and will continue to buy at these prices.</Msg><Username>donaldwilkinson91</Username><Timestamp>1371859842340</Timestamp><DateTime>Fri, 2013-06-21 20:10:42 EDT</DateTime><ThumbUp>0</ThumbUp><ThumbDown>0</ThumbDown><Sentiment>Strong Buy</Sentiment></Message><Message type="TopicMessage"><Id>1371861845768-99</Id><Title>CEO</Title><Msg>Then there is Larry - running around spending millions on yachts and private islands and out of touch with the business. Time for a new CEO with a new hair piece.</Msg><Username>forecaster_2000_andup</Username><Timestamp>1371861845768</Timestamp><DateTime>Fri, 2013-06-21 20:44:05 EDT</DateTime><ThumbUp>0</ThumbUp><ThumbDown>0</ThumbDown><Sentiment/></Message><Message type="ReplyMessage"><Id>1371871616638-100</Id><Topic><Title>CEO</Title><Username>forecaster_2000_andup</Username><Timestamp>1371861845768</Timestamp><DateTime>Fri, 2013-06-21 20:44:05 EDT</DateTime></Topic><Msg>Better just sell your stock as it is not likely a new CEO is coming on board anytime soon.</Msg><Username>pricewowens</Username><Timestamp>1371871616638</Timestamp><DateTime>Fri, 2013-06-21 23:26:56 EDT</DateTime><ThumbUp>0</ThumbUp><ThumbDown>0</ThumbDown><Sentiment/></Message></Date>