<?xml version="1.0" encoding="UTF-8" standalone="no"?><Date date="2013-02-14"><Message type="ReplyMessage"><Id>1360840782481-1</Id><Topic><Title>Dr. Ben Carson</Title><Username>seeburgc</Username><Timestamp>1360770912591</Timestamp><DateTime>Wed, 2013-02-13 10:55:12 EST</DateTime></Topic><Msg>why shouldn't I dream of some GOP guy coming to the resue? Someone needs to rescue the party from the establishment RINOs. So far there is no one out there. So we speculate and dream. So?</Msg><Username>seeburgc</Username><Timestamp>1360840782481</Timestamp><DateTime>Thu, 2013-02-14 06:19:42 EST</DateTime><ThumbUp>0</ThumbUp><ThumbDown>0</ThumbDown><Sentiment/></Message><Message type="ReplyMessage"><Id>1360841312907-2</Id><Topic><Title>(BREAKING NEWS) Analyst Downgrades ORCL</Title><Username>hbrown301</Username><Timestamp>1359975678439</Timestamp><DateTime>Mon, 2013-02-04 06:01:18 EST</DateTime></Topic><Msg>update!</Msg><Username>sambuckley</Username><Timestamp>1360841312907</Timestamp><DateTime>Thu, 2013-02-14 06:28:32 EST</DateTime><ThumbUp>0</ThumbUp><ThumbDown>0</ThumbDown><Sentiment/></Message><Message type="ReplyMessage"><Id>1360846572891-3</Id><Topic><Title>Dr. Ben Carson</Title><Username>seeburgc</Username><Timestamp>1360770912591</Timestamp><DateTime>Wed, 2013-02-13 10:55:12 EST</DateTime></Topic><Msg>To the contrary. Carson is willing to say things that GOP pols wouldn't touch. That's why his speech right in front of Obama received such traction. He put forth in less than a minute an idea that is full of common sense. That's why the pols won't touch it. I have no idea whether politics is in his future. He said he is retiring in June and seems to have left the door open to it.</Msg><Username>seeburgc</Username><Timestamp>1360846572891</Timestamp><DateTime>Thu, 2013-02-14 07:56:12 EST</DateTime><ThumbUp>0</ThumbUp><ThumbDown>1</ThumbDown><Sentiment/></Message><Message type="TopicMessage"><Id>1360847239738-4</Id><Title>devastating news for low information voter</Title><Msg>Lady Gaga to have hip surgery. Remainder of her tour has been cancelled. Low information voters may never get over this devastating news of gargantuan proportion.</Msg><Username>seeburgc</Username><Timestamp>1360847239738</Timestamp><DateTime>Thu, 2013-02-14 08:07:19 EST</DateTime><ThumbUp>2</ThumbUp><ThumbDown>2</ThumbDown><Sentiment/></Message><Message type="ReplyMessage"><Id>1360847451996-5</Id><Topic><Title>Flabbergasted Rand Paul Learns Public Employment Decreased Under Obama</Title><Username>dropkickpubs4321</Username><Timestamp>1360817705719</Timestamp><DateTime>Wed, 2013-02-13 23:55:05 EST</DateTime></Topic><Msg>The only things that "decreased" under your incompetent fool Obama is Wealth, Truth and Employment!!</Msg><Username>econ_meister</Username><Timestamp>1360847451996</Timestamp><DateTime>Thu, 2013-02-14 08:10:51 EST</DateTime><ThumbUp>2</ThumbUp><ThumbDown>1</ThumbDown><Sentiment/></Message><Message type="ReplyMessage"><Id>1360849429487-6</Id><Topic><Title>Did anyone else see this ORCL?</Title><Username>macmanimanadeline</Username><Timestamp>1359741245959</Timestamp><DateTime>Fri, 2013-02-01 12:54:05 EST</DateTime></Topic><Msg>An article that's worth a read.</Msg><Username>kodetabellenkara</Username><Timestamp>1360849429487</Timestamp><DateTime>Thu, 2013-02-14 08:43:49 EST</DateTime><ThumbUp>0</ThumbUp><ThumbDown>1</ThumbDown><Sentiment>Buy</Sentiment></Message><Message type="ReplyMessage"><Id>1360855018433-7</Id><Topic><Title>401(k) balances hit new record highs</Title><Username>delucks345</Username><Timestamp>1360852352814</Timestamp><DateTime>Thu, 2013-02-14 09:32:32 EST</DateTime></Topic><Msg>Result of the uncertainty for business. They found out about bare bones employment and retiring the dead wood in company rosters. Too bad his administration has not had the sense to accomplish the same with govt. Featherbedding still rampant in all levels of govt.</Msg><Username>vanzinf</Username><Timestamp>1360855018433</Timestamp><DateTime>Thu, 2013-02-14 10:16:58 EST</DateTime><ThumbUp>0</ThumbUp><ThumbDown>1</ThumbDown><Sentiment/></Message><Message type="ReplyMessage"><Id>1360855205354-8</Id><Topic><Title>401(k) balances hit new record highs</Title><Username>delucks345</Username><Timestamp>1360852352814</Timestamp><DateTime>Thu, 2013-02-14 09:32:32 EST</DateTime></Topic><Msg>Profits were increased after the donkeys by themselves managed to destroy housing with the help of the Fed, Fannie, Freddie, Barney, and Chris. It took some effort, but all the unintended consequences of thinking everyone needed to be a home owner came to fruition.</Msg><Username>vanzinf</Username><Timestamp>1360855205354</Timestamp><DateTime>Thu, 2013-02-14 10:20:05 EST</DateTime><ThumbUp>1</ThumbUp><ThumbDown>1</ThumbDown><Sentiment/></Message><Message type="ReplyMessage"><Id>1360855345029-9</Id><Topic><Title>401(k) balances hit new record highs</Title><Username>delucks345</Username><Timestamp>1360852352814</Timestamp><DateTime>Thu, 2013-02-14 09:32:32 EST</DateTime></Topic><Msg>And where else would you put your money to get a return? CD's, interest in any vehicle? The Bummer and the Fed have murdered the elderly and forced them to invest in stocks just to stay ahead of inflation.</Msg><Username>vanzinf</Username><Timestamp>1360855345029</Timestamp><DateTime>Thu, 2013-02-14 10:22:25 EST</DateTime><ThumbUp>0</ThumbUp><ThumbDown>1</ThumbDown><Sentiment/></Message><Message type="ReplyMessage"><Id>1360855567375-10</Id><Topic><Title>(BREAKING NEWS) Analyst Downgrades ORCL</Title><Username>hbrown301</Username><Timestamp>1359975678439</Timestamp><DateTime>Mon, 2013-02-04 06:01:18 EST</DateTime></Topic><Msg>interesting</Msg><Username>pearce_max</Username><Timestamp>1360855567375</Timestamp><DateTime>Thu, 2013-02-14 10:26:07 EST</DateTime><ThumbUp>0</ThumbUp><ThumbDown>0</ThumbDown><Sentiment/></Message><Message type="ReplyMessage"><Id>1360856077449-11</Id><Topic><Title>What's going on in Fla?</Title><Username>passthebuckaroo</Username><Timestamp>1360777573521</Timestamp><DateTime>Wed, 2013-02-13 12:46:13 EST</DateTime></Topic><Msg>Al, just bought a gun for the Obama supporters who think they can have other people's STUFF.</Msg><Username>vanzinf</Username><Timestamp>1360856077449</Timestamp><DateTime>Thu, 2013-02-14 10:34:37 EST</DateTime><ThumbUp>0</ThumbUp><ThumbDown>0</ThumbDown><Sentiment/></Message><Message type="ReplyMessage"><Id>1360857146085-12</Id><Topic><Title>devastating news for low information voter</Title><Username>seeburgc</Username><Timestamp>1360847239738</Timestamp><DateTime>Thu, 2013-02-14 08:07:19 EST</DateTime></Topic><Msg>Phil, you confuse low information voters with those with whom you differ ideologically. That is, I am a high information voter as are you. It's just that your ideology sucks.</Msg><Username>seeburgc</Username><Timestamp>1360857146085</Timestamp><DateTime>Thu, 2013-02-14 10:52:26 EST</DateTime><ThumbUp>0</ThumbUp><ThumbDown>1</ThumbDown><Sentiment/></Message><Message type="TopicMessage"><Id>1360857449077-13</Id><Title>CA businesses to kiss off state</Title><Msg>high interest in CA businesses relocating to TX. Makes me laugh! Greater Austin Chamber of Commerce officials, who sent a representative on Gov. Rick Perry’s recent California recruiting trip, report a spike in Golden State companies inquiring about relocating to Central Texas. Californians seem responsive to Texas’ low tax message, especially since the most recent state election in November, when income and sales taxes increases were approved by California’s voters in a measure called Proposition 30. “We have had a spike of double or triple the amount of normal (business relocation) activity since the November election in California,” said Dave Porter, senior vice president for economic development at the Greater Austin Chamber of Commerce.</Msg><Username>seeburgc</Username><Timestamp>1360857449077</Timestamp><DateTime>Thu, 2013-02-14 10:57:29 EST</DateTime><ThumbUp>3</ThumbUp><ThumbDown>1</ThumbDown><Sentiment/></Message><Message type="ReplyMessage"><Id>1360857941409-14</Id><Topic><Title>CA businesses to kiss off state</Title><Username>seeburgc</Username><Timestamp>1360857449077</Timestamp><DateTime>Thu, 2013-02-14 10:57:29 EST</DateTime></Topic><Msg>Many companies and individuals are moving to Arizona also. I did last year but not for tax reasons. Arizona has problems too. At least they don't have a governor like "Moonbeam" or a legislature full of fruitcakes.</Msg><Username>lewcor</Username><Timestamp>1360857941409</Timestamp><DateTime>Thu, 2013-02-14 11:05:41 EST</DateTime><ThumbUp>0</ThumbUp><ThumbDown>1</ThumbDown><Sentiment/></Message><Message type="ReplyMessage"><Id>1360859998569-15</Id><Topic><Title>(BREAKING NEWS) Analyst Downgrades ORCL</Title><Username>hbrown301</Username><Timestamp>1359975678439</Timestamp><DateTime>Mon, 2013-02-04 06:01:18 EST</DateTime></Topic><Msg>how about that..</Msg><Username>joshuawatson482</Username><Timestamp>1360859998569</Timestamp><DateTime>Thu, 2013-02-14 11:39:58 EST</DateTime><ThumbUp>0</ThumbUp><ThumbDown>0</ThumbDown><Sentiment/></Message><Message type="TopicMessage"><Id>1360861834919-16</Id><Title>Dingy Harry says</Title><Msg>It would be up to Congress on whether to end Saturday delivery of mail. Considering that the postal union has contributed the greater majority of it's money to donkeys in Congress, the billions to be saved will go up in smoke. We are doomed in America. Endless money stream will end in the future and America will then implode. Why are libiots such idiots.</Msg><Username>vanzinf</Username><Timestamp>1360861834919</Timestamp><DateTime>Thu, 2013-02-14 12:10:34 EST</DateTime><ThumbUp>1</ThumbUp><ThumbDown>0</ThumbDown><Sentiment/></Message><Message type="ReplyMessage"><Id>1360862071867-17</Id><Topic><Title>Not To Worry: Sheriff Joe's Armed Posse - Including the Pedophile, the Wife Beater and the Cop Assaulter - Will Protect Your Children</Title><Username>delucks345</Username><Timestamp>1360860995584</Timestamp><DateTime>Thu, 2013-02-14 11:56:35 EST</DateTime></Topic><Msg>Some of you libiots need to investigate what happens in countries that outlaw guns. Murders increase, theft increases, freedoms disappear. That's where the Bummer and his subjects would like to take us. And maybe Sheriff Joe knows something libiots fail to realize, our schools are failing in their quest to educate.</Msg><Username>vanzinf</Username><Timestamp>1360862071867</Timestamp><DateTime>Thu, 2013-02-14 12:14:31 EST</DateTime><ThumbUp>0</ThumbUp><ThumbDown>0</ThumbDown><Sentiment/></Message><Message type="ReplyMessage"><Id>1360862229710-18</Id><Topic><Title>devastating news for low information voter</Title><Username>seeburgc</Username><Timestamp>1360847239738</Timestamp><DateTime>Thu, 2013-02-14 08:07:19 EST</DateTime></Topic><Msg>Dingy Harry is thinking this could be the end of America as we know it. A cirrus every day.</Msg><Username>vanzinf</Username><Timestamp>1360862229710</Timestamp><DateTime>Thu, 2013-02-14 12:17:09 EST</DateTime><ThumbUp>0</ThumbUp><ThumbDown>1</ThumbDown><Sentiment/></Message><Message type="ReplyMessage"><Id>1360863815554-19</Id><Topic><Title>(BREAKING NEWS) Analyst Downgrades ORCL</Title><Username>hbrown301</Username><Timestamp>1359975678439</Timestamp><DateTime>Mon, 2013-02-04 06:01:18 EST</DateTime></Topic><Msg>This was really helpful</Msg><Username>muhammadcross</Username><Timestamp>1360863815554</Timestamp><DateTime>Thu, 2013-02-14 12:43:35 EST</DateTime><ThumbUp>0</ThumbUp><ThumbDown>0</ThumbDown><Sentiment/></Message><Message type="ReplyMessage"><Id>1360867262667-20</Id><Topic><Title>CA businesses to kiss off state</Title><Username>seeburgc</Username><Timestamp>1360857449077</Timestamp><DateTime>Thu, 2013-02-14 10:57:29 EST</DateTime></Topic><Msg>Like I said they're running the people out who keep the state solvent. It's not just business but individuals fed up with the liberal agenda. I have friends who retired a few years ago and they moved to Texas. They love it. Good food, good neighbors and everyone carries a gun, a conservative paradise. There are areas in Calif that are not safe anymore, that includes upscale neighborhoods where burgleries have gone up, the cops are outgunned and a backlog of criminal cases to be tried in court which are costing millions, a liberals paradise. The Dems are running on empty now, are they in for a reality check.</Msg><Username>annieshenanigan</Username><Timestamp>1360867262667</Timestamp><DateTime>Thu, 2013-02-14 13:41:02 EST</DateTime><ThumbUp>1</ThumbUp><ThumbDown>3</ThumbDown><Sentiment/></Message><Message type="ReplyMessage"><Id>1360868077645-21</Id><Topic><Title>(BREAKING NEWS) Analyst Downgrades ORCL</Title><Username>hbrown301</Username><Timestamp>1359975678439</Timestamp><DateTime>Mon, 2013-02-04 06:01:18 EST</DateTime></Topic><Msg>Thanks for sharing this report</Msg><Username>stephenson_william</Username><Timestamp>1360868077645</Timestamp><DateTime>Thu, 2013-02-14 13:54:37 EST</DateTime><ThumbUp>0</ThumbUp><ThumbDown>0</ThumbDown><Sentiment/></Message><Message type="ReplyMessage"><Id>1360869694736-22</Id><Topic><Title>CA businesses to kiss off state</Title><Username>seeburgc</Username><Timestamp>1360857449077</Timestamp><DateTime>Thu, 2013-02-14 10:57:29 EST</DateTime></Topic><Msg>A double edge sword, Annie. As CA businesses leave the state (e.g., to TX) they will take withg them CA residents who most likely voted for Obama. As they move to TX it is very possible that in time such voters may change the political landscape there. It happened it Vermont and Montana. TX would be more of a challenge for them though.</Msg><Username>seeburgc</Username><Timestamp>1360869694736</Timestamp><DateTime>Thu, 2013-02-14 14:21:34 EST</DateTime><ThumbUp>1</ThumbUp><ThumbDown>2</ThumbDown><Sentiment/></Message><Message type="ReplyMessage"><Id>1360870171380-23</Id><Topic><Title>CA businesses to kiss off state</Title><Username>seeburgc</Username><Timestamp>1360857449077</Timestamp><DateTime>Thu, 2013-02-14 10:57:29 EST</DateTime></Topic><Msg>That's a very good warning --- the DNC has been aggressively targeting TX for 2 election cycles. Mass amounts of ground-game moneynhas poured into it. Their goal is to turn it blue by 2020.</Msg><Username>coughingredink</Username><Timestamp>1360870171380</Timestamp><DateTime>Thu, 2013-02-14 14:29:31 EST</DateTime><ThumbUp>1</ThumbUp><ThumbDown>2</ThumbDown><Sentiment/></Message><Message type="ReplyMessage"><Id>1360871428381-24</Id><Topic><Title>(BREAKING NEWS) Analyst Downgrades ORCL</Title><Username>hbrown301</Username><Timestamp>1359975678439</Timestamp><DateTime>Mon, 2013-02-04 06:01:18 EST</DateTime></Topic><Msg>great news!</Msg><Username>hobbsethan</Username><Timestamp>1360871428381</Timestamp><DateTime>Thu, 2013-02-14 14:50:28 EST</DateTime><ThumbUp>0</ThumbUp><ThumbDown>0</ThumbDown><Sentiment/></Message><Message type="ReplyMessage"><Id>1360871505618-25</Id><Topic><Title>CA businesses to kiss off state</Title><Username>seeburgc</Username><Timestamp>1360857449077</Timestamp><DateTime>Thu, 2013-02-14 10:57:29 EST</DateTime></Topic><Msg>I'm not too sure of that seebe. Current employees may not be willing to move. Businesses won't have trouble hiring new ones. But you are right about the demographics changing in some states. It wouldn't be so bad if the pols had any sense running the state. Calif has been going down hill since Jerry Brown's first stint as Gov and Ahhnold couldn't fight the status quo.</Msg><Username>annieshenanigan</Username><Timestamp>1360871505618</Timestamp><DateTime>Thu, 2013-02-14 14:51:45 EST</DateTime><ThumbUp>1</ThumbUp><ThumbDown>2</ThumbDown><Sentiment/></Message><Message type="ReplyMessage"><Id>1360871621273-26</Id><Topic><Title>Did anyone else see this ORCL?</Title><Username>macmanimanadeline</Username><Timestamp>1359741245959</Timestamp><DateTime>Fri, 2013-02-01 12:54:05 EST</DateTime></Topic><Msg>I got it for free. Thank you</Msg><Username>rapture1marie</Username><Timestamp>1360871621273</Timestamp><DateTime>Thu, 2013-02-14 14:53:41 EST</DateTime><ThumbUp>0</ThumbUp><ThumbDown>0</ThumbDown><Sentiment/></Message><Message type="TopicMessage"><Id>1360872307991-27</Id><Title>Yahoo changing their format again</Title><Msg>Simplicity is not their goal, is it? What a maze of unnecessary cataloging.</Msg><Username>annieshenanigan</Username><Timestamp>1360872307991</Timestamp><DateTime>Thu, 2013-02-14 15:05:07 EST</DateTime><ThumbUp>1</ThumbUp><ThumbDown>1</ThumbDown><Sentiment/></Message><Message type="TopicMessage"><Id>1360875638857-28</Id><Title>LVWD==================LVWD</Title><Msg>GREAT BUYYYYYYYYYYYYYYYYYYYYYYY=====================.34</Msg><Username>edward.law007</Username><Timestamp>1360875638857</Timestamp><DateTime>Thu, 2013-02-14 16:00:38 EST</DateTime><ThumbUp>0</ThumbUp><ThumbDown>0</ThumbDown><Sentiment/></Message><Message type="ReplyMessage"><Id>1360879103286-29</Id><Topic><Title>(BREAKING NEWS) Analyst Downgrades ORCL</Title><Username>hbrown301</Username><Timestamp>1359975678439</Timestamp><DateTime>Mon, 2013-02-04 06:01:18 EST</DateTime></Topic><Msg>thanks</Msg><Username>kianhowe</Username><Timestamp>1360879103286</Timestamp><DateTime>Thu, 2013-02-14 16:58:23 EST</DateTime><ThumbUp>0</ThumbUp><ThumbDown>0</ThumbDown><Sentiment/></Message><Message type="TopicMessage"><Id>1360887616239-30</Id><Title>This Bites</Title><Msg>Saw this on a political cartoon site. Al Gore defended his sale of Current TV to oil funded Al Jazerra praising their extensive and highly appreciated climate coverage. Yeah, and Tokyo Rose played great dance tunes. Now that's a dropkick! Now that's a dropkick!</Msg><Username>annieshenanigan</Username><Timestamp>1360887616239</Timestamp><DateTime>Thu, 2013-02-14 19:20:16 EST</DateTime><ThumbUp>2</ThumbUp><ThumbDown>1</ThumbDown><Sentiment/></Message><Message type="TopicMessage"><Id>1360889677355-31</Id><Title>Much Improved Format Yahoo!</Title><Msg>Maybe your new CEO is getting some positive things done... finally!</Msg><Username>moveon_moveoutnow</Username><Timestamp>1360889677355</Timestamp><DateTime>Thu, 2013-02-14 19:54:37 EST</DateTime><ThumbUp>0</ThumbUp><ThumbDown>1</ThumbDown><Sentiment/></Message><Message type="ReplyMessage"><Id>1360892959489-32</Id><Topic><Title>CA businesses to kiss off state</Title><Username>seeburgc</Username><Timestamp>1360857449077</Timestamp><DateTime>Thu, 2013-02-14 10:57:29 EST</DateTime></Topic><Msg>Calif is broke, did you overlook that. Most of the debt caused by entitlement programs. It has nothing to do with the successful companies here, it has to do with the mindless liberal pols who have mismanged and misappropriated funds for their special interests. You are the ignorant one. Calif is becoming an extension of Mexico and tax paying workers are leaving because they are tired of paying for the very people who keep the dumb Dems in office. Chew on that. As for the Slicon Vally future, don't bet on it. Several have already moved to Colorado or Nevada. My son is a Silicon Valley transplant with a successful seim-conductor company. He was more than happy to get out of Calif. Get a clue.</Msg><Username>annieshenanigan</Username><Timestamp>1360892959489</Timestamp><DateTime>Thu, 2013-02-14 20:49:19 EST</DateTime><ThumbUp>1</ThumbUp><ThumbDown>0</ThumbDown><Sentiment/></Message><Message type="TopicMessage"><Id>1360896829462-33</Id><Title>Calif real estate off the charts??</Title><Msg>A fantasy liberal perspective. Not where I live and even Marin County, the ritz area of the north bay area has not recovered and what does sell is far below what home values were. Many retired people are downsizing and getting great bargains and somehow that is off the charts. (chuckle)</Msg><Username>annieshenanigan</Username><Timestamp>1360896829462</Timestamp><DateTime>Thu, 2013-02-14 21:53:49 EST</DateTime><ThumbUp>1</ThumbUp><ThumbDown>2</ThumbDown><Sentiment/></Message></Date>