<?xml version="1.0" encoding="UTF-8" standalone="no"?><Date date="2013-01-07"><Message type="ReplyMessage"><Id>1357577809091-1</Id><Topic><Title>No Stupid Ignorant Unconstitutional PC Pig Democrat Gun Control Laws!!</Title><Username>pt_bama_nation</Username><Timestamp>1357574298854</Timestamp><DateTime>Mon, 2013-01-07 10:58:18 EST</DateTime></Topic><Msg>If they try confiscating guns I believe it will cause an open insurrection. My suggestion is to NOT fight with police or military but to go talk to those mid level "liberals" that support such things and show them the error of their ways. You will have the support of many law enforcement people and military.</Msg><Username>lewcor</Username><Timestamp>1357577809091</Timestamp><DateTime>Mon, 2013-01-07 11:56:49 EST</DateTime><ThumbUp>4</ThumbUp><ThumbDown>2</ThumbDown><Sentiment/></Message><Message type="TopicMessage"><Id>1357583303131-2</Id><Title>No More Arrogant Liar Fraud &amp; Phony On The Planet...</Title><Msg>than Barack Hussein Obama! The majority of voters in America are total fools! The good news is that they will suffer for their stupidity!</Msg><Username>ivleeg_garbage</Username><Timestamp>1357583303131</Timestamp><DateTime>Mon, 2013-01-07 13:28:23 EST</DateTime><ThumbUp>6</ThumbUp><ThumbDown>3</ThumbDown><Sentiment/></Message><Message type="ReplyMessage"><Id>1357583612229-3</Id><Topic><Title>No Stupid Ignorant Unconstitutional PC Pig Democrat Gun Control Laws!!</Title><Username>pt_bama_nation</Username><Timestamp>1357574298854</Timestamp><DateTime>Mon, 2013-01-07 10:58:18 EST</DateTime></Topic><Msg>Screw-off you ignorant POS! Background Checks don't control guns... they control the whack jobs who might buy guns! How much do Democrat Pigs pay minions like you, kollie, for being such a stupid POS!??</Msg><Username>pt_bama_nation</Username><Timestamp>1357583612229</Timestamp><DateTime>Mon, 2013-01-07 13:33:32 EST</DateTime><ThumbUp>5</ThumbUp><ThumbDown>0</ThumbDown><Sentiment/></Message><Message type="TopicMessage"><Id>1357588004685-4</Id><Title>Due to an increase</Title><Msg>in the price of ammo, do not expect a warning shot. Sorry but times are hard. Seen on the back of an RV.</Msg><Username>annieshenanigan</Username><Timestamp>1357588004685</Timestamp><DateTime>Mon, 2013-01-07 14:46:44 EST</DateTime><ThumbUp>8</ThumbUp><ThumbDown>2</ThumbDown><Sentiment/></Message><Message type="TopicMessage"><Id>1357596486998-5</Id><Title>Bigpopcomingsoon</Title><Msg>Please save this board from boring even me (and my coke bottle lenses) to death. Between you and Whojadaddy the potential for those once epic battles to resume is great. Please, beneath it all, I thought your exchanges were the essence of the truest humor!</Msg><Username>harryschmoe</Username><Timestamp>1357596486998</Timestamp><DateTime>Mon, 2013-01-07 17:08:06 EST</DateTime><ThumbUp>0</ThumbUp><ThumbDown>0</ThumbDown><Sentiment/></Message></Date>