<?xml version="1.0" encoding="UTF-8" standalone="no"?><Date date="2013-02-06"><Message type="ReplyMessage"><Id>1360156372179-1</Id><Topic><Title>(BREAKING NEWS) Analyst Downgrades ORCL</Title><Username>hbrown301</Username><Timestamp>1359975678439</Timestamp><DateTime>Mon, 2013-02-04 06:01:18 EST</DateTime></Topic><Msg>good job</Msg><Username>deloresramos</Username><Timestamp>1360156372179</Timestamp><DateTime>Wed, 2013-02-06 08:12:52 EST</DateTime><ThumbUp>0</ThumbUp><ThumbDown>0</ThumbDown><Sentiment/></Message><Message type="ReplyMessage"><Id>1360160442176-2</Id><Topic><Title>The only thing repubs have against drone strikes is////////////////</Title><Username>dropkickpubs4321</Username><Timestamp>1360157488803</Timestamp><DateTime>Wed, 2013-02-06 08:31:28 EST</DateTime></Topic><Msg>Pigshyt!!! The hypocrisy of Obama, his lemming Pigs and his Pig Press &amp; Media whooores is beyond the pale... although fully expected! Three FFFing mass murdering terrorists get water-boarded for a few minutes, cough up extremely valuable information saving American lives, and Obama, with his Pigs in tow, goes nuts about the "Constitution", "Rights" and American "morality"! Obama then goes on to use Drones by the boatload, even doing the targeting, and kills thousands, half of which are CIVILIANS!! Obama is a GGGDDD Fraud! FYU PIG!</Msg><Username>corpusamericana</Username><Timestamp>1360160442176</Timestamp><DateTime>Wed, 2013-02-06 09:20:42 EST</DateTime><ThumbUp>7</ThumbUp><ThumbDown>0</ThumbDown><Sentiment/></Message><Message type="ReplyMessage"><Id>1360162847864-3</Id><Topic><Title>(BREAKING NEWS) Analyst Downgrades ORCL</Title><Username>hbrown301</Username><Timestamp>1359975678439</Timestamp><DateTime>Mon, 2013-02-04 06:01:18 EST</DateTime></Topic><Msg>great news!</Msg><Username>michelecook203</Username><Timestamp>1360162847864</Timestamp><DateTime>Wed, 2013-02-06 10:00:47 EST</DateTime><ThumbUp>0</ThumbUp><ThumbDown>0</ThumbDown><Sentiment/></Message><Message type="ReplyMessage"><Id>1360166045927-4</Id><Topic><Title>Did anyone else see this ORCL?</Title><Username>macmanimanadeline</Username><Timestamp>1359741245959</Timestamp><DateTime>Fri, 2013-02-01 12:54:05 EST</DateTime></Topic><Msg>Ok cool. Thank you for sharing this.</Msg><Username>plaatslynette</Username><Timestamp>1360166045927</Timestamp><DateTime>Wed, 2013-02-06 10:54:05 EST</DateTime><ThumbUp>0</ThumbUp><ThumbDown>1</ThumbDown><Sentiment>Buy</Sentiment></Message><Message type="TopicMessage"><Id>1360170027117-5</Id><Title>CERP up Friday 8%, Monday 25%, Tuesday 47% Biodegradable plastic maker on fire!</Title><Msg>Want to get in one at the very bottom, but just beginning to surge up everyday? Take a good look at CERP company has a great turn around story recent 4 week new sales of around 1 million with a previous high over $5.00 currently trading for only pennies on the dollar..Look up the chart and read the news this one is on fire! Up again today over 35% IMHO GLTA</Msg><Username>mobiletechsolutions</Username><Timestamp>1360170027117</Timestamp><DateTime>Wed, 2013-02-06 12:00:27 EST</DateTime><ThumbUp>0</ThumbUp><ThumbDown>0</ThumbDown><Sentiment>Strong Buy</Sentiment></Message><Message type="ReplyMessage"><Id>1360172978414-6</Id><Topic><Title>Did anyone else see this ORCL?</Title><Username>macmanimanadeline</Username><Timestamp>1359741245959</Timestamp><DateTime>Fri, 2013-02-01 12:54:05 EST</DateTime></Topic><Msg>I just read your article. Nothing else.</Msg><Username>rampant1marlene</Username><Timestamp>1360172978414</Timestamp><DateTime>Wed, 2013-02-06 12:49:38 EST</DateTime><ThumbUp>0</ThumbUp><ThumbDown>1</ThumbDown><Sentiment>Buy</Sentiment></Message><Message type="TopicMessage"><Id>1360177957894-7</Id><Title>ORCL is down 3 times as much as the nasdaq. POS.</Title><Msg>Should short this pos to the ground.</Msg><Username>charts_say_sell_u_dumb_azz</Username><Timestamp>1360177957894</Timestamp><DateTime>Wed, 2013-02-06 14:12:37 EST</DateTime><ThumbUp>0</ThumbUp><ThumbDown>4</ThumbDown><Sentiment/></Message><Message type="ReplyMessage"><Id>1360178642385-8</Id><Topic><Title>Glenn Beck: Obama is a full-fledged woman</Title><Username>ourfirstpantroglodytepresident</Username><Timestamp>1360123949889</Timestamp><DateTime>Tue, 2013-02-05 23:12:29 EST</DateTime></Topic><Msg>I knew it.</Msg><Username>vanzinf</Username><Timestamp>1360178642385</Timestamp><DateTime>Wed, 2013-02-06 14:24:02 EST</DateTime><ThumbUp>2</ThumbUp><ThumbDown>0</ThumbDown><Sentiment/></Message><Message type="ReplyMessage"><Id>1360178808157-9</Id><Topic><Title>(BREAKING NEWS) Analyst Downgrades ORCL</Title><Username>hbrown301</Username><Timestamp>1359975678439</Timestamp><DateTime>Mon, 2013-02-04 06:01:18 EST</DateTime></Topic><Msg>props</Msg><Username>christopherhansen93</Username><Timestamp>1360178808157</Timestamp><DateTime>Wed, 2013-02-06 14:26:48 EST</DateTime><ThumbUp>0</ThumbUp><ThumbDown>0</ThumbDown><Sentiment/></Message><Message type="ReplyMessage"><Id>1360180340101-10</Id><Topic><Title>Did anyone else see this ORCL?</Title><Username>macmanimanadeline</Username><Timestamp>1359741245959</Timestamp><DateTime>Fri, 2013-02-01 12:54:05 EST</DateTime></Topic><Msg>You are the best.</Msg><Username>mrinnpbkeisha</Username><Timestamp>1360180340101</Timestamp><DateTime>Wed, 2013-02-06 14:52:20 EST</DateTime><ThumbUp>0</ThumbUp><ThumbDown>1</ThumbDown><Sentiment/></Message><Message type="ReplyMessage"><Id>1360181143015-11</Id><Topic><Title>Obama memo justifies drone-war killing of Americans</Title><Username>ourfirstpantroglodytepresident</Username><Timestamp>1360090327812</Timestamp><DateTime>Tue, 2013-02-05 13:52:07 EST</DateTime></Topic><Msg>And the DA liberals were ranting about Bush's wiretapping. Obama takes a giant leap, wiretapping isn't enough. Like everything else, the left down plays whatever absurd action Obama declares. Ban guns but drones are OK. Bend the rules and rewrite the constitution. What lunacy.</Msg><Username>passthebuckaroo</Username><Timestamp>1360181143015</Timestamp><DateTime>Wed, 2013-02-06 15:05:43 EST</DateTime><ThumbUp>5</ThumbUp><ThumbDown>1</ThumbDown><Sentiment/></Message><Message type="ReplyMessage"><Id>1360181461654-12</Id><Topic><Title>Obama memo justifies drone-war killing of Americans</Title><Username>ourfirstpantroglodytepresident</Username><Timestamp>1360090327812</Timestamp><DateTime>Tue, 2013-02-05 13:52:07 EST</DateTime></Topic><Msg>Drones vs waterboarding, How many people died from waterboarding?</Msg><Username>passthebuckaroo</Username><Timestamp>1360181461654</Timestamp><DateTime>Wed, 2013-02-06 15:11:01 EST</DateTime><ThumbUp>3</ThumbUp><ThumbDown>1</ThumbDown><Sentiment/></Message><Message type="ReplyMessage"><Id>1360186200975-13</Id><Topic><Title>(BREAKING NEWS) Analyst Downgrades ORCL</Title><Username>hbrown301</Username><Timestamp>1359975678439</Timestamp><DateTime>Mon, 2013-02-04 06:01:18 EST</DateTime></Topic><Msg>great report</Msg><Username>tommysevert</Username><Timestamp>1360186200975</Timestamp><DateTime>Wed, 2013-02-06 16:30:00 EST</DateTime><ThumbUp>0</ThumbUp><ThumbDown>0</ThumbDown><Sentiment/></Message><Message type="ReplyMessage"><Id>1360189692676-14</Id><Topic><Title>Did anyone else see this ORCL?</Title><Username>macmanimanadeline</Username><Timestamp>1359741245959</Timestamp><DateTime>Fri, 2013-02-01 12:54:05 EST</DateTime></Topic><Msg>An article that's worth a read.</Msg><Username>mitokadina</Username><Timestamp>1360189692676</Timestamp><DateTime>Wed, 2013-02-06 17:28:12 EST</DateTime><ThumbUp>0</ThumbUp><ThumbDown>0</ThumbDown><Sentiment/></Message><Message type="ReplyMessage"><Id>1360190375182-15</Id><Topic><Title>Oracle buy Acme Packet for 2.1 Billion</Title><Username>jimbohomegamedyall</Username><Timestamp>1360018529874</Timestamp><DateTime>Mon, 2013-02-04 17:55:29 EST</DateTime></Topic><Msg>More like David and Goliath..</Msg><Username>fss13</Username><Timestamp>1360190375182</Timestamp><DateTime>Wed, 2013-02-06 17:39:35 EST</DateTime><ThumbUp>0</ThumbUp><ThumbDown>2</ThumbDown><Sentiment>Sell</Sentiment></Message><Message type="ReplyMessage"><Id>1360190562772-16</Id><Topic><Title>So Bill Clinton says to me</Title><Username>malignant_menendez</Username><Timestamp>1360026535432</Timestamp><DateTime>Mon, 2013-02-04 20:08:55 EST</DateTime></Topic><Msg>Was that an offer, or a question?</Msg><Username>fss13</Username><Timestamp>1360190562772</Timestamp><DateTime>Wed, 2013-02-06 17:42:42 EST</DateTime><ThumbUp>3</ThumbUp><ThumbDown>1</ThumbDown><Sentiment>Sell</Sentiment></Message><Message type="ReplyMessage"><Id>1360191058361-17</Id><Topic><Title>(BREAKING NEWS) Analyst Downgrades ORCL</Title><Username>hbrown301</Username><Timestamp>1359975678439</Timestamp><DateTime>Mon, 2013-02-04 06:01:18 EST</DateTime></Topic><Msg>how about that..</Msg><Username>andrewowens840</Username><Timestamp>1360191058361</Timestamp><DateTime>Wed, 2013-02-06 17:50:58 EST</DateTime><ThumbUp>0</ThumbUp><ThumbDown>0</ThumbDown><Sentiment/></Message><Message type="ReplyMessage"><Id>1360192323927-18</Id><Topic><Title>Did anyone else see this ORCL?</Title><Username>macmanimanadeline</Username><Timestamp>1359741245959</Timestamp><DateTime>Fri, 2013-02-01 12:54:05 EST</DateTime></Topic><Msg>I just read your article. Nothing else.</Msg><Username>pasutldina</Username><Timestamp>1360192323927</Timestamp><DateTime>Wed, 2013-02-06 18:12:03 EST</DateTime><ThumbUp>0</ThumbUp><ThumbDown>1</ThumbDown><Sentiment/></Message><Message type="ReplyMessage"><Id>1360192810719-19</Id><Topic><Title>ORCL is down 3 times as much as the nasdaq. POS.</Title><Username>charts_say_sell_u_dumb_azz</Username><Timestamp>1360177957894</Timestamp><DateTime>Wed, 2013-02-06 14:12:37 EST</DateTime></Topic><Msg>And you screamed, Short NFLX a day before it exploded 50% higher. Keep your paper route buudy, now go clean up your trailer.</Msg><Username>optionsbull</Username><Timestamp>1360192810719</Timestamp><DateTime>Wed, 2013-02-06 18:20:10 EST</DateTime><ThumbUp>2</ThumbUp><ThumbDown>1</ThumbDown><Sentiment/></Message><Message type="ReplyMessage"><Id>1360194523579-20</Id><Topic><Title>(BREAKING NEWS) Analyst Downgrades ORCL</Title><Username>hbrown301</Username><Timestamp>1359975678439</Timestamp><DateTime>Mon, 2013-02-04 06:01:18 EST</DateTime></Topic><Msg>good report</Msg><Username>ruthriley107</Username><Timestamp>1360194523579</Timestamp><DateTime>Wed, 2013-02-06 18:48:43 EST</DateTime><ThumbUp>0</ThumbUp><ThumbDown>0</ThumbDown><Sentiment/></Message><Message type="ReplyMessage"><Id>1360199291076-21</Id><Topic><Title>Obama memo justifies drone-war killing of Americans</Title><Username>ourfirstpantroglodytepresident</Username><Timestamp>1360090327812</Timestamp><DateTime>Tue, 2013-02-05 13:52:07 EST</DateTime></Topic><Msg>Sure they're wrong but so are WMDs. I say all Americans should be able to own drones for protection from tyranny. What is Obama going to do next, target all the residents that may have assault weapons? He can start with NY where they've been mapped compliments of the liberal press. Why do you think more countries have nuclear weapons now? Leveling the playing field. Why can't individual citizens? Yeah, mini-drones delivered via your i-phone with music. I like it.</Msg><Username>passthebuckaroo</Username><Timestamp>1360199291076</Timestamp><DateTime>Wed, 2013-02-06 20:08:11 EST</DateTime><ThumbUp>0</ThumbUp><ThumbDown>1</ThumbDown><Sentiment/></Message><Message type="ReplyMessage"><Id>1360200061698-22</Id><Topic><Title>It's Confounding</Title><Username>annieshenanigan</Username><Timestamp>1359767129220</Timestamp><DateTime>Fri, 2013-02-01 20:05:29 EST</DateTime></Topic><Msg>What is truly confounding is why you diks keep posting about politics on an investor message board when there's about a zillion other more relevant boards you could post your #$%$ on. Whatza matter... you guys too chiken#$%$ to have discussions with people who know their stuff? Morons... all of you.</Msg><Username>blackoutbuzz</Username><Timestamp>1360200061698</Timestamp><DateTime>Wed, 2013-02-06 20:21:01 EST</DateTime><ThumbUp>1</ThumbUp><ThumbDown>10</ThumbDown><Sentiment/></Message><Message type="ReplyMessage"><Id>1360200190015-23</Id><Topic><Title>Obama memo justifies drone-war killing of Americans</Title><Username>ourfirstpantroglodytepresident</Username><Timestamp>1360090327812</Timestamp><DateTime>Tue, 2013-02-05 13:52:07 EST</DateTime></Topic><Msg>What does this have even remotely to do with ORCL? Get lost you political spammers</Msg><Username>blackoutbuzz</Username><Timestamp>1360200190015</Timestamp><DateTime>Wed, 2013-02-06 20:23:10 EST</DateTime><ThumbUp>3</ThumbUp><ThumbDown>0</ThumbDown><Sentiment/></Message><Message type="ReplyMessage"><Id>1360200371795-24</Id><Topic><Title>Oracle buy Acme Packet for 2.1 Billion</Title><Username>jimbohomegamedyall</Username><Timestamp>1360018529874</Timestamp><DateTime>Mon, 2013-02-04 17:55:29 EST</DateTime></Topic><Msg>A confusing move on the face of it but I have confidence in this CEO unlike those at so many other big high tech firms am and sure there is a good reason behind it</Msg><Username>blackoutbuzz</Username><Timestamp>1360200371795</Timestamp><DateTime>Wed, 2013-02-06 20:26:11 EST</DateTime><ThumbUp>1</ThumbUp><ThumbDown>2</ThumbDown><Sentiment/></Message><Message type="TopicMessage"><Id>1360207429161-25</Id><Title>Talk About Lunacy</Title><Msg>Dem lawmakers in Calif proposing legislation that requires gun owners to buy liability insurance to cover damages or injuries caused by their weapons. So, a criminal can steal your gun, use it in a homicide and your liable. The Dems never fail to make a case for dumb solutions. No wonder people are fleeing this state in masses. They haven't done enough to screw things up. The results speak for themselves. I can't wait until my husband retires and he can do that when he's 59 with full pay. We've settled on Big Sky Montana where they believe in personal responsibility, crime is minimal and there is no sales tax. The best part is living out of Calif he won't pay state tax on his pension. It's not surprising that liberal states are all broke. They're running out the people who keep the state solvent.</Msg><Username>annieshenanigan</Username><Timestamp>1360207429161</Timestamp><DateTime>Wed, 2013-02-06 22:23:49 EST</DateTime><ThumbUp>0</ThumbUp><ThumbDown>2</ThumbDown><Sentiment>Sell</Sentiment></Message></Date>