<?xml version="1.0" encoding="UTF-8" standalone="no"?><Date date="2013-01-02"><Message type="ReplyMessage"><Id>1357127054286-1</Id><Topic><Title>I was hurting.. Chart Information Help.</Title><Username>jasminepiatek833</Username><Timestamp>1309365342000</Timestamp><DateTime>Wed, 2011-06-29 12:35:42 EDT</DateTime></Topic><Msg>Fantastic. I will check it out.</Msg><Username>charles.meadow</Username><Timestamp>1357127054286</Timestamp><DateTime>Wed, 2013-01-02 06:44:14 EST</DateTime><ThumbUp>0</ThumbUp><ThumbDown>2</ThumbDown><Sentiment/></Message><Message type="TopicMessage"><Id>1357130657109-2</Id><Title>Time Repubs admit bgroup tax cuts were a HUGE mistake, right?</Title><Msg>I'd like to see any one of you db's defend them!</Msg><Username>dropkickpubs4321</Username><Timestamp>1357130657109</Timestamp><DateTime>Wed, 2013-01-02 07:44:17 EST</DateTime><ThumbUp>0</ThumbUp><ThumbDown>3</ThumbDown><Sentiment/></Message><Message type="ReplyMessage"><Id>1357131773335-3</Id><Topic><Title>Whopping Upgrade for ORCL . Read Now!</Title><Username>clinton.merlain</Username><Timestamp>1357130546161</Timestamp><DateTime>Wed, 2013-01-02 07:42:26 EST</DateTime></Topic><Msg>yest it is</Msg><Username>haistentaylor</Username><Timestamp>1357131773335</Timestamp><DateTime>Wed, 2013-01-02 08:02:53 EST</DateTime><ThumbUp>4</ThumbUp><ThumbDown>7</ThumbDown><Sentiment>Hold</Sentiment></Message><Message type="ReplyMessage"><Id>1357133505879-4</Id><Topic><Title>Isn't it time republicans admit bgroup tax cuts were the worst thing for the country and still are.</Title><Username>dropkickpubs4321</Username><Timestamp>1357130865795</Timestamp><DateTime>Wed, 2013-01-02 07:47:45 EST</DateTime></Topic><Msg>Hell No! It's pure Pigshyt... like 99.9% of your brain-dead! Comprende Baggerboy??! The Worst Thing even to happen to this Country, by far, is Obama, Pelosi and Reid... and their Nanny State country-raping ideology!</Msg><Username>moveon_moveoutnow</Username><Timestamp>1357133505879</Timestamp><DateTime>Wed, 2013-01-02 08:31:45 EST</DateTime><ThumbUp>1</ThumbUp><ThumbDown>3</ThumbDown><Sentiment/></Message><Message type="ReplyMessage"><Id>1357135404222-5</Id><Topic><Title>Isn't it time republicans admit bgroup tax cuts were the worst thing for the country and still are.</Title><Username>dropkickpubs4321</Username><Timestamp>1357130865795</Timestamp><DateTime>Wed, 2013-01-02 07:47:45 EST</DateTime></Topic><Msg>Bagger... you're a consistently shameless fool!</Msg><Username>moveon_moveoutnow</Username><Timestamp>1357135404222</Timestamp><DateTime>Wed, 2013-01-02 09:03:24 EST</DateTime><ThumbUp>0</ThumbUp><ThumbDown>1</ThumbDown><Sentiment/></Message><Message type="ReplyMessage"><Id>1357138695037-6</Id><Topic><Title>Barely averted largest tax increase in US history,,, what BS!</Title><Username>dropkickpubs4321</Username><Timestamp>1357130581405</Timestamp><DateTime>Wed, 2013-01-02 07:43:01 EST</DateTime></Topic><Msg>Well, given the only time in the past 12 years we even came close to balancing the budget was after the cuts, during the two wars, and after the unfunded drug program, one could say that anecdotally the tax cuts are not a problem. Of course the tax cuts were a great idea -- the problem was, and still is, a national addiction to spending. Instead of spewing your blind allegiance to all things progressive and hating on all things conservative, how about you actually do some analysismand thinking? Try this: run the numbers of returning all tax rates back to Clinton's last year, but also adjust spending to his last year PLUS inflation PLUS the change in population. Uh, spoiler alert ----- one of the things you will find is that wen are spending 930 billion more than the number described above!</Msg><Username>coughingredink</Username><Timestamp>1357138695037</Timestamp><DateTime>Wed, 2013-01-02 09:58:15 EST</DateTime><ThumbUp>0</ThumbUp><ThumbDown>3</ThumbDown><Sentiment/></Message><Message type="ReplyMessage"><Id>1357139491661-7</Id><Topic><Title>Analyse technical learn</Title><Username>pearliekollarrhcqkhu9833</Username><Timestamp>1305295346000</Timestamp><DateTime>Fri, 2011-05-13 10:02:26 EDT</DateTime></Topic><Msg>Good move.</Msg><Username>charles.meadow</Username><Timestamp>1357139491661</Timestamp><DateTime>Wed, 2013-01-02 10:11:31 EST</DateTime><ThumbUp>0</ThumbUp><ThumbDown>1</ThumbDown><Sentiment/></Message><Message type="TopicMessage"><Id>1357146939977-8</Id><Title>More liberal logic</Title><Msg>"The validity of the public debt of the US, authorized by law, shall not be questioned" So the 14th amendment only applies to Obama and not to Bush? The left's ranting about Bush debt is still going on. You read the constitution, now find out what it actually means. It's not just for one party.</Msg><Username>annieshenanigan</Username><Timestamp>1357146939977</Timestamp><DateTime>Wed, 2013-01-02 12:15:39 EST</DateTime><ThumbUp>2</ThumbUp><ThumbDown>0</ThumbDown><Sentiment/></Message><Message type="TopicMessage"><Id>1357148488321-9</Id><Title>It's a HUGE RELEIF that Unemployment Benefits Will Be Extended for Another Year...</Title><Msg>... because after 4 years of Obama, the "labor participation rate" remains near a record low and more than ever before, we NEED those unemployment benefits. 2 years from now, I predict that the labor participation rate will STILL be low and Obama's only answer to it will remain America's latest new "entitlement"... endless, deficit-enhancing, unemployment benefits for everyone! Only in Obama's America can THAT kind of disease get you re-elected. Everybody I KNOW who receives unemployment benefits and wants to keep them coming indefinately voted for Mr. Obama.</Msg><Username>bjspokanimal</Username><Timestamp>1357148488321</Timestamp><DateTime>Wed, 2013-01-02 12:41:28 EST</DateTime><ThumbUp>6</ThumbUp><ThumbDown>0</ThumbDown><Sentiment/></Message><Message type="ReplyMessage"><Id>1357152348860-10</Id><Topic><Title>It's a HUGE RELEIF that Unemployment Benefits Will Be Extended for Another Year...</Title><Username>bjspokanimal</Username><Timestamp>1357148488321</Timestamp><DateTime>Wed, 2013-01-02 12:41:28 EST</DateTime></Topic><Msg>Obama has no clue... save to bankrupt the Country and turn the voting majority of Americans into Nanny State leeches!!</Msg><Username>econ_meister</Username><Timestamp>1357152348860</Timestamp><DateTime>Wed, 2013-01-02 13:45:48 EST</DateTime><ThumbUp>9</ThumbUp><ThumbDown>0</ThumbDown><Sentiment/></Message><Message type="ReplyMessage"><Id>1357155033512-11</Id><Topic><Title>It's a HUGE RELEIF that Unemployment Benefits Will Be Extended for Another Year...</Title><Username>bjspokanimal</Username><Timestamp>1357148488321</Timestamp><DateTime>Wed, 2013-01-02 12:41:28 EST</DateTime></Topic><Msg>Although FICA taxes were raised for everyone, the biggest taxes were levied against America's most prominant job-creators... who are busy heading offshore and diving into un-productive tax shelters. Thus the need for America's latest, new entitlement... endless un-employment benefits for everybody! We live in the United States of Greece! S</Msg><Username>bjspokanimal</Username><Timestamp>1357155033512</Timestamp><DateTime>Wed, 2013-01-02 14:30:33 EST</DateTime><ThumbUp>6</ThumbUp><ThumbDown>0</ThumbDown><Sentiment/></Message><Message type="ReplyMessage"><Id>1357156069357-12</Id><Topic><Title>It's a HUGE RELEIF that Unemployment Benefits Will Be Extended for Another Year...</Title><Username>bjspokanimal</Username><Timestamp>1357148488321</Timestamp><DateTime>Wed, 2013-01-02 12:41:28 EST</DateTime></Topic><Msg>After three years of collecting unemployment, these people will only start working at gunpoint. They will join the hopeless in America.</Msg><Username>vanzinf</Username><Timestamp>1357156069357</Timestamp><DateTime>Wed, 2013-01-02 14:47:49 EST</DateTime><ThumbUp>3</ThumbUp><ThumbDown>0</ThumbDown><Sentiment/></Message><Message type="ReplyMessage"><Id>1357156165688-13</Id><Topic><Title>So, what are the two sides really fighting about?</Title><Username>delucks345</Username><Timestamp>1357145943442</Timestamp><DateTime>Wed, 2013-01-02 11:59:03 EST</DateTime></Topic><Msg>Clueless libiot comment. We are headed toward Greece situation. And the hammer will fall soon.</Msg><Username>vanzinf</Username><Timestamp>1357156165688</Timestamp><DateTime>Wed, 2013-01-02 14:49:25 EST</DateTime><ThumbUp>0</ThumbUp><ThumbDown>0</ThumbDown><Sentiment/></Message><Message type="ReplyMessage"><Id>1357156237254-14</Id><Topic><Title>So, what are the two sides really fighting about?</Title><Username>delucks345</Username><Timestamp>1357145943442</Timestamp><DateTime>Wed, 2013-01-02 11:59:03 EST</DateTime></Topic><Msg>Whatever happened to personal responsibility? Gonezo.</Msg><Username>vanzinf</Username><Timestamp>1357156237254</Timestamp><DateTime>Wed, 2013-01-02 14:50:37 EST</DateTime><ThumbUp>0</ThumbUp><ThumbDown>0</ThumbDown><Sentiment/></Message><Message type="ReplyMessage"><Id>1357156564227-15</Id><Topic><Title>Grover Norquist, “drown it in the bathtub.”</Title><Username>delucks345</Username><Timestamp>1357143945361</Timestamp><DateTime>Wed, 2013-01-02 11:25:45 EST</DateTime></Topic><Msg>Let us not forget the cost of our national debt, forty cents on the dollar and growing. And if interest rates rise, we are Greece or worse. Strange, but my three kids prepared for their future and they are doing great. It cost my wife and I $400,000 but was well worth it. Bottom line, get educated or learn a trade, and one will do well in America. Don't, and you should pay the consequences.</Msg><Username>vanzinf</Username><Timestamp>1357156564227</Timestamp><DateTime>Wed, 2013-01-02 14:56:04 EST</DateTime><ThumbUp>1</ThumbUp><ThumbDown>1</ThumbDown><Sentiment/></Message><Message type="ReplyMessage"><Id>1357156698436-16</Id><Topic><Title>ignorant hypocrite tea party should read and stick to the USA constitution</Title><Username>delucks345</Username><Timestamp>1357139769719</Timestamp><DateTime>Wed, 2013-01-02 10:16:09 EST</DateTime></Topic><Msg>Tea Party the only adult in the room. National debt cost will soar in the near future. Maybe China will settle for California in they recall what America owes them. I would settle for New York.</Msg><Username>vanzinf</Username><Timestamp>1357156698436</Timestamp><DateTime>Wed, 2013-01-02 14:58:18 EST</DateTime><ThumbUp>1</ThumbUp><ThumbDown>0</ThumbDown><Sentiment/></Message><Message type="ReplyMessage"><Id>1357156829089-17</Id><Topic><Title>Isn't it time republicans admit bgroup tax cuts were the worst thing for the country and still are.</Title><Username>dropkickpubs4321</Username><Timestamp>1357130865795</Timestamp><DateTime>Wed, 2013-01-02 07:47:45 EST</DateTime></Topic><Msg>Kick, they why would the Bummer support the Bush tax cuts for 99 percent of all Americans? Go figure.</Msg><Username>vanzinf</Username><Timestamp>1357156829089</Timestamp><DateTime>Wed, 2013-01-02 15:00:29 EST</DateTime><ThumbUp>0</ThumbUp><ThumbDown>1</ThumbDown><Sentiment/></Message><Message type="ReplyMessage"><Id>1357156897606-18</Id><Topic><Title>Probably Romkees taxes won't go up</Title><Username>dropkickpubs4321</Username><Timestamp>1357133673848</Timestamp><DateTime>Wed, 2013-01-02 08:34:33 EST</DateTime></Topic><Msg>Romney a producer, his Taxes need to decrease.</Msg><Username>vanzinf</Username><Timestamp>1357156897606</Timestamp><DateTime>Wed, 2013-01-02 15:01:37 EST</DateTime><ThumbUp>0</ThumbUp><ThumbDown>0</ThumbDown><Sentiment/></Message><Message type="ReplyMessage"><Id>1357156977579-19</Id><Topic><Title>Sean Hannity lost half his TV audience after the ...</Title><Username>dropkickpubs4321</Username><Timestamp>1357103549613</Timestamp><DateTime>Wed, 2013-01-02 00:12:29 EST</DateTime></Topic><Msg>The truth hurts. Greece coming to America soon.</Msg><Username>vanzinf</Username><Timestamp>1357156977579</Timestamp><DateTime>Wed, 2013-01-02 15:02:57 EST</DateTime><ThumbUp>1</ThumbUp><ThumbDown>0</ThumbDown><Sentiment/></Message><Message type="ReplyMessage"><Id>1357157045099-20</Id><Topic><Title>Cantor opposes Senate fiscal cliff bill</Title><Username>dropkickpubs4321</Username><Timestamp>1357084285870</Timestamp><DateTime>Tue, 2013-01-01 18:51:25 EST</DateTime></Topic><Msg>One adult in the room doesn't equal success.</Msg><Username>vanzinf</Username><Timestamp>1357157045099</Timestamp><DateTime>Wed, 2013-01-02 15:04:05 EST</DateTime><ThumbUp>0</ThumbUp><ThumbDown>0</ThumbDown><Sentiment/></Message><Message type="ReplyMessage"><Id>1357157099855-21</Id><Topic><Title>Sean Hannity lost half his TV audience after the ...</Title><Username>dropkickpubs4321</Username><Timestamp>1357103549613</Timestamp><DateTime>Wed, 2013-01-02 00:12:29 EST</DateTime></Topic><Msg>Now it's only 4 times larger than the Pigs on MSNBC and CNN!</Msg><Username>ivleeg_garbage</Username><Timestamp>1357157099855</Timestamp><DateTime>Wed, 2013-01-02 15:04:59 EST</DateTime><ThumbUp>2</ThumbUp><ThumbDown>0</ThumbDown><Sentiment/></Message><Message type="TopicMessage"><Id>1357157157457-22</Id><Title>December Deficit</Title><Msg>172 billion big ones. That stimulus really is working. The Bummer wants to destroy America one billion at a time. Can you say Bozo.</Msg><Username>vanzinf</Username><Timestamp>1357157157457</Timestamp><DateTime>Wed, 2013-01-02 15:05:57 EST</DateTime><ThumbUp>4</ThumbUp><ThumbDown>2</ThumbDown><Sentiment/></Message><Message type="ReplyMessage"><Id>1357161684530-23</Id><Topic><Title>It's a HUGE RELEIF that Unemployment Benefits Will Be Extended for Another Year...</Title><Username>bjspokanimal</Username><Timestamp>1357148488321</Timestamp><DateTime>Wed, 2013-01-02 12:41:28 EST</DateTime></Topic><Msg>A lot of people with sufficient savings are content to "take some time off" with unemployment benefits... or simply be ultra-picky about what kind of work they're willing to do. But, sometimes those people see value in finding an employer with health care benefits so they look harder to find a job and start contributing to society once again. Well, Mr. Obama had an answer for THAT little incentive for people to get off their #$%$ and find a job... OBAMACARE!... ... now we can take some time off and live on savings that's augmented by BOTH the new unemployment entitlement AND Obamacare coverage... we've never HAD so many reasons not to find a job and we now have under Obama's new, socialized America. I hear that he's going to start subsidizing car purchases with deficit spending so we'll all have a set of wheels to go down to the unemployment office with and pick up our checks!</Msg><Username>bjspokanimal</Username><Timestamp>1357161684530</Timestamp><DateTime>Wed, 2013-01-02 16:21:24 EST</DateTime><ThumbUp>2</ThumbUp><ThumbDown>0</ThumbDown><Sentiment/></Message><Message type="TopicMessage"><Id>1357167281640-24</Id><Title>Oracle</Title><Msg>Does anyone actually follow the Oracle stock on this board?</Msg><Username>coughingredink</Username><Timestamp>1357167281640</Timestamp><DateTime>Wed, 2013-01-02 17:54:41 EST</DateTime><ThumbUp>2</ThumbUp><ThumbDown>1</ThumbDown><Sentiment/></Message><Message type="TopicMessage"><Id>1357167460037-25</Id><Title>Tax Increases and spankerdropkicks faiure to launch</Title><Msg>Well, given the only time in the past 12 years we even came close to balancing the budget was after the cuts, during the two wars, and after the unfunded drug program, one could say that anecdotally the tax cuts are not a problem. Of course the tax cuts were a great idea -- the problem was, and still is, a national addiction to spending. Instead of spewing your blind allegiance to all things progressive and hating on all things conservative, how about you actually do some analysismand thinking? Try this: run the numbers of returning all tax rates back to Clinton's last year, but also adjust spending to his last year PLUS inflation PLUS the change in population. Uh, spoiler alert ----- one of the things you will find is that wen are spending 930 billion more than the number described above!</Msg><Username>coughingredink</Username><Timestamp>1357167460037</Timestamp><DateTime>Wed, 2013-01-02 17:57:40 EST</DateTime><ThumbUp>2</ThumbUp><ThumbDown>1</ThumbDown><Sentiment/></Message><Message type="ReplyMessage"><Id>1357174677441-26</Id><Topic><Title>More liberal logic</Title><Username>annieshenanigan</Username><Timestamp>1357146939977</Timestamp><DateTime>Wed, 2013-01-02 12:15:39 EST</DateTime></Topic><Msg>Your point needs alittle more thought. Why bring up Romney when the issue was Obama vs Bush. But to set the record straight, Romney laid out his fiscally conservative approach and the people who vote for a living wanted none of it. They're happy with Obama's debt, as most of them don't have to pay for it. Get real, liberals ranted about the debt Bush incurred during Iraq, spending authorized by Congress. It's all about how the money is spent, right? You want the US to be conservative when it comes to war but liberal otherwise.</Msg><Username>annieshenanigan</Username><Timestamp>1357174677441</Timestamp><DateTime>Wed, 2013-01-02 19:57:57 EST</DateTime><ThumbUp>1</ThumbUp><ThumbDown>0</ThumbDown><Sentiment/></Message><Message type="ReplyMessage"><Id>1357175809201-27</Id><Topic><Title>who increased gov spending more, Bush or Obama?</Title><Username>delucks345</Username><Timestamp>1357168562545</Timestamp><DateTime>Wed, 2013-01-02 18:16:02 EST</DateTime></Topic><Msg>You do remember Nancy Pelosi &amp; Harry Reid, correct? Also Obama was consulted and approved of varius items in it (such as TARP). He also had opportunity to change it and did not. In fact he added to it! As always, you simplistic #$%$ Lie &amp; Lie and the Lie some more!</Msg><Username>bullwinkle.themoose</Username><Timestamp>1357175809201</Timestamp><DateTime>Wed, 2013-01-02 20:16:49 EST</DateTime><ThumbUp>1</ThumbUp><ThumbDown>0</ThumbDown><Sentiment/></Message><Message type="ReplyMessage"><Id>1357176040022-28</Id><Topic><Title>Tax Increases and spankerdropkicks faiure to launch</Title><Username>coughingredink</Username><Timestamp>1357167460037</Timestamp><DateTime>Wed, 2013-01-02 17:57:40 EST</DateTime></Topic><Msg>**** Obama's budget in 2012 is about 2% more that his 2010 budget ... LIAR! OBAMA HAS YET TO MAKE EVEN ONE BUDGET! We have had NO budget for almost four years now!</Msg><Username>bullwinkle.themoose</Username><Timestamp>1357176040022</Timestamp><DateTime>Wed, 2013-01-02 20:20:40 EST</DateTime><ThumbUp>2</ThumbUp><ThumbDown>1</ThumbDown><Sentiment>Strong Sell</Sentiment></Message><Message type="ReplyMessage"><Id>1357176159748-29</Id><Topic><Title>Tax Increases and spankerdropkicks faiure to launch</Title><Username>coughingredink</Username><Timestamp>1357167460037</Timestamp><DateTime>Wed, 2013-01-02 17:57:40 EST</DateTime></Topic><Msg>Because the Mission, of the Invasion, was Accomplished DB! Problem was Bush, Cheney &amp; Rumsfeld had no plan for an "Occupation." They didn't even want to call it ancd "occupation" they called it a "Liberation."</Msg><Username>bullwinkle.themoose</Username><Timestamp>1357176159748</Timestamp><DateTime>Wed, 2013-01-02 20:22:39 EST</DateTime><ThumbUp>1</ThumbUp><ThumbDown>1</ThumbDown><Sentiment>Strong Sell</Sentiment></Message><Message type="ReplyMessage"><Id>1357176595120-30</Id><Topic><Title>It's a HUGE RELEIF that Unemployment Benefits Will Be Extended for Another Year...</Title><Username>bjspokanimal</Username><Timestamp>1357148488321</Timestamp><DateTime>Wed, 2013-01-02 12:41:28 EST</DateTime></Topic><Msg>*** More retired people. Yes, record numbers of people chose early retirement to get out of the failing job market permanently. Look that up! More people than ever applying for SS disability too. Same reason. Look that up! Back up on SS Disability applications is like two years! Employment market is LOUZY and desperate people are trying to escape it!</Msg><Username>bullwinkle.themoose</Username><Timestamp>1357176595120</Timestamp><DateTime>Wed, 2013-01-02 20:29:55 EST</DateTime><ThumbUp>2</ThumbUp><ThumbDown>0</ThumbDown><Sentiment/></Message><Message type="ReplyMessage"><Id>1357176783823-31</Id><Topic><Title>ignorant hypocrite tea party should read and stick to the USA constitution</Title><Username>delucks345</Username><Timestamp>1357139769719</Timestamp><DateTime>Wed, 2013-01-02 10:16:09 EST</DateTime></Topic><Msg>Hey dumb butt! That partt of the 14th Amendment applied to the UNION debt after the Civil War!</Msg><Username>bullwinkle.themoose</Username><Timestamp>1357176783823</Timestamp><DateTime>Wed, 2013-01-02 20:33:03 EST</DateTime><ThumbUp>1</ThumbUp><ThumbDown>0</ThumbDown><Sentiment>Strong Sell</Sentiment></Message><Message type="ReplyMessage"><Id>1357176897998-32</Id><Topic><Title>ignorant hypocrite tea party should read and stick to the USA constitution</Title><Username>delucks345</Username><Timestamp>1357139769719</Timestamp><DateTime>Wed, 2013-01-02 10:16:09 EST</DateTime></Topic><Msg>The Section of the 14th Amendment you are reading out of context applied only to the UNION debt after the Civil War. Go read the 14th Amendment, nit wit!</Msg><Username>bullwinkle.themoose</Username><Timestamp>1357176897998</Timestamp><DateTime>Wed, 2013-01-02 20:34:57 EST</DateTime><ThumbUp>1</ThumbUp><ThumbDown>1</ThumbDown><Sentiment/></Message><Message type="TopicMessage"><Id>1357177494489-33</Id><Title>Yahoo syys: Public pessimistic over second Obama term</Title><Msg>So why did you mooo rans vote for him?</Msg><Username>bullwinkle.themoose</Username><Timestamp>1357177494489</Timestamp><DateTime>Wed, 2013-01-02 20:44:54 EST</DateTime><ThumbUp>6</ThumbUp><ThumbDown>0</ThumbDown><Sentiment/></Message><Message type="TopicMessage"><Id>1357187544764-34</Id><Title>reported to the SEC via form 4 in AH</Title><Msg>tracking the insiders dotcom ------------------------------------------------- Jan 2 02:50pm Dec 28 2012 ORCL Oracle Corp Kurian Thomas EVP-Product Development 500,000 Sale at $33.26 $16,632,300</Msg><Username>secform4</Username><Timestamp>1357187544764</Timestamp><DateTime>Wed, 2013-01-02 23:32:24 EST</DateTime><ThumbUp>0</ThumbUp><ThumbDown>1</ThumbDown><Sentiment/></Message></Date>