<?xml version="1.0" encoding="UTF-8" standalone="no"?><Date date="2013-06-08"><Message type="TopicMessage"><Id>1370665765186-1</Id><Title>SNOOP OBAMA: THE VERIZON SPY, HIS PRYING EYES AND ELEPHANT</Title><Msg>sized ears are interested in your every word citizen! He's gathering data, assembling files on who's been naughty and nice! WHY??? Cause he a traitor!</Msg><Username>jaysallstarss</Username><Timestamp>1370665765186</Timestamp><DateTime>Sat, 2013-06-08 00:29:25 EDT</DateTime><ThumbUp>4</ThumbUp><ThumbDown>1</ThumbDown><Sentiment/></Message><Message type="TopicMessage"><Id>1370675958385-2</Id><Title>USA NEEDS TO IMPEACH OBAMA. WHERE IS KEN STARR?</Title><Msg>USA NEEDS TO IMPEACH OBAMA. WHERE IS KEN STARR?</Msg><Username>fukk_france_dot_com</Username><Timestamp>1370675958385</Timestamp><DateTime>Sat, 2013-06-08 03:19:18 EDT</DateTime><ThumbUp>10</ThumbUp><ThumbDown>2</ThumbDown><Sentiment/></Message><Message type="ReplyMessage"><Id>1370678123288-3</Id><Topic><Title>DEMOCRAT JOURNALISM PROFESSOR DEMANDS MISSILE ATTACK ON THE NRA AND GUNNING DOWN NRA MEMBERS</Title><Username>hillary_clinton_is_a_sea_hag</Username><Timestamp>1370105093106</Timestamp><DateTime>Sat, 2013-06-01 12:44:53 EDT</DateTime></Topic><Msg>These extremist radical democrat 'educators' are the enemy within.</Msg><Username>fukk_france_dot_com</Username><Timestamp>1370678123288</Timestamp><DateTime>Sat, 2013-06-08 03:55:23 EDT</DateTime><ThumbUp>2</ThumbUp><ThumbDown>1</ThumbDown><Sentiment/></Message><Message type="ReplyMessage"><Id>1370678297916-4</Id><Topic><Title>SUPREME COURT DENIES APPEAL FROM EX-DEMOCRAT PROFESSOR WARD CHURCHILL</Title><Username>who_eats_collard_greens</Username><Timestamp>1370627191713</Timestamp><DateTime>Fri, 2013-06-07 13:46:31 EDT</DateTime></Topic><Msg>Sometimes the right thing happens in America( the SCOTUS didn't force the University to hire this lowlife). But this lowlife 'professor' was fired for fraud and plaigirism. He should have also done some prison time.</Msg><Username>fukk_france_dot_com</Username><Timestamp>1370678297916</Timestamp><DateTime>Sat, 2013-06-08 03:58:17 EDT</DateTime><ThumbUp>5</ThumbUp><ThumbDown>1</ThumbDown><Sentiment/></Message><Message type="TopicMessage"><Id>1370686602800-5</Id><Title>I TRUST the IRS more then OBAMA</Title><Msg>And that's pretty bad !</Msg><Username>black911operator</Username><Timestamp>1370686602800</Timestamp><DateTime>Sat, 2013-06-08 06:16:42 EDT</DateTime><ThumbUp>2</ThumbUp><ThumbDown>1</ThumbDown><Sentiment/></Message><Message type="ReplyMessage"><Id>1370686811163-6</Id><Topic><Title>Don't be afraid of Russia or China</Title><Username>ivanhoeofloxxly</Username><Timestamp>1370641263695</Timestamp><DateTime>Fri, 2013-06-07 17:41:03 EDT</DateTime></Topic><Msg>Sounds like you got a lot of FREE STUFF to lose hey ?</Msg><Username>black911operator</Username><Timestamp>1370686811163</Timestamp><DateTime>Sat, 2013-06-08 06:20:11 EDT</DateTime><ThumbUp>1</ThumbUp><ThumbDown>1</ThumbDown><Sentiment/></Message><Message type="ReplyMessage"><Id>1370686973050-7</Id><Topic><Title>Dealing with the IRS</Title><Username>steady_eddy</Username><Timestamp>1370654615240</Timestamp><DateTime>Fri, 2013-06-07 21:23:35 EDT</DateTime></Topic><Msg>That's our government. BLACK culture and BLACK customer service !</Msg><Username>black911operator</Username><Timestamp>1370686973050</Timestamp><DateTime>Sat, 2013-06-08 06:22:53 EDT</DateTime><ThumbUp>2</ThumbUp><ThumbDown>2</ThumbDown><Sentiment/></Message><Message type="TopicMessage"><Id>1370692928709-8</Id><Title>Why has Obama been obsessed</Title><Msg>With rewriting the constitution? He wanted to disarm us He controls the press He targets patriots with the IRS Now he is collecting all phone, Facebook, email...data This is not what we hired him to do. Do your job leave us alone dictator Obama.</Msg><Username>deadpainting</Username><Timestamp>1370692928709</Timestamp><DateTime>Sat, 2013-06-08 08:02:08 EDT</DateTime><ThumbUp>3</ThumbUp><ThumbDown>2</ThumbDown><Sentiment/></Message><Message type="ReplyMessage"><Id>1370693137487-9</Id><Topic><Title>Ben also said</Title><Username>deadpainting</Username><Timestamp>1370659262200</Timestamp><DateTime>Fri, 2013-06-07 22:41:02 EDT</DateTime></Topic><Msg>Ben Franklin said that...how did we get here. America the land where the president spy's on reporters. Fn insane.</Msg><Username>deadpainting</Username><Timestamp>1370693137487</Timestamp><DateTime>Sat, 2013-06-08 08:05:37 EDT</DateTime><ThumbUp>3</ThumbUp><ThumbDown>1</ThumbDown><Sentiment/></Message><Message type="TopicMessage"><Id>1370693300402-10</Id><Title>Obama spy's on an American reporter</Title><Msg>Do worry nothing to see here...it for your safety.</Msg><Username>deadpainting</Username><Timestamp>1370693300402</Timestamp><DateTime>Sat, 2013-06-08 08:08:20 EDT</DateTime><ThumbUp>1</ThumbUp><ThumbDown>1</ThumbDown><Sentiment/></Message><Message type="ReplyMessage"><Id>1370693454883-11</Id><Topic><Title>Obama spy's on an American reporter</Title><Username>deadpainting</Username><Timestamp>1370693300402</Timestamp><DateTime>Sat, 2013-06-08 08:08:20 EDT</DateTime></Topic><Msg>Don't worry. There's nothing to see here. We're covering it up.</Msg><Username>yohoho_andabottlea</Username><Timestamp>1370693454883</Timestamp><DateTime>Sat, 2013-06-08 08:10:54 EDT</DateTime><ThumbUp>1</ThumbUp><ThumbDown>1</ThumbDown><Sentiment/></Message><Message type="ReplyMessage"><Id>1370693489335-12</Id><Topic><Title>I TRUST the IRS more then OBAMA</Title><Username>black911operator</Username><Timestamp>1370686602800</Timestamp><DateTime>Sat, 2013-06-08 06:16:42 EDT</DateTime></Topic><Msg>In case you hadn't notice (and apparently you haven't), they, are one in the same,... you see,... the one the white house (the Kenyan one who's there illegally) is head of all the Gov agencies, kinda like the CIC, Commie In Chief, and he delegates what he wants the Gov agencies to do, kinda like a chain of command thing, the IRS wouldn't attack American Patriots on their own because 'they', or no 'one' there would risk taking the fall for the top dog, in this case, the top log ( a log of shjt, being Hussein), because they would potentially be risking their life, or lives and they could be brought up on charges of sedition, treason or spying, take your pick,... and they could either be given a life sentence or the firing squad and NO ONE there would even dare doing such a thing, risking so much, without their top log Mvslim Messiah's blessing and promise that no one could touch them even if they were caught because Hussein and his other criminal henchman, Eric Holder, are in power, . Sooner or later they're going to find a whistle blower, a closet Patriot in the pack of anti-American commie IRS thugs,... and he or she will inevitably point to where we all know the orders came from, the white house (and that part's already been established),… and to the person there who gave the orders to attack American Patriots (the Kenyan's true enemies),… and that person isn't Jay Carney. . Unless of course he's the brains of the outfit, after all, he's not so stupid that he says corpse man, so it's entirely possible that he IS the CIC. . But if it's not him, guess who it is.</Msg><Username>ivanhoeofloxxly</Username><Timestamp>1370693489335</Timestamp><DateTime>Sat, 2013-06-08 08:11:29 EDT</DateTime><ThumbUp>2</ThumbUp><ThumbDown>1</ThumbDown><Sentiment/></Message><Message type="ReplyMessage"><Id>1370693524950-13</Id><Topic><Title>Ben also said</Title><Username>deadpainting</Username><Timestamp>1370659262200</Timestamp><DateTime>Fri, 2013-06-07 22:41:02 EDT</DateTime></Topic><Msg>Worse than Nixon. Hitler teapots selling out! When a giant picture of the teapot last month landed on a JCPenney billboard next to the San Diego Freeway, drivers started posting pictures online, saying it looked like Hitler. After that, the teapot caused a rush of sellers to eBay, followed by strong sales when the product returned to JCPenny's lineup.</Msg><Username>yohoho_andabottlea</Username><Timestamp>1370693524950</Timestamp><DateTime>Sat, 2013-06-08 08:12:04 EDT</DateTime><ThumbUp>1</ThumbUp><ThumbDown>1</ThumbDown><Sentiment/></Message><Message type="ReplyMessage"><Id>1370693580557-14</Id><Topic><Title>Why has Obama been obsessed</Title><Username>deadpainting</Username><Timestamp>1370692928709</Timestamp><DateTime>Sat, 2013-06-08 08:02:08 EDT</DateTime></Topic><Msg>he's a commie</Msg><Username>yohoho_andabottlea</Username><Timestamp>1370693580557</Timestamp><DateTime>Sat, 2013-06-08 08:13:00 EDT</DateTime><ThumbUp>2</ThumbUp><ThumbDown>2</ThumbDown><Sentiment/></Message><Message type="ReplyMessage"><Id>1370693656921-15</Id><Topic><Title>Interesting thing about Hitler...</Title><Username>libs_r_a_plague</Username><Timestamp>1370656704709</Timestamp><DateTime>Fri, 2013-06-07 21:58:24 EDT</DateTime></Topic><Msg>Obama is a propaganda machine. Michelle is black.</Msg><Username>yohoho_andabottlea</Username><Timestamp>1370693656921</Timestamp><DateTime>Sat, 2013-06-08 08:14:16 EDT</DateTime><ThumbUp>1</ThumbUp><ThumbDown>1</ThumbDown><Sentiment/></Message><Message type="ReplyMessage"><Id>1370693886976-16</Id><Topic><Title>All those government jobs combing through every message sent.</Title><Username>deadpainting</Username><Timestamp>1370655822846</Timestamp><DateTime>Fri, 2013-06-07 21:43:42 EDT</DateTime></Topic><Msg>Big Brother says one thing and then does another. Sukka.</Msg><Username>yohoho_andabottlea</Username><Timestamp>1370693886976</Timestamp><DateTime>Sat, 2013-06-08 08:18:06 EDT</DateTime><ThumbUp>2</ThumbUp><ThumbDown>2</ThumbDown><Sentiment/></Message><Message type="ReplyMessage"><Id>1370694041710-17</Id><Topic><Title>USA NEEDS TO IMPEACH OBAMA. WHERE IS KEN STARR?</Title><Username>fukk_france_dot_com</Username><Timestamp>1370675958385</Timestamp><DateTime>Sat, 2013-06-08 03:19:18 EDT</DateTime></Topic><Msg>On what charges, getting us out of the Bush Recession, strengthening the economy, ending the Iraq war, giving us Obamacare?</Msg><Username>gfo99</Username><Timestamp>1370694041710</Timestamp><DateTime>Sat, 2013-06-08 08:20:41 EDT</DateTime><ThumbUp>1</ThumbUp><ThumbDown>10</ThumbDown><Sentiment/></Message><Message type="ReplyMessage"><Id>1370694223739-18</Id><Topic><Title>Why has Obama been obsessed</Title><Username>deadpainting</Username><Timestamp>1370692928709</Timestamp><DateTime>Sat, 2013-06-08 08:02:08 EDT</DateTime></Topic><Msg>Mr guant bay humanitarian...illegals and terrorists have more rights than American tax paying citizens...liberals cheer. Who would want to be a citizen when your rights are better protected as a non tax paying illegal.</Msg><Username>deadpainting</Username><Timestamp>1370694223739</Timestamp><DateTime>Sat, 2013-06-08 08:23:43 EDT</DateTime><ThumbUp>3</ThumbUp><ThumbDown>2</ThumbDown><Sentiment/></Message><Message type="ReplyMessage"><Id>1370694607423-19</Id><Topic><Title>All those government jobs combing through every message sent.</Title><Username>deadpainting</Username><Timestamp>1370655822846</Timestamp><DateTime>Fri, 2013-06-07 21:43:42 EDT</DateTime></Topic><Msg>Junior works for Big Brother monitoring Yahoo message boards. He is part of the problem.</Msg><Username>yohoho_andabottlea</Username><Timestamp>1370694607423</Timestamp><DateTime>Sat, 2013-06-08 08:30:07 EDT</DateTime><ThumbUp>2</ThumbUp><ThumbDown>2</ThumbDown><Sentiment/></Message><Message type="TopicMessage"><Id>1370695385333-20</Id><Title>New America.</Title><Msg>Guilty until proven innocent. Did you know you can be held indefinitely without a trial. What is obamas intent for this unlawful use of spying on innocent Americans. Stop this now! They are in our homes now, see cameras in every computer cable box and tv. Your cars have tracking devices on them. You think this is ok...wait until gov goons are at your door because you are not a communist. As we can see laws change without us even knowing...thank you British press for alerting us to this chicanery. What happens, lib or GOP gov targets you for your beliefs? To much power equals corruption. I don't think it is the right for the government to trample the constitution stating it is for my "safety ". Obama you went overboard and we see your true intent for abusing this "patriot act". ( see IRS targeting conservative groups and reporters being spied on).</Msg><Username>deadpainting</Username><Timestamp>1370695385333</Timestamp><DateTime>Sat, 2013-06-08 08:43:05 EDT</DateTime><ThumbUp>2</ThumbUp><ThumbDown>1</ThumbDown><Sentiment/></Message><Message type="TopicMessage"><Id>1370695409457-21</Id><Title>The rightwing children posters here</Title><Msg>are busy this morning posting gems of intelligence to each other.Note they all agree with each other as well.They are at their happiest when nobody disagrees with them,and what Faux Noise told them to say.VERY sad!!</Msg><Username>alsmith581</Username><Timestamp>1370695409457</Timestamp><DateTime>Sat, 2013-06-08 08:43:29 EDT</DateTime><ThumbUp>1</ThumbUp><ThumbDown>3</ThumbDown><Sentiment/></Message><Message type="ReplyMessage"><Id>1370695684389-22</Id><Topic><Title>New America.</Title><Username>deadpainting</Username><Timestamp>1370695385333</Timestamp><DateTime>Sat, 2013-06-08 08:43:05 EDT</DateTime></Topic><Msg>Btw...if this practice is to protect us what happened in Boston. Where obamas goons to busy spying on conservative reporters?</Msg><Username>deadpainting</Username><Timestamp>1370695684389</Timestamp><DateTime>Sat, 2013-06-08 08:48:04 EDT</DateTime><ThumbUp>2</ThumbUp><ThumbDown>1</ThumbDown><Sentiment/></Message><Message type="ReplyMessage"><Id>1370695877100-23</Id><Topic><Title>The rightwing children posters here</Title><Username>alsmith581</Username><Timestamp>1370695409457</Timestamp><DateTime>Sat, 2013-06-08 08:43:29 EDT</DateTime></Topic><Msg>Good morning jr.....at least we are not changing Ids and posting to ourselves...children love it when mommy government is watching. They can't take care of themselves without the government stealing other people's stuff for them.</Msg><Username>deadpainting</Username><Timestamp>1370695877100</Timestamp><DateTime>Sat, 2013-06-08 08:51:17 EDT</DateTime><ThumbUp>3</ThumbUp><ThumbDown>2</ThumbDown><Sentiment/></Message><Message type="ReplyMessage"><Id>1370696033123-24</Id><Topic><Title>Why has Obama been obsessed</Title><Username>deadpainting</Username><Timestamp>1370692928709</Timestamp><DateTime>Sat, 2013-06-08 08:02:08 EDT</DateTime></Topic><Msg>Jr do you ever get embarrassed by your simpleton ways? We wonder why it needs mommy government to raise this man child.</Msg><Username>deadpainting</Username><Timestamp>1370696033123</Timestamp><DateTime>Sat, 2013-06-08 08:53:53 EDT</DateTime><ThumbUp>3</ThumbUp><ThumbDown>1</ThumbDown><Sentiment/></Message><Message type="TopicMessage"><Id>1370696610938-25</Id><Title>ROTFLOL....use for spying "terrorist" hummmmm</Title><Msg>Last week, the US announced that it would lift sanctions on certain hardware and software, including anti-tracking programs and virtual private networks that Iranians could use to circumvent the Ayatollah’s watchful eye. It also introduced new sanctions on individuals and companies, like Ofogh Saberin, that censor Iranian internet access.</Msg><Username>deadpainting</Username><Timestamp>1370696610938</Timestamp><DateTime>Sat, 2013-06-08 09:03:30 EDT</DateTime><ThumbUp>1</ThumbUp><ThumbDown>1</ThumbDown><Sentiment/></Message><Message type="TopicMessage"><Id>1370697761159-26</Id><Title>Notice how angry and defensive Sebelius was during questioning?</Title><Msg>If you have done nothing wrong and have nothing to hide, why so short tempered? These Obama people act as if no one has the right to question anything they do - that they're above scrutiny of any kind. It is an increasingly obvious pattern of in our faces, blatant disregard by the Obama regime.</Msg><Username>libs_r_a_plague</Username><Timestamp>1370697761159</Timestamp><DateTime>Sat, 2013-06-08 09:22:41 EDT</DateTime><ThumbUp>4</ThumbUp><ThumbDown>2</ThumbDown><Sentiment/></Message><Message type="ReplyMessage"><Id>1370697908036-27</Id><Topic><Title>ROTFLOL....use for spying "terrorist" hummmmm</Title><Username>deadpainting</Username><Timestamp>1370696610938</Timestamp><DateTime>Sat, 2013-06-08 09:03:30 EDT</DateTime></Topic><Msg>So now Bush policies are ok as long as Obama is deploying them? Junior, a typical LibTard hypocrite, LOL!!</Msg><Username>libs_r_a_plague</Username><Timestamp>1370697908036</Timestamp><DateTime>Sat, 2013-06-08 09:25:08 EDT</DateTime><ThumbUp>1</ThumbUp><ThumbDown>1</ThumbDown><Sentiment/></Message><Message type="ReplyMessage"><Id>1370697951261-28</Id><Topic><Title>ROTFLOL....use for spying "terrorist" hummmmm</Title><Username>deadpainting</Username><Timestamp>1370696610938</Timestamp><DateTime>Sat, 2013-06-08 09:03:30 EDT</DateTime></Topic><Msg>Yes like he did in Boston. Some day when you grow up you will understand jr.</Msg><Username>deadpainting</Username><Timestamp>1370697951261</Timestamp><DateTime>Sat, 2013-06-08 09:25:51 EDT</DateTime><ThumbUp>1</ThumbUp><ThumbDown>1</ThumbDown><Sentiment/></Message><Message type="ReplyMessage"><Id>1370698287334-29</Id><Topic><Title>New America.</Title><Username>deadpainting</Username><Timestamp>1370695385333</Timestamp><DateTime>Sat, 2013-06-08 08:43:05 EDT</DateTime></Topic><Msg>(Guilty until proven innocent.) Unless you're a higher up in the Obama regime. Then it's innocent until proven deniable - you know nothing, no one tells you anything, and you recuse yourself from everything ...</Msg><Username>libs_r_a_plague</Username><Timestamp>1370698287334</Timestamp><DateTime>Sat, 2013-06-08 09:31:27 EDT</DateTime><ThumbUp>1</ThumbUp><ThumbDown>1</ThumbDown><Sentiment/></Message><Message type="ReplyMessage"><Id>1370698579429-30</Id><Topic><Title>Why has Obama been obsessed</Title><Username>deadpainting</Username><Timestamp>1370692928709</Timestamp><DateTime>Sat, 2013-06-08 08:02:08 EDT</DateTime></Topic><Msg>He's a Fourth-World, Banana Republic, Tin-Pot Tyrant Dictator - That's why ...</Msg><Username>libs_r_a_plague</Username><Timestamp>1370698579429</Timestamp><DateTime>Sat, 2013-06-08 09:36:19 EDT</DateTime><ThumbUp>1</ThumbUp><ThumbDown>1</ThumbDown><Sentiment/></Message><Message type="TopicMessage"><Id>1370698937490-31</Id><Title>Welcome to the Banana Republic States of America...</Title><Msg>Under Barack Hussein Obama. If he had his way, America would resemble something akin to early year 2000 Sudan, or Idi Amin's Uganda - At best, Castro's Cuba. Obama and his immediates living in luxury, while the citizenry of his regime live in fear and intimidation - wholly dependent on their benevolent presidente ...</Msg><Username>libs_r_a_plague</Username><Timestamp>1370698937490</Timestamp><DateTime>Sat, 2013-06-08 09:42:17 EDT</DateTime><ThumbUp>3</ThumbUp><ThumbDown>1</ThumbDown><Sentiment/></Message><Message type="ReplyMessage"><Id>1370699087771-32</Id><Topic><Title>Welcome to the Banana Republic States of America...</Title><Username>libs_r_a_plague</Username><Timestamp>1370698937490</Timestamp><DateTime>Sat, 2013-06-08 09:42:17 EDT</DateTime></Topic><Msg>... as all history informs us, there has been in every State &amp; Kingdom a constant kind of warfare between the governing &amp; governed: the one striving to obtain more for its support, and the other to pay less. And this has alone occasioned great convulsions, actual civil wars, ending either in dethroning of the Princes, or enslaving of the people. Generally indeed the ruling power carries its point, the revenues of princes constantly increasing, and we see that they are never satisfied, but always in want of more. The more the people are discontented with the oppression of taxes; the greater need the prince has of money to distribute among his partisans and pay the troops that are to suppress all resistance, and enable him to plunder at pleasure. There is scarce a king in a hundred who would not, if he could, follow the example of Pharaoh, get first all the peoples money, then all their lands, and then make them and their children servants for ever ...</Msg><Username>deadpainting</Username><Timestamp>1370699087771</Timestamp><DateTime>Sat, 2013-06-08 09:44:47 EDT</DateTime><ThumbUp>1</ThumbUp><ThumbDown>1</ThumbDown><Sentiment/></Message><Message type="ReplyMessage"><Id>1370699261851-33</Id><Topic><Title>Why has Obama been obsessed</Title><Username>deadpainting</Username><Timestamp>1370692928709</Timestamp><DateTime>Sat, 2013-06-08 08:02:08 EDT</DateTime></Topic><Msg>Only a virtuous people are capable of freedom. As nations become corrupt and vicious, they have more need of masters.</Msg><Username>deadpainting</Username><Timestamp>1370699261851</Timestamp><DateTime>Sat, 2013-06-08 09:47:41 EDT</DateTime><ThumbUp>1</ThumbUp><ThumbDown>1</ThumbDown><Sentiment/></Message><Message type="ReplyMessage"><Id>1370699430100-34</Id><Topic><Title>The rightwing children posters here</Title><Username>alsmith581</Username><Timestamp>1370695409457</Timestamp><DateTime>Sat, 2013-06-08 08:43:29 EDT</DateTime></Topic><Msg>Hmm, angry and defensive - just like anyone under Obammy who's put under scrutiny or held accountable for anything they've done. Interesting how you're all alike ...</Msg><Username>libs_r_a_plague</Username><Timestamp>1370699430100</Timestamp><DateTime>Sat, 2013-06-08 09:50:30 EDT</DateTime><ThumbUp>2</ThumbUp><ThumbDown>2</ThumbDown><Sentiment/></Message><Message type="ReplyMessage"><Id>1370699522300-35</Id><Topic><Title>Welcome to the Banana Republic States of America...</Title><Username>libs_r_a_plague</Username><Timestamp>1370698937490</Timestamp><DateTime>Sat, 2013-06-08 09:42:17 EDT</DateTime></Topic><Msg>And yet somehow you were compelled to reply ...</Msg><Username>libs_r_a_plague</Username><Timestamp>1370699522300</Timestamp><DateTime>Sat, 2013-06-08 09:52:02 EDT</DateTime><ThumbUp>2</ThumbUp><ThumbDown>1</ThumbDown><Sentiment/></Message><Message type="TopicMessage"><Id>1370699565090-36</Id><Title>Junior's got me right where I want him ...</Title><Msg>He he he... poor little schmuck</Msg><Username>libs_r_a_plague</Username><Timestamp>1370699565090</Timestamp><DateTime>Sat, 2013-06-08 09:52:45 EDT</DateTime><ThumbUp>0</ThumbUp><ThumbDown>1</ThumbDown><Sentiment/></Message><Message type="ReplyMessage"><Id>1370700321799-37</Id><Topic><Title>Welcome to the Banana Republic States of America...</Title><Username>libs_r_a_plague</Username><Timestamp>1370698937490</Timestamp><DateTime>Sat, 2013-06-08 09:42:17 EDT</DateTime></Topic><Msg>Yes Ben Franklin was an idiot right jr? He said it...theses communists can't handle freedom, they need a parent.</Msg><Username>deadpainting</Username><Timestamp>1370700321799</Timestamp><DateTime>Sat, 2013-06-08 10:05:21 EDT</DateTime><ThumbUp>1</ThumbUp><ThumbDown>1</ThumbDown><Sentiment/></Message><Message type="ReplyMessage"><Id>1370700826799-38</Id><Topic><Title>Notice how angry and defensive Sebelius was during questioning?</Title><Username>libs_r_a_plague</Username><Timestamp>1370697761159</Timestamp><DateTime>Sat, 2013-06-08 09:22:41 EDT</DateTime></Topic><Msg>"Ahhh, what ever, who cares cares about your 11 year old baby daughter needing a fair chance at a transplant,… some people live, uhh, some people die, Que sera sera." . Yerite lib plague, how dare ANYONE question the elitist skum libs, she looked angrier than a wet hen, the stupid old biddy was going bonkers grinder her teeth just dying to tell everyone that they'll do what they want when they please because their Mvslim Messiah is a bloodthirsty demon who says they can and they'll murder/abort anyone at will whenever they want, whether it be a new born baby or an 11 years old child. . Or 4 Americans in Benghazi. . Liberals are murders with no regard for human life, or any life for that matter, save their own.</Msg><Username>ivanhoeofloxxly</Username><Timestamp>1370700826799</Timestamp><DateTime>Sat, 2013-06-08 10:13:46 EDT</DateTime><ThumbUp>3</ThumbUp><ThumbDown>1</ThumbDown><Sentiment/></Message><Message type="ReplyMessage"><Id>1370700913183-39</Id><Topic><Title>Why has Obama been obsessed</Title><Username>deadpainting</Username><Timestamp>1370692928709</Timestamp><DateTime>Sat, 2013-06-08 08:02:08 EDT</DateTime></Topic><Msg>Just like his PieceOS mommie.</Msg><Username>ivanhoeofloxxly</Username><Timestamp>1370700913183</Timestamp><DateTime>Sat, 2013-06-08 10:15:13 EDT</DateTime><ThumbUp>0</ThumbUp><ThumbDown>1</ThumbDown><Sentiment/></Message><Message type="ReplyMessage"><Id>1370700986886-40</Id><Topic><Title>New America.</Title><Username>deadpainting</Username><Timestamp>1370695385333</Timestamp><DateTime>Sat, 2013-06-08 08:43:05 EDT</DateTime></Topic><Msg>Take your meds racist. Jr wants the government to run its life. In its perpetual incompetent need be taken care of ...it feels it is its right to strip the competent( those who take care of it) of all there rights provided under the constitution. The same rights millions of patriots gave there life for. Things like jr are the enemy of the state.</Msg><Username>deadpainting</Username><Timestamp>1370700986886</Timestamp><DateTime>Sat, 2013-06-08 10:16:26 EDT</DateTime><ThumbUp>1</ThumbUp><ThumbDown>1</ThumbDown><Sentiment/></Message><Message type="ReplyMessage"><Id>1370701442618-41</Id><Topic><Title>Junior's got me right where I want him ...</Title><Username>libs_r_a_plague</Username><Timestamp>1370699565090</Timestamp><DateTime>Sat, 2013-06-08 09:52:45 EDT</DateTime></Topic><Msg>Can't get any dumber or more pathetic than Junior. World's biggest loser.LOL</Msg><Username>doremifa85</Username><Timestamp>1370701442618</Timestamp><DateTime>Sat, 2013-06-08 10:24:02 EDT</DateTime><ThumbUp>0</ThumbUp><ThumbDown>1</ThumbDown><Sentiment/></Message><Message type="TopicMessage"><Id>1370701612273-42</Id><Title>Jr is an angry child</Title><Msg>Like its leader it lashes out when questioned about simple logic. It is hard for a child like this to live in a honest world where men and women work together to improve their quality of life through cooperation and hard work. Instead as a defense to this unrealistic ideology it uses the same stereotyping to unfoundedly accuses any challenger of its own crime.</Msg><Username>deadpainting</Username><Timestamp>1370701612273</Timestamp><DateTime>Sat, 2013-06-08 10:26:52 EDT</DateTime><ThumbUp>2</ThumbUp><ThumbDown>1</ThumbDown><Sentiment/></Message><Message type="ReplyMessage"><Id>1370701793240-43</Id><Topic><Title>Junior's got me right where I want him ...</Title><Username>libs_r_a_plague</Username><Timestamp>1370699565090</Timestamp><DateTime>Sat, 2013-06-08 09:52:45 EDT</DateTime></Topic><Msg>It represents its party well...classic libtopian ideals. These are the people who voted for Obama. Enjoy the 2% tax...you deserve it.</Msg><Username>deadpainting</Username><Timestamp>1370701793240</Timestamp><DateTime>Sat, 2013-06-08 10:29:53 EDT</DateTime><ThumbUp>2</ThumbUp><ThumbDown>1</ThumbDown><Sentiment/></Message><Message type="ReplyMessage"><Id>1370701848027-44</Id><Topic><Title>Jr is an angry child</Title><Username>deadpainting</Username><Timestamp>1370701612273</Timestamp><DateTime>Sat, 2013-06-08 10:26:52 EDT</DateTime></Topic><Msg>If Junior could just spend a few romantic hours with Barack Obama as he longs for , maybe his anger would subside.LOL Barack makes Junior's hormones rage!!!!</Msg><Username>doremifa85</Username><Timestamp>1370701848027</Timestamp><DateTime>Sat, 2013-06-08 10:30:48 EDT</DateTime><ThumbUp>1</ThumbUp><ThumbDown>1</ThumbDown><Sentiment/></Message><Message type="TopicMessage"><Id>1370702121895-45</Id><Title>Junior is a peter tweeter</Title><Msg>Check your children's e-mails !!!!!!</Msg><Username>doremifa85</Username><Timestamp>1370702121895</Timestamp><DateTime>Sat, 2013-06-08 10:35:21 EDT</DateTime><ThumbUp>9</ThumbUp><ThumbDown>4</ThumbDown><Sentiment/></Message><Message type="ReplyMessage"><Id>1370702166029-46</Id><Topic><Title>Jr is an angry child</Title><Username>deadpainting</Username><Timestamp>1370701612273</Timestamp><DateTime>Sat, 2013-06-08 10:26:52 EDT</DateTime></Topic><Msg>Jr could not handle the responsibility of meeting its dictator...that would mean it would have to leave its moms basement and get dressed and stuff. It might also have to use all its Obama mins to post on the board.</Msg><Username>deadpainting</Username><Timestamp>1370702166029</Timestamp><DateTime>Sat, 2013-06-08 10:36:06 EDT</DateTime><ThumbUp>3</ThumbUp><ThumbDown>1</ThumbDown><Sentiment/></Message><Message type="ReplyMessage"><Id>1370702347657-47</Id><Topic><Title>Notice how angry and defensive Sebelius was during questioning?</Title><Username>libs_r_a_plague</Username><Timestamp>1370697761159</Timestamp><DateTime>Sat, 2013-06-08 09:22:41 EDT</DateTime></Topic><Msg>Like children do...they are far to sensitive.</Msg><Username>deadpainting</Username><Timestamp>1370702347657</Timestamp><DateTime>Sat, 2013-06-08 10:39:07 EDT</DateTime><ThumbUp>2</ThumbUp><ThumbDown>1</ThumbDown><Sentiment/></Message><Message type="ReplyMessage"><Id>1370702532370-48</Id><Topic><Title>Junior's profile</Title><Username>doremifa85</Username><Timestamp>1369950337533</Timestamp><DateTime>Thu, 2013-05-30 17:45:37 EDT</DateTime></Topic><Msg>Forgot to bump it yesterday. Maybe I'll do it several times today to makeup. Thank me later,Junior.LOL</Msg><Username>doremifa85</Username><Timestamp>1370702532370</Timestamp><DateTime>Sat, 2013-06-08 10:42:12 EDT</DateTime><ThumbUp>1</ThumbUp><ThumbDown>3</ThumbDown><Sentiment/></Message><Message type="TopicMessage"><Id>1370702736684-49</Id><Title>When the obama gate shame is in his lap...</Title><Msg>Who will the tyrant blame? What political favor will it use to filter all press on the matter? Sad it took British press to expose the sneak. Press has become the enemy not the champion of freedom. This tyranny is that of a dictator not a free world leader.</Msg><Username>deadpainting</Username><Timestamp>1370702736684</Timestamp><DateTime>Sat, 2013-06-08 10:45:36 EDT</DateTime><ThumbUp>2</ThumbUp><ThumbDown>1</ThumbDown><Sentiment/></Message><Message type="TopicMessage"><Id>1370702981787-50</Id><Title>Did liberals ever think what would happen if...</Title><Msg>GOP won the next election and had this unchallenged power Obama has abused? Be careful what you champion, it might be the bane of you and all Americans alike.</Msg><Username>deadpainting</Username><Timestamp>1370702981787</Timestamp><DateTime>Sat, 2013-06-08 10:49:41 EDT</DateTime><ThumbUp>2</ThumbUp><ThumbDown>1</ThumbDown><Sentiment/></Message><Message type="ReplyMessage"><Id>1370704522828-51</Id><Topic><Title>Junior's profile</Title><Username>doremifa85</Username><Timestamp>1369950337533</Timestamp><DateTime>Thu, 2013-05-30 17:45:37 EDT</DateTime></Topic><Msg>Junior's post have been compiled into a profile. We know all about him.</Msg><Username>yohoho_andabottlea</Username><Timestamp>1370704522828</Timestamp><DateTime>Sat, 2013-06-08 11:15:22 EDT</DateTime><ThumbUp>1</ThumbUp><ThumbDown>1</ThumbDown><Sentiment/></Message><Message type="ReplyMessage"><Id>1370704638234-52</Id><Topic><Title>When the obama gate shame is in his lap...</Title><Username>deadpainting</Username><Timestamp>1370702736684</Timestamp><DateTime>Sat, 2013-06-08 10:45:36 EDT</DateTime></Topic><Msg>Gubment shutdown imminent again? Did you forget Obama maxed out the national credit card? We're at the debt ceiling again. QE3 increases national debt by $85 billion a month and Obama said the sequester was gonna hurt. BWHHAHHAHHAHHAHHAHHAAA!!!</Msg><Username>yohoho_andabottlea</Username><Timestamp>1370704638234</Timestamp><DateTime>Sat, 2013-06-08 11:17:18 EDT</DateTime><ThumbUp>0</ThumbUp><ThumbDown>0</ThumbDown><Sentiment/></Message><Message type="ReplyMessage"><Id>1370704661176-53</Id><Topic><Title>Jr is an angry child</Title><Username>deadpainting</Username><Timestamp>1370701612273</Timestamp><DateTime>Sat, 2013-06-08 10:26:52 EDT</DateTime></Topic><Msg>He's Jesse Jackson Jr.</Msg><Username>yohoho_andabottlea</Username><Timestamp>1370704661176</Timestamp><DateTime>Sat, 2013-06-08 11:17:41 EDT</DateTime><ThumbUp>0</ThumbUp><ThumbDown>0</ThumbDown><Sentiment/></Message><Message type="TopicMessage"><Id>1370704943482-54</Id><Title>Welcome to the Large Black Hog Association!</Title><Msg>The Large Black Hog Association (LBHA) is the premier registry and support association for Large Black hogs in the United States. We are a non-profit association, managed by a group of dedicated volunteers, owners and breeders of this wonderful heritage hog.</Msg><Username>captain_cazo_schettino.the_brave</Username><Timestamp>1370704943482</Timestamp><DateTime>Sat, 2013-06-08 11:22:23 EDT</DateTime><ThumbUp>1</ThumbUp><ThumbDown>1</ThumbDown><Sentiment/></Message><Message type="TopicMessage"><Id>1370705167134-55</Id><Title>Michelle Obama 'snubs wife of Chinese leader'</Title><Msg>Washington: The hope that this weekend's summit between Presidents Barack Obama and Xi Jinping might inject a new warmth into US-China relations suffered a setback this week when the White House announced that Michelle Obama would not be joining her husband. Her office cited domestic responsibilities for not attending - it is the last week of the school year for the Obamas' daughters Malia, 14, and Sasha, 11 - but the move leaves China's first lady, Peng Liyuan, to attend the summit without her American counterpart. China experts warned that Mrs Obama's decision to stay in Washington could have an unwelcome chilling effect on a summit that White House officials have billed as an "unprecedented" opportunity to heal divisions between the world's two biggest economies.</Msg><Username>captain_cazo_schettino.the_brave</Username><Timestamp>1370705167134</Timestamp><DateTime>Sat, 2013-06-08 11:26:07 EDT</DateTime><ThumbUp>2</ThumbUp><ThumbDown>1</ThumbDown><Sentiment/></Message><Message type="TopicMessage"><Id>1370705199631-56</Id><Title>Large Black (pig)</Title><Msg>The Large Black, occasionally called the Cook County Black, is a breed of domestic pig native to Illinois, particularly Cook County and Chicago. The Large Black is accurately named, as it is a large swine breed and is the only American pig that is entirely black. It is a hardy and bad tempered pig, with Large Black sows known for having large litters. The breed's foraging ability make it particularly useful for extensive free range welfare, while a poor candidate for productive work.</Msg><Username>captain_cazo_schettino.the_brave</Username><Timestamp>1370705199631</Timestamp><DateTime>Sat, 2013-06-08 11:26:39 EDT</DateTime><ThumbUp>2</ThumbUp><ThumbDown>1</ThumbDown><Sentiment/></Message><Message type="ReplyMessage"><Id>1370705575553-57</Id><Topic><Title>another great day to be an american patriot</Title><Username>juniorsclassmate_7</Username><Timestamp>1370704712699</Timestamp><DateTime>Sat, 2013-06-08 11:18:32 EDT</DateTime></Topic><Msg>If you know any in the Democrat party currently, let us know...</Msg><Username>libs_r_a_plague</Username><Timestamp>1370705575553</Timestamp><DateTime>Sat, 2013-06-08 11:32:55 EDT</DateTime><ThumbUp>4</ThumbUp><ThumbDown>1</ThumbDown><Sentiment/></Message><Message type="TopicMessage"><Id>1370705907342-58</Id><Title>If you had sex with Xi Jinping's wife . . .</Title><Msg>. . . would get duck sauce on your egg roll!</Msg><Username>captain_cazo_schettino.the_brave</Username><Timestamp>1370705907342</Timestamp><DateTime>Sat, 2013-06-08 11:38:27 EDT</DateTime><ThumbUp>1</ThumbUp><ThumbDown>1</ThumbDown><Sentiment/></Message><Message type="TopicMessage"><Id>1370707512836-59</Id><Title>LIKE IT OR NOT..OBAMA IS A POOR PREZ..LIED ABOUT SURVEILLANCE..ECONOMY STALLED</Title><Msg>This should tell every american that you don't want another senator /lawyer as a prez because you will just get a below average, status quo prez.</Msg><Username>futureperson</Username><Timestamp>1370707512836</Timestamp><DateTime>Sat, 2013-06-08 12:05:12 EDT</DateTime><ThumbUp>1</ThumbUp><ThumbDown>1</ThumbDown><Sentiment/></Message><Message type="ReplyMessage"><Id>1370708442456-60</Id><Topic><Title>USA NEEDS TO IMPEACH OBAMA. WHERE IS KEN STARR?</Title><Username>fukk_france_dot_com</Username><Timestamp>1370675958385</Timestamp><DateTime>Sat, 2013-06-08 03:19:18 EDT</DateTime></Topic><Msg>Agree. Because of Obama's negligence 4 USA Bengazi Embassy staff members are dead When people die due to your negligence it becomes crimnal negligence which is a high crime. Britain evacuated their Bengazi embassy staff when their staff asked for help and none of their people were killed. Obama should indeed be impeached.</Msg><Username>high_class_rich_folks</Username><Timestamp>1370708442456</Timestamp><DateTime>Sat, 2013-06-08 12:20:42 EDT</DateTime><ThumbUp>9</ThumbUp><ThumbDown>1</ThumbDown><Sentiment/></Message><Message type="ReplyMessage"><Id>1370708571733-61</Id><Topic><Title>DEMOCRAT JOURNALISM PROFESSOR DEMANDS MISSILE ATTACK ON THE NRA AND GUNNING DOWN NRA MEMBERS</Title><Username>hillary_clinton_is_a_sea_hag</Username><Timestamp>1370105093106</Timestamp><DateTime>Sat, 2013-06-01 12:44:53 EDT</DateTime></Topic><Msg>This is the kind of left wing democrat union 'educator' made dogs extremist killers that 'teach' your children to hate.</Msg><Username>high_class_rich_folks</Username><Timestamp>1370708571733</Timestamp><DateTime>Sat, 2013-06-08 12:22:51 EDT</DateTime><ThumbUp>9</ThumbUp><ThumbDown>1</ThumbDown><Sentiment/></Message><Message type="ReplyMessage"><Id>1370708649998-62</Id><Topic><Title>SUPREME COURT DENIES APPEAL FROM EX-DEMOCRAT PROFESSOR WARD CHURCHILL</Title><Username>who_eats_collard_greens</Username><Timestamp>1370627191713</Timestamp><DateTime>Fri, 2013-06-07 13:46:31 EDT</DateTime></Topic><Msg>If Ward Churchill was a black guy an Obama judge at a lower level would order the University to hire him and ignore the fact that he comitted fraud and plaigirism.</Msg><Username>high_class_rich_folks</Username><Timestamp>1370708649998</Timestamp><DateTime>Sat, 2013-06-08 12:24:09 EDT</DateTime><ThumbUp>3</ThumbUp><ThumbDown>1</ThumbDown><Sentiment/></Message><Message type="ReplyMessage"><Id>1370708875017-63</Id><Topic><Title>LOW CLASS TACO BELL DEMOCRAT WORKER LICKS GIANT STACK OF TACO SHELLS BEFORE SERVING TO CUSTOMERS</Title><Username>high_class_rich_folks</Username><Timestamp>1370412056236</Timestamp><DateTime>Wed, 2013-06-05 02:00:56 EDT</DateTime></Topic><Msg>There is a reason the rich have more money. The rich are very smart, value education, good looking, ambitious go getters who are not satisfied with the meager welfare scraps that the goverment hands out. On the other hand the poor are lazy, dumb and think stupidity is a badge of honor and are happy living in squalor.</Msg><Username>high_class_rich_folks</Username><Timestamp>1370708875017</Timestamp><DateTime>Sat, 2013-06-08 12:27:55 EDT</DateTime><ThumbUp>3</ThumbUp><ThumbDown>1</ThumbDown><Sentiment/></Message><Message type="ReplyMessage"><Id>1370709018871-64</Id><Topic><Title>USA NEEDS TO IMPEACH OBAMA. WHERE IS KEN STARR?</Title><Username>fukk_france_dot_com</Username><Timestamp>1370675958385</Timestamp><DateTime>Sat, 2013-06-08 03:19:18 EDT</DateTime></Topic><Msg>It is obviousl Obama's pitbull Eric Holder gave machine guns to Mexican Drug Cartels with Obama's approval which is a high crime.</Msg><Username>citizens_against_toxic_waste</Username><Timestamp>1370709018871</Timestamp><DateTime>Sat, 2013-06-08 12:30:18 EDT</DateTime><ThumbUp>8</ThumbUp><ThumbDown>1</ThumbDown><Sentiment/></Message><Message type="ReplyMessage"><Id>1370709150211-65</Id><Topic><Title>another great day to be an american patriot</Title><Username>juniorsclassmate_7</Username><Timestamp>1370704712699</Timestamp><DateTime>Sat, 2013-06-08 11:18:32 EDT</DateTime></Topic><Msg>BOINK!</Msg><Username>captain_cazo_schettino.the_brave</Username><Timestamp>1370709150211</Timestamp><DateTime>Sat, 2013-06-08 12:32:30 EDT</DateTime><ThumbUp>0</ThumbUp><ThumbDown>1</ThumbDown><Sentiment/></Message><Message type="ReplyMessage"><Id>1370709241872-66</Id><Topic><Title>USA NEEDS TO IMPEACH OBAMA. WHERE IS KEN STARR?</Title><Username>fukk_france_dot_com</Username><Timestamp>1370675958385</Timestamp><DateTime>Sat, 2013-06-08 03:19:18 EDT</DateTime></Topic><Msg>Using the IRS to attack your political opponents and leak all their private information is a high crime and impeachable offense.</Msg><Username>super_samoann</Username><Timestamp>1370709241872</Timestamp><DateTime>Sat, 2013-06-08 12:34:01 EDT</DateTime><ThumbUp>8</ThumbUp><ThumbDown>1</ThumbDown><Sentiment/></Message><Message type="ReplyMessage"><Id>1370709346669-67</Id><Topic><Title>Michelle Obama 'snubs wife of Chinese leader'</Title><Username>captain_cazo_schettino.the_brave</Username><Timestamp>1370705167134</Timestamp><DateTime>Sat, 2013-06-08 11:26:07 EDT</DateTime></Topic><Msg>The Chinese treated Obama like a servant the last time he went there. I'm sure that they dont want sasquatch tagging along.</Msg><Username>super_samoann</Username><Timestamp>1370709346669</Timestamp><DateTime>Sat, 2013-06-08 12:35:46 EDT</DateTime><ThumbUp>2</ThumbUp><ThumbDown>1</ThumbDown><Sentiment/></Message><Message type="ReplyMessage"><Id>1370709680091-68</Id><Topic><Title>Notice how angry and defensive Sebelius was during questioning?</Title><Username>libs_r_a_plague</Username><Timestamp>1370697761159</Timestamp><DateTime>Sat, 2013-06-08 09:22:41 EDT</DateTime></Topic><Msg>Obviously she is a mean evil nasty witch. She wanted to show that 10 year old girl who needed a lung that she was the death panel czar and she decided that the 10 year girl was gonna die. Luckily a Judge ordered this witch to save the girl. The entire Obama administration is full of dishonest deceitful corrupt evil people.</Msg><Username>super_samoann</Username><Timestamp>1370709680091</Timestamp><DateTime>Sat, 2013-06-08 12:41:20 EDT</DateTime><ThumbUp>3</ThumbUp><ThumbDown>1</ThumbDown><Sentiment/></Message><Message type="ReplyMessage"><Id>1370710068386-69</Id><Topic><Title>Large Black (pig)</Title><Username>captain_cazo_schettino.the_brave</Username><Timestamp>1370705199631</Timestamp><DateTime>Sat, 2013-06-08 11:26:39 EDT</DateTime></Topic><Msg>Sounds like an excellent description of manchelle.</Msg><Username>super_samoann</Username><Timestamp>1370710068386</Timestamp><DateTime>Sat, 2013-06-08 12:47:48 EDT</DateTime><ThumbUp>2</ThumbUp><ThumbDown>1</ThumbDown><Sentiment/></Message><Message type="ReplyMessage"><Id>1370710415332-70</Id><Topic><Title>Notice how angry and defensive Sebelius was during questioning?</Title><Username>libs_r_a_plague</Username><Timestamp>1370697761159</Timestamp><DateTime>Sat, 2013-06-08 09:22:41 EDT</DateTime></Topic><Msg>Sebelius = Another fat sow on the pig farm!</Msg><Username>deepcolonicenema</Username><Timestamp>1370710415332</Timestamp><DateTime>Sat, 2013-06-08 12:53:35 EDT</DateTime><ThumbUp>2</ThumbUp><ThumbDown>0</ThumbDown><Sentiment/></Message><Message type="ReplyMessage"><Id>1370710468019-71</Id><Topic><Title>USA NEEDS TO IMPEACH OBAMA. WHERE IS KEN STARR?</Title><Username>fukk_france_dot_com</Username><Timestamp>1370675958385</Timestamp><DateTime>Sat, 2013-06-08 03:19:18 EDT</DateTime></Topic><Msg>Phooey on Ken Starr. Where is lee Harvey Oswald now that we really need him?</Msg><Username>deepcolonicenema</Username><Timestamp>1370710468019</Timestamp><DateTime>Sat, 2013-06-08 12:54:28 EDT</DateTime><ThumbUp>7</ThumbUp><ThumbDown>0</ThumbDown><Sentiment/></Message><Message type="ReplyMessage"><Id>1370710551912-72</Id><Topic><Title>USA NEEDS TO IMPEACH OBAMA. WHERE IS KEN STARR?</Title><Username>fukk_france_dot_com</Username><Timestamp>1370675958385</Timestamp><DateTime>Sat, 2013-06-08 03:19:18 EDT</DateTime></Topic><Msg>Try sedition &amp; treason, dereliction of duty. Profaning our laws and Constitution. Being a fascist dictator.</Msg><Username>deepcolonicenema</Username><Timestamp>1370710551912</Timestamp><DateTime>Sat, 2013-06-08 12:55:51 EDT</DateTime><ThumbUp>9</ThumbUp><ThumbDown>0</ThumbDown><Sentiment/></Message><Message type="TopicMessage"><Id>1370712032279-73</Id><Title>DEMOCRAT OPERATIVE WHO WAS ILLEGALLY HACKING INTO GOP GOVERNOR EMAIL ARRESTED FOR CHILD P0RN0</Title><Msg>Democrat operative Jason Loera who was illegally hacking into republican governor's email was arrested for child p0rn0. Read the full story at the weekly standard website.</Msg><Username>token_affirmativ_action_blackguy</Username><Timestamp>1370712032279</Timestamp><DateTime>Sat, 2013-06-08 13:20:32 EDT</DateTime><ThumbUp>6</ThumbUp><ThumbDown>0</ThumbDown><Sentiment/></Message><Message type="TopicMessage"><Id>1370713161598-74</Id><Title>OBAMA LOST WITHOUT HIS TELEPROMPTER AND WITHOUT WRITTEN SPEECH FROM SOROS</Title><Msg>Without his teleprompter and without George Soros written speech Obama can't think for himself and says"“My remarks are not sitting here,” the President declared awkwardly. “I’m uhhh….people….oh goodness….uhhhh...folks are sweating back there right now.” Obama is obviously one of the dumbest Presidents in USA History.</Msg><Username>token_affirmativ_action_blackguy</Username><Timestamp>1370713161598</Timestamp><DateTime>Sat, 2013-06-08 13:39:21 EDT</DateTime><ThumbUp>4</ThumbUp><ThumbDown>0</ThumbDown><Sentiment/></Message><Message type="TopicMessage"><Id>1370713901279-75</Id><Title>OBAMANOMICS = PHILADELPHIA JUST ANNOUNCED IT IS LAYING OFF 4000 PUBLIC SCHOOL UNION EMPLOYEES</Title><Msg>Obama economic recovery = June 7, 2003, Philadelphia announces it is laying off 4000 assistant principals, teachers, counselors, noontime aides and others</Msg><Username>token_affirmativ_action_blackguy</Username><Timestamp>1370713901279</Timestamp><DateTime>Sat, 2013-06-08 13:51:41 EDT</DateTime><ThumbUp>5</ThumbUp><ThumbDown>0</ThumbDown><Sentiment/></Message><Message type="TopicMessage"><Id>1370714571687-76</Id><Title>OBAMA BANS WAR HERO FROM READING BOOKS BY RUSH LIMBAUGH, SEAN HANNITY BANS HERO FROM EATING AT CHICK-FIL-A</Title><Msg>OBAMA BANS WAR HERO FROM READING BOOKS BY RUSH LIMBAUGH, SEAN HANNITY BANS HERO FROM EATING AT CHICK-FIL-A. From fox news: "A veteran member of the U.S. Army Band said he is facing retribution and punishment from the military for having anti-Obama bumper stickers on his car, reading books written by conservative authors like Mark Levin and David Limbaugh, and serving Chick-fil-A sandwiches at his promotion party.........Master Sgt. Nathan Sommers, a 25-year Army veteran and conservative Christian based at Fort Myer in Washington, believes his outspoken opposition to gay marriage prompted higher-ups to take a closer look at his beliefs. The recipient of an Army Commendation Medal and a soloist at the funeral of former First Lady Betty Ford, Sommers said his core beliefs are enough to mark a soldier for persecution in today’s military." Read full story at Fox news.</Msg><Username>semimalformedwolf</Username><Timestamp>1370714571687</Timestamp><DateTime>Sat, 2013-06-08 14:02:51 EDT</DateTime><ThumbUp>7</ThumbUp><ThumbDown>0</ThumbDown><Sentiment/></Message><Message type="TopicMessage"><Id>1370715359394-77</Id><Title>DEMOCRAT CONGRESSMAN JESSE JACKSON JR TO SERVE 4 YEARS IN PRISON PAY BACK $750,000</Title><Msg>DEMOCRAT CONGRESSMAN JESSE JACKSON JR TO SERVE 4 YEARS IN PRISON PAY BACK $750,000 HE STOLE FROM HIS CAMPAIGN. HIS WIFE WILL SERVE 2 YEARS IN PRISON. Read full story at politico website</Msg><Username>the_lochnesss_monster</Username><Timestamp>1370715359394</Timestamp><DateTime>Sat, 2013-06-08 14:15:59 EDT</DateTime><ThumbUp>1</ThumbUp><ThumbDown>1</ThumbDown><Sentiment/></Message><Message type="ReplyMessage"><Id>1370716000049-78</Id><Topic><Title>SNOOP OBAMA: THE VERIZON SPY, HIS PRYING EYES AND ELEPHANT</Title><Username>jaysallstarss</Username><Timestamp>1370665765186</Timestamp><DateTime>Sat, 2013-06-08 00:29:25 EDT</DateTime></Topic><Msg>well-said!</Msg><Username>lameduck0bama</Username><Timestamp>1370716000049</Timestamp><DateTime>Sat, 2013-06-08 14:26:40 EDT</DateTime><ThumbUp>3</ThumbUp><ThumbDown>1</ThumbDown><Sentiment/></Message><Message type="TopicMessage"><Id>1370716179597-79</Id><Title>"LIBERTY KIDS": CBS' Saturday morning Propaganda BS Show For Kids</Title><Msg>makes black slaves the heroes of the Revolutionary war who helped WASHINGTON to win! What total Bullshyt as CBS rewrites history!</Msg><Username>lameduck0bama</Username><Timestamp>1370716179597</Timestamp><DateTime>Sat, 2013-06-08 14:29:39 EDT</DateTime><ThumbUp>4</ThumbUp><ThumbDown>1</ThumbDown><Sentiment/></Message><Message type="ReplyMessage"><Id>1370716725093-80</Id><Topic><Title>"LIBERTY KIDS": CBS' Saturday morning Propaganda BS Show For Kids</Title><Username>lameduck0bama</Username><Timestamp>1370716179597</Timestamp><DateTime>Sat, 2013-06-08 14:29:39 EDT</DateTime></Topic><Msg>btw, "liberty Kids" appropriately produced by #$%$" entertainment, NO LIE! LMAO!!</Msg><Username>lameduck0bama</Username><Timestamp>1370716725093</Timestamp><DateTime>Sat, 2013-06-08 14:38:45 EDT</DateTime><ThumbUp>3</ThumbUp><ThumbDown>1</ThumbDown><Sentiment/></Message><Message type="ReplyMessage"><Id>1370719955383-81</Id><Topic><Title>"LIBERTY KIDS": CBS' Saturday morning Propaganda BS Show For Kids</Title><Username>lameduck0bama</Username><Timestamp>1370716179597</Timestamp><DateTime>Sat, 2013-06-08 14:29:39 EDT</DateTime></Topic><Msg>those morons could #$%$ a wetdream</Msg><Username>maxedout333</Username><Timestamp>1370719955383</Timestamp><DateTime>Sat, 2013-06-08 15:32:35 EDT</DateTime><ThumbUp>1</ThumbUp><ThumbDown>1</ThumbDown><Sentiment/></Message><Message type="TopicMessage"><Id>1370719999615-82</Id><Title>O'Bama vs. America!!!</Title><Msg>America will win!. . And you thought the TSA was bad. . The Kenyan will lose his war on America because he is evil.</Msg><Username>ivanhoeofloxxly</Username><Timestamp>1370719999615</Timestamp><DateTime>Sat, 2013-06-08 15:33:19 EDT</DateTime><ThumbUp>0</ThumbUp><ThumbDown>1</ThumbDown><Sentiment/></Message><Message type="TopicMessage"><Id>1370720068932-83</Id><Title>WATCH: OBAMA AT ROOT OF IRS SCANDAL, PERSECUTING CONSERVATIVES</Title><Msg>he should be impeached and will be, at least by the House.</Msg><Username>maxedout333</Username><Timestamp>1370720068932</Timestamp><DateTime>Sat, 2013-06-08 15:34:28 EDT</DateTime><ThumbUp>3</ThumbUp><ThumbDown>1</ThumbDown><Sentiment/></Message><Message type="TopicMessage"><Id>1370727447402-84</Id><Title>OBAMA'S CZARS NEED SECRET EMAILS SO THEY CAN VIOLATE LAWS AND SUBVERT US CONSTITUTION</Title><Msg>Obama's czars need secret emails so they can violate laws and subvert us constitution. isn't it obvious?</Msg><Username>high_falutin_heifers</Username><Timestamp>1370727447402</Timestamp><DateTime>Sat, 2013-06-08 17:37:27 EDT</DateTime><ThumbUp>5</ThumbUp><ThumbDown>0</ThumbDown><Sentiment/></Message><Message type="ReplyMessage"><Id>1370728253105-85</Id><Topic><Title>DEMOCRAT OPERATIVE WHO WAS ILLEGALLY HACKING INTO GOP GOVERNOR EMAIL ARRESTED FOR CHILD P0RN0</Title><Username>token_affirmativ_action_blackguy</Username><Timestamp>1370712032279</Timestamp><DateTime>Sat, 2013-06-08 13:20:32 EDT</DateTime></Topic><Msg>Democrat operatives are violating these laws at every level of goverment (IRS, NSA,HEALTHCARE,STATE DEPT, CIA, local state govement, city govemrent ect).</Msg><Username>democrat_cocoon_of_poverty</Username><Timestamp>1370728253105</Timestamp><DateTime>Sat, 2013-06-08 17:50:53 EDT</DateTime><ThumbUp>4</ThumbUp><ThumbDown>1</ThumbDown><Sentiment/></Message><Message type="ReplyMessage"><Id>1370728429943-86</Id><Topic><Title>DEMOCRAT OPERATIVE WHO WAS ILLEGALLY HACKING INTO GOP GOVERNOR EMAIL ARRESTED FOR CHILD P0RN0</Title><Username>token_affirmativ_action_blackguy</Username><Timestamp>1370712032279</Timestamp><DateTime>Sat, 2013-06-08 13:20:32 EDT</DateTime></Topic><Msg>FBI also arrested Two other democrats along with democrat Jason Loera for illegally hacking into the Republican governors email.</Msg><Username>democrat_cocoon_of_poverty</Username><Timestamp>1370728429943</Timestamp><DateTime>Sat, 2013-06-08 17:53:49 EDT</DateTime><ThumbUp>5</ThumbUp><ThumbDown>1</ThumbDown><Sentiment/></Message><Message type="TopicMessage"><Id>1370729699778-87</Id><Title>NEWS: SOMEONE PAID ONE MILLION FOR LUNCH WITH LIB WARREN BUFFET</Title><Msg>procedes from it are to go to the "Glide" foundation in SanFranhomocisco.....the Glide foundation is a noted gay benefit group. Buffet is funding the homos, is he gay too? Verk and junior would love to meat him if he is!</Msg><Username>jaysallstarss</Username><Timestamp>1370729699778</Timestamp><DateTime>Sat, 2013-06-08 18:14:59 EDT</DateTime><ThumbUp>2</ThumbUp><ThumbDown>1</ThumbDown><Sentiment/></Message><Message type="TopicMessage"><Id>1370729933567-88</Id><Title>Big Government</Title><Msg>the problem is government that's too big. I see it as the belly of Uncle Sam and the belly just wants to be a pot Romney just wanted to help America, Obama just wanted to be President; it's sad The problem is government that's too big. I see it as the belly of Uncle Sam and the belly just wants to be a pot belly it gorges itself to a pig belly and eventually kills Uncle Sam . Death by obesity. Man turns everything he touches in likeness of himself. His creations assume all the liabilities of the human counterpart and inevitably fail the same way. Liberals are hanging on to the Bush legacy as the only excuse and to deflect the subject from the discussion. What they don't want to discuss is the glaring fact that Obama amplified all the programs started by Clinton and Bush inspite of warning calls and his own election promises. It is said that absolute power corrupts absolutely. But I think the following quote is more up to date: "It is said that power corrupts, but actually it's more true that power attracts the corruptible. The sane are usually attracted by other things than power." I don't remember who said that but it is also very true, power always reveals. We know that power expands through the distruibution of secrecy (John Le Carre`) Everything Obama has done to date is secrecy. His Obamacare, IRS, foreign policy, Benghazi scandal, his trip through the Muslim world, his policy of enriching his benefactors, his directives to the Attorney General which laws to uphold and which to ignore.. "The benevolent despot who sees himself as a shepherd of the people still demands from others the submissiveness of sheep. The taint inherent in absolute power is not its inhumanity but its anti-humanity. "</Msg><Username>kz7m</Username><Timestamp>1370729933567</Timestamp><DateTime>Sat, 2013-06-08 18:18:53 EDT</DateTime><ThumbUp>2</ThumbUp><ThumbDown>1</ThumbDown><Sentiment/></Message><Message type="ReplyMessage"><Id>1370731941583-89</Id><Topic><Title>another great day to be an american patriot</Title><Username>juniorsclassmate_7</Username><Timestamp>1370704712699</Timestamp><DateTime>Sat, 2013-06-08 11:18:32 EDT</DateTime></Topic><Msg>I had to remove the word "patriot" from my description to avoid an audit.</Msg><Username>artemiagrower</Username><Timestamp>1370731941583</Timestamp><DateTime>Sat, 2013-06-08 18:52:21 EDT</DateTime><ThumbUp>1</ThumbUp><ThumbDown>1</ThumbDown><Sentiment/></Message><Message type="ReplyMessage"><Id>1370732199789-90</Id><Topic><Title>Big Government</Title><Username>kz7m</Username><Timestamp>1370729933567</Timestamp><DateTime>Sat, 2013-06-08 18:18:53 EDT</DateTime></Topic><Msg>It went from melting pot to money pot. The money pot is for the moochers and the crooks. The rest of us are supposed to keep the pot full.</Msg><Username>artemiagrower</Username><Timestamp>1370732199789</Timestamp><DateTime>Sat, 2013-06-08 18:56:39 EDT</DateTime><ThumbUp>1</ThumbUp><ThumbDown>2</ThumbDown><Sentiment/></Message><Message type="TopicMessage"><Id>1370732928633-91</Id><Title>9 out of 10 DEMS suggest OUTLAWING ISLAM, going after over stayed VISA's, Deportation thereof</Title><Msg>Then convert the UTAH NSA facility into a mall or university.</Msg><Username>black911operator</Username><Timestamp>1370732928633</Timestamp><DateTime>Sat, 2013-06-08 19:08:48 EDT</DateTime><ThumbUp>2</ThumbUp><ThumbDown>1</ThumbDown><Sentiment/></Message><Message type="TopicMessage"><Id>1370734534524-92</Id><Title>Why are Libs so Stupid??</Title><Msg>It's a mix of genetics and learned behavior. Ironically, their autism causes them to think it's everyone else who's stupid, LOL...</Msg><Username>libs_r_a_plague</Username><Timestamp>1370734534524</Timestamp><DateTime>Sat, 2013-06-08 19:35:34 EDT</DateTime><ThumbUp>3</ThumbUp><ThumbDown>3</ThumbDown><Sentiment/></Message><Message type="TopicMessage"><Id>1370736653325-93</Id><Title>O'Bama gives birth control to 12 year old girls</Title><Msg>But he won't give one a lung transplant to a 12 year old to save her life. . If you don't think liberalism is an insidious disease it's only because you are one. . The Mxslim bloodthirsty monkey is pure evil.</Msg><Username>ivanhoeofloxxly</Username><Timestamp>1370736653325</Timestamp><DateTime>Sat, 2013-06-08 20:10:53 EDT</DateTime><ThumbUp>3</ThumbUp><ThumbDown>1</ThumbDown><Sentiment/></Message><Message type="ReplyMessage"><Id>1370737245516-94</Id><Topic><Title>WATCH: OBAMA AT ROOT OF IRS SCANDAL, PERSECUTING CONSERVATIVES</Title><Username>maxedout333</Username><Timestamp>1370720068932</Timestamp><DateTime>Sat, 2013-06-08 15:34:28 EDT</DateTime></Topic><Msg>Amen. . The evil black commie creature attacked Gibson guitar with his jack boot SWAT team because the CEO didn't donate to his evil anti-American campaign but he left Martin guitar alone because it's CEO did donate to the Kenyan's corrupt radical racist anti-American regime. . BOTH companies used the same type of wood for their guitars, only difference was that Gibson guitar is an American Patriot company that wouldn't donate to help the Kenyan with his destruction of America. . Marxist Martin guitar had no problem at all helping their Marxist Mxslim Messiah financially so that he could destroy the Constitution and America. . Kenyan go home! . . . Back to heIl where you came from.</Msg><Username>ivanhoeofloxxly</Username><Timestamp>1370737245516</Timestamp><DateTime>Sat, 2013-06-08 20:20:45 EDT</DateTime><ThumbUp>2</ThumbUp><ThumbDown>1</ThumbDown><Sentiment/></Message><Message type="TopicMessage"><Id>1370738037002-95</Id><Title>OH THE HUMANITY!!!!</Title><Msg>of this horrid Democratic administration. Ignoring the Constitution and encouraging all branches of government to do likewise, this is the beginning of the end of America....UNLESS.....upheaval that dwarfs the Occupy Wall Street movement emerges! Folks who have scoffed at the Tea Party, may get a REAL 1776 TYPE TEA PARTY....but no one is gonna dress like an Injun......</Msg><Username>walterbyrdman11</Username><Timestamp>1370738037002</Timestamp><DateTime>Sat, 2013-06-08 20:33:57 EDT</DateTime><ThumbUp>1</ThumbUp><ThumbDown>1</ThumbDown><Sentiment/></Message><Message type="ReplyMessage"><Id>1370738532560-96</Id><Topic><Title>O'Bama gives birth control to 12 year old girls</Title><Username>ivanhoeofloxxly</Username><Timestamp>1370736653325</Timestamp><DateTime>Sat, 2013-06-08 20:10:53 EDT</DateTime></Topic><Msg>everything you posit is true, and most of the thangs you says are too!!!</Msg><Username>schnitlerbeim</Username><Timestamp>1370738532560</Timestamp><DateTime>Sat, 2013-06-08 20:42:12 EDT</DateTime><ThumbUp>1</ThumbUp><ThumbDown>1</ThumbDown><Sentiment/></Message><Message type="TopicMessage"><Id>1370738553081-97</Id><Title>Philly crane operator was high on marijuana when he caused building to collapse</Title><Msg>Toxicology reports show he was higher than the coke head Mxslim monkey in the white house when he caused the tragedy that took the lives of 6 people. . Yep, legalize marijuana, who cares how many people you murder, it's the liberal thing to do. . And besides, the hollow heads in make-believe Hollywood will come to your aid no matter how many humans you kill. Just like they do for their bloodthirsty warmongering Mxslim Messiah. . When the Mxslim monkey was axed to comment on the tragedy, he said: "You wanna burnnn one mannn?"</Msg><Username>ivanhoeofloxxly</Username><Timestamp>1370738553081</Timestamp><DateTime>Sat, 2013-06-08 20:42:33 EDT</DateTime><ThumbUp>2</ThumbUp><ThumbDown>1</ThumbDown><Sentiment/></Message><Message type="ReplyMessage"><Id>1370739221475-98</Id><Topic><Title>Philly crane operator was high on marijuana when he caused building to collapse</Title><Username>ivanhoeofloxxly</Username><Timestamp>1370738553081</Timestamp><DateTime>Sat, 2013-06-08 20:42:33 EDT</DateTime></Topic><Msg>no doubt that pothead was also a spear-chucking POS</Msg><Username>lameduck0bama</Username><Timestamp>1370739221475</Timestamp><DateTime>Sat, 2013-06-08 20:53:41 EDT</DateTime><ThumbUp>2</ThumbUp><ThumbDown>1</ThumbDown><Sentiment/></Message><Message type="ReplyMessage"><Id>1370739712172-99</Id><Topic><Title>Philly crane operator was high on marijuana when he caused building to collapse</Title><Username>ivanhoeofloxxly</Username><Timestamp>1370738553081</Timestamp><DateTime>Sat, 2013-06-08 20:42:33 EDT</DateTime></Topic><Msg>D;amn, Lameduck!! YOU WERE RIGHT! . And he had a lengthy rap sheet too. . The toad looks like Snoop Dog and he was wearing an O'Bama tee shirt when he turned himself in to authorities. . No need to go figure either.</Msg><Username>ivanhoeofloxxly</Username><Timestamp>1370739712172</Timestamp><DateTime>Sat, 2013-06-08 21:01:52 EDT</DateTime><ThumbUp>1</ThumbUp><ThumbDown>1</ThumbDown><Sentiment/></Message><Message type="ReplyMessage"><Id>1370740550657-100</Id><Topic><Title>OH THE HUMANITY!!!!</Title><Username>walterbyrdman11</Username><Timestamp>1370738037002</Timestamp><DateTime>Sat, 2013-06-08 20:33:57 EDT</DateTime></Topic><Msg>O'Bama is so busy attacking and trying to destroy American Patriot whistle blowers who are exposing him that he doesn't have time to golf or kill kids and innocent women. . Whistle blowers from Fast and Furious, Benghazi-Gate, the illegal Libyan war, the IRS scandal, the AP debacle and the internet spying and phone tapping of Americans and too many other scandals to mention are all being targeted by the ENEMY of America, Baracck Hussein O'Bama. . Like me, they had all better grow eyes in the backs of their heads because make no mistake, they ARE on the Kenyan's Kill list like many other Americans are. . Whenever I write to Issa or Gowdy or Sekulow or FOX or Boehner, I always tell them to destroy the letters because I know the Kenyans always trying to hack into their PC's and I don't want to be murdered by the madman Mxslim too, he's already notched his Qur'ran with the blood of over 18 innocent Americans.</Msg><Username>ivanhoeofloxxly</Username><Timestamp>1370740550657</Timestamp><DateTime>Sat, 2013-06-08 21:15:50 EDT</DateTime><ThumbUp>1</ThumbUp><ThumbDown>1</ThumbDown><Sentiment/></Message><Message type="TopicMessage"><Id>1370741979856-101</Id><Title>O'Bama isn't talking with China's leader, Xi Jinping</Title><Msg>He's PLOTTING with him! . Commies of a feather are as thick as bird turds in the spring heather. . Remember Medvedev and what the monkey said to him and the sensual touch he laid on him when he didn't know his mic was on. (they got a room later on) . I told you the Mxslim was a spy. . And now he's spying on AMERICANS. . Kenya believe it.</Msg><Username>ivanhoeofloxxly</Username><Timestamp>1370741979856</Timestamp><DateTime>Sat, 2013-06-08 21:39:39 EDT</DateTime><ThumbUp>3</ThumbUp><ThumbDown>1</ThumbDown><Sentiment/></Message><Message type="ReplyMessage"><Id>1370743334592-102</Id><Topic><Title>O'Bama isn't talking with China's leader, Xi Jinping</Title><Username>ivanhoeofloxxly</Username><Timestamp>1370741979856</Timestamp><DateTime>Sat, 2013-06-08 21:39:39 EDT</DateTime></Topic><Msg>as the liberal horde screams in approval. Not until these liberals are affected personally will they recognize what this thug is doing. No president in this nations history has been the liar and thug this guy has been.</Msg><Username>gregjanetommax</Username><Timestamp>1370743334592</Timestamp><DateTime>Sat, 2013-06-08 22:02:14 EDT</DateTime><ThumbUp>1</ThumbUp><ThumbDown>4</ThumbDown><Sentiment/></Message><Message type="TopicMessage"><Id>1370743637008-103</Id><Title>only stock in my portfolio down on Friday</Title><Msg>why is that</Msg><Username>gregjanetommax</Username><Timestamp>1370743637008</Timestamp><DateTime>Sat, 2013-06-08 22:07:17 EDT</DateTime><ThumbUp>0</ThumbUp><ThumbDown>4</ThumbDown><Sentiment/></Message><Message type="TopicMessage"><Id>1370744292272-104</Id><Title>O'Bama lied about spying on people's phone calls</Title><Msg>But he said he's telling the truth about not listening in. . He said he only lies 99% of the time. The other 1% of the time, he's prevaricating. . When he tells the truth, he's lying. . The Kenyan is spying on America. . What ever happened to that "probable cause" thingy. . Oh that's right, it's a lawless constitutionless country as long as the commie Kenyan's in power. . The enemy is in the White House,… it's just as simple as that.</Msg><Username>ivanhoeofloxxly</Username><Timestamp>1370744292272</Timestamp><DateTime>Sat, 2013-06-08 22:18:12 EDT</DateTime><ThumbUp>1</ThumbUp><ThumbDown>1</ThumbDown><Sentiment/></Message><Message type="ReplyMessage"><Id>1370744898247-105</Id><Topic><Title>Big Government</Title><Username>kz7m</Username><Timestamp>1370729933567</Timestamp><DateTime>Sat, 2013-06-08 18:18:53 EDT</DateTime></Topic><Msg>KZ, I have to agree with a good deal of your commentary, as history will attest , power has attracted the corruptible. However to believe that Romney, was any different then the stable of GOP presidential want to be's (excluding Ron Paul) who would have passed legislation that benefited only the affluent and the GOP agenda, country and economy be damn; is just wishful thinking. The GOP hasn't changed it's political rhetoric since the days of Nixon. Most did not vote for the off-shore millionaire because, Obama still represented the better of two unexceptionable choices to govern the nation. Obama was a politician in training, with known short comings. Romney was deceptive, evasive,affluent, and just a rich mans politician. A Typical cut from the GOP roster of the past. He actually couldn't carry the political shoes of a Gingrich, or a Clinton for that matter, but that's a topic for another day.</Msg><Username>fss13</Username><Timestamp>1370744898247</Timestamp><DateTime>Sat, 2013-06-08 22:28:18 EDT</DateTime><ThumbUp>0</ThumbUp><ThumbDown>4</ThumbDown><Sentiment/></Message></Date>