<?xml version="1.0" encoding="UTF-8" standalone="no"?><Date date="2013-04-08"><Message type="ReplyMessage"><Id>1365393718350-1</Id><Topic><Title>Oh Yes we should send Janehanoifonda WITH JohnLerchKerry to</Title><Username>juniorclassmate</Username><Timestamp>1365298306864</Timestamp><DateTime>Sat, 2013-04-06 21:31:46 EDT</DateTime></Topic><Msg>LMAO You must be well balanced with a shoe size and IQ to match</Msg><Username>jen.co44</Username><Timestamp>1365393718350</Timestamp><DateTime>Mon, 2013-04-08 00:01:58 EDT</DateTime><ThumbUp>2</ThumbUp><ThumbDown>1</ThumbDown><Sentiment/></Message><Message type="TopicMessage"><Id>1365421648626-2</Id><Title>Gran pappy Biden sayz</Title><Msg>Buy a shotgun, shoot 2 blast. Buy a shotgun, shoot 2 blast. Buy a shotgun, shoot 2 blast. Buy a shotgun, shoot 2 blast. Buy a shotgun, shoot 2 blast. Buy a shotgun, shoot 2 blast. Buy a shotgun, shoot 2 blast. Buy a shotgun, shoot 2 blast. Buy a shotgun, shoot 2 blast. Buy a shotgun, shoot 2 blast. Buy a shotgun, shoot 2 blast. Buy a shotgun, shoot 2 blast. Buy a shotgun, shoot 2 blast. Buy a shotgun, shoot 2 blast. Buy a shotgun, shoot 2 blast. Buy a shotgun, shoot 2 blast. Buy a shotgun, shoot 2 blast. Buy a shotgun, shoot 2 blast. Buy a shotgun, shoot 2 blast. Buy a shotgun, shoot 2 blast. Buy a shotgun, shoot 2 blast. Buy a shotgun, shoot 2 blast. Buy a shotgun, shoot 2 blast. Buy a shotgun, shoot 2 blast. Buy a shotgun, shoot 2 blast. Buy a shotgun, shoot 2 blast. Buy a shotgun, shoot 2 blast. Buy a shotgun, shoot 2 blast.</Msg><Username>cages_are_the_enemy</Username><Timestamp>1365421648626</Timestamp><DateTime>Mon, 2013-04-08 07:47:28 EDT</DateTime><ThumbUp>0</ThumbUp><ThumbDown>1</ThumbDown><Sentiment/></Message><Message type="ReplyMessage"><Id>1365422382601-3</Id><Topic><Title>I Don't Think You Proud White Trash Know What Quantitative Easing Is!,..</Title><Username>dei.verbum931</Username><Timestamp>1365275598666</Timestamp><DateTime>Sat, 2013-04-06 15:13:18 EDT</DateTime></Topic><Msg>QE is destroying capitalism and those capitalist societies. This money bubble will end in a big, big bang to the downside for the stock market. But that will pave the way for recovery in the real economy. For the root cause of the problem--concentration of wealth and income--will be solved by the stock market crashing to levels that return to long term mean.</Msg><Username>pn1409</Username><Timestamp>1365422382601</Timestamp><DateTime>Mon, 2013-04-08 07:59:42 EDT</DateTime><ThumbUp>0</ThumbUp><ThumbDown>1</ThumbDown><Sentiment/></Message><Message type="TopicMessage"><Id>1365425133790-4</Id><Title>carrik.fergus was supposed to be aborted, what happened?</Title><Msg>Indeed!</Msg><Username>prolifevsprodeath</Username><Timestamp>1365425133790</Timestamp><DateTime>Mon, 2013-04-08 08:45:33 EDT</DateTime><ThumbUp>2</ThumbUp><ThumbDown>3</ThumbDown><Sentiment/></Message><Message type="ReplyMessage"><Id>1365427439059-5</Id><Topic><Title>junior-dumb-surf-magoo's latest ID...</Title><Username>carrik.fergus</Username><Timestamp>1365426738734</Timestamp><DateTime>Mon, 2013-04-08 09:12:18 EDT</DateTime></Topic><Msg>Pathetic how much this loser craves attention.</Msg><Username>wonka9090</Username><Timestamp>1365427439059</Timestamp><DateTime>Mon, 2013-04-08 09:23:59 EDT</DateTime><ThumbUp>0</ThumbUp><ThumbDown>2</ThumbDown><Sentiment/></Message><Message type="ReplyMessage"><Id>1365427657324-6</Id><Topic><Title>junior-dumb-surf-magoo's latest ID...</Title><Username>carrik.fergus</Username><Timestamp>1365426738734</Timestamp><DateTime>Mon, 2013-04-08 09:12:18 EDT</DateTime></Topic><Msg>that is what happens when you give out free cell phones, educations, UE checks, soon HC, and food.</Msg><Username>deadpainting</Username><Timestamp>1365427657324</Timestamp><DateTime>Mon, 2013-04-08 09:27:37 EDT</DateTime><ThumbUp>2</ThumbUp><ThumbDown>2</ThumbDown><Sentiment/></Message><Message type="ReplyMessage"><Id>1365427681771-7</Id><Topic><Title>junior-dumb-surf-magoo's latest ID...</Title><Username>carrik.fergus</Username><Timestamp>1365426738734</Timestamp><DateTime>Mon, 2013-04-08 09:12:18 EDT</DateTime></Topic><Msg>free filet minion ROTFLOL.</Msg><Username>deadpainting</Username><Timestamp>1365427681771</Timestamp><DateTime>Mon, 2013-04-08 09:28:01 EDT</DateTime><ThumbUp>1</ThumbUp><ThumbDown>2</ThumbDown><Sentiment/></Message><Message type="ReplyMessage"><Id>1365427726332-8</Id><Topic><Title>OBAMA SPENDS $50 MILLION TAXPAYER MONEY ON HIS VACATIONS OFFERS $20,000 PAYCUT</Title><Username>unemployed_obama_youth</Username><Timestamp>1365271207924</Timestamp><DateTime>Sat, 2013-04-06 14:00:07 EDT</DateTime></Topic><Msg>scam artist.</Msg><Username>deadpainting</Username><Timestamp>1365427726332</Timestamp><DateTime>Mon, 2013-04-08 09:28:46 EDT</DateTime><ThumbUp>1</ThumbUp><ThumbDown>1</ThumbDown><Sentiment/></Message><Message type="TopicMessage"><Id>1365427800113-9</Id><Title>I junior, am PRO-LIFE</Title><Msg>but you republicans should have all been aborted!</Msg><Username>prolifevsprodeath</Username><Timestamp>1365427800113</Timestamp><DateTime>Mon, 2013-04-08 09:30:00 EDT</DateTime><ThumbUp>2</ThumbUp><ThumbDown>3</ThumbDown><Sentiment/></Message><Message type="ReplyMessage"><Id>1365428927033-10</Id><Topic><Title>Thanks Bammy for the 0.4% U.S. Growth Rate...</Title><Username>carrik.fergus</Username><Timestamp>1365390423236</Timestamp><DateTime>Sun, 2013-04-07 23:07:03 EDT</DateTime></Topic><Msg>But, we are not under bush. Elephant ears doesn't have one clue.</Msg><Username>aaaa99999999999999999</Username><Timestamp>1365428927033</Timestamp><DateTime>Mon, 2013-04-08 09:48:47 EDT</DateTime><ThumbUp>2</ThumbUp><ThumbDown>1</ThumbDown><Sentiment/></Message><Message type="ReplyMessage"><Id>1365429541802-11</Id><Topic><Title>New independent source of information, moved since yesterday. It should read what they write about CSCO.</Title><Username>jeffrey_jones50</Username><Timestamp>1365004235377</Timestamp><DateTime>Wed, 2013-04-03 11:50:35 EDT</DateTime></Topic><Msg>this was really helpful</Msg><Username>samwat4</Username><Timestamp>1365429541802</Timestamp><DateTime>Mon, 2013-04-08 09:59:01 EDT</DateTime><ThumbUp>1</ThumbUp><ThumbDown>1</ThumbDown><Sentiment/></Message><Message type="ReplyMessage"><Id>1365429570140-12</Id><Topic><Title>Oh Yes we should send Janehanoifonda WITH JohnLerchKerry to</Title><Username>juniorclassmate</Username><Timestamp>1365298306864</Timestamp><DateTime>Sat, 2013-04-06 21:31:46 EDT</DateTime></Topic><Msg>You nailed it Jen!</Msg><Username>dumpbernanke</Username><Timestamp>1365429570140</Timestamp><DateTime>Mon, 2013-04-08 09:59:30 EDT</DateTime><ThumbUp>0</ThumbUp><ThumbDown>1</ThumbDown><Sentiment/></Message><Message type="TopicMessage"><Id>1365431321822-13</Id><Title>prospect of higher interest rates would help home sales</Title><Msg>If the public sees that interest rates have bottomed, more people would start to borrow to beat the rate hike, which would help housing sales, car sales, etc. Instead, the Fed tells the public, "don't be in a hurry because we will keep interest rates at zero forever."</Msg><Username>pn1409</Username><Timestamp>1365431321822</Timestamp><DateTime>Mon, 2013-04-08 10:28:41 EDT</DateTime><ThumbUp>2</ThumbUp><ThumbDown>2</ThumbDown><Sentiment/></Message><Message type="ReplyMessage"><Id>1365431709855-14</Id><Topic><Title>prospect of higher interest rates would help home sales</Title><Username>pn1409</Username><Timestamp>1365431321822</Timestamp><DateTime>Mon, 2013-04-08 10:28:41 EDT</DateTime></Topic><Msg>Yeah,let Bernanke even hint QE is over and rates are going up. Watch what happens to the market,dummy.</Msg><Username>wonka9090</Username><Timestamp>1365431709855</Timestamp><DateTime>Mon, 2013-04-08 10:35:09 EDT</DateTime><ThumbUp>0</ThumbUp><ThumbDown>1</ThumbDown><Sentiment/></Message><Message type="ReplyMessage"><Id>1365432271962-15</Id><Topic><Title>Thanks Bammy for the 0.4% U.S. Growth Rate...</Title><Username>carrik.fergus</Username><Timestamp>1365390423236</Timestamp><DateTime>Sun, 2013-04-07 23:07:03 EDT</DateTime></Topic><Msg>Not only does elephant ears have no clue, you don't either. You should quit posting all day long, and get out more to see what the hell is going on in the world.</Msg><Username>aaaa99999999999999999</Username><Timestamp>1365432271962</Timestamp><DateTime>Mon, 2013-04-08 10:44:31 EDT</DateTime><ThumbUp>2</ThumbUp><ThumbDown>1</ThumbDown><Sentiment/></Message><Message type="TopicMessage"><Id>1365432992414-16</Id><Title>dumb using jr id today. ROTFLOL</Title><Msg>what a loser. filet minion ROTFLOL.</Msg><Username>deadpainting</Username><Timestamp>1365432992414</Timestamp><DateTime>Mon, 2013-04-08 10:56:32 EDT</DateTime><ThumbUp>2</ThumbUp><ThumbDown>2</ThumbDown><Sentiment/></Message><Message type="ReplyMessage"><Id>1365434475517-17</Id><Topic><Title>I junior, am PRO-LIFE</Title><Username>prolifevsprodeath</Username><Timestamp>1365427800113</Timestamp><DateTime>Mon, 2013-04-08 09:30:00 EDT</DateTime></Topic><Msg>What's wrong junior, forget to take your Nefazodone this morning? LOLOLOLOLOL...</Msg><Username>carrik.fergus</Username><Timestamp>1365434475517</Timestamp><DateTime>Mon, 2013-04-08 11:21:15 EDT</DateTime><ThumbUp>3</ThumbUp><ThumbDown>1</ThumbDown><Sentiment/></Message><Message type="ReplyMessage"><Id>1365435994720-18</Id><Topic><Title>Cisco Systems, Inc. UPDATED CHARTS!</Title><Username>se27monique</Username><Timestamp>1359385580087</Timestamp><DateTime>Mon, 2013-01-28 10:06:20 EST</DateTime></Topic><Msg>Thanks for sharing this article.</Msg><Username>schippertjesummer</Username><Timestamp>1365435994720</Timestamp><DateTime>Mon, 2013-04-08 11:46:34 EDT</DateTime><ThumbUp>0</ThumbUp><ThumbDown>1</ThumbDown><Sentiment>Buy</Sentiment></Message><Message type="TopicMessage"><Id>1365436388246-19</Id><Title>Obama raised middle class tax 2%</Title><Msg>also inflation and cost of goods for middle class almost doubles. now Obama wants to change the way we look at inflation to pinch ever last dime from middle classes pockets, does not sound like the same guy who spent 5 years talking about NOTHING ELSE BUT the unfair system that favored the rich. What a difference an election makes. Liberals love being lied to.</Msg><Username>deadpainting</Username><Timestamp>1365436388246</Timestamp><DateTime>Mon, 2013-04-08 11:53:08 EDT</DateTime><ThumbUp>1</ThumbUp><ThumbDown>3</ThumbDown><Sentiment/></Message><Message type="ReplyMessage"><Id>1365437131591-20</Id><Topic><Title>MANCHELLE OBAMA BRAGS ON CBS THAT SHE IS BUSY SINGLE MOM AND STUPID WOMEN BOUGHT IT!!</Title><Username>kenya_bolshevik_from_chicago</Username><Timestamp>1365227749813</Timestamp><DateTime>Sat, 2013-04-06 01:55:49 EDT</DateTime></Topic><Msg>thats true but she can do a good jitterbug dance, that has to count for something.</Msg><Username>joespada282</Username><Timestamp>1365437131591</Timestamp><DateTime>Mon, 2013-04-08 12:05:31 EDT</DateTime><ThumbUp>0</ThumbUp><ThumbDown>1</ThumbDown><Sentiment/></Message><Message type="TopicMessage"><Id>1365437151712-21</Id><Title>CSCO generate about 2.20 per share additional cash per year. Including dividends about 14 percent</Title><Msg>The cash build per share per year added to the dividend is about 14 percent per year. At some point the addition of 10.7% cash will cause this springboard to reflect reality.</Msg><Username>believerinbalancesheettrends</Username><Timestamp>1365437151712</Timestamp><DateTime>Mon, 2013-04-08 12:05:51 EDT</DateTime><ThumbUp>0</ThumbUp><ThumbDown>0</ThumbDown><Sentiment>Strong Buy</Sentiment></Message><Message type="ReplyMessage"><Id>1365438729134-22</Id><Topic><Title>Low IQ REPUB posters here feel only ONE DEM posts on this board !</Title><Username>allnewmagoo6</Username><Timestamp>1365438341159</Timestamp><DateTime>Mon, 2013-04-08 12:25:41 EDT</DateTime></Topic><Msg>Just hard to believe there could be several people as idiotic as Junior. Has to be one moron with several aliases. Wouldn't you agree??LOL</Msg><Username>wonka9090</Username><Timestamp>1365438729134</Timestamp><DateTime>Mon, 2013-04-08 12:32:09 EDT</DateTime><ThumbUp>0</ThumbUp><ThumbDown>3</ThumbDown><Sentiment/></Message><Message type="ReplyMessage"><Id>1365438968544-23</Id><Topic><Title>Low IQ REPUB posters here feel only ONE DEM posts on this board !</Title><Username>allnewmagoo6</Username><Timestamp>1365438341159</Timestamp><DateTime>Mon, 2013-04-08 12:25:41 EDT</DateTime></Topic><Msg>Is that the best comeback you can come up with.......YAWN!!! Dont waste my time, loser.LOL</Msg><Username>wonka9090</Username><Timestamp>1365438968544</Timestamp><DateTime>Mon, 2013-04-08 12:36:08 EDT</DateTime><ThumbUp>0</ThumbUp><ThumbDown>3</ThumbDown><Sentiment/></Message><Message type="ReplyMessage"><Id>1365439891392-24</Id><Topic><Title>LOW NAYGUR IQS TO BLAME FOR THEIR LIFESTYLES</Title><Username>juniorclassmate</Username><Timestamp>1365439642741</Timestamp><DateTime>Mon, 2013-04-08 12:47:22 EDT</DateTime></Topic><Msg>in their defense, some of the female ones give good head though</Msg><Username>juniorclassmate</Username><Timestamp>1365439891392</Timestamp><DateTime>Mon, 2013-04-08 12:51:31 EDT</DateTime><ThumbUp>4</ThumbUp><ThumbDown>2</ThumbDown><Sentiment/></Message><Message type="ReplyMessage"><Id>1365440091778-25</Id><Topic><Title>Serious Advancement in CSCO!</Title><Username>rebecca.graham17</Username><Timestamp>1365436460936</Timestamp><DateTime>Mon, 2013-04-08 11:54:20 EDT</DateTime></Topic><Msg>Thanks for sharing this article.</Msg><Username>kimberly.gardner22</Username><Timestamp>1365440091778</Timestamp><DateTime>Mon, 2013-04-08 12:54:51 EDT</DateTime><ThumbUp>1</ThumbUp><ThumbDown>1</ThumbDown><Sentiment/></Message><Message type="ReplyMessage"><Id>1365441767312-26</Id><Topic><Title>FIRST the Republicans get Beat TWICE by a Marxist Muslum Black Guy Communist Community Organizer</Title><Username>republican_organgrinders</Username><Timestamp>1365355486653</Timestamp><DateTime>Sun, 2013-04-07 13:24:46 EDT</DateTime></Topic><Msg>That old woman couldn't even get the nomination in 2008. You loons are funny!!</Msg><Username>wonka9090</Username><Timestamp>1365441767312</Timestamp><DateTime>Mon, 2013-04-08 13:22:47 EDT</DateTime><ThumbUp>0</ThumbUp><ThumbDown>1</ThumbDown><Sentiment/></Message><Message type="TopicMessage"><Id>1365442227943-27</Id><Title>Why Sicko just die?</Title><Msg>Jim Crxmer is at fault.</Msg><Username>osulinn</Username><Timestamp>1365442227943</Timestamp><DateTime>Mon, 2013-04-08 13:30:27 EDT</DateTime><ThumbUp>0</ThumbUp><ThumbDown>2</ThumbDown><Sentiment/></Message><Message type="TopicMessage"><Id>1365445684563-28</Id><Title>Can We all Agree That The CSCO Message Board Is A Gathering Place For The Republican Lonely</Title><Msg>and Loonies? Go to any McDonalds and you'll see sane retirees sharing laughs with each other. Come to the CSCO board and you'll see nothing but the same old Republican baggers crying all day and and night. They never had a life or any friends when they were young, and they continue the same life until they die. These goofy miserable old baggers families couldn't line up six pallbearers to carry there fatazz to their final resting place even if they paid them.</Msg><Username>ice_cricket</Username><Timestamp>1365445684563</Timestamp><DateTime>Mon, 2013-04-08 14:28:04 EDT</DateTime><ThumbUp>3</ThumbUp><ThumbDown>4</ThumbDown><Sentiment/></Message><Message type="ReplyMessage"><Id>1365445853453-29</Id><Topic><Title>LOW NAYGUR IQS TO BLAME FOR THEIR LIFESTYLES</Title><Username>juniorclassmate</Username><Timestamp>1365439642741</Timestamp><DateTime>Mon, 2013-04-08 12:47:22 EDT</DateTime></Topic><Msg>You're in luck juniorclassmate, according to Larry Craig most of you Republican males give good head too. And not ashamed to do it in public places either.</Msg><Username>hi_to_fly_00</Username><Timestamp>1365445853453</Timestamp><DateTime>Mon, 2013-04-08 14:30:53 EDT</DateTime><ThumbUp>4</ThumbUp><ThumbDown>3</ThumbDown><Sentiment/></Message><Message type="ReplyMessage"><Id>1365446177133-30</Id><Topic><Title>Serious Advancement in CSCO!</Title><Username>rebecca.graham17</Username><Timestamp>1365436460936</Timestamp><DateTime>Mon, 2013-04-08 11:54:20 EDT</DateTime></Topic><Msg>Keep them coming.</Msg><Username>mlakisha85</Username><Timestamp>1365446177133</Timestamp><DateTime>Mon, 2013-04-08 14:36:17 EDT</DateTime><ThumbUp>0</ThumbUp><ThumbDown>1</ThumbDown><Sentiment/></Message><Message type="ReplyMessage"><Id>1365447536283-31</Id><Topic><Title>LOW NAYGUR IQS TO BLAME FOR THEIR LIFESTYLES</Title><Username>juniorclassmate</Username><Timestamp>1365439642741</Timestamp><DateTime>Mon, 2013-04-08 12:47:22 EDT</DateTime></Topic><Msg>Hitofly, your mom gave me real good head last night, she's a champ and said she's a proud dem! yummuy!</Msg><Username>juniorclassmate</Username><Timestamp>1365447536283</Timestamp><DateTime>Mon, 2013-04-08 14:58:56 EDT</DateTime><ThumbUp>4</ThumbUp><ThumbDown>2</ThumbDown><Sentiment/></Message><Message type="ReplyMessage"><Id>1365448327308-32</Id><Topic><Title>Can We all Agree That The CSCO Message Board Is A Gathering Place For The Republican Lonely</Title><Username>ice_cricket</Username><Timestamp>1365445684563</Timestamp><DateTime>Mon, 2013-04-08 14:28:04 EDT</DateTime></Topic><Msg>Well the reality is there are two or at most three uneducated, racist, socially challenged loonies posting under multiple id's, LOL I went back and looked at the posts over the weekend and Ivan posted his hate filled #$%$ all weekend. Guess no one came to see him in the home this weekend.</Msg><Username>dumb.ivan</Username><Timestamp>1365448327308</Timestamp><DateTime>Mon, 2013-04-08 15:12:07 EDT</DateTime><ThumbUp>1</ThumbUp><ThumbDown>3</ThumbDown><Sentiment/></Message><Message type="ReplyMessage"><Id>1365448328114-33</Id><Topic><Title>Cisco Systems, Inc. UPDATED CHARTS!</Title><Username>se27monique</Username><Timestamp>1359385580087</Timestamp><DateTime>Mon, 2013-01-28 10:06:20 EST</DateTime></Topic><Msg>Thanks for giving out this article for free.</Msg><Username>kapoytype</Username><Timestamp>1365448328114</Timestamp><DateTime>Mon, 2013-04-08 15:12:08 EDT</DateTime><ThumbUp>0</ThumbUp><ThumbDown>3</ThumbDown><Sentiment>Buy</Sentiment></Message><Message type="TopicMessage"><Id>1365449060120-34</Id><Title>HOW MANY OBAMA VOTERS KILLED THEIR BABY IN A CLINIC TODAY?</Title><Msg>easy to count how many didn't</Msg><Username>juniorclassmate</Username><Timestamp>1365449060120</Timestamp><DateTime>Mon, 2013-04-08 15:24:20 EDT</DateTime><ThumbUp>8</ThumbUp><ThumbDown>2</ThumbDown><Sentiment/></Message><Message type="ReplyMessage"><Id>1365449497567-35</Id><Topic><Title>Can We all Agree That The CSCO Message Board Is A Gathering Place For The Republican Lonely</Title><Username>ice_cricket</Username><Timestamp>1365445684563</Timestamp><DateTime>Mon, 2013-04-08 14:28:04 EDT</DateTime></Topic><Msg>Right-on dude. Hey, Dr Phil could really use your whiz-bang public message board psychiatric acumen. You really seem to be able to capture the human psyche from your many years shut up in your parent's basement..</Msg><Username>carrik.fergus</Username><Timestamp>1365449497567</Timestamp><DateTime>Mon, 2013-04-08 15:31:37 EDT</DateTime><ThumbUp>0</ThumbUp><ThumbDown>1</ThumbDown><Sentiment/></Message><Message type="ReplyMessage"><Id>1365449752387-36</Id><Topic><Title>Funny how 9 out of 10 Americans support background checks for guns</Title><Username>dumb.ivan</Username><Timestamp>1365448978512</Timestamp><DateTime>Mon, 2013-04-08 15:22:58 EDT</DateTime></Topic><Msg>You simple pecker-wood, should you learn to poll out side of that silly gay bar, you may come up with different numbers? Most limp wrist are on the girly side, you know what I mean.</Msg><Username>captgail4444444</Username><Timestamp>1365449752387</Timestamp><DateTime>Mon, 2013-04-08 15:35:52 EDT</DateTime><ThumbUp>5</ThumbUp><ThumbDown>3</ThumbDown><Sentiment/></Message><Message type="ReplyMessage"><Id>1365449853698-37</Id><Topic><Title>HOW MANY OBAMA VOTERS KILLED THEIR BABY IN A CLINIC TODAY?</Title><Username>juniorclassmate</Username><Timestamp>1365449060120</Timestamp><DateTime>Mon, 2013-04-08 15:24:20 EDT</DateTime></Topic><Msg>HIDE!!!!!</Msg><Username>maxxedmaxishield</Username><Timestamp>1365449853698</Timestamp><DateTime>Mon, 2013-04-08 15:37:33 EDT</DateTime><ThumbUp>2</ThumbUp><ThumbDown>3</ThumbDown><Sentiment/></Message><Message type="ReplyMessage"><Id>1365450253797-38</Id><Topic><Title>New independent source of information, moved since yesterday. It should read what they write about CSCO.</Title><Username>jeffrey_jones50</Username><Timestamp>1365004235377</Timestamp><DateTime>Wed, 2013-04-03 11:50:35 EDT</DateTime></Topic><Msg>Good job! Informational article.</Msg><Username>dgloria719</Username><Timestamp>1365450253797</Timestamp><DateTime>Mon, 2013-04-08 15:44:13 EDT</DateTime><ThumbUp>1</ThumbUp><ThumbDown>1</ThumbDown><Sentiment/></Message><Message type="TopicMessage"><Id>1365450799048-39</Id><Title>Why US Jobs Are Going to Get a Lot Worse</Title><Msg>Obama - Pelosi and Corruption, Avarice, Mismanagement, Socialism, Marxism?</Msg><Username>captgail4444444</Username><Timestamp>1365450799048</Timestamp><DateTime>Mon, 2013-04-08 15:53:19 EDT</DateTime><ThumbUp>4</ThumbUp><ThumbDown>2</ThumbDown><Sentiment/></Message><Message type="TopicMessage"><Id>1365450845269-40</Id><Title>FOX News is so much fun!</Title><Msg>FOX News is so much fun! I sometimes drink a half quart of bootleg peach brandy prior to watching. I'm here to tell you laughing at their folly is terrific wetbrain would agree !</Msg><Username>maxxedmaxishield</Username><Timestamp>1365450845269</Timestamp><DateTime>Mon, 2013-04-08 15:54:05 EDT</DateTime><ThumbUp>3</ThumbUp><ThumbDown>5</ThumbDown><Sentiment/></Message><Message type="ReplyMessage"><Id>1365451753807-41</Id><Topic><Title>Funny how 9 out of 10 Americans support background checks for guns</Title><Username>dumb.ivan</Username><Timestamp>1365448978512</Timestamp><DateTime>Mon, 2013-04-08 15:22:58 EDT</DateTime></Topic><Msg>polls are skewed Romney wins by a landslide, LOL reality doesn't exist in the GOP rabbit hole</Msg><Username>dumb.ivan</Username><Timestamp>1365451753807</Timestamp><DateTime>Mon, 2013-04-08 16:09:13 EDT</DateTime><ThumbUp>2</ThumbUp><ThumbDown>2</ThumbDown><Sentiment/></Message><Message type="TopicMessage"><Id>1365452113974-42</Id><Title>YAHOO LOSERS BLOCKING POSTS AGAIN</Title><Msg>anything of significance that goes against the Obama media's lies is censored by these commie fascist pigs</Msg><Username>juniorclassmate</Username><Timestamp>1365452113974</Timestamp><DateTime>Mon, 2013-04-08 16:15:13 EDT</DateTime><ThumbUp>3</ThumbUp><ThumbDown>4</ThumbDown><Sentiment/></Message><Message type="ReplyMessage"><Id>1365452385069-43</Id><Topic><Title>YAHOO LOSERS BLOCKING POSTS AGAIN</Title><Username>juniorclassmate</Username><Timestamp>1365452113974</Timestamp><DateTime>Mon, 2013-04-08 16:15:13 EDT</DateTime></Topic><Msg>seems like only losers posts get blocked though.</Msg><Username>oscar_dimwitty</Username><Timestamp>1365452385069</Timestamp><DateTime>Mon, 2013-04-08 16:19:45 EDT</DateTime><ThumbUp>2</ThumbUp><ThumbDown>4</ThumbDown><Sentiment/></Message><Message type="ReplyMessage"><Id>1365452477107-44</Id><Topic><Title>YAHOO LOSERS BLOCKING POSTS AGAIN</Title><Username>juniorclassmate</Username><Timestamp>1365452113974</Timestamp><DateTime>Mon, 2013-04-08 16:15:13 EDT</DateTime></Topic><Msg>no only the lib commie pigs posts get through most of the time because they and Yahoo lick each other's sacks</Msg><Username>juniorclassmate</Username><Timestamp>1365452477107</Timestamp><DateTime>Mon, 2013-04-08 16:21:17 EDT</DateTime><ThumbUp>3</ThumbUp><ThumbDown>3</ThumbDown><Sentiment/></Message><Message type="ReplyMessage"><Id>1365452902873-45</Id><Topic><Title>YAHOO LOSERS BLOCKING POSTS AGAIN</Title><Username>juniorclassmate</Username><Timestamp>1365452113974</Timestamp><DateTime>Mon, 2013-04-08 16:15:13 EDT</DateTime></Topic><Msg>dimwit junior forgets to hit post and thinks that someone at Yahoo has a job sitting in a room reading his posts and deleting them, sad really how stupid he is</Msg><Username>dumb.ivan</Username><Timestamp>1365452902873</Timestamp><DateTime>Mon, 2013-04-08 16:28:22 EDT</DateTime><ThumbUp>2</ThumbUp><ThumbDown>5</ThumbDown><Sentiment/></Message><Message type="ReplyMessage"><Id>1365452995376-46</Id><Topic><Title>YAHOO LOSERS BLOCKING POSTS AGAIN</Title><Username>juniorclassmate</Username><Timestamp>1365452113974</Timestamp><DateTime>Mon, 2013-04-08 16:15:13 EDT</DateTime></Topic><Msg>it is proven that homophobic individuals are repressed homosexuals, better pray away the gay junior</Msg><Username>dumb.ivan</Username><Timestamp>1365452995376</Timestamp><DateTime>Mon, 2013-04-08 16:29:55 EDT</DateTime><ThumbUp>2</ThumbUp><ThumbDown>4</ThumbDown><Sentiment/></Message><Message type="ReplyMessage"><Id>1365453326082-47</Id><Topic><Title>FOX News is so much fun!</Title><Username>maxxedmaxishield</Username><Timestamp>1365450845269</Timestamp><DateTime>Mon, 2013-04-08 15:54:05 EDT</DateTime></Topic><Msg>I sometimes drink a half quart of bootleg peach brandy prior to watching. I'm here to tell you laughing at their folly is terrific wetbrain would agree ! He would if he didn't believe that FauxNoise is 100% honest in reporting the world news to himself and the rest of America,but he does,so he wouldn't need the booze,and I enjoy a good laugh myself,but I'd enjoy drining the other half and wondering if there's any rightwingers out there that are at all sane.I know they're all irritating.</Msg><Username>alsmith581</Username><Timestamp>1365453326082</Timestamp><DateTime>Mon, 2013-04-08 16:35:26 EDT</DateTime><ThumbUp>2</ThumbUp><ThumbDown>2</ThumbDown><Sentiment/></Message><Message type="TopicMessage"><Id>1365454292262-48</Id><Title>WHEN IS 'NOT PAYING ENOUGH TAXES' A CRIME? OR EVEN 'UNAMERICAN'????</Title><Msg>the fact is that Federal courts have agreed that 'tax avoidance' is both prudent and legal! Even salutary, only drooling Democrats would be upset that a corporation successfully lowered it's tax burden!!! Corporations provide jobs to people who pay taxes and buy things. Corporations also buy things from other corporations and other people, thereby enhancing the happiness of the economy. There is that ancient fairy tale about the greedy farmers who killed the goose that daily laid a golden egg!!! DEMOCRATS WANT TO EAT THE GOOSE, DEVOUR THE CORPORATIONS, IN ONE GREAT FEAST...FORGETING THAT MONTHS LATER, THEY WILL STARVE TO DEATH. no jobs, no income, no products, all living a peasant stone age life style because the Democrats just devoured all the corporations..ate every last one of them.....</Msg><Username>walterbyrdman11</Username><Timestamp>1365454292262</Timestamp><DateTime>Mon, 2013-04-08 16:51:32 EDT</DateTime><ThumbUp>1</ThumbUp><ThumbDown>1</ThumbDown><Sentiment/></Message><Message type="ReplyMessage"><Id>1365454918563-49</Id><Topic><Title>YAHOO LOSERS BLOCKING POSTS AGAIN</Title><Username>juniorclassmate</Username><Timestamp>1365452113974</Timestamp><DateTime>Mon, 2013-04-08 16:15:13 EDT</DateTime></Topic><Msg>so did your dad believe that explanation when you told him you are coming out of the gayhomo closet? LMAO, dicklicker</Msg><Username>juniorclassmate</Username><Timestamp>1365454918563</Timestamp><DateTime>Mon, 2013-04-08 17:01:58 EDT</DateTime><ThumbUp>3</ThumbUp><ThumbDown>2</ThumbDown><Sentiment/></Message><Message type="ReplyMessage"><Id>1365455031702-50</Id><Topic><Title>HOW MANY OBAMA VOTERS KILLED THEIR BABY IN A CLINIC TODAY?</Title><Username>juniorclassmate</Username><Timestamp>1365449060120</Timestamp><DateTime>Mon, 2013-04-08 15:24:20 EDT</DateTime></Topic><Msg>they try to hide but they are too fat and stinky to do so LOL</Msg><Username>juniorclassmate</Username><Timestamp>1365455031702</Timestamp><DateTime>Mon, 2013-04-08 17:03:51 EDT</DateTime><ThumbUp>3</ThumbUp><ThumbDown>3</ThumbDown><Sentiment/></Message><Message type="ReplyMessage"><Id>1365457798205-51</Id><Topic><Title>WHEN IS 'NOT PAYING ENOUGH TAXES' A CRIME? OR EVEN 'UNAMERICAN'????</Title><Username>walterbyrdman11</Username><Timestamp>1365454292262</Timestamp><DateTime>Mon, 2013-04-08 16:51:32 EDT</DateTime></Topic><Msg>Yup, abortion also destroys the population and eliminates young people!! HOW CRAZY IS THAT?? it's killing the goose that gets a job and pays into Social Security and Medicare so fat old Democrats can do nothing but smoke dope, drink themselves into a coma and die an early death...out of those three scenarios, smoking dope, drinking heavily and an early death...only one of them is good for America...which one is it? Hint..................................................</Msg><Username>walterbyrdman11</Username><Timestamp>1365457798205</Timestamp><DateTime>Mon, 2013-04-08 17:49:58 EDT</DateTime><ThumbUp>0</ThumbUp><ThumbDown>1</ThumbDown><Sentiment/></Message><Message type="TopicMessage"><Id>1365458162699-52</Id><Title>GOP without HOPE</Title><Msg>Guns, Women, Demographics, White Supremacy, Fundamentalism</Msg><Username>lws2000</Username><Timestamp>1365458162699</Timestamp><DateTime>Mon, 2013-04-08 17:56:02 EDT</DateTime><ThumbUp>5</ThumbUp><ThumbDown>2</ThumbDown><Sentiment/></Message><Message type="ReplyMessage"><Id>1365460180246-53</Id><Topic><Title>Cisco Systems, Inc. UPDATED CHARTS!</Title><Username>se27monique</Username><Timestamp>1359385580087</Timestamp><DateTime>Mon, 2013-01-28 10:06:20 EST</DateTime></Topic><Msg>Got it. Good job mate.</Msg><Username>oskaeligtjessie</Username><Timestamp>1365460180246</Timestamp><DateTime>Mon, 2013-04-08 18:29:40 EDT</DateTime><ThumbUp>0</ThumbUp><ThumbDown>2</ThumbDown><Sentiment>Buy</Sentiment></Message><Message type="ReplyMessage"><Id>1365460236861-54</Id><Topic><Title>FOX News is so much fun!</Title><Username>maxxedmaxishield</Username><Timestamp>1365450845269</Timestamp><DateTime>Mon, 2013-04-08 15:54:05 EDT</DateTime></Topic><Msg>FOX right wing nut commentators like Hannity, Huckabe, Bolton etc. are a real hoot, if it wasn't for the hot babes the network use for contributing commentary , watching the network would be pointless. As for homemade brandy, I got a home recipe for making "pear" brandy that would be "nectar for the gods".</Msg><Username>fss13</Username><Timestamp>1365460236861</Timestamp><DateTime>Mon, 2013-04-08 18:30:36 EDT</DateTime><ThumbUp>2</ThumbUp><ThumbDown>4</ThumbDown><Sentiment/></Message><Message type="ReplyMessage"><Id>1365461872847-55</Id><Topic><Title>HOW MANY OBAMA VOTERS KILLED THEIR BABY IN A CLINIC TODAY?</Title><Username>juniorclassmate</Username><Timestamp>1365449060120</Timestamp><DateTime>Mon, 2013-04-08 15:24:20 EDT</DateTime></Topic><Msg>Listen up, their isn't a country in the world were legally or medically, a gob of fetal goo is considered a baby. Only in the distorted minds of the anti -pro choicer, does that infancy myth exist, along with a conviction that humans originated with the creation of a couple called Adam and Eve, by some unseen supernatural deity....Can I get an Amen</Msg><Username>fss13</Username><Timestamp>1365461872847</Timestamp><DateTime>Mon, 2013-04-08 18:57:52 EDT</DateTime><ThumbUp>3</ThumbUp><ThumbDown>6</ThumbDown><Sentiment/></Message><Message type="ReplyMessage"><Id>1365462005073-56</Id><Topic><Title>GOP without HOPE</Title><Username>lws2000</Username><Timestamp>1365458162699</Timestamp><DateTime>Mon, 2013-04-08 17:56:02 EDT</DateTime></Topic><Msg>Speaking of hope, how's that Obama "hope and change" going? ROTFL!!!</Msg><Username>carrik.fergus</Username><Timestamp>1365462005073</Timestamp><DateTime>Mon, 2013-04-08 19:00:05 EDT</DateTime><ThumbUp>0</ThumbUp><ThumbDown>2</ThumbDown><Sentiment/></Message><Message type="ReplyMessage"><Id>1365462116615-57</Id><Topic><Title>YAHOO LOSERS BLOCKING POSTS AGAIN</Title><Username>juniorclassmate</Username><Timestamp>1365452113974</Timestamp><DateTime>Mon, 2013-04-08 16:15:13 EDT</DateTime></Topic><Msg>well jr I'm not gay but I have no problem with people that are, have had several friends that are gay, I'm not threatened by people that are. Pretty clear you lashing out with "gayhomo" type comments confirms you are a homophobic suppressing your homosexuality. Please be comforted by the fact that if/when you accept your homosexuality folks like me will accept you for who you are. It will likely help you put your anger and hatred aside. I'll say a prayer for you.</Msg><Username>dumb.ivan</Username><Timestamp>1365462116615</Timestamp><DateTime>Mon, 2013-04-08 19:01:56 EDT</DateTime><ThumbUp>0</ThumbUp><ThumbDown>2</ThumbDown><Sentiment/></Message><Message type="ReplyMessage"><Id>1365462174218-58</Id><Topic><Title>GOP without HOPE</Title><Username>lws2000</Username><Timestamp>1365458162699</Timestamp><DateTime>Mon, 2013-04-08 17:56:02 EDT</DateTime></Topic><Msg>dow doubled, going well for me</Msg><Username>dumb.ivan</Username><Timestamp>1365462174218</Timestamp><DateTime>Mon, 2013-04-08 19:02:54 EDT</DateTime><ThumbUp>2</ThumbUp><ThumbDown>1</ThumbDown><Sentiment/></Message><Message type="ReplyMessage"><Id>1365462212960-59</Id><Topic><Title>HOW MANY OBAMA VOTERS KILLED THEIR BABY IN A CLINIC TODAY?</Title><Username>juniorclassmate</Username><Timestamp>1365449060120</Timestamp><DateTime>Mon, 2013-04-08 15:24:20 EDT</DateTime></Topic><Msg>prolifers, american taliban</Msg><Username>dumb.ivan</Username><Timestamp>1365462212960</Timestamp><DateTime>Mon, 2013-04-08 19:03:32 EDT</DateTime><ThumbUp>1</ThumbUp><ThumbDown>3</ThumbDown><Sentiment/></Message><Message type="TopicMessage"><Id>1365462216741-60</Id><Title>Dims comparing Maggie to Hillary, ROTFLMAO!</Title><Msg>Not even close!! Without her philandering husband, Hillary would be nothing...</Msg><Username>carrik.fergus</Username><Timestamp>1365462216741</Timestamp><DateTime>Mon, 2013-04-08 19:03:36 EDT</DateTime><ThumbUp>2</ThumbUp><ThumbDown>2</ThumbDown><Sentiment/></Message><Message type="TopicMessage"><Id>1365463328033-61</Id><Title>now that's funny tea billies</Title><Msg>Kind of funny, I had to fire the teabillie that ran my golf course in Lebanon last year (Hunters Point) and sell it because the tea billie was a drug addict and stealing money. Funny he hated Obama too, made it easy to fire his #$%$ though. NASHVILLE — Authorities say a 4-year-old boy grabbed a loaded gun at a family cookout and accidentally shot and killed the wife of a Tennessee sheriff’s deputy. Investigators say Wilson County Deputy Daniel Fanning on Saturday was showing his weapons to a relative in a bedroom of his Lebanon home when the toddler came in and picked up a gun off the bed. Sheriff Robert Bryan says the weapon discharged, hitting 48-year-old Josephine Fanning. She was pronounced dead at the scene. The child is not related to her or her husband. Bryan says the shooting was a terrible accident and that within seconds of Fanning placing the gun on the bed, the toddler picked it up. The gun was not Fanning’s service weapon and the sheriff says the deputy’s weapons are normally stored in a safe.</Msg><Username>dumb.ivan</Username><Timestamp>1365463328033</Timestamp><DateTime>Mon, 2013-04-08 19:22:08 EDT</DateTime><ThumbUp>3</ThumbUp><ThumbDown>3</ThumbDown><Sentiment/></Message><Message type="ReplyMessage"><Id>1365465499220-62</Id><Topic><Title>Dims comparing Maggie to Hillary, ROTFLMAO!</Title><Username>carrik.fergus</Username><Timestamp>1365462216741</Timestamp><DateTime>Mon, 2013-04-08 19:03:36 EDT</DateTime></Topic><Msg>kind of funny how the tea billies loved her an Reagan, remember when Reagan raised taxes 6 times? LOL Remember when Reagan ran the Union? LOL The GOP would never elect Reagan today.</Msg><Username>dumb.ivan</Username><Timestamp>1365465499220</Timestamp><DateTime>Mon, 2013-04-08 19:58:19 EDT</DateTime><ThumbUp>1</ThumbUp><ThumbDown>3</ThumbDown><Sentiment/></Message><Message type="ReplyMessage"><Id>1365472450624-63</Id><Topic><Title>GOP without HOPE</Title><Username>lws2000</Username><Timestamp>1365458162699</Timestamp><DateTime>Mon, 2013-04-08 17:56:02 EDT</DateTime></Topic><Msg>The "hope and change" is going VERY well, thank you, and where it's not, that's primarily because of Republicans' asinine obstructionism.</Msg><Username>barjonicat</Username><Timestamp>1365472450624</Timestamp><DateTime>Mon, 2013-04-08 21:54:10 EDT</DateTime><ThumbUp>2</ThumbUp><ThumbDown>0</ThumbDown><Sentiment/></Message><Message type="TopicMessage"><Id>1365478023557-64</Id><Title>No doubt about it!</Title><Msg>The blacks, Mexicans, and can drivers ruin the USA!</Msg><Username>chillywilley830</Username><Timestamp>1365478023557</Timestamp><DateTime>Mon, 2013-04-08 23:27:03 EDT</DateTime><ThumbUp>0</ThumbUp><ThumbDown>2</ThumbDown><Sentiment/></Message></Date>