<?xml version="1.0" encoding="UTF-8" standalone="no"?><Date date="2013-06-21"><Message type="ReplyMessage"><Id>1371787305977-1</Id><Topic><Title>NEWLY ARRIVED ELDERLY MEXICAN UNDOCUMENTED IMIGRANTS SHOULD BE GIVEN LIFETIME PENSIONS</Title><Username>lupita_chavirra</Username><Timestamp>1371701689958</Timestamp><DateTime>Thu, 2013-06-20 00:14:49 EDT</DateTime></Topic><Msg>Elderly Illegal aliens who cross the US border illegally to get welfare should be given zero zip nada. If an American went to Mexico illegally and tried to get welfare he'd be thrown in a nasty mexican jail without possibility of being released unless one of his relatives paid a large bribe.</Msg><Username>the_lochnesss_monster</Username><Timestamp>1371787305977</Timestamp><DateTime>Fri, 2013-06-21 00:01:45 EDT</DateTime><ThumbUp>3</ThumbUp><ThumbDown>1</ThumbDown><Sentiment/></Message><Message type="ReplyMessage"><Id>1371787446771-2</Id><Topic><Title>JOHN BOENER SUKKS HE AN OBAMA SERVANT</Title><Username>the_lochnesss_monster</Username><Timestamp>1371786704258</Timestamp><DateTime>Thu, 2013-06-20 23:51:44 EDT</DateTime></Topic><Msg>Agree. GOP has too many sewer rats that are eager and constantly at the ready to betray republican voters</Msg><Username>citizens_against_toxic_waste</Username><Timestamp>1371787446771</Timestamp><DateTime>Fri, 2013-06-21 00:04:06 EDT</DateTime><ThumbUp>3</ThumbUp><ThumbDown>1</ThumbDown><Sentiment/></Message><Message type="TopicMessage"><Id>1371787455387-3</Id><Title>is CSCO gonna RUN ???</Title><Msg>When NORX was at .70 i got an email announcement from explosive alerts (google them) i bought NORX at .76c ended up selling at $1.40 wish i would have held for that $2.00</Msg><Username>rogerwalker513</Username><Timestamp>1371787455387</Timestamp><DateTime>Fri, 2013-06-21 00:04:15 EDT</DateTime><ThumbUp>31</ThumbUp><ThumbDown>4</ThumbDown><Sentiment/></Message><Message type="TopicMessage"><Id>1371788317983-4</Id><Title>Doesn't really matter if there are no more scandals...</Title><Msg>this year. Not only is there enough already to indict the Dems and Obammy of politics out of control, but in just six months American people face THE BIGGEST deception/ripoff EVER, called: ObamaCare...</Msg><Username>libs_r_a_plague</Username><Timestamp>1371788317983</Timestamp><DateTime>Fri, 2013-06-21 00:18:37 EDT</DateTime><ThumbUp>1</ThumbUp><ThumbDown>1</ThumbDown><Sentiment/></Message><Message type="TopicMessage"><Id>1371790132034-5</Id><Title>INFLATION WILL BE A MAJOR ISSUE GOING FORWARD NOW FOR OLOSER</Title><Msg>(and the whole country!) as the Fed stops buying bonds to artificially kickstart the economy. You see, this whole joker of a "recovery" has all be fueled by a bunch of phoney baloney BS Fed action. Smoke and mirrors as they printed money out the WAZZOO! Soon you will just how little money we "full-time" employed people have, as most of it is taken away in taxes and by Inflation, just like under Jimmy the Awhole Carter!!!!</Msg><Username>jaysallstarss</Username><Timestamp>1371790132034</Timestamp><DateTime>Fri, 2013-06-21 00:48:52 EDT</DateTime><ThumbUp>2</ThumbUp><ThumbDown>2</ThumbDown><Sentiment/></Message><Message type="TopicMessage"><Id>1371812052353-6</Id><Title>obama markets need to crash 9000pts form here to equal bush market failure</Title><Msg>just another 9000pts that is how historically BAD bush was</Msg><Username>juniorsclassmate1</Username><Timestamp>1371812052353</Timestamp><DateTime>Fri, 2013-06-21 06:54:12 EDT</DateTime><ThumbUp>2</ThumbUp><ThumbDown>2</ThumbDown><Sentiment/></Message><Message type="ReplyMessage"><Id>1371812609988-7</Id><Topic><Title>CNBC gang appalled that stock market can fall</Title><Username>pn1409</Username><Timestamp>1371771503154</Timestamp><DateTime>Thu, 2013-06-20 19:38:23 EDT</DateTime></Topic><Msg>NASDAQ hit 5000 during Billy Bubble!!! That was a real whopper. This bubble was forced on the world markets by nothing more than pure money printing. "Don't fight the Fed," they always say.</Msg><Username>pn1409</Username><Timestamp>1371812609988</Timestamp><DateTime>Fri, 2013-06-21 07:03:29 EDT</DateTime><ThumbUp>0</ThumbUp><ThumbDown>2</ThumbDown><Sentiment/></Message><Message type="ReplyMessage"><Id>1371812809433-8</Id><Topic><Title>CNBC gang appalled that stock market can fall</Title><Username>pn1409</Username><Timestamp>1371771503154</Timestamp><DateTime>Thu, 2013-06-20 19:38:23 EDT</DateTime></Topic><Msg>markets ended 30% down under bush</Msg><Username>juniorsclassmate1</Username><Timestamp>1371812809433</Timestamp><DateTime>Fri, 2013-06-21 07:06:49 EDT</DateTime><ThumbUp>1</ThumbUp><ThumbDown>1</ThumbDown><Sentiment/></Message><Message type="ReplyMessage"><Id>1371812826834-9</Id><Topic><Title>obama markets need to crash 9000pts form here to equal bush market failure</Title><Username>juniorsclassmate1</Username><Timestamp>1371812052353</Timestamp><DateTime>Fri, 2013-06-21 06:54:12 EDT</DateTime></Topic><Msg>9000 points down on the DOW is about where it needs to go to retest 2009 lows. QE money printing and the ensuing stock market/bond market bubbles have caused slow growth in the economy for last four years. These bubbles must deflate if real economy is to improve. Moral hazard leads to big bubbles.</Msg><Username>pn1409</Username><Timestamp>1371812826834</Timestamp><DateTime>Fri, 2013-06-21 07:07:06 EDT</DateTime><ThumbUp>1</ThumbUp><ThumbDown>3</ThumbDown><Sentiment/></Message><Message type="ReplyMessage"><Id>1371812977017-10</Id><Topic><Title>obama markets need to crash 9000pts form here to equal bush market failure</Title><Username>juniorsclassmate1</Username><Timestamp>1371812052353</Timestamp><DateTime>Fri, 2013-06-21 06:54:12 EDT</DateTime></Topic><Msg>exactly bush failure was massive</Msg><Username>juniorsclassmate1</Username><Timestamp>1371812977017</Timestamp><DateTime>Fri, 2013-06-21 07:09:37 EDT</DateTime><ThumbUp>2</ThumbUp><ThumbDown>2</ThumbDown><Sentiment/></Message><Message type="TopicMessage"><Id>1371813100723-11</Id><Title>I'm RICH, we need more 3rd world workers here, they don't bother me.</Title><Msg>I live far enough away</Msg><Username>black911operator</Username><Timestamp>1371813100723</Timestamp><DateTime>Fri, 2013-06-21 07:11:40 EDT</DateTime><ThumbUp>0</ThumbUp><ThumbDown>1</ThumbDown><Sentiment/></Message><Message type="TopicMessage"><Id>1371813288719-12</Id><Title>If all of sudden illegals haven't been paying taxes, and if taxes is what the economy needs $1 Trillion bla bla bla</Title><Msg>Then why not bring ARABS here?, Educated ones that will create tax paying businesses, let them supply their own transportation. Why not ? Are LEFT WINGERS intolerant, racist, scared or what ???</Msg><Username>black911operator</Username><Timestamp>1371813288719</Timestamp><DateTime>Fri, 2013-06-21 07:14:48 EDT</DateTime><ThumbUp>0</ThumbUp><ThumbDown>2</ThumbDown><Sentiment/></Message><Message type="ReplyMessage"><Id>1371813390053-13</Id><Topic><Title>If all of sudden illegals haven't been paying taxes, and if taxes is what the economy needs $1 Trillion bla bla bla</Title><Username>black911operator</Username><Timestamp>1371813288719</Timestamp><DateTime>Fri, 2013-06-21 07:14:48 EDT</DateTime></Topic><Msg>The world surely have more ARAB Islamist s then South American Latinos.</Msg><Username>black911operator</Username><Timestamp>1371813390053</Timestamp><DateTime>Fri, 2013-06-21 07:16:30 EDT</DateTime><ThumbUp>0</ThumbUp><ThumbDown>2</ThumbDown><Sentiment/></Message><Message type="ReplyMessage"><Id>1371813740790-14</Id><Topic><Title>If all of sudden illegals haven't been paying taxes, and if taxes is what the economy needs $1 Trillion bla bla bla</Title><Username>black911operator</Username><Timestamp>1371813288719</Timestamp><DateTime>Fri, 2013-06-21 07:14:48 EDT</DateTime></Topic><Msg>romney paid no taxes</Msg><Username>juniorsclassmate1</Username><Timestamp>1371813740790</Timestamp><DateTime>Fri, 2013-06-21 07:22:20 EDT</DateTime><ThumbUp>1</ThumbUp><ThumbDown>2</ThumbDown><Sentiment/></Message><Message type="TopicMessage"><Id>1371814207570-15</Id><Title>BIG CITY MAYORS SAY NO SODA WITH FOOD STAMPS! GOP MAYORS bought by soda industry!!</Title><Msg>Food stamps/welfare card...should be valid for only 22 items...PERIOD, END OF STORY... Milk Bread vegetables fruit Hamburger Hot dawgs.. THATS IT!!! If I'm buying your groceries, me, Mr. Taxpayer, all you get is that... As far as 'baby food' or 'formula' for babies...all you get in the 'formula' category is powdered stuff you mix with water...get up off yore fat lard #$%$ and add water and mix it up..i've seen big fat WHITE women in WalMart buying baby formula by the cart load..premixed...using the Lone Star Card...should be invalid. When that clerk swipes that card, it should beep and holler.... Time for common sense to take ove</Msg><Username>juniors_otherclassmate7</Username><Timestamp>1371814207570</Timestamp><DateTime>Fri, 2013-06-21 07:30:07 EDT</DateTime><ThumbUp>3</ThumbUp><ThumbDown>1</ThumbDown><Sentiment/></Message><Message type="ReplyMessage"><Id>1371814331312-16</Id><Topic><Title>obama markets need to crash 9000pts form here to equal bush market failure</Title><Username>juniorsclassmate1</Username><Timestamp>1371812052353</Timestamp><DateTime>Fri, 2013-06-21 06:54:12 EDT</DateTime></Topic><Msg>worst president ever=gw bush</Msg><Username>juniorsclassmate1</Username><Timestamp>1371814331312</Timestamp><DateTime>Fri, 2013-06-21 07:32:11 EDT</DateTime><ThumbUp>2</ThumbUp><ThumbDown>2</ThumbDown><Sentiment/></Message><Message type="TopicMessage"><Id>1371816056430-17</Id><Title>I stumbled into some tourettes clown in the streets today- he was cursing George W. Bush</Title><Msg>FUNNY !</Msg><Username>bigcheesechucky_the_loser</Username><Timestamp>1371816056430</Timestamp><DateTime>Fri, 2013-06-21 08:00:56 EDT</DateTime><ThumbUp>2</ThumbUp><ThumbDown>1</ThumbDown><Sentiment/></Message><Message type="ReplyMessage"><Id>1371816661649-18</Id><Topic><Title>If all of sudden illegals haven't been paying taxes, and if taxes is what the economy needs $1 Trillion bla bla bla</Title><Username>black911operator</Username><Timestamp>1371813288719</Timestamp><DateTime>Fri, 2013-06-21 07:14:48 EDT</DateTime></Topic><Msg>Despite Ted Cruz's insistence on "legal" immigration, his parents bribed their way into the country, which is like the rich person's coyotaje: "Sen. Ted Cruz's (R-Tex.) father said in an interview airing Thursday that he had to grease some palms -- in Cuba, at least -- to get to the United States. 'A friend of the family -- a lawyer friend of my father -- basically bribed a Batista official to stamp my passport with an exit permit,' 74-year-old Rafael Bienvenido Cruz told NPR." [WaPo]</Msg><Username>gfo99</Username><Timestamp>1371816661649</Timestamp><DateTime>Fri, 2013-06-21 08:11:01 EDT</DateTime><ThumbUp>1</ThumbUp><ThumbDown>2</ThumbDown><Sentiment/></Message><Message type="ReplyMessage"><Id>1371818576092-19</Id><Topic><Title>I stumbled into some tourettes clown in the streets today- he was cursing George W. Bush</Title><Username>bigcheesechucky_the_loser</Username><Timestamp>1371816056430</Timestamp><DateTime>Fri, 2013-06-21 08:00:56 EDT</DateTime></Topic><Msg>Was he wearing a blonde wig and women's clothing??? THAT WAS JUNIOR!!!</Msg><Username>doremifa85</Username><Timestamp>1371818576092</Timestamp><DateTime>Fri, 2013-06-21 08:42:56 EDT</DateTime><ThumbUp>0</ThumbUp><ThumbDown>1</ThumbDown><Sentiment/></Message><Message type="ReplyMessage"><Id>1371818625049-20</Id><Topic><Title>Drones being used in U.S.</Title><Username>doremifa85</Username><Timestamp>1371681026782</Timestamp><DateTime>Wed, 2013-06-19 18:30:26 EDT</DateTime></Topic><Msg>bump</Msg><Username>doremifa85</Username><Timestamp>1371818625049</Timestamp><DateTime>Fri, 2013-06-21 08:43:45 EDT</DateTime><ThumbUp>0</ThumbUp><ThumbDown>1</ThumbDown><Sentiment/></Message><Message type="ReplyMessage"><Id>1371819144736-21</Id><Topic><Title>carey: 'Would you like me to bump up the gay stuff '</Title><Username>juniorsclassmate1</Username><Timestamp>1371756017767</Timestamp><DateTime>Thu, 2013-06-20 15:20:17 EDT</DateTime></Topic><Msg>please seek help from michelle bachmans husband</Msg><Username>juniorsclassmate1</Username><Timestamp>1371819144736</Timestamp><DateTime>Fri, 2013-06-21 08:52:24 EDT</DateTime><ThumbUp>1</ThumbUp><ThumbDown>1</ThumbDown><Sentiment/></Message><Message type="ReplyMessage"><Id>1371819260735-22</Id><Topic><Title>Junior's profile</Title><Username>doremifa85</Username><Timestamp>1369950337533</Timestamp><DateTime>Thu, 2013-05-30 17:45:37 EDT</DateTime></Topic><Msg>bump</Msg><Username>doremifa85</Username><Timestamp>1371819260735</Timestamp><DateTime>Fri, 2013-06-21 08:54:20 EDT</DateTime><ThumbUp>0</ThumbUp><ThumbDown>2</ThumbDown><Sentiment/></Message><Message type="ReplyMessage"><Id>1371819975229-23</Id><Topic><Title>NEWLY ARRIVED ELDERLY MEXICAN UNDOCUMENTED IMIGRANTS SHOULD BE GIVEN LIFETIME PENSIONS</Title><Username>lupita_chavirra</Username><Timestamp>1371701689958</Timestamp><DateTime>Thu, 2013-06-20 00:14:49 EDT</DateTime></Topic><Msg>let me know when I should be impressed</Msg><Username>black911operator</Username><Timestamp>1371819975229</Timestamp><DateTime>Fri, 2013-06-21 09:06:15 EDT</DateTime><ThumbUp>0</ThumbUp><ThumbDown>1</ThumbDown><Sentiment/></Message><Message type="ReplyMessage"><Id>1371820099740-24</Id><Topic><Title>NEWLY ARRIVED ELDERLY MEXICAN UNDOCUMENTED IMIGRANTS SHOULD BE GIVEN LIFETIME PENSIONS</Title><Username>lupita_chavirra</Username><Timestamp>1371701689958</Timestamp><DateTime>Thu, 2013-06-20 00:14:49 EDT</DateTime></Topic><Msg>mexicans have no shame, from young to old. They should be mexiHoles problem NOT ours. BOOOOOOOOOOOOOOOOO MEXIHOLE !!!!!!!!!!!!</Msg><Username>black911operator</Username><Timestamp>1371820099740</Timestamp><DateTime>Fri, 2013-06-21 09:08:19 EDT</DateTime><ThumbUp>0</ThumbUp><ThumbDown>1</ThumbDown><Sentiment/></Message><Message type="ReplyMessage"><Id>1371820200559-25</Id><Topic><Title>NEWLY ARRIVED ELDERLY MEXICAN UNDOCUMENTED IMIGRANTS SHOULD BE GIVEN LIFETIME PENSIONS</Title><Username>lupita_chavirra</Username><Timestamp>1371701689958</Timestamp><DateTime>Thu, 2013-06-20 00:14:49 EDT</DateTime></Topic><Msg>Good angle, it would be better for IRS to give them this money to hide the human trafficking they fund by sending IRS refunds checks "directly" to mexiHole.</Msg><Username>black911operator</Username><Timestamp>1371820200559</Timestamp><DateTime>Fri, 2013-06-21 09:10:00 EDT</DateTime><ThumbUp>0</ThumbUp><ThumbDown>1</ThumbDown><Sentiment/></Message><Message type="TopicMessage"><Id>1371820546951-26</Id><Title>Clearly , most of the posters here are infatuated with JUNIOR</Title><Msg>They need variety in their pathetic lives, as they can't stand to hear each other post the same FOX news talking points over and over. Junior provides an escape into REALITY for them!</Msg><Username>mister_common_sense</Username><Timestamp>1371820546951</Timestamp><DateTime>Fri, 2013-06-21 09:15:46 EDT</DateTime><ThumbUp>4</ThumbUp><ThumbDown>1</ThumbDown><Sentiment/></Message><Message type="ReplyMessage"><Id>1371820807778-27</Id><Topic><Title>Clearly , most of the posters here are infatuated with JUNIOR</Title><Username>mister_common_sense</Username><Timestamp>1371820546951</Timestamp><DateTime>Fri, 2013-06-21 09:15:46 EDT</DateTime></Topic><Msg>Picking on Junior is like pulling the wings off flies. Kind of cruel but he's such a disgusting little creature that you don't feel guilty about it. LOL</Msg><Username>doremifa85</Username><Timestamp>1371820807778</Timestamp><DateTime>Fri, 2013-06-21 09:20:07 EDT</DateTime><ThumbUp>1</ThumbUp><ThumbDown>5</ThumbDown><Sentiment/></Message><Message type="ReplyMessage"><Id>1371820890026-28</Id><Topic><Title>Clearly , most of the posters here are infatuated with JUNIOR</Title><Username>mister_common_sense</Username><Timestamp>1371820546951</Timestamp><DateTime>Fri, 2013-06-21 09:15:46 EDT</DateTime></Topic><Msg>So you finally came out of the closet about your feelings for junior?</Msg><Username>repubs_are_vermin</Username><Timestamp>1371820890026</Timestamp><DateTime>Fri, 2013-06-21 09:21:30 EDT</DateTime><ThumbUp>3</ThumbUp><ThumbDown>2</ThumbDown><Sentiment/></Message><Message type="TopicMessage"><Id>1371821053552-29</Id><Title>WHY CSCO IS GOING DOWN ?</Title><Msg>Anyone knows why ?</Msg><Username>greatman90</Username><Timestamp>1371821053552</Timestamp><DateTime>Fri, 2013-06-21 09:24:13 EDT</DateTime><ThumbUp>0</ThumbUp><ThumbDown>1</ThumbDown><Sentiment/></Message><Message type="ReplyMessage"><Id>1371821063241-30</Id><Topic><Title>NEWLY ARRIVED ELDERLY MEXICAN UNDOCUMENTED IMIGRANTS SHOULD BE GIVEN LIFETIME PENSIONS</Title><Username>lupita_chavirra</Username><Timestamp>1371701689958</Timestamp><DateTime>Thu, 2013-06-20 00:14:49 EDT</DateTime></Topic><Msg>Dumb jr thinks everyone has 100s of Ids. Two bad...what a fraud. Illegals get more rights than legals in libtopia. Being a citizen has no perks. Rich will be leaving in droves...who will pay the bills?</Msg><Username>deadpainting</Username><Timestamp>1371821063241</Timestamp><DateTime>Fri, 2013-06-21 09:24:23 EDT</DateTime><ThumbUp>0</ThumbUp><ThumbDown>1</ThumbDown><Sentiment/></Message><Message type="ReplyMessage"><Id>1371821085790-31</Id><Topic><Title>Clearly , most of the posters here are infatuated with JUNIOR</Title><Username>mister_common_sense</Username><Timestamp>1371820546951</Timestamp><DateTime>Fri, 2013-06-21 09:15:46 EDT</DateTime></Topic><Msg>That I think he's a disgusting little bug?? Those feelings?? You aren't too bright are you??</Msg><Username>doremifa85</Username><Timestamp>1371821085790</Timestamp><DateTime>Fri, 2013-06-21 09:24:45 EDT</DateTime><ThumbUp>1</ThumbUp><ThumbDown>5</ThumbDown><Sentiment/></Message><Message type="ReplyMessage"><Id>1371821193830-32</Id><Topic><Title>Clearly , most of the posters here are infatuated with JUNIOR</Title><Username>mister_common_sense</Username><Timestamp>1371820546951</Timestamp><DateTime>Fri, 2013-06-21 09:15:46 EDT</DateTime></Topic><Msg>Nah, all those pictures of Junior on your wall by your hope chest. All those thoughts about Junior that keep you up at nights thinking about him!</Msg><Username>repubs_are_vermin</Username><Timestamp>1371821193830</Timestamp><DateTime>Fri, 2013-06-21 09:26:33 EDT</DateTime><ThumbUp>3</ThumbUp><ThumbDown>1</ThumbDown><Sentiment/></Message><Message type="TopicMessage"><Id>1371821206636-33</Id><Title>Dumb Ivan like filet minion</Title><Msg>ROTFLOL.</Msg><Username>deadpainting</Username><Timestamp>1371821206636</Timestamp><DateTime>Fri, 2013-06-21 09:26:46 EDT</DateTime><ThumbUp>0</ThumbUp><ThumbDown>2</ThumbDown><Sentiment/></Message><Message type="TopicMessage"><Id>1371821301028-34</Id><Title>Junior likes Filet Mignon- he doesn't care for FOX NEWS minions like deadhead and doremi though</Title><Msg>LOL!!!</Msg><Username>indecent_exposure_to_all</Username><Timestamp>1371821301028</Timestamp><DateTime>Fri, 2013-06-21 09:28:21 EDT</DateTime><ThumbUp>0</ThumbUp><ThumbDown>3</ThumbDown><Sentiment/></Message><Message type="ReplyMessage"><Id>1371821330953-35</Id><Topic><Title>Clearly , most of the posters here are infatuated with JUNIOR</Title><Username>mister_common_sense</Username><Timestamp>1371820546951</Timestamp><DateTime>Fri, 2013-06-21 09:15:46 EDT</DateTime></Topic><Msg>You aren't very good at this game are you??LOL Find another pen pal,you bore me.</Msg><Username>doremifa85</Username><Timestamp>1371821330953</Timestamp><DateTime>Fri, 2013-06-21 09:28:50 EDT</DateTime><ThumbUp>1</ThumbUp><ThumbDown>4</ThumbDown><Sentiment/></Message><Message type="ReplyMessage"><Id>1371821413467-36</Id><Topic><Title>NEWLY ARRIVED ELDERLY MEXICAN UNDOCUMENTED IMIGRANTS SHOULD BE GIVEN LIFETIME PENSIONS</Title><Username>lupita_chavirra</Username><Timestamp>1371701689958</Timestamp><DateTime>Thu, 2013-06-20 00:14:49 EDT</DateTime></Topic><Msg>CARTEL$ will.</Msg><Username>black911operator</Username><Timestamp>1371821413467</Timestamp><DateTime>Fri, 2013-06-21 09:30:13 EDT</DateTime><ThumbUp>0</ThumbUp><ThumbDown>1</ThumbDown><Sentiment/></Message><Message type="ReplyMessage"><Id>1371821432713-37</Id><Topic><Title>sequester markets</Title><Username>juniorsclassmate1</Username><Timestamp>1371760221069</Timestamp><DateTime>Thu, 2013-06-20 16:30:21 EDT</DateTime></Topic><Msg>almost there, eh?</Msg><Username>artemiagrower</Username><Timestamp>1371821432713</Timestamp><DateTime>Fri, 2013-06-21 09:30:32 EDT</DateTime><ThumbUp>0</ThumbUp><ThumbDown>1</ThumbDown><Sentiment/></Message><Message type="ReplyMessage"><Id>1371821466846-38</Id><Topic><Title>Clearly , most of the posters here are infatuated with JUNIOR</Title><Username>mister_common_sense</Username><Timestamp>1371820546951</Timestamp><DateTime>Fri, 2013-06-21 09:15:46 EDT</DateTime></Topic><Msg>you bore me means you are BEAT... no more comebacks for you , eh rookie?</Msg><Username>repubs_are_vermin</Username><Timestamp>1371821466846</Timestamp><DateTime>Fri, 2013-06-21 09:31:06 EDT</DateTime><ThumbUp>3</ThumbUp><ThumbDown>1</ThumbDown><Sentiment/></Message><Message type="ReplyMessage"><Id>1371821491409-39</Id><Topic><Title>Junior likes Filet Mignon- he doesn't care for FOX NEWS minions like deadhead and doremi though</Title><Username>indecent_exposure_to_all</Username><Timestamp>1371821301028</Timestamp><DateTime>Fri, 2013-06-21 09:28:21 EDT</DateTime></Topic><Msg>How come jr is not talking about vix calls ROTFLOL. Still waiting for the city slicker from New Hampshire to tell us its positions. Not a peep. Cowardly little libturd.</Msg><Username>deadpainting</Username><Timestamp>1371821491409</Timestamp><DateTime>Fri, 2013-06-21 09:31:31 EDT</DateTime><ThumbUp>1</ThumbUp><ThumbDown>3</ThumbDown><Sentiment/></Message><Message type="ReplyMessage"><Id>1371821493271-40</Id><Topic><Title>Clearly , most of the posters here are infatuated with JUNIOR</Title><Username>mister_common_sense</Username><Timestamp>1371820546951</Timestamp><DateTime>Fri, 2013-06-21 09:15:46 EDT</DateTime></Topic><Msg>dore always says she is bored after she gets beaten like a baby seal ROTF!!!</Msg><Username>juniorsclassmate1</Username><Timestamp>1371821493271</Timestamp><DateTime>Fri, 2013-06-21 09:31:33 EDT</DateTime><ThumbUp>3</ThumbUp><ThumbDown>2</ThumbDown><Sentiment/></Message><Message type="ReplyMessage"><Id>1371821531434-41</Id><Topic><Title>sequester markets</Title><Username>juniorsclassmate1</Username><Timestamp>1371760221069</Timestamp><DateTime>Thu, 2013-06-20 16:30:21 EDT</DateTime></Topic><Msg>looking weak</Msg><Username>juniorsclassmate1</Username><Timestamp>1371821531434</Timestamp><DateTime>Fri, 2013-06-21 09:32:11 EDT</DateTime><ThumbUp>0</ThumbUp><ThumbDown>1</ThumbDown><Sentiment/></Message><Message type="ReplyMessage"><Id>1371821574425-42</Id><Topic><Title>Clearly , most of the posters here are infatuated with JUNIOR</Title><Username>mister_common_sense</Username><Timestamp>1371820546951</Timestamp><DateTime>Fri, 2013-06-21 09:15:46 EDT</DateTime></Topic><Msg>Yeah,you win.LOLOLOLOLOLOLOLOL You be a real chump!!!!!</Msg><Username>doremifa85</Username><Timestamp>1371821574425</Timestamp><DateTime>Fri, 2013-06-21 09:32:54 EDT</DateTime><ThumbUp>1</ThumbUp><ThumbDown>3</ThumbDown><Sentiment/></Message><Message type="ReplyMessage"><Id>1371821585618-43</Id><Topic><Title>Clearly , most of the posters here are infatuated with JUNIOR</Title><Username>mister_common_sense</Username><Timestamp>1371820546951</Timestamp><DateTime>Fri, 2013-06-21 09:15:46 EDT</DateTime></Topic><Msg>always! so freakin' obvious !</Msg><Username>repubs_are_vermin</Username><Timestamp>1371821585618</Timestamp><DateTime>Fri, 2013-06-21 09:33:05 EDT</DateTime><ThumbUp>2</ThumbUp><ThumbDown>1</ThumbDown><Sentiment/></Message><Message type="TopicMessage"><Id>1371821611919-44</Id><Title>Time to sell all rallies...</Title><Msg>Yesterday wasn't a fluke, more like a shot across the bow</Msg><Username>libs_r_a_plague</Username><Timestamp>1371821611919</Timestamp><DateTime>Fri, 2013-06-21 09:33:31 EDT</DateTime><ThumbUp>0</ThumbUp><ThumbDown>3</ThumbDown><Sentiment/></Message><Message type="ReplyMessage"><Id>1371821626988-45</Id><Topic><Title>Junior likes Filet Mignon- he doesn't care for FOX NEWS minions like deadhead and doremi though</Title><Username>indecent_exposure_to_all</Username><Timestamp>1371821301028</Timestamp><DateTime>Fri, 2013-06-21 09:28:21 EDT</DateTime></Topic><Msg>I use vicks when my nose is clogged !</Msg><Username>repubs_are_vermin</Username><Timestamp>1371821626988</Timestamp><DateTime>Fri, 2013-06-21 09:33:46 EDT</DateTime><ThumbUp>1</ThumbUp><ThumbDown>2</ThumbDown><Sentiment/></Message><Message type="ReplyMessage"><Id>1371821648228-46</Id><Topic><Title>sequester markets</Title><Username>juniorsclassmate1</Username><Timestamp>1371760221069</Timestamp><DateTime>Thu, 2013-06-20 16:30:21 EDT</DateTime></Topic><Msg>What will Obama do when Benny can't fix the market anymore? Throw him out and blame him for the crash?</Msg><Username>deadpainting</Username><Timestamp>1371821648228</Timestamp><DateTime>Fri, 2013-06-21 09:34:08 EDT</DateTime><ThumbUp>0</ThumbUp><ThumbDown>2</ThumbDown><Sentiment/></Message><Message type="ReplyMessage"><Id>1371821686699-47</Id><Topic><Title>sequester markets</Title><Username>juniorsclassmate1</Username><Timestamp>1371760221069</Timestamp><DateTime>Thu, 2013-06-20 16:30:21 EDT</DateTime></Topic><Msg>I did post a few buys yesterday. I'll take weak gains.</Msg><Username>artemiagrower</Username><Timestamp>1371821686699</Timestamp><DateTime>Fri, 2013-06-21 09:34:46 EDT</DateTime><ThumbUp>0</ThumbUp><ThumbDown>1</ThumbDown><Sentiment/></Message><Message type="ReplyMessage"><Id>1371821703533-48</Id><Topic><Title>Junior likes Filet Mignon- he doesn't care for FOX NEWS minions like deadhead and doremi though</Title><Username>indecent_exposure_to_all</Username><Timestamp>1371821301028</Timestamp><DateTime>Fri, 2013-06-21 09:28:21 EDT</DateTime></Topic><Msg>what vix calls? you never bought even one</Msg><Username>juniorsclassmate1</Username><Timestamp>1371821703533</Timestamp><DateTime>Fri, 2013-06-21 09:35:03 EDT</DateTime><ThumbUp>2</ThumbUp><ThumbDown>2</ThumbDown><Sentiment/></Message><Message type="ReplyMessage"><Id>1371821726928-49</Id><Topic><Title>Time to sell all rallies...</Title><Username>libs_r_a_plague</Username><Timestamp>1371821611919</Timestamp><DateTime>Fri, 2013-06-21 09:33:31 EDT</DateTime></Topic><Msg>will it be as bad as the bush destruction?</Msg><Username>juniorsclassmate1</Username><Timestamp>1371821726928</Timestamp><DateTime>Fri, 2013-06-21 09:35:26 EDT</DateTime><ThumbUp>1</ThumbUp><ThumbDown>2</ThumbDown><Sentiment/></Message><Message type="ReplyMessage"><Id>1371821797722-50</Id><Topic><Title>Clearly , most of the posters here are infatuated with JUNIOR</Title><Username>mister_common_sense</Username><Timestamp>1371820546951</Timestamp><DateTime>Fri, 2013-06-21 09:15:46 EDT</DateTime></Topic><Msg>You're either dumb.dumb or surfandski. You're acid tongue style gives you away. Nice ID there pal... how many is that now? Lost count after 6,000...</Msg><Username>libs_r_a_plague</Username><Timestamp>1371821797722</Timestamp><DateTime>Fri, 2013-06-21 09:36:37 EDT</DateTime><ThumbUp>0</ThumbUp><ThumbDown>3</ThumbDown><Sentiment/></Message><Message type="ReplyMessage"><Id>1371821954095-51</Id><Topic><Title>INFLATION WILL BE A MAJOR ISSUE GOING FORWARD NOW FOR OLOSER</Title><Username>jaysallstarss</Username><Timestamp>1371790132034</Timestamp><DateTime>Fri, 2013-06-21 00:48:52 EDT</DateTime></Topic><Msg>right you are! Inflation has been artificially tamed by the fed but it return like a muhtherfacker as soon as the fed stops buying bonds. Just the threat of them stopping is why the markets have nosedived</Msg><Username>gregu456</Username><Timestamp>1371821954095</Timestamp><DateTime>Fri, 2013-06-21 09:39:14 EDT</DateTime><ThumbUp>2</ThumbUp><ThumbDown>2</ThumbDown><Sentiment/></Message><Message type="ReplyMessage"><Id>1371822054301-52</Id><Topic><Title>Junior likes Filet Mignon- he doesn't care for FOX NEWS minions like deadhead and doremi though</Title><Username>indecent_exposure_to_all</Username><Timestamp>1371821301028</Timestamp><DateTime>Fri, 2013-06-21 09:28:21 EDT</DateTime></Topic><Msg>Junior, I'll be heading back to Vegas in a couple of hours trying to get some of my money back.LOL. You have a fun weekend in your trailer posting on the net.LOLLOL BYE!!!!</Msg><Username>doremifa85</Username><Timestamp>1371822054301</Timestamp><DateTime>Fri, 2013-06-21 09:40:54 EDT</DateTime><ThumbUp>0</ThumbUp><ThumbDown>2</ThumbDown><Sentiment/></Message><Message type="TopicMessage"><Id>1371822096823-53</Id><Title>Filet minion</Title><Msg>ROTFLOL.</Msg><Username>deadpainting</Username><Timestamp>1371822096823</Timestamp><DateTime>Fri, 2013-06-21 09:41:36 EDT</DateTime><ThumbUp>0</ThumbUp><ThumbDown>3</ThumbDown><Sentiment/></Message><Message type="TopicMessage"><Id>1371822135890-54</Id><Title>Jr eats filet minion</Title><Msg>Rotflol</Msg><Username>deadpainting</Username><Timestamp>1371822135890</Timestamp><DateTime>Fri, 2013-06-21 09:42:15 EDT</DateTime><ThumbUp>0</ThumbUp><ThumbDown>3</ThumbDown><Sentiment/></Message><Message type="TopicMessage"><Id>1371822268826-55</Id><Title>New hampsirebillys.</Title><Msg>Eat squirrel filets calls filet minions.</Msg><Username>deadpainting</Username><Timestamp>1371822268826</Timestamp><DateTime>Fri, 2013-06-21 09:44:28 EDT</DateTime><ThumbUp>0</ThumbUp><ThumbDown>2</ThumbDown><Sentiment/></Message><Message type="ReplyMessage"><Id>1371822328656-56</Id><Topic><Title>Welcome to the deadpainting therapy messageboard. Enjoy as dead posts here 24/7</Title><Username>deepharbour</Username><Timestamp>1371561636425</Timestamp><DateTime>Tue, 2013-06-18 09:20:36 EDT</DateTime></Topic><Msg>BUMP!!</Msg><Username>indecent_exposure_to_all</Username><Timestamp>1371822328656</Timestamp><DateTime>Fri, 2013-06-21 09:45:28 EDT</DateTime><ThumbUp>2</ThumbUp><ThumbDown>1</ThumbDown><Sentiment/></Message><Message type="TopicMessage"><Id>1371822417645-57</Id><Title>Hampshire hicks</Title><Msg>Eat filet minions in Rome. Rotflol</Msg><Username>deadpainting</Username><Timestamp>1371822417645</Timestamp><DateTime>Fri, 2013-06-21 09:46:57 EDT</DateTime><ThumbUp>1</ThumbUp><ThumbDown>2</ThumbDown><Sentiment/></Message><Message type="ReplyMessage"><Id>1371822649490-58</Id><Topic><Title>Hampshire hicks</Title><Username>deadpainting</Username><Timestamp>1371822417645</Timestamp><DateTime>Fri, 2013-06-21 09:46:57 EDT</DateTime></Topic><Msg>aberahm lincolon never did</Msg><Username>juniorsclassmate1</Username><Timestamp>1371822649490</Timestamp><DateTime>Fri, 2013-06-21 09:50:49 EDT</DateTime><ThumbUp>0</ThumbUp><ThumbDown>1</ThumbDown><Sentiment/></Message><Message type="TopicMessage"><Id>1371823006005-59</Id><Title>The simple mindedness of the Libtards...</Title><Msg>All stuck on stoopid Oh well...</Msg><Username>libs_r_a_plague</Username><Timestamp>1371823006005</Timestamp><DateTime>Fri, 2013-06-21 09:56:46 EDT</DateTime><ThumbUp>0</ThumbUp><ThumbDown>2</ThumbDown><Sentiment/></Message><Message type="ReplyMessage"><Id>1371823205119-60</Id><Topic><Title>Hampshire hicks</Title><Username>deadpainting</Username><Timestamp>1371822417645</Timestamp><DateTime>Fri, 2013-06-21 09:46:57 EDT</DateTime></Topic><Msg>Packing up the family moving to New Hampshire for the good life. Beverly hill Billy's got it all wrong. Notice how jr protects is other dumb I'd. Jr why do you fight dumb dumbs battles? Jr is so funny...children are so cute.</Msg><Username>deadpainting</Username><Timestamp>1371823205119</Timestamp><DateTime>Fri, 2013-06-21 10:00:05 EDT</DateTime><ThumbUp>0</ThumbUp><ThumbDown>1</ThumbDown><Sentiment/></Message><Message type="ReplyMessage"><Id>1371823269365-61</Id><Topic><Title>The simple mindedness of the Libtards...</Title><Username>libs_r_a_plague</Username><Timestamp>1371823006005</Timestamp><DateTime>Fri, 2013-06-21 09:56:46 EDT</DateTime></Topic><Msg>We have to spend our way out of debt...ROTFLOL.</Msg><Username>deadpainting</Username><Timestamp>1371823269365</Timestamp><DateTime>Fri, 2013-06-21 10:01:09 EDT</DateTime><ThumbUp>0</ThumbUp><ThumbDown>2</ThumbDown><Sentiment/></Message><Message type="TopicMessage"><Id>1371823323649-62</Id><Title>In New Hampshire the eat filet minion</Title><Msg>Fancy folks always do.</Msg><Username>deadpainting</Username><Timestamp>1371823323649</Timestamp><DateTime>Fri, 2013-06-21 10:02:03 EDT</DateTime><ThumbUp>0</ThumbUp><ThumbDown>2</ThumbDown><Sentiment/></Message><Message type="TopicMessage"><Id>1371823396573-63</Id><Title>Wonder why jr always gets so hurt when we make fun of dumb dumb</Title><Msg>ROTFLOL. Jr needs a new I'd.</Msg><Username>deadpainting</Username><Timestamp>1371823396573</Timestamp><DateTime>Fri, 2013-06-21 10:03:16 EDT</DateTime><ThumbUp>0</ThumbUp><ThumbDown>2</ThumbDown><Sentiment/></Message><Message type="TopicMessage"><Id>1371823570778-64</Id><Title>If Zimmerman goes free</Title><Msg>Will our cities be destroyed by the animals?</Msg><Username>deadpainting</Username><Timestamp>1371823570778</Timestamp><DateTime>Fri, 2013-06-21 10:06:10 EDT</DateTime><ThumbUp>0</ThumbUp><ThumbDown>2</ThumbDown><Sentiment/></Message><Message type="TopicMessage"><Id>1371823690774-65</Id><Title>Funny how gossip lady harry Reid shut up</Title><Msg>Armed forces embarrassed and discredited this clown who will say anything to create hate.</Msg><Username>deadpainting</Username><Timestamp>1371823690774</Timestamp><DateTime>Fri, 2013-06-21 10:08:10 EDT</DateTime><ThumbUp>0</ThumbUp><ThumbDown>2</ThumbDown><Sentiment/></Message><Message type="ReplyMessage"><Id>1371823856832-66</Id><Topic><Title>Welcome to the deadpainting therapy messageboard. Enjoy as dead posts here 24/7</Title><Username>deepharbour</Username><Timestamp>1371561636425</Timestamp><DateTime>Tue, 2013-06-18 09:20:36 EDT</DateTime></Topic><Msg>don't be hatin' on my friend!</Msg><Username>doremifa85</Username><Timestamp>1371823856832</Timestamp><DateTime>Fri, 2013-06-21 10:10:56 EDT</DateTime><ThumbUp>0</ThumbUp><ThumbDown>2</ThumbDown><Sentiment/></Message><Message type="TopicMessage"><Id>1371823880370-67</Id><Title>Maxine waters the insider trader</Title><Msg>Shut up also...sequester cost us 180 million jobs ROTFLOL. Crazy liberals can't help themselves. Maxine tells it all when it comes to looney liberal agenda.</Msg><Username>deadpainting</Username><Timestamp>1371823880370</Timestamp><DateTime>Fri, 2013-06-21 10:11:20 EDT</DateTime><ThumbUp>1</ThumbUp><ThumbDown>2</ThumbDown><Sentiment/></Message><Message type="ReplyMessage"><Id>1371823981967-68</Id><Topic><Title>Welcome to the deadpainting therapy messageboard. Enjoy as dead posts here 24/7</Title><Username>deepharbour</Username><Timestamp>1371561636425</Timestamp><DateTime>Tue, 2013-06-18 09:20:36 EDT</DateTime></Topic><Msg>Hi jr new I'd ? Looks like you are violated. Change I'd goof ball and don't cry.</Msg><Username>deadpainting</Username><Timestamp>1371823981967</Timestamp><DateTime>Fri, 2013-06-21 10:13:01 EDT</DateTime><ThumbUp>0</ThumbUp><ThumbDown>4</ThumbDown><Sentiment/></Message><Message type="ReplyMessage"><Id>1371824051418-69</Id><Topic><Title>Welcome to the deadpainting therapy messageboard. Enjoy as dead posts here 24/7</Title><Username>deepharbour</Username><Timestamp>1371561636425</Timestamp><DateTime>Tue, 2013-06-18 09:20:36 EDT</DateTime></Topic><Msg>I don't speak Eubonics. Try a translation program then post your response.</Msg><Username>halboard_repubs_lie</Username><Timestamp>1371824051418</Timestamp><DateTime>Fri, 2013-06-21 10:14:11 EDT</DateTime><ThumbUp>2</ThumbUp><ThumbDown>1</ThumbDown><Sentiment/></Message><Message type="TopicMessage"><Id>1371824076598-70</Id><Title>I think dumb dumb is really</Title><Msg>Harry Reid.</Msg><Username>deadpainting</Username><Timestamp>1371824076598</Timestamp><DateTime>Fri, 2013-06-21 10:14:36 EDT</DateTime><ThumbUp>0</ThumbUp><ThumbDown>2</ThumbDown><Sentiment/></Message><Message type="TopicMessage"><Id>1371824228278-71</Id><Title>Does Harry Reid eat</Title><Msg>Fillet minion two? ROTFLOL.</Msg><Username>deadpainting</Username><Timestamp>1371824228278</Timestamp><DateTime>Fri, 2013-06-21 10:17:08 EDT</DateTime><ThumbUp>0</ThumbUp><ThumbDown>2</ThumbDown><Sentiment/></Message><Message type="ReplyMessage"><Id>1371824362846-72</Id><Topic><Title>Welcome to the deadpainting therapy messageboard. Enjoy as dead posts here 24/7</Title><Username>deepharbour</Username><Timestamp>1371561636425</Timestamp><DateTime>Tue, 2013-06-18 09:20:36 EDT</DateTime></Topic><Msg>Oh hi jr...you don't speak Ebonics? Two bad ROTFLOL. What an idiot.</Msg><Username>deadpainting</Username><Timestamp>1371824362846</Timestamp><DateTime>Fri, 2013-06-21 10:19:22 EDT</DateTime><ThumbUp>0</ThumbUp><ThumbDown>3</ThumbDown><Sentiment/></Message><Message type="TopicMessage"><Id>1371824386526-73</Id><Title>Dieser Idiot, der deadpainting sich nennt, ist ein wahres klägliches suspektes</Title><Msg>Dieser Idiot, der deadpainting sich nennt, ist ein wahres klägliches suspektes. Er hat nichts besser, dann zu tun bekannt gibt FOX NEWS-Gesprächsthemen alle Stunden des Tages und angreift jedermann, das nicht nach rechts von der Mitte mit ihren politischen Ansichten ist.</Msg><Username>halboard_repubs_lie</Username><Timestamp>1371824386526</Timestamp><DateTime>Fri, 2013-06-21 10:19:46 EDT</DateTime><ThumbUp>0</ThumbUp><ThumbDown>1</ThumbDown><Sentiment/></Message><Message type="ReplyMessage"><Id>1371824403843-74</Id><Topic><Title>Welcome to the deadpainting therapy messageboard. Enjoy as dead posts here 24/7</Title><Username>deepharbour</Username><Timestamp>1371561636425</Timestamp><DateTime>Tue, 2013-06-18 09:20:36 EDT</DateTime></Topic><Msg>Dieser Idiot, der deadpainting sich nennt, ist ein wahres klägliches suspektes</Msg><Username>doremifa85</Username><Timestamp>1371824403843</Timestamp><DateTime>Fri, 2013-06-21 10:20:03 EDT</DateTime><ThumbUp>0</ThumbUp><ThumbDown>2</ThumbDown><Sentiment/></Message><Message type="ReplyMessage"><Id>1371824455945-75</Id><Topic><Title>Welcome to the deadpainting therapy messageboard. Enjoy as dead posts here 24/7</Title><Username>deepharbour</Username><Timestamp>1371561636425</Timestamp><DateTime>Tue, 2013-06-18 09:20:36 EDT</DateTime></Topic><Msg>Yes funny when jr the self appointed stock message board spell checker said it.</Msg><Username>deadpainting</Username><Timestamp>1371824455945</Timestamp><DateTime>Fri, 2013-06-21 10:20:55 EDT</DateTime><ThumbUp>0</ThumbUp><ThumbDown>2</ThumbDown><Sentiment/></Message><Message type="ReplyMessage"><Id>1371824513020-76</Id><Topic><Title>Welcome to the deadpainting therapy messageboard. Enjoy as dead posts here 24/7</Title><Username>deepharbour</Username><Timestamp>1371561636425</Timestamp><DateTime>Tue, 2013-06-18 09:20:36 EDT</DateTime></Topic><Msg>Not " fore" it huh.</Msg><Username>deadpainting</Username><Timestamp>1371824513020</Timestamp><DateTime>Fri, 2013-06-21 10:21:53 EDT</DateTime><ThumbUp>1</ThumbUp><ThumbDown>4</ThumbDown><Sentiment/></Message><Message type="TopicMessage"><Id>1371824550799-77</Id><Title>Ich denke noch, dass magoo auch stummes ROTFLOL ist</Title><Msg>Ich denke noch, dass magoo auch stummes ROTFLOL ist. Mann, der heute ernste Münze in meinen Anrufen vix macht. Ich hoffe, dass wir Obama veranlassen, das telepromter einzuschalten und mit dem Geschäft des gerechten Anteils wieder zu beginnen. können Sie noch, weil Benny sagte, dass er diese Markt oben druckt</Msg><Username>doremifa85</Username><Timestamp>1371824550799</Timestamp><DateTime>Fri, 2013-06-21 10:22:30 EDT</DateTime><ThumbUp>0</ThumbUp><ThumbDown>1</ThumbDown><Sentiment/></Message><Message type="ReplyMessage"><Id>1371824602975-78</Id><Topic><Title>Dieser Idiot, der deadpainting sich nennt, ist ein wahres klägliches suspektes</Title><Username>halboard_repubs_lie</Username><Timestamp>1371824386526</Timestamp><DateTime>Fri, 2013-06-21 10:19:46 EDT</DateTime></Topic><Msg>The English setting on dumb dumbs spell checker broke...two bad ROTFLOL.</Msg><Username>deadpainting</Username><Timestamp>1371824602975</Timestamp><DateTime>Fri, 2013-06-21 10:23:22 EDT</DateTime><ThumbUp>0</ThumbUp><ThumbDown>2</ThumbDown><Sentiment/></Message><Message type="TopicMessage"><Id>1371824707356-79</Id><Title>Filet minion</Title><Msg>Is what the fancy city slickers in New Hampshire eat. I am all "fore" it...eally" ROTFLOL.</Msg><Username>deadpainting</Username><Timestamp>1371824707356</Timestamp><DateTime>Fri, 2013-06-21 10:25:07 EDT</DateTime><ThumbUp>0</ThumbUp><ThumbDown>1</ThumbDown><Sentiment/></Message><Message type="ReplyMessage"><Id>1371824733747-80</Id><Topic><Title>Dieser Idiot, der deadpainting sich nennt, ist ein wahres klägliches suspektes</Title><Username>halboard_repubs_lie</Username><Timestamp>1371824386526</Timestamp><DateTime>Fri, 2013-06-21 10:19:46 EDT</DateTime></Topic><Msg>Deadpainting. Sie sind ein Dimwit. Sie haben kein Leben. Sie haben keine Persönlichkeit. Sie haben keine Freunde. Sie sind eine klägliche Entschuldigung für einen Menschen.</Msg><Username>halboard_repubs_lie</Username><Timestamp>1371824733747</Timestamp><DateTime>Fri, 2013-06-21 10:25:33 EDT</DateTime><ThumbUp>1</ThumbUp><ThumbDown>1</ThumbDown><Sentiment/></Message><Message type="TopicMessage"><Id>1371824759752-81</Id><Title>When are they closing guant bay?</Title><Msg>Oh huh the humanity.</Msg><Username>deadpainting</Username><Timestamp>1371824759752</Timestamp><DateTime>Fri, 2013-06-21 10:25:59 EDT</DateTime><ThumbUp>0</ThumbUp><ThumbDown>2</ThumbDown><Sentiment/></Message><Message type="TopicMessage"><Id>1371824848894-82</Id><Title>Whe is Obama going to get Wall Street banks and rich folks?</Title><Msg>Middle class get 2% tax....bush must have did it.</Msg><Username>deadpainting</Username><Timestamp>1371824848894</Timestamp><DateTime>Fri, 2013-06-21 10:27:28 EDT</DateTime><ThumbUp>0</ThumbUp><ThumbDown>2</ThumbDown><Sentiment/></Message><Message type="TopicMessage"><Id>1371824856628-83</Id><Title>Willkommen zum deadpainting Therapie messageboard</Title><Msg>Genießen Sie als tote Posten hier 24/7\n\nzu helfen, die Lücke in seinem traurigen wenig Leben zu erfüllen!</Msg><Username>halboard_repubs_lie</Username><Timestamp>1371824856628</Timestamp><DateTime>Fri, 2013-06-21 10:27:36 EDT</DateTime><ThumbUp>1</ThumbUp><ThumbDown>1</ThumbDown><Sentiment/></Message><Message type="ReplyMessage"><Id>1371824912148-84</Id><Topic><Title>Willkommen zum deadpainting Therapie messageboard</Title><Username>halboard_repubs_lie</Username><Timestamp>1371824856628</Timestamp><DateTime>Fri, 2013-06-21 10:27:36 EDT</DateTime></Topic><Msg>Jr gets a new toy...maybe on its Obama phone?</Msg><Username>deadpainting</Username><Timestamp>1371824912148</Timestamp><DateTime>Fri, 2013-06-21 10:28:32 EDT</DateTime><ThumbUp>0</ThumbUp><ThumbDown>2</ThumbDown><Sentiment/></Message><Message type="TopicMessage"><Id>1371825022010-85</Id><Title>После отпускания, Барака Обамы на Уолл-стрит банки и богатые ребята?</Title><Msg>После отпускания, Барака Обамы на Уолл-стрит банки и богатые ребята? Средний класс получите 2% налога .... Буш должен быть не</Msg><Username>deadpainting</Username><Timestamp>1371825022010</Timestamp><DateTime>Fri, 2013-06-21 10:30:22 EDT</DateTime><ThumbUp>0</ThumbUp><ThumbDown>1</ThumbDown><Sentiment/></Message><Message type="TopicMessage"><Id>1371825042908-86</Id><Title>2% middle class tax</Title><Msg>Bush did it. ROTFLOL. Obama sure did get Wall Street, rich folks and banks.</Msg><Username>deadpainting</Username><Timestamp>1371825042908</Timestamp><DateTime>Fri, 2013-06-21 10:30:42 EDT</DateTime><ThumbUp>0</ThumbUp><ThumbDown>2</ThumbDown><Sentiment/></Message><Message type="ReplyMessage"><Id>1371825089542-87</Id><Topic><Title>sequester markets</Title><Username>juniorsclassmate1</Username><Timestamp>1371760221069</Timestamp><DateTime>Thu, 2013-06-20 16:30:21 EDT</DateTime></Topic><Msg>I just sequestered some WPRT. Is it noon yet? I am on the west coast, and it's only 7:30</Msg><Username>artemiagrower</Username><Timestamp>1371825089542</Timestamp><DateTime>Fri, 2013-06-21 10:31:29 EDT</DateTime><ThumbUp>0</ThumbUp><ThumbDown>1</ThumbDown><Sentiment/></Message><Message type="ReplyMessage"><Id>1371825112814-88</Id><Topic><Title>После отпускания, Барака Обамы на Уолл-стрит банки и богатые ребята?</Title><Username>deadpainting</Username><Timestamp>1371825022010</Timestamp><DateTime>Fri, 2013-06-21 10:30:22 EDT</DateTime></Topic><Msg>Jr plays I'd game again...how cute.</Msg><Username>deadpainting</Username><Timestamp>1371825112814</Timestamp><DateTime>Fri, 2013-06-21 10:31:52 EDT</DateTime><ThumbUp>0</ThumbUp><ThumbDown>2</ThumbDown><Sentiment/></Message><Message type="TopicMessage"><Id>1371825120984-89</Id><Title>2% среднего класса Америки налогов</Title><Msg>ROTFLOL. Что Обама не Уолл-стрит, богатые ребята и банков</Msg><Username>deadpainting</Username><Timestamp>1371825120984</Timestamp><DateTime>Fri, 2013-06-21 10:32:00 EDT</DateTime><ThumbUp>2</ThumbUp><ThumbDown>1</ThumbDown><Sentiment/></Message><Message type="ReplyMessage"><Id>1371825193752-90</Id><Topic><Title>sequester markets</Title><Username>juniorsclassmate1</Username><Timestamp>1371760221069</Timestamp><DateTime>Thu, 2013-06-20 16:30:21 EDT</DateTime></Topic><Msg>Jr what are your positions? Before you change Ids again.</Msg><Username>deadpainting</Username><Timestamp>1371825193752</Timestamp><DateTime>Fri, 2013-06-21 10:33:13 EDT</DateTime><ThumbUp>1</ThumbUp><ThumbDown>1</ThumbDown><Sentiment/></Message><Message type="TopicMessage"><Id>1371825248557-91</Id><Title>Jr has unicorn futures.</Title><Msg>And uses the profits two eat filet minion.</Msg><Username>deadpainting</Username><Timestamp>1371825248557</Timestamp><DateTime>Fri, 2013-06-21 10:34:08 EDT</DateTime><ThumbUp>0</ThumbUp><ThumbDown>2</ThumbDown><Sentiment/></Message><Message type="TopicMessage"><Id>1371825280529-92</Id><Title>Cosa farà Obama quando Benny non fissare il mercato?</Title><Msg>Lo buttano fuori e biasimarlo per il crash?</Msg><Username>deadpainting</Username><Timestamp>1371825280529</Timestamp><DateTime>Fri, 2013-06-21 10:34:40 EDT</DateTime><ThumbUp>1</ThumbUp><ThumbDown>1</ThumbDown><Sentiment/></Message><Message type="TopicMessage"><Id>1371825350262-93</Id><Title>Jr speaking in tongues.</Title><Msg>Must be pretty violated about obamas 2% tax.</Msg><Username>deadpainting</Username><Timestamp>1371825350262</Timestamp><DateTime>Fri, 2013-06-21 10:35:50 EDT</DateTime><ThumbUp>1</ThumbUp><ThumbDown>2</ThumbDown><Sentiment/></Message><Message type="TopicMessage"><Id>1371825396910-94</Id><Title>Jr parlare in lingue</Title><Msg>. Dev'essere davvero violato circa obamas 2% di tasse.</Msg><Username>deadpainting</Username><Timestamp>1371825396910</Timestamp><DateTime>Fri, 2013-06-21 10:36:36 EDT</DateTime><ThumbUp>0</ThumbUp><ThumbDown>1</ThumbDown><Sentiment/></Message><Message type="ReplyMessage"><Id>1371825403885-95</Id><Topic><Title>Jr speaking in tongues.</Title><Username>deadpainting</Username><Timestamp>1371825350262</Timestamp><DateTime>Fri, 2013-06-21 10:35:50 EDT</DateTime></Topic><Msg>Fair share fair share fair share...</Msg><Username>deadpainting</Username><Timestamp>1371825403885</Timestamp><DateTime>Fri, 2013-06-21 10:36:43 EDT</DateTime><ThumbUp>0</ThumbUp><ThumbDown>2</ThumbDown><Sentiment/></Message><Message type="ReplyMessage"><Id>1371825441074-96</Id><Topic><Title>Jr parlare in lingue</Title><Username>deadpainting</Username><Timestamp>1371825396910</Timestamp><DateTime>Fri, 2013-06-21 10:36:36 EDT</DateTime></Topic><Msg>Equa condivisione equa condivisione equa</Msg><Username>deadpainting</Username><Timestamp>1371825441074</Timestamp><DateTime>Fri, 2013-06-21 10:37:21 EDT</DateTime><ThumbUp>0</ThumbUp><ThumbDown>1</ThumbDown><Sentiment/></Message><Message type="TopicMessage"><Id>1371825598056-97</Id><Title>Jr using my ID</Title><Msg>Poor little star licker has nothing left of its credibility. Pathetic attempt to discredit mine only makes it look more stupid...if that is even possible at this point.</Msg><Username>deadpainting</Username><Timestamp>1371825598056</Timestamp><DateTime>Fri, 2013-06-21 10:39:58 EDT</DateTime><ThumbUp>0</ThumbUp><ThumbDown>3</ThumbDown><Sentiment/></Message><Message type="TopicMessage"><Id>1371825672427-98</Id><Title>Dumb dumb eats</Title><Msg>Filet minion at the country club. Not very green of it. Global warming will kill us all.</Msg><Username>deadpainting</Username><Timestamp>1371825672427</Timestamp><DateTime>Fri, 2013-06-21 10:41:12 EDT</DateTime><ThumbUp>1</ThumbUp><ThumbDown>2</ThumbDown><Sentiment/></Message><Message type="TopicMessage"><Id>1371825672774-99</Id><Title>Utilizzare il mio ID</Title><Msg>Jr povera stella lecchino ha nulla della sua credibilità. Patetico tentativo di screditare la mia rende il tutto ancora più stupida...se è anche possibile a questo punto.</Msg><Username>ivanhoreofloxxly</Username><Timestamp>1371825672774</Timestamp><DateTime>Fri, 2013-06-21 10:41:12 EDT</DateTime><ThumbUp>1</ThumbUp><ThumbDown>1</ThumbDown><Sentiment/></Message><Message type="TopicMessage"><Id>1371825739844-100</Id><Title>The 2 % tax on the middle class</Title><Msg>What a shame.</Msg><Username>deadpainting</Username><Timestamp>1371825739844</Timestamp><DateTime>Fri, 2013-06-21 10:42:19 EDT</DateTime><ThumbUp>0</ThumbUp><ThumbDown>2</ThumbDown><Sentiment/></Message><Message type="TopicMessage"><Id>1371825743565-101</Id><Title>Muto muto mangia</Title><Msg>filet mignon al country club. Non molto verde. Il riscaldamento globale uccide tutti noi.</Msg><Username>ivanhoreofloxxly</Username><Timestamp>1371825743565</Timestamp><DateTime>Fri, 2013-06-21 10:42:23 EDT</DateTime><ThumbUp>0</ThumbUp><ThumbDown>1</ThumbDown><Sentiment/></Message><Message type="TopicMessage"><Id>1371825788505-102</Id><Title>Il 2 % di tasse per la classe media</Title><Msg>che è una vergogna.</Msg><Username>ivanhoreofloxxly</Username><Timestamp>1371825788505</Timestamp><DateTime>Fri, 2013-06-21 10:43:08 EDT</DateTime><ThumbUp>0</ThumbUp><ThumbDown>1</ThumbDown><Sentiment/></Message><Message type="TopicMessage"><Id>1371825931677-103</Id><Title>War on children</Title><Msg>The liberals are spending them into slavery.</Msg><Username>deadpainting</Username><Timestamp>1371825931677</Timestamp><DateTime>Fri, 2013-06-21 10:45:31 EDT</DateTime><ThumbUp>0</ThumbUp><ThumbDown>1</ThumbDown><Sentiment/></Message><Message type="TopicMessage"><Id>1371825966235-104</Id><Title>War on the middle class</Title><Msg>2% tax on all.</Msg><Username>deadpainting</Username><Timestamp>1371825966235</Timestamp><DateTime>Fri, 2013-06-21 10:46:06 EDT</DateTime><ThumbUp>0</ThumbUp><ThumbDown>2</ThumbDown><Sentiment/></Message><Message type="TopicMessage"><Id>1371826000338-105</Id><Title>War on women</Title><Msg>I did not have relations with that woman.</Msg><Username>deadpainting</Username><Timestamp>1371826000338</Timestamp><DateTime>Fri, 2013-06-21 10:46:40 EDT</DateTime><ThumbUp>0</ThumbUp><ThumbDown>2</ThumbDown><Sentiment/></Message><Message type="TopicMessage"><Id>1371826047621-106</Id><Title>Guerra al centro della classe tassa</Title><Msg>del 2% su tutte le</Msg><Username>ivanhoreofloxxly</Username><Timestamp>1371826047621</Timestamp><DateTime>Fri, 2013-06-21 10:47:27 EDT</DateTime><ThumbUp>0</ThumbUp><ThumbDown>1</ThumbDown><Sentiment/></Message><Message type="TopicMessage"><Id>1371826060803-107</Id><Title>War on the constitution</Title><Msg>Spy, drones, disarm, get them IRS.</Msg><Username>deadpainting</Username><Timestamp>1371826060803</Timestamp><DateTime>Fri, 2013-06-21 10:47:40 EDT</DateTime><ThumbUp>0</ThumbUp><ThumbDown>2</ThumbDown><Sentiment/></Message><Message type="ReplyMessage"><Id>1371826093081-108</Id><Topic><Title>Time to sell all rallies...</Title><Username>libs_r_a_plague</Username><Timestamp>1371821611919</Timestamp><DateTime>Fri, 2013-06-21 09:33:31 EDT</DateTime></Topic><Msg>So let's see, what is junior's exit strategy? Oh that's right, Jr only trades bubblegum baseball cards - never mind...</Msg><Username>libs_r_a_plague</Username><Timestamp>1371826093081</Timestamp><DateTime>Fri, 2013-06-21 10:48:13 EDT</DateTime><ThumbUp>0</ThumbUp><ThumbDown>2</ThumbDown><Sentiment/></Message><Message type="TopicMessage"><Id>1371826114507-109</Id><Title>Guerra contro le donne</Title><Msg>che non hanno relazioni con donne. PREFERISCO la compagnia di uomini!</Msg><Username>deadpainting</Username><Timestamp>1371826114507</Timestamp><DateTime>Fri, 2013-06-21 10:48:34 EDT</DateTime><ThumbUp>0</ThumbUp><ThumbDown>1</ThumbDown><Sentiment/></Message><Message type="TopicMessage"><Id>1371826139277-110</Id><Title>Race war</Title><Msg>Travon would be like my son if I had one. Except he would not carry the half white gene I have.</Msg><Username>deadpainting</Username><Timestamp>1371826139277</Timestamp><DateTime>Fri, 2013-06-21 10:48:59 EDT</DateTime><ThumbUp>0</ThumbUp><ThumbDown>2</ThumbDown><Sentiment/></Message><Message type="TopicMessage"><Id>1371826181255-111</Id><Title>War on seniors</Title><Msg>Let change how we look at inflation.</Msg><Username>deadpainting</Username><Timestamp>1371826181255</Timestamp><DateTime>Fri, 2013-06-21 10:49:41 EDT</DateTime><ThumbUp>0</ThumbUp><ThumbDown>3</ThumbDown><Sentiment/></Message><Message type="TopicMessage"><Id>1371826211794-112</Id><Title>Gara guerra</Title><Msg>Travon sarebbe come mio figlio se ho avuto uno. Salvo che non avrebbero la metà ape i geni che la mia famiglia.</Msg><Username>deadpainting</Username><Timestamp>1371826211794</Timestamp><DateTime>Fri, 2013-06-21 10:50:11 EDT</DateTime><ThumbUp>1</ThumbUp><ThumbDown>1</ThumbDown><Sentiment/></Message><Message type="TopicMessage"><Id>1371826276779-113</Id><Title>Guerra contro gli anziani come me</Title><Msg>dobbiamo cambiare il nostro sguardo al mio calo anni.</Msg><Username>deadpainting</Username><Timestamp>1371826276779</Timestamp><DateTime>Fri, 2013-06-21 10:51:16 EDT</DateTime><ThumbUp>1</ThumbUp><ThumbDown>1</ThumbDown><Sentiment/></Message><Message type="ReplyMessage"><Id>1371826311116-114</Id><Topic><Title>Time to sell all rallies...</Title><Username>libs_r_a_plague</Username><Timestamp>1371821611919</Timestamp><DateTime>Fri, 2013-06-21 09:33:31 EDT</DateTime></Topic><Msg>It is bushes fault...back to trading my unicorn futures.</Msg><Username>deadpainting</Username><Timestamp>1371826311116</Timestamp><DateTime>Fri, 2013-06-21 10:51:51 EDT</DateTime><ThumbUp>0</ThumbUp><ThumbDown>2</ThumbDown><Sentiment/></Message><Message type="TopicMessage"><Id>1371826387526-115</Id><Title>Spy drones are for your safety</Title><Msg>No need to worry as long as you follow my libtality.</Msg><Username>deadpainting</Username><Timestamp>1371826387526</Timestamp><DateTime>Fri, 2013-06-21 10:53:07 EDT</DateTime><ThumbUp>0</ThumbUp><ThumbDown>2</ThumbDown><Sentiment/></Message><Message type="ReplyMessage"><Id>1371826432939-116</Id><Topic><Title>The 2 % tax on the middle class</Title><Username>deadpainting</Username><Timestamp>1371825739844</Timestamp><DateTime>Fri, 2013-06-21 10:42:19 EDT</DateTime></Topic><Msg>Must be bushes fault again.</Msg><Username>deadpainting</Username><Timestamp>1371826432939</Timestamp><DateTime>Fri, 2013-06-21 10:53:52 EDT</DateTime><ThumbUp>1</ThumbUp><ThumbDown>1</ThumbDown><Sentiment/></Message><Message type="TopicMessage"><Id>1371826546941-117</Id><Title>They don't come any dumber than</Title><Msg>deadpainting.Get a life Zippy!!!!!!!!!!!!!!!!!!!</Msg><Username>alsmith581</Username><Timestamp>1371826546941</Timestamp><DateTime>Fri, 2013-06-21 10:55:46 EDT</DateTime><ThumbUp>1</ThumbUp><ThumbDown>1</ThumbDown><Sentiment/></Message><Message type="TopicMessage"><Id>1371826550690-118</Id><Title>Wonder if dumb dumb spent all the money it made</Title><Msg>On nflx short eating filet minions.</Msg><Username>deadpainting</Username><Timestamp>1371826550690</Timestamp><DateTime>Fri, 2013-06-21 10:55:50 EDT</DateTime><ThumbUp>0</ThumbUp><ThumbDown>2</ThumbDown><Sentiment/></Message><Message type="ReplyMessage"><Id>1371826746656-119</Id><Topic><Title>They don't come any dumber than</Title><Username>alsmith581</Username><Timestamp>1371826546941</Timestamp><DateTime>Fri, 2013-06-21 10:55:46 EDT</DateTime></Topic><Msg>Jr is hurt...poor little thing is hiding behind all its Ids. Don't cry jr...you can eat dumb dumbs filet minions and play with its spell checker...maybe you can use my Id. Will that make you feel better little star licker?</Msg><Username>deadpainting</Username><Timestamp>1371826746656</Timestamp><DateTime>Fri, 2013-06-21 10:59:06 EDT</DateTime><ThumbUp>1</ThumbUp><ThumbDown>3</ThumbDown><Sentiment/></Message><Message type="TopicMessage"><Id>1371826809606-120</Id><Title>Middle class is loving its new tax</Title><Msg>Obama said it is best...fair share fair share.</Msg><Username>deadpainting</Username><Timestamp>1371826809606</Timestamp><DateTime>Fri, 2013-06-21 11:00:09 EDT</DateTime><ThumbUp>0</ThumbUp><ThumbDown>2</ThumbDown><Sentiment/></Message><Message type="TopicMessage"><Id>1371826915035-121</Id><Title>Jr hates bushes 2% tax</Title><Msg>ROTFLOL.</Msg><Username>deadpainting</Username><Timestamp>1371826915035</Timestamp><DateTime>Fri, 2013-06-21 11:01:55 EDT</DateTime><ThumbUp>0</ThumbUp><ThumbDown>1</ThumbDown><Sentiment/></Message><Message type="TopicMessage"><Id>1371826936939-122</Id><Title>Sie kommen nicht irgendwie stummer als\n\nDeadpainting</Title><Msg>. Erhalten Sie ein Leben flink!!!!!!!!!!!!!!!!!!!</Msg><Username>philsimmsap</Username><Timestamp>1371826936939</Timestamp><DateTime>Fri, 2013-06-21 11:02:16 EDT</DateTime><ThumbUp>2</ThumbUp><ThumbDown>1</ThumbDown><Sentiment/></Message><Message type="TopicMessage"><Id>1371826957312-123</Id><Title>Where is Harry Reid?</Title><Msg>Still embarrassed most likely.</Msg><Username>deadpainting</Username><Timestamp>1371826957312</Timestamp><DateTime>Fri, 2013-06-21 11:02:37 EDT</DateTime><ThumbUp>1</ThumbUp><ThumbDown>1</ThumbDown><Sentiment/></Message><Message type="ReplyMessage"><Id>1371827409180-124</Id><Topic><Title>War on seniors</Title><Username>deadpainting</Username><Timestamp>1371826181255</Timestamp><DateTime>Fri, 2013-06-21 10:49:41 EDT</DateTime></Topic><Msg>Obama discovered a new energy source. He put all the seniors on a treadmill.</Msg><Username>artemiagrower</Username><Timestamp>1371827409180</Timestamp><DateTime>Fri, 2013-06-21 11:10:09 EDT</DateTime><ThumbUp>0</ThumbUp><ThumbDown>1</ThumbDown><Sentiment/></Message><Message type="ReplyMessage"><Id>1371827570483-125</Id><Topic><Title>War on seniors</Title><Username>deadpainting</Username><Timestamp>1371826181255</Timestamp><DateTime>Fri, 2013-06-21 10:49:41 EDT</DateTime></Topic><Msg>He wants to rip them off while collecting ss checks. Figures he just changes a few numbers and stiffs them...no one will know the difference if he is sneaky enough going about it.</Msg><Username>deadpainting</Username><Timestamp>1371827570483</Timestamp><DateTime>Fri, 2013-06-21 11:12:50 EDT</DateTime><ThumbUp>0</ThumbUp><ThumbDown>1</ThumbDown><Sentiment/></Message><Message type="TopicMessage"><Id>1371827773692-126</Id><Title>Vix calls</Title><Msg>;) not much drivel from the jr I'd.</Msg><Username>deadpainting</Username><Timestamp>1371827773692</Timestamp><DateTime>Fri, 2013-06-21 11:16:13 EDT</DateTime><ThumbUp>0</ThumbUp><ThumbDown>3</ThumbDown><Sentiment/></Message><Message type="ReplyMessage"><Id>1371828258065-127</Id><Topic><Title>Vix calls</Title><Username>deadpainting</Username><Timestamp>1371827773692</Timestamp><DateTime>Fri, 2013-06-21 11:16:13 EDT</DateTime></Topic><Msg>when you buying them trig?</Msg><Username>juniorsclassmate1</Username><Timestamp>1371828258065</Timestamp><DateTime>Fri, 2013-06-21 11:24:18 EDT</DateTime><ThumbUp>1</ThumbUp><ThumbDown>1</ThumbDown><Sentiment/></Message><Message type="ReplyMessage"><Id>1371828323313-128</Id><Topic><Title>2% ankle biters</Title><Username>juniorsclassmate1</Username><Timestamp>1371052875541</Timestamp><DateTime>Wed, 2013-06-12 12:01:15 EDT</DateTime></Topic><Msg>bups</Msg><Username>juniorsclassmate1</Username><Timestamp>1371828323313</Timestamp><DateTime>Fri, 2013-06-21 11:25:23 EDT</DateTime><ThumbUp>0</ThumbUp><ThumbDown>1</ThumbDown><Sentiment/></Message><Message type="ReplyMessage"><Id>1371828718402-129</Id><Topic><Title>WOW Chambers was talking on CNBC and now all CSCO does is go lower.</Title><Username>coinmaker77</Username><Timestamp>1371828339536</Timestamp><DateTime>Fri, 2013-06-21 11:25:39 EDT</DateTime></Topic><Msg>CSCO holding up well. No worries. I love Uncle Ben. China's all time high was 6 years ago.</Msg><Username>yohoho_andabottlea</Username><Timestamp>1371828718402</Timestamp><DateTime>Fri, 2013-06-21 11:31:58 EDT</DateTime><ThumbUp>0</ThumbUp><ThumbDown>1</ThumbDown><Sentiment/></Message><Message type="ReplyMessage"><Id>1371828796559-130</Id><Topic><Title>Guerra al centro della classe tassa</Title><Username>ivanhoreofloxxly</Username><Timestamp>1371826047621</Timestamp><DateTime>Fri, 2013-06-21 10:47:27 EDT</DateTime></Topic><Msg>Illegal alien invasion -- they speak but I can't understand. I only speak the English.</Msg><Username>yohoho_andabottlea</Username><Timestamp>1371828796559</Timestamp><DateTime>Fri, 2013-06-21 11:33:16 EDT</DateTime><ThumbUp>0</ThumbUp><ThumbDown>1</ThumbDown><Sentiment/></Message><Message type="ReplyMessage"><Id>1371828856276-131</Id><Topic><Title>Sie kommen nicht irgendwie stummer als\n\nDeadpainting</Title><Username>philsimmsap</Username><Timestamp>1371826936939</Timestamp><DateTime>Fri, 2013-06-21 11:02:16 EDT</DateTime></Topic><Msg>No worries. Uncle Ben will bring more heroin. Best party ever.</Msg><Username>yohoho_andabottlea</Username><Timestamp>1371828856276</Timestamp><DateTime>Fri, 2013-06-21 11:34:16 EDT</DateTime><ThumbUp>0</ThumbUp><ThumbDown>1</ThumbDown><Sentiment/></Message><Message type="ReplyMessage"><Id>1371828932812-132</Id><Topic><Title>Muto muto mangia</Title><Username>ivanhoreofloxxly</Username><Timestamp>1371825743565</Timestamp><DateTime>Fri, 2013-06-21 10:42:23 EDT</DateTime></Topic><Msg>We'll be up 200 points this afternoon. Time to buy.</Msg><Username>yohoho_andabottlea</Username><Timestamp>1371828932812</Timestamp><DateTime>Fri, 2013-06-21 11:35:32 EDT</DateTime><ThumbUp>0</ThumbUp><ThumbDown>1</ThumbDown><Sentiment/></Message><Message type="ReplyMessage"><Id>1371828993362-133</Id><Topic><Title>После отпускания, Барака Обамы на Уолл-стрит банки и богатые ребята?</Title><Username>deadpainting</Username><Timestamp>1371825022010</Timestamp><DateTime>Fri, 2013-06-21 10:30:22 EDT</DateTime></Topic><Msg>Putin and Obama look at the floor.</Msg><Username>yohoho_andabottlea</Username><Timestamp>1371828993362</Timestamp><DateTime>Fri, 2013-06-21 11:36:33 EDT</DateTime><ThumbUp>1</ThumbUp><ThumbDown>1</ThumbDown><Sentiment/></Message><Message type="ReplyMessage"><Id>1371829052028-134</Id><Topic><Title>Ich denke noch, dass magoo auch stummes ROTFLOL ist</Title><Username>doremifa85</Username><Timestamp>1371824550799</Timestamp><DateTime>Fri, 2013-06-21 10:22:30 EDT</DateTime></Topic><Msg>Obama sure looked hot out there in Berlin. We're going to all time highs. BUY BUY BUY BUY BUY BUY</Msg><Username>yohoho_andabottlea</Username><Timestamp>1371829052028</Timestamp><DateTime>Fri, 2013-06-21 11:37:32 EDT</DateTime><ThumbUp>0</ThumbUp><ThumbDown>1</ThumbDown><Sentiment/></Message><Message type="ReplyMessage"><Id>1371829148163-135</Id><Topic><Title>WOW Chambers was talking on CNBC and now all CSCO does is go lower.</Title><Username>coinmaker77</Username><Timestamp>1371828339536</Timestamp><DateTime>Fri, 2013-06-21 11:25:39 EDT</DateTime></Topic><Msg>Just stop Chambers from talking any were any time</Msg><Username>coinmaker77</Username><Timestamp>1371829148163</Timestamp><DateTime>Fri, 2013-06-21 11:39:08 EDT</DateTime><ThumbUp>1</ThumbUp><ThumbDown>1</ThumbDown><Sentiment/></Message><Message type="ReplyMessage"><Id>1371829805409-136</Id><Topic><Title>Vix calls</Title><Username>deadpainting</Username><Timestamp>1371827773692</Timestamp><DateTime>Fri, 2013-06-21 11:16:13 EDT</DateTime></Topic><Msg>Jr you are such a lightweight. What are your positions again? ROTFLOL. Jr has filet minion futures.</Msg><Username>deadpainting</Username><Timestamp>1371829805409</Timestamp><DateTime>Fri, 2013-06-21 11:50:05 EDT</DateTime><ThumbUp>0</ThumbUp><ThumbDown>2</ThumbDown><Sentiment/></Message><Message type="ReplyMessage"><Id>1371830005655-137</Id><Topic><Title>Vix calls</Title><Username>deadpainting</Username><Timestamp>1371827773692</Timestamp><DateTime>Fri, 2013-06-21 11:16:13 EDT</DateTime></Topic><Msg>i told you my pick 20 times - have the nurse help you so when do you thing you gonna buy some VIX calls?</Msg><Username>juniorsclassmate1</Username><Timestamp>1371830005655</Timestamp><DateTime>Fri, 2013-06-21 11:53:25 EDT</DateTime><ThumbUp>1</ThumbUp><ThumbDown>1</ThumbDown><Sentiment/></Message><Message type="ReplyMessage"><Id>1371830208584-138</Id><Topic><Title>july vix 21 calls</Title><Username>deadpainting</Username><Timestamp>1371155254715</Timestamp><DateTime>Thu, 2013-06-13 16:27:34 EDT</DateTime></Topic><Msg>when you gonna buy</Msg><Username>juniorsclassmate1</Username><Timestamp>1371830208584</Timestamp><DateTime>Fri, 2013-06-21 11:56:48 EDT</DateTime><ThumbUp>1</ThumbUp><ThumbDown>1</ThumbDown><Sentiment/></Message><Message type="ReplyMessage"><Id>1371830246199-139</Id><Topic><Title>july vix 21 calls</Title><Username>deadpainting</Username><Timestamp>1371155254715</Timestamp><DateTime>Thu, 2013-06-13 16:27:34 EDT</DateTime></Topic><Msg>so wet -when you gonna buy these calls? ROTFH!@</Msg><Username>juniorsclassmate1</Username><Timestamp>1371830246199</Timestamp><DateTime>Fri, 2013-06-21 11:57:26 EDT</DateTime><ThumbUp>1</ThumbUp><ThumbDown>1</ThumbDown><Sentiment/></Message><Message type="TopicMessage"><Id>1371830982379-140</Id><Title>Dipped a toe in</Title><Msg>KEF. Kim Jong Obama market.</Msg><Username>artemiagrower</Username><Timestamp>1371830982379</Timestamp><DateTime>Fri, 2013-06-21 12:09:42 EDT</DateTime><ThumbUp>0</ThumbUp><ThumbDown>2</ThumbDown><Sentiment/></Message><Message type="ReplyMessage"><Id>1371831059874-141</Id><Topic><Title>is CSCO gonna RUN ???</Title><Username>rogerwalker513</Username><Timestamp>1371787455387</Timestamp><DateTime>Fri, 2013-06-21 00:04:15 EDT</DateTime></Topic><Msg>i herd about them! they are very good!</Msg><Username>jack.lumbar</Username><Timestamp>1371831059874</Timestamp><DateTime>Fri, 2013-06-21 12:10:59 EDT</DateTime><ThumbUp>0</ThumbUp><ThumbDown>1</ThumbDown><Sentiment/></Message><Message type="ReplyMessage"><Id>1371832554270-142</Id><Topic><Title>sequester markets</Title><Username>juniorsclassmate1</Username><Timestamp>1371760221069</Timestamp><DateTime>Thu, 2013-06-20 16:30:21 EDT</DateTime></Topic><Msg>What are we buying? I bough KEF. Kim Jong Obama market.</Msg><Username>artemiagrower</Username><Timestamp>1371832554270</Timestamp><DateTime>Fri, 2013-06-21 12:35:54 EDT</DateTime><ThumbUp>0</ThumbUp><ThumbDown>1</ThumbDown><Sentiment/></Message><Message type="ReplyMessage"><Id>1371832646071-143</Id><Topic><Title>sequester markets</Title><Username>juniorsclassmate1</Username><Timestamp>1371760221069</Timestamp><DateTime>Thu, 2013-06-20 16:30:21 EDT</DateTime></Topic><Msg>liquidity problems in china are more of a problem than the ben nonsense</Msg><Username>juniorsclassmate1</Username><Timestamp>1371832646071</Timestamp><DateTime>Fri, 2013-06-21 12:37:26 EDT</DateTime><ThumbUp>0</ThumbUp><ThumbDown>1</ThumbDown><Sentiment/></Message><Message type="ReplyMessage"><Id>1371832739837-144</Id><Topic><Title>sequester markets</Title><Username>juniorsclassmate1</Username><Timestamp>1371760221069</Timestamp><DateTime>Thu, 2013-06-20 16:30:21 EDT</DateTime></Topic><Msg>The South Koreans are more worried about instant liquification.</Msg><Username>artemiagrower</Username><Timestamp>1371832739837</Timestamp><DateTime>Fri, 2013-06-21 12:38:59 EDT</DateTime><ThumbUp>0</ThumbUp><ThumbDown>1</ThumbDown><Sentiment/></Message><Message type="ReplyMessage"><Id>1371832896976-145</Id><Topic><Title>sequester markets</Title><Username>juniorsclassmate1</Username><Timestamp>1371760221069</Timestamp><DateTime>Thu, 2013-06-20 16:30:21 EDT</DateTime></Topic><Msg>nonsense</Msg><Username>juniorsclassmate1</Username><Timestamp>1371832896976</Timestamp><DateTime>Fri, 2013-06-21 12:41:36 EDT</DateTime><ThumbUp>0</ThumbUp><ThumbDown>1</ThumbDown><Sentiment/></Message><Message type="ReplyMessage"><Id>1371832918535-146</Id><Topic><Title>is CSCO gonna RUN ???</Title><Username>rogerwalker513</Username><Timestamp>1371787455387</Timestamp><DateTime>Fri, 2013-06-21 00:04:15 EDT</DateTime></Topic><Msg>im going to go and subscribe with them so i can get these email too!</Msg><Username>pepcharger</Username><Timestamp>1371832918535</Timestamp><DateTime>Fri, 2013-06-21 12:41:58 EDT</DateTime><ThumbUp>0</ThumbUp><ThumbDown>1</ThumbDown><Sentiment/></Message><Message type="ReplyMessage"><Id>1371833530854-147</Id><Topic><Title>sequester markets</Title><Username>juniorsclassmate1</Username><Timestamp>1371760221069</Timestamp><DateTime>Thu, 2013-06-20 16:30:21 EDT</DateTime></Topic><Msg>That's why I bought. Obama won't let it happen. It's nonsense, and Samsung makes some nice phones.</Msg><Username>artemiagrower</Username><Timestamp>1371833530854</Timestamp><DateTime>Fri, 2013-06-21 12:52:10 EDT</DateTime><ThumbUp>0</ThumbUp><ThumbDown>1</ThumbDown><Sentiment/></Message><Message type="ReplyMessage"><Id>1371833851469-148</Id><Topic><Title>sequester markets</Title><Username>juniorsclassmate1</Username><Timestamp>1371760221069</Timestamp><DateTime>Thu, 2013-06-20 16:30:21 EDT</DateTime></Topic><Msg>RSX up almost 2% Comrade Obama Markets!</Msg><Username>artemiagrower</Username><Timestamp>1371833851469</Timestamp><DateTime>Fri, 2013-06-21 12:57:31 EDT</DateTime><ThumbUp>0</ThumbUp><ThumbDown>1</ThumbDown><Sentiment/></Message><Message type="ReplyMessage"><Id>1371834264974-149</Id><Topic><Title>WOW Chambers was talking on CNBC and now all CSCO does is go lower.</Title><Username>coinmaker77</Username><Timestamp>1371828339536</Timestamp><DateTime>Fri, 2013-06-21 11:25:39 EDT</DateTime></Topic><Msg>CSCO is strong now, for a company that sells such overpriced junk. eom</Msg><Username>pn1409</Username><Timestamp>1371834264974</Timestamp><DateTime>Fri, 2013-06-21 13:04:24 EDT</DateTime><ThumbUp>1</ThumbUp><ThumbDown>1</ThumbDown><Sentiment/></Message><Message type="ReplyMessage"><Id>1371835113721-150</Id><Topic><Title>klna art - did you sell your kol?</Title><Username>juniorsclassmate1</Username><Timestamp>1371743284365</Timestamp><DateTime>Thu, 2013-06-20 11:48:04 EDT</DateTime></Topic><Msg>kangaroos, anyone?</Msg><Username>artemiagrower</Username><Timestamp>1371835113721</Timestamp><DateTime>Fri, 2013-06-21 13:18:33 EDT</DateTime><ThumbUp>0</ThumbUp><ThumbDown>1</ThumbDown><Sentiment/></Message><Message type="ReplyMessage"><Id>1371835220417-151</Id><Topic><Title>sequester markets</Title><Username>juniorsclassmate1</Username><Timestamp>1371760221069</Timestamp><DateTime>Thu, 2013-06-20 16:30:21 EDT</DateTime></Topic><Msg>Now 3%. Usually a good sign of a reversal.</Msg><Username>artemiagrower</Username><Timestamp>1371835220417</Timestamp><DateTime>Fri, 2013-06-21 13:20:20 EDT</DateTime><ThumbUp>0</ThumbUp><ThumbDown>1</ThumbDown><Sentiment/></Message><Message type="TopicMessage"><Id>1371836398649-152</Id><Title>what the heck is a VIX call anyway?</Title><Msg>can someone explain this !</Msg><Username>shorties_are_no_good</Username><Timestamp>1371836398649</Timestamp><DateTime>Fri, 2013-06-21 13:39:58 EDT</DateTime><ThumbUp>0</ThumbUp><ThumbDown>1</ThumbDown><Sentiment/></Message><Message type="ReplyMessage"><Id>1371837295040-153</Id><Topic><Title>what the heck is a VIX call anyway?</Title><Username>shorties_are_no_good</Username><Timestamp>1371836398649</Timestamp><DateTime>Fri, 2013-06-21 13:39:58 EDT</DateTime></Topic><Msg>Google has about 3 million webpages if you type it in. You can probably find all the info you need.</Msg><Username>artemiagrower</Username><Timestamp>1371837295040</Timestamp><DateTime>Fri, 2013-06-21 13:54:55 EDT</DateTime><ThumbUp>0</ThumbUp><ThumbDown>2</ThumbDown><Sentiment/></Message><Message type="ReplyMessage"><Id>1371838137031-154</Id><Topic><Title>FNMA is going to $2.00 !! bough 700k</Title><Username>jermyrank</Username><Timestamp>1371076651845</Timestamp><DateTime>Wed, 2013-06-12 18:37:31 EDT</DateTime></Topic><Msg>im signing up thanks man</Msg><Username>red_fr</Username><Timestamp>1371838137031</Timestamp><DateTime>Fri, 2013-06-21 14:08:57 EDT</DateTime><ThumbUp>0</ThumbUp><ThumbDown>1</ThumbDown><Sentiment/></Message><Message type="ReplyMessage"><Id>1371838371078-155</Id><Topic><Title>FNMA is going to $2.00 !! bough 700k</Title><Username>jermyrank</Username><Timestamp>1371076651845</Timestamp><DateTime>Wed, 2013-06-12 18:37:31 EDT</DateTime></Topic><Msg>it's at $1,81 now</Msg><Username>shorties_are_no_good</Username><Timestamp>1371838371078</Timestamp><DateTime>Fri, 2013-06-21 14:12:51 EDT</DateTime><ThumbUp>0</ThumbUp><ThumbDown>1</ThumbDown><Sentiment/></Message><Message type="ReplyMessage"><Id>1371838396518-156</Id><Topic><Title>После отпускания, Барака Обамы на Уолл-стрит банки и богатые ребята?</Title><Username>deadpainting</Username><Timestamp>1371825022010</Timestamp><DateTime>Fri, 2013-06-21 10:30:22 EDT</DateTime></Topic><Msg>Speak American! CSCO is an American company.</Msg><Username>pn1409</Username><Timestamp>1371838396518</Timestamp><DateTime>Fri, 2013-06-21 14:13:16 EDT</DateTime><ThumbUp>0</ThumbUp><ThumbDown>2</ThumbDown><Sentiment/></Message><Message type="TopicMessage"><Id>1371839189253-157</Id><Title>who is this Russian by the userid deadpainting ?</Title><Msg>we have commies on board?</Msg><Username>ubiquitous_board_troll</Username><Timestamp>1371839189253</Timestamp><DateTime>Fri, 2013-06-21 14:26:29 EDT</DateTime><ThumbUp>1</ThumbUp><ThumbDown>1</ThumbDown><Sentiment/></Message><Message type="ReplyMessage"><Id>1371840586063-158</Id><Topic><Title>После отпускания, Барака Обамы на Уолл-стрит банки и богатые ребята?</Title><Username>deadpainting</Username><Timestamp>1371825022010</Timestamp><DateTime>Fri, 2013-06-21 10:30:22 EDT</DateTime></Topic><Msg>I gots elementary proficiency in Russian.</Msg><Username>joseph.lederer</Username><Timestamp>1371840586063</Timestamp><DateTime>Fri, 2013-06-21 14:49:46 EDT</DateTime><ThumbUp>1</ThumbUp><ThumbDown>1</ThumbDown><Sentiment/></Message><Message type="ReplyMessage"><Id>1371840847635-159</Id><Topic><Title>После отпускания, Барака Обамы на Уолл-стрит банки и богатые ребята?</Title><Username>deadpainting</Username><Timestamp>1371825022010</Timestamp><DateTime>Fri, 2013-06-21 10:30:22 EDT</DateTime></Topic><Msg>translation: Obama on Wall Street banks and the rich guys? After release, Barak Obama on Wall Street banks and the rich guys? The middle class will get 2% tax .... Bush should not be</Msg><Username>mister_common_sense</Username><Timestamp>1371840847635</Timestamp><DateTime>Fri, 2013-06-21 14:54:07 EDT</DateTime><ThumbUp>0</ThumbUp><ThumbDown>2</ThumbDown><Sentiment/></Message><Message type="TopicMessage"><Id>1371840970836-160</Id><Title>Привет , я DEM, признает, что Обама действует не осмеливался подойти с его замечаниями против</Title><Msg>Привет , я DEM, признает, что Обама действует не осмеливался подойти с его замечаниями против католиков Вы расскажите мне, что нет других DEM здесь, может признать, что?</Msg><Username>mister_common_sense</Username><Timestamp>1371840970836</Timestamp><DateTime>Fri, 2013-06-21 14:56:10 EDT</DateTime><ThumbUp>1</ThumbUp><ThumbDown>1</ThumbDown><Sentiment/></Message><Message type="TopicMessage"><Id>1371842733827-161</Id><Title>You won't see me coming, Bagger</Title><Msg>By end of summer. You're mine. Ask around. I've dragged a number of you baggers to court. I'm goinna own your house. I relish it. End of summer.</Msg><Username>joseph.lederer</Username><Timestamp>1371842733827</Timestamp><DateTime>Fri, 2013-06-21 15:25:33 EDT</DateTime><ThumbUp>1</ThumbUp><ThumbDown>4</ThumbDown><Sentiment/></Message><Message type="TopicMessage"><Id>1371845831118-162</Id><Title>Sen. McConnell Realizes IRS Scandal Is Over--the Obama administration had nothing to do with it.</Title><Msg>Sen. McConnell Realizes IRS Scandal Is Over--the Obama administration had nothing to do with it. That was the conclusion of the inspector-general report and the House Oversight Committee’s own interviews, which showed it was a well-intentioned effort to enforce the law by a Republican IRS official.</Msg><Username>juniorsclassmate1</Username><Timestamp>1371845831118</Timestamp><DateTime>Fri, 2013-06-21 16:17:11 EDT</DateTime><ThumbUp>2</ThumbUp><ThumbDown>2</ThumbDown><Sentiment/></Message><Message type="TopicMessage"><Id>1371845842984-163</Id><Title>Market takes a beating</Title><Msg>Butt CSCO holds up "Oh-Tay" Gald I own it. You should buy it. ..did I mention that I love dividends????</Msg><Username>prabbit51</Username><Timestamp>1371845842984</Timestamp><DateTime>Fri, 2013-06-21 16:17:22 EDT</DateTime><ThumbUp>0</ThumbUp><ThumbDown>1</ThumbDown><Sentiment/></Message><Message type="TopicMessage"><Id>1371848569508-164</Id><Title>Our Fore Father already solved border problem</Title><Msg>RULE OF LAW, time for PLAN A, MASSIVE DEPORTATION and kill the ANCHOR BABY LAWS. Just imagine who MexiHole would react to 15-25 million illegals going back there in 1-5 years after coming here for the last 25-50 years.</Msg><Username>black911operator</Username><Timestamp>1371848569508</Timestamp><DateTime>Fri, 2013-06-21 17:02:49 EDT</DateTime><ThumbUp>1</ThumbUp><ThumbDown>1</ThumbDown><Sentiment/></Message><Message type="ReplyMessage"><Id>1371848624034-165</Id><Topic><Title>Our Fore Father already solved border problem</Title><Username>black911operator</Username><Timestamp>1371848569508</Timestamp><DateTime>Fri, 2013-06-21 17:02:49 EDT</DateTime></Topic><Msg>SWEET !!!</Msg><Username>black911operator</Username><Timestamp>1371848624034</Timestamp><DateTime>Fri, 2013-06-21 17:03:44 EDT</DateTime><ThumbUp>0</ThumbUp><ThumbDown>1</ThumbDown><Sentiment/></Message><Message type="TopicMessage"><Id>1371848755289-166</Id><Title>Puala Dean to the front of Bus... rosa parks back to back of the bus....</Title><Msg>Ha ha !</Msg><Username>black911operator</Username><Timestamp>1371848755289</Timestamp><DateTime>Fri, 2013-06-21 17:05:55 EDT</DateTime><ThumbUp>2</ThumbUp><ThumbDown>1</ThumbDown><Sentiment/></Message><Message type="ReplyMessage"><Id>1371848844293-167</Id><Topic><Title>Sen. McConnell Realizes IRS Scandal Is Over--the Obama administration had nothing to do with it.</Title><Username>juniorsclassmate1</Username><Timestamp>1371845831118</Timestamp><DateTime>Fri, 2013-06-21 16:17:11 EDT</DateTime></Topic><Msg>Elijah Cummings said so is the Syrian civil war, and Assad won !!!</Msg><Username>black911operator</Username><Timestamp>1371848844293</Timestamp><DateTime>Fri, 2013-06-21 17:07:24 EDT</DateTime><ThumbUp>2</ThumbUp><ThumbDown>1</ThumbDown><Sentiment/></Message><Message type="ReplyMessage"><Id>1371849583907-168</Id><Topic><Title>Sen. McConnell Realizes IRS Scandal Is Over--the Obama administration had nothing to do with it.</Title><Username>juniorsclassmate1</Username><Timestamp>1371845831118</Timestamp><DateTime>Fri, 2013-06-21 16:17:11 EDT</DateTime></Topic><Msg>McConnell says it wasn't the White house it was the Unions, LOL IRS agents were taking cues from union leaders when they decided to target the Tea Party, Senate Minority Leader Mitch McConnell charged on Friday. "When the head of the union that represents unionized IRS workers publicly vilifies the Tea Party, is it any wonder that members of her union would get caught targeting them?" the Kentucky Republican said in a speech at the American Enterprise Institute, a conservative think tank. Let's see mitch the tea party publicly vilifies the Government workers, is it any wonder that the Government worker would publicly vilify the Tea Party? Problem with the tea billies is their extremism. They don't say there are to many Government workers, we need Government workers but not this many they say we should have no Government workers at all.</Msg><Username>dumb.ivan</Username><Timestamp>1371849583907</Timestamp><DateTime>Fri, 2013-06-21 17:19:43 EDT</DateTime><ThumbUp>1</ThumbUp><ThumbDown>2</ThumbDown><Sentiment/></Message><Message type="ReplyMessage"><Id>1371850086150-169</Id><Topic><Title>You won't see me coming, Bagger</Title><Username>joseph.lederer</Username><Timestamp>1371842733827</Timestamp><DateTime>Fri, 2013-06-21 15:25:33 EDT</DateTime></Topic><Msg>Wow, my local grocery store bagger isn't the greatest but taking her to court would seem extreme. You really take your shopping experience seriously...</Msg><Username>libs_r_a_plague</Username><Timestamp>1371850086150</Timestamp><DateTime>Fri, 2013-06-21 17:28:06 EDT</DateTime><ThumbUp>1</ThumbUp><ThumbDown>1</ThumbDown><Sentiment/></Message><Message type="ReplyMessage"><Id>1371852404316-170</Id><Topic><Title>Sen. McConnell Realizes IRS Scandal Is Over--the Obama administration had nothing to do with it.</Title><Username>juniorsclassmate1</Username><Timestamp>1371845831118</Timestamp><DateTime>Fri, 2013-06-21 16:17:11 EDT</DateTime></Topic><Msg>how long until the wetbrains realize this?</Msg><Username>juniorsclassmate1</Username><Timestamp>1371852404316</Timestamp><DateTime>Fri, 2013-06-21 18:06:44 EDT</DateTime><ThumbUp>1</ThumbUp><ThumbDown>2</ThumbDown><Sentiment/></Message><Message type="TopicMessage"><Id>1371852502540-171</Id><Title>Boehner is the most incompetent Speaker in history</Title><Msg>Nincompoop...total loser..any way you slice it. Everyone knows it. Pukes want to #$%$ all over the country until it is so bad, they think the confederacy can be redone. It is incomprehensible logic.</Msg><Username>the_verk_knows</Username><Timestamp>1371852502540</Timestamp><DateTime>Fri, 2013-06-21 18:08:22 EDT</DateTime><ThumbUp>2</ThumbUp><ThumbDown>4</ThumbDown><Sentiment/></Message><Message type="ReplyMessage"><Id>1371852733853-172</Id><Topic><Title>Boehner is the most incompetent Speaker in history</Title><Username>the_verk_knows</Username><Timestamp>1371852502540</Timestamp><DateTime>Fri, 2013-06-21 18:08:22 EDT</DateTime></Topic><Msg>These Judges Meet In A Windowless Room To Decide Who The US Can Spy On. 10 Republican and a 1 Democratic judge make the decisions on surveillance.</Msg><Username>juniorsclassmate1</Username><Timestamp>1371852733853</Timestamp><DateTime>Fri, 2013-06-21 18:12:13 EDT</DateTime><ThumbUp>1</ThumbUp><ThumbDown>3</ThumbDown><Sentiment/></Message><Message type="ReplyMessage"><Id>1371852745182-173</Id><Topic><Title>Boehner is the most incompetent Speaker in history</Title><Username>the_verk_knows</Username><Timestamp>1371852502540</Timestamp><DateTime>Fri, 2013-06-21 18:08:22 EDT</DateTime></Topic><Msg>amateur hour!!! no kidding... incompetent LOSER!!!</Msg><Username>the_verk_knows</Username><Timestamp>1371852745182</Timestamp><DateTime>Fri, 2013-06-21 18:12:25 EDT</DateTime><ThumbUp>1</ThumbUp><ThumbDown>2</ThumbDown><Sentiment/></Message><Message type="TopicMessage"><Id>1371852791525-174</Id><Title>Obammy and his $3,300/night Dublin Ireland hotel suite...</Title><Msg>LONG LIVE HIS MAJESTY, KING HUSSEIN!!</Msg><Username>libs_r_a_plague</Username><Timestamp>1371852791525</Timestamp><DateTime>Fri, 2013-06-21 18:13:11 EDT</DateTime><ThumbUp>2</ThumbUp><ThumbDown>2</ThumbDown><Sentiment/></Message><Message type="TopicMessage"><Id>1371852991643-175</Id><Title>Immigration bill says "NO GREEN" cards till this, this and that... ??? Looks like our politicians and mexicans</Title><Msg>think your STUPID... It's a BORDER WAR like National geographic says it is. McLame, send 20,000 TROOPS NOW, not 20,000 border guards later... You can expect border surge now !</Msg><Username>black911operator</Username><Timestamp>1371852991643</Timestamp><DateTime>Fri, 2013-06-21 18:16:31 EDT</DateTime><ThumbUp>1</ThumbUp><ThumbDown>1</ThumbDown><Sentiment/></Message><Message type="TopicMessage"><Id>1371853000601-176</Id><Title>ODisasterCare to HUGE negative impact on jobs market...</Title><Msg>Yipeee! Life is indeed sweet under Obammy!!!</Msg><Username>libs_r_a_plague</Username><Timestamp>1371853000601</Timestamp><DateTime>Fri, 2013-06-21 18:16:40 EDT</DateTime><ThumbUp>2</ThumbUp><ThumbDown>3</ThumbDown><Sentiment/></Message><Message type="TopicMessage"><Id>1371853722642-177</Id><Title>Bammy sounding angrier and more defensive...</Title><Msg>each and every day. Wonder if Dems are as proud of this Affirmative Action experiment as they were 4 years ago. A real stinker of a failure....</Msg><Username>libs_r_a_plague</Username><Timestamp>1371853722642</Timestamp><DateTime>Fri, 2013-06-21 18:28:42 EDT</DateTime><ThumbUp>2</ThumbUp><ThumbDown>2</ThumbDown><Sentiment/></Message><Message type="ReplyMessage"><Id>1371854108014-178</Id><Topic><Title>Bammy sounding angrier and more defensive...</Title><Username>libs_r_a_plague</Username><Timestamp>1371853722642</Timestamp><DateTime>Fri, 2013-06-21 18:28:42 EDT</DateTime></Topic><Msg>you have a nice weekend full of hate and ignorance teahick you deserve to be miserable</Msg><Username>juniorsclassmate1</Username><Timestamp>1371854108014</Timestamp><DateTime>Fri, 2013-06-21 18:35:08 EDT</DateTime><ThumbUp>2</ThumbUp><ThumbDown>3</ThumbDown><Sentiment/></Message><Message type="ReplyMessage"><Id>1371856504721-179</Id><Topic><Title>Sen. McConnell Realizes IRS Scandal Is Over--the Obama administration had nothing to do with it.</Title><Username>juniorsclassmate1</Username><Timestamp>1371845831118</Timestamp><DateTime>Fri, 2013-06-21 16:17:11 EDT</DateTime></Topic><Msg>"The Republican leader said federal worker unions are a 50-year mistake that has led to the fleecing of taxpayers" O Tay, it wasn't the craps. It was their only supporters who actually have jobs.</Msg><Username>artemiagrower</Username><Timestamp>1371856504721</Timestamp><DateTime>Fri, 2013-06-21 19:15:04 EDT</DateTime><ThumbUp>0</ThumbUp><ThumbDown>2</ThumbDown><Sentiment/></Message><Message type="TopicMessage"><Id>1371856805882-180</Id><Title>Does McConnell know where they buried Hoffa, or why?</Title><Msg>"Why would we even expect a public employee — whose union more or less exists to grow the government — to treat someone who opposes that goal to a fair hearing?" McConnell said. He called for a "serious national debate" about the unions, arguing that their existence is a big part of why there is so little trust in government. "They are the reason so many state and local municipalities are flat broke," he said. "They’re behind the unsustainable expansion of public pensions. They’re a major problem."</Msg><Username>artemiagrower</Username><Timestamp>1371856805882</Timestamp><DateTime>Fri, 2013-06-21 19:20:05 EDT</DateTime><ThumbUp>0</ThumbUp><ThumbDown>1</ThumbDown><Sentiment/></Message><Message type="TopicMessage"><Id>1371856848253-181</Id><Title>Ivan is a RAGING alcoholic TEABAGGER</Title><Msg>he dislikes being called a teabagger, but that is what he is. Racist teabagger. Plus, terrible personal problem of organ shutdown due to chronic alcoholism.</Msg><Username>the_verk_knows</Username><Timestamp>1371856848253</Timestamp><DateTime>Fri, 2013-06-21 19:20:48 EDT</DateTime><ThumbUp>1</ThumbUp><ThumbDown>2</ThumbDown><Sentiment/></Message><Message type="ReplyMessage"><Id>1371856902674-182</Id><Topic><Title>Sen. McConnell Realizes IRS Scandal Is Over--the Obama administration had nothing to do with it.</Title><Username>juniorsclassmate1</Username><Timestamp>1371845831118</Timestamp><DateTime>Fri, 2013-06-21 16:17:11 EDT</DateTime></Topic><Msg>sophistry art</Msg><Username>juniorsclassmate1</Username><Timestamp>1371856902674</Timestamp><DateTime>Fri, 2013-06-21 19:21:42 EDT</DateTime><ThumbUp>1</ThumbUp><ThumbDown>2</ThumbDown><Sentiment/></Message><Message type="ReplyMessage"><Id>1371857082132-183</Id><Topic><Title>Sen. McConnell Realizes IRS Scandal Is Over--the Obama administration had nothing to do with it.</Title><Username>juniorsclassmate1</Username><Timestamp>1371845831118</Timestamp><DateTime>Fri, 2013-06-21 16:17:11 EDT</DateTime></Topic><Msg>Are you saying Obama isn't in bed with the unions? Didn't he personally send 2000 Chicago mob guys to protest Gov. Walker in Wisconsin?</Msg><Username>artemiagrower</Username><Timestamp>1371857082132</Timestamp><DateTime>Fri, 2013-06-21 19:24:42 EDT</DateTime><ThumbUp>1</ThumbUp><ThumbDown>1</ThumbDown><Sentiment/></Message><Message type="ReplyMessage"><Id>1371857337316-184</Id><Topic><Title>Ivan is a RAGING alcoholic TEABAGGER</Title><Username>the_verk_knows</Username><Timestamp>1371856848253</Timestamp><DateTime>Fri, 2013-06-21 19:20:48 EDT</DateTime></Topic><Msg>He's just a troll, and he loves the attention. He has mental problems like Junior and yourself.</Msg><Username>artemiagrower</Username><Timestamp>1371857337316</Timestamp><DateTime>Fri, 2013-06-21 19:28:57 EDT</DateTime><ThumbUp>1</ThumbUp><ThumbDown>3</ThumbDown><Sentiment/></Message><Message type="TopicMessage"><Id>1371858466831-185</Id><Title>WHY ARE REPUBLICANS RACING TO GIVE ILLEGAL ALIENS AMNESTY? WHY IS IT URGENT??</Title><Msg>WHY ARE REPUBLICANS RACING TO GIVE ILLEGAL ALIENS AMNESTY? WHY IS IT URGENT?? ILLEGAL ALIENS CAN WAIT UNTIL HELL FREEZES OVER. Rewarding illegal aliens for their criminal activity isn't even on most republican voters priority list. Fk illegals.</Msg><Username>fat_womans_cellulite</Username><Timestamp>1371858466831</Timestamp><DateTime>Fri, 2013-06-21 19:47:46 EDT</DateTime><ThumbUp>15</ThumbUp><ThumbDown>1</ThumbDown><Sentiment/></Message><Message type="ReplyMessage"><Id>1371859171567-186</Id><Topic><Title>Ivan is a RAGING alcoholic TEABAGGER</Title><Username>the_verk_knows</Username><Timestamp>1371856848253</Timestamp><DateTime>Fri, 2013-06-21 19:20:48 EDT</DateTime></Topic><Msg>art isnt a alcoholic, they go to meetings art is just a drunk</Msg><Username>juniorsclassmate1</Username><Timestamp>1371859171567</Timestamp><DateTime>Fri, 2013-06-21 19:59:31 EDT</DateTime><ThumbUp>2</ThumbUp><ThumbDown>3</ThumbDown><Sentiment/></Message><Message type="ReplyMessage"><Id>1371859378677-187</Id><Topic><Title>Sen. McConnell Realizes IRS Scandal Is Over--the Obama administration had nothing to do with it.</Title><Username>juniorsclassmate1</Username><Timestamp>1371845831118</Timestamp><DateTime>Fri, 2013-06-21 16:17:11 EDT</DateTime></Topic><Msg>im saying you are nuttier than a fruitcake</Msg><Username>juniorsclassmate1</Username><Timestamp>1371859378677</Timestamp><DateTime>Fri, 2013-06-21 20:02:58 EDT</DateTime><ThumbUp>0</ThumbUp><ThumbDown>2</ThumbDown><Sentiment/></Message><Message type="TopicMessage"><Id>1371859406210-188</Id><Title>funny watching the tea billie gun nuts shoot each other.</Title><Msg>(GREENVILLE, N.C.) — Police in North Carolina say a man armed with a shotgun wounded one person at a law firm, then crossed a busy street and shot three more people in a Wal-Mart parking lot before officers subdued him. Authorities say after the shooting at Kellum Law Firm, the gunman crossed five lanes of traffic in a busy business area and ran to the store parking lot, where he began shooting. Greenville Police Chief Hassan Aden says officers confronted the suspect and shot him after he fired at them.</Msg><Username>dumb.ivan</Username><Timestamp>1371859406210</Timestamp><DateTime>Fri, 2013-06-21 20:03:26 EDT</DateTime><ThumbUp>3</ThumbUp><ThumbDown>1</ThumbDown><Sentiment/></Message><Message type="ReplyMessage"><Id>1371859618281-189</Id><Topic><Title>Boehner is the most incompetent Speaker in history</Title><Username>the_verk_knows</Username><Timestamp>1371852502540</Timestamp><DateTime>Fri, 2013-06-21 18:08:22 EDT</DateTime></Topic><Msg>Boehner is OK, but he is trying to lead a bunch of Tea-Party-F*acist that what to destroy Obama and the government. That is impossible.</Msg><Username>lws2000</Username><Timestamp>1371859618281</Timestamp><DateTime>Fri, 2013-06-21 20:06:58 EDT</DateTime><ThumbUp>1</ThumbUp><ThumbDown>4</ThumbDown><Sentiment/></Message><Message type="ReplyMessage"><Id>1371859794380-190</Id><Topic><Title>Our Fore Father already solved border problem</Title><Username>black911operator</Username><Timestamp>1371848569508</Timestamp><DateTime>Fri, 2013-06-21 17:02:49 EDT</DateTime></Topic><Msg>I disagree with you. The forefathers had no income tax. If they wanted money to build a road they had to ask people with money to contribute. If there were no income tax how many working people do you think would give their hard earned cash to feed illegal alien welfare parasites for life?? Answer: Zero the working people would say fk foreigners who come here to mooch off of us.</Msg><Username>pork_chop_mustafa</Username><Timestamp>1371859794380</Timestamp><DateTime>Fri, 2013-06-21 20:09:54 EDT</DateTime><ThumbUp>3</ThumbUp><ThumbDown>1</ThumbDown><Sentiment/></Message><Message type="ReplyMessage"><Id>1371859913418-191</Id><Topic><Title>Our Fore Father already solved border problem</Title><Username>black911operator</Username><Timestamp>1371848569508</Timestamp><DateTime>Fri, 2013-06-21 17:02:49 EDT</DateTime></Topic><Msg>Mexico does not give a @#$%! about their people. If all the illegals from USA were forced back to Mexico the Mexican goverment would simply let them starve to death and if they complained the Mexican goverment would simply gun them down and problem solved.</Msg><Username>fat_womans_cellulite</Username><Timestamp>1371859913418</Timestamp><DateTime>Fri, 2013-06-21 20:11:53 EDT</DateTime><ThumbUp>3</ThumbUp><ThumbDown>1</ThumbDown><Sentiment/></Message><Message type="ReplyMessage"><Id>1371867854433-192</Id><Topic><Title>WHY ARE REPUBLICANS RACING TO GIVE ILLEGAL ALIENS AMNESTY? WHY IS IT URGENT??</Title><Username>fat_womans_cellulite</Username><Timestamp>1371858466831</Timestamp><DateTime>Fri, 2013-06-21 19:47:46 EDT</DateTime></Topic><Msg>Because GOP leadership is obviously corrupt, dishonest and stupid. Somehow they think that millions of unskilled, uneducated, destitute amnestied illegals are gonna vote GOP when in fact 99% of the amnestied illegals who vote will vote Democrat because they will eventually wind up on the welfare rolls permanently and be a burden on all taxpayers for their lifetime and the lifetime of their offspring as well. I certainly won't vote for GOP if they cram this amnesty monstrosity through congress to meet Obama's deadline. GOP should be punished for betraying repubilcan voters.</Msg><Username>unions_r_criminal_gangs</Username><Timestamp>1371867854433</Timestamp><DateTime>Fri, 2013-06-21 22:24:14 EDT</DateTime><ThumbUp>13</ThumbUp><ThumbDown>1</ThumbDown><Sentiment/></Message><Message type="ReplyMessage"><Id>1371870452820-193</Id><Topic><Title>Привет , я DEM, признает, что Обама действует не осмеливался подойти с его замечаниями против</Title><Username>mister_common_sense</Username><Timestamp>1371840970836</Timestamp><DateTime>Fri, 2013-06-21 14:56:10 EDT</DateTime></Topic><Msg>and in English, for those Democrats among you less gifted than Walter...here's what this guy said... "Democrats is #$%$-ola peoples. Democrats is peoples who should be eaten by Siberian tigers, but the tigers mights to get sick, so what not just mulches them? (he actually did say 'mulches them') And then he adds, the last sentence, with a question mark, ?....it says..... "In mother Russia, we would move all Democrats to Chechnya and crush them beneath steel shoes of our tanks and then blow them to smithereens" (the Russian equivalent of the word.."smithereens" is (not in Cyrillic, but in the Roman alphabet..) (the Russian equivalent would be 'dashtov-skeedle-boom', I know it sounds a bit more Romanian than Russian even almost a bit of Croatian meaning there, but there you have it!)</Msg><Username>walterbyrdman11</Username><Timestamp>1371870452820</Timestamp><DateTime>Fri, 2013-06-21 23:07:32 EDT</DateTime><ThumbUp>2</ThumbUp><ThumbDown>1</ThumbDown><Sentiment/></Message><Message type="TopicMessage"><Id>1371872943369-194</Id><Title>Obama has brought politics to an all time low. Chicago politics getting everybody to fight with each other instead</Title><Msg>of agreeing to do what is good for America. We all know he is dirty, liberals now make excuses for the thug when the future of the nation is at hand, but supporting this thug is more important to them</Msg><Username>gregjanetommax</Username><Timestamp>1371872943369</Timestamp><DateTime>Fri, 2013-06-21 23:49:03 EDT</DateTime><ThumbUp>5</ThumbUp><ThumbDown>5</ThumbDown><Sentiment/></Message></Date>