<?xml version="1.0" encoding="UTF-8" standalone="no"?><Date date="2013-04-09"><Message type="ReplyMessage"><Id>1365482751879-1</Id><Topic><Title>HOW MANY OBAMA VOTERS KILLED THEIR BABY IN A CLINIC TODAY?</Title><Username>juniorclassmate</Username><Timestamp>1365449060120</Timestamp><DateTime>Mon, 2013-04-08 15:24:20 EDT</DateTime></Topic><Msg>Hey fss13, the Bible says "the fool has said in his heart that there is no God". Guess what that makes you! Several states have or ARE in the process of drafting laws that state, (LISTEN real close now!)" that life begins at conception" because they believe the Roe V Wade decision by several dufusses wearing robes in 1973 GOT IT WRONG! Clearly it's you and people like you that have GOO for brains! The times they are a changin you fossil!</Msg><Username>juniorclassmate</Username><Timestamp>1365482751879</Timestamp><DateTime>Tue, 2013-04-09 00:45:51 EDT</DateTime><ThumbUp>2</ThumbUp><ThumbDown>1</ThumbDown><Sentiment/></Message><Message type="ReplyMessage"><Id>1365483012322-2</Id><Topic><Title>YAHOO LOSERS BLOCKING POSTS AGAIN</Title><Username>juniorclassmate</Username><Timestamp>1365452113974</Timestamp><DateTime>Mon, 2013-04-08 16:15:13 EDT</DateTime></Topic><Msg>Hey dumb, you better say a "prayer" for God while you're at it then because HE REPEATEDLY condemns homosexual behavior in the Bible! He destroyed an entire city named "Sodom" in Genesis because of those perverted activities. Or do you say your "prayers" to the devil?</Msg><Username>juniorclassmate</Username><Timestamp>1365483012322</Timestamp><DateTime>Tue, 2013-04-09 00:50:12 EDT</DateTime><ThumbUp>1</ThumbUp><ThumbDown>1</ThumbDown><Sentiment/></Message><Message type="TopicMessage"><Id>1365484170729-3</Id><Title>RICH DEMOCRAT TAX CHEATS THINK ITS UNAMERICAN 4 RICH DEMOCRATS TO PAY TAXES</Title><Msg>Rich democrat tax cheats think its unamerican 4 rich democrats to pay taxes</Msg><Username>barack_the_kenyan_zombie</Username><Timestamp>1365484170729</Timestamp><DateTime>Tue, 2013-04-09 01:09:30 EDT</DateTime><ThumbUp>6</ThumbUp><ThumbDown>1</ThumbDown><Sentiment/></Message><Message type="ReplyMessage"><Id>1365487566515-4</Id><Topic><Title>No doubt about it!</Title><Username>chillywilley830</Username><Timestamp>1365478023557</Timestamp><DateTime>Mon, 2013-04-08 23:27:03 EDT</DateTime></Topic><Msg>That's cab drivers yo!</Msg><Username>chillywilley830</Username><Timestamp>1365487566515</Timestamp><DateTime>Tue, 2013-04-09 02:06:06 EDT</DateTime><ThumbUp>0</ThumbUp><ThumbDown>2</ThumbDown><Sentiment/></Message><Message type="ReplyMessage"><Id>1365504204402-5</Id><Topic><Title>Liberals so sorry but Why Hillary Clinton will never be President. ________ EVER! _______________!!!!</Title><Username>maxwizard688</Username><Timestamp>1365502819667</Timestamp><DateTime>Tue, 2013-04-09 06:20:19 EDT</DateTime></Topic><Msg>She to old to ever get elected again. Period. Plus who would trust Bill again in the White House amoung those young female staffers.</Msg><Username>vensh_u_to</Username><Timestamp>1365504204402</Timestamp><DateTime>Tue, 2013-04-09 06:43:24 EDT</DateTime><ThumbUp>2</ThumbUp><ThumbDown>2</ThumbDown><Sentiment/></Message><Message type="ReplyMessage"><Id>1365504291621-6</Id><Topic><Title>Our US Socialist President could learn from the late Margaret Thatcher</Title><Username>maxwizard688</Username><Timestamp>1365503065640</Timestamp><DateTime>Tue, 2013-04-09 06:24:25 EDT</DateTime></Topic><Msg>Obama soon will have the USA Bankrupt with a National Debt now over $17 Trillion dollars. Ouch!</Msg><Username>vensh_u_to</Username><Timestamp>1365504291621</Timestamp><DateTime>Tue, 2013-04-09 06:44:51 EDT</DateTime><ThumbUp>3</ThumbUp><ThumbDown>2</ThumbDown><Sentiment/></Message><Message type="ReplyMessage"><Id>1365504393865-7</Id><Topic><Title>HOW MANY OBAMA VOTERS KILLED THEIR BABY IN A CLINIC TODAY?</Title><Username>juniorclassmate</Username><Timestamp>1365449060120</Timestamp><DateTime>Mon, 2013-04-08 15:24:20 EDT</DateTime></Topic><Msg>God knows and he loves all of them. Hell will be full of anyone who kills these helpless little ones.</Msg><Username>vensh_u_to</Username><Timestamp>1365504393865</Timestamp><DateTime>Tue, 2013-04-09 06:46:33 EDT</DateTime><ThumbUp>1</ThumbUp><ThumbDown>2</ThumbDown><Sentiment/></Message><Message type="TopicMessage"><Id>1365507425049-8</Id><Title>Remember President Obama that honesty is the best policy. Benjamin Franklin</Title><Msg>Remember President Obama that honesty is the best policy. Benjamin Franklin</Msg><Username>drstone3</Username><Timestamp>1365507425049</Timestamp><DateTime>Tue, 2013-04-09 07:37:05 EDT</DateTime><ThumbUp>1</ThumbUp><ThumbDown>1</ThumbDown><Sentiment/></Message><Message type="ReplyMessage"><Id>1365507544779-9</Id><Topic><Title>Even the Democrats Rasmussen poll says that Obama has a favorable rating of 46 % now at new Low.</Title><Username>maxwizard688</Username><Timestamp>1365502962944</Timestamp><DateTime>Tue, 2013-04-09 06:22:42 EDT</DateTime></Topic><Msg>Max Obama approval has fallen lower as of today. Timber!</Msg><Username>drstone3</Username><Timestamp>1365507544779</Timestamp><DateTime>Tue, 2013-04-09 07:39:04 EDT</DateTime><ThumbUp>2</ThumbUp><ThumbDown>1</ThumbDown><Sentiment/></Message><Message type="ReplyMessage"><Id>1365507856023-10</Id><Topic><Title>Liberals so sorry but Why Hillary Clinton will never be President. ________ EVER! _______________!!!!</Title><Username>maxwizard688</Username><Timestamp>1365502819667</Timestamp><DateTime>Tue, 2013-04-09 06:20:19 EDT</DateTime></Topic><Msg>Don't forget he fall and closed head injury, you know the one that got her out of testifying about Benghazi? Having closed head injury will keep her out of the race.</Msg><Username>captgail4444444</Username><Timestamp>1365507856023</Timestamp><DateTime>Tue, 2013-04-09 07:44:16 EDT</DateTime><ThumbUp>1</ThumbUp><ThumbDown>2</ThumbDown><Sentiment/></Message><Message type="ReplyMessage"><Id>1365508595715-11</Id><Topic><Title>prospect of higher interest rates would help home sales</Title><Username>pn1409</Username><Timestamp>1365431321822</Timestamp><DateTime>Mon, 2013-04-08 10:28:41 EDT</DateTime></Topic><Msg>That's the problem. Current Fed policy has no graceful exit. This is why the stock and bond markets will crash in a series of flash crashes.</Msg><Username>pn1409</Username><Timestamp>1365508595715</Timestamp><DateTime>Tue, 2013-04-09 07:56:35 EDT</DateTime><ThumbUp>0</ThumbUp><ThumbDown>1</ThumbDown><Sentiment/></Message><Message type="ReplyMessage"><Id>1365510210231-12</Id><Topic><Title>Even the Democrats Rasmussen poll says that Obama has a favorable rating of 46 % now at new Low.</Title><Username>maxwizard688</Username><Timestamp>1365502962944</Timestamp><DateTime>Tue, 2013-04-09 06:22:42 EDT</DateTime></Topic><Msg>Same thing happened to Bush after about year 6. His ratings plunged, also.</Msg><Username>pn1409</Username><Timestamp>1365510210231</Timestamp><DateTime>Tue, 2013-04-09 08:23:30 EDT</DateTime><ThumbUp>0</ThumbUp><ThumbDown>2</ThumbDown><Sentiment/></Message><Message type="TopicMessage"><Id>1365510388280-13</Id><Title>Western economies will never recover due to cheap Asain labor</Title><Msg>All the trouble related to high unemployment is the result of the last 20 years of moving capital (factories) to Asia for the cheap labor. Then selling the output back to the home market as if that market still had the employment/income needed to absorb that output. This is new to capitalism.</Msg><Username>pn1409</Username><Timestamp>1365510388280</Timestamp><DateTime>Tue, 2013-04-09 08:26:28 EDT</DateTime><ThumbUp>0</ThumbUp><ThumbDown>1</ThumbDown><Sentiment/></Message><Message type="TopicMessage"><Id>1365510421572-14</Id><Title>Mr. Obama’s salary cut doesn’t help federal workers</Title><Msg>Mr. Obama’s salary cut doesn’t help federal workers President Obama’s decision to give up 5 percent of his salary for the rest of the fiscal year [“Obama to take pay cut to draw attention to plight of federal workers facing furloughs,” news story, April 4], in some supposed effort to show solidarity with the hundreds of thousands of federal employees who are being furloughed without pay, is wrong-headed and insulting. Mr. Obama has presided over budgets that have frozen federal employees’ salaries for three straight years, shifted massive retirement costs onto the backs of employees and could continue employee furloughs for the next decade. He is dangling the prospect of Social Security benefit cuts in front of his political adversaries, once again trying to appease them by sacrificing the well-being of working people. Mr. Obama should not drag himself down as he drags down the living standards of other federal employees. Instead, he should be trying to lift all of us up. Solidarity is not about impoverishing the 99 percent so that the 1 percent and big corporations can continue to avoid paying the proper amount in taxes. Solidarity is about adhering to principles about shared prosperity, about working to improve, not worsen, our economic security.</Msg><Username>maxxedmaxishield</Username><Timestamp>1365510421572</Timestamp><DateTime>Tue, 2013-04-09 08:27:01 EDT</DateTime><ThumbUp>0</ThumbUp><ThumbDown>3</ThumbDown><Sentiment/></Message><Message type="ReplyMessage"><Id>1365511667316-15</Id><Topic><Title>Mr. Obama’s salary cut doesn’t help federal workers</Title><Username>maxxedmaxishield</Username><Timestamp>1365510421572</Timestamp><DateTime>Tue, 2013-04-09 08:27:01 EDT</DateTime></Topic><Msg>and what does that have to do with Federal Workers?</Msg><Username>maxxedmaxishield</Username><Timestamp>1365511667316</Timestamp><DateTime>Tue, 2013-04-09 08:47:47 EDT</DateTime><ThumbUp>1</ThumbUp><ThumbDown>3</ThumbDown><Sentiment/></Message><Message type="ReplyMessage"><Id>1365513090906-16</Id><Topic><Title>Cisco Systems, Inc. UPDATED CHARTS!</Title><Username>se27monique</Username><Timestamp>1359385580087</Timestamp><DateTime>Mon, 2013-01-28 10:06:20 EST</DateTime></Topic><Msg>Thank you and please keep it coming.</Msg><Username>kosmograafbeatrice</Username><Timestamp>1365513090906</Timestamp><DateTime>Tue, 2013-04-09 09:11:30 EDT</DateTime><ThumbUp>0</ThumbUp><ThumbDown>2</ThumbDown><Sentiment>Buy</Sentiment></Message><Message type="ReplyMessage"><Id>1365513186846-17</Id><Topic><Title>Mr. Obama’s salary cut doesn’t help federal workers</Title><Username>maxxedmaxishield</Username><Timestamp>1365510421572</Timestamp><DateTime>Tue, 2013-04-09 08:27:01 EDT</DateTime></Topic><Msg>so the choice is bad and worse! I see !</Msg><Username>maxxedmaxishield</Username><Timestamp>1365513186846</Timestamp><DateTime>Tue, 2013-04-09 09:13:06 EDT</DateTime><ThumbUp>0</ThumbUp><ThumbDown>3</ThumbDown><Sentiment/></Message><Message type="ReplyMessage"><Id>1365514566820-18</Id><Topic><Title>Western economies will never recover due to cheap Asain labor</Title><Username>pn1409</Username><Timestamp>1365510388280</Timestamp><DateTime>Tue, 2013-04-09 08:26:28 EDT</DateTime></Topic><Msg>Good points. The major flaw in this corporate greed policy is that by shipping all those factories to allow Asian children to perform the sweat shop labor, they, in turn, cause massive unemployment deminishing the buying power of the very nation that has historically been the greatest consumer. Now there is near zero demand for the Chinese junk and corporates only answer to lack of sales is that "taxes are too high"</Msg><Username>dumpbernanke</Username><Timestamp>1365514566820</Timestamp><DateTime>Tue, 2013-04-09 09:36:06 EDT</DateTime><ThumbUp>2</ThumbUp><ThumbDown>1</ThumbDown><Sentiment/></Message><Message type="ReplyMessage"><Id>1365516374793-19</Id><Topic><Title>Mr. Obama’s salary cut doesn’t help federal workers</Title><Username>maxxedmaxishield</Username><Timestamp>1365510421572</Timestamp><DateTime>Tue, 2013-04-09 08:27:01 EDT</DateTime></Topic><Msg>Mr. Obama’s salary cut doesn’t help federal workers That's PRESIDENT Obama to you Zippy,and he's a GREAT one.</Msg><Username>alsmith581</Username><Timestamp>1365516374793</Timestamp><DateTime>Tue, 2013-04-09 10:06:14 EDT</DateTime><ThumbUp>1</ThumbUp><ThumbDown>2</ThumbDown><Sentiment/></Message><Message type="ReplyMessage"><Id>1365516511980-20</Id><Topic><Title>Mr. Obama’s salary cut doesn’t help federal workers</Title><Username>maxxedmaxishield</Username><Timestamp>1365510421572</Timestamp><DateTime>Tue, 2013-04-09 08:27:01 EDT</DateTime></Topic><Msg>why does he hate federal workers?</Msg><Username>maxxedmaxishield</Username><Timestamp>1365516511980</Timestamp><DateTime>Tue, 2013-04-09 10:08:31 EDT</DateTime><ThumbUp>0</ThumbUp><ThumbDown>2</ThumbDown><Sentiment/></Message><Message type="ReplyMessage"><Id>1365516750191-21</Id><Topic><Title>Western economies will never recover due to cheap Asain labor</Title><Username>pn1409</Username><Timestamp>1365510388280</Timestamp><DateTime>Tue, 2013-04-09 08:26:28 EDT</DateTime></Topic><Msg>An important point, but way way way too simplistic and not forward looking. China has an aging population, they may have aborted 300 million babies. They have 50 million more men than women between the ages of 15 and 35. The men smoke heavily. The nation is the most toxically polluted piece of real estate in the history of the world. Men, in China, are unable to work past the age of 54. China is running on fumes. Not only that, manufacturing is actually moving back to the United States to take advantage of what appears to be a VERY LONG TERM ABUNDANCE OF CHEAP ENERGY IN THE FORM OF NAT GAS (if the drooling, horridly dense and deranged Democrats do not SCREW THAT UP LIKE THEY SCREWED UP HEALTHCARE IN AMERICA)....yup, the world is changing...We just need to eliminate all Democratic influence. Those retrogressive troglodytes even support gay marriage, the death of a civilization. They, Democrats, are the most primitive people since the inhabitants of Sodom and Gomorrah...uh huh, America rises and Democrats are getting flushed...thanks for your viewpoint</Msg><Username>walterbyrdman11</Username><Timestamp>1365516750191</Timestamp><DateTime>Tue, 2013-04-09 10:12:30 EDT</DateTime><ThumbUp>0</ThumbUp><ThumbDown>1</ThumbDown><Sentiment/></Message><Message type="ReplyMessage"><Id>1365517562631-22</Id><Topic><Title>New independent source of information, moved since yesterday. It should read what they write about CSCO.</Title><Username>jeffrey_jones50</Username><Timestamp>1365004235377</Timestamp><DateTime>Wed, 2013-04-03 11:50:35 EDT</DateTime></Topic><Msg>I just joined!</Msg><Username>marywill79</Username><Timestamp>1365517562631</Timestamp><DateTime>Tue, 2013-04-09 10:26:02 EDT</DateTime><ThumbUp>1</ThumbUp><ThumbDown>1</ThumbDown><Sentiment/></Message><Message type="ReplyMessage"><Id>1365518134629-23</Id><Topic><Title>Obama is now ANTI-FEDERAL WORKER !!! MAGOO will leave the OBAMA cheerleader squad!</Title><Username>allnewmagoo6</Username><Timestamp>1365507107262</Timestamp><DateTime>Tue, 2013-04-09 07:31:47 EDT</DateTime></Topic><Msg>boy his story changed after he got all the votes. ROTFLOL.</Msg><Username>deadpainting</Username><Timestamp>1365518134629</Timestamp><DateTime>Tue, 2013-04-09 10:35:34 EDT</DateTime><ThumbUp>3</ThumbUp><ThumbDown>1</ThumbDown><Sentiment/></Message><Message type="ReplyMessage"><Id>1365518221141-24</Id><Topic><Title>HOW MANY OBAMA VOTERS KILLED THEIR BABY IN A CLINIC TODAY?</Title><Username>juniorclassmate</Username><Timestamp>1365449060120</Timestamp><DateTime>Mon, 2013-04-08 15:24:20 EDT</DateTime></Topic><Msg>liberals war on children. dont protect their right to life and burden them with debt.</Msg><Username>deadpainting</Username><Timestamp>1365518221141</Timestamp><DateTime>Tue, 2013-04-09 10:37:01 EDT</DateTime><ThumbUp>1</ThumbUp><ThumbDown>1</ThumbDown><Sentiment/></Message><Message type="ReplyMessage"><Id>1365518664158-25</Id><Topic><Title>Western economies will never recover due to cheap Asain labor</Title><Username>pn1409</Username><Timestamp>1365510388280</Timestamp><DateTime>Tue, 2013-04-09 08:26:28 EDT</DateTime></Topic><Msg>Looks like the only solution is to match them, everyone takes a mandatory 50% cut in salary and $/hr.</Msg><Username>gfo99</Username><Timestamp>1365518664158</Timestamp><DateTime>Tue, 2013-04-09 10:44:24 EDT</DateTime><ThumbUp>0</ThumbUp><ThumbDown>1</ThumbDown><Sentiment/></Message><Message type="TopicMessage"><Id>1365518675387-26</Id><Title>No Blue Angels This Year...</Title><Msg>Oh, OK. This way Bammy can have all the White House parties he wants. Wonder how open Justin Timberlake's calendar is...</Msg><Username>carrik.fergus</Username><Timestamp>1365518675387</Timestamp><DateTime>Tue, 2013-04-09 10:44:35 EDT</DateTime><ThumbUp>1</ThumbUp><ThumbDown>1</ThumbDown><Sentiment/></Message><Message type="ReplyMessage"><Id>1365518739055-27</Id><Topic><Title>Western economies will never recover due to cheap Asain labor</Title><Username>pn1409</Username><Timestamp>1365510388280</Timestamp><DateTime>Tue, 2013-04-09 08:26:28 EDT</DateTime></Topic><Msg>Walterbyrdman 11, what you say makes sense, especially about the Democrats. The 20 year experiment with moving capital (factories) to cheap labor nations will end badly for the companies if production costs (labor costs, mostly) decline in developed nations.</Msg><Username>pn1409</Username><Timestamp>1365518739055</Timestamp><DateTime>Tue, 2013-04-09 10:45:39 EDT</DateTime><ThumbUp>0</ThumbUp><ThumbDown>1</ThumbDown><Sentiment/></Message><Message type="TopicMessage"><Id>1365518994571-28</Id><Title>Bammy's GREAT at talking...</Title><Msg>but HORRIBLE at listening.. unless of course the talker has MILLion$ to contribute...</Msg><Username>carrik.fergus</Username><Timestamp>1365518994571</Timestamp><DateTime>Tue, 2013-04-09 10:49:54 EDT</DateTime><ThumbUp>1</ThumbUp><ThumbDown>1</ThumbDown><Sentiment/></Message><Message type="ReplyMessage"><Id>1365519109482-29</Id><Topic><Title>Cisco Systems, Inc. UPDATED CHARTS!</Title><Username>se27monique</Username><Timestamp>1359385580087</Timestamp><DateTime>Mon, 2013-01-28 10:06:20 EST</DateTime></Topic><Msg>Nice one. I will subscribe now.</Msg><Username>moquezkristi</Username><Timestamp>1365519109482</Timestamp><DateTime>Tue, 2013-04-09 10:51:49 EDT</DateTime><ThumbUp>0</ThumbUp><ThumbDown>2</ThumbDown><Sentiment>Buy</Sentiment></Message><Message type="TopicMessage"><Id>1365519226510-30</Id><Title>Did you know</Title><Msg>under Obamacare, if a hospital operates on the wrong patient, or the wrong surgery, i.e. they amputate the wrong limb, medicare and medicaid will no longer pay the hospital for that surgery. How is that fair? No wonder the hospitals don't like it.</Msg><Username>dumb.ivan</Username><Timestamp>1365519226510</Timestamp><DateTime>Tue, 2013-04-09 10:53:46 EDT</DateTime><ThumbUp>1</ThumbUp><ThumbDown>1</ThumbDown><Sentiment/></Message><Message type="TopicMessage"><Id>1365519532838-31</Id><Title>Will Obozo's budget be laughed out again?...</Title><Msg>Probably...</Msg><Username>carrik.fergus</Username><Timestamp>1365519532838</Timestamp><DateTime>Tue, 2013-04-09 10:58:52 EDT</DateTime><ThumbUp>0</ThumbUp><ThumbDown>1</ThumbDown><Sentiment/></Message><Message type="TopicMessage"><Id>1365519600215-32</Id><Title>I know you LibTards hate me...</Title><Msg>I can tell by the way you make sure Yahoo deletes some or all of my posts...</Msg><Username>carrik.fergus</Username><Timestamp>1365519600215</Timestamp><DateTime>Tue, 2013-04-09 11:00:00 EDT</DateTime><ThumbUp>0</ThumbUp><ThumbDown>3</ThumbDown><Sentiment/></Message><Message type="ReplyMessage"><Id>1365519626666-33</Id><Topic><Title>Western economies will never recover due to cheap Asain labor</Title><Username>pn1409</Username><Timestamp>1365510388280</Timestamp><DateTime>Tue, 2013-04-09 08:26:28 EDT</DateTime></Topic><Msg>Don,t fool yourself Walter, corporate America will relocate to the moon if they think they can get cheaper labor and avoid paying for their share of the infrastructure without which they are nothing. The only time they care about American citizens is when demand for their junk evaporates.</Msg><Username>dumpbernanke</Username><Timestamp>1365519626666</Timestamp><DateTime>Tue, 2013-04-09 11:00:26 EDT</DateTime><ThumbUp>0</ThumbUp><ThumbDown>0</ThumbDown><Sentiment/></Message><Message type="TopicMessage"><Id>1365519659087-34</Id><Title>ho hum</Title><Msg>tea billies don't care Authorities are deciding whether to charge anyone after police say a 6-year-old was shot in the head by a 4-year-old in New Jersey. The older boy is in serious condition. Authorities are still investigating how the younger child obtained the .22-caliber rifle from his family's Toms River home Monday night. Police Chief Michael Mastronardy says the children were outside the 4-year-old's home when the boy went inside, got the rifle and shot the 6-year-old about 15 yards away. It's not clear if the 4-year-old pulled the trigger or if the rifle accidentally discharged.</Msg><Username>dumb.ivan</Username><Timestamp>1365519659087</Timestamp><DateTime>Tue, 2013-04-09 11:00:59 EDT</DateTime><ThumbUp>0</ThumbUp><ThumbDown>2</ThumbDown><Sentiment/></Message><Message type="TopicMessage"><Id>1365520234177-35</Id><Title>New vows...</Title><Msg>Graham Vows to Keep Fake Benghazi Outrage Going if Clinton Runs for President Posted: 08 Apr 2013 05:00 PM PDT Graham Vows to Keep Fake Benghazi Outrage Going if Clinton Runs for President I was really hoping we'd heard the last of the Republicans and their fake Benghazi outrage once the last presidential election was over, only to watch in horror as they continued with the madness for months on end. On this Sunday's Meet the Press, Sen. Lindsey Graham just confirmed what most of us assumed already when they kept up with the attacks even after the election, and that is it's never going to end as long as Hillary Clinton is considered a presidential contender. Oh joy. GREGORY: We're going to talk after this break about presidential politics, waiting for Hillary Clinton. If she's the nominee can Republicans beat her? GRAHAM: I think after eight years of Barack Obama if things don't change, the next Democrat running for president will be in trouble. She will be a formidable candidate. I think her time as Secretary of State is mixed. Benghazi is yet to be told completely. But anybody that underestimates her on the Republican said would do so at their peril. But yes, she can be beatan. Anybody can be beaten in this country.</Msg><Username>gfo99</Username><Timestamp>1365520234177</Timestamp><DateTime>Tue, 2013-04-09 11:10:34 EDT</DateTime><ThumbUp>2</ThumbUp><ThumbDown>2</ThumbDown><Sentiment/></Message><Message type="ReplyMessage"><Id>1365520556781-36</Id><Topic><Title>Even the Democrats Rasmussen poll says that Obama has a favorable rating of 46 % now at new Low.</Title><Username>maxwizard688</Username><Timestamp>1365502962944</Timestamp><DateTime>Tue, 2013-04-09 06:22:42 EDT</DateTime></Topic><Msg>Rasmussen is a Repuke shill, what's your point?</Msg><Username>gfo99</Username><Timestamp>1365520556781</Timestamp><DateTime>Tue, 2013-04-09 11:15:56 EDT</DateTime><ThumbUp>2</ThumbUp><ThumbDown>2</ThumbDown><Sentiment/></Message><Message type="ReplyMessage"><Id>1365521096025-37</Id><Topic><Title>New vows...</Title><Username>gfo99</Username><Timestamp>1365520234177</Timestamp><DateTime>Tue, 2013-04-09 11:10:34 EDT</DateTime></Topic><Msg>ittle Ricky must still be pizzed about the "google the name santorum" problem. Take the advice of a failed statesman! "Tricky Ricky" is an object of ridicule in Pennsylvania owing to his 'back to the Bible' rhetoric, obviously it hasn't worked for him, and it won't work for anyone else, either.</Msg><Username>gfo99</Username><Timestamp>1365521096025</Timestamp><DateTime>Tue, 2013-04-09 11:24:56 EDT</DateTime><ThumbUp>2</ThumbUp><ThumbDown>1</ThumbDown><Sentiment/></Message><Message type="ReplyMessage"><Id>1365521841956-38</Id><Topic><Title>I know you LibTards hate me...</Title><Username>carrik.fergus</Username><Timestamp>1365519600215</Timestamp><DateTime>Tue, 2013-04-09 11:00:00 EDT</DateTime></Topic><Msg>you hear voices don't you nutcase I'll bet "it" does.</Msg><Username>alsmith581</Username><Timestamp>1365521841956</Timestamp><DateTime>Tue, 2013-04-09 11:37:21 EDT</DateTime><ThumbUp>2</ThumbUp><ThumbDown>2</ThumbDown><Sentiment/></Message><Message type="TopicMessage"><Id>1365522873984-39</Id><Title>GOP COWARDS ABUSE THE FILIBUSTER LIKE ITS A 13 YEAR OLD CUB SCOUT!!!!</Title><Msg>BAN THE GOP NOW!!!</Msg><Username>maxxedmaxishield</Username><Timestamp>1365522873984</Timestamp><DateTime>Tue, 2013-04-09 11:54:33 EDT</DateTime><ThumbUp>3</ThumbUp><ThumbDown>3</ThumbDown><Sentiment/></Message><Message type="ReplyMessage"><Id>1365523385044-40</Id><Topic><Title>GOP COWARDS ABUSE THE FILIBUSTER LIKE ITS A 13 YEAR OLD CUB SCOUT!!!!</Title><Username>maxxedmaxishield</Username><Timestamp>1365522873984</Timestamp><DateTime>Tue, 2013-04-09 11:54:33 EDT</DateTime></Topic><Msg>90% of voters support universal background checks, the GOP oppose them, they are out of touch and will continue to lose power</Msg><Username>dumb.ivan</Username><Timestamp>1365523385044</Timestamp><DateTime>Tue, 2013-04-09 12:03:05 EDT</DateTime><ThumbUp>2</ThumbUp><ThumbDown>2</ThumbDown><Sentiment/></Message><Message type="ReplyMessage"><Id>1365523457970-41</Id><Topic><Title>I know you LibTards hate me...</Title><Username>carrik.fergus</Username><Timestamp>1365519600215</Timestamp><DateTime>Tue, 2013-04-09 11:00:00 EDT</DateTime></Topic><Msg>Yes, I hear Bammy's voice every time I turn on the TV or radio. Pretty damn annoying. Would be nice if, in his last 4 years he would actually GOVERN and stop his incessant campaigning...</Msg><Username>carrik.fergus</Username><Timestamp>1365523457970</Timestamp><DateTime>Tue, 2013-04-09 12:04:17 EDT</DateTime><ThumbUp>0</ThumbUp><ThumbDown>2</ThumbDown><Sentiment/></Message><Message type="ReplyMessage"><Id>1365523570259-42</Id><Topic><Title>GOP COWARDS ABUSE THE FILIBUSTER LIKE ITS A 13 YEAR OLD CUB SCOUT!!!!</Title><Username>maxxedmaxishield</Username><Timestamp>1365522873984</Timestamp><DateTime>Tue, 2013-04-09 11:54:33 EDT</DateTime></Topic><Msg>So were you an abused 13 year old or do you abuse 13 year olds ? What makes you an expert on the subject?</Msg><Username>wonka9090</Username><Timestamp>1365523570259</Timestamp><DateTime>Tue, 2013-04-09 12:06:10 EDT</DateTime><ThumbUp>1</ThumbUp><ThumbDown>3</ThumbDown><Sentiment/></Message><Message type="ReplyMessage"><Id>1365523748682-43</Id><Topic><Title>GOP COWARDS ABUSE THE FILIBUSTER LIKE ITS A 13 YEAR OLD CUB SCOUT!!!!</Title><Username>maxxedmaxishield</Username><Timestamp>1365522873984</Timestamp><DateTime>Tue, 2013-04-09 11:54:33 EDT</DateTime></Topic><Msg>which one of your buddies did it?</Msg><Username>maxxedmaxishield</Username><Timestamp>1365523748682</Timestamp><DateTime>Tue, 2013-04-09 12:09:08 EDT</DateTime><ThumbUp>1</ThumbUp><ThumbDown>2</ThumbDown><Sentiment/></Message><Message type="ReplyMessage"><Id>1365524754153-44</Id><Topic><Title>Even the Democrats Rasmussen poll says that Obama has a favorable rating of 46 % now at new Low.</Title><Username>maxwizard688</Username><Timestamp>1365502962944</Timestamp><DateTime>Tue, 2013-04-09 06:22:42 EDT</DateTime></Topic><Msg>If Intrade had a Bammy approval trade, it would be an easy short. By the middle of next year after ODisasterCare kicks in, his approval ratings should be somewhere in the 20s...</Msg><Username>carrik.fergus</Username><Timestamp>1365524754153</Timestamp><DateTime>Tue, 2013-04-09 12:25:54 EDT</DateTime><ThumbUp>0</ThumbUp><ThumbDown>1</ThumbDown><Sentiment/></Message><Message type="ReplyMessage"><Id>1365525124175-45</Id><Topic><Title>GOP COWARDS ABUSE THE FILIBUSTER LIKE ITS A 13 YEAR OLD CUB SCOUT!!!!</Title><Username>maxxedmaxishield</Username><Timestamp>1365522873984</Timestamp><DateTime>Tue, 2013-04-09 11:54:33 EDT</DateTime></Topic><Msg>13? That's way too old for most RepubliCONs. Once their victims start to develop language skills, it makes them uneasy, and often causes them to seek quieter prey elsewhere. And tthey trade 'em in before they hit double digits, in any event.</Msg><Username>jason_baby2003</Username><Timestamp>1365525124175</Timestamp><DateTime>Tue, 2013-04-09 12:32:04 EDT</DateTime><ThumbUp>0</ThumbUp><ThumbDown>2</ThumbDown><Sentiment/></Message><Message type="TopicMessage"><Id>1365525630730-46</Id><Title>LIBERAL POSTERS HERE REMIND ME OF THE N. KOREAN</Title><Msg>Porky Pig...the little short fat. pudgy, greasy hair cuhnt kim. Why? They both make commie-pinko type statements attempting to bully other good citizens through the internet. Both are murderers at heart, kim murders adults and kids but dims rejoice in murdering babies. But the N. koreans at least aren't gayhomos.</Msg><Username>jason_baby1998</Username><Timestamp>1365525630730</Timestamp><DateTime>Tue, 2013-04-09 12:40:30 EDT</DateTime><ThumbUp>1</ThumbUp><ThumbDown>1</ThumbDown><Sentiment/></Message><Message type="ReplyMessage"><Id>1365525642769-47</Id><Topic><Title>Even the Democrats Rasmussen poll says that Obama has a favorable rating of 46 % now at new Low.</Title><Username>maxwizard688</Username><Timestamp>1365502962944</Timestamp><DateTime>Tue, 2013-04-09 06:22:42 EDT</DateTime></Topic><Msg>If you actually believe Rasmussen leans left, you have brain damage.</Msg><Username>jason_baby2003</Username><Timestamp>1365525642769</Timestamp><DateTime>Tue, 2013-04-09 12:40:42 EDT</DateTime><ThumbUp>1</ThumbUp><ThumbDown>2</ThumbDown><Sentiment/></Message><Message type="ReplyMessage"><Id>1365525809518-48</Id><Topic><Title>Even the Democrats Rasmussen poll says that Obama has a favorable rating of 46 % now at new Low.</Title><Username>maxwizard688</Username><Timestamp>1365502962944</Timestamp><DateTime>Tue, 2013-04-09 06:22:42 EDT</DateTime></Topic><Msg>yeah and his ratings are going down from here...faster than a turd in a dem's vaseline lubed poopchute</Msg><Username>jason_baby1998</Username><Timestamp>1365525809518</Timestamp><DateTime>Tue, 2013-04-09 12:43:29 EDT</DateTime><ThumbUp>0</ThumbUp><ThumbDown>1</ThumbDown><Sentiment/></Message><Message type="ReplyMessage"><Id>1365526144111-49</Id><Topic><Title>GOP COWARDS ABUSE THE FILIBUSTER LIKE ITS A 13 YEAR OLD CUB SCOUT!!!!</Title><Username>maxxedmaxishield</Username><Timestamp>1365522873984</Timestamp><DateTime>Tue, 2013-04-09 11:54:33 EDT</DateTime></Topic><Msg>"LIKE ITS A 13 YEAR OLD CUB SCOUT!!!!" only you whould know about that sick-o.</Msg><Username>deadpainting</Username><Timestamp>1365526144111</Timestamp><DateTime>Tue, 2013-04-09 12:49:04 EDT</DateTime><ThumbUp>0</ThumbUp><ThumbDown>3</ThumbDown><Sentiment/></Message><Message type="ReplyMessage"><Id>1365526246451-50</Id><Topic><Title>LIBERAL POSTERS HERE REMIND ME OF THE N. KOREAN</Title><Username>jason_baby1998</Username><Timestamp>1365525630730</Timestamp><DateTime>Tue, 2013-04-09 12:40:30 EDT</DateTime></Topic><Msg>liberals will want to wed their pets. beast lovers have rights too.</Msg><Username>deadpainting</Username><Timestamp>1365526246451</Timestamp><DateTime>Tue, 2013-04-09 12:50:46 EDT</DateTime><ThumbUp>2</ThumbUp><ThumbDown>1</ThumbDown><Sentiment/></Message><Message type="ReplyMessage"><Id>1365526380630-51</Id><Topic><Title>Bammy's GREAT at talking...</Title><Username>carrik.fergus</Username><Timestamp>1365518994571</Timestamp><DateTime>Tue, 2013-04-09 10:49:54 EDT</DateTime></Topic><Msg>he talks and the opposite happens. have fun with the new tax middle class.</Msg><Username>deadpainting</Username><Timestamp>1365526380630</Timestamp><DateTime>Tue, 2013-04-09 12:53:00 EDT</DateTime><ThumbUp>0</ThumbUp><ThumbDown>1</ThumbDown><Sentiment/></Message><Message type="TopicMessage"><Id>1365526498414-52</Id><Title>how come al obama and jesse the racists are not</Title><Msg>attending white baby who was shot by black teens funeral?</Msg><Username>deadpainting</Username><Timestamp>1365526498414</Timestamp><DateTime>Tue, 2013-04-09 12:54:58 EDT</DateTime><ThumbUp>0</ThumbUp><ThumbDown>1</ThumbDown><Sentiment/></Message><Message type="ReplyMessage"><Id>1365526552468-53</Id><Topic><Title>LIBERAL POSTERS HERE REMIND ME OF THE N. KOREAN</Title><Username>jason_baby1998</Username><Timestamp>1365525630730</Timestamp><DateTime>Tue, 2013-04-09 12:40:30 EDT</DateTime></Topic><Msg>no doubt. juniordumbmagoo already reportedly spends about 3 hours nightly at Farmer Brown's sheep farm from 1 - 4 AM. Farmer Brown has heard heavy breathing coming pen #9, when he investigated once he saw juniordumbmagoo running away with his shorts to his knees</Msg><Username>jason_baby1998</Username><Timestamp>1365526552468</Timestamp><DateTime>Tue, 2013-04-09 12:55:52 EDT</DateTime><ThumbUp>1</ThumbUp><ThumbDown>1</ThumbDown><Sentiment/></Message><Message type="TopicMessage"><Id>1365526582248-54</Id><Title>jr posting today. notice magoo and dumb are not.</Title><Msg>ROTFLOL.</Msg><Username>deadpainting</Username><Timestamp>1365526582248</Timestamp><DateTime>Tue, 2013-04-09 12:56:22 EDT</DateTime><ThumbUp>0</ThumbUp><ThumbDown>2</ThumbDown><Sentiment/></Message><Message type="ReplyMessage"><Id>1365526620117-55</Id><Topic><Title>jr posting today. notice magoo and dumb are not.</Title><Username>deadpainting</Username><Timestamp>1365526582248</Timestamp><DateTime>Tue, 2013-04-09 12:56:22 EDT</DateTime></Topic><Msg>maybe dumb and magoo are eating filet minion.</Msg><Username>deadpainting</Username><Timestamp>1365526620117</Timestamp><DateTime>Tue, 2013-04-09 12:57:00 EDT</DateTime><ThumbUp>1</ThumbUp><ThumbDown>2</ThumbDown><Sentiment/></Message><Message type="ReplyMessage"><Id>1365526697938-56</Id><Topic><Title>jr posting today. notice magoo and dumb are not.</Title><Username>deadpainting</Username><Timestamp>1365526582248</Timestamp><DateTime>Tue, 2013-04-09 12:56:22 EDT</DateTime></Topic><Msg>Maybe they are eating some little boy's tube steak.</Msg><Username>wonka9090</Username><Timestamp>1365526697938</Timestamp><DateTime>Tue, 2013-04-09 12:58:17 EDT</DateTime><ThumbUp>0</ThumbUp><ThumbDown>2</ThumbDown><Sentiment/></Message><Message type="ReplyMessage"><Id>1365526714956-57</Id><Topic><Title>Did you know</Title><Username>dumb.ivan</Username><Timestamp>1365519226510</Timestamp><DateTime>Tue, 2013-04-09 10:53:46 EDT</DateTime></Topic><Msg>Hospitals wont be able to afford filet minion.</Msg><Username>deadpainting</Username><Timestamp>1365526714956</Timestamp><DateTime>Tue, 2013-04-09 12:58:34 EDT</DateTime><ThumbUp>1</ThumbUp><ThumbDown>2</ThumbDown><Sentiment/></Message><Message type="ReplyMessage"><Id>1365526725226-58</Id><Topic><Title>jr posting today. notice magoo and dumb are not.</Title><Username>deadpainting</Username><Timestamp>1365526582248</Timestamp><DateTime>Tue, 2013-04-09 12:56:22 EDT</DateTime></Topic><Msg>yeah, they're eating their usual shetsandwiches this time of day</Msg><Username>jason_baby1998</Username><Timestamp>1365526725226</Timestamp><DateTime>Tue, 2013-04-09 12:58:45 EDT</DateTime><ThumbUp>0</ThumbUp><ThumbDown>2</ThumbDown><Sentiment/></Message><Message type="ReplyMessage"><Id>1365526813420-59</Id><Topic><Title>jr posting today. notice magoo and dumb are not.</Title><Username>deadpainting</Username><Timestamp>1365526582248</Timestamp><DateTime>Tue, 2013-04-09 12:56:22 EDT</DateTime></Topic><Msg>maybe jr just took its meds and is one person today.</Msg><Username>deadpainting</Username><Timestamp>1365526813420</Timestamp><DateTime>Tue, 2013-04-09 13:00:13 EDT</DateTime><ThumbUp>1</ThumbUp><ThumbDown>2</ThumbDown><Sentiment/></Message><Message type="ReplyMessage"><Id>1365527152652-60</Id><Topic><Title>jr posting today. notice magoo and dumb are not.</Title><Username>deadpainting</Username><Timestamp>1365526582248</Timestamp><DateTime>Tue, 2013-04-09 12:56:22 EDT</DateTime></Topic><Msg>But Junior says he only has one id !.Do you think he'd lie to us?? LOL</Msg><Username>wonka9090</Username><Timestamp>1365527152652</Timestamp><DateTime>Tue, 2013-04-09 13:05:52 EDT</DateTime><ThumbUp>0</ThumbUp><ThumbDown>1</ThumbDown><Sentiment/></Message><Message type="ReplyMessage"><Id>1365527316644-61</Id><Topic><Title>Liberals so sorry but Why Hillary Clinton will never be President. ________ EVER! _______________!!!!</Title><Username>maxwizard688</Username><Timestamp>1365502819667</Timestamp><DateTime>Tue, 2013-04-09 06:20:19 EDT</DateTime></Topic><Msg>she is pond #$%$. nuff said.</Msg><Username>deadpainting</Username><Timestamp>1365527316644</Timestamp><DateTime>Tue, 2013-04-09 13:08:36 EDT</DateTime><ThumbUp>0</ThumbUp><ThumbDown>2</ThumbDown><Sentiment/></Message><Message type="ReplyMessage"><Id>1365527481267-62</Id><Topic><Title>Liberals so sorry but Why Hillary Clinton will never be President. ________ EVER! _______________!!!!</Title><Username>maxwizard688</Username><Timestamp>1365502819667</Timestamp><DateTime>Tue, 2013-04-09 06:20:19 EDT</DateTime></Topic><Msg>smack smack stay on topic dumb. notice how liberals can follow a topic. mr magoo makes perfect sense to them. spell checkers who cant spell- moochers who complain other are not paying enough. no shame with these idiots.</Msg><Username>deadpainting</Username><Timestamp>1365527481267</Timestamp><DateTime>Tue, 2013-04-09 13:11:21 EDT</DateTime><ThumbUp>0</ThumbUp><ThumbDown>2</ThumbDown><Sentiment/></Message><Message type="ReplyMessage"><Id>1365527562585-63</Id><Topic><Title>jr posting today. notice magoo and dumb are not.</Title><Username>deadpainting</Username><Timestamp>1365526582248</Timestamp><DateTime>Tue, 2013-04-09 12:56:22 EDT</DateTime></Topic><Msg>notice how jr dumb and magoo always accuse others of using more than one ID...ROTFLOL.</Msg><Username>deadpainting</Username><Timestamp>1365527562585</Timestamp><DateTime>Tue, 2013-04-09 13:12:42 EDT</DateTime><ThumbUp>1</ThumbUp><ThumbDown>1</ThumbDown><Sentiment/></Message><Message type="TopicMessage"><Id>1365528321844-64</Id><Title>How's that stock market crash working out for you tea billies, LOL</Title><Msg>WASHINGTON (The Borowitz Report)—Senate Republicans today vowed to filibuster a controversial bill supporting the right not to get shot. G.O.P. leaders lambasted the bill, arguing that the right to go to school, work, or one’s home without fear of being shot was not guaranteed by the U.S. Constitution. “The Second Amendment makes it very clear,” said Sen. Mike Enzi (R-Wyoming). “The right to bear arms shall not be infringed by a tiny minority’s desire not to be shot.” But according to the pollster Harland Dorrinson, of OpinionFact Polling, the right not to get shot, while controversial, is beginning to gain traction with the American electorate. “Like gay marriage, not getting shot is an idea that has taken some getting used to, but people are starting to wrap their brains around it,” he said. Poll numbers notwithstanding, Senate Minority Leader Mitch McConnell said today that he would join the effort to filibuster any not-getting-shot-related bill: “The only way we Republicans can protect our democracy is by preventing a vote.”</Msg><Username>dumb.ivan</Username><Timestamp>1365528321844</Timestamp><DateTime>Tue, 2013-04-09 13:25:21 EDT</DateTime><ThumbUp>0</ThumbUp><ThumbDown>2</ThumbDown><Sentiment/></Message><Message type="TopicMessage"><Id>1365528725991-65</Id><Title>Trade like a boss</Title><Msg>Sign up for their free tips by texting “stocks” to 555888 and start trading like a boss. First pick I got went up nearly 200%.</Msg><Username>tristanhall750</Username><Timestamp>1365528725991</Timestamp><DateTime>Tue, 2013-04-09 13:32:05 EDT</DateTime><ThumbUp>1</ThumbUp><ThumbDown>1</ThumbDown><Sentiment>Strong Buy</Sentiment></Message><Message type="ReplyMessage"><Id>1365530501344-66</Id><Topic><Title>1425 on S&amp;P</Title><Username>deadpainting</Username><Timestamp>1345570351421</Timestamp><DateTime>Tue, 2012-08-21 13:32:31 EDT</DateTime></Topic><Msg>Good call there dead, LOL</Msg><Username>dumb.ivan</Username><Timestamp>1365530501344</Timestamp><DateTime>Tue, 2013-04-09 14:01:41 EDT</DateTime><ThumbUp>0</ThumbUp><ThumbDown>1</ThumbDown><Sentiment/></Message><Message type="ReplyMessage"><Id>1365530593343-67</Id><Topic><Title>raise cash; buy gold over next month</Title><Username>pn1409</Username><Timestamp>1350649300910</Timestamp><DateTime>Fri, 2012-10-19 08:21:40 EDT</DateTime></Topic><Msg>Dead likes to post about the up coming crash under his pn id also</Msg><Username>dumb.ivan</Username><Timestamp>1365530593343</Timestamp><DateTime>Tue, 2013-04-09 14:03:13 EDT</DateTime><ThumbUp>0</ThumbUp><ThumbDown>1</ThumbDown><Sentiment/></Message><Message type="TopicMessage"><Id>1365530848131-68</Id><Title>course in the real world markets are up 10% over the last 7 months</Title><Msg>not down 20% like dead (pn) predicted</Msg><Username>dumb.ivan</Username><Timestamp>1365530848131</Timestamp><DateTime>Tue, 2013-04-09 14:07:28 EDT</DateTime><ThumbUp>0</ThumbUp><ThumbDown>2</ThumbDown><Sentiment/></Message><Message type="TopicMessage"><Id>1365531064146-69</Id><Title>Texans hate education</Title><Msg>they find it to dangerous, LOL Several students have injured -- two reportedly in critical condition -- from a stabbing fight the campus of Lone Star College Cy-Fair, according to KHOU-TV. KHOU says as many as 12 people were injured, ABC News and Fox News put the number of injured at 14. The college, located in Cypress, Texas, near Houston, says on its website that two suspects are involved in the incident and that one is still at large. KHOU-TV quotes a student, Margo Shimfarr-Evans, as saying the incident took place in a lab at the Health Science Center. Alan Bernstein of the Harris County Sheriff's Office says authorities have a suspect in custody following a Tuesday morning attack at the Lone Star campus in Cypress. Bernstein did not know how many people were hurt or conditions. KHOU reports that four victims were taken to Memorial Hermann Hospital, two by helicopters and two by ambulance. The school says the campus is on lockdown. "Stay away from the area," the college advised its students. "Seek shelter in a secure location until the incident is resolved." Two people were shot at another Lone Star College campus in January.</Msg><Username>dumb.ivan</Username><Timestamp>1365531064146</Timestamp><DateTime>Tue, 2013-04-09 14:11:04 EDT</DateTime><ThumbUp>0</ThumbUp><ThumbDown>2</ThumbDown><Sentiment/></Message><Message type="TopicMessage"><Id>1365531172468-70</Id><Title>junior the Bammy sycophant is busy today...</Title><Msg>Must really be depressed about how poorly his idol is performing &#128522;</Msg><Username>carrik.fergus</Username><Timestamp>1365531172468</Timestamp><DateTime>Tue, 2013-04-09 14:12:52 EDT</DateTime><ThumbUp>2</ThumbUp><ThumbDown>1</ThumbDown><Sentiment/></Message><Message type="TopicMessage"><Id>1365531979063-71</Id><Title>I'M BACK, EVERYBODY!!!!!!!!</Title><Msg>See nothing has changed !! Junior still posting garbage and still being pretty much shunned. LOLOLOLOLOLOLOLOL Bet he missed me!!!!HEEHEEHEEHEEHEEHEEHEE DANCE, MY PUPPET DANCE!!!! YOUR MASTER HAS RETURNED LOLOLOLOLOLOLOLOLOL</Msg><Username>careyh5050</Username><Timestamp>1365531979063</Timestamp><DateTime>Tue, 2013-04-09 14:26:19 EDT</DateTime><ThumbUp>0</ThumbUp><ThumbDown>1</ThumbDown><Sentiment/></Message><Message type="TopicMessage"><Id>1365531983479-72</Id><Title>CSCO storng sell; DOW index strong sell</Title><Msg>S&amp;P index strong sell.</Msg><Username>pn1409</Username><Timestamp>1365531983479</Timestamp><DateTime>Tue, 2013-04-09 14:26:23 EDT</DateTime><ThumbUp>0</ThumbUp><ThumbDown>2</ThumbDown><Sentiment/></Message><Message type="ReplyMessage"><Id>1365532088236-73</Id><Topic><Title>CSCO storng sell; DOW index strong sell</Title><Username>pn1409</Username><Timestamp>1365531983479</Timestamp><DateTime>Tue, 2013-04-09 14:26:23 EDT</DateTime></Topic><Msg>just what you said last August when the market was 10% cheaper dead</Msg><Username>dumb.ivan</Username><Timestamp>1365532088236</Timestamp><DateTime>Tue, 2013-04-09 14:28:08 EDT</DateTime><ThumbUp>0</ThumbUp><ThumbDown>1</ThumbDown><Sentiment/></Message><Message type="ReplyMessage"><Id>1365532128577-74</Id><Topic><Title>New independent source of information, moved since yesterday. It should read what they write about CSCO.</Title><Username>jeffrey_jones50</Username><Timestamp>1365004235377</Timestamp><DateTime>Wed, 2013-04-03 11:50:35 EDT</DateTime></Topic><Msg>shocking report!</Msg><Username>carolm2</Username><Timestamp>1365532128577</Timestamp><DateTime>Tue, 2013-04-09 14:28:48 EDT</DateTime><ThumbUp>1</ThumbUp><ThumbDown>1</ThumbDown><Sentiment/></Message><Message type="TopicMessage"><Id>1365532343668-75</Id><Title>ODisasterCare will take down this market...</Title><Msg>And CSCO with it. For all of Ben's easing, won't so a bit of good to save us from Obozo...</Msg><Username>carrik.fergus</Username><Timestamp>1365532343668</Timestamp><DateTime>Tue, 2013-04-09 14:32:23 EDT</DateTime><ThumbUp>1</ThumbUp><ThumbDown>1</ThumbDown><Sentiment/></Message><Message type="TopicMessage"><Id>1365532814158-76</Id><Title>I haven't lost my touch!!</Title><Msg>Soon as I post,Junior jumps up like a little puppy dog!!!! He's so happy somebody notices him!!!! HEEHEEHEEHEEHEEHEE Fell for it again!!!LOLOLOLOLOLOLOL DANCE,JUNIOR,DANCE!!!!!!!! HEEHEEHEEHEE I"M IN TOTAL CONTROL!!!!!!</Msg><Username>careyh5050</Username><Timestamp>1365532814158</Timestamp><DateTime>Tue, 2013-04-09 14:40:14 EDT</DateTime><ThumbUp>0</ThumbUp><ThumbDown>1</ThumbDown><Sentiment/></Message><Message type="TopicMessage"><Id>1365533144459-77</Id><Title>Is Obozo still trying to...</Title><Msg>Mess with our Constitutional rights through meaningless, useless, politically expedient regulations</Msg><Username>carrik.fergus</Username><Timestamp>1365533144459</Timestamp><DateTime>Tue, 2013-04-09 14:45:44 EDT</DateTime><ThumbUp>3</ThumbUp><ThumbDown>2</ThumbDown><Sentiment/></Message><Message type="TopicMessage"><Id>1365533496497-78</Id><Title>liberals will outlaw knives next? for the children.</Title><Msg>CYPRESS, Texas (AP) — Officials say at least 14 people have been wounded in a stabbing attack at Houston-area college campus.</Msg><Username>deadpainting</Username><Timestamp>1365533496497</Timestamp><DateTime>Tue, 2013-04-09 14:51:36 EDT</DateTime><ThumbUp>1</ThumbUp><ThumbDown>6</ThumbDown><Sentiment/></Message><Message type="TopicMessage"><Id>1365533662069-79</Id><Title>The right not to get shot is not in the Constitution.</Title><Msg>April 9, 2013 Right Not to Get Shot Faces Uphill Fight in Senate Posted by Andy Borowitz WASHINGTON (The Borowitz Report)—Senate Republicans today vowed to filibuster a controversial bill supporting the right not to get shot. G.O.P. leaders lambasted the bill, arguing that the right to go to school, work, or one’s home without fear of being shot was not guaranteed by the U.S. Constitution. “The Second Amendment makes it very clear,” said Sen. Mike Enzi (R-Wyoming). “The right to bear arms shall not be infringed by a tiny minority’s desire not to be shot.” But according to the pollster Harland Dorrinson, of OpinionFact Polling, the right not to get shot, while controversial, is beginning to gain traction with the American electorate. “Like gay marriage, not getting shot is an idea that has taken some getting used to, but people are starting to wrap their brains around it,” he said. Poll numbers notwithstanding, Senate Minority Leader Mitch McConnell said today that he would join the effort to filibuster any not-getting-shot-related bill: “The only way we Republicans can protect our democracy is by preventing a vote.”</Msg><Username>gfo99</Username><Timestamp>1365533662069</Timestamp><DateTime>Tue, 2013-04-09 14:54:22 EDT</DateTime><ThumbUp>2</ThumbUp><ThumbDown>2</ThumbDown><Sentiment/></Message><Message type="ReplyMessage"><Id>1365534460030-80</Id><Topic><Title>liberals will outlaw knives next? for the children.</Title><Username>deadpainting</Username><Timestamp>1365533496497</Timestamp><DateTime>Tue, 2013-04-09 14:51:36 EDT</DateTime></Topic><Msg>two bad there weren't automatic weapons we would have 14 fewer dumb texans</Msg><Username>dumb.ivan</Username><Timestamp>1365534460030</Timestamp><DateTime>Tue, 2013-04-09 15:07:40 EDT</DateTime><ThumbUp>4</ThumbUp><ThumbDown>2</ThumbDown><Sentiment/></Message><Message type="TopicMessage"><Id>1365534962523-81</Id><Title>sleepover at deadpainting's house tonight! me and gregie(fluteman) will be there at 9:00PM !</Title><Msg>We're all playing dress-up tonight!</Msg><Username>carey50fairy</Username><Timestamp>1365534962523</Timestamp><DateTime>Tue, 2013-04-09 15:16:02 EDT</DateTime><ThumbUp>2</ThumbUp><ThumbDown>1</ThumbDown><Sentiment/></Message><Message type="ReplyMessage"><Id>1365535143374-82</Id><Topic><Title>liberals will outlaw knives next? for the children.</Title><Username>deadpainting</Username><Timestamp>1365533496497</Timestamp><DateTime>Tue, 2013-04-09 14:51:36 EDT</DateTime></Topic><Msg>"two bad"????? Aren't you the board genius who makes fun of others posters boo-boos? LOL Also, Texans begins with a capital " T ", smart guy.</Msg><Username>wonka9090</Username><Timestamp>1365535143374</Timestamp><DateTime>Tue, 2013-04-09 15:19:03 EDT</DateTime><ThumbUp>1</ThumbUp><ThumbDown>3</ThumbDown><Sentiment/></Message><Message type="ReplyMessage"><Id>1365535748375-83</Id><Topic><Title>Cisco Systems, Inc. UPDATED CHARTS!</Title><Username>se27monique</Username><Timestamp>1359385580087</Timestamp><DateTime>Mon, 2013-01-28 10:06:20 EST</DateTime></Topic><Msg>Got it. Good job mate.</Msg><Username>scanzonirobin</Username><Timestamp>1365535748375</Timestamp><DateTime>Tue, 2013-04-09 15:29:08 EDT</DateTime><ThumbUp>0</ThumbUp><ThumbDown>2</ThumbDown><Sentiment>Buy</Sentiment></Message><Message type="TopicMessage"><Id>1365535916684-84</Id><Title>cut taxes by 174 billion a year</Title><Msg>outlaw guns The impact of gun deaths and injuries go well beyond heartbreak to include billions of dollars of losses to the economy. The cost of U.S. gun violence in work lost, medical care, insurance, criminal-justice expenses and pain and suffering amounted to as much as $174 billion in 2010, according to data compiled by the Pacific Institute for Research and Evaluation in Calverton, Maryland.</Msg><Username>dumb.ivan</Username><Timestamp>1365535916684</Timestamp><DateTime>Tue, 2013-04-09 15:31:56 EDT</DateTime><ThumbUp>1</ThumbUp><ThumbDown>2</ThumbDown><Sentiment/></Message><Message type="TopicMessage"><Id>1365536547596-85</Id><Title>Let's face it, anyone who can afford cable isn't stupid enough to watch FOX</Title><Msg>none of you tea billies would be able to watch FOX if they went through with this A top executive with the owner of the Fox broadcast network on Monday threatened to convert the network to a pay-TV-only channel if Internet startup Aereo Inc. continues to "steal" Fox's over-the-air signal and sell it to consumers without paying for rights.</Msg><Username>dumb.ivan</Username><Timestamp>1365536547596</Timestamp><DateTime>Tue, 2013-04-09 15:42:27 EDT</DateTime><ThumbUp>0</ThumbUp><ThumbDown>2</ThumbDown><Sentiment/></Message><Message type="TopicMessage"><Id>1365536881946-86</Id><Title>Nuts at MSNBC</Title><Msg>MSNBC host says children should be cared for by the government, not by their parents. And dumbivan talks about FOX. Now that is funny.</Msg><Username>wonka9090</Username><Timestamp>1365536881946</Timestamp><DateTime>Tue, 2013-04-09 15:48:01 EDT</DateTime><ThumbUp>1</ThumbUp><ThumbDown>1</ThumbDown><Sentiment/></Message><Message type="ReplyMessage"><Id>1365537383819-87</Id><Topic><Title>Nuts at MSNBC</Title><Username>wonka9090</Username><Timestamp>1365536881946</Timestamp><DateTime>Tue, 2013-04-09 15:48:01 EDT</DateTime></Topic><Msg>Junior,haven't you figured out I dont give an f what you think anything ? Bother someone else with your childish stupidity.</Msg><Username>wonka9090</Username><Timestamp>1365537383819</Timestamp><DateTime>Tue, 2013-04-09 15:56:23 EDT</DateTime><ThumbUp>1</ThumbUp><ThumbDown>0</ThumbDown><Sentiment/></Message><Message type="ReplyMessage"><Id>1365537389330-88</Id><Topic><Title>The right not to get shot is not in the Constitution.</Title><Username>gfo99</Username><Timestamp>1365533662069</Timestamp><DateTime>Tue, 2013-04-09 14:54:22 EDT</DateTime></Topic><Msg>When an intruder enters my home, he waves all Constitutional rights. And if I have to empty a 30 round clip to exercise MY constitutional rights, I will if that's what it takes...</Msg><Username>carrik.fergus</Username><Timestamp>1365537389330</Timestamp><DateTime>Tue, 2013-04-09 15:56:29 EDT</DateTime><ThumbUp>2</ThumbUp><ThumbDown>1</ThumbDown><Sentiment/></Message><Message type="ReplyMessage"><Id>1365537515972-89</Id><Topic><Title>Nuts at MSNBC</Title><Username>wonka9090</Username><Timestamp>1365536881946</Timestamp><DateTime>Tue, 2013-04-09 15:48:01 EDT</DateTime></Topic><Msg>funny how the tea billies can get their panties all in a twist, LOL Fox really knows how to get the tea billies in a lather, MSNBC guest says she believes society should provide education for children and Fox turns it into "da guberments gonna take yur kids" LOL</Msg><Username>dumb.ivan</Username><Timestamp>1365537515972</Timestamp><DateTime>Tue, 2013-04-09 15:58:35 EDT</DateTime><ThumbUp>1</ThumbUp><ThumbDown>2</ThumbDown><Sentiment/></Message><Message type="TopicMessage"><Id>1365537850681-90</Id><Title>Try one ofyour other IDs junior...</Title><Msg>I have the most obvious one on iggy &#128522;</Msg><Username>carrik.fergus</Username><Timestamp>1365537850681</Timestamp><DateTime>Tue, 2013-04-09 16:04:10 EDT</DateTime><ThumbUp>0</ThumbUp><ThumbDown>3</ThumbDown><Sentiment/></Message><Message type="TopicMessage"><Id>1365539439729-91</Id><Title>Obama's fix would trim Social Security checks</Title><Msg>opsie. the communist stick it to the old now too. those who paid into a system their whole lives must give it up to those who did not and will not pay a dime.</Msg><Username>deadpainting</Username><Timestamp>1365539439729</Timestamp><DateTime>Tue, 2013-04-09 16:30:39 EDT</DateTime><ThumbUp>0</ThumbUp><ThumbDown>1</ThumbDown><Sentiment/></Message><Message type="ReplyMessage"><Id>1365539691914-92</Id><Topic><Title>Let's face it, anyone who can afford cable isn't stupid enough to watch FOX</Title><Username>dumb.ivan</Username><Timestamp>1365536547596</Timestamp><DateTime>Tue, 2013-04-09 15:42:27 EDT</DateTime></Topic><Msg>Not everyone can eat filet minion every night. ROTFLOL</Msg><Username>deadpainting</Username><Timestamp>1365539691914</Timestamp><DateTime>Tue, 2013-04-09 16:34:51 EDT</DateTime><ThumbUp>2</ThumbUp><ThumbDown>1</ThumbDown><Sentiment/></Message><Message type="ReplyMessage"><Id>1365539881510-93</Id><Topic><Title>liberals will outlaw knives next? for the children.</Title><Username>deadpainting</Username><Timestamp>1365533496497</Timestamp><DateTime>Tue, 2013-04-09 14:51:36 EDT</DateTime></Topic><Msg>its fork must be in its filet minion. cant write today. ROTFLOL.</Msg><Username>deadpainting</Username><Timestamp>1365539881510</Timestamp><DateTime>Tue, 2013-04-09 16:38:01 EDT</DateTime><ThumbUp>0</ThumbUp><ThumbDown>2</ThumbDown><Sentiment/></Message><Message type="TopicMessage"><Id>1365539900858-94</Id><Title>dumb hates tEXAS</Title><Msg>ROTFLOL.</Msg><Username>deadpainting</Username><Timestamp>1365539900858</Timestamp><DateTime>Tue, 2013-04-09 16:38:20 EDT</DateTime><ThumbUp>0</ThumbUp><ThumbDown>1</ThumbDown><Sentiment/></Message><Message type="ReplyMessage"><Id>1365539945767-95</Id><Topic><Title>dumb hates tEXAS</Title><Username>deadpainting</Username><Timestamp>1365539900858</Timestamp><DateTime>Tue, 2013-04-09 16:38:20 EDT</DateTime></Topic><Msg>They are all dumb. We should name them all dumb like dumb named itself. Rotflol.</Msg><Username>deadpainting</Username><Timestamp>1365539945767</Timestamp><DateTime>Tue, 2013-04-09 16:39:05 EDT</DateTime><ThumbUp>1</ThumbUp><ThumbDown>1</ThumbDown><Sentiment/></Message><Message type="ReplyMessage"><Id>1365540012448-96</Id><Topic><Title>liberals will outlaw knives next? for the children.</Title><Username>deadpainting</Username><Timestamp>1365533496497</Timestamp><DateTime>Tue, 2013-04-09 14:51:36 EDT</DateTime></Topic><Msg>"two bad" ROTFLOL</Msg><Username>deadpainting</Username><Timestamp>1365540012448</Timestamp><DateTime>Tue, 2013-04-09 16:40:12 EDT</DateTime><ThumbUp>0</ThumbUp><ThumbDown>2</ThumbDown><Sentiment/></Message><Message type="TopicMessage"><Id>1365540061915-97</Id><Title>COLLEGE LIB HOMOGAY GOES ON STABBING RAMPAGE IN TEXAS</Title><Msg>so now they've left assault rifles and gone to knives. Uh oh, better call the anti-knife club and get them to help write a new law on background checks for knives right Obumbabama?</Msg><Username>p_e_n_u_s_erection</Username><Timestamp>1365540061915</Timestamp><DateTime>Tue, 2013-04-09 16:41:01 EDT</DateTime><ThumbUp>2</ThumbUp><ThumbDown>1</ThumbDown><Sentiment/></Message><Message type="TopicMessage"><Id>1365540089840-98</Id><Title>"two bad"</Title><Msg>everyone is dumb ROTFLOL.</Msg><Username>deadpainting</Username><Timestamp>1365540089840</Timestamp><DateTime>Tue, 2013-04-09 16:41:29 EDT</DateTime><ThumbUp>1</ThumbUp><ThumbDown>1</ThumbDown><Sentiment/></Message><Message type="ReplyMessage"><Id>1365540167106-99</Id><Topic><Title>COLLEGE LIB HOMOGAY GOES ON STABBING RAMPAGE IN TEXAS</Title><Username>p_e_n_u_s_erection</Username><Timestamp>1365540061915</Timestamp><DateTime>Tue, 2013-04-09 16:41:01 EDT</DateTime></Topic><Msg>the stabber belongs to the young democraps chapter at his college</Msg><Username>p_e_n_u_s_erection</Username><Timestamp>1365540167106</Timestamp><DateTime>Tue, 2013-04-09 16:42:47 EDT</DateTime><ThumbUp>3</ThumbUp><ThumbDown>1</ThumbDown><Sentiment/></Message><Message type="TopicMessage"><Id>1365540266011-100</Id><Title>"two bad" there weren't automatic weapons we would have 14 fewer dumb texans</Title><Msg>ROTFLOL.</Msg><Username>deadpainting</Username><Timestamp>1365540266011</Timestamp><DateTime>Tue, 2013-04-09 16:44:26 EDT</DateTime><ThumbUp>1</ThumbUp><ThumbDown>1</ThumbDown><Sentiment/></Message><Message type="ReplyMessage"><Id>1365540271331-101</Id><Topic><Title>"two bad"</Title><Username>deadpainting</Username><Timestamp>1365540089840</Timestamp><DateTime>Tue, 2013-04-09 16:41:29 EDT</DateTime></Topic><Msg>dumb is dumber than a bag of rocks</Msg><Username>p_e_n_u_s_erection</Username><Timestamp>1365540271331</Timestamp><DateTime>Tue, 2013-04-09 16:44:31 EDT</DateTime><ThumbUp>1</ThumbUp><ThumbDown>1</ThumbDown><Sentiment/></Message><Message type="ReplyMessage"><Id>1365540322599-102</Id><Topic><Title>Republicans keep losing.</Title><Username>juniorsclassmate_5</Username><Timestamp>1365534920282</Timestamp><DateTime>Tue, 2013-04-09 15:15:20 EDT</DateTime></Topic><Msg>I say you are gay</Msg><Username>p_e_n_u_s_erection</Username><Timestamp>1365540322599</Timestamp><DateTime>Tue, 2013-04-09 16:45:22 EDT</DateTime><ThumbUp>1</ThumbUp><ThumbDown>1</ThumbDown><Sentiment/></Message><Message type="ReplyMessage"><Id>1365540324857-103</Id><Topic><Title>"two bad"</Title><Username>deadpainting</Username><Timestamp>1365540089840</Timestamp><DateTime>Tue, 2013-04-09 16:41:29 EDT</DateTime></Topic><Msg>"two bad" no one is as smart as dumb. it eats filet minion every night. ROTFLOL.</Msg><Username>deadpainting</Username><Timestamp>1365540324857</Timestamp><DateTime>Tue, 2013-04-09 16:45:24 EDT</DateTime><ThumbUp>1</ThumbUp><ThumbDown>1</ThumbDown><Sentiment/></Message><Message type="ReplyMessage"><Id>1365540387281-104</Id><Topic><Title>Let's face it, anyone who can afford cable isn't stupid enough to watch FOX</Title><Username>dumb.ivan</Username><Timestamp>1365536547596</Timestamp><DateTime>Tue, 2013-04-09 15:42:27 EDT</DateTime></Topic><Msg>that is "two bad" dumb ROTFLOL.</Msg><Username>deadpainting</Username><Timestamp>1365540387281</Timestamp><DateTime>Tue, 2013-04-09 16:46:27 EDT</DateTime><ThumbUp>2</ThumbUp><ThumbDown>2</ThumbDown><Sentiment/></Message><Message type="ReplyMessage"><Id>1365541091744-105</Id><Topic><Title>Republicans keep losing.</Title><Username>juniorsclassmate_5</Username><Timestamp>1365534920282</Timestamp><DateTime>Tue, 2013-04-09 15:15:20 EDT</DateTime></Topic><Msg>Please change you rid. The one you are using now makes Junior's mouth water and shorts out his keyboard.</Msg><Username>wonka9090</Username><Timestamp>1365541091744</Timestamp><DateTime>Tue, 2013-04-09 16:58:11 EDT</DateTime><ThumbUp>1</ThumbUp><ThumbDown>1</ThumbDown><Sentiment/></Message><Message type="ReplyMessage"><Id>1365542773533-106</Id><Topic><Title>Phil Donahue: Bush used other people’s kids to prove he’s tough</Title><Username>juniorsclassmate_5</Username><Timestamp>1365542526364</Timestamp><DateTime>Tue, 2013-04-09 17:22:06 EDT</DateTime></Topic><Msg>Did Donahue say the same about LBJ ?</Msg><Username>crankf41</Username><Timestamp>1365542773533</Timestamp><DateTime>Tue, 2013-04-09 17:26:13 EDT</DateTime><ThumbUp>1</ThumbUp><ThumbDown>1</ThumbDown><Sentiment/></Message><Message type="ReplyMessage"><Id>1365542851285-107</Id><Topic><Title>Phil Donahue: Bush used other people’s kids to prove he’s tough</Title><Username>juniorsclassmate_5</Username><Timestamp>1365542526364</Timestamp><DateTime>Tue, 2013-04-09 17:22:06 EDT</DateTime></Topic><Msg>Phil who? I say you are gay</Msg><Username>p_e_n_u_s_erection</Username><Timestamp>1365542851285</Timestamp><DateTime>Tue, 2013-04-09 17:27:31 EDT</DateTime><ThumbUp>1</ThumbUp><ThumbDown>1</ThumbDown><Sentiment/></Message><Message type="ReplyMessage"><Id>1365542995367-108</Id><Topic><Title>NEW Democrats Hall of Shame OPENS TODAY. FREE ADMISSION.</Title><Username>maxwizard688</Username><Timestamp>1364514017304</Timestamp><DateTime>Thu, 2013-03-28 19:40:17 EDT</DateTime></Topic><Msg>Liberals get free Lunch.</Msg><Username>vensh_u_to</Username><Timestamp>1365542995367</Timestamp><DateTime>Tue, 2013-04-09 17:29:55 EDT</DateTime><ThumbUp>2</ThumbUp><ThumbDown>1</ThumbDown><Sentiment/></Message><Message type="TopicMessage"><Id>1365543236616-109</Id><Title>Obama promised to close the detention center at Guantanamo in the first year.</Title><Msg>Obama promised to close the detention center at Guantanamo in the first year.</Msg><Username>vensh_u_to</Username><Timestamp>1365543236616</Timestamp><DateTime>Tue, 2013-04-09 17:33:56 EDT</DateTime><ThumbUp>1</ThumbUp><ThumbDown>1</ThumbDown><Sentiment/></Message><Message type="TopicMessage"><Id>1365543273249-110</Id><Title>Obama promised to end earmarks.</Title><Msg>Obama promised to end earmarks. He lied for the 189 time.</Msg><Username>vensh_u_to</Username><Timestamp>1365543273249</Timestamp><DateTime>Tue, 2013-04-09 17:34:33 EDT</DateTime><ThumbUp>1</ThumbUp><ThumbDown>1</ThumbDown><Sentiment/></Message><Message type="TopicMessage"><Id>1365543288232-111</Id><Title>funny how I can post go away for a few hours</Title><Msg>and come back to see how dead has wasted his day, LOL</Msg><Username>dumb.ivan</Username><Timestamp>1365543288232</Timestamp><DateTime>Tue, 2013-04-09 17:34:48 EDT</DateTime><ThumbUp>1</ThumbUp><ThumbDown>2</ThumbDown><Sentiment/></Message><Message type="TopicMessage"><Id>1365543306525-112</Id><Title>Obama promised to end no-compete contracts with the government. More lies.</Title><Msg>Obama promised to end no-compete contracts with the government.</Msg><Username>vensh_u_to</Username><Timestamp>1365543306525</Timestamp><DateTime>Tue, 2013-04-09 17:35:06 EDT</DateTime><ThumbUp>2</ThumbUp><ThumbDown>1</ThumbDown><Sentiment/></Message><Message type="TopicMessage"><Id>1365543322423-113</Id><Title>Jimmy Carter can rest easy...</Title><Msg>with Bammy in charge. James Earl has been overshadowed by Barry Hussein in so many ways...</Msg><Username>carrik.fergus</Username><Timestamp>1365543322423</Timestamp><DateTime>Tue, 2013-04-09 17:35:22 EDT</DateTime><ThumbUp>0</ThumbUp><ThumbDown>1</ThumbDown><Sentiment/></Message><Message type="TopicMessage"><Id>1365543336412-114</Id><Title>Nearly all of Angry Obama's public appearances these days are complaint, finger-pointing events They ought to just list them on his calendar that way</Title><Msg>Nearly all of Angry Obama's public appearances these days are complaint, finger-pointing events They ought to just list them on his calendar that way Apr 1 President Obama will complain to supporters in Cleveland, Ohio about republicans and sequester Apr President Obama arrives in Seattle, WA via Air Force 1 to complain about sequestration</Msg><Username>vensh_u_to</Username><Timestamp>1365543336412</Timestamp><DateTime>Tue, 2013-04-09 17:35:36 EDT</DateTime><ThumbUp>1</ThumbUp><ThumbDown>1</ThumbDown><Sentiment/></Message><Message type="TopicMessage"><Id>1365543353076-115</Id><Title>Obama First President to be held in contempt of court for illegally obstructing oil drilling in the Gulf of Mexico</Title><Msg>Obama First President to be held in contempt of court for illegally obstructing oil drilling in the Gulf of Mexico</Msg><Username>vensh_u_to</Username><Timestamp>1365543353076</Timestamp><DateTime>Tue, 2013-04-09 17:35:53 EDT</DateTime><ThumbUp>1</ThumbUp><ThumbDown>1</ThumbDown><Sentiment/></Message><Message type="TopicMessage"><Id>1365543389523-116</Id><Title>Wow $321,665 Limo Bill for Joe Biden and Obama closes White House Tours. Wow $321,665 Limo Bill for Joe Biden and Obama closes White House Tours hypocrite.</Title><Msg>Wow $321,665 Limo Bill for Joe Biden and Obama closes White House Tours. Wow $321,665 Limo Bill for Joe Biden and Obama closes White House Tours hypocrite.</Msg><Username>vensh_u_to</Username><Timestamp>1365543389523</Timestamp><DateTime>Tue, 2013-04-09 17:36:29 EDT</DateTime><ThumbUp>1</ThumbUp><ThumbDown>1</ThumbDown><Sentiment/></Message><Message type="TopicMessage"><Id>1365543407607-117</Id><Title>Thanks to Joe shot gun sales up 1000% He told us all to go buy a Shot Gun for protection. So I did and so did millions of other Americans.</Title><Msg>Thanks to Joe shot gun sales up 1000% He told us all to go buy a Shot Gun for protection. So I did and so did millions of other Americans.</Msg><Username>vensh_u_to</Username><Timestamp>1365543407607</Timestamp><DateTime>Tue, 2013-04-09 17:36:47 EDT</DateTime><ThumbUp>2</ThumbUp><ThumbDown>1</ThumbDown><Sentiment/></Message><Message type="TopicMessage"><Id>1365543443753-118</Id><Title>Now Angry Obama is complaining almost 95% of the time now</Title><Msg>Now Angry Obama is complaining almost 95% of the time now Angry Obama might want to consider taking some happy pill so Americans won't have to hear his constant finger pointing / complaining It's getting old Obama blaming and excusing making.</Msg><Username>vensh_u_to</Username><Timestamp>1365543443753</Timestamp><DateTime>Tue, 2013-04-09 17:37:23 EDT</DateTime><ThumbUp>2</ThumbUp><ThumbDown>1</ThumbDown><Sentiment/></Message><Message type="TopicMessage"><Id>1365543787326-119</Id><Title>Dumb.Ivan...he's a Secret Follower of mine..</Title><Msg>and puppet-like when I urge him to be very quiet now....he is, he hears and obeys....</Msg><Username>adolphlhitler</Username><Timestamp>1365543787326</Timestamp><DateTime>Tue, 2013-04-09 17:43:07 EDT</DateTime><ThumbUp>2</ThumbUp><ThumbDown>1</ThumbDown><Sentiment/></Message><Message type="ReplyMessage"><Id>1365543821503-120</Id><Topic><Title>Cisco Systems, Inc. UPDATED CHARTS!</Title><Username>se27monique</Username><Timestamp>1359385580087</Timestamp><DateTime>Mon, 2013-01-28 10:06:20 EST</DateTime></Topic><Msg>Nice work.</Msg><Username>potunjaclyn</Username><Timestamp>1365543821503</Timestamp><DateTime>Tue, 2013-04-09 17:43:41 EDT</DateTime><ThumbUp>0</ThumbUp><ThumbDown>1</ThumbDown><Sentiment>Buy</Sentiment></Message><Message type="TopicMessage"><Id>1365544229233-121</Id><Title>GOP protects the right of Terrorist to buy guns and kill Americans</Title><Msg>WASHINGTON -- More than 200 people suspected of ties to terrorism bought guns in the U.S. last year legally, FBI figures show. The 247 people who were allowed to buy weapons did so after going through required background checks as required by federal law. It is not illegal for people listed on the government's terror watch list to buy weapons. For years, that has bothered Sen. Frank Lautenberg, D-N.J., who is trying again to change the law to keep weapons out of the hands of terrorists.</Msg><Username>dumb.ivan</Username><Timestamp>1365544229233</Timestamp><DateTime>Tue, 2013-04-09 17:50:29 EDT</DateTime><ThumbUp>2</ThumbUp><ThumbDown>2</ThumbDown><Sentiment/></Message><Message type="ReplyMessage"><Id>1365544902747-122</Id><Topic><Title>juniorsclassmate_5 • PLEASE KEEP YOU PROMISE OR DO YOU LIE DAILY LIKE OBAMA DOES.</Title><Username>vensh_1</Username><Timestamp>1363129405988</Timestamp><DateTime>Tue, 2013-03-12 19:03:25 EDT</DateTime></Topic><Msg>juniorsclassmate_5 - I see your still out of real work and posting lies 24/7 for moveon. He needs help maybe one of those Obama shovel ready jobs.</Msg><Username>vensh_u_to</Username><Timestamp>1365544902747</Timestamp><DateTime>Tue, 2013-04-09 18:01:42 EDT</DateTime><ThumbUp>1</ThumbUp><ThumbDown>1</ThumbDown><Sentiment/></Message><Message type="ReplyMessage"><Id>1365544997774-123</Id><Topic><Title>Why Hillary Clinton will never be President. ________ EVER!_______________!!!!</Title><Username>maxwizard688</Username><Timestamp>1364435213669</Timestamp><DateTime>Wed, 2013-03-27 21:46:53 EDT</DateTime></Topic><Msg>Max your correct. Bill still likes those young female interns like Monica.</Msg><Username>vensh_u_to</Username><Timestamp>1365544997774</Timestamp><DateTime>Tue, 2013-04-09 18:03:17 EDT</DateTime><ThumbUp>1</ThumbUp><ThumbDown>1</ThumbDown><Sentiment/></Message><Message type="ReplyMessage"><Id>1365545057262-124</Id><Topic><Title>Liberals sorry but Why Hillary Clinton will never be President. ________ EVER! _______________!!!!</Title><Username>juniorsclassmate684</Username><Timestamp>1364812376112</Timestamp><DateTime>Mon, 2013-04-01 06:32:56 EDT</DateTime></Topic><Msg>Max we all agree. She is an old bag now so is Bill.</Msg><Username>vensh_u_to</Username><Timestamp>1365545057262</Timestamp><DateTime>Tue, 2013-04-09 18:04:17 EDT</DateTime><ThumbUp>2</ThumbUp><ThumbDown>1</ThumbDown><Sentiment/></Message><Message type="TopicMessage"><Id>1365545439554-125</Id><Title>OBIMBO ACCUSES GOP OF 'STUNTS' DURING THE GUN CONTROL DEBATE!!! HOW FUNNY, AS HE FLIES IN</Title><Msg>the sad parents of children killed in Newtown....that guy, Obimbo would be a joke if his policies, or lack thereof, were not so destructive of America</Msg><Username>walterbyrdman11</Username><Timestamp>1365545439554</Timestamp><DateTime>Tue, 2013-04-09 18:10:39 EDT</DateTime><ThumbUp>0</ThumbUp><ThumbDown>1</ThumbDown><Sentiment/></Message><Message type="ReplyMessage"><Id>1365545560607-126</Id><Topic><Title>Obama promised to end no-compete contracts with the government. More lies.</Title><Username>vensh_u_to</Username><Timestamp>1365543306525</Timestamp><DateTime>Tue, 2013-04-09 17:35:06 EDT</DateTime></Topic><Msg>Well, he is a LIAR! A lying liar who lies</Msg><Username>walterbyrdman11</Username><Timestamp>1365545560607</Timestamp><DateTime>Tue, 2013-04-09 18:12:40 EDT</DateTime><ThumbUp>0</ThumbUp><ThumbDown>1</ThumbDown><Sentiment/></Message><Message type="ReplyMessage"><Id>1365545635601-127</Id><Topic><Title>funny how I can post go away for a few hours</Title><Username>dumb.ivan</Username><Timestamp>1365543288232</Timestamp><DateTime>Tue, 2013-04-09 17:34:48 EDT</DateTime></Topic><Msg>Two bad...ROTFLOL.</Msg><Username>deadpainting</Username><Timestamp>1365545635601</Timestamp><DateTime>Tue, 2013-04-09 18:13:55 EDT</DateTime><ThumbUp>1</ThumbUp><ThumbDown>1</ThumbDown><Sentiment/></Message><Message type="TopicMessage"><Id>1365545705812-128</Id><Title>Dumb sent back its steak</Title><Msg>It said that the filet minion was two bad.</Msg><Username>deadpainting</Username><Timestamp>1365545705812</Timestamp><DateTime>Tue, 2013-04-09 18:15:05 EDT</DateTime><ThumbUp>1</ThumbUp><ThumbDown>1</ThumbDown><Sentiment/></Message><Message type="ReplyMessage"><Id>1365545831065-129</Id><Topic><Title>Dumb.Ivan...he's a Secret Follower of mine..</Title><Username>adolphlhitler</Username><Timestamp>1365543787326</Timestamp><DateTime>Tue, 2013-04-09 17:43:07 EDT</DateTime></Topic><Msg>That is two bad ROTFLOL. Must be from tEXAS.</Msg><Username>deadpainting</Username><Timestamp>1365545831065</Timestamp><DateTime>Tue, 2013-04-09 18:17:11 EDT</DateTime><ThumbUp>2</ThumbUp><ThumbDown>1</ThumbDown><Sentiment/></Message><Message type="ReplyMessage"><Id>1365546028839-130</Id><Topic><Title>liberals thing when you graduate from college</Title><Username>deadpainting</Username><Timestamp>1364849310626</Timestamp><DateTime>Mon, 2013-04-01 16:48:30 EDT</DateTime></Topic><Msg>That is just two bad ROTFLOL.</Msg><Username>deadpainting</Username><Timestamp>1365546028839</Timestamp><DateTime>Tue, 2013-04-09 18:20:28 EDT</DateTime><ThumbUp>0</ThumbUp><ThumbDown>3</ThumbDown><Sentiment/></Message><Message type="ReplyMessage"><Id>1365546119889-131</Id><Topic><Title>GOP protects the right of Terrorist to buy guns and kill Americans</Title><Username>dumb.ivan</Username><Timestamp>1365544229233</Timestamp><DateTime>Tue, 2013-04-09 17:50:29 EDT</DateTime></Topic><Msg>That is two bad.</Msg><Username>deadpainting</Username><Timestamp>1365546119889</Timestamp><DateTime>Tue, 2013-04-09 18:21:59 EDT</DateTime><ThumbUp>1</ThumbUp><ThumbDown>3</ThumbDown><Sentiment/></Message><Message type="ReplyMessage"><Id>1365546136409-132</Id><Topic><Title>GOP protects the right of Terrorist to buy guns and kill Americans</Title><Username>dumb.ivan</Username><Timestamp>1365544229233</Timestamp><DateTime>Tue, 2013-04-09 17:50:29 EDT</DateTime></Topic><Msg>Rotflol</Msg><Username>deadpainting</Username><Timestamp>1365546136409</Timestamp><DateTime>Tue, 2013-04-09 18:22:16 EDT</DateTime><ThumbUp>1</ThumbUp><ThumbDown>1</ThumbDown><Sentiment/></Message><Message type="TopicMessage"><Id>1365546340420-133</Id><Title>Dumb the genius</Title><Msg>Thinks its two bad that everyone other than it is dumb. Rotflol</Msg><Username>deadpainting</Username><Timestamp>1365546340420</Timestamp><DateTime>Tue, 2013-04-09 18:25:40 EDT</DateTime><ThumbUp>1</ThumbUp><ThumbDown>1</ThumbDown><Sentiment/></Message><Message type="TopicMessage"><Id>1365546354186-134</Id><Title>Four yr. old Dem Shoots 6 yr. old</Title><Msg>in Jersey. Blue state insanity continues</Msg><Username>donkeydouchebags</Username><Timestamp>1365546354186</Timestamp><DateTime>Tue, 2013-04-09 18:25:54 EDT</DateTime><ThumbUp>2</ThumbUp><ThumbDown>1</ThumbDown><Sentiment/></Message><Message type="TopicMessage"><Id>1365546392350-135</Id><Title>tEXAS</Title><Msg>ROTFLOL</Msg><Username>deadpainting</Username><Timestamp>1365546392350</Timestamp><DateTime>Tue, 2013-04-09 18:26:32 EDT</DateTime><ThumbUp>1</ThumbUp><ThumbDown>1</ThumbDown><Sentiment/></Message><Message type="ReplyMessage"><Id>1365546556229-136</Id><Topic><Title>Dumb.Ivan...he's a Secret Follower of mine..</Title><Username>adolphlhitler</Username><Timestamp>1365543787326</Timestamp><DateTime>Tue, 2013-04-09 17:43:07 EDT</DateTime></Topic><Msg>yeah we saw dumb in that utube video licking your sack</Msg><Username>donkeydouchebags</Username><Timestamp>1365546556229</Timestamp><DateTime>Tue, 2013-04-09 18:29:16 EDT</DateTime><ThumbUp>2</ThumbUp><ThumbDown>1</ThumbDown><Sentiment/></Message><Message type="ReplyMessage"><Id>1365550128093-137</Id><Topic><Title>Dumb the genius</Title><Username>deadpainting</Username><Timestamp>1365546340420</Timestamp><DateTime>Tue, 2013-04-09 18:25:40 EDT</DateTime></Topic><Msg>Dumb always hides for a while after his latest boo-boo hoping we'll forget. LOL</Msg><Username>wonka9090</Username><Timestamp>1365550128093</Timestamp><DateTime>Tue, 2013-04-09 19:28:48 EDT</DateTime><ThumbUp>0</ThumbUp><ThumbDown>1</ThumbDown><Sentiment/></Message><Message type="TopicMessage"><Id>1365553737344-138</Id><Title>Will Obahbah FLy NJ 6 year olds to DC now to Lobby the Senate</Title><Msg>to force better background checks on rifle toting, madashell blue state 4 yr. olds nationwide? Because just like in CT, we all know this is a nationwide threat rand not a blue state problem ight?</Msg><Username>gregu456</Username><Timestamp>1365553737344</Timestamp><DateTime>Tue, 2013-04-09 20:28:57 EDT</DateTime><ThumbUp>2</ThumbUp><ThumbDown>1</ThumbDown><Sentiment/></Message><Message type="ReplyMessage"><Id>1365555240740-139</Id><Topic><Title>liberals thing when you graduate from college</Title><Username>deadpainting</Username><Timestamp>1364849310626</Timestamp><DateTime>Mon, 2013-04-01 16:48:30 EDT</DateTime></Topic><Msg>I thing the closest that the Hoe gets to a college campus is when he makes a wrong turn in the ol' RV. Then he yells at his old biddy wife for readin' the map all wrong.</Msg><Username>belongsinamuseum</Username><Timestamp>1365555240740</Timestamp><DateTime>Tue, 2013-04-09 20:54:00 EDT</DateTime><ThumbUp>1</ThumbUp><ThumbDown>1</ThumbDown><Sentiment/></Message><Message type="ReplyMessage"><Id>1365555382612-140</Id><Topic><Title>liberals thing when you graduate from college</Title><Username>deadpainting</Username><Timestamp>1364849310626</Timestamp><DateTime>Mon, 2013-04-01 16:48:30 EDT</DateTime></Topic><Msg>I heard that deadpainting keeps a bizarre candlelit shrine to Bill Gates and Kanye West in his bathroom.</Msg><Username>belongsinamuseum</Username><Timestamp>1365555382612</Timestamp><DateTime>Tue, 2013-04-09 20:56:22 EDT</DateTime><ThumbUp>3</ThumbUp><ThumbDown>1</ThumbDown><Sentiment/></Message><Message type="ReplyMessage"><Id>1365555477324-141</Id><Topic><Title>Will Obahbah FLy NJ 6 year olds to DC now to Lobby the Senate</Title><Username>gregu456</Username><Timestamp>1365553737344</Timestamp><DateTime>Tue, 2013-04-09 20:28:57 EDT</DateTime></Topic><Msg>I say we need to arm ALL 4 year olds! That's sound logic...</Msg><Username>belongsinamuseum</Username><Timestamp>1365555477324</Timestamp><DateTime>Tue, 2013-04-09 20:57:57 EDT</DateTime><ThumbUp>2</ThumbUp><ThumbDown>2</ThumbDown><Sentiment/></Message><Message type="ReplyMessage"><Id>1365555786137-142</Id><Topic><Title>Four yr. old Dem Shoots 6 yr. old</Title><Username>donkeydouchebags</Username><Timestamp>1365546354186</Timestamp><DateTime>Tue, 2013-04-09 18:25:54 EDT</DateTime></Topic><Msg>See, if we had given guns to ALL six year olds, this wouldn't have happened.</Msg><Username>belongsinamuseum</Username><Timestamp>1365555786137</Timestamp><DateTime>Tue, 2013-04-09 21:03:06 EDT</DateTime><ThumbUp>1</ThumbUp><ThumbDown>3</ThumbDown><Sentiment/></Message><Message type="TopicMessage"><Id>1365558540808-143</Id><Title>we must protect the second amendment right for</Title><Msg>terrorist and crazy gun nuts to buy assault weapons and shoot little children, Hey it's in the constitution the right to murder children!!</Msg><Username>dumb.ivan</Username><Timestamp>1365558540808</Timestamp><DateTime>Tue, 2013-04-09 21:49:00 EDT</DateTime><ThumbUp>3</ThumbUp><ThumbDown>2</ThumbDown><Sentiment/></Message><Message type="TopicMessage"><Id>1365558829310-144</Id><Title>US Presidential I.Q.'s</Title><Msg>US Presidential I.Q.'s Google and take a look for yourself. US Presidential I.Q.'s 112 Franklin D. Roosevelt (D) 101 Harry Truman (D) 122 Dwight D. Eisenhower (R) 136 Bush 1 (R) 129 Bush 2 (R) 110 Clinton (D) Playboys 89 Obama (D) socailist now we know why he sealed his college records.</Msg><Username>vensh_u_to</Username><Timestamp>1365558829310</Timestamp><DateTime>Tue, 2013-04-09 21:53:49 EDT</DateTime><ThumbUp>1</ThumbUp><ThumbDown>2</ThumbDown><Sentiment/></Message><Message type="TopicMessage"><Id>1365558874096-145</Id><Title>BEYONCE dedicates new song to Obama -♫♪ ♫ ♫♪ Yes Barack Your a Big Spender $$$ ♫ ♪♫♪ ♫ ♫♪ ♫ ♪ and liar to ♫♪</Title><Msg>BEYONCE dedicates new song to Obama -♫♪ ♫ ♫♪ Yes Barack Your a Big Spender $$$ ♫ ♪♫♪ ♫ ♫♪ ♫ ♪ and liar to ♫♪ ♫ Now come clean admit you love smoking still too. Now everyone sing along and add your new lines too.</Msg><Username>vensh_u_to</Username><Timestamp>1365558874096</Timestamp><DateTime>Tue, 2013-04-09 21:54:34 EDT</DateTime><ThumbUp>2</ThumbUp><ThumbDown>1</ThumbDown><Sentiment/></Message><Message type="TopicMessage"><Id>1365558966361-146</Id><Title>Liberals so vert sorry but here is why Hillary Clinton will never be President. ________ EVER! _______________!!!!</Title><Msg>Hillary Clinton says Billy &amp; Bengazi wreck her chance to run as an Old Bag in 2016. Liberals sorry but here is why Hillary Clinton will never be President. ________ EVER! _______________!!!! Too much baggage with Billy boy and Monica Sex lies and Cigars, plus Obama &amp; Hillary failed to take a firm stand against the Libyan insurgents who beat and murdered our ambassador in Benghazi, and it took her nearly two weeks to acknowledge it was a terrorist attack. Bill taught her well how to cover-up and lie. But the DNA Bill left on Monica’s Dress exposed a lie on Bill. Enough said.</Msg><Username>vensh_u_to</Username><Timestamp>1365558966361</Timestamp><DateTime>Tue, 2013-04-09 21:56:06 EDT</DateTime><ThumbUp>3</ThumbUp><ThumbDown>1</ThumbDown><Sentiment/></Message><Message type="TopicMessage"><Id>1365559099759-147</Id><Title>Rate as Best Joke of 2013. (( Warning not for Liberals so please do not read. )) Thank you.</Title><Msg>Here is Obama &amp; Pope Joke for you CONSERVATIVES to enjoy! A Good Catholic Joke about the Pope &amp; Obama The Pope and Obama are on the same stage in Yankee Stadium in front of a huge crowd. The Pope leans towards Mr. Obama and said, "Do you know that with one little wave of my hand I can make every person in this crowd go wild with joy? This joy will not be a momentary display, but will go deep into their hearts and they'll forever speak of this day and rejoice!" Obama replied, "I seriously doubt that! With one little wave of your hand....Show me!" So the Pope backhanded him and knocked him off the stage! AND THE CROWD ROARED &amp; CHEERED WILDLY and there was happiness throughout the land Kind of brings a tear to your eye, doesn't it?</Msg><Username>vensh_u_to</Username><Timestamp>1365559099759</Timestamp><DateTime>Tue, 2013-04-09 21:58:19 EDT</DateTime><ThumbUp>3</ThumbUp><ThumbDown>1</ThumbDown><Sentiment/></Message><Message type="TopicMessage"><Id>1365559179758-148</Id><Title>NEW Democrats Hall of Shame OPENS TODAY. FREE ADMISSION FREE FOOD FOR DEMOCRATS ONLY.</Title><Msg>NEW Democrats Hall of Shame OPENS TODAY. FREE ADMISSION. Two Newest members Jesse Jackson Jr. scamming campaign money &amp; found guilty and Larry Brinkin, the gay activist arrested for child pornography today 3/14/13. 1. Bill Clinton the Cigar Sex expert with Monica. 2. Anthony Wiener the twitter pervert photo poster. 3. John Edwards who cheated on his dying wife. 4. Al Gore the massage in hotel sex pervert. 5. Barney Frank the GAY lover now married to another man. 6. Charley Rangel the tax cheat expert. 7. Gary Hart the boat cheating lover boy. 8. The 3- Kennedy Boys real hound dogs. 9. Former New Orleans mayor Ray Nagin 10. Jesse Jackson that is my baby after all. 11. Lance Armstrong another famous lying liberal. 12. Bob Menendez democrat Senate member that loves 16 year old girls. 13. Larry Brinkin, the gay activist arrested for child pornography today 3/14/13. 14. Obama &amp; Vera and neither are talking. Why do Liberals elect and love dirt bags like listed above.</Msg><Username>vensh_u_to</Username><Timestamp>1365559179758</Timestamp><DateTime>Tue, 2013-04-09 21:59:39 EDT</DateTime><ThumbUp>2</ThumbUp><ThumbDown>2</ThumbDown><Sentiment/></Message><Message type="TopicMessage"><Id>1365559945522-149</Id><Title>clearly established now</Title><Msg>drstone maxwizard Junior.. vensh goparegreatfolks and allnewquincy are the same poster, LOL what kind of loser needs to spend all day with multiple id's posting meaningless #$%$?</Msg><Username>dumb.ivan</Username><Timestamp>1365559945522</Timestamp><DateTime>Tue, 2013-04-09 22:12:25 EDT</DateTime><ThumbUp>1</ThumbUp><ThumbDown>2</ThumbDown><Sentiment/></Message><Message type="TopicMessage"><Id>1365560314507-150</Id><Title>"IVAN THE HOE" Where are you?</Title><Msg>I've had to hire a comedian to make it through the day without your posts.</Msg><Username>dumpbernanke</Username><Timestamp>1365560314507</Timestamp><DateTime>Tue, 2013-04-09 22:18:34 EDT</DateTime><ThumbUp>0</ThumbUp><ThumbDown>1</ThumbDown><Sentiment/></Message><Message type="ReplyMessage"><Id>1365560623608-151</Id><Topic><Title>Rate as Best Joke of 2013. (( Warning not for Liberals so please do not read. )) Thank you.</Title><Username>vensh_u_to</Username><Timestamp>1365559099759</Timestamp><DateTime>Tue, 2013-04-09 21:58:19 EDT</DateTime></Topic><Msg>Tell me another story, Grandpa!</Msg><Username>belongsinamuseum</Username><Timestamp>1365560623608</Timestamp><DateTime>Tue, 2013-04-09 22:23:43 EDT</DateTime><ThumbUp>0</ThumbUp><ThumbDown>3</ThumbDown><Sentiment/></Message><Message type="ReplyMessage"><Id>1365560911695-152</Id><Topic><Title>Rate as Best Joke of 2013. (( Warning not for Liberals so please do not read. )) Thank you.</Title><Username>vensh_u_to</Username><Timestamp>1365559099759</Timestamp><DateTime>Tue, 2013-04-09 21:58:19 EDT</DateTime></Topic><Msg>did you know Oloser is also a LAME LAME LAME DUCK! LMAO!!!!</Msg><Username>lameduck0bama</Username><Timestamp>1365560911695</Timestamp><DateTime>Tue, 2013-04-09 22:28:31 EDT</DateTime><ThumbUp>1</ThumbUp><ThumbDown>1</ThumbDown><Sentiment/></Message><Message type="ReplyMessage"><Id>1365561213458-153</Id><Topic><Title>Four yr. old Dem Shoots 6 yr. old</Title><Username>donkeydouchebags</Username><Timestamp>1365546354186</Timestamp><DateTime>Tue, 2013-04-09 18:25:54 EDT</DateTime></Topic><Msg>if only we could hire that same 4 yr. old to take your ilk out!</Msg><Username>donkeydouchebags</Username><Timestamp>1365561213458</Timestamp><DateTime>Tue, 2013-04-09 22:33:33 EDT</DateTime><ThumbUp>0</ThumbUp><ThumbDown>1</ThumbDown><Sentiment/></Message><Message type="TopicMessage"><Id>1365561407294-154</Id><Title>isn't it funny</Title><Msg>drstone.. yohho-and bachus100 goparegreatfolks maxwizard drstone3 juniorclassmate vensh... all the same loser posting the exact same post, LOL Ivan you are such a loser</Msg><Username>dumb.ivan</Username><Timestamp>1365561407294</Timestamp><DateTime>Tue, 2013-04-09 22:36:47 EDT</DateTime><ThumbUp>2</ThumbUp><ThumbDown>2</ThumbDown><Sentiment/></Message><Message type="ReplyMessage"><Id>1365561546998-155</Id><Topic><Title>isn't it funny</Title><Username>dumb.ivan</Username><Timestamp>1365561407294</Timestamp><DateTime>Tue, 2013-04-09 22:36:47 EDT</DateTime></Topic><Msg>you attack them but how many ids do you have pea nus breath?</Msg><Username>donkeydouchebags</Username><Timestamp>1365561546998</Timestamp><DateTime>Tue, 2013-04-09 22:39:06 EDT</DateTime><ThumbUp>0</ThumbUp><ThumbDown>3</ThumbDown><Sentiment/></Message><Message type="ReplyMessage"><Id>1365561595862-156</Id><Topic><Title>isn't it funny</Title><Username>dumb.ivan</Username><Timestamp>1365561407294</Timestamp><DateTime>Tue, 2013-04-09 22:36:47 EDT</DateTime></Topic><Msg>1 pinhead</Msg><Username>dumb.ivan</Username><Timestamp>1365561595862</Timestamp><DateTime>Tue, 2013-04-09 22:39:55 EDT</DateTime><ThumbUp>2</ThumbUp><ThumbDown>2</ThumbDown><Sentiment/></Message><Message type="TopicMessage"><Id>1365561669101-157</Id><Title>Sen James Risch (R) Idaho</Title><Msg>on CNN now saying we must keep guns out of the hands of felons and the mentally ill but he is against background checks, LOL</Msg><Username>dumb.ivan</Username><Timestamp>1365561669101</Timestamp><DateTime>Tue, 2013-04-09 22:41:09 EDT</DateTime><ThumbUp>1</ThumbUp><ThumbDown>2</ThumbDown><Sentiment/></Message><Message type="ReplyMessage"><Id>1365561954482-158</Id><Topic><Title>juniorsclassmate_5 • PLEASE KEEP YOU PROMISE OR DO YOU LIE DAILY LIKE OBAMA DOES.</Title><Username>vensh_1</Username><Timestamp>1363129405988</Timestamp><DateTime>Tue, 2013-03-12 19:03:25 EDT</DateTime></Topic><Msg>juniorsclassmate_5 - is a troll that posts under many Yahoo names just so everyone knows what a fool he is.</Msg><Username>no_compromise9ever</Username><Timestamp>1365561954482</Timestamp><DateTime>Tue, 2013-04-09 22:45:54 EDT</DateTime><ThumbUp>1</ThumbUp><ThumbDown>1</ThumbDown><Sentiment/></Message><Message type="ReplyMessage"><Id>1365562197008-159</Id><Topic><Title>Liberals sorry but Why Hillary Clinton will never be President. ________ EVER! _______________!!!!</Title><Username>juniorsclassmate684</Username><Timestamp>1364812376112</Timestamp><DateTime>Mon, 2013-04-01 06:32:56 EDT</DateTime></Topic><Msg>Hillary way to fat and way to old to run anything. She will need by-pass heart surgery soon for all the Big Macs she eat with Bill on date nights out on the town. LOL! she is a Joke.</Msg><Username>no_compromise9ever</Username><Timestamp>1365562197008</Timestamp><DateTime>Tue, 2013-04-09 22:49:57 EDT</DateTime><ThumbUp>1</ThumbUp><ThumbDown>1</ThumbDown><Sentiment/></Message><Message type="ReplyMessage"><Id>1365562805573-160</Id><Topic><Title>Four yr. old Dem Shoots 6 yr. old</Title><Username>donkeydouchebags</Username><Timestamp>1365546354186</Timestamp><DateTime>Tue, 2013-04-09 18:25:54 EDT</DateTime></Topic><Msg>If your best argument involves a plot to hire a four year old boy to shoot people, then it looks like you're gonna lose this one...</Msg><Username>belongsinamuseum</Username><Timestamp>1365562805573</Timestamp><DateTime>Tue, 2013-04-09 23:00:05 EDT</DateTime><ThumbUp>0</ThumbUp><ThumbDown>1</ThumbDown><Sentiment/></Message><Message type="ReplyMessage"><Id>1365564624146-161</Id><Topic><Title>Sen James Risch (R) Idaho</Title><Username>dumb.ivan</Username><Timestamp>1365561669101</Timestamp><DateTime>Tue, 2013-04-09 22:41:09 EDT</DateTime></Topic><Msg>Risch is a complete buffoon. Idaho is the only State in which he could possibly be elected. (maybe Texas)</Msg><Username>jen.co44</Username><Timestamp>1365564624146</Timestamp><DateTime>Tue, 2013-04-09 23:30:24 EDT</DateTime><ThumbUp>1</ThumbUp><ThumbDown>2</ThumbDown><Sentiment/></Message><Message type="TopicMessage"><Id>1365564800602-162</Id><Title>CROOKED DEMOCRATS BUG SENATOR MCCONNELLS OFFICE = WATERGATE 2</Title><Msg>Crooked democrats bug senator mcconnells office = watergate 2</Msg><Username>twirling_dancer_giggles</Username><Timestamp>1365564800602</Timestamp><DateTime>Tue, 2013-04-09 23:33:20 EDT</DateTime><ThumbUp>6</ThumbUp><ThumbDown>1</ThumbDown><Sentiment/></Message><Message type="TopicMessage"><Id>1365564890177-163</Id><Title>WHILE OBAMA FURLOUGHS MILLIONS OBAMA THROWS SEQUESTER PARTY IN WHITE HOUSE</Title><Msg>WHILE OBAMA FURLOUGHS MILLIONS OBAMA THROWS SEQUESTER PARTY IN WHITE HOUSE spending millions of dollars of taxpayer money for this party while laying off millions.</Msg><Username>twirling_dancer_giggles</Username><Timestamp>1365564890177</Timestamp><DateTime>Tue, 2013-04-09 23:34:50 EDT</DateTime><ThumbUp>6</ThumbUp><ThumbDown>1</ThumbDown><Sentiment/></Message><Message type="TopicMessage"><Id>1365565077146-164</Id><Title>SAFE FROM SEQUESTER $705,000 FOR GARDENING OF BRUSSELS RESIDENTS HOME</Title><Msg>SAFE FROM SEQUESTER $705,000 FOR GARDENING OF BRUSSELS RESIDENTS HOME. Why does Obama keep spending millions on foreigners and keeps shafting Americans???</Msg><Username>twirling_dancer_giggles</Username><Timestamp>1365565077146</Timestamp><DateTime>Tue, 2013-04-09 23:37:57 EDT</DateTime><ThumbUp>6</ThumbUp><ThumbDown>1</ThumbDown><Sentiment/></Message><Message type="TopicMessage"><Id>1365565188119-165</Id><Title>OBAMA ADMIN SPENDING BILLIONS FOR DOCUMENTS THAT R FREE ONLINE WTH???</Title><Msg>Obama admin spending billions for documents that r free online wth???</Msg><Username>twirling_dancer_giggles</Username><Timestamp>1365565188119</Timestamp><DateTime>Tue, 2013-04-09 23:39:48 EDT</DateTime><ThumbUp>6</ThumbUp><ThumbDown>1</ThumbDown><Sentiment/></Message><Message type="TopicMessage"><Id>1365565502655-166</Id><Title>DEMOCRAT PROFESSOR INVESTIGATED 4 FORCING STUDENTS TO CREATE ANTI-GUN POSTERS</Title><Msg>DEMOCRAT PROFESSOR INVESTIGATED 4 FORCING STUDENTS TO CREATE ANTI-GUN POSTERS for her personal anti-gun campaign.</Msg><Username>ralph_nader_voter</Username><Timestamp>1365565502655</Timestamp><DateTime>Tue, 2013-04-09 23:45:02 EDT</DateTime><ThumbUp>4</ThumbUp><ThumbDown>1</ThumbDown><Sentiment/></Message><Message type="ReplyMessage"><Id>1365565706817-167</Id><Topic><Title>COLORADO DEMOCRAT OF THE YEAR CONVICTED OF FELONY ROBBERY AND ELDERLY ABUSE</Title><Username>citizens_against_toxic_waste</Username><Timestamp>1362357819316</Timestamp><DateTime>Sun, 2013-03-03 19:43:39 EST</DateTime></Topic><Msg>Typical evil sociopathic democrat</Msg><Username>ralph_nader_voter</Username><Timestamp>1365565706817</Timestamp><DateTime>Tue, 2013-04-09 23:48:26 EDT</DateTime><ThumbUp>3</ThumbUp><ThumbDown>1</ThumbDown><Sentiment/></Message><Message type="TopicMessage"><Id>1365566124850-168</Id><Title>VIOLENT CONVICT RELEASED BY JERRY BROWN VICIOUSLY MURDERS WOMAN</Title><Msg>VIOLENT CONVICT RELEASED BY JERRY BROWN VICIOUSLY MURDERS WOMAN From Redlandsdailyfacts news website: ""Had Mulder remained incarcerated, on either recent occasion, for his full sentence, this woman would still be alive and this entire incident would not have occurred. I see this situation only continuing to get worse as California continues to reach the federally mandated levels of the prison population this year. This is going to result in approximately 9,000 more dangerous prisoners soon being released into our communities. I fear the worst is yet to come. "</Msg><Username>obama_bp_oil_spill_horror</Username><Timestamp>1365566124850</Timestamp><DateTime>Tue, 2013-04-09 23:55:24 EDT</DateTime><ThumbUp>4</ThumbUp><ThumbDown>1</ThumbDown><Sentiment/></Message></Date>