<?xml version="1.0" encoding="UTF-8" standalone="no"?><Date date="2013-02-11"><Message type="ReplyMessage"><Id>1360562031701-1</Id><Topic><Title>Who will be missing from the State of the Union speech?</Title><Username>coward_of_benghazi</Username><Timestamp>1360546631760</Timestamp><DateTime>Sun, 2013-02-10 20:37:11 EST</DateTime></Topic><Msg>Lip service. Here's just a sampling from Obama's first term: • January 2009: "My economic agenda ... begins with jobs." • November 2009: "This is my administration's overriding focus." • January 2010: "We are going to have a sustained and relentless focus over the next several months on accelerating the pace of job creation, because that's priority No. 1." • September 2010: "Our No. 1 focus has to be jobs, jobs, jobs." • December 2010: "My singular focus over the next two years is ... jump-starting the economy so that we actually start making a dent in the unemployment rate." • January 2011: "My principal focus, my No. 1 focus, is going be making sure that we are ... creating jobs not just now but well into the future." • November 2012: "Our top priority has to be jobs and growth."</Msg><Username>yohoho_andabottlea</Username><Timestamp>1360562031701</Timestamp><DateTime>Mon, 2013-02-11 00:53:51 EST</DateTime><ThumbUp>1</ThumbUp><ThumbDown>2</ThumbDown><Sentiment>Strong Buy</Sentiment></Message><Message type="ReplyMessage"><Id>1360562307565-2</Id><Topic><Title>THERE IS ABSOLUTELY no CHANCE THAT DA14 WILL HIT EARTH!!! no chance.....no chance...</Title><Username>walterbyrdman11</Username><Timestamp>1360522397826</Timestamp><DateTime>Sun, 2013-02-10 13:53:17 EST</DateTime></Topic><Msg>A rock the size of a 13 story office building will thread the needle between all the space junk circling Earth in the closest ever flyby in history. But you won't see it. No worries. All is well.</Msg><Username>yohoho_andabottlea</Username><Timestamp>1360562307565</Timestamp><DateTime>Mon, 2013-02-11 00:58:27 EST</DateTime><ThumbUp>0</ThumbUp><ThumbDown>1</ThumbDown><Sentiment>Strong Buy</Sentiment></Message><Message type="ReplyMessage"><Id>1360562471956-3</Id><Topic><Title>ANN COULTER: ONE HOT HOT CHICK!!!!</Title><Username>mrjasongayby</Username><Timestamp>1360551343252</Timestamp><DateTime>Sun, 2013-02-10 21:55:43 EST</DateTime></Topic><Msg>Lesson 1: The Republicans freed the slaves. Lincoln was a Republican. Copperhead Democrats opposed the Emancipation Proclamation.</Msg><Username>yohoho_andabottlea</Username><Timestamp>1360562471956</Timestamp><DateTime>Mon, 2013-02-11 01:01:11 EST</DateTime><ThumbUp>3</ThumbUp><ThumbDown>2</ThumbDown><Sentiment>Strong Buy</Sentiment></Message><Message type="ReplyMessage"><Id>1360586728816-4</Id><Topic><Title>Cisco System - it's time</Title><Username>jaredgonzales484</Username><Timestamp>1359027598771</Timestamp><DateTime>Thu, 2013-01-24 06:39:58 EST</DateTime></Topic><Msg>Important info. Thank you</Msg><Username>carllee622</Username><Timestamp>1360586728816</Timestamp><DateTime>Mon, 2013-02-11 07:45:28 EST</DateTime><ThumbUp>0</ThumbUp><ThumbDown>2</ThumbDown><Sentiment/></Message><Message type="TopicMessage"><Id>1360587906704-5</Id><Title>Cisco upgraded again this morning</Title><Msg>Mizuho Securities raised Cisco price target from $23 to $25 this morning. Cisco reports earnings after the bell this Wednesday. .48 and 12.23 Billion are expected.</Msg><Username>fluteman_greg</Username><Timestamp>1360587906704</Timestamp><DateTime>Mon, 2013-02-11 08:05:06 EST</DateTime><ThumbUp>1</ThumbUp><ThumbDown>1</ThumbDown><Sentiment/></Message><Message type="ReplyMessage"><Id>1360589321421-6</Id><Topic><Title>Did you see this report yet? (CSCO)</Title><Username>mphreyantoinette</Username><Timestamp>1359741550561</Timestamp><DateTime>Fri, 2013-02-01 12:59:10 EST</DateTime></Topic><Msg>Wow free of charge. I love it. Thanks</Msg><Username>referancesdelores</Username><Timestamp>1360589321421</Timestamp><DateTime>Mon, 2013-02-11 08:28:41 EST</DateTime><ThumbUp>0</ThumbUp><ThumbDown>2</ThumbDown><Sentiment/></Message><Message type="ReplyMessage"><Id>1360591987461-7</Id><Topic><Title>Results from communism in america</Title><Username>deadpainting</Username><Timestamp>1360590704146</Timestamp><DateTime>Mon, 2013-02-11 08:51:44 EST</DateTime></Topic><Msg>Obama is a National Socialist. America's chief export under Obama is inflation. Obama policies are causing a global recession. Sequester was Obama's bad idea.</Msg><Username>yohoho_andabottlea</Username><Timestamp>1360591987461</Timestamp><DateTime>Mon, 2013-02-11 09:13:07 EST</DateTime><ThumbUp>3</ThumbUp><ThumbDown>1</ThumbDown><Sentiment>Strong Buy</Sentiment></Message><Message type="ReplyMessage"><Id>1360592076340-8</Id><Topic><Title>sissy graham is anti american</Title><Username>juniorsclassmate_5</Username><Timestamp>1360589624704</Timestamp><DateTime>Mon, 2013-02-11 08:33:44 EST</DateTime></Topic><Msg>are you stupid or something? Oh, sorry just seen who posted, already know you are stupid junior.</Msg><Username>captgail4444444</Username><Timestamp>1360592076340</Timestamp><DateTime>Mon, 2013-02-11 09:14:36 EST</DateTime><ThumbUp>5</ThumbUp><ThumbDown>2</ThumbDown><Sentiment/></Message><Message type="ReplyMessage"><Id>1360592120860-9</Id><Topic><Title>Results from communism in america</Title><Username>deadpainting</Username><Timestamp>1360590704146</Timestamp><DateTime>Mon, 2013-02-11 08:51:44 EST</DateTime></Topic><Msg>Eight in 10 Americans are skeptical that career and employment opportunities will be better for the next generation. *** Obama has stolen America's future. The borrowed America into a black hole. There is no bright future in the Banana Republic of America. We need more negative divisive bashing fascist Obama supporters.</Msg><Username>yohoho_andabottlea</Username><Timestamp>1360592120860</Timestamp><DateTime>Mon, 2013-02-11 09:15:20 EST</DateTime><ThumbUp>4</ThumbUp><ThumbDown>1</ThumbDown><Sentiment/></Message><Message type="ReplyMessage"><Id>1360592173333-10</Id><Topic><Title>Results from communism in america</Title><Username>deadpainting</Username><Timestamp>1360590704146</Timestamp><DateTime>Mon, 2013-02-11 08:51:44 EST</DateTime></Topic><Msg>1 out of 2 Americans think the country is heading in the wrong direction. We'll see that ratio steadily narrowing into next year and will eventually close the gap by late next year...</Msg><Username>carrik.fergus</Username><Timestamp>1360592173333</Timestamp><DateTime>Mon, 2013-02-11 09:16:13 EST</DateTime><ThumbUp>3</ThumbUp><ThumbDown>2</ThumbDown><Sentiment/></Message><Message type="ReplyMessage"><Id>1360592316664-11</Id><Topic><Title>Did you see this report yet? (CSCO)</Title><Username>mphreyantoinette</Username><Timestamp>1359741550561</Timestamp><DateTime>Fri, 2013-02-01 12:59:10 EST</DateTime></Topic><Msg>Big Brother is using drones to look in through windows and record conversations. You shall be assimilated.</Msg><Username>yohoho_andabottlea</Username><Timestamp>1360592316664</Timestamp><DateTime>Mon, 2013-02-11 09:18:36 EST</DateTime><ThumbUp>0</ThumbUp><ThumbDown>0</ThumbDown><Sentiment>Strong Buy</Sentiment></Message><Message type="ReplyMessage"><Id>1360592551530-12</Id><Topic><Title>WETBRAINS MARKETS ARE CWASHING!!! OBAMA A FAILURE!!!</Title><Username>juniorsclassmate_5</Username><Timestamp>1360587750011</Timestamp><DateTime>Mon, 2013-02-11 08:02:30 EST</DateTime></Topic><Msg>Obama dollar debasement is the reason gold is above $1600, oil is back at $100. Stocks are up because dollar has become a worthless rag. Revenue growth is stagnant. EPS is manipulated by firing workers and cutting wages. Global currency crisis exploding. Obama is re-creating the Great Depression.</Msg><Username>yohoho_andabottlea</Username><Timestamp>1360592551530</Timestamp><DateTime>Mon, 2013-02-11 09:22:31 EST</DateTime><ThumbUp>1</ThumbUp><ThumbDown>1</ThumbDown><Sentiment>Strong Buy</Sentiment></Message><Message type="ReplyMessage"><Id>1360592823002-13</Id><Topic><Title>OBAMA’S 2013 State of Union speech in one sentence. YOU CAN NOT ARGUE with FAILURE.</Title><Username>drstone3</Username><Timestamp>1360502084178</Timestamp><DateTime>Sun, 2013-02-10 08:14:44 EST</DateTime></Topic><Msg>Memorable events in the Year of the Snake 1929 Crash 9/11</Msg><Username>yohoho_andabottlea</Username><Timestamp>1360592823002</Timestamp><DateTime>Mon, 2013-02-11 09:27:03 EST</DateTime><ThumbUp>1</ThumbUp><ThumbDown>1</ThumbDown><Sentiment>Strong Buy</Sentiment></Message><Message type="ReplyMessage"><Id>1360592997407-14</Id><Topic><Title>sissy graham is anti american</Title><Username>juniorsclassmate_5</Username><Timestamp>1360589624704</Timestamp><DateTime>Mon, 2013-02-11 08:33:44 EST</DateTime></Topic><Msg>(note the catastrophic negligence that gave us the worst national security lapse since Pearl Harbor) Nancy Pelosi shutting down and refusing to open our oil fields Dodd-Frank and the housing mess, your BS global warming and a bunch of free loaders leaching off the Government had nothing to do with it. All the stimulus money used to repay Obama's election debts ---- and all that was Bush's doing? Yep, you are one dumb pecker-wood, blinded by drinking the cool aid and listening to the lies</Msg><Username>captgail4444444</Username><Timestamp>1360592997407</Timestamp><DateTime>Mon, 2013-02-11 09:29:57 EST</DateTime><ThumbUp>7</ThumbUp><ThumbDown>2</ThumbDown><Sentiment/></Message><Message type="ReplyMessage"><Id>1360594170612-15</Id><Topic><Title>THE GOP RESPONSE TO OBAMA'S STATE OF THE UNION</Title><Username>dumb.ivan</Username><Timestamp>1360593949704</Timestamp><DateTime>Mon, 2013-02-11 09:45:49 EST</DateTime></Topic><Msg>Why has he intervened in Border Agent Brian Terry's Death investigation? Records still sealed protecting Eric Holder?</Msg><Username>captgail4444444</Username><Timestamp>1360594170612</Timestamp><DateTime>Mon, 2013-02-11 09:49:30 EST</DateTime><ThumbUp>3</ThumbUp><ThumbDown>2</ThumbDown><Sentiment/></Message><Message type="ReplyMessage"><Id>1360594509623-16</Id><Topic><Title>THE GOP RESPONSE TO OBAMA'S STATE OF THE UNION</Title><Username>dumb.ivan</Username><Timestamp>1360593949704</Timestamp><DateTime>Mon, 2013-02-11 09:45:49 EST</DateTime></Topic><Msg>Is the race card the best you got,Junior??</Msg><Username>banjobob45</Username><Timestamp>1360594509623</Timestamp><DateTime>Mon, 2013-02-11 09:55:09 EST</DateTime><ThumbUp>0</ThumbUp><ThumbDown>1</ThumbDown><Sentiment/></Message><Message type="ReplyMessage"><Id>1360594862687-17</Id><Topic><Title>ANN COULTER: ONE HOT HOT CHICK!!!!</Title><Username>mrjasongayby</Username><Timestamp>1360551343252</Timestamp><DateTime>Sun, 2013-02-10 21:55:43 EST</DateTime></Topic><Msg>Junior considers Frankie Smith REALLY HOT!!!! Who is that you ask?? Frankie is the eight year old boy who lives in the trailer next to Junior's.</Msg><Username>careyh5050</Username><Timestamp>1360594862687</Timestamp><DateTime>Mon, 2013-02-11 10:01:02 EST</DateTime><ThumbUp>3</ThumbUp><ThumbDown>2</ThumbDown><Sentiment/></Message><Message type="ReplyMessage"><Id>1360595167915-18</Id><Topic><Title>THE GOP RESPONSE TO OBAMA'S STATE OF THE UNION</Title><Username>dumb.ivan</Username><Timestamp>1360593949704</Timestamp><DateTime>Mon, 2013-02-11 09:45:49 EST</DateTime></Topic><Msg>With all the ids you use I'm not really sure. Thanks for throwing me a slow one,Junior. HOME RUN!! BTW, is this my day to be Carey? LOL</Msg><Username>banjobob45</Username><Timestamp>1360595167915</Timestamp><DateTime>Mon, 2013-02-11 10:06:07 EST</DateTime><ThumbUp>0</ThumbUp><ThumbDown>0</ThumbDown><Sentiment/></Message><Message type="ReplyMessage"><Id>1360595819355-19</Id><Topic><Title>Republican Party is the K K K</Title><Username>buddhazenpeace</Username><Timestamp>1360595640439</Timestamp><DateTime>Mon, 2013-02-11 10:14:00 EST</DateTime></Topic><Msg>Robert Byrd = Exalted Grand Wizard and leader of the democratic party,Stupid .</Msg><Username>banjobob45</Username><Timestamp>1360595819355</Timestamp><DateTime>Mon, 2013-02-11 10:16:59 EST</DateTime><ThumbUp>1</ThumbUp><ThumbDown>1</ThumbDown><Sentiment/></Message><Message type="TopicMessage"><Id>1360595980693-20</Id><Title>I love liberals</Title><Msg>Everyone is dumb but them yet they cant even take care of themselves without mommy government.</Msg><Username>deadpainting</Username><Timestamp>1360595980693</Timestamp><DateTime>Mon, 2013-02-11 10:19:40 EST</DateTime><ThumbUp>4</ThumbUp><ThumbDown>2</ThumbDown><Sentiment/></Message><Message type="TopicMessage"><Id>1360596296049-21</Id><Title>(Bubble alert) market is rigged by government</Title><Msg>PE LEVELS on S&amp;P 500 show that liberals responsible for the biggest bubbles in history-123.79 (May 2009) billys was 45 and I thought that was bad. we know how this ends, somhow liberals will be shocked and look to blame the next guy.</Msg><Username>deadpainting</Username><Timestamp>1360596296049</Timestamp><DateTime>Mon, 2013-02-11 10:24:56 EST</DateTime><ThumbUp>0</ThumbUp><ThumbDown>2</ThumbDown><Sentiment/></Message><Message type="ReplyMessage"><Id>1360596596840-22</Id><Topic><Title>Republican Party of Hate and Fear</Title><Username>buddhazenpeace</Username><Timestamp>1360596205863</Timestamp><DateTime>Mon, 2013-02-11 10:23:25 EST</DateTime></Topic><Msg>oh look jr magoo has a new ID. what a putz.</Msg><Username>deadpainting</Username><Timestamp>1360596596840</Timestamp><DateTime>Mon, 2013-02-11 10:29:56 EST</DateTime><ThumbUp>2</ThumbUp><ThumbDown>2</ThumbDown><Sentiment/></Message><Message type="TopicMessage"><Id>1360597537357-23</Id><Title>DORNER..CLASSIC DEMOCRAT!!!</Title><Msg>Killing people for fun....wow, I'll bet Democrats are really ashamed that another black man is killing lots of folks, including another black police officer and an Asian lady...why do so many crazy black men kill other black men, Asians and Hispanics??? Do black men hate themselves? Why? We think all men are created equal.....</Msg><Username>walterbyrdman11</Username><Timestamp>1360597537357</Timestamp><DateTime>Mon, 2013-02-11 10:45:37 EST</DateTime><ThumbUp>4</ThumbUp><ThumbDown>3</ThumbDown><Sentiment/></Message><Message type="ReplyMessage"><Id>1360597617954-24</Id><Topic><Title>ANN COULTER: ONE HOT HOT CHICK!!!!</Title><Username>mrjasongayby</Username><Timestamp>1360551343252</Timestamp><DateTime>Sun, 2013-02-10 21:55:43 EST</DateTime></Topic><Msg>Hmmmmm. No cute remarks from Junior. HEEHEEHEEHEEHEEHEEHEEHEEHEE</Msg><Username>careyh5050</Username><Timestamp>1360597617954</Timestamp><DateTime>Mon, 2013-02-11 10:46:57 EST</DateTime><ThumbUp>1</ThumbUp><ThumbDown>2</ThumbDown><Sentiment/></Message><Message type="ReplyMessage"><Id>1360597814800-25</Id><Topic><Title>I love liberals</Title><Username>deadpainting</Username><Timestamp>1360595980693</Timestamp><DateTime>Mon, 2013-02-11 10:19:40 EST</DateTime></Topic><Msg>yes dumb enough to have your tax dollars in hand. hahahahahahahahahaha government made most take money by force.</Msg><Username>deadpainting</Username><Timestamp>1360597814800</Timestamp><DateTime>Mon, 2013-02-11 10:50:14 EST</DateTime><ThumbUp>0</ThumbUp><ThumbDown>1</ThumbDown><Sentiment/></Message><Message type="ReplyMessage"><Id>1360598484265-26</Id><Topic><Title>ANN COULTER: ONE HOT HOT CHICK!!!!</Title><Username>mrjasongayby</Username><Timestamp>1360551343252</Timestamp><DateTime>Sun, 2013-02-10 21:55:43 EST</DateTime></Topic><Msg>As gayz AwholeSmith And Surf are threatened by A BBBBEAUUUTIFUL WOMAN like Ann---toooofunny!!!!</Msg><Username>mrjasongayby</Username><Timestamp>1360598484265</Timestamp><DateTime>Mon, 2013-02-11 11:01:24 EST</DateTime><ThumbUp>3</ThumbUp><ThumbDown>3</ThumbDown><Sentiment/></Message><Message type="TopicMessage"><Id>1360598638663-27</Id><Title>BLACK FRANKY OCEAN CAME OUT GAY LAST NIGHT ON GRAMMY!</Title><Msg>he sang of his qwear love for white dudes who he just calls "Forest Gump" in his song! Best of all he's a bleck Obama voter gayhomo no??? LOL!!!!!</Msg><Username>mrjasongayby</Username><Timestamp>1360598638663</Timestamp><DateTime>Mon, 2013-02-11 11:03:58 EST</DateTime><ThumbUp>5</ThumbUp><ThumbDown>2</ThumbDown><Sentiment/></Message><Message type="ReplyMessage"><Id>1360599196996-28</Id><Topic><Title>BLACK FRANKY OCEAN CAME OUT GAY LAST NIGHT ON GRAMMY!</Title><Username>mrjasongayby</Username><Timestamp>1360598638663</Timestamp><DateTime>Mon, 2013-02-11 11:03:58 EST</DateTime></Topic><Msg>lol so you're telling us that just like surf/junior he loves white dood pole!</Msg><Username>donkeydouchebags</Username><Timestamp>1360599196996</Timestamp><DateTime>Mon, 2013-02-11 11:13:16 EST</DateTime><ThumbUp>3</ThumbUp><ThumbDown>2</ThumbDown><Sentiment/></Message><Message type="ReplyMessage"><Id>1360599384188-29</Id><Topic><Title>Is CSCO ready to break out?</Title><Username>english.mary73</Username><Timestamp>1360251493879</Timestamp><DateTime>Thu, 2013-02-07 10:38:13 EST</DateTime></Topic><Msg>No 10% correction for 500 days. Everyone was surprised by Obama's resignation.</Msg><Username>yohoho_andabottlea</Username><Timestamp>1360599384188</Timestamp><DateTime>Mon, 2013-02-11 11:16:24 EST</DateTime><ThumbUp>0</ThumbUp><ThumbDown>0</ThumbDown><Sentiment>Strong Buy</Sentiment></Message><Message type="ReplyMessage"><Id>1360599702742-30</Id><Topic><Title>LITTLE BOY RUBIO NEW GOPer's LEADER !</Title><Username>surfandski</Username><Timestamp>1360598022627</Timestamp><DateTime>Mon, 2013-02-11 10:53:42 EST</DateTime></Topic><Msg>Joe Biden=2016 LOLOLOLOLOLOLOLOLOL Bob Beckel says Hillary aint running.LOLOLOLOLOLOL</Msg><Username>careyh5050</Username><Timestamp>1360599702742</Timestamp><DateTime>Mon, 2013-02-11 11:21:42 EST</DateTime><ThumbUp>1</ThumbUp><ThumbDown>2</ThumbDown><Sentiment/></Message><Message type="ReplyMessage"><Id>1360600917223-31</Id><Topic><Title>DORNER..CLASSIC DEMOCRAT!!!</Title><Username>walterbyrdman11</Username><Timestamp>1360597537357</Timestamp><DateTime>Mon, 2013-02-11 10:45:37 EST</DateTime></Topic><Msg>Meanwhile, LAPD is on a wild rampage to get him. Reports are that the LAPD has riddled at least two SUVs with bullets because they looked similar to the description of Dorner's SUV. Also reports are that LAPD SWAT teams are breaking down every door in a neighborhood where Dorner may be hiding out! Every house &amp; every door! Furthermore, LAPD now has a drone out looking for Dorner and it MAY be an armed predator drone! Word is, if they get him by predator drone it will be the test case in the courts, all the way to the Supreme Court, on a police departyments right to use predator drones over US air-space. First they will get Dorner, then drug lords &amp; gun runners; then burglars &amp; robbers &amp; high speed chasers. Then maybe Occupy Wall Street &amp; Tea Party protesters! (We know those Tea Party protestors are guilty of cleaning up their own litter, instead of leaving it for a unionized public employee to pick up!)</Msg><Username>caliente.zorra</Username><Timestamp>1360600917223</Timestamp><DateTime>Mon, 2013-02-11 11:41:57 EST</DateTime><ThumbUp>5</ThumbUp><ThumbDown>1</ThumbDown><Sentiment>Strong Buy</Sentiment></Message><Message type="ReplyMessage"><Id>1360600989892-32</Id><Topic><Title>(Bubble alert) market is rigged by government</Title><Username>deadpainting</Username><Timestamp>1360596296049</Timestamp><DateTime>Mon, 2013-02-11 10:24:56 EST</DateTime></Topic><Msg>The buying pressure is relentless. You can't lose. Throw a dart.</Msg><Username>yohoho_andabottlea</Username><Timestamp>1360600989892</Timestamp><DateTime>Mon, 2013-02-11 11:43:09 EST</DateTime><ThumbUp>0</ThumbUp><ThumbDown>1</ThumbDown><Sentiment>Strong Buy</Sentiment></Message><Message type="TopicMessage"><Id>1360601414911-33</Id><Title>DON'T WORRY, DA14 WILL not HIT EARTH and OBAMA WILL FIX EVERYTHING IN YOUR LIFE...</Title><Msg>except for the sad relationship you have with your 'partner'...no more spouses...just partners. Yup, its all good... Asteroid will pass far away...at least two hundred miles.. and Obama will announce in his state of the Union that he is actually a Messiah...and will solve your problems....after which he will ascend to the asteroid and zoooom off into space..WE HOPE.</Msg><Username>walterbyrdman11</Username><Timestamp>1360601414911</Timestamp><DateTime>Mon, 2013-02-11 11:50:14 EST</DateTime><ThumbUp>0</ThumbUp><ThumbDown>2</ThumbDown><Sentiment/></Message><Message type="ReplyMessage"><Id>1360601544090-34</Id><Topic><Title>LITTLE BOY RUBIO NEW GOPer's LEADER !</Title><Username>surfandski</Username><Timestamp>1360598022627</Timestamp><DateTime>Mon, 2013-02-11 10:53:42 EST</DateTime></Topic><Msg>joe biden for President...just as soon as he gains bowel control and brain control would help.... I'd love to see Biden and Rubio in a Presidential Debate...fun to watch...Biden sitting down is taller than Biden standing up...so many Depens he wears.</Msg><Username>walterbyrdman11</Username><Timestamp>1360601544090</Timestamp><DateTime>Mon, 2013-02-11 11:52:24 EST</DateTime><ThumbUp>2</ThumbUp><ThumbDown>1</ThumbDown><Sentiment/></Message><Message type="ReplyMessage"><Id>1360601603312-35</Id><Topic><Title>DON'T WORRY, DA14 WILL not HIT EARTH and OBAMA WILL FIX EVERYTHING IN YOUR LIFE...</Title><Username>walterbyrdman11</Username><Timestamp>1360601414911</Timestamp><DateTime>Mon, 2013-02-11 11:50:14 EST</DateTime></Topic><Msg>Don't worry Junior...the asteroid will not bother your hemorrhoid....that was almost a poem, dedicated to all Democrats...he he he</Msg><Username>walterbyrdman11</Username><Timestamp>1360601603312</Timestamp><DateTime>Mon, 2013-02-11 11:53:23 EST</DateTime><ThumbUp>0</ThumbUp><ThumbDown>2</ThumbDown><Sentiment/></Message><Message type="ReplyMessage"><Id>1360601912426-36</Id><Topic><Title>DORNER..CLASSIC DEMOCRAT!!!</Title><Username>walterbyrdman11</Username><Timestamp>1360597537357</Timestamp><DateTime>Mon, 2013-02-11 10:45:37 EST</DateTime></Topic><Msg>yeah but he hasn't killed nearrrr as many innocent people as the average black FEMALE kills in abortion factories across this nation DAILY (about 2200 on ave)!</Msg><Username>donkeydouchebags</Username><Timestamp>1360601912426</Timestamp><DateTime>Mon, 2013-02-11 11:58:32 EST</DateTime><ThumbUp>2</ThumbUp><ThumbDown>3</ThumbDown><Sentiment/></Message><Message type="ReplyMessage"><Id>1360602011510-37</Id><Topic><Title>DORNER..CLASSIC DEMOCRAT!!!</Title><Username>walterbyrdman11</Username><Timestamp>1360597537357</Timestamp><DateTime>Mon, 2013-02-11 10:45:37 EST</DateTime></Topic><Msg>I know that's true, and it's also sad. Black families are and have been severely hammered by the Democratic message, and so are white and Hispanic and Asian families as well, I guess. It's all sad. DEMOCRATS CAUSE ECONOMIC AND EMOTIONAL DEPRESSION...always....why?</Msg><Username>walterbyrdman11</Username><Timestamp>1360602011510</Timestamp><DateTime>Mon, 2013-02-11 12:00:11 EST</DateTime><ThumbUp>2</ThumbUp><ThumbDown>2</ThumbDown><Sentiment/></Message><Message type="TopicMessage"><Id>1360602065526-38</Id><Title>WHEN WILL DEMS ever train theirniggas to Stop Killing the innocent???</Title><Msg>they are just totally out of control! We need to outlaw libwniggas dey is wwwwaaaaay more deadly than any assault rifle nshet!!</Msg><Username>donkeydouchebags</Username><Timestamp>1360602065526</Timestamp><DateTime>Mon, 2013-02-11 12:01:05 EST</DateTime><ThumbUp>4</ThumbUp><ThumbDown>2</ThumbDown><Sentiment/></Message><Message type="ReplyMessage"><Id>1360602090015-39</Id><Topic><Title>DON'T WORRY, DA14 WILL not HIT EARTH and OBAMA WILL FIX EVERYTHING IN YOUR LIFE...</Title><Username>walterbyrdman11</Username><Timestamp>1360601414911</Timestamp><DateTime>Mon, 2013-02-11 11:50:14 EST</DateTime></Topic><Msg>No Junior, I make perfect sense, ALWAYS! Us Tea Party folks really have all the true answers...you sad Democrats have no answers! NONE! Just spend more money...pretending that somehow that fixes anything...why?</Msg><Username>walterbyrdman11</Username><Timestamp>1360602090015</Timestamp><DateTime>Mon, 2013-02-11 12:01:30 EST</DateTime><ThumbUp>0</ThumbUp><ThumbDown>2</ThumbDown><Sentiment/></Message><Message type="TopicMessage"><Id>1360602443506-40</Id><Title>GOVERNOR RICK PERRY TOURING CALIPORNIA, TAUNTING STATE! CLAIMS TEXAS HAS OPPORTUNITY!!!</Title><Msg>Isn't that hilarious? Texas governor is in California showing those folks how good things are in Texas!!!! Wow, talk about taking candy from a baby...is Phil Mickelson moving to Texas? He said the taxes were terrible in California and that Texas had some nice real estate!!! and LOW TAXES IN TEXAS!!! how funny! hilarious! Calipornia does produce a lot of jobs in porno...</Msg><Username>walterbyrdman11</Username><Timestamp>1360602443506</Timestamp><DateTime>Mon, 2013-02-11 12:07:23 EST</DateTime><ThumbUp>5</ThumbUp><ThumbDown>2</ThumbDown><Sentiment/></Message><Message type="ReplyMessage"><Id>1360602723009-41</Id><Topic><Title>WHEN WILL DEMS ever train theirniggas to Stop Killing the innocent???</Title><Username>donkeydouchebags</Username><Timestamp>1360602065526</Timestamp><DateTime>Mon, 2013-02-11 12:01:05 EST</DateTime></Topic><Msg>They like wild animals!</Msg><Username>shwdl</Username><Timestamp>1360602723009</Timestamp><DateTime>Mon, 2013-02-11 12:12:03 EST</DateTime><ThumbUp>4</ThumbUp><ThumbDown>2</ThumbDown><Sentiment/></Message><Message type="TopicMessage"><Id>1360602805378-42</Id><Title>THE WORST DAY EVER THAT A LIB'S UNBORN BABY</Title><Msg>EVER HAS IS when MOMMY goes in that door that says "Planned Parenthood"---because only one of them is coming out alive and it ain't BABY!</Msg><Username>donkeydouchebags</Username><Timestamp>1360602805378</Timestamp><DateTime>Mon, 2013-02-11 12:13:25 EST</DateTime><ThumbUp>5</ThumbUp><ThumbDown>3</ThumbDown><Sentiment/></Message><Message type="ReplyMessage"><Id>1360603141681-43</Id><Topic><Title>WHEN WILL DEMS ever train theirniggas to Stop Killing the innocent???</Title><Username>donkeydouchebags</Username><Timestamp>1360602065526</Timestamp><DateTime>Mon, 2013-02-11 12:01:05 EST</DateTime></Topic><Msg>Just maby we 2 open up FEMA CAMPS!</Msg><Username>shwdl</Username><Timestamp>1360603141681</Timestamp><DateTime>Mon, 2013-02-11 12:19:01 EST</DateTime><ThumbUp>3</ThumbUp><ThumbDown>2</ThumbDown><Sentiment/></Message><Message type="ReplyMessage"><Id>1360603622290-44</Id><Topic><Title>THE WORST DAY EVER THAT A LIB'S UNBORN BABY</Title><Username>donkeydouchebags</Username><Timestamp>1360602805378</Timestamp><DateTime>Mon, 2013-02-11 12:13:25 EST</DateTime></Topic><Msg>OHHHH MY EXCUUUUUSSSE ME! SOME Lib gave me a thumbs down on this BRUTALLY TRUE post, why?? Because they CAN'T HANDLE THE TRUTH!</Msg><Username>donkeydouchebags</Username><Timestamp>1360603622290</Timestamp><DateTime>Mon, 2013-02-11 12:27:02 EST</DateTime><ThumbUp>3</ThumbUp><ThumbDown>2</ThumbDown><Sentiment/></Message><Message type="ReplyMessage"><Id>1360603990833-45</Id><Topic><Title>DORNER..CLASSIC DEMOCRAT!!!</Title><Username>walterbyrdman11</Username><Timestamp>1360597537357</Timestamp><DateTime>Mon, 2013-02-11 10:45:37 EST</DateTime></Topic><Msg>Facts.Weren't SUV's, they were pickup trucks. One shot up by LAPD wounding two innocent women.Second shot up by Torrance pd but driver not hurt. Police are checking every cabin in the Big Bear area but they are not damaging peoples property. Dorner is all the news here and now has a one million dollar bounty. He lost some of his guns and survival gear when his truck broke down. Big Bear is a rough place this time of year. If he didn't get away out of there he's probably already dead...from the weather or suicide.</Msg><Username>banjobob45</Username><Timestamp>1360603990833</Timestamp><DateTime>Mon, 2013-02-11 12:33:10 EST</DateTime><ThumbUp>3</ThumbUp><ThumbDown>1</ThumbDown><Sentiment/></Message><Message type="ReplyMessage"><Id>1360604160283-46</Id><Topic><Title>Secret CSCO Info REVEALED!</Title><Username>franklambert149</Username><Timestamp>1360160681586</Timestamp><DateTime>Wed, 2013-02-06 09:24:41 EST</DateTime></Topic><Msg>helpful report</Msg><Username>tylermiles354</Username><Timestamp>1360604160283</Timestamp><DateTime>Mon, 2013-02-11 12:36:00 EST</DateTime><ThumbUp>0</ThumbUp><ThumbDown>2</ThumbDown><Sentiment/></Message><Message type="ReplyMessage"><Id>1360604765391-47</Id><Topic><Title>DORNER..CLASSIC DEMOCRAT!!!</Title><Username>walterbyrdman11</Username><Timestamp>1360597537357</Timestamp><DateTime>Mon, 2013-02-11 10:45:37 EST</DateTime></Topic><Msg>I tend to believe Dorner's story about unfair dismissal by the LAPD. By all accounts he loved being a cop. Why would he make false charges against another cop and jeopardize his job? No excuse for what he's done though.</Msg><Username>banjobob45</Username><Timestamp>1360604765391</Timestamp><DateTime>Mon, 2013-02-11 12:46:05 EST</DateTime><ThumbUp>2</ThumbUp><ThumbDown>2</ThumbDown><Sentiment/></Message><Message type="ReplyMessage"><Id>1360605619060-48</Id><Topic><Title>Is CSCO ready to break out?</Title><Username>english.mary73</Username><Timestamp>1360251493879</Timestamp><DateTime>Thu, 2013-02-07 10:38:13 EST</DateTime></Topic><Msg>Hope this is good. Subscribed!</Msg><Username>daniel.preston17</Username><Timestamp>1360605619060</Timestamp><DateTime>Mon, 2013-02-11 13:00:19 EST</DateTime><ThumbUp>0</ThumbUp><ThumbDown>2</ThumbDown><Sentiment/></Message><Message type="TopicMessage"><Id>1360605683143-49</Id><Title>POPE RESIGNS TO PROTEST OBAMA'S 2ND TERM!</Title><Msg>thanks Papa!</Msg><Username>jaysallstarss</Username><Timestamp>1360605683143</Timestamp><DateTime>Mon, 2013-02-11 13:01:23 EST</DateTime><ThumbUp>3</ThumbUp><ThumbDown>2</ThumbDown><Sentiment/></Message><Message type="ReplyMessage"><Id>1360605754284-50</Id><Topic><Title>HEAD CHILD ABUSER RESIGNS ! CATHOLIC CHURCH TO LOOK FOR A NEW ONE.</Title><Username>surfandski</Username><Timestamp>1360600168321</Timestamp><DateTime>Mon, 2013-02-11 11:29:28 EST</DateTime></Topic><Msg>WASHINGTON (Reuters) - President Barack Obama said he extended his appreciation and prayers to Pope Benedict, who shocked the world by resigning from leadership of the Roman Catholic Church on Monday. "The Church plays a critical role in the United States and the world, and I wish the best to those who will soon gather to choose His Holiness Pope Benedict XVI's successor," Obama said in a statement.</Msg><Username>deadpainting</Username><Timestamp>1360605754284</Timestamp><DateTime>Mon, 2013-02-11 13:02:34 EST</DateTime><ThumbUp>1</ThumbUp><ThumbDown>1</ThumbDown><Sentiment/></Message><Message type="ReplyMessage"><Id>1360605844594-51</Id><Topic><Title>DORNER..CLASSIC DEMOCRAT!!!</Title><Username>walterbyrdman11</Username><Timestamp>1360597537357</Timestamp><DateTime>Mon, 2013-02-11 10:45:37 EST</DateTime></Topic><Msg>show me that last time a Republican shot a cop, who happened to be a black man, and his fiancee, an Asian woman named Qan? Can you? no...this is the action of a Democrat...plain and simple</Msg><Username>walterbyrdman11</Username><Timestamp>1360605844594</Timestamp><DateTime>Mon, 2013-02-11 13:04:04 EST</DateTime><ThumbUp>2</ThumbUp><ThumbDown>2</ThumbDown><Sentiment/></Message><Message type="ReplyMessage"><Id>1360605979152-52</Id><Topic><Title>GOVERNOR RICK PERRY TOURING CALIPORNIA, TAUNTING STATE! CLAIMS TEXAS HAS OPPORTUNITY!!!</Title><Username>walterbyrdman11</Username><Timestamp>1360602443506</Timestamp><DateTime>Mon, 2013-02-11 12:07:23 EST</DateTime></Topic><Msg>Say what you will, my good friend, Al Smith, (the first Catholic candidate for pres.,by the way), but the net job change between Calipornia and Texas is ONE MILLION JOBS!!! California lost 600,000 at the same time span as Texas created 400,000... WOW! I'LL BET DEMOCRATS ARE WONDERING HOW THEY CAN BE MORE LIKE TEXAS AND LESS LIKE CALIFORNIA, MICHIGAN AND OHIO..... just thinking out loud.....</Msg><Username>walterbyrdman11</Username><Timestamp>1360605979152</Timestamp><DateTime>Mon, 2013-02-11 13:06:19 EST</DateTime><ThumbUp>2</ThumbUp><ThumbDown>2</ThumbDown><Sentiment/></Message><Message type="ReplyMessage"><Id>1360606392425-53</Id><Topic><Title>SEAL Who Killed Bin Laden Reportedly Uninsured After Leaving Service</Title><Username>juniorsclassmate_5</Username><Timestamp>1360606081691</Timestamp><DateTime>Mon, 2013-02-11 13:08:01 EST</DateTime></Topic><Msg>and how does this help? answer please.......thank you.....confusion reigns and you can clarify...we're sure.</Msg><Username>walterbyrdman11</Username><Timestamp>1360606392425</Timestamp><DateTime>Mon, 2013-02-11 13:13:12 EST</DateTime><ThumbUp>0</ThumbUp><ThumbDown>4</ThumbDown><Sentiment/></Message><Message type="TopicMessage"><Id>1360606532895-54</Id><Title>DORNER: "I AM INSPIRED BY OBAMA AND CHRIS MATTHEWS</Title><Msg>and a mass murderer. Nothing new there.</Msg><Username>jaysallstarss</Username><Timestamp>1360606532895</Timestamp><DateTime>Mon, 2013-02-11 13:15:32 EST</DateTime><ThumbUp>3</ThumbUp><ThumbDown>2</ThumbDown><Sentiment/></Message><Message type="ReplyMessage"><Id>1360607628557-55</Id><Topic><Title>SEAL Who Killed Bin Laden Reportedly Uninsured After Leaving Service</Title><Username>juniorsclassmate_5</Username><Timestamp>1360606081691</Timestamp><DateTime>Mon, 2013-02-11 13:08:01 EST</DateTime></Topic><Msg>I would think the man who did such a great service for the country deserves more than a chance at Obamacare. You cant get any dumber than Junior.</Msg><Username>banjobob45</Username><Timestamp>1360607628557</Timestamp><DateTime>Mon, 2013-02-11 13:33:48 EST</DateTime><ThumbUp>1</ThumbUp><ThumbDown>3</ThumbDown><Sentiment/></Message><Message type="ReplyMessage"><Id>1360607939990-56</Id><Topic><Title>Is CSCO ready to break out?</Title><Username>english.mary73</Username><Timestamp>1360251493879</Timestamp><DateTime>Thu, 2013-02-07 10:38:13 EST</DateTime></Topic><Msg>Thanks for sharing this here.</Msg><Username>lakisha.mitchell32</Username><Timestamp>1360607939990</Timestamp><DateTime>Mon, 2013-02-11 13:38:59 EST</DateTime><ThumbUp>0</ThumbUp><ThumbDown>2</ThumbDown><Sentiment/></Message><Message type="ReplyMessage"><Id>1360608206171-57</Id><Topic><Title>SEAL Who Killed Bin Laden Reportedly Uninsured After Leaving Service</Title><Username>juniorsclassmate_5</Username><Timestamp>1360606081691</Timestamp><DateTime>Mon, 2013-02-11 13:08:01 EST</DateTime></Topic><Msg>The Pakistani doctor who helped get us Bin Laden's location is still doing 30 years in prison for it. Obama has done nothing to get him out. Others will think twice before helping us in the future</Msg><Username>crankf41</Username><Timestamp>1360608206171</Timestamp><DateTime>Mon, 2013-02-11 13:43:26 EST</DateTime><ThumbUp>2</ThumbUp><ThumbDown>2</ThumbDown><Sentiment/></Message><Message type="ReplyMessage"><Id>1360609230885-58</Id><Topic><Title>Republicans Hate YOU</Title><Username>buddhazenpeace</Username><Timestamp>1360606880439</Timestamp><DateTime>Mon, 2013-02-11 13:21:20 EST</DateTime></Topic><Msg>Democrats are hilarious. You should walk around in clown suits. If a republican votes against paying for birth control, he hates women. If a republican votes against an increase in Social Security, he hates seniors. If he votes against basketball scholarships, he hates blacks. Fact is, he doesn't like spending his childrens money, and democrats hate children.</Msg><Username>artemiagrower</Username><Timestamp>1360609230885</Timestamp><DateTime>Mon, 2013-02-11 14:00:30 EST</DateTime><ThumbUp>2</ThumbUp><ThumbDown>1</ThumbDown><Sentiment/></Message><Message type="ReplyMessage"><Id>1360609598721-59</Id><Topic><Title>Autistic LibTards will still be blaming GW Bush in 2016...</Title><Username>carrik.fergus</Username><Timestamp>1360550071087</Timestamp><DateTime>Sun, 2013-02-10 21:34:31 EST</DateTime></Topic><Msg>But, but, but, we elected a black president. You are just saying that because he's black. Everything is great, because we have a black president. He's black.</Msg><Username>artemiagrower</Username><Timestamp>1360609598721</Timestamp><DateTime>Mon, 2013-02-11 14:06:38 EST</DateTime><ThumbUp>1</ThumbUp><ThumbDown>2</ThumbDown><Sentiment/></Message><Message type="ReplyMessage"><Id>1360609715198-60</Id><Topic><Title>Is CSCO ready to break out?</Title><Username>english.mary73</Username><Timestamp>1360251493879</Timestamp><DateTime>Thu, 2013-02-07 10:38:13 EST</DateTime></Topic><Msg>Thanks for this guys!</Msg><Username>leverencea44</Username><Timestamp>1360609715198</Timestamp><DateTime>Mon, 2013-02-11 14:08:35 EST</DateTime><ThumbUp>0</ThumbUp><ThumbDown>1</ThumbDown><Sentiment/></Message><Message type="ReplyMessage"><Id>1360610256635-61</Id><Topic><Title>DORNER: "I AM INSPIRED BY OBAMA AND CHRIS MATTHEWS</Title><Username>jaysallstarss</Username><Timestamp>1360606532895</Timestamp><DateTime>Mon, 2013-02-11 13:15:32 EST</DateTime></Topic><Msg>good post. Dorner is learning from his hero's and HE'S NOW A HERO FOR THE LEFT...but that seems odd.... he killed another black police officer and his Asian fiancee....why would that make him a hero for leftist Democrats? Do Democrats despise the people who vote for them? and only PRETEND to care about them? I am just wondering....why?</Msg><Username>walterbyrdman11</Username><Timestamp>1360610256635</Timestamp><DateTime>Mon, 2013-02-11 14:17:36 EST</DateTime><ThumbUp>1</ThumbUp><ThumbDown>1</ThumbDown><Sentiment/></Message><Message type="TopicMessage"><Id>1360610301699-62</Id><Title>Tricking the kiddies</Title><Msg>Police arrested a teacher who posed as a girl on line to get young boys to e-mail him nude pictures of themselves. Investigation now reveals that Junior is not a teacher either!!!!</Msg><Username>careyh5050</Username><Timestamp>1360610301699</Timestamp><DateTime>Mon, 2013-02-11 14:18:21 EST</DateTime><ThumbUp>3</ThumbUp><ThumbDown>2</ThumbDown><Sentiment/></Message><Message type="ReplyMessage"><Id>1360610366175-63</Id><Topic><Title>GOVERNOR RICK PERRY TOURING CALIPORNIA, TAUNTING STATE! CLAIMS TEXAS HAS OPPORTUNITY!!!</Title><Username>walterbyrdman11</Username><Timestamp>1360602443506</Timestamp><DateTime>Mon, 2013-02-11 12:07:23 EST</DateTime></Topic><Msg>Walter, California is a beautiful piece of real estate with really pathetic politicians catering to the most base of human emotions, envy, greed and resentment. Truly Calipornia needs to be flushed...and put all of the septic Democrats into the worlds biggest toilet bowl.</Msg><Username>schnitlerbeim</Username><Timestamp>1360610366175</Timestamp><DateTime>Mon, 2013-02-11 14:19:26 EST</DateTime><ThumbUp>1</ThumbUp><ThumbDown>1</ThumbDown><Sentiment/></Message><Message type="ReplyMessage"><Id>1360610455711-64</Id><Topic><Title>DON'T WORRY, DA14 WILL not HIT EARTH and OBAMA WILL FIX EVERYTHING IN YOUR LIFE...</Title><Username>walterbyrdman11</Username><Timestamp>1360601414911</Timestamp><DateTime>Mon, 2013-02-11 11:50:14 EST</DateTime></Topic><Msg>Ooops, they just changed the numbers again. Now the asteroid will pass earth only 122 miles above us...so it will create a flaming star for just a few seconds...then it will turn rapidly and hit Junior in the #$%$......but it will not hurt him........</Msg><Username>walterbyrdman11</Username><Timestamp>1360610455711</Timestamp><DateTime>Mon, 2013-02-11 14:20:55 EST</DateTime><ThumbUp>0</ThumbUp><ThumbDown>1</ThumbDown><Sentiment/></Message><Message type="TopicMessage"><Id>1360610621629-65</Id><Title>tomorrow night</Title><Msg>how many times will obama say "we haf ta"?</Msg><Username>deadpainting</Username><Timestamp>1360610621629</Timestamp><DateTime>Mon, 2013-02-11 14:23:41 EST</DateTime><ThumbUp>2</ThumbUp><ThumbDown>1</ThumbDown><Sentiment/></Message><Message type="ReplyMessage"><Id>1360610903245-66</Id><Topic><Title>GOVERNOR RICK PERRY TOURING CALIPORNIA, TAUNTING STATE! CLAIMS TEXAS HAS OPPORTUNITY!!!</Title><Username>walterbyrdman11</Username><Timestamp>1360602443506</Timestamp><DateTime>Mon, 2013-02-11 12:07:23 EST</DateTime></Topic><Msg>HAAHAHA good for Perry! He should tell them: In texas we do it bigger, longer and harder and no complaints from our "wimmins" you sissy californians!"</Msg><Username>lameduck0bama</Username><Timestamp>1360610903245</Timestamp><DateTime>Mon, 2013-02-11 14:28:23 EST</DateTime><ThumbUp>1</ThumbUp><ThumbDown>1</ThumbDown><Sentiment/></Message><Message type="ReplyMessage"><Id>1360610974835-67</Id><Topic><Title>DORNER: "I AM INSPIRED BY OBAMA AND CHRIS MATTHEWS</Title><Username>jaysallstarss</Username><Timestamp>1360606532895</Timestamp><DateTime>Mon, 2013-02-11 13:15:32 EST</DateTime></Topic><Msg>dorner is another nigliby hater rabid beast, he needs to be put down ASAP</Msg><Username>lameduck0bama</Username><Timestamp>1360610974835</Timestamp><DateTime>Mon, 2013-02-11 14:29:34 EST</DateTime><ThumbUp>0</ThumbUp><ThumbDown>1</ThumbDown><Sentiment/></Message><Message type="TopicMessage"><Id>1360611024391-68</Id><Title>ASTEROID DESTROYED DINOSAURS, BUT WAIT!, MAYBE NOT! IT WAS global cooling..global cooling..</Title><Msg>one million years before the asteroid strike in Mexico...the earth experienced six major temp changes..including global cooling, severe! see link Asteroid may have killed dinosaurs quicker than scientists thought Reuters - Fri, Feb 8, 2013 See this post</Msg><Username>walterbyrdman11</Username><Timestamp>1360611024391</Timestamp><DateTime>Mon, 2013-02-11 14:30:24 EST</DateTime><ThumbUp>2</ThumbUp><ThumbDown>2</ThumbDown><Sentiment/></Message><Message type="ReplyMessage"><Id>1360611599626-69</Id><Topic><Title>POPE RESIGNS TO PROTEST OBAMA'S 2ND TERM!</Title><Username>jaysallstarss</Username><Timestamp>1360605683143</Timestamp><DateTime>Mon, 2013-02-11 13:01:23 EST</DateTime></Topic><Msg>thanks Pope, you da man, we are all sickened by Obanana on this side of the pond too!</Msg><Username>lameduck0bama</Username><Timestamp>1360611599626</Timestamp><DateTime>Mon, 2013-02-11 14:39:59 EST</DateTime><ThumbUp>2</ThumbUp><ThumbDown>2</ThumbDown><Sentiment/></Message><Message type="ReplyMessage"><Id>1360611803650-70</Id><Topic><Title>THE WORST DAY EVER THAT A LIB'S UNBORN BABY</Title><Username>donkeydouchebags</Username><Timestamp>1360602805378</Timestamp><DateTime>Mon, 2013-02-11 12:13:25 EST</DateTime></Topic><Msg>I hear that! Dems have a bloodlust, especially for anyone that can't defend their self against them, soon they will be slitting the throats of the elderly who oppose them!</Msg><Username>lameduck0bama</Username><Timestamp>1360611803650</Timestamp><DateTime>Mon, 2013-02-11 14:43:23 EST</DateTime><ThumbUp>2</ThumbUp><ThumbDown>1</ThumbDown><Sentiment/></Message><Message type="ReplyMessage"><Id>1360611816413-71</Id><Topic><Title>Is CSCO ready to break out?</Title><Username>english.mary73</Username><Timestamp>1360251493879</Timestamp><DateTime>Thu, 2013-02-07 10:38:13 EST</DateTime></Topic><Msg>Finally! I found something informative.</Msg><Username>jalfred86</Username><Timestamp>1360611816413</Timestamp><DateTime>Mon, 2013-02-11 14:43:36 EST</DateTime><ThumbUp>0</ThumbUp><ThumbDown>1</ThumbDown><Sentiment/></Message><Message type="ReplyMessage"><Id>1360611899835-72</Id><Topic><Title>ASTEROID DESTROYED DINOSAURS, BUT WAIT!, MAYBE NOT! IT WAS global cooling..global cooling..</Title><Username>walterbyrdman11</Username><Timestamp>1360611024391</Timestamp><DateTime>Mon, 2013-02-11 14:30:24 EST</DateTime></Topic><Msg>Recent data not only suggests, but actually proves that scientific evidence of ANY climate change is suspect to an alarming margin of error. The temperatures projected by "global warming nuts" have failed to materialize and are way below the calculated margin of error. If the science cannot successfully produce a model which corresponds to actual data, then the model is flawed and temperatures of the past cannot be estimated by CO2 found in ice cores.</Msg><Username>artemiagrower</Username><Timestamp>1360611899835</Timestamp><DateTime>Mon, 2013-02-11 14:44:59 EST</DateTime><ThumbUp>1</ThumbUp><ThumbDown>2</ThumbDown><Sentiment/></Message><Message type="ReplyMessage"><Id>1360611912537-73</Id><Topic><Title>Tricking the kiddies</Title><Username>careyh5050</Username><Timestamp>1360610301699</Timestamp><DateTime>Mon, 2013-02-11 14:18:21 EST</DateTime></Topic><Msg>Maybe I am but it seems to get you upset and that works for me.LOLOLOLOLOLOLOLOLOLOLOL</Msg><Username>careyh5050</Username><Timestamp>1360611912537</Timestamp><DateTime>Mon, 2013-02-11 14:45:12 EST</DateTime><ThumbUp>3</ThumbUp><ThumbDown>1</ThumbDown><Sentiment/></Message><Message type="ReplyMessage"><Id>1360612504343-74</Id><Topic><Title>THERE IS ABSOLUTELY no CHANCE THAT DA14 WILL HIT EARTH!!! no chance.....no chance...</Title><Username>walterbyrdman11</Username><Timestamp>1360522397826</Timestamp><DateTime>Sun, 2013-02-10 13:53:17 EST</DateTime></Topic><Msg>None of this matters, because we have a black president. He's black.</Msg><Username>artemiagrower</Username><Timestamp>1360612504343</Timestamp><DateTime>Mon, 2013-02-11 14:55:04 EST</DateTime><ThumbUp>0</ThumbUp><ThumbDown>1</ThumbDown><Sentiment/></Message><Message type="ReplyMessage"><Id>1360612519440-75</Id><Topic><Title>ASTEROID DESTROYED DINOSAURS, BUT WAIT!, MAYBE NOT! IT WAS global cooling..global cooling..</Title><Username>walterbyrdman11</Username><Timestamp>1360611024391</Timestamp><DateTime>Mon, 2013-02-11 14:30:24 EST</DateTime></Topic><Msg>good post. Actually, putting all your 'faith' in 'science' is pretty much the same as putting all your eggs in one basket. Let's watch DA14...there could be no simpler 'scientific' calculation than the data used to speculate about the 'orbit' of this asteroid.....we'll get reports on the actual trajectory of this bit of space rock. Let's see how good the folks are in this very very very simple test of 'science', eh? Will gravity draw this asteroid into our atmosphere? Why not? The earth is enormous and the gravitational pull must be IMMENSE on a 150 foot rock, moving only 17,000 miles away, eh? We shall see! I love the drama!!!</Msg><Username>walterbyrdman11</Username><Timestamp>1360612519440</Timestamp><DateTime>Mon, 2013-02-11 14:55:19 EST</DateTime><ThumbUp>0</ThumbUp><ThumbDown>3</ThumbDown><Sentiment/></Message><Message type="ReplyMessage"><Id>1360612705244-76</Id><Topic><Title>Tricking the kiddies</Title><Username>careyh5050</Username><Timestamp>1360610301699</Timestamp><DateTime>Mon, 2013-02-11 14:18:21 EST</DateTime></Topic><Msg>Notice when Carey picks on Junior that alsmith responds and junior answers for alsmith.Strange. Please call me Carey,Al. LOL oooopsie.ROTF!!!!</Msg><Username>banjobob45</Username><Timestamp>1360612705244</Timestamp><DateTime>Mon, 2013-02-11 14:58:25 EST</DateTime><ThumbUp>2</ThumbUp><ThumbDown>1</ThumbDown><Sentiment/></Message><Message type="ReplyMessage"><Id>1360612809298-77</Id><Topic><Title>GOVERNOR RICK PERRY TOURING CALIPORNIA, TAUNTING STATE! CLAIMS TEXAS HAS OPPORTUNITY!!!</Title><Username>walterbyrdman11</Username><Timestamp>1360602443506</Timestamp><DateTime>Mon, 2013-02-11 12:07:23 EST</DateTime></Topic><Msg>Hey al, how is your state doing, with jobs and taxes and unemployment? Compared to Texas?</Msg><Username>walterbyrdman11</Username><Timestamp>1360612809298</Timestamp><DateTime>Mon, 2013-02-11 15:00:09 EST</DateTime><ThumbUp>1</ThumbUp><ThumbDown>1</ThumbDown><Sentiment/></Message><Message type="TopicMessage"><Id>1360613049314-78</Id><Title>RICK PERRY ACTUALLY WENT TO CALIFORNIA AND OFFERED TAX BREAKS TO BUSINESS!!</Title><Msg>who relocate to Texas! Wow! Is Perry taking all the PhD Nobel prize winners away from those truly impressive California universities as well? Is there more opportunity for growth in every way in Texas than in California? Amazing. Texas will soon have to limit immigration to the hard working, the intelligent and the productive. All parasites will be sent back to California, Michigan and Massachusetts (what does that word mean in 'Indian' anyway..(.Massachusetts means "Land of High Taxes, low incentive and big fat Mafia"...how did they get that in Mohicagan so long ago?) Best wishes, Democrats...you will need everything to go your way, as you spiral into 'tax death'..</Msg><Username>walterbyrdman11</Username><Timestamp>1360613049314</Timestamp><DateTime>Mon, 2013-02-11 15:04:09 EST</DateTime><ThumbUp>0</ThumbUp><ThumbDown>2</ThumbDown><Sentiment/></Message><Message type="ReplyMessage"><Id>1360613160430-79</Id><Topic><Title>tomorrow night</Title><Username>deadpainting</Username><Timestamp>1360610621629</Timestamp><DateTime>Mon, 2013-02-11 14:23:41 EST</DateTime></Topic><Msg>Junior, Junior, Junior....how sad we are to see the depths to which your witty repartee has fallen. Really low, very low, sadly deep into oblivionly low....what can we do to help you regain your sparkle, the wit you used to have? Come back Junior, put down the glass of whiskey, stop with the funny smoking....wake up! Soon you will be speaking almost pure Democrat#$%$...</Msg><Username>walterbyrdman11</Username><Timestamp>1360613160430</Timestamp><DateTime>Mon, 2013-02-11 15:06:00 EST</DateTime><ThumbUp>1</ThumbUp><ThumbDown>2</ThumbDown><Sentiment/></Message><Message type="ReplyMessage"><Id>1360613215464-80</Id><Topic><Title>ASTEROID DESTROYED DINOSAURS, BUT WAIT!, MAYBE NOT! IT WAS global cooling..global cooling..</Title><Username>walterbyrdman11</Username><Timestamp>1360611024391</Timestamp><DateTime>Mon, 2013-02-11 14:30:24 EST</DateTime></Topic><Msg>I would suggest that most beliefs require a margin of faith. Science simply reduces the amount of doubt. It rarely eliminates it. Faith fills the space in between.</Msg><Username>artemiagrower</Username><Timestamp>1360613215464</Timestamp><DateTime>Mon, 2013-02-11 15:06:55 EST</DateTime><ThumbUp>1</ThumbUp><ThumbDown>1</ThumbDown><Sentiment/></Message><Message type="ReplyMessage"><Id>1360614299407-81</Id><Topic><Title>Tricking the kiddies</Title><Username>careyh5050</Username><Timestamp>1360610301699</Timestamp><DateTime>Mon, 2013-02-11 14:18:21 EST</DateTime></Topic><Msg>Tell you a fact,Junior.You've accused everybody here of being Carey so you dont know who it really is. But for sure you are the buffoon on this board. So you can call me carey,stupid,racist, teabagger or any of the names you use on people you disagree with. It doesn't bother me in the least. Have fun.</Msg><Username>banjobob45</Username><Timestamp>1360614299407</Timestamp><DateTime>Mon, 2013-02-11 15:24:59 EST</DateTime><ThumbUp>0</ThumbUp><ThumbDown>2</ThumbDown><Sentiment/></Message><Message type="ReplyMessage"><Id>1360614343050-82</Id><Topic><Title>THE WORST DAY EVER THAT A LIB'S UNBORN BABY</Title><Username>donkeydouchebags</Username><Timestamp>1360602805378</Timestamp><DateTime>Mon, 2013-02-11 12:13:25 EST</DateTime></Topic><Msg>Obama, our saviour, to become next Pope on March 1st.</Msg><Username>yohoho_andabottlea</Username><Timestamp>1360614343050</Timestamp><DateTime>Mon, 2013-02-11 15:25:43 EST</DateTime><ThumbUp>1</ThumbUp><ThumbDown>1</ThumbDown><Sentiment>Strong Buy</Sentiment></Message><Message type="ReplyMessage"><Id>1360614440646-83</Id><Topic><Title>Whiskey, Tango Foxtrot, Over....</Title><Username>gfo99</Username><Timestamp>1360611558366</Timestamp><DateTime>Mon, 2013-02-11 14:39:18 EST</DateTime></Topic><Msg>Bourbon receives a liquidity injection. Benedict is abdicating so Obama, our saviour, can assume total control.</Msg><Username>yohoho_andabottlea</Username><Timestamp>1360614440646</Timestamp><DateTime>Mon, 2013-02-11 15:27:20 EST</DateTime><ThumbUp>1</ThumbUp><ThumbDown>1</ThumbDown><Sentiment>Strong Buy</Sentiment></Message><Message type="TopicMessage"><Id>1360615671200-84</Id><Title>Flash crash warnng!</Title><Msg>Flash crash event brewing. Oil looks very strong, also. new pipline will allow WTI to hit $200 this year.</Msg><Username>pn1409</Username><Timestamp>1360615671200</Timestamp><DateTime>Mon, 2013-02-11 15:47:51 EST</DateTime><ThumbUp>1</ThumbUp><ThumbDown>3</ThumbDown><Sentiment/></Message><Message type="ReplyMessage"><Id>1360615994067-85</Id><Topic><Title>Is CSCO ready to break out?</Title><Username>english.mary73</Username><Timestamp>1360251493879</Timestamp><DateTime>Thu, 2013-02-07 10:38:13 EST</DateTime></Topic><Msg>I love it. thanks</Msg><Username>renee.whitley44</Username><Timestamp>1360615994067</Timestamp><DateTime>Mon, 2013-02-11 15:53:14 EST</DateTime><ThumbUp>0</ThumbUp><ThumbDown>1</ThumbDown><Sentiment/></Message><Message type="ReplyMessage"><Id>1360616194038-86</Id><Topic><Title>Flash crash warnng!</Title><Username>pn1409</Username><Timestamp>1360615671200</Timestamp><DateTime>Mon, 2013-02-11 15:47:51 EST</DateTime></Topic><Msg>Did you go short when I called the market top in 2008? Did you go long natural gas when i called the bottom at $2.10, which was only 30 cents off the low? Stay short stocks and bonds, long oil and natural gas. NG will hit $13 within 24 months; oil $200. Notice that AAPL and AMZN are breaking down. They are leading the entire market down. Flash crash coming.</Msg><Username>pn1409</Username><Timestamp>1360616194038</Timestamp><DateTime>Mon, 2013-02-11 15:56:34 EST</DateTime><ThumbUp>2</ThumbUp><ThumbDown>0</ThumbDown><Sentiment/></Message><Message type="ReplyMessage"><Id>1360616572552-87</Id><Topic><Title>I love liberals</Title><Username>deadpainting</Username><Timestamp>1360595980693</Timestamp><DateTime>Mon, 2013-02-11 10:19:40 EST</DateTime></Topic><Msg>Government would be a lot more helpful if it just got out of the way. In some ways they owe us for taking opportunity away. Of course, Dems would never know that, because they never tried.</Msg><Username>artemiagrower</Username><Timestamp>1360616572552</Timestamp><DateTime>Mon, 2013-02-11 16:02:52 EST</DateTime><ThumbUp>2</ThumbUp><ThumbDown>0</ThumbDown><Sentiment/></Message><Message type="ReplyMessage"><Id>1360616677043-88</Id><Topic><Title>Another Obama victory, the GOP is completely ineffectual,</Title><Username>dumb.ivan</Username><Timestamp>1360616226618</Timestamp><DateTime>Mon, 2013-02-11 15:57:06 EST</DateTime></Topic><Msg>No doubt he will be confirmed. But it only shows dems put politics ahead of country. His performance last week was pathetic. But dems will vote him in rather than embarrass Obama.</Msg><Username>banjobob45</Username><Timestamp>1360616677043</Timestamp><DateTime>Mon, 2013-02-11 16:04:37 EST</DateTime><ThumbUp>1</ThumbUp><ThumbDown>0</ThumbDown><Sentiment/></Message><Message type="ReplyMessage"><Id>1360617437339-89</Id><Topic><Title>Flash crash warnng!</Title><Username>pn1409</Username><Timestamp>1360615671200</Timestamp><DateTime>Mon, 2013-02-11 15:47:51 EST</DateTime></Topic><Msg>you have been saying this for a long time you do realize. i guess sooner or later you will be right. Not that I dont agree just not taking huge risks up here. buy calls not stocks. Was looking at vix calls seems the trade is very crowded, however, to obvious to take the bait.</Msg><Username>deadpainting</Username><Timestamp>1360617437339</Timestamp><DateTime>Mon, 2013-02-11 16:17:17 EST</DateTime><ThumbUp>0</ThumbUp><ThumbDown>1</ThumbDown><Sentiment/></Message><Message type="ReplyMessage"><Id>1360617538851-90</Id><Topic><Title>Flash crash warnng!</Title><Username>pn1409</Username><Timestamp>1360615671200</Timestamp><DateTime>Mon, 2013-02-11 15:47:51 EST</DateTime></Topic><Msg>yeah right</Msg><Username>yohoho_andabottlea</Username><Timestamp>1360617538851</Timestamp><DateTime>Mon, 2013-02-11 16:18:58 EST</DateTime><ThumbUp>0</ThumbUp><ThumbDown>0</ThumbDown><Sentiment/></Message><Message type="ReplyMessage"><Id>1360617603124-91</Id><Topic><Title>Another Obama victory, the GOP is completely ineffectual,</Title><Username>dumb.ivan</Username><Timestamp>1360616226618</Timestamp><DateTime>Mon, 2013-02-11 15:57:06 EST</DateTime></Topic><Msg>It's great having a black president. Who needs issues when you can blame racism for your failures?</Msg><Username>artemiagrower</Username><Timestamp>1360617603124</Timestamp><DateTime>Mon, 2013-02-11 16:20:03 EST</DateTime><ThumbUp>2</ThumbUp><ThumbDown>0</ThumbDown><Sentiment/></Message><Message type="ReplyMessage"><Id>1360617616856-92</Id><Topic><Title>Another Obama victory, the GOP is completely ineffectual,</Title><Username>dumb.ivan</Username><Timestamp>1360616226618</Timestamp><DateTime>Mon, 2013-02-11 15:57:06 EST</DateTime></Topic><Msg>Obama is going to ream Republic awholes tomorrow</Msg><Username>yohoho_andabottlea</Username><Timestamp>1360617616856</Timestamp><DateTime>Mon, 2013-02-11 16:20:16 EST</DateTime><ThumbUp>1</ThumbUp><ThumbDown>0</ThumbDown><Sentiment>Strong Buy</Sentiment></Message><Message type="ReplyMessage"><Id>1360617707930-93</Id><Topic><Title>tomorrow night</Title><Username>deadpainting</Username><Timestamp>1360610621629</Timestamp><DateTime>Mon, 2013-02-11 14:23:41 EST</DateTime></Topic><Msg>president has no power; he just makes speeches</Msg><Username>yohoho_andabottlea</Username><Timestamp>1360617707930</Timestamp><DateTime>Mon, 2013-02-11 16:21:47 EST</DateTime><ThumbUp>0</ThumbUp><ThumbDown>0</ThumbDown><Sentiment/></Message><Message type="ReplyMessage"><Id>1360617834647-94</Id><Topic><Title>tomorrow night</Title><Username>deadpainting</Username><Timestamp>1360610621629</Timestamp><DateTime>Mon, 2013-02-11 14:23:41 EST</DateTime></Topic><Msg>Typical liberal, do you ever get embarrassed by the things you post? Or do you just figure you can change your ID and do it over and over without looking like a complete idiot. Keep up the great posting, you sure use your time well, and give us a good look at what we are dealing with.</Msg><Username>deadpainting</Username><Timestamp>1360617834647</Timestamp><DateTime>Mon, 2013-02-11 16:23:54 EST</DateTime><ThumbUp>1</ThumbUp><ThumbDown>1</ThumbDown><Sentiment/></Message><Message type="ReplyMessage"><Id>1360618175899-95</Id><Topic><Title>Maxpain infomation of Cisco is interesting. Pain = 20.00 for the end of the week.</Title><Username>imaxpainapp</Username><Timestamp>1360614289650</Timestamp><DateTime>Mon, 2013-02-11 15:24:49 EST</DateTime></Topic><Msg>Tim Cook to sit next to Michelle tomorrow. CEO of Apple will be praised by Obama for creating 2 million jobs in China, manufacturing NOTHING in the USA, ripping off American consumers with over priced products, hoarding $138 BILLION dollars, not investing in America and not distributing dividends to investors. OBAMA IS A MORON!!!</Msg><Username>yohoho_andabottlea</Username><Timestamp>1360618175899</Timestamp><DateTime>Mon, 2013-02-11 16:29:35 EST</DateTime><ThumbUp>0</ThumbUp><ThumbDown>0</ThumbDown><Sentiment>Strong Buy</Sentiment></Message><Message type="ReplyMessage"><Id>1360618382971-96</Id><Topic><Title>I love liberals</Title><Username>deadpainting</Username><Timestamp>1360595980693</Timestamp><DateTime>Mon, 2013-02-11 10:19:40 EST</DateTime></Topic><Msg>those who cannot pay their own way self appoint themselves to tell those that can take care of themselves, as adults do, how they must spend their money. if they don’t get mommy government to paint them as victims to justify literally stealing from hard working families, they promise to camp out in their own poo on your front door step because they have nothing to do all day but beg. If you want to be "rich" you have to work. I don’t think anyone ever told them that. At least we know the professional politician has not said that.</Msg><Username>deadpainting</Username><Timestamp>1360618382971</Timestamp><DateTime>Mon, 2013-02-11 16:33:02 EST</DateTime><ThumbUp>1</ThumbUp><ThumbDown>1</ThumbDown><Sentiment/></Message><Message type="ReplyMessage"><Id>1360618489565-97</Id><Topic><Title>Is CSCO ready to break out?</Title><Username>english.mary73</Username><Timestamp>1360251493879</Timestamp><DateTime>Thu, 2013-02-07 10:38:13 EST</DateTime></Topic><Msg>Checking it out right now.</Msg><Username>judgea97</Username><Timestamp>1360618489565</Timestamp><DateTime>Mon, 2013-02-11 16:34:49 EST</DateTime><ThumbUp>0</ThumbUp><ThumbDown>1</ThumbDown><Sentiment/></Message><Message type="ReplyMessage"><Id>1360618689843-98</Id><Topic><Title>tomorrow night</Title><Username>deadpainting</Username><Timestamp>1360610621629</Timestamp><DateTime>Mon, 2013-02-11 14:23:41 EST</DateTime></Topic><Msg>he has been busy trying to write laws. HAHAHAHAHAHAHAH no one ever told him I guess. What a waste of time politician all talk no action. Mr obama better not start with the rhetoric tomorrow night. we all know it is just talk as we see the results.</Msg><Username>deadpainting</Username><Timestamp>1360618689843</Timestamp><DateTime>Mon, 2013-02-11 16:38:09 EST</DateTime><ThumbUp>0</ThumbUp><ThumbDown>1</ThumbDown><Sentiment/></Message><Message type="ReplyMessage"><Id>1360618829217-99</Id><Topic><Title>BIRDSHJJJT and FARTIE ARE HAVING TROUBLE WITH SCIENCE.</Title><Username>surfandski</Username><Timestamp>1360616015748</Timestamp><DateTime>Mon, 2013-02-11 15:53:35 EST</DateTime></Topic><Msg>Surfy, you sad, depressed old dude....define 'science', eh?</Msg><Username>walterbyrdman11</Username><Timestamp>1360618829217</Timestamp><DateTime>Mon, 2013-02-11 16:40:29 EST</DateTime><ThumbUp>0</ThumbUp><ThumbDown>1</ThumbDown><Sentiment/></Message><Message type="ReplyMessage"><Id>1360618924710-100</Id><Topic><Title>DORNER..CLASSIC DEMOCRAT!!!</Title><Username>walterbyrdman11</Username><Timestamp>1360597537357</Timestamp><DateTime>Mon, 2013-02-11 10:45:37 EST</DateTime></Topic><Msg>why do Democrats cause depression? Are they too, depressed? Or just depressing.....hard to separate. Defeated, mumbling, resentful, angry people. Who envy success and are sure to raise taxes at every opportunity</Msg><Username>walterbyrdman11</Username><Timestamp>1360618924710</Timestamp><DateTime>Mon, 2013-02-11 16:42:04 EST</DateTime><ThumbUp>1</ThumbUp><ThumbDown>0</ThumbDown><Sentiment/></Message><Message type="ReplyMessage"><Id>1360619056755-101</Id><Topic><Title>I love liberals</Title><Username>deadpainting</Username><Timestamp>1360595980693</Timestamp><DateTime>Mon, 2013-02-11 10:19:40 EST</DateTime></Topic><Msg>The Economy Is Much Worse Than the Data Show The Great Recession may have officially ended in June of 2009, but many Americans are still extremely pessimistic about the economy. Time to cut the drunken sailor wasteful spending. Instead, Obama wants another stimulus package. #$%$??? Get a clue bozo.</Msg><Username>yohoho_andabottlea</Username><Timestamp>1360619056755</Timestamp><DateTime>Mon, 2013-02-11 16:44:16 EST</DateTime><ThumbUp>1</ThumbUp><ThumbDown>0</ThumbDown><Sentiment>Strong Buy</Sentiment></Message><Message type="ReplyMessage"><Id>1360619269153-102</Id><Topic><Title>tomorrow night</Title><Username>deadpainting</Username><Timestamp>1360610621629</Timestamp><DateTime>Mon, 2013-02-11 14:23:41 EST</DateTime></Topic><Msg>I expect Obama will tell us he is focused like a laser on job creation. He will also announce the closing of Guantanamo. And of course he will remind us of Bin Laden's death and what a terrible economy he inherited</Msg><Username>banjobob45</Username><Timestamp>1360619269153</Timestamp><DateTime>Mon, 2013-02-11 16:47:49 EST</DateTime><ThumbUp>0</ThumbUp><ThumbDown>0</ThumbDown><Sentiment/></Message><Message type="ReplyMessage"><Id>1360619583522-103</Id><Topic><Title>DNC bringing Tim Cook to the State of the Union</Title><Username>dumb.ivan</Username><Timestamp>1360618054225</Timestamp><DateTime>Mon, 2013-02-11 16:27:34 EST</DateTime></Topic><Msg>Will Robert Menendez be there?? How stupid are you to bring up pedophiles while Menedez is under investigation, dummy?????</Msg><Username>banjobob45</Username><Timestamp>1360619583522</Timestamp><DateTime>Mon, 2013-02-11 16:53:03 EST</DateTime><ThumbUp>1</ThumbUp><ThumbDown>0</ThumbDown><Sentiment/></Message><Message type="TopicMessage"><Id>1360619794801-104</Id><Title>Liberals are Communists.</Title><Msg>Liberals forget in their me first self indulging arrogance the most fundamental value in America -our right to property. My ability to earn a better living for the ones I love, and my right to pass my hard work onto my family, and enjoy the fruits of my labor. Our rights are taken away by these Stanger, imposters who claim they are for the good of man while stripping him of his fundamental American rights, dignity and path to prosperity. Obstacles in the way of progress these lay abouts take all that is not theirs. If you want communism you need to go to another place. Just because you are lazy uninspired and unimaginative, it is not your right to take that from me.</Msg><Username>deadpainting</Username><Timestamp>1360619794801</Timestamp><DateTime>Mon, 2013-02-11 16:56:34 EST</DateTime><ThumbUp>4</ThumbUp><ThumbDown>2</ThumbDown><Sentiment/></Message><Message type="ReplyMessage"><Id>1360620081673-105</Id><Topic><Title>DNC bringing Tim Cook to the State of the Union</Title><Username>dumb.ivan</Username><Timestamp>1360618054225</Timestamp><DateTime>Mon, 2013-02-11 16:27:34 EST</DateTime></Topic><Msg>Tim Cook creates 2 million jobs in China, rips off American consumers, produces nothing in USA and hoards $138 Billion, instead of investing in America or paying dividends to Americans. Apple produces nothing in America. Obama is a moron. Republicans need to shove the sequester down Obama's throat until he gags.</Msg><Username>yohoho_andabottlea</Username><Timestamp>1360620081673</Timestamp><DateTime>Mon, 2013-02-11 17:01:21 EST</DateTime><ThumbUp>1</ThumbUp><ThumbDown>0</ThumbDown><Sentiment/></Message><Message type="ReplyMessage"><Id>1360620310993-106</Id><Topic><Title>DNC bringing Tim Cook to the State of the Union</Title><Username>dumb.ivan</Username><Timestamp>1360618054225</Timestamp><DateTime>Mon, 2013-02-11 16:27:34 EST</DateTime></Topic><Msg>Agree.Obam and the dems put forth sequester in Aug,2011 thinking it could never happen.Now he wants repubs to bail him out. Give him his sequester and make sure the public knows who asked for it.</Msg><Username>banjobob45</Username><Timestamp>1360620310993</Timestamp><DateTime>Mon, 2013-02-11 17:05:10 EST</DateTime><ThumbUp>0</ThumbUp><ThumbDown>0</ThumbDown><Sentiment/></Message><Message type="ReplyMessage"><Id>1360620355917-107</Id><Topic><Title>Liberals are Communists.</Title><Username>deadpainting</Username><Timestamp>1360619794801</Timestamp><DateTime>Mon, 2013-02-11 16:56:34 EST</DateTime></Topic><Msg>yes you wont like it when benny stops pinching your dollar with his non stop press...you will learn someday when you grow up. obamas never ending illusion will end. You will be drowning in its wake. find someone to blame of couse so they can repeat and do it again to you. billy did the same and we never really got back from that one. Enjoy your tax. enjoy your wizard. enjoy your lies, they will all come crashing down on you someday very soon.</Msg><Username>deadpainting</Username><Timestamp>1360620355917</Timestamp><DateTime>Mon, 2013-02-11 17:05:55 EST</DateTime><ThumbUp>3</ThumbUp><ThumbDown>2</ThumbDown><Sentiment/></Message><Message type="ReplyMessage"><Id>1360620766531-108</Id><Topic><Title>Tricking the kiddies</Title><Username>careyh5050</Username><Timestamp>1360610301699</Timestamp><DateTime>Mon, 2013-02-11 14:18:21 EST</DateTime></Topic><Msg>Funny,Junior had a smartahsss remark for every post today except this one.LOL</Msg><Username>banjobob45</Username><Timestamp>1360620766531</Timestamp><DateTime>Mon, 2013-02-11 17:12:46 EST</DateTime><ThumbUp>0</ThumbUp><ThumbDown>0</ThumbDown><Sentiment/></Message><Message type="ReplyMessage"><Id>1360621100288-109</Id><Topic><Title>Did you see this report yet? (CSCO)</Title><Username>mphreyantoinette</Username><Timestamp>1359741550561</Timestamp><DateTime>Fri, 2013-02-01 12:59:10 EST</DateTime></Topic><Msg>I followed your reports since last week. Nice work.</Msg><Username>midshipsleigh</Username><Timestamp>1360621100288</Timestamp><DateTime>Mon, 2013-02-11 17:18:20 EST</DateTime><ThumbUp>0</ThumbUp><ThumbDown>1</ThumbDown><Sentiment/></Message><Message type="ReplyMessage"><Id>1360621364093-110</Id><Topic><Title>tomorrow night</Title><Username>deadpainting</Username><Timestamp>1360610621629</Timestamp><DateTime>Mon, 2013-02-11 14:23:41 EST</DateTime></Topic><Msg>How about " corpseman " ? Or breathalyzers for children Oooooopsie.</Msg><Username>banjobob45</Username><Timestamp>1360621364093</Timestamp><DateTime>Mon, 2013-02-11 17:22:44 EST</DateTime><ThumbUp>2</ThumbUp><ThumbDown>0</ThumbDown><Sentiment/></Message><Message type="ReplyMessage"><Id>1360621628618-111</Id><Topic><Title>LIBS IN NE STATES PUNISHED AGAIN BY NATURE WITH BLIZZARD</Title><Username>wildwoolywabbit</Username><Timestamp>1360452793748</Timestamp><DateTime>Sat, 2013-02-09 18:33:13 EST</DateTime></Topic><Msg>Excellent post, but sad about HELLo part. We wish good things for all people, but Liberals in the North East are really being punished NOT BY GOD, but by the Mother Nature they so worship. They are trying to cool off Mother Nature by stopping CO2 production, but Mother Nature says "No no no! I'm going to freeze your #$%$ off for messing with me!" Mother Nature is irrational...God is not</Msg><Username>walterbyrdman11</Username><Timestamp>1360621628618</Timestamp><DateTime>Mon, 2013-02-11 17:27:08 EST</DateTime><ThumbUp>3</ThumbUp><ThumbDown>0</ThumbDown><Sentiment/></Message><Message type="TopicMessage"><Id>1360621706863-112</Id><Title>Dumbest poster on the board</Title><Msg>Dumbivan wants to post about Ted Nugent being a perv right while Bob Menendez is being investigated for banging16 year old girls and not paying them what he promised. What tastes worse,dumbivan,your foot or Surf's nasty weener???LOLOLOLOLOLOLOLOLOLOLOL</Msg><Username>careyh5050</Username><Timestamp>1360621706863</Timestamp><DateTime>Mon, 2013-02-11 17:28:26 EST</DateTime><ThumbUp>6</ThumbUp><ThumbDown>3</ThumbDown><Sentiment/></Message><Message type="ReplyMessage"><Id>1360621734500-113</Id><Topic><Title>BIRDSHJJJT and FARTIE ARE HAVING TROUBLE WITH SCIENCE.</Title><Username>surfandski</Username><Timestamp>1360616015748</Timestamp><DateTime>Mon, 2013-02-11 15:53:35 EST</DateTime></Topic><Msg>Failure to define 'science' has you in deep doo doo, Surfy. Go back to your mindless oblivion and leave the hard problems to us, The Tea Party...we'll fix them all and give you back America, clean, shiny and out of debt!!!</Msg><Username>walterbyrdman11</Username><Timestamp>1360621734500</Timestamp><DateTime>Mon, 2013-02-11 17:28:54 EST</DateTime><ThumbUp>1</ThumbUp><ThumbDown>1</ThumbDown><Sentiment/></Message><Message type="ReplyMessage"><Id>1360621847811-114</Id><Topic><Title>tomorrow night</Title><Username>deadpainting</Username><Timestamp>1360610621629</Timestamp><DateTime>Mon, 2013-02-11 14:23:41 EST</DateTime></Topic><Msg>Rules for Obama #$%$ Bingo: 1. Before Barrack Obama’s next televised speech, print your “#$%$ Bingo” 2. Check off the appropriate block when you hear one of those words/phrases. 3. When you get five blocks horizontally, vertically, or diagonally, stand up and shout #$%$!” [or Shout out "PELOSI" (means the same thing)] Testimonials from past satisfied “#$%$ Bingo” players: “I had been listening to the speech for only five minutes when I won.” – Jack W., Boston “My attention span during speeches has improved dramatically." --Joe Blow., Scranton Let me be clear Make no mistake Not one dime Previous administration Inherited Worst financial crisis since the Great Depression I've said time and time again There are those who say I, me, my held accountable Gay Marriage Abortion I Have a Dream Is he actually going to talk about jobs???? Steve Jobs is dead that's why Tim Cook will be sitting next to Michelle.</Msg><Username>yohoho_andabottlea</Username><Timestamp>1360621847811</Timestamp><DateTime>Mon, 2013-02-11 17:30:47 EST</DateTime><ThumbUp>4</ThumbUp><ThumbDown>0</ThumbDown><Sentiment>Strong Buy</Sentiment></Message><Message type="ReplyMessage"><Id>1360621940316-115</Id><Topic><Title>tomorrow night</Title><Username>deadpainting</Username><Timestamp>1360610621629</Timestamp><DateTime>Mon, 2013-02-11 14:23:41 EST</DateTime></Topic><Msg>Still not as long ago as nucular' Oooooopsie.</Msg><Username>banjobob45</Username><Timestamp>1360621940316</Timestamp><DateTime>Mon, 2013-02-11 17:32:20 EST</DateTime><ThumbUp>0</ThumbUp><ThumbDown>0</ThumbDown><Sentiment/></Message><Message type="ReplyMessage"><Id>1360622329516-116</Id><Topic><Title>Dumbest poster on the board</Title><Username>careyh5050</Username><Timestamp>1360621706863</Timestamp><DateTime>Mon, 2013-02-11 17:28:26 EST</DateTime></Topic><Msg>LOL he'll pick surf's micro aids-infested peepee every time!</Msg><Username>lameduck0bama</Username><Timestamp>1360622329516</Timestamp><DateTime>Mon, 2013-02-11 17:38:49 EST</DateTime><ThumbUp>5</ThumbUp><ThumbDown>1</ThumbDown><Sentiment/></Message><Message type="ReplyMessage"><Id>1360622442078-117</Id><Topic><Title>Dumbest poster on the board</Title><Username>careyh5050</Username><Timestamp>1360621706863</Timestamp><DateTime>Mon, 2013-02-11 17:28:26 EST</DateTime></Topic><Msg>Junior seems quite upset carey called dumb the dumbest poster here.Wonder why. And Junior talks about toe tapping right after he accuses another poster of being a semen slurper.Strange.</Msg><Username>banjobob45</Username><Timestamp>1360622442078</Timestamp><DateTime>Mon, 2013-02-11 17:40:42 EST</DateTime><ThumbUp>1</ThumbUp><ThumbDown>0</ThumbDown><Sentiment/></Message><Message type="ReplyMessage"><Id>1360622499156-118</Id><Topic><Title>LIBS IN NE STATES PUNISHED AGAIN BY NATURE WITH BLIZZARD</Title><Username>wildwoolywabbit</Username><Timestamp>1360452793748</Timestamp><DateTime>Sat, 2013-02-09 18:33:13 EST</DateTime></Topic><Msg>woopsie "raitonal" sounds irrational and angry today....Hi magoo/junior/dumb/surf! LOL!!</Msg><Username>lameduck0bama</Username><Timestamp>1360622499156</Timestamp><DateTime>Mon, 2013-02-11 17:41:39 EST</DateTime><ThumbUp>3</ThumbUp><ThumbDown>0</ThumbDown><Sentiment/></Message><Message type="ReplyMessage"><Id>1360622524128-119</Id><Topic><Title>FIERCE COMPETITION BETWEEN AUNTIE CAREYHO and DEADBRAIN...</Title><Username>surfandski_reborn</Username><Timestamp>1360622317181</Timestamp><DateTime>Mon, 2013-02-11 17:38:37 EST</DateTime></Topic><Msg>You are giving yourself away again, Junior.</Msg><Username>banjobob45</Username><Timestamp>1360622524128</Timestamp><DateTime>Mon, 2013-02-11 17:42:04 EST</DateTime><ThumbUp>0</ThumbUp><ThumbDown>0</ThumbDown><Sentiment/></Message><Message type="ReplyMessage"><Id>1360622685150-120</Id><Topic><Title>Dumbest poster on the board</Title><Username>careyh5050</Username><Timestamp>1360621706863</Timestamp><DateTime>Mon, 2013-02-11 17:28:26 EST</DateTime></Topic><Msg>Do you still talk about Carey giving you a hummer and his beard tickling,Junior??Lol Thats pretty close to toe tapping.LOL</Msg><Username>banjobob45</Username><Timestamp>1360622685150</Timestamp><DateTime>Mon, 2013-02-11 17:44:45 EST</DateTime><ThumbUp>2</ThumbUp><ThumbDown>0</ThumbDown><Sentiment/></Message><Message type="ReplyMessage"><Id>1360622940688-121</Id><Topic><Title>LIBS IN NE STATES PUNISHED AGAIN BY NATURE WITH BLIZZARD</Title><Username>wildwoolywabbit</Username><Timestamp>1360452793748</Timestamp><DateTime>Sat, 2013-02-09 18:33:13 EST</DateTime></Topic><Msg>Concerned about global warming I went outside this morning to check on it. But my thermometer had frozen and all the mercury fell out! Should I be worried???</Msg><Username>banjobob45</Username><Timestamp>1360622940688</Timestamp><DateTime>Mon, 2013-02-11 17:49:00 EST</DateTime><ThumbUp>1</ThumbUp><ThumbDown>0</ThumbDown><Sentiment/></Message><Message type="ReplyMessage"><Id>1360623034893-122</Id><Topic><Title>SO IF THE TEA 'PARTY' IS ACTUALLY A PARTY, HOW COME...</Title><Username>surfandski_reborn</Username><Timestamp>1360622909987</Timestamp><DateTime>Mon, 2013-02-11 17:48:29 EST</DateTime></Topic><Msg>So,Magoo, do you think Biden will win in 2016 ???</Msg><Username>banjobob45</Username><Timestamp>1360623034893</Timestamp><DateTime>Mon, 2013-02-11 17:50:34 EST</DateTime><ThumbUp>1</ThumbUp><ThumbDown>0</ThumbDown><Sentiment/></Message><Message type="TopicMessage"><Id>1360623301056-123</Id><Title>Suspicious actions</Title><Msg>Junior posted that Carey's beard tickles?? What were two men doing??</Msg><Username>banjobob45</Username><Timestamp>1360623301056</Timestamp><DateTime>Mon, 2013-02-11 17:55:01 EST</DateTime><ThumbUp>2</ThumbUp><ThumbDown>0</ThumbDown><Sentiment/></Message><Message type="ReplyMessage"><Id>1360623397726-124</Id><Topic><Title>FIERCE COMPETITION BETWEEN AUNTIE CAREYHO and DEADBRAIN...</Title><Username>surfandski_reborn</Username><Timestamp>1360622317181</Timestamp><DateTime>Mon, 2013-02-11 17:38:37 EST</DateTime></Topic><Msg>Yeah,ok,yup,sure Umm hmm.LOL</Msg><Username>banjobob45</Username><Timestamp>1360623397726</Timestamp><DateTime>Mon, 2013-02-11 17:56:37 EST</DateTime><ThumbUp>0</ThumbUp><ThumbDown>0</ThumbDown><Sentiment/></Message><Message type="ReplyMessage"><Id>1360624295030-125</Id><Topic><Title>BIRDSHJJJT and FARTIE ARE HAVING TROUBLE WITH SCIENCE.</Title><Username>surfandski</Username><Timestamp>1360616015748</Timestamp><DateTime>Mon, 2013-02-11 15:53:35 EST</DateTime></Topic><Msg>Sadly confused..the Tea Party is America..America is the Tea Party....they control the Congress, the most representative of all entities....the Tea Party controls Congress...watch and see, how they force Obama to compromise between his insanity and their solution!!! It will be fun, to watch him fall into misery and humiliation...but that will be good for America</Msg><Username>walterbyrdman11</Username><Timestamp>1360624295030</Timestamp><DateTime>Mon, 2013-02-11 18:11:35 EST</DateTime><ThumbUp>2</ThumbUp><ThumbDown>0</ThumbDown><Sentiment/></Message><Message type="ReplyMessage"><Id>1360624639653-126</Id><Topic><Title>Suspicious actions</Title><Username>banjobob45</Username><Timestamp>1360623301056</Timestamp><DateTime>Mon, 2013-02-11 17:55:01 EST</DateTime></Topic><Msg>So Junior just confirmed he is a homosexual!!!</Msg><Username>banjobob45</Username><Timestamp>1360624639653</Timestamp><DateTime>Mon, 2013-02-11 18:17:19 EST</DateTime><ThumbUp>6</ThumbUp><ThumbDown>0</ThumbDown><Sentiment/></Message><Message type="ReplyMessage"><Id>1360625415583-127</Id><Topic><Title>Suspicious actions</Title><Username>banjobob45</Username><Timestamp>1360623301056</Timestamp><DateTime>Mon, 2013-02-11 17:55:01 EST</DateTime></Topic><Msg>Old saying is " them that throws, also catch. If Junior likes head from other men,you figure he likes giving it too. Not surprised.</Msg><Username>hairyroid</Username><Timestamp>1360625415583</Timestamp><DateTime>Mon, 2013-02-11 18:30:15 EST</DateTime><ThumbUp>1</ThumbUp><ThumbDown>1</ThumbDown><Sentiment/></Message><Message type="TopicMessage"><Id>1360625600676-128</Id><Title>France gets 50 million from tax payers</Title><Msg>More debt for the children. France can't pay there own way?</Msg><Username>deadpainting</Username><Timestamp>1360625600676</Timestamp><DateTime>Mon, 2013-02-11 18:33:20 EST</DateTime><ThumbUp>2</ThumbUp><ThumbDown>1</ThumbDown><Sentiment/></Message><Message type="ReplyMessage"><Id>1360626743470-129</Id><Topic><Title>SO IF THE TEA 'PARTY' IS ACTUALLY A PARTY, HOW COME...</Title><Username>surfandski_reborn</Username><Timestamp>1360622909987</Timestamp><DateTime>Mon, 2013-02-11 17:48:29 EST</DateTime></Topic><Msg>Tea Party works for what's best for America...they go with the flow and move the tides of fortune in the favor of the once and future great America!!! They don't need no stinking presidential candidate...they elect the House and control the budget... Look what your guy did...50 TRILLION DEFICIT....AMERICA WILL RISE UP LIKE ANGRY DEMOCRAT AND SWAT ALL FEDS FROM OFFICE..the states will have to keep their Federal tax money and re-create the America the Feds destroyed...... The only Federal agency will soon be the Defense Dept....everything else will soon have to be run by the states..cuz they have money and the Feds are broke, broke, broke.. AMERICANS CAN CHOOSE BETWEEN USELESS OBAMA DOLLARS OR GOLDEN TEXAS DOLLARS!!!!!! yeeeee haaaaawwww, kick a Dem in the #$%$...</Msg><Username>walterbyrdman11</Username><Timestamp>1360626743470</Timestamp><DateTime>Mon, 2013-02-11 18:52:23 EST</DateTime><ThumbUp>2</ThumbUp><ThumbDown>1</ThumbDown><Sentiment/></Message><Message type="ReplyMessage"><Id>1360626814325-130</Id><Topic><Title>LIBS IN NE STATES PUNISHED AGAIN BY NATURE WITH BLIZZARD</Title><Username>wildwoolywabbit</Username><Timestamp>1360452793748</Timestamp><DateTime>Sat, 2013-02-09 18:33:13 EST</DateTime></Topic><Msg>banjo, you have a good mind and keen wit...keep smashing Dems in the face, well done!!!</Msg><Username>walterbyrdman11</Username><Timestamp>1360626814325</Timestamp><DateTime>Mon, 2013-02-11 18:53:34 EST</DateTime><ThumbUp>1</ThumbUp><ThumbDown>0</ThumbDown><Sentiment/></Message><Message type="ReplyMessage"><Id>1360627275526-131</Id><Topic><Title>SO IF THE TEA 'PARTY' IS ACTUALLY A PARTY, HOW COME...</Title><Username>surfandski_reborn</Username><Timestamp>1360622909987</Timestamp><DateTime>Mon, 2013-02-11 17:48:29 EST</DateTime></Topic><Msg>German finance minister Wolfgang Schäuble also raised doubts about the "systemic relevance" of the island economy. If the country's economic failure is not considered to pose a threat to the region as a whole, it does not qualify for a bailout.</Msg><Username>yohoho_andabottlea</Username><Timestamp>1360627275526</Timestamp><DateTime>Mon, 2013-02-11 19:01:15 EST</DateTime><ThumbUp>0</ThumbUp><ThumbDown>0</ThumbDown><Sentiment/></Message><Message type="ReplyMessage"><Id>1360627356893-132</Id><Topic><Title>has Obama cut drilling on gov land again...gas prices are going</Title><Username>gregjanetommax</Username><Timestamp>1360625964816</Timestamp><DateTime>Mon, 2013-02-11 18:39:24 EST</DateTime></Topic><Msg>Obama says America is producing most oil ever -- why is Obama ripping U.S. off with record high gasoline prices. The evil oil companies must be broken up and destroyed!!!</Msg><Username>yohoho_andabottlea</Username><Timestamp>1360627356893</Timestamp><DateTime>Mon, 2013-02-11 19:02:36 EST</DateTime><ThumbUp>1</ThumbUp><ThumbDown>0</ThumbDown><Sentiment>Strong Buy</Sentiment></Message><Message type="ReplyMessage"><Id>1360627490925-133</Id><Topic><Title>carey wonk says obama puts party first by nominating hagel, a republican LOLOLOLOLOL!!!!</Title><Username>juniorsclassmate_5</Username><Timestamp>1360620802248</Timestamp><DateTime>Mon, 2013-02-11 17:13:22 EST</DateTime></Topic><Msg>First Gay President wants a cadre of gays for his daily circle jerk.</Msg><Username>yohoho_andabottlea</Username><Timestamp>1360627490925</Timestamp><DateTime>Mon, 2013-02-11 19:04:50 EST</DateTime><ThumbUp>1</ThumbUp><ThumbDown>0</ThumbDown><Sentiment/></Message><Message type="ReplyMessage"><Id>1360631292024-134</Id><Topic><Title>Dumbest poster on the board</Title><Username>careyh5050</Username><Timestamp>1360621706863</Timestamp><DateTime>Mon, 2013-02-11 17:28:26 EST</DateTime></Topic><Msg>Talk about pedos some more,Dumb.</Msg><Username>hairyroid</Username><Timestamp>1360631292024</Timestamp><DateTime>Mon, 2013-02-11 20:08:12 EST</DateTime><ThumbUp>3</ThumbUp><ThumbDown>1</ThumbDown><Sentiment/></Message><Message type="ReplyMessage"><Id>1360632047732-135</Id><Topic><Title>has Obama cut drilling on gov land again...gas prices are going</Title><Username>gregjanetommax</Username><Timestamp>1360625964816</Timestamp><DateTime>Mon, 2013-02-11 18:39:24 EST</DateTime></Topic><Msg>Please enlighten us on this so called EXTREME profit margins. What is the avg. profit margin for the oil industry.</Msg><Username>fluteman_greg</Username><Timestamp>1360632047732</Timestamp><DateTime>Mon, 2013-02-11 20:20:47 EST</DateTime><ThumbUp>2</ThumbUp><ThumbDown>0</ThumbDown><Sentiment/></Message><Message type="ReplyMessage"><Id>1360632485974-136</Id><Topic><Title>has Obama cut drilling on gov land again...gas prices are going</Title><Username>gregjanetommax</Username><Timestamp>1360625964816</Timestamp><DateTime>Mon, 2013-02-11 18:39:24 EST</DateTime></Topic><Msg>Fss13 doesn't know what he's talking about.Oil companies have a very low profit margin,their money is made on tremendous volume. Prices are going up now as refineries switch to summer blends or shutdown units for their annual refurbishing. It's called supply and demand.</Msg><Username>doremifa85</Username><Timestamp>1360632485974</Timestamp><DateTime>Mon, 2013-02-11 20:28:05 EST</DateTime><ThumbUp>1</ThumbUp><ThumbDown>0</ThumbDown><Sentiment/></Message><Message type="ReplyMessage"><Id>1360635502547-137</Id><Topic><Title>ASTEROID DESTROYED DINOSAURS, BUT WAIT!, MAYBE NOT! IT WAS global cooling..global cooling..</Title><Username>walterbyrdman11</Username><Timestamp>1360611024391</Timestamp><DateTime>Mon, 2013-02-11 14:30:24 EST</DateTime></Topic><Msg>you are correct. good post</Msg><Username>walterbyrdman11</Username><Timestamp>1360635502547</Timestamp><DateTime>Mon, 2013-02-11 21:18:22 EST</DateTime><ThumbUp>0</ThumbUp><ThumbDown>2</ThumbDown><Sentiment/></Message><Message type="ReplyMessage"><Id>1360635521380-138</Id><Topic><Title>has Obama cut drilling on gov land again...gas prices are going</Title><Username>gregjanetommax</Username><Timestamp>1360625964816</Timestamp><DateTime>Mon, 2013-02-11 18:39:24 EST</DateTime></Topic><Msg>you must be a communist don't you believe in capitalism? Prices go up because of demand right, do you want to impose price controls like the communist Nixon did?</Msg><Username>dumb.ivan</Username><Timestamp>1360635521380</Timestamp><DateTime>Mon, 2013-02-11 21:18:41 EST</DateTime><ThumbUp>3</ThumbUp><ThumbDown>2</ThumbDown><Sentiment/></Message><Message type="ReplyMessage"><Id>1360635837447-139</Id><Topic><Title>Tremendous Improvement for Cisco Systems, Inc. . Read Now!</Title><Username>mojica.harold</Username><Timestamp>1360609367098</Timestamp><DateTime>Mon, 2013-02-11 14:02:47 EST</DateTime></Topic><Msg>We will await the earnings -- Should be good.</Msg><Username>brat81us</Username><Timestamp>1360635837447</Timestamp><DateTime>Mon, 2013-02-11 21:23:57 EST</DateTime><ThumbUp>0</ThumbUp><ThumbDown>0</ThumbDown><Sentiment>Buy</Sentiment></Message><Message type="ReplyMessage"><Id>1360635903306-140</Id><Topic><Title>has Obama cut drilling on gov land again...gas prices are going</Title><Username>gregjanetommax</Username><Timestamp>1360625964816</Timestamp><DateTime>Mon, 2013-02-11 18:39:24 EST</DateTime></Topic><Msg>Ivan, you need a bath in reason, a shower in sanity and good scrubbing in rational thought. And also shampoo in Democratic poo....stinky!!!</Msg><Username>walterbyrdman11</Username><Timestamp>1360635903306</Timestamp><DateTime>Mon, 2013-02-11 21:25:03 EST</DateTime><ThumbUp>2</ThumbUp><ThumbDown>1</ThumbDown><Sentiment/></Message><Message type="ReplyMessage"><Id>1360636566639-141</Id><Topic><Title>has Obama cut drilling on gov land again...gas prices are going</Title><Username>gregjanetommax</Username><Timestamp>1360625964816</Timestamp><DateTime>Mon, 2013-02-11 18:39:24 EST</DateTime></Topic><Msg>Sarah Palin told Obama to DRILL BABY DRILL BABY DRILL BABY DRILL BABY DRILL</Msg><Username>yohoho_andabottlea</Username><Timestamp>1360636566639</Timestamp><DateTime>Mon, 2013-02-11 21:36:06 EST</DateTime><ThumbUp>2</ThumbUp><ThumbDown>1</ThumbDown><Sentiment/></Message><Message type="ReplyMessage"><Id>1360639419875-142</Id><Topic><Title>BLACK OBAMA VOTING TEACHER REPRIMANDED FOR POURING PENCIL SHAVINGS INTO STUDENTS MOUTH</Title><Username>democrat_cocoon_of_terror</Username><Timestamp>1360471007504</Timestamp><DateTime>Sat, 2013-02-09 23:36:47 EST</DateTime></Topic><Msg>This democrat union 'teacher' comitted a crime of child abuse, child endangerment, criminal negligence at best and attempted murder at worst IMO.</Msg><Username>janet_napalitano_is_ugly</Username><Timestamp>1360639419875</Timestamp><DateTime>Mon, 2013-02-11 22:23:39 EST</DateTime><ThumbUp>8</ThumbUp><ThumbDown>1</ThumbDown><Sentiment/></Message><Message type="ReplyMessage"><Id>1360639582193-143</Id><Topic><Title>DEMOCRAT SENATOR MENENDEZ SEX PARTIES WITH YOUNG CHILDREN= NO MORALS OR DECENCY</Title><Username>weiner_the_peter_tweeter</Username><Timestamp>1360296154630</Timestamp><DateTime>Thu, 2013-02-07 23:02:34 EST</DateTime></Topic><Msg>Agree that Menendez is a skumbag for going to Dominican Republic to have sex with 5th graders.</Msg><Username>janet_napalitano_is_ugly</Username><Timestamp>1360639582193</Timestamp><DateTime>Mon, 2013-02-11 22:26:22 EST</DateTime><ThumbUp>27</ThumbUp><ThumbDown>1</ThumbDown><Sentiment/></Message><Message type="ReplyMessage"><Id>1360639660045-144</Id><Topic><Title>BLACK DEMOCRAT UNION COP WHO PUNCHED WOMAN FOR NO REASON TO BE FIRED</Title><Username>democrat_cocoon_of_terror</Username><Timestamp>1360488046702</Timestamp><DateTime>Sun, 2013-02-10 04:20:46 EST</DateTime></Topic><Msg>I'm wondering how many people this black union cop murdered??</Msg><Username>janet_napalitano_is_ugly</Username><Timestamp>1360639660045</Timestamp><DateTime>Mon, 2013-02-11 22:27:40 EST</DateTime><ThumbUp>2</ThumbUp><ThumbDown>1</ThumbDown><Sentiment/></Message><Message type="ReplyMessage"><Id>1360639778042-145</Id><Topic><Title>OBAMA FDA UNION WORKER OPENS GUN FIRE ON 15 YEAR OLD BOY</Title><Username>democrat_cocoon_of_terror</Username><Timestamp>1360470383150</Timestamp><DateTime>Sat, 2013-02-09 23:26:23 EST</DateTime></Topic><Msg>This kind of trigger happy government union worker who opens fire on unarmed 15 year old boys and criminal street gangs are the only people democrats want armed with machine guns.</Msg><Username>janet_napalitano_is_ugly</Username><Timestamp>1360639778042</Timestamp><DateTime>Mon, 2013-02-11 22:29:38 EST</DateTime><ThumbUp>3</ThumbUp><ThumbDown>1</ThumbDown><Sentiment/></Message><Message type="ReplyMessage"><Id>1360639927755-146</Id><Topic><Title>EX LAPD ANTI-GUN DEMOCRAT UNION COP GOES ON SHOOTING RAMPAGE</Title><Username>obama_bp_oil_spill_horror</Username><Timestamp>1360377956701</Timestamp><DateTime>Fri, 2013-02-08 21:45:56 EST</DateTime></Topic><Msg>Anti-gun unionized democrats are the ones going on shooting rampages trying to kill as many people as possible then blaming the guns for their evil souls.</Msg><Username>janet_napalitano_is_ugly</Username><Timestamp>1360639927755</Timestamp><DateTime>Mon, 2013-02-11 22:32:07 EST</DateTime><ThumbUp>3</ThumbUp><ThumbDown>1</ThumbDown><Sentiment/></Message><Message type="TopicMessage"><Id>1360640214083-147</Id><Title>DEMOCRAT SUPER SANCTIONS AGAINST IRAN MISERABLE FAILURE, IRAN SIMPLY</Title><Msg>DEMOCRAT SUPER SANCTIONS AGAINST IRAN MISERABLE FAILURE, IRAN SIMPLY SECRETLY TRADED GOLD WITH ROGUE NATIONS WHO SIMPLY IGNORED DEMOCRAT SANCTIONS. This is no different that stupid democrat bans on guns. Criminals dont obey laws and will acquire any banned gun that they want. All the street gangs have illegal and banned fully automatic machine guns.</Msg><Username>janet_napalitano_is_ugly</Username><Timestamp>1360640214083</Timestamp><DateTime>Mon, 2013-02-11 22:36:54 EST</DateTime><ThumbUp>3</ThumbUp><ThumbDown>1</ThumbDown><Sentiment/></Message><Message type="TopicMessage"><Id>1360640822487-148</Id><Title>Funny how the filthy rich, 1% Liberal Dems ...</Title><Msg>... are so vocal about paying more taxes. They already have their m(b)illions what do they care? But they want to keep everyone ELSE from becoming rich by paying more and MORE taxes and hold down the middle class so they will become more and more dependent on BIG Gubment. Isn't that just laugh out loud, bust your gut funny?</Msg><Username>carrik.fergus</Username><Timestamp>1360640822487</Timestamp><DateTime>Mon, 2013-02-11 22:47:02 EST</DateTime><ThumbUp>4</ThumbUp><ThumbDown>5</ThumbDown><Sentiment/></Message></Date>