<?xml version="1.0" encoding="UTF-8" standalone="no"?><Date date="2012-10-02"><Message type="TopicMessage"><Id>1349179846319-1</Id><Title>Load Up Dell SP/NasDaq Laggard Watch Funds load up 4th Quarter and Bragg About the Upside End 4th Quarter $14 When Sell!</Title><Msg>Yup!!</Msg><Username>syn1828</Username><Timestamp>1349179846319</Timestamp><DateTime>Tue, 2012-10-02 08:10:46 EDT</DateTime><ThumbUp>1</ThumbUp><ThumbDown>0</ThumbDown><Sentiment/></Message><Message type="TopicMessage"><Id>1349179846636-2</Id><Title>Load Up Dell SP/NasDaq Laggard Watch Funds load up 4th Quarter and Bragg About the Upside End 4th Quarter $14 When Sell!</Title><Msg>Yup!!</Msg><Username>syn1828</Username><Timestamp>1349179846636</Timestamp><DateTime>Tue, 2012-10-02 08:10:46 EDT</DateTime><ThumbUp>0</ThumbUp><ThumbDown>0</ThumbDown><Sentiment/></Message><Message type="TopicMessage"><Id>1349180184228-3</Id><Title>DELL is A Buy Shorters and WannB's Watch A $12, $2 points!!</Title><Msg>Soon!</Msg><Username>citioec</Username><Timestamp>1349180184228</Timestamp><DateTime>Tue, 2012-10-02 08:16:24 EDT</DateTime><ThumbUp>1</ThumbUp><ThumbDown>0</ThumbDown><Sentiment/></Message><Message type="TopicMessage"><Id>1349180334218-4</Id><Title>Dell Has Fallen During this 15% SP and Dow Rally! DELL Has Most Upside!! $13!!</Title><Msg>Watch!!</Msg><Username>webyufuibf</Username><Timestamp>1349180334218</Timestamp><DateTime>Tue, 2012-10-02 08:18:54 EDT</DateTime><ThumbUp>1</ThumbUp><ThumbDown>0</ThumbDown><Sentiment/></Message><Message type="TopicMessage"><Id>1349180601916-5</Id><Title>Dell is No Value Trap Here Paying Yield and DIVY and $4.5Billion Cash!!</Title><Msg>Come on</Msg><Username>fuhcitichien</Username><Timestamp>1349180601916</Timestamp><DateTime>Tue, 2012-10-02 08:23:21 EDT</DateTime><ThumbUp>0</ThumbUp><ThumbDown>0</ThumbDown><Sentiment/></Message><Message type="TopicMessage"><Id>1349181153513-6</Id><Title>Dell is Looking Mighty Beat Up and Due for atleast 10% Bounce to Mid $10's</Title><Msg>Watch close year $13</Msg><Username>ekincheng1828</Username><Timestamp>1349181153513</Timestamp><DateTime>Tue, 2012-10-02 08:32:33 EDT</DateTime><ThumbUp>1</ThumbUp><ThumbDown>0</ThumbDown><Sentiment/></Message><Message type="ReplyMessage"><Id>1349181621027-7</Id><Topic><Title>Dell Has Fallen During this 15% SP and Dow Rally! DELL Has Most Upside!! $13!!</Title><Username>webyufuibf</Username><Timestamp>1349180334218</Timestamp><DateTime>Tue, 2012-10-02 08:18:54 EDT</DateTime></Topic><Msg>Unless, of course, it actually fell for a good reason. </Msg><Username>rmbo47</Username><Timestamp>1349181621027</Timestamp><DateTime>Tue, 2012-10-02 08:40:21 EDT</DateTime><ThumbUp>0</ThumbUp><ThumbDown>0</ThumbDown><Sentiment/></Message><Message type="ReplyMessage"><Id>1349181704269-8</Id><Topic><Title>=== 18 reasons that Apple needs Dell</Title><Username>value_oriented_123</Username><Timestamp>1349101658605</Timestamp><DateTime>Mon, 2012-10-01 10:27:38 EDT</DateTime></Topic><Msg>Apple wants NOTHING to do with Dell. Last I checked Apple was doing pretty well without them. What would Dell add, besides a bloated and troubled problem?? </Msg><Username>rmbo47</Username><Timestamp>1349181704269</Timestamp><DateTime>Tue, 2012-10-02 08:41:44 EDT</DateTime><ThumbUp>1</ThumbUp><ThumbDown>0</ThumbDown><Sentiment/></Message><Message type="TopicMessage"><Id>1349183031035-9</Id><Title>Dell Beat Up Look RF, Other Stocks Beat Up Last Yr! RF Bank Stock $7 from $2. DEll=$15 Soon!</Title><Msg>Watch!!</Msg><Username>syn1828</Username><Timestamp>1349183031035</Timestamp><DateTime>Tue, 2012-10-02 09:03:51 EDT</DateTime><ThumbUp>1</ThumbUp><ThumbDown>0</ThumbDown><Sentiment/></Message><Message type="TopicMessage"><Id>1349186460351-10</Id><Title>Dell decreases Laptops: decreased demand, Dell in decline</Title><Msg>Michael Dell will need to trade in his Stadium-sized Mansion for a bungalow in Bumfukegypt. Sari Mike. your greed was you downfall.</Msg><Username>runningblackbeardog</Username><Timestamp>1349186460351</Timestamp><DateTime>Tue, 2012-10-02 10:01:00 EDT</DateTime><ThumbUp>0</ThumbUp><ThumbDown>0</ThumbDown><Sentiment/></Message><Message type="TopicMessage"><Id>1349197370974-11</Id><Title>Just bought a Dell Desktop to help the cause</Title><Msg>Anything to help the cause. Dell is American, historically has produced great laptops and desktops. No reason to support the chinese Lenovo, a louis voutton fake purse like company. Dell still profits and tons of cash, support all you can at PE ratio of 6-- no brainer buy</Msg><Username>cameleonman</Username><Timestamp>1349197370974</Timestamp><DateTime>Tue, 2012-10-02 13:02:50 EDT</DateTime><ThumbUp>0</ThumbUp><ThumbDown>1</ThumbDown><Sentiment>Strong Buy</Sentiment></Message><Message type="TopicMessage"><Id>1349197809546-12</Id><Title>ATTD distribution agreement announcement, 2200% GAINS POSSIBLE ,READ</Title><Msg>DISTRIBUTION AGREEMENT ANNONCEMENT WITH WALMART STORES ANY DAY NOW. Attitude Drinks, has recently announced record orders and expanded distribution of their recently launched Phase III Energy Recovery drink and brand, and has made tremendous progress as of late, by increasing that distribution to the likes of Walgreen's in Florida and Sam's Mart Stores in the Carolinas and Georgia. ATTD is expected to pull in tens of Millions. Analyst suggests ATTD is ready for a MASSIVE BREAKOUT. This Stock price has the potential to 5cents to 20cents. And buying the stock for nothing at 0.0006 will bring unbelievable profit. Buying 1 million shares@ 0.0006, cost= $600. Sell 1 million shares@ 1 cent = $10,000 or 5 cents= $50,000 With 2200% gains, ATTD can turn around your losses and bring your trading account back positive.</Msg><Username>comebacktrade</Username><Timestamp>1349197809546</Timestamp><DateTime>Tue, 2012-10-02 13:10:09 EDT</DateTime><ThumbUp>0</ThumbUp><ThumbDown>0</ThumbDown><Sentiment>Strong Buy</Sentiment></Message><Message type="ReplyMessage"><Id>1349198851527-13</Id><Topic><Title>Dell has $5.3 billion share repurchase program as of August 31/2012 (Source 10-Q)</Title><Username>longsrboss</Username><Timestamp>1348962726221</Timestamp><DateTime>Sat, 2012-09-29 19:52:06 EDT</DateTime></Topic><Msg>The decision is made to unleash the $5.3 billion Bazzoka.... Stay tuned.</Msg><Username>ossobucco2012</Username><Timestamp>1349198851527</Timestamp><DateTime>Tue, 2012-10-02 13:27:31 EDT</DateTime><ThumbUp>0</ThumbUp><ThumbDown>0</ThumbDown><Sentiment>Strong Buy</Sentiment></Message><Message type="TopicMessage"><Id>1349199823932-14</Id><Title>please mr dell, give shareholders the money in dividends</Title><Msg>don't you think its time. remember you said that steve jobs should do that. do you think that you can turn around dell like steve jobs turnedd around apple? please, return the money in dividends....</Msg><Username>misowhorney</Username><Timestamp>1349199823932</Timestamp><DateTime>Tue, 2012-10-02 13:43:43 EDT</DateTime><ThumbUp>0</ThumbUp><ThumbDown>0</ThumbDown><Sentiment/></Message><Message type="TopicMessage"><Id>1349202480110-15</Id><Title>Dell computers can give massages and Happy endings</Title><Msg>How is that for innovations?</Msg><Username>yaaahore</Username><Timestamp>1349202480110</Timestamp><DateTime>Tue, 2012-10-02 14:28:00 EDT</DateTime><ThumbUp>0</ThumbUp><ThumbDown>0</ThumbDown><Sentiment/></Message><Message type="ReplyMessage"><Id>1349207205492-16</Id><Topic><Title>please mr dell, give shareholders the money in dividends</Title><Username>misowhorney</Username><Timestamp>1349199823932</Timestamp><DateTime>Tue, 2012-10-02 13:43:43 EDT</DateTime></Topic><Msg>does dell still have money?</Msg><Username>linfc1</Username><Timestamp>1349207205492</Timestamp><DateTime>Tue, 2012-10-02 15:46:45 EDT</DateTime><ThumbUp>1</ThumbUp><ThumbDown>0</ThumbDown><Sentiment/></Message><Message type="ReplyMessage"><Id>1349207648650-17</Id><Topic><Title>please mr dell, give shareholders the money in dividends</Title><Username>misowhorney</Username><Timestamp>1349199823932</Timestamp><DateTime>Tue, 2012-10-02 13:43:43 EDT</DateTime></Topic><Msg>not a bad point. i actually haven't checked recently. they used to have a billion or more net. someone ought to do a book on this company. how many sharedholders got screwed, how there no dividend, and why, why why ANYONE would've ever invested their money it in.</Msg><Username>misowhorney</Username><Timestamp>1349207648650</Timestamp><DateTime>Tue, 2012-10-02 15:54:08 EDT</DateTime><ThumbUp>0</ThumbUp><ThumbDown>0</ThumbDown><Sentiment/></Message><Message type="ReplyMessage"><Id>1349208171226-18</Id><Topic><Title>please mr dell, give shareholders the money in dividends</Title><Username>misowhorney</Username><Timestamp>1349199823932</Timestamp><DateTime>Tue, 2012-10-02 13:43:43 EDT</DateTime></Topic><Msg>Try some research before you post noise. DELL does pay a dividend. CTG</Msg><Username>come_to_grief</Username><Timestamp>1349208171226</Timestamp><DateTime>Tue, 2012-10-02 16:02:51 EDT</DateTime><ThumbUp>1</ThumbUp><ThumbDown>0</ThumbDown><Sentiment/></Message><Message type="ReplyMessage"><Id>1349208588261-19</Id><Topic><Title>please mr dell, give shareholders the money in dividends</Title><Username>misowhorney</Username><Timestamp>1349199823932</Timestamp><DateTime>Tue, 2012-10-02 13:43:43 EDT</DateTime></Topic><Msg>i know they pay a dividend NOW, after a billion years of wasting away and spending tons of cash they had and never paying a dividend. but the dividend at this point in meaningless anyway. what is it, 2%? is this a growth company? unbelievable what some shareholders will put up with. do some research yourself chachi on what advice michael dell had for steve jobs when apple wasn't doing so well. i believe it was close up the company and distribute the cash to shareholders??</Msg><Username>misowhorney</Username><Timestamp>1349208588261</Timestamp><DateTime>Tue, 2012-10-02 16:09:48 EDT</DateTime><ThumbUp>1</ThumbUp><ThumbDown>0</ThumbDown><Sentiment/></Message><Message type="TopicMessage"><Id>1349218924551-20</Id><Title>DELL is up on Low Volume....</Title><Msg>Short covering has begun and should accelerate this week.... We will close above $10.50 on Friday.</Msg><Username>ossobucco2012</Username><Timestamp>1349218924551</Timestamp><DateTime>Tue, 2012-10-02 19:02:04 EDT</DateTime><ThumbUp>0</ThumbUp><ThumbDown>0</ThumbDown><Sentiment>Strong Buy</Sentiment></Message><Message type="TopicMessage"><Id>1349234107932-21</Id><Title>The 12 billion. Cash killing us...buy NTAP</Title><Msg>And get some return ononey,..</Msg><Username>taratara144</Username><Timestamp>1349234107932</Timestamp><DateTime>Tue, 2012-10-02 23:15:07 EDT</DateTime><ThumbUp>0</ThumbUp><ThumbDown>0</ThumbDown><Sentiment/></Message></Date>