<?xml version="1.0" encoding="UTF-8" standalone="no"?><Date date="2012-09-11"><Message type="TopicMessage"><Id>1347377044431-1</Id><Title>Standpoint Research upgraded Dell (NASDAQ: DELL) from Hold to Buy with a price target of $21.00.</Title><Msg>Standpoint Research upgraded Dell (NASDAQ: DELL) from Hold to Buy with a price target of $21.00.</Msg><Username>nusaiba</Username><Timestamp>1347377044431</Timestamp><DateTime>Tue, 2012-09-11 11:24:04 EDT</DateTime><ThumbUp>0</ThumbUp><ThumbDown>0</ThumbDown><Sentiment/></Message><Message type="ReplyMessage"><Id>1347413879668-2</Id><Topic><Title>New Analysis on Dell Computer Corporation Suggests Drop</Title><Username>letitiacreach</Username><Timestamp>1347392285495</Timestamp><DateTime>Tue, 2012-09-11 15:38:05 EDT</DateTime></Topic><Msg>Seeking Alpha suggests BUY !!!</Msg><Username>louisbartomeosr</Username><Timestamp>1347413879668</Timestamp><DateTime>Tue, 2012-09-11 21:37:59 EDT</DateTime><ThumbUp>0</ThumbUp><ThumbDown>0</ThumbDown><Sentiment>Strong Buy</Sentiment></Message></Date>