<?xml version="1.0" encoding="UTF-8" standalone="no"?><Date date="2012-11-07"><Message type="TopicMessage"><Id>1352295534255-1</Id><Title>BBY Buyout Coming, Dump DELL Dell Down Today Market Down PRE-AM 118pts!!</Title><Msg>Yup!</Msg><Username>fuhcitichien</Username><Timestamp>1352295534255</Timestamp><DateTime>Wed, 2012-11-07 08:38:54 EST</DateTime><ThumbUp>0</ThumbUp><ThumbDown>0</ThumbDown><Sentiment/></Message><Message type="TopicMessage"><Id>1352295785829-2</Id><Title>Dumping DELL Buying Up some Best Buy BBY Buyout! $24</Title><Msg>Yup!!</Msg><Username>webyufuibf</Username><Timestamp>1352295785829</Timestamp><DateTime>Wed, 2012-11-07 08:43:05 EST</DateTime><ThumbUp>0</ThumbUp><ThumbDown>0</ThumbDown><Sentiment/></Message><Message type="TopicMessage"><Id>1352302091657-3</Id><Title>DELL Baggies Jump In BBY Buyout News Going Higher Today! $21 Soon! to $22! Watch DELL Sell $8!</Title><Msg>Yup!!</Msg><Username>fuhcitichien</Username><Timestamp>1352302091657</Timestamp><DateTime>Wed, 2012-11-07 10:28:11 EST</DateTime><ThumbUp>0</ThumbUp><ThumbDown>0</ThumbDown><Sentiment/></Message><Message type="TopicMessage"><Id>1352303854987-4</Id><Title>BBY Buyout $22! Watch! 6 Points!!</Title><Msg>Yummy@$22</Msg><Username>fuhcitichien</Username><Timestamp>1352303854987</Timestamp><DateTime>Wed, 2012-11-07 10:57:34 EST</DateTime><ThumbUp>0</ThumbUp><ThumbDown>0</ThumbDown><Sentiment/></Message><Message type="TopicMessage"><Id>1352304416397-5</Id><Title>BBY Only Stock oln my screen green and mean BuyyyyyOut $22! Easy /money and decision!</Title><Msg>buy</Msg><Username>fuhcitichien</Username><Timestamp>1352304416397</Timestamp><DateTime>Wed, 2012-11-07 11:06:56 EST</DateTime><ThumbUp>0</ThumbUp><ThumbDown>0</ThumbDown><Sentiment/></Message><Message type="TopicMessage"><Id>1352307949687-6</Id><Title>rich republicans are throwing tantrums</Title><Msg>a bunch of rich Aholes, selling their shares for a loss just to make a point. Whatever, I will still take money from them.</Msg><Username>cameleonman</Username><Timestamp>1352307949687</Timestamp><DateTime>Wed, 2012-11-07 12:05:49 EST</DateTime><ThumbUp>0</ThumbUp><ThumbDown>0</ThumbDown><Sentiment/></Message><Message type="TopicMessage"><Id>1352323794588-7</Id><Title>This stock is DONE!</Title><Msg>No product. No vision. No future. Just look at the open interest on options.</Msg><Username>schule7607</Username><Timestamp>1352323794588</Timestamp><DateTime>Wed, 2012-11-07 16:29:54 EST</DateTime><ThumbUp>0</ThumbUp><ThumbDown>0</ThumbDown><Sentiment/></Message></Date>