<?xml version="1.0" encoding="UTF-8" standalone="no"?><Date date="2012-11-29"><Message type="ReplyMessage"><Id>1354165827814-1</Id><Topic><Title>I was circle jerked by Dell</Title><Username>sallykohles</Username><Timestamp>1353980180648</Timestamp><DateTime>Mon, 2012-11-26 20:36:20 EST</DateTime></Topic><Msg>I finally got someone at dell to process my order! Dell should hire some competent help or they will lose customers!</Msg><Username>nickcainski</Username><Timestamp>1354165827814</Timestamp><DateTime>Thu, 2012-11-29 00:10:27 EST</DateTime><ThumbUp>0</ThumbUp><ThumbDown>0</ThumbDown><Sentiment/></Message><Message type="TopicMessage"><Id>1354169093798-2</Id><Title>Sharp in talk with Dell for a stake in Sharp.</Title><Msg>Sharp Corp. is in discussions with U.S. technology companies to bolster its battered balance sheet and has offered a stake to Dell Inc. DELL -0.61% , among others, in return for a stable supply of breakthrough display technology, according to people familiar with the discussions.</Msg><Username>kalv777</Username><Timestamp>1354169093798</Timestamp><DateTime>Thu, 2012-11-29 01:04:53 EST</DateTime><ThumbUp>0</ThumbUp><ThumbDown>0</ThumbDown><Sentiment/></Message><Message type="ReplyMessage"><Id>1354185763563-3</Id><Topic><Title>I was circle jerked by Dell</Title><Username>sallykohles</Username><Timestamp>1353980180648</Timestamp><DateTime>Mon, 2012-11-26 20:36:20 EST</DateTime></Topic><Msg>I am glad to know your issue has been resolved. Thank you for your feedback, I will be forwarding the report to the concerned teams. If you need any assistance, feel free to message me. Dell-Niranjan</Msg><Username>niranjanatdell</Username><Timestamp>1354185763563</Timestamp><DateTime>Thu, 2012-11-29 05:42:43 EST</DateTime><ThumbUp>0</ThumbUp><ThumbDown>0</ThumbDown><Sentiment/></Message><Message type="TopicMessage"><Id>1354196025720-4</Id><Title>DELL looks good for a trade to $10 level.</Title><Msg>Long DELL at 9.65.</Msg><Username>jdr52683</Username><Timestamp>1354196025720</Timestamp><DateTime>Thu, 2012-11-29 08:33:45 EST</DateTime><ThumbUp>0</ThumbUp><ThumbDown>0</ThumbDown><Sentiment>Strong Buy</Sentiment></Message><Message type="TopicMessage"><Id>1354205582651-5</Id><Title>Sell DELL buy AMD and CBIS breaking out!!!!!!!! MJNA PCFG on Critical Alerts</Title><Msg>imho</Msg><Username>powerball754</Username><Timestamp>1354205582651</Timestamp><DateTime>Thu, 2012-11-29 11:13:02 EST</DateTime><ThumbUp>0</ThumbUp><ThumbDown>0</ThumbDown><Sentiment>Strong Buy</Sentiment></Message><Message type="ReplyMessage"><Id>1354220594918-6</Id><Topic><Title>Wow, DELL has a bunch of new and exciting XPS tablets.</Title><Username>vinnie_baggadonitz</Username><Timestamp>1353297808400</Timestamp><DateTime>Sun, 2012-11-18 23:03:28 EST</DateTime></Topic><Msg>Anyone else tried one yet? Pretty damn impressive. Very fast boot times, nice design, specs pretty good. Some drawbacks but I like it both as a tablet and laptop.</Msg><Username>wobatus</Username><Timestamp>1354220594918</Timestamp><DateTime>Thu, 2012-11-29 15:23:14 EST</DateTime><ThumbUp>0</ThumbUp><ThumbDown>0</ThumbDown><Sentiment/></Message><Message type="ReplyMessage"><Id>1354223174524-7</Id><Topic><Title>Keep confined and unapproachable In Your Dell Inc. profits</Title><Username>marjorie.carrillo45</Username><Timestamp>1353943601727</Timestamp><DateTime>Mon, 2012-11-26 10:26:41 EST</DateTime></Topic><Msg>This was really helpful!</Msg><Username>dawid.dooley</Username><Timestamp>1354223174524</Timestamp><DateTime>Thu, 2012-11-29 16:06:14 EST</DateTime><ThumbUp>0</ThumbUp><ThumbDown>1</ThumbDown><Sentiment/></Message></Date>