<?xml version="1.0" encoding="UTF-8" standalone="no"?><Date date="2012-08-14"><Message type="ReplyMessage"><Id>1344962314000-1</Id><Topic><Title>Is Dell Computer Corporation about to plunge? I think I have figured it out</Title><Username>bernadettegriswell</Username><Timestamp>1344111823000</Timestamp><DateTime>Sat, 2012-08-04 16:23:43 EDT</DateTime></Topic><Msg>Buying Dell stock is like buying a ticket for the Titanic.</Msg><Username>ruflove</Username><Timestamp>1344962314000</Timestamp><DateTime>Tue, 2012-08-14 12:38:34 EDT</DateTime><ThumbUp>0</ThumbUp><ThumbDown>0</ThumbDown><Sentiment/></Message><Message type="TopicMessage"><Id>1344972934000-2</Id><Title>time to sell dell bought grpn?</Title><Msg>buy grpn?</Msg><Username>jai4524</Username><Timestamp>1344972934000</Timestamp><DateTime>Tue, 2012-08-14 15:35:34 EDT</DateTime><ThumbUp>0</ThumbUp><ThumbDown>0</ThumbDown><Sentiment/></Message><Message type="TopicMessage"><Id>1344987891000-3</Id><Title>HOW ARE THE...</Title><Msg>people carrying this corps doing?</Msg><Username>nk499</Username><Timestamp>1344987891000</Timestamp><DateTime>Tue, 2012-08-14 19:44:51 EDT</DateTime><ThumbUp>0</ThumbUp><ThumbDown>0</ThumbDown><Sentiment/></Message></Date>