<?xml version="1.0" encoding="UTF-8" standalone="no"?><Date date="2012-07-24"><Message type="TopicMessage"><Id>1343130929000-1</Id><Title>Next Stop 10.5</Title><Msg>Support has been blown out at 12. Let's hope that 10.50 will hold up. This Fall, kids are sent back to school with iPads; The poor kids have to carry their parents' big old clunky Dell Laptop. You see them sitting by themselves in the corner, plugged into an AC outlet. Outcasts. Perfect targets for the Bully. Don't let you child be that poor outcast kid. Dump Dell.</Msg><Username>runningblackbeardog</Username><Timestamp>1343130929000</Timestamp><DateTime>Tue, 2012-07-24 07:55:29 EDT</DateTime><ThumbUp>1</ThumbUp><ThumbDown>0</ThumbDown><Sentiment/></Message><Message type="ReplyMessage"><Id>1343133375000-2</Id><Topic><Title>hi...</Title><Username>eliottndz641</Username><Timestamp>1342711696000</Timestamp><DateTime>Thu, 2012-07-19 11:28:16 EDT</DateTime></Topic><Msg>Bonjour</Msg><Username>texanscomputer</Username><Timestamp>1343133375000</Timestamp><DateTime>Tue, 2012-07-24 08:36:15 EDT</DateTime><ThumbUp>0</ThumbUp><ThumbDown>0</ThumbDown><Sentiment/></Message><Message type="TopicMessage"><Id>1343138617000-3</Id><Title>Worst Technical Support help i have ever seen</Title><Msg>Best Shore personnel support can really turn this company into a real dinosaur. Particularly don't care for India support but oh well. Guess this company has to tank before they realize business is that sour.</Msg><Username>shamrockforlife57</Username><Timestamp>1343138617000</Timestamp><DateTime>Tue, 2012-07-24 10:03:37 EDT</DateTime><ThumbUp>1</ThumbUp><ThumbDown>0</ThumbDown><Sentiment/></Message><Message type="TopicMessage"><Id>1343138788000-4</Id><Title>Forecast</Title><Msg>I am very happy to be a new member. I have tried to time the market myself without much success. http://STOCKCHARTUPDATES.INFO</Msg><Username>rudolfrju658</Username><Timestamp>1343138788000</Timestamp><DateTime>Tue, 2012-07-24 10:06:28 EDT</DateTime><ThumbUp>2</ThumbUp><ThumbDown>0</ThumbDown><Sentiment/></Message><Message type="TopicMessage"><Id>1343138864000-5</Id><Title>Agree Best Shore support really sucks</Title><Msg>Seems like most companies will be bringing back service to Onshore. Repeat customer sales will suffer if they don't.</Msg><Username>louis_b_winthorpe</Username><Timestamp>1343138864000</Timestamp><DateTime>Tue, 2012-07-24 10:07:44 EDT</DateTime><ThumbUp>1</ThumbUp><ThumbDown>0</ThumbDown><Sentiment/></Message><Message type="ReplyMessage"><Id>1343143595000-6</Id><Topic><Title>sorry mike, its end of story for dell</Title><Username>daber3434</Username><Timestamp>1342811742000</Timestamp><DateTime>Fri, 2012-07-20 15:15:42 EDT</DateTime></Topic><Msg>ha ha ha mike can't spin his way out of this</Msg><Username>klipfisher1</Username><Timestamp>1343143595000</Timestamp><DateTime>Tue, 2012-07-24 11:26:35 EDT</DateTime><ThumbUp>0</ThumbUp><ThumbDown>1</ThumbDown><Sentiment/></Message><Message type="ReplyMessage"><Id>1343143695000-7</Id><Topic><Title>Forecast</Title><Username>rudolfrju658</Username><Timestamp>1343138788000</Timestamp><DateTime>Tue, 2012-07-24 10:06:28 EDT</DateTime></Topic><Msg>What a great day!</Msg><Username>isaljb688</Username><Timestamp>1343143695000</Timestamp><DateTime>Tue, 2012-07-24 11:28:15 EDT</DateTime><ThumbUp>0</ThumbUp><ThumbDown>0</ThumbDown><Sentiment/></Message><Message type="ReplyMessage"><Id>1343143750000-8</Id><Topic><Title>software is 2% of dell revenue</Title><Username>mytakewinsi</Username><Timestamp>1343053149000</Timestamp><DateTime>Mon, 2012-07-23 10:19:09 EDT</DateTime></Topic><Msg>dell has no tablet ... 1/3 of hardware sales will disappear by 2015 ... software revenues won't come close to replacing the lost revenue</Msg><Username>klipfisher1</Username><Timestamp>1343143750000</Timestamp><DateTime>Tue, 2012-07-24 11:29:10 EDT</DateTime><ThumbUp>0</ThumbUp><ThumbDown>1</ThumbDown><Sentiment/></Message><Message type="ReplyMessage"><Id>1343147741000-9</Id><Topic><Title>Forecast</Title><Username>rudolfrju658</Username><Timestamp>1343138788000</Timestamp><DateTime>Tue, 2012-07-24 10:06:28 EDT</DateTime></Topic><Msg>Major Information Happening</Msg><Username>quillrzc490</Username><Timestamp>1343147741000</Timestamp><DateTime>Tue, 2012-07-24 12:35:41 EDT</DateTime><ThumbUp>0</ThumbUp><ThumbDown>0</ThumbDown><Sentiment/></Message><Message type="TopicMessage"><Id>1343148463000-10</Id><Title>Sell Dell</Title><Msg>Worst stock and company ever. Outsourcing like crazy now to try to show a better bottom line.</Msg><Username>stock_bouncer</Username><Timestamp>1343148463000</Timestamp><DateTime>Tue, 2012-07-24 12:47:43 EDT</DateTime><ThumbUp>1</ThumbUp><ThumbDown>0</ThumbDown><Sentiment/></Message><Message type="TopicMessage"><Id>1343155999000-11</Id><Title>dell is dead</Title><Msg>Another bad qtr and this stock will be single digits. Nobody is buying pc s anymore. And Dell will face stiff competition in the tablets. Asian manufactureres will produce the remaining pc s to be raffled off at bingo games. Dell should close down and give remaining cash back to investors.</Msg><Username>zillionaire_investor</Username><Timestamp>1343155999000</Timestamp><DateTime>Tue, 2012-07-24 14:53:19 EDT</DateTime><ThumbUp>1</ThumbUp><ThumbDown>0</ThumbDown><Sentiment/></Message><Message type="ReplyMessage"><Id>1343157273000-12</Id><Topic><Title>Next Stop 10.5</Title><Username>runningblackbeardog</Username><Timestamp>1343130929000</Timestamp><DateTime>Tue, 2012-07-24 07:55:29 EDT</DateTime></Topic><Msg>Blew thru 11.5 already. If 10.5 does not hold, Dell will be heading to 8.</Msg><Username>runningblackbeardog</Username><Timestamp>1343157273000</Timestamp><DateTime>Tue, 2012-07-24 15:14:33 EDT</DateTime><ThumbUp>0</ThumbUp><ThumbDown>0</ThumbDown><Sentiment/></Message><Message type="TopicMessage"><Id>1343157444000-13</Id><Title>Last one to leave turns off the lights.</Title><Msg>Dell is done!</Msg><Username>schule7607</Username><Timestamp>1343157444000</Timestamp><DateTime>Tue, 2012-07-24 15:17:24 EDT</DateTime><ThumbUp>1</ThumbUp><ThumbDown>0</ThumbDown><Sentiment/></Message><Message type="TopicMessage"><Id>1343163894000-14</Id><Title>mike, u r fired!</Title><Msg>he hr her</Msg><Username>h6yert</Username><Timestamp>1343163894000</Timestamp><DateTime>Tue, 2012-07-24 17:04:54 EDT</DateTime><ThumbUp>0</ThumbUp><ThumbDown>0</ThumbDown><Sentiment/></Message><Message type="ReplyMessage"><Id>1343166208000-15</Id><Topic><Title>stock wont be going anywhere</Title><Username>aud802009</Username><Timestamp>1342649957000</Timestamp><DateTime>Wed, 2012-07-18 18:19:17 EDT</DateTime></Topic><Msg>HAHA another new low. now that apples sales are dropping, dells will be 3xs worse</Msg><Username>aud802009</Username><Timestamp>1343166208000</Timestamp><DateTime>Tue, 2012-07-24 17:43:28 EDT</DateTime><ThumbUp>0</ThumbUp><ThumbDown>0</ThumbDown><Sentiment/></Message><Message type="ReplyMessage"><Id>1343172107000-16</Id><Topic><Title>Further Advancement?</Title><Username>trudauri458</Username><Timestamp>1343138819000</Timestamp><DateTime>Tue, 2012-07-24 10:06:59 EDT</DateTime></Topic><Msg>Post of the day! Thanks</Msg><Username>silvioddw659</Username><Timestamp>1343172107000</Timestamp><DateTime>Tue, 2012-07-24 19:21:47 EDT</DateTime><ThumbUp>0</ThumbUp><ThumbDown>0</ThumbDown><Sentiment/></Message><Message type="TopicMessage"><Id>1343174603000-17</Id><Title>Michael Dells Mansion complex</Title><Msg>Think of Neverland Ranch without the giraffes. The epitome of opulent uber extravagency. Dell will have problems keeping the lights on, with the stock dropping like a rock, and no tablet to run Win 8 in sight. PCs are fast become useful as boat anchors and coffee warmers.</Msg><Username>runningblackbeardog</Username><Timestamp>1343174603000</Timestamp><DateTime>Tue, 2012-07-24 20:03:23 EDT</DateTime><ThumbUp>0</ThumbUp><ThumbDown>0</ThumbDown><Sentiment/></Message><Message type="TopicMessage"><Id>1343179420000-18</Id><Title>dell is dead end of 2012</Title><Msg>this company will be end very soon.</Msg><Username>tonynguyen1679</Username><Timestamp>1343179420000</Timestamp><DateTime>Tue, 2012-07-24 21:23:40 EDT</DateTime><ThumbUp>1</ThumbUp><ThumbDown>0</ThumbDown><Sentiment/></Message></Date>