<?xml version="1.0" encoding="UTF-8" standalone="no"?><Date date="2012-10-16"><Message type="ReplyMessage"><Id>1350394061399-1</Id><Topic><Title>DELL - Good Data for DELL Traders</Title><Username>gibbstyler854</Username><Timestamp>1350388772224</Timestamp><DateTime>Tue, 2012-10-16 07:59:32 EDT</DateTime></Topic><Msg>I have heard it said that "Shares eventually find their rightful owners" let’s see how many the WS Crooks shake out today.</Msg><Username>irwinrobyn607</Username><Timestamp>1350394061399</Timestamp><DateTime>Tue, 2012-10-16 09:27:41 EDT</DateTime><ThumbUp>0</ThumbUp><ThumbDown>1</ThumbDown><Sentiment/></Message><Message type="ReplyMessage"><Id>1350395539239-2</Id><Topic><Title>DELL Earnings Estimates 50 cents plus....</Title><Username>ossobucco2012</Username><Timestamp>1349914030401</Timestamp><DateTime>Wed, 2012-10-10 20:07:10 EDT</DateTime></Topic><Msg>Still the best post.</Msg><Username>longsrboss</Username><Timestamp>1350395539239</Timestamp><DateTime>Tue, 2012-10-16 09:52:19 EDT</DateTime><ThumbUp>0</ThumbUp><ThumbDown>0</ThumbDown><Sentiment>Strong Buy</Sentiment></Message><Message type="ReplyMessage"><Id>1350396236578-3</Id><Topic><Title>DELL - Good Data for DELL Traders</Title><Username>gibbstyler854</Username><Timestamp>1350388772224</Timestamp><DateTime>Tue, 2012-10-16 07:59:32 EDT</DateTime></Topic><Msg>This is by far and away the stongest stock I have ever bet against. Remarkable comback</Msg><Username>ffrancis34</Username><Timestamp>1350396236578</Timestamp><DateTime>Tue, 2012-10-16 10:03:56 EDT</DateTime><ThumbUp>0</ThumbUp><ThumbDown>1</ThumbDown><Sentiment/></Message><Message type="TopicMessage"><Id>1350398053532-4</Id><Title>Trading at 5 day highs....</Title><Msg>We should close around $10.00 today. Watch the volume powered by short covering.</Msg><Username>ossobucco2012</Username><Timestamp>1350398053532</Timestamp><DateTime>Tue, 2012-10-16 10:34:13 EDT</DateTime><ThumbUp>0</ThumbUp><ThumbDown>0</ThumbDown><Sentiment>Strong Buy</Sentiment></Message><Message type="TopicMessage"><Id>1350398133608-5</Id><Title>The Secret of DELL, NEVER BEFORE SEEN</Title><Msg>The question remains to be if DELL is a good buy for the longs or a quick buy and dump. DELL looks to be moving at an explosive rate. With its volume moving at 19415700, DELL is looking to pass 9.86 and break through its resistance marker. Its looks to be a safe buy and with numbers like these, 9.33 - 18.36, its a good time for the quick "hit it and quit it," but even better for the long hold! Check out more at: Copy &amp; Paste this to your browser -- goo.gl/Uj8DE</Msg><Username>maxwellpope271</Username><Timestamp>1350398133608</Timestamp><DateTime>Tue, 2012-10-16 10:35:33 EDT</DateTime><ThumbUp>6</ThumbUp><ThumbDown>1</ThumbDown><Sentiment/></Message><Message type="ReplyMessage"><Id>1350402022966-6</Id><Topic><Title>Trading at 5 day highs....</Title><Username>ossobucco2012</Username><Timestamp>1350398053532</Timestamp><DateTime>Tue, 2012-10-16 10:34:13 EDT</DateTime></Topic><Msg>Volume is still low but we are up over 1% so far.... DELL is way oversold, we will trade around $12.00 before the earnings. Stay tuned.</Msg><Username>ossobucco2012</Username><Timestamp>1350402022966</Timestamp><DateTime>Tue, 2012-10-16 11:40:22 EDT</DateTime><ThumbUp>0</ThumbUp><ThumbDown>0</ThumbDown><Sentiment>Strong Buy</Sentiment></Message><Message type="ReplyMessage"><Id>1350402351788-7</Id><Topic><Title>DELL is too fantastic to pass up right now. Investigate why!</Title><Username>robertkozak267</Username><Timestamp>1350322335496</Timestamp><DateTime>Mon, 2012-10-15 13:32:15 EDT</DateTime></Topic><Msg>Already signed up as of last week.</Msg><Username>davidtrottier68</Username><Timestamp>1350402351788</Timestamp><DateTime>Tue, 2012-10-16 11:45:51 EDT</DateTime><ThumbUp>1</ThumbUp><ThumbDown>1</ThumbDown><Sentiment>Strong Buy</Sentiment></Message><Message type="ReplyMessage"><Id>1350402640236-8</Id><Topic><Title>The Secret of DELL, NEVER BEFORE SEEN</Title><Username>maxwellpope271</Username><Timestamp>1350398133608</Timestamp><DateTime>Tue, 2012-10-16 10:35:33 EDT</DateTime></Topic><Msg>This will probably be the highlight of my day.</Msg><Username>paulosborne667</Username><Timestamp>1350402640236</Timestamp><DateTime>Tue, 2012-10-16 11:50:40 EDT</DateTime><ThumbUp>4</ThumbUp><ThumbDown>1</ThumbDown><Sentiment/></Message><Message type="TopicMessage"><Id>1350402802477-9</Id><Title>VALE PCFG are on fire!!!!!!!!!!!!!!!!!!</Title><Msg>VALE PCFG are on fire!!!!!!!!!!!!!!!!!!</Msg><Username>fishstar749</Username><Timestamp>1350402802477</Timestamp><DateTime>Tue, 2012-10-16 11:53:22 EDT</DateTime><ThumbUp>0</ThumbUp><ThumbDown>0</ThumbDown><Sentiment>Strong Buy</Sentiment></Message><Message type="TopicMessage"><Id>1350408537877-10</Id><Title>Dell Buyout Coming Options Calls Says $10!! Buy Low Sell Higher!!!</Title><Msg>Now $9.8's Bargain!!</Msg><Username>fuhcitichien</Username><Timestamp>1350408537877</Timestamp><DateTime>Tue, 2012-10-16 13:28:57 EDT</DateTime><ThumbUp>0</ThumbUp><ThumbDown>0</ThumbDown><Sentiment/></Message><Message type="TopicMessage"><Id>1350409168209-11</Id><Title>PCFG and VALE are on FIRE!!!!!!!!!!!!!!!!!!!</Title><Msg>PCFG and VALE are on FIRE!!!!!!!!!!!!!!!!!!!</Msg><Username>fishstar749</Username><Timestamp>1350409168209</Timestamp><DateTime>Tue, 2012-10-16 13:39:28 EDT</DateTime><ThumbUp>0</ThumbUp><ThumbDown>0</ThumbDown><Sentiment>Strong Buy</Sentiment></Message><Message type="TopicMessage"><Id>1350409804025-12</Id><Title>A Pair Trade! Short HPQ then Go long Dell! DELL $10 Stock atmost Options Says Today.! Byout on Dell To $14!!</Title><Msg>Yup!!</Msg><Username>webyufuibf</Username><Timestamp>1350409804025</Timestamp><DateTime>Tue, 2012-10-16 13:50:04 EDT</DateTime><ThumbUp>0</ThumbUp><ThumbDown>0</ThumbDown><Sentiment/></Message><Message type="ReplyMessage"><Id>1350409887226-13</Id><Topic><Title>The Secret of DELL, NEVER BEFORE SEEN</Title><Username>maxwellpope271</Username><Timestamp>1350398133608</Timestamp><DateTime>Tue, 2012-10-16 10:35:33 EDT</DateTime></Topic><Msg>future is bright with help of this site.i made 5k on first trade with them</Msg><Username>mccarthyguerrero469</Username><Timestamp>1350409887226</Timestamp><DateTime>Tue, 2012-10-16 13:51:27 EDT</DateTime><ThumbUp>2</ThumbUp><ThumbDown>1</ThumbDown><Sentiment/></Message><Message type="TopicMessage"><Id>1350409908825-14</Id><Title>HPQ $20Billion Debt No + Cash, While Dell has $4Billion Cash! HPQ is Like CHP.11</Title><Msg>Easily!!</Msg><Username>webyufuibf</Username><Timestamp>1350409908825</Timestamp><DateTime>Tue, 2012-10-16 13:51:48 EDT</DateTime><ThumbUp>0</ThumbUp><ThumbDown>0</ThumbDown><Sentiment/></Message><Message type="TopicMessage"><Id>1350410138024-15</Id><Title>DELL has more Chance Being Bought Out Than HPQ! Short your HPQ Shares and Go Long 100% into DELL $15 Byout!</Title><Msg>Sooon!</Msg><Username>fuhcitichien</Username><Timestamp>1350410138024</Timestamp><DateTime>Tue, 2012-10-16 13:55:38 EDT</DateTime><ThumbUp>0</ThumbUp><ThumbDown>0</ThumbDown><Sentiment/></Message><Message type="TopicMessage"><Id>1350410230795-16</Id><Title>I Went Very Hard Strong Viagra &amp; Boner Short on HPQ While Picking Up DELL for a Long! DELL $14 Before HPQ $15!!</Title><Msg>Yup!!</Msg><Username>webyufuibf</Username><Timestamp>1350410230795</Timestamp><DateTime>Tue, 2012-10-16 13:57:10 EDT</DateTime><ThumbUp>0</ThumbUp><ThumbDown>0</ThumbDown><Sentiment/></Message><Message type="ReplyMessage"><Id>1350410628773-17</Id><Topic><Title>DELL is too fantastic to pass up right now. Investigate why!</Title><Username>robertkozak267</Username><Timestamp>1350322335496</Timestamp><DateTime>Mon, 2012-10-15 13:32:15 EDT</DateTime></Topic><Msg>if you read this report you will know why</Msg><Username>jeanne.rennick</Username><Timestamp>1350410628773</Timestamp><DateTime>Tue, 2012-10-16 14:03:48 EDT</DateTime><ThumbUp>1</ThumbUp><ThumbDown>1</ThumbDown><Sentiment>Strong Buy</Sentiment></Message><Message type="TopicMessage"><Id>1350410671592-18</Id><Title>HPQ WU-Stern AGEE Said -$2 worth After Backing out DEBT YIKES! How can HPQ Grow? They Bought Tooo Much CRAP!! Dead Money to $10 UnderSoon!</Title><Msg>Watch!!</Msg><Username>fuhcitichien</Username><Timestamp>1350410671592</Timestamp><DateTime>Tue, 2012-10-16 14:04:31 EDT</DateTime><ThumbUp>0</ThumbUp><ThumbDown>0</ThumbDown><Sentiment/></Message><Message type="TopicMessage"><Id>1350410731994-19</Id><Title>DELL The JEW Made Wise Purchases into Cloud and Networks While HPQ Squandereed Money Away CEO Afta CEO!!</Title><Msg>HAHAHAHA</Msg><Username>webyufuibf</Username><Timestamp>1350410731994</Timestamp><DateTime>Tue, 2012-10-16 14:05:31 EDT</DateTime><ThumbUp>0</ThumbUp><ThumbDown>0</ThumbDown><Sentiment/></Message><Message type="ReplyMessage"><Id>1350411731101-20</Id><Topic><Title>DELL Earnings Estimates 50 cents plus....</Title><Username>ossobucco2012</Username><Timestamp>1349914030401</Timestamp><DateTime>Wed, 2012-10-10 20:07:10 EDT</DateTime></Topic><Msg>It will kill the shorts for good.</Msg><Username>longsrboss</Username><Timestamp>1350411731101</Timestamp><DateTime>Tue, 2012-10-16 14:22:11 EDT</DateTime><ThumbUp>0</ThumbUp><ThumbDown>0</ThumbDown><Sentiment>Strong Buy</Sentiment></Message><Message type="ReplyMessage"><Id>1350411966801-21</Id><Topic><Title>Trading at 5 day highs....</Title><Username>ossobucco2012</Username><Timestamp>1350398053532</Timestamp><DateTime>Tue, 2012-10-16 10:34:13 EDT</DateTime></Topic><Msg>We will close just above $10.00 today as Intel will beat estimates and you don't want to be short DELL for tomorrow AM.</Msg><Username>longsrboss</Username><Timestamp>1350411966801</Timestamp><DateTime>Tue, 2012-10-16 14:26:06 EDT</DateTime><ThumbUp>0</ThumbUp><ThumbDown>0</ThumbDown><Sentiment>Strong Buy</Sentiment></Message><Message type="ReplyMessage"><Id>1350413645422-22</Id><Topic><Title>Trading at 5 day highs....</Title><Username>ossobucco2012</Username><Timestamp>1350398053532</Timestamp><DateTime>Tue, 2012-10-16 10:34:13 EDT</DateTime></Topic><Msg>The volume is still too low as we will reach 20 million shares by 4.01 PM today.</Msg><Username>ossobucco2012</Username><Timestamp>1350413645422</Timestamp><DateTime>Tue, 2012-10-16 14:54:05 EDT</DateTime><ThumbUp>0</ThumbUp><ThumbDown>0</ThumbDown><Sentiment>Strong Buy</Sentiment></Message><Message type="TopicMessage"><Id>1350414027141-23</Id><Title>INTC Up on Deck Tonight! I t'll Confirm More Bad New For TECH &amp; PC Sales??</Title><Msg>Hmmmmhhhh?</Msg><Username>fuhcitichien</Username><Timestamp>1350414027141</Timestamp><DateTime>Tue, 2012-10-16 15:00:27 EDT</DateTime><ThumbUp>0</ThumbUp><ThumbDown>1</ThumbDown><Sentiment/></Message><Message type="ReplyMessage"><Id>1350414121897-24</Id><Topic><Title>INTC Up on Deck Tonight! I t'll Confirm More Bad New For TECH &amp; PC Sales??</Title><Username>fuhcitichien</Username><Timestamp>1350414027141</Timestamp><DateTime>Tue, 2012-10-16 15:00:27 EDT</DateTime></Topic><Msg>Cover now or die poor.</Msg><Username>longsrboss</Username><Timestamp>1350414121897</Timestamp><DateTime>Tue, 2012-10-16 15:02:01 EDT</DateTime><ThumbUp>0</ThumbUp><ThumbDown>0</ThumbDown><Sentiment>Strong Buy</Sentiment></Message><Message type="TopicMessage"><Id>1350415305838-25</Id><Title>Shorts doubled up last week and we have just under 100 million shares short, or</Title><Msg>8 days to cover! I see blood, a lot of blood on the Street.</Msg><Username>longsrboss</Username><Timestamp>1350415305838</Timestamp><DateTime>Tue, 2012-10-16 15:21:45 EDT</DateTime><ThumbUp>0</ThumbUp><ThumbDown>0</ThumbDown><Sentiment>Strong Buy</Sentiment></Message><Message type="ReplyMessage"><Id>1350417470020-26</Id><Topic><Title>The Secret of DELL, NEVER BEFORE SEEN</Title><Username>maxwellpope271</Username><Timestamp>1350398133608</Timestamp><DateTime>Tue, 2012-10-16 10:35:33 EDT</DateTime></Topic><Msg>Buy lots of share and earn lots of profit............</Msg><Username>carsonwatkins396</Username><Timestamp>1350417470020</Timestamp><DateTime>Tue, 2012-10-16 15:57:50 EDT</DateTime><ThumbUp>0</ThumbUp><ThumbDown>1</ThumbDown><Sentiment/></Message><Message type="TopicMessage"><Id>1350418963533-27</Id><Title>INTEL announces - shares plunge, lovwers 4Q forecast - see CEO quote</Title><Msg>CEO Paul Otellini said the results reflected “a continuing tough economic environment.”</Msg><Username>mibudster</Username><Timestamp>1350418963533</Timestamp><DateTime>Tue, 2012-10-16 16:22:43 EDT</DateTime><ThumbUp>0</ThumbUp><ThumbDown>0</ThumbDown><Sentiment/></Message><Message type="TopicMessage"><Id>1350427375748-28</Id><Title>Intel CEO: "PCs will grow at half the rate in Q4/2012 vs Q4/2011"....</Title><Msg>And he is excited about Windows 8 PCs and Tablets.... Translation: "DELL will beat estimates for both Q3 and Q4/2012". AS Intel topped its estimates, as I had predicted on Intel Message Borad", DELL will earn 10 Cents plus more than the Consensus number. DELL Q3/2012 EPS = 52 Cents; DELL Q4/2012 EPS = 60 Cents. WE will trade at $12.00 by our earnings.</Msg><Username>ossobucco2012</Username><Timestamp>1350427375748</Timestamp><DateTime>Tue, 2012-10-16 18:42:55 EDT</DateTime><ThumbUp>1</ThumbUp><ThumbDown>1</ThumbDown><Sentiment>Strong Buy</Sentiment></Message><Message type="ReplyMessage"><Id>1350429628455-29</Id><Topic><Title>Intel CEO: "PCs will grow at half the rate in Q4/2012 vs Q4/2011"....</Title><Username>ossobucco2012</Username><Timestamp>1350427375748</Timestamp><DateTime>Tue, 2012-10-16 18:42:55 EDT</DateTime></Topic><Msg>So the key word is "grow" and all things considered, DELL is way oversold.</Msg><Username>longsrboss</Username><Timestamp>1350429628455</Timestamp><DateTime>Tue, 2012-10-16 19:20:28 EDT</DateTime><ThumbUp>0</ThumbUp><ThumbDown>0</ThumbDown><Sentiment>Strong Buy</Sentiment></Message></Date>