<?xml version="1.0" encoding="UTF-8" standalone="no"?><Date date="2012-11-26"><Message type="ReplyMessage"><Id>1353938907805-1</Id><Topic><Title>Wow, DELL has a bunch of new and exciting XPS tablets.</Title><Username>vinnie_baggadonitz</Username><Timestamp>1353297808400</Timestamp><DateTime>Sun, 2012-11-18 23:03:28 EST</DateTime></Topic><Msg>i am an investor. I don't own any Dell stock and never have. But I do think the XPS 12 looks cool and liked the review it got on Forbes. May buy one.</Msg><Username>wobatus</Username><Timestamp>1353938907805</Timestamp><DateTime>Mon, 2012-11-26 09:08:27 EST</DateTime><ThumbUp>0</ThumbUp><ThumbDown>0</ThumbDown><Sentiment/></Message><Message type="TopicMessage"><Id>1353947338614-2</Id><Title>TOTALLY UNDERVALUED = P.E. RATIO ONLY 5..50!!</Title><Msg>should be trading at least at 15!</Msg><Username>monett4</Username><Timestamp>1353947338614</Timestamp><DateTime>Mon, 2012-11-26 11:28:58 EST</DateTime><ThumbUp>0</ThumbUp><ThumbDown>0</ThumbDown><Sentiment/></Message><Message type="TopicMessage"><Id>1353948958635-3</Id><Title>U DELL BASHER ARE NUTS!!!!!!!!!!!!!!!</Title><Msg>DELL IS A GREAT VALUE.. JUST ON THE # S ON DELL... I PICK UP ANOTHER 775 SHARES..B A NICE PROFIT FOR 2013..........</Msg><Username>sammy88sammy</Username><Timestamp>1353948958635</Timestamp><DateTime>Mon, 2012-11-26 11:55:58 EST</DateTime><ThumbUp>1</ThumbUp><ThumbDown>0</ThumbDown><Sentiment/></Message><Message type="TopicMessage"><Id>1353949318022-4</Id><Title>A technical view supports more upside</Title><Msg>The buy rating for DELL at 9trading website is set to 7 with the 12.13 target price in short term.</Msg><Username>ikixncie</Username><Timestamp>1353949318022</Timestamp><DateTime>Mon, 2012-11-26 12:01:58 EST</DateTime><ThumbUp>0</ThumbUp><ThumbDown>0</ThumbDown><Sentiment/></Message><Message type="ReplyMessage"><Id>1353950119625-5</Id><Topic><Title>U DELL BASHER ARE NUTS!!!!!!!!!!!!!!!</Title><Username>sammy88sammy</Username><Timestamp>1353948958635</Timestamp><DateTime>Mon, 2012-11-26 11:55:58 EST</DateTime></Topic><Msg>Just keep an eye out for end of year sell off for taxes. Dell is down big this year,</Msg><Username>steely11</Username><Timestamp>1353950119625</Timestamp><DateTime>Mon, 2012-11-26 12:15:19 EST</DateTime><ThumbUp>0</ThumbUp><ThumbDown>0</ThumbDown><Sentiment/></Message><Message type="ReplyMessage"><Id>1353953237642-6</Id><Topic><Title>U DELL BASHER ARE NUTS!!!!!!!!!!!!!!!</Title><Username>sammy88sammy</Username><Timestamp>1353948958635</Timestamp><DateTime>Mon, 2012-11-26 11:55:58 EST</DateTime></Topic><Msg>Confused on what you mean by this, though I think I have the idea: they sell off to claim a loss (maybe with an option handcuff). Is that what you're saying?</Msg><Username>aaronweiner</Username><Timestamp>1353953237642</Timestamp><DateTime>Mon, 2012-11-26 13:07:17 EST</DateTime><ThumbUp>0</ThumbUp><ThumbDown>0</ThumbDown><Sentiment/></Message><Message type="ReplyMessage"><Id>1353954889570-7</Id><Topic><Title>U DELL BASHER ARE NUTS!!!!!!!!!!!!!!!</Title><Username>sammy88sammy</Username><Timestamp>1353948958635</Timestamp><DateTime>Mon, 2012-11-26 11:55:58 EST</DateTime></Topic><Msg>Yes. The stock has taken a beating this year. If you have been holding long at a higher price you would sell within the next 30 days to lock in the loss for tax purposes. Then you can buy it back to ride it up.</Msg><Username>steely11</Username><Timestamp>1353954889570</Timestamp><DateTime>Mon, 2012-11-26 13:34:49 EST</DateTime><ThumbUp>0</ThumbUp><ThumbDown>0</ThumbDown><Sentiment/></Message><Message type="ReplyMessage"><Id>1353956753740-8</Id><Topic><Title>Keep confined and unapproachable In Your Dell Inc. profits</Title><Username>marjorie.carrillo45</Username><Timestamp>1353943601727</Timestamp><DateTime>Mon, 2012-11-26 10:26:41 EST</DateTime></Topic><Msg>Thanks a lot!</Msg><Username>wilbertrichardson640</Username><Timestamp>1353956753740</Timestamp><DateTime>Mon, 2012-11-26 14:05:53 EST</DateTime><ThumbUp>0</ThumbUp><ThumbDown>2</ThumbDown><Sentiment>Strong Buy</Sentiment></Message><Message type="TopicMessage"><Id>1353958707144-9</Id><Title>Go Dell, Go..I want to short you at the end of the day!</Title><Msg>Easy trade, up nearly 1.00 in the last 3 days with S&amp;P resistance at 1400...quick hit for tomorrow. GLTA</Msg><Username>steely11</Username><Timestamp>1353958707144</Timestamp><DateTime>Mon, 2012-11-26 14:38:27 EST</DateTime><ThumbUp>0</ThumbUp><ThumbDown>0</ThumbDown><Sentiment/></Message><Message type="ReplyMessage"><Id>1353958776277-10</Id><Topic><Title>Swing-trading Long Dell Inc. (DELL)</Title><Username>eaglesssnest</Username><Timestamp>1353522454242</Timestamp><DateTime>Wed, 2012-11-21 13:27:34 EST</DateTime></Topic><Msg>Good Afternoon Longs. Dell inc. doing fine today, breaking MA50 on daily graphs without much resistance, bottom pattern in progress. We could see much more upward momentum with crossing MA (20/50) at the end of the week. Going Long starts to be a profitable business in this undervalued company. P/E 5 c´mon... Have a nice day Longs.</Msg><Username>eaglesssnest</Username><Timestamp>1353958776277</Timestamp><DateTime>Mon, 2012-11-26 14:39:36 EST</DateTime><ThumbUp>1</ThumbUp><ThumbDown>0</ThumbDown><Sentiment>Strong Buy</Sentiment></Message><Message type="ReplyMessage"><Id>1353958951370-11</Id><Topic><Title>I am declaring that :Dell - is the garbage stock in the Universe.</Title><Username>dogeater2008</Username><Timestamp>1353819124041</Timestamp><DateTime>Sat, 2012-11-24 23:52:04 EST</DateTime></Topic><Msg>then y r U here ?</Msg><Username>jankoros</Username><Timestamp>1353958951370</Timestamp><DateTime>Mon, 2012-11-26 14:42:31 EST</DateTime><ThumbUp>0</ThumbUp><ThumbDown>0</ThumbDown><Sentiment/></Message><Message type="TopicMessage"><Id>1353960870393-12</Id><Title>new medicare rules require all providers to image medical. Dell digitial medical to</Title><Msg>takeeeeeeeeeeeeeeeeeeeeee offfffffffffffffffffffff mfrsssssssssssss. you can buy my dell shares at 25 thank you very much!!!!!!!!!</Msg><Username>lesleyarzt</Username><Timestamp>1353960870393</Timestamp><DateTime>Mon, 2012-11-26 15:14:30 EST</DateTime><ThumbUp>2</ThumbUp><ThumbDown>0</ThumbDown><Sentiment/></Message><Message type="TopicMessage"><Id>1353961886619-13</Id><Title>new dell tablet (great reviews btw) for digital medical access</Title><Msg>you heard it here first. who wants to buy some dell shares at 25 from me?????? what a classic "fall after last earnings". had to laugh. horrible corporate spending environment and dell had 3% declince in PCs and 10% increase in corp servers/storage. stock deserved to go up $2 IMMEDIATELY. It's ok though, justice delayed is justice none the less. The manipulators flushed out the weak hands. And they couldn't even hold it down below $9 for more than two days. load up on those calls baby. the feb. 2014s are the easiset money you will ever make. A $10 to $15 rise in the stock price during that time.</Msg><Username>lesleyarzt</Username><Timestamp>1353961886619</Timestamp><DateTime>Mon, 2012-11-26 15:31:26 EST</DateTime><ThumbUp>0</ThumbUp><ThumbDown>0</ThumbDown><Sentiment/></Message><Message type="ReplyMessage"><Id>1353962349318-14</Id><Topic><Title>Keep confined and unapproachable In Your Dell Inc. profits</Title><Username>marjorie.carrillo45</Username><Timestamp>1353943601727</Timestamp><DateTime>Mon, 2012-11-26 10:26:41 EST</DateTime></Topic><Msg>Great review!</Msg><Username>jayson.caldwell</Username><Timestamp>1353962349318</Timestamp><DateTime>Mon, 2012-11-26 15:39:09 EST</DateTime><ThumbUp>0</ThumbUp><ThumbDown>2</ThumbDown><Sentiment/></Message><Message type="ReplyMessage"><Id>1353973023638-15</Id><Topic><Title>Dell Smells</Title><Username>tom_brady37</Username><Timestamp>1204235103000</Timestamp><DateTime>Thu, 2008-02-28 16:45:03 EST</DateTime></Topic><Msg>Guys listen up ..... Sell Dell .... It Smells, SELL .......</Msg><Username>ansellovesfishin</Username><Timestamp>1353973023638</Timestamp><DateTime>Mon, 2012-11-26 18:37:03 EST</DateTime><ThumbUp>0</ThumbUp><ThumbDown>1</ThumbDown><Sentiment>Strong Sell</Sentiment></Message><Message type="ReplyMessage"><Id>1353978187996-16</Id><Topic><Title>new medicare rules require all providers to image medical. Dell digitial medical to</Title><Username>lesleyarzt</Username><Timestamp>1353960870393</Timestamp><DateTime>Mon, 2012-11-26 15:14:30 EST</DateTime></Topic><Msg>Dell is at a 50% discount for the year. It can only go up from here.I might sell at $15 before year end but more than likely will hold to $20.</Msg><Username>chart_rules</Username><Timestamp>1353978187996</Timestamp><DateTime>Mon, 2012-11-26 20:03:07 EST</DateTime><ThumbUp>0</ThumbUp><ThumbDown>0</ThumbDown><Sentiment>Strong Buy</Sentiment></Message><Message type="TopicMessage"><Id>1353980180648-17</Id><Title>I was circle jerked by Dell</Title><Msg>I ordered about 3K worth of stuff and discover card put hold on it for unusual transaction.They removed hold after I talked to them. Dell telephoned me with a automation call to read email about the hold. So please take the following steps: - Call your card issuer today (their phone number will be on the back of your credit card) and tell them about your Dell order - We will attempt to process your order again on the next working day However if you’d like to use a different card or payment method to complete your order - please click below to chat with a Dell agent (agents available from 9am to 6pm Monday to Friday CST) After about 15 mins I talked to someone and he transferred me (about 35 mins) to another who said I need to be transferred to someone else (I protested) he said he could not help and after another half hour on hold I gave I up and hung up! This is a horrible way to treat someone that wants to make a big purchase. I am disgusted and Dell lost a lifetime customer that upgrades to the best and often. Tomorrow I will go to the apple store!</Msg><Username>sallykohles</Username><Timestamp>1353980180648</Timestamp><DateTime>Mon, 2012-11-26 20:36:20 EST</DateTime><ThumbUp>2</ThumbUp><ThumbDown>0</ThumbDown><Sentiment/></Message><Message type="ReplyMessage"><Id>1353980950741-18</Id><Topic><Title>I was circle jerked by Dell</Title><Username>sallykohles</Username><Timestamp>1353980180648</Timestamp><DateTime>Mon, 2012-11-26 20:36:20 EST</DateTime></Topic><Msg>At Apple you are guaranteed to get the same treatment, and will have to pay about 3 times as much for the same functionality.</Msg><Username>chart_rules</Username><Timestamp>1353980950741</Timestamp><DateTime>Mon, 2012-11-26 20:49:10 EST</DateTime><ThumbUp>3</ThumbUp><ThumbDown>1</ThumbDown><Sentiment>Strong Buy</Sentiment></Message><Message type="ReplyMessage"><Id>1353981580735-19</Id><Topic><Title>I was circle jerked by Dell</Title><Username>sallykohles</Username><Timestamp>1353980180648</Timestamp><DateTime>Mon, 2012-11-26 20:36:20 EST</DateTime></Topic><Msg>Dell got my telephone number. I am gonna look at Apple products at their store if Dell dont call soon! It is really hard to believe that Dell refuses to have someone available to fulfill my order!</Msg><Username>sallykohles</Username><Timestamp>1353981580735</Timestamp><DateTime>Mon, 2012-11-26 20:59:40 EST</DateTime><ThumbUp>1</ThumbUp><ThumbDown>0</ThumbDown><Sentiment/></Message><Message type="ReplyMessage"><Id>1353982602555-20</Id><Topic><Title>I was circle jerked by Dell</Title><Username>sallykohles</Username><Timestamp>1353980180648</Timestamp><DateTime>Mon, 2012-11-26 20:36:20 EST</DateTime></Topic><Msg>Have you tried the Website? It is actually quite easy to order. I recommend the Optiplex line in small business, as those have a standard 3 year warranty. I buy and recommend Dell to all my Healthcare clientele.Out of 45+ Pcs I had one go bad after two years on one order.A Dell Tech came in to replace the Motherboard the next day. Good Quality and great support at a decent price!</Msg><Username>chart_rules</Username><Timestamp>1353982602555</Timestamp><DateTime>Mon, 2012-11-26 21:16:42 EST</DateTime><ThumbUp>0</ThumbUp><ThumbDown>0</ThumbDown><Sentiment>Strong Buy</Sentiment></Message></Date>