<?xml version="1.0" encoding="UTF-8" standalone="no"?><Date date="2012-09-13"><Message type="TopicMessage"><Id>1347542202482-1</Id><Title>Don’t Invest a dime into Dell Computer Corporation until you read this!</Title><Msg>Don’t invest your money in Dell Computer Corporation until you read this info. goo.gl/Rb94L</Msg><Username>benniecatone</Username><Timestamp>1347542202482</Timestamp><DateTime>Thu, 2012-09-13 09:16:42 EDT</DateTime><ThumbUp>2</ThumbUp><ThumbDown>1</ThumbDown><Sentiment/></Message><Message type="TopicMessage"><Id>1347544201220-2</Id><Title>Even AMD bounded 15% from $3.40- $3.90s</Title><Msg>What a POS to get sticks at new low! Michael Dell needs to be gone!</Msg><Username>coolheadwarmblood</Username><Timestamp>1347544201220</Timestamp><DateTime>Thu, 2012-09-13 09:50:01 EDT</DateTime><ThumbUp>0</ThumbUp><ThumbDown>0</ThumbDown><Sentiment/></Message><Message type="TopicMessage"><Id>1347544803084-3</Id><Title>Dell should buy Apple Stock</Title><Msg>Enough said.</Msg><Username>srbbs</Username><Timestamp>1347544803084</Timestamp><DateTime>Thu, 2012-09-13 10:00:03 EDT</DateTime><ThumbUp>0</ThumbUp><ThumbDown>0</ThumbDown><Sentiment/></Message><Message type="ReplyMessage"><Id>1347551676812-4</Id><Topic><Title>Dell should buy Apple Stock</Title><Username>srbbs</Username><Timestamp>1347544803084</Timestamp><DateTime>Thu, 2012-09-13 10:00:03 EDT</DateTime></Topic><Msg>That's cruel. But apt. Just stopped in to visit the poop deck. We can't wait for the next bidding contest as in DELL v HPQ. You missed Autonomy!</Msg><Username>eye_be_m</Username><Timestamp>1347551676812</Timestamp><DateTime>Thu, 2012-09-13 11:54:36 EDT</DateTime><ThumbUp>0</ThumbUp><ThumbDown>0</ThumbDown><Sentiment/></Message><Message type="ReplyMessage"><Id>1347556917577-5</Id><Topic><Title>Can DELL drop even more than it has?</Title><Username>vincentbertrand446</Username><Timestamp>1347547269526</Timestamp><DateTime>Thu, 2012-09-13 10:41:09 EDT</DateTime></Topic><Msg>He are on a hot streak at this time. I don't suppose that they will quit or relax yet.</Msg><Username>johnniewhaley707</Username><Timestamp>1347556917577</Timestamp><DateTime>Thu, 2012-09-13 13:21:57 EDT</DateTime><ThumbUp>3</ThumbUp><ThumbDown>5</ThumbDown><Sentiment/></Message><Message type="TopicMessage"><Id>1347557147777-6</Id><Title>Please keep DELL down for a while I cover my short, going long now</Title><Msg>Please keep DELL down for a while I cover my short, going long now</Msg><Username>king_kim_1</Username><Timestamp>1347557147777</Timestamp><DateTime>Thu, 2012-09-13 13:25:47 EDT</DateTime><ThumbUp>0</ThumbUp><ThumbDown>0</ThumbDown><Sentiment>Buy</Sentiment></Message><Message type="TopicMessage"><Id>1347557588535-7</Id><Title>Jesus Crisis DEll Should B Up 1% $10.75 Afta QE3 and Dow Up 158pts!!! Manipulation!! Rising Soon! $11</Title><Msg>Watch!!!</Msg><Username>webyufuibf</Username><Timestamp>1347557588535</Timestamp><DateTime>Thu, 2012-09-13 13:33:08 EDT</DateTime><ThumbUp>2</ThumbUp><ThumbDown>1</ThumbDown><Sentiment/></Message><Message type="ReplyMessage"><Id>1347559424131-8</Id><Topic><Title>Jesus Crisis DEll Should B Up 1% $10.75 Afta QE3 and Dow Up 158pts!!! Manipulation!! Rising Soon! $11</Title><Username>webyufuibf</Username><Timestamp>1347557588535</Timestamp><DateTime>Thu, 2012-09-13 13:33:08 EDT</DateTime></Topic><Msg>That guy with dark eyes and dark heart in the dark corner office of Wall street is controlling DELL pps now. He felt sad now, until his feeling gets better, DELL pps will go up.</Msg><Username>king_kim_1</Username><Timestamp>1347559424131</Timestamp><DateTime>Thu, 2012-09-13 14:03:44 EDT</DateTime><ThumbUp>0</ThumbUp><ThumbDown>0</ThumbDown><Sentiment>Buy</Sentiment></Message><Message type="ReplyMessage"><Id>1347559424271-9</Id><Topic><Title>Jesus Crisis DEll Should B Up 1% $10.75 Afta QE3 and Dow Up 158pts!!! Manipulation!! Rising Soon! $11</Title><Username>webyufuibf</Username><Timestamp>1347557588535</Timestamp><DateTime>Thu, 2012-09-13 13:33:08 EDT</DateTime></Topic><Msg>That guy with dark eyes and dark heart in the dark corner office of Wall street is controlling DELL pps now. He felt sad now, until his feeling gets better, DELL pps will go up.</Msg><Username>king_kim_1</Username><Timestamp>1347559424271</Timestamp><DateTime>Thu, 2012-09-13 14:03:44 EDT</DateTime><ThumbUp>0</ThumbUp><ThumbDown>0</ThumbDown><Sentiment>Buy</Sentiment></Message><Message type="TopicMessage"><Id>1347559936458-10</Id><Title>Close $10.75!! Cover Shorties Your Put Options are Worthless!! Going Higher Cheaper $$$$$ Around World!! $13 Soon!!</Title><Msg>Yup!!</Msg><Username>webyufuibf</Username><Timestamp>1347559936458</Timestamp><DateTime>Thu, 2012-09-13 14:12:16 EDT</DateTime><ThumbUp>1</ThumbUp><ThumbDown>0</ThumbDown><Sentiment/></Message><Message type="ReplyMessage"><Id>1347561592058-11</Id><Topic><Title>Can DELL drop even more than it has?</Title><Username>vincentbertrand446</Username><Timestamp>1347547269526</Timestamp><DateTime>Thu, 2012-09-13 10:41:09 EDT</DateTime></Topic><Msg>Thanks. I hadn't joined yet. Doing so instantly.</Msg><Username>stanleyanthony36</Username><Timestamp>1347561592058</Timestamp><DateTime>Thu, 2012-09-13 14:39:52 EDT</DateTime><ThumbUp>2</ThumbUp><ThumbDown>5</ThumbDown><Sentiment/></Message><Message type="TopicMessage"><Id>1347561609065-12</Id><Title>Dell is dead. Here's why</Title><Msg>You don't need expensive servers in the cloud. What you need is thousands and thousands of very inexpensive, power efficient servers. The servers in the cloud will be no-name servers without any maintenance or warranty. If a server fails, swap in a new one. First the pc market, now the server market. if you dont believe me, read the seekingalpha article about who is selling servers in the cloud. It isnt dell. (yahoo wont let me post the link) dell is dead</Msg><Username>zillionaire_investor</Username><Timestamp>1347561609065</Timestamp><DateTime>Thu, 2012-09-13 14:40:09 EDT</DateTime><ThumbUp>1</ThumbUp><ThumbDown>0</ThumbDown><Sentiment/></Message><Message type="TopicMessage"><Id>1347585686261-13</Id><Title>BWAHAHAHAHHAHAHAHA....</Title><Msg>if punk dell can't go up on a day like today how stupid do you have to be to hold this stock?</Msg><Username>nk499</Username><Timestamp>1347585686261</Timestamp><DateTime>Thu, 2012-09-13 21:21:26 EDT</DateTime><ThumbUp>0</ThumbUp><ThumbDown>0</ThumbDown><Sentiment>Strong Sell</Sentiment></Message></Date>