<?xml version="1.0" encoding="UTF-8" standalone="no"?><Date date="2012-07-26"><Message type="ReplyMessage"><Id>1343318013000-1</Id><Topic><Title>can someone please tell me</Title><Username>lksjdflksdfbarson</Username><Timestamp>1343067291000</Timestamp><DateTime>Mon, 2012-07-23 14:14:51 EDT</DateTime></Topic><Msg>&gt;&gt;Wakeup this stock is being shotred and manipulated to drive you out in order to pickup cheap shares. are you crazy? you really believe this? if it wasn't for the "dumb" mutual fund support from the hundred of thousands of clueless people working real jobs right now, this thing would be $2 a share? it's over. liquidate and distribute the cash to shareholders, before its too late. dell is going to spend the cash on worthless aquisitions in a hope to catch a bolt of lightning. he doesn't care about shareholders one bit -- he has billions already. why do you think this company never paid a dividend until just now? darwins theory fits well here as well as the saying a fool and his money soon part.</Msg><Username>barglyflashbottoms</Username><Timestamp>1343318013000</Timestamp><DateTime>Thu, 2012-07-26 11:53:33 EDT</DateTime><ThumbUp>1</ThumbUp><ThumbDown>0</ThumbDown><Sentiment/></Message><Message type="ReplyMessage"><Id>1343320914000-2</Id><Topic><Title>Did u hear?</Title><Username>leontinecur973</Username><Timestamp>1343306853000</Timestamp><DateTime>Thu, 2012-07-26 08:47:33 EDT</DateTime></Topic><Msg>Logical Thinking</Msg><Username>jimmyhjl938</Username><Timestamp>1343320914000</Timestamp><DateTime>Thu, 2012-07-26 12:41:54 EDT</DateTime><ThumbUp>0</ThumbUp><ThumbDown>0</ThumbDown><Sentiment/></Message><Message type="ReplyMessage"><Id>1343339138000-3</Id><Topic><Title>thousands of stocks better than dell</Title><Username>sqtt241</Username><Timestamp>1343230335000</Timestamp><DateTime>Wed, 2012-07-25 11:32:15 EDT</DateTime></Topic><Msg>Yeah Really. Go to the HPQ board. Now there is a winner just for you.</Msg><Username>rahtexas12</Username><Timestamp>1343339138000</Timestamp><DateTime>Thu, 2012-07-26 17:45:38 EDT</DateTime><ThumbUp>0</ThumbUp><ThumbDown>0</ThumbDown><Sentiment/></Message><Message type="ReplyMessage"><Id>1343339223000-4</Id><Topic><Title>This should move DELL</Title><Username>randilarzazs</Username><Timestamp>1343329642000</Timestamp><DateTime>Thu, 2012-07-26 15:07:22 EDT</DateTime></Topic><Msg>No it won't.</Msg><Username>rahtexas12</Username><Timestamp>1343339223000</Timestamp><DateTime>Thu, 2012-07-26 17:47:03 EDT</DateTime><ThumbUp>0</ThumbUp><ThumbDown>0</ThumbDown><Sentiment/></Message></Date>