<?xml version="1.0" encoding="UTF-8" standalone="no"?><Date date="2012-09-17"><Message type="ReplyMessage"><Id>1347885572972-1</Id><Topic><Title>DELL is a BUY form here</Title><Username>markhwang2003</Username><Timestamp>1347213796614</Timestamp><DateTime>Sun, 2012-09-09 14:03:16 EDT</DateTime></Topic><Msg>Agreed..... Everybody and there Mom are pushing DELL saying it is dead money.. This stock has been battered pushed down.... Regardless DELL is turning a profit, laying off people to ensure a profit is made... Has a PE of 6.....Windows 8 is coming so that should spur more Sales, at least for the people who are still on XP......</Msg><Username>qqqqtrdr</Username><Timestamp>1347885572972</Timestamp><DateTime>Mon, 2012-09-17 08:39:32 EDT</DateTime><ThumbUp>0</ThumbUp><ThumbDown>0</ThumbDown><Sentiment/></Message><Message type="TopicMessage"><Id>1347890652774-2</Id><Title>dell going out of business</Title><Msg>there is no way they can survive with inferior products and terrible customer service. A dell warranty has more loopholes than Mitt Romney's tax return!</Msg><Username>poppa823</Username><Timestamp>1347890652774</Timestamp><DateTime>Mon, 2012-09-17 10:04:12 EDT</DateTime><ThumbUp>2</ThumbUp><ThumbDown>0</ThumbDown><Sentiment/></Message><Message type="TopicMessage"><Id>1347901014000-3</Id><Title>dell just got upgraded to focus list buy from hold by CS</Title><Msg>Based on low evaluation and pc market will pick up with win 8 launch</Msg><Username>nusaiba</Username><Timestamp>1347901014000</Timestamp><DateTime>Mon, 2012-09-17 12:56:54 EDT</DateTime><ThumbUp>0</ThumbUp><ThumbDown>1</ThumbDown><Sentiment/></Message><Message type="TopicMessage"><Id>1347902792630-4</Id><Title>Apple Nears $700 - Dell Struggles for $11</Title><Msg>What is the difference between and Apple and a Dell? Dell has worms.</Msg><Username>vernnimble</Username><Timestamp>1347902792630</Timestamp><DateTime>Mon, 2012-09-17 13:26:32 EDT</DateTime><ThumbUp>1</ThumbUp><ThumbDown>0</ThumbDown><Sentiment/></Message><Message type="ReplyMessage"><Id>1347914826812-5</Id><Topic><Title>dell just got upgraded to focus list buy from hold by CS</Title><Username>nusaiba</Username><Timestamp>1347901014000</Timestamp><DateTime>Mon, 2012-09-17 12:56:54 EDT</DateTime></Topic><Msg>target is $18?</Msg><Username>agxxz</Username><Timestamp>1347914826812</Timestamp><DateTime>Mon, 2012-09-17 16:47:06 EDT</DateTime><ThumbUp>0</ThumbUp><ThumbDown>1</ThumbDown><Sentiment/></Message><Message type="TopicMessage"><Id>1347916364680-6</Id><Title>I hate Dell</Title><Msg>Just got my laptop back from Dell. Surprise, surprise - the laptop wasn't fixed under the warranty even though it's not yet a year old. Their customer service and warranties are certainly worthless. I'll spend the money and purchase a Mac which is a quality product.</Msg><Username>dillysnana</Username><Timestamp>1347916364680</Timestamp><DateTime>Mon, 2012-09-17 17:12:44 EDT</DateTime><ThumbUp>0</ThumbUp><ThumbDown>0</ThumbDown><Sentiment/></Message><Message type="ReplyMessage"><Id>1347934686520-7</Id><Topic><Title>dell just got upgraded to focus list buy from hold by CS</Title><Username>nusaiba</Username><Timestamp>1347901014000</Timestamp><DateTime>Mon, 2012-09-17 12:56:54 EDT</DateTime></Topic><Msg>Careful Nusi, your desperation is showing! Are you going to call for Mikey Dell's ouster like you are with Jason Elop at Nokia? ROFLMAO!!</Msg><Username>rmbo47</Username><Timestamp>1347934686520</Timestamp><DateTime>Mon, 2012-09-17 22:18:06 EDT</DateTime><ThumbUp>1</ThumbUp><ThumbDown>0</ThumbDown><Sentiment/></Message><Message type="ReplyMessage"><Id>1347934754538-8</Id><Topic><Title>Dell makes great Laptops</Title><Username>hahahacreek</Username><Timestamp>1347628653602</Timestamp><DateTime>Fri, 2012-09-14 09:17:33 EDT</DateTime></Topic><Msg>Dell USED to make great laptops.</Msg><Username>rmbo47</Username><Timestamp>1347934754538</Timestamp><DateTime>Mon, 2012-09-17 22:19:14 EDT</DateTime><ThumbUp>0</ThumbUp><ThumbDown>0</ThumbDown><Sentiment/></Message></Date>