<?xml version="1.0" encoding="UTF-8" standalone="no"?><Date date="2012-10-17"><Message type="ReplyMessage"><Id>1350478412048-1</Id><Topic><Title>Intel CEO: "PCs will grow at half the rate in Q4/2012 vs Q4/2011"....</Title><Username>ossobucco2012</Username><Timestamp>1350427375748</Timestamp><DateTime>Tue, 2012-10-16 18:42:55 EDT</DateTime></Topic><Msg>This will be the historical low for DELL for many years to come.... MSFT or private equity would gladly offer $20.00 for our cash on the books and $4 billion a year cash flow.</Msg><Username>ossobucco2012</Username><Timestamp>1350478412048</Timestamp><DateTime>Wed, 2012-10-17 08:53:32 EDT</DateTime><ThumbUp>1</ThumbUp><ThumbDown>1</ThumbDown><Sentiment>Strong Buy</Sentiment></Message><Message type="TopicMessage"><Id>1350481482806-2</Id><Title>Did Intc drop much for Dell a month ago?</Title><Msg>No, it dropped pennies for dell's dollars drop? Why dell is the one PC stock that drop compatible to that of Intc?</Msg><Username>coolheadwarmblood</Username><Timestamp>1350481482806</Timestamp><DateTime>Wed, 2012-10-17 09:44:42 EDT</DateTime><ThumbUp>0</ThumbUp><ThumbDown>0</ThumbDown><Sentiment/></Message><Message type="TopicMessage"><Id>1350483946642-3</Id><Title>I owned Dell from 1997 to 2004.</Title><Msg>What a ride that was! Tripled my sizeable investment. Wish I had seen the top at $57 and got out, but rode it down to $34 before I sold. My average cost was $11 and now it's under that. The business cycle is very interesting, don't ya think? I wonder if Dell can ever come back. Any thoughts?</Msg><Username>stockminder</Username><Timestamp>1350483946642</Timestamp><DateTime>Wed, 2012-10-17 10:25:46 EDT</DateTime><ThumbUp>0</ThumbUp><ThumbDown>1</ThumbDown><Sentiment>Sell</Sentiment></Message><Message type="TopicMessage"><Id>1350484191483-4</Id><Title>Intel reduces 4Q pc demand - (quote - link)</Title><Msg>Intel Corp.'s profit dropped 14% in the third quarter, underscoring tough times for the personal computer sector amid competition from tablet-style devices and other headwinds. The big chip maker, whose microprocessors power most desktop PCs and laptops, said it is significantly scaling back production in the fourth quarter in response to weaker than expected demand. Intel said that move will cause it to take $500 million in charges for excess production capacity, triggering a big decline in its closely watched gross profit margin for the quarter.</Msg><Username>mibudster</Username><Timestamp>1350484191483</Timestamp><DateTime>Wed, 2012-10-17 10:29:51 EDT</DateTime><ThumbUp>0</ThumbUp><ThumbDown>0</ThumbDown><Sentiment/></Message><Message type="ReplyMessage"><Id>1350484327490-5</Id><Topic><Title>Intel CEO: "PCs will grow at half the rate in Q4/2012 vs Q4/2011"....</Title><Username>ossobucco2012</Username><Timestamp>1350427375748</Timestamp><DateTime>Tue, 2012-10-16 18:42:55 EDT</DateTime></Topic><Msg>With Intel stating PC's for 4Q12 will be cut in half - DELL will trade close to $5.</Msg><Username>mibudster</Username><Timestamp>1350484327490</Timestamp><DateTime>Wed, 2012-10-17 10:32:07 EDT</DateTime><ThumbUp>1</ThumbUp><ThumbDown>1</ThumbDown><Sentiment/></Message><Message type="ReplyMessage"><Id>1350487491129-6</Id><Topic><Title>Dell Computer Corporation (DELL)</Title><Username>fabiolaraos97717</Username><Timestamp>1350481611870</Timestamp><DateTime>Wed, 2012-10-17 09:46:51 EDT</DateTime></Topic><Msg>I love this article. Keep it coming.</Msg><Username>clairvnrh52236</Username><Timestamp>1350487491129</Timestamp><DateTime>Wed, 2012-10-17 11:24:51 EDT</DateTime><ThumbUp>0</ThumbUp><ThumbDown>0</ThumbDown><Sentiment/></Message><Message type="ReplyMessage"><Id>1350489928489-7</Id><Topic><Title>Dell Computer Corporation (DELL)</Title><Username>fabiolaraos97717</Username><Timestamp>1350481611870</Timestamp><DateTime>Wed, 2012-10-17 09:46:51 EDT</DateTime></Topic><Msg>Keep them coming.</Msg><Username>demetriambus292386</Username><Timestamp>1350489928489</Timestamp><DateTime>Wed, 2012-10-17 12:05:28 EDT</DateTime><ThumbUp>0</ThumbUp><ThumbDown>0</ThumbDown><Sentiment/></Message><Message type="ReplyMessage"><Id>1350492840939-8</Id><Topic><Title>Dell Computer Corporation (DELL)</Title><Username>fabiolaraos97717</Username><Timestamp>1350481611870</Timestamp><DateTime>Wed, 2012-10-17 09:46:51 EDT</DateTime></Topic><Msg>Got it. Good job mate.</Msg><Username>babarakwzom985899</Username><Timestamp>1350492840939</Timestamp><DateTime>Wed, 2012-10-17 12:54:00 EDT</DateTime><ThumbUp>0</ThumbUp><ThumbDown>0</ThumbDown><Sentiment/></Message><Message type="ReplyMessage"><Id>1350497361241-9</Id><Topic><Title>Dell Computer Corporation (DELL)</Title><Username>fabiolaraos97717</Username><Timestamp>1350481611870</Timestamp><DateTime>Wed, 2012-10-17 09:46:51 EDT</DateTime></Topic><Msg>Fantastic. I will check it out.</Msg><Username>deboraqbcqo683461</Username><Timestamp>1350497361241</Timestamp><DateTime>Wed, 2012-10-17 14:09:21 EDT</DateTime><ThumbUp>0</ThumbUp><ThumbDown>0</ThumbDown><Sentiment/></Message><Message type="TopicMessage"><Id>1350499063555-10</Id><Title>This is all short selling and covering all day to take advantage of Intel's sell off by the same folks....</Title><Msg>BUY all you can.</Msg><Username>ossobucco2012</Username><Timestamp>1350499063555</Timestamp><DateTime>Wed, 2012-10-17 14:37:43 EDT</DateTime><ThumbUp>0</ThumbUp><ThumbDown>0</ThumbDown><Sentiment>Strong Buy</Sentiment></Message><Message type="ReplyMessage"><Id>1350500658112-11</Id><Topic><Title>Dell Computer Corporation (DELL)</Title><Username>fabiolaraos97717</Username><Timestamp>1350481611870</Timestamp><DateTime>Wed, 2012-10-17 09:46:51 EDT</DateTime></Topic><Msg>Excellent. I will check it out now.</Msg><Username>dorindapedq42783</Username><Timestamp>1350500658112</Timestamp><DateTime>Wed, 2012-10-17 15:04:18 EDT</DateTime><ThumbUp>0</ThumbUp><ThumbDown>0</ThumbDown><Sentiment/></Message><Message type="ReplyMessage"><Id>1350500960730-12</Id><Topic><Title>This is all short selling and covering all day to take advantage of Intel's sell off by the same folks....</Title><Username>ossobucco2012</Username><Timestamp>1350499063555</Timestamp><DateTime>Wed, 2012-10-17 14:37:43 EDT</DateTime></Topic><Msg>WE are having excellent reception on Windows 8 and we will close at $12.00 by the time we release our earnings. I agree, buy all you can at this PPs.</Msg><Username>longsrboss</Username><Timestamp>1350500960730</Timestamp><DateTime>Wed, 2012-10-17 15:09:20 EDT</DateTime><ThumbUp>0</ThumbUp><ThumbDown>0</ThumbDown><Sentiment>Strong Buy</Sentiment></Message><Message type="ReplyMessage"><Id>1350501651109-13</Id><Topic><Title>This is all short selling and covering all day to take advantage of Intel's sell off by the same folks....</Title><Username>ossobucco2012</Username><Timestamp>1350499063555</Timestamp><DateTime>Wed, 2012-10-17 14:37:43 EDT</DateTime></Topic><Msg>My guess is that this all done by 2 or 3 traders making a penny per trade per share and they will go long at the end of the day as MSFT is reporting tomorrow.</Msg><Username>ossobucco2012</Username><Timestamp>1350501651109</Timestamp><DateTime>Wed, 2012-10-17 15:20:51 EDT</DateTime><ThumbUp>0</ThumbUp><ThumbDown>0</ThumbDown><Sentiment>Strong Buy</Sentiment></Message><Message type="TopicMessage"><Id>1350502599677-14</Id><Title>DELL $10 Options In the Money!!! By By By $10 Dell Will Be Tomorrow!! $10+ Friday AM!!!</Title><Msg>Watch!!!</Msg><Username>fuhcitichien</Username><Timestamp>1350502599677</Timestamp><DateTime>Wed, 2012-10-17 15:36:39 EDT</DateTime><ThumbUp>0</ThumbUp><ThumbDown>0</ThumbDown><Sentiment/></Message><Message type="TopicMessage"><Id>1350502727966-15</Id><Title>DELL Jeuw Boy Has outwitted HPQ HPQ Death Trap Dell Will Survive and Be $14 Before HPQ Reaches $15!</Title><Msg>Yup!!!</Msg><Username>webyufuibf</Username><Timestamp>1350502727966</Timestamp><DateTime>Wed, 2012-10-17 15:38:47 EDT</DateTime><ThumbUp>0</ThumbUp><ThumbDown>1</ThumbDown><Sentiment/></Message><Message type="TopicMessage"><Id>1350502875512-16</Id><Title>HPQ Qill Be a Dead Company and Want to Merge With Dell Dell $14 Offered!</Title><Msg>Watch!!!!</Msg><Username>citioec</Username><Timestamp>1350502875512</Timestamp><DateTime>Wed, 2012-10-17 15:41:15 EDT</DateTime><ThumbUp>0</ThumbUp><ThumbDown>0</ThumbDown><Sentiment/></Message><Message type="TopicMessage"><Id>1350503056456-17</Id><Title>DELL $10 Tomorrow AM and Over $10 This Friday!! By Low Sell Higher!!</Title><Msg>Yup!!!</Msg><Username>syn1828</Username><Timestamp>1350503056456</Timestamp><DateTime>Wed, 2012-10-17 15:44:16 EDT</DateTime><ThumbUp>0</ThumbUp><ThumbDown>0</ThumbDown><Sentiment/></Message><Message type="TopicMessage"><Id>1350503781327-18</Id><Title>Closing at High $9.87+ Pre-AM Today $9.95 Going there Tmorrow AM FRiday $10.25!!</Title><Msg>Yup!!</Msg><Username>webyufuibf</Username><Timestamp>1350503781327</Timestamp><DateTime>Wed, 2012-10-17 15:56:21 EDT</DateTime><ThumbUp>0</ThumbUp><ThumbDown>0</ThumbDown><Sentiment/></Message><Message type="ReplyMessage"><Id>1350504085509-19</Id><Topic><Title>Dell Computer Corporation (DELL)</Title><Username>fabiolaraos97717</Username><Timestamp>1350481611870</Timestamp><DateTime>Wed, 2012-10-17 09:46:51 EDT</DateTime></Topic><Msg>I was really looking for some great news. Now I found it.</Msg><Username>domenicauzkji33360</Username><Timestamp>1350504085509</Timestamp><DateTime>Wed, 2012-10-17 16:01:25 EDT</DateTime><ThumbUp>0</ThumbUp><ThumbDown>0</ThumbDown><Sentiment/></Message><Message type="TopicMessage"><Id>1350504094052-20</Id><Title>will fat mike please resign :(</Title><Msg>its all over except for the crying</Msg><Username>omguuuuu1</Username><Timestamp>1350504094052</Timestamp><DateTime>Wed, 2012-10-17 16:01:34 EDT</DateTime><ThumbUp>0</ThumbUp><ThumbDown>0</ThumbDown><Sentiment/></Message><Message type="ReplyMessage"><Id>1350505097906-21</Id><Topic><Title>This is all short selling and covering all day to take advantage of Intel's sell off by the same folks....</Title><Username>ossobucco2012</Username><Timestamp>1350499063555</Timestamp><DateTime>Wed, 2012-10-17 14:37:43 EDT</DateTime></Topic><Msg>absolute idiocy. Longs are selling. No basis for the idea that it's "evil shorts" manipulating the market.</Msg><Username>kenberthiaume123</Username><Timestamp>1350505097906</Timestamp><DateTime>Wed, 2012-10-17 16:18:17 EDT</DateTime><ThumbUp>0</ThumbUp><ThumbDown>1</ThumbDown><Sentiment/></Message><Message type="ReplyMessage"><Id>1350508129887-22</Id><Topic><Title>Dell Computer Corporation (DELL)</Title><Username>fabiolaraos97717</Username><Timestamp>1350481611870</Timestamp><DateTime>Wed, 2012-10-17 09:46:51 EDT</DateTime></Topic><Msg>I never missed a single article from you. Thank you and please keep it coming.- y.ahoo.it/FqeLC</Msg><Username>alisancmj814474</Username><Timestamp>1350508129887</Timestamp><DateTime>Wed, 2012-10-17 17:08:49 EDT</DateTime><ThumbUp>0</ThumbUp><ThumbDown>0</ThumbDown><Sentiment/></Message><Message type="TopicMessage"><Id>1350513416545-23</Id><Title>NOKIA SHORT SQUEEZE IN PROGRESS !!!!</Title><Msg>NOKIA SHORT SQUEEZE IN PROGRESS !!!!</Msg><Username>radardeldinero</Username><Timestamp>1350513416545</Timestamp><DateTime>Wed, 2012-10-17 18:36:56 EDT</DateTime><ThumbUp>0</ThumbUp><ThumbDown>0</ThumbDown><Sentiment/></Message><Message type="ReplyMessage"><Id>1350518337261-24</Id><Topic><Title>This is all short selling and covering all day to take advantage of Intel's sell off by the same folks....</Title><Username>ossobucco2012</Username><Timestamp>1350499063555</Timestamp><DateTime>Wed, 2012-10-17 14:37:43 EDT</DateTime></Topic><Msg>All the crooks who have become PC death panel members/experts! They will get punished soon as tomorrow we have Google and MSFT reporting and that MSFT is more inclined to give positive signal on the Windows 8 than Intel is always gun-shy about others' forecasts as MSFT has been advocating 400 million units sold by July 1, 2013. Or over 2.5 million Windows 8 units per business day from October 26/2012 till July 1, 2103.</Msg><Username>longsrboss</Username><Timestamp>1350518337261</Timestamp><DateTime>Wed, 2012-10-17 19:58:57 EDT</DateTime><ThumbUp>0</ThumbUp><ThumbDown>0</ThumbDown><Sentiment>Strong Buy</Sentiment></Message><Message type="TopicMessage"><Id>1350521873191-25</Id><Title>The total PC market is "estimated" to decline by ONLY 1.2% in 2012 vs 2011....</Title><Msg>According to IHS isuppli, the leading IT market research firm, all this noise about the death of PC is pure nonsense as it expects 348.7 million units to be shipped in 2012 calender year vs 352.8 units shipped in 2011 which was the highest in a decade.... So all the lies by the shorts has provided smart money to buy DELL cheap and in the meantine have the shorts meet their maker in the process. BUY all you can!</Msg><Username>ossobucco2012</Username><Timestamp>1350521873191</Timestamp><DateTime>Wed, 2012-10-17 20:57:53 EDT</DateTime><ThumbUp>1</ThumbUp><ThumbDown>0</ThumbDown><Sentiment>Strong Buy</Sentiment></Message><Message type="TopicMessage"><Id>1350523244955-26</Id><Title>Analysts at IDC: The launch of Windows 8 will boost PC sales by 6.5% going into 2013....</Title><Msg>“In other words, for 2013, the market otherwise would have been flat,” Daoud told ReadWriteWeb. “But for Windows 8, we boost it by about 5%, so that gives it 5% growth. That’s essentially the premium given to Windows 8.” IDC now estimates that that worldwide PC shipment growth will average 7.1% from 2013-2016. Next year, however, worldwide PC sales in units should jump from -1.2% this year to 6.5%, with growth accelerating to 7.0% and 7.5% in 2014 and 2015, respectively. Much of that demand will come from emerging markets, whose residents are still buying their first PCs, as well as purchasing Windows 8 replacements for those they already own, Windows XP, Vista and W-7.</Msg><Username>ossobucco2012</Username><Timestamp>1350523244955</Timestamp><DateTime>Wed, 2012-10-17 21:20:44 EDT</DateTime><ThumbUp>0</ThumbUp><ThumbDown>0</ThumbDown><Sentiment>Strong Buy</Sentiment></Message></Date>