<?xml version="1.0" encoding="UTF-8" standalone="no"?><Date date="2012-11-27"><Message type="ReplyMessage"><Id>1354019351375-1</Id><Topic><Title>I was circle jerked by Dell</Title><Username>sallykohles</Username><Timestamp>1353980180648</Timestamp><DateTime>Mon, 2012-11-26 20:36:20 EST</DateTime></Topic><Msg>You should buy Lenovo, Better pricing upfront and on upgrades. Great warranty and very responsive.</Msg><Username>steely11</Username><Timestamp>1354019351375</Timestamp><DateTime>Tue, 2012-11-27 07:29:11 EST</DateTime><ThumbUp>0</ThumbUp><ThumbDown>1</ThumbDown><Sentiment/></Message><Message type="TopicMessage"><Id>1354027767353-2</Id><Title>From black Friday to cCyber Monday, spent $5100 on DELL products</Title><Msg>From black Friday to cCyber Monday, spent $5100 on DELL products for family members. Merry Xmas!</Msg><Username>king_kim_1</Username><Timestamp>1354027767353</Timestamp><DateTime>Tue, 2012-11-27 09:49:27 EST</DateTime><ThumbUp>1</ThumbUp><ThumbDown>0</ThumbDown><Sentiment/></Message><Message type="TopicMessage"><Id>1354036352815-3</Id><Title>dell</Title><Msg>next yr dell this yrs yahoo......terranova cnbc</Msg><Username>tntjo00000</Username><Timestamp>1354036352815</Timestamp><DateTime>Tue, 2012-11-27 12:12:32 EST</DateTime><ThumbUp>0</ThumbUp><ThumbDown>0</ThumbDown><Sentiment>Strong Buy</Sentiment></Message><Message type="ReplyMessage"><Id>1354040626766-4</Id><Topic><Title>Keep confined and unapproachable In Your Dell Inc. profits</Title><Username>marjorie.carrillo45</Username><Timestamp>1353943601727</Timestamp><DateTime>Mon, 2012-11-26 10:26:41 EST</DateTime></Topic><Msg>don't see that coming</Msg><Username>cynthiagibson333</Username><Timestamp>1354040626766</Timestamp><DateTime>Tue, 2012-11-27 13:23:46 EST</DateTime><ThumbUp>0</ThumbUp><ThumbDown>2</ThumbDown><Sentiment/></Message><Message type="ReplyMessage"><Id>1354042509120-5</Id><Topic><Title>Keep confined and unapproachable In Your Dell Inc. profits</Title><Username>marjorie.carrillo45</Username><Timestamp>1353943601727</Timestamp><DateTime>Mon, 2012-11-26 10:26:41 EST</DateTime></Topic><Msg>very well written!</Msg><Username>herrington.vincent</Username><Timestamp>1354042509120</Timestamp><DateTime>Tue, 2012-11-27 13:55:09 EST</DateTime><ThumbUp>0</ThumbUp><ThumbDown>2</ThumbDown><Sentiment/></Message><Message type="ReplyMessage"><Id>1354043669818-6</Id><Topic><Title>dell</Title><Username>tntjo00000</Username><Timestamp>1354036352815</Timestamp><DateTime>Tue, 2012-11-27 12:12:32 EST</DateTime></Topic><Msg>Bought @ 8.73 a share, then sold call option for 37 cents at 9... thinking I screwed myself now... but oh well, still made money...</Msg><Username>yourwishismine</Username><Timestamp>1354043669818</Timestamp><DateTime>Tue, 2012-11-27 14:14:29 EST</DateTime><ThumbUp>0</ThumbUp><ThumbDown>0</ThumbDown><Sentiment>Strong Buy</Sentiment></Message><Message type="ReplyMessage"><Id>1354044079285-7</Id><Topic><Title>I was circle jerked by Dell</Title><Username>sallykohles</Username><Timestamp>1353980180648</Timestamp><DateTime>Mon, 2012-11-26 20:36:20 EST</DateTime></Topic><Msg>Next time, do a reach around, you might get better results.</Msg><Username>bananas500</Username><Timestamp>1354044079285</Timestamp><DateTime>Tue, 2012-11-27 14:21:19 EST</DateTime><ThumbUp>0</ThumbUp><ThumbDown>0</ThumbDown><Sentiment/></Message><Message type="TopicMessage"><Id>1354067046180-8</Id><Title>DELL has to be thinking to liquidate if HP rights its ship</Title><Msg>Seriously, if HP gets past the turmoil and becomes the enterprise market leader, then Dell is done.</Msg><Username>coolbear456</Username><Timestamp>1354067046180</Timestamp><DateTime>Tue, 2012-11-27 20:44:06 EST</DateTime><ThumbUp>0</ThumbUp><ThumbDown>1</ThumbDown><Sentiment/></Message><Message type="ReplyMessage"><Id>1354077450048-9</Id><Topic><Title>I was circle jerked by Dell</Title><Username>sallykohles</Username><Timestamp>1353980180648</Timestamp><DateTime>Mon, 2012-11-26 20:36:20 EST</DateTime></Topic><Msg>I also got a hold for a unusual purchase.I called credit and they took off the hold after making sure I was the one making the buy.I tried to notify dell about the hold being lifted and someone that sounded like he was from India said he needed to transfer me to someone who could help me.After about a hour on hold I gave up! It appears dell does not want my business!</Msg><Username>gin.haruko</Username><Timestamp>1354077450048</Timestamp><DateTime>Tue, 2012-11-27 23:37:30 EST</DateTime><ThumbUp>0</ThumbUp><ThumbDown>0</ThumbDown><Sentiment/></Message></Date>