<?xml version="1.0" encoding="UTF-8" standalone="no"?><Date date="2012-10-01"><Message type="TopicMessage"><Id>1349101658605-1</Id><Title>=== 18 reasons that Apple needs Dell</Title><Msg>Formula 18 : Apple will pay $18 per share for Dell for the exactly 18 reasons that Apple needs Dell.</Msg><Username>value_oriented_123</Username><Timestamp>1349101658605</Timestamp><DateTime>Mon, 2012-10-01 10:27:38 EDT</DateTime><ThumbUp>0</ThumbUp><ThumbDown>1</ThumbDown><Sentiment/></Message><Message type="ReplyMessage"><Id>1349102924431-2</Id><Topic><Title>=== 18 reasons that Apple needs Dell</Title><Username>value_oriented_123</Username><Timestamp>1349101658605</Timestamp><DateTime>Mon, 2012-10-01 10:27:38 EDT</DateTime></Topic><Msg>aapl only have to give 30% premium to take over dell. that means only $13/s for dell. mike dell will probably be very happy to get $13/s for his 250m shares from apple.</Msg><Username>linfc1</Username><Timestamp>1349102924431</Timestamp><DateTime>Mon, 2012-10-01 10:48:44 EDT</DateTime><ThumbUp>0</ThumbUp><ThumbDown>0</ThumbDown><Sentiment/></Message><Message type="TopicMessage"><Id>1349103745540-3</Id><Title>Whoever is trying to push down DELL has brain full of water</Title><Msg>Whoever is trying to push down DELL has brain full of water.</Msg><Username>king_kim_1</Username><Timestamp>1349103745540</Timestamp><DateTime>Mon, 2012-10-01 11:02:25 EDT</DateTime><ThumbUp>1</ThumbUp><ThumbDown>0</ThumbDown><Sentiment>Strong Buy</Sentiment></Message><Message type="ReplyMessage"><Id>1349105179473-4</Id><Topic><Title>Whoever is trying to push down DELL has brain full of water</Title><Username>king_kim_1</Username><Timestamp>1349103745540</Timestamp><DateTime>Mon, 2012-10-01 11:02:25 EDT</DateTime></Topic><Msg>They will cover by the end of the day.</Msg><Username>longsrboss</Username><Timestamp>1349105179473</Timestamp><DateTime>Mon, 2012-10-01 11:26:19 EDT</DateTime><ThumbUp>0</ThumbUp><ThumbDown>0</ThumbDown><Sentiment>Strong Buy</Sentiment></Message><Message type="TopicMessage"><Id>1349107291104-5</Id><Title>Dell Computer Corporation (DELL)</Title><Msg>2 page profile report Copy and Paste this to your browser - y.ahoo.it/FqeLC</Msg><Username>tishnyh795165</Username><Timestamp>1349107291104</Timestamp><DateTime>Mon, 2012-10-01 12:01:31 EDT</DateTime><ThumbUp>13</ThumbUp><ThumbDown>1</ThumbDown><Sentiment/></Message><Message type="TopicMessage"><Id>1349107428586-6</Id><Title>ALL-IN: with many reasons</Title><Msg>* From the wisdom of Warren Buffet, "buy a strong company on a dip". This is a huge dip and this is a very strong stable company. Not as exciting as Aapl but dirt cheap and alot of up room. * Buy American. I am asian-American and after having visited China, I was left with a bad taste of how the Chinese conduct business-- full of deceptions, dirty scoundrels, lack of human compassion and common courtesy. I now do not doubt at all that the Chinese violate every human rights, because they will do anything to benefit themselves include killing their neighbors and kids to better themselves. Hence, Leveno will fail in Epic proportion and Dell will remain strong. * Dell has lots of cash and still profitting. I will buy more dell computers just to help my investment. * At PE ratio of 6, this is dirt cheap.</Msg><Username>cameleonman</Username><Timestamp>1349107428586</Timestamp><DateTime>Mon, 2012-10-01 12:03:48 EDT</DateTime><ThumbUp>0</ThumbUp><ThumbDown>0</ThumbDown><Sentiment>Strong Buy</Sentiment></Message><Message type="ReplyMessage"><Id>1349107946069-7</Id><Topic><Title>Can DELL drop even more than it has?</Title><Username>vincentbertrand446</Username><Timestamp>1347547269526</Timestamp><DateTime>Thu, 2012-09-13 10:41:09 EDT</DateTime></Topic><Msg>nicceeeee, best there is in my opinion they make me money</Msg><Username>williampickering924</Username><Timestamp>1349107946069</Timestamp><DateTime>Mon, 2012-10-01 12:12:26 EDT</DateTime><ThumbUp>1</ThumbUp><ThumbDown>0</ThumbDown><Sentiment/></Message><Message type="ReplyMessage"><Id>1349108203615-8</Id><Topic><Title>Dell has $5.3 billion share repurchase program as of August 31/2012 (Source 10-Q)</Title><Username>longsrboss</Username><Timestamp>1348962726221</Timestamp><DateTime>Sat, 2012-09-29 19:52:06 EDT</DateTime></Topic><Msg>you are talking as if PC will become obsolete. Yes the technology of mobile devices have improved. But from 8-5pm, people still need a PC with keyboards to work. I have iphone and many other mobile gadgets but when I need to type my emails or work, I go to my PC with a big screen and a keyboard that I can feel and comfortable. I am speaking for most people here, not just myself. Hence, the perception of PC dying is just a perception-- mobile devices have been around for decades and PC companies continue to profit. I highly doubt that we will see 8, I will buy more on margin if it does.</Msg><Username>cameleonman</Username><Timestamp>1349108203615</Timestamp><DateTime>Mon, 2012-10-01 12:16:43 EDT</DateTime><ThumbUp>1</ThumbUp><ThumbDown>0</ThumbDown><Sentiment/></Message><Message type="ReplyMessage"><Id>1349109404368-9</Id><Topic><Title>Dell Computer Corporation (DELL)</Title><Username>tishnyh795165</Username><Timestamp>1349107291104</Timestamp><DateTime>Mon, 2012-10-01 12:01:31 EDT</DateTime></Topic><Msg>Thanks for sharing this article.</Msg><Username>marcelenetip41963</Username><Timestamp>1349109404368</Timestamp><DateTime>Mon, 2012-10-01 12:36:44 EDT</DateTime><ThumbUp>0</ThumbUp><ThumbDown>2</ThumbDown><Sentiment/></Message><Message type="ReplyMessage"><Id>1349109851745-10</Id><Topic><Title>Dell has $5.3 billion share repurchase program as of August 31/2012 (Source 10-Q)</Title><Username>longsrboss</Username><Timestamp>1348962726221</Timestamp><DateTime>Sat, 2012-09-29 19:52:06 EDT</DateTime></Topic><Msg>I dont see mr dell buying a single share at below $10. No faith.</Msg><Username>jimmmeycrackcorn</Username><Timestamp>1349109851745</Timestamp><DateTime>Mon, 2012-10-01 12:44:11 EDT</DateTime><ThumbUp>1</ThumbUp><ThumbDown>0</ThumbDown><Sentiment/></Message><Message type="ReplyMessage"><Id>1349110593001-11</Id><Topic><Title>Dell has $5.3 billion share repurchase program as of August 31/2012 (Source 10-Q)</Title><Username>longsrboss</Username><Timestamp>1348962726221</Timestamp><DateTime>Sat, 2012-09-29 19:52:06 EDT</DateTime></Topic><Msg>'Dell has $5.3 billion share repurchase program as of August 31/2012' Is this repurchase program helpful at all?</Msg><Username>linfc1</Username><Timestamp>1349110593001</Timestamp><DateTime>Mon, 2012-10-01 12:56:33 EDT</DateTime><ThumbUp>0</ThumbUp><ThumbDown>0</ThumbDown><Sentiment/></Message><Message type="ReplyMessage"><Id>1349110721327-12</Id><Topic><Title>Dell has $5.3 billion share repurchase program as of August 31/2012 (Source 10-Q)</Title><Username>longsrboss</Username><Timestamp>1348962726221</Timestamp><DateTime>Sat, 2012-09-29 19:52:06 EDT</DateTime></Topic><Msg>he prefers to buy dell at $14.</Msg><Username>linfc1</Username><Timestamp>1349110721327</Timestamp><DateTime>Mon, 2012-10-01 12:58:41 EDT</DateTime><ThumbUp>1</ThumbUp><ThumbDown>0</ThumbDown><Sentiment/></Message><Message type="ReplyMessage"><Id>1349111522031-13</Id><Topic><Title>Dell Computer Corporation (DELL)</Title><Username>tishnyh795165</Username><Timestamp>1349107291104</Timestamp><DateTime>Mon, 2012-10-01 12:01:31 EDT</DateTime></Topic><Msg>Good job. Informational article.</Msg><Username>bettezrm54565</Username><Timestamp>1349111522031</Timestamp><DateTime>Mon, 2012-10-01 13:12:02 EDT</DateTime><ThumbUp>0</ThumbUp><ThumbDown>2</ThumbDown><Sentiment/></Message><Message type="ReplyMessage"><Id>1349112338617-14</Id><Topic><Title>What You May Not Know About DELL...</Title><Username>carmen.farrell53</Username><Timestamp>1349111195979</Timestamp><DateTime>Mon, 2012-10-01 13:06:35 EDT</DateTime></Topic><Msg>I wish i would have seen this earlier</Msg><Username>wendyweiss82</Username><Timestamp>1349112338617</Timestamp><DateTime>Mon, 2012-10-01 13:25:38 EDT</DateTime><ThumbUp>0</ThumbUp><ThumbDown>0</ThumbDown><Sentiment/></Message><Message type="TopicMessage"><Id>1349113074153-15</Id><Title>A nickel from year's lowest</Title><Msg>What a bargain!</Msg><Username>mediaikiller</Username><Timestamp>1349113074153</Timestamp><DateTime>Mon, 2012-10-01 13:37:54 EDT</DateTime><ThumbUp>1</ThumbUp><ThumbDown>0</ThumbDown><Sentiment/></Message><Message type="ReplyMessage"><Id>1349113541345-16</Id><Topic><Title>Dell Computer Corporation (DELL)</Title><Username>tishnyh795165</Username><Timestamp>1349107291104</Timestamp><DateTime>Mon, 2012-10-01 12:01:31 EDT</DateTime></Topic><Msg>Got it. Good job mate.</Msg><Username>jerilynllq668</Username><Timestamp>1349113541345</Timestamp><DateTime>Mon, 2012-10-01 13:45:41 EDT</DateTime><ThumbUp>0</ThumbUp><ThumbDown>0</ThumbDown><Sentiment/></Message><Message type="TopicMessage"><Id>1349113930899-17</Id><Title>Got to buy more DELL</Title><Msg>Got to buy more DELL</Msg><Username>king_kim_1</Username><Timestamp>1349113930899</Timestamp><DateTime>Mon, 2012-10-01 13:52:10 EDT</DateTime><ThumbUp>0</ThumbUp><ThumbDown>0</ThumbDown><Sentiment>Strong Buy</Sentiment></Message><Message type="TopicMessage"><Id>1349114779912-18</Id><Title>DELL 2PROVIDE UTILITY COS WITH EFFICIENCY SOLUTIONS! BUY SIGNAL!!</Title><Msg>get more now and benefit the upside!</Msg><Username>monett4</Username><Timestamp>1349114779912</Timestamp><DateTime>Mon, 2012-10-01 14:06:19 EDT</DateTime><ThumbUp>0</ThumbUp><ThumbDown>0</ThumbDown><Sentiment/></Message><Message type="ReplyMessage"><Id>1349115189223-19</Id><Topic><Title>Can DELL drop even more than it has?</Title><Username>vincentbertrand446</Username><Timestamp>1347547269526</Timestamp><DateTime>Thu, 2012-09-13 10:41:09 EDT</DateTime></Topic><Msg>you are comparing apples to oranges. Dell's PC compared to apple's PC, Dell beats it hands down. P/e ratio of 6, this is merely driven by stupid investor's perception. LIke what your HS buddies think what is hot or in at the time; it has nothing to do with business model. Dell still sells PC and still profits, why would it need to make mobile device to compete with Apple or Samsung? I agree Dell is boring but it is making profits-- from a business point of view that is all that matters-- making positive cash flow and keeping employees employed.</Msg><Username>cameleonman</Username><Timestamp>1349115189223</Timestamp><DateTime>Mon, 2012-10-01 14:13:09 EDT</DateTime><ThumbUp>0</ThumbUp><ThumbDown>0</ThumbDown><Sentiment/></Message><Message type="ReplyMessage"><Id>1349115856771-20</Id><Topic><Title>Dell Computer Corporation (DELL)</Title><Username>tishnyh795165</Username><Timestamp>1349107291104</Timestamp><DateTime>Mon, 2012-10-01 12:01:31 EDT</DateTime></Topic><Msg>I just read your article. Impressive.</Msg><Username>jeffreyxyu719</Username><Timestamp>1349115856771</Timestamp><DateTime>Mon, 2012-10-01 14:24:16 EDT</DateTime><ThumbUp>0</ThumbUp><ThumbDown>0</ThumbDown><Sentiment/></Message><Message type="TopicMessage"><Id>1349116331468-21</Id><Title>Such a good setup for rebound. Let us do it. Reversal</Title><Msg>Such a good set-up for rebound Let us do it. Reversal</Msg><Username>king_kim_1</Username><Timestamp>1349116331468</Timestamp><DateTime>Mon, 2012-10-01 14:32:11 EDT</DateTime><ThumbUp>0</ThumbUp><ThumbDown>0</ThumbDown><Sentiment>Strong Buy</Sentiment></Message><Message type="ReplyMessage"><Id>1349116454590-22</Id><Topic><Title>Can DELL drop even more than it has?</Title><Username>vincentbertrand446</Username><Timestamp>1347547269526</Timestamp><DateTime>Thu, 2012-09-13 10:41:09 EDT</DateTime></Topic><Msg>People like you makes Mike Dell (MD) get fat and lazy! Fire MD even he owns 250M shares!</Msg><Username>linfc1</Username><Timestamp>1349116454590</Timestamp><DateTime>Mon, 2012-10-01 14:34:14 EDT</DateTime><ThumbUp>0</ThumbUp><ThumbDown>0</ThumbDown><Sentiment/></Message><Message type="ReplyMessage"><Id>1349117010263-23</Id><Topic><Title>A nickel from year's lowest</Title><Username>mediaikiller</Username><Timestamp>1349113074153</Timestamp><DateTime>Mon, 2012-10-01 13:37:54 EDT</DateTime></Topic><Msg>now, year's lowest. Catching lots of attention</Msg><Username>cameleonman</Username><Timestamp>1349117010263</Timestamp><DateTime>Mon, 2012-10-01 14:43:30 EDT</DateTime><ThumbUp>0</ThumbUp><ThumbDown>0</ThumbDown><Sentiment/></Message><Message type="ReplyMessage"><Id>1349117254867-24</Id><Topic><Title>Dell Computer Corporation (DELL)</Title><Username>tishnyh795165</Username><Timestamp>1349107291104</Timestamp><DateTime>Mon, 2012-10-01 12:01:31 EDT</DateTime></Topic><Msg>Glad you shared this to us.</Msg><Username>anglasrj14019</Username><Timestamp>1349117254867</Timestamp><DateTime>Mon, 2012-10-01 14:47:34 EDT</DateTime><ThumbUp>0</ThumbUp><ThumbDown>1</ThumbDown><Sentiment/></Message><Message type="TopicMessage"><Id>1349117880144-25</Id><Title>DOUBLE BOTTOM IN = BUY NOW FOR UPSIDE FAST!</Title><Msg>load up</Msg><Username>monett4</Username><Timestamp>1349117880144</Timestamp><DateTime>Mon, 2012-10-01 14:58:00 EDT</DateTime><ThumbUp>2</ThumbUp><ThumbDown>0</ThumbDown><Sentiment/></Message><Message type="TopicMessage"><Id>1349117935251-26</Id><Title>Buy American Made</Title><Msg>Computer was discovered in America, manufacturing has been carried out in foreign countries. Now the Chinese, Lenovo, is trying to compete with American PC makers. Don't let this Luis Voutton fake purse like action fool you. Buy Americans!</Msg><Username>cameleonman</Username><Timestamp>1349117935251</Timestamp><DateTime>Mon, 2012-10-01 14:58:55 EDT</DateTime><ThumbUp>0</ThumbUp><ThumbDown>0</ThumbDown><Sentiment/></Message><Message type="ReplyMessage"><Id>1349118465543-27</Id><Topic><Title>Dell Computer Corporation (DELL)</Title><Username>tishnyh795165</Username><Timestamp>1349107291104</Timestamp><DateTime>Mon, 2012-10-01 12:01:31 EDT</DateTime></Topic><Msg>I was really looking for some great news. Now I found it.</Msg><Username>kaneshactx84294</Username><Timestamp>1349118465543</Timestamp><DateTime>Mon, 2012-10-01 15:07:45 EDT</DateTime><ThumbUp>0</ThumbUp><ThumbDown>2</ThumbDown><Sentiment/></Message><Message type="ReplyMessage"><Id>1349118471723-28</Id><Topic><Title>DOUBLE BOTTOM IN = BUY NOW FOR UPSIDE FAST!</Title><Username>monett4</Username><Timestamp>1349117880144</Timestamp><DateTime>Mon, 2012-10-01 14:58:00 EDT</DateTime></Topic><Msg>Loading now</Msg><Username>king_kim_1</Username><Timestamp>1349118471723</Timestamp><DateTime>Mon, 2012-10-01 15:07:51 EDT</DateTime><ThumbUp>0</ThumbUp><ThumbDown>0</ThumbDown><Sentiment>Strong Buy</Sentiment></Message><Message type="ReplyMessage"><Id>1349118666521-29</Id><Topic><Title>DOUBLE BOTTOM IN = BUY NOW FOR UPSIDE FAST!</Title><Username>monett4</Username><Timestamp>1349117880144</Timestamp><DateTime>Mon, 2012-10-01 14:58:00 EDT</DateTime></Topic><Msg>Dell is on every wallstreet news now, hitting a new 52 wks low. Unfair to Dell, investors are comparing a PC maker to Apple, litterally comparing apples to oranges. If they were to compare apple's PC to Dell's PC alone, Dell beats apple hands down. And this Chinese Lenovo's fake Luois Voutton Like PC maker will Bank rupt in a few years, just give it some time.</Msg><Username>cameleonman</Username><Timestamp>1349118666521</Timestamp><DateTime>Mon, 2012-10-01 15:11:06 EDT</DateTime><ThumbUp>1</ThumbUp><ThumbDown>0</ThumbDown><Sentiment/></Message><Message type="ReplyMessage"><Id>1349119887918-30</Id><Topic><Title>Dell Computer Corporation (DELL)</Title><Username>tishnyh795165</Username><Timestamp>1349107291104</Timestamp><DateTime>Mon, 2012-10-01 12:01:31 EDT</DateTime></Topic><Msg>Excellent. I will check it out now.</Msg><Username>leoraejf025405</Username><Timestamp>1349119887918</Timestamp><DateTime>Mon, 2012-10-01 15:31:27 EDT</DateTime><ThumbUp>0</ThumbUp><ThumbDown>0</ThumbDown><Sentiment/></Message><Message type="TopicMessage"><Id>1349121292241-31</Id><Title>DELL should explore a potential sale of the company.</Title><Msg>"BMC Software Inc is exploring a potential sale of the company and has retained Bank of America Merrill Lynch to assist with the strategic review, people familiar with the matter said on Monday." Actually, DELL should explore a potential sale of the company.</Msg><Username>linfc1</Username><Timestamp>1349121292241</Timestamp><DateTime>Mon, 2012-10-01 15:54:52 EDT</DateTime><ThumbUp>0</ThumbUp><ThumbDown>0</ThumbDown><Sentiment/></Message><Message type="ReplyMessage"><Id>1349121814612-32</Id><Topic><Title>Dell Computer Corporation (DELL)</Title><Username>tishnyh795165</Username><Timestamp>1349107291104</Timestamp><DateTime>Mon, 2012-10-01 12:01:31 EDT</DateTime></Topic><Msg>This is what I am waiting for. Thanks for giving out this article for free.</Msg><Username>deenafoc6755</Username><Timestamp>1349121814612</Timestamp><DateTime>Mon, 2012-10-01 16:03:34 EDT</DateTime><ThumbUp>0</ThumbUp><ThumbDown>0</ThumbDown><Sentiment/></Message><Message type="ReplyMessage"><Id>1349121894291-33</Id><Topic><Title>Can DELL drop even more than it has?</Title><Username>vincentbertrand446</Username><Timestamp>1347547269526</Timestamp><DateTime>Thu, 2012-09-13 10:41:09 EDT</DateTime></Topic><Msg>agree dell doesn t have products that would drive the stock 10 folds but M. Dell still generates profits and keep thousands employed. However, I wouldn't go out of my way to start wasting rsearch money on mobile devices. Keep it simple, perhaps build beter PC with projectors that allow internet movie streaming right onto walls or something.</Msg><Username>cameleonman</Username><Timestamp>1349121894291</Timestamp><DateTime>Mon, 2012-10-01 16:04:54 EDT</DateTime><ThumbUp>0</ThumbUp><ThumbDown>0</ThumbDown><Sentiment/></Message><Message type="TopicMessage"><Id>1349122229421-34</Id><Title>9.2 M shares bought at last few minutes, OK they covered at low. Well done!</Title><Msg>9.2 M shares bought at last few minutes, OK they covered at low. Well done!</Msg><Username>king_kim_1</Username><Timestamp>1349122229421</Timestamp><DateTime>Mon, 2012-10-01 16:10:29 EDT</DateTime><ThumbUp>0</ThumbUp><ThumbDown>0</ThumbDown><Sentiment>Strong Buy</Sentiment></Message><Message type="ReplyMessage"><Id>1349125581375-35</Id><Topic><Title>Dell Computer Corporation (DELL)</Title><Username>tishnyh795165</Username><Timestamp>1349107291104</Timestamp><DateTime>Mon, 2012-10-01 12:01:31 EDT</DateTime></Topic><Msg>More more and more articles please.</Msg><Username>graciahsx87364</Username><Timestamp>1349125581375</Timestamp><DateTime>Mon, 2012-10-01 17:06:21 EDT</DateTime><ThumbUp>0</ThumbUp><ThumbDown>1</ThumbDown><Sentiment/></Message><Message type="TopicMessage"><Id>1349126556261-36</Id><Title>Please hire some innovators Dell.</Title><Msg>This company is done in less than 18 months.</Msg><Username>schule7607</Username><Timestamp>1349126556261</Timestamp><DateTime>Mon, 2012-10-01 17:22:36 EDT</DateTime><ThumbUp>0</ThumbUp><ThumbDown>0</ThumbDown><Sentiment/></Message><Message type="TopicMessage"><Id>1349126729447-37</Id><Title>Put a good AMD RADEON in a 17inch laptop with I 5 for 700 dollars and you will sell lots</Title><Msg>I have like 7 different friends looking for a new laptop, we all want Radeons so we can bitcoin mine, you can't do it with sucky NVIDIA and I am tired of both delland HP favoring nvidia, even Lenovo which is dissapointing, if you want to sell some laptops while everyone is waiting on them to come with windows 8 and the Thanksgiving and Christmas sales, put high quality AMD radeons in your 17 inch, even your 15 inch if they will fit, but your Alienware is overkill for somebody that just wants a good Radeon and not Nvidia garbage like everyone else. We are not stupid, you put nvidia in because you can get them cheaper and they are smaller</Msg><Username>classactionlawsuitsonnakedshrts</Username><Timestamp>1349126729447</Timestamp><DateTime>Mon, 2012-10-01 17:25:29 EDT</DateTime><ThumbUp>0</ThumbUp><ThumbDown>0</ThumbDown><Sentiment>Strong Sell</Sentiment></Message><Message type="ReplyMessage"><Id>1349127213885-38</Id><Topic><Title>Dell Computer Corporation (DELL)</Title><Username>tishnyh795165</Username><Timestamp>1349107291104</Timestamp><DateTime>Mon, 2012-10-01 12:01:31 EDT</DateTime></Topic><Msg>I have entered my email address. Waiting for the update.</Msg><Username>maxinepdv548</Username><Timestamp>1349127213885</Timestamp><DateTime>Mon, 2012-10-01 17:33:33 EDT</DateTime><ThumbUp>0</ThumbUp><ThumbDown>0</ThumbDown><Sentiment/></Message><Message type="ReplyMessage"><Id>1349128519914-39</Id><Topic><Title>Dell Computer Corporation (DELL)</Title><Username>tishnyh795165</Username><Timestamp>1349107291104</Timestamp><DateTime>Mon, 2012-10-01 12:01:31 EDT</DateTime></Topic><Msg>Got it. Good job mate.</Msg><Username>danaeyxg331404</Username><Timestamp>1349128519914</Timestamp><DateTime>Mon, 2012-10-01 17:55:19 EDT</DateTime><ThumbUp>0</ThumbUp><ThumbDown>0</ThumbDown><Sentiment/></Message><Message type="TopicMessage"><Id>1349145971600-40</Id><Title>YOUR GETTING.....</Title><Msg>Delled dude bwahahahahahahahahahahahahaha.m dell got his now you dumb followers get to lose your money!! Bwahahahahahahahaha. Dell is done. Strong short!!!!!!!</Msg><Username>nk499</Username><Timestamp>1349145971600</Timestamp><DateTime>Mon, 2012-10-01 22:46:11 EDT</DateTime><ThumbUp>0</ThumbUp><ThumbDown>0</ThumbDown><Sentiment>Strong Sell</Sentiment></Message></Date>