<?xml version="1.0" encoding="UTF-8" standalone="no"?><Date date="2012-12-25"><Message type="TopicMessage"><Id>1356435820689-1</Id><Title>DELL COMPUTERS</Title><Msg>Dell computers SUCK... i have one, it sucks... the compay sucks also... #$%$ poor customer service!!! I hope they go out of business.... I will NEVER buy a dell product, ever!!! oh.. just my opnion... and i dont own the stock... maybe i will short it some day!!!</Msg><Username>cadetfox25</Username><Timestamp>1356435820689</Timestamp><DateTime>Tue, 2012-12-25 06:43:40 EST</DateTime><ThumbUp>1</ThumbUp><ThumbDown>2</ThumbDown><Sentiment/></Message><Message type="ReplyMessage"><Id>1356435855204-2</Id><Topic><Title>DELL COMPUTERS</Title><Username>cadetfox25</Username><Timestamp>1356435820689</Timestamp><DateTime>Tue, 2012-12-25 06:43:40 EST</DateTime></Topic><Msg>what #$%$ is a bad word.... #$%$ off</Msg><Username>cadetfox25</Username><Timestamp>1356435855204</Timestamp><DateTime>Tue, 2012-12-25 06:44:15 EST</DateTime><ThumbUp>1</ThumbUp><ThumbDown>0</ThumbDown><Sentiment/></Message><Message type="ReplyMessage"><Id>1356435923125-3</Id><Topic><Title>DELL COMPUTERS</Title><Username>cadetfox25</Username><Timestamp>1356435820689</Timestamp><DateTime>Tue, 2012-12-25 06:43:40 EST</DateTime></Topic><Msg>YAHOO sucks too!!!</Msg><Username>cadetfox25</Username><Timestamp>1356435923125</Timestamp><DateTime>Tue, 2012-12-25 06:45:23 EST</DateTime><ThumbUp>0</ThumbUp><ThumbDown>0</ThumbDown><Sentiment/></Message></Date>