<?xml version="1.0" encoding="UTF-8" standalone="no"?><Date date="2012-11-09"><Message type="ReplyMessage"><Id>1352493764884-1</Id><Topic><Title>Reasons why DELL is a buy</Title><Username>cameleonman</Username><Timestamp>1352417582451</Timestamp><DateTime>Thu, 2012-11-08 18:33:02 EST</DateTime></Topic><Msg>I think Dell is a buy now and will be fine. They do need to change styling and offerings...Their computers are so generic looking, the Kia of comp's...and overpriced at that.</Msg><Username>denn56k</Username><Timestamp>1352493764884</Timestamp><DateTime>Fri, 2012-11-09 15:42:44 EST</DateTime><ThumbUp>0</ThumbUp><ThumbDown>0</ThumbDown><Sentiment/></Message><Message type="TopicMessage"><Id>1352510788329-2</Id><Title>DELL THE SCHELL...</Title><Msg>is going to 8 then 5 then 00.01</Msg><Username>nk499</Username><Timestamp>1352510788329</Timestamp><DateTime>Fri, 2012-11-09 20:26:28 EST</DateTime><ThumbUp>0</ThumbUp><ThumbDown>0</ThumbDown><Sentiment>Strong Sell</Sentiment></Message></Date>