<?xml version="1.0" encoding="UTF-8" standalone="no"?><Date date="2012-12-27"><Message type="TopicMessage"><Id>1356643469912-1</Id><Title>I still haven't got my dividend.</Title><Msg>Has anyone?</Msg><Username>the_performance100</Username><Timestamp>1356643469912</Timestamp><DateTime>Thu, 2012-12-27 16:24:29 EST</DateTime><ThumbUp>1</ThumbUp><ThumbDown>0</ThumbDown><Sentiment/></Message><Message type="TopicMessage"><Id>1356643482644-2</Id><Title>I still haven't got my dividend.</Title><Msg>Has anyone?</Msg><Username>the_performance100</Username><Timestamp>1356643482644</Timestamp><DateTime>Thu, 2012-12-27 16:24:42 EST</DateTime><ThumbUp>0</ThumbUp><ThumbDown>0</ThumbDown><Sentiment/></Message><Message type="ReplyMessage"><Id>1356650267556-3</Id><Topic><Title>I still haven't got my dividend.</Title><Username>the_performance100</Username><Timestamp>1356643482644</Timestamp><DateTime>Thu, 2012-12-27 16:24:42 EST</DateTime></Topic><Msg>you need to ask this question after Jan 22 2013.</Msg><Username>kalv777</Username><Timestamp>1356650267556</Timestamp><DateTime>Thu, 2012-12-27 18:17:47 EST</DateTime><ThumbUp>0</ThumbUp><ThumbDown>0</ThumbDown><Sentiment/></Message><Message type="ReplyMessage"><Id>1356664581530-4</Id><Topic><Title>I still haven't got my dividend.</Title><Username>the_performance100</Username><Timestamp>1356643469912</Timestamp><DateTime>Thu, 2012-12-27 16:24:29 EST</DateTime></Topic><Msg>it hasn't even beex x div tomorrow</Msg><Username>mj525252</Username><Timestamp>1356664581530</Timestamp><DateTime>Thu, 2012-12-27 22:16:21 EST</DateTime><ThumbUp>1</ThumbUp><ThumbDown>0</ThumbDown><Sentiment>Strong Buy</Sentiment></Message><Message type="ReplyMessage"><Id>1356667918583-5</Id><Topic><Title>I still haven't got my dividend.</Title><Username>the_performance100</Username><Timestamp>1356643469912</Timestamp><DateTime>Thu, 2012-12-27 16:24:29 EST</DateTime></Topic><Msg>No worry. Maybe late due to holiday.</Msg><Username>tasalarzin</Username><Timestamp>1356667918583</Timestamp><DateTime>Thu, 2012-12-27 23:11:58 EST</DateTime><ThumbUp>0</ThumbUp><ThumbDown>0</ThumbDown><Sentiment>Hold</Sentiment></Message><Message type="ReplyMessage"><Id>1356668140142-6</Id><Topic><Title>Dell Announces Intent to Acquire Datacenter Networking Leader Force10 Networks</Title><Username>benitalaverenur9668</Username><Timestamp>1311175853000</Timestamp><DateTime>Wed, 2011-07-20 11:30:53 EDT</DateTime></Topic><Msg>"intent" ? why intent if already signed ?</Msg><Username>tasalarzin</Username><Timestamp>1356668140142</Timestamp><DateTime>Thu, 2012-12-27 23:15:40 EST</DateTime><ThumbUp>0</ThumbUp><ThumbDown>0</ThumbDown><Sentiment>Hold</Sentiment></Message></Date>