<?xml version="1.0" encoding="UTF-8" standalone="no"?><Date date="2012-12-06"><Message type="ReplyMessage"><Id>1354798631954-1</Id><Topic><Title>Special dividened $2.50-3.00 to be declared on Friday....</Title><Username>ossobucco2012</Username><Timestamp>1354729820702</Timestamp><DateTime>Wed, 2012-12-05 12:50:20 EST</DateTime></Topic><Msg>Since Dell's CFO just sold 25000s on 12/3/2012, it can be definitely that special dividend in Dec, 2012 is IMPOSSIBLE!</Msg><Username>linfc1</Username><Timestamp>1354798631954</Timestamp><DateTime>Thu, 2012-12-06 07:57:11 EST</DateTime><ThumbUp>1</ThumbUp><ThumbDown>0</ThumbDown><Sentiment/></Message><Message type="ReplyMessage"><Id>1354805400970-2</Id><Topic><Title>DELL is looking really delicious. Don't miss out on why!</Title><Username>monfortereinaldo</Username><Timestamp>1354796198989</Timestamp><DateTime>Thu, 2012-12-06 07:16:38 EST</DateTime></Topic><Msg>Awesome. This site is free?</Msg><Username>justinsquires246</Username><Timestamp>1354805400970</Timestamp><DateTime>Thu, 2012-12-06 09:50:00 EST</DateTime><ThumbUp>1</ThumbUp><ThumbDown>0</ThumbDown><Sentiment>Hold</Sentiment></Message><Message type="ReplyMessage"><Id>1354809434637-3</Id><Topic><Title>Shake out the unbelievers</Title><Username>daretorollthedice</Username><Timestamp>1354602277314</Timestamp><DateTime>Tue, 2012-12-04 01:24:37 EST</DateTime></Topic><Msg>So no Intelligent responses??</Msg><Username>daretorollthedice</Username><Timestamp>1354809434637</Timestamp><DateTime>Thu, 2012-12-06 10:57:14 EST</DateTime><ThumbUp>1</ThumbUp><ThumbDown>0</ThumbDown><Sentiment/></Message><Message type="ReplyMessage"><Id>1354810102553-4</Id><Topic><Title>Shake out the unbelievers</Title><Username>daretorollthedice</Username><Timestamp>1354602277314</Timestamp><DateTime>Tue, 2012-12-04 01:24:37 EST</DateTime></Topic><Msg>DELL is looking good, on the way up and away.</Msg><Username>king_kim_1</Username><Timestamp>1354810102553</Timestamp><DateTime>Thu, 2012-12-06 11:08:22 EST</DateTime><ThumbUp>0</ThumbUp><ThumbDown>1</ThumbDown><Sentiment/></Message><Message type="ReplyMessage"><Id>1354813472555-5</Id><Topic><Title>Keep confined and unapproachable In Your Dell Inc. profits</Title><Username>marjorie.carrillo45</Username><Timestamp>1353943601727</Timestamp><DateTime>Mon, 2012-11-26 10:26:41 EST</DateTime></Topic><Msg>Good job mate</Msg><Username>ryanlee700</Username><Timestamp>1354813472555</Timestamp><DateTime>Thu, 2012-12-06 12:04:32 EST</DateTime><ThumbUp>0</ThumbUp><ThumbDown>0</ThumbDown><Sentiment/></Message><Message type="ReplyMessage"><Id>1354815519134-6</Id><Topic><Title>Keep confined and unapproachable In Your Dell Inc. profits</Title><Username>marjorie.carrillo45</Username><Timestamp>1353943601727</Timestamp><DateTime>Mon, 2012-11-26 10:26:41 EST</DateTime></Topic><Msg>Good job mate</Msg><Username>ryanlee700</Username><Timestamp>1354815519134</Timestamp><DateTime>Thu, 2012-12-06 12:38:39 EST</DateTime><ThumbUp>0</ThumbUp><ThumbDown>0</ThumbDown><Sentiment/></Message><Message type="ReplyMessage"><Id>1354821413775-7</Id><Topic><Title>DELL is looking really delicious. Don't miss out on why!</Title><Username>monfortereinaldo</Username><Timestamp>1354796198989</Timestamp><DateTime>Thu, 2012-12-06 07:16:38 EST</DateTime></Topic><Msg>Wow. I was looking for this one. Confused it with another site. Thanks.</Msg><Username>mark.powers86</Username><Timestamp>1354821413775</Timestamp><DateTime>Thu, 2012-12-06 14:16:53 EST</DateTime><ThumbUp>0</ThumbUp><ThumbDown>0</ThumbDown><Sentiment>Hold</Sentiment></Message><Message type="TopicMessage"><Id>1354823292710-8</Id><Title>BUY NOW FOR 20 TARGET!!</Title><Msg>yeah gonna double!!</Msg><Username>monett4</Username><Timestamp>1354823292710</Timestamp><DateTime>Thu, 2012-12-06 14:48:12 EST</DateTime><ThumbUp>3</ThumbUp><ThumbDown>1</ThumbDown><Sentiment/></Message><Message type="TopicMessage"><Id>1354831776157-9</Id><Title>lower and lower and lower as the pumps</Title><Msg>get harder and harder</Msg><Username>stinkee_stinkee_ho_hum</Username><Timestamp>1354831776157</Timestamp><DateTime>Thu, 2012-12-06 17:09:36 EST</DateTime><ThumbUp>0</ThumbUp><ThumbDown>1</ThumbDown><Sentiment/></Message><Message type="ReplyMessage"><Id>1354831836352-10</Id><Topic><Title>lower and lower and lower as the pumps</Title><Username>stinkee_stinkee_ho_hum</Username><Timestamp>1354831776157</Timestamp><DateTime>Thu, 2012-12-06 17:09:36 EST</DateTime></Topic><Msg>true now that the special dividend "bedtime story" is over !!</Msg><Username>your_gal_loves_my_viagra</Username><Timestamp>1354831836352</Timestamp><DateTime>Thu, 2012-12-06 17:10:36 EST</DateTime><ThumbUp>0</ThumbUp><ThumbDown>1</ThumbDown><Sentiment/></Message><Message type="ReplyMessage"><Id>1354832953580-11</Id><Topic><Title>Shake out the unbelievers</Title><Username>daretorollthedice</Username><Timestamp>1354602277314</Timestamp><DateTime>Tue, 2012-12-04 01:24:37 EST</DateTime></Topic><Msg>Couldn't agree more. Regret not load more at bottom.</Msg><Username>s_anyi</Username><Timestamp>1354832953580</Timestamp><DateTime>Thu, 2012-12-06 17:29:13 EST</DateTime><ThumbUp>0</ThumbUp><ThumbDown>0</ThumbDown><Sentiment>Strong Buy</Sentiment></Message></Date>