<?xml version="1.0" encoding="UTF-8" standalone="no"?><Date date="2012-11-13"><Message type="ReplyMessage"><Id>1352792063385-1</Id><Topic><Title>Short HPQ Buy DELL on EPS this Thursday and DELL Greater Buyout By Oracle, MFST, or GOOG!</Title><Username>citioec</Username><Timestamp>1352742709821</Timestamp><DateTime>Mon, 2012-11-12 12:51:49 EST</DateTime></Topic><Msg>YOU ARE AN IMBECILE!!!!!!!!!!!!</Msg><Username>nk499</Username><Timestamp>1352792063385</Timestamp><DateTime>Tue, 2012-11-13 02:34:23 EST</DateTime><ThumbUp>1</ThumbUp><ThumbDown>0</ThumbDown><Sentiment>Strong Sell</Sentiment></Message><Message type="ReplyMessage"><Id>1352792110301-2</Id><Topic><Title>Short HPQ Buy DELL on EPS this Thursday and DELL Greater Buyout By Oracle, MFST, or GOOG!</Title><Username>citioec</Username><Timestamp>1352742709821</Timestamp><DateTime>Mon, 2012-11-12 12:51:49 EST</DateTime></Topic><Msg>AND YOU ARE AN IDIOT!!!!!!!!!!!!!!!!!</Msg><Username>nk499</Username><Timestamp>1352792110301</Timestamp><DateTime>Tue, 2012-11-13 02:35:10 EST</DateTime><ThumbUp>1</ThumbUp><ThumbDown>0</ThumbDown><Sentiment>Strong Sell</Sentiment></Message><Message type="TopicMessage"><Id>1352811093608-3</Id><Title>Buy Low Sell Higher After EPS POP Thursday AHrs.! $10</Title><Msg>Watch!! $10</Msg><Username>syn1828</Username><Timestamp>1352811093608</Timestamp><DateTime>Tue, 2012-11-13 07:51:33 EST</DateTime><ThumbUp>0</ThumbUp><ThumbDown>0</ThumbDown><Sentiment/></Message><Message type="TopicMessage"><Id>1352811130806-4</Id><Title>$10 Soon EPS Reports Thursday Coming!!</Title><Msg>Yup!!</Msg><Username>ekincheng1828</Username><Timestamp>1352811130806</Timestamp><DateTime>Tue, 2012-11-13 07:52:10 EST</DateTime><ThumbUp>0</ThumbUp><ThumbDown>0</ThumbDown><Sentiment/></Message><Message type="TopicMessage"><Id>1352811507735-5</Id><Title>Dell Reports Thursday Evening Where is our Run-Up No Run-Up We Go to $10 After Hrs.!!</Title><Msg>They have to report something good</Msg><Username>citioec</Username><Timestamp>1352811507735</Timestamp><DateTime>Tue, 2012-11-13 07:58:27 EST</DateTime><ThumbUp>0</ThumbUp><ThumbDown>0</ThumbDown><Sentiment/></Message><Message type="TopicMessage"><Id>1352811736762-6</Id><Title>DELL is atleast a $13 Stock, $4Billion Cash Come on! They area Target to Be Bought Lenovo, Oracle, MSFT</Title><Msg>Not HPQ</Msg><Username>fuhcitichien</Username><Timestamp>1352811736762</Timestamp><DateTime>Tue, 2012-11-13 08:02:16 EST</DateTime><ThumbUp>0</ThumbUp><ThumbDown>0</ThumbDown><Sentiment/></Message><Message type="TopicMessage"><Id>1352811922525-7</Id><Title>Get Ready for Dell $9.60's Again Earnings Run-Up then We Trend Higher End Year!</Title><Msg>Yup!!</Msg><Username>webyufuibf</Username><Timestamp>1352811922525</Timestamp><DateTime>Tue, 2012-11-13 08:05:22 EST</DateTime><ThumbUp>0</ThumbUp><ThumbDown>0</ThumbDown><Sentiment/></Message><Message type="TopicMessage"><Id>1352819588010-8</Id><Title>$10.00 Soon Ready to Bounce and Go Higher into Yrs. End!</Title><Msg>Shorts Better Cover for Tax Losses U Will Hit $10!!</Msg><Username>webyufuibf</Username><Timestamp>1352819588010</Timestamp><DateTime>Tue, 2012-11-13 10:13:08 EST</DateTime><ThumbUp>0</ThumbUp><ThumbDown>0</ThumbDown><Sentiment/></Message><Message type="TopicMessage"><Id>1352819889319-9</Id><Title>Buy Buy Buy DELL $4 Billion NET CASH and Paying A DIVY to Wait for $12 Soon!</Title><Msg>Watch!!</Msg><Username>syn1828</Username><Timestamp>1352819889319</Timestamp><DateTime>Tue, 2012-11-13 10:18:09 EST</DateTime><ThumbUp>0</ThumbUp><ThumbDown>0</ThumbDown><Sentiment/></Message><Message type="TopicMessage"><Id>1352823023311-10</Id><Title>Bottomed out, Dell will shoot $11 after earnings</Title><Msg>Unveiling of the new laptops with touchpad capabilities-- Windows 8 baby!</Msg><Username>cameleonman</Username><Timestamp>1352823023311</Timestamp><DateTime>Tue, 2012-11-13 11:10:23 EST</DateTime><ThumbUp>0</ThumbUp><ThumbDown>0</ThumbDown><Sentiment>Strong Buy</Sentiment></Message><Message type="TopicMessage"><Id>1352823224121-11</Id><Title>LOAD UP AHEAD OF ERNS UPSIDE! 18+++ TARGET!!</Title><Msg>yes, gonna double!</Msg><Username>monett4</Username><Timestamp>1352823224121</Timestamp><DateTime>Tue, 2012-11-13 11:13:44 EST</DateTime><ThumbUp>0</ThumbUp><ThumbDown>0</ThumbDown><Sentiment/></Message><Message type="TopicMessage"><Id>1352823611396-12</Id><Title>Great Info on AVXL</Title><Msg>AVXL has a history of making VERY nice gains 20-50% in short time frames it fly's on any type of catalyst whatsoever. AVXL is now trading 65% off of its 52 week highs and I believe a major promotion is underway.</Msg><Username>joycelynpbip57568</Username><Timestamp>1352823611396</Timestamp><DateTime>Tue, 2012-11-13 11:20:11 EST</DateTime><ThumbUp>0</ThumbUp><ThumbDown>0</ThumbDown><Sentiment/></Message><Message type="TopicMessage"><Id>1352824865821-13</Id><Title>who are the smart ones that sell at historic low?</Title><Msg>Still profiting, pe of 5.5, and billions in cash. Very smart move to sell at this level. Wait til this baby rally to $15, then they will start buying again. Lemnings, always followers never leaders.</Msg><Username>cameleonman</Username><Timestamp>1352824865821</Timestamp><DateTime>Tue, 2012-11-13 11:41:05 EST</DateTime><ThumbUp>1</ThumbUp><ThumbDown>0</ThumbDown><Sentiment/></Message><Message type="TopicMessage"><Id>1352825239739-14</Id><Title>Dell will end up just like</Title><Msg>GATEWAY COMPUTERS !</Msg><Username>hit_il_big2002</Username><Timestamp>1352825239739</Timestamp><DateTime>Tue, 2012-11-13 11:47:19 EST</DateTime><ThumbUp>0</ThumbUp><ThumbDown>0</ThumbDown><Sentiment/></Message><Message type="ReplyMessage"><Id>1352825370180-15</Id><Topic><Title>who are the smart ones that sell at historic low?</Title><Username>cameleonman</Username><Timestamp>1352824865821</Timestamp><DateTime>Tue, 2012-11-13 11:41:05 EST</DateTime></Topic><Msg>dell in middle east and africa.</Msg><Username>smalakouti</Username><Timestamp>1352825370180</Timestamp><DateTime>Tue, 2012-11-13 11:49:30 EST</DateTime><ThumbUp>0</ThumbUp><ThumbDown>0</ThumbDown><Sentiment/></Message><Message type="ReplyMessage"><Id>1352828621022-16</Id><Topic><Title>who are the smart ones that sell at historic low?</Title><Username>cameleonman</Username><Timestamp>1352824865821</Timestamp><DateTime>Tue, 2012-11-13 11:41:05 EST</DateTime></Topic><Msg>Barclay the basher is stealing your cheap shares. Tablets will die in a few years, once Windows 8 generate combo laptop/tablet, just like msft "surface" except these laptops will be better, tablets will be the thing of the past</Msg><Username>cameleonman</Username><Timestamp>1352828621022</Timestamp><DateTime>Tue, 2012-11-13 12:43:41 EST</DateTime><ThumbUp>1</ThumbUp><ThumbDown>0</ThumbDown><Sentiment/></Message><Message type="TopicMessage"><Id>1352829078767-17</Id><Title>Windows 8 will kill tablets</Title><Msg>Who wants to spend $200-600 buying a tablet without keyboard where you can't do any real work except surf the net and play games, when they can spend $600-1000 on a laptop that allows them to use for real work and play games/movies at the same time? The new DELL windows 8 laptop will have touchpads with keyboards. The laptop screen can be swiveled 180 degree which the unit can be used like touchpad OR the keyboard can be flipped to the back of the screen. Barclay is a group of liars, #$%$ of the earth trying to manipulate and steal your shares at ridiculously low price.</Msg><Username>cameleonman</Username><Timestamp>1352829078767</Timestamp><DateTime>Tue, 2012-11-13 12:51:18 EST</DateTime><ThumbUp>0</ThumbUp><ThumbDown>0</ThumbDown><Sentiment/></Message><Message type="ReplyMessage"><Id>1352829407155-18</Id><Topic><Title>Windows 8 will kill tablets</Title><Username>cameleonman</Username><Timestamp>1352829078767</Timestamp><DateTime>Tue, 2012-11-13 12:51:18 EST</DateTime></Topic><Msg>Barclay is probably stuck with billions invested in Tablets, like Google kindle and apple's ipad-- both as we see are begining to tank.</Msg><Username>cameleonman</Username><Timestamp>1352829407155</Timestamp><DateTime>Tue, 2012-11-13 12:56:47 EST</DateTime><ThumbUp>0</ThumbUp><ThumbDown>0</ThumbDown><Sentiment/></Message><Message type="ReplyMessage"><Id>1352829622460-19</Id><Topic><Title>Windows 8 will kill tablets</Title><Username>cameleonman</Username><Timestamp>1352829078767</Timestamp><DateTime>Tue, 2012-11-13 12:51:18 EST</DateTime></Topic><Msg>Msft 'surface' is the first version of this laptop. It's user friendly but looks a bit like frankenstein with leg stands and detachable keyboard (without feel). The newer versions will be slick and even more user friendly.</Msg><Username>cameleonman</Username><Timestamp>1352829622460</Timestamp><DateTime>Tue, 2012-11-13 13:00:22 EST</DateTime><ThumbUp>0</ThumbUp><ThumbDown>0</ThumbDown><Sentiment/></Message><Message type="ReplyMessage"><Id>1352829857995-20</Id><Topic><Title>Windows 8 will kill tablets</Title><Username>cameleonman</Username><Timestamp>1352829078767</Timestamp><DateTime>Tue, 2012-11-13 12:51:18 EST</DateTime></Topic><Msg>msft should just buy DELL for 30 billions (20/sh) and become the biggest software/hardware company in the world-- then dominate the market it once did.</Msg><Username>cameleonman</Username><Timestamp>1352829857995</Timestamp><DateTime>Tue, 2012-11-13 13:04:17 EST</DateTime><ThumbUp>0</ThumbUp><ThumbDown>0</ThumbDown><Sentiment/></Message><Message type="TopicMessage"><Id>1352836231944-21</Id><Title>Dell is under attack by shorts</Title><Msg>Look at those sharp falls! Heavily manipulated and shorted-- they are scared taht they may have to cover in 15's.</Msg><Username>philip_le58104</Username><Timestamp>1352836231944</Timestamp><DateTime>Tue, 2012-11-13 14:50:31 EST</DateTime><ThumbUp>0</ThumbUp><ThumbDown>0</ThumbDown><Sentiment/></Message><Message type="TopicMessage"><Id>1352836625266-22</Id><Title>Dell=Nokia=blackberry can't beat aapl.....</Title><Msg>Nothing to do ,just sit and looks how it goes to6</Msg><Username>babajon5babajon5</Username><Timestamp>1352836625266</Timestamp><DateTime>Tue, 2012-11-13 14:57:05 EST</DateTime><ThumbUp>0</ThumbUp><ThumbDown>0</ThumbDown><Sentiment>Sell</Sentiment></Message><Message type="TopicMessage"><Id>1352836763461-23</Id><Title>Pop Pop Dell Running $9.47!!!!! Hurry EPS Run-Up To Thursday $9.6!!!!!!</Title><Msg>Hurrry! $11 Soon!</Msg><Username>fuhcitichien</Username><Timestamp>1352836763461</Timestamp><DateTime>Tue, 2012-11-13 14:59:23 EST</DateTime><ThumbUp>0</ThumbUp><ThumbDown>0</ThumbDown><Sentiment/></Message><Message type="ReplyMessage"><Id>1352837312086-24</Id><Topic><Title>Dell is under attack by shorts</Title><Username>philip_le58104</Username><Timestamp>1352836231944</Timestamp><DateTime>Tue, 2012-11-13 14:50:31 EST</DateTime></Topic><Msg>they are trying hard to keep it down. Blowout coming.</Msg><Username>philip_le58104</Username><Timestamp>1352837312086</Timestamp><DateTime>Tue, 2012-11-13 15:08:32 EST</DateTime><ThumbUp>0</ThumbUp><ThumbDown>0</ThumbDown><Sentiment/></Message><Message type="ReplyMessage"><Id>1352851915218-25</Id><Topic><Title>Windows 8 will kill tablets</Title><Username>cameleonman</Username><Timestamp>1352829078767</Timestamp><DateTime>Tue, 2012-11-13 12:51:18 EST</DateTime></Topic><Msg>run up to 10 by thursday, then AH's content of Dell conference call will rally to 11 on Friday. It will be a good pre-Thanksgiving gift to us longs.</Msg><Username>cameleonman</Username><Timestamp>1352851915218</Timestamp><DateTime>Tue, 2012-11-13 19:11:55 EST</DateTime><ThumbUp>0</ThumbUp><ThumbDown>0</ThumbDown><Sentiment/></Message></Date>