<?xml version="1.0" encoding="UTF-8" standalone="no"?><Date date="2012-11-02"><Message type="TopicMessage"><Id>1351851659942-1</Id><Title>Obama gutting PC sales. He is a disaster.</Title><Msg>People can hardly afford gas and food. Those funds could be going towards buying a new PC.</Msg><Username>weightbayou</Username><Timestamp>1351851659942</Timestamp><DateTime>Fri, 2012-11-02 06:20:59 EDT</DateTime><ThumbUp>0</ThumbUp><ThumbDown>1</ThumbDown><Sentiment/></Message><Message type="TopicMessage"><Id>1351861092826-2</Id><Title>Hurry Up load Up Dell=$10 soon EPS Will Run Stock Up and After into Holiday Season!!</Title><Msg>Yup!!</Msg><Username>syn1828</Username><Timestamp>1351861092826</Timestamp><DateTime>Fri, 2012-11-02 08:58:12 EDT</DateTime><ThumbUp>0</ThumbUp><ThumbDown>0</ThumbDown><Sentiment/></Message><Message type="TopicMessage"><Id>1351861160378-3</Id><Title>$12 By End Year 30% Run+ Comoing in Dell. First EPS then Dividend Payment!!</Title><Msg>YUp!!</Msg><Username>citioec</Username><Timestamp>1351861160378</Timestamp><DateTime>Fri, 2012-11-02 08:59:20 EDT</DateTime><ThumbUp>1</ThumbUp><ThumbDown>0</ThumbDown><Sentiment/></Message><Message type="TopicMessage"><Id>1351861232024-4</Id><Title>Dell has $4 Billion Cash Hoard! Also Windows 8 Selling Machines into Holiday and Divy Yield 4% .32!!!!</Title><Msg>Yup!!</Msg><Username>webyufuibf</Username><Timestamp>1351861232024</Timestamp><DateTime>Fri, 2012-11-02 09:00:32 EDT</DateTime><ThumbUp>0</ThumbUp><ThumbDown>0</ThumbDown><Sentiment/></Message><Message type="ReplyMessage"><Id>1351866272047-5</Id><Topic><Title>$12 By End Year 30% Run+ Comoing in Dell. First EPS then Dividend Payment!!</Title><Username>citioec</Username><Timestamp>1351861160378</Timestamp><DateTime>Fri, 2012-11-02 08:59:20 EDT</DateTime></Topic><Msg>Buddy this junk is stuck in a major down trend. Dividend is puny and easily wiped out by continued losses in the price of the stock. This company won't be around in a few years IMO.</Msg><Username>bobwins_o_phile</Username><Timestamp>1351866272047</Timestamp><DateTime>Fri, 2012-11-02 10:24:32 EDT</DateTime><ThumbUp>0</ThumbUp><ThumbDown>1</ThumbDown><Sentiment/></Message><Message type="TopicMessage"><Id>1351869020928-6</Id><Title>Buy Up Some BBY Call Options $19-$21 BBY Buyout Soon in 2 weeks!! $22!</Title><Msg>Yup!!</Msg><Username>fuhcitichien</Username><Timestamp>1351869020928</Timestamp><DateTime>Fri, 2012-11-02 11:10:20 EDT</DateTime><ThumbUp>0</ThumbUp><ThumbDown>0</ThumbDown><Sentiment/></Message><Message type="TopicMessage"><Id>1351869809893-7</Id><Title>Word- Up BBY Byout Soon 2 weeks into Black Friday Schulzew Offers $10 Billion!! $24 shares!!</Title><Msg>YUp!!</Msg><Username>citioec</Username><Timestamp>1351869809893</Timestamp><DateTime>Fri, 2012-11-02 11:23:29 EDT</DateTime><ThumbUp>0</ThumbUp><ThumbDown>0</ThumbDown><Sentiment/></Message><Message type="ReplyMessage"><Id>1351871149498-8</Id><Topic><Title>$12 By End Year 30% Run+ Comoing in Dell. First EPS then Dividend Payment!!</Title><Username>citioec</Username><Timestamp>1351861160378</Timestamp><DateTime>Fri, 2012-11-02 08:59:20 EDT</DateTime></Topic><Msg>$11 is more realistic if Obama is relected</Msg><Username>duchuy68</Username><Timestamp>1351871149498</Timestamp><DateTime>Fri, 2012-11-02 11:45:49 EDT</DateTime><ThumbUp>1</ThumbUp><ThumbDown>0</ThumbDown><Sentiment>Hold</Sentiment></Message><Message type="TopicMessage"><Id>1351880346255-9</Id><Title>Sell Your SELL Shares PickUp Some BBY For A buyout Opportunity Shuzle Offering $24 Share Soon@</Title><Msg>His 60 days is up to make an offer since 8/27/12!!</Msg><Username>webyufuibf</Username><Timestamp>1351880346255</Timestamp><DateTime>Fri, 2012-11-02 14:19:06 EDT</DateTime><ThumbUp>0</ThumbUp><ThumbDown>0</ThumbDown><Sentiment/></Message><Message type="ReplyMessage"><Id>1351884009765-10</Id><Topic><Title>$12 By End Year 30% Run+ Comoing in Dell. First EPS then Dividend Payment!!</Title><Username>citioec</Username><Timestamp>1351861160378</Timestamp><DateTime>Fri, 2012-11-02 08:59:20 EDT</DateTime></Topic><Msg>what does obama have to do with it?</Msg><Username>maestro1up</Username><Timestamp>1351884009765</Timestamp><DateTime>Fri, 2012-11-02 15:20:09 EDT</DateTime><ThumbUp>0</ThumbUp><ThumbDown>0</ThumbDown><Sentiment/></Message><Message type="TopicMessage"><Id>1351906181210-11</Id><Title>DELL IS A ...</Title><Msg>SHORT ALL THE WAY DOWN TO $1 THEN MOVE ON!!</Msg><Username>nk499</Username><Timestamp>1351906181210</Timestamp><DateTime>Fri, 2012-11-02 21:29:41 EDT</DateTime><ThumbUp>0</ThumbUp><ThumbDown>1</ThumbDown><Sentiment>Strong Sell</Sentiment></Message><Message type="ReplyMessage"><Id>1351910563547-12</Id><Topic><Title>DELL IS A ...</Title><Username>nk499</Username><Timestamp>1351906181210</Timestamp><DateTime>Fri, 2012-11-02 21:29:41 EDT</DateTime></Topic><Msg>like you have money...nice try....</Msg><Username>maestro1up</Username><Timestamp>1351910563547</Timestamp><DateTime>Fri, 2012-11-02 22:42:43 EDT</DateTime><ThumbUp>1</ThumbUp><ThumbDown>1</ThumbDown><Sentiment/></Message></Date>