<?xml version="1.0" encoding="UTF-8" standalone="no"?><Date date="2013-05-06"><Message type="ReplyMessage"><Id>1367843436604-1</Id><Topic><Title>DELL DOWNGRADED TO AVOID $3 TARGET PC MARKET COLLAPSE</Title><Username>nasdaqczar2</Username><Timestamp>1365691626521</Timestamp><DateTime>Thu, 2013-04-11 10:47:06 EDT</DateTime></Topic><Msg>i think all deals fall apart and the stock heads to single digits quickly eom</Msg><Username>goldmansuxtrader</Username><Timestamp>1367843436604</Timestamp><DateTime>Mon, 2013-05-06 08:30:36 EDT</DateTime><ThumbUp>0</ThumbUp><ThumbDown>0</ThumbDown><Sentiment>Strong Sell</Sentiment></Message><Message type="TopicMessage"><Id>1367861020756-2</Id><Title>What is going on with DELL?</Title><Msg>I cannot get them to ship my Alienware pc that I ordered in March!! They keep delaying it week after week. I called and asked why and the Indian tech support is useless and just tell me the new order date which has come and gone 4 times with no shipment. Considering how poor PC sales are I cannot understand how you can fail to ship the few orders you do have.</Msg><Username>greymattermatters</Username><Timestamp>1367861020756</Timestamp><DateTime>Mon, 2013-05-06 13:23:40 EDT</DateTime><ThumbUp>0</ThumbUp><ThumbDown>0</ThumbDown><Sentiment/></Message><Message type="TopicMessage"><Id>1367868339359-3</Id><Title>DEAL!!</Title><Msg>We all understand there is NO deal coming , correct?</Msg><Username>joeyd72</Username><Timestamp>1367868339359</Timestamp><DateTime>Mon, 2013-05-06 15:25:39 EDT</DateTime><ThumbUp>1</ThumbUp><ThumbDown>0</ThumbDown><Sentiment/></Message></Date>