<?xml version="1.0" encoding="UTF-8" standalone="no"?><Date date="2013-06-07"><Message type="TopicMessage"><Id>1370609775254-1</Id><Title>All of the tech indicators are pointing to a bull run in MISM</Title><Msg>Hearing a rumor that MISM is about to get pumped</Msg><Username>gfry679</Username><Timestamp>1370609775254</Timestamp><DateTime>Fri, 2013-06-07 08:56:15 EDT</DateTime><ThumbUp>1</ThumbUp><ThumbDown>2</ThumbDown><Sentiment/></Message><Message type="ReplyMessage"><Id>1370610292017-2</Id><Topic><Title>MISM is the next big gainer</Title><Username>rworkman979</Username><Timestamp>1370449670539</Timestamp><DateTime>Wed, 2013-06-05 12:27:50 EDT</DateTime></Topic><Msg>Thanks for sharing out this</Msg><Username>angelzamora528</Username><Timestamp>1370610292017</Timestamp><DateTime>Fri, 2013-06-07 09:04:52 EDT</DateTime><ThumbUp>0</ThumbUp><ThumbDown>1</ThumbDown><Sentiment/></Message><Message type="TopicMessage"><Id>1370617622990-3</Id><Title>I think MISM is about to go to $1+</Title><Msg>The RSI on MISM makes me think it is about to take off. Do some DD on MISM</Msg><Username>alexander.beck495</Username><Timestamp>1370617622990</Timestamp><DateTime>Fri, 2013-06-07 11:07:02 EDT</DateTime><ThumbUp>0</ThumbUp><ThumbDown>1</ThumbDown><Sentiment/></Message><Message type="TopicMessage"><Id>1370622465915-4</Id><Title>July dividend?</Title><Msg>Will Dell pay an 8 cent dividend in July? I haven't seen anything annoucning it yet. Thanks.</Msg><Username>fastcolor</Username><Timestamp>1370622465915</Timestamp><DateTime>Fri, 2013-06-07 12:27:45 EDT</DateTime><ThumbUp>0</ThumbUp><ThumbDown>0</ThumbDown><Sentiment/></Message><Message type="TopicMessage"><Id>1370627026956-5</Id><Title>It's clear to me that DELL shareholders don't understand investing.</Title><Msg>Who buys this #$%$ in the first place? Absolutely no growth in stock price and the option market is nonexistant for DELL. Pathetic!</Msg><Username>schule7607</Username><Timestamp>1370627026956</Timestamp><DateTime>Fri, 2013-06-07 13:43:46 EDT</DateTime><ThumbUp>1</ThumbUp><ThumbDown>0</ThumbDown><Sentiment/></Message><Message type="TopicMessage"><Id>1370630536386-6</Id><Title>Fund manager charged with insider trading in Dell</Title><Msg>Fund manager charged with insider trading in Dell The Securities and Exchange Commission on Friday charged a former fund manager and a wealth management company, Whittier Trust Co., with allegedly trading on insider information in Dell DELL +0.15% and Nvidia Corp. NVDA +1.23% . The SEC alleges that former fund manager Victor Dosti used non-public information obtained from employees at Dell and Nvidia to trade in advance of five quarterly earnings announcements in 2008, 2009 and 2010. He allegedly obtained profits and avoided losses of more than $475,000 for Whittier Trust funds, the SEC alleges</Msg><Username>buffetmunger</Username><Timestamp>1370630536386</Timestamp><DateTime>Fri, 2013-06-07 14:42:16 EDT</DateTime><ThumbUp>0</ThumbUp><ThumbDown>0</ThumbDown><Sentiment/></Message><Message type="TopicMessage"><Id>1370655470489-7</Id><Title>ORCL-DELL Partnership</Title><Msg>Is ORCL going to dump their x86 server lines if the recently announced deal with DELL plays out well? What can ORCL do with x86 better than DELL can?</Msg><Username>blackoutbuzz</Username><Timestamp>1370655470489</Timestamp><DateTime>Fri, 2013-06-07 21:37:50 EDT</DateTime><ThumbUp>0</ThumbUp><ThumbDown>1</ThumbDown><Sentiment/></Message></Date>