<?xml version="1.0" encoding="UTF-8" standalone="no"?><Date date="2013-06-26"><Message type="TopicMessage"><Id>1372249911171-1</Id><Title>henry ford and micheal dell</Title><Msg>saw a show yesterday how henry ford regained control of his company by showing it was going down the tubes while his son was in charge interesting this seems to be the same type of twist on dieing pcs story</Msg><Username>eeekiiik</Username><Timestamp>1372249911171</Timestamp><DateTime>Wed, 2013-06-26 08:31:51 EDT</DateTime><ThumbUp>0</ThumbUp><ThumbDown>0</ThumbDown><Sentiment/></Message><Message type="TopicMessage"><Id>1372265052584-2</Id><Title>No one is taking a billionaire serious</Title><Msg>funny not even a 2 cent gain.</Msg><Username>loboosh</Username><Timestamp>1372265052584</Timestamp><DateTime>Wed, 2013-06-26 12:44:12 EDT</DateTime><ThumbUp>0</ThumbUp><ThumbDown>0</ThumbDown><Sentiment/></Message><Message type="ReplyMessage"><Id>1372278491625-3</Id><Topic><Title>Sunday NYT article</Title><Username>flakjacket999</Username><Timestamp>1372176799288</Timestamp><DateTime>Tue, 2013-06-25 12:13:19 EDT</DateTime></Topic><Msg>Who cares ? The deal gets done on price. Value is what the winner receives.Only lawyers could come up with that kind of BS. The shareholders will vote or not vote for a sale at the appropriate time. Dell is yesterday's newspaper.</Msg><Username>fabricone1</Username><Timestamp>1372278491625</Timestamp><DateTime>Wed, 2013-06-26 16:28:11 EDT</DateTime><ThumbUp>0</ThumbUp><ThumbDown>1</ThumbDown><Sentiment/></Message></Date>