<?xml version="1.0" encoding="UTF-8" standalone="no"?><Date date="2013-05-30"><Message type="TopicMessage"><Id>1369954763168-1</Id><Title>why i make money! stacks</Title><Msg>i buy picks only from wallstreetotc! you can google it and sign up! i made over 300% gains this month from them, its so easy for me because im a trader C*</Msg><Username>ribyklooner</Username><Timestamp>1369954763168</Timestamp><DateTime>Thu, 2013-05-30 18:59:23 EDT</DateTime><ThumbUp>7</ThumbUp><ThumbDown>0</ThumbDown><Sentiment>Strong Sell</Sentiment></Message><Message type="ReplyMessage"><Id>1369962867522-2</Id><Topic><Title>why i make money! stacks</Title><Username>ribyklooner</Username><Timestamp>1369954763168</Timestamp><DateTime>Thu, 2013-05-30 18:59:23 EDT</DateTime></Topic><Msg>i signed up</Msg><Username>booyink</Username><Timestamp>1369962867522</Timestamp><DateTime>Thu, 2013-05-30 21:14:27 EDT</DateTime><ThumbUp>0</ThumbUp><ThumbDown>0</ThumbDown><Sentiment/></Message></Date>