<?xml version="1.0" encoding="UTF-8" standalone="no"?><Date date="2013-06-14"><Message type="TopicMessage"><Id>1371216888234-1</Id><Title>LOL!!!!!</Title><Msg>this stock is like watching dead money buy a CD</Msg><Username>jgiled</Username><Timestamp>1371216888234</Timestamp><DateTime>Fri, 2013-06-14 09:34:48 EDT</DateTime><ThumbUp>0</ThumbUp><ThumbDown>1</ThumbDown><Sentiment/></Message><Message type="ReplyMessage"><Id>1371219173532-2</Id><Topic><Title>If I'm going to be stuck unemployed and as a loser I might as well do it</Title><Username>ali_thompson89</Username><Timestamp>1371168583144</Timestamp><DateTime>Thu, 2013-06-13 20:09:43 EDT</DateTime></Topic><Msg>Sounds like you need someone to talk to, any way you can message me?</Msg><Username>cmglennon12</Username><Timestamp>1371219173532</Timestamp><DateTime>Fri, 2013-06-14 10:12:53 EDT</DateTime><ThumbUp>0</ThumbUp><ThumbDown>0</ThumbDown><Sentiment/></Message><Message type="ReplyMessage"><Id>1371226250837-3</Id><Topic><Title>You want in?</Title><Username>calebhaley159</Username><Timestamp>1371129336592</Timestamp><DateTime>Thu, 2013-06-13 09:15:36 EDT</DateTime></Topic><Msg>I am buying this now</Msg><Username>mossalex731</Username><Timestamp>1371226250837</Timestamp><DateTime>Fri, 2013-06-14 12:10:50 EDT</DateTime><ThumbUp>0</ThumbUp><ThumbDown>0</ThumbDown><Sentiment/></Message><Message type="TopicMessage"><Id>1371236520457-4</Id><Title>Good riddance Icahn</Title><Msg>He can't get the money. Sure the cash flow is great, but it is a declining cash flow, but Dell and his guys can squeeze out a little value at $13.65 borrowing at low rates. If you buy at $13.40 you get $25 cents in cap gains and $8 cent in dividend = 33 cents profit. That is around a 2.4% profit less 0.1% transaction cost for holding a stock for 35 to 45 days. Annualized over 20% return.</Msg><Username>motownmike</Username><Timestamp>1371236520457</Timestamp><DateTime>Fri, 2013-06-14 15:02:00 EDT</DateTime><ThumbUp>0</ThumbUp><ThumbDown>0</ThumbDown><Sentiment/></Message><Message type="ReplyMessage"><Id>1371253188549-5</Id><Topic><Title>Good riddance Icahn</Title><Username>motownmike</Username><Timestamp>1371236520457</Timestamp><DateTime>Fri, 2013-06-14 15:02:00 EDT</DateTime></Topic><Msg>He's better off not getting the money. I have been buying dell computers for 10 years. I ordered the fps 15 last week. It came and had software problems so they agreed to send another one out. This one also had software problems and didn't have the Office Professional software on it that I had paid for. This company is done. Sell. I'm buying a samsung computer instead. Sorry to see an American company die so fast as this one. Get your stuff together Mike.</Msg><Username>uringuy</Username><Timestamp>1371253188549</Timestamp><DateTime>Fri, 2013-06-14 19:39:48 EDT</DateTime><ThumbUp>0</ThumbUp><ThumbDown>0</ThumbDown><Sentiment/></Message><Message type="ReplyMessage"><Id>1371253960613-6</Id><Topic><Title>Good riddance Icahn</Title><Username>motownmike</Username><Timestamp>1371236520457</Timestamp><DateTime>Fri, 2013-06-14 15:02:00 EDT</DateTime></Topic><Msg>excuse me xps</Msg><Username>uringuy</Username><Timestamp>1371253960613</Timestamp><DateTime>Fri, 2013-06-14 19:52:40 EDT</DateTime><ThumbUp>0</ThumbUp><ThumbDown>0</ThumbDown><Sentiment/></Message><Message type="ReplyMessage"><Id>1371254106751-7</Id><Topic><Title>Good riddance Icahn</Title><Username>motownmike</Username><Timestamp>1371236520457</Timestamp><DateTime>Fri, 2013-06-14 15:02:00 EDT</DateTime></Topic><Msg>I will say this.. I tried to buy a Microsoft surface after and they told me it cant handle microsoft word or excel...can you believe that?</Msg><Username>uringuy</Username><Timestamp>1371254106751</Timestamp><DateTime>Fri, 2013-06-14 19:55:06 EDT</DateTime><ThumbUp>0</ThumbUp><ThumbDown>0</ThumbDown><Sentiment/></Message><Message type="ReplyMessage"><Id>1371254245135-8</Id><Topic><Title>Good riddance Icahn</Title><Username>motownmike</Username><Timestamp>1371236520457</Timestamp><DateTime>Fri, 2013-06-14 15:02:00 EDT</DateTime></Topic><Msg>Why would a company create a computer that cannot handle it's own software? Can anyone explain this?</Msg><Username>uringuy</Username><Timestamp>1371254245135</Timestamp><DateTime>Fri, 2013-06-14 19:57:25 EDT</DateTime><ThumbUp>0</ThumbUp><ThumbDown>0</ThumbDown><Sentiment/></Message><Message type="ReplyMessage"><Id>1371262697696-9</Id><Topic><Title>Good riddance Icahn</Title><Username>motownmike</Username><Timestamp>1371236520457</Timestamp><DateTime>Fri, 2013-06-14 15:02:00 EDT</DateTime></Topic><Msg>I voted pro .25 cents profit +8 cents dividend it's not a fortune but it's a sure profit.it could be better but worse could be.</Msg><Username>alba95</Username><Timestamp>1371262697696</Timestamp><DateTime>Fri, 2013-06-14 22:18:17 EDT</DateTime><ThumbUp>1</ThumbUp><ThumbDown>0</ThumbDown><Sentiment/></Message></Date>