<?xml version="1.0" encoding="UTF-8" standalone="no"?><Date date="2013-01-06"><Message type="TopicMessage"><Id>1357492311894-1</Id><Title>What is the hottest book in America $$$$ECRET$$$$????????????</Title><Msg>Johnny Dirtbag "Movie Star"-----the sensational new novel from Hunter S. Anton-------</Msg><Username>disgracedpublicist757</Username><Timestamp>1357492311894</Timestamp><DateTime>Sun, 2013-01-06 12:11:51 EST</DateTime><ThumbUp>0</ThumbUp><ThumbDown>1</ThumbDown><Sentiment>Hold</Sentiment></Message></Date>